id,university_program_id,admission_method_code,effective_year,quota,source
5606c85f-d6da-52d3-8dd3-7eaccc6af81a,5d7e674e-108b-5c00-8544-e0f2486f2576,DGNL_HN,2026,5,tuyensinh247
7704fb03-20de-5ad9-8e01-992840eea364,5d7e674e-108b-5c00-8544-e0f2486f2576,DGTD,2026,95,tuyensinh247
ae14f603-8372-567e-adf9-17f374fdc9ca,5d7e674e-108b-5c00-8544-e0f2486f2576,HBA,2026,5,tuyensinh247
b1252561-8f64-54ee-aa67-ca35daf4ed75,c4de9de9-0422-51ac-b4a3-34da7c363ee8,DGNL_HN,2026,11,tuyensinh247
eef0e038-eb1d-5123-a6ff-f0f5d62d8387,c4de9de9-0422-51ac-b4a3-34da7c363ee8,DGTD,2026,214,tuyensinh247
9d6fa997-8bf7-5deb-a34c-ea30575d57ed,c4de9de9-0422-51ac-b4a3-34da7c363ee8,HBA,2026,11,tuyensinh247
16a106bb-9ec1-5205-a884-a10dfd49fb25,601c59eb-f8f6-5a91-82dc-cd8ef716da06,DGNL_HN,2026,1,tuyensinh247
d0a69d5a-a63d-5909-92b3-630882e9b425,601c59eb-f8f6-5a91-82dc-cd8ef716da06,DGTD,2026,24,tuyensinh247
09ff406b-c573-5f7d-a99e-b2e71e2b81ae,601c59eb-f8f6-5a91-82dc-cd8ef716da06,HBA,2026,1,tuyensinh247
fcdaecd5-254c-5dd4-903a-18852ce6c427,77a27e8f-45e8-5b5f-877d-523baf507871,DGNL_HN,2026,3,tuyensinh247
2636163a-2891-5fbc-a873-e20822065eff,77a27e8f-45e8-5b5f-877d-523baf507871,DGTD,2026,66,tuyensinh247
4782713a-2903-5aea-95ec-741e0e5449c7,77a27e8f-45e8-5b5f-877d-523baf507871,HBA,2026,3,tuyensinh247
91277142-c5c1-5400-a3d0-3995fb470bba,bd5945c9-74af-5ff3-9d79-defd673415d2,DGNL_HN,2026,3,tuyensinh247
7b9d20bf-bae6-5910-8750-61432852c6aa,bd5945c9-74af-5ff3-9d79-defd673415d2,DGTD,2026,66,tuyensinh247
5bc6b101-74ae-5f8f-867d-112eda296a5c,bd5945c9-74af-5ff3-9d79-defd673415d2,HBA,2026,3,tuyensinh247
2f229c5c-6eeb-5453-9af2-7c974f637445,33bfb6e7-a52e-53c0-8b13-205db03fb959,DGNL_HN,2026,1,tuyensinh247
3eb3b9de-8682-552a-a176-a737bed0953e,33bfb6e7-a52e-53c0-8b13-205db03fb959,DGTD,2026,5,tuyensinh247
ac308244-10cf-5bb3-b94d-4c82605813ae,33bfb6e7-a52e-53c0-8b13-205db03fb959,HBA,2026,1,tuyensinh247
c4b33820-ddb7-59c9-8a58-24f1027e964e,1540952d-cbbc-5d8d-bea3-9331fa3c2c75,DGNL_HN,2026,1,tuyensinh247
3a6c1de5-a828-5572-a667-c15c194b854a,1540952d-cbbc-5d8d-bea3-9331fa3c2c75,DGTD,2026,5,tuyensinh247
7ff53488-6253-5b9e-a7e7-bb37d45b6ccc,1540952d-cbbc-5d8d-bea3-9331fa3c2c75,HBA,2026,1,tuyensinh247
1ae0f21f-006f-5c4f-beae-4ecd2d46fec6,66852d40-0a71-5638-bb93-c70d36d85591,DGNL_HN,2026,50,tuyensinh247
d595c696-a66a-5b22-afee-16b7e28b3574,66852d40-0a71-5638-bb93-c70d36d85591,THPT,2026,50,tuyensinh247
ca46bfb6-f211-5337-abad-4d93ece37566,bd54c85a-79d3-503c-a17a-484ac9f81d81,DGNL_HN,2026,50,tuyensinh247
ccfe803f-cc81-5c87-bab8-f3da1e5649e4,bd54c85a-79d3-503c-a17a-484ac9f81d81,THPT,2026,50,tuyensinh247
f6093172-2472-5d6d-acc6-baad324b0ebf,96c3d097-7e14-557f-b4c8-ee15ff57a63f,DGNL_HN,2026,60,tuyensinh247
99ad97a4-0530-5cfd-a0c3-31d342946241,96c3d097-7e14-557f-b4c8-ee15ff57a63f,DGTD,2026,60,tuyensinh247
b95163a9-8e74-5e05-b920-045b655fa2e5,96c3d097-7e14-557f-b4c8-ee15ff57a63f,HBA,2026,60,tuyensinh247
8fe3ce73-cb02-5b07-b987-d32472efbc87,96c3d097-7e14-557f-b4c8-ee15ff57a63f,THPT,2026,60,tuyensinh247
b764adb2-3e58-58a1-b5ee-5d96e56d6b3c,c662002c-0685-558e-8d21-d39354a511cd,DGNL_HN,2026,60,tuyensinh247
be8127ee-dbe3-5803-b363-10b65c42d5f3,c662002c-0685-558e-8d21-d39354a511cd,DGTD,2026,60,tuyensinh247
4400746d-fc66-5a79-b46c-afd5a7f51533,c662002c-0685-558e-8d21-d39354a511cd,HBA,2026,60,tuyensinh247
0f1cf5c9-843b-5689-b707-8c9b42edc60b,c662002c-0685-558e-8d21-d39354a511cd,THPT,2026,60,tuyensinh247
8c6b234b-7f56-5107-85b4-f4989fc9bde5,df290692-8b06-5125-b8f5-96c7a2fba6ab,DGNL_HN,2026,160,tuyensinh247
12518106-66d9-5ae0-bdfa-c75dcc307857,df290692-8b06-5125-b8f5-96c7a2fba6ab,DGTD,2026,160,tuyensinh247
b0b33a2c-1355-5bc2-ba22-0b596746f320,df290692-8b06-5125-b8f5-96c7a2fba6ab,HBA,2026,160,tuyensinh247
eaf1af46-96be-5af5-8e6e-93547339f9ee,df290692-8b06-5125-b8f5-96c7a2fba6ab,THPT,2026,160,tuyensinh247
66062d05-da47-55f0-953a-fcbf537d17fc,0a9b0a80-ea8c-58bb-8871-c9b82309b3c8,DGNL_HN,2026,360,tuyensinh247
16debb01-58e4-5ab0-b16e-42caa727b5cd,0a9b0a80-ea8c-58bb-8871-c9b82309b3c8,DGTD,2026,360,tuyensinh247
5a610696-339b-56a1-a3eb-3479e23643dd,0a9b0a80-ea8c-58bb-8871-c9b82309b3c8,HBA,2026,360,tuyensinh247
e996da08-d2ef-5694-b89e-acd373e14d5f,0a9b0a80-ea8c-58bb-8871-c9b82309b3c8,THPT,2026,360,tuyensinh247
b2ffb243-7228-54ff-9398-e55413192bef,659f873a-d3a5-5b47-8468-6c09168f56a0,DGNL_HN,2026,100,tuyensinh247
30bfd9aa-7585-58d9-ab30-967e675ef276,659f873a-d3a5-5b47-8468-6c09168f56a0,DGTD,2026,100,tuyensinh247
2d023746-cf33-5cb7-8485-5eea86051b3b,659f873a-d3a5-5b47-8468-6c09168f56a0,HBA,2026,100,tuyensinh247
bd3d235f-ad0d-507d-bd7f-2a6a40b54544,659f873a-d3a5-5b47-8468-6c09168f56a0,THPT,2026,100,tuyensinh247
72336ebd-9523-5d50-8b4d-2913948bd822,a00687fa-dfbc-516a-bfa9-47f1b6a14e2e,DGNL_HN,2026,40,tuyensinh247
b1531f7a-dfeb-5b6e-90ff-d8c129b99760,a00687fa-dfbc-516a-bfa9-47f1b6a14e2e,DGTD,2026,40,tuyensinh247
f0730950-d29e-5a49-9bda-80767761aeb9,a00687fa-dfbc-516a-bfa9-47f1b6a14e2e,HBA,2026,40,tuyensinh247
c7585398-337c-528c-9ad0-57be3f3126af,a00687fa-dfbc-516a-bfa9-47f1b6a14e2e,THPT,2026,40,tuyensinh247
a6633e3a-acb4-5202-8429-101ecefce136,3242531a-ec0f-5de6-940c-3f801877dd9e,DGNL_HN,2026,680,tuyensinh247
7ccedb6e-a42e-58da-8a04-8625d19a77d7,3242531a-ec0f-5de6-940c-3f801877dd9e,DGTD,2026,680,tuyensinh247
d39bacf8-45f2-567a-bfd1-07cde6ced1b1,3242531a-ec0f-5de6-940c-3f801877dd9e,HBA,2026,680,tuyensinh247
f7f63867-6ea2-5f2c-a588-1a077cacff11,3242531a-ec0f-5de6-940c-3f801877dd9e,THPT,2026,680,tuyensinh247
f59b1761-3457-511a-a969-e9cdf73f9b63,c3c3e4a3-fa08-5881-b290-33ed42a1b4dc,DGNL_HN,2026,160,tuyensinh247
0e516370-46b5-5ff2-8db9-2c9c1157995a,c3c3e4a3-fa08-5881-b290-33ed42a1b4dc,DGTD,2026,160,tuyensinh247
f232947a-fa3f-5797-a6bc-ab2803e151ce,c3c3e4a3-fa08-5881-b290-33ed42a1b4dc,HBA,2026,160,tuyensinh247
774c319b-eb7c-52f4-a0c7-cf718fe54c64,c3c3e4a3-fa08-5881-b290-33ed42a1b4dc,THPT,2026,160,tuyensinh247
17880805-d3fe-5e67-8023-0116cb42e6c8,86c69125-926a-5a4c-b7f8-643c1d9e3be3,DGNL_HN,2026,120,tuyensinh247
69bb121c-e3f7-5e00-8b2b-7341a70e7763,86c69125-926a-5a4c-b7f8-643c1d9e3be3,DGTD,2026,120,tuyensinh247
299eedfa-179e-5e24-aaca-a6a4465a09e8,86c69125-926a-5a4c-b7f8-643c1d9e3be3,HBA,2026,120,tuyensinh247
803c1424-7de6-5f74-8557-4a35e9e03f11,86c69125-926a-5a4c-b7f8-643c1d9e3be3,THPT,2026,120,tuyensinh247
ac4906bf-c94e-5ff8-adb2-e9a80e96e32b,2c2d1f8a-77cc-51f9-bc8f-be2accc5a169,DGNL_HN,2026,60,tuyensinh247
90f639db-21c6-510c-868b-d5799a592cae,2c2d1f8a-77cc-51f9-bc8f-be2accc5a169,DGTD,2026,60,tuyensinh247
277e8f24-0c45-53ed-ac28-c46cac833b9d,2c2d1f8a-77cc-51f9-bc8f-be2accc5a169,HBA,2026,60,tuyensinh247
e6603586-8758-5f80-8295-787697515a88,2c2d1f8a-77cc-51f9-bc8f-be2accc5a169,THPT,2026,60,tuyensinh247
9703eda9-b3b7-5202-ba31-719da70c8c96,2ed0c21c-f437-5529-90ef-fd29ba7b8c4a,DGNL_HN,2026,40,tuyensinh247
27b71b7a-9a7e-5869-911d-7bd8179a0d2d,2ed0c21c-f437-5529-90ef-fd29ba7b8c4a,DGTD,2026,40,tuyensinh247
1e662ca7-a504-5499-b96e-f1a5e59ada7b,2ed0c21c-f437-5529-90ef-fd29ba7b8c4a,HBA,2026,40,tuyensinh247
09f4bc38-562a-569c-bea9-2b18bfe950a8,2ed0c21c-f437-5529-90ef-fd29ba7b8c4a,THPT,2026,40,tuyensinh247
2f230eab-9fe4-56d2-8b21-6330d28c5083,b077c2b6-8be9-5b7e-a026-4c055e6abc9c,DGNL_HN,2026,60,tuyensinh247
b93ab071-4304-57da-aa59-38c19612bfce,b077c2b6-8be9-5b7e-a026-4c055e6abc9c,DGTD,2026,60,tuyensinh247
7d9e7817-5ca7-592a-b79a-aca4996bdb2d,b077c2b6-8be9-5b7e-a026-4c055e6abc9c,HBA,2026,60,tuyensinh247
553c9631-dd76-5e9c-92f7-cb4c38108ccb,b077c2b6-8be9-5b7e-a026-4c055e6abc9c,THPT,2026,60,tuyensinh247
16cfa7e4-78d4-5037-80b1-e03ef5eb3628,4f27a172-e609-5803-803d-4c0dcfd2adf8,DGNL_HN,2026,140,tuyensinh247
1dfdda60-a57f-57f3-b3dc-802d3eb75d51,4f27a172-e609-5803-803d-4c0dcfd2adf8,DGTD,2026,140,tuyensinh247
af7b3b88-dc42-55be-a45d-fe5334c97976,4f27a172-e609-5803-803d-4c0dcfd2adf8,HBA,2026,140,tuyensinh247
403771ba-11fb-5063-b755-17ba57b45652,4f27a172-e609-5803-803d-4c0dcfd2adf8,THPT,2026,140,tuyensinh247
8dccbdc3-c12e-58c7-8d49-6507ba518075,eac617d3-cd33-5ead-b611-1d0b0417c54e,DGNL_HN,2026,40,tuyensinh247
af20efd3-91fe-528f-b1da-661e54022550,eac617d3-cd33-5ead-b611-1d0b0417c54e,DGTD,2026,40,tuyensinh247
e2647398-48ff-5001-8043-78ba54458c60,eac617d3-cd33-5ead-b611-1d0b0417c54e,HBA,2026,40,tuyensinh247
cd86460c-c4c5-5496-9d88-25457cfecd1b,eac617d3-cd33-5ead-b611-1d0b0417c54e,THPT,2026,40,tuyensinh247
4ccf3b86-0d13-5ed3-97fe-c25e45fc0af0,8cca808e-8b2d-5b17-a358-3f02f0cb9cd4,DGNL_HN,2026,240,tuyensinh247
70819505-a200-549a-a50e-b82937401cdb,8cca808e-8b2d-5b17-a358-3f02f0cb9cd4,DGTD,2026,240,tuyensinh247
7ab4142b-4f06-523b-8252-766b88985b49,8cca808e-8b2d-5b17-a358-3f02f0cb9cd4,HBA,2026,240,tuyensinh247
73053983-6339-556d-a894-886372b91fb3,8cca808e-8b2d-5b17-a358-3f02f0cb9cd4,THPT,2026,240,tuyensinh247
c11acb61-6cc5-5cfc-b0c1-70b44c3b766f,f4ac0426-4dec-5365-aaea-3860e0f4c987,DGNL_HN,2026,500,tuyensinh247
87cfda28-7609-5e52-b9d6-bfa76113b615,f4ac0426-4dec-5365-aaea-3860e0f4c987,DGTD,2026,500,tuyensinh247
d6328cff-3791-519f-bb15-74bf3dcba98f,f4ac0426-4dec-5365-aaea-3860e0f4c987,HBA,2026,500,tuyensinh247
cc38370e-2104-564e-a3f3-f55ccff50148,f4ac0426-4dec-5365-aaea-3860e0f4c987,THPT,2026,500,tuyensinh247
f157cc48-31c9-5448-bc44-018aa750e8f2,55bd8c3d-a7ac-54e6-9744-24263e87e0b2,DGNL_HN,2026,140,tuyensinh247
45df12c4-adb3-5bb8-98cc-f7c1960559a0,55bd8c3d-a7ac-54e6-9744-24263e87e0b2,DGTD,2026,140,tuyensinh247
dc04da50-47db-5699-8e36-30ccd3c685f9,55bd8c3d-a7ac-54e6-9744-24263e87e0b2,HBA,2026,140,tuyensinh247
65c2e29a-6032-570d-b9e4-6e73bceddef1,55bd8c3d-a7ac-54e6-9744-24263e87e0b2,THPT,2026,140,tuyensinh247
ee56cd01-5db8-59d7-b4a8-9818057ba31b,b15a4b01-6577-5105-a08e-e01e4444ba37,DGNL_HN,2026,140,tuyensinh247
a7d23f94-dead-5405-babe-f138b53066b7,b15a4b01-6577-5105-a08e-e01e4444ba37,DGTD,2026,140,tuyensinh247
1bc8e8ce-0ef2-5f2b-8449-fd5c57c0b8c7,b15a4b01-6577-5105-a08e-e01e4444ba37,HBA,2026,140,tuyensinh247
c5775047-6428-54ec-94fd-09e6d7ce3367,b15a4b01-6577-5105-a08e-e01e4444ba37,THPT,2026,140,tuyensinh247
487834bb-98ff-528a-a28b-4c9908ce275c,2abec823-fd20-5513-9e5f-fff36c513cd1,DGNL_HN,2026,80,tuyensinh247
25a2d583-d469-587f-a122-b4636d995cd0,2abec823-fd20-5513-9e5f-fff36c513cd1,DGTD,2026,80,tuyensinh247
91568b60-6a49-5cd8-bfa8-1f1891893903,2abec823-fd20-5513-9e5f-fff36c513cd1,HBA,2026,80,tuyensinh247
caa13d60-b7a5-5140-a476-9939445bc1e7,2abec823-fd20-5513-9e5f-fff36c513cd1,THPT,2026,80,tuyensinh247
ada9a491-cba8-59fc-9411-20964108f346,dd18edfd-b78c-5d43-9d32-0c161d04b36d,DGNL_HN,2026,80,tuyensinh247
df0e26a9-0545-53d3-9ed4-ea250d727e5a,dd18edfd-b78c-5d43-9d32-0c161d04b36d,DGTD,2026,80,tuyensinh247
72b95df9-e062-5f4e-9217-29f770c46c44,dd18edfd-b78c-5d43-9d32-0c161d04b36d,HBA,2026,80,tuyensinh247
ff70d4ec-dd13-5eab-8992-7dee521b7862,dd18edfd-b78c-5d43-9d32-0c161d04b36d,THPT,2026,80,tuyensinh247
8b6d7d0e-1c05-55d1-a035-13cf6afe5fad,14f40c67-150b-5621-ab96-4b8f3f8f3d0e,DGNL_HN,2026,100,tuyensinh247
7d41da0f-a4f8-5018-a0f6-82ae4fce14b8,14f40c67-150b-5621-ab96-4b8f3f8f3d0e,DGTD,2026,100,tuyensinh247
856ac906-7060-583f-b8ac-9ce669c1f23d,14f40c67-150b-5621-ab96-4b8f3f8f3d0e,HBA,2026,100,tuyensinh247
88863dad-cb1e-5700-aef6-46a5be4801b2,14f40c67-150b-5621-ab96-4b8f3f8f3d0e,THPT,2026,100,tuyensinh247
b1496ccf-229a-5837-97c7-6352b8168918,80cd47b7-cea3-5814-aabb-6776a8b76b15,DGNL_HN,2026,120,tuyensinh247
d11ccdae-31f6-5adb-b514-f5f77898bec0,80cd47b7-cea3-5814-aabb-6776a8b76b15,DGTD,2026,120,tuyensinh247
6a51720f-e71c-5385-ab22-e3f7fd8e876a,80cd47b7-cea3-5814-aabb-6776a8b76b15,HBA,2026,120,tuyensinh247
fbf4c6fb-ec83-5af7-889c-b27bec70eb67,80cd47b7-cea3-5814-aabb-6776a8b76b15,THPT,2026,120,tuyensinh247
1441bb5c-5eef-56be-987a-1aaf38250499,dec2e16a-7a7f-5f69-b837-e604c604091e,DGNL_HN,2026,100,tuyensinh247
ab9c6fa9-9ae3-5f07-8d4d-48c34d2da82b,dec2e16a-7a7f-5f69-b837-e604c604091e,DGTD,2026,100,tuyensinh247
61f589cb-1024-596b-9af0-095d7acbac9c,dec2e16a-7a7f-5f69-b837-e604c604091e,HBA,2026,100,tuyensinh247
11beb1b0-0edd-52cf-a637-93ad61695533,dec2e16a-7a7f-5f69-b837-e604c604091e,THPT,2026,100,tuyensinh247
3cba3a52-cdaa-5be8-b3be-8c38cd7b51e6,63739aee-ed6c-50fe-844f-df91a0a05f1e,DGNL_HN,2026,60,tuyensinh247
09003039-75ce-5598-a9fc-e183295bf8b3,63739aee-ed6c-50fe-844f-df91a0a05f1e,DGTD,2026,60,tuyensinh247
03c76991-dd09-5ccc-9f19-0293b0cd4ade,63739aee-ed6c-50fe-844f-df91a0a05f1e,HBA,2026,60,tuyensinh247
3c94ab1c-96f6-5b5f-87bf-dacbd6a18d01,63739aee-ed6c-50fe-844f-df91a0a05f1e,THPT,2026,60,tuyensinh247
397676c6-d7c6-56f6-989a-c54325fafc5d,c6fd3f45-48b7-5428-9382-4d8da34d3311,DGNL_HN,2026,120,tuyensinh247
0cd733b0-0133-5e1b-9d76-4bd49bb6c22e,c6fd3f45-48b7-5428-9382-4d8da34d3311,DGTD,2026,120,tuyensinh247
12508aa1-a19e-564c-a4e3-1b60494375a9,c6fd3f45-48b7-5428-9382-4d8da34d3311,HBA,2026,120,tuyensinh247
5364eeec-9e69-5150-9844-b87733ebbed2,c6fd3f45-48b7-5428-9382-4d8da34d3311,THPT,2026,120,tuyensinh247
9840b3af-bddc-5129-a63b-cab00225483c,1122c5ae-124b-55e3-8044-3aab4f1cab29,DGNL_HN,2026,40,tuyensinh247
6f9b4ffe-a65c-51fc-a1f3-9741ec22922b,1122c5ae-124b-55e3-8044-3aab4f1cab29,DGTD,2026,40,tuyensinh247
48c5c7b2-04bb-5d4d-9137-fe5707eb8130,1122c5ae-124b-55e3-8044-3aab4f1cab29,HBA,2026,40,tuyensinh247
1c34f9ea-58c8-5608-adc6-c317b4d3b201,1122c5ae-124b-55e3-8044-3aab4f1cab29,THPT,2026,40,tuyensinh247
a1ff09fb-c877-5826-8bcb-2bf8cf4419c7,34c9c0b5-319a-5c6d-8343-7f072bea0c6f,DGNL_HN,2026,80,tuyensinh247
64e86cca-b28e-565e-a77d-53fdbe49ffbd,34c9c0b5-319a-5c6d-8343-7f072bea0c6f,DGTD,2026,80,tuyensinh247
23357c86-0d55-5d2a-bd37-ecec254cc0de,34c9c0b5-319a-5c6d-8343-7f072bea0c6f,HBA,2026,80,tuyensinh247
37e2cfc4-2c2d-5a16-bd3c-a505c6f14398,34c9c0b5-319a-5c6d-8343-7f072bea0c6f,THPT,2026,80,tuyensinh247
d40dd670-57a7-5a24-8a63-984abb46a030,9c3d32ba-5ef5-59e3-9abf-8209e44b06de,DGNL_HN,2026,40,tuyensinh247
3eb1d112-4411-50bf-80d6-c7a6e2a6ed70,9c3d32ba-5ef5-59e3-9abf-8209e44b06de,DGTD,2026,40,tuyensinh247
de4aa40f-73fc-5f1a-b138-2d5195433efd,9c3d32ba-5ef5-59e3-9abf-8209e44b06de,HBA,2026,40,tuyensinh247
d738a9d9-3a05-5bb3-bebf-75bd4de643e7,9c3d32ba-5ef5-59e3-9abf-8209e44b06de,THPT,2026,40,tuyensinh247
8b981e53-eb2b-52ba-a689-2311076b03ed,cc6b4ceb-9396-5344-88aa-45536abb8a92,DGNL_HN,2026,480,tuyensinh247
075f32d8-4832-5bc4-9e6d-06ad8eaae3dd,cc6b4ceb-9396-5344-88aa-45536abb8a92,DGTD,2026,480,tuyensinh247
757e2e1c-c67a-5f0d-8b08-5a73cf03e0e6,cc6b4ceb-9396-5344-88aa-45536abb8a92,HBA,2026,480,tuyensinh247
6a15a07d-be5b-5955-bc01-c7f17b1e9cd8,cc6b4ceb-9396-5344-88aa-45536abb8a92,THPT,2026,480,tuyensinh247
3deb8022-2ffd-5215-85f3-a6f2d4aac550,7d4ae544-b6ac-5774-be81-67385cadd8c6,DGNL_HN,2026,100,tuyensinh247
d81ae545-b2a1-5efa-905d-51ab6146a00f,7d4ae544-b6ac-5774-be81-67385cadd8c6,DGTD,2026,100,tuyensinh247
6c045de5-b1b0-5ef0-a727-8e84588a5e60,7d4ae544-b6ac-5774-be81-67385cadd8c6,HBA,2026,100,tuyensinh247
34f249aa-68c4-58dd-a1b8-63e703357625,7d4ae544-b6ac-5774-be81-67385cadd8c6,THPT,2026,100,tuyensinh247
638b6062-f307-5429-ace0-556da44f3fdb,3ee7e108-0f12-5526-aa0c-9d98e853443f,DGNL_HN,2026,160,tuyensinh247
a9273d9f-5ca4-56cf-a74e-de1b6dc22764,3ee7e108-0f12-5526-aa0c-9d98e853443f,DGTD,2026,160,tuyensinh247
a4384836-064b-5674-b05c-c1f607f04fab,3ee7e108-0f12-5526-aa0c-9d98e853443f,HBA,2026,160,tuyensinh247
e7bb1777-0766-57cc-97c3-19a7aa5624c5,3ee7e108-0f12-5526-aa0c-9d98e853443f,THPT,2026,160,tuyensinh247
fccbf77a-393e-5164-a926-751a56cef9d8,27f6d74e-bd56-5416-8621-33f18177ccf8,DGNL_HN,2026,120,tuyensinh247
edfdce9b-c2a5-514c-9142-e6db21631e1e,27f6d74e-bd56-5416-8621-33f18177ccf8,DGTD,2026,120,tuyensinh247
3c4b365b-0e50-5948-8899-3c8c0574110d,27f6d74e-bd56-5416-8621-33f18177ccf8,HBA,2026,120,tuyensinh247
08e9c35d-a4d5-550a-8b62-e2dd5822993c,27f6d74e-bd56-5416-8621-33f18177ccf8,THPT,2026,120,tuyensinh247
207318ae-e691-5b26-8dfe-5ec04f84637f,d55efb80-dbf7-503d-bcd5-b56a90376f72,DGNL_HN,2026,210,tuyensinh247
f1e127ce-57ab-59f6-ad31-e7791c34fb11,d55efb80-dbf7-503d-bcd5-b56a90376f72,DGTD,2026,210,tuyensinh247
3aff9459-1e78-57ae-ac14-d5a34d47ca87,d55efb80-dbf7-503d-bcd5-b56a90376f72,HBA,2026,210,tuyensinh247
bbc6c6b3-09fb-5e0b-a7eb-17e087abe03e,d55efb80-dbf7-503d-bcd5-b56a90376f72,THPT,2026,210,tuyensinh247
f5a27264-4804-5a9c-87cb-3d459868a277,18d42dcb-4ab0-5152-8df2-50681fe75c6c,DGNL_HN,2026,90,tuyensinh247
34ea43a3-ad59-5411-914b-a67d677da858,18d42dcb-4ab0-5152-8df2-50681fe75c6c,DGTD,2026,90,tuyensinh247
e5cb8c05-5a8d-5f7d-834d-6d00cd0cfadc,18d42dcb-4ab0-5152-8df2-50681fe75c6c,HBA,2026,90,tuyensinh247
a37c647a-fd2f-50b6-924c-c5b4878cedd7,18d42dcb-4ab0-5152-8df2-50681fe75c6c,THPT,2026,90,tuyensinh247
7ba6b653-3c8f-5226-bc32-2b758cb39611,b35ee16e-656e-5115-b39d-d43e8380a546,DGNL_HN,2026,80,tuyensinh247
9d32bb95-acf1-571e-b80d-fff89ed3b428,b35ee16e-656e-5115-b39d-d43e8380a546,DGTD,2026,80,tuyensinh247
f4cf1bd5-f479-5ce3-a519-1b61fdd03b8c,b35ee16e-656e-5115-b39d-d43e8380a546,HBA,2026,80,tuyensinh247
188b940c-7f83-57b0-9c5d-924db08239d7,b35ee16e-656e-5115-b39d-d43e8380a546,THPT,2026,80,tuyensinh247
875fd898-a3f1-5180-88b2-fbb907a6c865,e8ac8d46-7152-5b8b-990f-8c6633af66dd,DGNL_HN,2026,40,tuyensinh247
0d64ea8a-3ab1-5b35-9be3-2f50e4f55c97,e8ac8d46-7152-5b8b-990f-8c6633af66dd,DGTD,2026,40,tuyensinh247
f79d93a2-f709-545c-b562-b5df5b7c412e,e8ac8d46-7152-5b8b-990f-8c6633af66dd,HBA,2026,40,tuyensinh247
eef216b5-b14f-5114-9232-5b27531cf64a,e8ac8d46-7152-5b8b-990f-8c6633af66dd,THPT,2026,40,tuyensinh247
7d633bd6-2794-534e-9c1e-6717f6bab952,79baf835-2e47-5f05-b0f2-e8513962171d,DGNL_HN,2026,250,tuyensinh247
19bb346a-8951-57d8-bcd5-e064da0a23f8,79baf835-2e47-5f05-b0f2-e8513962171d,DGTD,2026,250,tuyensinh247
c0303e26-0684-58a3-8a1e-d9f810614bdd,79baf835-2e47-5f05-b0f2-e8513962171d,HBA,2026,250,tuyensinh247
0e55bacc-1a1c-58ce-8841-a22d26442505,79baf835-2e47-5f05-b0f2-e8513962171d,THPT,2026,250,tuyensinh247
0df47392-1288-5916-8b62-b95430f53a8e,873473f9-de51-5357-9b31-6209df1671ff,DGNL_HN,2026,160,tuyensinh247
87ca2d62-81fe-5832-a633-8ea5f71de829,873473f9-de51-5357-9b31-6209df1671ff,DGTD,2026,160,tuyensinh247
7249f9df-2039-511f-a30b-a24794baec43,873473f9-de51-5357-9b31-6209df1671ff,HBA,2026,160,tuyensinh247
e1483abd-c9ba-5bfc-8eaa-2690eb7316d5,873473f9-de51-5357-9b31-6209df1671ff,THPT,2026,160,tuyensinh247
f090d370-27dd-5848-b3e9-123466187789,39be5a18-2e0e-58c8-9c62-214c9af71462,DGNL_HN,2026,40,tuyensinh247
c44a7ca7-11af-5a09-ae49-138db9a2668e,39be5a18-2e0e-58c8-9c62-214c9af71462,DGTD,2026,40,tuyensinh247
dd76bec7-ecc9-5d93-aed3-2607338e4920,39be5a18-2e0e-58c8-9c62-214c9af71462,HBA,2026,40,tuyensinh247
be46598c-2491-5289-b5a6-6c3b321c0573,39be5a18-2e0e-58c8-9c62-214c9af71462,THPT,2026,40,tuyensinh247
df6c05e6-8cc0-5116-b6d6-dafad744e96c,e2f39d4f-face-50d6-8da8-65a078f357b2,DGNL_HN,2026,160,tuyensinh247
3c7a9c22-583f-5380-8ecf-45bd2be6323b,e2f39d4f-face-50d6-8da8-65a078f357b2,DGTD,2026,160,tuyensinh247
5a12810f-fdc5-5866-b1e7-15a3d9cd5b8f,e2f39d4f-face-50d6-8da8-65a078f357b2,HBA,2026,160,tuyensinh247
63ef575b-bfb4-5085-a210-1a582c0cc9a5,e2f39d4f-face-50d6-8da8-65a078f357b2,THPT,2026,160,tuyensinh247
1b2b6e82-4797-5ae3-98a8-3a3ca06bb0ce,69688848-6850-591d-88cd-9d8fd09de60c,DGNL_HN,2026,160,tuyensinh247
3bfdf93e-4314-54fe-a176-daf84110d4e6,69688848-6850-591d-88cd-9d8fd09de60c,DGTD,2026,160,tuyensinh247
ac557891-9618-5aec-bec1-1de0a0ed6872,69688848-6850-591d-88cd-9d8fd09de60c,HBA,2026,160,tuyensinh247
8f6b6790-6b29-5428-9333-eb7ff9556e99,69688848-6850-591d-88cd-9d8fd09de60c,THPT,2026,160,tuyensinh247
b84e3c81-7202-5035-9537-3a719a6ac1ab,202dfc34-5a2c-5b5c-8181-3744b943641d,DGNL_HN,2026,40,tuyensinh247
beb566f5-1e2b-5357-b035-8f6ee8d2cf8a,202dfc34-5a2c-5b5c-8181-3744b943641d,DGTD,2026,40,tuyensinh247
056cc741-0fc5-55dd-be7d-c7dcc991c547,202dfc34-5a2c-5b5c-8181-3744b943641d,HBA,2026,40,tuyensinh247
2fcf6c89-9e1f-50c7-a4d4-fe7460b3b136,202dfc34-5a2c-5b5c-8181-3744b943641d,THPT,2026,40,tuyensinh247
90362d36-96f8-5a5e-ac0d-6d6763ac10a2,951ec60c-e9de-5777-a102-db51088af9a6,DGNL_HN,2026,300,tuyensinh247
b3cad795-2dcc-5536-b8a5-c93869cdf329,951ec60c-e9de-5777-a102-db51088af9a6,DGTD,2026,300,tuyensinh247
756e12d6-0732-50b3-a1b4-73dbe28c43d0,951ec60c-e9de-5777-a102-db51088af9a6,HBA,2026,300,tuyensinh247
202c8d34-dc44-5c8d-981a-b1ab8a750425,951ec60c-e9de-5777-a102-db51088af9a6,THPT,2026,300,tuyensinh247
804cb363-59a9-5282-b936-f346ee670c07,08dd2f4c-e1c5-5bf8-b81d-c0b770a60a83,DGNL_HN,2026,200,tuyensinh247
4550d0f8-2131-59a7-955c-a4b531be1706,08dd2f4c-e1c5-5bf8-b81d-c0b770a60a83,DGTD,2026,200,tuyensinh247
cd3c5b5a-e0f2-5117-823e-8ee1b77db6cc,08dd2f4c-e1c5-5bf8-b81d-c0b770a60a83,HBA,2026,200,tuyensinh247
7ba34214-b19e-5902-9976-ff0b357e506b,08dd2f4c-e1c5-5bf8-b81d-c0b770a60a83,THPT,2026,200,tuyensinh247
30dd759d-1dc3-5d5e-8a7b-91a14bc34f23,39a2b6d3-4529-5afb-86a2-66ab0b695e63,DGNL_HN,2026,180,tuyensinh247
c8ffddf7-8972-5134-8ad4-8cae37a0484c,39a2b6d3-4529-5afb-86a2-66ab0b695e63,DGTD,2026,180,tuyensinh247
f8271cb6-c079-593b-91bd-1c5ffef249d0,39a2b6d3-4529-5afb-86a2-66ab0b695e63,HBA,2026,180,tuyensinh247
9dee99e8-67e2-5b12-8e22-e3f6a9b00633,39a2b6d3-4529-5afb-86a2-66ab0b695e63,THPT,2026,180,tuyensinh247
1e484d77-150b-502f-a0b4-74efee14e917,f69d8c21-8919-501b-ab1b-10abccb33adb,DGNL_HN,2026,40,tuyensinh247
0199f3e6-3ecd-50f4-aa09-4e4c7fa993d5,f69d8c21-8919-501b-ab1b-10abccb33adb,DGTD,2026,40,tuyensinh247
c5ef5c66-72eb-5c6c-98db-6e648eb41f14,f69d8c21-8919-501b-ab1b-10abccb33adb,HBA,2026,40,tuyensinh247
25b511c1-edf3-52d9-a9eb-533f03a2f9fc,f69d8c21-8919-501b-ab1b-10abccb33adb,THPT,2026,40,tuyensinh247
2436401b-c5bd-5fef-80dc-d61a8eaf37ac,1301195c-d702-5223-9abf-5aeb4abdac5e,DGNL_HN,2026,50,tuyensinh247
6ff3abe3-ec03-5d9a-9d02-3b0a53237113,1301195c-d702-5223-9abf-5aeb4abdac5e,DGTD,2026,50,tuyensinh247
defac4ce-965e-556c-8cc1-cd296cc9a8fb,1301195c-d702-5223-9abf-5aeb4abdac5e,HBA,2026,50,tuyensinh247
f37d7415-08a6-50bd-9855-3978c0ba6bf8,1301195c-d702-5223-9abf-5aeb4abdac5e,THPT,2026,50,tuyensinh247
da7d0e22-786e-5ee3-ade7-0f2b37b30aec,d846f8fd-17e0-5575-902e-f473fdefb9b7,DGNL_HN,2026,100,tuyensinh247
073f4268-43eb-5989-bde1-a0d518f195c0,d846f8fd-17e0-5575-902e-f473fdefb9b7,DGTD,2026,100,tuyensinh247
63b53ff2-0847-5b02-a295-109fc52cb6e7,d846f8fd-17e0-5575-902e-f473fdefb9b7,HBA,2026,100,tuyensinh247
0f82fd10-574c-55bb-8a06-eebc46642522,d846f8fd-17e0-5575-902e-f473fdefb9b7,THPT,2026,100,tuyensinh247
0a127105-2a23-588e-91fa-e4520e89fb8e,30ae3985-f5bf-5bb8-88f5-8839359338b4,DGNL_HN,2026,300,tuyensinh247
917a7230-be87-58fb-87cb-76f8529bfebf,30ae3985-f5bf-5bb8-88f5-8839359338b4,DGTD,2026,300,tuyensinh247
e8a24a3e-8b43-5c0d-8b73-b58173c4edbe,30ae3985-f5bf-5bb8-88f5-8839359338b4,HBA,2026,300,tuyensinh247
a67605f1-e5c8-5a3d-825a-aef06cadba3e,30ae3985-f5bf-5bb8-88f5-8839359338b4,THPT,2026,300,tuyensinh247
216b4129-65df-5572-8a9d-d3db65ecb233,d87ac3c3-196b-59d8-bb43-b9702e92150f,DGNL_HN,2026,560,tuyensinh247
153a6fc1-7190-5d89-8717-aef3e638face,d87ac3c3-196b-59d8-bb43-b9702e92150f,DGTD,2026,560,tuyensinh247
7c88fd9c-5e97-56cb-bb85-ea9a81a30a7f,d87ac3c3-196b-59d8-bb43-b9702e92150f,HBA,2026,560,tuyensinh247
3f82cc07-6155-52ff-b40a-8ce3c5a0283a,d87ac3c3-196b-59d8-bb43-b9702e92150f,THPT,2026,560,tuyensinh247
0d6a7ef3-ff00-59db-993d-1cb203f0183d,44810dd2-fbce-5fe5-9689-7f67940bb0d2,DGNL_HN,2026,40,tuyensinh247
df151963-cbd3-5c6a-8069-299c6a410038,44810dd2-fbce-5fe5-9689-7f67940bb0d2,DGTD,2026,40,tuyensinh247
62849e04-1097-5122-906d-461235974975,44810dd2-fbce-5fe5-9689-7f67940bb0d2,HBA,2026,40,tuyensinh247
a6aaf809-90a2-5053-84c3-2b7268efbc05,44810dd2-fbce-5fe5-9689-7f67940bb0d2,THPT,2026,40,tuyensinh247
27e19acc-05ac-5aa4-b738-206f3aa52802,64c10856-1ba3-524c-b626-80cbe8e45b42,DGNL_HN,2026,160,tuyensinh247
80fc1ebe-9a40-523c-be3b-355179137de8,64c10856-1ba3-524c-b626-80cbe8e45b42,DGTD,2026,160,tuyensinh247
954bab71-9d09-5c39-b6d7-60d1eb78cf56,64c10856-1ba3-524c-b626-80cbe8e45b42,HBA,2026,160,tuyensinh247
964c3da9-9172-5789-b8b0-282621da8319,64c10856-1ba3-524c-b626-80cbe8e45b42,THPT,2026,160,tuyensinh247
f1a0bb85-41e0-5130-bfbf-5f50f11a6f8f,7476a86b-0441-5f20-bcac-f9517aff5bb7,DGNL_HN,2026,80,tuyensinh247
cfda8467-8f07-57a3-8c47-c73a544110e5,7476a86b-0441-5f20-bcac-f9517aff5bb7,DGTD,2026,80,tuyensinh247
7ffe3003-9798-5cf5-8060-cc0fcc48f095,7476a86b-0441-5f20-bcac-f9517aff5bb7,HBA,2026,80,tuyensinh247
c22449e9-ba09-51a3-964a-3fee1bfede2c,7476a86b-0441-5f20-bcac-f9517aff5bb7,THPT,2026,80,tuyensinh247
dc6381ec-396b-5c5b-a7c1-f81d12eabe20,39369f61-9978-5fcd-8af6-42dafe41457c,DGNL_HN,2026,60,tuyensinh247
03938412-5410-503a-82c3-97718363f0ca,39369f61-9978-5fcd-8af6-42dafe41457c,DGTD,2026,60,tuyensinh247
e18a2082-1def-5e31-bcc1-3c3882ba078c,39369f61-9978-5fcd-8af6-42dafe41457c,HBA,2026,60,tuyensinh247
828cc066-319c-584c-a40d-4f94dba02ae9,39369f61-9978-5fcd-8af6-42dafe41457c,THPT,2026,60,tuyensinh247
10dd9232-4757-5f48-81ca-ec6dc6d5fea6,cfa9b495-459d-554c-bd13-a000b155a470,DGNL_HN,2026,280,tuyensinh247
0d04ce57-6c49-59f4-99e8-9c2a94718591,cfa9b495-459d-554c-bd13-a000b155a470,DGTD,2026,280,tuyensinh247
da1ff499-2bfe-5529-8f83-bd6784933834,cfa9b495-459d-554c-bd13-a000b155a470,HBA,2026,280,tuyensinh247
07d5ca45-720d-57ad-a020-b11259b26937,cfa9b495-459d-554c-bd13-a000b155a470,THPT,2026,280,tuyensinh247
e833217d-501d-5570-b8c2-0ae1414b2c30,be63440a-484f-5e6e-8b80-0aa7178f273e,DGNL_HN,2026,180,tuyensinh247
ac5a1d07-b9d2-5014-a547-2c6831932e55,be63440a-484f-5e6e-8b80-0aa7178f273e,DGTD,2026,180,tuyensinh247
2491de22-a2b8-5954-a64b-9284230c2998,be63440a-484f-5e6e-8b80-0aa7178f273e,HBA,2026,180,tuyensinh247
ebb8e561-1092-5b7c-b3d7-05976f741ff7,be63440a-484f-5e6e-8b80-0aa7178f273e,THPT,2026,180,tuyensinh247
1675cf79-e4ea-5804-aebb-24cabd96c7c3,6e55a0f6-5547-5eeb-9917-5da277f5e082,DGNL_HN,2026,80,tuyensinh247
f508fd41-d956-5d97-b049-81b80be9f75f,6e55a0f6-5547-5eeb-9917-5da277f5e082,DGTD,2026,80,tuyensinh247
5948f0f4-2c02-5056-aae7-26af6f475695,6e55a0f6-5547-5eeb-9917-5da277f5e082,HBA,2026,80,tuyensinh247
b5a3030d-5c28-54a7-8b54-066217ab8d00,6e55a0f6-5547-5eeb-9917-5da277f5e082,THPT,2026,80,tuyensinh247
0ee56a91-2087-53a1-8ca9-8bc7581845f2,4ae06dd5-3be7-59ee-a0cb-8e791379668a,DGNL_HN,2026,60,tuyensinh247
f8dc1e7f-1c68-5981-93fb-ff5476673fb7,4ae06dd5-3be7-59ee-a0cb-8e791379668a,DGTD,2026,60,tuyensinh247
e3cbe431-a138-5506-9457-1dc17aa589ce,4ae06dd5-3be7-59ee-a0cb-8e791379668a,HBA,2026,60,tuyensinh247
5e95f43f-4e4e-55ee-a157-cef53cf83817,4ae06dd5-3be7-59ee-a0cb-8e791379668a,THPT,2026,60,tuyensinh247
8014ac7a-292b-53c1-a74d-0c10fc393791,5ba166f4-f3b7-5971-93b1-46821d73a9f4,DGNL_HN,2026,200,tuyensinh247
4c3dadb8-ce2c-5c0f-ad35-dcba105610e3,5ba166f4-f3b7-5971-93b1-46821d73a9f4,DGTD,2026,200,tuyensinh247
50f66ddd-6a51-5f08-84f2-c2efc7fe3aa3,5ba166f4-f3b7-5971-93b1-46821d73a9f4,HBA,2026,200,tuyensinh247
bcded78f-bbc1-5a38-9c0c-fbf95f38b0bc,5ba166f4-f3b7-5971-93b1-46821d73a9f4,THPT,2026,200,tuyensinh247
3eb37fa1-9cc1-5db5-b1e1-daaa58b6dc83,974caaf9-11d3-53ab-8a46-a9dd6e493d7a,DGNL_HN,2026,40,tuyensinh247
8c58fbb0-4cd5-5068-8faf-b7d8b47e51a2,974caaf9-11d3-53ab-8a46-a9dd6e493d7a,DGTD,2026,40,tuyensinh247
61e58443-94e2-552b-8220-9b609f077912,974caaf9-11d3-53ab-8a46-a9dd6e493d7a,HBA,2026,40,tuyensinh247
e697c238-9a96-57db-843f-6f8a30664ef0,974caaf9-11d3-53ab-8a46-a9dd6e493d7a,THPT,2026,40,tuyensinh247
ae0c24e9-4ff4-5f2f-96fc-e97644b306da,b46bd8b1-6331-50af-a12d-f98fcda30041,DGNL_HN,2026,60,tuyensinh247
b915c98e-9bae-576e-8e32-f3867054a291,b46bd8b1-6331-50af-a12d-f98fcda30041,DGTD,2026,60,tuyensinh247
a399a6aa-c267-5cd7-869b-9aa3abc1f4c1,b46bd8b1-6331-50af-a12d-f98fcda30041,HBA,2026,60,tuyensinh247
13a336a2-73c0-5ce9-a585-6d4d24b31078,b46bd8b1-6331-50af-a12d-f98fcda30041,THPT,2026,60,tuyensinh247
5a29de19-15ea-50cb-b9f0-bc590f6cd495,d013dae4-52d0-597e-8908-eb1b84149e6e,DGNL_HN,2026,100,tuyensinh247
14aac9b7-5677-5a2f-b79d-42214f6a380c,d013dae4-52d0-597e-8908-eb1b84149e6e,DGTD,2026,100,tuyensinh247
cb01518b-2adf-5e35-b7cc-d254a2aff33d,d013dae4-52d0-597e-8908-eb1b84149e6e,HBA,2026,100,tuyensinh247
35ac0f29-935c-52a0-a276-cfba011b6e62,d013dae4-52d0-597e-8908-eb1b84149e6e,THPT,2026,100,tuyensinh247
f4f09538-9822-5811-9bb7-37fa8e86d669,feca3bf3-0fa3-509b-8583-85077b300a08,DGNL_HN,2026,40,tuyensinh247
dafc2ac3-6af6-5acf-a535-acddbf11cc11,feca3bf3-0fa3-509b-8583-85077b300a08,DGTD,2026,40,tuyensinh247
3c9dfbe3-882a-51ed-88a4-9ee967d1c740,feca3bf3-0fa3-509b-8583-85077b300a08,HBA,2026,40,tuyensinh247
b8c627d9-8675-5662-b16e-037cb9ab5e35,feca3bf3-0fa3-509b-8583-85077b300a08,THPT,2026,40,tuyensinh247
4fc9dae3-f121-5f99-bd16-155cd62a315f,18b6eca0-3954-5a3d-a3b3-a81f3a0f48d3,DGNL_HN,2026,200,tuyensinh247
d7bc4fa8-4fc0-50ed-ad47-3f932164790d,18b6eca0-3954-5a3d-a3b3-a81f3a0f48d3,DGTD,2026,200,tuyensinh247
f6e16ba5-3a29-59d2-b5a5-07ca6ecc710c,18b6eca0-3954-5a3d-a3b3-a81f3a0f48d3,HBA,2026,200,tuyensinh247
66f24471-bb54-51e7-b42b-a80377713419,18b6eca0-3954-5a3d-a3b3-a81f3a0f48d3,THPT,2026,200,tuyensinh247
8c3ecc32-9e67-5419-9d6e-f6a53b186059,554e0a67-7ef0-5965-879e-0f3f23cbd997,DGNL_HN,2026,120,tuyensinh247
695bed80-befa-5bde-8529-193c94242bf6,554e0a67-7ef0-5965-879e-0f3f23cbd997,DGTD,2026,120,tuyensinh247
409aaf83-450a-5ca5-ad8c-15e327563293,554e0a67-7ef0-5965-879e-0f3f23cbd997,HBA,2026,120,tuyensinh247
415854f6-a1de-5a20-a442-4d47fd0e4916,554e0a67-7ef0-5965-879e-0f3f23cbd997,THPT,2026,120,tuyensinh247
e7cb35c9-236d-5c08-b1ec-21f4158c466a,d1e3caf4-d412-501c-b37c-7b401d26b5e3,DGNL_HN,2026,80,tuyensinh247
fd19888e-3365-5927-92cd-f2ceb5dfa52a,d1e3caf4-d412-501c-b37c-7b401d26b5e3,DGTD,2026,80,tuyensinh247
5d3510c6-5965-51a8-936a-5a603e85bf18,d1e3caf4-d412-501c-b37c-7b401d26b5e3,HBA,2026,80,tuyensinh247
bab68412-4c55-507b-b294-10654c8d7af1,d1e3caf4-d412-501c-b37c-7b401d26b5e3,THPT,2026,80,tuyensinh247
8c487910-1710-566e-bf29-9665648fa556,b49a88fa-494a-56b0-8f72-ac77e15eb40c,DGNL_HN,2026,120,tuyensinh247
4a1f5cee-b1e7-5095-851b-86cc0065fec8,b49a88fa-494a-56b0-8f72-ac77e15eb40c,DGTD,2026,120,tuyensinh247
eb7cdfa2-1139-59a5-94e6-b05b543e9d9a,b49a88fa-494a-56b0-8f72-ac77e15eb40c,HBA,2026,120,tuyensinh247
7e3bf2ca-51d5-59c8-813b-34d0644888c4,b49a88fa-494a-56b0-8f72-ac77e15eb40c,THPT,2026,120,tuyensinh247
3fc7fe9e-37c8-5de5-8208-4051018ff293,a031bb80-e129-578e-9002-5febe10ae14a,DGNL_HN,2026,240,tuyensinh247
7e94a595-9bf3-5780-b4ef-804586342c72,a031bb80-e129-578e-9002-5febe10ae14a,DGTD,2026,240,tuyensinh247
58fc567d-8d75-52f5-b692-331d1c5be158,a031bb80-e129-578e-9002-5febe10ae14a,HBA,2026,240,tuyensinh247
08cce130-6ea0-5a4b-aeb7-9dc840f98649,a031bb80-e129-578e-9002-5febe10ae14a,THPT,2026,240,tuyensinh247
fa19dd32-6d8b-546c-98b6-310cd8c8dbbc,3b8ca53f-1cf0-5513-8ca2-c01a35be7211,DGNL_HN,2026,,tuyensinh247
49651b22-4561-5625-a0a1-8676d53f276a,3b8ca53f-1cf0-5513-8ca2-c01a35be7211,DGTD,2026,,tuyensinh247
4ff269f2-4563-5128-bb0f-51de3eb7d460,3b8ca53f-1cf0-5513-8ca2-c01a35be7211,HBA,2026,,tuyensinh247
656066a2-1d8a-55a2-8a0a-923db4edfb99,3b8ca53f-1cf0-5513-8ca2-c01a35be7211,THPT,2026,,tuyensinh247
5b0448d9-6f6d-5ed3-ba18-da9816de02d2,ca618bde-b6cb-55c9-b3a3-45e20798502b,DGNL_HN,2026,,tuyensinh247
56bfd106-f213-5d4e-9146-bf32107d7bae,ca618bde-b6cb-55c9-b3a3-45e20798502b,DGTD,2026,,tuyensinh247
6d558f6c-529e-5af3-a2f7-0798cf03354d,ca618bde-b6cb-55c9-b3a3-45e20798502b,HBA,2026,,tuyensinh247
d0c128bc-59c0-5d8b-afac-124a505a1488,ca618bde-b6cb-55c9-b3a3-45e20798502b,THPT,2026,,tuyensinh247
c8b9dbf2-01f4-5d3b-b26b-871ea9a54fe3,77a1f7bb-f414-5f2c-9af8-69c2cc897173,DGNL_HN,2026,,tuyensinh247
1448fa02-3e4a-5c9a-b593-b2371e6b8dce,77a1f7bb-f414-5f2c-9af8-69c2cc897173,DGTD,2026,,tuyensinh247
1b248054-1d5b-526f-8709-cb4f8f23ff96,77a1f7bb-f414-5f2c-9af8-69c2cc897173,HBA,2026,,tuyensinh247
f1f333ba-cdd8-5e44-a4ac-c2d814fd2d28,241f4e13-252e-5543-bc64-5cffdcdce6ec,THPT,2026,,tuyensinh247
3333c9c0-4221-59db-9151-e997cd6447cc,2e070233-008c-5e50-8f98-c05582ccc152,THPT,2026,,tuyensinh247
00d0ee7b-a146-5fc0-8483-7f45a9d54785,17e1dc19-5ffd-5ef0-a141-e8ec3cf44f44,THPT,2026,,tuyensinh247
b40d02d8-ef54-5aa7-8b3f-17484d34b7a8,74c9467c-bd1c-572c-a2da-c2cfe7f4d403,THPT,2026,,tuyensinh247
9d9a3651-467d-5df1-a1de-ba8e27a182a7,d3127809-327e-5f7f-8494-294bc370ce14,THPT,2026,,tuyensinh247
d8e02758-d8e4-5fd0-9552-352e68757d5a,f1154186-5738-58c1-a666-5138f7579444,THPT,2026,,tuyensinh247
6128a576-a99f-59d7-9d19-5795155861af,94b8eae3-b5c5-5964-ba08-03d738274ff0,THPT,2026,,tuyensinh247
8eb14799-d346-5c4d-ac86-0ebb3a3cb3ce,3ef6dae5-9d26-5241-bead-67e47473267f,THPT,2026,,tuyensinh247
ce83864e-5ea2-55dd-a2ff-84269d37aa65,5b11c982-f41e-50cf-a4c5-847f14ec9080,THPT,2026,,tuyensinh247
e520f771-176e-5574-91db-4e8b42593063,6101f88a-ca87-5d0e-b83c-528f1b55598f,THPT,2026,,tuyensinh247
88ce717f-676f-5d97-855c-a9108baa3472,f79d8d6e-ce26-5dec-87a8-e706f660e784,THPT,2026,,tuyensinh247
112e181e-5b5c-51b3-880e-478905ace568,1ca02948-27b1-5180-b80b-155972f0465e,THPT,2026,,tuyensinh247
7e856496-d524-53a6-ae37-300c641e6348,9e62d8a3-2789-5692-9ff4-eb548f71dc88,THPT,2026,,tuyensinh247
bfa2215f-167d-5686-bff6-3fc3bbfe5008,682a293e-2cde-5e0e-ad60-04ef7238ff2f,THPT,2026,,tuyensinh247
564042cd-b5d9-5957-98bd-d5da1e0c5ee0,69205856-2b9f-5dfd-aaff-c41c5108a9a4,THPT,2026,,tuyensinh247
2cc74e92-b4a1-5786-bde7-ce8dd7b4a9e6,49f24127-097d-592c-8e7c-097dd39c62bc,DGNL_HN,2026,,tuyensinh247
ef801980-7508-58b7-b33a-5dbd3732b71a,49f24127-097d-592c-8e7c-097dd39c62bc,DGTD,2026,,tuyensinh247
29f56f7b-bd41-50b9-a6cb-08bfab268065,49f24127-097d-592c-8e7c-097dd39c62bc,HBA,2026,,tuyensinh247
5fed2ffb-b387-5fab-a7f4-79188354e800,0770132f-7ecf-56d4-82fc-bc31baa595cc,DGNL_HN,2026,,tuyensinh247
1383e544-f8c0-59cb-8165-4c2c063116f2,0770132f-7ecf-56d4-82fc-bc31baa595cc,DGTD,2026,,tuyensinh247
b3d30c80-62ab-5c9e-9802-fa3b1b85339c,0770132f-7ecf-56d4-82fc-bc31baa595cc,HBA,2026,,tuyensinh247
1902f683-65d5-55aa-96fa-0890917e3d1a,9556961a-3291-58b4-8093-89cacddf6a96,DGNL_HN,2026,,tuyensinh247
70006860-a438-5c74-9ff5-c519dc35c3d3,9556961a-3291-58b4-8093-89cacddf6a96,DGTD,2026,,tuyensinh247
bc5bb722-1907-5653-9bda-11566baf5112,9556961a-3291-58b4-8093-89cacddf6a96,HBA,2026,,tuyensinh247
f381ea8a-6962-52c7-98a3-c854b6f2a04b,6de2894c-983d-5646-b5f6-f45944a3652d,DGNL_HN,2026,,tuyensinh247
0bb0065c-f03a-5769-b55b-bdbc8ca2ef58,6de2894c-983d-5646-b5f6-f45944a3652d,DGTD,2026,,tuyensinh247
37a33362-9261-5ed3-9bc6-6929c93fed94,6de2894c-983d-5646-b5f6-f45944a3652d,HBA,2026,,tuyensinh247
346f14ea-52d4-5bc7-a50a-6f7061f98da3,3ff82a7d-933d-5940-a4ac-41f81bc4f83d,DGNL_HN,2026,100,tuyensinh247
e3b6b598-4236-56ea-ab01-5536a9e01b4f,3ff82a7d-933d-5940-a4ac-41f81bc4f83d,DGTD,2026,100,tuyensinh247
74ec3ce4-33e5-5705-aeb4-c9d4fad24bae,3ff82a7d-933d-5940-a4ac-41f81bc4f83d,HBA,2026,100,tuyensinh247
3bac757d-34d5-5b0f-94f6-6b85773130f6,3ff82a7d-933d-5940-a4ac-41f81bc4f83d,THPT,2026,100,tuyensinh247
922a2ebd-f7b1-5d7f-a4fc-7f11c7ffd31a,3ff82a7d-933d-5940-a4ac-41f81bc4f83d,XTT,2026,100,tuyensinh247
c6581d0e-5ccf-50b4-8d35-7a91c2af37df,bbb225be-5c45-56ee-83c7-d1b52a81d0c5,DGNL_HN,2026,120,tuyensinh247
64dd2d56-38fc-5ae5-97bb-f750673bb6db,bbb225be-5c45-56ee-83c7-d1b52a81d0c5,DGTD,2026,120,tuyensinh247
56b37407-16a4-5d6b-af4a-3e2bda5c1769,bbb225be-5c45-56ee-83c7-d1b52a81d0c5,HBA,2026,120,tuyensinh247
6463200e-c511-5b2f-bf21-efafbcdddbef,bbb225be-5c45-56ee-83c7-d1b52a81d0c5,THPT,2026,120,tuyensinh247
8c07e866-b36b-5f97-adc7-b2338a254244,bbb225be-5c45-56ee-83c7-d1b52a81d0c5,XTT,2026,120,tuyensinh247
ffd91734-b9a0-58b0-a0f3-25bd55ac11e9,525ee813-6781-5c00-8411-03e98a43fb69,DGNL_HN,2026,110,tuyensinh247
5eb78b27-56f5-5f4f-8441-9cb7740494cc,525ee813-6781-5c00-8411-03e98a43fb69,DGTD,2026,110,tuyensinh247
cd35ca43-aed1-56e3-9e22-d970868a367f,525ee813-6781-5c00-8411-03e98a43fb69,HBA,2026,110,tuyensinh247
cdfb15f2-c34f-58cf-a231-da6c69068971,525ee813-6781-5c00-8411-03e98a43fb69,THPT,2026,110,tuyensinh247
ce328829-a967-5741-9363-7886ab21c183,525ee813-6781-5c00-8411-03e98a43fb69,XTT,2026,110,tuyensinh247
51bf5e89-f6ab-578f-b33b-b401a66d4247,619cae33-61d2-5ac4-ad63-8e2f4bd2c64c,DGNL_HN,2026,20,tuyensinh247
748b4319-57d4-596d-bfd3-5c5a0f62467f,619cae33-61d2-5ac4-ad63-8e2f4bd2c64c,DGTD,2026,20,tuyensinh247
6ebb361f-5695-565c-8ee9-b92bec13cd77,619cae33-61d2-5ac4-ad63-8e2f4bd2c64c,HBA,2026,20,tuyensinh247
c1e44161-d42e-5269-ab21-d8b24720bace,619cae33-61d2-5ac4-ad63-8e2f4bd2c64c,THPT,2026,20,tuyensinh247
9187ea91-0fd2-5622-8179-a20da577388e,619cae33-61d2-5ac4-ad63-8e2f4bd2c64c,XTT,2026,20,tuyensinh247
76160d0a-4ad6-5370-b9aa-f5f39d00a948,306c318d-cbba-5cf1-b87c-1841b384f25f,DGNL_HN,2026,260,tuyensinh247
882cdbe6-6394-5530-902a-d589346b1efc,306c318d-cbba-5cf1-b87c-1841b384f25f,DGTD,2026,260,tuyensinh247
baccbe63-eb93-53be-b22e-594860cecf43,306c318d-cbba-5cf1-b87c-1841b384f25f,HBA,2026,260,tuyensinh247
1df2ffc1-f7c5-56dc-b57c-46a30707a0db,306c318d-cbba-5cf1-b87c-1841b384f25f,THPT,2026,260,tuyensinh247
70fe22f1-b055-5a2c-bd27-1dc2ec2eb75e,306c318d-cbba-5cf1-b87c-1841b384f25f,XTT,2026,260,tuyensinh247
a146602a-e98d-556a-aa1c-f68d66b9ef85,6cc5c670-1e2a-5d65-8d13-e89598b63f4b,DGNL_HN,2026,150,tuyensinh247
df0f282d-dbff-5958-92c6-b67548a5467b,6cc5c670-1e2a-5d65-8d13-e89598b63f4b,DGTD,2026,150,tuyensinh247
603f221a-0bb2-5de9-aca9-5b2b1e05bb71,6cc5c670-1e2a-5d65-8d13-e89598b63f4b,HBA,2026,150,tuyensinh247
5b554194-24c9-5e5a-b34c-63b7e3c9b8b3,6cc5c670-1e2a-5d65-8d13-e89598b63f4b,THPT,2026,150,tuyensinh247
65bef8d2-200a-5f1e-b8ba-fdbfdf056b6a,6cc5c670-1e2a-5d65-8d13-e89598b63f4b,XTT,2026,150,tuyensinh247
a3b43748-d552-5956-abc1-08d16173886e,63ee24ce-19b6-551e-b4c6-7834096edf1e,DGNL_HN,2026,20,tuyensinh247
03a742c2-de6b-577a-ba0e-f3840caaafdf,63ee24ce-19b6-551e-b4c6-7834096edf1e,DGTD,2026,20,tuyensinh247
82d09c21-72da-5f30-9200-87217be48288,63ee24ce-19b6-551e-b4c6-7834096edf1e,HBA,2026,20,tuyensinh247
a288b0fd-5aa9-5988-952f-ff8a7307a550,63ee24ce-19b6-551e-b4c6-7834096edf1e,THPT,2026,20,tuyensinh247
e196d6d6-0184-53b6-b443-78ddbf45ba98,63ee24ce-19b6-551e-b4c6-7834096edf1e,XTT,2026,20,tuyensinh247
c0d0e3ac-20cc-52a3-951e-a9018e28e3cc,38661de6-d8bd-5727-a4ef-b6699e7126b4,DGNL_HN,2026,50,tuyensinh247
b8e7fe15-64d4-5024-a2ab-c493704bc7e5,38661de6-d8bd-5727-a4ef-b6699e7126b4,DGTD,2026,50,tuyensinh247
695d46ea-371c-5151-ac8a-197f4ca31bb5,38661de6-d8bd-5727-a4ef-b6699e7126b4,HBA,2026,50,tuyensinh247
b4b3d7a8-e7b7-519c-97b2-23f5731c8741,38661de6-d8bd-5727-a4ef-b6699e7126b4,THPT,2026,50,tuyensinh247
537dca77-5e38-51b7-bcec-2e6c1a4b1af9,38661de6-d8bd-5727-a4ef-b6699e7126b4,XTT,2026,50,tuyensinh247
8435d658-5e1f-5ee1-baf9-ad99cbbfb7c6,cf7376f2-f1bb-58bb-a192-53f309853658,DGNL_HN,2026,30,tuyensinh247
0c76399f-bea0-5bc7-a023-6df5f046ab75,cf7376f2-f1bb-58bb-a192-53f309853658,DGTD,2026,30,tuyensinh247
a60c5ced-fcc3-541a-a24a-c5c4c98d4d6f,cf7376f2-f1bb-58bb-a192-53f309853658,HBA,2026,30,tuyensinh247
d13fee43-8df3-5156-962a-3964c678652a,cf7376f2-f1bb-58bb-a192-53f309853658,THPT,2026,30,tuyensinh247
24c539de-9291-5a2f-9eb2-7ef6982ba05f,cf7376f2-f1bb-58bb-a192-53f309853658,XTT,2026,30,tuyensinh247
8894d584-c4cc-5fe7-806f-e8da689526eb,5b2eaeed-afe3-5014-bf5d-f75c36728ff2,DGNL_HN,2026,170,tuyensinh247
651b7711-8ade-5348-ad8c-5409f28abadd,5b2eaeed-afe3-5014-bf5d-f75c36728ff2,DGTD,2026,170,tuyensinh247
38a9b48e-3a5c-5814-95e7-9016147bafc7,5b2eaeed-afe3-5014-bf5d-f75c36728ff2,HBA,2026,170,tuyensinh247
686d6663-0af8-5f02-8c92-fde8fa648871,5b2eaeed-afe3-5014-bf5d-f75c36728ff2,THPT,2026,170,tuyensinh247
48c10409-5578-5fd6-8e3d-18544f2e1ad3,5b2eaeed-afe3-5014-bf5d-f75c36728ff2,XTT,2026,170,tuyensinh247
fa177900-1781-5c4f-bb9d-15ef5276f5b6,0df0adef-cfe4-5bbd-8be9-39364b17935d,DGNL_HN,2026,80,tuyensinh247
93144ba7-8fea-545b-9f53-86b9d3b32407,0df0adef-cfe4-5bbd-8be9-39364b17935d,DGTD,2026,80,tuyensinh247
358dd143-ab9b-5338-bd39-01d788f7ce85,0df0adef-cfe4-5bbd-8be9-39364b17935d,HBA,2026,80,tuyensinh247
c2260412-b1b7-57af-b57a-b371b539449c,0df0adef-cfe4-5bbd-8be9-39364b17935d,THPT,2026,80,tuyensinh247
00bf9ece-9c25-56c4-898e-97ee16b84999,0df0adef-cfe4-5bbd-8be9-39364b17935d,XTT,2026,80,tuyensinh247
90a229aa-aa28-55d3-8937-4f4d5139d8ae,2d258d96-e3af-5183-a662-08198fc8d64f,DGNL_HN,2026,50,tuyensinh247
9db7e9e2-ddf9-5416-a977-7c21193213d2,2d258d96-e3af-5183-a662-08198fc8d64f,DGTD,2026,50,tuyensinh247
0a23928a-0158-50ea-893b-1b2bc14af312,2d258d96-e3af-5183-a662-08198fc8d64f,HBA,2026,50,tuyensinh247
29c8a854-ad08-5217-8500-8c598274c8a9,2d258d96-e3af-5183-a662-08198fc8d64f,THPT,2026,50,tuyensinh247
ac46ca7c-cec3-53d2-b952-72771ddd4acc,2d258d96-e3af-5183-a662-08198fc8d64f,XTT,2026,50,tuyensinh247
089a0a13-a163-5096-9bf7-d2bfd9e0bd2d,f8e7b9ee-fb45-5b27-b9fb-12fee7cd3cb0,DGNL_HN,2026,50,tuyensinh247
eb8cce76-a18d-5f9b-97c3-ad185b3cf4bf,f8e7b9ee-fb45-5b27-b9fb-12fee7cd3cb0,DGTD,2026,50,tuyensinh247
90f05b4d-e7ff-5293-97f2-a06491b2275b,f8e7b9ee-fb45-5b27-b9fb-12fee7cd3cb0,HBA,2026,50,tuyensinh247
d54fc5ae-3df2-5822-95d5-ace33eccb96e,f8e7b9ee-fb45-5b27-b9fb-12fee7cd3cb0,THPT,2026,50,tuyensinh247
cb6ba0e2-7bef-5aba-86c2-b37eeac9ee29,f8e7b9ee-fb45-5b27-b9fb-12fee7cd3cb0,XTT,2026,50,tuyensinh247
a9f48e79-f365-57f9-8b58-cfc3f72e9210,6f8097b3-6ceb-5cf6-88aa-991326d4fc70,DGNL_HN,2026,240,tuyensinh247
e998acf2-5bb6-5639-bb81-894371f426b0,6f8097b3-6ceb-5cf6-88aa-991326d4fc70,DGTD,2026,240,tuyensinh247
f90f7dff-c090-52d7-a871-bfc0254e05ec,6f8097b3-6ceb-5cf6-88aa-991326d4fc70,HBA,2026,240,tuyensinh247
76d90401-79de-53cb-b4ad-7e1e786c7687,6f8097b3-6ceb-5cf6-88aa-991326d4fc70,THPT,2026,240,tuyensinh247
c38621fc-3dee-5312-a2df-cb4477c3a3a4,6f8097b3-6ceb-5cf6-88aa-991326d4fc70,XTT,2026,240,tuyensinh247
14956da6-65e3-526d-886b-a82ffad0a1ad,7032a629-3a99-5714-b4f7-37c43657c925,DGNL_HN,2026,130,tuyensinh247
18190e0e-9848-521b-817a-bc34209633fb,7032a629-3a99-5714-b4f7-37c43657c925,DGTD,2026,130,tuyensinh247
1fc10307-637d-52a0-adf8-75e1130db74e,7032a629-3a99-5714-b4f7-37c43657c925,HBA,2026,130,tuyensinh247
274766aa-60d1-5ddf-974e-14abfb4fc8b4,7032a629-3a99-5714-b4f7-37c43657c925,THPT,2026,130,tuyensinh247
120a92e3-bf8e-5ffd-a3b6-b526b2ee4b43,7032a629-3a99-5714-b4f7-37c43657c925,XTT,2026,130,tuyensinh247
8e177eb0-15c1-5ee8-8d9c-aa3d2fcc5081,b1e3cbef-889b-58e8-926e-8aba14375dab,DGNL_HN,2026,110,tuyensinh247
363b448a-4226-571e-9072-f1c4b8a54579,b1e3cbef-889b-58e8-926e-8aba14375dab,DGTD,2026,110,tuyensinh247
a92a1914-1eb6-5157-8fb4-78538047110f,b1e3cbef-889b-58e8-926e-8aba14375dab,HBA,2026,110,tuyensinh247
2b0b5adc-5493-52cc-a28b-8133f4d7e731,b1e3cbef-889b-58e8-926e-8aba14375dab,THPT,2026,110,tuyensinh247
97475aa9-0ffc-53b3-bdfd-fc488a94713c,b1e3cbef-889b-58e8-926e-8aba14375dab,XTT,2026,110,tuyensinh247
97a3fafd-ffbe-515d-8610-b2b5569a4321,99f2df80-c534-50fc-857b-2f6d7f198af4,DGNL_HN,2026,180,tuyensinh247
162ad009-5171-54ae-87aa-82cbae5719e7,99f2df80-c534-50fc-857b-2f6d7f198af4,DGTD,2026,180,tuyensinh247
9b00f59f-f4a9-54b2-86cc-f30e23ce5678,99f2df80-c534-50fc-857b-2f6d7f198af4,HBA,2026,180,tuyensinh247
a7903c9a-e362-50c4-8a31-850086a20572,99f2df80-c534-50fc-857b-2f6d7f198af4,THPT,2026,180,tuyensinh247
401d1cda-248d-58a2-8792-50f3c1811f31,99f2df80-c534-50fc-857b-2f6d7f198af4,XTT,2026,180,tuyensinh247
2c9b80d2-ba2a-53fe-9fdf-031f31d0429c,4c6dc9f5-0e79-5486-b7a0-3c62b43a5c98,DGNL_HN,2026,110,tuyensinh247
6f404d71-5147-5799-a6bf-e5c2f3f71f88,4c6dc9f5-0e79-5486-b7a0-3c62b43a5c98,DGTD,2026,110,tuyensinh247
6a261f9b-ea05-5456-b898-3af441501c46,4c6dc9f5-0e79-5486-b7a0-3c62b43a5c98,HBA,2026,110,tuyensinh247
b3c36b4c-b4cb-5ec3-a3c7-6313b5d0013c,4c6dc9f5-0e79-5486-b7a0-3c62b43a5c98,THPT,2026,110,tuyensinh247
e0e0e227-46a7-511a-945c-66edec7972ba,4c6dc9f5-0e79-5486-b7a0-3c62b43a5c98,XTT,2026,110,tuyensinh247
ba6e91a7-0c93-5bca-b3f4-2560b83ee736,adbf2cd0-e3e0-5385-92b9-d74b173d08af,DGNL_HN,2026,160,tuyensinh247
e77459a4-a74a-5b0a-b078-85fb35b188f3,adbf2cd0-e3e0-5385-92b9-d74b173d08af,DGTD,2026,160,tuyensinh247
1353ec3b-ca86-5983-877a-1e9b5a7fe923,adbf2cd0-e3e0-5385-92b9-d74b173d08af,HBA,2026,160,tuyensinh247
95e2fefd-c053-5501-845e-b3622dae37fb,adbf2cd0-e3e0-5385-92b9-d74b173d08af,THPT,2026,160,tuyensinh247
f3f2bee8-e27a-5e66-a43d-c2732e5573a1,adbf2cd0-e3e0-5385-92b9-d74b173d08af,XTT,2026,160,tuyensinh247
feac3193-b50c-5403-90c2-059a62f40036,a847858c-df78-5506-b2a2-d7ae6bb30cda,DGNL_HN,2026,20,tuyensinh247
df63f375-40a9-558f-8f9e-3d97d53b0a78,a847858c-df78-5506-b2a2-d7ae6bb30cda,DGTD,2026,20,tuyensinh247
6da47632-d4d7-5a6c-a6ad-34419c7898a7,a847858c-df78-5506-b2a2-d7ae6bb30cda,HBA,2026,20,tuyensinh247
a5d9b761-7daf-5b6b-a1e5-ca1bb80c2736,a847858c-df78-5506-b2a2-d7ae6bb30cda,THPT,2026,20,tuyensinh247
1131dbf8-7d02-52b1-8c8e-407c5379693e,a847858c-df78-5506-b2a2-d7ae6bb30cda,XTT,2026,20,tuyensinh247
f04c326b-db01-5f3f-ad87-24b141e3327c,0a2fed13-1f06-58de-8b28-d34c137042d5,DGNL_HN,2026,200,tuyensinh247
939702cf-133e-50a6-9300-31e06a00d521,0a2fed13-1f06-58de-8b28-d34c137042d5,DGTD,2026,200,tuyensinh247
2fcc82e8-dc39-5d4e-9dba-d26b4f4f23b9,0a2fed13-1f06-58de-8b28-d34c137042d5,HBA,2026,200,tuyensinh247
b9baa390-9b0a-5166-a313-388db7bc1c9f,0a2fed13-1f06-58de-8b28-d34c137042d5,THPT,2026,200,tuyensinh247
129ff55a-9d35-5bf7-8263-2116118db380,0a2fed13-1f06-58de-8b28-d34c137042d5,XTT,2026,200,tuyensinh247
c4a29077-9422-5e34-b9c3-ee4c6e6fc884,82415df3-8566-5efa-a9b4-4a97adcc8c86,DGNL_HN,2026,60,tuyensinh247
a6e8bf52-c57d-5bc2-a919-8ed1c741c6f6,82415df3-8566-5efa-a9b4-4a97adcc8c86,DGTD,2026,60,tuyensinh247
9f65d5e7-432f-5524-adb4-c945a0245e18,82415df3-8566-5efa-a9b4-4a97adcc8c86,HBA,2026,60,tuyensinh247
027dde0a-e78e-587b-aedb-32637c2b648f,82415df3-8566-5efa-a9b4-4a97adcc8c86,THPT,2026,60,tuyensinh247
7236bbf0-a74a-5e0b-a206-4aef817d9fd9,82415df3-8566-5efa-a9b4-4a97adcc8c86,XTT,2026,60,tuyensinh247
4f2158aa-62ad-5652-9d06-aa5d81885bd2,da784dfc-a148-5f0a-a001-8e80da52d918,DGNL_HN,2026,160,tuyensinh247
e94e43ef-3297-5130-89d1-4f37e8db3d4f,da784dfc-a148-5f0a-a001-8e80da52d918,DGTD,2026,160,tuyensinh247
1daf8710-3725-5839-afec-19ac0dfcb8a8,da784dfc-a148-5f0a-a001-8e80da52d918,HBA,2026,160,tuyensinh247
95c32697-416b-5e90-8ae5-209b2de7a978,da784dfc-a148-5f0a-a001-8e80da52d918,THPT,2026,160,tuyensinh247
b4d22211-ddf1-53f2-a826-23fa17652da5,da784dfc-a148-5f0a-a001-8e80da52d918,XTT,2026,160,tuyensinh247
a44fa688-47d4-5a42-92aa-e388aba65626,25e4eee0-1f35-5d12-b871-e77234e5413d,DGNL_HN,2026,135,tuyensinh247
0bd1810a-9e05-5a53-85af-dcbb0eb5434c,25e4eee0-1f35-5d12-b871-e77234e5413d,DGTD,2026,135,tuyensinh247
a463b208-a216-5862-9f4f-b3f520d7ee4e,25e4eee0-1f35-5d12-b871-e77234e5413d,HBA,2026,135,tuyensinh247
1c528d22-28a1-5cad-987e-4d078ebd33a7,25e4eee0-1f35-5d12-b871-e77234e5413d,THPT,2026,135,tuyensinh247
27bc84f4-5f6f-5a31-9448-7afb52b67eac,25e4eee0-1f35-5d12-b871-e77234e5413d,XTT,2026,135,tuyensinh247
3f5a0954-e781-5f8e-85b5-df3ad7203052,bafa37bb-5a25-5dc3-96bc-dd33f80b1ab0,DGNL_HN,2026,160,tuyensinh247
5ba1510f-7034-5081-b43e-464572f8c785,bafa37bb-5a25-5dc3-96bc-dd33f80b1ab0,DGTD,2026,160,tuyensinh247
e0cac665-0ccf-57f8-8853-b9967291d641,bafa37bb-5a25-5dc3-96bc-dd33f80b1ab0,HBA,2026,160,tuyensinh247
8cb9a6bb-30b3-5554-ab45-df27d2542c99,bafa37bb-5a25-5dc3-96bc-dd33f80b1ab0,THPT,2026,160,tuyensinh247
3cbf74ef-405b-564f-92fe-90b054f255e9,bafa37bb-5a25-5dc3-96bc-dd33f80b1ab0,XTT,2026,160,tuyensinh247
524e2b1b-13cc-5269-8cef-6fe2e3746a62,e9eb684d-d533-5574-b17c-24003c8fa52d,DGNL_HN,2026,600,tuyensinh247
c7615a80-4664-561e-be9d-db45e14940ce,e9eb684d-d533-5574-b17c-24003c8fa52d,DGTD,2026,600,tuyensinh247
03d0b8b5-5edd-5417-badf-32d02fc14739,e9eb684d-d533-5574-b17c-24003c8fa52d,HBA,2026,600,tuyensinh247
88556a33-4c75-5f6a-80c8-2d71f7d18c99,e9eb684d-d533-5574-b17c-24003c8fa52d,THPT,2026,600,tuyensinh247
2fe721c2-9e43-53cc-9ef9-60d9e32dcc54,e9eb684d-d533-5574-b17c-24003c8fa52d,XTT,2026,600,tuyensinh247
c6f879e4-071f-51ab-a2df-4e3820d95f63,722b210b-1e79-5813-9854-461eab71a4cf,DGNL_HN,2026,330,tuyensinh247
7165444b-7181-51fb-812b-c89c2b60e0bd,722b210b-1e79-5813-9854-461eab71a4cf,DGTD,2026,330,tuyensinh247
0002aa28-2bcf-5d4b-a54e-7521bbb52aac,722b210b-1e79-5813-9854-461eab71a4cf,HBA,2026,330,tuyensinh247
dade81e4-faab-5a3c-bfa4-19b239b4237e,722b210b-1e79-5813-9854-461eab71a4cf,THPT,2026,330,tuyensinh247
a10f234b-b978-59ca-9b24-2f9b7a36dbb0,722b210b-1e79-5813-9854-461eab71a4cf,XTT,2026,330,tuyensinh247
1a426e27-5623-521f-bb7b-c89eab24423f,874c8a0f-e083-5995-b4c3-cea57a7c7ac4,DGNL_HN,2026,370,tuyensinh247
34edd989-1932-5fc3-9e64-fb0d9acafe5f,874c8a0f-e083-5995-b4c3-cea57a7c7ac4,DGTD,2026,370,tuyensinh247
427ebfd3-0a34-5db2-ab20-a32792654019,874c8a0f-e083-5995-b4c3-cea57a7c7ac4,HBA,2026,370,tuyensinh247
c60ad23a-784b-5013-8502-41b336c1832f,874c8a0f-e083-5995-b4c3-cea57a7c7ac4,THPT,2026,370,tuyensinh247
fda893e3-34bf-5a30-a005-d2c0b33ad9d3,874c8a0f-e083-5995-b4c3-cea57a7c7ac4,XTT,2026,370,tuyensinh247
52096e92-3a44-5461-ba52-dd41de2e1f60,a7c8ea73-c66b-53b0-87de-fda3f4b7d838,DGNL_HN,2026,20,tuyensinh247
9442811b-9814-547b-acca-302faff8a40f,a7c8ea73-c66b-53b0-87de-fda3f4b7d838,DGTD,2026,20,tuyensinh247
f27a61b5-bdf8-5058-a85e-477b7a6a8dbe,a7c8ea73-c66b-53b0-87de-fda3f4b7d838,HBA,2026,20,tuyensinh247
24bfd81d-01d4-5e9b-8e3a-6b3f7293b269,a7c8ea73-c66b-53b0-87de-fda3f4b7d838,THPT,2026,20,tuyensinh247
21073d45-f0bd-5fd6-908f-f3ef2abf7e3f,a7c8ea73-c66b-53b0-87de-fda3f4b7d838,XTT,2026,20,tuyensinh247
1ef0b1c1-0d62-553e-9d20-018636cb8415,3aefca66-7d50-5ffb-b612-785b385c6f32,DGNL_HN,2026,110,tuyensinh247
78eea10c-7999-5b49-a335-8dbb784dd9ed,3aefca66-7d50-5ffb-b612-785b385c6f32,DGTD,2026,110,tuyensinh247
c2265ac3-2cd1-5d20-aa90-b1f6292fc05a,3aefca66-7d50-5ffb-b612-785b385c6f32,HBA,2026,110,tuyensinh247
2745282a-c07c-5b56-9ccf-8e8e5f7be29e,3aefca66-7d50-5ffb-b612-785b385c6f32,THPT,2026,110,tuyensinh247
0587cb95-3ca9-50a8-9755-8bfb395761ad,3aefca66-7d50-5ffb-b612-785b385c6f32,XTT,2026,110,tuyensinh247
3f28ab6d-5d97-57b4-8864-b49304b60c25,264e468f-cc49-570a-805e-2ee03e34b41b,DGNL_HN,2026,200,tuyensinh247
72fa6a15-a4fa-533d-9b5f-3f137eda9c0f,264e468f-cc49-570a-805e-2ee03e34b41b,DGTD,2026,200,tuyensinh247
b5f92f9c-08c8-5cc7-a87b-108354b4dedc,264e468f-cc49-570a-805e-2ee03e34b41b,HBA,2026,200,tuyensinh247
c2191e00-531c-5241-85aa-bebd5c9f06d6,264e468f-cc49-570a-805e-2ee03e34b41b,THPT,2026,200,tuyensinh247
0f9146a7-44c7-545a-a8cf-0311edd4132f,264e468f-cc49-570a-805e-2ee03e34b41b,XTT,2026,200,tuyensinh247
ca359b5c-8752-57d2-9e0c-a97710651db8,c2826db8-fa39-59bd-a6d3-43f0a2086a29,DGNL_HN,2026,120,tuyensinh247
ddefd912-93b8-53f9-a884-8dd5ce514946,c2826db8-fa39-59bd-a6d3-43f0a2086a29,DGTD,2026,120,tuyensinh247
6ca50f76-994f-579b-851f-8751ca54d326,c2826db8-fa39-59bd-a6d3-43f0a2086a29,HBA,2026,120,tuyensinh247
649c205f-83ef-5081-9665-aed732c1efd8,c2826db8-fa39-59bd-a6d3-43f0a2086a29,THPT,2026,120,tuyensinh247
d7218a52-b793-5b0b-8c75-fb6d7132cd32,c2826db8-fa39-59bd-a6d3-43f0a2086a29,XTT,2026,120,tuyensinh247
0d3bab66-d305-52dc-804a-d10cc5370588,856bd61e-448c-5fcf-9b0c-31c039089afb,DGNL_HN,2026,260,tuyensinh247
47d8c5af-9b0d-53f5-99ae-856dd67f705b,856bd61e-448c-5fcf-9b0c-31c039089afb,DGTD,2026,260,tuyensinh247
d0144607-e6fc-5c48-abae-e73d346735a4,856bd61e-448c-5fcf-9b0c-31c039089afb,HBA,2026,260,tuyensinh247
ea794c31-45a4-5d82-962a-9f7874feb084,856bd61e-448c-5fcf-9b0c-31c039089afb,THPT,2026,260,tuyensinh247
7c56cd24-96d5-5e80-9a78-e83c59acbf1b,856bd61e-448c-5fcf-9b0c-31c039089afb,XTT,2026,260,tuyensinh247
a96cd4eb-827c-5c8a-867c-e91cf6d40985,703ba658-a37c-591b-aed6-5da41641b834,DGNL_HN,2026,175,tuyensinh247
b0d0fc16-126a-5d51-b270-ba2015ddc7bd,703ba658-a37c-591b-aed6-5da41641b834,DGTD,2026,175,tuyensinh247
f6198526-d963-5f7a-8e09-edfbb6fd865a,703ba658-a37c-591b-aed6-5da41641b834,HBA,2026,175,tuyensinh247
794448bf-dcf2-5332-81ea-0cf6320b1d29,703ba658-a37c-591b-aed6-5da41641b834,THPT,2026,175,tuyensinh247
2f608d77-29e9-5c46-add9-79b62042a3b3,703ba658-a37c-591b-aed6-5da41641b834,XTT,2026,175,tuyensinh247
8d8a8a65-28f3-58c5-99f3-38650d243893,e1048c2e-c498-5425-b095-bdad7a6591e4,DGNL_HN,2026,410,tuyensinh247
81b796be-cd93-55be-b7de-9e568c17b303,e1048c2e-c498-5425-b095-bdad7a6591e4,DGTD,2026,410,tuyensinh247
d8300d10-02e8-530f-9b60-8ae4b753a500,e1048c2e-c498-5425-b095-bdad7a6591e4,HBA,2026,410,tuyensinh247
bdac4649-8efc-5a40-90c6-6e8060f12aed,e1048c2e-c498-5425-b095-bdad7a6591e4,THPT,2026,410,tuyensinh247
05013d53-0bc2-534c-a605-8b053ab9c5df,e1048c2e-c498-5425-b095-bdad7a6591e4,XTT,2026,410,tuyensinh247
5e94e4a0-c451-550f-b752-02169fd0478a,a4dcc867-0886-5a66-abf1-a9ffe4587f06,DGNL_HN,2026,90,tuyensinh247
de6d70c3-8734-5783-a390-e5ccf02df388,a4dcc867-0886-5a66-abf1-a9ffe4587f06,DGTD,2026,90,tuyensinh247
86e7cdaf-d008-5dff-bc1d-6716cd5c70bc,a4dcc867-0886-5a66-abf1-a9ffe4587f06,HBA,2026,90,tuyensinh247
db1b1ed6-677f-557d-b183-57e2f033b8fa,a4dcc867-0886-5a66-abf1-a9ffe4587f06,THPT,2026,90,tuyensinh247
b632a840-8de8-5e52-9cb4-cf772a189165,a4dcc867-0886-5a66-abf1-a9ffe4587f06,XTT,2026,90,tuyensinh247
9393c504-5783-53d7-b145-d1c2d0deb417,70e99edd-eb58-5ba0-bc7c-a86a74f77500,DGNL_HN,2026,50,tuyensinh247
779e2c8c-b404-5ab1-84a4-27c150d5513e,70e99edd-eb58-5ba0-bc7c-a86a74f77500,DGTD,2026,50,tuyensinh247
74b19448-4cc5-5732-ad7f-6a8804bf863d,70e99edd-eb58-5ba0-bc7c-a86a74f77500,HBA,2026,50,tuyensinh247
ea541f1d-40dc-5f89-b42c-5b3b5896204d,70e99edd-eb58-5ba0-bc7c-a86a74f77500,THPT,2026,50,tuyensinh247
c7638e48-135b-5d08-84ae-00648a7aa792,70e99edd-eb58-5ba0-bc7c-a86a74f77500,XTT,2026,50,tuyensinh247
a03ef6ae-c8a9-535b-b118-6775cbdc9eb5,4697a0c8-7af2-5b6f-9f5d-588859babc2d,DGNL_HN,2026,80,tuyensinh247
e974613c-6053-524b-988e-6f34d205733e,4697a0c8-7af2-5b6f-9f5d-588859babc2d,DGTD,2026,80,tuyensinh247
54f03180-16e5-510a-be02-f8916abcbcd8,4697a0c8-7af2-5b6f-9f5d-588859babc2d,HBA,2026,80,tuyensinh247
d756775f-f19a-51f7-8cc4-7b380d7ca744,4697a0c8-7af2-5b6f-9f5d-588859babc2d,THPT,2026,80,tuyensinh247
adf6d3c4-ea06-5dc5-8db4-6198084e3f1f,4697a0c8-7af2-5b6f-9f5d-588859babc2d,XTT,2026,80,tuyensinh247
0031f6e4-e4a2-5937-9166-d2b8d8625f66,d11ab465-4e51-5946-9f36-c2e8186caa64,DGNL_HN,2026,50,tuyensinh247
16f64955-b9c0-5392-a851-6889aab514fd,d11ab465-4e51-5946-9f36-c2e8186caa64,DGTD,2026,50,tuyensinh247
bff941f4-930c-5fd3-9ab7-102e26d5394a,d11ab465-4e51-5946-9f36-c2e8186caa64,HBA,2026,50,tuyensinh247
d23516a7-d794-5eca-9e1e-140b506e65fe,d11ab465-4e51-5946-9f36-c2e8186caa64,THPT,2026,50,tuyensinh247
ca1e2e8c-0850-56d9-bb12-c7e3314da7fa,d11ab465-4e51-5946-9f36-c2e8186caa64,XTT,2026,50,tuyensinh247
80f675dd-fab7-552d-9bfe-3ee76d7e79ab,1da7e8d5-b2d1-544b-8f45-5a3596634b1b,DGNL_HN,2026,90,tuyensinh247
77ea22ae-a585-575d-8a29-e2fcf5caaf2e,1da7e8d5-b2d1-544b-8f45-5a3596634b1b,DGTD,2026,90,tuyensinh247
1c1611a9-7945-5eac-9300-518c4f2e7b4d,1da7e8d5-b2d1-544b-8f45-5a3596634b1b,THPT,2026,90,tuyensinh247
1aa6b9c1-295a-570e-908e-42d7e159d8a8,20ccd56e-5c02-5649-a260-c124d92693ef,DGNL_HN,2026,100,tuyensinh247
7e11b500-4c52-518d-b9bd-187c21612434,20ccd56e-5c02-5649-a260-c124d92693ef,DGTD,2026,100,tuyensinh247
c28bfe0e-f7e4-5239-a1a8-ba3facd2fd05,20ccd56e-5c02-5649-a260-c124d92693ef,THPT,2026,100,tuyensinh247
4e19f37d-3b61-56ee-830d-5eb10978119b,e05b2355-7ba9-5469-9e15-c0340f5f583b,DGNL_HN,2026,160,tuyensinh247
5e32dcec-32a4-5c9d-8192-b2d731fefcb6,e05b2355-7ba9-5469-9e15-c0340f5f583b,DGTD,2026,160,tuyensinh247
b818f4e5-0a2d-542a-aed9-f5ce557803cc,e05b2355-7ba9-5469-9e15-c0340f5f583b,THPT,2026,160,tuyensinh247
76ca332b-1011-5fc2-a09b-06ad9a52e2b8,80b68039-91c5-583c-8e19-c403f4e36858,DGNL_HN,2026,240,tuyensinh247
7ef59b27-bd24-527b-a33f-7610620a507c,80b68039-91c5-583c-8e19-c403f4e36858,DGTD,2026,240,tuyensinh247
a296f28a-4545-5b34-ac24-57ad54cd9272,80b68039-91c5-583c-8e19-c403f4e36858,THPT,2026,240,tuyensinh247
2d896010-6512-5748-ac7b-01a1c6ee3eb7,be96c20d-a4d2-571a-acfa-9111b58a8f50,DGNL_HN,2026,140,tuyensinh247
f07006be-5cd5-552d-b49c-36b88950e29b,be96c20d-a4d2-571a-acfa-9111b58a8f50,DGTD,2026,140,tuyensinh247
f4ceb914-9508-5e74-b219-b514c54d1307,be96c20d-a4d2-571a-acfa-9111b58a8f50,THPT,2026,140,tuyensinh247
1b17dc5d-3cd0-5288-adaf-a95e61aba0f8,24314bff-c8c6-5b18-88d3-707e22dbcf7f,DGNL_HN,2026,120,tuyensinh247
50f984a3-29e0-5912-981a-b2e3e86f0695,24314bff-c8c6-5b18-88d3-707e22dbcf7f,DGTD,2026,120,tuyensinh247
e740049b-b034-5201-994d-bda49dd75805,24314bff-c8c6-5b18-88d3-707e22dbcf7f,THPT,2026,120,tuyensinh247
9993aac7-1160-5cbb-b7d2-c4dc3cdc658e,1d85a3cd-a4ed-51b4-ae09-e47892f090b1,DGNL_HN,2026,90,tuyensinh247
8e8400b6-1e77-57d2-9c5d-0cdac1cb2b50,1d85a3cd-a4ed-51b4-ae09-e47892f090b1,DGTD,2026,90,tuyensinh247
5975f24a-cbc8-5bcd-815f-081cba1a149c,1d85a3cd-a4ed-51b4-ae09-e47892f090b1,THPT,2026,90,tuyensinh247
e95ad8f3-273c-5741-b65f-30d51aed9a45,5dbaee0f-2512-5147-8561-32b154c0dc4b,DGNL_HN,2026,120,tuyensinh247
81a379f9-df6b-5c98-98bb-c836bc94805c,5dbaee0f-2512-5147-8561-32b154c0dc4b,DGTD,2026,120,tuyensinh247
d96e927c-0127-5361-9854-0886252ca4e7,5dbaee0f-2512-5147-8561-32b154c0dc4b,THPT,2026,120,tuyensinh247
7249270a-d81d-5ddd-bc52-56c16c8dff52,72ac2de3-dfb7-550e-88b5-d2a4c0d3705f,DGNL_HN,2026,120,tuyensinh247
222caf09-fa8a-53d5-a96f-16c10a28db21,72ac2de3-dfb7-550e-88b5-d2a4c0d3705f,DGTD,2026,120,tuyensinh247
04767513-73f4-5e9e-aa17-a2b16e6fd9ad,72ac2de3-dfb7-550e-88b5-d2a4c0d3705f,THPT,2026,120,tuyensinh247
2366a2b8-a0f0-5fa3-b27b-0375819c7e4e,873a44b0-ec5a-5da3-aea8-2f48b8bf2b2d,DGNL_HN,2026,20,tuyensinh247
afff7afc-fd21-5ec2-9c0a-f0fcfd64ddbe,873a44b0-ec5a-5da3-aea8-2f48b8bf2b2d,DGTD,2026,20,tuyensinh247
87fe8d1d-07ab-5508-9e69-556074754219,873a44b0-ec5a-5da3-aea8-2f48b8bf2b2d,THPT,2026,20,tuyensinh247
5d8868e2-386f-5da7-a785-17b4bb617f32,195438ed-4bc6-5403-a81a-44b8e53b055f,DGNL_HN,2026,440,tuyensinh247
6a60700b-66cf-5cbb-9971-e3d36163ebf1,195438ed-4bc6-5403-a81a-44b8e53b055f,DGTD,2026,440,tuyensinh247
2e8faa83-ae74-59ed-bd3f-ef8ab48d0db6,195438ed-4bc6-5403-a81a-44b8e53b055f,THPT,2026,440,tuyensinh247
33b6ca50-0a3f-5d5b-9b02-41c307affcb1,f1191ce3-9907-5ee2-967c-f1cf4eed81a5,DGNL_HCM,2026,80,tuyensinh247
21699d22-5a95-5402-84a6-1ecffde0effe,f1191ce3-9907-5ee2-967c-f1cf4eed81a5,DGNL_HN,2026,80,tuyensinh247
e107140d-7232-55ff-9dc2-66b8ad5c2e37,f1191ce3-9907-5ee2-967c-f1cf4eed81a5,THPT,2026,80,tuyensinh247
84fe9331-7cd8-550c-b94d-6a71600e937e,b17a0b08-0878-56f0-b291-a9704ebb3cbd,DGNL_HCM,2026,160,tuyensinh247
d39f1699-c91e-5125-ac37-8b194c97b15a,b17a0b08-0878-56f0-b291-a9704ebb3cbd,DGNL_HN,2026,160,tuyensinh247
cb3be071-bc61-57e4-b616-15af24ba023c,b17a0b08-0878-56f0-b291-a9704ebb3cbd,THPT,2026,160,tuyensinh247
645c693c-2ede-5939-8989-42297296f8bd,fb78a24b-4a2e-5b08-b19a-c9b3856588e2,DGNL_HCM,2026,40,tuyensinh247
f0e94f62-a91c-5f9a-8a96-4f74ab2c62e0,fb78a24b-4a2e-5b08-b19a-c9b3856588e2,DGNL_HN,2026,40,tuyensinh247
e8795527-f68c-5eae-929c-66aaa5028e53,fb78a24b-4a2e-5b08-b19a-c9b3856588e2,THPT,2026,40,tuyensinh247
c8a4faa2-cbdf-55ff-a229-6b5a575493b2,e6940cd9-c3a1-543c-a582-de5b3fe81c50,DGNL_HCM,2026,160,tuyensinh247
8addebcf-3070-5e8a-8c27-aee13870bc45,e6940cd9-c3a1-543c-a582-de5b3fe81c50,DGNL_HN,2026,160,tuyensinh247
237e7bfd-088c-5dcb-a7f0-f024776c98ec,e6940cd9-c3a1-543c-a582-de5b3fe81c50,THPT,2026,160,tuyensinh247
31677f55-8d9c-5579-8fbd-0d9f47220a0e,84a74714-4be9-557b-aa7c-5e61f12ab08b,DGNL_HCM,2026,80,tuyensinh247
85640163-9c35-5609-9019-173b0aed39d6,84a74714-4be9-557b-aa7c-5e61f12ab08b,DGNL_HN,2026,80,tuyensinh247
688aff0d-8a34-5fa2-aafd-dbb472bbc3d8,84a74714-4be9-557b-aa7c-5e61f12ab08b,THPT,2026,80,tuyensinh247
02d53e68-72cc-536c-a7f8-a4a0b1c29991,4d6a4e74-2f38-5356-9d9a-a1d510033f3c,DGNL_HCM,2026,40,tuyensinh247
8e683f76-3f21-5a2a-8684-b2180986df37,4d6a4e74-2f38-5356-9d9a-a1d510033f3c,DGNL_HN,2026,40,tuyensinh247
df5de76e-557d-5301-a45b-ac86bb537fc9,4d6a4e74-2f38-5356-9d9a-a1d510033f3c,THPT,2026,40,tuyensinh247
35818330-8725-5179-9db7-f0db014960a0,37c8eb7c-72d6-5f1e-a16d-a91c07dc718e,DGNL_HCM,2026,80,tuyensinh247
b1ad051f-beb3-540e-8587-298f223d1ee1,37c8eb7c-72d6-5f1e-a16d-a91c07dc718e,DGNL_HN,2026,80,tuyensinh247
cc892af6-d735-50a1-a42f-9d72ebee36b6,37c8eb7c-72d6-5f1e-a16d-a91c07dc718e,THPT,2026,80,tuyensinh247
7f03a72c-8d54-5a2f-963a-10d2187d5106,6ba18641-f280-5f58-96a3-520851533796,DGNL_HCM,2026,80,tuyensinh247
d5358144-73f2-5a17-a63f-b4d0199d7b8d,6ba18641-f280-5f58-96a3-520851533796,DGNL_HN,2026,80,tuyensinh247
19dc7eda-fc44-579c-8222-9836c10e4def,6ba18641-f280-5f58-96a3-520851533796,THPT,2026,80,tuyensinh247
4edb4bd9-10a4-5c5a-8336-0606b5e2ff8a,08c2e242-ac86-5c3d-bc4a-6a1d515a2ffa,DGNL_HCM,2026,80,tuyensinh247
26a725e0-015d-599d-898a-4144e5cb58ce,08c2e242-ac86-5c3d-bc4a-6a1d515a2ffa,DGNL_HN,2026,80,tuyensinh247
d7a046e3-847e-5782-bd24-65d9ff43457a,08c2e242-ac86-5c3d-bc4a-6a1d515a2ffa,THPT,2026,80,tuyensinh247
5bc8a4ed-2e70-54dd-81e7-fe0388875287,6bea1152-e87a-5e3d-8740-60ff3309b205,DGNL_HCM,2026,160,tuyensinh247
2e2dc67b-3252-582f-bc6a-f46e4041dbd3,6bea1152-e87a-5e3d-8740-60ff3309b205,DGNL_HN,2026,160,tuyensinh247
9de20a3f-748f-5f6d-ad77-314d1816fd88,6bea1152-e87a-5e3d-8740-60ff3309b205,THPT,2026,160,tuyensinh247
1bb4098a-497a-5cef-986a-4f0b497d5a21,90ae10e4-fa40-52ce-9dc5-27428774b915,DGNL_HCM,2026,40,tuyensinh247
1453ebb0-c54c-58ca-8d81-c7ea70f0fa5e,90ae10e4-fa40-52ce-9dc5-27428774b915,DGNL_HN,2026,40,tuyensinh247
fff5d6a0-b15a-5058-af5e-94a9f57e3e95,90ae10e4-fa40-52ce-9dc5-27428774b915,THPT,2026,40,tuyensinh247
a0d482da-ee86-5b43-8651-3e7315bfec11,420acca6-dd21-5076-b6ca-f79cacbfc6ea,DGNL_HCM,2026,240,tuyensinh247
3379fe0a-1148-55b8-ab81-e69fe28201ae,420acca6-dd21-5076-b6ca-f79cacbfc6ea,DGNL_HN,2026,240,tuyensinh247
1d1dcefd-4e8d-523b-a115-e1ed378d1f80,420acca6-dd21-5076-b6ca-f79cacbfc6ea,THPT,2026,240,tuyensinh247
bcb47a92-6c10-5ffc-adb0-55358910cafa,5a557648-1118-55e9-81eb-28401daea212,DGNL_HCM,2026,80,tuyensinh247
c48caa28-25bb-540d-9a11-b2f10ec1e15d,5a557648-1118-55e9-81eb-28401daea212,DGNL_HN,2026,80,tuyensinh247
23ebbe58-1491-5c15-9afb-c3257755106f,5a557648-1118-55e9-81eb-28401daea212,THPT,2026,80,tuyensinh247
311fbfc3-5e9f-52a3-a65e-52358d8d868a,2befe729-2135-5f24-a3fe-338dd0c20545,DGNL_HCM,2026,80,tuyensinh247
5f572cf4-2bd0-584e-9fbb-7da7c759afd3,2befe729-2135-5f24-a3fe-338dd0c20545,DGNL_HN,2026,80,tuyensinh247
299e461a-ee0c-5a4c-9e76-37927c5f7a40,2befe729-2135-5f24-a3fe-338dd0c20545,THPT,2026,80,tuyensinh247
7c2ed5c7-73e8-5866-b2f9-62a77366fa0d,ad37598f-86ac-5811-bdff-a7bb1decaeba,DGNL_HCM,2026,80,tuyensinh247
5c8d6886-016e-5d5b-a2e9-1e5ea8ef837f,ad37598f-86ac-5811-bdff-a7bb1decaeba,DGNL_HN,2026,80,tuyensinh247
5afc7789-d22d-5f78-abca-877629a2de99,ad37598f-86ac-5811-bdff-a7bb1decaeba,THPT,2026,80,tuyensinh247
e3e58184-b7e4-5e57-a1a1-ebc83daac816,cc759a9f-6409-5e18-ac1e-6285fa11fc9d,DGNL_HCM,2026,160,tuyensinh247
771f5932-d2cc-5f78-9f7d-6a4e6f5f4155,cc759a9f-6409-5e18-ac1e-6285fa11fc9d,DGNL_HN,2026,160,tuyensinh247
db4328c7-715b-5c73-97dd-5cb01d49e3d5,cc759a9f-6409-5e18-ac1e-6285fa11fc9d,THPT,2026,160,tuyensinh247
f0804ae7-8dc9-5fb0-96c4-d70f230ea726,4ebd2167-d5c8-53d2-a8c0-48e5df910b0a,DGNL_HCM,2026,40,tuyensinh247
464bfa07-7337-56c5-9406-237044e36f93,4ebd2167-d5c8-53d2-a8c0-48e5df910b0a,DGNL_HN,2026,40,tuyensinh247
257773ce-5cf0-5e23-9596-ca8ca43f81b9,4ebd2167-d5c8-53d2-a8c0-48e5df910b0a,THPT,2026,40,tuyensinh247
8c94a354-b41a-5d88-b69d-1822eaec1793,9e5e01f7-474e-5a4f-b96e-f739b403a240,DGNL_HCM,2026,40,tuyensinh247
db99ec4e-29ae-5635-8419-c5dff0888649,9e5e01f7-474e-5a4f-b96e-f739b403a240,DGNL_HN,2026,40,tuyensinh247
e78e9243-596e-5395-8287-001c8e008337,9e5e01f7-474e-5a4f-b96e-f739b403a240,THPT,2026,40,tuyensinh247
31f3369b-91c9-51c3-9c53-191298a10a52,80fcb5cd-a43b-5277-a52a-78b84bef51c4,DGNL_HCM,2026,80,tuyensinh247
bf4c5903-c791-52c5-951c-a19f99fe85da,80fcb5cd-a43b-5277-a52a-78b84bef51c4,DGNL_HN,2026,80,tuyensinh247
be078373-60c2-5fb8-8dd7-dd18b23e765b,80fcb5cd-a43b-5277-a52a-78b84bef51c4,THPT,2026,80,tuyensinh247
56b3f4fc-2370-5a47-87e2-3040e38501af,ee33d4eb-4ca0-5c1e-8f56-131286a3b3c2,DGNL_HN,2026,18,tuyensinh247
d43207d7-7e5b-5ca8-a803-f756a30b4b7b,ee33d4eb-4ca0-5c1e-8f56-131286a3b3c2,HBA,2026,342,tuyensinh247
db3d6c4a-5029-507c-88b9-3957e6d7ff19,ee33d4eb-4ca0-5c1e-8f56-131286a3b3c2,THPT,2026,342,tuyensinh247
a1183876-4516-5d76-a3c9-cb37381e2595,68583cf6-51e0-594d-a936-fa2492d05a8a,DGNL_HN,2026,2,tuyensinh247
85eb8fc6-367c-53e6-b07a-ac8ebf5633bf,68583cf6-51e0-594d-a936-fa2492d05a8a,HBA,2026,38,tuyensinh247
1519e487-ec1a-5fbc-91b6-782ef51dbeb3,68583cf6-51e0-594d-a936-fa2492d05a8a,THPT,2026,38,tuyensinh247
4058b31c-0387-5607-aaf4-88767286ada0,f1cebae8-ac6f-5dc1-8f63-37e42eef3f52,DGNL_HN,2026,27,tuyensinh247
a8b4a5e9-c119-592e-b65c-f10f43e734b5,f1cebae8-ac6f-5dc1-8f63-37e42eef3f52,DGTD,2026,27,tuyensinh247
556def4a-f9e9-5f8b-bf7b-52f35dc9a518,f1cebae8-ac6f-5dc1-8f63-37e42eef3f52,HBA,2026,27,tuyensinh247
2760b9c3-a29d-59ce-a097-d5d54c2308a3,f1cebae8-ac6f-5dc1-8f63-37e42eef3f52,THPT,2026,27,tuyensinh247
0980b211-4961-5725-8a22-210ba3f8eea9,3d286f2d-1c71-552d-9971-7cb1c4426ea9,DGNL_HN,2026,47,tuyensinh247
32719ee1-c278-5982-b472-774357059e85,3d286f2d-1c71-552d-9971-7cb1c4426ea9,DGTD,2026,47,tuyensinh247
5c900e5e-77a4-56ec-a9fa-647fe535f122,3d286f2d-1c71-552d-9971-7cb1c4426ea9,HBA,2026,47,tuyensinh247
ef33f8f5-46a9-512b-9454-61037f28f679,3d286f2d-1c71-552d-9971-7cb1c4426ea9,THPT,2026,47,tuyensinh247
a302eb3b-63c5-5671-86ff-57b0b2c9b50b,ab50df5c-606b-5766-82c8-d896a71de82c,DGNL_HN,2026,60,tuyensinh247
a7579df0-6160-5a98-9696-7283dd50693c,ab50df5c-606b-5766-82c8-d896a71de82c,DGTD,2026,60,tuyensinh247
7e942326-7c02-56dd-9188-4bf57a812886,ab50df5c-606b-5766-82c8-d896a71de82c,THPT,2026,60,tuyensinh247
3f3d78a8-1d74-5d5a-8ba9-6c87fa72eff2,03f4afff-0b16-5a58-a5b5-a255d8b9c8b8,DGNL_HN,2026,200,tuyensinh247
27aedeca-7dc2-5a6e-b8b9-4f3c846958ce,03f4afff-0b16-5a58-a5b5-a255d8b9c8b8,DGTD,2026,200,tuyensinh247
b154276a-3682-5f49-ac21-cef411d9cdfc,03f4afff-0b16-5a58-a5b5-a255d8b9c8b8,THPT,2026,200,tuyensinh247
7df3d375-324e-570a-ad34-be7a25440b17,2005ec5e-6ddc-58c3-9395-75946ffefa4a,DGNL_HN,2026,150,tuyensinh247
1a63e136-8e25-5d60-9760-1f15b872707b,2005ec5e-6ddc-58c3-9395-75946ffefa4a,DGTD,2026,150,tuyensinh247
ff933405-c629-595f-8e20-5fae8e319052,2005ec5e-6ddc-58c3-9395-75946ffefa4a,THPT,2026,150,tuyensinh247
a6b1ad53-45ae-58ef-a2dc-39171e16bf65,717f2023-6564-5093-9c00-ca073c673d74,DGTD,2026,30,tuyensinh247
9ca325c9-2090-50a9-b33f-c373b69c2894,717f2023-6564-5093-9c00-ca073c673d74,THPT,2026,30,tuyensinh247
23505d3f-b02c-5ece-ac61-ff0926bd067d,134152c3-e574-5152-bc2b-dccbc0538b53,DGNL_HN,2026,70,tuyensinh247
bb1658e0-abb0-57d0-ac67-024135977d1b,134152c3-e574-5152-bc2b-dccbc0538b53,DGTD,2026,70,tuyensinh247
ce399ca3-04f0-5ec3-8fff-4b22c1112b86,134152c3-e574-5152-bc2b-dccbc0538b53,THPT,2026,70,tuyensinh247
03db9d6a-22fe-57af-8a35-7515f0c32a2f,85f40536-fbf2-55d3-ad6e-6ae16d66db83,DGNL_HN,2026,70,tuyensinh247
69752945-848a-56b7-98a8-d719852e84e1,85f40536-fbf2-55d3-ad6e-6ae16d66db83,DGTD,2026,70,tuyensinh247
4bff170d-0eb8-5897-b19d-1f5ffa4e901e,85f40536-fbf2-55d3-ad6e-6ae16d66db83,THPT,2026,70,tuyensinh247
4e56a974-41df-5f16-b8fa-cc2f3e6a44db,04e26fe3-81e9-54cf-96d6-3485afd0a946,DGNL_HN,2026,50,tuyensinh247
8ca251af-e917-512f-a5e4-f779572e3538,04e26fe3-81e9-54cf-96d6-3485afd0a946,DGTD,2026,50,tuyensinh247
f0c3ee53-8f89-504f-adb1-e7c434aeb180,04e26fe3-81e9-54cf-96d6-3485afd0a946,THPT,2026,50,tuyensinh247
cd8f328c-7c19-55de-b598-f1a2566b688b,9fa47085-dc22-5d30-acef-a4384cb4737a,DGNL_HN,2026,60,tuyensinh247
6af56b12-b219-5e59-94cb-2dca13dba7d2,9fa47085-dc22-5d30-acef-a4384cb4737a,DGTD,2026,60,tuyensinh247
601518ab-4ff0-5789-a843-c72ec6812739,9fa47085-dc22-5d30-acef-a4384cb4737a,THPT,2026,60,tuyensinh247
24e6e902-02fa-58a9-8c89-b988e1284e6f,926373fc-9de1-5280-9a4a-1233232cfeea,DGNL_HN,2026,50,tuyensinh247
3ef6f49d-267a-56e6-a81c-d6217a52412b,926373fc-9de1-5280-9a4a-1233232cfeea,DGTD,2026,50,tuyensinh247
f0b08a0b-070a-51ed-bac5-c292ca1db194,926373fc-9de1-5280-9a4a-1233232cfeea,THPT,2026,50,tuyensinh247
04b14251-f9f2-57d8-a028-3e3065518aad,8ab50392-9fdf-54d0-b914-1de6f0231f69,DGNL_HN,2026,260,tuyensinh247
e7bdaa75-c0e8-53ae-bb27-93f1ce706282,8ab50392-9fdf-54d0-b914-1de6f0231f69,DGTD,2026,260,tuyensinh247
1b0e4c5c-c53c-56b1-bbc1-33e3b0804bf5,8ab50392-9fdf-54d0-b914-1de6f0231f69,THPT,2026,260,tuyensinh247
aa9ff4d8-29bb-503e-afb5-ef1dd949c0a0,a386bc74-f236-5426-a671-5af8678007d4,DGNL_HN,2026,120,tuyensinh247
ef945e87-c759-5e0f-9165-6f2aabdf1715,a386bc74-f236-5426-a671-5af8678007d4,DGTD,2026,120,tuyensinh247
577e23e3-4c56-5681-bdf4-8e86dbfaa669,a386bc74-f236-5426-a671-5af8678007d4,THPT,2026,120,tuyensinh247
0e7e437f-b4be-5133-9820-519a70931422,b298d9d3-40a7-5f11-818c-c516e78f345b,DGNL_HN,2026,40,tuyensinh247
31016685-dc77-525b-b836-95367bb43e6d,b298d9d3-40a7-5f11-818c-c516e78f345b,DGTD,2026,40,tuyensinh247
ac0a0527-8a9e-5cff-aa07-8f133693bbce,b298d9d3-40a7-5f11-818c-c516e78f345b,THPT,2026,40,tuyensinh247
f114abfd-5d65-5780-b38a-7569e440b42a,f8392488-53ca-592d-8e43-039f8412c1cd,DGNL_HN,2026,120,tuyensinh247
7d75110a-6347-59ed-b7f1-41376adc0b05,f8392488-53ca-592d-8e43-039f8412c1cd,DGTD,2026,120,tuyensinh247
d5009301-06c8-5928-975d-33fa356660df,f8392488-53ca-592d-8e43-039f8412c1cd,THPT,2026,120,tuyensinh247
3c9cf8d2-d63e-5a04-af27-1bf7eb147179,37027afe-806b-5db3-89fb-bcb9944ce82d,DGNL_HN,2026,40,tuyensinh247
ffbb8264-20b6-50ce-9c5a-0f25308ea4a5,37027afe-806b-5db3-89fb-bcb9944ce82d,DGTD,2026,40,tuyensinh247
657ceb46-433a-507b-b871-f5ac875b379f,37027afe-806b-5db3-89fb-bcb9944ce82d,THPT,2026,40,tuyensinh247
18cbb950-c7ab-5575-8540-a0253227d906,388cd6e1-0f0a-548e-b1e5-3652131afa90,DGNL_HN,2026,180,tuyensinh247
ad8e294f-1843-5bf9-a055-55ce7c4035df,388cd6e1-0f0a-548e-b1e5-3652131afa90,DGTD,2026,180,tuyensinh247
e15814fb-b74d-5f85-8548-eb0a06c6a2bd,388cd6e1-0f0a-548e-b1e5-3652131afa90,THPT,2026,180,tuyensinh247
bb0bef8f-6ffa-565a-8dc6-cf8888c20ff4,0ff3f3df-df39-55d9-aa6f-408ef54557b6,DGNL_HN,2026,40,tuyensinh247
27a714a9-7c1b-5de7-81a1-d40a0228c9f4,0ff3f3df-df39-55d9-aa6f-408ef54557b6,DGTD,2026,40,tuyensinh247
a9b46014-2562-5a7f-8a1e-3b3bf74cc535,0ff3f3df-df39-55d9-aa6f-408ef54557b6,THPT,2026,40,tuyensinh247
fdd3fbdf-da59-51ca-92d8-4ddd4b5af01f,20ab880e-18c0-5b4d-b60e-3088b3794dd6,DGNL_HN,2026,460,tuyensinh247
81bb4eb4-e5ac-514f-9b05-0ea9adc72855,20ab880e-18c0-5b4d-b60e-3088b3794dd6,DGTD,2026,460,tuyensinh247
7d55f2f5-4990-5ab5-a1a0-a6633c287eb8,20ab880e-18c0-5b4d-b60e-3088b3794dd6,THPT,2026,460,tuyensinh247
dbd422f6-732b-56fc-bec0-7ca83daf62bc,e6b37dc0-511b-5c9b-830f-5206d2a9529e,DGNL_HN,2026,40,tuyensinh247
fa1439a5-86c3-5e24-b4d9-bcd4c7faca22,e6b37dc0-511b-5c9b-830f-5206d2a9529e,DGTD,2026,40,tuyensinh247
f1d1d6a7-4825-5ddf-810b-7180277d1e06,e6b37dc0-511b-5c9b-830f-5206d2a9529e,THPT,2026,40,tuyensinh247
aa5e59de-a076-53ea-bc01-3f9ebd93e8ac,bc24dcf2-df75-52e9-85ce-372d666345e8,DGNL_HN,2026,120,tuyensinh247
f631d6e9-f7bc-5308-ab9e-5c0d3c95ae6e,bc24dcf2-df75-52e9-85ce-372d666345e8,DGTD,2026,120,tuyensinh247
ba4ae112-2c50-5252-af90-83e3d051801d,bc24dcf2-df75-52e9-85ce-372d666345e8,THPT,2026,120,tuyensinh247
c3b5f708-c15e-50c0-acf7-2995ca8b9574,018eb627-c517-56d1-ad8b-f32573c56f43,DGNL_HN,2026,120,tuyensinh247
628073f5-b5cc-5494-95e6-a98bb10c1748,018eb627-c517-56d1-ad8b-f32573c56f43,DGTD,2026,120,tuyensinh247
13519969-e530-53a5-915d-f095547acf5f,018eb627-c517-56d1-ad8b-f32573c56f43,THPT,2026,120,tuyensinh247
c93c81b4-56cf-50a7-99c0-059cfa7c9c14,a941cdf5-75ae-5559-8a63-ead16567f07a,DGNL_HN,2026,120,tuyensinh247
c0be0876-34cd-53d5-9176-abff04ef7691,a941cdf5-75ae-5559-8a63-ead16567f07a,DGTD,2026,120,tuyensinh247
578b9140-b8dd-5ba1-ba50-b185ff33e820,a941cdf5-75ae-5559-8a63-ead16567f07a,THPT,2026,120,tuyensinh247
ce3fba5f-823e-513f-bf7b-edc7519e351e,eb8fd08b-84fd-52ff-9ebf-875d72bd6ca4,DGNL_HN,2026,50,tuyensinh247
e962d9a3-f21c-555c-bb64-60f06b02b42e,eb8fd08b-84fd-52ff-9ebf-875d72bd6ca4,DGTD,2026,50,tuyensinh247
8aea7586-07b9-507d-b53d-91026a7fa15a,eb8fd08b-84fd-52ff-9ebf-875d72bd6ca4,THPT,2026,50,tuyensinh247
b6341d4e-c81c-54c8-bae6-d52b83015367,925e8505-d38a-5800-a2b9-13015852f51f,DGNL_HN,2026,120,tuyensinh247
ad3e0ad7-aa35-5258-b984-1a5ed0eb0e53,925e8505-d38a-5800-a2b9-13015852f51f,DGTD,2026,120,tuyensinh247
a8b02da1-a33b-530d-bfa4-c4db27ebccf9,925e8505-d38a-5800-a2b9-13015852f51f,THPT,2026,120,tuyensinh247
457a7ec8-d1b4-5ca4-acf7-a4ecceb4aaec,400a9231-6650-548d-8b96-60f82ccf18c0,DGNL_HN,2026,60,tuyensinh247
1bd748ec-e2cc-5c38-b060-aba78b23f8de,400a9231-6650-548d-8b96-60f82ccf18c0,DGTD,2026,60,tuyensinh247
0b3bfe52-b543-54ca-ae52-b847b2acc53a,400a9231-6650-548d-8b96-60f82ccf18c0,THPT,2026,60,tuyensinh247
b306cc03-2bad-543b-8366-ac41fb6b01b3,672c0851-5bc1-5998-be54-ea60e1fe3cd9,DGNL_HN,2026,40,tuyensinh247
0f681bf9-3fd1-5a5b-abe1-59df6f594829,672c0851-5bc1-5998-be54-ea60e1fe3cd9,DGTD,2026,40,tuyensinh247
368dcc46-cf79-50f7-ac49-7933eae01c88,672c0851-5bc1-5998-be54-ea60e1fe3cd9,THPT,2026,40,tuyensinh247
75a03826-061e-5b32-b9ca-db547d4a9763,5e18cafc-2d78-5d61-a828-5ffa16f926e6,DGNL_HN,2026,70,tuyensinh247
08ab236a-60ec-5273-99f2-ce184d7f6062,5e18cafc-2d78-5d61-a828-5ffa16f926e6,DGTD,2026,70,tuyensinh247
6215982a-59dc-56e6-8282-176c71b785e4,5e18cafc-2d78-5d61-a828-5ffa16f926e6,THPT,2026,70,tuyensinh247
e51c40b2-5888-5031-85c9-a8f56f6969e8,d2839d02-bf54-5f9a-92b6-6c78f7d44682,DGNL_HN,2026,240,tuyensinh247
710aaabc-897e-5c1d-b571-599e842a6bf5,d2839d02-bf54-5f9a-92b6-6c78f7d44682,DGTD,2026,240,tuyensinh247
414d6cd0-c53b-538c-84b9-2f805aea9e63,d2839d02-bf54-5f9a-92b6-6c78f7d44682,THPT,2026,240,tuyensinh247
578eb694-ea62-5dcc-a4d5-ceaa479752a1,5cc60e07-8ec3-5032-82a2-1b8b8b533a0d,DGNL_HN,2026,120,tuyensinh247
dd6017d6-432a-5b05-a375-d9ad5831d297,5cc60e07-8ec3-5032-82a2-1b8b8b533a0d,DGTD,2026,120,tuyensinh247
3fbc20e2-3b1d-5f4a-a251-66b05767a5c2,5cc60e07-8ec3-5032-82a2-1b8b8b533a0d,THPT,2026,120,tuyensinh247
b2aa9df0-a283-5568-97b4-7929df63dc36,32a12951-5a35-5af4-9a10-07f80bf8eea9,DGNL_HN,2026,120,tuyensinh247
404cf348-1aa9-57a9-8875-6454fef79bbb,32a12951-5a35-5af4-9a10-07f80bf8eea9,DGTD,2026,120,tuyensinh247
7ce01eb2-0ac2-5c3a-b7a9-9a948a46a524,32a12951-5a35-5af4-9a10-07f80bf8eea9,THPT,2026,120,tuyensinh247
9a542f5d-055e-5f83-97e9-e85f0295e084,99d2b3da-d89e-55e8-8853-9ed7e911157e,DGNL_HN,2026,100,tuyensinh247
a1d98f90-ca22-5144-8855-4cc5c441b09e,99d2b3da-d89e-55e8-8853-9ed7e911157e,DGTD,2026,100,tuyensinh247
9c68dc6c-b1e3-5b14-9f15-428b8915f100,99d2b3da-d89e-55e8-8853-9ed7e911157e,THPT,2026,100,tuyensinh247
0e22c9b8-f041-57d2-bcc1-ac96198d5e74,9a5141ee-7630-5097-a124-744faced1957,DGNL_HN,2026,300,tuyensinh247
f0239750-b30d-50cd-b467-b9e96745a60d,9a5141ee-7630-5097-a124-744faced1957,DGTD,2026,300,tuyensinh247
132cba0e-e8e6-564e-a83e-0b62139b4b65,9a5141ee-7630-5097-a124-744faced1957,THPT,2026,300,tuyensinh247
ef02e3fe-456d-58d6-9266-d8acd2718fa1,1b66392f-e40e-5a13-9e28-5bac7d2578fe,DGNL_HN,2026,60,tuyensinh247
8332c610-2071-5f56-9536-558345adb6ee,1b66392f-e40e-5a13-9e28-5bac7d2578fe,DGTD,2026,60,tuyensinh247
b2089a26-7034-5f9f-9ea0-a7d07c89f4e9,1b66392f-e40e-5a13-9e28-5bac7d2578fe,THPT,2026,60,tuyensinh247
e59dc972-a174-5f4c-b834-b4a882df75ae,fb4dff8b-a636-51c5-8dda-0dbe92c23a40,DGNL_HN,2026,40,tuyensinh247
823e5c84-95ef-5de4-a703-c99b1184d247,fb4dff8b-a636-51c5-8dda-0dbe92c23a40,DGTD,2026,40,tuyensinh247
0ec0e8d1-bd82-5630-bf4f-b2497467e3ec,fb4dff8b-a636-51c5-8dda-0dbe92c23a40,THPT,2026,40,tuyensinh247
81e28b18-265f-5bb9-ad9f-657863766784,f57725a4-7330-5594-b424-c4e9ea4a03e2,DGNL_HN,2026,60,tuyensinh247
0ba613ad-5a15-5313-88e3-341387752cac,f57725a4-7330-5594-b424-c4e9ea4a03e2,DGTD,2026,60,tuyensinh247
ed1072df-12b0-5fff-b5b9-d81716b4be33,f57725a4-7330-5594-b424-c4e9ea4a03e2,THPT,2026,60,tuyensinh247
9e771161-fb0c-5289-918d-6fdef06ee417,a35b273c-360c-5627-830f-55f41ce899dd,DGNL_HN,2026,360,tuyensinh247
86491691-21ce-5af1-8cc6-88e84e70d382,a35b273c-360c-5627-830f-55f41ce899dd,DGTD,2026,360,tuyensinh247
50dd9b48-58ef-5cb7-a1f2-7c09f3fa47b5,a35b273c-360c-5627-830f-55f41ce899dd,THPT,2026,360,tuyensinh247
2bcb98a7-7bbc-5571-b7fb-fb4adf01daf8,18aaa143-eb1d-5443-82f6-4ae9754818c5,DGNL_HN,2026,60,tuyensinh247
d1bbbab5-8f21-59fc-b4b2-bae1658d7117,18aaa143-eb1d-5443-82f6-4ae9754818c5,DGTD,2026,60,tuyensinh247
c6acacd0-8ba9-5566-a670-8dbc3a26b26c,18aaa143-eb1d-5443-82f6-4ae9754818c5,THPT,2026,60,tuyensinh247
c538a0bc-dc46-5149-8b36-aff3f7973672,812143d4-11c8-5387-93f9-eb173653dd11,DGNL_HN,2026,60,tuyensinh247
6b4f55e2-4c32-574f-826f-9d45f07a38cc,812143d4-11c8-5387-93f9-eb173653dd11,DGTD,2026,60,tuyensinh247
2e5cb316-2ef3-574b-bd7c-03c09b2a57df,812143d4-11c8-5387-93f9-eb173653dd11,THPT,2026,60,tuyensinh247
e6f449b8-116d-569d-b970-9312d4c6f795,c32b51aa-0b71-5b1b-97fc-563008621dac,DGNL_HN,2026,40,tuyensinh247
4f4bc138-6b75-5b84-a164-096240329419,c32b51aa-0b71-5b1b-97fc-563008621dac,DGTD,2026,40,tuyensinh247
e3779234-cdd5-5f28-a91d-a3ba97012897,c32b51aa-0b71-5b1b-97fc-563008621dac,THPT,2026,40,tuyensinh247
618653fe-4ee1-5478-980e-ae34b33e6000,04e4b64e-a15c-5af1-b834-48fc565922b6,DGNL_HN,2026,280,tuyensinh247
f043bd12-43d1-5912-94eb-4ac045018151,04e4b64e-a15c-5af1-b834-48fc565922b6,DGTD,2026,280,tuyensinh247
67397437-0266-5e24-b6a1-5bfb77824f13,04e4b64e-a15c-5af1-b834-48fc565922b6,THPT,2026,280,tuyensinh247
8c5eea09-8751-57c4-9bad-c70e51450fc9,206ffcd0-4046-5956-b094-a2dc165c493b,DGNL_HN,2026,60,tuyensinh247
ca279e16-462d-5c85-b371-4e88773d9651,206ffcd0-4046-5956-b094-a2dc165c493b,DGTD,2026,60,tuyensinh247
3349b775-640b-5fbd-84bd-210a5b1d5bbe,206ffcd0-4046-5956-b094-a2dc165c493b,THPT,2026,60,tuyensinh247
9c2c82ea-bef6-5d12-861a-5bfd52130766,8592a6b0-b12b-5116-884e-06c5ba5bd725,DGNL_HN,2026,60,tuyensinh247
7a8e8488-ea78-50b1-b39d-77df91811148,8592a6b0-b12b-5116-884e-06c5ba5bd725,DGTD,2026,60,tuyensinh247
5ea9ffa6-5836-5f29-b7b6-df1aed6d4b86,8592a6b0-b12b-5116-884e-06c5ba5bd725,THPT,2026,60,tuyensinh247
6a105a00-4558-53b7-8869-35d8063afccf,c448a966-7319-55f7-86c7-cee156dd6158,DGNL_HN,2026,40,tuyensinh247
c5ceed73-3b5c-5a72-a2dd-4d1c58beba33,c448a966-7319-55f7-86c7-cee156dd6158,DGTD,2026,40,tuyensinh247
a40437d1-7c71-5e47-aadd-3d9ecfbdf932,c448a966-7319-55f7-86c7-cee156dd6158,THPT,2026,40,tuyensinh247
7a4703be-4700-5c3a-a368-86852819bf60,1bcf1f02-b792-58ec-8377-49972140f974,DGNL_HN,2026,360,tuyensinh247
4e8850d3-134c-50c8-823b-68cb712fd02b,1bcf1f02-b792-58ec-8377-49972140f974,DGTD,2026,360,tuyensinh247
d2401e4e-9461-55b7-9950-4c62180e7c98,1bcf1f02-b792-58ec-8377-49972140f974,THPT,2026,360,tuyensinh247
d0cd708b-2fae-5bba-92f3-1cc04df370d7,c9cfa4e7-1dae-58eb-b335-f69872f5f4a7,DGNL_HN,2026,40,tuyensinh247
43c52f9e-0d8f-506f-bae5-d1433cc47854,c9cfa4e7-1dae-58eb-b335-f69872f5f4a7,DGTD,2026,40,tuyensinh247
f8b48fc3-a71d-5099-83be-324f6cca9d41,c9cfa4e7-1dae-58eb-b335-f69872f5f4a7,THPT,2026,40,tuyensinh247
02fef970-48cf-5018-babb-ceaece2f3bb4,ff4a5b68-fb67-569a-9567-96af09c3d7bc,DGNL_HN,2026,120,tuyensinh247
39ede81e-d73a-58ee-859b-808e8ae3b5f6,ff4a5b68-fb67-569a-9567-96af09c3d7bc,DGTD,2026,120,tuyensinh247
7a46d817-caeb-56e7-b9b5-d9f0e6289f6b,ff4a5b68-fb67-569a-9567-96af09c3d7bc,THPT,2026,120,tuyensinh247
9d799e3d-0176-5c25-a590-a5f587e856b6,deb07089-d4a2-518b-8ed7-f489fac4e2f5,DGNL_HN,2026,40,tuyensinh247
22de3d11-5331-5108-b587-6efb7419aa0f,deb07089-d4a2-518b-8ed7-f489fac4e2f5,DGTD,2026,40,tuyensinh247
16a6aedf-9e1b-5169-bb5e-2c8d4ac57853,deb07089-d4a2-518b-8ed7-f489fac4e2f5,THPT,2026,40,tuyensinh247
1aedcb93-c544-54ae-a9d6-412f4e5703e7,d2a4f673-9a3f-50f0-8a4a-c8db8693039b,DGNL_HN,2026,420,tuyensinh247
efd93645-cf36-5608-a2cb-798e0c110d8d,d2a4f673-9a3f-50f0-8a4a-c8db8693039b,DGTD,2026,420,tuyensinh247
3454033e-bcb2-5af9-b29c-de9582b4a937,d2a4f673-9a3f-50f0-8a4a-c8db8693039b,THPT,2026,420,tuyensinh247
d38adf39-18d3-5ed5-99b0-449c12d100d7,17a11f0a-c023-5857-9539-ffa0c8cee471,DGNL_HN,2026,40,tuyensinh247
2e56ef54-2ef7-5003-b565-96a85e5c633d,17a11f0a-c023-5857-9539-ffa0c8cee471,DGTD,2026,40,tuyensinh247
aaeff8ba-b66d-503b-be4e-ae3fc4440551,17a11f0a-c023-5857-9539-ffa0c8cee471,THPT,2026,40,tuyensinh247
a6c90fa8-854c-5e07-84d0-ca79b0c434bc,ef0f3555-3b94-51b3-886e-ccf82dca6a30,DGNL_HN,2026,480,tuyensinh247
5e5b5fbf-d7ad-582d-bdee-52cfae3c7587,ef0f3555-3b94-51b3-886e-ccf82dca6a30,DGTD,2026,480,tuyensinh247
14ff48d9-5c43-507b-a3e3-74aa4d54bfc9,ef0f3555-3b94-51b3-886e-ccf82dca6a30,THPT,2026,480,tuyensinh247
1a52be7a-381b-51ba-8bed-d269f60b404a,e77bd6fd-811a-5c6d-b26e-3f5dca3e208f,DGNL_HN,2026,60,tuyensinh247
0b97511b-41bc-5c43-8217-eb55af577d8f,e77bd6fd-811a-5c6d-b26e-3f5dca3e208f,DGTD,2026,60,tuyensinh247
5543714d-214d-53e3-8b4c-845cc94561a4,e77bd6fd-811a-5c6d-b26e-3f5dca3e208f,THPT,2026,60,tuyensinh247
1df315b3-a888-562a-b63b-7cc94fd4d207,3094faff-0607-5619-b3aa-7ea95d8071d6,DGNL_HN,2026,40,tuyensinh247
71387d75-898d-544f-973a-678c05ac2f57,3094faff-0607-5619-b3aa-7ea95d8071d6,DGTD,2026,40,tuyensinh247
88edfcf6-1d50-5b81-b83c-38c5a7f568a8,3094faff-0607-5619-b3aa-7ea95d8071d6,THPT,2026,40,tuyensinh247
ce1064b9-5faf-5536-a2a3-0006d9d85a26,5b90b5ff-725b-524d-9bdf-c7d185d70839,DGNL_HN,2026,300,tuyensinh247
618b69ff-cd28-532e-9942-b7dc67580cac,5b90b5ff-725b-524d-9bdf-c7d185d70839,DGTD,2026,300,tuyensinh247
20b6b251-9c38-562f-bf6f-f126f743e7e5,5b90b5ff-725b-524d-9bdf-c7d185d70839,THPT,2026,300,tuyensinh247
1c9c94fe-6806-5d29-aa8e-f8b472e6bb69,9ae669da-3512-5c3e-ac2e-0da4f29d2b4d,DGNL_HN,2026,60,tuyensinh247
803660b5-0f4c-5fc3-ab13-42a44cf5efa4,9ae669da-3512-5c3e-ac2e-0da4f29d2b4d,DGTD,2026,60,tuyensinh247
652d6a64-f257-5d72-a391-5efa54ba8af5,9ae669da-3512-5c3e-ac2e-0da4f29d2b4d,THPT,2026,60,tuyensinh247
b7cb3c19-ebb1-5767-824e-86dee8509d5f,27eedc5d-d3e2-5233-a6e7-74911e1e38ad,DGNL_HN,2026,180,tuyensinh247
79a9d5fb-6797-59f2-937f-e064adfd103c,27eedc5d-d3e2-5233-a6e7-74911e1e38ad,DGTD,2026,180,tuyensinh247
8d610da8-074f-5cad-8764-b0472ed0b799,27eedc5d-d3e2-5233-a6e7-74911e1e38ad,THPT,2026,180,tuyensinh247
1dd14346-aef6-510d-96c8-ea8a9f4a9ba2,50685c3b-7cbd-5065-9956-5dfb03f2b02c,DGNL_HN,2026,40,tuyensinh247
574b47c4-cd83-5a9c-bd96-733c37062644,50685c3b-7cbd-5065-9956-5dfb03f2b02c,DGTD,2026,40,tuyensinh247
8e9d740a-e4b9-5033-8542-a20ab8b6cd8c,50685c3b-7cbd-5065-9956-5dfb03f2b02c,THPT,2026,40,tuyensinh247
5af6ec2e-8ee7-5769-a7c4-7664e8e30643,9bb3150f-d739-5a18-8c96-ea5cde19f8b9,DGNL_HN,2026,50,tuyensinh247
948fc2a0-4b6b-5d0c-b6ca-49bb2ea59c57,9bb3150f-d739-5a18-8c96-ea5cde19f8b9,DGTD,2026,50,tuyensinh247
c59140f9-cca2-5695-91d1-abc3faf8239c,9bb3150f-d739-5a18-8c96-ea5cde19f8b9,THPT,2026,50,tuyensinh247
0e1bd824-6217-5a47-b1c6-20c79acce2f6,e397243b-56c3-5194-bc9b-6ab2d72b023b,DGNL_HN,2026,120,tuyensinh247
97d0020d-b47e-5613-833b-f7ce211e8f5c,e397243b-56c3-5194-bc9b-6ab2d72b023b,DGTD,2026,120,tuyensinh247
0e6d9927-e378-52a9-8b80-3f373e31a631,e397243b-56c3-5194-bc9b-6ab2d72b023b,THPT,2026,120,tuyensinh247
625c5d68-41a7-54cb-81e3-94ab0026730b,0dd59373-7e2d-5ecf-9e0d-b8f1f56b8ec5,DGNL_HN,2026,60,tuyensinh247
2a2aa3b2-27a9-5b97-8d70-fdd72ff0b202,0dd59373-7e2d-5ecf-9e0d-b8f1f56b8ec5,DGTD,2026,60,tuyensinh247
0c4e117f-0404-52d8-aad4-41f48b8992d1,0dd59373-7e2d-5ecf-9e0d-b8f1f56b8ec5,THPT,2026,60,tuyensinh247
67d1f4ba-ba8b-5051-9fa5-b5da31c7408f,f8cfa333-b3b1-5782-aa17-d62dfb83380b,DGNL_HN,2026,60,tuyensinh247
590d2681-c72e-5e23-8bac-a38a7e2e3e9f,f8cfa333-b3b1-5782-aa17-d62dfb83380b,DGTD,2026,60,tuyensinh247
52aa3db4-c9b3-5bb1-a309-f06a475e8536,f8cfa333-b3b1-5782-aa17-d62dfb83380b,THPT,2026,60,tuyensinh247
74d8cc55-7745-51eb-8755-1ea5912caa88,cc62e9bb-f7a4-57f0-bbfe-fc86c2392d49,DGNL_HN,2026,60,tuyensinh247
0eb58c8c-ec0e-5d84-b041-78e54a6de623,cc62e9bb-f7a4-57f0-bbfe-fc86c2392d49,DGTD,2026,60,tuyensinh247
6e08d28a-ab84-567a-90e9-a737d4d373a1,cc62e9bb-f7a4-57f0-bbfe-fc86c2392d49,THPT,2026,60,tuyensinh247
e5df9126-7a2d-5da8-a40f-7d4ea2e44622,8cb4816f-bdc7-539a-8758-d66cfeb6abc2,DGNL_HN,2026,120,tuyensinh247
4b1c3cdd-3eee-5e66-95a9-e7edc227bc18,8cb4816f-bdc7-539a-8758-d66cfeb6abc2,DGTD,2026,120,tuyensinh247
76105965-1965-53a9-9e1e-aa23b2133458,8cb4816f-bdc7-539a-8758-d66cfeb6abc2,THPT,2026,120,tuyensinh247
49a43256-4d74-5605-98a6-6d27b36e0b45,aa398195-6cac-5af8-8008-4b8ef1043e34,DGNL_HN,2026,50,tuyensinh247
0981ef9f-4af7-5cca-a73c-7196c5fed4b7,aa398195-6cac-5af8-8008-4b8ef1043e34,DGTD,2026,50,tuyensinh247
461f74c4-2159-52fc-ac1a-7b47095c4ffe,aa398195-6cac-5af8-8008-4b8ef1043e34,THPT,2026,50,tuyensinh247
f48ca619-0f63-50a6-b914-63d73fe7085d,56d4249c-5830-577a-ae86-1e4fe055c34d,DGNL_HN,2026,180,tuyensinh247
1fd2ddec-e4dd-5f4a-b5ca-0b65c8a18eb3,56d4249c-5830-577a-ae86-1e4fe055c34d,DGTD,2026,180,tuyensinh247
9dd42ae3-ce71-509c-b69c-ba7a72d4e1f7,56d4249c-5830-577a-ae86-1e4fe055c34d,THPT,2026,180,tuyensinh247
fafad4b8-d1e2-5c79-877a-03a081db86d5,01e2ceef-ab06-562d-bb01-d8c633fecc66,DGNL_HN,2026,60,tuyensinh247
ab97e22a-4662-52db-b48b-eac63a63bf95,01e2ceef-ab06-562d-bb01-d8c633fecc66,DGTD,2026,60,tuyensinh247
3c9e49a5-0f51-5ea0-839c-83a34dd6e6a5,01e2ceef-ab06-562d-bb01-d8c633fecc66,THPT,2026,60,tuyensinh247
9be0b129-9b06-5098-a9d2-40b4de2064cb,71c2c50c-f82f-5b52-a483-fcdf5ded3998,DGNL_HN,2026,140,tuyensinh247
88b439a7-45e3-5972-bb4f-5016567de7e3,71c2c50c-f82f-5b52-a483-fcdf5ded3998,DGTD,2026,140,tuyensinh247
a1c1ddc9-33f1-5f63-8309-b3e45bc47272,71c2c50c-f82f-5b52-a483-fcdf5ded3998,THPT,2026,140,tuyensinh247
2f0ece1b-5996-5358-9c02-108cc05fc4ca,7edf5bd8-8d35-578a-9cd4-391514973296,DGNL_HN,2026,40,tuyensinh247
0c3bcef7-454b-57b9-8084-76bffcd794f5,7edf5bd8-8d35-578a-9cd4-391514973296,DGTD,2026,40,tuyensinh247
a5511f14-6e5d-59e9-86bc-3cb4fd93a59f,7edf5bd8-8d35-578a-9cd4-391514973296,THPT,2026,40,tuyensinh247
51305373-b99c-570d-8d71-406bd21076fe,a35bce02-eec8-533a-9305-1d6f7a8278f4,DGNL_HN,2026,130,tuyensinh247
1386dfe3-e503-52ad-9922-ec3846b14aed,a35bce02-eec8-533a-9305-1d6f7a8278f4,DGTD,2026,130,tuyensinh247
bfa4ac83-1d9a-564d-89f1-5f4cb330a19f,a35bce02-eec8-533a-9305-1d6f7a8278f4,THPT,2026,130,tuyensinh247
fd0afe52-ccbd-53ac-bf32-988fb8e56070,e92eeeef-1b4b-5d70-ae0e-98baca42316c,DGNL_HN,2026,60,tuyensinh247
c88beb65-018b-51df-b2d5-508e28fc30bb,e92eeeef-1b4b-5d70-ae0e-98baca42316c,DGTD,2026,60,tuyensinh247
6b13386c-0638-566c-a804-1853a4f95c80,e92eeeef-1b4b-5d70-ae0e-98baca42316c,THPT,2026,60,tuyensinh247
fab5bb40-a64b-5bb1-94b6-70cb4915724f,82ad104d-74a4-5369-9468-a1c67a48039a,DGNL_HN,2026,130,tuyensinh247
59c4ad2c-9194-5dbd-95cd-1a237033d72f,82ad104d-74a4-5369-9468-a1c67a48039a,DGTD,2026,130,tuyensinh247
20db9d88-0a5a-5679-a9f6-e502612ca122,82ad104d-74a4-5369-9468-a1c67a48039a,THPT,2026,130,tuyensinh247
5cfd603a-1182-5843-beb1-9666a51f860c,e92ac32a-d784-5183-bcac-fd0dc4c88424,DGNL_HN,2026,40,tuyensinh247
6921007f-bd98-5644-a30b-62790ba95eb9,e92ac32a-d784-5183-bcac-fd0dc4c88424,DGTD,2026,40,tuyensinh247
a0b83999-bdbb-53ea-ac7a-2156c43204a8,e92ac32a-d784-5183-bcac-fd0dc4c88424,THPT,2026,40,tuyensinh247
bb6283ac-9ce6-537d-977f-78e88fd9548f,bf45746d-f7eb-5e5e-bed1-4f1056adf4cd,DGNL_HN,2026,60,tuyensinh247
3231ebcc-667f-53f2-8ab5-67d00a021df6,bf45746d-f7eb-5e5e-bed1-4f1056adf4cd,DGTD,2026,60,tuyensinh247
c9c79a60-c624-5ca0-930c-daba3c432449,bf45746d-f7eb-5e5e-bed1-4f1056adf4cd,THPT,2026,60,tuyensinh247
db001589-291f-5c46-b0fa-dac9a1b2bc85,d8e22200-2c1a-5a47-a841-285c499ade89,DGNL_HN,2026,20,tuyensinh247
56219d2b-7ae3-59b7-b6ad-3cb54c5b2b83,d8e22200-2c1a-5a47-a841-285c499ade89,DGTD,2026,20,tuyensinh247
536c5cd1-065e-59d9-9032-5048a3983b1e,d8e22200-2c1a-5a47-a841-285c499ade89,THPT,2026,20,tuyensinh247
b8366e14-c490-5e8c-a323-979a82177b67,51c8d316-dd61-52bf-9cd1-86fdec2f54f9,DGNL_HN,2026,,tuyensinh247
74fb971a-c75f-5b61-b514-c9bdce235cb9,51c8d316-dd61-52bf-9cd1-86fdec2f54f9,DGTD,2026,,tuyensinh247
1593cc61-b384-5340-9fc8-22d474f1e480,51c8d316-dd61-52bf-9cd1-86fdec2f54f9,THPT,2026,,tuyensinh247
d371999b-5276-5608-a944-9b91fd1b09db,86458aa9-2905-5bb1-9e43-06b9369b1565,DGNL_HN,2026,,tuyensinh247
482bb6e9-9115-5eac-b8af-e439c2378d49,86458aa9-2905-5bb1-9e43-06b9369b1565,DGTD,2026,,tuyensinh247
286a776e-0bc9-56d0-9989-317281b6400b,86458aa9-2905-5bb1-9e43-06b9369b1565,THPT,2026,,tuyensinh247
d793be37-c1f5-5af0-a812-408cafe0bc0d,8c09a87c-f0b5-58eb-91b9-b3c44c41ebe9,DGNL_HN,2026,,tuyensinh247
0f384f18-eba0-59d5-864e-a6207fa38630,8c09a87c-f0b5-58eb-91b9-b3c44c41ebe9,DGTD,2026,,tuyensinh247
bde3a980-3f0c-5bc9-a626-732f8c77e3cf,8c09a87c-f0b5-58eb-91b9-b3c44c41ebe9,THPT,2026,,tuyensinh247
822df647-0a3a-5d6b-99d8-5148eebaa342,d1641a0e-096a-574a-ad5c-d5ad8e2afd58,DGNL_HN,2026,,tuyensinh247
4214c397-a285-5be6-b241-7ed372bdd707,d1641a0e-096a-574a-ad5c-d5ad8e2afd58,DGTD,2026,,tuyensinh247
022f840a-7b94-5ae3-ac09-8700e557905c,d1641a0e-096a-574a-ad5c-d5ad8e2afd58,THPT,2026,,tuyensinh247
45a5e435-bbe3-55d7-bced-3772207ffc87,b9212456-85c3-5ecb-9b92-dba1fccb68a5,DGNL_HN,2026,,tuyensinh247
68eac128-e932-5ab3-9380-eee26259ba5d,b9212456-85c3-5ecb-9b92-dba1fccb68a5,DGTD,2026,,tuyensinh247
ae115e83-053b-5fc5-9eb4-a513ee22bfad,b9212456-85c3-5ecb-9b92-dba1fccb68a5,THPT,2026,,tuyensinh247
224ee4f3-46c8-5d1e-b374-57414fce8b4a,1153c31c-2d04-5726-865d-ea4a3e487ddd,DGNL_HN,2026,,tuyensinh247
cd985618-f1c6-5b90-9723-214c36dec44d,1153c31c-2d04-5726-865d-ea4a3e487ddd,DGTD,2026,,tuyensinh247
8aca4f2f-b4a1-580a-b90e-33a7bcd489a5,1153c31c-2d04-5726-865d-ea4a3e487ddd,THPT,2026,,tuyensinh247
c369d040-01dd-5bb8-8ea9-814b447e1851,0aa41e33-81ae-52f1-99f1-92260b2ec163,DGNL_HN,2026,,tuyensinh247
064767ce-a34a-58be-8daa-85e2d0aefb03,0aa41e33-81ae-52f1-99f1-92260b2ec163,DGTD,2026,,tuyensinh247
15b0a9aa-0a91-5570-a2cf-062929438d57,0aa41e33-81ae-52f1-99f1-92260b2ec163,THPT,2026,,tuyensinh247
8035552e-a055-5acb-bd3a-998147ef0b6d,961688aa-50b7-5dca-a7a4-6aa8c7a3e8f6,DGNL_HN,2026,,tuyensinh247
b099a246-6fc1-582d-bd74-2c55d93746f3,961688aa-50b7-5dca-a7a4-6aa8c7a3e8f6,DGTD,2026,,tuyensinh247
6a067d36-e846-5f41-926d-ebe4622f3623,961688aa-50b7-5dca-a7a4-6aa8c7a3e8f6,THPT,2026,,tuyensinh247
a9c60767-0dd5-5f9c-b51a-538a852cf317,044e1f16-1733-52a9-9a1b-b760bec0ec3d,DGNL_HN,2026,,tuyensinh247
7a6eb21e-bb59-5f67-8a95-b21409d8e2a6,044e1f16-1733-52a9-9a1b-b760bec0ec3d,DGTD,2026,,tuyensinh247
bfcd6d36-b3ce-56ca-84f4-8dc0e7388be0,044e1f16-1733-52a9-9a1b-b760bec0ec3d,THPT,2026,,tuyensinh247
b2f0bd06-78dc-5818-8082-8d7f054289e7,31ec3a15-4c79-53b6-a517-b6331c142f07,DGNL_HN,2026,,tuyensinh247
6e841f06-f9f0-57cd-bacd-629266a6b4a7,31ec3a15-4c79-53b6-a517-b6331c142f07,DGTD,2026,,tuyensinh247
52484090-75dc-5888-b0b0-747b1e22a909,31ec3a15-4c79-53b6-a517-b6331c142f07,THPT,2026,,tuyensinh247
d66b00e0-7aec-595f-ae5d-13cc545dc9a4,882a590d-1e7a-5aae-92d7-ec86c9c9c557,DGNL_HN,2026,,tuyensinh247
db768cb2-90db-50a4-bb98-a418f2823e4a,882a590d-1e7a-5aae-92d7-ec86c9c9c557,DGTD,2026,,tuyensinh247
2d6b0258-10c9-516a-aab3-31d84c1ee7a2,882a590d-1e7a-5aae-92d7-ec86c9c9c557,THPT,2026,,tuyensinh247
170c5f78-7174-5725-b1f2-43ac504b0559,514a792d-02e6-5916-87a8-171f6073a104,DGNL_HN,2026,,tuyensinh247
515e3412-0797-52d4-9478-90ed376e4f4a,514a792d-02e6-5916-87a8-171f6073a104,DGTD,2026,,tuyensinh247
cd5b56e9-5c74-537b-ad0d-28c0d84ff59a,514a792d-02e6-5916-87a8-171f6073a104,THPT,2026,,tuyensinh247
45b51567-3ce9-5b6f-9052-6790d2ce83ca,8b8a14d2-e941-5cc3-96f9-75559f451867,DGNL_HN,2026,,tuyensinh247
97907835-a96c-503b-bdc6-bcf9d6688a7c,8b8a14d2-e941-5cc3-96f9-75559f451867,DGTD,2026,,tuyensinh247
a1b27645-c241-5f03-833c-2afa5c1116cb,8b8a14d2-e941-5cc3-96f9-75559f451867,THPT,2026,,tuyensinh247
8d8b6a39-5967-5715-94b6-b92dd5dc5b7c,60e1f87a-6b72-5b0c-b6d4-52d9c5d0ca53,DGNL_HN,2026,,tuyensinh247
96948c26-e61b-504f-a143-38b13c1f33b0,60e1f87a-6b72-5b0c-b6d4-52d9c5d0ca53,DGTD,2026,,tuyensinh247
3ca7557b-ef61-5d5d-a4e0-685038542cd4,60e1f87a-6b72-5b0c-b6d4-52d9c5d0ca53,THPT,2026,,tuyensinh247
55c9f79e-013e-565e-811b-c37414a79677,64534fe3-88d9-5624-87c5-24b3903d8cd6,DGNL_HN,2026,,tuyensinh247
1c38b0e9-6419-5dc4-aec3-7e3fcd858150,64534fe3-88d9-5624-87c5-24b3903d8cd6,DGTD,2026,,tuyensinh247
881efd98-296e-52c8-bdae-f34e4eb488e6,64534fe3-88d9-5624-87c5-24b3903d8cd6,THPT,2026,,tuyensinh247
37d4c821-5839-530b-9c24-65140c2094ab,f33527b5-c3b1-5ae4-a51c-f23c1e902bd8,DGNL_HN,2026,,tuyensinh247
00cbbc42-40d4-5082-b767-5128d43c4d47,f33527b5-c3b1-5ae4-a51c-f23c1e902bd8,DGTD,2026,,tuyensinh247
0e5045c6-2004-501f-b35e-fd6925402c45,f33527b5-c3b1-5ae4-a51c-f23c1e902bd8,THPT,2026,,tuyensinh247
e8465328-44d8-5be6-b08d-e8c6cb1281cd,bae140b5-f228-59e4-80b7-86ec227ae20f,DGNL_HN,2026,,tuyensinh247
5dcb5845-a67b-5313-ab76-8d7808d6d4ce,bae140b5-f228-59e4-80b7-86ec227ae20f,DGTD,2026,,tuyensinh247
0476ef85-99dd-5e6d-bb0a-563906a061ac,bae140b5-f228-59e4-80b7-86ec227ae20f,THPT,2026,,tuyensinh247
1a3e9f34-e36f-5dd4-8b45-a1458888bab4,fbb2f934-870e-5fbf-8777-b148931913f4,DGNL_HN,2026,,tuyensinh247
56c3b913-71eb-58d7-aada-6da8bc002ddd,fbb2f934-870e-5fbf-8777-b148931913f4,DGTD,2026,,tuyensinh247
9e08ca80-e505-51cc-abb9-4d98509cb6ce,fbb2f934-870e-5fbf-8777-b148931913f4,THPT,2026,,tuyensinh247
163d339c-5a01-58c5-a42b-feb2471deac9,fbb2f934-870e-5fbf-8777-b148931913f4,XTT,2026,,tuyensinh247
953cb53c-b7c4-50e5-b718-e92ac63b325b,57f2713d-bf62-500e-9b12-2f8e1a487175,DGNL_HN,2026,,tuyensinh247
2db0433f-815e-52a2-9847-1e34139dc684,57f2713d-bf62-500e-9b12-2f8e1a487175,DGTD,2026,,tuyensinh247
c4b0acc9-8463-58d2-9f87-df787282dd11,57f2713d-bf62-500e-9b12-2f8e1a487175,THPT,2026,,tuyensinh247
c14166cb-e945-5d9f-b99b-4414eaffb32e,57f2713d-bf62-500e-9b12-2f8e1a487175,XTT,2026,,tuyensinh247
4d7722f0-5578-5648-8ead-1273cb18cf33,3b05bc53-6300-503a-9cfe-8b0fa4a35d4e,DGNL_HN,2026,,tuyensinh247
20890f11-114a-57de-abac-074141ba55b8,3b05bc53-6300-503a-9cfe-8b0fa4a35d4e,DGTD,2026,,tuyensinh247
eebf1c77-66de-5b44-a0a6-088056f1718d,3b05bc53-6300-503a-9cfe-8b0fa4a35d4e,THPT,2026,,tuyensinh247
61670b02-5387-5bce-84da-e1242c043ec1,3b05bc53-6300-503a-9cfe-8b0fa4a35d4e,XTT,2026,,tuyensinh247
296595d0-b07b-59f1-a7a9-6d0ebd7f19ea,83c83802-f006-5976-840b-88dcf7483d12,DGNL_HN,2026,,tuyensinh247
6ffc1b14-9b7f-5c7f-b114-447e90300525,83c83802-f006-5976-840b-88dcf7483d12,DGTD,2026,,tuyensinh247
fb3ea118-20f4-549c-bced-b1143f159348,83c83802-f006-5976-840b-88dcf7483d12,THPT,2026,,tuyensinh247
c02a9784-eee8-51ca-bac0-f41dc4f9ca78,83c83802-f006-5976-840b-88dcf7483d12,XTT,2026,,tuyensinh247
604f5057-ce57-55bb-bd86-5a19b780c4db,27ea0218-4a17-57bc-904c-3ce62a5c7d66,DGNL_HN,2026,,tuyensinh247
f385a9d6-f4c4-5731-8d2f-a4ef97f3d604,27ea0218-4a17-57bc-904c-3ce62a5c7d66,DGTD,2026,,tuyensinh247
b6bff225-20bf-5a34-a6dd-c17d19af3e7e,27ea0218-4a17-57bc-904c-3ce62a5c7d66,THPT,2026,,tuyensinh247
70eef928-493e-56a0-8420-cd708fc9569d,27ea0218-4a17-57bc-904c-3ce62a5c7d66,XTT,2026,,tuyensinh247
dec3ff65-c30f-54b7-80f7-2e67dd0a6697,d4f89cee-529b-51d8-8caf-65343add97d0,DGNL_HN,2026,,tuyensinh247
f3346f90-27cb-5426-850c-703604f58f97,d4f89cee-529b-51d8-8caf-65343add97d0,DGTD,2026,,tuyensinh247
b301f34e-878b-57af-8fc2-a3721b8b6a87,d4f89cee-529b-51d8-8caf-65343add97d0,THPT,2026,,tuyensinh247
cefb9228-8bf6-5e64-8e74-3720f7bf6548,d4f89cee-529b-51d8-8caf-65343add97d0,XTT,2026,,tuyensinh247
2cc7df44-e99b-5b87-871b-0c178a7e9eb5,1a4935c0-3262-53c6-84d5-e53afa491f0c,DGNL_HN,2026,,tuyensinh247
c2b3c70c-1604-540e-9486-38699556d08e,1a4935c0-3262-53c6-84d5-e53afa491f0c,DGTD,2026,,tuyensinh247
6d61e0d2-5428-55ca-bbc8-8a6f0f7783c3,1a4935c0-3262-53c6-84d5-e53afa491f0c,THPT,2026,,tuyensinh247
9eb47265-1642-5c98-9441-b67801f21b55,1a4935c0-3262-53c6-84d5-e53afa491f0c,XTT,2026,,tuyensinh247
3f07233c-cac9-56be-b246-6b1967b95d36,ee7b28e3-d404-5882-a0b1-fec207e1094e,DGNL_HN,2026,,tuyensinh247
77a6d49a-4aa4-5754-ab3b-bb4f709d962f,ee7b28e3-d404-5882-a0b1-fec207e1094e,DGTD,2026,,tuyensinh247
ef85c362-e7b1-5cb4-9b4e-bad722de93fd,ee7b28e3-d404-5882-a0b1-fec207e1094e,THPT,2026,,tuyensinh247
39bad281-91b8-54a5-8820-9efcb05f8587,ee7b28e3-d404-5882-a0b1-fec207e1094e,XTT,2026,,tuyensinh247
2b3ee745-7cc0-5987-ba5d-4978e639d90a,10b0b28d-6cc3-5585-8d46-c1377fe4fc1b,DGNL_HN,2026,,tuyensinh247
10e031e1-59d3-5efe-b5b1-97effa54a564,10b0b28d-6cc3-5585-8d46-c1377fe4fc1b,DGTD,2026,,tuyensinh247
b057548d-8d85-514b-a25b-d1f4274bd9c2,10b0b28d-6cc3-5585-8d46-c1377fe4fc1b,THPT,2026,,tuyensinh247
ab31d700-abaa-591f-9cab-11b90576a5ac,10b0b28d-6cc3-5585-8d46-c1377fe4fc1b,XTT,2026,,tuyensinh247
ba163a8f-8f65-52cd-a846-7d5dd8c9c7f6,e592d050-aed6-5e4c-a698-848d39686a47,DGNL_HN,2026,,tuyensinh247
45b5b179-b785-5593-beab-641035389179,e592d050-aed6-5e4c-a698-848d39686a47,DGTD,2026,,tuyensinh247
457efa70-005c-5e2a-b772-7d956c8464b1,e592d050-aed6-5e4c-a698-848d39686a47,THPT,2026,,tuyensinh247
834aa84e-45aa-516e-bbe7-c49fd89dadb6,e592d050-aed6-5e4c-a698-848d39686a47,XTT,2026,,tuyensinh247
dc119c07-291e-5303-bc9f-a2e973f956db,55d1f63f-f588-5376-a176-9af1aec3e522,DGNL_HN,2026,,tuyensinh247
55c5ff1c-3989-5f1a-8b05-a9949846a461,55d1f63f-f588-5376-a176-9af1aec3e522,DGTD,2026,,tuyensinh247
eb52d79b-4ee4-5382-bd11-ada317656d52,55d1f63f-f588-5376-a176-9af1aec3e522,THPT,2026,,tuyensinh247
22e69a24-a85c-509d-be2e-903e27efda66,55d1f63f-f588-5376-a176-9af1aec3e522,XTT,2026,,tuyensinh247
9a3b64d5-16af-56e0-9eb6-8df0b4382b6b,7d5e0e87-8136-5e06-bcfa-1b9ca4608bab,DGNL_HN,2026,,tuyensinh247
8c47fcf8-ada2-5a44-b41a-f432acc13a73,7d5e0e87-8136-5e06-bcfa-1b9ca4608bab,DGTD,2026,,tuyensinh247
b91b8a82-0fa3-5375-b8cb-cb006f174732,7d5e0e87-8136-5e06-bcfa-1b9ca4608bab,THPT,2026,,tuyensinh247
225f6fd4-4985-5fa2-a2cd-4f25273e668e,7d5e0e87-8136-5e06-bcfa-1b9ca4608bab,XTT,2026,,tuyensinh247
37c218df-431f-5180-9eaf-36973456ba8f,06966057-5a81-52e1-8d58-1a6a9c17f280,DGNL_HN,2026,,tuyensinh247
804ca828-a656-5f84-8ac0-0e63bf5b94ab,06966057-5a81-52e1-8d58-1a6a9c17f280,DGTD,2026,,tuyensinh247
128d0e5c-db4f-5e18-a19d-ff620e8aff68,06966057-5a81-52e1-8d58-1a6a9c17f280,THPT,2026,,tuyensinh247
73cd173c-7d5b-57e7-bc88-8a8effcb662a,06966057-5a81-52e1-8d58-1a6a9c17f280,XTT,2026,,tuyensinh247
04d126e4-870b-578e-88e3-2ccd9bd70552,a899be23-690f-5278-8373-5820c5f2c9bd,DGNL_HN,2026,,tuyensinh247
bfb3081f-4630-563c-bb0f-09acf5511401,a899be23-690f-5278-8373-5820c5f2c9bd,DGTD,2026,,tuyensinh247
c7aa4629-96e0-58bd-919d-32809440af7b,a899be23-690f-5278-8373-5820c5f2c9bd,THPT,2026,,tuyensinh247
b2726e81-f65d-57a9-8c58-f728085a7e76,a899be23-690f-5278-8373-5820c5f2c9bd,XTT,2026,,tuyensinh247
fd4983f4-18d6-5e02-aa0a-4aab58af763c,9ed362c3-970b-5da2-8a8a-c3f16c1d86bd,DGNL_HN,2026,,tuyensinh247
08631703-4e58-59a9-8f58-60f1b7a8c43b,9ed362c3-970b-5da2-8a8a-c3f16c1d86bd,DGTD,2026,,tuyensinh247
2b11b204-649a-5640-9782-374af1726d42,9ed362c3-970b-5da2-8a8a-c3f16c1d86bd,THPT,2026,,tuyensinh247
f89a9e2c-c8ff-541c-9651-b1c004aa7515,9ed362c3-970b-5da2-8a8a-c3f16c1d86bd,XTT,2026,,tuyensinh247
f325b96f-8319-5e6f-8eda-f8f21c6dbf2d,173a6e44-9ccc-50ad-8231-a143b94fd550,DGNL_HN,2026,,tuyensinh247
2f47a783-78dd-5ac0-b874-a7cfa72c1879,173a6e44-9ccc-50ad-8231-a143b94fd550,DGTD,2026,,tuyensinh247
316cc63d-bbba-5f5c-9255-31bfbf43128d,173a6e44-9ccc-50ad-8231-a143b94fd550,THPT,2026,,tuyensinh247
6d4bd72b-df78-50b3-be09-4cbf1ca40517,173a6e44-9ccc-50ad-8231-a143b94fd550,XTT,2026,,tuyensinh247
f6c20db9-4325-57d4-b2d2-35e7d40d7f54,19fe56b2-19d3-5d31-8313-6ec5d19cf462,DGNL_HN,2026,,tuyensinh247
68160c93-a4cb-56bf-b914-82dc2e6a1ff0,19fe56b2-19d3-5d31-8313-6ec5d19cf462,DGTD,2026,,tuyensinh247
6813da5c-16e6-5cc7-ab28-e1ec077801fb,19fe56b2-19d3-5d31-8313-6ec5d19cf462,THPT,2026,,tuyensinh247
b1da33c2-be13-51e3-951c-3cf7f5404d2d,19fe56b2-19d3-5d31-8313-6ec5d19cf462,XTT,2026,,tuyensinh247
9132b143-7027-5fe3-ba97-d73b5470772b,1c9fa87c-0e0f-5e68-b340-4f762315b598,DGNL_HN,2026,,tuyensinh247
7fea2740-2736-5f62-9d55-cc6fbd551744,1c9fa87c-0e0f-5e68-b340-4f762315b598,DGTD,2026,,tuyensinh247
2af812eb-298d-5cee-a0ce-b089f8c95046,1c9fa87c-0e0f-5e68-b340-4f762315b598,THPT,2026,,tuyensinh247
a5c1de0f-9f91-559d-9b4e-f35582d57ba6,1c9fa87c-0e0f-5e68-b340-4f762315b598,XTT,2026,,tuyensinh247
afa00ec4-c4d8-5166-8f0e-ec35f4f12668,9dd248ed-fc50-5a5c-b921-19a79a7f7b1b,DGNL_HN,2026,,tuyensinh247
ffaa856f-1110-5cb9-b7dd-90b3153513c2,9dd248ed-fc50-5a5c-b921-19a79a7f7b1b,DGTD,2026,,tuyensinh247
873f1d56-c387-590b-bf3b-0bf64e80e2c0,9dd248ed-fc50-5a5c-b921-19a79a7f7b1b,THPT,2026,,tuyensinh247
7b7f05a6-eb05-5793-9e5f-c1472c37b236,9dd248ed-fc50-5a5c-b921-19a79a7f7b1b,XTT,2026,,tuyensinh247
f3996b49-4623-5e82-91ee-587628f21d55,51794be4-000c-55f3-b215-90eafbad5b2b,DGNL_HN,2026,,tuyensinh247
42c4f8a3-9411-51b1-af8b-b5cfa44a53dd,51794be4-000c-55f3-b215-90eafbad5b2b,DGTD,2026,,tuyensinh247
ac6caa9c-38d1-5ac5-bc6c-d49c6d8533ed,51794be4-000c-55f3-b215-90eafbad5b2b,THPT,2026,,tuyensinh247
9c8a3ec3-e90f-5924-93e5-d55a322c9a87,51794be4-000c-55f3-b215-90eafbad5b2b,XTT,2026,,tuyensinh247
0a6e51d3-c4e1-5f42-8d22-8a32a6206760,606c29cf-fa58-56fe-a8c4-832b1610b1d1,DGNL_HN,2026,,tuyensinh247
98993bf5-ac85-5b2a-9608-dc66d54cfa07,606c29cf-fa58-56fe-a8c4-832b1610b1d1,DGTD,2026,,tuyensinh247
24637fda-9db7-5f06-9f69-d30b3b6c049d,606c29cf-fa58-56fe-a8c4-832b1610b1d1,THPT,2026,,tuyensinh247
15aead73-8049-51a8-b199-9fb468533d51,606c29cf-fa58-56fe-a8c4-832b1610b1d1,XTT,2026,,tuyensinh247
5b0caed2-315f-54c0-bef3-502102323c26,28d3eea4-cbdf-5447-9d79-92032e5bf876,DGNL_HN,2026,,tuyensinh247
21634222-14dd-544e-882f-a0ef3114227c,28d3eea4-cbdf-5447-9d79-92032e5bf876,DGTD,2026,,tuyensinh247
404675e5-9f77-5086-8173-451e08ef0c72,28d3eea4-cbdf-5447-9d79-92032e5bf876,THPT,2026,,tuyensinh247
d103211f-ed44-57cb-b0e6-b859d620074b,28d3eea4-cbdf-5447-9d79-92032e5bf876,XTT,2026,,tuyensinh247
bbf0a535-be24-51b4-9c30-8706c240499e,30ded4ae-e6ff-5001-bd0e-95bd00e91234,DGNL_HN,2026,,tuyensinh247
07979543-3a52-545c-915e-0284074a9ebe,30ded4ae-e6ff-5001-bd0e-95bd00e91234,DGTD,2026,,tuyensinh247
3d89bc74-07e2-596a-b2c6-0031cb5e88a1,30ded4ae-e6ff-5001-bd0e-95bd00e91234,THPT,2026,,tuyensinh247
5e201a3b-ac04-5558-9270-9ccdff8f286f,30ded4ae-e6ff-5001-bd0e-95bd00e91234,XTT,2026,,tuyensinh247
db6738b2-b52c-589d-989d-6d891105aff7,4baafc1b-bd08-5b88-b36c-f4616418b72d,DGNL_HN,2026,,tuyensinh247
74c47097-f34c-56a2-865c-606d3b3fa98b,4baafc1b-bd08-5b88-b36c-f4616418b72d,DGTD,2026,,tuyensinh247
30f5411b-3948-5df0-8dd6-2716e08a0727,4baafc1b-bd08-5b88-b36c-f4616418b72d,THPT,2026,,tuyensinh247
3659076a-e89f-5dea-bc3a-31209c9a6779,4baafc1b-bd08-5b88-b36c-f4616418b72d,XTT,2026,,tuyensinh247
3bb866dc-22d3-5c1d-99e1-330c8cc57d9d,bd6af368-6013-54f5-9e2c-18a510d6f43a,DGNL_HN,2026,,tuyensinh247
d85ee819-f71b-594f-8d71-2b9bfd48ffea,bd6af368-6013-54f5-9e2c-18a510d6f43a,DGTD,2026,,tuyensinh247
860b18f2-31e0-5bce-a08c-acc942b37157,bd6af368-6013-54f5-9e2c-18a510d6f43a,THPT,2026,,tuyensinh247
ffcd929e-f933-5d24-87f7-3b84de51ef7f,bd6af368-6013-54f5-9e2c-18a510d6f43a,XTT,2026,,tuyensinh247
210947fb-aa89-5af0-97d9-b0be7e5126de,60f7038e-3561-5ed4-9c94-7307b7cc2bd1,DGNL_HN,2026,,tuyensinh247
1edfa716-9b2e-5f7a-9e24-bc547950f8e4,60f7038e-3561-5ed4-9c94-7307b7cc2bd1,DGTD,2026,,tuyensinh247
878fa1e0-5aa8-52f5-a66e-c34696def06d,60f7038e-3561-5ed4-9c94-7307b7cc2bd1,THPT,2026,,tuyensinh247
7fe1c8fb-2796-5f07-875d-6631d24a0f6c,60f7038e-3561-5ed4-9c94-7307b7cc2bd1,XTT,2026,,tuyensinh247
c32d5484-a8e6-52ed-87f1-c4d73bd24589,c45e97bf-83e1-5c78-a2a0-6bd000f086a8,DGNL_HN,2026,230,tuyensinh247
02aada89-74cc-5d2a-a098-b7ff3b297758,c45e97bf-83e1-5c78-a2a0-6bd000f086a8,DGTD,2026,230,tuyensinh247
c581ddc3-9f05-537c-99e0-b30b28a70ecc,c45e97bf-83e1-5c78-a2a0-6bd000f086a8,THPT,2026,230,tuyensinh247
8e74f097-a85e-5420-a48f-6dab7ba6cffc,9bfc0514-b720-5fd5-ac15-05390b39a65c,DGNL_HN,2026,320,tuyensinh247
7d8eabe6-0348-5f3f-b8da-0e32d107533b,9bfc0514-b720-5fd5-ac15-05390b39a65c,DGTD,2026,320,tuyensinh247
e0b2a340-c03e-5f1d-9b03-661084039b24,9bfc0514-b720-5fd5-ac15-05390b39a65c,THPT,2026,320,tuyensinh247
fb2dfa54-e549-5386-9b62-7ce108d97d24,3208457d-3f18-5688-bb56-d683d2b2f49d,DGNL_HN,2026,200,tuyensinh247
93b58e3a-30ff-5c07-860d-9a4d37a469ca,3208457d-3f18-5688-bb56-d683d2b2f49d,DGTD,2026,200,tuyensinh247
ccbbe61a-aea9-5b33-8c14-011009d49723,3208457d-3f18-5688-bb56-d683d2b2f49d,THPT,2026,200,tuyensinh247
f1ac62d3-2dec-5357-95aa-31b8f60ed1ed,5b1425ff-bbe4-5123-9f24-45e1cae59fcf,DGNL_HN,2026,100,tuyensinh247
09d543d2-a688-53d8-9065-06f1b478c4a3,5b1425ff-bbe4-5123-9f24-45e1cae59fcf,DGTD,2026,100,tuyensinh247
f94a779f-a473-5241-9825-329323937122,5b1425ff-bbe4-5123-9f24-45e1cae59fcf,THPT,2026,100,tuyensinh247
c56eeebe-5dc2-5db9-af76-46bd2cf294c5,5b1947e9-9fd1-5b1f-9450-2cb5950b2895,DGNL_HN,2026,300,tuyensinh247
6ef909a7-5797-5a51-89ad-733b0f81011a,5b1947e9-9fd1-5b1f-9450-2cb5950b2895,DGTD,2026,300,tuyensinh247
894911b6-01ad-504d-8e17-0f3e3a84556c,5b1947e9-9fd1-5b1f-9450-2cb5950b2895,THPT,2026,300,tuyensinh247
ab49b2db-8287-594d-9361-687ddd862f89,b417d2e3-356e-5125-bb9b-901a1bdcde29,DGNL_HN,2026,350,tuyensinh247
55a50b7f-1806-5657-aa0a-beae215074d3,b417d2e3-356e-5125-bb9b-901a1bdcde29,DGTD,2026,350,tuyensinh247
3a51c837-1fca-5816-9c5a-fbfcd9013a7b,b417d2e3-356e-5125-bb9b-901a1bdcde29,THPT,2026,350,tuyensinh247
4ba4d4d9-6cc1-5b71-9341-2e323ccab896,65255ae0-ad72-5215-8314-e0b9919d4aa1,DGNL_HN,2026,120,tuyensinh247
84f32509-41fd-5a77-ba60-8f60358cb725,65255ae0-ad72-5215-8314-e0b9919d4aa1,DGTD,2026,120,tuyensinh247
846b7bca-4e1a-5887-bc36-a0a68cccd43f,65255ae0-ad72-5215-8314-e0b9919d4aa1,THPT,2026,120,tuyensinh247
350c6802-931b-50a2-88b5-12e407c117b4,94ab1a16-d935-5fa1-bc09-362433add764,DGNL_HN,2026,200,tuyensinh247
5e5b1efe-3eae-53c7-b0bd-184d0275b39f,94ab1a16-d935-5fa1-bc09-362433add764,DGTD,2026,200,tuyensinh247
42b1acfd-546e-5a84-a2dd-e7e7ee47ca55,94ab1a16-d935-5fa1-bc09-362433add764,THPT,2026,200,tuyensinh247
842eea98-c67a-5251-b8da-eea3af6275e5,418e6a06-a2dc-5394-a03c-7bcccd0c0c7b,DGNL_HN,2026,100,tuyensinh247
5f55424b-5c2d-5662-ba59-62f225fecb4f,418e6a06-a2dc-5394-a03c-7bcccd0c0c7b,DGTD,2026,100,tuyensinh247
d9433597-f538-5f8f-a9d2-78080b102bc1,418e6a06-a2dc-5394-a03c-7bcccd0c0c7b,THPT,2026,100,tuyensinh247
6e19843a-6ed3-544a-8232-74edb70feb5f,8299391d-3f5d-56df-b44d-1acbcac88c7a,DGNL_HN,2026,100,tuyensinh247
e307e8f2-c329-5f1a-b071-153a5d06dff6,8299391d-3f5d-56df-b44d-1acbcac88c7a,DGTD,2026,100,tuyensinh247
fa483d79-a988-558d-87cb-688af418cca0,8299391d-3f5d-56df-b44d-1acbcac88c7a,THPT,2026,100,tuyensinh247
6c5ef711-7101-5433-9005-8a3383f82e88,f0a81819-2e27-5f52-83f2-2158539d0e6a,DGNL_HN,2026,200,tuyensinh247
66d9b5da-4799-5a59-8d81-5f1da0766b4a,f0a81819-2e27-5f52-83f2-2158539d0e6a,DGTD,2026,200,tuyensinh247
853b059c-cd11-5902-8a7b-901911cedc98,f0a81819-2e27-5f52-83f2-2158539d0e6a,THPT,2026,200,tuyensinh247
7b804955-94fa-5d44-a7d0-4c7086e793b9,9d3b78b1-7e91-505c-ba69-058a0c39e79e,DGNL_HN,2026,250,tuyensinh247
d7f3203e-0218-52f9-9d69-877e99a727e8,9d3b78b1-7e91-505c-ba69-058a0c39e79e,DGTD,2026,250,tuyensinh247
4e284fd5-309f-5163-a4f5-48da5ba4b57f,9d3b78b1-7e91-505c-ba69-058a0c39e79e,THPT,2026,250,tuyensinh247
c84d63e4-7f60-5c08-8994-1b9f90474e44,9e34552f-d4fc-5544-aaf3-67c58f5d9a16,DGNL_HN,2026,750,tuyensinh247
17fb3dbc-6023-52aa-8661-a95738fe089c,9e34552f-d4fc-5544-aaf3-67c58f5d9a16,DGTD,2026,750,tuyensinh247
27ea3399-a036-599c-ac77-766c1efa104f,9e34552f-d4fc-5544-aaf3-67c58f5d9a16,THPT,2026,750,tuyensinh247
b93379b7-f951-564e-a451-42ac3b4a7da1,bcdc7985-d8b5-5061-9676-951c0e5f3ec6,DGNL_HN,2026,150,tuyensinh247
4d8b4a7e-ba2d-56c5-9edf-8ff1f49674a5,bcdc7985-d8b5-5061-9676-951c0e5f3ec6,DGTD,2026,150,tuyensinh247
2ebcb92a-8a7c-5512-b2e1-e37f08cb2dd8,bcdc7985-d8b5-5061-9676-951c0e5f3ec6,THPT,2026,150,tuyensinh247
5ab08c4d-77f5-5882-afed-2c7397860118,dd1c1449-b712-599d-a02f-8aca5b268c1e,DGNL_HN,2026,260,tuyensinh247
3b5ad882-4c3e-56da-ba9a-d1d20d81a7fd,dd1c1449-b712-599d-a02f-8aca5b268c1e,DGTD,2026,260,tuyensinh247
3b6a90a5-cf39-590a-9347-a6c6cceca6c0,dd1c1449-b712-599d-a02f-8aca5b268c1e,THPT,2026,260,tuyensinh247
dda0a7f6-f92a-575f-9fc6-62023e081da6,6da61016-4bab-5e2f-9262-2a7d3dc766bc,DGNL_HN,2026,300,tuyensinh247
b9033f13-9f2e-533f-90dd-3a80357ce7b7,6da61016-4bab-5e2f-9262-2a7d3dc766bc,DGTD,2026,300,tuyensinh247
93148cbd-b122-5e4c-9987-55f8f7e5c1f5,6da61016-4bab-5e2f-9262-2a7d3dc766bc,THPT,2026,300,tuyensinh247
9e70a24e-0eba-5d89-b12b-9e42bdc8c65b,701316df-3032-5377-9e18-462b75afdae5,DGNL_HN,2026,270,tuyensinh247
62de213f-9c65-564b-8c14-f5552dead212,701316df-3032-5377-9e18-462b75afdae5,DGTD,2026,270,tuyensinh247
6636fdc9-285a-5d12-893a-3a3a7f1b8ecc,701316df-3032-5377-9e18-462b75afdae5,THPT,2026,270,tuyensinh247
c75359e2-fbd8-51d0-be26-cb143274293d,32193703-8616-5545-9a7a-58039a3c0cd1,DGNL_HN,2026,700,tuyensinh247
06466a65-c17a-543f-8cdd-e2ae8e9313de,32193703-8616-5545-9a7a-58039a3c0cd1,DGTD,2026,700,tuyensinh247
8ef09ec4-b2b4-56a8-a963-2d28b60d36ed,32193703-8616-5545-9a7a-58039a3c0cd1,THPT,2026,700,tuyensinh247
45c05621-ed20-530c-a01d-ab1c4417d054,d90fca24-f4c5-5d16-9290-8058e36955f7,DGNL_HN,2026,420,tuyensinh247
1a7aa459-0e28-5463-a8f0-60e5a2a8aeed,d90fca24-f4c5-5d16-9290-8058e36955f7,DGTD,2026,420,tuyensinh247
242b6847-13ac-59fc-a86a-9b93b24f1c3e,d90fca24-f4c5-5d16-9290-8058e36955f7,THPT,2026,420,tuyensinh247
37835da1-e805-5699-ad31-453001f425b4,6f9c6d93-3d39-5fad-9ee8-0477ce27ecf5,DGNL_HN,2026,650,tuyensinh247
619c1423-e437-5a61-801e-ba02598d73d1,6f9c6d93-3d39-5fad-9ee8-0477ce27ecf5,DGTD,2026,650,tuyensinh247
e8d21fd3-1906-553b-81e4-7d0cfe77b13f,6f9c6d93-3d39-5fad-9ee8-0477ce27ecf5,THPT,2026,650,tuyensinh247
a09d4b49-d5c2-5455-a331-04bf8e38c5d9,2fbf91bb-8f55-5cf3-8a30-22c64eef1611,DGNL_HN,2026,80,tuyensinh247
46616af2-164d-54aa-859d-f88c9794b8bd,2fbf91bb-8f55-5cf3-8a30-22c64eef1611,DGTD,2026,80,tuyensinh247
f05bc90e-8d50-5aaa-9c8b-2cfe66712b92,2fbf91bb-8f55-5cf3-8a30-22c64eef1611,THPT,2026,80,tuyensinh247
7bf69a69-d5c9-5907-8759-2c4f87ca17ca,650b81f4-35e5-5478-aeba-9ff6ce020c05,DGNL_HN,2026,130,tuyensinh247
ae718543-52fb-5b22-9766-948f965b8eed,650b81f4-35e5-5478-aeba-9ff6ce020c05,DGTD,2026,130,tuyensinh247
f37afe8d-6520-5b20-ad39-fa3faf1e5aed,650b81f4-35e5-5478-aeba-9ff6ce020c05,THPT,2026,130,tuyensinh247
b3304b06-6c93-5b55-961b-4f7277eb7c28,9ea8caa1-cec8-5ad6-9770-954d879796da,DGNL_HN,2026,90,tuyensinh247
c69d73c1-abd7-5c73-bdf7-91667f584c4f,9ea8caa1-cec8-5ad6-9770-954d879796da,DGTD,2026,90,tuyensinh247
7e2d4006-79fc-5efa-9d58-965565774c71,9ea8caa1-cec8-5ad6-9770-954d879796da,THPT,2026,90,tuyensinh247
0810808e-d72d-5914-b0e1-6dc0a046bc88,674957c5-e436-5c51-8f60-6e73861102d5,DGNL_HN,2026,50,tuyensinh247
3a21f6ed-ffef-57cb-9b41-816a55f389b4,674957c5-e436-5c51-8f60-6e73861102d5,DGTD,2026,50,tuyensinh247
031583b4-18f4-5f60-bf69-b9d91dfa1727,674957c5-e436-5c51-8f60-6e73861102d5,THPT,2026,50,tuyensinh247
c61d145c-e7bb-568b-8a60-fe6d3a7fa68b,74ef7dbf-9876-5617-9ad9-1eeb7209c1eb,DGNL_HN,2026,200,tuyensinh247
415ec087-34a6-5f8f-9410-b9948a0821fc,74ef7dbf-9876-5617-9ad9-1eeb7209c1eb,DGTD,2026,200,tuyensinh247
f06769ff-6f9f-5d67-b4e7-9868a5babd1f,74ef7dbf-9876-5617-9ad9-1eeb7209c1eb,THPT,2026,200,tuyensinh247
1d082994-fad8-5f56-b7ca-74b4cc02ffe6,9a07817f-decb-5470-a7be-d97de08846e9,DGNL_HN,2026,100,tuyensinh247
5235f64e-4a0a-5705-9563-82e9806f730c,9a07817f-decb-5470-a7be-d97de08846e9,DGTD,2026,100,tuyensinh247
20a3a9c5-4dff-552f-b978-f5b3d295ebf9,9a07817f-decb-5470-a7be-d97de08846e9,THPT,2026,100,tuyensinh247
a18b84a4-fe4a-55c1-91d8-07a5b941f1f2,1db7239b-fe48-543f-9011-65bb1d87169f,DGNL_HN,2026,180,tuyensinh247
e6086557-211a-5dbc-8c07-7a420652ca01,1db7239b-fe48-543f-9011-65bb1d87169f,DGTD,2026,180,tuyensinh247
a037dad0-680e-55b5-8a27-a7aef9bca5a9,1db7239b-fe48-543f-9011-65bb1d87169f,THPT,2026,180,tuyensinh247
ad58ebd6-ef73-563e-ae0c-bfd51c1a6de5,eb188f16-7bb6-5025-ac26-7d17ca0a2aca,DGNL_HN,2026,230,tuyensinh247
15310830-ce6a-57e2-b221-60d0aa1ff44d,eb188f16-7bb6-5025-ac26-7d17ca0a2aca,DGTD,2026,230,tuyensinh247
23e0045c-49c6-5150-901c-4a8eaaf32229,eb188f16-7bb6-5025-ac26-7d17ca0a2aca,THPT,2026,230,tuyensinh247
dd76f7e9-ca6b-5c94-be87-7baa455013ea,73fa8ba5-8528-55a0-b09d-18656b2d8b0f,DGNL_HN,2026,100,tuyensinh247
5a2e7169-f35e-5e68-be77-b316973aad3f,73fa8ba5-8528-55a0-b09d-18656b2d8b0f,DGTD,2026,100,tuyensinh247
864d7dbd-2151-5b65-9646-4d6944aaba55,73fa8ba5-8528-55a0-b09d-18656b2d8b0f,THPT,2026,100,tuyensinh247
3861d145-e086-5114-a0de-41f14695e353,5a63b5dc-bdd6-5b06-94a9-5f91bb305619,DGNL_HN,2026,100,tuyensinh247
bd145d3b-8124-560f-92fe-81dae7a59290,5a63b5dc-bdd6-5b06-94a9-5f91bb305619,DGTD,2026,100,tuyensinh247
529d64ef-f86c-5bdd-b291-eb0f48e5d4ef,5a63b5dc-bdd6-5b06-94a9-5f91bb305619,THPT,2026,100,tuyensinh247
aca3f0a6-11a8-5cfc-a28f-52f426abe3b8,0abb3af9-881b-5228-8f65-af6b314539c9,DGNL_HN,2026,100,tuyensinh247
6bb7d493-52c3-5bc9-8434-d00871b074e2,0abb3af9-881b-5228-8f65-af6b314539c9,DGTD,2026,100,tuyensinh247
bd2b4b9f-c057-5f3a-bd41-bd75484444ac,0abb3af9-881b-5228-8f65-af6b314539c9,THPT,2026,100,tuyensinh247
74d5f1ee-a78c-5807-b73e-8edf3083579b,ad9cd0d4-9f13-55b8-8985-4df0609505fc,DGNL_HN,2026,80,tuyensinh247
eefa410b-c1d8-5ee4-a7e0-673d2bb15dcc,ad9cd0d4-9f13-55b8-8985-4df0609505fc,DGTD,2026,80,tuyensinh247
1d71b079-76a0-5b1a-b6a2-ac8ce9b5f36d,ad9cd0d4-9f13-55b8-8985-4df0609505fc,THPT,2026,80,tuyensinh247
603e2a2f-ec5b-5e0b-991d-edb7d38ff57d,01de8ab8-16f9-570f-8a09-f1a218990099,DGNL_HN,2026,280,tuyensinh247
42ceabdd-8284-5789-997b-7525a402da7d,01de8ab8-16f9-570f-8a09-f1a218990099,DGTD,2026,280,tuyensinh247
a4233848-17b7-5578-9f2b-d53b1e89aee3,01de8ab8-16f9-570f-8a09-f1a218990099,THPT,2026,280,tuyensinh247
7c3bfa43-b338-568a-8d5d-8bd060a35951,e1865ce4-507e-572e-a565-97c593cad458,DGNL_HN,2026,150,tuyensinh247
5202bfbf-91cb-5c29-8f59-b4cece208333,e1865ce4-507e-572e-a565-97c593cad458,DGTD,2026,150,tuyensinh247
f027142b-ada2-55aa-affc-047dcc7333a6,e1865ce4-507e-572e-a565-97c593cad458,THPT,2026,150,tuyensinh247
0c7d10fd-36d4-5ec8-a7fc-be460f9f4890,bcf3d28d-2ad0-5782-b9df-b02fb400ebaf,DGNL_HN,2026,,tuyensinh247
c2cb7ea2-f7eb-51c7-a65c-823e5c783275,bcf3d28d-2ad0-5782-b9df-b02fb400ebaf,DGTD,2026,,tuyensinh247
cb4c3319-ca70-5ec6-86d9-c48f783e1f0d,bcf3d28d-2ad0-5782-b9df-b02fb400ebaf,HBA,2026,,tuyensinh247
f95d7fbe-7788-51b7-83a9-6052bf8b6d42,bcf3d28d-2ad0-5782-b9df-b02fb400ebaf,THPT,2026,,tuyensinh247
21fdfed7-413f-532c-8ef2-415b4eb1408f,bcf3d28d-2ad0-5782-b9df-b02fb400ebaf,XTT,2026,,tuyensinh247
25e66cce-bda4-500d-aa1a-df44b9d95e42,d72a7331-4d0d-56cc-b97d-93f8182c517c,DGNL_HN,2026,,tuyensinh247
337594b8-5a98-53fd-8519-acec1154c699,d72a7331-4d0d-56cc-b97d-93f8182c517c,DGTD,2026,,tuyensinh247
09a54baf-d231-5d34-91c5-f0639c174dfd,d72a7331-4d0d-56cc-b97d-93f8182c517c,HBA,2026,,tuyensinh247
9f4aaa5a-c6cd-5e6f-98aa-8fdc1282ece8,d72a7331-4d0d-56cc-b97d-93f8182c517c,THPT,2026,,tuyensinh247
8b4a3e2b-5479-5505-89da-61b40abe1b92,d72a7331-4d0d-56cc-b97d-93f8182c517c,XTT,2026,,tuyensinh247
0b93a899-f770-58f5-9908-39084b8f3254,5c152aed-fe26-5b51-a9b2-fc71f965b882,DGNL_HN,2026,,tuyensinh247
628f9e19-2faf-5bbf-8016-03b545a87154,5c152aed-fe26-5b51-a9b2-fc71f965b882,DGTD,2026,,tuyensinh247
e2bd3a34-dd5c-567b-a72d-22c74adaeca6,5c152aed-fe26-5b51-a9b2-fc71f965b882,HBA,2026,,tuyensinh247
c4b2ba96-80a5-54fc-a2c3-c51becebcf60,5c152aed-fe26-5b51-a9b2-fc71f965b882,THPT,2026,,tuyensinh247
d60bc726-87b3-50b3-81f3-2ff4c2e078fb,5c152aed-fe26-5b51-a9b2-fc71f965b882,XTT,2026,,tuyensinh247
4238b476-d4fc-5700-9ce1-f8ab9725069a,c421d03e-e03c-57ae-90fa-2d8e46e23ef5,DGNL_HN,2026,,tuyensinh247
c0ccfa72-c1a2-5271-a8a9-b71608d3d7ce,c421d03e-e03c-57ae-90fa-2d8e46e23ef5,DGTD,2026,,tuyensinh247
3e00d954-bf41-5791-bcc8-376f7f128e32,c421d03e-e03c-57ae-90fa-2d8e46e23ef5,HBA,2026,,tuyensinh247
ba8c5c89-230e-5110-8917-a6b1713851af,c421d03e-e03c-57ae-90fa-2d8e46e23ef5,THPT,2026,,tuyensinh247
eedf0c2e-ba26-5404-9b0b-273132c47378,c421d03e-e03c-57ae-90fa-2d8e46e23ef5,XTT,2026,,tuyensinh247
c0af6802-0c39-5e02-85cf-e940441662f1,6438a1e9-e36b-56d4-8adf-0a9560d987ca,DGNL_HN,2026,,tuyensinh247
a75b6ff7-b69d-5da4-b9a9-b9a207780c1e,6438a1e9-e36b-56d4-8adf-0a9560d987ca,DGTD,2026,,tuyensinh247
a63f24e4-94d7-56e9-bb6a-17126f06dff9,6438a1e9-e36b-56d4-8adf-0a9560d987ca,HBA,2026,,tuyensinh247
b870fd09-e576-5fd5-b8c9-6fce353dc1ee,6438a1e9-e36b-56d4-8adf-0a9560d987ca,THPT,2026,,tuyensinh247
1e6bcb46-54a8-51ae-9f27-24e95eaca55f,6438a1e9-e36b-56d4-8adf-0a9560d987ca,XTT,2026,,tuyensinh247
a124ea48-b6b7-56ef-b440-1c6abb869b31,6e925c61-f41b-5fda-af5c-420c08500a9e,DGNL_HN,2026,,tuyensinh247
7963f76c-4ff5-5add-9655-4983fc11f98f,6e925c61-f41b-5fda-af5c-420c08500a9e,DGTD,2026,,tuyensinh247
48dbac86-4fbf-5cd8-ab40-85b77869e5c9,6e925c61-f41b-5fda-af5c-420c08500a9e,HBA,2026,,tuyensinh247
47bc3f9e-ec0b-550f-89d1-725672bf6af2,6e925c61-f41b-5fda-af5c-420c08500a9e,THPT,2026,,tuyensinh247
88b0c92e-feb7-5be3-82f1-707006b64f6f,6e925c61-f41b-5fda-af5c-420c08500a9e,XTT,2026,,tuyensinh247
510e9a22-c12b-5271-b9ba-98aae6d2423c,0aff5a7e-fbf8-539b-af2c-698aa311ee68,DGNL_HN,2026,,tuyensinh247
d1e561a5-12ad-5741-b2ab-8cc630cd8a3f,0aff5a7e-fbf8-539b-af2c-698aa311ee68,DGTD,2026,,tuyensinh247
936f65a8-8018-57af-a099-1b83e3af3e42,0aff5a7e-fbf8-539b-af2c-698aa311ee68,HBA,2026,,tuyensinh247
dd77cc61-46a0-57fb-a14c-49307fe132d4,0aff5a7e-fbf8-539b-af2c-698aa311ee68,THPT,2026,,tuyensinh247
78c85b9a-16ad-5abd-acf8-395fa1bc510b,0aff5a7e-fbf8-539b-af2c-698aa311ee68,XTT,2026,,tuyensinh247
94b6d034-6c12-55f0-b271-29a52d1496ca,304552f4-2d00-5bc4-95c7-d40aa1c21d4f,DGNL_HN,2026,,tuyensinh247
9626732a-b4a8-5c4a-9774-207d992370ed,304552f4-2d00-5bc4-95c7-d40aa1c21d4f,DGTD,2026,,tuyensinh247
43d993e0-21fa-5c4d-85c6-0dbe89c9c4ae,304552f4-2d00-5bc4-95c7-d40aa1c21d4f,HBA,2026,,tuyensinh247
f87365b6-49d4-55bd-bd98-c9a4db3b84c7,304552f4-2d00-5bc4-95c7-d40aa1c21d4f,THPT,2026,,tuyensinh247
7a8fb938-8dcd-578f-b207-cd1011feedc0,304552f4-2d00-5bc4-95c7-d40aa1c21d4f,XTT,2026,,tuyensinh247
a4d85438-504e-51d2-a997-15d27b64eb28,607b396e-0ad0-5cac-bba3-f7004780042f,DGNL_HN,2026,,tuyensinh247
b55bacc3-6471-524c-b560-9908be195a38,607b396e-0ad0-5cac-bba3-f7004780042f,DGTD,2026,,tuyensinh247
9f3dcb11-97f4-51c2-b5eb-bbedf33d94b8,607b396e-0ad0-5cac-bba3-f7004780042f,HBA,2026,,tuyensinh247
a31a81d7-b4fe-5d39-82af-6c6e30de1e2b,607b396e-0ad0-5cac-bba3-f7004780042f,THPT,2026,,tuyensinh247
864276d0-060a-56e1-8474-fe66c17e49f2,607b396e-0ad0-5cac-bba3-f7004780042f,XTT,2026,,tuyensinh247
14a2f703-8934-5ff3-86e6-b7f913b3e6c3,2c16da09-d780-5b34-bd07-e6313f9726a3,DGNL_HN,2026,,tuyensinh247
22387cd4-4c1b-5145-888f-52fb93715f8a,2c16da09-d780-5b34-bd07-e6313f9726a3,DGTD,2026,,tuyensinh247
f23c6ab9-48fc-5540-8db3-1ba92899c6b1,2c16da09-d780-5b34-bd07-e6313f9726a3,HBA,2026,,tuyensinh247
794496af-fd71-5cda-8f6d-780c70d2732f,2c16da09-d780-5b34-bd07-e6313f9726a3,THPT,2026,,tuyensinh247
bb20446b-a672-51eb-a7a2-b7eef02b11b3,2c16da09-d780-5b34-bd07-e6313f9726a3,XTT,2026,,tuyensinh247
1470af7a-178e-5dce-bde1-4fba682e6335,6c28e9f8-67db-5f0b-a834-9ec9586cf146,DGNL_HN,2026,,tuyensinh247
ff76b9d6-ccbd-5216-9316-f3b131537f8b,6c28e9f8-67db-5f0b-a834-9ec9586cf146,DGTD,2026,,tuyensinh247
f7423573-fdc0-5495-aa23-0c3ec199a415,6c28e9f8-67db-5f0b-a834-9ec9586cf146,HBA,2026,,tuyensinh247
3f2d1842-5a3d-53f6-bed6-4d6e628060b8,6c28e9f8-67db-5f0b-a834-9ec9586cf146,THPT,2026,,tuyensinh247
6c166554-03d4-5780-a615-eaa5fedb508a,6c28e9f8-67db-5f0b-a834-9ec9586cf146,XTT,2026,,tuyensinh247
0a9dd2da-5350-5f67-942e-d7e4ea6c5e84,5221fc55-44c8-5b31-8309-a6f1cabc16dc,DGNL_HN,2026,,tuyensinh247
dd59ea99-fbdd-5cb0-8a88-26f628e70a4f,5221fc55-44c8-5b31-8309-a6f1cabc16dc,DGTD,2026,,tuyensinh247
0365e455-1d30-5e72-95e7-d41f8cac956b,5221fc55-44c8-5b31-8309-a6f1cabc16dc,HBA,2026,,tuyensinh247
2d3d9b1d-aace-5b48-b66a-265a1f320e42,5221fc55-44c8-5b31-8309-a6f1cabc16dc,THPT,2026,,tuyensinh247
e5fbce4f-ae19-5b9b-9383-e5a1e48b657e,5221fc55-44c8-5b31-8309-a6f1cabc16dc,XTT,2026,,tuyensinh247
f275152c-7f5d-5712-ae09-ce7e4cc59249,85632c68-85bc-5d35-9c5d-35761431b2a5,DGNL_HN,2026,,tuyensinh247
1bc5f9ed-5617-5904-92f6-f04142716d50,85632c68-85bc-5d35-9c5d-35761431b2a5,DGTD,2026,,tuyensinh247
e7a8b560-ccd9-517e-8555-eabc0692d7f5,85632c68-85bc-5d35-9c5d-35761431b2a5,HBA,2026,,tuyensinh247
061bf509-01bf-5c37-b571-a252b61d83f3,85632c68-85bc-5d35-9c5d-35761431b2a5,THPT,2026,,tuyensinh247
e5cf0d1c-8e0a-517a-b74b-96d3cf656c16,85632c68-85bc-5d35-9c5d-35761431b2a5,XTT,2026,,tuyensinh247
6a22449b-be65-52dc-ba3e-4e8c14e8f3f1,4dc53be8-7e44-5517-8a8c-867a2c233635,DGNL_HN,2026,,tuyensinh247
48c34ad8-8af0-55f1-9cad-9401129eef87,4dc53be8-7e44-5517-8a8c-867a2c233635,DGTD,2026,,tuyensinh247
430a0b90-d33a-56e6-8553-27def0e40f88,4dc53be8-7e44-5517-8a8c-867a2c233635,HBA,2026,,tuyensinh247
10222680-73d9-5197-9b46-161a11f78d09,4dc53be8-7e44-5517-8a8c-867a2c233635,THPT,2026,,tuyensinh247
f0e7a288-d3d6-588a-b7eb-bf8f99b1b292,4dc53be8-7e44-5517-8a8c-867a2c233635,XTT,2026,,tuyensinh247
f1e337f1-0c0a-504a-81a9-cc1db3ce77eb,12c441b6-8156-5f96-9d06-fa99a3c8054d,DGNL_HN,2026,,tuyensinh247
fdc20d8c-68f3-5f10-8279-b94196cabb7c,12c441b6-8156-5f96-9d06-fa99a3c8054d,DGTD,2026,,tuyensinh247
619b9b23-4113-580b-8031-ce9d65df7e54,12c441b6-8156-5f96-9d06-fa99a3c8054d,HBA,2026,,tuyensinh247
0b57cfaf-4ad8-503c-8ac2-bab91bff01f3,12c441b6-8156-5f96-9d06-fa99a3c8054d,THPT,2026,,tuyensinh247
ffa88752-ee91-586c-aa7e-1284c68c5033,12c441b6-8156-5f96-9d06-fa99a3c8054d,XTT,2026,,tuyensinh247
9e122388-e08a-51d8-af89-03f6233da271,e364d040-75bd-5577-930d-45d4dd945b1d,DGNL_HN,2026,,tuyensinh247
df6a6cb6-c90c-526a-b0b1-f4da589d7881,e364d040-75bd-5577-930d-45d4dd945b1d,DGTD,2026,,tuyensinh247
d8efbc91-83b0-5cd1-b0b7-c96d8762c0c2,e364d040-75bd-5577-930d-45d4dd945b1d,HBA,2026,,tuyensinh247
179fb124-b57e-53ba-955f-67d6e59c0a38,e364d040-75bd-5577-930d-45d4dd945b1d,THPT,2026,,tuyensinh247
990f73c3-4f7f-5048-a16f-3cfe62397ba8,e364d040-75bd-5577-930d-45d4dd945b1d,XTT,2026,,tuyensinh247
04060bfa-a98b-5b90-93c1-477d71c35305,b2b7e949-2d34-550e-969f-55af8ecb555c,DGNL_HN,2026,,tuyensinh247
190fcf4a-748f-57c8-8a41-318314b50bb5,b2b7e949-2d34-550e-969f-55af8ecb555c,DGTD,2026,,tuyensinh247
b6e4a481-7a82-5b17-8922-1ac7d63d25ef,b2b7e949-2d34-550e-969f-55af8ecb555c,HBA,2026,,tuyensinh247
16b01de9-230f-5a1c-a300-4c15832ea871,b2b7e949-2d34-550e-969f-55af8ecb555c,THPT,2026,,tuyensinh247
a4a7077b-5706-51ab-a29f-a452f4bf920c,3e11e6a9-92a6-5ebc-b6b7-d0ab9266ba1a,DGNL_HN,2026,,tuyensinh247
ec1bf253-43c5-565b-9b64-ded3a48e0a9e,3e11e6a9-92a6-5ebc-b6b7-d0ab9266ba1a,DGTD,2026,,tuyensinh247
90aa3890-da1b-558f-b51f-8b0f4944c7b1,3e11e6a9-92a6-5ebc-b6b7-d0ab9266ba1a,HBA,2026,,tuyensinh247
68622e3c-53f2-514a-a849-fcb90b84e74d,3e11e6a9-92a6-5ebc-b6b7-d0ab9266ba1a,THPT,2026,,tuyensinh247
3b322268-67d4-5009-980a-7742322b80ec,716b400d-b42e-593e-9d9c-2452c37b3fa9,DGNL_HN,2026,,tuyensinh247
056d45b6-9ac1-5b99-9bf7-65512cfb2dd0,716b400d-b42e-593e-9d9c-2452c37b3fa9,DGTD,2026,,tuyensinh247
7062a7a2-7f81-5e61-8a22-77975164f3aa,716b400d-b42e-593e-9d9c-2452c37b3fa9,HBA,2026,,tuyensinh247
8c11d84a-acb7-5ff8-8e68-e5ee3bd24da7,716b400d-b42e-593e-9d9c-2452c37b3fa9,THPT,2026,,tuyensinh247
55c137dd-ea17-57e3-bd3f-fd149d3cb438,9918e1b5-dae0-52e5-a609-7ef03bc6042f,DGNL_HN,2026,,tuyensinh247
2119ef6a-5cd7-5129-ad1b-cef2d0f5515e,9918e1b5-dae0-52e5-a609-7ef03bc6042f,DGTD,2026,,tuyensinh247
f4879498-3ee8-5fa8-a332-1ec8f0c4431d,9918e1b5-dae0-52e5-a609-7ef03bc6042f,HBA,2026,,tuyensinh247
04c01276-422c-5f2b-9ffa-a21723c4397b,9918e1b5-dae0-52e5-a609-7ef03bc6042f,THPT,2026,,tuyensinh247
4593f6cc-3a2d-574d-91eb-d7238a9d3d37,82a4ebbf-5b3f-56d2-8539-b632015fa1b6,DGNL_HN,2026,60,tuyensinh247
1628d2bd-34d0-51e4-b5ad-49adcc90a7ce,82a4ebbf-5b3f-56d2-8539-b632015fa1b6,DGTD,2026,60,tuyensinh247
8065ef1b-2ce4-5f34-9906-18012a810844,82a4ebbf-5b3f-56d2-8539-b632015fa1b6,THPT,2026,60,tuyensinh247
c2c49fde-4484-5f93-9c99-f0ccdaf44508,e25ff552-4cc0-5c51-801e-8c62ea0566a5,DGNL_HN,2026,60,tuyensinh247
96b855a0-5960-5457-9acf-8d72c32c520b,e25ff552-4cc0-5c51-801e-8c62ea0566a5,DGTD,2026,60,tuyensinh247
3828cd38-91e2-5007-824c-cbfd84b45ff7,e25ff552-4cc0-5c51-801e-8c62ea0566a5,THPT,2026,60,tuyensinh247
abdf191f-4563-5f41-ab0c-d6464985e7ad,eaa1113a-8467-5987-8d20-100a12961bca,DGNL_HN,2026,170,tuyensinh247
00f231a2-f0ea-54f9-b57a-d34056150d3a,eaa1113a-8467-5987-8d20-100a12961bca,DGTD,2026,170,tuyensinh247
f8486ce0-4635-5594-9152-01cf6283079f,eaa1113a-8467-5987-8d20-100a12961bca,THPT,2026,170,tuyensinh247
3b3c7d22-65f7-5c4c-87ee-47920a0a8101,e35a4b4b-e228-5c5b-b8af-b341c44a2ad9,DGNL_HN,2026,70,tuyensinh247
49c2ddf0-0367-5e94-a81c-1b8f790afcda,e35a4b4b-e228-5c5b-b8af-b341c44a2ad9,DGTD,2026,70,tuyensinh247
a1c1b061-9e29-5b7a-82f4-146bfa5bb590,e35a4b4b-e228-5c5b-b8af-b341c44a2ad9,THPT,2026,70,tuyensinh247
244494c2-c54b-5485-8b38-6c872bcbf18f,93914edb-1a71-5b66-abca-a6d01f413f64,DGNL_HN,2026,120,tuyensinh247
df2d5288-295c-5bb6-8549-db813a290fcc,93914edb-1a71-5b66-abca-a6d01f413f64,DGTD,2026,120,tuyensinh247
5e33eac8-4b83-562b-bb7d-3a6da46212d7,93914edb-1a71-5b66-abca-a6d01f413f64,THPT,2026,120,tuyensinh247
9eddf8bb-53fa-5f1b-a824-c1bbe76dbaf9,9c20d0fa-7e88-51f8-b2b7-830b1c56824b,DGNL_HN,2026,430,tuyensinh247
8181ffc0-9563-5ad0-b4f3-f2a4e4bd8523,9c20d0fa-7e88-51f8-b2b7-830b1c56824b,DGTD,2026,430,tuyensinh247
55ad68b5-a951-5947-9f99-81f7392b4069,9c20d0fa-7e88-51f8-b2b7-830b1c56824b,THPT,2026,430,tuyensinh247
f78eef65-4f33-582d-b4a5-c1161df32a4e,3ebfc05c-fd91-5a8e-b69b-0d0b050293ed,DGNL_HN,2026,60,tuyensinh247
bc4bba48-0c6b-5318-8ce1-edb8f1db1c9e,3ebfc05c-fd91-5a8e-b69b-0d0b050293ed,DGTD,2026,60,tuyensinh247
eead1918-a039-554f-823d-6aeb9bec2a57,3ebfc05c-fd91-5a8e-b69b-0d0b050293ed,THPT,2026,60,tuyensinh247
45db28cc-546b-576c-83bd-87b8d9a4d0af,8cc03233-da60-5dc0-8398-48a278e2c811,DGNL_HN,2026,270,tuyensinh247
1bef540e-3b75-500e-a7bb-648d3d8f5e5c,8cc03233-da60-5dc0-8398-48a278e2c811,DGTD,2026,270,tuyensinh247
0a3629a6-26aa-53c5-96cc-a12cffaec81d,8cc03233-da60-5dc0-8398-48a278e2c811,THPT,2026,270,tuyensinh247
784f325e-ff7e-5b2c-b2d3-1240e26b7443,2108f961-085f-50e3-9aa7-1829989ca3ad,DGNL_HN,2026,120,tuyensinh247
552aad75-d1fb-59f1-a87f-5d04164694f6,2108f961-085f-50e3-9aa7-1829989ca3ad,DGTD,2026,120,tuyensinh247
1161ff3f-afe8-599a-a534-55ef43d80328,2108f961-085f-50e3-9aa7-1829989ca3ad,THPT,2026,120,tuyensinh247
961260f2-e42b-5772-8e67-0c8e79117160,06712144-17fd-5832-9163-54d7c2bfb1c4,DGNL_HN,2026,380,tuyensinh247
bae9252b-4905-5dba-9f62-f3cee33f422b,06712144-17fd-5832-9163-54d7c2bfb1c4,DGTD,2026,380,tuyensinh247
b18c7a4c-7286-5564-8d3e-4c557acc0c82,06712144-17fd-5832-9163-54d7c2bfb1c4,THPT,2026,380,tuyensinh247
e9258201-5f4a-596c-b7a5-16326e533edc,50f6d371-81d0-5235-b20d-08585f4cb699,DGNL_HN,2026,120,tuyensinh247
f10b080b-6ab2-5188-a99d-cf1db6ec9e6c,50f6d371-81d0-5235-b20d-08585f4cb699,DGTD,2026,120,tuyensinh247
e30e5450-fb55-5046-8557-186e355d0574,50f6d371-81d0-5235-b20d-08585f4cb699,THPT,2026,120,tuyensinh247
fbe4700a-0eb1-5269-bcf6-23384acab940,5f2351e4-5d01-5ad7-93ef-98be9c9b0b7b,DGNL_HN,2026,420,tuyensinh247
3a7a2b36-fe08-56d6-a7be-676484e7ee13,5f2351e4-5d01-5ad7-93ef-98be9c9b0b7b,DGTD,2026,420,tuyensinh247
aa15498e-c8d0-57ba-9e0a-d07024cf8db0,5f2351e4-5d01-5ad7-93ef-98be9c9b0b7b,THPT,2026,420,tuyensinh247
5605ed7e-897f-5994-9375-cccddd47bf33,0ac9c928-8dd9-53eb-8eb9-25d5b8847029,DGNL_HN,2026,60,tuyensinh247
8f03d095-0f3e-5bea-843c-a96f24b1177c,0ac9c928-8dd9-53eb-8eb9-25d5b8847029,DGTD,2026,60,tuyensinh247
62bced6b-0b69-5c80-99ac-7493c67c905b,0ac9c928-8dd9-53eb-8eb9-25d5b8847029,THPT,2026,60,tuyensinh247
14a674b9-a6b6-5369-9bf4-6da0e5e442cd,86eeaa85-f215-5fa1-a368-a2be1a4f50ad,DGNL_HN,2026,120,tuyensinh247
b1d904eb-6782-5623-9688-586d7779707d,86eeaa85-f215-5fa1-a368-a2be1a4f50ad,DGTD,2026,120,tuyensinh247
60cf508f-90fb-50b1-8ced-c59b27e6f931,86eeaa85-f215-5fa1-a368-a2be1a4f50ad,THPT,2026,120,tuyensinh247
6bac0f37-d933-5be5-ab90-44eaaf07e67b,e0bc6c69-7138-56c2-bc30-33dadb30a207,DGNL_HN,2026,180,tuyensinh247
b901bc60-840e-50f4-b14b-b82efb27a8cc,e0bc6c69-7138-56c2-bc30-33dadb30a207,DGTD,2026,180,tuyensinh247
41c5a8e9-8742-5e8d-bdc1-ceeabfee63eb,e0bc6c69-7138-56c2-bc30-33dadb30a207,THPT,2026,180,tuyensinh247
2dbdda59-ea04-5bca-9264-47b847aef044,a1125148-8539-5034-9b3f-77915d8ba4d6,DGNL_HN,2026,620,tuyensinh247
d01b6795-cd25-51d7-ba6e-dbfe6315e2d0,a1125148-8539-5034-9b3f-77915d8ba4d6,DGTD,2026,620,tuyensinh247
c804f6e2-14cb-5c37-ab3f-442c4f7ebb7f,a1125148-8539-5034-9b3f-77915d8ba4d6,THPT,2026,620,tuyensinh247
ae6ac396-e2e2-5dcd-a79b-7c29d16f7f92,b41e8377-f5b6-53b0-b0ed-f0f40b705d96,DGNL_HN,2026,60,tuyensinh247
aabef3ac-cee2-5ea5-a2c6-2db9c9cf2e41,b41e8377-f5b6-53b0-b0ed-f0f40b705d96,DGTD,2026,60,tuyensinh247
12bff19b-a071-535a-b630-5e08c396378c,b41e8377-f5b6-53b0-b0ed-f0f40b705d96,THPT,2026,60,tuyensinh247
b7cd6c68-84dd-5dbb-b8dd-c729c8c53d22,2c8e3e13-97b7-5f4b-89a0-c81badda28e3,DGNL_HN,2026,140,tuyensinh247
41f7c89f-333a-5c4a-afce-5d25804a06f9,2c8e3e13-97b7-5f4b-89a0-c81badda28e3,DGTD,2026,140,tuyensinh247
792da9f1-cdd2-5c89-8b82-5b105d82a274,2c8e3e13-97b7-5f4b-89a0-c81badda28e3,THPT,2026,140,tuyensinh247
9aaeec65-516e-56aa-9f10-2deb128a06c1,94b3123a-a8ce-54aa-885e-44039231a1a7,DGNL_HN,2026,210,tuyensinh247
529c6964-d661-559e-90f0-8ace4072a9b7,94b3123a-a8ce-54aa-885e-44039231a1a7,DGTD,2026,210,tuyensinh247
d00cf00c-c877-5e3d-a5dc-1171ddb73379,94b3123a-a8ce-54aa-885e-44039231a1a7,THPT,2026,210,tuyensinh247
60de9995-6a32-5bf6-9a71-1e017f8f73b4,83d7a343-414f-5ebd-9e43-0c5ee21cd02d,DGNL_HN,2026,60,tuyensinh247
ec73e9b8-c24e-571b-b710-c9030a2861b4,83d7a343-414f-5ebd-9e43-0c5ee21cd02d,DGTD,2026,60,tuyensinh247
3695436b-5506-5f11-8625-1e3e85263bbd,83d7a343-414f-5ebd-9e43-0c5ee21cd02d,THPT,2026,60,tuyensinh247
77bbf00f-c7b8-53ae-a5a0-a86ea8ae1663,6f5ea6bd-ea41-5399-a524-c644e1753a2a,DGNL_HN,2026,150,tuyensinh247
896db578-3abf-5b16-8f62-8d8df98fbba1,6f5ea6bd-ea41-5399-a524-c644e1753a2a,DGTD,2026,150,tuyensinh247
f8e693c3-2c77-5c14-904c-3d02c215399f,6f5ea6bd-ea41-5399-a524-c644e1753a2a,THPT,2026,150,tuyensinh247
b021e930-e305-510a-a0b4-0d266e78c0c3,ad5bcba0-2dfa-57c7-b6e0-a3f84180089f,DGNL_HN,2026,60,tuyensinh247
252d4769-d81d-5e67-bc0e-1c3de5f9cf8f,ad5bcba0-2dfa-57c7-b6e0-a3f84180089f,DGTD,2026,60,tuyensinh247
b9dfe394-c4eb-530d-87e9-bd542df31753,ad5bcba0-2dfa-57c7-b6e0-a3f84180089f,THPT,2026,60,tuyensinh247
eee6a24e-020a-5e22-9809-068d62f69a32,64058b30-385a-5c3d-9df8-14ca5cb3ee58,DGNL_HN,2026,150,tuyensinh247
5b67b9ed-1350-56fd-8d84-35cb8bbf788e,64058b30-385a-5c3d-9df8-14ca5cb3ee58,DGTD,2026,150,tuyensinh247
0a9a83e7-2a43-5c5d-a4fe-93de99f94a1e,64058b30-385a-5c3d-9df8-14ca5cb3ee58,THPT,2026,150,tuyensinh247
eb12fcec-399f-58ec-bd8d-1ad7beacb200,82e9ff69-97d6-5d0d-8213-3e4c08e72426,DGNL_HN,2026,120,tuyensinh247
381f6fcc-cb1f-58fa-a2d1-d2a3b8afec94,82e9ff69-97d6-5d0d-8213-3e4c08e72426,DGTD,2026,120,tuyensinh247
2cafbffa-d608-5b54-9a68-462b2312a2f9,82e9ff69-97d6-5d0d-8213-3e4c08e72426,THPT,2026,120,tuyensinh247
0d862ba2-f508-54c9-ab3b-c2a68a232183,ffdd901d-d29b-50bc-a72a-50382f83276b,DGNL_HN,2026,420,tuyensinh247
98cc9a76-d193-52d5-a922-210ade112477,ffdd901d-d29b-50bc-a72a-50382f83276b,DGTD,2026,420,tuyensinh247
ce7540c9-2b88-556f-b970-76b3ee07b4f9,ffdd901d-d29b-50bc-a72a-50382f83276b,THPT,2026,420,tuyensinh247
b1483981-4263-57e4-b2d4-8ffe859fd452,cc8ade27-f487-5ba3-8d60-fa16c1045a5a,DGNL_HN,2026,60,tuyensinh247
fd6fedd0-b7dd-5694-b6a5-6c1708c5b32f,cc8ade27-f487-5ba3-8d60-fa16c1045a5a,DGTD,2026,60,tuyensinh247
90614fc7-4725-52bb-a61d-fc2f067031f0,cc8ade27-f487-5ba3-8d60-fa16c1045a5a,THPT,2026,60,tuyensinh247
50b1b48b-4148-5263-89ec-7fb9cef0410a,1d943a82-c67f-5e3e-abf7-0218a57eebb8,DGNL_HN,2026,220,tuyensinh247
5d7757d2-f762-5112-8b10-657b5746dbfd,1d943a82-c67f-5e3e-abf7-0218a57eebb8,DGTD,2026,220,tuyensinh247
38cae9f3-f437-539e-8737-2081a627a317,1d943a82-c67f-5e3e-abf7-0218a57eebb8,THPT,2026,220,tuyensinh247
4be68e9d-8b67-5044-9cda-d2fb6e698df1,c5cdb555-5cad-5d25-9fe0-5c5568ebcf10,DGNL_HN,2026,60,tuyensinh247
80748bbf-e155-5535-aacc-b4f338e712e1,c5cdb555-5cad-5d25-9fe0-5c5568ebcf10,DGTD,2026,60,tuyensinh247
524bad82-a2fb-54f0-a1e9-328af57a235a,c5cdb555-5cad-5d25-9fe0-5c5568ebcf10,THPT,2026,60,tuyensinh247
6a1a70e8-db80-5c94-ae3e-1abe9d53afad,52c11145-2572-54fb-8472-2788d0f833ac,DGNL_HN,2026,220,tuyensinh247
27ae86aa-d8ff-5a70-911f-13b183db53ad,52c11145-2572-54fb-8472-2788d0f833ac,DGTD,2026,220,tuyensinh247
4325fcc1-241f-5716-abcb-e51cbda6152b,52c11145-2572-54fb-8472-2788d0f833ac,THPT,2026,220,tuyensinh247
c160e15c-326c-51be-88f5-2c318c66fd4c,eb6c94fc-fd9c-5f3c-a433-113da4d6269c,DGNL_HN,2026,60,tuyensinh247
b0271700-c347-50a3-b572-0662258f22d5,eb6c94fc-fd9c-5f3c-a433-113da4d6269c,DGTD,2026,60,tuyensinh247
485ada6a-53ef-555a-b449-01bd40f0c6db,eb6c94fc-fd9c-5f3c-a433-113da4d6269c,THPT,2026,60,tuyensinh247
5779963a-c390-5ab8-a600-bb4e00a556d0,a653c3db-f85d-50c0-b57b-7dc7353284fa,DGNL_HN,2026,220,tuyensinh247
d8051c5d-3e68-5c38-8279-db9642ee1c6a,a653c3db-f85d-50c0-b57b-7dc7353284fa,DGTD,2026,220,tuyensinh247
4090ebe3-a985-5242-a2fc-3f52e340c44c,a653c3db-f85d-50c0-b57b-7dc7353284fa,THPT,2026,220,tuyensinh247
b5487cb7-2a49-534f-8f3a-2cdb0848e9a7,4f557594-a2d6-5b5e-895a-770a75118892,DGNL_HN,2026,60,tuyensinh247
d23062ff-7744-59a0-939c-7326cf4acabe,4f557594-a2d6-5b5e-895a-770a75118892,DGTD,2026,60,tuyensinh247
194eeee2-ddb0-5f76-b6fe-d039349a8ed0,4f557594-a2d6-5b5e-895a-770a75118892,THPT,2026,60,tuyensinh247
b1e7bf8b-d1f3-5736-a14e-b46528873e29,a74c63fa-2dd2-51c0-9d60-d88d65e5966d,DGNL_HN,2026,220,tuyensinh247
9d9b430f-8fd4-59e9-9e14-a3c441f9ce71,a74c63fa-2dd2-51c0-9d60-d88d65e5966d,DGTD,2026,220,tuyensinh247
098ae802-e1ca-5ccf-8e5c-456c2ef6cc7d,a74c63fa-2dd2-51c0-9d60-d88d65e5966d,THPT,2026,220,tuyensinh247
b0ce0519-6db6-5b16-bf2d-0c6f920a9430,e780a8ae-d68e-5a10-beda-19e361e69a3c,DGNL_HN,2026,60,tuyensinh247
5988752d-6d97-5ec1-92f7-34720b65cf48,e780a8ae-d68e-5a10-beda-19e361e69a3c,DGTD,2026,60,tuyensinh247
1e99f116-c34c-50b7-83da-727f08d20f1e,e780a8ae-d68e-5a10-beda-19e361e69a3c,THPT,2026,60,tuyensinh247
c0817b35-1f6e-59ff-97bf-9e89625f6687,3f54cf88-07b8-59b4-ac84-d65ebf01a450,DGNL_HN,2026,220,tuyensinh247
6a667818-d9e2-5e7c-8392-f213dec82a81,3f54cf88-07b8-59b4-ac84-d65ebf01a450,DGTD,2026,220,tuyensinh247
1896bc25-16de-51ef-9dac-82c6b19f0d42,3f54cf88-07b8-59b4-ac84-d65ebf01a450,THPT,2026,220,tuyensinh247
7c6a37c2-60b2-5a95-826c-1685f32161de,483cfff8-c14f-5345-98bc-8f56b9044a83,DGNL_HN,2026,110,tuyensinh247
c255b922-0af5-553c-bf25-200b52f581ae,483cfff8-c14f-5345-98bc-8f56b9044a83,DGTD,2026,110,tuyensinh247
0970a677-8354-5b20-99d6-748433758ade,483cfff8-c14f-5345-98bc-8f56b9044a83,THPT,2026,110,tuyensinh247
21979041-ef3c-5eee-95b5-eea72fecac39,e25a4e0f-7a1e-52db-ad16-4ca973256fbf,DGNL_HN,2026,220,tuyensinh247
5247bcff-b6ec-59c7-833e-48ddfcb19d78,e25a4e0f-7a1e-52db-ad16-4ca973256fbf,DGTD,2026,220,tuyensinh247
bd6224c9-3fa6-5be0-9187-624b55748f42,e25a4e0f-7a1e-52db-ad16-4ca973256fbf,THPT,2026,220,tuyensinh247
6fc43403-c990-587b-befb-42b206610b60,894820d0-a81a-5281-bb88-d20826e2604a,DGNL_HN,2026,120,tuyensinh247
9f2a6aec-82ba-5f91-a822-eff388dd27e8,894820d0-a81a-5281-bb88-d20826e2604a,DGTD,2026,120,tuyensinh247
2cc760c8-8d07-5b6f-9ba3-cc7373c1ba56,894820d0-a81a-5281-bb88-d20826e2604a,THPT,2026,120,tuyensinh247
faa29b9b-b370-5c37-9094-1e6ea97f500c,955cc18a-e21d-51d1-ab03-4e0879ff15c0,DGNL_HN,2026,220,tuyensinh247
1ecd2abc-6747-5403-af73-0560860de2d7,955cc18a-e21d-51d1-ab03-4e0879ff15c0,DGTD,2026,220,tuyensinh247
8d61d95f-2690-5b3d-aeff-33874da29ab6,955cc18a-e21d-51d1-ab03-4e0879ff15c0,THPT,2026,220,tuyensinh247
436163e4-c196-55de-8076-beedff366dba,28328d4e-0d2e-59b8-bc92-272cfc9a9092,DGNL_HN,2026,60,tuyensinh247
da3c7d52-200d-5b62-b133-24b4507f158a,28328d4e-0d2e-59b8-bc92-272cfc9a9092,DGTD,2026,60,tuyensinh247
6870892f-d17e-51e6-b7b6-99db0ad9da7b,28328d4e-0d2e-59b8-bc92-272cfc9a9092,THPT,2026,60,tuyensinh247
a7881dae-d412-5576-b765-6194465858af,c78c9635-5372-5980-a501-17b90f0519e2,DGNL_HN,2026,180,tuyensinh247
f42be8c5-5337-5cc7-b0ee-818a96cf285c,c78c9635-5372-5980-a501-17b90f0519e2,DGTD,2026,180,tuyensinh247
6a8491bf-8690-5d83-83f8-4642cd35b1a7,c78c9635-5372-5980-a501-17b90f0519e2,THPT,2026,180,tuyensinh247
4aaa49ba-c262-5372-818d-861330dd2666,77510d7d-39dd-5190-8a66-273a1dd9e046,DGNL_HN,2026,60,tuyensinh247
b591a598-acf6-5e9c-bd53-9c47c9b7097d,77510d7d-39dd-5190-8a66-273a1dd9e046,DGTD,2026,60,tuyensinh247
5d24f0bf-781d-5dfd-837b-2cf71da44087,77510d7d-39dd-5190-8a66-273a1dd9e046,THPT,2026,60,tuyensinh247
56df7532-0da2-5483-a48a-b0621e58dfed,98b36038-2670-5cd0-a849-6ce2b5e616e6,DGNL_HN,2026,60,tuyensinh247
d1fcd5a0-11ba-5d44-9692-3dfae5cf2c29,98b36038-2670-5cd0-a849-6ce2b5e616e6,DGTD,2026,60,tuyensinh247
892b55e5-f813-567c-9c98-8ab770269321,98b36038-2670-5cd0-a849-6ce2b5e616e6,THPT,2026,60,tuyensinh247
cbeb87d9-d8ce-5ce0-a113-e4eac4b43c30,4ba65fee-7423-528d-9702-c95afd92b34b,DGNL_HN,2026,120,tuyensinh247
1549bf55-10b8-5b7c-9707-8036a739a4a6,4ba65fee-7423-528d-9702-c95afd92b34b,DGTD,2026,120,tuyensinh247
269738c8-0e5c-5977-8d76-3cd18bc32080,4ba65fee-7423-528d-9702-c95afd92b34b,THPT,2026,120,tuyensinh247
5112d590-a494-54a0-bff5-453274007fcf,f308bc3b-ed49-5188-88af-c2836ee3e257,DGNL_HN,2026,210,tuyensinh247
1fd0da58-744a-5912-a2ef-e7b5ef8f1d8e,f308bc3b-ed49-5188-88af-c2836ee3e257,DGTD,2026,210,tuyensinh247
c8612128-8e20-57f1-97f5-ea7d3b410e6a,f308bc3b-ed49-5188-88af-c2836ee3e257,THPT,2026,210,tuyensinh247
89229b0e-795a-5aba-8b92-c89f9d58b9cb,d3c445d8-ea4c-5cbe-a1f9-a413f7ad5efa,DGNL_HN,2026,60,tuyensinh247
f1b59464-a3b1-54a1-9cfd-4f7519735596,d3c445d8-ea4c-5cbe-a1f9-a413f7ad5efa,DGTD,2026,60,tuyensinh247
bfbf65fe-d7fe-5ffb-b6e8-919249aa27fd,d3c445d8-ea4c-5cbe-a1f9-a413f7ad5efa,THPT,2026,60,tuyensinh247
17bac54a-9f8b-5b61-abe8-de7bc0f1e479,8871f7c5-96aa-54c1-b51a-e48ed1c1ff14,DGNL_HN,2026,180,tuyensinh247
777d3b10-024b-5a93-9082-c200708932d4,8871f7c5-96aa-54c1-b51a-e48ed1c1ff14,DGTD,2026,180,tuyensinh247
a83d08a5-05dc-5cc7-8ad6-0326cae64786,8871f7c5-96aa-54c1-b51a-e48ed1c1ff14,THPT,2026,180,tuyensinh247
53b8883f-1694-5d6f-a17d-cb7fc5184a73,c7c7281f-96db-5891-aaee-466d12a7240a,DGNL_HN,2026,180,tuyensinh247
bd5ee27b-57f2-555e-96f4-e9017fcc14cf,c7c7281f-96db-5891-aaee-466d12a7240a,DGTD,2026,180,tuyensinh247
2a63ffdc-3d28-539d-81c2-9923d15366e6,c7c7281f-96db-5891-aaee-466d12a7240a,THPT,2026,180,tuyensinh247
f7047d8b-820d-597d-ad42-26d8c632b862,a840b5be-6d8f-50f4-8dee-bad1bbbc131e,DGNL_HN,2026,,tuyensinh247
0404881d-bbff-5425-a676-d0eab89c38f8,a840b5be-6d8f-50f4-8dee-bad1bbbc131e,DGTD,2026,,tuyensinh247
c73a0aad-cad1-5d96-a46f-7aeb190ca930,a840b5be-6d8f-50f4-8dee-bad1bbbc131e,HBA,2026,,tuyensinh247
1d062767-3f67-5377-9451-1062c5cf9af8,a840b5be-6d8f-50f4-8dee-bad1bbbc131e,THPT,2026,,tuyensinh247
4d6ef87c-e6cf-5e34-b438-1733a49ab4a0,61e5bb54-28a8-586d-8127-7216b82de667,DGNL_HN,2026,,tuyensinh247
b007105d-9cb6-5598-befc-a56760ce7513,61e5bb54-28a8-586d-8127-7216b82de667,DGTD,2026,,tuyensinh247
afbc559e-5555-5b02-8754-6f69ed2bace4,61e5bb54-28a8-586d-8127-7216b82de667,HBA,2026,,tuyensinh247
e18b465e-bdb8-5975-9326-bfa25bfdb48a,61e5bb54-28a8-586d-8127-7216b82de667,THPT,2026,,tuyensinh247
d5952255-3ae4-5cde-a946-fa37763aa60e,b9e722e6-4022-57a8-be25-48a025664e90,DGNL_HN,2026,,tuyensinh247
b3d082fb-8359-5439-b979-98eb7a80470b,b9e722e6-4022-57a8-be25-48a025664e90,DGTD,2026,,tuyensinh247
bfcceeb0-48ee-5dad-8728-74c7bee8c545,b9e722e6-4022-57a8-be25-48a025664e90,HBA,2026,,tuyensinh247
4e133637-aa38-5651-aff6-a533e5904581,b9e722e6-4022-57a8-be25-48a025664e90,THPT,2026,,tuyensinh247
23e84db7-a3a5-582b-a3dd-475a08d3a85a,dfca7c6c-1d4e-53a3-8387-a9ad1d8c3c2c,DGNL_HN,2026,,tuyensinh247
b1e92579-eeef-599b-85b5-a7b84f09b865,dfca7c6c-1d4e-53a3-8387-a9ad1d8c3c2c,DGTD,2026,,tuyensinh247
9a3127b0-485d-5261-8361-ab429d999a9d,dfca7c6c-1d4e-53a3-8387-a9ad1d8c3c2c,HBA,2026,,tuyensinh247
92091464-66ad-5e9e-a9c8-1e3b4e3dd809,dfca7c6c-1d4e-53a3-8387-a9ad1d8c3c2c,THPT,2026,,tuyensinh247
d4cfb12a-bc86-5422-81d6-702ae9c794d4,baf98c49-39e3-56e2-8df0-3caae5012a4c,DGNL_HN,2026,,tuyensinh247
2498ad6b-f4e5-5194-9388-8e2fdd9a928c,baf98c49-39e3-56e2-8df0-3caae5012a4c,DGTD,2026,,tuyensinh247
d62ab770-b571-5939-a2ec-071f8e44de47,baf98c49-39e3-56e2-8df0-3caae5012a4c,HBA,2026,,tuyensinh247
f262c67f-8414-5734-b0b5-17e56e344c1d,baf98c49-39e3-56e2-8df0-3caae5012a4c,THPT,2026,,tuyensinh247
d49da227-855c-5235-8943-9261db75e754,67dbdc73-5309-5e9e-8351-a152e97e0a5d,DGNL_HN,2026,,tuyensinh247
712ca65f-0b88-5d3e-b522-472733c4fe56,67dbdc73-5309-5e9e-8351-a152e97e0a5d,DGTD,2026,,tuyensinh247
797ef811-38c0-5103-9d0d-a88abde8e43a,67dbdc73-5309-5e9e-8351-a152e97e0a5d,HBA,2026,,tuyensinh247
f824c025-7cbd-5216-ac32-4058d2d915d1,67dbdc73-5309-5e9e-8351-a152e97e0a5d,THPT,2026,,tuyensinh247
cca4927c-ba2d-5bf0-ab5e-41c80eeb91f0,9a1f2031-72a9-5254-bcab-26eee08e4334,DGNL_HN,2026,,tuyensinh247
f1c00fc9-f156-517d-a431-0bae9321983f,9a1f2031-72a9-5254-bcab-26eee08e4334,DGTD,2026,,tuyensinh247
8ac6709d-2b3e-5580-9d05-4820b6f7fc99,9a1f2031-72a9-5254-bcab-26eee08e4334,HBA,2026,,tuyensinh247
e593625b-5dbf-5fef-a5cf-481235852c48,9a1f2031-72a9-5254-bcab-26eee08e4334,THPT,2026,,tuyensinh247
50063460-039c-55e5-9a04-ea8bb9096869,412820c5-c9e6-5cda-badb-439e5717e63b,DGNL_HN,2026,,tuyensinh247
9fd429fc-9279-5fb8-a843-cfd71321b066,412820c5-c9e6-5cda-badb-439e5717e63b,DGTD,2026,,tuyensinh247
35f9b708-5acd-5e55-b4dc-1714376f8e34,412820c5-c9e6-5cda-badb-439e5717e63b,HBA,2026,,tuyensinh247
25060890-767f-5e43-b780-0ad7877194ce,412820c5-c9e6-5cda-badb-439e5717e63b,THPT,2026,,tuyensinh247
11402910-ec65-51fa-beed-8b858ef4e80e,68f332d6-d0da-5e45-b6e3-1c03ee9a1b09,DGNL_HN,2026,100,tuyensinh247
e6f2f09d-390a-5da9-9ba8-e8592b3eb9d2,68f332d6-d0da-5e45-b6e3-1c03ee9a1b09,DGTD,2026,100,tuyensinh247
f32b5d6e-be62-54c8-9aaa-4f82363fb562,68f332d6-d0da-5e45-b6e3-1c03ee9a1b09,THPT,2026,100,tuyensinh247
3ef431f9-e55c-5c8b-b8e7-eb1c7ccfacf6,9b91326a-fa81-565d-a8a4-f6ef754b19e1,DGNL_HN,2026,55,tuyensinh247
b18d8064-6a69-5545-a75a-edd06f974ee4,9b91326a-fa81-565d-a8a4-f6ef754b19e1,DGTD,2026,55,tuyensinh247
b2fd0e06-815b-58ae-8986-abac9ebb16bb,9b91326a-fa81-565d-a8a4-f6ef754b19e1,THPT,2026,55,tuyensinh247
373ad043-a54a-5198-9c2e-c423ceffeabb,6e4c2e80-37c4-5012-a1b5-fb2499a5eda5,DGNL_HN,2026,70,tuyensinh247
6849ad2a-cde5-5464-915b-3dfc58352550,6e4c2e80-37c4-5012-a1b5-fb2499a5eda5,DGTD,2026,70,tuyensinh247
c99fa883-47b5-5b99-bfdf-2d1ef997c171,6e4c2e80-37c4-5012-a1b5-fb2499a5eda5,THPT,2026,70,tuyensinh247
8ca0fd55-c024-5678-b179-5f8721a5462c,6f55a2e8-d7a2-501b-8c82-b4074e54eda9,DGNL_HN,2026,120,tuyensinh247
9c96acb3-596e-5226-8886-5ca7dcd4738f,6f55a2e8-d7a2-501b-8c82-b4074e54eda9,DGTD,2026,120,tuyensinh247
e9017afc-c43f-5395-a4cd-24544ecd24ae,6f55a2e8-d7a2-501b-8c82-b4074e54eda9,THPT,2026,120,tuyensinh247
bf552b8e-aa9d-51a2-a219-12e0fb6f506d,5a2539e4-7f19-5772-9786-d43a82e0b3ea,DGNL_HN,2026,90,tuyensinh247
811aa78e-9acd-5be8-b3a5-3be3fa6aab56,5a2539e4-7f19-5772-9786-d43a82e0b3ea,DGTD,2026,90,tuyensinh247
57712384-0263-5261-b19c-982f3528e20c,5a2539e4-7f19-5772-9786-d43a82e0b3ea,THPT,2026,90,tuyensinh247
7709f21f-613b-547c-9240-70f037fbb413,cc231296-1e7d-5ecd-a5d6-0032364722fa,DGNL_HN,2026,180,tuyensinh247
4cd2bfd1-74bc-59b4-9273-6db07e3c7085,cc231296-1e7d-5ecd-a5d6-0032364722fa,DGTD,2026,180,tuyensinh247
ea04b690-0cf6-5c45-a081-a2c56f5c55b7,cc231296-1e7d-5ecd-a5d6-0032364722fa,THPT,2026,180,tuyensinh247
a812fc0f-6233-52c8-bd97-f153aaed5e27,0872ba30-0c2a-52d2-b30e-3a32a8cd05ea,DGNL_HN,2026,50,tuyensinh247
14f51389-e530-52da-98d3-0d7c50dd3461,0872ba30-0c2a-52d2-b30e-3a32a8cd05ea,DGTD,2026,50,tuyensinh247
93b63ae4-deab-5250-9535-2444c28d5b4d,0872ba30-0c2a-52d2-b30e-3a32a8cd05ea,THPT,2026,50,tuyensinh247
fdaf5104-38cb-5a1c-ad4f-f6ea0657abc9,d1708f34-1fb6-56c1-a6e8-f8c8b8c1f25d,DGNL_HN,2026,50,tuyensinh247
b7034a43-735b-53d2-9929-37b9af108e8c,d1708f34-1fb6-56c1-a6e8-f8c8b8c1f25d,DGTD,2026,50,tuyensinh247
587acc2a-e05e-5585-bd44-ae95e12a137b,d1708f34-1fb6-56c1-a6e8-f8c8b8c1f25d,THPT,2026,50,tuyensinh247
07cc4009-c062-52ad-b3e6-e81a75927dc3,5d02f01a-1845-57de-8deb-65048420191a,DGNL_HN,2026,180,tuyensinh247
be710cfd-55d7-57be-b314-05f926cf4235,5d02f01a-1845-57de-8deb-65048420191a,DGTD,2026,180,tuyensinh247
5c5c07f6-a486-5289-843e-b3b39447bb4a,5d02f01a-1845-57de-8deb-65048420191a,THPT,2026,180,tuyensinh247
d85edafe-d231-5341-a483-09a160fd343b,dfa84f71-eb97-57ee-9020-00e0f98d2ff2,DGNL_HN,2026,70,tuyensinh247
59bce6b5-35d6-5297-a15a-54d1ccad2d5e,dfa84f71-eb97-57ee-9020-00e0f98d2ff2,DGTD,2026,70,tuyensinh247
f8bd8622-589b-5c71-9c07-a131b853177b,dfa84f71-eb97-57ee-9020-00e0f98d2ff2,THPT,2026,70,tuyensinh247
1cc748d8-f9bd-5f59-bd48-fe8fbae66fc4,3921eff6-12b2-5386-9ab3-9323f7171ff4,DGNL_HN,2026,50,tuyensinh247
a968a5d1-6008-5040-8f2e-209fac96ac4e,3921eff6-12b2-5386-9ab3-9323f7171ff4,DGTD,2026,50,tuyensinh247
dd787cc8-adf3-5b0a-a204-de2057413c71,3921eff6-12b2-5386-9ab3-9323f7171ff4,THPT,2026,50,tuyensinh247
15b37093-f203-5888-b7c5-4db9f9333962,7e343e03-6816-5c59-9c76-f5cbe4992964,DGNL_HN,2026,50,tuyensinh247
2b97acca-2565-5b3f-af06-7c9ac80694a5,7e343e03-6816-5c59-9c76-f5cbe4992964,DGTD,2026,50,tuyensinh247
79b1c39d-b0f5-5340-83f4-9eda2906a0f2,7e343e03-6816-5c59-9c76-f5cbe4992964,THPT,2026,50,tuyensinh247
147c0093-b9d5-59f3-ac4d-ffcb0b5f92ab,c1f7ede1-998a-579a-b3cd-c1e3c7615b62,DGNL_HN,2026,50,tuyensinh247
c98a27d9-e105-52e2-a7a4-c5054e104b57,c1f7ede1-998a-579a-b3cd-c1e3c7615b62,DGTD,2026,50,tuyensinh247
ca68d31c-b74a-5056-8737-cf15a3e2bca6,c1f7ede1-998a-579a-b3cd-c1e3c7615b62,THPT,2026,50,tuyensinh247
727edc5d-a109-57fc-be8b-a5bd9bbca7ca,fca07a43-a940-541b-8171-f7ac31cced15,DGNL_HN,2026,50,tuyensinh247
1194b564-6a12-5635-a579-82dad3b25bac,fca07a43-a940-541b-8171-f7ac31cced15,DGTD,2026,50,tuyensinh247
ce24c3a1-cb5b-5c6c-b952-8a077a88b45c,fca07a43-a940-541b-8171-f7ac31cced15,THPT,2026,50,tuyensinh247
de2db779-2798-54da-aee0-7500edc7bf7b,ae6bf92f-f834-5723-a697-6396ab190871,DGNL_HN,2026,330,tuyensinh247
0dcefb19-d8c4-5093-8cb8-7d043412f8bd,ae6bf92f-f834-5723-a697-6396ab190871,DGTD,2026,330,tuyensinh247
ad336ff6-d81f-5ddb-a7ed-be8f2fa60205,ae6bf92f-f834-5723-a697-6396ab190871,THPT,2026,330,tuyensinh247
67ac813a-2e51-54a8-a3bd-ce2a5e9e3eaa,01e334b5-c469-55d5-91e9-06dbf97d5471,DGNL_HN,2026,100,tuyensinh247
db868abe-ae0f-5e34-9799-1501aa86a45b,01e334b5-c469-55d5-91e9-06dbf97d5471,DGTD,2026,100,tuyensinh247
2408b13e-7314-5108-b9b1-e390a0ff7d1c,01e334b5-c469-55d5-91e9-06dbf97d5471,THPT,2026,100,tuyensinh247
e24bb517-ed89-55de-84df-13b1bdf58718,eb9c77ea-dbf0-5f20-90a3-94a4b066a4d8,DGNL_HN,2026,50,tuyensinh247
49b261df-a215-556a-96ad-b282f354cacf,eb9c77ea-dbf0-5f20-90a3-94a4b066a4d8,DGTD,2026,50,tuyensinh247
f431c35f-d206-5a9d-ac1a-10042f9d0b7d,eb9c77ea-dbf0-5f20-90a3-94a4b066a4d8,THPT,2026,50,tuyensinh247
93a876ec-b198-5422-9fb5-ae01b65f3348,d6e95151-5b1a-5387-95f9-27c2ab8d92ff,DGNL_HN,2026,70,tuyensinh247
92aa47a3-a739-52fe-b029-f867b48b7945,d6e95151-5b1a-5387-95f9-27c2ab8d92ff,DGTD,2026,70,tuyensinh247
94bfb613-a479-52c6-912f-30d1dfa78913,d6e95151-5b1a-5387-95f9-27c2ab8d92ff,THPT,2026,70,tuyensinh247
a34750a9-42ba-593c-ac68-cb5f72cc8c7a,04c23b4c-fadf-5bdf-9d49-0327d971f185,DGNL_HN,2026,250,tuyensinh247
558f96d8-be4c-5e24-b2bb-6808b08e7fb9,04c23b4c-fadf-5bdf-9d49-0327d971f185,DGTD,2026,250,tuyensinh247
55a7a3c7-9159-5eb6-a7c3-d882e5a96317,04c23b4c-fadf-5bdf-9d49-0327d971f185,THPT,2026,250,tuyensinh247
9fe88fa4-bdff-5331-9d44-cdd649e6dd31,4a936d5d-a7ce-50d7-bb0d-b0bb7cccad7a,DGNL_HN,2026,120,tuyensinh247
775adf75-7e4e-5700-9d61-03ccba09648f,4a936d5d-a7ce-50d7-bb0d-b0bb7cccad7a,DGTD,2026,120,tuyensinh247
926051a7-6279-5dd0-b6e0-0ed87784ed2c,4a936d5d-a7ce-50d7-bb0d-b0bb7cccad7a,THPT,2026,120,tuyensinh247
491af307-4b81-572c-b551-d4f611e1aee2,0070959e-41cc-526d-b820-9f9443f25e8a,DGNL_HN,2026,60,tuyensinh247
eedd2594-8c84-57d6-b1f2-8bc8f359cea2,0070959e-41cc-526d-b820-9f9443f25e8a,DGTD,2026,60,tuyensinh247
19862a88-5c69-55ff-b510-bb3caef7de82,0070959e-41cc-526d-b820-9f9443f25e8a,THPT,2026,60,tuyensinh247
c37c0035-de6a-5b72-b415-6e596dfae6fe,06f53773-d605-55b8-839b-9e0e93320ed1,DGNL_HN,2026,60,tuyensinh247
2203f623-f46c-5660-a7cc-3a44ab0d7acb,06f53773-d605-55b8-839b-9e0e93320ed1,DGTD,2026,60,tuyensinh247
a306bb69-a9f0-5f87-9342-aa9cddf2531d,06f53773-d605-55b8-839b-9e0e93320ed1,THPT,2026,60,tuyensinh247
75065761-3f54-5060-9d23-7f72de592f17,f6289144-5456-5cce-a358-3d899a53f37d,DGNL_HN,2026,100,tuyensinh247
7d8b8072-0ee1-500a-b3d5-0ffcfbea9032,f6289144-5456-5cce-a358-3d899a53f37d,DGTD,2026,100,tuyensinh247
70e5bc25-2505-580f-b662-4e104d6294c2,f6289144-5456-5cce-a358-3d899a53f37d,THPT,2026,100,tuyensinh247
b7a80e41-8172-5ece-b503-ca53ea36e9ea,5980b599-9cd0-587c-8f06-427f12b69dab,DGNL_HN,2026,120,tuyensinh247
f28d85f3-564a-57ad-b5da-82c72e8a8d8d,5980b599-9cd0-587c-8f06-427f12b69dab,DGTD,2026,120,tuyensinh247
090e47e2-21ce-5ba5-8223-745566cb7860,5980b599-9cd0-587c-8f06-427f12b69dab,THPT,2026,120,tuyensinh247
f6877cb7-a3db-580d-ae83-4a98c3b7bdbe,d8ee5759-ff78-5d0f-bf66-0441ed43edcd,DGNL_HN,2026,115,tuyensinh247
571713aa-5c38-5e1b-8240-df5f2b68aa3a,d8ee5759-ff78-5d0f-bf66-0441ed43edcd,DGTD,2026,115,tuyensinh247
54a71079-31b3-5ba7-826e-38bc66acc9c3,d8ee5759-ff78-5d0f-bf66-0441ed43edcd,THPT,2026,115,tuyensinh247
297fe12b-716e-5321-b7c3-78a34567129a,92025026-9089-5d33-ab4c-c435dec1c339,DGNL_HN,2026,60,tuyensinh247
03fee6f1-7f2d-593e-86e4-91db5932ee91,92025026-9089-5d33-ab4c-c435dec1c339,DGTD,2026,60,tuyensinh247
c1c3abea-6b35-5a61-8db1-2fa88bbd76c8,92025026-9089-5d33-ab4c-c435dec1c339,THPT,2026,60,tuyensinh247
9dfbd5a1-3b23-5d71-8f78-eb8ea1e80afc,8dd03ee6-ab44-541b-95b2-6b3c0ec32034,DGNL_HN,2026,100,tuyensinh247
9a1db5b2-731b-5594-824a-66b65b0fdc28,8dd03ee6-ab44-541b-95b2-6b3c0ec32034,DGTD,2026,100,tuyensinh247
38f2bd68-04db-597b-b14b-57980cbe5940,8dd03ee6-ab44-541b-95b2-6b3c0ec32034,THPT,2026,100,tuyensinh247
cc8d9f87-9421-5907-9bea-89fad2a39fd1,293b9bc4-16f1-505e-9576-fe551474ab12,DGNL_HN,2026,50,tuyensinh247
ad3a9470-f3f9-5bec-9f12-a29c57d78386,293b9bc4-16f1-505e-9576-fe551474ab12,DGTD,2026,50,tuyensinh247
7e5d7b62-9d2f-5ea5-9657-e5a78bb7fd42,293b9bc4-16f1-505e-9576-fe551474ab12,THPT,2026,50,tuyensinh247
f8f52315-80d0-52d6-a1b1-7dc1f78371ad,9f501be9-3956-59bf-8a52-b49d7d3d797d,DGNL_HN,2026,120,tuyensinh247
d1aaf4b3-3f49-59db-a6d4-85f7386bef47,9f501be9-3956-59bf-8a52-b49d7d3d797d,DGTD,2026,120,tuyensinh247
bd5727dd-9a82-5746-bce9-ecd5bc080322,9f501be9-3956-59bf-8a52-b49d7d3d797d,THPT,2026,120,tuyensinh247
f3325a07-8e44-5516-aa5e-c1360db73080,c77bc42e-0356-54cd-81bf-e9ae1727dce1,DGNL_HN,2026,250,tuyensinh247
6502aece-03a0-5ed7-a391-9e6ae28096ea,c77bc42e-0356-54cd-81bf-e9ae1727dce1,DGTD,2026,250,tuyensinh247
121a9416-b146-51fb-bd1c-b65026327bf3,c77bc42e-0356-54cd-81bf-e9ae1727dce1,THPT,2026,250,tuyensinh247
9b7645a9-48a0-5740-a315-1714bdda091c,fe9e4528-4ffb-51b8-8d28-cddaef81dd79,DGNL_HN,2026,250,tuyensinh247
23cc2776-88c1-5003-ab11-9dced38899d7,fe9e4528-4ffb-51b8-8d28-cddaef81dd79,DGTD,2026,250,tuyensinh247
56b2d742-0c5e-56ea-be69-48b2484bbdfb,fe9e4528-4ffb-51b8-8d28-cddaef81dd79,THPT,2026,250,tuyensinh247
8db9dff4-687e-5b42-8502-6452d28a9c46,ea8efae6-5bc0-5f73-8ff7-c8380cd49a41,DGNL_HN,2026,350,tuyensinh247
b7ea294f-d83d-504d-b038-f563215ac6e8,ea8efae6-5bc0-5f73-8ff7-c8380cd49a41,DGTD,2026,350,tuyensinh247
3d72ec4f-6fec-5053-a6e2-2e320334bdc1,ea8efae6-5bc0-5f73-8ff7-c8380cd49a41,THPT,2026,350,tuyensinh247
2ae6f9a6-20bf-53a4-b10f-245199ec1795,200cd99f-5e17-5e8c-b728-fac57812ee7a,DGNL_HN,2026,200,tuyensinh247
02e7cabd-a3c1-5414-bb5d-e8f825c3aa4a,200cd99f-5e17-5e8c-b728-fac57812ee7a,DGTD,2026,200,tuyensinh247
0e93c2df-68bc-58a1-88f9-8dbf0215fbaa,200cd99f-5e17-5e8c-b728-fac57812ee7a,THPT,2026,200,tuyensinh247
013ce93a-c0b9-5006-ae20-e41943f9b4bd,21670f96-97fd-59bb-8fe7-adb1119d5738,DGNL_HN,2026,250,tuyensinh247
6d387e76-67ca-5080-a994-f6b43c8898eb,21670f96-97fd-59bb-8fe7-adb1119d5738,DGTD,2026,250,tuyensinh247
e0194e63-f048-598c-90f2-601d64982d30,21670f96-97fd-59bb-8fe7-adb1119d5738,THPT,2026,250,tuyensinh247
e02e50cf-086b-5355-b1b2-52d6da92ea8f,590f17f7-22b9-50de-84a9-f9458b4d0a64,DGNL_HN,2026,50,tuyensinh247
900692ad-dcee-5ca7-8ed1-c75d2645010d,590f17f7-22b9-50de-84a9-f9458b4d0a64,DGTD,2026,50,tuyensinh247
f49bd902-46ec-5424-97ad-d912a7ddcebb,590f17f7-22b9-50de-84a9-f9458b4d0a64,THPT,2026,50,tuyensinh247
b1d966a5-e3fc-55a7-be1b-0be21a527c7d,8042a6f0-15db-50da-9d08-6de7ac2af46d,DGNL_HN,2026,50,tuyensinh247
89f10371-f4c5-59ce-8f52-a3a56d260102,8042a6f0-15db-50da-9d08-6de7ac2af46d,DGTD,2026,50,tuyensinh247
2123a866-28d9-5c7a-83fd-c9b59ab0ac5a,8042a6f0-15db-50da-9d08-6de7ac2af46d,THPT,2026,50,tuyensinh247
73e537e2-bf7e-5d35-8375-c8be55b6ce4e,0cdb89d0-dfd6-502b-a554-62f7339a7b99,DGNL_HN,2026,120,tuyensinh247
7a04db2d-1220-50ed-8303-363328165797,0cdb89d0-dfd6-502b-a554-62f7339a7b99,DGTD,2026,120,tuyensinh247
e5e98de3-78a8-5938-9178-d59645166f6e,0cdb89d0-dfd6-502b-a554-62f7339a7b99,THPT,2026,120,tuyensinh247
37549dac-48b2-5db4-b8ca-2182704994c1,8cc4397e-1a91-5c5b-b8d4-67f372ed298f,DGNL_HN,2026,300,tuyensinh247
a2425d98-dcb5-58e7-969e-5c515af14e52,8cc4397e-1a91-5c5b-b8d4-67f372ed298f,DGTD,2026,300,tuyensinh247
c2c4869a-ca97-553d-8bb2-c53d972de61c,8cc4397e-1a91-5c5b-b8d4-67f372ed298f,THPT,2026,300,tuyensinh247
0f644934-5364-5b42-a325-2e2c1105751a,23d03536-f2f9-552e-b1b2-b826845b38c4,DGNL_HN,2026,200,tuyensinh247
adbf2f03-6391-581b-9ed2-40b78056a69a,23d03536-f2f9-552e-b1b2-b826845b38c4,DGTD,2026,200,tuyensinh247
e00ee010-8763-5a5d-966b-dc2aa8ad768f,23d03536-f2f9-552e-b1b2-b826845b38c4,THPT,2026,200,tuyensinh247
d96db0e6-2de5-5286-a99c-ebb907d23aeb,f97aefc9-fca3-5405-abcf-17608a113613,DGNL_HN,2026,200,tuyensinh247
399163c9-3770-5ab1-a4e0-e720c6abc1a7,f97aefc9-fca3-5405-abcf-17608a113613,DGTD,2026,200,tuyensinh247
398f0e4d-a6c9-56b4-b48a-7579ff840485,f97aefc9-fca3-5405-abcf-17608a113613,THPT,2026,200,tuyensinh247
6e2895cc-5564-5c83-bc4b-94b6a1529cb0,682f3116-1682-5e24-9190-5f89f4f89d20,DGNL_HN,2026,50,tuyensinh247
2463c022-5e41-5da2-9e57-ba8995076922,682f3116-1682-5e24-9190-5f89f4f89d20,DGTD,2026,50,tuyensinh247
19bb0c33-0253-5b7d-b6b3-bb5898ca0c24,682f3116-1682-5e24-9190-5f89f4f89d20,THPT,2026,50,tuyensinh247
d58f5292-e575-549a-a231-0f92ab201b77,ba00c11f-78ef-5412-a1d8-63cf4623f4ab,DGNL_HN,2026,90,tuyensinh247
72bd3883-3f27-5dd2-8820-9556725ef716,ba00c11f-78ef-5412-a1d8-63cf4623f4ab,DGTD,2026,90,tuyensinh247
3694886b-d5dc-547f-9984-869fcf0267be,ba00c11f-78ef-5412-a1d8-63cf4623f4ab,THPT,2026,90,tuyensinh247
28e618c4-17ce-52c0-9945-7dece9ceff7f,7e4c5603-8d51-50cc-93ea-c7112e3494ad,DGNL_HN,2026,10,tuyensinh247
194d0d17-974a-5a1f-8eca-2526922cab28,7e4c5603-8d51-50cc-93ea-c7112e3494ad,DGTD,2026,10,tuyensinh247
bba6f9dc-279e-5644-aee3-bd0b9bcb0222,7e4c5603-8d51-50cc-93ea-c7112e3494ad,THPT,2026,10,tuyensinh247
3041d20b-19a4-5703-8de3-c39518a1042c,7d07c1c0-070f-5d53-bdc7-1ea45404b65d,DGNL_HN,2026,100,tuyensinh247
56427183-f850-50ed-ad56-30cf4a60646d,7d07c1c0-070f-5d53-bdc7-1ea45404b65d,DGTD,2026,100,tuyensinh247
96c8c16f-3508-585b-b7f4-08b16e6ad805,7d07c1c0-070f-5d53-bdc7-1ea45404b65d,THPT,2026,100,tuyensinh247
2ce8f5cc-0339-55a3-97ee-b870538989df,ac96c761-fe86-5269-b7bd-e1ffa04f0634,DGNL_HN,2026,200,tuyensinh247
41320315-de38-5747-a073-e0a993ac82bf,ac96c761-fe86-5269-b7bd-e1ffa04f0634,DGTD,2026,200,tuyensinh247
5095ab9f-1b9b-590d-b458-d964505080cf,ac96c761-fe86-5269-b7bd-e1ffa04f0634,THPT,2026,200,tuyensinh247
64607a62-9098-5c1f-bb45-5b5cc4791ffe,0513ea11-c5f7-5fc4-b1ed-9812250009b5,DGNL_HN,2026,200,tuyensinh247
7ef89982-c987-5530-b22f-174841fe5c29,0513ea11-c5f7-5fc4-b1ed-9812250009b5,DGTD,2026,200,tuyensinh247
c1082de8-0723-57c6-a30f-b238a8e193bd,0513ea11-c5f7-5fc4-b1ed-9812250009b5,THPT,2026,200,tuyensinh247
faefaf6d-dbb6-5788-ad77-b5debfabfeaf,9af965cb-f083-57fe-8e83-2ddaef36b404,DGNL_HN,2026,400,tuyensinh247
59c091ad-99b0-56b4-8da0-a3074edb8c60,9af965cb-f083-57fe-8e83-2ddaef36b404,DGTD,2026,400,tuyensinh247
d992ae2f-3b86-5028-af33-0d04b544a72e,9af965cb-f083-57fe-8e83-2ddaef36b404,THPT,2026,400,tuyensinh247
c96583f6-7284-56ab-bb15-7235e12b030f,12c4a32b-97b9-5bc5-a6b7-1bfa482d6831,DGNL_HN,2026,150,tuyensinh247
c08b719e-f452-5a26-a6e3-c7bd76f608dc,12c4a32b-97b9-5bc5-a6b7-1bfa482d6831,DGTD,2026,150,tuyensinh247
029ae634-0d64-5dea-84ae-9335312b710e,12c4a32b-97b9-5bc5-a6b7-1bfa482d6831,THPT,2026,150,tuyensinh247
cefab4e5-16ae-5019-b6c0-ba9e5d196742,2d9c4faf-43f2-5279-8d98-1f465e0f6e10,DGNL_HN,2026,550,tuyensinh247
5de5d68c-1f6a-5afd-99a7-c1eedfea3e42,2d9c4faf-43f2-5279-8d98-1f465e0f6e10,DGTD,2026,550,tuyensinh247
96eb5e96-cab8-57cf-8507-b66cc118967f,2d9c4faf-43f2-5279-8d98-1f465e0f6e10,THPT,2026,550,tuyensinh247
9bef34d2-ec02-51df-b4e2-4e4aecaed209,c6c5ea6c-43b8-52fb-a157-be5f44b79525,DGNL_HN,2026,10,tuyensinh247
7fc6eee3-a587-5088-9315-4e673228f4a0,c6c5ea6c-43b8-52fb-a157-be5f44b79525,DGTD,2026,10,tuyensinh247
cebb5b24-0f57-5ce0-bc1a-4f59eb07a821,c6c5ea6c-43b8-52fb-a157-be5f44b79525,THPT,2026,10,tuyensinh247
ead6890e-7e44-5a42-a30f-fca7a5a5db30,c2097fd5-a37e-5ed1-83a0-b49d547b1e7d,DGNL_HN,2026,50,tuyensinh247
211a9d1f-c3f0-5841-8902-9db232f87c84,c2097fd5-a37e-5ed1-83a0-b49d547b1e7d,DGTD,2026,50,tuyensinh247
54195fba-510b-5948-af9f-320a50b539d2,c2097fd5-a37e-5ed1-83a0-b49d547b1e7d,THPT,2026,50,tuyensinh247
3ab2bff6-8a18-528e-945c-8db425abd7b9,f8cfd3ce-7d6f-5f19-83ee-2bea5e5a2428,DGNL_HN,2026,50,tuyensinh247
33327e09-7b41-527c-bdc9-6fc4f71dbab3,f8cfd3ce-7d6f-5f19-83ee-2bea5e5a2428,DGTD,2026,50,tuyensinh247
cf12cd43-fbac-52c0-9b57-28ded9d9edd8,f8cfd3ce-7d6f-5f19-83ee-2bea5e5a2428,THPT,2026,50,tuyensinh247
5dcbbf79-7270-594b-b4ca-28010419ad88,b5f0ab12-0235-596e-804b-d75855bd7186,DGNL_HN,2026,,tuyensinh247
2fae6dc3-c461-571b-ac47-2586a67c7f30,b5f0ab12-0235-596e-804b-d75855bd7186,DGTD,2026,,tuyensinh247
32669fba-7384-59e3-aa87-8f69cc83614b,b5f0ab12-0235-596e-804b-d75855bd7186,THPT,2026,,tuyensinh247
567aad7f-879e-5b82-ab58-fa3c1bb0b171,7901dc72-1a57-5148-ac76-160916dd84c3,DGNL_HN,2026,,tuyensinh247
bc27d5b9-c737-5da9-935c-a54efcc7fa5c,7901dc72-1a57-5148-ac76-160916dd84c3,DGTD,2026,,tuyensinh247
ff243546-50ae-56b5-bc5b-6a9b96bec985,7901dc72-1a57-5148-ac76-160916dd84c3,THPT,2026,,tuyensinh247
cd703137-1479-5e92-a684-ca5b32c1fa49,d1ed4cac-1b0f-5b38-b7b5-f01598915790,DGNL_HN,2026,,tuyensinh247
252dd797-f67a-5862-a1f9-cae6337759c5,d1ed4cac-1b0f-5b38-b7b5-f01598915790,DGTD,2026,,tuyensinh247
a19866b8-5b85-545c-9221-a6c4baecb7bd,d1ed4cac-1b0f-5b38-b7b5-f01598915790,THPT,2026,,tuyensinh247
d7b130f2-0a7c-5a84-b516-f1077f60999f,db3710a1-0246-50ac-a464-b9cd11bf55f0,DGNL_HN,2026,,tuyensinh247
41460e00-593b-5d65-b618-0f5d81dc2e80,db3710a1-0246-50ac-a464-b9cd11bf55f0,DGTD,2026,,tuyensinh247
e01d6c1c-fc95-5373-bb60-7a5decd56a0b,db3710a1-0246-50ac-a464-b9cd11bf55f0,THPT,2026,,tuyensinh247
dbdec373-6d55-50e9-8912-8cfac3a4b465,d1c9271b-5a65-5651-b2d3-4ef1e8e448f3,DGNL_HN,2026,,tuyensinh247
7eaac8b8-fcf9-5b4f-950a-e805a16101b8,d1c9271b-5a65-5651-b2d3-4ef1e8e448f3,DGTD,2026,,tuyensinh247
ad014232-dc34-544c-8377-716d67a47566,d1c9271b-5a65-5651-b2d3-4ef1e8e448f3,THPT,2026,,tuyensinh247
10aa8556-43e0-58de-a350-1d0ce3ea9a63,771a5118-bc7d-530f-9e73-0b43d314994d,DGNL_HN,2026,,tuyensinh247
c624aeae-30e5-5a33-9e50-9ae5bf08c3cd,771a5118-bc7d-530f-9e73-0b43d314994d,DGTD,2026,,tuyensinh247
bcecd726-cbad-5a91-9bb4-d8b6dbe2a32e,771a5118-bc7d-530f-9e73-0b43d314994d,THPT,2026,,tuyensinh247
f71c4566-5b43-5d15-8e39-defab33cd129,5b3fc963-afcc-5955-803a-58f1ef9641d1,DGNL_HN,2026,,tuyensinh247
62564c7a-01cb-509a-b5e2-690c63649a9f,5b3fc963-afcc-5955-803a-58f1ef9641d1,DGTD,2026,,tuyensinh247
04483b7c-b36e-531d-a19c-f4f8d48ad556,5b3fc963-afcc-5955-803a-58f1ef9641d1,THPT,2026,,tuyensinh247
7de072e0-e95b-5b27-834b-bffe0f23b9ac,f739c500-55f9-5353-b4a1-227b95634dab,DGNL_HN,2026,,tuyensinh247
557a17ac-0c56-5948-a14b-0717ebe35fe3,f739c500-55f9-5353-b4a1-227b95634dab,DGTD,2026,,tuyensinh247
f5b91276-4d80-5f0e-9ad2-bc703e470e90,f739c500-55f9-5353-b4a1-227b95634dab,THPT,2026,,tuyensinh247
7f1c752b-ecd2-566b-985d-8dc167a0c053,7f411ff8-b92c-5ef9-ab88-a506611388cd,DGNL_HN,2026,,tuyensinh247
ca2ac71b-86c7-520d-bfac-d5ee0af6314d,7f411ff8-b92c-5ef9-ab88-a506611388cd,DGTD,2026,,tuyensinh247
012db58c-cd62-5829-82dc-fcfbf8310ab9,7f411ff8-b92c-5ef9-ab88-a506611388cd,THPT,2026,,tuyensinh247
5cd6245c-6e7f-5c1a-84bc-26993d7d4bf7,a75b8bbf-1669-5942-8495-029b199d74cb,DGNL_HN,2026,,tuyensinh247
bbc96b14-2b45-522a-a08a-d8cd6b1513bd,a75b8bbf-1669-5942-8495-029b199d74cb,DGTD,2026,,tuyensinh247
5ff418b7-f750-510a-b6c5-8804af69a0c2,a75b8bbf-1669-5942-8495-029b199d74cb,THPT,2026,,tuyensinh247
3ea1e7c0-3b33-54f4-a53f-249c1668e379,e4d706a9-a879-5c26-be4f-a96f9863968f,DGNL_HN,2026,,tuyensinh247
78cf4096-d606-5029-a8c9-b9d01aa4ef39,e4d706a9-a879-5c26-be4f-a96f9863968f,DGTD,2026,,tuyensinh247
aceae822-9f92-54f9-ab69-fce4833fab29,e4d706a9-a879-5c26-be4f-a96f9863968f,THPT,2026,,tuyensinh247
48466356-5878-5293-affd-2d86637d9ef5,662e448b-48f4-546a-ae4e-65433394d995,DGNL_HN,2026,,tuyensinh247
0cbfd141-b7a0-5404-b6fb-4df0e99e2f9d,662e448b-48f4-546a-ae4e-65433394d995,DGTD,2026,,tuyensinh247
26d4050b-3fc5-5391-9e26-79da16cc8ada,662e448b-48f4-546a-ae4e-65433394d995,THPT,2026,,tuyensinh247
c5ba1776-27d6-5b43-b3d4-8a921a35a98b,646d4398-73f2-5948-bc31-e8ec779b1b42,DGNL_HN,2026,,tuyensinh247
76d3e223-e180-5af7-81f2-8023fb30f8b2,646d4398-73f2-5948-bc31-e8ec779b1b42,DGTD,2026,,tuyensinh247
d7db9d62-6429-5e35-b526-78f8fd35024e,646d4398-73f2-5948-bc31-e8ec779b1b42,THPT,2026,,tuyensinh247
f7f9c7b1-a585-539a-bc84-4791fb9bfcb2,9305169f-b2f5-5e45-bf1e-11e50d526b6f,DGNL_HN,2026,,tuyensinh247
ebbc6a85-c249-52ea-b700-5ba39cde61c0,9305169f-b2f5-5e45-bf1e-11e50d526b6f,DGTD,2026,,tuyensinh247
382bfc2a-6394-5ba4-9250-86547143a92e,9305169f-b2f5-5e45-bf1e-11e50d526b6f,THPT,2026,,tuyensinh247
5ec32052-58a6-52c6-bb94-1f13e374d91f,b0ce01a7-687e-5fce-aab5-b37c7a79139d,DGNL_HN,2026,,tuyensinh247
95d053ec-4222-5a84-8e4a-893658d50306,b0ce01a7-687e-5fce-aab5-b37c7a79139d,DGTD,2026,,tuyensinh247
66356710-ef79-5944-af61-c70c9dc98bac,b0ce01a7-687e-5fce-aab5-b37c7a79139d,THPT,2026,,tuyensinh247
cfe33605-8d19-52a1-8237-5078952cd616,05a16029-c365-5766-aa84-1d610ffcc8b7,DGNL_HN,2026,,tuyensinh247
5991e18b-2d41-5685-98ee-d3e42866f913,05a16029-c365-5766-aa84-1d610ffcc8b7,DGTD,2026,,tuyensinh247
217279ff-a45a-51f9-b264-a2f74a751f2f,05a16029-c365-5766-aa84-1d610ffcc8b7,THPT,2026,,tuyensinh247
a60144bc-0baa-5529-aaa2-47a9790c54f0,2455b910-fd20-5775-ac50-3f175119242e,DGNL_HN,2026,,tuyensinh247
5fda3b5d-10c1-5e9a-a662-2b00b980cc99,2455b910-fd20-5775-ac50-3f175119242e,DGTD,2026,,tuyensinh247
99c84374-863a-5399-850d-0983a9f39293,2455b910-fd20-5775-ac50-3f175119242e,THPT,2026,,tuyensinh247
c1334289-0db7-5008-87e0-2e2dc4ef58c1,4f86d7c2-98a7-5cdb-930b-f115ebf99a79,DGNL_HN,2026,,tuyensinh247
3d2d7985-7445-53b1-85c0-99e0b9cd6566,4f86d7c2-98a7-5cdb-930b-f115ebf99a79,DGTD,2026,,tuyensinh247
f8acd97e-1250-50f2-b727-182415a01101,4f86d7c2-98a7-5cdb-930b-f115ebf99a79,THPT,2026,,tuyensinh247
ed181700-df47-5ad7-9417-541e9fa4ef45,efbff511-e4b5-552b-b314-60d940d9d18a,DGNL_HN,2026,,tuyensinh247
4fe1bc15-1d3b-52ec-98d0-dfe78fc8b6ff,efbff511-e4b5-552b-b314-60d940d9d18a,DGTD,2026,,tuyensinh247
0ea5154c-4f84-5d75-b3c4-fce5d0de6635,f6f1b3d9-bee8-5717-a727-979142a33754,DGNL_HN,2026,,tuyensinh247
7d328104-09aa-5606-87af-e044ce21fecc,f6f1b3d9-bee8-5717-a727-979142a33754,DGTD,2026,,tuyensinh247
79601b4b-f4ba-53dc-934c-43540188676e,f6f1b3d9-bee8-5717-a727-979142a33754,THPT,2026,,tuyensinh247
3c43f33d-051b-5de0-95d6-55efd8bf6c98,9f2e4f47-8734-5004-8d55-c2a100771eb7,DGNL_HN,2026,,tuyensinh247
889f55cf-a830-5808-ac0d-9a97ce8d0feb,9f2e4f47-8734-5004-8d55-c2a100771eb7,DGTD,2026,,tuyensinh247
badcd373-a615-52c3-a8e4-41438bc96262,9f2e4f47-8734-5004-8d55-c2a100771eb7,THPT,2026,,tuyensinh247
c29c26df-28bf-5ae4-bd9a-a71b254c065e,c16c7707-32f3-52c0-9678-ff4413a6e13a,DGNL_HN,2026,,tuyensinh247
9cde47d8-ce07-56d1-8695-33e76e140477,c16c7707-32f3-52c0-9678-ff4413a6e13a,DGTD,2026,,tuyensinh247
5a3fe451-e905-5c3a-8c29-d6624e06366b,c16c7707-32f3-52c0-9678-ff4413a6e13a,THPT,2026,,tuyensinh247
5cd305f5-2057-541b-82b4-c485b80e84c4,a8bb0ae3-4af7-52c9-b87b-1eb143ac3d86,DGNL_HN,2026,,tuyensinh247
b88debc7-bfdb-582b-99c7-9938f272f081,a8bb0ae3-4af7-52c9-b87b-1eb143ac3d86,DGTD,2026,,tuyensinh247
a2c99236-38fa-5447-94b7-ebbad57c3569,a8bb0ae3-4af7-52c9-b87b-1eb143ac3d86,THPT,2026,,tuyensinh247
c175e4bf-3e5b-5906-bad6-51c8cb45a910,6414ac00-e1de-5333-9673-9d968d5579fc,DGNL_HN,2026,,tuyensinh247
dd513ae0-e9d2-5f29-8a71-f6d0dfdcae5a,6414ac00-e1de-5333-9673-9d968d5579fc,DGTD,2026,,tuyensinh247
b5a3783e-13b3-58bd-933b-6c51d75bfb1d,6414ac00-e1de-5333-9673-9d968d5579fc,THPT,2026,,tuyensinh247
437950e2-d7de-515b-ab18-4a33e24b8ed8,3cb6ec32-65f7-52fd-9074-3a567d40176a,DGNL_HN,2026,,tuyensinh247
600aee04-290a-5ba3-a6d8-55d433a8a937,3cb6ec32-65f7-52fd-9074-3a567d40176a,DGTD,2026,,tuyensinh247
afcaa883-9c14-5462-8413-ed3ef7792491,3cb6ec32-65f7-52fd-9074-3a567d40176a,THPT,2026,,tuyensinh247
9312c1c8-b8af-5bb5-9d26-f1fd02c21f9c,a7027eb5-3b82-5b34-b989-384bab2b5596,DGNL_HN,2026,,tuyensinh247
d99d7b2d-a609-5fd0-a8e2-56337d4b5ba9,a7027eb5-3b82-5b34-b989-384bab2b5596,DGTD,2026,,tuyensinh247
0e4127b4-0663-5cc8-9adf-7c643344bdc0,a7027eb5-3b82-5b34-b989-384bab2b5596,THPT,2026,,tuyensinh247
26d00d78-e50f-52e9-923e-4da7e0be9bdd,43a5bbe7-ba01-583f-b210-1f30a2d315b0,DGNL_HN,2026,100,tuyensinh247
340d23b3-2634-5922-917f-222f68ab758c,43a5bbe7-ba01-583f-b210-1f30a2d315b0,DGTD,2026,100,tuyensinh247
cab864e7-8ae9-56b9-a626-69c531738da5,43a5bbe7-ba01-583f-b210-1f30a2d315b0,THPT,2026,100,tuyensinh247
73c284bc-a68a-5bc4-a25e-858ef598ed1d,b0630db9-f5cd-582f-9d71-054436d99069,DGNL_HN,2026,320,tuyensinh247
5b6c2da3-2e94-5d6e-8b05-840bf2af4d55,b0630db9-f5cd-582f-9d71-054436d99069,DGTD,2026,320,tuyensinh247
6ba3bb52-c343-59b3-a256-53d513708680,b0630db9-f5cd-582f-9d71-054436d99069,THPT,2026,320,tuyensinh247
a96a941a-899f-58de-a61d-5ef5cfd05474,c14b4220-eaba-5ec7-864a-e9a72024ee03,DGNL_HN,2026,50,tuyensinh247
981e8a73-9804-599d-9367-84c783e3332b,c14b4220-eaba-5ec7-864a-e9a72024ee03,DGTD,2026,50,tuyensinh247
3e424453-7c17-560a-9e35-f7af064fd523,c14b4220-eaba-5ec7-864a-e9a72024ee03,THPT,2026,50,tuyensinh247
991ff1c9-a029-52c2-ae72-da3a7273ba2e,f0ded00d-f1b9-5c9e-8f21-a6d5d1a74b71,DGNL_HN,2026,899,tuyensinh247
07f51b2a-ec58-58eb-8eeb-eb08d9c266e2,f0ded00d-f1b9-5c9e-8f21-a6d5d1a74b71,DGTD,2026,899,tuyensinh247
6b4d9229-280a-595a-a195-6fe2cdfa536b,f0ded00d-f1b9-5c9e-8f21-a6d5d1a74b71,THPT,2026,899,tuyensinh247
48df072c-d031-5e46-91de-d13fce4845ce,603ad53e-2485-527e-a970-e015945467d7,DGNL_HN,2026,200,tuyensinh247
f24eea0e-4433-5ae4-a62b-1a23e1632a24,603ad53e-2485-527e-a970-e015945467d7,DGTD,2026,200,tuyensinh247
4028a20a-2414-5081-9903-76168c4e5c50,603ad53e-2485-527e-a970-e015945467d7,THPT,2026,200,tuyensinh247
ca7476a8-3945-5d86-bbc4-6a0e0bfabd65,3ab5b7f8-3217-5080-abd9-cde5077d160f,DGNL_HN,2026,40,tuyensinh247
9fd57ab8-8003-5d1a-87af-99c4f0709d81,3ab5b7f8-3217-5080-abd9-cde5077d160f,DGTD,2026,40,tuyensinh247
f34e1035-fbf7-5b76-b67c-1c04b1c8b08a,3ab5b7f8-3217-5080-abd9-cde5077d160f,THPT,2026,40,tuyensinh247
9dd85db4-b47b-54a9-8dfa-bb39ed1cfa10,8e79f84f-a0ff-5264-8f82-c32a4cf8bbe1,DGNL_HN,2026,960,tuyensinh247
501393c4-f5c4-543c-a3cd-b9f060ffde24,8e79f84f-a0ff-5264-8f82-c32a4cf8bbe1,DGTD,2026,960,tuyensinh247
4bafac2e-698a-5972-80f8-da5001f10cb9,8e79f84f-a0ff-5264-8f82-c32a4cf8bbe1,THPT,2026,960,tuyensinh247
eb04df19-4f3d-5c74-a0ad-e23a12a4d495,b5e5238f-1e6a-5a60-b4bb-90923fcead39,DGNL_HN,2026,400,tuyensinh247
95d84f12-3c42-5a43-a009-b92476ced0fd,b5e5238f-1e6a-5a60-b4bb-90923fcead39,DGTD,2026,400,tuyensinh247
41025c3a-f8de-58ca-b68f-d3d5def2596d,b5e5238f-1e6a-5a60-b4bb-90923fcead39,THPT,2026,400,tuyensinh247
006d5a6f-dc1d-5522-bfe5-ebfb8f75d429,001963a4-e072-56ef-8e50-8b5fcdd83a3c,DGNL_HN,2026,185,tuyensinh247
3e0a91b1-b6ea-56f9-93a9-8e12f26b9a71,001963a4-e072-56ef-8e50-8b5fcdd83a3c,DGTD,2026,185,tuyensinh247
ebaf4d5b-786c-5e77-9bda-94253c47c9ca,001963a4-e072-56ef-8e50-8b5fcdd83a3c,THPT,2026,185,tuyensinh247
5fdc8330-44f1-5f6a-805d-f848ff3f2cb9,e3c9d824-1fed-5830-9282-fa5fe514f1d0,DGNL_HN,2026,185,tuyensinh247
704364a6-fe0a-548a-b5c6-3cde6f4ad157,e3c9d824-1fed-5830-9282-fa5fe514f1d0,DGTD,2026,185,tuyensinh247
e7301b67-91ca-5776-82de-03bb40552af0,e3c9d824-1fed-5830-9282-fa5fe514f1d0,THPT,2026,185,tuyensinh247
645d7536-54fb-5843-8c3c-4de0071bc6fe,f3e72f80-fc5f-58cd-9e1f-fe699b39292c,DGNL_HN,2026,470,tuyensinh247
fc29bed4-eac3-5d69-bfa8-b73e5488cef5,f3e72f80-fc5f-58cd-9e1f-fe699b39292c,DGTD,2026,470,tuyensinh247
96eeeb2e-22d8-559d-a0cc-10b5dcae7685,f3e72f80-fc5f-58cd-9e1f-fe699b39292c,THPT,2026,470,tuyensinh247
a91d91c1-c72f-5ec3-9c31-cbe1818ee430,083b35ee-80a2-5956-b4f7-3b01f753dbb8,DGNL_HN,2026,284,tuyensinh247
566becaa-0227-5af9-8b37-1d28adca90be,083b35ee-80a2-5956-b4f7-3b01f753dbb8,DGTD,2026,284,tuyensinh247
cc76a5b6-b5ce-50da-b3d1-51d4f3defc79,083b35ee-80a2-5956-b4f7-3b01f753dbb8,THPT,2026,284,tuyensinh247
c4cbd568-a4e5-5440-b321-4c763aa0722f,02cf1ead-3766-5b08-8f9a-a28667838325,DGNL_HN,2026,960,tuyensinh247
869e5056-6619-5e7a-8140-c39ccd0ba8b0,02cf1ead-3766-5b08-8f9a-a28667838325,DGTD,2026,960,tuyensinh247
f4548c3d-e064-539c-8c0b-6d459c59059a,02cf1ead-3766-5b08-8f9a-a28667838325,THPT,2026,960,tuyensinh247
53a26916-b75d-5d36-a602-4ff7506dfac6,7d1bfa40-4924-58f3-8e17-a4afdb7e68f3,DGNL_HN,2026,170,tuyensinh247
0c202d2a-e627-5a16-bf52-e3a05db335cf,7d1bfa40-4924-58f3-8e17-a4afdb7e68f3,DGTD,2026,170,tuyensinh247
c42d1388-e372-5a57-8cff-3bef329ecd8a,7d1bfa40-4924-58f3-8e17-a4afdb7e68f3,THPT,2026,170,tuyensinh247
f79c7bbd-f747-5975-843f-625ff37cecaa,279b7602-a4c5-54ac-9b99-42db9ed01109,DGNL_HN,2026,301,tuyensinh247
7862c917-f8ca-5f2c-8f95-eeebe872d00d,279b7602-a4c5-54ac-9b99-42db9ed01109,DGTD,2026,301,tuyensinh247
3a3a6989-cea8-5f5b-81b4-d432df39575a,279b7602-a4c5-54ac-9b99-42db9ed01109,THPT,2026,301,tuyensinh247
81cdf269-e153-5771-99ab-8885d7e7fa08,179f8626-23f9-537b-8812-b66335a8b5ce,DGNL_HN,2026,150,tuyensinh247
c8d7074b-877e-554b-bc8e-6812d7f78f38,179f8626-23f9-537b-8812-b66335a8b5ce,DGTD,2026,150,tuyensinh247
97d5e43c-cab7-5588-98fd-5bd4b50ee255,179f8626-23f9-537b-8812-b66335a8b5ce,THPT,2026,150,tuyensinh247
7fb6d3c7-e2f6-5518-a892-02c4db86d748,6ced4657-759b-5ace-a9c1-ab83628495e4,DGNL_HN,2026,30,tuyensinh247
3f64a940-dae6-5615-bb6c-83aa8e152b50,6ced4657-759b-5ace-a9c1-ab83628495e4,DGTD,2026,30,tuyensinh247
f4471eda-3b3e-5cf1-a94c-3ccc480dfbd0,6ced4657-759b-5ace-a9c1-ab83628495e4,THPT,2026,30,tuyensinh247
5f698847-f58a-5551-b7bd-db1cfeacf396,69f79c6c-6a0f-5c68-9db1-2df5a3153ecc,DGNL_HN,2026,50,tuyensinh247
564c3989-5cba-52e2-be17-24592fa43ce7,69f79c6c-6a0f-5c68-9db1-2df5a3153ecc,DGTD,2026,50,tuyensinh247
59c5b3a3-8006-5767-9e61-c05702d93fb2,69f79c6c-6a0f-5c68-9db1-2df5a3153ecc,THPT,2026,50,tuyensinh247
52005f72-2070-5fa9-be5b-fa81b26eccc4,b6df017b-3297-5416-ada2-94253daf65fa,DGNL_HN,2026,20,tuyensinh247
8bbba924-be9f-5e14-b9a8-e1ba7da952a8,b6df017b-3297-5416-ada2-94253daf65fa,DGTD,2026,20,tuyensinh247
88110cf8-a982-500b-915f-0b4e7493c333,b6df017b-3297-5416-ada2-94253daf65fa,THPT,2026,20,tuyensinh247
38c1f215-da9f-5ef9-adc0-8a67ed6ba801,6f93447d-eabc-5a8c-a306-4eba09bdb1c6,DGNL_HN,2026,50,tuyensinh247
9c46ac5c-46a1-51f1-b26e-12961571a1df,6f93447d-eabc-5a8c-a306-4eba09bdb1c6,DGTD,2026,50,tuyensinh247
4fa2941d-ff5d-5590-a39f-119710a37db4,6f93447d-eabc-5a8c-a306-4eba09bdb1c6,THPT,2026,50,tuyensinh247
dba569be-94ee-50af-a78b-c38b184ebfdd,86108fd5-2dc6-5791-a8d1-a5df7c2a6c8d,DGNL_HN,2026,70,tuyensinh247
dd279a42-a5a3-5f2d-9000-95706f688408,86108fd5-2dc6-5791-a8d1-a5df7c2a6c8d,DGTD,2026,70,tuyensinh247
760abaeb-b6e9-5b0b-9e0b-b0b9e9b03210,86108fd5-2dc6-5791-a8d1-a5df7c2a6c8d,THPT,2026,70,tuyensinh247
d9c5ff04-c355-5e5a-aaad-c855b9160c18,1351330d-525d-57c8-a52b-c08c4d2ef7d9,DGNL_HN,2026,144,tuyensinh247
299e4c90-f791-5cce-bb8d-b51ed40b05c4,1351330d-525d-57c8-a52b-c08c4d2ef7d9,THPT,2026,144,tuyensinh247
8792b1f4-1e41-55d5-8ff0-bc07daed3477,e05b5c9a-8f05-5904-bff1-aa2d5674fae8,DGNL_HN,2026,180,tuyensinh247
f4951d89-5f2d-5874-b99e-da493b6fb2fc,e05b5c9a-8f05-5904-bff1-aa2d5674fae8,THPT,2026,180,tuyensinh247
7dad8bf4-3788-52d5-bcbc-a3f080f69cde,3929a2c8-a4b9-53e7-8d31-8e92001f7c2f,DGNL_HN,2026,64,tuyensinh247
a8630878-3398-552f-a5b3-78e6f36f364c,3929a2c8-a4b9-53e7-8d31-8e92001f7c2f,THPT,2026,64,tuyensinh247
d05dfacc-4028-58c0-9783-a71d3a6db0a4,a60bd4fe-3fec-54ce-83da-efe72bc7534f,DGNL_HN,2026,60,tuyensinh247
b9b48797-4386-580d-8aed-a03b44e57851,a60bd4fe-3fec-54ce-83da-efe72bc7534f,THPT,2026,60,tuyensinh247
6a9ee590-7d90-5839-8b9b-5ce827614c78,031f62d0-c1cb-50e6-98c0-0cd827bcf574,DGNL_HN,2026,238,tuyensinh247
7efc45bb-bc33-5faa-aed8-45804e268740,031f62d0-c1cb-50e6-98c0-0cd827bcf574,DGTD,2026,238,tuyensinh247
fde349ff-1666-535f-bba0-f6c3eb9103d0,031f62d0-c1cb-50e6-98c0-0cd827bcf574,THPT,2026,238,tuyensinh247
113d98fb-b962-5b6a-9990-bebc858686ff,ff0fb2ef-c8c3-52b5-802b-e798f6070e16,DGNL_HN,2026,50,tuyensinh247
5830df28-1101-5665-810d-d114a3b241c2,ff0fb2ef-c8c3-52b5-802b-e798f6070e16,DGTD,2026,50,tuyensinh247
16ae9a0d-9933-5486-a110-7330e862cf0d,ff0fb2ef-c8c3-52b5-802b-e798f6070e16,THPT,2026,50,tuyensinh247
4a316e0f-bb33-5106-97a9-835bd5776db2,759061ef-b387-5148-bdc5-74c41ca82f78,DGNL_HN,2026,40,tuyensinh247
5772ba6b-48ee-51dd-b8b4-ef3c0eac1ed7,759061ef-b387-5148-bdc5-74c41ca82f78,DGTD,2026,40,tuyensinh247
cfe1ddcb-e3f1-58b0-beaa-af35c34e6f02,1b04610e-7c7f-5902-8b2b-d83faaf70715,DGNL_HN,2026,60,tuyensinh247
c5ab9992-7dde-5945-934f-b3cd1db3872a,1b04610e-7c7f-5902-8b2b-d83faaf70715,DGTD,2026,60,tuyensinh247
8fa42d59-16d0-5e44-a179-c8267fece5dd,5f9957df-b5f2-5cb4-864f-a5c21da23a3d,DGNL_HN,2026,140,tuyensinh247
575b2350-7ca3-5b23-a266-8a0cdf1ac08f,5f9957df-b5f2-5cb4-864f-a5c21da23a3d,DGTD,2026,140,tuyensinh247
bcb57407-3920-5f5b-ac32-b11c489e48d7,5f9957df-b5f2-5cb4-864f-a5c21da23a3d,HBA,2026,140,tuyensinh247
c42d8fcc-3bcc-5810-9547-67db566c8023,5f9957df-b5f2-5cb4-864f-a5c21da23a3d,THPT,2026,140,tuyensinh247
b5fb3f4e-4a1b-5666-b1fd-fa73747ce4d3,5f9957df-b5f2-5cb4-864f-a5c21da23a3d,XTT,2026,140,tuyensinh247
e04b12db-ccc5-549b-ae4a-992269059ba8,18b60c15-059b-58dd-93c5-665fa172c017,DGNL_HN,2026,180,tuyensinh247
5e00aefc-fb29-5cc4-8a0b-1d762aa0ad34,18b60c15-059b-58dd-93c5-665fa172c017,DGTD,2026,180,tuyensinh247
4d061a6b-59b3-53d6-a398-379394e0bb04,18b60c15-059b-58dd-93c5-665fa172c017,HBA,2026,180,tuyensinh247
00cfe2fb-1433-5645-9dae-a622ab9c5ac0,18b60c15-059b-58dd-93c5-665fa172c017,THPT,2026,180,tuyensinh247
3c32a5b6-794c-53cf-8403-72235a44c153,18b60c15-059b-58dd-93c5-665fa172c017,XTT,2026,180,tuyensinh247
fa9a8e21-f329-582d-959c-6e84aa58117b,7f8deb76-5ce7-57ca-bada-f87719b8c4d8,DGNL_HN,2026,100,tuyensinh247
9a149349-7316-5e89-b189-220757a487df,7f8deb76-5ce7-57ca-bada-f87719b8c4d8,DGTD,2026,100,tuyensinh247
2d656f9a-87bc-50e5-a796-951dac185e1c,7f8deb76-5ce7-57ca-bada-f87719b8c4d8,HBA,2026,100,tuyensinh247
11a564ee-de1d-56ac-915f-1bd3f7b1900c,7f8deb76-5ce7-57ca-bada-f87719b8c4d8,THPT,2026,100,tuyensinh247
751d3671-517b-5163-856a-48c705e5cd39,7f8deb76-5ce7-57ca-bada-f87719b8c4d8,XTT,2026,100,tuyensinh247
d57743f1-c191-5ae9-86b3-7bbf241a6d95,89b87bbd-a0df-503c-bf66-4bd86986beb5,DGNL_HN,2026,180,tuyensinh247
9fbd11fe-dd38-5f95-9b2f-d7866c069fe6,89b87bbd-a0df-503c-bf66-4bd86986beb5,DGTD,2026,180,tuyensinh247
8cf955a8-6a90-5c37-8605-c81989337d68,89b87bbd-a0df-503c-bf66-4bd86986beb5,HBA,2026,180,tuyensinh247
fafd0dca-190c-52df-a9ac-0e1c2a81910c,89b87bbd-a0df-503c-bf66-4bd86986beb5,THPT,2026,180,tuyensinh247
f7352431-17c3-5d81-95b1-74971c918a55,89b87bbd-a0df-503c-bf66-4bd86986beb5,XTT,2026,180,tuyensinh247
9815113f-0ed0-5cfb-8508-392e71e0510a,ea880270-711a-5b11-8d8c-16db48e1f1ca,DGNL_HN,2026,110,tuyensinh247
200effde-64e3-5823-b8d6-cc28b3503303,ea880270-711a-5b11-8d8c-16db48e1f1ca,DGTD,2026,110,tuyensinh247
79a36009-6117-5f07-97ac-899f0da58b2d,ea880270-711a-5b11-8d8c-16db48e1f1ca,HBA,2026,110,tuyensinh247
99b25ee2-a889-5679-9c33-4de42122c521,ea880270-711a-5b11-8d8c-16db48e1f1ca,THPT,2026,110,tuyensinh247
4628b2da-2448-58d3-8b72-187382f2b87a,ea880270-711a-5b11-8d8c-16db48e1f1ca,XTT,2026,110,tuyensinh247
93e7de38-be6d-5f6a-b966-5e288341cc08,2ddbff9f-75d9-5fe9-acc7-49b7751e1383,DGNL_HN,2026,80,tuyensinh247
dbed0936-4a31-5441-9450-71a257f25667,2ddbff9f-75d9-5fe9-acc7-49b7751e1383,DGTD,2026,80,tuyensinh247
b68aa039-336b-5252-a25a-e5d8ef6a6e52,2ddbff9f-75d9-5fe9-acc7-49b7751e1383,HBA,2026,80,tuyensinh247
787650f6-e70c-5538-b411-da5812982ae6,2ddbff9f-75d9-5fe9-acc7-49b7751e1383,THPT,2026,80,tuyensinh247
5de8a5e5-ae48-59e4-bd50-ec8cc825e9f8,2ddbff9f-75d9-5fe9-acc7-49b7751e1383,XTT,2026,80,tuyensinh247
911056f9-b034-5669-8639-61fbef62ca00,f93079c4-f170-54ba-991e-4a417f5c7c0f,DGNL_HN,2026,180,tuyensinh247
2242dc9d-18c1-5ca1-a368-556cd43a0d3d,f93079c4-f170-54ba-991e-4a417f5c7c0f,DGTD,2026,180,tuyensinh247
8e6c4d91-4367-5284-b865-db2ac4551de3,f93079c4-f170-54ba-991e-4a417f5c7c0f,HBA,2026,180,tuyensinh247
b98e1455-fe56-5e27-9ef2-a5eb642b601d,f93079c4-f170-54ba-991e-4a417f5c7c0f,THPT,2026,180,tuyensinh247
95ff9a99-e97b-5376-9e6e-7e9728134624,f93079c4-f170-54ba-991e-4a417f5c7c0f,XTT,2026,180,tuyensinh247
663d2428-9bdb-5e3f-8b5c-6e18acc60f9f,9a48aea7-7acb-5d77-adc7-8013f42e3663,DGNL_HN,2026,180,tuyensinh247
c2eceee0-5318-5768-9f25-1f305fc6f8e1,9a48aea7-7acb-5d77-adc7-8013f42e3663,DGTD,2026,180,tuyensinh247
45973f62-8e07-583d-9732-96256f22da2b,9a48aea7-7acb-5d77-adc7-8013f42e3663,HBA,2026,180,tuyensinh247
54a7efd2-0f79-5816-9d34-adf3b44bec9d,9a48aea7-7acb-5d77-adc7-8013f42e3663,THPT,2026,180,tuyensinh247
a572384c-7a7c-58e9-aaef-3c16c86deef2,9a48aea7-7acb-5d77-adc7-8013f42e3663,XTT,2026,180,tuyensinh247
745be556-c38a-5094-acfb-66a44a340358,48854236-1133-5607-9647-babfdca7afc3,DGNL_HN,2026,35,tuyensinh247
cf631429-f5c6-5016-a968-edfd352b60a9,48854236-1133-5607-9647-babfdca7afc3,DGTD,2026,35,tuyensinh247
b9868a83-edde-5a94-8aca-a64a82040335,48854236-1133-5607-9647-babfdca7afc3,HBA,2026,35,tuyensinh247
61efe61a-331c-5aa6-b77c-766fb83b0e26,48854236-1133-5607-9647-babfdca7afc3,THPT,2026,35,tuyensinh247
3393ccd1-a741-5084-9bbc-ba2e5ec6c769,48854236-1133-5607-9647-babfdca7afc3,XTT,2026,35,tuyensinh247
d89d8903-972b-5749-b669-ac0fbc0e11be,68b9c64b-5885-5294-86b7-b072c805c2b8,DGNL_HN,2026,140,tuyensinh247
b84b5536-e40a-57aa-a8bc-5098053f34bf,68b9c64b-5885-5294-86b7-b072c805c2b8,DGTD,2026,140,tuyensinh247
35ec0648-e2e2-59c7-809e-ca59f5303f41,68b9c64b-5885-5294-86b7-b072c805c2b8,HBA,2026,140,tuyensinh247
49e09b71-210d-51a2-9575-36f1794b5f9c,68b9c64b-5885-5294-86b7-b072c805c2b8,THPT,2026,140,tuyensinh247
7539d7bd-69f0-5f83-a4dc-255717e19d22,68b9c64b-5885-5294-86b7-b072c805c2b8,XTT,2026,140,tuyensinh247
f5e40c57-276d-5f2b-abc0-d92be060b5da,7ec8c4e7-2009-51a1-a150-f71f64172418,DGNL_HN,2026,70,tuyensinh247
b5786682-4987-5534-bb46-949b723a8196,7ec8c4e7-2009-51a1-a150-f71f64172418,DGTD,2026,70,tuyensinh247
52d3d7a6-c0ed-5bcb-aa5b-c3ff2afd4c43,7ec8c4e7-2009-51a1-a150-f71f64172418,HBA,2026,70,tuyensinh247
fd69ff56-79ca-5aaf-b5ce-a455ab189a10,7ec8c4e7-2009-51a1-a150-f71f64172418,THPT,2026,70,tuyensinh247
1fd42864-9f43-543f-a507-83b06d575dbd,7ec8c4e7-2009-51a1-a150-f71f64172418,XTT,2026,70,tuyensinh247
095d0f3a-5abe-51af-9145-81113c7c9565,739bbe63-80da-5e29-8c84-35ee037d573a,DGNL_HN,2026,150,tuyensinh247
7f241243-3970-5bae-b9b5-1df7c0afc575,739bbe63-80da-5e29-8c84-35ee037d573a,DGTD,2026,150,tuyensinh247
6c5d6ea7-146d-532a-a067-86769cbe313a,739bbe63-80da-5e29-8c84-35ee037d573a,HBA,2026,150,tuyensinh247
d0804281-3662-5b9a-9d97-a55a2f65fc53,739bbe63-80da-5e29-8c84-35ee037d573a,THPT,2026,150,tuyensinh247
b78f9ee7-125e-524f-a6d0-f65db4ebe742,739bbe63-80da-5e29-8c84-35ee037d573a,XTT,2026,150,tuyensinh247
05f100fb-aa18-5dd3-bd1f-3d80157666a9,522f7c29-b304-59f9-82ed-2f62d3c4ef21,DGNL_HN,2026,160,tuyensinh247
5b3532e4-8817-5339-84dc-09e8db993fb8,522f7c29-b304-59f9-82ed-2f62d3c4ef21,DGTD,2026,160,tuyensinh247
d831c30a-7e72-5520-826c-3b0a961acade,522f7c29-b304-59f9-82ed-2f62d3c4ef21,HBA,2026,160,tuyensinh247
4c800d3e-9912-5cf5-8ba3-d18fa2ffdc75,522f7c29-b304-59f9-82ed-2f62d3c4ef21,THPT,2026,160,tuyensinh247
b3324fcd-2866-5300-9351-8742bcfbed05,522f7c29-b304-59f9-82ed-2f62d3c4ef21,XTT,2026,160,tuyensinh247
9fdb9eee-b6d8-558e-b8d8-dfc54ee8010d,4d43ef66-edc3-50c2-a439-a0c1e426355d,DGNL_HN,2026,35,tuyensinh247
3fa41c81-bcd2-5680-8569-0b89388d1f53,4d43ef66-edc3-50c2-a439-a0c1e426355d,DGTD,2026,35,tuyensinh247
27ef8217-1a4e-575f-ac7f-75b7197c13bc,4d43ef66-edc3-50c2-a439-a0c1e426355d,HBA,2026,35,tuyensinh247
6744afda-7335-5766-a47e-25e9dc4135e8,4d43ef66-edc3-50c2-a439-a0c1e426355d,THPT,2026,35,tuyensinh247
694b39fa-7c8d-5899-ac63-4137bf6a573c,4d43ef66-edc3-50c2-a439-a0c1e426355d,XTT,2026,35,tuyensinh247
cb456da2-0f90-5e54-be11-249f94f13052,8e137ddc-88a8-5ca6-919e-7e65447f70e4,DGNL_HN,2026,140,tuyensinh247
53665fdb-50b1-5274-9973-4db18e39c1c2,8e137ddc-88a8-5ca6-919e-7e65447f70e4,DGTD,2026,140,tuyensinh247
7b60a77c-ea05-5cef-a0e3-1f1319ab96b0,8e137ddc-88a8-5ca6-919e-7e65447f70e4,HBA,2026,140,tuyensinh247
6a3579ab-026e-564d-b892-c22b265381a4,8e137ddc-88a8-5ca6-919e-7e65447f70e4,THPT,2026,140,tuyensinh247
0cdcf941-717d-5bf9-8d48-67421bfbd2a9,8e137ddc-88a8-5ca6-919e-7e65447f70e4,XTT,2026,140,tuyensinh247
8f9e7939-4bda-5940-88fe-08614aaeaa27,0d9687d0-9945-56b1-982b-81b776c2f9d4,DGNL_HN,2026,70,tuyensinh247
c415bb72-dec2-5920-a3c5-abd183ae3c94,0d9687d0-9945-56b1-982b-81b776c2f9d4,DGTD,2026,70,tuyensinh247
8078a6c6-bbde-563a-b150-0e460439f627,0d9687d0-9945-56b1-982b-81b776c2f9d4,HBA,2026,70,tuyensinh247
155f7119-1862-5134-a3c5-b553040d4260,0d9687d0-9945-56b1-982b-81b776c2f9d4,THPT,2026,70,tuyensinh247
1079e95c-4820-578f-bdec-48432a1a6152,0d9687d0-9945-56b1-982b-81b776c2f9d4,XTT,2026,70,tuyensinh247
2dec64e2-6ff5-5f41-975a-48ad126cc027,84ab7529-0a73-5785-9885-1e83d3fb26f8,DGNL_HN,2026,35,tuyensinh247
41b65a77-05f2-53ad-b512-a2d5a742c7a8,84ab7529-0a73-5785-9885-1e83d3fb26f8,DGTD,2026,35,tuyensinh247
020dcc2c-431f-559b-ba98-b90fc5f6af79,84ab7529-0a73-5785-9885-1e83d3fb26f8,HBA,2026,35,tuyensinh247
5cbe5bc6-ee8b-5328-b439-06a5fa1f0cf3,84ab7529-0a73-5785-9885-1e83d3fb26f8,THPT,2026,35,tuyensinh247
e1902308-275a-56a7-9b40-98cef072f36d,84ab7529-0a73-5785-9885-1e83d3fb26f8,XTT,2026,35,tuyensinh247
cfda17e1-fcf5-5c11-9455-523743b29550,be3e88ae-b051-5bf6-be8c-51fbf6daae5f,DGNL_HN,2026,210,tuyensinh247
aa91aded-1016-54a0-9cfa-0186b6472592,be3e88ae-b051-5bf6-be8c-51fbf6daae5f,DGTD,2026,210,tuyensinh247
198b77bb-4733-5ae0-9a47-a25c1f395172,be3e88ae-b051-5bf6-be8c-51fbf6daae5f,HBA,2026,210,tuyensinh247
2d35648c-e5a5-59e7-85dc-4197c987d9c9,be3e88ae-b051-5bf6-be8c-51fbf6daae5f,THPT,2026,210,tuyensinh247
a0a814de-0630-5722-93d7-b7d56fe8c9ea,be3e88ae-b051-5bf6-be8c-51fbf6daae5f,XTT,2026,210,tuyensinh247
e3ae9f9f-b339-5c71-8f07-932aa0226c40,c278a481-b33e-53f1-8fa8-d5a42c3f2c4a,DGNL_HN,2026,70,tuyensinh247
e6903c46-5a7f-5f5c-957c-df6427c7e7d7,c278a481-b33e-53f1-8fa8-d5a42c3f2c4a,DGTD,2026,70,tuyensinh247
56e1b3ec-129d-51b1-8b01-74debf27bdf5,c278a481-b33e-53f1-8fa8-d5a42c3f2c4a,HBA,2026,70,tuyensinh247
e0ef41f3-6e5e-5e56-83d9-9c66855d5e06,c278a481-b33e-53f1-8fa8-d5a42c3f2c4a,THPT,2026,70,tuyensinh247
41687196-76b2-5abd-ac71-c783a9f104b7,c278a481-b33e-53f1-8fa8-d5a42c3f2c4a,XTT,2026,70,tuyensinh247
3499b282-b19d-5c3b-8131-e0350857b0de,7228e9e1-102f-5ae7-8bdc-5150415ef8e8,DGNL_HN,2026,175,tuyensinh247
5f36df83-1aca-57b6-b900-6c9f318be51d,7228e9e1-102f-5ae7-8bdc-5150415ef8e8,DGTD,2026,175,tuyensinh247
7963446e-4d96-5145-b58b-24bccb4740c1,7228e9e1-102f-5ae7-8bdc-5150415ef8e8,HBA,2026,175,tuyensinh247
e016c891-9280-5078-8423-2565855bcb73,7228e9e1-102f-5ae7-8bdc-5150415ef8e8,THPT,2026,175,tuyensinh247
426853e6-3946-5eea-941e-4a7db1d5d335,7228e9e1-102f-5ae7-8bdc-5150415ef8e8,XTT,2026,175,tuyensinh247
d8994b1a-7c8c-5a5c-a0f3-3b05dace3190,fd23d85b-b8a4-583d-b0a1-8a7696be6d24,DGNL_HN,2026,160,tuyensinh247
c0729338-8950-56f3-b0f6-b8d4615d618c,fd23d85b-b8a4-583d-b0a1-8a7696be6d24,DGTD,2026,160,tuyensinh247
365b8c87-95f4-536f-a651-bff3cb0948d8,fd23d85b-b8a4-583d-b0a1-8a7696be6d24,HBA,2026,160,tuyensinh247
3c9e97d8-19ca-5384-9dbc-f7fe691c0e7b,fd23d85b-b8a4-583d-b0a1-8a7696be6d24,THPT,2026,160,tuyensinh247
8fb95604-8f67-56ce-bd59-0ad6950abbef,fd23d85b-b8a4-583d-b0a1-8a7696be6d24,XTT,2026,160,tuyensinh247
39228981-2b9e-5fdf-8f4d-2490ebee603f,034c0cfc-620c-532f-9c3b-4264c165e5cc,DGNL_HN,2026,150,tuyensinh247
7ca0ed44-9e8e-5284-9fb2-17d780851169,034c0cfc-620c-532f-9c3b-4264c165e5cc,DGTD,2026,150,tuyensinh247
e9442032-3eb4-53fb-b149-74b9b02b8d5a,034c0cfc-620c-532f-9c3b-4264c165e5cc,HBA,2026,150,tuyensinh247
c5d2d81f-d36b-5fb3-979f-5befd6a112d9,034c0cfc-620c-532f-9c3b-4264c165e5cc,THPT,2026,150,tuyensinh247
9f26cbb6-0a39-5bb4-9ff4-0bd6f4d52687,034c0cfc-620c-532f-9c3b-4264c165e5cc,XTT,2026,150,tuyensinh247
910c8a68-73f9-5073-9f29-242b8490f9b8,cdd6f2d4-007f-5ce2-9562-1ef28a16ec6c,DGNL_HN,2026,150,tuyensinh247
c938d862-98b9-5e07-ae30-c2a3f76645fc,cdd6f2d4-007f-5ce2-9562-1ef28a16ec6c,DGTD,2026,150,tuyensinh247
3fba4ae0-f6b8-5081-b3ed-817b53f48637,cdd6f2d4-007f-5ce2-9562-1ef28a16ec6c,HBA,2026,150,tuyensinh247
558478c8-2722-564d-af30-e00c40a7cd6d,cdd6f2d4-007f-5ce2-9562-1ef28a16ec6c,THPT,2026,150,tuyensinh247
1f8ecea7-e7a8-5125-a01f-61b5330b43c5,cdd6f2d4-007f-5ce2-9562-1ef28a16ec6c,XTT,2026,150,tuyensinh247
62f723ed-ea6b-5eb2-9b58-6af42b60224f,efeb421c-2ed2-5084-93e1-e6111826e02f,DGNL_HN,2026,60,tuyensinh247
68af3436-accb-5d1f-8019-d25823a29674,efeb421c-2ed2-5084-93e1-e6111826e02f,DGTD,2026,60,tuyensinh247
c9ae1e41-ea6b-5ebc-a86f-709d69898205,efeb421c-2ed2-5084-93e1-e6111826e02f,THPT,2026,60,tuyensinh247
0dbeacc6-71d2-5e2c-9bd4-201f9c08751c,e1ea5c2e-9345-5b46-bc3b-4dabaf92d594,DGNL_HN,2026,79,tuyensinh247
af930afc-ca67-57ef-9adb-e5508e566c5f,e1ea5c2e-9345-5b46-bc3b-4dabaf92d594,DGTD,2026,79,tuyensinh247
fa31b39a-51f0-5d14-ac96-24788e3b77a8,e1ea5c2e-9345-5b46-bc3b-4dabaf92d594,THPT,2026,79,tuyensinh247
26663295-d62c-55ad-99b0-c0c29984f928,a1873b5a-c2a6-5dbb-aac7-4eaa5f7850fe,DGNL_HN,2026,139,tuyensinh247
9426cca7-15bd-5f4f-830b-58eda8f755e8,a1873b5a-c2a6-5dbb-aac7-4eaa5f7850fe,DGTD,2026,139,tuyensinh247
d8964982-40d0-5408-a263-ed819f13a149,a1873b5a-c2a6-5dbb-aac7-4eaa5f7850fe,THPT,2026,139,tuyensinh247
82b91c55-7042-55c0-998b-9ecea578e882,24524547-6299-529f-9794-ae161ceb89df,DGNL_HN,2026,239,tuyensinh247
4c6fc337-6f91-50c7-b9ca-a61e40f63934,24524547-6299-529f-9794-ae161ceb89df,DGTD,2026,239,tuyensinh247
8561ffed-e058-5bed-b668-0a8bba7bf74f,24524547-6299-529f-9794-ae161ceb89df,THPT,2026,239,tuyensinh247
25474ae9-11e5-5e1a-889d-72a32b3707a6,773ecc18-6a67-53db-9e14-117e6f7b67af,DGNL_HN,2026,100,tuyensinh247
f47b43b7-bd59-58fb-9344-4ad0e5eb254d,773ecc18-6a67-53db-9e14-117e6f7b67af,DGTD,2026,100,tuyensinh247
fabf5f0b-5728-52f7-8784-a1f190222e3c,773ecc18-6a67-53db-9e14-117e6f7b67af,THPT,2026,100,tuyensinh247
c94e7f8e-19ad-5850-a92f-345390971a04,d18b93e4-f90f-5df3-9ae7-1d79cecc296e,DGNL_HN,2026,179,tuyensinh247
1c971165-1100-51df-8e52-5e42c8636ba9,d18b93e4-f90f-5df3-9ae7-1d79cecc296e,DGTD,2026,179,tuyensinh247
dbaf5d07-4c1e-5e9c-9a9f-3e6142e7e657,d18b93e4-f90f-5df3-9ae7-1d79cecc296e,THPT,2026,179,tuyensinh247
be09c999-25b8-5301-850e-af3abe9f9458,148a29fb-4ad7-5aa0-9e6a-291df84d1b8f,DGNL_HN,2026,99,tuyensinh247
235975f5-00ed-5303-86f7-002a57dbd1c4,148a29fb-4ad7-5aa0-9e6a-291df84d1b8f,DGTD,2026,99,tuyensinh247
ad57ace3-1c2d-5dd0-841c-b15153678c85,148a29fb-4ad7-5aa0-9e6a-291df84d1b8f,THPT,2026,99,tuyensinh247
2761b631-061c-58cf-b322-e467ace5f2ad,8df02b2e-489c-52e7-bd12-0508b9f4de39,DGNL_HN,2026,99,tuyensinh247
d86f7f70-4ad2-5a59-baad-69c31253b57e,8df02b2e-489c-52e7-bd12-0508b9f4de39,DGTD,2026,99,tuyensinh247
b24d1737-36a8-5c9f-922d-1141107e6d82,8df02b2e-489c-52e7-bd12-0508b9f4de39,THPT,2026,99,tuyensinh247
32a6aeaa-63d9-5b07-9471-1601f64e81b2,8562d81a-60ad-54ed-8b5d-8a1896e56bcd,DGNL_HN,2026,50,tuyensinh247
96c74039-7b79-5357-bb6f-4802d5de9abd,8562d81a-60ad-54ed-8b5d-8a1896e56bcd,DGTD,2026,50,tuyensinh247
6e4dce86-bccb-5584-a765-c08add6fc9f0,8562d81a-60ad-54ed-8b5d-8a1896e56bcd,THPT,2026,50,tuyensinh247
df355477-59cc-5e95-869d-6267bc91da13,a6ab8c6f-a338-535c-9db7-36a8f7291a31,DGNL_HN,2026,79,tuyensinh247
7cd398a3-4ef0-5734-8d7a-e40c850c98d1,a6ab8c6f-a338-535c-9db7-36a8f7291a31,DGTD,2026,79,tuyensinh247
03b1da88-9eb4-54c9-8f33-791bc4ccbe4a,a6ab8c6f-a338-535c-9db7-36a8f7291a31,THPT,2026,79,tuyensinh247
2a8efa3e-ee04-56f6-b0b5-372b099c3eff,dbc592c9-e51c-5219-9e3b-02e35d174dff,DGNL_HN,2026,60,tuyensinh247
2a74cb58-1e1a-52e3-a1d3-946dd8040c0e,dbc592c9-e51c-5219-9e3b-02e35d174dff,DGTD,2026,60,tuyensinh247
d5488312-ca53-5570-a414-764efc8f7f2a,dbc592c9-e51c-5219-9e3b-02e35d174dff,THPT,2026,60,tuyensinh247
c642b360-3fe2-525f-a986-6e7827407138,52f4a55b-c360-5eee-938e-2ad91d2107f8,DGNL_HN,2026,146,tuyensinh247
ff7ba461-c281-516b-adc7-013df00f1ab7,52f4a55b-c360-5eee-938e-2ad91d2107f8,DGTD,2026,146,tuyensinh247
64cc817a-a32e-5f79-b83c-2ccee5e5f10b,52f4a55b-c360-5eee-938e-2ad91d2107f8,THPT,2026,146,tuyensinh247
97ba331b-2875-5f6d-b9a5-954302750614,77e53e63-64d8-538e-b875-588caec6746a,DGNL_HN,2026,140,tuyensinh247
57efaa82-b751-5812-b077-94c78acabf26,77e53e63-64d8-538e-b875-588caec6746a,DGTD,2026,140,tuyensinh247
712dc009-4de0-506c-b47f-34ddb141d316,77e53e63-64d8-538e-b875-588caec6746a,THPT,2026,140,tuyensinh247
7d8cd8bf-4dab-55bc-952c-1fe3a1756724,b065d875-7aa5-529f-9985-5dda172be84e,DGNL_HN,2026,50,tuyensinh247
4986046a-ecd0-539f-8675-82be8d7dc95c,b065d875-7aa5-529f-9985-5dda172be84e,DGTD,2026,50,tuyensinh247
1083f4aa-24ff-5264-8860-0dfcb0aa37a6,b065d875-7aa5-529f-9985-5dda172be84e,THPT,2026,50,tuyensinh247
fe71a748-0fd6-5b6f-bb29-1dce4906f243,b145add1-b372-5629-a6cc-eb355346b21c,DGNL_HN,2026,99,tuyensinh247
c8da60ee-1dcb-545f-9264-1028f229858b,b145add1-b372-5629-a6cc-eb355346b21c,DGTD,2026,99,tuyensinh247
2887c9d3-d0c1-5b73-a7f5-0672d7f30787,b145add1-b372-5629-a6cc-eb355346b21c,THPT,2026,99,tuyensinh247
9dcd998a-ef82-5caf-87e8-3e745c917bd3,087c11e4-76f3-5f0e-ac68-43a4e20af9af,DGNL_HN,2026,39,tuyensinh247
5d8abc72-d4e2-5463-bf94-76b216c8c377,087c11e4-76f3-5f0e-ac68-43a4e20af9af,DGTD,2026,39,tuyensinh247
01c7d45a-53ea-5994-81c4-f9117d843b1e,087c11e4-76f3-5f0e-ac68-43a4e20af9af,THPT,2026,39,tuyensinh247
aa2ba8f7-7fa6-577f-ba01-3212dccdbdec,c8ab44a5-08b5-5325-8453-1a49bdfad8fb,DGNL_HN,2026,479,tuyensinh247
2c00ec73-984d-5223-872b-938a557f0046,c8ab44a5-08b5-5325-8453-1a49bdfad8fb,DGTD,2026,479,tuyensinh247
ab9a7d1f-3b6a-5987-a271-4db5d390f230,c8ab44a5-08b5-5325-8453-1a49bdfad8fb,THPT,2026,479,tuyensinh247
a512a9d9-6fa5-50f5-ac34-da4866d5d629,932213cb-1ebc-5cc3-b3e4-fc053d9366ea,DGNL_HN,2026,289,tuyensinh247
aa9f1561-6b64-5ab3-b444-2b6b73ce34ba,932213cb-1ebc-5cc3-b3e4-fc053d9366ea,DGTD,2026,289,tuyensinh247
73e33cc5-1331-56d6-b5ae-d0dea743e875,932213cb-1ebc-5cc3-b3e4-fc053d9366ea,THPT,2026,289,tuyensinh247
bd068193-291f-55b8-a9e5-9670db3c1cc5,ff4d57cf-61cd-5d20-9438-3d891dc0ccd1,DGNL_HN,2026,99,tuyensinh247
a92410d4-83e5-5c30-831f-a432cc34aa31,ff4d57cf-61cd-5d20-9438-3d891dc0ccd1,DGTD,2026,99,tuyensinh247
153bc9b6-acc6-5ed2-a150-1850ff0e9500,ff4d57cf-61cd-5d20-9438-3d891dc0ccd1,THPT,2026,99,tuyensinh247
7e81eb57-ff78-5aaa-a283-9073f326192d,9fd5890b-2d16-50c8-9e4c-8ed94703cee0,DGNL_HN,2026,139,tuyensinh247
8ab665a0-ee48-5671-aff7-bd93d00ac4f2,9fd5890b-2d16-50c8-9e4c-8ed94703cee0,DGTD,2026,139,tuyensinh247
e4ab84fc-7c88-5354-9041-9c55787fdb11,9fd5890b-2d16-50c8-9e4c-8ed94703cee0,THPT,2026,139,tuyensinh247
ae8cdd58-6faa-557d-840c-8fd958470af6,973fb2af-18f8-5429-98e8-68c1b6906073,DGNL_HN,2026,65,tuyensinh247
b90ac0ce-acf0-5163-ac64-c23649411d07,973fb2af-18f8-5429-98e8-68c1b6906073,DGTD,2026,65,tuyensinh247
9206c891-4313-51fe-9fc5-9087cb788da4,973fb2af-18f8-5429-98e8-68c1b6906073,THPT,2026,65,tuyensinh247
8defc51a-877d-5215-a0c8-eaba527172fb,c96d8002-eac2-5fcf-bde6-87d8be1a1be3,DGNL_HN,2026,50,tuyensinh247
66fb9357-0aea-5ccd-a558-8dac513a9e87,c96d8002-eac2-5fcf-bde6-87d8be1a1be3,DGTD,2026,50,tuyensinh247
c6f93180-066f-5027-b14c-1914f0cc6d1f,c96d8002-eac2-5fcf-bde6-87d8be1a1be3,THPT,2026,50,tuyensinh247
928d94a0-ac6a-585f-a25e-a0c8c54bbe1d,a9300cd0-0b44-5eeb-8e8f-3201068c8cf2,DGNL_HN,2026,100,tuyensinh247
25726322-6414-507e-a113-bedd9124d3f9,a9300cd0-0b44-5eeb-8e8f-3201068c8cf2,DGTD,2026,100,tuyensinh247
a5f1b2fd-e283-539b-9446-63a96dbbcee3,a9300cd0-0b44-5eeb-8e8f-3201068c8cf2,THPT,2026,100,tuyensinh247
1d3adb89-f8e1-505b-8866-72db21348290,d127d68f-a180-5a0d-9d45-905473db57d6,DGNL_HN,2026,450,tuyensinh247
4ba5d3df-4bc9-5880-9358-b83488857483,d127d68f-a180-5a0d-9d45-905473db57d6,DGTD,2026,450,tuyensinh247
34db8851-376a-53ba-9885-53ec193a0484,d127d68f-a180-5a0d-9d45-905473db57d6,THPT,2026,450,tuyensinh247
519f4e61-efa9-5bb3-9f22-efeaffeeee58,df3154c8-d97f-5968-bece-cc9e16fcd06d,DGNL_HN,2026,50,tuyensinh247
1594cb80-d0de-5b78-a698-35993b717fb3,df3154c8-d97f-5968-bece-cc9e16fcd06d,DGTD,2026,50,tuyensinh247
1e85a9b0-b96d-52a8-9f02-61906ea1e849,df3154c8-d97f-5968-bece-cc9e16fcd06d,THPT,2026,50,tuyensinh247
3c64e30e-2f87-52aa-a92f-412d4ddb067d,bfa1bbbb-6842-5e93-9312-4018bf0ca09d,DGNL_HN,2026,450,tuyensinh247
d0149c67-6fdf-5d73-abae-1e61bd9a6fd3,bfa1bbbb-6842-5e93-9312-4018bf0ca09d,DGTD,2026,450,tuyensinh247
d59426d5-5fc5-5cf3-a75a-5bf2842b442d,bfa1bbbb-6842-5e93-9312-4018bf0ca09d,THPT,2026,450,tuyensinh247
7e2f798b-b242-567b-b4f0-94f50392731c,a679eb81-9fe0-5552-9883-41108d012093,DGNL_HN,2026,90,tuyensinh247
abd99e95-7478-5faa-b896-cf2a1533200a,a679eb81-9fe0-5552-9883-41108d012093,DGTD,2026,90,tuyensinh247
2ba54065-b951-5811-a715-57de0b4fb07b,a679eb81-9fe0-5552-9883-41108d012093,THPT,2026,90,tuyensinh247
31309828-9e84-5d6e-bf39-a2ebf41b6939,6b5cd868-2dc3-52b4-b77b-481c8b89211c,DGNL_HN,2026,10,tuyensinh247
4c3880b0-750b-5ecf-8223-1c80cc216693,6b5cd868-2dc3-52b4-b77b-481c8b89211c,DGTD,2026,10,tuyensinh247
0c602388-ca8d-5ba6-bc33-d10b658b59e8,6b5cd868-2dc3-52b4-b77b-481c8b89211c,THPT,2026,10,tuyensinh247
5e674f4c-4861-5edb-8b4b-3e1b95591ecd,c2d99b24-60a9-58dd-8cf4-0f43990c4a06,DGNL_HN,2026,350,tuyensinh247
19676c70-f6e6-5e09-960f-3c152aaedf8e,c2d99b24-60a9-58dd-8cf4-0f43990c4a06,DGTD,2026,350,tuyensinh247
03adffa5-99df-5bd8-ae27-83431f75de65,c2d99b24-60a9-58dd-8cf4-0f43990c4a06,THPT,2026,350,tuyensinh247
90cb3770-72f4-549a-92ec-96a06b064186,9ccd7040-12ae-5e33-bf7b-2df7b2842c19,DGNL_HN,2026,1000,tuyensinh247
dcbdd2ea-fe99-5635-a595-7a3f3159b1e1,9ccd7040-12ae-5e33-bf7b-2df7b2842c19,DGTD,2026,1000,tuyensinh247
ca2d70ad-d3fc-5898-997c-704f0d696bd6,9ccd7040-12ae-5e33-bf7b-2df7b2842c19,THPT,2026,1000,tuyensinh247
d8bff86c-326b-5256-9260-eaf67926cfa6,af90e6d6-5262-5586-8c6f-b509f566679c,DGNL_HN,2026,400,tuyensinh247
9d5f44db-bc89-57e9-a03e-4bd57c9ffbdf,af90e6d6-5262-5586-8c6f-b509f566679c,DGTD,2026,400,tuyensinh247
5227b557-2b68-5172-acdd-94281d3792af,af90e6d6-5262-5586-8c6f-b509f566679c,THPT,2026,400,tuyensinh247
4137b156-9dd0-51d3-b937-c92a6897c945,507e128c-2033-5d7f-adab-82dbf737e1c2,DGNL_HN,2026,100,tuyensinh247
3f36147d-b2ec-5b3f-ac2d-ce374f9dd382,507e128c-2033-5d7f-adab-82dbf737e1c2,DGTD,2026,100,tuyensinh247
52771840-cea1-5989-ad09-8a26a39c0e72,507e128c-2033-5d7f-adab-82dbf737e1c2,THPT,2026,100,tuyensinh247
d955cc98-dba9-5150-bbbb-92a0a65f120d,52463d1a-5452-5ec9-915c-7f78b9977e9e,DGNL_HN,2026,200,tuyensinh247
3c927e88-f445-524e-b442-f7992c183186,52463d1a-5452-5ec9-915c-7f78b9977e9e,DGTD,2026,200,tuyensinh247
969619b2-386e-5f59-b271-c82fe762e0f1,52463d1a-5452-5ec9-915c-7f78b9977e9e,THPT,2026,200,tuyensinh247
8a86a1e1-618e-58db-a733-1fbb1c742c22,40206857-9dad-5849-90f9-3485a297905c,DGNL_HN,2026,950,tuyensinh247
66994b70-8220-5b6c-8283-ad885741d531,40206857-9dad-5849-90f9-3485a297905c,DGTD,2026,950,tuyensinh247
cd68c3cc-3613-5222-8491-a3615de8c532,40206857-9dad-5849-90f9-3485a297905c,THPT,2026,950,tuyensinh247
0250594a-c1cc-58ae-a9d6-96a2f1fc8d8b,d723fe15-051e-5c5d-b4e3-fffd0c6e7b2a,DGNL_HN,2026,,tuyensinh247
b1ec679a-5119-5805-8754-b8c02d2c2eca,d723fe15-051e-5c5d-b4e3-fffd0c6e7b2a,DGTD,2026,,tuyensinh247
34a76fbb-0983-5b33-a496-e48e4b9f8fb3,d723fe15-051e-5c5d-b4e3-fffd0c6e7b2a,HBA,2026,,tuyensinh247
2e93375b-07a4-51bb-a0cc-cdc64c0c346a,d723fe15-051e-5c5d-b4e3-fffd0c6e7b2a,THPT,2026,,tuyensinh247
dbf3a4b8-bf75-53e5-b8e0-2b53871f0232,dbbdc35b-4dae-5e31-b445-eeeca7537953,DGNL_HN,2026,,tuyensinh247
e4f75957-0185-5bde-af5c-114611598ef8,dbbdc35b-4dae-5e31-b445-eeeca7537953,DGTD,2026,,tuyensinh247
55255f4c-c6ec-568a-bd3e-9935f00ea514,dbbdc35b-4dae-5e31-b445-eeeca7537953,HBA,2026,,tuyensinh247
eda8faab-5be4-57c9-ac8c-50ae6b4df51b,dbbdc35b-4dae-5e31-b445-eeeca7537953,THPT,2026,,tuyensinh247
16315e3b-d886-5356-b521-354f2e292bea,fa0420c4-a760-563c-96ba-0b54cb38a6ad,DGNL_HN,2026,,tuyensinh247
b0a6fcf7-ab93-563f-a4fd-2896a972e160,fa0420c4-a760-563c-96ba-0b54cb38a6ad,DGTD,2026,,tuyensinh247
55b37c78-c353-5bcd-b7d6-f512e5560581,fa0420c4-a760-563c-96ba-0b54cb38a6ad,HBA,2026,,tuyensinh247
7e38e03b-1166-5203-a3a3-b01549a3432e,fa0420c4-a760-563c-96ba-0b54cb38a6ad,THPT,2026,,tuyensinh247
785c0e50-3fb0-5ea1-867d-0f84f51760de,54aa2dfb-edb8-598e-ae1c-c7aa541a9cda,DGNL_HN,2026,,tuyensinh247
112d17e5-8efd-5feb-bcad-30090a1ecf37,54aa2dfb-edb8-598e-ae1c-c7aa541a9cda,DGTD,2026,,tuyensinh247
fe8ac0ae-c9de-5f04-8cf7-8b5a5bfd59dc,54aa2dfb-edb8-598e-ae1c-c7aa541a9cda,HBA,2026,,tuyensinh247
24a6fb2a-f04f-540a-add3-4be7a7a8a07b,54aa2dfb-edb8-598e-ae1c-c7aa541a9cda,THPT,2026,,tuyensinh247
3e846764-ba28-5e27-8195-64d3fdbfa8ad,7da4e47d-7c1c-5ecc-9629-7f9ea8b5278d,DGNL_HN,2026,,tuyensinh247
c989b801-16d6-5e90-997b-7974fb0969a9,7da4e47d-7c1c-5ecc-9629-7f9ea8b5278d,DGTD,2026,,tuyensinh247
7a7207bc-9e3b-517a-b3a1-c5e8d23a3898,7da4e47d-7c1c-5ecc-9629-7f9ea8b5278d,HBA,2026,,tuyensinh247
3664c337-3686-5541-88f2-b57508716933,7da4e47d-7c1c-5ecc-9629-7f9ea8b5278d,THPT,2026,,tuyensinh247
962493c0-c685-54ee-892c-80ae510b82bb,8f107617-367c-5e92-bb24-3e0b81978858,DGNL_HN,2026,,tuyensinh247
4d4ef547-742d-50e7-aa68-5d1bce2e8d61,8f107617-367c-5e92-bb24-3e0b81978858,DGTD,2026,,tuyensinh247
9f3196b8-bb82-5e22-9508-a598cf30a08b,8f107617-367c-5e92-bb24-3e0b81978858,HBA,2026,,tuyensinh247
b2afeec4-19b1-5c8f-85ab-71dc9a887c5f,8f107617-367c-5e92-bb24-3e0b81978858,THPT,2026,,tuyensinh247
756716b3-2377-524d-9cfe-43aad8d48cd1,ed47f49d-6c4a-5888-86a5-ffac2e6016aa,DGNL_HN,2026,,tuyensinh247
52a58660-8cf7-511b-bfcc-d65035d41aff,ed47f49d-6c4a-5888-86a5-ffac2e6016aa,DGTD,2026,,tuyensinh247
e5a5cf04-ac59-5f6b-8736-4edc6c58fabe,ed47f49d-6c4a-5888-86a5-ffac2e6016aa,HBA,2026,,tuyensinh247
5e737a20-4f7a-5158-a462-3821b70cc45e,ed47f49d-6c4a-5888-86a5-ffac2e6016aa,THPT,2026,,tuyensinh247
32b25e4a-434d-5569-b51a-1d8922786c1d,ba2e5892-8ac8-596d-a29b-ddb547f4ba0a,DGNL_HN,2026,,tuyensinh247
ebaaf1fb-181c-5eed-ad5f-1540636c507b,ba2e5892-8ac8-596d-a29b-ddb547f4ba0a,DGTD,2026,,tuyensinh247
8a1f753a-588a-5a0b-809d-214333df3139,ba2e5892-8ac8-596d-a29b-ddb547f4ba0a,HBA,2026,,tuyensinh247
3bd993f4-d747-5efa-bf43-7198911436c3,ba2e5892-8ac8-596d-a29b-ddb547f4ba0a,THPT,2026,,tuyensinh247
3e95b155-3cdd-5fb7-8a22-32783476fae5,3fd6164f-52ba-5c88-9579-402a6bd319e9,DGTD,2026,60,tuyensinh247
dee76c2e-6510-513e-8339-6117f0264645,3fd6164f-52ba-5c88-9579-402a6bd319e9,THPT,2026,60,tuyensinh247
97b05e6b-63a5-503b-992c-e9ada115503a,63a0aee6-63fb-5d87-9221-50202abcb6f7,DGTD,2026,75,tuyensinh247
58e4e0da-936c-5f0a-b8fc-6a900fb30181,63a0aee6-63fb-5d87-9221-50202abcb6f7,THPT,2026,75,tuyensinh247
09414775-8a95-5e8a-8597-9d3a23f7f1dc,6cb85193-3966-5a95-9b11-d1a29b276b90,DGTD,2026,70,tuyensinh247
a6220596-3c7b-5fb7-b7ec-0955b868850c,6cb85193-3966-5a95-9b11-d1a29b276b90,THPT,2026,70,tuyensinh247
0145ae2f-cfd0-52a7-8813-dd986b00f83b,99e8e72c-3e17-5c7b-a3f7-81e161aecd35,DGTD,2026,65,tuyensinh247
0ba7ee4a-bf30-5211-a4c1-7295de66d51d,99e8e72c-3e17-5c7b-a3f7-81e161aecd35,THPT,2026,65,tuyensinh247
bf1fba97-95ca-5716-9320-04188073ab92,6dff9275-860a-5ae5-9de7-b5b2b8298d78,DGTD,2026,70,tuyensinh247
d446dbd3-4d66-5fc0-bf94-7ed4ae68f345,6dff9275-860a-5ae5-9de7-b5b2b8298d78,THPT,2026,70,tuyensinh247
dfb9f7c3-3c56-507d-954f-c06c1f3312d9,d3847bd6-af25-58bf-989f-b0cd50732b5e,DGTD,2026,60,tuyensinh247
3a32c42d-b53d-5290-b683-0fa3fdb2224f,d3847bd6-af25-58bf-989f-b0cd50732b5e,THPT,2026,60,tuyensinh247
4dad3cd9-cf6e-5407-9014-284e94e72a57,6fc7d6e8-d952-56a3-abdf-4667778c8aef,DGTD,2026,60,tuyensinh247
51d15071-12f3-55fd-81b6-9083aa8fe237,6fc7d6e8-d952-56a3-abdf-4667778c8aef,THPT,2026,60,tuyensinh247
b1d7327c-a301-5af0-bd11-ec1833105423,cae18d94-abd8-5f45-a0d2-1ccf834bae3b,DGTD,2026,120,tuyensinh247
b722aff6-d00d-534b-8bd8-e55f277b06c1,cae18d94-abd8-5f45-a0d2-1ccf834bae3b,THPT,2026,120,tuyensinh247
737f9030-3260-5257-9bae-878af8b7a184,02c14520-2400-58a3-8706-78a1ae3cead7,DGTD,2026,40,tuyensinh247
6ccdd7cd-854e-59d8-8b87-a3371211fc09,02c14520-2400-58a3-8706-78a1ae3cead7,THPT,2026,40,tuyensinh247
68f9b44d-178d-518f-adb4-158c3c84ccdc,39da0434-24bd-5a9f-8a13-176f9445ccbd,DGTD,2026,,tuyensinh247
04415462-68a1-5fe6-b0ff-96c8cf512ffb,39da0434-24bd-5a9f-8a13-176f9445ccbd,THPT,2026,180,tuyensinh247
d9550078-f814-577f-8b1b-aa72e606a21d,e458ee68-d40c-5d2b-85d6-5923ff922235,DGTD,2026,,tuyensinh247
9406306a-aea1-520b-be46-347b7be6b600,e458ee68-d40c-5d2b-85d6-5923ff922235,THPT,2026,65,tuyensinh247
6b230f89-e6ea-5887-9248-a4335e93d730,930fe249-3705-572a-99cb-94939c4cbaf9,DGTD,2026,,tuyensinh247
073fc9bb-8f07-5d0d-acb8-b381d1414a25,930fe249-3705-572a-99cb-94939c4cbaf9,THPT,2026,75,tuyensinh247
7dbec98e-bf53-59a5-9726-c01d2cd671f9,16ef9428-aa75-5702-8336-74af29e1bff5,DGTD,2026,65,tuyensinh247
8ca0d1a6-e3cb-5ea3-ae68-b4c9e455a422,16ef9428-aa75-5702-8336-74af29e1bff5,THPT,2026,65,tuyensinh247
ec3345cb-4a80-5b8b-a3a5-fb138e6dca8e,5b65e4cb-7f65-5a5f-8d59-5f8300548c55,DGTD,2026,60,tuyensinh247
fe704a3e-9be0-59b7-9751-39e24bfb1293,5b65e4cb-7f65-5a5f-8d59-5f8300548c55,THPT,2026,60,tuyensinh247
8884b1c9-d393-5c39-8149-9f13cf3daa1f,0152cd63-9b94-5eb5-b3a0-342dcc524b23,DGTD,2026,70,tuyensinh247
3ad3213d-df90-56ad-9fe7-2510cff6613c,0152cd63-9b94-5eb5-b3a0-342dcc524b23,THPT,2026,70,tuyensinh247
528b9e7d-cee1-5a63-906a-33c3e408d698,1819e604-2ab1-5829-977c-606e624a6f61,DGTD,2026,150,tuyensinh247
06dc77b4-9826-5771-8885-4a6735fba287,1819e604-2ab1-5829-977c-606e624a6f61,THPT,2026,150,tuyensinh247
16c74960-ab11-54eb-a122-0cdefb82150c,a2513089-533a-5e90-a6b3-3be415458cfb,DGTD,2026,,tuyensinh247
bce701ad-c0d0-5595-9ca5-7c8e8cf6e5d6,a2513089-533a-5e90-a6b3-3be415458cfb,THPT,2026,180,tuyensinh247
3328924d-cab2-55ba-aea1-5ab42f19af8f,622ac01c-23a9-5a41-b5e1-939c5d14a5c6,DGTD,2026,,tuyensinh247
593a6518-4e71-5a78-bf07-df523ab13412,622ac01c-23a9-5a41-b5e1-939c5d14a5c6,THPT,2026,70,tuyensinh247
aec5ad06-81d7-5969-b9d6-568e47fb2b33,fc4c887e-ce28-5c96-a315-c4913773a9f1,DGTD,2026,,tuyensinh247
72f7b352-d7af-55a6-946d-0b47a2857c91,fc4c887e-ce28-5c96-a315-c4913773a9f1,THPT,2026,140,tuyensinh247
2dc218a7-4562-5719-a4cd-473679d4a337,11c6409e-0f6b-5694-b601-0ee4e5478e9d,DGTD,2026,,tuyensinh247
6c8ce112-ce95-52b4-af81-e0fd6c4ac51e,11c6409e-0f6b-5694-b601-0ee4e5478e9d,THPT,2026,130,tuyensinh247
c4118bc4-6a99-554f-bc1f-c7131b5c1ffd,0c6a8c11-8af8-575e-88fe-29650aae7e6b,DGTD,2026,55,tuyensinh247
fb4498d2-5c24-589e-b3e5-0036788d0bcc,0c6a8c11-8af8-575e-88fe-29650aae7e6b,THPT,2026,55,tuyensinh247
60606088-66e7-5bb6-91ca-62362c8b379d,7a2fd372-060b-5be9-9645-0a182f9234c4,DGTD,2026,50,tuyensinh247
2ec3bafd-503b-5b24-8b7b-397a2bdea99b,7a2fd372-060b-5be9-9645-0a182f9234c4,THPT,2026,50,tuyensinh247
1e5f51ab-d24e-5f5e-bf67-262094c912b6,ed8f0bcf-2544-5cd5-ab0e-dc91baf436a7,DGTD,2026,55,tuyensinh247
4768538c-7622-5634-9d43-71f5b64e428b,ed8f0bcf-2544-5cd5-ab0e-dc91baf436a7,THPT,2026,55,tuyensinh247
a18c540d-b3b2-5cba-b8b9-6be5a841dea4,17afa26f-fc3a-592f-b864-fdc630c86ea2,DGTD,2026,,tuyensinh247
ce94c5c7-9b37-5045-bc82-053f3fadbc11,17afa26f-fc3a-592f-b864-fdc630c86ea2,THPT,2026,170,tuyensinh247
06323575-5185-5837-9b2f-c9a0c042e316,c4bf0b42-3465-5cc3-84b7-204d2a6b6528,DGTD,2026,50,tuyensinh247
ebafe2a9-0520-5a7a-9797-ff0357e0d416,c4bf0b42-3465-5cc3-84b7-204d2a6b6528,THPT,2026,50,tuyensinh247
5ce7a219-fe31-52da-8ead-468372f87647,561decfd-a83e-5790-94fc-99f06547024a,DGTD,2026,,tuyensinh247
2754747c-15cd-5994-8279-95dcfd9d2d7d,561decfd-a83e-5790-94fc-99f06547024a,THPT,2026,550,tuyensinh247
58d2347d-c6dc-587c-af9e-16fe86e85e1d,ccdbe524-a56f-5c7f-9ec6-27ea1cf2ed40,DGTD,2026,60,tuyensinh247
3ef1d9b7-23fe-5479-8072-14c001ba3a98,ccdbe524-a56f-5c7f-9ec6-27ea1cf2ed40,THPT,2026,60,tuyensinh247
3adcfeea-feed-5750-814d-e0938441a393,de439992-b828-5347-a483-5af44f28f02c,DGTD,2026,60,tuyensinh247
03b20cbd-5c23-5ba5-9a72-387163e46c29,de439992-b828-5347-a483-5af44f28f02c,THPT,2026,60,tuyensinh247
18df9953-2e80-5c03-93f7-a28f35e5a61f,41773888-13cb-5403-bf9c-d9eb0c6f021f,DGTD,2026,,tuyensinh247
582f35b0-257b-5f1b-9428-3adf213170ad,41773888-13cb-5403-bf9c-d9eb0c6f021f,THPT,2026,120,tuyensinh247
abaa2287-1d4c-5f80-b0a7-f092a95e2c20,a441b886-b8eb-5f46-9005-44b89a10a6f5,DGTD,2026,,tuyensinh247
fb099272-18f7-52ba-b287-6e30e71b8639,a441b886-b8eb-5f46-9005-44b89a10a6f5,THPT,2026,60,tuyensinh247
07c756cc-92f2-52ab-89b9-117a1a21a0b9,1f43bb93-f6c7-599c-8a18-62326fbe83fe,DGTD,2026,70,tuyensinh247
16f47058-56f5-5de8-8b25-11a6c9236cd1,1f43bb93-f6c7-599c-8a18-62326fbe83fe,THPT,2026,70,tuyensinh247
ce4dfa1a-f318-5e6d-9b12-4e7190bfbbe1,e3bc4a70-157a-594c-a4db-7ba359346d4d,DGTD,2026,120,tuyensinh247
782f8bb7-2174-5719-b917-aad7a41e5c56,e3bc4a70-157a-594c-a4db-7ba359346d4d,THPT,2026,120,tuyensinh247
d11aa6eb-95e3-5a78-8489-9cf027841292,a2257429-4149-5e28-b0ef-6d342b20bf49,DGTD,2026,140,tuyensinh247
f8dd8293-2639-58a3-8ec7-5e8d926fa630,a2257429-4149-5e28-b0ef-6d342b20bf49,THPT,2026,140,tuyensinh247
690baf21-61dc-5f4f-aba1-9f58d8cd7167,6e9235fd-9718-541d-ac46-ba2f434dd07a,DGTD,2026,60,tuyensinh247
9cf7e2b6-bb1f-5b04-9ddd-ba8f5283fab2,f0e454a4-e597-5c3d-9487-26454b33fece,DGTD,2026,60,tuyensinh247
eaf486a8-6bd9-57c6-9290-5885749732b3,2218c48b-4c22-55d0-a729-a4f023800f40,DGTD,2026,75,tuyensinh247
c0dacc9e-00bc-5549-a382-00af0d4edcc2,d2d91ab1-9243-57e4-a4d5-fcfc274bdf39,DGTD,2026,70,tuyensinh247
cb9a4a63-10b6-5f97-b121-9f2247cc8a34,98cc3ff1-8e61-5497-86c5-81be179516e4,DGTD,2026,90,tuyensinh247
6e26dbe9-8344-5830-a441-0a4782187aa8,3ac039ca-d7a7-5735-a93a-9948bd7e2884,DGTD,2026,65,tuyensinh247
ef6507ee-8749-5a6f-95a5-02c5cd424c0a,d0f31604-e4cc-5696-8d7d-e6860ea7dcb6,DGTD,2026,70,tuyensinh247
bb0ee6ac-6d5d-5039-b89d-b19156651d5a,c0b90673-2adc-5fcd-96b3-c68962a3f48b,DGTD,2026,90,tuyensinh247
8a2d2f85-9f3d-5b8c-aa7e-293ffc3f854a,2f66c111-e390-5fb2-83c7-056e98692868,DGTD,2026,65,tuyensinh247
704e4e45-6c34-5c2f-b8a5-280d4da8c348,91bf1e18-8349-5e90-b3d3-4764783d8f84,DGTD,2026,50,tuyensinh247
866b935b-87ac-5489-a8cc-f1d3de80e876,97d325f2-c4d9-5669-9638-6d4fbbbe3f02,DGTD,2026,60,tuyensinh247
3f59f358-637f-5740-9264-b29d13c1e3ab,3989ee62-76fe-5a98-a36f-eaf8e74a55f9,DGTD,2026,180,tuyensinh247
c2151ac3-cbd6-5e3d-9cf1-6f9af2d2aaaf,ebed6cac-babb-50bb-8ab1-eec57aa169db,DGTD,2026,90,tuyensinh247
b17bd3ec-bdee-544f-b02e-d2ab9f0de955,c504d4e4-8dd4-5591-b000-e27dce3bc7ba,DGTD,2026,40,tuyensinh247
cda45b42-fee8-53be-9d13-6a10beda39ab,7664274c-eed7-5409-9532-f746271e6817,DGTD,2026,75,tuyensinh247
15b5d5be-7b12-53ea-8920-1b2c985e8473,89084ea9-a442-515e-ae2a-3bcb9f67e305,DGTD,2026,50,tuyensinh247
f3df015e-9d91-511a-bdac-74e282944e62,a033064d-291a-5278-bc7b-c67186f9fc45,DGTD,2026,60,tuyensinh247
8429ac3f-3c99-5568-89b2-50d27f8893b7,15837821-5486-52be-a7e4-726e907d7a04,DGTD,2026,70,tuyensinh247
03e9a1cd-a500-5d61-a65c-75684b439e37,c97427f8-6551-5cb0-8606-dc51bf1ad012,DGTD,2026,150,tuyensinh247
5daa51b9-2b06-5aef-a50e-c529961d88da,1547f25e-4d5c-5d06-bd2d-0f28262d2f5e,DGTD,2026,75,tuyensinh247
b6abd0b3-610c-5d13-a7f5-56d383aa634f,420851c9-c8da-5064-b553-f965cafc1a3c,DGTD,2026,180,tuyensinh247
a6bdab41-9859-50f3-a1d9-1c08ba5fa061,b76c3a1d-8ec4-5b26-9bbe-1e91271f6902,DGTD,2026,90,tuyensinh247
a33c6114-fedf-5da8-b919-5565b8511d6d,364708d4-de63-5978-abf9-e78004390062,DGTD,2026,70,tuyensinh247
e5ac813d-865e-5ffc-93ff-e9ff5ee91dd9,39948b03-7c45-5788-8ce9-c4d75d107760,DGTD,2026,65,tuyensinh247
4cd08e09-dd3b-51dc-82d7-b06519b0f66d,6de4291b-e8a9-5b5a-b097-403ec00328ae,DGTD,2026,140,tuyensinh247
350b375d-cc64-5052-8cb3-cf40e2221abf,7317a563-f6f9-5746-b81f-86511ccdc29e,DGTD,2026,50,tuyensinh247
9f9d52c4-d8aa-566c-ad62-7979feac623b,fca76254-6293-50e3-962c-4330bbe35827,DGTD,2026,50,tuyensinh247
f153ca12-6544-5691-884c-542ddc4ee74d,e7d04a4e-13c5-5eef-b7c6-b47d910d5c81,DGTD,2026,130,tuyensinh247
cc330a64-8c52-5086-abfa-a5cd9dbf2aed,3d549585-bd98-5aa1-993c-3b1129b7c895,DGTD,2026,60,tuyensinh247
22addc0c-0289-51f8-8d90-d81f03035d4e,fa7e6692-b0d3-5de0-b58d-53e9f579c8d4,DGTD,2026,65,tuyensinh247
a7760a90-c4b4-5934-9a2c-1916dcf7a4d7,7ce5d6a5-ef4b-56c7-97b3-68ab70e10985,DGTD,2026,120,tuyensinh247
0d71435b-b0b0-5171-9c98-47c98c0b005d,2d0a387a-fe48-5aca-8870-86a573611d07,DGNL_HN,2026,,tuyensinh247
a00f34f3-720b-5674-8c2a-4f661a9c65d7,2d0a387a-fe48-5aca-8870-86a573611d07,DGTD,2026,,tuyensinh247
1abcb352-d42a-5fed-aa5b-073108e6b906,181b93fd-d31e-5f9b-b055-d6a73f615a41,DGNL_HN,2026,,tuyensinh247
c0ff486e-e292-51c9-b99c-6b8d459b64e6,181b93fd-d31e-5f9b-b055-d6a73f615a41,DGTD,2026,,tuyensinh247
f2459651-d936-5629-b047-6542d11f7c8a,5b48eb1b-1b15-5c1d-8084-1241c563d71e,DGNL_HN,2026,,tuyensinh247
a4bdb024-d4d8-547b-afba-e9eb60ad08b9,5b48eb1b-1b15-5c1d-8084-1241c563d71e,DGTD,2026,,tuyensinh247
be2409dd-6d67-57f5-98c3-4b3ee2adbf55,e89737d3-ba83-587c-92a9-2c19f25bdafc,DGNL_HN,2026,,tuyensinh247
afa3abe2-c466-52b4-8d52-3e1c7497aa71,e89737d3-ba83-587c-92a9-2c19f25bdafc,DGTD,2026,,tuyensinh247
df3f3ca3-6ebc-5de9-a8f9-668a07929f31,67e9b261-a254-5686-a7f2-70d13a752625,DGTD,2026,,tuyensinh247
e4f68ea9-05ae-5fdd-abd2-20d7711bd26e,0b86eaca-d440-5337-a917-2f88eb33f134,DGNL_HN,2026,,tuyensinh247
28b64710-50e3-5024-a29d-526b4cee3b4e,0b86eaca-d440-5337-a917-2f88eb33f134,DGTD,2026,,tuyensinh247
29105995-2309-5724-9747-d69aca585b17,5ebe1371-7bcf-5c39-8583-4b2477564bf4,DGNL_HN,2026,,tuyensinh247
26a6ffc6-ab89-5ee2-9260-74dde02a8090,5ebe1371-7bcf-5c39-8583-4b2477564bf4,DGTD,2026,,tuyensinh247
af5bd6cb-f6c1-54d6-8f3f-3842c520f860,45e56c72-c6a7-52c4-8f75-ffbba92f2f8b,DGNL_HN,2026,,tuyensinh247
89b6fcf0-13c2-5d16-a7fb-9b6bd5c66281,45e56c72-c6a7-52c4-8f75-ffbba92f2f8b,DGTD,2026,,tuyensinh247
5dafbd8d-9f5b-5120-b066-e3f67e8ac059,4eb993a3-b4fe-5d60-9b62-184012b8869c,DGNL_HN,2026,,tuyensinh247
d8e1fa90-7340-5033-8510-48042814dda1,4eb993a3-b4fe-5d60-9b62-184012b8869c,DGTD,2026,,tuyensinh247
a9643bf1-57c1-5fd9-9a4e-0bf7a20297e9,631ca2cd-f00c-55a2-be30-cb6ce151d907,DGTD,2026,,tuyensinh247
18ce5f67-ac92-5435-a2b0-347a6dceb7c0,6091a5c9-40c0-57e2-93f7-e171f65dce0f,DGNL_HN,2026,,tuyensinh247
73ec70df-3ae1-5c92-8660-0c8d468845f2,6091a5c9-40c0-57e2-93f7-e171f65dce0f,DGTD,2026,,tuyensinh247
73dba9c9-c0db-5db0-82cf-c83e7666c1a1,6091a5c9-40c0-57e2-93f7-e171f65dce0f,THPT,2026,,tuyensinh247
f3b03de2-f308-52c2-9551-f8e97c2d9ed6,50f46c44-421a-5186-a36b-610d0252221f,DGNL_HN,2026,,tuyensinh247
7a5e2a83-1c6f-5271-819e-5afb0fb2ef79,50f46c44-421a-5186-a36b-610d0252221f,DGTD,2026,,tuyensinh247
4e5f3944-853c-57de-b7e0-e9ef0d59e8b6,50f46c44-421a-5186-a36b-610d0252221f,THPT,2026,,tuyensinh247
49fc3bf5-fa0e-5939-9bb3-cfcca003c320,c6e377ae-fd2e-516b-8a05-ea278ff53790,DGNL_HN,2026,,tuyensinh247
f35a7210-e600-50b2-a555-878c3ba15bf4,c6e377ae-fd2e-516b-8a05-ea278ff53790,THPT,2026,,tuyensinh247
19a89e1f-0870-59e6-b831-7dd301350df7,c60d4bb0-155e-5851-87b4-36c5ef701b83,DGNL_HN,2026,,tuyensinh247
7d97ceee-621c-5be8-9d7e-75aee9a51e06,c60d4bb0-155e-5851-87b4-36c5ef701b83,THPT,2026,,tuyensinh247
f649c2c1-3bf3-5d43-8c0c-7e2e50cb49e8,aa171ef7-4ccf-5d9a-a62f-5cddc13852d3,THPT,2026,180,tuyensinh247
899a4711-fc4c-5e8f-a5bd-ad5837758fbd,ed7743f1-aad4-5706-8765-0b691852cebe,DGNL_HN,2026,180,tuyensinh247
c6fd09c8-b982-5d77-b442-32714b2de69d,fad6d10c-1539-51bb-8ca5-fc3fe98f8875,DGTD,2026,180,tuyensinh247
b840f483-05ff-57d9-9619-55a663cecfdd,6a6913f2-ff5a-5567-a37d-86e9657e0157,DGTD,2026,180,tuyensinh247
2a58e239-ee3f-52d3-b2da-06ec76ddcea1,5789afc5-d9d2-58cf-805f-9a28eba6d20a,XTT,2026,180,tuyensinh247
c17344a1-16fd-5c21-922b-6bf05911064a,7b469232-8e1b-571e-8d97-ef4ce5cdadf5,DGNL_HN,2026,180,tuyensinh247
d62587e9-46ed-5970-8058-37aaa51c613c,3be527f7-9316-5fb5-8cd6-b95bf3880324,DGNL_HN,2026,60,tuyensinh247
d556953f-c3fd-5be9-a8c9-bd0c4ef7d6f3,3be527f7-9316-5fb5-8cd6-b95bf3880324,DGTD,2026,60,tuyensinh247
a340acee-4f06-5501-85f2-cbe00107d480,3be527f7-9316-5fb5-8cd6-b95bf3880324,THPT,2026,60,tuyensinh247
b3283fb8-c96e-58c6-96c9-b5307dc5459f,3be527f7-9316-5fb5-8cd6-b95bf3880324,XTT,2026,60,tuyensinh247
ec11457f-83d8-5f92-a43c-af77773d0477,dd4b4aae-485b-54a3-beee-d36271664f08,DGNL_HN,2026,30,tuyensinh247
622ef1c7-a160-5e26-a7d6-224eef52fde5,dd4b4aae-485b-54a3-beee-d36271664f08,DGTD,2026,30,tuyensinh247
e3e0c416-6eb2-5bd6-971e-ca778de99cf7,dd4b4aae-485b-54a3-beee-d36271664f08,THPT,2026,30,tuyensinh247
fc2a948c-916f-5a63-a574-c68003902783,dd4b4aae-485b-54a3-beee-d36271664f08,XTT,2026,30,tuyensinh247
45e00a0d-5b6a-5792-8767-b629b91f9468,17664dc5-5158-55b8-9909-b8d4ebbf5bdf,DGNL_HN,2026,,tuyensinh247
118185c0-74e0-55a4-9ffe-033fc2b7398b,17664dc5-5158-55b8-9909-b8d4ebbf5bdf,DGTD,2026,,tuyensinh247
57b12e16-896c-563c-8d54-2d0fdf8aae44,17664dc5-5158-55b8-9909-b8d4ebbf5bdf,THPT,2026,,tuyensinh247
5123b406-a1fe-52d9-a353-dbbb01b4322c,17664dc5-5158-55b8-9909-b8d4ebbf5bdf,XTT,2026,,tuyensinh247
69fec7cf-4a75-5f54-8f34-fcc18b67cd27,479b421b-ceca-53d9-8485-873537d3c35c,DGNL_HN,2026,,tuyensinh247
592477f2-b4e6-51d7-81e9-2fcfbf10752e,479b421b-ceca-53d9-8485-873537d3c35c,DGTD,2026,,tuyensinh247
f27c2c24-ed99-59b0-a4b3-402f6320b1f0,479b421b-ceca-53d9-8485-873537d3c35c,THPT,2026,,tuyensinh247
3dd40110-b38a-513b-95bf-3b7c4a84444c,479b421b-ceca-53d9-8485-873537d3c35c,XTT,2026,,tuyensinh247
0e43a005-176b-540f-a521-499750ba0e54,622c6b9b-c30a-5a88-9538-8c48bf058024,DGNL_HN,2026,150,tuyensinh247
25ac5c84-3daf-5610-928c-870bb24dd661,622c6b9b-c30a-5a88-9538-8c48bf058024,DGTD,2026,150,tuyensinh247
5a5231dd-7fc3-5b7c-8d92-44f20e6b67ee,622c6b9b-c30a-5a88-9538-8c48bf058024,THPT,2026,150,tuyensinh247
0bfdd142-2214-5812-a658-cd31416dc9e7,622c6b9b-c30a-5a88-9538-8c48bf058024,XTT,2026,150,tuyensinh247
d741a9f7-bfb9-5f2e-bd8e-e41598a03d3a,269bfcca-5328-5ea6-865b-1c03f2f40c25,DGNL_HN,2026,,tuyensinh247
7e98bee7-c125-5512-a5a5-c91e3bde05cb,269bfcca-5328-5ea6-865b-1c03f2f40c25,DGTD,2026,,tuyensinh247
5d4f0892-a253-5f02-9946-c0df18394444,269bfcca-5328-5ea6-865b-1c03f2f40c25,THPT,2026,,tuyensinh247
eb3bb008-7d9b-5dc2-bab0-3c758b7fcb87,269bfcca-5328-5ea6-865b-1c03f2f40c25,XTT,2026,,tuyensinh247
a8bd5110-c3b9-58bf-bd67-a11f9086f039,12828627-5064-54c5-aa7e-5ed3f0875733,DGNL_HN,2026,,tuyensinh247
259da435-2330-563a-a525-99a82ac46373,12828627-5064-54c5-aa7e-5ed3f0875733,DGTD,2026,,tuyensinh247
b7f14eac-ece9-51df-ba60-efb7d007494f,12828627-5064-54c5-aa7e-5ed3f0875733,THPT,2026,,tuyensinh247
e67d441f-1636-5bac-8269-2e696b47e004,12828627-5064-54c5-aa7e-5ed3f0875733,XTT,2026,,tuyensinh247
5e7d4857-56b0-5a32-ace2-afbf5529b7c8,a8493bcf-c425-5eb7-b1f1-59e425b538ee,DGNL_HN,2026,60,tuyensinh247
0db1a0f8-74b4-51b8-bc08-131bb7af11e7,a8493bcf-c425-5eb7-b1f1-59e425b538ee,DGTD,2026,60,tuyensinh247
8ea7771a-3b8a-5e4a-bf55-8f82d372ba41,a8493bcf-c425-5eb7-b1f1-59e425b538ee,THPT,2026,60,tuyensinh247
830520d0-c13d-5480-8565-4e00eacecacd,a8493bcf-c425-5eb7-b1f1-59e425b538ee,XTT,2026,60,tuyensinh247
70cbdeeb-adda-5120-95e8-428bfad2d0fe,e2c24de7-486d-54bc-960d-1abee4a987dd,DGNL_HN,2026,40,tuyensinh247
9c8c1479-1acf-561f-ac64-9dd30bbb0f2c,e2c24de7-486d-54bc-960d-1abee4a987dd,DGTD,2026,40,tuyensinh247
a9e18979-286c-5091-80c0-15fdd30dc928,e2c24de7-486d-54bc-960d-1abee4a987dd,THPT,2026,40,tuyensinh247
c6376ee1-c5e4-534b-8603-99ebffaad843,e2c24de7-486d-54bc-960d-1abee4a987dd,XTT,2026,40,tuyensinh247
bdb05f4b-07d6-563a-8ec5-19836667a86f,3c8452c1-d0a7-58ff-b12f-f3ab3c9ee304,DGNL_HN,2026,100,tuyensinh247
24e92d27-337e-53e0-a960-d6c81e067bc4,3c8452c1-d0a7-58ff-b12f-f3ab3c9ee304,DGTD,2026,100,tuyensinh247
960a5403-4b50-56b9-8a6f-fc93b7b4e70e,3c8452c1-d0a7-58ff-b12f-f3ab3c9ee304,THPT,2026,100,tuyensinh247
9efc63fd-16d4-5ab4-a073-b9763d51bd51,3c8452c1-d0a7-58ff-b12f-f3ab3c9ee304,XTT,2026,100,tuyensinh247
b8c3d874-02a1-5c39-9319-6e2c4e49b161,bed76b5b-92ee-5b61-9922-6875c689f6bc,DGNL_HN,2026,,tuyensinh247
c0d8b801-07d4-51c1-ad3a-60079062c4aa,bed76b5b-92ee-5b61-9922-6875c689f6bc,DGTD,2026,,tuyensinh247
bf5edd7a-7463-537d-b30f-4e95dda865fc,bed76b5b-92ee-5b61-9922-6875c689f6bc,THPT,2026,,tuyensinh247
37c49b36-d925-58b9-a6bf-dcbe788507d9,bed76b5b-92ee-5b61-9922-6875c689f6bc,XTT,2026,,tuyensinh247
5a944718-2ce5-59f9-9558-c3c4332dc47c,c5cc058a-7762-5a52-b711-03935cae655f,DGNL_HN,2026,150,tuyensinh247
f5b6a201-4805-515c-af02-d4394db5174e,c5cc058a-7762-5a52-b711-03935cae655f,DGTD,2026,150,tuyensinh247
8a67bb11-19a0-5226-8c32-245ab97572f1,c5cc058a-7762-5a52-b711-03935cae655f,THPT,2026,150,tuyensinh247
6a6e0f9f-0b1f-59b6-a3b9-72275a3ef2ab,c5cc058a-7762-5a52-b711-03935cae655f,XTT,2026,150,tuyensinh247
5c597f08-5787-5b28-aa92-cacf3ce7cefc,641b2aaf-6935-500c-b647-8c11cb33e021,DGNL_HN,2026,180,tuyensinh247
96b120ef-d882-500b-b45d-72f9379fecdc,641b2aaf-6935-500c-b647-8c11cb33e021,DGTD,2026,180,tuyensinh247
9101a441-4c1d-5705-a4f7-31064fe67a34,641b2aaf-6935-500c-b647-8c11cb33e021,THPT,2026,180,tuyensinh247
dfc3bf1e-a9a8-572f-add3-e8e9c93112fd,641b2aaf-6935-500c-b647-8c11cb33e021,XTT,2026,180,tuyensinh247
228bcc63-d43e-5f13-bd4a-2b9645b936e4,044fc9da-e72a-50d8-89df-8538994e5877,DGNL_HN,2026,50,tuyensinh247
57515110-8864-5b33-be8b-ec0fd747e6cd,044fc9da-e72a-50d8-89df-8538994e5877,DGTD,2026,50,tuyensinh247
657a79ef-3ffa-55b8-9231-e1dfe8c62a51,044fc9da-e72a-50d8-89df-8538994e5877,THPT,2026,50,tuyensinh247
7614aca7-e113-59c6-af51-6fbae24c10fc,044fc9da-e72a-50d8-89df-8538994e5877,XTT,2026,50,tuyensinh247
09cfa154-f591-50c1-ac45-c21c9a7d01f9,89d380d6-27ec-5e1e-ab34-76f53510332e,DGNL_HN,2026,260,tuyensinh247
36666da7-6c6c-5ea4-b3f5-a18b7d6d3020,89d380d6-27ec-5e1e-ab34-76f53510332e,DGTD,2026,260,tuyensinh247
d727a503-4f00-551c-86ee-6f1a34cddc84,89d380d6-27ec-5e1e-ab34-76f53510332e,THPT,2026,260,tuyensinh247
0294b0cd-53dd-52f6-8e40-4dc7ced46f58,89d380d6-27ec-5e1e-ab34-76f53510332e,XTT,2026,260,tuyensinh247
f7eb8936-ba5a-5db1-84cb-5c43e2b054b4,2a81a1b5-2335-50b8-98b5-b570a440ce59,DGNL_HN,2026,,tuyensinh247
dc40ae22-4ed4-5323-ba56-22951978b09d,2a81a1b5-2335-50b8-98b5-b570a440ce59,DGTD,2026,,tuyensinh247
fe104f3d-79e1-576f-bfc7-dcdc4c42b70f,2a81a1b5-2335-50b8-98b5-b570a440ce59,THPT,2026,,tuyensinh247
3f6d1390-2380-5be8-9ed3-08ffaa4697f6,2a81a1b5-2335-50b8-98b5-b570a440ce59,XTT,2026,,tuyensinh247
5a739190-9728-5567-93d2-d36e930bfa2c,e18639e3-90db-505e-bd13-61ae37554c58,DGNL_HN,2026,80,tuyensinh247
76fb6f9f-70c2-58bb-b420-61539b073dbb,e18639e3-90db-505e-bd13-61ae37554c58,THPT,2026,80,tuyensinh247
7081b5d0-f76a-572d-95bc-0b9f1d2acee9,e18639e3-90db-505e-bd13-61ae37554c58,XTT,2026,80,tuyensinh247
751729d2-bfef-520c-a070-5d30fb341fdf,a9114695-7b7d-546d-93cc-d4b6daaf6abd,DGNL_HN,2026,100,tuyensinh247
84a4a134-ab04-5e2f-8a2a-05f4a2b133c2,a9114695-7b7d-546d-93cc-d4b6daaf6abd,DGTD,2026,100,tuyensinh247
9dee294e-fa54-54c4-b266-dd8a6f666fd7,a9114695-7b7d-546d-93cc-d4b6daaf6abd,THPT,2026,100,tuyensinh247
f743dc18-92fe-5d1d-8fa4-c2a198eb0872,a9114695-7b7d-546d-93cc-d4b6daaf6abd,XTT,2026,100,tuyensinh247
3b9246b9-dd26-5ad5-9d6c-f2b9f849054b,509c78d2-6eca-564e-a02a-091296a94674,DGNL_HN,2026,120,tuyensinh247
8a4cd4f0-98b0-5a7e-be27-91e4814db2e7,509c78d2-6eca-564e-a02a-091296a94674,DGTD,2026,120,tuyensinh247
47d7faa6-75a1-5064-85fb-4a3ad3172267,509c78d2-6eca-564e-a02a-091296a94674,THPT,2026,120,tuyensinh247
a743d835-20a5-5e59-b19a-1a86572f0af5,509c78d2-6eca-564e-a02a-091296a94674,XTT,2026,120,tuyensinh247
7467aefa-72e6-5521-adea-389460700a2d,1bb3e1b1-abdf-580e-b716-094334414c76,DGNL_HN,2026,80,tuyensinh247
c3bc0f1c-cea2-5a76-8b13-49c4ecd9c9c5,1bb3e1b1-abdf-580e-b716-094334414c76,DGTD,2026,80,tuyensinh247
2ce4c72f-fb00-55b8-8c3f-5c75fa73675b,1bb3e1b1-abdf-580e-b716-094334414c76,THPT,2026,80,tuyensinh247
cc199cf1-0509-5cd1-9d1c-27d17917dc58,1bb3e1b1-abdf-580e-b716-094334414c76,XTT,2026,80,tuyensinh247
0839eb8a-ad89-5e18-9710-362c33db3dec,6d591162-bd8c-51ef-ae66-5689ffab8011,DGNL_HN,2026,,tuyensinh247
f429d776-af18-53d6-a076-c898170aaa69,6d591162-bd8c-51ef-ae66-5689ffab8011,DGTD,2026,,tuyensinh247
35d63aff-45e4-5ec4-a746-297cbfc75ee0,6d591162-bd8c-51ef-ae66-5689ffab8011,THPT,2026,,tuyensinh247
90962781-2ea6-5762-81ec-407c4602483f,6d591162-bd8c-51ef-ae66-5689ffab8011,XTT,2026,,tuyensinh247
aef7ba07-a271-5f68-92be-67f98f570097,c164fc3d-e104-557d-ad04-6a82033cc997,DGNL_HN,2026,,tuyensinh247
07c91bae-0ea8-549d-9f96-b931228f0511,c164fc3d-e104-557d-ad04-6a82033cc997,DGTD,2026,,tuyensinh247
ab858548-80f3-5d35-a70b-13a68f58e1be,c164fc3d-e104-557d-ad04-6a82033cc997,THPT,2026,,tuyensinh247
9717a3c4-71ab-5e66-9482-9831ece6ac5c,c164fc3d-e104-557d-ad04-6a82033cc997,XTT,2026,,tuyensinh247
ea39bcfa-5192-56e1-ab6d-2529422ca623,fa55f2e7-df22-5952-a60a-269b638d60f1,DGNL_HN,2026,60,tuyensinh247
5966487a-2da7-57fd-b7c8-cb2c007d60c7,fa55f2e7-df22-5952-a60a-269b638d60f1,DGTD,2026,60,tuyensinh247
79a087fa-b4ac-571d-a628-d5a1d5cd2e2a,fa55f2e7-df22-5952-a60a-269b638d60f1,THPT,2026,60,tuyensinh247
d23850c0-b188-5345-826a-b6e6f9696f78,fa55f2e7-df22-5952-a60a-269b638d60f1,XTT,2026,60,tuyensinh247
10917dfb-1875-5125-9b97-7393b6add130,6c11c3e3-cc80-5c80-8155-79f5b0fc291d,DGNL_HN,2026,180,tuyensinh247
d69d1065-8832-527c-a0be-cee5db14eafe,6c11c3e3-cc80-5c80-8155-79f5b0fc291d,DGTD,2026,180,tuyensinh247
8102000c-aea6-578b-a1e5-e252843aa383,6c11c3e3-cc80-5c80-8155-79f5b0fc291d,THPT,2026,180,tuyensinh247
1c4fce83-49cc-51fa-94e5-de2628c44d91,6c11c3e3-cc80-5c80-8155-79f5b0fc291d,XTT,2026,180,tuyensinh247
13e67896-1157-57a3-8fd6-29d3de647577,4a646d29-0cb9-5f31-8f89-992a487d7c59,DGNL_HN,2026,30,tuyensinh247
efb9e297-5a35-5f23-a177-408f69da5f09,4a646d29-0cb9-5f31-8f89-992a487d7c59,DGTD,2026,30,tuyensinh247
a68b526c-2fbe-5bb0-88c9-77f08bc653ea,4a646d29-0cb9-5f31-8f89-992a487d7c59,THPT,2026,30,tuyensinh247
a1c2f282-0922-5d95-875a-09fd5f36f7f2,4a646d29-0cb9-5f31-8f89-992a487d7c59,XTT,2026,30,tuyensinh247
205b66cb-8f41-5a53-b0a1-c13bb0e7085b,534b2560-67d4-5c27-9b3c-4fe8e2f9e2fc,DGNL_HN,2026,120,tuyensinh247
f29b87a7-d4aa-5a87-aca2-4c7a57280fce,534b2560-67d4-5c27-9b3c-4fe8e2f9e2fc,DGTD,2026,120,tuyensinh247
921a731b-cc31-5f38-887f-ae05e7eed76a,534b2560-67d4-5c27-9b3c-4fe8e2f9e2fc,THPT,2026,120,tuyensinh247
e2fc1f9b-35ae-55e3-a36c-1ceea862c8e7,534b2560-67d4-5c27-9b3c-4fe8e2f9e2fc,XTT,2026,120,tuyensinh247
5417007d-0c5b-5cd2-86e0-cf47eae2278a,cce98bf3-9d22-59a1-bcd8-e385536526e9,DGNL_HN,2026,,tuyensinh247
67ecefdb-0b68-5ef1-9408-2f865f0d852f,cce98bf3-9d22-59a1-bcd8-e385536526e9,DGTD,2026,,tuyensinh247
ff0ddef4-5c9c-57dd-a716-b19d55beca05,cce98bf3-9d22-59a1-bcd8-e385536526e9,THPT,2026,,tuyensinh247
b9fddf70-a520-505f-8ce6-6e8d54bdd213,cce98bf3-9d22-59a1-bcd8-e385536526e9,XTT,2026,,tuyensinh247
0e401481-f983-5f71-9479-0dd3835412b2,61bf0e57-0d0d-501e-a702-884ae36f65e3,DGNL_HN,2026,360,tuyensinh247
031aa21d-0790-555e-91fd-4e77b8cc90f9,61bf0e57-0d0d-501e-a702-884ae36f65e3,DGTD,2026,360,tuyensinh247
653e2e77-2cc2-59db-858e-3b14b1ed6d87,61bf0e57-0d0d-501e-a702-884ae36f65e3,THPT,2026,360,tuyensinh247
1ea3e1f1-2cc2-567a-b899-8a1d70de08e3,61bf0e57-0d0d-501e-a702-884ae36f65e3,XTT,2026,360,tuyensinh247
60e504b6-1cb1-5508-983f-1fd2e67da603,a876da04-6b77-5812-83d4-8332a142ae3a,DGNL_HN,2026,240,tuyensinh247
ea1cb00a-a5a8-5c0b-9a52-531e9e2fea98,a876da04-6b77-5812-83d4-8332a142ae3a,DGTD,2026,240,tuyensinh247
097f6e3f-7c31-540b-b5ef-251c937a4b53,a876da04-6b77-5812-83d4-8332a142ae3a,THPT,2026,240,tuyensinh247
fcd617d0-0df6-58ad-8962-dae40b6ed076,a876da04-6b77-5812-83d4-8332a142ae3a,XTT,2026,240,tuyensinh247
7366b63c-1b14-5483-a975-625c3d5ef849,9b14d596-78a4-5486-9fd1-3a69042850b7,DGNL_HN,2026,60,tuyensinh247
768ae582-9510-5678-a21a-5d0981fdec88,9b14d596-78a4-5486-9fd1-3a69042850b7,THPT,2026,60,tuyensinh247
9743211d-088c-5311-af11-4aad16e61ead,9b14d596-78a4-5486-9fd1-3a69042850b7,XTT,2026,60,tuyensinh247
fad2a8de-26d1-5c78-8cd5-145e7a1643d1,2a1b67ce-3e3c-557d-8635-8c154a7f0396,DGNL_HN,2026,50,tuyensinh247
beb3ad1c-5b9f-5f2a-bd85-e1b4f48f09d6,2a1b67ce-3e3c-557d-8635-8c154a7f0396,DGTD,2026,50,tuyensinh247
d6a10dfd-688d-5297-80b1-2a030a6c264a,2a1b67ce-3e3c-557d-8635-8c154a7f0396,THPT,2026,50,tuyensinh247
0b958792-c662-5779-b64b-2101f2159828,2a1b67ce-3e3c-557d-8635-8c154a7f0396,XTT,2026,50,tuyensinh247
fa9db108-88c5-585f-b4ba-3ab7ba08cb02,59b252f3-2662-5944-a32f-21ea4fd66749,DGNL_HN,2026,,tuyensinh247
36a1f98c-7721-564c-815c-ba3fba1bf134,59b252f3-2662-5944-a32f-21ea4fd66749,DGTD,2026,,tuyensinh247
b99a5836-094c-5fd5-85d6-85360ee6874e,59b252f3-2662-5944-a32f-21ea4fd66749,THPT,2026,,tuyensinh247
4a4ce428-94c4-5e8c-acc3-dd2b42cb58c3,59b252f3-2662-5944-a32f-21ea4fd66749,XTT,2026,,tuyensinh247
1313a21a-dae0-5b24-bb8c-13ce3efb8149,0a9ce597-0a23-5492-8209-479a484fed03,DGNL_HN,2026,240,tuyensinh247
76a56576-97db-5d02-bec3-e9da5391f828,0a9ce597-0a23-5492-8209-479a484fed03,DGTD,2026,240,tuyensinh247
3c0d8531-35c0-5449-a667-17f9d23a7c1b,0a9ce597-0a23-5492-8209-479a484fed03,THPT,2026,240,tuyensinh247
c252271c-b891-59e2-bcd9-97d6fd9ef272,0a9ce597-0a23-5492-8209-479a484fed03,XTT,2026,240,tuyensinh247
7722988f-7344-5c4c-a4b9-fb9bb9712108,e117e6f6-bdd2-5c1d-b0c8-48d64c860c56,DGNL_HN,2026,,tuyensinh247
a039cc5f-c2fe-5f3e-923f-44ecc86191fb,e117e6f6-bdd2-5c1d-b0c8-48d64c860c56,DGTD,2026,,tuyensinh247
c510e069-ea4d-5901-8914-7076a4ccc1a7,e117e6f6-bdd2-5c1d-b0c8-48d64c860c56,THPT,2026,,tuyensinh247
552731b8-7165-5811-aa2e-0dee64917486,e117e6f6-bdd2-5c1d-b0c8-48d64c860c56,XTT,2026,,tuyensinh247
757c292e-e912-51a8-89e1-6a2c3b8bbdce,6bfeb772-88f0-5d23-9b91-63c8811e0772,DGNL_HN,2026,,tuyensinh247
a71cefa4-ac5c-58d7-bae4-3db3856c4436,6bfeb772-88f0-5d23-9b91-63c8811e0772,DGTD,2026,,tuyensinh247
c0c78ce5-44d6-5ad8-b2cf-bf30937c7a6a,6bfeb772-88f0-5d23-9b91-63c8811e0772,THPT,2026,,tuyensinh247
b2c9c716-e248-522f-a640-b5be73853ae4,6bfeb772-88f0-5d23-9b91-63c8811e0772,XTT,2026,,tuyensinh247
786c37cc-e659-5a18-9781-36a13880c463,7a750216-2ffd-5a39-8f03-f7da1b0f6785,DGNL_HN,2026,60,tuyensinh247
fb2fcf34-ea22-5e90-be1a-3e29d7877b35,7a750216-2ffd-5a39-8f03-f7da1b0f6785,DGTD,2026,60,tuyensinh247
06bcb9b0-e439-5c60-b315-7ebcef380715,7a750216-2ffd-5a39-8f03-f7da1b0f6785,THPT,2026,60,tuyensinh247
466677d8-349c-5f70-aa24-249e974d3f06,7a750216-2ffd-5a39-8f03-f7da1b0f6785,XTT,2026,60,tuyensinh247
4070616f-fcc8-54dd-aed1-824b77facd9b,0c2aa430-2dbf-58b0-9673-2ed6c0bdecc8,DGNL_HN,2026,,tuyensinh247
12b07916-c780-584f-b245-f9209f304090,0c2aa430-2dbf-58b0-9673-2ed6c0bdecc8,DGTD,2026,,tuyensinh247
2b72b937-89fc-5634-bd61-dd85169f89da,0c2aa430-2dbf-58b0-9673-2ed6c0bdecc8,THPT,2026,,tuyensinh247
fd7607dd-76b7-500f-b592-21fb2a8a8219,0c2aa430-2dbf-58b0-9673-2ed6c0bdecc8,XTT,2026,,tuyensinh247
df51fc4e-2fe9-54db-907d-5b2bcbedbfcb,0949b675-b2f9-5902-9cd7-d890805a3ab3,DGNL_HN,2026,100,tuyensinh247
881985c6-9b7d-54bf-8efa-b5eac8c5fa52,0949b675-b2f9-5902-9cd7-d890805a3ab3,DGTD,2026,100,tuyensinh247
97f98b0a-7836-5f5b-93c6-f8d5cc828a06,0949b675-b2f9-5902-9cd7-d890805a3ab3,THPT,2026,100,tuyensinh247
cc950f24-2e18-5422-b5f3-67986cd16ec5,0949b675-b2f9-5902-9cd7-d890805a3ab3,XTT,2026,100,tuyensinh247
504f9ef4-da22-58a0-9c69-b7e158a15da1,25e9fc9f-14cb-5703-8f87-6eab3df849ce,DGNL_HN,2026,70,tuyensinh247
d44430b3-de40-55d2-8a1f-827069b70722,25e9fc9f-14cb-5703-8f87-6eab3df849ce,DGTD,2026,70,tuyensinh247
7b846a96-650f-5dc8-8401-b2900ab52d90,25e9fc9f-14cb-5703-8f87-6eab3df849ce,THPT,2026,70,tuyensinh247
f72e49ea-10d3-5aac-a84c-1d1a699a3b52,25e9fc9f-14cb-5703-8f87-6eab3df849ce,XTT,2026,70,tuyensinh247
208c7afb-538e-55d9-8677-28b00835a5e0,37e63149-8b6b-5111-b754-85ca0d2e3859,THPT,2026,40,tuyensinh247
3cc34c8c-7737-55ed-846a-680c72514ad5,4c514d64-5bf4-50e4-b891-aa1ea87ed4cd,DGNL_HN,2026,40,tuyensinh247
9e17b66b-9fee-50d5-b0be-4592f167a26f,9ac5d35f-b91b-597b-a9ff-265e1515710e,DGTD,2026,40,tuyensinh247
053963f8-8f26-5dbb-91ff-18a604f73870,3f8e551a-9a0a-5fc1-aaa5-05a25aaeb2ea,DGTD,2026,40,tuyensinh247
6f2e6fe6-9779-5adc-a158-29d9473ac072,ae9d4778-28a5-5f31-b6a2-a1ef2ed0d65c,DGNL_HN,2026,40,tuyensinh247
fe13ef54-40d4-5626-ba91-a88f85ab8d84,ae9d4778-28a5-5f31-b6a2-a1ef2ed0d65c,XTT,2026,40,tuyensinh247
2d4d0f15-15af-5369-b738-2386867e6e21,5db503fc-633d-58b7-8a56-77a3cd468932,DGNL_HN,2026,100,tuyensinh247
8dd15a76-e04e-5322-83f3-83176ca5db95,5db503fc-633d-58b7-8a56-77a3cd468932,DGTD,2026,100,tuyensinh247
7fa17847-eaff-5e69-9ef2-43328356eff4,5db503fc-633d-58b7-8a56-77a3cd468932,THPT,2026,100,tuyensinh247
a00eb0f5-6f12-5ecd-a1b8-d2ca0f420aca,5db503fc-633d-58b7-8a56-77a3cd468932,XTT,2026,100,tuyensinh247
272f74b1-0f10-50ba-8648-fa8365871034,1b301725-4909-52f8-b360-c6f7b44f1588,DGNL_HN,2026,30,tuyensinh247
ae606e3f-4ca7-54ec-854b-92398c7f7843,1b301725-4909-52f8-b360-c6f7b44f1588,DGTD,2026,30,tuyensinh247
bb0b63a5-760c-5972-82ed-8a4cee57ed63,1b301725-4909-52f8-b360-c6f7b44f1588,THPT,2026,30,tuyensinh247
0040590b-9b57-5116-a1a8-88dce4836f94,1b301725-4909-52f8-b360-c6f7b44f1588,XTT,2026,30,tuyensinh247
d4566377-ca1a-53de-81eb-35f91899678c,b994bf6f-e572-56e5-a3c6-5c843e97c629,DGNL_HN,2026,80,tuyensinh247
393bf21d-94c2-53bb-8c9b-e54a9e22c5c9,b994bf6f-e572-56e5-a3c6-5c843e97c629,DGTD,2026,80,tuyensinh247
8965011a-1b47-539f-acc9-7647f31da2a9,b994bf6f-e572-56e5-a3c6-5c843e97c629,THPT,2026,80,tuyensinh247
5adfc5b0-281d-5dc5-bd8d-79c05b80ea8f,b994bf6f-e572-56e5-a3c6-5c843e97c629,XTT,2026,80,tuyensinh247
ec8c4c3e-ec29-5258-91ec-310504a5e3f4,369277fd-9cd6-53a9-9481-0b7bfce3a0ca,DGNL_HN,2026,100,tuyensinh247
903865b8-bf41-5529-acec-9972ce5cf03f,369277fd-9cd6-53a9-9481-0b7bfce3a0ca,DGTD,2026,100,tuyensinh247
7b450642-652b-5cdc-889a-17be6d6dd0c9,369277fd-9cd6-53a9-9481-0b7bfce3a0ca,THPT,2026,100,tuyensinh247
c1168f08-9d7f-58af-aecd-af7993d7625e,369277fd-9cd6-53a9-9481-0b7bfce3a0ca,XTT,2026,100,tuyensinh247
3add04a2-0517-5313-bda5-901aca7e5520,e81ad923-5ffd-53f0-a55f-99f599904e39,DGNL_HN,2026,,tuyensinh247
13a0f9d0-96d8-5e69-aeb2-18faaf004269,e81ad923-5ffd-53f0-a55f-99f599904e39,DGTD,2026,,tuyensinh247
7ace5e95-8b5e-5242-866c-c513fa920002,e81ad923-5ffd-53f0-a55f-99f599904e39,THPT,2026,,tuyensinh247
95328a20-b91e-5c85-8566-4c63ba08b629,e81ad923-5ffd-53f0-a55f-99f599904e39,XTT,2026,,tuyensinh247
36271c5c-ed25-51c9-84f4-b956e7e4fb22,9e53ac27-d665-5097-afd0-926ae900de0f,DGNL_HN,2026,40,tuyensinh247
d64b62ef-3f58-5364-86c2-acf00294e102,9e53ac27-d665-5097-afd0-926ae900de0f,DGTD,2026,40,tuyensinh247
d616059a-5974-5bcb-917d-324877792238,9e53ac27-d665-5097-afd0-926ae900de0f,THPT,2026,40,tuyensinh247
f9236378-9ad3-56aa-8469-7d012b2e4886,9e53ac27-d665-5097-afd0-926ae900de0f,XTT,2026,40,tuyensinh247
d26eb4b9-d6d1-5c16-9ba6-3089b5c540e4,08e0c217-f5e9-5d22-a943-63b724ea1724,DGNL_HN,2026,60,tuyensinh247
6fb1b788-3788-5705-9783-fa5aeea5bf97,08e0c217-f5e9-5d22-a943-63b724ea1724,DGTD,2026,60,tuyensinh247
0593a8d3-e611-5376-81ac-53df9b1af9d7,08e0c217-f5e9-5d22-a943-63b724ea1724,THPT,2026,60,tuyensinh247
4a340056-f42d-583a-8c6e-a71a15dbdbed,08e0c217-f5e9-5d22-a943-63b724ea1724,XTT,2026,60,tuyensinh247
be54fc71-3b7f-5a78-9d07-88e03a8c2e01,ea16e893-1860-5cf9-9b9c-ca4d5d1ec8ed,DGNL_HN,2026,,tuyensinh247
3f656cd5-c046-50cf-8272-b75b18aee3e5,ea16e893-1860-5cf9-9b9c-ca4d5d1ec8ed,DGTD,2026,,tuyensinh247
0511b623-79ea-559f-a4b7-25d2f2abb928,ea16e893-1860-5cf9-9b9c-ca4d5d1ec8ed,THPT,2026,,tuyensinh247
45bcc77b-d9f6-5fe5-80cc-c72485a39802,ea16e893-1860-5cf9-9b9c-ca4d5d1ec8ed,XTT,2026,,tuyensinh247
0b2e65bf-8eef-5568-b5ff-18879c7f23b0,9997a161-eb9e-54b5-82cd-b572fe56234a,DGNL_HN,2026,300,tuyensinh247
7a361d10-c894-5178-93d4-029620d1dbcd,9997a161-eb9e-54b5-82cd-b572fe56234a,DGTD,2026,300,tuyensinh247
a7c5e0da-7b53-5512-8994-2611836a01cb,9997a161-eb9e-54b5-82cd-b572fe56234a,THPT,2026,300,tuyensinh247
07522be8-6b78-51df-b6e5-086c74d98d8a,9997a161-eb9e-54b5-82cd-b572fe56234a,XTT,2026,300,tuyensinh247
027ac303-c778-56b0-aeb4-59c43987f989,d54799c9-979f-5f7f-aea9-39263980a8d2,DGNL_HN,2026,60,tuyensinh247
799c4c52-fa80-5b94-88a0-a4224bb75972,d54799c9-979f-5f7f-aea9-39263980a8d2,DGTD,2026,60,tuyensinh247
38b04563-40ac-5cd5-97b5-5fbc601b5a47,d54799c9-979f-5f7f-aea9-39263980a8d2,THPT,2026,60,tuyensinh247
c553666a-1c95-5532-9c27-639c8130f394,d54799c9-979f-5f7f-aea9-39263980a8d2,XTT,2026,60,tuyensinh247
6c52c2ce-9ec3-5089-85b1-68c483c7656e,528af3fa-818f-5ac7-a1ce-ab051c113017,DGNL_HN,2026,60,tuyensinh247
c26422be-01d2-5f70-87ad-2b1fde1ac8b6,528af3fa-818f-5ac7-a1ce-ab051c113017,DGTD,2026,60,tuyensinh247
3d2f606c-4cfe-5a28-aefa-cd46ac5794b4,528af3fa-818f-5ac7-a1ce-ab051c113017,THPT,2026,60,tuyensinh247
25a37388-ce16-5e72-8a60-ffbb4b93fcad,528af3fa-818f-5ac7-a1ce-ab051c113017,XTT,2026,60,tuyensinh247
90415f40-bf6e-5826-92ed-575ac2a58716,335a16c8-7612-5d9a-8aa1-552c52ada9cd,DGNL_HN,2026,305,tuyensinh247
4626a84e-77d6-5da6-bc58-f87e2da0a62b,335a16c8-7612-5d9a-8aa1-552c52ada9cd,DGTD,2026,305,tuyensinh247
f5dbbacf-00d4-55a8-8205-f64933898f2d,335a16c8-7612-5d9a-8aa1-552c52ada9cd,THPT,2026,305,tuyensinh247
1cbdccc4-70a8-506d-b5b2-4185bbc245e8,335a16c8-7612-5d9a-8aa1-552c52ada9cd,XTT,2026,305,tuyensinh247
625a7ab8-927d-5776-99b2-1eef1e41ccde,e3d550ec-f972-547f-89e1-eb896d2a1a2b,DGNL_HN,2026,,tuyensinh247
e2c6583c-9285-5550-b37b-b9adba27a1b9,e3d550ec-f972-547f-89e1-eb896d2a1a2b,DGTD,2026,,tuyensinh247
aa346312-5cf5-53cf-b208-7e96586d360e,e3d550ec-f972-547f-89e1-eb896d2a1a2b,THPT,2026,,tuyensinh247
1cb72304-bd62-532e-b78e-95684cc7b8c7,e3d550ec-f972-547f-89e1-eb896d2a1a2b,XTT,2026,,tuyensinh247
83989a02-bf50-5ccd-ac17-9f58c40634a0,c15b9d31-c935-55f6-9620-24768b82531c,THPT,2026,40,tuyensinh247
5da580ad-3bc8-5098-8919-20438de94b73,d55840b9-828d-5851-94fa-a51afb834ba5,DGNL_HN,2026,40,tuyensinh247
97413b1d-60d2-5df8-a049-a8d20d28815a,c78e82f8-b14f-58f0-af5f-8b4965fc13c2,DGTD,2026,40,tuyensinh247
1eaecc6b-dce6-5bde-8dcc-388c64cbd9c3,7150de52-f25d-5f41-91a4-127bf3d36325,DGTD,2026,40,tuyensinh247
ff61dfa6-ab41-5821-acdd-7ce6ef96eb39,3ae3e74f-9a47-5edf-858d-87d4dab4ba60,DGNL_HN,2026,40,tuyensinh247
3ca3db37-c5c1-59c7-ae53-a4276753b33f,3ae3e74f-9a47-5edf-858d-87d4dab4ba60,XTT,2026,40,tuyensinh247
a4726172-938a-5192-a98d-d5704190bcbc,31370017-619f-5396-871f-03e56089ffd9,DGNL_HN,2026,120,tuyensinh247
3235ca93-7bb0-5a5a-9fb3-46833f46bcd4,31370017-619f-5396-871f-03e56089ffd9,DGTD,2026,120,tuyensinh247
5c0f86ac-e640-57d9-b8ef-e036f57855fd,31370017-619f-5396-871f-03e56089ffd9,THPT,2026,120,tuyensinh247
dbdd8d4f-2408-52b0-a0b7-ddd286a42037,31370017-619f-5396-871f-03e56089ffd9,XTT,2026,120,tuyensinh247
d3c89698-c54a-5687-ab51-6251cc0217ca,e65f50e1-705d-5dfa-92b0-b2fcbda5290c,DGNL_HN,2026,45,tuyensinh247
9ec0e607-493d-595c-992a-adc4451dfd2d,e65f50e1-705d-5dfa-92b0-b2fcbda5290c,DGTD,2026,45,tuyensinh247
3fb9f9da-d9db-5b5f-95c4-13ba1378cb13,e65f50e1-705d-5dfa-92b0-b2fcbda5290c,THPT,2026,45,tuyensinh247
7565ebdf-2a4f-5bf9-9371-2a42fba70eec,e65f50e1-705d-5dfa-92b0-b2fcbda5290c,XTT,2026,45,tuyensinh247
057ab9de-0180-5b0e-94a2-d7aa0cb68ab0,770a0765-8e2d-5564-bc8c-2bdcd8297142,DGNL_HN,2026,,tuyensinh247
d4dcd39a-bda5-5ea3-9365-0db2bf351ec1,770a0765-8e2d-5564-bc8c-2bdcd8297142,DGTD,2026,,tuyensinh247
2e977d00-430b-57bf-9c9f-4b769d233fa4,770a0765-8e2d-5564-bc8c-2bdcd8297142,THPT,2026,,tuyensinh247
9bb9c4dc-1e42-58e4-a673-4030d85859a4,770a0765-8e2d-5564-bc8c-2bdcd8297142,XTT,2026,,tuyensinh247
28c004d5-3dc7-5a1a-8396-fcdddc876527,2421980b-bbef-5db8-a697-94d87ff50702,DGNL_HN,2026,120,tuyensinh247
b16f121a-ad12-56a1-8367-83d698a6e070,2421980b-bbef-5db8-a697-94d87ff50702,DGTD,2026,120,tuyensinh247
2e717bce-7610-5f0f-a0ab-06b4e61cd72c,2421980b-bbef-5db8-a697-94d87ff50702,THPT,2026,120,tuyensinh247
d28a5520-1489-5d8e-94e9-6b1f5f1b1873,2421980b-bbef-5db8-a697-94d87ff50702,XTT,2026,120,tuyensinh247
edf762f5-6774-5ed2-8c36-d37d42cb7336,e8ba6852-0ccc-5730-afb8-a6c072294efa,DGNL_HN,2026,350,tuyensinh247
5960127e-6182-5b1d-8f1e-34514787e438,e8ba6852-0ccc-5730-afb8-a6c072294efa,DGTD,2026,350,tuyensinh247
51ed0c71-a972-50b5-a190-77fa73ed2d71,e8ba6852-0ccc-5730-afb8-a6c072294efa,THPT,2026,350,tuyensinh247
8bf8c632-08d6-5d42-a514-e1553818d7e5,e8ba6852-0ccc-5730-afb8-a6c072294efa,XTT,2026,350,tuyensinh247
59ab72e9-8546-5f2f-be54-eae8cb4fe4db,2098b4e4-b621-56f0-bc23-fea3a9ef41af,DGNL_HN,2026,,tuyensinh247
10f85425-d9d2-56f1-a7ba-6fd4f0bbd79b,2098b4e4-b621-56f0-bc23-fea3a9ef41af,DGTD,2026,,tuyensinh247
f1a71000-61ea-5a5f-b247-efd607a52682,2098b4e4-b621-56f0-bc23-fea3a9ef41af,THPT,2026,,tuyensinh247
59e5ac8d-30db-5314-9dcd-91e812c46db1,2098b4e4-b621-56f0-bc23-fea3a9ef41af,XTT,2026,,tuyensinh247
0fd29bdc-c777-58f0-bf6a-18247052766d,c9bb775a-9fd3-59dc-a588-d5acff8bcb71,DGNL_HN,2026,60,tuyensinh247
f9cfd844-0d3f-56ad-9c5b-0bd72e84514b,c9bb775a-9fd3-59dc-a588-d5acff8bcb71,DGTD,2026,60,tuyensinh247
092eab90-2831-5912-ab4b-9e41c46376eb,c9bb775a-9fd3-59dc-a588-d5acff8bcb71,THPT,2026,60,tuyensinh247
d6764c23-1992-5685-97ca-4376af1e386c,c9bb775a-9fd3-59dc-a588-d5acff8bcb71,XTT,2026,60,tuyensinh247
30993a02-e69b-5fde-a5cc-acf806f90dd1,ceb8f219-5d2c-5d36-bb77-e86e416f0bf3,DGNL_HN,2026,,tuyensinh247
e9995902-e9f9-58fc-9aa7-85b495ceb521,ceb8f219-5d2c-5d36-bb77-e86e416f0bf3,DGTD,2026,,tuyensinh247
601d2cf2-bff9-5208-be1f-c79d101a894a,ceb8f219-5d2c-5d36-bb77-e86e416f0bf3,THPT,2026,,tuyensinh247
a9c4a74d-ca44-5097-a018-fcab1c75e8c4,ceb8f219-5d2c-5d36-bb77-e86e416f0bf3,XTT,2026,,tuyensinh247
99221e38-bfea-54a2-957f-9eca7bbf77aa,6da9d700-0cff-5cae-b187-c511f2b101df,DGNL_HN,2026,180,tuyensinh247
9feb7fde-bfcf-551e-8dba-cc4e70c604c0,6da9d700-0cff-5cae-b187-c511f2b101df,DGTD,2026,180,tuyensinh247
40d4695e-8126-529a-8b19-3e35fd642581,6da9d700-0cff-5cae-b187-c511f2b101df,THPT,2026,180,tuyensinh247
ee0a890c-820c-5aaf-aaec-868652b1b1cc,6da9d700-0cff-5cae-b187-c511f2b101df,XTT,2026,180,tuyensinh247
69b930fe-31ed-5fe3-ab31-46b01f1047c0,4a696819-9af0-5ff0-9eb2-52f2454fc22c,DGNL_HN,2026,60,tuyensinh247
a4d49acd-1f0f-5c60-9df8-b31ec8bf5d87,4a696819-9af0-5ff0-9eb2-52f2454fc22c,DGTD,2026,60,tuyensinh247
1e4f0f18-ff1f-5373-9f39-876ffc7b0b05,4a696819-9af0-5ff0-9eb2-52f2454fc22c,THPT,2026,60,tuyensinh247
8be87c6a-5415-587f-ae7e-6fd4ec0fd27c,4a696819-9af0-5ff0-9eb2-52f2454fc22c,XTT,2026,60,tuyensinh247
a4f64c7c-4a19-52cc-83e9-4c75a8850db0,23e7efeb-2cdd-584c-9fdd-40a889253642,DGNL_HN,2026,,tuyensinh247
67f76574-ba15-5d1d-abc8-7aa9cddac7e4,23e7efeb-2cdd-584c-9fdd-40a889253642,DGTD,2026,,tuyensinh247
900241ad-b5ae-52dc-8bb6-db01a3cc5e46,23e7efeb-2cdd-584c-9fdd-40a889253642,THPT,2026,,tuyensinh247
6b6d9844-831c-59af-9301-3187a2a62b0d,23e7efeb-2cdd-584c-9fdd-40a889253642,XTT,2026,,tuyensinh247
40d42f50-765c-5453-a9f4-bfb60bd2f284,8a9fb3a9-7d46-581e-9186-4101ea7fd0d7,DGNL_HN,2026,240,tuyensinh247
b440d877-a037-54b8-8371-1b88ab85e540,8a9fb3a9-7d46-581e-9186-4101ea7fd0d7,DGTD,2026,240,tuyensinh247
3a7b864e-822e-5cf1-8cb0-063362bd145f,8a9fb3a9-7d46-581e-9186-4101ea7fd0d7,THPT,2026,240,tuyensinh247
a97599e0-4467-5182-9969-79443befaf6d,8a9fb3a9-7d46-581e-9186-4101ea7fd0d7,XTT,2026,240,tuyensinh247
fbf97a61-f5f8-5263-87f9-f04a6e19c5f1,2874afa3-55be-5212-8c0a-989f5e807cd8,DGNL_HN,2026,,tuyensinh247
29d10458-fed8-573c-9c7d-a5d07c78335a,2874afa3-55be-5212-8c0a-989f5e807cd8,DGTD,2026,,tuyensinh247
c876d3da-d1f1-5fe7-8db2-19935041de19,2874afa3-55be-5212-8c0a-989f5e807cd8,THPT,2026,,tuyensinh247
441f5f83-707a-5823-80b0-617c340c292a,2874afa3-55be-5212-8c0a-989f5e807cd8,XTT,2026,,tuyensinh247
51ab2344-d751-5a25-a132-6a64953006d3,9d2c28eb-2f68-5ce8-aa52-c3de688997f3,DGNL_HN,2026,180,tuyensinh247
692be8aa-ff58-57c1-95da-c346b12bfd60,9d2c28eb-2f68-5ce8-aa52-c3de688997f3,DGTD,2026,180,tuyensinh247
48fe0026-1360-54d9-8e8a-0740ddff4f3c,9d2c28eb-2f68-5ce8-aa52-c3de688997f3,THPT,2026,180,tuyensinh247
5482f4f4-8463-5d5e-9e5c-12a2df976056,9d2c28eb-2f68-5ce8-aa52-c3de688997f3,XTT,2026,180,tuyensinh247
c3d08aca-5b78-574c-96bb-db64812ca788,513f95b7-06d3-5f54-853e-52d56d6f3709,DGNL_HN,2026,60,tuyensinh247
f1d3611a-4569-5e77-9410-0d68059eb280,513f95b7-06d3-5f54-853e-52d56d6f3709,DGTD,2026,60,tuyensinh247
5affbe40-b518-54bf-9b34-254313c9d6f7,513f95b7-06d3-5f54-853e-52d56d6f3709,THPT,2026,60,tuyensinh247
446d2412-1e33-5018-b1fa-bb15c8f0299f,513f95b7-06d3-5f54-853e-52d56d6f3709,XTT,2026,60,tuyensinh247
2e544765-0ce4-54e4-8db0-30a94d41e9ed,adee1c74-a0f0-593a-a5ae-081800241cc3,DGNL_HN,2026,50,tuyensinh247
857718a0-7bde-501d-8230-6c281525781b,adee1c74-a0f0-593a-a5ae-081800241cc3,DGTD,2026,,tuyensinh247
ae8b264e-118a-5c2d-898f-7a12dd59ef91,adee1c74-a0f0-593a-a5ae-081800241cc3,THPT,2026,,tuyensinh247
a5997e5b-df03-5bf1-9fb9-0c26cd6bbbb2,adee1c74-a0f0-593a-a5ae-081800241cc3,XTT,2026,,tuyensinh247
b3f610f3-4f29-5c47-b170-9fdf7cb6bf7d,1c6117bf-b970-5d72-b879-aac9112c034d,DGNL_HN,2026,40,tuyensinh247
8628a0c0-203a-5c2f-866b-df5116d46769,1c6117bf-b970-5d72-b879-aac9112c034d,DGTD,2026,40,tuyensinh247
0b6dbe9c-9e0a-5583-aa05-537c00de967d,1c6117bf-b970-5d72-b879-aac9112c034d,THPT,2026,40,tuyensinh247
8ed3736b-367a-5993-8c1a-2f1e40d6e8c9,1c6117bf-b970-5d72-b879-aac9112c034d,XTT,2026,40,tuyensinh247
f480d00e-c868-523b-84c3-03bf8bc523ad,3d5679a0-9569-57a3-a4e2-d8082ff100a3,DGNL_HN,2026,80,tuyensinh247
b885677e-5d40-5e4e-88e8-7ae3ffd0d936,3d5679a0-9569-57a3-a4e2-d8082ff100a3,DGTD,2026,80,tuyensinh247
c32eac17-c21c-5bda-ab12-05dfce791551,3d5679a0-9569-57a3-a4e2-d8082ff100a3,THPT,2026,80,tuyensinh247
b77cafd5-7ffc-5b48-91cc-9b7bbf5f92ba,3d5679a0-9569-57a3-a4e2-d8082ff100a3,XTT,2026,80,tuyensinh247
8c95427b-c254-5b2f-b545-b753b15370ba,4b2b262a-ac1f-5fc3-b703-836941126241,DGNL_HN,2026,50,tuyensinh247
4f9c2801-acb6-5e7a-8419-44ba9acb51a0,4b2b262a-ac1f-5fc3-b703-836941126241,DGTD,2026,50,tuyensinh247
8f9fe69b-a6c2-59bf-b17e-e6a6e06ed4c3,4b2b262a-ac1f-5fc3-b703-836941126241,THPT,2026,50,tuyensinh247
54c80b9f-273b-5b2d-bbf2-cacca8f785dc,4b2b262a-ac1f-5fc3-b703-836941126241,XTT,2026,50,tuyensinh247
33f6a6fe-d365-5a70-8971-93ef74c0d961,fb26907b-d236-56d2-94fe-f3ebd48e3a64,DGNL_HN,2026,,tuyensinh247
76f8bdbe-c76e-5002-8a2a-33584b9d3fe2,fb26907b-d236-56d2-94fe-f3ebd48e3a64,DGTD,2026,,tuyensinh247
dbc96899-e1b3-57f3-977b-471ef6fb4b8d,fb26907b-d236-56d2-94fe-f3ebd48e3a64,THPT,2026,,tuyensinh247
db85e9d0-d1f6-52ab-a721-e2378be4145e,fb26907b-d236-56d2-94fe-f3ebd48e3a64,XTT,2026,,tuyensinh247
3cf594fc-eb7d-5d8c-b6ce-f40695b449f3,8c1547c5-191f-5139-9560-abb8ee93727c,DGNL_HN,2026,,tuyensinh247
dfde012f-7f8c-50c0-a47d-08ee330c38f4,8c1547c5-191f-5139-9560-abb8ee93727c,DGTD,2026,,tuyensinh247
f27563f4-db66-58b9-aecb-f48ed930ecff,8c1547c5-191f-5139-9560-abb8ee93727c,THPT,2026,,tuyensinh247
9eacbc1c-d4a5-56bb-9b6e-daa986708939,8c1547c5-191f-5139-9560-abb8ee93727c,XTT,2026,,tuyensinh247
411e6a88-40e2-5a05-be57-71d2a2321eb6,dbe6e35c-3f8b-5add-b507-d070f104051b,DGNL_HN,2026,150,tuyensinh247
ccfd5317-273e-56da-8307-6fcc4dc9976c,dbe6e35c-3f8b-5add-b507-d070f104051b,DGTD,2026,150,tuyensinh247
0752eb5f-de89-565e-82cd-863c7ec59342,dbe6e35c-3f8b-5add-b507-d070f104051b,THPT,2026,150,tuyensinh247
705f6970-bbce-55e7-bee5-e30e586c1604,d6e690ba-6483-5bbb-8d3e-679b56636503,DGNL_HN,2026,100,tuyensinh247
31ebfb6f-853a-5e28-a5b4-61a31c25ea3a,d6e690ba-6483-5bbb-8d3e-679b56636503,DGTD,2026,100,tuyensinh247
bf17059f-5572-58c2-befb-e51559a6363a,d6e690ba-6483-5bbb-8d3e-679b56636503,THPT,2026,100,tuyensinh247
d6921934-fc8a-547f-96db-653f615e165b,dd637640-fc06-5d7b-aeff-dbe486630c8a,DGNL_HN,2026,50,tuyensinh247
ed7d6686-6c63-5e8b-9d4c-3f8fded25358,dd637640-fc06-5d7b-aeff-dbe486630c8a,DGTD,2026,50,tuyensinh247
3ec52302-d79e-5c5a-89e8-ff670425ec22,dd637640-fc06-5d7b-aeff-dbe486630c8a,THPT,2026,50,tuyensinh247
feaffa92-33e1-5f0e-9d5b-ea93baa4aa39,21b3fdd9-9582-5b3b-a01f-7d429cceb739,DGNL_HN,2026,40,tuyensinh247
06750f55-be4c-5915-a669-1e59c89947b4,21b3fdd9-9582-5b3b-a01f-7d429cceb739,DGTD,2026,40,tuyensinh247
0237e399-683e-5ee2-bc8c-d312f189ad15,21b3fdd9-9582-5b3b-a01f-7d429cceb739,THPT,2026,40,tuyensinh247
2b68a622-fbbf-5d0b-a581-4ce88babdd2f,a4f35242-51bf-5e18-ac94-13e75534d59b,DGNL_HN,2026,50,tuyensinh247
b72f58d3-c21e-59ec-8597-4d96277fe6d0,a4f35242-51bf-5e18-ac94-13e75534d59b,DGTD,2026,50,tuyensinh247
28e1f5a6-4cb5-5e26-bed8-3f895cb9ae71,a4f35242-51bf-5e18-ac94-13e75534d59b,THPT,2026,50,tuyensinh247
0285c343-22fe-5036-8560-dc6732404b3b,eefbc6d9-bde9-56d6-b233-1b83b2bc54fe,DGNL_HN,2026,50,tuyensinh247
ef179777-9f00-5bb8-9674-67abdd2e1b55,eefbc6d9-bde9-56d6-b233-1b83b2bc54fe,DGTD,2026,50,tuyensinh247
10435e8c-a341-5abd-b854-7648ec000503,eefbc6d9-bde9-56d6-b233-1b83b2bc54fe,THPT,2026,50,tuyensinh247
d20ee4d9-0439-5db4-b233-c032494b05f8,557b1dad-0ef2-5ad2-b07d-ff1a8bca7c16,DGNL_HN,2026,50,tuyensinh247
373e0f10-bbbe-5722-b160-e099f41978cb,557b1dad-0ef2-5ad2-b07d-ff1a8bca7c16,DGTD,2026,50,tuyensinh247
bb5b4c0c-16fa-5352-9a41-887d27f0bbe7,557b1dad-0ef2-5ad2-b07d-ff1a8bca7c16,THPT,2026,50,tuyensinh247
051a5636-0a63-5a30-8d0f-7aa703131283,1a8f44e3-9cfe-5f78-9fdc-191d3214227b,DGNL_HN,2026,50,tuyensinh247
9cac5e51-9e8e-5890-80a5-1c86ef0108a0,1a8f44e3-9cfe-5f78-9fdc-191d3214227b,DGTD,2026,50,tuyensinh247
fa96e0d5-54f2-581a-9ab8-f202fe6756d6,1a8f44e3-9cfe-5f78-9fdc-191d3214227b,THPT,2026,50,tuyensinh247
6abcca9e-a23e-5c17-b0ac-9a410c5bfdd2,fa61e0b1-8fb6-58c9-819b-34328df97930,DGNL_HN,2026,100,tuyensinh247
fdf13b29-99d1-5dfd-8cc2-47f656ef8116,fa61e0b1-8fb6-58c9-819b-34328df97930,DGTD,2026,100,tuyensinh247
901ac749-66a3-5bbc-8186-4e864ead80b2,fa61e0b1-8fb6-58c9-819b-34328df97930,THPT,2026,100,tuyensinh247
9e0855ce-bb21-5c27-8239-db3f3c01534f,5b9b63bc-4fa9-55ce-94c8-f5d79a6ade57,DGNL_HN,2026,50,tuyensinh247
ab84c4a4-8217-5945-a096-784af394db1e,5b9b63bc-4fa9-55ce-94c8-f5d79a6ade57,DGTD,2026,50,tuyensinh247
c084173b-1f98-5512-abd0-7ae828001d71,5b9b63bc-4fa9-55ce-94c8-f5d79a6ade57,THPT,2026,50,tuyensinh247
d0918069-fdbf-5a03-8a2f-6512836e127d,1962a0de-2b8a-5234-be36-211054c6b9b0,DGNL_HN,2026,100,tuyensinh247
dc1dd0d7-1fa9-503c-a8d0-ca2448d4c4c9,1962a0de-2b8a-5234-be36-211054c6b9b0,DGTD,2026,100,tuyensinh247
072758e8-cf79-5462-abd4-4e549fa5adbf,1962a0de-2b8a-5234-be36-211054c6b9b0,THPT,2026,100,tuyensinh247
8c6f2d7a-a84b-5b49-a6d0-5862940b82a3,f716582e-7b11-5874-91d1-6dc049688c53,DGNL_HN,2026,50,tuyensinh247
dd762586-53ac-541a-9d64-029b15612170,f716582e-7b11-5874-91d1-6dc049688c53,DGTD,2026,50,tuyensinh247
155f4664-a83b-5658-8d18-a4b8cc8aa4c4,f716582e-7b11-5874-91d1-6dc049688c53,THPT,2026,50,tuyensinh247
029b9f6f-3f68-502b-8742-1cedfd646729,b4e1aa0e-890b-5f81-9c8b-e0feb4b35f88,DGNL_HN,2026,50,tuyensinh247
2e9191f4-aa28-56dd-9626-7294d4052f6e,b4e1aa0e-890b-5f81-9c8b-e0feb4b35f88,DGTD,2026,50,tuyensinh247
6082eec0-7265-5a0f-8823-7ed3516bda76,b4e1aa0e-890b-5f81-9c8b-e0feb4b35f88,THPT,2026,50,tuyensinh247
1503c57e-dc19-5850-ab4e-fdc7619d9a74,42348794-013b-581d-8380-5681ed242e80,DGNL_HN,2026,50,tuyensinh247
c026b142-7cbb-5ca3-b6a8-bac937fd0bf0,42348794-013b-581d-8380-5681ed242e80,DGTD,2026,50,tuyensinh247
d0f82d17-29ac-5234-aa17-8dd354e0842a,42348794-013b-581d-8380-5681ed242e80,THPT,2026,50,tuyensinh247
298fa45a-e969-58b6-bfcb-03ff81148883,9c8b977e-b22a-535a-a39a-e31722783b64,DGNL_HN,2026,50,tuyensinh247
ffb81d33-1195-541e-b04a-da0b0b351a2c,9c8b977e-b22a-535a-a39a-e31722783b64,DGTD,2026,50,tuyensinh247
ca02958a-2e01-5cc8-958a-a5d5f3a63971,9c8b977e-b22a-535a-a39a-e31722783b64,THPT,2026,50,tuyensinh247
bf9189f9-bfa9-58ab-a380-f190effec23e,27fb7aad-d15c-5a55-aa7a-57b7d76797fc,DGNL_HN,2026,100,tuyensinh247
0ae60fa0-33b9-5fc4-b4b1-1f904dc6c026,27fb7aad-d15c-5a55-aa7a-57b7d76797fc,DGTD,2026,100,tuyensinh247
58710326-785e-5d6c-8fdb-034dcafba4ac,27fb7aad-d15c-5a55-aa7a-57b7d76797fc,THPT,2026,100,tuyensinh247
42b23ae5-d0a8-5718-a771-63265b845d28,fa1e7f3e-b167-5392-aa3f-7a4dd1e74d3f,DGNL_HN,2026,50,tuyensinh247
93e97def-2193-5440-9c5a-f918d94f1834,fa1e7f3e-b167-5392-aa3f-7a4dd1e74d3f,DGTD,2026,50,tuyensinh247
a7744754-f14b-5654-b0d9-67b30386e56b,fa1e7f3e-b167-5392-aa3f-7a4dd1e74d3f,THPT,2026,50,tuyensinh247
7e27659d-d793-52e9-aae6-b18e6937297c,43483b76-9c5b-5ec6-8344-266bad248d6b,DGNL_HN,2026,60,tuyensinh247
0a57a9ed-b8a5-5bd5-98af-f858087a9abf,43483b76-9c5b-5ec6-8344-266bad248d6b,DGTD,2026,60,tuyensinh247
2c975aa0-4591-558d-9ca0-8e6aeab0aeaf,43483b76-9c5b-5ec6-8344-266bad248d6b,THPT,2026,60,tuyensinh247
ba193e8e-5584-59ac-8b97-fc56ae522e28,2f8da6e8-f435-58e3-9799-3416597552f8,DGNL_HN,2026,40,tuyensinh247
26e6b26b-fbad-5c2f-b8e9-340387e5f11f,2f8da6e8-f435-58e3-9799-3416597552f8,DGTD,2026,40,tuyensinh247
3f4c32f7-d37a-5c27-b42c-84ec0d5b901b,2f8da6e8-f435-58e3-9799-3416597552f8,THPT,2026,40,tuyensinh247
89738294-1daf-5c8e-bca8-2b5a57f62d22,9427d170-0cf2-58ee-8024-228096977c31,DGNL_HN,2026,40,tuyensinh247
14ad47ba-0af6-5ee2-8eb2-025a7f906dbe,9427d170-0cf2-58ee-8024-228096977c31,DGTD,2026,40,tuyensinh247
bb281124-4d2c-5f73-9708-c75d4fbb31e8,9427d170-0cf2-58ee-8024-228096977c31,THPT,2026,40,tuyensinh247
df49a2f6-9202-5445-900d-25b3deebc316,4cde5142-ecdd-5a6c-81f8-1d193c23f1ac,DGNL_HN,2026,40,tuyensinh247
354dbe21-8310-569a-b5aa-010ce37abaa4,4cde5142-ecdd-5a6c-81f8-1d193c23f1ac,DGTD,2026,40,tuyensinh247
23988132-3a14-5759-a275-4f29bc9df9d1,4cde5142-ecdd-5a6c-81f8-1d193c23f1ac,THPT,2026,40,tuyensinh247
f3ad609b-078b-5c72-b165-62696d5fdf21,ed198a24-7be8-575b-84d0-c41ed568bd50,DGNL_HN,2026,40,tuyensinh247
3a58a593-8a41-504d-beb2-dc70eeb46bef,ed198a24-7be8-575b-84d0-c41ed568bd50,DGTD,2026,40,tuyensinh247
664f55bb-c4d0-5622-9e42-4ccfc94bcaac,ed198a24-7be8-575b-84d0-c41ed568bd50,THPT,2026,40,tuyensinh247
e85966cb-6ea1-5984-8b98-947acd6b8b69,c4879f83-dcdf-52e5-9f93-50fb6e374c12,DGNL_HN,2026,90,tuyensinh247
d80e9833-b104-5f3a-8c6c-8f7419a3063c,c4879f83-dcdf-52e5-9f93-50fb6e374c12,DGTD,2026,90,tuyensinh247
7958d3b9-b732-5a5c-b6d5-025099bf876e,c4879f83-dcdf-52e5-9f93-50fb6e374c12,THPT,2026,90,tuyensinh247
2f3d7b30-8694-5fba-8913-9d622929d84e,81b45e19-8634-59c7-a338-68b96cecb7ff,DGNL_HN,2026,100,tuyensinh247
6e8bd3ff-9dba-5e5f-8682-61e6ba978c5c,81b45e19-8634-59c7-a338-68b96cecb7ff,DGTD,2026,100,tuyensinh247
93d93c50-3097-56e2-9eda-b5eeda1bb501,81b45e19-8634-59c7-a338-68b96cecb7ff,THPT,2026,100,tuyensinh247
fbae1641-e466-5254-b965-16ac193a9c9d,a4140851-0f06-58e2-9615-963a4a05b073,DGNL_HN,2026,50,tuyensinh247
f045886b-b094-55f4-afe6-792791cbc87f,a4140851-0f06-58e2-9615-963a4a05b073,DGTD,2026,50,tuyensinh247
9ae9f887-51a8-54ed-a53d-1b3a4239d758,a4140851-0f06-58e2-9615-963a4a05b073,THPT,2026,50,tuyensinh247
3287fe05-c16d-5c32-b5c8-b3d2a30e5bc4,3519a5c4-cec9-592e-8695-7fa83d4c1718,DGNL_HN,2026,150,tuyensinh247
9b6ba1b4-fc3c-5e75-98eb-ea165918f390,3519a5c4-cec9-592e-8695-7fa83d4c1718,DGTD,2026,150,tuyensinh247
df57895c-640b-5604-bb03-06088dbf4bfb,3519a5c4-cec9-592e-8695-7fa83d4c1718,THPT,2026,150,tuyensinh247
d9ee9a52-6362-59e7-84c6-ff02f5fa8c40,49884a9a-8626-584b-a9b6-c1721f080047,DGNL_HN,2026,100,tuyensinh247
631c50e0-6b4f-5133-8930-a4fda4a071bc,49884a9a-8626-584b-a9b6-c1721f080047,DGTD,2026,100,tuyensinh247
b396e35f-0385-5d40-a131-c14029447da2,49884a9a-8626-584b-a9b6-c1721f080047,THPT,2026,100,tuyensinh247
92d3fab8-a0fd-5fae-be56-356bf1d58042,3afb6535-c0c8-51c5-bec2-bfd99e0186d3,DGNL_HN,2026,50,tuyensinh247
a0fa5e71-6cae-5aba-801d-37c0ff73b066,3afb6535-c0c8-51c5-bec2-bfd99e0186d3,DGTD,2026,50,tuyensinh247
8e27d8d1-f03e-5d0d-acd8-22c4289951ba,3afb6535-c0c8-51c5-bec2-bfd99e0186d3,THPT,2026,50,tuyensinh247
98b34be4-955e-53a3-81a6-8aae777acea4,e71b60ac-4a27-5381-b342-1fbd2ce5a0cc,DGNL_HN,2026,100,tuyensinh247
0b0ed416-4743-514d-ad33-6fa91794b19c,e71b60ac-4a27-5381-b342-1fbd2ce5a0cc,DGTD,2026,100,tuyensinh247
2ad21c83-2a86-5e1d-93eb-7014b4e8ee87,e71b60ac-4a27-5381-b342-1fbd2ce5a0cc,THPT,2026,100,tuyensinh247
264f4c34-3903-5804-9db6-cd20fc5952d2,cce686c1-1024-50e9-8787-1c7b21639aaf,DGNL_HN,2026,50,tuyensinh247
ece2b3a8-e30b-547e-888d-e5cc55d22fe3,cce686c1-1024-50e9-8787-1c7b21639aaf,DGTD,2026,50,tuyensinh247
07b6c5c3-b22e-57e6-8d9e-6c91857d15b4,cce686c1-1024-50e9-8787-1c7b21639aaf,THPT,2026,50,tuyensinh247
e86e6080-4b28-5746-b5fb-c796ba7b84c4,2eec2a74-982c-572d-9131-928d55160d1f,DGNL_HN,2026,50,tuyensinh247
117e3e56-2e19-58f9-bbef-fb5c0f307ea2,2eec2a74-982c-572d-9131-928d55160d1f,DGTD,2026,50,tuyensinh247
e0cfbcc1-5f17-53a2-8df4-beeefd1e9f8e,2eec2a74-982c-572d-9131-928d55160d1f,THPT,2026,50,tuyensinh247
cc81a386-9672-5269-9eb2-3f00ebeba6ef,e2fca70e-af72-5c64-82b9-e39fe55fce6f,DGNL_HN,2026,50,tuyensinh247
6767ff4e-f67a-56fc-b2ee-92eb8f790dd0,e2fca70e-af72-5c64-82b9-e39fe55fce6f,DGTD,2026,50,tuyensinh247
0df3512b-0536-5927-a86b-6af543bf0b16,e2fca70e-af72-5c64-82b9-e39fe55fce6f,THPT,2026,50,tuyensinh247
d439d182-39cc-5871-9434-c859b9e0161d,5ad9b500-ebbf-55b3-a2e2-3c3b066b8fe2,DGNL_HN,2026,45,tuyensinh247
dae0c07b-b821-58dc-91a5-7475753fd56d,5ad9b500-ebbf-55b3-a2e2-3c3b066b8fe2,HBA,2026,45,tuyensinh247
db39d12d-b4e7-5acc-ab3a-11cbeb230827,5ad9b500-ebbf-55b3-a2e2-3c3b066b8fe2,THPT,2026,45,tuyensinh247
47a92a3d-147b-59e9-a3dd-eb86f302773a,18850f0e-a7ca-5827-8e27-06c3bb1e50c1,DGNL_HN,2026,45,tuyensinh247
0886a415-ac54-5710-9217-9b36591dd04c,18850f0e-a7ca-5827-8e27-06c3bb1e50c1,HBA,2026,45,tuyensinh247
86b854aa-707b-559c-b0cd-29ff41c94973,18850f0e-a7ca-5827-8e27-06c3bb1e50c1,THPT,2026,45,tuyensinh247
5807c1f5-e647-53eb-b91b-84b77c4e5c5b,2c452b6f-0730-537d-b8ee-c5842c0bc1b3,DGNL_HN,2026,5,tuyensinh247
7f9cc677-060f-512e-988f-eb8109f43ef8,2c452b6f-0730-537d-b8ee-c5842c0bc1b3,HBA,2026,5,tuyensinh247
7c86cff9-909d-565c-a425-a1edc8568359,2c452b6f-0730-537d-b8ee-c5842c0bc1b3,THPT,2026,5,tuyensinh247
9bfabbe4-cd4d-5970-93d9-48a34788cf97,d6cda0b1-e39b-5594-9403-786f7c85cf84,DGNL_HN,2026,5,tuyensinh247
54a471b3-9815-5dab-b594-25c9cef847cd,d6cda0b1-e39b-5594-9403-786f7c85cf84,HBA,2026,5,tuyensinh247
da9c1ef2-0be3-55cb-8f62-70462ee2016b,d6cda0b1-e39b-5594-9403-786f7c85cf84,THPT,2026,5,tuyensinh247
65a437da-f6ed-5a0a-ae8b-cc7da64025a2,c7d1e9bc-8b31-5d72-942f-1ede7a4a5521,DGNL_HN,2026,100,tuyensinh247
e5c8e1b8-7689-5d20-8fe5-91ed1f4050c2,c7d1e9bc-8b31-5d72-942f-1ede7a4a5521,DGTD,2026,100,tuyensinh247
8b446684-fcb6-52d3-b4d9-abb0e1edbb47,c7d1e9bc-8b31-5d72-942f-1ede7a4a5521,HBA,2026,100,tuyensinh247
9682e14c-b02a-58bd-9e91-4d2a0b228641,c7d1e9bc-8b31-5d72-942f-1ede7a4a5521,THPT,2026,100,tuyensinh247
472b9b72-56ea-53b2-b172-f5de3eaa283c,e5fcbaf8-e17e-509a-9695-1c5bc0206010,DGNL_HN,2026,100,tuyensinh247
3f8ed4eb-96ce-5e53-a437-cd672c50af9a,e5fcbaf8-e17e-509a-9695-1c5bc0206010,DGTD,2026,100,tuyensinh247
8673b0e4-3d63-53b5-904a-d658dab55516,e5fcbaf8-e17e-509a-9695-1c5bc0206010,HBA,2026,100,tuyensinh247
ff7183ce-649f-5741-b327-884d5860eada,e5fcbaf8-e17e-509a-9695-1c5bc0206010,THPT,2026,100,tuyensinh247
1d7df493-71fb-508c-b8db-495c90d95700,84b3eca3-f93a-5903-adf8-75e6d30de2f1,DGNL_HN,2026,150,tuyensinh247
6522c8da-d681-5a5f-beda-58c325fc567e,84b3eca3-f93a-5903-adf8-75e6d30de2f1,DGTD,2026,150,tuyensinh247
5792ce32-4ac4-54fc-a3ea-a7c3dc931e3b,84b3eca3-f93a-5903-adf8-75e6d30de2f1,HBA,2026,150,tuyensinh247
8fb9eb61-6c24-5314-b64f-daf48c3ca7f8,84b3eca3-f93a-5903-adf8-75e6d30de2f1,THPT,2026,150,tuyensinh247
ecb5a36b-7969-5fc1-999f-02eb05b85e40,b78b7036-1fba-5d5f-91ac-1db909a4cb14,DGNL_HN,2026,150,tuyensinh247
497ba8f6-3148-583f-9f03-8288b7f417b1,b78b7036-1fba-5d5f-91ac-1db909a4cb14,DGTD,2026,150,tuyensinh247
8173ea24-40a7-5686-b6ad-9920e1e82bd5,b78b7036-1fba-5d5f-91ac-1db909a4cb14,HBA,2026,150,tuyensinh247
a4110eff-8e8d-5047-9885-95860fa7c612,b78b7036-1fba-5d5f-91ac-1db909a4cb14,THPT,2026,150,tuyensinh247
68da9a5e-3c99-52d4-a481-9bd917963211,52546c13-5046-5477-8133-6402144ff96c,DGNL_HN,2026,200,tuyensinh247
e286f607-f202-5973-b08d-27b812776609,52546c13-5046-5477-8133-6402144ff96c,DGTD,2026,200,tuyensinh247
0fc96231-5dab-5ffb-b2f3-00477e45e54b,52546c13-5046-5477-8133-6402144ff96c,HBA,2026,200,tuyensinh247
f9f969c3-da42-5e74-91ba-8ec3f88691d3,52546c13-5046-5477-8133-6402144ff96c,THPT,2026,200,tuyensinh247
808de206-3e89-5152-98c4-bd262269d6e0,4c9664bc-a0a5-5de9-b309-fa4c3148be1e,DGNL_HN,2026,100,tuyensinh247
2453a8ab-3c87-5bf7-bfee-6fd1b544d003,4c9664bc-a0a5-5de9-b309-fa4c3148be1e,DGTD,2026,100,tuyensinh247
7297c00d-0bbb-52d5-b5a3-6202b3b31f9f,4c9664bc-a0a5-5de9-b309-fa4c3148be1e,HBA,2026,100,tuyensinh247
44d8973a-de22-59b3-aa87-292abbc0d5f4,4c9664bc-a0a5-5de9-b309-fa4c3148be1e,THPT,2026,100,tuyensinh247
b73b6895-bffc-5f5a-b06d-723c0b395747,d48131ef-0e9e-5993-b2cf-08a5051cfe19,DGNL_HN,2026,120,tuyensinh247
a4f5d5df-9a2d-5121-8bc5-4f4c8a582b7a,d48131ef-0e9e-5993-b2cf-08a5051cfe19,DGTD,2026,120,tuyensinh247
6fa06132-9613-56bb-8787-e95c39c19666,d48131ef-0e9e-5993-b2cf-08a5051cfe19,HBA,2026,120,tuyensinh247
eea7f081-7de1-5cd3-a805-70cb569c5e71,d48131ef-0e9e-5993-b2cf-08a5051cfe19,THPT,2026,120,tuyensinh247
5deb36ba-ed88-54ec-aa95-e8e71dad6d95,8f8b799b-fe48-5d40-a1c9-e4b625a2865c,DGNL_HN,2026,100,tuyensinh247
bbec2211-693c-5e62-b48a-fe4ad5b9e15e,8f8b799b-fe48-5d40-a1c9-e4b625a2865c,DGTD,2026,100,tuyensinh247
0ebc1d72-99e7-58f9-9d97-0556c4976a36,8f8b799b-fe48-5d40-a1c9-e4b625a2865c,HBA,2026,100,tuyensinh247
0a4dad83-ef62-5dc8-85c5-d777686942ca,8f8b799b-fe48-5d40-a1c9-e4b625a2865c,THPT,2026,100,tuyensinh247
53fff83b-9cd4-5284-9f85-9b7d2598cc44,7ce76db6-d460-5735-99d5-08e89c131404,DGNL_HN,2026,150,tuyensinh247
7a24decc-7d87-55be-b473-f8833db215d1,7ce76db6-d460-5735-99d5-08e89c131404,DGTD,2026,150,tuyensinh247
1fb76866-784c-51c9-8652-9d7342fdaecf,7ce76db6-d460-5735-99d5-08e89c131404,HBA,2026,150,tuyensinh247
97e36006-0768-5367-ba88-3fe82bcb3b35,7ce76db6-d460-5735-99d5-08e89c131404,THPT,2026,150,tuyensinh247
40121b1d-069b-52ad-9861-46131b67c011,edff9706-7739-5c3f-b9a8-eca74bd1afd9,DGNL_HN,2026,100,tuyensinh247
0b1a139b-7d35-5241-9a0f-39f20ff8a069,edff9706-7739-5c3f-b9a8-eca74bd1afd9,DGTD,2026,100,tuyensinh247
39ec3c1c-d720-5ac1-9ad0-626fc8e799ab,edff9706-7739-5c3f-b9a8-eca74bd1afd9,HBA,2026,100,tuyensinh247
3cd00662-2b06-511f-b2e4-b4c13b2f2f7e,edff9706-7739-5c3f-b9a8-eca74bd1afd9,THPT,2026,100,tuyensinh247
4bbc19ba-1f1d-5a6c-a07e-93c5785efd07,6a3e0b50-a92a-527a-b1f8-83320b9dfe2f,DGNL_HN,2026,50,tuyensinh247
85ed774c-3625-53dc-a033-834ea206fecc,6a3e0b50-a92a-527a-b1f8-83320b9dfe2f,DGTD,2026,50,tuyensinh247
cd2c3a5d-097c-515a-a81d-ba7ee5191faf,6a3e0b50-a92a-527a-b1f8-83320b9dfe2f,HBA,2026,50,tuyensinh247
68274518-cceb-51e9-bcbd-1235c0728b70,6a3e0b50-a92a-527a-b1f8-83320b9dfe2f,THPT,2026,50,tuyensinh247
97ae1bc6-aea2-5380-8523-a8352174454a,d0aed71a-b363-5ebd-b786-6d13db616b9e,DGNL_HN,2026,150,tuyensinh247
44985ad0-06c9-502b-ac49-94a73ef35449,d0aed71a-b363-5ebd-b786-6d13db616b9e,DGTD,2026,150,tuyensinh247
94f1843a-031a-5fe3-b0ed-fcb2b6fd93c5,d0aed71a-b363-5ebd-b786-6d13db616b9e,HBA,2026,150,tuyensinh247
87848008-13f2-5835-b68f-962c2d9db069,d0aed71a-b363-5ebd-b786-6d13db616b9e,THPT,2026,150,tuyensinh247
61ffcdc0-937f-59e8-86a4-9152b0858fed,e1a5e593-2c5a-5c4c-895d-e8ec002b60f8,DGNL_HN,2026,320,tuyensinh247
c88cdd37-3aa5-5869-9e30-e2c1a8a578ad,e1a5e593-2c5a-5c4c-895d-e8ec002b60f8,DGTD,2026,320,tuyensinh247
a622fd6e-6fb2-50e4-899e-127aa4e24d78,e1a5e593-2c5a-5c4c-895d-e8ec002b60f8,HBA,2026,320,tuyensinh247
61796164-7732-5d08-9dbc-ab1316bac34e,e1a5e593-2c5a-5c4c-895d-e8ec002b60f8,THPT,2026,320,tuyensinh247
a11d68be-a9bd-5492-a5ee-5e236c7162b2,0f9b9b49-a343-5552-87fc-16f069ddb6d2,DGNL_HN,2026,100,tuyensinh247
ef101d20-4805-5b1e-85e7-0a165a2ab13c,0f9b9b49-a343-5552-87fc-16f069ddb6d2,DGTD,2026,100,tuyensinh247
91d99c3f-fbb7-5876-aaa1-7414f520d02e,0f9b9b49-a343-5552-87fc-16f069ddb6d2,HBA,2026,100,tuyensinh247
f43065b9-57f5-59ba-b818-357b37d522ab,0f9b9b49-a343-5552-87fc-16f069ddb6d2,THPT,2026,100,tuyensinh247
bcc98cd3-ef38-5628-ae58-3a71894afd84,58499bdc-3c2d-5f8b-b7c7-743b02ae3c8e,DGNL_HN,2026,150,tuyensinh247
5bef3ff7-84a4-51ab-b5ec-dc09bfdb40db,58499bdc-3c2d-5f8b-b7c7-743b02ae3c8e,DGTD,2026,150,tuyensinh247
e3fd70cd-95c8-53fc-926b-73da00be8d67,58499bdc-3c2d-5f8b-b7c7-743b02ae3c8e,HBA,2026,150,tuyensinh247
3d625931-faf2-5afa-97b7-1a89b6055fdd,58499bdc-3c2d-5f8b-b7c7-743b02ae3c8e,THPT,2026,150,tuyensinh247
0e623e34-b0bd-5a1b-a778-0fc63909529c,eb16bf24-6b34-5dba-86ae-2e16ecc7effe,DGNL_HN,2026,50,tuyensinh247
00ef01d7-ffcc-5075-9ea7-3772ccc597f1,eb16bf24-6b34-5dba-86ae-2e16ecc7effe,DGTD,2026,50,tuyensinh247
34a297ad-4526-5300-bf17-71012a6aa579,eb16bf24-6b34-5dba-86ae-2e16ecc7effe,HBA,2026,50,tuyensinh247
464de67f-e475-55c3-bb1d-220ce15b0178,eb16bf24-6b34-5dba-86ae-2e16ecc7effe,THPT,2026,50,tuyensinh247
d6d74ba9-5a39-5a57-bf86-0c96480fd0ef,53faddf0-048e-5818-9089-924be8caefcc,DGNL_HN,2026,100,tuyensinh247
c0f56ce9-ab08-5a46-9578-2792c101df3d,53faddf0-048e-5818-9089-924be8caefcc,DGTD,2026,100,tuyensinh247
08aa1f8e-786f-5c33-874d-05dd5b25fc66,53faddf0-048e-5818-9089-924be8caefcc,HBA,2026,100,tuyensinh247
c6db74d9-9470-5710-8b8a-314dbe781e88,53faddf0-048e-5818-9089-924be8caefcc,THPT,2026,100,tuyensinh247
9b161fad-c924-5245-9246-486095cccb65,0fd58f0a-72f3-55ae-a58d-71ae4fb3275b,DGNL_HN,2026,200,tuyensinh247
94f5624b-7118-56e9-ae95-a9663ef9a7de,0fd58f0a-72f3-55ae-a58d-71ae4fb3275b,DGTD,2026,200,tuyensinh247
d1dbc05b-76de-51c4-a824-971a581b553c,0fd58f0a-72f3-55ae-a58d-71ae4fb3275b,HBA,2026,200,tuyensinh247
79698bcd-8704-5517-897e-fd273ae8fcd0,0fd58f0a-72f3-55ae-a58d-71ae4fb3275b,THPT,2026,200,tuyensinh247
8fc144e1-9577-57a1-8b8c-ef14c9804e87,e8800494-2694-50bb-9132-b5af74a4a194,DGNL_HN,2026,100,tuyensinh247
51e35eba-fb5b-5d9e-ae64-3402c5c7760d,e8800494-2694-50bb-9132-b5af74a4a194,DGTD,2026,100,tuyensinh247
c9940f28-b94e-50f7-b368-3a1e1fa24713,e8800494-2694-50bb-9132-b5af74a4a194,HBA,2026,100,tuyensinh247
e9a3fff3-0730-5c8c-b8d3-9c263f23304c,e8800494-2694-50bb-9132-b5af74a4a194,THPT,2026,100,tuyensinh247
4771dbf1-e4c0-5c71-8b3c-dd07e62eec47,30417953-b283-5afb-a4b8-d1e45f5e20a2,DGNL_HN,2026,,tuyensinh247
6f4d9cd7-6c91-5c28-8e26-da58e535f6e0,30417953-b283-5afb-a4b8-d1e45f5e20a2,DGTD,2026,,tuyensinh247
9e5902c0-438a-53e4-af9e-a7fb0c330306,30417953-b283-5afb-a4b8-d1e45f5e20a2,HBA,2026,,tuyensinh247
d00b4a88-12f0-5f90-85dd-f88de013629f,30417953-b283-5afb-a4b8-d1e45f5e20a2,THPT,2026,,tuyensinh247
24d7d5ae-7dbd-5f2e-b45a-1006e63aae21,50be13a6-cf8b-5bb9-a331-3bf3cddbde30,DGNL_HN,2026,,tuyensinh247
da19e2fe-e008-5c19-86da-45c097eef74e,50be13a6-cf8b-5bb9-a331-3bf3cddbde30,DGTD,2026,,tuyensinh247
b08c6028-a9f7-59b5-b019-2bbe8968413c,50be13a6-cf8b-5bb9-a331-3bf3cddbde30,HBA,2026,,tuyensinh247
8fac535f-aab1-51b7-9cba-0e1effe21252,50be13a6-cf8b-5bb9-a331-3bf3cddbde30,THPT,2026,,tuyensinh247
08423528-787d-5e59-9246-1030f1fd1aae,fef3321c-063d-52d6-8fc9-cecbbd3340ff,DGNL_HN,2026,27,tuyensinh247
00f0770d-743a-5c2e-8630-43c62d4c6763,fef3321c-063d-52d6-8fc9-cecbbd3340ff,DGTD,2026,27,tuyensinh247
46446f8f-1777-5ac3-aa5a-81c1a5863b03,fef3321c-063d-52d6-8fc9-cecbbd3340ff,HBA,2026,27,tuyensinh247
52ab3f89-42e3-532a-907c-90e5b024416e,fef3321c-063d-52d6-8fc9-cecbbd3340ff,THPT,2026,27,tuyensinh247
810412ee-3bd5-5851-a52d-1e2f029c476c,ada48377-bf5a-578b-a389-007e9fc320dc,DGNL_HN,2026,18,tuyensinh247
efa8057b-833b-59d0-94ee-432fddf7e9e7,ada48377-bf5a-578b-a389-007e9fc320dc,DGTD,2026,18,tuyensinh247
d20ffb17-cb19-5316-9759-0d4967bc798e,ada48377-bf5a-578b-a389-007e9fc320dc,HBA,2026,18,tuyensinh247
b65d47a9-4f6f-5258-a474-eb17092d8e89,ada48377-bf5a-578b-a389-007e9fc320dc,THPT,2026,18,tuyensinh247
c2bb5ce0-4703-58a6-aa7b-56db8def181a,89db5547-d0b7-5ec8-8a5b-c9fdc3d8ed9d,DGNL_HN,2026,50,tuyensinh247
49173b03-7901-5edd-950b-3e7afd61e159,89db5547-d0b7-5ec8-8a5b-c9fdc3d8ed9d,THPT,2026,50,tuyensinh247
53d6d5d0-a56d-5387-a934-14a3c104c72a,584e055a-1d60-5140-8a42-d0bc899fc956,DGNL_HN,2026,200,tuyensinh247
4fb1d16b-dad4-54b9-81ce-a660306e0a5f,584e055a-1d60-5140-8a42-d0bc899fc956,THPT,2026,200,tuyensinh247
ae32edef-1ea0-5b17-af77-a6dc61521fd4,08f9bdff-a202-53f1-a362-70fc7310c74e,DGNL_HN,2026,310,tuyensinh247
c935978e-1e1e-5710-8283-3fb082192012,08f9bdff-a202-53f1-a362-70fc7310c74e,THPT,2026,310,tuyensinh247
5737fd1b-3b9b-5570-9cfc-3a11d634c797,2a2e0811-95a7-5ff0-972e-a380cad50f8e,DGNL_HN,2026,45,tuyensinh247
19dbef6c-d6e0-539b-b8f1-d95dc00911e8,2a2e0811-95a7-5ff0-972e-a380cad50f8e,THPT,2026,45,tuyensinh247
73056bad-0593-534d-9b0b-de28df7266ad,506f0aab-0a93-505d-b707-162f2c13df79,DGNL_HN,2026,35,tuyensinh247
133e88b8-b135-57d7-ad42-d935a2f4e143,506f0aab-0a93-505d-b707-162f2c13df79,THPT,2026,35,tuyensinh247
2c529ffa-d3b6-5926-85f4-2f4a96657897,dd878608-7a1b-5ccc-80f7-dd514e64b48a,DGNL_HN,2026,35,tuyensinh247
0f2cb898-d310-5122-a7d9-95ad2f39633f,dd878608-7a1b-5ccc-80f7-dd514e64b48a,THPT,2026,35,tuyensinh247
2d8ce0b0-f6cf-57b6-bd77-81601ad6ac17,9a9ec3e1-eb53-57b2-b8a9-eb440ebd36c6,DGNL_HN,2026,45,tuyensinh247
1596ce32-3fe7-55ac-aa21-70398e093a85,9a9ec3e1-eb53-57b2-b8a9-eb440ebd36c6,THPT,2026,45,tuyensinh247
e68dfe4c-3dcf-537d-929d-5c2b9b01ccdb,fd775fc9-adde-5db2-b906-91e9f94134a5,DGNL_HN,2026,50,tuyensinh247
ecaf1f0a-1fb4-55e5-a19b-46eedc3e01e6,fd775fc9-adde-5db2-b906-91e9f94134a5,THPT,2026,50,tuyensinh247
5851433f-77ad-525c-b63f-2a0692883f91,e3e1786c-a750-59cd-96e4-0b4013ff40f0,DGNL_HN,2026,30,tuyensinh247
8cab0cb1-3e08-50d1-bc3d-3c4ad099c98c,e3e1786c-a750-59cd-96e4-0b4013ff40f0,THPT,2026,30,tuyensinh247
cb54d5b9-2a5d-5475-8360-f791a161a87d,091c36bf-cea6-5a91-a0e3-b1f287ed7fca,DGNL_HN,2026,40,tuyensinh247
370f9403-537a-575b-9e76-6ebd2d4381e2,091c36bf-cea6-5a91-a0e3-b1f287ed7fca,THPT,2026,40,tuyensinh247
803655ac-8c01-5796-9ae5-0d1d6de31843,e60eb269-666b-5e93-9744-40fda45cc73b,DGNL_HN,2026,30,tuyensinh247
0613bc8a-d5f6-5bec-9e27-0f3600e36fe1,e60eb269-666b-5e93-9744-40fda45cc73b,THPT,2026,30,tuyensinh247
9ca2d621-bf58-547d-94a5-27b78bcded4b,d4fbc047-d718-5c2a-985f-d8cf95ba8f1f,DGNL_HN,2026,35,tuyensinh247
1c82d577-530d-59ac-b96a-525990b02381,d4fbc047-d718-5c2a-985f-d8cf95ba8f1f,THPT,2026,35,tuyensinh247
73df7046-b177-5a04-9931-059f0e086b9f,cd75ff33-bd6a-557f-9eae-f5682181af01,DGNL_HN,2026,40,tuyensinh247
91f39372-2cfd-5902-bd40-38ecad4b9649,cd75ff33-bd6a-557f-9eae-f5682181af01,THPT,2026,40,tuyensinh247
e06c5fe4-6a3f-5b78-bcc6-7dc4e0af789d,1fb47752-0874-5e64-b1d6-ff01af26049a,DGNL_HN,2026,40,tuyensinh247
e35829c6-a354-57c7-bd56-c44b2ddaa43b,1fb47752-0874-5e64-b1d6-ff01af26049a,THPT,2026,40,tuyensinh247
b8ae894a-6eaf-589a-8167-b0eb44a10d5c,76a7071c-445c-5087-9f1b-4858b0a982b4,DGNL_HN,2026,50,tuyensinh247
6e213f1f-981f-5c3f-a435-f1b6bc2a1cb5,76a7071c-445c-5087-9f1b-4858b0a982b4,THPT,2026,50,tuyensinh247
49ec7915-2e8c-524f-9892-6347e700b762,63f03773-aab8-5d68-820c-482543292439,DGNL_HN,2026,70,tuyensinh247
d12dfa57-cd59-509c-b28d-d71f59bcb915,63f03773-aab8-5d68-820c-482543292439,THPT,2026,70,tuyensinh247
c7b0f469-210f-53cf-9fec-47c1bbe13d15,a80e8574-d7ca-50aa-b601-c039d455b6b1,DGNL_HN,2026,105,tuyensinh247
03804c88-4acd-5cef-97e3-aa11632a1dc4,a80e8574-d7ca-50aa-b601-c039d455b6b1,THPT,2026,105,tuyensinh247
296dc042-0ded-5933-9c5b-b4006edc3a19,98992add-f1fb-5f67-86ad-28dbde40a835,DGNL_HN,2026,100,tuyensinh247
242cebdc-dc06-533d-a450-c75507468931,98992add-f1fb-5f67-86ad-28dbde40a835,THPT,2026,100,tuyensinh247
b6f0020a-dbba-56fa-b85d-a09963b79202,5cd0135e-0484-5611-99cd-c15616be706a,DGNL_HN,2026,50,tuyensinh247
42d06ef5-71a7-50e9-934e-2be81fdf6a3b,5cd0135e-0484-5611-99cd-c15616be706a,THPT,2026,50,tuyensinh247
3e58d5c8-8da9-561e-8f70-9a7c69133f54,ea78b1e0-c69b-5f68-a9e7-5ff4c8130181,DGNL_HN,2026,50,tuyensinh247
1eed93dc-7ccb-52e8-903a-1373dc33a73e,ea78b1e0-c69b-5f68-a9e7-5ff4c8130181,THPT,2026,50,tuyensinh247
85ca71c7-2eb0-5246-84ca-02dd612ae1bd,d19707f1-1122-59af-9dba-c177a51d3d0b,DGNL_HN,2026,50,tuyensinh247
c76203c2-2068-570f-8bad-643e7cae70ed,d19707f1-1122-59af-9dba-c177a51d3d0b,THPT,2026,50,tuyensinh247
d79e0af8-0f44-5fd2-ad7f-8ea358da6a29,f5232d08-81a3-5dc1-8462-df85b284b453,DGNL_HN,2026,90,tuyensinh247
dc3633b8-e093-5eee-b30b-470a663808ba,f5232d08-81a3-5dc1-8462-df85b284b453,THPT,2026,90,tuyensinh247
6350c7f0-0ea9-52e6-ae59-b0689269290a,a22969c8-a1e1-58b7-bdfb-9a7743225f93,DGNL_HN,2026,50,tuyensinh247
ef479401-f99d-52dd-994d-a78d162fa755,a22969c8-a1e1-58b7-bdfb-9a7743225f93,THPT,2026,50,tuyensinh247
62339a7a-2398-5ef9-82cc-c9afd7644a0b,fc2f7bab-8c6b-581e-a6e1-deefbaaa0e62,DGNL_HN,2026,90,tuyensinh247
b30dd9d6-9fe9-5332-a508-517871270c13,fc2f7bab-8c6b-581e-a6e1-deefbaaa0e62,THPT,2026,90,tuyensinh247
7e69c24f-ef26-511d-9e8e-d29735a91864,272faa34-b082-52da-83de-699db599bc25,DGNL_HN,2026,50,tuyensinh247
91f609c4-efef-56a6-9c86-93884dec4988,272faa34-b082-52da-83de-699db599bc25,THPT,2026,50,tuyensinh247
5f9c7b77-061e-572d-888e-00bab6373831,ae54a810-7c42-59c2-831d-cedfad1a4b3c,DGNL_HN,2026,50,tuyensinh247
f5c82b0e-8fbb-5c7e-b298-d68ca6de9704,ae54a810-7c42-59c2-831d-cedfad1a4b3c,THPT,2026,50,tuyensinh247
fb2f87a9-42ae-5abd-8b70-f20360c65e04,f8358bd8-6421-5a1e-a687-cc54cd48b5e5,DGNL_HN,2026,90,tuyensinh247
8caa96c0-a193-530a-963a-ac23a16d006a,f8358bd8-6421-5a1e-a687-cc54cd48b5e5,THPT,2026,90,tuyensinh247
7fe333a2-5e59-5436-9f27-8bb322307eaa,1bc2551b-c62b-5328-8643-793f49e9828e,DGNL_HN,2026,30,tuyensinh247
2b3bd9d9-3f51-545d-a724-6bcf705e134d,1bc2551b-c62b-5328-8643-793f49e9828e,THPT,2026,30,tuyensinh247
922a3922-c072-57f4-a465-7612d8eb3cac,46f61962-35fa-537c-859e-b802fe5e91ae,DGNL_HN,2026,70,tuyensinh247
2c5b5663-9903-5bae-b11e-beca6b734ba5,46f61962-35fa-537c-859e-b802fe5e91ae,THPT,2026,70,tuyensinh247
84a56e51-e27c-5b8a-baf0-786f2fa4b950,a7f8d29c-d499-53eb-84e4-d35e2f17645e,DGNL_HN,2026,70,tuyensinh247
67b6659d-ef85-5ca2-a20d-9b9df7d7d23b,a7f8d29c-d499-53eb-84e4-d35e2f17645e,THPT,2026,70,tuyensinh247
bd45a2cd-83bf-5abd-8953-2085570c22d6,26e06a8c-ee89-5113-8fcf-1836b7e53821,DGNL_HN,2026,50,tuyensinh247
ca349943-2e4b-5b1b-b07f-31a441b58fb3,26e06a8c-ee89-5113-8fcf-1836b7e53821,THPT,2026,50,tuyensinh247
12996cb8-2324-5602-b2f9-3359de62907f,b3e3bac7-ab5e-57a2-9306-29acd2817d06,DGNL_HN,2026,100,tuyensinh247
43ae11b6-4886-53f3-91d1-61b993743171,b3e3bac7-ab5e-57a2-9306-29acd2817d06,THPT,2026,100,tuyensinh247
8abb64ea-ee6b-5eae-acd2-94367b8e2d63,bd7b7a90-6536-54ac-8939-7717aae00328,DGNL_HN,2026,50,tuyensinh247
262ef91d-646f-5202-86cb-cffd688bcfd6,bd7b7a90-6536-54ac-8939-7717aae00328,THPT,2026,50,tuyensinh247
1b5b7099-aad0-57e0-a61e-03c2e00e26b1,9db5bbeb-2b0e-550e-baea-84eec84fc8d1,DGNL_HN,2026,100,tuyensinh247
1c3a8dd5-6958-564c-a314-9b4fb23cbf6c,9db5bbeb-2b0e-550e-baea-84eec84fc8d1,THPT,2026,100,tuyensinh247
4506478d-eda7-5e81-b9cd-f03ea47a52b7,1d98c1f4-8d6e-51a5-9ecb-aa062e7e7caa,DGNL_HN,2026,100,tuyensinh247
f6ad1949-49db-55f7-97c8-0522001f5dfc,1d98c1f4-8d6e-51a5-9ecb-aa062e7e7caa,THPT,2026,100,tuyensinh247
96d7a81e-a1de-5020-908c-c6bbb47d7f0d,420330d9-556c-5e76-b891-e00797a2f7ca,DGNL_HN,2026,50,tuyensinh247
5b28dbc0-07f4-5bd6-a57f-7edda3ae73d0,420330d9-556c-5e76-b891-e00797a2f7ca,THPT,2026,50,tuyensinh247
83c2c0b7-03e6-50d5-bbc9-5173535893b6,9c648106-2fa2-5d18-bb01-b119efd73344,DGNL_HN,2026,215,tuyensinh247
e16c41f9-ebff-56be-92bd-2e82e4b8a800,9c648106-2fa2-5d18-bb01-b119efd73344,DGTD,2026,215,tuyensinh247
7b0d457a-5a20-508c-9813-4d7981d18b1e,9c648106-2fa2-5d18-bb01-b119efd73344,THPT,2026,215,tuyensinh247
58737bf6-3dd7-5de8-88bf-408acedeeb69,9c648106-2fa2-5d18-bb01-b119efd73344,XTT,2026,215,tuyensinh247
2cc2b463-a8fd-5c14-908f-3685ea72bf6c,7caf0eab-e693-52ae-a23f-2762c7121e56,DGNL_HN,2026,35,tuyensinh247
49f0327b-3a93-5a40-99f9-a9cdb6b343db,7caf0eab-e693-52ae-a23f-2762c7121e56,DGTD,2026,35,tuyensinh247
3fcbc784-8f21-5452-aace-b4fb1e0e8e6a,7caf0eab-e693-52ae-a23f-2762c7121e56,THPT,2026,35,tuyensinh247
05ca891f-5f56-597e-8ea8-605b4b1b9c09,7caf0eab-e693-52ae-a23f-2762c7121e56,XTT,2026,35,tuyensinh247
fa7ca6e2-d19c-55fb-92cc-a19133a72bc9,80fd8d61-a8bb-54a9-8abd-27151b13bbbc,DGNL_HN,2026,240,tuyensinh247
55218df4-8f95-5bcb-8109-57e089e08bb5,80fd8d61-a8bb-54a9-8abd-27151b13bbbc,DGTD,2026,240,tuyensinh247
a6f50384-e2d0-57ab-90b5-71510c887727,80fd8d61-a8bb-54a9-8abd-27151b13bbbc,THPT,2026,240,tuyensinh247
351212f6-a532-54f3-9b7d-777ce654642f,80fd8d61-a8bb-54a9-8abd-27151b13bbbc,XTT,2026,240,tuyensinh247
ef7fdd03-4e8c-5627-a7d6-90beeaa23e4f,a920d4c1-0f6d-5c22-8f02-c2baa263e855,DGNL_HN,2026,150,tuyensinh247
f91b9b89-7c88-5fc7-bad3-b8a265356470,a920d4c1-0f6d-5c22-8f02-c2baa263e855,DGTD,2026,150,tuyensinh247
5b4afcc8-6421-58f8-a831-dc3de7465615,a920d4c1-0f6d-5c22-8f02-c2baa263e855,THPT,2026,150,tuyensinh247
1a1a9dec-444e-5b38-bf73-8af580f34baa,a920d4c1-0f6d-5c22-8f02-c2baa263e855,XTT,2026,150,tuyensinh247
01f4ff38-2ad4-513b-9e29-3dd29b79acd1,395aa59e-666f-5578-9c0e-999da809b3ca,DGNL_HN,2026,230,tuyensinh247
4178b8b0-c464-5f0a-ac9b-4ef6b9c0351c,395aa59e-666f-5578-9c0e-999da809b3ca,DGTD,2026,230,tuyensinh247
9eb6e815-565b-568f-aaba-6d7ebf0ffa0a,395aa59e-666f-5578-9c0e-999da809b3ca,THPT,2026,230,tuyensinh247
0f024bbc-1e45-5b02-a236-edbcceba6ce5,395aa59e-666f-5578-9c0e-999da809b3ca,XTT,2026,230,tuyensinh247
7b951008-6416-5552-81af-79e9566145fa,abdff77e-474f-5fe0-a682-e812c5e243cb,DGNL_HN,2026,130,tuyensinh247
70035914-900b-5942-bea7-79abe8d89ebc,abdff77e-474f-5fe0-a682-e812c5e243cb,DGTD,2026,130,tuyensinh247
16562513-d181-5a24-8e43-f193ec02dd04,abdff77e-474f-5fe0-a682-e812c5e243cb,THPT,2026,130,tuyensinh247
4bc276c0-3a06-56e3-a9f6-a04b05f3cd5e,abdff77e-474f-5fe0-a682-e812c5e243cb,XTT,2026,130,tuyensinh247
72676bc8-b827-523f-933a-da7cecbd881f,b7db3ffe-c250-529d-a377-a439c5388b95,DGNL_HN,2026,70,tuyensinh247
6d59fdfd-b20e-5c28-8f8c-d7a35038ff6f,b7db3ffe-c250-529d-a377-a439c5388b95,DGTD,2026,70,tuyensinh247
f2ba20a7-9176-55ce-b937-e5e81a4128d9,b7db3ffe-c250-529d-a377-a439c5388b95,THPT,2026,70,tuyensinh247
86031b3a-7dcb-59c3-bf52-562ec7495e16,b7db3ffe-c250-529d-a377-a439c5388b95,XTT,2026,70,tuyensinh247
e0c95d06-fb40-5f35-a53a-c18325a56336,36e11618-fdff-5bee-8731-fb80e0018eb1,DGNL_HN,2026,170,tuyensinh247
c2d52542-c0ed-553e-b507-236d69b136ae,36e11618-fdff-5bee-8731-fb80e0018eb1,DGTD,2026,170,tuyensinh247
24052ebc-3d35-57f5-9509-c4006aaab777,36e11618-fdff-5bee-8731-fb80e0018eb1,THPT,2026,170,tuyensinh247
4cc72cd1-3efb-54a6-8467-532ebd6433b3,36e11618-fdff-5bee-8731-fb80e0018eb1,XTT,2026,170,tuyensinh247
bf07d8f8-1b45-5b19-8648-460881a10273,b5288175-aa58-53e9-9fdb-66981b1a5b52,DGNL_HN,2026,30,tuyensinh247
bc991ae1-8a15-5b1a-af64-3d111885e284,b5288175-aa58-53e9-9fdb-66981b1a5b52,DGTD,2026,30,tuyensinh247
372b7fe6-e720-57b8-9128-9dc6e8817e47,b5288175-aa58-53e9-9fdb-66981b1a5b52,THPT,2026,30,tuyensinh247
f560d5c6-69c7-528a-84a0-839c4796fba7,b5288175-aa58-53e9-9fdb-66981b1a5b52,XTT,2026,30,tuyensinh247
925a88bc-0cf6-5320-961b-007aa2eec3a9,7e9bcbb8-5c92-55e5-9482-d54a39001216,DGNL_HN,2026,190,tuyensinh247
dd6b157c-193c-5c90-843a-61b24d0d40d1,7e9bcbb8-5c92-55e5-9482-d54a39001216,DGTD,2026,190,tuyensinh247
dccbcfc8-db9b-57f1-b04d-467d37c34cf4,7e9bcbb8-5c92-55e5-9482-d54a39001216,THPT,2026,190,tuyensinh247
fa52ea99-6f70-57c1-abe3-3017198861f8,7e9bcbb8-5c92-55e5-9482-d54a39001216,XTT,2026,190,tuyensinh247
ff406fcf-7cdd-50dd-b1ad-b0739b37ba72,6d9b5aa2-551e-55b2-9796-3aff513d3593,DGNL_HN,2026,200,tuyensinh247
edcbda0c-c9b4-51b9-9406-a8df81ff55cf,6d9b5aa2-551e-55b2-9796-3aff513d3593,DGTD,2026,200,tuyensinh247
d93868ea-2f45-5261-9db4-a60081a9be7c,6d9b5aa2-551e-55b2-9796-3aff513d3593,THPT,2026,200,tuyensinh247
5dfaeebf-7462-5a20-82fc-fa713cfea144,6d9b5aa2-551e-55b2-9796-3aff513d3593,XTT,2026,200,tuyensinh247
b352035b-f242-5862-a234-adfb544b17a5,f464bf76-0dfa-5e31-b2c4-8a43e4d17c0d,DGNL_HN,2026,200,tuyensinh247
1e4736b9-db43-5571-b970-b23ce5cb9d96,f464bf76-0dfa-5e31-b2c4-8a43e4d17c0d,DGTD,2026,200,tuyensinh247
7428aed5-b3b9-5edd-9957-af39bc6408da,f464bf76-0dfa-5e31-b2c4-8a43e4d17c0d,THPT,2026,200,tuyensinh247
5f61de89-bef7-56b6-b871-18776e201b83,f464bf76-0dfa-5e31-b2c4-8a43e4d17c0d,XTT,2026,200,tuyensinh247
f5c2d4d1-e1b9-5482-9fa3-7a48a96b98ed,a3b684be-b442-562c-bc6c-1f559ef405b2,DGNL_HN,2026,140,tuyensinh247
77c76fcb-df62-532f-bd38-405a3d628d3e,a3b684be-b442-562c-bc6c-1f559ef405b2,DGTD,2026,140,tuyensinh247
c6d41962-8467-5ca1-87f4-ebca4e1a8dcf,a3b684be-b442-562c-bc6c-1f559ef405b2,THPT,2026,140,tuyensinh247
c9815d0d-a362-51df-9ab4-675c0e3025dc,a3b684be-b442-562c-bc6c-1f559ef405b2,XTT,2026,140,tuyensinh247
bd66e796-6ebc-5a07-a952-4d0162aeb134,96091db4-78f8-53c0-88df-3f2485707aa9,DGNL_HN,2026,70,tuyensinh247
97c5e3ea-aff6-5b5b-94d2-535cdd5d37fe,96091db4-78f8-53c0-88df-3f2485707aa9,DGTD,2026,70,tuyensinh247
0a98a568-1a7f-5d79-8398-7c9094d3a99f,96091db4-78f8-53c0-88df-3f2485707aa9,THPT,2026,70,tuyensinh247
7ac1cf69-f7cc-5a8b-b16b-1765dd5fba39,96091db4-78f8-53c0-88df-3f2485707aa9,XTT,2026,70,tuyensinh247
c6ecdb24-f0b4-5e6c-8269-3b69b4868259,e0e7d047-6c07-54d2-8ad4-a8db29cb2e7f,DGNL_HN,2026,150,tuyensinh247
264a623d-dec6-522b-b9eb-406c6de24c25,e0e7d047-6c07-54d2-8ad4-a8db29cb2e7f,DGTD,2026,150,tuyensinh247
bb2523e3-7248-5677-a838-79d25479b083,e0e7d047-6c07-54d2-8ad4-a8db29cb2e7f,THPT,2026,150,tuyensinh247
e45a411f-cd65-5c79-b859-3feb12d52e6e,e0e7d047-6c07-54d2-8ad4-a8db29cb2e7f,XTT,2026,150,tuyensinh247
d8e483e3-9e1c-583f-9cd7-53f93daba3fc,b1b5ff91-aa6a-52be-94e4-4dfcd035e13e,DGNL_HN,2026,80,tuyensinh247
7a7ddcbf-2f4d-5a95-a464-d5e3463fc57e,b1b5ff91-aa6a-52be-94e4-4dfcd035e13e,DGTD,2026,80,tuyensinh247
09e09cd6-8a0c-538d-b19e-daa59dd3e2f0,b1b5ff91-aa6a-52be-94e4-4dfcd035e13e,THPT,2026,80,tuyensinh247
f5cdfcd2-b094-5311-a4a8-675b3e0794f7,b1b5ff91-aa6a-52be-94e4-4dfcd035e13e,XTT,2026,80,tuyensinh247
0db2a920-7ed1-51f2-a19b-a3b1a19802ff,fec40673-87cb-586e-87e9-94ce2a214320,DGNL_HN,2026,70,tuyensinh247
005e9fb3-e040-5a9b-b69d-8410dc81e749,fec40673-87cb-586e-87e9-94ce2a214320,DGTD,2026,70,tuyensinh247
c9f06eb4-2357-5fb8-8aca-9968615b653a,fec40673-87cb-586e-87e9-94ce2a214320,THPT,2026,70,tuyensinh247
07c5acf8-b8fb-51f8-99f6-7aaaf491cad9,fec40673-87cb-586e-87e9-94ce2a214320,XTT,2026,70,tuyensinh247
9fb52cc4-d6ea-5954-bc47-9a717287dd94,b492433d-aadc-582a-8e0a-30aa700777a3,DGNL_HN,2026,250,tuyensinh247
623e5304-bd2b-5593-a402-d0d7456e9eac,b492433d-aadc-582a-8e0a-30aa700777a3,DGTD,2026,250,tuyensinh247
9cb612c0-0413-5156-a75f-8bdafb6ee51f,b492433d-aadc-582a-8e0a-30aa700777a3,THPT,2026,250,tuyensinh247
6cec5afd-442e-5e81-b623-5b22bb7351fd,b492433d-aadc-582a-8e0a-30aa700777a3,XTT,2026,250,tuyensinh247
2b93b774-037b-552b-9bfa-dfe374628d7d,9a5a2b08-8225-5bf5-8944-3d112c61dbb7,DGNL_HN,2026,70,tuyensinh247
6e4b4212-8840-5422-982c-611a3dbe68bb,9a5a2b08-8225-5bf5-8944-3d112c61dbb7,DGTD,2026,70,tuyensinh247
bf0e58c9-2948-5f5f-b6ed-1268dd1e2741,9a5a2b08-8225-5bf5-8944-3d112c61dbb7,THPT,2026,70,tuyensinh247
b86a3587-c125-51b5-81ce-f8bf9bd3f197,9a5a2b08-8225-5bf5-8944-3d112c61dbb7,XTT,2026,70,tuyensinh247
57702df4-0843-5ca7-87cb-cf5e9496835a,b286cd03-eafc-59fe-af99-dc3ae4c3dbdf,DGNL_HN,2026,400,tuyensinh247
4076f1fe-c7b2-5749-ab9a-82238c86c916,b286cd03-eafc-59fe-af99-dc3ae4c3dbdf,DGTD,2026,400,tuyensinh247
08cd9ed1-07cb-5285-a0c1-9d36bb5a8ad1,b286cd03-eafc-59fe-af99-dc3ae4c3dbdf,HBA,2026,400,tuyensinh247
3cb3d2d3-402b-51a6-be9d-a0bc2fb04ab9,b286cd03-eafc-59fe-af99-dc3ae4c3dbdf,THPT,2026,400,tuyensinh247
8d2b5ec3-6c78-5b1e-bbdf-aca65aa0a3f7,2d88597b-3509-57a1-9dc3-34aed3c2f235,DGNL_HN,2026,200,tuyensinh247
e3c24930-72a1-58e3-82c4-1e23bd7bdb3d,2d88597b-3509-57a1-9dc3-34aed3c2f235,DGTD,2026,200,tuyensinh247
947627b3-a76c-502c-927d-6cc519f932a9,2d88597b-3509-57a1-9dc3-34aed3c2f235,HBA,2026,200,tuyensinh247
8433e84a-df22-52b0-806c-07f569b175ce,2d88597b-3509-57a1-9dc3-34aed3c2f235,THPT,2026,200,tuyensinh247
f76c8da7-4506-54b5-b4ea-61b512cb6448,50ec57b1-9e30-562c-b4de-c9bb1f493b6a,DGNL_HN,2026,260,tuyensinh247
d6bca592-5908-5d73-8884-d6b2f97b1df8,50ec57b1-9e30-562c-b4de-c9bb1f493b6a,DGTD,2026,260,tuyensinh247
1fe0789c-38d2-5862-aa78-103146eb2641,50ec57b1-9e30-562c-b4de-c9bb1f493b6a,HBA,2026,260,tuyensinh247
b1e7073f-8182-5d39-b9be-1cf07623943c,50ec57b1-9e30-562c-b4de-c9bb1f493b6a,THPT,2026,260,tuyensinh247
7895d3a9-ac31-579b-a955-fbd646dfec7a,f8752bcd-924a-56a3-b08c-57f651091901,DGNL_HN,2026,200,tuyensinh247
410bee72-f644-5fbe-9e61-9e7b300603b3,f8752bcd-924a-56a3-b08c-57f651091901,DGTD,2026,200,tuyensinh247
9ade1495-509f-56ef-a658-c1b42dae5e3e,f8752bcd-924a-56a3-b08c-57f651091901,HBA,2026,200,tuyensinh247
d99a2363-de45-551b-9fab-1901ccc5ab7d,f8752bcd-924a-56a3-b08c-57f651091901,THPT,2026,200,tuyensinh247
ab31222b-b358-5783-8408-d9af47266dc4,16bbe1fa-d6f3-5f54-82e1-38acf2af9ae6,DGNL_HN,2026,400,tuyensinh247
bd477a4a-10d6-50e0-a2dd-b4d991e91691,16bbe1fa-d6f3-5f54-82e1-38acf2af9ae6,DGTD,2026,400,tuyensinh247
eca945de-6fb0-5d95-96b8-25d5dd6d0c63,16bbe1fa-d6f3-5f54-82e1-38acf2af9ae6,HBA,2026,400,tuyensinh247
ecb5cccd-0819-5b8e-bc4e-057bef7a5326,16bbe1fa-d6f3-5f54-82e1-38acf2af9ae6,THPT,2026,400,tuyensinh247
9a51d255-9497-572d-a782-e12b53464353,6c3030fe-f109-500c-96d8-f745bdad3573,DGNL_HN,2026,260,tuyensinh247
1e06f26c-88a5-5bf3-9fb2-57ac0647154a,6c3030fe-f109-500c-96d8-f745bdad3573,DGTD,2026,260,tuyensinh247
76aed7f9-3406-5767-bad8-f9931365c197,6c3030fe-f109-500c-96d8-f745bdad3573,HBA,2026,260,tuyensinh247
db20e070-cb5b-5153-953f-4aa32b273104,6c3030fe-f109-500c-96d8-f745bdad3573,THPT,2026,260,tuyensinh247
fac78a24-9552-5a00-a7b6-f79ea290ddd6,4b874315-0392-5132-9573-40cecd22a160,DGNL_HN,2026,200,tuyensinh247
0044652c-161d-5e05-908a-a9b89411dbc2,4b874315-0392-5132-9573-40cecd22a160,DGTD,2026,200,tuyensinh247
69db3435-019d-5f03-856b-55d97bec70dd,4b874315-0392-5132-9573-40cecd22a160,HBA,2026,200,tuyensinh247
95a0db5a-d059-58e8-8419-5f95b4986a19,4b874315-0392-5132-9573-40cecd22a160,THPT,2026,200,tuyensinh247
2bae3522-5f7f-500c-8927-4add9f965973,4369e0dd-f661-5282-a02c-b6aac18e35e1,DGNL_HN,2026,80,tuyensinh247
4fa915e9-6662-5d72-97b6-d6ddd3598a99,4369e0dd-f661-5282-a02c-b6aac18e35e1,DGTD,2026,80,tuyensinh247
229127a9-2071-53b5-8dfe-922548472ea9,4369e0dd-f661-5282-a02c-b6aac18e35e1,HBA,2026,80,tuyensinh247
372775b7-592e-540e-bd3c-b3ed08b8a6ec,4369e0dd-f661-5282-a02c-b6aac18e35e1,THPT,2026,80,tuyensinh247
afbe1ec7-b342-59c7-9c4c-f1851d488ddf,4b8c4134-864a-5152-bd71-a2eda8356014,DGNL_HN,2026,40,tuyensinh247
2d2f47a0-9e12-5a54-9064-77191d17667c,4b8c4134-864a-5152-bd71-a2eda8356014,DGTD,2026,40,tuyensinh247
d20a9dc3-6a3b-5a48-ba89-d45b945d3f05,4b8c4134-864a-5152-bd71-a2eda8356014,HBA,2026,40,tuyensinh247
34d56725-8ad7-5cc4-8a26-995554281256,4b8c4134-864a-5152-bd71-a2eda8356014,THPT,2026,40,tuyensinh247
41fa30a1-0a36-52f3-855e-aa05f0950c0f,7479c242-3305-5ff9-a9d7-fc645de043dc,DGNL_HN,2026,40,tuyensinh247
812ebaa6-c124-57ea-979f-8aed92239803,7479c242-3305-5ff9-a9d7-fc645de043dc,DGTD,2026,40,tuyensinh247
a74045d9-0ac4-5b01-b440-554a1e767e6d,7479c242-3305-5ff9-a9d7-fc645de043dc,HBA,2026,40,tuyensinh247
b8ba13fa-db05-519f-89b9-479c228b0e04,7479c242-3305-5ff9-a9d7-fc645de043dc,THPT,2026,40,tuyensinh247
9085f4b7-feea-52f2-b8cf-30c494f1f6b4,65de34e6-661e-591f-8b1e-725f7a094367,DGNL_HN,2026,120,tuyensinh247
9b514f00-e4c9-50aa-be77-d4df3fb067d6,65de34e6-661e-591f-8b1e-725f7a094367,DGTD,2026,120,tuyensinh247
4763fec2-f29c-565f-b048-6006fec2e4a9,65de34e6-661e-591f-8b1e-725f7a094367,HBA,2026,120,tuyensinh247
109bbc58-b627-5de0-94fb-18e33ef57254,65de34e6-661e-591f-8b1e-725f7a094367,THPT,2026,120,tuyensinh247
8abbacae-483a-54c2-9507-3229b5161126,e89eaefd-b71b-5bda-a549-cfd9d5fb9d62,DGNL_HN,2026,330,tuyensinh247
a6d70952-218a-5257-b2ff-d19ab8058a07,e89eaefd-b71b-5bda-a549-cfd9d5fb9d62,THPT,2026,330,tuyensinh247
cbc60dcc-45d0-541b-8f0d-4bf0126a59a9,a557e403-6212-52a8-add1-f365eafbfc08,DGNL_HN,2026,80,tuyensinh247
8984edf3-fccf-53e1-9699-c93a1e4aec81,a557e403-6212-52a8-add1-f365eafbfc08,DGTD,2026,80,tuyensinh247
d38e8725-f8b8-51ce-a8f6-c049b1d51605,a557e403-6212-52a8-add1-f365eafbfc08,THPT,2026,80,tuyensinh247
e232441b-5fb4-5d9f-94af-2267ee826a27,443a8a68-fab5-5e62-ad6e-5d65f0187cb0,DGNL_HN,2026,510,tuyensinh247
c9bbc255-58b4-5792-b530-8cffd9e55251,443a8a68-fab5-5e62-ad6e-5d65f0187cb0,DGTD,2026,510,tuyensinh247
1fc444ed-8f29-5466-8746-e0281df52d1d,443a8a68-fab5-5e62-ad6e-5d65f0187cb0,THPT,2026,510,tuyensinh247
c5e29612-a391-506f-a68f-4b87a4a27302,9b46d04a-356e-590b-9abb-2bbc9ed5d219,DGNL_HN,2026,50,tuyensinh247
886d9cf8-1e26-5472-bfe3-7a1bfb52b1fe,9b46d04a-356e-590b-9abb-2bbc9ed5d219,DGTD,2026,50,tuyensinh247
71d3a689-2d6a-5f11-8da0-3658a69296e0,9b46d04a-356e-590b-9abb-2bbc9ed5d219,THPT,2026,50,tuyensinh247
9e1f6af1-4f3f-5c3e-be07-427525a81c3d,7e88e7ad-f2b6-5d23-a4d0-a984ecd33000,DGNL_HN,2026,200,tuyensinh247
c866c171-d434-5cca-8faf-415f923ea0cb,7e88e7ad-f2b6-5d23-a4d0-a984ecd33000,DGTD,2026,200,tuyensinh247
3fcd14b0-4d92-56b7-9e3c-4994dd71abe6,7e88e7ad-f2b6-5d23-a4d0-a984ecd33000,THPT,2026,200,tuyensinh247
d57df849-7d77-5c1e-a1ed-b676bcef710d,35e5214f-cd8e-5a4e-9c94-50fd95cc4070,DGNL_HN,2026,600,tuyensinh247
3a6caeeb-4fc4-5ea1-998e-0906c0b6ce39,35e5214f-cd8e-5a4e-9c94-50fd95cc4070,DGTD,2026,600,tuyensinh247
dff92e47-42cb-5897-9730-e30ba70b218f,35e5214f-cd8e-5a4e-9c94-50fd95cc4070,THPT,2026,600,tuyensinh247
25308f3e-c916-562c-86c2-5997cc0feca8,9ef37e43-f479-5e22-9927-f603d3d30c90,DGNL_HN,2026,80,tuyensinh247
c4e47ff0-c2ef-57e4-8d14-9cfd3318f84e,9ef37e43-f479-5e22-9927-f603d3d30c90,DGTD,2026,80,tuyensinh247
6daa1de4-522d-5e57-b44e-9d0e71e8776a,9ef37e43-f479-5e22-9927-f603d3d30c90,THPT,2026,80,tuyensinh247
2b152984-f9d4-5700-be34-00c50f191320,45fddaa4-fb0e-56a2-891e-591ef9e14ddd,DGNL_HN,2026,900,tuyensinh247
1ab6a9d5-8d3a-5c96-93d4-2c67c51ef03a,45fddaa4-fb0e-56a2-891e-591ef9e14ddd,DGTD,2026,900,tuyensinh247
2cc526b5-1496-5aea-b1a1-4ed9b9a111db,45fddaa4-fb0e-56a2-891e-591ef9e14ddd,THPT,2026,900,tuyensinh247
a0c5cd08-dcb9-525d-b83e-4ecaa79664c4,3099bd3a-b8d7-572e-b774-d3bdf672b222,DGNL_HN,2026,80,tuyensinh247
a9f079e4-47bf-5785-b6df-f2982c9fe0c0,3099bd3a-b8d7-572e-b774-d3bdf672b222,DGTD,2026,80,tuyensinh247
f4d0e291-3b4d-5ba9-8c92-e275fdbb484b,3099bd3a-b8d7-572e-b774-d3bdf672b222,THPT,2026,80,tuyensinh247
3f0c6402-938a-5a63-a572-9437efa00b2b,dfac0317-0960-5f72-b569-6d5bfe489bd9,DGNL_HN,2026,370,tuyensinh247
566cdac8-3a3e-5e61-8c4b-92a21247a457,dfac0317-0960-5f72-b569-6d5bfe489bd9,DGTD,2026,370,tuyensinh247
1419f430-95a2-5b66-be64-790b701b65a7,dfac0317-0960-5f72-b569-6d5bfe489bd9,THPT,2026,370,tuyensinh247
73ccb9b6-9ff1-574c-b290-29e9a6053bca,5e27fa56-ef09-5b4e-b340-d0227a445b01,DGNL_HN,2026,80,tuyensinh247
e7f3adcb-4490-54e3-b488-0bb46f29ea09,5e27fa56-ef09-5b4e-b340-d0227a445b01,DGTD,2026,80,tuyensinh247
6eb2f9c4-144a-59cd-bbf6-596c47c5b1c3,5e27fa56-ef09-5b4e-b340-d0227a445b01,THPT,2026,80,tuyensinh247
ec0d4bd1-58c0-51f0-bf72-780bc0df0336,e2a12c81-dd95-514a-be72-f892f069ba74,DGNL_HN,2026,100,tuyensinh247
88daadf0-4265-5528-ac58-1a12e1d337e4,e2a12c81-dd95-514a-be72-f892f069ba74,DGTD,2026,100,tuyensinh247
4f80f365-7ed4-5438-8a86-2e58c98c1089,e2a12c81-dd95-514a-be72-f892f069ba74,THPT,2026,100,tuyensinh247
a5530c37-a9ff-55b7-b1d0-8bb80041833b,e2d21f9b-86bd-5412-8a21-71bbe515b069,DGNL_HN,2026,511,tuyensinh247
c83282f7-4061-5946-813f-981434c0d8cd,e2d21f9b-86bd-5412-8a21-71bbe515b069,DGTD,2026,511,tuyensinh247
b18c209a-9716-5860-a2a1-ee6db1c12d1c,e2d21f9b-86bd-5412-8a21-71bbe515b069,THPT,2026,511,tuyensinh247
6d5a91eb-89dc-5438-8e66-42f466116bb6,17ceb67f-aaf9-511d-bbe9-cd53c0823553,DGNL_HN,2026,160,tuyensinh247
5c89da0b-7c40-5caa-8294-e1f448ae4dca,17ceb67f-aaf9-511d-bbe9-cd53c0823553,DGTD,2026,160,tuyensinh247
736b4054-f7f4-52a3-851b-d51a89f96806,17ceb67f-aaf9-511d-bbe9-cd53c0823553,THPT,2026,160,tuyensinh247
d6b7b43f-6d49-5c44-b072-e95878b1dff5,acb793e6-4677-5aee-ad44-14aa5d488723,DGNL_HN,2026,50,tuyensinh247
f5a5083e-1379-50e3-ae2d-7b8d8937c04d,acb793e6-4677-5aee-ad44-14aa5d488723,DGTD,2026,50,tuyensinh247
112c68a7-2e4c-5dd1-aca0-95c77bb89807,acb793e6-4677-5aee-ad44-14aa5d488723,THPT,2026,50,tuyensinh247
ba0ace83-074a-58ae-a4ac-75ea5ff07845,a850718d-9265-5ccf-8387-871ecc28bcdd,DGNL_HN,2026,160,tuyensinh247
2a84ff64-03ea-54af-b534-c8f49033fff8,a850718d-9265-5ccf-8387-871ecc28bcdd,DGTD,2026,160,tuyensinh247
38d81805-f2b4-5a74-a464-baf1e25aeafb,a850718d-9265-5ccf-8387-871ecc28bcdd,THPT,2026,160,tuyensinh247
acabc029-05ad-583c-86da-30ac773f1b77,cc0c7ae7-4f28-5c73-a25d-bc20f00793c0,DGNL_HN,2026,110,tuyensinh247
0c293b3c-cdfa-5edf-9a2c-cec3d4c35e18,cc0c7ae7-4f28-5c73-a25d-bc20f00793c0,DGTD,2026,110,tuyensinh247
0ae58e81-07d2-5e6b-9e02-a98171ec2210,cc0c7ae7-4f28-5c73-a25d-bc20f00793c0,THPT,2026,110,tuyensinh247
65824723-d133-5a2c-8b9e-c91be26e73e3,6e70d7f8-132e-50d0-a7ea-151b8f7692b1,DGNL_HN,2026,170,tuyensinh247
a2bc7fe0-9cec-5d3e-b629-201847c2031f,6e70d7f8-132e-50d0-a7ea-151b8f7692b1,DGTD,2026,170,tuyensinh247
f5867f53-ff3f-5769-b11f-f92b3a11b410,6e70d7f8-132e-50d0-a7ea-151b8f7692b1,THPT,2026,170,tuyensinh247
5990af95-b10c-5fa4-a908-cb07158a4feb,29034daf-3dd5-5984-9065-57f09fd2af33,DGNL_HN,2026,104,tuyensinh247
66709fd1-0647-5ac4-bdac-9a0961a0b3d9,29034daf-3dd5-5984-9065-57f09fd2af33,DGTD,2026,104,tuyensinh247
6124af49-c938-5e36-a5b3-a5f2c48bfdc8,29034daf-3dd5-5984-9065-57f09fd2af33,THPT,2026,104,tuyensinh247
57e16d5c-7662-5af8-abfa-a5aa0aa43131,572d7fd4-35de-5084-a548-9fef91361992,DGNL_HN,2026,180,tuyensinh247
d0f35a72-f4da-50ec-8cd7-3a0d055fa4cc,572d7fd4-35de-5084-a548-9fef91361992,DGTD,2026,180,tuyensinh247
658eb840-4a96-55a4-8597-c08719057006,572d7fd4-35de-5084-a548-9fef91361992,THPT,2026,180,tuyensinh247
36abbc81-db67-5b6e-a26a-6e1058378480,87ddbb9e-f239-5a7c-9870-ff3368cd5600,DGNL_HN,2026,80,tuyensinh247
b6d87a55-7bd3-53bf-8abf-5f0f8144d657,87ddbb9e-f239-5a7c-9870-ff3368cd5600,DGTD,2026,80,tuyensinh247
ae4da64a-711f-5f21-8a5d-7d1fb65d0cc9,87ddbb9e-f239-5a7c-9870-ff3368cd5600,THPT,2026,80,tuyensinh247
ce2c1c5e-a11b-54c3-9299-74679cbf6645,5382c665-c16d-5623-93a6-c24f4e45e258,DGNL_HN,2026,80,tuyensinh247
9ba5b6b1-47f5-5047-848c-4fcb57467dda,5382c665-c16d-5623-93a6-c24f4e45e258,DGTD,2026,80,tuyensinh247
64258e34-74df-52b5-a28c-308b66377cd8,5382c665-c16d-5623-93a6-c24f4e45e258,THPT,2026,80,tuyensinh247
0e5e4a93-6ac2-59e9-96e9-cfc6f1518141,7d3f640c-276b-553d-963f-0e9fa2238a2b,DGNL_HN,2026,80,tuyensinh247
25fbd88c-ba2c-544e-9d95-d70a064a19a0,7d3f640c-276b-553d-963f-0e9fa2238a2b,DGTD,2026,80,tuyensinh247
99524b32-1edb-5367-8160-379134e0a32e,7d3f640c-276b-553d-963f-0e9fa2238a2b,THPT,2026,80,tuyensinh247
128ed5ac-be40-5cc8-8200-fbbb8b6f8dee,141538fa-a4e0-577c-a64d-2c16afb1cbd8,DGNL_HN,2026,150,tuyensinh247
ee9a3fe1-8f09-50e0-8541-6d230a74a905,141538fa-a4e0-577c-a64d-2c16afb1cbd8,DGTD,2026,150,tuyensinh247
badafd66-0e59-5917-8586-f8d9e651ee6e,141538fa-a4e0-577c-a64d-2c16afb1cbd8,THPT,2026,150,tuyensinh247
8ea11481-411e-5db5-9829-8a48b0bf90b8,fa5f1b8c-4686-53fe-8a70-9edbbb9713e1,DGNL_HN,2026,350,tuyensinh247
2544e2e2-216d-5b81-b8a4-9157e256b2b3,fa5f1b8c-4686-53fe-8a70-9edbbb9713e1,DGTD,2026,350,tuyensinh247
9bd11c56-9e65-577a-9a22-1770d6c8665d,fa5f1b8c-4686-53fe-8a70-9edbbb9713e1,THPT,2026,350,tuyensinh247
2874a1d0-fc34-5b2e-a473-e088eff78302,c5d7d225-4bff-5a08-9bd6-956ba4ef016a,DGNL_HN,2026,160,tuyensinh247
f5734a28-eb95-5885-b72b-53eb0f38ab4a,c5d7d225-4bff-5a08-9bd6-956ba4ef016a,DGTD,2026,160,tuyensinh247
5f40f73e-8c04-59c1-937e-b9412bdae40c,c5d7d225-4bff-5a08-9bd6-956ba4ef016a,THPT,2026,160,tuyensinh247
753ce1ac-42b3-5cb6-9f10-be8e38707b34,ca940dc7-dfbf-5715-9e57-38b46b5a99d4,DGNL_HN,2026,260,tuyensinh247
067893ff-89b4-50b3-9ce9-c00f151c27ab,ca940dc7-dfbf-5715-9e57-38b46b5a99d4,DGTD,2026,260,tuyensinh247
ba3aff99-e6ad-59b8-91bc-130a2a80be33,ca940dc7-dfbf-5715-9e57-38b46b5a99d4,THPT,2026,260,tuyensinh247
411f8edc-8c3b-5e0a-b36e-a0be6dd1c1c4,53a94883-7ed4-5adb-b0ee-7acfd346c209,DGNL_HN,2026,80,tuyensinh247
fd005cc2-1d48-5e34-a0d7-7f6db773bd8c,53a94883-7ed4-5adb-b0ee-7acfd346c209,DGTD,2026,80,tuyensinh247
559230aa-a228-52aa-af13-230edb1454a1,53a94883-7ed4-5adb-b0ee-7acfd346c209,THPT,2026,80,tuyensinh247
6f0de9d1-9d51-5733-960d-df6d75d4c176,0dc0575c-790c-582d-bc43-b3eb322e59c4,DGNL_HN,2026,120,tuyensinh247
3b7a82b2-fbce-5274-b151-9a28fc2c0c13,0dc0575c-790c-582d-bc43-b3eb322e59c4,DGTD,2026,120,tuyensinh247
6171519a-9507-58de-91a5-aba0277c6e17,0dc0575c-790c-582d-bc43-b3eb322e59c4,THPT,2026,120,tuyensinh247
24afeaef-67e6-5172-b1c4-7fa934eef129,198b8454-bef0-5800-b661-5ecc92cd46b0,DGNL_HN,2026,51,tuyensinh247
41fb23d4-9eac-5470-90de-f5643928ab8b,198b8454-bef0-5800-b661-5ecc92cd46b0,DGTD,2026,51,tuyensinh247
29e02e1c-f45f-582b-a518-603a2747e31f,198b8454-bef0-5800-b661-5ecc92cd46b0,THPT,2026,51,tuyensinh247
d135ff84-0e75-5725-9b6f-d62bbfe366cb,e6c117d5-b3a1-528c-85e1-d018726256bf,DGNL_HN,2026,52,tuyensinh247
9dc0c026-efeb-5749-a016-64b2ee5611b9,e6c117d5-b3a1-528c-85e1-d018726256bf,DGTD,2026,52,tuyensinh247
967483dc-699a-5fb3-a0d9-a9f598756b45,e6c117d5-b3a1-528c-85e1-d018726256bf,THPT,2026,52,tuyensinh247
f50e6fe4-f6cd-51fe-aaf0-6bda728c3a74,82c56ef9-3b8f-520f-b935-31097e72b54d,DGNL_HN,2026,160,tuyensinh247
9018ed33-4548-5ee0-a276-317aad60aed7,82c56ef9-3b8f-520f-b935-31097e72b54d,DGTD,2026,160,tuyensinh247
9bb085b7-41e7-5078-8461-7d9b0e84e8d4,82c56ef9-3b8f-520f-b935-31097e72b54d,THPT,2026,160,tuyensinh247
c91ef06a-556b-5aeb-817a-af1b0433ecf3,b0fd64a4-8f8a-5f93-a601-99979209a24d,DGNL_HN,2026,50,tuyensinh247
32c8a710-613c-58af-ac2c-e9a666283df1,b0fd64a4-8f8a-5f93-a601-99979209a24d,DGTD,2026,50,tuyensinh247
d8f2700c-744b-5900-bab4-8bf779151def,b0fd64a4-8f8a-5f93-a601-99979209a24d,THPT,2026,50,tuyensinh247
13e25db1-d766-5f1e-9519-a0670104b346,a6824e99-5ff5-5392-869a-0cf0a50cbea9,DGNL_HN,2026,52,tuyensinh247
79b4da3d-7f1b-5e61-8d27-67465ad94a67,a6824e99-5ff5-5392-869a-0cf0a50cbea9,DGTD,2026,52,tuyensinh247
283502fb-65f3-5ab2-9451-13528fe38316,a6824e99-5ff5-5392-869a-0cf0a50cbea9,THPT,2026,52,tuyensinh247
715c2ff5-515d-51c3-ba4c-5db2272fc9ca,c2be6aca-7254-5f97-a5a3-ed2cbe845c01,DGNL_HN,2026,100,tuyensinh247
7030c3e8-916a-5687-8657-1f0409f4cf2a,c2be6aca-7254-5f97-a5a3-ed2cbe845c01,DGTD,2026,100,tuyensinh247
b13d67d6-fa9d-5106-8153-6bd6d488d1d1,c2be6aca-7254-5f97-a5a3-ed2cbe845c01,THPT,2026,100,tuyensinh247
4804111a-f186-5f50-81dd-829091440f91,205ef560-0232-5f0b-baad-38561df304a0,DGNL_HN,2026,120,tuyensinh247
d07d0668-6748-52b8-be19-9ba77a362642,205ef560-0232-5f0b-baad-38561df304a0,DGTD,2026,120,tuyensinh247
93af6a30-da24-5a24-be32-26087f07b45d,205ef560-0232-5f0b-baad-38561df304a0,THPT,2026,120,tuyensinh247
5b30ee5a-b680-5556-baa9-591ea51619c6,4eca7ed7-7601-5ff7-acc2-7e02e4fce9b8,DGNL_HN,2026,100,tuyensinh247
25cba95f-bdec-5f00-9a2a-20db15da6cbb,4eca7ed7-7601-5ff7-acc2-7e02e4fce9b8,DGTD,2026,100,tuyensinh247
b4da9108-bf31-5075-a02f-695dcd5af6a9,4eca7ed7-7601-5ff7-acc2-7e02e4fce9b8,THPT,2026,100,tuyensinh247
780714cc-1272-5a8d-bd3b-585bf40a3972,9b913d36-f016-56cc-b9aa-6ff601543f1b,DGNL_HN,2026,100,tuyensinh247
582898c9-1edb-53c4-b95c-b545fdfd8407,9b913d36-f016-56cc-b9aa-6ff601543f1b,DGTD,2026,100,tuyensinh247
a00a4b38-bb02-566f-a020-6338d97a6526,9b913d36-f016-56cc-b9aa-6ff601543f1b,THPT,2026,100,tuyensinh247
6f463072-2caf-5106-b252-42856abd8dde,af371798-a464-5d71-ba4d-7d3375495e67,DGNL_HN,2026,100,tuyensinh247
17ff3b13-da0a-5c09-91cf-449dd7d0345b,af371798-a464-5d71-ba4d-7d3375495e67,DGTD,2026,100,tuyensinh247
0bc7fd9f-8dbe-59c7-a9ba-02aaede9a5f8,af371798-a464-5d71-ba4d-7d3375495e67,THPT,2026,100,tuyensinh247
bd570f9f-b751-541d-ab3e-5fc09a91b475,f00b8ce1-74fd-5e2f-b455-259ca525d65a,DGNL_HN,2026,50,tuyensinh247
ed6397e1-2001-54fc-9aba-927b6252cb57,f00b8ce1-74fd-5e2f-b455-259ca525d65a,DGTD,2026,50,tuyensinh247
dec8831c-a168-56d2-bebe-236cdcb7a0b3,f00b8ce1-74fd-5e2f-b455-259ca525d65a,THPT,2026,50,tuyensinh247
0ea4f9cd-0f3c-51eb-9167-e0a185b74185,0b0bd1a8-0353-5741-b6c4-73cf2b4c9fb2,DGNL_HN,2026,100,tuyensinh247
bfd8a832-4c8f-5591-bed0-42e07e2193f3,0b0bd1a8-0353-5741-b6c4-73cf2b4c9fb2,DGTD,2026,100,tuyensinh247
e51f77e6-c9a7-5844-b922-e1f242eafef9,0b0bd1a8-0353-5741-b6c4-73cf2b4c9fb2,THPT,2026,100,tuyensinh247
a832ce6d-dd7b-5a84-bb80-bd16ac1a744f,2b61c0a3-35c0-5299-97a9-05adafd8d789,DGNL_HN,2026,80,tuyensinh247
3548f9a8-7291-504c-916c-29a6a633e064,2b61c0a3-35c0-5299-97a9-05adafd8d789,DGTD,2026,80,tuyensinh247
869f02c6-ca68-5cf0-9382-912a2bd7e2a2,2b61c0a3-35c0-5299-97a9-05adafd8d789,THPT,2026,80,tuyensinh247
67b030c5-ba96-5867-acd3-8776ce84777b,6f4d7f6a-f4d3-5753-9822-a5a6dbaf0872,DGNL_HN,2026,50,tuyensinh247
ffd3928c-2695-52d7-b972-36894e199b0e,6f4d7f6a-f4d3-5753-9822-a5a6dbaf0872,DGTD,2026,50,tuyensinh247
af1087a2-ba75-5f51-b5d5-bd41cae2997f,6f4d7f6a-f4d3-5753-9822-a5a6dbaf0872,THPT,2026,50,tuyensinh247
dd60d490-4adb-5fcf-87f5-f43107edd779,d5928263-fde7-5eab-99c3-00076e0696c7,DGNL_HN,2026,275,tuyensinh247
5660a0fc-dec9-5e69-8017-3a843b8c2b04,d5928263-fde7-5eab-99c3-00076e0696c7,DGTD,2026,275,tuyensinh247
941ceaff-ef9e-5666-94c9-a4aa8aea22b1,d5928263-fde7-5eab-99c3-00076e0696c7,THPT,2026,275,tuyensinh247
adcd4ce1-34c0-5ce8-84ce-c5b3c0982e10,d1180695-c8de-52f2-aadd-de90132ea7ac,DGNL_HN,2026,460,tuyensinh247
b25ef4a6-7114-500d-9af0-84290caa197c,d1180695-c8de-52f2-aadd-de90132ea7ac,DGTD,2026,460,tuyensinh247
987dc5a1-32f1-5d33-818c-c0888658f663,d1180695-c8de-52f2-aadd-de90132ea7ac,THPT,2026,460,tuyensinh247
9aac815c-dd23-509d-85a3-60c3da1bb620,518b34d2-4ff1-5cd2-8217-25dee919cc6b,DGNL_HN,2026,300,tuyensinh247
6991027a-6897-531f-a708-b1d0ac41894f,518b34d2-4ff1-5cd2-8217-25dee919cc6b,DGTD,2026,300,tuyensinh247
07b4266a-a9c9-5676-8ac6-1114afe26e90,518b34d2-4ff1-5cd2-8217-25dee919cc6b,THPT,2026,300,tuyensinh247
e904e30e-69ca-52ca-8cf7-ec1feb6a2f70,82602978-18f0-592a-8252-69989adc3f25,DGNL_HN,2026,50,tuyensinh247
fd608290-77e5-57bb-9629-550756689788,82602978-18f0-592a-8252-69989adc3f25,DGTD,2026,50,tuyensinh247
c892f7be-94ac-5535-bb12-0d66b6c55554,82602978-18f0-592a-8252-69989adc3f25,THPT,2026,50,tuyensinh247
06b243f1-d378-525b-bd0d-ddd7d6bc7118,82faa07c-c3db-5ca0-bf52-45da76068c1e,DGNL_HN,2026,80,tuyensinh247
8210d21e-5166-5dc9-bd05-c3e958542aad,82faa07c-c3db-5ca0-bf52-45da76068c1e,DGTD,2026,80,tuyensinh247
7d24e9fb-11da-5330-9d28-1c093d2cdcaa,82faa07c-c3db-5ca0-bf52-45da76068c1e,THPT,2026,80,tuyensinh247
83152afd-cc89-5685-a328-587781c640b6,a8c71313-40c4-553c-80ce-8f63c6746c01,DGNL_HN,2026,50,tuyensinh247
6659c975-6305-560a-abcd-b1b0c832c5c5,a8c71313-40c4-553c-80ce-8f63c6746c01,DGTD,2026,50,tuyensinh247
2198970e-b705-5a4d-b132-ffec2279f83a,a8c71313-40c4-553c-80ce-8f63c6746c01,THPT,2026,50,tuyensinh247
eaac198d-4b02-557d-be1c-4ce742995b32,3c9b2fba-4e05-5370-a2e0-70c4d0c50ac3,DGNL_HN,2026,80,tuyensinh247
1f93efcb-b710-5d20-921f-10bc04dfd3ec,3c9b2fba-4e05-5370-a2e0-70c4d0c50ac3,DGTD,2026,80,tuyensinh247
7301da1d-13f3-5990-b4ad-1685e12f78a2,3c9b2fba-4e05-5370-a2e0-70c4d0c50ac3,THPT,2026,80,tuyensinh247
a06a0c9a-c7a2-5ff5-842e-7789de131d50,89568b58-6890-5308-b931-3b4868791dbc,DGNL_HN,2026,80,tuyensinh247
bfbba2b9-d3be-5851-abe9-8d0c1a44398d,89568b58-6890-5308-b931-3b4868791dbc,DGTD,2026,80,tuyensinh247
5cc1badd-6aed-594a-87b2-b7dc49dbef0c,89568b58-6890-5308-b931-3b4868791dbc,THPT,2026,80,tuyensinh247
feba9785-0978-59ef-a7e1-8d9daa1c8827,7495469e-4361-582a-b121-98000f012b5d,DGNL_HN,2026,,tuyensinh247
9335a519-05b1-566c-a344-21dd09a7db46,7495469e-4361-582a-b121-98000f012b5d,THPT,2026,,tuyensinh247
fd45b8f8-ac72-5b2f-81b3-20eef6d6b449,8411b5ab-2272-5f40-9c76-340af422b81f,DGNL_HN,2026,,tuyensinh247
e34751e1-385c-5027-85c4-da37e0990276,8411b5ab-2272-5f40-9c76-340af422b81f,THPT,2026,,tuyensinh247
732e9014-7947-57a7-afcf-333c0fe5fa2d,12bec85b-4c94-5270-8a96-16fcda93efc4,DGNL_HN,2026,,tuyensinh247
6af7c0f0-8bf6-5d34-b3d6-95b9ec833e8a,12bec85b-4c94-5270-8a96-16fcda93efc4,THPT,2026,,tuyensinh247
5e598f97-f42a-55b3-af51-5900dc040499,83956017-e864-54a8-b9c1-75e6681091b5,DGNL_HN,2026,,tuyensinh247
59f3d6c2-714c-59a6-ac64-8902f5879d71,83956017-e864-54a8-b9c1-75e6681091b5,THPT,2026,,tuyensinh247
4a0bddd4-b66a-5635-978f-894d8b1b0b02,f8dc059c-8805-5984-8476-b29ad9607a95,DGNL_HN,2026,,tuyensinh247
a78c0cb9-9c6a-5fcd-8aa9-87b9a0df2cab,f8dc059c-8805-5984-8476-b29ad9607a95,THPT,2026,,tuyensinh247
777d72d1-7991-5594-9435-c93aa3956763,a7eab8d8-2a65-5a4c-b058-8d8f79f10e1e,DGNL_HN,2026,,tuyensinh247
310eb3dd-9222-5115-813b-57ffeac452fd,a7eab8d8-2a65-5a4c-b058-8d8f79f10e1e,THPT,2026,,tuyensinh247
3f090164-ece4-558c-8665-53a3bde75884,75a53920-b599-549d-ba28-8a85a683f9c3,DGNL_HN,2026,,tuyensinh247
20c9715f-3815-574d-8c47-652277eca274,75a53920-b599-549d-ba28-8a85a683f9c3,THPT,2026,,tuyensinh247
4298b178-ec5b-54bf-a9d7-986d716801d2,3c36da1a-796d-5de8-a6ad-13335f687982,DGNL_HN,2026,,tuyensinh247
3a2a04c9-21c2-5e4e-8c16-7e8829a3aea5,3c36da1a-796d-5de8-a6ad-13335f687982,THPT,2026,,tuyensinh247
14180d09-4fc2-5481-aa2b-fa8256ac2723,81a47b50-59ce-5dfd-b9af-a4ae5246fd64,DGNL_HN,2026,,tuyensinh247
d178e6bc-3ce9-5cca-9e5a-1cd719dee2a6,81a47b50-59ce-5dfd-b9af-a4ae5246fd64,THPT,2026,,tuyensinh247
4fc88017-61b7-5269-a557-20594a212493,e2c1fb97-bb32-564b-92de-fd668a807afc,DGNL_HN,2026,120,tuyensinh247
e7b93549-f03f-5ee3-842e-285798917cc6,e2c1fb97-bb32-564b-92de-fd668a807afc,THPT,2026,120,tuyensinh247
4f960d49-8424-56e5-93a9-8a11339d107b,9aec6b3f-616d-506f-936a-0c401af4134c,DGNL_HN,2026,659,tuyensinh247
0f4efdb4-2c36-5449-a0c8-1182b5efbd78,9aec6b3f-616d-506f-936a-0c401af4134c,DGTD,2026,659,tuyensinh247
95a53c18-0d78-53c5-ad9b-e65c79468cda,9aec6b3f-616d-506f-936a-0c401af4134c,THPT,2026,659,tuyensinh247
f460f8fb-105b-5546-bf80-f45d9f7db7f3,2af82e8b-7fe3-56f6-97fc-2ea24d1178da,DGNL_HN,2026,240,tuyensinh247
14333bec-1c70-5fb8-b8c5-85107de6c0b7,2af82e8b-7fe3-56f6-97fc-2ea24d1178da,DGTD,2026,240,tuyensinh247
788e2073-6785-5310-9a01-7dc82dd3ac16,2af82e8b-7fe3-56f6-97fc-2ea24d1178da,THPT,2026,240,tuyensinh247
a642cbf3-f8c0-5103-bcf3-48b8d30a06bc,338b7651-95d8-5983-94f6-01a52c7f123b,DGNL_HN,2026,135,tuyensinh247
2d6f18ff-27e2-5b49-8019-6a0c39a1c3ac,338b7651-95d8-5983-94f6-01a52c7f123b,DGTD,2026,135,tuyensinh247
05569916-f3c9-5f91-a93c-80f30004c254,338b7651-95d8-5983-94f6-01a52c7f123b,THPT,2026,135,tuyensinh247
7671c374-fed0-50a1-96ef-fc4120b794a4,de644031-1ee5-5076-bbe9-b45886dd4f4f,DGNL_HN,2026,540,tuyensinh247
12e0dbc8-e940-5b20-9f2c-7e22d033344a,de644031-1ee5-5076-bbe9-b45886dd4f4f,DGTD,2026,540,tuyensinh247
67dfb2a1-6b51-5ae6-9533-5c603f8acaa3,de644031-1ee5-5076-bbe9-b45886dd4f4f,THPT,2026,540,tuyensinh247
ddb505a7-4a8f-5725-a803-b904061deb86,8dc9107a-67b3-5ba3-851f-9758273428d7,DGNL_HN,2026,130,tuyensinh247
a8475515-0816-534b-8435-65b45e531556,8dc9107a-67b3-5ba3-851f-9758273428d7,DGTD,2026,130,tuyensinh247
ed85867f-582b-55a5-a4e5-6483bdec9a53,8dc9107a-67b3-5ba3-851f-9758273428d7,THPT,2026,130,tuyensinh247
d293558a-c2b9-5475-8cd4-a7854b97ebb8,dbe17242-ef49-5ddf-845e-ccc8cd5a8a80,DGNL_HN,2026,280,tuyensinh247
6533fe8f-da31-5d6d-8d91-ebce31c023d7,dbe17242-ef49-5ddf-845e-ccc8cd5a8a80,DGTD,2026,280,tuyensinh247
081af76b-d684-554d-93c9-7d7a5869788d,dbe17242-ef49-5ddf-845e-ccc8cd5a8a80,THPT,2026,280,tuyensinh247
c8efdc73-265d-5d9d-8f47-64971d9da4ff,00b03a6b-e1eb-54cd-ab41-914b321643b5,DGNL_HN,2026,960,tuyensinh247
10070bed-ab8f-5722-a0ac-ec1774200d5b,00b03a6b-e1eb-54cd-ab41-914b321643b5,DGTD,2026,960,tuyensinh247
7b598f80-6bf4-52db-a6b2-f974e7cacb5e,00b03a6b-e1eb-54cd-ab41-914b321643b5,THPT,2026,960,tuyensinh247
e311fcef-ec5c-529c-a576-fbd5d1da6813,5369c024-d430-501c-9b9c-6d5df9f7422c,DGNL_HN,2026,2065,tuyensinh247
12d9e6a8-d715-564a-aa7c-9c4023d32aa2,5369c024-d430-501c-9b9c-6d5df9f7422c,DGTD,2026,2065,tuyensinh247
28b5b029-9378-5242-94dc-2eb2b9413cb5,5369c024-d430-501c-9b9c-6d5df9f7422c,THPT,2026,2065,tuyensinh247
d65a3637-0409-5bf7-aba5-c249d67cfd28,24fdecaf-e307-5cfc-a120-77f907b910fc,DGNL_HN,2026,120,tuyensinh247
a1b5be69-dab5-5a40-8ea4-d425d86974d6,24fdecaf-e307-5cfc-a120-77f907b910fc,DGTD,2026,120,tuyensinh247
5cabd340-090a-528a-9770-ed396096d3a6,24fdecaf-e307-5cfc-a120-77f907b910fc,THPT,2026,120,tuyensinh247
c47f36e8-569c-559b-8009-5c75a93dacf1,ed5c8b78-f216-54ae-ad9b-e1661572b2a4,DGNL_HN,2026,415,tuyensinh247
936888d6-35cf-5b22-a0a5-2bc0e50c2f9a,ed5c8b78-f216-54ae-ad9b-e1661572b2a4,DGTD,2026,415,tuyensinh247
8e84d7dc-262b-5dd2-b02e-64714a360ea7,ed5c8b78-f216-54ae-ad9b-e1661572b2a4,THPT,2026,415,tuyensinh247
ee72a7b0-9abf-5a3c-8b88-54edaa488e7e,9d40b410-6c3f-5dde-b560-8661480c1650,DGNL_HN,2026,565,tuyensinh247
7b770fa3-29df-5086-b035-d89cce06fc47,9d40b410-6c3f-5dde-b560-8661480c1650,DGTD,2026,565,tuyensinh247
60ebf5d4-2d17-5249-94a4-f94762901fd0,9d40b410-6c3f-5dde-b560-8661480c1650,THPT,2026,565,tuyensinh247
446d4fa2-5c89-5ecb-bd7b-55c747361e6f,aed6cac7-757f-5377-b142-b79af495ed7b,DGNL_HN,2026,220,tuyensinh247
850b07f8-569f-5c47-b55b-cbfb305ed4cd,aed6cac7-757f-5377-b142-b79af495ed7b,DGTD,2026,220,tuyensinh247
dadd7fc1-b461-5406-8545-bc5a6e9c92e5,aed6cac7-757f-5377-b142-b79af495ed7b,THPT,2026,220,tuyensinh247
9e30c73d-0b50-5db8-b90c-5ec07b601928,ca460424-4355-5561-88d2-aee70af7e8c9,DGNL_HN,2026,265,tuyensinh247
43a55864-0ef2-56b0-bf49-3b0763784368,ca460424-4355-5561-88d2-aee70af7e8c9,DGTD,2026,265,tuyensinh247
5cef9794-2819-52df-896b-65c7790b610b,ca460424-4355-5561-88d2-aee70af7e8c9,THPT,2026,265,tuyensinh247
32e28860-ca12-5144-bbd6-fa497e78bdf4,dbbe4b0e-82e5-5a03-ad11-a75b655928ec,DGNL_HN,2026,500,tuyensinh247
817380f7-b14f-553d-8e14-b0ba17d12c2b,dbbe4b0e-82e5-5a03-ad11-a75b655928ec,DGTD,2026,500,tuyensinh247
ab3a287a-c50f-5882-b691-18c2e6c0f482,dbbe4b0e-82e5-5a03-ad11-a75b655928ec,THPT,2026,500,tuyensinh247
90c865ff-1da7-538b-909e-3f4e6191944e,325dee09-18a5-52b6-ac2f-3eeebe255786,DGNL_HN,2026,265,tuyensinh247
107f9289-c986-51c4-9749-1796826b365c,325dee09-18a5-52b6-ac2f-3eeebe255786,DGTD,2026,265,tuyensinh247
c08c7554-20be-5db8-84fb-729088a69bba,325dee09-18a5-52b6-ac2f-3eeebe255786,THPT,2026,265,tuyensinh247
af219722-73fb-5c51-9b5f-a1acb85f77e9,998d62dd-9d13-5bc1-b49d-cbc461b7cf99,DGNL_HN,2026,20,tuyensinh247
e6cb76f4-cd4e-5a14-96ac-8181b237664d,998d62dd-9d13-5bc1-b49d-cbc461b7cf99,DGTD,2026,20,tuyensinh247
e9a1f86a-6cdc-5a93-9ef1-3acc75100820,998d62dd-9d13-5bc1-b49d-cbc461b7cf99,THPT,2026,20,tuyensinh247
89e9cb74-8447-5269-8775-37ed9e32d142,f7bbdfab-5f76-5ee7-b7a6-5851d4b9dbf2,DGNL_HN,2026,395,tuyensinh247
2f6ebecd-486c-5dc0-af72-1404aed9763e,f7bbdfab-5f76-5ee7-b7a6-5851d4b9dbf2,DGTD,2026,395,tuyensinh247
9338940a-3f9f-5783-83ea-61f612d11c79,f7bbdfab-5f76-5ee7-b7a6-5851d4b9dbf2,THPT,2026,395,tuyensinh247
f8803875-dc92-5b39-bd30-db2fd9a57ddb,8536add6-0047-54f9-bc5f-c01b63572137,DGNL_HN,2026,50,tuyensinh247
642061cd-1253-599c-9e43-9d839c8fd4b9,8536add6-0047-54f9-bc5f-c01b63572137,DGTD,2026,50,tuyensinh247
7ca7c0be-6962-51b2-8a82-7514429267c2,8536add6-0047-54f9-bc5f-c01b63572137,THPT,2026,50,tuyensinh247
8aae26e7-d115-5cbb-8a0a-719c5cf5065e,c3131dc4-8bc9-50c4-acb4-d5d65c20c3d0,DGNL_HN,2026,30,tuyensinh247
65c4cb46-b3bd-5d8d-a30d-4d878e1b4577,c3131dc4-8bc9-50c4-acb4-d5d65c20c3d0,DGTD,2026,30,tuyensinh247
27c0ea02-7d82-5c69-86b8-3bc1d88df30b,c3131dc4-8bc9-50c4-acb4-d5d65c20c3d0,THPT,2026,30,tuyensinh247
f86c60f7-88a7-541c-9b70-cfda267fa630,17c8b18d-29d2-52a0-ad65-362a00613788,DGNL_HN,2026,100,tuyensinh247
28df4026-6223-5789-b793-44e539309f33,17c8b18d-29d2-52a0-ad65-362a00613788,DGTD,2026,100,tuyensinh247
91b9ff85-cd2f-58f7-96d1-5cad9986367b,17c8b18d-29d2-52a0-ad65-362a00613788,THPT,2026,100,tuyensinh247
6a928c76-c61d-5409-9886-a84222c33cf5,a2bb1fef-b0a5-5acf-8e03-2838ac56d7eb,DGNL_HN,2026,150,tuyensinh247
bc8bfee6-4c5f-52a1-b79b-c144eb2791aa,a2bb1fef-b0a5-5acf-8e03-2838ac56d7eb,DGTD,2026,150,tuyensinh247
c40266df-0ed1-57b0-ac36-9e6148de0f9c,a2bb1fef-b0a5-5acf-8e03-2838ac56d7eb,THPT,2026,150,tuyensinh247
77e6d5af-3d58-585f-9c15-155b77367dec,dffba81f-f60f-52de-8214-d64cd82970cf,DGNL_HN,2026,50,tuyensinh247
4918d7d1-7a76-5bbf-97d2-bc0b67a55a51,dffba81f-f60f-52de-8214-d64cd82970cf,DGTD,2026,50,tuyensinh247
8e72d716-ec3e-554a-839f-13ee648002d6,dffba81f-f60f-52de-8214-d64cd82970cf,THPT,2026,50,tuyensinh247
4db22d98-e497-584e-bf1c-2a5ed19a00dd,e560aa7d-8a6d-5277-b138-5810953a03ac,DGNL_HN,2026,30,tuyensinh247
00bb2b64-8780-5c9a-95f6-c072ab203ced,e560aa7d-8a6d-5277-b138-5810953a03ac,DGTD,2026,30,tuyensinh247
b7628cae-c459-59e7-ba97-a05d3680a8d7,e560aa7d-8a6d-5277-b138-5810953a03ac,THPT,2026,30,tuyensinh247
340215c0-cbb2-5f4c-9240-e69bcd48fec7,bbf4edfa-210c-5dc3-a051-9430d7ad98fe,DGNL_HN,2026,100,tuyensinh247
08a457f5-9a19-5709-bcbf-1a0710bf50f3,bbf4edfa-210c-5dc3-a051-9430d7ad98fe,DGTD,2026,100,tuyensinh247
bdd55423-3612-5b52-891b-6d20cad7121d,bbf4edfa-210c-5dc3-a051-9430d7ad98fe,THPT,2026,100,tuyensinh247
62c1809b-44e3-5bb6-a1af-ffa99ed707f3,bbf4edfa-210c-5dc3-a051-9430d7ad98fe,XTT,2026,100,tuyensinh247
479e1a1c-d25d-5d65-b1aa-221bffa82b55,6bf75415-f10b-556f-bc2a-5e5fdaf8007f,DGNL_HN,2026,180,tuyensinh247
d1b5f018-4cb7-534c-9e4a-61c9711f4ce7,6bf75415-f10b-556f-bc2a-5e5fdaf8007f,DGTD,2026,180,tuyensinh247
9ba12752-cfc9-52da-8d48-8c3a6afba943,6bf75415-f10b-556f-bc2a-5e5fdaf8007f,THPT,2026,180,tuyensinh247
71588a2a-a777-5445-92eb-75d9b3a9e8b3,6bf75415-f10b-556f-bc2a-5e5fdaf8007f,XTT,2026,180,tuyensinh247
98a5030d-50b4-51ea-913b-befb8b14bc71,bba6dc9e-a801-5356-9a15-6741860c8713,DGNL_HN,2026,100,tuyensinh247
92402a75-b659-528b-b3ac-19499da570d6,bba6dc9e-a801-5356-9a15-6741860c8713,DGTD,2026,100,tuyensinh247
d49ed48f-701a-5e8a-a74c-f6ca30717e50,bba6dc9e-a801-5356-9a15-6741860c8713,THPT,2026,100,tuyensinh247
f8642e32-9ff3-500b-a517-ce55f5310f32,bba6dc9e-a801-5356-9a15-6741860c8713,XTT,2026,100,tuyensinh247
1453cdd0-6054-5921-be73-8c7eb888c393,897fc084-e7f4-5cbb-a47c-2b411f206181,DGNL_HN,2026,120,tuyensinh247
3cd260a1-4c7a-5aca-b586-8b5bbdf07ce1,897fc084-e7f4-5cbb-a47c-2b411f206181,DGTD,2026,120,tuyensinh247
68b9eaa2-242a-5de6-8628-82842bf4e0d3,897fc084-e7f4-5cbb-a47c-2b411f206181,THPT,2026,120,tuyensinh247
ebd5e775-df3d-5151-8a1f-344699ef7f3c,897fc084-e7f4-5cbb-a47c-2b411f206181,XTT,2026,120,tuyensinh247
f056fe87-968a-54bf-987a-83f223b768e1,83c5b734-0acc-51de-b424-26983887d3fb,DGNL_HN,2026,200,tuyensinh247
61b13337-f21b-5a35-845a-9c6e898ff009,83c5b734-0acc-51de-b424-26983887d3fb,DGTD,2026,200,tuyensinh247
971085b4-3593-5e19-9a79-6312bc7b91c1,83c5b734-0acc-51de-b424-26983887d3fb,THPT,2026,200,tuyensinh247
cfecac7f-eb61-554e-bd7c-f35bcfcd9447,83c5b734-0acc-51de-b424-26983887d3fb,XTT,2026,200,tuyensinh247
4b6edd29-7fad-5807-ac68-23f4e94a5a80,2320ec9b-ce42-5d8b-987e-1314e9df6546,DGNL_HN,2026,150,tuyensinh247
c2f7d57f-345e-5aa8-a131-e63261b45b48,2320ec9b-ce42-5d8b-987e-1314e9df6546,DGTD,2026,150,tuyensinh247
bd4401ff-1ac4-5c35-bab4-512d49cd3364,2320ec9b-ce42-5d8b-987e-1314e9df6546,THPT,2026,150,tuyensinh247
c759cf80-51ed-5279-a840-fc3c28147ab3,2320ec9b-ce42-5d8b-987e-1314e9df6546,XTT,2026,150,tuyensinh247
c6f116af-7d87-599d-ab85-e388532d1a3e,89444654-d972-54aa-9816-4b3c54981cd6,DGNL_HN,2026,150,tuyensinh247
c35e21e0-d100-5ba0-8031-fec15e4b8222,89444654-d972-54aa-9816-4b3c54981cd6,DGTD,2026,150,tuyensinh247
ad9b9b00-220f-5d4f-b99e-dfa8a177b354,89444654-d972-54aa-9816-4b3c54981cd6,THPT,2026,150,tuyensinh247
5555dab1-c280-504f-8289-edde580267af,89444654-d972-54aa-9816-4b3c54981cd6,XTT,2026,150,tuyensinh247
8deec5fa-5881-50b0-8c8b-1090a2cfa078,ab6e9b63-8239-594b-b6b3-99fa9cdf839f,DGNL_HCM,2026,,tuyensinh247
0a692de9-5eb9-551f-9efc-2fae542bc27d,ab6e9b63-8239-594b-b6b3-99fa9cdf839f,DGNL_HN,2026,,tuyensinh247
a9c85e45-b734-5b47-a93e-c66a91e04552,ab6e9b63-8239-594b-b6b3-99fa9cdf839f,DGTD,2026,,tuyensinh247
c2f476c2-8fc5-5496-a281-0814ed9048c1,ab6e9b63-8239-594b-b6b3-99fa9cdf839f,THPT,2026,,tuyensinh247
c4e437da-a843-5f5f-8690-ec722fc79032,63ec3450-0b89-5743-88ea-22b0508415d3,DGNL_HCM,2026,,tuyensinh247
6fb25735-282f-549a-b0e3-6c824c9cd991,63ec3450-0b89-5743-88ea-22b0508415d3,DGNL_HN,2026,,tuyensinh247
b6a92328-0094-5290-9ba5-44c5a78ff337,63ec3450-0b89-5743-88ea-22b0508415d3,DGTD,2026,,tuyensinh247
41daf8b1-f28f-584d-a11c-ef1480cfe8fc,63ec3450-0b89-5743-88ea-22b0508415d3,THPT,2026,,tuyensinh247
8cc79111-a3c1-5529-9afa-93bf89330717,bcfd74d3-570d-539e-9fa5-64aca24ce378,DGNL_HCM,2026,,tuyensinh247
d7a7c420-2086-5dac-9297-60ea423ceb29,bcfd74d3-570d-539e-9fa5-64aca24ce378,DGNL_HN,2026,,tuyensinh247
96356ec0-779e-5349-b64c-28bd7276ae71,bcfd74d3-570d-539e-9fa5-64aca24ce378,DGTD,2026,,tuyensinh247
95d1e37c-9534-5adf-a984-c630f16a1c3c,bcfd74d3-570d-539e-9fa5-64aca24ce378,THPT,2026,,tuyensinh247
e960aead-591e-5774-85b0-14c9e2549324,74145ea8-511e-5ec2-a369-de1c06715794,DGNL_HCM,2026,,tuyensinh247
9f49f61c-002f-5485-8f5a-99ec18d9df24,74145ea8-511e-5ec2-a369-de1c06715794,DGNL_HN,2026,,tuyensinh247
50fdd043-9606-512d-bbe8-bbe6d5e9b3d7,74145ea8-511e-5ec2-a369-de1c06715794,DGTD,2026,,tuyensinh247
54c12861-0a84-57d8-80f7-4153eb8a524e,74145ea8-511e-5ec2-a369-de1c06715794,THPT,2026,,tuyensinh247
f52ca8b3-9ec5-5c1c-a8cd-05a85b0aa4fd,6fda3a5d-cccc-5cb7-82dd-0b9c1539263d,DGNL_HCM,2026,,tuyensinh247
6f43d6ce-b836-55ca-a2b6-e965c67d4aeb,6fda3a5d-cccc-5cb7-82dd-0b9c1539263d,DGNL_HN,2026,,tuyensinh247
88a9901e-220c-59df-8aea-6a6b813b2818,6fda3a5d-cccc-5cb7-82dd-0b9c1539263d,DGTD,2026,,tuyensinh247
8f552444-fc74-56fa-87ca-d18c044c92c2,6fda3a5d-cccc-5cb7-82dd-0b9c1539263d,THPT,2026,,tuyensinh247
03a8a7ca-5bf1-5ee2-bf5e-f276d925dc12,7f473b76-dbfc-5bee-8091-fb4da22ee2a3,DGNL_HCM,2026,,tuyensinh247
f3a309de-fd88-56f5-86f3-097b6633934c,7f473b76-dbfc-5bee-8091-fb4da22ee2a3,DGNL_HN,2026,,tuyensinh247
7065d441-1217-55de-a08a-19c6b046aa5e,7f473b76-dbfc-5bee-8091-fb4da22ee2a3,DGTD,2026,,tuyensinh247
4ad3f216-9c8c-5d9a-a8c0-7f5f83b051d4,7f473b76-dbfc-5bee-8091-fb4da22ee2a3,THPT,2026,,tuyensinh247
67344b9e-9a28-518f-80d5-ce73a7f957b0,6dea22f5-4500-5681-a677-9a4282ae2590,DGNL_HCM,2026,,tuyensinh247
b23a6ca2-2947-55f4-8e8e-b23457c067b3,6dea22f5-4500-5681-a677-9a4282ae2590,DGNL_HN,2026,,tuyensinh247
56fb7409-2588-5a77-bafc-511d539ae71e,6dea22f5-4500-5681-a677-9a4282ae2590,DGTD,2026,,tuyensinh247
4c5c7c80-b545-5546-99e7-5d848e69d05c,6dea22f5-4500-5681-a677-9a4282ae2590,THPT,2026,,tuyensinh247
34c4b815-39aa-53e2-aa12-0363b05c844d,41f992b9-8d45-5e18-84e5-dbab83ebdcec,DGNL_HCM,2026,,tuyensinh247
e251527d-969f-561f-812d-ae9f0fcdd115,41f992b9-8d45-5e18-84e5-dbab83ebdcec,DGNL_HN,2026,,tuyensinh247
e1a241bc-f72b-5852-8c8c-8d2e0be43f52,41f992b9-8d45-5e18-84e5-dbab83ebdcec,DGTD,2026,,tuyensinh247
088daaf5-cbe9-5ea0-a15b-86ac080892dc,41f992b9-8d45-5e18-84e5-dbab83ebdcec,THPT,2026,,tuyensinh247
d18bf4b6-715e-57ee-98e6-35835dab1e04,36019355-957e-52f6-98a1-0173df62ba6e,DGNL_HCM,2026,,tuyensinh247
954d54f3-419b-59aa-8b00-d8c89466f5f0,36019355-957e-52f6-98a1-0173df62ba6e,DGNL_HN,2026,,tuyensinh247
1b993577-c21d-51df-ad69-87dffbedaf24,36019355-957e-52f6-98a1-0173df62ba6e,DGTD,2026,,tuyensinh247
73d3811a-2d4b-5262-9f85-9870d5de1fcc,36019355-957e-52f6-98a1-0173df62ba6e,THPT,2026,,tuyensinh247
773e87f8-d3fc-5932-9c97-1aac38b9a226,1775fade-ac35-584f-aaad-4bc3fc0e980b,DGNL_HCM,2026,,tuyensinh247
6a1e013c-c3ab-594c-beb1-504b379ffffc,1775fade-ac35-584f-aaad-4bc3fc0e980b,DGNL_HN,2026,,tuyensinh247
96963fc9-b2fe-511e-b642-38ca20b35332,1775fade-ac35-584f-aaad-4bc3fc0e980b,DGTD,2026,,tuyensinh247
eab04ec4-5be7-56d3-a6f0-87d83ae20fb7,1775fade-ac35-584f-aaad-4bc3fc0e980b,THPT,2026,,tuyensinh247
5fa07511-5e12-5039-b9db-53da5b143555,09c73511-2278-52db-95e4-3cca36701fb2,DGNL_HCM,2026,,tuyensinh247
560b81b3-708c-5c27-88c2-f48957459867,09c73511-2278-52db-95e4-3cca36701fb2,DGNL_HN,2026,,tuyensinh247
d6b3a79a-735b-5fe4-b7e6-28bc033e5c78,09c73511-2278-52db-95e4-3cca36701fb2,DGTD,2026,,tuyensinh247
18f24ef2-2044-54b8-94c7-8da07f80f631,09c73511-2278-52db-95e4-3cca36701fb2,THPT,2026,,tuyensinh247
a9a9b6bc-b0c5-5aa0-804e-fbe81bc00444,3fdc9323-525a-5a11-b176-3e8b89fe2869,DGNL_HCM,2026,,tuyensinh247
0b2c3092-3997-556e-b678-d17b788c7217,3fdc9323-525a-5a11-b176-3e8b89fe2869,DGNL_HN,2026,,tuyensinh247
60f379b1-c417-527c-ae39-e68d5cc613f8,3fdc9323-525a-5a11-b176-3e8b89fe2869,DGTD,2026,,tuyensinh247
8a798419-e890-56f6-81a5-b580047d6d46,3fdc9323-525a-5a11-b176-3e8b89fe2869,THPT,2026,,tuyensinh247
e7220424-45d9-5a32-ab39-389c957a7377,fea91ca1-514f-5afc-aca3-bc2ed2ca31a4,DGNL_HCM,2026,,tuyensinh247
98ed0091-5803-509f-a776-a8703df31b09,fea91ca1-514f-5afc-aca3-bc2ed2ca31a4,DGNL_HN,2026,,tuyensinh247
60466c81-708e-567e-a9da-f2c9c84806f4,fea91ca1-514f-5afc-aca3-bc2ed2ca31a4,DGTD,2026,,tuyensinh247
d3766a9a-11e4-5b32-90ac-2782272c9c26,fea91ca1-514f-5afc-aca3-bc2ed2ca31a4,THPT,2026,,tuyensinh247
3fc7ab0a-3722-522d-9772-4cccb80885a9,e55fa848-cade-5342-917b-e18e54484ac2,DGNL_HCM,2026,,tuyensinh247
e981309f-8df9-5e60-bfa8-c8bc72271743,e55fa848-cade-5342-917b-e18e54484ac2,DGNL_HN,2026,,tuyensinh247
7378dbce-0c13-5b88-9a88-68b31fb251df,e55fa848-cade-5342-917b-e18e54484ac2,DGTD,2026,,tuyensinh247
648ad80a-52ea-5361-92e9-f0ad8008c66e,e55fa848-cade-5342-917b-e18e54484ac2,THPT,2026,,tuyensinh247
6a587084-13a7-598e-832d-bc7fb33e3caf,75df403c-5836-5614-b58a-7b851f91be4e,DGNL_HCM,2026,,tuyensinh247
b6b4f66e-bd6a-5f46-b0e0-c992de341878,75df403c-5836-5614-b58a-7b851f91be4e,DGNL_HN,2026,,tuyensinh247
7855dc72-9c41-55c7-b9ae-d246540fec9c,75df403c-5836-5614-b58a-7b851f91be4e,DGTD,2026,,tuyensinh247
3d056885-6649-5041-804d-53a53daeeb21,75df403c-5836-5614-b58a-7b851f91be4e,THPT,2026,,tuyensinh247
c896fd88-2d57-5c00-a1aa-480a839dba72,84ca3f5b-dad1-54f2-b96e-d5f5090eb82f,DGNL_HCM,2026,,tuyensinh247
c4365b3a-f675-53b2-8c0e-7c74163a8eca,84ca3f5b-dad1-54f2-b96e-d5f5090eb82f,DGNL_HN,2026,,tuyensinh247
e094d5af-8235-500c-bc9b-673c92314caa,84ca3f5b-dad1-54f2-b96e-d5f5090eb82f,DGTD,2026,,tuyensinh247
be7dfea8-ad9b-5379-aef3-e5d91f7dd54b,84ca3f5b-dad1-54f2-b96e-d5f5090eb82f,THPT,2026,,tuyensinh247
22f0af9f-2849-58cb-b937-486a8d1444e2,cc5a17e7-973e-5fea-ab45-535fa6e2807b,DGNL_HCM,2026,,tuyensinh247
493878e1-12e4-5e03-914f-4ba790417e4d,cc5a17e7-973e-5fea-ab45-535fa6e2807b,DGNL_HN,2026,,tuyensinh247
4bf14a96-f0e2-5e87-b7f4-70f1fc9389fc,cc5a17e7-973e-5fea-ab45-535fa6e2807b,DGTD,2026,,tuyensinh247
6ddde7ee-d0b0-5056-b7a3-39ced1e43f66,cc5a17e7-973e-5fea-ab45-535fa6e2807b,THPT,2026,,tuyensinh247
cb7b260d-aa70-5808-b9eb-f62520e6f592,4a8f552b-2634-5901-9dea-66a48a015d59,DGNL_HCM,2026,,tuyensinh247
40d377b0-dd9e-502b-8410-ab59812909b3,4a8f552b-2634-5901-9dea-66a48a015d59,DGNL_HN,2026,,tuyensinh247
a12b3125-e879-5fc6-9086-9a257283decc,4a8f552b-2634-5901-9dea-66a48a015d59,DGTD,2026,,tuyensinh247
e777cc95-b4c8-5609-8990-e3eae9fbb097,4a8f552b-2634-5901-9dea-66a48a015d59,THPT,2026,,tuyensinh247
dcffd472-26c1-5a35-b6b7-3761456a2e5f,86929816-b655-581a-b9b3-4eb6e19f1015,DGNL_HCM,2026,,tuyensinh247
2e89a102-f766-542a-bf1c-c9f08be7e875,86929816-b655-581a-b9b3-4eb6e19f1015,DGNL_HN,2026,,tuyensinh247
5f8da46b-bf4b-54b7-b620-3b9eeea7684d,86929816-b655-581a-b9b3-4eb6e19f1015,DGTD,2026,,tuyensinh247
24ff831e-7c31-5832-bbb8-b3c4b32e291a,86929816-b655-581a-b9b3-4eb6e19f1015,THPT,2026,,tuyensinh247
b413e383-6f07-5a0e-a945-c6622dae92d4,4a66db5e-2192-5e13-b743-c3fe65f6919e,DGNL_HCM,2026,,tuyensinh247
bd25be1c-f2bf-518d-a589-8ec697703e0f,4a66db5e-2192-5e13-b743-c3fe65f6919e,DGNL_HN,2026,,tuyensinh247
4bab8d78-e6b0-501f-926d-87b6a4de8590,4a66db5e-2192-5e13-b743-c3fe65f6919e,DGTD,2026,,tuyensinh247
a66883ce-c996-50c1-a11e-d55d08ee9c41,4a66db5e-2192-5e13-b743-c3fe65f6919e,THPT,2026,,tuyensinh247
2368aa20-61ff-50ab-b619-1024cc725bbb,eddbdd31-5102-54db-b65c-b5b26daaf5fc,DGNL_HN,2026,90,tuyensinh247
d8148fc9-245c-525b-b3e9-e31f7ddd06bd,eddbdd31-5102-54db-b65c-b5b26daaf5fc,DGTD,2026,90,tuyensinh247
c729c6d9-8a82-5f57-bb4a-0fd89965285c,eddbdd31-5102-54db-b65c-b5b26daaf5fc,HBA,2026,90,tuyensinh247
70fed5f1-4732-5d3b-9eae-a4f72e1cb461,eddbdd31-5102-54db-b65c-b5b26daaf5fc,THPT,2026,90,tuyensinh247
e42bb08b-791c-57a2-b927-4f154cc5da4d,49953b80-c47d-5f03-9a8e-503a3d4a9a0d,DGNL_HN,2026,50,tuyensinh247
45051b8d-811a-545f-81f4-264f2de0ddb4,49953b80-c47d-5f03-9a8e-503a3d4a9a0d,DGTD,2026,50,tuyensinh247
6a4d04de-4660-5b50-86e9-d1cd3941ea1d,49953b80-c47d-5f03-9a8e-503a3d4a9a0d,HBA,2026,50,tuyensinh247
7a5b21f9-e6b0-5d05-8dc5-4fd7e3be74bd,49953b80-c47d-5f03-9a8e-503a3d4a9a0d,THPT,2026,50,tuyensinh247
1c65f933-74a6-54e5-9335-27fe08b95f74,487ebdad-de5b-5ab1-8cea-3b38645983fb,DGNL_HN,2026,50,tuyensinh247
e9c6ffc2-5af8-57f5-9091-b430e87f1acc,487ebdad-de5b-5ab1-8cea-3b38645983fb,DGTD,2026,50,tuyensinh247
61084a19-7575-578c-a6cc-8e021309f3d7,487ebdad-de5b-5ab1-8cea-3b38645983fb,HBA,2026,50,tuyensinh247
7c06aaeb-cdc4-5fdd-a440-1c137a696309,487ebdad-de5b-5ab1-8cea-3b38645983fb,THPT,2026,50,tuyensinh247
d96ee618-6113-5fb5-99ca-e7a08cb95d20,7ee811ca-0458-5320-a5c2-61acfe54f44a,DGNL_HN,2026,50,tuyensinh247
52ed4440-1a4a-5978-96a8-54ecde8b9356,7ee811ca-0458-5320-a5c2-61acfe54f44a,DGTD,2026,50,tuyensinh247
8daf2e3a-649d-5510-bebd-bece5919840d,7ee811ca-0458-5320-a5c2-61acfe54f44a,HBA,2026,50,tuyensinh247
5d2d56d2-ebe8-5697-8bce-4379f80501c9,7ee811ca-0458-5320-a5c2-61acfe54f44a,THPT,2026,50,tuyensinh247
652fed7f-9d71-54f0-b55d-e759fc26266d,d6a261da-05c3-5206-9967-789a7bd6516d,DGNL_HN,2026,100,tuyensinh247
f01a9ef0-5b10-5f17-b705-abf5025b786d,d6a261da-05c3-5206-9967-789a7bd6516d,DGTD,2026,100,tuyensinh247
913706d0-fde4-5a04-82b7-5ac84e539a2d,d6a261da-05c3-5206-9967-789a7bd6516d,HBA,2026,100,tuyensinh247
b25529d6-d030-5141-9015-38dad219fb1d,d6a261da-05c3-5206-9967-789a7bd6516d,THPT,2026,100,tuyensinh247
c9d26855-4f7d-55fb-a3ad-2efa713b13b3,a6aa4980-cce8-5fc9-9a60-6b8a222154c3,DGNL_HN,2026,80,tuyensinh247
e0d3218b-1806-50d8-9b62-e72565850811,a6aa4980-cce8-5fc9-9a60-6b8a222154c3,DGTD,2026,80,tuyensinh247
37632d3e-52b4-55a7-9404-fccfd0a3aade,a6aa4980-cce8-5fc9-9a60-6b8a222154c3,HBA,2026,80,tuyensinh247
4a43cd7d-3c79-591c-b541-585223dd38fc,a6aa4980-cce8-5fc9-9a60-6b8a222154c3,THPT,2026,80,tuyensinh247
e7bab452-d31c-5240-b9b8-dbceed35a432,74996915-90bd-554d-a9f7-603bab3f38a8,DGNL_HN,2026,50,tuyensinh247
f67550fc-21a6-5a5e-8d37-500428d06550,74996915-90bd-554d-a9f7-603bab3f38a8,DGTD,2026,50,tuyensinh247
b7faecc2-6d4e-58ae-944b-326e5e8464da,74996915-90bd-554d-a9f7-603bab3f38a8,HBA,2026,50,tuyensinh247
4eb4936b-de78-59a7-a490-08f810b60ad1,74996915-90bd-554d-a9f7-603bab3f38a8,THPT,2026,50,tuyensinh247
68437dc6-895f-5db4-936a-9f22c35645b8,fcf8a187-66c3-5f35-87af-d919a11d107f,DGNL_HN,2026,50,tuyensinh247
a1636669-fada-5032-9998-f76d891ed90d,fcf8a187-66c3-5f35-87af-d919a11d107f,DGTD,2026,50,tuyensinh247
259ff820-f119-5452-9b2d-3de08c49c2ce,fcf8a187-66c3-5f35-87af-d919a11d107f,HBA,2026,50,tuyensinh247
e0ab637a-15e0-55bd-8ddc-7ab77ea03867,fcf8a187-66c3-5f35-87af-d919a11d107f,THPT,2026,50,tuyensinh247
f1f11cd1-3069-5610-a54e-0f68846ad86f,756f33cd-6891-5ebd-9966-57e1e830aecc,DGNL_HN,2026,50,tuyensinh247
e4edd774-c5c7-5c25-9ccd-acb629578e5d,756f33cd-6891-5ebd-9966-57e1e830aecc,DGTD,2026,50,tuyensinh247
2f0d6081-a8d5-57aa-8277-631f0e3ccf10,756f33cd-6891-5ebd-9966-57e1e830aecc,HBA,2026,50,tuyensinh247
b2244d2b-eccc-541e-87c4-4f5987f8f017,756f33cd-6891-5ebd-9966-57e1e830aecc,THPT,2026,50,tuyensinh247
3e474d09-3261-5a41-856c-d51182a4de33,57e03b2e-a250-5776-a464-c320bc87ac6a,DGNL_HN,2026,50,tuyensinh247
7b9cb8c1-79f5-5350-bf6e-643947b61069,57e03b2e-a250-5776-a464-c320bc87ac6a,DGTD,2026,50,tuyensinh247
e5725a19-30cc-59f8-b932-af7e7eb9d011,57e03b2e-a250-5776-a464-c320bc87ac6a,HBA,2026,50,tuyensinh247
0d60cc66-8a31-52f8-82c6-61d8d091dcee,57e03b2e-a250-5776-a464-c320bc87ac6a,THPT,2026,50,tuyensinh247
ab560a4e-e163-58c5-9b47-f181627017cc,b7c9bf71-a441-5e8f-b468-81e4e6b67783,DGNL_HN,2026,180,tuyensinh247
4e5795ce-7c5f-51ab-b48c-3ba763d0ac02,b7c9bf71-a441-5e8f-b468-81e4e6b67783,DGTD,2026,180,tuyensinh247
bb2bc1cc-0080-5532-a003-727e350656c1,b7c9bf71-a441-5e8f-b468-81e4e6b67783,HBA,2026,180,tuyensinh247
68ae7437-39de-5a74-99a1-9f13eb402cf6,b7c9bf71-a441-5e8f-b468-81e4e6b67783,THPT,2026,180,tuyensinh247
7cdd658e-8db1-5029-8bcc-f358daf13941,94d1f37c-8465-5453-b26c-d09ace3a454d,DGNL_HN,2026,100,tuyensinh247
093bd881-4591-53cc-9d3d-62e0e671fa93,94d1f37c-8465-5453-b26c-d09ace3a454d,DGTD,2026,100,tuyensinh247
b59036d5-b90a-5c9b-8df9-169e4f508429,94d1f37c-8465-5453-b26c-d09ace3a454d,HBA,2026,100,tuyensinh247
ff3ed628-61b2-565d-8b5a-eccde7e6673b,94d1f37c-8465-5453-b26c-d09ace3a454d,THPT,2026,100,tuyensinh247
ae071cd8-e4e3-58ac-b37a-958e9626c1b0,2fac890d-070d-5153-8a59-462efcc107a2,DGNL_HN,2026,70,tuyensinh247
e2310a6c-74c2-5b92-94c9-5f07ce8c5b5f,2fac890d-070d-5153-8a59-462efcc107a2,DGTD,2026,70,tuyensinh247
82b2b02d-0ee6-503c-acac-e64da28b2494,2fac890d-070d-5153-8a59-462efcc107a2,HBA,2026,70,tuyensinh247
0abb9ce9-28d6-54d6-b98b-7ac22ee7a0d3,2fac890d-070d-5153-8a59-462efcc107a2,THPT,2026,70,tuyensinh247
e32429ed-0900-59e1-a27f-1ea8fddd876d,f7bd921e-c3cc-55bf-9edd-29fd5d3fe6a7,DGNL_HN,2026,100,tuyensinh247
1cc71c38-1d55-5237-889a-592ba572e67d,f7bd921e-c3cc-55bf-9edd-29fd5d3fe6a7,DGTD,2026,100,tuyensinh247
a3f7e9c4-aca0-5669-80c8-d401503114c8,f7bd921e-c3cc-55bf-9edd-29fd5d3fe6a7,HBA,2026,100,tuyensinh247
eb35d80e-f0a9-51a0-94e0-81203d7b9291,f7bd921e-c3cc-55bf-9edd-29fd5d3fe6a7,THPT,2026,100,tuyensinh247
7863d1e3-3312-52a6-a79d-42dd5e6abdf0,043c460d-f739-5de0-8715-0eea3614be27,DGNL_HN,2026,100,tuyensinh247
4560b236-93d0-5281-ac64-d89cbe9c98a1,043c460d-f739-5de0-8715-0eea3614be27,DGTD,2026,100,tuyensinh247
d9223150-5fa5-5c40-a264-84130d800ad3,043c460d-f739-5de0-8715-0eea3614be27,HBA,2026,100,tuyensinh247
23d1a0fd-9f5f-5212-83e8-a38daef7be0b,043c460d-f739-5de0-8715-0eea3614be27,THPT,2026,100,tuyensinh247
67124cbb-432e-594e-8856-0becb846c06d,4625fd53-5903-5b27-85f7-4ca49dccb207,DGNL_HN,2026,50,tuyensinh247
0d0e3638-b7f3-5141-b9bc-6ee939326b57,4625fd53-5903-5b27-85f7-4ca49dccb207,DGTD,2026,50,tuyensinh247
2ecd4405-adb8-5590-b873-9f295caa3933,4625fd53-5903-5b27-85f7-4ca49dccb207,HBA,2026,50,tuyensinh247
deee9e48-e422-5d5b-a064-a74e92e0abb8,4625fd53-5903-5b27-85f7-4ca49dccb207,THPT,2026,50,tuyensinh247
3ad80466-81f6-5cc0-a43e-733c8bc94801,56904c65-ff57-5eb0-a335-b89fa96a2f1c,DGNL_HN,2026,230,tuyensinh247
66013785-c23f-5831-8f81-e91546a930be,56904c65-ff57-5eb0-a335-b89fa96a2f1c,DGTD,2026,230,tuyensinh247
46fc2d9b-da2e-5c3c-b296-0135c17cf2b1,56904c65-ff57-5eb0-a335-b89fa96a2f1c,HBA,2026,230,tuyensinh247
9b59a3e2-40d2-5e9e-a393-71079d266fc1,56904c65-ff57-5eb0-a335-b89fa96a2f1c,THPT,2026,230,tuyensinh247
c7f3c5c2-b6fa-5def-976d-3e7c3662c0a8,26445a3d-d392-5809-a01a-f08534e8af7c,DGNL_HN,2026,80,tuyensinh247
d8c561e9-9290-5894-bbbb-ff262f7439c5,26445a3d-d392-5809-a01a-f08534e8af7c,DGTD,2026,80,tuyensinh247
655a88cd-1c9d-5448-b8bc-25bfc9c7268b,26445a3d-d392-5809-a01a-f08534e8af7c,HBA,2026,80,tuyensinh247
39561a07-e9b4-537c-afb0-500da53d48c0,26445a3d-d392-5809-a01a-f08534e8af7c,THPT,2026,80,tuyensinh247
393b1b7c-efdf-5163-9cbf-6afbbf00a858,61a007c5-6ccf-5319-b259-d14e92df9b47,DGNL_HN,2026,50,tuyensinh247
d236ce6b-b0c5-55e5-9cc2-3b203d2b600e,61a007c5-6ccf-5319-b259-d14e92df9b47,DGTD,2026,50,tuyensinh247
d597a270-8ab6-5c35-8837-feaac2e2da74,61a007c5-6ccf-5319-b259-d14e92df9b47,HBA,2026,50,tuyensinh247
75a35322-1b3a-5f53-be07-8040d317949d,61a007c5-6ccf-5319-b259-d14e92df9b47,THPT,2026,50,tuyensinh247
a9f84fe3-263a-5f3a-b582-c8fa4515b136,fb70777c-5d53-5ab7-aea5-ea1684071ccb,DGNL_HN,2026,150,tuyensinh247
b623c4b5-ce8e-5619-87dc-6dfa1daa1509,fb70777c-5d53-5ab7-aea5-ea1684071ccb,DGTD,2026,150,tuyensinh247
ce975896-61f0-5319-b47e-0c9737a19cf5,fb70777c-5d53-5ab7-aea5-ea1684071ccb,HBA,2026,150,tuyensinh247
66551383-63dc-5b9b-b81f-65d4cefa88f1,fb70777c-5d53-5ab7-aea5-ea1684071ccb,THPT,2026,150,tuyensinh247
70386cc5-953d-55fe-afeb-aef0e8ee7cd8,3a098d43-9ead-5ee2-af26-07cd5d273b37,DGNL_HN,2026,50,tuyensinh247
335ae883-c5f0-545f-86cf-d6b34582668f,3a098d43-9ead-5ee2-af26-07cd5d273b37,DGTD,2026,50,tuyensinh247
f05e6187-bc87-5d7d-ad5e-2309266da62b,3a098d43-9ead-5ee2-af26-07cd5d273b37,HBA,2026,50,tuyensinh247
960a0028-0a63-5d86-96f1-67b12c7a242b,3a098d43-9ead-5ee2-af26-07cd5d273b37,THPT,2026,50,tuyensinh247
da65e68a-8b08-5aa5-8ff4-baf1c6a6b228,e1546e70-862e-500b-8066-f01a45678010,DGNL_HN,2026,90,tuyensinh247
5c801767-7039-5369-9aad-7e0126c92c76,e1546e70-862e-500b-8066-f01a45678010,DGTD,2026,90,tuyensinh247
6c8435c9-0a15-5a07-9966-68971c251ffb,e1546e70-862e-500b-8066-f01a45678010,HBA,2026,90,tuyensinh247
d4ccbd1d-a2be-5c23-95ed-159a3845decf,e1546e70-862e-500b-8066-f01a45678010,THPT,2026,90,tuyensinh247
fc0bf29f-f32e-54a7-b032-8c37cdb87374,06765ec8-fb2e-5c0a-a085-1ddb049bcbc8,DGNL_HN,2026,50,tuyensinh247
efcc0ee7-9587-5a88-801e-105a34a42508,06765ec8-fb2e-5c0a-a085-1ddb049bcbc8,DGTD,2026,50,tuyensinh247
00c92221-fa78-59d9-8ce9-e45a49042356,06765ec8-fb2e-5c0a-a085-1ddb049bcbc8,HBA,2026,50,tuyensinh247
364b84ce-3f1b-5000-9a2c-55f209119db4,06765ec8-fb2e-5c0a-a085-1ddb049bcbc8,THPT,2026,50,tuyensinh247
47c3a949-2bf2-57ca-97e2-87a299f9c433,f6343f04-428c-5914-a6b1-b1673e6a0662,DGNL_HN,2026,70,tuyensinh247
83b50578-c28b-582e-8095-abf5a7d2f8a1,f6343f04-428c-5914-a6b1-b1673e6a0662,DGTD,2026,70,tuyensinh247
79d0e21b-dbeb-566f-adf3-dc4829a9c5a0,f6343f04-428c-5914-a6b1-b1673e6a0662,HBA,2026,70,tuyensinh247
f0c09481-8bb3-5aba-a96f-8ef17649ba4a,f6343f04-428c-5914-a6b1-b1673e6a0662,THPT,2026,70,tuyensinh247
4b594fdc-0978-5c6b-ae48-451cc16b506c,36815925-f751-54ca-b1e6-8eb0023def0d,DGNL_HN,2026,100,tuyensinh247
db88fc5f-aee6-592a-bd36-df255a49e3f2,36815925-f751-54ca-b1e6-8eb0023def0d,DGTD,2026,100,tuyensinh247
904cabd1-f790-5fde-9c98-ffe622c8b40a,36815925-f751-54ca-b1e6-8eb0023def0d,HBA,2026,100,tuyensinh247
29ed011b-552a-586d-8fff-f74ad5e4d002,36815925-f751-54ca-b1e6-8eb0023def0d,THPT,2026,100,tuyensinh247
9175892a-e6d9-5988-a1fd-c4b26c3f181e,1fb627ce-dd41-5cf6-9cd5-478bdaa585f1,DGNL_HN,2026,40,tuyensinh247
f3cf4002-a65a-543b-89ff-8aad2403be21,1fb627ce-dd41-5cf6-9cd5-478bdaa585f1,DGTD,2026,40,tuyensinh247
ab4000ac-311b-5d4a-86da-69361d28c5b0,1fb627ce-dd41-5cf6-9cd5-478bdaa585f1,HBA,2026,40,tuyensinh247
9535a773-2608-5abd-8b8f-d6f3117b4882,1fb627ce-dd41-5cf6-9cd5-478bdaa585f1,THPT,2026,40,tuyensinh247
7f213ce1-8de4-5ad3-b613-069cb5bb3c6f,6cc7dfab-b68c-54be-8ad1-0fac4bda9782,DGNL_HN,2026,50,tuyensinh247
962ffb0c-1eba-54bc-8545-f8d70da9120e,6cc7dfab-b68c-54be-8ad1-0fac4bda9782,DGTD,2026,50,tuyensinh247
6811bc09-768d-50dd-8848-6d46eee04dee,6cc7dfab-b68c-54be-8ad1-0fac4bda9782,HBA,2026,50,tuyensinh247
4cd61e48-9607-5025-b24e-1a769e029e2f,6cc7dfab-b68c-54be-8ad1-0fac4bda9782,THPT,2026,50,tuyensinh247
e52b3f13-2235-5d66-bcbf-9408dbb045db,30f2a837-4e9b-54cc-a39d-7241d040a8f3,DGNL_HN,2026,50,tuyensinh247
10e2e8be-6d7d-5c98-bdad-2d157be944ad,30f2a837-4e9b-54cc-a39d-7241d040a8f3,DGTD,2026,50,tuyensinh247
4e7a9118-13cb-5700-9026-2ee00db15505,30f2a837-4e9b-54cc-a39d-7241d040a8f3,HBA,2026,50,tuyensinh247
e9596861-283c-53ae-8979-ca56f21257d7,30f2a837-4e9b-54cc-a39d-7241d040a8f3,THPT,2026,50,tuyensinh247
6e7bddea-e85a-5702-91ef-fef6d7b14f09,4d47b1f2-45e8-506f-8603-834bafb63fe0,DGNL_HN,2026,80,tuyensinh247
15852559-d50e-541b-9c00-1e157820bb0d,4d47b1f2-45e8-506f-8603-834bafb63fe0,DGTD,2026,80,tuyensinh247
96f626c3-2fd0-55b9-be27-0b6ec8e8e09e,4d47b1f2-45e8-506f-8603-834bafb63fe0,HBA,2026,80,tuyensinh247
d37e8b6b-6170-5ab7-854a-bd381152fd1c,4d47b1f2-45e8-506f-8603-834bafb63fe0,THPT,2026,80,tuyensinh247
3f4ea718-0b56-5cec-abe5-d61c9ec5ab4e,b5c82eab-f1d6-510f-b15b-f2e201eba418,DGNL_HN,2026,50,tuyensinh247
2b5f3610-7cd8-5892-93a0-5e878c492f42,b5c82eab-f1d6-510f-b15b-f2e201eba418,DGTD,2026,50,tuyensinh247
5fa77364-f9ec-5d6b-b639-8e6c3db652c5,b5c82eab-f1d6-510f-b15b-f2e201eba418,HBA,2026,50,tuyensinh247
cb69dfa1-9e45-5d69-938b-302b4bafc3c3,b5c82eab-f1d6-510f-b15b-f2e201eba418,THPT,2026,50,tuyensinh247
c1652442-6c5e-5bc5-9ecf-ebb152877360,601892a7-f73c-5e23-b6d6-2c0e3a84f4ce,DGNL_HN,2026,50,tuyensinh247
ab1e360b-440f-5de0-b29e-4da3f7057138,601892a7-f73c-5e23-b6d6-2c0e3a84f4ce,DGTD,2026,50,tuyensinh247
4a8c8d6e-0252-5c35-8ce5-000d1a0f0f0f,601892a7-f73c-5e23-b6d6-2c0e3a84f4ce,HBA,2026,50,tuyensinh247
5543ac78-cd44-5e1a-a87b-a94209f8ff70,601892a7-f73c-5e23-b6d6-2c0e3a84f4ce,THPT,2026,50,tuyensinh247
ea9b2d4c-4e7f-5bce-9e84-9e063d0db246,a8a48947-af69-5be7-9f69-50be7db4cf19,DGNL_HN,2026,50,tuyensinh247
5e162c16-c354-575f-b4a7-da32c6d0e907,a8a48947-af69-5be7-9f69-50be7db4cf19,DGTD,2026,50,tuyensinh247
465a99f1-2fa7-59fd-99de-2d6177f37b72,a8a48947-af69-5be7-9f69-50be7db4cf19,HBA,2026,50,tuyensinh247
2edf00ac-dd90-525c-9449-37c4fca9a46d,a8a48947-af69-5be7-9f69-50be7db4cf19,THPT,2026,50,tuyensinh247
c12f3053-e1e1-5617-986f-6c5dd4b896dd,f0039c39-f0ba-5bc7-8673-8b6c63fef7fe,DGNL_HN,2026,100,tuyensinh247
771ea386-42e4-55fb-a9c9-98fe06fdebbd,f0039c39-f0ba-5bc7-8673-8b6c63fef7fe,DGTD,2026,100,tuyensinh247
22267bc8-883e-5809-8263-097077cdbb86,f0039c39-f0ba-5bc7-8673-8b6c63fef7fe,HBA,2026,100,tuyensinh247
95d1e53a-8466-58df-8e89-a5fdc0f550a4,f0039c39-f0ba-5bc7-8673-8b6c63fef7fe,THPT,2026,100,tuyensinh247
65f5d499-eda6-5f8a-b866-b8cbec04045c,345790b8-5653-57f8-b993-8414dbd1d5ab,DGNL_HN,2026,50,tuyensinh247
1600ef57-d551-5923-bd66-2e5769ebeace,345790b8-5653-57f8-b993-8414dbd1d5ab,DGTD,2026,50,tuyensinh247
0efbca68-0a5c-5ccd-b920-6979ee5d195f,345790b8-5653-57f8-b993-8414dbd1d5ab,HBA,2026,50,tuyensinh247
5443bbda-f1a7-58a9-b509-f55589a20b4c,345790b8-5653-57f8-b993-8414dbd1d5ab,THPT,2026,50,tuyensinh247
42a6dfa2-769d-526e-89b9-c02e797230d4,c0f8b0eb-a32a-5c57-b89b-0cc52ef59b3a,DGNL_HN,2026,100,tuyensinh247
38e4860b-f8e0-55c5-8485-14218e323c88,c0f8b0eb-a32a-5c57-b89b-0cc52ef59b3a,DGTD,2026,100,tuyensinh247
a984c719-f59d-51bd-ac4d-6cd25df6df07,c0f8b0eb-a32a-5c57-b89b-0cc52ef59b3a,HBA,2026,100,tuyensinh247
c868efb5-288b-5a8a-ab5c-c57e4e0231a6,c0f8b0eb-a32a-5c57-b89b-0cc52ef59b3a,THPT,2026,100,tuyensinh247
298fdf37-1908-5178-b129-ecb4b15e9645,4dc60f63-a628-5269-9a5c-05f34bdb2bd0,DGNL_HN,2026,50,tuyensinh247
2191b567-cf3b-55eb-a618-347f6329e179,4dc60f63-a628-5269-9a5c-05f34bdb2bd0,DGTD,2026,50,tuyensinh247
77ac3f5c-4e5f-5b71-bf2a-b0180481b5a8,4dc60f63-a628-5269-9a5c-05f34bdb2bd0,HBA,2026,50,tuyensinh247
517ca19c-bfcf-5681-ab5e-8579f05a292c,4dc60f63-a628-5269-9a5c-05f34bdb2bd0,THPT,2026,50,tuyensinh247
3d42e739-f314-5340-8b21-35f3767b32c1,93f5a5a7-37b0-5ca4-8568-ace82765f445,DGNL_HN,2026,50,tuyensinh247
786e9a77-8148-5dcd-ade2-042aec5515d2,93f5a5a7-37b0-5ca4-8568-ace82765f445,DGTD,2026,50,tuyensinh247
7f429dd1-dc70-5171-bc34-88804f57c01a,93f5a5a7-37b0-5ca4-8568-ace82765f445,HBA,2026,50,tuyensinh247
c1a8d387-5294-505c-a8b4-dcdff7e6fa7a,93f5a5a7-37b0-5ca4-8568-ace82765f445,THPT,2026,50,tuyensinh247
870e04cd-c2c0-5a43-8313-f6b35a8b2e5e,3eec0af8-36b2-5556-bae4-fdbaeb37fb3e,DGNL_HN,2026,60,tuyensinh247
10ff0dc4-79b4-57fc-92b3-528383c0d2a3,3eec0af8-36b2-5556-bae4-fdbaeb37fb3e,DGTD,2026,60,tuyensinh247
c9c781b5-c555-56a1-97ba-97a0a94101c9,3eec0af8-36b2-5556-bae4-fdbaeb37fb3e,HBA,2026,60,tuyensinh247
0651d034-cf5a-5c20-9817-f6b3f2aa55de,3eec0af8-36b2-5556-bae4-fdbaeb37fb3e,THPT,2026,60,tuyensinh247
521eab10-22d0-5561-8616-2f01e917f70f,adb5fe98-703d-56ca-8e6e-a76721f9a963,DGNL_HN,2026,50,tuyensinh247
3b219264-84c3-5219-95c4-d8e9b08c585f,adb5fe98-703d-56ca-8e6e-a76721f9a963,DGTD,2026,50,tuyensinh247
3e0df447-3345-5f8e-8fc9-1ec9de442e76,adb5fe98-703d-56ca-8e6e-a76721f9a963,HBA,2026,50,tuyensinh247
e9cb5601-ce6d-5c6c-983b-c9c5307f223a,adb5fe98-703d-56ca-8e6e-a76721f9a963,THPT,2026,50,tuyensinh247
08e6e7c7-43a9-5916-b0d8-b7e9488078b2,63f71498-a92f-5875-a064-5b957f2579cb,DGNL_HN,2026,50,tuyensinh247
16becf5d-ab03-5ec0-bbac-0be83b74bb05,63f71498-a92f-5875-a064-5b957f2579cb,DGTD,2026,50,tuyensinh247
efbcda8d-d569-599d-b74d-a5ae32eab848,63f71498-a92f-5875-a064-5b957f2579cb,HBA,2026,50,tuyensinh247
403942c1-8d2a-5633-8a89-1fb7bc7198ce,63f71498-a92f-5875-a064-5b957f2579cb,THPT,2026,50,tuyensinh247
56295ce7-fb18-5875-8508-54770b1dff07,e4f97efb-98c3-5adf-a849-99f6e89a55e9,DGNL_HN,2026,50,tuyensinh247
755d2261-c268-5c47-aedf-e510d33dbddc,e4f97efb-98c3-5adf-a849-99f6e89a55e9,DGTD,2026,50,tuyensinh247
5400841b-f68c-5aa6-b66b-0ed5e1c9a072,e4f97efb-98c3-5adf-a849-99f6e89a55e9,HBA,2026,50,tuyensinh247
7ac70337-f624-5a3a-90d1-4b7ee854523c,e4f97efb-98c3-5adf-a849-99f6e89a55e9,THPT,2026,50,tuyensinh247
a97e4f0b-69d0-564c-9464-8105a0a40746,e7c57488-f8ba-5411-afe8-fdcdbe9df3ff,DGNL_HN,2026,50,tuyensinh247
d598ce27-97d5-539d-8015-518361895d95,e7c57488-f8ba-5411-afe8-fdcdbe9df3ff,DGTD,2026,50,tuyensinh247
2e261f91-44ba-51df-807c-3175ccfaefff,e7c57488-f8ba-5411-afe8-fdcdbe9df3ff,HBA,2026,50,tuyensinh247
9c4ed311-3808-52f5-b8f8-786bbc068727,e7c57488-f8ba-5411-afe8-fdcdbe9df3ff,THPT,2026,50,tuyensinh247
ef2aa6c0-9a88-5241-9f1d-67cdb8c9e9bf,ee329862-d354-58c1-8690-ffc2f635cdc1,DGNL_HN,2026,55,tuyensinh247
6cac458e-101a-5deb-a925-7d20b9e7913c,ee329862-d354-58c1-8690-ffc2f635cdc1,DGTD,2026,55,tuyensinh247
1692b470-204e-59a3-91f2-0007ee3a7659,ee329862-d354-58c1-8690-ffc2f635cdc1,HBA,2026,55,tuyensinh247
f488377f-3d5d-5499-80a6-7054b20389d3,ee329862-d354-58c1-8690-ffc2f635cdc1,THPT,2026,55,tuyensinh247
305415d7-206c-5518-8375-477f2df386ae,8015f4a8-4389-5b64-9f31-e1f9a449e5e0,DGNL_HN,2026,55,tuyensinh247
31e737db-53df-5f6f-90c7-65d5bcc7c922,8015f4a8-4389-5b64-9f31-e1f9a449e5e0,DGTD,2026,55,tuyensinh247
2c12492a-7996-512b-8e16-37e4aab8a2c9,8015f4a8-4389-5b64-9f31-e1f9a449e5e0,HBA,2026,55,tuyensinh247
199be471-9982-5e1a-b0af-721843c4ed9b,8015f4a8-4389-5b64-9f31-e1f9a449e5e0,THPT,2026,55,tuyensinh247
cff5c26d-cf5f-5f89-956f-1a5c38d72ba5,8ffa9abc-65ef-5004-b8ca-a2413e964bdd,DGNL_HN,2026,55,tuyensinh247
2f50f695-cccd-5fda-a9cc-0a9dd96bde54,8ffa9abc-65ef-5004-b8ca-a2413e964bdd,DGTD,2026,55,tuyensinh247
d50836aa-7660-563f-9eec-fc058a673ec0,8ffa9abc-65ef-5004-b8ca-a2413e964bdd,HBA,2026,55,tuyensinh247
4109d2d5-81c1-517f-96f1-aa69824e335b,8ffa9abc-65ef-5004-b8ca-a2413e964bdd,THPT,2026,55,tuyensinh247
a251265c-917d-5f52-adda-42158c9b0e69,2cef3c13-2bad-5267-a092-6059e26b9150,DGNL_HN,2026,55,tuyensinh247
e50c6a86-8dfc-51ff-b039-6c098703407d,2cef3c13-2bad-5267-a092-6059e26b9150,DGTD,2026,55,tuyensinh247
b09d04f1-603b-5a7e-88eb-4de60d3f8893,2cef3c13-2bad-5267-a092-6059e26b9150,HBA,2026,55,tuyensinh247
454f0be3-e40c-5bc7-854f-8eeae2b7cb72,2cef3c13-2bad-5267-a092-6059e26b9150,THPT,2026,55,tuyensinh247
c8f4cb33-23e5-5251-8cac-5dbaa5985503,ba313832-9591-5c92-a4e9-dc7292d4827a,DGNL_HN,2026,160,tuyensinh247
38e09191-ee4a-5ec5-9425-34b69e457c8b,ba313832-9591-5c92-a4e9-dc7292d4827a,DGTD,2026,160,tuyensinh247
fbb06ef5-bc88-5385-9b08-e7393a8515e8,ba313832-9591-5c92-a4e9-dc7292d4827a,HBA,2026,160,tuyensinh247
5261f38c-7938-5b13-9796-37104d55b8ec,ba313832-9591-5c92-a4e9-dc7292d4827a,THPT,2026,160,tuyensinh247
0108551e-648e-5538-9fb1-8d675aafc9f5,2bc1b9a8-fada-54fb-bb20-440f2c9cdc3e,DGNL_HN,2026,160,tuyensinh247
6831c6d4-02db-5d36-8604-14d331304ae8,2bc1b9a8-fada-54fb-bb20-440f2c9cdc3e,DGTD,2026,160,tuyensinh247
07f42284-3e82-5471-b711-e8c752b4cef0,2bc1b9a8-fada-54fb-bb20-440f2c9cdc3e,HBA,2026,160,tuyensinh247
bde5c685-1b96-5193-a6f8-f037094dc23f,2bc1b9a8-fada-54fb-bb20-440f2c9cdc3e,THPT,2026,160,tuyensinh247
80bd1d75-2545-5b0f-8b07-298d0009fcda,8ebcf6eb-7569-5d4c-9e95-54a3c5ad1958,DGNL_HN,2026,105,tuyensinh247
4ef88f28-a12e-5c2b-a84a-9fc81e52d50c,8ebcf6eb-7569-5d4c-9e95-54a3c5ad1958,DGTD,2026,105,tuyensinh247
7d8d22fd-a91d-56d4-a478-1b008ea7c20c,8ebcf6eb-7569-5d4c-9e95-54a3c5ad1958,HBA,2026,105,tuyensinh247
e9968c3a-1668-5e0a-88b4-81193cf282f5,8ebcf6eb-7569-5d4c-9e95-54a3c5ad1958,THPT,2026,105,tuyensinh247
24f9e2e6-4970-57c7-b023-d4f8d925d848,84818af4-2116-591a-85ef-564dcdce248b,DGNL_HN,2026,160,tuyensinh247
5cc1ec54-e40e-5ea2-9461-07a14e3b44ad,84818af4-2116-591a-85ef-564dcdce248b,DGTD,2026,160,tuyensinh247
d1b87cb7-249d-596f-abde-895d13cb22db,84818af4-2116-591a-85ef-564dcdce248b,HBA,2026,160,tuyensinh247
e575a20f-41ba-5382-a1b7-dc156a6e32e9,84818af4-2116-591a-85ef-564dcdce248b,THPT,2026,160,tuyensinh247
329c59fe-f1fa-5f22-a687-8786455063f1,e5d54189-7811-58f8-8428-f7506edc8737,DGNL_HN,2026,325,tuyensinh247
e7430d6f-8949-5af0-8c6a-1486e4ff0c59,e5d54189-7811-58f8-8428-f7506edc8737,DGTD,2026,325,tuyensinh247
efb1ec95-7c77-5561-bfe9-354bd53c5f68,e5d54189-7811-58f8-8428-f7506edc8737,HBA,2026,325,tuyensinh247
bcfa7b46-6032-57d9-96fd-955225924e45,e5d54189-7811-58f8-8428-f7506edc8737,THPT,2026,325,tuyensinh247
242e03b9-ad29-570b-9e63-bde095b89f5e,d1111263-da2e-5045-a497-b4dd2d05cb33,DGNL_HN,2026,270,tuyensinh247
513bec0a-8a9b-503b-ad77-bb6e664b68f6,d1111263-da2e-5045-a497-b4dd2d05cb33,DGTD,2026,270,tuyensinh247
e92129bd-643e-57f1-8fce-458b18b9517b,d1111263-da2e-5045-a497-b4dd2d05cb33,HBA,2026,270,tuyensinh247
fad40528-4da2-528e-b592-18c7353e7619,d1111263-da2e-5045-a497-b4dd2d05cb33,THPT,2026,270,tuyensinh247
f22971a7-0e0a-559b-a645-4bfa9d2e6d7d,bc550b41-933f-55c3-a4f0-410e3dbe992a,DGNL_HN,2026,165,tuyensinh247
230654ed-e5d8-5885-b217-1fe8c5e3c4be,bc550b41-933f-55c3-a4f0-410e3dbe992a,DGTD,2026,165,tuyensinh247
d25cdcda-6695-577f-bbae-fb16a330c1a0,bc550b41-933f-55c3-a4f0-410e3dbe992a,HBA,2026,165,tuyensinh247
57bcefc6-1d0c-5f54-b77c-dc9b64855ba5,bc550b41-933f-55c3-a4f0-410e3dbe992a,THPT,2026,165,tuyensinh247
f439e396-1723-5eb1-bccc-dfc761c6cfad,2d0d690f-0164-56c0-95e0-edef4c20438d,DGNL_HN,2026,270,tuyensinh247
4bb65751-72c3-50ba-845b-3e29eb535232,2d0d690f-0164-56c0-95e0-edef4c20438d,DGTD,2026,270,tuyensinh247
b4c6b49e-1784-52df-96bd-9ad2fb87d14d,2d0d690f-0164-56c0-95e0-edef4c20438d,HBA,2026,270,tuyensinh247
c629ba2e-1c8d-50fd-81f5-6642e57a3515,2d0d690f-0164-56c0-95e0-edef4c20438d,THPT,2026,270,tuyensinh247
fa271f78-cb6b-5fb4-8205-9d679b1857aa,8a092761-464d-5116-bea6-4de5b158a2db,DGNL_HN,2026,270,tuyensinh247
7fd7fee8-5d77-5f7b-bb66-225a8027fdd9,8a092761-464d-5116-bea6-4de5b158a2db,DGTD,2026,270,tuyensinh247
9eed7176-f181-59d3-bf35-b8af57deb720,8a092761-464d-5116-bea6-4de5b158a2db,HBA,2026,270,tuyensinh247
89c4f1f6-dea6-54e0-80e1-ae0bf69491b5,8a092761-464d-5116-bea6-4de5b158a2db,THPT,2026,270,tuyensinh247
211aeee7-7d1c-5a16-9ee7-8440925bf0a7,948aa820-0e37-5475-a7cc-aa7be7c8623b,DGNL_HN,2026,165,tuyensinh247
a6103743-cf12-561b-837c-e97126ee5249,948aa820-0e37-5475-a7cc-aa7be7c8623b,DGTD,2026,165,tuyensinh247
447977ca-7dde-516d-8575-6848a46e23e6,948aa820-0e37-5475-a7cc-aa7be7c8623b,HBA,2026,165,tuyensinh247
d9c1a27f-3978-5fed-ab75-c11fe9f75e40,948aa820-0e37-5475-a7cc-aa7be7c8623b,THPT,2026,165,tuyensinh247
04769825-ad66-541f-9037-2279e1479e4e,a11963c2-f59f-5166-b1b0-cdb697061444,DGNL_HN,2026,165,tuyensinh247
dc674fe2-45d7-5c94-be89-f0d8f2c9d020,a11963c2-f59f-5166-b1b0-cdb697061444,DGTD,2026,165,tuyensinh247
b570a48a-375f-5b91-be29-efa726376dca,a11963c2-f59f-5166-b1b0-cdb697061444,HBA,2026,165,tuyensinh247
2e0062e5-33c5-531a-9b98-1a50adf1ebac,a11963c2-f59f-5166-b1b0-cdb697061444,THPT,2026,165,tuyensinh247
5dec3175-6bbf-5ba6-87dc-34c789f5361a,4b7cb79c-e80b-5947-8c28-718cd2ac8bf6,DGNL_HN,2026,270,tuyensinh247
f5490a8c-616a-52ef-82a0-4714c80ef0ad,4b7cb79c-e80b-5947-8c28-718cd2ac8bf6,DGTD,2026,270,tuyensinh247
be0bafe2-1c0d-5295-9685-13b5833a47d8,4b7cb79c-e80b-5947-8c28-718cd2ac8bf6,HBA,2026,270,tuyensinh247
af85e2d0-992f-5a3b-ae2b-f9a29518c426,4b7cb79c-e80b-5947-8c28-718cd2ac8bf6,THPT,2026,270,tuyensinh247
658691ac-e71f-5506-a9b4-1f1fa1cf2b98,3c23c4da-a345-5102-a477-a0105f780321,DGNL_HN,2026,110,tuyensinh247
651ababd-3e6b-5886-bb83-b0586c62e3bc,3c23c4da-a345-5102-a477-a0105f780321,DGTD,2026,110,tuyensinh247
e816164d-69e1-5e36-ab7f-2970a7cb38ca,3c23c4da-a345-5102-a477-a0105f780321,HBA,2026,110,tuyensinh247
5dd7afea-685b-5181-81f6-0dd9a305a75f,3c23c4da-a345-5102-a477-a0105f780321,THPT,2026,110,tuyensinh247
e168ec6d-e0b4-5cae-b044-118d30e7ba87,8bc7fecc-bca9-56fd-9635-d921a74621ba,DGNL_HN,2026,90,tuyensinh247
75622255-85ba-52c7-92e7-c800b28c8fcd,8bc7fecc-bca9-56fd-9635-d921a74621ba,DGTD,2026,90,tuyensinh247
16bbf831-9318-547c-8429-5c667ae7ebba,8bc7fecc-bca9-56fd-9635-d921a74621ba,HBA,2026,90,tuyensinh247
8d600a63-103c-5cff-a32e-1b5c0c49b154,8bc7fecc-bca9-56fd-9635-d921a74621ba,THPT,2026,90,tuyensinh247
2860613b-2c46-517a-ab17-a4000277dfd1,88e9bb01-69df-591d-b13b-7ec13f3d9bea,DGNL_HN,2026,50,tuyensinh247
f968889d-d350-5064-a4b0-84319127f4f4,88e9bb01-69df-591d-b13b-7ec13f3d9bea,DGTD,2026,50,tuyensinh247
fd6e6542-eebd-5153-8faa-13add1660d2e,88e9bb01-69df-591d-b13b-7ec13f3d9bea,HBA,2026,50,tuyensinh247
7f398f63-558c-528b-ae12-3d5677773a09,88e9bb01-69df-591d-b13b-7ec13f3d9bea,THPT,2026,50,tuyensinh247
8c303a5a-c3dd-5a0a-8a8e-76642eaa7818,e866dd2e-8a34-5094-b581-425383998cfc,DGNL_HN,2026,90,tuyensinh247
b36e89e3-1ecd-5e2d-97d4-4130113944fe,e866dd2e-8a34-5094-b581-425383998cfc,DGTD,2026,90,tuyensinh247
abbed83f-5497-527e-a0ff-24b74146a597,e866dd2e-8a34-5094-b581-425383998cfc,HBA,2026,90,tuyensinh247
67aa985a-b577-56fa-8188-ef653de84a87,e866dd2e-8a34-5094-b581-425383998cfc,THPT,2026,90,tuyensinh247
abcc9d52-7cf7-5786-bcc2-b6126bca71c8,2759bb0a-9fea-5a2e-b09f-2f75185a3019,DGNL_HN,2026,60,tuyensinh247
eb054801-8622-5452-969c-8e53f419a331,2759bb0a-9fea-5a2e-b09f-2f75185a3019,DGTD,2026,60,tuyensinh247
df8f9aa3-f268-50df-978c-d55a13fc09d6,2759bb0a-9fea-5a2e-b09f-2f75185a3019,HBA,2026,60,tuyensinh247
2fbdffd4-80fd-54e9-b6d0-c38f914b4ad4,2759bb0a-9fea-5a2e-b09f-2f75185a3019,THPT,2026,60,tuyensinh247
ca346cd3-3366-54e8-b6df-209e9c83ec91,74f2c21b-e332-5e88-86b8-56f9e65a8476,DGNL_HN,2026,60,tuyensinh247
d13fa8f6-a730-5ee3-8a3f-26ea5cf3e712,74f2c21b-e332-5e88-86b8-56f9e65a8476,DGTD,2026,60,tuyensinh247
3bf83f8c-ae8a-53a3-a264-e1e73c0c57f6,74f2c21b-e332-5e88-86b8-56f9e65a8476,HBA,2026,60,tuyensinh247
27cf78d3-4ad6-5efd-bc0b-2df5a2e0a2e2,74f2c21b-e332-5e88-86b8-56f9e65a8476,THPT,2026,60,tuyensinh247
05ddd7da-170f-50ff-ba47-f08bde1326f2,951a2078-1a16-5836-854c-952c7c814392,DGNL_HN,2026,60,tuyensinh247
1c15d37c-3a05-5f99-bf6d-c5653757b3b7,951a2078-1a16-5836-854c-952c7c814392,DGTD,2026,60,tuyensinh247
9b74c7b1-07e1-594a-bc35-1f603a197bbc,951a2078-1a16-5836-854c-952c7c814392,HBA,2026,60,tuyensinh247
e34a7228-517c-5138-8a32-263700296cb6,951a2078-1a16-5836-854c-952c7c814392,THPT,2026,60,tuyensinh247
d5ae51cc-1216-51f7-8edc-9453d7eba0fd,dd07671a-f0fc-5e91-a6b2-c55e20b0cc0d,DGNL_HN,2026,70,tuyensinh247
50038105-e611-5ce0-b9e1-fb78a53cd665,dd07671a-f0fc-5e91-a6b2-c55e20b0cc0d,DGTD,2026,70,tuyensinh247
e490c56f-81c2-593e-9967-fb642d384fbb,dd07671a-f0fc-5e91-a6b2-c55e20b0cc0d,HBA,2026,70,tuyensinh247
17864df7-031d-5b2f-bfc4-1c093dbcadcd,dd07671a-f0fc-5e91-a6b2-c55e20b0cc0d,THPT,2026,70,tuyensinh247
e24dd97e-6b7a-5030-a7b2-69358fa9486d,4cf2f402-588d-5b91-b438-6aac6fc912de,DGNL_HN,2026,70,tuyensinh247
47b08e7e-cb68-5ff6-9519-4dfd367e89e3,4cf2f402-588d-5b91-b438-6aac6fc912de,DGTD,2026,70,tuyensinh247
baa3221b-aeac-5d88-b25e-8f92c33057f8,4cf2f402-588d-5b91-b438-6aac6fc912de,HBA,2026,70,tuyensinh247
da50d013-15ce-52ab-94af-a1fee74bb6d0,4cf2f402-588d-5b91-b438-6aac6fc912de,THPT,2026,70,tuyensinh247
2b4519a9-b11a-5136-8929-d05eb96ad16c,3098446e-a151-5fcc-8fbc-32e006ced592,DGNL_HN,2026,100,tuyensinh247
e8944291-6d57-5e1c-a90c-d8c7a9eb672e,3098446e-a151-5fcc-8fbc-32e006ced592,DGTD,2026,100,tuyensinh247
319e9ce2-84ff-50c3-8c37-c1644f7db033,3098446e-a151-5fcc-8fbc-32e006ced592,HBA,2026,100,tuyensinh247
0129c79f-3c2e-50ba-acfc-79fd56805137,3098446e-a151-5fcc-8fbc-32e006ced592,THPT,2026,100,tuyensinh247
d3fbab63-adeb-5892-aba1-2ee96e187fae,6dad1737-63d0-54c3-9c65-4784c40a0227,DGNL_HN,2026,100,tuyensinh247
7dbd7cee-9278-5f7d-9cdc-57e4e89f7b40,6dad1737-63d0-54c3-9c65-4784c40a0227,DGTD,2026,100,tuyensinh247
9031b968-79b0-5eb1-b890-a5257481b097,6dad1737-63d0-54c3-9c65-4784c40a0227,HBA,2026,100,tuyensinh247
7d9d1ac6-9dbc-5ad4-8986-8357b051b6b2,6dad1737-63d0-54c3-9c65-4784c40a0227,THPT,2026,100,tuyensinh247
656388ca-3c93-5a76-896f-8269154c3835,7280e03f-48ec-5dac-bcd4-19856a85c740,DGNL_HN,2026,50,tuyensinh247
e43578e0-9dc4-5af5-8641-ddc31141d01e,7280e03f-48ec-5dac-bcd4-19856a85c740,DGTD,2026,50,tuyensinh247
d91aeb99-69a9-56bf-91ff-5e0a72fd2265,7280e03f-48ec-5dac-bcd4-19856a85c740,HBA,2026,50,tuyensinh247
b5220c9b-c315-59fb-8561-49ac86fc502a,7280e03f-48ec-5dac-bcd4-19856a85c740,THPT,2026,50,tuyensinh247
41de8e34-f1c2-5a69-a23f-e5816e21ef8b,b3941a73-9b5e-51d3-9b1f-20206ada1ae1,DGNL_HN,2026,60,tuyensinh247
c21955c6-18e4-571b-afbf-aba819134906,b3941a73-9b5e-51d3-9b1f-20206ada1ae1,DGTD,2026,60,tuyensinh247
7e0f9049-349e-59b6-88cd-afbf9f291fec,b3941a73-9b5e-51d3-9b1f-20206ada1ae1,HBA,2026,60,tuyensinh247
e4ab02eb-4eb6-52a5-90ba-a583e3c04e3d,b3941a73-9b5e-51d3-9b1f-20206ada1ae1,THPT,2026,60,tuyensinh247
cf8b0d1c-abc2-55d4-a63b-47d06911c76e,d4cdcada-907b-572c-8666-2ea113fd5214,DGNL_HN,2026,90,tuyensinh247
b1db7292-3b3e-5223-952a-729eaf3a6600,d4cdcada-907b-572c-8666-2ea113fd5214,DGTD,2026,90,tuyensinh247
9fc83cea-8767-5411-b9b3-e821372f0ce9,d4cdcada-907b-572c-8666-2ea113fd5214,HBA,2026,90,tuyensinh247
af0c899f-2284-5bac-8825-b85476b24a32,d4cdcada-907b-572c-8666-2ea113fd5214,THPT,2026,90,tuyensinh247
a2dde672-5698-5831-8a18-ea864e86cb8d,d8f97b9f-8267-551d-b2ce-68d184a1cc7e,DGNL_HN,2026,100,tuyensinh247
dbb68dcc-0ee4-5c91-9880-f9b10a88ed18,d8f97b9f-8267-551d-b2ce-68d184a1cc7e,DGTD,2026,100,tuyensinh247
8f6d35e9-1d9e-527c-96de-f0c8aac2a41e,d8f97b9f-8267-551d-b2ce-68d184a1cc7e,HBA,2026,100,tuyensinh247
e8f491d4-734f-5a24-963b-0e2361838363,d8f97b9f-8267-551d-b2ce-68d184a1cc7e,THPT,2026,100,tuyensinh247
2b0f3a00-78d5-59d9-8a1b-e5ff760b4edc,ff236392-72d2-52e8-a0a6-dee19dd123ad,DGNL_HN,2026,70,tuyensinh247
2dfe85dc-48ee-5ade-8ec6-ea5aec790ec2,ff236392-72d2-52e8-a0a6-dee19dd123ad,DGTD,2026,70,tuyensinh247
3b658f9d-b77c-5d9e-bb7d-3d438e34a178,ff236392-72d2-52e8-a0a6-dee19dd123ad,HBA,2026,70,tuyensinh247
49f5e44f-3da1-55c7-a346-e3aa846ff3ad,ff236392-72d2-52e8-a0a6-dee19dd123ad,THPT,2026,70,tuyensinh247
8d95ddf7-6fa2-53ec-8839-37f8da949e24,5160fe3f-2e22-5899-8638-11ecbe5a4a14,DGNL_HN,2026,80,tuyensinh247
d4767f18-0eb1-5efa-aef3-647e69f12845,5160fe3f-2e22-5899-8638-11ecbe5a4a14,DGTD,2026,80,tuyensinh247
11cdf2b7-d5c1-5118-b2f3-80003b2b7b96,5160fe3f-2e22-5899-8638-11ecbe5a4a14,HBA,2026,80,tuyensinh247
99dd3734-43bc-5ab9-a7bb-b0357a850a3d,5160fe3f-2e22-5899-8638-11ecbe5a4a14,THPT,2026,80,tuyensinh247
9010e5c0-65ac-5f67-9275-70207901b015,cdb9269d-98ef-5b34-873e-189b03536ddf,DGNL_HN,2026,50,tuyensinh247
7b809625-e987-5c6a-85fa-7aeed9bae077,cdb9269d-98ef-5b34-873e-189b03536ddf,DGTD,2026,50,tuyensinh247
d7738fd9-c9e5-5b9d-bae9-3090a565d781,cdb9269d-98ef-5b34-873e-189b03536ddf,HBA,2026,50,tuyensinh247
a38b02c0-c176-5c19-9fa2-79fad9bea8b1,cdb9269d-98ef-5b34-873e-189b03536ddf,THPT,2026,50,tuyensinh247
a6ff169a-fd6e-5a69-a0ee-a9dd0db104b4,3ee2f6f3-45f1-5bfc-9d3d-248980e452f4,DGNL_HN,2026,50,tuyensinh247
18f0965b-e170-5730-a31f-19360f256051,3ee2f6f3-45f1-5bfc-9d3d-248980e452f4,DGTD,2026,50,tuyensinh247
008d20c8-013f-5a25-b875-86d7f0a8f23b,3ee2f6f3-45f1-5bfc-9d3d-248980e452f4,HBA,2026,50,tuyensinh247
adebfc7d-9c97-558c-a660-606c2ea02d24,3ee2f6f3-45f1-5bfc-9d3d-248980e452f4,THPT,2026,50,tuyensinh247
51552257-cfaf-5a22-805c-7efb3dd3c18b,1aad0e35-ca6d-54eb-a0af-471bc3f44585,DGNL_HN,2026,50,tuyensinh247
3646cfdc-43cc-5926-ab17-813404fa9a97,1aad0e35-ca6d-54eb-a0af-471bc3f44585,DGTD,2026,50,tuyensinh247
76b950bb-0273-529f-9bc3-cf2577fe058d,1aad0e35-ca6d-54eb-a0af-471bc3f44585,HBA,2026,50,tuyensinh247
24a0c0ba-d6be-5978-94eb-21d23cea054f,1aad0e35-ca6d-54eb-a0af-471bc3f44585,THPT,2026,50,tuyensinh247
6903761d-042e-565a-91cb-92bdb3e8a13d,85862f89-97ee-54e1-9854-f1dad47e2b06,DGNL_HN,2026,50,tuyensinh247
70b4bb0f-82a4-557c-ba5d-ea891c577c6f,85862f89-97ee-54e1-9854-f1dad47e2b06,DGTD,2026,50,tuyensinh247
5cea1fc0-b72a-5aaa-b48d-0f7974b67353,85862f89-97ee-54e1-9854-f1dad47e2b06,HBA,2026,50,tuyensinh247
06b51fae-0851-5063-b4ae-523e293ad6df,85862f89-97ee-54e1-9854-f1dad47e2b06,THPT,2026,50,tuyensinh247
d4b8a03f-7fd9-5568-b2ac-46f1aa414f41,9329110b-055f-58d4-bf59-1679e1b47b9a,DGNL_HN,2026,50,tuyensinh247
bc00022b-e83b-53a1-b773-a77dcbf7a452,9329110b-055f-58d4-bf59-1679e1b47b9a,DGTD,2026,50,tuyensinh247
6b2d4790-436d-5e93-aad1-1d983d3a60a7,9329110b-055f-58d4-bf59-1679e1b47b9a,HBA,2026,50,tuyensinh247
e83c296a-b5c9-5f5e-8766-f309fd1d44dd,9329110b-055f-58d4-bf59-1679e1b47b9a,THPT,2026,50,tuyensinh247
a1363405-1c70-52ba-9381-21f10b33156c,c1a1e16a-35a7-5b18-b79e-318ec673a7c2,DGNL_HN,2026,50,tuyensinh247
3efd9c06-8045-5f61-8d32-b231a43bb454,c1a1e16a-35a7-5b18-b79e-318ec673a7c2,DGTD,2026,50,tuyensinh247
8cd3e93e-6240-5f10-8fc9-5f8abb01ede8,c1a1e16a-35a7-5b18-b79e-318ec673a7c2,HBA,2026,50,tuyensinh247
4ad2ec84-50e6-5cc2-ae40-88d90343e05b,c1a1e16a-35a7-5b18-b79e-318ec673a7c2,THPT,2026,50,tuyensinh247
0801a1a1-0a49-5e8e-a2bd-0a812218fa94,43cb573a-7fbe-5991-ab66-ba04b95dfda8,DGNL_HN,2026,50,tuyensinh247
d01f19ef-a904-5552-8b23-08d666160399,43cb573a-7fbe-5991-ab66-ba04b95dfda8,DGTD,2026,50,tuyensinh247
ca4a3590-f848-5658-9dfa-870e33824073,43cb573a-7fbe-5991-ab66-ba04b95dfda8,HBA,2026,50,tuyensinh247
d39c4245-c325-5405-9111-d9037a81453e,43cb573a-7fbe-5991-ab66-ba04b95dfda8,THPT,2026,50,tuyensinh247
b4f5e33e-6a51-53c6-8bd6-77e91d18cf2a,37fe5b5d-bc05-5425-b643-4795d42c906c,DGNL_HN,2026,40,tuyensinh247
7d695132-d97a-56f5-92f7-13f70648fa0f,37fe5b5d-bc05-5425-b643-4795d42c906c,DGTD,2026,40,tuyensinh247
54a6ded9-8012-5b90-81c5-05147e67a2a7,37fe5b5d-bc05-5425-b643-4795d42c906c,HBA,2026,40,tuyensinh247
4d360873-7ce8-5ce4-a14a-49edc182c6a9,37fe5b5d-bc05-5425-b643-4795d42c906c,THPT,2026,40,tuyensinh247
ba313308-2c0b-5b12-b3da-c633d65e1c62,6053f9c0-6d76-58cb-aee6-576a2d8daad8,DGNL_HN,2026,40,tuyensinh247
87c7edcc-7dc7-5385-b98c-071ea01c40e1,6053f9c0-6d76-58cb-aee6-576a2d8daad8,DGTD,2026,40,tuyensinh247
23ee89d2-c932-5ed4-ac90-cb7d6ed93875,6053f9c0-6d76-58cb-aee6-576a2d8daad8,HBA,2026,40,tuyensinh247
d43e22c0-f9d4-5f84-a771-93ecb50f794d,6053f9c0-6d76-58cb-aee6-576a2d8daad8,THPT,2026,40,tuyensinh247
2381d09d-976f-579a-bf20-e01c7ad62ddc,93ad23bd-4325-5105-86cd-f6b9d7a1e5b2,DGNL_HN,2026,50,tuyensinh247
602e616b-2421-51c1-81ce-f892575607e2,93ad23bd-4325-5105-86cd-f6b9d7a1e5b2,DGTD,2026,50,tuyensinh247
86be7e94-2df5-5663-8b00-2377ace2895e,93ad23bd-4325-5105-86cd-f6b9d7a1e5b2,HBA,2026,50,tuyensinh247
4ebc16a4-94e4-58e5-bda5-bf7af882fbcc,93ad23bd-4325-5105-86cd-f6b9d7a1e5b2,THPT,2026,50,tuyensinh247
547e12fb-aa47-57e8-8d9f-32ec53b9e838,177a6780-85eb-52cd-9c73-acc98dbfe08d,DGNL_HN,2026,50,tuyensinh247
0749de33-7561-5af2-a62c-5ebf9aadaa26,177a6780-85eb-52cd-9c73-acc98dbfe08d,DGTD,2026,50,tuyensinh247
48868d78-bb41-5898-85cc-3bde5a44e332,177a6780-85eb-52cd-9c73-acc98dbfe08d,HBA,2026,50,tuyensinh247
f1ded7b9-119e-5e92-ac52-5bf2ec22350b,177a6780-85eb-52cd-9c73-acc98dbfe08d,THPT,2026,50,tuyensinh247
f572c395-2c06-5314-b6ad-bb48bbb81512,bdd095d1-172a-511a-be29-0834510ef74f,DGNL_HN,2026,40,tuyensinh247
c8a0cf78-b41b-5902-8075-cdb3c7666635,bdd095d1-172a-511a-be29-0834510ef74f,DGTD,2026,40,tuyensinh247
93dd1c0e-5eb4-5c0c-bd34-47124d8d19f9,bdd095d1-172a-511a-be29-0834510ef74f,HBA,2026,40,tuyensinh247
c68221a8-c192-5b82-ac56-db947ba43d1a,bdd095d1-172a-511a-be29-0834510ef74f,THPT,2026,40,tuyensinh247
9366e89a-a8d0-5398-9534-6e14efd7984a,2b3125c3-be09-5eb6-90b7-60e3a594b49b,DGNL_HN,2026,50,tuyensinh247
dd0a8cd5-63ad-5527-85b0-54c012109474,2b3125c3-be09-5eb6-90b7-60e3a594b49b,DGTD,2026,50,tuyensinh247
ec64f67a-e7f4-5c7a-9b83-70a04bdd365b,2b3125c3-be09-5eb6-90b7-60e3a594b49b,HBA,2026,50,tuyensinh247
7103f7e9-8809-5827-ace8-f5b3d0380e62,2b3125c3-be09-5eb6-90b7-60e3a594b49b,THPT,2026,50,tuyensinh247
73e15baf-9266-5f27-895c-240b3226246c,462be2e4-f33e-51a0-96b5-70cdaa86382a,DGNL_HN,2026,50,tuyensinh247
9f8c09ea-555a-5de9-9f67-264997959b3e,462be2e4-f33e-51a0-96b5-70cdaa86382a,DGTD,2026,50,tuyensinh247
c1b4bc8a-f56d-5d5b-9a2d-98d84af22351,462be2e4-f33e-51a0-96b5-70cdaa86382a,HBA,2026,50,tuyensinh247
7cb84638-4830-583e-bcf4-a774bd1ccb4b,462be2e4-f33e-51a0-96b5-70cdaa86382a,THPT,2026,50,tuyensinh247
75bf6a52-66a2-52b5-974a-f3079a7eee46,37663e0e-268b-548f-8faa-f6859a010b1f,DGNL_HN,2026,50,tuyensinh247
8efede55-f713-5229-893c-51cbfc828dc0,37663e0e-268b-548f-8faa-f6859a010b1f,DGTD,2026,50,tuyensinh247
db9fbf5d-429e-5178-bb59-d6b13f82c55c,37663e0e-268b-548f-8faa-f6859a010b1f,HBA,2026,50,tuyensinh247
50419e43-ac0d-54df-80d9-931565733a26,37663e0e-268b-548f-8faa-f6859a010b1f,THPT,2026,50,tuyensinh247
73ce2948-7b0d-5309-ab62-b520255ebbc4,af1e39cb-ded1-5be2-8b33-371c0ae207fb,DGNL_HN,2026,50,tuyensinh247
5fe04506-5921-5ac2-afdd-2bc4d7a2ed87,af1e39cb-ded1-5be2-8b33-371c0ae207fb,DGTD,2026,50,tuyensinh247
5a834988-7bd1-5299-8909-c5a7d7cc9bb2,af1e39cb-ded1-5be2-8b33-371c0ae207fb,HBA,2026,50,tuyensinh247
2ec2d447-368d-5240-8dd4-3212b10b0075,af1e39cb-ded1-5be2-8b33-371c0ae207fb,THPT,2026,50,tuyensinh247
dbbf6bcc-2600-50b6-b13e-4ad81dc8f614,0fcd1719-9f83-5939-9a57-f54bf53c2fb3,DGNL_HN,2026,70,tuyensinh247
134c1388-aa67-5018-9e25-4865849a251d,0fcd1719-9f83-5939-9a57-f54bf53c2fb3,DGTD,2026,70,tuyensinh247
915648d3-9774-51a6-85c4-1a547669750e,0fcd1719-9f83-5939-9a57-f54bf53c2fb3,HBA,2026,70,tuyensinh247
2df65e4c-d227-5b8e-9999-665ad5d6f41c,0fcd1719-9f83-5939-9a57-f54bf53c2fb3,THPT,2026,70,tuyensinh247
76c135a7-dc3b-591d-a701-690db11f6b4b,b3d64516-3d32-5f4e-98e1-6ce6e4cffc05,DGNL_HN,2026,50,tuyensinh247
0599277e-83b1-5069-b215-9ae601865606,b3d64516-3d32-5f4e-98e1-6ce6e4cffc05,DGTD,2026,50,tuyensinh247
90057f5a-f91f-5505-b8c0-65b33590a4fb,b3d64516-3d32-5f4e-98e1-6ce6e4cffc05,HBA,2026,50,tuyensinh247
8575f384-497a-55d4-a0cb-5e7ca7b51fd1,b3d64516-3d32-5f4e-98e1-6ce6e4cffc05,THPT,2026,50,tuyensinh247
2ea72c22-c21c-5be8-9688-6fe2d5540900,4b03e8f9-ec27-5c5d-b51f-eea314567506,DGNL_HN,2026,50,tuyensinh247
b7af8657-cb60-52d6-a0f8-634cc0c1a42e,4b03e8f9-ec27-5c5d-b51f-eea314567506,DGTD,2026,50,tuyensinh247
9915a9c8-95fd-5c7a-85c3-ec64a059cd40,4b03e8f9-ec27-5c5d-b51f-eea314567506,HBA,2026,50,tuyensinh247
5d992df3-8599-5eb8-ae8e-697906798953,4b03e8f9-ec27-5c5d-b51f-eea314567506,THPT,2026,50,tuyensinh247
1b2d066e-1296-5381-9663-04c59a0e7fad,822e1bc6-b787-58d3-aa0e-e562ce61d28f,DGNL_HN,2026,60,tuyensinh247
3d7de4e8-20e2-57bd-9fa1-af3185250250,822e1bc6-b787-58d3-aa0e-e562ce61d28f,DGTD,2026,60,tuyensinh247
df201a24-16e0-527b-8678-13e624937514,822e1bc6-b787-58d3-aa0e-e562ce61d28f,HBA,2026,60,tuyensinh247
12475acb-0086-5ee8-8e7f-b8db4d15d1e1,822e1bc6-b787-58d3-aa0e-e562ce61d28f,THPT,2026,60,tuyensinh247
7fbc1079-ea79-5b48-aaf5-b82a66d7e6ae,abec8927-9f82-518b-854c-ff3b5b685023,DGNL_HN,2026,50,tuyensinh247
5b7f06b6-0e43-58d1-a60c-d4c1a59d3e3d,abec8927-9f82-518b-854c-ff3b5b685023,DGTD,2026,50,tuyensinh247
24fe962f-b4ff-597b-abac-5e115e2f22d2,abec8927-9f82-518b-854c-ff3b5b685023,HBA,2026,50,tuyensinh247
b3c100fb-d39f-5c3f-813e-c24b55de717e,abec8927-9f82-518b-854c-ff3b5b685023,THPT,2026,50,tuyensinh247
5e160a71-7df6-5f09-b671-42b162ac4a3e,75df8d3b-a995-5d7f-b9b6-60e4e4a4d8b3,DGNL_HN,2026,50,tuyensinh247
2e5d8411-6b7a-5f48-954c-bbaca1a50adc,75df8d3b-a995-5d7f-b9b6-60e4e4a4d8b3,DGTD,2026,50,tuyensinh247
74158651-ac28-51d3-a929-9326649ef9c5,75df8d3b-a995-5d7f-b9b6-60e4e4a4d8b3,HBA,2026,50,tuyensinh247
ec925e3d-4576-5b4f-9faa-fd44efadbab6,75df8d3b-a995-5d7f-b9b6-60e4e4a4d8b3,THPT,2026,50,tuyensinh247
36638903-7d3e-5447-ab84-fca28e7dbcbd,7843c6b4-4e25-58ed-90b3-c4f6f47e00ec,DGNL_HN,2026,50,tuyensinh247
136e2f5b-0fd1-5c9f-bcf1-986e32830f5a,7843c6b4-4e25-58ed-90b3-c4f6f47e00ec,DGTD,2026,50,tuyensinh247
38d780f0-0c16-5db9-be77-de13a77715c3,7843c6b4-4e25-58ed-90b3-c4f6f47e00ec,HBA,2026,50,tuyensinh247
abc30a67-71d7-5538-8250-8e2e04cd0867,7843c6b4-4e25-58ed-90b3-c4f6f47e00ec,THPT,2026,50,tuyensinh247
32345503-0c7a-54df-bdf1-b1554952e47f,e6ecbc73-5c70-53ea-a79d-5584daed799f,DGNL_HN,2026,50,tuyensinh247
7ced3a7b-93b6-5175-83f8-d4ae8cd6a04a,e6ecbc73-5c70-53ea-a79d-5584daed799f,DGTD,2026,50,tuyensinh247
9b139646-e6d2-52a9-9abc-028b559925e0,e6ecbc73-5c70-53ea-a79d-5584daed799f,HBA,2026,50,tuyensinh247
8ab1cce4-232d-5175-92a7-446c3d9f927b,e6ecbc73-5c70-53ea-a79d-5584daed799f,THPT,2026,50,tuyensinh247
3fbdfc82-debd-597d-b4ec-11668eac49a8,88702a64-ed58-55dc-80f0-9de9dd365a45,DGNL_HN,2026,55,tuyensinh247
bad9c8de-e584-5acb-904c-61ebcae519a4,88702a64-ed58-55dc-80f0-9de9dd365a45,DGTD,2026,55,tuyensinh247
08de4c24-f6dc-5470-a04c-a37aa8393c63,88702a64-ed58-55dc-80f0-9de9dd365a45,HBA,2026,55,tuyensinh247
730a10ad-cd63-55ef-b639-9ea0e8af117b,88702a64-ed58-55dc-80f0-9de9dd365a45,THPT,2026,55,tuyensinh247
3ec40417-6b0f-57b1-9cad-a7b7b0671f37,78988ca1-f47d-5370-9fc8-0bece6e0160a,DGNL_HN,2026,55,tuyensinh247
83b28de6-7a06-5295-9f6e-be5e73790b73,78988ca1-f47d-5370-9fc8-0bece6e0160a,DGTD,2026,55,tuyensinh247
857bc2ba-aef2-5f01-89ec-0b719c0ff4c2,78988ca1-f47d-5370-9fc8-0bece6e0160a,HBA,2026,55,tuyensinh247
0aa8b994-8d9a-5126-ab98-a2a8bbae6195,78988ca1-f47d-5370-9fc8-0bece6e0160a,THPT,2026,55,tuyensinh247
abc5c573-1b32-5ea7-975c-47548c3a0ac2,a9114def-07cb-5882-a359-26a5b0d25f6b,DGNL_HN,2026,55,tuyensinh247
9bf02a87-23df-57a1-a271-a9617e51104c,a9114def-07cb-5882-a359-26a5b0d25f6b,DGTD,2026,55,tuyensinh247
11d194a5-c222-5b1d-86b8-ca5762c4c9c2,a9114def-07cb-5882-a359-26a5b0d25f6b,HBA,2026,55,tuyensinh247
0049c78e-e30c-5b0a-b39a-d69da3eef82f,a9114def-07cb-5882-a359-26a5b0d25f6b,THPT,2026,55,tuyensinh247
5a588ea4-a798-54fb-8563-6ab74113650b,026e43a3-b989-5747-a81b-4d1569966a58,DGNL_HN,2026,220,tuyensinh247
dce0c884-6d3b-5cba-b87c-90aa66462f9f,026e43a3-b989-5747-a81b-4d1569966a58,DGTD,2026,220,tuyensinh247
82842fef-553d-5a4b-afea-86465c07e57f,026e43a3-b989-5747-a81b-4d1569966a58,HBA,2026,220,tuyensinh247
98ca0e29-8750-50fa-8d80-d831ce7c3670,026e43a3-b989-5747-a81b-4d1569966a58,THPT,2026,220,tuyensinh247
a4913321-7838-5f0c-8faf-1d14e2683f24,8fa94b50-0242-5751-b97c-20c325c43bf8,DGNL_HN,2026,110,tuyensinh247
dcea1c0a-b3c3-50f9-ba03-c8921f011e4b,8fa94b50-0242-5751-b97c-20c325c43bf8,DGTD,2026,110,tuyensinh247
c6b9fdf2-a3a2-531e-ba6a-00c2cba81b84,8fa94b50-0242-5751-b97c-20c325c43bf8,HBA,2026,110,tuyensinh247
0f4948ab-71d8-53ab-9f4f-3bc084fc3bad,8fa94b50-0242-5751-b97c-20c325c43bf8,THPT,2026,110,tuyensinh247
fc75fed3-2d47-5336-83be-dffe07056810,0eb1c653-bf92-5167-aece-089fc30eaac1,DGNL_HN,2026,140,tuyensinh247
c1b33074-e3d2-53bc-8971-a8b13365669c,0eb1c653-bf92-5167-aece-089fc30eaac1,DGTD,2026,140,tuyensinh247
bca95409-9d0c-519e-a81f-2166afee40ee,0eb1c653-bf92-5167-aece-089fc30eaac1,HBA,2026,140,tuyensinh247
3a8c86a9-25ef-5789-a9ce-153aaaf0cb5b,0eb1c653-bf92-5167-aece-089fc30eaac1,THPT,2026,140,tuyensinh247
e97c451a-91b3-5fd5-9b9e-3508787ef838,0eb1c653-bf92-5167-aece-089fc30eaac1,XTT,2026,140,tuyensinh247
684f1652-d281-57e4-9f06-ef9b6d45cb84,9694885a-59be-5178-8fca-bf3fa73bea5f,DGNL_HN,2026,240,tuyensinh247
21ca174d-f6bf-52c3-97c7-8b5585eaed0f,9694885a-59be-5178-8fca-bf3fa73bea5f,DGTD,2026,240,tuyensinh247
c31d7639-9b82-5cee-9562-94b7061c7b8a,9694885a-59be-5178-8fca-bf3fa73bea5f,HBA,2026,240,tuyensinh247
dd6f9de8-5785-587d-8e7e-1b468cfd3897,9694885a-59be-5178-8fca-bf3fa73bea5f,THPT,2026,240,tuyensinh247
c7ac3421-6d91-5295-9a16-17352d6a6549,9694885a-59be-5178-8fca-bf3fa73bea5f,XTT,2026,240,tuyensinh247
59834bd8-fe71-5dc5-90e5-d52734b94d73,fb4c6a70-253b-5532-8c2f-35fc5005d42c,DGNL_HN,2026,30,tuyensinh247
4b6a83df-d55b-5806-8861-8357d5abafc7,fb4c6a70-253b-5532-8c2f-35fc5005d42c,DGTD,2026,30,tuyensinh247
c8c3c33f-c932-5466-872b-d71f8410741a,fb4c6a70-253b-5532-8c2f-35fc5005d42c,HBA,2026,30,tuyensinh247
c039e565-9282-5a58-951e-a2843b38ca0d,fb4c6a70-253b-5532-8c2f-35fc5005d42c,THPT,2026,30,tuyensinh247
abc451bc-19a0-5765-848e-972e1bfeb9de,2dbb3892-a67a-5fd4-9db9-c3e2ab9e8333,DGNL_HN,2026,5,tuyensinh247
54eb40fa-f2f6-5eba-a744-4dd865dcd413,2dbb3892-a67a-5fd4-9db9-c3e2ab9e8333,DGTD,2026,5,tuyensinh247
8a49b279-3b27-5ec5-a311-87c608e03011,2dbb3892-a67a-5fd4-9db9-c3e2ab9e8333,HBA,2026,5,tuyensinh247
f9ace1e4-e7e3-5482-b6c6-e1e9cb66e663,2dbb3892-a67a-5fd4-9db9-c3e2ab9e8333,THPT,2026,5,tuyensinh247
e6641c81-4808-537c-91d0-aee4a1c2cf97,6752a2d2-ecbc-5e18-b8f5-6064a04f5498,DGNL_HN,2026,195,tuyensinh247
b7eb4a75-6b68-5480-b5df-5a6b09925235,6752a2d2-ecbc-5e18-b8f5-6064a04f5498,DGTD,2026,195,tuyensinh247
db020e35-c405-5385-ab7c-ae1d7fe2f094,6752a2d2-ecbc-5e18-b8f5-6064a04f5498,HBA,2026,195,tuyensinh247
fbae35bd-aebb-52c5-8e24-f401314ee128,6752a2d2-ecbc-5e18-b8f5-6064a04f5498,THPT,2026,195,tuyensinh247
00b3bf9b-874a-58f7-83d2-99262164348c,044145dc-436b-523b-98a4-d929ed4fe6c9,DGNL_HN,2026,251,tuyensinh247
3d0aa5dd-3430-50a7-b80d-1431b748319c,044145dc-436b-523b-98a4-d929ed4fe6c9,DGTD,2026,251,tuyensinh247
f4a5596d-97a4-5631-8899-edcb97a0f762,044145dc-436b-523b-98a4-d929ed4fe6c9,HBA,2026,251,tuyensinh247
a5386fca-e764-56ba-9c7d-b27920c4e9c1,044145dc-436b-523b-98a4-d929ed4fe6c9,THPT,2026,251,tuyensinh247
cf75f7d5-8bcc-5df8-b03d-7dfd9823093b,c008a30d-03a7-5522-b79f-dd21c68e0ae7,DGNL_HN,2026,135,tuyensinh247
87334389-641a-5c4a-aa5d-284a5ac0ac71,c008a30d-03a7-5522-b79f-dd21c68e0ae7,DGTD,2026,135,tuyensinh247
a4dd82cf-f790-5037-991a-603b3d09db1b,c008a30d-03a7-5522-b79f-dd21c68e0ae7,HBA,2026,135,tuyensinh247
0350dc62-4aa8-51ec-9b09-9e3249fa81b9,c008a30d-03a7-5522-b79f-dd21c68e0ae7,THPT,2026,135,tuyensinh247
d51d8f98-6724-5cd0-bf65-146399a3b898,52626129-eef2-5f6f-b731-d6b65a0c6581,DGNL_HN,2026,9,tuyensinh247
10b9c379-a7f2-5f22-97f1-b8f3fcd24498,52626129-eef2-5f6f-b731-d6b65a0c6581,DGTD,2026,9,tuyensinh247
dd84ed24-17f2-5863-890a-6642c257aa08,52626129-eef2-5f6f-b731-d6b65a0c6581,HBA,2026,9,tuyensinh247
d06383d2-9ed1-507e-aa33-1b79ac2dfe53,52626129-eef2-5f6f-b731-d6b65a0c6581,THPT,2026,9,tuyensinh247
df4a394b-7f24-57ea-bd32-3bffe554567b,ca12904e-ae12-53ee-a005-f474df59c87e,DGNL_HN,2026,5,tuyensinh247
456631fc-b67c-5b0d-b6ab-39457d931c74,ca12904e-ae12-53ee-a005-f474df59c87e,DGTD,2026,5,tuyensinh247
d86356ee-7f61-5f3f-ab2d-1b41b15ba551,ca12904e-ae12-53ee-a005-f474df59c87e,HBA,2026,5,tuyensinh247
16b7c93a-da2c-5fc0-a06c-9400c78bb245,ca12904e-ae12-53ee-a005-f474df59c87e,THPT,2026,5,tuyensinh247
a25edfed-56f4-522f-af92-3d4cd2b3e18c,5d3c2787-f4f3-5013-957e-7244f143fb7b,DGNL_HN,2026,,tuyensinh247
b971e557-0493-5401-8ccb-42438e5a69b9,5d3c2787-f4f3-5013-957e-7244f143fb7b,DGTD,2026,,tuyensinh247
780bb6ae-d2be-5f0b-8b0f-156e80a0cb25,21b869de-be87-531d-9828-f7ee02d4fd50,DGNL_HN,2026,,tuyensinh247
63139c34-0ae0-5af8-bd06-68569883de19,21b869de-be87-531d-9828-f7ee02d4fd50,DGTD,2026,,tuyensinh247
f304c290-8571-541f-84ae-5a320afb5771,6277ae98-1d5c-5df1-a11e-93eed4e03013,DGNL_HN,2026,,tuyensinh247
9a738bd0-f655-597a-9fb0-a129d22bc93d,6277ae98-1d5c-5df1-a11e-93eed4e03013,DGTD,2026,,tuyensinh247
42b92885-90dc-5f3a-ae67-fc1edcaa216d,ad5353e5-d01e-5ed1-8f52-d9e9f6a79239,DGNL_HN,2026,,tuyensinh247
dd03fa83-c0e6-515c-bde9-13d64e1ddfd7,ad5353e5-d01e-5ed1-8f52-d9e9f6a79239,DGTD,2026,,tuyensinh247
0c580fed-1473-55bf-b93c-18df60e40bc4,6e047dbf-0277-5bce-b74c-80c69eb8ecf7,DGNL_HN,2026,,tuyensinh247
2894bcf0-0841-51c6-b622-929ba0130435,6e047dbf-0277-5bce-b74c-80c69eb8ecf7,DGTD,2026,,tuyensinh247
88b8ee7e-5d94-567d-a5bd-7b5bd54c797a,44770d61-7563-5454-980a-2e7e52421b5e,DGNL_HN,2026,,tuyensinh247
b89558c6-083b-5e0f-97a2-fc842fc277b6,44770d61-7563-5454-980a-2e7e52421b5e,THPT,2026,,tuyensinh247
7160ed8c-0c56-55d3-904a-a9972c5dbc41,975d15e5-13df-582c-b9d3-b587ed7d1991,DGNL_HN,2026,,tuyensinh247
b7756802-697a-5716-9cb2-ba4e0bbb695a,975d15e5-13df-582c-b9d3-b587ed7d1991,THPT,2026,,tuyensinh247
482e841f-d707-5988-bacb-158ac28fe588,57d8f106-ff81-5705-837a-3ea328761e31,DGNL_HN,2026,,tuyensinh247
c3c8d99f-c75e-5484-85c0-7f7b89073fbf,57d8f106-ff81-5705-837a-3ea328761e31,THPT,2026,,tuyensinh247
31b6b2a7-0078-568a-a1f9-d42581d36dd2,909b9226-89ed-536c-b031-89e985eea24b,DGNL_HN,2026,,tuyensinh247
3661dc2b-c097-5e5e-9b21-34d7d6a01716,909b9226-89ed-536c-b031-89e985eea24b,THPT,2026,,tuyensinh247
b6448227-17d4-5407-9d71-f7165a025fdc,9e18b131-02d3-5077-bacc-9ae937fca800,DGNL_HN,2026,,tuyensinh247
3a17017d-d71f-52fd-bac4-81ad42f2d4ee,9e18b131-02d3-5077-bacc-9ae937fca800,THPT,2026,,tuyensinh247
da589632-745e-5fe0-8fcf-18b0601e9ae2,682d7374-e54f-5cab-af40-9947201a5c00,DGNL_HN,2026,,tuyensinh247
06b95f5f-ce93-5c67-8147-f32f50367493,682d7374-e54f-5cab-af40-9947201a5c00,THPT,2026,,tuyensinh247
9143a1b3-e85d-56e4-91ff-e6fc2a57bc20,dfd9c693-9b09-5f6c-a0d7-b92abbb96d2a,DGNL_HN,2026,,tuyensinh247
3fac4031-ef9a-521c-bc1f-6318d03705dd,dfd9c693-9b09-5f6c-a0d7-b92abbb96d2a,DGTD,2026,,tuyensinh247
de8bd8fe-ee97-54a7-9f71-94a3320d6463,63bbfa6d-6b3b-566f-b99b-8a63b045003e,DGNL_HN,2026,,tuyensinh247
6eddb873-d00c-5fac-8797-20bee6f5aca7,63bbfa6d-6b3b-566f-b99b-8a63b045003e,DGTD,2026,,tuyensinh247
5c8ee279-2512-5f64-919f-289da1cdba14,76128287-f635-508d-afe4-166eef71c297,DGNL_HN,2026,,tuyensinh247
f11f0d96-417b-538e-a9ff-4f3f33c1ca57,76128287-f635-508d-afe4-166eef71c297,DGTD,2026,,tuyensinh247
7b1f2e68-ee3d-50dd-8f8d-8980a222bcf4,547d001c-9a2f-58cf-903e-73f6b13e6adc,DGNL_HN,2026,,tuyensinh247
f3b6e233-dbd6-55a7-854f-6a0120bacd4c,547d001c-9a2f-58cf-903e-73f6b13e6adc,DGTD,2026,,tuyensinh247
1b50bdf7-9a00-52a4-b676-af55275b447d,072f9821-8f6f-5abb-bd15-b6a6813aaebb,DGNL_HN,2026,,tuyensinh247
cde0a514-b1bc-53a4-a32d-90bff7b1535a,072f9821-8f6f-5abb-bd15-b6a6813aaebb,DGTD,2026,,tuyensinh247
82f70b15-f53b-5717-891d-1dcea7133387,d6342c10-cff0-5ae1-9bd2-81d601dedae3,DGNL_HN,2026,,tuyensinh247
12c9c7c3-261f-562d-b67c-f05e6b5b6260,d6342c10-cff0-5ae1-9bd2-81d601dedae3,DGTD,2026,,tuyensinh247
8836d041-214b-551a-82f0-14a0c2868937,028fb885-5393-5396-9fb2-882f7576b48a,DGNL_HN,2026,,tuyensinh247
542508e1-ba35-5d69-961a-c2318bcb7686,028fb885-5393-5396-9fb2-882f7576b48a,THPT,2026,,tuyensinh247
e7dcf9ca-b8a0-5977-b148-c147b32d9882,ed70108b-1653-54dd-9b08-98d664c05db8,DGNL_HN,2026,,tuyensinh247
adcf1c9b-7c9e-5705-b45e-71a2abbc3d53,ed70108b-1653-54dd-9b08-98d664c05db8,THPT,2026,,tuyensinh247
92f26a3e-a0e9-59a5-bc4d-56bbb1287ef8,0f75c9be-a755-529f-9d7d-a8eaf858ef6a,DGNL_HN,2026,,tuyensinh247
372dd903-3782-5f2c-bd8c-72a0192df140,0f75c9be-a755-529f-9d7d-a8eaf858ef6a,THPT,2026,,tuyensinh247
d120a5fc-3a41-5f54-85d4-abf97b0275a4,3e86c539-82ed-52c2-9876-f76d2eac3b4e,DGNL_HN,2026,,tuyensinh247
6dc3224d-3a0b-5656-8008-9e1eca5ef5c1,3e86c539-82ed-52c2-9876-f76d2eac3b4e,THPT,2026,,tuyensinh247
9ecdd46a-c7ef-51d7-a2a5-08e98075b3f5,103087f4-7ba5-5e0f-b3af-86a4ee4c058e,DGNL_HN,2026,,tuyensinh247
e8621bae-5499-5614-a05d-ee6ee1215e3e,103087f4-7ba5-5e0f-b3af-86a4ee4c058e,THPT,2026,,tuyensinh247
26bb040a-9136-5ef0-ae96-d276e3dc9ea0,619cf0e2-56fe-5ee3-82d9-a309e82d72f2,DGNL_HN,2026,,tuyensinh247
81c10998-8918-5ed0-a795-c99431c2edf7,619cf0e2-56fe-5ee3-82d9-a309e82d72f2,THPT,2026,,tuyensinh247
36f5eee2-e2b8-53b1-a6ad-ec58fdeac182,c0140df1-8bc9-59d5-9fed-42f26df292f3,DGNL_HN,2026,,tuyensinh247
737491d9-eddf-578a-83a8-f9f530b0c322,c0140df1-8bc9-59d5-9fed-42f26df292f3,THPT,2026,,tuyensinh247
deec05f0-0f36-530f-bed0-07bf192887ea,32c97b44-ee27-5f59-aa74-a856ba05e571,DGNL_HN,2026,,tuyensinh247
c8056af0-e909-537e-aced-6f36ea3a5afe,32c97b44-ee27-5f59-aa74-a856ba05e571,THPT,2026,,tuyensinh247
bc944e8c-808a-5948-b3da-fa0518538d51,9189cde4-bc7e-5ab7-aa15-9356cc82d3fd,DGNL_HN,2026,,tuyensinh247
4bedfe2a-19f7-57b3-a50a-2342882d1011,9189cde4-bc7e-5ab7-aa15-9356cc82d3fd,THPT,2026,,tuyensinh247
736266ce-e9bf-57c2-b2d3-c75ce5aa47a6,709acd0d-58df-5957-b9ab-27d07d03a24b,DGNL_HN,2026,,tuyensinh247
43cc15f2-6916-5ce2-89d8-545195d10e10,709acd0d-58df-5957-b9ab-27d07d03a24b,THPT,2026,,tuyensinh247
2956e0f0-3f68-508a-83f7-20ccd641411e,64d79689-252e-5f99-86ea-85a5ad2af30f,DGNL_HN,2026,,tuyensinh247
38e839ae-8c0f-5f61-8a70-a721feeb814c,64d79689-252e-5f99-86ea-85a5ad2af30f,THPT,2026,,tuyensinh247
15821152-b2ea-50c2-a772-0b5f5d331c16,86ec901c-d2d1-5241-a955-c46378bd6691,DGNL_HN,2026,,tuyensinh247
abc4dca8-1153-5d87-a592-cfb0a0e6c6cd,86ec901c-d2d1-5241-a955-c46378bd6691,THPT,2026,,tuyensinh247
c37fc867-37dd-514b-841a-fb3489721c4f,1ee6484e-e2ff-5e7f-8805-560e941aa9f7,DGNL_HN,2026,,tuyensinh247
a30f2caf-0db8-56d1-be89-4f5c2555618f,1ee6484e-e2ff-5e7f-8805-560e941aa9f7,DGTD,2026,,tuyensinh247
10b4c4fc-763b-5f4e-a17b-36f2f9667b93,1ee6484e-e2ff-5e7f-8805-560e941aa9f7,HBA,2026,,tuyensinh247
77de69b5-cdfa-5907-92f8-4ceb85ff445e,1ee6484e-e2ff-5e7f-8805-560e941aa9f7,THPT,2026,,tuyensinh247
b5a4b583-c192-57f3-9061-937ca7548806,a288c146-c9f1-52f5-9daa-96b176b5ad08,DGNL_HN,2026,60,tuyensinh247
576e69dd-5345-51d7-9d34-4531ac573876,a288c146-c9f1-52f5-9daa-96b176b5ad08,THPT,2026,60,tuyensinh247
281bc5fe-ffa8-54b9-94d2-736caab3bcb4,a288c146-c9f1-52f5-9daa-96b176b5ad08,XTT,2026,60,tuyensinh247
86bb9659-4cee-5cf0-92eb-f1b9f752f6fc,38a24682-a77e-5630-a734-15d47e32d5f7,DGNL_HN,2026,100,tuyensinh247
455792d2-0dc4-581f-882e-627db406a4ee,38a24682-a77e-5630-a734-15d47e32d5f7,THPT,2026,100,tuyensinh247
2b3f2548-c1f0-5e8f-ae35-b5c778ef3716,38a24682-a77e-5630-a734-15d47e32d5f7,XTT,2026,100,tuyensinh247
70c5fd9b-b35f-5eb2-95c0-a89585e461c1,70a2299e-0601-5fb1-b107-deccb02afc2e,DGNL_HN,2026,60,tuyensinh247
0b20dba6-c03b-5ceb-a881-fbb52d320728,70a2299e-0601-5fb1-b107-deccb02afc2e,THPT,2026,60,tuyensinh247
8e1a6d9a-f5b1-51a7-b189-137d62474052,70a2299e-0601-5fb1-b107-deccb02afc2e,XTT,2026,60,tuyensinh247
c24e8e40-f1cb-577c-ac63-e6122acab03f,868b7674-fed2-5ef5-ad1e-963a9cb98c23,DGNL_HN,2026,150,tuyensinh247
630219c4-5f81-5559-8c6a-f1927edd6301,868b7674-fed2-5ef5-ad1e-963a9cb98c23,THPT,2026,150,tuyensinh247
83126e67-ed69-599a-aaab-1f987e0731d3,868b7674-fed2-5ef5-ad1e-963a9cb98c23,XTT,2026,150,tuyensinh247
04b744a7-d943-5603-87c1-35320f15e759,61b7b28c-6b40-5b1b-9da5-c709dcbea3f7,DGNL_HN,2026,60,tuyensinh247
cd58dd98-c9f0-5d58-bf9c-a10983cb697c,61b7b28c-6b40-5b1b-9da5-c709dcbea3f7,THPT,2026,60,tuyensinh247
4c184972-95b4-5a08-bcf1-82dd868816e9,61b7b28c-6b40-5b1b-9da5-c709dcbea3f7,XTT,2026,60,tuyensinh247
d23275d7-ddab-5f88-b24d-cf7997330c36,8ed8a731-afb9-5e55-99ce-0fe7cc75cda8,DGNL_HN,2026,80,tuyensinh247
2f3c0691-ecdd-57cc-b2ac-8984a85b9628,8ed8a731-afb9-5e55-99ce-0fe7cc75cda8,THPT,2026,80,tuyensinh247
233fad41-ba6f-54ba-9def-c16a9732e48f,8ed8a731-afb9-5e55-99ce-0fe7cc75cda8,XTT,2026,80,tuyensinh247
8f19b58c-681f-5532-a40a-077984b31daf,83a9e79f-c9d7-5bc2-bc5a-c57bfdfd931a,DGNL_HN,2026,100,tuyensinh247
a492f1ee-0223-57e9-973b-c0c8989b5aef,83a9e79f-c9d7-5bc2-bc5a-c57bfdfd931a,THPT,2026,100,tuyensinh247
933570fd-15c9-5a0b-a8a4-e8ce6a3396f4,83a9e79f-c9d7-5bc2-bc5a-c57bfdfd931a,XTT,2026,100,tuyensinh247
835cb0c3-365d-5c7e-8efd-da403247ae4d,f9d72388-007b-5ca2-9f8f-5c9faf85cc06,DGNL_HN,2026,300,tuyensinh247
ea7d8607-5868-5720-b1a6-b5d392178a77,f9d72388-007b-5ca2-9f8f-5c9faf85cc06,THPT,2026,300,tuyensinh247
4807937d-aeda-55a6-b626-16fc80eb4447,f9d72388-007b-5ca2-9f8f-5c9faf85cc06,XTT,2026,300,tuyensinh247
be5997df-deb8-511e-935f-e344f897ccc8,18e3cdb7-075b-5177-8bf6-6e3cd1ed07e0,DGNL_HN,2026,60,tuyensinh247
dd530fee-a2b0-5fca-acbc-73df44ac040b,18e3cdb7-075b-5177-8bf6-6e3cd1ed07e0,THPT,2026,60,tuyensinh247
7efa3ab1-8b58-5218-886b-517718a88525,18e3cdb7-075b-5177-8bf6-6e3cd1ed07e0,XTT,2026,60,tuyensinh247
a0d90186-7fa2-5edc-b185-0f30b8e43f31,db39541d-6eb9-527e-9fec-7415e27c40d7,DGNL_HN,2026,60,tuyensinh247
f399d117-a6bf-5902-855d-e01db81a803e,db39541d-6eb9-527e-9fec-7415e27c40d7,THPT,2026,60,tuyensinh247
80c5a13d-9084-50d7-bb4f-792dcedf7a25,db39541d-6eb9-527e-9fec-7415e27c40d7,XTT,2026,60,tuyensinh247
6b27f8cb-6c44-520e-a776-58e2a2ae1ee0,96c421ce-bcd7-5384-ac13-05b5ad59ad9c,DGNL_HN,2026,250,tuyensinh247
6a237b79-fdd1-5103-abc0-210d12aa7245,96c421ce-bcd7-5384-ac13-05b5ad59ad9c,THPT,2026,250,tuyensinh247
3d5295fe-8e34-5d93-a958-0f0aaee6ead1,96c421ce-bcd7-5384-ac13-05b5ad59ad9c,XTT,2026,250,tuyensinh247
ac81b34d-1ae5-5d81-bff9-e75f74a6073f,9537de08-aed5-5952-871f-393206e56c04,DGNL_HN,2026,60,tuyensinh247
e00a2e52-e198-58c5-97c6-14730577950b,9537de08-aed5-5952-871f-393206e56c04,THPT,2026,60,tuyensinh247
67dd536a-33b1-5a62-a031-7a95ef9af353,9537de08-aed5-5952-871f-393206e56c04,XTT,2026,60,tuyensinh247
3647584b-e3dc-544d-92c5-c38c19783b04,c17b774e-0432-5dbb-8784-cf733e311d71,DGNL_HN,2026,280,tuyensinh247
aceb7f86-115c-58b6-9a7f-d984ad9ae363,c17b774e-0432-5dbb-8784-cf733e311d71,THPT,2026,280,tuyensinh247
0cb5a075-2654-5770-a298-c6972273493b,c17b774e-0432-5dbb-8784-cf733e311d71,XTT,2026,280,tuyensinh247
73491178-bf53-5998-9ce9-33d4d76825d9,cb6b1bcf-caa4-584f-a7e8-f6c71fd1d48f,DGNL_HN,2026,60,tuyensinh247
0332a7a3-99ee-5076-acc7-29c2ac32a5cd,cb6b1bcf-caa4-584f-a7e8-f6c71fd1d48f,THPT,2026,60,tuyensinh247
241dfac8-8166-5fe4-8070-8b4bff9bb2e7,cb6b1bcf-caa4-584f-a7e8-f6c71fd1d48f,XTT,2026,60,tuyensinh247
7f91887c-5edb-5b16-ba55-8adc215c7417,46e5abd9-c624-5a1c-9c1c-ff88b20cb0b1,DGNL_HN,2026,330,tuyensinh247
8e783856-1e5f-5851-8108-5f083ba8146e,46e5abd9-c624-5a1c-9c1c-ff88b20cb0b1,THPT,2026,330,tuyensinh247
4afbd451-abee-5735-ab2c-4ff0cdb54679,46e5abd9-c624-5a1c-9c1c-ff88b20cb0b1,XTT,2026,330,tuyensinh247
62686534-8774-5da9-802f-ae6084153cfd,ff907564-5dc5-5676-bb7d-245ebe9ec543,DGNL_HN,2026,100,tuyensinh247
3c17ac03-2041-5dd5-9e29-bef525517a92,ff907564-5dc5-5676-bb7d-245ebe9ec543,THPT,2026,100,tuyensinh247
1607c41e-7226-580f-b8e8-ea7e48aeb358,ff907564-5dc5-5676-bb7d-245ebe9ec543,XTT,2026,100,tuyensinh247
1f5b8c76-552c-5b33-8be3-1382aca3e5a5,059fee07-e8aa-5ae3-8a05-89902a2a8fe7,DGNL_HN,2026,60,tuyensinh247
d04d5758-b13e-5528-a605-36ec54326d6a,059fee07-e8aa-5ae3-8a05-89902a2a8fe7,THPT,2026,60,tuyensinh247
5a6545f0-d345-51d5-bbc3-9ce3b18b381d,059fee07-e8aa-5ae3-8a05-89902a2a8fe7,XTT,2026,60,tuyensinh247
efdee927-b76b-5a65-b651-28d9897822f3,60f67043-dadf-573b-8e7d-244add3e6cff,DGNL_HN,2026,129,tuyensinh247
b88e2814-fca0-5174-a5d8-f099f2c36200,60f67043-dadf-573b-8e7d-244add3e6cff,THPT,2026,129,tuyensinh247
ea3fdc70-3fb7-5891-891f-5b2fb46b8631,6c366bdb-c119-5754-af9e-fa13f2c442a3,DGNL_HN,2026,60,tuyensinh247
ef2ef975-d37e-5af0-a13a-664b114eb569,6c366bdb-c119-5754-af9e-fa13f2c442a3,THPT,2026,60,tuyensinh247
89f17c79-ed3d-5501-9305-c1ef0a88af07,2a7a5652-20af-537d-b92e-fc299383dd2b,DGNL_HN,2026,80,tuyensinh247
aaa07183-25fd-531d-ae29-05ba062878a5,2a7a5652-20af-537d-b92e-fc299383dd2b,THPT,2026,80,tuyensinh247
81eea265-1051-5022-a2eb-8ab632604b6c,2a7a5652-20af-537d-b92e-fc299383dd2b,XTT,2026,80,tuyensinh247
91a5037e-f3c5-5871-b9ff-3d24f1923329,92eaf264-5fcf-52e7-9077-5339f7aef12c,DGNL_HN,2026,60,tuyensinh247
187bedc0-8999-5a46-901d-258738da868b,92eaf264-5fcf-52e7-9077-5339f7aef12c,THPT,2026,60,tuyensinh247
adcf49c8-2f4a-55e5-8ac6-bf029aac8796,92eaf264-5fcf-52e7-9077-5339f7aef12c,XTT,2026,60,tuyensinh247
e3836e3d-91be-5eb3-834d-35c9b1c55234,5a513625-d258-53ba-b0e1-a8dc13e01f1b,DGNL_HN,2026,60,tuyensinh247
2f164642-1406-5e97-9e18-9bb40df3eace,5a513625-d258-53ba-b0e1-a8dc13e01f1b,THPT,2026,60,tuyensinh247
7cda7470-76ff-5f82-9319-6feba0ea751e,5a513625-d258-53ba-b0e1-a8dc13e01f1b,XTT,2026,60,tuyensinh247
da967498-1abd-5f87-bd9c-f9ac2d3071ff,57a3f88d-6210-5f82-92cb-ab82fed89104,DGNL_HN,2026,150,tuyensinh247
3d5f688a-77f8-5ee9-a102-aa76dfbbe048,57a3f88d-6210-5f82-92cb-ab82fed89104,THPT,2026,150,tuyensinh247
ec1d43fc-2f3b-5d08-8779-148d38940b81,57a3f88d-6210-5f82-92cb-ab82fed89104,XTT,2026,150,tuyensinh247
42232002-bb69-55ea-9e8d-3fa3b541cf28,3790a297-f926-5477-9c27-f5460b0695d2,DGNL_HN,2026,100,tuyensinh247
4bb34dcb-78b5-5771-9b0f-1e521eec6fee,3790a297-f926-5477-9c27-f5460b0695d2,THPT,2026,100,tuyensinh247
f72be739-c941-5ba4-8fff-85e198025842,3790a297-f926-5477-9c27-f5460b0695d2,XTT,2026,100,tuyensinh247
d8ee61f3-e735-5d38-aa59-0693b3222572,d45106d2-2b01-5766-8eeb-0bb6affd4f2b,DGNL_HN,2026,180,tuyensinh247
2e85fccb-d0c3-5fe4-b591-d69cd1b93e34,d45106d2-2b01-5766-8eeb-0bb6affd4f2b,THPT,2026,180,tuyensinh247
760f1386-e5cd-52b6-9dec-9ae93ff476b9,d45106d2-2b01-5766-8eeb-0bb6affd4f2b,XTT,2026,180,tuyensinh247
6e77ab56-606e-55d6-8b67-3169c8e07fc3,cdaaf2d8-dea2-5019-80e8-2ef3a7ca08a1,DGNL_HN,2026,60,tuyensinh247
df75a9eb-9df5-5e7e-bef8-1ec1f47c6272,cdaaf2d8-dea2-5019-80e8-2ef3a7ca08a1,DGTD,2026,60,tuyensinh247
8a28f8f4-6754-58e3-b717-814353a8e1e1,cdaaf2d8-dea2-5019-80e8-2ef3a7ca08a1,HBA,2026,60,tuyensinh247
4665d1d4-7b7f-572c-bac7-803391fcb32a,cdaaf2d8-dea2-5019-80e8-2ef3a7ca08a1,THPT,2026,60,tuyensinh247
4fd76cf2-aa65-50fa-b575-3d73813db239,24f109e1-82bb-5207-a6f2-7882c37d1997,DGNL_HN,2026,160,tuyensinh247
1028eeed-d698-558c-90af-e3070e9a224d,24f109e1-82bb-5207-a6f2-7882c37d1997,DGTD,2026,160,tuyensinh247
cece2157-f415-5b98-ae8b-1b0be559c660,24f109e1-82bb-5207-a6f2-7882c37d1997,HBA,2026,160,tuyensinh247
319c4871-9c90-5fae-be0b-e22655479033,24f109e1-82bb-5207-a6f2-7882c37d1997,THPT,2026,160,tuyensinh247
b8e0c4ce-af80-57f0-b2ca-fe03cea19e2d,936e70c3-96a2-5681-968d-ccdb280c2842,DGNL_HN,2026,30,tuyensinh247
a924c304-0d1f-52e7-93bc-2d89526c7371,936e70c3-96a2-5681-968d-ccdb280c2842,DGTD,2026,30,tuyensinh247
dc56d773-5b76-581d-9f5a-801cbfcf2574,936e70c3-96a2-5681-968d-ccdb280c2842,HBA,2026,30,tuyensinh247
58a28c65-9390-5c69-ae22-c9d9282d8def,936e70c3-96a2-5681-968d-ccdb280c2842,THPT,2026,30,tuyensinh247
df807f36-fb2c-50ea-b8bb-b6e373c1ba73,60f01ef6-7962-5e92-9972-607f4a0adfc4,DGNL_HN,2026,60,tuyensinh247
f856cd46-3da2-5de0-bf1e-9ed401a905ac,60f01ef6-7962-5e92-9972-607f4a0adfc4,DGTD,2026,60,tuyensinh247
cad1497e-f4ad-5562-903e-6390f4d4464a,60f01ef6-7962-5e92-9972-607f4a0adfc4,HBA,2026,60,tuyensinh247
2343595b-5f25-54e4-947c-7d004cf6baa5,60f01ef6-7962-5e92-9972-607f4a0adfc4,THPT,2026,60,tuyensinh247
43b653b0-d1d1-5168-8e74-5978a058c9ca,87dec95e-becc-549a-b59a-a10e44b7654e,DGNL_HN,2026,200,tuyensinh247
d9839812-c9b2-5168-93bc-d5dadbb3ecfc,87dec95e-becc-549a-b59a-a10e44b7654e,DGTD,2026,200,tuyensinh247
06d18d96-dae8-51a0-8831-95cb465623c9,87dec95e-becc-549a-b59a-a10e44b7654e,HBA,2026,200,tuyensinh247
5b7f53ff-6b30-5b9d-844c-7a263206865d,87dec95e-becc-549a-b59a-a10e44b7654e,THPT,2026,200,tuyensinh247
e2b9e111-c110-51ce-accc-7a176f349fa6,af57996b-6aa7-588c-b8ef-011863aa9d53,DGNL_HN,2026,30,tuyensinh247
1eab7f42-893f-5f9d-9a52-7a0ee9c5a7fa,af57996b-6aa7-588c-b8ef-011863aa9d53,DGTD,2026,30,tuyensinh247
a59e574b-b0a8-5631-8c86-b390753f2916,af57996b-6aa7-588c-b8ef-011863aa9d53,HBA,2026,30,tuyensinh247
f167e4f2-c9f8-563a-a578-603ab5cb96e2,af57996b-6aa7-588c-b8ef-011863aa9d53,THPT,2026,30,tuyensinh247
6b85a72d-4d1d-5c33-8a63-d3b17464eab2,eadcff6b-ac3c-52e0-8df5-0fb759b6fb68,DGNL_HN,2026,60,tuyensinh247
67930a2d-984a-59b9-83ca-b3905b175086,eadcff6b-ac3c-52e0-8df5-0fb759b6fb68,DGTD,2026,60,tuyensinh247
690b4d3a-63d1-541e-9b22-7e76c61e3478,eadcff6b-ac3c-52e0-8df5-0fb759b6fb68,HBA,2026,60,tuyensinh247
69489f80-ef56-5501-86a2-81ac6a01df7c,eadcff6b-ac3c-52e0-8df5-0fb759b6fb68,THPT,2026,60,tuyensinh247
1a9b8518-d040-5a53-8e82-cb1593ee4d7d,aba14e8e-c0c1-5c89-b914-292ded8faf0d,DGNL_HN,2026,130,tuyensinh247
b4f9859b-f3d9-509d-bf4f-9c2e4fc82024,aba14e8e-c0c1-5c89-b914-292ded8faf0d,DGTD,2026,130,tuyensinh247
85d8dbd5-6d82-54ff-a7e7-cda8f24fbc90,aba14e8e-c0c1-5c89-b914-292ded8faf0d,HBA,2026,130,tuyensinh247
7a82effd-3608-5bb8-97d0-2ad6a3446f80,aba14e8e-c0c1-5c89-b914-292ded8faf0d,THPT,2026,130,tuyensinh247
92163112-c342-56b1-b0d7-ce3107a72259,771e52d1-c302-5ae6-9af6-ea93ff149890,DGNL_HN,2026,130,tuyensinh247
a4e97e27-c7ec-5c9c-af78-0a67bae015a4,771e52d1-c302-5ae6-9af6-ea93ff149890,DGTD,2026,130,tuyensinh247
bb72e7f3-8c59-53e4-b1b7-9b77092f9324,771e52d1-c302-5ae6-9af6-ea93ff149890,HBA,2026,130,tuyensinh247
f56371ce-abbd-5241-96d1-d92a2f2e5deb,771e52d1-c302-5ae6-9af6-ea93ff149890,THPT,2026,130,tuyensinh247
63f22919-50c1-525b-93bc-250edcf07ae8,a393e602-2e46-5de3-8e1a-9dd91fefb338,DGNL_HN,2026,180,tuyensinh247
c004b20f-c6ae-5453-a590-b328494888d1,a393e602-2e46-5de3-8e1a-9dd91fefb338,DGTD,2026,180,tuyensinh247
5144ffb9-e1c6-5a12-9f25-45df7dd7fbb8,a393e602-2e46-5de3-8e1a-9dd91fefb338,HBA,2026,180,tuyensinh247
85aaa977-eeac-5958-aa90-b5acdb80cc3c,a393e602-2e46-5de3-8e1a-9dd91fefb338,THPT,2026,180,tuyensinh247
a7a204f3-8f09-59fd-8e57-2d322c53144d,99144c8b-bdee-5f52-b605-887cdb947783,DGNL_HN,2026,50,tuyensinh247
bbe363bc-7e78-58b4-b5ac-efa711e822e0,99144c8b-bdee-5f52-b605-887cdb947783,DGTD,2026,50,tuyensinh247
defc1c14-191e-559c-9d83-012088785927,99144c8b-bdee-5f52-b605-887cdb947783,HBA,2026,50,tuyensinh247
dcdd9582-5821-5311-8500-8fc5ce2ef8bc,99144c8b-bdee-5f52-b605-887cdb947783,THPT,2026,50,tuyensinh247
a9ecf14f-3489-5b6a-9148-edb95c38cf99,636fe994-2fc4-5009-a9e4-3762510a493b,DGNL_HN,2026,30,tuyensinh247
1f19c989-6d55-5731-9475-884a9e2fd0c2,636fe994-2fc4-5009-a9e4-3762510a493b,DGTD,2026,30,tuyensinh247
7a397546-1571-59b9-8641-65545b866419,636fe994-2fc4-5009-a9e4-3762510a493b,HBA,2026,30,tuyensinh247
899f77ce-b4f3-5392-ba41-876d65ee37d5,636fe994-2fc4-5009-a9e4-3762510a493b,THPT,2026,30,tuyensinh247
503250df-a592-5d05-859e-a845b0b46f58,4f7c0838-1399-5a99-8f35-7ebc3a04c89d,DGNL_HN,2026,30,tuyensinh247
7c80d80d-c4c7-59d4-8a16-6ecdc04ee000,4f7c0838-1399-5a99-8f35-7ebc3a04c89d,DGTD,2026,30,tuyensinh247
a8be785b-1700-53ce-9d22-6904ab5611ff,4f7c0838-1399-5a99-8f35-7ebc3a04c89d,HBA,2026,30,tuyensinh247
e6a1753e-1f2a-5bcb-88ba-ab6494ffc663,4f7c0838-1399-5a99-8f35-7ebc3a04c89d,THPT,2026,30,tuyensinh247
35d4a545-d4b7-515f-af38-92e7085577a0,ae438323-3b39-50b5-8a2c-897b4dd92f00,DGNL_HN,2026,30,tuyensinh247
8544fdaf-6034-51bc-ac01-1f6fc43ca36e,ae438323-3b39-50b5-8a2c-897b4dd92f00,DGTD,2026,30,tuyensinh247
7adb76ad-5ce4-5744-b058-0f39d569235e,ae438323-3b39-50b5-8a2c-897b4dd92f00,HBA,2026,30,tuyensinh247
2297cf3a-9735-540f-a8cb-961ba694a801,ae438323-3b39-50b5-8a2c-897b4dd92f00,THPT,2026,30,tuyensinh247
694db96a-875f-572e-9c45-9a340606fd61,36b4c4d8-5cca-5518-9b0d-ec869718ee3d,DGNL_HN,2026,70,tuyensinh247
df5a73aa-9b58-5d07-8f65-aa14833b0296,36b4c4d8-5cca-5518-9b0d-ec869718ee3d,DGTD,2026,70,tuyensinh247
e0dfa515-1407-5857-9be1-b809d663a245,36b4c4d8-5cca-5518-9b0d-ec869718ee3d,HBA,2026,70,tuyensinh247
80a06c2e-964c-54e6-b22c-c84caed5581a,36b4c4d8-5cca-5518-9b0d-ec869718ee3d,THPT,2026,70,tuyensinh247
2453eb73-8e3d-5428-b2aa-65cae1bf7d39,806db253-9e5c-5cf3-9ab5-d15027613597,DGNL_HN,2026,30,tuyensinh247
6f94f239-08bc-59ce-bf6b-c4773192c448,806db253-9e5c-5cf3-9ab5-d15027613597,DGTD,2026,30,tuyensinh247
a9c1177f-32fa-52ba-93b0-8b1c75c01a11,806db253-9e5c-5cf3-9ab5-d15027613597,HBA,2026,30,tuyensinh247
9b49c4f8-d7ee-582b-b9df-d09f9df61254,806db253-9e5c-5cf3-9ab5-d15027613597,THPT,2026,30,tuyensinh247
b3dcf190-5f64-56b0-9f05-b0c9c39c0dcc,b6d1f586-1d8e-56d5-b3d0-a3bbe8b2ab06,DGNL_HN,2026,30,tuyensinh247
ba102d7f-1452-50ef-b302-4f7ccd25c52a,b6d1f586-1d8e-56d5-b3d0-a3bbe8b2ab06,DGTD,2026,30,tuyensinh247
2717bfef-a3c6-561e-ad8c-3001bf131c51,b6d1f586-1d8e-56d5-b3d0-a3bbe8b2ab06,HBA,2026,30,tuyensinh247
a8419a83-35ee-5079-b473-bb6b1505659b,b6d1f586-1d8e-56d5-b3d0-a3bbe8b2ab06,THPT,2026,30,tuyensinh247
b3b18e94-b9a3-5ace-bf17-ecd58bdee2eb,de6aa5c2-2922-538e-a089-3115575a0a0b,DGNL_HN,2026,30,tuyensinh247
86a2b0c3-8da2-5304-9f0c-e3cc1f4e824b,de6aa5c2-2922-538e-a089-3115575a0a0b,DGTD,2026,30,tuyensinh247
4b713fe7-abcd-581e-8590-8539c1e87370,de6aa5c2-2922-538e-a089-3115575a0a0b,HBA,2026,30,tuyensinh247
ad5ae07d-b399-5991-a278-b4ca85b55b7a,de6aa5c2-2922-538e-a089-3115575a0a0b,THPT,2026,30,tuyensinh247
80acad67-f9cd-5090-9e64-ee38464f535e,4a567c90-5a21-5b1d-bbd6-dd4dc24c4879,DGNL_HN,2026,40,tuyensinh247
292799a2-e25f-52bf-8328-151d51e5bcf7,4a567c90-5a21-5b1d-bbd6-dd4dc24c4879,DGTD,2026,40,tuyensinh247
3c977dc1-de77-538c-965e-94390adf4731,4a567c90-5a21-5b1d-bbd6-dd4dc24c4879,HBA,2026,40,tuyensinh247
8648c412-25ec-571c-9da9-6c333f8a3fbf,4a567c90-5a21-5b1d-bbd6-dd4dc24c4879,THPT,2026,40,tuyensinh247
1f2b04bc-1f48-5252-b1d9-938d7b0ecc44,a2524a8c-a54c-57b2-ad5e-6e5ad3ecae0e,DGNL_HN,2026,30,tuyensinh247
16252ace-ece0-5aa9-aefd-2a168ffe7daf,a2524a8c-a54c-57b2-ad5e-6e5ad3ecae0e,DGTD,2026,30,tuyensinh247
7c8bf5bf-c2b6-5dc9-9790-2305b4914a16,a2524a8c-a54c-57b2-ad5e-6e5ad3ecae0e,HBA,2026,30,tuyensinh247
427dbc44-6dac-592a-998d-91b074d61d45,a2524a8c-a54c-57b2-ad5e-6e5ad3ecae0e,THPT,2026,30,tuyensinh247
8caa1513-18dc-59e3-955a-f20e2f09975e,5f1e6133-e207-5ed4-808d-bd10294849f9,DGNL_HN,2026,90,tuyensinh247
93b36893-83be-5aa4-859b-8b811398c183,5f1e6133-e207-5ed4-808d-bd10294849f9,DGTD,2026,90,tuyensinh247
bb4b3cc5-a916-500a-9e8b-ddab3b278699,5f1e6133-e207-5ed4-808d-bd10294849f9,HBA,2026,90,tuyensinh247
c875d78b-2ac7-555b-9b71-c5513831da6f,5f1e6133-e207-5ed4-808d-bd10294849f9,THPT,2026,90,tuyensinh247
669e39fb-bf92-592b-9734-d4413e67b575,60559cf7-e495-548c-8614-32c67d398197,DGNL_HN,2026,90,tuyensinh247
73cefa4a-1b05-5402-b73b-cf688018f958,60559cf7-e495-548c-8614-32c67d398197,DGTD,2026,90,tuyensinh247
7b0ca2ae-4a26-5844-8ae8-770776245cca,60559cf7-e495-548c-8614-32c67d398197,HBA,2026,90,tuyensinh247
8e35f729-2d4e-57d2-a548-e7f9496119ad,60559cf7-e495-548c-8614-32c67d398197,THPT,2026,90,tuyensinh247
e7c130af-99c1-5b26-a615-6e6df5dc5a17,80865a4b-22a0-5b90-a792-957443a496d2,DGNL_HN,2026,50,tuyensinh247
0a6ed033-7e95-5a62-b866-e298eb36d7b7,80865a4b-22a0-5b90-a792-957443a496d2,DGTD,2026,50,tuyensinh247
29b845dc-9214-5fb6-b3de-39efc7550499,80865a4b-22a0-5b90-a792-957443a496d2,HBA,2026,50,tuyensinh247
7c1644af-e20f-584d-8a8d-7c1e09c5e5cc,80865a4b-22a0-5b90-a792-957443a496d2,THPT,2026,50,tuyensinh247
81c2e3b9-44e4-5a4d-b46d-8934df605c4e,4c8ea9e2-2e86-5d16-82f0-ea7ea34c953f,DGNL_HN,2026,220,tuyensinh247
9864ea45-470e-5f68-beb1-9d3570f86115,4c8ea9e2-2e86-5d16-82f0-ea7ea34c953f,DGTD,2026,220,tuyensinh247
d15787f0-20aa-5098-89e8-16e9523c159a,4c8ea9e2-2e86-5d16-82f0-ea7ea34c953f,HBA,2026,220,tuyensinh247
9b158e75-4f05-5933-8d81-4f56a099ab55,4c8ea9e2-2e86-5d16-82f0-ea7ea34c953f,THPT,2026,220,tuyensinh247
aa7cbe54-d032-522d-8a7c-eba636ba7cc0,bfecafab-74e3-59ce-a682-5c09fbe27e71,DGNL_HN,2026,30,tuyensinh247
244e9d5f-2a86-56a1-9cf9-f1ae0d165bfc,bfecafab-74e3-59ce-a682-5c09fbe27e71,DGTD,2026,30,tuyensinh247
2207a9e2-841f-5890-841c-14ac9e403374,bfecafab-74e3-59ce-a682-5c09fbe27e71,HBA,2026,30,tuyensinh247
dac2358d-cd5e-5024-88d9-5c9eb206eac8,bfecafab-74e3-59ce-a682-5c09fbe27e71,THPT,2026,30,tuyensinh247
b0776741-6a14-5441-911c-0851a932f923,d55015df-7344-537e-827e-f98ace35906c,DGNL_HN,2026,60,tuyensinh247
737e9f75-ec44-5459-8d7d-9ac619d77c1e,d55015df-7344-537e-827e-f98ace35906c,DGTD,2026,60,tuyensinh247
7f233f24-b7d5-51b4-a2f7-6b71e2e6ab0b,d55015df-7344-537e-827e-f98ace35906c,HBA,2026,60,tuyensinh247
a2ee3591-fa7c-5933-93da-f7fe14b973ba,d55015df-7344-537e-827e-f98ace35906c,THPT,2026,60,tuyensinh247
1c69cdf4-636f-5b91-876a-8c57d7d1cbee,57dd46b3-e2b1-5480-9f6a-314bad4cb61a,DGNL_HN,2026,30,tuyensinh247
b925ac82-4fef-51b7-a5d0-b4b9ba75b97c,57dd46b3-e2b1-5480-9f6a-314bad4cb61a,DGTD,2026,30,tuyensinh247
36da4f54-2017-522a-9145-549dc4f9040c,57dd46b3-e2b1-5480-9f6a-314bad4cb61a,HBA,2026,30,tuyensinh247
c236edc3-5097-5af8-84a4-2d20289413ef,57dd46b3-e2b1-5480-9f6a-314bad4cb61a,THPT,2026,30,tuyensinh247
c88e946a-a638-5b58-a097-821bd9d3c2ca,3f62d442-365e-53e5-90dc-93b355ba5ea5,DGNL_HN,2026,20,tuyensinh247
2aaea7eb-7124-5099-87e2-740c34dd9465,3f62d442-365e-53e5-90dc-93b355ba5ea5,DGTD,2026,20,tuyensinh247
82e4568b-98cc-5ebd-9400-b705865cbaf3,3f62d442-365e-53e5-90dc-93b355ba5ea5,HBA,2026,20,tuyensinh247
4b8c8624-1d9e-5312-9f43-d894b07a8b67,3f62d442-365e-53e5-90dc-93b355ba5ea5,THPT,2026,20,tuyensinh247
a63f3067-5435-5da7-9c4a-62ed232cdf40,6061d841-bd3a-50ff-b947-e40559ed3307,DGNL_HN,2026,200,tuyensinh247
38dfd2ba-f263-5a7d-a650-a39a58e3a3d5,6061d841-bd3a-50ff-b947-e40559ed3307,THPT,2026,200,tuyensinh247
5265c2dc-8cad-5530-b450-362d93257b78,09cc797d-23a1-5e50-91f8-a7f7eb808b4b,DGNL_HN,2026,1600,tuyensinh247
e9c90528-b05e-5c6b-9e6b-fb10ae9d1292,09cc797d-23a1-5e50-91f8-a7f7eb808b4b,THPT,2026,1600,tuyensinh247
d762bf14-ef5c-5ff4-8eb2-23afabd51b8e,b6566b79-9142-5f71-bfe2-0ae4a2fc0947,DGNL_HN,2026,300,tuyensinh247
6f0c0596-fa35-5de7-b863-afb70b104868,b6566b79-9142-5f71-bfe2-0ae4a2fc0947,THPT,2026,300,tuyensinh247
4384eda1-ef6b-50a6-9784-35b40af948af,3dce8e11-a410-53c0-885a-09d32a5922d7,DGNL_HN,2026,550,tuyensinh247
63329a3a-4109-574a-a398-e822c5d08861,3dce8e11-a410-53c0-885a-09d32a5922d7,THPT,2026,550,tuyensinh247
2cee126d-5fae-5e3f-b5fe-daa45b79ddf9,ecb2e504-159a-5bc0-8ebc-a04a0de36215,DGNL_HN,2026,200,tuyensinh247
8e1b25ec-bd86-5fa0-8fe0-6a13ed3b642f,ecb2e504-159a-5bc0-8ebc-a04a0de36215,THPT,2026,200,tuyensinh247
8e9869bb-dc99-5ea4-b29b-5a8c5af02372,ed53e373-f342-536c-af01-3bca7ba92228,DGNL_HN,2026,,tuyensinh247
5e094546-ddd1-56a2-bbb9-edac9425702b,ed53e373-f342-536c-af01-3bca7ba92228,DGTD,2026,,tuyensinh247
4df28368-6beb-561a-99e8-ab6b8d7f563d,ed53e373-f342-536c-af01-3bca7ba92228,THPT,2026,,tuyensinh247
69316ffe-e4c3-5127-a5c5-d5c420ccb4a8,0144bd3d-9b7b-510c-9523-61d42737fcfd,DGNL_HN,2026,,tuyensinh247
f2bf6814-0c9d-548b-8513-97a1ade15d47,0144bd3d-9b7b-510c-9523-61d42737fcfd,DGTD,2026,,tuyensinh247
6ed1f4f3-b6d1-5e5e-80f5-051cb8637c91,0144bd3d-9b7b-510c-9523-61d42737fcfd,THPT,2026,,tuyensinh247
a8a2c86e-0360-5374-88ca-2fe5d3c4c2ad,cb59b50c-43b3-5ee0-9d99-fd5b2c6b79a0,DGNL_HN,2026,,tuyensinh247
8e710a16-6708-5c0d-9094-18f912dcd736,cb59b50c-43b3-5ee0-9d99-fd5b2c6b79a0,DGTD,2026,,tuyensinh247
392321fa-0172-5789-a564-1613f8e4ad8f,cb59b50c-43b3-5ee0-9d99-fd5b2c6b79a0,THPT,2026,,tuyensinh247
c05cda47-e415-54d9-b758-6df6f947dde4,5412ea53-afa6-5c2e-9f9d-dc0e26148a14,DGNL_HN,2026,,tuyensinh247
9ca80684-a445-5e8e-90fd-032860dbd414,5412ea53-afa6-5c2e-9f9d-dc0e26148a14,DGTD,2026,,tuyensinh247
b0714832-c847-52e1-9521-3933d37db474,5412ea53-afa6-5c2e-9f9d-dc0e26148a14,THPT,2026,,tuyensinh247
fce18dbf-2e25-5f12-b80f-470f65edb295,90bfbb7c-88d0-5965-8166-fa5ba8880871,DGNL_HN,2026,,tuyensinh247
0c11c652-d548-5a73-879d-2fb24082c516,90bfbb7c-88d0-5965-8166-fa5ba8880871,DGTD,2026,,tuyensinh247
b5713eba-75c3-5a51-bdae-60339b224bf6,90bfbb7c-88d0-5965-8166-fa5ba8880871,THPT,2026,,tuyensinh247
cdc182de-f7f4-5870-ad65-a3d725576d57,673cfba6-98dc-5eca-89aa-ac97ee18a76c,DGNL_HN,2026,,tuyensinh247
3929bccb-611b-529a-badf-ae009e12284d,673cfba6-98dc-5eca-89aa-ac97ee18a76c,DGTD,2026,,tuyensinh247
1849fb28-e093-5a5c-971f-37b64670befc,673cfba6-98dc-5eca-89aa-ac97ee18a76c,HBA,2026,,tuyensinh247
38b062d8-d38e-594c-95b8-9b27e7478a0b,673cfba6-98dc-5eca-89aa-ac97ee18a76c,THPT,2026,,tuyensinh247
9e8e11aa-7ea7-57d0-b113-6291d9f4018e,d32b6c3a-f979-5cd4-b12e-280c0571eb13,DGNL_HN,2026,,tuyensinh247
f036236d-8adf-5c19-a3de-80e3fc193607,d32b6c3a-f979-5cd4-b12e-280c0571eb13,DGTD,2026,,tuyensinh247
3885c45d-503b-529b-986d-6b50e201efd5,d32b6c3a-f979-5cd4-b12e-280c0571eb13,THPT,2026,,tuyensinh247
0224552d-11fc-59ea-87b7-f7f8a3c5fff3,677af1a4-ddeb-5f53-b9b1-01cf83d2c89f,DGNL_HN,2026,,tuyensinh247
73feaaa5-642a-51dc-86ae-20221418433b,677af1a4-ddeb-5f53-b9b1-01cf83d2c89f,DGTD,2026,,tuyensinh247
c9b30e63-c719-5942-a127-3a91ff57e0e9,677af1a4-ddeb-5f53-b9b1-01cf83d2c89f,THPT,2026,,tuyensinh247
20e2055f-91b1-58ce-bf60-502986ec6b0f,86bc9f59-dc6d-5168-a7b0-1687fc77e073,DGNL_HN,2026,,tuyensinh247
3afe7cb1-5b3c-5598-a07c-d2e16cae8649,86bc9f59-dc6d-5168-a7b0-1687fc77e073,DGTD,2026,,tuyensinh247
43c1eb82-29f2-5ebc-a893-fb1a892efd14,86bc9f59-dc6d-5168-a7b0-1687fc77e073,THPT,2026,,tuyensinh247
793349e8-f964-587f-b0fe-db527cafd6b5,03273f91-0465-5e6c-af09-14072c59fdea,DGNL_HN,2026,,tuyensinh247
15d35046-1a3d-5166-952d-46a17902b420,03273f91-0465-5e6c-af09-14072c59fdea,DGTD,2026,,tuyensinh247
60433947-5e29-5c07-8d2c-314df3a4e713,03273f91-0465-5e6c-af09-14072c59fdea,HBA,2026,,tuyensinh247
105eb33f-4595-5986-9ab4-ad49aa82023e,03273f91-0465-5e6c-af09-14072c59fdea,THPT,2026,,tuyensinh247
85f6720c-fa4b-50fd-9496-e9af287510dd,e5922530-15c9-5d0d-a3ae-9cd9b6c57e67,DGNL_HN,2026,,tuyensinh247
7349d3f1-770f-50c1-840e-85b38d7eb328,e5922530-15c9-5d0d-a3ae-9cd9b6c57e67,DGTD,2026,,tuyensinh247
06870e0b-1d77-5942-b97c-63e11fba02f6,e5922530-15c9-5d0d-a3ae-9cd9b6c57e67,HBA,2026,,tuyensinh247
c2269cb0-3256-5e34-af98-7562ba38ce79,e5922530-15c9-5d0d-a3ae-9cd9b6c57e67,THPT,2026,,tuyensinh247
d94e35a8-d8a5-5cf6-84b7-15785210f37a,8e93f119-65e7-5c17-b06f-0148ecc18e00,DGNL_HN,2026,,tuyensinh247
dbb879e0-d8b2-5ab7-ba41-8a0efb429953,8e93f119-65e7-5c17-b06f-0148ecc18e00,DGTD,2026,,tuyensinh247
21932270-d606-55f5-a9e9-ded9bf3c8b9a,8e93f119-65e7-5c17-b06f-0148ecc18e00,THPT,2026,,tuyensinh247
a6c7b86a-1f03-5535-9e5b-1b4be07470a5,6581a110-febb-533a-a476-61e34c668098,DGNL_HN,2026,,tuyensinh247
091f69a9-6d03-5c41-9e70-bb69e5158f4d,6581a110-febb-533a-a476-61e34c668098,DGTD,2026,,tuyensinh247
4f05b6ca-9c7b-5659-9218-6a010b0df137,6581a110-febb-533a-a476-61e34c668098,THPT,2026,,tuyensinh247
7aa546e8-071b-5500-8d90-e12f53a1d0e5,f8eb218c-f7ca-5989-90d4-2eb4731d72b6,DGNL_HN,2026,,tuyensinh247
fd083a3a-d2e1-5251-a054-d3b6b5701e67,f8eb218c-f7ca-5989-90d4-2eb4731d72b6,DGTD,2026,,tuyensinh247
294b8ce0-7785-50b2-a478-2055ab86fbec,f8eb218c-f7ca-5989-90d4-2eb4731d72b6,HBA,2026,,tuyensinh247
e33ddb7e-69e3-5a25-9270-8b6127f86948,f8eb218c-f7ca-5989-90d4-2eb4731d72b6,THPT,2026,,tuyensinh247
bb4e915a-6b31-51a6-9fa7-e6d060d37e40,1c3c411c-1c79-5c97-937e-cbd8f5dc4565,DGNL_HN,2026,,tuyensinh247
abd9abe6-9833-53b3-b576-dc611c464943,1c3c411c-1c79-5c97-937e-cbd8f5dc4565,DGTD,2026,,tuyensinh247
f0fc7bcd-5a05-5b84-8ad9-c6aba8d6f9d8,1c3c411c-1c79-5c97-937e-cbd8f5dc4565,HBA,2026,,tuyensinh247
fe03e6a9-7bc1-5250-9612-1e741679c87a,1c3c411c-1c79-5c97-937e-cbd8f5dc4565,THPT,2026,,tuyensinh247
425bbc57-d4a1-54aa-bb5e-c5210a0a1cd6,1ee46f7c-a6d0-5643-bd25-4914919ba0f9,DGNL_HN,2026,,tuyensinh247
5052cb56-578e-5f88-8f5a-5c422c514552,1ee46f7c-a6d0-5643-bd25-4914919ba0f9,DGTD,2026,,tuyensinh247
15211993-6a31-540e-a731-73ea61ac4291,1ee46f7c-a6d0-5643-bd25-4914919ba0f9,HBA,2026,,tuyensinh247
be9eaf1d-aad6-540f-9cf8-65e7d4000a1a,1ee46f7c-a6d0-5643-bd25-4914919ba0f9,THPT,2026,,tuyensinh247
f1065d7f-875d-5eac-98ba-96da87bd5542,16afcbf5-ec17-554c-9b20-5dbd2a0474e2,DGNL_HN,2026,,tuyensinh247
bf27a058-d942-572a-b509-823f38b0f846,16afcbf5-ec17-554c-9b20-5dbd2a0474e2,DGTD,2026,,tuyensinh247
31fda1fc-5228-56bf-9ea5-6484dca01b73,16afcbf5-ec17-554c-9b20-5dbd2a0474e2,HBA,2026,,tuyensinh247
3573d961-fda2-5640-8acb-c19bff091282,16afcbf5-ec17-554c-9b20-5dbd2a0474e2,THPT,2026,,tuyensinh247
f3bdeda7-dbe1-59cc-af92-e551837fe005,0930c624-7c6c-508e-bc93-3e6a9e277cff,DGNL_HN,2026,,tuyensinh247
3f6e20a4-ba7e-5575-8dcf-07fcd5ca6eee,0930c624-7c6c-508e-bc93-3e6a9e277cff,DGTD,2026,,tuyensinh247
bd2c3c0d-dc3f-5a3c-b6cb-990af8a9075b,0930c624-7c6c-508e-bc93-3e6a9e277cff,THPT,2026,,tuyensinh247
698a94d0-d20d-5b83-8360-43f32b09b641,a3d92133-0ffd-5077-833a-46204ebc1676,DGNL_HN,2026,,tuyensinh247
ff1b114e-189e-5a52-a190-551035a4e533,a3d92133-0ffd-5077-833a-46204ebc1676,DGTD,2026,,tuyensinh247
8e04334d-05a8-552c-a98c-2f79bfdf96d4,a3d92133-0ffd-5077-833a-46204ebc1676,HBA,2026,,tuyensinh247
26811dae-96e2-5ff4-b68c-885626c166fa,a3d92133-0ffd-5077-833a-46204ebc1676,THPT,2026,,tuyensinh247
d07de2cf-7821-50ea-bc8b-c2c14183c993,d72adf7f-1647-5a06-bf35-f4fb7053d6d9,DGNL_HN,2026,,tuyensinh247
6b3bdcfd-e27b-5ef5-827f-c856470a4d4a,d72adf7f-1647-5a06-bf35-f4fb7053d6d9,DGTD,2026,,tuyensinh247
715a30a9-43d1-5967-affe-b2118679ad3d,d72adf7f-1647-5a06-bf35-f4fb7053d6d9,HBA,2026,,tuyensinh247
72bee42c-551b-5429-b24b-c5a99ec56a88,d72adf7f-1647-5a06-bf35-f4fb7053d6d9,THPT,2026,,tuyensinh247
a38db323-3856-5d90-abba-81620a6b9d1c,d52e64aa-07bf-5738-93f6-799d9c058879,DGNL_HN,2026,,tuyensinh247
fa08faa2-66af-540e-8388-c9e92f6e681c,d52e64aa-07bf-5738-93f6-799d9c058879,DGTD,2026,,tuyensinh247
6734fada-f01d-58ad-9944-41ece33f404e,d52e64aa-07bf-5738-93f6-799d9c058879,HBA,2026,,tuyensinh247
1b74814b-04f1-5254-a10d-e8eaeb4d9e4e,d52e64aa-07bf-5738-93f6-799d9c058879,THPT,2026,,tuyensinh247
fb876d5f-6d4d-5ef7-b81b-cee4110fd401,3f12640a-9eda-51d8-870d-a6e6d7c3fd2e,DGNL_HN,2026,,tuyensinh247
964bb8ab-2a8d-513b-b01a-52abf79c3089,3f12640a-9eda-51d8-870d-a6e6d7c3fd2e,DGTD,2026,,tuyensinh247
56c50992-70ec-5767-9790-c35556413636,3f12640a-9eda-51d8-870d-a6e6d7c3fd2e,HBA,2026,,tuyensinh247
993c4c77-ef4f-5ae3-b7e2-c8df90c7d700,3f12640a-9eda-51d8-870d-a6e6d7c3fd2e,THPT,2026,,tuyensinh247
90353ece-0728-53b1-86d0-3a8385720fbe,82dd2334-d510-51bb-a801-f544a4833fab,DGNL_HN,2026,,tuyensinh247
02bc6065-ae98-57f1-bac5-42d453d57b64,82dd2334-d510-51bb-a801-f544a4833fab,DGTD,2026,,tuyensinh247
bdac048c-cb43-548d-93a3-47c9c71dbd42,82dd2334-d510-51bb-a801-f544a4833fab,THPT,2026,,tuyensinh247
8087f7cb-cc7b-5556-9f1c-3c677aa0d83f,56016558-f4ca-58c4-9cdb-76be4e5039be,DGNL_HN,2026,,tuyensinh247
6aae9c98-8bc7-5287-b403-0d4659360765,56016558-f4ca-58c4-9cdb-76be4e5039be,DGTD,2026,,tuyensinh247
64aea0c9-38c8-54a1-aa6a-4fa45fb76422,56016558-f4ca-58c4-9cdb-76be4e5039be,THPT,2026,,tuyensinh247
d6c1c820-09b1-59bb-87b9-da6466f96173,b83b3b1a-77ca-5533-8415-0f5a9630bc08,DGNL_HN,2026,,tuyensinh247
2cb5b410-efb4-57e7-b31b-d399920948f4,b83b3b1a-77ca-5533-8415-0f5a9630bc08,DGTD,2026,,tuyensinh247
c43b9b56-3626-5990-bd3a-e5bd141548b1,b83b3b1a-77ca-5533-8415-0f5a9630bc08,THPT,2026,,tuyensinh247
3ef246fc-668c-56d9-a0dd-a9d5fa061a26,61cca6d6-2a62-5fb8-bfd0-6163e1861ec8,DGNL_HN,2026,,tuyensinh247
50757183-89ae-560c-a2ea-f86db1525dde,61cca6d6-2a62-5fb8-bfd0-6163e1861ec8,DGTD,2026,,tuyensinh247
8b274b35-623b-56e4-a574-d79ef753921d,61cca6d6-2a62-5fb8-bfd0-6163e1861ec8,HBA,2026,,tuyensinh247
de5e3c40-5aff-5749-8a62-e6a9e85cf4da,61cca6d6-2a62-5fb8-bfd0-6163e1861ec8,THPT,2026,,tuyensinh247
4ca85bfe-f385-5ceb-8ad3-b9e315e66f1e,b3690b2d-fb99-558f-82cb-d5cccb6b070c,DGNL_HN,2026,,tuyensinh247
ecc1e5d3-a7cc-55f4-bdad-383e731e7520,b3690b2d-fb99-558f-82cb-d5cccb6b070c,DGTD,2026,,tuyensinh247
4273b43d-fee5-546c-b592-4aeda682863d,b3690b2d-fb99-558f-82cb-d5cccb6b070c,THPT,2026,,tuyensinh247
c7368e55-b48e-56c0-af40-fbb1dc339062,25534421-e69d-5d61-97a2-3669ed97fe48,DGNL_HN,2026,,tuyensinh247
3c8836d5-5da6-5912-b69a-fbefa9643a23,25534421-e69d-5d61-97a2-3669ed97fe48,DGTD,2026,,tuyensinh247
477e9288-7330-5d6e-b3df-3ad347332acc,25534421-e69d-5d61-97a2-3669ed97fe48,THPT,2026,,tuyensinh247
69d24ae2-a9e7-53c5-aadf-45e674654322,02e4b2a7-2081-52ca-b169-3d69dfceb777,DGNL_HN,2026,,tuyensinh247
acb0e923-5c99-5187-a1ac-6a35bad14203,02e4b2a7-2081-52ca-b169-3d69dfceb777,DGTD,2026,,tuyensinh247
1c6cc6be-285a-5eb1-836f-e86b43e6a750,02e4b2a7-2081-52ca-b169-3d69dfceb777,THPT,2026,,tuyensinh247
6bd82854-e447-5cc6-a558-6ccb504dd3b9,d45da281-ecd8-585a-b60f-847120ae58df,DGNL_HN,2026,,tuyensinh247
58281ca9-daf0-54ec-ab51-acfbff1f7def,d45da281-ecd8-585a-b60f-847120ae58df,DGTD,2026,,tuyensinh247
e9c35f57-04f2-509f-9b5a-0380ef7f382c,d45da281-ecd8-585a-b60f-847120ae58df,HBA,2026,,tuyensinh247
bb87bbb4-1f29-59d5-8132-51b51da7aff9,d45da281-ecd8-585a-b60f-847120ae58df,THPT,2026,,tuyensinh247
d8d06a68-9104-58ce-aaf8-9cd6e1c80e11,b38ae83a-fce9-5d20-b040-8230c92934d1,DGNL_HN,2026,,tuyensinh247
9c75eb0e-9830-5159-97a3-041082dede86,b38ae83a-fce9-5d20-b040-8230c92934d1,DGTD,2026,,tuyensinh247
7faef7e4-ab0d-5c82-bd05-92c85622e582,b38ae83a-fce9-5d20-b040-8230c92934d1,HBA,2026,,tuyensinh247
a353c19c-e6ea-5889-95b7-ddc25be39d27,b38ae83a-fce9-5d20-b040-8230c92934d1,THPT,2026,,tuyensinh247
ab9bd839-ce12-59fa-8b10-4f897864cc0e,c08761ae-1405-5d6f-a4df-b74be82e61f4,DGNL_HN,2026,,tuyensinh247
767721fa-95d3-5d6f-9578-63e28ec47c5c,c08761ae-1405-5d6f-a4df-b74be82e61f4,DGTD,2026,,tuyensinh247
a2f17889-e10d-5ab2-831c-aefa5e90ac2f,c08761ae-1405-5d6f-a4df-b74be82e61f4,HBA,2026,,tuyensinh247
a6de04d3-47cf-5dd9-9ed2-122a3c420b8e,c08761ae-1405-5d6f-a4df-b74be82e61f4,THPT,2026,,tuyensinh247
1eab7aa9-a13a-5e87-9662-c7ca071c984b,364e2239-9546-5b3e-9df0-4dae3612bca6,DGNL_HN,2026,,tuyensinh247
c776699c-f4c2-5a7b-8ddf-b27dbe456b5d,364e2239-9546-5b3e-9df0-4dae3612bca6,DGTD,2026,,tuyensinh247
465e2fce-32a2-5cc6-86d0-77030affe37c,364e2239-9546-5b3e-9df0-4dae3612bca6,THPT,2026,,tuyensinh247
66c8f2fe-da0a-5d0a-a2a7-9e16f6119086,00d17996-76cb-59b6-8b00-52ac815cd0a7,DGNL_HN,2026,,tuyensinh247
ec1374e4-1702-5d97-9d01-2daec50fb3f2,00d17996-76cb-59b6-8b00-52ac815cd0a7,DGTD,2026,,tuyensinh247
141643d5-345e-56df-b987-d04a05a5ffa2,00d17996-76cb-59b6-8b00-52ac815cd0a7,THPT,2026,,tuyensinh247
589ba9bf-6e2a-54b2-9f01-b59c0bdc6982,a0139baf-57d3-5e28-ad26-1fbf216e7496,DGNL_HN,2026,,tuyensinh247
1514700f-ffaf-5c15-848d-e44c0d4f3a40,a0139baf-57d3-5e28-ad26-1fbf216e7496,DGTD,2026,,tuyensinh247
f3d443c1-8f9b-5421-bbd4-bf4fa1fe788d,a0139baf-57d3-5e28-ad26-1fbf216e7496,THPT,2026,,tuyensinh247
71f6e69f-50ff-5b02-ba97-e31ce6a1283f,d1d03e7c-3615-5635-916f-2c80362458be,DGNL_HN,2026,,tuyensinh247
de299314-7800-5e02-a936-edbe98eac524,d1d03e7c-3615-5635-916f-2c80362458be,DGTD,2026,,tuyensinh247
5d80e3ff-ea84-5e46-a91e-14605de2a505,d1d03e7c-3615-5635-916f-2c80362458be,THPT,2026,,tuyensinh247
0dbbedc9-d1fa-5ff7-827a-6dcbdc4511c7,3ed9e0de-d016-5078-894e-c57fd1a02280,DGNL_HN,2026,,tuyensinh247
f271452e-df55-553f-ad69-217814169125,3ed9e0de-d016-5078-894e-c57fd1a02280,DGTD,2026,,tuyensinh247
4093fd6b-f78b-55e2-a4bc-862508e70f4f,3ed9e0de-d016-5078-894e-c57fd1a02280,THPT,2026,,tuyensinh247
74e1a180-68fb-5436-a79e-3d925c50dcbe,74a0a55d-974e-51e5-bfee-31b0e7b53204,DGNL_HN,2026,,tuyensinh247
11472e68-936c-525d-89c3-20dcbfc440a8,74a0a55d-974e-51e5-bfee-31b0e7b53204,DGTD,2026,,tuyensinh247
6aa2e49e-f18e-54b9-b130-dd2419104209,74a0a55d-974e-51e5-bfee-31b0e7b53204,THPT,2026,,tuyensinh247
95f8de3f-bbd4-5b91-9b55-f788f82279ad,56865ecf-2de3-5c1e-8640-27da52a92634,DGNL_HN,2026,,tuyensinh247
c6fc78b7-48db-5643-aee1-88e6741ab371,56865ecf-2de3-5c1e-8640-27da52a92634,DGTD,2026,,tuyensinh247
4cd5a069-8288-5100-9ce6-ebbddc228efd,56865ecf-2de3-5c1e-8640-27da52a92634,THPT,2026,,tuyensinh247
561ecbb4-d946-56a3-b980-807ade98d124,b3352b6b-559c-5557-b05a-0394e4aa75bf,DGNL_HN,2026,,tuyensinh247
f9cfa244-3e7e-5038-8c38-565c8e235cfa,b3352b6b-559c-5557-b05a-0394e4aa75bf,DGTD,2026,,tuyensinh247
c16c5bf6-0429-55dd-bdad-43ed83d29332,b3352b6b-559c-5557-b05a-0394e4aa75bf,THPT,2026,,tuyensinh247
0022b6a7-6d0c-5823-8cc0-b253aaf8c631,a21ae01a-9153-5f2c-aa39-261272fee78b,DGNL_HN,2026,,tuyensinh247
9e0bd41a-6a43-5142-ab80-7107251aa1b2,a21ae01a-9153-5f2c-aa39-261272fee78b,DGTD,2026,,tuyensinh247
97ec5bda-9f17-526d-95de-83deb5aad4b0,a21ae01a-9153-5f2c-aa39-261272fee78b,THPT,2026,,tuyensinh247
a433f11f-ad48-505c-933a-f1e2d42ffd5c,4a2a7c06-0c66-55ae-8c5c-e272091547d8,DGNL_HN,2026,,tuyensinh247
b290affe-94b0-5a3f-b1ba-3f14ae80c5ab,4a2a7c06-0c66-55ae-8c5c-e272091547d8,DGTD,2026,,tuyensinh247
ea1d018f-dfba-53e6-8505-03277fb58924,4a2a7c06-0c66-55ae-8c5c-e272091547d8,THPT,2026,,tuyensinh247
26427680-bd1d-5e99-aa54-8668203a37bb,7d5ad474-ec27-585c-9438-6a9adcc3645a,DGNL_HN,2026,,tuyensinh247
ef9d15c6-1f9a-5404-b58d-a2e096de5d72,7d5ad474-ec27-585c-9438-6a9adcc3645a,DGTD,2026,,tuyensinh247
8a3af3e9-c1d1-5762-8c68-d1ae95763a15,7d5ad474-ec27-585c-9438-6a9adcc3645a,THPT,2026,,tuyensinh247
7c00a1ad-4d09-576b-b966-94ec6696e0f7,7ea5a734-328f-56d6-93e2-fd67fd047636,DGNL_HN,2026,,tuyensinh247
92197099-16fc-5c55-84f6-52ca1d69a970,7ea5a734-328f-56d6-93e2-fd67fd047636,DGTD,2026,,tuyensinh247
2e23bc8d-83bc-5053-9c03-08706d72b7b0,7ea5a734-328f-56d6-93e2-fd67fd047636,THPT,2026,,tuyensinh247
7880172a-61ca-5c1b-a3ff-b6b62c2cb3e2,c2e6034f-cd63-50e6-973b-fdaa997f1b20,DGNL_HN,2026,,tuyensinh247
229a6d8b-261d-5890-a632-8457afe3b5f4,c2e6034f-cd63-50e6-973b-fdaa997f1b20,DGTD,2026,,tuyensinh247
6ed87eed-723e-5033-8206-54f1d45de1bc,c2e6034f-cd63-50e6-973b-fdaa997f1b20,THPT,2026,,tuyensinh247
838a8b7a-32c4-5af5-a6c0-602153d7024e,890c6011-acfa-5f58-a96e-6dc0531ddc23,DGNL_HN,2026,,tuyensinh247
07925569-3e7b-599f-bc3e-602fc6081288,890c6011-acfa-5f58-a96e-6dc0531ddc23,DGTD,2026,,tuyensinh247
305ee8a0-8db4-53a4-b432-a82f1d41ccea,890c6011-acfa-5f58-a96e-6dc0531ddc23,THPT,2026,,tuyensinh247
1e0f30dc-e60d-5e6d-9c53-15a8c06a22e8,e9508854-af76-5c02-a502-5de469e64e1a,DGNL_HN,2026,,tuyensinh247
5e57301f-2bad-53a3-8b15-946127c6d67f,e9508854-af76-5c02-a502-5de469e64e1a,DGTD,2026,,tuyensinh247
7555d477-d7f3-5a56-b5f9-f2d0584676d3,e9508854-af76-5c02-a502-5de469e64e1a,THPT,2026,,tuyensinh247
ace91dd6-e554-5191-bf49-4f9e04820625,b08c52d2-3e64-5de7-9fd6-a36977627947,DGNL_HN,2026,160,tuyensinh247
4663480f-032c-5da8-acbd-2d08c81878f6,b08c52d2-3e64-5de7-9fd6-a36977627947,DGTD,2026,160,tuyensinh247
d06be38e-905d-5821-bb5c-8f5c376cca23,92b41980-45da-5a2b-b0d7-7dde27defb9a,DGNL_HN,2026,55,tuyensinh247
5c2d5692-62ab-5f42-a03a-98ca5ecfab4b,92b41980-45da-5a2b-b0d7-7dde27defb9a,DGTD,2026,55,tuyensinh247
396131e1-73f0-520d-8a1c-8752baf56ad6,b002a5b0-12bf-5232-bad2-c12baeecc06f,DGNL_HCM,2026,290,tuyensinh247
98685d3d-629c-54bd-88d4-53503cd76320,b002a5b0-12bf-5232-bad2-c12baeecc06f,DGNL_HN,2026,290,tuyensinh247
420ab0c0-b2b6-5e8e-ac79-0db88f75141b,b002a5b0-12bf-5232-bad2-c12baeecc06f,DGTD,2026,290,tuyensinh247
d59ca979-6b3c-5fde-8bde-1ea6c80fee64,b002a5b0-12bf-5232-bad2-c12baeecc06f,THPT,2026,290,tuyensinh247
ae47192c-085c-542b-9fed-f460645075ee,0954680a-c9cf-5205-9acb-7b68f8b12d7a,DGNL_HCM,2026,280,tuyensinh247
4355ab58-6036-578a-b96d-5cb83ce14983,0954680a-c9cf-5205-9acb-7b68f8b12d7a,DGNL_HN,2026,280,tuyensinh247
2a8209b8-b9bc-5457-895e-5f76d3cbcf51,0954680a-c9cf-5205-9acb-7b68f8b12d7a,THPT,2026,280,tuyensinh247
e744b99f-a4a9-543e-b63b-c5416cf4ee10,e7b16e9c-8706-58db-bf96-4ec3ee5912d5,DGNL_HCM,2026,290,tuyensinh247
5e3d00b5-27c9-5f3d-8b17-3ab5585827e8,e7b16e9c-8706-58db-bf96-4ec3ee5912d5,DGTD,2026,290,tuyensinh247
39fc371b-17bd-5610-a9fa-961580e67151,e7b16e9c-8706-58db-bf96-4ec3ee5912d5,THPT,2026,290,tuyensinh247
7dc719e7-56b6-5891-b997-d874c299ca5b,9651acd4-f04a-5e82-916f-8be92f972583,DGNL_HCM,2026,130,tuyensinh247
88369d6b-71b4-5de0-a507-49bcc0dcf8cc,9651acd4-f04a-5e82-916f-8be92f972583,DGTD,2026,130,tuyensinh247
f7b231eb-19c7-5cef-8b43-6a7cdf785b7e,9651acd4-f04a-5e82-916f-8be92f972583,THPT,2026,130,tuyensinh247
6b3d4efd-14ee-52d6-a0e5-5fa5530e5042,272a6452-ef3a-5727-ab4d-fa087e66f8e6,DGNL_HCM,2026,375,tuyensinh247
ee3698bc-f8bf-5210-bc07-c15b9127995f,272a6452-ef3a-5727-ab4d-fa087e66f8e6,DGTD,2026,375,tuyensinh247
afa52450-8ea0-5cb6-9eda-72e0d48abb7c,272a6452-ef3a-5727-ab4d-fa087e66f8e6,THPT,2026,375,tuyensinh247
1563dc6f-f9e5-5e72-aae3-a4bbb41786ea,39316c89-e313-50b6-b590-099b03d2c87a,DGNL_HCM,2026,45,tuyensinh247
e3240ab1-4c75-51de-aca8-6d12e1aa3c9b,39316c89-e313-50b6-b590-099b03d2c87a,THPT,2026,45,tuyensinh247
9c65a54a-69e8-5309-a92c-0a97a656f6d8,a9523b8a-8d45-5459-82f3-88bc13628a4a,DGNL_HCM,2026,260,tuyensinh247
8df34b13-ff33-5f20-a5a4-1b604d4de131,a9523b8a-8d45-5459-82f3-88bc13628a4a,THPT,2026,260,tuyensinh247
9a1ea965-2224-591c-9660-840d40397d00,00d0aa18-2710-561c-a5f1-541173fd94bd,DGNL_HCM,2026,230,tuyensinh247
0e6a37ba-f313-5787-8e66-9a1c90df9226,00d0aa18-2710-561c-a5f1-541173fd94bd,THPT,2026,230,tuyensinh247
f4e04ad4-2c28-5244-a104-a66d2ccdfb77,65bf17a3-4ca4-5b54-bfa0-fb7950b8ba07,DGNL_HCM,2026,230,tuyensinh247
d269a9f4-c478-5def-ab21-bfed8d777a97,65bf17a3-4ca4-5b54-bfa0-fb7950b8ba07,DGTD,2026,230,tuyensinh247
a84adf16-44a9-5cee-a008-1fedd0505d01,65bf17a3-4ca4-5b54-bfa0-fb7950b8ba07,THPT,2026,230,tuyensinh247
bfd292f5-9c25-5144-9b81-dcd416a81a5b,99fe8467-17b8-5397-86ac-2e89fd25f31e,DGNL_HCM,2026,100,tuyensinh247
0da3bc1a-2315-5610-bbc2-bc26797d6694,99fe8467-17b8-5397-86ac-2e89fd25f31e,THPT,2026,100,tuyensinh247
808175b8-dab6-54b3-a07c-e09c2d753616,e6a9b033-5c51-55f4-a8d1-27fcadfd24dc,DGNL_HCM,2026,120,tuyensinh247
7aac5460-ca6e-5566-9c55-6a0f938dc3fc,e6a9b033-5c51-55f4-a8d1-27fcadfd24dc,DGNL_HN,2026,120,tuyensinh247
65a6377a-a6c0-57aa-a767-1b1764b30890,e6a9b033-5c51-55f4-a8d1-27fcadfd24dc,DGTD,2026,120,tuyensinh247
c4b1f178-a2fd-5d83-bb9d-156e5963e170,e6a9b033-5c51-55f4-a8d1-27fcadfd24dc,THPT,2026,120,tuyensinh247
6dfbc97b-b740-504b-8267-c994e2493ec1,f770e173-b688-5e41-acd4-328db188bf11,DGNL_HCM,2026,75,tuyensinh247
5760378e-c1ca-5cb6-a387-24b1c9ee3202,f770e173-b688-5e41-acd4-328db188bf11,DGNL_HN,2026,75,tuyensinh247
b2316e7b-bd8b-5ffa-86f1-403d7b42b032,f770e173-b688-5e41-acd4-328db188bf11,DGTD,2026,75,tuyensinh247
f0a4dbc2-3733-5d4d-9995-3b87dbbc99f2,f770e173-b688-5e41-acd4-328db188bf11,THPT,2026,75,tuyensinh247
92af063f-fd4d-5c5f-baa2-b742c7252d17,212cdbd2-8cc8-5e31-adba-d09c0f7e7b7f,DGNL_HCM,2026,385,tuyensinh247
d918cb2d-e5d9-5314-8797-4131a4012765,212cdbd2-8cc8-5e31-adba-d09c0f7e7b7f,DGNL_HN,2026,385,tuyensinh247
6b5bd0f7-3732-5754-98cc-c66066b98990,212cdbd2-8cc8-5e31-adba-d09c0f7e7b7f,DGTD,2026,385,tuyensinh247
9294605c-a8ec-5de5-acc4-adf099f80bcd,212cdbd2-8cc8-5e31-adba-d09c0f7e7b7f,THPT,2026,385,tuyensinh247
44280ac2-4104-57c3-9c59-93688a229bcc,c8ce22ae-1459-5bfd-bf92-3cfd3b1068ee,DGNL_HCM,2026,200,tuyensinh247
c5dc1815-771b-5b23-8b2f-e32fffb48a39,c8ce22ae-1459-5bfd-bf92-3cfd3b1068ee,DGTD,2026,200,tuyensinh247
6b6ee3a6-2101-59c4-ac11-055c275d1d53,c8ce22ae-1459-5bfd-bf92-3cfd3b1068ee,THPT,2026,200,tuyensinh247
258ccbae-cc74-5b7e-a166-6613f223e2be,60d38a36-aad6-54f5-bfeb-0ef73c84bed8,DGNL_HCM,2026,290,tuyensinh247
e8a96ab9-d740-5699-ab91-3a53b49ebf52,60d38a36-aad6-54f5-bfeb-0ef73c84bed8,DGTD,2026,290,tuyensinh247
d29adabf-fbc5-500b-a22c-76102c32e392,60d38a36-aad6-54f5-bfeb-0ef73c84bed8,THPT,2026,290,tuyensinh247
aac0e3c3-6c67-5517-9be1-8f2205121d47,0560dd38-01c0-5b5d-a110-94111dfece26,DGNL_HCM,2026,180,tuyensinh247
d210f8d8-c2c6-55ad-891a-fc09ae447ce2,0560dd38-01c0-5b5d-a110-94111dfece26,DGNL_HN,2026,180,tuyensinh247
7a82c4ba-e94b-5509-8c9e-7a410d5d1f55,0560dd38-01c0-5b5d-a110-94111dfece26,DGTD,2026,180,tuyensinh247
5051f9b3-4467-58fd-97bc-5720f27d7829,0560dd38-01c0-5b5d-a110-94111dfece26,THPT,2026,180,tuyensinh247
9874528e-f4eb-528c-bb76-f790f790f5a4,169cf581-0477-52e4-a862-006e394e21da,DGTD,2026,85,tuyensinh247
00c84e9b-36c7-5104-8cda-8dc1c59bfbe2,a267da2e-6028-5581-bbf2-a11e81c10b16,DGNL_HN,2026,100,tuyensinh247
2d8eedf3-85d9-505d-8b9e-e5c6fdf4ebd2,a267da2e-6028-5581-bbf2-a11e81c10b16,DGTD,2026,100,tuyensinh247
60d660a9-059f-5e54-90a6-d6fca3a209e8,4ebc2c9b-84f9-53dd-8e6b-76f7b3716a26,DGNL_HCM,2026,225,tuyensinh247
9ad27185-9176-5814-99bd-c54961c72712,4ebc2c9b-84f9-53dd-8e6b-76f7b3716a26,THPT,2026,225,tuyensinh247
7c21f95c-def6-5cbd-9621-72c6a337e5c1,5cfff814-bedd-5429-b915-1f46f7de0979,DGNL_HCM,2026,150,tuyensinh247
46ae4b4b-79ee-5063-b9bd-64c74901ea59,5cfff814-bedd-5429-b915-1f46f7de0979,THPT,2026,150,tuyensinh247
d8e0dc42-45e8-54cc-b70a-4eb28183f174,19ce31f9-e8de-5eb4-8c92-2a02bca801aa,DGTD,2026,80,tuyensinh247
91666ef6-cc75-5213-b565-5383cfb2410d,5a08b237-c978-57a1-b2af-adc0e9dccc13,DGTD,2026,30,tuyensinh247
454514dc-b680-5ade-aebd-7c08c4eca9a2,b7232d27-52f0-54df-9162-52541160db5e,DGTD,2026,40,tuyensinh247
2a3066e4-f14d-542c-9298-cdd6a16007fa,23d7ee61-f3ab-517e-86d5-167ab894e4e9,DGTD,2026,80,tuyensinh247
bb433eba-e7a7-5276-ba58-df349d9f8bbf,145ab05a-0e38-5ae7-9717-9c2d9888137c,DGTD,2026,200,tuyensinh247
1de180cc-7ce5-53fa-92d0-8b19c32d3ecf,3d7ebfdb-d067-5f8d-b1a9-46dd00f3d9e0,DGTD,2026,120,tuyensinh247
2db5a374-7868-5b12-bd7e-d7d8b12f3965,ccb039a7-139f-50e7-be6e-0a17a54cf224,DGTD,2026,200,tuyensinh247
4e5d465a-7588-5511-b6eb-b937b83b72c4,29ad50b0-f9e1-59d2-8121-1885154bc0ec,DGTD,2026,15,tuyensinh247
dbf55665-8207-5bdb-8c95-01d1afb8bb98,dd0dc021-9f1a-5d12-b735-87cee5b60b06,DGTD,2026,7,tuyensinh247
16883c4a-0b07-54da-8bba-d1a16c57a55f,03194654-2e6d-5a68-8add-a5d561fbe249,DGTD,2026,45,tuyensinh247
744794f3-4a04-5eab-8681-f5c4cbb5daca,4460abf6-a8f6-54bb-bc8d-1e11e0035828,DGTD,2026,11,tuyensinh247
63e678e2-6781-5208-b578-222ea990655b,b3c0d841-efaa-59d7-848a-8ebe9c6483ff,DGTD,2026,7,tuyensinh247
be8380f9-fefe-503f-9d53-87e76e0db2be,bb5a7112-2d25-5735-9e8f-0568152f20bf,DGTD,2026,45,tuyensinh247
c7bc329c-bbcd-501f-9aab-4f3c504c6e18,809b01ed-2058-5adb-adba-ac98648c82c4,DGNL_HN,2026,250,tuyensinh247
acee8038-ad18-5076-898c-ace9f9dd9867,21ba8693-7b4b-5ba1-a412-76eeb30889cb,DGNL_HN,2026,300,tuyensinh247
23524b86-3cc7-5de1-90b2-ad91f4d39299,21ba8693-7b4b-5ba1-a412-76eeb30889cb,DGTD,2026,300,tuyensinh247
fec3666c-2823-5de3-8e95-170e373fefee,21ba8693-7b4b-5ba1-a412-76eeb30889cb,THPT,2026,300,tuyensinh247
f85c0569-e11d-5e01-b349-e7ad1665a3e8,1fbd5ffe-8d4b-534c-a995-514ce404e9b7,DGNL_HN,2026,100,tuyensinh247
15ab611b-c312-5b3e-8c34-4da9ee5e3fc3,1fbd5ffe-8d4b-534c-a995-514ce404e9b7,DGTD,2026,100,tuyensinh247
4a059a68-fcff-5a8e-9ee1-8cc36f3a9360,1fbd5ffe-8d4b-534c-a995-514ce404e9b7,THPT,2026,100,tuyensinh247
9df40166-4ff2-5d0b-b848-29e1542b275f,8a3b357e-8a7c-5418-b501-857d11343dd2,DGNL_HN,2026,100,tuyensinh247
300c6f1d-b304-521f-a356-8aeae6f008d2,8a3b357e-8a7c-5418-b501-857d11343dd2,DGTD,2026,100,tuyensinh247
a37f4a37-3b42-5d42-b979-4df731d36dea,8a3b357e-8a7c-5418-b501-857d11343dd2,THPT,2026,100,tuyensinh247
faec0c17-523f-50cc-b638-15a98e57e4ec,b2314414-e29a-5b5d-885d-c27bfc16cd6f,DGNL_HN,2026,150,tuyensinh247
7b1a5ea4-0964-56f9-9507-b931273e13a5,b2314414-e29a-5b5d-885d-c27bfc16cd6f,DGTD,2026,150,tuyensinh247
7acf0064-9ef8-5a31-aa2a-2dfebc371378,b2314414-e29a-5b5d-885d-c27bfc16cd6f,THPT,2026,150,tuyensinh247
3c2ee475-8ea1-5955-ba30-63c4b7171675,e402c741-a136-5425-9f50-41e6ac57549b,DGNL_HN,2026,135,tuyensinh247
f91aacde-17d0-55a4-b33e-1181dab95926,e402c741-a136-5425-9f50-41e6ac57549b,DGTD,2026,135,tuyensinh247
0d31e6b8-e91b-54a7-a3e7-995acbff4fe6,e402c741-a136-5425-9f50-41e6ac57549b,THPT,2026,135,tuyensinh247
7e34319f-eaf1-5d60-8dfd-9f0025d578bf,db952711-f377-50a7-9ef2-30b3d4a6ffde,DGNL_HN,2026,280,tuyensinh247
55f93fb0-8785-565d-8946-81aac176cd00,db952711-f377-50a7-9ef2-30b3d4a6ffde,DGTD,2026,280,tuyensinh247
eb32cdd5-b694-5845-896b-61b274bcc5ca,db952711-f377-50a7-9ef2-30b3d4a6ffde,THPT,2026,280,tuyensinh247
3b95fd4d-7957-5d20-b422-1766f49e6913,4c719fbd-82f2-5614-a91e-5c4ced4dcc14,DGNL_HN,2026,120,tuyensinh247
1e03014f-d80c-58d2-a135-fc719007a90c,4c719fbd-82f2-5614-a91e-5c4ced4dcc14,DGTD,2026,120,tuyensinh247
d0ac9a0b-0e55-5e0d-95c7-d5e9990d6b64,4c719fbd-82f2-5614-a91e-5c4ced4dcc14,THPT,2026,120,tuyensinh247
9cf941cd-c837-5881-a9a8-80fd636b422d,a58b248c-017e-54bc-87da-1f78d3051f4f,DGNL_HN,2026,150,tuyensinh247
9e1c8969-33ba-516d-bb7d-a85c8e91d7e2,a58b248c-017e-54bc-87da-1f78d3051f4f,DGTD,2026,150,tuyensinh247
59897177-6461-5b55-ad7a-f4d514790f67,a58b248c-017e-54bc-87da-1f78d3051f4f,THPT,2026,150,tuyensinh247
08ceb97f-33bf-5382-a2a3-540d953713ee,bda2c4d0-9306-5295-afcc-c5da56b7a10e,DGNL_HN,2026,100,tuyensinh247
03d86b7b-3a36-5b5d-9bc6-666f7e7ca484,bda2c4d0-9306-5295-afcc-c5da56b7a10e,DGTD,2026,100,tuyensinh247
d8f6b512-2841-5580-ac1d-ec988da9e482,bda2c4d0-9306-5295-afcc-c5da56b7a10e,THPT,2026,100,tuyensinh247
27eb0d0f-3828-51fb-a2b5-4ad731689584,a6c5d865-33c6-5efe-b52c-2598c3a6281c,DGNL_HN,2026,75,tuyensinh247
4ecee0af-88cc-5bc8-831c-58a384805c4e,a6c5d865-33c6-5efe-b52c-2598c3a6281c,DGTD,2026,75,tuyensinh247
8780cd23-f37b-5a16-a14b-aeeac7f1895d,a6c5d865-33c6-5efe-b52c-2598c3a6281c,THPT,2026,75,tuyensinh247
8cb78e0a-4a09-52f8-9417-aceb788e8c0b,baf19859-73c4-5348-870e-f86c957ca4ae,DGNL_HN,2026,75,tuyensinh247
216ae52f-1cb1-5640-92c8-892060af9e52,baf19859-73c4-5348-870e-f86c957ca4ae,DGTD,2026,75,tuyensinh247
018fd182-f9e7-5f64-bd52-3a23cde8a42e,baf19859-73c4-5348-870e-f86c957ca4ae,THPT,2026,75,tuyensinh247
d2a63f3f-5467-5602-bbbf-70d01d68085f,1b6dad3a-c1c7-567e-b34f-61cbd493f797,DGNL_HN,2026,75,tuyensinh247
4afab916-325d-55ae-bc0d-a3cb3d04646a,1b6dad3a-c1c7-567e-b34f-61cbd493f797,DGTD,2026,75,tuyensinh247
28d8b593-9347-513c-aa40-8df777a05b0c,1b6dad3a-c1c7-567e-b34f-61cbd493f797,THPT,2026,75,tuyensinh247
4d27a24d-dcd8-53f2-8894-642c83181d92,f97ec5f6-ed12-5c75-b077-dff8ca3c1ae3,DGNL_HN,2026,200,tuyensinh247
418ab7af-04f4-51c1-93cc-60bbc2332976,f97ec5f6-ed12-5c75-b077-dff8ca3c1ae3,DGTD,2026,200,tuyensinh247
fcadfa86-5671-57fc-8e9a-b1963d30ba0e,f97ec5f6-ed12-5c75-b077-dff8ca3c1ae3,THPT,2026,200,tuyensinh247
d8dd019d-f27d-5a23-80d3-770e832ba852,780b287c-02e8-5c12-9702-7aace4d7fce7,DGNL_HN,2026,120,tuyensinh247
ff509373-b565-5114-a142-fcb57d9d0a62,780b287c-02e8-5c12-9702-7aace4d7fce7,DGTD,2026,120,tuyensinh247
dec13c6a-d5cb-5bb9-9eff-fb5a43df982a,780b287c-02e8-5c12-9702-7aace4d7fce7,THPT,2026,120,tuyensinh247
172950ae-bdfe-50a1-a9ba-d2582747adfc,ad0ad710-e22f-57cc-bff8-7e8209bbcd14,DGNL_HN,2026,120,tuyensinh247
3e1b842d-8ad2-5687-9e74-8a5caef4dafe,ad0ad710-e22f-57cc-bff8-7e8209bbcd14,DGTD,2026,120,tuyensinh247
289195ec-1095-5735-91a1-cafcf81b05cb,ad0ad710-e22f-57cc-bff8-7e8209bbcd14,THPT,2026,120,tuyensinh247
8ab193e6-ff72-5e17-be20-74ec316b07fb,58addf69-4679-54d1-862b-5929cea30fbd,DGNL_HN,2026,60,tuyensinh247
e1096e80-9774-5fb1-8191-76e977fe969e,58addf69-4679-54d1-862b-5929cea30fbd,DGTD,2026,60,tuyensinh247
4fc2810e-54bd-5ea3-af7c-4911b67ab0bc,58addf69-4679-54d1-862b-5929cea30fbd,THPT,2026,60,tuyensinh247
37823aa1-a643-52ba-b994-a7f9438f3bd3,b76cfbe4-2f54-5dff-9a69-7cd20101140d,DGNL_HN,2026,75,tuyensinh247
182d7306-568a-5cc6-901c-5a0b562234f1,b76cfbe4-2f54-5dff-9a69-7cd20101140d,DGTD,2026,75,tuyensinh247
d63ee97f-8f6b-54ce-8efe-b9533d0cbc31,b76cfbe4-2f54-5dff-9a69-7cd20101140d,THPT,2026,75,tuyensinh247
06d3d13c-0613-5a97-b550-381757cdf96f,69ccb285-1656-542d-8342-553a9e5f9a78,DGNL_HN,2026,125,tuyensinh247
b629b034-5128-55c2-a6ab-a6da2eed3309,69ccb285-1656-542d-8342-553a9e5f9a78,DGTD,2026,125,tuyensinh247
251ba1c0-759e-5227-a432-a59311bce1b1,69ccb285-1656-542d-8342-553a9e5f9a78,THPT,2026,125,tuyensinh247
e2c72f99-7948-57d0-bb4d-3358a905d1b6,407f0f77-7401-5e57-b2e7-12813f200dc0,DGNL_HN,2026,120,tuyensinh247
bfe07fed-ecbb-57cb-9509-9282e6f40f25,407f0f77-7401-5e57-b2e7-12813f200dc0,DGTD,2026,120,tuyensinh247
658e991d-48ab-54a9-9a94-857e07da59b9,407f0f77-7401-5e57-b2e7-12813f200dc0,THPT,2026,120,tuyensinh247
688bd418-fd85-5e99-8aff-6dbf49c97c05,6b1d2c9c-a0ae-54f2-a3f9-f42914a43d58,DGNL_HN,2026,75,tuyensinh247
0bc020a2-5725-513b-a0df-450c6130cf6a,6b1d2c9c-a0ae-54f2-a3f9-f42914a43d58,DGTD,2026,75,tuyensinh247
2924dda2-28da-5770-9f9c-33c3261e162c,6b1d2c9c-a0ae-54f2-a3f9-f42914a43d58,THPT,2026,75,tuyensinh247
176dfdc8-fd7e-522e-9d7e-65fe8b89fd76,d07de7c1-6ebf-52b7-9a63-0e867231891f,DGNL_HN,2026,100,tuyensinh247
6f51b30a-fab3-5763-93fd-b7c8050ba5fc,d07de7c1-6ebf-52b7-9a63-0e867231891f,DGTD,2026,100,tuyensinh247
e75755da-cee1-56cd-8d99-c8a059fb7b64,d07de7c1-6ebf-52b7-9a63-0e867231891f,THPT,2026,100,tuyensinh247
62651d9f-d0fc-5e6d-83c5-69133e38eefb,483ed30f-4815-5258-a015-bebe8c5c8b89,DGNL_HN,2026,75,tuyensinh247
3a5699c0-2609-5e48-b8d4-624453fc7c36,483ed30f-4815-5258-a015-bebe8c5c8b89,DGTD,2026,75,tuyensinh247
2632d77a-421f-5e61-8ba7-537537329958,483ed30f-4815-5258-a015-bebe8c5c8b89,THPT,2026,75,tuyensinh247
21c6bcce-f120-5b4c-a687-ef61b6628af1,fd770351-c8be-5c7a-ad34-b0c7672e7712,DGNL_HN,2026,100,tuyensinh247
543ade5f-c9af-50d9-a1a1-d8d14ba06866,fd770351-c8be-5c7a-ad34-b0c7672e7712,DGTD,2026,100,tuyensinh247
940b92ab-ee04-5997-9c54-a2c5add22d0a,fd770351-c8be-5c7a-ad34-b0c7672e7712,THPT,2026,100,tuyensinh247
4e7103ef-bd3e-52a0-8369-09e026bfdbbb,54ad73d7-548f-5bea-9896-2b7f2ef68ac7,DGNL_HN,2026,75,tuyensinh247
c9af6035-557c-5f50-a6e9-45b7dea7b04c,54ad73d7-548f-5bea-9896-2b7f2ef68ac7,DGTD,2026,75,tuyensinh247
54fe5fb5-4bc6-5b88-b723-a7e914ecd36f,54ad73d7-548f-5bea-9896-2b7f2ef68ac7,THPT,2026,75,tuyensinh247
47d592f6-686b-539f-aeaf-07023d5c8ee5,561697d6-5506-5db8-b2ba-40102553b144,DGNL_HN,2026,100,tuyensinh247
c7d9d486-5d2d-5f5c-a1f7-aad39798aae6,561697d6-5506-5db8-b2ba-40102553b144,DGTD,2026,100,tuyensinh247
f63449b2-cfbf-5a0f-a072-37ae57c4cee1,561697d6-5506-5db8-b2ba-40102553b144,THPT,2026,100,tuyensinh247
08027471-4052-572e-95ac-a2d40a9731b9,99173b57-48a2-5d7e-83fb-26d9fb6357b9,DGNL_HN,2026,180,tuyensinh247
7a72199a-480c-5038-a60d-e404d5d0cba5,99173b57-48a2-5d7e-83fb-26d9fb6357b9,DGTD,2026,180,tuyensinh247
605028ca-2f01-53a2-b442-c1ef452785c6,99173b57-48a2-5d7e-83fb-26d9fb6357b9,THPT,2026,180,tuyensinh247
91b5f1e0-3058-5c18-a5bc-24db8f312e6a,e9cc3938-b90e-532e-b497-fd6f303fc91c,DGNL_HN,2026,120,tuyensinh247
552170b5-52d1-5afa-a750-3569d217814c,e9cc3938-b90e-532e-b497-fd6f303fc91c,DGTD,2026,120,tuyensinh247
1d11eeb4-e016-5bf4-a923-c5cd935bc285,e9cc3938-b90e-532e-b497-fd6f303fc91c,THPT,2026,120,tuyensinh247
53dadd2d-f534-54ab-94af-b0f87b0ff0c4,21b728e5-e26e-53a7-aa25-7b72c4a78fe1,DGNL_HN,2026,75,tuyensinh247
d090074b-26c2-5c67-98c6-995aecf07e23,21b728e5-e26e-53a7-aa25-7b72c4a78fe1,DGTD,2026,75,tuyensinh247
051158d4-be34-565f-86fb-e781d09b7964,21b728e5-e26e-53a7-aa25-7b72c4a78fe1,THPT,2026,75,tuyensinh247
4642cab1-2aa8-5e6b-b0ba-009fcd22c33d,222a8dad-8a59-5d07-a316-0c5437134550,DGNL_HN,2026,75,tuyensinh247
43ceeadf-3124-515f-8ee4-cc62e5c97212,222a8dad-8a59-5d07-a316-0c5437134550,DGTD,2026,75,tuyensinh247
2989ab92-b9c7-523e-ba9b-53c4cba32c99,222a8dad-8a59-5d07-a316-0c5437134550,THPT,2026,75,tuyensinh247
387a95ee-ddb8-5dc0-853e-36872276146a,9cf33e3a-8a4d-5210-8422-a3049b506f4d,DGNL_HN,2026,180,tuyensinh247
9384a734-e2fd-5734-a58f-873c22d02818,9cf33e3a-8a4d-5210-8422-a3049b506f4d,DGTD,2026,180,tuyensinh247
a795dccb-c6c0-5d13-a450-8b9de49e1f92,9cf33e3a-8a4d-5210-8422-a3049b506f4d,HBA,2026,180,tuyensinh247
469a4528-24af-5dd9-a6a9-332c40161d4f,9cf33e3a-8a4d-5210-8422-a3049b506f4d,THPT,2026,180,tuyensinh247
02e88cbf-f0f9-5bbd-9785-472be84d0ec0,006dd7fb-b60e-50dd-9495-e60d45286c16,DGNL_HN,2026,70,tuyensinh247
968cdeba-81c7-5c0f-80c1-18d3f4ceb8ea,006dd7fb-b60e-50dd-9495-e60d45286c16,DGTD,2026,70,tuyensinh247
bb84658c-b098-5c73-8fd2-d82dd35d9bf2,006dd7fb-b60e-50dd-9495-e60d45286c16,HBA,2026,70,tuyensinh247
3e317d0d-a64b-51dc-b6c4-bcb2dd33f0e5,006dd7fb-b60e-50dd-9495-e60d45286c16,THPT,2026,70,tuyensinh247
d9e4c161-057b-5773-a16e-3307aca9efa1,91873a8d-a794-56cd-8b7b-8f9170fc0d51,DGNL_HN,2026,100,tuyensinh247
2c205fc6-e896-5b69-96fc-7f804a72ac57,91873a8d-a794-56cd-8b7b-8f9170fc0d51,DGTD,2026,100,tuyensinh247
bb004f01-aab3-5e62-beab-7889d7f3760b,91873a8d-a794-56cd-8b7b-8f9170fc0d51,HBA,2026,100,tuyensinh247
b1a26237-ffc8-54a3-830e-822f72a5a946,91873a8d-a794-56cd-8b7b-8f9170fc0d51,THPT,2026,100,tuyensinh247
d18a1a10-15a0-5c20-9cac-7f219e6c750d,82129020-d983-58a3-b3f8-49db30426b92,DGNL_HN,2026,120,tuyensinh247
b2f7acb7-adf0-532b-a517-36b421a01e05,82129020-d983-58a3-b3f8-49db30426b92,DGTD,2026,120,tuyensinh247
4a9a5034-9dc0-5c03-865b-2c607b86e474,82129020-d983-58a3-b3f8-49db30426b92,HBA,2026,120,tuyensinh247
fd247041-e164-56ca-bb0e-84d04c954536,82129020-d983-58a3-b3f8-49db30426b92,THPT,2026,120,tuyensinh247
90a61291-cb07-56d3-8872-8c649b5823b5,3ec4eafd-94ee-5299-941c-f45bfaa4c588,DGNL_HN,2026,120,tuyensinh247
d1b5ced8-2acc-5dda-aac0-fe386a96f284,3ec4eafd-94ee-5299-941c-f45bfaa4c588,DGTD,2026,120,tuyensinh247
b605a447-9449-500a-891a-349956662db0,3ec4eafd-94ee-5299-941c-f45bfaa4c588,HBA,2026,120,tuyensinh247
01ae81b5-d556-5a47-abbb-6d71746dface,3ec4eafd-94ee-5299-941c-f45bfaa4c588,THPT,2026,120,tuyensinh247
83eae8d5-cac1-5be3-a3fd-44c221a876cc,55208fed-b139-5939-b232-0b3e519ad1ed,DGNL_HN,2026,50,tuyensinh247
eb2017eb-2788-5efa-88f2-911fbc9a8404,55208fed-b139-5939-b232-0b3e519ad1ed,DGTD,2026,50,tuyensinh247
d5543347-011a-5b44-a558-c9c5c42d3d88,55208fed-b139-5939-b232-0b3e519ad1ed,HBA,2026,50,tuyensinh247
597908d8-b0da-596a-ab34-8b49ee945b70,55208fed-b139-5939-b232-0b3e519ad1ed,THPT,2026,50,tuyensinh247
6c265903-62a8-57a2-88d0-809364397384,9517934e-ee66-55dc-be61-2387fc56e825,DGNL_HN,2026,210,tuyensinh247
97c7a7a1-864d-5179-9d7d-ddc04cc88367,9517934e-ee66-55dc-be61-2387fc56e825,DGTD,2026,210,tuyensinh247
6998abfb-425d-5d63-a108-8210e2cba073,9517934e-ee66-55dc-be61-2387fc56e825,HBA,2026,210,tuyensinh247
ff3ad6b3-4c74-57bb-af37-1a928908d130,9517934e-ee66-55dc-be61-2387fc56e825,THPT,2026,210,tuyensinh247
3c51fb95-6e9b-52d1-ad18-275eac115736,98460437-9916-5d81-9992-7e6253d02570,DGNL_HN,2026,140,tuyensinh247
1ff6fbf8-dc58-5dfd-b36d-e4d3c6dcd3e8,98460437-9916-5d81-9992-7e6253d02570,DGTD,2026,140,tuyensinh247
fd48a452-dfb4-5559-97fe-228bbb3a75c3,98460437-9916-5d81-9992-7e6253d02570,HBA,2026,140,tuyensinh247
d66ecf5b-0f4b-55b7-ac41-e2283e80df4c,98460437-9916-5d81-9992-7e6253d02570,THPT,2026,140,tuyensinh247
eb72d551-85f4-50bc-ae75-c410fd86a482,44a0456d-ea76-5e17-8251-bb691165efe9,DGNL_HN,2026,140,tuyensinh247
eb3cef69-43f4-588b-b6c4-449ade23f312,44a0456d-ea76-5e17-8251-bb691165efe9,DGTD,2026,140,tuyensinh247
d64b53e1-ba2a-583a-955b-0e6fb2835b52,44a0456d-ea76-5e17-8251-bb691165efe9,HBA,2026,140,tuyensinh247
bdc62b19-23a2-5d54-9e7f-d10165dffe94,44a0456d-ea76-5e17-8251-bb691165efe9,THPT,2026,140,tuyensinh247
5075853f-563e-5985-b15f-ca14916c4b20,83dfea40-712e-5e58-bf23-d13b8b20e023,DGNL_HN,2026,100,tuyensinh247
869ac2f6-a680-52a3-b23f-68fd9492a276,83dfea40-712e-5e58-bf23-d13b8b20e023,DGTD,2026,100,tuyensinh247
ee43518b-8bf2-591f-bf56-f2bd8dc2bab7,83dfea40-712e-5e58-bf23-d13b8b20e023,HBA,2026,100,tuyensinh247
5743054a-e1e3-53b6-a388-ec8612509e3b,83dfea40-712e-5e58-bf23-d13b8b20e023,THPT,2026,100,tuyensinh247
3ce78a1c-efe6-5338-a425-cde6c8597e23,f59d5cfb-75ee-5e85-82ee-5fac0e002ec4,DGNL_HN,2026,120,tuyensinh247
192b9f4c-c474-54c5-a085-d91a2fe8791c,f59d5cfb-75ee-5e85-82ee-5fac0e002ec4,DGTD,2026,120,tuyensinh247
31715719-118a-5670-b37f-c41ca2d5cbb2,f59d5cfb-75ee-5e85-82ee-5fac0e002ec4,HBA,2026,120,tuyensinh247
f5635562-436b-5f05-92c0-5976244a90d0,f59d5cfb-75ee-5e85-82ee-5fac0e002ec4,THPT,2026,120,tuyensinh247
3bcc01a0-fa8d-5ac9-b74f-2e2976adcc99,ec1f3280-b67b-5542-9fda-a2167b4185d7,DGNL_HN,2026,60,tuyensinh247
b69a3854-b041-5594-91e2-728d71570fb3,ec1f3280-b67b-5542-9fda-a2167b4185d7,DGTD,2026,60,tuyensinh247
0e22a4b8-7b48-5436-abb5-c4d24ab12c16,ec1f3280-b67b-5542-9fda-a2167b4185d7,HBA,2026,60,tuyensinh247
ba56347c-6b40-5961-a964-1607bfcb0352,ec1f3280-b67b-5542-9fda-a2167b4185d7,THPT,2026,60,tuyensinh247
582c2ade-5ebe-5799-a1c9-a0918d48a2db,35552e80-d17b-5ee5-a7e5-40139663d68d,DGNL_HN,2026,80,tuyensinh247
d7e9128c-3f10-5e32-b2c4-4f218a1e199d,35552e80-d17b-5ee5-a7e5-40139663d68d,DGTD,2026,80,tuyensinh247
e435cfb4-62fb-59ad-b00e-a7e1ad2d34f5,35552e80-d17b-5ee5-a7e5-40139663d68d,HBA,2026,80,tuyensinh247
096eb333-649a-5ab3-a9ad-609cda25671e,35552e80-d17b-5ee5-a7e5-40139663d68d,THPT,2026,80,tuyensinh247
fdedbf3d-0a1f-549d-ad8d-1d7c885a2b95,68530a61-2c3d-511a-93de-86a0a1a3a9d3,DGNL_HN,2026,120,tuyensinh247
c06af437-1465-5f4c-8bba-bd7a83218623,68530a61-2c3d-511a-93de-86a0a1a3a9d3,DGTD,2026,120,tuyensinh247
59cc135e-d24f-59ee-8e82-514f6deda907,68530a61-2c3d-511a-93de-86a0a1a3a9d3,HBA,2026,120,tuyensinh247
c9dc7097-b29c-54e4-a1e0-ac6cd3b6eb98,68530a61-2c3d-511a-93de-86a0a1a3a9d3,THPT,2026,120,tuyensinh247
0f16ec59-b02b-5daa-83f1-bf80a3cc6c67,fc3aa268-1379-584b-bae9-3f9cbe2f4db1,DGNL_HN,2026,70,tuyensinh247
f63d6917-06fe-544e-8191-e541355870b1,fc3aa268-1379-584b-bae9-3f9cbe2f4db1,DGTD,2026,70,tuyensinh247
9684a684-f3b4-5e01-b0dd-528b212c1eff,fc3aa268-1379-584b-bae9-3f9cbe2f4db1,HBA,2026,70,tuyensinh247
ebfe7c7b-4c30-5fac-b2a0-e747d0af33cf,fc3aa268-1379-584b-bae9-3f9cbe2f4db1,THPT,2026,70,tuyensinh247
a76627b1-750a-571b-bf40-d5dd64ef00fd,f2803f84-3b55-5e59-b157-6bbbac94fd7a,DGNL_HN,2026,70,tuyensinh247
54ebd2ff-7259-5e4e-b43f-568a8aeef7b6,f2803f84-3b55-5e59-b157-6bbbac94fd7a,DGTD,2026,70,tuyensinh247
39a003c6-b1c1-5605-8c32-9b5ea056eff2,f2803f84-3b55-5e59-b157-6bbbac94fd7a,HBA,2026,70,tuyensinh247
15c46757-22fe-54b3-b6ed-d65b645ff334,f2803f84-3b55-5e59-b157-6bbbac94fd7a,THPT,2026,70,tuyensinh247
328e94ef-10c9-59ac-a683-501a03a17d1d,d4419be0-05a7-5062-85a1-9e80a7edfc39,DGNL_HN,2026,80,tuyensinh247
c0f95b11-46c3-5bf5-bae3-52a93a60f5d4,d4419be0-05a7-5062-85a1-9e80a7edfc39,DGTD,2026,80,tuyensinh247
0ac0b459-9e16-50cc-8af5-ecf33c77bd17,d4419be0-05a7-5062-85a1-9e80a7edfc39,HBA,2026,80,tuyensinh247
6d7a367e-d413-51bc-aebc-28a14ad3ab35,d4419be0-05a7-5062-85a1-9e80a7edfc39,THPT,2026,80,tuyensinh247
9ab20278-9a71-5f17-a3c5-5fe2060d8a36,90bb63b2-2783-55b6-8eca-2191662500c0,DGNL_HN,2026,120,tuyensinh247
2fe87534-de2f-56c1-a5f8-9b43fc479a01,90bb63b2-2783-55b6-8eca-2191662500c0,DGTD,2026,120,tuyensinh247
7d493a48-b932-527c-be23-027067929864,90bb63b2-2783-55b6-8eca-2191662500c0,HBA,2026,120,tuyensinh247
fd3ac7b0-e7f1-56cb-b009-9b96b494e1a7,90bb63b2-2783-55b6-8eca-2191662500c0,THPT,2026,120,tuyensinh247
fabb3017-55a7-5585-b0a2-05ede35ee1d5,3746200f-45b9-5d06-ae4a-3dc2eb1a7bdf,DGNL_HN,2026,70,tuyensinh247
df11f7bd-5b3c-5255-991d-64857474ba3b,3746200f-45b9-5d06-ae4a-3dc2eb1a7bdf,DGTD,2026,70,tuyensinh247
c6b28e53-b334-5a38-b322-59ddeb267124,3746200f-45b9-5d06-ae4a-3dc2eb1a7bdf,HBA,2026,70,tuyensinh247
d7f0e72f-1220-5cf9-9c79-0c90989b51b4,3746200f-45b9-5d06-ae4a-3dc2eb1a7bdf,THPT,2026,70,tuyensinh247
cde23397-5f6f-5c44-bef5-b15f5c4ea20c,9e732af7-b554-532e-839f-ed30cef6e42e,DGNL_HN,2026,60,tuyensinh247
43e3a739-4eac-5faa-ae62-c3d6546a372e,9e732af7-b554-532e-839f-ed30cef6e42e,DGTD,2026,60,tuyensinh247
32645286-3981-5f05-bd78-abd0906562da,9e732af7-b554-532e-839f-ed30cef6e42e,HBA,2026,60,tuyensinh247
ec128bdb-a609-56f8-8f58-96dbdd297798,9e732af7-b554-532e-839f-ed30cef6e42e,THPT,2026,60,tuyensinh247
7e2beacf-f9f5-5f3e-a924-6e4caca46597,c3c10cd1-b231-5838-b185-7c77abc74b39,DGNL_HN,2026,60,tuyensinh247
c27210b2-8255-5b74-afe3-8152e1334cf9,c3c10cd1-b231-5838-b185-7c77abc74b39,DGTD,2026,60,tuyensinh247
3bf5ae1d-5205-5184-9642-1e039d91f9e2,c3c10cd1-b231-5838-b185-7c77abc74b39,HBA,2026,60,tuyensinh247
37bffd30-adfe-5a22-a597-be348b1aa726,c3c10cd1-b231-5838-b185-7c77abc74b39,THPT,2026,60,tuyensinh247
1095209d-86a9-5b42-9ccc-31d8005812bd,53956083-4dda-53ba-8023-ec69e43b5d82,DGNL_HN,2026,50,tuyensinh247
c01da524-2858-5b32-8171-d3159dc9795f,53956083-4dda-53ba-8023-ec69e43b5d82,DGTD,2026,50,tuyensinh247
4a6cf5f9-a9d8-568d-8fc1-8bfb8bb09ed0,53956083-4dda-53ba-8023-ec69e43b5d82,HBA,2026,50,tuyensinh247
3c941384-5545-5aae-af65-256394215fa5,53956083-4dda-53ba-8023-ec69e43b5d82,THPT,2026,50,tuyensinh247
421cace0-8d54-5004-a86f-0cab5f4c9e83,4efac236-c0ca-5263-9fa5-b26ade3eee26,DGNL_HN,2026,80,tuyensinh247
4fadbd5c-9ede-5282-b490-0e62b9867fc9,4efac236-c0ca-5263-9fa5-b26ade3eee26,DGTD,2026,80,tuyensinh247
44273a16-d11d-5408-bb8b-e854a62fce68,4efac236-c0ca-5263-9fa5-b26ade3eee26,HBA,2026,80,tuyensinh247
d324c086-b75f-5a8e-820c-4b6ab44d4cb8,4efac236-c0ca-5263-9fa5-b26ade3eee26,THPT,2026,80,tuyensinh247
1c4c55fb-a8af-5c4e-9dac-bf9e87e4b713,05898ab2-58db-55dd-b1fb-90abd15ace6c,DGNL_HN,2026,140,tuyensinh247
7607c76b-2724-5001-85fe-c17238e43617,05898ab2-58db-55dd-b1fb-90abd15ace6c,DGTD,2026,140,tuyensinh247
b102acb5-d694-5220-b941-6b1a3e9a9ae9,05898ab2-58db-55dd-b1fb-90abd15ace6c,HBA,2026,140,tuyensinh247
884b4cd2-08b9-5295-a84f-a813bdf975df,05898ab2-58db-55dd-b1fb-90abd15ace6c,THPT,2026,140,tuyensinh247
179a9e44-b671-59fd-85db-44d6c69f2790,f53c9cf6-89af-5feb-b16d-9507cc4b57a9,DGNL_HN,2026,70,tuyensinh247
93fabd9b-a8f2-511e-9d67-868f590236ae,f53c9cf6-89af-5feb-b16d-9507cc4b57a9,DGTD,2026,70,tuyensinh247
3de77e39-5f63-5330-a8e2-caa279c6f080,f53c9cf6-89af-5feb-b16d-9507cc4b57a9,HBA,2026,70,tuyensinh247
2f580974-0df7-5661-8abb-df3e0ac3a10d,f53c9cf6-89af-5feb-b16d-9507cc4b57a9,THPT,2026,70,tuyensinh247
6b68d95a-db7a-580d-a8b6-100fec546e4f,c2c8c9b5-0eeb-59e8-9233-ec1062b9fac2,DGNL_HN,2026,120,tuyensinh247
59867406-7c48-5195-9aec-19027c117c98,c2c8c9b5-0eeb-59e8-9233-ec1062b9fac2,DGTD,2026,120,tuyensinh247
4cf8a2ae-cc6b-5f22-8fed-d9df4d66390d,c2c8c9b5-0eeb-59e8-9233-ec1062b9fac2,HBA,2026,120,tuyensinh247
8fa399e3-2621-5cf5-8bf9-f7fa7a59ac8f,c2c8c9b5-0eeb-59e8-9233-ec1062b9fac2,THPT,2026,120,tuyensinh247
3fd303f0-6723-50d4-8bbe-59e7d3f954c6,5d3046bb-8efb-5497-84c9-ee79389cbe04,DGNL_HN,2026,70,tuyensinh247
b6dbe87b-7061-50b5-a623-0fc35745257a,5d3046bb-8efb-5497-84c9-ee79389cbe04,DGTD,2026,70,tuyensinh247
e18cf717-d019-52c7-8734-61241f5c77db,5d3046bb-8efb-5497-84c9-ee79389cbe04,HBA,2026,70,tuyensinh247
f9f5f770-f7bd-55c7-8def-43940072eab7,5d3046bb-8efb-5497-84c9-ee79389cbe04,THPT,2026,70,tuyensinh247
d36c8f74-af44-597b-ac7a-e2d6c9c1bf00,63248071-2390-5daa-928a-947a73f06f67,DGNL_HN,2026,350,tuyensinh247
06b39a08-eb56-5548-96f5-2c811114cc4b,63248071-2390-5daa-928a-947a73f06f67,DGTD,2026,350,tuyensinh247
c664052f-ae72-5a56-9e6c-38dce73685db,63248071-2390-5daa-928a-947a73f06f67,HBA,2026,350,tuyensinh247
8c4f3ba7-81c4-5acf-a5a2-1710c7d47122,63248071-2390-5daa-928a-947a73f06f67,THPT,2026,350,tuyensinh247
1b99a7f4-aeb2-5edb-aef3-e9e6310f8d1d,5ae24839-9e4f-5f0f-a228-bf88c32be8ee,DGNL_HN,2026,140,tuyensinh247
b1590876-00d3-53f9-8fd2-39d6e8dc312c,5ae24839-9e4f-5f0f-a228-bf88c32be8ee,DGTD,2026,140,tuyensinh247
9553034e-8f02-55f7-b004-69d8fa29c303,5ae24839-9e4f-5f0f-a228-bf88c32be8ee,HBA,2026,140,tuyensinh247
171fff03-3f33-5def-a52a-4c9b3a42dca3,5ae24839-9e4f-5f0f-a228-bf88c32be8ee,THPT,2026,140,tuyensinh247
951eb5d4-2daa-53df-863d-89b122d7008b,5723cf52-aa50-51e4-849a-1fbe61e7bf05,DGNL_HN,2026,60,tuyensinh247
326ac28d-4a98-5fa2-bd69-848b18f9a351,5723cf52-aa50-51e4-849a-1fbe61e7bf05,DGTD,2026,60,tuyensinh247
0274104a-6bb1-5982-829e-57ee3db18880,5723cf52-aa50-51e4-849a-1fbe61e7bf05,HBA,2026,60,tuyensinh247
b201fe6b-e5f8-54f8-8216-1cae4aa15c2f,5723cf52-aa50-51e4-849a-1fbe61e7bf05,THPT,2026,60,tuyensinh247
31a023c4-c449-5ec0-8f16-e351a906a6fc,925c9d50-9ffc-5f3d-a81e-14d0d84d35ac,DGNL_HN,2026,140,tuyensinh247
77d43c96-1582-5db0-a663-bfad8d413130,925c9d50-9ffc-5f3d-a81e-14d0d84d35ac,DGTD,2026,140,tuyensinh247
60924546-9400-5e22-a766-f9906e97da01,925c9d50-9ffc-5f3d-a81e-14d0d84d35ac,HBA,2026,140,tuyensinh247
bfdabbce-620a-5187-ad50-e362b8baa912,925c9d50-9ffc-5f3d-a81e-14d0d84d35ac,THPT,2026,140,tuyensinh247
123568e2-bd0e-5cf8-8f73-98039f4c2d77,7454626b-79d1-5e11-839f-854a12635b7c,DGNL_HN,2026,70,tuyensinh247
fc669df0-bd66-5755-8b80-466252a51a17,7454626b-79d1-5e11-839f-854a12635b7c,DGTD,2026,70,tuyensinh247
053f0ffb-8039-5afa-9af2-166fbcce0db9,7454626b-79d1-5e11-839f-854a12635b7c,HBA,2026,70,tuyensinh247
5f443309-5338-5983-b9ae-2cf515153118,7454626b-79d1-5e11-839f-854a12635b7c,THPT,2026,70,tuyensinh247
8e789226-abe1-5dfd-bcc5-0e44f54a8778,67623353-c0fb-5895-8e8e-ac646b2f0de4,DGNL_HN,2026,120,tuyensinh247
de8a7bd0-678e-5543-946a-ff1d01000fad,67623353-c0fb-5895-8e8e-ac646b2f0de4,DGTD,2026,120,tuyensinh247
dd2acd95-dbd5-518d-9e6f-66c33a4024cc,67623353-c0fb-5895-8e8e-ac646b2f0de4,HBA,2026,120,tuyensinh247
72e952ad-ed5d-5ac2-b14d-d726d9dd811d,67623353-c0fb-5895-8e8e-ac646b2f0de4,THPT,2026,120,tuyensinh247
f087bca7-6721-5a9b-a8b1-ad4d12dc5296,87a8ace7-37da-59a0-8875-bcd46f2eda67,DGNL_HN,2026,70,tuyensinh247
1c72c5b2-1400-5298-b154-bc4ab81974a9,87a8ace7-37da-59a0-8875-bcd46f2eda67,DGTD,2026,70,tuyensinh247
47746906-a1d4-5b27-8bfe-af071bee3832,87a8ace7-37da-59a0-8875-bcd46f2eda67,HBA,2026,70,tuyensinh247
a5b3469f-b1af-5729-9691-e923b7169688,87a8ace7-37da-59a0-8875-bcd46f2eda67,THPT,2026,70,tuyensinh247
f9c4b404-d8d6-5ffa-8c54-1a1ffceedaab,75f0eed0-8d98-5b45-ac69-9169ea15f686,DGNL_HN,2026,70,tuyensinh247
d0fe08be-f6bf-5ac3-8e44-5819c3271668,75f0eed0-8d98-5b45-ac69-9169ea15f686,DGTD,2026,70,tuyensinh247
3d1e6083-6459-58d0-b59a-7f0f55cba0a8,75f0eed0-8d98-5b45-ac69-9169ea15f686,HBA,2026,70,tuyensinh247
532fe97a-1585-55ae-ae5a-638c742dd7ae,75f0eed0-8d98-5b45-ac69-9169ea15f686,THPT,2026,70,tuyensinh247
4d0a9f2a-1c21-5292-8607-a2e237a1fbf6,6e057415-734a-5313-8c98-1cc3e1d07718,DGNL_HN,2026,180,tuyensinh247
57ace33f-7f57-5d58-95cd-3c2d1bfbd068,6e057415-734a-5313-8c98-1cc3e1d07718,DGTD,2026,180,tuyensinh247
55edb769-9b5b-55af-a7de-d50c52832bbc,6e057415-734a-5313-8c98-1cc3e1d07718,HBA,2026,180,tuyensinh247
2cc29241-a4da-5be7-ad0a-8b3b48f8a210,6e057415-734a-5313-8c98-1cc3e1d07718,THPT,2026,180,tuyensinh247
bf776a17-4740-582e-9fbc-ea5bf40b5af2,d2b77e9e-aa7c-5e97-8604-ff9c557389e5,DGNL_HN,2026,60,tuyensinh247
b43cf384-6180-56e9-b02b-eddeb1fe6c01,d2b77e9e-aa7c-5e97-8604-ff9c557389e5,DGTD,2026,60,tuyensinh247
a4d24b7e-32ce-5fa8-ab8a-9b210e184d3c,d2b77e9e-aa7c-5e97-8604-ff9c557389e5,HBA,2026,60,tuyensinh247
d5d3a580-2842-5801-9b18-eeb05c8be608,d2b77e9e-aa7c-5e97-8604-ff9c557389e5,THPT,2026,60,tuyensinh247
88127698-4fb0-5442-b112-199268da7239,275266de-a991-5934-a5db-45cd98f62684,DGNL_HN,2026,60,tuyensinh247
1d2c322e-8f9e-5eee-bad2-429fcdb2feff,275266de-a991-5934-a5db-45cd98f62684,DGTD,2026,60,tuyensinh247
753a025e-3469-5900-877f-ec089d308bb4,275266de-a991-5934-a5db-45cd98f62684,HBA,2026,60,tuyensinh247
1d7d28c6-00b0-5684-9075-c6487c8900ae,275266de-a991-5934-a5db-45cd98f62684,THPT,2026,60,tuyensinh247
db81432f-8c13-59fd-9018-e16ef74d27f6,f09c9c1e-fbdf-5c65-9135-1849a59e3edf,DGNL_HN,2026,80,tuyensinh247
455ea06e-c83e-5197-b4bf-f95590a7e49c,f09c9c1e-fbdf-5c65-9135-1849a59e3edf,DGTD,2026,80,tuyensinh247
672d68f8-a1d0-51e3-bc05-39d4295edeac,f09c9c1e-fbdf-5c65-9135-1849a59e3edf,HBA,2026,80,tuyensinh247
70c349b0-ef64-577b-912f-632fcb12f195,f09c9c1e-fbdf-5c65-9135-1849a59e3edf,THPT,2026,80,tuyensinh247
d6760d6c-e03e-5e24-add8-e0a36ce2b14f,8e196aaa-d2e8-5833-90c1-83b21a378205,DGNL_HN,2026,120,tuyensinh247
3cbea851-f919-5668-801a-a2cf7b86e73a,8e196aaa-d2e8-5833-90c1-83b21a378205,DGTD,2026,120,tuyensinh247
7979119c-37c8-52ec-b58b-6396632b8415,8e196aaa-d2e8-5833-90c1-83b21a378205,HBA,2026,120,tuyensinh247
44588636-e10a-5646-9d1b-1f3e4c2c4ecd,8e196aaa-d2e8-5833-90c1-83b21a378205,THPT,2026,120,tuyensinh247
cf43b989-b9ea-5484-ac55-ba56e26cdbea,82a9415e-f8f6-5ab4-83bf-6eec012e5e87,DGNL_HN,2026,180,tuyensinh247
dbefd802-a088-5479-a1fb-9abcf199545d,82a9415e-f8f6-5ab4-83bf-6eec012e5e87,DGTD,2026,180,tuyensinh247
b7e87fec-fbd6-5d24-8f15-abcd2363c7e3,82a9415e-f8f6-5ab4-83bf-6eec012e5e87,HBA,2026,180,tuyensinh247
06f53b5c-f2bd-5e3a-a299-d259906354b2,82a9415e-f8f6-5ab4-83bf-6eec012e5e87,THPT,2026,180,tuyensinh247
3570ab52-6c64-5ce8-83f1-a26b19bc48e7,71d670a4-6140-5411-93fe-fcb8412ff41b,DGNL_HN,2026,120,tuyensinh247
94764ca1-905e-5054-a602-59f963816419,71d670a4-6140-5411-93fe-fcb8412ff41b,DGTD,2026,120,tuyensinh247
b893ba70-b190-51f3-818f-d2dbb3fa894c,71d670a4-6140-5411-93fe-fcb8412ff41b,HBA,2026,120,tuyensinh247
0f74b5ba-3623-5fae-b007-bcc59c22042e,71d670a4-6140-5411-93fe-fcb8412ff41b,THPT,2026,120,tuyensinh247
b203e5a0-757c-5b00-8970-679ed61d3f76,2440c8ba-f07a-52e7-9f71-7826cf225d0d,DGNL_HN,2026,70,tuyensinh247
0a56c43d-eb54-53cd-93ce-6cb51fc3e83d,2440c8ba-f07a-52e7-9f71-7826cf225d0d,DGTD,2026,70,tuyensinh247
164157d8-43ec-5a8c-bb75-e1f1be4e7851,2440c8ba-f07a-52e7-9f71-7826cf225d0d,HBA,2026,70,tuyensinh247
dd33ab69-d53b-5e4e-911f-b78ae18e48c8,2440c8ba-f07a-52e7-9f71-7826cf225d0d,THPT,2026,70,tuyensinh247
b41c8cd3-47ce-5dfd-a704-fe273854fd8d,fb856203-cd6b-57f2-995a-5fa736dadb0f,DGNL_HN,2026,70,tuyensinh247
368ca379-eb3e-5294-b143-b20bccd2f811,fb856203-cd6b-57f2-995a-5fa736dadb0f,DGTD,2026,70,tuyensinh247
dd8c8e0b-c76d-58d6-9124-5dd73bd94940,fb856203-cd6b-57f2-995a-5fa736dadb0f,HBA,2026,70,tuyensinh247
839bc573-3812-5518-9949-ff089bcbf7a0,fb856203-cd6b-57f2-995a-5fa736dadb0f,THPT,2026,70,tuyensinh247
48cdfdb1-c718-5d32-ac1e-e5fcee8c8b97,50ba6ec2-5b31-56eb-9062-2c52f6546e5a,DGNL_HN,2026,60,tuyensinh247
ccc568c2-c797-5359-b8d0-aa7113e25d49,50ba6ec2-5b31-56eb-9062-2c52f6546e5a,DGTD,2026,60,tuyensinh247
da07965f-35e2-5e12-b182-c879122fd355,50ba6ec2-5b31-56eb-9062-2c52f6546e5a,HBA,2026,60,tuyensinh247
ea128f35-7341-5570-aa33-a567ad2b2b1f,50ba6ec2-5b31-56eb-9062-2c52f6546e5a,THPT,2026,60,tuyensinh247
2416d681-349d-52cb-951d-90f596f45350,28e5f858-a4f2-576b-a67b-9629e06ec52c,DGNL_HN,2026,,tuyensinh247
a0809a80-5c78-5a10-a5fa-fc71ad78a15d,28e5f858-a4f2-576b-a67b-9629e06ec52c,DGTD,2026,,tuyensinh247
33c05731-ba03-5522-ae34-b9384afb1dd8,28e5f858-a4f2-576b-a67b-9629e06ec52c,THPT,2026,,tuyensinh247
2a54f13f-d8f5-519b-a6f8-1f740684f410,a618e1e2-03a8-5e71-a068-a7938d6ca383,DGNL_HN,2026,,tuyensinh247
2ef9f9f3-a018-59b4-a873-1696b0c44810,a618e1e2-03a8-5e71-a068-a7938d6ca383,DGTD,2026,,tuyensinh247
6a72a9c9-b5da-5bbe-a415-2b1428162d5b,a618e1e2-03a8-5e71-a068-a7938d6ca383,THPT,2026,,tuyensinh247
661c80f0-633d-560e-be74-c1a42564bf91,43d19976-9bd0-54b1-8faa-b56e9cf39e37,DGNL_HN,2026,,tuyensinh247
4aa9f936-a025-5d4d-9ebc-59f827a2772d,43d19976-9bd0-54b1-8faa-b56e9cf39e37,DGTD,2026,,tuyensinh247
0b7481f3-3b99-5238-adee-55e801a1a7b0,43d19976-9bd0-54b1-8faa-b56e9cf39e37,THPT,2026,,tuyensinh247
1dbc92ec-12ed-5db0-aef5-7a58cef26eb3,f93e352e-9d37-504e-a9b7-5b090eb53817,DGNL_HN,2026,,tuyensinh247
404aed76-0cb8-5f84-b714-d7129f88d689,f93e352e-9d37-504e-a9b7-5b090eb53817,DGTD,2026,,tuyensinh247
289d90e8-ff5b-5621-83ad-7b072c0b0bd0,f93e352e-9d37-504e-a9b7-5b090eb53817,THPT,2026,,tuyensinh247
b8d961e8-2d86-5594-ae7d-be928f8eb4ac,34c992a0-e050-5eb4-87a3-42c55df30944,DGNL_HN,2026,,tuyensinh247
0f9d0da8-351e-5bf2-8179-21760e5a4a50,34c992a0-e050-5eb4-87a3-42c55df30944,DGTD,2026,,tuyensinh247
36c7824e-6ad3-576b-b7b7-f1376451ec29,34c992a0-e050-5eb4-87a3-42c55df30944,THPT,2026,,tuyensinh247
689db457-eacc-5654-a123-b55d126e9349,78ff261b-4514-58f7-bbac-cdaf2b9fdaa0,DGNL_HN,2026,,tuyensinh247
cf07d30b-49b8-5746-b1c2-cc06b82da965,78ff261b-4514-58f7-bbac-cdaf2b9fdaa0,DGTD,2026,,tuyensinh247
816b44da-33a0-5933-a532-d2e469ee6853,78ff261b-4514-58f7-bbac-cdaf2b9fdaa0,THPT,2026,,tuyensinh247
f6a9b5a7-8f7e-53ff-9af8-b82a95854a4b,81ec442d-93cc-5839-86ba-8f640903a709,DGNL_HN,2026,150,tuyensinh247
86afc415-be05-5124-96a5-c3f50139ca8b,81ec442d-93cc-5839-86ba-8f640903a709,DGTD,2026,150,tuyensinh247
2c468f19-4ff8-50ea-861f-92ddc591cb91,81ec442d-93cc-5839-86ba-8f640903a709,HBA,2026,150,tuyensinh247
f9491f90-c8b6-5c5a-a542-3ba14d5fed3d,81ec442d-93cc-5839-86ba-8f640903a709,THPT,2026,150,tuyensinh247
694addb7-df18-5c98-9b17-cd474a5ac395,7032641c-270e-54bd-9803-df9a2953e88c,DGNL_HN,2026,150,tuyensinh247
fef7d167-cf78-564b-908d-f2a1f32e4422,7032641c-270e-54bd-9803-df9a2953e88c,DGTD,2026,150,tuyensinh247
1768cf78-157f-50b1-86dc-e6b9acacabbd,7032641c-270e-54bd-9803-df9a2953e88c,HBA,2026,150,tuyensinh247
c5f9f870-9893-5913-9611-0573df791d6d,7032641c-270e-54bd-9803-df9a2953e88c,THPT,2026,150,tuyensinh247
8f2858c5-50f5-523c-9d59-1151d7702756,7f2b2e38-6a76-578d-b19c-31931cadb952,DGNL_HN,2026,150,tuyensinh247
fbff1a19-69fd-5404-a0c4-58457ed16477,7f2b2e38-6a76-578d-b19c-31931cadb952,DGTD,2026,150,tuyensinh247
0a1e5f53-1912-5ae9-9442-050632e927b2,7f2b2e38-6a76-578d-b19c-31931cadb952,HBA,2026,150,tuyensinh247
fec04399-9fd4-5c89-b301-75d84d8208d0,7f2b2e38-6a76-578d-b19c-31931cadb952,THPT,2026,150,tuyensinh247
b36f036a-2bed-5866-9683-b12037d55a33,9c2ee570-309d-553e-acbf-cae7c64e9ffa,DGNL_HN,2026,70,tuyensinh247
610044a0-4d5a-5e1b-8de8-fb6a278dd240,9c2ee570-309d-553e-acbf-cae7c64e9ffa,DGTD,2026,70,tuyensinh247
d42c8976-9be3-518d-848e-c8c9d3e4c2f5,9c2ee570-309d-553e-acbf-cae7c64e9ffa,HBA,2026,70,tuyensinh247
79bb11ea-d168-5c28-994f-cbb5ac333e36,9c2ee570-309d-553e-acbf-cae7c64e9ffa,THPT,2026,70,tuyensinh247
783fec53-fdfa-5944-888e-df455977b5f0,eca63107-716b-5436-bb79-28b421d283b5,DGNL_HN,2026,190,tuyensinh247
fa41d335-e009-56d3-b0e2-89c33ecf6c9e,eca63107-716b-5436-bb79-28b421d283b5,DGTD,2026,190,tuyensinh247
08c43f45-9c8b-5f64-a279-f95026d673f3,eca63107-716b-5436-bb79-28b421d283b5,HBA,2026,190,tuyensinh247
d1f17854-be6a-5a6d-a4a3-421e696029e9,eca63107-716b-5436-bb79-28b421d283b5,THPT,2026,190,tuyensinh247
2e962eeb-9e89-59c6-a763-b76bb3b33f35,2956a8e2-0b33-5045-8400-6bfc78455c8b,DGNL_HN,2026,190,tuyensinh247
872b725f-779b-5c3d-a973-ca5305f7ff06,2956a8e2-0b33-5045-8400-6bfc78455c8b,DGTD,2026,190,tuyensinh247
e6fff98b-f4d8-5ffd-ae06-678cad01d8ff,2956a8e2-0b33-5045-8400-6bfc78455c8b,HBA,2026,190,tuyensinh247
7fa686c3-f727-566d-bbf2-04db15f6df09,2956a8e2-0b33-5045-8400-6bfc78455c8b,THPT,2026,190,tuyensinh247
3e9cb948-3464-5a6f-bfcf-fcfba2abcd80,7ecedab1-1c4f-5a58-bd20-d5e43ae1bd5c,DGNL_HN,2026,130,tuyensinh247
96398880-e5c0-5414-894e-4626606b665a,7ecedab1-1c4f-5a58-bd20-d5e43ae1bd5c,DGTD,2026,130,tuyensinh247
a2cee05f-b3b8-512b-9061-c20610cbfb0e,7ecedab1-1c4f-5a58-bd20-d5e43ae1bd5c,HBA,2026,130,tuyensinh247
b16384d1-ab2d-57df-b0d5-91d8d4f53aff,7ecedab1-1c4f-5a58-bd20-d5e43ae1bd5c,THPT,2026,130,tuyensinh247
442fafb5-e84d-537e-9e5d-f307549a5eb7,2b6e23cc-c343-560c-b4af-b8399661c6f5,DGNL_HN,2026,130,tuyensinh247
a23ebc3f-05f9-5e94-839f-ae76d9e5d93f,2b6e23cc-c343-560c-b4af-b8399661c6f5,DGTD,2026,130,tuyensinh247
3595ac23-0e6f-56c8-b73d-b8f37edf627c,2b6e23cc-c343-560c-b4af-b8399661c6f5,HBA,2026,130,tuyensinh247
744e97ae-8af0-59d2-ad99-26ec137f07ac,2b6e23cc-c343-560c-b4af-b8399661c6f5,THPT,2026,130,tuyensinh247
2ed66bee-12b2-5d56-b0e5-2e74b6e6767f,8381433a-3d0a-5888-8b79-884274b207a5,DGNL_HN,2026,100,tuyensinh247
f3d6c5d0-b69e-5ecc-88af-afeee4b7119d,8381433a-3d0a-5888-8b79-884274b207a5,DGTD,2026,100,tuyensinh247
e3e1f951-deeb-58b7-9c69-54a282728732,8381433a-3d0a-5888-8b79-884274b207a5,HBA,2026,100,tuyensinh247
31cd2d8b-710e-556a-a40d-f4787b32c2bd,8381433a-3d0a-5888-8b79-884274b207a5,THPT,2026,100,tuyensinh247
3c0bea9b-eb28-57c5-9e43-21942740e433,14a76129-16f2-509f-9b67-9349a405789c,DGNL_HN,2026,100,tuyensinh247
7e78f614-ea12-5217-9b3a-0a55e53ae956,14a76129-16f2-509f-9b67-9349a405789c,DGTD,2026,100,tuyensinh247
6769fef6-e383-5e15-a7e2-1b4b5f57b4a4,14a76129-16f2-509f-9b67-9349a405789c,HBA,2026,100,tuyensinh247
fff92ff5-3d53-55b8-a90f-f801fc4aa04b,14a76129-16f2-509f-9b67-9349a405789c,THPT,2026,100,tuyensinh247
44e44ac3-f838-520c-b6cf-026bc694b7af,0eac1f60-c22f-5b01-bec5-16685e0cc50d,DGNL_HN,2026,200,tuyensinh247
92ce7bc0-7bd0-513c-8ed8-e9945471b274,0eac1f60-c22f-5b01-bec5-16685e0cc50d,DGTD,2026,200,tuyensinh247
923cb751-dbc2-5067-967c-c792632c9106,0eac1f60-c22f-5b01-bec5-16685e0cc50d,HBA,2026,200,tuyensinh247
7c75b3bd-e08d-5fad-aae5-bf2c2e22ad30,0eac1f60-c22f-5b01-bec5-16685e0cc50d,THPT,2026,200,tuyensinh247
a37acac9-973f-5f9b-9fb1-ee549d634e71,8fd6a2bb-e534-5164-8322-766fcf5e7626,DGNL_HN,2026,200,tuyensinh247
0b8639fb-a725-50a0-ab54-ec774557a592,8fd6a2bb-e534-5164-8322-766fcf5e7626,DGTD,2026,200,tuyensinh247
8313ce64-5b40-53f3-88de-5ec6f3a06f09,8fd6a2bb-e534-5164-8322-766fcf5e7626,HBA,2026,200,tuyensinh247
86b491c9-f696-522c-8137-1fc78321d45d,8fd6a2bb-e534-5164-8322-766fcf5e7626,THPT,2026,200,tuyensinh247
324d28de-a8ed-5e0c-8061-330919b9b812,1d93b053-1a16-5286-be86-f693314811a0,DGNL_HN,2026,200,tuyensinh247
a16f7b1d-d44f-562f-8a73-790e8ea3ebad,1d93b053-1a16-5286-be86-f693314811a0,DGTD,2026,200,tuyensinh247
77813a47-d7c4-501b-979f-cf0d4b6365b5,1d93b053-1a16-5286-be86-f693314811a0,HBA,2026,200,tuyensinh247
fa469601-181d-5d14-8510-dc723a3228ef,1d93b053-1a16-5286-be86-f693314811a0,THPT,2026,200,tuyensinh247
22594207-647f-5998-8fca-7be7fc23adc9,250e67cc-eba3-5092-a7fd-37b0689f2d40,DGNL_HN,2026,70,tuyensinh247
6c57588b-3981-5c9a-96bb-a3976aafb9bb,250e67cc-eba3-5092-a7fd-37b0689f2d40,DGTD,2026,70,tuyensinh247
8c8fb4f8-05a1-5e2e-ab15-abed7f1a242e,250e67cc-eba3-5092-a7fd-37b0689f2d40,HBA,2026,70,tuyensinh247
113d2f78-a9a1-5b83-9c3d-2bf09e27f2ec,250e67cc-eba3-5092-a7fd-37b0689f2d40,THPT,2026,70,tuyensinh247
b06b294e-1cc4-5154-8b06-13cb5dee2338,d5469a5e-140d-5344-a67f-00a0075fc57e,DGNL_HN,2026,100,tuyensinh247
05337324-7c05-52a3-b088-97a2bb29db3c,d5469a5e-140d-5344-a67f-00a0075fc57e,DGTD,2026,100,tuyensinh247
91593a0e-4e97-596f-985f-fe67a7704783,d5469a5e-140d-5344-a67f-00a0075fc57e,HBA,2026,100,tuyensinh247
04721b23-6a52-5402-a83d-f19c52251232,d5469a5e-140d-5344-a67f-00a0075fc57e,THPT,2026,100,tuyensinh247
59dfb2ac-c534-59dc-97e5-8c30409bbd44,1dfa9cda-dfcd-5001-8c40-3e6b8373bb32,DGNL_HN,2026,100,tuyensinh247
e722e7df-a9a4-5bed-8da4-91087a95c22b,1dfa9cda-dfcd-5001-8c40-3e6b8373bb32,DGTD,2026,100,tuyensinh247
5051768f-cb72-514c-8547-621f0503d002,1dfa9cda-dfcd-5001-8c40-3e6b8373bb32,HBA,2026,100,tuyensinh247
de2b72c8-7407-508c-b731-c5446e9e110d,1dfa9cda-dfcd-5001-8c40-3e6b8373bb32,THPT,2026,100,tuyensinh247
26f63735-511f-5805-84a3-7f4e8e33cb8e,e365350d-cdf2-5f33-9bb8-13c8b02fe033,DGNL_HN,2026,80,tuyensinh247
7a4dac11-a5dd-5c07-9f8a-75ea908bf7ab,e365350d-cdf2-5f33-9bb8-13c8b02fe033,DGTD,2026,80,tuyensinh247
36dce1c9-f8f6-54fa-ae6b-420a2be28247,e365350d-cdf2-5f33-9bb8-13c8b02fe033,HBA,2026,80,tuyensinh247
3dbb8ab2-8206-5723-a586-a841b1aeefc8,e365350d-cdf2-5f33-9bb8-13c8b02fe033,THPT,2026,80,tuyensinh247
3b2c3a11-92e5-57ec-900f-43b6734718d1,f892358a-e2fb-589f-8a49-583a607e6acc,DGNL_HN,2026,640,tuyensinh247
e18f01ed-c5f0-5f39-a2cf-1cbc0ec43a70,f892358a-e2fb-589f-8a49-583a607e6acc,DGTD,2026,640,tuyensinh247
5d94bf39-250b-5e7c-bd9b-e59dc419437c,f892358a-e2fb-589f-8a49-583a607e6acc,HBA,2026,640,tuyensinh247
ee0b23ef-e5e2-5375-ab10-6a47356b92f3,f892358a-e2fb-589f-8a49-583a607e6acc,THPT,2026,640,tuyensinh247
06738b20-221a-52ca-aa9c-69d131108105,5a701c92-4c5d-5803-8f8f-507e469da6fb,DGNL_HN,2026,640,tuyensinh247
c6cc1c87-be46-59c4-a31c-6bd05299feb9,5a701c92-4c5d-5803-8f8f-507e469da6fb,DGTD,2026,640,tuyensinh247
83cef981-d5e3-501c-be58-3e0bca33f23b,5a701c92-4c5d-5803-8f8f-507e469da6fb,HBA,2026,640,tuyensinh247
f2c68dc9-eea9-55bf-a363-b168ebe784b7,5a701c92-4c5d-5803-8f8f-507e469da6fb,THPT,2026,640,tuyensinh247
59612ab8-daa3-5c39-a231-d00320b367e8,e74566bb-c787-5417-bf50-d4c8f5509f65,DGNL_HN,2026,50,tuyensinh247
3488024f-263c-5fd9-8854-6a62c400823c,e74566bb-c787-5417-bf50-d4c8f5509f65,DGTD,2026,50,tuyensinh247
5f670eea-fe9f-5ab0-8904-1b083edd7172,e74566bb-c787-5417-bf50-d4c8f5509f65,HBA,2026,50,tuyensinh247
7d93f5af-9a06-516e-aa6e-7b8a516f066e,e74566bb-c787-5417-bf50-d4c8f5509f65,THPT,2026,50,tuyensinh247
8a0fba3c-f675-5e64-b94e-9baa1df02d90,754330a1-ef22-5907-ab2a-f26fc80fbacc,DGNL_HN,2026,340,tuyensinh247
372e8bd7-b68e-5a6e-82d9-69c822a4f092,754330a1-ef22-5907-ab2a-f26fc80fbacc,DGTD,2026,340,tuyensinh247
9ff45348-e5b8-5dde-ae6e-bc0d137a1e9d,754330a1-ef22-5907-ab2a-f26fc80fbacc,HBA,2026,340,tuyensinh247
b2577102-c81d-5361-bdad-b572508d73cb,754330a1-ef22-5907-ab2a-f26fc80fbacc,THPT,2026,340,tuyensinh247
973e1b70-ccf9-5058-8b2f-7f6b8a66b193,b1775eaf-8180-56ed-b06f-d621de51d51f,DGNL_HN,2026,340,tuyensinh247
d4a8c397-6b5a-59af-aba2-193bf15e21a0,b1775eaf-8180-56ed-b06f-d621de51d51f,DGTD,2026,340,tuyensinh247
abe0b811-0897-5aa3-a802-22983872e6bc,b1775eaf-8180-56ed-b06f-d621de51d51f,HBA,2026,340,tuyensinh247
a0745b83-6a02-5c09-92b5-ff68e249d16b,b1775eaf-8180-56ed-b06f-d621de51d51f,THPT,2026,340,tuyensinh247
462c8d88-5d3f-5bca-ac8b-f61fda9b77dd,6405da17-35b9-5d27-bedd-43f8244843b6,DGNL_HN,2026,340,tuyensinh247
2ae50728-6bd1-5ec8-b3f0-7ebaec7d5873,6405da17-35b9-5d27-bedd-43f8244843b6,DGTD,2026,340,tuyensinh247
3262ee73-5721-59de-938e-275c83cdabe9,6405da17-35b9-5d27-bedd-43f8244843b6,HBA,2026,340,tuyensinh247
05882020-86e3-5903-9938-5655e9da437e,6405da17-35b9-5d27-bedd-43f8244843b6,THPT,2026,340,tuyensinh247
bde1e1ea-7755-582c-8a29-f6cd9dbc84e8,5a950c12-a69b-5338-88aa-7cac8e72df98,DGNL_HN,2026,520,tuyensinh247
12ff2021-5888-5d35-8958-2d99c217d247,5a950c12-a69b-5338-88aa-7cac8e72df98,DGTD,2026,520,tuyensinh247
250a5c6d-3bc9-5061-929d-68541356f00c,5a950c12-a69b-5338-88aa-7cac8e72df98,HBA,2026,520,tuyensinh247
dbb4036a-6282-5388-80f3-f3fabacc97a7,5a950c12-a69b-5338-88aa-7cac8e72df98,THPT,2026,520,tuyensinh247
bc589cdc-a77d-5f76-80ee-f427ddf99d0a,90932f8e-6cb1-5f23-88fc-a964ec696a6c,DGNL_HN,2026,520,tuyensinh247
27f9b8b5-1111-521d-abb8-3650a8fe8778,90932f8e-6cb1-5f23-88fc-a964ec696a6c,DGTD,2026,520,tuyensinh247
c8a7801f-ea3e-5393-ace9-89a0fece7a6e,90932f8e-6cb1-5f23-88fc-a964ec696a6c,HBA,2026,520,tuyensinh247
42d7f162-15ea-5341-9776-599cb229dcf1,90932f8e-6cb1-5f23-88fc-a964ec696a6c,THPT,2026,520,tuyensinh247
edaf64bd-053f-5723-8e53-ffd19c4ee3db,b6543007-ed70-57dc-b45d-87f2d9e5f1e1,DGNL_HN,2026,50,tuyensinh247
9996a0cc-47ea-5435-bb8e-e665452259a9,b6543007-ed70-57dc-b45d-87f2d9e5f1e1,DGTD,2026,50,tuyensinh247
1dcc1fda-26a6-5ad9-82c1-48e6bf8cec93,b6543007-ed70-57dc-b45d-87f2d9e5f1e1,HBA,2026,50,tuyensinh247
43478795-8ff2-5064-8ef5-19ff13356dc6,b6543007-ed70-57dc-b45d-87f2d9e5f1e1,THPT,2026,50,tuyensinh247
7abcfaca-17d0-5552-a29b-b4764cb026d3,7b423e06-a575-53d4-aee2-9dfc8972603c,DGNL_HN,2026,220,tuyensinh247
915d2853-63cb-5b7c-9adf-df8b83269eff,7b423e06-a575-53d4-aee2-9dfc8972603c,DGTD,2026,220,tuyensinh247
42c30ca5-cd52-5ee9-b8c6-59b32d190f31,7b423e06-a575-53d4-aee2-9dfc8972603c,HBA,2026,220,tuyensinh247
95a5beae-98d4-5a20-b0c8-0e2c5f401f0c,7b423e06-a575-53d4-aee2-9dfc8972603c,THPT,2026,220,tuyensinh247
8ba5d3bc-f908-55c6-a615-bf728f655eb9,47e6e65f-4295-5147-a060-ffb7256a65da,DGNL_HN,2026,220,tuyensinh247
bfab009f-b72c-50ab-aa87-4c00a6fcaa6b,47e6e65f-4295-5147-a060-ffb7256a65da,DGTD,2026,220,tuyensinh247
0ba8515c-0831-547c-84bd-51e3b4e74f79,47e6e65f-4295-5147-a060-ffb7256a65da,HBA,2026,220,tuyensinh247
9cf9eab0-820b-5937-8388-f298838f9856,47e6e65f-4295-5147-a060-ffb7256a65da,THPT,2026,220,tuyensinh247
f656137d-1f92-5cf2-a7b4-1f7f1c936a2c,82c34bc6-9201-5394-9215-42690cda59bc,DGNL_HN,2026,220,tuyensinh247
822965ad-dacc-5d92-a23f-0d868906d5e0,82c34bc6-9201-5394-9215-42690cda59bc,DGTD,2026,220,tuyensinh247
40e0638a-8c11-524c-b469-2bef1763438c,82c34bc6-9201-5394-9215-42690cda59bc,HBA,2026,220,tuyensinh247
8469c0ff-dd9f-57ea-a922-1fcf29cb243e,82c34bc6-9201-5394-9215-42690cda59bc,THPT,2026,220,tuyensinh247
92a1cd34-0539-58dc-96cf-5ad1182c0c4c,416ee501-6e80-5a3a-a3cd-abf2f014a58d,DGNL_HN,2026,220,tuyensinh247
2a82ce60-cd3a-5f4d-a9a8-c76008aa3246,416ee501-6e80-5a3a-a3cd-abf2f014a58d,DGTD,2026,220,tuyensinh247
f9988d8a-2002-5313-ac49-29178b72bb69,416ee501-6e80-5a3a-a3cd-abf2f014a58d,HBA,2026,220,tuyensinh247
7df4e7c1-1d5f-515a-89c1-91e95dde9ba0,416ee501-6e80-5a3a-a3cd-abf2f014a58d,THPT,2026,220,tuyensinh247
1e3247bf-b928-5307-8d77-d6591127574e,7c92b5ba-1368-596f-828d-56c546c33095,DGNL_HN,2026,50,tuyensinh247
987302d7-3b3d-5413-a823-b0f266e363e9,7c92b5ba-1368-596f-828d-56c546c33095,DGTD,2026,50,tuyensinh247
bb38044c-8ae1-50a0-9547-232e5b874361,7c92b5ba-1368-596f-828d-56c546c33095,HBA,2026,50,tuyensinh247
5e6596f4-b3df-5f38-9a51-b307162471da,7c92b5ba-1368-596f-828d-56c546c33095,THPT,2026,50,tuyensinh247
fa44610f-cd55-523a-8cab-c9a8ef95b3d6,dd71c202-af67-5d65-9976-6d249930f384,DGNL_HN,2026,170,tuyensinh247
aa5cfc57-a1c3-5bcb-910d-6c5539e658b9,dd71c202-af67-5d65-9976-6d249930f384,DGTD,2026,170,tuyensinh247
ccf21c30-c630-59d1-8faa-fe04123684d2,dd71c202-af67-5d65-9976-6d249930f384,HBA,2026,170,tuyensinh247
a1d5be12-bdc5-5d02-8ef9-10991ddb5cba,dd71c202-af67-5d65-9976-6d249930f384,THPT,2026,170,tuyensinh247
ff487885-56c8-5967-8ecd-6fb548a8b803,9623784b-cb2b-578e-b529-7645b7cf994d,DGNL_HN,2026,120,tuyensinh247
9650cc51-3239-5fb1-8a6b-e65613db6ebd,9623784b-cb2b-578e-b529-7645b7cf994d,DGTD,2026,120,tuyensinh247
92963292-fadd-5eb1-bcf3-7f9cfb278b80,9623784b-cb2b-578e-b529-7645b7cf994d,HBA,2026,120,tuyensinh247
3d4d7209-9c2c-5ac5-bc70-0843017e9a02,9623784b-cb2b-578e-b529-7645b7cf994d,THPT,2026,120,tuyensinh247
c79cd9fa-43a5-536b-8d18-5b26a76ed87a,6e8c5009-c56c-512e-8361-1db643ee353b,DGNL_HN,2026,120,tuyensinh247
50a45986-ab6f-5933-8ba8-25f6fcde2ed0,6e8c5009-c56c-512e-8361-1db643ee353b,DGTD,2026,120,tuyensinh247
399c38f8-2f29-53d0-80b1-e65b2c8c4da7,6e8c5009-c56c-512e-8361-1db643ee353b,HBA,2026,120,tuyensinh247
aea7b41f-f6f9-5191-858b-077e3c874b72,6e8c5009-c56c-512e-8361-1db643ee353b,THPT,2026,120,tuyensinh247
ee214078-6e9f-59ff-8551-cadd451a77ee,145e2e4a-2369-50e2-9469-cb58c7cb0264,DGNL_HN,2026,60,tuyensinh247
815e723d-d87f-578c-be54-b21907084378,145e2e4a-2369-50e2-9469-cb58c7cb0264,DGTD,2026,60,tuyensinh247
b40cb666-3c3b-54cd-bd93-9d98ebc51456,145e2e4a-2369-50e2-9469-cb58c7cb0264,HBA,2026,60,tuyensinh247
5a7fc212-3275-5c84-affd-4322cf4f2f5b,145e2e4a-2369-50e2-9469-cb58c7cb0264,THPT,2026,60,tuyensinh247
07ac0985-f95a-5a43-b74b-fe1c4f4ee174,e68e946e-02ba-5a1e-aee5-cc1bd9617bae,DGNL_HN,2026,100,tuyensinh247
f5d98fb5-2f24-526f-92f1-623d98b42dc7,e68e946e-02ba-5a1e-aee5-cc1bd9617bae,DGTD,2026,100,tuyensinh247
779cb38e-94b2-530f-a10f-5588c67e0a63,e68e946e-02ba-5a1e-aee5-cc1bd9617bae,HBA,2026,100,tuyensinh247
34199fda-582e-5763-8018-20d5f64b37bc,e68e946e-02ba-5a1e-aee5-cc1bd9617bae,THPT,2026,100,tuyensinh247
634c90fe-7c8e-580b-aa12-1981bdfca277,aa95c4f8-0a98-5c41-9308-d7129184e1d2,DGNL_HN,2026,100,tuyensinh247
58ac7674-b263-552f-98c0-c21b961272cf,aa95c4f8-0a98-5c41-9308-d7129184e1d2,DGTD,2026,100,tuyensinh247
13e73e54-a6e2-5ff0-ad58-fcd49d5949e4,aa95c4f8-0a98-5c41-9308-d7129184e1d2,HBA,2026,100,tuyensinh247
b917040d-f600-5911-b78f-5e4e33b4dc0f,aa95c4f8-0a98-5c41-9308-d7129184e1d2,THPT,2026,100,tuyensinh247
56b25860-9abf-5e22-a76c-e01d7d4a6c91,5f301254-ab2a-5704-bf12-aa8edf4b94bc,DGNL_HN,2026,80,tuyensinh247
b95f486c-7288-5bc1-b507-86115b7f317c,5f301254-ab2a-5704-bf12-aa8edf4b94bc,DGTD,2026,80,tuyensinh247
839d2377-1df8-5fe6-918f-9d8d35720b17,5f301254-ab2a-5704-bf12-aa8edf4b94bc,HBA,2026,80,tuyensinh247
c97510f4-f164-5f01-9fc3-19804560f1d4,5f301254-ab2a-5704-bf12-aa8edf4b94bc,THPT,2026,80,tuyensinh247
51dd0f47-d0a0-5453-8a37-32ea1d1b9e4e,77572587-9e81-50af-a95f-b34e7ab62ccc,DGNL_HN,2026,230,tuyensinh247
cde7c451-12a5-5859-ade1-8b0a3bc8cbe3,77572587-9e81-50af-a95f-b34e7ab62ccc,DGTD,2026,230,tuyensinh247
6b4ec34f-b061-5553-8715-fb83fc9695dd,77572587-9e81-50af-a95f-b34e7ab62ccc,HBA,2026,230,tuyensinh247
c36d97c9-6b0a-537a-954d-52017870cafd,77572587-9e81-50af-a95f-b34e7ab62ccc,THPT,2026,230,tuyensinh247
cf0d0fb8-72f7-51fb-a271-2fbae352ae83,7015cd9e-e9b0-50ed-bb29-04976c1fe359,DGNL_HN,2026,230,tuyensinh247
5550c65e-a111-5cb2-9a18-bb0ec50bff79,7015cd9e-e9b0-50ed-bb29-04976c1fe359,DGTD,2026,230,tuyensinh247
3d89e785-d9ce-5003-bee3-0a74a7af8de7,7015cd9e-e9b0-50ed-bb29-04976c1fe359,HBA,2026,230,tuyensinh247
3201d2ec-0dc2-55c1-ab2c-efe1b02f3464,7015cd9e-e9b0-50ed-bb29-04976c1fe359,THPT,2026,230,tuyensinh247
f0c588d3-f2ca-5b18-8154-3b2d5c1b61d2,42dc4504-0a70-5f49-9f2a-b6a4a679a47f,DGNL_HN,2026,230,tuyensinh247
d6b17b64-1010-5480-8641-b4ed05601690,42dc4504-0a70-5f49-9f2a-b6a4a679a47f,DGTD,2026,230,tuyensinh247
63c960ca-3dc0-5a09-9466-1f6fc65a90b8,42dc4504-0a70-5f49-9f2a-b6a4a679a47f,HBA,2026,230,tuyensinh247
f655a678-6129-5b6f-b5fc-119a28be802b,42dc4504-0a70-5f49-9f2a-b6a4a679a47f,THPT,2026,230,tuyensinh247
19414a37-4ace-5a60-a4e7-14fb923cc038,386287c1-9468-5ec3-9a79-9a5bf16ac2f3,DGNL_HN,2026,140,tuyensinh247
2cba7ab4-ca98-5433-bf39-fd5a70c111b8,386287c1-9468-5ec3-9a79-9a5bf16ac2f3,DGTD,2026,140,tuyensinh247
4806b61f-986c-5c49-a7d2-ffae715a94e4,386287c1-9468-5ec3-9a79-9a5bf16ac2f3,HBA,2026,140,tuyensinh247
66cafa26-6887-597d-925f-5de509fd63fb,386287c1-9468-5ec3-9a79-9a5bf16ac2f3,THPT,2026,140,tuyensinh247
0e3bd63c-5215-54c3-bb35-5d403b76bb04,9bbb0d4b-bed1-55e5-9e91-1a33b2f14c0e,DGNL_HN,2026,140,tuyensinh247
4482ec58-3dd9-5bff-ade2-9259195950cc,9bbb0d4b-bed1-55e5-9e91-1a33b2f14c0e,DGTD,2026,140,tuyensinh247
0959ec47-2955-58ad-8860-2ac5f2772cd5,9bbb0d4b-bed1-55e5-9e91-1a33b2f14c0e,HBA,2026,140,tuyensinh247
b15aaab1-2b4b-502f-bb9f-52b0b136dcbe,9bbb0d4b-bed1-55e5-9e91-1a33b2f14c0e,THPT,2026,140,tuyensinh247
8d2c712a-a6bf-5eca-86b9-2835c017bc8b,f6c4815a-f452-5885-bd04-772f134537a3,DGNL_HN,2026,40,tuyensinh247
f7f6980f-a2d5-59e3-9600-a2088005d8a1,f6c4815a-f452-5885-bd04-772f134537a3,DGTD,2026,40,tuyensinh247
e89a9104-bd03-5c7e-a21f-5404f08c367f,f6c4815a-f452-5885-bd04-772f134537a3,HBA,2026,40,tuyensinh247
2745f52a-aad5-5b0e-9a75-31d3ec594b4e,f6c4815a-f452-5885-bd04-772f134537a3,THPT,2026,40,tuyensinh247
881aceb3-ff4f-5181-8eba-f53e41482331,0c8028a4-2371-52e5-ae1c-8ab98dff5712,DGNL_HN,2026,300,tuyensinh247
a6b6ca2c-8209-5d3f-a219-f812b92699aa,0c8028a4-2371-52e5-ae1c-8ab98dff5712,DGTD,2026,300,tuyensinh247
b8bdd92e-47e7-5660-8558-6ffe753157da,0c8028a4-2371-52e5-ae1c-8ab98dff5712,HBA,2026,300,tuyensinh247
c3bfc72e-a064-5fd0-a7b9-15896bcdb060,0c8028a4-2371-52e5-ae1c-8ab98dff5712,THPT,2026,300,tuyensinh247
d0009108-1358-5be7-b86f-ddef90e8f137,c5711db3-9ebb-5c71-93b9-26018a4a07ac,DGNL_HN,2026,300,tuyensinh247
34b61e25-7277-586f-8255-2e96ad6f26a2,c5711db3-9ebb-5c71-93b9-26018a4a07ac,DGTD,2026,300,tuyensinh247
3235e545-3f52-584d-b501-fea6966facf6,c5711db3-9ebb-5c71-93b9-26018a4a07ac,HBA,2026,300,tuyensinh247
865351ab-4505-5aca-968b-5d520056b221,c5711db3-9ebb-5c71-93b9-26018a4a07ac,THPT,2026,300,tuyensinh247
65e4b6e1-7f6f-5eca-8c30-c1e3d164d384,a5dc5f29-1035-5d0a-a402-adc63f52103b,DGNL_HN,2026,300,tuyensinh247
6a461323-347c-56f2-806c-8a2c960f6362,a5dc5f29-1035-5d0a-a402-adc63f52103b,DGTD,2026,300,tuyensinh247
757729b5-878c-53bc-8b1c-a56aa6603130,a5dc5f29-1035-5d0a-a402-adc63f52103b,HBA,2026,300,tuyensinh247
4461d3c9-f6da-5e72-8aea-7034f6998cd0,a5dc5f29-1035-5d0a-a402-adc63f52103b,THPT,2026,300,tuyensinh247
e6316584-0411-52fc-bde8-198758386827,7f5e0fbf-9b6e-50a0-9239-6e9092702178,DGNL_HN,2026,120,tuyensinh247
fa1cbcd4-d6a6-57bb-83d8-7ac31a5545cb,7f5e0fbf-9b6e-50a0-9239-6e9092702178,DGTD,2026,120,tuyensinh247
24196233-73ed-535a-9964-27f7a2c59484,7f5e0fbf-9b6e-50a0-9239-6e9092702178,HBA,2026,120,tuyensinh247
ce120fff-6d14-5dae-b10c-6a28cbb9978f,7f5e0fbf-9b6e-50a0-9239-6e9092702178,THPT,2026,120,tuyensinh247
0ce098f5-9dbf-547a-9d1e-b98a07599419,7ffcc215-5a9b-5547-be62-0de1f9ae37a5,DGNL_HN,2026,120,tuyensinh247
aec333bf-827e-5f10-9649-57ad5e162c23,7ffcc215-5a9b-5547-be62-0de1f9ae37a5,DGTD,2026,120,tuyensinh247
21a97f05-6ec6-5d61-a65d-afb31d102d19,7ffcc215-5a9b-5547-be62-0de1f9ae37a5,HBA,2026,120,tuyensinh247
85b08cfe-226c-5326-b98c-e5eaf23ece82,7ffcc215-5a9b-5547-be62-0de1f9ae37a5,THPT,2026,120,tuyensinh247
575289f3-b6e8-56cd-aea2-f16a90415345,b3c37a6c-2092-57d5-8b35-8ff76f082794,DGNL_HN,2026,100,tuyensinh247
e9bbce81-f417-5658-8519-0d25ce7063e8,b3c37a6c-2092-57d5-8b35-8ff76f082794,DGTD,2026,100,tuyensinh247
cf87eb96-f368-5bf7-8fc3-8f4d56655c73,b3c37a6c-2092-57d5-8b35-8ff76f082794,HBA,2026,100,tuyensinh247
80bb0dc2-6124-5d97-a079-492a4eed7cf6,b3c37a6c-2092-57d5-8b35-8ff76f082794,THPT,2026,100,tuyensinh247
1c8e4345-5b00-5c44-87a7-855e6a5ee18c,c3d1cabe-83bd-5c5e-a5bd-bc92e7982abf,DGNL_HN,2026,100,tuyensinh247
68951bf9-27f7-57f0-9c39-aad9a6e4051e,c3d1cabe-83bd-5c5e-a5bd-bc92e7982abf,DGTD,2026,100,tuyensinh247
ce460733-46d1-5837-b37d-4f81e7cc6ec8,c3d1cabe-83bd-5c5e-a5bd-bc92e7982abf,HBA,2026,100,tuyensinh247
4f7b40c8-1124-5b8d-acc8-e77386b76dda,c3d1cabe-83bd-5c5e-a5bd-bc92e7982abf,THPT,2026,100,tuyensinh247
df286ccc-f3a8-51c4-9ccc-b87debe534a1,277c7481-0d16-5e53-8e33-751edf63afe7,DGTD,2026,40,tuyensinh247
a0fc221e-cd3e-5f17-8f07-5a321c798fd6,277c7481-0d16-5e53-8e33-751edf63afe7,THPT,2026,40,tuyensinh247
28c3d191-3c38-59de-bca6-cda25f1382e6,772b2073-6eeb-5969-96a6-4ad56e76c385,DGNL_HN,2026,100,tuyensinh247
0c15ddc6-9a43-583e-b65a-2a25dbb69eca,772b2073-6eeb-5969-96a6-4ad56e76c385,THPT,2026,100,tuyensinh247
ae53f616-8825-554f-98c4-b36fb05bb6f8,f8901af1-353f-5c2d-9d2e-061d88bd9f33,DGNL_HN,2026,150,tuyensinh247
b2909ef2-1626-5de5-95e5-89957fdc851f,f8901af1-353f-5c2d-9d2e-061d88bd9f33,THPT,2026,150,tuyensinh247
581afe05-f8d8-55ee-81bf-dbaef9118978,614cec31-cde4-57ca-9cb3-9891301e4664,DGNL_HN,2026,182,tuyensinh247
5655e8d7-5652-5a25-828b-ad31bc743aa7,614cec31-cde4-57ca-9cb3-9891301e4664,THPT,2026,182,tuyensinh247
f6e25743-317e-546a-b655-63f814f246c5,993b01ca-780c-58c6-adc2-dfa453f07738,THPT,2026,103,tuyensinh247
3877adef-cb80-5adc-99bf-491fb3ec9fef,f924488d-8ee2-5e76-95e0-18a678790a98,DGNL_HN,2026,250,tuyensinh247
a4424bfa-0a4d-5c04-b0ca-d068b685efa3,f924488d-8ee2-5e76-95e0-18a678790a98,THPT,2026,250,tuyensinh247
81f0913e-0c95-5a02-aac3-dfe6ac469a14,4a3cff7a-d494-5ea6-b485-f74aac61d999,DGNL_HN,2026,100,tuyensinh247
713faadf-7360-5415-ba50-ae3da840f810,4a3cff7a-d494-5ea6-b485-f74aac61d999,THPT,2026,100,tuyensinh247
0774c7cd-90ed-50d8-82cc-9f3c8d69a586,16d91071-f287-5f70-a62b-58fef6ecdd40,THPT,2026,100,tuyensinh247
b02285b6-929c-5ffd-bc25-88ab836dacd7,891b447b-7d62-55be-84ec-96f6c0f6768e,DGNL_HN,2026,150,tuyensinh247
30dc7a36-d9db-527e-b2d3-454a3ad29e0c,891b447b-7d62-55be-84ec-96f6c0f6768e,THPT,2026,150,tuyensinh247
ee5a9e97-dfb5-5beb-8f9a-6a5e405d7b6e,f0e7cce2-bcbb-5070-bba9-b3fd0b3ed7ff,DGTD,2026,50,tuyensinh247
4bbd7c4d-3d15-5c24-86a4-649d70e495a5,f0e7cce2-bcbb-5070-bba9-b3fd0b3ed7ff,THPT,2026,50,tuyensinh247
d61c6f1a-c879-5b90-9d9c-6b171a71cef5,d573b739-8860-5672-8466-295d7dd49339,DGNL_HN,2026,,tuyensinh247
9eaa9846-b713-537b-a974-ee019bbf486e,d573b739-8860-5672-8466-295d7dd49339,DGTD,2026,,tuyensinh247
6c6e58b9-9a2c-5afb-b960-1420cf0f4534,2cd3a4f0-88bf-577a-a272-04e81f8a782f,DGNL_HN,2026,,tuyensinh247
bbc85d1b-63f6-5168-859d-d41108ff145d,2cd3a4f0-88bf-577a-a272-04e81f8a782f,DGTD,2026,,tuyensinh247
e35406d9-3a42-54e5-96cd-0190d8251c9c,69c4de46-d798-5cd1-98c1-dff831eaa145,DGNL_HN,2026,,tuyensinh247
a3e844bb-5011-54fb-b040-116123a759c9,69c4de46-d798-5cd1-98c1-dff831eaa145,DGTD,2026,,tuyensinh247
b945512c-4eb9-5dc0-8600-fabb03848420,ddd72aa0-6e01-5aaf-82ea-932a349105be,DGNL_HN,2026,,tuyensinh247
e8677504-8a27-5252-9238-61ebf8f38f69,ddd72aa0-6e01-5aaf-82ea-932a349105be,DGTD,2026,,tuyensinh247
7e467c8f-c6b2-5d66-8e78-a63fd4d49663,88306de3-45c9-51f5-be9c-4e2cf4decd25,DGNL_HN,2026,,tuyensinh247
f5184d2e-4dc9-5e90-a0b2-f6dcc329c84f,88306de3-45c9-51f5-be9c-4e2cf4decd25,DGTD,2026,,tuyensinh247
28ecaef7-8b34-59af-9866-1510aecf6078,48429718-8178-590c-8873-698e750a289e,DGNL_HN,2026,,tuyensinh247
ef2611a7-d7ef-5363-8925-b3a83bed864a,48429718-8178-590c-8873-698e750a289e,DGTD,2026,,tuyensinh247
327ce85d-5b90-5d31-bba1-5ebe716fb5c0,5801d704-77d0-583b-961e-900b2200ffc1,DGNL_HN,2026,,tuyensinh247
db493953-effc-58a3-87f8-3082a54d7a15,5801d704-77d0-583b-961e-900b2200ffc1,DGTD,2026,,tuyensinh247
88bee415-b1a7-571f-aec0-c87a9af0c4e4,1b54bff4-e352-5e76-8d07-06cfd915b10a,DGNL_HN,2026,,tuyensinh247
b74ff4de-84ab-5f43-826e-d7a8f94b8f1a,1b54bff4-e352-5e76-8d07-06cfd915b10a,DGTD,2026,,tuyensinh247
cb98307e-11c5-5fc8-86e4-378d29ecd2d1,80c8b2cc-89ef-56d6-a82e-d335ed5c85f4,DGNL_HN,2026,,tuyensinh247
b77e2130-e655-54c7-8e6d-fc6f4ed78b39,80c8b2cc-89ef-56d6-a82e-d335ed5c85f4,HBA,2026,,tuyensinh247
fa5c117c-e2dd-50c8-8f26-8dd62873b677,80c8b2cc-89ef-56d6-a82e-d335ed5c85f4,THPT,2026,,tuyensinh247
11b9d7cf-2203-5917-bf3b-107be4cf2ea4,7cabe0f1-79c9-5017-b84c-d2cc89b77e10,DGNL_HN,2026,,tuyensinh247
8be62c25-87d8-54d5-b83b-5d16c3277c6c,7cabe0f1-79c9-5017-b84c-d2cc89b77e10,HBA,2026,,tuyensinh247
20bfa179-3812-5138-91a4-70a4580b23ea,7cabe0f1-79c9-5017-b84c-d2cc89b77e10,THPT,2026,,tuyensinh247
413c3d5d-75d5-5962-a3bc-663af06008f8,86c3952d-9107-5d0c-9eaf-acac4ad82b0a,DGNL_HN,2026,,tuyensinh247
653cbd89-c99e-5b44-b66f-8bfd31db5532,86c3952d-9107-5d0c-9eaf-acac4ad82b0a,HBA,2026,,tuyensinh247
1d5fc836-0e15-50b8-9431-0a0ad3d70c3c,86c3952d-9107-5d0c-9eaf-acac4ad82b0a,THPT,2026,,tuyensinh247
c6ad6948-0775-5211-9645-3387b71a7314,46b74b97-f4aa-5211-bd0d-50c3464b97db,DGNL_HN,2026,,tuyensinh247
10576e9d-a523-58e9-bb1f-1704deeda060,46b74b97-f4aa-5211-bd0d-50c3464b97db,HBA,2026,,tuyensinh247
34f94d58-fe95-542d-9225-48ee0b34ae41,46b74b97-f4aa-5211-bd0d-50c3464b97db,THPT,2026,,tuyensinh247
f875d236-fb25-5084-b0af-5a9ba2b39a91,1d5159e3-74d4-5613-8d1f-d20d33f2f571,DGNL_HN,2026,52,tuyensinh247
a5607199-ee00-59fb-ac80-943a04e00d64,1d5159e3-74d4-5613-8d1f-d20d33f2f571,DGTD,2026,52,tuyensinh247
51a59910-a3cd-5e66-b67d-1e85a88de29e,1d5159e3-74d4-5613-8d1f-d20d33f2f571,HBA,2026,52,tuyensinh247
6edb290b-8d81-58fc-88b8-6758a365c119,1d5159e3-74d4-5613-8d1f-d20d33f2f571,THPT,2026,52,tuyensinh247
637867ba-86f3-5e10-bc08-cd3c81fc9d1e,1d5159e3-74d4-5613-8d1f-d20d33f2f571,XTT,2026,52,tuyensinh247
1b9a1fd4-82fd-51da-9bc7-45cc2cb02feb,2701724d-8cac-561b-b2bf-bc0eeef4ac4f,DGNL_HN,2026,100,tuyensinh247
226cfe49-a588-5e8e-98e2-5ee100badf7e,2701724d-8cac-561b-b2bf-bc0eeef4ac4f,DGTD,2026,100,tuyensinh247
73a9f076-2f94-55b2-a9cb-2c91a4b32acd,2701724d-8cac-561b-b2bf-bc0eeef4ac4f,HBA,2026,100,tuyensinh247
b10b7018-b1f1-59a9-bf16-b6bb7768f906,2701724d-8cac-561b-b2bf-bc0eeef4ac4f,THPT,2026,100,tuyensinh247
fc9ae489-5d2d-5f72-adb0-00e7161a5ca0,2701724d-8cac-561b-b2bf-bc0eeef4ac4f,XTT,2026,100,tuyensinh247
e78371bc-755f-5ad4-a0d5-fdce05d4b2d9,9503f4f2-9a1a-5887-8d2e-823fa8bdf286,DGNL_HN,2026,80,tuyensinh247
7dbe1364-1ca1-5404-925f-a643c28bc4bf,9503f4f2-9a1a-5887-8d2e-823fa8bdf286,DGTD,2026,80,tuyensinh247
49a975cd-b4cf-5ad8-a581-cd7c640d0326,9503f4f2-9a1a-5887-8d2e-823fa8bdf286,HBA,2026,80,tuyensinh247
5e8b8c41-e940-5b5a-9574-af1084d88542,9503f4f2-9a1a-5887-8d2e-823fa8bdf286,THPT,2026,80,tuyensinh247
21071c2f-67e1-5227-89fc-3f1ad8066769,9503f4f2-9a1a-5887-8d2e-823fa8bdf286,XTT,2026,80,tuyensinh247
68295517-47d4-5a25-91f1-1af3384108ba,9e898189-0f37-528c-8503-b1da38a8db16,DGNL_HN,2026,54,tuyensinh247
cf87f5f6-afbc-57e6-b39e-0852d18ec337,9e898189-0f37-528c-8503-b1da38a8db16,DGTD,2026,54,tuyensinh247
15f701a1-6c4d-5588-9d97-111d89ca88d6,9e898189-0f37-528c-8503-b1da38a8db16,HBA,2026,54,tuyensinh247
8f77904c-09c6-5a1e-b94f-ea0f32aafe7a,9e898189-0f37-528c-8503-b1da38a8db16,THPT,2026,54,tuyensinh247
3af0a2aa-ba4e-5b47-b7cd-e15cff43c927,9e898189-0f37-528c-8503-b1da38a8db16,XTT,2026,54,tuyensinh247
fa4ed4c0-ee2d-56d4-af75-270765fe76c8,45be0f3a-9ef2-557c-a710-955e5018e1e2,DGNL_HN,2026,100,tuyensinh247
8c2a29d3-8f3b-5a08-b124-2b027949e3c3,45be0f3a-9ef2-557c-a710-955e5018e1e2,DGTD,2026,100,tuyensinh247
5e4a9695-ca09-5567-bc78-86b5324f6dc0,45be0f3a-9ef2-557c-a710-955e5018e1e2,HBA,2026,100,tuyensinh247
162287b6-7401-537a-a11a-34cd5a4906a0,45be0f3a-9ef2-557c-a710-955e5018e1e2,THPT,2026,100,tuyensinh247
15bd3cea-a56f-59ac-ba38-8eeb1f8a7334,45be0f3a-9ef2-557c-a710-955e5018e1e2,XTT,2026,100,tuyensinh247
d8b4492e-7ac9-5eb9-8f53-cfad29ba56f0,2725b81c-8bbd-53f1-9e90-9f4933e87343,DGNL_HN,2026,200,tuyensinh247
6efe63d1-b174-5ae6-ba1d-da5439523201,2725b81c-8bbd-53f1-9e90-9f4933e87343,DGTD,2026,200,tuyensinh247
ccde730b-e52c-549b-a180-0c6510db1da1,2725b81c-8bbd-53f1-9e90-9f4933e87343,HBA,2026,200,tuyensinh247
2faf181e-49d9-5fb3-897f-7e6bc0c0c3ef,2725b81c-8bbd-53f1-9e90-9f4933e87343,THPT,2026,200,tuyensinh247
99192371-7a24-552e-8182-c6b47b46a361,2725b81c-8bbd-53f1-9e90-9f4933e87343,XTT,2026,200,tuyensinh247
58723448-ccbc-54db-a722-b4055ce1580e,04222421-fdb5-557a-a1a1-b75450643f83,DGNL_HN,2026,95,tuyensinh247
5f949d72-be85-5e36-914c-dab4894011bc,04222421-fdb5-557a-a1a1-b75450643f83,DGTD,2026,95,tuyensinh247
ea967022-cd24-5844-8d1d-79d75bbdbd85,04222421-fdb5-557a-a1a1-b75450643f83,HBA,2026,95,tuyensinh247
ccb0474d-ccec-547d-87c9-7df9b8197290,04222421-fdb5-557a-a1a1-b75450643f83,THPT,2026,95,tuyensinh247
d3ff019f-356b-5311-8e99-7837b3944c8e,04222421-fdb5-557a-a1a1-b75450643f83,XTT,2026,95,tuyensinh247
29373ac1-1941-54d3-a6cf-effa4db8e424,7675fe49-6d1d-58b7-92c0-df5414923455,DGNL_HN,2026,157,tuyensinh247
ecc50c68-67b4-58f0-9edd-eb3d30079951,7675fe49-6d1d-58b7-92c0-df5414923455,DGTD,2026,157,tuyensinh247
e2b82f1e-0286-5813-8960-7a8800fd6c9d,7675fe49-6d1d-58b7-92c0-df5414923455,HBA,2026,157,tuyensinh247
0ca00fe3-a037-5594-976f-b66b83738e1c,7675fe49-6d1d-58b7-92c0-df5414923455,THPT,2026,157,tuyensinh247
eb96f090-ff97-5af9-99d0-c8e0279e0b39,7675fe49-6d1d-58b7-92c0-df5414923455,XTT,2026,157,tuyensinh247
d404bc14-3ba7-50d8-9fc3-b8ebf4151b31,24c7fb09-61c6-5579-bf58-d1b42101986e,DGNL_HN,2026,54,tuyensinh247
115317c4-5dae-5720-8ad5-03f096305042,24c7fb09-61c6-5579-bf58-d1b42101986e,DGTD,2026,54,tuyensinh247
2741c45c-3750-5b3a-a522-8977adc7e712,24c7fb09-61c6-5579-bf58-d1b42101986e,HBA,2026,54,tuyensinh247
4f340db0-cdda-5f37-acc5-c9b5cbd774cf,24c7fb09-61c6-5579-bf58-d1b42101986e,THPT,2026,54,tuyensinh247
ec87ba0e-2936-55c3-ab21-bdf62701f44a,24c7fb09-61c6-5579-bf58-d1b42101986e,XTT,2026,54,tuyensinh247
c3747266-ae54-50a6-a712-7aa99c6900e8,89cc6dfc-1514-5db0-9dba-b93c78b0d943,DGNL_HN,2026,100,tuyensinh247
58bf70bb-f72a-5ddf-8fa8-0c895fbff488,89cc6dfc-1514-5db0-9dba-b93c78b0d943,DGTD,2026,100,tuyensinh247
75ff6fc9-799b-57a3-b708-9f52313c3fa3,89cc6dfc-1514-5db0-9dba-b93c78b0d943,HBA,2026,100,tuyensinh247
7cafe04a-bff1-5dfb-8f76-15a93a98ccb6,89cc6dfc-1514-5db0-9dba-b93c78b0d943,THPT,2026,100,tuyensinh247
c5b19277-f8f1-57de-a2ac-a03a4a2c34ef,89cc6dfc-1514-5db0-9dba-b93c78b0d943,XTT,2026,100,tuyensinh247
d4e9b5f5-b6a3-566a-b960-0e6041531481,3ffbd0c3-acd5-5359-8b81-9015b4c4a1ac,DGNL_HN,2026,150,tuyensinh247
310da2b7-b675-56f8-8978-9c9a9956f6ff,3ffbd0c3-acd5-5359-8b81-9015b4c4a1ac,DGTD,2026,150,tuyensinh247
8ce9a9c1-106c-58d4-a009-bfc89d37881a,3ffbd0c3-acd5-5359-8b81-9015b4c4a1ac,HBA,2026,150,tuyensinh247
732c52cf-3678-52bb-be21-847da9d0089f,3ffbd0c3-acd5-5359-8b81-9015b4c4a1ac,THPT,2026,150,tuyensinh247
1697bf9d-a0ed-57f0-b195-90c35c2463f5,3ffbd0c3-acd5-5359-8b81-9015b4c4a1ac,XTT,2026,150,tuyensinh247
92b03af7-7432-5c89-94f6-1f9fa26f6597,825af524-da1a-5b82-b4ce-4203ce4b2ddf,DGNL_HN,2026,1056,tuyensinh247
bb4c75ef-2e94-58a7-8d1e-32134b571066,825af524-da1a-5b82-b4ce-4203ce4b2ddf,DGTD,2026,1056,tuyensinh247
260a2642-52f8-520c-bbaa-d2a3654d4bbc,825af524-da1a-5b82-b4ce-4203ce4b2ddf,HBA,2026,1056,tuyensinh247
bccee9d8-2f8b-5e4e-9e3c-7199dcbc4ea1,825af524-da1a-5b82-b4ce-4203ce4b2ddf,THPT,2026,1056,tuyensinh247
dffe03e8-4354-5684-8554-dcded3e682f0,825af524-da1a-5b82-b4ce-4203ce4b2ddf,XTT,2026,1056,tuyensinh247
ce9b968b-37d7-5cad-b67c-8b4e3975f038,0969648a-c0a0-5b9f-8902-3fd9cd0187a8,DGNL_HN,2026,120,tuyensinh247
1d8898f0-936a-5fdc-8afb-bf37a7f19e3e,0969648a-c0a0-5b9f-8902-3fd9cd0187a8,DGTD,2026,120,tuyensinh247
4faab41e-a982-5b0a-bfe1-8eb43d4d2a4f,0969648a-c0a0-5b9f-8902-3fd9cd0187a8,HBA,2026,120,tuyensinh247
2c18d00b-33de-5b33-9a3e-0a7f60b17dd8,0969648a-c0a0-5b9f-8902-3fd9cd0187a8,THPT,2026,120,tuyensinh247
36d3c7e8-661a-51f1-ab6b-681f2b0f7006,0969648a-c0a0-5b9f-8902-3fd9cd0187a8,XTT,2026,120,tuyensinh247
8b5e7dd6-f31f-5b55-a8cc-2ead9b1b4b1f,210e7ad7-3bdc-5f51-aaaf-b9cca19b0ebd,DGNL_HN,2026,150,tuyensinh247
89b01512-f031-5215-935f-d46c0ed322dd,210e7ad7-3bdc-5f51-aaaf-b9cca19b0ebd,DGTD,2026,150,tuyensinh247
41eb8299-35e5-5910-b696-5e0e74a80a7e,210e7ad7-3bdc-5f51-aaaf-b9cca19b0ebd,HBA,2026,150,tuyensinh247
c6b91ee0-5478-52c9-a7bf-6090c63bc67b,210e7ad7-3bdc-5f51-aaaf-b9cca19b0ebd,THPT,2026,150,tuyensinh247
e8894692-e6cd-5151-b0d0-4f4fb5023eb3,210e7ad7-3bdc-5f51-aaaf-b9cca19b0ebd,XTT,2026,150,tuyensinh247
8e7dbf95-d4ca-5a9f-a55a-2ad07a037fc5,bdd46d18-7a12-5b32-ac96-9b26cac9681e,DGNL_HN,2026,200,tuyensinh247
961a7050-f14a-5a1e-ab1d-7394aa393898,bdd46d18-7a12-5b32-ac96-9b26cac9681e,DGTD,2026,200,tuyensinh247
f253730b-c599-55f1-89ec-760f28c40c3f,bdd46d18-7a12-5b32-ac96-9b26cac9681e,HBA,2026,200,tuyensinh247
a6374827-f941-588a-bea7-dff63933568f,bdd46d18-7a12-5b32-ac96-9b26cac9681e,THPT,2026,200,tuyensinh247
c6303686-769a-5ac4-8cb7-7260a7d08128,bdd46d18-7a12-5b32-ac96-9b26cac9681e,XTT,2026,200,tuyensinh247
8cac80c3-272e-5300-aaac-73d8fee09c28,8fced2ee-1ffb-51d9-859e-bb04e75b1a35,DGNL_HN,2026,356,tuyensinh247
e96172d1-f560-58e5-b691-001bf911b1f0,8fced2ee-1ffb-51d9-859e-bb04e75b1a35,DGTD,2026,356,tuyensinh247
26c44596-ad23-5ee7-b032-976b7e19937e,8fced2ee-1ffb-51d9-859e-bb04e75b1a35,HBA,2026,356,tuyensinh247
1348799c-f5d2-50eb-bc73-675dc500a802,8fced2ee-1ffb-51d9-859e-bb04e75b1a35,THPT,2026,356,tuyensinh247
f109e382-c8e0-5cab-835e-125832520dba,8fced2ee-1ffb-51d9-859e-bb04e75b1a35,XTT,2026,356,tuyensinh247
2a13909d-07dd-563b-badc-473c3420626a,e381acfe-7fcc-5645-ae7a-a0592323cd7d,DGNL_HN,2026,350,tuyensinh247
b87931e2-f2dd-54b3-9a72-8ecaa7e295f0,e381acfe-7fcc-5645-ae7a-a0592323cd7d,DGTD,2026,350,tuyensinh247
228d4fd7-0ccb-57ca-a6a2-a0ff254d8ea3,e381acfe-7fcc-5645-ae7a-a0592323cd7d,HBA,2026,350,tuyensinh247
1df5cbf1-8ab1-5c5e-9ddf-b8ea5abcb994,e381acfe-7fcc-5645-ae7a-a0592323cd7d,THPT,2026,350,tuyensinh247
b2e8347f-50fe-546a-bf30-14e928c231d0,e381acfe-7fcc-5645-ae7a-a0592323cd7d,XTT,2026,350,tuyensinh247
26e4e841-5910-5464-8f50-5b0743549261,af846872-54b8-57c5-bc3d-aa4cd09bf0e6,DGNL_HN,2026,250,tuyensinh247
6808e79b-5642-5b5c-a09f-19cc2ffad1e4,af846872-54b8-57c5-bc3d-aa4cd09bf0e6,DGTD,2026,250,tuyensinh247
190992bb-1b5d-58cc-bcdb-bc670ced4fb3,af846872-54b8-57c5-bc3d-aa4cd09bf0e6,HBA,2026,250,tuyensinh247
00e405cc-6a0e-5766-aa15-5ce82cd32322,af846872-54b8-57c5-bc3d-aa4cd09bf0e6,THPT,2026,250,tuyensinh247
cf070380-27d4-5367-a1a5-924740a516f1,af846872-54b8-57c5-bc3d-aa4cd09bf0e6,XTT,2026,250,tuyensinh247
79748a1e-a809-5486-ae22-7057006a3936,eb510a68-2edf-5f2f-9447-7a8ab100c49e,DGNL_HN,2026,108,tuyensinh247
5d1ff4a4-91bd-5e51-ba9d-6f357b95d9f6,eb510a68-2edf-5f2f-9447-7a8ab100c49e,DGTD,2026,108,tuyensinh247
56c05825-5848-5c0a-895f-2db92f24e96a,eb510a68-2edf-5f2f-9447-7a8ab100c49e,HBA,2026,108,tuyensinh247
366b7054-1a4b-502a-adc9-8a1c2e9c3013,eb510a68-2edf-5f2f-9447-7a8ab100c49e,THPT,2026,108,tuyensinh247
53bfe21d-9b24-5929-87a5-30f664b57f06,eb510a68-2edf-5f2f-9447-7a8ab100c49e,XTT,2026,108,tuyensinh247
0dd68b95-4a4d-5903-b8d3-df58dea980fc,595b4df6-ac1f-50bd-8bda-2428ddd03799,DGNL_HN,2026,96,tuyensinh247
dc793f2a-bcea-5873-b90e-68b13ff9d205,595b4df6-ac1f-50bd-8bda-2428ddd03799,DGTD,2026,96,tuyensinh247
8c807e94-660a-5092-9448-a34c417eda39,595b4df6-ac1f-50bd-8bda-2428ddd03799,HBA,2026,96,tuyensinh247
b96d32c2-7cfe-58fa-afe7-21e468531cbf,595b4df6-ac1f-50bd-8bda-2428ddd03799,THPT,2026,96,tuyensinh247
0869d3fb-b64c-5353-913c-10e99d638c43,595b4df6-ac1f-50bd-8bda-2428ddd03799,XTT,2026,96,tuyensinh247
7e49384e-da32-5e17-8d45-74b0a3fd5124,e4516fcc-2b46-575f-b14c-8579c35c111d,DGNL_HN,2026,200,tuyensinh247
a4ba5857-0613-53d5-8b1a-38f70edeadec,e4516fcc-2b46-575f-b14c-8579c35c111d,DGTD,2026,200,tuyensinh247
e1588bc6-d0d1-55de-aea8-caf63316f96f,e4516fcc-2b46-575f-b14c-8579c35c111d,HBA,2026,200,tuyensinh247
f06a708f-7cdd-5c51-ab1f-050cbd24394b,e4516fcc-2b46-575f-b14c-8579c35c111d,THPT,2026,200,tuyensinh247
d29d665d-111e-5827-b2a8-480cdb15fa5d,e4516fcc-2b46-575f-b14c-8579c35c111d,XTT,2026,200,tuyensinh247
aaf44081-0036-5586-aa49-6fb047f7b80e,89e2d320-8416-5348-907b-7065ebf2a1fd,DGNL_HN,2026,480,tuyensinh247
044ae8e5-8409-5fd7-9fdc-cb6bb5f9d1a5,89e2d320-8416-5348-907b-7065ebf2a1fd,DGTD,2026,480,tuyensinh247
7f660e9b-4b66-5a94-a4cc-5e9eb0f6fc23,89e2d320-8416-5348-907b-7065ebf2a1fd,HBA,2026,480,tuyensinh247
c77163e5-39f3-5d5f-bb9c-9efba1f5aa8d,89e2d320-8416-5348-907b-7065ebf2a1fd,THPT,2026,480,tuyensinh247
f0d4d266-384f-568d-92c7-6e4c3f3668eb,89e2d320-8416-5348-907b-7065ebf2a1fd,XTT,2026,480,tuyensinh247
f9379c6d-5cb6-5ba5-b632-5d2da8e497ae,e3662084-aff7-54ef-8f00-aebcd035a68d,DGNL_HN,2026,100,tuyensinh247
76e4022b-c271-5d8a-8d41-dc4712faacf2,e3662084-aff7-54ef-8f00-aebcd035a68d,DGTD,2026,100,tuyensinh247
e5b41582-ba4c-5d92-9cfd-7d92525a865b,e3662084-aff7-54ef-8f00-aebcd035a68d,HBA,2026,100,tuyensinh247
47c11c5e-e1cc-51f3-b9e3-7e0c520c39cd,e3662084-aff7-54ef-8f00-aebcd035a68d,THPT,2026,100,tuyensinh247
2997e12b-be4d-5360-a35a-eee0d71322af,e3662084-aff7-54ef-8f00-aebcd035a68d,XTT,2026,100,tuyensinh247
37f45995-9271-5f76-804b-0d85c0456372,c9875931-e6ef-5114-9ad8-70805baed7cc,DGNL_HN,2026,200,tuyensinh247
d9a7501f-d00d-5122-b40e-b823a786f995,c9875931-e6ef-5114-9ad8-70805baed7cc,DGTD,2026,200,tuyensinh247
38d80f08-d7f8-5cee-b506-22de9f0ae990,c9875931-e6ef-5114-9ad8-70805baed7cc,HBA,2026,200,tuyensinh247
670ecc9f-db4a-535d-b2fd-f1be2f8aef5e,c9875931-e6ef-5114-9ad8-70805baed7cc,THPT,2026,200,tuyensinh247
9cbe93af-8c7f-528d-8224-a0dedd02dd5a,c9875931-e6ef-5114-9ad8-70805baed7cc,XTT,2026,200,tuyensinh247
585c3b15-b988-5881-8b3f-bb1842389d06,244a3176-2690-5e84-a717-afb184dc7e57,DGNL_HN,2026,158,tuyensinh247
95523b87-5db0-5e39-a7fc-36c3ac462af0,244a3176-2690-5e84-a717-afb184dc7e57,DGTD,2026,158,tuyensinh247
3c55bf81-b3f5-580f-b966-28ded0d8d39e,244a3176-2690-5e84-a717-afb184dc7e57,HBA,2026,158,tuyensinh247
c1ea5218-b92d-50ab-ab73-b433ce6a9ea3,244a3176-2690-5e84-a717-afb184dc7e57,THPT,2026,158,tuyensinh247
42fa0754-fd48-5199-880e-b8c284bd1fa7,244a3176-2690-5e84-a717-afb184dc7e57,XTT,2026,158,tuyensinh247
64c6ab43-a854-5a5d-8cdb-41a41da7e336,eaa866cf-cd46-5a60-b674-ac1ddef2e3d9,DGNL_HN,2026,720,tuyensinh247
cc0746fa-0e78-52c7-86ab-77b3dafcd21a,eaa866cf-cd46-5a60-b674-ac1ddef2e3d9,DGTD,2026,720,tuyensinh247
ab3379fc-f651-576f-9262-46efd95a177d,eaa866cf-cd46-5a60-b674-ac1ddef2e3d9,HBA,2026,720,tuyensinh247
dbd75944-fab6-5d2a-9cf9-cca1f1a41122,eaa866cf-cd46-5a60-b674-ac1ddef2e3d9,THPT,2026,720,tuyensinh247
d1c3d0f3-173d-5454-a586-4332c50f4844,eaa866cf-cd46-5a60-b674-ac1ddef2e3d9,XTT,2026,720,tuyensinh247
213962d5-54b4-5e69-b90a-519d9e17a412,8ce2e266-c87c-5ee5-99fa-29cccd22196c,DGNL_HN,2026,100,tuyensinh247
41b83a34-4cd9-51c6-b889-22280c551128,8ce2e266-c87c-5ee5-99fa-29cccd22196c,DGTD,2026,100,tuyensinh247
b7a75d96-3fab-5cb8-b576-6edc27db3ad3,8ce2e266-c87c-5ee5-99fa-29cccd22196c,HBA,2026,100,tuyensinh247
efb7a2ff-a9c7-5486-a30d-173106c4257a,8ce2e266-c87c-5ee5-99fa-29cccd22196c,THPT,2026,100,tuyensinh247
bf5bdacb-14f6-58d2-9894-5a03967805b9,8ce2e266-c87c-5ee5-99fa-29cccd22196c,XTT,2026,100,tuyensinh247
7c17f92a-64d9-5a01-9f92-3ded0044d770,299e8c1a-997a-5c09-acf1-08fd76e82bdb,DGNL_HN,2026,360,tuyensinh247
34162aef-1c18-5a64-b34b-fb3d7d4e3380,299e8c1a-997a-5c09-acf1-08fd76e82bdb,DGTD,2026,360,tuyensinh247
278fcbc4-7966-52b5-8941-53f523825537,299e8c1a-997a-5c09-acf1-08fd76e82bdb,HBA,2026,360,tuyensinh247
3ef8cd9e-e033-54ea-baef-2aea3aa7ab6b,299e8c1a-997a-5c09-acf1-08fd76e82bdb,THPT,2026,360,tuyensinh247
384d7cfd-9954-554a-a142-54c992e48db5,299e8c1a-997a-5c09-acf1-08fd76e82bdb,XTT,2026,360,tuyensinh247
3d9829ac-a570-500e-8bb8-a94be4075d01,6bf9c920-ae71-54a2-9f2c-b2886b50050e,DGNL_HN,2026,840,tuyensinh247
575bb8a6-4b21-5f61-a564-43f60560733a,6bf9c920-ae71-54a2-9f2c-b2886b50050e,DGTD,2026,840,tuyensinh247
bfa7633d-e2a4-56e0-a33f-80ac463144f0,6bf9c920-ae71-54a2-9f2c-b2886b50050e,HBA,2026,840,tuyensinh247
dbc7ce8d-1cbb-5d7c-a6c4-c9c7afef8222,6bf9c920-ae71-54a2-9f2c-b2886b50050e,THPT,2026,840,tuyensinh247
0d4df57b-d946-5231-aeba-5ff9f2150587,6bf9c920-ae71-54a2-9f2c-b2886b50050e,XTT,2026,840,tuyensinh247
e19e5599-4e5b-5178-9ef3-9018b6ee76e4,24d8cc9f-4f86-52b4-94d7-6ae775af742a,DGNL_HN,2026,80,tuyensinh247
cd6ea464-c1e3-5a5f-a7e1-7723184b970e,24d8cc9f-4f86-52b4-94d7-6ae775af742a,DGTD,2026,80,tuyensinh247
69d8ca00-de8d-51ad-aca2-c1ddb1d513f7,24d8cc9f-4f86-52b4-94d7-6ae775af742a,HBA,2026,80,tuyensinh247
5980c493-e415-521f-8722-6cfd28730051,24d8cc9f-4f86-52b4-94d7-6ae775af742a,THPT,2026,80,tuyensinh247
5ed6569d-924e-5285-bab0-6868b5d25e4d,24d8cc9f-4f86-52b4-94d7-6ae775af742a,XTT,2026,80,tuyensinh247
95b8f242-2919-53f9-b08a-dd71024c1530,3578e971-9472-55e6-ae81-4f7d92e56f74,DGNL_HN,2026,200,tuyensinh247
ca4db398-4948-58c0-ac7e-8e5c100e2b31,3578e971-9472-55e6-ae81-4f7d92e56f74,DGTD,2026,200,tuyensinh247
b10fdd2a-46b6-5c3c-a737-7c70c2a8f42f,3578e971-9472-55e6-ae81-4f7d92e56f74,HBA,2026,200,tuyensinh247
875f98fd-608e-50f7-b40e-cf1a8c5e3dad,3578e971-9472-55e6-ae81-4f7d92e56f74,THPT,2026,200,tuyensinh247
8f315e33-f98d-5295-b323-638b11f50003,3578e971-9472-55e6-ae81-4f7d92e56f74,XTT,2026,200,tuyensinh247
e3d21189-c086-5fd0-9bd1-8862d6216c28,9cd126f2-8994-510f-8315-e500dbca9542,DGNL_HN,2026,100,tuyensinh247
3e053e89-4a74-5758-b0c8-35380a2a5bee,9cd126f2-8994-510f-8315-e500dbca9542,DGTD,2026,100,tuyensinh247
8ae475d5-126d-548f-b2e5-0342ebc31b73,9cd126f2-8994-510f-8315-e500dbca9542,HBA,2026,100,tuyensinh247
0cdd8106-05a4-56f0-9a7d-b98536e5a763,9cd126f2-8994-510f-8315-e500dbca9542,THPT,2026,100,tuyensinh247
be70414f-9221-5727-b142-ea5088bf44df,9cd126f2-8994-510f-8315-e500dbca9542,XTT,2026,100,tuyensinh247
195dfcb5-d6e3-54e3-bc4f-61d8902568e1,5249b5b1-6068-570b-93cd-7c4ce1ee7165,DGNL_HN,2026,660,tuyensinh247
3eca3430-e194-5aec-b7ce-bbeedc2766b7,5249b5b1-6068-570b-93cd-7c4ce1ee7165,DGTD,2026,660,tuyensinh247
563fc74b-e12f-5268-aacb-f72ecbcdd5ce,5249b5b1-6068-570b-93cd-7c4ce1ee7165,HBA,2026,660,tuyensinh247
5448601e-3fa6-5d8b-b597-831656e79950,5249b5b1-6068-570b-93cd-7c4ce1ee7165,THPT,2026,660,tuyensinh247
64f1f4dc-36c9-51af-abc3-0f127ceda6f7,5249b5b1-6068-570b-93cd-7c4ce1ee7165,XTT,2026,660,tuyensinh247
e6e63a00-2ec9-5abb-9367-416143c974f7,7b33787d-8d55-5ef6-869b-bb3ef5169be0,DGNL_HN,2026,570,tuyensinh247
138ee4bc-b8af-5b12-a120-ab08dcd71aca,7b33787d-8d55-5ef6-869b-bb3ef5169be0,DGTD,2026,570,tuyensinh247
a6852067-0dc8-5ffa-a8fe-f9932930fde9,7b33787d-8d55-5ef6-869b-bb3ef5169be0,HBA,2026,570,tuyensinh247
0a71974c-b992-5135-810d-057fe013f396,7b33787d-8d55-5ef6-869b-bb3ef5169be0,THPT,2026,570,tuyensinh247
a147457f-d4a0-58d5-99be-e205e7b2f904,7b33787d-8d55-5ef6-869b-bb3ef5169be0,XTT,2026,570,tuyensinh247
3e6bb761-2be2-5e1d-a23e-a48455e970ef,31651384-deb7-565b-b031-eab7644ba883,DGNL_HN,2026,54,tuyensinh247
c1710404-0145-5376-b99c-3fc6a0812512,31651384-deb7-565b-b031-eab7644ba883,DGTD,2026,54,tuyensinh247
95560711-b89c-55d2-bc93-f296f4382e4c,31651384-deb7-565b-b031-eab7644ba883,HBA,2026,54,tuyensinh247
79fdc477-72c9-5c70-b606-8199d6e0d525,31651384-deb7-565b-b031-eab7644ba883,THPT,2026,54,tuyensinh247
3f4aac08-f98c-5f67-8106-956a9883ac6f,31651384-deb7-565b-b031-eab7644ba883,XTT,2026,54,tuyensinh247
6f9010b8-590f-50bb-bd3e-22fdfbc3bc52,2506b833-f3c4-5d9f-9f5d-92e5304c3bd8,DGNL_HN,2026,120,tuyensinh247
d0dec0cb-6d92-5c12-b187-5022d1b8e6a9,2506b833-f3c4-5d9f-9f5d-92e5304c3bd8,DGTD,2026,120,tuyensinh247
c83c4aed-9c98-537d-94a5-9d7d927b0ef4,2506b833-f3c4-5d9f-9f5d-92e5304c3bd8,HBA,2026,120,tuyensinh247
4e4a8a1a-bb61-5cb4-90c7-14a8b075f4c8,2506b833-f3c4-5d9f-9f5d-92e5304c3bd8,THPT,2026,120,tuyensinh247
23c8b49e-7866-5a1f-b69f-8b9a166854e2,2506b833-f3c4-5d9f-9f5d-92e5304c3bd8,XTT,2026,120,tuyensinh247
2f2ce923-5c80-5677-91ae-e1e53defa07d,a4be9cf9-2ea3-5f41-ab8a-3bdef6f49afe,DGNL_HN,2026,312,tuyensinh247
bbb12e91-314f-531f-9770-f6e55917f2a0,a4be9cf9-2ea3-5f41-ab8a-3bdef6f49afe,DGTD,2026,312,tuyensinh247
939d2ec5-5c6e-55ed-a242-e3c35afa7391,a4be9cf9-2ea3-5f41-ab8a-3bdef6f49afe,HBA,2026,312,tuyensinh247
01768853-65d7-5b12-80a5-2440b48ffb08,a4be9cf9-2ea3-5f41-ab8a-3bdef6f49afe,THPT,2026,312,tuyensinh247
bf4ac101-7392-591e-b578-350954d3c7db,a4be9cf9-2ea3-5f41-ab8a-3bdef6f49afe,XTT,2026,312,tuyensinh247
e2ee75bf-68ac-550a-9662-54df05c12c83,bc8e038b-b457-586e-99e6-193539ccfc05,DGNL_HN,2026,420,tuyensinh247
3a7ce3b3-74e7-56b5-845c-35178ebd5d25,bc8e038b-b457-586e-99e6-193539ccfc05,DGTD,2026,420,tuyensinh247
6f0c2c53-078f-5af1-aa48-472742b87f92,bc8e038b-b457-586e-99e6-193539ccfc05,HBA,2026,420,tuyensinh247
56fc7531-c5e1-5f85-8ab6-d3f17dd04a65,bc8e038b-b457-586e-99e6-193539ccfc05,THPT,2026,420,tuyensinh247
6d37155d-ecbb-514f-ab38-56b18202c650,bc8e038b-b457-586e-99e6-193539ccfc05,XTT,2026,420,tuyensinh247
10f733d3-8942-5238-ace5-934b88d98fb6,5cd86835-f4a1-53d3-9594-460600d59a79,DGNL_HN,2026,120,tuyensinh247
32db76f8-b85a-532a-9a01-0f191f4e615a,5cd86835-f4a1-53d3-9594-460600d59a79,DGTD,2026,120,tuyensinh247
bedee163-ed52-5fc4-bf3a-d3fca15bda0d,5cd86835-f4a1-53d3-9594-460600d59a79,HBA,2026,120,tuyensinh247
1ba62d7e-dcc4-51ab-843f-6c754eafd89c,5cd86835-f4a1-53d3-9594-460600d59a79,THPT,2026,120,tuyensinh247
55a282bc-c620-52d9-9882-316799a7a361,5cd86835-f4a1-53d3-9594-460600d59a79,XTT,2026,120,tuyensinh247
78e46868-7e1d-5c49-8150-4253a718fb49,5a70ad90-48a6-5811-96c6-50967b912ed0,DGNL_HN,2026,120,tuyensinh247
6568a66e-b6ce-5bc0-b81f-4798f4ee3358,5a70ad90-48a6-5811-96c6-50967b912ed0,DGTD,2026,120,tuyensinh247
2eb949c9-60ba-5988-904d-5e81444c63ac,5a70ad90-48a6-5811-96c6-50967b912ed0,HBA,2026,120,tuyensinh247
7dd07c99-a762-5ea2-9da9-352cee805525,5a70ad90-48a6-5811-96c6-50967b912ed0,THPT,2026,120,tuyensinh247
7bc59896-ecdb-5bf0-8aeb-109cfd8eb897,5a70ad90-48a6-5811-96c6-50967b912ed0,XTT,2026,120,tuyensinh247
3b7a301a-cc57-5dc6-9e48-ab8402d878c3,64854ecf-79db-5ae0-809a-9fb871d2117f,DGNL_HN,2026,48,tuyensinh247
bb66e6e4-e2ec-5838-abb4-ab60a8fbeb14,64854ecf-79db-5ae0-809a-9fb871d2117f,DGTD,2026,48,tuyensinh247
dfb98c54-e76a-57ee-b7cf-2f6bb2fec4d3,64854ecf-79db-5ae0-809a-9fb871d2117f,HBA,2026,48,tuyensinh247
bc51ad2a-771d-58a9-acea-db9b49d20291,64854ecf-79db-5ae0-809a-9fb871d2117f,THPT,2026,48,tuyensinh247
3130ea52-cb7d-5b33-9520-8a0dee9144ce,64854ecf-79db-5ae0-809a-9fb871d2117f,XTT,2026,48,tuyensinh247
be8ced51-b102-56cd-9703-d67d0ff3b77a,ed698edd-1741-5f9a-83c7-c5759516c166,DGNL_HN,2026,48,tuyensinh247
b73763bc-a096-5878-bee2-79a2e1265cb0,ed698edd-1741-5f9a-83c7-c5759516c166,DGTD,2026,48,tuyensinh247
ac56f9c8-1bb7-5181-aa4f-df2256c0eeb2,ed698edd-1741-5f9a-83c7-c5759516c166,HBA,2026,48,tuyensinh247
faf7e1ce-6819-5394-ae7b-8f8a7d3509fc,ed698edd-1741-5f9a-83c7-c5759516c166,THPT,2026,48,tuyensinh247
e7e67f50-b7ec-551b-b469-f9b5bc5bc68f,ed698edd-1741-5f9a-83c7-c5759516c166,XTT,2026,48,tuyensinh247
0165c227-b8c4-5cf2-94cc-40e58e8173e7,ac2f297f-c06a-551e-9f64-bc59253184e4,DGNL_HN,2026,260,tuyensinh247
02b0a130-ff35-5fef-b255-c5933a8a2a36,ac2f297f-c06a-551e-9f64-bc59253184e4,DGTD,2026,260,tuyensinh247
7e325703-00ec-5ed1-bfa8-96d26dcbe768,ac2f297f-c06a-551e-9f64-bc59253184e4,HBA,2026,260,tuyensinh247
e584a87b-ce40-5228-b0fe-1658f4977e23,ac2f297f-c06a-551e-9f64-bc59253184e4,THPT,2026,260,tuyensinh247
1ddc7526-adb5-56da-8a43-8e27ee339929,ac2f297f-c06a-551e-9f64-bc59253184e4,XTT,2026,260,tuyensinh247
273c3fb9-caa4-59da-9803-28cc934e776e,e9025d27-b9b9-5b44-8cd8-683f2ee52aad,DGNL_HN,2026,50,tuyensinh247
74b61807-7036-5d87-b6bf-d6a6e8963549,e9025d27-b9b9-5b44-8cd8-683f2ee52aad,DGTD,2026,50,tuyensinh247
bbc5fa4a-2b00-5791-b89f-d290ada32da8,e9025d27-b9b9-5b44-8cd8-683f2ee52aad,HBA,2026,50,tuyensinh247
d37bd11a-b2f9-5e3d-8bd0-f782c3278035,e9025d27-b9b9-5b44-8cd8-683f2ee52aad,THPT,2026,50,tuyensinh247
d3d884d7-7830-5903-bb1c-749099746c94,e9025d27-b9b9-5b44-8cd8-683f2ee52aad,XTT,2026,50,tuyensinh247
dc4738c1-ce49-570e-af90-0151d702ce98,b9b4f21e-3225-5fe6-91cd-09ca732ba07b,DGNL_HN,2026,100,tuyensinh247
7ed9c0da-7640-543d-b8c2-711f0ee1442b,b9b4f21e-3225-5fe6-91cd-09ca732ba07b,DGTD,2026,100,tuyensinh247
bd19f514-2d32-5490-9215-be1faac5767c,b9b4f21e-3225-5fe6-91cd-09ca732ba07b,HBA,2026,100,tuyensinh247
428d5723-516b-50ea-92f1-c7ab9b7f21ba,b9b4f21e-3225-5fe6-91cd-09ca732ba07b,THPT,2026,100,tuyensinh247
5bc3e170-72e2-5f11-9984-7b4c970e1781,b9b4f21e-3225-5fe6-91cd-09ca732ba07b,XTT,2026,100,tuyensinh247
d8786450-45be-531f-b200-599b733c2a3c,6b3af529-d445-50f6-92a5-2b362fdaa8fe,DGNL_HN,2026,383,tuyensinh247
ae705737-ade8-5d7f-8680-775e9c95def2,6b3af529-d445-50f6-92a5-2b362fdaa8fe,DGTD,2026,383,tuyensinh247
e023f36e-9c8d-5560-952e-9879b2f53271,6b3af529-d445-50f6-92a5-2b362fdaa8fe,HBA,2026,383,tuyensinh247
a92617f8-cb1b-5983-a55d-fa0c3ac9db19,6b3af529-d445-50f6-92a5-2b362fdaa8fe,THPT,2026,383,tuyensinh247
17579849-1a12-5133-a988-079ae583f01d,6b3af529-d445-50f6-92a5-2b362fdaa8fe,XTT,2026,383,tuyensinh247
f4743992-e043-595b-a82b-6ee3b0754627,52f8f614-b295-50d7-b1c2-019bf202d48d,DGNL_HN,2026,320,tuyensinh247
379df995-0528-5944-a8fb-b53d2b547256,52f8f614-b295-50d7-b1c2-019bf202d48d,DGTD,2026,320,tuyensinh247
7ea4a797-d169-5da4-b2f3-9dfb3a2bee3a,52f8f614-b295-50d7-b1c2-019bf202d48d,HBA,2026,320,tuyensinh247
1e94be51-4270-50dc-a354-95fcf3e17842,52f8f614-b295-50d7-b1c2-019bf202d48d,THPT,2026,320,tuyensinh247
4b42d920-8e5a-543b-a3ca-f16f30b9bb0a,52f8f614-b295-50d7-b1c2-019bf202d48d,XTT,2026,320,tuyensinh247
826a1d02-7ab0-50bd-8f3c-a8820d34ce75,16604762-0d44-506c-814c-8ef9fe2d2d52,DGNL_HN,2026,97,tuyensinh247
4d857f90-9bad-5ec5-b011-9b6d95b9b7d9,16604762-0d44-506c-814c-8ef9fe2d2d52,DGTD,2026,97,tuyensinh247
9fdae3f3-1b42-55be-9ace-fba54ac1496f,16604762-0d44-506c-814c-8ef9fe2d2d52,HBA,2026,97,tuyensinh247
51aecdaa-ac45-58e1-bb03-36dc8fb1b5e5,16604762-0d44-506c-814c-8ef9fe2d2d52,THPT,2026,97,tuyensinh247
ffeecae8-5095-5d51-b924-368d0cc00c3d,16604762-0d44-506c-814c-8ef9fe2d2d52,XTT,2026,97,tuyensinh247
e14d26b7-72ff-57c9-827c-78a09e07b39f,6db8a5bd-2361-526e-85f0-8690bde56e37,DGNL_HN,2026,160,tuyensinh247
86bdda94-8d22-55af-ba8b-3f9e3f31d6c7,6db8a5bd-2361-526e-85f0-8690bde56e37,DGTD,2026,160,tuyensinh247
93cd1cb4-0327-55ca-90d9-1d2c445c18b9,6db8a5bd-2361-526e-85f0-8690bde56e37,HBA,2026,160,tuyensinh247
0b4fe4e0-6b9f-521f-aad6-4f276a5f6f77,6db8a5bd-2361-526e-85f0-8690bde56e37,THPT,2026,160,tuyensinh247
8a77bd2c-1482-57c6-8a7d-7bdabacb133d,6db8a5bd-2361-526e-85f0-8690bde56e37,XTT,2026,160,tuyensinh247
18a96c24-65dc-5369-8fca-af0bc18011f1,3946dd74-3b88-5d12-b72b-2821d1261c8a,DGNL_HN,2026,80,tuyensinh247
349a8b66-f8d3-51dd-ae5e-944a0b476fef,3946dd74-3b88-5d12-b72b-2821d1261c8a,DGTD,2026,80,tuyensinh247
b26914cf-e725-5e44-8512-61d212e90ca5,3946dd74-3b88-5d12-b72b-2821d1261c8a,HBA,2026,80,tuyensinh247
9d38534c-67df-5916-8437-c7db92af7cd7,3946dd74-3b88-5d12-b72b-2821d1261c8a,THPT,2026,80,tuyensinh247
672a7b91-caae-5d84-9e7e-5a23c5cf0cf0,3946dd74-3b88-5d12-b72b-2821d1261c8a,XTT,2026,80,tuyensinh247
34caf564-ebc0-5d13-acc4-39e214ee3a28,c80a6bb3-75a9-5b1f-b8c0-050cb4404fd9,DGNL_HN,2026,30,tuyensinh247
c970dd4b-c29d-5b4f-ac35-b94a21416ce2,c80a6bb3-75a9-5b1f-b8c0-050cb4404fd9,DGTD,2026,30,tuyensinh247
c93ad60f-49d8-535c-9c8b-0b9ff3a93e12,c80a6bb3-75a9-5b1f-b8c0-050cb4404fd9,HBA,2026,30,tuyensinh247
e5ec1c26-5583-5672-a017-365c2f929a7e,c80a6bb3-75a9-5b1f-b8c0-050cb4404fd9,THPT,2026,30,tuyensinh247
b3b24ac6-45d6-52ba-8580-b8fd511a1f72,c80a6bb3-75a9-5b1f-b8c0-050cb4404fd9,XTT,2026,30,tuyensinh247
d79afba3-239f-54a1-bfdc-b05203d204b6,0d766252-6c05-513d-95c8-0af581adf657,DGNL_HN,2026,100,tuyensinh247
e2fe6e0f-333a-589f-a759-3f41f040c604,0d766252-6c05-513d-95c8-0af581adf657,DGTD,2026,100,tuyensinh247
3e3f7df6-46fc-53e2-98e8-c0afa8712079,0d766252-6c05-513d-95c8-0af581adf657,HBA,2026,100,tuyensinh247
693fe2a1-f44b-5299-a01e-260ad1941a1b,0d766252-6c05-513d-95c8-0af581adf657,THPT,2026,100,tuyensinh247
1f8f3f21-a3b5-5a6e-a74a-8a6e7f24bc8e,0d766252-6c05-513d-95c8-0af581adf657,XTT,2026,100,tuyensinh247
2fe679e9-1ce7-589a-aa3c-4200fde7c673,609992e5-4bd4-54e4-87c1-5679fad1a33a,DGNL_HN,2026,545,tuyensinh247
307e3885-d787-53b4-8605-e1681bc733c1,609992e5-4bd4-54e4-87c1-5679fad1a33a,DGTD,2026,545,tuyensinh247
5edc9c88-d0c5-5ab2-af37-d2bf81379076,609992e5-4bd4-54e4-87c1-5679fad1a33a,HBA,2026,545,tuyensinh247
cb2ce59c-d03d-5360-b2f4-c37b24bf1294,609992e5-4bd4-54e4-87c1-5679fad1a33a,THPT,2026,545,tuyensinh247
2fa2a1cb-ac22-5ccc-967d-2a49eafa987d,609992e5-4bd4-54e4-87c1-5679fad1a33a,XTT,2026,545,tuyensinh247
9cc3d508-cc9e-5082-b779-469730123bfa,b2695ea6-5928-5262-be04-1014bd61eb74,DGNL_HN,2026,88,tuyensinh247
3e40ba2f-66bd-59c4-a5f5-e499a0db9e8a,b2695ea6-5928-5262-be04-1014bd61eb74,DGTD,2026,88,tuyensinh247
c236be04-2311-5a27-b1a5-5f259d1fa735,b2695ea6-5928-5262-be04-1014bd61eb74,HBA,2026,88,tuyensinh247
a06aa2cb-c626-5352-bd15-c80382fd0252,b2695ea6-5928-5262-be04-1014bd61eb74,THPT,2026,88,tuyensinh247
13089af5-5d15-58e7-b05e-f840cd7933df,b2695ea6-5928-5262-be04-1014bd61eb74,XTT,2026,88,tuyensinh247
8fcd3f4e-4f4d-5961-bae6-72927a30b308,a0fd3053-aa92-58f8-a9eb-37217f49760f,DGNL_HN,2026,96,tuyensinh247
d99d2645-b954-5977-ab4a-fd429946a476,a0fd3053-aa92-58f8-a9eb-37217f49760f,DGTD,2026,96,tuyensinh247
d1c46129-5dd6-5e86-82fe-923ce41a1439,a0fd3053-aa92-58f8-a9eb-37217f49760f,HBA,2026,96,tuyensinh247
c4153273-59fe-50b9-8859-f3f790a5c00c,a0fd3053-aa92-58f8-a9eb-37217f49760f,THPT,2026,96,tuyensinh247
fb531ef1-8dd7-5bff-b0b2-0faae18bcd7b,a0fd3053-aa92-58f8-a9eb-37217f49760f,XTT,2026,96,tuyensinh247
8079162d-5f0e-550d-8948-309c84a3eb8c,c2640a32-6202-562a-9013-7d00362795d3,DGNL_HN,2026,80,tuyensinh247
1a4a8c22-b9d0-5f9e-aaad-16a85fbea765,c2640a32-6202-562a-9013-7d00362795d3,DGTD,2026,80,tuyensinh247
a414e7c1-3b97-56b1-8710-8d54573f16b7,c2640a32-6202-562a-9013-7d00362795d3,HBA,2026,80,tuyensinh247
0ea38489-dcf2-5be4-be9e-2943c90037ff,c2640a32-6202-562a-9013-7d00362795d3,THPT,2026,80,tuyensinh247
2f66c9fc-5dcc-5098-996e-1064beac6bb4,c2640a32-6202-562a-9013-7d00362795d3,XTT,2026,80,tuyensinh247
dcf24e6b-271d-5b22-b853-715f36288f43,1612d004-86e0-5e0a-b76c-37db5483ac59,DGNL_HN,2026,80,tuyensinh247
227635da-00af-5f8a-88fc-d608fd6bc91b,1612d004-86e0-5e0a-b76c-37db5483ac59,DGTD,2026,80,tuyensinh247
e261e87c-6a94-5b04-bac7-a45401751358,1612d004-86e0-5e0a-b76c-37db5483ac59,HBA,2026,80,tuyensinh247
263ed5c8-7ea6-5e1f-becf-710e82255a3b,1612d004-86e0-5e0a-b76c-37db5483ac59,THPT,2026,80,tuyensinh247
9a82207a-f113-5a89-a7b4-198ab8e693a6,1612d004-86e0-5e0a-b76c-37db5483ac59,XTT,2026,80,tuyensinh247
758d8b0b-bbcd-5b78-9abf-e6b0f7399111,13c5304d-ec8d-5f74-afe6-5faa6657d63a,DGNL_HN,2026,150,tuyensinh247
a0f057c5-bc85-573d-8d07-1754cf6ca8d4,13c5304d-ec8d-5f74-afe6-5faa6657d63a,DGTD,2026,150,tuyensinh247
225144b3-6146-5c27-89c7-66fa6d655693,13c5304d-ec8d-5f74-afe6-5faa6657d63a,HBA,2026,150,tuyensinh247
ca85bf2d-2f0d-599c-ba35-a78cda0547d3,13c5304d-ec8d-5f74-afe6-5faa6657d63a,THPT,2026,150,tuyensinh247
5002c629-5cce-5114-9147-a9f1e738a4b1,13c5304d-ec8d-5f74-afe6-5faa6657d63a,XTT,2026,150,tuyensinh247
164478a9-7482-5e1a-8d50-37f301645d55,2f933106-fe90-577c-ac5f-50bdb271f4e7,DGNL_HN,2026,120,tuyensinh247
c3135151-7f32-5f82-9be6-4c320891171f,2f933106-fe90-577c-ac5f-50bdb271f4e7,DGTD,2026,120,tuyensinh247
eb6484f8-fd47-5fb1-93e4-69d838a95d7e,2f933106-fe90-577c-ac5f-50bdb271f4e7,HBA,2026,120,tuyensinh247
abbef72d-87ff-537b-aac7-a9e197767de9,2f933106-fe90-577c-ac5f-50bdb271f4e7,THPT,2026,120,tuyensinh247
af9782f3-e313-50fa-926d-f81cb64cede0,2f933106-fe90-577c-ac5f-50bdb271f4e7,XTT,2026,120,tuyensinh247
84b1f6c7-d5de-5c8d-a254-7f8f33e6880d,2210f490-e814-57a5-bec9-5676be4a449f,DGNL_HN,2026,100,tuyensinh247
381c86e4-5e9e-53b5-909a-d4b76f567a2d,2210f490-e814-57a5-bec9-5676be4a449f,DGTD,2026,100,tuyensinh247
304e69ce-69be-58b2-bc45-b29c2231759c,2210f490-e814-57a5-bec9-5676be4a449f,HBA,2026,100,tuyensinh247
0b8e34c4-6844-50de-92aa-40d41cf4cd97,2210f490-e814-57a5-bec9-5676be4a449f,THPT,2026,100,tuyensinh247
0b63612f-9ce0-58be-9ac1-d7e172f5643d,2210f490-e814-57a5-bec9-5676be4a449f,XTT,2026,100,tuyensinh247
1a2fd5b8-7aa1-5e25-a375-4cc600930bfd,347d4d71-ea60-5fd7-8e40-537fa0667651,DGNL_HN,2026,60,tuyensinh247
41d71d13-97a3-5205-a7f1-2942923f4c99,347d4d71-ea60-5fd7-8e40-537fa0667651,DGTD,2026,60,tuyensinh247
e63b8121-5e72-5a8d-b1c5-013109c927a6,347d4d71-ea60-5fd7-8e40-537fa0667651,HBA,2026,60,tuyensinh247
0b59a68f-511a-589c-a2a1-c64590050ae3,347d4d71-ea60-5fd7-8e40-537fa0667651,THPT,2026,60,tuyensinh247
222fabb9-78d6-58fd-a543-0c3b5a698dd5,347d4d71-ea60-5fd7-8e40-537fa0667651,XTT,2026,60,tuyensinh247
aae0de61-19c9-5d17-b6e0-3f4906d8c162,09f2fe56-c96c-5427-a479-1908aed732a2,DGNL_HN,2026,60,tuyensinh247
5ebfc993-2abc-5c4d-af25-0fa107a90c7a,09f2fe56-c96c-5427-a479-1908aed732a2,DGTD,2026,60,tuyensinh247
69495c61-800d-5364-bb8c-82209b822f08,09f2fe56-c96c-5427-a479-1908aed732a2,HBA,2026,60,tuyensinh247
9ced5b0f-f61d-50d9-b571-9163b030c301,09f2fe56-c96c-5427-a479-1908aed732a2,THPT,2026,60,tuyensinh247
dd071d7e-a9db-56e2-9be9-b859431b5367,09f2fe56-c96c-5427-a479-1908aed732a2,XTT,2026,60,tuyensinh247
0d81e9ee-4469-5654-bffd-41dc16c25f94,b120d1bd-6fc9-50f3-877b-b8c6e87c5e06,DGNL_HN,2026,240,tuyensinh247
04b9f1b5-2c57-5062-8f10-87c3a1e3fe83,b120d1bd-6fc9-50f3-877b-b8c6e87c5e06,DGTD,2026,240,tuyensinh247
5bc9b55a-2eb2-5a61-93fe-388eff2c04dd,b120d1bd-6fc9-50f3-877b-b8c6e87c5e06,HBA,2026,240,tuyensinh247
6e2f837f-dcda-561f-993a-02840e1a2f4e,b120d1bd-6fc9-50f3-877b-b8c6e87c5e06,THPT,2026,240,tuyensinh247
fc281191-c35c-5177-9be4-8d4a190021f7,b120d1bd-6fc9-50f3-877b-b8c6e87c5e06,XTT,2026,240,tuyensinh247
2ecb4857-e3e2-5a03-8ab7-58c93602486c,4379042e-0a1e-56a4-826a-945aa0378348,DGNL_HN,2026,156,tuyensinh247
48b7f448-1ed7-5418-a94b-a919e86a637b,4379042e-0a1e-56a4-826a-945aa0378348,DGTD,2026,156,tuyensinh247
1d5b84cc-a9c1-5ffa-bf17-25427f5cf05a,4379042e-0a1e-56a4-826a-945aa0378348,HBA,2026,156,tuyensinh247
94d2c756-1b1a-527b-a613-018da134bc1a,4379042e-0a1e-56a4-826a-945aa0378348,THPT,2026,156,tuyensinh247
da70dca9-015d-5301-9ef1-096e125ed32c,4379042e-0a1e-56a4-826a-945aa0378348,XTT,2026,156,tuyensinh247
9280174b-a784-5e17-a2e6-60d012226ffa,3bd30c34-e341-5a06-9820-8fcf38d36681,DGNL_HN,2026,80,tuyensinh247
b459349f-44bd-50af-8e86-19ef2d94d070,3bd30c34-e341-5a06-9820-8fcf38d36681,DGTD,2026,80,tuyensinh247
4c69ddfa-27a2-5083-9378-55fc843be78c,3bd30c34-e341-5a06-9820-8fcf38d36681,HBA,2026,80,tuyensinh247
3591da04-d006-552e-8f6b-f39a8b3f1e38,3bd30c34-e341-5a06-9820-8fcf38d36681,THPT,2026,80,tuyensinh247
e180eced-59a7-51e9-a959-efa615adc030,3bd30c34-e341-5a06-9820-8fcf38d36681,XTT,2026,80,tuyensinh247
c5f8b57d-3112-511f-8043-eddbd4b607bb,a91ebf3a-a889-5ea2-bcf0-56a79201b7c8,DGNL_HN,2026,144,tuyensinh247
2b874bf7-95a4-59a3-9029-5af0f503e39d,a91ebf3a-a889-5ea2-bcf0-56a79201b7c8,DGTD,2026,144,tuyensinh247
4dcc5399-23a3-5d43-abf1-36a1d8f0add1,a91ebf3a-a889-5ea2-bcf0-56a79201b7c8,HBA,2026,144,tuyensinh247
0cd114fe-8fd9-5675-afe2-033f4f2c74ce,a91ebf3a-a889-5ea2-bcf0-56a79201b7c8,THPT,2026,144,tuyensinh247
d8a6abf3-8a13-5831-9a57-82d2cb1ae726,a91ebf3a-a889-5ea2-bcf0-56a79201b7c8,XTT,2026,144,tuyensinh247
b44b6960-12da-53ee-81e2-94b792376f97,cb283531-91d5-5682-8d79-aa6f2b69bbec,DGNL_HN,2026,50,tuyensinh247
cbc3e2f8-61d5-5503-a5e7-a6625d6629e5,cb283531-91d5-5682-8d79-aa6f2b69bbec,DGTD,2026,50,tuyensinh247
fbbd03c6-f621-5432-a595-46615cadec44,cb283531-91d5-5682-8d79-aa6f2b69bbec,HBA,2026,50,tuyensinh247
a3bd3858-f6bb-5cfb-83bb-ac37eb0aedf5,cb283531-91d5-5682-8d79-aa6f2b69bbec,THPT,2026,50,tuyensinh247
44af4750-9c1b-5e7e-a176-3bc7a1fa6f87,cb283531-91d5-5682-8d79-aa6f2b69bbec,XTT,2026,50,tuyensinh247
073cecc4-0c8e-5795-a69c-b359d8c348be,a784e455-436e-5789-8874-5ce193f83c8e,DGNL_HN,2026,48,tuyensinh247
1b472639-9a85-5042-83f2-bfd3e18409d0,a784e455-436e-5789-8874-5ce193f83c8e,DGTD,2026,48,tuyensinh247
16844820-014a-5fe8-afd8-bf6891c5e127,a784e455-436e-5789-8874-5ce193f83c8e,HBA,2026,48,tuyensinh247
d150f765-98ad-5e7b-94a6-d9158598ef0c,a784e455-436e-5789-8874-5ce193f83c8e,THPT,2026,48,tuyensinh247
e0a336e7-e098-5277-9cd0-8cea20d4c200,a784e455-436e-5789-8874-5ce193f83c8e,XTT,2026,48,tuyensinh247
a554b37c-6882-526d-abdc-d8cc8a8134df,59102f66-94d9-527b-8dcb-0e82b8f5879b,DGNL_HN,2026,108,tuyensinh247
c7f48f77-85bd-5eda-bd6c-03157966aa83,59102f66-94d9-527b-8dcb-0e82b8f5879b,DGTD,2026,108,tuyensinh247
ba810435-c505-5e0e-a6aa-0b315d479d88,59102f66-94d9-527b-8dcb-0e82b8f5879b,HBA,2026,108,tuyensinh247
a7069b3a-8f86-504a-a125-99c03bd97031,59102f66-94d9-527b-8dcb-0e82b8f5879b,THPT,2026,108,tuyensinh247
011b54de-713d-5d7a-ad87-6fb833323d91,59102f66-94d9-527b-8dcb-0e82b8f5879b,XTT,2026,108,tuyensinh247
bc7da6e2-5de3-5e31-8f8b-d3df6a866174,46ff3701-6a84-57db-8bd8-679b5cac35da,DGNL_HN,2026,80,tuyensinh247
89a3cbd8-be69-5070-8f04-190640900c19,46ff3701-6a84-57db-8bd8-679b5cac35da,DGTD,2026,80,tuyensinh247
b62d60f4-f555-5a9e-ad66-4d536bf13e3b,46ff3701-6a84-57db-8bd8-679b5cac35da,HBA,2026,80,tuyensinh247
329fd45d-c3e5-5875-a3d7-473b3d40a935,46ff3701-6a84-57db-8bd8-679b5cac35da,THPT,2026,80,tuyensinh247
4c72e012-a62f-58a5-8459-daffbb9f08cd,46ff3701-6a84-57db-8bd8-679b5cac35da,XTT,2026,80,tuyensinh247
93ed055d-c100-5c1c-878e-d744f2c104d6,e36070b7-b7b9-5b7d-aaa0-18d5c3cc0edf,DGNL_HN,2026,128,tuyensinh247
91ce567c-5af1-5f69-a38a-0e5e6ca401c1,e36070b7-b7b9-5b7d-aaa0-18d5c3cc0edf,DGTD,2026,128,tuyensinh247
e5f8e843-2e44-562e-9ee6-ae1219627295,e36070b7-b7b9-5b7d-aaa0-18d5c3cc0edf,HBA,2026,128,tuyensinh247
b8783f40-ad44-5ce4-90e2-8b27429bbbb9,e36070b7-b7b9-5b7d-aaa0-18d5c3cc0edf,THPT,2026,128,tuyensinh247
6de3b0a3-367d-5def-b4dd-faa39db784c8,e36070b7-b7b9-5b7d-aaa0-18d5c3cc0edf,XTT,2026,128,tuyensinh247
4d25d445-1abb-53c0-8e9f-9e2fe45dd4f4,a8df8dbc-d490-5ec7-910f-d792f0be80c8,DGNL_HN,2026,72,tuyensinh247
6768c7a2-af4a-5e0f-8bab-ef4a779e20a6,a8df8dbc-d490-5ec7-910f-d792f0be80c8,DGTD,2026,72,tuyensinh247
4ed3baaa-da3b-5079-984f-f8bd95593d41,a8df8dbc-d490-5ec7-910f-d792f0be80c8,HBA,2026,72,tuyensinh247
7d7a2c6a-24a1-5f8a-8985-34ef3463bab9,a8df8dbc-d490-5ec7-910f-d792f0be80c8,THPT,2026,72,tuyensinh247
b71f36d5-c4b5-552c-bb53-c82e9602b695,a8df8dbc-d490-5ec7-910f-d792f0be80c8,XTT,2026,72,tuyensinh247
1f823847-07c6-5517-902a-e863f75aa9d7,e3f1b674-5e9b-5f1e-8391-ea3c0e057bc1,DGNL_HN,2026,364,tuyensinh247
09a8d649-92ad-52a9-9347-1e8b578f3133,e3f1b674-5e9b-5f1e-8391-ea3c0e057bc1,DGTD,2026,364,tuyensinh247
2ea8c29c-bce2-5da2-9612-ab70fc666286,e3f1b674-5e9b-5f1e-8391-ea3c0e057bc1,HBA,2026,364,tuyensinh247
582e6a6c-7a60-5c35-9a99-8877c668f976,e3f1b674-5e9b-5f1e-8391-ea3c0e057bc1,THPT,2026,364,tuyensinh247
d905e9f8-b09b-5410-9020-e359afea0b6a,e3f1b674-5e9b-5f1e-8391-ea3c0e057bc1,XTT,2026,364,tuyensinh247
3e967cd9-7597-52e2-bbb1-0fa6a853bce0,c3bf697b-acb7-5996-81c9-6b4bec1e20be,DGNL_HN,2026,20,tuyensinh247
746a53b7-3385-5d06-85b1-d55065be7b4d,c3bf697b-acb7-5996-81c9-6b4bec1e20be,DGTD,2026,20,tuyensinh247
24b11f03-1df4-52d8-8c28-f1f53e01e454,c3bf697b-acb7-5996-81c9-6b4bec1e20be,HBA,2026,20,tuyensinh247
4b517d3d-8188-5107-964b-dea932766513,c3bf697b-acb7-5996-81c9-6b4bec1e20be,THPT,2026,20,tuyensinh247
37016a43-f74c-5006-b01e-ef98d8237d1a,c3bf697b-acb7-5996-81c9-6b4bec1e20be,XTT,2026,20,tuyensinh247
e7ede229-acf0-500e-b26b-0a84efeb54f8,dc05c00d-0105-5738-b2d8-687de1c014ef,DGNL_HN,2026,382,tuyensinh247
ad0ac50e-4794-5676-9410-89e08bade6ab,dc05c00d-0105-5738-b2d8-687de1c014ef,DGTD,2026,382,tuyensinh247
95931708-ca22-59d8-93df-df48ba4328bf,dc05c00d-0105-5738-b2d8-687de1c014ef,HBA,2026,382,tuyensinh247
e195e68d-a224-5ac7-8596-da4d8ffb5fb4,dc05c00d-0105-5738-b2d8-687de1c014ef,THPT,2026,382,tuyensinh247
fa8cf3bb-80d7-56ca-af9a-8534876da66e,dc05c00d-0105-5738-b2d8-687de1c014ef,XTT,2026,382,tuyensinh247
38ffecd0-7e4e-5e72-85f9-1104b67c1dc9,a702d6fb-ab50-5437-aebd-502730eff240,DGNL_HN,2026,72,tuyensinh247
cf06d31a-3bd7-5efd-9232-2f897a3f3d80,a702d6fb-ab50-5437-aebd-502730eff240,DGTD,2026,72,tuyensinh247
a7118e76-609b-56ad-a9a7-3fe74536624d,a702d6fb-ab50-5437-aebd-502730eff240,HBA,2026,72,tuyensinh247
c8fec5d5-a017-5b19-a7b0-06c73603fe7e,a702d6fb-ab50-5437-aebd-502730eff240,THPT,2026,72,tuyensinh247
431a88c1-ba22-535b-b654-762c83bf0221,a702d6fb-ab50-5437-aebd-502730eff240,XTT,2026,72,tuyensinh247
16213f3a-3b7b-5504-8a2d-20226cef9a74,67547718-1049-54e6-9793-5dd94d252b3d,DGNL_HN,2026,110,tuyensinh247
54802171-e1fe-5824-b730-f1a56844f15e,67547718-1049-54e6-9793-5dd94d252b3d,DGTD,2026,110,tuyensinh247
8589f807-31d1-5e96-8a0e-6f79ce40ba2a,67547718-1049-54e6-9793-5dd94d252b3d,HBA,2026,110,tuyensinh247
32fefda2-d6cd-5b12-a289-ba97e0b9defc,67547718-1049-54e6-9793-5dd94d252b3d,THPT,2026,110,tuyensinh247
b74c135a-a9f0-51d3-8751-ce8e167860f1,67547718-1049-54e6-9793-5dd94d252b3d,XTT,2026,110,tuyensinh247
14ca0592-7209-5001-9373-f77496b7c134,8976ac8a-2966-5d67-81aa-104b7097a52d,DGNL_HN,2026,360,tuyensinh247
7c594fcd-de03-58a9-a6f7-8b2dd2521733,8976ac8a-2966-5d67-81aa-104b7097a52d,DGTD,2026,360,tuyensinh247
70f38b50-688c-5bb0-9b7c-17430690b923,8976ac8a-2966-5d67-81aa-104b7097a52d,HBA,2026,360,tuyensinh247
ebe13a56-d2c1-5d39-9aa1-e87d080e3314,8976ac8a-2966-5d67-81aa-104b7097a52d,THPT,2026,360,tuyensinh247
caf0722b-6f93-5626-b4ab-bce32fc800ae,8976ac8a-2966-5d67-81aa-104b7097a52d,XTT,2026,360,tuyensinh247
c5c402fc-0e66-5fda-ad24-c8857f3b3d5e,2de4760f-01d7-54fa-a4f9-0c44ad2ef568,DGNL_HN,2026,120,tuyensinh247
017c2611-7f20-55e9-b0d4-4599cc2f6170,2de4760f-01d7-54fa-a4f9-0c44ad2ef568,DGTD,2026,120,tuyensinh247
24de9692-30ac-5942-92e5-c3cd0e4e39f4,2de4760f-01d7-54fa-a4f9-0c44ad2ef568,HBA,2026,120,tuyensinh247
2ee0b37d-956b-5d3c-b5ce-52b0f8acc01a,2de4760f-01d7-54fa-a4f9-0c44ad2ef568,THPT,2026,120,tuyensinh247
de56600a-a8c4-5452-862f-092b7f76f8a3,2de4760f-01d7-54fa-a4f9-0c44ad2ef568,XTT,2026,120,tuyensinh247
1ec98f1d-5f38-54e4-983d-278472dd37c2,47b84b4d-16ac-54cc-a150-9b75c540224e,DGNL_HN,2026,160,tuyensinh247
2733350d-04d8-5daa-b443-d9372ad5967c,47b84b4d-16ac-54cc-a150-9b75c540224e,DGTD,2026,160,tuyensinh247
c48a6efd-38a6-5393-ab61-59ff89bf7e61,47b84b4d-16ac-54cc-a150-9b75c540224e,HBA,2026,160,tuyensinh247
423364e8-d45f-56a3-92d0-84921b4f3a40,47b84b4d-16ac-54cc-a150-9b75c540224e,THPT,2026,160,tuyensinh247
89e04b87-d71b-5ca7-b44a-88deee26ad0b,47b84b4d-16ac-54cc-a150-9b75c540224e,XTT,2026,160,tuyensinh247
5080d04f-476e-58de-b83a-f058050f8da7,10e4cd1f-32bd-555d-9b5a-d85c6ea7c14c,DGNL_HN,2026,210,tuyensinh247
947bc9f9-5081-5d8f-a548-28b3c5651187,10e4cd1f-32bd-555d-9b5a-d85c6ea7c14c,DGTD,2026,210,tuyensinh247
98a2e3dd-344b-57f1-9f05-e05eef472c7d,10e4cd1f-32bd-555d-9b5a-d85c6ea7c14c,HBA,2026,210,tuyensinh247
c8e08f33-5368-55a5-b2bf-26d30e592744,10e4cd1f-32bd-555d-9b5a-d85c6ea7c14c,THPT,2026,210,tuyensinh247
d17b5dda-d175-5bc2-a809-8f784241ec8e,632142b7-0fb1-56c1-8115-0a295acb8776,DGNL_HN,2026,140,tuyensinh247
7f1d3b4a-3f4d-5c17-897f-3bf02f5b2006,632142b7-0fb1-56c1-8115-0a295acb8776,DGTD,2026,140,tuyensinh247
0e3675fa-3c34-597d-aee3-417e7f158a62,632142b7-0fb1-56c1-8115-0a295acb8776,HBA,2026,140,tuyensinh247
26edc8ba-dc9c-5f41-90cd-2d2ff3d3312f,632142b7-0fb1-56c1-8115-0a295acb8776,THPT,2026,140,tuyensinh247
df7f2539-2109-53a4-a37c-793fe4b51093,3badafaa-3b14-585d-82cd-0cc07603e3ac,DGNL_HCM,2026,2,tuyensinh247
1852748f-10ad-5edb-a3fc-864c848b4dcc,3badafaa-3b14-585d-82cd-0cc07603e3ac,DGNL_HN,2026,5,tuyensinh247
ac304e5b-6037-5798-8933-593ad9f82c36,3badafaa-3b14-585d-82cd-0cc07603e3ac,DGTD,2026,400,tuyensinh247
b4363f2e-c54e-52fe-bb3b-877700ff4341,3badafaa-3b14-585d-82cd-0cc07603e3ac,THPT,2026,400,tuyensinh247
4f5c15e4-2718-583f-a5a1-5ab9faabfac9,216a3088-981b-5cb8-8ac0-3c45a7f2cdf0,DGNL_HCM,2026,2,tuyensinh247
0dda02bd-d891-56a2-87e3-96b19b26eeaa,216a3088-981b-5cb8-8ac0-3c45a7f2cdf0,DGNL_HN,2026,5,tuyensinh247
59dfa45e-45a6-51b7-987c-bb7fc3b0a1f2,216a3088-981b-5cb8-8ac0-3c45a7f2cdf0,DGTD,2026,350,tuyensinh247
33d6a36a-6466-5c82-800d-16285dcf8f53,216a3088-981b-5cb8-8ac0-3c45a7f2cdf0,THPT,2026,350,tuyensinh247
4aa975f5-47c9-5821-8402-d647c486fd61,97a20cf3-295b-519f-a03a-cf6e43a3d66a,DGNL_HCM,2026,2,tuyensinh247
00fece70-e462-5955-b3c5-61d5647a88b2,97a20cf3-295b-519f-a03a-cf6e43a3d66a,DGNL_HN,2026,5,tuyensinh247
c809e399-cb0c-515a-bf53-c83693b4cc1a,97a20cf3-295b-519f-a03a-cf6e43a3d66a,DGTD,2026,510,tuyensinh247
b502049b-3a7f-53c8-82e3-4a47e9ce3099,97a20cf3-295b-519f-a03a-cf6e43a3d66a,THPT,2026,510,tuyensinh247
071db039-11cf-5d7c-8bf2-2973ab96b15d,18b6428e-39c5-5c71-9375-8bd21b3e940c,DGNL_HCM,2026,2,tuyensinh247
6fd44264-0e4e-5a4f-b5f2-b698fc169b4c,18b6428e-39c5-5c71-9375-8bd21b3e940c,DGNL_HN,2026,5,tuyensinh247
29891b46-be0d-5791-860a-a66bc037f01c,18b6428e-39c5-5c71-9375-8bd21b3e940c,DGTD,2026,410,tuyensinh247
3647f9b5-7824-5e56-a861-c6b89fdc4226,18b6428e-39c5-5c71-9375-8bd21b3e940c,THPT,2026,410,tuyensinh247
77077f94-b171-52f8-b8d7-0e25ed299ac8,453bae55-6ef8-583e-a06d-4baab049c928,DGNL_HCM,2026,150,tuyensinh247
c62843d8-e9d6-5b19-b3f7-00b841020558,453bae55-6ef8-583e-a06d-4baab049c928,DGNL_HN,2026,150,tuyensinh247
69763e9d-2d55-5c53-bbde-30d01e7475db,453bae55-6ef8-583e-a06d-4baab049c928,DGTD,2026,150,tuyensinh247
4861ed64-f627-5913-b2c0-69ae6a9bf3f4,453bae55-6ef8-583e-a06d-4baab049c928,HBA,2026,150,tuyensinh247
18e84844-0b3c-5f97-beb9-0ff75554c722,453bae55-6ef8-583e-a06d-4baab049c928,THPT,2026,150,tuyensinh247
31486727-ab26-528c-8825-66e01e1d0bb2,c3a6d770-ad97-53ee-9d83-ab6d501b73ba,DGNL_HCM,2026,350,tuyensinh247
0e455d31-097b-58c7-a7d6-d3a31e41a15d,c3a6d770-ad97-53ee-9d83-ab6d501b73ba,DGNL_HN,2026,350,tuyensinh247
7d00f3c4-c126-511c-9add-6d1a9f96a5e7,c3a6d770-ad97-53ee-9d83-ab6d501b73ba,DGTD,2026,350,tuyensinh247
4dc3a981-5d91-530c-85e4-15466242d279,c3a6d770-ad97-53ee-9d83-ab6d501b73ba,HBA,2026,350,tuyensinh247
3903293c-1844-50cb-b32f-abe71bde8374,c3a6d770-ad97-53ee-9d83-ab6d501b73ba,THPT,2026,350,tuyensinh247
ca0d6481-ac87-5f1b-9a9a-6fbcba6a7dab,75da58a4-7376-5a8a-b6ea-5517175333fd,DGNL_HCM,2026,2,tuyensinh247
f74933da-8e59-580a-886d-d499dc01fc22,75da58a4-7376-5a8a-b6ea-5517175333fd,DGNL_HN,2026,5,tuyensinh247
be0bc5af-047e-5062-b383-c7a3641545ac,75da58a4-7376-5a8a-b6ea-5517175333fd,DGTD,2026,500,tuyensinh247
2aece996-5fa0-5d47-86b5-3e455f267a8a,75da58a4-7376-5a8a-b6ea-5517175333fd,THPT,2026,500,tuyensinh247
5cf18b57-a547-57f2-992e-373ddbf07805,cfd503da-6a95-5c1d-8b7c-c9976a216b1c,DGNL_HCM,2026,2,tuyensinh247
c78b5644-ae11-56ae-bae7-418778613685,cfd503da-6a95-5c1d-8b7c-c9976a216b1c,DGNL_HN,2026,5,tuyensinh247
c7a20c03-6ed5-5305-8000-45ece60395d1,cfd503da-6a95-5c1d-8b7c-c9976a216b1c,DGTD,2026,330,tuyensinh247
2637c8c0-cc30-503a-8069-62a62bc26559,cfd503da-6a95-5c1d-8b7c-c9976a216b1c,THPT,2026,330,tuyensinh247
73bed4c4-8afb-543d-b44a-5468da024d5e,650756b1-9c06-5424-a9af-afed8e302c96,DGNL_HN,2026,150,tuyensinh247
7fcab23b-e83d-540b-95bc-321599d3d2c3,650756b1-9c06-5424-a9af-afed8e302c96,DGTD,2026,150,tuyensinh247
1616925c-ec8b-57fd-a25b-8f8d81080074,650756b1-9c06-5424-a9af-afed8e302c96,HBA,2026,150,tuyensinh247
46c0f020-e6ff-5f76-9dc1-2b1d0f0fca87,650756b1-9c06-5424-a9af-afed8e302c96,THPT,2026,150,tuyensinh247
e1091817-be91-5e8c-b262-903c2a26ba6b,e460d5b5-2067-54e7-aebf-10ba524c8b20,DGNL_HN,2026,25,tuyensinh247
94853b17-9151-57a3-bd83-55d71289629a,e460d5b5-2067-54e7-aebf-10ba524c8b20,DGTD,2026,25,tuyensinh247
d9a93fb2-5fc4-56ab-9ea6-6fa568dfdeb8,e460d5b5-2067-54e7-aebf-10ba524c8b20,HBA,2026,25,tuyensinh247
8d8ef8de-285b-50e9-ac63-f6692119cc53,e460d5b5-2067-54e7-aebf-10ba524c8b20,THPT,2026,25,tuyensinh247
a2a2bae4-a34a-562e-bc92-817260f05e80,668ed3e3-3dfd-52ff-aa05-9188ba2106a9,DGNL_HN,2026,25,tuyensinh247
badcd704-1119-58d8-94d6-c707a02017a0,668ed3e3-3dfd-52ff-aa05-9188ba2106a9,DGTD,2026,25,tuyensinh247
4a1dcdf5-7de1-501b-bfcf-6c3577264428,668ed3e3-3dfd-52ff-aa05-9188ba2106a9,HBA,2026,25,tuyensinh247
74b521c2-cbbc-5056-ae60-c012843aa9ab,668ed3e3-3dfd-52ff-aa05-9188ba2106a9,THPT,2026,25,tuyensinh247
3a32e05a-ca4f-524a-a1f7-9b9523b26466,8aa634ea-e1e2-56d2-b871-1d279bc5b2f2,DGNL_HN,2026,25,tuyensinh247
0a7e47de-9190-5800-9810-7a728f46a093,8aa634ea-e1e2-56d2-b871-1d279bc5b2f2,DGTD,2026,25,tuyensinh247
8a90217b-857a-585d-9e89-5b5a8aa27a5b,8aa634ea-e1e2-56d2-b871-1d279bc5b2f2,HBA,2026,25,tuyensinh247
5b85c9ad-32d1-5bd1-ab3e-79cba1afa961,8aa634ea-e1e2-56d2-b871-1d279bc5b2f2,THPT,2026,25,tuyensinh247
dca4a68c-ca0f-53e2-9a55-1d258041aa7e,6a87b137-dfde-5184-b802-c3463fc7bdf4,DGNL_HN,2026,25,tuyensinh247
4350647f-16bb-5428-8c68-6b5b266bf2ec,6a87b137-dfde-5184-b802-c3463fc7bdf4,DGTD,2026,25,tuyensinh247
c153375c-2661-530b-9435-46c0d3517575,6a87b137-dfde-5184-b802-c3463fc7bdf4,HBA,2026,25,tuyensinh247
cd32467a-8576-585f-878d-2e29a9a60632,6a87b137-dfde-5184-b802-c3463fc7bdf4,THPT,2026,25,tuyensinh247
83b5b283-3314-5fdf-9fb2-d466a1716869,bbe0d7e0-3e2e-5fe4-a8bc-d17a7e3112b5,DGNL_HN,2026,50,tuyensinh247
bef02cd0-f3b5-560a-8d1b-930e19a6d3b6,bbe0d7e0-3e2e-5fe4-a8bc-d17a7e3112b5,DGTD,2026,50,tuyensinh247
47e004c7-d42e-5c43-8a4e-009da4e5c1ea,bbe0d7e0-3e2e-5fe4-a8bc-d17a7e3112b5,HBA,2026,50,tuyensinh247
636afffc-1680-548e-9e0e-2ab914c56cc1,bbe0d7e0-3e2e-5fe4-a8bc-d17a7e3112b5,THPT,2026,50,tuyensinh247
4b7ea73e-bda3-52b7-83b8-9d17e94e2358,a975c31e-f3e6-5058-a4ef-fc26892782f6,DGNL_HN,2026,770,tuyensinh247
1728c581-054d-5c7e-9d76-328d60964f5c,a975c31e-f3e6-5058-a4ef-fc26892782f6,DGTD,2026,770,tuyensinh247
6226de79-face-5af3-ac4d-3b4961265616,a975c31e-f3e6-5058-a4ef-fc26892782f6,HBA,2026,770,tuyensinh247
8c3b3128-204f-59bf-b847-628655a3b79d,a975c31e-f3e6-5058-a4ef-fc26892782f6,THPT,2026,770,tuyensinh247
2e716db1-11a9-5890-b174-f721272c6718,8585a456-0040-55e3-aba6-5b7c6c5f4508,DGNL_HN,2026,70,tuyensinh247
ce76bf01-232d-5785-b37c-4b235928f580,8585a456-0040-55e3-aba6-5b7c6c5f4508,DGTD,2026,70,tuyensinh247
67336a03-4c92-5202-b47c-33007676b3f3,8585a456-0040-55e3-aba6-5b7c6c5f4508,HBA,2026,70,tuyensinh247
0f3e8a3e-34ab-559e-8b8c-fb9be8223e57,8585a456-0040-55e3-aba6-5b7c6c5f4508,THPT,2026,70,tuyensinh247
e16627e6-e615-5e01-8aff-ed35aaf55cb7,664fa4dc-975a-5911-a3fe-e465f2699e62,DGNL_HN,2026,150,tuyensinh247
8ac72381-f73a-5a38-b73e-05b8d330e169,664fa4dc-975a-5911-a3fe-e465f2699e62,DGTD,2026,150,tuyensinh247
6752f747-7ddd-5758-bb17-f4750407c491,664fa4dc-975a-5911-a3fe-e465f2699e62,HBA,2026,150,tuyensinh247
51ddbce9-a965-56af-b435-23343e7295a3,664fa4dc-975a-5911-a3fe-e465f2699e62,THPT,2026,150,tuyensinh247
2660ba58-13b6-5a0b-80d1-05ea36691c61,709ddc37-f92a-56d5-a07e-27d99b4e55c4,DGNL_HN,2026,300,tuyensinh247
63c699f4-c542-524f-aa76-1d38b107b7fe,709ddc37-f92a-56d5-a07e-27d99b4e55c4,DGTD,2026,300,tuyensinh247
68918d67-4ed3-54ae-92c9-41c2d273dbe9,709ddc37-f92a-56d5-a07e-27d99b4e55c4,HBA,2026,300,tuyensinh247
ce57428d-2c3c-5d61-a22f-0d99970c609b,709ddc37-f92a-56d5-a07e-27d99b4e55c4,THPT,2026,300,tuyensinh247
7ab5659d-8e08-59d6-b370-f9351fbf3419,02c13ee3-5a4f-5a7f-b0b0-fbf1de6ccd5a,DGNL_HN,2026,120,tuyensinh247
2dfcd8a7-9a5b-5b0d-9e2e-105cd5dfca5d,02c13ee3-5a4f-5a7f-b0b0-fbf1de6ccd5a,DGTD,2026,120,tuyensinh247
f89bfc36-8d36-5e72-aa48-22937c7f3e81,02c13ee3-5a4f-5a7f-b0b0-fbf1de6ccd5a,HBA,2026,120,tuyensinh247
d585342b-0d0b-5783-97c8-3058593d8bbc,02c13ee3-5a4f-5a7f-b0b0-fbf1de6ccd5a,THPT,2026,120,tuyensinh247
4c5afcbf-6907-563e-9270-213ba6412017,31a035fd-5249-574d-8870-be8eab8b8cac,DGNL_HN,2026,300,tuyensinh247
08a48d89-445e-5af8-acd3-1e66355c2c62,31a035fd-5249-574d-8870-be8eab8b8cac,DGTD,2026,300,tuyensinh247
f7a33b0d-5373-5d7b-aae0-616b0d92135c,31a035fd-5249-574d-8870-be8eab8b8cac,HBA,2026,300,tuyensinh247
17ee45f8-b533-5207-aace-d8377e308c0d,31a035fd-5249-574d-8870-be8eab8b8cac,THPT,2026,300,tuyensinh247
238caa52-dcbc-5148-baa7-8911c6a6db3c,28fc307c-f6bb-5485-8147-2fbb7a1370a8,DGNL_HN,2026,280,tuyensinh247
9892907b-56aa-55b7-b5e2-4a4937948f54,28fc307c-f6bb-5485-8147-2fbb7a1370a8,DGTD,2026,280,tuyensinh247
0a989d32-87fa-5f88-bc8a-478d89b31c5d,28fc307c-f6bb-5485-8147-2fbb7a1370a8,HBA,2026,280,tuyensinh247
cd2209e5-7298-506e-b05b-32dce2c07831,28fc307c-f6bb-5485-8147-2fbb7a1370a8,THPT,2026,280,tuyensinh247
af47a876-2454-5273-98fe-86e2f90ed92e,4e5de4fa-4a9d-561f-a373-07a7d03f81f8,DGNL_HN,2026,60,tuyensinh247
b37e6438-b68c-5cc6-9f11-9d2bc682a102,4e5de4fa-4a9d-561f-a373-07a7d03f81f8,DGTD,2026,60,tuyensinh247
06a07216-3a4e-5ff2-a7e0-213d716e76f7,4e5de4fa-4a9d-561f-a373-07a7d03f81f8,HBA,2026,60,tuyensinh247
dd1647ef-cfa0-51bb-b2b1-e0441a68f32f,4e5de4fa-4a9d-561f-a373-07a7d03f81f8,THPT,2026,60,tuyensinh247
384af0e2-71df-585e-9891-594d8dcd564c,bb932572-0ad3-5bda-a04b-44a5f70a414a,DGNL_HN,2026,50,tuyensinh247
a4308399-99c6-5f05-a342-0a85d7b04441,bb932572-0ad3-5bda-a04b-44a5f70a414a,DGTD,2026,50,tuyensinh247
64629be5-6b2e-5041-ae4c-572b409001cc,bb932572-0ad3-5bda-a04b-44a5f70a414a,HBA,2026,50,tuyensinh247
435782b3-d41b-582b-8fbf-f0d21f2001c7,bb932572-0ad3-5bda-a04b-44a5f70a414a,THPT,2026,50,tuyensinh247
2e57b622-540f-5d91-b5bc-1ce462a7ad45,f4f024ff-db0f-571e-b56b-47829a557d23,DGNL_HN,2026,50,tuyensinh247
78ed610f-6971-54f0-89cb-0d9ef0e28d5c,f4f024ff-db0f-571e-b56b-47829a557d23,DGTD,2026,50,tuyensinh247
44afcb8c-feb0-522c-a404-56a39c4cc2d4,f4f024ff-db0f-571e-b56b-47829a557d23,HBA,2026,50,tuyensinh247
04574006-7b45-52fc-97c4-6f27b400c60e,f4f024ff-db0f-571e-b56b-47829a557d23,THPT,2026,50,tuyensinh247
3ef17f4e-2780-5962-866c-0dc2ba921c4e,498c55ee-13b4-5d43-98ea-e347178179b0,DGNL_HN,2026,460,tuyensinh247
417d0774-df71-5a8c-b3ad-ebd96e38b822,498c55ee-13b4-5d43-98ea-e347178179b0,DGTD,2026,460,tuyensinh247
dd34eeea-6d0e-5121-8d4c-9802ccd2d049,498c55ee-13b4-5d43-98ea-e347178179b0,HBA,2026,460,tuyensinh247
47e14e4c-d4be-55c5-aa12-4176241ab59f,498c55ee-13b4-5d43-98ea-e347178179b0,THPT,2026,460,tuyensinh247
542bd5ce-a7b4-5b2c-a090-f0cbfa5ef84c,68f72a85-6d6e-5f4f-a8aa-b6badb264c3d,DGNL_HN,2026,60,tuyensinh247
35d5e1c6-da98-563f-8594-6ace9c4c1e73,68f72a85-6d6e-5f4f-a8aa-b6badb264c3d,DGTD,2026,60,tuyensinh247
89210835-dbb1-56bb-915a-69edc23af86f,68f72a85-6d6e-5f4f-a8aa-b6badb264c3d,HBA,2026,60,tuyensinh247
7355f43c-6738-5319-9e11-dd856fd0531a,68f72a85-6d6e-5f4f-a8aa-b6badb264c3d,THPT,2026,60,tuyensinh247
034e4184-f43d-553e-8b77-383933b10722,32ae23e7-cc0f-57a9-9f12-5d952cdf16b4,DGNL_HN,2026,140,tuyensinh247
a3862b87-1c40-5be1-8531-f90fe0020867,32ae23e7-cc0f-57a9-9f12-5d952cdf16b4,DGTD,2026,140,tuyensinh247
b2399425-caf2-5c43-9a0e-c02d9be49fa8,32ae23e7-cc0f-57a9-9f12-5d952cdf16b4,HBA,2026,140,tuyensinh247
b2339d05-5c20-516b-aa9a-7f27b929915f,32ae23e7-cc0f-57a9-9f12-5d952cdf16b4,THPT,2026,140,tuyensinh247
c9b278f5-dddf-5a49-8eab-94192343f8a8,3c9d4d16-a72e-5d12-a8b8-e030fa6dce43,DGNL_HN,2026,320,tuyensinh247
f3c53554-a5c3-528e-997c-b03b32718aa0,3c9d4d16-a72e-5d12-a8b8-e030fa6dce43,DGTD,2026,320,tuyensinh247
740e89c7-742e-5c5d-ac50-5259ae76ce39,3c9d4d16-a72e-5d12-a8b8-e030fa6dce43,HBA,2026,320,tuyensinh247
c4d79602-19a4-50bf-99bd-96965999a9d5,3c9d4d16-a72e-5d12-a8b8-e030fa6dce43,THPT,2026,320,tuyensinh247
daf6fc4e-cf31-596a-89a0-bf50e7f1008f,4e42c4bd-0483-554f-b794-53f66b730da4,DGNL_HN,2026,60,tuyensinh247
3292dcec-aadc-5523-8454-1fd66c1205e5,4e42c4bd-0483-554f-b794-53f66b730da4,DGTD,2026,60,tuyensinh247
ec5c9ef9-2de1-5016-b03d-c637b904e1c5,4e42c4bd-0483-554f-b794-53f66b730da4,HBA,2026,60,tuyensinh247
23612371-c159-5ce7-8f8e-4e4ac85d66bf,4e42c4bd-0483-554f-b794-53f66b730da4,THPT,2026,60,tuyensinh247
efa26598-a3aa-504f-94de-8186394821c4,794b7459-5aff-53be-a9d7-d41fc0483b8b,DGNL_HN,2026,240,tuyensinh247
fbd7bf14-0710-5280-a636-15bf03604da0,794b7459-5aff-53be-a9d7-d41fc0483b8b,DGTD,2026,240,tuyensinh247
605dd18f-791c-5917-aaa5-b79d23d621ab,794b7459-5aff-53be-a9d7-d41fc0483b8b,HBA,2026,240,tuyensinh247
dc71979f-518e-5d8a-8e3c-d75320a78dec,794b7459-5aff-53be-a9d7-d41fc0483b8b,THPT,2026,240,tuyensinh247
ff5df89a-d806-5aab-93d4-8bd3dae1ca71,b0b03fd1-7025-51b5-b1e1-c5ea0d206d39,DGNL_HN,2026,120,tuyensinh247
ce2169aa-217a-5543-82ca-1f64deaa312d,b0b03fd1-7025-51b5-b1e1-c5ea0d206d39,DGTD,2026,120,tuyensinh247
5a23dbbb-b15c-5c1f-ab90-74c6baeee7dc,b0b03fd1-7025-51b5-b1e1-c5ea0d206d39,HBA,2026,120,tuyensinh247
4227d7b7-13f0-5124-95cf-f0b896cb15b9,b0b03fd1-7025-51b5-b1e1-c5ea0d206d39,THPT,2026,120,tuyensinh247
cf846237-0a66-5b5d-b482-9c13a39cd4a0,1447d3e6-8b86-5a42-9582-663fa144a84d,DGNL_HN,2026,140,tuyensinh247
ce944694-de59-56c1-9862-8aa67696a539,1447d3e6-8b86-5a42-9582-663fa144a84d,DGTD,2026,140,tuyensinh247
2ae3cbcb-e82b-59a5-8e25-ff620c282888,1447d3e6-8b86-5a42-9582-663fa144a84d,HBA,2026,140,tuyensinh247
f857a45c-235d-52e6-917c-15a26a4ca026,1447d3e6-8b86-5a42-9582-663fa144a84d,THPT,2026,140,tuyensinh247
f611536a-8df9-5111-bf88-012adb158bf1,1e041627-1d85-50c8-a49e-7ac231ce0da3,DGNL_HN,2026,240,tuyensinh247
a939582f-34c0-543c-87fa-c20ed7d3aa8e,1e041627-1d85-50c8-a49e-7ac231ce0da3,DGTD,2026,240,tuyensinh247
ca950b5d-2d85-5faa-98f3-78d7b97c41b4,1e041627-1d85-50c8-a49e-7ac231ce0da3,HBA,2026,240,tuyensinh247
da6550d6-7d1c-531f-963a-d0c590095e60,1e041627-1d85-50c8-a49e-7ac231ce0da3,THPT,2026,240,tuyensinh247
72c081a9-678c-5a99-b8b0-009094f6d82a,851c1326-bcd8-511b-b118-0bea78fb4ac1,DGNL_HN,2026,120,tuyensinh247
542995c4-0724-5f02-8ec4-c50e74028ed3,851c1326-bcd8-511b-b118-0bea78fb4ac1,DGTD,2026,120,tuyensinh247
055741b7-4bb0-52f8-98ba-96302ef49c69,851c1326-bcd8-511b-b118-0bea78fb4ac1,HBA,2026,120,tuyensinh247
1a072003-565f-58c4-920d-045b34a8b495,851c1326-bcd8-511b-b118-0bea78fb4ac1,THPT,2026,120,tuyensinh247
3f461165-61da-5fbe-bb33-53382d31ad6b,26cfe00d-f7e5-55da-8ef8-cdf6f8fe3d00,DGNL_HN,2026,400,tuyensinh247
5b078079-84fb-53d6-9a32-ac32e98c6d4a,26cfe00d-f7e5-55da-8ef8-cdf6f8fe3d00,DGTD,2026,400,tuyensinh247
384867f8-82ed-5c50-b547-80154c0c0d9b,26cfe00d-f7e5-55da-8ef8-cdf6f8fe3d00,HBA,2026,400,tuyensinh247
954f9b59-c968-5c21-9f66-2d03afb66087,26cfe00d-f7e5-55da-8ef8-cdf6f8fe3d00,THPT,2026,400,tuyensinh247
8b0eeea0-b95e-57b2-9c0d-c35c41ea062c,77139756-7317-5f43-954e-aaee317340fa,DGNL_HN,2026,120,tuyensinh247
c021e981-c98b-59d6-841f-6fbe33eea233,77139756-7317-5f43-954e-aaee317340fa,DGTD,2026,120,tuyensinh247
db6bd3fb-ab9b-57ef-96aa-151bc3f0f53c,77139756-7317-5f43-954e-aaee317340fa,HBA,2026,120,tuyensinh247
9154b544-e1d1-5b5f-8fb0-5b84cb1c0e59,77139756-7317-5f43-954e-aaee317340fa,THPT,2026,120,tuyensinh247
128590bd-63fd-5f25-b4af-54c7cf3c39f2,bb7fa02d-6e82-5944-a3f2-80d8c4067124,DGNL_HN,2026,60,tuyensinh247
427f68e0-3f41-582e-b8c8-77943dc1d272,bb7fa02d-6e82-5944-a3f2-80d8c4067124,DGTD,2026,60,tuyensinh247
c4b78f8e-17d9-59cf-9325-44c64fa2f6c6,bb7fa02d-6e82-5944-a3f2-80d8c4067124,HBA,2026,60,tuyensinh247
1600436b-652c-5001-a09c-1e78e525dcb0,bb7fa02d-6e82-5944-a3f2-80d8c4067124,THPT,2026,60,tuyensinh247
e1999c5b-0db2-5a0b-ac0c-5a8839fe2ac8,419a12d8-65c2-548e-89a6-753f21c2173f,DGNL_HN,2026,160,tuyensinh247
a6df8d93-f6e5-5b6a-abb5-87bc3283dc8c,419a12d8-65c2-548e-89a6-753f21c2173f,DGTD,2026,160,tuyensinh247
d2a4ea57-4057-5d5a-a83f-3889fb72cec6,419a12d8-65c2-548e-89a6-753f21c2173f,HBA,2026,160,tuyensinh247
eeba044e-11cf-5290-9c7d-a92bda86e306,419a12d8-65c2-548e-89a6-753f21c2173f,THPT,2026,160,tuyensinh247
5f421b85-1bae-504e-a8ae-9790ba3505b9,0207079e-db93-5354-93d4-fb0857532da6,DGNL_HN,2026,60,tuyensinh247
6eb021a6-07ad-5efa-b817-b5932bbee187,0207079e-db93-5354-93d4-fb0857532da6,DGTD,2026,60,tuyensinh247
345a55b0-022d-5801-81cc-f635a194909c,0207079e-db93-5354-93d4-fb0857532da6,HBA,2026,60,tuyensinh247
8bcbac4f-6e17-59d0-a7cc-ba87904e38be,0207079e-db93-5354-93d4-fb0857532da6,THPT,2026,60,tuyensinh247
3aa3af01-82fb-506a-b8d6-fcb3857c7497,65fd9eb3-d0c4-5df1-9993-fd76150849e5,DGNL_HN,2026,160,tuyensinh247
ae2486ce-182f-51ce-988f-19bd658536c4,65fd9eb3-d0c4-5df1-9993-fd76150849e5,DGTD,2026,160,tuyensinh247
cd937689-f1de-5108-8b17-5dc65e07af82,65fd9eb3-d0c4-5df1-9993-fd76150849e5,HBA,2026,160,tuyensinh247
440ff67e-5cb6-50be-9116-8e38103fa328,65fd9eb3-d0c4-5df1-9993-fd76150849e5,THPT,2026,160,tuyensinh247
74c58676-ea17-5db4-afdc-d1ff4c318f6c,6e2108a7-476e-54ba-83b3-176039e13dae,DGNL_HN,2026,160,tuyensinh247
fd049bdb-efbc-5ad0-a1e5-3dc97a547722,6e2108a7-476e-54ba-83b3-176039e13dae,DGTD,2026,160,tuyensinh247
bbd055df-112b-55be-8ffc-0ba0011e7a8e,6e2108a7-476e-54ba-83b3-176039e13dae,HBA,2026,160,tuyensinh247
eb43f8a3-2497-5453-9be7-17bdb992ed25,6e2108a7-476e-54ba-83b3-176039e13dae,THPT,2026,160,tuyensinh247
2da8ec46-4fdf-5fcc-996a-1d0f7514bd09,e3ce2fe3-51d5-5c38-8c6f-6e987e2b809b,DGNL_HN,2026,120,tuyensinh247
bbde2fab-94ca-5b58-afcf-6ec8fc91a1b2,e3ce2fe3-51d5-5c38-8c6f-6e987e2b809b,DGTD,2026,120,tuyensinh247
e012e853-4f7e-5d3a-9a4d-a90649810333,e3ce2fe3-51d5-5c38-8c6f-6e987e2b809b,HBA,2026,120,tuyensinh247
812c828c-8668-5cdf-86af-52de523e16cb,e3ce2fe3-51d5-5c38-8c6f-6e987e2b809b,THPT,2026,120,tuyensinh247
8b4ba87d-8a51-50c6-9bcb-9189d8e64a40,e6009a6e-b87e-59e1-a8e3-b1177191b98f,DGNL_HN,2026,400,tuyensinh247
78324990-a131-51ac-820b-f81588fc51d9,e6009a6e-b87e-59e1-a8e3-b1177191b98f,DGTD,2026,400,tuyensinh247
8c2f6591-5a3c-59d8-b928-13fa7366fd29,e6009a6e-b87e-59e1-a8e3-b1177191b98f,HBA,2026,400,tuyensinh247
51a80e77-5eb5-58fe-97d0-2d728ed6343f,e6009a6e-b87e-59e1-a8e3-b1177191b98f,THPT,2026,400,tuyensinh247
164e0f00-cafc-5f53-aa7a-1293bcbfb917,203c2800-6fc0-51f1-aef0-6c7896a61d95,DGNL_HN,2026,480,tuyensinh247
15122821-2529-5a34-b372-56b479e883a7,203c2800-6fc0-51f1-aef0-6c7896a61d95,DGTD,2026,480,tuyensinh247
75752267-7068-53d7-8c96-fe891d948c4a,203c2800-6fc0-51f1-aef0-6c7896a61d95,HBA,2026,480,tuyensinh247
30ed3928-021e-589c-a9bf-8769b4da7278,203c2800-6fc0-51f1-aef0-6c7896a61d95,THPT,2026,480,tuyensinh247
029ddd86-dcc5-552d-837c-942f4961a6f6,4cb49e51-40f7-55db-afe9-2a56ed6dba97,DGNL_HN,2026,520,tuyensinh247
8682ad51-2434-5700-aded-847ecee87703,4cb49e51-40f7-55db-afe9-2a56ed6dba97,DGTD,2026,520,tuyensinh247
49bf5cdf-a00a-5b99-8c2d-5bdb1b734bed,4cb49e51-40f7-55db-afe9-2a56ed6dba97,THPT,2026,520,tuyensinh247
0daf8a66-2e60-507c-9d4e-b14f43e0c470,34238de9-9ae2-5a18-ade5-71d820e092df,DGNL_HN,2026,320,tuyensinh247
f62e02e2-63b5-5bf8-a8e8-4feb8454741c,34238de9-9ae2-5a18-ade5-71d820e092df,DGTD,2026,320,tuyensinh247
cd727894-7572-51d6-875f-d5a063b51bc6,34238de9-9ae2-5a18-ade5-71d820e092df,THPT,2026,320,tuyensinh247
1f3c40e9-5a38-5329-9f36-9c75a6a01a25,9ed63893-17f2-5177-8c37-b8d28e3632cc,DGNL_HN,2026,150,tuyensinh247
ed951c96-a5d5-5891-a4a7-e64b0ebc5b83,9ed63893-17f2-5177-8c37-b8d28e3632cc,DGTD,2026,150,tuyensinh247
1924cc15-8192-54e2-97d3-0fe4bf67ac98,9ed63893-17f2-5177-8c37-b8d28e3632cc,THPT,2026,150,tuyensinh247
e0ae284c-ba5b-5908-b1ff-7fa3b3bf18ef,3c8d777b-a66e-50e5-ac69-1d94420c8d01,DGNL_HN,2026,,tuyensinh247
971a892c-1ad5-5c09-b092-0fb372af61bc,3c8d777b-a66e-50e5-ac69-1d94420c8d01,DGTD,2026,,tuyensinh247
e62bae81-445b-58c1-94b2-86ce302a4644,3c8d777b-a66e-50e5-ac69-1d94420c8d01,THPT,2026,,tuyensinh247
4c50a02d-1a19-5294-8b86-76e5f8777c5c,8c75a93b-2bbf-5a7a-9ec8-7968c85b005a,DGNL_HN,2026,,tuyensinh247
31659d3a-f708-5aae-9438-0971fe14a723,8c75a93b-2bbf-5a7a-9ec8-7968c85b005a,DGTD,2026,,tuyensinh247
dce62abb-f29a-5bb8-83a8-f8606acad2df,8c75a93b-2bbf-5a7a-9ec8-7968c85b005a,THPT,2026,,tuyensinh247
7f726093-98f3-545e-9ec8-fe0d1d2754c4,96dde947-bbe8-5849-8246-490c99544da3,DGNL_HN,2026,,tuyensinh247
8c338e09-cfc4-5109-aafc-89627a4234bd,96dde947-bbe8-5849-8246-490c99544da3,DGTD,2026,,tuyensinh247
28728c67-bd92-5f27-824b-432b805ca28f,96dde947-bbe8-5849-8246-490c99544da3,THPT,2026,,tuyensinh247
2af0f760-f040-5347-89d0-52abf4676ae6,fdd27dcb-e12c-5af0-9fce-c55f2ca06071,DGNL_HN,2026,,tuyensinh247
71b0c1f9-3301-54d4-8e92-945c9378d617,fdd27dcb-e12c-5af0-9fce-c55f2ca06071,DGTD,2026,,tuyensinh247
eabc7975-d2dd-582d-aa74-6dc3a5d199bb,fdd27dcb-e12c-5af0-9fce-c55f2ca06071,THPT,2026,,tuyensinh247
cb3b406e-4df1-533d-affa-51febb5f808e,cb232d09-2757-5087-a370-86f16811a002,DGNL_HN,2026,,tuyensinh247
16433a0c-c738-52cd-8536-9e908c1b6d17,cb232d09-2757-5087-a370-86f16811a002,DGTD,2026,,tuyensinh247
c032af3b-d363-54d5-9dcf-3c8cbb973d74,cb232d09-2757-5087-a370-86f16811a002,THPT,2026,,tuyensinh247
c6f671ce-da9c-5177-b970-1822f6cc672e,74c65d00-d1f4-5c94-8016-57f32b0ce5bf,DGNL_HN,2026,,tuyensinh247
e243e532-e9d7-5842-9ec3-093c42b3ecbe,74c65d00-d1f4-5c94-8016-57f32b0ce5bf,DGTD,2026,,tuyensinh247
77509db0-bf8b-54db-acb6-0cc2e2821a7e,74c65d00-d1f4-5c94-8016-57f32b0ce5bf,THPT,2026,,tuyensinh247
b2a97d00-e3d8-5f8e-9994-61f6b5d3c9e2,696856d4-1dd0-54a0-b7da-09f727a3310f,DGNL_HN,2026,,tuyensinh247
41d86271-0dc0-5d24-bef6-fd18c6aea882,696856d4-1dd0-54a0-b7da-09f727a3310f,DGTD,2026,,tuyensinh247
a81fe8a0-8b9e-5d00-938b-c54c4600e33e,696856d4-1dd0-54a0-b7da-09f727a3310f,THPT,2026,,tuyensinh247
70b7452e-9831-50f7-906c-05437181ed5d,5be2cee0-4be3-5459-84e1-64c19eb7ab08,DGNL_HN,2026,,tuyensinh247
65ae20e4-5f84-5dd1-9f72-5377c20e877c,5be2cee0-4be3-5459-84e1-64c19eb7ab08,DGTD,2026,,tuyensinh247
4b389929-7330-5871-88c9-160be25d3203,5be2cee0-4be3-5459-84e1-64c19eb7ab08,THPT,2026,,tuyensinh247
5192d471-586d-591c-953c-decf4dd35cf2,e17d8a99-1c37-5088-9b59-68bc81ce0c66,DGNL_HN,2026,,tuyensinh247
7a78596f-6235-5886-a3b2-37bd11c95f3b,e17d8a99-1c37-5088-9b59-68bc81ce0c66,DGTD,2026,,tuyensinh247
b1085176-fda7-5cd7-a50c-db6111a7a4a9,e17d8a99-1c37-5088-9b59-68bc81ce0c66,THPT,2026,,tuyensinh247
3b6971cc-aff8-5c9e-9c2c-8c7fe928189b,acbb1aa2-5758-55be-9d95-ce5d1cdb9f8d,DGNL_HN,2026,,tuyensinh247
4560bf25-d6a2-5f64-8cd8-9062943ebde9,acbb1aa2-5758-55be-9d95-ce5d1cdb9f8d,DGTD,2026,,tuyensinh247
11dbd04f-a491-56ef-8bbc-f83ed4da5804,acbb1aa2-5758-55be-9d95-ce5d1cdb9f8d,THPT,2026,,tuyensinh247
a40062ad-43cd-5b0e-853f-42e5c62105cf,ccbc13db-d103-517e-ac2a-e41663f7fd54,DGNL_HN,2026,,tuyensinh247
4ba774dd-8344-5030-9741-4336e6b0732f,ccbc13db-d103-517e-ac2a-e41663f7fd54,DGTD,2026,,tuyensinh247
1023b505-53f0-54b6-8dab-a33b4aaa1dbc,ccbc13db-d103-517e-ac2a-e41663f7fd54,THPT,2026,,tuyensinh247
86a2b2bf-4c59-58a0-af0e-4db339b0e3e0,165921cc-8ae7-5187-a08b-e774da381722,DGNL_HN,2026,,tuyensinh247
aaf18565-cede-576b-afb1-3d670ffb3eee,165921cc-8ae7-5187-a08b-e774da381722,DGTD,2026,,tuyensinh247
deee909b-e554-54c6-942c-17e8899254d1,165921cc-8ae7-5187-a08b-e774da381722,THPT,2026,,tuyensinh247
33004239-9541-5442-a046-2bf5f16bcc18,aee48665-fb36-5604-b175-9252d063738b,DGNL_HN,2026,,tuyensinh247
abfc339d-25d1-56bb-ab43-cd8b134ce2f3,aee48665-fb36-5604-b175-9252d063738b,DGTD,2026,,tuyensinh247
45e914b8-c66a-5a30-b249-22ac1b63191e,aee48665-fb36-5604-b175-9252d063738b,THPT,2026,,tuyensinh247
246d5407-e38a-5a43-b5ff-0ca984df2248,b4d2cd3d-f579-586e-a4e5-2176c02ea091,DGNL_HN,2026,,tuyensinh247
6db5f00f-32ba-5e82-be1f-654223bac5c1,b4d2cd3d-f579-586e-a4e5-2176c02ea091,DGTD,2026,,tuyensinh247
64b8e621-ef20-57d9-b8c8-a30178aadfef,b4d2cd3d-f579-586e-a4e5-2176c02ea091,THPT,2026,,tuyensinh247
b2791546-cc0b-5004-9f3d-c2e0db1a2ac9,a36b4e9d-a480-50cb-a1ac-6fdd430a5b1b,DGNL_HN,2026,,tuyensinh247
742e1a4f-33c4-525e-90d5-5374d82f5ced,a36b4e9d-a480-50cb-a1ac-6fdd430a5b1b,DGTD,2026,,tuyensinh247
ef67d56f-54c4-5c13-bee0-539297ff5cb8,a36b4e9d-a480-50cb-a1ac-6fdd430a5b1b,HBA,2026,,tuyensinh247
3c18437c-ec19-570d-b598-49e387179a30,a36b4e9d-a480-50cb-a1ac-6fdd430a5b1b,THPT,2026,,tuyensinh247
25f929b1-a1e8-53be-93c7-a2d8820e4aab,336079fa-f3a1-5b16-aec0-68757a65b4db,DGNL_HN,2026,120,tuyensinh247
6989e79b-7b6c-5bda-a7a2-d45d879c956a,336079fa-f3a1-5b16-aec0-68757a65b4db,DGTD,2026,120,tuyensinh247
b1ebbe1e-7ab9-5877-8f25-1fedd0ab7429,336079fa-f3a1-5b16-aec0-68757a65b4db,THPT,2026,120,tuyensinh247
98d6890a-930f-5dbd-815f-35b4a84c6d7c,b3220a16-5598-5340-95a0-c18d6e8c9cf4,DGNL_HN,2026,32,tuyensinh247
55af7ef4-b867-5b8c-a89f-75194f2d19d8,b3220a16-5598-5340-95a0-c18d6e8c9cf4,DGTD,2026,32,tuyensinh247
0ef09b62-58f4-5d8c-a842-000dfc826afb,b3220a16-5598-5340-95a0-c18d6e8c9cf4,THPT,2026,32,tuyensinh247
9dbd078b-81c8-54dc-a6ac-b393939ad3d3,fe538eef-f8e2-56c5-8f72-9188c9102322,DGNL_HN,2026,36,tuyensinh247
25255f00-625e-5e5b-8c09-6d408acc26d4,fe538eef-f8e2-56c5-8f72-9188c9102322,DGTD,2026,36,tuyensinh247
fc3b9d2b-4617-55b3-9ada-06c805527cc9,fe538eef-f8e2-56c5-8f72-9188c9102322,THPT,2026,36,tuyensinh247
277a07bc-8738-54ff-a1ce-d4650dfedf57,8d5b1bfc-98ef-54ff-93ac-2b0a9cf33f6e,DGNL_HN,2026,50,tuyensinh247
fd810c0d-ac8b-5aa2-b7fc-8f75a00712ca,8d5b1bfc-98ef-54ff-93ac-2b0a9cf33f6e,DGTD,2026,50,tuyensinh247
b972a7f2-93f8-5498-90e1-664ba3b61042,8d5b1bfc-98ef-54ff-93ac-2b0a9cf33f6e,THPT,2026,50,tuyensinh247
095693b9-60b5-518c-b884-fdf803f43bdf,01cacded-e9a7-5d7b-957e-02fa43f4713c,DGNL_HN,2026,100,tuyensinh247
1c540e11-fd3e-554a-9b3b-f2ab6061aa54,01cacded-e9a7-5d7b-957e-02fa43f4713c,DGTD,2026,100,tuyensinh247
165430cc-870e-5742-b8d7-71493aa4ce86,01cacded-e9a7-5d7b-957e-02fa43f4713c,THPT,2026,100,tuyensinh247
bcee0895-0b38-56d6-922f-560ed8da4c31,8a7cab41-7b31-5264-a5d2-3f5ba637632f,DGNL_HN,2026,150,tuyensinh247
7e9f7553-3d06-53fa-869d-5ef34fa9f44a,8a7cab41-7b31-5264-a5d2-3f5ba637632f,DGTD,2026,150,tuyensinh247
28da6653-4a31-5d17-8148-cae08eac1792,8a7cab41-7b31-5264-a5d2-3f5ba637632f,THPT,2026,150,tuyensinh247
f4f639a9-fdc1-5348-86c0-43bac0d9c850,396def64-bd1e-546c-af41-5b859512df77,DGNL_HN,2026,45,tuyensinh247
99ff25c4-898f-5525-84d1-fe41f334f000,396def64-bd1e-546c-af41-5b859512df77,DGTD,2026,45,tuyensinh247
267aa9aa-c6d6-5ce2-b729-7f760b7a7117,396def64-bd1e-546c-af41-5b859512df77,THPT,2026,45,tuyensinh247
73f1f050-117b-592e-a0af-160a4991ffc9,428c11bb-2b56-5a0a-99cd-2634ba9b990f,DGNL_HN,2026,85,tuyensinh247
14849d0c-5528-5aba-80cb-75515024ea60,428c11bb-2b56-5a0a-99cd-2634ba9b990f,DGTD,2026,85,tuyensinh247
a00bab81-6568-5ecd-98f7-9727143b2447,428c11bb-2b56-5a0a-99cd-2634ba9b990f,THPT,2026,85,tuyensinh247
f1e568ab-49db-5493-9648-f76f5a05ca87,60bb4cda-fa79-5fbb-896f-a1a1c13d2100,DGNL_HN,2026,150,tuyensinh247
3db95a8d-3b95-54c8-b3b6-ee0d3a87e1c7,60bb4cda-fa79-5fbb-896f-a1a1c13d2100,DGTD,2026,150,tuyensinh247
c5ec2cf0-4d9d-500f-bfc6-44311a5d9003,60bb4cda-fa79-5fbb-896f-a1a1c13d2100,THPT,2026,150,tuyensinh247
792da67f-9468-5ecb-acd4-f4f80deaad9e,dcfd1a0e-e184-5f0d-8bd1-9cf18c8eabec,DGNL_HN,2026,150,tuyensinh247
5270fc9c-182f-5a45-98e3-316ace5a6021,dcfd1a0e-e184-5f0d-8bd1-9cf18c8eabec,DGTD,2026,150,tuyensinh247
3bd5e283-dd15-5f06-8ded-83b36edfdf0c,dcfd1a0e-e184-5f0d-8bd1-9cf18c8eabec,THPT,2026,150,tuyensinh247
e35f50e8-df1e-53b1-8bae-a30aac9a3a83,ceb600da-80cc-522a-b4e3-f848b8e4a823,DGNL_HN,2026,550,tuyensinh247
150d00c1-77cc-521c-aa4c-5448c9599196,ceb600da-80cc-522a-b4e3-f848b8e4a823,DGTD,2026,550,tuyensinh247
4611ab1d-e314-5375-b2ed-84ad9f6024e3,ceb600da-80cc-522a-b4e3-f848b8e4a823,THPT,2026,550,tuyensinh247
29d9b1a1-31a0-5381-ab40-0a13c04adbc6,3e6082a1-d512-540f-b35f-8dd5f0381810,DGNL_HN,2026,400,tuyensinh247
2f7c82d2-0830-5631-b284-5a7bd8a7dde6,3e6082a1-d512-540f-b35f-8dd5f0381810,DGTD,2026,400,tuyensinh247
1f2708fd-9f1a-52ac-a8c5-e197a9f649f1,3e6082a1-d512-540f-b35f-8dd5f0381810,THPT,2026,400,tuyensinh247
b016d7fa-6b39-519b-9fd3-bab27a103ad0,a4056f21-4e89-5ab6-b6e4-bf2592254b54,DGNL_HN,2026,60,tuyensinh247
9c3354cc-ac3b-58fa-b5a4-ea59e9d3c154,a4056f21-4e89-5ab6-b6e4-bf2592254b54,DGTD,2026,60,tuyensinh247
3ae85d56-de88-541c-b93c-b691acb5c547,a4056f21-4e89-5ab6-b6e4-bf2592254b54,HBA,2026,60,tuyensinh247
bf32493b-ebf3-5dcd-858e-5ecec5df8a25,a4056f21-4e89-5ab6-b6e4-bf2592254b54,THPT,2026,60,tuyensinh247
275e45f4-5811-5908-a235-d5dbee97accf,540ded12-7e1c-5d86-ba31-443a3151cc34,DGNL_HN,2026,60,tuyensinh247
c1db5c83-8e24-59d4-8009-11ed380b8391,540ded12-7e1c-5d86-ba31-443a3151cc34,DGTD,2026,60,tuyensinh247
3bcf14a7-855e-5cbb-a543-a0a4b18254b0,540ded12-7e1c-5d86-ba31-443a3151cc34,HBA,2026,60,tuyensinh247
2899b757-2419-5843-9054-ca8f93be9d4c,540ded12-7e1c-5d86-ba31-443a3151cc34,THPT,2026,60,tuyensinh247
711edc5d-ade5-5a3e-980e-effbdf900e26,41c1c3cc-8ee4-5c7e-841b-da5bd391ff34,DGNL_HN,2026,130,tuyensinh247
5a15af13-3847-5433-9e1a-66281f84dafe,41c1c3cc-8ee4-5c7e-841b-da5bd391ff34,DGTD,2026,130,tuyensinh247
086fe4c8-7922-5c75-ac09-196a0abb17a3,41c1c3cc-8ee4-5c7e-841b-da5bd391ff34,HBA,2026,130,tuyensinh247
23b0e195-be14-5793-96f0-dceb63e7f615,41c1c3cc-8ee4-5c7e-841b-da5bd391ff34,THPT,2026,130,tuyensinh247
43503bb0-e82a-5951-b1eb-f0365aa525d4,08943fe4-00ee-5fc8-8dd4-179672e7b99a,DGNL_HN,2026,100,tuyensinh247
5ac7e6cf-5db7-5b5f-a744-5c2afaeecf35,08943fe4-00ee-5fc8-8dd4-179672e7b99a,DGTD,2026,100,tuyensinh247
9ddf1775-6851-5b87-90cf-130c731e0817,08943fe4-00ee-5fc8-8dd4-179672e7b99a,HBA,2026,100,tuyensinh247
b0aee6de-539b-50d4-a9ed-6d94b2ac14d1,08943fe4-00ee-5fc8-8dd4-179672e7b99a,THPT,2026,100,tuyensinh247
d581978d-9abd-59d6-b1e9-a516a0d6c174,919944a8-1ff1-588b-99f4-b5d96b4989bb,DGNL_HN,2026,75,tuyensinh247
ef31bcc0-5e27-5625-824d-81e39c048f65,919944a8-1ff1-588b-99f4-b5d96b4989bb,DGTD,2026,75,tuyensinh247
efc3d916-4e23-5d9d-b1ea-8900dd268ade,919944a8-1ff1-588b-99f4-b5d96b4989bb,HBA,2026,75,tuyensinh247
b1e7de1c-0396-56bb-8a3b-486aaa994055,919944a8-1ff1-588b-99f4-b5d96b4989bb,THPT,2026,75,tuyensinh247
bb5a0c72-bc47-5e67-9ecc-1853f2db68fd,e33c179d-e13b-5d12-9b04-1dfc211a4525,DGNL_HN,2026,160,tuyensinh247
09dc399e-7c6d-519c-85f3-908631f1b22c,e33c179d-e13b-5d12-9b04-1dfc211a4525,DGTD,2026,160,tuyensinh247
646bce38-960c-54ab-badf-9bb845dee151,e33c179d-e13b-5d12-9b04-1dfc211a4525,HBA,2026,160,tuyensinh247
dafddc24-2839-55f6-9320-c19014f80af2,e33c179d-e13b-5d12-9b04-1dfc211a4525,THPT,2026,160,tuyensinh247
6094f6df-16da-5be1-9c1c-f69a03f00c92,d8e58a00-4b64-5292-ad62-b1a56d60c064,DGNL_HN,2026,125,tuyensinh247
3974a20f-d640-5d83-84c1-f6e5c339b2d5,d8e58a00-4b64-5292-ad62-b1a56d60c064,DGTD,2026,125,tuyensinh247
49f86d42-fccb-50c9-844c-5427bf1286df,d8e58a00-4b64-5292-ad62-b1a56d60c064,HBA,2026,125,tuyensinh247
286ec7f7-193c-50dd-9360-3bfbf42dfa72,d8e58a00-4b64-5292-ad62-b1a56d60c064,THPT,2026,125,tuyensinh247
8495767e-4e99-5a42-95b5-18e3d88fce61,4124ccb9-dcbd-5619-ba7c-546e1e1a60cd,DGNL_HN,2026,120,tuyensinh247
b21417b4-2e48-533e-82f3-1640935befdd,4124ccb9-dcbd-5619-ba7c-546e1e1a60cd,DGTD,2026,120,tuyensinh247
55540dbb-a068-5f1a-a57a-2e60004a1feb,4124ccb9-dcbd-5619-ba7c-546e1e1a60cd,HBA,2026,120,tuyensinh247
f1ad4e71-c928-5510-8556-1b64baa9b518,4124ccb9-dcbd-5619-ba7c-546e1e1a60cd,THPT,2026,120,tuyensinh247
b9d42e98-3a2c-5bad-91c1-ba6a90ccf3c6,c7244efb-96fd-5d62-bde2-bff871b88ce7,DGNL_HN,2026,190,tuyensinh247
351e52c6-71d2-5679-8b20-ba5c3188d748,c7244efb-96fd-5d62-bde2-bff871b88ce7,DGTD,2026,190,tuyensinh247
d7de5354-c8f3-5cb9-9b46-1d561af6f546,c7244efb-96fd-5d62-bde2-bff871b88ce7,HBA,2026,190,tuyensinh247
01211515-6fc9-5fdb-bc1a-cec9652d537d,c7244efb-96fd-5d62-bde2-bff871b88ce7,THPT,2026,190,tuyensinh247
cf83fbb9-102d-586c-93b5-d76ef5a3bc62,1882dc46-00a3-5899-96a6-cc34f417ec31,DGNL_HN,2026,30,tuyensinh247
a9c1962f-a541-52f9-af82-4ced7f97a0fb,1882dc46-00a3-5899-96a6-cc34f417ec31,DGTD,2026,30,tuyensinh247
6ac03cf7-7dd4-5a51-818c-219ddb41fe1c,1882dc46-00a3-5899-96a6-cc34f417ec31,HBA,2026,30,tuyensinh247
da337937-aa9d-5dde-b601-666285a6b67d,1882dc46-00a3-5899-96a6-cc34f417ec31,THPT,2026,30,tuyensinh247
0a82b272-5d3b-518e-a661-3103b5cac96b,51533a80-7f0e-52c0-8c88-ab9fe3db845b,DGNL_HN,2026,90,tuyensinh247
59d61fd7-8206-5b33-82b8-8816c95c73eb,51533a80-7f0e-52c0-8c88-ab9fe3db845b,DGTD,2026,90,tuyensinh247
eb990e97-04b0-508d-94af-e994ad8ce966,51533a80-7f0e-52c0-8c88-ab9fe3db845b,HBA,2026,90,tuyensinh247
99e02906-cd1e-54a9-baee-2ab67cdfdbf9,51533a80-7f0e-52c0-8c88-ab9fe3db845b,THPT,2026,90,tuyensinh247
bf311473-ca48-58ef-845c-cf67977fa450,1a8b1649-62e8-5be8-b77d-2b091fa5d07d,DGNL_HN,2026,90,tuyensinh247
a6f063e3-d7eb-5d76-840e-36bdb27f303f,1a8b1649-62e8-5be8-b77d-2b091fa5d07d,DGTD,2026,90,tuyensinh247
5469c30e-772d-5b2e-82d8-fc836af32dc3,1a8b1649-62e8-5be8-b77d-2b091fa5d07d,HBA,2026,90,tuyensinh247
8fabdb80-3b09-5472-82c3-3c8f218d40da,1a8b1649-62e8-5be8-b77d-2b091fa5d07d,THPT,2026,90,tuyensinh247
baeb73ac-7951-5839-b2dd-27b61a98b74a,998b9bd7-75aa-5789-b662-08339fa4b1af,DGNL_HN,2026,80,tuyensinh247
1147773d-d137-55c9-b976-7b814a5c7233,998b9bd7-75aa-5789-b662-08339fa4b1af,DGTD,2026,80,tuyensinh247
f31ec157-8941-5f8d-add4-c96286472985,998b9bd7-75aa-5789-b662-08339fa4b1af,HBA,2026,80,tuyensinh247
ea3cd0a0-0891-5752-96d6-3fefb0713d91,998b9bd7-75aa-5789-b662-08339fa4b1af,THPT,2026,80,tuyensinh247
354acf4b-da6c-598d-afe6-a248de943d09,d3a91a73-0c70-5f66-8dc3-0fd48bdd61ed,DGNL_HN,2026,40,tuyensinh247
c1b67df7-1169-5c77-baea-bd08f2372c20,d3a91a73-0c70-5f66-8dc3-0fd48bdd61ed,DGTD,2026,40,tuyensinh247
5d63ef9b-7771-540f-b35f-aff4c9768e0f,d3a91a73-0c70-5f66-8dc3-0fd48bdd61ed,HBA,2026,40,tuyensinh247
5219356b-7bc5-560b-8634-f60caa8ba8ab,d3a91a73-0c70-5f66-8dc3-0fd48bdd61ed,THPT,2026,40,tuyensinh247
1ac72970-1d88-5ac5-b941-dfa1ea9c11f7,3a63b2ad-8d0a-578d-99b3-a27c711ff1b8,DGNL_HN,2026,25,tuyensinh247
3cf5bd12-a3f1-505d-947a-33f5db8bf0be,3a63b2ad-8d0a-578d-99b3-a27c711ff1b8,DGTD,2026,25,tuyensinh247
763cd693-ef73-50a9-98e0-d20a578dc79d,3a63b2ad-8d0a-578d-99b3-a27c711ff1b8,HBA,2026,25,tuyensinh247
78959463-d4f9-57e1-af3c-c168410d5c67,3a63b2ad-8d0a-578d-99b3-a27c711ff1b8,THPT,2026,25,tuyensinh247
1ed60274-7dfc-5af1-a020-2badef3c8f5c,0252ccd4-fa86-5475-b4f6-7406c5eeeaf6,DGNL_HN,2026,30,tuyensinh247
d0cfb101-6da9-5f8a-aed2-4f310162c088,0252ccd4-fa86-5475-b4f6-7406c5eeeaf6,DGTD,2026,30,tuyensinh247
6c49598a-b8c0-5fbe-a898-21cde9004541,0252ccd4-fa86-5475-b4f6-7406c5eeeaf6,HBA,2026,30,tuyensinh247
737a15f2-f909-5374-9b15-62009794bd19,0252ccd4-fa86-5475-b4f6-7406c5eeeaf6,THPT,2026,30,tuyensinh247
6fc47561-40ab-5cd5-8bbf-133510dfa15f,3e50c899-ea15-53c5-bdfb-c1dd5c543ed3,DGNL_HN,2026,130,tuyensinh247
29856e27-3136-5b55-b93a-8d21903f537c,3e50c899-ea15-53c5-bdfb-c1dd5c543ed3,DGTD,2026,130,tuyensinh247
d38eadce-cdeb-5f94-a912-86c947860dc5,3e50c899-ea15-53c5-bdfb-c1dd5c543ed3,HBA,2026,130,tuyensinh247
b2db81c4-06ac-5128-8eff-73713f81bc0e,3e50c899-ea15-53c5-bdfb-c1dd5c543ed3,THPT,2026,130,tuyensinh247
de1c668f-e979-5c59-983d-6f714a4f1c14,efbc0679-f4b6-5349-bbc9-d36557f51f5b,DGNL_HN,2026,125,tuyensinh247
d4397e06-d692-53cd-87e9-0120fc4370ca,efbc0679-f4b6-5349-bbc9-d36557f51f5b,DGTD,2026,125,tuyensinh247
71ea8b0a-e92f-5b72-8f7c-1b4decf91131,efbc0679-f4b6-5349-bbc9-d36557f51f5b,HBA,2026,125,tuyensinh247
def059fd-79fd-50b2-825a-6e13136970b9,efbc0679-f4b6-5349-bbc9-d36557f51f5b,THPT,2026,125,tuyensinh247
bc96622a-b665-58c0-885d-10dae31af16a,b6a61f1e-589f-5503-b356-c245e7f1f04e,DGNL_HN,2026,60,tuyensinh247
fa85d192-b519-5da9-8f17-b336f938abd7,b6a61f1e-589f-5503-b356-c245e7f1f04e,DGTD,2026,60,tuyensinh247
285ba5c2-bb27-5984-be77-0c3066375b02,b6a61f1e-589f-5503-b356-c245e7f1f04e,HBA,2026,60,tuyensinh247
4e005ff5-5b44-55b3-a2c3-9fbb38b50330,b6a61f1e-589f-5503-b356-c245e7f1f04e,THPT,2026,60,tuyensinh247
21447a99-bf55-5abe-bb84-8766e2138341,7ceefa4b-3927-5a09-8590-27494869aafe,DGNL_HN,2026,50,tuyensinh247
fa2fb6d9-ea8f-5b22-91c4-7453123b79e6,7ceefa4b-3927-5a09-8590-27494869aafe,DGTD,2026,50,tuyensinh247
9abfd4b4-f7cf-5bcd-8bf6-b789e5638817,7ceefa4b-3927-5a09-8590-27494869aafe,HBA,2026,50,tuyensinh247
a217a2b2-95de-5593-ba7b-7c4883c01bfc,7ceefa4b-3927-5a09-8590-27494869aafe,THPT,2026,50,tuyensinh247
261ce9a0-c59e-51ca-a5bd-672f4afaf1e3,cde2cb16-9be1-539e-8e3c-b09b61986b76,DGNL_HN,2026,30,tuyensinh247
9bceb5c9-cfcf-5271-b913-676d2621b6e6,cde2cb16-9be1-539e-8e3c-b09b61986b76,DGTD,2026,30,tuyensinh247
0207bb12-20f2-551e-b7eb-eb6c2e572d4c,cde2cb16-9be1-539e-8e3c-b09b61986b76,HBA,2026,30,tuyensinh247
536d2066-6c77-5bbc-ba4b-9d792ee9d68e,cde2cb16-9be1-539e-8e3c-b09b61986b76,THPT,2026,30,tuyensinh247
75801d57-9b40-5996-a01c-91b9ba4b7c43,0f7e671b-a6f8-5435-8fdc-c13b8bf0ea4b,DGNL_HN,2026,25,tuyensinh247
c070139d-3c1c-5396-8730-84d3b3639a15,0f7e671b-a6f8-5435-8fdc-c13b8bf0ea4b,DGTD,2026,25,tuyensinh247
81f3bb94-2683-5ee1-9dd4-7d5523b542b9,0f7e671b-a6f8-5435-8fdc-c13b8bf0ea4b,HBA,2026,25,tuyensinh247
d0a2b96c-3c58-5002-945b-e572c51216ea,0f7e671b-a6f8-5435-8fdc-c13b8bf0ea4b,THPT,2026,25,tuyensinh247
89bd807f-d1b7-5368-9217-4dfb6f953fe3,49001992-5eb8-5cac-b4d0-05acbbdf0d49,DGNL_HN,2026,70,tuyensinh247
277a0369-8294-5a0f-8d6f-bfdeff818faa,49001992-5eb8-5cac-b4d0-05acbbdf0d49,DGTD,2026,70,tuyensinh247
3df48f4f-0c20-5ab1-9e87-8f9a452c1a63,49001992-5eb8-5cac-b4d0-05acbbdf0d49,HBA,2026,70,tuyensinh247
abb5463b-0e3c-58fe-bb5f-61f61d77416a,49001992-5eb8-5cac-b4d0-05acbbdf0d49,THPT,2026,70,tuyensinh247
2d40af75-a843-5f39-9918-e3d7e5aab7db,2678927a-56f7-5412-9886-9589259d6041,DGNL_HN,2026,130,tuyensinh247
e6d8e04f-da33-586d-8462-1ba752f01052,2678927a-56f7-5412-9886-9589259d6041,DGTD,2026,130,tuyensinh247
d4d17fe8-d164-5c35-b9df-b19efea86227,2678927a-56f7-5412-9886-9589259d6041,HBA,2026,130,tuyensinh247
d3032f9a-49f5-5b58-9795-1bd602626739,2678927a-56f7-5412-9886-9589259d6041,THPT,2026,130,tuyensinh247
e584af60-db8d-5aad-94c0-de34f43c5d62,38a0166e-f739-52e1-821f-4f348717a999,DGNL_HN,2026,90,tuyensinh247
c99029e7-27cc-58db-9d5b-141b5debc841,38a0166e-f739-52e1-821f-4f348717a999,DGTD,2026,90,tuyensinh247
8b67890a-143b-5eac-abae-c542b41b9b59,38a0166e-f739-52e1-821f-4f348717a999,HBA,2026,90,tuyensinh247
ee36f893-5c39-5bc5-8476-1fd102f95560,38a0166e-f739-52e1-821f-4f348717a999,THPT,2026,90,tuyensinh247
c9d433dc-3ba7-5c13-8b20-076ed2bcc916,402b501f-457a-5d6d-953c-a6a0d9913ec9,DGNL_HN,2026,130,tuyensinh247
5418bd86-501d-595f-89b3-98457231fe5c,402b501f-457a-5d6d-953c-a6a0d9913ec9,DGTD,2026,130,tuyensinh247
9fbd7e4a-8092-557c-bba7-ba09816e57d2,402b501f-457a-5d6d-953c-a6a0d9913ec9,HBA,2026,130,tuyensinh247
2ccc8439-1336-52d6-8986-0f8f69f328cd,402b501f-457a-5d6d-953c-a6a0d9913ec9,THPT,2026,130,tuyensinh247
ab6f7f90-c39d-5e9f-849e-82f2769a9d76,d7e431d5-12bd-5af8-a04d-1e0ecd60c61e,DGNL_HN,2026,125,tuyensinh247
49fb886e-bfdc-5916-80e3-007bfde2fa3a,d7e431d5-12bd-5af8-a04d-1e0ecd60c61e,DGTD,2026,125,tuyensinh247
26a42691-3d2b-5bbd-96b2-464a992c96d9,d7e431d5-12bd-5af8-a04d-1e0ecd60c61e,HBA,2026,125,tuyensinh247
dfcb23bd-2ae2-50ec-b7f7-e2b7edfae39b,d7e431d5-12bd-5af8-a04d-1e0ecd60c61e,THPT,2026,125,tuyensinh247
9f197766-788f-58cd-a4a3-56dbd0c45be1,14ce4311-2989-541e-9b2d-9f506a075b61,DGNL_HN,2026,140,tuyensinh247
7b07b435-f2eb-56d0-8c20-35e4162a65f8,14ce4311-2989-541e-9b2d-9f506a075b61,DGTD,2026,140,tuyensinh247
d3642f1a-480c-56e3-8612-92720e6f5739,14ce4311-2989-541e-9b2d-9f506a075b61,HBA,2026,140,tuyensinh247
be316f4e-e139-54fb-8b46-5326cd317a78,14ce4311-2989-541e-9b2d-9f506a075b61,THPT,2026,140,tuyensinh247
a3994f52-4cd6-5bdc-a71b-b1d02206a9a3,4d6ec798-ba0a-55d6-bb0b-5d5007d3e7db,DGNL_HN,2026,160,tuyensinh247
8d4f1340-8b7b-5354-8180-31cfd59813f5,4d6ec798-ba0a-55d6-bb0b-5d5007d3e7db,DGTD,2026,160,tuyensinh247
cb608eaf-5c07-563a-8379-d1b251aab70c,4d6ec798-ba0a-55d6-bb0b-5d5007d3e7db,THPT,2026,160,tuyensinh247
c2a34ef6-96db-5af2-8207-1a39f55cf083,8d278a19-b778-5027-8259-6b4d3509e4b5,DGNL_HN,2026,60,tuyensinh247
90a610e9-b3b3-5254-b0c6-56866dc3e2d9,8d278a19-b778-5027-8259-6b4d3509e4b5,DGTD,2026,60,tuyensinh247
c6445b1c-6893-532b-85bc-8e51a0e3640a,8d278a19-b778-5027-8259-6b4d3509e4b5,THPT,2026,60,tuyensinh247
ec37ceaa-e871-5050-8fb4-be2a5b4bf95e,ce98fbd3-0526-58af-b837-8191774c6f7e,DGNL_HN,2026,55,tuyensinh247
d7053e95-cbbe-5089-aa94-8147e4a8efc1,ce98fbd3-0526-58af-b837-8191774c6f7e,DGTD,2026,55,tuyensinh247
d6f6b8bf-9cf4-531a-aed8-e93a0caf0225,ce98fbd3-0526-58af-b837-8191774c6f7e,THPT,2026,55,tuyensinh247
16e609d7-3583-5be8-a19f-56c933dd5efb,1091a106-4b8c-5d63-9dfe-ff040affb37b,DGNL_HN,2026,50,tuyensinh247
735d3f85-d285-56aa-b941-fd8c48dda99b,1091a106-4b8c-5d63-9dfe-ff040affb37b,DGTD,2026,50,tuyensinh247
047f51f8-8edb-5662-bdda-8d675ac3f9c5,1091a106-4b8c-5d63-9dfe-ff040affb37b,THPT,2026,50,tuyensinh247
8a9eb017-1c68-50b4-8d45-30efa660594f,5295bf2a-7706-51ce-9793-6f8097bd69d3,DGNL_HN,2026,50,tuyensinh247
b259337e-2604-529e-a57f-b914c252de39,5295bf2a-7706-51ce-9793-6f8097bd69d3,DGTD,2026,50,tuyensinh247
a5f9f6c0-d9d1-5de5-b2c9-303d9560d66f,5295bf2a-7706-51ce-9793-6f8097bd69d3,THPT,2026,50,tuyensinh247
b440eb80-eeda-50c7-bf63-b175999dfce6,899975c3-ccbf-5687-b207-5a8f32c5aaf5,DGNL_HN,2026,100,tuyensinh247
497b8788-eae1-516a-9e12-ed28c4f03895,899975c3-ccbf-5687-b207-5a8f32c5aaf5,DGTD,2026,100,tuyensinh247
ebed247b-9d59-5792-9980-5362ec663f48,899975c3-ccbf-5687-b207-5a8f32c5aaf5,THPT,2026,100,tuyensinh247
9ef2de3c-43dc-5520-b9ab-e63b115c1d80,34a8650d-ea59-5735-8f2f-a6ac5dee1b1c,DGNL_HN,2026,30,tuyensinh247
383cca82-a9ce-5505-ba35-9590449de6ce,34a8650d-ea59-5735-8f2f-a6ac5dee1b1c,DGTD,2026,30,tuyensinh247
6bca905d-22ac-534a-ac96-db46f2387ec6,34a8650d-ea59-5735-8f2f-a6ac5dee1b1c,THPT,2026,30,tuyensinh247
db7bfb7e-eeef-5600-93b3-b9ad006c1ff7,5c82dcfe-bdac-5c5d-9ab6-00f2e373e265,DGNL_HN,2026,60,tuyensinh247
994ec5f9-989d-5500-a7d4-5e0f02f0b4b8,5c82dcfe-bdac-5c5d-9ab6-00f2e373e265,DGTD,2026,60,tuyensinh247
4bfeeffa-f659-5b1e-9cba-d90597efe45b,5c82dcfe-bdac-5c5d-9ab6-00f2e373e265,THPT,2026,60,tuyensinh247
e23c4ab0-1b55-5732-90da-7b10fddf2875,8965d12d-4cc1-524d-88b2-9551475d47fa,DGNL_HN,2026,120,tuyensinh247
cf6d47a7-c232-54bb-b777-80f8610116d2,8965d12d-4cc1-524d-88b2-9551475d47fa,DGTD,2026,120,tuyensinh247
f36cead9-0fef-5ed7-8695-82b0e8637a35,8965d12d-4cc1-524d-88b2-9551475d47fa,THPT,2026,120,tuyensinh247
8207a034-604c-592a-90a5-01dfae32124f,b1ea4374-ed24-5a2d-943e-21a1d228e7fe,DGNL_HN,2026,80,tuyensinh247
d1262a84-e10e-56c7-a81a-3932f1fc5859,b1ea4374-ed24-5a2d-943e-21a1d228e7fe,DGTD,2026,80,tuyensinh247
edf66a70-fdfb-5c1c-8f94-b6c22fbe2780,b1ea4374-ed24-5a2d-943e-21a1d228e7fe,THPT,2026,80,tuyensinh247
090ad81f-4041-5158-ad2a-0133c415db1d,39ee4ecf-5b70-5ae3-af28-cdebe8c8b100,DGNL_HN,2026,50,tuyensinh247
fd950992-bee9-59e5-b88e-7db0de8cc7f8,39ee4ecf-5b70-5ae3-af28-cdebe8c8b100,DGTD,2026,50,tuyensinh247
310a9b6c-3b40-577e-9462-c4211081aa88,39ee4ecf-5b70-5ae3-af28-cdebe8c8b100,THPT,2026,50,tuyensinh247
5a37725f-499e-5b73-92c3-895a0382d3cf,a754cc27-3156-502e-95c0-c82a8b0b5765,DGNL_HN,2026,80,tuyensinh247
27accb1d-0d3a-55c2-90b8-c296b0bac38d,a754cc27-3156-502e-95c0-c82a8b0b5765,DGTD,2026,80,tuyensinh247
328d3640-b463-5d0b-9e04-3bbaf8766292,a754cc27-3156-502e-95c0-c82a8b0b5765,THPT,2026,80,tuyensinh247
dc04e8cc-4a0a-5af6-9f0d-14484d205297,881bd592-802a-58c1-8275-7dbfd531f17c,DGNL_HN,2026,50,tuyensinh247
90bc7f8a-e38f-55d5-a472-d1271d34fe89,881bd592-802a-58c1-8275-7dbfd531f17c,DGTD,2026,50,tuyensinh247
050d3d14-904c-5bd2-bd95-17faf9f2cea9,881bd592-802a-58c1-8275-7dbfd531f17c,THPT,2026,50,tuyensinh247
9ff12833-623c-521a-b46b-5da755d544d8,f5909bd8-9053-58fb-bed2-8a48f6b1481e,DGNL_HN,2026,50,tuyensinh247
01eaa956-1793-5493-a6ac-43668ac3aa22,f5909bd8-9053-58fb-bed2-8a48f6b1481e,DGTD,2026,50,tuyensinh247
1f21a4f0-0c11-536c-aa14-19c8123f0b28,f5909bd8-9053-58fb-bed2-8a48f6b1481e,THPT,2026,50,tuyensinh247
2587e7bc-2c91-56e1-9c46-119af1684064,15a6f8f1-48de-5c42-9994-f993082bcbf2,DGNL_HN,2026,200,tuyensinh247
d8b35551-7f20-5662-a590-b9a1bdeb46dd,15a6f8f1-48de-5c42-9994-f993082bcbf2,DGTD,2026,200,tuyensinh247
db58f51c-adab-507d-8ec7-078ab59e9a97,15a6f8f1-48de-5c42-9994-f993082bcbf2,THPT,2026,200,tuyensinh247
b38e3833-ac3c-5ca7-bf53-a254e0157416,1e9372c5-0b27-5542-974e-b745c8b767fd,DGNL_HN,2026,110,tuyensinh247
f6f90d18-6c77-58c8-8788-58b29425d761,1e9372c5-0b27-5542-974e-b745c8b767fd,DGTD,2026,110,tuyensinh247
ca9cd179-f203-5f4c-b49d-0f2bb9da63ea,1e9372c5-0b27-5542-974e-b745c8b767fd,THPT,2026,110,tuyensinh247
3806b80e-4d67-5bf3-8f1d-ceabb6ebab63,7c9967da-bb26-56e5-88bb-620ebc521f69,DGNL_HN,2026,200,tuyensinh247
f66c5cee-f311-5c41-9743-fb42412b2b8c,7c9967da-bb26-56e5-88bb-620ebc521f69,DGTD,2026,200,tuyensinh247
297d997a-86ca-5202-99bb-0c041f778203,7c9967da-bb26-56e5-88bb-620ebc521f69,THPT,2026,200,tuyensinh247
5b042443-cf89-59d5-b6c2-621b349887bc,b40905d7-7669-546a-beb6-6623b9af267a,DGNL_HN,2026,150,tuyensinh247
c5aafea3-4d37-553c-abf9-f4c6e49f0ff4,b40905d7-7669-546a-beb6-6623b9af267a,DGTD,2026,150,tuyensinh247
d62d034e-12ad-54a0-9230-df26df1e45b3,b40905d7-7669-546a-beb6-6623b9af267a,THPT,2026,150,tuyensinh247
e4d062eb-c680-5087-94c8-99b1d3f3270c,70f1c523-bb51-5e7b-a67b-b1b1dbcb0c32,DGNL_HN,2026,110,tuyensinh247
3bcaffdb-3b23-51ec-a8b9-a1186821bf3b,70f1c523-bb51-5e7b-a67b-b1b1dbcb0c32,DGTD,2026,110,tuyensinh247
2bb1106f-786f-5e5a-bf67-4637760f17b1,70f1c523-bb51-5e7b-a67b-b1b1dbcb0c32,THPT,2026,110,tuyensinh247
d2c172c0-8b89-505d-8f4c-b892cf6c08ac,69c724cb-c437-5f15-b077-7ef9d93a692a,DGNL_HN,2026,180,tuyensinh247
b5455104-e0cb-5b72-80ef-6a8542912b8c,69c724cb-c437-5f15-b077-7ef9d93a692a,DGTD,2026,180,tuyensinh247
c07f3405-8b78-519e-8765-6aca1dbabc37,69c724cb-c437-5f15-b077-7ef9d93a692a,THPT,2026,180,tuyensinh247
b3092c38-9292-539e-9ded-6c3b8fe36241,9220f3df-cd03-51a9-99d1-ea291083c8f8,DGNL_HN,2026,200,tuyensinh247
d317c658-960c-59c1-8a21-03fd4cee41b3,9220f3df-cd03-51a9-99d1-ea291083c8f8,DGTD,2026,200,tuyensinh247
d7a92473-1dfa-5577-b4f0-c5ff99696e7f,9220f3df-cd03-51a9-99d1-ea291083c8f8,THPT,2026,200,tuyensinh247
acf79b66-aece-58c1-9ef8-ea379faa65f3,80bd6937-75da-545b-b105-143a67260303,DGNL_HN,2026,50,tuyensinh247
9df41dab-8872-51ce-be73-24a57836273e,80bd6937-75da-545b-b105-143a67260303,DGTD,2026,50,tuyensinh247
ea213ef3-5e3b-57a4-8314-bfbd57622c74,80bd6937-75da-545b-b105-143a67260303,THPT,2026,50,tuyensinh247
3970179a-d4f4-5a02-a19c-7ee1b3dd9667,aaf35b9a-e619-56f6-ab9d-8b4d37951b96,DGNL_HN,2026,50,tuyensinh247
4d7fb644-9ec1-59d8-a851-3bcdbde70141,aaf35b9a-e619-56f6-ab9d-8b4d37951b96,DGTD,2026,50,tuyensinh247
d8148449-3240-560d-a10f-3767fee3e8da,aaf35b9a-e619-56f6-ab9d-8b4d37951b96,THPT,2026,50,tuyensinh247
b96a370c-67d5-5c3b-a4f1-9a65cb668aa1,ea1898ac-e522-5286-a08d-492e5e503d44,DGNL_HN,2026,50,tuyensinh247
94eec42e-a28f-5075-8036-d50dadc3bf72,ea1898ac-e522-5286-a08d-492e5e503d44,DGTD,2026,50,tuyensinh247
490b45a0-a7a6-5414-ab2a-cfe6524dd3b0,ea1898ac-e522-5286-a08d-492e5e503d44,THPT,2026,50,tuyensinh247
cc14d1cd-5e6e-5648-9b66-3655041a903e,2e8b6ac2-297f-54a5-a5d4-13e2a7a5468e,DGNL_HN,2026,55,tuyensinh247
4cf3249c-a9cb-5278-a590-d5c7a729d6d3,2e8b6ac2-297f-54a5-a5d4-13e2a7a5468e,DGTD,2026,55,tuyensinh247
67f5bd77-0cd0-5255-aa1b-835098e05552,2e8b6ac2-297f-54a5-a5d4-13e2a7a5468e,THPT,2026,55,tuyensinh247
38a77e1a-c07a-5397-8d31-035b09b30762,121ec2d0-b1d4-5d71-8259-6cb75c029cb8,DGNL_HN,2026,120,tuyensinh247
924b99ce-e4ad-554c-8457-00b06a98f088,121ec2d0-b1d4-5d71-8259-6cb75c029cb8,DGTD,2026,120,tuyensinh247
5e255872-14ca-5133-8e55-e0ec935c1bd7,121ec2d0-b1d4-5d71-8259-6cb75c029cb8,THPT,2026,120,tuyensinh247
b388350d-0cea-531e-9f6b-4cd23fd0fdc4,296cf6c3-ed61-528d-9d36-4ba859e8187b,DGNL_HN,2026,60,tuyensinh247
99783640-edd9-5312-baa5-efe2b31c13f0,296cf6c3-ed61-528d-9d36-4ba859e8187b,DGTD,2026,60,tuyensinh247
e72eae92-3445-564b-b468-ca622a3f2944,296cf6c3-ed61-528d-9d36-4ba859e8187b,THPT,2026,60,tuyensinh247
6a84019b-d869-5f03-a5c9-f9ba0313097a,0840dfca-3c42-5764-83b6-66f3870c53e4,DGNL_HN,2026,70,tuyensinh247
ff708473-9607-5acf-b573-6fbf44dcb6e3,0840dfca-3c42-5764-83b6-66f3870c53e4,DGTD,2026,70,tuyensinh247
64aa387c-ebd3-5c28-81a5-40d5f08b3d24,0840dfca-3c42-5764-83b6-66f3870c53e4,THPT,2026,70,tuyensinh247
943ae235-64c3-5cc2-a1f7-3209678667e3,1a01a092-a801-5742-8c31-c22db1c74037,DGNL_HN,2026,50,tuyensinh247
cc212db4-efec-5efd-9ef9-a6b3fe9d5075,1a01a092-a801-5742-8c31-c22db1c74037,DGTD,2026,50,tuyensinh247
315fd5cf-f321-529b-ae7c-a25ed399b6c7,1a01a092-a801-5742-8c31-c22db1c74037,THPT,2026,50,tuyensinh247
e42b50cc-f3c9-5667-974c-4afe3dceb9ab,560052aa-40e7-5a39-b1dd-903a91287637,DGNL_HN,2026,6,tuyensinh247
599f0429-8c35-53a5-a4d2-e448e40a1059,560052aa-40e7-5a39-b1dd-903a91287637,DGTD,2026,300,tuyensinh247
46451dc6-0bcb-575f-89b9-6a6d75f87552,560052aa-40e7-5a39-b1dd-903a91287637,THPT,2026,300,tuyensinh247
9ccb43ea-a63c-5061-ad55-bf1e92f1e0aa,db46a7ca-7356-5f23-9e17-cc06df5743af,DGNL_HN,2026,4,tuyensinh247
e693daba-ae88-5e0e-8404-b71fd924daaf,db46a7ca-7356-5f23-9e17-cc06df5743af,DGTD,2026,160,tuyensinh247
be5764fe-c47d-5272-bb02-cedfb7a33c53,db46a7ca-7356-5f23-9e17-cc06df5743af,THPT,2026,160,tuyensinh247
abc41c5a-6fb6-5790-a709-c5474b8d5e78,667da423-da64-5bf4-85bd-070911c70728,DGNL_HN,2026,1,tuyensinh247
a09e5b7b-6a68-5928-a4ca-f7e7e72fc946,667da423-da64-5bf4-85bd-070911c70728,DGTD,2026,60,tuyensinh247
2937aae3-d15a-5614-83dd-45a4fb52b20b,667da423-da64-5bf4-85bd-070911c70728,THPT,2026,60,tuyensinh247
a87e8ff3-772e-5f49-861c-a96e96809655,472eedd3-5501-52b2-90b5-8d4e43b79ed2,DGNL_HN,2026,1,tuyensinh247
e1f42bd9-b761-5990-9ec2-85f19934ff5f,472eedd3-5501-52b2-90b5-8d4e43b79ed2,DGTD,2026,60,tuyensinh247
26243221-b25d-5b76-a7e3-cfe8551d043b,472eedd3-5501-52b2-90b5-8d4e43b79ed2,THPT,2026,60,tuyensinh247
e41bb1c8-390b-51c3-8114-23447db15fe2,af06df1a-703d-5282-bb00-08503fe1585d,DGNL_HN,2026,1,tuyensinh247
5829f9bf-4771-5ad8-8688-e1d85d2f91f7,af06df1a-703d-5282-bb00-08503fe1585d,DGTD,2026,60,tuyensinh247
59a0d98c-5225-53fe-9fe0-641e95b7cd52,af06df1a-703d-5282-bb00-08503fe1585d,THPT,2026,60,tuyensinh247
c12d5a56-813e-5125-b70d-83453b524d78,e9fecdb2-ea85-5d6f-9098-8678d65295c3,DGNL_HN,2026,1,tuyensinh247
32733191-0e2a-5d83-9fdc-42a872a517d8,e9fecdb2-ea85-5d6f-9098-8678d65295c3,DGTD,2026,60,tuyensinh247
1bd47718-769a-5672-94ab-4f7a590babc2,e9fecdb2-ea85-5d6f-9098-8678d65295c3,THPT,2026,60,tuyensinh247
0e8054e5-7ba4-5439-8741-f2e6b29ad0ad,fd3cfdb3-52ef-5ad6-a3ef-f2213a4d38ce,DGNL_HCM,2026,15,tuyensinh247
690c3631-5a6d-5412-a49d-f5e659c48427,ac32fe83-ab98-5bae-997a-db74559d618c,DGNL_HCM,2026,10,tuyensinh247
358d41d8-845d-5b0b-8fd9-6b7e702acd69,eaa239d5-f42c-5f31-ad13-57d36c71dc1d,DGNL_HCM,2026,10,tuyensinh247
b7f8d18f-e521-51b6-8b3a-009e65ddc34a,186e6302-e9e8-5144-9b3f-6e15adfda7c2,DGNL_HCM,2026,15,tuyensinh247
bdd55ccf-8f2a-5eec-9a5a-733c38fe52c5,dee39e10-884c-5d49-92bb-a459c6287ed9,DGNL_HCM,2026,15,tuyensinh247
c5861d16-936b-5255-b24c-c8650473ca1f,86c493bd-1b31-52b5-8076-e6119e96c7f8,DGNL_HCM,2026,15,tuyensinh247
249af630-4bbf-5b8a-af41-54bbe5ffe31d,9d341ff7-a275-54b5-93ad-53eccecf8c84,DGNL_HCM,2026,20,tuyensinh247
0e78b174-b631-5960-a172-ffc5ed28985a,e76d036c-b644-5dab-a742-7ba78f0ccd06,DGNL_HCM,2026,40,tuyensinh247
a6aeb18f-742a-5dd0-91e5-47e836e25fb8,516fda00-7c56-5954-ac17-90edd0609cf8,DGNL_HCM,2026,15,tuyensinh247
b495fa53-094c-5763-b0e6-28ec5e6b461b,e565d1e7-44e2-5444-a07c-e4081f70387f,DGNL_HCM,2026,15,tuyensinh247
245cacfd-2e4f-5a86-a4aa-4aadebd4338d,d339379c-cd65-5938-af58-753a8229e62f,DGNL_HCM,2026,15,tuyensinh247
ec3c1d04-1c8e-5ac8-a373-e9f89e0d9552,4048c2e8-3fb4-5b92-8ec6-f8a7c933d425,DGNL_HCM,2026,15,tuyensinh247
b706d434-9c9c-508f-a59b-382a8d8a7b30,e7112388-c11c-586e-a49f-e0085319fe48,DGNL_HCM,2026,20,tuyensinh247
9f4859c0-ee44-58ca-8167-55163edb522c,94a8e842-672f-5eab-8f11-56ef0f64c48c,DGNL_HCM,2026,15,tuyensinh247
8135efda-4126-5660-89c9-b617f67361bf,79088dc6-cb2e-52e8-b58f-f1388e161041,DGNL_HCM,2026,10,tuyensinh247
aab4e518-4c93-520d-809a-5b55f9273bf4,99f59556-d22d-5c88-906b-2e2910c8b839,DGNL_HCM,2026,30,tuyensinh247
590b4850-2184-5122-90c5-5a53943b97ea,0a25dae3-8e15-5a8e-abfb-9f2359f0f0c8,DGNL_HCM,2026,10,tuyensinh247
91d350c2-1b44-5441-92e0-7a848b7dc1f5,26128791-adb8-5173-b84e-2209a8958327,DGNL_HCM,2026,20,tuyensinh247
2bf92806-f8e2-5e8a-b302-55bda91faad2,76f022fb-830c-533f-a4dc-5096080e7d80,DGNL_HCM,2026,20,tuyensinh247
04a67432-5650-5f7a-9f08-fd059280de6c,3707f73e-a48b-5be2-a1cb-506fda67ca59,DGNL_HCM,2026,20,tuyensinh247
f0a35d49-24e0-5e9d-88d4-042f82d1c05f,af02700e-6219-5c15-9467-4ae4a6ef48e7,DGNL_HCM,2026,20,tuyensinh247
e07d48e9-0e84-5001-87a8-b22037dee797,1cf16160-9d87-5d87-b03e-fc5c6ead4d88,DGNL_HCM,2026,10,tuyensinh247
a65b85f8-de41-5e7b-82e7-2ee051b5a73b,2e5987f8-dfef-563e-930b-4401ce1ec4cd,DGNL_HCM,2026,10,tuyensinh247
8d4ac930-7644-5b06-a103-dda47d737673,1711df85-d222-5383-ace5-ae983bf4a498,DGNL_HCM,2026,10,tuyensinh247
4805137d-b4c8-556d-ae02-49d0f355b029,bf994218-2bc5-5c95-9814-475dc0842262,DGNL_HCM,2026,10,tuyensinh247
225b5e96-3d51-5dc4-ae05-a6f2cb35e2ba,966975c1-c3ae-53c2-9e2d-32a918480829,DGNL_HCM,2026,10,tuyensinh247
d1acac10-69d9-57c9-b9f1-de72170f8e71,adcbe93a-a6bf-5c80-9da4-bfa1b94822c6,DGNL_HCM,2026,20,tuyensinh247
f64410a1-ead0-55fd-8f7a-0003b58d7b85,6754c543-c36b-5c73-b01e-6a4aa75fa6e3,DGNL_HCM,2026,25,tuyensinh247
c1b6cd65-49af-5bce-8853-f8137772659d,b87d18de-6115-58df-9f5c-1980459d51a1,DGNL_HN,2026,80,tuyensinh247
c67fb2ee-67d0-5637-bbeb-3a38d7c52962,b87d18de-6115-58df-9f5c-1980459d51a1,THPT,2026,80,tuyensinh247
f98da184-c382-5bbb-9d9d-0f15d9c2cfb7,b87d18de-6115-58df-9f5c-1980459d51a1,XTT,2026,80,tuyensinh247
8585d039-f775-5943-a0b1-8cc1d1215970,1354b3fa-feab-5fc8-9d74-b9f565d5705d,DGNL_HN,2026,90,tuyensinh247
b18bafdb-b625-54dc-acee-b6b7f52f9861,1354b3fa-feab-5fc8-9d74-b9f565d5705d,THPT,2026,90,tuyensinh247
77d1736d-b221-56ad-a921-0778605142d3,1354b3fa-feab-5fc8-9d74-b9f565d5705d,XTT,2026,90,tuyensinh247
a305f839-659f-5027-a4af-b118d94fb4a0,8587d7b9-fcce-57a5-93f6-a2dc353a7c5b,DGNL_HN,2026,190,tuyensinh247
0342eadc-ca31-5e3f-99bd-bc1b5766a6ea,8587d7b9-fcce-57a5-93f6-a2dc353a7c5b,THPT,2026,190,tuyensinh247
a7c2b600-c234-5a22-a303-6b2b65b439d9,4ffca3e3-ef10-547c-8b5f-9b7e14a01aa1,DGNL_HN,2026,60,tuyensinh247
a8fe6807-f087-5492-944e-79dab337396f,4ffca3e3-ef10-547c-8b5f-9b7e14a01aa1,THPT,2026,60,tuyensinh247
51cf0d5d-c746-58b8-976d-c7189eb89461,eb7d9a9f-30f2-5dba-b185-f61d1bcfd98e,DGNL_HN,2026,215,tuyensinh247
5e803530-be45-5f3a-8fa3-9b1fa5dbeed4,eb7d9a9f-30f2-5dba-b185-f61d1bcfd98e,THPT,2026,215,tuyensinh247
83feed5f-be5d-5daf-9dc2-c5e8812a310a,eb7d9a9f-30f2-5dba-b185-f61d1bcfd98e,XTT,2026,215,tuyensinh247
ffb7904b-b325-5936-9233-e49f9589318e,1a0079ed-ef9b-5996-bfbd-d0b17f2a52c6,DGNL_HN,2026,100,tuyensinh247
b98a65b5-b3ba-5f93-8005-01d06360aa19,1a0079ed-ef9b-5996-bfbd-d0b17f2a52c6,THPT,2026,100,tuyensinh247
bcc533e1-7b6b-5df4-9372-6fc14e06f076,1a0079ed-ef9b-5996-bfbd-d0b17f2a52c6,XTT,2026,100,tuyensinh247
5116475b-8048-5e6c-be40-071ca30b9f74,84e6718a-4e33-5696-9833-8252006001a2,DGNL_HN,2026,80,tuyensinh247
a7a12fe4-2cc9-5a80-a033-472a0c3d1ca1,84e6718a-4e33-5696-9833-8252006001a2,THPT,2026,80,tuyensinh247
c5cc4ffa-a140-534c-8dcc-9d6ff4278f8b,84e6718a-4e33-5696-9833-8252006001a2,XTT,2026,80,tuyensinh247
c01e3ee9-57e8-5d5c-a265-3a20dcfb17d2,16fa1a9f-06e4-5d9a-acc1-27f42046a2e1,DGNL_HN,2026,110,tuyensinh247
5c6d0d0e-bc74-5b0b-926c-6c4004f35891,16fa1a9f-06e4-5d9a-acc1-27f42046a2e1,THPT,2026,110,tuyensinh247
a79d0ddc-1ef1-5cac-b9a1-70c90ab159ac,16fa1a9f-06e4-5d9a-acc1-27f42046a2e1,XTT,2026,110,tuyensinh247
e6206d96-fad3-5d9b-8b77-d40385c37546,77da6a12-1a73-53b2-aa41-0762115d630f,DGNL_HN,2026,25,tuyensinh247
64eb0ad8-21ff-5c51-96bd-aa3a0a668157,77da6a12-1a73-53b2-aa41-0762115d630f,THPT,2026,25,tuyensinh247
34010e9b-8db9-5810-b01c-de975869a7d0,77da6a12-1a73-53b2-aa41-0762115d630f,XTT,2026,25,tuyensinh247
5ce9be34-42bb-5ac2-bd1c-005487df0489,797054aa-aebb-5db6-865a-3a2c6e34696c,DGNL_HN,2026,160,tuyensinh247
092a8c1f-ce16-55a6-9916-cf08cb230d7f,797054aa-aebb-5db6-865a-3a2c6e34696c,THPT,2026,160,tuyensinh247
fadfcebf-efbf-509c-b9ab-281dd0a04719,3c1481fe-3a0b-50f0-a66e-f2ece1767326,DGNL_HN,2026,60,tuyensinh247
336dbc48-541d-58c6-9780-dd71e46b42cb,3c1481fe-3a0b-50f0-a66e-f2ece1767326,THPT,2026,60,tuyensinh247
a4efcb27-744b-5276-b097-d3b7b4c15c12,3c1481fe-3a0b-50f0-a66e-f2ece1767326,XTT,2026,60,tuyensinh247
b6ccb47a-bba9-5dd0-9f28-707eccd12f8e,5174c18b-e779-521a-9103-e4e7ba1bc4d8,DGNL_HN,2026,300,tuyensinh247
6c02086a-981f-5472-9d02-74f9a4692490,5174c18b-e779-521a-9103-e4e7ba1bc4d8,THPT,2026,300,tuyensinh247
818ce222-c414-5179-a868-77a6e5d49998,5174c18b-e779-521a-9103-e4e7ba1bc4d8,XTT,2026,300,tuyensinh247
0b363751-3cb5-5742-a3ce-d38c409b0943,803e9afa-0b8c-52fc-9fc4-dfe07df83def,DGNL_HN,2026,60,tuyensinh247
c65c9b7a-a2f1-5bcd-8381-10a4fabc7fc6,803e9afa-0b8c-52fc-9fc4-dfe07df83def,THPT,2026,60,tuyensinh247
5b606aa1-836c-5141-99aa-c3d7805d1428,803e9afa-0b8c-52fc-9fc4-dfe07df83def,XTT,2026,60,tuyensinh247
d8221cac-9b52-5ac6-a5d7-4e527381a6cd,1a3e6b58-7054-5835-8c48-9f6a40fb4317,DGNL_HN,2026,100,tuyensinh247
e0a279f7-1f37-5068-a083-ba0e403fb8bc,1a3e6b58-7054-5835-8c48-9f6a40fb4317,THPT,2026,100,tuyensinh247
e1cb7804-5904-5593-9bd7-7ec5fa45585b,1a3e6b58-7054-5835-8c48-9f6a40fb4317,XTT,2026,100,tuyensinh247
f794ec2f-b6a7-5976-81d8-6a7942c8d169,83a3bf5c-4649-5faa-91ce-0616970b97b7,DGNL_HN,2026,20,tuyensinh247
d955ca52-d77b-5159-99a1-7c328b51d8db,83a3bf5c-4649-5faa-91ce-0616970b97b7,THPT,2026,20,tuyensinh247
383bde8a-e28f-59fa-a29e-345adf5d84c5,83a3bf5c-4649-5faa-91ce-0616970b97b7,XTT,2026,20,tuyensinh247
902e6a0f-619c-5923-9f0d-69b126fce8a5,c2a63d0c-8fc0-5222-bb6b-da029ca3c044,DGNL_HN,2026,50,tuyensinh247
29df0099-8fcc-5d55-894c-a58ccfc2a365,c2a63d0c-8fc0-5222-bb6b-da029ca3c044,THPT,2026,50,tuyensinh247
b8a46785-ce34-53b8-9fbb-e236e14968b3,c2a63d0c-8fc0-5222-bb6b-da029ca3c044,XTT,2026,50,tuyensinh247
e43c8662-4385-5d18-b331-857fc93c2977,472500e9-d992-5a3e-9cf2-2b5dbd78316a,DGNL_HN,2026,20,tuyensinh247
a7a759ac-9f40-59fa-8014-3947a2fdb151,472500e9-d992-5a3e-9cf2-2b5dbd78316a,THPT,2026,20,tuyensinh247
fa944413-b458-51e3-a47b-0d7e16ce5caf,472500e9-d992-5a3e-9cf2-2b5dbd78316a,XTT,2026,20,tuyensinh247
a7f12b25-ce07-5642-8dd5-3232dfe8450f,b6330db4-ad89-5c26-8fab-6f4c26d9a26d,DGNL_HN,2026,50,tuyensinh247
c1c22c75-b635-5b93-8887-5f6f7d6ed127,b6330db4-ad89-5c26-8fab-6f4c26d9a26d,THPT,2026,50,tuyensinh247
458cca72-9a13-5b9f-ad5f-768f92c90d2b,b6330db4-ad89-5c26-8fab-6f4c26d9a26d,XTT,2026,50,tuyensinh247
bbf036a8-52f1-5648-b795-6e7a55b4c7a0,6188a63e-50d8-55b3-9fa6-0035a465319b,DGNL_HN,2026,20,tuyensinh247
40b721bb-987c-5c12-8ccf-9147282d45b8,6188a63e-50d8-55b3-9fa6-0035a465319b,THPT,2026,20,tuyensinh247
f54720f7-11b0-5f3a-8622-fb20b50b1910,6188a63e-50d8-55b3-9fa6-0035a465319b,XTT,2026,20,tuyensinh247
d9bff01b-8a22-5e46-8e3e-e6f012e84a5c,5524e492-e1be-5d74-b17c-d08d43054531,DGNL_HN,2026,70,tuyensinh247
255da582-f94a-5d2e-9b23-67c9d42a9c98,5524e492-e1be-5d74-b17c-d08d43054531,THPT,2026,70,tuyensinh247
21e21b5b-bdaa-5d29-be7a-1a381694fb94,5524e492-e1be-5d74-b17c-d08d43054531,XTT,2026,70,tuyensinh247
0acac3b5-e0b4-5c69-8fd5-35dd5d5d6ca0,84d275bf-0e28-5fe3-a4ff-6c4e400e8590,DGNL_HN,2026,450,tuyensinh247
5f42b182-4ee0-584d-9542-143f7bf415b0,84d275bf-0e28-5fe3-a4ff-6c4e400e8590,THPT,2026,450,tuyensinh247
ba96c2a3-db74-57b4-9099-bb2c7db00240,84d275bf-0e28-5fe3-a4ff-6c4e400e8590,XTT,2026,450,tuyensinh247
c5ddb1c1-5f2e-5cc7-bc32-d65c83c00913,d665b005-9c2e-5f5a-941c-379d2628729b,DGNL_HN,2026,85,tuyensinh247
a1be6fd0-01eb-507d-9131-7a1dec40a5ba,d665b005-9c2e-5f5a-941c-379d2628729b,THPT,2026,85,tuyensinh247
87f0f684-78d7-5398-82d4-229a73da4243,d665b005-9c2e-5f5a-941c-379d2628729b,XTT,2026,85,tuyensinh247
3f0e3d36-ebdd-5dc7-92c7-d11ad8759cd9,af3ca499-b6b4-5e25-82b3-93c8a39a46bd,DGNL_HN,2026,100,tuyensinh247
0e35e77a-0264-5e8b-9ffe-1fb5b03c1ef1,af3ca499-b6b4-5e25-82b3-93c8a39a46bd,THPT,2026,100,tuyensinh247
d4340fc1-db91-5a20-a5b7-8f9377fe3336,af3ca499-b6b4-5e25-82b3-93c8a39a46bd,XTT,2026,100,tuyensinh247
e13b3a91-a01b-54d8-8563-1477bdf5fd6d,d06eef1a-2019-516b-aeba-cc9525ddc28a,DGNL_HN,2026,80,tuyensinh247
285fbbfb-c58e-508e-8032-935adc59b743,d06eef1a-2019-516b-aeba-cc9525ddc28a,THPT,2026,80,tuyensinh247
cc4ffc27-be8c-5313-a655-2c8a83e2eebc,fed35cfc-1758-5e0b-aa90-79fd2bf21563,DGNL_HN,2026,80,tuyensinh247
d623ee8f-8c82-5090-9bf3-a557531338eb,fed35cfc-1758-5e0b-aa90-79fd2bf21563,THPT,2026,80,tuyensinh247
343cd0b3-c21d-5385-855b-81b115e93887,4664dc3d-aac9-5e00-a7a4-3fa92781b887,DGNL_HN,2026,160,tuyensinh247
90ffaac3-49ba-590c-b213-cd3ad5b21f45,4664dc3d-aac9-5e00-a7a4-3fa92781b887,THPT,2026,160,tuyensinh247
77e3cdf6-892b-5532-9b82-118f88812968,4664dc3d-aac9-5e00-a7a4-3fa92781b887,XTT,2026,160,tuyensinh247
c7204a22-a46c-5d5d-86ef-5abd8a68a276,1bf5d993-006a-529f-849a-5a97178f3bad,DGNL_HN,2026,20,tuyensinh247
c94b6ce5-4027-5eea-9011-d2abbac882a8,1bf5d993-006a-529f-849a-5a97178f3bad,THPT,2026,20,tuyensinh247
00575425-afba-50a2-998d-d354d9b8c574,1bf5d993-006a-529f-849a-5a97178f3bad,XTT,2026,20,tuyensinh247
8b9fa56e-9a3a-5409-84e8-a2da2e776fa2,087cdf91-fbc9-56ab-b69a-ade442c2500b,DGNL_HN,2026,150,tuyensinh247
fef41dcc-6498-58de-a1b0-f1a3cf2c5654,087cdf91-fbc9-56ab-b69a-ade442c2500b,THPT,2026,150,tuyensinh247
75b68d62-bbdf-5bbf-8676-7e800712a0df,087cdf91-fbc9-56ab-b69a-ade442c2500b,XTT,2026,150,tuyensinh247
5f348b0b-b542-57ae-ac21-ab908dff7618,a61fc831-32d5-5848-b30a-752b4c4bd762,DGNL_HN,2026,70,tuyensinh247
93ebbd48-f3d3-5428-a422-ad8748ee1a4f,a61fc831-32d5-5848-b30a-752b4c4bd762,THPT,2026,70,tuyensinh247
a7351f83-43c7-5f84-ae74-29b359a535f5,a61fc831-32d5-5848-b30a-752b4c4bd762,XTT,2026,70,tuyensinh247
64748e2a-0102-5343-8883-5d0ad32ef665,a024da15-b7b4-5e59-a89a-324822fc8066,DGNL_HN,2026,100,tuyensinh247
fede6754-9ddc-59e3-95cc-cf9c9cf13cd5,a024da15-b7b4-5e59-a89a-324822fc8066,THPT,2026,100,tuyensinh247
d54bd992-e0ec-53e8-8101-4b09f7f9eed4,a024da15-b7b4-5e59-a89a-324822fc8066,XTT,2026,100,tuyensinh247
47c6c95b-61a1-570f-b234-4b594e95973e,66b40bca-fa03-5c83-a09b-1f863637611b,DGNL_HN,2026,70,tuyensinh247
2dceb226-d6dc-57eb-8d81-82964fe22a98,66b40bca-fa03-5c83-a09b-1f863637611b,THPT,2026,70,tuyensinh247
851aaa68-5577-5f0b-838c-88c30fdcfd12,66b40bca-fa03-5c83-a09b-1f863637611b,XTT,2026,70,tuyensinh247
1bf8a080-87ea-52f8-940e-d0bd0299b643,35ebec77-6ded-5ad5-85d2-79a2cd2d1026,DGNL_HN,2026,10,tuyensinh247
649943cf-0c02-516c-8c08-f825d8795008,7b5e77af-3ab7-574a-b59d-a8f307973735,DGNL_HN,2026,60,tuyensinh247
e1d57dbb-baa9-583f-8e13-f628c028af12,7b5e77af-3ab7-574a-b59d-a8f307973735,THPT,2026,60,tuyensinh247
5e898366-cfef-5851-9dd3-4c9b6885a0ed,7b5e77af-3ab7-574a-b59d-a8f307973735,XTT,2026,60,tuyensinh247
dc21f452-2817-59cc-9e86-f615610f887e,776d8713-e817-5ca1-bf04-dcd50b1f9f2b,DGNL_HN,2026,60,tuyensinh247
7434f0a4-a732-5ff6-b52a-04879ae2c2b2,776d8713-e817-5ca1-bf04-dcd50b1f9f2b,THPT,2026,60,tuyensinh247
e03c3c5f-dc77-516f-8426-d89ee726a3e3,776d8713-e817-5ca1-bf04-dcd50b1f9f2b,XTT,2026,60,tuyensinh247
a5c80b5b-5002-52e9-beda-52cabca372bd,82efb721-8c04-52c7-8c7d-ce2ad9273202,DGNL_HN,2026,45,tuyensinh247
fef6bdf6-6ee7-565a-807b-f7823e435d30,82efb721-8c04-52c7-8c7d-ce2ad9273202,THPT,2026,45,tuyensinh247
0c90ba16-0430-5244-8a22-8458f24fcb25,82efb721-8c04-52c7-8c7d-ce2ad9273202,XTT,2026,45,tuyensinh247
0415e513-f93e-502a-a2df-d7a66ca308de,39fe483c-2db9-5b5e-9761-3c8b90518261,DGNL_HN,2026,195,tuyensinh247
58edbd33-700f-5982-b9cc-1c221617ffc2,39fe483c-2db9-5b5e-9761-3c8b90518261,THPT,2026,195,tuyensinh247
d19c8ec4-fb22-5182-85dc-6f70007cddfe,39fe483c-2db9-5b5e-9761-3c8b90518261,XTT,2026,195,tuyensinh247
f7f29388-8d2b-56f5-97ea-a63b80ced54a,5cfdb99d-e1ff-5daf-8230-bcb5a3831a84,DGNL_HN,2026,60,tuyensinh247
fec28b81-36bc-56c4-9188-461afc254afa,5cfdb99d-e1ff-5daf-8230-bcb5a3831a84,THPT,2026,60,tuyensinh247
c6e1bf9f-f654-59f7-b523-e6f97dfcc1cd,5cfdb99d-e1ff-5daf-8230-bcb5a3831a84,XTT,2026,60,tuyensinh247
9961434c-dd8b-5542-8d18-b85e06245392,62c1616f-1384-5434-b148-fdab2431e307,DGNL_HN,2026,100,tuyensinh247
3c17ed3e-ef6d-5a4f-9e2b-a330e43db484,62c1616f-1384-5434-b148-fdab2431e307,THPT,2026,100,tuyensinh247
aa6b285a-0473-55b9-98fd-bd180bb44dfb,62c1616f-1384-5434-b148-fdab2431e307,XTT,2026,100,tuyensinh247
647e3a57-85ca-56a5-81ad-2fbbbe4f16e7,54c915ce-ab36-52c3-9c01-63e12f413f4b,DGNL_HN,2026,100,tuyensinh247
fc8a30a7-2cb8-557a-8499-fd877a9ab2fb,54c915ce-ab36-52c3-9c01-63e12f413f4b,THPT,2026,100,tuyensinh247
f5dca1aa-5029-56d3-ba3c-7cdcdbbd8e22,54c915ce-ab36-52c3-9c01-63e12f413f4b,XTT,2026,100,tuyensinh247
dbaebfd3-c142-556c-8a40-5a87317b9a39,89606277-cac1-5556-bf6e-2dd199050e3e,DGNL_HN,2026,80,tuyensinh247
bb46ede1-cb8e-50fb-91eb-df4fa9da0cd2,89606277-cac1-5556-bf6e-2dd199050e3e,THPT,2026,80,tuyensinh247
d50cec6d-9e0c-527f-8ba0-ff29c37666f7,89606277-cac1-5556-bf6e-2dd199050e3e,XTT,2026,80,tuyensinh247
90e56b7a-5e42-50c2-9603-1127a796573a,93e53ad9-656f-58cb-bdb3-2a5f8db915d2,DGNL_HN,2026,200,tuyensinh247
ac886801-ba55-5d0c-98f7-c125b50e506f,93e53ad9-656f-58cb-bdb3-2a5f8db915d2,THPT,2026,200,tuyensinh247
64f5494c-e8e6-54ee-b97d-57b3f83f2bcc,93e53ad9-656f-58cb-bdb3-2a5f8db915d2,XTT,2026,200,tuyensinh247
4c98fe6b-fe0e-55cf-a081-ade1cc92f7ea,b16ba017-0d82-56be-8591-37ed837de6fe,DGNL_HN,2026,90,tuyensinh247
9d591660-d27e-5f7d-acf1-920dfca24895,b16ba017-0d82-56be-8591-37ed837de6fe,THPT,2026,90,tuyensinh247
b9aec9b8-661a-5b33-8956-a9b733285e43,b16ba017-0d82-56be-8591-37ed837de6fe,XTT,2026,90,tuyensinh247
6ae55746-1c2d-5600-a14c-d98399d797e4,36d0eb3a-19cb-5865-a6ac-7bb53543ea05,DGNL_HN,2026,70,tuyensinh247
4e3f96f1-a801-519e-8db3-29c7d28209d5,36d0eb3a-19cb-5865-a6ac-7bb53543ea05,THPT,2026,70,tuyensinh247
698907ae-91e2-5e42-8066-aa69c65f4b3a,36d0eb3a-19cb-5865-a6ac-7bb53543ea05,XTT,2026,70,tuyensinh247
e99ee354-ddab-5a6c-ad9e-542be87112b5,437385eb-baac-56eb-b4a0-e153be1bbe2b,DGNL_HN,2026,60,tuyensinh247
e9ee0732-e1b4-5d1f-bec3-21f2b16687ec,437385eb-baac-56eb-b4a0-e153be1bbe2b,THPT,2026,60,tuyensinh247
09aaee5b-4ec5-56b8-bffc-112dd305b5a8,437385eb-baac-56eb-b4a0-e153be1bbe2b,XTT,2026,60,tuyensinh247
2382d24d-883f-58f8-95ac-9efc4cc56b05,014815f5-c395-5282-9ad3-818aa4b06e3c,DGNL_HN,2026,210,tuyensinh247
ec26dfc8-7dcd-58e4-ad03-c8e20a5f2106,014815f5-c395-5282-9ad3-818aa4b06e3c,THPT,2026,210,tuyensinh247
098d76cd-ebf7-540d-afbd-a5a7f9d63bdb,014815f5-c395-5282-9ad3-818aa4b06e3c,XTT,2026,210,tuyensinh247
fc257b84-e3eb-5682-97e5-572d2a35bc59,39311b08-d945-58a3-bc67-f2fc85e6272d,DGNL_HN,2026,10,tuyensinh247
c7989097-161f-53cc-ad36-7882e45d0cdb,c7a10233-cf13-520e-98e0-7db724947ede,DGNL_HN,2026,120,tuyensinh247
ae3cdefa-7d6a-5f93-af22-13018099ac5b,c7a10233-cf13-520e-98e0-7db724947ede,THPT,2026,120,tuyensinh247
7d38cf38-7027-5503-84da-7834b3d82f75,c7a10233-cf13-520e-98e0-7db724947ede,XTT,2026,120,tuyensinh247
76964d22-0354-5610-af91-85015c5f0632,dac22ad1-a5ff-5ea5-8414-438d1f9b08fe,DGNL_HN,2026,80,tuyensinh247
28417092-b953-5ae1-96c4-e6688752f6c0,dac22ad1-a5ff-5ea5-8414-438d1f9b08fe,THPT,2026,80,tuyensinh247
86ab4330-f984-55da-821f-e907b4e2ffe4,dac22ad1-a5ff-5ea5-8414-438d1f9b08fe,XTT,2026,80,tuyensinh247
d520a40b-32f3-5f8a-bbdd-40a16a0c3c02,e7e36b47-4d26-5843-8287-6b7de428715a,DGNL_HN,2026,120,tuyensinh247
6c97a613-ecfb-5af2-9a0d-dcc5c9247b1c,e7e36b47-4d26-5843-8287-6b7de428715a,THPT,2026,120,tuyensinh247
2c092857-b70e-5e41-9fe0-3225a7741f7c,e7e36b47-4d26-5843-8287-6b7de428715a,XTT,2026,120,tuyensinh247
a5ad174f-afca-507a-9582-c9f3dc0c10cc,b41bfc6a-67bf-5e97-8718-f67f0600fc87,DGNL_HN,2026,120,tuyensinh247
bc97f52b-df89-5d83-8dc2-0f9d017b138e,b41bfc6a-67bf-5e97-8718-f67f0600fc87,THPT,2026,120,tuyensinh247
177d9e7c-de8e-5ef4-b456-d27dcee848d5,b41bfc6a-67bf-5e97-8718-f67f0600fc87,XTT,2026,120,tuyensinh247
862b10a6-6a89-5a6d-a0eb-aedae48e536b,5b987915-3537-55e0-8e57-051ea5187a14,DGNL_HN,2026,120,tuyensinh247
939597a9-ba28-58fa-b533-11a42cb09f29,5b987915-3537-55e0-8e57-051ea5187a14,THPT,2026,120,tuyensinh247
63b0d9e8-e3fc-59de-b851-dc03b793bc9f,5b987915-3537-55e0-8e57-051ea5187a14,XTT,2026,120,tuyensinh247
80fb056c-7a11-50d3-9301-62924d0f7d52,69d2ea5a-2c54-5b5d-a0d8-73e63809e294,DGNL_HN,2026,100,tuyensinh247
7c0cb03d-d14d-539a-a162-5ed9db3a4336,69d2ea5a-2c54-5b5d-a0d8-73e63809e294,THPT,2026,100,tuyensinh247
719bcc79-9d7a-55e7-83cf-2327ab51342c,69d2ea5a-2c54-5b5d-a0d8-73e63809e294,XTT,2026,100,tuyensinh247
497e16df-2a96-5225-9b7c-a9ba1b47e952,dc050c92-3a73-58c4-ae46-bf6cc0321e3d,DGNL_HN,2026,60,tuyensinh247
118b0d15-f90d-5bb8-a8d3-f4b0ee18c1bc,dc050c92-3a73-58c4-ae46-bf6cc0321e3d,THPT,2026,60,tuyensinh247
a6d0e3e1-0695-5afc-a25c-5a55ad732421,dc050c92-3a73-58c4-ae46-bf6cc0321e3d,XTT,2026,60,tuyensinh247
b94f1e4e-8e39-5c6e-9d26-5d45a3e57070,5bfdc07f-2d4c-51e1-9361-826b5d83767c,DGNL_HN,2026,60,tuyensinh247
0dbc257e-f02e-5b35-9508-650383829bf2,5bfdc07f-2d4c-51e1-9361-826b5d83767c,THPT,2026,60,tuyensinh247
4db07273-46c3-55e4-a714-957956340922,5bfdc07f-2d4c-51e1-9361-826b5d83767c,XTT,2026,60,tuyensinh247
6d5ff7b1-c031-5540-85bd-cfa7f919a921,82ff7ed0-80ff-538d-90c0-5dca0039d283,DGNL_HN,2026,140,tuyensinh247
edb33555-4971-5ff4-a107-7d63444494d7,82ff7ed0-80ff-538d-90c0-5dca0039d283,THPT,2026,140,tuyensinh247
8452af25-f967-595b-9eea-89b1043704ef,82ff7ed0-80ff-538d-90c0-5dca0039d283,XTT,2026,140,tuyensinh247
d63863ef-c45f-57bb-9191-acb0b3f636ed,b115d254-34d9-5dc1-b7da-49fad7d75dc3,DGNL_HN,2026,220,tuyensinh247
5675d1ec-06bb-52a5-8464-fc4691ff1267,b115d254-34d9-5dc1-b7da-49fad7d75dc3,THPT,2026,220,tuyensinh247
3d4fab1d-b795-5fde-86b2-ea2827d58544,b115d254-34d9-5dc1-b7da-49fad7d75dc3,XTT,2026,220,tuyensinh247
e51ff6da-7ca0-5dd1-b785-33cd72341de6,9bb709b2-de96-55b3-a7e7-acbea4ca58fc,DGNL_HN,2026,160,tuyensinh247
a289a12a-75fc-5e99-93fc-6f5059354a32,9bb709b2-de96-55b3-a7e7-acbea4ca58fc,THPT,2026,160,tuyensinh247
4512d6b5-9419-5a8d-8eb3-6ed6a55392a0,9bb709b2-de96-55b3-a7e7-acbea4ca58fc,XTT,2026,160,tuyensinh247
5c93c6d9-a5bd-57cf-a5df-aa06076660c9,5e542de4-3f84-5c60-bb52-0dc399d809bb,DGNL_HN,2026,150,tuyensinh247
9df84c74-10e7-51ce-8e08-9a5d1f0771b9,5e542de4-3f84-5c60-bb52-0dc399d809bb,THPT,2026,150,tuyensinh247
8cc37c03-19ba-51d7-a6b4-7be79d1878d0,5e542de4-3f84-5c60-bb52-0dc399d809bb,XTT,2026,150,tuyensinh247
50057e6b-4b1a-5d33-9367-0dc30c7c48b9,adf351b3-9228-5da2-a29e-818bbc68f509,DGNL_HN,2026,70,tuyensinh247
7cbc15ec-4f00-508e-a306-06b4f3a9004e,adf351b3-9228-5da2-a29e-818bbc68f509,THPT,2026,70,tuyensinh247
06d4136c-2c2b-5984-ab5d-7b31d45182a9,49816764-07af-51a4-92b0-566a2a473870,DGNL_HN,2026,60,tuyensinh247
5816b984-d06f-5246-a733-86770fbac556,49816764-07af-51a4-92b0-566a2a473870,DGTD,2026,60,tuyensinh247
767028f1-6269-5ced-bf96-4ff8958ca6ba,49816764-07af-51a4-92b0-566a2a473870,THPT,2026,60,tuyensinh247
2abb9d59-4c81-5879-9df6-9e40850592bb,8abde34f-a0f6-5839-bc3e-daa46e78180d,DGNL_HN,2026,120,tuyensinh247
594efcc9-abba-5fe7-b612-e1f8631e5016,8abde34f-a0f6-5839-bc3e-daa46e78180d,DGTD,2026,120,tuyensinh247
c72972d8-daa1-515a-af18-0c4e8a600027,8abde34f-a0f6-5839-bc3e-daa46e78180d,THPT,2026,120,tuyensinh247
13d10aa5-6981-5c76-9cb2-0a80a505f30e,cb5442f9-907e-52a7-8308-c5cd86112453,DGNL_HN,2026,180,tuyensinh247
7aa39e8d-bf4b-508d-93ca-d8e40d81bef1,cb5442f9-907e-52a7-8308-c5cd86112453,DGTD,2026,180,tuyensinh247
4ae86b1a-216b-51b9-9683-7ee314487ce0,cb5442f9-907e-52a7-8308-c5cd86112453,THPT,2026,180,tuyensinh247
7d56d5fd-db27-532a-985d-3cd31ab5728b,7cc36222-584f-5ac6-804f-7638a406b6ca,DGNL_HN,2026,80,tuyensinh247
c8f21dac-ae5d-531c-8c48-9a65c5c8985e,7cc36222-584f-5ac6-804f-7638a406b6ca,DGTD,2026,80,tuyensinh247
ba9a9632-a06a-5f2b-a3de-9964ab970515,7cc36222-584f-5ac6-804f-7638a406b6ca,THPT,2026,80,tuyensinh247
3a7798a2-8a8d-51e2-ad3c-009d36d25217,4a88a199-ecaa-569b-87e3-b4a9e12043a4,DGNL_HN,2026,100,tuyensinh247
da6ee506-1103-5a93-8f57-2c6bec33a4ab,4a88a199-ecaa-569b-87e3-b4a9e12043a4,DGTD,2026,100,tuyensinh247
fc538ba4-e979-507f-b489-9c5f4ba011e4,4a88a199-ecaa-569b-87e3-b4a9e12043a4,THPT,2026,100,tuyensinh247
d212fc9b-58f7-5af6-ab20-8c5c94698b08,bf2290fb-9956-574b-a44c-7e6495c98252,DGNL_HN,2026,120,tuyensinh247
ad03fd0b-f329-57c5-bee3-1154ee1098a4,bf2290fb-9956-574b-a44c-7e6495c98252,DGTD,2026,120,tuyensinh247
14e1800b-a732-5663-8671-7f8ea8d970c5,bf2290fb-9956-574b-a44c-7e6495c98252,THPT,2026,120,tuyensinh247
2174c04b-ee25-5709-ac12-c4d5aac6b301,e7f17940-3aa1-5346-b7e6-54d5df34f970,DGNL_HN,2026,120,tuyensinh247
488ccc81-5ba5-5ddd-943e-0df334c591e3,e7f17940-3aa1-5346-b7e6-54d5df34f970,DGTD,2026,120,tuyensinh247
576dd78c-c6ed-5613-975f-76d4f302ac34,e7f17940-3aa1-5346-b7e6-54d5df34f970,THPT,2026,120,tuyensinh247
d85bb1ce-bb45-5edc-a33b-010b72063e66,a6153816-9289-5916-8522-4add87fdcb7e,DGNL_HN,2026,60,tuyensinh247
f125509f-712a-56fb-bb8c-d6a206585c9a,a6153816-9289-5916-8522-4add87fdcb7e,DGTD,2026,60,tuyensinh247
d4183aa5-5c26-5bda-9e06-c0fbdebd9f6a,a6153816-9289-5916-8522-4add87fdcb7e,THPT,2026,60,tuyensinh247
79f661fa-dafa-5b99-b348-54632918942c,64a1a386-b27a-52ef-8c19-b56574142cae,DGNL_HN,2026,200,tuyensinh247
fd241c60-7d4c-5e3f-b899-0153e1d1ad14,64a1a386-b27a-52ef-8c19-b56574142cae,DGTD,2026,200,tuyensinh247
97fa6e96-8e70-581d-b98a-8255eceb6c8a,64a1a386-b27a-52ef-8c19-b56574142cae,THPT,2026,200,tuyensinh247
45963f4c-7f3b-5f0b-aca8-2cddb5a9cbf7,2d2c44ce-4b4a-5e5a-996c-048080acadf5,DGNL_HN,2026,100,tuyensinh247
ce96074d-e13e-5376-af61-1e0dd0afccc5,2d2c44ce-4b4a-5e5a-996c-048080acadf5,DGTD,2026,100,tuyensinh247
8caf0003-591f-54e3-be19-1a1bcb5a19a7,2d2c44ce-4b4a-5e5a-996c-048080acadf5,THPT,2026,100,tuyensinh247
202bf60e-1d99-5f60-8678-a6ba54b4b72a,1e779bb6-020f-537e-b37a-af050b41fa66,DGNL_HN,2026,60,tuyensinh247
6a66c9aa-4978-5adb-b050-2c5eec92a1d2,1e779bb6-020f-537e-b37a-af050b41fa66,DGTD,2026,60,tuyensinh247
e253c43f-52ba-5130-bc72-5edf65b4fff0,1e779bb6-020f-537e-b37a-af050b41fa66,THPT,2026,60,tuyensinh247
e235fe82-db0f-50ab-8467-5638e07ab426,61cbdf86-da6c-598b-8d26-a58f33c78805,DGNL_HN,2026,640,tuyensinh247
4c304d67-2928-53bf-8390-d63d8c1a82b4,61cbdf86-da6c-598b-8d26-a58f33c78805,DGTD,2026,640,tuyensinh247
a6df992f-11cb-595f-a178-5f056ad46c66,61cbdf86-da6c-598b-8d26-a58f33c78805,THPT,2026,640,tuyensinh247
835f9198-aa7e-52f8-8002-90891681eb8f,281202e6-23a7-5885-996d-1ad67afbd107,DGNL_HN,2026,80,tuyensinh247
0b19460c-279a-55c7-a92e-35029c68240c,281202e6-23a7-5885-996d-1ad67afbd107,DGTD,2026,80,tuyensinh247
3fde64e0-a5cc-5398-83f6-7f076e6bce98,281202e6-23a7-5885-996d-1ad67afbd107,THPT,2026,80,tuyensinh247
e6e79913-7462-535d-a9d0-8344060f308b,b716e753-ed88-527b-b147-80e83b0c9921,DGNL_HN,2026,100,tuyensinh247
a09ea326-80a7-54e7-82cb-1b88a7adf5d2,b716e753-ed88-527b-b147-80e83b0c9921,DGTD,2026,100,tuyensinh247
69012c60-7c1a-535f-b0d8-3acb3615e1e3,b716e753-ed88-527b-b147-80e83b0c9921,THPT,2026,100,tuyensinh247
64e9c86e-363f-5c7a-a6ce-fb19f98255e5,f14cb2f8-f086-565e-b794-5429c02baa12,DGNL_HCM,2026,300,tuyensinh247
f71b4fac-12a5-5b1c-baee-c3282afef1c4,f14cb2f8-f086-565e-b794-5429c02baa12,DGNL_HN,2026,300,tuyensinh247
0f714caf-bdd8-598a-b491-fe443aaeb1e3,f14cb2f8-f086-565e-b794-5429c02baa12,THPT,2026,300,tuyensinh247
070af760-700a-5317-a27f-1920d0422dcc,47cf7e95-2070-56bf-81b4-932d8233b588,DGNL_HN,2026,50,tuyensinh247
710a7a1a-055f-5f00-a756-7ef384327a6f,47cf7e95-2070-56bf-81b4-932d8233b588,THPT,2026,50,tuyensinh247
b0a298bc-4f23-542c-8803-74d1018475bd,baeaaf73-9fd7-5059-9e15-9b1bb600b9cd,DGNL_HCM,2026,30,tuyensinh247
1cfad65a-faba-57fd-8e1f-561e851b278d,baeaaf73-9fd7-5059-9e15-9b1bb600b9cd,DGNL_HN,2026,30,tuyensinh247
9efeaf35-0085-5877-9300-066133e5309e,baeaaf73-9fd7-5059-9e15-9b1bb600b9cd,THPT,2026,30,tuyensinh247
9f2db48e-4c57-5a0d-973a-7c4f1c63790a,8e857cf9-3a28-572e-ab91-b65043e97a5b,DGNL_HCM,2026,500,tuyensinh247
23ade258-abc8-5ea8-aeb7-3a34be76591a,8e857cf9-3a28-572e-ab91-b65043e97a5b,DGNL_HN,2026,500,tuyensinh247
b8dfd366-ec77-5a1b-95b9-cf14031cc162,8e857cf9-3a28-572e-ab91-b65043e97a5b,THPT,2026,500,tuyensinh247
fcf956a6-2adb-55bc-bd36-a4ff52048682,f34c22c6-508d-5076-b5d5-ca1257c5abd8,DGNL_HN,2026,140,tuyensinh247
92fb4c2b-0ec1-5fd8-8391-20414efe47e2,f34c22c6-508d-5076-b5d5-ca1257c5abd8,THPT,2026,140,tuyensinh247
c7a30e7c-da01-5fbf-87f9-e90ca5989a22,1e1ae401-0fab-5f29-8467-c6bc0ca32604,DGNL_HN,2026,100,tuyensinh247
6b6f7fd7-3cb1-5798-94d9-b664e1f9bbec,1e1ae401-0fab-5f29-8467-c6bc0ca32604,THPT,2026,100,tuyensinh247
c1a4eab4-09f7-565a-8530-fa0a70d40691,3d044477-b27f-55e9-ba31-23f859da29e7,DGNL_HN,2026,120,tuyensinh247
4647070a-e2df-5d34-92dd-d5685cc6bd87,3d044477-b27f-55e9-ba31-23f859da29e7,THPT,2026,120,tuyensinh247
a00107be-f4d0-5068-a2ed-b22bed2e479e,a08e6679-9274-5c84-87af-698e92c66cd5,DGNL_HN,2026,210,tuyensinh247
0fcd0139-c70a-578e-b14d-d23cdb8b7c1e,a08e6679-9274-5c84-87af-698e92c66cd5,THPT,2026,210,tuyensinh247
12c0de0a-4161-535c-8483-38ccc3062bc3,c4444940-844f-54fa-87cf-14782b4322e1,DGNL_HN,2026,120,tuyensinh247
cb82362b-d1ff-5fac-9526-b32bb5b5bd60,c4444940-844f-54fa-87cf-14782b4322e1,DGTD,2026,120,tuyensinh247
01d9d919-5636-5931-87a7-b664fb8f52a2,c4444940-844f-54fa-87cf-14782b4322e1,THPT,2026,120,tuyensinh247
33599b88-0b8a-51cd-a402-03cf66fb9b90,dd318cad-3ea3-5cea-ad1a-06ce4cfc2f92,DGNL_HN,2026,120,tuyensinh247
9cb0e6d9-0456-588c-84f1-679189f44b47,dd318cad-3ea3-5cea-ad1a-06ce4cfc2f92,DGTD,2026,120,tuyensinh247
dbb50ad2-03eb-5106-a415-a2afc17d9d42,dd318cad-3ea3-5cea-ad1a-06ce4cfc2f92,THPT,2026,120,tuyensinh247
6e0c9fe7-06ce-5f77-9073-2c5624a98f53,2e2f69c1-0736-5d6c-b3dd-092af87a98ca,DGNL_HN,2026,100,tuyensinh247
efeedba6-f1d8-54f9-a1e5-2a5f379c10cb,2e2f69c1-0736-5d6c-b3dd-092af87a98ca,THPT,2026,100,tuyensinh247
4e504226-800b-529d-b738-5f8e5de53377,4e6eed6d-e8bb-5f71-a742-617eec0e3344,DGNL_HN,2026,120,tuyensinh247
1f73c868-4b0f-5713-83e5-ba08f7385f52,4e6eed6d-e8bb-5f71-a742-617eec0e3344,DGTD,2026,120,tuyensinh247
283614b3-dafc-5c0b-92e6-430ae2a6e3a9,4e6eed6d-e8bb-5f71-a742-617eec0e3344,THPT,2026,120,tuyensinh247
e4e66bb0-d2d5-5e7f-aade-d6bfca489926,83024fa9-a627-5ddb-a1b3-632fdb8300d5,DGNL_HN,2026,120,tuyensinh247
78c4dccc-8adc-5a27-b2d6-0ad949e5b3fc,83024fa9-a627-5ddb-a1b3-632fdb8300d5,THPT,2026,120,tuyensinh247
33951e8c-625a-5f52-88fd-49bc7218a85b,b821b3a2-7c3d-53f3-b5f7-5a6ab3a89bba,DGNL_HN,2026,150,tuyensinh247
f3b4ff52-7ea1-574b-bb4f-54701ce68ecc,b821b3a2-7c3d-53f3-b5f7-5a6ab3a89bba,THPT,2026,150,tuyensinh247
720cfe33-cf48-561b-b6d8-c80b7af0d3dc,ed3b33ae-c154-537a-adaf-5c77a10dfb5d,DGNL_HN,2026,70,tuyensinh247
83ccd119-e0c2-5324-a99f-44c22f201840,ed3b33ae-c154-537a-adaf-5c77a10dfb5d,DGTD,2026,70,tuyensinh247
14933e98-5c4e-5835-9c81-ef7cfe825116,ed3b33ae-c154-537a-adaf-5c77a10dfb5d,THPT,2026,70,tuyensinh247
c0c3de15-d695-5551-88fe-4638239eb89f,a99f0448-cf03-5fc8-87d0-6b47588ff762,DGNL_HN,2026,180,tuyensinh247
b53271c2-db12-5205-bbb8-f47729250c9b,a99f0448-cf03-5fc8-87d0-6b47588ff762,THPT,2026,180,tuyensinh247
53e87ff0-e899-5786-9488-f4662eb89dd7,1388985c-e726-58b5-a8f1-8362c6d22ac1,DGNL_HN,2026,210,tuyensinh247
218ee251-785e-5717-a7f0-ea4001230839,1388985c-e726-58b5-a8f1-8362c6d22ac1,THPT,2026,210,tuyensinh247
06714be7-6c2f-5e75-bfa3-a718727b4d80,843da0db-2474-5917-8ef8-1bcd3114def6,DGNL_HN,2026,80,tuyensinh247
17530e84-2d6c-5fb5-8f7c-febca5ee5324,843da0db-2474-5917-8ef8-1bcd3114def6,DGTD,2026,80,tuyensinh247
a5cb0d8d-b012-5360-8cb6-2359b1350f72,843da0db-2474-5917-8ef8-1bcd3114def6,THPT,2026,80,tuyensinh247
f4c2c084-9679-54f5-bf63-89c306311ff1,9826eb45-89d7-53c9-b999-46015abd3940,DGNL_HN,2026,80,tuyensinh247
ccd07fd8-453b-5057-a1d5-e0c214d41d22,9826eb45-89d7-53c9-b999-46015abd3940,DGTD,2026,80,tuyensinh247
e15f17fe-04c2-518c-a448-2fb71d133d4c,9826eb45-89d7-53c9-b999-46015abd3940,THPT,2026,80,tuyensinh247
e69fc490-967a-52af-ad02-2427883a3ff1,ebb078db-ad1e-5984-9742-faf142d06f78,DGNL_HN,2026,90,tuyensinh247
ca4f190b-e383-58a3-a9d1-b757cdffff09,ebb078db-ad1e-5984-9742-faf142d06f78,DGTD,2026,90,tuyensinh247
3af68642-b5bd-5cc5-ac1b-8bbd84b192c5,ebb078db-ad1e-5984-9742-faf142d06f78,THPT,2026,90,tuyensinh247
58c4119f-fccf-5b70-b7db-334e29906feb,1fa98729-0d5f-5d65-86b2-5aed3972cfb8,DGNL_HN,2026,70,tuyensinh247
75f19200-6e20-5d14-bb69-b10a92a04c83,1fa98729-0d5f-5d65-86b2-5aed3972cfb8,DGTD,2026,70,tuyensinh247
44c9b965-4b44-5b13-9e64-728f51dc97d2,1fa98729-0d5f-5d65-86b2-5aed3972cfb8,THPT,2026,70,tuyensinh247
423b24d0-6b47-50ca-8797-92508b2d7fe7,c909476d-5c59-55c8-818e-a30e2aa413c0,DGNL_HN,2026,120,tuyensinh247
f407a274-ddaf-5b46-af57-8bc4a4ff0f7e,c909476d-5c59-55c8-818e-a30e2aa413c0,DGTD,2026,120,tuyensinh247
bc94d83f-9b72-5cd2-bc6c-eb8595eb3f6d,c909476d-5c59-55c8-818e-a30e2aa413c0,THPT,2026,120,tuyensinh247
1caf490b-803a-5a74-980e-6871ae10e993,f8c62821-0f2a-5322-9338-65c41c705657,DGNL_HN,2026,140,tuyensinh247
8d056283-8083-5d05-93b3-de5892bd37e8,f8c62821-0f2a-5322-9338-65c41c705657,DGTD,2026,140,tuyensinh247
8b2493bb-21a8-54d9-84ed-09f4c1e6780f,f8c62821-0f2a-5322-9338-65c41c705657,THPT,2026,140,tuyensinh247
f40f6665-d08f-5913-8a57-74994a8c1c33,0c98f242-a5c3-5f61-b09e-0f54e6988196,DGNL_HN,2026,120,tuyensinh247
8c2d41e9-3243-5050-919e-b0b46591060c,0c98f242-a5c3-5f61-b09e-0f54e6988196,DGTD,2026,120,tuyensinh247
7ecf0688-6700-58f8-b697-0264c13773aa,0c98f242-a5c3-5f61-b09e-0f54e6988196,THPT,2026,120,tuyensinh247
a02f7ed2-d80a-5213-8cb7-04b0a16a2346,b2947ea4-c66f-5754-a636-ba4b588dd727,DGNL_HN,2026,140,tuyensinh247
367862ba-7869-5a42-b743-dce8560a146f,b2947ea4-c66f-5754-a636-ba4b588dd727,DGTD,2026,140,tuyensinh247
6c1adfe8-1e22-5946-baf3-39828849e4d7,b2947ea4-c66f-5754-a636-ba4b588dd727,THPT,2026,140,tuyensinh247
9f87d10f-ea56-5182-bc0d-b014a7173c4f,471e27cd-d4be-5dbe-9aa8-bda8722ea8bb,DGNL_HN,2026,180,tuyensinh247
c5598661-8414-508a-81e2-0cc4e74b5c17,471e27cd-d4be-5dbe-9aa8-bda8722ea8bb,DGTD,2026,180,tuyensinh247
21b65ab0-e085-5d94-91a6-524236507526,471e27cd-d4be-5dbe-9aa8-bda8722ea8bb,THPT,2026,180,tuyensinh247
84a08054-6b28-5f54-824a-e4cf892a6f75,e5aaf9a1-f0cc-5bf2-9128-62f0b6ce0e86,DGNL_HN,2026,80,tuyensinh247
f5dbddc4-8022-5c39-b7c0-29c54505b91a,e5aaf9a1-f0cc-5bf2-9128-62f0b6ce0e86,DGTD,2026,80,tuyensinh247
1e3af6df-3bb1-55c7-bbbb-50badf239e9b,e5aaf9a1-f0cc-5bf2-9128-62f0b6ce0e86,THPT,2026,80,tuyensinh247
e33135f8-3cba-5815-9745-20e71aff8854,5590b49d-7e0f-56d7-ba99-763a5e952b81,DGNL_HN,2026,80,tuyensinh247
0fc2f19a-eb8a-5543-a517-8505d926af3b,5590b49d-7e0f-56d7-ba99-763a5e952b81,DGTD,2026,80,tuyensinh247
69c9bdd3-2484-5587-955c-c3cf31e9986f,5590b49d-7e0f-56d7-ba99-763a5e952b81,THPT,2026,80,tuyensinh247
05ff8e7d-d747-5ed3-ad95-bf06668f98fe,f3a8ff9a-34c8-5f94-bf9e-391eb8c6c472,DGNL_HN,2026,120,tuyensinh247
5e700ccf-cb30-5a30-8604-e8a28535fdb9,f3a8ff9a-34c8-5f94-bf9e-391eb8c6c472,DGTD,2026,120,tuyensinh247
ec2d081c-0582-52b5-83c6-631d58e8cf14,f3a8ff9a-34c8-5f94-bf9e-391eb8c6c472,THPT,2026,120,tuyensinh247
f2019f6b-9ad1-5fe3-9773-bfd4cb04c256,0f4e3906-f7cf-5296-979c-9c7f30971656,DGNL_HN,2026,70,tuyensinh247
8ca05b58-c1be-5cfe-936f-fee00fb26b21,0f4e3906-f7cf-5296-979c-9c7f30971656,DGTD,2026,70,tuyensinh247
dfb69c6a-0726-5ee7-9b1f-c6c118b6d664,0f4e3906-f7cf-5296-979c-9c7f30971656,THPT,2026,70,tuyensinh247
7465953b-f044-59bc-8eb0-b1f63c5ff151,5d0e932f-18aa-52db-a027-928b504f4cdd,DGNL_HN,2026,70,tuyensinh247
4536d2d9-2f0b-501f-ae6c-bb255c82e199,5d0e932f-18aa-52db-a027-928b504f4cdd,DGTD,2026,70,tuyensinh247
87a9c13e-7a50-56a5-a4aa-62a8aca6e2ed,5d0e932f-18aa-52db-a027-928b504f4cdd,THPT,2026,70,tuyensinh247
b5146fce-d1b2-5ca0-aa0c-25d03a924a34,38a0c432-dab6-5062-800c-e74ceeb15a54,DGNL_HN,2026,30,tuyensinh247
0caab8aa-0931-57b9-a8a8-5df4ec99aa19,38a0c432-dab6-5062-800c-e74ceeb15a54,THPT,2026,30,tuyensinh247
884ce26e-7a02-5a09-b650-5d349006b38b,5bf4f4eb-8fe1-5e02-88cc-3f02da6f5691,DGNL_HN,2026,30,tuyensinh247
f3980443-0eb0-5de5-aff6-d998ab4ac802,5bf4f4eb-8fe1-5e02-88cc-3f02da6f5691,THPT,2026,30,tuyensinh247
f47c3971-6d4d-53fc-8f04-e8b270680698,fcb0991b-8b46-5bc2-9345-f3528ab3e1d1,DGNL_HN,2026,140,tuyensinh247
8cd7bcb8-e7a0-5398-aa07-25b4f0f218bd,fcb0991b-8b46-5bc2-9345-f3528ab3e1d1,THPT,2026,140,tuyensinh247
7d7690c5-6b43-5cb7-b1fe-c13e947a713c,ef82fe25-4616-55d5-9c9f-c9fcf1b6552f,DGNL_HN,2026,100,tuyensinh247
cc34ff2d-236f-5e3a-9db6-f47e649b4743,ef82fe25-4616-55d5-9c9f-c9fcf1b6552f,THPT,2026,100,tuyensinh247
7d9844af-5c18-5b3c-99c6-0553aeba93df,01b78a75-6712-5cd2-9d0d-ae658f5f56c1,DGNL_HN,2026,120,tuyensinh247
019960b4-eb65-5067-aae3-e1042c79a981,01b78a75-6712-5cd2-9d0d-ae658f5f56c1,THPT,2026,120,tuyensinh247
673dbace-d006-53ba-8dfa-d66ff3ed79fe,91611f0c-c72d-56cb-b4e5-f669cee9d6c0,DGNL_HN,2026,120,tuyensinh247
89ab5d91-8c8f-5fb7-b161-e7f4a9daf53e,91611f0c-c72d-56cb-b4e5-f669cee9d6c0,THPT,2026,120,tuyensinh247
f608777a-2ae7-5890-a28f-d5a3d2bee558,6d96c130-80c3-5d3a-8c1c-4ef00104dfa7,DGNL_HN,2026,130,tuyensinh247
fe449250-abc1-52a2-81e7-7b3721a741ed,6d96c130-80c3-5d3a-8c1c-4ef00104dfa7,THPT,2026,130,tuyensinh247
d29c4ee7-39b1-5e0e-88b1-4cce8d3af491,52e520fa-9cd9-5651-826d-6322adae82cd,DGNL_HN,2026,140,tuyensinh247
1f63a88b-fcb7-5625-aea2-e64e97c06b99,52e520fa-9cd9-5651-826d-6322adae82cd,THPT,2026,140,tuyensinh247
c430db69-c15e-5d84-81ef-310eef698f41,322f53f2-17e1-57e8-9e01-ebe4326a1237,DGNL_HN,2026,120,tuyensinh247
c444aef2-83b6-5649-a8a4-15ecea9ea34d,322f53f2-17e1-57e8-9e01-ebe4326a1237,THPT,2026,120,tuyensinh247
da723525-3ea1-55ee-b1fe-4a1418e955eb,51d708fa-5393-53ed-9865-8d4183fa3747,DGNL_HN,2026,140,tuyensinh247
4da449fe-d813-5950-af61-6fdc32cecd96,51d708fa-5393-53ed-9865-8d4183fa3747,THPT,2026,140,tuyensinh247
a9eed7f0-3443-548b-8585-dfd9bcf545b6,4c90df53-cbe6-5a48-9bde-049fe201a9bd,DGNL_HN,2026,120,tuyensinh247
19e295e8-81ae-506d-97ef-c5f466bcff1b,4c90df53-cbe6-5a48-9bde-049fe201a9bd,THPT,2026,120,tuyensinh247
c32f2c44-d50d-5082-8274-c4ab24422a1f,78d021dd-54f3-5de7-9365-1136a36dbc85,DGNL_HN,2026,70,tuyensinh247
b4975514-88d8-53dc-9502-bf729dfec998,78d021dd-54f3-5de7-9365-1136a36dbc85,THPT,2026,70,tuyensinh247
a2d1c186-d541-5e00-b359-544e460346df,6f116477-917a-5cec-bef5-9562cd056158,DGNL_HN,2026,70,tuyensinh247
683e7753-9091-500b-9525-1b9ebb0d9c94,6f116477-917a-5cec-bef5-9562cd056158,THPT,2026,70,tuyensinh247
6923b7a5-ad6a-5422-94b4-b4cb4945f80f,ad44cd00-7b20-57f2-8997-bd817096cced,DGNL_HN,2026,70,tuyensinh247
4329eb71-13fb-571c-88a2-8dda8bde3356,ad44cd00-7b20-57f2-8997-bd817096cced,THPT,2026,70,tuyensinh247
a581d706-b9f8-5f55-aa88-a3ae140b1de1,19f1713e-5ec3-55fb-93fb-0033b4379872,DGNL_HN,2026,120,tuyensinh247
673ba5db-7347-5012-97e9-f16668903c39,19f1713e-5ec3-55fb-93fb-0033b4379872,THPT,2026,120,tuyensinh247
ec7dc33b-6b76-5f54-af8f-1bedf0ae4cd7,22c05d99-f2a2-5c1d-b787-eb2b246bd3a7,DGNL_HN,2026,70,tuyensinh247
2dc987e9-4839-5208-83d3-3ad7d24c32b1,22c05d99-f2a2-5c1d-b787-eb2b246bd3a7,THPT,2026,70,tuyensinh247
ab2ceaf4-66a5-5379-a449-f72089c56c09,24c0a49f-4ad0-58a8-a949-8b5793e7a3f5,DGNL_HN,2026,70,tuyensinh247
6c6f5097-a96a-5abc-aa1a-352b57a53c3e,24c0a49f-4ad0-58a8-a949-8b5793e7a3f5,THPT,2026,70,tuyensinh247
1aaf78cd-f20c-598e-8372-0e7e9adffecf,cbaad1ec-7bde-5325-ae68-e827ce95b859,DGNL_HN,2026,70,tuyensinh247
38335fc6-2203-504b-b8ed-0d24a1d1b10c,cbaad1ec-7bde-5325-ae68-e827ce95b859,THPT,2026,70,tuyensinh247
d41d4eae-7694-59ce-b5ec-3983c23d7335,e4606c71-d65c-541b-b13c-a167ea26a74f,DGNL_HN,2026,70,tuyensinh247
7f36383c-79eb-5453-a807-a0d04a242a66,e4606c71-d65c-541b-b13c-a167ea26a74f,THPT,2026,70,tuyensinh247
fc7519b2-241b-56ed-bad5-0dd4383d3b5f,517c3f5a-1da7-5b54-8884-786db7585b58,DGNL_HN,2026,250,tuyensinh247
4797a428-eb1f-5850-b8c1-202dd8284d04,517c3f5a-1da7-5b54-8884-786db7585b58,DGTD,2026,250,tuyensinh247
cd7c447e-abc7-5776-b505-412a841e9a79,517c3f5a-1da7-5b54-8884-786db7585b58,THPT,2026,250,tuyensinh247
bb763496-656c-577e-8197-5a3a53a5ce53,d4eb6158-4182-5b79-9864-50a06b057b5d,DGNL_HN,2026,150,tuyensinh247
15cc59a6-a8af-5ee4-854b-50347602b799,d4eb6158-4182-5b79-9864-50a06b057b5d,DGTD,2026,150,tuyensinh247
31139a69-dcb3-570a-abdc-c83a79019b33,d4eb6158-4182-5b79-9864-50a06b057b5d,HBA,2026,150,tuyensinh247
c84f6e59-c1c6-52fe-ba0b-c3dbd8a666bd,d4eb6158-4182-5b79-9864-50a06b057b5d,THPT,2026,150,tuyensinh247
f16302da-a5ba-552f-9433-4f2f12728bb6,92bff708-06d7-5f4c-8fe5-de7ac808d8d5,DGNL_HN,2026,100,tuyensinh247
b578657a-0e3c-579a-bd0c-7f6c481758ec,92bff708-06d7-5f4c-8fe5-de7ac808d8d5,DGTD,2026,100,tuyensinh247
3e49e64a-753c-5ba0-8628-2faf85c2e61d,92bff708-06d7-5f4c-8fe5-de7ac808d8d5,THPT,2026,100,tuyensinh247
42b24073-910f-5c5a-b7a1-c6eed2dd8ba2,cfe4afd9-efed-5d4a-b1b3-2346518808bf,DGNL_HN,2026,100,tuyensinh247
7afaa98c-dcd7-56f2-9f3d-67b77fec02a7,cfe4afd9-efed-5d4a-b1b3-2346518808bf,DGTD,2026,100,tuyensinh247
71a68e68-d4e7-5a45-ae4d-b108b3b09e14,cfe4afd9-efed-5d4a-b1b3-2346518808bf,THPT,2026,100,tuyensinh247
68559152-a358-50ab-878a-ecfd2377f7f5,beeebf26-12e9-58ed-8207-dc676044e6ba,DGNL_HN,2026,100,tuyensinh247
85344b7e-dfbd-5d58-8011-1d5df9781d81,beeebf26-12e9-58ed-8207-dc676044e6ba,DGTD,2026,100,tuyensinh247
d5933038-9724-5119-bf02-c76f735dc3ce,beeebf26-12e9-58ed-8207-dc676044e6ba,HBA,2026,100,tuyensinh247
33388c76-c396-51b4-845e-545234dc1a2c,beeebf26-12e9-58ed-8207-dc676044e6ba,THPT,2026,100,tuyensinh247
f6274f23-d332-5168-be7f-319279363e97,2bf91f1c-a715-5313-b132-1c736beb10e0,DGNL_HN,2026,80,tuyensinh247
c0a75f08-12fe-526e-9490-704bb4bef342,2bf91f1c-a715-5313-b132-1c736beb10e0,DGTD,2026,80,tuyensinh247
cb69a80f-d617-5fca-909b-7d91e77c68bc,2bf91f1c-a715-5313-b132-1c736beb10e0,THPT,2026,80,tuyensinh247
8ccea441-6d12-5596-9679-f58378efb1b3,47922578-d330-58f8-990f-ee330e6e1cd0,DGNL_HN,2026,160,tuyensinh247
81e35f7a-ae15-57eb-a79e-628f9e3714f9,47922578-d330-58f8-990f-ee330e6e1cd0,DGTD,2026,160,tuyensinh247
2951d1fc-5313-5bce-8b3f-162b763d7d55,47922578-d330-58f8-990f-ee330e6e1cd0,THPT,2026,160,tuyensinh247
3f23da37-481a-50cf-8b90-57f43f54d80d,1d79113b-6323-53b8-9dd5-0e8d6891506e,DGNL_HN,2026,150,tuyensinh247
80ab4e18-d33f-588e-b0ee-373f57e3bda3,1d79113b-6323-53b8-9dd5-0e8d6891506e,DGTD,2026,150,tuyensinh247
d0bd07b5-d4d0-5a44-aeef-8bd955299fc0,1d79113b-6323-53b8-9dd5-0e8d6891506e,HBA,2026,150,tuyensinh247
5c9183eb-ccde-54fb-bf14-1307c030d237,1d79113b-6323-53b8-9dd5-0e8d6891506e,THPT,2026,150,tuyensinh247
e9c37f9a-9d0f-50ae-a174-5c98dfa5f0a3,3b2585c0-fa46-54cd-b038-7cdc4abe2f01,DGNL_HN,2026,100,tuyensinh247
c10438f1-1770-57f0-a695-f8e81a76e456,3b2585c0-fa46-54cd-b038-7cdc4abe2f01,DGTD,2026,100,tuyensinh247
2cf4eba6-42e4-5d2e-abab-6822a79af1e9,3b2585c0-fa46-54cd-b038-7cdc4abe2f01,THPT,2026,100,tuyensinh247
d2ad5ccd-2a32-501b-9a4c-59c8ba3e1cc6,055ea82b-da1b-587a-8748-b22ccaebe248,DGNL_HN,2026,100,tuyensinh247
df486ba8-83eb-585d-bb8d-a0a31a71fb2e,055ea82b-da1b-587a-8748-b22ccaebe248,DGTD,2026,100,tuyensinh247
af5d5c9b-f1af-5e79-9343-d916a6dfdf85,055ea82b-da1b-587a-8748-b22ccaebe248,THPT,2026,100,tuyensinh247
494b0b76-7a69-5468-9fc6-0b0df248cbfe,69248049-827b-5af4-9fc6-f5cc7436ec04,DGNL_HN,2026,100,tuyensinh247
1e553d3d-ce7e-5a56-9672-70e5c0907ebc,69248049-827b-5af4-9fc6-f5cc7436ec04,DGTD,2026,100,tuyensinh247
730f5864-7bc0-5356-9ed8-4356d8c22d62,69248049-827b-5af4-9fc6-f5cc7436ec04,HBA,2026,100,tuyensinh247
876614b2-5b9e-5d8c-8108-f70a15bc4042,69248049-827b-5af4-9fc6-f5cc7436ec04,THPT,2026,100,tuyensinh247
0dbb9909-6432-5c55-a8a5-234702810fc9,fa483e29-8e00-535d-b84d-68f8007f48f5,DGNL_HN,2026,120,tuyensinh247
5696a5b0-4970-5249-bda6-8885e7966134,fa483e29-8e00-535d-b84d-68f8007f48f5,DGTD,2026,120,tuyensinh247
2028c474-0c1d-54ed-9d2a-4529032a23b4,fa483e29-8e00-535d-b84d-68f8007f48f5,THPT,2026,120,tuyensinh247
b7b38f22-c634-5122-8585-101dd89ad652,99f368c8-933f-57f2-8ddf-a1feac6b0282,DGNL_HN,2026,120,tuyensinh247
88b3523f-d05a-5b33-a35f-b8e90abbf63e,99f368c8-933f-57f2-8ddf-a1feac6b0282,DGTD,2026,120,tuyensinh247
9396f872-0a5e-5878-8137-d78c5856a886,99f368c8-933f-57f2-8ddf-a1feac6b0282,HBA,2026,120,tuyensinh247
ad29dbc4-6f5e-5583-8b55-9be5364b10a2,99f368c8-933f-57f2-8ddf-a1feac6b0282,THPT,2026,120,tuyensinh247
893ba781-0de9-5d03-bec3-69fdb88848db,d45c2066-bf07-59e7-8ba3-a8b1622f6901,DGNL_HN,2026,80,tuyensinh247
588c9766-ab6d-5e8a-ade8-26e06aee96ab,d45c2066-bf07-59e7-8ba3-a8b1622f6901,DGTD,2026,80,tuyensinh247
866705f0-e63a-5cbc-8281-06156036b608,d45c2066-bf07-59e7-8ba3-a8b1622f6901,THPT,2026,80,tuyensinh247
aa940049-4fe3-5c19-8e6b-99b93b138fe3,a587711c-82b9-5b95-bb4a-1027fbc7985d,DGNL_HN,2026,100,tuyensinh247
29a5522c-0574-58b3-bf7e-3f8f6f6f1aa4,a587711c-82b9-5b95-bb4a-1027fbc7985d,DGTD,2026,100,tuyensinh247
51d3ca5f-513a-55a6-8315-99692dd283ea,a587711c-82b9-5b95-bb4a-1027fbc7985d,THPT,2026,100,tuyensinh247
953d661b-ff85-5b38-95d7-f7a4af813c4d,956b7520-c53e-542a-85f2-942beb0a676d,DGNL_HN,2026,120,tuyensinh247
733f43cc-7f6b-5770-8eaf-f3a9fac1e510,956b7520-c53e-542a-85f2-942beb0a676d,DGTD,2026,120,tuyensinh247
2a863250-3e4c-5b83-8477-4b3bebfe6398,956b7520-c53e-542a-85f2-942beb0a676d,HBA,2026,120,tuyensinh247
58134adf-6df8-5ff0-b0f1-b789d44045d2,956b7520-c53e-542a-85f2-942beb0a676d,THPT,2026,120,tuyensinh247
72a19c1a-6c14-5ca5-a6fe-742717226c50,d910e6f3-2c20-5e7d-8c88-ba59b909c717,DGNL_HN,2026,120,tuyensinh247
614d2bb7-fe4e-59cf-8393-bf25b5c51c48,d910e6f3-2c20-5e7d-8c88-ba59b909c717,DGTD,2026,120,tuyensinh247
851739ef-7b64-53e4-96b2-d35d2b442453,d910e6f3-2c20-5e7d-8c88-ba59b909c717,THPT,2026,120,tuyensinh247
19571f19-e0e7-5c69-b4fc-246126fe5311,54f79158-0e20-501c-979e-3a88ecefb282,DGNL_HN,2026,120,tuyensinh247
08d7ce62-90d8-58c5-9043-29c9ab5f3ebd,54f79158-0e20-501c-979e-3a88ecefb282,DGTD,2026,120,tuyensinh247
9480f251-3471-53a8-9f29-e76acce8a071,54f79158-0e20-501c-979e-3a88ecefb282,HBA,2026,120,tuyensinh247
21c26fc8-f20c-523d-8c1b-d95b30a9cb38,54f79158-0e20-501c-979e-3a88ecefb282,THPT,2026,120,tuyensinh247
0e600849-876a-5bdf-b391-ea0eff3a1709,5206a6b5-d6b3-5101-996d-58e729edffbd,DGNL_HN,2026,160,tuyensinh247
f1c1a843-fdca-5d81-9ae5-157958f321fa,5206a6b5-d6b3-5101-996d-58e729edffbd,DGTD,2026,160,tuyensinh247
e79fec60-7543-5cea-93e4-85985ca05a0d,5206a6b5-d6b3-5101-996d-58e729edffbd,THPT,2026,160,tuyensinh247
200014b1-2c32-54d6-b030-34730c0cb900,c0f3c855-d028-543d-8342-1232a1104159,DGNL_HN,2026,140,tuyensinh247
5f76f655-b066-545f-8f64-ef3fdbffaa19,c0f3c855-d028-543d-8342-1232a1104159,DGTD,2026,140,tuyensinh247
5894b329-b61f-59dd-8a5f-5644c9005829,c0f3c855-d028-543d-8342-1232a1104159,HBA,2026,140,tuyensinh247
f001d20c-d3be-5840-b4ff-c85885e52f3a,c0f3c855-d028-543d-8342-1232a1104159,THPT,2026,140,tuyensinh247
4e5eeb65-e88a-5100-8753-a893bda42c7f,309947dc-d8de-534c-8a26-0c76308edfd3,DGNL_HN,2026,120,tuyensinh247
88278234-dbdb-5aef-b1b8-0944967557ed,309947dc-d8de-534c-8a26-0c76308edfd3,DGTD,2026,120,tuyensinh247
52aba86d-afe8-552e-8c2b-a809597c1258,309947dc-d8de-534c-8a26-0c76308edfd3,THPT,2026,120,tuyensinh247
bc8f1de3-8bbc-5534-8345-27df3df9f58f,c0af5621-d5f4-52af-8d68-12678b5ddb7e,DGNL_HN,2026,170,tuyensinh247
10e5a703-38fe-5e0e-ad4a-32663805dee3,c0af5621-d5f4-52af-8d68-12678b5ddb7e,DGTD,2026,170,tuyensinh247
4b507efc-20a3-5338-b66f-c4d0c98e01ab,c0af5621-d5f4-52af-8d68-12678b5ddb7e,THPT,2026,170,tuyensinh247
8ae3a648-9c41-53b7-be22-7c3d92ee3c7f,1ab8ab86-b0c7-57a3-849e-fc20f649b1ae,DGNL_HN,2026,120,tuyensinh247
4e272c0d-c17c-5887-8a92-624be4e13ec1,1ab8ab86-b0c7-57a3-849e-fc20f649b1ae,DGTD,2026,120,tuyensinh247
c847ea5b-f3b4-55a8-b2b8-523f052fd8d2,1ab8ab86-b0c7-57a3-849e-fc20f649b1ae,HBA,2026,120,tuyensinh247
7d99dcfd-1e3b-5757-8203-ad7ee554cf77,1ab8ab86-b0c7-57a3-849e-fc20f649b1ae,THPT,2026,120,tuyensinh247
a54581a9-b299-5a7b-9d3f-dbd66daf72a0,16deff03-3b68-5d59-bcc7-755e5e7b81c2,DGNL_HN,2026,120,tuyensinh247
e6e32606-41ba-549e-8f74-b576278e5cb6,16deff03-3b68-5d59-bcc7-755e5e7b81c2,DGTD,2026,120,tuyensinh247
37268c82-4c69-57cd-b58a-bda78c52f7b6,16deff03-3b68-5d59-bcc7-755e5e7b81c2,THPT,2026,120,tuyensinh247
2ab47f9c-a3fd-5d56-8730-3cb24da0af74,840cb5f5-1cea-5606-be75-68476f861dcf,DGNL_HN,2026,140,tuyensinh247
9d441c88-54a0-559a-a1b7-46b856cf1795,840cb5f5-1cea-5606-be75-68476f861dcf,DGTD,2026,140,tuyensinh247
fbdf05a4-d1d2-5a6a-87a9-645a16a0d18b,840cb5f5-1cea-5606-be75-68476f861dcf,HBA,2026,140,tuyensinh247
80d98668-3336-521b-8a82-99dfea75159d,840cb5f5-1cea-5606-be75-68476f861dcf,THPT,2026,140,tuyensinh247
ae880455-e3dc-593e-8243-4bae7828cdec,cf17977b-e3d8-57d2-8143-457c90d8a8b1,DGNL_HN,2026,60,tuyensinh247
7af38db3-1b36-5c54-ad5f-2f8adc1a39b0,cf17977b-e3d8-57d2-8143-457c90d8a8b1,DGTD,2026,60,tuyensinh247
7423b1a7-3368-544b-acf4-c8ec3e29a943,cf17977b-e3d8-57d2-8143-457c90d8a8b1,THPT,2026,60,tuyensinh247
5bb56bce-a5e8-5dd8-adfb-2234edf926c0,f2308ec4-a940-5c32-8990-0653a3826a6c,DGNL_HN,2026,120,tuyensinh247
1a0242f0-8355-59c9-b939-09d3397751bc,f2308ec4-a940-5c32-8990-0653a3826a6c,DGTD,2026,120,tuyensinh247
c534090d-727f-57f7-ba71-5cd5926d300c,f2308ec4-a940-5c32-8990-0653a3826a6c,THPT,2026,120,tuyensinh247
c02d5f5a-88a4-5b26-af8c-0a91c20723b8,0cf5be25-f46d-5ec5-ab21-5bda0f1b524a,DGNL_HN,2026,170,tuyensinh247
65794eb6-9dc4-5d63-9ef2-4ba817493c9e,0cf5be25-f46d-5ec5-ab21-5bda0f1b524a,DGTD,2026,170,tuyensinh247
b71d7630-f78c-5ded-b444-466c6ee5605e,0cf5be25-f46d-5ec5-ab21-5bda0f1b524a,THPT,2026,170,tuyensinh247
326fc13a-b80c-5a77-a442-22fbc48b62ea,d20a3f8d-2965-5372-bb97-bc73a55df1d4,DGNL_HN,2026,120,tuyensinh247
feafde24-6240-5d4f-92e0-27b17885d299,d20a3f8d-2965-5372-bb97-bc73a55df1d4,DGTD,2026,120,tuyensinh247
7b8594fe-b790-5d91-b3f8-d6effc86808a,d20a3f8d-2965-5372-bb97-bc73a55df1d4,HBA,2026,120,tuyensinh247
0e5e3dcc-0bbf-5a76-b4f2-088c21c68bad,d20a3f8d-2965-5372-bb97-bc73a55df1d4,THPT,2026,120,tuyensinh247
95016be1-e58c-5a4d-8eef-bc1ad7b7eb7e,d9d7f31c-5555-5754-a468-2253486ce08b,DGNL_HN,2026,100,tuyensinh247
86de8356-dfdf-5a8a-9b56-39d76e1cff51,d9d7f31c-5555-5754-a468-2253486ce08b,DGTD,2026,100,tuyensinh247
2982daf8-7453-570f-a87d-643dd07e9617,d9d7f31c-5555-5754-a468-2253486ce08b,THPT,2026,100,tuyensinh247
901bdda7-a977-51fa-882b-c7f0513c8daa,374ac49a-f286-5c1f-a86a-87a6216266a3,DGNL_HN,2026,150,tuyensinh247
dc3350c1-0a90-5482-81a5-c653b8f1c9ab,374ac49a-f286-5c1f-a86a-87a6216266a3,DGTD,2026,150,tuyensinh247
f27cd573-1dee-5c3c-ba77-aa3c65be9d55,374ac49a-f286-5c1f-a86a-87a6216266a3,THPT,2026,150,tuyensinh247
d2b39ebb-6bcd-5438-af64-493fcc7c7b9f,38861d64-8ca7-524e-baa1-d4bf8b8f8d4e,DGNL_HN,2026,80,tuyensinh247
a87372bc-9ae6-5e20-90bc-32f27d670dfe,38861d64-8ca7-524e-baa1-d4bf8b8f8d4e,DGTD,2026,80,tuyensinh247
8e50c0b1-1a48-5b17-b6bc-74bd48d97bdf,38861d64-8ca7-524e-baa1-d4bf8b8f8d4e,HBA,2026,80,tuyensinh247
85bd8574-f861-50fc-8de5-24a491e8b259,38861d64-8ca7-524e-baa1-d4bf8b8f8d4e,THPT,2026,80,tuyensinh247
4bc4b022-53ce-5847-8a52-cc739c4af7f0,4c5fdf9a-8783-5820-9e03-4e602eda8b40,DGNL_HN,2026,250,tuyensinh247
1c4c2c36-9f15-51de-a97d-5bba2ff03442,4c5fdf9a-8783-5820-9e03-4e602eda8b40,DGTD,2026,250,tuyensinh247
94eade91-3124-52ee-b86d-4bdc12d9befc,4c5fdf9a-8783-5820-9e03-4e602eda8b40,THPT,2026,250,tuyensinh247
a1e57493-7736-591b-9ac9-b7500839f9e5,1f21c8b9-3fe9-549e-a214-7984831c55ce,DGNL_HN,2026,130,tuyensinh247
738857dc-dad6-52a3-9313-07a72abe6415,1f21c8b9-3fe9-549e-a214-7984831c55ce,DGTD,2026,130,tuyensinh247
c191b2bc-3fc2-595e-a1ed-79bc6aafba62,1f21c8b9-3fe9-549e-a214-7984831c55ce,THPT,2026,130,tuyensinh247
98f38e66-c810-53c3-ba2c-db312b9d64be,56f4fdb4-6b2f-58ba-95fc-27997469cbf5,DGNL_HN,2026,110,tuyensinh247
fa622e6d-d494-59f2-8724-c7404221e8a5,56f4fdb4-6b2f-58ba-95fc-27997469cbf5,DGTD,2026,110,tuyensinh247
4f4afc2b-3114-5f1e-a5c7-e2b6923a26ea,56f4fdb4-6b2f-58ba-95fc-27997469cbf5,HBA,2026,110,tuyensinh247
699a56a5-6504-5e85-8168-33895a9cd471,56f4fdb4-6b2f-58ba-95fc-27997469cbf5,THPT,2026,110,tuyensinh247
6536f5dc-e554-5d6a-81f9-4e0aa5addf0c,51eadb2c-b1e3-558d-9f2e-0e0409280404,DGNL_HN,2026,110,tuyensinh247
cf45c8a7-2814-559a-b4d6-1c81ae6440cb,51eadb2c-b1e3-558d-9f2e-0e0409280404,DGTD,2026,110,tuyensinh247
cbf2ae75-7c08-5fe0-89c7-3fc2016d20c1,51eadb2c-b1e3-558d-9f2e-0e0409280404,THPT,2026,110,tuyensinh247
f51001c7-5a4d-5353-b146-865e7cfa29cb,8730d07f-942f-5f31-890e-e3c663b7dc6b,DGNL_HN,2026,150,tuyensinh247
374206e2-d915-5624-a2e8-fbd39d69f86f,8730d07f-942f-5f31-890e-e3c663b7dc6b,DGTD,2026,150,tuyensinh247
0be81113-411f-5c80-af43-c9673adbcbf8,8730d07f-942f-5f31-890e-e3c663b7dc6b,THPT,2026,150,tuyensinh247
c100a70a-b287-5095-a3f2-31dab3bba45d,677e9d4e-495c-5ba4-9149-06e1fb8f4ec1,DGNL_HN,2026,130,tuyensinh247
b437c835-9dce-51cd-b97c-46c998ab6ea4,677e9d4e-495c-5ba4-9149-06e1fb8f4ec1,DGTD,2026,130,tuyensinh247
a998c2d7-c657-5cfc-ab82-32a289bbf54f,677e9d4e-495c-5ba4-9149-06e1fb8f4ec1,HBA,2026,130,tuyensinh247
c9724f9f-3d32-53b0-a8cb-850e69cfd1d6,677e9d4e-495c-5ba4-9149-06e1fb8f4ec1,THPT,2026,130,tuyensinh247
b17d27d6-7443-571c-ba2b-c743a9eb2284,35265400-40a6-5f8a-a521-0b8e05a137c4,DGNL_HN,2026,100,tuyensinh247
eebc841c-84d4-5986-bbd6-b01d070163d7,35265400-40a6-5f8a-a521-0b8e05a137c4,DGTD,2026,100,tuyensinh247
9e28e050-ee33-5ff3-8d69-705debe3c568,35265400-40a6-5f8a-a521-0b8e05a137c4,THPT,2026,100,tuyensinh247
ed5c2f94-fd42-56bb-9a49-1a88180c26d0,ca2abc15-1a98-5f79-a123-1bbc24f424ca,DGNL_HN,2026,140,tuyensinh247
40050a7d-73e3-56f3-93f6-732974a5dcdb,ca2abc15-1a98-5f79-a123-1bbc24f424ca,DGTD,2026,140,tuyensinh247
854b4597-eb75-5c88-bdc5-2e839eff426c,ca2abc15-1a98-5f79-a123-1bbc24f424ca,THPT,2026,140,tuyensinh247
c40b3f38-8e21-5ccc-9ff5-4f1722acef09,1e79a745-9a92-5c90-ab40-7156dcbd825d,DGNL_HN,2026,120,tuyensinh247
b182547a-233d-5e2e-8eb8-2807a40c728a,1e79a745-9a92-5c90-ab40-7156dcbd825d,DGTD,2026,120,tuyensinh247
b73e9329-b37e-5f0b-8dae-1866e6a28020,1e79a745-9a92-5c90-ab40-7156dcbd825d,HBA,2026,120,tuyensinh247
1ca03b57-4980-5b8a-b9b0-993ca1718e18,1e79a745-9a92-5c90-ab40-7156dcbd825d,THPT,2026,120,tuyensinh247
d12561b6-3df8-5226-9788-a614141be947,7afbc3b7-4922-5823-9965-bf69bb0baed1,DGNL_HN,2026,50,tuyensinh247
198ff730-27b0-5616-87ad-4315b5c199ae,7afbc3b7-4922-5823-9965-bf69bb0baed1,DGTD,2026,50,tuyensinh247
81e9102c-b994-504c-991b-496975e6eef8,7afbc3b7-4922-5823-9965-bf69bb0baed1,THPT,2026,50,tuyensinh247
58641de0-68c7-5a5b-9304-afd77b8ec39f,719c5976-3f3a-530f-a438-9879fba92ce8,DGNL_HN,2026,40,tuyensinh247
953937a1-04dc-5cad-9df8-ed16bbc033ea,719c5976-3f3a-530f-a438-9879fba92ce8,DGTD,2026,40,tuyensinh247
c0bfa703-fa92-514f-8a2a-0681fd85fa6b,719c5976-3f3a-530f-a438-9879fba92ce8,HBA,2026,40,tuyensinh247
10c1a7c8-9fca-5466-bbd8-d2fe0b7a100c,719c5976-3f3a-530f-a438-9879fba92ce8,THPT,2026,40,tuyensinh247
f4bd675b-49ca-580a-a4b6-b5625b136bf6,10a997b5-53f1-55f4-b0fb-e62675fd9eee,DGNL_HN,2026,60,tuyensinh247
a0e8f4fd-7e3c-50f9-85ac-6f84980c1e83,10a997b5-53f1-55f4-b0fb-e62675fd9eee,DGTD,2026,60,tuyensinh247
b1665c6d-2c23-52f8-be98-995298068600,10a997b5-53f1-55f4-b0fb-e62675fd9eee,HBA,2026,60,tuyensinh247
f57b21bd-d56c-52ce-9290-d5a809c57fda,10a997b5-53f1-55f4-b0fb-e62675fd9eee,THPT,2026,60,tuyensinh247
6861ed50-b753-5712-93c4-d74103e2a834,6a0d8d57-1e24-51fe-b432-4b11748949ae,DGNL_HN,2026,50,tuyensinh247
7bcf11de-704f-5828-804f-c6d4d2abd6fe,6a0d8d57-1e24-51fe-b432-4b11748949ae,DGTD,2026,50,tuyensinh247
991acb52-eb55-5e8f-acfb-f21ed99a1470,6a0d8d57-1e24-51fe-b432-4b11748949ae,HBA,2026,50,tuyensinh247
3df238c3-fb17-5553-b7b8-09fff62f3c6f,6a0d8d57-1e24-51fe-b432-4b11748949ae,THPT,2026,50,tuyensinh247
b586e0e9-6e25-5e1a-963e-47b5c541bd7c,f8b5510d-cfab-5cda-a83b-aa250fbbee92,DGNL_HN,2026,40,tuyensinh247
68de67db-456c-5251-b2cf-787375ff08a5,f8b5510d-cfab-5cda-a83b-aa250fbbee92,DGTD,2026,40,tuyensinh247
983fdc99-ba93-5eac-a3b5-d7fe1539f451,f8b5510d-cfab-5cda-a83b-aa250fbbee92,HBA,2026,40,tuyensinh247
3d8b860d-6472-5f73-b94f-62625dae5067,f8b5510d-cfab-5cda-a83b-aa250fbbee92,THPT,2026,40,tuyensinh247
61aa4c84-4dfc-5c10-9c3f-71da03140de5,02001512-53d0-544a-9df1-0ad9a540d945,DGNL_HN,2026,40,tuyensinh247
6c80ef93-8c38-5bd2-a935-5d0423d101d2,02001512-53d0-544a-9df1-0ad9a540d945,DGTD,2026,40,tuyensinh247
66c61744-6a7c-54cf-9c83-c6b4b7c9379e,02001512-53d0-544a-9df1-0ad9a540d945,HBA,2026,40,tuyensinh247
b369b67d-08c6-5022-9775-b66e775b10f0,02001512-53d0-544a-9df1-0ad9a540d945,THPT,2026,40,tuyensinh247
3494ab6d-3c2d-587d-94f5-b0ba2d06fe5b,24fe9661-1ce4-5b42-8f23-59e72204db1a,DGNL_HN,2026,90,tuyensinh247
fe40e785-ff71-53b8-9a81-c55dc4654f9b,24fe9661-1ce4-5b42-8f23-59e72204db1a,DGTD,2026,90,tuyensinh247
5b3e15d9-acf3-52f1-b821-b7efe7a00cc8,24fe9661-1ce4-5b42-8f23-59e72204db1a,HBA,2026,90,tuyensinh247
f2b53b14-988b-5b2a-a73b-c3c3d9d773fb,24fe9661-1ce4-5b42-8f23-59e72204db1a,THPT,2026,90,tuyensinh247
2b348cbe-f3c0-5ab5-b8fe-3f35351dda05,55b78d8d-65e6-5a42-af64-9bba1d070114,DGNL_HN,2026,90,tuyensinh247
a7ce6daf-9fad-5626-bd42-a71015b83897,55b78d8d-65e6-5a42-af64-9bba1d070114,DGTD,2026,90,tuyensinh247
7cac76b2-d476-554f-a457-516581a32746,55b78d8d-65e6-5a42-af64-9bba1d070114,HBA,2026,90,tuyensinh247
49ae52c2-8f78-56d6-86a5-4218d8788c11,55b78d8d-65e6-5a42-af64-9bba1d070114,THPT,2026,90,tuyensinh247
e68a30b4-ea25-5a08-86e0-617654f981d9,88f98540-7002-5b0e-bef7-96cfd95478b0,DGNL_HN,2026,80,tuyensinh247
b53034fc-89f7-5d39-8861-2d074eb5cbdf,88f98540-7002-5b0e-bef7-96cfd95478b0,DGTD,2026,80,tuyensinh247
8d096092-50c0-5461-9764-dc3e5a3d7467,88f98540-7002-5b0e-bef7-96cfd95478b0,HBA,2026,80,tuyensinh247
8ca142fd-3945-5b91-9ded-921533000ee0,88f98540-7002-5b0e-bef7-96cfd95478b0,THPT,2026,80,tuyensinh247
842e2360-f95e-53e8-82b6-e9b2997b8dbd,8c27d565-064c-5e3d-8d13-af63cf43b343,DGNL_HN,2026,80,tuyensinh247
40d4eafd-2e70-53b3-86b3-c8aed31a7771,8c27d565-064c-5e3d-8d13-af63cf43b343,DGTD,2026,80,tuyensinh247
bb6ce968-3b08-568f-877c-7e95ba67c20c,8c27d565-064c-5e3d-8d13-af63cf43b343,THPT,2026,80,tuyensinh247
e8a44008-81fa-58b0-966b-97e1893ec88b,8feb28a2-a06f-506e-9baa-b003b9f7fb42,DGNL_HN,2026,30,tuyensinh247
e35b07a1-5be5-583a-b151-2dc593bed759,8feb28a2-a06f-506e-9baa-b003b9f7fb42,DGTD,2026,30,tuyensinh247
1a764b71-8bb8-5959-b6cf-36bc80044dc2,8feb28a2-a06f-506e-9baa-b003b9f7fb42,THPT,2026,30,tuyensinh247
0134a976-ce2f-5a4c-a6fc-61eecb0f6cd9,61a4f0d5-ae52-514c-9a32-68c1560400b3,DGNL_HN,2026,70,tuyensinh247
4ed99b42-11d6-556b-a49e-807997037e03,61a4f0d5-ae52-514c-9a32-68c1560400b3,THPT,2026,70,tuyensinh247
1ded7ff1-f541-52b5-a962-16ce6437b973,c5b86e8c-5b6c-579a-9322-c090c38b4b94,DGNL_HN,2026,50,tuyensinh247
3c77eff1-ed68-5348-bae0-2faccfa6ffe6,c5b86e8c-5b6c-579a-9322-c090c38b4b94,THPT,2026,50,tuyensinh247
71cec3da-19c7-59b4-8733-3d2887222132,34c64b6d-8501-5462-9396-7aa1327dd2d4,DGNL_HN,2026,110,tuyensinh247
672e7b1c-fa15-51e0-94fb-66638171e7ee,34c64b6d-8501-5462-9396-7aa1327dd2d4,THPT,2026,110,tuyensinh247
36d2f32a-4405-5090-8e4f-fd0eb1318d39,9cf581c9-5f81-5a2b-9fcf-91f6606f949d,DGNL_HN,2026,50,tuyensinh247
c25bf349-8d1b-50fc-97e9-9fb8f946d188,9cf581c9-5f81-5a2b-9fcf-91f6606f949d,THPT,2026,50,tuyensinh247
277f9157-d0a6-5351-8bc2-4b3a79d21017,9f6549ba-21bd-5659-8533-6f6f4b3fe58e,DGNL_HN,2026,70,tuyensinh247
8ba8c4d1-370f-5146-94ce-d6359acaff60,9f6549ba-21bd-5659-8533-6f6f4b3fe58e,THPT,2026,70,tuyensinh247
abf22d3e-62e5-5a6d-871b-854d884b532f,afdae7d8-d7fa-5cf9-bf5b-764b31cf309c,DGNL_HN,2026,60,tuyensinh247
cf439524-0add-5d33-8ced-6ae512711a10,afdae7d8-d7fa-5cf9-bf5b-764b31cf309c,THPT,2026,60,tuyensinh247
72ebc352-8a59-537a-bb1a-a05cb50b8978,0e0316ae-0736-5da4-8d05-79abc7939622,DGNL_HN,2026,70,tuyensinh247
d5956f9c-e4af-59ee-b8ba-0a6501e4e663,0e0316ae-0736-5da4-8d05-79abc7939622,DGTD,2026,70,tuyensinh247
176a8997-3b58-58be-87c4-1c1b5e46a5b0,0e0316ae-0736-5da4-8d05-79abc7939622,THPT,2026,70,tuyensinh247
ef4a364a-f126-5314-b184-a47554e8acad,93e95671-1e74-53f1-95fa-0d1772d355bf,DGNL_HN,2026,130,tuyensinh247
df94df51-49ac-5821-b7b3-33db727efc86,93e95671-1e74-53f1-95fa-0d1772d355bf,DGTD,2026,130,tuyensinh247
a4643a33-b885-5cd5-8ff4-eb95adac5df3,93e95671-1e74-53f1-95fa-0d1772d355bf,THPT,2026,130,tuyensinh247
a0c65ba7-cb07-5790-9e16-cff1ed91bacc,48bf7d46-3791-5c91-96dd-84a9c2d6dece,DGNL_HN,2026,130,tuyensinh247
2180da2c-d2ed-54b3-9ab7-a232557fbfb2,48bf7d46-3791-5c91-96dd-84a9c2d6dece,THPT,2026,130,tuyensinh247
942b2887-3aa9-5673-9629-33180ae8ecc1,38b23c4c-253f-51cc-8a91-78021fbf263e,DGNL_HN,2026,50,tuyensinh247
72048ed3-5145-5609-886d-06952fd1e97c,38b23c4c-253f-51cc-8a91-78021fbf263e,THPT,2026,50,tuyensinh247
8ca32f34-e553-5d79-b222-9ebdb69637a8,b75540a2-46a8-5c89-9a91-34a8146d21bb,DGNL_HN,2026,50,tuyensinh247
ff9c6abb-a3a5-5f5e-8751-ed26ca528e1c,b75540a2-46a8-5c89-9a91-34a8146d21bb,THPT,2026,50,tuyensinh247
a81950de-1800-5967-87c5-556c09e282f3,f33b2616-6f94-5dfd-9afc-8811ad6b510e,DGNL_HN,2026,90,tuyensinh247
2d19c350-9125-5bb6-bacf-fa2911501d55,f33b2616-6f94-5dfd-9afc-8811ad6b510e,THPT,2026,90,tuyensinh247
d7ee7d2e-9397-5481-beb9-585a93c12242,8646917f-cfa5-590a-adee-a6dd246f201b,DGNL_HN,2026,60,tuyensinh247
33533830-1131-5787-b6cd-f74dcd6f9b4a,8646917f-cfa5-590a-adee-a6dd246f201b,THPT,2026,60,tuyensinh247
224b4b16-154c-5e20-b231-65ac292dc5ed,7e2fd904-f28f-5bb3-8d9d-eb4b485ae6a2,DGNL_HN,2026,100,tuyensinh247
69a7b482-ce99-5413-8df8-d2dde57ddbf6,7e2fd904-f28f-5bb3-8d9d-eb4b485ae6a2,THPT,2026,100,tuyensinh247
02bf992b-b6dd-54a3-b34c-e769bd9998e8,84d33922-f97b-5051-ab8d-453760c7da1b,DGNL_HN,2026,110,tuyensinh247
28d41af3-ed60-58b3-b24d-112f00584e14,84d33922-f97b-5051-ab8d-453760c7da1b,THPT,2026,110,tuyensinh247
62e7a45d-790c-5fec-afb6-c85b096f8557,493814ee-0c2d-5529-b3e7-75c68a95c2d6,DGNL_HN,2026,170,tuyensinh247
a97c4d5f-bb32-5952-9fae-2fc86e922bf6,493814ee-0c2d-5529-b3e7-75c68a95c2d6,THPT,2026,170,tuyensinh247
6cd76e8b-cda3-553b-8d34-44afddd7704c,ec6beaf9-e108-5c0c-b43c-e192d21908aa,DGNL_HN,2026,120,tuyensinh247
02ef5e1e-bf82-5318-ae2f-8c927bc4cb5a,ec6beaf9-e108-5c0c-b43c-e192d21908aa,THPT,2026,120,tuyensinh247
8c5847ba-9e0c-591a-96b2-dd3ac5cfe63c,a76ac9cc-4885-5983-a71e-f1c8f77874a0,DGNL_HN,2026,110,tuyensinh247
d9beba7e-ddee-50c0-bd8c-1bae3872a351,a76ac9cc-4885-5983-a71e-f1c8f77874a0,THPT,2026,110,tuyensinh247
dc80255a-6e74-5843-86e1-9173cde9154e,b4f630bc-a5f7-5408-a7c4-da264427e48b,DGNL_HN,2026,190,tuyensinh247
dfa1e3ae-7377-5068-b1b0-05e78cbd8515,b4f630bc-a5f7-5408-a7c4-da264427e48b,THPT,2026,190,tuyensinh247
186c17ad-9701-5364-a94b-8a1a17740225,30edf979-3f9e-574f-8b94-637d5dabf189,DGNL_HN,2026,80,tuyensinh247
c1d19cf8-86b0-5673-8227-9b4bd3a579ca,30edf979-3f9e-574f-8b94-637d5dabf189,THPT,2026,80,tuyensinh247
42139bd6-2e2c-5e29-8293-2037168f411e,e313dd8d-c0d6-51e3-ad8d-d6eab9652968,DGNL_HN,2026,50,tuyensinh247
ce634ca2-8117-5495-a891-e3e4c5c3efc6,e313dd8d-c0d6-51e3-ad8d-d6eab9652968,THPT,2026,50,tuyensinh247
cc31b99e-ac20-5ea5-b07c-2240703d49da,7895218f-4367-5213-a986-efc25df90f90,DGNL_HN,2026,90,tuyensinh247
154b7f26-cd6e-5fbd-9006-81565d76fa95,7895218f-4367-5213-a986-efc25df90f90,THPT,2026,90,tuyensinh247
30ef7c98-d2ff-5d9b-8286-4a2f1538b3bd,73c2d047-60b8-5a8b-8560-b4ce08a5fc58,DGNL_HN,2026,100,tuyensinh247
340219c0-f042-5922-9fe0-ae98e653d879,73c2d047-60b8-5a8b-8560-b4ce08a5fc58,DGTD,2026,100,tuyensinh247
fd30da98-211a-5401-9b38-2da74858442f,73c2d047-60b8-5a8b-8560-b4ce08a5fc58,THPT,2026,100,tuyensinh247
d36de16c-9b93-5e17-ad43-6a1f9c31ad7d,73c2d047-60b8-5a8b-8560-b4ce08a5fc58,XTT,2026,100,tuyensinh247
1bc5502f-b04c-52cb-a84f-e19bb9a777e3,1fc16907-eb93-52ce-a204-b871a5df9f53,DGNL_HN,2026,50,tuyensinh247
450fa344-e2a1-5f25-aabe-64fd9835d3eb,1fc16907-eb93-52ce-a204-b871a5df9f53,DGTD,2026,50,tuyensinh247
cd1dca45-f863-5d35-8f54-19dcc7ea79b9,1fc16907-eb93-52ce-a204-b871a5df9f53,THPT,2026,50,tuyensinh247
f0ffac94-4d8d-5f24-85c6-9891eae07fa5,1fc16907-eb93-52ce-a204-b871a5df9f53,XTT,2026,50,tuyensinh247
23009e3e-f7a3-5e7d-a5a2-658b4de821d4,5b632f81-b722-5e2e-890c-8d71c5ec714f,DGNL_HN,2026,100,tuyensinh247
3678cdad-4ffe-57e6-b1ac-1c30af659e5a,5b632f81-b722-5e2e-890c-8d71c5ec714f,DGTD,2026,100,tuyensinh247
04c8e28c-50f8-5431-bf95-491f8a8b2ac7,5b632f81-b722-5e2e-890c-8d71c5ec714f,THPT,2026,100,tuyensinh247
7fa894a5-633e-559a-9669-1244ccb5d275,5b632f81-b722-5e2e-890c-8d71c5ec714f,XTT,2026,100,tuyensinh247
cb4dd57e-a266-583c-bcf4-696b492633b9,3e82133d-8ccb-519f-be68-b9aa2bf87cb1,DGNL_HN,2026,30,tuyensinh247
4672efc8-8276-5afa-acab-c78e253778fd,3e82133d-8ccb-519f-be68-b9aa2bf87cb1,DGTD,2026,30,tuyensinh247
c0226643-3515-59df-a3cd-8869ce0b2d95,3e82133d-8ccb-519f-be68-b9aa2bf87cb1,THPT,2026,30,tuyensinh247
984bfa47-785b-5c43-b36b-9b5a293eca7c,3e82133d-8ccb-519f-be68-b9aa2bf87cb1,XTT,2026,30,tuyensinh247
94be68bf-12ed-5cb1-8a08-93fb1f034204,8c488fc9-4759-5b2b-bf1c-6a5021fb8735,DGNL_HN,2026,250,tuyensinh247
a08d221e-5e41-5686-9f83-8aa515198851,8c488fc9-4759-5b2b-bf1c-6a5021fb8735,DGTD,2026,250,tuyensinh247
073c82e5-4d16-50f4-9fd6-539bfd44ac3a,8c488fc9-4759-5b2b-bf1c-6a5021fb8735,THPT,2026,250,tuyensinh247
30e7a4a9-e2da-53c3-ba99-aa32851575e8,8c488fc9-4759-5b2b-bf1c-6a5021fb8735,XTT,2026,250,tuyensinh247
9281a218-30e0-5a45-886a-274e0da2e8ba,9b6cce39-87b1-5dfe-91dd-e85ef3e9acb0,DGNL_HN,2026,100,tuyensinh247
30ea4bda-9211-5237-93ae-05c5112f57fa,9b6cce39-87b1-5dfe-91dd-e85ef3e9acb0,DGTD,2026,100,tuyensinh247
b610c9d1-20c4-5217-b923-ccf5a2bef77a,9b6cce39-87b1-5dfe-91dd-e85ef3e9acb0,THPT,2026,100,tuyensinh247
214423bb-19ed-5f5f-8e31-3e5eb4be4939,9b6cce39-87b1-5dfe-91dd-e85ef3e9acb0,XTT,2026,100,tuyensinh247
39430fb8-2536-58d8-adbc-aa2e389a5ec5,d07811f4-5920-5958-8dc4-d89d27eecdcc,DGNL_HN,2026,50,tuyensinh247
af54ed0f-58db-5518-8647-28acc2ff1ce2,d07811f4-5920-5958-8dc4-d89d27eecdcc,DGTD,2026,50,tuyensinh247
676365b5-eec5-5d5e-b29e-c2482d522e1a,d07811f4-5920-5958-8dc4-d89d27eecdcc,THPT,2026,50,tuyensinh247
2bc309e1-6e80-5f25-8298-7e44d5bf4e0a,d07811f4-5920-5958-8dc4-d89d27eecdcc,XTT,2026,50,tuyensinh247
289362cf-c1a9-5446-b630-fadb18794781,ba035a44-0556-5ebf-bde9-50c3cdcaa227,DGNL_HN,2026,50,tuyensinh247
2fb3e22e-75dc-5790-8e6d-6603fa8363d9,ba035a44-0556-5ebf-bde9-50c3cdcaa227,DGTD,2026,50,tuyensinh247
03ffe972-9b5e-5095-b24a-b3af21e70805,ba035a44-0556-5ebf-bde9-50c3cdcaa227,THPT,2026,50,tuyensinh247
5eef33de-033b-517f-897a-37762de0d6c0,ba035a44-0556-5ebf-bde9-50c3cdcaa227,XTT,2026,50,tuyensinh247
b949fdcc-7fdd-573d-bd1d-f0f2b6b35b64,55b13e6a-684c-5840-95dd-29c0205e1eb4,DGNL_HN,2026,100,tuyensinh247
e3843991-592d-586e-8071-10849bf315da,55b13e6a-684c-5840-95dd-29c0205e1eb4,DGTD,2026,100,tuyensinh247
6cee2d77-134a-52cd-b172-92ccc889f9ea,55b13e6a-684c-5840-95dd-29c0205e1eb4,THPT,2026,100,tuyensinh247
259fe515-73d5-5a26-bade-10910e1ca725,55b13e6a-684c-5840-95dd-29c0205e1eb4,XTT,2026,100,tuyensinh247
804fe83e-8147-51c7-9465-9a73f6c70a2d,2ba6761b-1535-5be6-a501-ba0408b5734c,DGNL_HN,2026,200,tuyensinh247
53a7b3a7-81c3-5478-ad5b-4e656f8ffa82,2ba6761b-1535-5be6-a501-ba0408b5734c,DGTD,2026,200,tuyensinh247
f3e528b7-05f4-585c-b7ff-c310c489a563,2ba6761b-1535-5be6-a501-ba0408b5734c,THPT,2026,200,tuyensinh247
ab9d7de6-fc54-527b-b97d-903215f8983b,2ba6761b-1535-5be6-a501-ba0408b5734c,XTT,2026,200,tuyensinh247
6384009a-89c7-5407-b495-0ca55cc0bb63,fe285454-9c4a-52de-911f-9d2bea54d7a2,DGNL_HN,2026,50,tuyensinh247
71ba0584-7804-5c51-bbdf-dbd16712ce7a,fe285454-9c4a-52de-911f-9d2bea54d7a2,DGTD,2026,50,tuyensinh247
68ff515e-6bd0-5d8b-8b6d-9be87482399e,fe285454-9c4a-52de-911f-9d2bea54d7a2,THPT,2026,50,tuyensinh247
c71f123f-f137-5542-89fe-3f2d124159e0,fe285454-9c4a-52de-911f-9d2bea54d7a2,XTT,2026,50,tuyensinh247
db9c6d99-1c24-5c0c-8b54-e00f61a52a1b,a0891352-149a-54c6-8379-70796da25ab4,DGNL_HN,2026,50,tuyensinh247
565deae2-e524-5593-ba61-a92180b302a0,a0891352-149a-54c6-8379-70796da25ab4,DGTD,2026,50,tuyensinh247
a42b891c-7d71-56c0-a049-9f8a2e47840a,a0891352-149a-54c6-8379-70796da25ab4,THPT,2026,50,tuyensinh247
e7dfe167-e8ff-544b-bcdd-bdbb2c5dc3bf,a0891352-149a-54c6-8379-70796da25ab4,XTT,2026,50,tuyensinh247
0102ff23-cd1f-5ca7-9f4a-d6b9638b1308,6cca7d38-9533-5132-b1da-9d67c2637572,DGNL_HN,2026,100,tuyensinh247
35c61185-749c-5881-8b3f-7f8c2a9aacd2,6cca7d38-9533-5132-b1da-9d67c2637572,DGTD,2026,100,tuyensinh247
ba8e711f-cdb3-5106-8e83-72aa89d95cc6,6cca7d38-9533-5132-b1da-9d67c2637572,THPT,2026,100,tuyensinh247
5ef41b68-de43-5ea0-88b7-f43c1b5c4ed5,6cca7d38-9533-5132-b1da-9d67c2637572,XTT,2026,100,tuyensinh247
2cd8d5da-c1cc-5a0c-8625-2041c35b6ee1,15dcb011-de93-5e2c-93c7-a8dd0af0be8b,DGNL_HN,2026,100,tuyensinh247
79443572-23a5-5b8b-a650-409038df7d2a,15dcb011-de93-5e2c-93c7-a8dd0af0be8b,DGTD,2026,100,tuyensinh247
3e44be5a-b771-527d-b911-cc8677f9f4a4,15dcb011-de93-5e2c-93c7-a8dd0af0be8b,THPT,2026,100,tuyensinh247
8eec4abe-e9d9-52dd-b339-2c4591d3e08f,15dcb011-de93-5e2c-93c7-a8dd0af0be8b,XTT,2026,100,tuyensinh247
8f9d7508-264a-5156-9006-6aedc68fa927,e0284918-de96-5902-8840-ca6a43b821b5,DGNL_HN,2026,100,tuyensinh247
ecfcf497-0756-55c3-8ec3-a17cb4e929eb,e0284918-de96-5902-8840-ca6a43b821b5,DGTD,2026,100,tuyensinh247
89bd2b33-b474-5a46-be30-0260d3b937b2,e0284918-de96-5902-8840-ca6a43b821b5,THPT,2026,100,tuyensinh247
736491a9-8a0c-5f8c-87fa-25c63681c4b3,e0284918-de96-5902-8840-ca6a43b821b5,XTT,2026,100,tuyensinh247
0ec5c4db-2378-5971-9d20-3baecc9a70f4,9931c89c-9add-5c31-8d58-d62ec333f0d2,DGNL_HN,2026,100,tuyensinh247
6c1a9373-38d4-5c8b-a258-bfd9e5fa39fe,9931c89c-9add-5c31-8d58-d62ec333f0d2,DGTD,2026,100,tuyensinh247
cf5b72a4-beb8-54de-a1e4-bead22b33d1c,9931c89c-9add-5c31-8d58-d62ec333f0d2,THPT,2026,100,tuyensinh247
7f945327-a278-538e-b873-768f7f2d9b50,9931c89c-9add-5c31-8d58-d62ec333f0d2,XTT,2026,100,tuyensinh247
cd02f4f2-273b-57b8-9287-ac08f15220fb,b924ab1e-177d-5691-90e3-93c7577f2f82,DGNL_HN,2026,50,tuyensinh247
ec5dab5d-ec01-541c-b6a3-01736c0b5cfc,b924ab1e-177d-5691-90e3-93c7577f2f82,DGTD,2026,50,tuyensinh247
8bd7fc1d-3298-54a7-9260-7a73f63602c3,b924ab1e-177d-5691-90e3-93c7577f2f82,THPT,2026,50,tuyensinh247
e609626e-cd2a-5c98-85dc-5157956b7dc5,b924ab1e-177d-5691-90e3-93c7577f2f82,XTT,2026,50,tuyensinh247
2796290c-8e99-54c9-9791-2c6c865fac91,78198dc0-e9ed-5c43-80fe-5c86a876e34b,DGNL_HN,2026,50,tuyensinh247
e4bcbb52-bdc5-5e6b-aa1c-7a6ffe0b527e,78198dc0-e9ed-5c43-80fe-5c86a876e34b,DGTD,2026,50,tuyensinh247
c8cadef8-6595-5911-9e92-974254936804,78198dc0-e9ed-5c43-80fe-5c86a876e34b,THPT,2026,50,tuyensinh247
88209e3d-a5a5-541f-a8e7-8c56985ccf5a,78198dc0-e9ed-5c43-80fe-5c86a876e34b,XTT,2026,50,tuyensinh247
8e1cafad-b39b-56ca-85bb-d68901308005,552ed032-072a-5e7e-b086-1b09401ddb55,DGNL_HN,2026,50,tuyensinh247
13641d32-69b2-549f-bf92-b45332127e45,552ed032-072a-5e7e-b086-1b09401ddb55,DGTD,2026,50,tuyensinh247
4b40c3ee-2cf3-5629-b0e3-0abd466add49,552ed032-072a-5e7e-b086-1b09401ddb55,THPT,2026,50,tuyensinh247
2768a92e-5ec0-5075-90cd-f294b74a5fb6,552ed032-072a-5e7e-b086-1b09401ddb55,XTT,2026,50,tuyensinh247
23333a27-d205-56fc-94ad-d0021017b3ca,a416d316-e59f-5704-9c00-a6bc3223f600,DGNL_HN,2026,50,tuyensinh247
05ee717a-0fb6-50f1-a8d1-c0f623865812,a416d316-e59f-5704-9c00-a6bc3223f600,DGTD,2026,50,tuyensinh247
44251336-379b-5229-b8a3-44e1f8f94b29,a416d316-e59f-5704-9c00-a6bc3223f600,THPT,2026,50,tuyensinh247
9cef2a48-34db-5d26-8c04-7bb52adb20d0,a416d316-e59f-5704-9c00-a6bc3223f600,XTT,2026,50,tuyensinh247
337d1696-3c20-58a7-89be-1240fbbb8d72,94ed4785-db5c-5682-8ae7-033f7a35cc34,DGNL_HN,2026,300,tuyensinh247
7e81139b-b55f-5b25-a15f-1929374f9330,94ed4785-db5c-5682-8ae7-033f7a35cc34,THPT,2026,300,tuyensinh247
a5bb0890-bc65-581b-a1a7-f2920e19025f,b930325f-ff71-5765-b4d1-af3afde818ec,DGNL_HN,2026,50,tuyensinh247
cbfe9319-1280-5996-b6f2-c5e3b0dcd19b,b930325f-ff71-5765-b4d1-af3afde818ec,THPT,2026,50,tuyensinh247
628b3d43-d2e4-502c-a0de-4f72951f5a35,f8ad77f2-a513-5811-8285-05b47e93f440,DGNL_HN,2026,50,tuyensinh247
e31580cd-936f-5d4f-8845-6d719fe16f2a,f8ad77f2-a513-5811-8285-05b47e93f440,THPT,2026,50,tuyensinh247
8f4ed719-8c86-5c01-8c8b-a08c4ce21eee,0806e54e-8d28-5429-aeda-4c94c83142a2,DGNL_HN,2026,100,tuyensinh247
4279168a-0c27-5688-9da8-88ffe7caffe8,0806e54e-8d28-5429-aeda-4c94c83142a2,THPT,2026,100,tuyensinh247
c1472939-9ec8-5fe2-9394-9ecc5652f1f6,9d9586e9-86b4-5a8a-924e-e3f9c799ff01,DGNL_HN,2026,50,tuyensinh247
b7fd998f-586d-5340-b236-9e0a53b16aa3,9d9586e9-86b4-5a8a-924e-e3f9c799ff01,THPT,2026,50,tuyensinh247
191c5581-34dd-5822-b866-80e3031feff5,161a3c94-2056-5d04-adbf-2182af730784,DGNL_HN,2026,300,tuyensinh247
ea184849-5a22-533d-beff-ef909f8db5fa,161a3c94-2056-5d04-adbf-2182af730784,DGTD,2026,300,tuyensinh247
9d81388e-735c-5fa3-94af-ccc8d0790e7b,161a3c94-2056-5d04-adbf-2182af730784,THPT,2026,300,tuyensinh247
c479f4cb-7d89-5473-9ffa-8297507ee217,161a3c94-2056-5d04-adbf-2182af730784,XTT,2026,300,tuyensinh247
15b7932c-0601-5b29-abfc-9b8f4f2f586f,dbd336fb-950e-55c0-813b-af5a6fba4662,DGNL_HN,2026,400,tuyensinh247
d58dedc1-74a0-59bc-8a13-59efb0f08b08,dbd336fb-950e-55c0-813b-af5a6fba4662,DGTD,2026,400,tuyensinh247
5381c550-77ac-5c60-8b30-63ce762f0a23,dbd336fb-950e-55c0-813b-af5a6fba4662,THPT,2026,400,tuyensinh247
b865b3a5-8fc8-5640-9f15-fc72c725f6fa,dbd336fb-950e-55c0-813b-af5a6fba4662,XTT,2026,400,tuyensinh247
0b8ef5df-3473-5d5a-b403-e3a4465491b2,b399d081-9424-5104-819d-2e6943fa447a,DGNL_HN,2026,100,tuyensinh247
8bdc1347-f4ea-593e-9c92-f8b8357d1b2e,b399d081-9424-5104-819d-2e6943fa447a,DGTD,2026,100,tuyensinh247
47358203-1991-5c34-a311-cbf2172a144f,b399d081-9424-5104-819d-2e6943fa447a,THPT,2026,100,tuyensinh247
ec9224ee-335d-56d0-9281-f8c7c3fc301f,b399d081-9424-5104-819d-2e6943fa447a,XTT,2026,100,tuyensinh247
59035aa1-6b19-5e53-bba5-13953fe39399,bb13c788-6c05-5295-9df3-21a679cc6608,DGNL_HN,2026,150,tuyensinh247
8f5420f5-bc99-568f-a815-fe618eb88313,bb13c788-6c05-5295-9df3-21a679cc6608,DGTD,2026,150,tuyensinh247
91601ddc-da5b-561a-bd39-ae894a49cdcf,bb13c788-6c05-5295-9df3-21a679cc6608,THPT,2026,150,tuyensinh247
84a73ea2-54a1-5b85-9c90-9f8829ba8e0c,bb13c788-6c05-5295-9df3-21a679cc6608,XTT,2026,150,tuyensinh247
e6b264ef-e39a-5b66-8c48-3134047bd4fd,92fc54c8-1b01-5d5e-bb83-8fa53cdae8c2,DGNL_HN,2026,50,tuyensinh247
aa622e1d-58ae-53d3-be8f-d032622b49d0,92fc54c8-1b01-5d5e-bb83-8fa53cdae8c2,DGTD,2026,50,tuyensinh247
1897c747-150f-5240-8214-e1004d9823b5,92fc54c8-1b01-5d5e-bb83-8fa53cdae8c2,THPT,2026,50,tuyensinh247
3f2628e3-ca61-5143-92eb-79b1d96f2dc2,92fc54c8-1b01-5d5e-bb83-8fa53cdae8c2,XTT,2026,50,tuyensinh247
1c10fdf1-b9d0-5325-af2b-3b244f5b04cd,28d829f7-83d9-583f-8321-b3cc28d7e1e1,DGNL_HN,2026,50,tuyensinh247
9408a056-65ea-54d6-837e-9c5e1442b3a1,28d829f7-83d9-583f-8321-b3cc28d7e1e1,DGTD,2026,50,tuyensinh247
861a0f83-3380-5fc8-afe6-f280a90f4ed2,28d829f7-83d9-583f-8321-b3cc28d7e1e1,THPT,2026,50,tuyensinh247
cb9444c3-f9ba-52cf-9304-bf872ff033b6,28d829f7-83d9-583f-8321-b3cc28d7e1e1,XTT,2026,50,tuyensinh247
2020112d-59f4-5a46-b4ec-4fcc28bef3a1,4120d91e-608d-5235-bc40-25e86016c393,DGNL_HN,2026,100,tuyensinh247
8a26d170-9b7a-563e-9fa3-895fde5dfdc8,4120d91e-608d-5235-bc40-25e86016c393,DGTD,2026,100,tuyensinh247
dd6c6d70-32a0-5b6e-8e89-802013c40e6e,4120d91e-608d-5235-bc40-25e86016c393,THPT,2026,100,tuyensinh247
ec78f385-1c7b-5d63-8ce7-147472df7e97,4120d91e-608d-5235-bc40-25e86016c393,XTT,2026,100,tuyensinh247
f324167f-f964-5554-be6f-6a39eed5baee,f3b2de56-4a65-5a14-b8b2-de7033b70b4e,DGNL_HN,2026,30,tuyensinh247
95ab1c30-7ad0-523c-88eb-fb5027af3dfd,f3b2de56-4a65-5a14-b8b2-de7033b70b4e,DGTD,2026,30,tuyensinh247
c4edb56d-d157-5898-8ec8-f0438a1c4607,f3b2de56-4a65-5a14-b8b2-de7033b70b4e,THPT,2026,30,tuyensinh247
f73fb2b8-4f60-5326-9cff-7b3ea10607e4,f3b2de56-4a65-5a14-b8b2-de7033b70b4e,XTT,2026,30,tuyensinh247
e8562a35-0497-52e6-b0d4-89dfecfa5dc5,7e12aca4-595c-5799-9784-9bf994e62444,DGNL_HN,2026,150,tuyensinh247
c83acb87-d246-5996-b01e-ad41ad08f9e3,7e12aca4-595c-5799-9784-9bf994e62444,DGTD,2026,150,tuyensinh247
1e1555ad-526a-543f-933f-798668f5d975,7e12aca4-595c-5799-9784-9bf994e62444,THPT,2026,150,tuyensinh247
728e7f5c-400f-5440-84c6-6047237b1f4a,7e12aca4-595c-5799-9784-9bf994e62444,XTT,2026,150,tuyensinh247
5fb8c915-1b84-5840-97c6-97c61952b96f,b79c566a-2ed9-58a1-a81b-3d08dd8d2ec9,DGNL_HN,2026,50,tuyensinh247
8b37ab81-e7a8-5ce1-8a71-af3f22ecc9a1,b79c566a-2ed9-58a1-a81b-3d08dd8d2ec9,DGTD,2026,50,tuyensinh247
f6a32d26-90ca-5fed-9dbf-bc11aa079ab3,b79c566a-2ed9-58a1-a81b-3d08dd8d2ec9,THPT,2026,50,tuyensinh247
85e66e78-9be7-5e91-9f97-89db10d632a7,b79c566a-2ed9-58a1-a81b-3d08dd8d2ec9,XTT,2026,50,tuyensinh247
c38c5a30-0d65-5627-b813-87d6d72de628,493004b8-43dc-5c7d-a2e7-3d26ef80a3a4,DGNL_HN,2026,100,tuyensinh247
e83f02cd-b4c5-5396-98fb-092eb62c8e20,493004b8-43dc-5c7d-a2e7-3d26ef80a3a4,DGTD,2026,100,tuyensinh247
4d800190-e95a-5aff-9820-65bc75a1058b,493004b8-43dc-5c7d-a2e7-3d26ef80a3a4,THPT,2026,100,tuyensinh247
d4585c6a-3da1-56ce-a63e-f048f8b1f80e,493004b8-43dc-5c7d-a2e7-3d26ef80a3a4,XTT,2026,100,tuyensinh247
ccc2e982-9bf3-5f73-8057-9d88b93fa41a,0ac6f2c9-a458-5208-81f9-06609edfbac1,DGNL_HN,2026,450,tuyensinh247
0bcaa53f-9728-5d91-9d1b-fc667096d48d,0ac6f2c9-a458-5208-81f9-06609edfbac1,DGTD,2026,450,tuyensinh247
9e9a9a20-d2b1-518c-9d75-3364d99afab9,0ac6f2c9-a458-5208-81f9-06609edfbac1,THPT,2026,450,tuyensinh247
9b42c6e1-e21d-5b04-9477-dfad028b025c,0ac6f2c9-a458-5208-81f9-06609edfbac1,XTT,2026,450,tuyensinh247
ca202623-411c-531d-8389-0b038f9773d6,e798b587-5d16-56c0-a999-f64c842ebf1c,DGNL_HN,2026,100,tuyensinh247
e7576c10-4f55-5998-baa6-00e0d51d3c20,e798b587-5d16-56c0-a999-f64c842ebf1c,DGTD,2026,100,tuyensinh247
c4f25d95-f764-5914-ae49-5859327a96b9,e798b587-5d16-56c0-a999-f64c842ebf1c,THPT,2026,100,tuyensinh247
46b8842f-1783-5213-8c3c-1a68ca5cc0ff,e798b587-5d16-56c0-a999-f64c842ebf1c,XTT,2026,100,tuyensinh247
393b8d92-117b-5deb-8544-0345e01b84bd,6b413116-990b-5797-ade4-b181923005ae,DGNL_HN,2026,100,tuyensinh247
897e776c-bf53-53f4-9cff-eef7d31abd09,6b413116-990b-5797-ade4-b181923005ae,DGTD,2026,100,tuyensinh247
33b7dcad-1c5c-5146-967c-38dcf65bdba6,6b413116-990b-5797-ade4-b181923005ae,THPT,2026,100,tuyensinh247
1d0b994f-a804-5a1c-a68b-a0b98da1cdbe,6b413116-990b-5797-ade4-b181923005ae,XTT,2026,100,tuyensinh247
91aa3d5d-365c-564e-bfd2-82fb7d56eb2a,2e02ea82-140d-551a-85f5-6ed3b655715e,DGNL_HN,2026,100,tuyensinh247
ffe6f413-a397-5ed8-9035-f2dd9e3b37c2,2e02ea82-140d-551a-85f5-6ed3b655715e,DGTD,2026,100,tuyensinh247
ad01bd50-13aa-5af7-8f5d-560b1114ff1b,2e02ea82-140d-551a-85f5-6ed3b655715e,THPT,2026,100,tuyensinh247
35041058-6354-5cfb-b8af-c375a4730101,2e02ea82-140d-551a-85f5-6ed3b655715e,XTT,2026,100,tuyensinh247
6bc3aae8-4290-57d8-8d55-b8a4d88f63e9,3731c9ca-6993-5a21-a6f7-6b84a9c7d5d8,DGNL_HN,2026,50,tuyensinh247
947d92ca-1a5f-565f-97ab-0e675d668a29,3731c9ca-6993-5a21-a6f7-6b84a9c7d5d8,DGTD,2026,50,tuyensinh247
39c18366-6e90-5bf2-a349-00555e264978,3731c9ca-6993-5a21-a6f7-6b84a9c7d5d8,THPT,2026,50,tuyensinh247
7335a5ce-afc6-58cc-adda-36aa826e1e4b,3731c9ca-6993-5a21-a6f7-6b84a9c7d5d8,XTT,2026,50,tuyensinh247
f53c64ca-312e-536a-8de9-b63558f0bb0a,b43173b7-07d6-5806-bb87-ef87c1ddb0c5,DGNL_HN,2026,88,tuyensinh247
fa3b1b5a-5ce8-56e3-8e90-9af8048c2e6e,b43173b7-07d6-5806-bb87-ef87c1ddb0c5,THPT,2026,88,tuyensinh247
5e542a79-da12-59a0-a7fe-519e0a67fdce,b43173b7-07d6-5806-bb87-ef87c1ddb0c5,XTT,2026,88,tuyensinh247
297aef25-d6f5-51f9-b170-11b9a09b1456,f92cf150-70db-5126-b1d2-1e6bec7137e4,DGNL_HN,2026,440,tuyensinh247
5bde8429-219d-5139-b3a6-adfea1953af5,f92cf150-70db-5126-b1d2-1e6bec7137e4,THPT,2026,440,tuyensinh247
297fee91-cf6f-5066-9e89-a81b9aefd3a1,8b1b65ce-64fc-5789-b058-7ad1c0e9d28c,DGNL_HN,2026,150,tuyensinh247
8e7f73d8-b03e-5a66-a9a1-22ef4e3ee66d,8b1b65ce-64fc-5789-b058-7ad1c0e9d28c,THPT,2026,150,tuyensinh247
9e2a1a9c-5942-52fd-9503-ce38d8a85962,448188bc-c131-52b1-a4cb-bb2c64f01688,DGNL_HN,2026,100,tuyensinh247
c74a5692-fe3a-5938-9725-ff2a04cc7ee6,448188bc-c131-52b1-a4cb-bb2c64f01688,THPT,2026,100,tuyensinh247
3bbd9350-a1f3-5d22-a0b9-8bd72c376fba,5d7f3729-c0f1-5261-972b-76ebc1f24a47,DGNL_HN,2026,80,tuyensinh247
0e122c7a-d185-56a3-8faa-610f0235d565,5d7f3729-c0f1-5261-972b-76ebc1f24a47,THPT,2026,80,tuyensinh247
550ce774-2afc-52b2-97e0-f79044ffebe9,ed957d1f-8c99-570a-af17-b006f086965d,DGNL_HN,2026,130,tuyensinh247
42591e27-8a60-5efc-bd6e-82d3ac3341a3,ed957d1f-8c99-570a-af17-b006f086965d,THPT,2026,130,tuyensinh247
d33d86e9-908e-5935-826b-29bfc3ac6265,ed957d1f-8c99-570a-af17-b006f086965d,XTT,2026,130,tuyensinh247
2b416513-3ba9-5796-adcf-6d303e19231d,9ca06764-1388-5f95-8fc0-3e9a71d13e6e,DGNL_HN,2026,100,tuyensinh247
8bf23054-b56c-51f3-bdd8-dc2ecc867c55,9ca06764-1388-5f95-8fc0-3e9a71d13e6e,THPT,2026,100,tuyensinh247
8a0d491d-fdfa-5d37-a67e-d1e23dcc6d4f,9ca06764-1388-5f95-8fc0-3e9a71d13e6e,XTT,2026,100,tuyensinh247
34701131-30fe-57eb-ae96-f9cfda80b720,8c2af845-5717-5f4c-8bc9-35ac3f9fa698,DGNL_HN,2026,70,tuyensinh247
2caa2386-530f-52f1-bce4-1f3a2e67821f,8c2af845-5717-5f4c-8bc9-35ac3f9fa698,THPT,2026,70,tuyensinh247
bf59aec3-86c8-5d3f-8fa8-019f449a750b,8c2af845-5717-5f4c-8bc9-35ac3f9fa698,XTT,2026,70,tuyensinh247
933dcd95-5532-5558-b54e-375f2fe1e288,37f05319-fe2b-5162-8693-80bba7403adf,DGNL_HN,2026,110,tuyensinh247
7d778fc2-372e-539f-8dfd-59ede4d32d1c,37f05319-fe2b-5162-8693-80bba7403adf,THPT,2026,110,tuyensinh247
46f94f69-2e46-5433-ad5a-1f8079134766,37f05319-fe2b-5162-8693-80bba7403adf,XTT,2026,110,tuyensinh247
30dcb18b-83ea-5523-95a0-ea7a479fd8d5,7217f3c8-061e-5b6b-acb3-80b973244b31,DGNL_HN,2026,120,tuyensinh247
47eb4941-410a-5c86-b044-390611055711,7217f3c8-061e-5b6b-acb3-80b973244b31,THPT,2026,120,tuyensinh247
6d58656f-c831-5a08-9837-a2b00905ad2c,a3b929a1-ed50-5e9f-9337-77d9b122e8a8,DGNL_HN,2026,50,tuyensinh247
e01fffdc-0988-50d4-b0ec-896605fbd739,a3b929a1-ed50-5e9f-9337-77d9b122e8a8,THPT,2026,50,tuyensinh247
72af4520-be93-59e1-8a8d-ce1a08037ac2,a3b929a1-ed50-5e9f-9337-77d9b122e8a8,XTT,2026,50,tuyensinh247
a163be27-729b-559f-9247-21e3ca0bd27c,1ea4cf3b-2ba3-51e4-b6ac-f42e998ae781,DGNL_HN,2026,80,tuyensinh247
682f6e79-a5d1-5ecf-9d4d-b57d8976d1ec,1ea4cf3b-2ba3-51e4-b6ac-f42e998ae781,THPT,2026,80,tuyensinh247
290eb7be-47f3-5d41-9b13-e535a927d82b,1ea4cf3b-2ba3-51e4-b6ac-f42e998ae781,XTT,2026,80,tuyensinh247
2021e736-038d-5970-ac27-7d05f64ee8e1,711a3be1-b11d-5edb-bd97-1953fd9c6e8b,DGNL_HN,2026,80,tuyensinh247
b2ad4af5-c86d-58ea-8195-67ef2745cee3,711a3be1-b11d-5edb-bd97-1953fd9c6e8b,THPT,2026,80,tuyensinh247
91c4a277-04b1-5c95-8278-7d802f8276cb,711a3be1-b11d-5edb-bd97-1953fd9c6e8b,XTT,2026,80,tuyensinh247
ea195494-28ae-5b2d-935a-dff4741877f3,bdac30c9-663c-5a0c-8d8b-7b91179388ed,DGNL_HN,2026,100,tuyensinh247
b05f0c80-cc72-5c5d-a2c3-1685962108b9,bdac30c9-663c-5a0c-8d8b-7b91179388ed,THPT,2026,100,tuyensinh247
60614dbc-e78b-5e79-b16d-6e1f562eaff1,bdac30c9-663c-5a0c-8d8b-7b91179388ed,XTT,2026,100,tuyensinh247
ddff94b8-ad42-5293-9f17-6116fc4bc956,17aafacc-1d09-5ab4-93c6-ccec28930b56,DGNL_HN,2026,50,tuyensinh247
1d5988ff-61aa-5ff6-8879-34bc1e0e4b5d,17aafacc-1d09-5ab4-93c6-ccec28930b56,THPT,2026,50,tuyensinh247
81bcccb4-9fbd-5ec9-920f-3f9249d0db58,17aafacc-1d09-5ab4-93c6-ccec28930b56,XTT,2026,50,tuyensinh247
9837336d-91c2-5c1e-bc60-e43d29dbbd18,6ba62e58-83d0-5ff8-b7af-f9fa92d55bb3,DGNL_HN,2026,70,tuyensinh247
15b00fbd-ef0d-5ae1-b34b-c0372a27bc20,6ba62e58-83d0-5ff8-b7af-f9fa92d55bb3,THPT,2026,70,tuyensinh247
55f77a65-c8b1-5c83-8123-b2aa682ec0f4,6ba62e58-83d0-5ff8-b7af-f9fa92d55bb3,XTT,2026,70,tuyensinh247
cba5bcda-94da-5e46-934a-5dd682b8bf8a,d9db58ae-82c9-539d-aafb-9964e2e5b1d0,DGNL_HN,2026,70,tuyensinh247
66c07d35-9f10-5aaa-961d-b552c0d4baa3,d9db58ae-82c9-539d-aafb-9964e2e5b1d0,THPT,2026,70,tuyensinh247
62f7853f-690a-516d-8d88-ebecde042233,d9db58ae-82c9-539d-aafb-9964e2e5b1d0,XTT,2026,70,tuyensinh247
4021fb25-f475-5e98-afab-04c830c70cc2,28cd49fb-aed3-5ab8-a526-8ea02560da1d,DGNL_HN,2026,80,tuyensinh247
6cd22713-f347-5578-bda2-1f2687b94df8,28cd49fb-aed3-5ab8-a526-8ea02560da1d,THPT,2026,80,tuyensinh247
17369126-06ea-53ce-886d-e56ce2f79d0b,28cd49fb-aed3-5ab8-a526-8ea02560da1d,XTT,2026,80,tuyensinh247
e1289741-8731-56d8-a14a-f19bddd7d4f5,957df61d-6e25-5407-9575-7d8ff7ee3a0e,DGNL_HN,2026,80,tuyensinh247
3ab88bfd-8da8-5bf9-8a64-c954f3e966bd,957df61d-6e25-5407-9575-7d8ff7ee3a0e,THPT,2026,80,tuyensinh247
05f3d2c6-5511-58ba-88fc-811b34e7fdc7,957df61d-6e25-5407-9575-7d8ff7ee3a0e,XTT,2026,80,tuyensinh247
6a062b2b-7800-55a9-afee-8d0453f5fc1c,e5a81633-62ba-5ee9-95aa-dd2c14bbb36a,DGNL_HN,2026,60,tuyensinh247
2a8b2df9-74a6-5812-994f-a172398ca916,e5a81633-62ba-5ee9-95aa-dd2c14bbb36a,THPT,2026,60,tuyensinh247
a1af0662-9dad-5880-8866-75940779a244,e5a81633-62ba-5ee9-95aa-dd2c14bbb36a,XTT,2026,60,tuyensinh247
a7ebe98e-2a21-549a-869d-8c118759370c,3fc59f8f-a13d-5afe-a6dc-66e271a9fee7,DGNL_HN,2026,,tuyensinh247
6f2d2b5d-0f7c-5695-8452-b31ffa044f56,3fc59f8f-a13d-5afe-a6dc-66e271a9fee7,DGTD,2026,,tuyensinh247
fbf152e8-2bbe-5c9b-9e83-e81264209a2f,3fc59f8f-a13d-5afe-a6dc-66e271a9fee7,HBA,2026,,tuyensinh247
1cc2d33d-bea8-5a97-a38d-e067e25b615d,3fc59f8f-a13d-5afe-a6dc-66e271a9fee7,THPT,2026,,tuyensinh247
a718ac37-76e3-5f0c-8045-51c4d4073f0b,411a6eae-0769-5942-9864-1dd4d3e8318f,DGNL_HN,2026,,tuyensinh247
4a41a2c4-372e-5c52-a5d4-76bdde3b685d,411a6eae-0769-5942-9864-1dd4d3e8318f,DGTD,2026,,tuyensinh247
086fb69a-25ae-5f61-8d5b-3fb69c786eb6,411a6eae-0769-5942-9864-1dd4d3e8318f,HBA,2026,,tuyensinh247
d6b2af4c-f2f5-583c-b105-13a8324a2bd5,411a6eae-0769-5942-9864-1dd4d3e8318f,THPT,2026,,tuyensinh247
fd5a3635-91a2-5713-87ba-2527eee3df70,68db63fb-6806-527b-83ef-1d80caffcb32,DGNL_HN,2026,,tuyensinh247
9c45155f-2e6f-53e8-b2fd-c26ff3dcf472,68db63fb-6806-527b-83ef-1d80caffcb32,DGTD,2026,,tuyensinh247
f626e39d-b1bd-5022-9c0b-3f64823241a0,68db63fb-6806-527b-83ef-1d80caffcb32,HBA,2026,,tuyensinh247
8ef1b561-3f1c-5264-9f05-b1f97ba2d352,68db63fb-6806-527b-83ef-1d80caffcb32,THPT,2026,,tuyensinh247
5d24432d-4fcd-5766-afc3-a80c83844948,5a851817-62dd-5e52-86da-c495a52f2037,DGNL_HN,2026,,tuyensinh247
3990919c-6695-506a-9b42-a612812cd3dc,5a851817-62dd-5e52-86da-c495a52f2037,DGTD,2026,,tuyensinh247
7ef7835f-162e-508f-b1ed-d0a5209c4128,5a851817-62dd-5e52-86da-c495a52f2037,HBA,2026,,tuyensinh247
d1ff9011-2482-5e07-a128-c4037edd3adf,5a851817-62dd-5e52-86da-c495a52f2037,THPT,2026,,tuyensinh247
5c2f5809-eef4-5f5c-b4a8-106f4770d2b9,a7609784-5b3d-554c-ae1b-22f31783f074,DGNL_HN,2026,70,tuyensinh247
aebf3989-acbe-5bb1-81e6-fc535ababd7a,a7609784-5b3d-554c-ae1b-22f31783f074,DGTD,2026,70,tuyensinh247
6d4c8645-6442-533d-bce3-823e62884c54,a7609784-5b3d-554c-ae1b-22f31783f074,THPT,2026,70,tuyensinh247
d526067b-6ea5-55c4-86e2-395c36d40eb1,9bf86c6b-afd7-5e4b-9861-b072bc1aab2e,DGNL_HN,2026,160,tuyensinh247
a5ac040c-3329-58bf-a69d-eadbc98c9c68,9bf86c6b-afd7-5e4b-9861-b072bc1aab2e,THPT,2026,160,tuyensinh247
f4f47aa2-15a3-5ea8-9015-5bf3b470de73,53e180d4-a917-5f74-8e9c-575efc668455,DGNL_HN,2026,230,tuyensinh247
29ecf49f-5d58-5faf-8535-910beba6f1d9,53e180d4-a917-5f74-8e9c-575efc668455,THPT,2026,230,tuyensinh247
3ce989f9-3c53-55ef-93f8-cb63f189b766,08d97b08-4f14-5d24-a9e7-7ffbc136dbfe,DGNL_HN,2026,165,tuyensinh247
f6ce0046-b616-53cb-85f5-253d4559c403,08d97b08-4f14-5d24-a9e7-7ffbc136dbfe,THPT,2026,165,tuyensinh247
29afd9c9-15e2-5d88-bdc7-311a7c78caff,ffc7156f-86e7-5dc5-8461-b6e9ab94304a,DGNL_HN,2026,220,tuyensinh247
2140b399-019c-5b78-89e0-1c3e75db41ce,ffc7156f-86e7-5dc5-8461-b6e9ab94304a,THPT,2026,220,tuyensinh247
81971f40-36b8-5fc4-af17-ea8251861bd8,297a2b15-b8b3-50a8-a5ef-67743a3b99fd,DGNL_HN,2026,105,tuyensinh247
cbf444d0-60cc-5075-b6a7-8b1823fe2d6b,297a2b15-b8b3-50a8-a5ef-67743a3b99fd,THPT,2026,105,tuyensinh247
