id,university_short_name,program_source_code,major_code,subject_group_code
730a22ae-9942-4267-bf67-40850b9f9fd4,CSH,7860100,7860100,A00
74931ec7-14fc-4db0-88f1-7c74fdfdaab7,CSH,7860100,7860100,C03
6392c2a0-db4b-4899-8d00-9c390429a882,CSH,7860100,7860100,D01
c2677d91-888c-48a5-aed2-e8893e8ebcea,CSH,7860100,7860100,A01
41ffb5c4-ee36-4ee4-855b-9072810bb1b6,CSH,7860100_Nam_1,7860100,A00
72de937b-e129-4f83-abad-1f2ba8601546,CSH,7860100_Nam_1,7860100,A01
00120517-7139-4ce7-aecd-fbe59750a168,CSH,7860100_Nam_1,7860100,C03
abffe544-a021-4b83-adf2-e46c3827e772,CSH,7860100_Nam_1,7860100,D01
6d089dfb-5882-46e4-9c3f-41da16d5cee8,CSH,7860100_Nam_2,7860100,A00
4be2f870-76fe-457a-9e45-6cd1fd1c1b0b,CSH,7860100_Nam_2,7860100,A01
238a154d-541e-4928-a583-56590b1c39c3,CSH,7860100_Nam_2,7860100,C03
a7b2883f-5504-42c8-97cc-978de42662ae,CSH,7860100_Nam_2,7860100,D01
d6be2033-6258-4526-9405-af2256597254,CSH,7860100_Nam_3,7860100,A00
ae205c51-cff3-48ec-b79b-88848b18fbdc,CSH,7860100_Nam_3,7860100,A01
b5bcdd18-47cf-463f-ab06-f17a8a3a7124,CSH,7860100_Nam_3,7860100,C03
0cd52281-d709-457d-8a5f-1fc926bcfa3c,CSH,7860100_Nam_3,7860100,D01
5424fa7d-d2b0-48b6-a072-4b6287a3dfc7,CSH,7860100_Nam_8,7860100,A00
37d99f7b-a764-432d-9a4e-37c3497f38a5,CSH,7860100_Nam_8,7860100,A01
ed6dbcfd-8908-40b4-a518-5cfea9163a81,CSH,7860100_Nam_8,7860100,C03
db6da551-459d-4265-b147-b541ef4ce976,CSH,7860100_Nam_8,7860100,D01
ef2d4bce-b809-4646-9c21-7bec7318a01e,CSH,7860100_Nu_1,7860100,A00
b75e2e06-5844-4688-b1f6-ac260e78ca94,CSH,7860100_Nu_1,7860100,A01
e7f36482-ebaf-4279-b087-12ceb400a833,CSH,7860100_Nu_1,7860100,C03
bea52f19-f501-420d-a3f3-0e4e9894af1f,CSH,7860100_Nu_1,7860100,D01
b1a002ae-6179-450c-852c-20e5b6d862a4,CSH,7860100_Nu_2,7860100,A00
06deb4d3-f5e6-40cb-9646-eac06e2c06a3,CSH,7860100_Nu_2,7860100,A01
4566d8f7-39fb-4fd0-bed7-dac0f25b1439,CSH,7860100_Nu_2,7860100,C03
a913b284-8a1e-4494-868f-26bae2432354,CSH,7860100_Nu_2,7860100,D01
4c83a147-0069-4c91-a1cc-4107d1cd4012,CSH,7860100_Nu_3,7860100,A00
07f2c5ea-b697-48d5-b0e4-108244cce1d5,CSH,7860100_Nu_3,7860100,A01
3378c26b-e288-41f6-b5b5-0cc0b78644ef,CSH,7860100_Nu_3,7860100,C03
cd628d2d-c01a-4bae-932b-5078aced3125,CSH,7860100_Nu_3,7860100,D01
6537da1d-2ada-41b4-a48b-e8cf007e7e6a,CSH,7860100_Nu_8,7860100,A00
63f02382-6cea-4c83-9131-0cb464f69c34,CSH,7860100_Nu_8,7860100,A01
802f2bbf-b9a7-4aa6-a46c-58bb276e2462,CSH,7860100_Nu_8,7860100,C03
6346eb9b-dfd6-4729-93fe-78d37685ef58,CSH,7860100_Nu_8,7860100,D01
31651455-a3ab-4c39-ba00-196e447a8135,CSH,7860100_Nam_1,7860100,X02
28efda8b-4c20-4850-8fdf-7286de28650a,CSH,7860100_Nam_1,7860100,X03
3fea0ae9-a684-4f4e-b7e0-36fa0593df3c,CSH,7860100_Nam_1,7860100,X04
e9467ad6-de1b-4d72-9510-d4c0f3b652ee,CSH,7860100_Nam_2,7860100,X02
32dac0b3-4c0e-4a08-b7d2-ead591f51905,CSH,7860100_Nam_2,7860100,X03
2969b9a8-4196-46c3-b364-11873566f089,CSH,7860100_Nam_2,7860100,X04
1c0ecdf8-2f4f-4d7f-b55c-3f8c4d539a20,CSH,7860100_Nam_3,7860100,X02
1cdd2ab2-5a7f-404a-a414-8f7d92a8b662,CSH,7860100_Nam_3,7860100,X03
984c7591-e332-41b1-a92c-091a0572bf72,CSH,7860100_Nam_3,7860100,X04
fe9531c0-7ade-4aa9-9bde-d6835493c2fd,CSH,7860100_Nam_8,7860100,X02
6aea8315-8bc4-4406-bb46-f436f6ea6629,CSH,7860100_Nam_8,7860100,X03
b0fd5412-07d0-4c10-bd2f-3d072fe9971c,CSH,7860100_Nam_8,7860100,X04
0e87e456-65dd-4b4f-8cd2-9dcbf37b8d87,CSH,7860100_Nu_1,7860100,X02
67464dfd-b2e6-45eb-a4f0-98431fda1a87,CSH,7860100_Nu_1,7860100,X03
73d0552e-28f5-4b01-b8ea-500875f893dd,CSH,7860100_Nu_1,7860100,X04
7398baec-bad4-4ac4-b70b-7ac18298b7c6,CSH,7860100_Nu_2,7860100,X02
f25f9b9c-5231-4b0a-a167-cf3a7523dedf,CSH,7860100_Nu_2,7860100,X03
7fba3b84-d158-4c8c-9648-6662c9e44d70,CSH,7860100_Nu_2,7860100,X04
2d073735-9ea9-49a0-8a41-1eb58b08c3ee,CSH,7860100_Nu_3,7860100,X02
f48e638b-029e-4e86-aa07-f920e6a47a4a,CSH,7860100_Nu_3,7860100,X03
b96dacc3-be99-4a17-a54a-3414b04f9d08,CSH,7860100_Nu_3,7860100,X04
48cfcd05-3b3c-4f84-aa53-49046096357d,CSH,7860100_Nu_8,7860100,X02
945c69d9-6de3-4aac-9ecc-e99823ef614f,CSH,7860100_Nu_8,7860100,X03
e566b4ab-0495-45ec-8c85-0bd8b1bc39c2,CSH,7860100_Nu_8,7860100,X04
64d624ee-077c-453a-941f-9c792062a58b,ANH,7480202,7480202,A00
893488b9-efcf-41e3-8084-ba24331f27a1,ANH,7480202,7480202,A01
032beed4-0fae-42d0-9cd0-dd716ee2e36e,ANH,7720101,7720101,B00
f06a6221-ee6a-422f-a362-85cbabe29b74,ANH,7860100,7860100,A00
ea299d64-e1e3-46aa-ace2-fa047f3ace36,ANH,7860100,7860100,C03
93876820-eea0-46b3-9733-87b37e220f4d,ANH,7860100,7860100,A01
70ad4a61-1e98-4333-9d9a-ea6024f051de,ANH,7860100,7860100,D01
e5da8003-dd49-449a-9deb-de158f942dd3,ANH,7480201_Nam,7480201,A00
e7e7160f-adec-4604-9dac-acbd1a03a7c2,ANH,7480201_Nam,7480201,A01
27e5db73-ffb0-4845-b11c-f49d84608838,ANH,7720101_Nam,7720101,A00
7c3d26a3-ccf8-4d73-a929-aec44ceffbbd,ANH,7720101_Nam,7720101,B00
f52f0fae-9c92-4514-9505-9d19cf88a152,ANH,7720101_Nu,7720101,A00
05366ea7-50f5-4f88-bf2c-c8dabe1fac2b,ANH,7720101_Nu,7720101,B00
e0e1b155-bdb7-4222-88c1-9479a68db39d,ANH,7860100_Nam_1,7860100,A00
a63d290b-45f4-4b5e-b3bc-6ca0cb41a93d,ANH,7860100_Nam_1,7860100,A01
4e5fd9cc-e31b-4e07-9205-ef00180109c1,ANH,7860100_Nam_1,7860100,C03
b7da8fa8-c830-4b9d-bbdb-e0ad43b7aa68,ANH,7860100_Nam_1,7860100,D01
86eda629-25fd-431f-a69a-d63a01731542,ANH,7860100_Nam_2,7860100,A00
709e28d9-7eed-4dd7-b193-afd8f2de6753,ANH,7860100_Nam_2,7860100,A01
145b1097-d20e-4b56-9ede-6c01de91fbb8,ANH,7860100_Nam_2,7860100,C03
e0595a32-d657-4a19-ae32-4d455cba3211,ANH,7860100_Nam_2,7860100,D01
c1e85726-3c77-4406-aee5-11752de1c677,ANH,7860100_Nam_3,7860100,A00
19ced3d2-781c-4d95-9c5e-cb2901749800,ANH,7860100_Nam_3,7860100,A01
31aaf29e-2b6e-45ae-9b2b-6f0f3050ee1d,ANH,7860100_Nam_3,7860100,C03
bfc148d0-2a6a-4d95-8542-17e5044bd8a9,ANH,7860100_Nam_3,7860100,D01
201be08c-6f60-42ba-87d2-a992d22b0a4d,ANH,7860100_Nam_8,7860100,A00
e41f338e-9212-4c0e-a2d3-ad932960952f,ANH,7860100_Nam_8,7860100,A01
a3bf7e09-5dd4-4dbf-8d14-8c9d400f0403,ANH,7860100_Nam_8,7860100,C03
9e63755c-9c46-4c90-94fd-1bff941c0dd9,ANH,7860100_Nam_8,7860100,D01
403fae5b-4b61-48c7-af45-e73d09e83933,ANH,7860100_Nu_1,7860100,A00
a772973a-be95-4ca0-9dfb-5dfdf4c4e807,ANH,7860100_Nu_1,7860100,A01
59c16272-f0ea-4f63-8bcb-15f334557f71,ANH,7860100_Nu_1,7860100,C03
45512d27-34b2-4618-826b-8284cb65a2c1,ANH,7860100_Nu_1,7860100,D01
5adf214b-8323-4014-b5b2-c28e14cf3e59,ANH,7860100_Nu_2,7860100,A00
129c51ad-4d1f-4847-95fe-fe2805e1a571,ANH,7860100_Nu_2,7860100,A01
baf8e6c8-89b5-4f51-ad66-c11f5fc48bc3,ANH,7860100_Nu_2,7860100,C03
4ef7de33-dede-40a8-a1b3-e14c1ca009d1,ANH,7860100_Nu_2,7860100,D01
a57957c0-c5be-4828-b134-bab2d42f06fd,ANH,7860100_Nu_3,7860100,A00
ae0ec7cd-1bad-453c-a54b-da88f56a8608,ANH,7860100_Nu_3,7860100,A01
b4d6dfc5-49ab-4e55-9ce3-a8d4f847604f,ANH,7860100_Nu_3,7860100,C03
7437498a-3807-46d7-b656-d20801223a6d,ANH,7860100_Nu_3,7860100,D01
bb71b2c8-9ff4-40be-b16e-60266da3a9c5,ANH,7860100_Nu_8,7860100,A00
9547d65f-d7ee-413a-8f75-b38b72b09c87,ANH,7860100_Nu_8,7860100,A01
121c8403-535b-4b2e-b7a1-b5ca007b5509,ANH,7860100_Nu_8,7860100,C03
4d6aae1b-6b72-472a-8807-1c9058773dc6,ANH,7860100_Nu_8,7860100,D01
c4d4028b-1f64-4d67-9561-62b484dae27e,ANH,7860114_Nam_B,7860114,A00
1aea1fd0-7dc5-4e05-8d07-aad0c309224f,ANH,7860114_Nam_B,7860114,A01
5359a6f8-101f-4555-921a-c60ca00126f4,ANH,7860114_Nam_N,7860114,A00
b3e3fdef-109d-40ea-853b-bed682610f54,ANH,7860114_Nam_N,7860114,A01
fd1e9954-884d-4e0c-a88d-f2df5cdc27db,ANH,7860114_Nu_B,7860114,A00
e72fe0cb-5c67-46bf-bb58-eac8efe743c7,ANH,7860114_Nu_B,7860114,A01
f7de2bea-2138-44cd-8d7d-7a44aa6c4969,ANH,7860114_Nu_N,7860114,A00
fab9621d-89e4-4769-8fca-8fea60d351d8,ANH,7860114_Nu_N,7860114,A01
a0f3a38a-b12e-4cff-a0af-4062c8b7b9f6,ANH,7480201_Nam,7480201,X26
127f669c-6e1b-42ae-b91a-c0ec36e2193a,ANH,7480201_Nam,7480201,X27
0b4b83fb-1ea7-44eb-b883-41f7c9ddd1f4,ANH,7480201_Nam,7480201,X28
de5aaa61-46e3-486d-8bb4-74a2c7fa3c00,ANH,7860100_Nam_1,7860100,X02
7c13f21d-5706-439f-b248-0ad5d724e47e,ANH,7860100_Nam_1,7860100,X03
026eb9aa-d11d-4c2f-b06c-8d9fc5d16b55,ANH,7860100_Nam_1,7860100,X04
f43b34ac-037a-42e4-8374-6ea90a35b395,ANH,7860100_Nam_2,7860100,X02
4608aef7-5ea9-4eb1-ad35-b920ce91428d,ANH,7860100_Nam_2,7860100,X03
f0fe189d-7d4c-4c19-b2dd-89f10d8ad814,ANH,7860100_Nam_2,7860100,X04
6e3f2565-ddba-4231-8718-ac0ca44c7253,ANH,7860100_Nam_3,7860100,X02
c28eb6fd-b245-407e-88b5-31e97a6201c6,ANH,7860100_Nam_3,7860100,X03
06fff0a0-5d99-40fb-a29e-9c6eb2d7e62e,ANH,7860100_Nam_3,7860100,X04
4394c38e-67c0-4c3f-b898-b2e569624ee8,ANH,7860100_Nam_8,7860100,X02
ad66d4db-6694-422c-b4c4-8a7341d33a81,ANH,7860100_Nam_8,7860100,X03
8233d63b-c62b-4d73-983f-904133f2f33a,ANH,7860100_Nam_8,7860100,X04
6b857e92-3cd1-4cfb-8fa2-4e82a12f0a60,ANH,7860100_Nu_1,7860100,X02
5e28f3df-0e7e-415a-9719-a73f75cec2df,ANH,7860100_Nu_1,7860100,X03
99630909-a55a-46ab-84ba-1d36c92d2ad6,ANH,7860100_Nu_1,7860100,X04
869dfc2d-e313-431a-9b65-f5a00eada9ab,ANH,7860100_Nu_2,7860100,X02
accedf09-5dcd-42e9-9628-a8d8e95dc88a,ANH,7860100_Nu_2,7860100,X03
89a9c74b-5984-47df-a39d-b3ef12086797,ANH,7860100_Nu_2,7860100,X04
c9a5d0bd-6e23-45f0-8900-b85ea20c7d20,ANH,7860100_Nu_3,7860100,X02
06c0eb5e-c6b1-4c95-8df1-cfa376000d6b,ANH,7860100_Nu_3,7860100,X03
c71a9b86-ad3f-4ed3-a4fb-3e587d2fed77,ANH,7860100_Nu_3,7860100,X04
8a2c83c8-2dd6-4c0d-8429-7cdad21b2f19,ANH,7860100_Nu_8,7860100,X02
fec7d1ec-6e95-4cda-be7e-22915d664810,ANH,7860100_Nu_8,7860100,X03
97b533d4-908d-46c5-b5ba-8aaa8601b73f,ANH,7860100_Nu_8,7860100,X04
1d80cd15-7ba7-436a-a859-411d52b0a21f,ANH,7860114_Nam_B,7860114,X26
24c92623-0f89-4c8e-8d6a-92bff741edd5,ANH,7860114_Nam_B,7860114,X27
5807eda1-e9ca-4927-852e-df719a97f0ad,ANH,7860114_Nam_B,7860114,X28
2409c1c0-4f1f-4f40-a31a-c7e724085d87,ANH,7860114_Nam_N,7860114,X26
4466e4db-f3eb-4e6d-bce6-16ab1a77329a,ANH,7860114_Nam_N,7860114,X27
8f7ce3f5-ebe5-449b-8a59-2ed6e54e4381,ANH,7860114_Nam_N,7860114,X28
baa163bc-01fc-4667-9ff1-8c23a69ff805,ANH,7860114_Nu_B,7860114,X26
2a9c7cfe-9248-41f2-a04d-73ea092d55a2,ANH,7860114_Nu_B,7860114,X27
7e76af2b-cb0a-41ae-967a-a6c21bb5871d,ANH,7860114_Nu_B,7860114,X28
07d785bd-a43d-4049-99b0-5f6a92d647a6,ANH,7860114_Nu_N,7860114,X26
572961da-b707-4b81-a1a4-d79b7adebb9c,ANH,7860114_Nu_N,7860114,X27
74d7783a-924a-4abc-b345-d01b36801ad4,ANH,7860114_Nu_N,7860114,X28
a0c061be-48c7-4fd4-9e01-0080504a708e,BPH,7380101,7380101,C00
88af2217-c64d-47d9-bebf-428d0de1b633,BPH,7860214,7860214,A01
a47a9ad8-8f18-4958-a956-b537fc86714f,BPH,7860214,7860214,C00
a4f81938-0cb6-4a54-b8bb-5daf841d0775,BPH,7380101_B,7380101,C00
c3ffe9b6-8532-414a-929a-d3782a8d572a,BPH,7380101_N,7380101,C00
4327cea4-b94b-49d5-8c63-3e50b586de8e,BPH,7860214_A01_4,7860214,C03
2b4a86c7-3eb0-4141-8d3f-01843be4807f,BPH,7860214_A01_5,7860214,C03
b239026c-6cb7-47ad-8a87-6f8ade45d9c3,BPH,7860214_A01_7,7860214,C03
68f9cb78-ed6b-49f3-8cf1-6792e4d3bc8c,BPH,7860214_A01_9,7860214,C03
67cd5480-208e-479c-a487-f74d3716e4b5,BPH,7860214_B_A01,7860214,A01
503cfea2-b0b4-4ac8-ad42-65f10a36a1b6,BPH,7860214_B_C00,7860214,C00
82503c49-51bd-41cf-adbe-41e05e180d4f,BPH,7860214_C00_4,7860214,C03
4f1737b3-c9dc-4d19-b8bc-94944a21e58f,BPH,7860214_C00_5,7860214,C03
136aec40-0e08-4125-b4cb-014a4e7d6b25,BPH,7860214_C00_7,7860214,C03
1d195911-72a5-4c79-b164-dda71d5e785c,BPH,7860214_C00_9,7860214,C03
cded054f-456a-450a-bee9-049798dda9b3,BPH,7380101_B_C00,7380101,C00
dd70c18d-9a6d-4539-b92f-e518f29a577e,BPH,7380101_B_C01,7380101,C01
1259670a-60cd-44c7-af0c-346edcb5cbe2,BPH,7380101_B_C01,7380101,D01
336c45e3-12f6-4271-bde4-f7c0877477f5,BPH,7380101_B_C03,7380101,C03
45ceceb0-d7d7-4671-8035-4cc809e58401,BPH,7380101_N_C01,7380101,C01
59bdab4d-b2fc-47ab-b311-877446001c34,BPH,7380101_N_C01,7380101,D01
0f9cfa51-31f6-44e9-8383-e7ae84f200cc,BPH,7380101_N_C03,7380101,C03
5baa7d5b-ae5a-4c2b-8a7c-e7cd5b9e4b00,BPH,7860214_B_C01,7860214,C01
cea27409-5285-4334-8e33-fca700355b15,BPH,7860214_B_C01,7860214,D01
bd290ea9-9313-4e5b-b295-bc417ccacedf,BPH,7860214_B_C03,7860214,C03
038668d9-4ed7-4bfb-bae9-4037514898a6,BPH,7860214_C01_4,7860214,C03
47a7badd-c629-4514-b022-2c0aba235e1e,BPH,7860214_C01_5,7860214,C03
f5c12aa3-816e-4a61-a4de-38c34974012a,BPH,7860214_C01_7,7860214,C03
15a51532-9a87-4deb-b22b-6efecca8983e,BPH,7860214_C01_9,7860214,C03
f7b48f67-63be-48a9-81a3-bbcd72d05c9d,BPH,7860214_C03_4,7860214,C03
b9f36672-e508-4f29-b436-88ac8110c1ec,BPH,7860214_C03_5,7860214,C03
623c92cd-3449-449b-9c15-824522a92b56,BPH,7860214_C03_7,7860214,C03
901a8f5a-6556-470e-b362-5035d9a1a598,BPH,7860214_C03_9,7860214,C03
e7bd455e-ab01-430a-89cf-dba68a01ef4c,BPH,7380101_B,7380101,Q00
a4d0ada7-0ebd-4bce-a2ed-1721dfec2f5f,BPH,7380101_N,7380101,Q00
de4706d9-37af-4412-85a7-908e49cebaf8,BPH,7860214_B,7860214,Q00
1a194c09-f932-4f08-8038-a5b0dbb6d0d5,BPH,7860214_N_4,7860214,Q00
3f7f825f-cc6e-4a5f-a72d-a3fc26067962,BPH,7860214_N_5,7860214,Q00
2bae3601-b5c3-47ed-99ce-b21d5d7dea31,BPH,7860214_N_7,7860214,Q00
2917a768-f576-4a9b-aee0-f7db23e97e20,BPH,7860214_N_9,7860214,Q00
68d5b243-89aa-4e1d-9fa6-05808b491ec1,HBT,522,522,D01
6874e9d8-9f29-491a-a8c9-c1a21f4661d1,HBT,522,522,R22
f1858336-de76-4c72-8cd5-6dae2477fd40,HBT,522,522,A16
d70e894e-9c6f-4dec-9d8f-acb1f8da591a,HBT,522,522,C15
4a5bdfea-8e2d-4e0b-bebd-27a55aa22f67,HBT,523,523,A16
0221d04e-e6ad-4e88-8a0e-bd76d2fa1707,HBT,523,523,D01
c129c918-1346-4cec-80f4-b5d5457f8ced,HBT,523,523,R22
a69e4f37-42af-4ea3-9036-872c8eaaac69,HBT,523,523,C15
ee87ca08-4352-41e3-b220-bef65911775c,HBT,527,527,A16
d0b2845e-b6bb-40e8-8a35-a93ad83fbeab,HBT,527,527,C15
a5cb330e-4d49-4501-81a3-5c0edfa6798e,HBT,527,527,D01
1f1073f9-5190-4a3e-87c9-9cd05e870e76,HBT,527,527,R22
31bbd77b-5184-4380-bcf2-528e9d9cd3e9,HBT,528,528,A16
12e89803-6eab-46dd-bb79-5ead41b89a5c,HBT,528,528,C15
8c48b4f0-485e-4364-9763-0001f091f70c,HBT,528,528,D01
2808883b-cc20-44f4-8fa7-3b5f8849b108,HBT,528,528,R22
f6ece347-d05b-44a1-8caf-1766ffebad4d,HBT,529,529,A16
805f1d1f-dfdc-43c4-92c4-c0b6906e0246,HBT,529,529,C15
f78ccbff-0fc5-4503-a3ed-73ea53b830e2,HBT,529,529,D01
82db4320-924a-4ccc-b731-3874d9cbce5a,HBT,529,529,R22
a6542fdb-8c4b-416b-ade2-a1f144b8acc0,HBT,530,530,A16
a0d56335-f1a2-4738-851a-2e0e5391af5b,HBT,530,530,C15
81363600-b5d7-4959-9aad-df3d8f582ac8,HBT,530,530,D01
21590deb-3ca1-4142-ba54-eab34d34536b,HBT,530,530,R22
d73b8f4c-4bca-4d30-acbc-32008daa15b8,HBT,531,531,A16
eabff150-1653-4b23-8a82-2708184ad9e3,HBT,531,531,C15
b824568b-8f6d-40ce-8ca3-100b8a9033e2,HBT,531,531,D01
4db8ee7b-f436-40e4-b077-80c069d491ef,HBT,531,531,R22
14f8c07e-da72-4487-b0be-7973d9e01aed,HBT,532,532,A16
d23414d7-fdb3-4d50-91d0-8b34e4df63c1,HBT,532,532,C15
11bcabfd-898f-41ee-b0ae-512439c9b995,HBT,532,532,D01
65d7bdf6-6cf0-4325-a6c6-759187f81399,HBT,532,532,R22
59c201da-5384-4dbd-93fb-7769a402594a,HBT,533,533,A16
61aca894-287d-4777-9a71-d5e6368eb94b,HBT,533,533,C15
b3f46774-88e7-42a5-b4f4-67bc10578e14,HBT,533,533,D01
809800b1-8fd4-4871-a102-1698ef9169e2,HBT,533,533,R22
f44258b2-91ab-4ef3-930e-95b15b877062,HBT,535,535,A16
aecc8b01-f609-4eb8-b5aa-b3f53380a42c,HBT,535,535,C15
948b2249-c4b4-4e47-8b95-62619134c269,HBT,535,535,D01
142ad2ab-b866-4e83-861b-29efdf22ad53,HBT,535,535,R22
71964dc2-3237-4043-9fb1-66fc17f9bfb0,HBT,536,536,A16
fa7e9500-8fe3-4cd3-a7af-8d9768fbbe40,HBT,536,536,C15
28d141b0-1a0a-4fb0-a368-bb52fc3eefc6,HBT,536,536,D01
94617507-1a45-4a96-b682-1249b8fd0a4c,HBT,536,536,R22
f9647043-c0d3-417d-ba3f-7b11e6dc46c9,HBT,537,537,A16
d9312a25-1f98-4d3a-a684-9f873c9a8f74,HBT,537,537,C15
e1a8dd7b-db66-45a0-8c00-7b8be600cdab,HBT,537,537,D01
63ce6c7e-36b4-4646-816d-62a9d3cd12ef,HBT,537,537,R22
5f88aca9-e0db-4735-951c-d7d61b3a22c6,HBT,538,538,A16
dbae0051-59d8-4a03-86df-d3f10274f592,HBT,538,538,C15
2f0a70d1-ee2f-4d2b-b5b1-e5986ff7c1f9,HBT,538,538,D01
cf2383bd-262d-4761-8b54-9cf14d2ed204,HBT,538,538,R22
3176b1e3-2777-4aa1-ba06-f62be5c1196a,HBT,602,602,R05
bf70ad95-ca79-4f31-a2dd-20347224f9fa,HBT,602,602,R06
4644da3d-ef0b-4842-bc30-3fbae42b488c,HBT,602,602,R15
e2cbfd12-7f6e-49cc-b13d-72b9fd44b009,HBT,602,602,R19
6d38672d-3b5b-499d-be5f-52c5a1f3bb51,HBT,602,602,R16
be273e1e-3d9c-4e8b-a2c3-4f06a7e1df2c,HBT,603,603,R09
5c111909-6f46-4d65-be55-2e22fe7cbdb0,HBT,603,603,R17
d80e4706-ed89-4512-b31c-487b2ae2141a,HBT,603,603,R07
c22801a4-0707-420f-82af-9d462e9479b4,HBT,603,603,R20
03ea4f00-d31d-4c06-8930-b95c7a0869eb,HBT,603,603,R08
32fb0d82-dbb6-42cd-884d-71fd47f05759,HBT,604,604,R05
fc6bc3c6-1fd2-450a-aace-ad8e47c56241,HBT,604,604,R06
784441aa-96a3-4afa-bad3-755003996443,HBT,604,604,R15
7a130c06-dcb0-4f87-8f77-09c9ce1dcc67,HBT,604,604,R19
158f45f5-8db9-4400-941a-1fae6c09e1c9,HBT,604,604,R16
e088a7ef-52a4-470b-863d-5d9badfb6186,HBT,605,605,R05
38b99fc1-ee18-427f-b3b9-d7280b54d8b9,HBT,605,605,R06
38f145a5-1416-40a5-8341-c73680cfdd6c,HBT,605,605,R15
abe47312-3ef7-4f8b-a12a-7c966f99bebd,HBT,605,605,R19
c2e27159-e032-4963-99e8-7c64b706360e,HBT,605,605,R16
f8201f9c-e7e7-4f0e-ad7f-0c035c8589a8,HBT,606,606,R11
091e2624-94a7-4798-99c3-17f2e9d7768b,HBT,606,606,R12
d8a419b1-0b11-4ba1-8f45-2c389bdb9609,HBT,606,606,R13
7fc6fb80-a76b-46cb-808d-d0da79119e46,HBT,606,606,R21
09eab707-b679-42c0-98dc-7e4f56c03535,HBT,606,606,R18
71285801-e48f-4834-86b2-0e883ba7472e,HBT,607,607,R05
a9f6d455-7869-4df8-8e2f-414e13d7bcb2,HBT,607,607,R06
32468228-eb10-48b3-824c-44ffae857234,HBT,607,607,R15
8f6407f3-f29f-4aeb-becd-cac7a579db89,HBT,607,607,R19
8fee15c1-4d02-4ad4-9bee-1150009a6f0e,HBT,607,607,R16
4061e5ca-c4b0-4b05-b9a3-6ea26e631535,HBT,608,608,R05
75f56c56-0c3c-47e3-99e9-46bb487bd6e1,HBT,608,608,R06
e44f84b7-e779-453f-85ce-01099b98b6bd,HBT,608,608,R15
96e70da7-4684-444f-a2b6-a94c2aa56024,HBT,608,608,R19
3f4923cc-7ce2-44d7-bd95-e954d7720684,HBT,608,608,R16
f7369187-34f0-45c3-a511-35b296c23032,HBT,609,609,R05
5136df4b-07eb-45f3-a381-335f230539e7,HBT,609,609,R06
e7e7891d-5056-4119-9bd3-01151989bdb1,HBT,609,609,R15
21e69c93-1443-4ea6-9d61-bfabae70ddd9,HBT,609,609,R19
6da6bda9-5b1e-4e1d-ad36-968ed6aae04a,HBT,609,609,R16
d4ddb98f-8fe1-4a4d-b35c-b1f81be96903,HBT,610,610,D78
b347fca6-1981-4722-9038-048418f305eb,HBT,610,610,R26
c4c65d7f-2694-4b11-8e0b-71a54266ff9c,HBT,610,610,D01
6a9ded5c-80e5-4d28-bd04-583bc031771e,HBT,610,610,R24
720d1267-1a46-42ed-ad1c-04fecc52c998,HBT,610,610,D72
95b67a16-0111-471d-b90e-9153922b71bc,HBT,610,610,R25
4cf075ad-7940-4c8d-8503-fc52ef32366e,HBT,611,611,D01
7c84368f-3f26-4578-944a-e6b519002c7f,HBT,611,611,R24
1f2774a1-a8d6-4710-af5a-12fed55dba46,HBT,611,611,D72
4567c9ca-abfc-4e3a-939a-3467a161f77e,HBT,611,611,R25
0d08c3f8-a406-4835-8c8b-c77066475884,HBT,611,611,D78
c1d50953-038b-4bde-8fe5-2e473a9b4bfb,HBT,611,611,R26
fbf50042-5b47-4575-80bc-2761dd1fc007,HBT,614,614,D01
3536c3fe-1d76-4192-9675-eabf729cb700,HBT,614,614,R24
6a8bbbb2-1d92-4634-acbf-1966a0a2bd9d,HBT,614,614,D72
de1cc3e7-d9de-490e-a205-af5ca9d5832c,HBT,614,614,R25
92e0f69e-e71b-4644-ae17-aacea0852d48,HBT,614,614,D78
82cc32d9-4128-41f7-b78c-211cf1f6efca,HBT,614,614,R26
2e1b36e0-917e-49e7-9f88-2cf9e38894bc,HBT,615,615,D01
d420a1b5-dadc-4f6d-8356-de5622afe079,HBT,615,615,R24
183c302b-8f3f-4eb5-be50-881da3881687,HBT,615,615,D72
3bbd6932-d7cf-4bbd-b012-a19b6a61b6a2,HBT,615,615,R25
03dc34ad-67f6-4131-bccb-0a3d02c0057b,HBT,615,615,D78
a11e5f64-e521-477d-8e4e-026a57547ff2,HBT,615,615,R26
f0aabd85-d154-4209-bf5d-a33a658f290c,HBT,616,616,D78
527b0a89-3f33-43fe-aaa3-0a43e6b8d7f6,HBT,616,616,R26
2c4f1148-3974-4237-80c4-fe469eed7834,HBT,616,616,D01
a5adbddb-7314-4a81-9d59-d967b76b1a60,HBT,616,616,R24
ccb868fa-3568-4fdc-a886-40e98b0e9c53,HBT,616,616,D72
816c6b61-1c85-4183-87c9-870691ee658a,HBT,616,616,R25
c3e56e8d-67ed-42ee-9045-e57b2aa9d28d,HBT,7220201,7220201,D01
2ac8eee0-1392-4db7-815e-5893ac654c56,HBT,7220201,7220201,R24
10aaf764-514e-4ae0-8f44-c4d7e676eb94,HBT,7220201,7220201,D72
5891991a-8526-4242-bd31-1625f2cc1f18,HBT,7220201,7220201,R25
1ce9e217-9af3-4b38-8d24-7c29c750f574,HBT,7220201,7220201,D78
f6b5b4ae-f02b-48fb-a3f2-6becbb3efb52,HBT,7220201,7220201,R26
7c2b021e-2df8-4797-898f-736d30d051cb,HBT,7229001,7229001,A16
fa9c1311-28ae-4097-95ce-eed20fd88863,HBT,7229001,7229001,C15
3dd175ea-10ee-4706-a27c-70e047d33621,HBT,7229001,7229001,D01
c3a5ec76-1440-4d4c-a381-99de83de1696,HBT,7229001,7229001,R22
a03f5074-2418-400a-8283-53816e1ae9d2,HBT,7229008,7229008,A16
d3e1da66-b28f-4dbd-a8c6-cc58ddaaea0b,HBT,7229008,7229008,C15
f84111b4-b8c5-44e2-906f-68d22a426f65,HBT,7229008,7229008,D01
5ad2c883-66d5-4bf8-b05d-be44759ee273,HBT,7229008,7229008,R22
7d0affc4-f2ad-4655-bb6f-7e63a9ab7d62,HBT,7229010,7229010,C00
a3f88917-ceff-4a73-81fe-e85c77bc38bb,HBT,7229010,7229010,C03
ee976256-e987-415c-b296-5be4605cd8ef,HBT,7229010,7229010,D14
b4bfa857-30e6-4084-a279-54cf4d05fe99,HBT,7229010,7229010,C19
2a1e91ba-bec2-4357-a9fe-49b01015365e,HBT,7310102,7310102,D01
a364519d-8ad2-4fbd-aeed-6705c230f098,HBT,7310102,7310102,R22
548bb2e2-53a9-4e00-8877-de746e620dbc,HBT,7310102,7310102,A16
7ecc5f88-7763-4cc2-a092-a95c76b99986,HBT,7310102,7310102,C15
e18eebb1-b5ef-4513-841a-04f7b4e060cd,HBT,7310301,7310301,A16
f3ab5350-e7fb-4a49-a73f-d41199bbacc9,HBT,7310301,7310301,C15
3df089b8-4157-41d9-8542-4cefce963b51,HBT,7310301,7310301,D01
4fd0ae80-7221-4600-b6ae-0e944ef22a2e,HBT,7310301,7310301,R22
36703c4b-0b39-4cb2-9288-372725ed81e3,HBT,7320104,7320104,A16
38cdd3f4-5644-4b6e-800d-bbcfce9f0653,HBT,7320104,7320104,C15
5e29b237-32a0-4e58-861d-9b53867f823f,HBT,7320104,7320104,D01
cbc40639-0945-4bad-be4e-38105351d7ac,HBT,7320104,7320104,R22
f412dd44-42ab-4eda-ae46-e7e36e208c7b,HBT,7320105,7320105,A16
8ee41391-9106-4bc3-ac8b-b36625b87fb9,HBT,7320105,7320105,C15
b8216aae-e3f6-4027-8dd4-2a79e6ee9b21,HBT,7320105,7320105,D01
e5ff4161-5a3e-48f2-9bc7-9ee32ca4ffe2,HBT,7320105,7320105,R22
b8775aa4-2085-42fe-a6aa-e6ddf2228edf,HBT,7320107,7320107,D01
17208ed5-ec8d-480e-8e2a-7830896d5349,HBT,7320107,7320107,R24
36e14d71-2910-4e3c-8e21-b7ae169b8ca9,HBT,7320107,7320107,D72
81a2d137-3327-4b06-8f58-42bc2ba43dfe,HBT,7320107,7320107,R25
1004b555-f4b2-4c2d-bbf8-f475d2537abc,HBT,7320107,7320107,D78
3211962c-1c2b-4b2d-a7a7-5f246a248d0e,HBT,7320107,7320107,R26
31bb77ff-0924-431b-afef-960f6c90bcc0,HBT,7320110,7320110,D01
eec74f24-575d-42b9-afd5-39322fc1f13c,HBT,7320110,7320110,R24
9adcbf2c-bde4-4ea1-a30b-04a4a271da6b,HBT,7320110,7320110,D72
cf423846-dcc1-4077-abea-0be740919bfa,HBT,7320110,7320110,R25
56f8446c-a086-4f07-8d78-d481e3e32c24,HBT,7320110,7320110,D78
dfcda5b5-be1c-40b1-a2ee-0ebda8810ac8,HBT,7320110,7320110,R26
74a19c75-2515-4681-be40-3a1c62ceb05e,HBT,7340403,7340403,A16
08dffab5-7c74-4001-9ab7-ec6a7fe3af64,HBT,7340403,7340403,C15
ca240796-2025-4fd1-9d39-899ea7bdf744,HBT,7340403,7340403,D01
ba6572c0-4b91-4def-b572-5d081ebd506f,HBT,7340403,7340403,R22
a885d976-8db0-4e16-a955-1d7209dc9946,HBT,7760101,7760101,A16
a75eef76-c910-427c-8275-6a25e72cf071,HBT,7760101,7760101,C15
9c8cffc3-dcfc-43db-9199-9cef3c32f248,HBT,7760101,7760101,D01
006021db-a5d7-468a-86a1-3124d3b563fa,HBT,7760101,7760101,R22
7121d555-6103-4336-b5bd-277a7e645f9f,HBT,801,801,D01
a09fc089-7683-4650-b676-6e9f828d641e,HBT,801,801,R22
075d0ec9-efdd-4515-9946-2780d6caa721,HBT,801,801,A16
09a7b9f6-4e8e-4e4b-8e57-b49047e3a0bd,HBT,801,801,C15
4e59aef1-413d-4c01-bef7-937ce30abadd,HBT,802,802,A16
94e2e53c-3c6d-4809-b1b1-5c20e5d3a2f3,HBT,802,802,C15
0b019f47-e46b-4910-aade-bf3d3481720f,HBT,802,802,D01
75092ab2-ccd3-4656-9ea8-41bbd6db2aad,HBT,802,802,R22
cfa2e727-98bd-4b63-8fe5-5400d708b454,HBT,"527, 527M","527, 527M",D01
d683a7b8-f87d-46dd-b88a-22947e2e77d6,HBT,"527, 527M","527, 527M",R22
8a723ac7-8e45-4d82-b0ac-555029f7a73f,HBT,"527, 527M","527, 527M",A16
6ac60ad4-5bde-4edb-9042-093890c6f321,HBT,"527, 527M","527, 527M",C15
ccb26647-0fcd-4f2f-baa7-c54c5fd1453b,HBT,"528, 528M","528, 528M",D01
5f703e91-c633-4dc0-b308-ba33c4ded60f,HBT,"528, 528M","528, 528M",R22
5eae3383-3b1b-4379-bfd5-fcee89d175d6,HBT,"528, 528M","528, 528M",A16
c6da99d4-81d6-44d7-9b1f-248129008fd1,HBT,"528, 528M","528, 528M",C15
bd301664-fc23-4d97-9f05-1e2a4fc1d442,HBT,"529, 529M","529, 529M",D01
76575d44-f56a-4b8b-a086-be910d63b282,HBT,"529, 529M","529, 529M",R22
dc033f1e-382c-44be-8ee7-ff77b1c39918,HBT,"529, 529M","529, 529M",A16
a44fc55d-4f5d-4314-9add-07a2aee672e4,HBT,"529, 529M","529, 529M",C15
93ffc2e8-550e-444d-9dd9-8b12a969a64f,HBT,"530, 530M","530, 530M",A16
ff913dc2-60b0-42c6-947d-0572dd5eb262,HBT,"530, 530M","530, 530M",C15
23f92c8b-62e9-4167-843e-3f800b284f56,HBT,"530, 530M","530, 530M",D01
4c52ef0f-08cc-4ed4-95cc-653cf5249888,HBT,"530, 530M","530, 530M",R22
4ca44371-76f2-4133-b457-68843116f825,HBT,"531, 531M","531, 531M",A16
7795cba9-f3a4-4ffa-b186-4805084e1b22,HBT,"531, 531M","531, 531M",C15
f1a27613-7198-4753-aa56-e46bb03ac857,HBT,"531, 531M","531, 531M",D01
5dfed9fe-eb3f-422e-8551-52a6aa907dc3,HBT,"531, 531M","531, 531M",R22
7b7e8d94-d680-42b8-9dd6-d6c0a3dfd046,HBT,"532, 532M","532, 532M",A16
ecf71d43-3b01-40d8-84c3-1ca00e3404d4,HBT,"532, 532M","532, 532M",C15
e037018b-da64-42e1-a3d2-8246ebb944e5,HBT,"532, 532M","532, 532M",D01
41ef6772-8943-4cf4-b09a-444214d650a6,HBT,"532, 532M","532, 532M",R22
f04ea908-713e-4111-8770-921b39e9220a,HBT,"533, 533M","533, 533M",A16
d57b7455-a8d7-43c6-94a6-3eff4fb728fd,HBT,"533, 533M","533, 533M",C15
d71d3444-91a2-4573-9585-8fe031add1c3,HBT,"533, 533M","533, 533M",D01
1c9c4976-8e2d-4625-8e3d-33fdb3a686ac,HBT,"533, 533M","533, 533M",R22
085053da-d7fe-43df-abb3-900faa4a24de,HBT,"535, 535M","535, 535M",A16
2c65e8f3-a82f-4173-92ad-a9438cc51929,HBT,"535, 535M","535, 535M",C15
f0750261-0228-4d7e-816b-88cff4be5cc4,HBT,"535, 535M","535, 535M",D01
f3a0de50-78b0-4507-a8ed-8af2e5d9c27c,HBT,"535, 535M","535, 535M",R22
91c4fb91-981e-4a62-b521-bdd1455d15a3,HBT,"536, 536M","536, 536M",A16
9cabb3a9-0cc4-47b5-9e6b-c084c3c98bee,HBT,"536, 536M","536, 536M",C15
14dc2f34-6d25-4ffd-b417-5b5d456bcbd4,HBT,"536, 536M","536, 536M",D01
26a44da3-d1a6-4f41-88b4-420e982a8dbf,HBT,"536, 536M","536, 536M",R22
a3e4b24f-c2ad-4ec0-a585-9360ad349c65,HBT,"537, 537M","537, 537M",A16
eb90d1b8-c0dc-4f7c-b0fc-afd934114c21,HBT,"537, 537M","537, 537M",C15
812b6a3e-ecfa-40d6-afa3-65bb4af3f5a4,HBT,"537, 537M","537, 537M",D01
af5dcdef-3091-48ee-a0b7-b13bcbbc4697,HBT,"537, 537M","537, 537M",R22
eb212ef1-fcaa-4caa-82ca-75da6e4e0960,HBT,"538, 538M","538, 538M",A16
572678ce-4f38-4002-a3c0-23f2f9c24585,HBT,"538, 538M","538, 538M",C15
e1ca08b0-f424-44a6-80e2-62fd5ebb1b30,HBT,"538, 538M","538, 538M",D01
ca235afa-34f0-40e1-a50c-0b006ba30b0e,HBT,"538, 538M","538, 538M",R22
b49ff902-3dc9-43e8-9b7c-6767b72fef8a,HBT,"602, 602M","602, 602M",D01
7c3b0e04-ab96-4cd1-9079-a2e980538567,HBT,"602, 602M","602, 602M",R22
031ccd9d-6007-4bc2-b4b4-d600c7940308,HBT,"602, 602M","602, 602M",D72
d627307a-97f9-47c2-9854-1ecfc96c0f78,HBT,"602, 602M","602, 602M",R25
b506149e-848c-4336-b87d-e2eda0f9cc3c,HBT,"602, 602M","602, 602M",D78
40c279b3-5f6d-451a-a15a-04c60c8088f0,HBT,"602, 602M","602, 602M",R26
1bb2c6a9-6f4f-4949-868b-3d6bc258713b,HBT,"603, 603M","603, 603M",D01
6093cae3-d061-4461-bf93-58dd84a7a2ad,HBT,"603, 603M","603, 603M",R22
9d866631-8229-4988-b45d-e638bfa1536b,HBT,"603, 603M","603, 603M",D72
d5a556ce-fa0f-417c-a2df-4b71a9fc8d42,HBT,"603, 603M","603, 603M",R25
819e5b86-7a19-41aa-96a7-23527150499e,HBT,"603, 603M","603, 603M",D78
d0ee8a43-abd1-42e8-aec7-75d98af7914a,HBT,"603, 603M","603, 603M",R26
e14e5616-68da-4a26-addb-f756d86d8a50,HBT,"604, 604M","604, 604M",D01
0180d32d-b03a-419d-8933-974a6c5601f8,HBT,"604, 604M","604, 604M",R22
db81a435-d29b-4813-9554-5c84e8d3cf99,HBT,"604, 604M","604, 604M",D72
27419aa6-2f3c-4818-852f-97b5bfe2bf0e,HBT,"604, 604M","604, 604M",R25
5b41e1e9-bb9d-4807-8ccb-a8db36845ebb,HBT,"604, 604M","604, 604M",D78
9b963816-28ca-4f80-8664-26a50623d8fd,HBT,"604, 604M","604, 604M",R26
09e109b7-339e-4b75-b562-e090d59f198b,HBT,"605, 605M","605, 605M",D01
c6dfd5f0-2c73-48d3-8f90-96b7b565d64f,HBT,"605, 605M","605, 605M",R22
30c7831f-0602-48bb-a440-3774883657ce,HBT,"605, 605M","605, 605M",D72
047af480-3ff6-4d2d-9962-228dd57c2334,HBT,"605, 605M","605, 605M",R25
ec4ef673-15aa-4355-b542-8a0d159dea1d,HBT,"605, 605M","605, 605M",D78
756edb2e-d0b8-429c-a38c-339fc15ae6bf,HBT,"605, 605M","605, 605M",R26
315d3bba-d6b5-4120-9d10-8801b0a38b38,HBT,"606, 606M","606, 606M",D01
d8f1ff91-fc75-4559-a778-444b36118449,HBT,"606, 606M","606, 606M",D72
35895aae-9b48-4af9-939a-aa8ffe9290fb,HBT,"606, 606M","606, 606M",D78
12557e78-481b-420b-aa8d-d88417a26fc0,HBT,"606, 606M","606, 606M",R22
518770e6-b234-45e6-b79e-dbc34fcb3f25,HBT,"606, 606M","606, 606M",R25
2cf4a618-5459-4744-9eb5-f115473a04b7,HBT,"606, 606M","606, 606M",R26
cd6490f2-18c9-485f-b347-3e2c0854463e,HBT,"607, 607M","607, 607M",D01
6edcc1f0-25ac-445e-9f6d-adf0540b0f0a,HBT,"607, 607M","607, 607M",R22
7aea92ac-0e42-4fdd-84e9-3ccff6477218,HBT,"607, 607M","607, 607M",D72
5b583e23-4d73-41b6-90f6-a71cad9b2712,HBT,"607, 607M","607, 607M",R25
6d8e478e-0e05-4915-9086-140adabc983b,HBT,"607, 607M","607, 607M",D78
664ad5d8-dcb2-4374-91bc-30b624c1f555,HBT,"607, 607M","607, 607M",R26
6e8b9bd9-f8df-49bd-a94d-7039bdb261a1,HBT,"608, 608M","608, 608M",D78
286723d7-a55e-4a92-8ac6-647281ef9adf,HBT,"608, 608M","608, 608M",R26
56101714-1a8b-4c26-b758-607c322522d6,HBT,"608, 608M","608, 608M",D01
ac93bc28-1674-42d9-aecf-de1b0277fece,HBT,"608, 608M","608, 608M",R22
a1da3263-2949-4aa0-a3ff-babd6940ca29,HBT,"608, 608M","608, 608M",D72
ad0c33bf-9344-4ff6-b6ca-009da3536f07,HBT,"608, 608M","608, 608M",R25
be68a76f-8b75-46ed-bef4-b5141dd13c59,HBT,"609, 609M","609, 609M",D01
ce92d45f-05a6-4bce-a180-c053ee7f6fc2,HBT,"609, 609M","609, 609M",R22
54af90be-336b-4171-b60e-5f05df741e93,HBT,"609, 609M","609, 609M",D72
7c9b6094-44fa-430f-bea4-d9089c87f748,HBT,"609, 609M","609, 609M",R25
c80d37ac-80fe-4809-9317-45ba1a904341,HBT,"609, 609M","609, 609M",D78
5b95556f-1ee7-4219-ad28-c39a49da267c,HBT,"609, 609M","609, 609M",R26
4e3d3f17-911c-41ce-8557-ca362aa80522,HBT,"610, 610M","610, 610M",D01
b08bfaa9-9870-4cbc-afac-d9b063c242ba,HBT,"610, 610M","610, 610M",R22
a64e4514-f123-40dc-8413-770b47f626d7,HBT,"610, 610M","610, 610M",D72
a132c45b-f78f-497c-8ecf-7fbdeb5a2591,HBT,"610, 610M","610, 610M",R25
39aa1512-b468-4b49-9350-2d09dd6d679e,HBT,"610, 610M","610, 610M",D78
9db2034d-6d8d-44fd-969e-a3c5dfaf881e,HBT,"610, 610M","610, 610M",R26
639a0289-afe9-4032-8374-7d6097db9376,HBT,"611, 611M","611, 611M",D01
e736323a-45fc-4538-8ed9-6e0627e5c8c2,HBT,"611, 611M","611, 611M",R22
c4eea410-be90-4032-a2fb-8044010995fb,HBT,"611, 611M","611, 611M",D72
85f08981-aead-445e-968e-6677f6e9440e,HBT,"611, 611M","611, 611M",R25
5ae9b636-1b28-4104-9ea5-d3c86b93cda0,HBT,"611, 611M","611, 611M",D78
5fcd211c-fc58-4ad5-9de2-1bfc5ce37824,HBT,"611, 611M","611, 611M",R26
8c8ab701-219a-484a-92bb-ae3a62b247d8,HBT,"614, 614M","614, 614M",D78
477a1d56-1433-4a09-b0ee-525fbf26b382,HBT,"614, 614M","614, 614M",R26
31e9b38a-2c6a-4aa5-acb1-6cea08e3c346,HBT,"614, 614M","614, 614M",D01
b17d7e1c-1947-44fe-8789-2b3366f7741e,HBT,"614, 614M","614, 614M",R22
95c7e84c-91e5-40e4-9edc-33a9bbef1230,HBT,"614, 614M","614, 614M",D72
8e5fde8f-6350-45c0-b79d-13e80a1f628d,HBT,"614, 614M","614, 614M",R25
2050590b-d768-4e8c-8e83-4159f22c73a8,HBT,"615, 615M","615, 615M",D01
47475ac9-8519-4251-b607-d74c768cb5bf,HBT,"615, 615M","615, 615M",R22
4a9a8084-28d9-4ca9-9873-6c0d307ae1f0,HBT,"615, 615M","615, 615M",D72
5ac50491-2e8c-40e9-9511-2e06541cddf7,HBT,"615, 615M","615, 615M",R25
e52e7952-aa12-4eb9-b0b9-d6e819d3f290,HBT,"615, 615M","615, 615M",D78
0c5cfa29-ba85-4b94-a855-b07702a608c1,HBT,"615, 615M","615, 615M",R26
d19936c2-06a6-42be-9f34-3620305a749a,HBT,"616, 616M","616, 616M",D72
073d02b3-823c-48da-b126-35e514227784,HBT,"616, 616M","616, 616M",R25
b69b99be-b583-4a2b-b474-3e2f01bbf686,HBT,"616, 616M","616, 616M",D78
39542046-1b98-4ba9-9bc7-6599c89eee07,HBT,"616, 616M","616, 616M",R26
f9dbd8f5-f944-4484-878c-62f42f22e57c,HBT,"616, 616M","616, 616M",D01
aad32676-76e6-43e8-bac5-0fc4ba02735a,HBT,"616, 616M","616, 616M",R22
ab071491-fa42-42e7-aa9d-62c14c1737a1,HBT,"7220201, 7220201M","7220201, 7220201M",D01
8e7b1c38-6900-4ccf-b0ac-18fb5d9d3ed3,HBT,"7220201, 7220201M","7220201, 7220201M",R22
cd69a562-9650-4198-8b1d-402e1782bf7d,HBT,"7220201, 7220201M","7220201, 7220201M",D72
ba9ed192-00b9-4497-9f96-f1d73f5b6912,HBT,"7220201, 7220201M","7220201, 7220201M",R25
6562a5c1-0725-4922-939a-1427c387388e,HBT,"7220201, 7220201M","7220201, 7220201M",D78
84c08d2a-eecb-4c28-b462-97448a653149,HBT,"7220201, 7220201M","7220201, 7220201M",R26
93e1f514-175f-4e5f-b70c-dc41708737e3,HBT,"7229001, 7229001M","7229001, 7229001M",A16
3eae4c34-f238-4cfd-b646-87ca1d918c73,HBT,"7229001, 7229001M","7229001, 7229001M",C15
a0de82c4-df74-4b72-9398-332130c058ca,HBT,"7229001, 7229001M","7229001, 7229001M",D01
bd57dfde-a4cf-4792-b827-d0265c3519ce,HBT,"7229001, 7229001M","7229001, 7229001M",R22
027df258-f5f9-40d5-bf13-5e36ab05ba30,HBT,"7229008, 7229008M","7229008, 7229008M",A16
45d126e7-ac8e-4347-b231-f489ec96b62e,HBT,"7229008, 7229008M","7229008, 7229008M",C15
bf024941-f5ab-4cb9-8eaf-ef0140c3f546,HBT,"7229008, 7229008M","7229008, 7229008M",D01
a14b0f3b-83c4-4c59-a996-360a4bb525e4,HBT,"7229008, 7229008M","7229008, 7229008M",R22
1977218b-8c13-40f8-9bd5-cd958e0420f9,HBT,"7229010, 7229010M","7229010, 7229010M",C03
e48d369d-d2b3-43e9-82e8-00e32028506d,HBT,"7229010, 7229010M","7229010, 7229010M",C19
56308297-2e35-4f4b-af2f-a79f01fd4e2a,HBT,"7229010, 7229010M","7229010, 7229010M",D14
c45ce8e4-db50-4eab-8c56-54ec50648fe9,HBT,"7229010, 7229010M","7229010, 7229010M",R23
4c75d319-4ea0-4ba0-9b5e-bcc154619091,HBT,"7229010, 7229010M","7229010, 7229010M",C00
c23be44c-da14-402a-9a56-c4a39c8ddc5f,HBT,"7310102, 7310102M","7310102, 7310102M",C15
b37ae202-4394-43fb-a230-54ad9eee2b4e,HBT,"7310102, 7310102M","7310102, 7310102M",D01
bad1d51f-385f-4b15-be28-4956d8b9a96b,HBT,"7310102, 7310102M","7310102, 7310102M",R22
c4f296c6-cfbb-46e3-b040-85efc031dde3,HBT,"7310102, 7310102M","7310102, 7310102M",A16
46096ebb-2310-45f2-a4f4-3a31aef508a0,HBT,"7310202, 7310202M","7310202, 7310202M",D01
01f73bd3-72b8-4008-ab14-24b6edb7ccdc,HBT,"7310202, 7310202M","7310202, 7310202M",R22
95cd072c-15fb-44ff-93eb-08a96eedc560,HBT,"7310202, 7310202M","7310202, 7310202M",A16
a971249a-c660-4557-9653-1908b1d6d4c2,HBT,"7310202, 7310202M","7310202, 7310202M",C15
0e677504-1743-43ca-9cf2-f81a7fdd9009,HBT,"7310301, 7310301M","7310301, 7310301M",D01
4d19e918-a9af-436e-a894-ec4d453803ca,HBT,"7310301, 7310301M","7310301, 7310301M",R22
ca3b214e-430f-4da7-9b9b-5ffdb68d452c,HBT,"7310301, 7310301M","7310301, 7310301M",A16
25bb6c4c-eb5a-462e-8b36-784ca962a642,HBT,"7310301, 7310301M","7310301, 7310301M",C15
e179a2bc-4564-4ac0-855d-ab3517601b5b,HBT,"7320104, 7320104M","7320104, 7320104M",C15
570f9411-b11a-4788-98c4-5a99863fcdcb,HBT,"7320104, 7320104M","7320104, 7320104M",D01
edbae7d0-e154-4877-914b-f2f66a065263,HBT,"7320104, 7320104M","7320104, 7320104M",R22
dab455ca-d3f7-4787-b0fc-42b27e14c139,HBT,"7320104, 7320104M","7320104, 7320104M",A16
a401664d-0460-4298-8c28-e9bdf773ddb3,HBT,"7320105, 7320105M","7320105, 7320105M",D01
a75f823e-a941-454a-a6ad-7658175629f3,HBT,"7320105, 7320105M","7320105, 7320105M",R22
ce4c935c-ad13-4cd1-9757-f861a3daed5e,HBT,"7320105, 7320105M","7320105, 7320105M",A16
7272281c-dede-48e9-b505-29036cd701e1,HBT,"7320105, 7320105M","7320105, 7320105M",C15
755bad3e-73e5-4b36-a9e2-b9234a0050b6,HBT,"7320107, 7320107M","7320107, 7320107M",D01
29fc478d-cbb0-46ca-9a27-8f61d1f36e22,HBT,"7320107, 7320107M","7320107, 7320107M",R22
4101d3fc-cfdd-49f5-bd83-d9103945e471,HBT,"7320107, 7320107M","7320107, 7320107M",D72
61a02185-c5ab-4212-9844-def2a8bcd7d8,HBT,"7320107, 7320107M","7320107, 7320107M",R25
27b1f185-55c0-4cc5-9329-8806e7903b48,HBT,"7320107, 7320107M","7320107, 7320107M",D78
7c38bb0c-3daa-46fc-b786-131f328a3a6f,HBT,"7320107, 7320107M","7320107, 7320107M",R26
30dba00a-9114-4ad5-bdc3-1f9081cd932a,HBT,"7320110, 7320110M","7320110, 7320110M",D01
0942af45-6c83-484d-92d0-44df4cddde8e,HBT,"7320110, 7320110M","7320110, 7320110M",R22
13e88813-3daa-42a0-8121-4eda105d0565,HBT,"7320110, 7320110M","7320110, 7320110M",D72
dc9de96f-1127-430f-a77f-18572c096476,HBT,"7320110, 7320110M","7320110, 7320110M",R25
b7becedb-d8c1-4dc9-830a-cf34740e0b36,HBT,"7320110, 7320110M","7320110, 7320110M",D78
781ee9f2-afaa-4443-844e-73f331aaa656,HBT,"7320110, 7320110M","7320110, 7320110M",R26
2d5f1e7d-416a-4ad6-842b-256d1b689259,HBT,"7340403, 7340403M","7340403, 7340403M",A16
7589d56e-9aa5-496d-9273-b06e4dccddac,HBT,"7340403, 7340403M","7340403, 7340403M",C15
503ce984-ccd2-418d-88d1-76b88c182f07,HBT,"7340403, 7340403M","7340403, 7340403M",D01
7b6f37d6-0859-4a35-8ad2-ff5ed6b9b030,HBT,"7340403, 7340403M","7340403, 7340403M",R22
930c6fe4-21ce-4aaa-a4f1-e640fbecb6fc,HBT,"7760101, 7760101M","7760101, 7760101M",A16
b5cebaec-f10c-4a13-93b5-4868bc57b617,HBT,"7760101, 7760101M","7760101, 7760101M",C15
36060f99-8fe5-4d82-975f-1a9ef6da2144,HBT,"7760101, 7760101M","7760101, 7760101M",D01
089befa2-2a38-4dae-9e47-32ee8077eee6,HBT,"7760101, 7760101M","7760101, 7760101M",R22
3e824364-414d-4cde-b1c3-f3fb0cdaddb5,HBT,"801, 801M","801, 801M",D01
47e8a75a-d45d-4cad-b721-1e6faa9c3877,HBT,"801, 801M","801, 801M",R22
1a950624-2737-49f4-8f0b-ab9faa711dd3,HBT,"801, 801M","801, 801M",A16
cf1ff523-d632-4147-8f01-1b7a040bc564,HBT,"801, 801M","801, 801M",C15
b391939e-af08-4a6a-870c-afac8afcecb1,HBT,"802, 802M","802, 802M",D01
1d58c1b5-6110-4a18-be65-0c5f68e9022e,HBT,"802, 802M","802, 802M",R22
fdc6a478-deac-42de-9045-cd8b8748d1e4,HBT,"802, 802M","802, 802M",A16
968e31f3-dda7-4cca-8135-909c7ff80810,HBT,"802, 802M","802, 802M",C15
9d9e5c03-d8d7-4d79-8c39-09cc9e50f23a,HBT,602,602,D01
09db9656-1b7d-4d06-9921-21f878764601,HBT,602,602,R22
54586948-d879-4fe2-bb30-40d449ab0c60,HBT,602,602,D72
3c6fae6d-8e79-478e-8918-0a277217b96c,HBT,602,602,R25
f3246d8b-4a63-473e-9e2a-3c8961047d63,HBT,602,602,D78
9aba703e-48d5-424b-8a3c-2938c06f9564,HBT,602,602,R26
b5bab5bb-b068-460e-92f4-117296900f08,HBT,603,603,D01
b254d86a-f2cd-4185-8e9e-e3fb2a40c9a7,HBT,603,603,R22
79479ab1-4910-445b-9187-eeb15ad0c4a9,HBT,603,603,D72
8d89e58f-dafc-470f-a924-8546aceb4e0b,HBT,603,603,R25
5960cfb8-aae7-4ec2-8a0f-bdf31168fb2a,HBT,603,603,D78
4a3bc655-d22e-46bf-983a-1d5a4366ddf4,HBT,603,603,R26
cf79bf74-40e1-4dde-ade2-a6e7d0826fb6,HBT,604,604,D72
0505317e-f0d1-4864-b82d-b87208092e90,HBT,604,604,R25
59e1211d-f57a-4821-b264-9fcf35965959,HBT,604,604,D78
f8cf1aaf-170f-4d21-955c-50439ef32f55,HBT,604,604,R26
f9d95046-196a-47aa-8b0b-7ac8018fa211,HBT,604,604,D01
d8583741-c60e-498d-b5bc-97706949e296,HBT,604,604,R22
90b234a2-3bd5-461c-a934-322fe5b12dbe,HBT,605,605,D01
91c49e37-d735-4615-8cae-ccca045ecc8a,HBT,605,605,R22
9c3374a3-626c-4880-b66c-3cbeb07a4db2,HBT,605,605,D72
cb66fdb6-4550-4e91-927c-4634bb631f08,HBT,605,605,R25
647a2650-c1b9-4495-bd6f-d60d7ebbcadf,HBT,605,605,D78
dd79af54-52f8-4084-8984-2ee665e7753a,HBT,605,605,R26
050072f2-503b-4dad-acfc-c3e9a3e8da02,HBT,606,606,D01
009d8618-ebf3-4ff2-b924-09981dd58b3e,HBT,606,606,D72
4a457c1b-a263-4525-b6e7-887c69caa86a,HBT,606,606,D78
2c465153-fae2-49fd-a585-bcab498b7263,HBT,606,606,R22
80700eb3-ac8a-420a-aa75-44170d36212a,HBT,606,606,R25
9946114d-92de-4e20-b860-ec805cb7d7e0,HBT,606,606,R26
530b52ca-7573-4832-b291-6e5d3481fa6f,HBT,607,607,D01
8a5874af-033b-40ec-8b8e-cde0452b7b08,HBT,607,607,R22
fe2506d3-4e7e-433c-b121-94fac74ebdcb,HBT,607,607,D72
cf40a7c2-37bb-4f9f-9274-3224aeec21b5,HBT,607,607,R25
101be5e7-cb4c-4935-b98b-b12aa36a9442,HBT,607,607,D78
813b13c3-ac92-4e3c-b1e5-efb805909710,HBT,607,607,R26
af74bbf7-fc0e-4365-8f70-fa6ae012dc4a,HBT,608,608,D01
d3b01f74-9bef-44b0-bf8a-2e6815de64dd,HBT,608,608,R22
cf83ac14-70a6-4cd3-9845-5336839de5da,HBT,608,608,D72
c2009782-a0f5-4ab9-9c7a-1cd154608d81,HBT,608,608,R25
56cad94d-768e-4169-83f3-ff080c69b608,HBT,608,608,D78
fb0f44b2-1f70-4ca7-8a5a-acf807c5bf48,HBT,608,608,R26
36db61c7-83f8-494c-b673-8222518006c5,HBT,609,609,D01
ea23b096-536c-4e11-941c-a4bdd5e7e18c,HBT,609,609,R22
7d47513a-10dd-4668-b5fb-ebf075a9fc19,HBT,609,609,D72
58e0b231-ea02-4b91-a7a3-c1ae9f49d460,HBT,609,609,R25
402bb7c6-faec-4b8a-8006-8bff34a830ba,HBT,609,609,D78
67a1e95a-ea8a-4481-8dbd-2e0b224a757d,HBT,609,609,R26
8787cf07-2a7a-4f34-ab9a-9ba1b3023e07,HBT,610,610,A01
a24c0476-30d9-4c52-9f36-4928a7ab652b,HBT,610,610,R27
f78ef30b-9492-41dc-a6bb-7c7dfe8ccee3,HBT,610,610,R22
9fcb7b25-697f-4a90-a95b-d1a082fb43c2,HBT,611,611,R22
2d4b61fc-309a-4795-9455-c2dc45a7f107,HBT,611,611,A01
f58f8069-dcfd-4708-9468-21bc9de11988,HBT,611,611,R27
6b0fe6dd-474a-40d8-91f4-ab63a22085a2,HBT,614,614,A01
5926a3ed-73fb-4291-802f-f80d256cc889,HBT,614,614,R27
88aad025-990f-4d4f-b430-f8835c565ba0,HBT,614,614,R22
c7b1e9dc-d81a-4f60-93f9-ab57634d7bc0,HBT,615,615,R22
30903740-6c27-471d-ad03-e538694ea808,HBT,615,615,A01
2125f23f-8c00-4e62-8b08-b4584896839e,HBT,615,615,R27
7c65a5b9-bbb8-4aab-ad16-5ec3c4a0bea9,HBT,616,616,R22
e6aa72ba-54a3-42c1-b75d-87ea8863a179,HBT,616,616,A01
9d82b17d-16c0-43ed-a237-095e16ff9529,HBT,616,616,R27
19ab5e85-48ec-40e7-8545-898b439574d6,HBT,7220201,7220201,R22
8094c050-762c-4767-bbff-364f9921facf,HBT,7220201,7220201,A01
ebf58282-c859-4de8-953a-fa05734c7f3b,HBT,7220201,7220201,R27
2b92e0b0-7ae5-4c0e-b72c-03df6e213b92,HBT,7229010,7229010,R23
e36d3d7f-561d-42c1-a15a-48dd4cf4bf99,HBT,7310202,7310202,D01
b1c40a3a-3dd6-4dd1-bca9-db47e8c8079b,HBT,7310202,7310202,R22
0557f416-7158-4a3d-8656-f876d7674cc7,HBT,7310202,7310202,A16
06abc071-2194-4d6d-857d-7247d81c8d81,HBT,7310202,7310202,C15
83f55256-b013-429f-a505-bc567ec1b3f8,HBT,7320107,7320107,R22
69ba99c8-d7f6-4afb-8628-92f96d26d20b,HBT,7320107,7320107,A01
733b3a28-c98f-4746-bffc-8f5ac27668fe,HBT,7320107,7320107,R27
92ef25d1-7b31-49ce-bc10-6b6e40bfbc80,HBT,7320110,7320110,R22
df5b6663-1c1b-41ee-8039-3f31794c2f93,HBT,7320110,7320110,A01
d976650f-293c-424b-a977-640cf9cc1a0a,HBT,7320110,7320110,R27
c12f6a97-0231-4756-91b5-0a8fc8020eb5,HBT,527,527,A01
14fee496-9364-4f46-bdc5-2cd20cffd410,HBT,530,530,A01
d711a5c7-d04e-4007-ac0c-3875f5463210,HBT,531,531,A01
a31de508-3b63-4e45-88f1-8600ed47b648,HBT,533,533,A01
6dade2ff-5357-4769-a562-b2868f125d4a,HBT,538,538,A01
925ec2df-0aef-4b0c-8034-22c9c104bbee,HBT,7229001,7229001,A01
843692a9-7adc-41bc-8fff-c913c085fd7d,HBT,7229008,7229008,A01
883381a1-3791-4488-85c1-2d7b3b619c4d,HBT,7310102,7310102,A01
80911b19-f865-4985-a287-3ea43e3dbb9c,HBT,7310202,7310202,A01
beb95ef0-7900-45c7-9d29-98c59e0e3280,HBT,7310301,7310301,A01
e9ff2a4c-7cff-42b8-9e75-0829cc88ac58,HBT,7320104,7320104,A01
43613ea7-7fc9-4237-ae51-427e4652a408,HBT,7320105,7320105,A01
e81c8908-d4af-48d3-b837-63ae48353c65,HBT,7340403,7340403,A01
6d3bd3a9-2d8f-40d2-9719-da3de79f21b0,HBT,7760101,7760101,A01
dc20e4d8-3205-45b6-a003-687d8c9028be,HBT,801,801,A01
90006525-9468-473d-bfe8-d3964bc9c433,HBT,802,802,A01
c71fb986-015c-44cd-9425-c5a87f4c17c3,HBT,527,527,X02
bdb1cfc3-a6db-4c56-b55c-343e01d43619,HBT,527,527,C03
3a6e52ab-b036-4b85-9eb9-69a5def0d4e8,HBT,527,527,X01
652a3f0b-0f48-4758-b81e-f8685d507a33,HBT,530,530,X02
02ab021e-0c65-42cb-8539-0dcd09407ef9,HBT,530,530,C03
5d87c0a9-56be-4e96-a532-3ca8637c46ce,HBT,530,530,X01
ae936052-9608-4608-944a-327a9db734f5,HBT,531,531,X02
668efe5f-369a-4c61-98ef-2f39deca33bf,HBT,531,531,C03
bbeaffc0-8b0a-4f0f-b90e-11949425c4b8,HBT,531,531,X01
479d04ea-19ca-42dc-8541-ee1dbec7067f,HBT,533,533,X02
3a576713-80a2-450f-923f-3733bdbab3ce,HBT,533,533,C03
a27d418c-395a-41e5-b3e8-de90777a08a2,HBT,533,533,X01
c171f469-85dc-44f8-83f2-fd1d7f4f6b15,HBT,538,538,X02
91636d55-1327-4fe1-a67f-8341959c3da4,HBT,538,538,C03
7acbed87-0466-4be2-968d-66aa1ed05ae2,HBT,538,538,X01
61362f07-fd66-4a3c-b481-1ee349a36606,HBT,602,602,D14
cc95c409-9d31-4221-868f-53f2cb73c2de,HBT,602,602,X78
b718bf38-ff8e-4747-8942-62e9558b3015,HBT,602,602,X79
f5f2c332-5b6c-408e-8307-27b3f7df6f22,HBT,603,603,X79
d35b631f-9e96-4395-983b-a9c9c5c3295d,HBT,603,603,D14
34c00381-4338-4092-ac15-4567cf5ece47,HBT,603,603,X78
e134c8fa-d350-42e4-bb5b-8db9f8f4c701,HBT,604,604,D14
4cd87075-e4d2-4a6e-912f-8558717c7a7f,HBT,604,604,X78
1033244a-4c77-4ee6-acf6-5bf3bc131725,HBT,604,604,X79
a3345730-dcef-4afb-8dc8-c195d190c7dd,HBT,605,605,D14
b03be41f-b735-4a32-8c44-cee2ae073e54,HBT,605,605,X78
d3bc352a-153a-4ed1-b4cd-afefd0b5d9bf,HBT,605,605,X79
9298d34a-0b75-4112-88a7-0c660d6bcfd3,HBT,606,606,X78
c32f7ad7-490c-4ba0-8d73-f25d468bedbf,HBT,606,606,X79
5abe7e65-6652-46bf-ba1c-22d6ea20d922,HBT,606,606,D14
59101e08-5c25-4af3-ba46-66949ad933ab,HBT,607,607,D14
eba0ce7a-ab72-49c6-9d45-3c2d774ad0e6,HBT,607,607,X78
e800e335-b303-48d3-941f-ba057ff6db6d,HBT,607,607,X79
7218bc22-ede6-4b62-b5bc-74bd8ae20594,HBT,610,610,X79
6ac9f234-ebe7-43e5-892b-ee0c978071e9,HBT,610,610,D14
45e9d0bf-0f0a-42a1-bd38-e2666e527c4a,HBT,610,610,X78
a802bd67-7cf5-4389-9299-ee360dbcd802,HBT,611,611,D14
ba6a789e-5e76-4fb1-864b-685275e7ba06,HBT,611,611,X78
735b9f72-dfb6-43da-88ea-f912048140a9,HBT,611,611,X79
7b1a2602-ab08-49e1-9e58-fb237503c808,HBT,614,614,D14
c980a5fd-6e5b-4c29-b3a4-7bdac7dc9833,HBT,614,614,X78
c5236ce0-5b6a-4ac8-ada0-a2d52f79ce81,HBT,614,614,X79
94691c86-e8a6-4f50-8996-fbf80f12e803,HBT,615,615,D14
cdce16bb-5b69-4a1b-8ff6-f048e05a0cc7,HBT,615,615,X78
ca958505-342b-4eed-9850-ebc64e423754,HBT,615,615,X79
601d1cf7-673d-4bbb-92ea-ba170581ccaa,HBT,616,616,D14
04fedb65-9f3e-4603-8c6f-18afff8ab8fc,HBT,616,616,X78
92bf96fe-9632-440d-ac62-77a1adb02086,HBT,616,616,X79
8c7de475-00f4-4fdb-b323-7ad4e0c87b70,HBT,7220201,7220201,D14
c87d0f19-2b84-4fcf-a96d-d26c33acbe6a,HBT,7220201,7220201,X78
8b154175-c719-4bbd-99ee-6a63bd9ff076,HBT,7220201,7220201,X79
c30c8853-2621-475f-8c27-e21e6c95e693,HBT,7229001,7229001,X02
660bc4c5-d7c8-42db-9988-c3d0e9b10da5,HBT,7229001,7229001,C03
1b547d9f-aa66-4818-bd86-d481f0a3c19b,HBT,7229001,7229001,X01
e52d8f9c-ad66-4244-9def-be93dba0eeb1,HBT,7229008,7229008,X02
53d20a70-158e-4a3c-8ecc-003cc2210526,HBT,7229008,7229008,C03
3c156655-474b-442d-aa6e-8e49108090a2,HBT,7229008,7229008,X01
738f5c52-84aa-4db4-a530-59d38e4d958c,HBT,7229010,7229010,X70
941cd86a-bea1-4ec7-b9e8-c3b1633d0c31,HBT,7229010,7229010,X71
20e404b1-3752-48f1-b4b8-09a78d72f8c6,HBT,7310102,7310102,X02
caa28f12-6954-4ddb-9ded-9ebb1f2298ee,HBT,7310102,7310102,C03
bdfc7c9b-e8d7-4708-8cb1-a788aa64c924,HBT,7310102,7310102,X01
e7dfd8d6-c9bf-4974-8662-bf607b3b4b14,HBT,7310202,7310202,X02
ba8a5efb-cc06-42c0-a91c-e583048beaa9,HBT,7310202,7310202,C03
272a0d2e-19a4-457a-b3ab-f1f97683dc68,HBT,7310202,7310202,X01
ef059440-869d-447f-a563-62e485d03ed1,HBT,7310205,7310205,D01
7e8fd411-3f2d-4401-991c-3613bb8d44a7,HBT,7310205,7310205,X02
c159a715-8c85-46c2-a766-89faa5120823,HBT,7310205,7310205,C03
61c8557d-2709-4ea1-83ec-3ad97cd937f5,HBT,7310205,7310205,X01
115dd68d-676d-4687-8297-8fe07a966b58,HBT,7310301,7310301,X02
08a1a1ef-21a1-46a2-838b-8b7aefa3fafc,HBT,7310301,7310301,C03
00d630d1-9126-4a25-a92e-5b98a905e2ae,HBT,7310301,7310301,X01
bd38a76f-0e69-4c43-9df5-188cc16f402e,HBT,7320104,7320104,X79
643f8e90-5e43-4969-89e8-e6a268c644b2,HBT,7320104,7320104,D14
e76f72e3-56b9-4c1a-906b-5949c6d7b940,HBT,7320104,7320104,X78
2decf7e5-455b-47d6-a74e-57c4e705b22e,HBT,7320105,7320105,D14
9eba344b-2d6a-4bc5-b89b-a71918a58d13,HBT,7320105,7320105,X78
fa718ca2-9100-49f2-a953-a4d37ff7e2e6,HBT,7320105,7320105,X79
2e8f465e-12c9-43f3-ba7b-f129c1faf891,HBT,7320107,7320107,D14
0cd973d8-72f7-4437-aff2-d7788af141e8,HBT,7320107,7320107,X78
6ec1e2dd-0768-42d7-9379-ccb8ccfc4e9d,HBT,7320107,7320107,X79
96ef2a81-de73-4cca-a472-7f01b2d7c450,HBT,7320110,7320110,X78
226f2dab-1e3e-4ed9-bee8-aacc49d6be16,HBT,7320110,7320110,X79
4b67783c-85d1-43e5-946d-55f6085ec520,HBT,7320110,7320110,D14
69326d9d-aa1e-402a-8544-299c53456fb9,HBT,7340403,7340403,X02
b9e46123-7420-4393-8b52-229c01fe70a7,HBT,7340403,7340403,C03
227384e8-2ff5-49c9-966f-24dd607c1c11,HBT,7340403,7340403,X01
f4dc8c44-43a5-4efa-9e65-e3cdaa6a5a3b,HBT,7760101,7760101,X02
058963bf-0186-4418-9c64-00a62a854be4,HBT,7760101,7760101,C03
85ec90d9-0c28-466b-9f4f-fae8b0ac3da7,HBT,7760101,7760101,X01
a990ad82-9ba3-4c87-ac60-d6777d22e141,HBT,801,801,D14
2ad12bbd-a35e-4dd1-b623-46c387ab87e6,HBT,801,801,X78
c2451603-e0c3-4dcf-9c96-c5c50b13cb8b,HBT,801,801,X79
b057b3fa-ca45-45b0-aaf5-6dde93ad8802,HBT,802,802,X78
845c2605-3f0f-4cc3-abed-09493751ea87,HBT,802,802,X79
8132dff1-134b-4de1-89d1-b4e0bce8263a,HBT,802,802,D14
da1fdbf1-1437-4165-8d2a-3cedf9f16299,HBT,532,532,A01
c0939659-5218-4bac-9f02-5a85f58c5c3e,HEH,7860218,7860218,A00
eab629e5-2a1d-4114-9d6f-f5eb2d8fe661,HEH,7860218,7860218,A01
76a234db-1d74-4ecd-9e0d-5d409f7401bc,HEH,7860218_Nam_B_A00,7860218,A00
a758bea2-abff-44f5-8458-0857b5a1c891,HEH,7860218_Nam_B_A01,7860218,A01
3ec6eba4-8b83-4b40-b201-ffd4290339bd,HEH,7860218_Nam_N_A00,7860218,A00
7bcbc693-5665-4ef0-9832-b5d968c50828,HEH,7860218_Nam_N_A01,7860218,A01
ae32fca3-d833-4232-9ff8-b179890b291e,HEH,7860218_Nu_B_A00,7860218,A00
d9f6a840-509b-454f-a41b-8004177f5d96,HEH,7860218_Nu_B_A01,7860218,A01
127b78ae-f430-4e89-9dd5-95607786ec27,HEH,7860218_Nu_N_A00,7860218,A00
75719e35-073e-456d-849c-37b11d2c69df,HEH,7860218_Nu_N_A01,7860218,A01
016839a3-bc11-4021-bf76-3fc72cad6e35,HEH,7860218_Nam_B_C01,7860218,C01
79758e04-15b4-4d70-aad7-493156bad41e,HEH,7860218_Nam_B_X06,7860218,X06
48ab68dd-efa3-4eec-a0c0-1e715c90f5da,HEH,7860218_Nam_N_C01,7860218,C01
a73e6a8d-c018-4f53-99c1-4aa916714751,HEH,7860218_Nam_N_X06,7860218,X06
a0d76234-f97a-45db-96ca-7bf04bd5b474,HEH,7860218_Nu_B_C01,7860218,C01
cb49bfac-014e-4f91-aad1-c43c5df61d4f,HEH,7860218_Nu_B_X06,7860218,X06
a118c529-4a3f-46e0-8dd2-4f21e26318cc,HEH,7860218_Nu_N_C01,7860218,C01
8773bc93-488f-4ec2-8b38-1763c7dae194,HEH,7860218_Nu_N_X06,7860218,X06
2c50d1cc-cbf2-47f1-94be-b7dbba3bdbe1,HEH,7860218_Nam_B,7860218,Q00
7ed572f8-acf1-43e2-bc15-4c205068b1a5,HEH,7860218_Nam_N,7860218,Q00
2acc49e2-4d94-4600-9141-817ae8c08f89,HEH,7860218_Nu_B,7860218,Q00
7d4a4f2a-f04d-438c-8947-f171756e8953,HEH,7860218_Nu_N,7860218,Q00
814d04c6-2992-41de-9a2d-96a2c1ca7a8b,NQH,7220201,7220201,D01
4d86f1f3-73e3-44db-8afe-8084793564da,NQH,7220202,7220202,D01
c2210952-7cd1-4b03-a533-7c7c2e3b4ea0,NQH,7220202,7220202,D02
ef61753b-ef18-4a65-b509-7be0a174b2f0,NQH,7220204,7220204,D01
24d842d9-f347-458b-9597-f1b937b1d0e2,NQH,7220204,7220204,D04
69a03cf6-1b35-4c34-ba3f-b341e6a2e1a8,NQH,7860231,7860231,A00
f65c350d-713a-4f09-af41-05a260d383ea,NQH,7860231,7860231,A01
f864348c-a197-49f6-911a-2d4ef3a70411,NQH,7310206,7310206,D01
4f7d04ab-a1f9-4684-8c48-ef9eed7b8d86,NQH,7220201_Nam,7220201,D01
3831f1f0-ca7c-4aae-a3a0-b84fc96cadd5,NQH,7220201_Nu,7220201,D01
45c4d8c8-a20a-4870-a17d-321b8973576e,NQH,7220202_Nam,7220202,D01
21ff75a9-251e-4957-937e-c8e9be87828f,NQH,7220202_Nam,7220202,D02
798cb2c7-cc16-4978-b083-d1386e62e5f6,NQH,7220202_Nu,7220202,D01
b92ab68a-cebc-43ba-99a9-6f97de032e78,NQH,7220202_Nu,7220202,D02
5cec2993-71ec-4381-9593-8b441f064961,NQH,7220204_Nam,7220204,D01
c8ee0bc4-4c97-4339-a2a7-624fd34d49e7,NQH,7220204_Nam,7220204,D04
28a07e84-5a6a-4c03-a364-8acd55a36285,NQH,7220204_Nu,7220204,D01
285a0b3e-2223-4a1f-8c5c-721d47c0c602,NQH,7220204_Nu,7220204,D04
725c3b51-f4b6-41eb-9775-8870bc4894c9,NQH,7310206_Nam,7310206,D01
3f89c721-9b37-4d20-87de-ef5c37e45dd5,NQH,7310206_Nu,7310206,D01
51bf6747-7392-4530-8ebb-c1b4ea705fef,NQH,7860231_Nam_B,7860231,A00
ec22646b-4fac-414d-977b-aaeffcb76daa,NQH,7860231_Nam_B,7860231,A01
d5401212-3e59-46b1-98bc-025652ad52d7,NQH,7860231_Nam_N,7860231,A00
17320a3b-cdfa-4a04-b117-759f2df920ec,NQH,7860231_Nam_N,7860231,A01
d53a6979-f518-4a1a-a2ee-9d205a8fd4d6,NQH,7220201_Nam,7220201,Q00
4350f406-9258-442f-a654-9a3d0440f9d6,NQH,7220201_Nu,7220201,Q00
09ced4dd-13c8-49ed-8ac6-bcc0c2d48a01,NQH,7220202_Nam,7220202,Q00
90e5b8c4-ab45-4370-a902-0027adacf970,NQH,7220202_Nu,7220202,Q00
b9ee8111-1d26-40ee-8ac3-562db1397926,NQH,7220204_Nam,7220204,Q00
c765b91b-fba6-42b7-98a9-f6a5e3d81513,NQH,7220204_Nu,7220204,Q00
8499536f-d0b1-45dc-9a27-25c35be2ab51,NQH,7310206_Nam,7310206,Q00
fd7993f2-182c-4b80-902a-fcec8a083bde,NQH,7310206_Nu,7310206,Q00
683d65bf-1c0e-4869-b6a2-6984c088137f,NQH,7860231_Nam_B,7860231,Q00
3b01cb2a-acbb-4514-9c30-74aea0b692eb,NQH,7860231_Nam_N,7860231,Q00
2461ea05-3fd0-4a74-8963-0d475771674b,HCP,7310101,7310101,A00
d5732e1c-1b7b-4f1e-8a5e-f15ce74b4f3a,HCP,7310101,7310101,A01
4684a03b-7936-4d0b-9b42-4b0b6ed642b2,HCP,7310101,7310101,C01
93b66fe6-9d28-4cc7-80dc-ffb44c3d2bd9,HCP,7310101,7310101,D01
baf0effb-a34d-4380-8da0-b964b33f5102,HCP,7310105,7310105,A00
631529fe-b6b0-4256-be56-f7a26565aef3,HCP,7310105,7310105,A01
7e52ce8b-7294-4716-8424-b8ec9292aa11,HCP,7310105,7310105,C02
c253b00d-5bc3-43e9-9487-457f311cd1a2,HCP,7310105,7310105,D01
fea83e55-f8d1-43b3-8985-db372bebc16d,HCP,7310106,7310106,A00
de4e5043-e54c-411e-b388-f9f798d1759c,HCP,7310106,7310106,A01
a71f2565-f65d-4016-bcfd-ef4d28c3ef50,HCP,7310106,7310106,D01
91227727-b61e-4819-91f3-0cc3ed98c6b0,HCP,7310106,7310106,D07
9ca90192-f190-43d9-91d1-e24c1ba47114,HCP,7310112,7310112,A00
ad1daa68-28cf-4493-994a-8d8f207f0154,HCP,7310112,7310112,A01
8bbb10c5-6e28-4f7b-afc2-275ad5ccc226,HCP,7310112,7310112,C01
5de3959a-eae7-48fe-b58b-121e9162e160,HCP,7310112,7310112,D01
698cd1f6-569e-4a08-bf72-a97a27d45b94,HCP,7310205,7310205,A01
4ba05098-af43-47e2-a918-ba9850309c04,HCP,7310205,7310205,C00
78239bb4-17c2-4440-a259-2c97cdaf1bce,HCP,7310205,7310205,D01
19f8b282-aea8-4277-871d-71da141e7c6c,HCP,7310205,7310205,D09
7bdc4578-315d-4271-8b2f-f4a740bae6fc,HCP,7340101,7340101,A00
dd955e4d-fc96-4273-b763-17ef56882b60,HCP,7340101,7340101,A01
c3ac8151-a038-4aa1-ba9f-eb8dd9fb71fb,HCP,7340101,7340101,C01
c80d5495-d7ae-4624-aa3b-88691553239e,HCP,7340101,7340101,D01
a1af410e-7f1d-435d-afda-57aa60d7b3ad,HCP,7340201,7340201,A00
440a3b4d-63bd-43e3-b731-60a056ab1b8f,HCP,7340201,7340201,A01
69f59a17-7acd-4a0b-8a39-cb043f583a6b,HCP,7340201,7340201,D01
071fb8f7-3a9b-49c4-97bf-c15595bd6d20,HCP,7340201,7340201,D07
57ac2b07-956c-4e12-b961-4f852d40c575,HCP,7340301,7340301,A00
2e1896af-46db-4a37-8bbe-b70af8442aa6,HCP,7340301,7340301,A01
243eda5f-84ee-4984-ab4f-eebf4638d169,HCP,7340301,7340301,C01
617129a4-98ec-43a4-8705-d04de0df1821,HCP,7340301,7340301,D01
e9c6cd36-a502-4fc0-98f0-98eafc0347ec,HCP,7380107,7380107,A01
881f8bcf-f568-4b39-8bd0-28b22433a946,HCP,7380107,7380107,C00
f70b3db0-80c4-48c1-8aa3-1e1710a1ff4e,HCP,7380107,7380107,D01
9bff3626-30d1-4ee1-898d-632ba51724f0,HCP,7380107,7380107,D09
cf5e04b7-e184-43b1-86c6-b81b8ab1e797,HCP,7220201,7220201,A01
5610d448-9065-4b1f-a49c-c284f0606340,HCP,7220201,7220201,D01
4981cbb4-26c8-45f5-af88-247abb08cf0a,HCP,7220201,7220201,D07
8495e0a0-b8f2-4198-a56d-0076ac69ff4e,HCP,7220201,7220201,D10
0d27a1fd-ae31-4e5a-bb43-ada8dd21c05d,HCP,7310109,7310109,A00
7692a9ef-4b22-4c0d-8af1-dbb08c55683a,HCP,7310109,7310109,A01
cb81d92e-9db8-442f-8910-805f4ec2c1ca,HCP,7310109,7310109,C01
032fa58a-0591-4232-b581-71616d0cd846,HCP,7310109,7310109,D01
ac3957f4-7512-4ae9-9fa3-e7143b445021,HCP,7380107,7380107,A00
d04aa05d-bc53-416c-ac11-7422c904bacf,HCP,7310106_CLC,7310106_CLC,A00
e7665abf-032f-4c66-b8d7-ae529508562b,HCP,7310106_CLC,7310106_CLC,A01
d1b685ae-b228-41d1-88ab-248f55b94093,HCP,7310106_CLC,7310106_CLC,D01
f497b093-71a6-4e10-ac4e-b03e8327eaa2,HCP,7310106_CLC,7310106_CLC,D07
8372af98-e338-4219-a53b-320d4ea21141,HCP,7340201_CLC,7340201_CLC,A00
5999d82d-a592-49ea-ad73-ce83a40ebb34,HCP,7340201_CLC,7340201_CLC,A01
b0bf5315-250e-4fc3-af28-dd8772c40bbe,HCP,7340201_CLC,7340201_CLC,D01
9070f157-b0fd-457d-9ef4-177a3a507c99,HCP,7340201_CLC,7340201_CLC,D07
8432bad1-4cd4-4955-8c83-b9582ccb9716,HCP,7310101,7310101,D07
bc4928d9-7b72-436e-a1fa-3e3d4dc3ebae,HCP,7310106_1,7310106_1,A01
1addf3f4-9009-47d6-94ce-32bee0608613,HCP,7310106_1,7310106_1,D01
8f3cfb86-2430-4caf-bcb7-355042cd4c0e,HCP,7310106_1,7310106_1,D07
8a94ad7c-48e3-4e6c-8b34-aedf4e33b7c8,HCP,7310106_1,7310106_1,D10
2ec7dac3-f580-4ac6-9c23-5bae572631c5,HCP,7310109,7310109,D07
f8bd769b-5ac4-4d5b-8526-5d299d5d5a9a,HCP,7340101,7340101,D07
42d6bec6-0c66-46fa-8f01-11d05a9f6f59,HCP,7340101_1,7340101_1,A01
950e87ce-e49c-4722-8976-29c486d5f449,HCP,7340101_1,7340101_1,D01
8d1c413f-2f62-4d5a-a841-b53efa6048ec,HCP,7340101_1,7340101_1,D07
4a18a767-7041-4bc0-a863-202af6543d57,HCP,7340101_1,7340101_1,D10
e269bdf3-33b7-4f24-ba47-1ce5156318cb,HCP,7340201_1,7340201_1,A01
99a82f43-898f-4fa9-8de8-ce2361c55958,HCP,7340201_1,7340201_1,D01
94b70ad3-df84-4a69-8598-f3aac1394714,HCP,7340201_1,7340201_1,D07
ad1f9f1c-c497-4cc7-b3c3-86805be04f2a,HCP,7340201_1,7340201_1,D10
fb0d16c8-93d3-41fe-a465-a27201ea819e,HCP,7340301,7340301,D07
efffae41-bd91-46d9-ad69-fb5a35dd8256,HCP,7220201,7220201,D09
e692add3-ecd1-49ee-a479-5bd2a9f4107d,HCP,7310101,7310101,D84
a8f4b6e1-ce27-49ba-8292-f40442aaf8d1,HCP,7310105,7310105,D84
afa8a05e-cb22-4f5a-b332-79e0da4e946c,HCP,7310106,7310106,D84
75d30b4c-94af-44d2-9bad-0832d4d3e808,HCP,7310106_1,7310106_1,D84
2beccc81-db02-48a5-89a4-1fb0220dd61a,HCP,7310106_2,7310106_2,A01
ab83fa43-db8f-4b03-8846-96bf0512d183,HCP,7310106_2,7310106_2,D01
3124cc3b-438e-4b25-be65-c1783f56eb13,HCP,7310106_2,7310106_2,D07
00c92f38-540e-44f3-839e-c543ee5f02ea,HCP,7310106_2,7310106_2,D84
82fb68a2-528a-4d61-a672-56ea24bf709d,HCP,7310109,7310109,D84
b41738a5-b07f-424f-8e43-539156a2aca0,HCP,7310205,7310205,D84
88de609f-db9e-4445-8386-0f16911b25de,HCP,7310206,7310206,C00
d6eb9d9a-6e1c-46ec-ac11-defe0a34347e,HCP,7340101,7340101,D84
a82c3c82-6636-4838-960f-3d434a9f5915,HCP,7340101_1,7340101_1,D84
2f8d6a94-891b-4ff4-8dcf-f2d40f8087ff,HCP,7340115_2,7340115_2,A01
4d38eff8-8fca-4d06-8dc8-16b3ce6e5f0c,HCP,7340115_2,7340115_2,D01
aaa6ab36-c495-420f-9f6f-b4015088236e,HCP,7340115_2,7340115_2,D07
00e1c358-1479-44ca-b745-38f9204f93c8,HCP,7340115_2,7340115_2,D84
cc284469-537a-406b-929a-e416638b05db,HCP,7340201_1,7340201_1,D84
170318a5-5b82-412a-a715-813ff2795722,HCP,7340201_2,7340201_2,A01
d90bcceb-cff7-47db-a147-8c2e8f0af0e8,HCP,7340201_2,7340201_2,D01
006f6773-d990-4ba3-8ced-93d8cf0a1463,HCP,7340201_2,7340201_2,D07
4d807e02-cb0a-4eb2-88ff-fbc07abc1b05,HCP,7340201_2,7340201_2,D84
b21eb97f-ec2b-4b26-ae7c-53346d2189a5,HCP,7340301,7340301,D84
5d3e065b-4597-44d5-9357-c22567ec1893,HCP,7380107,7380107,D84
e1923a1d-5cb9-4b01-8e2c-7cecb3f14f34,HCP,7310106_1,7310106_1,A00
c12e4ead-8986-4b07-8f9b-60d8617ffe01,HCP,7340201_1,7340201_1,A00
ba007c78-7a6e-470a-bba5-d40464f87829,HCP,7380107,7380107,D07
2b74d6d0-c95b-4c3b-a9f6-1f1ea62b4bcc,KMA,7480201KMA,7480201KMA,A00
44c8c2a5-a6a3-4ff6-88a6-b0384edc9c50,KMA,7480201KMA,7480201KMA,A01
5a2ec9bc-4564-48eb-9814-33447c23d881,KMA,7480201KMA,7480201KMA,D90
64143a78-c301-4134-921c-00e2d64199c8,KMA,7480201KMP,7480201KMP,A00
bf968974-6d24-49e6-9812-c11ab239e39e,KMA,7480201KMP,7480201KMP,A01
271b0771-79c0-4cd0-9546-06b5a8301bb5,KMA,7480201KMP,7480201KMP,D90
faf68395-ec1e-4213-bb63-e4e4c4e44d49,KMA,7480202KMA,7480202KMA,A00
6a7f2a6f-6514-476c-9e90-623e02876c19,KMA,7480202KMA,7480202KMA,A01
cd8395df-7cb0-4ec3-80dc-7b04100c8137,KMA,7480202KMA,7480202KMA,D90
403b6271-4e99-46f1-89fc-769da6960621,KMA,7480202KMP,7480202KMP,A00
240d0093-bf32-4451-8886-ac2541e187ed,KMA,7480202KMP,7480202KMP,A01
d3997f9d-2323-4660-8fb8-05c5fb71af82,KMA,7480202KMP,7480202KMP,D90
68924928-0f64-4ff6-a38e-53e53a945c30,KMA,7520207,7520207,A00
625f645d-eeac-4383-8990-825e84084912,KMA,7520207,7520207,A01
6615d588-71df-4f78-ae1d-5632e069f038,KMA,7520207,7520207,D90
ac7c580d-d4d0-4785-913c-bf0154fc62e9,KMA,7480201KMA,7480201KMA,X06
f2de0de3-f0c8-4378-bfb0-08330f723f7b,KMA,7480201KMA,7480201KMA,X26
c0a0971b-7a8b-41cf-99fc-d31be6d926c7,KMA,7480202KMA,7480202KMA,X06
68b0d189-1e65-41e4-a081-345a7508af6a,KMA,7480202KMA,7480202KMA,X26
1b95639a-15e1-40e4-896e-df0fa188fbba,KMA,7480202KMP,7480202KMP,X06
edec63d2-56e7-4190-b4f3-abb987dee045,KMA,7480202KMP,7480202KMP,X26
01aa45f3-6e1f-4c90-82e1-c28aa747d346,KMA,7520207,7520207,X06
97b8b074-c10c-401d-811e-4170d7dc4983,BVH,7320104,7320104,A00
9e9e6f89-fe49-4629-b096-faa143ec0258,BVH,7320104,7320104,A01
67f30fc4-1829-4f34-81d0-d696f3f83ff6,BVH,7320104,7320104,D01
430159e5-63ab-4fce-ba03-eda7c956ee11,BVH,7329001,7329001,A00
3d993136-f4b6-450f-95e9-705e72f63738,BVH,7329001,7329001,A01
0230a9cd-34d6-4ce8-a7d6-a4cfa752281e,BVH,7329001,7329001,D01
90d2397c-8a84-4ead-8866-474c44fee13c,BVH,7340101,7340101,A00
2cd4bdd1-c7f3-4c8b-ace3-f11a437dd11e,BVH,7340101,7340101,A01
f55be89b-8213-4bc3-87b3-41903976d714,BVH,7340101,7340101,D01
517bb225-f3df-482a-aa36-012c3709cde0,BVH,7340115,7340115,A00
66cd4424-83fb-4180-a562-a802a0bbf13b,BVH,7340115,7340115,A01
525ade53-0e60-4f69-9c53-c5a924e4640a,BVH,7340115,7340115,D01
dce5cc78-8a5d-4b4c-97d9-e0db7c7d15ec,BVH,7340122,7340122,A00
f982bcb9-aac3-400c-8399-fc71bfe55eb9,BVH,7340122,7340122,A01
3d011251-edc9-4573-9108-298a6b438828,BVH,7340122,7340122,D01
c35ac0a3-6e15-4558-b26f-e83fea3d73f9,BVH,7340208,7340208,A00
3b619e86-95db-411a-9e69-0717760aa38b,BVH,7340208,7340208,A01
51540431-701a-417d-8c98-7fffef439f9c,BVH,7340208,7340208,D01
4b307c81-a8fd-42b2-869a-3d555a323f40,BVH,7340301,7340301,A00
fa7f7330-2761-44a0-aa90-635de0e2815c,BVH,7340301,7340301,A01
52b7d02a-ac16-40e0-8508-28eb1a297e07,BVH,7340301,7340301,D01
9400e751-8fca-40e5-b907-37905280cf22,BVH,7480201,7480201,A00
33918e0d-7556-44b9-8688-a7080b34436a,BVH,7480201,7480201,A01
490a24b4-b6aa-4cdc-a849-2fe30b275ac6,BVH,7480202,7480202,A00
653256ee-1d99-4d2b-b0f5-f9301b5ab421,BVH,7480202,7480202,A01
e3f2d372-2562-4fd5-99e7-ade4b88dcf34,BVH,7510301,7510301,A00
11103827-f1a1-45c7-a9cd-db7945d792ef,BVH,7510301,7510301,A01
38d3269c-5181-4366-b0ac-662f562b905a,BVH,7520207,7520207,A00
324cdbb3-e87d-488d-8e34-315e7ba3fa9d,BVH,7520207,7520207,A01
58c05a92-3ef4-47a7-8dfa-620f4fe66d89,BVH,7320101,7320101,A00
df659001-052f-444c-b148-fac21362e513,BVH,7320101,7320101,A01
df9d0acd-00f0-4e6f-b81a-d5e55514793c,BVH,7320101,7320101,D01
6c7b8495-14ce-48af-9fa3-e2cd48b2b3c8,BVH,7340205,7340205,A00
38e3daf0-dfdf-4dd6-8824-e7a07c97155e,BVH,7340205,7340205,A01
b2a552b7-f0c4-4a63-9e6f-1be0c042b898,BVH,7340205,7340205,D01
d602eb85-17e8-4c19-8764-aee79a8e285d,BVH,7480101,7480101,A00
dfc87fd9-b08d-4fa7-9710-3f79a216c179,BVH,7480101,7480101,A01
3638dc91-c1f1-455e-9000-27adb2738b2e,BVH,7480102,7480102,A00
101f54b5-1061-4aa8-a5ab-c2e34d8b5078,BVH,7480102,7480102,A01
4ad1920e-a517-429b-9bf6-9cc605ef2084,BVH,7480201 _CLC,7480201 _CLC,A00
b06a1f58-af7a-4926-90d0-c9fad9eadcd7,BVH,7480201 _CLC,7480201 _CLC,A01
c0faf9a6-81d0-4e09-85b2-8a02d56a6448,BVH,7480201 _UDU,7480201 _UDU,A00
e79684b7-cd82-48c1-bdd8-786516bd0bbd,BVH,7480201 _UDU,7480201 _UDU,A01
bd3fc198-addc-4f35-8ea3-b8ce4cc6db35,BVH,7520216,7520216,A00
7c51bc3b-8ab6-410e-92d8-2389c5fb2476,BVH,7520216,7520216,A01
1ab65a76-876c-4efe-b9dc-9746d391ea94,BVH,7329001_GAM,7329001_GAM,A00
cffb22cc-b429-4a6c-b2f3-3a8db1aac62a,BVH,7329001_GAM,7329001_GAM,A01
f969b655-c89e-4437-bbf0-14fe7104034c,BVH,7329001_GAM,7329001_GAM,D01
32e7917b-ff7e-4965-b0c6-47106737f6c8,BVH,7340115_CLC,7340115_CLC,A00
6f2a4226-a114-4335-b55d-75cb6638d57f,BVH,7340115_CLC,7340115_CLC,A01
02d69a5d-44fb-436c-9fbf-ded0b6859fba,BVH,7340115_CLC,7340115_CLC,D01
f649fa34-4755-43af-9326-07f6bfbba7d4,BVH,7340115_QHC,7340115_QHC,A00
ee9b2cce-032f-4713-9234-59f090b8cc68,BVH,7340115_QHC,7340115_QHC,A01
cfd6c1f2-fd50-4291-835c-37d7f6df99ba,BVH,7340115_QHC,7340115_QHC,D01
2ab65a1f-6a80-4acf-af20-e931b1f0c383,BVH,7340301_CLC,7340301_CLC,A00
afa7bcaf-1375-4516-a59a-b4858ea05d7b,BVH,7340301_CLC,7340301_CLC,A01
46b7f35b-074d-4c0f-b09e-1a675292d804,BVH,7340301_CLC,7340301_CLC,D01
0ddf8efc-b707-4dba-a8e0-3da6ef0dfaec,BVH,7480201_CLC,7480201_CLC,A00
3683d045-d4bc-4d50-ba26-aab7d62a0c36,BVH,7480201_CLC,7480201_CLC,A01
f78d0810-7529-4696-b56c-b6536646fd34,BVH,7480201_CLC,7480201_CLC,D01
90ac580e-391a-4270-842b-a93e4f9ef9ed,BVH,7480201_UDU,7480201_UDU,A00
d1588735-ccf9-40fd-aaf1-9f785d1afb4d,BVH,7480201_UDU,7480201_UDU,A01
68cce109-88da-486c-ac4d-67c1200ede87,BVH,7480201_VNH,7480201_VNH,A00
b28aa3e2-5a33-403b-830c-ea3fc8f0e5c9,BVH,7480201_VNH,7480201_VNH,A01
374a0862-1e10-4e7b-aaed-fe2c1ed767d1,BVH,7320101,7320101,X06
dc0c66ce-9f8c-4b83-bde5-cab08348a25c,BVH,7320101,7320101,X26
4cbce469-3004-4695-bad3-ac006a1e4e85,BVH,7320104,7320104,X06
075c06a1-e6eb-4b3a-8107-c91dfb421fe9,BVH,7320104,7320104,X26
7aa763a3-67e8-42cb-9278-4816c3c0bac4,BVH,7320104_CLC,7320104_CLC,A00
da054e68-605c-4eeb-8c3a-5dcb3eeab21f,BVH,7320104_CLC,7320104_CLC,A01
85dc4fdc-b4d6-4330-90c4-cc90476a16ac,BVH,7320104_CLC,7320104_CLC,D01
53504475-181c-40f1-8b14-04747463bc67,BVH,7320104_CLC,7320104_CLC,X06
991e5d46-8151-413b-9ccf-c38ddcaf14d7,BVH,7320104_CLC,7320104_CLC,X26
23307680-06f1-48c8-a62f-4370c8dde541,BVH,7329001,7329001,X06
92635eba-0180-4d21-9b9b-3019746fba61,BVH,7329001,7329001,X26
5fa9f735-67af-4c70-b401-32695261d537,BVH,7329001_GAM,7329001_GAM,X06
2a80621e-93d8-4f20-8431-540f3b3700fb,BVH,7329001_GAM,7329001_GAM,X26
41dc1337-c4cd-453b-8187-5bb1a7a5f451,BVH,7340101,7340101,X06
0c8ff749-b959-46d5-a4a5-74c516facf3f,BVH,7340101,7340101,X26
1cacff76-2107-4a68-a2e5-714f34cdd589,BVH,7340101_LOG,7340101_LOG,A00
404c39fc-94e4-4d51-b9cc-b4ae86dd70b1,BVH,7340101_LOG,7340101_LOG,A01
e24c60e6-c163-46b8-b1e9-08c3de5fa29a,BVH,7340101_LOG,7340101_LOG,D01
0a57ef86-52cf-4543-8744-e34d425591b2,BVH,7340101_LOG,7340101_LOG,X06
1714d2d5-b30f-42a0-951d-d90dbd3b7c19,BVH,7340101_LOG,7340101_LOG,X26
37294980-8863-4e90-a2fc-04822c28f90f,BVH,7340115,7340115,X06
1251ac5a-c8e3-44ad-9535-62b13453ada0,BVH,7340115,7340115,X26
6438697f-1b68-4efa-9e22-dacbcdd7237d,BVH,7340115_CLC,7340115_CLC,X06
441b1995-d343-410b-81fa-8c39b66385fc,BVH,7340115_CLC,7340115_CLC,X26
9c808ee8-056f-4924-81c8-cbe917c2cb7e,BVH,7340115_QHC,7340115_QHC,X06
f786eb95-4faf-4358-a424-58349e897878,BVH,7340115_QHC,7340115_QHC,X26
9de355f1-1004-471b-b3ef-cb2dfe50b160,BVH,7340122,7340122,X06
c540cc8b-9e68-48d3-b83a-b06232132c67,BVH,7340122,7340122,X26
485ae457-9c23-4d57-9f52-07fb4b54b52a,BVH,7340205,7340205,X06
d016d575-3912-4cc0-b9f1-0c2ff7efb79f,BVH,7340205,7340205,X26
734828a5-cd6c-4637-9bc9-fb204f4ff96e,BVH,7340301,7340301,X06
72925e77-8a67-4f4f-9822-f77a1fa1f4b7,BVH,7340301,7340301,X26
e8145646-a9b4-4cb6-861e-8b123fb4d127,BVH,7340301_CLC,7340301_CLC,X06
0b908f2e-6677-41d9-b093-d13a79745d93,BVH,7340301_CLC,7340301_CLC,X26
b9953947-ba26-47f0-ad17-4a28fe654b7b,BVH,7480101,7480101,X06
6240ea4f-13b4-436a-a8cd-5f57fbf579f7,BVH,7480101,7480101,X26
5aed1dce-da96-4f66-afe2-6b429c79b388,BVH,7480102,7480102,X06
bc847be8-b806-4d7f-8242-a15527741c8f,BVH,7480102,7480102,X26
7e27b444-f4c5-47a8-8460-206ad2b854f4,BVH,7480107,7480107,A00
83ad7533-8b4d-4350-bd24-d0e82637f129,BVH,7480107,7480107,A01
feb11b79-bdc4-470c-8581-b2efb34ce457,BVH,7480107,7480107,X06
8678ffe7-4b99-42ba-bdf9-2efdcdc28800,BVH,7480107,7480107,X26
b0ca1b90-05e3-4726-b0db-c887be696579,BVH,7480201,7480201,X06
0ae05fff-00ee-45a0-a16d-6903e29dd456,BVH,7480201,7480201,X26
39aba01d-11a9-4c92-8cc2-a33b3e947642,BVH,7480201_CLC,7480201_CLC,X06
b236904f-98b2-45e5-98ff-857332d5fc21,BVH,7480201_CLC,7480201_CLC,X26
23526eb4-e3ea-493e-adb1-86c9c89b8e88,BVH,7480201_UDU,7480201_UDU,X06
af011036-35ae-466f-a8c7-2d899931944a,BVH,7480201_UDU,7480201_UDU,X26
64ba4387-4f50-4a0c-a339-12c88da9bb32,BVH,7480201_VNH,7480201_VNH,X06
d4021ba8-5dde-4f95-bd75-f3558e9ee37c,BVH,7480201_VNH,7480201_VNH,X26
f505580a-06c8-431e-8350-3caa193c952f,BVH,7480202,7480202,X06
99c518be-d025-4322-b78c-393acb927f62,BVH,7480202,7480202,X26
e7ab0457-048d-41b6-9e86-c4fd22e43ee1,BVH,7480202_CLC,7480202_CLC,A00
1f08b208-f945-4d8d-a401-24f8293f9e1a,BVH,7480202_CLC,7480202_CLC,A01
940b1f73-f63b-489c-bbda-292ea044d84b,BVH,7480202_CLC,7480202_CLC,X06
eb555daf-0f67-4fe2-9ed5-51139d0816ca,BVH,7480202_CLC,7480202_CLC,X26
0a3f90b5-f260-4a23-ac6d-ea2c1eaaacea,BVH,7510301,7510301,X06
fd143606-be75-4fac-97a6-ede95026e19f,BVH,7510301,7510301,X26
e0d265bb-9f39-4655-a48c-6931b782aacd,BVH,7510301_MBD,7510301_MBD,A00
6c8973c7-16a4-464c-9917-a11ee488b201,BVH,7510301_MBD,7510301_MBD,A01
b6e0c734-f34e-4aa8-94f4-77256ea32fe7,BVH,7510301_MBD,7510301_MBD,X06
4f84f62c-9008-4875-81fa-76846e61a432,BVH,7510301_MBD,7510301_MBD,X26
387e3934-7056-4d34-8a08-9e6be5b0700e,BVH,7520207,7520207,X06
41b999cb-7341-4852-83da-6aab6b2fab3f,BVH,7520207,7520207,X26
3ac4226a-969e-49df-807b-23bde0b5e527,BVH,7520207_AIoT,7520207_AIoT,A00
1747fc20-6137-4552-b059-bdd12b48a4e5,BVH,7520207_AIoT,7520207_AIoT,A01
fd849a62-503d-40c7-8704-4271ce875429,BVH,7520207_AIoT,7520207_AIoT,X06
c084ca8c-2925-4033-9493-256a64ce8bfe,BVH,7520207_AIoT,7520207_AIoT,X26
1c5b1563-0342-47d8-ba87-5b980588f9df,BVH,7520216,7520216,X06
7314a69b-9115-49f8-a8c4-860604293bed,BVH,7520216,7520216,X26
8ca705c7-9e8b-4d25-bf94-e019c84297e6,BVH,7329001_LK,7329001_LK,A00
2b89c180-d2c1-47ee-9161-24408955d539,BVH,7329001_LK,7329001_LK,A01
430c36db-a10c-45f9-a87d-c03ead566d18,BVH,7329001_LK,7329001_LK,D01
37d9c610-1fe4-4424-80ef-ffb17c7b2bf5,BVH,7340205_LK,7340205_LK,A00
6bbd86a1-501c-4c99-a630-d5c3f4d5d68e,BVH,7340205_LK,7340205_LK,A01
74f84632-c25a-46be-a3fc-a157474f4d2e,BVH,7340205_LK,7340205_LK,D01
085ce302-dae0-47a0-8a83-40460eb24d7d,BVH,7480201_LK,7480201_LK,A00
55fddc97-b479-41ea-998d-8a273881c92c,BVH,7480201_LK,7480201_LK,A01
fbe10b50-a648-4e81-a7f2-d6fe5dd4eb82,KQH,7860220,7860220,A00
8dcb4eb1-bd65-4385-b8a9-9e997fa3b38e,KQH,7860220,7860220,A01
8c58901f-4cfc-4045-a2cf-7ee66eccc3fd,KQH,7860220_Nam_B,7860220,A00
cea7142c-d977-407a-a98a-8f50226b618f,KQH,7860220_Nam_B,7860220,A01
77448e1a-cfbc-4a5d-b9cb-bc6eb957c7a9,KQH,7860220_Nam_N,7860220,A00
3d5cb21e-feeb-4e8e-8a9b-ef2517b61b2f,KQH,7860220_Nam_N,7860220,A01
1257cd3f-ef57-4b54-8060-285e1caabe9a,KQH,7860220_Nu_B,7860220,A00
84b5aa14-28e9-43af-8c4b-5d653308f65a,KQH,7860220_Nu_B,7860220,A01
e762e7d2-f34d-4e74-9f7d-56980edda80c,KQH,7860220_Nu_N,7860220,A00
82c8e5c2-d746-4b6f-8399-8e734eac8119,KQH,7860220_Nu_N,7860220,A01
06ca2c73-867a-4d17-b7b3-6a1bd8bdfda2,KQH,7860220_Nam_B,QS,A00
8be814cb-49c9-4730-a279-88b8ba257128,KQH,7860220_Nam_B,QS,A01
00da1098-eb3c-40d4-967f-55cb9e180e90,KQH,7860220_Nam_B,QS,X06
01371967-fcac-4143-aed8-bfd11f2ce61f,KQH,7860220_Nam_N,QS,A00
c6e28b75-c28d-4b54-ba86-29472c4d3885,KQH,7860220_Nam_N,QS,A01
a8e8519a-7515-48e2-a2a3-cd4d19720f42,KQH,7860220_Nam_N,QS,X06
5f797d7e-c289-4b7b-bd70-6c78de3aad1a,KQH,7860220_Nu_B,QS,A00
412b4058-e3e2-4b48-a536-6607c4243e83,KQH,7860220_Nu_B,QS,A01
3b1ccccc-0e9d-4408-85e0-31aa50776d55,KQH,7860220_Nu_B,QS,X06
896a87ff-5ee0-4e73-9a26-cafc4625157b,KQH,7860220_Nu_N,QS,A00
311ddee1-14b8-47fd-a521-68c2e9baec19,KQH,7860220_Nu_N,QS,A01
17b12349-5502-408c-9eff-c81975ebe066,KQH,7860220_Nu_N,QS,X06
552af490-0d80-4d1e-afec-233b75e0c53c,HVN,HVN01,HVN01,A00
14b81871-71cd-4129-b093-1b9a427681a6,HVN,HVN01,HVN01,D01
96a503de-066d-46d5-b94a-2b6aa3d8a838,HVN,HVN02,HVN02,A00
6a8880a8-4c58-4fa7-adcd-b23dc64c696d,HVN,HVN02,HVN02,B00
a22c14f7-3a76-4c62-b160-b2b59fb8a575,HVN,HVN02,HVN02,B08
fb8eb4c2-bd77-4078-9ffc-fdd76c959f51,HVN,HVN02,HVN02,D01
f7498526-e527-4d03-beaf-128f4ce2ba49,HVN,HVN03,HVN03,A00
d3fe0f9e-0b17-4499-b023-61ac68bd1f79,HVN,HVN03,HVN03,A01
d510a681-6d12-49a8-982f-1c469485e0b7,HVN,HVN03,HVN03,B00
0fec5620-cfac-4359-a960-e2d3bc237f2e,HVN,HVN03,HVN03,D01
a85fb144-6e91-49d0-90c8-197561cc0e45,HVN,HVN04,HVN04,A00
7bba3f36-0f9b-4499-8eb7-e20ba8972087,HVN,HVN04,HVN04,A01
986dd136-d756-43fa-b740-fa70dd15b96d,HVN,HVN04,HVN04,C01
65f09b84-ba7b-40db-a928-a843be8ffd0f,HVN,HVN04,HVN04,D01
25d00952-686f-46b8-b66e-70011f5a9634,HVN,HVN05,HVN05,A00
09bc90e9-11d2-4394-88a2-a9be78d4512c,HVN,HVN05,HVN05,A01
6e488f5c-ab46-45dc-9644-68bd176da378,HVN,HVN05,HVN05,C01
15c41955-61d7-401b-a822-3e3f9ac8beca,HVN,HVN05,HVN05,D01
345c305e-53fc-4135-9344-8a4641a367f5,HVN,HVN06,HVN06,A00
f59fd3cc-89d4-4376-9789-c5b1e62d8b92,HVN,HVN06,HVN06,A09
c25a5486-8e32-49de-ab35-b98832c88eab,HVN,HVN06,HVN06,B00
0e336b60-b756-49a8-ac8d-098fae079bee,HVN,HVN06,HVN06,C20
322ed423-7d31-45ce-bb12-87d44f876927,HVN,HVN07,HVN07,A00
23f064f2-5770-4215-8105-a6bc42ccea85,HVN,HVN07,HVN07,B00
2627dede-a2dd-4a5a-8498-bbc1861347ba,HVN,HVN07,HVN07,B08
f696b70a-4eb0-42da-9810-e5fe08b98859,HVN,HVN07,HVN07,D01
bbda12ab-cf8b-437e-9b50-7f1bd0f9e640,HVN,HVN08,HVN08,A00
0a1dd35d-1c52-4a8b-86b0-a32b98f43ce9,HVN,HVN08,HVN08,A01
b89694d4-6224-406c-87c9-400e1fffbee7,HVN,HVN08,HVN08,A09
8fa3e474-99f5-42ce-b86b-e22b944801cb,HVN,HVN08,HVN08,D01
b0bf1f8a-c212-4fc3-9ecf-14ee423bec85,HVN,HVN09,HVN09,A00
b59e1d95-3a8f-45ea-b3cc-1b1da6c2e2b7,HVN,HVN09,HVN09,A01
a60a4a44-03a1-4d7e-9375-c269ed59ceec,HVN,HVN09,HVN09,B00
ef09f4cd-65e2-4e66-8172-b8040d440b52,HVN,HVN09,HVN09,D01
00b53add-d930-4b82-a890-535833f65565,HVN,HVN10,HVN10,A00
5c120d66-1aad-469e-a820-22997f0362e1,HVN,HVN10,HVN10,A09
400ef233-89b4-498e-aa95-62ae2852f5fe,HVN,HVN10,HVN10,C20
9772a0a1-b7a8-4d41-9560-11ae0606240d,HVN,HVN10,HVN10,D01
be8bf099-42b6-4d77-b5a4-4bd686ee9daf,HVN,HVN11,HVN11,A00
846234a1-316d-4713-9fb1-90ebe4f418bd,HVN,HVN11,HVN11,B00
46fc9d7a-f2f8-4665-b283-2af1381d9e9c,HVN,HVN11,HVN11,B08
e400d577-4886-442e-8d62-ad94e22c12d7,HVN,HVN11,HVN11,D07
52e96671-37b0-427a-a3de-f38417992bce,HVN,HVN12,HVN12,A00
0ed38e23-71f6-4283-8161-3f5d452d1df0,HVN,HVN12,HVN12,C04
c179dee9-2b71-44da-a3fb-58360fdb4716,HVN,HVN12,HVN12,D01
b58e74f4-4986-4780-b759-1a5b350b2e74,HVN,HVN12,HVN12,D10
543dcd37-4a0b-4e2d-97cd-8b083125a4e3,HVN,HVN13,HVN13,A00
54329f7b-fafa-4ee7-b2f2-959cc7429777,HVN,HVN13,HVN13,B00
fef15c13-cc4f-4e38-b4c4-63ca84ff3156,HVN,HVN13,HVN13,D01
b2fd1e80-5e73-4226-8a32-92b54810e912,HVN,HVN13,HVN13,D10
9e9fab2c-6493-4e11-a411-4a2abb0d9259,HVN,HVN14,HVN14,A00
05ca24a2-190a-4532-a6fc-96b6f9cdddfc,HVN,HVN14,HVN14,C00
8d5fde8e-71b9-4698-b5b6-53734b8395fb,HVN,HVN14,HVN14,C20
339659f6-905c-4622-8c44-ba7c32d0bba2,HVN,HVN14,HVN14,D01
4e3d3655-b526-49bb-a052-3f6b092454df,HVN,HVN15,HVN15,A00
2ffd225c-f9b0-4586-a41a-52bdbd416a8e,HVN,HVN15,HVN15,B00
e4298403-9b55-4d61-86ac-5c5238a17bf1,HVN,HVN15,HVN15,D01
a65b7bec-3f92-4608-a2f2-853b02d12170,HVN,HVN15,HVN15,D07
7eca27b8-0b36-4520-8c29-fe66743bdec6,HVN,HVN16,HVN16,A00
24d0bea3-b8d6-4ded-b7f5-ad389a37b66b,HVN,HVN16,HVN16,B00
1e8ff607-bd2c-4a5d-bb7e-9de805916f60,HVN,HVN16,HVN16,D01
87e66069-1ebb-433a-a9d7-1e103f3f5b3b,HVN,HVN16,HVN16,D07
6cf05595-cf13-44dd-a02b-b7bf51ddd7d1,HVN,HVN17,HVN17,D01
ed105657-2f7d-48a8-b018-1898ef99abd8,HVN,HVN17,HVN17,D07
a03ffd00-3f1e-4f75-a829-ea391ff24635,HVN,HVN17,HVN17,D14
1f3f8c02-5f5e-4cbe-8861-48c693f83cb1,HVN,HVN17,HVN17,D15
45826949-9ad7-4d93-8b17-03e398699af4,HVN,HVN18,HVN18,A00
0f2dca54-f30f-475c-9a44-1597b9923e0b,HVN,HVN18,HVN18,B00
6681b70f-4f26-4b3d-86f0-8944a8c77312,HVN,HVN18,HVN18,B08
1b2855af-3c90-4ac4-ad0a-8153752fe689,HVN,HVN18,HVN18,D01
a77d8611-30c1-4f38-a50a-b41317ad18ea,HVN,HVN19,HVN19,A00
e49d9a59-d03d-40fe-bf02-a0463a6f474e,HVN,HVN19,HVN19,A01
c688233e-db6c-4fe0-b7a9-c6c04bf32c93,HVN,HVN19,HVN19,B00
6e0a349b-127b-45c7-bdcf-ab211a459be6,HVN,HVN19,HVN19,D01
518ce679-6dad-4130-b5b5-fd689899b34e,HVN,HVN20,HVN20,A00
41e78450-cf24-494a-888a-752ee68dd43c,HVN,HVN20,HVN20,A09
718c5d3a-d239-4080-a69a-b14dff03d6dc,HVN,HVN20,HVN20,C20
1642a029-d15a-48fc-95bc-fb9f64f40dac,HVN,HVN20,HVN20,D01
a52e5eba-9f9d-4254-ae45-72737ebd0e5d,HVN,HVN21,HVN21,A00
d3916a25-cb95-4b0e-953c-6bc5fc81d194,HVN,HVN21,HVN21,A09
883be9e5-54d7-444f-bcc9-351c4acc057d,HVN,HVN21,HVN21,C20
41602ca4-5870-436e-809a-9b7040fc51b3,HVN,HVN21,HVN21,D01
09b5bb2c-d369-462c-87fb-b9b30310c53f,HVN,HVN22,HVN22,A00
9a041804-908d-4646-bd6b-b46e39d735bc,HVN,HVN22,HVN22,A01
c4fc06f9-99b9-4d88-892a-ec46a58dcad1,HVN,HVN22,HVN22,B00
2a0dc1a3-e387-4589-bec2-814cc9733225,HVN,HVN22,HVN22,D01
7795cfe1-20ba-496c-8e88-7a905d9d8720,HVN,HVN23,HVN23,A00
ad1f29ac-a38e-47c4-b556-7afa833f98cb,HVN,HVN23,HVN23,A01
a7087ed2-7469-4513-9f4e-fb5674b2497b,HVN,HVN23,HVN23,B00
8513d1f2-6c49-4217-ae16-a4f09062b44b,HVN,HVN23,HVN23,D01
f74bf07b-db45-4ddc-aa9a-a169f85b4758,HVN,HVN24,HVN24,A00
e6d2ed31-1128-4e03-97d4-431890efb0d5,HVN,HVN24,HVN24,B00
7303b065-e661-4acf-8441-c963f7ba9e7b,HVN,HVN24,HVN24,D01
5d46486c-a6da-4ac7-8a4a-5ccfa0ec06b0,HVN,HVN24,HVN24,D07
434909a3-edae-4b65-be56-3c80232c72d0,HVN,HVN25,HVN25,A00
4822e947-d8b0-4a5b-a203-69899f8f800c,HVN,HVN25,HVN25,C00
e4ccb79c-2223-4f93-9f8f-b6afc36c4bbd,HVN,HVN25,HVN25,C20
6ce859cf-5ec9-4a11-85d8-b27ba39bd81b,HVN,HVN25,HVN25,D01
4dc8a4c5-6a16-42cf-b21c-2c2fc9d65c59,HVN,HVN01,HVN01,A01
68195548-f720-4fd1-a7ee-cb83c23ae6f2,HVN,HVN01,HVN01,B00
aa0d58b6-91fc-4f4d-aff3-c1ba4512f5b6,HVN,HVN09,HVN09,D07
c9c47bbc-be69-4b16-9ca9-ddc70dd9dc42,HVN,HVN11,HVN11,D01
59d9adc8-942a-4725-99b1-3153ae94374c,HVN,HVN03,HVN03,A09
ec82ed3f-c885-4e24-9dbe-1abfb18dad2e,HVN,HVN04,HVN04,A09
6122218f-cc32-4222-a3f6-6207134d0580,HVN,HVN05,HVN05,A09
4dc76c40-51b2-469e-82ad-b8f1e3e28a4e,HVN,HVN06,HVN06,A01
eb7a09d4-9b77-46ac-89ce-2820b36c4e2a,HVN,HVN06,HVN06,D01
15baba48-803e-4654-a9ee-f8539c40979b,HVN,HVN07,HVN07,A09
0af61da4-fc12-4ca6-a904-6a1bad2afd04,HVN,HVN07,HVN07,C20
9739e48c-9594-45aa-81d0-a3ced71bc26d,HVN,HVN08,HVN08,C20
d95d4bc2-04bc-4072-9de9-84bc12478bb0,HVN,HVN09,HVN09,B08
bbce3e46-0d3b-4dbf-904d-792d6ee8be9e,HVN,HVN10,HVN10,B00
26d0e2fa-a9ac-4cfa-8254-a6b666468708,HVN,HVN10,HVN10,D07
9b440551-43ae-4462-8f06-318560538a57,HVN,HVN11,HVN11,C04
7f61c7c7-fdf0-4bda-a7bb-07bee41f6ae3,HVN,HVN12,HVN12,A09
56b6d289-b57a-459e-926c-7a4034a6149d,HVN,HVN12,HVN12,C00
e70b976a-766a-407d-bd84-db9a254ff0bb,HVN,HVN12,HVN12,C20
832f5b3b-dca4-49f1-9f6e-716326d818ab,HVN,HVN13,HVN13,A09
f96cada6-6af9-425e-a2a1-02d73fbbbd34,HVN,HVN13,HVN13,C00
04566b8d-24b6-49af-9a41-04356061e5fc,HVN,HVN13,HVN13,C20
4aefe540-bb93-4e73-8442-b9afee1e260b,HVN,HVN14,HVN14,A01
e477741d-ba8f-47fa-b976-3374b24676b5,HVN,HVN14,HVN14,A09
b1c8ef74-abbb-4819-a909-4d97647b8964,HVN,HVN15,HVN15,A01
743f1cd5-83a4-4420-8a8f-d957636773ff,HVN,HVN16,HVN16,A01
fc4e9659-f021-4616-ada3-548e26c60ddf,HVN,HVN18,HVN18,A01
6725d3b4-3f9c-40a2-8717-26a7127c5357,HVN,HVN14,HVN14,D07
c3ace932-7917-4652-b7ac-70c043b09d32,HVN,HVN01,HVN01,C03
06ff3337-4e7f-4c62-b0fe-7af5fb2e78c8,HVN,HVN01,HVN01,C04
8a236ebf-f7c8-4d90-b59b-d76564abd749,HVN,HVN01,HVN01,D07
7dd1651d-5d6d-4221-ab3e-b8860182117b,HVN,HVN01,HVN01,X01
d549d798-b2a1-40f6-baaa-928784af1dce,HVN,HVN01,HVN01,X07
b047a16d-abe5-46c9-abea-161b1a0764ce,HVN,HVN01,HVN01,X08
e0f626a9-dff9-4064-aecf-34f72743042b,HVN,HVN02,HVN02,A01
a8ad565b-e644-405c-b24f-9c79f61917ca,HVN,HVN02,HVN02,C03
1041fa46-afd3-4b72-9cc3-cf8e6795c9be,HVN,HVN02,HVN02,C04
83570ee9-b4b3-4913-8ce1-ac2e1379e9f5,HVN,HVN02,HVN02,D07
162176db-bce6-4de8-8a71-cb3405727ba9,HVN,HVN02,HVN02,X01
950054ca-85d1-45b6-9323-a53ae07b3d8d,HVN,HVN02,HVN02,X03
553abea1-9515-4cff-af83-900cb50b1e1d,HVN,HVN02,HVN02,X04
7bc7176a-e13e-41bc-ae3e-7e4bf664189e,HVN,HVN03,HVN03,C03
152ff71b-0a59-492f-9ee9-4031252f8860,HVN,HVN03,HVN03,C04
02cf9058-8e4a-48da-a1f5-7ee1bec95204,HVN,HVN03,HVN03,D07
4160aad2-1af9-46f4-975d-e16605b52b23,HVN,HVN03,HVN03,X01
7f3d6e88-4191-47a4-8650-7c9489489840,HVN,HVN03,HVN03,X07
4ce84fa6-3caf-4067-81f7-0d80ef96ae1c,HVN,HVN03,HVN03,X08
364389dd-fbcd-4328-ba65-f116680afa4b,HVN,HVN04,HVN04,C02
ee7faf71-8245-4503-8253-bfbbad80c7ba,HVN,HVN04,HVN04,C03
67f35592-4571-4768-be8c-cc1fef1ce756,HVN,HVN04,HVN04,C04
0cd211c2-939e-4f77-8587-922a1aee4193,HVN,HVN04,HVN04,X01
8dfab0f0-88c6-4613-b401-90009f01341f,HVN,HVN04,HVN04,X07
715dc02c-63ef-4490-97e9-687f83e463cd,HVN,HVN04,HVN04,X08
07740411-2c0b-416c-9289-a5234c06ce17,HVN,HVN05,HVN05,C02
c91fce45-9f3f-4e0b-9aec-428a3d628bdd,HVN,HVN05,HVN05,C03
0aa019ff-95a1-449e-bef7-5f835fd67bbc,HVN,HVN05,HVN05,C04
277a0b81-5ab5-4230-9939-e6037d71d4ed,HVN,HVN05,HVN05,X01
6cac92f5-2015-4560-82f8-b167c4bf269b,HVN,HVN05,HVN05,X07
4987a857-debe-4807-9c59-dcbc7b6245c3,HVN,HVN05,HVN05,X08
b6fe69e8-e384-45dd-a8d1-6df435aabbd7,HVN,HVN06,HVN06,C01
ee639a0a-453a-473e-980a-d25790147c1a,HVN,HVN06,HVN06,C02
2afda433-811b-4094-a742-447821f7fc6d,HVN,HVN06,HVN06,C03
7df6091e-265f-48ce-ae3f-02e66a43a92c,HVN,HVN06,HVN06,C04
0a6529c8-860d-493a-996f-6214f87e75d4,HVN,HVN06,HVN06,X01
3727ffc9-04f5-47c1-87d4-bf9a2bb790de,HVN,HVN06,HVN06,X07
2db59bee-35c4-435c-8dcf-2bc6b1a36a01,HVN,HVN06,HVN06,X08
d18c268e-d202-4ab3-89b4-56ecbe5641f2,HVN,HVN07,HVN07,A01
6483ffe0-7c1f-4c57-9438-14ba7418bfbc,HVN,HVN07,HVN07,A07
d76c18a0-12ea-41db-aad2-fb89bfa4b73e,HVN,HVN07,HVN07,C01
b4c4ffee-e746-4d3d-b2e0-88a24636347b,HVN,HVN07,HVN07,C02
721bd726-5ca2-4de4-aed8-744dac344dff,HVN,HVN07,HVN07,C03
5b1c9938-f08f-42e4-b85d-175275c32855,HVN,HVN07,HVN07,C04
58239c22-a8f4-4ce5-b628-ef557717d9a4,HVN,HVN07,HVN07,X01
90021eb4-e35c-400e-8210-b7ce905742a4,HVN,HVN08,HVN08,A07
b6436f52-f46f-469f-a0ec-134a38a93d88,HVN,HVN08,HVN08,C01
3a47f36c-3f81-4b0b-b3b4-259cb16700b6,HVN,HVN08,HVN08,C02
d9cdb963-9baa-4f4d-af19-50f171f5ad1d,HVN,HVN08,HVN08,C03
8f9c5a82-7145-4ce6-9517-0d85f83e3789,HVN,HVN08,HVN08,C04
5899baac-abeb-4ef6-ba1e-b290e7ddd809,HVN,HVN08,HVN08,X01
c7abdf6d-3ba3-47a5-9724-e2b392801842,HVN,HVN09,HVN09,B02
d54bc49e-e763-4174-bbec-32b9d76dee9e,HVN,HVN09,HVN09,C03
74ad8193-24b1-4c8a-a7dd-09144ab17d97,HVN,HVN09,HVN09,X07
28e94476-6059-40f6-940b-0820305ed74b,HVN,HVN09,HVN09,X08
d456bdbf-3903-4992-9fde-704b37548e84,HVN,HVN09,HVN09,X13
f53ae5e0-4a9d-4ff5-8800-ab8a8044754e,HVN,HVN10,HVN10,A01
8b2f6eeb-f936-49a5-99fe-94eaeb560c3e,HVN,HVN10,HVN10,C03
b50e3cd7-d00a-4e35-8003-540b72e5c4e4,HVN,HVN10,HVN10,C04
f5a00ef1-725d-4479-8694-34bfe7bb51b1,HVN,HVN10,HVN10,X01
32107ca3-313a-4f0c-9073-3dc3ffde76bb,HVN,HVN10,HVN10,X07
d075372a-7a09-469f-80bb-72e0d9dfaf0b,HVN,HVN10,HVN10,X08
ac34a97b-4929-4efc-bb99-8bad2010138a,HVN,HVN11,HVN11,A01
b5246030-fa77-4e57-9057-7092220063e4,HVN,HVN11,HVN11,A07
3b98fb79-633c-4c56-b45b-54c78d551811,HVN,HVN11,HVN11,C01
ddac2300-be63-4a92-a731-b055bda0d1c5,HVN,HVN11,HVN11,C02
f810d5f7-8acd-4c2a-a05d-c2f8d5b78833,HVN,HVN11,HVN11,C03
523e5cdc-cbe0-4a85-9ee1-31e1b3443e65,HVN,HVN11,HVN11,X01
3d3dbd0f-adc4-4167-84fc-a890b17d7f65,HVN,HVN12,HVN12,C01
b6b25c1d-7f66-41b0-8614-615a912823c1,HVN,HVN12,HVN12,C03
66b3363f-f04b-4267-9d12-8e5c3fbcbf8e,HVN,HVN12,HVN12,D14
cf9e0e56-3992-448d-b755-8a40037c0e30,HVN,HVN12,HVN12,D15
5fd7ce4b-2003-4960-b165-6d61f0e388c3,HVN,HVN12,HVN12,X03
ebe6a432-7e00-46b8-a262-c2a72e388913,HVN,HVN12,HVN12,X04
10f2cf2a-fc8e-49f6-8432-2b21cdf02362,HVN,HVN12,HVN12,X70
e9798aac-916d-4f76-a9c6-f2b4097ac62a,HVN,HVN12,HVN12,X74
ed214d4b-8b3a-48ad-9494-da1791393fc3,HVN,HVN13,HVN13,C01
c8c0a983-041b-409a-a3d4-b8a987896b4b,HVN,HVN13,HVN13,C03
0270efe5-f2c0-48b0-a072-1b1b87359cbd,HVN,HVN13,HVN13,D14
65b4b3e6-7fc8-4fcb-85ae-62a103d9ff54,HVN,HVN13,HVN13,D15
b39b13c6-a1a9-4000-b4e2-471bba650cac,HVN,HVN13,HVN13,X03
438779c1-c1db-43c8-aa1f-672a7daa9758,HVN,HVN13,HVN13,X04
b78ad742-5286-48db-abe2-5e875f516042,HVN,HVN13,HVN13,X70
a0cee7b7-9c4f-4c11-9add-7c609fa2429b,HVN,HVN13,HVN13,X74
43a9df78-ccda-4430-a996-77612c2ac562,HVN,HVN14,HVN14,C01
6a55eac7-2315-46e1-ba19-d928490b2fba,HVN,HVN14,HVN14,C02
7ca08321-5d21-4c36-8ba4-4131bb0aff9a,HVN,HVN14,HVN14,C03
0507eae2-06e7-47e2-a99c-50e21f0fe8f1,HVN,HVN14,HVN14,X02
4d911417-e857-40d4-9dc3-bde74433c593,HVN,HVN14,HVN14,X03
355dd031-d853-4034-be8c-85c453094a5e,HVN,HVN14,HVN14,X04
858ce94a-a842-4c96-8b88-581e518e6956,HVN,HVN14,HVN14,X07
1674216d-21b2-4c5e-8906-63ced9157b0b,HVN,HVN14,HVN14,X08
573af845-3ff3-4ae5-b774-1b1424116ee7,HVN,HVN15,HVN15,A07
799f25fb-df95-43ef-bbcc-aee2eab7ccc1,HVN,HVN15,HVN15,C01
2a62d69a-b8c8-43ec-a079-166f30c0f4a6,HVN,HVN15,HVN15,C02
63adcd6c-cd1f-4a44-ba61-8412a30112e7,HVN,HVN15,HVN15,C03
d84e6e0e-227d-4b5d-a37c-bb4a9cefda1b,HVN,HVN15,HVN15,C04
038974d1-1e8e-4084-a784-7d8bad97fa28,HVN,HVN15,HVN15,X01
ff13f8ae-474a-4342-ae4a-c7c4d73b4eae,HVN,HVN16,HVN16,C03
519cc5e8-05d3-4b3c-9211-9b9f63ef3cdb,HVN,HVN16,HVN16,C04
28b28a32-b77b-4bd5-a786-417a0e05d579,HVN,HVN16,HVN16,X01
abb07ca9-14d7-4fe6-90f8-c3268fe33823,HVN,HVN16,HVN16,X07
4b9dbd5a-0e9c-4846-a2d9-5f7558a3804a,HVN,HVN16,HVN16,X08
8c6dfd14-3721-4420-85c3-28370da4ba1d,HVN,HVN17,HVN17,A01
f6eecfa4-b988-4a8a-bbfb-5badbc21cbb9,HVN,HVN17,HVN17,D09
c97aab23-0c4f-4d34-884b-0eb3b7e7a516,HVN,HVN17,HVN17,D10
771751bf-893d-40ab-b323-9c1b633062d2,HVN,HVN17,HVN17,D11
204ff2d5-d4fe-42ea-a2e9-8cdabe1d2609,HVN,HVN17,HVN17,X25
0475b120-5ed7-4bd8-8d86-c30832c928f5,HVN,HVN17,HVN17,X78
66cdf74a-7553-4ce8-9445-4462ac02a717,HVN,HVN18,HVN18,C01
9f69f4a1-5183-4864-b720-212daade31c3,HVN,HVN18,HVN18,C02
fe9cb763-5065-4ce3-a97d-e33f3590f341,HVN,HVN18,HVN18,C03
e5ae4fd9-20ce-405a-be80-c6b4f6f143c8,HVN,HVN18,HVN18,X03
989b6367-cf02-4a7a-97d7-a41d7f090c40,HVN,HVN18,HVN18,X04
d54a99f8-db1e-4d8d-a511-2625766b7d48,HVN,HVN18,HVN18,X07
99c6a518-c9f0-4d7d-8c62-9649771f470a,HVN,HVN18,HVN18,X08
a4c944f6-5bca-4cf6-8005-43193fdd24ba,HVN,HVN19,HVN19,A07
55a0b4d0-4dac-4ba5-ae3d-ae51497c9b01,HVN,HVN19,HVN19,C01
b18ec31a-27c1-4e14-843c-286b87ee5eca,HVN,HVN19,HVN19,C02
54bfaea0-a39f-4631-a1f5-bd905ed983bc,HVN,HVN19,HVN19,C03
06a68efd-09af-468b-9e25-fcb576a1f063,HVN,HVN19,HVN19,C04
c374acca-aa5c-427c-a289-fc6a701eb376,HVN,HVN19,HVN19,X01
12c6892c-cf11-4516-a4e8-c6ca8efefd26,HQT,7220201,7220201,D01
a4e31497-b353-452f-82f0-2d0ab35735b2,HQT,7310106,7310106,A00
dab46368-14da-4efe-afe3-5108d2a5856a,HQT,7310106,7310106,A01
ac674d52-7c65-4d1f-a50c-12c67c3d1a7c,HQT,7310106,7310106,D01
f0cd6cdc-52fb-42aa-8c2a-b96c7bcb4ba7,HQT,7310206,7310206,A00
6b2c8e7a-ff8b-452e-aa3a-1207e0a02110,HQT,7310206,7310206,A01
a6319ca6-0fa6-420e-9de9-8dea873a5499,HQT,7310206,7310206,C00
f6d1cd9a-ca6d-4ae0-a8da-69a5b32475e2,HQT,7310206,7310206,D01
6a78a01f-8e3b-491a-8814-1b9ac193dbba,HQT,7310206,7310206,D03
2bf59797-5cc1-4524-b2e4-66a030b7fb5e,HQT,7310206,7310206,D04
5ef14202-3bc8-434b-80d5-fd663e67125c,HQT,7320107,7320107,A00
d3e5aace-7e1d-41e1-a757-bb107d7be536,HQT,7320107,7320107,A01
a6cd5ba4-6727-4d4c-b117-4a906b51243e,HQT,7320107,7320107,C00
f2f29579-d21b-4926-9a5a-c16d83f046ff,HQT,7320107,7320107,D01
cdefe013-52bb-42fb-9f09-e155921161f8,HQT,7320107,7320107,D03
d5443446-cbad-4921-aabc-a60dd1454b4d,HQT,7320107,7320107,D04
1fea5095-d903-4acc-821a-70814a5a5de2,HQT,7340120,7340120,A00
dea33ffe-15b5-41ff-8d81-0ed47a048b2a,HQT,7340120,7340120,A01
e5d76cdb-4fb7-4c55-9ed2-b6f52c9a8161,HQT,7340120,7340120,D01
849d30f6-b96d-40fb-b566-ce3dac7ec643,HQT,7380108,7380108,A00
97411b49-b01a-486c-94bb-2a1ab17b2d5d,HQT,7380108,7380108,A01
e4183bd7-25bd-4149-83de-2d6e5f3b6838,HQT,7380108,7380108,C00
ded9f1f1-0d9a-40c1-9c0a-e33793bbb5bd,HQT,7380108,7380108,D01
2cacad33-1b61-48f4-ba79-6df87a0040d2,HQT,HQT01,HQT01,A01
95ede951-7de2-48d6-8323-de354e238c26,HQT,HQT01,HQT01,D01
8c6efbd7-5750-4e78-b585-f98b3f6ef44f,HQT,HQT01,HQT01,D06
9a971faf-b200-43d4-bbe1-0fe0dd00b07d,HQT,HQT01,HQT01,D07
a11a5b5b-d0d6-4022-9b6e-19bc7485c77d,HQT,HQT01,HQT01,D03
9dabea9c-7031-4fc3-90aa-9ff13b2c536a,HQT,HQT01,HQT01,D04
00ad3d4c-b0c9-49b5-9649-b5b19ce3a721,HQT,HQT01,HQT01,C00
e17b4412-b7a1-43a5-afb5-f54a952a50cf,HQT,HQT02,HQT02,A01
4c538fe7-c852-42c6-8b57-0f64c0d0f0d8,HQT,HQT02,HQT02,D01
e853449c-f3e1-403b-b471-6d61dd1d55ff,HQT,HQT02,HQT02,D07
9ae3482a-15c5-4182-92c7-df6e2658bd89,HQT,HQT03,HQT03,A00
ef1e1ff8-22ea-4ced-bfe2-c1c67cc81400,HQT,HQT03,HQT03,A01
d4c893b8-673a-4dec-9b50-a11981d5b74b,HQT,HQT03,HQT03,D01
8661a41a-1ae2-4ca6-90b0-838af00cbb5a,HQT,HQT03,HQT03,D06
dbe485ec-19d1-4edc-b163-84b7a6773988,HQT,HQT03,HQT03,D07
980aba11-712e-49d5-945e-a61a55a1545b,HQT,HQT03,HQT03,D03
80e78321-8bbb-40bd-b9f6-16c339c3c4bd,HQT,HQT03,HQT03,D04
f269127c-b2d6-4613-83f0-0a7590586252,HQT,HQT04,HQT04,A01
897c4bc5-75b0-47f1-8beb-7f737a9d497a,HQT,HQT04,HQT04,D01
9ef84061-d567-4bd9-b6d5-91be9c5ed2f6,HQT,HQT04,HQT04,D06
19b9a235-2c40-4cbb-804d-8a6f056d67b0,HQT,HQT04,HQT04,D07
9e68b670-254c-426a-a425-381975cf0ddb,HQT,HQT04,HQT04,D03
dc0cab7e-4f80-4367-99fc-467a88802dc0,HQT,HQT04,HQT04,D04
e9b93d82-8034-4ced-9965-a4bba98ae6dd,HQT,HQT04,HQT04,C00
e5e97c07-ceb3-4764-a5ec-90132f03bb39,HQT,HQT05,HQT05,A01
73bbbae2-5c01-4972-98db-8610eefdb2b9,HQT,HQT05,HQT05,D01
c5608f52-1292-4a6d-8c61-3d4a8fe1102d,HQT,HQT05,HQT05,D06
c344fd87-59db-421a-922f-c19421938927,HQT,HQT05,HQT05,D07
0fb031a4-b0da-4354-a278-22b88a15377a,HQT,HQT05,HQT05,D03
38eb4419-afd3-452e-b35f-0aeaf13da51e,HQT,HQT05,HQT05,D04
e92c3084-0fd0-4d1d-b6a1-ae2c69f84ca7,HQT,HQT05,HQT05,C00
1982d95d-c301-4f87-8c72-1670a2ef3aeb,HQT,HQT06,HQT06,A00
fdcb245e-18ca-4372-bc8b-b5bcb24f3eac,HQT,HQT06,HQT06,A01
8be4c9dc-e0e8-4968-bd1a-a5d48b20c42b,HQT,HQT06,HQT06,D01
e8222b4d-ed40-4514-bc5a-52170304cb22,HQT,HQT06,HQT06,D06
8829be69-c96b-4754-8f22-f4e288393486,HQT,HQT06,HQT06,D07
b1b447d8-2e2b-4e90-84d8-0c17d12a50d4,HQT,HQT06,HQT06,D03
0a4eddf6-bd18-45f2-875e-e9a151e6d603,HQT,HQT06,HQT06,D04
dddcd269-b95d-4e9a-b811-29319436b232,HQT,HQT07,HQT07,D03
c9767185-70ab-45d9-8c66-a2f9046aeb64,HQT,HQT07,HQT07,D04
8a2e35a3-88d4-460d-9bc6-031d8a9a033b,HQT,HQT07,HQT07,C00
1818a465-5b10-4ddb-90dd-d71d6e2d3455,HQT,HQT07,HQT07,A01
89f2c3fd-dc50-4271-a452-c44909d18ab9,HQT,HQT07,HQT07,D01
81772e7c-7c6c-4deb-a591-13dff42207d1,HQT,HQT07,HQT07,D06
d69af0d3-4bb4-4ec4-879a-a6f94a431bc3,HQT,HQT07,HQT07,D07
43825e72-3f98-427b-9c39-739c48683884,HQT,HQT08-01,HQT08-01,A01
cf096ac2-3e50-4761-bb1f-bdc2533e59bd,HQT,HQT08-01,HQT08-01,D01
db61a11f-0e03-47cb-9869-22b3b1514557,HQT,HQT08-01,HQT08-01,D07
c265529d-99a8-4bd6-83e3-6f4c64fdf727,HQT,HQT08-01,HQT08-01,C00
fd181e14-a939-4db9-92bb-d00a55217fd4,HQT,HQT08-02,HQT08-02,A01
971bb7e4-baf9-4b2c-886b-c04b3eb86fe0,HQT,HQT08-02,HQT08-02,D01
86489c6b-66b2-4e5f-b59a-0029eacd155f,HQT,HQT08-02,HQT08-02,D07
e6c44d08-d0a1-44cd-9565-42081ad8d41e,HQT,HQT08-02,HQT08-02,C00
4d1c7b6a-bb24-48dc-aa48-9685e6682998,HQT,HQT08-03,HQT08-03,A01
e9088e48-2b8b-43c1-a142-8482805fe089,HQT,HQT08-03,HQT08-03,D01
28d11f2a-c07e-4e00-9c92-38731ce0af9d,HQT,HQT08-03,HQT08-03,D06
098f034d-0f1a-4689-8360-9d6d7f5d70e9,HQT,HQT08-03,HQT08-03,D07
6588dbd2-fd79-464a-9a91-b0dead6103ca,HQT,HQT08-03,HQT08-03,C00
c0082f0a-fad8-4c2c-b3ef-995deca34038,HQT,HQT08-04,HQT08-04,A01
4c853921-57c2-4bd3-a9dc-677284f8c617,HQT,HQT08-04,HQT08-04,D01
ffdaef67-25c3-46a8-92db-e7e3bf83b583,HQT,HQT08-04,HQT08-04,D07
b241d8ab-02fe-47b3-ba74-e8b9a49f783e,HQT,HQT08-04,HQT08-04,D04
9f69889b-d19d-465d-8d6f-a84859df9d08,HQT,HQT08-04,HQT08-04,C00
76b016f5-2357-4a14-a144-b9575c685da5,HQT,HQT01,HQT01,A00
2ff4d1ea-0739-46b9-9328-04fea99ee576,HQT,HQT01,HQT01,D09
4c581f28-40b7-4f54-adb1-6e761b9c6c6b,HQT,HQT01,HQT01,D10
696901de-a81f-4697-a104-268ed49af189,HQT,HQT01,HQT01,D14
cea62c55-3f3a-4bfe-a51e-8ef12c0667a8,HQT,HQT01,HQT01,D15
91fcbc71-9db2-49c9-bb6f-d66205885d6b,HQT,HQT02,HQT02,D09
4f98790d-07aa-4636-bda1-60f61e6ad6d9,HQT,HQT02,HQT02,D10
0c0e891b-6f8e-44c7-a279-d9d5f2a8dfd7,HQT,HQT02,HQT02,D14
d0b2559c-4d40-4aa1-92b8-b80264bbade4,HQT,HQT02,HQT02,D15
3465bf40-f1bc-4296-8352-ab36c3a5a48e,HQT,HQT03,HQT03,D09
8f6ce6f0-1981-49ad-a2ff-960763ddf2a2,HQT,HQT03,HQT03,D10
36f6e79e-ba50-4aca-a562-afdec98e9958,HQT,HQT04,HQT04,A00
9a264cbf-37c6-43a6-a1ba-1bb58f5de3d8,HQT,HQT04,HQT04,D09
25582672-4877-4c4c-b8af-408913904618,HQT,HQT04,HQT04,D10
a05e08bb-0cb0-4b98-90fc-ee3a073e1ec9,HQT,HQT04,HQT04,D14
f7662c77-8eff-40f1-9ed3-c076eb6dad9c,HQT,HQT04,HQT04,D15
a8994707-f309-4464-b529-59a2c354a818,HQT,HQT05,HQT05,A00
44ba8ccd-1892-41b5-b8b9-f40b177d62b0,HQT,HQT05,HQT05,D09
f1898d92-fb9b-431d-91bd-46ad77f71b92,HQT,HQT05,HQT05,D10
9cf32e47-def9-4743-a5c5-3d620966d42f,HQT,HQT05,HQT05,D14
452ea749-ebcb-4819-8a28-3b1b1d88c0ac,HQT,HQT05,HQT05,D15
33d0369b-e8c8-40ac-809e-d8a916da3819,HQT,HQT06,HQT06,D09
d054fbd7-9059-43bb-ac2a-dbf84e4fc88a,HQT,HQT06,HQT06,D10
fc7cdb2d-64cd-44a3-bd20-5abf0ea48217,HQT,HQT07,HQT07,A00
c3a5e705-db5e-4305-bd2e-48b9b8b4e596,HQT,HQT07,HQT07,D09
8221ccb4-2d15-4fe9-80e7-39aa0d69ee60,HQT,HQT07,HQT07,D10
c2fd41c8-e336-4da9-9174-ab6f4d2de8de,HQT,HQT07,HQT07,D14
e8a34b29-2943-44e3-94a0-16caf87b09ee,HQT,HQT07,HQT07,D15
768ea491-5c7f-4503-a749-fa60ee1bb1e1,HQT,HQT08-01,HQT08-01,A00
a2125f49-706d-4657-9eb3-cd4c120b8348,HQT,HQT08-01,HQT08-01,D09
5bff5bfa-10c7-4916-8997-62bee1a7ce6b,HQT,HQT08-01,HQT08-01,D10
a1dc2f8b-35dc-4a4b-b4cc-62c942dd7259,HQT,HQT08-01,HQT08-01,D14
5f5b6e4a-ff57-4f13-8d7b-0346e7ea29cc,HQT,HQT08-01,HQT08-01,D15
0a32afd9-05cc-4efa-a9e2-89df44710a48,HQT,HQT08-02,HQT08-02,A00
6bdf38c7-26c5-4119-b6c2-42adf108ae83,HQT,HQT08-02,HQT08-02,D09
81337c8d-5fe6-40a4-b1ad-526944b90c8e,HQT,HQT08-02,HQT08-02,D10
105219a4-ccd7-4a0c-8474-f40f5425570f,HQT,HQT08-02,HQT08-02,D14
95c3996f-f885-4eab-b870-61f80b9a755c,HQT,HQT08-02,HQT08-02,D15
d6701f82-0d66-41b7-abf9-95af9dc55e62,HQT,HQT08-03,HQT08-03,A00
4062b21a-d5af-44f3-baac-3248e1f650d4,HQT,HQT08-03,HQT08-03,D09
8411a946-3539-4fe2-8586-eee90a6e03ec,HQT,HQT08-03,HQT08-03,D10
f91cc2e1-91e2-4237-bdbe-45dfa737779f,HQT,HQT08-03,HQT08-03,D14
e788e9d8-f5be-4b24-bad7-25510d730fc5,HQT,HQT08-03,HQT08-03,D15
ed0c79f4-7315-418f-b977-9eced0faaa1a,HQT,HQT08-04,HQT08-04,A00
f6d3021d-aacc-459e-8d42-e4dc83d53254,HQT,HQT08-04,HQT08-04,D09
b1ba3764-0a84-40ed-816d-2cd7e69df7d9,HQT,HQT08-04,HQT08-04,D10
a6b50583-8a3d-4c52-823d-d1e6fad7b809,HQT,HQT08-04,HQT08-04,D14
f6a0a0a4-896e-4f37-b455-876f04c4f644,HQT,HQT08-04,HQT08-04,D15
c6ece957-cc25-4f79-a76b-77185481b577,NHH,7220201,7220201,A01
49a97c5b-84f6-4cf5-8351-382858fa415e,NHH,7220201,7220201,D01
2c13812b-4bc6-45d7-8f0c-31e2c81fb6a0,NHH,7220201,7220201,D07
93b9f47c-0629-44de-bb0a-b39bdc921b8b,NHH,7220201,7220201,D09
794d6395-16c7-4052-bacc-5b526b65a70b,NHH,7310101,7310101,A00
bef81b52-1326-4031-97ac-e6ef9a0b5103,NHH,7310101,7310101,A01
45e1c613-be61-48b3-8b2a-0678277a1eba,NHH,7310101,7310101,D01
d3d39dd9-ee7b-40c4-8f45-6fd8d5db6824,NHH,7310101,7310101,D07
e8fd0d15-431b-4642-97cc-ca332bad5500,NHH,7340101,7340101,A00
10e3eb05-bf40-4297-b117-c8c71144cb9f,NHH,7340101,7340101,A01
7134af84-6948-40ae-a2e9-ffe72536d6c7,NHH,7340101,7340101,D01
0f114886-4dfc-41dc-a135-2b0c3a228ba6,NHH,7340101,7340101,D07
f17a4400-5da0-4d8a-82d5-7288717fb246,NHH,7340101_AP,7340101_AP,A00
8cf4004c-a802-4f13-a170-7c1787593b1d,NHH,7340101_AP,7340101_AP,A01
840fbf24-eab2-449b-837c-11148e8fc4ca,NHH,7340101_AP,7340101_AP,D01
904f9f08-c564-4f2e-af1d-cf9d909972fa,NHH,7340101_AP,7340101_AP,D07
9d48567d-aca9-4be9-986d-9b9d54bef926,NHH,7340101_IU,7340101_IU,A00
00957772-dd7a-4c58-8de2-820b7d4c628d,NHH,7340101_IU,7340101_IU,A01
2861bcc6-9f2b-4605-87fa-685b94e3d2da,NHH,7340101_IU,7340101_IU,D01
09b4ae32-9444-4cbe-95b8-664fc03d40b2,NHH,7340101_IU,7340101_IU,D07
09be7a5e-f9cf-4e6c-bd72-3044e3f749a3,NHH,7340101_IV,7340101_IV,A00
308d754b-5fd2-4de6-8179-fd97057f9cf5,NHH,7340101_IV,7340101_IV,A01
7a0f74f4-d73b-44fb-9448-720214af776b,NHH,7340101_IV,7340101_IV,D01
ac0633ac-f8eb-4d2f-8208-83a854dfa5e0,NHH,7340101_IV,7340101_IV,D07
9ab70b0e-beef-4767-81f4-75f4e480d76d,NHH,7340120,7340120,A01
569bb20d-73fe-412a-a04b-36cd749de433,NHH,7340120,7340120,D01
6cadf2fc-aed2-4579-9701-e68935526c33,NHH,7340120,7340120,D07
305f2ca1-da59-4451-a5d2-cd89d55bbf0d,NHH,7340120,7340120,D09
00fb4088-c60b-4f72-94d3-75e02b479d3c,NHH,7340201,7340201,A00
72a64c7a-d2ef-4639-b056-4ac21f32749a,NHH,7340201,7340201,A01
6c5885e4-af32-4f7b-868f-1cbcca4972d0,NHH,7340201,7340201,D01
fcaf92ad-3e61-47ea-b3d7-35848d7dd181,NHH,7340201,7340201,D07
d168c61e-327c-42b0-8638-40f08e2e323b,NHH,7340201_AP,7340201_AP,A00
322c1f86-96f4-4984-b185-4dd8f2213872,NHH,7340201_AP,7340201_AP,A01
ec802e34-f0b0-40d5-90a2-dcc9ed17e41e,NHH,7340201_AP,7340201_AP,D01
65bfc7c2-6108-43f5-999a-65bdea1988fb,NHH,7340201_AP,7340201_AP,D07
be4eec09-81c9-4040-be33-a0211315eb21,NHH,7340301,7340301,A00
beede0ea-2840-4319-bb1c-6342f660c070,NHH,7340301,7340301,A01
9c50efaf-37d8-4428-a865-32dad76a982e,NHH,7340301,7340301,D01
3cd1d0a0-6438-4465-b1c4-aa91765071ff,NHH,7340301,7340301,D07
2220f45c-e553-4daf-ab03-b0a3d5e86510,NHH,7340301_AP,7340301_AP,A00
47a8ec42-ae6b-4710-96ff-453a875ca2e6,NHH,7340301_AP,7340301_AP,A01
44fd3c1f-04e5-4a0d-9ba7-94b0ed01eaa9,NHH,7340301_AP,7340301_AP,D01
743d0246-c908-49b4-bf13-6cb61f75a7ef,NHH,7340301_AP,7340301_AP,D07
849314d2-4619-4663-9174-9b5cda010c09,NHH,7340301_I,7340301_I,A00
95585174-06bc-47ab-ab51-4caf1f228c84,NHH,7340301_I,7340301_I,A01
d8074a7a-4f73-4382-a30f-8259fa850496,NHH,7340301_I,7340301_I,D01
c66f5e43-1a20-45c2-aace-0a5ad16fc25d,NHH,7340301_I,7340301_I,D07
3e84ddc4-34c4-4a1e-8673-addf0601ee08,NHH,7340301_J,7340301_J,A00
3855f02d-a9f6-4613-9ed5-fe2d613bdd49,NHH,7340301_J,7340301_J,A01
48f7e19c-2754-4f5c-a2a9-35dbb13d274c,NHH,7340301_J,7340301_J,D01
549eac68-013a-479f-bdfd-b5a0b01d78d7,NHH,7340301_J,7340301_J,D07
62375dac-060d-4ff3-a114-d783b139017d,NHH,7340405,7340405,A00
7a6bb6d8-9560-4f2a-ad5c-69282184f3fd,NHH,7340405,7340405,A01
10ad2727-239c-4c2e-b482-f9e7f2c3a552,NHH,7340405,7340405,D01
744574ba-8c19-44ca-8240-3217fb7545ee,NHH,7340405,7340405,D07
72539093-e1aa-4ad0-8073-57ca1f9db773,NHH,7340405_J,7340405_J,A00
2cd7b59a-be55-4336-88ff-d87d7fadb90d,NHH,7340405_J,7340405_J,A01
b388051e-96b1-4f69-abc8-c1e865ad7ce1,NHH,7340405_J,7340405_J,D01
f744b644-c7a0-41f9-b1d7-bcdeb25cd0f7,NHH,7340405_J,7340405_J,D07
fc03813b-8c4c-4c26-9c7e-9bb430a827aa,NHH,7380107_A,7380107_A,A00
be0e4632-df5e-4c00-9a09-1e72244f65a3,NHH,7380107_A,7380107_A,A01
57b7a04a-4364-4e3a-b5d3-b6af5a0e68eb,NHH,7380107_A,7380107_A,D01
731ac5d3-6dd0-491c-926e-2da36b80fbd1,NHH,7380107_A,7380107_A,D07
2c86be88-7daf-48c0-b70e-e613005472a1,NHH,7380107_C,7380107_C,C00
f8ff5266-5d36-434c-a176-fa623f017b07,NHH,7380107_C,7380107_C,D14
6564b443-dd85-4086-a464-06850b6893b5,NHH,7380107_C,7380107_C,D15
1de6477a-1ed3-4e09-a131-31a8f553ea99,NHH,7480201,7480201,A00
50687bf9-a6a0-455d-a934-cff80db53723,NHH,7480201,7480201,A01
fdcfe65a-626c-4151-b02f-1a393aec4b78,NHH,7480201,7480201,D01
e633cf36-b773-4817-99f3-f9e14827dff3,NHH,7480201,7480201,D07
44a52540-f3a6-41b3-9535-3660430d6532,NHH,7310101,7310101,D09
195ae3f6-a6b5-4f13-9272-98cc76d19c3f,NHH,7340201_AP_NH,7340201_AP_NH,A00
aadc0abf-0095-419d-8edd-50c9865ee0d3,NHH,7340201_AP_NH,7340201_AP_NH,A01
da32f923-9ba1-4986-a348-cd04eef14cbe,NHH,7340201_AP_NH,7340201_AP_NH,D01
b554d836-a864-4868-94da-8a23ec351f81,NHH,7340201_AP_NH,7340201_AP_NH,D07
24d50245-2182-42b1-ba23-3451c85bc2be,NHH,7340201_AP_TC,7340201_AP_TC,A00
5e14da3c-3076-4529-94ef-fb1d09dcfd2a,NHH,7340201_AP_TC,7340201_AP_TC,A01
0672d91d-8174-473b-b4da-90a204c5be63,NHH,7340201_AP_TC,7340201_AP_TC,D01
b2637463-9ff5-41e6-a996-c4133ba2714f,NHH,7340201_AP_TC,7340201_AP_TC,D07
e7258dde-a9a9-4a6f-aeb1-7620c1c9dcd9,NHH,7340201_NH,7340201_NH,A00
8b0e346c-b3ef-423d-9bff-31f8f5a6c787,NHH,7340201_NH,7340201_NH,A01
35bdad1c-3ad2-4172-85af-f5f976851fcf,NHH,7340201_NH,7340201_NH,D01
c3e969cb-2930-4cb9-8aa6-b9b7177e141a,NHH,7340201_NH,7340201_NH,D07
d9e3504f-4f69-4dd0-bd3c-2587548b38d6,NHH,7340201_TC,7340201_TC,A00
b9b35e3a-1da9-42ed-ad9d-d0f78c921295,NHH,7340201_TC,7340201_TC,A01
36aab36e-0f20-4eba-90b9-7d70a7daec7e,NHH,7340201_TC,7340201_TC,D01
87152038-ce03-4c55-8fe3-8d2da0c17dd6,NHH,7340201_TC,7340201_TC,D07
0b364d80-1e48-4e99-8524-81fb1372c583,NHH,ACT01,ACT01,A00
8dfab61e-d5a1-4c7a-91d0-cebacd62ce34,NHH,ACT01,ACT01,A01
d4bb8115-e43a-4df6-870c-0003e3f59d8a,NHH,ACT01,ACT01,D01
5e80fdeb-9e84-4c78-b772-deb90fa50cf3,NHH,ACT01,ACT01,D07
06b45abd-b0ea-47b6-a890-a290aba1b950,NHH,ACT02,ACT02,A00
4c10249c-c849-4dfd-a2a6-63a22f3ed2ba,NHH,ACT02,ACT02,A01
b556640d-588a-4acd-922e-04cf6b09bb5c,NHH,ACT02,ACT02,D01
fe9fc3a0-dfda-463f-943a-3849538be4c8,NHH,ACT02,ACT02,D07
0ccbf4ff-be60-4e0a-9b4b-37fe0be45905,NHH,ACT03,ACT03,A00
5a04d029-e54d-4eb4-a5d8-074d5a6c1e52,NHH,ACT03,ACT03,A01
86d02eff-604a-4987-a51e-8e0265b3e816,NHH,ACT03,ACT03,D01
cb6caee8-d925-4485-bdc9-a509d3f1fd14,NHH,ACT03,ACT03,D07
e82bc72f-50b8-43f4-ae0a-e720ed66f2e9,NHH,BANK01,BANK01,A00
0bbe529a-5c58-49fc-97fd-06dc24666a4f,NHH,BANK01,BANK01,A01
490f7615-2d88-4d62-ba8a-23ea88a67ff2,NHH,BANK01,BANK01,D01
9c076627-3c59-4d4c-9647-072e583b9e27,NHH,BANK01,BANK01,D07
10bd5586-2541-4aad-ab67-1b48ec7eaca2,NHH,BANK04,BANK04,A00
d9cdb847-66fe-4c5b-949d-f82750b32c12,NHH,BANK04,BANK04,A01
7b0042ee-ce74-4c0f-9cb1-5e2c5c2d6ca2,NHH,BANK04,BANK04,D01
96fce878-9e4a-4c22-8538-7e3e2db5e2cf,NHH,BANK04,BANK04,D07
711b09fe-18a8-4d98-b9d2-51f31d67fc45,NHH,BANK05,BANK05,A00
8f83ecdb-7687-4dd7-aa8e-f750ad86a083,NHH,BANK05,BANK05,A01
5f86560e-9fcf-40a0-ac20-859a3a56a728,NHH,BANK05,BANK05,D01
14b10820-221b-442e-831c-cbf0c9844383,NHH,BANK05,BANK05,D07
23194bf2-802e-4277-9090-77831e5ed36f,NHH,BANKK02,BANKK02,A00
8afc1f45-9053-4142-950d-6adf92c2aedc,NHH,BANKK02,BANKK02,A01
7b3c9eda-c993-4793-959e-f04ba203bcf2,NHH,BANKK02,BANKK02,D01
7b5d2da7-9c62-4817-a31f-2bf9090de4bc,NHH,BANKK02,BANKK02,D07
ee3f71ef-b46f-4dc4-84e9-98ace3411226,NHH,BANKK03,BANKK03,A00
777fa10b-ca18-4e9f-a2f0-134ba6110904,NHH,BANKK03,BANKK03,A01
5366f3bd-6538-422c-be51-1d78e7827ebe,NHH,BANKK03,BANKK03,D01
4467ff6a-b4eb-40c5-8f85-3ffe16de583b,NHH,BANKK03,BANKK03,D07
d1ada520-c1ed-4806-89e6-d5c0ef649649,NHH,BUS01,BUS01,A00
7ffa7548-e259-4cb6-9c7f-332a1ad836a9,NHH,BUS01,BUS01,A01
21e4591e-5097-4187-8e5b-64eeac5822c1,NHH,BUS01,BUS01,D01
84055d3e-35a5-4d0b-8a71-c952329b8c39,NHH,BUS01,BUS01,D07
8eb4abda-832b-47be-bace-03cd98579224,NHH,BUS02,BUS02,A01
7fa5544d-7f8e-4ff8-886e-c6426ac6795b,NHH,BUS02,BUS02,D01
e67056c2-7a16-4b13-8576-83e63755a3b1,NHH,BUS02,BUS02,D07
7e0ad8e7-8d76-4ce7-aa51-43a6e270469c,NHH,BUS02,BUS02,D09
2138b22d-15b4-4396-9fc9-b5299351eb6a,NHH,BUS03,BUS03,A01
c207bf5d-e63a-4b7c-83c1-46517495a5f3,NHH,BUS03,BUS03,D01
efec493b-11b8-4510-956e-536a082e4c70,NHH,BUS03,BUS03,D07
591d4120-b13c-4a50-a473-875b111a00aa,NHH,BUS03,BUS03,D09
aebd8125-96a4-4309-a713-07e23e93e7a1,NHH,BUS04,BUS04,A00
816a3f38-d853-492e-a100-df74d4ba0fe1,NHH,BUS04,BUS04,A01
63ac1845-8fb6-4e04-996f-9f2348cf5397,NHH,BUS04,BUS04,D01
b96c3c0d-f8f7-4884-af49-052ae9fa285e,NHH,BUS04,BUS04,D07
f7882771-e59f-4ead-9439-40f8772848ae,NHH,BUS05,BUS05,A00
475dbe2f-efa1-4f6f-9165-64ebbf7eea40,NHH,BUS05,BUS05,A01
877f795c-43a8-466c-8aa4-a17184173ff4,NHH,BUS05,BUS05,D01
61394578-faaf-4831-94c6-b596abe9c7d5,NHH,BUS05,BUS05,D07
fab61304-28bd-49f7-83a3-3aad90211e93,NHH,ECON01,ECON01,A01
e7339f47-afba-4d65-a520-ecb20fcd5214,NHH,ECON01,ECON01,D01
80c0a108-f6d0-4830-beeb-5a7726aefa1a,NHH,ECON01,ECON01,D07
ff713a5b-0959-4eab-93f6-95e16ca59750,NHH,ECON01,ECON01,D09
429e9389-06be-4a3f-8e88-9a632df1099f,NHH,FIN01,FIN01,A00
681a4f89-a5d3-40ba-b946-0b05c978b458,NHH,FIN01,FIN01,A01
aa49a16c-ebf0-48ea-945f-ea2a49c1707e,NHH,FIN01,FIN01,D01
9c2582f4-6bfa-4161-a97f-c4d569991394,NHH,FIN01,FIN01,D07
1b6bd156-3e51-42ce-9a12-b2bd78940a51,NHH,FIN02,FIN02,A00
73efdc1d-261c-40d4-b7f5-53e35d710250,NHH,FIN02,FIN02,A01
2158deae-8f7c-453e-8fff-3115197361e2,NHH,FIN02,FIN02,D01
5c74afe3-a998-4551-83b1-34e2bb8f11e1,NHH,FIN02,FIN02,D07
03a10367-ef0a-46ec-a64d-fbb5799ba924,NHH,FIN03,FIN03,A00
c3de6daa-4689-4da7-b5af-212c7e1d80b3,NHH,FIN03,FIN03,A01
c9511696-53a5-4670-b7d3-62d80e0608ed,NHH,FIN03,FIN03,D01
5ece38b8-b1b7-4aa3-9ec7-3faa76213225,NHH,FIN03,FIN03,D07
f6c35078-1006-43ef-a80d-c7e21f0bae2f,NHH,FL01,FL01,A01
d4876a35-ec32-4b39-b288-3963ce44b4a0,NHH,FL01,FL01,D01
cf5dd6c5-537a-4e62-bf5e-de1700ebf247,NHH,FL01,FL01,D07
14105173-1588-4b60-8b37-cba4974d67ef,NHH,FL01,FL01,D09
6525ad91-390a-4b21-8fe6-f59ecc13453d,NHH,IB01,IB01,A01
4b92c18a-c183-4945-bf75-49f098d0e552,NHH,IB01,IB01,D01
0edfa2a4-46bc-4e6b-b7f9-dad071334e8e,NHH,IB01,IB01,D07
9185757f-7bb6-49e5-b499-d8752fa6f10d,NHH,IB01,IB01,D09
a40ac8be-d8ee-4c0e-8e18-c4eeb61cff6f,NHH,IB02,IB02,A01
400e4789-d875-474a-9f14-267afa0179f6,NHH,IB02,IB02,D01
6ab8a0d7-ed99-49c4-94c5-8cbe40442e0f,NHH,IB02,IB02,D07
ee8a9d74-31d4-49a8-8d24-ae9912d83a6c,NHH,IB02,IB02,D09
1b359c99-f2df-4b78-b50a-28845d22b2fe,NHH,IB03,IB03,A00
5e156d7b-ba64-4c1e-b108-ad91623f56fe,NHH,IB03,IB03,A01
508b5211-78ba-4348-a1cf-b7311f2775d6,NHH,IB03,IB03,D01
2327d7a2-2960-4e17-b754-8a6b0595ce6d,NHH,IB03,IB03,D07
6a708417-3da0-4bb5-9fb6-373699788772,NHH,IT01,IT01,A00
9cca7e5f-5296-4829-837f-82e3959dc27a,NHH,IT01,IT01,A01
23102d09-c8ca-427b-8457-183f3ca61c76,NHH,IT01,IT01,D01
a0abbc6e-50e7-40e2-8c2d-75e48fec85f7,NHH,IT01,IT01,D07
471a2fd8-5929-47eb-931b-ebe89da39022,NHH,LAW01,LAW01,A00
c205e376-45f0-4660-8205-34b4c8a7b00a,NHH,LAW01,LAW01,A01
3f9be611-51c8-4675-a4f1-9f9a0ab0bf42,NHH,LAW01,LAW01,D01
e29513a5-e961-409f-80cc-b8e06cb746d2,NHH,LAW01,LAW01,D07
2158d1ff-afad-48e7-a956-fd07e17ccd15,NHH,LAW02,LAW02,C00
859e8dec-f06d-4d70-92c1-dcdcb40ded9c,NHH,LAW02,LAW02,C03
ffddb4b1-4bd9-429c-81ad-e621e85c3fdc,NHH,LAW02,LAW02,D14
6c60a803-fd7e-4ba2-ae21-d26ab35da59a,NHH,LAW02,LAW02,D15
d9f66def-53bf-4932-ab24-f9fc4bb543c5,NHH,MIS01,MIS01,A00
e15ef952-9743-44fb-af1f-44f30b7820d8,NHH,MIS01,MIS01,A01
426224ae-d881-4058-a4d5-8974357b9182,NHH,MIS01,MIS01,D01
7afbf08e-cba9-485f-afa3-0cc519b1aa6a,NHH,MIS01,MIS01,D07
7182d961-d3ce-4f00-8bb5-ea02891bb44a,NHH,ACT04,ACT04,A00
04f3278f-9fee-4a29-90d3-73d94ab81d95,NHH,ACT04,ACT04,A01
dd8f92f4-1ab0-4f34-817f-c13f9af0560d,NHH,ACT04,ACT04,D01
b74c74e4-5f1a-46f7-adc6-67d8e22aae4c,NHH,ACT04,ACT04,D07
e86462f7-080b-4225-805f-1fd6ddfc58df,NHH,BANK02,BANK02,A00
011ae247-d606-4db0-9875-f2477c05b491,NHH,BANK02,BANK02,A01
48417103-9060-4ddd-9daf-92b8bcac6b29,NHH,BANK02,BANK02,D01
5084bb8f-b27a-4696-be57-2e21d2dd2ad4,NHH,BANK02,BANK02,D07
e24a53d7-186a-4cf7-84d1-720964c5282e,NHH,BANK03,BANK03,A00
8956fca3-7d72-4303-92bc-aa08648be013,NHH,BANK03,BANK03,A01
868a6d9c-51ef-4266-a5ca-7af581f6b529,NHH,BANK03,BANK03,D01
66cc2494-66fc-4650-8ffe-5e54cef59dde,NHH,BANK03,BANK03,D07
c7b20df4-6b74-4f31-a775-22180de9d45b,NHH,BANK06,BANK06,A00
6495f425-58bf-4bd7-809b-fc980630db8a,NHH,BANK06,BANK06,A01
e89526b1-561d-4df3-bba0-22a6dceb7c45,NHH,BANK06,BANK06,D01
bd4ca55a-8cc5-4ae3-8e26-a0f73bca3d03,NHH,BANK06,BANK06,D07
b688e6d1-edfd-48fe-b3a9-b9fe4a92b09f,NHH,BUS02,BUS02,A00
e8e05c79-2572-476e-aee9-812cf995a41d,NHH,BUS06,BUS06,A00
c6c63a82-cdf3-4f67-8705-6f06b5e43a2b,NHH,BUS06,BUS06,A01
e41bdc51-3d98-452e-b746-b025b066f93a,NHH,BUS06,BUS06,D01
e44a488c-34b2-4726-9ea7-a9f840aa5c07,NHH,BUS06,BUS06,D07
79724357-954f-46c0-9ea0-2f3fd00a1023,NHH,ECON02,ECON02,A01
f9e6af4f-d0c5-4678-9e1a-00c966ee7cbd,NHH,ECON02,ECON02,D01
d8b12c7f-69de-4b7c-98b4-6d980b4e4f95,NHH,ECON02,ECON02,D07
d1ac8278-89a0-41f7-b9df-bddcd71bb196,NHH,ECON02,ECON02,D09
fdb3134f-edc3-43a9-a5bf-4e5d09357409,NHH,IB04,IB04,A01
427156ef-a504-45fc-b675-fc25c3a4a913,NHH,IB04,IB04,D01
c44eb5be-88a3-472c-9e3a-3d2b0b63aed3,NHH,IB04,IB04,D07
3f3eab84-d72e-49d1-8041-4ae59e5f1448,NHH,IB04,IB04,D09
080ae6c6-14b2-4d79-b296-93d90644ca09,NHH,ACT01,ACT01,D09
d19d7844-2a4b-4f98-b909-a4e0acf67aa5,NHH,BANK01,BANK01,D09
dc7e2648-a880-4e6f-a807-a307df1ab166,NHH,BANK06,BANK06,D09
9ecbb96a-7f63-4bee-a1f5-4e65da9b7443,NHH,BANK07,BANK07,A01
bd721a6c-ca66-4490-9e97-a42c3f2426cf,NHH,BANK07,BANK07,D01
5cd9513a-4b53-46cb-9f50-e778735c2bf0,NHH,BANK07,BANK07,D07
269ec08a-8c4a-4f1c-abb5-8b5f2a44b68b,NHH,BANK07,BANK07,D09
5262a374-3016-416a-b8bf-26f66d6d4d51,NHH,BUS01,BUS01,D09
29198bee-6ae9-4cdb-9af1-93ac1c1e97a8,NHH,BUS06,BUS06,D09
d0d68399-34d1-46cb-9248-3428a223e1ba,NHH,BUS07,BUS07,A00
29a34895-36a1-48f8-abef-8e9d26141f9d,NHH,BUS07,BUS07,A01
1447aae8-c975-4711-afec-a51fdc6498a0,NHH,BUS07,BUS07,D01
b25a1641-c995-4844-bee7-896b1ed3ae85,NHH,BUS07,BUS07,D07
3329a785-f1d9-4653-a4d5-523ec3c0de00,NHH,DS01,DS01,A00
da60e4f1-72f1-4562-8efc-647e3173584e,NHH,DS01,DS01,A01
a050ab95-85be-4915-b522-61244f6de5d6,NHH,DS01,DS01,D01
cf667187-6650-47b7-a022-f9d4247ae2b3,NHH,DS01,DS01,D07
5922163e-4776-49b0-ab6e-12de52b7c4a8,NHH,FIN01,FIN01,D09
0f792c05-4ca9-4f9a-b1f0-2fbc3158f110,NHH,FIN04,FIN04,A01
527c62f0-ed33-45d2-9058-89b1bacdd26f,NHH,FIN04,FIN04,D01
e85c6370-9939-4235-ae95-da57d216cbb5,NHH,FIN04,FIN04,D07
5815102b-482e-4263-9c1b-803cb3fc7f66,NHH,FIN04,FIN04,D09
4b72fb43-dd04-412b-9b0a-12a3d549e6cf,NHH,FL02,FL02,A01
84da6535-39ff-4eda-b59b-0a1b70832126,NHH,FL02,FL02,D01
2e14554d-b0f4-4d58-ae0d-a9a8cf4075d5,NHH,FL02,FL02,D07
befa8d90-8939-470a-9527-8e9afb676070,NHH,FL02,FL02,D09
8059b053-e85b-4dd2-b845-2491e34673bb,NHH,IB05,IB05,A01
ea786ec1-c79c-4fec-aa5c-0cc2def5fe7b,NHH,IB05,IB05,D01
9e25418c-b322-4071-bc08-75b5adf683d4,NHH,IB05,IB05,D07
996f835f-dbda-4c20-9ea8-7464b8b268f6,NHH,IB05,IB05,D09
af34f2a2-8bd2-4366-9aa7-c5159417aff4,NHH,LAW01,LAW01,D14
00c4c84d-b98e-4bf0-8181-7c388c860395,NHH,LAW01,LAW01,C00
69c1d371-b18e-48b6-982d-4945a1332096,NHH,LAW01,LAW01,C03
4118b537-8651-42fd-a599-657af57936c6,NHH,MIS02,MIS02,A01
d6839bbc-19a2-46d2-98ab-b98f655fcee1,NHH,MIS02,MIS02,D01
d6ca8e66-4747-4c75-af93-ef79830d6435,NHH,MIS02,MIS02,D07
b030c5e5-3d29-4432-abd9-b290822efe5d,NHH,MIS02,MIS02,D09
9910e15f-28a0-4685-95c1-68cf76d4a22e,NHH,7380107_C,7380107_C,C03
96d8dabe-b3ef-43f6-b2ae-182490cffb78,NHH,7480201_J,7480201_J,A00
cef51b35-4e56-48e7-9f39-7a20edf3d85f,NHH,7480201_J,7480201_J,A01
a7d38948-047a-4c24-aa7a-a10662f1aec4,NHH,7480201_J,7480201_J,D01
7c497fbe-2a2e-4d21-827e-48cb8130e46e,NHH,7480201_J,7480201_J,D07
8f4cf709-735e-493f-85ab-26c0f3c40834,NHH,BUS03,BUS03,A00
a7f5245d-363b-4f2d-98e2-aa0d1c60ffad,NHH,ECON01,ECON01,A00
92fda666-7596-43f2-a357-040171b1dd4c,NHH,ECON02,ECON02,A00
eec36c5b-1fc9-4a56-bcc5-56a2beb92ff4,NHH,FL01,FL01,A00
4c85c81b-f832-4742-9d68-801bad1eabb6,NHH,IB01,IB01,A00
958f315e-cc03-4cc0-a551-c7aca1b2730b,NHH,IB02,IB02,A00
135bd671-3a60-4069-8bab-a609bf694932,NHH,LAW02,LAW02,A00
e96c2ac9-b2a7-4ed5-923f-92a3aa50d93a,NHH,LAW02,LAW02,A01
b41659e2-1d55-40ad-a72d-5481107d905a,NHH,LAW02,LAW02,D01
96592285-c31c-4a5d-9978-4ac796f739fe,NHH,ACT01,ACT01,Q00
d9c9edb2-be69-40cd-a604-2dc15d107616,NHH,ACT02,ACT02,Q00
8bc592db-1e12-4d30-88b9-d6894b7a6259,NHH,ACT03,ACT03,Q00
ceaef8d9-0487-43e9-91bf-85fdde1b3f8b,NHH,ACT04,ACT04,Q00
eedb4e39-b4d0-405f-b685-128dab452e67,NHH,BANK01,BANK01,Q00
439bb3b0-58c7-4219-abf8-5db009aaa3d0,NHH,BANK02,BANK02,Q00
d7da177a-aad7-4893-8459-119c853ca9f8,NHH,BANK03,BANK03,Q00
0a09839d-4590-4277-b895-0631bb9f43a7,NHH,BANK04,BANK04,Q00
dc5ea4d6-bd75-4333-b5b5-cc5afcb9eff3,NHH,BANK05,BANK05,Q00
24eaa9b4-3da9-4448-8618-11da368061f5,NHH,BANK06,BANK06,Q00
e41f379a-8288-4525-b222-d910f5255eaa,NHH,BANK07,BANK07,Q00
3b473e95-bde3-4d8c-b622-8c1392020b87,NHH,BUS01,BUS01,Q00
5d68d564-1c21-4e54-ae16-0570bedbe60e,NHH,BUS02,BUS02,Q00
4deb6070-658e-45a8-a54e-dce79ed118a6,NHH,BUS03,BUS03,Q00
6aea04ed-4c84-427a-893f-691e6c6f7beb,NHH,BUS04,BUS04,Q00
cc9c7155-22c2-4527-be8f-af8565f39ca3,NHH,BUS05,BUS05,Q00
1cc08391-f361-46e5-8e53-2c6d6df92625,NHH,BUS06,BUS06,Q00
39d983af-7221-44a5-9baf-aed8904110a1,NHH,BUS07,BUS07,Q00
686052d7-bacd-4b6e-b0e3-99650afd04c9,NHH,DS01,DS01,Q00
a678ee81-dd2e-4c78-b08f-88a0cd84c0b5,NHH,ECON01,ECON01,Q00
b58c4f66-180c-4ade-b6e9-3f600c70de7b,NHH,ECON02,ECON02,Q00
ea6dd5eb-45e2-43a7-8f85-ee0151fa947f,NHH,FIN01,FIN01,Q00
6da9bdfc-1c89-401b-bdf3-466cda8a376a,NHH,FIN02,FIN02,Q00
992980ac-525a-49b7-aa28-3a94466ce001,NHH,FIN03,FIN03,Q00
0ddeaa11-c164-458c-99e0-1b95d8668504,NHH,FIN04,FIN04,Q00
4fac0602-caa2-42d2-a072-e7d40153bcfe,NHH,FL01,FL01,Q00
0104440b-0396-4fa2-bf23-f05dcab0b7d6,NHH,FL02,FL02,Q00
d572d75d-d006-487f-9b68-376203c811ba,NHH,IB01,IB01,Q00
8189c594-bc6b-4f8b-8b15-211ac97ec285,NHH,IB02,IB02,Q00
b00d2a4b-7718-44c5-af01-9f0084071181,NHH,IB03,IB03,Q00
94eb582d-95c0-4258-a274-08fd4c884325,NHH,IB04,IB04,Q00
a1173858-d644-4cc0-bef3-19ee7f0b9ebd,NHH,IB05,IB05,Q00
b16fb406-d478-4b92-a3a3-9e6b8e14d82c,NHH,IT01,IT01,Q00
253edfae-dc05-426c-8400-7937f39564c1,NHH,LAW01,LAW01,Q00
ce9bd78c-e506-4bbd-9658-984979bbfc64,NHH,MIS01,MIS01,Q00
d95e3a3e-7d4a-458e-858f-27559cbdd3b8,NHH,MIS02,MIS02,Q00
f7b99ac1-98e2-41d8-ab2b-f3d7dc296c2d,PKH,7520120,7520120,A00
8ab37a4b-2c3a-4ee3-b097-dfcc735be6cc,PKH,7520120,7520120,A01
19dc2d5b-1c89-4ae3-9aad-da647784ccca,PKH,7860226,7860226,A00
b57fe333-9980-41b2-9588-88f54488eae4,PKH,7860226,7860226,A01
42072b64-1bbd-44f5-a1e5-79e091f00aec,PKH,7860226_B,7860226,A00
b1228ee3-bf56-4d2a-8b2f-28c25ea3fcbd,PKH,7860226_B,7860226,A01
5c8d4c05-551f-4596-8927-ca6eb486bfe2,PKH,7860226_N,7860226,A00
b85f4e02-34dd-49ef-9902-f4a77d37b168,PKH,7860226_N,7860226,A01
2f1e2eb1-4e37-491e-bc9e-d5792f81212c,PKH,7520120_B,7520120,A00
255963bd-f72b-4fdf-aba2-ef5b73aa61a2,PKH,7520120_B,7520120,A01
ba7f78a1-8f15-4d04-a370-4d00249dd83a,PKH,7520120_B,7520120,C01
ee2338e4-b48e-48cc-bc2c-310f5daea3ae,PKH,7520120_N,7520120,A00
01c0e95a-0cb7-477f-8ca5-bfdf508d0e3f,PKH,7520120_N,7520120,A01
48fa94ca-ece5-4874-acae-7ac26ba9f2c4,PKH,7520120_N,7520120,C01
232999f0-b10a-4dea-9b4f-a301eaae26b9,PKH,7860226_B_C01,7860226,C01
dbdc7ee9-55e7-4689-afca-3e75dc2ba1e5,PKH,7860226_N_C01,7860226,C01
4e12657b-5e5d-461e-b622-140def86659c,HPN,7310101,7310101,A00
94ae1dec-2c5a-4471-80bd-d841bc082350,HPN,7310101,7310101,A01
73574ac9-cb9e-4343-a1cf-5e94e22024a8,HPN,7310101,7310101,D01
eb16c8ab-fae4-4bd9-acf6-42271b372282,HPN,7310101,7310101,C00
e5fb6b5d-5118-4720-abd6-e3392696d45c,HPN,7310301,7310301,A00
4d1c9654-015c-4e20-95ce-ccddf803d82f,HPN,7310301,7310301,A01
3fd67dc5-19ba-418e-8bd1-eeae82fad92f,HPN,7310301,7310301,C00
95b38251-9b4d-49ce-9f5d-e890e285734a,HPN,7310301,7310301,D01
b5106ed7-d0dc-4ab3-a86c-222fbf11dcb4,HPN,7310399,7310399,A00
41b941fc-b752-4639-9935-1f0c3cfdc004,HPN,7310399,7310399,A01
3541b06a-5ab4-4f52-8c31-fbe3c073be82,HPN,7310399,7310399,C00
b6b70dd4-e494-4ed8-8c07-5dd1a3d1f59f,HPN,7310399,7310399,D01
fdb1aa36-a7b2-474e-a163-65a955b1247f,HPN,7310401,7310401,A00
0cea1186-9db2-4726-b652-4d70421317b7,HPN,7310401,7310401,A01
882ae45e-07b4-487e-9db0-56c5f12289c3,HPN,7310401,7310401,C00
f0cd5b8e-1ada-4db8-ad09-da0e3daf0c10,HPN,7310401,7310401,D01
c3075d88-df40-449b-815f-0d88f5b5b089,HPN,7340101,7340101,A00
5d8fc2e6-5aa6-4a89-b64c-ddcaa82c7c95,HPN,7340101,7340101,A01
499af02c-955b-495f-8a95-0eef1ee0ef19,HPN,7340101,7340101,D01
9491a302-d59b-4032-ba49-7ece49a58f99,HPN,7340101,7340101,C00
7212310f-65f7-46cc-bb9e-ff5a0e93cba0,HPN,7380101,7380101,A00
402c0f1d-2b4e-4c10-833c-6197ee20ef1c,HPN,7380101,7380101,A01
c7cf975d-86f6-4f4c-9cb5-8de9571977ea,HPN,7380101,7380101,C00
db1d0522-9dcc-4e60-bbce-27d1842bc621,HPN,7380101,7380101,D01
cca92d09-7328-4978-876d-0870a4f11900,HPN,7380107,7380107,A00
1ccff8db-538d-4e1d-952d-ac01e9be476f,HPN,7380107,7380107,A01
1e7e279e-fad9-4efc-b481-9503f0f147b0,HPN,7380107,7380107,C00
4acc6d7d-f45a-4d56-8991-9227468170ba,HPN,7380107,7380107,D01
e7529ca1-c057-4854-8ff9-42b61cf369aa,HPN,7480201,7480201,A00
67bc9d7d-0f4d-4995-ad4e-62ed4b7565fe,HPN,7480201,7480201,A01
71bb7d4b-25c7-4444-afb7-502a3d4a8445,HPN,7480201,7480201,C00
4a35a46e-0604-471f-a904-5b8c94fd22d8,HPN,7480201,7480201,D09
a3c5127d-11d3-447f-8db9-25d63bc228d7,HPN,7760101,7760101,A00
3ab2e006-e93e-49d7-9e6e-bac393fa75f3,HPN,7760101,7760101,A01
a6e3b619-890c-4ec0-9b1b-b41420dbd53d,HPN,7760101,7760101,C00
60138742-34e1-4d7f-8bba-00bff1fee26c,HPN,7760101,7760101,D01
521d1a81-2824-4442-b397-4c0b30109213,HPN,7810103,7810103,A00
1fc77f59-8831-499b-b6a6-107712df6e5f,HPN,7810103,7810103,A01
fa94e518-ba7c-4f7e-bbac-744f88a9f221,HPN,7810103,7810103,C00
8239394a-6d81-4143-9735-d0b20feeeee0,HPN,7810103,7810103,D01
b75591fc-2ba0-48ef-ba37-f8f486df1e57,HPN,7320104,7320104,A00
8ce5371c-94e6-42f7-aa35-6d6a8623b69c,HPN,7320104,7320104,A01
4c4a8149-5304-4382-bb84-e046beae7283,HPN,7320104,7320104,C00
09b51934-2ad9-4fe6-8026-c48fada3df3a,HPN,7320104,7320104,D01
3b7332ef-a096-4e2a-8ff9-4a26a8f105c5,HPN,7340101CLC,7340101CLC,A00
34a3c6a4-7f5f-4b4d-ae25-07aeb8fc47a0,HPN,7340101CLC,7340101CLC,A01
7d10d2e7-0969-4978-9969-5654d6bc17ec,HPN,7340101CLC,7340101CLC,D01
9795bce0-f9c1-4c6e-8a8a-9712771ec777,HPN,7340101CLC,7340101CLC,C00
debc582b-789e-48b4-8501-2d86e34b9b3d,HPN,7340101LK,7340101LK,A00
dbe4b899-65c9-4af1-aa36-70df854d2b14,HPN,7340101LK,7340101LK,A01
9e34ba40-73c9-49e0-a6b2-6c7b319a96a4,HPN,7340101LK,7340101LK,C00
0869be62-f54f-45a8-bc96-13693d77ef1b,HPN,7340101LK,7340101LK,D01
b11c7742-4254-47e9-b959-120f066d3c12,HPN,7420201,7420201,A00
ab201056-9049-4052-bea3-4e9dc38f7872,HPN,7420201,7420201,A01
504de88d-65f0-44f8-bd9a-9e01fdbe2ce1,HPN,7420201,7420201,D01
ba0c9871-8126-4302-a3d2-71c7b19cf543,HPN,7420201,7420201,D09
155c5b65-f782-41c4-a71a-de76f77d09b6,HPN,7760101PH,7760101PH,A00
6c4116ed-78f2-499d-9cdd-3d7015592636,HPN,7760101PH,7760101PH,A01
e27fbdd7-af90-470d-8c6b-27da020d94b4,HPN,7760101PH,7760101PH,C00
c486f873-d2b0-4152-b38c-31ef59f7ed6c,HPN,7760101PH,7760101PH,D01
f2dcfeda-5cfa-46ab-80ca-2b6367897066,HPN,7340101 LC,7340101 LC,C00
40c5387e-4664-4a57-b287-29dacad91324,HPN,7480201,7480201,D01
85425cd9-fc8b-4235-9d69-0319c4b8e141,HPN,7810103PH,7810103PH,A00
07f3a0b8-add3-48a4-b235-be335efe4b64,HPN,7810103PH,7810103PH,A01
3ec96ca8-045b-42c7-8296-01f52861b07f,HPN,7810103PH,7810103PH,C00
9c3afe19-a638-46ab-b7d9-962bb8e077c9,HPN,7810103PH,7810103PH,D01
f4f80a0e-6166-4f8c-b124-65f7c736dcd1,HPN,7310109,7310109,A00
13c40e53-b72a-4d61-9420-d1a9c909124e,HPN,7310109,7310109,A01
43fa3ba1-81c6-4f14-935e-5e3309fb20f2,HPN,7310109,7310109,D01
fbe8ef03-8000-465c-a96d-f1644d337c2c,HPN,7310109,7310109,C00
64167e98-821d-40f1-9aca-f6cf97a8fd09,HPN,7340101TA,7340101TA,A00
50183e04-cc78-4578-b483-7f3fb70a3f22,HPN,7340101TA,7340101TA,A01
56b92f3e-2091-47ec-9480-58cbd11dc16f,HPN,7340101TA,7340101TA,D01
c4994263-8f2e-4139-a8f0-9528d2c0f9c6,HPN,7340101TA,7340101TA,C00
5a8375e1-6e91-4fbf-a987-738aed580c80,HPN,7310101,7310101,D09
462adeb3-d675-4aaa-81ee-6182281d5c5d,HPN,7310101,7310101,X25
4cac4b57-a756-4afe-ae6e-79bcbd3810ce,HPN,7310109,7310109,D09
976d1a97-5bcf-42c7-b19f-1927024f6a87,HPN,7310109,7310109,X25
afd5fec0-ddeb-4d08-ba29-9f166af1c9ee,HPN,7310399,7310399,D14
272a1d74-b7f5-4b47-9e24-b4035db22bd2,HPN,7310399,7310399,D15
e43f0141-0ad5-45f4-be49-3a4e9244f83c,HPN,7310401,7310401,B03
8181fd09-e472-475c-9d9a-7abce806d434,HPN,7310401,7310401,B08
07e82a13-4e4a-432d-8338-a448e7d92683,HPN,7340115,7340115,A00
988d1597-cdff-4bae-94f3-bea5a4187064,HPN,7340115,7340115,A01
f5e2ce21-d48e-4319-82cb-597965db3bd2,HPN,7340115,7340115,D01
9f240ce2-0339-4114-9aa5-18021a092451,HPN,7340115,7340115,C00
662c2779-7d0a-47a2-8c26-d8251b4b5a01,HPN,7380101,7380101,D14
151e6e7e-d729-4ecb-b1e9-03ffcf5663dc,HPN,7380101,7380101,D15
5c33f339-225c-4f73-89e6-7d728bf1b835,HPN,7380107,7380107,D14
2ea303ef-8235-492f-93ad-638b3abbaa1e,HPN,7380107,7380107,D15
8a291dd7-a9e9-45da-aa8f-883c640c65ed,HPN,7480201,7480201,X26
768a13d3-fa85-42e0-acd4-c1d34497ba62,HPN,7760101,7760101,D14
5c96ad30-a95d-4ee0-97e4-eade3af267a1,HPN,7760101,7760101,D15
e862e3a5-2293-45aa-92b5-c315c8c28e24,HPN,7340102,7340102,C00
9a385f21-597d-4844-b29c-e8530f247cf1,YQH,7720101,7720101,A00
9bcff778-e1ca-4404-97c4-cb4cb9856f0c,YQH,7720101,7720101,B00
16d3bf87-d713-4bd0-9480-8be68665df13,YQH,7720110,7720110,B00
c6c77bd2-e07d-439c-9002-c7ec5764c9ff,YQH,7720201,7720201,A00
d74481b9-a8a9-441a-a043-1fcc5164b074,YQH,7720101_Nam_B,7720101,A00
e70e5e0f-29fe-495e-be27-32c401c3ddf4,YQH,7720101_Nam_B,7720101,B00
3cf2a5c3-6e73-4a24-b4db-f2f5a09a6f6c,YQH,7720101_Nam_N,7720101,A00
6c30f4b0-1548-47b8-84b9-7fac39761fed,YQH,7720101_Nam_N,7720101,B00
f1fbe9c5-153e-4c1e-b6b5-ec831a1637a3,YQH,7720101_Nu_B,7720101,A00
807cdbef-f610-44e0-93b5-2d9098eccfaf,YQH,7720101_Nu_B,7720101,B00
b8baf6f7-7cac-433d-962b-95d2e077883a,YQH,7720101_Nu_N,7720101,A00
2bffee0b-fa91-4073-a3b9-9f96b5449e1d,YQH,7720101_Nu_N,7720101,B00
61e9416c-ded2-4edb-b64e-ce7e2f2ab13c,YQH,7720110_Nam_B,7720110,B00
7faed747-2720-43a6-b69a-01c2526930dc,YQH,7720110_Nam_N,7720110,B00
e7b85e4f-2629-4c0a-af78-aa462d902108,YQH,7720201_Nam_B,7720201,A00
9bef835e-bc49-490a-8308-b62be0d151b9,YQH,7720201_Nam_N,7720201,A00
5f8f15a6-0a4c-4755-8953-c283ee667803,YQH,7720201_Nu_B,7720201,A00
a2549f6f-4834-4a2c-b4f1-8685886152b5,YQH,7720201_Nu_N,7720201,A00
402f84b6-f587-4787-9e7d-d8a33e3075e1,YQH,7720101_Nam_B,7720101,D07
95eccd88-9795-41ea-891d-6cfcd2d85acb,YQH,7720101_Nam_N,7720101,D07
e44ce697-40b2-45ba-8788-4d80191d200f,YQH,7720101_Nu_B,7720101,D07
75be4ec2-9c44-4b71-862a-cfed507b4c2b,YQH,7720101_Nu_N,7720101,D07
24ea60c0-eaf5-421e-a89d-6812c72e12d9,YQH,7720201_Nam_B,7720201,D07
55698663-129a-4add-95e9-f2ab4b214771,YQH,7720201_Nam_N,7720201,D07
742ce4da-6c47-46bc-a1cd-318e011a50df,YQH,7720201_Nu_B,7720201,D07
19a40c58-aae6-47de-9654-1034248f9442,YQH,7720201_Nu_N,7720201,D07
aa2f1caf-c326-465c-8e0d-8be50d670f9b,YQH,7720101_Nam_B,7720101,Q00
0bb1972b-076d-4ebb-a103-51b8807662da,YQH,7720101_Nam_N,7720101,Q00
de49c244-0cfe-492e-bf4d-d97f9f8e100e,YQH,7720101_Nu_B,7720101,Q00
8ce29abc-da24-4560-acba-c9d466a3daa9,YQH,7720101_Nu_N,7720101,Q00
e7359931-a53c-4b20-b5ba-ccd9f22c6190,YQH,7720201_Nam_B,7720201,Q00
ae593b54-4271-4147-9bec-b89671141e59,YQH,7720201_Nam_N,7720201,Q00
1c321db0-8990-43b2-a0f6-9df166f3410f,YQH,7720201_Nu_B,7720201,Q00
ce4c97ff-c3dd-41e0-8c5c-7d960aa9af72,YQH,7720201_Nu_N,7720201,Q00
dbaefe49-2214-437e-b2fd-2fbbe95a5f27,HTC,7220201,7220201,A01
73c5ad29-6797-453f-9910-7947afe7190c,HTC,7220201,7220201,D01
0ebf440f-a58f-484b-bedb-91e1f9953fea,HTC,7220201,7220201,D07
63b89d51-0fd7-4a5c-a479-89364d46ac51,HTC,7310101,7310101,A01
0638f7a1-f2c7-4934-bda0-f7cdbe1c160c,HTC,7310101,7310101,D01
b3fd5677-f8c8-46bc-8e64-3c638e7a1d24,HTC,7310101,7310101,D07
4e828d70-5c9e-4ecb-a9bc-d21f690ef5b6,HTC,7340101,7340101,A00
38cbbd02-9784-47f7-8c7c-762043af6106,HTC,7340101,7340101,A01
3bb2921e-fa5b-47d4-8efc-4bf2e9f69f96,HTC,7340101,7340101,D01
8e6c6ea0-b1ad-4b63-8781-7450658034e0,HTC,7340101,7340101,D07
c1a35691-ccc7-4eb9-a068-183367c74e6d,HTC,7340201,7340201,A00
f8dfbea6-b6da-464a-8824-1d31f4a9c174,HTC,7340201,7340201,A01
326762f2-20b2-455f-9dd1-818bfb0d3dd3,HTC,7340201,7340201,D07
ff4bdba5-f665-4463-94bd-32f872cd4e62,HTC,7340201C06,7340201C06,A01
750ba8b7-2069-432e-8a7f-36ee7de96b52,HTC,7340201C06,7340201C06,D01
b1859648-b1fc-40ef-8932-872a000912c2,HTC,7340201C06,7340201C06,D07
28cb47d6-5e48-4c58-a117-05cd17040caf,HTC,7340201C09,7340201C09,A01
0c1bb92d-012b-453b-acaa-d2fed4d2cd66,HTC,7340201C09,7340201C09,D01
dd9b10bd-7d56-4aa7-b3e7-e4f2a526c25c,HTC,7340201C09,7340201C09,D07
f5588943-9556-44d5-8ab3-3517ddd8e853,HTC,7340201C11,7340201C11,A01
19d97071-956f-478b-b276-5a055765e23d,HTC,7340201C11,7340201C11,D01
4a4b0858-25f5-46eb-a0dd-fefd8748baa5,HTC,7340201C11,7340201C11,D07
be7a1712-c7ae-4d67-899d-5f668305dbb5,HTC,7340201D,7340201D,D01
5a9f1b7c-77c6-43d8-bbcb-1c6a74992fda,HTC,7340301,7340301,A00
03487a7d-b982-4b5a-9e18-15f4b5114886,HTC,7340301,7340301,A01
b279ea24-4d26-425a-acda-a6b565793f1a,HTC,7340301D,7340301D,D01
9cdd63d8-f2ee-47a0-98df-ed40d77fcc5f,HTC,7340302C21,7340302C21,A01
acc4d46c-7c4c-43ce-a796-c0c721b512bc,HTC,7340302C21,7340302C21,D01
4260c1e8-644c-4a10-96c0-2dae1a85a108,HTC,7340302C21,7340302C21,D07
b16726d9-3364-4a0b-ae1c-b5889e8adc0f,HTC,7340302C22,7340302C22,A01
d7c8c37f-f2c9-429c-bdbf-f59f4f896401,HTC,7340302C22,7340302C22,D01
4794e3d4-9c56-4fe1-bf0f-23b0b912a70a,HTC,7340302C22,7340302C22,D07
033ebf2b-b49c-4dd1-91b3-d035658dcb16,HTC,7340405,7340405,A00
387e11db-224e-4287-b0bd-a3d7b029d65f,HTC,7340405,7340405,A01
9f82d0fe-3767-4b54-bbb4-b0f501e0cc9f,HTC,7340405,7340405,D01
cb8d8423-4cab-4091-924f-82f09b6a5a36,HTC,7340405,7340405,D07
61ec8387-87dc-4f80-ae28-7a759ed35b29,HTC,73402011,73402011,A00
f0c49a7c-322a-474d-b56e-169d3b3ea66c,HTC,73402011,73402011,A01
2799352f-e15b-4ade-bd10-99c7aa726c58,HTC,73402011,73402011,D01
855ef6d2-cc45-488e-a28f-56e558524bdc,HTC,73402011,73402011,D07
15e43b7a-6b30-48e6-9a3e-9786dfb3d46c,HTC,73402012,73402012,A00
0864522c-8aa3-4ca4-be36-c1ed905345b6,HTC,73402012,73402012,A01
e8932662-84fe-4cd3-95fa-3183fd886cfd,HTC,73402012,73402012,D01
3d517c5d-2f0a-47d7-a304-37ada077dfa3,HTC,73402012,73402012,D07
e173c96f-43f6-4a8a-8145-d81c0ff3a78a,HTC,73402013,73402013,A00
c4784211-16bd-4e08-a771-9384781e2e81,HTC,73402013,73402013,A01
1ba065dd-abae-41e3-a706-c6b79d9cdf6b,HTC,73402013,73402013,D01
ae053b38-dd68-4cff-a80a-a1a35e79c9cd,HTC,73402013,73402013,D07
fb2ec873-7589-407f-9d71-e95dee83cae6,HTC,7340301,7340301,D01
b19c603d-edb3-42da-be96-99bb7982d4d0,HTC,7340301,7340301,D07
a111f32d-f180-4fc0-aa8d-43e1b4cdccf1,HTC,7340301C21,7340301C21,A01
9fdcd272-717b-403b-8607-3cc02aa21386,HTC,7340301C21,7340301C21,D01
5c28261c-c98a-4323-b5ba-d48aebcd9d2c,HTC,7340301C21,7340301C21,D07
d48923b9-13e8-45b3-8218-4aacd6d813d4,HTC,7340301C22,7340301C22,A01
b5a5d76b-42c0-4034-bab4-1331f2050093,HTC,7340301C22,7340301C22,D01
c2fb5e3e-585f-4508-9eb6-d2fa1440fa8a,HTC,7340301C22,7340301C22,D07
9b8ecdba-3a6c-44bc-aa7e-ff1ac7f54147,HTC,7340115QT11.02PH,7340115QT11.02PH,A01
9683622b-1576-465c-8f2a-10753ee196a2,HTC,7340115QT11.02PH,7340115QT11.02PH,D01
a0538ec2-7f96-4565-b3e4-5b6a6c434765,HTC,7340115QT11.02PH,7340115QT11.02PH,D07
9d842fdd-4702-4546-9651-214a7b7b9205,HTC,7340201QT01.06,7340201QT01.06,A01
a443b35e-07e2-4725-b600-c4e1739582ef,HTC,7340201QT01.06,7340201QT01.06,D01
793e3bf5-44e5-4a14-acc3-c9783adc8849,HTC,7340201QT01.06,7340201QT01.06,D07
0e34773f-5f35-44c6-a9db-cc68de1877c7,HTC,7340201QT01.09,7340201QT01.09,A01
deea77c4-fced-4efc-96c6-fdda345ce991,HTC,7340201QT01.09,7340201QT01.09,D01
214ff42d-d4a9-4e85-9e61-539a7bbaa2c9,HTC,7340201QT01.09,7340201QT01.09,D07
d6ebc40e-193d-4a20-b5a7-9381b89f5409,HTC,7340201QT01.11,7340201QT01.11,A01
4d26c93c-209e-4e5e-99a0-7d5da6cbc0ff,HTC,7340201QT01.11,7340201QT01.11,D01
d09c877d-1c49-478e-9028-29842228a534,HTC,7340201QT01.11,7340201QT01.11,D07
fabeac96-a586-46db-8eb7-121087ae014a,HTC,7340301QT02.01PH,7340301QT02.01PH,A01
ca2547cf-0d4f-4266-8a6d-7d6d31a6982e,HTC,7340301QT02.01PH,7340301QT02.01PH,D01
a048cc04-28d7-4fa4-83ee-a1f33ab143ec,HTC,7340301QT02.01PH,7340301QT02.01PH,D07
96f3410d-b80e-4a91-893c-998c5616901e,HTC,7340302QT10.01PH,7340302QT10.01PH,A01
b71469b3-25d1-49bf-90a6-717416151f5d,HTC,7340302QT10.01PH,7340302QT10.01PH,D01
d49cadd5-14f9-4c6c-8975-68ba51dc2994,HTC,7340302QT10.01PH,7340302QT10.01PH,D07
2fb5ede9-e3f0-4011-88d6-8babc2bc4c04,HTC,7310101,7310101,A00
3d1a1df3-11b8-451f-b04d-15c6dc4fd967,HTC,7310102,7310102,A00
7b7146a3-1200-43a4-96aa-24a4c77816e6,HTC,7310102,7310102,A01
5e9feea1-4d48-4b2c-b766-a9c64fddb244,HTC,7310102,7310102,D01
f0063d95-be45-4006-9011-d849c5d4ce9c,HTC,7310102,7310102,D07
2d800d72-886e-448d-a727-4d3fcf77264f,HTC,7310104,7310104,A00
a35abf2d-6fa2-415c-a890-94639ce194df,HTC,7310104,7310104,A01
ab851371-a9f1-4529-b706-f83970c569be,HTC,7310104,7310104,D01
9a1c511a-8b60-4aeb-a380-1a7c84cdabe0,HTC,7310104,7310104,D07
0b67e8f4-dff9-471e-807a-29231162f512,HTC,7310104QT12.01,7310104QT12.01,A01
dc35fb29-bf88-467d-9848-56fade896b15,HTC,7310104QT12.01,7310104QT12.01,D01
addb3a0e-d198-498c-ad66-1b4d90b7b524,HTC,7310104QT12.01,7310104QT12.01,D07
8b74169e-b7d5-4ade-8b55-8d62f21a1d37,HTC,7310108,7310108,A00
b1cd4689-71f3-4fb4-bae9-e5db24998915,HTC,7310108,7310108,A01
7f6546af-7462-40c5-a501-bd2f880c38f8,HTC,7310108,7310108,D01
c04b98d8-b5ac-4976-b2e2-fd6a4be7e3ab,HTC,7310108,7310108,D07
3032b409-48dd-4715-9d31-14253c2456fc,HTC,7340101QT03.01,7340101QT03.01,A01
ff26c6ae-9fbb-41d1-8c83-4a9864009f0b,HTC,7340101QT03.01,7340101QT03.01,D01
53ab8f41-9bd5-4103-a094-c81f833664e1,HTC,7340101QT03.01,7340101QT03.01,D07
7be306a6-6367-4314-b498-e41e3b009bc0,HTC,7340115,7340115,A00
73692cc2-e67a-4606-9239-d1906e6a20c6,HTC,7340115,7340115,A01
e557bb16-055c-4752-a471-1eb78cc7472f,HTC,7340115,7340115,D01
1b605681-a7d7-4384-9107-ce1f5a964100,HTC,7340115,7340115,D07
d5ef40af-d69e-4420-a5a2-88cabba02662,HTC,7340115QT11.02,7340115QT11.02,A01
f14be211-f1a0-49c0-a8ca-be970583daf8,HTC,7340115QT11.02,7340115QT11.02,D01
4e147f68-0644-49ce-9be1-5d4f48018c5c,HTC,7340115QT11.02,7340115QT11.02,D07
15d04037-049a-4d5b-a932-b9f8ac6e7897,HTC,7340116,7340116,A00
ddb57fcd-a11d-4ecc-b7d8-287e4228a427,HTC,7340116,7340116,A01
dddb0faa-862d-4624-93e9-31288d168639,HTC,7340116,7340116,D01
678b9952-07cb-4f03-b2e2-b48071d40c06,HTC,7340116,7340116,D07
6373ec4d-f175-42c2-8ae7-f9df988f6e55,HTC,7340116QT09.01,7340116QT09.01,A01
c4fdde85-f738-4c46-bb6c-136aa1ab30d8,HTC,7340116QT09.01,7340116QT09.01,D01
f2869bfc-f443-47a3-89b3-c533e0441664,HTC,7340116QT09.01,7340116QT09.01,D07
9b136015-8b4f-4d86-af94-8f18d732fdff,HTC,7340120QT15.01,7340120QT15.01,A01
dff3af2a-8937-441b-b384-cd1dccfaa2ee,HTC,7340120QT15.01,7340120QT15.01,D01
c2dca15c-7ae8-4ab4-9140-36e888d69dd7,HTC,7340120QT15.01,7340120QT15.01,D07
273735ab-5489-47e9-bff2-e4479174b680,HTC,7340201QT01.01,7340201QT01.01,A01
213c3d30-74eb-4a96-a228-9c9eba887c00,HTC,7340201QT01.01,7340201QT01.01,D01
b668678b-c9fa-4e50-a7c9-e237e1af4b0a,HTC,7340201QT01.01,7340201QT01.01,D07
9b81dda6-83fc-40b6-a43f-28b85f0b7244,HTC,7340201QT01.15,7340201QT01.15,A01
32bfd9c6-4934-421f-9bca-41936be493b2,HTC,7340201QT01.15,7340201QT01.15,D01
4b39eaa8-c31e-41e5-aa04-1ca4a6911e7c,HTC,7340201QT01.15,7340201QT01.15,D07
3ad4b8e5-3a46-4740-821e-290c9de07885,HTC,7340201QT01.19,7340201QT01.19,A01
f6c72ad5-4c19-4e9a-903a-394bdef7a77c,HTC,7340201QT01.19,7340201QT01.19,D01
99390e24-bf7f-458e-bd2c-d1d9babf08fc,HTC,7340201QT01.19,7340201QT01.19,D07
f45b75c6-69dc-4a41-894b-4b441369c4e1,HTC,7340204,7340204,A00
e0467a4f-d1cc-445d-b3d7-c156391d60cb,HTC,7340204,7340204,A01
f925ee58-dbbf-4c63-9504-47d98b73f452,HTC,7340204,7340204,D01
205a7c59-470b-45d5-b0e6-f30281ea4f9f,HTC,7340204,7340204,D07
d92634d5-7473-458e-89e4-dea9f459317c,HTC,7340301QT02.01,7340301QT02.01,A01
ae1fc94e-0132-4e91-89c1-ced51648f7c2,HTC,7340301QT02.01,7340301QT02.01,D01
05d2f143-04c3-4078-9503-f026b93196e2,HTC,7340301QT02.01,7340301QT02.01,D07
34716f9b-baa2-4e59-b2cc-f213aad37fdb,HTC,7340301QT02.02,7340301QT02.02,A01
3ba69813-e034-43c3-8f3b-b6d7dee9d30d,HTC,7340301QT02.02,7340301QT02.02,D01
ad8bc3f5-0639-4e1e-93f4-9e25e9d627d6,HTC,7340301QT02.02,7340301QT02.02,D07
9fc07a9c-c38e-414b-8b14-9cf08d39d634,HTC,7340301QT02.03,7340301QT02.03,A01
22a60ea4-eafa-48d0-be63-9391767739ab,HTC,7340301QT02.03,7340301QT02.03,D01
4fb2c283-a3fe-40c7-9ddc-dd33cf068889,HTC,7340301QT02.03,7340301QT02.03,D07
8ff36538-c580-47cd-b31b-8ae3ae848d4e,HTC,7340302,7340302,A00
231442ff-cd18-4b82-82d7-d80440aaf426,HTC,7340302,7340302,A01
142d0aff-e0f5-41cf-9ea4-b665a87ffd21,HTC,7340302,7340302,D01
cb18e7c2-931c-4716-ac7e-382649175d41,HTC,7340302,7340302,D07
fd91547f-f760-4727-acc8-da99e953856a,HTC,7340302QT10.01,7340302QT10.01,A01
d1796054-f818-41e7-991a-8f4acf3dfe1b,HTC,7340302QT10.01,7340302QT10.01,D01
f3c5d6d1-b08b-40cc-931e-e1a4b88f43ec,HTC,7340302QT10.01,7340302QT10.01,D07
ec06c79a-2de4-46c6-a668-2facb165ecb5,HTC,7340403,7340403,A00
fc951e5a-3099-469a-9f70-566e65fdab2a,HTC,7340403,7340403,A01
adab99ab-4210-45e3-82b0-cbe3dd4b638d,HTC,7340403,7340403,D01
2a469c59-b43d-4998-9e3c-61aea5110fc2,HTC,7340403,7340403,D07
ebaab78f-95f5-4d84-9190-103ba6e4de59,HTC,7380101,7380101,A00
01412cea-4518-4800-ad1f-6ff8624430e7,HTC,7380101,7380101,A01
853136c0-dabb-47cd-8aa9-cd404d9bef4e,HTC,7380101,7380101,D01
3081a216-c89d-45e7-a1c0-c59000f2ef6c,HTC,7380101,7380101,D07
a152f6c8-4439-4740-aff8-d7463628a9b5,HTC,7460108,7460108,A00
41bca7ae-4979-438b-95e0-58edf1c78ee3,HTC,7460108,7460108,A01
7f6ee9dd-635d-4bb2-a040-840c9c8b4047,HTC,7460108,7460108,D01
ac8e8106-4690-499c-86ce-72f9156d7560,HTC,7460108,7460108,D07
312933f4-7c12-4ca3-8352-fceffa141c20,HTC,7480201,7480201,A00
af8c1248-c97e-44c3-9549-663862590d07,HTC,7480201,7480201,A01
73cc9c6e-48e7-4ebc-9dd4-91e03afcbd3d,HTC,7480201,7480201,D01
4befd0a5-3296-4690-9055-f208600f1e89,HTC,7480201,7480201,D07
2d4c014e-f7d5-4a13-a448-f409737d806c,HVQ,7140114,7140114,A00
d79bb8e2-6b85-4532-bcfc-f767fab769e2,HVQ,7140114,7140114,A01
0d871550-5d99-49b9-9281-9313a3654f8b,HVQ,7140114,7140114,C00
90fc59d9-f880-44ac-a259-ea59fb75d233,HVQ,7140114,7140114,D01
79c99764-86de-44cd-9105-5e341134633a,HVQ,7310101,7310101,A00
0b32cef3-a9fa-4767-8d2a-0e4b2a537d78,HVQ,7310101,7310101,A01
df41d08d-876d-4988-888f-928286abc9c3,HVQ,7310101,7310101,D01
a2e70dbd-a1db-4a44-a1c5-3c7fcac82679,HVQ,7310101,7310101,D10
7d79ddf3-4538-46a9-9a3a-ae111675cf38,HVQ,7310403,7310403,A00
25b69a07-e212-48c3-9984-509ba926e5b9,HVQ,7310403,7310403,B00
73b985b9-97ec-4e80-9e29-74dd73460ec5,HVQ,7310403,7310403,C00
b3646814-ad21-48c5-9a55-fc6cf6e33514,HVQ,7310403,7310403,D01
9f4b2048-41d1-47d8-a258-da292a3e0a33,HVQ,7340101,7340101,A00
e036e3ae-0258-48b6-9bac-ec8f5e081faf,HVQ,7340101,7340101,A01
4b8470e9-888a-4b5c-ab61-77a083dc0c8b,HVQ,7340101,7340101,C00
531146a6-2209-40b5-a389-d63e1735a816,HVQ,7340101,7340101,D01
9a04d444-de75-4b2c-99ae-fcc6fed743b8,HVQ,7220201,7220201,A01
0b0c1993-fbd9-4d6e-baa0-9b1b58a348d9,HVQ,7220201,7220201,D01
d21865a6-981f-4acd-bbe9-5b75f02bcd2f,HVQ,7220201,7220201,D10
68b2377f-b145-4593-b432-adbe2e23f2be,HVQ,7220201,7220201,D14
c1e4a545-fc93-4cd7-8ecd-39a9d7656b22,HVQ,7140101,7140101,A00
30e06244-677a-4033-be4c-c5304fa5c744,HVQ,7140101,7140101,B00
799476d0-6118-4c87-ba03-18580a2ce0dd,HVQ,7140101,7140101,C00
26e88666-a57a-4e11-ac3d-07d067c9238b,HVQ,7140101,7140101,D01
92cd44a6-2958-43b6-8645-a9d302843754,HVQ,7140101,7140101,X70
35b405c8-a6f1-47ec-8d23-b0d42a71c9f8,HVQ,7140101,7140101,X74
e709b059-e755-475f-959b-706d74a8cdcb,HVQ,7140114,7140114,X70
8f627f8a-e9f6-4ba3-b07f-213014d50270,HVQ,7140114,7140114,X74
6a1fc883-695b-40fc-94bd-2ab81db51aed,HVQ,7220201,7220201,X25
e118a664-90f0-4912-9208-ddb91bf8f3d2,HVQ,7220201,7220201,X78
53c88fc6-6339-4eae-986e-6505994a8319,HVQ,7310101,7310101,X25
9cd44ecb-19d4-4667-b4f1-238b514586f4,HVQ,7310101,7310101,X26
c9b77793-dda5-446c-b4e3-f0ef23fa00ec,HVQ,7310403,7310403,X70
d3a328bf-701d-4b18-8755-b1c2f466ea32,HVQ,7310403,7310403,X74
dca12fc0-a9ff-4a32-b998-ec6a2f8e444e,HVQ,7340406,7340406,A00
b20bc9d8-1535-49aa-bcbb-694d5adb63b3,HVQ,7340406,7340406,A01
c4c3e465-936e-48fd-924c-1fd605392fc2,HVQ,7340406,7340406,C00
0f88bc40-9a62-49e7-af09-37caefcfae86,HVQ,7340406,7340406,D01
a45df475-a6ff-4d35-9b42-fb685b56bdb4,HVQ,7340406,7340406,X70
9ae548cf-4a90-40c4-8486-2694b2b0e6a2,HVQ,7340406,7340406,X74
8eb55fd5-0710-4f3e-9a5c-8f126d8db963,HVQ,7480201,7480201,A00
37e0128e-f3b2-4476-9e01-0e79c40177d5,HVQ,7480201,7480201,A01
dfe2adc1-9f7f-4336-b2f6-7f95fe13ae9b,HVQ,7480201,7480201,D01
fdea0e7a-b123-42d5-b10b-c21d967f680b,HVQ,7480201,7480201,D10
30e61999-d91a-4ef2-ae8c-88b67ec7bf4c,HVQ,7480201,7480201,X06
17980b55-462e-447e-8865-6b9541f34cfd,HVQ,7480201,7480201,X26
b814a2e9-c276-4a46-9c53-b239a67730e5,HTN,7310202,7310202,A09
c78cb72c-fc7c-4b0e-84fc-d76d9b6dafa2,HTN,7310202,7310202,C00
5ae5e742-9862-4e9b-8f31-6f4b1a4b7c6e,HTN,7310202,7310202,C20
230fb818-7e12-4de1-98e9-fde75ab1e524,HTN,7310202,7310202,D01
d852f877-e93d-4b9b-9b71-535c8c6c1135,HTN,7310205,7310205,A09
e87ad3c1-467d-4e39-8022-6855e2652cfb,HTN,7310205,7310205,C00
cb99c2f1-df53-4854-8152-8fe7f8f92034,HTN,7310205,7310205,C20
76da7308-7a77-49ec-bf50-ba984718f25f,HTN,7310205,7310205,D01
7e772190-deba-491f-86e1-037d87e869f1,HTN,7310401,7310401,A00
4a19a32e-70d7-4b54-904e-5e2897cabe56,HTN,7310401,7310401,A09
5b5f4379-f7fd-45e5-a0ba-5e1e94ec0779,HTN,7310401,7310401,C00
2db39f29-f5f4-4a3b-b755-656f9d11e14b,HTN,7310401,7310401,C20
fde4609f-7b08-4d04-a6e1-42634f33fdef,HTN,7320108,7320108,C00
990839ea-c807-422f-963e-e64928c3a7e1,HTN,7320108,7320108,C20
18eb5f8f-52ae-414c-8abe-2268bdcd5db6,HTN,7320108,7320108,D01
eb943445-5a66-4a3f-8837-82d10367fb4b,HTN,7320108,7320108,D66
5702a74d-4bb3-4f1b-9f8d-1374b679ba10,HTN,7380101,7380101,A00
54184c59-28ea-4470-a9cd-2f732abff7d5,HTN,7380101,7380101,A09
14ae4bba-fc95-47fa-b57a-84632cd2a173,HTN,7380101,7380101,C00
e13ae6f9-b948-4cb9-8a99-7be1f5976279,HTN,7380101,7380101,C20
18f4c730-0c69-4d26-919a-8206bdc45fb7,HTN,7380101,7380101,D01
3acfdad3-4fa7-44c0-9b3b-f388e7de920d,HTN,7760101,7760101,A00
8b455ae0-49a2-43d8-8dbb-5756b4aaba4f,HTN,7760101,7760101,A09
50a3b1b5-b159-4f0f-83dd-5e3e2ae45645,HTN,7760101,7760101,C00
0d7c621a-4c06-4e0a-9c39-565e2e1ce2fa,HTN,7760101,7760101,C20
8b9b617d-89f3-4e95-aa8a-53bebe6ca3da,HTN,7760102,7760102,A09
7c58dafb-e644-4672-9464-7849120af076,HTN,7760102,7760102,C00
b12b7469-ae82-4282-bc5b-5f313ed1c0db,HTN,7760102,7760102,C20
f7328a95-6634-419d-97e4-545d21971791,HTN,7760102,7760102,D01
d7235f9a-536e-4073-96fc-03a34fafb181,HTN,7310401,7310401,D01
20a4d1f7-60d8-4a8d-b857-a5a063d4e6e9,HTN,7760101,7760101,D01
aa35e4a9-e11b-4117-ae1e-a6e1b2b62cc2,HTN,7320108,7320108,D15
02bb0f89-927e-426d-81b2-f5e8dc29a38b,HTN,7310101,7310101,A00
8c5685df-5547-478f-b4d8-fd139849d903,HTN,7310101,7310101,D01
d206d304-cb30-4939-b255-ceafe999e73f,HTN,7310101,7310101,D10
157cc0b5-b4d8-4b7a-a995-d5b50917d67d,HTN,7310101,7310101,X21
b01c5943-d4c4-4fdc-a632-8ffd948726da,HTN,7310202,7310202,X74
250d99ca-c06b-4976-88f2-92eaf3a7bd58,HTN,7310401,7310401,X21
1960f73e-5fda-4bb3-b1b3-85825bf30c97,HTN,7310401,7310401,X74
727b589f-e2ef-4465-9cdb-526b20f1c25f,HTN,7320108,7320108,X74
a25cb0f7-8630-4056-abe2-1114106d923d,HTN,7380101,7380101,X21
f282b89d-598c-402b-bb96-23f1a7f8628f,HTN,7380101,7380101,X74
e08f4bb7-00be-4705-a241-72da285a0a7d,HTN,7480201,7480201,A00
fcc43def-79a5-44ef-9f69-56df249a38f8,HTN,7480201,7480201,D01
deb81670-2977-4a3c-9cd7-13cbfcdba1b1,HTN,7480201,7480201,D10
c3eb2686-b387-43a9-96d5-dab0e1a9777f,HTN,7480201,7480201,X21
25af7e73-5de3-4bc5-9e9f-f24827bac46e,HTN,7760101,7760101,X21
ba8c1a00-5323-4ecb-ae7c-55878becffe1,HTN,7760101,7760101,X74
958c8531-5324-40ad-8d5b-69b9d21d133d,HTN,7760102,7760102,X21
731595f7-3c1e-4d68-83d1-bc1d07ec1cc0,HTN,7760102,7760102,X70
a5ebadb4-e4d2-454d-8014-fe36029ade8c,HTN,7760102,7760102,X74
6c5ba90a-0042-4303-9d74-efba832ac9b1,HTN,7310202,7310202,X21
da5e9538-0c5a-4973-a6eb-95943782108f,HTN,7310205,7310205,X21
80575a51-1122-496a-9ce2-053dc0e03a57,HTN,7310205,7310205,X74
c9018c8f-6651-4cee-a991-561c2935e595,HTA,7380101,7380101,A00
bf796453-9544-4e0a-b027-2d7787097d72,HTA,7380101,7380101,A01
1fa1fe8c-a054-4e38-a400-a43cc0aeb01a,HTA,7380101,7380101,C00
6a23b73d-dbb2-4ebf-a2b9-cb08c4a55f4d,HTA,7380101,7380101,D01
8cd3d83a-9e73-484e-9a7d-647f79f92e49,HTA,7380101_NAM_B,7380101,A00
3d790cfc-2758-4184-9a6e-0b93288204bc,HTA,7380101_NAM_B,7380101,A01
b15ce604-f2a7-4831-93b5-9f04b4babe4f,HTA,7380101_NAM_B,7380101,C00
58185991-6eae-414c-9063-59c5518934fb,HTA,7380101_NAM_B,7380101,D01
4dc41f5f-39e4-4179-9542-58f2bae01e43,HTA,7380101_NAM_N,7380101,A00
7e23ec9d-a831-46a1-b1b1-b0fe3f653258,HTA,7380101_NAM_N,7380101,A01
d9e12010-a4fb-4b6e-b13b-7582e1ebffb1,HTA,7380101_NAM_N,7380101,C00
3de8fb8f-7539-4a6b-8760-3f17227147cc,HTA,7380101_NAM_N,7380101,D01
320bc6ab-f061-44da-a88a-05faed72c665,HTA,7380101_NU_B,7380101,A00
d88c2098-9b35-4313-baa5-d043d2c83ee1,HTA,7380101_NU_B,7380101,A01
8f542307-5f4f-4afa-9d42-4169d3fc7f66,HTA,7380101_NU_B,7380101,C00
698382b4-c47c-445e-940f-68b6fb72813c,HTA,7380101_NU_B,7380101,D01
48538731-b028-45bc-aa66-b15ffaaf976e,HTA,7380101_NU_N,7380101,A00
3614ac06-1172-4392-b9a8-35538d92893c,HTA,7380101_NU_N,7380101,A01
80c94fb3-bc59-4348-97aa-913cfd1137e7,HTA,7380101_NU_N,7380101,C00
20f1cd76-faa6-4c0c-a13b-b800ba871077,HTA,7380101_NU_N,7380101,D01
5bd388e8-041d-45b1-adf7-cdc2bfe08710,QHS,GD1,GD1,A00
a18923b2-a5cf-4c0d-9eba-c97ca8d400bb,QHS,GD1,GD1,A01
6f0d7707-3dcf-4f7e-9ea2-588b6b740123,QHS,GD1,GD1,B00
57f23502-8f43-4edd-a19a-41e21d460015,QHS,GD1,GD1,D01
07a30e73-7c53-47f3-aca7-47c5c47283d6,QHS,GD2,GD2,C00
5e93cb27-eb49-4373-bd22-7886b6e64103,QHS,GD2,GD2,D01
e9eafe8f-d7f5-4b99-8d71-6459d6dc2c4e,QHS,GD2,GD2,D14
bbc4f635-ce4e-4689-9eea-46356dfe458f,QHS,GD2,GD2,D15
e38f41c1-e05a-4412-9b61-e8bc2e9b3801,QHS,GD3,GD3,A00
3f2db3ea-deb0-44b7-9902-9f14b06bc051,QHS,GD3,GD3,B00
74fd395f-9d84-4eb4-8447-781025779ebd,QHS,GD3,GD3,C00
70e6f0d6-96f7-4295-8e9e-e23e409b180e,QHS,GD3,GD3,D01
aa939c38-8de5-488c-aa5a-d821b4a0721b,QHS,GD4,GD4,A00
16e636b4-2c42-4174-80b0-44620faa74f5,QHS,GD4,GD4,B00
37c22da8-07d0-4086-8ba7-dbd64ecd9f18,QHS,GD4,GD4,C00
be738ebe-28e3-4f08-ac32-4d35d18614c0,QHS,GD4,GD4,D01
fa8fe1ae-5596-4dee-b57f-f66c70a101b7,QHS,GD5,GD5,A00
90482127-1eaf-4842-8c8d-7538bb29830d,QHS,GD5,GD5,B00
fb21e1a6-2866-49a2-a6d6-39586356cc30,QHS,GD5,GD5,C00
6915d965-74f4-4047-aae3-6d103ac336e8,QHS,GD5,GD5,D01
4f7fde54-9bf5-4a6c-af14-9b8a413cdc12,QHI,CN1,CN1,A00
4073e2f4-4b21-45f6-ae3c-c395fb382db9,QHI,CN1,CN1,A01
93c121ff-a044-4bea-8699-47c608c5e00a,QHI,CN10,CN10,A00
27723f88-b878-410e-937c-ca9945b4a030,QHI,CN10,CN10,A01
6a3bfc57-a3d2-4345-a771-e1671e995c23,QHI,CN10,CN10,A02
f10934ea-3b64-450c-8521-f7dafd76b38b,QHI,CN10,CN10,B00
0e8bb7d3-17d2-4ea7-9955-69969a9a5862,QHI,CN11,CN11,A00
812e0177-9af3-4856-be5d-09971896fdb7,QHI,CN11,CN11,A01
4db1ed87-3d26-42b8-bfcb-0badb04d89cc,QHI,CN2,CN2,A00
e2ae136a-be96-4d15-8efb-209b17bccc9c,QHI,CN2,CN2,A01
05803d99-6f07-4a33-ab20-3d7b30d21923,QHI,CN3,CN3,A00
4f2f6b90-82d4-492d-9f93-66beca271cd2,QHI,CN3,CN3,A01
5fb37aaf-b34d-4571-990d-532fffbb5567,QHI,CN4,CN4,A00
3ac47a4f-6562-49e7-a41b-a777150d2451,QHI,CN4,CN4,A01
6802861f-2e4d-4e2d-846c-0e1272634df0,QHI,CN5,CN5,A00
b3afc44e-fe6c-41ba-9fdb-02eab3ac5cd9,QHI,CN5,CN5,A01
a7fe9e82-2d3b-47b4-962b-231e8ffecfea,QHI,CN6,CN6,A00
128050fc-b7db-4bc4-8b34-6568b2f212eb,QHI,CN6,CN6,A01
5d9a15de-e5a7-493e-8a0e-f44a9b588e81,QHI,CN7,CN7,A00
4c72657e-e106-46a1-9e34-a5697a37a880,QHI,CN7,CN7,A01
15f17988-3168-4454-ae51-ad3f0b9d37fe,QHI,CN8,CN8,A00
8264918a-ad4d-4ab6-b590-208e36a03c6b,QHI,CN8,CN8,A01
b3a21a56-33d8-46e0-80d2-56e9f17c3960,QHI,CN9,CN9,A00
3086ef59-86a0-4057-afc2-0dff9dba1dfa,QHI,CN9,CN9,A01
23b748de-dd33-49a0-bb94-66f6b6d55b1d,QHI,CN1,CN1,D01
cf7e8930-9b79-4b91-8f42-1a49647a9ef5,QHI,CN10,CN10,D01
cc744232-6d2a-496b-8074-f3e30385c799,QHI,CN11,CN11,D01
58c27d57-dd55-4a43-a24d-91faf59b71fb,QHI,CN12,CN12,A00
50eae804-a4af-49f3-9ae9-609558a8c4f6,QHI,CN12,CN12,A01
68e16028-1f3e-4c50-a8e1-6acf09b9c1e0,QHI,CN12,CN12,D01
fbfa5cf0-2a44-4d7c-a915-02bdde97083f,QHI,CN13,CN13,A00
e43d45ee-6e12-4b90-b87e-be3da5d4ae57,QHI,CN13,CN13,A01
bc52b335-7fc2-4174-ae55-ffee6a4fb5a5,QHI,CN13,CN13,D01
1010e016-e103-4add-a273-460a0ca36104,QHI,CN14,CN14,A00
b0f243d9-5483-40d6-a347-98a654feae46,QHI,CN14,CN14,A01
601ea99c-ee25-4ec0-9c39-e26c58744a97,QHI,CN14,CN14,D01
d79aab55-0b94-4cf7-bed5-c810d1000e2f,QHI,CN15,CN15,A00
abb35022-fdc0-480b-ba32-a3e61e923aeb,QHI,CN15,CN15,A01
b4c7b363-084a-43de-b111-90acdd71a0fc,QHI,CN15,CN15,D01
a5338e26-7d51-48fd-afea-b8695e507f8b,QHI,CN16,CN16,A00
08133c28-0a78-4df3-a391-c5d709406af2,QHI,CN16,CN16,A01
97d21f1c-aa5a-41d6-afae-3e77073255af,QHI,CN16,CN16,D01
3508bb03-5566-4ecf-8b3a-8ce353c0175f,QHI,CN17,CN17,A00
3ca840ad-3d52-4ab3-9331-5465849edf13,QHI,CN17,CN17,A01
316b3208-65d6-4160-9e7f-d933de646008,QHI,CN17,CN17,D01
bbdbf06a-bb92-44e2-b396-6d9e37a9f863,QHI,CN2,CN2,D01
a425d7fe-fbd3-4601-8d07-695c91d501d4,QHI,CN3,CN3,D01
c18b8501-0512-410b-9a39-9493010f007e,QHI,CN4,CN4,D01
ed165e0f-7632-4368-a7be-90decb8c5082,QHI,CN5,CN5,D01
78636b12-6868-445b-9018-885713ed8986,QHI,CN6,CN6,D01
2c8e94fe-295e-46f5-826d-2211227c35e9,QHI,CN7,CN7,D01
d8b42288-17a4-4497-9904-99c5075b4632,QHI,CN8,CN8,D01
112ee9d7-ea43-4a20-a115-ceaa12e91cbf,QHI,CN9,CN9,D01
dff79c9a-0872-475d-aec2-5851a7d6b473,QHI,CN18,CN18,A00
41786c81-3fb5-4a1e-8b20-9735746d4f49,QHI,CN18,CN18,A01
6e0f9126-9da3-4df5-a5ae-1813b1d8d1ab,QHI,CN18,CN18,D01
c21ed755-2aca-4f36-b8d0-fea9e4d7a633,QHI,CN1,CN1,X06
be2d9139-bf69-4b48-b2a4-c492ebefd362,QHI,CN1,CN1,X26
bdc1fca6-ce5f-4f49-8505-b9d525fd109d,QHI,CN10,CN10,X06
840d9272-41db-4311-b6da-ca61b73532d1,QHI,CN10,CN10,X26
a3bc82ef-b631-4b45-8815-dc5263d89674,QHI,CN11,CN11,X06
5081dbf1-fdd0-4c48-a6b0-14f2fd96273c,QHI,CN11,CN11,X26
26b1567b-353f-4f4c-a16e-aefed8f24b8e,QHI,CN12,CN12,X06
9f0b3d62-c16e-43fc-93df-752876ffa995,QHI,CN12,CN12,X26
9e2f2794-4b8d-471c-bf1c-fda73c8d8dd3,QHI,CN13,CN13,X06
86c807ce-5429-4051-8a9d-490fa2e92a14,QHI,CN13,CN13,X26
e6d03517-c03d-43d0-baec-49cdf888b95b,QHI,CN14,CN14,X06
d8867a1e-d455-4a50-bc49-42b2e7551fc4,QHI,CN14,CN14,X26
3ef8011e-1e76-452e-b002-a4420a625f57,QHI,CN15,CN15,X06
35620d4e-4ac1-49d5-9acc-e53e6c4184de,QHI,CN15,CN15,X26
4c671183-01e3-411d-afb8-09db508acbf2,QHI,CN17,CN17,X06
aeda4e6d-2ac7-4fd7-ba49-7d5f507c1788,QHI,CN17,CN17,X26
9cfe633f-34e1-48aa-bba6-3b4dcb289bfa,QHI,CN18,CN18,X06
c6d3981b-eb01-49f9-a227-6f08c78f2ead,QHI,CN18,CN18,X26
191ff922-c897-4dcf-b6bb-6f9240a2bc2c,QHI,CN19,CN19,A00
c60ed6bb-8cd2-4a12-832c-7b37d83ffd9c,QHI,CN19,CN19,A01
6ca999e9-8b34-489f-86f4-f4035f78753d,QHI,CN19,CN19,D01
69474f02-fce3-4425-be0e-233efccdb0b5,QHI,CN19,CN19,X06
87a84299-70db-477f-bf9b-6e6b67438ae0,QHI,CN19,CN19,X26
1a5df44a-4b09-4ddb-8f61-09a52bb6cca9,QHI,CN2,CN2,X06
1b877a3c-b656-458d-9688-7c2ec369fe7c,QHI,CN2,CN2,X26
ea125a6f-2183-4acb-99e4-3c992895c485,QHI,CN20,CN20,A00
0f609808-7c69-40b9-a0a9-eff3d34451fd,QHI,CN20,CN20,A01
f5e44058-455c-4bdc-94c3-7b86828d9c32,QHI,CN20,CN20,D01
a9367b81-4867-449d-87a0-b5e1ef5bf4a5,QHI,CN20,CN20,X06
4b508318-24d2-4304-932a-4438a1fab69b,QHI,CN20,CN20,X26
0befd51e-07a9-470d-a1f1-c9f1b96012b5,QHI,CN21,CN21,A00
2650faf3-8d3e-4e8d-851b-332027406b1f,QHI,CN21,CN21,A01
776e5a78-fc03-43f5-9f6c-09ba803468bb,QHI,CN21,CN21,B00
aff61b72-7e90-47ef-ad91-079ea6287753,QHI,CN21,CN21,D01
af7f4224-2ab5-4e09-8e14-c0f78ba7f9c7,QHI,CN21,CN21,X06
8cb942d8-c1fd-45ca-a820-22fa52e5ecb7,QHI,CN21,CN21,X26
2f7dd077-ab6a-4f2f-b6a3-e7537152ee29,QHI,CN3,CN3,X06
3ad219a9-8975-4d51-9400-4422af06261f,QHI,CN3,CN3,X26
26c992a2-7df2-4be6-a1e1-fdecefd2ed33,QHI,CN4,CN4,X06
d1d56963-f951-4459-9c0f-a0e0708d7195,QHI,CN4,CN4,X26
2cec6a42-ceb1-4d05-a654-8bcba769831d,QHI,CN5,CN5,X06
6d80f277-f409-4428-8d34-9c23b3156b48,QHI,CN5,CN5,X26
c8e2d384-325c-4105-869d-10a65b1e990f,QHI,CN6,CN6,X06
eb53b848-4a04-4366-b86c-bc80a235d286,QHI,CN6,CN6,X26
7aaa4708-998a-41f6-91e5-c4a1e6290bca,QHI,CN7,CN7,X06
988c63b4-7e43-457e-9368-926cc65eb06f,QHI,CN7,CN7,X26
926435aa-0be1-4c7f-9b34-d8b0f0f70086,QHI,CN8,CN8,X06
7d4d18fe-1ada-4da7-9fa5-c86fe9ffca73,QHI,CN8,CN8,X26
166287ec-6db6-4a5b-940d-8ac4bb6fb56a,QHI,CN9,CN9,X06
5333d289-21c6-43db-82ca-14c1149aa90f,QHI,CN9,CN9,X26
74c0fa2d-6a26-4d9a-80ff-cb2f4122b496,QHX,OHX07,OHX07,D04
8bd9d956-09e2-45e2-885b-e125b18819fb,QHX,OHX07,OHX07,D06
890ed4f6-ab22-4bd7-bda4-7a5a8c2219f1,QHX,OHX09,OHX09,D78
92e49527-d46f-4609-ad3b-179529859733,QHX,OHX21,OHX21,D04
3d0b60e4-3889-431a-b9b8-d892d756ca36,QHX,OHX21,OHX21,D06
d5d36be8-3b52-4c25-aed7-3f2d3ef9fe0a,QHX,QHX01,QHX01,A01
08cf9a53-8641-4c18-9932-95531c99d566,QHX,QHX01,QHX01,C00
05a1a3a7-0179-4157-8671-662185afa71e,QHX,QHX01,QHX01,D01
9b794b94-e338-4a50-808d-f08b6dd4fd67,QHX,QHX01,QHX01,D04
0a968bdc-6f84-4872-91f0-5eb656398d15,QHX,QHX01,QHX01,D06
bb729374-528d-4455-834d-d8ce6456ec84,QHX,QHX01,QHX01,D78
e966f4d2-2536-438b-bfd1-67614d7ebdbb,QHX,QHX01,QHX01,D83
c6d565f3-8f16-465c-998c-f69083277bf8,QHX,QHX02,QHX02,D78
f3891267-c821-4f58-94c1-f61377bab4f2,QHX,QHX02,QHX02,D83
0d4db376-a9ff-4682-93e5-5c99b134a2f3,QHX,QHX02,QHX02,A01
c277dfd2-2194-437d-92a9-819d990864bb,QHX,QHX02,QHX02,C00
b18fc740-71b2-4030-a648-df80a912bffd,QHX,QHX02,QHX02,D01
a27e1bd5-fe7f-418f-a57e-e156e545c4b8,QHX,QHX02,QHX02,D04
9aa4b233-80af-4155-89d3-de9f4fed5259,QHX,QHX02,QHX02,D06
5cdc4a3f-0c50-4283-add9-cf7da0772905,QHX,QHX03,QHX03,A01
b8fea090-9d7c-4c12-9759-ddae75235b3f,QHX,QHX03,QHX03,C00
f5814f0a-379b-44d7-adef-88ea1218021e,QHX,QHX03,QHX03,D01
5f55ca67-aa7e-4d82-9e29-cdf6c14c753c,QHX,QHX03,QHX03,D04
b054b992-334a-4062-8d08-28668b486101,QHX,QHX03,QHX03,D06
48c35297-8599-4b70-9ea8-6431b8c90abb,QHX,QHX03,QHX03,D78
0960a42b-4bb1-4e8c-8fc2-bb301d3c6233,QHX,QHX03,QHX03,D83
3f47c545-c0dd-4dfd-8912-226f0737cd51,QHX,QHX04,QHX04,A01
9c907cb1-7ae4-4241-b3b2-918b1441dd71,QHX,QHX04,QHX04,D01
e5ce7134-24a1-4b2d-82c1-0501631ddaf2,QHX,QHX04,QHX04,D78
b8258adc-c080-44c1-a0b0-7101875407df,QHX,QHX05,QHX05,C00
ff2abfcd-e3d7-4f90-8983-405f4743683c,QHX,QHX05,QHX05,D01
28951919-c9ea-4a6b-a4cb-a4a2be28e2b8,QHX,QHX05,QHX05,D04
b6ecb7cf-2a60-4526-9dfa-3c535b7fbd81,QHX,QHX05,QHX05,D06
b1841a50-bd2f-4589-9bf7-90812e98af07,QHX,QHX05,QHX05,D78
ab47b9b0-7c9a-4614-8d3e-8e738e337ea4,QHX,QHX05,QHX05,D83
c5fbfcab-83d6-4a2f-bece-c7b3802b592b,QHX,QHX06,QHX06,D83
b92f863b-dd11-46ac-b012-bbbabfd7c7f3,QHX,QHX06,QHX06,C00
43838d2a-0cff-4008-8031-e6cf3e846749,QHX,QHX06,QHX06,D01
a989b38f-7b73-4f8d-8b57-53c59acae6ac,QHX,QHX06,QHX06,D04
660b4edc-6e2a-40c7-b819-81bdc62793af,QHX,QHX06,QHX06,D06
a379d6cd-26f5-4e78-9e3d-13db22b090d0,QHX,QHX06,QHX06,D78
715e062b-a0a1-469c-bad4-78678b725edd,QHX,QHX07,QHX07,A01
99c90f14-3346-4ed1-b35a-0f3a325ed8ae,QHX,QHX07,QHX07,C00
8a3414c9-0af9-4bdb-af97-478c52bbd402,QHX,QHX07,QHX07,D01
8df21f08-308f-42c9-b9a5-91a7721ecfcd,QHX,QHX07,QHX07,D78
869d32c3-27ab-4fd4-a0db-cf7512aacb3d,QHX,QHX07,QHX07,D83
17157cfb-1119-40e1-881c-bc74ada7da88,QHX,QHX08,QHX08,C00
a8fcd1ee-fde7-44b4-98db-e2343207d135,QHX,QHX08,QHX08,D01
11624978-a326-4015-9cf4-28de53a1f004,QHX,QHX08,QHX08,D04
72372113-77c0-450b-8ffd-e2e085be98f6,QHX,QHX08,QHX08,D06
8dfce7e7-f5bc-4484-995d-c327bd7f5bfe,QHX,QHX08,QHX08,D78
afec5edd-00ba-48d8-9154-dec1ec90f5df,QHX,QHX08,QHX08,D83
89436dc6-9a2a-4b68-aa4b-0c7d7499cb83,QHX,QHX09,QHX09,C00
b9a0354b-17f6-4a4c-89bb-aa93e97f76de,QHX,QHX09,QHX09,D01
bf5b26b4-b614-4262-bbd1-02f8f5b546b2,QHX,QHX09,QHX09,D04
6bcb6409-190f-466f-a403-ac2ba2c35df8,QHX,QHX09,QHX09,D06
4ccd0a5e-9388-40f5-b8be-32496fe114d9,QHX,QHX09,QHX09,D83
f4132da3-b6c8-4d11-b122-faac3feb4a46,QHX,QHX09,QHX09,A01
ccbb11de-8719-4fd9-84e4-c552000046be,QHX,QHX10,QHX10,C00
8a95b5f4-486f-45ac-9383-517b062e4e37,QHX,QHX10,QHX10,D01
5c7db658-5b14-49d3-89bb-e7f985b26d5f,QHX,QHX10,QHX10,D04
846f94ec-bc4d-4a2f-90e9-0b2db27b7423,QHX,QHX10,QHX10,D06
4e7805a7-c441-4241-9000-0ca7923da7be,QHX,QHX10,QHX10,D78
816b84a6-8381-4ecd-aef0-27662cd2f898,QHX,QHX10,QHX10,D83
b61590d9-2cba-464c-9556-349b4e67a1f9,QHX,QHX11,QHX11,A01
23245b55-107d-4c86-aeca-e1e3bf1effad,QHX,QHX11,QHX11,C00
819e8174-b9cc-4fc7-a2a4-82d8b6e87ca9,QHX,QHX11,QHX11,D01
ea870b9e-d6af-4ffb-ba89-30b58521f01c,QHX,QHX11,QHX11,D04
b5ec7d2f-30ba-4fe3-a08a-41ef1184fca2,QHX,QHX11,QHX11,D06
3209ec34-4926-4d49-b97d-d3e08eacdc18,QHX,QHX11,QHX11,D78
c7a30988-63ea-41ee-aba5-ec9313a4e6b0,QHX,QHX11,QHX11,D83
54016851-9929-4417-95d5-78edd33f0dd3,QHX,QHX12,QHX12,D01
00b90b5a-4076-43f2-8aa8-76a3f6e9b1f0,QHX,QHX12,QHX12,D04
1d587a5e-e010-4358-b700-5c3e094a8828,QHX,QHX12,QHX12,D06
5478d6a4-61dd-4938-af3a-827e54d37314,QHX,QHX12,QHX12,D78
f20cfb2d-7a11-4fa4-bbe6-ef480bcfeb25,QHX,QHX13,QHX13,D04
c394cfee-ca86-4432-b70f-d0386da5e74d,QHX,QHX13,QHX13,D06
61943ecc-1cf9-4f7f-bcec-4689611a44d8,QHX,QHX13,QHX13,D78
4578869c-1bfa-47df-b0d1-a5baf2dcc7e8,QHX,QHX13,QHX13,D83
1a591135-cebb-4e02-ba90-a2f9094c1242,QHX,QHX13,QHX13,C00
b264b31f-1f69-4052-89af-d56177f1bc31,QHX,QHX13,QHX13,D01
044125cc-ad4c-467d-984e-dfbf2eaa1e00,QHX,QHX14,QHX14,A01
6e3c51a8-db45-4702-b40d-dd4b42e2775d,QHX,QHX14,QHX14,C00
b529f26c-2766-46f1-9a10-84732be89b30,QHX,QHX14,QHX14,D01
350da5f4-4973-488c-884e-96bc37f443d0,QHX,QHX14,QHX14,D04
d66ad772-8f75-4ec4-8949-ca7672228131,QHX,QHX14,QHX14,D06
b2793792-646e-47be-8c47-382e56e2ba69,QHX,QHX14,QHX14,D78
ad706793-f4e0-4e3e-bc78-7a16cccf3331,QHX,QHX14,QHX14,D83
f5d4d0a7-f810-4a85-9678-b5568f826ab2,QHX,QHX15,QHX15,A01
e9ba4d0f-7786-49db-9394-eb76b737bef0,QHX,QHX15,QHX15,D01
677505ee-5663-4067-8262-97409a00d39f,QHX,QHX15,QHX15,D78
81ce5cc3-cb02-48b4-90ab-494a0248a3cf,QHX,QHX16,QHX16,D78
e99a44dd-aa78-4324-9dac-fa4d31da4d94,QHX,QHX16,QHX16,A01
178a1d9d-010a-417f-911c-20261beb62a3,QHX,QHX16,QHX16,D01
b49edcc1-5132-49d8-b395-6f08967fbc5f,QHX,QHX17,QHX17,A01
46e549e5-93f4-43d7-b45c-9ab2c3699049,QHX,QHX17,QHX17,C00
5ffb380f-1b20-44db-85c5-eaa81061d168,QHX,QHX17,QHX17,D01
952a5814-7f5e-49c8-a0ac-433bcd634caf,QHX,QHX17,QHX17,D04
307ccdb6-a5bf-4241-aea0-c6b145b0e3d5,QHX,QHX17,QHX17,D06
7e2c158f-e2ae-4d25-9db0-19281cb42295,QHX,QHX17,QHX17,D78
37af49e4-4c19-4a5a-bdd7-686a4e0a2a54,QHX,QHX17,QHX17,D83
39ecf18c-7884-41ca-a170-f2c3b7b8e375,QHX,QHX18,QHX18,C00
890e9781-0443-4ea6-98aa-2a23abab011d,QHX,QHX18,QHX18,D01
aa406a75-a0fd-4798-86a4-25eb6d6ae373,QHX,QHX18,QHX18,D04
81c2efd4-ec41-4139-bca8-69d67c1548e5,QHX,QHX18,QHX18,D06
feba46f5-5f03-41bf-93c3-0dc73ce3e26a,QHX,QHX18,QHX18,D78
92ecedcb-65e9-43c0-b1e3-50bc0cfba85f,QHX,QHX18,QHX18,D83
cfa12c24-276c-4787-ab30-3b45b80f975a,QHX,QHX18,QHX18,A01
3e585526-d020-44ba-a143-d027041ebd48,QHX,QHX19,QHX19,C00
9cce6d21-1b50-4686-a936-51ef711a8d5e,QHX,QHX19,QHX19,D01
a8d160c2-ec1b-4058-b633-8a26a9d00f6f,QHX,QHX19,QHX19,D04
7fd1658f-a172-423f-b194-e830e4446b28,QHX,QHX19,QHX19,D06
95f90d3b-5ec6-411f-bbaa-08e0cdc4933f,QHX,QHX19,QHX19,D78
e7a3c1dc-d248-4591-bd8a-e5c179293ab4,QHX,QHX19,QHX19,D83
ffe32a9f-adbd-4f3b-a5ec-4a94ab42b8cb,QHX,QHX19,QHX19,A01
1ff889d5-5231-48fd-b73f-cf666ed8d4f0,QHX,QHX20,QHX20,D78
a6a7b318-5c17-44cf-88cc-772430474ed0,QHX,QHX20,QHX20,D83
d1f86068-42dc-48a7-9828-0809ee82a180,QHX,QHX20,QHX20,A01
68b55a81-5a69-4ada-8d64-3281ce8113c4,QHX,QHX20,QHX20,C00
20ad2815-8dd5-4221-b9d3-856899b89568,QHX,QHX20,QHX20,D01
1e8a689f-4a90-4b19-b6c3-845d3a80745a,QHX,QHX20,QHX20,D04
aa0295c0-deff-4f2b-b537-6c36c0d1ffe0,QHX,QHX20,QHX20,D06
aaf089ba-5ca4-4ef7-8406-011579539934,QHX,QHX21,QHX21,A01
0ac7eefa-673b-4aa8-9b71-65ba9af520ec,QHX,QHX21,QHX21,C00
fd176e91-1d95-42d7-aadc-5b83f9f1c956,QHX,QHX21,QHX21,D01
60f32e4f-898d-4a27-af37-486e05be0f92,QHX,QHX21,QHX21,D78
50a5f18e-bc6b-4491-916a-8b35e4e858ee,QHX,QHX21,QHX21,D83
e0cddce2-19e2-4cfe-9ddb-3c848777aef6,QHX,QHX22,QHX22,C00
d5e92bad-cff0-4ff7-a52a-912e1c230edb,QHX,QHX22,QHX22,D01
2739854a-468b-4cd7-8143-1bc007309f55,QHX,QHX22,QHX22,D04
9ee21f9e-75d1-422a-9434-25b16b6e05c3,QHX,QHX22,QHX22,D06
d70f478c-51cb-4654-b692-476ad387bfde,QHX,QHX22,QHX22,D78
fe603808-3d6b-497a-ab90-4cd0f1f8729d,QHX,QHX22,QHX22,D83
69218de5-0b4e-4044-9768-eaaae1bf1f58,QHX,QHX22,QHX22,A01
88cf9822-a7be-4ba6-afc6-15e180af39b6,QHX,QHX23,QHX23,D01
d4c29659-119c-46e2-86c3-0f9f447192be,QHX,QHX23,QHX23,D04
f633941e-92a2-4b8b-947b-f88919fbaf36,QHX,QHX23,QHX23,D06
5add0a5b-5898-4c74-90af-758f80c6a4c1,QHX,QHX23,QHX23,D78
2eb850b9-effa-401e-9c8c-642cee839684,QHX,QHX23,QHX23,D83
58aa03e4-c1b2-49f5-b82e-25d94f39fca9,QHX,QHX23,QHX23,C00
3ded82cf-38b3-43d7-9b9e-304bc798074e,QHX,QHX24,QHX24,C00
5a78c3d1-2f7f-4bc9-a170-c54783358183,QHX,QHX24,QHX24,D01
7b2a3b37-0b72-4842-b8a7-6419aa39e008,QHX,QHX24,QHX24,D04
597ce991-48dc-491c-a7b3-2713c50aa4ce,QHX,QHX24,QHX24,D06
59cd4e04-39d6-4d8f-afcc-f92b3eed74eb,QHX,QHX24,QHX24,D78
9a7cdbd4-7b3c-44bc-b511-22f1493dec9a,QHX,QHX24,QHX24,D83
33043f93-c036-4b10-96b4-11a5bbc2f1de,QHX,QHX25,QHX25,A01
6de1be10-f40a-4d03-af18-d98984d49e36,QHX,QHX25,QHX25,C00
80dce2e0-07ac-44c5-a9d8-39f6e7c8dfef,QHX,QHX25,QHX25,D01
8a7fc253-26df-4873-900f-2977c2b45f33,QHX,QHX25,QHX25,D04
47ef2ded-6016-48ff-9df0-06af8ec506bf,QHX,QHX25,QHX25,D06
1a55051e-ce0d-495c-9962-0b89e112d2c5,QHX,QHX25,QHX25,D78
2cd6f1f7-5b50-4e58-822c-39fbc35cc363,QHX,QHX25,QHX25,D83
f6aa8b48-dde6-4011-a270-decf637a67ee,QHX,QHX26,QHX26,A01
e32a0b2e-2e87-4bdf-93b5-687d4af953e8,QHX,QHX26,QHX26,D78
f3642681-f7c2-4a13-b450-38da988e2eb5,QHX,QHX26,QHX26,C00
b8de89f7-2eed-4e2f-a195-386e22cfc906,QHX,QHX26,QHX26,D83
ba781612-1748-4b0b-a72f-d3dcd90cd909,QHX,QHX26,QHX26,D01
85643884-fed6-4301-985f-9ba88450c4bb,QHX,QHX26,QHX26,D04
c1fed524-9472-4516-bb3e-56918e692c7f,QHX,QHX26,QHX26,D06
18416c47-c522-490e-8eae-fc687cfc93b4,QHX,QHX27,QHX27,C00
867137aa-e751-4e9a-b7eb-649289d18426,QHX,QHX27,QHX27,D01
9eac530e-4651-418f-a2e8-50e4b271c603,QHX,QHX27,QHX27,D04
5bac02df-f03f-4c2b-b6a3-fe7a0606c359,QHX,QHX27,QHX27,D06
0fc95b7f-7a62-40da-9333-2049f411ecce,QHX,QHX27,QHX27,D78
6dff0259-4bfd-4742-b196-f99c9424bf2e,QHX,QHX27,QHX27,D83
2db6a467-7238-4c2b-a726-c353b344aa20,QHX,QHX40,QHX40,D78
dc6417e8-bd73-47ac-b01a-626697297393,QHX,QHX40,QHX40,A01
84de9daf-8991-4aba-9113-4ea7d1b11831,QHX,QHX40,QHX40,C00
a167d431-6e69-4ef7-8c19-ee6153981dee,QHX,QHX40,QHX40,D01
99e5ea98-6275-4589-8c39-5ab5abd4c914,QHX,QHX41,QHX41,C00
254ba071-b611-4666-b9e5-a9a80c1fa9cb,QHX,QHX41,QHX41,D01
ddfca35a-156f-4795-9a9d-ffe59d754aec,QHX,QHX41,QHX41,D78
dd9330fe-d3b4-4b01-9db3-643774529288,QHX,QHX41,QHX41,A01
05ee4ba3-4f60-4ed4-a46e-b0dd6bb5a288,QHX,QHX42,QHX42,A01
37604a47-27fc-455e-bec7-950533b5b424,QHX,QHX42,QHX42,C00
d5de2dfe-3a9e-4505-9ad4-5785af3a6d76,QHX,QHX42,QHX42,D01
a65ea6fb-49ec-4c8c-8a19-f3a3ba4ff023,QHX,QHX42,QHX42,D78
f043628c-968a-4d01-a18e-6f4ba5337c64,QHX,QHX43,QHX43,A01
88f053e3-3727-457c-ae2c-f8e90da4b1ee,QHX,QHX43,QHX43,C00
291fcc58-d7c7-4419-adbb-2f129c245ba5,QHX,QHX43,QHX43,D01
70a6d906-90d0-49a2-a1a3-34fc417c351c,QHX,QHX43,QHX43,D78
c0c07a80-925e-4983-9daf-45ec021cfc34,QHX,QHX07,QHX07,D04
12c0513f-c3e2-438a-8d49-8bfc81117af7,QHX,QHX09,QHX09,D78
da03578c-030f-4c58-bdc9-173c601164c5,QHX,QHX21,QHX21,D04
fdc5f42d-bd96-4d4c-8313-5f42326da473,QHX,QHX04,QHX04,D14
99aafe38-594c-446c-a8a2-d728ac50a33a,QHX,QHX08,QHX08,D14
d655dffd-5563-4360-9c11-8c244585e5b0,QHX,QHX15,QHX15,C00
142d3a97-45be-4ae1-84e4-0e2be3c0316c,QHX,QHX16,QHX16,C00
e263bf56-5fa4-4559-b3f9-4ccd57828321,QHX,QHX20,QHX20,D14
14b6d5f3-38a3-4679-9a44-35e9ce533655,QHX,QHX27,QHX27,D14
94a8bcee-9ab0-4b40-b598-5c2bc4b463cf,QHX,QHX28,QHX28,D01
a5ba9c6b-ea95-411c-acb5-54f96fcdee1c,QHX,QHX28,QHX28,D04
1bae20a5-bf20-49d2-b527-440ddbc9e7ff,QHX,QHX28,QHX28,D78
1e82f88d-2dca-40c2-b77b-02b8d0d828fd,QHX,QHX28,QHX28,C00
c4871f22-995b-40fb-a851-6cc9a34c816b,QHX,QHX01,QHX01,D15
494822ed-579e-4d0b-b2d1-a5df91449378,QHX,QHX01,QHX01,D14
414a0c47-5f0d-4eba-b88b-9dfc8540d08b,QHX,QHX01,QHX01,D66
e3698c46-06ed-497e-8572-55004e1228a8,QHX,QHX01,QHX01,C03
0b93a901-b959-48fd-9e6d-f9aa3f9bef13,QHX,QHX01,QHX01,C04
822c11a7-43b5-42ce-84fb-072082bcdfc0,QHX,QHX02,QHX02,D15
348b4e0d-c518-418d-8756-f986cb1684c9,QHX,QHX02,QHX02,D14
3edc29a3-ae43-4038-851d-a09f503a037f,QHX,QHX02,QHX02,D66
3d08b93d-1983-46ec-8f23-a9557db4d316,QHX,QHX02,QHX02,C03
1fb15847-fcb7-4599-ae57-70d0453f24c8,QHX,QHX02,QHX02,C04
b9577bd2-a65e-4f1e-9240-745efe887426,QHX,QHX03,QHX03,D15
9d067dde-8543-4664-96d6-d404ccb53180,QHX,QHX03,QHX03,D14
cb1c7157-6a2e-4615-a1d9-f127561d7bbf,QHX,QHX03,QHX03,D66
8b8d988c-d278-4cd7-8141-aebf6407da16,QHX,QHX03,QHX03,C03
018b8b0e-9de4-4e67-a510-87a575f44001,QHX,QHX03,QHX03,C04
38d28aaf-8be6-420e-b8ad-9e148f1727fe,QHX,QHX04,QHX04,C04
19a1df10-c55d-4acc-b370-24e90cc97e40,QHX,QHX04,QHX04,D15
86d581e4-77cf-4906-8ad1-843efdaa9d5e,QHX,QHX04,QHX04,C00
afb65f73-1db7-4d09-b32e-d532fbc077e8,QHX,QHX04,QHX04,D66
0abb47af-c360-42ff-9e45-b0929352337e,QHX,QHX04,QHX04,C03
e2023937-98a3-489f-a540-9549ea1cbb0c,QHX,QHX05,QHX05,D15
3edb9c70-4dce-42ae-98e4-2890ee6bc975,QHX,QHX05,QHX05,D14
f87b12b1-87d8-48df-b642-940b34669d1b,QHX,QHX05,QHX05,D66
8da05ff8-5d8b-41dc-876b-e85ad4fac785,QHX,QHX06,QHX06,C04
3df07ce6-060d-455f-96be-62520ce5bec1,QHX,QHX06,QHX06,D15
8f750d50-75c9-47f3-a3d9-a760fd07183b,QHX,QHX06,QHX06,D14
61106f2f-05bc-4d3b-bac9-056b3e6de0db,QHX,QHX06,QHX06,C03
5289c0e2-84c0-40e8-93dd-899444fed4fb,QHX,QHX06,QHX06,D66
88bd274c-2c62-4d3d-80bc-42ac4bb2cacf,QHX,QHX07,QHX07,D66
cf331830-01ee-49c0-8611-4537031fa017,QHX,QHX07,QHX07,C04
2709acf4-77a6-4542-a570-7ff6bb4f6671,QHX,QHX07,QHX07,D15
3817ba14-c991-4ab9-acc8-35b0a7dc4432,QHX,QHX07,QHX07,D14
14ad319f-2c66-454f-a069-64f1abdac250,QHX,QHX07,QHX07,C03
5e006a8d-58af-4e0c-8d1f-730e7201e6cc,QHX,QHX08,QHX08,C03
e3040607-d093-4a08-bc50-989242d531b3,QHX,QHX08,QHX08,D66
058b17d3-2d01-4e16-abc3-9426e694cc94,QHX,QHX08,QHX08,C04
a54327f9-d2d4-4e69-a8af-6cb7065e891c,QHX,QHX08,QHX08,D15
8bc7093b-21a2-4fd0-b9c4-c77d6d4de2b5,QHX,QHX09,QHX09,D15
1371671a-59af-4197-8290-de39178fea8b,QHX,QHX09,QHX09,D14
c98c7765-5ea1-495d-bdeb-8affd5827be4,QHX,QHX09,QHX09,C03
a7af2cc3-f570-4fb7-9c97-9f985a1ba2f1,QHX,QHX09,QHX09,D66
ae834c86-2abf-492f-8e14-332d90a222ed,QHX,QHX09,QHX09,C04
cd95f386-b63b-442f-bbe8-a4e900ac8cd1,QHX,QHX10,QHX10,D15
7291c8c8-fd82-42ba-ac44-a53d7e8f5f7c,QHX,QHX10,QHX10,D14
aaebf2d6-f0f5-42bb-af8f-75ca9b51003d,QHX,QHX10,QHX10,D66
b2cead7c-ff53-48f3-b332-7e6cfb2d93e1,QHX,QHX10,QHX10,C03
993e48b0-5f81-4961-9f56-d789fd628352,QHX,QHX10,QHX10,C04
72b68d8b-7390-4340-b3d2-7a756e50fcb9,QHX,QHX11,QHX11,D15
fcd829b7-1106-46e8-956c-c41a2c2ee399,QHX,QHX11,QHX11,D14
e12378a7-eab9-4416-9846-59b2b601d45a,QHX,QHX11,QHX11,D66
3d8a7184-1ac6-48c9-be41-971e346c5f4f,QHX,QHX11,QHX11,C03
89165f5f-5525-4b0d-98c3-b8f1abedd8ed,QHX,QHX11,QHX11,C04
c85af691-43a8-4b9e-8bc0-3d971e07b9ee,QHX,QHX12,QHX12,D15
ba34f6de-6546-42f2-a6b6-d81458570772,QHX,QHX12,QHX12,D14
c24ce374-2d02-4166-9bde-19ad01f16ae3,QHX,QHX12,QHX12,C00
6f90d629-7139-4586-a95a-3b8556e9ba5a,QHX,QHX12,QHX12,C03
ca721c6b-2a3c-4107-be03-4c6c6c9752f0,QHX,QHX12,QHX12,D66
bf4c7484-9ad3-4cee-b4a4-192a3cc134c0,QHX,QHX12,QHX12,C04
50c8bcc3-0e3d-4d11-98ac-41e5273fe384,QHX,QHX13,QHX13,D15
8e304283-c2cd-4053-ba69-d9cf221e7d57,QHX,QHX13,QHX13,D14
69419892-04ac-4430-92b8-eb3b4486bb9a,QHX,QHX13,QHX13,C03
fd461340-1ba6-43ab-b5d5-4e924e105c1d,QHX,QHX13,QHX13,D66
d531e4cc-5b1c-4507-a38e-835ea7b5265f,QHX,QHX13,QHX13,C04
b705f134-5b12-47ef-a26a-83668299e639,QHX,QHX15,QHX15,C04
74403396-e35a-43a9-8b04-9d15fe2653ab,QHX,QHX15,QHX15,D14
0ce6e819-61de-4316-8e17-c07e52af285f,QHX,QHX15,QHX15,D15
1fa544be-4ae2-4423-be5c-207a9a3a0fe9,QHX,QHX15,QHX15,C03
2e7626d5-7971-4756-99dc-a9777ec742d5,QHX,QHX15,QHX15,D66
91c7b5ea-afbb-4096-90be-d5e33b18f6c4,QHX,QHX16,QHX16,D66
05020d02-98b9-4790-9886-52c8aea4d271,QHX,QHX16,QHX16,C04
2780d5cc-553b-4063-b40c-c8aa4f69b9f0,QHX,QHX16,QHX16,D14
a38262b1-f709-44f5-b522-ffe4299ea60d,QHX,QHX16,QHX16,D15
2b534b87-c3e6-47e8-b288-6eee9a9e48c4,QHX,QHX16,QHX16,C03
b3ce03e3-c48c-44c0-adc8-f6260d798f76,QHX,QHX17,QHX17,D66
bbb15a2e-796b-496a-ad1f-3b20e1f0ca1d,QHX,QHX17,QHX17,C04
1876f4aa-d54a-41a7-ab3e-6be3e48c4603,QHX,QHX17,QHX17,D14
612b9b7e-9ce8-4360-a34c-9cf0db5fbffd,QHX,QHX17,QHX17,D15
9dea7c51-52ca-4496-b5bf-1a07094b7346,QHX,QHX17,QHX17,C03
2766522b-bacb-494c-aa62-9a05afebbe23,QHX,QHX18,QHX18,C03
08acdd0b-6142-4f34-a3eb-329b042321bb,QHX,QHX18,QHX18,D66
060021f4-96c6-42c1-8159-9a48e60e111d,QHX,QHX18,QHX18,C04
ff2f85bf-7cd2-4401-9f57-975d4e23eabe,QHX,QHX18,QHX18,D14
4ade627c-f1bc-4c36-8426-5feb912f1711,QHX,QHX18,QHX18,D15
739d4940-8529-481a-9544-6a0662582652,QHX,QHX19,QHX19,C03
dfe3727b-044a-430e-a1d1-30d3ae770d18,QHX,QHX19,QHX19,D66
65e7495e-da3d-4a59-b9a5-f2384e73b8c6,QHX,QHX19,QHX19,C04
8a5c04ba-e0c6-4163-9452-6f4edd5bacd7,QHX,QHX19,QHX19,D14
c278c9de-f7d4-4b3f-ae07-6c81f99eaea8,QHX,QHX19,QHX19,D15
f0e1bd4a-c82a-4f66-a2ad-50e34493c319,QHX,QHX20,QHX20,C03
0514191e-2081-4275-9763-f50110d55c2d,QHX,QHX20,QHX20,D66
ea29fa11-e51a-49ce-9ac8-8fe7ebac5042,QHX,QHX20,QHX20,C04
7a913dfa-9d6a-4b83-bace-9f32b9480b86,QHX,QHX20,QHX20,D15
910032ca-a334-4a84-a75c-b6eb02d1f481,QHX,QHX21,QHX21,C03
a2efcc97-92cc-4a35-a9ab-cc9ca9e0eccb,QHX,QHX21,QHX21,D66
b6082bd5-767e-4711-8dcb-fd9dae170775,QHX,QHX21,QHX21,C04
ea8395e8-41c3-4553-9353-c6343f5ff16e,QHX,QHX21,QHX21,D14
27544877-3f07-4243-8708-2af3e2c3e87a,QHX,QHX21,QHX21,D15
e7bf3bef-e622-4a4f-8717-db7b603cfd14,QHX,QHX22,QHX22,D15
618bdc5b-0ac7-4afb-ad8f-2ed16127b3cd,QHX,QHX22,QHX22,C03
294a9735-f9c8-4e7f-a24e-f275b04e0125,QHX,QHX22,QHX22,D66
530806a3-568e-4d20-8560-ce1344997517,QHX,QHX22,QHX22,C04
a28255d9-c7cf-44d4-90e4-f8ad557183b5,QHX,QHX22,QHX22,D14
5e9fba40-7b20-462a-b1a4-70ec73f6f5c1,QHX,QHX23,QHX23,D14
5f5fdec3-401e-42b2-92de-1451656156fc,QHX,QHX23,QHX23,D15
e3d0ec47-abda-48c0-807a-e97ce803065e,QHX,QHX23,QHX23,C03
5a29bcac-4b70-447c-a5fc-11b5cab81f22,QHX,QHX23,QHX23,D66
406b6446-83ca-4b17-aa32-2f4b21ea7499,QHX,QHX23,QHX23,C04
3c88b648-d157-47bd-b35f-73e7157ad7ee,QHX,QHX24,QHX24,D14
51706567-606f-4216-8ffa-a93a3a6f4c82,QHX,QHX24,QHX24,D15
f0935ede-d9fb-4260-999a-322214d8f5bd,QHX,QHX24,QHX24,C03
c71665eb-dbae-4870-bc2a-7b5d1704f19b,QHX,QHX24,QHX24,C04
78418654-f08b-476e-b4db-9686923311a1,QHX,QHX24,QHX24,D66
51c9cd2e-a4d4-42b0-871b-bd78bf453069,QHX,QHX25,QHX25,D14
00b23cec-370e-4ed6-9e84-ac34476b9910,QHX,QHX25,QHX25,D15
1fc24e87-a5f8-4d3b-8ead-2f2169a77863,QHX,QHX25,QHX25,C03
a082a975-4e10-43d1-b9f0-caab7512602f,QHX,QHX25,QHX25,C04
4e3b3bab-4665-4740-bb8f-f31761c43d9a,QHX,QHX25,QHX25,D66
2ac5a07e-9569-472e-b911-6bcb2253d23b,QHX,QHX26,QHX26,D14
0dcd1927-bcfc-48d2-98a6-401f5be76e2d,QHX,QHX26,QHX26,D15
a8e8fc64-ca6c-4e9c-989d-0965767b2acd,QHX,QHX26,QHX26,C03
b9e25209-f262-4059-9ec7-fddfbc084a9b,QHX,QHX26,QHX26,C04
53977473-2248-4f8c-87c9-b1cbc5e852df,QHX,QHX26,QHX26,D66
93a708e4-65ce-49a5-b49c-afcc442b5646,QHX,QHX27,QHX27,D15
5d349565-4259-48b6-9057-dc03b0de0729,QHX,QHX27,QHX27,C03
c667b1cd-b075-41f8-ae5a-2450bcf5ec6b,QHX,QHX27,QHX27,C04
34d10789-5118-4285-9a6a-0b5ad24e11d7,QHX,QHX27,QHX27,D66
3494f010-6663-411f-b379-ee9e657a400e,QHX,QHX28,QHX28,D14
8273f903-f4aa-4381-b98d-8fbeca9d02cd,QHX,QHX28,QHX28,D15
b0da8ca5-a976-4633-b044-f597a3e534cb,QHX,QHX28,QHX28,C03
ac47a309-adc1-4823-8761-272505976c97,QHX,QHX28,QHX28,C04
878867b9-ca27-42b4-9eb5-df66ad9bbdf7,QHX,QHX28,QHX28,D66
a14b7f2e-6cc7-4b9f-a640-8aded1f20d2c,QHT,QHT01,QHT01,A00
efb5c21a-5ea8-4fb1-a417-97dcb2ccb7be,QHT,QHT01,QHT01,A01
5430a71d-1231-44bf-bd1b-fbbc3780651d,QHT,QHT01,QHT01,D07
129f515a-baa2-475a-b06c-8804bfa66509,QHT,QHT01,QHT01,D08
ade946c4-fcae-41ec-9a2e-83a404b650be,QHT,QHT02,QHT02,A00
afdccf9f-e2c6-494c-8985-aec683ad542e,QHT,QHT02,QHT02,A01
a6f24013-d182-4268-a2ae-8936eab7dd89,QHT,QHT02,QHT02,D07
450703da-9cfa-4714-a76a-cec8115826a5,QHT,QHT02,QHT02,D08
f9aa5f76-eca5-48fb-8635-6f58dd318b3a,QHT,QHT03,QHT03,A00
286df5da-c4e2-466a-9f3e-65cba0f0e72a,QHT,QHT03,QHT03,A01
9f9b360a-ee2e-4e6b-ae83-0c032d5dc447,QHT,QHT03,QHT03,B00
cada869d-931a-4312-8e9b-7876fdfbc745,QHT,QHT03,QHT03,C01
0e40be90-1003-4af9-908a-d923126bd75c,QHT,QHT04,QHT04,A00
6a3b9cb2-83c0-406b-a008-61eabc4e48cf,QHT,QHT04,QHT04,A01
7a4c7b9b-31d9-4939-b36c-47c9a51069f7,QHT,QHT04,QHT04,B00
a2461118-6f34-47a2-ad15-5c154c1670d0,QHT,QHT04,QHT04,C01
04d7d32e-2b16-453f-8248-7f108c5b593b,QHT,QHT05,QHT05,A00
a90086f8-efe5-44ae-86ee-74bca468612b,QHT,QHT05,QHT05,A01
249259f6-32c4-41ea-bdff-02d8dfd21592,QHT,QHT05,QHT05,B00
acebf1c9-9347-444e-b2a9-4b761f83f8e7,QHT,QHT05,QHT05,C01
560bfd24-9af8-4b03-a9b6-a070b2eaf457,QHT,QHT06,QHT06,A00
bf03a47b-fc98-4038-865c-05f945258824,QHT,QHT06,QHT06,B00
f1d48c88-88fc-4e2f-8aae-7fc5dc673f1d,QHT,QHT06,QHT06,D07
15544e2f-d828-459b-8569-5f2fe62b3995,QHT,QHT08,QHT08,A00
5e204af5-9a6e-4355-9510-14c87d648c12,QHT,QHT08,QHT08,A02
e21035c2-04e6-47fd-a571-4dd81dac8cc7,QHT,QHT08,QHT08,B00
b5e23a60-0a7e-4501-8e08-974d1f4fd5db,QHT,QHT08,QHT08,D08
1cd88580-5e2e-49f2-a673-1a01cd54aad9,QHT,QHT10,QHT10,A00
091617f7-7bcb-4e37-b28c-012df0c4075d,QHT,QHT10,QHT10,A01
6d2febbc-8a3a-40a9-8395-1f7451172e21,QHT,QHT10,QHT10,B00
6705449f-6a3e-43c3-b769-f4bec164a3bd,QHT,QHT10,QHT10,D10
ecfae5e2-bfde-417d-866a-45c1a018e88b,QHT,QHT12,QHT12,A00
2ee7bc54-0e74-4c84-88d4-8d2f22b7f1fe,QHT,QHT12,QHT12,A01
21f60621-0e7b-4f21-a9ed-7e46f126f9a3,QHT,QHT12,QHT12,B00
8ea5f07c-1ff9-4c4e-80ea-121212c34390,QHT,QHT12,QHT12,D10
b878754d-3db5-42aa-9bcb-6bc8cfee669c,QHT,QHT13,QHT13,A00
771c42c6-a532-4404-bd7d-8333bb5426a5,QHT,QHT13,QHT13,A01
aa2cd667-2767-432b-bb5d-d386f3c3c4be,QHT,QHT13,QHT13,B00
6ad241a5-e0c4-4090-b55c-a9bba33ff7ab,QHT,QHT13,QHT13,D07
80ce1e04-2656-4f8a-9162-a51ac1d0cc4b,QHT,QHT16,QHT16,A00
0d17a6e8-4e94-4c4c-a371-d9f111c48349,QHT,QHT16,QHT16,A01
d6f81883-7388-4154-bf38-03dac9a5518d,QHT,QHT16,QHT16,B00
70fa71b5-b9f9-4fdc-b29f-e62f53268355,QHT,QHT16,QHT16,D07
306c3075-0e23-4f29-8c81-cb492fcbd682,QHT,QHT17,QHT17,A00
3d65ec06-2f5c-4ae4-8180-52e4732f835a,QHT,QHT17,QHT17,A01
ab00271f-31a8-4a7d-b3f9-196928cd636f,QHT,QHT17,QHT17,B00
d806c813-bbbe-4828-b0ef-a4df31b9e7f0,QHT,QHT17,QHT17,D07
f81b0127-b4bb-42ec-bbbf-ab2aa46aab13,QHT,QHT18,QHT18,A00
bf53a7a1-fbab-48e4-bc40-f32ac6957cc9,QHT,QHT18,QHT18,A01
27e353c7-2735-44c3-8ea8-90fbed37de42,QHT,QHT18,QHT18,B00
509b4cb5-26cf-45e5-a611-2b3bbf15f276,QHT,QHT18,QHT18,D07
10344b80-af9b-4477-a504-8460a26d5581,QHT,QHT20,QHT20,A00
7c90dd2c-b7cf-46b6-81e9-aaaf06433b3d,QHT,QHT20,QHT20,A01
5bf5a1b7-4deb-4408-a83b-80503b172bb8,QHT,QHT20,QHT20,B00
ea668a5e-637b-4108-9dd8-051c821bf9ae,QHT,QHT20,QHT20,D07
97bd3580-1f73-477a-9c3f-b550d6350644,QHT,QHT40,QHT40,A00
22a5d937-f07c-47a3-b5c1-096bf2594523,QHT,QHT40,QHT40,A01
f0c98cdd-16c1-4d48-b88f-e74b47f38e24,QHT,QHT40,QHT40,D07
440943de-04c1-4795-818d-84df6fe43dcc,QHT,QHT40,QHT40,D08
eb192cf6-6232-4df2-889d-e7a15db8d9d4,QHT,QHT41,QHT41,A00
cd8a0ee9-f961-4fc4-bebb-15648d6f32d1,QHT,QHT41,QHT41,B00
9d17298a-bdfe-454f-a68e-92da80516168,QHT,QHT41,QHT41,D07
5bd4ad0b-26cb-4ac6-bcc4-ece53990c710,QHT,QHT42,QHT42,A00
06b9704d-d857-4b81-8f43-ab7ebf1b1d6f,QHT,QHT42,QHT42,B00
a9e35624-5d5c-4da4-af4b-109748f7a9e2,QHT,QHT42,QHT42,D07
4d97ec7a-dfb4-4461-8713-2e4fe72e7b58,QHT,QHT43,QHT43,A00
08059fd5-298a-4f80-a140-7275bf4f5ea7,QHT,QHT43,QHT43,B00
cfea94a1-36d3-4a59-80e3-238b18659241,QHT,QHT43,QHT43,D07
c93a6810-0628-46c1-8318-1d6e85ccebbc,QHT,QHT44,QHT44,A00
f652d128-8e5b-4105-ab97-b340cadf564d,QHT,QHT44,QHT44,A02
2187c7ee-caaa-4083-be21-5cd1bf9e3090,QHT,QHT44,QHT44,B00
c46ebefb-7d1f-4de1-98f1-02bdae926d98,QHT,QHT44,QHT44,D08
97167886-e010-4cab-8f90-59aa371ec25c,QHT,QHT46,QHT46,A00
0e543fb7-309e-4966-9e6c-8cd465c30fc7,QHT,QHT46,QHT46,A01
dd7c2388-3377-4baa-b6de-4478a7f8532d,QHT,QHT46,QHT46,B00
18ab5bff-a3c9-424b-9250-b493290cf141,QHT,QHT46,QHT46,D07
41d04e88-4bb9-4fbe-ba38-a5bacb602fb8,QHT,QHT91,QHT91,A00
8cef7fa8-e993-4ea0-adfd-4c216abe8875,QHT,QHT91,QHT91,A01
29deb724-1028-461e-9161-455560c248e4,QHT,QHT91,QHT91,B00
cc5a943e-048d-4f66-ae0d-9193099e110f,QHT,QHT91,QHT91,D10
baf3a6ac-98b9-4071-8192-a4a80dd7d17c,QHT,QHT92,QHT92,A00
c8bdb1a2-5433-46de-8449-7ceac62df023,QHT,QHT92,QHT92,A01
b1b5e41c-9ba1-4bfe-a4dc-177225ec0551,QHT,QHT92,QHT92,B00
ac0432de-15b3-4577-8ed0-f338f49c9962,QHT,QHT92,QHT92,D07
47f86758-d2ba-4753-aeec-7163e54aa0e3,QHT,QHT93,QHT93,A00
e97d7881-4949-4c54-84a1-d62427c07cb4,QHT,QHT93,QHT93,A01
ca015e3e-d1b7-4b47-b904-0dbdb451a3a5,QHT,QHT93,QHT93,D07
ebd97ad0-ac8a-48cc-81f4-3c04e34ae4ef,QHT,QHT93,QHT93,D08
6f14884a-3416-4312-b781-66308fa302f8,QHT,QHT94,QHT94,A00
b941f831-c2c8-45f1-be66-2eea91690db3,QHT,QHT94,QHT94,A01
aeceea7b-7a21-4bb5-b7aa-85c35235c42a,QHT,QHT94,QHT94,B00
64bbbaa1-5232-4f2a-b591-a517cd194467,QHT,QHT94,QHT94,C01
dae7f3cd-cd49-4bf3-8975-0ebc61ee8777,QHT,QHT95,QHT95,A00
524d53fd-59b1-44c0-a7ac-9f01cbbf4cee,QHT,QHT95,QHT95,A01
88ce868d-0bfa-45b5-979d-9d7ef04cdabd,QHT,QHT95,QHT95,B00
9e480735-90c2-44a3-b3a1-b296b2c863f2,QHT,QHT95,QHT95,D10
4e174057-169c-4b09-9c5e-be3ec121d7b6,QHT,QHT96,QHT96,A00
dd327843-7bdd-493f-a973-c0bc11f64db0,QHT,QHT96,QHT96,A01
f84ffa8e-1075-429c-a3f0-70eab057cc95,QHT,QHT96,QHT96,B00
7eab50ca-c405-4580-8f52-720132874bb3,QHT,QHT96,QHT96,D07
321b5fcb-0eb7-4cf3-8c06-c59c44c5a1ad,QHT,QHT97,QHT97,A00
fbf04401-53d0-47af-8d27-0eb5105087f5,QHT,QHT97,QHT97,A01
411c3a49-c56c-49ea-833d-1e62b5af979f,QHT,QHT97,QHT97,B00
2feb9ec4-c824-467a-b5fe-dba9effb3e93,QHT,QHT97,QHT97,D07
c51e5543-5e1a-4403-bcec-25b7a37a1f57,QHT,QHT98,QHT98,A00
77c5ed2a-2a91-447c-aedc-a8b29e80176c,QHT,QHT98,QHT98,A01
98bb97d7-fe83-4e3c-835a-2ecd81f6ceee,QHT,QHT98,QHT98,D07
593d8a7c-d068-498f-bfa3-6781f794bcfb,QHT,QHT98,QHT98,D08
558e4ce7-84f8-495a-841d-2d42b1e3e3c2,QHT,QHT07,QHT07,A00
7d3c258f-2892-4067-8a6d-7b3d4e922228,QHT,QHT07,QHT07,B00
a2273c9b-71b8-4724-9ecd-b379c7d386be,QHT,QHT07,QHT07,D07
a3a9ff2d-ab01-4ded-a675-5d220d6f659a,QHT,QHT08,QHT08,B08
c6269c7f-e6f7-4baa-91e5-efb696fcc4c0,QHT,QHT09,QHT09,A00
55d42da4-4362-4225-9041-fcc7939b01d0,QHT,QHT09,QHT09,A02
818b78f7-f21a-4740-ba60-e457ed611590,QHT,QHT09,QHT09,B00
ce543282-926f-49c9-8ae2-acb478f7f7c6,QHT,QHT09,QHT09,B08
f96f4996-8bb5-488c-b5a3-3af27d3103f8,QHT,QHT15,QHT15,A00
cd84985a-4809-4f1a-ac86-df19f6c843c6,QHT,QHT15,QHT15,A01
72d09b4f-be87-440a-addc-ff95d24bdd85,QHT,QHT15,QHT15,B00
dd79eaa6-1461-4cc3-90ca-f90fa08272b9,QHT,QHT15,QHT15,D07
95fe5a62-e3c2-48a6-81e9-303b736f0a0e,QHT,QHT81,QHT81,A00
26238096-b41b-4d1d-b06d-e0e5104e00bd,QHT,QHT81,QHT81,A02
bad97e9f-12fc-4497-a407-cbf3fadd1954,QHT,QHT81,QHT81,B00
5fe2e327-8476-415b-87c6-c3156d69501b,QHT,QHT81,QHT81,B08
accf4b8c-ea92-4c48-8c29-fa8082d3d628,QHT,QHT82,QHT82,A00
9a6cd167-17cb-482d-bcdf-8fee9aa7f77d,QHT,QHT82,QHT82,A01
c1afc455-ca6c-4baa-81f7-c527ca1f3a47,QHT,QHT82,QHT82,B00
d54160df-ba85-470b-b783-90fd4d1a1862,QHT,QHT82,QHT82,D07
033dfd86-0d2e-4458-aa3d-3f9d756a4185,QHT,QHT03,QHT03,A02
132362fc-5e20-4eab-98fd-b14df941d8de,QHT,QHT04,QHT04,A02
a78f35fa-1d1a-4cf9-b6cc-98c959aa3ea1,QHT,QHT05,QHT05,A02
6c8cd0f1-b87a-4a83-8258-87921707e832,QHT,QHT06,QHT06,C02
a1836c87-6fe1-415b-8e4a-99cff13d5737,QHT,QHT07,QHT07,C02
b98be1f7-2296-45a1-85d7-a26919481a91,QHT,QHT18,QHT18,D10
23a08998-2eec-4caf-ba58-aebaf47bde5d,QHT,QHT20,QHT20,D10
710e59aa-1dd0-492e-b115-3f6b5b347004,QHT,QHT43,QHT43,C02
a749293a-3ad2-46e8-96d1-d0e8bc301d29,QHT,QHT94,QHT94,A02
381c7452-0341-43bb-bfb9-14086691f420,QHT,QHT01,QHT01,C01
cf6ace4c-fd8b-4912-852c-32988c1750ab,QHT,QHT01,QHT01,X26
ac95d50c-b8fb-49b4-b87a-67cd92cb02df,QHT,QHT02,QHT02,C01
b2374d31-443d-4763-832e-2b485772d7fa,QHT,QHT02,QHT02,X26
510e510b-0a9f-4b1b-94d5-6793410b53e8,QHT,QHT03,QHT03,C02
bf790960-da87-4cb8-b7fa-9cad072f936a,QHT,QHT03,QHT03,D07
6f370d6a-ccdc-4d81-bbfd-f60c15cdf910,QHT,QHT03,QHT03,X02
281b376f-4b33-4ed7-9c46-d3d22bd0695a,QHT,QHT03,QHT03,X06
db2c7fdf-6a12-4d48-b6f2-e7ef985cc2ce,QHT,QHT03,QHT03,X26
099f7ef4-40a8-4a8e-b708-4a31b62a981c,QHT,QHT04,QHT04,C02
0db93f99-cbd9-4985-beca-069c5c957276,QHT,QHT04,QHT04,D07
2594b593-3d18-4133-b46a-0d9d3ca4a7b5,QHT,QHT04,QHT04,X02
5847626d-1eaf-44cc-ae44-6037826d6d02,QHT,QHT04,QHT04,X06
f8aa1a84-30b6-470c-a496-e831e7801db7,QHT,QHT04,QHT04,X26
38beeda8-d7c8-47e2-bba4-ac344f00d384,QHT,QHT05,QHT05,C02
3daf211b-a6f2-4aa9-abd4-44b8358cc717,QHT,QHT05,QHT05,D07
0c2ca23f-e596-4e46-9df3-724f6d4b9266,QHT,QHT05,QHT05,X02
8d4a945e-8efc-40ca-8457-488b664168b2,QHT,QHT05,QHT05,X06
32eb49f1-828d-44f2-b9b6-82e8e9940404,QHT,QHT05,QHT05,X26
8abcdb05-471e-40f8-9451-72b837d5106f,QHT,QHT06,QHT06,A05
24cb2c57-b9b5-4b2f-b44d-d4b1c94280a7,QHT,QHT06,QHT06,A06
7f7fd67a-03aa-4e27-bbd1-9aeade4a740e,QHT,QHT06,QHT06,X09
5be170dc-4315-4cc8-a9c3-d4feeaf19483,QHT,QHT06,QHT06,X10
e275bee6-4ee9-4d52-a13f-5e9ca2589f89,QHT,QHT06,QHT06,X11
f9d99e2b-0485-419d-a1ba-ef24e1f292cf,QHT,QHT06,QHT06,X12
3c358ff3-fc01-4517-9dd4-a9de7a89b55a,QHT,QHT07,QHT07,A05
9ce7069d-af84-4c07-89c6-0e58e8176402,QHT,QHT07,QHT07,A06
f1a6cf05-1bfa-466b-8256-1bcea368a897,QHT,QHT07,QHT07,X09
c5145ed1-5416-4573-9864-bbdced1bffbb,QHT,QHT07,QHT07,X10
a382689a-500a-4b8b-af7a-c04893b89cb2,QHT,QHT07,QHT07,X11
1ce3e662-cde8-4ba7-9d98-381660718baf,QHT,QHT07,QHT07,X12
6da7d14a-bac4-49f8-8c15-9bb50596b78f,QHT,QHT08,QHT08,B01
698f24de-6038-4e26-bc7f-db5faecfbf1f,QHT,QHT08,QHT08,B02
6030493b-28b1-4b42-a4ea-e6f471a8cf35,QHT,QHT08,QHT08,B03
29787639-a7a7-4e84-a1b6-ed09fe049de3,QHT,QHT08,QHT08,D07
e490f28f-8c57-43b9-a22a-ca7a6b6b9a41,QHT,QHT08,QHT08,X13
b641fb0a-b653-4bad-b5a5-c74603c504ed,QHT,QHT08,QHT08,X14
8d48e430-0da6-49e4-bd28-b81004c43f67,QHT,QHT08,QHT08,X15
a35c3aca-98e3-41cb-bfc1-0d3f9cdc58b8,QHT,QHT08,QHT08,X16
f7ad5344-4e7a-4bc7-a35a-b952c96fecc1,QHT,QHT09,QHT09,B01
7198b00a-52f9-47fe-9cd0-f4ea2934a2d7,QHT,QHT09,QHT09,B02
8c56bc36-8348-4097-90b7-93a1c95db2a4,QHT,QHT09,QHT09,B03
98aac47f-0901-490f-b102-b6bfb7fb2377,QHT,QHT09,QHT09,D07
daa4fb22-7c19-4709-ae41-8eac49e115c6,QHT,QHT09,QHT09,D08
9d725f5c-16a7-41af-9c31-e2ada15232a0,QHT,QHT09,QHT09,X13
a605b733-5b0a-4e34-9afd-77ad3d2e8733,QHT,QHT09,QHT09,X14
29714929-14cf-48cd-ab8c-594f9364c201,QHT,QHT09,QHT09,X15
9c79fb99-0b91-49fd-89db-2d1752e0f253,QHT,QHT09,QHT09,X16
07d5a652-0b4f-45cb-9246-0db6c8843a9b,QHT,QHT10,QHT10,A04
0a9e19fa-d854-43e0-a4d5-94c4f1dc6887,QHT,QHT10,QHT10,A06
51ff110d-49c8-4526-9815-ba500d8f8e7c,QHT,QHT10,QHT10,A07
a9c91afb-7fdc-4899-8da5-002722993a91,QHT,QHT10,QHT10,B02
1c8f4730-4d50-44a3-8a77-6974488df211,QHT,QHT10,QHT10,C04
45b056f3-1c48-46a0-a6bd-25984d0f1fed,QHT,QHT10,QHT10,D01
4ad5db1b-ef6d-43ed-8931-54b5e55b5ac4,QHT,QHT10,QHT10,D20
c2a9f91e-e9a9-4855-a3c5-d0488e56c9aa,QHT,QHT10,QHT10,X01
7e08a632-c990-43ad-96f7-99f7af8d2b63,QHT,QHT10,QHT10,X21
1c3b5942-684c-4e05-92eb-69eea64915d4,QHT,QHT10,QHT10,X25
e57354ca-fba9-439d-9758-a6f668e43aec,QHT,QHT12,QHT12,A04
8da15269-9757-4352-ba51-725c77f7113e,QHT,QHT12,QHT12,A06
9041b366-0976-4a6e-a4e3-6dfac1cf3cce,QHT,QHT12,QHT12,A07
e2d9b2c9-59e9-45b1-8530-f52dbc96f655,QHT,QHT12,QHT12,B02
a8d1fefe-fd22-48ab-ba6b-8f870e23ef20,QHT,QHT12,QHT12,C04
dcff4601-1678-4dc9-a194-f32c0534f116,QHT,QHT12,QHT12,D01
f1a29caa-332e-4811-811e-a643aa7abb23,QHT,QHT12,QHT12,D20
92c16169-2d17-4f04-be06-c756956f0eef,QHT,QHT12,QHT12,X01
12bdaa30-9f64-45b2-aabc-bfd8381ec825,QHT,QHT12,QHT12,X21
9ba1f850-df93-462d-904c-04f431372e36,QHT,QHT12,QHT12,X25
2768c13d-1dd1-477d-a8aa-ed3819791b6e,QHT,QHT13,QHT13,A02
6b71e293-ce4f-456f-8acf-114aa671c94f,QHT,QHT13,QHT13,B03
28c31c3b-e3d2-48cd-83c8-30861279d2ea,QHT,QHT13,QHT13,C01
56a1f9a9-b1cf-4e80-9b85-80300ac8f147,QHT,QHT13,QHT13,C02
ecfa9a87-c65a-4917-a5db-68dc16cfec9e,QHT,QHT13,QHT13,D01
424bde30-9000-479d-a35e-f9bf99a0955c,QHT,QHT13,QHT13,D08
b315762f-3307-49af-97c7-68c362eb969c,QHT,QHT13,QHT13,X09
5aa38031-cfdc-400f-b294-bf28c59becdd,QHT,QHT13,QHT13,X10
43290046-ac52-437d-a08f-2d3f307176ad,QHT,QHT13,QHT13,X11
498f805e-c09a-4a21-aa95-68f7000dc0f0,QHT,QHT13,QHT13,X12
55215dee-c210-4076-8fcc-ff1c20a99797,QHT,QHT13,QHT13,X13
743ec280-3fdb-457a-9ace-787044aade19,QHT,QHT13,QHT13,X14
93c6f382-fcb2-4225-87fb-d638c250a435,QHT,QHT13,QHT13,X15
954fcef3-a514-494a-85dc-8aacd5ff1245,QHT,QHT13,QHT13,X16
3181943a-ea22-457c-8ecc-f655939e4f77,QHT,QHT15,QHT15,A02
7a56b06a-6c11-4646-bc23-ea6acec8f115,QHT,QHT15,QHT15,B03
2443ff91-a003-4131-a50e-4f53cdabe4f7,QHT,QHT15,QHT15,C01
984a56b1-01eb-41c3-bce4-2c92440738cb,QHT,QHT15,QHT15,C02
e1a668b0-ce5b-4971-a6c2-4d9c5c522497,QHT,QHT15,QHT15,D01
bb455d56-c2dd-4d8c-aa6f-6fea7a57b445,QHT,QHT15,QHT15,D08
cb6216ff-d393-4a8f-9736-9dbb9eee85e0,QHT,QHT15,QHT15,X09
007d2707-1360-4d2f-a627-4b8b073208b3,QHT,QHT15,QHT15,X10
56c44a0c-5a4e-479a-bdea-1c39e807fa5c,QHT,QHT15,QHT15,X11
fb281594-ca4e-431d-9565-18359744f3b7,QHT,QHT15,QHT15,X12
eff881e1-140c-4786-ae7a-a7fc242e46b9,QHT,QHT15,QHT15,X13
788d74aa-cc8c-4744-a6a2-bbe10be9fa71,QHT,QHT15,QHT15,X14
f494de6b-2c66-47b9-8152-ce216a9b7e70,QHT,QHT15,QHT15,X15
c60bafc5-6f0b-4a4b-95bb-3b4ede5652b9,QHT,QHT15,QHT15,X16
06520c51-a32e-4338-843f-bf03f5ca5742,QHT,QHT16,QHT16,A02
c5d368ab-2ab4-4934-97fe-0771a426a38e,QHT,QHT16,QHT16,A04
acfdde22-26f9-4794-b00d-925484c396dd,QHT,QHT16,QHT16,A06
43c98e91-486c-4827-8587-4b5efe79561f,QHT,QHT16,QHT16,B02
ccce6443-1573-4951-a09d-774b822ed37c,QHT,QHT16,QHT16,B03
f1cd93da-d6a8-408e-9e41-cdafd45a39cd,QHT,QHT16,QHT16,B08
d3ffcd4f-d4cc-4e76-a599-c030a3b6b1e7,QHT,QHT16,QHT16,C01
207aeef6-c0eb-49c1-b8e9-fc78ed4c5400,QHT,QHT16,QHT16,C02
838a7e54-6697-4bff-8d3a-47741d10cdcd,QHT,QHT16,QHT16,C04
c6951e5b-f4d7-42ef-a34b-20016b9121ce,QHT,QHT16,QHT16,D01
68f7d0d5-8027-4e18-a1c2-fb0e342c3b27,QHT,QHT16,QHT16,D10
2dc2889e-6d7f-41f9-a23a-d86c250152d4,QHT,QHT16,QHT16,X26
81900fef-1698-47b2-98d3-c593933518f3,QHT,QHT17,QHT17,A02
e32d3c48-4b72-437f-91f4-f2ca97580d20,QHT,QHT17,QHT17,A04
1e3414be-5be8-4abd-b111-c864e3aa6cb2,QHT,QHT17,QHT17,A06
5f4144e0-7600-428c-b87e-604d5b8c1624,QHT,QHT17,QHT17,B02
c30119c4-a06b-4f44-935d-be6b5efa59cc,QHT,QHT17,QHT17,B03
a44d1f51-aab7-4dd8-a95b-16a9f309e9be,QHT,QHT17,QHT17,B08
c55bcda5-3e39-4072-9dfd-9f3adaa60a18,QHT,QHT17,QHT17,C01
8b12cb37-742a-4c41-8b65-b653d7a9002f,QHT,QHT17,QHT17,C02
75e7e690-0bed-4a1c-9528-b540c80db294,QHT,QHT17,QHT17,C04
89806f14-1860-4648-8889-b35e792b0b08,QHT,QHT17,QHT17,D01
172c7e55-f79e-4379-8716-516f11564919,QHT,QHT17,QHT17,D10
3fc790e3-09c5-4d5b-8b94-f6eab3e379fc,QHT,QHT17,QHT17,X26
a63ecfed-435a-40c2-ab95-b8b978c8a242,QHT,QHT18,QHT18,A04
2a4b0d48-dc41-4944-bb30-921b3cfbda6a,QHT,QHT18,QHT18,A06
4a0635cb-12f8-4dd3-815d-a05ff5dd2c5c,QHT,QHT18,QHT18,A07
eca70f65-1dcf-48c4-a7ee-cb762f484517,QHT,QHT18,QHT18,B03
77e36f40-fb68-44e3-ba71-5b84fa601cc5,QHT,QHT18,QHT18,C01
be599e57-8b87-4919-83d1-777a53912cf3,QHT,QHT18,QHT18,C02
80f47c2f-d412-4dfe-8762-35274767dafe,QHT,QHT18,QHT18,C04
49a0882d-de42-4e9a-ae3a-4184b3775b2f,QHT,QHT18,QHT18,D01
b4423215-a19a-404c-89d8-fe03f9ea1e13,QHT,QHT18,QHT18,D08
79f59ed1-13ef-492e-83ff-60c2e01f5ce0,QHT,QHT18,QHT18,D09
2c5d9626-ba82-43ba-8402-6051ff655047,QHT,QHT18,QHT18,X01
a76d7699-5d6c-4c88-bb98-ca151b64d7e7,QHT,QHT18,QHT18,X05
b163b84c-ba18-437c-a5e9-85547bb1a506,QHT,QHT18,QHT18,X09
a0a78051-9dab-48a5-b55d-4cd41ba3ac6c,QHT,QHT18,QHT18,X21
080a9538-210f-48db-bb07-d100ff13a3f4,QHT,QHT18,QHT18,X25
60af86c2-0bbf-4702-a34a-0cf865071cd2,QHT,QHT20,QHT20,A04
efbe4d5b-ea69-4098-b057-d39110be1e97,QHT,QHT20,QHT20,A06
0a783540-518e-4b9e-b57b-d9217abe60e9,QHT,QHT20,QHT20,A07
b08f036a-acd5-4672-932e-732b0ef53bc2,QHT,QHT20,QHT20,B03
be298ac6-1d7f-4706-8fec-4946a65fcd5a,QHT,QHT20,QHT20,C01
2c9bfc04-c50d-4146-b40e-ffca6083f22f,QHT,QHT20,QHT20,C02
8fd680e2-a567-4d83-a02f-7f96f056d08a,QHT,QHT20,QHT20,C04
b046c40a-41df-4479-93f1-3e0215243eb4,QHT,QHT20,QHT20,D01
afc2277d-a144-4035-b9bb-28c1bbc066db,QHT,QHT20,QHT20,D08
71f50a45-c101-4096-8d4c-19dd4ffb220c,QHT,QHT20,QHT20,D09
26fb086c-6fb9-4ba4-841f-90166a9b5da9,QHT,QHT20,QHT20,X01
4709f6fa-5fc5-43de-b450-0b8b703fc0e1,QHT,QHT20,QHT20,X05
7b9a3908-8c79-44bd-a8ef-30bf2527f0ee,QHT,QHT20,QHT20,X09
0b22f62d-2c6c-443f-9adb-3113b7e3f1ca,QHT,QHT20,QHT20,X21
0ff8ce4f-f5b9-49db-920b-d8d3085eb53d,QHT,QHT20,QHT20,X25
81581d20-87e2-46a3-b457-2bc63b37ea43,QHT,QHT43,QHT43,A05
e87344ce-869d-4a5b-9021-22c6cd119e4d,QHT,QHT43,QHT43,A06
afd3feeb-1e96-427c-a6bd-bd5f4f38f12d,QHT,QHT43,QHT43,X09
6f8d93ef-134e-4543-af8c-e04a27bad800,QHT,QHT43,QHT43,X10
d97400bd-3d0e-4932-bbb4-655232271528,QHT,QHT43,QHT43,X11
92bc7b98-416d-4e6f-aad4-56d8c09d2833,QHT,QHT43,QHT43,X12
51c4bc78-e84c-4279-93fa-468c785669f6,QHT,QHT81,QHT81,B01
ef16c14d-baba-4c44-b781-ddb28d2f38f0,QHT,QHT81,QHT81,B02
648fd344-701b-4387-bf7d-25d29fd66d1b,QHT,QHT81,QHT81,B03
2f113618-3597-4700-80e3-02a0315de85a,QHT,QHT81,QHT81,D07
cb6c397d-fa06-469a-93ee-510a119158fb,QHT,QHT81,QHT81,D08
7d955e97-2748-42e1-90bd-faeca28e5597,QHT,QHT81,QHT81,X13
f4ccc90d-9e4e-4574-9eb9-25a89883a977,QHT,QHT81,QHT81,X14
f00677f2-b71d-4087-8bcf-f46628ced5b4,QHT,QHT81,QHT81,X15
54c54d68-8455-4a3d-a146-f33e71793c92,QHT,QHT81,QHT81,X16
d7d90f3f-f78c-40cb-820d-02b45ee7b4dc,QHT,QHT82,QHT82,A02
4139cbe7-055d-4bd2-adbd-753034cfbbd9,QHT,QHT82,QHT82,B03
cb7a257b-9074-47fc-9b42-0a4e7fc49027,QHT,QHT82,QHT82,C01
f0d11079-ed66-4162-ae49-dd7a872e4d18,QHT,QHT82,QHT82,C02
7d223e92-d77a-4627-969c-7428ed85a414,QHT,QHT82,QHT82,D01
906942b2-4511-4d85-b36f-1e41a8335b6e,QHT,QHT82,QHT82,D08
fb17f611-e2a1-4bb7-aac5-34d2e7c1d7d4,QHT,QHT82,QHT82,X09
815e0ed2-89b1-4d95-8409-3ae232c68695,QHT,QHT82,QHT82,X10
30ea4c10-6000-48c3-8f66-0a555c413ab8,QHT,QHT82,QHT82,X11
73c1f894-15f6-40d2-afcd-f11819e4f430,QHT,QHT82,QHT82,X12
6fe2473e-5dc5-4a21-bb99-d3918c5dc64c,QHT,QHT82,QHT82,X13
bf5a9f15-85bf-4f3d-a705-2dc04bab9234,QHT,QHT82,QHT82,X14
219b89d7-c458-482f-bb10-748dc3314f1c,QHT,QHT82,QHT82,X15
eec440cf-5433-4916-8a37-7e4d52254ab3,QHT,QHT82,QHT82,X16
a1cea155-b04d-4384-946f-a6d5bea74d0a,QHT,QHT91,QHT91,A04
0c55791d-ca64-497d-9a06-c9b7f1276733,QHT,QHT91,QHT91,A06
add38d3e-bb7c-4224-9731-6874c3d8ee69,QHT,QHT91,QHT91,A07
1ed3404a-5035-4cb1-9532-dd2fb660bd77,QHT,QHT91,QHT91,B02
87cdb75d-03f0-4687-b2f9-5ccc7945c3be,QHT,QHT91,QHT91,C04
7d28c7d6-c3d5-4d0a-af70-9b885d0d28a5,QHT,QHT91,QHT91,D01
2eb75f1e-d4da-4848-bfcf-0e23e1b08704,QHT,QHT91,QHT91,D20
bd3b18eb-62a2-4fdc-9b25-f65d7203af3c,QHT,QHT91,QHT91,X01
755b498d-1381-49ad-abc2-444dc0577047,QHT,QHT91,QHT91,X21
c2cc27ec-f241-4c94-b88a-d7722ddd2fef,QHT,QHT91,QHT91,X25
31b7ab98-f6cc-42f1-b9fa-7e0278f06e36,QHT,QHT92,QHT92,A02
80f887fe-4c21-4487-90d2-3ddf65b77af4,QHT,QHT92,QHT92,A04
df1c1bf7-5b41-4dad-9f3a-c13b667599f3,QHT,QHT92,QHT92,A06
01cc1b8c-36f4-4e1c-a9a9-ef149ad06292,QHT,QHT92,QHT92,B02
5b303d11-50d3-4171-83f7-a06598467517,QHT,QHT92,QHT92,B03
810b34da-7abd-416e-a74f-c99c10ae92fb,QHT,QHT92,QHT92,B08
33774d14-fc13-414a-a319-a7b644017e6f,QHT,QHT92,QHT92,C01
d5504028-ad2a-4648-8b4f-94a6c8467ce3,QHT,QHT92,QHT92,C02
a1aeba68-47b2-4abe-9952-119bb2178c0c,QHT,QHT92,QHT92,C04
cf5a2b50-2ada-446a-b17b-bfc9b4693635,QHT,QHT92,QHT92,D01
78b5217a-a16e-40e9-913f-c76ebd557a2c,QHT,QHT92,QHT92,D10
fad04884-89f8-4b4b-a85b-808007b9af0a,QHT,QHT92,QHT92,X26
9927f78a-c285-4d69-9ef5-79eeb97573b8,QHT,QHT93,QHT93,C01
7a2dd473-1d23-40e1-bb4c-e46ef18bf355,QHT,QHT93,QHT93,X26
5863cf24-6956-44b7-b39b-a9ab7fe50dcd,QHT,QHT94,QHT94,C02
5faadd58-cf8f-48da-926f-378c40016a47,QHT,QHT94,QHT94,D07
e0960105-6336-4661-ac3f-fd449f0884aa,QHT,QHT94,QHT94,X02
ddf20286-9161-43b6-a23b-7f71d2cbab2c,QHT,QHT94,QHT94,X06
9da9dc66-3fe1-4c71-b761-975ceefb303f,QHT,QHT94,QHT94,X26
573bddf9-834b-466a-a1c1-7c09e6967468,QHT,QHT95,QHT95,A04
bf556da8-47bd-4de0-8d04-954fb042c3c4,QHT,QHT95,QHT95,A06
f5741fed-eadc-490a-b1d5-779152004d0a,QHT,QHT95,QHT95,A07
a0cde91f-3197-4553-b706-3a944519e71e,QHT,QHT95,QHT95,B02
7652ea10-0af9-4809-83fe-0a184f462c5f,QHT,QHT95,QHT95,C04
08ab3952-e2b7-4dd2-91fa-ce2a5cedd1b8,QHT,QHT95,QHT95,D01
dfb827ff-e866-4e00-8184-01d415ee6818,QHT,QHT95,QHT95,D20
3b1084a1-6cd9-4f43-b210-6770f9b299e0,QHT,QHT95,QHT95,X01
464015d4-adad-46f6-a8a3-9b1f783d8364,QHT,QHT95,QHT95,X21
25014725-6516-4f5e-bce4-b64c85f183bb,QHT,QHT95,QHT95,X25
4af1a872-d9ad-48e5-8972-2a34800f850c,QHT,QHT96,QHT96,A02
74d27259-12ad-4896-8b2a-1b77df989fa5,QHT,QHT96,QHT96,B03
21c9eba9-d668-422a-9602-8ece0e67a27a,QHT,QHT96,QHT96,C01
65c73ee8-48f1-4095-b50c-cb1710378161,QHT,QHT96,QHT96,C02
0501cd97-6137-42eb-825f-9ecbfe94a9a5,QHT,QHT96,QHT96,D01
ed2abbfc-ed7e-4a2b-9b3a-d9598cd40ba9,QHT,QHT96,QHT96,D08
c716f284-8009-4bba-83f9-1a4852ba30c5,QHT,QHT96,QHT96,X09
fd1f69f5-cc8b-4fb7-9ea4-51ff5f6e2c04,QHT,QHT96,QHT96,X10
fc9a1f92-f721-4f8e-8cc0-c5ac4384a871,QHT,QHT96,QHT96,X11
8e2bd2b7-7e30-46d6-b776-98e9241fdd7f,QHT,QHT96,QHT96,X12
6cfaf84b-54fd-4b82-ab3d-3ac87e1b014c,QHT,QHT96,QHT96,X13
fd212cab-6f7f-4072-ae84-6a9cf1251145,QHT,QHT96,QHT96,X14
d7b0a3d8-ec79-411e-8bc0-4ef5864708ae,QHT,QHT96,QHT96,X15
4afa4f01-f98b-4727-89c6-377568f460ab,QHT,QHT96,QHT96,X16
25eb7faa-453d-484f-a5de-4d65b54fd361,QHT,QHT98,QHT98,C01
5a2ffefc-7ee1-4b3f-827c-e74b0500e53a,QHT,QHT98,QHT98,X26
97a911ea-e7ef-4384-81f8-9b06fffebbcc,QHT,QHT99,QHT99,A00
656117c0-fc80-4097-9c8b-214e8a77a682,QHT,QHT99,QHT99,A01
4d590645-571e-4790-8293-47d02e6ffbc3,QHT,QHT99,QHT99,A02
00052255-2f37-4568-90aa-c715345809d8,QHT,QHT99,QHT99,B00
c296ba97-e288-4299-8ac6-27f74ce70767,QHT,QHT99,QHT99,C01
63c487cc-e375-43ec-88cb-e53a58e3c8b8,QHT,QHT99,QHT99,C02
82c5abe9-0115-4374-aab3-fd1896d9afab,QHT,QHT99,QHT99,D07
02eb7977-566f-4ae2-b8df-4615a0805685,QHT,QHT99,QHT99,X02
d054544d-eea1-438e-82e0-fece7f872bcc,QHT,QHT99,QHT99,X06
6316c731-bc72-4a1c-a012-050616e4e4c7,QHT,QHT99,QHT99,X26
065f301f-5a4a-470f-a9f7-93e87be4a994,QHT,QHT01,QHT01,T49
ed642564-550c-46b5-9829-a7bb81b9b6f8,QHT,QHT02,QHT02,T49
47689a0d-4cc9-4e23-b979-611cb8593dda,QHT,QHT03,QHT03,T49
4c5403e3-0e2a-42eb-8b6e-73572a5634b3,QHT,QHT04,QHT04,T49
17c4ba02-61f2-4cc4-acb7-2f1ae971de31,QHT,QHT05,QHT05,T49
f50ef16f-3e76-4feb-8d40-9f707ff59328,QHT,QHT06,QHT06,T49
56bf78a6-614a-4f43-a9fd-c05760c4c991,QHT,QHT07,QHT07,T49
65a38c49-2670-4db3-9f21-d2939d51db40,QHT,QHT08,QHT08,T49
1b002352-78a3-49b1-a68d-cee533e2c015,QHT,QHT09,QHT09,T49
7e5c8375-8db6-4596-85d2-95b1b4ab423c,QHT,QHT10,QHT10,T49
62de2d06-dffe-4998-8b37-f0bf92c27cdb,QHT,QHT12,QHT12,T49
0c932c2b-a11c-4bfa-aa18-31a8d931a405,QHT,QHT13,QHT13,T49
fc273f67-17c6-48b8-bab9-946ee3044b82,QHT,QHT15,QHT15,T49
0074b163-9634-4805-8ac9-335ca0754410,QHT,QHT16,QHT16,T49
0d352a3c-cd00-40a7-821d-10475b2381b1,QHT,QHT17,QHT17,T49
3383bde9-62a6-4c0d-8b52-97549ab5bbf9,QHT,QHT18,QHT18,T49
8583f03e-a002-4cb4-9101-1e606a29b0f0,QHT,QHT20,QHT20,T49
bd7001ab-6f2b-4212-872c-0a3860e98add,QHT,QHT43,QHT43,T49
2ee03e92-0dae-4423-9221-3d7098926bee,QHT,QHT81,QHT81,T49
17f4a187-87b4-4bc0-a577-6607fd6fdaff,QHT,QHT82,QHT82,T49
885850b4-183e-4f63-94eb-e541569d99ae,QHT,QHT91,QHT91,T49
e86f2743-5a89-4a9b-9e1d-1cd13f9544e0,QHT,QHT92,QHT92,T49
9065258a-745b-477f-954c-1eea3ce20ac0,QHT,QHT93,QHT93,T49
6d233b77-aba6-4552-9e4c-6157d6f77e8e,QHT,QHT94,QHT94,T49
2b73971b-1af7-4960-bdae-a5d090020350,QHT,QHT95,QHT95,T49
65c9a55f-2e64-474e-bec3-2f2ef5beb74a,QHT,QHT96,QHT96,T49
ec48ffe1-5377-4a7d-9e7e-40090371b817,QHT,QHT98,QHT98,T49
3988322b-1947-487a-9db9-bedb4bb8355e,QHL,7380101,7380101,A01
f90e9d44-b623-4d50-b121-7a598d4a42e7,QHL,7380101,7380101,A07
771a45f1-5e7f-4d5d-9192-82b9a859f89f,QHL,7380101,7380101,C03
58c17c94-66b3-44b3-b86b-9dd6a0c46ea5,QHL,7380101,7380101,D01
45ae6e67-7205-44ad-9456-61110ec549ad,QHL,7380101,7380101,D14
9e0d9ec0-3998-4bb9-ac4c-5a6bde7e14a9,QHL,7380101,7380101,D15
780ec717-6d81-4bdb-83a1-30bfab869bc4,QHL,7380101CLC,7380101CLC,A01
50907c22-979b-4da0-8dbe-6ffb306e6a3a,QHL,7380101CLC,7380101CLC,A07
8d0019a7-0939-4362-9d5e-ce5158669b0a,QHL,7380101CLC,7380101CLC,C03
ad27aea4-d6fe-4a91-9ad2-319818349108,QHL,7380101CLC,7380101CLC,D01
4d84a8ac-d3f6-4a6c-b0bd-eb77f2336ec1,QHL,7380101CLC,7380101CLC,D14
fb4b9791-471d-4ea7-9e07-eec367064a60,QHL,7380101CLC,7380101CLC,D15
46241daa-0d3d-428e-8774-13a1087cb288,QHL,7380109,7380109,A01
3661262c-469e-4523-8a99-dd6bb81f28d5,QHL,7380109,7380109,A07
4619d54c-c17d-45e8-bdd2-225843549606,QHL,7380109,7380109,C03
4ea3c298-2ef8-4cbd-9036-7d6ca39dc6a6,QHL,7380109,7380109,D01
397750b2-1e5a-46dc-b40c-5c5c78c19e14,QHL,7380109,7380109,D14
9390c42e-7c4f-4a51-854a-2323a211c207,QHL,7380109,7380109,D15
5e30815e-da15-4797-9301-e5db7f5751cb,QHL,7380110,7380110,A01
27e0e306-56b2-4f36-b041-7a27bcc0b301,QHL,7380110,7380110,A07
d4c1d74a-2e26-4d9b-a152-aba91685881b,QHL,7380110,7380110,C03
7fb62443-ddd6-4ea9-a860-0e1be97e6189,QHL,7380110,7380110,D01
1e867d27-f62e-478c-bcb1-d52cfd51cb78,QHL,7380110,7380110,D14
4300ab2f-240d-4f76-87d7-1c3df1298355,QHL,7380110,7380110,D15
348a5023-8eb6-475f-b85b-73765d170236,QHE,QHE40,QHE40,A01
eb789125-1bbc-4d43-9c80-92e0caadf3c1,QHE,QHE40,QHE40,D01
e1ae139d-fec1-43be-9332-8e00ca19e950,QHE,QHE40,QHE40,D09
2fdc0e05-ef39-4d6a-9842-75fff74dee88,QHE,QHE40,QHE40,D10
22bf4ca9-e26a-4821-ae1a-8217ba5ac374,QHE,QHE41,QHE41,A01
31e60431-826e-4fd2-aba5-5e98d4ab53d1,QHE,QHE41,QHE41,D01
6a058ab4-ed9b-4ec5-8241-fcaa215bc228,QHE,QHE41,QHE41,D09
6d2e26a2-af1c-437f-96fd-053557d3fcfc,QHE,QHE41,QHE41,D10
1858f3e0-f317-494e-91b6-3d78f700efef,QHE,QHE42,QHE42,A01
4690759a-486e-44c8-9670-c97161cebbf8,QHE,QHE42,QHE42,D01
71698597-44a2-4e45-be8d-8fee6d1d4d13,QHE,QHE42,QHE42,D09
ccc548e0-6618-4731-ac25-b837f69810ee,QHE,QHE42,QHE42,D10
70c46126-fc77-4bf5-b06d-fe1e3389fcc2,QHE,QHE43,QHE43,A01
99360a1f-1016-4acc-a318-5517a2011e57,QHE,QHE43,QHE43,D01
b48afba4-514b-45a8-9546-b579aa122462,QHE,QHE43,QHE43,D09
e5cd0228-91b5-47d9-8bf4-9753de31d908,QHE,QHE43,QHE43,D10
220d2472-4a98-473a-9044-b7ea935f22ad,QHE,QHE44,QHE44,A01
ac30dbe0-cfb6-4ced-8781-7d1d661f4f05,QHE,QHE44,QHE44,D01
280b4859-2a74-49b1-b14d-7ce90cbe7ce3,QHE,QHE44,QHE44,D09
35367cae-d0ea-4c7c-ab46-41eaac6782b0,QHE,QHE44,QHE44,D10
0e95f6ff-3ad3-4385-8638-fc00bfb1b3d5,QHE,QHE45,QHE45,A01
f8f02422-1fd0-4864-8fa9-a14ef612646c,QHE,QHE45,QHE45,D01
3d090b7d-e7db-49c1-8dc7-3df8682b7f3c,QHE,QHE45,QHE45,D09
6f0aef7a-09e1-4d55-8741-7cc5dcd588fe,QHE,QHE45,QHE45,D10
37cfe710-7649-480f-8f92-9164b728bdb5,QHE,QHE80,QHE80,A01
36b418c7-947c-4377-809f-002c6b16daf5,QHE,QHE80,QHE80,D01
46907e8f-8c52-4ced-b780-3fe9361919ca,QHE,QHE80,QHE80,D09
fa60007d-97bf-4d7b-87bc-b1bbe6a960fe,QHE,QHE80,QHE80,D10
9afb239e-f993-48ea-9b09-8e4d57e4a5dd,QHE,QHE89,QHE89,A01
3979fadc-dab8-456a-8a8e-0af700e6d153,QHE,QHE89,QHE89,D01
6d0c30b6-14ed-40d1-bcda-c3eba8482784,QHE,QHE89,QHE89,D09
07a99ece-3a61-4888-bc42-1116ce706628,QHE,QHE89,QHE89,D10
443ac6bc-63bd-449c-ad63-58138feb4eae,QHE,7310101,7310101,A01
b3f5d408-cc10-4d53-b876-665dba9621eb,QHE,7310101,7310101,D01
92e280fa-eb8a-44c8-b9c5-31aa74e5c43d,QHE,7310101,7310101,D09
db3b7b9b-5eed-4469-b616-f85d257d4c96,QHE,7310101,7310101,D10
e5edf38d-7360-4698-b49e-10ba6e8b34cc,QHE,7310105,7310105,A01
7839f358-2e63-4026-bc45-4a7c701b9b0a,QHE,7310105,7310105,D01
7e7cc3b9-f400-4104-a7bd-ef03b833b903,QHE,7310105,7310105,D09
c8d29924-4449-4e1b-b43f-417e46cde81a,QHE,7310105,7310105,D10
6c7d96ca-d078-4209-b31b-3cb2df6ccb1b,QHE,7310106,7310106,A01
034c682a-f5c0-4d07-88d6-5f5834507b13,QHE,7310106,7310106,D01
fc26adc9-f3ec-41fa-865a-c179874bb801,QHE,7310106,7310106,D09
533351a9-c1ea-4ed6-a4c8-5291e2556d11,QHE,7310106,7310106,D10
d283a750-affc-45b9-b471-79ef9c9b78c0,QHE,7340101,7340101,A01
b9775d98-637e-4db4-886e-7d7a492e5187,QHE,7340101,7340101,D01
68429f4d-bae5-42a9-8b23-750e08a761e8,QHE,7340101,7340101,D09
a4848ed7-c985-4fd1-9551-58d48b070818,QHE,7340101,7340101,D10
c1661be4-e2aa-4e5e-9be0-68f8322f773d,QHE,7340201,7340201,A01
7ab5f933-3baa-4de6-a079-1e8c5afaeaf0,QHE,7340201,7340201,D01
74d5c98f-8dda-4a8d-a789-c6153f2b9c0f,QHE,7340201,7340201,D09
b5bd6863-3806-4dd5-baf1-a8428df5eddc,QHE,7340201,7340201,D10
e7f6d2b7-79ad-4f90-9787-023c8aa64f75,QHE,7340301,7340301,A01
a43a7065-6440-4454-8caf-ca3e72893abd,QHE,7340301,7340301,D01
c4fa6c1e-5d45-4efb-9488-8af2ede9f040,QHE,7340301,7340301,D09
fbdf9615-683d-4d16-b105-646e0557aa55,QHE,7340301,7340301,D10
90942958-104f-493b-954f-2f7422a966c1,QHE,7310101,7310101,C01
a3bc628c-46bf-40f2-acc3-cef6fa98bd9b,QHE,7310101,7310101,C03
a709aec9-4077-4dba-9f1d-f19b43509730,QHE,7310101,7310101,C04
6241b443-4cba-43d6-bbc5-41ac85d651c6,QHE,7310101,7310101,X01
75fd7cb6-39c9-4105-9ff0-8a7193d6d1d8,QHE,7310105,7310105,C01
5f6226eb-5a89-4947-b1e6-b9f64858e5c2,QHE,7310105,7310105,C03
86c50c97-fd0a-4fc2-a89a-0de22bef657b,QHE,7310105,7310105,C04
dcaedf12-d5da-48ba-90c5-a131bad01797,QHE,7310105,7310105,X01
dcf782b8-071c-4276-a499-19d7d4ffc267,QHE,7310106,7310106,C01
30dfe474-97db-4227-9a65-7807e9da5598,QHE,7310106,7310106,C03
d4240bc6-515b-442a-aeae-e2d0f563c101,QHE,7310106,7310106,C04
43b2b1d3-3d89-4a65-b3c0-d0bf197506d0,QHE,7310106,7310106,X01
9a7d9ded-42dc-41a1-8284-61a6f5711b23,QHE,734010101,734010101,A01
133167f7-9be6-4f2e-b37c-b4544c42a620,QHE,734010101,734010101,C01
e2083d2f-c3b9-4a2f-bd00-6d24c65f46b7,QHE,734010101,734010101,C03
3a219d41-c737-474c-840e-7c5ac6139370,QHE,734010101,734010101,C04
1516445e-c4ee-42b6-8928-c3393e121756,QHE,734010101,734010101,D01
2ac203e8-4159-499b-a3c3-598ad644def5,QHE,734010101,734010101,D09
1a0fea16-49f8-4928-919a-dc2bfd73f4aa,QHE,734010101,734010101,D10
6466db47-7882-4ebb-8f77-1919f78d732e,QHE,734010101,734010101,X01
b6596553-1411-4061-8f70-58fd5e109f1b,QHE,7340201,7340201,C01
88af2417-5cc4-4fef-a915-e7689d0da790,QHE,7340201,7340201,C03
25560f64-a1b1-4ba1-91d2-fbd5f31776f2,QHE,7340201,7340201,C04
6878a324-5ca9-4b83-bb8c-21eb46ced929,QHE,7340201,7340201,X01
3826066f-3569-4188-898e-2a31273e4783,QHE,7340301,7340301,C01
debf5e96-6e85-465c-8974-62872ff3fc45,QHE,7340301,7340301,C03
978a9cb5-80a0-4a7d-b158-a12a372eb2e9,QHE,7340301,7340301,C04
e6370f9e-ca6e-4cf3-afc4-8cb9255d7de6,QHE,7340301,7340301,X01
13ae155e-82dc-4d89-ac5e-709e4e4db0fe,QHQ,QHQ01,QHQ01,A00
be98ddb4-50aa-4366-b817-c35684188ffd,QHQ,QHQ01,QHQ01,A01
722ecb1c-a5cb-493f-9d45-af155b2658be,QHQ,QHQ01,QHQ01,D01
7dfb0248-2f80-44a4-b628-e5f0f2db13a7,QHQ,QHQ01,QHQ01,D03
59b8bd9d-caaa-4969-a13a-ea5197f986d5,QHQ,QHQ01,QHQ01,D06
de4b741f-a316-4f88-a449-2b7d2ab398a6,QHQ,QHQ01,QHQ01,D96
a04ef85d-b434-4c41-a39e-057ba3d54d6a,QHQ,QHQ01,QHQ01,D97
11656130-17b4-47ae-ad48-5d9597cff08f,QHQ,QHQ02,QHQ02,A00
57e791f5-32df-4cc9-91c1-5c05a1da84b0,QHQ,QHQ02,QHQ02,A01
1d38201f-bb4f-4b1c-84b9-46d66138bca2,QHQ,QHQ02,QHQ02,D01
db673f46-21c7-4ef3-bb86-c73dc7c0f005,QHQ,QHQ02,QHQ02,D03
9c7980ed-3df8-4589-a235-1248277bb9a6,QHQ,QHQ02,QHQ02,D06
b7956c6e-d1d2-4413-b35c-5d77a07d53c7,QHQ,QHQ02,QHQ02,D96
343ea7fb-2652-45fe-991c-35e96c267761,QHQ,QHQ02,QHQ02,D97
f034c09b-93f9-4bbc-9964-60657ebe313b,QHQ,QHQ03,QHQ03,A00
a73d0572-9a11-471f-8001-9d38c13b4729,QHQ,QHQ03,QHQ03,A01
3627a481-6982-4ead-b41e-c7e5227f7e51,QHQ,QHQ03,QHQ03,D01
a06a0029-fb1d-4062-b694-842e5399f654,QHQ,QHQ03,QHQ03,D03
3bdbb5b9-b80f-4337-a444-a9353ab2c80b,QHQ,QHQ03,QHQ03,D06
d6e4d306-7330-4f46-8a85-2c40efab6209,QHQ,QHQ03,QHQ03,D96
bbddb897-0eef-45a6-b070-bd226461caf3,QHQ,QHQ03,QHQ03,D97
f15aaca4-fa01-4487-8f48-bb663e5bb46e,QHQ,QHQ04,QHQ04,A00
bcf69c76-f302-4be1-bf03-5022146ddf79,QHQ,QHQ04,QHQ04,A01
6baca238-8b28-43a1-80a6-1e68f5e206a5,QHQ,QHQ04,QHQ04,D01
591ff86f-d50f-44f4-962f-975c2f736fe5,QHQ,QHQ04,QHQ04,D03
f765d1ae-7180-4cf9-9659-fb22f30f3e11,QHQ,QHQ04,QHQ04,D06
01a30921-c376-4c2f-af28-065ac7f0d9a2,QHQ,QHQ04,QHQ04,D07
1532b6cb-96db-4921-98c3-7c8e3c87188e,QHQ,QHQ04,QHQ04,D23
8a8b596d-09f2-439e-90dd-49f934c4d071,QHQ,QHQ04,QHQ04,D24
fafc88d6-6b61-47f9-a0ca-cb1b9838bf21,QHQ,QHQ05,QHQ05,A00
6cdb4398-09c2-4b08-9c6b-d21041ac9fcc,QHQ,QHQ05,QHQ05,A01
6ce2aaf3-b712-4b84-937c-31ed57f11b9f,QHQ,QHQ05,QHQ05,D01
604ca771-1919-44ae-ad21-fc0c4de5bdfe,QHQ,QHQ05,QHQ05,D03
d0485752-2ca8-4bf9-b20e-cc5af122aafd,QHQ,QHQ05,QHQ05,D06
1413c54c-72b0-4797-bc33-7663de36dbf5,QHQ,QHQ05,QHQ05,D07
406546ed-e13c-49f1-8fe6-33ca501a8aaf,QHQ,QHQ05,QHQ05,D23
932301d2-fd04-4eb9-9a79-fdd2c902de25,QHQ,QHQ05,QHQ05,D24
dd0f4de5-f2d1-49f7-8fa6-239e54a22ec7,QHQ,QHQ06,QHQ06,A00
2616754d-7a62-4400-b928-f60e39f58a01,QHQ,QHQ06,QHQ06,A01
95d9b344-8f80-4447-b0ae-a38ff18a0542,QHQ,QHQ06,QHQ06,D01
8ff6a98b-84f4-4715-ba26-910c2558d120,QHQ,QHQ06,QHQ06,D03
5a792f32-e4ac-46c7-9a3d-22d05df0077b,QHQ,QHQ06,QHQ06,D06
dcb48796-3b55-431c-bf9c-0145063e2c4d,QHQ,QHQ06,QHQ06,D96
3a555a85-1d29-4873-9b17-43634b936f90,QHQ,QHQ06,QHQ06,D97
6161cd08-3707-47f3-8884-22a5c2bb9f5f,QHQ,QHQ07,QHQ07,A00
5da80eb5-042b-4e42-8fb8-d6fb01b8f838,QHQ,QHQ07,QHQ07,A01
55ce44bf-02d8-43b5-a669-473465996afe,QHQ,QHQ07,QHQ07,D01
6f3566f5-0465-4802-9443-95fc9a9052a9,QHQ,QHQ07,QHQ07,D03
520031a4-8383-4325-a374-f96d830452ca,QHQ,QHQ07,QHQ07,D06
7125fbeb-55f1-4cec-af74-78f7e6c9cb76,QHQ,QHQ07,QHQ07,D07
336bff62-6c9b-4671-b636-c2ec61c9c887,QHQ,QHQ07,QHQ07,D23
c1e99f0b-a9e6-4a24-bd07-0a24d0935c0c,QHQ,QHQ07,QHQ07,D24
31870176-2ca2-479c-a5a1-b11728ac4c07,QHQ,QHQ08,QHQ08,A00
6e727e32-e88a-43ad-a986-591214b1a9c0,QHQ,QHQ08,QHQ08,A01
dc4e0a0b-7d4e-432b-be62-7a8c890594a5,QHQ,QHQ08,QHQ08,D01
dd1824dc-8f7d-4892-ac04-b02a66caed14,QHQ,QHQ08,QHQ08,D03
357f9193-9637-41b6-aa78-f0877b8caaa4,QHQ,QHQ08,QHQ08,D06
d2a051b7-4cda-4b99-9169-b4ea04ad22f2,QHQ,QHQ08,QHQ08,D07
94a8338b-357d-449d-8838-58e427283de2,QHQ,QHQ08,QHQ08,D23
d6d5e04c-2bec-4f03-886d-1537cc925d84,QHQ,QHQ08,QHQ08,D24
4ec3ec76-5de3-4926-a158-4b4dfdd845e1,QHQ,QHQ09,QHQ09,A00
e49e6c27-af8c-476b-8173-d716186acbac,QHQ,QHQ09,QHQ09,A01
faab85ce-56e8-43e6-aa99-910b0796fd8e,QHQ,QHQ09,QHQ09,D01
8e9e074d-3bbc-4ead-a7dd-d462ef4c411c,QHQ,QHQ09,QHQ09,D03
674907f3-b788-43bb-aac3-108d74726a69,QHQ,QHQ09,QHQ09,D06
5c19c2f7-164b-44af-8d59-341c348f906b,QHQ,QHQ09,QHQ09,D96
83ca0bed-74b8-41a6-a373-82e6a0f1e796,QHQ,QHQ09,QHQ09,D97
1c76fe47-9115-42f1-9a6d-9b77c4d81c26,QHQ,QHQ07,QHQ07,D96
38e005f1-7beb-4896-8e42-8cbf01237aff,QHQ,QHQ07,QHQ07,D97
66b728a8-d367-402f-add1-530840d2a0a5,QHQ,QHQ09,QHQ09,D78
626fa7a5-1f24-4bca-9a57-c4ec522fb8f6,QHQ,QHQ09,QHQ09,D90
194486a3-f5eb-4cd5-8418-b2b65be14a07,QHQ,QHQ10,QHQ10,A00
4f765d4f-af18-4e81-9a38-9c8e8e290471,QHQ,QHQ10,QHQ10,A01
2fec604c-1b7a-4415-8374-203e78b94c6e,QHQ,QHQ10,QHQ10,D01
3711b615-556b-4824-bad6-bcee6f185083,QHQ,QHQ10,QHQ10,D03
b7b3c230-d8a4-4b32-993f-85f61e89a335,QHQ,QHQ10,QHQ10,D06
7fe69866-45f5-47cd-87e4-c4a4c12324f2,QHQ,QHQ10,QHQ10,D07
c9616907-6efc-44bc-b07c-085ded3d4dc2,QHQ,QHQ10,QHQ10,D23
30b9041a-8e93-4131-8a3b-03adffc54d65,QHQ,QHQ10,QHQ10,D24
78b10b05-dac2-44b1-9ca2-0b4eff69bf5e,QHQ,QHQ11,QHQ11,A00
4a4ce61e-9c83-4ce1-b64f-fbfaf35d1cbd,QHQ,QHQ11,QHQ11,A01
5ae7fbcd-8e75-4cad-9dae-e70fd9f668ee,QHQ,QHQ11,QHQ11,D01
08478b77-4319-45cb-a7d8-c64a6bfcb11b,QHQ,QHQ11,QHQ11,D03
d5b32ce5-fc29-4d37-af54-17368f10f98b,QHQ,QHQ11,QHQ11,D06
d5238a74-3565-4941-9d12-c10a832e39e0,QHQ,QHQ11,QHQ11,D07
e3011428-b135-4483-a975-91f8deb046d0,QHQ,QHQ11,QHQ11,D23
bd0e9938-e80a-45ae-8b60-0379f1a6f5aa,QHQ,QHQ11,QHQ11,D24
9545ae99-d463-426b-bce4-917597203cb4,QHQ,QHQ12,QHQ12,A00
97949f68-3867-4410-9533-f4bfd832dc1a,QHQ,QHQ12,QHQ12,A01
dfed9eff-7606-49ba-932f-91e071c693c8,QHQ,QHQ12,QHQ12,D01
85daed5f-b14c-41fc-b523-eb33d1bd458e,QHQ,QHQ12,QHQ12,D03
fc3fac96-8981-4563-84a3-65b20549d553,QHQ,QHQ12,QHQ12,D06
34634e74-08cf-491e-bf3d-7d056b6bbf06,QHQ,QHQ12,QHQ12,D07
fd29a340-1711-44fa-a292-e18270fbedf3,QHQ,QHQ12,QHQ12,D23
6c0a0ddb-6285-4053-8cba-6165133eb5dd,QHQ,QHQ12,QHQ12,D24
04349d8d-b907-40bb-92de-0685f24977c5,QHQ,7220201,7220201,A01
3b755f71-e63f-4db0-ada7-64be978ffa1f,QHQ,7220201,7220201,D01
668d87c6-2721-4347-9d20-0df4395d689b,QHQ,7220201,7220201,D78
9b6c9515-c6c0-4ee2-8cdc-7fd4ec115bfa,QHQ,7220201,7220201,D90
8a9d79cd-1a94-4baa-83aa-33036ff6984e,QHQ,7340108,7340108,A00
577530a0-a7e6-4edd-b98d-c176f01025e2,QHQ,7340108,7340108,A01
76def768-69b7-42d3-b26e-03e22f81e583,QHQ,7340108,7340108,D00
49018193-0d8d-4e7d-af34-fae8370594d4,QHQ,7340108,7340108,D01
08a3b08b-e9a0-4f04-8497-b0ff3fef9560,QHQ,7340108,7340108,D03
96deb8c0-766c-4493-86be-9ef665cf5f5e,QHQ,7340108,7340108,D06
392a1744-2932-4c68-bf06-5a2039ac7a44,QHQ,7340108,7340108,D96
020d2412-2409-4cd5-82a6-b477eeeb81d5,QHQ,7340108,7340108,D97
5e1914bd-8031-4b7f-823a-e094ac702bae,QHQ,7340115,7340115,A00
ee17aace-5d4b-437d-a940-fbe5a1cc521f,QHQ,7340115,7340115,A01
de0c2cf4-fa65-49f5-a152-313a6b7576ba,QHQ,7340115,7340115,D00
cd2c2b37-1439-492c-b449-0e2c3c1be90f,QHQ,7340115,7340115,D01
f2c0ed9e-f4b7-4c41-aeeb-363c3a718b42,QHQ,7340115,7340115,D03
f3ce8bd6-2ece-4581-8dac-97d2c8c84b26,QHQ,7340115,7340115,D06
fbe022b8-0bc7-4ce9-ab1a-b1926d73743b,QHQ,7340115,7340115,D96
9ef1118e-3cba-4885-a832-85a8ff2e9ffb,QHQ,7340115,7340115,D97
62aca59e-b14a-4340-841c-18039baa780e,QHQ,7340120,7340120,A00
0a799e1c-8e99-4043-8153-baf2a01b3389,QHQ,7340120,7340120,A01
d4ebb2f0-aec4-433e-a644-eeb914a3de0e,QHQ,7340120,7340120,D00
a9fee694-ae0c-432b-9701-be521e212558,QHQ,7340120,7340120,D01
469cf7c8-5d9d-4449-b9bf-8abb169257af,QHQ,7340120,7340120,D03
ab0a706e-174f-465c-842e-6f664d9cddcc,QHQ,7340120,7340120,D06
67e6d29e-05ff-420f-964f-a0ad045efbb2,QHQ,7340120,7340120,D96
ba235270-1420-436a-8fc6-a3c7150997d6,QHQ,7340120,7340120,D97
93c8a955-b635-4eac-b1a0-bdef7464fe80,QHQ,7340125,7340125,A00
897114ed-950f-4a99-ab3d-ce7dac685c7c,QHQ,7340125,7340125,A01
0b0161d0-f00c-4a2b-8d03-995b94a10107,QHQ,7340125,7340125,D01
6fa10357-e74d-47bf-b379-735a19f7148c,QHQ,7340125,7340125,D03
38f76910-2821-4711-8077-f248f8862480,QHQ,7340125,7340125,D06
751f3112-a091-4bc7-8dd5-4a30ce834bf9,QHQ,7340125,7340125,D07
80e5950a-c286-479f-b637-a314c4ab5596,QHQ,7340125,7340125,D23
c2c653a0-3b4d-4bd1-8754-fd105d719c54,QHQ,7340125,7340125,D24
2834163b-ba64-4209-935f-084cec10d62a,QHQ,7340303,7340303,A00
0b5c63ec-2f03-4cd1-b3ce-22877a57a247,QHQ,7340303,7340303,A01
75716700-b8ea-457c-93e0-8e78f6e907d8,QHQ,7340303,7340303,D00
1616ad98-304e-4bd4-8d30-063247d61acb,QHQ,7340303,7340303,D01
aab1b7e6-74ab-430e-9f3c-d9002f637e4d,QHQ,7340303,7340303,D03
26059533-de3d-4215-b373-23fa9780d32e,QHQ,7340303,7340303,D06
7b090055-8a3e-4859-ab70-1197aedc63e5,QHQ,7340303,7340303,D96
d55a97d7-e7f7-4d2a-b608-b628d6b3d527,QHQ,7340303,7340303,D97
de824e82-5406-4d96-89e6-a0023830f2f2,QHQ,7340405,7340405,A00
5b71d4fd-7459-4cf8-b71a-977e50145c7d,QHQ,7340405,7340405,A01
3381046e-17ae-4d9d-bfda-60ebbd484356,QHQ,7340405,7340405,D00
e2f6d0ee-4c05-49ac-a67e-2c517496c621,QHQ,7340405,7340405,D01
498ea25d-1f84-46a5-9003-e2f9e312f9da,QHQ,7340405,7340405,D03
d6faa946-52c4-42f1-b7ab-e8870d57aa8c,QHQ,7340405,7340405,D06
40b93b01-508f-4321-a927-b66c4e5aa7b6,QHQ,7340405,7340405,D96
85a7d125-15ca-4c81-b520-bdf490f9435c,QHQ,7340405,7340405,D97
f59bbb8d-4c74-47ad-b1e9-dabbe5046e77,QHQ,7480111,7480111,A00
e27790ed-0d9e-4ff0-a3aa-64bde55bf005,QHQ,7480111,7480111,A01
8ce10008-7ef0-40af-b1a9-e261b0e76cb2,QHQ,7480111,7480111,D01
57234c5b-fa46-4adf-98eb-7d3a670d358f,QHQ,7480111,7480111,D03
50fb7ebd-c3c4-4558-ac15-2a5b8f6afae5,QHQ,7480111,7480111,D06
da41adc8-8128-4c94-a197-6bdb126dd993,QHQ,7480111,7480111,D07
7e77fd96-5066-4ba6-b862-3b2096cb7852,QHQ,7480111,7480111,D23
1721d462-a7cb-410c-9a4e-66725d17dbc9,QHQ,7480111,7480111,D24
76a2ab9f-8b54-4531-93f5-60875dfa88f1,QHQ,7480209,7480209,A00
e0d40382-5430-4574-a49b-44369d4d7570,QHQ,7480209,7480209,A01
38bfb257-ada0-46e9-ab31-766fdd94b135,QHQ,7480209,7480209,D01
ae026299-d9de-43e0-b6ad-15bb55cae005,QHQ,7480209,7480209,D03
89c280cd-99a9-40a6-9807-c164dfdc35c8,QHQ,7480209,7480209,D06
d6129f10-193c-4b48-946f-59ce82763b16,QHQ,7480209,7480209,D07
39342327-6f6d-42e9-8b91-907308d8da0f,QHQ,7480209,7480209,D23
1013f52f-f8cc-4bc4-a79f-88586a7d4c00,QHQ,7480209,7480209,D24
8f93cb9a-c16c-4eba-bbf6-57057162939f,QHQ,7480210,7480210,A00
0800e9e8-f225-4b4f-8b37-0f59202789ce,QHQ,7480210,7480210,A01
7cac4df4-22bc-4cb1-adfc-3cda82175cdb,QHQ,7480210,7480210,D01
6b560a63-8640-4e15-ba84-2ca0a99994be,QHQ,7480210,7480210,D03
0dbafb63-6782-4092-a33f-9b96cd3e287f,QHQ,7480210,7480210,D06
5d7b5ad1-6991-43c3-acab-6c6a5364586d,QHQ,7480210,7480210,D07
53607a42-b693-408c-8b06-c79f308c46db,QHQ,7480210,7480210,D23
5367e10e-d3e4-47f1-ab6d-86f8b8da097e,QHQ,7480210,7480210,D24
098e8eed-3d86-40f5-a0a6-73c04172625a,QHQ,7510306,7510306,A00
3f637dea-c75d-48e6-9584-f8bfbbdcfb41,QHQ,7510306,7510306,A01
822391db-a186-4b02-8a44-a5a651081c9d,QHQ,7510306,7510306,D01
b495fc71-c3d1-41a9-a4b0-5edbe108768c,QHQ,7510306,7510306,D03
f136f25e-2934-42e3-be61-ca21304d40de,QHQ,7510306,7510306,D06
2973cd97-cdcf-4bd8-9ed6-6ffb4d176899,QHQ,7510306,7510306,D07
f302406e-a913-4bda-a891-caea1bda7379,QHQ,7510306,7510306,D23
095a7faa-e672-43f2-8106-35d21f606b84,QHQ,7510306,7510306,D24
69fa33ca-5e80-4bd6-9ef5-6cec1d1063a3,QHQ,7520139,7520139,A00
71751cdb-5a81-4fb7-91ab-3c38201e74de,QHQ,7520139,7520139,A01
8f3c7b1e-3062-483f-9d9d-a38f0ec2bf0a,QHQ,7520139,7520139,D01
f50d9985-5b00-4d1e-aa56-6a9b3947d46c,QHQ,7520139,7520139,D03
de772a37-4e02-4c0e-99ba-004995fc7264,QHQ,7520139,7520139,D06
124feff3-d0c2-4837-b5e8-bc72ab0051c4,QHQ,7520139,7520139,D07
c87da073-0d7a-4d44-a267-f69f868f9ade,QHQ,7520139,7520139,D23
f3b6481a-737e-4d13-a0a7-c7e1942b11f6,QHQ,7520139,7520139,D24
361fd6e7-f5fc-40d5-93e8-7bc9491f19c4,QHQ,QHQ01,QHQ01,C01
1095342b-77da-41e7-aaf8-a8b7d80932ab,QHQ,QHQ01,QHQ01,C02
b28d10b5-dee4-4003-ae88-4af8d00bb5a5,QHQ,QHQ01,QHQ01,D07
e208e87f-b337-4d82-882d-517097a814ed,QHQ,QHQ01,QHQ01,X02
a08c50de-e207-40b9-988c-127fd977baf2,QHQ,QHQ01,QHQ01,X26
9dcc3805-4070-4313-90f6-482e44b4ba1f,QHQ,QHQ02,QHQ02,C01
34e147ea-58aa-4cef-8d43-0a81c4980d67,QHQ,QHQ02,QHQ02,C02
32d031c5-debd-48a8-9ad1-6fb071bd156f,QHQ,QHQ02,QHQ02,D07
347f387b-79ea-46d7-8d5c-c639c07b7b2e,QHQ,QHQ02,QHQ02,X02
dc63ee54-4100-4fcd-8dff-dc11139e5bd9,QHQ,QHQ02,QHQ02,X26
78f9ac73-4b16-4229-9d63-9f8adf7278be,QHQ,QHQ03,QHQ03,A02
db7fb127-4e5b-4076-8b3f-be693fc53566,QHQ,QHQ03,QHQ03,C01
8f568205-b4d9-4099-b3a7-87bca7c9aa68,QHQ,QHQ03,QHQ03,C02
1ff52f08-424d-406a-8a34-cca7457125f2,QHQ,QHQ03,QHQ03,D07
48cb6053-4a8f-4730-8abd-2f36b0738997,QHQ,QHQ03,QHQ03,X02
bab94583-8df6-4218-989b-b89943a308d7,QHQ,QHQ03,QHQ03,X26
557e0410-820e-4288-a78a-eb8ddaf1fa79,QHQ,QHQ04,QHQ04,A02
6bf43c86-4d7a-426a-98a9-9b0b642ab3df,QHQ,QHQ04,QHQ04,C01
e544d59b-657f-44a3-b288-ed968706f9e0,QHQ,QHQ04,QHQ04,C02
c041c8b6-c6a3-464a-a8ad-f594e54c4c23,QHQ,QHQ04,QHQ04,X02
eb835193-9fdf-4d3d-a49c-7a0c49845a3d,QHQ,QHQ04,QHQ04,X06
0090f45d-713c-4182-9805-176ccb282b91,QHQ,QHQ04,QHQ04,X26
6a4c09a1-7c50-48d3-b702-9c04a89a8b4c,QHQ,QHQ05,QHQ05,A02
33b124fe-04dc-423b-a10a-ba2ef2db0018,QHQ,QHQ05,QHQ05,C01
3a806722-fea5-458a-8735-3d72d0482abd,QHQ,QHQ05,QHQ05,C02
c98aad21-889c-4a52-a4c0-40cbf431efe8,QHQ,QHQ05,QHQ05,X02
ce5c7189-abc8-45bb-b0fd-8927780e4b10,QHQ,QHQ05,QHQ05,X26
6b871e45-085a-4878-8e02-0f27a9e310e3,QHQ,QHQ06,QHQ06,C01
2dbde5df-03e1-45c5-9554-49223316711a,QHQ,QHQ06,QHQ06,C02
70e29cf8-ee85-414b-ac97-88f0d1ccfe16,QHQ,QHQ06,QHQ06,D07
076c92e4-ac4e-4596-a6eb-103520daabf8,QHQ,QHQ06,QHQ06,D09
0789b4b0-e51c-49ef-be23-47e0c0a57d4d,QHQ,QHQ06,QHQ06,X02
a906571a-ed75-4c3d-9bf1-38ea45f3a6cd,QHQ,QHQ06,QHQ06,X26
ccc6a552-99b7-4429-a10d-4875fe58d353,QHQ,QHQ07,QHQ07,C01
c7d19f06-d170-4a54-978e-31a80bd443bf,QHQ,QHQ07,QHQ07,C02
13637cf4-33c6-44f5-836a-aa2795a32abf,QHQ,QHQ07,QHQ07,D09
9b60a93d-3cd7-4b93-98f5-cf083eb822af,QHQ,QHQ07,QHQ07,X02
eea50a04-bfc2-4e3e-af0a-eae3fe42e410,QHQ,QHQ07,QHQ07,X26
4ee31366-30a0-4984-8404-4fa502681d0b,QHQ,QHQ08,QHQ08,A02
4d0992fb-dc1a-4e06-9fcf-330c34315c1a,QHQ,QHQ08,QHQ08,C01
b7e70293-8f81-4c00-a87e-e3cf9e57e837,QHQ,QHQ08,QHQ08,C02
eebfdbef-8661-4dcf-b37a-148d51f64984,QHQ,QHQ08,QHQ08,X02
4df5fcdd-ef9b-49a8-8447-bcc06fbb2a8a,QHQ,QHQ08,QHQ08,X06
6a4a8689-6872-49bd-81d8-71d3fffb2be4,QHQ,QHQ08,QHQ08,X26
36b31293-3c64-4d11-939b-788251fa0780,QHQ,QHQ09,QHQ09,D07
ad86c8d1-e4f1-47bd-b5c0-817e030dbb92,QHQ,QHQ09,QHQ09,D08
46b012e0-d8e2-4ce0-8abb-ada7e314ff8f,QHQ,QHQ09,QHQ09,D09
636e8406-cb5c-4950-8db1-bd0b092f4eb0,QHQ,QHQ09,QHQ09,D10
a1872d5b-e076-4576-a814-d18fab11f6a5,QHQ,QHQ09,QHQ09,X26
f116b08d-1a0d-4f3a-ae90-f55433faf765,QHQ,QHQ10,QHQ10,A02
fe458011-b821-4fe7-90ac-54124be8a2fa,QHQ,QHQ10,QHQ10,C01
7e83a023-23db-4519-ab92-b12ec77b44e4,QHQ,QHQ10,QHQ10,C02
c7e25393-e21c-44f5-864e-8cebb538133a,QHQ,QHQ10,QHQ10,X02
de9050fc-4b39-4326-a338-7625dcb971c8,QHQ,QHQ10,QHQ10,X06
bc8515aa-9a4e-43b3-9e88-6c97854e4c73,QHQ,QHQ10,QHQ10,X26
170e6ebe-1350-48d7-8796-08d368fb716b,QHQ,QHQ11,QHQ11,A02
3e659d58-6268-46e3-8e6f-bd2d37a12d6a,QHQ,QHQ11,QHQ11,C01
f1e07e4f-c822-4f9d-ac42-e4af7675fda6,QHQ,QHQ11,QHQ11,C02
e784e8b0-0980-4066-8554-cea255525a70,QHQ,QHQ11,QHQ11,X02
24287b84-4886-46d1-a9ce-5c3b6bda276a,QHQ,QHQ11,QHQ11,X26
e7e04d2a-a4ff-48f2-830c-24b34257bbe8,QHQ,QHQ12,QHQ12,A02
78a9878d-5f3d-42f4-ba12-e5f89c3a3365,QHQ,QHQ12,QHQ12,C01
fe114ecd-95cc-4c5a-a19e-1613c4060162,QHQ,QHQ12,QHQ12,C02
9f1a269c-14b3-4174-aea5-7669e4b4ed62,QHQ,QHQ12,QHQ12,X02
912fb3af-a160-42de-ac58-6f83323699ab,QHQ,QHQ12,QHQ12,X06
76abb5b6-b886-4e6a-8ded-05f73527ecbb,QHQ,QHQ12,QHQ12,X26
112f7e6e-99b1-424e-9e1e-247875044abf,QHQ,QHQ13,QHQ13,A00
b1a3e0db-1dc8-496b-9118-11f7382f4f9f,QHQ,QHQ13,QHQ13,A01
d86c38b2-e3f6-4531-8aee-53b89c3115cc,QHQ,QHQ13,QHQ13,C01
b6f811df-ff17-4870-a4f8-e9ba13c5426b,QHQ,QHQ13,QHQ13,C02
988a420a-e6fa-4e58-b362-cbaeae5d6ae5,QHQ,QHQ13,QHQ13,D01
5860d3fd-f04d-476c-b21b-08cff56eed14,QHQ,QHQ13,QHQ13,D03
c78c3556-d877-448c-8bbe-4514cddeb2ff,QHQ,QHQ13,QHQ13,D07
c44946d4-a6ef-4b0f-9dae-c7df7392641c,QHQ,QHQ13,QHQ13,D29
e0c499ba-e782-4d67-9ef0-a05540711620,QHQ,QHQ13,QHQ13,X02
8bbc503d-959e-44f9-af41-cef4b7ca1ec5,QHQ,QHQ13,QHQ13,X26
3b563d26-3f2a-4741-9bff-36948ea35998,QHQ,QHQ14,QHQ14,A00
20e865c0-7347-4c20-aa72-b5bb64fffd02,QHQ,QHQ14,QHQ14,A01
4de9cacc-9904-439b-af6c-2bcf0a50a7aa,QHQ,QHQ14,QHQ14,C01
86d4d847-b8e9-4499-9f39-50791ccd196f,QHQ,QHQ14,QHQ14,C02
9491c99b-ef67-480b-bfcb-641c9689bb0e,QHQ,QHQ14,QHQ14,D01
4f03f2ae-d581-4ae7-87df-59292a443268,QHQ,QHQ14,QHQ14,D03
1091d338-3457-4970-9746-687d5452c91f,QHQ,QHQ14,QHQ14,D07
d44439e6-8241-4c54-baf3-cdd320da9065,QHQ,QHQ14,QHQ14,D29
01959f0c-f082-45ae-a626-aaf9f7a7f9fa,QHQ,QHQ14,QHQ14,X02
a3967ebc-ea79-4597-a011-419b362412f8,QHQ,QHQ14,QHQ14,X26
4b271fac-88f6-41d7-b782-5e5e4bb8b487,QHF,7140231,7140231,D01
930b2bb2-8a47-468b-a5f4-37f12f9d2167,QHF,7140231,7140231,D78
92ebeaee-07a2-4d8c-a750-5fbe14f09278,QHF,7140231,7140231,D90
97f284c1-a820-458f-a323-9307a555b13b,QHF,7140234,7140234,D01
8b6cbea0-0f89-49d9-95fa-d1ae30568dad,QHF,7140234,7140234,D04
89b8ed80-e221-4245-89f4-1299e73ea151,QHF,7140234,7140234,D78
f1429057-e98d-4876-95af-d3a28dcea2fc,QHF,7140234,7140234,D90
1d56d8ad-3f18-4884-ab79-e76fc9f1a9e1,QHF,7140236,7140236,D01
f3b3e6f2-f3bd-4fd6-9732-894459c74b41,QHF,7140236,7140236,D06
3b374282-5044-48d0-a88d-eca825eee1da,QHF,7140236,7140236,D78
03ef808f-33b4-4758-b4e5-3161085567e7,QHF,7140236,7140236,D90
f89cea0a-aabb-4045-8836-6b93ed4db6ca,QHF,7140237,7140237,D01
a62b2901-80ab-42a3-b399-d98a3eed408f,QHF,7140237,7140237,D78
155ef13f-b8af-41fb-b6ae-b6c7efccce46,QHF,7140237,7140237,D90
c818d489-769d-4278-8bb9-e3172f75fe27,QHF,7220201,7220201,D01
c7367078-f6a8-4b4e-9b3a-e0d9c4be4374,QHF,7220201,7220201,D78
143a6073-a6cd-4552-9161-ec45f6b55223,QHF,7220201,7220201,D90
3e761503-0a82-4ab0-95eb-e2586de0db93,QHF,7220202,7220202,D01
bb2b0460-878e-4a8f-ba6c-6749672c8ed1,QHF,7220202,7220202,D02
3ba5ae50-16fb-4e67-8daf-d07c328d2d51,QHF,7220202,7220202,D78
ecca7c56-05d0-4de5-9fe6-e4260f42b52c,QHF,7220202,7220202,D90
c36dc108-8cb7-4900-be98-5005d2b836d9,QHF,7220203,7220203,D01
1dc4252e-91c8-455b-b455-a0c4b8be9b09,QHF,7220203,7220203,D03
382f305d-e985-42e1-8690-49403dccab0a,QHF,7220203,7220203,D78
78bea24d-8d40-4f88-8e23-814986075626,QHF,7220203,7220203,D90
0b660f78-10b6-409b-a004-dc9ab105dd9e,QHF,7220204,7220204,D01
6272ee6c-e374-4810-9472-c52cbe6b44b8,QHF,7220204,7220204,D04
407b0fe2-a670-46cf-b5db-48b7f7390640,QHF,7220204,7220204,D78
efb94fff-b612-44b1-90df-99863a117981,QHF,7220204,7220204,D90
eb0389a2-8672-43bb-97f0-746152269d35,QHF,7220205,7220205,D01
15c16257-e672-42c7-97aa-df9b8c96afd1,QHF,7220205,7220205,D05
daf1da1d-b74e-4686-86e0-da52b370a05d,QHF,7220205,7220205,D78
ef829911-40e6-4f31-837a-e7adeb38d0b6,QHF,7220205,7220205,D90
f2ccb47f-7240-424e-b8a9-c9c278e83d50,QHF,7220209,7220209,D01
ca8e7f0d-048b-4da2-bab5-3689390b1457,QHF,7220209,7220209,D06
2a783de8-33d7-4777-8aba-2c972424419b,QHF,7220209,7220209,D78
7d6606c9-025a-42e3-91fc-7ffa04d72a86,QHF,7220209,7220209,D90
093523f8-57eb-4e88-90bb-b7050ea573bc,QHF,7220210,7220210,D01
92c355f7-606a-49c8-b31f-0333bef7d598,QHF,7220210,7220210,D78
54675fa5-09ae-450e-94ec-540d5dafad6f,QHF,7220210,7220210,D90
41e6c73e-59f1-4d48-be46-0a197eb5c9bd,QHF,7220211,7220211,D01
6c51880a-ad33-4c87-a4c2-755782dbd6ae,QHF,7220211,7220211,D78
51166c56-1c58-40d7-8caa-83f46aedc649,QHF,7220211,7220211,D90
e3085745-e5e6-4bba-bd57-42e900889399,QHF,7903124QT,7903124QT,A01
3c9e86fd-2710-4f3e-a40c-b8cdf421e679,QHF,7903124QT,7903124QT,D01
2c3076e3-3c8d-43cb-8cd6-1e15e1efdb32,QHF,7903124QT,7903124QT,D78
66c2b032-d80b-4921-a413-438c72cba9c4,QHF,7903124QT,7903124QT,D90
62eab46d-6146-4185-8574-f23bb52e071c,QHF,7140235,7140235,D01
27787df2-cb1d-47fa-a14a-db5b766407ba,QHF,7140235,7140235,D05
5d6b0af1-368e-4a3d-a99e-71bbd98547a9,QHF,7140235,7140235,D78
41fde84d-010b-4dfe-9a43-3f60d3e39079,QHF,7140235,7140235,D90
fce1608a-36e3-40a9-b8c0-669371b9e5ea,QHF,7220212QTD,7220212QTD,D01
dcc8e38b-ceb1-4826-bb91-881a8f13984e,QHF,7220212QTD,7220212QTD,D78
82c2bb53-ccd2-4d7e-8b3f-f50387dd5128,QHF,7220212QTD,7220212QTD,D90
b2c9bc78-a9ed-41dc-9e3a-dd1668b50b5e,QHF,7903124,7903124,A01
d2ff1287-d9fe-4982-91ab-9d3f6a5b6a4d,QHF,7903124,7903124,D01
e47c1e6d-a0ab-4928-9764-0840f9d1e80d,QHF,7903124,7903124,D78
8be34e3f-3b9a-47c7-b085-7eb47eaa2ac9,QHF,7903124,7903124,D90
0d0a6339-15f1-4696-8516-95ee5e58447c,QHF,7140231,7140231,D14
dc7f5394-f50c-4060-b6f7-65c6df124a26,QHF,7220201,7220201,D14
fc83ffd4-6093-4eed-8214-b2f87b2c7f82,QHF,7220211,7220211,D14
7669904a-2ea4-42d2-b798-f11f78f449c8,QHF,7220212QTD,7220212QTD,D14
a7d16da2-0f5f-4ad6-bf72-7a9921844a89,QHF,7903124,7903124,D14
d095e84c-0ef6-40b6-aa7a-803df9f3f42d,QHF,7140231,7140231,A01
377758cc-0c56-453f-bc3a-b4ad6d3f99ea,QHF,7140231,7140231,D07
246e0f3f-59c4-452c-b10e-364063e86e1a,QHF,7140231,7140231,D08
12c9cea3-a3dc-4a34-81a6-c32d5e7f3755,QHF,7140231,7140231,D15
60a2762d-2bb5-4c13-9779-5f4d50cb86df,QHF,7140234,7140234,A01
a54fc6de-31ed-4794-8b06-00475f75c78a,QHF,7140234,7140234,D07
ec5d1aa9-991e-4906-a676-6cb2d1df0696,QHF,7140234,7140234,D08
274fee3b-830f-40c0-95d6-18d3d5e44cf3,QHF,7140234,7140234,D14
7bfe5b99-f500-44a8-910a-c766a80dbf07,QHF,7140234,7140234,D15
3c785f99-141e-47ec-86dd-3617bcc76baa,QHF,7140234,7140234,D25
8611b962-4e2f-4aa2-99a1-c78222e731cb,QHF,7140234,7140234,D30
41ce3723-fdfd-48c7-80f1-167262dbf99d,QHF,7140234,7140234,D35
d813e0f4-1fa8-41fd-8c6c-5305b76c708e,QHF,7140234,7140234,D45
974694f6-f4cf-487e-aaf2-c45112b1a5be,QHF,7140234,7140234,D65
966878db-6cd5-42d2-9da7-9f1fc147c041,QHF,7140236,7140236,A01
56e5b2cf-88cc-4f01-98ae-c67d58d7441b,QHF,7140236,7140236,D07
345ab07a-a746-4143-82af-1f4d1adb6982,QHF,7140236,7140236,D08
676c7a2d-4841-46ec-a329-1cfc3c8bb281,QHF,7140236,7140236,D14
485426e9-c2bc-4cc8-9e3b-95968e5e5cc4,QHF,7140236,7140236,D15
fcbfd5fd-e301-42d1-b060-79769675c8bc,QHF,7140236,7140236,D23
29dbebb3-1e48-4374-9ae3-6803ef0b1a14,QHF,7140236,7140236,D28
d475284a-c407-461e-a093-c66938b8abb6,QHF,7140236,7140236,D33
d34fbf8f-0f70-4d8a-a2e0-017d1dca06a0,QHF,7140236,7140236,D43
6f447c58-3e8d-42b6-bd3f-81fe36bc089b,QHF,7140236,7140236,D63
bbd928d4-d12a-4175-bc58-81c4768015b5,QHF,7140237,7140237,A01
9003519f-fd15-4b43-98df-4141f0be178c,QHF,7140237,7140237,D07
95595722-0896-48fa-b15e-b054df9925d9,QHF,7140237,7140237,D08
274c9433-d808-4a66-9b1a-267657476b63,QHF,7140237,7140237,D14
d7913154-db67-4dbb-a253-69e5f6fe76db,QHF,7140237,7140237,D15
c7cc9839-92a3-45b2-80ad-efd29e5579b7,QHF,7220101,7220101,A01
c814629e-a077-46a9-8cfa-17de3c0ecbac,QHF,7220101,7220101,D01
326d826d-5213-40f7-b110-e3ed3ee84000,QHF,7220101,7220101,D07
bfc278fb-986f-41a1-ab2f-22c8abe81d4c,QHF,7220101,7220101,D08
dd0ac3b7-4db9-47d9-9416-4e432dc52405,QHF,7220101,7220101,D14
2cd45933-dbbb-4907-b3dc-17a293207775,QHF,7220101,7220101,D15
f24181db-7c8f-4033-b944-f5d9efcbcab5,QHF,7220201,7220201,A01
325b330f-b503-4976-bad4-7cb352d9a8ea,QHF,7220201,7220201,D07
9becb0f1-f20d-40e5-92ab-79062c18aee2,QHF,7220201,7220201,D08
05f03208-f932-4039-9be8-52ebd908e836,QHF,7220201,7220201,D15
dab7e178-e9ea-4ce4-9ad8-dad5ef60e550,QHF,7220202,7220202,A01
774c967a-b4c8-4fc1-a4e2-d038b80979d4,QHF,7220202,7220202,D07
0ff78e27-5118-4223-a4cb-f1aa4cae1006,QHF,7220202,7220202,D08
79706ef7-4fc2-417d-b8bc-13a157946502,QHF,7220202,7220202,D14
e51b5391-a079-4d46-ae26-ebe27b00ac2b,QHF,7220202,7220202,D15
19d2bf77-477f-4d18-9937-e20ea849d02c,QHF,7220202,7220202,D22
7327a708-f7fa-4914-8291-87f737af5125,QHF,7220202,7220202,D27
69a2e7a4-d88e-46e7-bc61-ec9e5b3480c8,QHF,7220202,7220202,D32
9ee3096b-d8c8-4f04-9ec6-b0cf3a538725,QHF,7220202,7220202,D42
1b3c717c-527a-4e17-85ef-85b44c4cb754,QHF,7220202,7220202,D62
1b9114c5-aea4-4d73-b648-55772a76edd5,QHF,7220203,7220203,A01
b8b35e54-f9fc-4db1-bb08-cf21a3def187,QHF,7220203,7220203,D07
f21c10e3-e635-48c1-a137-74e4de726b9c,QHF,7220203,7220203,D08
63c608f0-09f4-40e5-9e5d-212f9dfb91ab,QHF,7220203,7220203,D14
acbba147-eb89-47c9-9eac-4ed8030ab7b7,QHF,7220203,7220203,D15
c1ebcf62-ac7d-427d-8ad7-cbadea2d6969,QHF,7220203,7220203,D24
235bd1e5-11cb-400a-9c09-a05e44185c17,QHF,7220203,7220203,D29
6db7ed56-98b6-40ec-aac2-051ce6c9faec,QHF,7220203,7220203,D34
4a6f6bb8-4194-4823-ae9e-53164b537b06,QHF,7220203,7220203,D44
8228a79e-6f55-480f-8f7e-dffbb42bb857,QHF,7220203,7220203,D64
0b5c7ae0-5470-42c2-b2d6-c015243e6526,QHF,7220204,7220204,A01
580c2f25-aa76-486d-a8d5-ee8f4a4ca796,QHF,7220204,7220204,D07
f14a9654-c68a-4c1b-bb6d-ab3b2bcbbd4d,QHF,7220204,7220204,D08
cf586d97-7df5-43fb-a9da-517a0ca8ece5,QHF,7220204,7220204,D14
5fa9a1c9-97a9-48f3-933e-8462dbc68394,QHF,7220204,7220204,D15
181b8474-df29-4561-bb32-4ec7d2211877,QHF,7220204,7220204,D25
f72b966f-b68a-45d3-be04-5d9652ae4e9d,QHF,7220204,7220204,D30
284b74c9-0262-4eff-8cdd-13f940a758c2,QHF,7220204,7220204,D35
42849acb-b868-4b8b-bc87-7dc7f3afb52c,QHF,7220204,7220204,D45
b6730a38-ed95-45ee-a0ff-e8a36aa34535,QHF,7220204,7220204,D65
39395904-6ad4-4a77-8a2c-272ec97f5930,QHF,7220205,7220205,A01
600e4b4e-41ed-4557-bac7-08354b3f005f,QHF,7220205,7220205,D07
98556b7c-5ba2-43bf-8c45-ee58ed7b9d64,QHF,7220205,7220205,D08
a77a0255-6327-42c8-8428-2ec75d8bb58b,QHF,7220205,7220205,D14
fa0aceab-0c79-48d4-ba02-38b2041581f7,QHF,7220205,7220205,D15
f00ba0b3-7ba9-4cfd-838e-a70711b90e9b,QHF,7220205,7220205,D21
5594ec48-7eb0-4469-9344-d56778710bcb,QHF,7220205,7220205,D26
ab71913e-4117-46b1-9cb5-65fdc372e014,QHF,7220205,7220205,D31
40b4ff1d-4156-4c4e-97bc-ac401bf8e697,QHF,7220205,7220205,D41
fcb7205f-0d6b-4c5a-b560-345f0ae025ff,QHF,7220205,7220205,D61
23244ea5-0077-47c7-95d6-bd870a7d4996,QHF,7220209,7220209,A01
128adcf4-e645-42ec-af25-68c1e13b7e6c,QHF,7220209,7220209,D07
019a43d9-a763-4560-b3f5-2590485a8fe2,QHF,7220209,7220209,D08
7f45e20e-2c27-4b67-a9c7-403d832eb79e,QHF,7220209,7220209,D14
dc2d5f31-5da3-4339-9ff5-4e32ece946af,QHF,7220209,7220209,D15
30b82359-d508-4960-b26b-c0497f53ee43,QHF,7220209,7220209,D23
14af44d8-35f0-4ebb-862b-e27545dadeff,QHF,7220209,7220209,D28
33f9e368-0daa-4ef9-a8c7-1665219cf9d4,QHF,7220209,7220209,D33
aa5ae3b6-3c33-447f-8d9f-916ce477b725,QHF,7220209,7220209,D43
27c91b6c-be21-45b5-87fd-070f91332946,QHF,7220209,7220209,D63
63b4ea53-37ac-49ef-b8da-6db80147d178,QHF,7220210,7220210,A01
c7d6bfbe-b8c7-4388-a775-6250b06b23f5,QHF,7220210,7220210,D07
9017171a-3566-4a39-a4a9-4d0309b6515f,QHF,7220210,7220210,D08
ff996f5f-3d7a-477e-8136-9a60a6542d0f,QHF,7220210,7220210,D14
148981bd-9ff9-489e-bce6-4b4a8a718d4f,QHF,7220210,7220210,D15
7fa097c5-d34e-4ec0-9964-b95e38835b8e,QHF,7220211,7220211,A01
c10c6ef8-b86e-4607-a1d3-bc899032d657,QHF,7220211,7220211,D07
ee0f23cf-5ea7-4831-8aad-87c427aea4df,QHF,7220211,7220211,D08
86142cb9-5b51-43c3-881d-d258b75640bd,QHF,7220211,7220211,D15
568ba78e-b32e-4535-8097-c9ddee6808b3,QHF,7220212QTD,7220212QTD,A01
7fedd2bd-cae6-4bb9-b088-9f7885c0c93d,QHF,7220212QTD,7220212QTD,D07
bb4769ec-afbd-4f2f-ba41-d994d24fd30f,QHF,7220212QTD,7220212QTD,D08
34a0b117-6863-4f57-8f44-0e8daa422303,QHF,7220212QTD,7220212QTD,D15
1600a22f-d9d3-49a1-9d44-0ba13bf55aa2,QHF,7903124,7903124,D07
ffb7d230-610b-4f59-8c91-4d5119beca99,QHF,7903124,7903124,D08
d7870f43-b3e9-4c99-b174-3cc3e8a68929,QHF,7903124,7903124,D15
b85d6be1-2000-49b6-a8c4-1cdb05de1557,QHY,7720101,7720101,B00
a534e40c-d088-4fc0-891c-ea07265a2e1f,QHY,7720201,7720201,A00
ef0ccb85-ca0e-4226-be6f-346fa8433414,QHY,7720301,7720301,B00
9162eee6-1159-45ce-b1d7-c70ca59f2ec8,QHY,7720501,7720501,B00
f646a42c-0182-4381-a237-fabdcc1441a4,QHY,7720601,7720601,B00
ea51ba6f-aa8f-4f5a-ace9-3d599980ed67,QHY,7720602,7720602,B00
0747a442-34c1-4c08-9db3-fb3e7624f329,QHY,7720101,7720101,D08
2c0f568d-682d-421a-8865-3dfc12393c7b,QHY,7720201,7720201,D07
67293c07-7491-4c4e-b300-a2ac39ef27fb,QHY,7720301,7720301,D08
fc4ad333-5bf6-42d9-b153-9f010094739d,QHY,7720501,7720501,D08
45dccef6-6807-438f-aac0-949f9e1b39d8,QHY,7720601,7720601,D08
01af5e1b-709d-43f3-9d7f-615d24000c19,QHY,7720602,7720602,D08
112972f1-9624-478a-a649-53f9da73a1b8,QHY,7720101,7720101,Q00
8fbf7929-0372-4b2f-9ca8-34b9165a22d7,QHY,7720201,7720201,Q00
b5286a03-cc00-4d26-9ff4-86c35915c2c3,QHY,7720301,7720301,Q00
d492ca9a-43a2-40fc-8b35-404211e486cc,QHY,7720501,7720501,Q00
31882842-0e22-4d63-aa8a-4e3ac0f29df1,QHY,7720601,7720601,Q00
efa13752-f99f-4dfa-99ea-656cd33e71f8,QHY,7720602,7720602,Q00
729e789e-e5ae-46e1-ba8b-46169067b14c,BKA,BF-E12,BF-E12,A00
ae7045e0-dae5-435f-9595-298a5bafdff5,BKA,BF-E12,BF-E12,B00
8761d65d-b60e-4dcc-bb2a-34142d63c025,BKA,BF1,BF1,A00
42e409c9-c9bc-4b24-b44f-67769f74c40d,BKA,BF1,BF1,B00
aaec7211-c6b5-4580-be3e-e3e65d322933,BKA,BF2,BF2,A00
4dab68a5-838e-43d0-94a3-e402b56a4c49,BKA,BF2,BF2,B00
c54a8598-b9bf-4bb5-8af9-1d2b41ea69e7,BKA,CH-E11,CH-E11,A00
083d9329-086f-4c2c-b929-1a9d5b25abae,BKA,CH-E11,CH-E11,B00
869351ea-247e-4b3c-9e1f-2affbf317833,BKA,CH-E11,CH-E11,D07
25e1bffd-f889-4bf9-8fa3-5d5f5517baa0,BKA,CH1,CH1,A00
43d75643-9a56-4f48-8e1c-c772383fdbf3,BKA,CH1,CH1,B00
b443eb51-df82-4586-b78b-e08d05bb8eba,BKA,CH1,CH1,D07
dba6c5e8-573a-450c-a0b3-815867285e59,BKA,CH2,CH2,A00
5c13e586-5255-4afd-a50f-1d845c30fd96,BKA,CH2,CH2,B00
23bec0ed-9430-46c2-9237-23287cd61b9f,BKA,CH2,CH2,D07
95a98bfa-67aa-4e73-a22a-75704fe5c5f0,BKA,CH3,CH3,A00
0388d763-60a8-4f22-98c5-69bddd6ad4bd,BKA,CH3,CH3,B00
6a8cbd6c-41ec-4143-947d-e5275b945bab,BKA,CH3,CH3,D07
3e916448-23ac-4bc4-a682-337a5ee958db,BKA,ED2,ED2,A00
0ee4bbf6-15d7-4f29-8ed8-61eed89c3a95,BKA,ED2,ED2,A01
f76a50ff-7a43-4d6e-bbf4-a921346f4608,BKA,ED2,ED2,D01
8df34c0f-c389-432e-bc4d-2d7d76060bf0,BKA,EE-E18,EE-E18,A00
2dd9d50b-68d9-4f90-ba2c-95abe218c833,BKA,EE-E18,EE-E18,A01
df01008e-dac1-40b9-8165-5d4e49a5421a,BKA,EE-E8,EE-E8,A00
bb6ae2a4-e921-49bd-a3fc-dd95f23794e3,BKA,EE-E8,EE-E8,A01
c022b96b-02aa-4602-88cc-fbc93167032f,BKA,EE-EP,EE-EP,A00
3b8deb71-5e20-4d48-8012-f204fdc8ca3a,BKA,EE-EP,EE-EP,A01
4cf0f5f4-c372-42c6-b1aa-3bc7a6cb83b6,BKA,EE-EP,EE-EP,D29
38125c56-e65d-4794-97e8-0dafdad48ec3,BKA,EE1,EE1,A00
05ce4d0a-a222-476c-bfe5-613528006d43,BKA,EE1,EE1,A01
d7b77576-3765-43e5-b4e6-d6f360b78d58,BKA,EE2,EE2,A00
936ec941-5b62-4545-ba32-43b74471722c,BKA,EE2,EE2,A01
e14e7e76-2e67-4244-bf3a-3735b8bd5a7a,BKA,EM-E13,EM-E13,A01
a06f6399-1bcd-47e4-9141-013609c9aab7,BKA,EM-E13,EM-E13,D01
e867350e-7095-4e1b-968e-7dd6104a5292,BKA,EM-E13,EM-E13,D07
af8e5c72-5aee-44bf-8e3b-058385bb044e,BKA,EM-E14,EM-E14,A01
2af94718-2e36-47ce-a8e4-89f8e0bd1236,BKA,EM-E14,EM-E14,D01
99e4f77e-2dff-4e04-9a79-c352f99b7328,BKA,EM-E14,EM-E14,D07
f625b17d-9495-4053-a15a-ed70daf1cf4e,BKA,EM1,EM1,A00
d743370c-1c9e-47ce-87b8-33646d8a383e,BKA,EM1,EM1,A01
67d4e43b-e2c0-4a37-84bf-74f9d6f42e26,BKA,EM1,EM1,D01
01fddb6c-af8a-4da8-b3d0-e15e8a7268ad,BKA,EM2,EM2,A00
7b8afebe-d838-46ff-aa63-a63690363eb4,BKA,EM2,EM2,A01
41494805-7a76-485d-bc02-c0e1269f411e,BKA,EM2,EM2,D01
7cb6083e-4fe3-4e08-821c-0703fe61dbbd,BKA,EM3,EM3,A00
c10378cc-7c3a-434c-b3a7-17c1cdcb5fb2,BKA,EM3,EM3,A01
80744bea-1f79-4e09-a00d-5abfb468fbd3,BKA,EM3,EM3,D01
07509874-cbe3-4c05-b864-d142d0375728,BKA,EM4,EM4,A00
f4e89533-3eef-424a-ba75-f9b9a6efed72,BKA,EM4,EM4,A01
68b2e177-8566-4417-91ac-5c786524d147,BKA,EM4,EM4,D01
e4a0f65e-83ee-4378-8267-e3e1f74cc10d,BKA,EM5,EM5,A00
9787e29b-134b-4b7f-b34d-1fb0a798a821,BKA,EM5,EM5,A01
34848128-a9e3-4e16-869d-4e7af23384f1,BKA,EM5,EM5,D01
784f75b0-3b5e-4d3a-8075-a4b21ac45c45,BKA,ET-E16,ET-E16,A00
20164861-7d30-4232-b63c-8b098c4bd917,BKA,ET-E16,ET-E16,A01
17d80688-bada-4ba0-95be-43f9a375daa2,BKA,ET-E4,ET-E4,A00
fb3eba2d-fa1d-41fc-a648-d600d6ecd215,BKA,ET-E4,ET-E4,A01
4169b55a-3ef3-4dd5-a85b-50428325cbff,BKA,ET-E5,ET-E5,A00
e98eb9de-3d5c-4698-a47e-d9452593b0bd,BKA,ET-E5,ET-E5,A01
fcd68b07-de49-44e6-aacf-c57675c5978e,BKA,ET-E9,ET-E9,A00
b3f55363-cd40-40fb-a1a5-2501f81aec47,BKA,ET-E9,ET-E9,A01
22d80c38-481f-4be1-ae60-29990b1863d7,BKA,ET-E9,ET-E9,D28
60c28325-85fb-45c1-8365-535f07305f09,BKA,ET-LUH,ET-LUH,A00
6b665042-cb16-4567-af70-f2f2c681d31a,BKA,ET-LUH,ET-LUH,A01
b46b90bd-703c-43cb-bfd3-69de07e85cf5,BKA,ET-LUH,ET-LUH,D26
91d908de-0efe-41f5-b9ed-8b151b8eeaab,BKA,ET1,ET1,A00
f6699eb9-c21e-4dfd-9f8c-0f26a6812d7c,BKA,ET1,ET1,A01
66ff638a-5733-4f5b-8d69-ee42db3c5baa,BKA,EV1,EV1,A00
ff990b6f-8d15-46ff-8bf1-6d8df4d8465c,BKA,EV1,EV1,B00
8f829343-17a0-45ed-b194-22304f857700,BKA,EV1,EV1,D07
02bdd66c-68e4-45e2-8b8b-e45acfb01fc4,BKA,EV2,EV2,A00
341e933d-76e4-4a44-80f9-11d1e16cfa22,BKA,EV2,EV2,B00
3243ac02-d086-4503-8565-25d99acc2e52,BKA,EV2,EV2,D07
32697341-d4a9-41b0-9e4d-5d798b5e6436,BKA,FL1,FL1,D01
5590d3d1-f220-4890-989c-9c976fd27a40,BKA,FL2,FL2,D01
40c9bb7b-be91-4213-857a-743236ebf29b,BKA,HE1,HE1,A00
475bffde-059a-4a65-83c5-d857b887315f,BKA,HE1,HE1,A01
b5ada696-aba0-41dd-b22b-ad1553a6a874,BKA,IT-E10,IT-E10,A00
1f8aba98-7007-4c4f-92ba-2424c7850666,BKA,IT-E10,IT-E10,A01
4b8f52ff-8635-46ad-884b-7b05abed401c,BKA,IT-E15,IT-E15,A00
341b93ad-8086-4047-b2fb-95023bb51311,BKA,IT-E15,IT-E15,A01
aa1af164-cbe1-4d6b-9a6a-9806066b5fb6,BKA,IT-E6,IT-E6,A00
b250daae-d2bf-47bf-af0d-eca527f5e595,BKA,IT-E6,IT-E6,A01
90ed25a2-3e6c-423f-8229-474fe5f50eaf,BKA,IT-E6,IT-E6,D28
991695d1-7764-4b43-b6d0-3984337a9f26,BKA,IT-E7,IT-E7,A00
665f30ae-270f-4d2d-9d64-0f568f99abda,BKA,IT-E7,IT-E7,A01
1a1796b4-3271-405b-98dc-48c448636db3,BKA,IT-EP,IT-EP,A00
c7f50246-0238-4b1e-a2f3-3b52292656eb,BKA,IT-EP,IT-EP,A01
f597a70b-e362-4fdd-8195-97f0b58d41d7,BKA,IT-EP,IT-EP,D29
01a2b6f6-11fd-4a3d-b556-090c81162898,BKA,IT1,IT1,A00
a2903028-443b-44be-9eba-46f72a992f32,BKA,IT1,IT1,A01
d8fa2c3f-b386-4a18-b082-f12ea96f2491,BKA,IT2,IT2,A00
17a06817-ba6d-4c73-9f1c-fac183ba582d,BKA,IT2,IT2,A01
f844a0b7-9370-48eb-bc75-d7e29d627319,BKA,ME-E1,ME-E1,A00
9aa03702-b34c-4745-a910-2f07dcde4589,BKA,ME-E1,ME-E1,A01
0f1554da-a2de-4791-8744-64f28c315095,BKA,ME-GU,ME-GU,A00
f206a57e-b449-4fe2-8036-727bcd06b937,BKA,ME-GU,ME-GU,A01
0f24fba5-17f6-4c21-a0dc-3db408ddb357,BKA,ME-LUH,ME-LUH,A00
e4018581-98c1-4076-893b-7edf9e97b90b,BKA,ME-LUH,ME-LUH,A01
0c71310b-dcce-47a5-a3c5-aa150ff1c5e5,BKA,ME-LUH,ME-LUH,D26
2ec06fb2-6549-489d-909d-00686ec680bd,BKA,ME-NUT,ME-NUT,A00
33b0624c-3d0b-4676-9e8b-76ebc54b5270,BKA,ME-NUT,ME-NUT,A01
8edcc4c6-90c9-412b-bf0b-0faf47a4e484,BKA,ME-NUT,ME-NUT,D28
9182858b-8a86-45bc-8509-d5e089cf2ae0,BKA,ME1,ME1,A00
2d43428f-46b3-4b87-8e83-9c61a430c505,BKA,ME1,ME1,A01
774e7deb-505a-4d09-9fff-3a432a0b8cb0,BKA,ME2,ME2,A00
6d0a324e-96a9-4f8e-ab54-b89a95b88df8,BKA,ME2,ME2,A01
4015269a-9260-4454-8993-767d936b9f99,BKA,MI1,MI1,A00
d9ab781c-7437-4386-94cb-80f887cc3ae4,BKA,MI1,MI1,A01
dad0a5d7-c6e6-4f56-9c2c-8c52f8b265d2,BKA,MI2,MI2,A00
ad8e6af2-a205-4378-b096-b73c14e3f603,BKA,MI2,MI2,A01
fb06e22c-73af-4b75-8f60-8b6f8e9439ce,BKA,MS-E3,MS-E3,A00
b0595eb9-d3ae-44a0-8a0c-77e6afd36c90,BKA,MS-E3,MS-E3,A01
294c96cc-d329-4c72-b4e2-403b734addc3,BKA,MS1,MS1,A00
515223b0-e63e-4c9f-9fdf-784ef1565503,BKA,MS1,MS1,A01
da133847-ca55-41c1-ac0c-33d7f098c6ca,BKA,MS1,MS1,D07
51774b23-d5b3-4f85-bf6e-76aac2f305c8,BKA,PH1,PH1,A00
121612a1-3eab-48ea-a863-795409118cc0,BKA,PH1,PH1,A01
743f56c9-43a6-4c72-90d5-22a76e739898,BKA,PH1,PH1,A02
457f7879-44b1-4b0d-a372-deec4be995c5,BKA,PH2,PH2,A00
326f9d2c-fc76-45d3-97be-09a2cc3df1cd,BKA,PH2,PH2,A01
94371db6-7bdd-416c-84ea-63e13b3a3c40,BKA,PH2,PH2,A02
fc4242b1-558d-44eb-b881-db97c85f786d,BKA,PH3,PH3,A00
16a3f925-e8ed-4f67-8898-9b928805539a,BKA,PH3,PH3,A01
dd17d0f7-e6b3-428f-921a-474863e56143,BKA,PH3,PH3,A02
faeef7fe-7916-43cb-804a-88dc4bf42dff,BKA,TE-E2,TE-E2,A00
7887bd6f-7b72-4a84-9314-8927c8a687f1,BKA,TE-E2,TE-E2,A01
b60f1ab4-eae3-4fdf-80ca-6dd826adc0b2,BKA,TE-EP,TE-EP,A00
68451fba-f285-45df-b34e-a99f3d0b504f,BKA,TE-EP,TE-EP,A01
27238b7f-f0d0-49db-8e0c-a90c0a7ba680,BKA,TE-EP,TE-EP,D29
9d5e8c71-759e-4ea0-af55-d37beb5758b6,BKA,TE1,TE1,A00
f53c620e-c342-47f5-990e-3419b11fbf21,BKA,TE1,TE1,A01
26ababf4-9e56-4b3a-903a-5bb8f75b3738,BKA,TE2,TE2,A00
29e88588-c843-4eaf-a3bf-edca1e5df7d8,BKA,TE2,TE2,A01
a7168894-0c81-4618-818b-ad8adb80171d,BKA,TE3,TE3,A00
0931a345-748a-4c96-beec-d97a1483c1e8,BKA,TE3,TE3,A01
a955c0b9-fe86-422d-8b81-83dfafb5a6ba,BKA,TROY-BA,TROY-BA,A00
25046584-a7e3-4eaa-8490-c54211e11b23,BKA,TROY-BA,TROY-BA,A01
efce7aec-cd6a-427a-b090-e7959e1dfc1c,BKA,TROY-BA,TROY-BA,D01
adccd945-6031-4815-bbd1-55fa0c01deca,BKA,TROY-IT,TROY-IT,A00
d733e3fb-b7b3-495b-a32d-aca5036ac4ba,BKA,TROY-IT,TROY-IT,A01
120514b9-7e41-4c9e-9943-593eef1b0d6b,BKA,TROY-IT,TROY-IT,D01
b991c064-6810-49b9-a555-98a77d3c94bd,BKA,TX1,TX1,A00
e260cc79-4680-4fa3-b64a-280d4379e8ff,BKA,TX1,TX1,A01
6b75673b-0ef5-40ce-8194-ac1c77f7708d,BKA,BF-E12y,BF-E12y,A00
cfd6c9fe-0939-4fc7-af03-7c2ec3d38d08,BKA,BF-E12y,BF-E12y,B00
e40f30bd-4191-4b6c-b3a5-e5dedd82b454,BKA,BF-E12y,BF-E12y,D07
e534fec2-8510-4108-a54e-32135670d0b2,BKA,BF1y,BF1y,A00
8895148e-44ec-4482-a8e3-068f4f05d949,BKA,BF1y,BF1y,B00
1cdbf8b6-dbd7-475f-94a5-04131d50db7c,BKA,BF1y,BF1y,D07
784a4ad2-821f-45e8-86c9-b4e75ab21bb8,BKA,BF2y,BF2y,A00
b8c094b5-0304-4c2e-b119-d8fc8328d3d7,BKA,BF2y,BF2y,B00
d88c4eed-1d32-458f-88be-106326f2534f,BKA,BF2y,BF2y,D07
e42aa333-f14e-4467-9bab-616a231b3358,BKA,CH-E11y,CH-E11y,A00
569b35bb-db03-4752-a7de-63431c63dc44,BKA,CH-E11y,CH-E11y,B00
981ab543-84fc-46f1-a8da-208b4fb565fb,BKA,CH-E11y,CH-E11y,D07
a12f50a8-6cce-47e1-a615-1b5df57a33d7,BKA,CH1Y,CH1Y,A00
bceca45f-da96-4509-8875-2d14cde7696a,BKA,CH1Y,CH1Y,B00
d2b409e1-9c35-454c-ade5-79eb0eb16c7a,BKA,CH1Y,CH1Y,D07
7ce6eb78-d47b-43e2-a811-eb53db0d2b7f,BKA,CH2y,CH2y,A00
d345b4d6-1900-4d18-aa85-511736ef4091,BKA,CH2y,CH2y,B00
f5d3585f-02a0-4a92-9374-727a09d80870,BKA,CH2y,CH2y,D07
ad2bbede-23b9-4ed9-a7d5-b961c6b3ae76,BKA,CH3y,CH3y,A00
6afa4118-542b-464a-a3f4-f23a4beef482,BKA,CH3y,CH3y,B00
fdffe3d9-9cf1-4443-ad7a-2e87dcf346bf,BKA,CH3y,CH3y,D07
d4cd27a8-0068-447d-8f2e-56d979c538b3,BKA,ED2y,ED2y,A00
13616e69-27f6-4a5b-98a6-11e179bf2eba,BKA,ED2y,ED2y,A01
76bd79a2-c639-468f-a947-99144653c6a8,BKA,ED2y,ED2y,D01
77c3d418-a54b-40bd-8b29-d532b357b8de,BKA,EE-E18y,EE-E18y,A00
3c7bb3b2-c390-4761-877e-7b52985892e8,BKA,EE-E18y,EE-E18y,A01
7a5b5be7-37a0-4fb4-a263-5f808e41f244,BKA,EE-E8y,EE-E8y,A00
a7225257-83d1-4849-bd3b-96ce8d7d71cc,BKA,EE-E8y,EE-E8y,A01
a3140f13-146f-462c-9789-261470d21756,BKA,EE-Epy,EE-Epy,A00
7eaafec3-c0ce-4fef-9464-cc08a15f91fc,BKA,EE-Epy,EE-Epy,A01
cc45c12f-20e2-49e3-9708-c37844962eb6,BKA,EE-Epy,EE-Epy,D29
9111de4c-d274-4f0d-92f5-7f958d310a23,BKA,EE1y,EE1y,A00
a3898e9f-a08d-44fe-8efe-f59f07992442,BKA,EE1y,EE1y,A01
10bf1879-f8c3-4d4a-8b96-77d9aaa962de,BKA,EE2y,EE2y,A00
46a90fa1-163e-4980-8f69-ba8d5f05ec70,BKA,EE2y,EE2y,A01
a5c9fb7a-2836-43f4-9f51-f3fe34b445ef,BKA,EM-E13y,EM-E13y,A01
bb33fd8d-e08f-456a-b9fb-f87451f11ef8,BKA,EM-E13y,EM-E13y,D01
b82443cd-94d8-49c3-8e57-e0d7b4829d9d,BKA,EM-E13y,EM-E13y,D07
ab7026a2-8bdd-4b59-9580-c6d53eaf3244,BKA,EM-E14y,EM-E14y,A01
fcf5c5f1-4f6c-479f-84b2-43142461a84d,BKA,EM-E14y,EM-E14y,D01
0a0245f3-1511-456f-afd9-e2efbc709d3c,BKA,EM-E14y,EM-E14y,D07
31e87925-f229-4f91-b8ea-27f13e1d37bd,BKA,EM1y,EM1y,A00
a098b1f8-5f48-4029-b689-2d5d016abe3a,BKA,EM1y,EM1y,A01
35418c47-6ce2-4a5f-a68d-951950f29249,BKA,EM1y,EM1y,D01
bf71a19e-8edd-4223-b6b4-4707083759c3,BKA,EM2y,EM2y,A00
d9458293-7a94-4a33-8681-362e3f218fdf,BKA,EM2y,EM2y,A01
0727cce8-305c-49ea-967d-b83b5da95b53,BKA,EM2y,EM2y,D01
c6757821-fa27-49e2-9327-a8d5b54971a4,BKA,EM3y,EM3y,A00
ae121cee-cb07-47ba-8a46-9a9769dfae72,BKA,EM3y,EM3y,A01
8ad800e6-2692-4f4a-9901-d87217b097dd,BKA,EM3y,EM3y,D01
3af9f885-4983-41a9-9c1d-3fb9891499d6,BKA,EM4y,EM4y,A00
ed2dd3e4-f91e-4001-88eb-0977a6d21696,BKA,EM4y,EM4y,A01
e2b39e16-886d-4ffc-a3e4-e0fe8e907261,BKA,EM4y,EM4y,D01
904fdfe1-c6c2-4de1-9298-9cf328375112,BKA,EM5y,EM5y,A00
fcd95006-fd4e-473f-a76f-ab3e82cd6d70,BKA,EM5y,EM5y,A01
67f3e738-8100-4d24-b7d6-25fb550c400b,BKA,EM5y,EM5y,D01
2306ebd9-c250-44ab-8455-27cb8811d6e7,BKA,ET-E16y,ET-E16y,A00
5ec344ae-af77-4ffa-967d-d2313fbc3fa2,BKA,ET-E16y,ET-E16y,A01
941cb08a-7074-4ef3-8cff-a6f9db68ce29,BKA,ET-E4y,ET-E4y,A00
400e3f00-5423-497b-aef9-fe53a43c8e6d,BKA,ET-E4y,ET-E4y,A01
a15b3579-145c-4f24-b936-fe3816975c47,BKA,ET-E5y,ET-E5y,A00
d0d317db-e380-4e1f-baf6-4ea976c6d55a,BKA,ET-E5y,ET-E5y,A01
bc20c9d5-4eb0-4138-bb5b-7fa2e0a70209,BKA,ET-E9y,ET-E9y,A00
aa0b948b-bc48-4c3f-be0d-8c08d9564af7,BKA,ET-E9y,ET-E9y,A01
5e4a6a89-83f7-454a-bebe-739357c2ad9f,BKA,ET-E9y,ET-E9y,D28
f7946f9a-4642-41fc-85b2-6e589261b9ea,BKA,ET-LUHY,ET-LUHY,A00
81957f9b-b878-4cf3-bf23-a95b215dc150,BKA,ET-LUHY,ET-LUHY,A01
3de01f41-b484-4562-8596-546a073db2b4,BKA,ET-LUHY,ET-LUHY,D26
d0e642a5-f2cc-4ec5-8057-b1eb7306fefd,BKA,ET1y,ET1y,A00
85a3cb63-b2f6-41db-a38b-a100b9507009,BKA,ET1y,ET1y,A01
b40a9313-19e8-475e-8d0d-0d6fd76dff20,BKA,ET2y,ET2y,A00
f6a3d4ea-083d-43f5-a913-656d43de421e,BKA,ET2y,ET2y,A01
475af6c8-fefa-4ae5-a467-342f93c3121b,BKA,EV1y,EV1y,A00
63f5517f-ff6b-4fc7-994e-6d35f57cd05b,BKA,EV1y,EV1y,B00
51214b53-c5f8-4224-8602-d8677b1726c0,BKA,EV1y,EV1y,D07
c37abe04-a4d3-454f-96ca-0ea3f19776dc,BKA,EV2y,EV2y,A00
3447641c-acf3-4afc-8351-f88418c6de4d,BKA,EV2y,EV2y,B00
f53f5123-1a3b-4b75-ad04-97c460297b2c,BKA,EV2y,EV2y,D07
c57d32c3-86c7-45ab-963c-75e78ccc1c74,BKA,FL1y,FL1y,D01
924b4f1e-532e-443c-a0c8-522ef21eb68b,BKA,FL2y,FL2y,D01
c2eb00b4-8973-498f-8433-d413d46090d7,BKA,HE1y,HE1y,A00
601a70a4-a491-4e56-a308-41adc935f85d,BKA,HE1y,HE1y,A01
8e5e7267-9e5a-4ed2-8017-31220f5e7c40,BKA,IT-E6y,IT-E6y,A00
62d3f9bd-21d4-4e9a-9ed5-f279719c720e,BKA,IT-E6y,IT-E6y,A01
1d634ca9-c448-4734-9bb9-3f20f63f4d03,BKA,IT2y,IT2y,A00
67ada17d-b574-4daf-b5b9-10c9caa7fa4e,BKA,IT2y,IT2y,A01
5df59be7-90d7-482a-bbba-d95456703d70,BKA,ME-E1y,ME-E1y,A00
4fcf54ac-904d-4149-a431-6b09aa2f16b2,BKA,ME-E1y,ME-E1y,A01
aa8a45e1-95df-4f68-a76a-2cf771633dfb,BKA,ME-Guy,ME-Guy,A00
c5579795-7906-4385-84b2-8bd7d7bb4089,BKA,ME-Guy,ME-Guy,A01
0a68f931-8721-4a57-a13d-2bbd01a97fc9,BKA,ME-LUHy,ME-LUHy,A00
5002a484-8a49-4e8e-95f4-f74a8fa16e37,BKA,ME-LUHy,ME-LUHy,A01
5307a069-855d-4b09-9df9-b0358dc7ef9f,BKA,ME-LUHy,ME-LUHy,D26
c08243d1-36c1-42a7-abb9-e85881c6a7df,BKA,ME-NUTy,ME-NUTy,A00
bb3d7f23-857f-4526-9df3-1adeb262654d,BKA,ME-NUTy,ME-NUTy,A01
20cd1cf0-6715-468d-992f-2053bc1a43c3,BKA,ME-NUTy,ME-NUTy,D28
56c78494-47b3-4ab2-a7f3-e10084c28e3a,BKA,ME1y,ME1y,A00
c00f8228-fa3d-4741-bec9-f3b0e4c05b18,BKA,ME1y,ME1y,A01
8628317a-f680-4da2-ab1a-9f4e9daeba91,BKA,ME2y,ME2y,A00
de5fc664-e898-4cd3-86a1-22d5de5862cd,BKA,ME2y,ME2y,A01
258ab5be-b227-4a51-9461-e6549d55d124,BKA,MI1y,MI1y,A00
3b972702-57a4-4103-a7b9-0f803d4dc5e5,BKA,MI1y,MI1y,A01
c34ecf1e-4219-4d16-8806-143cc07498f6,BKA,MI2y,MI2y,A00
62383c95-85a0-45d8-88f0-47bd0bfd6e99,BKA,MI2y,MI2y,A01
73fa5a1c-b3cc-4c19-884e-0f5dd6661d3f,BKA,MS-E3y,MS-E3y,A00
8b10f39f-88e4-440e-af5a-d44c3f45fc45,BKA,MS-E3y,MS-E3y,A01
9c666fdb-8f68-4b75-8751-14c92f25c276,BKA,MS1y,MS1y,A00
5d9c84c5-6fdd-422b-b92c-eb2e30254252,BKA,MS1y,MS1y,A01
da8215aa-2b86-4562-94bf-984183b0e40f,BKA,MS1y,MS1y,D07
cc73447f-c44c-4866-878c-47ae3eb6cb48,BKA,PH1y,PH1y,A00
ccad3b80-c405-431d-bf6d-00bc8cf2bcc8,BKA,PH1y,PH1y,A01
59812efb-a026-425c-9000-2af5e4f1fd0f,BKA,PH2y,PH2y,A00
3440d91c-f4a2-4dab-900b-8d4e77309e5a,BKA,PH2y,PH2y,A01
5cc8e44c-1a47-466c-aaf6-d7989fa37a4a,BKA,PH2y,PH2y,A02
c768be43-50b1-419a-a37c-dd3d4bf5bb53,BKA,PH3y,PH3y,A00
02488653-b23e-479d-9536-4cda60a8ec85,BKA,PH3y,PH3y,A01
e7715e73-22ad-4722-a650-6418354bf036,BKA,PH3y,PH3y,A02
8a6a1ed4-1e0a-45e3-97fa-a28bc5d52499,BKA,TE-E2y,TE-E2y,A00
b7d9c7f2-3be7-4610-8885-fa4ec4ed8e8d,BKA,TE-E2y,TE-E2y,A01
8c924d42-b190-4cbc-b146-37e678d65ee6,BKA,TE-Epy,TE-Epy,A00
12909c87-c762-4f1f-920c-21fe5326c0e9,BKA,TE-Epy,TE-Epy,A01
6c3166ad-6303-42c4-a718-94e0bdb40d08,BKA,TE-Epy,TE-Epy,D29
adad915a-45f3-4015-bf4f-9c4866b24610,BKA,TE1y,TE1y,A00
0c6e3732-a59e-4074-85e5-4b687ce01848,BKA,TE1y,TE1y,A01
0dcd6ce5-e018-4ba0-ae2b-d73e7133af88,BKA,TE2y,TE2y,A00
41a441d9-4e2d-4830-935c-5ad66e4d3533,BKA,TE2y,TE2y,A01
577762fd-2c12-474c-b4e2-f55516525035,BKA,TE3y,TE3y,A00
e613b991-1f51-4762-a369-fbbdef92fad4,BKA,TE3y,TE3y,A01
c168f8a9-7db5-4e21-ad7a-830efe2f813d,BKA,TROY-Bay,TROY-Bay,A00
873c0a19-518d-4c50-8af3-237c8053cf34,BKA,TROY-Bay,TROY-Bay,A01
d659c85c-8587-4e32-b1e4-e03820219f5f,BKA,TROY-Bay,TROY-Bay,D01
17490a69-29fe-40ab-9c85-e4454c2f529d,BKA,TROY-ITy,TROY-ITy,A00
a46eba8a-e434-4bb4-81c0-8e5b1da5c351,BKA,TROY-ITy,TROY-ITy,A01
876a5038-9be1-413c-9657-48479599b661,BKA,TROY-ITy,TROY-ITy,D01
17511bba-f3f7-4ad2-8df9-7f6faa961cd6,BKA,TX1y,TX1y,A00
22c4d8f2-6858-41f8-8de6-6026bc3d3caa,BKA,TX1y,TX1y,A01
8aebeadf-3697-4129-9223-8e5823dfac90,BKA,BF-E12,BF-E12,D07
48c311ae-346d-4f0d-9ed6-a931fedfa65b,BKA,BF-E19,BF-E19,A00
df5b4056-8d63-4c49-a660-0a63aa53c9cc,BKA,BF-E19,BF-E19,B00
fdc89379-3948-4d61-9fb1-77e99c90f140,BKA,BF-E19,BF-E19,D07
b97125c9-8bf0-4fb1-a375-1d3e71288898,BKA,BF1,BF1,D07
fa693814-ef25-4346-952e-5a446b6c3d68,BKA,BF2,BF2,D07
c9f574c7-380e-4d99-9768-b03ac97390ad,BKA,CH3,CH3,A01
aeb82780-f423-40da-b7bc-d7fc3a94ce6c,BKA,ET2,ET2,A00
d97fa2ec-833a-4623-b87f-45cccd034a25,BKA,ET2,ET2,A01
07c88689-a72b-43c6-af4d-725e022fa3a8,BKA,ET2,ET2,B00
582f9a85-5a4d-4905-b5e9-f56ed87c6de9,BKA,MS-E3,MS-E3,D07
ecd2afce-18e5-443b-938f-aae73b82dd42,BKA,MS2,MS2,A00
b3a8342b-5e0e-41ef-b982-83d112ffdd64,BKA,MS2,MS2,A01
a9f25e5d-4231-4ebb-a76f-5a290cb81d17,BKA,MS2,MS2,D07
6378db7a-a96c-4f45-80d8-718eed00020d,BKA,MS3,MS3,A00
5fa6cb9f-b4f5-4771-94b5-68343111ade2,BKA,MS3,MS3,A01
cb4017af-86aa-4302-a57d-468f37f7de9d,BKA,MS3,MS3,D07
f238b5f8-9048-49a8-a296-414f212590d7,BKA,TX1,TX1,D07
70be61ce-a984-419d-83f1-ac11a27c4747,BKA,CH-E11,CH-E11,A01
a3cf254b-fa31-46db-802e-0d456fefb42a,BKA,ED3,ED3,A00
608249a2-8842-41f9-9363-8c9e2191bdfe,BKA,ED3,ED3,A01
e902944f-8e1a-41f5-99bb-a476316ad2bc,BKA,ED3,ED3,D01
afdd90bf-1c40-48ec-a35d-2c6629163005,BKA,MS5,MS5,A00
30fe407b-8a99-4ba2-865f-59fa7342d38e,BKA,MS5,MS5,A01
7547231b-0a9d-48ea-b0d6-b8a116b55a42,BKA,MS5,MS5,D07
c122e291-4be5-43bc-8ead-837573713b5e,BKA,BF-E12,BF-E12,B03
d95d9b18-dded-400a-84bc-1a04c462caca,BKA,BF-E12,BF-E12,C01
631fdfb9-0512-42a2-b585-65a2942b242a,BKA,BF-E12,BF-E12,C02
f29b1bb0-93e6-4253-b3a4-ca87b4086452,BKA,BF-E12,BF-E12,X02
c7713813-4d19-410f-bb3a-2934e6393518,BKA,BF-E19,BF-E19,B03
8bcdb034-73c1-43a9-bf45-56a0f3da0c42,BKA,BF-E19,BF-E19,C01
c4345d9c-2332-4aaf-9da6-760bdccfbe94,BKA,BF-E19,BF-E19,C02
5a35669a-8ea4-478a-9f60-03c2d3fcdfc9,BKA,BF-E19,BF-E19,X02
c1aa01fd-2efa-45d5-8f54-14a044dc359b,BKA,BF1,BF1,B03
191aa132-e763-4923-9296-cec1d7cc2ec6,BKA,BF1,BF1,C01
229a439e-62ae-44c0-8b5a-e38b39c5c566,BKA,BF1,BF1,C02
ade92dc1-3098-4965-ab4a-de59ae1b1b08,BKA,BF1,BF1,X02
bdffc207-037c-41d9-bb73-bab10fb9b3e2,BKA,BF2,BF2,B03
c1f50923-cb98-4be3-b018-6bdd6e7c6280,BKA,BF2,BF2,C01
2979ae85-5aee-42ad-bac3-d520ffec3005,BKA,BF2,BF2,C02
abbce36a-6ab4-4c19-a600-4805b9eb99f8,BKA,BF2,BF2,X02
f8b761e0-15da-4144-9b6b-8161d16a051e,BKA,CH-E11,CH-E11,B03
d26a0c20-7698-48cb-967e-e30ec1ae85ab,BKA,CH-E11,CH-E11,C01
91357759-e729-425e-b76d-0dc7545a68d3,BKA,CH-E11,CH-E11,C02
69945987-548c-4ef9-b569-dc213bfc9af4,BKA,CH-E11,CH-E11,X02
bb552155-bcc5-4c2b-8af1-0d1a56d7297d,BKA,CH1,CH1,B03
2dbdf147-49d0-4347-8f47-4f7fa131e55b,BKA,CH1,CH1,C01
0084e917-a9fe-4003-a94c-0907ba089261,BKA,CH1,CH1,C02
c543a9fd-ff1f-42f7-a6c2-9ca3a526de68,BKA,CH1,CH1,X02
8ccfc815-942f-4302-bdb8-aa8b424ac4de,BKA,CH2,CH2,B03
d8e830d2-4998-430b-a453-e52396d27e3c,BKA,CH2,CH2,C01
08ec6bb5-a239-41b3-bd5b-300e69971c0b,BKA,CH2,CH2,C02
1f1b0a1b-d547-4117-ba0a-c9ad9e934518,BKA,CH2,CH2,X02
bcdf3ab3-7b61-40b6-9b6c-32261980d770,BKA,ED2,ED2,B03
f4a41513-5af8-419e-8d82-3488c9177c08,BKA,ED2,ED2,C01
5ccd6ef5-c8b3-4834-983f-1de72a055148,BKA,ED2,ED2,C02
85d1f47b-1625-4713-bb3b-24550caec221,BKA,ED2,ED2,X02
d76843b7-3a89-4546-bd25-2d7467ea0b3e,BKA,ED3,ED3,B03
dfa9d90d-e2d2-4ca0-905e-c0f0a6acf3b3,BKA,ED3,ED3,C01
b712a541-d949-45df-a3cb-e90f8a8b379b,BKA,ED3,ED3,C02
e7742a6d-07d1-463a-93d1-c30e845c5adb,BKA,ED3,ED3,X02
5e5507ff-f576-4a86-9b69-9591546b88d5,BKA,EE-E18,EE-E18,B03
99acb62d-617d-4827-b313-97d30a188180,BKA,EE-E18,EE-E18,C01
c79df8ec-0b73-44e5-a8b8-4797b31c9470,BKA,EE-E18,EE-E18,C02
badd743a-abcd-460b-82fb-d3bf3564387e,BKA,EE-E18,EE-E18,X02
ce6fe2c2-aecd-4e00-984b-3c52eaeb1d40,BKA,EE-E8,EE-E8,B03
95b9b29d-ac05-4341-8faa-beab7404acce,BKA,EE-E8,EE-E8,C01
6fd27d4d-5aa2-4a60-89c6-e4ab156ff262,BKA,EE-E8,EE-E8,C02
221fe1fe-93fc-40a3-91ff-e2912daa8366,BKA,EE-E8,EE-E8,X02
f9c7440e-6eb1-48c1-8030-7836c8f5ff62,BKA,EE-EP,EE-EP,B03
df7d1075-f41a-40e9-80d8-274343790ad1,BKA,EE-EP,EE-EP,C01
a7042123-fc12-481f-b55c-c3553ba64938,BKA,EE-EP,EE-EP,C02
9b5799a9-1ad8-4df3-bb55-487753f28358,BKA,EE-EP,EE-EP,X02
71a993cc-af23-4282-8a61-23681bd44e5e,BKA,EE1,EE1,B03
fdac7dff-0ecc-487f-9ab6-6653d4c41a0f,BKA,EE1,EE1,C01
46bb5b7a-8a02-436e-b2ee-d699118c98c0,BKA,EE1,EE1,C02
2046ad63-f4e0-461c-861b-b3bd787f9691,BKA,EE1,EE1,X02
7e7aaa5e-1ff4-461d-8f75-5a1dba24a99b,BKA,EE2,EE2,B03
2268dd2b-828b-4dad-8832-b9f7bcb468be,BKA,EE2,EE2,C01
e3ad3218-0282-4793-84d4-5cc96ad65fa6,BKA,EE2,EE2,C02
bb4547a2-479d-4204-be32-20a6ff9bf864,BKA,EE2,EE2,X02
53e330b4-3eb9-473b-8f00-82cacfd01ce8,BKA,EM-E13,EM-E13,B03
31959f82-4584-4c62-af33-ab92a7829123,BKA,EM-E13,EM-E13,C01
4b4bda0d-517d-44e8-aee5-b430088b2b59,BKA,EM-E13,EM-E13,C02
156194c9-9fd6-4820-9acb-798d5f768831,BKA,EM-E13,EM-E13,X02
d10b5451-3184-4d7d-b03f-c10e8eda6383,BKA,EM-E14,EM-E14,B03
5a398c60-178e-4457-8f07-030f448e4440,BKA,EM-E14,EM-E14,C01
0549b6fe-b460-4507-9b55-6d8547a4b4a4,BKA,EM-E14,EM-E14,C02
3eac3eeb-9196-47be-baeb-88bb7864a2e9,BKA,EM-E14,EM-E14,X02
201b57b1-83a4-49a7-9264-7f51c4bd4846,BKA,EM1,EM1,B03
af89358c-c238-4550-8181-852b38c1d796,BKA,EM1,EM1,C01
fc561de8-46d0-437c-91a7-a6ca08f2769d,BKA,EM1,EM1,C02
b38a5299-38a7-4b70-bfe0-1a46c76161d9,BKA,EM1,EM1,X02
0939b4e7-e033-4617-a4ca-7398601ab212,BKA,EM2,EM2,B03
961fdcbb-e43f-4326-819c-0f6c300887c6,BKA,EM2,EM2,C01
491a5929-d536-46bb-b6db-81ed6001f0ac,BKA,EM2,EM2,C02
d214ad05-7216-4604-b657-f2125803e399,BKA,EM2,EM2,X02
8107cab3-600f-4b83-a741-d2642547d1ad,BKA,EM3,EM3,B03
7914cd7d-5534-4eb6-8a9b-af58bc1f36dc,BKA,EM3,EM3,C01
8ceda3c6-a5b1-46dd-9b2c-c95eb27c6928,BKA,EM3,EM3,C02
cd535e84-b165-4072-a15d-eae9830f90bf,BKA,EM3,EM3,X02
d867bc26-3621-4e5a-a981-610ded2a1901,BKA,EM4,EM4,B03
d7462674-7bee-448d-b3be-f72b234708dc,BKA,EM4,EM4,C01
a3a925f3-7261-4a15-aade-31629c7aa874,BKA,EM4,EM4,C02
98b4bb4e-6f60-47e5-96ba-1e09045b42a7,BKA,EM4,EM4,X02
978706b8-dc98-44ce-af97-a64d2b1227a3,BKA,EM5,EM5,B03
aace980e-419c-4b7f-bc01-a82739015287,BKA,EM5,EM5,C01
46caea44-3f4f-421e-baa5-53de38bbbae9,BKA,EM5,EM5,C02
c7759913-6a90-49d1-b792-c77a16bd2e96,BKA,EM5,EM5,X02
cc43ae57-677e-4207-82ae-bbd4d6e139b1,BKA,ET-E16,ET-E16,B03
971e7143-ac46-4654-a410-2c5fb37b27fe,BKA,ET-E16,ET-E16,C01
8fb6328c-8eb2-43d9-8afc-be2300ed280f,BKA,ET-E16,ET-E16,C02
a20ee3ee-3647-4b0f-8caf-8c66052a3d32,BKA,ET-E16,ET-E16,X02
2958bcf5-b2d5-45d4-8a3a-549906d13688,BKA,ET-E4,ET-E4,B03
7fbe5881-296c-4812-8a8d-53878525f110,BKA,ET-E4,ET-E4,C01
31f4f7d1-2288-4575-bd70-ebeb291fa28c,BKA,ET-E4,ET-E4,C02
13585b9a-df2f-4e29-9c69-c0f399ed02f3,BKA,ET-E4,ET-E4,X02
b813c59c-77e1-414a-b36a-324a59905166,BKA,ET-E5,ET-E5,B03
ed972403-41f5-40c2-9a48-b7a1970f81e3,BKA,ET-E5,ET-E5,C01
829f9fda-bdeb-42fe-a36c-c691ed83b1cc,BKA,ET-E5,ET-E5,C02
3afa326c-5615-496e-acba-f195700351de,BKA,ET-E5,ET-E5,X02
7c94569e-b309-4a79-9238-816e3d8171cc,BKA,ET-E9,ET-E9,B03
6bffa5d3-9543-4afe-a8af-23ab84a89c7a,BKA,ET-E9,ET-E9,C01
935ef30a-f244-46a2-a550-58a34d467409,BKA,ET-E9,ET-E9,C02
dd21b994-8af8-49f5-ad68-3dac336d4c35,BKA,ET-E9,ET-E9,X02
f95122cc-ba6d-41cc-8f76-0891b95e4c71,BKA,ET-LUH,ET-LUH,B03
549e708d-25d3-4cf8-a9af-ebfb4f386ddd,BKA,ET-LUH,ET-LUH,C01
ec82c1d4-055a-450d-bd65-0b0f86e2d8c0,BKA,ET-LUH,ET-LUH,C02
f8d30f49-7011-45a2-bf82-d1ffa8b3ebb5,BKA,ET-LUH,ET-LUH,X02
06ab1f1b-ac50-4092-8885-b1c5b7c0d928,BKA,ET1,ET1,B03
367ddd30-bf67-47db-ad56-bd9addbc67c8,BKA,ET1,ET1,C01
9504cb3b-65bb-4c6d-a18f-0e91068d5ffe,BKA,ET1,ET1,C02
fea719f9-a82e-4d11-ad54-2a53295ae64d,BKA,ET1,ET1,X02
99354208-5c9b-43bf-ab44-57004ba584bd,BKA,ET2,ET2,B03
fafa3dd3-4562-4ee3-899b-def89a2f0ebe,BKA,ET2,ET2,C01
955a7f96-c8e8-44f1-a183-71819d9e524f,BKA,ET2,ET2,C02
fffa5e21-fcae-4882-acb8-ac5016a9362b,BKA,ET2,ET2,X02
16f3538d-8b7d-4fb3-88e5-f4de0ee7f8ad,BKA,EV1,EV1,B03
21167fdf-29c5-4db1-ae6d-6e9440b1fba5,BKA,EV1,EV1,C01
bd15e776-f749-44f6-a1c3-6f5a02668bd9,BKA,EV1,EV1,C02
1aa7ef49-59a7-4b3c-90dc-ceab31b17c2a,BKA,EV1,EV1,X02
4774811c-7d5a-40f2-a99b-dc7fa5a556e7,BKA,EV2,EV2,B03
8d0197fa-924a-45d6-a185-7e0b384af928,BKA,EV2,EV2,C01
301f404c-9e2a-40bc-889b-a19a304e66cb,BKA,EV2,EV2,C02
e3e10e77-2def-46f3-b277-fdf15432607e,BKA,EV2,EV2,X02
1ec7bf90-bd24-4ee6-81d6-66f7b2cc64a1,BKA,FL1,FL1,B03
f0fea7eb-cc56-42ba-8b56-ce67ce15279e,BKA,FL1,FL1,C01
7b46a2da-c0f3-4e7a-9be9-8648c99a2aa6,BKA,FL1,FL1,C02
684483f6-3d7f-4646-9925-07908b5d8155,BKA,FL1,FL1,X02
17615565-0b4d-41b5-9be0-e114601d0329,BKA,FL2,FL2,B03
0e0182d1-92bf-4e71-813c-76f6b4e95fdd,BKA,FL2,FL2,C01
f995193e-f9b9-47b2-9d62-3e38455bf896,BKA,FL2,FL2,C02
b6ce12e1-dc5e-467d-937c-437ddfe2144d,BKA,FL2,FL2,X02
be1a5fa4-6283-4277-aafa-1a5cce8f6dac,BKA,FL3,FL3,D01
d9b432d7-0793-43ed-b819-af16199ec22b,BKA,FL3,FL3,D04
6cbc5f28-27e9-4d48-9ef9-58654b32105a,BKA,FL3,FL3,B03
c06e10be-1f56-4970-9979-c566750278e5,BKA,FL3,FL3,C01
8167e437-caf6-4f8b-a7ae-3d395865adab,BKA,FL3,FL3,C02
7de25863-fe33-4252-823b-b6f89958891d,BKA,FL3,FL3,X02
92a2a4e0-0215-4c72-9b42-f407c7997cbf,BKA,HE1,HE1,B03
bae4557f-3c87-4312-875e-d5a9c1d5a819,BKA,HE1,HE1,C01
c34af1e1-bf50-4aa6-9d84-37a077861efb,BKA,HE1,HE1,C02
3ab205b7-e64b-4beb-9b74-e14c7e45f3a1,BKA,HE1,HE1,X02
3650043d-71c4-486c-a247-5abca7de37e0,BKA,IT-E10,IT-E10,B03
375aefa2-f125-4ced-bcde-6ec9a9a5ddf5,BKA,IT-E10,IT-E10,C01
d9ed3b99-9bf0-4395-a068-f889e61a45ff,BKA,IT-E10,IT-E10,C02
5a5be8e9-ff3d-4ee4-9875-15eec4a17628,BKA,IT-E10,IT-E10,X02
74f8c971-c683-469e-b6a4-c1c429af1dba,BKA,IT-E15,IT-E15,B03
d68a1954-d3eb-4d4a-961a-fd3cc29c363d,BKA,IT-E15,IT-E15,C01
a9b5f0da-641a-452a-80d8-41ef5ac2df58,BKA,IT-E15,IT-E15,C02
b54ec88b-8373-493c-ba0b-a6ff009944a3,BKA,IT-E15,IT-E15,X02
8076451a-6e27-447a-b3f2-c7b25f0c3ef9,BKA,IT-E6,IT-E6,B03
07b7c980-6403-41f0-9e56-6f076102d322,BKA,IT-E6,IT-E6,C01
f4abd64a-5fb1-46fe-b347-944895807fdd,BKA,IT-E6,IT-E6,C02
82348695-6fb3-498a-bfea-5ec57946c42d,BKA,IT-E6,IT-E6,X02
e5fd75c2-4006-4fbb-ba0f-5d66e019963b,BKA,IT-E7,IT-E7,B03
7ced05ac-0787-4d73-84c3-74f931b7d61b,BKA,IT-E7,IT-E7,C01
5da0674c-b2db-4a18-9136-7cd9787aac10,BKA,IT-E7,IT-E7,C02
cdfdf1a0-4222-47e9-9a25-4cbe53d28e15,BKA,IT-E7,IT-E7,X02
2456ac91-438a-4235-aece-a58a63c3365a,BKA,IT-EP,IT-EP,B03
2febf937-f04c-4b78-a15d-da44ec719692,BKA,IT-EP,IT-EP,C01
37875bc4-a1db-4837-a13e-ba42f5447c13,BKA,IT-EP,IT-EP,C02
9a0aad7d-d44c-4044-84c8-d033c35800da,BKA,IT-EP,IT-EP,X02
686d0464-4b84-4833-bf9e-66b035b85f4b,BKA,IT1,IT1,B03
24e0b1a3-dacd-4bb5-8b0c-d4bf7ee1bd47,BKA,IT1,IT1,C01
c8a5caaf-09a0-463b-9da9-6702973b26d8,BKA,IT1,IT1,C02
1c454125-97eb-4540-8a41-5f93d4a9ee7c,BKA,IT1,IT1,X02
35092801-10df-4546-be42-90f21cd2bf99,BKA,IT2,IT2,B03
d8518782-2fbc-4da8-bac0-abb171743df8,BKA,IT2,IT2,C01
f059bd36-000f-4846-b173-a02f2e25bda7,BKA,IT2,IT2,C02
20c5c424-563f-4716-9974-f7485495b97f,BKA,IT2,IT2,X02
f9d426b1-10d8-4584-b625-e6fd92cc7218,BKA,ME-E1,ME-E1,B03
46bcb413-19e9-4618-986f-5bf305e1a34f,BKA,ME-E1,ME-E1,C01
86949a2b-1ac7-4b26-abab-012a91c6a98f,BKA,ME-E1,ME-E1,C02
0ae42c86-02c6-48d9-8c4d-87483607b186,BKA,ME-E1,ME-E1,X02
0f7cf4da-2b09-4aeb-aa85-7917e76f8ecf,BKA,ME-GU,ME-GU,B03
c822e4ad-684e-4dd0-bccc-788c05868d68,BKA,ME-GU,ME-GU,C01
1ed07efc-3be2-4655-b51c-1f295d7853e1,BKA,ME-GU,ME-GU,C02
8c40a694-7d22-44ed-b53c-f8f03ae55d89,BKA,ME-GU,ME-GU,X02
30222070-e0c5-4a0f-bac1-2a51b91f0862,BKA,ME-LUH,ME-LUH,B03
22fd9cad-a06b-47d2-a406-9bdbdd50ef88,BKA,ME-LUH,ME-LUH,C01
3b2698a4-a773-48bf-822f-8151af3a318f,BKA,ME-LUH,ME-LUH,C02
0b96fa7d-d73b-4f88-a29b-c27531e44da9,BKA,ME-LUH,ME-LUH,X02
f0b9a6e4-9a52-4814-9133-cbe697199065,BKA,ME-NUT,ME-NUT,B03
e484dc20-4e4e-424b-93ad-dfc7559f8e0f,BKA,ME-NUT,ME-NUT,C01
6a5355ba-032b-498e-8d5b-b8aafc83eaa4,BKA,ME-NUT,ME-NUT,C02
5fa1f5d2-63a4-4376-a45c-63de6ccb8a7c,BKA,ME-NUT,ME-NUT,X02
b3bebb67-e57e-4aa6-a2e8-23cc8cd9d7da,BKA,ME1,ME1,B03
4c29e79a-2944-43b7-b0e2-921316046fa5,BKA,ME1,ME1,C01
5b74921c-f1bf-40c7-9b6c-5f598c528b22,BKA,ME1,ME1,C02
087e4b19-ecb8-4239-8949-fe4cc6d52da1,BKA,ME1,ME1,X02
134538dd-339c-4749-955a-4d459e2929b6,BKA,ME2,ME2,B03
53089652-39aa-4919-8f70-6ce931849c16,BKA,ME2,ME2,C01
84c305ac-99d4-44bb-8973-563bc460fe21,BKA,ME2,ME2,C02
376c1777-8bdf-433d-84ac-1941b16d9d3f,BKA,ME2,ME2,X02
425d89e4-4323-457a-892d-6a05fb867525,BKA,MI1,MI1,B03
0de04c5a-17ae-4e60-afdc-1d8476fdd4fa,BKA,MI1,MI1,C01
dff4b136-396c-4960-807e-ea63e3125a0e,BKA,MI1,MI1,C02
893f2c37-ef83-40ea-ae18-9d07cef8d793,BKA,MI1,MI1,X02
ca4d07c7-e553-4853-89dd-7c7fb1657be5,BKA,MI2,MI2,B03
f915dc56-e809-4e4c-88f3-e32bd3079525,BKA,MI2,MI2,C01
28a0e7b3-7b53-4bef-a55c-fde0de86b865,BKA,MI2,MI2,C02
7a60c77b-46f0-4e0c-ab04-d69728349cca,BKA,MI2,MI2,X02
9bf17484-9151-45ae-a951-1d335845ffa0,BKA,MS-E3,MS-E3,B03
239f830b-56fd-4f8e-a928-43bc47f68ae7,BKA,MS-E3,MS-E3,C01
99051a3a-a959-46e5-a416-3f70854d8c34,BKA,MS-E3,MS-E3,C02
4abd3d8a-2bb9-45dc-889d-34c7229faa6a,BKA,MS-E3,MS-E3,X02
0a74f82a-85ab-4264-9e43-743313974849,BKA,MS1,MS1,B03
4dc3d06a-39e2-4de7-8293-209a4b24be3c,BKA,MS1,MS1,C01
3c5ea6a9-1d75-4ff7-9469-3b88fd230b10,BKA,MS1,MS1,C02
e71577cd-d4c6-422d-b405-d8e43912f452,BKA,MS1,MS1,X02
d0b1c44d-895f-47e9-b1bc-be5ab7b33c6c,BKA,MS2,MS2,B03
60a55649-c85e-4c85-a309-21a6f53d3f55,BKA,MS2,MS2,C01
00617fb5-c878-43a9-bf51-75c3f8f935cc,BKA,MS2,MS2,C02
7fa4699c-f451-4ab9-8848-5c3e499320b6,BKA,MS2,MS2,X02
5b5fea70-9df5-456f-8345-65d95e7d300c,BKA,MS3,MS3,B03
65e56563-02ed-4f96-837e-bffbd9494e11,BKA,MS3,MS3,C01
daea0fc9-9f8a-4547-af6c-8ec63597bfc2,BKA,MS3,MS3,C02
7c1dc2e1-d372-4ccd-be7d-6bdcecd74179,BKA,MS3,MS3,X02
6a9f5fde-62c4-41e9-8742-2cf2fd88abaa,BKA,MS5,MS5,B03
73acc1d8-7e80-4379-9dd3-b3b30c6fd1c5,BKA,MS5,MS5,C01
1979c89a-0983-4b00-b63f-408049c2e0ec,BKA,MS5,MS5,C02
a927877e-0e11-4373-ab8e-8ed21ca32cac,BKA,MS5,MS5,X02
cd48b38c-d74c-44a3-98bc-b35addecdb6d,BKA,PH1,PH1,B03
b13786b8-6c14-4cc5-b472-ab4a659785b7,BKA,PH1,PH1,C01
aba80e39-4851-4ea4-983d-5dc1eb6edc79,BKA,PH1,PH1,C02
036f6c7f-7ca3-4c4e-ae32-99aec2006f57,BKA,PH1,PH1,X02
a21a2576-3a3d-4ba9-83ff-d36ce81cf48e,BKA,PH2,PH2,B03
ea87749f-e300-47fd-8b72-38ddb217778c,BKA,PH2,PH2,C01
28e336c4-9456-4b0c-992a-0bc141dbd192,BKA,PH2,PH2,C02
325dfc9e-4cc8-4328-a930-d355e83ff328,BKA,PH2,PH2,X02
f464e7a9-7417-4936-af1e-23a62c1bdeb2,BKA,PH3,PH3,B03
13c41c03-cf72-453a-a187-0c11c677a3b1,BKA,PH3,PH3,C01
c8214e28-35eb-434c-a545-a24ea52beb1d,BKA,PH3,PH3,C02
edbd1c1e-21e8-4312-af3d-17b713a4be29,BKA,PH3,PH3,X02
f77cc03a-f39a-4a53-9cf7-ea6c6e8ae5b5,BKA,TE-E2,TE-E2,B03
2d9c9bad-fb2e-40c8-9c1b-068a62e61b06,BKA,TE-E2,TE-E2,C01
93d67b77-c3ff-43ef-9166-c2429cc81c30,BKA,TE-E2,TE-E2,C02
a8676a5a-5cc4-458c-b4db-88f27a17975f,BKA,TE-E2,TE-E2,X02
9c6de029-0315-485d-82e5-c1de35ce597e,BKA,TE-EP,TE-EP,B03
4f5552cc-0e73-473c-9cc0-2b2f76b1e231,BKA,TE-EP,TE-EP,C01
a0ea181f-8f6d-41e5-a7cc-875d4fb9d917,BKA,TE-EP,TE-EP,C02
3c5c57a2-0d90-4abe-8aa4-9f71b4a93271,BKA,TE-EP,TE-EP,X02
de5be93a-e6d3-4e9d-b2d5-86a7e4a7341f,BKA,TE1,TE1,B03
99e82b04-1e86-436d-b4c5-749af7205029,BKA,TE1,TE1,C01
af992e7a-4b09-41fe-a40d-6b90e6eced34,BKA,TE1,TE1,C02
4c047a28-5c58-4177-95b1-e1dd7ba2cd75,BKA,TE1,TE1,X02
c6ec4018-952c-4c66-bb63-13dcb77b0b4f,BKA,TE2,TE2,B03
b8600d46-b56a-4674-a47b-61047c3968af,BKA,TE2,TE2,C01
44e257c1-dd08-4115-87c8-d9311c7f805d,BKA,TE2,TE2,C02
c8611201-5577-4daa-95f3-9f006552574e,BKA,TE2,TE2,X02
47930153-73f3-4ef0-8c88-8525ceeeb57c,BKA,TE3,TE3,B03
86b2b478-4d67-4a09-bd15-938e4d06bebd,BKA,TE3,TE3,C01
207804e2-5c7c-45e7-8635-236ca9fe5db6,BKA,TE3,TE3,C02
1f092fbe-cd0c-4c3a-ae1b-1cb06bd6b319,BKA,TE3,TE3,X02
bae8dc94-5f50-46c9-abd5-e88044db2e67,BKA,TROY-BA,TROY-BA,B03
287fdb8d-9397-4904-8df4-e8a859384768,BKA,TROY-BA,TROY-BA,C01
ebc78833-f3b9-4d2a-a58c-bc500810a450,BKA,TROY-BA,TROY-BA,C02
0ae3260c-150a-44c4-b1cf-74270306bd1d,BKA,TROY-BA,TROY-BA,X02
5084b6c0-9835-44e7-be03-5168f7bcb8a2,BKA,TROY-IT,TROY-IT,B03
7a840d71-d3bc-4c80-85ff-0f847e66c236,BKA,TROY-IT,TROY-IT,C01
9f95650d-0514-443b-934a-76dafa018d4d,BKA,TROY-IT,TROY-IT,C02
58961d90-98c7-493b-aeef-abf914a5640b,BKA,TROY-IT,TROY-IT,X02
4984dedb-93d5-41a2-8b6c-87092147e1e0,BKA,TX1,TX1,B03
c5e70d39-3df7-421a-97c5-640eace1a923,BKA,TX1,TX1,C01
ed65bed6-c838-4111-befc-26997d683fa0,BKA,TX1,TX1,C02
e8479b3b-f841-466f-ad8f-09ce86a2cced,BKA,TX1,TX1,X02
6e6bc581-ebb9-4d19-8081-1a6eb18e3d59,BKA,BF-E12x,BF-E12x,K00
2adfcf66-c63d-4327-a720-33159480e0d6,BKA,BF-E12x,BF-E12x,K01
3482e541-b4dc-47ff-a0c6-bd5219ceca6e,BKA,BF-E12x,BF-E12x,K02
036d94a3-7059-4e18-92a1-1c0a55ee7df4,BKA,BF1x,BF1x,K00
4e6932f6-2130-4b30-96a3-ddacfa604886,BKA,BF1x,BF1x,K01
3360482d-0fc0-4700-b0a4-e88253d5f31c,BKA,BF2x,BF2x,K00
ee7d9092-9ce5-4600-a608-0cc620eb8e54,BKA,BF2x,BF2x,K01
6eed3016-0567-42f3-922c-e9a0613e5ea9,BKA,CH-E11x,CH-E11x,K00
269b219a-9358-4637-a178-1c28dcf722a9,BKA,CH-E11x,CH-E11x,K01
45cdd3cb-ac8c-485a-ae2a-07d8b0df9638,BKA,CH-E11x,CH-E11x,K02
8e9631d0-e5c7-48ef-b484-383d15cbd445,BKA,CH1x,CH1x,K00
59c38eb3-7453-4830-a248-9d78bbb9e5d8,BKA,CH1x,CH1x,K01
dfc23f98-ed9e-488c-aba6-64c8420d4bfb,BKA,CH2x,CH2x,K00
74c32331-e605-42fd-96a2-e77f13008eff,BKA,CH2x,CH2x,K01
47709802-8106-4a40-841d-f85815cf5dee,BKA,CH3x,CH3x,K00
f34646a3-54d9-4eb8-addb-5da7c9fe45b2,BKA,CH3x,CH3x,K01
eb5a8fd2-3f9a-45a7-928b-bfd331f03412,BKA,ED2x,ED2x,K00
0beb77ce-80bb-449b-ae28-422ca54d5e11,BKA,ED2x,ED2x,K01
c0e44c04-9b09-403a-adfc-655b25c1cec2,BKA,EE-E18x,EE-E18x,K00
93a3d08d-f416-4e6e-bc2c-f70218c8204f,BKA,EE-E18x,EE-E18x,K01
95ff1e36-cf38-4e41-b46d-615f963cbc55,BKA,EE-E18x,EE-E18x,K02
c0a765a1-9818-41fd-91d7-df0b0d398a39,BKA,EE-E8x,EE-E8x,K00
fb2830ab-a7e1-4629-a349-f1eb8de8e11b,BKA,EE-E8x,EE-E8x,K01
16cc09a6-a4c4-48d0-98b9-3799316dedbc,BKA,EE-E8x,EE-E8x,K02
cd49bc9c-7b4f-423a-91b8-c171740be56a,BKA,EE-Epx,EE-Epx,K00
aa14e951-2d80-4edf-ac8c-83c39a733f09,BKA,EE-Epx,EE-Epx,K01
a26db100-00f5-4a73-b119-b96130f30044,BKA,EE1x,EE1x,K00
3f0972d2-ce90-4f33-9051-058a7f8bf9d1,BKA,EE1x,EE1x,K01
7889f0a8-51e9-4b2c-91d1-85e099607d77,BKA,EE2X,EE2X,K00
5aef4ed1-f676-4c26-94bc-561f7c90122c,BKA,EE2X,EE2X,K01
426e987b-b27d-4983-99f8-cc395d1dac1b,BKA,EM-E13x,EM-E13x,K00
ce76128f-5874-429b-9d0e-9ccdd702de91,BKA,EM-E13x,EM-E13x,K01
9e96812e-e099-49cd-8dfd-49709847aad1,BKA,EM-E13x,EM-E13x,K02
cdb54585-9842-413e-ab31-00ba41395aaa,BKA,EM-E14x,EM-E14x,K00
0a43bb6e-f232-464e-9e15-3a9247d82141,BKA,EM-E14x,EM-E14x,K01
0211c9a0-d9b9-4dea-8c55-a19a358bac28,BKA,EM-E14x,EM-E14x,K02
77599f41-3868-42f2-8304-68a21d43daa3,BKA,EM1x,EM1x,K00
78bb13c7-6cb4-4b1f-be05-7439b385106a,BKA,EM1x,EM1x,K01
28806bae-a9f7-4673-9842-6bddbf0c650a,BKA,EM1x,EM1x,K02
20f23228-bdf8-4258-9b15-9d2180e37ee8,BKA,EM2x,EM2x,K00
78985275-b1c2-483a-b310-dba17805aed2,BKA,EM2x,EM2x,K01
d78351f9-57c3-4e5a-a515-0dede530be8b,BKA,EM2x,EM2x,K02
7e6d16df-8095-4fe9-8300-1bbe3eb342db,BKA,EM3x,EM3x,K00
c04414b4-8c83-43da-82e6-1125e310752f,BKA,EM3x,EM3x,K01
28ebdcaf-6980-4fd4-9959-c570c64d2172,BKA,EM3x,EM3x,K02
1e1a3083-0fe9-4b1a-a5fe-489fd168fdc3,BKA,EM4x,EM4x,K00
97414d0c-f8ba-42e3-bf00-2834a19cf774,BKA,EM4x,EM4x,K01
3dd50f61-ad33-40e5-8ccc-e82026a8ed17,BKA,EM4x,EM4x,K02
6cef8dfd-d4cf-401a-9139-bb1400361606,BKA,EM5x,EM5x,K00
a62b995c-b04c-4051-8fd6-99eacc0bbc42,BKA,EM5x,EM5x,K01
0f1b2a90-5311-4eaa-b7d1-a17b24e5c046,BKA,EM5x,EM5x,K02
90585c98-6b9b-435e-874d-087173f940e6,BKA,ET-E16x,ET-E16x,K00
3bbc1f90-c18f-479c-a64c-4ec281c001dc,BKA,ET-E16x,ET-E16x,K01
93a91bf3-b377-4b9d-a19b-0d6ee1e02d19,BKA,ET-E16x,ET-E16x,K02
a62634ea-2ef1-426b-9a32-e2d21b9cc03a,BKA,ET-E4x,ET-E4x,K00
7115bcf5-268f-46fa-a351-eca795546bbe,BKA,ET-E4x,ET-E4x,K01
f9419fff-9ba0-4258-800f-0c5aa8a806ac,BKA,ET-E4x,ET-E4x,K02
22018cf0-ec4b-4ac4-be6e-1d2c0c19e32e,BKA,ET-E5x,ET-E5x,K00
2af58edf-d342-4bec-9602-363ec6223ad9,BKA,ET-E5x,ET-E5x,K01
afb0d5a0-00da-4925-ac98-d11434492dcd,BKA,ET-E5x,ET-E5x,K02
bc7c7b64-c5bf-49b9-abb8-eb5141a3c1fd,BKA,ET-E9x,ET-E9x,K00
877f690f-a46d-4428-a936-0cec43971d3f,BKA,ET-E9x,ET-E9x,K01
c53e7f7f-cd09-414f-a6d9-1de8240dc6f0,BKA,ET-LUHX,ET-LUHX,K00
bf896bfd-a45a-41ea-b7ca-4a6ab961086e,BKA,ET-LUHX,ET-LUHX,K01
d407854e-afd9-45ed-b1b0-b2fd56af4e0e,BKA,ET-LUHX,ET-LUHX,K02
3a28e421-1bd0-40fc-9d4d-e83910e720b4,BKA,ET1x,ET1x,K00
3ae685c8-b8cf-4047-ad29-ac2ec7e51019,BKA,ET1x,ET1x,K01
fd1161b4-619d-4587-bdef-d876c1d716cc,BKA,ET2x,ET2x,K00
cd18466b-cfe8-44ea-b7a2-d0bcffb511f1,BKA,ET2x,ET2x,K01
8998f1ed-c85c-43e5-9ffe-5a30947b369a,BKA,EV1x,EV1x,K00
4aa4b97c-694e-425c-a706-fb4bd4ea9f20,BKA,EV1x,EV1x,K01
1273cfe3-05e7-412b-ae0b-84a2c0e776f2,BKA,EV2x,EV2x,K00
e07e9947-0606-4a2d-a199-b0a8e9e3e97a,BKA,EV2x,EV2x,K01
57ba4bda-d0b6-42f6-afac-3d2089595d56,BKA,FL1x,FL1x,K02
eb39103e-c6d2-4975-a6ee-2e75f021c6e5,BKA,FL2x,FL2x,K02
0dedbf28-631c-4b83-b0ef-c3a0027f8828,BKA,HE1x,HE1x,K00
58a4be20-1865-477a-aff9-cbb0c173ea2b,BKA,HE1x,HE1x,K01
0a14d788-38c5-4b46-96ec-b0b0d62d4749,BKA,IT-E10x,IT-E10x,K00
6e122ea9-bbe8-4d41-8e66-2d6bd09e44f2,BKA,IT-E10x,IT-E10x,K01
76e5d1e0-d821-4a3e-9ec1-bfbf14618521,BKA,IT-E15x,IT-E15x,K00
08470472-823f-40d0-8fab-f38cdf926f37,BKA,IT-E15x,IT-E15x,K01
f39d1540-8eab-46a1-8e51-ecaf53ce5326,BKA,IT-E15x,IT-E15x,K02
cd08e579-e078-4e9e-a6c5-e5b37b20d5a6,BKA,IT-E6x,IT-E6x,K00
02938d19-cadd-430a-9623-b313d50be7bf,BKA,IT-E6x,IT-E6x,K01
81898851-ced4-4e20-84d5-7c7acefe9a75,BKA,IT-E7x,IT-E7x,K00
7a54dac5-4214-43cd-a550-ff2d049ea83b,BKA,IT-E7x,IT-E7x,K01
37bf10d3-6313-404e-945a-a12d73e44871,BKA,IT-Epx,IT-Epx,K00
de3ac037-b775-415b-ac82-405a0548f5a1,BKA,IT-Epx,IT-Epx,K01
7ff479db-aa46-40c3-8ced-fa98705c9301,BKA,IT1x,IT1x,K00
7b08498c-2aec-4663-a037-861638c1fd4b,BKA,IT1x,IT1x,K01
b5b98fbc-6466-492b-99a6-75f0fc65743f,BKA,IT2x,IT2x,K00
c0298ea9-37ab-48b0-b87c-27f866f2bb78,BKA,IT2x,IT2x,K01
d1d8f4cf-f07d-472e-a243-b90fc157b8e7,BKA,ME-E1x,ME-E1x,K00
9bd2a539-0944-4961-823f-b78e27172e85,BKA,ME-E1x,ME-E1x,K01
7fd4f97e-b489-46b0-b565-7e4390ee5217,BKA,ME-E1x,ME-E1x,K02
185f22a5-6e85-47a8-8d45-d62f5096f82a,BKA,ME-Gux,ME-Gux,K00
f2acad47-5079-4bec-94ed-7fe5f6ada5fd,BKA,ME-Gux,ME-Gux,K01
6351376a-1e24-43a9-aa92-fd973a0d1347,BKA,ME-Gux,ME-Gux,K02
ac3d3d1b-8d29-457b-ba30-cfe4a043c771,BKA,ME-LUHx,ME-LUHx,K00
2a04d0af-aacb-4a0b-b0dd-57af3742cdb6,BKA,ME-LUHx,ME-LUHx,K01
50b7a2a1-8ee3-4c97-b4f0-01d748789396,BKA,ME-LUHx,ME-LUHx,K02
61832d6c-db67-481f-a6ad-c7603c7e0b1b,BKA,ME-NUTx,ME-NUTx,K00
4e6a9f7c-68eb-40f4-9570-1216d156ee47,BKA,ME-NUTx,ME-NUTx,K01
52f500b6-fce4-4b49-8adb-fce867685495,BKA,ME1x,ME1x,K00
f360c7ad-05b2-4e48-801d-c05a1abbc900,BKA,ME1x,ME1x,K01
bf8ec851-f785-4884-9c81-454c59b4054e,BKA,ME2x,ME2x,K00
f27219a2-f7a0-4bc3-be53-3d4301707558,BKA,ME2x,ME2x,K01
0aa30ee0-af4e-43fc-abd3-e455d097e084,BKA,MI1x,MI1x,K00
e98a9154-4d76-4a78-b4a7-50d4f53f9615,BKA,MI1x,MI1x,K01
048a0181-2b7c-4d9c-8593-d3dff8f35826,BKA,MI2x,MI2x,K00
ed31877f-7f87-4de5-ad54-7ff5e8cf7841,BKA,MI2x,MI2x,K01
45b9d2cf-dda5-4599-a9a4-9efe3b041630,BKA,MS-E3x,MS-E3x,K00
2ad3f359-d2fd-4189-bcbc-592dd2a6be4e,BKA,MS-E3x,MS-E3x,K01
5949c81c-f781-4b24-930b-c89f6926ba07,BKA,MS-E3x,MS-E3x,K02
d25da1cc-0f97-4e3f-ba9b-7794ed00a675,BKA,MS1x,MS1x,K00
d235a269-bc4f-49b5-bba0-5441cf369112,BKA,MS1x,MS1x,K01
3d92a967-756d-40a9-badc-ba9519d71b52,BKA,PH1x,PH1x,K00
ac4d4cae-59c7-4c42-889a-28d0fe1b0b4b,BKA,PH1x,PH1x,K01
07e40d1a-c8c4-4416-b934-5bf7c281831c,BKA,PH2x,PH2x,K00
3277069b-d22c-47dc-85b8-7c06652a2f35,BKA,PH2x,PH2x,K01
b209e5f8-3289-402f-83b3-8058569e4723,BKA,PH3x,PH3x,K00
64ac46b3-d451-45ff-b278-6b7162fe36f8,BKA,PH3x,PH3x,K01
65871fd6-a6be-4790-a886-c388e4b7fa6d,BKA,TE-E2x,TE-E2x,K00
5dfe243a-2700-405f-8b4e-12ebdf2f0f63,BKA,TE-E2x,TE-E2x,K01
28bf8485-6ba2-44f4-9ed6-0c139073a481,BKA,TE-E2x,TE-E2x,K02
55dcc4bc-ae30-4710-b5ec-823d8961bae7,BKA,TE-Epx,TE-Epx,K00
afa41ddd-0dbb-48b0-bcec-428d0f125733,BKA,TE-Epx,TE-Epx,K01
b2801992-6010-423b-a823-f56b0f3f8f8f,BKA,TE1x,TE1x,K00
5cc5767c-f306-4a36-a99e-374214cb33b0,BKA,TE1x,TE1x,K01
ecf3f5ca-d9f4-4496-8594-ea85647a38dd,BKA,TE2x,TE2x,K00
40d3a2c6-2a96-4924-b673-be7381db3b06,BKA,TE2x,TE2x,K01
958e5836-4367-4772-b18b-7ef4d69347b3,BKA,TE3x,TE3x,K00
41ae7760-b88c-4561-a283-7fd6e7ec9326,BKA,TE3x,TE3x,K01
870ec988-736c-46c7-8daf-0dd2f7e014f7,BKA,TROY-Bax,TROY-Bax,K00
1c81e726-3491-4ad1-931e-5f43d2f6fe66,BKA,TROY-Bax,TROY-Bax,K01
a2719ad3-aa78-41a7-9b48-1ce763d4c644,BKA,TROY-Bax,TROY-Bax,K02
8493c285-d09c-4c1a-908e-530222d9810d,BKA,TROY-ITx,TROY-ITx,K00
075ffa8a-f768-4671-8bcd-5d9759d19e9b,BKA,TROY-ITx,TROY-ITx,K01
ff69ff92-f0fb-45c3-a9bc-1ad4af2fb916,BKA,TROY-ITx,TROY-ITx,K02
227f6924-0053-430f-98c4-dbd93217c0f7,BKA,TX1x,TX1x,K00
6dc0ece6-31a7-404f-92d9-20785b92f13b,BKA,TX1x,TX1x,K01
1296e0b1-29dc-48b3-a019-2ecc6fbf9f5b,BKA,BF-E12,BF-E12,K00
c7a548c7-bf0c-4fee-b87f-3f402277d373,BKA,BF-E19,BF-E19,K00
970ab3b2-7ed9-48fb-8fe3-5d4131ba02e3,BKA,BF1,BF1,K00
b0673290-3a89-4a18-ab6b-a614362c2c27,BKA,BF2,BF2,K00
822d6bfa-18bb-4247-a2fe-b919ff72d8af,BKA,CH-E11,CH-E11,K00
44689c01-8880-4e5b-b7f4-2225dac72a96,BKA,CH1,CH1,K00
0fcf2b49-2d0c-4c8a-9ec6-784d83f9fcff,BKA,CH2,CH2,K00
89d4e8eb-12ac-4421-9cd3-edf711d8aa8c,BKA,CH3,CH3,K00
6ebd6d75-ff07-48f6-a475-f8920befdd94,BKA,ED2,ED2,K00
ef7ae67d-0058-459a-9984-ccfa260600ed,BKA,EE-E18,EE-E18,K00
0344d299-9ff2-42bf-8068-cb2760fa3a7f,BKA,EE-E8,EE-E8,K00
c924febd-3949-4861-b69f-7b46ab26cfa4,BKA,EE-EP,EE-EP,K00
2ac745b3-adcd-45a4-91ed-0e10015132a1,BKA,EE1,EE1,K00
679f87af-5bfa-499c-9d46-4c7e92fe8f59,BKA,EE2,EE2,K00
c36697b3-a73e-40d7-b445-dd5b61d97a4c,BKA,EM-E13,EM-E13,K00
3a507075-5390-4b3a-82ad-3b000ed71138,BKA,EM-E14,EM-E14,K00
6c6bcf59-b8eb-49a1-93d0-9327674c4aeb,BKA,EM1,EM1,K00
eab9691b-2fb1-4e2b-8176-ac7d731f46eb,BKA,EM2,EM2,K00
235bb870-2a39-4b7b-bb64-57e55ad0d41b,BKA,EM3,EM3,K00
354c716e-8043-427a-ab80-ed6cd3c645e4,BKA,EM4,EM4,K00
a52d75ad-1d0d-46d5-9e61-5408b0ffd9e7,BKA,EM5,EM5,K00
c852b191-7f9e-4265-a5a4-6d0e574b98b5,BKA,ET-E16,ET-E16,K00
1778e2f6-4791-468f-ba93-b7ac66e668a4,BKA,ET-E4,ET-E4,K00
2f71bce9-6234-4eed-8211-9983669d4c1b,BKA,ET-E5,ET-E5,K00
3581d5f4-de65-48c9-8cd0-8df6362bcfe5,BKA,ET-E9,ET-E9,K00
8b296ac4-3358-424f-93ba-b8d06bafec7b,BKA,ET-LUH,ET-LUH,K00
24b718e3-dea2-49b9-8a21-c0d0f368cb20,BKA,ET1,ET1,K00
e0b35d46-ef2f-451f-80a9-5e0aa1f77522,BKA,ET2,ET2,K00
42d90a57-6743-4ffc-a5d6-2ed99e2e657a,BKA,EV1,EV1,K00
5ef7ae0c-bb9a-479d-a060-f4dcc3fef394,BKA,EV2,EV2,K00
09ea6d7c-22ae-48fd-b1b9-91faf569e2d4,BKA,HE1,HE1,K00
44dfd523-d67f-48d0-ab67-e06958b0d0ab,BKA,IT-E10,IT-E10,K00
84e806a1-7994-4591-a3da-c26a2704b123,BKA,IT-E15,IT-E15,K00
aace7382-a077-4a2b-b049-797e275a2350,BKA,IT-E6,IT-E6,K00
3dccee77-7498-4d83-bfa7-002c82bdda33,BKA,IT-E7,IT-E7,K00
71e2b6b8-cefc-4aa9-b2bd-3eabf4e63421,BKA,IT-EP,IT-EP,K00
86ebdb68-e110-4ea4-b864-85f6d889d147,BKA,IT1,IT1,K00
d816c28a-280d-40b6-b0d3-2a71ee2cf2bb,BKA,IT2,IT2,K00
0c5b6eaf-8027-4734-87ed-871220dfa488,BKA,ME-E1,ME-E1,K00
26b3a547-397d-455f-a7ed-989799da9409,BKA,ME-GU,ME-GU,K00
72b58d6b-b511-4f96-af10-243243394d16,BKA,ME-LUH,ME-LUH,K00
a44b46c1-107f-4386-a974-500edd30d872,BKA,ME-NUT,ME-NUT,K00
675a32c3-60f9-4701-83eb-3869e577a54d,BKA,ME1,ME1,K00
a9c391aa-6451-470e-8736-db7dd048792e,BKA,ME2,ME2,K00
40453e54-c4c1-4fa4-b3af-6d2b8232da19,BKA,MI1,MI1,K00
571d7e6b-0c25-4859-ae95-1c0d61867bee,BKA,MI2,MI2,K00
4a7659dd-d127-495e-96a0-367158aa6b93,BKA,MS-E3,MS-E3,K00
7e62bdbb-1615-46ee-9620-c870b6f20eff,BKA,MS1,MS1,K00
f28cabe7-5aa6-4db3-b41f-83ab98648d98,BKA,MS2,MS2,K00
c8ec98ad-b728-4e65-810f-0fb7584b1739,BKA,MS3,MS3,K00
5bfaae24-fb56-432a-9d77-6795a087f43f,BKA,PH1,PH1,K00
ec3b8936-d602-4036-88dc-ee9c3ef9db2f,BKA,PH2,PH2,K00
994fbb04-9caf-4021-a2f2-fab9de135dc1,BKA,PH3,PH3,K00
2dfc2b66-6176-4df1-bc87-98435c1e7842,BKA,TE-E2,TE-E2,K00
8da68d86-5244-4936-aee6-69f0d53650cb,BKA,TE-EP,TE-EP,K00
e4d3fcff-74e8-41c2-8267-f6533589d5aa,BKA,TE1,TE1,K00
c39a83d3-1daf-414c-9571-62281ba3ac32,BKA,TE2,TE2,K00
b7bcddce-91b7-4f2c-b74d-fd0164829dc1,BKA,TE3,TE3,K00
8b03113c-102e-43e8-8317-7cfacab3089c,BKA,TROY-BA,TROY-BA,K00
829df3b9-94d4-4bb0-92c6-c04fbeca055f,BKA,TROY-IT,TROY-IT,K00
ff3551e8-3143-4bf1-a1d2-5651c3bf1ea2,BKA,TX1,TX1,K00
a5d7d6b5-6dfc-454f-9605-268bd61531a4,BKA,ED3,ED3,K00
727d4b95-0d9d-4f0a-b3e6-43c25e2cc7ac,BKA,FL1,FL1,K00
43a3ef03-ec1d-454f-be00-73ea226a218d,BKA,FL2,FL2,K00
c66eff84-ece1-44f8-a9b8-4cdfa33b655b,BKA,MS5,MS5,K00
23d443c0-3d52-45d4-a429-1a3db102b51a,TMU,TM01,TM01,A00
55f4bfaf-2f0a-4ac0-8146-efc40a134398,TMU,TM01,TM01,A01
6714cc39-f425-49aa-9d13-70db985d7400,TMU,TM01,TM01,D01
a129256f-412b-4283-b59b-de6bda185db1,TMU,TM01,TM01,D07
027cb0aa-c5c2-491f-9055-c6185aa024e6,TMU,TM02,TM02,A00
7ba1c147-6680-432c-bbcf-d2a45aa5f656,TMU,TM02,TM02,A01
43316e9f-e3c4-423f-819b-fd2a43a1aaef,TMU,TM02,TM02,D01
28c1c204-f44d-4f08-a3c4-e56ae73d7001,TMU,TM02,TM02,D07
d361289f-458d-4ee5-8a1d-afdabe9a830a,TMU,TM03,TM03,A00
39c380bb-6595-48e7-9d34-8b6449b37c2e,TMU,TM03,TM03,A01
a22fb5ff-6904-4aaf-b53c-63b4f63de34b,TMU,TM03,TM03,D01
dd792ba4-74b4-43f0-a3b7-4abe83e4e2d0,TMU,TM03,TM03,D07
a5bc0c4d-5e27-4f1b-a434-923f3744b876,TMU,TM04,TM04,A00
39fbf808-b437-4d19-b230-182008912700,TMU,TM04,TM04,A01
a62f71fd-a57e-4b69-8f75-25e96bda07e3,TMU,TM04,TM04,D01
2a2c8cf1-60e6-4840-b379-efaa4441805a,TMU,TM04,TM04,D07
1beeb7e5-18e1-4c9f-a70d-91ede6e03f8e,TMU,TM05,TM05,A00
d5600739-435c-4b2e-a052-caebb2d1b2f4,TMU,TM05,TM05,A01
503784d4-a45c-4b27-9c28-fbcaf781e04b,TMU,TM05,TM05,D01
46bcf431-7e56-440b-abea-e0fc463cd4ed,TMU,TM05,TM05,D07
d58d88e4-3d98-46a8-8365-fa489970372c,TMU,TM06,TM06,A00
23b87826-c091-4ec1-9569-dc3da0a44472,TMU,TM06,TM06,A01
4ec35ede-fd42-47ae-8090-1b45d06dac21,TMU,TM06,TM06,D01
d69062af-6ab9-4e1b-85ea-1e1336ee8a0d,TMU,TM06,TM06,D07
9351ac27-7630-4304-871a-d87e6652deb1,TMU,TM07,TM07,A00
1a74142d-67f0-4a2e-a449-ad8ce0009d2b,TMU,TM07,TM07,A01
0e6fa867-ad27-4e29-ba7d-09dc3f4bb472,TMU,TM07,TM07,D01
17fd06fd-7f91-4ebe-b4a9-4ed8181835f2,TMU,TM07,TM07,D07
bba1f585-9e6c-4018-8bec-6883108be9c8,TMU,TM08,TM08,A01
6a36cadc-ae36-4dab-a0be-574855899a0c,TMU,TM08,TM08,D01
877b2b2a-6f3c-4c3c-a2f2-5e05031a3014,TMU,TM08,TM08,D07
b8879471-f49d-4718-b853-40b0aaa56757,TMU,TM09,TM09,A00
1f531528-0ce5-4a38-85ea-169065fd992f,TMU,TM09,TM09,A01
f8dec0c5-84b8-4929-a4b2-111d8d69ced6,TMU,TM09,TM09,D01
6bbfd236-90e9-49da-9a83-cc7a37a9e2b7,TMU,TM09,TM09,D07
73e8f8de-ea22-4777-bde6-bcfda4fbd821,TMU,TM10,TM10,A00
689bbff3-56ba-4225-92c1-aa28a5b988a4,TMU,TM10,TM10,A01
1df9a8ef-a59a-456a-b45c-a8f893080e25,TMU,TM10,TM10,D01
f4f0466a-f5e7-4cf7-b76d-874b783779fc,TMU,TM10,TM10,D07
4dd6048e-6fea-46d7-acd4-b4fd4da686a8,TMU,TM11,TM11,A00
612b5523-09ba-4d3b-8ebb-ed6d202ff7a9,TMU,TM11,TM11,A01
513bab5b-0725-4d1c-a49d-e19e86a388de,TMU,TM11,TM11,D01
366f3675-1435-47cb-a9f3-49ed978a9ea5,TMU,TM11,TM11,D07
e26b2f09-0bd0-40a0-a096-cf6888feaa1c,TMU,TM12,TM12,A00
3652bdc4-613d-4352-9bcc-7b78c4ad5908,TMU,TM12,TM12,A01
5883fdea-4ccd-427a-ba46-19230889712b,TMU,TM12,TM12,D01
da926f09-4c36-4324-9511-4cf6c23505e0,TMU,TM12,TM12,D07
dc218365-070e-4cc4-93f3-049a532112a7,TMU,TM13,TM13,A00
6ec63ff0-fc7e-4d16-9fc8-0f69ccd48d25,TMU,TM13,TM13,A01
7bd7cf4b-ef8a-4593-a499-e26116538c36,TMU,TM13,TM13,D01
32911c07-a365-4a03-bba7-4e036170df17,TMU,TM13,TM13,D07
26ffb7a4-e452-4e43-bfbc-768f624c7126,TMU,TM14,TM14,A00
974b0e74-1d6b-43ce-8196-57fc712ea9cb,TMU,TM14,TM14,A01
434399ee-5e01-41db-b170-6b3270b4ed4d,TMU,TM14,TM14,D01
68d29cbd-80a6-4ab0-b970-d98597370018,TMU,TM14,TM14,D07
a7096a2e-ff2a-4e6a-8647-69026875c5f5,TMU,TM15,TM15,A01
ddcaadb8-6842-4311-ab90-3e8dcfd8b50c,TMU,TM15,TM15,D01
1ed8d518-5b18-4eeb-a5c8-262e0abd3b79,TMU,TM15,TM15,D07
b0f94ce5-de70-47b8-b1b8-f9d15230b0da,TMU,TM16,TM16,A00
615262a4-3d1d-442d-a23e-844f3d6d48d1,TMU,TM16,TM16,A01
3aa36483-2857-417a-9d50-d2be501e0d88,TMU,TM16,TM16,D01
3797d6d1-956a-4bcb-bf2c-37ffbb308e4a,TMU,TM16,TM16,D07
dbe0d2b4-ad4b-49e0-b358-b4cc4f8afc72,TMU,TM17,TM17,A00
f76e5622-6e3f-4fee-a0db-f5f386e43b94,TMU,TM17,TM17,A01
df1727ab-6e6a-49e4-85ac-e587c7f38f2a,TMU,TM17,TM17,D01
4050b56a-19fe-4ead-a9dd-50faf8eab803,TMU,TM17,TM17,D07
87811292-58b6-4f3f-916e-5ae53737c7eb,TMU,TM18,TM18,A01
e4f01dc8-adee-4079-80ba-5364bc840884,TMU,TM18,TM18,D01
0717e8b8-b720-4b5f-a902-72af42ff57f2,TMU,TM18,TM18,D07
535540cb-1297-4b93-b21b-07025ada3b0d,TMU,TM19,TM19,A00
1b2112b0-a45a-4c78-b2c0-95fcdeb4ab40,TMU,TM19,TM19,A01
b7e1b5de-e049-47de-af04-bb0f66bdf250,TMU,TM19,TM19,D01
9a485f8b-62ac-42bd-8ea7-ae8d59f5f9b0,TMU,TM19,TM19,D07
9b97e82c-5d1b-4bba-956e-28f250a21844,TMU,TM20,TM20,A00
38558674-78f4-43c5-b554-8c437f6b668b,TMU,TM20,TM20,A01
2cd4faa1-4d0f-40ee-b439-5b9b5d4c7c29,TMU,TM20,TM20,D01
1870c1ea-ad33-42ff-8d2c-a688615a4e67,TMU,TM20,TM20,D03
dd89a1d3-27d2-4039-b271-ed79d0f9cc4b,TMU,TM21,TM21,A00
b2084dbb-344c-4e83-8363-5ff14b99eec3,TMU,TM21,TM21,A01
50a9ad43-31fa-4f3c-bc0e-2f2cf8e36262,TMU,TM21,TM21,D01
c1010cfb-4013-4c6a-bda9-9aae9fb6f56b,TMU,TM21,TM21,D04
e8b8d172-eb30-4333-95b1-9a0ecb520c07,TMU,TM22,TM22,A00
5b35fc36-2e05-411b-a337-0d997c5e8f64,TMU,TM22,TM22,A01
2e23a438-f966-4a9b-b09d-6478eeae44f5,TMU,TM22,TM22,D01
96e9c7b1-c107-44b0-a6db-11d0ad9175c8,TMU,TM22,TM22,D07
69295022-dcdc-48fd-b3a7-319c21e2f6f7,TMU,TM23,TM23,A00
4486bc23-5810-45ed-a6ff-0f3025171846,TMU,TM23,TM23,A01
3f534108-64f9-40af-900a-ce35494323f6,TMU,TM23,TM23,D01
b6f00a75-5c5e-47a2-bdae-f5ae650eadfe,TMU,TM23,TM23,D07
756223c6-5c1c-47e7-b8b6-399b37113804,TMU,TM24,TM24,A01
49fc9446-58af-447a-9923-ea57ddd1612e,TMU,TM24,TM24,D01
c5471628-0786-41d3-bdfc-9cae71e2f6b7,TMU,TM24,TM24,D07
534b52e5-6ec1-4c87-b375-8c36ab7fc871,TMU,TM25,TM25,A01
c247dd33-9b09-49bd-9b05-d17d92efbb28,TMU,TM25,TM25,D01
2527dc8f-c822-4869-858f-0a7249f7acd1,TMU,TM25,TM25,D07
45ce2c25-8f90-44b9-bc59-a69266139d10,TMU,TM26,TM26,A00
2de429ad-1c94-4829-934c-3ffa1b9ae402,TMU,TM26,TM26,A01
c7a7e894-618f-458e-93d5-29875ba7d92e,TMU,TM26,TM26,D01
cbb8287f-0ee1-4aa2-8f02-c689ba8f5c04,TMU,TM26,TM26,D07
6792ef79-92f3-4343-af7f-a06d29f6f6e6,TMU,TM28,TM28,A00
44096475-655e-443e-bd4a-6b95e2b8eea9,TMU,TM28,TM28,A01
6c8e27b2-7b2e-434a-b852-8673f2cd3147,TMU,TM28,TM28,D01
d2a30113-34d6-4d8d-aa88-e55de8d05b7c,TMU,TM28,TM28,D07
3bc24841-4284-4f7d-8c4a-09cc1660a04e,TMU,TM29,TM29,A00
99e72716-cfd0-4afd-a263-1cce1ac4555d,TMU,TM29,TM29,A01
493698a2-81c4-425c-81da-9931b8225833,TMU,TM29,TM29,D01
a75cf374-778e-48d0-978c-a584782a8d45,TMU,TM29,TM29,D07
e74be926-bb13-4978-9fcd-537294d77f20,TMU,TM31,TM31,A00
fa161ac3-2160-4bdf-8ad8-40abf4b5194d,TMU,TM31,TM31,A01
618a55c3-7060-4327-89b8-65c688b5aa2c,TMU,TM31,TM31,D01
a2b07f70-1feb-447e-b8be-f5e5dfab91c6,TMU,TM31,TM31,D07
ee6dcdec-d680-45da-95e3-b29c3861c308,TMU,TM32,TM32,A00
43e0c12f-3fe8-465e-bb64-05358f643299,TMU,TM32,TM32,A01
acc814c4-3b00-45b0-859a-696a297905cd,TMU,TM32,TM32,D01
8a8d7c78-03f0-4546-a320-8d863ffe81ea,TMU,TM32,TM32,D07
3632af81-93d8-4f68-b163-9973fd4ca489,TMU,TM33,TM33,A00
ce669f9d-d87f-4bd6-9ae7-48577d949a3e,TMU,TM33,TM33,A01
a0255421-9e64-40e4-9288-d94e6d09b315,TMU,TM33,TM33,D01
90b95891-b9ce-4055-9d9c-9dc416401e3e,TMU,TM33,TM33,D07
d5baa457-8ec4-4d66-bf1a-4af7b4e0a0b7,TMU,TM08,TM08,A00
a6087a25-0899-49bc-a2fb-75ada0832f7c,TMU,TM15,TM15,A00
d6093cc9-0c36-4096-9b15-29f88aa7d50c,TMU,TM24,TM24,A00
a9ff3f6b-9dfc-4d41-a0a2-89ad3e6d2b43,TMU,TM25,TM25,A00
325efa17-7f81-45a0-8194-c37357fdaef6,TMU,TM27,TM27,A00
f92deda9-7220-4f7d-b58d-0e02ef245afb,TMU,TM27,TM27,A01
9080a6d5-2d6a-4b7b-80a6-8fb1b44b8950,TMU,TM27,TM27,D01
16b2d42f-d77e-4776-a6d5-705a4f7cb1ae,TMU,TM27,TM27,D07
2871d278-f08f-43e0-9cfc-d10d4009834c,TMU,TM30,TM30,A00
1b6f1202-0ccc-4d2f-bbf7-aaece722025d,TMU,TM30,TM30,A01
9719af45-74e5-452c-9faa-3e235df0e833,TMU,TM30,TM30,D01
e5b113c5-f9f5-4f95-ac9f-539374e9f176,TMU,TM30,TM30,D07
d7ea693b-6d6a-4ae6-a107-2a74efccc93c,TMU,TM34,TM34,A00
6ec89073-e8ee-4ee0-b950-0c374066a36c,TMU,TM34,TM34,A01
82f4d852-c8bf-481f-97fb-403ed4f02df5,TMU,TM34,TM34,D01
ddcac469-5aab-44aa-868b-a2a48a4566d7,TMU,TM34,TM34,D07
a46210d0-d1c7-4857-ae54-16ad234a1147,TMU,TM35,TM35,A00
6ee8ede3-43bd-4372-8c61-908ab7eb57fc,TMU,TM35,TM35,A01
06de36af-aef8-4247-b789-1036606e477d,TMU,TM35,TM35,D01
b2b81589-0f82-4f90-9f0c-7c4c3b4cbf3a,TMU,TM35,TM35,D07
5defa248-91ed-46ec-9c14-c2a064196ae3,TMU,TM36,TM36,A00
091e20fd-0d4a-4228-8e21-2440b595c743,TMU,TM36,TM36,A01
34a26f42-6a94-4603-b995-dfdbcf5ad012,TMU,TM36,TM36,D01
1ac719a9-7bc8-431f-8fef-2b8bd36a8777,TMU,TM36,TM36,D07
bfeae0a0-6793-487e-aef2-b915f16beeeb,TMU,TM37,TM37,A00
253e4d4a-e9df-4d0b-b708-a08bfb3b59be,TMU,TM37,TM37,A01
9897cb7d-a094-4b92-ba11-2cd162e52a61,TMU,TM37,TM37,D01
498e733e-5eec-419c-ab82-2b894085af7e,TMU,TM37,TM37,D07
dd721eeb-a018-45fa-ab0a-eeb10c4a0982,TMU,TM38,TM38,A00
2451fc5b-8c49-4c5a-859e-2f2e8d0d7e0e,TMU,TM38,TM38,A01
7c9adbc1-3080-44fd-b76b-3a4d58766d3a,TMU,TM38,TM38,D01
09caabb2-762d-4976-9cd6-1ec7fe825d06,TMU,TM38,TM38,D07
c3578b46-628c-47df-b9c8-9ba5798bff69,TMU,TM02,TM02,D09
69c3e0f0-0a2f-4c07-ab6f-d3f89dcab895,TMU,TM02,TM02,D10
2fa57edc-5e30-4dbe-9a95-3c43adcda551,TMU,TM02,TM02,X25
5a1e2b6c-02d4-4dc8-b274-52c3dc21be71,TMU,TM02,TM02,X26
83708111-4bdf-42fc-b5bd-f4ea9c145664,TMU,TM02,TM02,X27
044ae1ce-4aec-41d0-9a30-ab9f264a77e0,TMU,TM02,TM02,X28
b90c0697-ac93-4391-8ac1-e31158058ea7,TMU,TM05,TM05,D09
6d1e40a8-e783-4358-a0b3-7547c3249727,TMU,TM05,TM05,D10
3015e326-c3e5-46ea-9460-419129fb07ab,TMU,TM05,TM05,X25
3b1aaef9-08f7-4582-b114-0191b58a9fbf,TMU,TM05,TM05,X26
261c5417-bea5-439e-8413-0d27298bb620,TMU,TM05,TM05,X27
0b32ed22-1469-440e-8511-dad576d55d52,TMU,TM05,TM05,X28
e172e288-7572-4c1e-a0a7-fc4c59b11975,TMU,TM08,TM08,D09
dc0025a6-0923-45e6-bc2d-4172ddfd545a,TMU,TM08,TM08,D10
7c968f8d-da77-46cf-aca5-5be17041ba03,TMU,TM08,TM08,X25
8c465def-fff7-48f2-8f8c-da5318adfa6c,TMU,TM08,TM08,X26
21f22158-07e7-47e4-9516-ff9f0050130e,TMU,TM08,TM08,X27
e9d0a19a-a2b2-4317-aa11-972c29e9b3fe,TMU,TM08,TM08,X28
0d1d4756-7489-42da-9f3f-49e6f3d99b32,TMU,TM11,TM11,D09
802b256e-1d54-436d-9116-01e41ed19581,TMU,TM11,TM11,D10
c48e400b-51f0-4a92-88c4-529fae5d6aa5,TMU,TM11,TM11,X25
d380095e-9f20-4655-aa32-fc7aefa14647,TMU,TM11,TM11,X26
6eedf9c0-121a-4744-8a56-9d3b5afb0b01,TMU,TM11,TM11,X27
df19e05d-b81f-4256-8ed7-62a9ba00f7c0,TMU,TM11,TM11,X28
a00f21b9-778c-4a67-a44e-d287f74929eb,TMU,TM13,TM13,D09
8b2390df-9c13-4a66-abdb-a045a0f58d77,TMU,TM13,TM13,D10
2ba651f6-6ef1-4b22-af82-9e350d3739ad,TMU,TM13,TM13,X25
bd0ebdde-a70d-4ad4-872e-4405163d9e31,TMU,TM13,TM13,X26
f50d2fa7-3873-47dc-bc7a-341182160a25,TMU,TM13,TM13,X27
93ccd310-092a-4888-97a6-30de40583da8,TMU,TM13,TM13,X28
63b2cc30-bf22-48c7-8712-f55eb98dd2d9,TMU,TM16,TM16,D09
e4d4071b-8edb-4d7d-86fb-2582cd8b4955,TMU,TM16,TM16,D10
143e6fc7-9cb9-4082-a37c-ffd18e730373,TMU,TM16,TM16,X25
66f5b01e-37a3-4b23-84c7-d1375af670dc,TMU,TM16,TM16,X26
3d3c7bac-b9b9-4b8a-a0a9-80cc1fec998b,TMU,TM16,TM16,X27
16ffedb5-f5c9-4354-b703-5d1f441af5d7,TMU,TM16,TM16,X28
002e6dea-a72c-44ab-b19a-7813d25a93e3,TMU,TM18,TM18,D09
ab89503a-7816-4afe-906e-0f8bdc17ddfc,TMU,TM18,TM18,D10
e16c392b-a14d-4423-85b9-d34b1c4cc573,TMU,TM18,TM18,X25
070a4fd7-c02d-4ef5-84cd-3e50c7a6748e,TMU,TM18,TM18,X26
95bc29a9-5f36-474c-b017-9f91914fe323,TMU,TM18,TM18,X27
7825ccf1-0512-44ec-985c-01168fa7511c,TMU,TM18,TM18,X28
4c0008bc-e78f-4a27-9844-c8b0baa14e50,TMU,TM20,TM20,D07
cdc6730b-2713-4ed6-adfa-5149a67cf100,TMU,TM20,TM20,D09
df1e6230-e961-4027-89a8-960d68585c25,TMU,TM20,TM20,D10
c6c533a7-4cd5-423c-9bcb-9db689b6c0dc,TMU,TM20,TM20,X25
26a2520a-a715-4f71-be31-58b8cf48d897,TMU,TM20,TM20,X26
ec10ce54-c276-4d7b-8d1e-c4dc1dd8ac8a,TMU,TM20,TM20,X27
bbad1f20-6cde-4a5b-9d7f-9c95bb9fe500,TMU,TM20,TM20,X28
86f03a6c-958f-432f-af03-ed86ab6b3e12,TMU,TM21,TM21,D07
0acebdcf-d881-4561-a864-19824fdfffa9,TMU,TM23,TM23,D09
7bf1996e-4ba3-47d3-8383-787058384f15,TMU,TM23,TM23,D10
86ea1046-a66b-49fe-a13b-876932ad0a0b,TMU,TM23,TM23,X25
b1299146-f59c-48f8-90b7-84e4742756f9,TMU,TM23,TM23,X26
dffc0dd7-712a-48be-84cf-50ef8cb04caa,TMU,TM23,TM23,X27
1834e5d0-d64c-452d-8dfa-47b32dc14916,TMU,TM23,TM23,X28
96f97ed3-d263-46aa-8a18-bb5ad6a5eff4,TMU,TM25,TM25,D09
87a1cca3-a8a8-4708-85a4-c4e4b0fdebfb,TMU,TM25,TM25,D10
38989ade-47c6-4d30-b2b1-a146244776c5,TMU,TM25,TM25,X25
a22ece71-80d8-4ebb-8c78-176a2eedfd96,TMU,TM25,TM25,X26
03db9182-f97c-425c-807e-57f9b517e007,TMU,TM25,TM25,X27
22992b74-e287-4bf1-8a2a-617335d1c776,TMU,TM25,TM25,X28
7400f5ff-fe0a-4936-ac99-22a015e68580,TMU,TM29,TM29,D09
fc71c65f-de6d-4c54-beec-d2c5ada4b307,TMU,TM29,TM29,D10
b8f3c72d-fce7-4a6b-9aa4-c344e61e66bd,TMU,TM29,TM29,X25
8aeb4665-5b79-48e0-8c04-beccfd516978,TMU,TM29,TM29,X26
81167a7a-f299-405b-9097-80ff72c882c7,TMU,TM29,TM29,X27
cb7ce844-50dc-4f2f-8ee4-ac6723bd5db2,TMU,TM29,TM29,X28
7c08d6ee-dd6f-4173-9341-61deb1a9cdbc,TMU,TM32,TM32,D09
8944feda-39d2-4c11-856b-39f56289af68,TMU,TM32,TM32,D10
cdb9efac-63b9-45ad-a7a0-431ccc99756b,TMU,TM32,TM32,X25
58e5bf3b-ae08-4eb7-a357-76cb11645ee1,TMU,TM32,TM32,X26
8249c241-d325-4441-948a-3bb711f82e48,TMU,TM32,TM32,X27
09a38a62-17eb-4154-8626-41a80b733351,TMU,TM32,TM32,X28
290746dd-fc1b-40d3-a520-874da8122b95,TMU,TM35,TM35,D09
ffe167c1-2ce5-413e-a1a0-e2720261c815,TMU,TM35,TM35,D10
60efe3b1-744f-4eba-af79-967e6745d64b,TMU,TM35,TM35,X25
0cd51438-2a2b-42b9-b683-a82b9213eb41,TMU,TM35,TM35,X26
a1119486-b9b6-4a63-9f81-d493f354e65f,TMU,TM35,TM35,X27
11ff3974-aef2-4681-9283-ee84e388500e,TMU,TM35,TM35,X28
15c4b2e2-f051-4a40-bd66-cb1773441eb5,TMU,TM38,TM38,D09
bb45991d-411e-408c-9efe-b85024aa85c7,TMU,TM38,TM38,D10
1012c2b8-1bf7-4727-b6f9-95ada4c80e9f,TMU,TM38,TM38,X25
63b0515a-afb2-41e5-a3ae-e232ff3b34ab,TMU,TM38,TM38,X26
d36e6869-f59d-4e82-b0b9-dd5d0d531233,TMU,TM38,TM38,X27
1ed9aa6a-b04a-41ef-ab33-8c8bd12c556c,TMU,TM38,TM38,X28
12f831ed-7511-46ca-8ce0-e0b80e0b23d7,TMU,TM39,TM39,A00
6229ca76-3167-4dfd-b193-b8fa7b33f462,TMU,TM39,TM39,A01
27778817-b0d0-45a8-b461-c3020be8d82b,TMU,TM39,TM39,D01
ce7bb60d-7196-44e3-99dd-6a5ec26c76a3,TMU,TM39,TM39,D07
bd5dbde5-6d5a-4ee8-9406-f47b256dbf26,TMU,TM40,TM40,A01
f238fcaf-4c60-4534-9d92-e48cd75bcb1f,TMU,TM40,TM40,D01
4aeee63d-3db0-45c5-a436-3221597c7a8c,TMU,TM40,TM40,D04
4724b85c-0d8a-4d0a-9569-b19099b14ce8,TMU,TM40,TM40,D07
d335a055-056e-4c95-ae6d-5a465bf40f50,TMU,TM41,TM41,D04
1841bb7f-fad4-4b85-88fc-c914c4f8678e,TMU,TM42,TM42,A00
c36a3750-2ace-4a85-ac37-7d777290acdb,TMU,TM42,TM42,A01
32db98ad-e1b9-4621-9a72-10387a5e5157,TMU,TM42,TM42,D01
e0ad6c44-4661-41dd-bcdd-3bfcd8ff3fca,TMU,TM42,TM42,D03
8afe8e5d-fa85-49cc-b9d6-22215c53da64,TMU,TM42,TM42,D07
5c653d5a-26a4-4ab5-b4bb-db7a591e0359,TMU,TM43,TM43,A01
4f5bf53e-4e1d-48ad-9cd6-6826185e6586,TMU,TM43,TM43,D01
a6ca39f9-cef6-4bf4-83b9-2136b41b426b,TMU,TM43,TM43,D07
35062f86-99b2-4a9e-b627-a7e0684af64a,TMU,TM43,TM43,D09
b01f63ac-c101-4643-836d-8d6fc3b757d6,TMU,TM43,TM43,D10
ab05b30a-5a35-407a-885a-1a1960013d1f,TMU,TM43,TM43,X25
b34a580b-69a9-4684-92ea-db05db2902e9,TMU,TM43,TM43,X26
3d686131-3d49-47bc-9d96-ed9f0be99649,TMU,TM43,TM43,X27
690b9d2f-e970-46de-9eae-7a76ec579fec,TMU,TM43,TM43,X28
9e1a42b2-000b-4d9c-9b3c-d50b2f2cfa12,TMU,TM44,TM44,A01
64799589-eb15-490f-a803-4639f930bdd9,TMU,TM44,TM44,D01
667eddac-652e-46be-9739-2fb94b118859,TMU,TM44,TM44,D07
297cb976-adc4-47a6-8177-303b0ebfea36,TMU,TM44,TM44,D09
07189c76-530f-4904-b109-db213ba5add6,TMU,TM44,TM44,D10
cb679094-28b3-47a9-8769-7e52f24fbed2,TMU,TM44,TM44,X25
1a023aae-9e71-49ba-8c52-5a89c49b454f,TMU,TM44,TM44,X26
111fe6b3-968d-46c6-aa6c-fd7878d674c7,TMU,TM44,TM44,X27
5776755e-f2b4-4717-b53a-4c4692f0419e,TMU,TM44,TM44,X28
b516df2e-28b6-49c1-a47f-0dac48e2794b,TMU,TM45,TM45,A01
607e37d7-c6d0-4c0e-be1a-d4767f6aef0a,TMU,TM45,TM45,D01
5e4e0b3c-b1aa-4c1e-89f2-da8f8d804db9,TMU,TM45,TM45,D07
eb77fce9-d727-4cfd-a234-08e833517dba,TMU,TM45,TM45,D09
f06c09f6-0a26-469a-a4c7-3a4ac1895ee1,TMU,TM45,TM45,D10
726469f1-b26e-4009-9dfe-4865497302f7,TMU,TM45,TM45,X25
457c5c8b-f9c5-42d4-92ea-9bbd8d8201bb,TMU,TM45,TM45,X26
38041fe1-a487-43e3-8246-015f34e334d7,TMU,TM45,TM45,X27
66292367-2028-461c-a298-c429caa250e3,TMU,TM45,TM45,X28
cf8f595b-cba3-4240-ba8c-4197395e3c19,GHA,7310101,7310101,A00
85c1888e-854e-48cb-981f-55e737c0d916,GHA,7310101,7310101,A01
7cb6dba6-ac36-4c48-8f01-847f872d5653,GHA,7310101,7310101,C01
c93963cf-4c8f-4651-bee8-de59b3591c58,GHA,7310101,7310101,D01
58c07451-837e-4ef5-8257-bf72d52cd24c,GHA,7340101,7340101,A00
7f29282a-63d4-47a6-b74e-d4204fb5c18b,GHA,7340101,7340101,A01
2db5c9aa-28d4-4924-84a6-c6001dc67206,GHA,7340101,7340101,C01
a35a52a4-5f30-4808-a9a6-65aa003fbc30,GHA,7340101,7340101,D01
e41c5f10-8c11-4b61-9005-c8665d7f7633,GHA,7340101 QT,7340101 QT,A00
d181df19-7dec-4da6-b3f1-94926e17d8c9,GHA,7340101 QT,7340101 QT,A01
b2202306-038d-4fdc-a682-ad6409ca3789,GHA,7340101 QT,7340101 QT,C01
21a828e6-6932-4581-9612-3e4a46d845f9,GHA,7340101 QT,7340101 QT,D01
5c0c3dc7-cac8-47ab-bf8e-4af31a75868d,GHA,7340201,7340201,A00
316be657-e092-4992-a937-d1b3cbd49e72,GHA,7340201,7340201,A01
6c504efb-04ac-42da-a620-89c270cef032,GHA,7340201,7340201,C01
88eeefed-94a7-4c75-a7d2-1e1f7dcd5a5f,GHA,7340201,7340201,D01
8478f8d0-04f0-4642-b5c7-dc555366d3cb,GHA,7340301,7340301,A00
fce62b62-1252-4310-98b4-54753095644f,GHA,7340301,7340301,A01
cc84d682-3cba-4c6c-998d-904066f6805a,GHA,7340301,7340301,C01
dc489ac1-58cf-4e6e-9be0-803a5910d137,GHA,7340301,7340301,D01
c595d5fe-9845-47a8-b09a-b09637b8505f,GHA,7340301QT,7340301QT,A00
b1bcaaf3-616f-4ee0-8d77-87f372805620,GHA,7340301QT,7340301QT,A01
2057fbc6-0e6e-4474-8f9b-5072452b8296,GHA,7340301QT,7340301QT,C01
1fc95798-4bda-499e-8a32-0f0dfead3e5d,GHA,7340301QT,7340301QT,D01
d9436d64-2b78-4799-a4cc-74b2b99a6764,GHA,7460112,7460112,A00
5fc77efd-f4f4-4329-af43-0410621bf176,GHA,7460112,7460112,A01
a8878384-d86b-4398-b59c-38940f0df6be,GHA,7460112,7460112,C01
8434dfe5-ff4d-49fa-9191-5ae4351bea79,GHA,7460112,7460112,D01
70ce5112-3522-48e9-9195-6652dde1f18d,GHA,7460112,7460112,X06
d74e1134-fbb6-463f-863a-736448822559,GHA,7480201,7480201,A00
d7c49fb5-275b-4a4d-af39-46dc45317925,GHA,7480201,7480201,A01
173ceab4-24b7-4303-83ca-8c08330ed554,GHA,7480201,7480201,C01
d423dd2f-595c-48fc-b32d-f599004fa7aa,GHA,7480201,7480201,X06
d0f9149d-e4e7-4ae6-9dd0-a4ca3885303b,GHA,7480201QT,7480201QT,A00
4a983686-f3aa-4536-8a95-2c2c11e60504,GHA,7480201QT,7480201QT,A01
a0bc3818-6f60-4840-bedc-33f3b7cb268e,GHA,7480201QT,7480201QT,C01
c7df4073-a003-4fef-8ecb-38c3d94c6455,GHA,7480201QT,7480201QT,X06
2e09c936-cec5-4d84-b1c1-776e28b08d18,GHA,7510104,7510104,A00
e6f05e13-618f-4b73-b5c8-6d6f96a39ddb,GHA,7510104,7510104,A01
eb6f88e7-3e57-4d16-850e-f2bacb1c7c13,GHA,7510104,7510104,D01
3cd4150e-cfac-4948-ae7a-b4a31456639b,GHA,7510104,7510104,D07
17c5bdef-b855-46fc-ab10-74e6c777e0ba,GHA,7510605,7510605,A00
1320ccc9-4df3-4cc5-9110-08f082c5d19a,GHA,7510605,7510605,A01
9f59501a-2b68-4f6a-850a-c3cf7ee588eb,GHA,7510605,7510605,C01
b5cc57a1-9563-4239-b0a4-ebb9c76cd908,GHA,7510605,7510605,D01
012a769d-51f9-4ed9-83a2-94afde31ec5c,GHA,7520103,7520103,A00
85536a87-3dbb-4d88-bcf8-e36f0841ecae,GHA,7520103,7520103,A01
fff020c9-c88e-4ff0-86b2-565be0a404eb,GHA,7520103,7520103,C01
de65b419-4abe-48e9-a829-3bf9b7ee6ffb,GHA,7520103,7520103,D07
a1b8b63d-c699-4075-8ecc-53a4f1a96d8f,GHA,7520103,7520103,X06
79656939-50c9-4410-87ae-5779db5e7bcd,GHA,7520103QT,7520103QT,A00
f72d437e-2e59-4d30-bc51-0049db5a918a,GHA,7520103QT,7520103QT,A01
49d62a8d-006a-4a1c-9ac0-51afe2aad194,GHA,7520103QT,7520103QT,C01
489a3281-c1d4-43e0-ab00-2cdef2b06b93,GHA,7520103QT,7520103QT,D07
11c409f1-2e84-465f-8f48-b37f4a12d3bc,GHA,7520103QT,7520103QT,X06
6bce37eb-5ef5-4a89-b7e0-6b2cac80fe88,GHA,7520114,7520114,A00
9a888fdd-7c20-4fce-92d0-04039130e1f5,GHA,7520114,7520114,A01
074ad3c5-908a-4e7e-92d2-46ec7c6c989c,GHA,7520114,7520114,C01
172e2479-d38b-41ce-a14c-0ceb43895b36,GHA,7520114,7520114,D07
684b5f0e-561f-443b-a892-0091b5e6c795,GHA,7520114,7520114,X06
8845a95f-11ee-4126-81f3-11cf8d0359a1,GHA,7520115,7520115,A00
a89d9f73-5824-4819-bb76-97c507e6d1a4,GHA,7520115,7520115,A01
4f602f66-4b2c-415b-87e4-a77bb809eefe,GHA,7520115,7520115,C01
203dcc68-a2a4-43b1-be59-a24e1d01564b,GHA,7520115,7520115,D07
e8be14cc-6619-4986-8952-72a4366e1747,GHA,7520115,7520115,X06
1e5a5b47-0f67-462b-8ed1-c622067f24cf,GHA,7520116,7520116,A00
711ae048-a10e-4b64-9b63-488431684c47,GHA,7520116,7520116,A01
e3b89ac1-cbb4-4c6a-ac7a-433c0cfb641a,GHA,7520116,7520116,C01
6c41fcf2-b4dd-4e66-8808-bc0e672477c0,GHA,7520116,7520116,D01
ded8f602-4498-46ec-ac8b-46227363defd,GHA,7520116,7520116,D07
688b3164-6ff7-48a2-8e42-3887a1e403d2,GHA,7520116,7520116,X06
6c684a3d-5c15-4395-8ad3-e8c07cbf7c71,GHA,7520130,7520130,A00
fdb282d5-4b77-4e58-a324-936226286563,GHA,7520130,7520130,A01
b1279f84-0d23-4883-a28b-f29933412c41,GHA,7520130,7520130,C01
3f4f9403-6592-4248-90f9-c3249828bd76,GHA,7520130,7520130,D07
2ef0ea88-88fe-4fc8-a48a-f6300bfb6843,GHA,7520130,7520130,X06
d4fa23fd-7d4f-45ee-bd15-9350706cdc59,GHA,7520201,7520201,A00
e3641863-99e2-441d-827d-8be0ac76b5f3,GHA,7520201,7520201,A01
29b3dcf6-6f2d-43bd-93fc-54bad27af1fa,GHA,7520201,7520201,C01
9de70a93-b814-4a49-a430-d7c17ef86208,GHA,7520201,7520201,X06
40a8697e-4fe9-47d3-b8f3-52a4f44b033c,GHA,7520207,7520207,A00
bf915867-9e2a-474b-a3bc-41212dee142b,GHA,7520207,7520207,A01
b4b866ec-cadd-4fc1-8b64-e5ded5927e13,GHA,7520207,7520207,C01
147d4272-9f00-43b2-bac4-5a8d82d3fa88,GHA,7520207,7520207,X06
9d97c145-fc1b-451b-bde3-c1ed3b44fbff,GHA,7520216,7520216,A00
66ecd17f-890c-4769-9c32-d24dc40d9ae7,GHA,7520216,7520216,A01
1cf63979-5267-4118-a523-dce5ab3d1ced,GHA,7520216,7520216,C01
fbf757a4-20b7-44a9-965a-cfb657415bd1,GHA,7520216,7520216,X06
a23be10a-e929-43de-bbe4-c50525a81aac,GHA,7520218,7520218,K00
69116e81-fd03-4f04-b2d9-83ecd3a06942,GHA,7520320,7520320,A00
0b5aeffe-5f62-41d4-8bf0-44a8d75be339,GHA,7520320,7520320,B00
45624d64-20fe-4e75-8ef4-988a9ba3269f,GHA,7520320,7520320,C01
858520c4-43b1-4712-bdf7-46a392b466d2,GHA,7520320,7520320,D01
61c5a161-a074-413c-932e-444e8eaa74d5,GHA,7520320,7520320,X06
514b87df-5bfd-4bf8-a842-bb74d18223e4,GHA,7580201,7580201,A00
ee951eeb-7360-4a08-9339-7f1e88a1cb9a,GHA,7580201,7580201,A01
176f062a-eba0-43cb-925a-70d4d4034e54,GHA,7580201,7580201,C01
f795e649-150b-4d71-9e99-ad555f49d0eb,GHA,7580201,7580201,D01
960f29f7-16f7-4628-9e09-d10ad30eac5f,GHA,7580201,7580201,D07
a1a45118-6fc6-47d3-8f7f-a342cc50ec61,GHA,7580201QT-01,7580201QT-01,A00
ec98bc3d-2f71-448c-aa9e-ee14ed07329c,GHA,7580201QT-01,7580201QT-01,A01
200c8322-be7e-4fd2-9d14-7ca947682727,GHA,7580201QT-01,7580201QT-01,C01
88003c1c-3668-4c6f-a56b-1f8bf338067a,GHA,7580201QT-01,7580201QT-01,D01
9b4a5000-9c9d-48aa-93be-16ba8cce39d7,GHA,7580201QT-01,7580201QT-01,D07
7a6f16e2-3150-41ef-aab0-81b76b895cdb,GHA,7580201QT-02,7580201QT-02,A00
2ed7d502-c055-4146-b083-3b38e6fe92c7,GHA,7580201QT-02,7580201QT-02,A01
52f15419-a15c-47b8-a366-eaa0cbbb8951,GHA,7580201QT-02,7580201QT-02,C01
b0167fb4-dde7-413d-90cd-d228a0662504,GHA,7580201QT-02,7580201QT-02,D01
4bdec483-c53d-4696-9440-d28c632efdf1,GHA,7580201QT-02,7580201QT-02,D07
8d324376-f608-4dc3-847c-ec47f95c5924,GHA,7580202,7580202,A00
27af356c-6b8b-4924-aea7-ff352ca53b73,GHA,7580202,7580202,A01
0b3f3be5-90a3-45b9-931d-e331ff6b1ce4,GHA,7580202,7580202,C01
f18d2f8a-4445-4a3c-8f30-f7f5dc8996d3,GHA,7580202,7580202,D01
eb48afaa-b36e-4e3e-a83d-94ed7a4d75ea,GHA,7580202,7580202,X06
a22bc5ff-9a7a-4233-8374-0e90f5ddbadd,GHA,7580205,7580205,A00
d14d8c0c-22d5-4bae-8f96-2ea6981dfd2e,GHA,7580205,7580205,A01
46417af5-e624-40b8-815f-705d2865b582,GHA,7580205,7580205,C01
9dbdd22b-81f0-488f-a02f-5ad3f64c157b,GHA,7580205,7580205,D01
dd8c4d38-55fa-40d7-8d3e-1eeb25d841de,GHA,7580205,7580205,D03
9e090e2f-62e9-4025-b38f-3e1f3a494861,GHA,7580205,7580205,X06
4b97871a-ac97-4897-9a67-051e2c7ac0f6,GHA,7580205QT,7580205QT,A00
0c3e00b2-917b-4ad6-b82c-df4af441f1d8,GHA,7580205QT,7580205QT,A01
051102c0-f660-40b9-9e53-a184df1a8684,GHA,7580205QT,7580205QT,C01
04a22430-cc62-4175-bf42-7a7e32566aba,GHA,7580205QT,7580205QT,D01
2c0023f4-7464-4bf6-aaa9-416704c0b78b,GHA,7580205QT,7580205QT,D03
c0d393a7-e659-4b9a-8895-be84209ae39c,GHA,7580205QT,7580205QT,X06
e5849e90-a115-42b5-95d7-793f96affce3,GHA,7580301,7580301,A00
1012276d-f99f-4f0c-8bf3-7ae7940a2b44,GHA,7580301,7580301,A01
3773a2ac-086c-489b-a33d-62d0d3894741,GHA,7580301,7580301,C01
9791fb14-90cf-4af2-87b1-9151cc028331,GHA,7580301,7580301,D01
db239f24-c0ea-4027-a92b-2782a60f74e5,GHA,7580301,7580301,X06
01d94317-8684-43d3-9c85-4c776bcd5b60,GHA,7580301QT,7580301QT,A00
c06a2196-1633-4eb3-8c6d-0f813f4a2809,GHA,7580301QT,7580301QT,A01
554caf47-ae1e-426e-8ab8-bce0b9238746,GHA,7580301QT,7580301QT,C01
ff88a0bf-0a7c-45a3-b4d2-b468ab6496d3,GHA,7580301QT,7580301QT,D01
1badfd53-21d5-48f1-9d5a-b089d2a0cb2a,GHA,7580301QT,7580301QT,X06
bf3a209d-a2ac-424e-b75d-90a327a1dfe3,GHA,7580302,7580302,A00
6d844957-2376-4ce9-9c9f-ec6354f8d1fe,GHA,7580302,7580302,A01
cb125d4c-3cc4-4c06-8fc4-cfb7ef26ac0f,GHA,7580302,7580302,C01
dfaf364a-4064-4dbf-9db9-87ea7e02b872,GHA,7580302,7580302,D01
e68a718c-5ff7-4117-9a35-e5e3aaa06b4f,GHA,7580302,7580302,X06
28c33d62-0852-41d0-a79e-201dad9e0c42,GHA,7810103,7810103,A00
faf4f482-b474-45b9-997f-41fd76c663ec,GHA,7810103,7810103,A01
a6a994bc-4914-4756-a72a-8347312a7777,GHA,7810103,7810103,C01
6a345a7e-452f-4db8-bebf-cc7ac5015516,GHA,7810103,7810103,D01
0a9a8536-1337-4f79-a4bc-8dcc1a40d4fc,GHA,7840101,7840101,A00
621303b2-88cc-475a-9cd1-4d042f66d41e,GHA,7840101,7840101,A01
77ad76ce-bee4-4691-bf8a-dd2ecfc11f47,GHA,7840101,7840101,C01
eede993f-b6a0-4eaf-94af-d52e263a8dfc,GHA,7840101,7840101,D01
06d03c7a-0f61-4ff9-88cf-b82bfa0aaf2d,GHA,7840104,7840104,A00
8011f7ef-a4a3-43ac-82e2-b40ef2011294,GHA,7840104,7840104,A01
69896cdb-cd4f-453b-8e17-bfc960179c57,GHA,7840104,7840104,C01
0536b1c6-a810-4797-8852-98f3048109ea,GHA,7840104,7840104,D01
2267f81b-0b93-4bb8-89f1-4345340ff623,GHA,7340110QT,7340110QT,A00
54f42e0c-126e-4bf6-8bbc-fa9d6054c37a,GHA,7340110QT,7340110QT,A01
dd25f097-dd2a-47c6-9775-3cb7e2501de3,GHA,7340110QT,7340110QT,C01
da2d4c40-c117-4248-a3a4-323e6fa9bb50,GHA,7340110QT,7340110QT,D01
0df6b450-9cf7-4440-a401-00f78da2cdf4,GHA,7480101,7480101,A00
f33982a2-bf8e-4601-9422-dd334421b699,GHA,7480101,7480101,A01
e7201930-cf73-41db-b17c-11eb53161a59,GHA,7480101,7480101,C01
c01756d6-b1e0-4113-8454-ab65f2655144,GHA,7480101,7480101,X06
f1bef051-86f3-4522-becb-bc43a3cb8a9d,GHA,7520219,7520219,A00
4ca98270-c13c-4cee-9391-0c4d9b28c8fa,GHA,7520219,7520219,A01
2dda7fbd-bb18-45d3-80cf-ee6a56209be5,GHA,7520219,7520219,D01
bcc5d994-d1b1-49fb-843a-577b6f1c4f98,GHA,7520219,7520219,D07
5edff8e9-c907-4b0e-ab01-22fc7263872b,GHA,7580106,7580106,A00
2c98c181-e1c4-4585-8537-85c441855d8f,GHA,7580106,7580106,A01
f33b5ceb-f688-43c0-ad88-e6fe681f9df6,GHA,7580106,7580106,C01
9246f6c1-9a99-4bce-ab2c-3f60eeddd08f,GHA,7580106,7580106,D01
9bfec754-ee7d-4cdf-8be0-9fc0da7c2271,GHA,7580106,7580106,X06
2f3142d4-5220-4375-8dfc-dd53f6832b43,GHA,7580201QT,7580201QT,A00
6ca5528f-4ccf-49cc-965a-be03660a9140,GHA,7580201QT,7580201QT,A01
559320f8-bf75-41ae-a788-0e86ffe506ca,GHA,7580201QT,7580201QT,C01
47eab615-4879-44ef-8b31-28defa7a503d,GHA,7580201QT,7580201QT,D01
09e82065-3cfe-4293-a59c-306352b24a63,GHA,7580201QT,7580201QT,D07
4069c0f9-9f0d-42cc-bf4c-b79e4f992e9e,GHA,7580210,7580210,A00
065aa691-dc8f-4318-872f-26061beba7aa,GHA,7580210,7580210,A01
c3e1e764-3666-4a9d-bfac-eff0fa2e8c4e,GHA,7580210,7580210,C01
78dba214-6db0-47fb-8118-fd35b68c3b5b,GHA,7580210,7580210,D01
ee7be3d9-6ca2-44ee-b6b3-28b0d2d27f59,GHA,7580210,7580210,D07
ec8dbca7-a0fe-44ec-9b8c-3630a0eb3ae5,GHA,7580302QT,7580302QT,A00
d9d5122c-2b3d-406e-959b-d5887e56f563,GHA,7580302QT,7580302QT,A01
26f0857f-722c-4bda-bc82-428c0d71a5aa,GHA,7580302QT,7580302QT,C01
c47715ea-d594-40e2-8ef5-f99f4800643f,GHA,7580302QT,7580302QT,D01
673da14d-0aa2-4580-884b-ed80f09a4beb,GHA,7580302QT,7580302QT,X06
fafadd8a-706f-4bbd-92cd-53fdccc0d899,GHA,7340101QT,7340101QT,A00
4db0e445-7d98-4058-a4da-f8f9e4d5012a,GHA,7340101QT,7340101QT,A01
c182c94e-a52b-403b-8925-4e9d77b89d27,GHA,7340101QT,7340101QT,C01
55e3afd2-bc11-4551-b863-792ac8fb6931,GHA,7340101QT,7340101QT,D01
91873cfe-32dc-4a94-9cb2-c4ffe3e0785d,GHA,7220201,7220201,D01
f3763da4-64a9-404c-b813-55cff063338a,GHA,7220201,7220201,D09
068e0c0b-4c89-4494-9324-06d64289fe08,GHA,7220201,7220201,D10
1c309fb8-2a9c-4fa9-be81-d0a76613f7b8,GHA,7340301 QT,7340301 QT,A00
5440a60b-6ed1-448d-9b1d-2b1e205c0a21,GHA,7340301 QT,7340301 QT,A01
118983f1-d474-41d7-9268-a4025757ca04,GHA,7340301 QT,7340301 QT,C01
74334c4e-cc8a-4075-a492-54236f88074a,GHA,7340301 QT,7340301 QT,D01
96980d43-2ba1-4b67-8b3c-5845cd1f1442,GHA,7480106,7480106,A00
fc5a8d53-05fd-44cc-acc1-9feed31ffdef,GHA,7480106,7480106,A01
e624b1e9-093b-4253-b3de-33dcec88c6af,GHA,7480106,7480106,C01
9acfc50c-162d-4d2f-ad40-e35716b475c8,GHA,7480106,7480106,X06
bfc69b0e-8354-4e50-98f1-9f6f792f3e18,GHA,7480201 QT,7480201 QT,A00
a5418cda-d7de-4965-8dbe-8e6c524af906,GHA,7480201 QT,7480201 QT,A01
993ed55a-16e1-461f-8798-d4426bdc4a86,GHA,7480201 QT,7480201 QT,C01
4753617c-05f1-464e-9492-0a6f23cb437a,GHA,7480201 QT,7480201 QT,X06
4a1770da-109d-406e-a70d-a0f71d903e5a,GHA,7520103 QT,7520103 QT,A00
a4731b6a-be6a-4bd2-a654-f4ec9ced1c5f,GHA,7520103 QT,7520103 QT,A01
671bfe12-0d33-44cc-aa11-80181f800ca7,GHA,7520103 QT,7520103 QT,C01
96c891fc-357b-46a9-8ba1-e3763ea911eb,GHA,7520103 QT,7520103 QT,D07
72370532-de6f-4293-b12c-9876e209e3a6,GHA,7520103 QT,7520103 QT,X06
3a81c90f-cdf1-4a79-a20c-50fb6b1cef59,GHA,7580101,7580101,A00
717157cb-3202-4f43-ac29-de879d4fe93d,GHA,7580101,7580101,A01
7244323a-1296-4afd-86c8-0410a1f08b17,GHA,7580101,7580101,V00
2d4dd13c-7e3f-49c7-9a62-239f8a44fe84,GHA,7580101,7580101,V01
9593fa6f-dbc7-44d1-ab6e-557c7f0bda50,GHA,7580201 QT,7580201 QT,A00
7e26a2d5-59ec-4765-9920-b7af2ff1d0c1,GHA,7580201 QT,7580201 QT,A01
dddfffe7-b0d7-4a50-aa78-b2d9533ccfd9,GHA,7580201 QT,7580201 QT,C01
05413188-992b-48c5-a83d-0b2acc066f69,GHA,7580201 QT,7580201 QT,D01
18067bc9-8a1e-4706-9dcf-c1f95ad0d33e,GHA,7580201 QT,7580201 QT,D07
8dbba298-35b4-4fde-9bbc-8dbe7f4c6853,GHA,7580205 QT,7580205 QT,A00
cc43cd29-a629-40b0-a6e7-a4ef5ee4116f,GHA,7580205 QT,7580205 QT,A01
c64d0095-6a35-48b9-b0a4-6b58a95d3c62,GHA,7580205 QT,7580205 QT,C01
79ef00fc-ba4a-42cc-bae2-62d5eb92f20b,GHA,7580205 QT,7580205 QT,D01
b81d1e1f-efee-4bda-8e5a-8e8e891e2a72,GHA,7580205 QT,7580205 QT,D03
4789678a-f0fc-4e51-99ce-065610742719,GHA,7580205 QT,7580205 QT,X06
dc4e62b2-f8d4-4aec-9d63-3744c29aeb23,GHA,7580215,7510104,A00
bfe59a9d-94cd-4a40-a3f7-d218ccdd9cf1,GHA,7580215,7510104,A01
09e0f369-c287-49ad-a9bf-b4787562790b,GHA,7580215,7510104,C01
6749c874-5107-4e05-8925-fbfddd87fbec,GHA,7580215,7510104,D01
f23a93e9-de16-4642-b08b-1546d2e9a663,GHA,7580215,7510104,X06
816e7909-750d-42fb-a263-cf4c26adbbae,GHA,7580301 QT,7580301 QT,A00
65d6d70b-78ea-4eb1-99a1-7d7e0cdf5c16,GHA,7580301 QT,7580301 QT,A01
c7531d00-5b4d-4200-96ab-12e57c663dc0,GHA,7580301 QT,7580301 QT,C01
af8e9540-6893-4400-8ef4-2a652a01d880,GHA,7580301 QT,7580301 QT,D01
fd70da9e-11d5-4b5f-a882-66a2dfa04965,GHA,7580301 QT,7580301 QT,X06
b3c28ebf-4923-4831-a395-8d21edf1790d,GHA,7580302 QT,7580302 QT,A00
81855d56-a874-46eb-8dba-491e25937962,GHA,7580302 QT,7580302 QT,A01
83b9e829-f5d4-4e91-83db-ee8c4492adfd,GHA,7580302 QT,7580302 QT,C01
1c092ed3-3f2b-46f4-813a-24a95c71042c,GHA,7580302 QT,7580302 QT,D01
2f60cc0f-52ce-4c44-bd25-894549f6b061,GHA,7580302 QT,7580302 QT,X06
4972ee4f-60dd-48d6-b296-6787919ab87c,GHA,7520107,7520107,A00
28022c90-a8d4-4093-a03a-9349cbcff22a,GHA,7520107,7520107,A01
f9833e04-d200-4bb0-a517-7a156ee5f5a1,GHA,7520107,7520107,C01
397dee38-17df-4770-9182-677d6cd74733,GHA,7520107,7520107,X06
fcbb3b2f-6e5a-4e7f-9e22-d48e67be0253,GHA,7520116 DS,7520116 DS,A00
a3bfce07-b34f-4b4b-9e37-cd336fb1f238,GHA,7520116 DS,7520116 DS,A01
54eea0c7-5045-42f6-88c5-6544517e2e7b,GHA,7520116 DS,7520116 DS,C01
e53551d0-8756-4bed-83c0-7da12b8125e3,GHA,7520116 DS,7520116 DS,D01
34ba879d-2d72-48a3-97cf-60da7b2bbae2,GHA,7520116 DS,7520116 DS,D07
5832ad2d-6c5c-4364-867f-e7dafb9956d7,GHA,7520116 DS,7520116 DS,X06
60b90fd9-56e1-4646-885c-3c7450c0d084,GHA,7520201 DS,7520201 DS,A00
43054a88-ac35-4b25-a84d-06995652cc04,GHA,7520201 DS,7520201 DS,A01
bd99678b-0d20-4a7d-b2fc-1a68863a17e8,GHA,7520201 DS,7520201 DS,C01
d4c9d859-e6a2-477b-93b8-d87354f40891,GHA,7520201 DS,7520201 DS,X06
06a23a6c-90e4-4f4e-b4ad-240472f48ede,GHA,7520216 DS,7520216 DS,A00
46125f76-0b89-4fc4-95d6-f568f2a676d7,GHA,7520216 DS,7520216 DS,A01
5f79f252-8d6a-401d-b132-98bb34cd907b,GHA,7520216 DS,7520216 DS,C01
738f38a2-65e7-4471-9630-51f497d6bda3,GHA,7520216 DS,7520216 DS,X06
ca1fbc27-8673-40fe-b728-b68584fe0ef5,GHA,7520216-GTTM,7520216-GTTM,A00
1f025813-e275-44c8-935f-7bf3e41f7c7e,GHA,7520216-GTTM,7520216-GTTM,A01
87ebb2c2-a7d4-4c84-9141-527f7310d388,GHA,7520216-GTTM,7520216-GTTM,C01
77725d96-25bc-47a5-9ceb-ab2b6e070a83,GHA,7520216-GTTM,7520216-GTTM,X06
61a96c93-f6c4-448c-9709-274d0cf6f62f,GHA,7580205 DS,7580205 DS,A00
8f1981af-ad34-411e-97d5-c62687a05bd7,GHA,7580205 DS,7580205 DS,A01
b03434a0-9ae3-4f7d-9feb-9aa5fcc6028a,GHA,7580205 DS,7580205 DS,C01
32006c55-bdfa-4aae-8984-5d52726d7423,GHA,7580205 DS,7580205 DS,D01
238da46c-9972-4797-a4cf-70a539af4814,GHA,7580205 DS,7580205 DS,D03
cf4591a8-7528-4e26-8480-e723bcc1e9ac,GHA,7580205 DS,7580205 DS,X06
0cb66228-34fa-4031-bb6d-f693afc22ca6,GHA,7580205 QT1,7580205 QT1,A00
01c0d750-e1fa-4654-946d-8e91cf947680,GHA,7580205 QT1,7580205 QT1,A01
b4e46eb0-6b1a-4353-9d5a-ec0b5c8f80ce,GHA,7580205 QT1,7580205 QT1,C01
247527d0-e905-447b-9de5-cf73ea559ece,GHA,7580205 QT1,7580205 QT1,D01
398949bf-bd75-48f4-812f-4de51199e059,GHA,7580205 QT1,7580205 QT1,D03
d13a530a-bc84-41ae-ba4a-a5fd4fd2c941,GHA,7580205 QT1,7580205 QT1,X06
40762e24-1731-47c5-9d60-b4bc66a19a8f,GHA,7580205 QT2,7580205 QT2,A00
59232eb2-c527-4d54-956d-7be97e374362,GHA,7580205 QT2,7580205 QT2,A01
bf1f8dce-ddf1-44a5-a66e-602d558bdc18,GHA,7580205 QT2,7580205 QT2,C01
23ade338-f891-4083-bdb3-88b728684f1d,GHA,7580205 QT2,7580205 QT2,D01
b9f6e027-4003-4c30-b878-38983b5f386e,GHA,7580205 QT2,7580205 QT2,D03
b4c3e956-6fb2-4a97-a9c3-b5704137abee,GHA,7580205 QT2,7580205 QT2,X06
f7da2fe8-646d-473f-b02f-1eafccf8c3e7,GHA,7580205 QT3,7580205 QT3,A00
14519fb2-6fa8-4cf2-8da9-4f13a385802e,GHA,7580205 QT3,7580205 QT3,A01
65698730-7c19-46aa-9d38-c8578a740095,GHA,7580205 QT3,7580205 QT3,C01
e1a3c7ac-161a-453f-aada-8d7e42f72024,GHA,7580205 QT3,7580205 QT3,D01
dc981c64-1fb2-4453-bf9f-98964b948922,GHA,7580205 QT3,7580205 QT3,D03
8c3a284e-d2cf-4a05-b6a4-4e7dab0d4fc2,GHA,7580205 QT3,7580205 QT3,X06
9e5d4ae5-52d5-4bd1-9599-5fb206d08dae,GHA,7580215,7580215,A00
6522e735-de4b-4089-a500-0271a2d9e62c,GHA,7580215,7580215,A01
06a6cb65-9986-430f-a351-b735597d54fa,GHA,7580215,7580215,C01
42e73d52-2fb4-429c-b117-a42cfdb5960b,GHA,7580215,7580215,D01
4960760a-9f03-4701-83de-cdddfc48a0a3,GHA,7580215,7580215,X06
7b095cbf-3ded-469d-83ab-e257d0ed22e9,GHA,7840101 DS,7840101 DS,A00
dacc90d7-ef31-4766-bbb9-aa9fb591b527,GHA,7840101 DS,7840101 DS,A01
259648bd-3621-4747-9033-e51fa358b5b0,GHA,7840101 DS,7840101 DS,C01
00ea9806-80ad-4139-8f24-aee307317dd8,GHA,7840101 DS,7840101 DS,D01
66caa415-457a-4987-b1ed-22ace866f47b,GHA,7340101LK,7340101LK,A00
83607099-cc68-4d45-a65f-a24018ea7c21,GHA,7340101LK,7340101LK,A01
ca618d94-b7e1-4a39-a103-34e3360b4395,GHA,7340101LK,7340101LK,C01
b0322809-ca89-4e1a-88a3-a023f698da51,GHA,7340101LK,7340101LK,D01
57bdc99e-d9df-407d-ba0a-80a10f20715f,GHA,7580302LK,7580302LK,A00
94ceb6c9-2735-4475-80bb-012322677af4,GHA,7580302LK,7580302LK,A01
b1f5f431-73ee-4e3c-98df-5ce1b4748578,GHA,7580302LK,7580302LK,C01
9a66c0d5-6b96-4e2e-8c1a-6b8646c1c331,GHA,7580302LK,7580302LK,D01
788bac60-33e1-4602-b96c-39afcbc8ce13,GHA,7580302LK,7580302LK,X06
601eb15d-511c-4328-81a3-41b2dca11223,GHA,7340101 LK,7340101 LK,A00
6f01e790-a881-4d50-8d99-1714d09c70f5,GHA,7340101 LK,7340101 LK,A01
42af2cfa-6184-4c0c-b0f3-c0f0c91deca6,GHA,7340101 LK,7340101 LK,C01
cd8c6189-823b-4030-9b30-93e224cae0ba,GHA,7340101 LK,7340101 LK,D01
bfd9fbd4-c2e5-4620-8be8-d1b76e4ac772,GHA,7580205 LK,7580205 LK,A00
166c8177-c566-4b30-baa3-be7b95f5fc35,GHA,7580205 LK,7580205 LK,A01
150206c0-aa55-431b-b58d-25169b61c1d2,GHA,7580205 LK,7580205 LK,C01
430a59de-4d53-4398-868c-9388c0df7fd4,GHA,7580205 LK,7580205 LK,D01
42a54f63-7758-4156-a611-ae58e889e4ef,GHA,7580205 LK,7580205 LK,D03
4dfd3af0-30d0-450c-99f2-b20ef84239c5,GHA,7580205 LK,7580205 LK,X06
9b2c6764-429c-4de0-a18b-56e8647f835b,GHA,7580302 LK,7580302 LK,A00
d66ddd07-0610-45cf-b6ee-2c5c6049ccb3,GHA,7580302 LK,7580302 LK,A01
20784360-41b6-45c9-bf2c-4852a75cd477,GHA,7580302 LK,7580302 LK,C01
f38a2601-83cf-471c-9362-f344176c193e,GHA,7580302 LK,7580302 LK,D01
e042a0dc-5f9a-4df4-9609-fb9ae2a5a0b9,GHA,7580302 LK,7580302 LK,X06
2def37e3-cabe-4b3d-84e0-9558f84a9d08,KHA,7220201,7220201,A01
96e32b12-e53f-4d58-8f94-d5fe6f20d891,KHA,7220201,7220201,D01
e042a824-2895-450a-9c1e-218d449f253c,KHA,7220201,7220201,D09
297e5930-2197-4bc2-bf0d-39396b5ea1e1,KHA,7220201,7220201,D10
1d2d45d6-10e5-4fbe-ada6-95caeb267948,KHA,7310101,7310101,A00
72abe765-48ea-4197-b794-61cadc35a6ab,KHA,7310101,7310101,A01
038114af-90cf-4480-be8b-f1eb22c3a86f,KHA,7310101,7310101,D01
a103ab9e-f8a7-4bba-a315-17320b3a7474,KHA,7310101,7310101,D07
673c27b5-b9a4-43cd-ad41-1826603a58ce,KHA,7310104,7310104,A00
cfd96eba-f9fe-4f48-a907-36a857d5a072,KHA,7310104,7310104,A01
d36f9255-7049-4382-b65d-2a68bbdfb2e2,KHA,7310104,7310104,B00
348a0d78-de08-4308-9979-5d920cb0b37f,KHA,7310104,7310104,D01
846a355c-8f7c-4b2b-b948-08dd6df418a4,KHA,7310105,7310105,A00
f2dc2809-5301-4578-b3e5-a00e44889a5d,KHA,7310105,7310105,A01
1107f862-f8bf-4137-b9cc-5a9ad7d797a7,KHA,7310105,7310105,D01
7c123550-3901-4838-964c-29368e0e5d49,KHA,7310105,7310105,D07
567c92ef-0129-402f-8012-b26e3d1e5f08,KHA,7310106,7310106,A00
5b16b6d1-78f5-4a54-83bf-63f82388065a,KHA,7310106,7310106,A01
07e21a0a-66af-4823-ae38-861d105046c8,KHA,7310106,7310106,D01
e8d5e4ef-0ca0-4342-8005-55c95a30a417,KHA,7310106,7310106,D07
cb5ebd11-a064-4f77-9d80-60f0d4b57fd0,KHA,7310107,7310107,A00
44366a70-ec22-430e-b385-95892855d357,KHA,7310107,7310107,A01
39f5399d-6cfe-4564-83ee-1f6edd74a9ef,KHA,7310107,7310107,D01
affe5f7d-c475-43c5-b0e1-e550e015b65b,KHA,7310107,7310107,D07
8bb82692-4391-458d-a561-c87d8d5c7d43,KHA,7310108,7310108,A00
f8e8a669-5690-4b55-85d9-bdd43b4f98d3,KHA,7310108,7310108,A01
bf70bcba-9992-4eb3-b7e6-b380b02324e7,KHA,7310108,7310108,D01
176011b4-6865-474a-9ed9-4e81cb04ee2b,KHA,7310108,7310108,D07
1ff2a12e-ab47-411c-b8eb-d2d1c88dc688,KHA,7320108,7320108,A01
5dce1e45-e673-4028-8e88-4c241d8e2300,KHA,7320108,7320108,C03
edcf0c99-cbb0-4ea2-88c6-32a1d1746ee6,KHA,7320108,7320108,C04
ab662c1c-6bdc-45f9-a9de-450d8eceaedc,KHA,7320108,7320108,D01
840e5940-cb61-4aaf-b190-5984a2d8232f,KHA,7340101,7340101,A00
5372be4a-cf54-43df-91bd-0be5a49ad795,KHA,7340101,7340101,A01
881dca03-bc72-4e28-ac6e-1fb2441dd232,KHA,7340101,7340101,D01
43a2a955-0449-4c48-82c2-4ff2aad253bf,KHA,7340101,7340101,D07
66d55b1f-f620-4921-a9b1-fcadf82858de,KHA,7340115,7340115,A00
0f6ce297-8d02-445d-afb9-51cac1861dff,KHA,7340115,7340115,A01
08bcc808-1e66-4f26-b09c-eb8e55bc51e1,KHA,7340115,7340115,D01
9920f50b-1ee8-413d-9da2-a7fa97fb4ae3,KHA,7340115,7340115,D07
3bbcc479-7762-4060-b808-de4d94b19acf,KHA,7340116,7340116,A00
2be3b055-1b8e-4241-8874-c9f3f804de69,KHA,7340116,7340116,A01
6c5e97f7-3dbb-4950-af7d-0d2ac4a3639c,KHA,7340116,7340116,D01
f1201707-21ba-40ff-ad77-344a38cc0b09,KHA,7340116,7340116,D07
9c00cfc7-cbca-4850-a62d-18b9a437b579,KHA,7340120,7340120,A00
12908e15-685e-4a43-bc29-4d0a13626d4d,KHA,7340120,7340120,A01
d3d6f409-3bf5-4ba0-b545-3c26969bf6c0,KHA,7340120,7340120,D01
aa30bc4e-5b5d-497e-b321-f55e7039ffa3,KHA,7340120,7340120,D07
74e55a24-d4b7-4fef-814c-f6e205627c73,KHA,7340121,7340121,A00
61709d79-ddfe-43d6-8c43-e3c7393b24c2,KHA,7340121,7340121,A01
5e6fc9e4-26f0-434a-9d9d-c1cddc5ac644,KHA,7340121,7340121,D01
e4e366ed-1028-413f-aa81-3ad99698aa0c,KHA,7340121,7340121,D07
c6865c28-2229-46b0-ba1d-e883114503af,KHA,7340122,7340122,A00
5a2ff1f6-39f0-42f3-8ca6-62a1b58c1ee8,KHA,7340122,7340122,A01
0783e5c0-c8bd-4cb6-805b-30ac193bf693,KHA,7340122,7340122,D01
e54be8c2-738e-44cc-b3cd-cb41911f736b,KHA,7340122,7340122,D07
7b0ff707-ce5b-4618-9cfc-1af74885ee8e,KHA,7340204,7340204,A00
cb75574b-1beb-4fa5-9f1b-3e47f1d59252,KHA,7340204,7340204,A01
1d84a8c5-4fae-4db3-b440-0fa8a0b2f578,KHA,7340204,7340204,D01
9fd74b40-9dff-407f-80d6-19d00a007353,KHA,7340204,7340204,D07
53c97c9b-ad71-44f1-8b35-14726733df4e,KHA,7340301,7340301,A00
100924e8-86d1-4346-9652-6908ca2bf44a,KHA,7340301,7340301,A01
f1f6bc30-b751-41a7-a624-0b3c4fdea428,KHA,7340301,7340301,D01
11056b28-7bf0-4969-b7dc-7792ff9b59eb,KHA,7340301,7340301,D07
7a14556c-67aa-47fb-9920-80c8b865ef29,KHA,7340302,7340302,A00
0b8c850b-7b0b-49a0-b235-b7d74c6bac0c,KHA,7340302,7340302,A01
cf8c7adb-4d29-40dc-b09d-852bc17d6a89,KHA,7340302,7340302,D01
7022870b-926b-4da0-b974-080faba40919,KHA,7340302,7340302,D07
da10ee33-06d7-4a97-9d4a-4cbbbd7442ba,KHA,7340401,7340401,A00
907b6399-52c4-4755-9437-b33216df6665,KHA,7340401,7340401,A01
56631ddd-45f0-4c6a-8ff5-e4329bc238d3,KHA,7340401,7340401,D01
1fe33e43-2608-4973-8159-34bee2b6edca,KHA,7340401,7340401,D07
a84a21e3-2025-4fbd-8ff5-49faaf49d0fd,KHA,7340403,7340403,A00
b094ca09-d527-448a-a2e0-90b4633daafb,KHA,7340403,7340403,A01
2bed1536-8d2b-4a6f-af45-31a41f6dc67a,KHA,7340403,7340403,D01
773fa343-e80f-4fef-96d1-25f781cc6fbd,KHA,7340403,7340403,D07
53d08ff1-7391-48b4-9cf2-abe9f69ff118,KHA,7340404,7340404,A00
d0d98f9d-d8d4-4753-903a-8cd570ff1d1a,KHA,7340404,7340404,A01
660b746e-d3b4-485c-86d0-0acde76275ff,KHA,7340404,7340404,D01
5c294f3a-0b39-4075-8bf0-396a3d13344e,KHA,7340404,7340404,D07
b0c608a0-66a1-4f71-aa8f-d397cecbccca,KHA,7340405,7340405,A00
e7ae93c0-10dc-43bc-87be-0425a821ad5e,KHA,7340405,7340405,A01
b5f37289-1234-42ab-8e9a-43bd4c74e165,KHA,7340405,7340405,D01
c13b95e4-3bac-4a82-a7e0-f718840feb3b,KHA,7340405,7340405,D07
47b4c5e0-dcb9-48cc-9112-efa3084da9aa,KHA,7340409,7340409,A00
515c239b-f4ea-4135-b14d-47efcb6d36ba,KHA,7340409,7340409,A01
a76ae542-f4ad-4ae9-bbb7-f3e842e8e8cb,KHA,7340409,7340409,B00
fd521729-ca75-408c-b15d-6c7f2c3667a6,KHA,7340409,7340409,D01
0145b251-3178-4363-a7c5-36b31ffb8331,KHA,7380101,7380101,A00
e472ba54-de09-4f63-b67b-6045de0f4f0b,KHA,7380101,7380101,A01
a7859e1b-75f7-4017-a90b-8c81d1c04914,KHA,7380101,7380101,D01
1b05966d-a359-4375-b132-bed23f20d046,KHA,7380101,7380101,D07
084ec976-cc96-441e-9bb0-4b224d4df5d2,KHA,7380107,7380107,A00
3e79e77c-3f27-4f3b-ada0-0d95bd1f4e42,KHA,7380107,7380107,A01
c82b2792-8374-43f8-8cca-6e6b96c9d573,KHA,7380107,7380107,D01
5b009dd2-3661-4d1c-b8a8-aa755a92d049,KHA,7380107,7380107,D07
a0df4dcd-a3a5-4777-8f23-3f5ab0ef00df,KHA,7480101,7480101,A00
d4eee728-b375-4ab7-ae45-546b815fb4c4,KHA,7480101,7480101,A01
6ec18bfb-b3f8-4564-bc27-4c8c9f7ffb23,KHA,7480101,7480101,D01
7d66dbcd-5175-4f0c-8299-3478d4f9a47d,KHA,7480101,7480101,D07
5565785c-e155-44db-8af6-741a9ba849a1,KHA,7480201,7480201,A00
840254ca-a800-4164-a7c8-646975927d6e,KHA,7480201,7480201,A01
893f17b0-1eec-4810-b566-8016e6e31235,KHA,7480201,7480201,D01
90435078-a1d1-4578-b7c9-71ec2a0ff8b6,KHA,7480201,7480201,D07
232884e7-47fc-4811-8cd5-286490c1d096,KHA,7510605,7510605,A00
bac5c451-ddbb-4813-9be6-43fe4b486507,KHA,7510605,7510605,A01
49e85ad7-8f07-4088-af6f-01f0b0ba8629,KHA,7510605,7510605,D01
be9c7644-b5b1-4103-8695-e39c08102163,KHA,7510605,7510605,D07
6f237bdd-7b45-44a6-b929-8909643a8905,KHA,7620114,7620114,A00
bf80abc3-de6e-4a0f-ba42-2ac794065ad2,KHA,7620114,7620114,A01
28c2ba24-be29-4e18-b141-dc817cb5b25b,KHA,7620114,7620114,B00
4e4d882b-2c1d-45d5-ad28-deed4b6305e3,KHA,7620114,7620114,D01
4b186d1d-900b-4b24-847a-7c43f036fde7,KHA,7620115,7620115,A00
0afd07ef-151c-4c83-ac1f-fcfc5b1e504b,KHA,7620115,7620115,A01
d530fce3-b794-4aef-87cd-6bbdfe437a35,KHA,7620115,7620115,B00
41c095b1-7eee-4753-9239-4d13bb083752,KHA,7620115,7620115,D01
151d7f6a-ace2-4c6e-be57-75a68e91c563,KHA,7810103,7810103,A00
6583081b-46fb-4aee-9e47-ad7161083f00,KHA,7810103,7810103,A01
b32377be-bcf7-4083-811c-48cca2d50cdb,KHA,7810103,7810103,D01
f22ee04e-c5ce-42a0-93d7-c9e338fe0008,KHA,7810103,7810103,D07
03e9ef8e-40f0-4f20-8da3-e58c9a0edd98,KHA,7810201,7810201,A00
ef5976d8-ee8f-41fa-95c8-c8bfa1027bf6,KHA,7810201,7810201,A01
cd8e6b82-8264-4ce2-bc60-d9f157842172,KHA,7810201,7810201,D01
e9fda507-edd2-4cb1-821b-f26291ffd5be,KHA,7810201,7810201,D07
455573a9-944f-4540-b1ba-5621a7e2b305,KHA,7850101,7850101,A00
448afaef-16ab-48bd-8e83-b1f37521fbe2,KHA,7850101,7850101,A01
823dfcf7-ca2a-4512-b5e5-b3a9d5c4ff8f,KHA,7850101,7850101,D01
7687a60d-6cf9-4463-b559-5bdc8965176f,KHA,7850101,7850101,D07
280be043-6691-4beb-8883-c290a5e2a758,KHA,7850102,7850102,A00
010d359f-afa5-4a47-b872-0fef4385d2ee,KHA,7850102,7850102,A01
0dfdf08f-2fa0-4075-a5a1-ade9a4d89434,KHA,7850102,7850102,B00
f22c3186-5e79-4b58-bc11-d23f1ad08500,KHA,7850102,7850102,D01
90385584-a1ac-4414-b979-5961e5181e13,KHA,7850103,7850103,A00
c6522bcf-e9a0-41e1-8c1a-317bb0a0b549,KHA,7850103,7850103,A01
489e91ed-9c44-452c-91f5-9eca82a9f7a6,KHA,7850103,7850103,D01
f45df4e0-b5e4-490e-b6c3-e809026d689b,KHA,7850103,7850103,D07
fa26a762-e2a7-4e5d-8445-e66ce4e02db2,KHA,CT1,CT1,A00
bd0200d7-87f1-4a39-a1f2-43b25bb02575,KHA,CT1,CT1,A01
71f793f4-a38c-46d6-92b7-3158e6aa750f,KHA,CT1,CT1,D01
24b4aaf2-e910-4ea8-a829-5cfe06a4d999,KHA,CT1,CT1,D07
7a1dee8e-427e-4d87-a885-85d5d8c5382d,KHA,CT2,CT2,A00
a11e063c-bdcc-4ee1-ab70-c5fc3a3644b5,KHA,CT2,CT2,A01
30d911fb-ab16-4774-b83e-8d9c32795ea4,KHA,CT2,CT2,D01
d6719974-743a-4970-b023-319f28c67204,KHA,CT2,CT2,D07
4b549fe5-c93e-4711-b077-fb95fce162e4,KHA,CT3,CT3,A00
b9741e4d-beb2-4730-9919-1539e8f83b68,KHA,CT3,CT3,A01
6824b5ee-58f9-4d5f-83e3-d0d83155b151,KHA,CT3,CT3,D01
186a1b0b-13cf-4bf8-8f72-9fe57a0abc51,KHA,CT3,CT3,D07
afc961df-9c74-4aea-991f-00f47feb6341,KHA,EBBA,EBBA,A00
17fffa33-f504-4b56-95a6-edd6a0d64170,KHA,EBBA,EBBA,A01
b02d3d50-5b0b-4133-b68f-13707fe718b6,KHA,EBBA,EBBA,D01
50de4c69-164d-4dc1-adde-898765118b23,KHA,EBBA,EBBA,D07
481d6553-e732-4ebf-a4f3-a13b43ef9d64,KHA,EP01,EP01,A01
82657436-7b6e-4b83-ac57-d8a2e26151bb,KHA,EP01,EP01,D01
c0d6bd2c-70e5-4134-8bb2-abc9bbebb64e,KHA,EP01,EP01,D07
56d148a3-01d9-4c2c-ab88-62b5bb1046a1,KHA,EP01,EP01,D09
17bb1891-58ad-49d3-ad89-dd0972d5420b,KHA,EP02,EP02,A00
de544c35-676d-4f62-809e-cbfa26c5f85e,KHA,EP02,EP02,A01
4f1fda36-14e5-44ce-9b8e-9876ba7cab25,KHA,EP02,EP02,D01
e72966b9-d1f3-4211-b704-2b5e5fff9f1d,KHA,EP02,EP02,D07
f5a34518-c099-4446-afe3-56030e379e79,KHA,EP03,EP03,A00
df5900b8-3f09-4aac-b135-043b862b6605,KHA,EP03,EP03,A01
a93cb3b2-a096-4fcf-a7c7-bce18b6ca781,KHA,EP03,EP03,D01
539405ef-39ee-4d9e-977c-15fd320f1082,KHA,EP03,EP03,D07
39a215bb-388d-435a-9ea0-4be4d8ec79f7,KHA,EP04,EP04,A00
b2edb438-b3f1-46b0-9854-9589ad91a5d5,KHA,EP04,EP04,A01
9abee7a6-4ea6-4bae-b162-ab5b834a2d15,KHA,EP04,EP04,D01
285312ed-d15b-4b5a-97f2-94a607797fd5,KHA,EP04,EP04,D07
e3c9bfc1-c869-4aee-b485-067c3af434cb,KHA,EP05,EP05,A00
979eb44e-5a06-46a8-8695-c43972e29179,KHA,EP05,EP05,A01
ffc4a9fe-bc66-49c1-9de3-df93b342e8d9,KHA,EP05,EP05,D01
32fd3834-f170-4cb9-b076-e596c1b14598,KHA,EP05,EP05,D07
508d9667-4fd5-41f2-a1b1-d140c0fc7491,KHA,EP06,EP06,A00
ca238364-b131-4d75-9f28-6993281021f0,KHA,EP06,EP06,A01
bfabe8d4-94c9-48e3-a231-10af4e72c57c,KHA,EP06,EP06,D01
6e913f1f-0a47-4d48-a327-d52d5282bb75,KHA,EP06,EP06,D07
359aebcd-e275-4539-8fc5-ea0998854575,KHA,EP07,EP07,A01
2c0f9a3a-728d-4c18-aa6f-9c93d0de79f3,KHA,EP07,EP07,D01
ffc0dd84-67c5-418e-8507-249bdd47290f,KHA,EP07,EP07,D07
f62a5f62-c187-45b1-8e1d-e90623779eea,KHA,EP07,EP07,D10
d2f16252-cd09-414e-a033-e58f620e27fe,KHA,EP08,EP08,A01
933e90b6-6354-416b-bfcd-e4892a1d435f,KHA,EP08,EP08,D01
7a7ac2c1-ebe9-44f9-bacb-1a9360d71ce7,KHA,EP08,EP08,D07
5dc46e2b-b7cc-4526-b736-836c2a805f4c,KHA,EP08,EP08,D10
4c21d3df-d3e9-450e-9e61-fc5f330843d2,KHA,EP09,EP09,A00
a678ff60-e327-4231-94bc-afc7afd42762,KHA,EP09,EP09,A01
c889788a-4fbd-4f9e-91f2-4b2d9fb8d72e,KHA,EP09,EP09,D01
1a4ae69f-8c35-4401-b995-04180fb1b45d,KHA,EP09,EP09,D07
35f0bd59-b186-439f-be38-2b99c71b1f80,KHA,EP10,EP10,A01
6606b302-cdb3-4939-a49d-5a4a31bf8183,KHA,EP10,EP10,D01
6301bde8-2717-4ac0-bd8c-55559353b66b,KHA,EP10,EP10,D07
1f06450e-2c0f-448d-b139-eb306458f077,KHA,EP10,EP10,D10
9c556b5e-b33c-42c3-ae8e-e27ff4a5acd9,KHA,EP11,EP11,A01
ed3ec1b6-6945-434e-ab55-712634565806,KHA,EP11,EP11,D01
07511265-f78e-459c-a64c-04329655f52f,KHA,EP11,EP11,D09
bf805a4f-bd9b-4e8a-8d88-75f17f8ccd89,KHA,EP11,EP11,D10
55f1d4cc-b6cc-4cae-b598-fa7d74560365,KHA,EP12,EP12,A00
9d3f39e6-88ca-4c8a-b16c-14b2a104ac5c,KHA,EP12,EP12,A01
2fbed8c0-6cf0-4a33-901a-031edfd32e26,KHA,EP12,EP12,D01
544dd849-4a7c-4f48-a30a-63e9170903a6,KHA,EP12,EP12,D07
afd27695-a8a5-44af-86d1-2fb215d7c5be,KHA,EP13,EP13,A00
9a1e014a-75b4-4150-9682-0fe4e3d3817d,KHA,EP13,EP13,A01
0e98d2da-8c48-4841-ab51-eb8c232fe2c9,KHA,EP13,EP13,D01
cf4770cd-5ce9-4dd4-b323-6198ed45a267,KHA,EP13,EP13,D07
cd2886c6-6d0c-455e-8e6a-cb2936cb8e45,KHA,EP14,EP14,A01
553ebcf9-2549-4e75-9f64-892c854a42d1,KHA,EP14,EP14,D01
0d754a65-dd36-48e5-b03d-36509956877c,KHA,EP14,EP14,D07
7f012645-9e52-4fe8-a7a9-af5a88650eeb,KHA,EP14,EP14,D10
88488c58-088b-4580-aca2-21685c3838e3,KHA,EPMP,EPMP,A00
0686cd0d-2a89-4614-85fd-2fc4c8ce3aa3,KHA,EPMP,EPMP,A01
f16652d6-ab60-4be6-bed8-79533f409123,KHA,EPMP,EPMP,D01
ceda362b-27e3-422d-946d-369b1480777e,KHA,EPMP,EPMP,D07
c5c24da9-86eb-4762-9209-1aa205c503dc,KHA,POHE,POHE,A01
19210bee-a06e-49a0-ae39-2114f152d8b7,KHA,POHE,POHE,D01
d0bd4694-b3c9-4a19-baa0-5de338dc935d,KHA,POHE,POHE,D07
1ae8040a-1227-434e-bacc-9275f8539e51,KHA,POHE,POHE,D09
d1245660-bf32-43cb-80eb-0045a10b8ebb,KHA,7310101_1,7310101_1,A00
105b272e-b134-4f6b-b0bf-3e0a08685ebd,KHA,7310101_1,7310101_1,A01
20507626-f277-45ef-83f2-5ad7ebe3a1bf,KHA,7310101_1,7310101_1,D01
bc714c96-11f3-48c4-8646-abb643c32732,KHA,7310101_1,7310101_1,D07
4cc9ce07-52ac-466a-9317-de92b0c4c699,KHA,7310101_2,7310101_2,A00
9089469c-7350-4991-9553-08902f87db5e,KHA,7310101_2,7310101_2,A01
2594103a-cb69-445c-b2c1-6842514b915a,KHA,7310101_2,7310101_2,D01
2f65c1ed-eb1b-4785-b67a-c198bf50726f,KHA,7310101_2,7310101_2,D07
68cbb605-97ab-40d1-9949-25dfaa269290,KHA,7310101_3,7310101_3,A00
4cd122d1-f893-4e03-8a52-450a9c807baa,KHA,7310101_3,7310101_3,A01
5e050df9-d624-4fdb-8ce4-900eee8582ca,KHA,7310101_3,7310101_3,D01
ac9cb313-2ca7-4e50-b617-a9fa4875e1b0,KHA,7310101_3,7310101_3,D07
1da75adb-05a9-42c6-8780-87e1dbf6eb98,KHA,7340201,7340201,A00
fd4c23f6-2833-4b70-b085-a7a2c03fb4a4,KHA,7340201,7340201,A01
736a42ad-dd81-4709-9346-2536de190fbd,KHA,7340201,7340201,D01
647557fe-697c-48cc-8363-f3b1fbbeaef2,KHA,7340201,7340201,D07
29ce6915-7ed5-4d6b-8f33-d056016331b3,KHA,EP01,EP01,A00
1537f3a9-6076-4df0-9611-c40f7c550ca2,KHA,POHE1,POHE1,A00
427127d7-a859-4eaa-8cdc-f7b8ffb02a9c,KHA,POHE1,POHE1,A01
f6bb5325-553e-4c1c-872f-8524a81dc288,KHA,POHE1,POHE1,D07
1ed6734b-ad1a-4fe6-a36e-957ed8297654,KHA,POHE1,POHE1,D09
8f23068f-058e-4d10-8c73-cdc7e09d9834,KHA,POHE2,POHE2,A00
0594081e-9198-4ad4-9bb5-db4017a47925,KHA,POHE2,POHE2,A01
048a1cfe-cf01-4b69-87a5-21f8c732bf83,KHA,POHE2,POHE2,D07
fd732a4a-137b-497b-bd8a-47bf1c2c5147,KHA,POHE2,POHE2,D09
f89d90df-2c3a-4d2b-b47e-62f7de0354cd,KHA,POHE3,POHE3,A00
c88b1c44-fbd7-4954-a033-6e38bc348c6a,KHA,POHE3,POHE3,A01
c8399ae7-a1f7-4dd3-a55e-7d5ae8b8e97f,KHA,POHE3,POHE3,D07
dc61d440-f1fd-4109-b521-27e5744f47f9,KHA,POHE3,POHE3,D09
c13db331-8874-4a7f-8079-65129e75cd4b,KHA,POHE4,POHE4,A00
367f7611-54c6-42c6-b260-621958f6ac63,KHA,POHE4,POHE4,A01
38b7ad03-ce84-4e35-bdcc-f4089b093cef,KHA,POHE4,POHE4,D07
e9197660-c441-49ba-8ec3-9b0bf5c07bea,KHA,POHE4,POHE4,D09
7d1e986f-c5e8-4be3-b0fa-e51fb2ba0412,KHA,POHE5,POHE5,A00
b1146244-61b2-4f25-9344-23e68dad2095,KHA,POHE5,POHE5,A01
b55f0beb-f5e4-4607-bd5c-3db665277783,KHA,POHE5,POHE5,D07
27184de0-3d0c-46ec-aa19-3e298c0823ae,KHA,POHE5,POHE5,D09
66d3f897-e524-4cd2-975d-c464b16293ca,KHA,POHE6,POHE6,A00
9de73d9f-86b8-4d23-9c5f-da0b3bad72d1,KHA,POHE6,POHE6,A01
c07ef3cc-3f66-4da1-ba92-2faed514f94c,KHA,POHE6,POHE6,D07
05d8b524-d76e-41fc-a42a-76075db05b57,KHA,POHE6,POHE6,D09
e0ed2f0e-7ca3-4fda-b6e0-8daf2c444d1a,KHA,POHE7,POHE7,A00
db987181-1ade-49f4-812b-f0a27af2681c,KHA,POHE7,POHE7,A01
f3a0aaf1-be84-4cd1-b7bd-364e84b3625a,KHA,POHE7,POHE7,D07
b3fc02ea-5224-4ada-ac86-2226c929e075,KHA,POHE7,POHE7,D09
d42c6074-b394-47b4-953d-ad5b8b370406,KHA,POHE1,POHE1,D01
9e823cbd-0cbf-4a87-bd57-f20fe6beacb1,KHA,POHE2,POHE2,D01
972d3231-cf44-48ee-9895-fa7269ea1710,KHA,POHE3,POHE3,D01
00de9acc-6c92-4017-afd0-bf013631232b,KHA,POHE4,POHE4,D01
01d94a9a-5585-4cd6-bb58-11362bb85124,KHA,POHE5,POHE5,D01
84345039-f60c-496f-a4c0-9fd898dfa787,KHA,POHE6,POHE6,D01
8021c944-6d72-4665-a952-a7202028ac94,KHA,POHE7,POHE7,D01
8db18f52-4efe-4fc8-904d-1e3e003b92a8,KHA,7310104,7310104,D07
53e83c64-2b0b-428f-a58f-581414173517,KHA,7340409,7340409,D07
7de6b8bb-b0ae-4944-a148-e3b4d96abb21,KHA,7480104,7480104,A00
9a99a0d1-748c-4892-84d1-a4972b29ea39,KHA,7480104,7480104,A01
bc76ac40-402f-465e-b7fb-3af91e004d1a,KHA,7480104,7480104,D01
1ee944ce-d9bf-40b1-ad84-875eb4053191,KHA,7480104,7480104,D07
376c3e54-8e18-45b8-a432-14b85c460638,KHA,7480202,7480202,A00
6c7929a5-265f-4ea4-bc3b-5417a71ab409,KHA,7480202,7480202,A01
2480e97e-a74a-492e-9962-68177cde5e68,KHA,7480202,7480202,D01
8da72d3c-7bf6-41bd-84ca-89d5172deaa1,KHA,7480202,7480202,D07
c50f35fb-714a-4ea7-80a4-b92ce5f602e5,KHA,7620114,7620114,D07
daa9732f-fee7-4999-829a-8412f5c4cba4,KHA,7620115,7620115,D07
0b8a39fe-2368-4903-afcc-47498045fae9,KHA,7850102,7850102,D07
28156247-969f-40c9-964b-1b260afda363,KHA,EP15,EP15,A00
0aff63e3-3f6d-4dce-a88d-868c17832c49,KHA,EP15,EP15,A01
411c5749-d491-4699-80bc-3e2122065c4b,KHA,EP15,EP15,D01
b00eb1bc-b80e-4adf-82d0-4e12b3e24592,KHA,EP15,EP15,D07
e6808f3f-c184-4253-a37b-82d2b9693bcd,KHA,EP16,EP16,A00
197c66cf-9e2e-40cd-9e5e-ac127d072158,KHA,EP16,EP16,A01
7bbeddee-e61a-42c5-ac8c-671c67e74532,KHA,EP16,EP16,D01
b98dbaae-e5f2-4b3b-8423-163cf96417bd,KHA,EP16,EP16,D07
3697c91a-9b37-4853-b375-8befcb481766,KHA,EP17,EP17,A00
466d85d7-397c-44a2-8883-4f0e42abe3d8,KHA,EP17,EP17,A01
708e2aae-3dc9-4801-8312-9bf95e2aa5a8,KHA,EP17,EP17,D01
941b2c50-924f-4923-8d17-eb78f2e4dfb7,KHA,EP17,EP17,D07
7f528714-ac94-4b36-ae75-a5d720afe037,KHA,EP18,EP18,A01
a1b35da5-4e11-43b2-86cc-6f7af0d2a2e7,KHA,EP18,EP18,D01
212ce5ec-9e4f-4f29-9281-ec26b62554bb,KHA,EP18,EP18,D09
e7ce11e8-0f44-4612-bea3-afa42d7f2267,KHA,EP18,EP18,D10
28de7fab-d4b9-4e8c-b738-cdb82150e650,KHA,7220201,7220201,A00
5584df9e-1fe3-4ab6-89da-58e21c343731,KHA,7220201,7220201,D07
051321b6-fc24-4426-a0cb-445a0b42192d,KHA,7310104_CLC2,CLC2,A00
0d56405d-653b-42ab-97e9-30512e4cec07,KHA,7310104_CLC2,CLC2,A01
422a20b3-e319-4f64-8aba-8924bee077e9,KHA,7310104_CLC2,CLC2,D01
2d62e7de-19bc-46e0-a6c2-4eb7f5b04e6c,KHA,7310104_CLC2,CLC2,D07
25f89fa9-a211-4db7-ab65-c113e9b5489e,KHA,7310105_CLC1,CLC1,A00
6f90a4ee-191a-45f2-b9ff-d8f31ce2533d,KHA,7310105_CLC1,CLC1,A01
e5326aa5-3065-4a41-b523-5e7960f96e16,KHA,7310105_CLC1,CLC1,D01
147ef62b-b7a4-433e-817d-0a19357524da,KHA,7310105_CLC1,CLC1,D07
72f481ca-6ca2-475e-a446-4ac5ebd04ebd,KHA,7310106_CLC3,CLC3,A00
97c1ebe6-878e-4e18-b62c-aed09c6185c3,KHA,7310106_CLC3,CLC3,A01
5c705c43-757b-44e1-bb13-3b62572f03d7,KHA,7310106_CLC3,CLC3,D01
b67aa45a-de34-49d0-920f-46c677936604,KHA,7310106_CLC3,CLC3,D07
501e365a-afc4-41c1-8980-7bea47f9310f,KHA,7320108,7320108,A00
8afdb915-a9bc-4377-a48f-ba233a93222e,KHA,7320108,7320108,D07
e0a92be1-8c9b-4ed0-b99f-ef8a0d7fe3b8,KHA,7320108_CLC2,CLC2,A00
15244e9a-4e7a-460f-afd7-61fd8c2de806,KHA,7320108_CLC2,CLC2,A01
fc1b4650-e9e6-4ec5-a933-0bec29515975,KHA,7320108_CLC2,CLC2,D01
cd83f89a-589f-495e-8c16-13f468a926b7,KHA,7320108_CLC2,CLC2,D07
c4ed6ea7-e7fe-43fa-9bf7-a3b87c422e6d,KHA,7340101_CLC2,CLC2,A00
f86754f2-6fc7-4ff2-b760-d19b6be0e708,KHA,7340101_CLC2,CLC2,A01
5c26c1e1-9384-4462-8b63-de70f95732a6,KHA,7340101_CLC2,CLC2,D01
d318a715-5727-46fd-9790-0046e328093b,KHA,7340101_CLC2,CLC2,D07
73aea60a-4cd0-47ee-a8a5-6e6c798f233b,KHA,7340101_TT1,TT1,A00
87b46ec4-84bd-49b0-ae12-5519fed3ee9b,KHA,7340101_TT1,TT1,A01
ee1a5a4c-0582-4849-b97b-f5958c33d152,KHA,7340101_TT1,TT1,D01
ee6b57e5-66f1-466b-981a-6c0c01d67edb,KHA,7340101_TT1,TT1,D07
d2ce6de8-c895-4ec9-9d6a-6f08f36ae864,KHA,7340115_CLC3,CLC3,A00
c43b489f-b151-4a0f-9161-91abb1b3e2a8,KHA,7340115_CLC3,CLC3,A01
01f2f00b-4fad-43e8-859b-a218446ca48d,KHA,7340115_CLC3,CLC3,D01
b2ee9f71-4e8d-4492-bf83-c603783116bf,KHA,7340115_CLC3,CLC3,D07
8e8ab72a-3878-434d-9be0-ea132b931eac,KHA,7340120_CLC3,CLC3,A00
8a1d44ea-adb1-44ba-a75f-174b1b7b1c3d,KHA,7340120_CLC3,CLC3,A01
b038b7f8-65ce-4edd-ab50-ec3082d3569b,KHA,7340120_CLC3,CLC3,D01
eeea773e-82a2-4810-be8f-8b4fb2c6ace6,KHA,7340120_CLC3,CLC3,D07
40ab66b6-f3b9-4f62-98de-5fb276749ee3,KHA,7340120_TT2,TT2,A00
d6f6bf3c-f095-4cf2-8161-7c8bb7e87392,KHA,7340120_TT2,TT2,A01
7a42679d-9883-4969-8d46-8212caa3e3d0,KHA,7340120_TT2,TT2,D01
afff5e38-d7be-48a4-a37d-2cb3faed176c,KHA,7340120_TT2,TT2,D07
f2f6115a-de43-4076-bdba-1f5fcf45e2cd,KHA,7340122_CLC3,CLC3,A00
e89116a4-abb0-4062-a233-8ca2c34b33ca,KHA,7340122_CLC3,CLC3,A01
16f51ba3-4f3f-4353-acc1-3d7a8284d3f7,KHA,7340122_CLC3,CLC3,D01
202f48ec-4cdc-49cc-9692-26ede219501e,KHA,7340122_CLC3,CLC3,D07
c551f851-838d-4f4f-8a02-493d001404e7,KHA,7340201_CLC1,CLC1,A00
d3b63bee-3ee8-4895-bacd-319587a72c26,KHA,7340201_CLC1,CLC1,A01
bab3cfee-2641-4c35-9f8f-e907105d7776,KHA,7340201_CLC1,CLC1,D01
ddf6ad37-7c60-4e04-9033-aa2f90bbc240,KHA,7340201_CLC1,CLC1,D07
42a9ef61-785e-47bd-8e14-ca842f620f6b,KHA,7340201_CLC3,CLC3,A00
bf048612-6186-47aa-98e4-4717ba24d072,KHA,7340201_CLC3,CLC3,A01
bd2f155d-18f9-48b6-bc83-b0b1582f2e84,KHA,7340201_CLC3,CLC3,D01
e07800d3-0e7d-42ec-85a0-fcdda0f5bd5d,KHA,7340201_CLC3,CLC3,D07
5f78b175-b858-4924-bd2e-6617a802b25b,KHA,7340201_TT1,TT1,A00
5e847dc7-5b4f-4c24-9d9d-339f7cec1a54,KHA,7340201_TT1,TT1,A01
0c247ab8-f5cc-44d5-9973-f22407b51667,KHA,7340201_TT1,TT1,D01
f78bede9-81ee-42a3-96a7-9fe4a7106098,KHA,7340201_TT1,TT1,D07
b3cb2933-93df-49ce-8c11-d22a74602e1a,KHA,7340201_TT2,TT2,A00
18355d36-78a4-47d9-801b-c708efb6aedf,KHA,7340201_TT2,TT2,A01
ff7bece0-343b-45a0-8e5b-ad396447c6a1,KHA,7340201_TT2,TT2,D01
b0a7201e-ea1c-41de-87ab-367d2514530a,KHA,7340201_TT2,TT2,D07
0a41be17-8426-47b1-a79f-32c84e4e28cb,KHA,7340204_CLC1,CLC1,A00
edbdd82e-5db0-4c76-9460-2d76655f79b6,KHA,7340204_CLC1,CLC1,A01
cdf3a590-6d68-490b-954b-c7cd0dc88954,KHA,7340204_CLC1,CLC1,D01
5ee98859-45b2-4905-aef3-40b0204b0303,KHA,7340204_CLC1,CLC1,D07
6dc2738d-6d9f-4b79-97fc-75335fc05e51,KHA,7340301_TT1,TT1,A00
651b6c6b-a9e6-4046-b796-8c4a12a32b93,KHA,7340301_TT1,TT1,A01
26f24bad-7848-4071-929f-54d90a8a968a,KHA,7340301_TT1,TT1,D01
785409cd-436c-4cbe-ace8-57c8a48cd87b,KHA,7340301_TT1,TT1,D07
01002171-754a-4a14-9a34-605b1bac2f15,KHA,7340302_CLC3,CLC3,A00
91d7718f-b93e-4a08-acd1-21ee78f8abe1,KHA,7340302_CLC3,CLC3,A01
889838a9-6f5a-470f-8592-101dc0546b54,KHA,7340302_CLC3,CLC3,D01
74bfa566-396f-4149-8767-c3261ee415fa,KHA,7340302_CLC3,CLC3,D07
7684b44d-adec-41ca-8e2b-60fc66567d25,KHA,7340404_CLC2,CLC2,A00
19bc5ab2-eecf-4acb-898d-8578851d6aa6,KHA,7340404_CLC2,CLC2,A01
5ca3b59b-ae06-4305-b3f1-8543673bed8a,KHA,7340404_CLC2,CLC2,D01
a15ef07a-f283-4691-b0a7-b744efa7128d,KHA,7340404_CLC2,CLC2,D07
e7a78d4d-d8ce-402f-aec4-238abb6f20d1,KHA,7340408,7340408,A00
18606c86-c20b-4f55-b08f-55c7fd78bbe0,KHA,7340408,7340408,A01
75d83f36-78f7-4ab5-ba9d-8b7f58480504,KHA,7340408,7340408,D01
c7524099-3d58-4406-b1eb-7624b32c4393,KHA,7340408,7340408,D07
d1c225ed-c3d8-4506-8ebb-2c9c9281c452,KHA,7380109,7380109,A00
b6b745d4-0495-44c2-9749-974129a7158c,KHA,7380109,7380109,A01
29d94d02-f593-4e27-9851-2313cf8bc407,KHA,7380109,7380109,D01
f838e360-deff-44bb-9a9d-5a7d304b196e,KHA,7380109,7380109,D07
75014eae-db8a-4bac-8756-ff7d8390323f,KHA,7480201_CLC1,CLC1,A00
c58e388b-612f-45be-a462-029904815954,KHA,7480201_CLC1,CLC1,A01
65ac1e7a-6204-4ebd-8fe5-8cce132501bb,KHA,7480201_CLC1,CLC1,D01
89cafaf0-6b19-4eb0-85df-bff00addfa09,KHA,7480201_CLC1,CLC1,D07
18ea040f-2252-4765-8378-0e6d204ebac8,KHA,7510605_CLC3,CLC3,A00
029aabca-7a41-4992-a0e3-91cf8d28c32f,KHA,7510605_CLC3,CLC3,A01
6c92c64f-41ac-4bc3-983a-ab0b3e00af59,KHA,7510605_CLC3,CLC3,D01
bd676cda-f883-41a3-8eb5-5d3b168dfe3a,KHA,7510605_CLC3,CLC3,D07
067cd9f6-9a71-4907-99b6-d8c4fd495d21,KHA,EP07,EP07,A00
cdfa2964-373c-4f70-9f23-bf4bc5cdf4ea,KHA,EP08,EP08,A00
53dbd1e7-f8fb-45a1-bc0c-4aa65b55623c,KHA,EP10,EP10,A00
3e59da72-a4ed-4259-a60c-3d47298bc690,KHA,EP11,EP11,A00
5e4d33bc-06dd-4ef6-b286-a8f1fa957c25,KHA,EP11,EP11,D07
b75ab2c1-9e79-4403-8bd0-e2bbe2e2d157,KHA,EP14,EP14,A00
93d2b797-dc1c-47c6-8846-aea2b1ea80de,KHA,EP18,EP18,A00
6f2eac99-71f7-4197-bd6c-69b0881fc9dc,KHA,EP18,EP18,D07
6be42943-4c60-443f-9afd-cdd0245b17ec,KHA,7220201,7220201,Q00
fbc8ab3c-0e55-422e-8043-c385633b921f,KHA,7310101_1,7310101_1,Q00
a1827e6b-5333-4302-a3c3-cfa82f367b42,KHA,7310101_2,7310101_2,Q00
01da5f98-5956-48cf-8cf0-0a6076746ded,KHA,7310101_3,7310101_3,Q00
4e9af241-90e3-4d0d-a8a4-a03a9f6e4bb8,KHA,7310104,7310104,Q00
12c70820-b648-47ad-925d-e8a7fdd4196a,KHA,7310104_CLC2,CLC2,Q00
f43d5b23-86a5-4536-98d1-ddd708b60d3b,KHA,7310105,7310105,Q00
bfb072aa-85cc-4d61-81fe-67e286a709f1,KHA,7310105_CLC1,CLC1,Q00
70997ce6-4b51-480c-8934-0a78dfd86a78,KHA,7310106,7310106,Q00
8fdfc32d-9de4-4845-8471-72343ebdf738,KHA,7310106_CLC3,CLC3,Q00
c99ca0dc-b8e0-40f0-b7d9-998800066fb5,KHA,7310107,7310107,Q00
b11933a5-5bd4-4a60-a4f3-25cb4cac76c4,KHA,7310108,7310108,Q00
cf991158-565b-44b9-a8b6-7cb31cde66f0,KHA,7320108,7320108,Q00
3faba8ea-2c9f-4531-a017-d4e0d225d2ad,KHA,7320108_CLC2,CLC2,Q00
ddf8a287-6960-4ce6-8212-261d691a9691,KHA,7340101,7340101,Q00
c7956c68-fd19-46cb-9800-9d24d97638d1,KHA,7340101_CLC2,CLC2,Q00
588121d5-9d07-411b-baa6-15fdaec78b63,KHA,7340101_TT1,TT1,Q00
e5756410-5212-4e71-9ad1-3032548f598e,KHA,7340115,7340115,Q00
3d376241-ba01-4d1b-beab-bfc7907957b2,KHA,7340115_CLC3,CLC3,Q00
eccce0d7-aac3-4ff8-a015-e7dbd417c7d5,KHA,7340116,7340116,Q00
7d6f365a-f850-47fb-af21-2dd5c8233fe5,KHA,7340120,7340120,Q00
19687e0a-6f6c-465f-ae1b-014346267fb9,KHA,7340120_CLC3,CLC3,Q00
3d1fa3fb-efa1-47eb-b0fe-6279da983bad,KHA,7340120_TT2,TT2,Q00
69e1eb47-16a5-4031-a9e7-766484008565,KHA,7340121,7340121,Q00
1061b100-a160-4f3e-b095-277ea7fa5680,KHA,7340122,7340122,Q00
07760306-ac78-459c-b95d-226f0783d611,KHA,7340122_CLC3,CLC3,Q00
5287438c-010d-4fa2-a765-e6bcd78c1cbe,KHA,7340201,7340201,Q00
ee9fd306-da08-48b7-9850-a32758e7dde3,KHA,7340201_CLC1,CLC1,Q00
34d91fa4-afdf-4acf-b2b2-9601eaea2292,KHA,7340201_CLC3,CLC3,Q00
b9e43996-d611-43d3-b2a8-893348784bd9,KHA,7340201_TT1,TT1,Q00
04f79e57-eded-49fb-a00a-89fc61b6e8d4,KHA,7340201_TT2,TT2,Q00
2b813eaf-8dd6-43a8-b220-49406da72d3d,KHA,7340204,7340204,Q00
d47e45cb-686a-4720-baab-ca6d9f993bd8,KHA,7340204_CLC1,CLC1,Q00
40293adf-af2e-4581-a45e-ca6176b45549,KHA,7340301,7340301,Q00
661c3662-f235-41a2-8f46-b77819d771cd,KHA,7340301_TT1,TT1,Q00
44b3e6b7-ec7c-4cb4-a523-294ade47e1bc,KHA,7340302,7340302,Q00
c58b163d-b91c-47ac-addb-71a27f7e3996,KHA,7340302_CLC3,CLC3,Q00
0c8d63db-5f8e-47e1-b14b-e2a4cbbe8740,KHA,7340401,7340401,Q00
9043ca84-83ca-4888-b22b-d799f27ed9ec,KHA,7340403,7340403,Q00
0f555c14-e903-4024-88a6-3c72a4fed982,KHA,7340404,7340404,Q00
d58918b5-7569-4c7c-b767-c6cc9084a181,KHA,7340404_CLC2,CLC2,Q00
25402063-f090-4a77-bfca-dc6868aca22c,KHA,7340405,7340405,Q00
1ddaa0d8-6908-46dd-809d-be66437384ed,KHA,7340408,7340408,Q00
8acfad13-4916-433e-b90e-928a406020d7,KHA,7340409,7340409,Q00
94cc044f-12ef-457f-a4c9-5119684e634a,KHA,7380101,7380101,Q00
69dedc21-f9d5-40ad-b9fd-212d8d154f01,KHA,7380107,7380107,Q00
b50f4557-a1c7-473b-a795-a4973074f08f,KHA,7380109,7380109,Q00
59917e9e-3eb0-4abf-8eb8-48fbf7ea2a32,KHA,7480101,7480101,Q00
0584fac3-9988-4a93-a2fd-337e6d614020,KHA,7480104,7480104,Q00
51d3a390-4827-49da-b39d-a0ac38ca5773,KHA,7480201,7480201,Q00
3ce7f86e-641c-4519-a997-11141a095934,KHA,7480201_CLC1,CLC1,Q00
2cc6e8ae-a47b-4731-a541-f1df747c3938,KHA,7480202,7480202,Q00
479a5a0a-f4cf-45c8-8c9b-e2cb4bf5a9bb,KHA,7510605,7510605,Q00
4a969761-9c29-44cb-874f-ae36b83be4d2,KHA,7510605_CLC3,CLC3,Q00
f5cd25f1-9bc7-4404-8661-b1e2ae2f26dc,KHA,7620114,7620114,Q00
3d2ecc0b-3b65-48f4-8dbf-22502e3bee50,KHA,7620115,7620115,Q00
4f098338-e87f-40ac-9736-abf56070c5ad,KHA,7810103,7810103,Q00
9b12c8ee-26d7-4dc1-82de-9e32784b85a2,KHA,7810201,7810201,Q00
c8f28cf9-9347-43b6-a107-1ca05aae043b,KHA,7850101,7850101,Q00
6be255fb-77cc-41e9-a0a6-19dc7d4dc955,KHA,7850102,7850102,Q00
873d4175-5899-47e8-8517-97fe69a37e71,KHA,7850103,7850103,Q00
e2767796-e011-41ea-8a0a-8702efbe0eb7,KHA,EBBA,EBBA,Q00
f54d9ec0-9275-45d5-9db4-ad140041552a,KHA,EP01,EP01,Q00
f1668b0a-714b-47f8-8168-27bf509661b6,KHA,EP02,EP02,Q00
6aac3370-7b5f-42ca-8b97-8ba8e2a52d26,KHA,EP03,EP03,Q00
93e26b9b-6eab-4d4c-9c23-35628727027a,KHA,EP04,EP04,Q00
ae329896-5e3e-4852-a6e5-d207aa278785,KHA,EP05,EP05,Q00
66f29d27-1931-462e-978b-ea68e5f7bea2,KHA,EP06,EP06,Q00
4a0cef6e-e4f4-48b3-b3d3-a3ae17254ddc,KHA,EP07,EP07,Q00
36a8b4a1-8f5e-41ed-bf64-8a162f8e0b49,KHA,EP08,EP08,Q00
c039b1e1-e898-44b9-b51b-265b0b30a606,KHA,EP09,EP09,Q00
fd381113-d244-4b27-b659-9daa67ad342e,KHA,EP10,EP10,Q00
b3bdc02e-ad39-43fb-8cfa-f9faa80c9bdb,KHA,EP11,EP11,Q00
393b9be0-f800-4fd3-8b13-ffa28e58e0e7,KHA,EP12,EP12,Q00
99e05ab1-c8b1-4a5c-bf12-36db1b81ce03,KHA,EP13,EP13,Q00
fc22b2fb-3ee5-4135-b23b-17335540f727,KHA,EP14,EP14,Q00
e52902ee-3b42-462f-8739-6151eb341dd7,KHA,EP15,EP15,Q00
e844665f-a087-45a5-bda9-8d4e27581497,KHA,EP16,EP16,Q00
3a34a3db-d6dc-40ed-a663-644afd28bef7,KHA,EP17,EP17,Q00
41109163-fc1a-4a58-8a86-8b1e92c113d1,KHA,EP18,EP18,Q00
d2ac66d0-3b6f-498a-9e1d-466d8bfb5fe8,KHA,EPMP,EPMP,Q00
0fd1de8e-608f-4411-b311-220cbd8348b5,KHA,POHE1,POHE1,Q00
9052ddb6-1fdf-4aa5-9eca-b6d80a529b46,KHA,POHE2,POHE2,Q00
ced0c74a-d526-4fd1-821a-136f0a827522,KHA,POHE3,POHE3,Q00
8f00e001-767e-4e3d-9add-6d5daca21c3c,KHA,POHE4,POHE4,Q00
6e93d08b-a6e4-4165-87c9-e55b665e47a6,KHA,POHE5,POHE5,Q00
4cb0fd81-7b58-4c2a-98e9-13bc5daee75c,KHA,POHE6,POHE6,Q00
aee43703-b51f-4f57-9711-002187b8511e,KHA,POHE7,POHE7,Q00
b5425783-2947-4ab2-8517-fec4765b7542,KHA,7220201,7220201,K00
a3584014-4092-42a4-8fc0-baa68988d7e9,KHA,7310101_1,7310101_1,K00
52315ec5-65c2-43a4-98fa-3e33493ab2a5,KHA,7310101_2,7310101_2,K00
7e0f6921-d960-4856-ad42-2c7600e09e1e,KHA,7310101_3,7310101_3,K00
8603f77d-9b54-4234-b5ea-1c05d736c8fa,KHA,7310104,7310104,K00
01df4691-dd6a-4392-9baf-a3596ff034c1,KHA,7310104_CLC2,CLC2,K00
26d09478-425f-452e-8382-cca4c548642a,KHA,7310105,7310105,K00
4bbe3478-0ff7-4265-84b3-bdbbeb8d3781,KHA,7310105_CLC1,CLC1,K00
c3db6795-8758-4c47-a0fb-b9bf880df05b,KHA,7310106,7310106,K00
2d1b3131-faec-477c-b54a-fc85a2e5e2bb,KHA,7310106_CLC3,CLC3,K00
99249917-4be8-4af5-b2e8-3824784091ff,KHA,7310107,7310107,K00
1b39ae9e-4866-4f0e-bbec-aa52a009086e,KHA,7310108,7310108,K00
59438498-d5fc-468c-866a-405be11f8633,KHA,7320108,7320108,K00
cad60c05-d55b-421e-a495-ca9209f870a5,KHA,7320108_CLC2,CLC2,K00
43b65c9f-d80d-428c-aefb-2d3d173a3deb,KHA,7340101,7340101,K00
efd5bae6-6bd1-4623-936f-157bea37c9f9,KHA,7340101_CLC2,CLC2,K00
4552e02d-74ec-4686-8e5e-99df636b5a0e,KHA,7340101_TT1,TT1,K00
86be17c6-5467-47fd-8571-a134f2a78a78,KHA,7340115,7340115,K00
a8db0bf9-3be8-4f2b-b8d2-311716e64598,KHA,7340115_CLC3,CLC3,K00
df2b15bd-d997-422c-9800-3034aa86b512,KHA,7340116,7340116,K00
ba60f229-4020-4db0-a99d-380323a0abb4,KHA,7340120,7340120,K00
ae505ba4-39a9-4082-9ec4-9b9ff9c42a01,KHA,7340120_CLC3,CLC3,K00
8bf7ec6a-70e8-4138-b38b-99da4023925a,KHA,7340120_TT2,TT2,K00
98e945a0-b10a-422d-b1e1-fa97a84e2758,KHA,7340121,7340121,K00
da8a5635-71a6-42cf-8267-2cfd0ec64096,KHA,7340122,7340122,K00
aded6987-e446-46f8-b403-1ebe2e17d400,KHA,7340122_CLC3,CLC3,K00
3e390d88-8a24-4382-a716-f592f3ab145b,KHA,7340201,7340201,K00
76be2892-046e-4c73-932a-1c344f49c856,KHA,7340201_CLC1,CLC1,K00
77ac62f1-a205-4de4-8a8a-389b71f8ded5,KHA,7340201_CLC3,CLC3,K00
342dd410-b2d5-4735-8c88-50b97ba86b40,KHA,7340201_TT1,TT1,K00
b181d9c9-a9a4-4ac4-bb91-0a8efd8e6384,KHA,7340201_TT2,TT2,K00
1f710d3c-3303-4325-922e-cdf29d68316a,KHA,7340204,7340204,K00
d628cac3-0ca6-44a9-9747-41628c9dce3c,KHA,7340204_CLC1,CLC1,K00
d43e5545-d9ff-40fb-87f1-100760a51b6e,KHA,7340301,7340301,K00
c360ac70-fe13-404e-aaf1-127e2c9d2cb6,KHA,7340301_TT1,TT1,K00
a04c9485-da8a-4f28-a17d-9d4fd5c45e5e,KHA,7340302,7340302,K00
5d9f6ca9-f412-4cd4-b7f8-abfa00d0e4b7,KHA,7340302_CLC3,CLC3,K00
aed6fa21-55ac-4d40-bdee-75e3045b338a,KHA,7340401,7340401,K00
2c7bf428-3da6-4a74-8a96-03260dd8bcd3,KHA,7340403,7340403,K00
a485955a-6072-44af-b97c-c50b940763e8,KHA,7340404,7340404,K00
1ccdf854-7fc9-4c79-8add-2b19db8530e6,KHA,7340404_CLC2,CLC2,K00
1c3d9a3a-cc85-493a-ae54-c86fb62b659a,KHA,7340405,7340405,K00
85951b3a-c273-4830-b450-e524eeda2b24,KHA,7340408,7340408,K00
eee04d2f-e324-4231-bd09-248823e3e3a3,KHA,7340409,7340409,K00
c79e45a0-0b29-44bd-b833-1dd7ec1deb08,KHA,7380101,7380101,K00
8e61368e-1b89-4279-846f-6578f12ea3ed,KHA,7380107,7380107,K00
2cec95d7-984d-4574-8e4f-c5ac30ad24f1,KHA,7380109,7380109,K00
23e3528e-bc2a-4a83-96cb-8257551ff648,KHA,7480101,7480101,K00
f7f7dea7-818c-4249-b29c-9a1c9ae75f1c,KHA,7480104,7480104,K00
e1f4cfaf-e8c5-44da-8387-b693e02a7451,KHA,7480201,7480201,K00
21b85af8-d489-4c84-9775-a92543a7e7c8,KHA,7480201_CLC1,CLC1,K00
ae86d478-26d5-40ff-91f7-a09712e23b69,KHA,7480202,7480202,K00
1ed5eaaf-7661-4a64-a526-b8bb6366e9e4,KHA,7510605,7510605,K00
d8a95eb2-55eb-43d2-aced-8772ef5904a1,KHA,7510605_CLC3,CLC3,K00
92c41554-e6bc-4dd3-8a87-26155ae30f72,KHA,7620114,7620114,K00
9caeb69a-514a-4a65-9f71-e19209a75f50,KHA,7620115,7620115,K00
7eb6923f-8248-4bdb-9cba-ba3f1996ef9a,KHA,7810103,7810103,K00
c29540c3-3338-4807-ad83-ce5f976c25dd,KHA,7810201,7810201,K00
46dfbe9b-d483-429d-861d-2c999e68ff39,KHA,7850101,7850101,K00
16ae39c3-c398-4b26-8bb4-25ffb2edf149,KHA,7850102,7850102,K00
d849948f-6d8b-4262-bed5-068acb39fe1f,KHA,7850103,7850103,K00
5b7a5e51-11f7-441a-9f39-e9874345020a,KHA,EBBA,EBBA,K00
672ad60d-36a9-43f1-93ed-4554c102e253,KHA,EP01,EP01,K00
66352224-e079-47f3-af06-7e6465a7bdda,KHA,EP02,EP02,K00
d9349923-b3f6-4cc2-8472-b90a0306288a,KHA,EP03,EP03,K00
7a6a0fa2-47e4-430c-b953-da0a6b809669,KHA,EP04,EP04,K00
91790ad2-8ba7-4cd2-88d8-339af714d0f9,KHA,EP05,EP05,K00
732c2598-bc08-424d-a774-85eb685ca009,KHA,EP06,EP06,K00
f15173ac-a9b6-4608-99d9-50f0d1fc8976,KHA,EP07,EP07,K00
bf32803b-8eee-413b-b6b4-987b8f80dce1,KHA,EP08,EP08,K00
701441f0-4003-4e18-b7ec-bf6a654174da,KHA,EP09,EP09,K00
f448ba50-fa26-4c4e-8937-e9d4cd769af7,KHA,EP10,EP10,K00
2f2ceea4-47db-4805-a6d1-76ad31af4aec,KHA,EP11,EP11,K00
f3542e4f-3c27-4700-9ed4-1d512ca7a2a8,KHA,EP12,EP12,K00
1746c11a-318d-4dfa-ac93-ea0194c433fb,KHA,EP13,EP13,K00
53824940-a115-4892-a44f-78aeeb8b89d9,KHA,EP14,EP14,K00
b528f89c-121c-4399-8926-b8c868af4f48,KHA,EP15,EP15,K00
163751ae-dfb1-4cd1-b2c7-dde327cec58e,KHA,EP16,EP16,K00
2e496c34-3248-4aec-8187-9fd3b023d338,KHA,EP17,EP17,K00
85c97b2a-925b-4346-b6d7-62b6fc66c84b,KHA,EP18,EP18,K00
d4aa59e1-7047-4260-8cb0-37451bd3a335,KHA,EPMP,EPMP,K00
eb7691da-49b6-43d4-bab1-de553d8fa876,KHA,POHE1,POHE1,K00
1a0f4163-930e-4c03-a22e-8cb50d6eab41,KHA,POHE2,POHE2,K00
9bb342cb-e314-4f06-9ef0-437f251971ce,KHA,POHE3,POHE3,K00
3550ceef-6f13-43ea-a7d3-9ff39544d490,KHA,POHE4,POHE4,K00
505dc7b9-576b-48eb-8405-0fab3974753a,KHA,POHE5,POHE5,K00
cbd1a43a-173f-4036-94f6-583d17de359b,KHA,POHE6,POHE6,K00
c0a31549-11a0-4e54-a669-59e7f71406c7,KHA,POHE7,POHE7,K00
5aa19c24-36b2-4ad1-a419-88486b8d9814,KHA,73101011,73101011,A00
31a73840-4d41-4651-923e-b7e077572073,KHA,73101011,73101011,A01
63d31500-db30-4c9d-8bc6-281efdeecc2f,KHA,73101011,73101011,D01
f3ce88eb-3896-428d-bbe5-f6af36b33922,KHA,73101011,73101011,D07
d40c99bc-6b6d-4d8b-bd7f-aba46020215f,KHA,73101012,73101012,A00
414271c5-4ed8-428a-aa8f-c2638f83e2a4,KHA,73101012,73101012,A01
bdca4c6d-3d20-4c16-84d7-e868b3f94ff5,KHA,73101012,73101012,D01
a8f1c9b1-b9f7-4504-b07e-1ac84d1392e4,KHA,73101012,73101012,D07
62858fb5-e5bc-4fd6-a16d-21d52a9bbb13,KHA,73101013,73101013,A00
fdafc773-df26-4c01-bb19-3abb464515ad,KHA,73101013,73101013,A01
6a8f4de5-ef00-41ba-8776-785cf5f8e289,KHA,73101013,73101013,D01
da3b224b-553d-4ab6-88bd-858f6195437b,KHA,73101013,73101013,D07
6a14c293-d6ad-4498-b42b-2b285d55ecb5,NTH,NTH01-01,NTH01-01,A00
cf85357a-5aed-4c8b-b8b0-9e2e0240302e,NTH,NTH01-01,NTH01-01,A01
f72f6f1b-0d56-48f4-aeca-20ce759e7b0b,NTH,NTH01-01,NTH01-01,D01
8861cbcc-711f-4616-981f-6b904bbb2e8a,NTH,NTH01-01,NTH01-01,D07
0a770470-4ce6-4ffc-845a-8774ef527d42,NTH,NTH01-02,NTH01-02,A01
31103bed-5cd1-481a-acaa-2528c913f8f5,NTH,NTH01-02,NTH01-02,D01
7e6cf85f-21a7-4398-ae41-81371251cbee,NTH,NTH01-02,NTH01-02,D03
2a1e0752-c400-45cf-bdb6-c44dad4dff90,NTH,NTH01-02,NTH01-02,D04
a535adc8-1720-4b13-a419-a39b59abc4f5,NTH,NTH01-02,NTH01-02,D06
1b8c6d8a-dc82-4f72-b128-377c5abad6ac,NTH,NTH01-02,NTH01-02,D07
b90f386b-c648-48ea-83bf-951a19fef353,NTH,NTH01-02,NTH01-02,A00
01704ec8-8920-414b-a379-457516347172,NTH,NTH01-02,NTH01-02,D02
de3e6d33-528a-4427-83ee-97bcc8e35882,NTH,NTH02,NTH02,A01
585bd471-7c3f-4686-99a8-960ab730dd8a,NTH,NTH02,NTH02,D01
75802bf7-0596-4195-8416-fdaace98ef5a,NTH,NTH02,NTH02,D06
8ac748a0-491e-4d75-b289-5bc5aed4bb66,NTH,NTH02,NTH02,D07
a853d112-2cc9-4b2b-b1e4-69ceafd334cf,NTH,NTH02,NTH02,A00
d2ce7bba-9fc1-41f3-b691-0a9bfdee0145,NTH,NTH03,NTH03,A01
e713b949-5d6a-495e-9308-eaa77f5bfbd4,NTH,NTH03,NTH03,D01
ad777264-2d3b-4f26-adeb-f89295f3d8de,NTH,NTH03,NTH03,D07
717f9b07-3814-4b79-8db0-6a6aef712464,NTH,NTH03,NTH03,A00
38961e06-4c9b-48c6-893f-2de40d86b529,NTH,NTH04,NTH04,D01
a9cd804e-0937-4fa8-8f5f-d4fc17ed0100,NTH,NTH05,NTH05,D03
38277821-33c2-4b5c-8aa5-6b58da0df030,NTH,NTH05,NTH05,D01
58d10588-daa5-4435-8936-84fca3c8a21d,NTH,NTH06,NTH06,D01
4ac90ad4-a5c7-46e3-b133-473ed11bc345,NTH,NTH06,NTH06,D04
4f56c850-26ba-4926-a7a6-dad8772a177a,NTH,NTH07,NTH07,D06
6ed469c1-b1f1-496d-86ec-a7dcdf68c871,NTH,NTH07,NTH07,D01
e9589272-780a-4e9b-935f-0cfc28006d79,NTH,NTH08,NTH08,A00
40dc7f0d-d43a-427b-89ae-1dd03b4de49d,NTH,NTH08,NTH08,A01
15fc0f3b-aecf-40ae-bbc5-f95ed50b698b,NTH,NTH08,NTH08,D01
d43edbc4-bc13-4df3-bf18-659baed8e521,NTH,NTH08,NTH08,D07
18de0856-d2ac-49cc-9126-fe57df369805,NTH,NTH01-01,NTH01-01,D03
fb058178-a7b5-4abb-8c26-127475df007c,NTH,NTH01-01,NTH01-01,D05
8105a326-0b18-42e0-9834-b8162bec891a,NTH,NTH01-01,NTH01-01,D06
4dcccdba-7553-4215-8088-138b89942b3f,NTH,NTH01-02,NTH01-02,D05
cbc19115-43a8-43e2-8540-755548547c68,NTH,NTH02,NTH02,D03
1453ee77-57a7-438a-8c41-1078a53b0f83,NTH,NTH02,NTH02,D05
14238c51-4cf2-4c73-85e1-4b04fbdf5ab7,NTH,NTH03,NTH03,D03
8d9aafa8-9be8-41a3-8991-483902ef61c5,NTH,NTH03,NTH03,D05
a31173bc-1849-442b-8cfd-0e87442e2039,NTH,NTH03,NTH03,D06
3ff8bfaf-d5e8-4788-a002-002acb91fa30,NTH,NTH09,NTH09,A00
2930f12c-9571-4499-9540-f5f7bb537599,NTH,NTH09,NTH09,A01
2d172d62-397c-438e-8968-3e8be4e28e56,NTH,NTH09,NTH09,D01
941bcc92-bdcf-4ac2-b1a2-3679986c39f2,NTH,NTH09,NTH09,D07
77c6be7f-0e09-45fe-90ae-3eaa69e6047d,NTH,KDQH1.1,KDQH1.1,A01
ad4b304e-9b2f-40b3-a5a4-80166ccb2bd6,NTH,KDQH1.1,KDQH1.1,D01
b9a0e4b6-7289-42aa-8bf1-7129c6f9a2a1,NTH,KDQH1.1,KDQH1.1,D02
4bfcbef7-88de-40f3-8ccc-a4a4bbc52a7a,NTH,KDQH1.1,KDQH1.1,D03
07a2ffd2-9da0-4892-9193-d6aab4109ebe,NTH,KDQH1.1,KDQH1.1,D04
bf727b3d-bce6-4f82-b610-7f1a5ce54a7d,NTH,KDQH1.1,KDQH1.1,D06
5d68ff1e-bb40-4578-b2e0-bad0b0890fe4,NTH,KDQH1.1,KDQH1.1,D07
49b52c97-3863-4848-a357-e0166e24899d,NTH,KDQH1.1,KDQH1.1,A00
08cae9bf-5726-447b-9448-225dd0ca0bbe,NTH,KDQH2.1,KDQH2.1,A01
98c3da57-7c1a-41b3-ad78-24086aaf307b,NTH,KDQH2.1,KDQH2.1,D01
ae1d64da-28f9-4512-a97b-5d3e5c3f8067,NTH,KDQH2.1,KDQH2.1,D02
b95d28eb-dce6-4b50-86d5-80c34f7b722a,NTH,KDQH2.1,KDQH2.1,D03
7ed7f322-46a3-4d1f-8207-49086cd83ff4,NTH,KDQH2.1,KDQH2.1,D04
6d6984b9-c6ff-4e3e-92bb-3267e693cdbb,NTH,KDQH2.1,KDQH2.1,D06
12e29a65-ed0b-4713-9193-e30b8e233674,NTH,KDQH2.1,KDQH2.1,D07
b5d254f0-e00e-41e3-8097-934047a1f704,NTH,KDQH2.1,KDQH2.1,A00
57b198ae-d678-4b4a-8678-364a314fd15a,NTH,KDQH2.2,KDQH2.2,A00
7ec9d501-10fe-4866-b5c8-3fa671f6de50,NTH,KDQH2.2,KDQH2.2,A01
4d26dda8-6efb-4109-9cea-3887b68939fb,NTH,KDQH2.2,KDQH2.2,D01
6da94280-3cb3-4f01-a8ab-e524193dd0f8,NTH,KDQH2.2,KDQH2.2,D02
d0dcfb38-8608-45c3-9786-e06a362c6cba,NTH,KDQH2.2,KDQH2.2,D03
27d90335-8b3a-4787-a69d-fa82022e41de,NTH,KDQH2.2,KDQH2.2,D04
1d3421dc-d6fc-43b2-a4db-6a0742d84498,NTH,KDQH2.2,KDQH2.2,D06
c543a2e4-5f33-421d-9e0a-e1ab4360bf15,NTH,KDQH2.2,KDQH2.2,D07
e3494a4d-9d29-41d8-a0a2-158cd33675f7,NTH,KDQH2.3,KDQH2.3,A00
7be451ea-a21f-434e-811c-3a17a6f67d6e,NTH,KDQH2.3,KDQH2.3,A01
89349408-ced5-4bd4-8602-f628c464d3a9,NTH,KDQH2.3,KDQH2.3,D01
f7589279-dfbb-429f-9ed5-36919b93d92e,NTH,KDQH2.3,KDQH2.3,D02
da228074-cd64-4600-88d9-99f16bdeaed2,NTH,KDQH2.3,KDQH2.3,D03
8639e209-477e-425a-95d2-40ae59efd0b5,NTH,KDQH2.3,KDQH2.3,D04
1e694f2c-7502-4d41-8d00-2c9c04499711,NTH,KDQH2.3,KDQH2.3,D06
3b45d5ba-0e02-4be0-8c34-11c88f551705,NTH,KDQH2.3,KDQH2.3,D07
d8bd7b54-8674-4120-b20c-f423d58ca1fe,NTH,KDQH2.4,KDQH2.4,A00
439d2811-a4ce-4fb4-a8e8-7168ecd3724a,NTH,KDQH2.4,KDQH2.4,A01
9ed308dd-adbd-4b32-a7b9-4b20e8212ecc,NTH,KDQH2.4,KDQH2.4,D01
03fbdc71-a0cd-42d9-a939-d5857c01f341,NTH,KDQH2.4,KDQH2.4,D02
72be8287-f79a-4f68-ac3c-7589ec0b42c8,NTH,KDQH2.4,KDQH2.4,D03
c02a3caa-9f66-4180-9445-69debfd2fc5f,NTH,KDQH2.4,KDQH2.4,D04
357ff7c6-302c-4f24-b8d2-a75a5bb6444a,NTH,KDQH2.4,KDQH2.4,D06
a84e2526-8063-4035-b26b-95aae94e17f6,NTH,KDQH2.4,KDQH2.4,D07
ef40a4ab-059b-4451-8086-4d8905994b00,NTH,KDQH4.1,KDQH4.1,A00
6112077c-ab68-4918-b948-5ab2f376aab0,NTH,KDQH4.1,KDQH4.1,A01
e9a17e2e-f966-4299-9bed-9c4767db46af,NTH,KDQH4.1,KDQH4.1,D01
36bcb3a7-763a-4db0-886e-d3c875b0ae1a,NTH,KDQH4.1,KDQH4.1,D02
3bd2a3a5-8372-4e59-94f2-e7d0c86be820,NTH,KDQH4.1,KDQH4.1,D03
9166a28f-a226-45c8-897c-e5a36c1e6d2c,NTH,KDQH4.1,KDQH4.1,D04
ec1faf07-31ff-4ec8-8844-f07ecc52d181,NTH,KDQH4.1,KDQH4.1,D06
5bcfe1e3-34c2-4cfd-8229-b1142a722b73,NTH,KDQH4.1,KDQH4.1,D07
a3c1a1b4-fbc4-403c-8f25-9e2b6d6ca9e0,NTH,KHMH2.1,KHMH2.1,A00
9fa100dd-35f6-4793-af81-b2b2f5e8c074,NTH,KHMH2.1,KHMH2.1,A01
4812136b-fb78-48dd-9889-c810ab4928ff,NTH,KHMH2.1,KHMH2.1,D07
ab45d245-ef49-47b7-a825-d4f66f54e4d2,NTH,KTCH2.1,KTCH2.1,A01
b32c79a1-8990-4c75-8124-50ec515a9f28,NTH,KTCH2.1,KTCH2.1,D01
d97d17ff-af81-4625-a824-d4952719ffe9,NTH,KTCH2.1,KTCH2.1,D07
092668f2-1b22-43d4-95d5-6b7ae5ee6e69,NTH,KTCH2.1,KTCH2.1,A00
7a612104-33c4-4dcf-adb4-a8aecb52d759,NTH,KTEH1.1,KTEH1.1,A00
61cc3bb6-5d95-48b6-8b5d-776c4a788f3c,NTH,KTEH1.1,KTEH1.1,A01
1702f667-9301-453c-b2f6-97daaabfa61a,NTH,KTEH1.1,KTEH1.1,D01
fc83f91b-88fb-4896-a861-efb4377923e8,NTH,KTEH1.1,KTEH1.1,D02
f248aee2-352e-4d05-bab2-7b833115c94a,NTH,KTEH1.1,KTEH1.1,D03
96fbf4bc-1312-4f20-b4f4-4a876a0a0ba0,NTH,KTEH1.1,KTEH1.1,D04
019fec8b-2045-43c3-8870-e2d22081ab7e,NTH,KTEH1.1,KTEH1.1,D06
f75b4d4c-918a-4e64-b7da-50b7e3be8fd2,NTH,KTEH1.1,KTEH1.1,D07
d9848b99-9f35-4fe7-9d8d-ded578261722,NTH,KTEH1.2,KTEH1.2,A00
7cdb698b-9113-4839-af91-d075d2d579e3,NTH,KTEH1.2,KTEH1.2,A01
aaa13f60-735d-477e-ab7a-b8ab7f50f424,NTH,KTEH1.2,KTEH1.2,D01
6e7bb3d2-849d-45c3-8fd3-b8d092479e3a,NTH,KTEH1.2,KTEH1.2,D02
bad62234-54a9-44d5-b84a-616d66342603,NTH,KTEH1.2,KTEH1.2,D03
b793b9fc-9844-4f6f-86f4-f0c3d73c7e7d,NTH,KTEH1.2,KTEH1.2,D04
ce8c5fb4-1400-4b67-91b1-dde87a84f653,NTH,KTEH1.2,KTEH1.2,D06
c3295a14-9ccb-4d3b-a62c-895a9da012e8,NTH,KTEH1.2,KTEH1.2,D07
330c2b03-deaa-4e15-9c73-9dddb4a1399a,NTH,KTEH2.1,KTEH2.1,A00
a7ecf04c-4db7-4fd0-9367-e5112402f440,NTH,KTEH2.1,KTEH2.1,A01
0ae65550-7a6f-44eb-ae8d-6bfe05993125,NTH,KTEH2.1,KTEH2.1,D01
aa10be5e-86be-426e-8bf5-45695cc87848,NTH,KTEH2.1,KTEH2.1,D02
44de0285-5da8-46e5-a157-fadbe9cc87f6,NTH,KTEH2.1,KTEH2.1,D03
5df8b943-be4a-462f-8b27-3f47748ad307,NTH,KTEH2.1,KTEH2.1,D04
454c7c3f-d9e1-4141-8b54-c28892dd5083,NTH,KTEH2.1,KTEH2.1,D06
cfe7e6bb-f57c-44c9-a2d5-b08b89605a8b,NTH,KTEH2.1,KTEH2.1,D07
7ca70373-daf5-49a0-8164-fa4247af149e,NTH,KTEH4.1,KTEH4.1,A00
09270b53-1527-4a77-9455-9dbd6bcd2ab9,NTH,KTEH4.1,KTEH4.1,A01
da61f36d-598c-4feb-814b-669d87062e5b,NTH,KTEH4.1,KTEH4.1,D01
41af7b59-f237-45d2-b4b6-bc6ff26828e6,NTH,KTEH4.1,KTEH4.1,D02
7fc72e52-b1ad-4d55-b439-b98d131463ac,NTH,KTEH4.1,KTEH4.1,D03
57b40b89-ea8f-4e97-b3b6-34c26f4b0002,NTH,KTEH4.1,KTEH4.1,D04
93234a6a-2d8b-4af4-af6b-14863fbac25f,NTH,KTEH4.1,KTEH4.1,D06
6c82bfa7-c35d-4387-a8a9-560038582710,NTH,KTEH4.1,KTEH4.1,D07
9357d404-4a7c-4e19-b5c4-a935261ffa03,NTH,KTKH1.1,KTKH1.1,A00
c551815e-2102-4e49-b35e-83a138833d08,NTH,KTKH1.1,KTKH1.1,A01
2b2c5f40-ab74-412f-9937-2bc74c627757,NTH,KTKH1.1,KTKH1.1,D01
7d6be9c0-ead9-4239-aa2b-00246ca4c191,NTH,KTKH1.1,KTKH1.1,D02
3d7ada9b-5ebe-4db6-9c83-04e79a6d3cd0,NTH,KTKH1.1,KTKH1.1,D03
91b72639-d415-4014-be97-b87b5659624b,NTH,KTKH1.1,KTKH1.1,D04
ec4fec12-85b5-4db2-a8a4-937d38d2c2cf,NTH,KTKH1.1,KTKH1.1,D06
f835ff17-e32f-47d7-90bf-bc192ef0ad4f,NTH,KTKH1.1,KTKH1.1,D07
bed95666-abc9-490a-97bf-a6748333389c,NTH,KTKH2.1,KTKH2.1,A00
334c0494-2762-4e1e-8456-3cb4cb934126,NTH,KTKH2.1,KTKH2.1,A01
bb874549-f3a2-46a9-ad89-09792d9d0a5a,NTH,KTKH2.1,KTKH2.1,D01
8757820b-65d2-497f-be1e-c8c887d4a385,NTH,KTKH2.1,KTKH2.1,D02
4a02820d-dc5f-4c6d-8f24-63435303144d,NTH,KTKH2.1,KTKH2.1,D03
dca50723-b886-4196-962e-a92b863f39f6,NTH,KTKH2.1,KTKH2.1,D04
ec436438-d315-4d04-bfd5-6fac36762ca9,NTH,KTKH2.1,KTKH2.1,D06
21c445f7-2209-46c0-a9aa-1c73826ed868,NTH,KTKH2.1,KTKH2.1,D07
6218fda6-2c26-49e6-94a1-ae8a62b03f2c,NTH,KTKQ1.1,KTKQ1.1,A00
8fa0e743-f2bc-464a-af45-dc29182d3141,NTH,KTKQ1.1,KTKQ1.1,A01
e191b864-7467-467c-a540-b5bf0c8325f6,NTH,KTKQ1.1,KTKQ1.1,D01
19073cfa-c167-4528-bfcd-3a65047a6f9e,NTH,KTKQ1.1,KTKQ1.1,D02
014f8d33-770e-4b5b-905e-699cdb7054f4,NTH,KTKQ1.1,KTKQ1.1,D03
cca089de-dcfa-4a04-91f7-ca1d7f35834b,NTH,KTKQ1.1,KTKQ1.1,D04
33e4fcdf-028d-4d43-a93c-19ce74d75be0,NTH,KTKQ1.1,KTKQ1.1,D06
ae81259c-7c89-4ea7-8f7b-8ab71fb2f258,NTH,KTKQ1.1,KTKQ1.1,D07
4c5d68cc-ff8f-4e04-ae6a-ad804dc1808c,NTH,KTQH1.1,KTQH1.1,A01
78132128-2b4b-4b65-ab54-296d2c195ebb,NTH,KTQH1.1,KTQH1.1,D01
e47a3b4f-b42a-4eb1-a52b-1e75328da9bc,NTH,KTQH1.1,KTQH1.1,D02
20dd0038-5368-4f08-903f-5116866318b7,NTH,KTQH1.1,KTQH1.1,D03
3db31ede-0267-44dd-ae28-db2a4d5cd96c,NTH,KTQH1.1,KTQH1.1,D04
5a1d8ce4-3425-4c3f-ae79-ffcd1685a0cc,NTH,KTQH1.1,KTQH1.1,D06
d58bd587-34e2-4464-b97e-00ad0647021d,NTH,KTQH1.1,KTQH1.1,D07
d90bc030-bbe3-4457-af89-3875766d2b78,NTH,KTQH1.1,KTQH1.1,A00
de0d48b6-dc80-4a76-9673-9bf4ada646bf,NTH,KTQH1.2,KTQH1.2,A01
3d0cb330-d1cf-4bbb-8fd5-c22b8439686b,NTH,KTQH1.2,KTQH1.2,D01
f94661ff-a5ba-4da1-b648-cfb6990275ec,NTH,KTQH1.2,KTQH1.2,D02
9c0f2429-95f2-49b0-b1d7-37426e047063,NTH,KTQH1.2,KTQH1.2,D03
32f90689-66c6-4b8e-a462-7b6b8594fe14,NTH,KTQH1.2,KTQH1.2,D04
9d0cd6a1-0997-47e6-85d2-ff502300a3df,NTH,KTQH1.2,KTQH1.2,D06
75656995-8703-4210-924e-490036176725,NTH,KTQH1.2,KTQH1.2,D07
b2a30393-f3fc-42c5-b428-837a79ff29fc,NTH,KTQH1.2,KTQH1.2,A00
f4263be3-8033-40b3-aa90-a9e7e38b3cdc,NTH,KTQH2.1,KTQH2.1,A00
316c5c3a-a5b5-4334-9701-83f8bc52344a,NTH,KTQH2.1,KTQH2.1,A01
d6f1d213-bbb8-4ef0-951e-31d2ba9491cb,NTH,KTQH2.1,KTQH2.1,D01
551e59db-4a05-41bb-a719-cd00c436d7f6,NTH,KTQH2.1,KTQH2.1,D02
a4e2c47a-4577-42b3-b112-6aad44977760,NTH,KTQH2.1,KTQH2.1,D03
0d41a4a4-0a16-4706-9e75-370879f68c42,NTH,KTQH2.1,KTQH2.1,D04
4670696d-3088-4975-92ce-5b544e59860b,NTH,KTQH2.1,KTQH2.1,D06
919d04c7-59d6-4488-bb95-be54b2e711ae,NTH,KTQH2.1,KTQH2.1,D07
05fffbf9-b99e-4fdf-a933-9aba7f69f361,NTH,LAWH1.1,LAWH1.1,A00
878b0903-6254-44b1-beb4-14b24b2be50a,NTH,LAWH1.1,LAWH1.1,A01
6afda11f-6c06-4762-9689-4c2458e8f132,NTH,LAWH1.1,LAWH1.1,D01
eb0ca0a4-fb4e-46ce-ad08-48714f7ba52c,NTH,LAWH1.1,LAWH1.1,D02
b22c6659-51a5-4a9e-8e6b-c550da3db2f9,NTH,LAWH1.1,LAWH1.1,D03
63e33151-e1be-4e2b-b008-fedd93eee32f,NTH,LAWH1.1,LAWH1.1,D04
ba0217f5-4fed-40b5-bfe7-0edc6f8a3192,NTH,LAWH1.1,LAWH1.1,D06
c2706a2c-b3f6-460b-bc26-eaaecbf81cdf,NTH,LAWH1.1,LAWH1.1,D07
cc149faa-d52b-4d0d-aba3-7e106f36fe57,NTH,LAWH2.1,LAWH2.1,A00
42073a2f-7bd4-49d6-a84b-92c55b59b223,NTH,LAWH2.1,LAWH2.1,A01
92eeed5b-05cc-499a-a612-c0a9825b6001,NTH,LAWH2.1,LAWH2.1,D01
da3b35a8-bfbd-4836-b488-6c12e624f9dd,NTH,LAWH2.1,LAWH2.1,D02
0bd8f034-50cf-46c6-b5dd-6c66dba02101,NTH,LAWH2.1,LAWH2.1,D03
ce9aec0e-25a7-4993-a7a9-2c7021fd8667,NTH,LAWH2.1,LAWH2.1,D04
3af90045-4b08-4efe-9a59-9e3e4101c5de,NTH,LAWH2.1,LAWH2.1,D06
4a11dee4-255b-415e-b932-1e77796a4a99,NTH,LAWH2.1,LAWH2.1,D07
6bba9432-685d-4846-980b-ef2e59681cbc,NTH,MKTH2.1,MKTH2.1,A01
4b3170a1-6d56-41ab-a8b7-53a54c9b47f0,NTH,MKTH2.1,MKTH2.1,D01
f9cd8b5b-1c9b-42d4-8666-fcb91bf1d757,NTH,MKTH2.1,MKTH2.1,D02
7a79c959-6336-48fe-916a-372dc78db4b4,NTH,MKTH2.1,MKTH2.1,D03
24595fd7-c5db-4543-a4cc-db36fa78e0e7,NTH,MKTH2.1,MKTH2.1,D04
dd806917-924f-4761-8e83-1d84e2306ba9,NTH,MKTH2.1,MKTH2.1,D06
5a94c31f-6d05-4e04-83d4-bae15112f7be,NTH,MKTH2.1,MKTH2.1,D07
7e748b9b-359f-4b3b-b54a-3b3ee1e0e70f,NTH,MKTH2.1,MKTH2.1,A00
90c9ad8f-0c66-4b84-ad49-4a4dbfe5658e,NTH,NNAH1.1,NNAH1.1,D01
85f69f51-9f9a-4a62-b6bc-31595ee6c111,NTH,NNAH2.1,NNAH2.1,D01
ea0312e1-08b1-45b1-b5a8-ee95b1542120,NTH,NNNH1.1,NNNH1.1,D01
027804ba-90d0-4d23-bcb3-a2cf1f26772e,NTH,NNNH1.1,NNNH1.1,D06
24e98adc-9487-4071-9627-98f9276154fe,NTH,NNNH2.1,NNNH2.1,D01
ff65026f-6143-41b3-ba64-ddee9c6faff1,NTH,NNNH2.1,NNNH2.1,D06
55ded3d7-2abd-4218-ad9b-c3b2e86e7a9e,NTH,NNPH1.1,NNPH1.1,D01
b27e0c00-2541-4377-b08f-668ba7d96a14,NTH,NNPH1.1,NNPH1.1,D03
ac2d55d9-ebba-4956-ad5c-ed4ea86dab3c,NTH,NNPH2.1,NNPH2.1,D01
82b9d2a2-b085-4bc6-84a0-56ce8cca6fe4,NTH,NNPH2.1,NNPH2.1,D03
d9627f4b-3bee-4968-9b16-004de00e6397,NTH,NNTH1.1,NNTH1.1,D01
88c77544-0cac-46b5-9e3f-494f4df6483c,NTH,NNTH1.1,NNTH1.1,D04
80d9f665-ebd9-4a90-8ce1-27974370885d,NTH,NNTH2.1,NNTH2.1,D01
0f1e4ad2-f6dd-44c6-962f-f504a9d41063,NTH,NNTH2.1,NNTH2.1,D04
0775f6f1-d53e-4967-b71d-eaa9d137135b,NTH,NTH01-01,NTH01-01,D02
317ac381-a2f3-48de-ab76-ad8f5059bcae,NTH,NTH01-01,NTH01-01,D04
70f400b6-3fc5-434b-a503-e49c8feb9398,NTH,NTH02,NTH02,D02
6e08cc89-88e0-42d9-af0d-754047fe7193,NTH,NTH02,NTH02,D04
f3423a1d-c1b4-40b8-bd2d-88b0b8e295a2,NTH,NTH03,NTH03,D02
413cd348-dbfd-4ff3-a2e0-c8c5544e84fa,NTH,NTH03,NTH03,D04
692e686d-a3df-4038-bef9-da3b6817cbbb,NTH,NTH10,NTH10,A00
9497bab7-08c3-4ae2-b21d-8ef15758ab61,NTH,NTH10,NTH10,A01
3a46cf72-9d9e-434c-9b66-3b2125e19e78,NTH,NTH10,NTH10,D07
269373e5-d48c-486e-ac3b-03fcabab383d,NTH,QKSH2.1,QKSH2.1,A00
581517f4-d7d1-412b-867d-360648cfc06a,NTH,QKSH2.1,QKSH2.1,A01
7e583b61-d504-42df-b8f8-d24310cc89de,NTH,QKSH2.1,QKSH2.1,D01
9e310b57-e50d-46b1-b263-49905109e0e1,NTH,QKSH2.1,QKSH2.1,D02
b8793361-acee-487c-b9e3-0f53f84ff1a6,NTH,QKSH2.1,QKSH2.1,D03
3d77fb10-8c56-42d2-a9b7-2eb744fbbb3f,NTH,QKSH2.1,QKSH2.1,D04
e5cce2f2-971a-4afb-8f25-26793db4d727,NTH,QKSH2.1,QKSH2.1,D06
7907ac1b-c13c-4de5-a877-48c0c58cac48,NTH,QKSH2.1,QKSH2.1,D07
67cc4740-0606-466c-b9e1-a7b982fc0b94,NTH,QTKH1.1,QTKH1.1,A00
9b8132de-054a-4f0c-9697-31ceca45ed09,NTH,QTKH1.1,QTKH1.1,A01
84a945e9-e4d9-4bd7-9bf6-7fea8a61c811,NTH,QTKH1.1,QTKH1.1,D01
6b36d4d0-988a-423f-aa5b-14b89d3c34ea,NTH,QTKH1.1,QTKH1.1,D02
8d533cbd-03bb-4c61-9064-092e102f7572,NTH,QTKH1.1,QTKH1.1,D03
bdec56cd-1f6d-4086-aaee-917eccc2011a,NTH,QTKH1.1,QTKH1.1,D04
a9ab246d-f93b-4732-a9dd-6d5ba0f0666c,NTH,QTKH1.1,QTKH1.1,D06
fd5552df-0ebd-41b9-9c65-69f6be1e50aa,NTH,QTKH1.1,QTKH1.1,D07
51bea9a1-228e-48db-9e48-5640d6fe7de1,NTH,QTKH2.1,QTKH2.1,A00
8c8eabf1-27dc-4a23-8227-6067cd976a48,NTH,QTKH2.1,QTKH2.1,A01
1f4e7061-ba86-4bba-b63e-0cc122d19903,NTH,QTKH2.1,QTKH2.1,D01
58037269-2a9d-4287-8b72-31a8b4c42ac9,NTH,QTKH2.1,QTKH2.1,D02
2558ba88-fac6-4705-902a-2c9f4ae47e1d,NTH,QTKH2.1,QTKH2.1,D03
9003481d-07a4-46e1-919e-144aa7b3869d,NTH,QTKH2.1,QTKH2.1,D04
f4de3ca8-b672-4ad6-b0b6-11b241370782,NTH,QTKH2.1,QTKH2.1,D06
237afb1b-e75a-4798-88bf-d3a9d439cc48,NTH,QTKH2.1,QTKH2.1,D07
179a2160-7437-49a0-955e-f0dd155501ad,NTH,QTKH4.1,QTKH4.1,A00
0d4a368d-78a9-4648-a542-1dc6cf8cea84,NTH,QTKH4.1,QTKH4.1,A01
5615a5a2-a950-4351-8978-9facb77f996f,NTH,QTKH4.1,QTKH4.1,D01
8ec3faf7-a732-4ab5-9cd6-610170dd2cc4,NTH,QTKH4.1,QTKH4.1,D02
2b33a49e-6ac0-4c30-90a8-44e007eadcc7,NTH,QTKH4.1,QTKH4.1,D03
fdcff22b-2d17-4bd5-8a9d-2a475bfa7e38,NTH,QTKH4.1,QTKH4.1,D04
2b733778-f1cd-41c9-9c40-bf4c5ff09354,NTH,QTKH4.1,QTKH4.1,D06
f7822153-bb52-468e-af55-779b4f1fd8b9,NTH,QTKH4.1,QTKH4.1,D07
0cd9f6e1-252f-4be0-ba43-6d1e44f40f29,NTH,TCHH1.1,TCHH1.1,A00
cf3442d3-f337-4998-831d-43f100b6883d,NTH,TCHH1.1,TCHH1.1,A01
ebae1234-a44a-48cd-822b-5a424ddcebeb,NTH,TCHH1.1,TCHH1.1,D01
0988f6ab-814f-409a-95d0-a22d96649862,NTH,TCHH1.1,TCHH1.1,D02
ce6a3912-2416-45be-a05c-30f27d198975,NTH,TCHH1.1,TCHH1.1,D03
b86b1991-89d3-4942-bf55-c5ec981b08b1,NTH,TCHH1.1,TCHH1.1,D04
5ea2a807-e446-4cff-9930-1227eec812fe,NTH,TCHH1.1,TCHH1.1,D06
b9d74503-31aa-4e73-b19c-2dc0c85defd1,NTH,TCHH1.1,TCHH1.1,D07
98bb0309-ec44-4c3c-aa8f-be592777ec7d,NTH,TCHH1.2,TCHH1.2,A00
9f9093a9-924f-4b0b-9cc4-70205cbd43fa,NTH,TCHH1.2,TCHH1.2,A01
1c04ebc2-4244-4b8d-ac09-59de0518702e,NTH,TCHH1.2,TCHH1.2,D01
b3f5b2ad-7d88-4707-8c66-12f2343c6775,NTH,TCHH1.2,TCHH1.2,D02
596de440-2291-48d5-8f83-96f016b1f629,NTH,TCHH1.2,TCHH1.2,D03
4c3d6526-1e1f-4e3d-9abd-e0b3dbf3a45a,NTH,TCHH1.2,TCHH1.2,D04
e330eb98-af68-420d-830a-8e284c7bd88c,NTH,TCHH1.2,TCHH1.2,D06
7983500a-a0a0-4a02-a37a-72e21415fcd7,NTH,TCHH1.2,TCHH1.2,D07
ee314215-9af3-4ae8-bf38-f10ec8a59a70,NTH,TCHH1.3,TCHH1.3,A00
a8948b7b-d46c-4dcb-8900-3014d23090ac,NTH,TCHH1.3,TCHH1.3,A01
7a0abc65-71c2-49d4-81ec-135c6deb81e1,NTH,TCHH1.3,TCHH1.3,D01
00e22cc3-8470-4b12-8133-c14c13fee8ca,NTH,TCHH1.3,TCHH1.3,D02
8d4aacd4-b97e-4732-b668-87bc2255b613,NTH,TCHH1.3,TCHH1.3,D03
2c912ef9-fb48-47e3-9c38-b4010a04ca7c,NTH,TCHH1.3,TCHH1.3,D04
d5432508-4179-4341-aaa2-bcad6f8e345e,NTH,TCHH1.3,TCHH1.3,D06
de25827f-2a6c-4757-8e15-c7a295301dc7,NTH,TCHH1.3,TCHH1.3,D07
0e8e2b24-54c4-42c7-923e-65ddda998aec,NTH,TCHH2.1,TCHH2.1,A00
5446c533-bb4b-4718-9dbb-407cd85af119,NTH,TCHH2.1,TCHH2.1,A01
8454ed37-11bd-45b0-9932-5cd51014913e,NTH,TCHH2.1,TCHH2.1,D01
2442a700-30bd-42c1-9d41-b9b6f7db7b40,NTH,TCHH2.1,TCHH2.1,D02
9a95a112-8156-45c1-a103-dab7d2bed279,NTH,TCHH2.1,TCHH2.1,D03
d347d06a-bccc-4ef4-bf9c-cd5a0a51a391,NTH,TCHH2.1,TCHH2.1,D04
cef3b724-1c8a-4714-8576-61bb61fc4fb4,NTH,TCHH2.1,TCHH2.1,D06
683aee47-075d-4878-b2e5-ceae7a377943,NTH,TCHH2.1,TCHH2.1,D07
94f6c947-52a9-4ea1-9b8c-7b92b70b1e6c,NTH,TCHH4.1,TCHH4.1,A00
64aea54d-5273-4f9c-b68a-af6121d883b4,NTH,TCHH4.1,TCHH4.1,A01
d3f9ef6f-a0da-4aff-af56-0e469f5fe1a9,NTH,TCHH4.1,TCHH4.1,D01
6c89fe54-3c86-4e47-948e-82dcb3cbb8ed,NTH,TCHH4.1,TCHH4.1,D02
998b6867-bf8d-4758-8aac-7b711900071c,NTH,TCHH4.1,TCHH4.1,D03
c8e55adf-3d80-46e0-873f-40b9c1da814e,NTH,TCHH4.1,TCHH4.1,D04
5954b022-9603-42ef-803c-2a39939cd8d7,NTH,TCHH4.1,TCHH4.1,D06
ca581bf9-7b50-435f-9305-79e229271930,NTH,TCHH4.1,TCHH4.1,D07
2b736a50-a1ba-4911-a773-4fada0a0a28c,NTH,KHMH2 .1,KHMH2 .1,A00
42db34a7-15f3-4696-b5c4-34e2a1fe4d07,NTH,KHMH2 .1,KHMH2 .1,A01
72c59cf2-c703-49da-b407-935079f6279b,NTH,KHMH2 .1,KHMH2 .1,D01
009b4687-c976-41e4-8668-b4f48897ce2c,NTH,KHMH2 .1,KHMH2 .1,D07
f8d03865-44a7-4f91-aa9c-63d69c631826,NTH,KTQH.1,KTQH.1,A00
0aea8174-cfb4-49e2-866d-60d781dbdec0,NTH,KTQH.1,KTQH.1,A01
05cc5a28-63b8-4653-a5ab-127a3d6ef662,NTH,KTQH.1,KTQH.1,D01
cdfcbef0-ec60-4579-9465-15407cdff16f,NTH,KTQH.1,KTQH.1,D03
1bfb8174-7c01-4294-9e93-0f51694fbb51,NTH,KTQH.1,KTQH.1,D07
1713193b-7257-4228-b491-8214d1705a1d,NTH,KDQQ1.1,KDQQ1.1,A00
e855d0c0-6c4b-4613-8308-34459baa5a81,NTH,KDQQ1.1,KDQQ1.1,A01
ddd94b26-7e4e-462e-8d14-f68803001f44,NTH,KDQQ1.1,KDQQ1.1,D01
3eebaff9-5570-4d2e-8600-3d653373b145,NTH,KDQQ1.1,KDQQ1.1,D07
0762cfde-a793-442c-8488-547aa6841e51,NTH,KHMH2.1,KHMH2.1,D01
4f506575-75f3-45d1-acac-4770f55ab8e1,NHF,7220201,7220201,D01
fef474be-5cd7-42d7-9719-5ce245e9c63e,NHF,7220202,7220202,D01
c9b2e7df-30e3-4b56-97a9-041a6abfec34,NHF,7220202,7220202,D02
305fad0e-a2f5-4c80-ab51-8311d7ef21c9,NHF,7220203,7220203,D01
aff9b7a5-cb26-4eaa-ad1c-6964a9c4a1ee,NHF,7220203,7220203,D03
b1adb508-9af2-467a-a0bc-73d296e89ff5,NHF,7220204,7220204,D01
8171ad66-5fe6-4ba3-ac2d-93c337c0db51,NHF,7220204,7220204,D04
acf54e65-1a18-424b-8770-e7ec1c007649,NHF,7220204 CLC,7220204 CLC,D01
f695a59e-77e4-4461-80a0-6c581a732cb6,NHF,7220204 CLC,7220204 CLC,D04
3f769f12-bbcb-4f64-871b-fa39e86dcee0,NHF,7220205,7220205,D01
b9bd39a7-44f0-41b0-b1ea-15a6868f9898,NHF,7220205,7220205,D05
df826714-b949-4d6f-ac97-0bd4bf42bc54,NHF,7220206,7220206,D01
32b3f829-1046-490c-b902-444ddd446dbd,NHF,7220207,7220207,D01
17d78fbc-0a68-4ccd-95c8-9535a7faeb6d,NHF,7220208,7220208,D01
c21661c8-c2b4-4841-abe8-472eed45375a,NHF,7220208 CLC,7220208 CLC,D01
68c81c5a-2023-4dd4-8abd-75850c5f2f2c,NHF,7220209,7220209,D01
5672ac15-011f-45ce-ac61-c8517efc0f77,NHF,7220209,7220209,D06
654a3ee6-ce17-4a9f-b8fa-bf0cbabd9c45,NHF,7220210,7220210,D01
557c513d-0b23-43f6-ad05-2f26fcf503f7,NHF,7220210 CLC,7220210 CLC,D01
04221cf5-b1a2-49f8-bdc5-ef341c073e7b,NHF,7310111,7310111,D01
ce4c73e0-d44b-42cc-ab34-0f93a4331406,NHF,7310601,7310601,D01
0f56f748-6941-4938-b9a6-392f0e524d85,NHF,7320104,7320104,D01
cd46447e-d839-4cf3-832b-25cd372efa29,NHF,7320109,7320109,D01
ac4483a3-90e2-4741-9629-6dfe6838e6d8,NHF,7320109,7320109,D03
d6bef06b-418f-4d7f-9681-3560b8392d5d,NHF,7340101,7340101,D01
43cf1c2b-0818-43fb-96ae-ae2dabb79900,NHF,7340115,7340115,D01
0b66bd9f-8fa2-4d16-bb47-9c7bbdcfb79a,NHF,7340201,7340201,D01
09600e9a-394d-4bd0-b89c-28f111c7b849,NHF,7340301,7340301,D01
84c5cd89-059e-4a9b-a23b-0e39f6c5055e,NHF,7480201,7480201,A01
7d07c115-9790-497f-97f7-07a7f8af6ac8,NHF,7480201,7480201,D01
e70681b5-88ac-4e71-b605-8024158a0b81,NHF,7480201 CLC,7480201 CLC,A01
ed0a450f-3e60-4ea4-9799-d369d9250c88,NHF,7480201 CLC,7480201 CLC,D01
f200552f-c56b-4046-8cc6-e425031aee28,NHF,7810103,7810103,D01
d0ddf1a0-731c-448a-a5e3-9429da30d4d7,NHF,7810103 CLC,7810103 CLC,D01
1869c87c-ea93-4d51-bc27-8e176cbb5144,NHF,7220201 TT,7220201 TT,D01
a1f017c4-8b87-4926-8517-ceb98aa52971,NHF,7220204 TT,7220204 TT,D01
2bc6c430-931a-40af-a92a-1987719efbd7,NHF,7220204 TT,7220204 TT,D04
c8a0ae23-0ac5-4935-9d37-7aeadc6bedc6,NHF,7220208 TT,7220208 TT,D01
61af2695-faae-4f37-ac86-c47820b25473,NHF,7340205,7340205,A01
2a5ddccd-e7ca-42d4-bf09-496f4470f0f0,NHF,7340205,7340205,D01
123267e4-0cef-4387-b151-bb06c7437bb0,NHF,7480201 TT,7480201 TT,A01
82e15e44-cb76-4ba0-be0c-27a3b037a771,NHF,7480201 TT,7480201 TT,D01
8d9bffa0-92e9-4a93-8a8e-00d42d30a318,NHF,7810103 TT,7810103 TT,D01
889f668d-39e0-45a6-87dd-e327b7e65a52,NHF,7220202,7220202,D03
d1c53120-8846-4f08-bc17-53a8be3234db,NHF,7220207,7220207,D04
d5540b07-7fe3-4397-bb95-36abd7623614,NHF,7220210,7220210,D04
1db672ad-1035-40e1-bf70-6f0c9998ac7c,NHF,7220210 TT,7220210 TT,D01
20470d2a-14a8-4cba-993f-44737a927660,NHF,7220210 TT,7220210 TT,D04
7eacf358-9295-4b13-b735-3a97ae9bc182,NHF,7480201,7480201,X26
aea4b870-aeb5-4774-b781-40fd4bf653b6,NHF,7480201 TT,7480201 TT,X26
ec3f1bd4-2246-4ca9-badd-223136e81ac2,DCN,7210404,7210404,A00
75d5113a-1be2-4df4-98c1-121b865e25a2,DCN,7210404,7210404,A01
a7828f35-8273-48c7-8295-5fcddffdd313,DCN,7210404,7210404,D01
33314224-9cd8-4262-b32a-f71eb3676343,DCN,7210404,7210404,D14
ad47c44a-76e8-4c0f-aa10-8a60ccf0b0fd,DCN,7220201,7220201,D01
f53d6c14-0202-4e22-b8c1-fbad16c57232,DCN,7220204,7220204,D01
5f6880c7-88c1-4da1-9917-96810dd3c89f,DCN,7220204,7220204,D04
3eabee7d-eda0-4c68-87ea-cdbdabdc5d1e,DCN,7220209,7220209,D01
86f1e250-12fd-42b9-9ae9-2d536dab3bf9,DCN,7220209,7220209,D06
b3d3683b-3f0d-42bb-b075-7e2d039cec33,DCN,7220210,7220210,D01
a8a8cdff-a6e4-4083-b216-9f92a368c771,DCN,7310104,7310104,A00
68b93b8d-5610-4c9c-9e31-317a30776318,DCN,7310104,7310104,A01
d5e95604-b3d7-42f3-958a-2c37505d35fa,DCN,7310104,7310104,D01
1b10098d-e7c6-4d90-a47c-aa44a764fb76,DCN,7340101,7340101,A00
b501f404-9862-472d-a384-18a72c7873bf,DCN,7340101,7340101,A01
94cde3f9-1d30-44da-b1a7-2ebd3fed4796,DCN,7340101,7340101,D01
822e0eac-4bd4-440d-aa33-e9ef3b480f00,DCN,7340115,7340115,A00
276cc224-47b7-473b-8b15-388b03d4ec0c,DCN,7340115,7340115,A01
1d90bfb1-36d1-4769-8126-0f10a2b40119,DCN,7340115,7340115,D01
47bdeb26-884b-4d89-b50c-4a55f2c16f09,DCN,7340125,7340125,A00
8d513635-4f2d-4697-8bb4-c94fae581ae9,DCN,7340125,7340125,A01
954c88d9-cabe-45f3-822b-4dd4e18061f8,DCN,7340125,7340125,D01
9ba3f1c4-a6c8-4eb7-b39d-97512a00b15a,DCN,7340201,7340201,A00
39fdc0de-c884-41f3-9408-4867bdc10deb,DCN,7340201,7340201,A01
a40a0d35-a465-4e59-8af1-c0d82ac43176,DCN,7340201,7340201,D01
63133065-5504-4f8f-afb7-69a78829f7f6,DCN,7340301,7340301,A00
64602b37-403c-43f1-9cc8-e4996e0c45c4,DCN,7340301,7340301,A01
c2d9093c-b82a-4be2-9f36-56768134b723,DCN,7340301,7340301,D01
b76ae94f-8bdd-49e6-a99c-aabff76018f0,DCN,7340302,7340302,A00
3cd49c8d-a017-46b5-a113-84ea2b06ae5c,DCN,7340302,7340302,A01
c99871da-bbbf-4641-b0d8-b241eb1963c5,DCN,7340302,7340302,D01
c31f920d-8703-47c1-8d40-214f9e2fa662,DCN,7340404,7340404,A00
c60b20b0-61b5-49e8-b5fe-2da17313ab79,DCN,7340404,7340404,A01
f6a17517-2ecb-4308-9e92-91610eccdfaa,DCN,7340404,7340404,D01
2b465f0f-fb83-4cf9-bf25-64ee98f10b02,DCN,7340406,7340406,A00
ba352792-4ecc-427f-86a5-f51ddca8b4e5,DCN,7340406,7340406,A01
f5f8e0e3-330e-4e65-9590-42a02448a49a,DCN,7340406,7340406,D01
64fbae00-d90b-4cb5-887d-5297c8b252e2,DCN,7480101,7480101,A00
5a143c44-0874-47d4-ac9d-a23a3fc6ddbf,DCN,7480101,7480101,A01
90fd2e94-8cb4-4fbc-a082-f8a5ed465769,DCN,7480102,7480102,A00
945fea58-7ecd-4119-a47c-152ffc9ade91,DCN,7480102,7480102,A01
1c798513-a964-4aff-bbbb-0ca5e641e434,DCN,7480103,7480103,A00
15945651-22ef-4ebd-9464-4404615492aa,DCN,7480103,7480103,A01
f05d4fab-8d89-4642-bebd-12c3dff823b0,DCN,7480104,7480104,A00
8fcce6e8-0363-484a-a2b1-dd08c66742c8,DCN,7480104,7480104,A01
e51c8624-9df1-4abf-a8f8-2420b144f3fe,DCN,7480108,7480108,A00
c2cd1b76-8e33-4a01-9719-0892dea99097,DCN,7480108,7480108,A01
9fbbd032-4f83-4db8-8fb3-8983fbcbc3cd,DCN,7480201,7480201,A00
680c597f-b48f-4d7f-9c68-c24c6875e0fb,DCN,7480201,7480201,A01
04168474-2741-469e-bd11-68243c9b9fd0,DCN,7510201,7510201,A00
0bda46ab-7470-48f8-a66a-783fb3a0eb17,DCN,7510201,7510201,A01
89c4a60c-7425-4027-a09f-682bc81ebc0d,DCN,7510203,7510203,A00
baed99d0-3624-4813-a0b1-df7bf8afd08a,DCN,7510203,7510203,A01
b547d253-62ce-4541-aa47-ab418d905500,DCN,7510205,7510205,A00
6c0bd986-0cc4-4cbc-979f-ba72882078ec,DCN,7510205,7510205,A01
7f4f5d6a-5c5c-4b64-ae7d-52c015f2feca,DCN,7510206,7510206,A00
d6424dc6-d4e6-4916-9866-abf4473cd579,DCN,7510206,7510206,A01
8d130ea3-2fba-40ed-8c46-955d75ac319d,DCN,7510209,7510209,A00
9724f353-3d31-4a9b-9d43-8ba821064994,DCN,7510209,7510209,A01
4b13e8db-2196-4870-85a0-4cec8e6393b5,DCN,7510301,7510301,A00
0ac8eaff-a8f3-40c1-83f8-3f84bbb8b72e,DCN,7510301,7510301,A01
12f234a1-33da-4057-a19f-25ae1c96c951,DCN,7510302,7510302,A00
2e2413fd-ccdb-43a0-a8e5-67703d59f1a6,DCN,7510302,7510302,A01
7ea15f54-0e04-4dd2-807f-a0ce8c35fe6f,DCN,7510303,7510303,A00
f2b2ee8e-389f-47c7-a5e1-01b34be74b80,DCN,7510303,7510303,A01
10f79e71-43e3-4583-b944-f32415038224,DCN,7510401,7510401,A00
dd671765-bb5a-4f4b-8eb7-a76d9b11a18d,DCN,7510401,7510401,B00
ff807961-a4d1-484d-8633-ccd337b8a6d1,DCN,7510401,7510401,D01
65b6965b-3c83-41e1-97b1-717389e1a121,DCN,7510401,7510401,D07
ae9e0281-7a1b-41ee-a12c-b2ce251b78b7,DCN,7510406,7510406,A00
01f17e5f-0470-46c2-a1da-324e314195ab,DCN,7510406,7510406,B00
b1b147f2-4fa4-4aff-8dda-e996f07f3948,DCN,7510406,7510406,D01
e4ca69f1-700d-4381-932a-9ed515682899,DCN,7510406,7510406,D07
873a71c1-3cb8-4a36-9b3b-2cb20e22b484,DCN,7510605,7510605,A00
4f4cdbfd-a4fc-4a55-aef4-f6992601ee0d,DCN,7510605,7510605,A01
c2c66851-754d-4f2c-a790-9a4e8a12761b,DCN,7510605,7510605,D01
01dd1dbe-788d-4017-954e-b0e8c0d1e480,DCN,7519003,7519003,A00
124562cb-f01d-418d-81ab-1c91e24c64a5,DCN,7519003,7519003,A01
0c544457-6676-4ae4-9da7-d5ac008079a0,DCN,7520118,7520118,A00
4f3fc927-4635-403b-8df7-5785da399d08,DCN,7520118,7520118,A01
a3bf5343-eba5-4a46-a4f9-a82d1244990d,DCN,7540101,7540101,A00
cef6e1b2-b897-4a8e-9fa6-8c4cd82af842,DCN,7540101,7540101,B00
179ff8d7-8515-4392-84c9-4463c454c75d,DCN,7540101,7540101,D01
54d67165-1f1c-4a1c-adfa-4b432494c6f4,DCN,7540101,7540101,D07
b2989891-3506-4786-b222-2ad7faa6320e,DCN,7540203,7540203,A00
d5fdfcb5-aed0-409d-91e5-ba3134f51189,DCN,7540203,7540203,A01
d1c323a5-0222-446c-821d-660dab72f760,DCN,7540203,7540203,D01
dcd893b4-3bb8-4428-b6b5-1cc8146c4d44,DCN,7540204,7540204,A00
ee54a453-a4a5-45bf-aa7b-f76b0e13ca55,DCN,7540204,7540204,A01
02690084-46ea-4e22-b844-068aeaf7a62a,DCN,7540204,7540204,D01
9d9ab4b2-18e6-41a6-bb33-cd79b8d9f8fa,DCN,7810101,7810101,C00
a27f2664-bcc0-4b34-8737-8ba63f23cbfc,DCN,7810101,7810101,D01
6adfb6ba-e083-4868-a440-9627acaf3dc4,DCN,7810101,7810101,D14
0f93c6df-23a4-4f4d-af2c-b03391005207,DCN,7810103,7810103,A00
936fc537-cd66-4fde-b9d3-57bb89452507,DCN,7810103,7810103,A01
d5936e57-5be1-4589-b0d9-862abe8acae8,DCN,7810103,7810103,D01
21e36f7a-cb1f-4d85-8d5c-954171431731,DCN,7810201,7810201,A00
f69ca8b1-a52b-4069-9fa1-4e212cb7dd96,DCN,7810201,7810201,A01
91c4fd03-55c1-4aac-85ec-0ecd398e51fd,DCN,7810201,7810201,D01
76395f20-98b1-4716-9a6b-8b6b05fb1889,DCN,7310612,7310612,D01
de5ae7b4-79d2-427d-990a-0b0c01e697dc,DCN,7310612,7310612,D04
6e39ea29-8fd9-4f67-b3fe-e57b56e1361d,DCN,7329001,7329001,A00
69b7c222-4e3d-44be-b15d-4646ebfaa18a,DCN,7329001,7329001,A01
65af7133-0f25-407c-9cb5-a7f43e73da73,DCN,7519004,7519004,A00
bc3876c0-74c2-4aca-8144-c9d16a4e8553,DCN,7519004,7519004,A01
409dc8ca-019e-42cc-8b70-ed7c1f767042,DCN,7519005,7519005,A00
f75e64af-34d3-49bd-b639-a0d6cea3b915,DCN,7519005,7519005,A01
906c95cf-1922-460c-b164-24eb0d1ecb8c,DCN,7810201,7810201,D14
35f59efa-5403-4a91-b252-a20499582986,DCN,7810202,7810202,A01
ceb0a9ce-5e00-4c39-91e1-7ba840c92f70,DCN,7810202,7810202,D01
5d4f12eb-21fd-429a-83ed-af2e13912e27,DCN,7810202,7810202,D14
49488bef-5d9e-4a15-9366-a181ed873eef,DCN,7229020,7229020,C00
3ee759bd-0fe8-443c-91ff-8c7679fabd18,DCN,7229020,7229020,D01
b810a156-44ed-471a-aa42-108233398c29,DCN,7229020,7229020,D14
ff7281fe-8c64-4af0-a3fe-9acde427d1d5,DCN,7320113,7320113,A00
8b889241-3a41-450e-a9a9-ff32444d534b,DCN,7320113,7320113,A01
6f4e3369-b9fc-4d45-956c-1c48624bd7ac,DCN,7510204,7510204,A00
3d486c49-e7a0-45eb-9ac4-27a345a87469,DCN,7510204,7510204,A01
2646f568-d6be-4e57-9a9e-bb7d8fa64280,DCN,7510213,7510213,A00
1a595c72-21c1-4f82-b0c9-f2634de8ec35,DCN,7510213,7510213,A01
6e99b462-c0af-419e-aea1-16f864baebba,DCN,75103021,75103021,A00
bb0afa65-b77f-4e6e-a0a9-a23bc9a5338b,DCN,75103021,75103021,A01
3ca4c978-06da-4b87-97a7-240b918944f6,DCN,75103031,75103031,A00
0192da6d-2ff2-4086-97a1-c05c28bf017b,DCN,75103031,75103031,A01
7efd90c2-8095-4c8f-9efe-4804d75257bd,DCN,75190071,75190071,A00
fbb8747f-1a7e-4771-ae17-8b6450110995,DCN,75190071,75190071,A01
280da08b-2bd8-4f8d-b0ab-87d44f12ad3c,DCN,7520116,7520116,A00
67d0e669-9cba-4eb8-b0fc-aa10581953ee,DCN,7520116,7520116,A01
58b29ea4-b50b-4d0a-817d-c0f767f2bbb1,DCN,7720203,7720203,A00
cc9b653d-50ed-49e6-8507-767620a92a12,DCN,7720203,7720203,B00
ecfab72d-ce8a-4d66-86de-b89bb0276234,DCN,7720203,7720203,D07
68f2ab56-738f-4a2b-aad3-faeee063438a,DCN,7810103,7810103,D14
e743579c-a413-48df-b15c-b857f2983ff6,DCN,7220204LK,7220204LK,D01
967a74ee-639d-426b-ad97-c5106aeef44f,DCN,7220204LK,7220204LK,D04
ec3cdd4c-c102-48e7-a590-29e7833308fe,DCN,74802021,74802021,A00
054ca7c2-08e1-4096-ba84-59436f59da03,DCN,74802021,74802021,A01
4db1eb8b-c697-4690-b094-39653662e99e,DCN,7510605,7510605,B00
4a7f1049-b12d-43b7-8b20-b88c061b136e,DCN,7520116,7520116,B00
e2de427c-7d2f-4c53-be7b-c97a91070b85,DCN,7520116,7520116,D07
8401155b-c8d3-425e-a76f-4ed599e82161,DCN,7810101,7810101,D15
eebfacd6-8a36-43df-acb3-0c9f44df51f4,DCN,7310104,7310104,X25
448650a3-95f4-49e9-810c-3283341da9e7,DCN,7340101,7340101,X25
ccdb9f8b-b68b-4df3-b87e-d159487ab740,DCN,73401012,73401012,A01
e084ce96-0bef-47ae-84c3-12aa2d7b2f64,DCN,73401012,73401012,D01
8d4968a2-6662-4894-845f-b0a1564d728b,DCN,73401012,73401012,X25
e85998a4-af53-468d-ad17-fe5cbd25e110,DCN,7340115,7340115,X25
d23dd7f7-45dc-412d-9733-3c09338f4d8e,DCN,7340201,7340201,X25
e1f24249-43e6-4259-a5ae-6c824e80dc8d,DCN,7340301,7340301,X25
10a944c6-2652-41f3-a949-2eb334e4258a,DCN,7340301TA,7340301TA,A01
35ec8373-d825-422c-a175-143cd1326f32,DCN,7340301TA,7340301TA,D01
0241b2d4-bb9f-4f47-89aa-9b46ec1c6020,DCN,7340301TA,7340301TA,X25
49249310-68c6-4ce2-92e6-1c18458e0c40,DCN,7340302,7340302,X25
9f3b5057-b9ec-4ba3-9a0f-d59435ac33de,DCN,7340404,7340404,X25
db5ed728-a819-4945-ad7a-e4038fe420eb,DCN,7340406,7340406,X25
7ff3913e-748b-43f9-8741-0521ecfeb5d8,DCN,7480101,7480101,X06
24231ac0-c7a8-4ad2-b3ba-685aaab6fe8d,DCN,7480101,7480101,X07
b938d1d1-0ccb-4bf6-a01f-f70f56a10019,DCN,7480101TA,7480101TA,A00
0dbfedb6-c405-4a12-aae2-6ddb5b2d63b1,DCN,7480101TA,7480101TA,A01
93c058c1-b9ad-4c17-b421-733e6fcfdadf,DCN,7480101TA,7480101TA,X06
edbe917d-ad0a-4313-ab07-967a5eb8d8d3,DCN,7480101TA,7480101TA,X07
bf1ec53d-dd20-440a-9fa8-5dc43afe12b1,DCN,7480102,7480102,X06
dd1cee47-28b6-4a2a-a56c-09b4705fef76,DCN,7480102,7480102,X07
c03670da-485c-4482-a7e2-2d67cfcaa249,DCN,7480103,7480103,X06
f790fc62-bd75-48a9-85f4-6621ab5f46a2,DCN,7480103,7480103,X07
515f5dba-cb7b-4c3c-abc1-4a29f43cac47,DCN,7480104,7480104,X06
3c5f1741-e399-439b-a427-06be256fafef,DCN,7480104,7480104,X07
5cf75bef-5be2-47bd-8eaf-f310a5baf447,DCN,7480108,7480108,X06
461be5b4-3721-4037-84ee-32b1d48d149d,DCN,7480108,7480108,X07
18f67982-6861-4a0d-bb44-2570c8a084eb,DCN,7480201,7480201,X06
fb19f7b1-8054-4855-806e-ab3e7788100b,DCN,7480201,7480201,X07
a692d2f0-4045-476c-a6ae-f663de0924e8,DCN,74802012,74802012,A00
818174e4-ca8d-4c9f-b1bb-c6be4217dcd0,DCN,74802012,74802012,A01
ff8bac5d-756a-41a5-8f58-8e6bc707216f,DCN,74802012,74802012,X06
a1b02093-10bd-4a81-ac5c-d9359b4444c9,DCN,74802012,74802012,X07
64537b4d-4238-40ab-bfa8-e740fc415a12,DCN,74802021,74802021,X06
60b084fd-1fa7-48a4-af94-85c857c32668,DCN,74802021,74802021,X07
d4f99551-8368-4dfd-b28e-3b3783bb034d,DCN,7510201,7510201,X06
1fedf177-ebda-4019-9441-c3e0b1559d3e,DCN,7510201,7510201,X07
4c9dc4a8-f7d4-422b-be53-3b775bc5dd87,DCN,75102012,75102012,A00
f784bfa6-ea9c-4f46-9325-c20a07de4344,DCN,75102012,75102012,A01
ab065e2a-5d0a-416a-9bfe-3d75640135aa,DCN,75102012,75102012,X06
ec47edd4-b87d-4459-b443-225b09c03ec8,DCN,75102012,75102012,X07
84dd6aa6-a7ee-4d22-bb02-c9cc27a5729b,DCN,75102013,75102013,A00
b3651df5-6f52-452c-960f-f0116744a4bf,DCN,75102013,75102013,A01
f97871af-ffab-454b-a591-7d4400a1d837,DCN,75102013,75102013,X06
c356166e-b387-4c0f-9fce-064766fbaa70,DCN,75102013,75102013,X07
0766e90e-0a9c-4643-9fa2-27d8911ff5ba,DCN,7510201TA,7510201TA,A00
af7482ff-475b-4d32-8f27-c18da296dd7e,DCN,7510201TA,7510201TA,A01
38fdb28c-6f3b-4eef-9653-539e06087de9,DCN,7510201TA,7510201TA,X06
a248f805-6555-490b-ab13-0b097be0fc4d,DCN,7510201TA,7510201TA,X07
fb83a158-7be5-49e8-b4aa-b967adc8ceba,DCN,7510203,7510203,X06
18a325bc-09cc-419c-8ac0-7880c0477ea2,DCN,7510203,7510203,X07
4808c4ab-93dc-4f7e-bc6a-c2f2314e6f99,DCN,75102032,75102032,A00
a3017e8d-8589-4b98-8054-2fe6d24af44d,DCN,75102032,75102032,A01
ae93cbc3-596d-4c14-9959-0995e0a08011,DCN,75102032,75102032,X06
c534240b-a1b9-4ee2-a33a-4394096c856a,DCN,75102032,75102032,X07
2a9e743f-8b37-45cc-a8f5-a0ce517eca3f,DCN,75102033,75102033,A00
e8e9147c-7d27-422d-ad61-bfb62ffce958,DCN,75102033,75102033,A01
3368564a-4df3-4cf6-8cc6-9c8aa6285224,DCN,75102033,75102033,X06
4681d4b9-d0bb-4a1c-a523-d6d53541c145,DCN,75102033,75102033,X07
b605de0b-8c7c-47e6-a376-8300fcdc40f5,DCN,7510205,7510205,X06
133926cd-bbba-460d-a246-efd37f5b9315,DCN,7510205,7510205,X07
90728718-cc17-44a2-ac46-4e239115b941,DCN,7510205TA,7510205TA,A00
c8a4054e-68ed-4ecc-9512-ff3dc6fb0fb3,DCN,7510205TA,7510205TA,A01
763a10f6-119c-43a3-a5a2-dc2143ba3836,DCN,7510205TA,7510205TA,X06
358a9bbd-71d9-4623-b002-41c4aa82066b,DCN,7510205TA,7510205TA,X07
708e5253-8ea3-4e7b-b39f-ae72e8ab93bd,DCN,7510206,7510206,X06
6592414a-24da-4efa-b2e1-8c187f7dfd18,DCN,7510206,7510206,X07
7a656c00-d1f7-479b-8b5d-a22509c8157c,DCN,7510301,7510301,X06
04b88680-a569-4420-a432-cb521832fca9,DCN,7510301,7510301,X07
e9929307-cce9-477b-8762-0174c6f2eef4,DCN,7510301TA,7510301TA,A00
7f676978-6eb1-4677-a035-e6df69efb87c,DCN,7510301TA,7510301TA,A01
d5728977-80d9-401c-94f5-807f922aca60,DCN,7510301TA,7510301TA,X06
80cb058d-c7a5-4556-9474-2dd25991da8f,DCN,7510301TA,7510301TA,X07
a22628ec-0e9b-4343-bb9d-b34398246558,DCN,7510302,7510302,X06
f9b7a8b9-e8b9-4040-99de-f90c6c07e7db,DCN,7510302,7510302,X07
a5b1e7e3-548c-43fc-bc9a-4aec7072b7be,DCN,75103021,75103021,X06
efbb2536-d5a6-43b5-9be8-b029b1e96c63,DCN,75103021,75103021,X07
6bc3939f-a361-4fc3-b2f4-72486c40aec9,DCN,7510302TA,7510302TA,A00
13dee422-afc2-4518-85d3-c92bee0dff96,DCN,7510302TA,7510302TA,A01
7ca9656b-8a47-46a2-b72b-05bc71f4e4b6,DCN,7510302TA,7510302TA,X06
ae4e4caa-4603-4176-9e86-22660bb8c159,DCN,7510302TA,7510302TA,X07
3e64f4ea-4ff9-467f-aeb6-ddafb8e842a7,DCN,7510303,7510303,X06
4437f9a9-8575-4485-8b2d-dd4d607fd379,DCN,7510303,7510303,X07
479f9f08-a01d-462a-af53-727d645cafdb,DCN,75103031,75103031,X06
5097012b-965f-4b74-9a6a-f4286f629add,DCN,75103031,75103031,X07
5a8344cb-3f6b-4b50-bf02-7ec6a05a9b1c,DCN,7510401,7510401,C02
4704fd40-8b61-459e-a315-aa6a51256541,DCN,7510406,7510406,C02
81183df4-77e1-430f-a1d1-98d2f7822e6c,DCN,7510605,7510605,X25
9731724a-c5bd-4d81-a963-29e4689badfe,DCN,75190071,75190071,X06
0b5ac7bd-85c2-4796-93c4-1cb8c079f5c1,DCN,75190071,75190071,X07
8410c6a5-521c-4274-aafb-770940c0371e,DCN,7520116,7520116,X06
bc0693a2-585e-4b77-afb9-cf0904551e54,DCN,7520116,7520116,X07
5fdeb201-e6d0-4e55-9e77-bd486a4c79e1,DCN,7520118,7520118,X06
098c9837-59a1-474e-9065-fb0d0616a94e,DCN,7520118,7520118,X07
0f2f29d0-4b1c-4fe1-9365-5cf1597cdf4a,DCN,7540101,7540101,C02
b7a8384c-3387-4fd0-9cdf-e026b4d9e854,DCN,7540203,7540203,X27
453dd016-dd77-4f18-bd6a-b9cc7c60fd2f,DCN,7540204,7540204,X27
93c97989-a018-41ae-ace0-25b42ef83aa5,DCN,7720203,7720203,C02
c1111a0d-b401-4a86-99b7-e2fbbf409c94,DCN,7810101TA,7810101TA,D01
bc33fdd9-8b4f-4e90-aa83-1ba6146438c6,DCN,7810101TA,7810101TA,D14
220fc3a3-fad5-4240-ac5c-49dc9e09d959,DCN,7810101TA,7810101TA,D15
d34684f1-d4a2-4515-8f1a-89a1c2e60a97,DCN,7810103,7810103,D15
cdaab3fd-9c8d-46de-b269-3a8cf673496c,DCN,7810103TA,7810103TA,D01
f2174750-c23c-46e5-aa87-09d452954506,DCN,7810103TA,7810103TA,D14
328cae72-1e8d-4e6f-8515-9b69a16be1e4,DCN,7810103TA,7810103TA,D15
57ee0759-bedb-4ab5-a9a5-556f26372e4c,DCN,7810201,7810201,D15
1a762b37-76e2-45d8-bbc0-4092d49cfde7,DCN,7810201TA,7810201TA,D01
a4d3e5c6-598e-4229-a0f2-7e4e76df8c40,DCN,7810201TA,7810201TA,D14
2ca31cb9-eeee-4ab6-b300-049851bbab57,DCN,7810201TA,7810201TA,D15
45aa3826-c13b-4618-a173-045d3a78595b,DCN,7810202,7810202,D15
42b9363c-031c-49fd-8e70-b3ab35f651da,DCN,7810202TA,7810202TA,D01
3158c037-5f17-405f-bc1d-4ab757e847d6,DCN,7810202TA,7810202TA,D14
99b2cfaa-2897-432b-b016-51e69905862d,DCN,7810202TA,7810202TA,D15
30cae24e-60ac-43ef-a9f0-fe49f66fcf40,DCN,7510401,7510401,A01
949a8453-a580-4664-9ecc-425de8cc6c2e,DCN,7510605,7510605,D07
2cb1352c-78bc-4037-a959-ace05d59e1b9,DCN,7519003,7519003,D01
c5b8aa59-4987-4655-8e98-9d6e697e4e78,DCN,7519007,7519007,A00
292c60d9-f6a8-4a94-8f12-586149530418,DCN,7519007,7519007,A01
d530f5c2-4b4c-40c3-a419-f8ce64497b43,DCN,7540101,7540101,A01
82b13d3c-3b55-4f04-a83a-e0143eccd946,DCN,7540203,7540203,B00
735c5489-fedc-40da-ab81-c42e421d49f5,DCN,7540203,7540203,D07
3cb29827-3e5b-463b-b35d-7b4d54807933,DCN,7720203,7720203,A01
66fba29e-4634-4dee-b784-1002f30f742b,DCN,7720203,7720203,D01
0c42bcbf-98ef-4b06-8328-3469ca322c8b,YHB,7720101,7720101,B00
d95b78bb-8ec5-4628-86d7-c7ddd2ecca68,YHB,7720101_AP,7720101_AP,B00
36799071-b7a8-4a77-86dd-c3f9e6bf8f5c,YHB,7720101_YHT,7720101_YHT,B00
eab84ce2-c382-42ec-8e92-48733ae8a2a5,YHB,7720110,7720110,B00
591262eb-552c-4159-a898-36cac704e289,YHB,7720115,7720115,B00
1bb67102-b006-481f-a2a9-bc858dd17735,YHB,7720301,7720301,B00
50782efc-b83a-4583-97d9-d84c6838726f,YHB,7720301_YHT,7720301_YHT,B00
f8a9d0b2-fe59-4fd8-9588-325fad9a9e06,YHB,7720401,7720401,B00
ffda8dbc-0430-41bb-b2a6-80d4af922744,YHB,7720501,7720501,B00
50055a6a-c4f2-4bc1-ae68-a3df1961ab51,YHB,7720601,7720601,B00
34a9de91-130b-4f6f-869a-fe8671e4502f,YHB,7720699,7720699,B00
690e1fa5-3b9d-44a2-9c55-bf34bf3d3535,YHB,7720701,7720701,B00
48482e17-cdd5-4635-a7b9-255de63b1261,YHB,7720101YHT,7720101YHT,B00
fb857223-914c-425c-8a78-e7894dc9a364,YHB,7720101YHT_AP,7720101YHT_AP,B00
7285c0b2-4226-4f44-8974-44fdbb3b5075,YHB,7720301YHT,7720301YHT,B00
ee649525-c80b-424c-8cc7-6fd690ffcbc5,YHB,7720301_ AP,7720301_ AP,B00
3bb741d4-5b25-4ece-a9f3-e810c5be7f41,YHB,7720501_AP,7720501_AP,B00
d7319c93-bddd-4256-a494-04e6c5e7da14,YHB,7720603,7720603,B00
8ebe61e6-eed8-47da-9766-29b35c2210d2,YHB,7310401,7310401,D01
25bca757-dfb6-43c9-8f4b-56d879531af9,YHB,7310401,7310401,B00
30279a17-72d2-4b47-bcf1-83e760fce553,YHB,7310401,7310401,C00
7130f6b7-e21c-4b70-9954-696cf29d4725,YHB,7720302,7720302,B00
16c20600-5ba9-4b93-9367-b8622c8d5e0d,YHB,7720502,7720502,B00
04d003cf-885e-4de5-9c30-4d8f9705603e,YHB,7720601YHT,7720601YHT,B00
d0a8ef81-1158-46a1-b7cc-13f7d9452dc9,YHB,7720603YHT,7720603YHT,B00
be6d83a4-61b6-4b3f-87f2-be90bd35108e,YHB,7720701,7720701,B08
f87a1bba-84b1-4783-b47f-3e2a32993a35,YHB,7720701,7720701,D01
57cbab3e-6994-4468-96a9-070aec4f0399,YHB,7720301,7720301,A00
a16d63f1-e40a-4b82-b778-1e0216723aed,YHB,7720301YHT,7720301YHT,A00
47ac8834-8a05-4328-bf05-ccb711a0ea75,YHB,7720302,7720302,A00
b0e0b01e-0d78-4b77-b6de-e7b6a165f3be,YHB,7720401,7720401,A00
aab77008-3d01-4f99-a9aa-e9431d7f34ba,YHB,7720502,7720502,A00
8272fb8a-8996-4bc9-9038-b0bd3b6dc5d6,YHB,7720601,7720601,A00
79b6066c-3184-4d84-924d-0c6d9676e24f,YHB,7720601YHT,7720601YHT,A00
1591f979-83ee-49ee-9d79-4314ec104f5d,YHB,7720602,7720602,A00
59952619-8f14-43e5-9fd9-460f5ab20960,YHB,7720602,7720602,B00
d3b0aeac-fd13-4589-aeea-27763d2350a3,YHB,7720603,7720603,A00
9bf023eb-ca18-4e51-907a-2338f1f6cdf3,YHB,7720603YHT,7720603YHT,A00
19cc767c-9c7c-47f0-b2c4-3b72353256d2,YHB,7720699,7720699,A00
efdc4721-87d7-424e-8e91-174645cbde47,YHB,7760101,7760101,A00
36d798e5-c885-4451-adc4-064f394add1c,YHB,7760101,7760101,B00
4cace427-6b1b-42dd-b130-dd5ce1c533ea,YHB,7760101,7760101,B08
55e7e9f0-fad4-465a-bab2-0913029ec086,LPH,7220201,7220201,D01
0b01a9be-2c1e-413b-a4bc-b019dcf10592,LPH,7220201,7220201,A01
f6602fe9-609c-41c9-bd8b-9819a33ae482,LPH,7380101,7380101,A00
9a29693f-007d-4fcc-9447-350974511825,LPH,7380101,7380101,A01
b77fb15a-5872-4ebb-8c32-1075d2032266,LPH,7380101,7380101,C00
ba2037de-1b79-4d8e-b5df-76a693ec6413,LPH,7380101,7380101,D01
0db620a7-e2d6-4e1c-a99e-424d6d62e6e2,LPH,7380101,7380101,D02
c2cb3c51-da38-458e-8114-511c74874f26,LPH,7380101,7380101,D03
7f9a7260-74a2-4c2c-a295-44296dab6861,LPH,7380101,7380101,D05
c5b53e3a-a688-41e7-8fcd-7c2bf81215de,LPH,7380101,7380101,D06
53018a0d-80db-4f32-9975-412ee726de9a,LPH,7380101LK,7380101LK,A00
a838527a-6100-461e-b78e-efc58ddc23e6,LPH,7380101LK,7380101LK,A01
db7f38e5-9f66-4b1c-8546-a221a50526f8,LPH,7380101LK,7380101LK,C00
d8c7dbcf-ec1a-455c-9e28-7ec48d766a7b,LPH,7380101LK,7380101LK,D01
15dd17c7-e0d5-4440-97b0-5be66ef895aa,LPH,7380101LK,7380101LK,D02
3732bfab-dcae-44d1-b27c-17fcd11e6faf,LPH,7380101LK,7380101LK,D03
08e6cd86-9340-4f1f-9f24-2ac25c91d1f8,LPH,7380101LK,7380101LK,D05
ca0e716d-abb9-47a1-bbca-4d88d1de54e7,LPH,7380101LK,7380101LK,D06
5a9abb41-1566-44cf-ac4b-e2dbeaaa0b55,LPH,7380101PH,7380101PH,A01
80ab66e6-c88e-4c8a-b804-cad7d8955ab5,LPH,7380101PH,7380101PH,A00
b4c8cf89-d4f4-47a2-81c7-385405c06bb1,LPH,7380101PH,7380101PH,C00
8d21b59f-28b8-434e-aa79-a63020f13a0d,LPH,7380101PH,7380101PH,D01
e0ea81ce-9c0d-4587-b3cb-b80c709d0192,LPH,7380101PH,7380101PH,D02
0b6692ef-fb73-49a9-8b01-60189d1c8c0d,LPH,7380101PH,7380101PH,D03
85906f5d-3a19-42e6-9eb7-0dd762a77a86,LPH,7380101PH,7380101PH,D05
340a7757-4da5-4193-856b-a0d8ec7f8e4a,LPH,7380101PH,7380101PH,D06
0de06f42-9dad-45c0-8f43-dcde87f18fde,LPH,7380107,7380107,A00
c16d7c26-4fba-4785-a5a5-f37673b14c88,LPH,7380107,7380107,A01
127a1ab3-c07b-4a30-91ff-1a384e3be596,LPH,7380107,7380107,C00
9a1ba4ef-30cf-4956-a5a0-c39a3775407f,LPH,7380107,7380107,D01
f3eb7a8e-8180-4194-b1df-9c6d9bd7751f,LPH,7380107,7380107,D02
a16edc9c-7886-4ed6-8fb8-e0e7eb06865a,LPH,7380107,7380107,D03
55bd609f-af76-471e-98ac-431c4369d535,LPH,7380107,7380107,D05
c43f7d3e-76e3-415c-9b29-323edb321aa8,LPH,7380107,7380107,D06
82fe214f-ad7b-492a-9525-b51b70586613,LPH,7380109,7380109,A01
e29536de-a0c0-4a3b-a313-f94563d47f05,LPH,7380109,7380109,D01
9219ae67-b44a-4e98-957a-468dc25aca5a,LPH,7380101,7380101,D04
e5dba54e-257c-4596-a5d2-247d15153c6b,LPH,7380107,7380107,D04
fc31921d-1bb1-4a83-8c03-36dcb861884d,LPH,7380101PH,7380101PH,D04
c8fd3e0f-0a76-4a43-864e-4adebc249be4,LPH,7380101,7380101,D13
4a7f2ac3-5597-49b3-bde2-cf8313a3f57e,LPH,7380101PH,7380101PH,D13
af639253-8c31-4aa6-9594-c6da964dd4bd,LPH,7380107,7380107,D13
cc3d505f-47dc-456f-97df-7f5d8a1f07ba,DKH,7720201​,7720201​,A00
74f0a48a-08c7-4f6d-a558-0888e6574f00,DKH,7720203​,7720203​,A00
44b2b71b-be93-46db-8462-fe3b655cf60b,DKH,7420201,7420201,B00
24be878c-8854-4ce6-983d-fd203c032220,DKH,7440112,7440112,A00
f2901562-43d7-44ab-9847-6f9a23e34a4e,DKH,7720201,7720201,A00
24fc923b-f0d4-47b1-a03e-33d4f15fdad1,DKH,7720203,7720203,A00
c301c48f-defe-4033-9fb6-67630f5ef404,DKH,7720201,7720201,B00
71b2f4b4-92db-4b28-a21c-939c86f4a7c6,DKH,7440112,7440112,K01
5452b7fb-3736-435e-a708-cf367f672c48,DKH,7720201,7720201,K01
3cf6e406-3432-4a29-ac3a-45d6b47aead4,DKH,7720203,7720203,K01
0797e2d8-27bb-4af2-ad3e-37e43772f32b,DKH,7720201,7720201,K00
b42b5f97-a450-4cf6-9dab-eadc9d6bca96,XDA,XDA01,XDA01,V00
5c86278a-b003-40e7-8b87-f2ff14cf6dd6,XDA,XDA01,XDA01,V02
cf29e975-0b6a-466c-b26a-8e8df2855058,XDA,XDA01,XDA01,V10
e186bcd4-b085-42b1-8c30-dbb4589fc682,XDA,XDA02,XDA02,V00
8cb282cb-503f-492d-b575-7f3775644e1e,XDA,XDA02,XDA02,V02
0667dfb4-e4ea-433b-af4c-86df204dc6e8,XDA,XDA03,XDA03,V00
e61411af-4052-4d59-af5c-51bdc78bc89f,XDA,XDA03,XDA03,V02
1c48e2a6-4d72-4180-96da-1a3faef7592a,XDA,XDA04,XDA04,V00
775293a0-813c-4f41-9415-d480a79ade16,XDA,XDA04,XDA04,V02
557e3702-46f0-4280-84f0-5cee7000a0c1,XDA,XDA04,XDA04,V06
2f9568e4-c89c-4d8a-b670-5462b5ad7ab0,XDA,XDA05,XDA05,V00
70d76a48-ae73-43c2-890f-09c29e6d4610,XDA,XDA05,XDA05,V01
282a1a79-3295-4f5d-9954-a0b5e34135b7,XDA,XDA05,XDA05,V02
7242f115-743c-45e7-887e-41b0fe9eaadd,XDA,XDA06,XDA06,V00
411cf10d-4077-4b7c-960d-001da9490aab,XDA,XDA06,XDA06,V01
327b1bc7-3613-4dc7-bf6d-e0daf8dfafed,XDA,XDA06,XDA06,V02
2f8fdf18-8338-4f9f-b12c-7fd1d9202181,XDA,XDA07,XDA07,A00
5c2a166c-081d-4afb-99cb-bddd9507f89e,XDA,XDA07,XDA07,A01
67108ba3-5a56-43bd-98bb-01f427ae2064,XDA,XDA07,XDA07,D07
7f798eaa-706e-4e3d-a60b-1528214cd242,XDA,XDA07,XDA07,D24
e05f5ff1-246a-45b0-b24c-04d0964632bb,XDA,XDA07,XDA07,D29
0f16f449-bf2f-42ed-9b2d-17cd0e3ddaab,XDA,XDA08,XDA08,A00
c94efcd0-3cae-415d-83b8-c7d5e8c52402,XDA,XDA08,XDA08,A01
a86384f0-406e-4950-85a5-49ee5dd925ea,XDA,XDA08,XDA08,D07
7ae74ff4-24d5-4c67-93d7-14c58a6ee62f,XDA,XDA09,XDA09,A00
c294dbbc-ea94-4ac3-9d5a-756680ad8055,XDA,XDA09,XDA09,A01
f8dbd2bc-9a3e-4f57-bcea-711bbcde2911,XDA,XDA09,XDA09,D07
f17337ea-78af-4751-83b9-d0d1ab0258cb,XDA,XDA10,XDA10,A00
19facd6d-8c88-4f08-a46c-193bf1b474ab,XDA,XDA10,XDA10,A01
52cf3e68-4a7f-46bf-a7ad-0c3eb4a46b55,XDA,XDA10,XDA10,D07
60dd6459-b062-4a6a-88e6-d794c08e1bc7,XDA,XDA11,XDA11,A00
74cd8c16-a9e7-45b3-a7bc-915c323145d4,XDA,XDA11,XDA11,A01
3e02cbe6-5283-4fa4-9c1d-d3ba8e0e75e1,XDA,XDA11,XDA11,D07
4787dea3-5e48-4b18-932e-363c020ea053,XDA,XDA12,XDA12,A00
dacdb70e-f235-4174-8c02-8422061ed65c,XDA,XDA12,XDA12,A01
f4390805-267c-41f8-9806-5bc42dc7e07c,XDA,XDA12,XDA12,B00
cacbd651-a465-484b-847e-e0ec6d53307b,XDA,XDA12,XDA12,D07
2dba1f0a-b8c4-478e-8023-2a61c2c4b827,XDA,XDA13,XDA13,A00
facd59e4-9dbc-4469-9bbb-c2a725f2868d,XDA,XDA13,XDA13,A01
9be1e09f-ceea-4b02-8296-480cde92256b,XDA,XDA13,XDA13,B00
88740045-51fe-4e75-b63c-0377acc2f978,XDA,XDA13,XDA13,D07
45b94560-63bc-49af-a159-9d96ccb782d8,XDA,XDA14,XDA14,A00
78633ee0-5375-4606-9255-f121ccee21bc,XDA,XDA14,XDA14,B00
d2df07aa-dfc9-4094-9795-98ebda3903c8,XDA,XDA14,XDA14,D07
e84f495a-12f1-4978-8777-05e9097ff492,XDA,XDA15,XDA15,A00
8a8d6233-e897-40af-8f2a-f281d5f04fdf,XDA,XDA15,XDA15,B00
3c0bf3e1-3ec8-4974-ac52-7d94829110c0,XDA,XDA15,XDA15,D07
d21514b2-7973-4c5b-b5ea-67efef232c1e,XDA,XDA16,XDA16,A00
54dba47a-b1bc-426a-8dbb-9dda0e5f6888,XDA,XDA16,XDA16,A01
a6c27562-c9c1-4f76-bc6a-41d9b954f3a8,XDA,XDA16,XDA16,D07
717e83b8-0bde-470a-9870-e45315aa0aed,XDA,XDA17,XDA17,A00
5ec0500a-e11e-4973-b3e8-4f5faa968a9b,XDA,XDA17,XDA17,A01
9f7b7580-ed30-4bb7-8937-ab88574ab2be,XDA,XDA17,XDA17,D07
66c086a0-2873-4e1b-ab8f-423dec701b40,XDA,XDA18,XDA18,A00
a7191886-507d-4777-9696-69da4bb3a5ed,XDA,XDA18,XDA18,A01
9da0bcc0-6081-4f8a-a338-a2686a5d8e93,XDA,XDA18,XDA18,D07
e711b580-3301-4323-8412-fbe506eee3c7,XDA,XDA19,XDA19,A00
713f165b-0659-4f47-ac90-69aa1882e645,XDA,XDA19,XDA19,A01
a0a43118-0343-495d-89cb-efdde939dcb1,XDA,XDA19,XDA19,D07
b9659238-719b-4060-8283-f9b59b8fa597,XDA,XDA20,XDA20,A00
18502269-4149-4ea0-b54e-bc78c405fe82,XDA,XDA20,XDA20,A01
df241f6f-71d0-401e-9c6a-2643e0c497fc,XDA,XDA20,XDA20,D07
e92db590-ad5f-4fe6-a5b0-f79ff243cb4f,XDA,XDA21,XDA21,A00
6b4469ee-ccbc-46dc-9f5c-43713cbe7b69,XDA,XDA21,XDA21,A01
87eddd59-e560-40c6-9bfb-b5539cf72be4,XDA,XDA21,XDA21,D07
a6e3d8c1-c562-48d1-8a69-bcd2771fe23f,XDA,XDA22,XDA22,A00
8c797a05-b1b7-4dca-934f-447af61de16e,XDA,XDA22,XDA22,A01
8992fbeb-49f6-435f-8b8d-bf0a018bb0a9,XDA,XDA22,XDA22,D07
a13301a0-75da-462e-9cee-07d53d2ad6c4,XDA,XDA23,XDA23,A00
57822edf-4d19-4852-bc5c-6ab7502aa283,XDA,XDA23,XDA23,A01
ba7df3d7-4c42-4757-9b06-db2d89e87fff,XDA,XDA23,XDA23,D07
884e6c1e-3428-44f0-917a-565288303ba1,XDA,XDA24,XDA24,A00
10d09eb4-5f42-4ad4-97e6-d287b18b3ee5,XDA,XDA24,XDA24,A01
de89658e-f3f4-414c-a13b-e39a6fc4cc41,XDA,XDA24,XDA24,D07
433c4894-476c-4e4d-a755-4c05a18d0cba,XDA,XDA25,XDA25,A00
3d9ac244-cbba-4f97-ada4-4a5f34b15c63,XDA,XDA25,XDA25,A01
d10549c0-b405-4282-ad92-cd613fe54244,XDA,XDA25,XDA25,D07
b444771b-26af-4b96-958f-e078f6174390,XDA,XDA26,XDA26,A00
0e4a4849-0958-424e-b555-38c7e574c4e1,XDA,XDA26,XDA26,A01
94384e00-b081-4b7d-b93d-7652afdf547d,XDA,XDA26,XDA26,D01
c8352a4d-95db-40ca-b669-0a6e5a3a82fd,XDA,XDA26,XDA26,D07
b9253a57-ac3d-4e7a-bc55-27b362ff4f04,XDA,XDA27,XDA27,A00
8514b0f8-1339-455f-b606-021a9b3e81aa,XDA,XDA27,XDA27,A01
f25ead78-41f6-4091-aa22-f705aaf807d0,XDA,XDA27,XDA27,D07
55a7a50c-c5c4-4f54-9c4a-ed5f601c56f1,XDA,XDA28,XDA28,A00
6b7b8156-f598-413f-a83c-7a6ff3d7ee6e,XDA,XDA28,XDA28,A01
933ddd71-eefc-445d-b626-6a40c6168939,XDA,XDA28,XDA28,D07
0d1c0e77-3614-491a-8eb8-ae3a71c4237d,XDA,XDA29,XDA29,A00
84f03f71-2481-4d13-a056-66d5fe71ab95,XDA,XDA29,XDA29,A01
ba64d4f4-3e2a-4534-af0d-d7906081e3cd,XDA,XDA29,XDA29,D07
f42823c2-ebec-4041-8f99-095b9c1c0c8e,XDA,7480101,7480101,A00
2afb7b1a-8350-4f37-917e-4094509ee38f,XDA,7480101,7480101,A01
da17135f-cbef-484d-8b49-cb25a2a92944,XDA,7480101,7480101,D07
8270f2c7-9bad-4604-965a-11b80df32de7,XDA,7480101_QT,7480101_QT,A00
b438f466-29a0-4e34-98da-cb6458b5695f,XDA,7480101_QT,7480101_QT,A01
44550e26-4316-4aca-aeba-f88be6e37e15,XDA,7480101_QT,7480101_QT,D07
e0413f08-fd7a-4d4f-9564-4fca836bf676,XDA,7480201,7480201,A00
9ca557b3-ced4-4e07-a6ff-2160540eba07,XDA,7480201,7480201,A01
7b43376c-0aae-4db5-855b-afe71ce849ea,XDA,7480201,7480201,D07
5d2d925c-2596-4d3d-9227-65f6d5dc5bf0,XDA,7510105,7510105,A00
96230e96-a41f-425d-985d-69a6eebd483d,XDA,7510105,7510105,A01
7e940a7d-1534-4215-bf26-768aed264ac7,XDA,7510105,7510105,B00
3b625755-c8b2-4964-ae6b-597fa12af02c,XDA,7510105,7510105,D07
1fa91222-2a03-436a-81f5-791a87df2fca,XDA,7510605,7510605,A00
484d0e57-0881-4ed1-854e-168358fc7245,XDA,7510605,7510605,A01
486b5d5c-da51-4646-b937-3fd5e9ec4948,XDA,7510605,7510605,D01
86f67de3-9993-49e0-aa58-3c1767e84786,XDA,7510605,7510605,D07
bf7c54f4-348f-4c0a-9074-a2ccd48d8bfa,XDA,7520103,7520103,A00
50756976-86ea-4a39-b8a9-236d1f31d5f2,XDA,7520103,7520103,A01
e26c3483-0b22-46f8-a178-b0d90478ee86,XDA,7520103,7520103,D07
efc558eb-86bd-479d-8ceb-b4078a66c833,XDA,7520103_01,7520103_01,A00
4c41fe36-e77b-4ee2-9a8e-ac8c3744a367,XDA,7520103_01,7520103_01,A01
c89e0095-a705-4c25-bff7-de578ba189ac,XDA,7520103_01,7520103_01,D07
60355cfe-22f4-4c85-a411-37cf0f330cfc,XDA,7520103_02,7520103_02,A00
01145d2d-f2f4-40eb-b628-df680d48ddfa,XDA,7520103_02,7520103_02,A01
8afa7cdf-d812-4a9f-bc86-642d4014aa1c,XDA,7520103_02,7520103_02,D07
df203195-5cf4-4dd9-a327-1f6818a68d51,XDA,7520103_03,7520103_03,A00
2e80ea85-a989-4c0a-a60f-45052ab9be5f,XDA,7520103_03,7520103_03,A01
dad662c7-7481-4dfa-8fb4-f5519ad71891,XDA,7520103_03,7520103_03,D07
0d510c83-3d27-48b9-9d2f-188d318222cc,XDA,7520103_04,7520103_04,A00
56e2c0a7-2a8d-4b2b-9997-f1fe4c51946e,XDA,7520103_04,7520103_04,A01
dabfb113-af36-4f5f-807d-9f54a4bc8f76,XDA,7520103_04,7520103_04,D07
0557f2a4-6fd1-47da-a905-3571a36f6183,XDA,7520309,7520309,A00
47884245-ca96-4bc8-b0e3-425911d1440e,XDA,7520309,7520309,A01
b24d1bc1-28a5-49f4-8752-d69d51e70e10,XDA,7520309,7520309,B00
9d474980-0920-4a67-bdc2-9cd3614c1a6f,XDA,7520309,7520309,D07
ad1a9b09-60a6-4dee-a387-bc973d3ac7d9,XDA,7520320,7520320,A00
e8191981-6b0c-4727-99b1-644df946fba1,XDA,7520320,7520320,A01
55e9f8c4-553e-44df-97de-961c7aa2f77f,XDA,7520320,7520320,B00
a964b1af-9c4b-4820-bb34-f881ec7d51fd,XDA,7520320,7520320,D07
0d098906-2322-4d79-9624-3487bf29012e,XDA,7580101,7580101,V00
e82c7e7d-5a2c-4f10-ab87-300bacebd2b4,XDA,7580101,7580101,V02
53631e97-ffa4-45f7-9b3d-af57b1dd357e,XDA,7580101,7580101,V10
3787e001-162d-4866-853c-ff9e741a177d,XDA,7580101_02,7580101_02,V00
19beaff2-b82c-4ff6-9b39-d3252ecf714f,XDA,7580101_02,7580101_02,V02
208f0ef8-bfec-4d99-a440-226a7b1cd138,XDA,7580102,7580102,V00
eea0ecc2-5e7a-4198-87b2-e4ab1fd5af3f,XDA,7580102,7580102,V02
59ff34d6-9ce2-448f-9697-b3a5e623692f,XDA,7580102,7580102,V06
13e56798-5f68-43fe-96bc-23ac9949376f,XDA,7580103,7580103,V00
7bcb3e32-8e23-43ec-b924-17aea18cc68b,XDA,7580103,7580103,V02
c753a68c-73e9-41bc-9cc5-47ba9f38280b,XDA,7580105,7580105,V00
9c1e3f78-f827-4178-ba9e-7bc91025d00e,XDA,7580105,7580105,V01
2f8b84f8-30b3-4d25-a7ed-21bc5504a101,XDA,7580105,7580105,V02
475bfee3-e759-4822-9756-05a1b7fa9127,XDA,7580105_01,7580105_01,V00
339a0df3-fd1f-4803-88af-3e9c48631fdc,XDA,7580105_01,7580105_01,V01
a2c92971-b2be-4ba2-86dd-00d424e3d5cc,XDA,7580105_01,7580105_01,V02
d6895d38-92b4-4e6b-9780-83b97e5f7cc6,XDA,7580201_01,7580201_01,A00
b0bbacfb-8bc9-4290-b59c-247c5267d8dd,XDA,7580201_01,7580201_01,A01
ac821c44-c8d9-4ce3-abb1-c70861ab0bf9,XDA,7580201_01,7580201_01,D07
b9c9ce84-1dbf-4957-85f0-6cd86fa41833,XDA,7580201_01,7580201_01,D24
cf64f369-cbb0-4bd8-85d6-2ffe0130056f,XDA,7580201_01,7580201_01,D29
b8d892f2-c5c5-40f0-9848-b45e0c80a406,XDA,7580201_02,7580201_02,A00
d6d0bcfe-4f53-4405-8678-5ecbf65adccc,XDA,7580201_02,7580201_02,A01
ae705e85-ed73-4410-ac08-84d1aa43d308,XDA,7580201_02,7580201_02,D07
70bbf2e3-04f1-4306-8c06-521f45667afb,XDA,7580201_03,7580201_03,A00
a1a1f36e-6678-499d-b752-45afa5b74fc0,XDA,7580201_03,7580201_03,A01
6c1cb9d6-9e2f-4f01-81ed-6d60c2cc9e30,XDA,7580201_03,7580201_03,D07
dbc6e300-dec7-44f6-a0ef-4d4360cd8f78,XDA,7580201_04,7580201_04,A00
d3e5b8c9-7cf1-454c-98bc-e558473dba0a,XDA,7580201_04,7580201_04,A01
3a97d7df-5a8e-4f91-bfb5-a94a36102136,XDA,7580201_04,7580201_04,D07
9bf60b79-56af-4ba9-b4cc-6a72836558e5,XDA,7580201_QT,7580201_QT,A00
f1a47bc2-9989-4da8-ad75-8efa11a1307d,XDA,7580201_QT,7580201_QT,A01
5910e520-5cc7-4b78-ab04-dd55f471cd87,XDA,7580201_QT,7580201_QT,D07
91216431-2d75-4d4d-9946-dcff5fd2e54f,XDA,7580205_01,7580205_01,A00
d72dad3a-02f1-49b0-a024-781ba8200a11,XDA,7580205_01,7580205_01,A01
f14cbb90-2ba6-48d0-a56f-2ffd454e54a4,XDA,7580205_01,7580205_01,D07
ffc56d6a-d868-43a1-8672-1ff570e34317,XDA,7580213_01,7580213_01,A00
bbf480ae-fbf6-45e6-b118-e01a1a076563,XDA,7580213_01,7580213_01,A01
57be5b60-25d2-418d-956f-5f99335df61b,XDA,7580213_01,7580213_01,B00
53576785-5a9a-42b5-b3fd-369318b43fba,XDA,7580213_01,7580213_01,D07
eb3fd767-b09f-463f-96fa-71d0cafcfc68,XDA,7580301,7580301,A00
8ae76bf7-0fa1-4627-a2bb-4f043adfd80f,XDA,7580301,7580301,A01
2cbc5671-12cb-4c5c-b7a7-77245f7cfab6,XDA,7580301,7580301,D07
c37bd762-f4d5-484f-8d34-6ab150d3ecd2,XDA,7580302_01,7580302_01,A00
2ec76316-0566-4ad2-8cb7-6f2b13bcbe60,XDA,7580302_01,7580302_01,A01
f3c6cb7e-12c8-46bc-a621-81e64bee1b03,XDA,7580302_01,7580302_01,D07
22d68843-eae0-475c-b8f7-0be1b853a842,XDA,7580302_02,7580302_02,A00
cb7762a5-3959-45e8-bd44-56787154e928,XDA,7580302_02,7580302_02,A01
48aa16ca-4f81-4c07-a00f-396a858fbbb8,XDA,7580302_02,7580302_02,D07
028ab3e7-fd57-48fc-8a27-2ac90b8e9608,XDA,7580302_03,7580302_03,A00
7f059738-b815-4761-ab12-3a5b89ef290d,XDA,7580302_03,7580302_03,A01
740c1509-8570-49b3-8157-728bc23c6cbd,XDA,7580302_03,7580302_03,D07
4a82167f-fc0f-4714-9297-4e6ceee7fd66,XDA,7480101,7480101,D01
4fa70f39-ab2f-4298-9071-3648ed03a60b,XDA,7480101_QT,7480101_QT,D01
2cbf4180-8e6b-465a-b2de-2bcc1738fb00,XDA,7480201,7480201,D01
07697cca-1b4f-4bab-a5ad-ba8f04f0c0d5,XDA,7520201,7520201,A00
180316fd-3102-413d-a877-ff67284cfda4,XDA,7520201,7520201,A01
1c5d5a4e-c154-4d78-988a-1057d709b81c,XDA,7520201,7520201,D07
f81d67fe-5ba3-44c1-b260-e7f60d5368fd,XDA,7580201,7580201,A00
028d17b5-2b5d-4f2c-9884-83eb194ed49c,XDA,7580201,7580201,A01
0f81f8ee-8abb-4a3a-b1ec-3c007dfcac11,XDA,7580201,7580201,D01
30dd4568-2b64-45ab-b851-0a1da0fa3943,XDA,7580201,7580201,D07
6976a26f-356d-4593-9df6-ae16f4a08333,XDA,7580201_03,7580201_03,D01
c3920874-0f54-4675-8f88-84f463d7df22,XDA,7580201_QT,7580201_QT,D01
370b99b9-4ea6-4c95-98a0-5f927895de9d,XDA,7580205_01,7580205_01,D01
62fdb7f2-1e09-444b-8596-f92656c0c398,XDA,7580301,7580301,D01
0ea38f39-35b2-4ea6-b964-fb8f25bd3dd5,XDA,7580302_01,7580302_01,D01
970cb60b-95a6-434a-8b9c-e7101540170f,XDA,7580302_02,7580302_02,D01
1b980f4f-37a1-49a8-b294-5653fa914ebd,XDA,7580302_03,7580302_03,D01
f170bc75-aff3-4adb-9f5e-0b693534255f,XDA,7210110,7210110,H01
4ba9d22a-4cc6-4662-935b-b89b0b4948d6,XDA,7210110,7210110,H06
f9e8a3da-d41c-48cf-9536-9cc6e45c1308,XDA,7210110,7210110,V00
8e1ded46-54cc-4a15-a5e5-a42a66a4af3d,XDA,7210110,7210110,V02
98c9200a-5357-4186-99dc-d543502182e3,XDA,7340409,7340409,A00
f56af8db-a553-4a19-85ca-971288a1d4ce,XDA,7340409,7340409,A01
ccb19b18-0a1a-404d-b31b-ad486c99a722,XDA,7340409,7340409,D01
cdf764f8-6a6b-4713-a083-380482c3a935,XDA,7340409,7340409,D07
6d45101e-cfe6-46b1-b293-84ecd08acfb8,XDA,7480201_01,7480201_01,A00
a6ecc7cc-b597-497f-bdfc-113320d2e8ec,XDA,7480201_01,7480201_01,A01
62499989-a70e-4e5d-a033-4d26be1ef045,XDA,7480201_01,7480201_01,D01
b7f4fb74-4742-4fea-94cf-85f722a8a0dd,XDA,7480201_01,7480201_01,D07
bc7a198e-0d15-4ac7-9127-d18441e6f6e0,XDA,7510605_01,7510605_01,A00
9b7ae712-a07e-4d83-a7db-184ca23ce600,XDA,7510605_01,7510605_01,A01
0e756de8-5fe6-4efb-ba2d-8d1c22919a60,XDA,7510605_01,7510605_01,D01
18d372f1-2c1f-4510-be66-fa30a1972b01,XDA,7510605_01,7510605_01,D07
3bdcec1e-0b7a-4ed5-8b83-23eb338e385d,XDA,7520101_01,7520101_01,A00
0ed02044-33f3-4484-b46a-ab2a186c57aa,XDA,7520101_01,7520101_01,A01
6e66a9da-484d-488f-babd-90fc433aca42,XDA,7520101_01,7520101_01,D07
81af837b-9ff0-4ae6-b1ba-99208dfaca4c,XDA,7520101_03,7520101_03,A00
7f81ecc3-e152-4567-8c04-3befa642849a,XDA,7520101_03,7520101_03,A01
ca4d8a23-3a9f-4f75-806b-a35b8444483a,XDA,7520101_03,7520101_03,D07
5157cd4c-7d16-42c0-b394-8d453d93eac9,XDA,7520101_04,7520101_04,A00
a54389c5-06ac-4507-b8de-98b1e3717f7c,XDA,7520101_04,7520101_04,A01
449833e1-a3e9-4017-bd48-c03c2d441f21,XDA,7520101_04,7520101_04,D07
99652a43-b662-41ec-9084-07f66880011d,XDA,7520201,7520201,D01
9f700ad4-d889-4ce3-a820-0f2b6b554c0e,XDA,7580101_01,7580101_01,V00
9149a0bd-5fa1-43c0-a0be-f0aa7c1a0907,XDA,7580101_01,7580101_01,V02
acfd3bc6-9d87-4d67-b307-f46bda77eeee,XDA,7580201_04,7580201_04,D01
f798d333-a4a7-4862-9b94-777e4cbc5611,XDA,7580201_05,7580201_05,A00
27e9041a-8727-4993-9ca5-b8e16ddd1c12,XDA,7580201_05,7580201_05,A01
91f14c43-1e33-4ec5-a400-0f95de4b20a8,XDA,7580201_05,7580201_05,D01
b42a6eb4-60e1-4671-8297-6dc1c2b3d9eb,XDA,7580201_05,7580201_05,D07
e9b4ee30-0dcc-4680-b139-213e52bebf24,XDA,7580201_CLC,7580201_CLC,A00
cd1afa27-068e-47df-a5b9-5f321bb605f5,XDA,7580201_CLC,7580201_CLC,A01
a411874b-4985-4734-9d07-f6854742ed7d,XDA,7580201_CLC,7580201_CLC,D01
d139564b-ebf2-4de7-ad80-17d2455f2e50,XDA,7580201_CLC,7580201_CLC,D07
ec7c3c71-a548-415a-a61a-660d0fbf0066,XDA,7580205_02,7580205_02,A00
95db8815-3a63-453a-bfd2-192d942f6e0b,XDA,7580205_02,7580205_02,A01
2a98c4ec-dc04-4958-b775-e82be4c9b773,XDA,7580205_02,7580205_02,B00
14ac1aa9-7948-441f-a1d9-77e29d2449e6,XDA,7580205_02,7580205_02,D07
d656e03d-f7e6-4037-b7a7-de22639d7577,XDA,7580302_04,7580302_04,A00
753ae4d0-8db6-4ce7-8ab7-096dfbce112a,XDA,7580302_04,7580302_04,A01
27e40ccc-ed8f-4693-9a20-537dfcc3606f,XDA,7580302_04,7580302_04,D01
625588ec-3c8f-4ce3-9ec2-4bc3f9a4780b,XDA,7580302_04,7580302_04,D07
3d09ffa4-de4e-4570-924f-ef31661b6d86,XDA,7210110,7210110,H00
99fa5478-3824-430c-a509-34880783562c,XDA,7210110,7210110,H07
33128f7c-21ea-46b0-806d-bb545f0c9c0f,XDA,7210110,7210110,V01
377e1d17-bdb4-47ff-9421-975f3b7321df,XDA,72104_NT,72104_NT,H00
0df8d138-4480-4634-a5f4-6f0aae215836,XDA,72104_NT,72104_NT,H07
6d0362c1-6028-46c8-ba7f-338025977f27,XDA,72104_NT,72104_NT,V00
b25f1e14-7bee-4315-be1d-ab076af84368,XDA,72104_NT,72104_NT,V01
595d9f71-72bd-447e-8127-bb592872fba0,XDA,72104_NT,72104_NT,V02
7a66465f-140c-4723-9637-9abb622b5dcc,XDA,7340409,7340409,C01
44e585f0-b9b3-4d03-ba2e-89e9ffe5a9f5,XDA,7340409,7340409,X05
f72da245-7559-4835-a7c0-8e5c44d09c0b,XDA,7340409,7340409,X06
a795518a-f4eb-4435-9720-bbbd7cacef89,XDA,7340409,7340409,X26
50b1ac9b-07d5-4384-866c-e85a406f789b,XDA,7460108,7460108,A00
c03b1810-6495-4b59-bfa7-d900a72bf183,XDA,7460108,7460108,A01
d36aee1f-1aec-4248-adbe-107c4e72962d,XDA,7460108,7460108,C01
6b395109-855a-4aaa-a109-6ee8bed281a5,XDA,7460108,7460108,D01
bf756bdd-9934-44c1-9c8f-05ba15eeaced,XDA,7460108,7460108,D07
ca72883f-d6e4-48e7-8301-b82f96ae84fa,XDA,7460108,7460108,X06
2e650fd0-ecb2-4f2e-979e-6b848c98dae2,XDA,7460108,7460108,X26
bfb8bb16-692b-4e1f-94f8-2cdf0690499e,XDA,7480101,7480101,C01
dcec8ec4-68f1-447d-b523-cc94582a1543,XDA,7480101,7480101,X06
98ecbdb2-b457-4312-8685-d21ea0b9f3bc,XDA,7480101,7480101,X26
ab53a918-5887-43b5-b398-154f51408eef,XDA,7480101_QT,7480101_QT,C01
053c6a22-f328-42f5-bd9c-0fbecaf641c3,XDA,7480101_QT,7480101_QT,X06
06e1714b-99c7-424f-ab81-3608261dd677,XDA,7480201,7480201,C01
fc4d3142-b081-4468-b938-98d50cf31f11,XDA,7480201,7480201,X06
ebbd49e5-c5a8-46c0-8b1c-b18d3a17b369,XDA,7480201,7480201,X26
22b7fa39-7189-47b8-a645-5a43a0cf9ab4,XDA,7480201_01,7480201_01,C01
66a50eed-47f9-4efe-b5b8-100736d19931,XDA,7480201_01,7480201_01,X06
2fa418c1-10e2-448e-87b1-e66d4d685a79,XDA,7480201_01,7480201_01,X26
2b2649ba-815e-4145-8740-ac39916e34db,XDA,7480201_02,7480201_02,A00
6fe5a2ca-c565-4fa2-bf27-d082d1a13771,XDA,7480201_02,7480201_02,A01
9946c11d-0dec-472c-9eff-fb38499506d1,XDA,7480201_02,7480201_02,C01
0b8edf01-cde8-49c0-bbc1-40befa48a025,XDA,7480201_02,7480201_02,D01
a5aeef9f-d20f-47f4-b7c8-2c970c8ec08a,XDA,7480201_02,7480201_02,D07
252e037f-ca31-4069-90be-4eb1db32a73d,XDA,7480201_02,7480201_02,X06
49a1643f-0ec7-4a4d-ad56-290004f37573,XDA,7480201_02,7480201_02,X26
3753ef29-84ac-4f14-abf7-2031435f8847,XDA,7510103,7510103,A00
1f1b3695-b93a-4a0b-85c3-47c3b5f8e3d2,XDA,7510103,7510103,A01
7e65983d-c2f6-46d2-b103-c20f51f7ad27,XDA,7510103,7510103,C01
80165d3b-2c1f-4d1e-a44e-5ae99f40085f,XDA,7510103,7510103,D07
cccd193b-7763-4d49-823b-934865e9b5b4,XDA,7510103,7510103,X06
da82ad90-2601-4943-92c6-1b7765df1260,XDA,7510103,7510103,X26
0bb6d68b-06b9-4aac-b20a-e17282db2377,XDA,7510105,7510105,A02
8555e8a6-9bb8-42c4-9409-a029433ea4ed,XDA,7510105,7510105,C01
3dc6be5b-f5d8-4558-a44f-d44cf9e8a23a,XDA,7510105,7510105,C02
298739f9-86ce-411f-adea-c87a33e51b92,XDA,7510105,7510105,X06
d26d59b5-b0cc-472d-ac3b-5ecde148e856,XDA,7510105,7510105,X14
e10d1a4d-aa2e-40d7-993e-f55427030075,XDA,7510605,7510605,C01
140c9677-dc5c-4ab2-94e2-5ce100628965,XDA,7510605,7510605,X05
efa69b7d-eaf3-471f-8803-657f6a071a00,XDA,7510605,7510605,X06
8575f832-a0f3-4927-ad35-57fd70dd3162,XDA,7510605,7510605,X26
a0975a35-7bcf-4e92-8ee3-58d8643d3308,XDA,7510605_01,7510605_01,C01
c5ba1b8c-b322-4748-8a91-a169101f4a4f,XDA,7510605_01,7510605_01,X05
a14afe95-60b4-4ebe-b55f-b690f69e78ed,XDA,7510605_01,7510605_01,X06
000337f1-a970-4969-ba24-19488d91065b,XDA,7510605_01,7510605_01,X26
d48dd535-a403-4d77-a1e3-7072c1317ddb,XDA,7510605_02,7510605_02,A00
c7d8c092-64f2-4e82-ad67-2a622768bdc3,XDA,7510605_02,7510605_02,A01
5f054cc5-1806-4a15-b862-15b80c4a77a5,XDA,7510605_02,7510605_02,C01
abf924a5-bc46-4dbd-a418-ca68c946266b,XDA,7510605_02,7510605_02,D01
b2b436c1-0b6e-4d68-bbe5-1c3b52675edf,XDA,7510605_02,7510605_02,D07
0e0ff6a6-e996-4d18-8804-6d2c8fccf5f5,XDA,7510605_02,7510605_02,X05
7f74b1df-a641-41bd-a347-2a2dcdfe6302,XDA,7510605_02,7510605_02,X06
4d858884-476c-4f5a-8c40-010d9b2ddf27,XDA,7510605_02,7510605_02,X26
2187f4cb-89cd-43f9-bea6-032ef0db7f7f,XDA,7520103,7520103,C01
d6aa03c2-83d6-41b9-af46-3f9193f6e28a,XDA,7520103,7520103,X06
50848706-9f34-49e0-9c35-c3e773d344f5,XDA,7520103_01,7520103_01,C01
acbd0f4c-5324-43e2-9e0a-308343633fc4,XDA,7520103_01,7520103_01,X06
b23ba460-98ee-46c7-8399-c4507838052c,XDA,7520103_03,7520103_03,C01
21a49e67-2aa4-4464-8c5d-ca44b30a606c,XDA,7520103_03,7520103_03,X06
570af57b-f4bc-4da0-9077-e48d516a81ef,XDA,7520103_04,7520103_04,C01
0abe6412-96aa-4d45-8988-04834f6fcd3f,XDA,7520103_04,7520103_04,X06
85fd975f-a6fc-4e76-a539-78bb783c2206,XDA,7520201,7520201,C01
19682c61-1cef-4642-8fed-56853ea02a46,XDA,7520201,7520201,X06
63086898-a251-4d37-af26-3831c8d9f71f,XDA,7520216,7520216,A00
6c264730-c22a-439e-9da9-0be945ffb201,XDA,7520216,7520216,A01
62fba6ea-c11b-42ce-86c5-b9124f10117f,XDA,7520216,7520216,C01
07ef1b73-3705-41e3-8936-a93f081adeec,XDA,7520216,7520216,X06
b2aaec39-f564-452e-bdbd-ab17b672d6c3,XDA,7520309,7520309,A02
090b685c-443a-4705-9e3a-4d0aac1c4a71,XDA,7520309,7520309,C01
5a11960d-5972-401c-b01b-daec3da87299,XDA,7520309,7520309,C02
77a06ebb-0496-4308-9f32-aaee61ec8232,XDA,7520309,7520309,X06
3b29cfa5-ff10-4234-b1bf-b71001d3cbb0,XDA,7520309,7520309,X14
91588f88-427b-47a2-a6f8-d1fa7d057699,XDA,7520320,7520320,A02
5a359bee-8b69-4c2c-90c9-2beb8778ca62,XDA,7520320,7520320,C01
c80456ee-3449-4c60-9571-920c6066c9e0,XDA,7520320,7520320,C02
9173dac9-3b9e-4894-81b9-8c9f67d0e140,XDA,7520320,7520320,X06
bee15f97-4ca2-4b70-b28e-e5a71d02737e,XDA,7520320,7520320,X14
2c409564-e89d-41ef-8cfc-8a83a6803abf,XDA,7580201,7580201,C01
4b19c901-21d7-4a0f-8ea8-17862938f359,XDA,7580201,7580201,X06
524c3bbd-cd0c-429e-8349-e29919950538,XDA,7580201_01,7580201_01,C01
b5d8d133-10ab-4273-8fb3-0ef8e0fabd07,XDA,7580201_01,7580201_01,X06
3910ab1f-6cb1-43cd-a034-144ca2a751f3,XDA,7580201_02,7580201_02,C01
41cc9705-a0dc-4a42-87ff-c9516f22a6d4,XDA,7580201_02,7580201_02,X06
14bb6c55-5140-41e0-954f-f0c579cf1ccc,XDA,7580201_03,7580201_03,C01
96dce0ae-603f-4c63-b992-4ba9b48f61a9,XDA,7580201_03,7580201_03,X06
813a1dfc-1805-4e4c-b945-e71e866d95b2,XDA,7580201_04,7580201_04,C01
4c4b16f0-d18e-4b01-8e98-5366b76489cb,XDA,7580201_04,7580201_04,X06
81e3280f-0d31-44ca-b2ef-1619e692cadb,XDA,7580201_05,7580201_05,C01
aff657dc-4331-4f45-8a47-abcb9162ed0f,XDA,7580201_05,7580201_05,X06
9672a736-f3e2-4068-afef-0ba11ff9162f,XDA,7580201_CLC,7580201_CLC,C01
60d8539c-c7fc-4db8-8a58-57eba2f9629b,XDA,7580201_CLC,7580201_CLC,D24
b36b1b18-ed00-49c6-aeaa-14ada2a9016e,XDA,7580201_CLC,7580201_CLC,D29
ce5bdd16-0e50-4f84-a3e7-d6b5fb7c4271,XDA,7580201_CLC,7580201_CLC,X06
cfc17756-78df-4b18-9dc0-445f41d4622f,XDA,7580201_QT,7580201_QT,C01
fc09fa9c-8f1d-4494-8cec-4392249ec4ac,XDA,7580201_QT,7580201_QT,X06
077f287b-2d49-4b18-a570-f07e4f13afa5,XDA,7580205_01,7580205_01,C01
8095977a-e424-43bc-bbf7-8bd5f9bbe2e5,XDA,7580205_01,7580205_01,X06
59e1e899-6af8-4e20-b89c-96123bfe5a1b,XDA,7580205_02,7580205_02,C01
03426171-f012-4cfe-b1f9-3a71c4f45df5,XDA,7580205_02,7580205_02,D01
949bb2e2-cdd5-4343-8983-a8b38116ebb6,XDA,7580205_02,7580205_02,X06
7981afef-d388-4238-bb6f-e5c36a473502,XDA,7580213_01,7580213_01,A02
e88678ad-56fe-4b1f-91ad-5d0d6ef1b585,XDA,7580213_01,7580213_01,C01
b81a6b86-65c6-48ec-b934-698b911099dd,XDA,7580213_01,7580213_01,C02
bf518644-cb5c-4c63-9b46-de0e9257dc58,XDA,7580213_01,7580213_01,X06
fc7f0819-cba9-487d-88d6-4f4772e22197,XDA,7580213_01,7580213_01,X14
60dcb5c3-9977-4a34-8f6c-205692708e24,XDA,7580301,7580301,C01
145ea3bc-d74a-4b03-9edd-cf463f7825a0,XDA,7580301,7580301,X05
504bb7cd-d2dd-4302-8cd6-3298d9fccbb5,XDA,7580301,7580301,X06
b112a832-997d-4caf-bc0b-8ae52889ac00,XDA,7580301,7580301,X26
a51a3d7d-d2f5-4d16-a859-cc30272d51d7,XDA,7580302_01,7580302_01,C01
ce68c819-1154-459a-82d0-48b67bea673e,XDA,7580302_01,7580302_01,X05
c4083205-c510-4c43-ab1b-1876dc0096e6,XDA,7580302_01,7580302_01,X06
d00287f9-1b02-4c2e-94f1-7484f9d5ea89,XDA,7580302_01,7580302_01,X26
e8d81650-d187-416a-8abd-4cb47b287c55,XDA,7580302_02,7580302_02,C01
2c3d579f-d93d-42e1-8e89-d0eed8c6ab14,XDA,7580302_02,7580302_02,X05
5c3a384c-ebd8-4da5-b7b2-06b4b25120ed,XDA,7580302_02,7580302_02,X06
5fa0bcc5-2e3e-48b8-b86a-7dda6ade4342,XDA,7580302_02,7580302_02,X26
5f79506a-1553-4bc2-af1d-340e03f63b3a,XDA,7580302_03,7580302_03,C01
480998d5-c30c-458e-a5f3-0a253bfd0576,XDA,7580302_03,7580302_03,X05
6ff3debb-37ab-4a9b-86fe-9ba7a11b4767,XDA,7580302_03,7580302_03,X06
c685e47c-8505-4127-ae5a-9fa65c60443b,XDA,7580302_03,7580302_03,X26
b141fccb-14cc-4e71-affb-1b996be3e65b,XDA,7580302_04,7580302_04,C01
a82af5de-7c7f-4e76-b696-2d7a3aeac654,XDA,7580302_04,7580302_04,X05
5de89954-e191-46d6-8301-33a000237526,XDA,7580302_04,7580302_04,X06
8f6f1aad-2948-41f1-92a3-2bed4da6cf28,XDA,7580302_04,7580302_04,X26
53998251-b4ad-4277-b1f4-741e2d7bc5fc,XDA,7480101,7480101,K00
ba4ec8dc-0a75-4860-97f5-9a3491bed1d0,XDA,7480101,7480101,K01
696c9910-615a-4d51-89b7-9f826fbb5952,XDA,7480101_QT,7480101_QT,K00
11698a01-7e46-49e2-afc2-c8a4f1f94c2f,XDA,7480101_QT,7480101_QT,K01
eff690c7-d97a-43b3-8169-460982a5b218,XDA,7480201,7480201,K00
6862f6cd-7ab2-433e-bf46-0a43783fb70e,XDA,7480201,7480201,K01
16d77259-b16d-430d-b6d2-03dff1ec87d5,XDA,7510105,7510105,K00
a2f2644d-2edb-4544-9b1d-658c4a5eb1dc,XDA,7510105,7510105,K01
78cb33b7-b8f3-41a2-aab2-94c028192ddc,XDA,7510605,7510605,K00
ceba1d93-dab7-42ca-baf0-8f78f38e4126,XDA,7510605,7510605,K01
fa5747e0-9ecd-44c7-abfe-51ca20f35149,XDA,7510605,7510605,K02
09ee6235-158e-40fb-9b11-b9417b98ed21,XDA,7520103,7520103,K00
15721973-0565-4fed-90a6-3153eb388324,XDA,7520103,7520103,K01
5d727b4d-5e81-41b5-a2c0-5cda4d45da7f,XDA,7520103_01,7520103_01,K00
dfd394ef-879b-4bb0-800e-c734d3dfd8ff,XDA,7520103_01,7520103_01,K01
b834ae3d-2c33-43ea-a1b0-bdeac72c8e19,XDA,7520103_02,7520103_02,K00
5cc335d8-9893-4dbf-8658-0e0ed5d7a229,XDA,7520103_02,7520103_02,K01
235b72bc-7952-4feb-ad7b-55b3836b0a0b,XDA,7520103_03,7520103_03,K00
914e477b-9f6c-45f2-a65b-5e482922d7e9,XDA,7520103_03,7520103_03,K01
7790c1e4-f885-48ec-ba13-9385368970e4,XDA,7520103_04,7520103_04,K00
9824a467-56ed-4390-a652-ce72f3a2d6b1,XDA,7520103_04,7520103_04,K01
c51c2fb6-5ea1-4d34-9790-afe7e3de7dd1,XDA,7520309,7520309,K00
af7f354e-441e-45c5-9f41-c009a70b3764,XDA,7520309,7520309,K01
dad6602c-b95b-4781-9fc8-bd638228f01e,XDA,7520320,7520320,K00
cebd2208-a6ac-4dea-8fdd-17e3945a01fa,XDA,7520320,7520320,K01
c98d3d68-5775-44ec-9f70-87077f3d88dc,XDA,7580201_01,7580201_01,K00
70d3affe-9cef-4f68-a93c-e9088084cb30,XDA,7580201_01,7580201_01,K01
27750af3-d446-4101-adba-a8fa76f912fb,XDA,7580201_02,7580201_02,K00
7786fc0f-2457-4f46-933d-c8ab9e74b017,XDA,7580201_02,7580201_02,K01
50847923-4216-4f25-8acf-3312c81573f9,XDA,7580201_03,7580201_03,K00
eea899ea-c3fe-46c7-ab86-6eef9ed7f47d,XDA,7580201_03,7580201_03,K01
fff100cc-e7ac-4eca-9755-4445d1f9472e,XDA,7580201_04,7580201_04,K00
ef5d2eca-c435-4b71-8163-191dc1897c6e,XDA,7580201_04,7580201_04,K01
b118e5ad-d2b0-4942-9ec9-8e4a95d4260f,XDA,7580201_QT,7580201_QT,K00
e9db8e68-a7f4-4440-b9dc-0493f9b8a5dc,XDA,7580201_QT,7580201_QT,K01
7cf6e499-d776-48ac-b43f-c244b6800b8a,XDA,7580205_01,7580205_01,K00
53ce5ab4-3964-4081-af86-6952384434e6,XDA,7580205_01,7580205_01,K01
586ec2fa-d957-4c56-9fba-4fa7c8120e6f,XDA,7580213_01,7580213_01,K00
d19ee9b0-2e98-48b7-a0da-a3371df9c41f,XDA,7580213_01,7580213_01,K01
7ec735f5-1892-4b00-902f-08f31840d430,XDA,7580301,7580301,K00
63951a52-d09c-4e1d-b0de-13481b4d52c5,XDA,7580301,7580301,K01
7456f68b-7180-40d0-acbf-f4bfbcd63f5e,XDA,7580302_01,7580302_01,K00
4c77565a-ba15-4645-bf7d-2c49f0c1ce1d,XDA,7580302_01,7580302_01,K01
0e78ec0d-9fd9-457f-a349-e88c3a3374b4,XDA,7580302_02,7580302_02,K00
d4bbf4e1-6845-4291-9183-29a1c3c9f085,XDA,7580302_02,7580302_02,K01
c4c52eea-0e6d-4e72-a9ca-e54b38502150,XDA,7580302_03,7580302_03,K00
8ce8ea41-83d7-41d6-9d7f-7ffd1ff502d6,XDA,7580302_03,7580302_03,K01
67566da1-5062-4166-908d-2d4a6f08c0b7,XDA,7520201,7520201,K00
7de29e34-cfea-4735-9b37-2b5f9a321ba6,XDA,7580201,7580201,K00
d2c52c53-7ab5-481c-83fc-a37b60e74308,XDA,7340409,7340409,K00
4bd6e08b-06ab-4828-b7ab-043178ef3f88,XDA,7480201_01,7480201_01,K00
242810d5-ac15-4f07-85df-3ab8a99eb002,XDA,7510605_01,7510605_01,K00
8ddde10f-a560-49f7-aa0a-99b3aa655a9e,XDA,7520101_01,7520101_01,K00
7f17df7a-f0cf-4318-aa8c-fbaef7c6ddc9,XDA,7520101_03,7520101_03,K00
9374802e-87a4-4bbb-83c1-cfacc487cbf2,XDA,7520101_04,7520101_04,K00
8e41f546-3b86-43ff-95a3-85628025ebb7,XDA,7580201_05,7580201_05,K00
eee3728f-1077-4525-bf23-de12d51f0e0f,XDA,7580201_CLC,7580201_CLC,K00
4dcebe46-9d38-4618-908e-d7751d9c4c39,XDA,7580205_02,7580205_02,K00
9660f125-1248-476b-a5d8-bea94fd38ada,XDA,7580302_04,7580302_04,K00
8f5ad92a-96ff-4cc0-9d00-955f622f2d93,DDL,7340101,7340101,A00
13b9f8a4-50df-4a98-999b-9ff5d98f94ed,DDL,7340101,7340101,A01
1fb4c7b5-b1f6-4c65-9de5-5222918cad55,DDL,7340101,7340101,D01
96ce567c-bd07-476a-af54-5985fb43363e,DDL,7340101,7340101,D07
4a7d967a-57f1-4a34-bbc0-c5292c8d35f7,DDL,7340122,7340122,A00
3441f78d-308b-4342-9510-7514ac6803dd,DDL,7340122,7340122,A01
8f89aad4-a687-4e14-8dd1-39d9a2c70beb,DDL,7340122,7340122,D01
cd1bf311-9bda-4af0-b21f-ae3807141ac3,DDL,7340122,7340122,D07
25057f3e-0321-4bce-aed3-082fe4914418,DDL,7340201,7340201,A00
0b761cf2-2be0-4315-8087-f32ef8450fbd,DDL,7340201,7340201,A01
6853da43-1494-44d7-bfb2-11f4f9db3781,DDL,7340201,7340201,D01
535fdb0f-934f-4a5a-9c74-a825c3eaf903,DDL,7340201,7340201,D07
d10eccea-1a15-47c9-a9fd-12e47848e285,DDL,7340301,7340301,A00
d4bfca56-e603-4f12-9501-35c8109d503c,DDL,7340301,7340301,A01
b0304967-0b42-401c-ab88-1bad7f94d581,DDL,7340301,7340301,D01
6a94bd59-15c1-4e79-8334-7a3a546245a6,DDL,7340301,7340301,D07
e486440c-1f60-4332-b034-87c606549c33,DDL,7340302,7340302,A00
a6a58dc9-b78a-4240-ba64-406c0c641db6,DDL,7340302,7340302,A01
a7bdbea4-de7d-4225-b18f-8fa9699ba99e,DDL,7340302,7340302,D01
e02cf6aa-feeb-40f3-9047-95d453f78f2d,DDL,7340302,7340302,D07
836ab61e-603e-46fb-ada1-0893c511c2a9,DDL,7480201,7480201,A00
5137855f-57df-4402-8fa7-12ba6d3c14c5,DDL,7480201,7480201,A01
70a0b0b0-427c-4f12-b521-8d83d77abbd3,DDL,7480201,7480201,D01
037faa53-f515-4d04-bac2-627a2198370d,DDL,7480201,7480201,D07
1d895e58-dfa3-4b63-ab2f-146621e20804,DDL,7510102,7510102,A00
02f8db38-a1f0-4664-a26f-5e2045786f3d,DDL,7510102,7510102,A01
557737bc-ccbf-469f-b015-7eb4f42286aa,DDL,7510102,7510102,D01
9618a386-1837-4a4b-b8f8-0e21d21da978,DDL,7510102,7510102,D07
7e6169b8-d56b-4134-980a-940e2bc2b8c5,DDL,7510201,7510201,A00
dd6bb3e5-22af-400f-b3e2-f6bcc1a90ad0,DDL,7510201,7510201,A01
67c1cd68-5de0-474c-886f-bfc1a7df2525,DDL,7510201,7510201,D01
351231e0-fb64-4832-942a-fc41edb4ed58,DDL,7510201,7510201,D07
85326b46-ae2b-4c48-8aa3-2c0ab94a86a6,DDL,7510203,7510203,A00
ed2583c0-96fd-4b73-b79d-fb9cd3592eaa,DDL,7510203,7510203,A01
d57cf694-0f41-4097-b0b3-a7a71483e3fe,DDL,7510203,7510203,D01
a4f0d412-2b2b-4ea5-93d3-406a5abafc8f,DDL,7510203,7510203,D07
26eb6c0a-6014-4196-9202-a1198f16158c,DDL,7510301,7510301,A00
67fcc7d4-6c30-40ef-a5fe-6bd3fa6b01c0,DDL,7510301,7510301,A01
a9528f7e-17aa-4728-a495-cda6b57eb314,DDL,7510301,7510301,D01
7c3a679d-18b3-497b-8906-f65e16528e04,DDL,7510301,7510301,D07
434dae08-9138-4afd-a19d-026ff1551559,DDL,7510302,7510302,A00
e96d2b3a-67bf-4cc2-bb03-f46700a0d00d,DDL,7510302,7510302,A01
326fc255-4e19-4a2d-8562-cf6ddf9e0c78,DDL,7510302,7510302,D01
acd67424-28be-4b79-bf0b-5b882744b3dd,DDL,7510302,7510302,D07
d428b6c1-433e-4064-9449-17e11b2f1c18,DDL,7510303,7510303,A00
1a11a624-b116-4c43-bf70-1d557999c669,DDL,7510303,7510303,A01
e73cb2cb-74df-4f35-a834-7bdfccd6e372,DDL,7510303,7510303,D01
e187041d-f294-4d0f-b3e0-91e36201b967,DDL,7510303,7510303,D07
c5a99955-fa41-4115-8025-ed1b9c7f108d,DDL,7510403,7510403,A00
89b8f5c5-188d-49cb-8a49-40aa0153ae5b,DDL,7510403,7510403,A01
ffb786ac-4ecb-435c-8d49-f396b0296974,DDL,7510403,7510403,D01
067fb95d-449e-4551-bc72-58ce1a8f19b4,DDL,7510403,7510403,D07
05fc3ef9-689a-4d8c-9867-df480c0406fd,DDL,7510406,7510406,A00
18d6677b-247c-482d-93fd-f54689a0a403,DDL,7510406,7510406,A01
0d6741a6-9275-41cf-8747-b42b4266d55d,DDL,7510406,7510406,D01
c4e7df30-6401-420b-9b98-56076a3bd636,DDL,7510406,7510406,D07
fd211322-5fc4-492e-bc77-34719773d778,DDL,7510601,7510601,A00
784c6943-0c7e-47f4-97d7-44259a78a57b,DDL,7510601,7510601,A01
375e41f5-19c5-4c88-b0bc-1753597ee7a7,DDL,7510601,7510601,D01
d8f76ff2-c8ea-4e21-8992-2f270e204165,DDL,7510601,7510601,D07
f9ea2534-18d8-4481-8a31-b88db0ab1e3f,DDL,7510602,7510602,A00
53dbaaf3-7191-4aa8-9dfa-a89995ade80d,DDL,7510602,7510602,A01
ad663970-b6fe-4ef0-9c2f-9c023632f849,DDL,7510602,7510602,D01
06ae5443-21e2-45d3-8f32-013b90f21f98,DDL,7510602,7510602,D07
b9f18527-0478-408f-beb0-5c742fc0ba70,DDL,7510605,7510605,A00
e7792aaf-9e16-43f8-aa18-a945746d4d4c,DDL,7510605,7510605,A01
fe9ba3de-a8f4-4967-a848-0227fbe75dbc,DDL,7510605,7510605,D01
d059ed5b-7d78-4e7c-bbac-b589ac22ccc3,DDL,7510605,7510605,D07
9454c13b-9a33-4717-b66d-07bea7de84b2,DDL,7520115,7520115,A00
acaf1984-9a26-466d-939b-8fc1b80ba65d,DDL,7520115,7520115,A01
c4276ded-acf4-4f17-86f4-73627dc09ad6,DDL,7520115,7520115,D01
5e66a111-787b-416f-80de-ace64a28f420,DDL,7520115,7520115,D07
09f62ec4-fe49-41ae-a85f-40bc057f1613,DDL,7810103,7810103,A00
44610bc2-d6d9-4063-b9b2-34f1f6b92373,DDL,7810103,7810103,A01
55283152-1e0c-4fbb-9100-9dbe03460e2e,DDL,7810103,7810103,D01
f2bf5679-ab06-404b-8ebd-3d1416906a49,DDL,7810103,7810103,D07
50bc11ab-97a6-45c8-893d-cbbb496e9ae2,DDL,7220201,7220201,D01
38dbcff3-1bd0-458e-8b76-8c6945f80179,DDL,7220201,7220201,D09
0004f9e4-fb08-411e-9148-57718fcca100,DDL,7220201,7220201,D10
e96f4348-9e4d-4a50-80fd-376d7462800a,DDL,7220201,7220201,D14
7dff46cd-c14b-4ad3-a703-5230039f7145,DDL,7220201,7220201,D66
e4fcac06-4701-4d43-859c-a06d317da9ef,DDL,7220201,7220201,D84
2284ab4c-4996-4ccd-91c0-6aa4b7d6da5e,DDL,7220201,7220201,X25
7159fb6b-1b72-474b-afca-2c808697f371,DDL,7220201,7220201,X78
12e13ca3-324d-4e84-b6de-e6169e0dd948,DDL,7340115,7340115,A00
1610409d-c601-4f68-8b03-c341c86f4701,DDL,7340115,7340115,A01
f7b3eaf9-a5ab-455f-8011-2b8c771f9919,DDL,7340115,7340115,D01
ab454f21-f424-43a5-8881-7d0e5ca82bc6,DDL,7340115,7340115,D07
6f21aed9-27b6-42c9-864b-94d6785f2332,DDL,7340205,7340205,A00
420ab189-1c11-49d4-9dbd-b76a6333fbb7,DDL,7340205,7340205,A01
feffc3f3-7f29-4a92-b9e7-784338f881fb,DDL,7340205,7340205,D01
2bb4a68c-b209-49ff-9c09-29703462a531,DDL,7340205,7340205,D07
ce7d09fe-b507-45b1-bfe2-3308227a5ce0,DDL,7380107,7380107,D01
9781f898-ca69-42e5-96f0-4da62da95b59,DDL,7380107,7380107,D09
21fac6f4-da30-46f0-9346-62cfcf9737d7,DDL,7380107,7380107,D10
52f10d57-c689-4e42-a36a-88088f4ec25f,DDL,7380107,7380107,D14
27328b78-636a-4783-aeb6-ef9801781204,DDL,7380107,7380107,D66
5bfa5942-347d-48ee-b61d-5bc283f4892d,DDL,7380107,7380107,D84
6487a484-849e-4956-bf96-8eae03fc380a,DDL,7380107,7380107,X25
60af15f0-2bd8-4b44-8294-0b3f083dd650,DDL,7380107,7380107,X78
732558ab-ad7b-4efd-80a7-7b253490a635,DDL,7460108,7460108,A00
c825ee1b-6462-4622-b2b4-c3d027f2cc76,DDL,7460108,7460108,A01
fa7ee1fd-5fa5-4768-80c8-e16d95f3bbf3,DDL,7460108,7460108,D01
f847af70-7aae-4585-a904-0005ce9bc393,DDL,7460108,7460108,D07
dde9bb13-bf4f-41d3-96c9-277c5d3ac058,DDL,7460117,7460117,A00
ca7939d4-bf64-40d7-a9af-05e99f55dbf2,DDL,7460117,7460117,A01
42021360-dc1f-4a2a-9f09-e8f1066efca1,DDL,7460117,7460117,D01
ee74ccd3-fd82-4180-96b9-301cee69ab7f,DDL,7460117,7460117,D07
3d018b44-5a5d-44d3-8647-f43dc4e0982f,DDL,7480106,7480106,A00
a50e0e0b-9a8e-465d-8a6e-bddceb3e8511,DDL,7480106,7480106,A01
e8866662-c5b5-47b5-b005-040d12c2cf10,DDL,7480106,7480106,D01
fbac0287-2a57-4df3-b6ee-dcf0588d6802,DDL,7480106,7480106,D07
23d7da8f-b192-4425-a2c2-7975354b7dab,DDL,7480107,7480107,A00
991dc7ce-d21a-496e-9449-d62168a595be,DDL,7480107,7480107,A01
8047318f-7808-4049-9928-b8f4f7f31e8a,DDL,7480107,7480107,D01
ff954c45-8c80-4415-a591-4361c90b8dab,DDL,7480107,7480107,D07
7521296d-bf8e-4f9c-87de-664de2e3c406,DDL,7510205,7510205,A00
b4b89ea3-f660-4afb-803d-7ae7fbfc825f,DDL,7510205,7510205,A01
d48b9f22-2acc-4428-9ada-7c9e8086d5b2,DDL,7510205,7510205,D01
b5a3b0cc-37ef-4443-acef-5bcc74dfb703,DDL,7510205,7510205,D07
69858871-e12d-4502-878d-51e0b0221b33,DDL,7510402,7510402,A00
1b326c64-1407-454f-86ed-425da9896f11,DDL,7510402,7510402,A01
ad2941cd-1efd-44db-8b5c-c6f8050ba8e7,DDL,7510402,7510402,A02
f2a67286-9dec-4604-9e14-339d7dd5d8cd,DDL,7510402,7510402,B00
65b01f43-d4e6-4d7e-9bb6-5bb9a52f13af,DDL,7510402,7510402,D07
f6910877-626f-4383-8548-7c3f2a743ec5,DDL,7510407,7510407,A00
8c7129b9-dd8f-47d7-b882-11129c06e537,DDL,7510407,7510407,A01
f7d2c67f-49d2-4f50-964f-635658a781ff,DDL,7510407,7510407,D01
a08d5d77-d073-44fb-8aee-ae7d9adf4c85,DDL,7510407,7510407,D07
87c56c23-d22c-46bb-8ab9-f92a0393cad0,DDL,7520107,7520107,A00
005b4883-2f3f-446a-b54b-25da3f720554,DDL,7520107,7520107,A01
aabe76cb-1d7d-430f-804c-d2d8fb901dbd,DDL,7520107,7520107,D01
feac5acb-529d-4b7e-87d7-cf4b2932b571,DDL,7520107,7520107,D07
ae1eb19d-6ddd-4f5e-ae43-c885df569d04,DDL,7810201,7810201,A00
0805b039-c834-4e29-9bc0-59cddc5cf7c2,DDL,7810201,7810201,A01
540e838f-0d5e-463f-9e1b-f03e4b93fb80,DDL,7810201,7810201,D01
dfa38b0a-c176-45f5-abb8-01d3a6b587d7,DDL,7810201,7810201,D07
d1c23748-6680-4e4b-a9c0-652af0f7a5d6,MDA,7340101,7340101,A00
514dd450-c591-4f06-8cf5-4d7b560c12fd,MDA,7340101,7340101,A01
1fffcd6b-5cf8-4ce7-bf29-10b4d94c8e35,MDA,7340101,7340101,D01
b4bcf73a-6c9d-4c1f-a82c-021ab13b79df,MDA,7340101,7340101,D07
1ef1d38d-14b2-4a5a-a10b-a7ef773a2dd7,MDA,7340201,7340201,A00
37feaec3-40dc-4b36-a604-dc27b38bfaa6,MDA,7340201,7340201,A01
facf5fcb-b179-449d-87f4-09bb4d84bcf8,MDA,7340201,7340201,D01
59ff17dc-a610-4fa6-8294-63e39091fa2c,MDA,7340201,7340201,D07
0c995e4e-d265-4046-a1df-8f98dc98e072,MDA,7340301,7340301,A00
e7d0c1fb-9379-4d5d-b246-0f39263ea027,MDA,7340301,7340301,A01
d3f6f961-a923-4341-ab27-09c055e383c8,MDA,7340301,7340301,D01
011e2617-f66a-46b8-96ec-f204a3971e81,MDA,7340301,7340301,D07
05b83700-cd56-47bc-a11a-fa38536981e0,MDA,7440201,7440201,A00
f032de9b-e24a-4190-8744-64798e1a9ba2,MDA,7440201,7440201,A06
103b257d-4a64-4b54-8168-d20521a3420e,MDA,7440201,7440201,C04
0903aa48-0fbc-478d-a565-6bb6ab78c943,MDA,7440201,7440201,D01
3662fc39-0f5e-4acd-8968-32018e067c52,MDA,7480109,7480109,A00
e0e53ce6-7245-4f5c-9e69-4de38eec97ea,MDA,7480109,7480109,A01
a054a7b7-8b43-4ec3-adea-628eebf6fc64,MDA,7480109,7480109,D01
3e7448ac-f5ea-4be8-9037-a5ed3d3a493e,MDA,7480109,7480109,D07
1e13c892-2627-496f-b4a6-808e355c4c16,MDA,7480201,7480201,A00
4aa92ebd-e75f-4602-9e3e-14e862fb29f5,MDA,7480201,7480201,A01
913d5dc0-4a27-4ac2-95d8-a8f09e53559f,MDA,7480201,7480201,D01
ce5ddc9f-6406-4a20-b078-95e555aa7518,MDA,7480201,7480201,D07
b1ee3498-d18d-40d1-9bc5-1928a178ef28,MDA,7480201_CLC,7480201_CLC,A00
986c8715-449d-4127-8e74-e631b9a963a8,MDA,7480201_CLC,7480201_CLC,A01
5f08190f-1498-4d2a-8723-b5a9d26668e9,MDA,7480201_CLC,7480201_CLC,D01
d68f601c-4bc3-4f94-aee6-6b62382791fd,MDA,7480201_CLC,7480201_CLC,D07
69c24a9d-c9f7-4320-8d81-f95fdb7ebf20,MDA,7480206,7480206,A00
f202b1f8-9219-412d-bd9b-781b350c1a1a,MDA,7480206,7480206,C04
c455ca24-6041-443b-9d65-a420461eb5cb,MDA,7480206,7480206,D01
02f7730f-2a80-4d6e-bf32-9264efbdb573,MDA,7480206,7480206,D10
e3fc1097-06bc-445b-a28d-9f05811066cd,MDA,7510401,7510401,A00
66e35629-3f3a-4214-aa5f-a6d75c365f35,MDA,7510401,7510401,A01
ab2e3fdd-1aea-41d6-851d-3a4f711f4a48,MDA,7510401,7510401,B00
4921ce78-a8cd-4131-a197-d104edc49072,MDA,7510401,7510401,D07
b89a7011-df94-4c02-b453-0090b865cf96,MDA,7510601,7510601,A00
4f41437f-ec2c-4702-b21e-aa3648031c92,MDA,7510601,7510601,A01
6a27f72f-8c0a-44a1-8fbb-aa5bec146c65,MDA,7510601,7510601,D01
ae5bcc2f-4822-4998-b49b-9068320958a8,MDA,7510601,7510601,D07
5bb1b063-8525-466b-8db9-094178897d5d,MDA,7520103,7520103,A00
a8c90113-f5ec-4e01-ba4c-8a92ebc3766f,MDA,7520103,7520103,A01
f3f89dff-76b6-4089-81ab-1265a0efcf01,MDA,7520103,7520103,C01
94d4d834-6f19-449a-813a-dd5d19c6d12e,MDA,7520103,7520103,D07
065b44b0-1f1b-43a1-a431-f616b75d955b,MDA,7520114,7520114,A00
dc0c03d7-d454-426a-be23-554b588ad1ae,MDA,7520114,7520114,A01
9f2008f9-3cf3-45ee-b5c8-30a6c0dee3ac,MDA,7520114,7520114,C01
7823150c-541a-43e3-aaa4-e20588fe02be,MDA,7520114,7520114,D07
a8808cc0-0b8b-427f-8473-58881b79e4c2,MDA,7520116,7520116,A00
7adb993f-343b-461c-bf11-d25297e24fc2,MDA,7520116,7520116,A01
15620388-83f0-44f2-a346-5c819c03e715,MDA,7520116,7520116,C01
5510b6e0-da0a-4daa-b2dd-f3ea9990463a,MDA,7520116,7520116,D07
db8d014c-ee51-4ba3-8e4f-1b1a87d8f15a,MDA,7520201,7520201,A00
006ac282-4f9d-441e-9598-3b1d38c7e2a3,MDA,7520201,7520201,A01
abebc50b-db45-4f40-9589-ae9d775dcbf2,MDA,7520201,7520201,C01
538ce9b7-2ea2-4d67-8088-b8f5ea4c36f4,MDA,7520201,7520201,D07
27d3d97b-df6e-47f2-8bc7-2637e2a7a38a,MDA,7520216,7520216,A00
f811df92-e7e6-4f9d-8319-7cb491028e9a,MDA,7520216,7520216,A01
d3e0a171-d8a1-4909-acbe-829f2c46aa6f,MDA,7520216,7520216,C01
05a775d8-6295-47c4-af21-b96c121f4b49,MDA,7520216,7520216,D07
5df70fa7-ef70-4d13-9a44-e25542aa63bb,MDA,7520301,7520301,A00
2954443a-cb9c-4497-b50d-d01f475cbe30,MDA,7520301,7520301,A01
4e9fa209-7758-4291-bcc2-0ec7e20d7da2,MDA,7520301,7520301,B00
4b95f8eb-811b-41d2-b0c2-a113bed45300,MDA,7520301,7520301,D07
da24ac53-7a19-4942-a66a-6c1c2ff4e04b,MDA,7520320,7520320,A00
f03802d5-2091-40cc-ac3d-7d77a4e678f3,MDA,7520320,7520320,A01
a64f04e0-7d50-4a6e-8c91-169675244513,MDA,7520320,7520320,B00
4e26d122-b4ad-43b0-9481-80a912f4dc45,MDA,7520320,7520320,D01
43a356a4-60db-4ec2-bc1a-06f1770032ff,MDA,7520501,7520501,A00
3eed1b68-f659-4f7f-b630-dda8fa312cea,MDA,7520501,7520501,A04
3d4045ba-9c7a-404d-a7ed-234416fb896c,MDA,7520501,7520501,C04
03e7c601-88a9-44b6-aa86-78d974f89099,MDA,7520501,7520501,D01
583c8162-20e4-46df-8a7d-6e29b4c7718b,MDA,7520502,7520502,A00
ec0a0869-7406-4227-b456-9608860366b0,MDA,7520502,7520502,A01
410ec1cb-c86e-466e-bb20-28f06f846330,MDA,7520503,7520503,A00
ad173307-9c6b-4a57-929a-dbd9fadcf86e,MDA,7520503,7520503,C04
c8b645a1-61dc-40f5-82b5-2ddb4f97926f,MDA,7520503,7520503,D01
e50bd866-c53e-4de2-8209-a1e8634ede68,MDA,7520503,7520503,D10
c00e3f60-9776-407e-8fdc-349efeb48b9c,MDA,7520601,7520601,A00
77242047-805f-4402-81cb-6f843163e787,MDA,7520601,7520601,A01
03fffa81-aa69-4973-b466-d9f40ddb1d57,MDA,7520601,7520601,C01
eed6a343-fdf5-4aaf-9208-e8f7529e398f,MDA,7520601,7520601,D01
5a3acb32-f19a-4184-bea7-fb862637791c,MDA,7520604,7520604,A00
9842ae51-567f-442b-b8fa-57919c3579a0,MDA,7520604,7520604,A01
9d6ce880-2caa-4ae9-a48f-48f65a19afd0,MDA,7520607,7520607,A00
8b97701e-90bc-4461-8321-87da6ffd1f91,MDA,7520607,7520607,A01
55e36510-687a-4656-838f-56c3ba382443,MDA,7520607,7520607,D01
7ce909a2-2ac5-4691-8a84-0bd4eac7e9ab,MDA,7520607,7520607,D07
221e2f2a-3a20-475e-bf34-7639a0bf63f6,MDA,7580201,7580201,A00
e4db66a2-2148-45e9-9484-a5ce4731f4a4,MDA,7580201,7580201,A01
5642efaa-f3d5-461a-9e2b-14741806f3a5,MDA,7580201,7580201,C01
38e7b15e-d648-40e6-b285-77fd2e291ebd,MDA,7580201,7580201,D07
0ca78ad3-2202-4f1f-9609-6f47f79d0234,MDA,7580204,7580204,A00
edafd6b5-ac46-44de-8963-c2e32f5bae25,MDA,7580204,7580204,A01
381a2243-2061-4c05-b02c-1c09e2c45e66,MDA,7580204,7580204,C01
3893c6ac-feab-4151-a602-076f1f672026,MDA,7580204,7580204,D07
d1286121-7ea5-4e36-b4e7-e2f3fe2ab076,MDA,7580205,7580205,A00
12e7d7c6-d0f3-4b02-aaaa-d5152c5bc645,MDA,7580205,7580205,A01
9187caa1-79bd-400c-9273-aa524b87ab97,MDA,7580205,7580205,C01
e0ad5a5f-c27a-4d42-82a6-4d7e80531d25,MDA,7580205,7580205,D07
db4cbcd2-d72c-4773-b123-7b5dd06fcd7f,MDA,7580211,7580211,A00
afb81a00-61eb-4535-8a03-d1c4f02cba3f,MDA,7580211,7580211,A04
d5fa3ac2-6a61-48a0-b766-a092aae19c45,MDA,7580211,7580211,C04
79320cbc-cc1d-4d4f-8667-fe85789bade0,MDA,7580211,7580211,D01
f5a80d95-17cc-4711-ba3d-2ef1d1ffa77a,MDA,7810105,7810105,A05
dcab6845-a174-4ed0-b06a-98e241b06eb0,MDA,7810105,7810105,C04
2cbafd89-d7f1-4437-a1e9-83074da828dd,MDA,7810105,7810105,D01
749350e5-fd7b-4616-abd4-7d9d51656302,MDA,7810105,7810105,D10
537dd28a-3b22-4324-bfd0-127d7ffde1d3,MDA,7850101,7850101,A00
79a381cb-f026-4a33-a223-8ad242adc8c1,MDA,7850101,7850101,B00
cdf23a53-c77b-4ab5-bcfa-63b00ca9e9fb,MDA,7850101,7850101,C04
2a081578-c483-4b32-92d0-3be384fb3ff6,MDA,7850101,7850101,D01
a4791e7c-d8ed-4bf0-9c69-29d415caa18c,MDA,7850103,7850103,A00
377c652a-c072-4d41-af51-52cea980204c,MDA,7850103,7850103,A01
75b5e3e9-bff8-4ed5-988f-12d27fb8c522,MDA,7850103,7850103,C04
c0e261a0-a3e2-4377-ba30-a9ae2eac0785,MDA,7850103,7850103,D01
26f5585e-4e1d-4230-a64f-a9a63bf96762,MDA,7440201,7440201,D07
e933492c-8ffc-4178-87ff-b360b59b3e53,MDA,7440229,7440229,A00
ad0cb41e-40f1-48d0-82a2-e13f8d8fbbbf,MDA,7440229,7440229,A01
2dbfd594-f4b1-4774-9aab-3a9d8c856c5a,MDA,7440229,7440229,A04
ee7cad0b-d794-44c0-9b84-d93844504e19,MDA,7440229,7440229,D07
cfdc6848-766b-444e-8646-903ddfa50125,MDA,7460108,7460108,A00
4b6a1f8d-3f8f-491f-a540-60291445bcf2,MDA,7460108,7460108,A01
1af0008a-04ad-44bf-8265-5e94c7d45979,MDA,7460108,7460108,D01
9a9ba7dd-2329-4327-ab2d-a8526f70ecfa,MDA,7460108,7460108,D07
546ca7f9-02ad-4f51-bfec-07791fdcc565,MDA,7510301,7510301,A00
1a40a06e-7237-4fd5-8982-5d398581fb83,MDA,7510301,7510301,A01
0e6a9549-634b-4fd4-96b0-c97085f4cc75,MDA,7510301,7510301,C01
1d97b6cf-8994-415a-b01a-59ad0a315772,MDA,7510401,7510401,A06
18fda0cd-201d-4956-a960-a8b041bceed8,MDA,7510601,7510601,B00
e4619133-825a-4149-9e63-f86ab45a0635,MDA,7520130,7520130,A00
58cc2c7c-2052-4efd-8047-0e4fee60864d,MDA,7520130,7520130,A01
b5b68a5e-df93-4dc6-807f-389fef46cf3e,MDA,7520130,7520130,C01
b9b799e1-477f-4e73-9430-e2fd9f2c99fc,MDA,7520218,7520218,A00
06bf6d52-8118-4807-ae8e-01089e8d10ce,MDA,7520218,7520218,A01
785fbc9b-5947-40eb-9aa0-712326963255,MDA,7520218,7520218,C01
90d9b5d8-2b8b-4b13-9135-0157ca3b959e,MDA,7520501,7520501,A01
4dec9ba9-e767-4296-a6ba-2c70b050a160,MDA,7520502,7520502,A04
a85eb740-560d-45ab-8175-f8742972e980,MDA,7520502,7520502,D07
f0b0b7ab-ce2c-474b-9e6e-be62dd7751c0,MDA,7520505,7520505,A00
fddd7b28-2705-4a89-93cf-c2132814bf64,MDA,7520505,7520505,C04
621aea20-138c-4af5-9c4c-3a60e93fb971,MDA,7520505,7520505,D01
51b3d653-9e56-4ef2-b659-007417315589,MDA,7520505,7520505,D10
c63ece28-e721-485a-9547-ba811cc7f975,MDA,7520604,7520604,D01
444b0276-3f31-4d3f-865c-55046433a646,MDA,7520604,7520604,D07
3947ef96-a97b-40e3-8cde-c12242cf0cb2,MDA,7520605,7520605,A00
f16a5a56-047e-48c0-b66c-04887df64a4a,MDA,7520605,7520605,A01
99b194e5-6bdb-457a-abdd-3a283b0c218a,MDA,7520605,7520605,D01
4fca4041-b37f-4546-8234-c5609a66e392,MDA,7520605,7520605,D07
41658953-816a-4b8e-ace5-d020e67517e5,MDA,7520606,7520606,A00
f8fe2cab-9527-4f9c-afbc-8e2b4109b532,MDA,7520606,7520606,A01
38ce5feb-bbcb-4054-beeb-e5da5ddf3bc3,MDA,7520606,7520606,D01
35e0a1c6-3a4e-4007-ae0b-27077ff94edb,MDA,7520606,7520606,D07
53cd237c-0a19-4c33-aee5-1fc893a80c06,MDA,7520607,7520607,B00
e50746d4-9424-413f-ad5c-7d8251806129,MDA,7580109,7580109,A00
623b3730-2a9f-4d26-aabb-09c13d9edd15,MDA,7580109,7580109,C04
33d169a7-9fe2-4630-8720-9fb544d500eb,MDA,7580109,7580109,D01
2346b8c2-fac2-4f22-9ab2-fbf13fc3a1cf,MDA,7580109,7580109,D10
23c40450-430e-42c0-bcef-1f445dab3823,MDA,7580201,7580201,C04
f8926373-f33a-4d1c-a63b-dc756fa67103,MDA,7580201,7580201,D01
443335e6-7b6f-43b1-b1c0-f6893ff00d9d,MDA,7580204,7580204,C04
ef350baf-e16f-4894-95cd-4362a1eb224c,MDA,7580204,7580204,D01
3efe1ccb-6ea8-46ca-91d8-34e63a3e4201,MDA,7580205,7580205,C04
402d66ff-0294-4309-9ce9-4aa59bdf686e,MDA,7580205,7580205,D01
bfe71dfd-3fa8-479f-908f-6d138497e7d4,MDA,7580211,7580211,A01
0aa54186-9253-468d-b9e6-82116168698f,MDA,7580212,7580212,A00
fdde2c58-873d-4ed4-9097-0365f087882c,MDA,7580212,7580212,A01
c5144a40-edd6-4b4b-a8ea-e0b22d47851c,MDA,7580212,7580212,C04
d208b061-2f5d-442f-99e9-3b927fc8da77,MDA,7580212,7580212,D01
c5df5695-18b1-4691-9850-f50c1dce3442,MDA,7580302,7580302,A00
18bbfc0b-68b9-4bcc-8ab4-099936be840c,MDA,7580302,7580302,A01
8689e731-fbc3-4d33-b459-86a91d248e8e,MDA,7580302,7580302,C04
cc2f16ab-6346-40c1-9947-1ffe89775505,MDA,7580302,7580302,D01
06852105-3839-43ee-8053-162cd52cbeb2,MDA,7720203,7720203,A00
778d0eb9-be94-4e9f-94f8-c5edeee3bd36,MDA,7720203,7720203,A01
7b357ead-603f-4f04-a710-f3a76e29db59,MDA,7720203,7720203,B00
dce85e5a-0bcd-4fe0-8577-0ae29b2500e8,MDA,7720203,7720203,D07
78061b97-85a2-480e-97f6-98f160a54263,MDA,7810105,7810105,D07
9a9690bf-04e4-4201-95cd-28bb5b0cfee2,MDA,7850101,7850101,B08
dae07f15-19d3-4bdb-8cec-0bbfbb8038d2,MDA,7850202,7850202,A00
d2c72595-2c4a-417a-b098-72a1a2732149,MDA,7850202,7850202,A01
d9ad5de6-4293-4bed-8533-b3be1a6c7b42,MDA,7850202,7850202,B00
1c102278-4f61-42a4-b82c-dbe6043e899e,MDA,7850202,7850202,D01
184c7005-3625-483a-9df7-1dc8cc3d3042,MDA,7510301,7510301,D01
994d0fd9-ea7f-4a78-a564-81828c760a08,MDA,7520103,7520103,D01
e86bc0d0-0e50-43be-ab1b-c76653bf28ed,MDA,7520114,7520114,D01
8a454ffc-4778-4fcb-95cf-c9026bc5c81f,MDA,7520116,7520116,D01
84982903-0aaa-4882-aa16-b983938f426a,MDA,7520130,7520130,D01
051c5203-5a13-4ef6-b7d6-04cb27e448ea,MDA,7520201,7520201,D01
46d6fffc-83e7-43c9-a17a-9797575cf9aa,MDA,7520216,7520216,D01
f94ffcd7-e1a9-4a50-94c8-0184602680ce,MDA,7520218,7520218,D01
4dc1180a-44a0-45e3-a936-979736812cb7,MDA,7520320,7520320,C04
6c12b4ae-779f-441a-a4e5-36297cbdae42,MDA,7520607,7520607,A06
45330b66-291e-404b-a3a7-1509592c1187,MDA,7720203,7720203,A06
6534e77b-97d2-4658-ae3e-401a817a6f4b,MDA,7220201,7220201,D01
65591726-6dde-40b3-b18c-6ff847ccddbf,MDA,7220201,7220201,D09
88060829-8340-4a2a-9616-61711637f2d2,MDA,7220201,7220201,D10
d1fb1484-e951-4581-8b15-950a7c15eec8,MDA,7220201,7220201,D14
00e12e23-71e6-4848-81fd-7cd9e4aefbf6,MDA,7220201,7220201,D15
8423e9e3-05b8-4ab4-916f-6cd361e50b56,MDA,7220201,7220201,D66
597c4ab0-d6b8-4f2b-b7fc-f6a6e9fe1015,MDA,7220201,7220201,D78
87af3c1d-febd-421f-974b-0284edd8a659,MDA,7220201,7220201,D96
fc8831d2-78f2-4461-879b-2dbc289660cd,MDA,7220204,7220204,C00
a06e1c06-a134-4ff8-a08b-49e5d7e14c58,MDA,7220204,7220204,C03
e2bd575b-4748-494e-b23d-61a59154e7c8,MDA,7220204,7220204,D01
8ce8a105-7209-4ece-9b39-5b6edc17e9c7,MDA,7220204,7220204,D04
a761d8d4-b891-4136-aaa3-331ad7acd5cc,MDA,7220204,7220204,D09
e0209f66-5d07-4ff6-b098-f35c16eb35de,MDA,7220204,7220204,D14
efc25ec9-9acb-43fe-a593-382a281ab314,MDA,7220204,7220204,D66
029ae89d-22a6-4459-b9b9-7af085696197,MDA,7220204,7220204,D78
ee55a150-1325-4b32-8f6d-d1708bce1435,MDA,7340101,7340101,C04
c1316a92-166a-4d56-bee2-8b1192d92aca,MDA,7340101,7340101,D09
3efbd766-3e9e-4ef5-9ca4-c2d75a3f33ac,MDA,7340101,7340101,D10
ff7aac46-b5b0-40f1-b215-18935ee89d7d,MDA,7340101,7340101,D84
a7ae33f2-826c-4b12-8765-2b6a50d60398,MDA,7340201,7340201,C01
edfe1473-e0ea-4ee6-bfa9-7b7542b5cd62,MDA,7340201,7340201,D09
d62855d6-e9bb-4069-9aef-cbfd54dec457,MDA,7340201,7340201,D10
87f5423d-6499-4e94-be8e-570b9397f9e5,MDA,7340201,7340201,D84
ee2c5efd-61d6-46eb-9141-4f45d57bbc2e,MDA,7340301,7340301,C01
5e01d8c6-e973-4a50-bd70-002b9ef881a3,MDA,7340301,7340301,D09
c45edcf0-ef09-4d4d-bf23-31d1a7f2944f,MDA,7340301,7340301,D10
e6f94f09-8143-4079-8aed-c372fbb6f929,MDA,7340301,7340301,D84
e0877b45-81e9-44f2-aaf6-c0dc1b520c9e,MDA,7440201,7440201,A04
36b86b1b-0dc1-42c2-88f7-d2c406636b05,MDA,7440201,7440201,C01
de1078cf-6934-4ca7-b7fc-e5bf4654321b,MDA,7440201,7440201,D10
d972af03-3e8c-40ee-9d9d-42fbbac40cc5,MDA,7440229,7440229,A06
61e610a5-3196-41e7-9264-8efc633d9c87,MDA,7440229,7440229,B00
15797e11-ed9a-4d6c-9821-412265e6161d,MDA,7440229,7440229,B02
bd9e4375-440a-4f9e-bbf3-55b887fad8e8,MDA,7440229,7440229,B08
559f65bc-5410-4e4c-8045-371b2385e20a,MDA,7460108,7460108,X06
632666f7-311c-4bd0-be91-c3a266356cdf,MDA,7460108,7460108,X10
2767b448-a3c4-42c3-8de2-5aec574bcc3d,MDA,7460108,7460108,X26
a909cee9-0dee-4832-9c32-aeb49800eb5e,MDA,7460108,7460108,X27
0f42cf8a-7da8-4c8b-b9b9-7a14d059aa4c,MDA,7480201,7480201,X06
fbe3d92e-b8f4-493d-84fe-9b90f87fbcb7,MDA,7480201,7480201,X10
d66105a1-78c2-408e-8a00-1354ef1ead45,MDA,7480201,7480201,X26
a1e6b51b-b105-4f17-ad9d-5e9c049047a9,MDA,7480201,7480201,X27
7ed8088f-44c7-46d8-89ec-1ea18274eafc,MDA,7480206,7480206,A01
22abc672-1037-4d05-af6c-4a11d46d290b,MDA,7480206,7480206,C02
ecbf419d-f886-4251-9b5c-ffd25afb61ae,MDA,7480206,7480206,C03
99261300-5d76-45bf-a1a8-9b1b66360d93,MDA,7510301,7510301,X06
72cabae6-95cb-4f32-b712-c2a7fffb1a45,MDA,7510401,7510401,A02
49324a18-639e-40c4-af56-e317121fd822,MDA,7510401,7510401,A05
12e46c24-1cd4-490e-b4f5-20e79c04f905,MDA,7510401,7510401,C02
b21c571e-2211-4e54-8e8a-dc840fe6f35c,MDA,7510601,7510601,C04
ef052f83-8fca-46d5-8f91-6bf29aa6c667,MDA,7510601,7510601,D09
71b5b18d-7bbe-4963-935d-aaeae0199415,MDA,7510601,7510601,D10
b5ea5650-f32f-4bd4-abab-158b0c064bc7,MDA,7510601,7510601,D84
90e63fe9-6e3c-43a1-a7e1-51f997613b2b,MDA,7520103,7520103,X06
fcec1f45-1313-4d8c-8319-cf517db292ea,MDA,7520107,7520107,A00
80119100-0acb-45fa-becb-f905a081decb,MDA,7520107,7520107,A01
852b6fe1-77c0-419b-94b1-956807e290c8,MDA,7520107,7520107,C01
d1d56e61-b1a8-46e3-bd16-6a84406f5e3d,MDA,7520107,7520107,D01
bf6d986d-dd5d-4b3a-b42a-bbe6820c0ca2,MDA,7520107,7520107,X06
8549410f-4af9-4d6b-908d-1993b7af140f,MDA,7520114,7520114,X06
f7f5e456-2bd3-4e4f-a4d6-7f978864a078,MDA,7520116,7520116,X06
99e5fe2c-4bf9-45c6-b429-ad74a6b976d4,MDA,7520121,7520121,A01
42a637e0-1944-439b-b0e0-9e55cb33c386,MDA,7520121,7520121,A04
d2db4f53-b459-417b-a9dc-be26d8fff93d,MDA,7520121,7520121,A09
410b9101-b5fb-46e2-aea4-3916440e209e,MDA,7520121,7520121,B02
14cd0e5e-9e89-42f1-8403-f0427e66e807,MDA,7520121,7520121,C04
eea7c7d4-f295-40f3-8b9e-56e585a89fdf,MDA,7520121,7520121,D01
25fc5955-4401-45dc-afb3-2707c1c68d7f,MDA,7520121,7520121,D10
83b76164-92f7-4e50-a667-392f516dd999,MDA,7520121,7520121,D84
0158db20-8329-4e0e-b7c7-5c84b1529971,MDA,7520130,7520130,X06
6eed036a-f621-4593-9b02-cf2283904292,MDA,7520201,7520201,X06
deaa5e18-29ec-4329-a195-8475c6d54e50,MDA,7520216,7520216,X06
2d36f9fa-2c57-4128-8bf6-10db5ff6c937,MDA,7520301,7520301,A02
d20e5ac4-1b98-4d25-b12d-507cb25d1267,MDA,7520301,7520301,A05
ef30b99f-1db9-43cc-a044-cd52180c9dd4,MDA,7520301,7520301,A06
9d3b0c0a-195d-4aac-bbbd-84b6edc9859b,MDA,7520301,7520301,C02
b03a7dc4-3b04-438b-a800-e05a22cb66fd,MDA,7520309,7520309,A00
e83a4a87-bb1d-420e-9441-8fc8efdcdf8c,MDA,7520309,7520309,A01
ace2399a-239e-482f-8d84-06478d4b6cd9,MDA,7520309,7520309,A02
74c68609-fa58-4833-8d66-c4a06c6d305f,MDA,7520309,7520309,A03
b2c3f1f2-0432-4e67-9680-a4630114d8e5,MDA,7520309,7520309,A04
84db483e-16f6-484b-9b46-1cac68dc9920,MDA,7520309,7520309,A10
8544e0ec-f6b7-402e-953c-fc1975ba55cf,MDA,7520309,7520309,C01
7e3c0bd4-0ede-4dea-aacc-e0d55d5ec6e3,MDA,7520309,7520309,D01
9aef8e62-1750-409e-a9a3-a7b0ee011592,MDA,7520320,7520320,A04
c5010912-04d9-4aaa-b72c-ee33e8f9122f,MDA,7520320,7520320,A09
45a823f5-a5d7-486b-bc33-3984d7071a39,MDA,7520320,7520320,C01
c977f2f6-e98e-4865-b292-93b4ee227505,MDA,7520501,7520501,C01
3fcf7783-2ea5-4298-8d55-11c370c4c765,MDA,7520501,7520501,C02
2e3e5f12-5a58-422f-ab1b-405ab85cd219,MDA,7520501,7520501,D07
c7155d4c-b526-4107-b20c-6e780dba7ad2,MDA,7520501,7520501,D10
d7e4c7bf-cb26-4cb5-a7ca-eca07192372e,MDA,7520502,7520502,A06
da4ddd66-e8c2-4c37-9431-561260ef233f,MDA,7520502,7520502,B00
83e36e0f-d518-483d-8d2e-f377567a19b2,MDA,7520502,7520502,B02
ae11545b-952b-4a0f-9c38-7d68a3338cbb,MDA,7520502,7520502,B08
ff65bfd7-b2d5-4707-acc9-2268cad4bb99,MDA,7520503,7520503,A01
3f5f9bf4-3f24-4a93-9b60-fcdc486e701c,MDA,7520505,7520505,A04
fda04b3f-6cac-4798-aca9-1171e7bce695,MDA,7520505,7520505,C01
a8b1ff32-11c6-48e3-93ea-623145573dc2,MDA,7520505,7520505,C02
7c9219fc-f6ed-4cc8-88a7-d51089e9bc88,MDA,7520505,7520505,D15
5356ebdb-d6a0-42a8-819e-feb6d25c0f4a,MDA,7520601,7520601,B03
7dd45845-ab6a-4279-85df-bfd1c8e5b5c8,MDA,7520601,7520601,C02
60bdee50-d88b-4475-bfec-8f7f296570f3,MDA,7520601,7520601,C03
b2364c3c-dce4-4749-ad6c-d6d49747a3d5,MDA,7520601,7520601,C04
0ce4d74d-e086-417e-8bf1-09cd46bbe88e,MDA,7520601,7520601,D10
036b2b59-0625-4979-9c54-37baf4fa383d,MDA,7520604,7520604,B00
f8176071-e1c6-4eea-a955-75a5d0eb16bd,MDA,7520604,7520604,B02
fea013d4-01ef-43c1-856e-2ce626473319,MDA,7520604,7520604,B08
ee86be07-31d2-444e-89a6-69e31c99048e,MDA,7520604,7520604,C02
a061d59b-b4b4-4b0f-b8b5-7f9626027948,MDA,7520605,7520605,B00
87176593-8752-4165-bd99-b20c6167c9e8,MDA,7520605,7520605,B02
f5147ea6-e9f6-430b-ac0c-0fb2fd8b65c6,MDA,7520605,7520605,B08
7d06454e-047c-4ae1-9011-370d90c165c2,MDA,7520605,7520605,C02
fdc381e8-6b80-4059-9178-02e42efb5fbc,MDA,7520606,7520606,A04
89517889-4998-4983-b283-8a9572eb8aa5,MDA,7520606,7520606,A06
1e9b887b-18e5-44e3-815b-fc6f8e1cd502,MDA,7520606,7520606,B00
d4ce64a2-0d19-4c13-9164-207d4ded504f,MDA,7520606,7520606,B02
c7350863-5b59-42c8-bd24-4a4a6f2427fc,MDA,7520606,7520606,B08
2e4ae4a2-959c-4690-ad50-9f16a7286dda,MDA,7520607,7520607,B03
22ff5545-e189-475a-9e4a-b1c238e41d51,MDA,7520607,7520607,C02
adadc2ad-e96d-4214-8f2c-c271efd85ea1,MDA,7520607,7520607,C03
6c68e8e7-a22b-44ae-a822-53fae07897b1,MDA,7520607,7520607,C04
01a9ab50-48f7-4797-8922-2ac4711fab42,MDA,7520607,7520607,D10
da6d4f0a-048b-4127-ad16-bbf0ca99bdb5,MDA,7580106,7580106,A00
2b4dab9e-b987-47f1-bc53-948463191ec2,MDA,7580106,7580106,A07
3771d09f-afe6-451f-83dd-71bdf26b37b0,MDA,7580106,7580106,C01
c178e104-def9-4777-9c96-45784ff48170,MDA,7580106,7580106,C02
3993c6b2-0ca0-48f7-87af-1fd6b13ce523,MDA,7580106,7580106,C04
f7c01545-cbd2-46b2-9811-a189e29ba9d7,MDA,7580106,7580106,D01
8d9e0e33-9e25-4be9-9a3e-ad3d7a5ded6b,MDA,7580106,7580106,D07
f33ebbac-58bb-4479-97c8-75797147a379,MDA,7580106,7580106,D10
61e4fe10-299b-4da1-bfbc-826286d1478b,MDA,7580109,7580109,A01
bb5b0e5c-68d2-4792-ad18-921453cde7c7,MDA,7580109,7580109,C02
fc63b330-45ad-45c4-8d49-f9de655e7e26,MDA,7580109,7580109,C03
7b3a559e-f5cd-42ac-a9f0-77d47890bc18,MDA,7580201,7580201,A10
7b7240db-343f-4e1e-acbd-28ba9921deca,MDA,7580201,7580201,B04
3a5661d1-dc68-4628-83ca-ff4c3534fc2e,MDA,7580201,7580201,C02
dd0c5bcd-8e45-41fa-9f14-074069a5f634,MDA,7580204,7580204,A10
e0dadeda-82dd-4f49-a9ec-a2be78ffe19d,MDA,7580204,7580204,B04
2f4a5759-b72b-4ea9-9449-3856be4c90fb,MDA,7580204,7580204,C02
182296ff-2bd6-434c-a867-2a6da9aaa162,MDA,7580211,7580211,A02
3f885d43-9bf6-4c6f-903a-16bc19bdc7a1,MDA,7580211,7580211,C02
f7495d38-a627-4096-a8b8-ffea4ef0fe63,MDA,7580211,7580211,D07
f1d992dc-a9e5-409c-9837-291dd9e25508,MDA,7580211,7580211,D10
04092623-ffe4-4d83-9e79-c3060e774538,MDA,7580212,7580212,A04
23fc58b4-fd60-4f7e-879a-28c1fe4d1055,MDA,7580212,7580212,C01
402269d4-4c71-4294-95f7-15178f6c2a9f,MDA,7580212,7580212,C02
27ff366f-d942-4cbf-87ba-b3e72078d47c,MDA,7580212,7580212,D07
248b24d7-63f1-489d-9cc6-5e152d69cf26,MDA,7580302,7580302,A10
4e5fca6a-13dd-46d5-ae68-81c2114ef4c4,MDA,7580302,7580302,B04
b41ae824-0862-4968-b8dd-35bd94de5d53,MDA,7580302,7580302,C01
37e94611-3944-4298-b64c-2ef9da961a46,MDA,7580302,7580302,C02
117f1bc7-1696-4ef0-a2b6-d2b55faddb2e,MDA,7720203,7720203,A11
3337c377-b3a2-4b4b-95ed-0831ac93a74f,MDA,7720203,7720203,C02
9627eaac-3af0-4bc1-8049-b4ddf9a27268,MDA,7720203,7720203,D01
ad686ca4-7672-4e90-ac92-ba8171ae6f2b,MDA,7810105,7810105,A04
3d38f201-3edf-4d6a-97b4-b1e158491cb8,MDA,7810105,7810105,A06
8f6dd2ce-4335-43e0-a7df-4bf44e78c848,MDA,7810105,7810105,A07
e776cb5c-d186-4350-9c83-48c7b9bd994d,MDA,7810105,7810105,C03
dc34f73a-933b-410b-9620-13d4399ba5f5,MDA,7850101,7850101,A07
bd4ca5de-63c9-4be9-8bff-e5ab6a563d20,MDA,7850101,7850101,A09
e3193897-809d-48d6-9a63-4fcafdf36d52,MDA,7850101,7850101,C14
17159b5d-c3f0-41f4-b7fb-d7e7a290e312,MDA,7850101,7850101,D10
76c8cc7d-5b79-413a-874d-fa1a89b49ce2,MDA,7850103,7850103,A09
d3996bd8-c5ee-40d5-86cc-3e51fecc9670,MDA,7850103,7850103,D10
4bf105e1-eba1-422e-9cd4-671b38fcbdb6,MDA,7850196,7850196,A00
b855780e-277e-4866-a781-36a81cf7d7d8,MDA,7850196,7850196,A01
62d8988f-9dac-4825-8f62-5682568b787b,MDA,7850196,7850196,A04
7407f00a-245b-4a2a-bb4b-dfff3cc02053,MDA,7850196,7850196,A06
9a9cf8db-3ae1-4030-9111-f389ec04e6f5,MDA,7850196,7850196,B00
003a564a-38be-4abe-beb4-fd57b8606cf5,MDA,7850196,7850196,C04
d101069f-dde8-4645-abbc-cdc1ea1906aa,MDA,7850196,7850196,D01
9f035393-3927-4a28-9ff5-cf028fd5e7a9,MDA,7850196,7850196,D10
db2e8f3c-15ff-4b5c-89ea-264b7cfbd515,MDA,7850202,7850202,B03
3010c234-040b-4435-b21e-ef6904235623,MDA,7850202,7850202,C02
6fcb7271-1225-487c-8162-fc0bfabdd172,MDA,7850202,7850202,C03
f2c23652-be7a-4236-9564-b40d9f2ad209,MDA,7850202,7850202,C04
174e4429-9692-45cb-b061-f1f64dddaad8,MDA,7850202,7850202,D10
e188085a-70bb-4423-9e25-e32d445b8085,MDA,7440229,7440229,K00
c2549648-4332-4342-a396-f90a64d02d83,MDA,7440229,7440229,K01
2dda5753-5509-49d5-81da-86fa0134c84d,MDA,7440229,7440229,K02
4b9f7077-6021-4c54-a784-f1bceb7213d2,MDA,7460108,7460108,K00
f459e115-04ba-445d-96de-7dbb42fb6aac,MDA,7460108,7460108,K01
e9b13a07-ea2a-41fb-afb6-56e01a6372a4,MDA,7460108,7460108,K02
af8bac58-0fa5-4e88-b38a-9ee1f4a35bf6,MDA,7480201,7480201,K00
ca41005b-ede7-4c33-bdc4-7ce79c747400,MDA,7480201,7480201,K01
0263526e-132d-4de0-a772-946054df2be4,MDA,7480201,7480201,K02
40c0bea0-b4d6-405e-ac1f-5d6367d708b7,MDA,7480201_CLC,7480201_CLC,K00
31cb4876-fc47-43e5-8d28-9bffc15627bb,MDA,7480201_CLC,7480201_CLC,K01
14d7a408-f1d5-4b0a-b18e-dfc76c53fe53,MDA,7480201_CLC,7480201_CLC,K02
15dee8ef-9633-4e96-86a6-6bad11868f9c,MDA,7510301,7510301,K00
6664ae7b-09bf-4aba-bd0a-90bd737523e2,MDA,7510301,7510301,K01
004d9b83-97b3-4ba3-92ec-e9ffff4698cd,MDA,7510301,7510301,K02
daa7b797-fefb-46eb-b2ac-b22e122299a4,MDA,7510401,7510401,K00
c1112a94-3db9-4d7f-a79a-29ffe0c5a708,MDA,7510401,7510401,K01
ebc45e7b-16cf-4152-96df-f731a1ed536c,MDA,7510401,7510401,K02
b4f4b644-4716-4bce-83e7-cb648f8b3d4b,MDA,7520103,7520103,K00
003e3e02-4a24-4acb-b09e-5dde3562b571,MDA,7520103,7520103,K01
58702b78-fc2c-4d70-898a-2d24f49dacd6,MDA,7520103,7520103,K02
7ea73482-0ac4-4376-aa10-4c9b2c600d58,MDA,7520114,7520114,K00
e361ff05-5cba-4ca8-8122-f03957fc7bf5,MDA,7520114,7520114,K01
9e0601ab-686a-40fc-a937-e65aae608cea,MDA,7520114,7520114,K02
b262c257-11e1-4962-af87-b8d449885cc7,MDA,7520116,7520116,K00
6a233a09-3c70-4631-8358-dc1b9aa45642,MDA,7520116,7520116,K01
463ae19c-9279-438e-8cfb-b7b85c07803c,MDA,7520116,7520116,K02
b1900646-9f43-4cc5-961b-f3aad80824ae,MDA,7520130,7520130,K00
53dcb59f-f964-4e57-bb48-50f1e4ee5271,MDA,7520130,7520130,K01
59172442-9758-49ca-abd5-48f571d7b0ae,MDA,7520130,7520130,K02
0f0764de-e28e-47cc-89b2-00eef6709072,MDA,7520201,7520201,K00
cad9089f-ee7c-43c3-881a-5986b905b84b,MDA,7520201,7520201,K01
fba54482-4cc4-49ad-91bd-0ed68a045228,MDA,7520201,7520201,K02
2a0f430f-28b5-46be-bbc5-4adef78c9ef3,MDA,7520216,7520216,K00
cd28c7c3-36ec-4b33-877a-2daca0acc6fe,MDA,7520216,7520216,K01
2dbae223-cd04-469a-91dc-10db65511328,MDA,7520216,7520216,K02
5f4dbe8e-13f6-406b-8207-47e20e540f2a,MDA,7520218,7520218,K00
c70eea2d-067a-443f-8274-a8f4b2b8b2ff,MDA,7520218,7520218,K01
12bb0b2f-53c5-4f23-a7bb-ca63a4f659b9,MDA,7520218,7520218,K02
35c9630c-c239-4fe6-b57c-bd2c6411c533,MDA,7520301,7520301,K00
e44569ea-abd3-4bc4-b502-65a15f8c5a43,MDA,7520301,7520301,K01
e199f19d-2cf8-4c81-b7d9-2d866102686b,MDA,7520301,7520301,K02
bf3a54c3-88db-4054-a298-359b4aff46ba,MDA,7520502,7520502,K00
19a24622-b856-43a5-9b53-5d0f89bfd96f,MDA,7520502,7520502,K01
3e3bc25f-9ffd-4599-b1d1-a7e64c246c0c,MDA,7520502,7520502,K02
2a5bc013-bfe3-4318-9423-9ed0d5a38852,MDA,7520601,7520601,K00
5ed3e54f-0500-459b-b5bb-008b40efe2b3,MDA,7520601,7520601,K01
6f288342-3920-4bc3-8d38-3c42abe2d836,MDA,7520601,7520601,K02
0ce1028b-35d3-46e6-ac9a-e21373dd6dc1,MDA,7520604,7520604,K00
ec046c4b-aac1-41a1-ac4c-06b38f1bd259,MDA,7520604,7520604,K01
74f798cb-664a-409c-afd5-81b78ce1f837,MDA,7520604,7520604,K02
43fa53cd-8219-42a1-adb4-f2e0586b970d,MDA,7520605,7520605,K00
ac8baaac-2e91-4306-8229-f81babb8a185,MDA,7520605,7520605,K01
5f513fb4-5df1-4213-b3f9-c7d349605b58,MDA,7520605,7520605,K02
a025bb4e-d309-413c-9026-93fb47bb8c01,MDA,7520606,7520606,K00
8ea73960-ec2b-4083-ae73-8e6289d1d60e,MDA,7520606,7520606,K01
a5cd8754-8431-4693-956d-a9b5b677faa8,MDA,7520606,7520606,K02
bd8ae1ac-c161-4d80-8b17-351ca4b28720,MDA,7520607,7520607,K00
e3a17d45-3164-4b37-9a51-6ae5b63757f1,MDA,7520607,7520607,K01
dc927ba8-7ba7-4bc2-99bc-da8c4030b051,MDA,7520607,7520607,K02
3f57c59c-58fa-4ca2-a0c0-11f76bba7251,MDA,7580201,7580201,K00
c0dfa015-742c-4036-9efe-be0ceccba804,MDA,7580201,7580201,K01
e94ba80e-ebb4-441b-aed1-96dbc6e1578d,MDA,7580201,7580201,K02
336f199e-d66f-44b3-b76e-a75492161adf,MDA,7580204,7580204,K00
9f94dd94-8ce7-4e6d-a0c4-549d75653518,MDA,7580204,7580204,K01
26abfd2a-88cc-4741-805b-bb0801c8b537,MDA,7580204,7580204,K02
0474b816-5a53-46ae-9d53-38da3f1db4da,MDA,7580205,7580205,K00
2263637d-dee6-4093-847a-a8eac2b428d4,MDA,7580205,7580205,K01
06da59a0-1459-4bcb-aaab-a509a8628c39,MDA,7580205,7580205,K02
1d720c71-c33a-45eb-8e72-f2904877860b,MDA,7580302,7580302,K00
d2dd171b-dc46-489a-9177-e28b2b7d2d6d,MDA,7580302,7580302,K01
90fc939e-0253-4623-b298-058e422ad79e,MDA,7580302,7580302,K02
9b3369ca-f877-42f7-8628-0222b4ea6829,MDA,7720203,7720203,K00
f1714e58-8b61-4b0a-bd2a-b52fe1afa1a9,MDA,7720203,7720203,K01
7d440d23-1053-41cc-a132-fb1bf05fb346,MDA,7720203,7720203,K02
3fb6a99d-38ea-4d6b-a76f-93fa9e51ac05,MDA,7850103,7850103,K00
0067945b-c0dc-4549-8006-03b1fa5f6047,MDA,7850103,7850103,K01
9efee2dc-0ff1-43cc-af7a-190295a006ce,MDA,7850103,7850103,K02
65c79b35-e136-4692-9a2e-4b84eb0f9ed7,MDA,7850202,7850202,K00
6401f24a-185e-4291-8e28-88a740bc2d2c,MDA,7850202,7850202,K01
eb04aa39-8e5b-4c00-a838-62c7e4f3cf15,MDA,7850202,7850202,K02
75e17605-f6bc-427a-97e0-82a2ab0b01ab,TLA,TLA101,TLA101,A00
c23c15b5-8031-4ee3-9979-5234da70a00b,TLA,TLA101,TLA101,A01
2b5dedfc-2649-4a61-854e-4dba2dacdc7c,TLA,TLA101,TLA101,D01
ac9b3bcb-9988-48e1-812b-529ff95e76aa,TLA,TLA101,TLA101,D07
849dd96e-65db-4206-970d-8cc0af4c0936,TLA,TLA102,TLA102,A00
a2177162-7252-479d-823f-0945261848bd,TLA,TLA102,TLA102,A01
9126672f-ed19-4620-94b2-be27fe08f252,TLA,TLA102,TLA102,D01
df66b375-1b77-47a8-b59c-e1c53fded0e6,TLA,TLA102,TLA102,D07
95c9734d-fe47-408e-9b83-2d8d9d623b26,TLA,TLA103,TLA103,A00
99431dc1-a79d-4569-a1f2-644f0a74441d,TLA,TLA103,TLA103,A01
57b2ba50-348c-4c53-a963-76e1ff6e4a33,TLA,TLA103,TLA103,D01
939877ce-51cb-44c4-8913-fd027f2bfee7,TLA,TLA103,TLA103,D07
477fd408-8d54-4c59-b752-bdd845ced904,TLA,TLA104,TLA104,A00
c9844edc-d835-4d36-a3a2-dc9c68dc48ac,TLA,TLA104,TLA104,A01
d37c2c17-f97f-4885-baa1-2d84943dd3de,TLA,TLA104,TLA104,D01
98a60929-efea-47a1-b9af-68067a07cb5d,TLA,TLA104,TLA104,D07
bad72ac0-0a3d-4262-9727-344d5a6e0430,TLA,TLA105,TLA105,A00
1a01eb5d-d5a2-4f88-bc05-9ed39883134d,TLA,TLA105,TLA105,A01
7aa01a76-28a7-48a0-8864-d499f1e48885,TLA,TLA105,TLA105,D01
e88aeb30-c113-4987-9d02-3bb9db86921c,TLA,TLA105,TLA105,D07
1e436120-60ad-4e48-a880-82e85264f44b,TLA,TLA106,TLA106,A00
050483ca-9b0c-440f-99b9-bab42c77e4b7,TLA,TLA106,TLA106,A01
52bfe99c-3d38-4b2a-893b-54ca40f31488,TLA,TLA106,TLA106,D01
2bc3657c-f83d-4e4d-8618-7fae785b8a9d,TLA,TLA106,TLA106,D07
72825789-fb55-4494-82c3-6bc25bc03fbd,TLA,TLA107,TLA107,A00
21eb9c42-6af8-4dae-aa09-6fd1e4af6c60,TLA,TLA107,TLA107,A01
6ee4da43-a543-495d-ae36-2b736645b208,TLA,TLA107,TLA107,D01
d017e8a5-a018-42e9-8f8b-b8bf6cc828af,TLA,TLA107,TLA107,D07
24aecd74-a6ee-4ff3-97d4-00ee25f6e3d8,TLA,TLA109,TLA109,A00
8caf0eb4-f11e-4f8d-bca9-9d5c0d7a9f3c,TLA,TLA109,TLA109,A01
2ee45a22-1c27-4266-b63b-a9cb18779338,TLA,TLA109,TLA109,B00
7f3f1cbc-5430-423f-b29c-9231689839a5,TLA,TLA109,TLA109,D01
f302a84c-21bc-48d7-9bbc-7efbc6904767,TLA,TLA110,TLA110,A00
f2e053aa-dc50-4fa4-b496-8f6013e61fca,TLA,TLA110,TLA110,A01
6a17db8b-e747-423b-8871-b7105cc048c6,TLA,TLA110,TLA110,D01
db2500f8-d817-4e1b-b25c-3fd3bde9f27b,TLA,TLA110,TLA110,D07
d9e50c00-4d29-49bc-a1e1-fa2a5ecbce2c,TLA,TLA111,TLA111,A00
8e7ffda7-1c35-4d83-a2c0-dc5df1dd8519,TLA,TLA111,TLA111,A01
40ef8f35-8f88-4f11-a288-346af1e54a28,TLA,TLA111,TLA111,D01
4577341f-1da5-490d-81a9-11e035f4c298,TLA,TLA111,TLA111,D07
4657fc15-8c47-4584-8f00-53d052b07b4a,TLA,TLA112,TLA112,A00
ab959e43-656f-4839-bb60-9d3a48408b6c,TLA,TLA112,TLA112,A01
6cbd761d-32cf-467e-8975-d6fc92adf88e,TLA,TLA112,TLA112,D01
d6e9a864-fdce-440f-b4d9-465beffde95e,TLA,TLA112,TLA112,D07
0e056079-3e2e-45ed-b632-2147e93da328,TLA,TLA113,TLA113,A00
7fd235bc-c568-46ae-bac0-9df77cab7b9a,TLA,TLA113,TLA113,A01
5dc3d2a4-6341-400e-9e2c-e1ab91cb55b3,TLA,TLA113,TLA113,D01
f89fc480-9288-41ea-a80c-0495b716a912,TLA,TLA113,TLA113,D07
a60c2a5e-d11b-4029-8f84-84b0ba6e5d33,TLA,TLA114,TLA114,A00
41b0c619-c0be-4749-8f1b-ccfa56b78c02,TLA,TLA114,TLA114,A01
04fb4ae2-d0f7-49bb-b218-3b442339ab63,TLA,TLA114,TLA114,D01
60bc4ca6-3b8c-448f-87c0-85e4befa8ddd,TLA,TLA114,TLA114,D07
7cfe310c-3fc2-4e8b-8c25-454dbdcda948,TLA,TLA116,TLA116,A00
cf2ce8e4-0249-41d4-87ef-0c0508b257ca,TLA,TLA116,TLA116,A01
0e9dc382-0b30-4ec7-92f3-ebb8c671803a,TLA,TLA116,TLA116,D01
0801b28f-eeb2-4ab3-92c7-90bebc4453b4,TLA,TLA116,TLA116,D07
f2b872f8-8870-4031-b826-9021cc74fa15,TLA,TLA117,TLA117,A00
498a5b6a-fc5c-4249-9ec9-defd86a5c3e0,TLA,TLA117,TLA117,A01
16cdf77c-3e0f-48c1-8e49-9788092feaab,TLA,TLA117,TLA117,D01
da12438b-5e90-42b6-9552-c3c9aa0f02c0,TLA,TLA117,TLA117,D07
8f2fe362-9453-4b27-afcc-425e7559a4ca,TLA,TLA118,TLA118,A00
73b29172-3233-415b-9bdc-8f3be2f95db2,TLA,TLA118,TLA118,B00
042bf818-5df5-481f-b206-11f984d2453b,TLA,TLA118,TLA118,D07
456b33a0-7640-47e3-983e-47de3fb91237,TLA,TLA119,TLA119,A00
841e7c45-3d20-4d4f-9090-9b340ad4287d,TLA,TLA119,TLA119,A02
8d5b12f5-e77a-43ad-884d-d7ae103eb9b6,TLA,TLA119,TLA119,B00
19ef2a13-4f33-4701-978c-450540a274da,TLA,TLA119,TLA119,D08
c5009063-ace0-4784-ac00-70a075ac3413,TLA,TLA120,TLA120,A00
bf834d47-9305-4f45-90b7-690c209a62fd,TLA,TLA120,TLA120,A01
d33ab86e-28f3-43f7-baaa-dbe90b5f92ba,TLA,TLA120,TLA120,D01
03610952-9edb-43c5-8ef2-5a18ebaa46bc,TLA,TLA120,TLA120,D07
b71ca20e-254d-4213-a6e3-5b2a2be81011,TLA,TLA121,TLA121,A00
da0f38ed-10b5-47eb-aba3-f1cb8353466f,TLA,TLA121,TLA121,A01
fde54e11-e8bb-4d08-86ab-373e72e711b1,TLA,TLA121,TLA121,D01
a4ef2cb3-bdac-4988-98ea-6a2b097758dc,TLA,TLA121,TLA121,D07
6cfde176-689c-4acf-a51a-aac80e6930f2,TLA,TLA123,TLA123,A00
c6626146-c568-4992-b9ac-a61f2d28d182,TLA,TLA123,TLA123,A01
fdc5f8db-226e-43ad-b358-5ddbcd2a01ca,TLA,TLA123,TLA123,D01
15e4c351-c535-41de-b844-0decfb4c0ff4,TLA,TLA123,TLA123,D07
36638b16-165a-460e-97f6-96eb6a0174d3,TLA,TLA124,TLA124,A00
730e27f4-f0e3-442c-b510-c8beeec36155,TLA,TLA124,TLA124,A01
6d611c68-b4ee-46c1-ad3f-41085ea009ee,TLA,TLA124,TLA124,D01
f5bddcf3-0e00-4f43-b67a-3e1574da40a6,TLA,TLA124,TLA124,D07
1e0d1a93-96f0-4d4f-ac41-9f4c88ec961f,TLA,TLA126,TLA126,A00
a70f35ad-4fdc-457f-a431-a3a2c3f83888,TLA,TLA126,TLA126,A01
d28403c3-26c3-4710-9874-0d2efb93770f,TLA,TLA126,TLA126,D01
0d7cb93e-e0d2-4265-9e9d-ec71a6c91935,TLA,TLA126,TLA126,D07
ae723158-156d-406a-878d-f9e31e1a2b29,TLA,TLA201,TLA201,A00
accc3745-b2a9-4b5c-bfb5-e5b9d4aca7da,TLA,TLA201,TLA201,A01
7c07f7e4-25db-4ddd-883e-1a11cf4288cf,TLA,TLA201,TLA201,D01
87de2e5f-f833-4233-819f-b0d1530b9b8b,TLA,TLA201,TLA201,D07
5f534359-f325-444c-b24b-a4e3622075b3,TLA,TLA203,TLA203,A01
be81a0fb-af93-4d33-ab33-d9e37d120d9d,TLA,TLA203,TLA203,D01
459628aa-75db-43eb-a647-33360b77fefb,TLA,TLA203,TLA203,D07
b7395cb6-2cd2-4346-9d97-ea7646fac9e1,TLA,TLA203,TLA203,D08
e86f98cc-7b6a-4f79-92fc-6e5418563d5e,TLA,TLA401,TLA401,A00
fbca2e29-134b-489d-9245-dc4d7d48ea88,TLA,TLA401,TLA401,A01
654b8934-7e96-4f91-9036-a1caf6bd1ee7,TLA,TLA401,TLA401,D01
b4b85765-cc23-43b3-8ded-1877a44e5b12,TLA,TLA401,TLA401,D07
eb22045a-7162-453d-a83e-9ac53b4be319,TLA,TLA402,TLA402,A00
e3cd810b-0fcd-449d-9cd8-03383b02e771,TLA,TLA402,TLA402,A01
43370a25-9803-4bb8-83ab-6efa095bc3b7,TLA,TLA402,TLA402,D01
0db416b5-b391-4433-bfa2-583d69a183dc,TLA,TLA402,TLA402,D07
caf0eb54-7b76-488b-983f-965cf5653912,TLA,TLA403,TLA403,A00
3b057e61-6f06-4166-a4da-5cbbcdde7c50,TLA,TLA403,TLA403,A01
769b432d-ce5a-4602-8885-6289a4faa89f,TLA,TLA403,TLA403,D01
8e2f7ba8-a8b1-47ad-a079-ab0669661bf8,TLA,TLA403,TLA403,D07
b908e13c-3fd8-456a-aef3-d6d7d0990bbe,TLA,TLA404,TLA404,A00
6afa5eb6-4326-4262-a3df-718452011f2c,TLA,TLA404,TLA404,A01
c1b212e5-3f40-4782-b6a8-183f1c846f10,TLA,TLA404,TLA404,D01
18126c4e-312c-4057-a1d8-aa049c2984c1,TLA,TLA404,TLA404,D07
c483a767-028a-4b0f-bf6d-8d1009046ffd,TLA,TLA405,TLA405,A00
5d6f02ea-fecf-4e14-b2e9-3895d50e8e3a,TLA,TLA405,TLA405,A01
925137f9-4018-458a-b93d-2545ee05e60d,TLA,TLA405,TLA405,D01
b30c1bfd-6dc8-48f4-a8c9-51a337053a74,TLA,TLA405,TLA405,D07
425c3335-e67f-4df3-b929-b181cdf542c9,TLA,TLA406,TLA406,A00
fc5cb4ab-0bc3-4c49-8b71-99c6fcb561a9,TLA,TLA406,TLA406,A01
3d652ea9-58f8-4df9-8fef-d9611afff153,TLA,TLA406,TLA406,D01
abb42872-2d39-4652-b3e6-81a6c2376705,TLA,TLA406,TLA406,D07
96054e81-5b93-462e-96ca-e67235ec48fb,TLA,TLA407,TLA407,A00
de7833ee-8c07-4b79-b45c-979484bb065e,TLA,TLA407,TLA407,A01
2d50939a-babf-494d-a97e-530f0b2f07f4,TLA,TLA407,TLA407,D01
3aa661cb-fb94-4d0a-acef-c70042b771f5,TLA,TLA407,TLA407,D07
aa4a95b2-561e-42a5-bd3e-c07cbaf9b414,TLA,TLA127,TLA127,A00
ca3a77d9-1ad3-4971-ad0a-c0a892962947,TLA,TLA127,TLA127,A01
29351a64-4682-4ce1-9682-bad579a1351a,TLA,TLA127,TLA127,D01
1040622c-4a64-42d6-af60-de6c95c29471,TLA,TLA127,TLA127,D07
4e5d38b6-8942-42a3-906d-86b4172f4188,TLA,TLA128,TLA128,A00
435eeebd-94e6-40f7-9146-a06506ab7a60,TLA,TLA128,TLA128,A01
730b90be-0351-49cd-8931-e33a9434bf63,TLA,TLA128,TLA128,D01
3ad53a39-472d-48ce-82d1-76c856d05c01,TLA,TLA128,TLA128,D07
7ebea3a3-3f96-4013-b29c-12ad900c6d7f,TLA,TLA301,TLA301,A00
c4dfe0b2-056a-4039-8d8d-f6c1dc04ae07,TLA,TLA301,TLA301,A01
48169e78-4411-42ba-8bb4-f9ac87454958,TLA,TLA301,TLA301,C00
38471301-5f53-4933-a9e1-6b7197a9e30e,TLA,TLA301,TLA301,D01
56ce5205-3b8f-4b28-8c9a-2d79dd81dc6d,TLA,TLA408,TLA408,A00
88db07d7-4221-4637-9a22-763dd4559d3a,TLA,TLA408,TLA408,A01
9cab4047-e97e-4ddd-82cf-229ce05f21f6,TLA,TLA408,TLA408,D01
f66bc5e7-f570-4985-9993-a22a219815cf,TLA,TLA408,TLA408,D07
ec898f01-a90a-438b-8b22-566740b298ee,TLA,TLA409,TLA409,A00
e1ec6c26-a7eb-4cbc-9b5e-867aaed57d3e,TLA,TLA409,TLA409,A01
b3f16483-2a76-4c26-bfb0-5bd39accbc49,TLA,TLA409,TLA409,D01
5dbfb4e6-68af-4bb8-ac3f-026a8d488f09,TLA,TLA409,TLA409,D07
0ad9bc0f-1b6d-41d7-9c31-a18ebb6fc44c,TLA,TLA410,TLA410,A00
6e626667-2897-43ce-90c6-547c68d1d47b,TLA,TLA410,TLA410,A01
7f7792f6-7cf7-455d-91f6-ea4638d2f398,TLA,TLA410,TLA410,D01
bcc2cb12-c6af-4ad9-adf1-470e8e5a1697,TLA,TLA410,TLA410,D07
80c0544e-01bb-46f7-a30e-bb79831bd905,TLA,TLA204,TLA204,A01
339cbf43-c7bb-4124-a6f2-7ceda15be2d6,TLA,TLA204,TLA204,D01
149b657e-f98e-44f7-96c6-5dc518dd8470,TLA,TLA204,TLA204,D04
aba4e35b-64b8-465a-9d30-3b552c81cada,TLA,TLA204,TLA204,D07
ebb0a5c0-ef6b-4623-bc1b-932f84650401,TLA,TLA302,TLA302,A00
2c0767b1-ef70-4be0-b749-79ccf9403ba1,TLA,TLA302,TLA302,A01
8129d99e-6b2e-481a-bc0f-483ded2db198,TLA,TLA302,TLA302,C00
9de12338-6a37-47f5-b23b-6642ff78a5ab,TLA,TLA302,TLA302,D01
697e10cf-5379-48ed-b324-6e8258cf82e0,TLA,TLA109,TLA109,D07
fdc317dc-f453-46ef-a20f-ee236b827bda,TLA,TLA118,TLA118,C02
097b53c0-4206-44a6-a8b5-ddd8442a2a2d,TLA,TLA202,TLA202,A00
8e9c3fec-fdcf-4ff4-92b0-99fa1eb4bcea,TLA,TLA202,TLA202,A01
251935d2-4f28-4fa2-aaf7-1c57850741ca,TLA,TLA202,TLA202,D01
f5c5d686-35d3-47da-b1f5-e3279f8bf70b,TLA,TLA202,TLA202,D07
140977ca-d2ba-40e2-b105-2f14013694f4,TLA,TLA406,TLA406,D09
b06ca576-162e-40bb-8920-fc13a1a7dd3c,TLA,TLA406,TLA406,D10
fef336bf-6b35-447b-a8aa-2c6dcffa83d0,TLA,TLA101,TLA101,C01
46f3c2e9-8c55-4745-bb61-df615dc8b427,TLA,TLA101,TLA101,C02
aa389e4a-f7e1-4e93-86f7-0423507f3e2a,TLA,TLA101,TLA101,X02
cc4d6357-0129-409c-8682-d1dfb21a8049,TLA,TLA101,TLA101,X06
4460f607-c79e-43be-8574-c786208c5562,TLA,TLA102,TLA102,C01
52f65172-0e8c-41c6-83c6-df0001f4ea98,TLA,TLA102,TLA102,C02
df500fe4-301e-4347-845e-30b3c2239897,TLA,TLA102,TLA102,X02
93e04910-b7f4-4765-8dcd-9abaa01b651f,TLA,TLA102,TLA102,X06
f23f1a05-e387-4b91-af8e-ce56dc7c60f9,TLA,TLA103,TLA103,C01
cd258e97-d39c-4d44-b2db-f66835e7ce10,TLA,TLA103,TLA103,C02
a3288bd4-a959-4cef-ac14-766f79cc06de,TLA,TLA103,TLA103,X02
71435b96-4646-4dfd-8a1d-a2c64f619489,TLA,TLA103,TLA103,X06
cfd97085-4baf-4902-ab62-cb6986272aaf,TLA,TLA104,TLA104,C01
509a5db6-b026-4ac2-8f60-e54d1ae87957,TLA,TLA104,TLA104,C02
cab01e31-4af5-49e9-be01-43b2bc17b900,TLA,TLA104,TLA104,X02
7e287218-5e2d-4d33-a443-c4253d918e4f,TLA,TLA104,TLA104,X06
77f18ab4-e414-4775-aa36-2268bc69b8ef,TLA,TLA105,TLA105,C01
3cd11583-e0e8-4cdf-b3ce-62f3d6979163,TLA,TLA105,TLA105,X02
51d0ecb8-233f-495d-846d-55ff86ea8610,TLA,TLA105,TLA105,X06
5d8011ee-db19-4319-99e3-45502d3387b4,TLA,TLA105,TLA105,X26
eb883eac-5537-4a29-9764-8391b514f77f,TLA,TLA106,TLA106,C01
968677d0-a8d8-4764-8d55-b2f05b7c443f,TLA,TLA106,TLA106,X02
1fb1d4ac-d2ca-4f73-98ee-07f653c6794d,TLA,TLA106,TLA106,X06
f7076ed3-7fbf-4687-af71-223a7bc4ec6b,TLA,TLA106,TLA106,X26
ca859274-4e97-4b42-8871-5488010f14f7,TLA,TLA107,TLA107,C01
e93c33d9-08a0-4189-b4dd-15b3c3c90ce7,TLA,TLA107,TLA107,C02
83c38abd-08e4-4cf3-ace6-fd3b794872d8,TLA,TLA107,TLA107,X02
ec3b8e54-a7cf-4a86-b379-0e5b8caa6599,TLA,TLA107,TLA107,X06
aaecd9c8-f740-4f6f-871f-8c47123025b4,TLA,TLA109,TLA109,C01
dcf79a2b-03a3-4707-ba2d-4512660fc99f,TLA,TLA109,TLA109,C02
5702ad93-7b88-456d-9c23-6533774547d1,TLA,TLA109,TLA109,X02
fdf9468d-b613-4e11-8292-91f611cc7d1a,TLA,TLA109,TLA109,X10
0861fe23-e9c8-42a9-8918-301f8be710e8,TLA,TLA110,TLA110,C01
5b56d7b9-d2a6-46e5-8751-ce51c6f20cde,TLA,TLA110,TLA110,C02
9fba2dfe-3c5b-4bc8-99f9-1c1717d2584b,TLA,TLA110,TLA110,X02
e6634545-6d4e-44c5-a8aa-689924af6bdd,TLA,TLA110,TLA110,X06
5a8926b4-f090-4e5b-b5cf-c48427bfee4b,TLA,TLA111,TLA111,C01
1dc5a2cb-c7d4-4bfb-820d-47a24f780fb7,TLA,TLA111,TLA111,C02
c76cf891-fc63-4745-8b2c-671c4dff4ff7,TLA,TLA111,TLA111,X02
e9ad7e5d-acd9-43bb-9c80-09d5098030cf,TLA,TLA111,TLA111,X06
26a59d9a-bf2f-4cc1-9c76-0dc9c8e67589,TLA,TLA112,TLA112,C01
7f4f8730-bf71-4a16-9d82-00f7db0e0365,TLA,TLA112,TLA112,X02
2976f422-f1ba-4071-9a0a-c411a20301a4,TLA,TLA112,TLA112,X06
b242f545-c0af-42ae-8d62-ef0b228e85ad,TLA,TLA112,TLA112,X26
9b7eee9e-6e2c-4785-aada-6d6607bfef80,TLA,TLA113,TLA113,C01
85601b0d-0c23-4f19-938b-b2f9c89407b0,TLA,TLA113,TLA113,C02
6799bf22-a4e9-434c-ac25-894b488d15fe,TLA,TLA113,TLA113,X02
e00f1b06-a3b0-49b8-9806-db8628e9a125,TLA,TLA113,TLA113,X06
de0c7b67-c32e-4400-8ba7-eed1fbfb63b2,TLA,TLA114,TLA114,C01
f519ec08-1e23-44dd-a10e-a3dbc5ef725a,TLA,TLA114,TLA114,C02
4c7fbcf8-0a97-4ab9-990b-7a0316dd5977,TLA,TLA114,TLA114,X02
c877746b-b662-4e8a-a4ae-d2eeedfc6e16,TLA,TLA114,TLA114,X06
ad23e18b-c3eb-4309-8ff7-e9e88cd95090,TLA,TLA116,TLA116,C01
e0fc092b-f3c0-43f4-9103-9f17310601ad,TLA,TLA116,TLA116,X02
4ebd1c16-2e95-4652-91c4-e7e6080f1c6b,TLA,TLA116,TLA116,X06
ec29fa1d-dca0-4b0d-82d8-30373dd7b666,TLA,TLA116,TLA116,X26
25cfb0fa-3547-4bc2-af16-5a1956c3a148,TLA,TLA117,TLA117,C01
f81642e4-b72f-457a-b903-232c0cdae91c,TLA,TLA117,TLA117,X02
1e63fc30-931e-411f-9aee-34a39fd4f933,TLA,TLA117,TLA117,X06
e2e018b4-6e2e-4ad8-8a6d-c822de9d4c5a,TLA,TLA117,TLA117,X26
f25dd7a6-09ab-477e-b134-264a4d0a5f8a,TLA,TLA118,TLA118,C05
45aff537-bf0d-4944-b6ec-be2cc19eda3e,TLA,TLA118,TLA118,X09
2084f354-4dd3-428a-b6e4-030443d07b69,TLA,TLA118,TLA118,X10
73dde357-ba1e-49d7-b592-bb72ecd1b62e,TLA,TLA119,TLA119,B01
970cf9bb-af95-4aa2-a75b-1e668fff81d3,TLA,TLA119,TLA119,B02
b6fec46e-dafb-4080-84b1-f09b4b21775b,TLA,TLA119,TLA119,B03
da042b52-203f-47a1-bff1-49865a38ade7,TLA,TLA119,TLA119,X13
83874ac9-6b6d-4ae8-9799-bdbda2b33a7d,TLA,TLA119,TLA119,X14
ca673028-dbfe-4285-a881-b15df5cea51a,TLA,TLA120,TLA120,C01
40d22206-284f-4402-a17d-bde54fa679d6,TLA,TLA120,TLA120,X02
423bb6f1-7671-485a-9826-e0f5d5258d6f,TLA,TLA120,TLA120,X06
9d5e4705-9484-4ac2-ac56-670ab9b3f68e,TLA,TLA120,TLA120,X26
7bd35d2f-99da-4a19-a5e5-da065ba08065,TLA,TLA121,TLA121,C01
06b616c5-f1d6-4f64-9413-09e93f830b02,TLA,TLA121,TLA121,X02
c1b234c8-9274-46a1-9ca0-091c3ade8a3e,TLA,TLA121,TLA121,X06
9c5f7764-5710-4a50-8673-1ddae4c19f7e,TLA,TLA121,TLA121,X26
c7455e7b-54ca-44ab-9dc1-091c88930894,TLA,TLA122,TLA122,A00
effcaf75-5ee7-425c-b93b-5673764477b7,TLA,TLA122,TLA122,A01
cc1612a6-953a-4854-93d2-46e504d315f1,TLA,TLA122,TLA122,C01
165d3919-0841-49c2-a628-4e479fe4aaed,TLA,TLA122,TLA122,D01
7f6f3540-0cca-4adb-b392-42737bdde9aa,TLA,TLA122,TLA122,D07
78853fcb-5570-4a4a-be09-e8d69614a244,TLA,TLA122,TLA122,X02
630729da-4b4b-4135-ab72-8bf599b28264,TLA,TLA122,TLA122,X06
531edd79-89ea-4e50-8735-964433729cc4,TLA,TLA122,TLA122,X26
75492d8f-b112-4a25-8e92-20d9c86e3470,TLA,TLA123,TLA123,C01
1cc4b988-45aa-44d6-ba8c-3579f9b96e43,TLA,TLA123,TLA123,X02
6ab9de95-03d4-470c-b83d-2a68af1306b2,TLA,TLA123,TLA123,X06
4d1d085e-de99-4487-8b7f-8520ac0d7462,TLA,TLA123,TLA123,X26
dd002497-1407-4857-baac-29bfca99aea3,TLA,TLA124,TLA124,C01
5d7630da-f339-464f-879b-1c54d6aa3c8b,TLA,TLA124,TLA124,X02
105125c8-d888-4a87-9724-0ed20569c560,TLA,TLA124,TLA124,X06
87aaa4e0-8803-428b-9535-32532424d28d,TLA,TLA124,TLA124,X26
f103ad1c-05d9-4e71-a189-b5b17afb9b30,TLA,TLA126,TLA126,C01
befff1ee-6be8-426d-aaba-649b38eb7f73,TLA,TLA126,TLA126,X02
06797570-67a2-456c-b297-2c967ceb3b44,TLA,TLA126,TLA126,X06
f65880dd-38c4-474c-a5f0-4de7b30674bc,TLA,TLA126,TLA126,X26
89bf73b0-85e5-42bd-8757-68a460791f8d,TLA,TLA127,TLA127,C01
d9308021-99cc-42e9-a4be-b6854cf5b136,TLA,TLA127,TLA127,X02
2175dc62-06e3-48e0-8164-82668ac2f57f,TLA,TLA127,TLA127,X06
16efbd68-8fb0-4326-9bd9-0b6c9d68e6cd,TLA,TLA127,TLA127,X26
4ad57c21-4e1d-46c6-a3c1-526290f149ad,TLA,TLA128,TLA128,C01
439f85aa-ce93-49dc-a0da-80fcc6898eb4,TLA,TLA128,TLA128,X02
cf1e988f-36b1-4592-9720-0b2e6999daa7,TLA,TLA128,TLA128,X06
6c179c7c-81db-4b78-8efd-d3baac2854ea,TLA,TLA128,TLA128,X26
15212416-eb9a-4a17-8a5e-aee2c4921bae,TLA,TLA201,TLA201,C01
7477b575-d7de-4ad9-a56d-41415bcdfd7c,TLA,TLA201,TLA201,X02
1b50d534-c714-4a5c-b5a8-52b0b1b0d77e,TLA,TLA201,TLA201,X26
cc07285d-55a4-4c11-9854-efba1dc14649,TLA,TLA202,TLA202,C01
dab1ef55-47c8-4498-97d2-301396687cf6,TLA,TLA202,TLA202,X02
f378ca1c-73d9-48e1-b2e9-d1901be0e96e,TLA,TLA202,TLA202,X26
9c9d4929-7f5d-4dc0-9ab8-5a23085bc34a,TLA,TLA203,TLA203,D09
f3cb8a2e-bd2b-46c9-a66c-7318628a1e94,TLA,TLA203,TLA203,D10
4792ee85-4a32-446c-8195-01374cb7c6a6,TLA,TLA203,TLA203,D14
7449c31b-530a-418c-a251-f534a45b30aa,TLA,TLA203,TLA203,D15
9e6a2c49-ce3e-456c-845d-89136ba99c0c,TLA,TLA204,TLA204,D45
c22578ad-ea7a-4e21-a4e9-4b639fcbc36d,TLA,TLA204,TLA204,D55
2fc224f7-bc65-40db-939f-a0889bc4b461,TLA,TLA204,TLA204,D63
3ea83a27-67f7-4855-aef0-d6eb07295f75,TLA,TLA204,TLA204,X37
7af113ed-80f9-4673-967e-d03e3cc6ca06,TLA,TLA301,TLA301,C03
00095254-dd09-4b4d-8e4d-c3b3c43caa80,TLA,TLA301,TLA301,C04
d2e30f68-876f-48de-8171-d41944dacc39,TLA,TLA301,TLA301,D14
23a0deee-9e8e-495b-bf66-7f58dd926d65,TLA,TLA301,TLA301,D15
b709d8a6-5baa-4c97-a5e0-b1d84dc49bf3,TLA,TLA301,TLA301,X01
b89eda61-1853-4ec2-88cf-e7447ba4d0aa,TLA,TLA302,TLA302,C03
0740eec7-16e3-4991-bd15-839feaa1fa50,TLA,TLA302,TLA302,C04
7eaf4965-1faf-488b-a9ba-d863a248bd3a,TLA,TLA302,TLA302,D14
ef781567-e9b0-4558-b8bf-cc1abcbc0946,TLA,TLA302,TLA302,D15
3aabcc6f-f3e1-497e-a819-4eeb681aea4b,TLA,TLA302,TLA302,X01
a1f544ae-2f20-46c7-9911-17a7900821eb,TLA,TLA401,TLA401,C01
da1cfb04-0e50-4b6a-a9b6-b650bb96773d,TLA,TLA401,TLA401,X02
616ed095-e833-4af6-be1d-ecda25545916,TLA,TLA401,TLA401,X26
262ab8c1-317a-4a13-9eae-d95e787139e2,TLA,TLA402,TLA402,C01
30da7bd6-59b4-41f1-967c-c3b5a39c720f,TLA,TLA402,TLA402,X02
0d45f8b0-c9ec-42f1-b5b6-9a70ca308e86,TLA,TLA402,TLA402,X26
f1caec8a-527d-4d87-8b51-8b4959ffde75,TLA,TLA403,TLA403,C01
794921bf-f5aa-41b1-ae05-d9c756dbc434,TLA,TLA403,TLA403,X02
a903a55c-ce77-40d1-9c20-fd2ba7f1965a,TLA,TLA403,TLA403,X26
61869d0d-8e02-4712-badc-8fa4b03e3635,TLA,TLA404,TLA404,C01
ae5dca7d-bad0-4968-993a-043cca510b07,TLA,TLA404,TLA404,X02
ddcf65f5-f721-492e-a97a-918cbf9f2575,TLA,TLA404,TLA404,X26
4296b602-83bd-4545-a6c0-8fc258972fd9,TLA,TLA405,TLA405,C01
6a109788-57b8-4e5f-b0df-4853ea1b438b,TLA,TLA405,TLA405,X02
aebceeea-4e41-45b8-9308-13587d2911fc,TLA,TLA405,TLA405,X26
c7091fea-25e1-4a3f-bd50-6911fdf6ac0f,TLA,TLA407,TLA407,C01
c29a4949-2a10-4193-8e16-d35ac40fee18,TLA,TLA407,TLA407,X02
dce323bb-c9d4-48eb-a310-c1079c0e1aa0,TLA,TLA407,TLA407,X26
aa4dbcbc-ce9e-481a-b5f9-b97606c5f0c6,TLA,TLA408,TLA408,C01
68efec02-b8af-49ec-a75a-434f7a299664,TLA,TLA408,TLA408,X02
14260d58-27ee-452f-96a6-78e0bc805351,TLA,TLA408,TLA408,X26
25e05de3-a7b3-456a-939a-b4a3727d7ec2,TLA,TLA409,TLA409,C01
e80546bc-306e-4c88-9fbb-ab795584d267,TLA,TLA409,TLA409,X02
87e5ad05-59bc-4f9a-85f6-770c7a06b760,TLA,TLA409,TLA409,X26
2a6c6616-dada-4a9d-8a65-9950f4ad3c9b,TLA,TLA410,TLA410,C01
dfa9ac96-cd35-4fed-8adf-3e5df2d43b99,TLA,TLA410,TLA410,X02
8bd74ea6-2add-464b-841b-b791b73a2332,TLA,TLA410,TLA410,X26
b8b3076a-3ef2-41cb-bcaa-2a4800e38afb,TLA,TLA411,TLA411,A00
21a227f7-4ee6-4a27-b48f-436b255e89d7,TLA,TLA411,TLA411,A01
557f889e-9e55-4dfb-86ee-d2ed1cf3f9f8,TLA,TLA411,TLA411,C01
009612b0-1962-4e16-82d1-ccf4002a0ee9,TLA,TLA411,TLA411,D01
22b7b0de-0fec-417d-a174-05779aba8fda,TLA,TLA411,TLA411,D07
4b4c7fa6-23f5-446c-adb9-fcbc40a3ac65,TLA,TLA411,TLA411,X02
feebc250-b6e6-4467-8e3e-e2ad33f59e68,TLA,TLA411,TLA411,X26
a067ba13-1884-46bd-8a18-0f86d7c9cf10,TLA,TLA412,TLA412,A00
85d401ed-f181-41dd-8336-00acbe49a2b7,TLA,TLA412,TLA412,A01
0c80f9c5-9793-49bc-9c45-2956e37f0f39,TLA,TLA412,TLA412,C01
d0d10b0e-eadb-4e16-a924-6664dc6854f9,TLA,TLA412,TLA412,D01
438f4715-7670-4720-bb17-c619b4fad878,TLA,TLA412,TLA412,D07
58cdac90-1ccf-4c62-bf8e-6ddd1f90eb84,TLA,TLA412,TLA412,X02
39bbc431-f97f-4269-a0c0-146ed5c14234,TLA,TLA412,TLA412,X26
53c448dd-ec03-4f05-8fa2-2e8fddd38782,TLA,TLA302,TLA302,D02
091f3c30-7cf1-49a0-bbab-8edb730dede2,TLA,TLA105,TLA105,K00
9871b175-ae02-43c3-9ba1-25a3aec80580,TLA,TLA106,TLA106,K00
74f4d450-ec69-4a98-aa99-63a27ee94a92,TLA,TLA109,TLA109,K00
c00921ae-f627-43d6-a2b8-396974415de4,TLA,TLA112,TLA112,K00
bc7d6f1d-d85d-4b2e-ad3d-3f1047d79353,TLA,TLA116,TLA116,K00
e4ff0456-2d64-4694-bae9-c26b4adc2fc7,TLA,TLA117,TLA117,K00
4e4faa38-5bbc-414b-843b-4bf0cd915ebb,TLA,TLA118,TLA118,K00
ea24fef5-5738-48a2-8539-2aa2f4e9e1b3,TLA,TLA119,TLA119,K00
b170baf7-443e-4126-aa38-5c5f26b63c63,TLA,TLA120,TLA120,K00
a8465800-8e15-4a21-a45e-42028f993f99,TLA,TLA121,TLA121,K00
9ce1d86e-df27-492b-a48e-d6e085a4a27a,TLA,TLA122,TLA122,K00
9bc22fab-039b-4588-97dc-72e4aad61499,TLA,TLA123,TLA123,K00
4b5bf1d9-5e7b-41f1-8909-ccfec6013964,TLA,TLA124,TLA124,K00
5f741d7c-019d-4695-b077-9ca49c15c564,TLA,TLA126,TLA126,K00
62a3fe7c-43d7-4f46-93aa-e7d1f2096cba,TLA,TLA127,TLA127,K00
c64f71a5-a247-4c3d-9b5a-19dcc053eea2,TLA,TLA128,TLA128,K00
5053a429-7522-453c-83ea-0eaee86e58cf,TLA,TLA203,TLA203,K00
51412045-b742-48e0-92be-44a5b26d879d,MHN,7210402,7210402,H00
08fdefe2-0919-41a5-b136-74cfbc6bfa30,MHN,7210402,7210402,H01
711f90fe-cc20-4a4b-aac3-e3902f3e32c7,MHN,7210402,7210402,H06
dbd9019c-c841-4ee3-bfd6-027cc7eae1d2,MHN,7220201,7220201,D01
5593a622-f9e7-488a-9072-fe4e7b829612,MHN,7220204,7220204,D01
8a197787-c5ce-442d-86ba-e59454de22f8,MHN,7220204,7220204,D04
eb21dce5-1a7e-4828-9a8f-79bade21f885,MHN,7340101,7340101,A00
3a6ce04f-9fe6-4ff9-9a09-8ba4889fb620,MHN,7340101,7340101,A01
f5eadf8c-eb4c-409a-9c22-4a0e1ffaa35a,MHN,7340101,7340101,D01
6f891bb2-95e1-460a-8da4-81632e9fa1da,MHN,7340101,7340101,X26
7370543d-c65f-48f0-bce3-c64010b4db79,MHN,7340122,7340122,A00
ea94704a-579f-4bf4-a6d6-8d330623f601,MHN,7340122,7340122,A01
fbb3f370-9e9a-4bad-a358-319fa90286af,MHN,7340122,7340122,D01
8808e1c7-d4e6-4d60-a2b7-3c2a0b5a2ad5,MHN,7340122,7340122,X26
5dca12d5-04ab-478e-9ba0-86c5469d9141,MHN,7340201,7340201,A00
3f21c43e-a4e6-42d7-ab38-eedc85756a9d,MHN,7340201,7340201,A01
b63c3922-2f45-4a31-8d11-0b350fa7ef61,MHN,7340201,7340201,D01
ea1d7126-9bd8-43e4-b339-55d11b847869,MHN,7340301,7340301,A00
3655d373-db0b-494e-8274-3fd244b999c4,MHN,7340301,7340301,A01
9178ed8b-801a-4075-be5c-b64c552a1ef3,MHN,7340301,7340301,D01
27509ce0-ef99-471b-b75e-3b5ff421bcf4,MHN,7340301,7340301,X26
2fba8c78-bcb4-487f-8581-ebdff9463206,MHN,7380101,7380101,C00
5c6cc878-9c3f-45bc-add7-8268bf761abb,MHN,7380101,7380101,C01
96f5159f-99ee-46c6-a20b-2aa1ef767e92,MHN,7380101,7380101,D01
9e02ab05-fd2f-4166-97d2-8e92dcd4dbfa,MHN,7380101,7380101,X01
b161e6cc-b615-4fc1-84c3-5c858dbedb53,MHN,7380107,7380107,C01
22120e6f-ec41-4bfc-9270-5d1da43fe962,MHN,7380107,7380107,C03
410dcee5-c093-46f9-bc17-cf75df6dd503,MHN,7380107,7380107,D01
1ded3379-d1b2-4aa1-93cd-436908384a48,MHN,7380107,7380107,X01
89ef777c-38e7-4ca6-9f97-8e1aa451dd08,MHN,7380108,7380108,C00
27b60ec0-512e-4e03-9c44-39677e971932,MHN,7380108,7380108,C01
dcc0c589-1412-4ca0-8e6b-ab431b8fa17c,MHN,7380108,7380108,D01
cdb9157a-daea-4ad2-aeba-504beb629fc6,MHN,7380108,7380108,X01
d24cbe95-5199-412c-a445-e7415d3cc13e,MHN,7420201,7420201,A00
ef984674-aaaf-44e1-98a9-1bad7ca7e207,MHN,7420201,7420201,B00
87228345-974c-4545-a0a4-5984ed689d51,MHN,7420201,7420201,D07
92cb9807-e03b-48e7-8b47-43d2fa4bbfd7,MHN,7480201,7480201,A00
e1d58394-3644-4a7d-a7e8-3b19b84f689f,MHN,7480201,7480201,A01
0c01bf26-ffac-465f-9d85-b0dc4ef72222,MHN,7480201,7480201,D01
5a1ff084-3636-4357-b6df-cd7b6296d06c,MHN,7510302,7510302,A00
fbdc28d5-43cb-40a5-ba53-6363b424852d,MHN,7510302,7510302,A01
d639f422-f908-4163-9fc0-c0d96ae6fbd0,MHN,7510302,7510302,D01
1dfe2d2c-43e5-476b-8dcc-725a7076bc82,MHN,7510302,7510302,X26
33bbc420-074e-4d04-8493-005119c3304a,MHN,7510303,7510303,A00
3ba59f20-75a3-44c1-adc4-66ca2f5ab3e7,MHN,7510303,7510303,A01
5881ad2e-b10e-40a4-aff1-7062bc225cc5,MHN,7510303,7510303,D01
cafe8ded-1cfe-482c-b4b2-6c4811f25bae,MHN,7510303,7510303,X26
67805bf2-d973-48a6-975d-9e469b3786fd,MHN,7540101,7540101,A00
5f0307f1-fc4e-4d05-b65a-0b29fb604b54,MHN,7540101,7540101,B00
3660a6c3-1fb6-4363-a766-38b05b2e1407,MHN,7540101,7540101,D07
73ab17b3-ef34-4cf2-bd28-9520816d5fb8,MHN,7810103,7810103,D01
aa0308ea-efff-4aa5-8775-f5fd2cfec71f,MHN,7810103,7810103,D09
62ee1908-937e-4195-aa5a-d0bebf713648,MHN,7810103,7810103,D10
5eefc99f-672c-4934-9cbb-1d173ad6e922,MHN,7810201,7810201,D01
a193d273-180f-4ef8-b51b-6ec34c0eeb6d,MHN,7810201,7810201,D09
68ed3c5b-91eb-46ef-9901-1bdf9c8da146,MHN,7810201,7810201,D10
f942476f-1a08-40db-93e3-793e4e9992c0,MHN,7380101_C00,7380101_C00,C00
6aa1533e-7848-44be-8c34-b307bf859c3e,MHN,7380101_C00,7380101_C00,C01
f18ef1ea-51b2-4d2c-aab5-0affd266d4be,MHN,7380101_C00,7380101_C00,D01
08965493-ed63-45b9-92a2-6a39fd45f216,MHN,7380101_C00,7380101_C00,X01
a911037a-0372-4ca0-90c9-92c8396f86a5,MHN,7380107_C00,7380107_C00,C01
1169a93e-203b-4ef2-b2a6-c2ba3da9f417,MHN,7380107_C00,7380107_C00,C03
0c1e814e-5f38-4ddb-82a7-c49174e01c26,MHN,7380107_C00,7380107_C00,D01
f265f596-929d-42b5-a17b-67dc0cbfca0b,MHN,7380107_C00,7380107_C00,X01
4883c77f-cb01-41fa-9ef0-e2f47952e893,MHN,7380108_C00,7380108_C00,C00
c3b6bc58-d2e2-4fc0-92ac-2b84d38195bd,MHN,7380108_C00,7380108_C00,C01
a2fcf80c-d31e-4647-9a79-df9f43c35c5b,MHN,7380108_C00,7380108_C00,D01
aa68521c-f014-423a-b0c6-b0f7ed851e01,MHN,7380108_C00,7380108_C00,X01
e06a6bdb-dcbb-4fbf-a9b2-5471dc8af5b5,MHN,7580101,7580101,V00
2793c614-f461-4eee-9ac0-3dee83a44759,MHN,7580101,7580101,V01
d6edd2a2-e7cf-4ec9-821a-8e7738004b25,MHN,7580101,7580101,V02
51b26046-3fac-4dbb-b0a1-f866a032c8ec,MHN,7210403,7210403,H00
9b7580aa-1654-47e1-a5c6-c403f5700b5a,MHN,7210403,7210403,H01
e6f861f2-46e0-469d-a2dc-42a402a5f698,MHN,7210403,7210403,H06
cc6ff96f-e27e-4391-9247-9620b2c6d25c,MHN,7210404,7210404,H00
19840b92-cac4-42ee-85f1-4079f9dbbd4d,MHN,7210404,7210404,H01
bae11d45-4e14-4b66-9b53-765a7fbe78c4,MHN,7210404,7210404,H06
8d520c35-00be-4cce-ba94-64ec38d02a66,MHN,7340204,7340204,A00
d431302f-3f6a-4e57-b474-362eacfd69c6,MHN,7340204,7340204,A01
aef96135-c2fc-4ef3-85c1-4534830feb4f,MHN,7340204,7340204,D01
9d75b9d1-d581-4566-9033-0752203cacc9,MHN,7580108,7580108,H00
47a7f645-8d2c-41d0-9a35-94e684ae8325,MHN,7580108,7580108,H01
19455f3b-7917-4819-aae8-cd58d40bf4f1,MHN,7580108,7580108,H06
4af7fff9-e704-4fd3-b924-4fdc1d392cba,MHN,7420201,7420201,A01
cf30dbf7-db78-4184-b414-cb7473d4df88,MHN,7480201,7480201,X26
fc768eb1-a7e6-4ce0-8875-79627c09164d,MHN,7540101,7540101,A01
3a345371-cb2a-4057-9463-fc5127fc40a0,MHN,7480201,7480201,Q00
77b07571-828b-439f-bb96-6aacee0c4f1c,MHN,7420201,7420201,Q00
ffc168fc-4cc4-40f1-8ecd-6bd4db3ef755,MHN,7540101,7540101,Q00
b96b4cde-4165-410b-996a-c3a12e1d5f24,MHN,7220201,7220201,Q00
a1c3dc89-404f-46c3-8b09-26aab268b9f5,MHN,7420201,7420201,K00
f8443140-24bc-4657-8f6f-892d1755b354,MHN,7480201,7480201,K00
a71300b0-f22d-48e8-ac51-0cb2a8bd5ab5,MHN,7540101,7540101,K00
76f70266-f804-40a9-bf2d-ed0ccc29f1c9,SPH,7140114C,7140114C,C03
596e570c-724a-442c-bd93-896c65f8b3d2,SPH,7140114C,7140114C,D01
d4331523-8be4-4093-84e3-c4fedeb69a05,SPH,7140114C,7140114C,X01
d11fef69-4849-424b-9b1a-b66029f80ce7,SPH,7140114D,7140114D,C03
650ddc5a-b982-48c3-88b0-c6c6dc1b3bcf,SPH,7140114D,7140114D,D01
5756ce15-190a-404b-bbd3-65c3bce3f307,SPH,7140114D,7140114D,X01
fb649e43-d8cb-41c4-8c8b-cf30dfae48c5,SPH,7140201A,7140201A,M00
cd2eb48d-5efa-428d-a7b1-e60ccc919636,SPH,7140201B,7140201B,M00
8470c5ff-5904-45c1-890a-4d7b5e11dc4e,SPH,7140201C,7140201C,M00
534ac001-d848-4131-9261-4264832b145f,SPH,7140202A,7140202A,D01
cbef04bc-c56e-4783-a62d-400f8383c273,SPH,7140202D,7140202D,D01
146b65c0-8221-41dc-b2ba-528b249777b3,SPH,7140203C,7140203C,C00
0edd9145-20ca-4e78-9168-2dc66c893fc3,SPH,7140203C,7140203C,D01
05078c88-4ca0-45cf-a6ef-f63f1d079f50,SPH,7140203D,7140203D,C00
2163d13d-ec91-4477-9c2b-0ebaeb8032fd,SPH,7140203D,7140203D,D01
3ecfe7c8-2990-491a-aefb-f97131ff4772,SPH,7140204B,7140204B,C19
d82ec01b-0629-4a33-8d7c-12172a537065,SPH,7140204C,7140204C,C20
6894d559-1fbd-46cf-b839-3009b94d7991,SPH,7140205B,7140205B,C19
fc9a2098-17b7-42da-8dd1-a994aa35ea4f,SPH,7140205C,7140205C,C20
fc3136a9-8998-4b63-a276-ecf3e123cea8,SPH,7140208C,7140208C,C03
6ee9e615-70b3-4ba7-b467-8611b5af240f,SPH,7140208C,7140208C,C04
c8fe1171-1c7d-4bbd-ba53-df62d6c62b2c,SPH,7140208D,7140208D,C03
ad7cf60e-4f74-475d-b7cc-2dcaecd27771,SPH,7140208D,7140208D,C04
6e24de1a-91d5-4e21-9edb-de6e75aba654,SPH,7140209A,7140209A,A00
07ebbb99-8eab-43b5-a0c6-26ea7fb5d7cb,SPH,7140209A,7140209A,A01
16e16cc3-74cf-4f33-aadf-cea6bbc7edcc,SPH,7140209B,7140209B,A00
2dc24995-6562-4f71-a57c-90129dcd98aa,SPH,7140209B,7140209B,A01
d54878d1-666c-493d-8086-0acbad5d9d5c,SPH,7140209D,7140209D,A00
f05cf3c7-c4ef-4ec0-adcb-ae81f3a0228f,SPH,7140209D,7140209D,A01
85eec3bb-a91f-42f4-b56f-56108c1cc888,SPH,7140210A,7140210A,A01
b125aceb-8003-4e8f-aff2-5f27541ccf3e,SPH,7140210A,7140210A,X06
1a86b9cf-5a2c-4977-b934-a04f92e78233,SPH,7140210B,7140210B,A01
5d48bfc8-cc65-4b9e-8e47-be4cf80ef44b,SPH,7140210B,7140210B,X06
7ee20348-8bf7-4235-a418-028b3cdf36e8,SPH,7140211A,7140211A,A00
399c0293-bf4f-4499-8413-69fbaf67569d,SPH,7140211A,7140211A,A01
1670db92-5e55-4e91-83f2-0c88f8fdd1f0,SPH,7140211B,7140211B,A00
03685e88-f8f6-4f52-bc53-84dff73d3c86,SPH,7140211B,7140211B,A01
1456332a-c776-4e26-94ec-5ba67d797c9c,SPH,7140211C,7140211C,A00
e270b4fe-07fe-4664-bfc0-60d9ce5d3e67,SPH,7140211C,7140211C,A01
f9c1c844-06ea-44f3-90a7-6273bb180203,SPH,7140211D,7140211D,A00
30d9c235-245f-4e49-9cbf-c0c9ecb0ee86,SPH,7140211D,7140211D,A01
daabf33b-aedd-4ff5-9a2e-587f5eddb91f,SPH,7140212A,7140212A,A00
ad2c4d31-e277-4163-8c57-d3a1d63dd1de,SPH,7140212A,7140212A,B00
55ef01d4-88eb-4d64-a306-805a40487288,SPH,7140212B,7140212B,A00
ea9d361f-1b0a-4aa9-ae4a-608ff29ef32e,SPH,7140212B,7140212B,B00
9faa871a-ccb7-46e8-84e4-a75f3a8264c8,SPH,7140212C,7140212C,A00
45c7fd75-d0e0-4d80-8ce8-41066df56590,SPH,7140212C,7140212C,B00
577ad82d-1ec4-41cd-b1d9-4ce41b96a813,SPH,7140213B,7140213B,B00
3ef8909b-00ab-4a5b-8b41-ca2b502954fb,SPH,7140213B,7140213B,D08
758a0754-2c8b-4c23-8f9e-056d59a516b9,SPH,7140213D,7140213D,B00
f9a3f1b4-a764-478a-a432-767e13c53acc,SPH,7140213D,7140213D,D08
180913ab-33d8-4d9a-9b7c-f12efb806034,SPH,7140217C,7140217C,C00
5ef75e02-c306-4e82-bd81-846a4b6f083f,SPH,7140217C,7140217C,D01
24692b8f-5621-43a4-be2f-bb2224c9453d,SPH,7140217D,7140217D,C00
c2714cb8-d6d5-45fc-ab78-b9add03736ec,SPH,7140217D,7140217D,D01
6c2338bc-6655-4b02-9137-176420d4e965,SPH,7140218C,7140218C,C00
48e10250-f1fa-4b34-ba08-ea51eda459be,SPH,7140218C,7140218C,D14
3bc0e353-ebbd-4d6b-8878-4484a02e2dc2,SPH,7140218D,7140218D,C00
0868ef12-55b8-4f41-91fa-615c2e0fe474,SPH,7140218D,7140218D,D14
754235a4-86a0-47be-966f-95f882cf0024,SPH,7140219B,7140219B,C00
3fc82977-fc72-4b28-9059-a1ad4b53d13e,SPH,7140219B,7140219B,C04
fdfd8542-fdc2-41b3-8e7b-e028cc8755fc,SPH,7140219C,7140219C,C00
84323c31-61db-4c2b-b964-dbea8aef926b,SPH,7140219C,7140219C,C04
25afe992-35a3-40dc-9170-c095cf20fcef,SPH,7140231,7140231,D01
719af3b5-e247-4646-9690-4d11d4c0cce4,SPH,7140233C,7140233C,D01
611deea5-6def-4b8f-896c-1170619817a0,SPH,7140233D,7140233D,D01
127347ab-2e30-4e61-895e-9bfc53b9f7d7,SPH,7140246A,7140246A,A00
664be92d-4577-402b-b1d4-2cebcbcdf4f7,SPH,7140246A,7140246A,A01
ec7de46d-f29f-4da7-ac44-1f0fd47c8c89,SPH,7140246A,7140246A,X07
08e1186b-8a4b-4b68-a43e-96daaf9da65d,SPH,7140246A,7140246A,X08
6c7792d8-e510-44c6-b04b-d3cf5e6f067b,SPH,7140246C,7140246C,A00
42d10a4f-4304-4b16-a79f-9813b62d13a4,SPH,7140246C,7140246C,A01
3131def7-120e-4949-83ba-15707a8516db,SPH,7140246C,7140246C,X07
39050285-d359-40b3-8639-8c167e1d9695,SPH,7140246C,7140246C,X08
019d8ae2-9ae2-4bee-93b1-522f36824f6b,SPH,7220201,7220201,D01
de77b3cb-e229-4bb4-af71-7daf51be43e7,SPH,7229001B,7229001B,C00
3d1dd8b4-1a23-468c-9684-36ba6c0fe746,SPH,7229001B,7229001B,D14
356b9d38-e5e5-43b8-bcc8-b59755c0077b,SPH,7229001B,7229001B,X70
06dcd56a-452b-4b1f-a99a-962f8f6a2a44,SPH,7229001C,7229001C,C00
e8957df2-d43a-4c66-b91b-b7bd81f11f84,SPH,7229001C,7229001C,D14
fbcf6906-280b-483e-828e-c92c0d9cb45d,SPH,7229001C,7229001C,X70
49d7f27a-eec0-4829-be53-788ab0f63de1,SPH,7229030C,7229030C,C00
2c96a1ce-091f-4e9f-8e5c-cd36da51d1f4,SPH,7229030C,7229030C,D01
6cf4df1e-bd08-4aeb-b542-97dbddbbe564,SPH,7229030D,7229030D,C00
b4f24273-1e58-40bc-9474-36340baf37a3,SPH,7229030D,7229030D,D01
f5bf9414-e442-4931-97f4-9c30ebd1a766,SPH,7310201B,7310201B,C19
2b81a5de-594c-4913-8617-246ea9f379c2,SPH,7310201C,7310201C,D66
9c29635d-dab7-4570-8f0e-0a0eb4b0c864,SPH,7310201C,7310201C,D68
d930f7f5-9f4e-450f-b886-d8f3f15a58cd,SPH,7310201C,7310201C,D70
5bcf5b32-17ae-4891-b48c-3468384e53b9,SPH,7310401C,7310401C,C00
aa368252-3512-4346-a6e7-eaca8aa0b070,SPH,7310401C,7310401C,D01
1c403f8b-f4a5-498a-8704-66784f0bae5e,SPH,7310401D,7310401D,C00
1cb7a2d2-5af4-42b2-8705-a3f5dd4604c5,SPH,7310401D,7310401D,D01
f78d9cd1-2516-4068-8129-61da2a65c6dd,SPH,7310403C,7310403C,C00
a0d372ed-7d8f-4c95-9b22-5f193632d528,SPH,7310403C,7310403C,D01
79a906a3-2329-4e63-826f-6fe8d5c33616,SPH,7310403D,7310403D,C00
7120dd66-f727-4c04-97ab-3d06d56c607e,SPH,7310403D,7310403D,D01
c1963496-9b2f-4b3a-9042-c9664f27a3da,SPH,7310630C,7310630C,C00
dcdff3c1-6b30-4869-b9b1-52c3fb1e7dc2,SPH,7310630C,7310630C,D14
2c2d388c-b7e1-4905-af00-d822d1f7af49,SPH,7310630C,7310630C,X70
79d19d35-70c3-4e67-8c28-efd9f5450916,SPH,7310630D,7310630D,C00
fe6c3954-90bd-4a04-aa49-4d5561c86d6c,SPH,7310630D,7310630D,D14
15624949-dbb0-407a-bc53-2416a303d418,SPH,7310630D,7310630D,X70
16e94402-75e6-4536-a32f-3e45ee296fc2,SPH,7420101B,7420101B,B00
3f49608f-d11e-41ff-affa-f62fe0a8631d,SPH,7420101B,7420101B,B02
a90e98be-a408-4dd5-8113-582045158d43,SPH,7420101B,7420101B,B08
72802700-dde4-4218-bd2b-254c2817fcab,SPH,7420101B,7420101B,X16
3780f5da-aaf6-4c99-b756-4263f667e698,SPH,7420101D,7420101D,B00
45370c3c-802f-4f65-b5c1-3fe4ef92e9b3,SPH,7420101D,7420101D,B02
31c83d9d-c7e2-4cbb-9350-59cdf2f8db52,SPH,7420101D,7420101D,B08
161414e0-34ea-4ac5-a48a-fcae797d09d5,SPH,7420101D,7420101D,X16
fc46897b-e3d8-4ce6-9508-8cee38bd5f06,SPH,7440112A,7440112A,A00
6eb0fda3-3748-4543-8095-242bd5ffb24d,SPH,7440112A,7440112A,B00
ebfaa9ec-1bb2-43a5-964c-0287c3f9df95,SPH,7440112A,7440112A,D07
f02c1d5d-4e37-49a1-86b1-94c2fb5a83ac,SPH,7440112B,7440112B,A00
05e25d2c-5757-483c-87e4-e57169e9bb56,SPH,7440112B,7440112B,B00
b9322d57-6392-413d-a31c-cdfb3516b1fc,SPH,7440112B,7440112B,D07
0e7cbe44-f69f-40b2-99ce-fd9d17bc6ed5,SPH,7460101B,7460101B,A00
d98d7241-9023-4761-926a-2d139b5d1c5b,SPH,7460101B,7460101B,A01
e8abf1d9-5d86-4a0c-ba37-49ab4b4642da,SPH,7460101D,7460101D,A00
966ba0d7-6642-4cea-bf65-f9c3a76e2a84,SPH,7460101D,7460101D,A01
70227591-b7f5-4f5a-9ee8-9fa78e68b468,SPH,7480201A,7480201A,A01
ed1bcaf4-c387-43d9-973f-617064e0d180,SPH,7480201A,7480201A,X06
fc5b33b8-8f6f-4771-acb9-faf0bf3a6de1,SPH,7480201B,7480201B,A01
a400a5b6-4e2a-46d7-87c4-484f44b80724,SPH,7480201B,7480201B,X06
0cdc673c-6ef3-44d4-9c01-b597ad0d5514,SPH,7760101C,7760101C,C00
b0b34692-81a8-4119-a120-f0d1c5d6c810,SPH,7760101C,7760101C,D14
36e62aef-29a2-4af2-9885-a3b0a6d1bd80,SPH,7760101C,7760101C,X70
3df56f67-b49b-48cd-93e7-68a508c401f5,SPH,7760101D,7760101D,C00
064be609-e14c-465c-88e4-da7d0de58a52,SPH,7760101D,7760101D,D14
015f7a64-333b-450b-aa62-eb17a6d507ca,SPH,7760101D,7760101D,X70
481d9d31-bb5e-422b-bf88-79875b97ac29,SPH,7760103C,7760103C,C00
982985ec-88bf-4274-87af-f4f284ae601c,SPH,7760103C,7760103C,D01
a9f13241-5558-4166-abec-2114d7e1f162,SPH,7760103D,7760103D,C00
893a409b-be84-40ed-8f3b-8102c0ba8d96,SPH,7760103D,7760103D,D01
58254095-8d1a-4e78-a03b-8db5ba82a04f,SPH,7810103C,7810103C,C00
455ec427-6ed2-4616-975e-03c317bad0be,SPH,7810103C,7810103C,D14
e4b70388-d8ec-47e9-b36e-3191ce4f711e,SPH,7810103C,7810103C,X70
962938f9-8552-460a-9468-1bae8690e8dc,SPH,7810103D,7810103D,C00
2e6091a6-f15c-4cd0-b8c3-936296e743df,SPH,7810103D,7810103D,D14
86fa5994-eb8f-4d02-b72d-e3aadecbd840,SPH,7810103D,7810103D,X70
35ef2afb-21df-4472-b094-21cbf8ea07e7,SPH,7140202B,7140202B,D01
efc018d5-ba0b-4b33-8c7c-37ee4826e496,SPH,7140206A,7140206A,M02
4f405796-d9cb-44c9-a591-67e0af016ddf,SPH,7140206A,7140206A,M03
3a19df29-33e2-4fc0-a497-3411b3788a02,SPH,7140221A,7140221A,M02
5b082d74-f2ad-4e8b-8447-4582252d32a9,SPH,7140221A,7140221A,M03
de5a043f-3609-443e-9039-e0694d9be181,SPH,7140221B,7140221B,M02
35400a82-524a-4415-a597-55b5e1cf8a2c,SPH,7140221B,7140221B,M03
20ed57fe-f28c-4a95-bc14-54024b0f0c80,SPH,7140222B,7140222B,M02
a6be67e6-1d3a-476f-86db-1265b7be5bf2,SPH,7140222B,7140222B,M03
590d6efe-251b-4c3a-8926-0db522d165bc,SPH,7140231A,7140231A,D01
b5a672c0-ea1a-4085-ae51-b221957e1983,SPH,7220204A,7220204A,D01
364d0b18-1b68-4010-9139-b3672ca58d3c,SPH,7220204B,7220204B,D01
6b3de583-cb1a-41fe-b1b1-e8d97fa44791,SPH,7140206,7140206,M02
1bfdac06-afa1-4e1a-a703-83decb96df96,SPH,7140206,7140206,M03
d6439d38-a804-4414-ac8b-a2fc0e778f14,SPH,7140222A,7140222A,M02
9ff4811a-7b70-4ff5-b1c6-981379ee87de,SPH,7140222A,7140222A,M03
7b005939-649d-41ff-bc02-32c42d8711a1,SPH,7460101A,7460101A,A00
60ed921e-4b74-4879-aa76-14e457f75e95,SPH,7460101A,7460101A,A01
efa4cc27-48c8-4f62-b029-0b0bfa752fb4,SPH,7140114,7140114,C03
f9a1b268-3b38-4717-b145-046b6d9b9145,SPH,7140114,7140114,D01
d62a5748-72eb-4ae0-be36-2ef52179ecf5,SPH,7140114,7140114,X01
fabbdc0b-1dfd-42e3-915a-99602fdf6d8e,SPH,7140201,7140201,M00
060eda5f-b189-47ae-9056-4079341c7c95,SPH,7140201K,7140201K,M10
ddb69d81-68b9-48f8-946c-039f508c4693,SPH,7140202,7140202,D01
046347ce-d916-42e2-a84e-27351ca6a1fe,SPH,7140202K,7140202K,D01
9e973739-3f30-4436-ab9a-3f5510e19a50,SPH,7140203,7140203,C00
1e1005d6-60c9-4b01-a171-90c00963f09c,SPH,7140203,7140203,D01
4af941a3-9a69-4ad4-b6f4-4c1a9288b75e,SPH,7140204,7140204,C19
549f6dfd-a995-451b-8987-809c55839ff2,SPH,7140204,7140204,C20
8fcdc1d9-544d-49ae-82aa-58eb3f68d939,SPH,7140205,7140205,C19
a7512740-b1ce-4fa2-8421-d8e647f85fef,SPH,7140205,7140205,C20
3633c277-7584-4846-8d88-2bc701fb9120,SPH,7140208,7140208,C03
6b07e68e-1af9-48ec-bec2-333c027599c8,SPH,7140208,7140208,C04
1c94ddbf-3e41-4956-a47d-5d2f78b43de3,SPH,7140209,7140209,A00
dd1dc2c1-c8c3-41e3-8ac2-4eb480bcda37,SPH,7140209,7140209,A01
0a4727b0-534b-4ee9-a95e-de8940643311,SPH,7140209K,7140209K,A01
54999862-6542-45f0-a5f4-74f30f648d04,SPH,7140209K,7140209K,D01
184f5a61-f489-4faf-abd6-80ab99f592b5,SPH,7140210,7140210,A01
d0930dec-1d99-478b-8f2c-84b4b54ac24b,SPH,7140210,7140210,X06
701f8097-1b7d-47b8-964f-4429916a2622,SPH,7140211,7140211,A00
41c7fdec-9518-4daa-b660-1a2a87f0e97e,SPH,7140211,7140211,A01
dc439167-15d7-42a3-b82f-8ad6a673b917,SPH,7140211K,7140211K,A00
de3fedd7-84c0-4ac1-bfaa-250db0e75ac2,SPH,7140211K,7140211K,A01
24a9287d-ffe0-45f2-8484-262aac09db58,SPH,7140212,7140212,A00
08c8a625-d059-422d-8405-dcbc45581c35,SPH,7140212,7140212,B00
1cb6fd8f-d7a0-4bf1-9ea0-6c3ad8e93c46,SPH,7140212K,7140212K,D07
b513827e-9951-48ee-a509-353d7d575a41,SPH,7140213,7140213,B00
c5f93e24-9d8e-4c17-89b3-9facb565084e,SPH,7140213,7140213,D08
ef8c95c8-f37b-4e09-b660-870011e5b11e,SPH,7140217,7140217,C00
60b3b783-e134-41e7-9d62-c15bfae9d4fe,SPH,7140217,7140217,D01
d86464b9-1109-4889-b9a5-12d0671e7347,SPH,7140218,7140218,C00
73c2a0ae-4d15-4388-aec0-cb8f33a1ada2,SPH,7140218,7140218,D14
6e9668bc-d84c-44bd-a2f1-49456f5af7b0,SPH,7140219,7140219,C00
8d7934a6-c4b4-40ec-b272-7fe59efb5aaa,SPH,7140219,7140219,C04
80031ea5-8aef-4ed9-b508-6dfac2700486,SPH,7140221,7140221,M02
898aeed0-50ea-4a28-b745-f3d9e5ad9820,SPH,7140221,7140221,M03
ea64ff4f-2f8f-49c4-8542-d990ab0094a4,SPH,7140222,7140222,M02
56f8e6e3-a863-4f00-95a6-2b6fce558ac6,SPH,7140222,7140222,M03
8ae66224-0c6e-4f51-aacb-608e692fa60c,SPH,7140233,7140233,D01
2ee6a7e9-311d-4d69-8fc5-2eb3d32a6e0a,SPH,7140246,7140246,A00
88dbf717-9e73-40d9-b824-e08d974337ed,SPH,7140246,7140246,A01
e3279252-6db6-4a4d-87fc-7fe9128d947a,SPH,7140246,7140246,X07
9927ba55-d53d-4895-aeb4-10bb48acdd7b,SPH,7140246,7140246,X08
35976df1-1646-4f98-9b81-e4d165112e0d,SPH,7140247,7140247,A00
b7207225-d9b6-4426-9801-76588121877b,SPH,7140247,7140247,B00
3bd6609b-7411-410b-83d5-9f46f213dbc3,SPH,7140249,7140249,C00
4056e51f-7310-4103-9009-5fa14fa9272f,SPH,7220204,7220204,D01
23e7c317-c3c0-428d-88f1-002ac6f7690e,SPH,7229001,7229001,C00
9736d816-309b-42c6-83b2-5c2b5ab605d7,SPH,7229001,7229001,D14
aa221893-8a26-4d06-92d6-bbe957cdd3ec,SPH,7229001,7229001,X70
76449cca-413f-4c48-96d6-7a7e87549b26,SPH,7229030,7229030,C00
342de7e3-14e0-4cb5-977e-3a1b7b55cab8,SPH,7229030,7229030,D01
424ae318-4b4e-49cb-9bd3-14010aaa71d8,SPH,7310201,7310201,C19
6f20ae20-306c-44d7-b768-872474308ba1,SPH,7310201,7310201,D66
f46e3e6a-03a4-4423-a98d-02daa59c5629,SPH,7310201,7310201,D68
ecd57d21-0e21-4edc-a71b-08f60e4e35d0,SPH,7310201,7310201,D70
73ba9d61-d7c1-4225-a31d-057a1bce78c3,SPH,7310401,7310401,C00
18021cc9-9eca-4ff6-9f65-ce77796d1dee,SPH,7310401,7310401,D01
97aab3f8-3203-46c4-958b-53ab26f2a4fa,SPH,7310403,7310403,C00
d28d891a-278e-4176-8f0a-79f5e744adc9,SPH,7310403,7310403,D01
1caa492a-f2d8-429f-b42c-69b253233c06,SPH,7310630,7310630,C00
ae5e92ac-b432-499b-ae74-f3d92cad49db,SPH,7310630,7310630,D14
6fab21b1-9863-4cd8-9117-8f8494f8d34d,SPH,7310630,7310630,X70
fc081adb-2d06-4a23-bc9d-b48fa585419d,SPH,7420101,7420101,B00
e1c0a405-f26e-4dab-9dea-ce14c71dcbba,SPH,7420101,7420101,B02
964fca05-b9e2-45dc-9a44-92b136b70ac6,SPH,7420101,7420101,B08
16b4fc2f-5186-40a3-8be7-f8452b28f34f,SPH,7420101,7420101,X16
77c897a4-fb01-47dd-b9a3-5ddb4724ddc8,SPH,7440112,7440112,A00
14b0c8a8-79e4-4d0e-9f72-ae3db5e81e45,SPH,7440112,7440112,B00
41a1a76e-3ec7-4cc9-b1d5-af0168243254,SPH,7440112,7440112,D07
2f7bf3c1-2b5c-4874-bc22-3d61e44f1b42,SPH,7460101,7460101,A00
23380411-6c46-4914-bc86-a2473a4790f4,SPH,7460101,7460101,A01
4c21f51b-f9f2-43c6-9bad-8ac96929f78f,SPH,7480201,7480201,A01
a0b85e39-6b29-4feb-8b9a-b2358c988bab,SPH,7480201,7480201,X06
6f307e36-a090-4c8f-92ca-878f8ca18877,SPH,7760101,7760101,C00
27d7f369-635e-4d6e-9792-4bb61645cd4c,SPH,7760101,7760101,D14
d4f8099c-7196-409b-841e-5e0d9191bd86,SPH,7760101,7760101,X70
7ee092b3-de75-446a-bc73-d5b8fabcbf2d,SPH,7760103,7760103,C00
aa0d37ed-6658-4de2-8bd1-3c9d55edc1a8,SPH,7760103,7760103,D01
c79da78e-a3bf-4098-9953-1012960182eb,SPH,7810103,7810103,C00
aa7546a9-0bc4-407e-8c1a-a44e051a3669,SPH,7810103,7810103,D14
ab89f961-f88d-4265-81ff-5c9530e71571,SPH,7810103,7810103,X70
4c619da6-2c29-4d64-b994-94ee19d17fe1,SPH,7140204,7140204,X70
fab9937a-b30e-461e-aa6c-6a67281877a8,SPH,7140204,7140204,X74
56b8fa3d-7557-4b30-b617-85cd9cffa434,SPH,7140204,7140204,X78
4d8ce0b6-1b0e-4765-9470-263b43079b89,SPH,7140205,7140205,X70
286dedb8-7d37-476c-afb0-4c660f236dd6,SPH,7140205,7140205,X74
f3f62765-9382-41c6-b2f2-52f285e63f4c,SPH,7140205,7140205,X78
40311dd5-eef0-4e00-a690-f1b0c74dcf00,SPH,7220101,7220101,C00
902a93a4-a586-4bc1-9397-1ca659de9b80,SPH,7220101,7220101,D14
4c7f605b-45d7-477d-a018-81af97f5fc57,SPH,7229010,7229010,C00
cd72096e-022a-4624-beb3-342cc6d0ac4a,SPH,7229010,7229010,C03
eafef913-8731-4722-bc51-b9056090b555,SPH,7229010,7229010,D14
7db3648f-661a-4891-9310-5a02522a88f5,SPH,7310201,7310201,X70
5cd81493-527e-4535-bdc3-6525de485a92,SPH,7310201,7310201,X74
11a847eb-75b7-407b-92f3-d1939cc9b230,SPH,7310201,7310201,X78
b87d63d0-65cb-446f-aaf7-ad502618fcda,SPH,7310301,7310301,C00
71e176c3-bd38-46b8-b64b-9c60a2a7c35d,SPH,7310301,7310301,D14
2eba9c40-a2f7-4595-ad7b-79ef77bff20c,SPH,7310301,7310301,X70
ce8f79cb-f9b2-4cf8-be42-55f4e2f967e0,SPH,7420201,7420201,A02
64ee3145-484c-4cc8-9dc5-72bf4384f937,SPH,7420201,7420201,B00
2550c538-b511-49fd-93a4-b764bd8e2777,SPH,7420201,7420201,B08
c9471f14-1010-4d41-a533-02d8225e0079,SPH,7420201,7420201,X16
710a0b94-818c-40d0-9a01-28ad3a49e876,SPH,7440102,7440102,A00
9c40ca80-fb18-4248-b233-79094de6ec3a,SPH,7440102,7440102,A01
47160f33-befa-483a-8d39-6bd95f543c62,SPH,7440102,7440102,X06
c92554a6-0b46-4592-b0a1-2f3a1067364c,SPH,7140202C,7140202C,D01
8962da05-6687-4e2c-9b7d-f142d10623c2,SPH,7140209C,7140209C,A00
0c8eaaa2-b9ec-407d-a397-d3c10116128a,SPH,7140209C,7140209C,A01
7970a466-3c16-4c00-a183-db7c53891633,SPH,7140231B,7140231B,D01
1ccf694b-c404-4c16-a34b-733467f3e0b3,SPH,7140204,7140204,C00
af50afc4-499e-44bf-a546-d76b450e5f44,SPH,7140204,7140204,D14
1f152b4a-bab9-434e-9921-cbf11ecf12dc,SPH,7140205,7140205,C00
b2920d9c-47ac-4c30-a8e0-8f6cefa18d88,SPH,7140205,7140205,D14
513c00f3-035b-4a0d-aaa0-b82b28dc4c22,SPH,7310201,7310201,C00
1af0f202-40c6-4978-91ea-2c869dc359f2,SPH,7310201,7310201,D14
9d23cb8b-39ef-4621-b3f8-42d17a57cbd3,GTA,7340101,7340101,A00
2fc02b2e-5e76-4513-9dce-fe86c53080e7,GTA,7340101,7340101,A01
4809fd24-9f28-442d-a04f-0b549791848d,GTA,7340101,7340101,D01
28117539-16b2-41ad-82ce-a31105d9c71e,GTA,7340101,7340101,D07
4fbaa53d-d6b9-4372-bf1b-1f9208d483b9,GTA,7340122,7340122,A00
2f36127a-93c1-4b81-9651-81c8831a16f5,GTA,7340122,7340122,A01
041390ef-6701-49d1-b552-821de078aae5,GTA,7340122,7340122,D01
9e6226d0-4789-43d8-8cfc-c46d2107e5b6,GTA,7340122,7340122,D07
bb928037-8ee2-4b77-9522-77b0e732c5c3,GTA,7340201,7340201,A00
edf3b529-323e-4d51-ae27-6d78e9065d71,GTA,7340201,7340201,A01
204e4e9a-e2a5-4ab8-a651-d0b915fd1fc1,GTA,7340201,7340201,D01
9ca8b1d2-bb96-4096-974d-02f0af41ba3d,GTA,7340201,7340201,D07
9c0a7f54-a167-46b1-a3a4-286565da8233,GTA,7340301,7340301,A00
29c8d3b2-0d38-45b0-b74e-b3bb3355a030,GTA,7340301,7340301,A01
08e9c6b8-b644-497d-a53b-81e72cf3ad7a,GTA,7340301,7340301,C01
6de5dd25-22d3-43c5-be21-f0349b24d236,GTA,7340301,7340301,C02
99ac0799-1177-4306-9262-9f9ff568fb6c,GTA,7340301,7340301,D01
d08bbaf0-7ea9-483b-ac53-3e95150f68a4,GTA,7340301,7340301,D07
57ebf28a-f5d8-4d2e-9662-c2170fd0086b,GTA,7340301,7340301,X01
dce52a66-5d02-4f37-b605-4e9de57d23d0,GTA,7340301,7340301,X02
614ad9d2-6b91-449b-91e1-498788c31321,GTA,7340301,7340301,X03
bf3fc564-5fd2-4085-8ae9-6235e2dda5b7,GTA,7340301,7340301,X25
0ff6ed85-091b-43b9-80ce-eb40b4af7c77,GTA,7340301,7340301,X26
0fdb6c6b-5051-4dd0-adf4-40831752841c,GTA,7340301,7340301,X27
6e78333a-f930-4aec-a130-670a2cd4e578,GTA,7340301VP,7340301VP,A00
ba4ae17f-3c48-44fc-baba-3681ce0245b4,GTA,7340301VP,7340301VP,A01
cabc5c47-ed72-4fc9-8c13-b72ccda48604,GTA,7340301VP,7340301VP,D01
ad45319f-f2fd-40e8-9e98-5b8ed47fe25a,GTA,7340301VP,7340301VP,D07
5858a590-d1b2-4071-8ed0-630c6ddb28aa,GTA,7480102,7480102,A00
796fef22-0c5e-4893-87c4-0724b0c69100,GTA,7480102,7480102,A01
c0f3e8b2-9095-4dcd-b7e7-9e0c03d2503f,GTA,7480102,7480102,D01
154363c6-654d-4399-9566-ffbc1426d0da,GTA,7480102,7480102,D07
80dd413e-6d72-43ed-b39d-58362cf4b0a5,GTA,7480104,7480104,A00
64972f7f-2905-4bca-a264-47f6817e86c0,GTA,7480104,7480104,A01
b9704f7f-6f1b-40f8-b31b-e9f75d652800,GTA,7480104,7480104,C01
5fe00af2-434a-4562-9146-2259d7a804bd,GTA,7480104,7480104,C02
3da99382-7f54-40c9-8b73-4486dc888222,GTA,7480104,7480104,D01
2f76b219-e295-49ea-8209-7e27d1488004,GTA,7480104,7480104,D07
00d5a43b-7da5-4803-9de0-1910d8cbcdcf,GTA,7480104,7480104,X02
39271b3b-f8ed-4451-962d-9a4baca8eed9,GTA,7480104,7480104,X03
ba223570-66ec-48e1-966d-a37b6f456427,GTA,7480104,7480104,X26
7e605306-310a-42fa-85ac-b7302d316f61,GTA,7480104,7480104,X27
06785f1e-6bdf-4d02-988c-a0df6c330a69,GTA,7480201,7480201,A00
8714e7a7-f75e-413f-a45a-5ae43bfcf925,GTA,7480201,7480201,A01
5e41e259-a0ef-4a4a-8c14-fbfbf701ace0,GTA,7480201,7480201,D01
c28f25af-014f-42ee-9d1f-7ea6a366909b,GTA,7480201,7480201,D07
bad13627-199d-47ac-90da-c1f39cb92181,GTA,7480201VP,7480201VP,A00
8faca44f-27ad-4b96-9e6f-320ab0ef8dac,GTA,7480201VP,7480201VP,A01
e55ce5e8-32c6-4e02-b4f4-22fd653aebfd,GTA,7480201VP,7480201VP,D01
17e205e2-31f0-45f7-9eb5-39c7d71782e0,GTA,7480201VP,7480201VP,D07
f34eb7d6-a92c-4475-a92c-1ae3e99cc162,GTA,7510102,7510102,A00
7c6c5f45-c30b-419d-ab8d-2f2580606fac,GTA,7510102,7510102,A01
4aadb324-ea6c-47c9-8ba9-7220bddee6aa,GTA,7510102,7510102,D01
f5e0c120-00bd-4aff-b87a-4fd1c4224c36,GTA,7510102,7510102,D07
7f276551-b96f-413e-9a7b-40759de44739,GTA,7510102TN,7510102TN,A00
ec82b3e8-45b1-49c7-b56d-c52f590e786b,GTA,7510102TN,7510102TN,A01
acd0382f-88c9-41b5-802e-73dd207ad867,GTA,7510102TN,7510102TN,D01
470c8f64-f426-4752-b338-9b8c8a9c926c,GTA,7510102TN,7510102TN,D07
406a2827-4774-4fd9-8297-9dd5bfdf7416,GTA,7510102VP,7510102VP,A00
85ead52c-59f1-4d7f-a12d-79e430968b2c,GTA,7510102VP,7510102VP,A01
5f6e4ce9-7ead-4309-9bc1-b6065affdbd1,GTA,7510102VP,7510102VP,D01
63c17fc0-a216-45f8-a12f-19809517839d,GTA,7510102VP,7510102VP,D07
abb0e888-31a3-467a-bb7c-0d1c07888f96,GTA,7510104,7510104,A00
96c65777-9e6d-41c2-a620-43d689ef1d70,GTA,7510104,7510104,A01
50dd15b2-15a7-4d7d-bb42-6d9ea708bbfb,GTA,7510104,7510104,D01
5c69f95e-db0b-410c-b784-2e9f1a8199de,GTA,7510104,7510104,D07
bf327958-ab14-4ecf-a8b2-23b287b57fae,GTA,7510104TN,7510104TN,A00
a8ff233c-7381-452d-a9fc-05097ef8b136,GTA,7510104TN,7510104TN,A01
b1a22669-f0f8-4f78-a571-cf9a7e8f0ee5,GTA,7510104TN,7510104TN,D01
547a8f1c-69c9-4d42-9a42-261e816d9d69,GTA,7510104TN,7510104TN,D07
4a6d7024-efff-4ad7-9db9-17c606ddc474,GTA,7510104VP,7510104VP,A00
5f4019f0-f52b-4e1d-9be8-ae184d74d5f3,GTA,7510104VP,7510104VP,A01
778b494f-bf10-4db4-bb8f-183648d03730,GTA,7510104VP,7510104VP,D01
52256bcd-24bd-4a9f-8a09-1ee0d0f72b6c,GTA,7510104VP,7510104VP,D07
eb184d89-2397-437c-8a98-7abad3e3b3fb,GTA,7510201,7510201,A00
f3c23d23-9904-4454-a7a4-7e861e83916a,GTA,7510201,7510201,A01
07f2558b-11ae-453d-8ac0-c122ad480275,GTA,7510201,7510201,D01
420f5f15-bee6-4791-ac32-ee421c42de95,GTA,7510201,7510201,D07
754aee83-9911-45fe-b503-1e8dc277d050,GTA,7510203,7510203,A00
3da20767-604a-4bb2-b2a1-8714bd23b522,GTA,7510203,7510203,A01
b1ac03bb-fcf1-4c6d-8428-2fff1745b29d,GTA,7510203,7510203,D01
15641020-2f2d-4839-bf9f-4d860c0d8200,GTA,7510203,7510203,D07
9dd84d81-fcb6-43b5-a1cd-4a286ee6e16e,GTA,7510205,7510205,A00
7e740b70-92e6-4086-84ee-1c74dc7e0369,GTA,7510205,7510205,A01
3e514993-0025-4789-9a7e-b615d6a8a8da,GTA,7510205,7510205,D01
67ed1504-9d7e-428e-9c75-e5bce462d9e4,GTA,7510205,7510205,D07
6f37f717-fac4-4afe-bd50-88bc6b6abde5,GTA,7510205TN,7510205TN,A00
373abd8a-90bf-4d5d-bb47-7eb43254e06a,GTA,7510205TN,7510205TN,A01
25308fcd-9692-4cb5-95ba-a3e35bc5a3e4,GTA,7510205TN,7510205TN,D01
7b84ada5-c4c6-487c-b35e-03a0a96c5752,GTA,7510205TN,7510205TN,D07
fbd8b142-2bc3-4b38-9428-c8908f64e577,GTA,7510205VP,7510205VP,A00
a6072e5f-260b-4e7a-8ea7-393dfd4eb575,GTA,7510205VP,7510205VP,A01
81dc9504-d990-4aa4-90f9-1541e3bf0919,GTA,7510205VP,7510205VP,D01
d2bc79e5-ae1f-490c-b2f7-a438092b0a69,GTA,7510205VP,7510205VP,D07
f37c9483-6aef-4706-8158-9e497bfcc8a2,GTA,7510302,7510302,A00
c0502b3d-a63e-4f5f-9489-23cdd2424aa5,GTA,7510302,7510302,A01
e672738f-ac7d-446e-8733-34fa57f35225,GTA,7510302,7510302,D01
20a5b7db-190e-4a72-ae6c-741b10178b84,GTA,7510302,7510302,D07
7b254f82-7416-4028-b7dc-683732cfcdcb,GTA,7510302VP,7510302VP,A00
cdc26c85-8c43-4d0c-addf-a21e03961167,GTA,7510302VP,7510302VP,A01
1954e819-d1de-45b5-8e57-44150774f7a2,GTA,7510302VP,7510302VP,D01
4b8009fb-4ee6-4531-b108-4e044f5408d6,GTA,7510302VP,7510302VP,D07
2f615e13-c0db-4840-afe3-88528409191b,GTA,7510406,7510406,A00
f24d6abb-242d-4b09-b557-65a457ad80fe,GTA,7510406,7510406,A01
097d15bc-012d-4fbc-a3b9-7c5daf2108ec,GTA,7510406,7510406,B00
4acb64c1-f157-4bea-9086-58e991b30ed8,GTA,7510406,7510406,D07
108cfd35-544e-4c18-a204-3071a9078412,GTA,7510605,7510605,A00
b67c2d4c-4a75-45c2-89c7-54718245f5b0,GTA,7510605,7510605,A01
e472368f-bc5c-421f-a748-119c8bd40c18,GTA,7510605,7510605,D01
d881e374-3882-45c2-b2f2-6dcc7ece7ef4,GTA,7510605,7510605,D07
becf93ba-84b4-42d2-956e-990fd566a768,GTA,7510605VP,7510605VP,A00
423451c6-a9f1-43a0-9df4-80e711f5491e,GTA,7510605VP,7510605VP,A01
a81eddb3-8781-4912-9704-5cd2c92ed4f0,GTA,7510605VP,7510605VP,D01
92d0f11e-b804-4dec-a346-5320678ac60c,GTA,7510605VP,7510605VP,D07
abd79170-45af-43d5-a694-db9df94488fd,GTA,7580301,7580301,A00
83b07f1e-70eb-437e-99cc-ea08ef533ce0,GTA,7580301,7580301,A01
f8bda474-4fb0-4cbe-af7b-77edeff8f04f,GTA,7580301,7580301,D01
95d7ed5e-d9ad-4634-a1d4-9818508989a3,GTA,7580301,7580301,D07
abaf2009-97a3-40ac-a569-8c09878daac3,GTA,7580301VP,7580301VP,A00
8dcae544-69f4-4e27-97e2-df189efc3623,GTA,7580301VP,7580301VP,A01
6d376501-5248-4bec-b2c1-17579c9ea664,GTA,7580301VP,7580301VP,D01
88a2d7e3-9aa9-4e8f-8f75-2120f4e1655e,GTA,7580301VP,7580301VP,D07
69b9ade3-6ef8-4e6e-952d-17db53977d56,GTA,7840101,7840101,A00
b9f686d0-c01b-474c-8297-df3920babece,GTA,7840101,7840101,A01
474c3480-ca2a-472f-905d-18871a1c8d84,GTA,7840101,7840101,D01
35d7c602-77d5-44ae-b874-28d95af915b5,GTA,7840101,7840101,D07
2b63296b-8bb4-4e21-afb2-a569ef7550a7,GTA,GTADCCD1,GTADCCD1,A00
6928b1b0-5519-4dbb-9495-47f007ecceab,GTA,GTADCCD1,GTADCCD1,A01
ac3cdab8-4810-488a-ab4d-9814a62f1657,GTA,GTADCCD1,GTADCCD1,C01
8232b4ff-77df-4eec-836f-ed277a76d891,GTA,GTADCCD1,GTADCCD1,C02
ca1b47a2-1a39-4992-89a8-e2ad2dae9133,GTA,GTADCCD1,GTADCCD1,D01
f96feed5-560e-4e7e-865a-23f7668ad69f,GTA,GTADCCD1,GTADCCD1,D07
b56dba3a-d167-41d1-b92d-bc98ab680dc0,GTA,GTADCCD1,GTADCCD1,X02
8fec784a-57f7-4019-b9ff-10211418ffe8,GTA,GTADCCD1,GTADCCD1,X03
50874ed8-8346-4fc0-ba74-d5b045cbf410,GTA,GTADCCD1,GTADCCD1,X26
55a6bb0a-5529-4d1f-8cda-d735b23a6179,GTA,GTADCCD1,GTADCCD1,X27
4f6cf551-b50f-4041-b26d-d4f04f3f4729,GTA,GTADCCD2,GTADCCD2,A00
a5f6bf9d-9e71-467a-b8fc-9d31c64c8329,GTA,GTADCCD2,GTADCCD2,A01
4ff983f6-7f7d-4394-aeb3-9c2296113443,GTA,GTADCCD2,GTADCCD2,D01
b29d8105-3038-42fb-9ff5-6de9bd68f139,GTA,GTADCCD2,GTADCCD2,D07
c777d827-447c-4f53-90cf-4995c1d600c1,GTA,GTADCCD3,GTADCCD3,A00
c1f8521e-644c-4629-b943-db6cb8475dc5,GTA,GTADCCD3,GTADCCD3,A01
867749d3-ea49-4ead-a4bf-7ebe9e806141,GTA,GTADCCD3,GTADCCD3,D01
61c2f6d6-85cb-4dc9-bfda-763866e13dc4,GTA,GTADCCD3,GTADCCD3,D07
ecfedb16-08c2-49ea-a5e2-542b82add63e,GTA,GTADCCH2,GTADCCH2,A00
b3687470-13c8-4a07-bf50-459121f9630f,GTA,GTADCCH2,GTADCCH2,A01
5c547094-7dac-46fb-8163-4bf808dfe60c,GTA,GTADCCH2,GTADCCH2,D01
ab2eec94-a1c7-4766-9bf8-7e63c143a76e,GTA,GTADCCH2,GTADCCH2,D07
79710a47-9154-45c3-99b9-087d0354f4a2,GTA,GTADCCM1,GTADCCM1,A00
0583855d-4f19-4032-91e9-fbf5bf563f14,GTA,GTADCCM1,GTADCCM1,A01
e4337436-2d79-450a-9b13-fab2f80e331d,GTA,GTADCCM1,GTADCCM1,D01
2aaf4786-8ede-4c30-9614-409fe1392ad0,GTA,GTADCCM1,GTADCCM1,D07
c9246330-c7b9-4f66-8353-7c94977feca6,GTA,GTADCCM2,GTADCCM2,A00
47e4249f-8bcd-46aa-bf73-a3bf9fcce214,GTA,GTADCCM2,GTADCCM2,A01
8bd7c12a-be93-43bf-9a2d-e9c390b3486c,GTA,GTADCCM2,GTADCCM2,D01
43faf3ea-aa9c-46ea-b339-eadeb9ebb5a8,GTA,GTADCCM2,GTADCCM2,D07
5720a54d-b80d-43e0-83ce-430138fbd1f7,GTA,GTADCCN2,GTADCCN2,A00
5df958b5-7591-4923-bd5e-c8c1a3438d7c,GTA,GTADCCN2,GTADCCN2,A01
32d728bb-c7c8-4b6c-88c3-3a655342119a,GTA,GTADCCN2,GTADCCN2,D01
5f8eab69-bb3f-451d-ad59-e2d78b98f9f9,GTA,GTADCCN2,GTADCCN2,D07
11a6cab2-1837-453d-a1df-678112bb0656,GTA,GTADCCO2,GTADCCO2,A00
d287bf19-f73d-461b-975c-0cf7b4f1225b,GTA,GTADCCO2,GTADCCO2,A01
b157bcab-dc4f-4204-a1d9-4599f132427a,GTA,GTADCCO2,GTADCCO2,D01
a3edb166-77f0-4a09-b5ae-ce496f3ed2c4,GTA,GTADCCO2,GTADCCO2,D07
7ad81934-adc0-4fcc-9974-a9597605dc7e,GTA,GTADCDD1,GTADCDD1,A00
ed15147b-b45c-4238-8bc8-8c4f9303cdd0,GTA,GTADCDD1,GTADCDD1,A01
8eba317c-2529-47ad-8521-1066547dced0,GTA,GTADCDD1,GTADCDD1,D01
4602852f-2b63-4f9b-bf8d-8c3afb321803,GTA,GTADCDD1,GTADCDD1,D07
de2ec05f-bde2-4c1b-9df7-fe8a39642ff4,GTA,GTADCDD2,GTADCDD2,A00
07ef8663-e7d4-43a0-96e4-4834456accdd,GTA,GTADCDD2,GTADCDD2,A01
123c0fc6-abab-4a96-88b8-4c470a1b515e,GTA,GTADCDD2,GTADCDD2,D01
dc02d0b5-2e98-406b-8690-d485a6600f6a,GTA,GTADCDD2,GTADCDD2,D07
c04a3951-3613-40c2-80a3-c3b7c0ca250f,GTA,GTADCDM2,GTADCDM2,A00
7bed6434-00bc-4bc4-9c4e-1e0a046476c0,GTA,GTADCDM2,GTADCDM2,A01
9878dd61-1b89-4941-9180-3b7c08bc0b0c,GTA,GTADCDM2,GTADCDM2,D01
402563b8-2f92-4ee6-8463-40fee8ead9cb,GTA,GTADCDM2,GTADCDM2,D07
bc4dd53c-ce2f-4dbe-947c-769284d217b0,GTA,GTADCDT1,GTADCDT1,A00
af0199a4-94c3-414b-95af-a2d5e9212938,GTA,GTADCDT1,GTADCDT1,A01
aa8605ba-7f54-43db-845f-378ebf03910d,GTA,GTADCDT1,GTADCDT1,D01
fdeecc5b-2e5c-4cda-b37d-bfbfc80e3202,GTA,GTADCDT1,GTADCDT1,D07
4f7c1203-4417-4280-92de-39ad0b00fa75,GTA,GTADCDT2,GTADCDT2,A00
5b120490-b804-4b64-b3de-284fe4de4c12,GTA,GTADCDT2,GTADCDT2,A01
9ed74945-8f1f-4fce-b660-3c68e4a0a6d3,GTA,GTADCDT2,GTADCDT2,D01
c021d62e-66c5-4247-a552-422b1b63c00c,GTA,GTADCDT2,GTADCDT2,D07
8a18f471-0b4f-4f76-b29e-37bfc489acdf,GTA,GTADCHT2,GTADCHT2,A00
46d539e7-fc0e-4709-9e07-80ea29c02fa3,GTA,GTADCHT2,GTADCHT2,A01
e8b5518e-3245-46ca-8618-ef445028095b,GTA,GTADCHT2,GTADCHT2,C01
13bd805b-db2d-40cc-a1e3-7f773e4d8264,GTA,GTADCHT2,GTADCHT2,C02
c18e9ffa-8c4a-46e2-aa41-ee099b1314aa,GTA,GTADCHT2,GTADCHT2,D01
1f9b5e6c-b5dc-4955-bea0-39df743d0c6b,GTA,GTADCHT2,GTADCHT2,D07
894abdbd-52a3-4cd7-9b71-aa0271406cf9,GTA,GTADCHT2,GTADCHT2,X02
b84ad102-ea22-4280-bd63-33b9b754a2d3,GTA,GTADCHT2,GTADCHT2,X03
64dba582-89d3-46f2-bc9a-a76c001496c2,GTA,GTADCHT2,GTADCHT2,X26
d610301f-7122-47cf-b1af-1561bb4a879d,GTA,GTADCHT2,GTADCHT2,X27
5a97b0fd-e21a-47e7-b7ef-f61648e64469,GTA,GTADCKT1,GTADCKT1,A00
e5b60f01-f4b1-4a96-b7dc-8f6a3f968e24,GTA,GTADCKT1,GTADCKT1,A01
c679e6f6-bbf0-4ec4-af3e-d5be662b60a6,GTA,GTADCKT1,GTADCKT1,C01
c05ac334-1563-4b44-af28-8742f58e787e,GTA,GTADCKT1,GTADCKT1,C02
e1776b99-25ff-4183-a508-dc20838eee0b,GTA,GTADCKT1,GTADCKT1,D01
984224eb-a334-4ca5-9156-97367c24595e,GTA,GTADCKT1,GTADCKT1,D07
ac4c68e4-4585-477a-a7a3-c65565b529ab,GTA,GTADCKT1,GTADCKT1,X01
480864f1-6b07-4a97-816e-684effb75143,GTA,GTADCKT1,GTADCKT1,X02
cf4d53af-44b2-459e-bd19-419f973b24c0,GTA,GTADCKT1,GTADCKT1,X03
053b4edb-cf50-47b8-b7fd-20fc214054d9,GTA,GTADCKT1,GTADCKT1,X25
4c25c98d-7ee1-4ea1-84ff-551da1fce697,GTA,GTADCKT1,GTADCKT1,X26
1b23b940-4204-43e4-973d-820d7ee63a3d,GTA,GTADCKT1,GTADCKT1,X27
ca54df45-7d65-4b54-9c77-c72edd298d35,GTA,GTADCKT2,GTADCKT2,A00
f9145983-08ba-4366-8899-4c6e88fa394c,GTA,GTADCKT2,GTADCKT2,A01
2e9c6162-4804-48f4-ac39-a69f539979b7,GTA,GTADCKT2,GTADCKT2,D01
5d4347de-278d-40d2-b04e-67eb5166b1d1,GTA,GTADCKT2,GTADCKT2,D07
1fc2cdca-7152-4826-b372-4052b0de0682,GTA,GTADCKX1,GTADCKX1,A00
5675ee65-cccd-4cd7-bcbe-6e52166bff2e,GTA,GTADCKX1,GTADCKX1,A01
ea5407ee-ada5-454c-be27-ed04a2bd76bd,GTA,GTADCKX1,GTADCKX1,D01
33abd759-20f0-40b0-aa3a-c72e07c169b6,GTA,GTADCKX1,GTADCKX1,D07
37dd9f9e-355b-4f77-b2eb-bf2968088728,GTA,GTADCKX2,GTADCKX2,A00
5a94c5da-d373-452c-8cf6-4c7d4e13f7e7,GTA,GTADCKX2,GTADCKX2,A01
2e451411-711e-4aa1-91c3-19b9993f5db0,GTA,GTADCKX2,GTADCKX2,D01
1d4f6baa-e196-4ce8-b60f-21dc6fe56604,GTA,GTADCKX2,GTADCKX2,D07
ec9727f1-d30a-47af-b45e-06e161d580be,GTA,GTADCLG1,GTADCLG1,A00
fa64f180-651c-469a-acee-555b544f753d,GTA,GTADCLG1,GTADCLG1,A01
f8b0c41b-0009-4861-85e6-d68e4ead5b0b,GTA,GTADCLG1,GTADCLG1,D01
05b5f31b-065a-4aa7-9be6-a59244563690,GTA,GTADCLG1,GTADCLG1,D07
f2affa7f-9016-48f8-89f8-3164a1decba4,GTA,GTADCLG2,GTADCLG2,A00
8acb2349-00b4-46f4-93f0-1024a4a080d7,GTA,GTADCLG2,GTADCLG2,A01
e87268f8-bdca-4fbf-9a03-7012bab3a424,GTA,GTADCLG2,GTADCLG2,D01
20dd8fe4-79f4-4ab3-8903-c4547650116d,GTA,GTADCLG2,GTADCLG2,D07
ada3be1d-43c6-4432-b965-c7d07693097a,GTA,GTADCLH2,GTADCLH2,A00
146fa651-803a-48a9-a0f5-570d7f4023ad,GTA,GTADCLH2,GTADCLH2,A01
8ec3e9ae-5f7a-4fab-9f08-3e458aac9cf4,GTA,GTADCLH2,GTADCLH2,D01
718e38ec-c163-4b23-b7a6-30b2237f1eb4,GTA,GTADCLH2,GTADCLH2,D07
5dd38024-c46e-4429-a3b4-5f1ee1e98864,GTA,GTADCMN2,GTADCMN2,A00
1263fb21-d70a-445d-8c6c-d3cb6f45ff15,GTA,GTADCMN2,GTADCMN2,A01
523f25eb-e5a2-4ce8-9608-e2c5171e1fbe,GTA,GTADCMN2,GTADCMN2,D01
9b5e4c98-8fba-4282-8869-6064f5d07c41,GTA,GTADCMN2,GTADCMN2,D07
54bbcc5f-3d09-45d9-a109-8ba61ac488f2,GTA,GTADCMT2,GTADCMT2,A00
fad7a70d-4970-4e2c-bb70-f109525e8857,GTA,GTADCMT2,GTADCMT2,A01
9732fdff-6c24-4b40-b5ef-0110cbd2b4d2,GTA,GTADCMT2,GTADCMT2,D01
3f098ab4-df43-4a89-ab2d-759306031fb7,GTA,GTADCMT2,GTADCMT2,D07
9d1b04b4-2dbf-4675-a9d6-2b42b127148d,GTA,GTADCMX2,GTADCMX2,A00
5b4651a4-c739-4bef-a50f-ab64ebbcecbe,GTA,GTADCMX2,GTADCMX2,A01
d578b5f3-c86e-448e-b1e5-beb6e560f06e,GTA,GTADCMX2,GTADCMX2,D01
2c6b49e9-2f1a-4148-92f2-4cb7d217917a,GTA,GTADCMX2,GTADCMX2,D07
acac9e08-53dd-4b58-9308-f90de23356cf,GTA,GTADCOT1,GTADCOT1,A00
b72c0e11-246f-4202-96a1-fabaadfe3d7a,GTA,GTADCOT1,GTADCOT1,A01
c8565329-ae2b-40bb-9b72-8a572f31f11f,GTA,GTADCOT1,GTADCOT1,C01
305098dd-e47e-4bc7-905c-9396b5e2b725,GTA,GTADCOT1,GTADCOT1,C02
3d172356-c8fd-4a7b-84ca-4b3a64df9218,GTA,GTADCOT1,GTADCOT1,D01
a2f73265-3b46-41cc-8de5-1e4d35dd0d18,GTA,GTADCOT1,GTADCOT1,D07
682251da-863c-43f8-9040-30c830fed74d,GTA,GTADCOT1,GTADCOT1,X02
d0c0adb4-f3c1-4166-88f3-4fa180678cdd,GTA,GTADCOT1,GTADCOT1,X03
97712fd4-991d-4924-887a-e25c0f3c8e95,GTA,GTADCOT1,GTADCOT1,X26
cb4668ec-d1b7-4982-beae-f7bd7fbb05a0,GTA,GTADCOT1,GTADCOT1,X27
0a79023a-c300-4398-8c90-92b9dea0fd5e,GTA,GTADCOT2,GTADCOT2,A00
e3fef891-f79f-46ea-9d1b-a548625e0a32,GTA,GTADCOT2,GTADCOT2,A01
439c0267-82d4-4f97-aca1-8f8967675750,GTA,GTADCOT2,GTADCOT2,D01
0c2b6bc9-5310-4514-9c4d-f7571ef91377,GTA,GTADCOT2,GTADCOT2,D07
b21805b7-82da-4f60-b8b9-1d99fe0272d7,GTA,GTADCOT3,GTADCOT3,A00
89d9c6a5-202c-4570-a8cd-74fc288de860,GTA,GTADCOT3,GTADCOT3,A01
ee3cf4eb-feb2-4203-9181-93cced431bd8,GTA,GTADCOT3,GTADCOT3,D01
deecca46-6839-4e1c-9156-e24d3d730ecf,GTA,GTADCOT3,GTADCOT3,D07
d593ea4b-4dc1-4f1c-84f0-6c35b27843cf,GTA,GTADCQM2,GTADCQM2,A00
6afc2f41-3c66-4293-b9cc-d968c4127298,GTA,GTADCQM2,GTADCQM2,A01
63e4f349-fd64-48e7-843a-2d537fa6aa08,GTA,GTADCQM2,GTADCQM2,D01
99811943-0203-4be7-b8e4-0ff0c6e93538,GTA,GTADCQM2,GTADCQM2,D07
91a644d9-76db-4f74-be42-8534915061d0,GTA,GTADCQT2,GTADCQT2,A00
4353b442-e57f-43fd-bf48-39a3334b8218,GTA,GTADCQT2,GTADCQT2,A01
39ae63bc-a23d-424d-9c3d-3da5b3e98e3e,GTA,GTADCQT2,GTADCQT2,D01
2d2c8ddf-7c0b-4e21-b910-98aeb5d3b186,GTA,GTADCQT2,GTADCQT2,D07
0753aa68-4919-4683-a716-ca1fc165e212,GTA,GTADCQX2,GTADCQX2,A00
462917b5-6528-4d83-98df-9d8b88a99a3d,GTA,GTADCQX2,GTADCQX2,A01
4efcff04-bd5e-4186-b02c-b1697323755c,GTA,GTADCQX2,GTADCQX2,D01
70209bcc-2045-4c97-9f84-350f77cd5a30,GTA,GTADCQX2,GTADCQX2,D07
383d36a9-cd07-438f-a57a-066fc0ecae60,GTA,GTADCTD2,GTADCTD2,A00
6f6892ae-9594-4e21-a4a9-6fbfe984d95a,GTA,GTADCTD2,GTADCTD2,A01
497d9b22-ca69-4019-bb6f-aec23c2ff3e6,GTA,GTADCTD2,GTADCTD2,D01
4be33933-d8d4-4739-ade9-f2097ff7d1d0,GTA,GTADCTD2,GTADCTD2,D07
a91d43b9-616c-4faf-9e47-686dba5a8f2b,GTA,GTADCTG2,GTADCTG2,A00
650737f8-9ddb-43bd-9a3e-600a44b93405,GTA,GTADCTG2,GTADCTG2,A01
9cb6ea18-909d-46fa-bcb5-7a809b0f6078,GTA,GTADCTG2,GTADCTG2,D01
842ae801-90b9-4fb3-a00c-d6b355633eea,GTA,GTADCTG2,GTADCTG2,D07
4df3eba0-0c71-4809-9c4a-8ea57b34b2ac,GTA,GTADCTM2,GTADCTM2,A00
cf3354da-a086-47c1-a125-fe8bc70accc5,GTA,GTADCTM2,GTADCTM2,A01
7df0a472-17be-4211-8a7a-1f4f66d86ece,GTA,GTADCTM2,GTADCTM2,D01
20190fb1-aecf-4dbc-8f60-92b2743519ea,GTA,GTADCTM2,GTADCTM2,D07
0c88d5e4-4a99-445c-86d5-374ffeeebbc8,GTA,GTADCTN2,GTADCTN2,A00
046fb28d-6704-4078-8fc8-2fb8975bbce4,GTA,GTADCTN2,GTADCTN2,A01
0b1cfee6-c83a-45d0-a938-4c01c27dd200,GTA,GTADCTN2,GTADCTN2,D01
cb7ee1f0-ed0f-4cbc-a145-dfc4e0dc288f,GTA,GTADCTN2,GTADCTN2,D07
af8f4dbe-6e01-4292-bb41-00d635f382d2,GTA,GTADCTT1,GTADCTT1,A00
6bdc10df-7f7b-4322-98a6-c1179115a19c,GTA,GTADCTT1,GTADCTT1,A01
825363b7-c54f-4a57-b90d-38a8b59dc008,GTA,GTADCTT1,GTADCTT1,C01
38df34fc-2e35-4e1c-8cfa-51798dbd445d,GTA,GTADCTT1,GTADCTT1,C02
8ef4822b-3e2f-49c3-ba58-5315de816f27,GTA,GTADCTT1,GTADCTT1,D01
41f2aaa1-d4a8-49e3-8fd7-2a9400547c8d,GTA,GTADCTT1,GTADCTT1,D07
5e325241-e976-4dd3-9ee2-c14cee870d81,GTA,GTADCTT1,GTADCTT1,X02
08eec963-8da9-45e9-bfd3-0d6b36121f82,GTA,GTADCTT1,GTADCTT1,X03
a8645e46-2d9c-4246-825c-4e7282448ea8,GTA,GTADCTT1,GTADCTT1,X26
65ce80e7-c133-49d7-86f8-23acbdb7a9d5,GTA,GTADCTT1,GTADCTT1,X27
177583a4-99e7-49bd-a13f-9eee99d0e647,GTA,GTADCTT2,GTADCTT2,A00
56c2ac57-0d6c-474a-a4f8-3d4ac8889616,GTA,GTADCTT2,GTADCTT2,A01
90175dcf-723a-477d-b20b-fdfd4014f56d,GTA,GTADCTT2,GTADCTT2,D01
99f038c6-e388-4d93-bf64-be52a437af08,GTA,GTADCTT2,GTADCTT2,D07
6b858799-f240-4cb6-906e-779feed2ea53,GTA,GTADCVL2,GTADCVL2,A00
1efda3ee-b7ca-4d72-9624-838943c229c8,GTA,GTADCVL2,GTADCVL2,A01
c0a96319-4ca3-4b24-ace3-097881b69c61,GTA,GTADCVL2,GTADCVL2,D01
9b5631a8-ad14-4045-8b11-c854239a50e6,GTA,GTADCVL2,GTADCVL2,D07
59b5a94e-411b-41af-9e20-dd456ef35ee8,GTA,GTADCCK2,GTADCCK2,A00
2429fbf2-c02f-4f8b-82cf-d520acb6886e,GTA,GTADCCK2,GTADCCK2,A01
6a09ad29-e5da-4eb2-b40e-d4bee2a9181f,GTA,GTADCCK2,GTADCCK2,D01
02a53489-89a5-4165-9d90-1c35145cd7e5,GTA,GTADCCK2,GTADCCK2,D07
a5e080c1-8c8b-4c75-a0ed-a2265410dece,GTA,GTADCHL2,GTADCHL2,A00
97097d01-694b-429c-900a-a9e253c61fbb,GTA,GTADCHL2,GTADCHL2,A01
fac2c2ef-e6e0-449a-825c-77bde80c0552,GTA,GTADCHL2,GTADCHL2,D01
271e9df8-e412-45e1-bf8e-3bf469d1e304,GTA,GTADCHL2,GTADCHL2,D07
2b067d06-8b0d-4fec-8297-aa7b4873f6af,GTA,GTADCKN2,GTADCKN2,A00
8c12829e-5c04-4bce-a884-6c6fdb68b623,GTA,GTADCKN2,GTADCKN2,A01
e0aaa44c-de01-497c-a688-95cc439b6a1d,GTA,GTADCKN2,GTADCKN2,D01
886b9b6a-5bf7-4697-bbc2-c97b40d345fa,GTA,GTADCKN2,GTADCKN2,D07
a8827615-1444-4500-a388-5c81c9f4d6fa,GTA,GTADCOG2,GTADCOG2,A00
25616d1c-06a3-4536-9c53-5800ce6ac7ed,GTA,GTADCOG2,GTADCOG2,A01
d5677e93-f83b-45e3-848b-e605f4e67a57,GTA,GTADCOG2,GTADCOG2,D01
f0dbe0f2-fff0-410e-9861-2400c9c64912,GTA,GTADCOG2,GTADCOG2,D07
8a05a3fb-5240-4250-ad5a-b61c71f65850,GTA,GTADCTQ2,GTADCTQ2,A00
720671b0-a39a-4bf7-8fe0-f7b7e54167af,GTA,GTADCTQ2,GTADCTQ2,A01
4863fb3b-5090-42f9-8069-d1ac0d26901c,GTA,GTADCTQ2,GTADCTQ2,D01
1aaf036e-14d7-4f9f-a5f3-728c39814eb4,GTA,GTADCTQ2,GTADCTQ2,D07
31aa38dd-265d-46c3-b845-89cbe393069b,GTA,GTADCXQ2,GTADCXQ2,A00
f478dc6b-4770-4221-a28a-437b57227ef8,GTA,GTADCXQ2,GTADCXQ2,A01
70eb71a2-13e8-47bc-b51c-c50981b0b099,GTA,GTADCXQ2,GTADCXQ2,D01
02bb65fa-ae90-4b66-bf88-31afb12a0893,GTA,GTADCXQ2,GTADCXQ2,D07
86c99219-a163-49cd-9e59-fd78a1758e74,GTA,GTADCBG2,GTADCBG2,A00
12722c6e-d3f9-47f6-a997-36b2b539638a,GTA,GTADCBG2,GTADCBG2,A01
325ceee9-aa95-4d36-b903-03a441409e0d,GTA,GTADCBG2,GTADCBG2,D01
75a0fe0a-acee-4d45-b993-25932421dd70,GTA,GTADCBG2,GTADCBG2,D07
9432abaf-dc65-42bb-a3fb-c3c5ba637588,GTA,GTADCBI2,GTADCBI2,A00
6d63d462-5f1c-4fcc-a6d4-0a3f09bf4ca4,GTA,GTADCBI2,GTADCBI2,A01
a6da3d62-9633-40ad-a42e-2590a0abd6be,GTA,GTADCBI2,GTADCBI2,C01
d2776efb-87d2-403c-97f6-ee43e70189e8,GTA,GTADCBI2,GTADCBI2,C02
0102ae76-1fb1-432d-be5c-0fa29b94ac09,GTA,GTADCBI2,GTADCBI2,D01
8397acd9-a610-44e8-b8cf-69cfe4e7d7d4,GTA,GTADCBI2,GTADCBI2,D07
15af63b0-8228-4b7c-b3e4-45638cd7f9e8,GTA,GTADCBI2,GTADCBI2,X02
3a613757-c955-46ba-9b6d-df6be70befd3,GTA,GTADCBI2,GTADCBI2,X03
655a69b3-8861-4966-8914-27e5828a67f3,GTA,GTADCBI2,GTADCBI2,X26
c786ae5f-134f-47b6-a723-1097883a3f62,GTA,GTADCBI2,GTADCBI2,X27
6c4b950e-3734-473a-b4f0-ca5d3e0c50e1,GTA,GTADCDX2,GTADCDX2,A00
e0df17bb-1886-4dcf-a902-61fed5a2b22c,GTA,GTADCDX2,GTADCDX2,A01
81b287e9-2092-4bf1-8623-87d23e503d2a,GTA,GTADCDX2,GTADCDX2,D01
c9fb9b96-a63e-466f-ac48-b243841b3d37,GTA,GTADCDX2,GTADCDX2,D07
64357c57-cb79-42f6-bba8-36a5500ac0cd,GTA,GTADCEN2,GTADCEN2,A01
0259cc02-5077-4436-aee1-fd69edc38e97,GTA,GTADCEN2,GTADCEN2,D01
0226a8f7-65f6-409b-8e0a-2d5d67d0a44b,GTA,GTADCEN2,GTADCEN2,D07
55049cd6-05e2-4d8b-9e80-a2a642d6d157,GTA,GTADCEN2,GTADCEN2,X25
bae02e09-71a6-45e2-8887-2daea1f248b4,GTA,GTADCEN2,GTADCEN2,X26
93ea7abb-0ce2-4eec-b0cc-0d60701317f2,GTA,GTADCEN2,GTADCEN2,X27
347a07bd-4262-4105-9a6f-940081652fb1,GTA,GTADCGO2,GTADCGO2,A00
6c5913d3-fbc1-49f3-a0f5-b70bb156322f,GTA,GTADCGO2,GTADCGO2,A01
65bcead1-9899-4aa1-8246-0210a7623f44,GTA,GTADCGO2,GTADCGO2,D01
eeac8837-c440-4c06-be6a-7c10248a1cd8,GTA,GTADCGO2,GTADCGO2,D07
aae7f5b4-9415-4274-a0b8-6a654c3ba1f1,GTA,GTADCH2,GTADCH2,A00
e064edc6-697a-466c-9d01-98b83af29974,GTA,GTADCH2,GTADCH2,A01
f10ded18-e40b-41e0-8f2a-13b81f07f1e7,GTA,GTADCH2,GTADCH2,D01
e112157c-f6ac-4bd3-ba17-4365b17d7d45,GTA,GTADCH2,GTADCH2,D07
921c2626-8428-4af7-8bf1-3ff06b017658,GTA,GTADCIT2,GTADCIT2,A00
04bab149-a52a-4147-9b53-63d2738e1ce4,GTA,GTADCIT2,GTADCIT2,A01
4456cd82-75e9-4caa-9877-ee4e66982e25,GTA,GTADCIT2,GTADCIT2,D01
ed24a105-9e42-4e9b-a008-d3609344d664,GTA,GTADCIT2,GTADCIT2,D07
49495ad9-8d94-41b9-bdb9-18d6cb75c06a,GTA,GTADCIT2,GTADCIT2,C01
c5885079-027c-47ab-9a54-937ebfabbc68,GTA,GTADCIT2,GTADCIT2,C02
0523419d-f9b1-4682-9f70-969998647e4a,GTA,GTADCIT2,GTADCIT2,X02
8338f7b1-faaf-46c7-a423-2890172cfba9,GTA,GTADCIT2,GTADCIT2,X03
3f3cbed9-13c3-4863-bfc5-ae70d66f9fd6,GTA,GTADCIT2,GTADCIT2,X26
4927c863-b9a2-4832-8113-6a62e0de464e,GTA,GTADCIT2,GTADCIT2,X27
56625035-017d-4cc9-8a70-ac2a0b27f80a,GTA,GTADCKQ2,GTADCKQ2,A00
f3839a81-cb5a-4cb2-896e-52a8c4f80bd1,GTA,GTADCKQ2,GTADCKQ2,A01
ee875c64-15f7-45dd-8c2a-ab1fe4c345f0,GTA,GTADCKQ2,GTADCKQ2,D01
d28afe6b-6c3f-4136-b2bb-cb9e1826f671,GTA,GTADCKQ2,GTADCKQ2,D07
ac188b32-1d84-4173-a7a5-d4339cecc52c,GTA,GTADCKTI,GTADCKTI,A00
445ce52b-4f77-46ca-a5b8-7510fa14dbe6,GTA,GTADCKTI,GTADCKTI,A01
c2f97c06-4a54-4879-b8a0-15df91a40169,GTA,GTADCKTI,GTADCKTI,D01
f21bd54c-83bc-4a17-9bfb-604f5fd794ec,GTA,GTADCKTI,GTADCKTI,D07
fed30ff6-268f-4da5-8b67-b26839393154,GTA,GTADCLA2,GTADCLA2,C00
2292bd8a-1405-461c-969c-1dd199f62c1e,GTA,GTADCLA2,GTADCLA2,C03
8bc17e9a-e6e1-4af2-9dcf-53cb381581c6,GTA,GTADCLA2,GTADCLA2,C04
c294e644-2262-450e-a4fd-62f17a23fd34,GTA,GTADCLA2,GTADCLA2,D01
c3a9cdb3-136a-49af-9bb6-2d912c240cdc,GTA,GTADCLA2,GTADCLA2,X01
b2544453-a88c-4396-aec8-6c1bbc3e16cd,GTA,GTADCLA2,GTADCLA2,X25
07239e41-dc11-4146-a2a5-f15779c97dd3,GTA,GTADCOTI,GTADCOTI,A00
9e5e1da4-674e-4b42-b9db-d565c21d42c3,GTA,GTADCOTI,GTADCOTI,A01
d0c9aeca-04fb-4312-adbc-f151beb397ae,GTA,GTADCOTI,GTADCOTI,D01
fd7d6691-0167-42f2-9820-a276a5fe1fb7,GTA,GTADCOTI,GTADCOTI,D07
a33bbe01-ea8a-4e30-ab8e-c272b784b2d4,GTA,GTADCSS2,GTADCSS2,A00
a523908d-0368-4446-9846-62ed165d18ea,GTA,GTADCSS2,GTADCSS2,A01
a730fdce-34ab-48c1-9269-1fec0273be3a,GTA,GTADCSS2,GTADCSS2,D01
cbd47126-4331-4269-8090-37eae3cd4c4e,GTA,GTADCSS2,GTADCSS2,D07
753505c3-eb5e-49a4-8836-a28eefa5ee25,GTA,GTADCTTI,GTADCTTI,A00
aaac69b7-6d37-4a66-8baa-7e3127639168,GTA,GTADCTTI,GTADCTTI,A01
6bb10ecc-bebc-452d-8b63-d9728f1c876d,GTA,GTADCTTI,GTADCTTI,D01
1d08b177-f3be-4509-9177-b0a72cbe5dd9,GTA,GTADCTTI,GTADCTTI,D07
ddc6df78-f44e-4092-88ec-28ce3d3ad7bd,GTA,GTADCVM2,GTADCVM2,A00
7096e653-4d28-4a84-a38c-d0930d18bb9e,GTA,GTADCVM2,GTADCVM2,A01
53b70e95-b008-4e5f-abcb-f76529afd6fc,GTA,GTADCVM2,GTADCVM2,D01
615643b8-a21e-45eb-b058-2c8c2ef3bda8,GTA,GTADCVM2,GTADCVM2,D07
c67d8f8a-4312-424c-be43-8d9b74e20f3d,GTA,GTADKLG2,GTADKLG2,A00
83f116be-6f39-4079-bf0e-26191e57d03c,GTA,GTADKLG2,GTADKLG2,A01
f54d3d19-5fd4-4e96-8f99-0d4c53e9355b,GTA,GTADKLG2,GTADKLG2,C01
7fd2c5b8-7443-4c4b-81c9-ed6763a0e6fb,GTA,GTADKLG2,GTADKLG2,C02
fb413aa0-d734-4c1a-897f-e7e5c945fbc2,GTA,GTADKLG2,GTADKLG2,D01
fa422fdc-1677-431f-b023-f4e640b884de,GTA,GTADKLG2,GTADKLG2,D07
0515808c-3752-473f-9937-993251f488b6,GTA,GTADKLG2,GTADKLG2,X02
6ae09cc3-38b8-4bed-9d6a-394504f723ae,GTA,GTADKLG2,GTADKLG2,X03
aa5941a5-dd49-474e-9ccf-ca6ea5ee90b8,GTA,GTADKLG2,GTADKLG2,X26
6295a70d-d4f1-402f-8135-2ee3fe54db7c,GTA,GTADKLG2,GTADKLG2,X27
6056f047-1c91-4785-a948-8a1560dcc2db,GTA,GTADKTT2,GTADKTT2,A00
71e54137-94d5-4eda-a197-bb2ce04cd913,GTA,GTADKTT2,GTADKTT2,A01
7bf160f1-ab17-4ee0-a56a-2160e96d09f0,GTA,GTADKTT2,GTADKTT2,C01
adce2650-540b-4073-b576-23c9f118fe72,GTA,GTADKTT2,GTADKTT2,C02
6693cf08-0291-4177-b0d1-ef5eabc370e2,GTA,GTADKTT2,GTADKTT2,D01
a6a997b1-27b6-42fd-aeb8-942b05ab4d6e,GTA,GTADKTT2,GTADKTT2,D07
4fe9ed53-2dc2-4b2b-911a-22676c469694,GTA,GTADKTT2,GTADKTT2,X02
cfb982ae-5666-4321-a086-d0874eb35548,GTA,GTADKTT2,GTADKTT2,X03
76f40c7e-774c-4720-af86-500507f66f96,GTA,GTADKTT2,GTADKTT2,X26
cb29c402-4f93-4f04-aac7-c6512c275ae9,GTA,GTADKTT2,GTADKTT2,X27
1a3766ca-8fc6-4546-bf91-e9b436050ab9,GTA,GTADNCD2,GTADNCD2,A00
f74df830-3aeb-4087-a37b-81ad6c818602,GTA,GTADNCD2,GTADNCD2,A01
c4064bfe-0abf-487d-b5b1-d1feca4ca061,GTA,GTADNCD2,GTADNCD2,D01
ac8d8734-70d0-4515-851c-5ef91af5712c,GTA,GTADNCD2,GTADNCD2,D07
4c7b90e7-f46a-419d-b818-6d2e1a0e93be,GTA,GTADNDT2,GTADNDT2,A00
eb2bbf8e-1401-446d-b414-adccc74b36a0,GTA,GTADNDT2,GTADNDT2,A01
99c3b537-b854-44fa-b733-07740e26f938,GTA,GTADNDT2,GTADNDT2,D01
237e38c9-4111-44e3-9b55-04b2d676138e,GTA,GTADNDT2,GTADNDT2,D07
db088b66-8282-4df3-94d3-ca625cdea5b6,GTA,GTADNLG2,GTADNLG2,A00
503a9d5e-6f57-493d-ac93-11778e8e0b22,GTA,GTADNLG2,GTADNLG2,A01
4c99e979-02f8-4822-b787-09c85e062c04,GTA,GTADNLG2,GTADNLG2,D01
28c469ef-99a8-40b3-94bd-a021bd5c9087,GTA,GTADNLG2,GTADNLG2,D07
fe0ab51a-56f2-4ca8-97d3-c00d567ae2fc,GTA,GTADCAT2,GTADCAT2,A00
4ea30084-db24-444d-916c-48f6940ab22a,GTA,GTADCAT2,GTADCAT2,A01
28852894-6301-4ac0-b224-e934e641a0cd,GTA,GTADCAT2,GTADCAT2,C01
29767d33-a16b-4ac2-b1ee-c722baf4a5ab,GTA,GTADCAT2,GTADCAT2,C02
c3ae1b82-76b8-4bec-84a9-fb183eb24c24,GTA,GTADCAT2,GTADCAT2,D01
d44db0b5-1def-475a-ae7a-20dc22560f6b,GTA,GTADCAT2,GTADCAT2,D07
ed31d387-d1fd-41df-9d21-2d8460e35946,GTA,GTADCAT2,GTADCAT2,X02
1d3f8a41-9d1c-444f-ab4a-8df00b64a570,GTA,GTADCAT2,GTADCAT2,X03
3a7df58b-7542-4508-b3a3-fd93dcbfdf7e,GTA,GTADCAT2,GTADCAT2,X26
e0a4cfd3-51da-45b0-b6f4-6ea87fc8110b,GTA,GTADCAT2,GTADCAT2,X27
84dbae48-d2b3-48f0-88ac-99154bba4d4f,GTA,GTADCBC2,GTADCBC2,A00
d3de84d5-11c6-4af9-840d-40e20de65f32,GTA,GTADCBC2,GTADCBC2,A01
a4eabeed-8aba-4ee7-85a7-4554a02d6154,GTA,GTADCBC2,GTADCBC2,C01
54847595-1a95-43cf-91bb-ab593ba0750f,GTA,GTADCBC2,GTADCBC2,C02
73ca7ab7-fff7-43b7-8ff6-873874073816,GTA,GTADCBC2,GTADCBC2,D01
af69fe3f-83c4-4b4c-81f0-2e5612b47dcd,GTA,GTADCBC2,GTADCBC2,D07
58680c3b-4f29-40fb-a80c-e1d248604cb0,GTA,GTADCBC2,GTADCBC2,X02
5b10dd79-3f94-48ce-91f4-c28d82090fb9,GTA,GTADCBC2,GTADCBC2,X03
3d43bea6-d2e7-49cb-b7d0-fff3e852e977,GTA,GTADCBC2,GTADCBC2,X26
2420f273-909e-401f-a550-7b4862e26ae5,GTA,GTADCBC2,GTADCBC2,X27
d58ba11e-d499-41ad-97eb-03a7a128e0dc,GTA,GTADCCD2,GTADCCD2,C01
b33a3aa4-5a84-4cca-87cd-83fc559103d5,GTA,GTADCCD2,GTADCCD2,C02
2aece383-3aab-4620-84e7-c8ef73984a69,GTA,GTADCCD2,GTADCCD2,X02
7150f295-970a-4742-b7ff-9fc9624935f2,GTA,GTADCCD2,GTADCCD2,X03
7490552f-efb6-4cbb-ac25-76db8820b803,GTA,GTADCCD2,GTADCCD2,X26
667b0352-727a-426f-af8b-7c289d973244,GTA,GTADCCD2,GTADCCD2,X27
03eb9635-06e5-4639-a6d8-419b6bf143a4,GTA,GTADCCDD2,GTADCCDD2,A00
bf587f55-ae41-45b6-af36-60f7eeef20a4,GTA,GTADCCDD2,GTADCCDD2,A01
953285f6-30f0-4d7b-a77d-fbe782849a2d,GTA,GTADCCDD2,GTADCCDD2,C01
053f285a-651f-40aa-a6ab-552680e4c4d7,GTA,GTADCCDD2,GTADCCDD2,C02
4cb2a3bf-c496-4b87-8d27-7e7ed91e7fe8,GTA,GTADCCDD2,GTADCCDD2,D01
7d8b9387-5c72-4aa1-b6ec-3fcac3c53eae,GTA,GTADCCDD2,GTADCCDD2,D07
277538d2-b955-4177-af12-e9a6583bf124,GTA,GTADCCDD2,GTADCCDD2,X02
931f91ae-4227-4dbc-92c5-af2277f47760,GTA,GTADCCDD2,GTADCCDD2,X03
b13e40c1-8410-4284-811b-65a4bdd12b84,GTA,GTADCCDD2,GTADCCDD2,X26
b7f6ce98-f0db-4886-9667-b886d958403b,GTA,GTADCCDD2,GTADCCDD2,X27
b133ec31-da72-4b34-84e2-c30b7401e43f,GTA,GTADCCDJ2,GTADCCDJ2,A00
0650b302-ecf4-46ed-84ee-c7b89ca5a42e,GTA,GTADCCDJ2,GTADCCDJ2,A01
7c66c6f4-2e16-4a47-9843-ee4fb5b93db4,GTA,GTADCCDJ2,GTADCCDJ2,C01
069a0d4e-97e4-4e2a-b1b7-7b982823a7d0,GTA,GTADCCDJ2,GTADCCDJ2,C02
cb9eb2fb-fdb3-488f-918c-f184e812a390,GTA,GTADCCDJ2,GTADCCDJ2,D01
bbffa6d5-178e-469c-ab3c-2f73370a8218,GTA,GTADCCDJ2,GTADCCDJ2,D07
b06b70c6-db90-4b02-9fdd-b2a2a327628f,GTA,GTADCCDJ2,GTADCCDJ2,X02
af42ce89-2e5f-4f61-840a-a9d51dfb8442,GTA,GTADCCDJ2,GTADCCDJ2,X03
4e85d213-19ba-47d3-b3e6-474e74d51c99,GTA,GTADCCDJ2,GTADCCDJ2,X26
e2b62ae6-2db4-4b25-9a3c-636bd3653740,GTA,GTADCCDJ2,GTADCCDJ2,X27
42f3e464-8fcf-4359-b58a-f708a8f1be05,GTA,GTADCCH2,GTADCCH2,C01
e71e9c92-fcc0-4cb4-a5fd-4caf683158d6,GTA,GTADCCH2,GTADCCH2,C02
d46e4384-2a33-4de9-9924-182747098373,GTA,GTADCCH2,GTADCCH2,X02
d8d282d7-49ec-4bc7-8f40-2e8bcf8334a0,GTA,GTADCCH2,GTADCCH2,X03
e3c47d77-c8d5-490f-89d8-d73516f9b37b,GTA,GTADCCH2,GTADCCH2,X26
c2fb2e4a-0209-4dfe-914a-05a5bda25b3d,GTA,GTADCCH2,GTADCCH2,X27
e5574b9c-443f-4677-98f7-0f9ea33baca8,GTA,GTADCCI2,GTADCCI2,A00
5cbc8e54-8668-4a1d-aa2c-0fe2681d1d32,GTA,GTADCCI2,GTADCCI2,A01
e2a41b5c-b462-49e6-a7e9-cd7a718c38b2,GTA,GTADCCI2,GTADCCI2,C01
e83e1eee-83ad-4ec3-ac48-4a541d4e95ee,GTA,GTADCCI2,GTADCCI2,C02
6e81491e-513c-4f85-9041-ab0810baef8a,GTA,GTADCCI2,GTADCCI2,D01
7708df2f-f935-4344-ac9e-8d3c0d161e37,GTA,GTADCCI2,GTADCCI2,D07
7a7df0fd-4bf4-489e-a77f-8f73f80895cf,GTA,GTADCCI2,GTADCCI2,X01
4ef5f58e-c801-47f6-9e90-ef4eb052a8ad,GTA,GTADCCI2,GTADCCI2,X02
190deb54-fd7d-412e-8398-a1cf200861b3,GTA,GTADCCI2,GTADCCI2,X03
916a403e-15cf-4ddf-8161-28990e36d763,GTA,GTADCCI2,GTADCCI2,X25
c9636ecf-05cc-405a-8428-d9167c2143ac,GTA,GTADCCI2,GTADCCI2,X26
2eefa20d-8230-44d9-bd27-5d77a6a7249f,GTA,GTADCCI2,GTADCCI2,X27
bce7f23b-b63d-4df0-b07b-df182f47fc53,GTA,GTADCCM2,GTADCCM2,C01
1a51605e-8601-4021-8353-a75cfd14484f,GTA,GTADCCM2,GTADCCM2,C02
da568796-7bb7-4550-b099-928a6d427dc7,GTA,GTADCCM2,GTADCCM2,X02
89d083d3-b4ba-44fb-bb8f-74ed0d7b68d9,GTA,GTADCCM2,GTADCCM2,X03
2775833a-5232-4db3-8230-2c9c7bb8afac,GTA,GTADCCM2,GTADCCM2,X26
8e8f56b0-6387-4bb6-a64b-b62aeb3defe0,GTA,GTADCCM2,GTADCCM2,X27
11af8fb5-9f48-48c6-925b-060c26c50051,GTA,GTADCCMJ2,GTADCCMJ2,A00
4cea0b62-479f-461a-b1ca-2ccc05af2c82,GTA,GTADCCMJ2,GTADCCMJ2,A01
22742c59-586d-4050-b618-c581e693f2c5,GTA,GTADCCMJ2,GTADCCMJ2,C01
e11a95bb-8b06-4220-a29b-4bf382520b03,GTA,GTADCCMJ2,GTADCCMJ2,C02
e20aac68-61e9-4999-8ea3-bd872c27dc23,GTA,GTADCCMJ2,GTADCCMJ2,D01
34ddf494-2fc6-4873-b181-26169d23afca,GTA,GTADCCMJ2,GTADCCMJ2,D07
fdb1d801-bbf1-49a8-8c2a-1b6fd7319d23,GTA,GTADCCMJ2,GTADCCMJ2,X02
4c4f83f3-e303-491d-902e-4d27552e23a3,GTA,GTADCCMJ2,GTADCCMJ2,X03
9f10a848-9e3e-4701-addd-b9a5475552e0,GTA,GTADCCMJ2,GTADCCMJ2,X26
cbb475c7-284a-401f-9d8d-40fd9bdfbc18,GTA,GTADCCMJ2,GTADCCMJ2,X27
4ac267d6-c160-4ba8-b44f-6aa2d11ac44b,GTA,GTADCCN2,GTADCCN2,C01
d1b2aef8-1019-46f3-b415-0566c9e4ba61,GTA,GTADCCN2,GTADCCN2,C02
63552cc6-a1a5-4618-9f35-be9378e8a517,GTA,GTADCCN2,GTADCCN2,X02
1b4586d3-1be9-4ba0-a344-9e0f1c0c4fbb,GTA,GTADCCN2,GTADCCN2,X03
d5d0cc89-f7e1-4e7b-a3aa-cbec97916639,GTA,GTADCCN2,GTADCCN2,X26
446c62b1-bcb3-4243-8ad4-164542db5981,GTA,GTADCCN2,GTADCCN2,X27
8f01db88-779a-4dab-87e2-d2c23d8b227f,GTA,GTADCDD2,GTADCDD2,C01
4a58a4e8-1edb-4b3c-bbc6-b3ecd9d58137,GTA,GTADCDD2,GTADCDD2,C02
842dc74d-4a0a-4ce3-988b-790b1fc39efb,GTA,GTADCDD2,GTADCDD2,X02
c0e59a3f-da95-4d78-8ae3-2b0226738182,GTA,GTADCDD2,GTADCDD2,X03
1b9b0eb9-17c5-48c3-a32c-4725e156541a,GTA,GTADCDD2,GTADCDD2,X26
358dd294-7072-4dbc-995e-2898dc50fce6,GTA,GTADCDD2,GTADCDD2,X27
25f953bf-d99f-40f4-bcf8-c7127bcaba0e,GTA,GTADCDM2,GTADCDM2,C01
901a460b-4e83-4483-8e37-82474f6264e8,GTA,GTADCDM2,GTADCDM2,C02
98f9b627-bb76-4b81-a4a3-1861a28048af,GTA,GTADCDM2,GTADCDM2,X02
4904c0ad-2680-4149-95a7-2e71e03c7b9f,GTA,GTADCDM2,GTADCDM2,X03
6e0d5152-a2b2-498a-ade6-fddeea733dee,GTA,GTADCDM2,GTADCDM2,X26
f9559c0c-7ed2-45c2-8bbc-be4ece5da2a2,GTA,GTADCDM2,GTADCDM2,X27
8aa8af61-9d8f-4550-bd35-d80dceb46586,GTA,GTADCDT2,GTADCDT2,C01
d833e3d2-af3b-4583-a12c-bbb2123b3ab8,GTA,GTADCDT2,GTADCDT2,C02
cccd9abc-1752-45cb-9d46-f670d6bae562,GTA,GTADCDT2,GTADCDT2,X02
69e43975-6d0d-4897-9eb9-96f9c408c10e,GTA,GTADCDT2,GTADCDT2,X03
2ce82ba0-c6d0-4102-8163-4b961d58da01,GTA,GTADCDT2,GTADCDT2,X26
09e31c1e-ad9a-48b4-a445-b0f5b81dd1a9,GTA,GTADCDT2,GTADCDT2,X27
c7ce8952-9574-420b-98ab-ecadbcf9d656,GTA,GTADCDTJ2,GTADCDTJ2,A00
a1d04453-2339-462c-83d0-a53914889738,GTA,GTADCDTJ2,GTADCDTJ2,A01
05d430d1-dc6c-466e-9088-ca46d8f12110,GTA,GTADCDTJ2,GTADCDTJ2,C01
ed7ba5b7-da6d-4e45-9ff4-0671e01ae7ac,GTA,GTADCDTJ2,GTADCDTJ2,C02
8ea7bcba-7d40-423a-b872-fa7bfea82f2f,GTA,GTADCDTJ2,GTADCDTJ2,D01
278d7665-67a2-4085-b5d0-6fb1712b9162,GTA,GTADCDTJ2,GTADCDTJ2,D07
356b8f25-9523-45f0-9b9a-f42e9d82c638,GTA,GTADCDTJ2,GTADCDTJ2,X02
2629ea5f-6215-4e29-868b-47bef5ffbb96,GTA,GTADCDTJ2,GTADCDTJ2,X03
22e30590-db2b-4f1a-8928-90d288eb3513,GTA,GTADCDTJ2,GTADCDTJ2,X26
0523eacb-3604-4f59-8db3-dfb9d7a811ae,GTA,GTADCDTJ2,GTADCDTJ2,X27
af6750ce-84a3-4ad3-be62-45bfea9e9e45,GTA,GTADCFT2,GTADCFT2,A00
3a656e62-1505-4364-a27b-c21807ae8650,GTA,GTADCFT2,GTADCFT2,A01
7be945c4-51f2-4ca5-a118-7c385c83f4ff,GTA,GTADCFT2,GTADCFT2,C01
4f9f1be1-b8d3-45d6-add7-04620dae00af,GTA,GTADCFT2,GTADCFT2,C02
ba062962-3bfb-4dfe-a263-9469be5a21d8,GTA,GTADCFT2,GTADCFT2,D01
e6188e5b-10f9-474e-bbe5-e37b80ef25d3,GTA,GTADCFT2,GTADCFT2,D07
4a0aa96d-c5c4-447a-a8d7-f7b71706ae96,GTA,GTADCFT2,GTADCFT2,X01
bb9a525a-1755-4db1-85c2-8be728e70d0b,GTA,GTADCFT2,GTADCFT2,X02
3ca799e7-25f6-48a0-9d48-e71d4ca05e55,GTA,GTADCFT2,GTADCFT2,X03
80d04dee-dbf7-46ac-83b2-13badc0d6260,GTA,GTADCFT2,GTADCFT2,X25
0607672a-2c57-42ae-a2a3-4e9c841e2e39,GTA,GTADCFT2,GTADCFT2,X26
5dac76f6-809b-4eaa-976f-bfd0b640c5c9,GTA,GTADCFT2,GTADCFT2,X27
5cff9ab9-43be-4d33-90e6-13fa1dc1793f,GTA,GTADCHQ2,GTADCHQ2,A00
210d1029-d9e3-4125-911a-f745b02302b2,GTA,GTADCHQ2,GTADCHQ2,A01
cb2fb1b5-9ec3-4c98-a0e3-44e8e1bf51a9,GTA,GTADCHQ2,GTADCHQ2,C01
28e5c4f5-e197-4ed3-8dcb-a5d46fe7344d,GTA,GTADCHQ2,GTADCHQ2,C02
6d7bc0a8-a119-498b-9fce-4b984f05e9c2,GTA,GTADCHQ2,GTADCHQ2,D01
cce54530-387b-4c9c-b6b3-555b37e57a7f,GTA,GTADCHQ2,GTADCHQ2,D07
ce5f8754-112c-44a9-80c7-df52d38af3b7,GTA,GTADCHQ2,GTADCHQ2,X01
38acca2d-b18d-4ea0-832b-a19b6b7ca5d3,GTA,GTADCHQ2,GTADCHQ2,X02
e6c1c3be-a091-4bb5-912a-1d4c26c26336,GTA,GTADCHQ2,GTADCHQ2,X03
6201a26e-969c-4622-9436-8af3af369e8c,GTA,GTADCHQ2,GTADCHQ2,X25
0613b07f-f651-4c48-98d6-fd66afbb6324,GTA,GTADCHQ2,GTADCHQ2,X26
343936d5-a5f4-4fc2-bb5f-6bc0165fa88a,GTA,GTADCHQ2,GTADCHQ2,X27
7498de15-2178-4e44-9c2c-25ebd3529f6c,GTA,GTADCHS2,GTADCHS2,A00
8b091d26-ccf5-47f2-80e2-16b95e269b9b,GTA,GTADCHS2,GTADCHS2,A01
da65bb32-ae03-4b04-9c6d-e4db8feaf96e,GTA,GTADCHS2,GTADCHS2,C01
b832db7d-3a60-43c2-8209-418f66c8d4ee,GTA,GTADCHS2,GTADCHS2,C02
9068e192-e676-43dc-97f5-4c298736e740,GTA,GTADCHS2,GTADCHS2,D01
ed43051a-edd8-42a9-be7f-2153154521b3,GTA,GTADCHS2,GTADCHS2,D07
8765b5db-a56d-42b8-9668-8ba88229bc45,GTA,GTADCHS2,GTADCHS2,X02
40eb9566-1521-469a-be88-91f7238e3d65,GTA,GTADCHS2,GTADCHS2,X03
57349995-3d8a-4dff-a82c-04d3be265753,GTA,GTADCHS2,GTADCHS2,X26
8c256c9c-7bba-42bd-80c7-fc97d95510ec,GTA,GTADCHS2,GTADCHS2,X27
9e4fabf7-b074-4c34-9361-94f77dcb01bb,GTA,GTADCHSA2,GTADCHSA2,A00
b0e2c640-5705-4a2d-bde7-f0bf171a382f,GTA,GTADCHSA2,GTADCHSA2,A01
8e3ed038-1efe-4fbb-8af1-ee818b02f2e2,GTA,GTADCHSA2,GTADCHSA2,C01
8cb4d91c-682b-41dc-8feb-94d69aa350db,GTA,GTADCHSA2,GTADCHSA2,C02
4f6b6837-be9c-4e27-b6c5-860b628ed0b0,GTA,GTADCHSA2,GTADCHSA2,D01
ac64d1b0-fea8-40c8-b28f-d34bb8d48d29,GTA,GTADCHSA2,GTADCHSA2,D07
5825f582-5230-4077-bf83-ca0aeeb1e7f5,GTA,GTADCHSA2,GTADCHSA2,X02
25a70631-e27a-44f1-8f7c-0a0b6c588e70,GTA,GTADCHSA2,GTADCHSA2,X03
b66c079e-a29f-49d9-9e35-cc1429250cd9,GTA,GTADCHSA2,GTADCHSA2,X26
ee9b5955-7edd-4998-a2bb-1422ad853c40,GTA,GTADCHSA2,GTADCHSA2,X27
ecda94c3-8195-4e2e-a6f1-fe5cc4ca6235,GTA,GTADCKB2,GTADCKB2,A00
1d910e32-38ab-45b3-b35a-b09fe83d5c21,GTA,GTADCKB2,GTADCKB2,A01
8452f9d3-96ef-4145-96f1-8f628cf2a408,GTA,GTADCKB2,GTADCKB2,C01
c172ad40-2779-48cd-951d-04594dd4c9b8,GTA,GTADCKB2,GTADCKB2,C02
056fcd03-a4c4-4946-bce0-32a61eef4815,GTA,GTADCKB2,GTADCKB2,D01
c443d241-5f88-4c80-9fa3-9fc6e1399f88,GTA,GTADCKB2,GTADCKB2,D07
7b39803c-c0ab-42d9-8cad-89c67c30a6a1,GTA,GTADCKB2,GTADCKB2,X02
c52b64ad-31c9-4c0e-be23-1430d93a61dd,GTA,GTADCKB2,GTADCKB2,X03
6dba6f06-4289-4820-bcfc-0fae5b71b1a6,GTA,GTADCKB2,GTADCKB2,X26
f3a5da62-a28e-4986-bafc-39b695b581b2,GTA,GTADCKB2,GTADCKB2,X27
6f26ed79-da7a-4bbe-9804-3fa2b574d741,GTA,GTADCKN2,GTADCKN2,C01
baa718d0-ad4c-4252-9cc9-2bf989f5708d,GTA,GTADCKN2,GTADCKN2,C02
fc43ec75-be16-4917-9e35-7277dcd87770,GTA,GTADCKN2,GTADCKN2,X02
c3335d02-6afa-4bb8-b28e-29b3cc609ce8,GTA,GTADCKN2,GTADCKN2,X03
c7c41421-5f1f-444c-a7b8-99f6b11e2900,GTA,GTADCKN2,GTADCKN2,X26
5222301d-7599-48d0-8f43-86fdac93dc95,GTA,GTADCKN2,GTADCKN2,X27
5eb11229-e36a-4f8f-b618-16784e909cb3,GTA,GTADCKQA2,GTADCKQA2,A00
780f17c6-56dc-4e68-92f3-11018bc43a33,GTA,GTADCKQA2,GTADCKQA2,A01
b1651ad3-31f0-40d6-a212-1a0c89c94c37,GTA,GTADCKQA2,GTADCKQA2,C01
d913b991-f5d8-4276-8586-0b05e11940e3,GTA,GTADCKQA2,GTADCKQA2,C02
36592095-420c-48ac-91c2-ba4a54c65d4f,GTA,GTADCKQA2,GTADCKQA2,D01
60606c89-5c9f-4dc0-9c4d-83c5a5870c61,GTA,GTADCKQA2,GTADCKQA2,D07
8b4b36b0-6759-41dd-ba6a-ec815367a3a8,GTA,GTADCKQA2,GTADCKQA2,X01
624aa34d-4764-45e8-9c9e-9e609b6e276d,GTA,GTADCKQA2,GTADCKQA2,X02
68a15a39-7544-44ec-b5ff-4add1c273cd1,GTA,GTADCKQA2,GTADCKQA2,X03
b3e189b0-1cee-43dc-ba32-824925c6c6a9,GTA,GTADCKQA2,GTADCKQA2,X25
00eeae9a-b268-4937-a903-862caad582ba,GTA,GTADCKQA2,GTADCKQA2,X26
944dc49b-d929-4f52-9efa-18f4cb9e2b72,GTA,GTADCKQA2,GTADCKQA2,X27
9abbb214-086c-466f-8075-0925300e4f71,GTA,GTADCKS2,GTADCKS2,A00
3c711a57-84a3-4329-9b1e-2a4f02d5d4b0,GTA,GTADCKS2,GTADCKS2,A01
ec52efbb-1db2-4098-bf05-7c2926c65b0d,GTA,GTADCKS2,GTADCKS2,C01
b68290b1-4dfc-4925-9bcb-9115e273e042,GTA,GTADCKS2,GTADCKS2,C02
5288bfb9-3eb7-4ab5-8a43-9975bd8221b4,GTA,GTADCKS2,GTADCKS2,D01
d7dd7199-6d44-4250-a540-c4e6febcdfc4,GTA,GTADCKS2,GTADCKS2,D07
9076085b-31d3-4a5a-8ac3-65b0b55b2aff,GTA,GTADCKS2,GTADCKS2,X01
ef4633d7-1101-4d52-bca7-c550a8df0515,GTA,GTADCKS2,GTADCKS2,X02
752b9bf6-183c-4a4d-9198-06e556ad50b4,GTA,GTADCKS2,GTADCKS2,X03
13294b4e-05b5-46b7-856d-4ab9bc072805,GTA,GTADCKS2,GTADCKS2,X25
4a761a0b-e338-47d3-834b-4decfc232072,GTA,GTADCKS2,GTADCKS2,X26
41db68e0-ea26-4f7b-a54c-5ce5f6ea27a3,GTA,GTADCKS2,GTADCKS2,X27
74158427-86a5-4993-b97e-e37711f6e49e,GTA,GTADCKT2,GTADCKT2,C01
f1d201c7-8d49-48eb-bd1c-317373740383,GTA,GTADCKT2,GTADCKT2,C02
2603a653-e016-4aec-89a1-7b46db295c6c,GTA,GTADCKT2,GTADCKT2,X01
9f9028d8-947c-413a-97b6-271701e529ed,GTA,GTADCKT2,GTADCKT2,X02
bd663c91-22c1-49b6-8842-61fe4978d0c6,GTA,GTADCKT2,GTADCKT2,X03
7d2521c9-2ea8-4716-a945-88c40b473e3f,GTA,GTADCKT2,GTADCKT2,X25
7e07350e-6023-4cb1-b10c-0bbd7e2c0d7c,GTA,GTADCKT2,GTADCKT2,X26
35b06a86-b6cd-4124-95f9-1c5f23c3887c,GTA,GTADCKT2,GTADCKT2,X27
65fad232-28d0-46a2-9ac7-c7f5dce1d066,GTA,GTADCKX2,GTADCKX2,C01
76bd2015-1020-43de-820d-0a14c23d0396,GTA,GTADCKX2,GTADCKX2,C02
7685d517-61bb-4505-a415-8014b40f68bf,GTA,GTADCKX2,GTADCKX2,X02
57fc36ca-4950-4ab3-ae41-20dfb169db5b,GTA,GTADCKX2,GTADCKX2,X03
4fd0b218-4bd4-49d6-98cd-3a2101cb5a88,GTA,GTADCKX2,GTADCKX2,X26
55ba6162-d6ec-49fb-82b9-322dd17e3b0b,GTA,GTADCKX2,GTADCKX2,X27
a37d03ed-d7ac-438a-a505-ad3b860f010b,GTA,GTADCLD2,GTADCLD2,A00
047e8f07-7e24-4ced-86aa-361735a60079,GTA,GTADCLD2,GTADCLD2,A01
76e61fd6-3b7a-4383-975a-bd647f87f108,GTA,GTADCLD2,GTADCLD2,C01
7a5ed557-7911-443d-af9e-1fee39993a4f,GTA,GTADCLD2,GTADCLD2,C02
6c64adc1-306f-4aea-9c78-b1d32e5b50a1,GTA,GTADCLD2,GTADCLD2,D01
d1dc43bb-b2c6-4634-a459-b6c53576ed2e,GTA,GTADCLD2,GTADCLD2,D07
ae193b4b-8883-48d8-94a1-e10bca6ebc40,GTA,GTADCLD2,GTADCLD2,X02
99325128-67a4-4770-b2f1-e0ba2c31cd14,GTA,GTADCLD2,GTADCLD2,X03
81d30b4c-3485-465b-9089-45a2b0ba35ed,GTA,GTADCLD2,GTADCLD2,X26
ff9ac349-beb7-4678-9f96-bf005e4c78c7,GTA,GTADCLD2,GTADCLD2,X27
5587c63e-d333-401b-85a8-e7019987956d,GTA,GTADCLDA2,GTADCLDA2,A00
9e8d810f-246d-43e6-b037-2d893c304640,GTA,GTADCLDA2,GTADCLDA2,A01
d991768d-088c-4b1b-bfe8-976e34862611,GTA,GTADCLDA2,GTADCLDA2,C01
96dee71c-e09f-4d8c-baf9-ebf718a07377,GTA,GTADCLDA2,GTADCLDA2,C02
a4907498-1095-4d7f-b409-97b4818b2b26,GTA,GTADCLDA2,GTADCLDA2,D01
24b7049b-046e-4ea8-be80-8ec4d4b570cf,GTA,GTADCLDA2,GTADCLDA2,D07
6c25ae0a-48dd-425f-b014-8dacfaa6ab60,GTA,GTADCLDA2,GTADCLDA2,X02
dd036fac-4dc6-44a7-adbf-939ef0004ef4,GTA,GTADCLDA2,GTADCLDA2,X03
1a40f279-6096-48ea-88fa-06a70efeec88,GTA,GTADCLDA2,GTADCLDA2,X26
44397220-48ea-4ce0-92e1-71632d6905a8,GTA,GTADCLDA2,GTADCLDA2,X27
f3e74d3a-48f7-4a66-8f4a-feb3ef232ae9,GTA,GTADCLG2,GTADCLG2,C01
8b76f700-2166-496c-b4fa-4c2259a111f4,GTA,GTADCLG2,GTADCLG2,C02
6ac9f2f0-cd28-4538-9760-63b9bda2c8a7,GTA,GTADCLG2,GTADCLG2,X02
e0a7454a-e767-4b50-96b3-78b1b1bd94a9,GTA,GTADCLG2,GTADCLG2,X03
83122ac7-eef9-478d-9186-dac13b43d1fe,GTA,GTADCLG2,GTADCLG2,X26
b9a4948d-e6fc-4987-ad6a-d04624ac0ec6,GTA,GTADCLG2,GTADCLG2,X27
3b280b0b-d168-47a0-933b-330c96ea8831,GTA,GTADCLGA2,GTADCLGA2,A00
58fbd80e-1a2b-4b42-b799-ffffb100ca81,GTA,GTADCLGA2,GTADCLGA2,A01
05c34bee-406d-478d-b4a6-99442a5c605b,GTA,GTADCLGA2,GTADCLGA2,C01
91c5cd73-0624-4ba3-87f5-c29e08150b0c,GTA,GTADCLGA2,GTADCLGA2,C02
5d45edf2-61b1-4d07-b823-0bfbc2eb9b63,GTA,GTADCLGA2,GTADCLGA2,D01
7b1cb82b-e933-4417-9569-032bee968b6e,GTA,GTADCLGA2,GTADCLGA2,D07
354049df-2202-4868-9048-13f09c0851d3,GTA,GTADCLGA2,GTADCLGA2,X02
fb4c89e3-8f33-4528-bfdf-1df96997e60a,GTA,GTADCLGA2,GTADCLGA2,X03
fc7063d3-a73a-4151-82de-2dc3564edded,GTA,GTADCLGA2,GTADCLGA2,X26
8215a3b4-3361-4ec5-8a98-db2f2d16b33d,GTA,GTADCLGA2,GTADCLGA2,X27
5d2c5e91-3e69-4822-9617-9f9d227f806d,GTA,GTADCLGJ2,GTADCLGJ2,A00
c7e2c914-ead8-45c9-99f1-b531377b7358,GTA,GTADCLGJ2,GTADCLGJ2,A01
b43c7e9e-f674-4fee-824f-f4e4da3ce6cb,GTA,GTADCLGJ2,GTADCLGJ2,C01
2c3b4ec5-6d5c-4026-b71f-6b05e4e8f00e,GTA,GTADCLGJ2,GTADCLGJ2,C02
642f7a6c-d5a1-45af-b305-8ca887f4c44c,GTA,GTADCLGJ2,GTADCLGJ2,D01
36b3c8fb-77ee-4b57-96cb-4e7ac2e26f95,GTA,GTADCLGJ2,GTADCLGJ2,D07
439f091d-eb8e-4b2b-aa78-f94ff3b245b1,GTA,GTADCLGJ2,GTADCLGJ2,X02
8f38b77e-2e71-4b6d-ae36-b85377289e0d,GTA,GTADCLGJ2,GTADCLGJ2,X03
c8220dd0-1cd4-47b1-9db2-82aca16d946e,GTA,GTADCLGJ2,GTADCLGJ2,X26
c10e7626-a8ea-4881-988a-7d2f8a1b49aa,GTA,GTADCLGJ2,GTADCLGJ2,X27
19d935f4-378b-47bd-8d1c-225d9eac76da,GTA,GTADCLH2,GTADCLH2,C01
c917e86e-eb5c-4008-a01f-299eedc9cd33,GTA,GTADCLH2,GTADCLH2,C02
646a957f-1032-4fbe-af3f-bd13c73468fa,GTA,GTADCLH2,GTADCLH2,X02
f0438d32-3edc-4efc-83c4-8e1468fe8f31,GTA,GTADCLH2,GTADCLH2,X03
caa73b50-78f7-4ac8-ac33-797aeb35aebb,GTA,GTADCLH2,GTADCLH2,X26
91dd7e6d-15f9-4c3f-94e2-25b932b9815f,GTA,GTADCLH2,GTADCLH2,X27
0dda1cf0-457a-4345-977a-53ec652cbaad,GTA,GTADCLHA2,GTADCLHA2,A00
7177892a-8ccd-4da7-bcea-505496f46b69,GTA,GTADCLHA2,GTADCLHA2,A01
db5d0432-b449-4218-ab50-de6c6b4aef80,GTA,GTADCLHA2,GTADCLHA2,C01
957183a4-fa9c-4cf6-aadb-6247afa7be81,GTA,GTADCLHA2,GTADCLHA2,C02
b2db7bc6-dd46-4ba3-9f17-408e08bba33b,GTA,GTADCLHA2,GTADCLHA2,D01
472a173c-3a24-41ba-8f0c-8bec463dcda6,GTA,GTADCLHA2,GTADCLHA2,D07
cb89d1d1-446b-49ca-be54-dc3152c8e894,GTA,GTADCLHA2,GTADCLHA2,X01
001214c1-4c73-4e90-9244-511415f379ac,GTA,GTADCLHA2,GTADCLHA2,X02
66d396e3-95e4-4eb0-a232-a260a2aa86be,GTA,GTADCLHA2,GTADCLHA2,X03
d5429df4-ac84-4783-bd0b-8f035a7ac813,GTA,GTADCLHA2,GTADCLHA2,X25
111fa0ac-3850-46d3-9f5c-12cc5efbea88,GTA,GTADCLHA2,GTADCLHA2,X26
a6b5fcab-c22c-4638-89d0-541254db3793,GTA,GTADCLHA2,GTADCLHA2,X27
f15a2637-2b77-4e20-90a4-e2ff3c9b2d33,GTA,GTADCMN2,GTADCMN2,C01
027e8461-7671-439c-b642-ade17dc49401,GTA,GTADCMN2,GTADCMN2,C02
7fcce503-aafa-4198-bd20-663ea1d8333e,GTA,GTADCMN2,GTADCMN2,X02
5676ac87-c2af-4501-ac80-fb119743b9e8,GTA,GTADCMN2,GTADCMN2,X03
768eeceb-54a4-41a0-944a-ddfcb9782f9e,GTA,GTADCMN2,GTADCMN2,X26
9db2e9d9-056c-4dcb-a96c-b5dbb4a74e0c,GTA,GTADCMN2,GTADCMN2,X27
efcd39e6-aa57-4534-93f4-9e28bb7fbefb,GTA,GTADCMT2,GTADCMT2,C01
1535800f-f41d-449f-b870-e859c77b9626,GTA,GTADCMT2,GTADCMT2,C02
a546acd5-7d96-4973-9bf5-52decf1622f1,GTA,GTADCMT2,GTADCMT2,X02
8425a7c8-92ef-477d-89d2-c12d912ae1be,GTA,GTADCMT2,GTADCMT2,X03
a46b11e3-e970-4c36-aeae-db62203d567a,GTA,GTADCMT2,GTADCMT2,X26
5f1cc33f-98ec-45a6-b8cf-0b991aa1a677,GTA,GTADCMT2,GTADCMT2,X27
25e17d6e-5c34-4e9e-a3c2-575d67b9dc4a,GTA,GTADCMX2,GTADCMX2,C01
fa7d9af6-21b9-46e1-aa49-a300fa506262,GTA,GTADCMX2,GTADCMX2,C02
c403c8c9-132f-4179-8d70-d315a1b98246,GTA,GTADCMX2,GTADCMX2,X02
1abb4bf1-cbcf-49bb-a645-d1e1b69c66cf,GTA,GTADCMX2,GTADCMX2,X03
c9cacf1d-8a5e-42e2-a385-d398abb68a27,GTA,GTADCMX2,GTADCMX2,X26
2212fa38-6993-496c-806e-5b06e47de233,GTA,GTADCMX2,GTADCMX2,X27
3abc703e-a090-4ae9-8901-84d20d105e03,GTA,GTADCOD2,GTADCOD2,A00
76974b26-ae69-4f47-b1ce-821d6720dc1b,GTA,GTADCOD2,GTADCOD2,A01
db562496-4ac9-4789-bc1a-e2969f8a15a9,GTA,GTADCOD2,GTADCOD2,C01
975fa321-bf6f-402e-912f-e5852a6a786a,GTA,GTADCOD2,GTADCOD2,C02
bb4261a5-1a1f-4031-8260-026dfe4793e2,GTA,GTADCOD2,GTADCOD2,D01
93b5e7bc-94f0-4165-bc3a-b9ab8a160d69,GTA,GTADCOD2,GTADCOD2,D07
787756db-1dd8-44aa-9f7d-6a87a3584bc7,GTA,GTADCOD2,GTADCOD2,X02
14a2e1d4-37f9-4082-9e09-bc693126aee1,GTA,GTADCOD2,GTADCOD2,X03
5c752cb4-33f1-4bbb-bfa7-815d77e14da8,GTA,GTADCOD2,GTADCOD2,X26
0e51c684-c51e-42f8-8124-72fcf6d59e66,GTA,GTADCOD2,GTADCOD2,X27
0e1c75bf-9a00-48d7-b7f9-75281a811750,GTA,GTADCODA2,GTADCODA2,A00
b1423923-04e8-400a-9e78-bfb3ab9a2c28,GTA,GTADCODA2,GTADCODA2,A01
0402e0ba-469a-4af6-9836-e2886309f813,GTA,GTADCODA2,GTADCODA2,C01
bf6d8ca6-47dc-4fdb-957d-860b51945bf6,GTA,GTADCODA2,GTADCODA2,C02
794bd96c-c20a-44bd-8685-b9bc126483f2,GTA,GTADCODA2,GTADCODA2,D01
3f7d9d75-a1a6-4a43-9688-cc6e56557209,GTA,GTADCODA2,GTADCODA2,D07
57b3d573-9b1a-43c7-b901-cf7ae20190dd,GTA,GTADCODA2,GTADCODA2,X02
a205ee58-52a2-46c7-a929-30dd8c30704e,GTA,GTADCODA2,GTADCODA2,X03
19ad8547-547b-459a-bcdf-acef130fb318,GTA,GTADCODA2,GTADCODA2,X26
dcfd8837-a265-46f4-ac98-87e9dd76ec50,GTA,GTADCODA2,GTADCODA2,X27
a1d3c9a2-8ed1-4eb4-ac73-0169e45aea92,GTA,GTADCOG2,GTADCOG2,C01
a7205885-3727-49b5-a66e-3f8fb1bc6dec,GTA,GTADCOG2,GTADCOG2,C02
4d94d199-1e65-4917-96a7-65d72ef4b16d,GTA,GTADCOG2,GTADCOG2,X02
93099f4b-54d5-484c-b192-b3da1cd8590e,GTA,GTADCOG2,GTADCOG2,X03
be26464d-a667-4aaf-9895-caf8e097d8c2,GTA,GTADCOG2,GTADCOG2,X26
27413aea-d940-4a0d-8ca4-0f363ef0a8ca,GTA,GTADCOG2,GTADCOG2,X27
feeaf731-2fcf-4580-9790-3bceb665af8e,GTA,GTADCOH2,GTADCOH2,A00
20a43144-01c7-44e3-bf3b-a54c6d311e8a,GTA,GTADCOH2,GTADCOH2,A01
3a232472-6993-4060-a99a-43d85e5d4092,GTA,GTADCOH2,GTADCOH2,C01
ed1f7a76-b4fd-44db-83a4-f42e39e5eb0c,GTA,GTADCOH2,GTADCOH2,C02
6761e04b-2daa-45db-8aa4-00b96aba4ddc,GTA,GTADCOH2,GTADCOH2,D01
57edeb2e-e8da-4fd9-8a2c-45b0b92b1ff4,GTA,GTADCOH2,GTADCOH2,D07
be6a1547-2da3-4a2c-af7c-99e64f413b53,GTA,GTADCOH2,GTADCOH2,X02
ff144250-25ab-4d5b-bf43-5bad02e5d22a,GTA,GTADCOH2,GTADCOH2,X03
ce937b55-8f63-40fc-a642-3b1c22012649,GTA,GTADCOH2,GTADCOH2,X26
236ce1c3-72b3-474a-93f5-cc65f1e28b07,GTA,GTADCOH2,GTADCOH2,X27
9bb2d36c-3759-4b4c-9f12-1ba733374468,GTA,GTADCOT2,GTADCOT2,C01
9d3a70c7-e139-4f6b-85ed-e98ee588157a,GTA,GTADCOT2,GTADCOT2,C02
ec93edf5-7bba-4f3d-a841-c74b6e18bacb,GTA,GTADCOT2,GTADCOT2,X02
10ff4ffb-ef63-4bad-ac3a-08a5a0f1fd74,GTA,GTADCOT2,GTADCOT2,X03
75a4a2a0-9e36-4d92-bc25-adc5c638a58b,GTA,GTADCOT2,GTADCOT2,X26
3e163547-2006-482b-880b-dfe6e6697c4e,GTA,GTADCOT2,GTADCOT2,X27
b10d86dd-c6c9-4b90-aa9b-340febff2c15,GTA,GTADCQM2,GTADCQM2,C01
b3361515-0ab6-46df-8ed0-b3ea2a2aacec,GTA,GTADCQM2,GTADCQM2,C02
032ee103-359a-46c2-b8cd-7f1cc41ea82b,GTA,GTADCQM2,GTADCQM2,X01
ef745415-c1b6-4a8e-84b4-67a67f8de788,GTA,GTADCQM2,GTADCQM2,X02
84e206e8-f3a5-4aec-92e9-2c5c030f865b,GTA,GTADCQM2,GTADCQM2,X03
197387d3-10a5-45fc-b150-4ed5a5652242,GTA,GTADCQM2,GTADCQM2,X25
1bca4d7a-8c7a-4c0d-90e5-5bd98ba30169,GTA,GTADCQM2,GTADCQM2,X26
9b5d3083-6de1-4577-a82a-12c3d16abc8a,GTA,GTADCQM2,GTADCQM2,X27
d48c3e3b-eebb-496b-9a78-f1416547e6fb,GTA,GTADCQMA2,GTADCQMA2,A00
a1c85c7d-99ec-47b7-9ad7-d0aba4231021,GTA,GTADCQMA2,GTADCQMA2,A01
b3a3de31-382e-47ad-b926-9d8f5bcfba2a,GTA,GTADCQMA2,GTADCQMA2,C01
7fc500a1-e6c4-4bb9-aa3c-8e74fee0b588,GTA,GTADCQMA2,GTADCQMA2,C02
fae83ca4-3f71-4dd8-a0c3-aca0fbec285f,GTA,GTADCQMA2,GTADCQMA2,D01
a07f9cfd-9434-416a-95d2-ece6f6add01f,GTA,GTADCQMA2,GTADCQMA2,D07
9da5e639-4486-4b95-8826-4e701f23fde6,GTA,GTADCQMA2,GTADCQMA2,X01
4ca0ada7-0864-4f07-a6cf-c3c0eacc77a4,GTA,GTADCQMA2,GTADCQMA2,X02
c50c0e9c-5595-4550-a9de-2a42eecd6b44,GTA,GTADCQMA2,GTADCQMA2,X03
67e16618-3ead-4953-b3ca-0e8f770074f1,GTA,GTADCQMA2,GTADCQMA2,X25
b58dd557-4ffb-4ac0-9c61-c4f2beee9ff9,GTA,GTADCQMA2,GTADCQMA2,X26
f3d7c8af-96d6-4439-9c68-51977633d1f9,GTA,GTADCQMA2,GTADCQMA2,X27
eed8a026-5280-4f87-a43a-3914393cba93,GTA,GTADCQT2,GTADCQT2,C01
13c4fd58-fc7b-4063-b8f0-a8b845b4bbce,GTA,GTADCQT2,GTADCQT2,C02
45ec39dd-af4e-4b1d-87cd-c79112e0f7e1,GTA,GTADCQT2,GTADCQT2,X01
dde37086-0d80-4708-b746-8be8b82a880d,GTA,GTADCQT2,GTADCQT2,X02
22cba4be-90a2-483a-bf95-85043199eba9,GTA,GTADCQT2,GTADCQT2,X03
ecf83335-7e98-4a68-b7b1-96ca32b4a1f6,GTA,GTADCQT2,GTADCQT2,X25
c4de475a-37f8-4a35-8d7f-5308a1d03136,GTA,GTADCQT2,GTADCQT2,X26
972943a1-c625-4cee-a651-51fe983ba00a,GTA,GTADCQT2,GTADCQT2,X27
382c56d9-40d5-487f-bffd-fca1c5d603f3,GTA,GTADCQX2,GTADCQX2,C01
13f328f1-3729-48a7-9986-7679e5d255b4,GTA,GTADCQX2,GTADCQX2,C02
50c478fc-901c-4c5a-8554-c698f2a32dec,GTA,GTADCQX2,GTADCQX2,X02
4cc4cb54-e31a-4ab6-816d-c4d274df104e,GTA,GTADCQX2,GTADCQX2,X03
2102d5cf-c758-40e9-8f30-d7d02193695c,GTA,GTADCQX2,GTADCQX2,X26
c7d87ce3-e233-48b3-ab04-462132ca470c,GTA,GTADCQX2,GTADCQX2,X27
532a53b2-8b21-4dc5-8440-d672d5e85518,GTA,GTADCQXD2,GTADCQXD2,A00
993816e9-5302-4143-a5a3-b20bf9a5cdec,GTA,GTADCQXD2,GTADCQXD2,A01
99ef5a68-73f2-4a84-87e4-db69c0d48368,GTA,GTADCQXD2,GTADCQXD2,C01
42a6c060-ab76-48b0-b633-2a89497752d7,GTA,GTADCQXD2,GTADCQXD2,C02
6bd82013-8149-41b1-a288-010a9cf6bd05,GTA,GTADCQXD2,GTADCQXD2,D01
139a5d80-5196-42a5-aab8-c2d90c443b61,GTA,GTADCQXD2,GTADCQXD2,D07
52494d15-4d30-4827-8fb3-9e28446662bc,GTA,GTADCQXD2,GTADCQXD2,X02
f0137f00-ca5e-402a-ad76-8e5397aba537,GTA,GTADCQXD2,GTADCQXD2,X03
6c0b62a9-bf85-49f8-8fe1-b2ec1e124b52,GTA,GTADCQXD2,GTADCQXD2,X26
296af516-65d7-4af9-8496-0a604fe981a4,GTA,GTADCQXD2,GTADCQXD2,X27
fecc1d1c-17ff-45af-8252-1d7bd8d56e41,GTA,GTADCRT2,GTADCRT2,A00
0fe1e477-dbc8-48b4-a6da-1eaaf0eb95bf,GTA,GTADCRT2,GTADCRT2,A01
cee66ca0-5530-4333-a61c-f0faa1c6a8f8,GTA,GTADCRT2,GTADCRT2,C01
b9be1078-6c60-4bbd-8079-a8d29a31fefb,GTA,GTADCRT2,GTADCRT2,C02
172dc843-35ca-47ed-8645-8370bd4e415a,GTA,GTADCRT2,GTADCRT2,D01
39f3aa6f-811c-42ba-9e1c-d6a0d0b662cf,GTA,GTADCRT2,GTADCRT2,D07
e2be7d55-5246-4b97-8625-37d829a4adf6,GTA,GTADCRT2,GTADCRT2,X02
cb48ebb8-cc5c-4c63-b563-f3c2eed0ea67,GTA,GTADCRT2,GTADCRT2,X03
52b5fcbf-63c5-4117-84d9-7d05e52ee487,GTA,GTADCRT2,GTADCRT2,X26
ca591d1d-d24d-4109-82f3-41a27e560ff4,GTA,GTADCRT2,GTADCRT2,X27
570c3f88-e77f-41f2-b242-b6bdf3b02b55,GTA,GTADCTD2,GTADCTD2,C01
d255009e-b919-4ccd-a5a1-6b4c28326079,GTA,GTADCTD2,GTADCTD2,C02
611b6e3a-7345-4730-8f2e-3cbf388f06b6,GTA,GTADCTD2,GTADCTD2,X01
26f3afc7-b948-4ed4-9156-7b49c16e57e5,GTA,GTADCTD2,GTADCTD2,X02
01d1ad6b-f2d4-4e0b-a8fe-4b0a1aca9347,GTA,GTADCTD2,GTADCTD2,X03
029ca54c-8989-49bd-9a16-41399ff57848,GTA,GTADCTD2,GTADCTD2,X25
deceb6c4-76f4-4601-b6ed-86e9f809874f,GTA,GTADCTD2,GTADCTD2,X26
fa466589-91a3-4dc5-984a-8dcff92da6fe,GTA,GTADCTD2,GTADCTD2,X27
c95a82b5-3fe0-4942-b599-8c63aed1461c,GTA,GTADCTDA2,GTADCTDA2,A00
1dea67d6-057f-4343-9c80-a21b5f9146e4,GTA,GTADCTDA2,GTADCTDA2,A01
a4a564c2-a8e2-47a6-9f92-97771afe3d79,GTA,GTADCTDA2,GTADCTDA2,C01
f4abf937-3c9e-4c41-8158-621c418741ad,GTA,GTADCTDA2,GTADCTDA2,C02
7a5d6f2a-6c3e-4f63-ab83-cd14c506bb3f,GTA,GTADCTDA2,GTADCTDA2,D01
b4b8bafb-3dd7-412c-9ad7-5c9aa300714d,GTA,GTADCTDA2,GTADCTDA2,D07
cd9facf9-9b61-4884-9e9c-6edd05ef7319,GTA,GTADCTDA2,GTADCTDA2,X01
8175e180-e348-4987-b2ae-d1a1cc67e31c,GTA,GTADCTDA2,GTADCTDA2,X02
b1d4d654-e203-461c-8e9e-53fe5245f94f,GTA,GTADCTDA2,GTADCTDA2,X03
e57aa177-49e7-47c4-936b-d0c528638b35,GTA,GTADCTDA2,GTADCTDA2,X25
ec3f429b-65bf-4bdc-92ad-40a2eb73b3ba,GTA,GTADCTDA2,GTADCTDA2,X26
16a24cc8-e212-41c1-8408-ddd95acd2aff,GTA,GTADCTDA2,GTADCTDA2,X27
24c4f9bc-05bb-4041-b53e-2764cf1a7353,GTA,GTADCTG2,GTADCTG2,C01
728f1be6-1282-4e44-a3ab-9802a5d55cc6,GTA,GTADCTG2,GTADCTG2,C02
9ac32bd2-cd63-4954-920e-1ab3e54deefc,GTA,GTADCTG2,GTADCTG2,X02
b4f55cb7-7e22-4d19-8ee1-1812ea14ad01,GTA,GTADCTG2,GTADCTG2,X03
08a999c6-25cc-46c3-a98b-2b7e48e84bbb,GTA,GTADCTG2,GTADCTG2,X26
273634e5-0a8a-4c79-9faa-37af990caf16,GTA,GTADCTG2,GTADCTG2,X27
7a14fcba-32ed-4117-bd80-508d49c7bd28,GTA,GTADCTGA2,GTADCTGA2,A00
b974fac1-bd3a-4fe9-a35f-2e1f6802ad22,GTA,GTADCTGA2,GTADCTGA2,A01
08e645b0-15d9-4c6d-b532-d0705fcbf610,GTA,GTADCTGA2,GTADCTGA2,C01
cd427bf7-6a65-4f2a-a831-2fa7bd0dfdd0,GTA,GTADCTGA2,GTADCTGA2,C02
651e243a-ecf1-49f5-b24e-760b0bf9417e,GTA,GTADCTGA2,GTADCTGA2,D01
8f733c3e-87bf-46e9-acac-fdadf9a0deea,GTA,GTADCTGA2,GTADCTGA2,D07
8d6da01c-dff1-4cc0-8d13-e37af7b29532,GTA,GTADCTGA2,GTADCTGA2,X02
147d693a-bf9b-49b1-91f4-161c2b8d672e,GTA,GTADCTGA2,GTADCTGA2,X03
4d195dac-ba42-44b5-9a93-3adf2a1f1c91,GTA,GTADCTGA2,GTADCTGA2,X26
a5e56d81-461e-424b-b5cb-52e2f8070a28,GTA,GTADCTGA2,GTADCTGA2,X27
fa265316-4842-4206-8bcb-f14108c73eae,GTA,GTADCTN2,GTADCTN2,C01
aae969b3-f75e-45dc-acf7-9fab2ea0412b,GTA,GTADCTN2,GTADCTN2,C02
cbdf6592-8eb5-49d0-8ac9-8dc81af31c81,GTA,GTADCTN2,GTADCTN2,X01
79ac01ae-7a43-4d42-bc3c-1f09ab2e48ff,GTA,GTADCTN2,GTADCTN2,X02
3439240f-591a-4b6e-a794-5aa7cb84ee21,GTA,GTADCTN2,GTADCTN2,X03
adbcddea-d40a-4eaf-8e3b-35d693f7c577,GTA,GTADCTN2,GTADCTN2,X25
c1928aa0-6a35-4b58-91b7-c0eb9ee1b696,GTA,GTADCTN2,GTADCTN2,X26
64415e98-e734-4df1-96c9-413e2b6d5e26,GTA,GTADCTN2,GTADCTN2,X27
59550d0d-1896-4a33-be96-7a4f30e30f4f,GTA,GTADCTQ2,GTADCTQ2,C01
d7e08bc3-db21-4709-bbec-3f4f04a69536,GTA,GTADCTQ2,GTADCTQ2,C02
131f795c-c3ed-4006-addb-e8f7a23bd1d9,GTA,GTADCTQ2,GTADCTQ2,X02
1b2f2c52-8afa-4a95-8e17-2814cfa2b801,GTA,GTADCTQ2,GTADCTQ2,X03
f8316bb1-ee0c-483c-b200-5424b4a291da,GTA,GTADCTQ2,GTADCTQ2,X26
f866479a-1bf8-4cf5-a330-84fe9af5fd02,GTA,GTADCTQ2,GTADCTQ2,X27
e4dd3770-c12c-4aa1-bf82-df96de4cee3a,GTA,GTADCTT2,GTADCTT2,C01
d1abea5f-9be9-4974-9bb5-0e02ad28ae23,GTA,GTADCTT2,GTADCTT2,C02
aa845b7b-d9b3-4c52-8e80-81fa40fcb3ca,GTA,GTADCTT2,GTADCTT2,X02
858a1f8c-0ec3-4a2a-819c-3391267a9db6,GTA,GTADCTT2,GTADCTT2,X03
7615d29a-9717-438d-bd6b-14cf7a16e2e0,GTA,GTADCTT2,GTADCTT2,X26
1f4b0195-560b-4829-b241-b7b6beba8953,GTA,GTADCTT2,GTADCTT2,X27
bb4231ba-efb5-4796-a61d-1e873208c696,GTA,GTADCTTA2,GTADCTTA2,A00
9db5d6cb-e76f-4ad2-9fad-e477591fc28c,GTA,GTADCTTA2,GTADCTTA2,A01
445b9f7c-cd0a-4ea4-87b0-e963f3dd1d52,GTA,GTADCTTA2,GTADCTTA2,C01
080b7b37-ae44-4d37-886a-74db5b72ad5a,GTA,GTADCTTA2,GTADCTTA2,C02
98be9b89-739a-48bf-b1fa-2f7b78930a92,GTA,GTADCTTA2,GTADCTTA2,D01
618e0eb0-1424-4aa9-92ba-609732cf9cdf,GTA,GTADCTTA2,GTADCTTA2,D07
3307b6e6-91c9-4e54-841b-8003d35ff4b5,GTA,GTADCTTA2,GTADCTTA2,X02
bff50437-0e4b-4458-9d2b-a7c5d04ad043,GTA,GTADCTTA2,GTADCTTA2,X03
6be4fbe9-0f86-4a40-9792-7078506bf76a,GTA,GTADCTTA2,GTADCTTA2,X26
ed5ab4a0-305a-4486-9bbc-6d0507071429,GTA,GTADCTTA2,GTADCTTA2,X27
e33e3e39-50dc-424f-b581-ad81325ddf16,GTA,GTADCVL2,GTADCVL2,C01
8c740bf9-4472-4624-986b-abcc0a5744cc,GTA,GTADCVL2,GTADCVL2,C02
635e0e83-540d-4f33-ac98-4e517d4ed0d0,GTA,GTADCVL2,GTADCVL2,X02
00ba7901-023f-40fd-b6e1-b530517aeb00,GTA,GTADCVL2,GTADCVL2,X03
0e727a96-d36a-4f84-98b7-ac159a621cae,GTA,GTADCVL2,GTADCVL2,X26
7a88cfac-3b52-446c-ae3f-16fe8b6903df,GTA,GTADCVL2,GTADCVL2,X27
e6a160bd-3fc3-4914-a663-7563b8c6773a,GTA,GTADCVM2,GTADCVM2,C01
89f85613-0651-43fb-887d-c49a5524bf2f,GTA,GTADCVM2,GTADCVM2,C02
32de248d-9304-4d38-9656-8828afdafe32,GTA,GTADCVM2,GTADCVM2,X02
880cec07-6d63-4f7e-96db-d655f62d56d6,GTA,GTADCVM2,GTADCVM2,X03
8aa82247-8254-4159-a79a-1468d9bcb5c2,GTA,GTADCVM2,GTADCVM2,X26
415da7a1-1f5e-42e8-bb12-a14f8a0db58f,GTA,GTADCVM2,GTADCVM2,X27
8b57249d-b0a6-47b3-afa4-d14f496317ca,GTA,GTADCVS2,GTADCVS2,A00
60663d87-a882-43da-a956-5600dfe1cbb5,GTA,GTADCVS2,GTADCVS2,A01
5383295b-11cd-480d-b739-4e164cc443ca,GTA,GTADCVS2,GTADCVS2,C01
2629abc9-f111-4173-b6b1-8eecef8df721,GTA,GTADCVS2,GTADCVS2,C02
b237cae1-9294-4cb3-bf11-2210d8cf37de,GTA,GTADCVS2,GTADCVS2,D01
18ead9d1-a0f9-4c8b-a248-3c7e8a8feb49,GTA,GTADCVS2,GTADCVS2,D07
9fc26963-beb9-4843-b297-69013ff5ba47,GTA,GTADCVS2,GTADCVS2,X02
638b552a-89bb-4413-94af-ecef5c4ee26b,GTA,GTADCVS2,GTADCVS2,X03
f566b67b-adf1-4d02-8d23-c2dcdc719eac,GTA,GTADCVS2,GTADCVS2,X26
5a702816-b2c8-458b-9a7d-1150970ee80a,GTA,GTADCVS2,GTADCVS2,X27
d5118728-9e40-41af-9864-af7672d6f68a,GTA,GTADCVV2,GTADCVV2,A00
fec4fa66-4ab0-4d70-9e47-c087dff57c61,GTA,GTADCVV2,GTADCVV2,A01
b989777c-339e-4dd5-a6df-43a06a8d99b1,GTA,GTADCVV2,GTADCVV2,C01
e14ef3a3-ea50-4d42-a3a3-2331b2514ab0,GTA,GTADCVV2,GTADCVV2,C02
267cc8c6-969c-4db1-836a-53f8dc3e4a0c,GTA,GTADCVV2,GTADCVV2,D01
d2f43e60-a1d9-48d2-b378-175cb28db062,GTA,GTADCVV2,GTADCVV2,D07
916d68c0-f909-43e7-8e63-31754648d3f2,GTA,GTADCVV2,GTADCVV2,X02
e561e272-0f48-4148-8a5a-cf66434c038b,GTA,GTADCVV2,GTADCVV2,X03
52248cd5-2f62-4a88-a1ce-b90608d56ead,GTA,GTADCVV2,GTADCVV2,X26
e2d942d0-2160-47c8-afa5-796db58ad411,GTA,GTADCVV2,GTADCVV2,X27
d13bec6d-2fda-45b9-8ad6-a84da6a8d499,GTA,GTADCXQ2,GTADCXQ2,C01
0e699998-f63c-4b5c-9294-0c4aa959ef2b,GTA,GTADCXQ2,GTADCXQ2,C02
0f618875-3365-486b-a920-4b571a9dc8f1,GTA,GTADCXQ2,GTADCXQ2,X02
72b27002-f0a1-43dd-adc0-015a59d08b9c,GTA,GTADCXQ2,GTADCXQ2,X03
1491b351-3828-4a4f-9882-5573f9c08c15,GTA,GTADCXQ2,GTADCXQ2,X26
a35d62c2-4aa0-4962-a9f1-0dfc03290000,GTA,GTADCXQ2,GTADCXQ2,X27
bdcc3992-38b8-40c4-b318-94a7ee48d7e2,GTA,7340301TN,7340301TN,A00
2d841226-dd80-430d-9647-6babc5d04a90,GTA,7340301TN,7340301TN,A01
6469aa4e-b3ba-4280-a4f8-e72aa5ad0c7b,GTA,7340301TN,7340301TN,D01
cd24ebc6-f7b3-42ab-a86b-16d933e7ec7b,GTA,7340301TN,7340301TN,D07
3fa9a524-c667-44d2-9fe3-d5ef719c1197,GTA,7480201TN,7480201TN,A00
dd00426d-8c05-4c51-b3cf-b77c4eb16e2e,GTA,7480201TN,7480201TN,A01
d84a71ed-cb97-4f3c-b940-c1a0a1fee0c7,GTA,7480201TN,7480201TN,D01
6bc6c946-fa8a-468f-8309-648557a97c59,GTA,7480201TN,7480201TN,D07
f7ca6985-07ee-4e5a-b323-578bcb2339c3,GTA,7510406,7510406,D01
87977c43-869e-4e85-a0e2-ff3febc5dc26,GTA,7580301TN,7580301TN,A00
6c68e543-e213-4053-92dc-7e5a4483b457,GTA,7580301TN,7580301TN,A01
f5f3ae81-5251-405a-a137-d355d2ee81a0,GTA,7580301TN,7580301TN,D01
6b4df00d-7503-4561-953f-0fbe184d2a15,GTA,7580301TN,7580301TN,D07
a196d339-2291-4c99-b212-ad0008d7883e,GTA,7840101TN,7840101TN,A00
8784646c-3433-42be-827a-86b5d97f97c8,GTA,7840101TN,7840101TN,A01
7c84583e-1b11-4aaf-a438-d2abe57db9c6,GTA,7840101TN,7840101TN,D01
36994379-4e5d-4d63-a433-be5f98f80afb,GTA,7840101TN,7840101TN,D07
ebcdb8c6-71b3-472c-b72c-b531d8651536,GTA,GTADCDD3,GTADCDD3,A00
eec8bf5e-af73-4db2-88d6-38f5e404f9b5,GTA,GTADCDD3,GTADCDD3,A01
38d5ee35-23dc-4595-b108-8b692374a664,GTA,GTADCDD3,GTADCDD3,D01
d9019c16-04ba-47dd-a3b2-f0196e15d4ae,GTA,GTADCDD3,GTADCDD3,D07
767fe126-a052-487b-9cbc-661e652da719,GTA,GTADCKT21,GTADCKT21,A00
d57ae933-20ed-486f-84ae-4bddf88f50a3,GTA,GTADCKT21,GTADCKT21,A01
115277a4-a7e2-4a38-9161-ab20bf220cac,GTA,GTADCKT21,GTADCKT21,D01
8ca72fe2-df65-46eb-b4ae-4db7dce1186a,GTA,GTADCKT21,GTADCKT21,D07
d78f616f-5f49-46f7-93ac-28585e31c7d4,GTA,GTADCKT3,GTADCKT3,A00
410c0ab9-ec33-4463-9554-8d99980bacbe,GTA,GTADCKT3,GTADCKT3,A01
67135812-0a80-4eb0-9f27-ce05ede08389,GTA,GTADCKT3,GTADCKT3,D01
738d3219-1c26-493e-9543-b024a0ecd427,GTA,GTADCKT3,GTADCKT3,D07
6e0f8c00-77be-40cb-8af7-2fad6312341a,GTA,GTADCKX3,GTADCKX3,A00
45472968-12f7-4ce7-9684-a305d5c95913,GTA,GTADCKX3,GTADCKX3,A01
286e9805-93ef-436c-8b98-29a14b1bd317,GTA,GTADCKX3,GTADCKX3,D01
bc378a49-7ebe-47de-a98a-68183421c9f3,GTA,GTADCKX3,GTADCKX3,D07
78f4040b-69dc-4a8c-9f72-686b3314a594,GTA,GTADATT2,GTADATT2,A00
292879e7-c55f-4a3d-8b07-9211d718119a,GTA,GTADATT2,GTADATT2,A01
ab602759-6a92-4c8f-9bee-463fdd91003b,GTA,GTADATT2,GTADATT2,C01
2cf32d2e-72bb-4e26-8f6c-562444de4b20,GTA,GTADATT2,GTADATT2,C02
bf2bfb52-f68b-4ab0-b831-169d9f555d1c,GTA,GTADATT2,GTADATT2,D01
37681c89-4798-47df-a27f-674b7395c942,GTA,GTADATT2,GTADATT2,D07
d8dfa541-f7a0-4b62-b85f-5647f9e1451b,GTA,GTADATT2,GTADATT2,X02
2c4aa7c8-c163-4173-bc77-ddbdfccaaf95,GTA,GTADATT2,GTADATT2,X03
468427c7-9378-4697-9056-a6c35a983612,GTA,GTADATT2,GTADATT2,X26
264be049-68b7-4422-94b9-acfa2c4871a8,GTA,GTADATT2,GTADATT2,X27
d4b26b7c-e136-4144-88df-603f3728c7ac,GTA,GTADCBM2,GTADCBM2,A00
fc1b6667-04e0-43e7-8e90-0f495655f2d2,GTA,GTADCBM2,GTADCBM2,A01
60c405cf-625f-4831-842b-48d6a720555b,GTA,GTADCBM2,GTADCBM2,D01
a3e54f42-90f8-4ac7-8efc-c18f44fdac04,GTA,GTADCBM2,GTADCBM2,D07
ffc0e8ea-2c4b-4b33-ae20-830a826c7ace,GTA,GTADCCS2,GTADCCS2,A00
242196a3-d6f4-4f22-be07-187644c3bf32,GTA,GTADCCS2,GTADCCS2,A01
95a8d954-efe6-4ac5-9bdc-18f8d5bb2a97,GTA,GTADCCS2,GTADCCS2,D01
41f12f4e-e095-4193-94d8-e42e9de895a6,GTA,GTADCCS2,GTADCCS2,D07
1dd165f0-144b-4e01-9410-b7d1cc8212cf,GTA,GTADCDS2,GTADCDS2,A00
449941ed-ab68-4ad7-8bcc-f52f813a214f,GTA,GTADCDS2,GTADCDS2,A01
79763ec7-bef1-4d81-924b-49fa9fadc758,GTA,GTADCDS2,GTADCDS2,D01
9d043816-7312-4bf0-8d22-ba3041aee545,GTA,GTADCDS2,GTADCDS2,D07
d0e4afff-c7de-4551-bde1-fe46549b3d0b,KTA,7210105,7210105,H00
0b0b2c51-385a-4ce6-ad7b-19221a68f3f6,KTA,7210105,7210105,H02
1651a2ab-1eb4-4f2c-be6e-f4bb84847a53,KTA,7210403,7210403,H00
1b476d0d-4952-48da-af57-9849660b8e5b,KTA,7210404,7210404,H00
914038e0-1983-46e0-b05b-87019ed9b0d1,KTA,7210404,7210404,H02
663bd721-e97b-465c-9aa6-7a662874d6bf,KTA,7480201,7480201,A00
460796d8-fdd0-4a68-95b5-77790d651098,KTA,7480201,7480201,A01
1d434f03-5805-4553-8bb0-7a70e99dc699,KTA,7480201,7480201,D01
f549f20a-cd29-4dde-ac87-f7f535c18e1c,KTA,7480201,7480201,D07
bc1b0d08-afde-4a7d-ae81-42b207354e40,KTA,7480201_1,7480201_1,A00
08ab8ee8-405f-4cf2-b173-59f60ab2fe5f,KTA,7480201_1,7480201_1,A01
12c6e62a-601a-4900-881c-3af1cfda76ef,KTA,7480201_1,7480201_1,D01
ca44c98a-8891-4ed9-b641-2d4a2420b991,KTA,7480201_1,7480201_1,D07
e03a5e4d-c49d-4096-bab9-99d2b97bbc1e,KTA,7510105,7510105,A00
7b706a6d-4794-486b-a0c8-fe2ed49f3b6e,KTA,7510105,7510105,A01
efdc2e45-0c3e-44f7-8d5f-64c97414a5f6,KTA,7510105,7510105,D01
253b53d4-0e32-4593-8718-f2be4e1d7931,KTA,7510105,7510105,D07
4e8d09f6-8176-4adf-9280-2f7452ffa746,KTA,7580101,7580101,V00
1ccb1c4b-8fcf-4796-b8c4-165552c19a13,KTA,7580101,7580101,V01
93c09414-2783-48fd-b65a-8b966d7bfa52,KTA,7580101,7580101,V02
ec19e530-8824-4cf2-b0ae-942eec36c322,KTA,7580101_1,7580101_1,V00
e4c44afa-9587-4b65-b2f7-9c126f5ab390,KTA,7580101_1,7580101_1,V01
6b2ae5ec-9f63-4bc2-a2f0-9d9ea049aefc,KTA,7580101_1,7580101_1,V02
303156c7-656b-4e22-b8e1-a60fd48b775d,KTA,7580102,7580102,V00
f70a7156-33a5-455f-9166-f4222a459240,KTA,7580102,7580102,V01
3d1a0151-ad53-4502-80c5-01b7aacb7df9,KTA,7580102,7580102,V02
20fbce68-8d81-46e4-ad82-35c6f4afb361,KTA,7580105,7580105,V00
b4d073ef-b41e-4a19-8660-95fd671a5193,KTA,7580105,7580105,V01
95c51b6d-5fe8-455c-95ee-31460aedb700,KTA,7580105,7580105,V02
79a7321b-daed-459d-85e1-f852ea526c16,KTA,7580105_1,7580105_1,V00
badb53d7-876e-4003-ada4-3a0439440b4a,KTA,7580105_1,7580105_1,V01
88f04340-d896-4413-b7b1-0c539bf56e7d,KTA,7580105_1,7580105_1,V02
2eb0b4ea-ba5f-4b76-ae9d-5afc1c44f6df,KTA,7580108,7580108,H00
1ee88a7d-db2b-4aa2-8857-32c9f11d70a5,KTA,7580201,7580201,A00
a26100b1-f6f1-464a-b83f-afb9d20e44eb,KTA,7580201,7580201,A01
f654e599-c5d4-4bbf-b0df-06a4eb62a8b0,KTA,7580201,7580201,D01
50f6c29a-97cc-4e4f-a56e-103e164d6008,KTA,7580201,7580201,D07
045ac8cc-324e-4c61-919c-1843b055e2c1,KTA,7580201_1,7580201_1,A00
ea92cf6a-f7c2-4740-ba5d-1863c61fe1e1,KTA,7580201_1,7580201_1,A01
69ae36f9-9e08-4a55-9e4e-f2f30d08eba3,KTA,7580201_1,7580201_1,D01
000ff42d-5be3-4642-993d-9d0e2c908ea8,KTA,7580201_1,7580201_1,D07
4a00eaa6-0b0c-452d-bd97-43a4b659d4c1,KTA,7580201_2,7580201_2,A00
080f0b88-359a-4941-9fe1-01c2b4e3390c,KTA,7580201_2,7580201_2,A01
7d79607b-2e27-4e9d-b3c5-2d8c0a38e811,KTA,7580201_2,7580201_2,D01
0497efbb-0ee6-461f-81e5-62a7691ada19,KTA,7580201_2,7580201_2,D07
5c4842aa-3237-4d4a-9169-be4b3c808298,KTA,7580205,7580205,A00
39d6a55b-0f24-44f8-a80c-3fa8658ccb67,KTA,7580205,7580205,A01
0a182d84-a858-4551-a447-cc3709e4a0dc,KTA,7580205,7580205,D01
4838b937-252d-4d6b-a685-4e898da0267f,KTA,7580205,7580205,D07
122373cd-be94-4143-9307-809c7b1521ef,KTA,7580210,7580210,A00
2d39dfbb-bd49-4a5b-99f6-8605b3abb743,KTA,7580210,7580210,A01
d4977c7c-040e-4411-98df-ec1701b6125e,KTA,7580210,7580210,D01
be7716a0-0e49-402f-9f9c-af7bbd91b8a0,KTA,7580210,7580210,D07
4b0e3582-2f14-49c5-a59d-8027e48728c6,KTA,7580210_1,7580210_1,A00
58a7e683-f69e-486a-a89f-56d822cb2249,KTA,7580210_1,7580210_1,A01
af1a392a-4b89-4503-aa21-68c91a42eb0a,KTA,7580210_1,7580210_1,D01
f0feeed7-28a4-4a00-aae5-d9ece8231aa5,KTA,7580210_1,7580210_1,D07
ea53a595-e6e6-43ba-9902-d4c6d9d34d3f,KTA,7580210_2,7580210_2,A00
c9544a5b-848f-40fc-8355-a65e9e953574,KTA,7580210_2,7580210_2,A01
d6a89143-74f9-4c5f-b5f7-01ed35dee256,KTA,7580210_2,7580210_2,D01
75a511bf-0a28-49c5-a971-08f16908b973,KTA,7580210_2,7580210_2,D07
59703d42-dac8-4700-a28c-b5d3848062da,KTA,7580213,7580213,A00
fee58878-7d64-484c-b096-801fdae2d33e,KTA,7580213,7580213,C01
10341455-d647-4f2b-829c-533e7f8a0d4d,KTA,7580213,7580213,C02
3359660b-f902-4f01-b987-047c6f83861e,KTA,7580213,7580213,D01
679ac234-ecd2-46e6-a9fd-de088098b49e,KTA,7580213,7580213,X03
46f9400e-56f9-408b-a0d3-15a79c824d9f,KTA,7580213,7580213,X04
00f5df5a-6ea7-4da1-833d-d46435672548,KTA,7580301,7580301,A00
5eadd160-e3ac-456e-a1b4-491deb54622f,KTA,7580301,7580301,C01
527f4445-dbc1-465a-92c2-8e1b66f1b5e8,KTA,7580301,7580301,C02
5c96d5af-3c1d-4893-8648-93dbb3d2e0be,KTA,7580301,7580301,D01
76feaf2c-65cf-4b4e-a15d-91a61e9cf714,KTA,7580301,7580301,X03
a030e2ef-cba1-45fd-a5e2-e611f371789b,KTA,7580301,7580301,X04
4c655a5a-4fd4-48ba-8dda-388417f6ad49,KTA,7580302,7580302,A00
cf317635-5fa6-4940-b5de-244d6c5b52b2,KTA,7580302,7580302,A01
57091a1a-fe5b-4191-bdd6-efce57570fb3,KTA,7580302,7580302,C01
09f99c6f-b88c-4220-b656-f3361e28e5fa,KTA,7580302,7580302,D01
c04922be-a994-4f14-a76e-f932422300c3,KTA,7580302_1,7580302_1,A00
d4adcb2f-6639-440b-91da-0b6ce112d07f,KTA,7580302_1,7580302_1,A01
ae3e39cd-f174-46f9-a1a1-89baf7d34eaf,KTA,7580302_1,7580302_1,C01
73c83235-e147-423e-8f9d-409938d6a788,KTA,7580302_1,7580302_1,D01
b7453bfb-a975-4af0-80dd-815fc7b2a9f1,KTA,7580301_1,7580301_1,A00
409d587d-5635-40ad-97a3-a079afc0ba9b,KTA,7580301_1,7580301_1,C01
b883dc15-b4bd-4f73-9a70-e91848cdc9be,KTA,7580301_1,7580301_1,C02
918b4607-3028-4b3a-8fa6-bc6e968d64e9,KTA,7580301_1,7580301_1,D01
63b1d903-0d60-486b-bd1d-cab99727efd2,KTA,7580301_1,7580301_1,X03
174f9c0d-b27f-4a9d-8f98-f7b3f8bf66af,KTA,7580301_1,7580301_1,X04
281683ab-a6d0-4687-9d61-28f6908ba8ea,KTA,7580302_2,7580302_2,A00
29416ffa-8128-4f9c-a947-eb52162bfb87,KTA,7580302_2,7580302_2,A01
cb6ba8f9-35bb-498b-9c91-c480ddce3c51,KTA,7580302_2,7580302_2,C01
009021c6-341e-4016-8c62-9a0acad1af76,KTA,7580302_2,7580302_2,D01
684561a2-bb6f-4e22-9c9b-97df87509543,KTA,7580302_3,7580302_3,A00
9ce17f8f-56e1-4ec1-be52-cee2d1ace7b3,KTA,7580302_3,7580302_3,A01
965ec509-e857-4284-8b26-38817fc64974,KTA,7580302_3,7580302_3,C01
44d5fcdb-dc0b-4dd1-a228-c9fbcd1913b4,KTA,7580302_3,7580302_3,D01
ee4748a8-aed3-4c92-b7da-e5578a3a0090,KTA,7210403,7210403,H02
4bd513f6-3516-41bd-9d17-0b9a70ebf369,KTA,7480201-1,7480201-1,A00
38b7ad0c-e57d-4797-ae00-5d765a0ddee6,KTA,7480201-1,7480201-1,A01
77048d51-b704-4ebc-a34e-6fc6f8d990d6,KTA,7480201-1,7480201-1,D01
227466f5-bf39-4893-bbf7-ab137db344e6,KTA,7480201-1,7480201-1,D07
59db2732-753b-4e48-9b66-2c31ba95ce41,KTA,75801011,75801011,V00
9528a6b4-ff42-4e72-8f8b-9ee05d4a0650,KTA,75801011,75801011,V01
aa4f5e1e-1082-474c-a6d0-43922eb969fb,KTA,75801011,75801011,V02
084030d3-be5f-47f7-8d79-82f064beec72,KTA,75801051,75801051,V00
015a04fb-2ded-4d12-ad0a-9be298dce3c7,KTA,75801051,75801051,V01
a1f6c95e-24c7-4276-bc23-f66b23feb60e,KTA,75801051,75801051,V02
8d8620fa-e604-4094-b137-72036faf38a6,KTA,7580108,7580108,H02
0ac10241-c937-434f-b5a6-d52f3d29cc87,KTA,7580201-1,7580201-1,A00
6008e2bb-f58e-48d8-91c2-3820243c5cc8,KTA,7580201-1,7580201-1,A01
2589796b-a14f-4c06-a750-27d42c910a13,KTA,7580201-1,7580201-1,D01
56cf5952-f8f5-4295-8793-3dec3b017ff3,KTA,7580201-1,7580201-1,D07
fcb46f47-ac1b-4676-8b1b-2c265cc4ebcc,KTA,7580201-2,7580201-2,A00
496198ea-347f-4f57-b55b-c575ca69b5f5,KTA,7580201-2,7580201-2,A01
21c7953d-71cc-4d33-8513-5c535d70debd,KTA,7580201-2,7580201-2,D01
4f1cfb32-b7af-4495-9698-25e1f604e735,KTA,7580201-2,7580201-2,D07
7fe9f647-6d5f-458c-a2df-0ed19aff40c4,KTA,7580210_l,7580210_l,A00
468d2499-5481-486f-a412-02161af30c23,KTA,7580210_l,7580210_l,A01
236508b4-9cfc-4e20-b892-033d09e040c4,KTA,7580210_l,7580210_l,D01
f735d42c-634a-4ce6-842d-8712a8772115,KTA,7580210_l,7580210_l,D07
17a1fb4d-e714-422a-8475-9eb03c2be79a,KTA,75802102,75802102,A00
ba2cda31-01ca-4d42-ab93-845cc0e87947,KTA,75802102,75802102,A01
ee6cc0f0-943e-4798-a9e5-f9d9d8539f07,KTA,75802102,75802102,D01
8c81dd55-e699-4818-8424-05ef2fbb3196,KTA,75802102,75802102,D07
c59d8f89-9232-4366-a300-47ac7ebfdb60,KTA,7580301-1,7580301-1,A00
03fb75b1-a9cc-40e5-9f84-07a6aa2df919,KTA,7580301-1,7580301-1,C01
379a6ad8-5e26-4764-8622-0a51b3798e6d,KTA,7580301-1,7580301-1,C02
76e9b826-86c9-41f8-8255-5cdad36fdeeb,KTA,7580301-1,7580301-1,D01
cfb5bff9-fc17-4d72-ba28-4113ab62d7b3,KTA,7580301-1,7580301-1,X03
f290ac8e-4692-4199-b14e-04d3ee35aa0b,KTA,7580301-1,7580301-1,X04
f0edee1c-9a71-452a-bd57-999d46cf4014,KTA,7580302-1,7580302-1,A00
7e547145-c13b-4c78-ae1a-9b625f7bc1b6,KTA,7580302-1,7580302-1,A01
1aa5041c-4e73-43d9-b10d-7caa7322e96a,KTA,7580302-1,7580302-1,C01
175ae2be-cb92-4b5b-80fc-3236775bd465,KTA,7580302-1,7580302-1,D01
97ec63f6-4dc2-4de4-845b-4f409a28576f,KTA,7580302-2,7580302-2,A00
542dba8c-1c32-4eac-acea-1d6f5ffd2e34,KTA,7580302-2,7580302-2,A01
71448001-e077-475b-a016-eee06b3632a4,KTA,7580302-2,7580302-2,C01
aa414217-20a8-4b7c-96c3-1baf1a757a82,KTA,7580302-2,7580302-2,D01
30abf15c-b4c3-464f-b7b0-a562e4a80667,KTA,7580302-3,7580302-3,A00
43a549f2-9366-4649-a915-f0a88e8bd999,KTA,7580302-3,7580302-3,A01
980a24a5-cb3e-45a4-9ee7-393a7b2af09b,KTA,7580302-3,7580302-3,C01
c9205dad-2b46-4b75-ac65-5b50ea936429,KTA,7580302-3,7580302-3,D01
40df4c8f-a3e4-4706-a869-8effa108602f,KTA,7310104,7310104,A00
335b2ff1-ead6-4400-b08e-be82bced9de4,KTA,7310104,7310104,C01
d7961a4d-6622-4121-9fc9-2aabf1e56ee1,KTA,7310104,7310104,C02
d052f77b-4253-47d0-8c34-5d185f528214,KTA,7310104,7310104,D01
4f797041-d532-4bbf-a6fa-16c2548cca4f,KTA,7310104,7310104,X03
63189728-99b8-4dac-a7cc-f71a7fe730fa,KTA,7310104,7310104,X04
e930125d-c96f-4411-9237-74836e03a171,KTA,7310105,7310105,A00
927debfa-8217-4556-a4cd-e910f42c8a7b,KTA,7310105,7310105,C01
9bda48b2-9a7f-4ea7-aba4-4e1f1180e661,KTA,7310105,7310105,C02
6d5b1baa-42d1-4f8d-96e7-8c1bdfc97dd9,KTA,7310105,7310105,D01
6ecee600-9ecb-4823-b18f-92e24684e8c9,KTA,7310105,7310105,X03
b580fbc6-0a8e-48cd-b5b7-82c58a7eddd0,KTA,7310105,7310105,X04
cd58b372-6867-4a3c-8a23-a700c2cd5a45,KTA,7480201,7480201,C01
906e5682-1894-4a72-9b16-827117557533,KTA,7480201,7480201,X02
e9f9e5ca-3578-4cbb-b5e8-86d2e5b0f07b,KTA,7480201,7480201,X03
0f43ddde-581f-41bc-99af-b40a0b78c43f,KTA,7480201,7480201,X04
921b7e42-2a43-479c-8ee1-db1aaee18d12,KTA,7480201_1,7480201_1,C01
7d3682a2-6380-43e8-bc8a-66afb63216ae,KTA,7480201_1,7480201_1,X02
4480c5c9-30c8-4375-b182-353c82776fd8,KTA,7480201_1,7480201_1,X03
dabe249a-2308-4ee6-834c-3403c51e25ba,KTA,7480201_1,7480201_1,X04
bb4bdc08-af68-456d-8831-267b81b09df8,KTA,7480201_2,7480201_2,A00
b3e38f9a-6299-4c19-895d-b457e48765fd,KTA,7480201_2,7480201_2,C01
b6a1a3a5-78fb-41d9-944f-6e54dc4aa218,KTA,7480201_2,7480201_2,D01
0c175482-e11a-4f85-84c9-0e0ee1748f0a,KTA,7480201_2,7480201_2,X02
4d37fdc5-b3dc-4e5a-8e34-1b0eb028e9c3,KTA,7480201_2,7480201_2,X03
71c34c43-8af1-4f3b-ad77-c8e22f018f5a,KTA,7480201_2,7480201_2,X04
f8a199f6-1dec-45a8-b5f8-4fbb37e08f56,KTA,7510105,7510105,C01
bbb4b04e-c7b3-43f1-a500-13d65d65339f,KTA,7510105,7510105,C02
d68642f4-71da-4c2b-ad5c-41725110a000,KTA,7510105,7510105,X03
876cb2ab-5d6c-4c78-b21b-c444fd1eddf9,KTA,7510105,7510105,X04
2b858261-0781-435f-98d8-2e646e43b3dd,KTA,7580201,7580201,C01
777ba16d-cbc2-487a-82be-4e239eac33dd,KTA,7580201,7580201,C02
cb3fa28d-cbe8-4966-a73c-fc98d0131628,KTA,7580201,7580201,X03
e48e7855-bac4-4914-a239-fc56291a4c4b,KTA,7580201,7580201,X04
e1210587-1961-443f-8618-513e84226007,KTA,7580201_1,7580201_1,C01
571ffad9-d9e6-43de-a5cb-536953d7a7f5,KTA,7580201_1,7580201_1,C02
a11718b9-680b-4e1b-bd96-202880798a1c,KTA,7580201_1,7580201_1,X03
b0fa0ed8-2138-4bbe-a278-0be48ba047ef,KTA,7580201_1,7580201_1,X04
7508e16b-7e0f-486b-89f8-2f6d85fc9d5a,KTA,7580201_2,7580201_2,C01
b334e248-fa77-4344-add7-0e32869b63ff,KTA,7580201_2,7580201_2,C02
d0b18c21-792a-48f6-873f-b27d25cba7c8,KTA,7580201_2,7580201_2,X03
e0f31f52-dd31-441b-9fe7-72be20e7bea3,KTA,7580201_2,7580201_2,X04
453c152d-498c-448c-8c6d-80bd60dc6a41,KTA,7580205,7580205,C01
ac1ed24c-25bc-4cb4-9341-b677ad07660a,KTA,7580205,7580205,C02
dadec7e4-3abc-4c64-86ba-db2849dcf527,KTA,7580205,7580205,X03
ab2c0af0-c017-44af-a8c2-c269831b74ba,KTA,7580205,7580205,X04
7b0810ba-2c01-4a1c-8abc-6039b7c65c52,KTA,7580210,7580210,C01
d623d983-b05b-4e26-a83b-a717757317f2,KTA,7580210,7580210,C02
21306c91-22c5-4f90-998e-81d3f6868f31,KTA,7580210,7580210,X03
a4a859a2-e842-4f2b-8bee-8c6557f8312f,KTA,7580210,7580210,X04
4a0eca01-1cc5-4fbf-b269-f94812f28eff,KTA,7580210_1,7580210_1,C01
9b699461-0ae1-4932-ab3f-e7b90e53f517,KTA,7580210_1,7580210_1,C02
350c354d-3ae9-456d-9ad1-813906975fe6,KTA,7580210_1,7580210_1,X03
8926a697-ab9e-4ceb-b86e-1fc2cb1a7aba,KTA,7580210_1,7580210_1,X04
4d272a24-3191-4c9f-ab18-2b9087fb7327,KTA,7580210_2,7580210_2,C01
92acf1b8-1ec2-4de5-9e8b-b29e1217cec1,KTA,7580210_2,7580210_2,C02
85ee5adf-1247-4c59-b70a-c546bcffdd38,KTA,7580210_2,7580210_2,X03
c99e08dd-0795-4478-a39b-7b1c352b3d2b,KTA,7580210_2,7580210_2,X04
6d50da13-7d8e-4776-81df-f163bfe83c7f,KTA,7580302,7580302,C02
46afed47-1343-4b01-ba35-16dca51afab9,KTA,7580302,7580302,X03
c5614244-9e93-416d-9ea5-5a333f38bdd0,KTA,7580302,7580302,X04
2a217c3b-80d2-42d9-bc88-578556aaabd3,KTA,7580302_1,7580302_1,C02
90af120b-d880-455d-b24d-670601e5904b,KTA,7580302_1,7580302_1,X03
c4f87942-0488-4590-8ca3-51d8c4e6af57,KTA,7580302_1,7580302_1,X04
85a43ee1-1210-45db-b68d-8d2bb3345797,KTA,7580302_2,7580302_2,C02
6e0f7d55-5037-4244-989e-a7a2e12df33a,KTA,7580302_2,7580302_2,X03
930cd864-2b54-45c3-8132-a229f0356ec2,KTA,7580302_2,7580302_2,X04
02631dd8-9823-420a-89eb-d0786d57cb5c,KTA,7210105_1,7210105_1,H00
5611972e-c13e-4959-aaec-f4b479fdd2af,KTA,7210105_1,7210105_1,H02
fec87d6c-dce3-4c76-b890-3af7ab63ccbf,KTA,7210403_1,7210403_1,H00
7b82dac2-b33b-4e01-9a1a-6836cb611394,KTA,7210403_1,7210403_1,H02
a07a46f5-82c3-461a-a7dd-e9887848bf61,VHH,7220112A,7220112A,C00
f7c2954d-6f88-4169-bb0a-231af7454831,VHH,7220112A,7220112A,A00
ad4bc931-3017-4fe7-8d37-6254d16b2b8c,VHH,7220112A,7220112A,A16
8ddabe6b-08be-49bb-b038-3d45247c4c32,VHH,7220112A,7220112A,D01
2e04e851-917d-421c-ba5e-a7f07bc86ffc,VHH,7220112A,7220112A,D78
c9488827-9be2-4d43-a9f2-ddc601805248,VHH,7220112A,7220112A,D96
cfd40eb5-8bac-4136-9c94-1324a7c7fc2b,VHH,7220112B,7220112B,C00
b2579b2e-8046-483f-8963-1b59cbb6f42b,VHH,7220112B,7220112B,A00
056e8c8e-8efa-429c-9527-7e7f2175b034,VHH,7220112B,7220112B,A16
d52ce270-38cf-4128-92a9-52a65869e9a6,VHH,7220112B,7220112B,D01
d2dd792a-809d-4545-92ae-a2caa5bfda98,VHH,7220112B,7220112B,D78
39e74194-2d7b-4597-8991-90b60dbca918,VHH,7220112B,7220112B,D96
b45e9c9d-78b3-4772-bc98-04434c103321,VHH,7220201,7220201,A00
a6a9221a-ac2a-46e7-823d-303422a75b67,VHH,7220201,7220201,A16
a2d20f8e-f813-45be-b6fb-dbaf81b64d49,VHH,7220201,7220201,D01
8073024d-c12f-4bdf-8b4c-563bfc9c581b,VHH,7220201,7220201,D78
a67f1beb-5399-42c6-a249-75227456628e,VHH,7220201,7220201,D96
d03806e3-8070-47d5-9782-3e2b2ddd15df,VHH,7229040A,7229040A,C00
67c0e0c8-1d29-4556-9e31-193c0d39c722,VHH,7229040A,7229040A,A00
81b4a646-4146-42ff-bab3-141dd370c13c,VHH,7229040A,7229040A,A16
86f35dec-2764-4de5-88a9-47c3f19314af,VHH,7229040A,7229040A,D01
a08caeb2-f348-449d-a7a3-7814879d4372,VHH,7229040A,7229040A,D78
6af59557-b6d4-4fb8-bcce-e6d6a4f47bec,VHH,7229040A,7229040A,D96
dc86d432-2a0b-4534-93b4-bde0991a820f,VHH,7229040B,7229040B,C00
776be092-3196-48c8-a228-293f78377c14,VHH,7229040B,7229040B,A00
8c8c96ea-cb90-4cbd-bf6a-fba084716804,VHH,7229040B,7229040B,A16
5eb1a691-7c13-47d5-8439-3c25bafe19d7,VHH,7229040B,7229040B,D01
aeb9dcee-c0b3-481d-90bc-ded4c3c77af4,VHH,7229040B,7229040B,D78
7328945f-a507-4a2c-b5be-e25884f9b840,VHH,7229040B,7229040B,D96
b6cb6c98-6158-4fe1-9563-303d32d9b8e3,VHH,7229040C,7229040C,C00
268b04ee-d523-4846-8e64-0fe08c76f1ab,VHH,7229040C,7229040C,A00
7dd6a51a-f89e-4df2-9e95-d14854a09536,VHH,7229040C,7229040C,A16
25efdbde-b77d-4b68-b288-6660f2a95402,VHH,7229040C,7229040C,D01
6d49aaf9-5a1e-4828-beab-964013303db5,VHH,7229040C,7229040C,D78
3d940c33-887a-444d-acb4-64aa404632df,VHH,7229040C,7229040C,D96
3b0195fb-55f4-4466-a41b-89f8c9b4a724,VHH,7229042A,7229042A,C00
b35ece88-a1b7-46a0-9db9-32fcaf79173b,VHH,7229042A,7229042A,A00
9455f6ee-ce01-41d0-87e5-14fb04649058,VHH,7229042A,7229042A,A16
822baa89-08b7-4d01-a5b3-78570bd382e9,VHH,7229042A,7229042A,D01
d8c035ee-47d2-4301-a038-800adac29984,VHH,7229042A,7229042A,D78
c7ba739e-86f1-4075-84c8-37bdffd225ef,VHH,7229042A,7229042A,D96
88c80482-c0b1-4015-9296-609ba3f5c306,VHH,7229042B,7229042B,C00
4d99bedd-d95a-4005-b6e6-7df59a9dbfe8,VHH,7229042B,7229042B,C03
ea135c8e-8557-4c7b-8d47-5ff85769f324,VHH,7229042B,7229042B,C04
b434e6f8-dab2-493a-b6be-af1f2733d635,VHH,7229042B,7229042B,D01
18810db6-9297-4513-bc45-888bee0e25b2,VHH,7229042B,7229042B,D14
04c853ca-b053-4326-a5d1-49a6bf84c2aa,VHH,7229042B,7229042B,D15
a1ea0b5f-52a2-4a98-9b8a-88c8a0601e48,VHH,7229042B,7229042B,X01
c8238a58-c59c-49b4-9f17-9ca5c48d4e8d,VHH,7229042B,7229042B,X70
4de805c6-7d2f-4558-b1e0-822fd78157ac,VHH,7229042B,7229042B,X78
1a2bc2bc-fbd9-4e14-9399-0995542ecc6d,VHH,7229042C,7229042C,C00
b4aa6bbc-1d0a-4fd0-9b87-5494dfdbd20d,VHH,7229042C,7229042C,A00
22c9557d-40a8-4feb-bf8a-88572431cbba,VHH,7229042C,7229042C,A16
56654941-e019-407b-9d26-07901f48dd3e,VHH,7229042C,7229042C,D01
7652e062-ea8c-4ceb-a697-39e045fdd06a,VHH,7229042C,7229042C,D78
e8548ef3-8b06-42d1-8871-9739cc7d81f3,VHH,7229042C,7229042C,D96
d1f4254d-26d9-469d-85a6-743e0da50dd0,VHH,7229042E,7229042E,C00
955632cc-bd9f-4550-b217-8fff512e25f5,VHH,7229042E,7229042E,A00
0a10b8bb-2533-4817-97ea-4ba08a902d97,VHH,7229042E,7229042E,A16
fe3acc96-0ab8-478a-b095-085c7d7c1a7a,VHH,7229042E,7229042E,D01
f21778ab-07ab-47f3-ae52-1b84c30fb29e,VHH,7229042E,7229042E,D78
d1e2829c-464c-4e54-a6fd-436dd0cafa62,VHH,7229042E,7229042E,D96
0a4a221c-a6b4-4858-ac51-c55c2db0ad77,VHH,7320101,7320101,C00
8813d210-1502-45ee-a88f-8664ed9263c8,VHH,7320101,7320101,A00
4791540b-0710-4b70-82cc-d098474ec988,VHH,7320101,7320101,A16
3a6b8ad4-aa9b-466f-9d82-0e5b0fed4ceb,VHH,7320101,7320101,D01
a657d7d4-d6da-4c7f-a136-552013965c5c,VHH,7320101,7320101,D78
5ad9a746-cdf7-412e-8587-45dbafd01cec,VHH,7320101,7320101,D96
9c0d5490-eaf6-43d9-8f17-71e0bf146876,VHH,7320201,7320201,C00
2b5e121c-6a0c-4010-8ccf-9dabbff3b2bf,VHH,7320201,7320201,A00
f843aab3-b3ab-40f4-ad26-a8fb443137db,VHH,7320201,7320201,A16
1089e019-9669-4ce3-a246-2605a429448a,VHH,7320201,7320201,D01
92c931ee-262c-44cb-b0c7-82be58005187,VHH,7320201,7320201,D78
04479046-b96e-4e7d-adbb-417f3b6f7945,VHH,7320201,7320201,D96
008fee38-7a8f-4d26-93a7-9186a9964d31,VHH,7320205,7320205,C00
03401c44-6d35-45c5-8cda-419e89a0ce5a,VHH,7320205,7320205,A00
4f704ed8-d600-4fbc-8435-64677cf218dd,VHH,7320205,7320205,A16
7c7e57a5-81d6-48c3-809c-6cde849797c5,VHH,7320205,7320205,D01
cc4fc030-8265-4184-9acd-c5ae24520794,VHH,7320205,7320205,D78
3cdd7ca2-afbd-4d26-83b8-23e0b605b5cb,VHH,7320205,7320205,D96
c66debb0-19eb-4f11-8cd7-ba7964053857,VHH,7320305,7320305,C00
84e98f05-8c65-4def-a9c0-9a78b709d9fa,VHH,7320305,7320305,A00
9351fd7a-5e39-4197-8440-751b42efcfd4,VHH,7320305,7320305,A16
350d6646-18d9-4078-94ab-d2e500fe935d,VHH,7320305,7320305,D01
d6e12c0f-0db5-4ecf-80ec-cb692859662d,VHH,7320305,7320305,D78
a4e46c8a-7a28-45fe-b82d-51e8718da307,VHH,7320305,7320305,D96
d16e45db-784a-4c4c-be20-ee16de16f7db,VHH,7320402,7320402,C00
adce70a1-2615-4d3a-a3ab-2e8c44d06d23,VHH,7320402,7320402,A00
9c7f65c1-2c79-47c8-b30a-ffadf5ec0312,VHH,7320402,7320402,A16
bc26539d-cdbd-4505-9df7-f8f9892efb7e,VHH,7320402,7320402,D01
343c4c32-c6bf-4b56-93b1-81c135adee80,VHH,7320402,7320402,D78
f3cc578a-db70-458a-8b40-9b7a77e0058e,VHH,7320402,7320402,D96
30f30858-5cab-4ed1-abce-68dd6d46fd2d,VHH,7380101,7380101,C00
22b07c43-aedd-4c10-8e73-47a6d69688f2,VHH,7380101,7380101,A00
761e6715-3ade-4e2f-8255-30b114645bb5,VHH,7380101,7380101,A16
f9b8159c-6214-4310-a8d3-97ce0bc25049,VHH,7380101,7380101,D01
7cb58e48-5fbd-46da-ac97-21226c3c2d14,VHH,7380101,7380101,D78
fdc33192-d054-45d4-836d-7b25be83a932,VHH,7380101,7380101,D96
95ff4de8-8e14-4619-a1bd-476c77f7599e,VHH,7810101A,7810101A,C00
fc073c81-3c96-4375-b104-80d82577ab76,VHH,7810101A,7810101A,A00
8f9920c4-213e-42e6-b261-9afe1e0db1c8,VHH,7810101A,7810101A,A16
08d27f19-0af2-4ca9-80e4-613fcb3dfe96,VHH,7810101A,7810101A,D01
d400bb2d-25f9-46e0-aea8-a339ff3d17f3,VHH,7810101A,7810101A,D78
155bf2fd-52a7-4f8e-a99d-c7697587cc7b,VHH,7810101A,7810101A,D96
3a75a95c-eb84-46c0-8036-7ff1dcd22ed6,VHH,7810101B,7810101B,C00
4a0fb409-02fb-4996-8ccb-6c2ee885b7b4,VHH,7810101B,7810101B,A00
b239f017-06b8-4a17-b965-2b145594d9b7,VHH,7810101B,7810101B,A16
6724aa49-906c-4359-8341-a817df110ac3,VHH,7810101B,7810101B,D01
fdbde269-f979-44f1-9331-8a8486234168,VHH,7810101B,7810101B,D78
377f6115-35f6-4e4b-bef2-879c6878af9f,VHH,7810101B,7810101B,D96
0bdeec6c-faae-4a4a-9470-d8ecff520c95,VHH,7810101C,7810101C,A00
7411b828-d059-4647-bc53-d4b3f4f8c227,VHH,7810101C,7810101C,A16
ec8c5b8e-a0cb-4cfa-995a-e059b8568435,VHH,7810101C,7810101C,D01
05ff4151-95ec-43d2-8104-0f247c96ad9c,VHH,7810101C,7810101C,D78
89f2880e-142d-417a-8545-b6d2e52d92e9,VHH,7810101C,7810101C,D96
e4565917-62b1-4622-9105-c2f96c0c92c4,VHH,7810103,7810103,C00
828b0f1f-e5b7-4d79-ada9-1ee2568eee51,VHH,7810103,7810103,A00
422c1802-8a6b-4786-8c93-ceed4aa7d1db,VHH,7810103,7810103,A16
a2837bca-5412-4680-a1d2-a3160919b9cd,VHH,7810103,7810103,D01
9132d4c1-7859-44c4-a820-124bac02f921,VHH,7810103,7810103,D78
922c9d49-54e2-41c4-b651-6f093738c56d,VHH,7810103,7810103,D96
b4c54b15-530e-4c81-8604-b49bbaf9b88d,VHH,7220201,7220201,C19
058243f6-92f4-45ba-9338-2862d1a5e66c,VHH,7220201,7220201,D09
601d283e-709c-4f4c-9695-54e929a1f197,VHH,7220201,7220201,D14
1483e1a9-7e6b-4a15-9ac8-d4c217faf216,VHH,7220201,7220201,D15
1f38d657-4450-4611-ab54-7cf53291bc44,VHH,7229040A,7229040A,C19
7cfee28a-fa44-4304-8178-338ad806d39d,VHH,7229040A,7229040A,D09
8bcb1c1c-d0b3-4119-a53d-42ab25c0b43d,VHH,7229040A,7229040A,D14
72bbd3f6-48ed-4874-8cbb-61ff56c0ec7e,VHH,7229040A,7229040A,D15
a12926ef-f060-4ab9-af8e-f2a621775d4a,VHH,7229040B,7229040B,C19
568cf281-bc65-49e6-bfef-5b2451769a8c,VHH,7229040B,7229040B,D09
92427a89-2fee-4125-990b-00a67a893ca1,VHH,7229040B,7229040B,D14
f8560f21-2f7b-4295-adb2-48e9239afcc4,VHH,7229040B,7229040B,D15
ef0e97e2-70f7-42f6-916f-01e96c26438d,VHH,7229040C,7229040C,C19
7663e102-42f8-4555-8d63-81741f3f99dd,VHH,7229040C,7229040C,D09
5bc8a153-2957-4270-9592-ce222eea307f,VHH,7229040C,7229040C,D14
57a1dba5-e837-4070-82f4-51ff3fe70b91,VHH,7229040C,7229040C,D15
9a0ebe74-02ea-4a50-970b-d5b023c68366,VHH,7229042A,7229042A,C19
9e4d1821-53e9-4e95-b75c-10e9f4213cd4,VHH,7229042A,7229042A,D09
31f3a351-5e68-45c5-b54e-8dafee2340b6,VHH,7229042A,7229042A,D14
49c330c6-9715-420e-bfbb-ef8ff8a29d05,VHH,7229042A,7229042A,D15
3706007f-dec1-4be2-8ecc-125468b294fd,VHH,7229042D,7229042D,C00
099e0c54-163e-40ad-ad64-b4f0241bce4e,VHH,7229042D,7229042D,C19
ac2a5daf-5f25-491d-943d-c773ad8bc5cf,VHH,7229042D,7229042D,D01
94f60c3c-5119-44ab-9a35-72056a7a35d5,VHH,7229042D,7229042D,D09
5e68a6ef-e46e-4f39-8c99-e13e6ee6ede0,VHH,7229042D,7229042D,D14
a747dc95-2447-433d-8c07-f4742c269f19,VHH,7229042D,7229042D,D15
aa43b059-cbd5-497d-9990-e1bccf69d44c,VHH,7320101,7320101,C19
6fdc059a-b978-4525-970b-feb08510c3ed,VHH,7320101,7320101,D09
b1b3462c-1908-40f8-a25b-e14c57b8a6b4,VHH,7320101,7320101,D14
1fd4e56c-ac84-40ae-8f6d-e73f68c2c5b9,VHH,7320101,7320101,D15
088229ca-8f48-41e6-8a63-5f0b7808b9fc,VHH,7320201A,7320201A,C00
8902f552-fc0e-4c35-ad55-145ea5c8ed66,VHH,7320201A,7320201A,C19
cdb4ed71-be5d-4cd3-9830-de7d222f1c8f,VHH,7320201A,7320201A,D01
78bf188c-97f7-4f0f-8d73-67422e506aa3,VHH,7320201A,7320201A,D09
20faa7f6-20c4-4cc8-b829-f83db3db2f22,VHH,7320201A,7320201A,D14
b2ab8ad0-a778-436f-a8c3-93f812676e71,VHH,7320201A,7320201A,D15
0875345c-9bef-4d50-98e8-6f5499da13c4,VHH,7320201B,7320201B,C00
23d0e0bb-68a6-4e0f-9cc3-10eb8bc11b0e,VHH,7320201B,7320201B,C19
795c90be-63cf-410e-bf73-d604908915a1,VHH,7320201B,7320201B,D01
1deb406d-5607-49c5-ac10-c508b080b166,VHH,7320201B,7320201B,D09
24ac88da-5794-485b-82b0-c8ad3043e681,VHH,7320201B,7320201B,D14
511bf5be-0079-4984-9318-389492a983e5,VHH,7320201B,7320201B,D15
104f4525-7956-46fd-a7f0-a80bbdde0880,VHH,7320205,7320205,C19
125a7081-d30a-4aa2-a63a-5936d8392e49,VHH,7320205,7320205,D09
f94d356e-1338-42e9-9c74-39d8ce2f9189,VHH,7320205,7320205,D14
a4bd666d-44ab-4f44-af9e-db045254a383,VHH,7320205,7320205,D15
7e8435f2-3f50-4a48-a03c-33df4ee10a86,VHH,7320305,7320305,C19
a004b821-7828-4ab6-bcd3-1845f8ab85cc,VHH,7320305,7320305,D09
0d04e146-7e3b-4bb2-8603-b3c0e638720b,VHH,7320305,7320305,D14
3fdaa4f3-6125-4421-879e-32d2d15bbb40,VHH,7320305,7320305,D15
760f3183-677b-484d-8690-a3b7f72f5d53,VHH,7320402,7320402,C19
4a1e03b8-5982-4c03-becc-1920f396ba29,VHH,7320402,7320402,D09
025fc062-462d-48a5-87ee-9d4df95a8668,VHH,7320402,7320402,D14
202c8b80-fa90-4307-a46e-399dc7d5ad24,VHH,7320402,7320402,D15
0c61aade-29d7-4a3a-bc94-9e2274f9dd8c,VHH,7380101,7380101,C19
4d0eb6a5-d874-4524-9819-3ea040627f7c,VHH,7380101,7380101,D09
69c0ccf5-f982-4789-a723-258eb707cafa,VHH,7380101,7380101,D14
a7bffb85-f03e-49e9-9565-f3361710c572,VHH,7380101,7380101,D15
8d01ef5c-45b3-4357-939a-a18056ca45b9,VHH,7810101A,7810101A,C19
f7c62961-440c-4711-b5f6-7f5030cfb667,VHH,7810101A,7810101A,D09
b0e0c392-ba38-46bf-9daf-d8e372a6180f,VHH,7810101A,7810101A,D14
d1e615aa-8e6c-4ff0-a604-602df2a7d99f,VHH,7810101A,7810101A,D15
a792527a-889f-4dfb-ba49-bc07dd3cbce6,VHH,7810101B,7810101B,C19
526448ff-42cc-46e4-a385-2d185328bf3f,VHH,7810101B,7810101B,D09
a4842acd-dbc2-46fd-a7bf-d7dd93eb5c42,VHH,7810101B,7810101B,D14
774c1b36-4732-4874-8e91-1581a012d505,VHH,7810101B,7810101B,D15
aca777be-7f7f-45aa-9721-2b0c9664b7ac,VHH,7810101C,7810101C,C19
fe02d791-04b7-4d6f-9393-c16714127863,VHH,7810101C,7810101C,D09
2ba34fc4-fe77-4906-807a-1259f61251ee,VHH,7810101C,7810101C,D14
93b46a86-201e-43cc-813f-ad6de082321e,VHH,7810101C,7810101C,D15
35d987e7-6197-4fa2-baed-92e2b5e000c2,VHH,7810103A,7810103A,C00
3488126a-9040-4659-81e1-10216320ca03,VHH,7810103A,7810103A,C19
941dcee7-0d6f-4a95-a39b-5e0e5c54b5c3,VHH,7810103A,7810103A,D01
be89f2c3-9bf0-4493-94fa-329962ad256a,VHH,7810103A,7810103A,D09
3dfbc475-8f6e-43c2-a7e5-03d599f226d7,VHH,7810103A,7810103A,D14
b9590d8b-cf9d-4380-a0e7-6c24392a9e42,VHH,7810103A,7810103A,D15
7020c617-d143-43df-bd34-03b3d7cc213a,VHH,7810103B,7810103B,C00
4361739f-8fb2-4886-9126-8cd4e7403059,VHH,7810103B,7810103B,C19
8211469c-08b7-4787-93de-846e6167dd2b,VHH,7810103B,7810103B,D01
672bf313-48fa-4b18-975c-ca4a712364cf,VHH,7810103B,7810103B,D09
0f9720c7-d4db-436f-9ab3-375cc1045390,VHH,7810103B,7810103B,D14
b42ab646-622c-4a95-ac13-f5d5062ab634,VHH,7810103B,7810103B,D15
43177495-8caf-4253-9253-5a226ab37c07,VHH,7220201,7220201,X78
f48d6350-9ae7-46cb-9494-1b38f51ef999,VHH,7229040A,7229040A,X70
2746b7a4-500b-40aa-b024-8bc754b90060,VHH,7229040A,7229040A,C03
cc3f6211-0ea6-4987-8482-ded2e969786c,VHH,7229040A,7229040A,C04
07ac06ba-5e8e-4c6d-944f-9abb86e29d5f,VHH,7229040A,7229040A,X01
f27c2ff5-f295-4aa1-a73f-419a4d312cf1,VHH,7229040A,7229040A,X78
c5c9fa8c-9824-449d-97b0-4ab466d76053,VHH,7229040B,7229040B,C03
a08ae2f5-f817-4b88-b3d4-145e43532870,VHH,7229040B,7229040B,C04
5a996b46-5e0c-4218-82f1-4ad35276ee96,VHH,7229040B,7229040B,X01
4bef6188-1e2e-42b2-9382-55dcb37162db,VHH,7229040B,7229040B,X78
6c5876e1-ba80-421d-b47d-60bd67fba038,VHH,7229040B,7229040B,X70
4e66c6ac-2fc1-498f-8407-b1ac6257b978,VHH,7229040C,7229040C,C03
38a3e47d-40ad-4f2c-84de-c20eb216bafc,VHH,7229040C,7229040C,C04
f33e054b-7105-47f5-94d4-b3ef5496b010,VHH,7229040C,7229040C,X01
e53aed70-0a0b-4c74-92ee-7a6e1bcb9f5a,VHH,7229040C,7229040C,X78
9e371b3e-e116-4d18-939b-da869b097e26,VHH,7229040C,7229040C,X70
cf520c27-13e5-4cbd-9a67-c3a4346483e4,VHH,7229042A,7229042A,C03
96d1e4c4-b330-462b-a907-9ecf19f3935c,VHH,7229042A,7229042A,C04
4e223a22-570b-471d-bf76-15122cb9489f,VHH,7229042A,7229042A,X01
b0464caf-4baf-4bb4-b515-03a2be402d82,VHH,7229042A,7229042A,X78
4867e57a-a623-4b90-b4af-3c8b5447c415,VHH,7229042A,7229042A,X70
7f4f03c0-3c03-4326-aa67-84890ef0088c,VHH,7229042C,7229042C,C03
9f646c12-cb16-4016-a6fe-661215761b1d,VHH,7229042C,7229042C,C04
b15de8c6-f460-4057-a54b-6b47d9babb52,VHH,7229042C,7229042C,D14
8f4da0b9-a21e-4efb-9f7f-1675c186d877,VHH,7229042C,7229042C,D15
b18cbc9d-2180-44dc-9900-3e38bd76fed1,VHH,7229042C,7229042C,X01
72dc1a88-619d-4d09-affd-da718f9e04b1,VHH,7229042C,7229042C,X78
7e1b7741-ce91-4f2d-a69b-d30d4d217e97,VHH,7229042C,7229042C,X70
21989225-ab05-4bd7-8569-8fe8936c6c1d,VHH,7229042D,7229042D,X70
e32ad261-711a-4993-b3e1-1aad6172db59,VHH,7229042D,7229042D,C03
63455428-a8e8-4c67-a9c4-82ed51b761c6,VHH,7229042D,7229042D,C04
3b1a56c0-3c81-48ed-b640-907ba64f702b,VHH,7229042D,7229042D,X01
253d8b14-6e4d-4168-8492-e874f051e516,VHH,7229042D,7229042D,X78
40d7513b-268c-4421-88eb-e95347db01a1,VHH,7320101,7320101,X70
f9a8aa51-2228-4a1d-accd-7939d2bee782,VHH,7320101,7320101,C03
9bb5c535-c68c-4f7c-b6fc-0cc3bfea7d18,VHH,7320101,7320101,C04
f0c0c0a6-719a-42f9-850d-a305a4eb31f4,VHH,7320101,7320101,X01
1e207569-8069-4861-afc2-8f2755eb8426,VHH,7320101,7320101,X78
0608804a-95ba-4cf9-9a9d-11329b370bc4,VHH,7320201A,7320201A,X70
a3897e82-5d9c-4dec-9b6d-035abf77e0a1,VHH,7320201A,7320201A,C03
22ac8cc4-4293-4339-a443-e1c8e21ae80f,VHH,7320201A,7320201A,C04
bf7c25bd-f31f-4f62-a4dd-c1cb44ac7d2c,VHH,7320201A,7320201A,X01
ccc8cb56-b85e-4cd9-9401-7254a04f0f0f,VHH,7320201A,7320201A,X78
37f06340-ae27-41ae-8a34-c4822fb84b87,VHH,7320201B,7320201B,X70
cb86ce67-75e7-4b1b-a230-ce153cc8937a,VHH,7320201B,7320201B,C03
f74de6e1-72eb-41b4-917f-056bed034952,VHH,7320201B,7320201B,C04
ab1635fb-e8f5-4b03-8503-d1d826bb8248,VHH,7320201B,7320201B,X01
6179c06c-105e-41b7-8fb8-66121a225cd0,VHH,7320201B,7320201B,X78
68705003-6e21-4fae-a920-c87311b44bc7,VHH,7320205,7320205,X70
8585f3f3-e2c1-45df-8413-fe98acf016b3,VHH,7320205,7320205,C03
82c841b6-b6e4-409c-832c-1f099f866666,VHH,7320205,7320205,C04
387983f5-0655-4072-81d3-321717911f81,VHH,7320205,7320205,X01
2184640a-b699-4443-8d7f-69bfbea57dba,VHH,7320205,7320205,X78
9cb7349a-df2b-4dd6-bb6c-27641d5cc96d,VHH,7320305,7320305,X70
3a737f3e-2f9a-4eb6-b14a-b4a01dc636b4,VHH,7320305,7320305,C03
3e79ba16-3706-49d4-9d32-920f9aaf0835,VHH,7320305,7320305,C04
cb721ab9-0a32-4f80-bedf-3e491fa519a2,VHH,7320305,7320305,X01
48fd2761-810b-4725-8907-bb96b516a1a8,VHH,7320305,7320305,X78
20f23374-3c25-4451-a7fc-7b8c6e6858b3,VHH,7320402,7320402,C03
4f733d85-e11f-4bc5-83d5-11eba25acd18,VHH,7320402,7320402,C04
13f35767-07f3-4fa7-a6b3-a214236bc885,VHH,7320402,7320402,X01
371c6e0a-a51f-447f-8f5b-7ea301972322,VHH,7320402,7320402,X78
58d7dc19-859e-47c3-9b72-e254c4e36e35,VHH,7320402,7320402,X70
a3d198dc-2279-40ad-a7cf-aff6deefef37,VHH,7380101,7380101,C03
25302d59-9632-482d-8deb-6d02059a1c4b,VHH,7380101,7380101,C04
8aa0846a-e718-40ca-b97e-78584b561d4b,VHH,7380101,7380101,X01
a58f6796-87f0-4b39-b84d-7c2b47a0edf0,VHH,7380101,7380101,X78
86b0f5da-d45c-4532-b3d1-252b6de57527,VHH,7380101,7380101,X70
19e8327a-1609-4a46-a919-5aa22f02b5b5,VHH,7810101A,7810101A,C03
3a7f180d-f311-4a6c-ba9b-8de44d824f4b,VHH,7810101A,7810101A,C04
547a3544-509b-4516-bf14-3a309f627543,VHH,7810101A,7810101A,X01
41f65108-1b31-46f8-ab1d-cdf3cf5d062e,VHH,7810101A,7810101A,X78
ed3c1f7f-8b0a-4e8a-a647-4be5608e8417,VHH,7810101A,7810101A,X70
e6c6c179-cab5-4cd4-b83d-65299d419873,VHH,7810101B,7810101B,C03
162c9cdf-6d68-4f11-b173-6fe59fb8cb16,VHH,7810101B,7810101B,C04
eba2fefb-875c-4b74-97ef-6abb36dcb8ff,VHH,7810101B,7810101B,X01
a5b0e413-21d3-4d2c-bc63-b1ef59dc12bb,VHH,7810101B,7810101B,X78
3f8730be-107e-41f2-a1c4-c36449781402,VHH,7810101B,7810101B,X70
7b6d4fb9-a4d8-4770-844d-a3a9d2c1650a,VHH,7810101C,7810101C,X78
78a7399f-d6c5-47c9-8e1d-11bfaef11831,VHH,7810103A,7810103A,X70
5e078ef8-9f9b-48f5-8bc6-ded510f4c50e,VHH,7810103A,7810103A,C03
fc512acb-6832-4ea4-a8d1-3c1fd2463f22,VHH,7810103A,7810103A,C04
526b074e-03be-4d29-958f-d554556dbe1c,VHH,7810103A,7810103A,X01
a489c52c-67ac-425b-ab90-81f595bece40,VHH,7810103A,7810103A,X78
202056a2-f6ed-4a5f-b384-4761c7aa9320,VHH,7810103B,7810103B,X70
fa0f22ef-0203-4779-b25e-d4ada5e3fb8e,VHH,7810103B,7810103B,C03
8b9e1de2-b837-4fb9-97ad-276304ee83dc,VHH,7810103B,7810103B,C04
379beb84-1916-48e8-ab10-613c6f4b526f,VHH,7810103B,7810103B,X01
5ee63f37-ff9d-4750-80b7-5bdd9353bc82,VHH,7810103B,7810103B,X78
0ee7ad48-4a5a-49e2-ac37-59c7bce45958,VHH,72202001,72202001,D01
3cf658f5-fc70-429a-a1e7-086a95d56a97,VHH,7220110,7220110,N06
aedd4c63-6c51-430f-91ce-dd33f7a93244,VHH,7220201,7220201,C00
4c5ab8fa-16c1-4500-8a4a-ce33722d9156,VHH,7229042C,7229042C,N00
adc3f0be-e6d5-4255-b2c0-60b77f301c5c,VHH,7229042D,7229042D,N05
516900cd-ce18-4905-9b6b-03846e09113d,VHH,7229042D,7229042D,N00
5d4c1ad2-7974-4eb1-9874-0798e8341f56,LDA,7310301,7310301,A01
d8d97fa8-ac57-4d08-8273-6e76315211f8,LDA,7310301,7310301,C00
462f0331-8ef9-43d1-a6d5-ecd90d52669e,LDA,7310301,7310301,D01
92ede11e-895c-407b-8d80-a6898e3e3ac4,LDA,7340101,7340101,A00
c2f9492f-2d1f-478a-a8f8-56f3a1ac185b,LDA,7340101,7340101,A01
7baa3a3d-a1d4-4e38-869c-7e59754e1f75,LDA,7340101,7340101,D01
9290136b-9723-4df0-8d37-2ff9f3a437f5,LDA,7340201,7340201,A00
45d5d335-2148-4f0c-b8a1-30a4fc86800b,LDA,7340201,7340201,A01
37ac24b5-176d-4fdb-b938-66bed5a36142,LDA,7340201,7340201,D01
45d6af26-521e-46ff-b1b1-e23352a225e4,LDA,7340301,7340301,A00
81ee5e28-b573-4e6f-b583-2b44437c590e,LDA,7340301,7340301,A01
0e56df5b-bc85-42d7-b968-73c94c78eb0e,LDA,7340301,7340301,D01
ad6eac6c-be66-4157-94b6-f5f83ee48a10,LDA,7340404,7340404,A00
7f8f6838-d5e0-4593-9ad5-c8373e9da4a4,LDA,7340404,7340404,A01
6768700f-0a72-4086-ab8f-780e1aff2ec3,LDA,7340404,7340404,D01
3d15b3be-a54d-4b57-a69b-f771e3c2aa05,LDA,7340408,7340408,A00
2e430c0d-8e2f-4337-8bbe-bcdbcde6faeb,LDA,7340408,7340408,A01
02004bae-0979-40c5-a946-8d14ec3dcdd8,LDA,7340408,7340408,D01
ca1f5c3a-1a6a-467e-964c-a5246bd391d9,LDA,7380101,7380101,A01
d9027eb4-3bc1-41ad-b47f-45dbcdddc673,LDA,7380101,7380101,C00
e55fbaa4-a00a-4f3d-b1d2-d9b109669a56,LDA,7380101,7380101,D01
ea06d84b-5e37-4e37-b607-efb73501bc14,LDA,7760101,7760101,A01
f54f3e8d-5edf-4e6c-81e2-e837373453cc,LDA,7760101,7760101,C00
f0a651ae-cef1-47e6-8d09-530ac70d50e8,LDA,7760101,7760101,D01
db4783a7-37a9-47a5-a176-7bff0778db26,LDA,7850201,7850201,A00
5b143898-5cbd-4bdb-bce5-4903c6e73138,LDA,7850201,7850201,A01
50d5d0eb-fe12-492e-abe0-1f9c9f90bd49,LDA,7850201,7850201,D01
c8d8a79f-f1dd-4dfb-99c9-392d392f6d08,LDA,7220201,7220201,D01
0de5b858-c352-4339-9aee-1c1f7f46f08f,LDA,7220201,7220201,D14
a8096089-9d90-4195-9577-d1ccf8dbe9be,LDA,7220201,7220201,D15
006f9c57-6871-4d62-91f6-d1eb7cffd1f2,LDA,7310101,7310101,A00
3c6b87d3-8117-41c0-8825-eefe6cb82076,LDA,7310101,7310101,A01
3345d7f3-4756-4330-9d9c-011e4d24484d,LDA,7310101,7310101,D01
820544c6-45d8-4e10-a4c2-598bfe631094,LDA,7310630,7310630,C00
5237bc3c-429b-46b8-a2d9-ca80ace25b67,LDA,7310630,7310630,D01
2d9a440f-6483-4e92-8ecb-b71aa2177e35,LDA,7310630,7310630,D14
d123cbfc-36d5-402a-865c-cf1749b7da20,LDA,7310630,7310630,D15
92fb542a-4131-4acd-85e9-02ece8fb3b2d,LDA,7810101,7810101,C00
69de9244-6ebf-407d-963d-9473561d8482,LDA,7810101,7810101,D01
0b6d834a-142a-4a64-a592-95a83a4b074c,LDA,7810101,7810101,D14
322ab496-4165-43c6-8b76-3cdbb0223f8f,LDA,7810101,7810101,D15
02275963-ea9c-418b-9822-6327a1549e33,LDA,7220201,7220201,D11
fa6c3700-626f-433b-99df-254a55cbd8ed,LDA,7220201,7220201,D12
3bc32360-ba4b-4542-9f3c-340ead4ac4a8,LDA,7220201,7220201,X79
e4824b70-2fa5-4107-b3b7-765e05c4ba5f,LDA,7310101,7310101,D07
535c5105-c607-4108-ad4e-7d9e887088a7,LDA,7310101,7310101,D09
cb491122-c4df-4c9e-b3c5-d25a44267a61,LDA,7310101,7310101,D10
620b7ea5-91b8-4a5e-881e-bed2eb07d8a8,LDA,7310101,7310101,X25
57f622f6-69d8-492a-b07d-b642b5cbce44,LDA,7310301,7310301,C03
6aa5d526-b56f-4403-bfaa-aeeab1e1fb8d,LDA,7310301,7310301,C07
20e23f1c-177d-4e7c-8eae-31794304608a,LDA,7310301,7310301,D14
2247d84e-9321-4dff-a059-260ed34bf5fa,LDA,7310301,7310301,X70
9a6d941d-cb37-4e74-acf7-5a68e613f5de,LDA,7310630,7310630,D11
ea6b5a85-68ab-41f8-b39b-5945deb45108,LDA,7310630,7310630,D12
799be798-a01b-434e-aa0c-dd387f763d1e,LDA,7310630,7310630,X79
6f867a45-6c3a-43da-9ce8-1334104f912e,LDA,7320105,7320105,D01
7c4ebe78-aaba-45f7-9347-74ce1d818326,LDA,7320105,7320105,D11
7d868478-8aea-4651-a93c-4e1dc2eab2b9,LDA,7320105,7320105,D12
a4612aaf-abca-416f-b975-091b3221e2d7,LDA,7320105,7320105,D14
f7032002-88f5-4ad7-8aa9-55f5f03b3cb1,LDA,7320105,7320105,D15
2e6a0a99-cd2e-4fd9-a33b-c32778f51869,LDA,7320105,7320105,X79
8588325e-7172-4642-b7ce-60717fa8bb93,LDA,7340101,7340101,D07
e0fbe850-e662-4b30-baea-399c4f6807c0,LDA,7340101,7340101,D09
3e43d1aa-83cf-4d79-9c78-904e293f85d2,LDA,7340101,7340101,D10
087ba8d1-920c-417e-99cd-28e330280dd4,LDA,7340101,7340101,X25
a87f1c97-5bcf-496a-a3f6-3b4b51f4c2b1,LDA,7340101P,7340101P,A01
473c6078-2c0a-4cb7-9d90-f085377f1413,LDA,7340101P,7340101P,D01
e4529f0e-8fb3-46cb-bb95-593bba70787e,LDA,7340101P,7340101P,D07
cc2a529d-44d8-48ec-8da1-cb84ad497010,LDA,7340101P,7340101P,D09
ae0d3a5a-172f-41ed-bbcc-c28333076485,LDA,7340101P,7340101P,D10
7146815e-5907-44a5-b754-133468000018,LDA,7340101P,7340101P,X25
4bb0da1d-460d-4754-8476-ef0120ac6661,LDA,7340201,7340201,D07
e7000ce3-65d5-415c-b17d-2576de38d16a,LDA,7340201,7340201,D09
7e6da3dd-4d60-48f0-ae7b-693df9ff3d2f,LDA,7340201,7340201,D10
85b0004a-5ae7-4f8a-b539-8a8940d8ebfa,LDA,7340201,7340201,X25
8c66be03-e79e-41e7-a756-8d057ca3a8c4,LDA,7340301,7340301,D07
bc8ba4c3-d568-4265-8f7d-5bad097c4f7f,LDA,7340301,7340301,D09
8a82cd69-d0cb-4418-a6f2-dcab24c77123,LDA,7340301,7340301,D10
66c79e04-f6b4-4ba9-a3d8-a8d769e7f0cf,LDA,7340301,7340301,X25
3be3c22b-d331-4950-b632-219c5f10f7f7,LDA,7340404,7340404,D07
40a51745-d489-4480-8edc-387d8e5c4f85,LDA,7340404,7340404,D09
f45a4dcd-984c-439e-826e-ca9193bdf0e0,LDA,7340404,7340404,D10
d6f1c99b-0ef8-44ae-84ec-4af11611138c,LDA,7340404,7340404,X25
92bb9cdd-ef54-48e8-8a6a-6fb47cef3183,LDA,7340408,7340408,D07
c8410f7d-0779-48a2-9149-0fc7eaa9ecb5,LDA,7340408,7340408,D09
d4bd119d-34ab-4552-bba1-209e60d715ca,LDA,7340408,7340408,D10
22b1c853-5a36-436e-925f-3ff1de440f41,LDA,7340408,7340408,X25
51a8efc7-dfeb-4864-a3d6-cf820ed380aa,LDA,7380101,7380101,C03
e76e796f-77a4-4f43-a4c8-e20567542399,LDA,7380101,7380101,C07
67915b73-a24e-44a0-bc43-b79bc00df544,LDA,7380101,7380101,D14
61091588-c661-4558-b054-0e316fb642d5,LDA,7380101,7380101,X70
2566f08c-d1e0-4bd1-940b-3e2658310678,LDA,7460108,7460108,A00
83152ef7-eb2a-490c-a980-7b79178f655d,LDA,7460108,7460108,A01
78c22805-a2f9-439e-b3fc-66ef8c48bb1b,LDA,7460108,7460108,A03
261d103c-73fa-451a-9dbb-a5dbb0504339,LDA,7460108,7460108,C01
fb6c0ca5-1f93-41ca-a464-e48656f5aca3,LDA,7460108,7460108,D01
5d7b32f7-2448-4239-bb50-2d78d787d0e3,LDA,7460108,7460108,X06
e605fc85-838a-47bd-8f36-293fa58a5263,LDA,7480201,7480201,A00
3b78a58a-7a05-4ae3-beb7-554a882248a8,LDA,7480201,7480201,A01
19304666-4cd9-45c2-b24c-8d54b3b10373,LDA,7480201,7480201,A03
e0b526f2-7215-4475-ad62-a54e4bd7fd24,LDA,7480201,7480201,C01
c3751545-5cab-4935-a83d-1e7ca07fabe6,LDA,7480201,7480201,D01
135ae2f5-3ec8-4dc4-b0e8-87308d910d9f,LDA,7480201,7480201,X06
80f79384-91eb-4355-aa33-0b757c268b58,LDA,7760101,7760101,C03
72544abd-0e65-4c16-a3d6-4ff9bad824e0,LDA,7760101,7760101,C07
16c00e8f-8d22-4795-8f64-bc29a061da82,LDA,7760101,7760101,D14
ed42c584-331f-4661-ad87-1327ec225eb2,LDA,7760101,7760101,X70
c489393c-6024-48a9-82d4-9f45eb11fe5b,LDA,7810101,7810101,D11
f9fe5548-2e77-4552-86ab-c29b1d987abc,LDA,7810101,7810101,D12
046dea94-69c2-4963-92d1-1014a65e7e6b,LDA,7810101,7810101,X79
a5d0f965-d7be-4f28-b02c-d853102b2b04,LDA,7850201,7850201,A03
82027100-1379-4710-ad53-9179824d1dff,LDA,7850201,7850201,C01
153aff50-83b7-41ad-a81c-30374f500440,LDA,7850201,7850201,X06
fad8b515-4637-4ba3-9d5c-3894de257343,DNV,7220201,7220201,D01
2e77cb3c-ab7f-4257-b39e-7ae5ab49285b,DNV,7220201,7220201,D14
87aced54-7cfe-4279-94ae-bf39111dbdb8,DNV,7220201,7220201,D15
01307485-ce1e-489a-a101-28af4fd31849,DNV,7229040-01; 7229040-02,7229040-01; 7229040-02,D01
aaf10c8c-d1e8-414a-bac0-64435c63d713,DNV,7229040-01; 7229040-02,7229040-01; 7229040-02,D15
90d39dec-0762-41fb-b609-d32c0ad1d236,DNV,7229040-01; 7229040-02,7229040-01; 7229040-02,C00
2814f574-9404-4f2a-8216-96a14d73a771,DNV,7229040-01; 7229040-02,7229040-01; 7229040-02,C20
92b40d6a-9e9a-4e5b-a0d2-2ecd89627cb6,DNV,7229040-1QN,7229040-1QN,C00
fa8f1b83-cf38-4af8-bf9a-8a5354e9d4e4,DNV,7229040-1QN,7229040-1QN,D01
859c9d7d-8f59-47bb-b6d6-b204991d8b1f,DNV,7229040-1QN,7229040-1QN,D15
2beea96a-d5d4-4a98-99a8-6681b03b14c0,DNV,7229040-1QN,7229040-1QN,C20
15be8057-d33f-413e-8ea1-24fd66b6626f,DNV,7229042,7229042,D01
d02f9486-1194-4ace-ad8a-66b1424a6977,DNV,7229042,7229042,D15
f07ff25b-7e52-4990-8148-999d0d5035f8,DNV,7229042,7229042,C00
430d5ce8-18cb-4b37-952b-55f6d3721849,DNV,7229042 (7229042-01),7229042 (7229042-01),C20
cc2e7691-d18e-467f-a5e1-b9851f9adc5f,DNV,7310101,7310101,A00
840e0bac-ed9d-450a-988a-3de28f9a74a4,DNV,7310101,7310101,A01
e297e5a2-afa1-47d8-b45e-2c71e2a36847,DNV,7310101,7310101,A07
0710e3e7-ca41-4749-9518-852e56a74a19,DNV,7310101,7310101,D01
91d8cc88-bbfc-46d5-b438-30af95579632,DNV,7310201 (7310201-01),7310201 (7310201-01),D01
e388300d-47d1-4d41-a5b2-b16143d6ba9b,DNV,7310201 (7310201-01),7310201 (7310201-01),C00
0d7b250c-d8d3-4949-ab31-46589981e668,DNV,7310201 (7310201-01),7310201 (7310201-01),C14
931e7b90-8448-44ac-82b0-3a13a8b21581,DNV,7310201 (7310201-01),7310201 (7310201-01),C20
5d81c1ab-f559-465e-a577-966ffdf34df3,DNV,7310202,7310202,A00
e5be539c-a3b6-400a-bd07-9aa66381b7e6,DNV,7310202,7310202,C00
40caf46b-f1e3-421e-a044-52a54263b3df,DNV,7310202,7310202,C19
214c7255-f770-47eb-9996-16a7e399f8ae,DNV,7310202,7310202,C20
83ed173d-dca9-4e02-b4fd-a5c5c4288679,DNV,7310205,7310205,C00
a1bf3a88-8068-4743-ba85-86e141ca8018,DNV,7310205,7310205,C20
d794cc87-4803-4aa4-b1b3-8d0a18df8f5d,DNV,7310205,7310205,A01
2c3a38a5-1d9d-4974-a0d8-d85378670dc1,DNV,7310205,7310205,D01
22d8edca-b674-498b-b41b-d5d0a993828c,DNV,7310205HCM,7310205HCM,A00
90fd190e-40c9-453d-91d0-1b5d8a6377b6,DNV,7310205HCM,7310205HCM,C00
01620534-2284-4a6d-8490-34826f4fd108,DNV,7310205HCM,7310205HCM,D01
d93a540b-6a3d-401b-947c-7bbb6f9ee224,DNV,7310205HCM,7310205HCM,D15
0ae98152-6521-47fc-9e1f-0f1b1ef858a1,DNV,7310205QN,7310205QN,C00
666fa21b-4cc9-4295-bdd7-00d209a62106,DNV,7310205QN,7310205QN,D01
595be9d5-39f2-4f47-be6d-23603df4598e,DNV,7310205QN,7310205QN,D15
7c993178-5cf9-4205-bd06-fe77b624a54d,DNV,7310205QN,7310205QN,C20
d5d98abf-9479-4b2b-a351-15079d6deee1,DNV,7320201,7320201,A01
c33e914c-1c99-40c8-8d89-26cb83325ce5,DNV,7320201,7320201,D01
e3f55293-728c-4950-b50a-7113e6e780d1,DNV,7320201,7320201,C00
5baa573e-5f0e-45a9-b6b8-38fbb621b0b6,DNV,7320201,7320201,C20
3021fe01-0faf-407b-8d5f-49514d80129f,DNV,7320303,7320303,C00
fb816509-5e64-4177-8aa3-6614b4330237,DNV,7320303,7320303,C03
a9556c5e-41b8-4e59-8955-6ef6addc591b,DNV,7320303,7320303,D14
57a611ee-27c1-40f7-a361-2a056a740c5f,DNV,7320303,7320303,C19
59f18901-6cb3-4ad4-af98-3b5ddf70d6dd,DNV,7320303 (7320303-01),7320303 (7320303-01),D01
698c7dc1-2550-44e8-aa7a-b201c7291179,DNV,7320303 (7320303-01),7320303 (7320303-01),C00
a1036796-9b57-4ac6-b3e4-1b75a56c0d21,DNV,7320303 (7320303-01),7320303 (7320303-01),C19
9dc692a5-2f81-4667-ac3d-64f298736d82,DNV,7320303 (7320303-01),7320303 (7320303-01),C20
9ee98a5f-5cff-45fd-8767-1e7323468df2,DNV,7320303-1QN,7320303-1QN,C00
d37d92d1-5d4d-4544-ac9f-db02ade88923,DNV,7320303-1QN,7320303-1QN,D01
9a9d96f4-6c9a-4bce-8524-0724ba53001b,DNV,7320303-1QN,7320303-1QN,C19
e782e053-5067-45e7-8236-92e56dc46b17,DNV,7320303-1QN,7320303-1QN,C20
f1d74fd8-f92c-4e5b-ab10-d95dbe2f43cf,DNV,7340404,7340404,A00
5e52ea62-aa70-4990-9081-6eb4f50a9145,DNV,7340404,7340404,A01
32040cc3-8c21-4196-bd4a-666538b97736,DNV,7340404,7340404,D01
7082919f-4c3d-4555-89e4-2aaebf2a6dee,DNV,7340404,7340404,C00
0e45a48e-7204-4ad3-8dbf-1f6c10de765b,DNV,7340404QN,7340404QN,A00
6869d93a-b5e0-4f5f-89fe-2bb0f089fa04,DNV,7340404QN,7340404QN,C00
53333706-1eaf-4e36-882f-429d8e1bbea5,DNV,7340404QN,7340404QN,D01
67ed74c9-d4a1-4b29-8df3-fe958e7f317b,DNV,7340404QN,7340404QN,C20
82dd48a9-5209-4f7a-9794-bde8dd6b1875,DNV,7340406,7340406,D01
f0767286-fb25-4779-abb1-4ef270f9cb30,DNV,7340406,7340406,C00
e44e7725-dac4-47db-a153-16442f96ba2e,DNV,7340406,7340406,C14
8730c0b5-d5c8-4170-8040-56069f957347,DNV,7340406,7340406,C20
871a4672-1487-47f5-89bc-e4b696c6104e,DNV,7340406HCM,7340406HCM,A01
d48dd8df-1328-4c5a-a879-9b084c995f49,DNV,7340406HCM,7340406HCM,C00
6da3d655-83ee-47ce-b8da-0a98ad3de84d,DNV,7340406HCM,7340406HCM,D01
f40f8676-de6d-4c9c-a789-4518449c7de1,DNV,7340406HCM,7340406HCM,D15
31c0a04b-29d7-414a-bde8-a62e3bd069c1,DNV,7340406QN,7340406QN,A00
beacab30-ae68-49c9-9063-615009fa394e,DNV,7340406QN,7340406QN,C00
c637263e-22c8-4041-882c-2cc9c439c4c9,DNV,7340406QN,7340406QN,D01
d76953f4-00bf-4574-a0c3-76c209435951,DNV,7340406QN,7340406QN,C20
f1723764-fdb8-4bb7-baeb-e699f9e0aa49,DNV,7380101,7380101,C00
255c099a-e0a2-4439-ae85-ad42c873bc4b,DNV,7380101,7380101,A00
bd0f2bb0-0a07-47c9-9023-eca3e371b444,DNV,7380101,7380101,A01
d7c99db7-2710-4052-940d-55eb2a3913b2,DNV,7380101,7380101,D01
62f67613-0333-4001-9b49-fc65e53fe68d,DNV,7380101HCM,7380101HCM,A00
6a46c321-b51c-4c91-8cc2-5a4b5951afc9,DNV,7380101HCM,7380101HCM,C00
e393e975-abf9-4527-810d-7dea80e5b486,DNV,7380101HCM,7380101HCM,D01
836f9f34-a5e5-4788-93a5-c6a867898669,DNV,7380101QN,7380101QN,A00
bba00317-92e5-434c-9314-c2055fd3d860,DNV,7380101QN,7380101QN,C00
d4795f64-05d3-4356-ba56-ab1fd50008d1,DNV,7380101QN,7380101QN,D01
326a6376-3cf9-4ab5-a1f9-c013fe263078,DNV,7380101QN,7380101QN,C20
b03b2eb0-33b1-4a39-bd33-8a256340e0ac,DNV,7480104,7480104,A00
64296f76-532e-4a56-acd4-8795e791ae32,DNV,7480104,7480104,A01
89915b76-f9f2-4452-804d-92cc86be4783,DNV,7480104,7480104,D01
c97099db-a799-41e7-8c2f-8c45bc2f25e2,DNV,7480104,7480104,D10
e26f93f6-1b93-4fcb-9b4e-c540f5e85947,DNV,7810103,7810103,D01
04149a9d-ce11-469c-ac50-13b33ee41196,DNV,7810103,7810103,D15
981fd2f6-96db-43d6-a945-6f6df3078cba,DNV,7810103,7810103,C00
c20ef040-1b03-4c3a-97eb-a6bc8daa1204,DNV,7810103,7810103,C20
6aaee72a-d6de-4af0-96fd-1ccf4cd780d7,DNV,7229040,7229040,D01
565b0a44-7836-49a4-8e93-d34b14d5ba19,DNV,7229040,7229040,D14
b0e5f247-88d3-411c-95cd-628d8a4a9565,DNV,7229040,7229040,D15
a98eb4b9-9bd2-440a-b895-833721c75557,DNV,7229040,7229040,C00
5f2be0bd-9098-4317-aaf6-1fe6c424ed3f,DNV,7229042,7229042,D14
37429c6d-1320-495a-9b78-023382da479e,DNV,7310201,7310201,D01
3810f298-0fe7-447a-ac8b-a73c00f3a5a5,DNV,7310201,7310201,C00
538a770f-91ea-4c73-80e6-70e5ab7bed57,DNV,7310201,7310201,C14
3d317c9d-8b52-4d98-8c21-b5222d22beba,DNV,7310201,7310201,C20
56d96c3f-2653-4193-b72a-c2e1ffd16da5,DNV,7310202,7310202,D14
5619cc0f-5cf6-4f0d-90df-a528f9385e0f,DNV,7310205TP-HCM,7310205TP-HCM,A00
f341cf7c-37f2-4344-ab20-adaaf4c6e652,DNV,7310205TP-HCM,7310205TP-HCM,C00
a9745c60-9ead-49c1-8d84-699691561cb7,DNV,7310205TP-HCM,7310205TP-HCM,D01
2552caa8-2a8e-43dd-b558-9c08569e8a34,DNV,7310205TP-HCM,7310205TP-HCM,D15
ad4d90d7-a3c9-46cd-867f-63d3bd840137,DNV,7320303,7320303,D01
3e961e71-6e8d-4b7b-b548-aad5cc244367,DNV,7320303,7320303,C20
0913e90b-529e-4aa0-b11e-58c7217dfb15,DNV,7320303TP-HCM,7320303TP-HCM,C00
9d3477bd-5103-4819-8d83-93bbdf4d9f5b,DNV,7320303TP-HCM,7320303TP-HCM,C03
e75f1f07-7064-4f10-9a0c-e8cf4a65aaef,DNV,7320303TP-HCM,7320303TP-HCM,D14
29996f4a-4f0b-48f1-8355-3a0383b9c6cc,DNV,7320303TP-HCM,7320303TP-HCM,C19
02e5b831-0097-42e3-a0bb-6c4407cc942d,DNV,7340406,7340406,A01
16bbacdb-dd64-4266-b949-cc9db17c60e6,DNV,7340406TP-HCM,7340406TP-HCM,A01
80e6bf8b-fadb-486a-9f68-5c28bdc35c46,DNV,7340406TP-HCM,7340406TP-HCM,C00
fad311e2-435d-4b69-9091-579cc31769e1,DNV,7340406TP-HCM,7340406TP-HCM,D01
36a2cf34-c0af-4324-b0c5-b07f3a66130b,DNV,7340406TP-HCM,7340406TP-HCM,D15
fb50436f-a2b4-44bd-b6d6-2abe2ca8a384,DNV,7380101QN 7380101-1QN,7380101QN 7380101-1QN,A00
96e6871b-b663-4e3e-822f-2016479ae876,DNV,7380101QN 7380101-1QN,7380101QN 7380101-1QN,C00
30ac60f1-bd3a-4074-a0b6-250eba48dd58,DNV,7380101QN 7380101-1QN,7380101QN 7380101-1QN,D01
fc9ca4e3-2c87-478f-9301-a66bf24cf357,DNV,7380101QN 7380101-1QN,7380101QN 7380101-1QN,C20
53001146-391c-41f4-8413-36e3cd9149b5,DNV,7380101TP-HCM,7380101TP-HCM,A00
cba1d7ed-3c44-4591-b74e-4d7fb81c3ffc,DNV,7380101TP-HCM,7380101TP-HCM,C00
a856ed89-d621-49cb-a514-e93cb72529e3,DNV,7380101TP-HCM,7380101TP-HCM,D01
96bb7ec0-6a62-407f-8bb9-6bd46d77ed73,DNV,7810103,7810103,D14
2714e0c9-5085-4ccf-a750-d6d0afddf509,DNV,7310202,7310202,D01
48088b77-15cd-4219-b48a-768697bc6140,DNV,7310205,7310205,D15
1bc6abd8-7f42-4b96-96ec-8812e75a7710,DMT,7220201,7220201,A01
24c96bc9-6d2b-4565-915d-f4e6df48d87c,DMT,7220201,7220201,D01
49224b8e-b35a-43e3-92b4-14f6368ea68c,DMT,7220201,7220201,D07
acbfc5e2-3cf7-4554-b7c3-9f0d72d20415,DMT,7220201,7220201,D15
58dd6859-51c7-49f0-9152-5ee579eac3fd,DMT,7340101,7340101,A00
9d063a12-e5f3-4f7f-8f62-3ddb895cc88c,DMT,7340101,7340101,A01
21e4504c-54a5-48eb-bf20-683d52a9d2a1,DMT,7340101,7340101,C00
ad951ab7-c476-4944-aeea-ddfb14a1677d,DMT,7340101,7340101,D01
dc635655-76ba-4d65-892a-428460c438da,DMT,7340115,7340115,A00
50991982-0e2b-44c4-b134-0afbfeb2671f,DMT,7340115,7340115,A01
ce924b14-96fb-4f9a-be21-6a8390a01f0a,DMT,7340115,7340115,C00
ffe36610-5d26-4ca2-945b-100b9017aa7e,DMT,7340115,7340115,D01
c0c23b14-7625-41fc-82f6-9020368eaeef,DMT,7340116,7340116,A00
167755bb-5983-4b96-9523-9aefd50afe36,DMT,7340116,7340116,A01
205e8651-118e-4beb-be37-6cb1b506b2a2,DMT,7340116,7340116,C00
0deda41a-5535-454a-9e45-ce7ca828033e,DMT,7340116,7340116,D01
86adac39-db96-4dd3-98bc-858e7c0c024d,DMT,7340301,7340301,A00
ec6d259d-7673-4959-b11f-dc4726860507,DMT,7340301,7340301,A01
cee8aae6-743c-48ea-a27b-e4a223983df0,DMT,7340301,7340301,A07
1efb0146-5d27-4bf2-9e84-dda5ce65dad5,DMT,7340301,7340301,D01
ffe5cc7a-0182-4d33-8951-ec814653a583,DMT,7340301PH,7340301PH,A00
12718d6d-f516-469e-8f18-bf5fb8294f94,DMT,7340301PH,7340301PH,A01
83d06507-e044-4668-be57-5771541c9e1b,DMT,7340301PH,7340301PH,A07
4feb1cc7-7f4c-440f-aed8-5ddee6e45fbf,DMT,7340301PH,7340301PH,D01
1c9dd836-5cb4-46ce-b8c7-b37dd675d579,DMT,7380101,7380101,A00
3ccc9975-e671-478c-b1de-edde270a4b7f,DMT,7380101,7380101,A01
fcc4c512-dff0-46a6-ae57-dff3a4248daa,DMT,7380101,7380101,C00
150f1a41-adfd-4861-b1ed-56c9614f664e,DMT,7380101,7380101,D01
81843be8-a48b-4797-b404-df006ca5fea7,DMT,7420203,7420203,A00
19c3dbc7-f87e-4944-ae4d-66cef3a8e2ad,DMT,7420203,7420203,A01
1eca19d7-dbe5-42ca-a819-76cba4c67836,DMT,7420203,7420203,B00
70d2232d-049c-412e-b578-6d70e9ef3e27,DMT,7420203,7420203,D08
d13f60ba-57a7-4353-9674-7d31a0a077fa,DMT,7440221,7440221,A00
876a7f18-ff61-4f64-a8d7-744bac35eb1a,DMT,7440221,7440221,A01
9c204bb5-c6fc-486d-9a99-7e6d777f57bc,DMT,7440221,7440221,B00
02449396-7e63-488c-b998-4252f5f23c6a,DMT,7440221,7440221,D01
c03d31df-5427-43b4-867c-f44062cea52f,DMT,7440224,7440224,A00
920326a1-e0ce-4e42-a62b-579a7e0049ad,DMT,7440224,7440224,A01
8f6fa64c-ac22-4fdf-b1a7-861a4cee7a8c,DMT,7440224,7440224,B00
f6d479c7-eaa1-41b7-83b5-4784171be0f4,DMT,7440224,7440224,D01
3ad24c8b-3cbc-4353-9227-de1e36e41dee,DMT,7440298,7440298,A00
87b2c3dd-e5f5-4276-b696-6c4665cbd8b2,DMT,7440298,7440298,C00
bfb6455e-18e6-4e52-afcb-f633c72ca3f1,DMT,7440298,7440298,D01
77f20004-3aca-4add-a539-0b865ca317c5,DMT,7440298,7440298,D15
21fee79f-6760-40d0-9988-0fc13019a66b,DMT,7480201,7480201,A00
f98c6ef5-9ff5-4ac8-af0a-444643e70c62,DMT,7480201,7480201,A01
2f03917d-b1be-4f28-932a-6ed038ebd554,DMT,7480201,7480201,B00
49096999-3c99-48d9-971f-6853a9acdc9a,DMT,7480201,7480201,D01
126766f9-e700-4c2a-9bdd-933dbc503efb,DMT,7480201PH,7480201PH,A00
27e244ed-b27b-411b-b252-0147591298ed,DMT,7480201PH,7480201PH,A01
5260dd5f-0f09-4c01-9170-26f5fe2a7d42,DMT,7480201PH,7480201PH,B00
6cd3f25d-3233-47aa-bf34-f919e79d38db,DMT,7480201PH,7480201PH,D01
00f12b67-f873-44fd-8f2c-526e55ec7d76,DMT,7510406,7510406,A00
1f95979c-d785-4ba9-a5b0-493dd0e8bd8a,DMT,7510406,7510406,A01
8cd8f620-5822-4719-a6e1-34cd5fab1a37,DMT,7510406,7510406,B00
2a33a331-b0fb-4195-985e-d7e0257252bd,DMT,7510406,7510406,D01
3b45d91d-95ef-4f0e-b41b-28b977b245e4,DMT,7510406PH,7510406PH,A00
8a3ef37b-73a5-414a-b9e6-77b67570c042,DMT,7510406PH,7510406PH,A01
c330f7c7-d076-4b60-904e-3f1a59011302,DMT,7510406PH,7510406PH,B00
35b4f1f3-e3b3-4530-8edc-b2026739222b,DMT,7510406PH,7510406PH,D01
d033f755-3738-422e-a40b-474c6f2e24bb,DMT,7510605,7510605,A00
e8766714-19eb-4d1f-9b91-d9f8a4751e52,DMT,7510605,7510605,A01
92504663-a0a4-4edf-9b27-4b7859c44057,DMT,7510605,7510605,C00
5147b4d3-3176-477b-ad90-42e7bd74510c,DMT,7510605,7510605,D01
b4f27db0-20f7-4935-b95a-cde4b6a2434a,DMT,7520501,7520501,A00
b4520994-680a-493e-bf7e-89f2aebf6a07,DMT,7520501,7520501,A01
140ef992-33f4-4d97-b502-1652cc83c4a0,DMT,7520501,7520501,D01
92577f94-6558-4c8a-8732-64dc65035078,DMT,7520501,7520501,D15
8e292416-700e-4149-ab88-c03821e416b1,DMT,7520503,7520503,A00
9d6772e6-4af6-4a5c-9cc5-1f61437bdb45,DMT,7520503,7520503,A01
857f4bb8-0beb-437a-a740-37a55437185f,DMT,7520503,7520503,D01
79bc01f6-5f23-4ab1-a130-1464391b4c76,DMT,7520503,7520503,D15
1f551951-6c1d-47f5-9457-175b8a51e855,DMT,7520503PH,7520503PH,A00
ef5725f1-a128-4c03-a401-ba7514723d6f,DMT,7520503PH,7520503PH,A01
52cea56f-df5d-40c6-9568-e6d70d27991b,DMT,7520503PH,7520503PH,D01
12aab02c-2fca-4120-8838-aae2b3ff2f98,DMT,7520503PH,7520503PH,D15
e0d66eb8-91b5-4a50-8266-bb26199d0391,DMT,7540106,7540106,A00
ee1fd6ea-25e6-40ad-8497-45b8139b2606,DMT,7540106,7540106,B00
e6132220-9c40-4091-ac8c-611547069179,DMT,7540106,7540106,D01
94795f0c-fe53-4109-8fc0-98a5f8b8a8d1,DMT,7540106,7540106,D07
28811891-4270-4c4d-b44a-40c242af34d8,DMT,7810103,7810103,A00
031214e0-b63e-44e6-95a9-1429a8409396,DMT,7810103,7810103,A01
ccc00e1f-47ef-4ba0-a611-cbdfd831608d,DMT,7810103,7810103,C00
64da7eba-baaa-4c28-a488-90076c46c2a3,DMT,7810103,7810103,D01
d9246b45-7a73-4005-99d5-3f5171b1b821,DMT,7810103PH,7810103PH,A00
0ef2b391-46c0-4e90-a0c1-d4285bfae8a4,DMT,7810103PH,7810103PH,A01
e1ed019d-ed47-498a-8955-f4f7f757f2ea,DMT,7810103PH,7810103PH,C00
ac1b0609-9343-4c6f-ba9c-c28181fdaadc,DMT,7810103PH,7810103PH,D01
65d179f3-b4f7-4257-93b1-1c63901c4701,DMT,7810201,7810201,A00
6955d37e-705a-45dd-bd8e-81db14113cab,DMT,7810201,7810201,A01
af0c82f9-5177-4f11-bd2f-12663f5cf415,DMT,7810201,7810201,C00
df120537-2e5f-4506-a4f4-67d18c739d39,DMT,7810201,7810201,D01
acd11cc8-5199-459a-baf8-06fe2644b511,DMT,7850101,7850101,A00
398abbc5-a7d6-488c-b5ac-26238aaf6128,DMT,7850101,7850101,B00
bc209474-5255-402c-828e-4c23f071c2e1,DMT,7850101,7850101,D01
5be372ec-f5a9-4b50-b75d-5e03d244a3cb,DMT,7850101,7850101,D15
c8472309-1d1c-4087-a927-620c015deb3c,DMT,7850101PH,7850101PH,A00
fb8f66d2-00c2-4ad0-92ea-ecb486d4f973,DMT,7850101PH,7850101PH,B00
8bd75ad6-9c7a-4f54-905f-f030de69a4a9,DMT,7850101PH,7850101PH,D01
57bf74fb-a0f1-4f4c-9338-fb550b3adcb0,DMT,7850101PH,7850101PH,D15
b21f7137-742d-4a86-bf28-a24f42a504e4,DMT,7850102,7850102,A00
39bbab13-0f6a-40f9-956c-9f3c0e398492,DMT,7850102,7850102,A01
b2cd9b2d-579f-4866-875c-83cdc44be764,DMT,7850102,7850102,A07
6ced5f37-3e6b-4f98-89cd-1dffa7a77009,DMT,7850102,7850102,D01
6e531a8c-d404-4f47-af3e-8cd16316590e,DMT,7850103,7850103,A00
db52f70f-00a6-4953-9083-8750045d7aee,DMT,7850103,7850103,B00
ecadf39c-da1c-47df-9153-6c96d2b6b154,DMT,7850103,7850103,C00
97c8faa2-5bc7-42a8-9a6a-16630eec86ab,DMT,7850103,7850103,D01
97747c59-46f8-4498-842a-4fe65db7a98b,DMT,7850103PH,7850103PH,A00
8b80f434-94ef-4ffd-aacd-388e3d66a93a,DMT,7850103PH,7850103PH,B00
17797b75-4c00-4a01-a491-afe4c042e39a,DMT,7850103PH,7850103PH,C00
768d9cf6-00e6-4cb6-b9ad-b6681831ed61,DMT,7850103PH,7850103PH,D01
9bb7a55d-db57-4f22-a970-ad51c6b60c6e,DMT,7850198,7850198,A00
4eb15ad0-b9a6-4093-b3b4-444f890d2894,DMT,7850198,7850198,A01
b571e56e-9a04-4eb2-b1e2-775f0d1b114f,DMT,7850198,7850198,B00
7d10148d-783d-4b7e-ab97-e533a4da1c87,DMT,7850198,7850198,D01
a3cf46a2-5085-46d1-b1a0-56932aff0b8d,DMT,7850199,7850199,A00
ae804bc7-00cb-4386-81d0-d6e488ad0715,DMT,7850199,7850199,B00
727cd172-4bdd-4542-a7e2-ff62973d0f75,DMT,7850199,7850199,C01
3546aa98-62d6-4721-8bd3-538d1267915c,DMT,7850199,7850199,D01
3badf0f3-31b4-4ed3-95be-d047e756b615,DMT,7220201,7220201,A00
960efab9-aeb2-4932-92a4-5ea3033372ab,DMT,7340301,7340301,D07
73094c7a-f5a4-4d58-b624-48b0919118ef,DMT,7420203,7420203,D01
0dc3adfb-d330-42e0-996c-6bfc36fd15f4,DMT,7440222,7440222,A00
793965f2-270e-4dfa-b2ac-5397db63b31f,DMT,7440222,7440222,A01
1c5f273b-3881-4d07-ab9f-57fa8f057cf2,DMT,7440222,7440222,B00
bcf447e7-279a-4a44-9cc9-92927be639b0,DMT,7440222,7440222,D01
4de3312a-52b5-4fbb-8518-6ff26157cd68,DMT,7850103,7850103,A01
e5fde1c7-ec0c-4ca5-94ea-f8fc5c204673,DMT,7850199,7850199,A01
8e68acbe-f058-4251-85c1-98f98417de2f,DMT,75I0406PH,75I0406PH,A00
36879839-459b-44b9-a519-ab68f994a1cf,DMT,75I0406PH,75I0406PH,A01
74b55a3e-d6b3-4fa5-9d2d-12dc7ea1b510,DMT,75I0406PH,75I0406PH,B00
3408bb02-f085-4ad9-8ea8-c5e6374a20a9,DMT,75I0406PH,75I0406PH,D01
d88d66ce-ee54-4571-a8f1-25b525911256,DMT,7220201,7220201,D08
80c17d9d-d728-4c47-ab5c-5d7249b66719,DMT,7220201,7220201,D14
a9f78777-7fb8-4ca7-b2b9-b1f86257489e,DMT,7220201,7220201,X25
5aae1345-80c1-4305-8201-e1c6e59225f5,DMT,7220201,7220201,X26
e145ee85-d826-4b51-8046-4bad778a55c7,DMT,7220201,7220201,X27
51745fb4-ed3e-41ba-95cc-84e50a44b74e,DMT,7220201,7220201,X28
083991c8-295c-4aba-af1a-44093ad46e70,DMT,7220201,7220201,X78
92973412-eab3-4144-8958-06ea427b1c8e,DMT,7220201,7220201,X79
8ff5776b-c4e9-45f5-92b7-70bce070eb2d,DMT,7340101,7340101,B03
935ca4e8-f4c9-4aa3-8b7b-4d6971435a1c,DMT,7340101,7340101,C01
eeceb05f-675a-4277-9fa6-95e3d04a5e91,DMT,7340101,7340101,C02
ccc6c97d-9c19-4f1a-8059-fe2cfcbcfa80,DMT,7340101,7340101,C03
0b2e9c04-e16a-4942-be83-ae90ea56c962,DMT,7340101,7340101,C04
f94ad8c2-8144-4739-886e-776b6f46bb7d,DMT,7340101,7340101,X01
55fec003-6971-461d-92eb-6651afb404c9,DMT,7340101,7340101,X02
98a31ddf-b17c-4a7f-a0b8-8a5d44803c7e,DMT,7340101,7340101,X03
ae439b57-e7c6-4f15-91a9-2fa4ef1f8f07,DMT,7340101,7340101,X04
52478eb9-e94b-43a1-9218-2f19eb8a1294,DMT,7340115,7340115,B03
23818c49-7313-411c-ae03-a6f58b2a3bca,DMT,7340115,7340115,C01
727b27c8-266b-429f-903b-4bfb7dc55b6d,DMT,7340115,7340115,C02
a4384032-5a82-4beb-8b84-679d4db79f41,DMT,7340115,7340115,C03
daa69685-9f0b-48d2-90f5-b859db0b8c9b,DMT,7340115,7340115,C04
f2fe98e9-a7cb-4a27-b898-60e302ace4c0,DMT,7340115,7340115,X01
58485374-42a8-4075-a681-f1ccb6b3a591,DMT,7340115,7340115,X02
d481e0d0-47da-4192-aca3-49ff2c22ed16,DMT,7340115,7340115,X03
22e455be-b7d7-4342-aa73-8ae921a962db,DMT,7340115,7340115,X04
3d565038-dd5a-4b10-9109-2a39d794d6ed,DMT,7340116,7340116,B03
0470fa00-e615-4600-970d-7575bb18f3fe,DMT,7340116,7340116,C01
cede00b7-9a65-48a4-9b3b-ee3541a6ee14,DMT,7340116,7340116,C02
b7a68f1a-d90d-405d-9852-ec85b585b28a,DMT,7340116,7340116,C03
bab7e53b-dfa7-4a10-b350-c3c13aad38da,DMT,7340116,7340116,C04
18e0c3cd-8b3a-492a-a9fc-011ccdd93efb,DMT,7340116,7340116,X01
7b35e3a4-af03-4516-96ac-b2111d3c1d2a,DMT,7340116,7340116,X02
e7440d36-e29c-49fd-9827-262f98c1ad94,DMT,7340116,7340116,X03
fa9d65f9-dd51-42f0-9967-7478fb80f9d8,DMT,7340116,7340116,X04
a9f2fa12-8ef9-4bcb-a200-4c6ead571563,DMT,7340301,7340301,B03
06b2591b-f7e0-4362-b55f-78a045791c87,DMT,7340301,7340301,C01
1f26632c-daa2-4a3b-b7b2-25e88abe916d,DMT,7340301,7340301,C02
6188d98a-9bc4-42ef-91c2-b3e968a0884c,DMT,7340301,7340301,C03
f415e437-a3d2-4603-b675-b9bdb20255ed,DMT,7340301,7340301,C04
4af5ee55-22c4-46eb-8faa-e73e76be3bf1,DMT,7340301,7340301,X01
794cf6be-d61b-4845-a2f3-15fb77e907f3,DMT,7340301,7340301,X02
4ac2ce0b-80d0-404d-b176-f928f6a25e6c,DMT,7340301,7340301,X03
ebcadb5d-b9ac-43a3-ad2f-b0b80355c2f1,DMT,7340301,7340301,X04
0c9a9acd-567f-49cb-9f92-464b36d88e69,DMT,7380101,7380101,C01
9e005787-049f-4720-89c9-9fe13198886b,DMT,7380101,7380101,C02
5cb9ae02-41ab-442e-9cd4-50db474ed2b0,DMT,7380101,7380101,C03
839e17b8-5a54-428e-8d4e-bb465ef76bb4,DMT,7380101,7380101,C04
ac842bc1-5ddc-4f0c-bb79-6a540296fbee,DMT,7380101,7380101,X01
7e68f7e7-8ddd-466d-ac49-03853daa0fee,DMT,7380101,7380101,X02
1208581c-79fa-4fed-a166-680faf3569ec,DMT,7380101,7380101,X17
a9fa4032-110c-4314-8b56-e8d71e155c17,DMT,7380101,7380101,X70
45fd3779-4166-405f-8e1a-7e20d84f7a63,DMT,7440222,7440222,B03
1fec010d-4916-471e-9627-3478dc815d0d,DMT,7440222,7440222,C01
ff1bbba2-f24c-4ea7-a71f-012cbf8b47bb,DMT,7440222,7440222,C02
470ae700-940a-48ad-906d-41d00e63ac0d,DMT,7440222,7440222,C03
49e65039-65fe-4bb4-9e93-03a49977c58f,DMT,7440222,7440222,C04
752ef5a5-8488-4c78-8cea-73ee8cb2fe72,DMT,7440222,7440222,X01
dda6b63b-0d05-4ade-80bb-6b0a02ef4f0d,DMT,7440222,7440222,X02
6a66e757-6404-4d6d-8cbc-878bd5a40796,DMT,7440222,7440222,X03
ae143bad-f0a0-489a-bfd3-faebdb6ae659,DMT,7440222,7440222,X04
ef3672b3-4eca-4ddb-9f93-946459265154,DMT,7440224,7440224,B03
435ed569-8b92-4f06-8b71-c30a941e3f2b,DMT,7440224,7440224,C01
19ff6ea6-1a36-4b87-9c29-2658dd480354,DMT,7440224,7440224,C02
f3220f75-659c-4d0e-8858-4673daa803e8,DMT,7440224,7440224,C03
f03de2bd-14a9-4f12-9020-2512b940abfd,DMT,7440224,7440224,C04
22f9e0ca-d746-4705-aa95-827f60a9bd21,DMT,7440224,7440224,X01
555e554e-b5d4-49fb-9377-5c1b391d8e8c,DMT,7440224,7440224,X02
b75403fb-e269-4c60-95a0-d3881927526e,DMT,7440224,7440224,X03
43dad0d2-70c7-4046-a3fb-fc13a289916f,DMT,7440224,7440224,X04
f1087da9-f42f-42a6-b44c-e50bf6dbb073,DMT,7440298,7440298,B03
b2634ac6-d24e-4db6-a8ab-534a39984b76,DMT,7440298,7440298,C01
9d01612a-b7ef-4ae4-ba52-92d6f0373383,DMT,7440298,7440298,C02
538889f0-93df-4445-808f-0a3e32a84cce,DMT,7440298,7440298,C03
75dcf4c9-e8b4-440f-8e07-4cb479a50e75,DMT,7440298,7440298,C04
95ee5889-7da0-44f4-8d09-f6d64c759f90,DMT,7440298,7440298,X01
326a7869-3989-4e73-93a0-5a33419612eb,DMT,7440298,7440298,X02
d56353ad-7ba0-401f-9b84-c46e56568fbe,DMT,7440298,7440298,X03
7a630a7d-2ac7-4450-b54f-07416c7075d5,DMT,7440298,7440298,X04
e6ec802f-cd8c-47c3-aa5d-f49c84222845,DMT,7480201,7480201,B03
d5d7d9e7-118a-4f9e-ad4c-056e75aecf72,DMT,7480201,7480201,C01
033fce6d-400c-4e0a-8da2-e473d0c119cb,DMT,7480201,7480201,C02
4efa7c30-8a78-4bb5-bc5f-e495dc609a60,DMT,7480201,7480201,C04
3f7a08e6-2f11-42f6-a487-f23f92d1ebf5,DMT,7480201,7480201,X02
bc835405-7eab-4193-b05f-58f614216077,DMT,7480201,7480201,X03
a12324d3-57b4-4ddf-bacc-c3072a232f69,DMT,7480201,7480201,X04
a440f38e-b8d9-4559-b71e-bbccea3fc1ee,DMT,7480201,7480201,X06
327af8fb-e0ed-457a-ae65-342b2665eed8,DMT,7480201,7480201,X26
3adc4670-cb39-41a5-a856-b3be6c4d2999,DMT,7510406,7510406,B03
599f7f4b-81b4-4617-989d-feb7221dcc61,DMT,7510406,7510406,C01
d6685524-7ec4-420c-a90d-4479766e3415,DMT,7510406,7510406,C02
ef068dc4-6471-4f8a-bfea-4cfda6bf1f02,DMT,7510406,7510406,D07
b2ce251b-2c0a-41ba-a29e-45b1c04d184d,DMT,7510406,7510406,D08
798d287a-d489-4538-9cb6-45269b0ab1ad,DMT,7510406,7510406,X02
55e82adb-b006-4124-82d3-1e40f120bebe,DMT,7510406,7510406,X03
8b750127-41c2-437b-938f-937f34eeb769,DMT,7510406,7510406,X04
54e9136c-b690-4f15-89ed-1ea013f0643b,DMT,7510406,7510406,X09
dd194409-af5c-424d-91af-4a072b3cc97c,DMT,7510605,7510605,B03
5026e974-0ef1-4f31-8ed8-4ee16f1de321,DMT,7510605,7510605,C01
3170a3f8-b659-41dd-a573-acf5c5d33f73,DMT,7510605,7510605,C02
d8c65c66-a042-4600-ac64-9f91c1786485,DMT,7510605,7510605,C03
eb271610-059e-4e2b-9ed7-d0fa9b118e5d,DMT,7510605,7510605,C04
55be24cd-dc35-4f01-bbbc-8b6e2a977757,DMT,7510605,7510605,X01
a68c015f-6514-4bdd-81b5-e5603ab84bce,DMT,7510605,7510605,X02
12ff819a-93c2-4166-87c6-eb93b8e8a731,DMT,7510605,7510605,X03
32ea4f2f-da95-4485-8d06-f8715df91b82,DMT,7510605,7510605,X04
e984a308-946b-4739-b37f-1d368c877136,DMT,7520501,7520501,B03
8fbcaeca-94f1-4b16-a720-85d82533279e,DMT,7520501,7520501,C01
a9e3aba5-db12-4717-b69b-f232eb38831a,DMT,7520501,7520501,C02
60cc0f69-a5c3-4e0c-bc61-d2ad44adb064,DMT,7520501,7520501,C03
72a6cffe-7339-4856-98d4-0be377d0d800,DMT,7520501,7520501,C04
7ce1311c-b095-4813-9aae-69464ecb0e3f,DMT,7520501,7520501,X01
bbd4f983-0a2c-4d55-b39e-454a9cc6cc6d,DMT,7520501,7520501,X02
11ca4522-7b5b-498d-8c62-307fc3fb7382,DMT,7520501,7520501,X03
c07f3ba3-4002-4ea2-9a3d-c5a00a25a8d6,DMT,7520501,7520501,X04
bd08b237-116e-425f-b830-8ef4f0cc7980,DMT,7520503,7520503,B03
3c581e85-3a77-43bf-8d9e-74a77977d1c5,DMT,7520503,7520503,C01
63a3ffff-8eb2-4cc9-9153-96dbb2e9d020,DMT,7520503,7520503,C02
99dafa8d-2ff6-4911-b6bf-18489b2a8e34,DMT,7520503,7520503,C03
654e64ec-41d5-4e88-9a38-462fbd198be1,DMT,7520503,7520503,C04
ea80c078-392f-4a1f-a723-26bcc1e7dbad,DMT,7520503,7520503,X01
34924c8b-fa7f-4936-9ae5-fd6a197f419e,DMT,7520503,7520503,X02
83d790ec-4bc6-4cd8-9a52-e1dc15075437,DMT,7520503,7520503,X03
b5e6333f-edb2-492e-b764-27331ed77853,DMT,7520503,7520503,X04
1818eb8e-7135-4df5-a7e6-b61fe68d545a,DMT,7520503PH,7520503PH,B03
30bf8088-91ee-4c3a-8998-6171e21c5abf,DMT,7520503PH,7520503PH,C01
597df449-6144-4244-94ee-7cce2b28454e,DMT,7520503PH,7520503PH,C02
6f85510e-6a63-4376-b0ac-fc585f506d83,DMT,7520503PH,7520503PH,C03
d8890ee8-7064-416d-aa70-7126cb209ba5,DMT,7520503PH,7520503PH,C04
d0f4c3c6-f89f-4cc1-bf9e-8b3b314c7079,DMT,7520503PH,7520503PH,X01
a3482527-2343-4298-9fea-d061035cf70c,DMT,7520503PH,7520503PH,X02
a34dc137-5536-4963-9277-3aa90ff1222e,DMT,7520503PH,7520503PH,X03
d47ba6f1-d878-45cd-909d-debcd3fa4f95,DMT,7520503PH,7520503PH,X04
f5f8cf1f-959c-44cc-971a-383c24342576,DMT,7540106,7540106,A01
503badd5-34b8-4e67-b4e4-738a29ac90e4,DMT,7540106,7540106,B03
413dae06-f7bb-4f67-8b4c-0640a87e912b,DMT,7540106,7540106,C01
e8c754df-7848-4e17-b078-2a1dbc2b19bc,DMT,7540106,7540106,C02
c05b0a4d-398f-42f7-9d1c-cbdbaf2df9c7,DMT,7540106,7540106,D08
34e19838-7375-4d9c-b7a2-518f5a421a34,DMT,7540106,7540106,X02
38123774-6df8-4855-b2c0-dad1c5ee0381,DMT,7540106,7540106,X03
190b7fed-02dd-4544-90e4-35ca6a7e0a1d,DMT,7540106,7540106,X04
4b7a4359-e46b-4b30-8130-eb120d28433c,DMT,7540106,7540106,X13
3906e0d9-9019-42e3-a1fe-0c4366e4a4e1,DMT,7810103,7810103,B03
49f6920e-e0ac-4d02-9c11-17820669b10f,DMT,7810103,7810103,C01
d7779784-6027-4c92-8c84-c248f2d5deaa,DMT,7810103,7810103,C02
b51e2742-f706-4fcd-878c-5b24cb1d0441,DMT,7810103,7810103,C03
b4f9338d-3ad9-4f92-96d1-b99481e33530,DMT,7810103,7810103,C04
5beb004f-2ba6-4e13-9489-b78c66bbdc1f,DMT,7810103,7810103,X01
8d34e771-1a84-4503-9c39-61345952de8e,DMT,7810103,7810103,X02
302a85ae-95a3-4d60-a38d-37a130e4da8d,DMT,7810103,7810103,X03
0263e0dc-d0c2-4f72-a1e7-91001642de27,DMT,7810103,7810103,X04
a54ef2fb-056d-4176-ab92-53a77ddac57e,DMT,7810201,7810201,B03
c6e9e5bd-92f3-4463-b1b6-06bb12334182,DMT,7810201,7810201,C01
b4297fef-45ab-4c1b-aac6-de8d08845657,DMT,7810201,7810201,C02
fdc8a2e5-326d-4bc4-8354-3f577d63c157,DMT,7810201,7810201,C03
43fd0371-fd03-4ce1-b058-88f54f6ce531,DMT,7810201,7810201,C04
e785ad59-c4c9-40b2-80ca-f2513f8fe876,DMT,7810201,7810201,X01
ef4a70ab-ba42-4e21-aa79-83d79c10c823,DMT,7810201,7810201,X02
49f2fdb7-2620-4f56-8282-84f50379133c,DMT,7810201,7810201,X03
2bf1454a-b8e4-4579-835c-302b32e7146b,DMT,7810201,7810201,X04
92baaa77-f627-45fb-8801-5b2e584122fe,DMT,7850101,7850101,B03
754f3860-cbbd-40ad-9b19-8f08842e6784,DMT,7850101,7850101,C01
95b47b6d-4384-4576-8811-66b385175de4,DMT,7850101,7850101,C02
5b2c5c01-8592-40f4-af6b-785070757245,DMT,7850101,7850101,C03
d516438a-da4a-4bab-83ef-d22b63d18eb0,DMT,7850101,7850101,C04
b10ab615-f885-4c65-acb9-26a531f05241,DMT,7850101,7850101,X01
eaff3606-3617-407b-a725-5a5600b00b81,DMT,7850101,7850101,X02
da39df16-e568-4761-bad1-67a6cdd529c9,DMT,7850101,7850101,X03
5fe8faf0-b1ed-4cff-9980-a3c0038e1d65,DMT,7850101,7850101,X04
30a9cf09-9841-4590-a6a8-3492678a39e3,DMT,7850102,7850102,B03
53d880d0-836a-43d1-862f-2f81ae0bd4bf,DMT,7850102,7850102,C01
1857ef2c-755e-402e-9761-10e245deda21,DMT,7850102,7850102,C02
8aad35c5-1036-4403-9e2c-114c2cb91218,DMT,7850102,7850102,C03
f590eb68-c623-48b9-a634-4e8a0e1f874e,DMT,7850102,7850102,C04
71822f74-a5df-40c8-840c-74596a4061d1,DMT,7850102,7850102,X01
84e02775-675f-425b-bae0-fe40d6bcfe74,DMT,7850102,7850102,X02
25661d31-9d58-45b3-9164-57f938a2d872,DMT,7850102,7850102,X03
4a89115d-efef-4b5f-bccd-4760128d31a9,DMT,7850102,7850102,X04
a81185fc-34e0-4516-80b7-acd2c31e1b99,DMT,7850103,7850103,B03
073fb4a6-1104-4db0-b5e6-4d147ce2e354,DMT,7850103,7850103,C01
13bc2ee3-b306-46cd-b9b9-c7975dfffa1c,DMT,7850103,7850103,C02
62dbce7d-881f-43c8-b243-bdad28a86d0d,DMT,7850103,7850103,C03
a76103ff-859d-4ee7-b528-42e1e5197174,DMT,7850103,7850103,C04
45afba88-822d-4545-b71b-7ac7e515bf1f,DMT,7850103,7850103,X01
b0b3f156-458a-470a-ba79-2806ef1c2900,DMT,7850103,7850103,X02
f357d4a0-74d8-414d-9bb9-7890d947f5de,DMT,7850103,7850103,X03
573553bc-45a9-457b-a61f-1e71557eb45f,DMT,7850103,7850103,X04
aa81ed75-a80c-4ad1-8caa-8c15c293bfd1,DMT,7850103PH,7850103PH,B03
9e161514-6a13-4390-92eb-7e32901a10f2,DMT,7850103PH,7850103PH,C01
27d60031-ae58-4912-8e07-1d55bbf1b200,DMT,7850103PH,7850103PH,C02
945c4912-3287-455f-8638-e291c64a7281,DMT,7850103PH,7850103PH,C03
0386a2ea-1537-4ab7-a023-bcb12aad2ad3,DMT,7850103PH,7850103PH,C04
ef606a60-15b4-4e4e-bd17-a1a19d2c18be,DMT,7850103PH,7850103PH,X01
cc88ecf9-8b5e-4935-b145-786e9c27a2ce,DMT,7850103PH,7850103PH,X02
5015a6fa-e271-4af3-ad25-8ae960218707,DMT,7850103PH,7850103PH,X03
62e5e85b-d1ab-4f7a-bd48-0ac7b836d865,DMT,7850103PH,7850103PH,X04
c36a01a8-896a-46a5-85ae-5a6e9d9c0382,DMT,7850198,7850198,B03
947122e2-99fd-4a1f-97f9-43ad54c67f17,DMT,7850198,7850198,C01
c9f071d1-2dde-4f54-b27c-32d7debf49ac,DMT,7850198,7850198,C02
193e50ed-3a31-4fcd-bab3-c02c7e558676,DMT,7850198,7850198,C03
1f12ec7d-1288-4833-8594-fec4eb616fa8,DMT,7850198,7850198,C04
2fcd734f-60c8-4fe0-b0a9-0b69af053ba6,DMT,7850198,7850198,X01
73f7a615-2bf5-4fab-a5c9-366fa571b5a2,DMT,7850198,7850198,X02
475356fb-e6ba-4c07-924a-509afd83aead,DMT,7850198,7850198,X03
9d786d75-a024-40de-8b0a-c0b2882b3f30,DMT,7850198,7850198,X04
7e1ce4d7-04ea-4269-82eb-5615092747ac,DMT,7850199,7850199,B03
595b2835-d0a6-4716-aaa8-8a2d030e007a,DMT,7850199,7850199,C02
776ac8c3-89f3-4923-968b-10dd928e98c0,DMT,7850199,7850199,C03
fd8b1680-af53-4502-8c9f-ff95c0e6567c,DMT,7850199,7850199,C04
ff1a26c8-d74c-4fdb-8c3f-213fa9e12b16,DMT,7850199,7850199,X01
cdc79632-a28f-4f62-a330-ab68f346fd56,DMT,7850199,7850199,X02
405f2f05-b0b3-4660-b8e2-88738769b996,DMT,7850199,7850199,X03
aead1298-a29e-4521-bd47-0b401ffac73b,DMT,7850199,7850199,X04
114aa369-4495-4d6f-aaef-898a8456fd8b,DLX,7310101,7310101,A00
31c12a64-2e6f-4e5c-a745-bc969906855f,DLX,7310101,7310101,A01
dfadcb24-1fce-43df-8c9a-b574c642fb8a,DLX,7310101,7310101,D01
bf4b68d1-03ae-44ec-b0fa-36bc41d46a3e,DLX,7310401,7310401,A00
5c4ae37b-fa09-4830-9c51-6036745e2d4c,DLX,7310401,7310401,A01
c218f77a-6a95-41a6-9f17-b6101ab65991,DLX,7310401,7310401,C00
54b1c12a-b5f9-4719-b239-fbbf748676ac,DLX,7310401,7310401,D01
e6752840-eb2c-4dfe-b294-92057374148c,DLX,7340101,7340101,A00
453368ca-c383-4841-85df-b8fe1903db97,DLX,7340101,7340101,A01
d092cb1e-5f90-4d34-88de-7dc7f1b645c0,DLX,7340101,7340101,D01
b960f7bd-504a-4f7f-82f2-bab63cd928d6,DLX,7340201,7340201,A00
15a86816-2ded-41cf-9bd5-729962ea5ad8,DLX,7340201,7340201,A01
1a51f0e1-e9b9-4129-acac-d11983e1f417,DLX,7340201,7340201,D01
fd1d1073-db7f-4bb2-a44d-8af47ebfbdcd,DLX,7340204,7340204,A00
3d3e3e5d-13f3-4753-96a4-fc7b2995e501,DLX,7340204,7340204,A01
8550a376-68ae-4147-af59-e7dd694d7118,DLX,7340204,7340204,D01
15caded5-1b19-4522-b715-5ce2ed7f5e26,DLX,7340301,7340301,A00
d39547c4-b60a-412e-9d61-51fab4664a31,DLX,7340301,7340301,A01
27d2639e-41b8-4be0-9257-8d0885341c40,DLX,7340301,7340301,D01
603a0421-4518-4b04-90f7-d4904cb3601f,DLX,7340302,7340302,A00
38557df3-fe06-43a1-94ee-8efea32c5833,DLX,7340302,7340302,A01
93f1d1a3-2bbb-4fb6-bfa5-0aafdfc77fc6,DLX,7340302,7340302,D01
3098bdda-70d1-49fa-b707-58eea7403f45,DLX,7340404,7340404,A00
35447c3f-6080-4420-92a6-1e0b01262083,DLX,7340404,7340404,A01
9b253da3-d7ba-44e6-8b02-476ae15ab49a,DLX,7340404,7340404,D01
27788a16-3b00-412a-80eb-27ff108730a4,DLX,7340405,7340405,A00
9ec00993-2056-4a3e-895a-094ade52d21f,DLX,7340405,7340405,A01
7c1ac27a-bc1a-437c-b5c2-0a5e75ca6e44,DLX,7340405,7340405,D01
e0a0f0fd-d3a5-4b46-9679-e86922eac80b,DLX,7380107,7380107,A00
88b6d81f-9189-4cdb-89b0-164a6e5dd2b1,DLX,7380107,7380107,A01
321024d4-8253-4779-a685-4930e1f478f7,DLX,7380107,7380107,D01
d9f9c3b4-00a2-4c5b-9e7f-7120a5d4ed6b,DLX,7480201,7480201,A00
52c719e1-d3c5-4133-8873-f1716a4b3240,DLX,7480201,7480201,A01
6a6f750d-15e6-45a2-9d05-2f665bbe3572,DLX,7480201,7480201,D01
78e506b9-62ba-4cf3-a928-8c72037a96ed,DLX,7760101,7760101,A00
6752e08a-ef96-4eef-b565-8f6665c5fc56,DLX,7760101,7760101,A01
fa05bd45-de31-4192-bbd5-ad5a8eeb445c,DLX,7760101,7760101,C00
19344fdb-1b8a-47a6-99d7-ddbf725954f9,DLX,7760101,7760101,D01
28e8ad1d-5bb6-4d19-8e52-bb4dea8fb2ff,DLX,7220201,7220201,A00
1374eea9-db17-4eae-a3f9-0e4315bf7f45,DLX,7220201,7220201,A01
27935aec-7dd7-448b-ab86-83e02747c788,DLX,7220201,7220201,D07
694f941c-b32d-4df7-b9b7-7da242bb92f7,DLX,7220201,7220201,D14
de708006-92f7-4d11-8f8d-c200a231a69e,DLX,7340101,7340101,C00
4bc6392d-45a8-487f-ba0d-6dacc3d1454b,DLX,7340207,7340207,A00
c995c5a3-62ce-4097-b95f-f556e7990114,DLX,7340207,7340207,A01
14d8622f-aa11-44f3-aa0e-9e5942c249f5,DLX,7340207,7340207,D01
4478c219-faf4-4ddf-8f98-da8481982579,DLX,7810103,7810103,A00
65b32a1c-878d-42bb-81e7-b0839164ce18,DLX,7810103,7810103,A01
6239c778-c59c-4ed6-922a-373f71efa596,DLX,7810103,7810103,D01
0e02682c-82e3-45a9-b143-454bbc0414e2,DLX,7220201,7220201,D01
a84cb39f-c9f5-4fa5-9de5-31e9d9ed8c3d,FPT,7220201,7220201,C01
f6560b49-ca8b-4ff8-ad7b-6e11941d93dc,FPT,7220201,7220201,C02
3841c2c5-4c21-4424-8df6-3d8a14c4814b,FPT,7220201,7220201,C03
b65a1817-f0e1-4f6b-9be7-14dfd2413312,FPT,7220201,7220201,C04
5b08a556-cbb6-4514-a3cd-709fa029be49,FPT,7220204,7220204,C01
5f7019df-4934-4b60-857e-1d9000c3a46e,FPT,7220204,7220204,C02
ed5d2e4c-308d-46fd-9033-fd5fd719c9c6,FPT,7220204,7220204,C03
38e211be-b4de-4e93-95fa-8abcbdb23f7c,FPT,7220204,7220204,C04
710e82d1-91c9-48ff-a350-590181ee5df0,FPT,7220209,7220209,C01
8c62ccd7-7fda-4e93-9a2f-41d1d1f18c71,FPT,7220209,7220209,C02
cee75d4d-1eff-467d-a0d4-6d9ee5a263a5,FPT,7220209,7220209,C03
eed6a80a-82ab-4772-b239-9a8a57398594,FPT,7220209,7220209,C04
6addfe59-c03f-4ac7-aebd-edeeabb8c763,FPT,7220210,7220210,C01
aa686603-fa56-47cb-8a83-7c21a8448e59,FPT,7220210,7220210,C02
54a8dc8b-66c6-4dd4-b428-2dd3428d714f,FPT,7220210,7220210,C03
7c51193e-af0f-4318-aef7-1814f1ff8cd0,FPT,7220210,7220210,C04
39149d82-b148-4dda-8ede-077606c723cc,FPT,7320106,7320106,C01
cf6eabbb-2ccf-48b4-96cf-f36ce29c185f,FPT,7320106,7320106,C02
4a4a2747-bd2c-4fe9-a731-166aed9df9df,FPT,7320106,7320106,C03
4ec0e0ac-12a0-4cd5-bd59-125ec082fe64,FPT,7320106,7320106,C04
0c2fccf6-35ab-42d2-a974-5bd677baeae7,FPT,7340101,7340101,C01
df219391-b1f2-482d-9022-9550e9a1103d,FPT,7340101,7340101,C02
1ec41f98-2013-4c16-9b8b-389856c25346,FPT,7340101,7340101,C03
52bf2eef-493c-4f13-bd06-2af0eeb33bdf,FPT,7340101,7340101,C04
7def8264-7792-41a3-9aaa-c8ac9a9a0e49,FPT,7480201,7480201,C01
64e57655-19ac-4690-b113-132e557507e8,FPT,7480201,7480201,C02
a0cf562c-1433-44e4-879e-477af432d4c3,FPT,7480201,7480201,C03
9b3d5c9f-c2a2-4eba-ae3f-296c0eec607d,FPT,7480201,7480201,C04
98fc5b1c-3435-47d6-a53d-8ecbb125cab5,DTL,7220201,7220201,D01
5fe4e319-5fa0-4492-8c85-952d39ac5885,DTL,7220204,7220204,D01
603e5b9d-8d09-4313-bd2c-92545758e9ae,DTL,7220204,7220204,D04
71983fa2-ea58-4694-b640-125075ad5105,DTL,7220209,7220209,D01
fa29b661-5156-4b4f-8a72-3b9d2da26f78,DTL,7220209,7220209,D06
63f1b495-63b9-4485-b3ae-4e8bc5fa5882,DTL,7220210,7220210,D01
81057913-ad8e-4d41-b2d4-08e0ce831f6f,DTL,7310106,7310106,A00
d916f1b9-a5c7-476c-b2a4-bcc78a11fa02,DTL,7310106,7310106,A01
418ba6f9-2e14-47f6-8ee0-eaee5874161b,DTL,7310106,7310106,D01
6537d526-a300-4350-9694-7f96695e59c5,DTL,7310106,7310106,D03
4b21c1c5-6bf5-4e0b-bacc-edccfe50e681,DTL,7310630,7310630,C00
da31e0cc-90e0-44b9-80a8-0720d8025606,DTL,7310630,7310630,D01
15030620-548f-48b3-a1e9-a646a7240f4d,DTL,7310630,7310630,D03
a7318753-3c6c-4f00-b595-23e42e417f97,DTL,7310630,7310630,D04
2bd202fe-aee9-4aa4-8663-c71498e2d0c4,DTL,7320104,7320104,A00
378b03ab-8a9f-4967-9a07-1a353996086b,DTL,7320104,7320104,A01
d977036f-c2e3-452a-83dd-046c91bf6669,DTL,7320104,7320104,C00
fa4b201f-10c0-4075-a037-8ed26f9a8baf,DTL,7320104,7320104,D01
da110f5f-2930-4a73-910b-bda4df51889a,DTL,7320104,7320104,D03
7831f80b-f8f6-4ead-a002-b7bac74f79b2,DTL,7320104,7320104,D04
bc05c319-d1db-4658-8620-e7e322bbd4a2,DTL,7340101,7340101,A00
ed7d452c-94f5-41b7-a69f-af5d3d05d5cf,DTL,7340101,7340101,A01
0f32a05c-d5e5-454a-a86f-e63251229b9a,DTL,7340101,7340101,D01
1548e914-8be5-43b4-be6e-297e45072b3b,DTL,7340101,7340101,D03
35a65bba-ebf2-4205-a407-d5e444581e9c,DTL,7340115,7340115,A00
3b270e15-ba3c-4462-9d06-688263743758,DTL,7340115,7340115,A01
b6b55de5-8359-4b34-878a-cc110d47e0c2,DTL,7340115,7340115,D01
bf256268-1de0-4f69-8675-0b2251b4af01,DTL,7340115,7340115,D03
67b8d691-ede2-4759-8e85-7b76d7bde519,DTL,7340201,7340201,A00
665849b1-0a2a-4df6-bd94-7483de3a8e0f,DTL,7340201,7340201,A01
5898c30c-8963-4dc3-87c1-7f4c1e30535e,DTL,7340201,7340201,D01
93c606ca-5add-4d7d-9391-e9a5a2766452,DTL,7340201,7340201,D03
c7c0b51e-b728-4bc2-b970-ed1a0e594c89,DTL,7340301,7340301,A00
8a94f5d4-6ded-40fb-8040-8517de365d52,DTL,7340301,7340301,A01
39e023dc-d870-473d-b392-be44930f8909,DTL,7340301,7340301,D01
9d18ce67-1e43-4cdf-b257-e3da80dda178,DTL,7340301,7340301,D03
f4c1b54c-b4d5-4787-9d7a-d12473c67572,DTL,7380107,7380107,A00
7786b6d7-ed3e-4221-a78d-c499d118b166,DTL,7380107,7380107,C00
80e9d266-e00d-4dbc-8340-c58b434edd09,DTL,7380107,7380107,D01
d8528645-aa79-4c0a-8224-78bef0ca7e75,DTL,7380107,7380107,D03
ab7f778b-6f24-4a1c-83e1-489ea9a8956d,DTL,7480101,7480101,A00
7740c09c-4fa2-49da-ba9f-5baf5ed99416,DTL,7480101,7480101,A01
39f4b246-33ee-4ded-aabc-0bd173c014cc,DTL,7480102,7480102,A00
da71e210-b51c-4cc5-a5d7-1a470893f940,DTL,7480102,7480102,A01
463e12e3-bfc3-4250-8271-8ef4e2e71900,DTL,7480104,7480104,A00
6cc15c75-7d4c-46e4-a4ab-91948e79b776,DTL,7480104,7480104,A01
56d78cf3-123e-4500-9922-fd7813885b00,DTL,7480201,7480201,A00
59a9d3d6-73e2-4927-b3ec-7ed935df18df,DTL,7480201,7480201,A01
073f602f-e566-4fb0-8728-2d892403d56d,DTL,7480207,7480207,A00
7169340f-38ef-4911-ad8d-67aa5b664d35,DTL,7480207,7480207,A01
c682e840-fefc-4cf1-8142-7ef1861d5115,DTL,7510605,7510605,A00
a232bdf1-5110-4452-9c84-5ba94ea9d8c8,DTL,7510605,7510605,A01
abe3618f-4825-4034-b45b-9cc4323929b3,DTL,7510605,7510605,D01
aea294cb-16b3-43c2-96e5-3c836ff3f06b,DTL,7510605,7510605,D03
b59003fe-5c28-4322-bfc6-86095ed7a078,DTL,7720301,7720301,B00
86dda769-7213-47a8-bba0-9a7e3e687429,DTL,7720401,7720401,B00
ee4feacf-88b2-40b9-90d8-996db47210b5,DTL,7760101,7760101,C00
c074360d-dfe4-4bb2-8da3-da38e08a0b96,DTL,7760101,7760101,D01
42982018-9a03-4eb4-be11-372ffcfd7a8d,DTL,7760101,7760101,D03
b2652c42-0aea-4c48-8b59-ddebfd0c72e3,DTL,7760101,7760101,D04
b80d857c-11b6-4ec0-8cf3-03a3f61b8c0b,DTL,7810103,7810103,A00
556329b5-63cc-4280-9b36-d1001264a624,DTL,7810103,7810103,A01
541e1598-507a-4482-b90c-20dfb297c7ff,DTL,7810103,7810103,D01
bcacd67f-087e-4e3b-932b-681810bafcd3,DTL,7810103,7810103,D03
e7b02021-e60b-447a-a8d7-e1db056029e5,DTL,7810103,7810103,D04
d7e0fb19-c50c-4cf8-a9d6-b3144e4200e4,DTL,7340106,7340106,A00
7819e06c-db18-4087-839a-3d6383ce713f,DTL,7340106,7340106,A01
036cd30d-e36f-4184-ad8d-4f7cefc268ae,DTL,7340106,7340106,D01
ab9a7835-b5d4-4ada-b973-4f888f6ae370,DTL,7340106,7340106,D03
db2fb5cf-9d5d-4c10-91c0-02348dd36785,DTL,7810201,7810201,A00
167eec24-540b-4112-a9ba-775b203742c4,DTL,7810201,7810201,A01
f0f96140-fa05-4e12-abe3-bf8520a2b59d,DTL,7810201,7810201,D01
46123e11-0a5f-44da-adcf-9d9111a1e3f4,DTL,7810201,7810201,D03
5865afa1-d5e2-4d29-8251-58b3c36b82d4,DTL,7810201,7810201,D04
fe7c8dfc-cbdc-4f83-94ec-5bc2a37fc4cb,DTL,7220201,7220201,H00
809a7c7f-895b-4fad-bc6e-6cb261fbb44f,DTL,7220201,7220201,H01
e9c38dbf-5764-4fe6-9433-f9611e974006,DTL,7220201,7220201,H04
bc4299c7-6d1c-405f-a7aa-a9670b526e4a,DTL,7220201,7220201,V00
301f0202-fa69-43de-b56a-e27a9c13d541,DTL,7220201,7220201,D78
b2ce4fdb-a243-4029-98e2-5c95917b1c4f,DTL,7220201,7220201,D96
bd25f158-0f70-4364-a855-edb4445a7ecb,DTL,7220204,7220204,D78
18c74fb5-f51f-46b9-9127-7d080a4b3058,DTL,7220204,7220204,D96
52ddee05-51ef-46a4-9f0f-5fd86c4cab40,DTL,7220209,7220209,D78
de850fa6-66f0-4fe0-939b-e704c596f813,DTL,7220209,7220209,D96
25dc8630-c358-459e-8a40-8b6e9ee3096a,DTL,7220210,7220210,D78
3e68d512-ad73-400d-bc00-4e291b20a791,DTL,7220210,7220210,D96
5ca676d1-42ba-40c5-bb97-eff40909717b,DTL,7310106,7310106,D90
0090b336-b98f-425f-8c99-f9cde096c02e,DTL,7310630,7310630,D14
441b1931-1f8a-49c1-9c55-9e00848f8955,DTL,7310630,7310630,D15
5538e7c7-fee1-46f6-ac71-286d509407f2,DTL,7340101,7340101,D90
7de0d594-b54f-4722-99f7-9ea10f91c568,DTL,7340115,7340115,D90
b2a8e60b-7941-4183-afdd-c46b041d0f22,DTL,7340122,7340122,A00
7adb881a-7512-4525-a223-3645990e8187,DTL,7340122,7340122,A01
b7fbabce-380b-4062-a461-6c7e3747c2d3,DTL,7340122,7340122,D01
1b2831e0-1db5-4acf-9e8a-d26243adc815,DTL,7340122,7340122,D90
1a2bf39a-6895-45c0-8e2a-8a923f81f179,DTL,7340201,7340201,D90
332f08fc-5fd4-423f-a8a2-81df06ef629f,DTL,7340301,7340301,D90
1c0cc244-d43b-4380-b6a4-8d09a3c35a0c,DTL,7380107,7380107,A01
eb97344d-1f5d-4b2d-b908-2243239e02ba,DTL,7510605,7510605,D90
aed44a8a-582f-4235-ac32-84789fbe3342,DTL,7810103,7810103,C00
1fffe0e6-b035-4811-b04c-12729a92e5cf,DTL,7810201,7810201,C00
3b88e017-40e2-44a4-a4a8-eccf3ded6c8d,DTL,7210403,7210403,H00
88dd0dd1-c050-4622-b07b-5e881ef6a4e5,DTL,7210403,7210403,H01
e32c31f5-a21d-407f-9ff7-182948309cf1,DTL,7210403,7210403,H04
3520debc-4127-47ad-a5da-acbede5d27d8,DTL,7210403,7210403,V00
929e39e1-62e3-49e3-8e92-2488599ca6c3,DTL,7220201,7220201,D90
1e35b778-8782-45f4-88bf-4ad98dc9dd2a,DTL,7220204,7220204,D90
ddd62df8-bd52-4fa1-948b-bf24e5c0df1d,DTL,7220209,7220209,D90
b962d66a-f63b-4a94-8874-af4bc58248aa,DTL,7220210,7220210,D90
78b51c65-b91e-4022-b322-0a808b83d131,DTL,7310106,7310106,D07
36a83346-46e2-4204-bb29-66da39cf0779,DTL,7340101,7340101,D07
90852d8a-0b4b-4306-b7e3-a09f464340a3,DTL,7340115,7340115,D07
5ee47074-ad5c-4cec-990d-e47b8aacae95,DTL,7340122,7340122,D07
bd6b66c0-a449-4923-9a08-f1ceafdc1392,DTL,7340201,7340201,D07
2f295dfd-90de-4f64-858e-b31245ed21e0,DTL,7340301,7340301,D07
71e2b83e-df63-4218-a5c8-01fc6adaae58,DTL,7510605,7510605,D07
dd37b386-dbc7-4c07-92c3-66079564bc7e,DTL,7810103,7810103,D07
70ddd0e0-ea88-4ab1-a7d6-c9ee0ba93fe3,DTL,7810201,7810201,D07
b47f6108-4c46-4738-92ea-77960870fe0a,DTL,7220201,7220201,D14
f2a30b18-115d-40d4-aab2-5b2c0442d858,DTL,7220201,7220201,D15
7f40bff1-c463-40c4-a075-6a1897b9f807,DTL,7220204,7220204,D14
ffae16b1-aa6c-423d-92a7-8c001f193091,DTL,7220204,7220204,D15
0bce1b6f-51db-42e6-97ef-d04ffee8040a,DTL,7220209,7220209,D14
b0826201-f176-45d4-9f92-8b7e938ce5a9,DTL,7220209,7220209,D15
8b6d1173-37ef-48f2-bc0a-2295c0dcf575,DTL,7220210,7220210,D14
592fb98e-ee78-4160-81ca-2c2b53032145,DTL,7220210,7220210,D15
ecb025a9-5ce5-4428-8d59-3e5633a1f356,DTL,7310106,7310106,X01
0e99e32e-2e97-40ef-82c6-5dad228f355b,DTL,7310106,7310106,X25
cb48834a-86ff-4409-872c-e4ed573d2ead,DTL,7310630,7310630,C03
55876185-b568-4a0a-8703-d0589463728d,DTL,7310630,7310630,C04
75def585-6095-4d00-847e-7808739a5804,DTL,7320104,7320104,C03
3a90f5e0-ac48-4fdb-ae94-3018d9eb0eac,DTL,7320104,7320104,C04
0d32104a-e5a9-4f6d-b584-7187c3515334,DTL,7320104,7320104,D14
1665869d-1be1-4762-9c30-32cc67c8c531,DTL,7320104,7320104,D15
d1656a48-a287-4425-b76c-8ef5ca6bc4a8,DTL,7340101,7340101,X01
29fbce22-50f8-4005-a22f-3225e52df9a7,DTL,7340101,7340101,X25
ddc6ab61-0deb-4d1a-946d-2b806acc35ba,DTL,7340115,7340115,X01
273584e7-79fa-4a1f-8b1c-7c753805433c,DTL,7340115,7340115,X25
659be3ed-ef1f-46b3-ae3b-d705460f671a,DTL,7340122,7340122,X01
d5908218-a09a-4a63-a389-8a8916e3582f,DTL,7340122,7340122,X25
aaa37d37-a5aa-4844-88f6-7d0a001e3b51,DTL,7340201,7340201,X01
c8a88926-e503-4d74-9927-61075c9c75e6,DTL,7340201,7340201,X25
d3809182-1bdd-439d-9e33-ea2031824f32,DTL,7340301,7340301,X01
30444ad7-6038-4efb-bc10-6041be38e0bc,DTL,7340301,7340301,X25
6229c80e-24e4-40c9-855c-2be116e5edc2,DTL,7380107,7380107,X70
0eee5240-0712-40c2-a51b-cea36fb061f7,DTL,7380107,7380107,X74
3dcb6f10-ae78-4342-960a-3dc3231aae92,DTL,7380107,7380107,X01
cf5ea8e8-6c42-4308-9f7a-564781e7badc,DTL,7380107,7380107,X78
47083ee6-54be-4c48-8c3c-2a345116fa0f,DTL,7480101,7480101,X06
9bf3f16d-171b-40f0-88f2-d2268aea069c,DTL,7480101,7480101,X26
c6839fcb-790e-4e13-8d2b-1ce094ca5090,DTL,7480101,7480101,D01
b6161f62-8508-4879-9133-02f58b0f6435,DTL,7480101,7480101,D07
8e666270-bbb6-4c57-8718-fcb34b247510,DTL,7480102,7480102,X06
fe080add-fcba-45ed-99f9-ca48d488a6fe,DTL,7480102,7480102,X26
b90edb2a-ed67-4155-96eb-24e1023e0fcf,DTL,7480102,7480102,D01
0969dc7d-0ae5-4619-b8e5-0d89bdfa20c1,DTL,7480102,7480102,D07
1c1a89a7-3747-4f82-950c-baf423744a51,DTL,7480104,7480104,D01
75b5f264-8888-4d37-b66a-33588d49bb63,DTL,7480104,7480104,D07
ac81ea00-fe12-4e1c-a030-96926ca485b4,DTL,7480104,7480104,X06
3068b875-e39d-4347-aab5-6b03f8e4f19a,DTL,7480104,7480104,X26
6e0bf0da-cef3-4904-a53d-ff5f5d5c14dc,DTL,7480201,7480201,X06
f52c9392-838c-409c-bb8d-e07fc74bf3de,DTL,7480201,7480201,X26
455987ad-277d-45f1-8d52-c4e10151729e,DTL,7480201,7480201,D01
e4880f6f-eda1-45f2-96ec-8d8e064d4a3e,DTL,7480201,7480201,D07
3b7232d7-2de1-44d2-abf9-5450b3ece251,DTL,7480207,7480207,X06
5a029099-3988-4c5d-b7ee-67f0d9d4236f,DTL,7480207,7480207,X26
6f4dc994-b88f-4404-a526-e2138958cb9f,DTL,7480207,7480207,D01
8f1c6691-0d9e-4fa1-a319-25dbdd8b5295,DTL,7480207,7480207,D07
8a6ce7f6-8d24-4e4a-8a28-eb7c39f8a94f,DTL,7510605,7510605,X01
43d0e754-20b7-4011-841b-87b74ea40e0e,DTL,7510605,7510605,X25
f85c1685-e63a-423d-8ce5-d57b7e4c17eb,DTL,7720301,7720301,B08
fa21298e-a5fc-4afb-9d60-55689eb7122a,DTL,7720301,7720301,D07
4f71a43f-88b7-4374-9c3b-fbe9dbedb678,DTL,7720301,7720301,A00
5017232f-56ef-45de-b9a7-0386d273333a,DTL,7720301,7720301,B03
df7d46d1-ea91-409e-a2bf-598843eb0d04,DTL,7720301,7720301,C02
3841f61a-2fd5-4278-9e08-0051bbf53ad8,DTL,7810103,7810103,A07
d24665b4-6dae-4e93-a723-1396b3e674f9,DTL,7810103,7810103,D09
aeda8a5d-fc4c-4c79-b42b-a0f9af22b647,DTL,7810103,7810103,D10
a787a14e-6a33-410e-8993-873cf5df1839,DTL,7810201,7810201,A07
fd398ebd-5604-44ac-8421-541ccbcfb71c,DTL,7810201,7810201,D09
5d6a2749-4d8c-4848-a257-968a8a562782,DTL,7810201,7810201,D10
25b05ef2-ba21-4c24-9e4c-5e21008153fa,DTL,7220201,7220201,Q00
01d73913-9295-41a0-8fc5-6064c507f6b0,DTL,7220204,7220204,Q00
72a3d1b8-4e19-46ec-96d9-ee731ab682db,DTL,7220209,7220209,Q00
263f44a1-b530-45c2-8427-517c28752688,DTL,7220210,7220210,Q00
e83e01a4-b23c-41ac-a952-081fd8f0c47f,DTL,7310106,7310106,Q00
f13e8d6e-aad0-4dc1-bae5-45c666ebb1dc,DTL,7310630,7310630,Q00
08e34d76-42cd-4873-8801-5c5cda480c58,DTL,7320104,7320104,Q00
2539a12a-c59d-4106-9766-9b71165d9bb1,DTL,7340101,7340101,Q00
4ddc0454-2543-49f0-8efe-154a061b229a,DTL,7340115,7340115,Q00
a31fc11c-f32f-4cc9-bbc8-03a1a88cbca5,DTL,7340122,7340122,Q00
5965bdad-c4d7-4845-8a1e-3a35b96d328d,DTL,7340201,7340201,Q00
a7ff67e1-8db0-4651-90a2-3b508ff97cc2,DTL,7340301,7340301,Q00
52086741-f9ea-4565-89eb-565e2e5a3366,DTL,7380107,7380107,Q00
0889901c-1a60-4b3f-83f0-7ca031cd6be2,DTL,7480101,7480101,Q00
139f8e4b-cdfb-4ce5-879e-49159f63fcab,DTL,7480102,7480102,Q00
2315764c-fb11-41b5-91c0-c430d686cbd6,DTL,7480104,7480104,Q00
5a1fa8a6-f9d0-405f-a885-91e7df347de7,DTL,7480201,7480201,Q00
1efce2cd-c85d-43d2-9136-32e1e956433e,DTL,7480207,7480207,Q00
cda052b1-e8c4-4fdb-9c37-440eda2d2270,DTL,7510605,7510605,Q00
34df495e-e417-474e-add0-0c7d8e25f6a9,DTL,7810103,7810103,Q00
2868b6cc-15fc-4648-a152-2743eaad9cfb,DTL,7810201,7810201,Q00
d655431e-7d15-40ca-892c-26e8f8d0f0a4,DTL,7220201,7220201,K00
a1c3e74b-3570-40ef-bab3-6b9e62e45a62,DTL,7220204,7220204,K00
ecadc18a-dd3b-42aa-a11e-4bbe23db6e82,DTL,7220209,7220209,K00
33354252-4e6a-4d4e-b554-9a0d3a99339d,DTL,7220210,7220210,K00
1972b13a-a894-43c4-8397-a0867ede4342,DTL,7310106,7310106,K00
5f636c90-d4ec-49ab-b02a-926b54a93e13,DTL,7310630,7310630,K00
3db19c6e-a738-42c5-822e-e08c5f0a57a5,DTL,7320104,7320104,K00
8587cb95-5564-4419-a5ce-2d8a3a33f67e,DTL,7340101,7340101,K00
0cfd0b1c-b291-4644-b6c1-e432f36eb914,DTL,7340115,7340115,K00
fcc14e6a-d925-4431-aa74-4099c783fda9,DTL,7340122,7340122,K00
6814557c-cd4b-476c-ab74-f4ceeb80315d,DTL,7340201,7340201,K00
6e8f7775-2511-49dc-97fc-6eca41a13455,DTL,7340301,7340301,K00
2dab3dde-1305-404f-a8f4-b4cff098c2b8,DTL,7380107,7380107,K00
39b0b862-4397-4bd0-95ca-5692a7293a96,DTL,7480101,7480101,K00
deb7c862-d1cd-4c55-b926-a42ecfea82e0,DTL,7480102,7480102,K00
1de1567e-526d-4f7e-bf1d-8894fae0f0dc,DTL,7480104,7480104,K00
0cbe5539-1bcb-4a25-8209-471938aa6466,DTL,7480201,7480201,K00
3b5a01fc-e9f0-494f-93ea-7b39665a6d7c,DTL,7480207,7480207,K00
cfb64bb1-1721-44f0-8132-2ef177b4ec2b,DTL,7510605,7510605,K00
bd54e3be-f721-4af6-bde9-9122f5e2ccfe,DTL,7810103,7810103,K00
61c659ed-e266-4b7d-bbb9-c916920742bf,DTL,7810201,7810201,K00
158dc40a-21ce-47f0-82e1-064af559467b,DTL,7210205,7210205,N00
8b3638c1-d5a0-46eb-b75c-0d4365ffd45c,DTL,7210403,7210403,H06
29d29b33-4963-4347-bf55-cabd1e22b958,DTL,7210403,7210403,H07
a4b79630-4418-4d9b-a271-38f3bbf4e195,PKA,BIO1,BIO1,A00
90198959-2eea-42b2-b430-8a1fb7fb8552,PKA,BIO1,BIO1,B00
d5cfbe15-6d61-4992-b858-042ad7b8e274,PKA,BIO1,BIO1,B08
f188f0a3-16da-46a6-92b1-f7d9d1fac558,PKA,BIO1,BIO1,D07
111ec20d-0594-4a45-bb4a-a49ad7714264,PKA,CHE1,CHE1,A00
1e16ece6-8635-47eb-bc3a-1d6ab81d7c56,PKA,CHE1,CHE1,A01
af3bfac8-06fb-4fb9-a407-40c71c160129,PKA,CHE1,CHE1,B00
31f912b8-9e4d-4ebf-8224-0739e5787c60,PKA,CHE1,CHE1,D07
e7a3e753-5e96-4f42-91be-074858569427,PKA,EEE-A1,EEE-A1,A00
c102be36-644d-4b63-8640-7da3b408c21b,PKA,EEE-A1,EEE-A1,A01
3d8211f5-a12b-4184-871f-515d1ea4d31d,PKA,EEE-A1,EEE-A1,C01
351ca85c-042f-4d4a-a4ca-e47555f94f2a,PKA,EEE-A1,EEE-A1,D07
29a998a6-7369-4566-b8df-5ce18603a490,PKA,EEE1,EEE1,A00
a856e60f-5def-4b06-bf99-ca70e940c63c,PKA,EEE1,EEE1,A01
b9b3ef83-83f6-443d-b39f-836d9cd7bec7,PKA,EEE1,EEE1,C01
9f1e1cf8-1af0-4771-bc93-eb188dc69e6c,PKA,EEE1,EEE1,D07
39b78cd2-e2fe-44ce-8bc3-cce0e7cda26a,PKA,EEE2,EEE2,A00
7494f69c-57fd-4447-8cdc-f86a7ed4877c,PKA,EEE2,EEE2,A01
f8859bb7-4aac-4219-ac61-bef674ba12e5,PKA,EEE2,EEE2,C01
33a7d0b2-aa31-4ad0-9042-ada60064fb88,PKA,EEE2,EEE2,D07
9b650af3-00fd-406e-bd96-ac05b1e4bf57,PKA,EEE3,EEE3,A00
a52705b0-52ed-4df2-b22b-ead4fe743a7e,PKA,EEE3,EEE3,A01
4582087e-7b18-463c-99f3-41e7168b048e,PKA,EEE3,EEE3,C01
59ea4e6d-52a9-4a13-9956-7865fa782d04,PKA,EEE3,EEE3,D07
d0be5cde-4bc9-4cf6-8751-8a19d97acdb3,PKA,ENV1,ENV1,A00
875fb46e-0d42-46f9-a794-7b1186d90fe6,PKA,ENV1,ENV1,A02
7d16b642-86e7-4143-8d32-3730bc9d7072,PKA,ENV1,ENV1,B00
6d799544-a4cb-4d60-840a-6999ac50e99c,PKA,ENV1,ENV1,B08
ba2a30da-af52-4318-86ac-ae71386d7f24,PKA,FBE1,FBE1,A00
50c6d286-9b3b-46a3-888c-15b0b86e2be3,PKA,FBE1,FBE1,A01
47a2e513-a6c0-44ef-919b-22fcee1eb6a1,PKA,FBE1,FBE1,D01
e3688091-fd20-42a0-aadc-c4f3ab22199b,PKA,FBE1,FBE1,D07
a5089be6-f190-46ed-a7d7-671b35f7230a,PKA,FBE2,FBE2,A00
21138648-e7cc-4458-8d9d-4a7b9b684e92,PKA,FBE2,FBE2,A01
a044ac1f-59b7-4b9e-81af-97812cbc650f,PKA,FBE2,FBE2,D01
0f1eb57d-7a73-4243-b17a-0cb19415aedb,PKA,FBE2,FBE2,D07
23cb0392-c1e9-48d6-8d3b-e940db326ae5,PKA,FBE3,FBE3,A00
f5c4f576-c005-4505-800b-e9949e9fe2b1,PKA,FBE3,FBE3,A01
eba36cd9-1c3d-456b-94e4-0d3e1037cbb2,PKA,FBE3,FBE3,D01
2177df5e-4054-48e4-8e78-448ce303387b,PKA,FBE3,FBE3,D07
cde596f7-eca4-4795-8034-9f656684be12,PKA,FBE4,FBE4,A00
800d7228-85f6-40b4-86dc-339fa10a4268,PKA,FBE4,FBE4,A01
cef09ce6-06f0-420d-9a37-dfb3bbf97ad0,PKA,FBE4,FBE4,D01
13735c7e-2377-41b9-87ef-b1d80f135423,PKA,FBE4,FBE4,D07
bf32568a-1d20-42bf-8e40-2bfe28ef7d50,PKA,FBES,FBES,A00
5d72415c-e5db-41cb-a8d8-eb87d3abacf5,PKA,FBES,FBES,A01
0205f0d7-a1f9-4392-a327-fcd786eb68ed,PKA,FBES,FBES,C00
094138a8-1873-440f-9e7a-55c7739432b0,PKA,FBES,FBES,D01
3c66f277-6a1a-4dc8-94b2-81bd2b4239d7,PKA,FLC1,FLC1,A01
db2d5c19-e48d-4ec3-beeb-4a97d428a712,PKA,FLC1,FLC1,C00
866f55c2-00c9-4c5e-9e55-530559eb3bbd,PKA,FLC1,FLC1,D01
ed0e6c78-366b-42be-9e98-df9aa7e13bf9,PKA,FLC1,FLC1,D04
bd86a560-40d3-460b-8e11-a3071dfd0e8c,PKA,FLE1,FLE1,D01
772ce361-3286-4461-924d-8579c7e01710,PKA,FLE1,FLE1,D09
d66a64d3-57da-4be0-a0fc-11e5cc221f33,PKA,FLE1,FLE1,D14
936ed5dd-9dd9-4f21-b8a6-a2448393f481,PKA,FLE1,FLE1,D15
c86bb65b-1d75-4d7b-8c37-86927e8347ed,PKA,FLK1,FLK1,A01
6ac8a566-b10d-44d6-980d-3b7d041a4dcb,PKA,FLK1,FLK1,C00
90dc27f5-b7d0-48af-863a-919da9e05fa5,PKA,FLK1,FLK1,D01
fa029adb-20fc-473a-94a9-e09ed24332c2,PKA,FLK1,FLK1,D15
991668eb-438c-4deb-a752-14621ae3a75a,PKA,FSP1,FSP1,A00
a51f0905-e141-4013-930c-e3c690bbd2ed,PKA,FSP1,FSP1,A01
571bfa84-c0be-4629-9100-aab7707f90b7,PKA,FTS1,FTS1,A01
56f38381-1a92-4086-b6d9-6d152d76290d,PKA,FTS1,FTS1,C00
b5b5ff6f-e6be-40aa-a276-2e7dd738b5e1,PKA,FTS1,FTS1,D01
4b1666f8-7d89-4c20-b5dc-118a8dbec950,PKA,FTS1,FTS1,D15
15abc9bc-29de-45a3-a28f-2980e39910d5,PKA,FTS2,FTS2,A00
793a6b7b-eb38-491d-8c25-946364e7498e,PKA,FTS2,FTS2,A01
9c7f30a7-764c-4574-8348-7f569ba19fa8,PKA,FTS2,FTS2,D01
39081a9c-ae19-4998-9821-a8844aaf7ea7,PKA,FTS2,FTS2,D10
9844fb86-d8b3-4c91-8162-adfa37c33eb6,PKA,ICT-AI,ICT-AI,A00
61c774f5-e002-4d05-9e51-947a62068904,PKA,ICT-AI,ICT-AI,A01
a982fcd9-4fee-49ba-9b28-6097b5140bc8,PKA,ICT-AI,ICT-AI,D07
8d34024a-1d93-4e5e-863a-096b993f23f5,PKA,ICT-V3,ICT-V3,A00
7a606753-35e0-4126-a18b-c7ce3ccbf6bb,PKA,ICT-V3,ICT-V3,A01
219afad4-8dc6-407b-8dfe-fc43d47c2380,PKA,ICT-V3,ICT-V3,D07
f85364ec-76e8-4cb1-bf63-58aa13cd1e21,PKA,ICT-V3,ICT-V3,D28
9e22ae25-6d8b-4cbb-8f52-4bbbb636a5cb,PKA,ICT1,ICT1,A00
fa4aa2f7-441c-4b72-b944-64d63fce429f,PKA,ICT1,ICT1,A01
ee2487f1-66ad-45f2-a231-fcef3c4dc020,PKA,ICT1,ICT1,D07
ad0fc67b-9215-4795-be87-22e8d0fbc5aa,PKA,MEM1,MEM1,A00
a67002d6-c198-4575-bbf1-7b4e473d094e,PKA,MEM1,MEM1,A01
43112e50-5ce2-460a-96e6-079b23ba0de7,PKA,MEM1,MEM1,A02
81ce3079-1270-4fd6-8620-28d0ba5dd6d5,PKA,MEM1,MEM1,C01
d08e0734-27d6-4dd9-ab3c-3e1821113c75,PKA,MEM2,MEM2,A00
a30075c2-a21f-4ed2-922c-e48bb90c03e0,PKA,MEM2,MEM2,A01
dbc3dfc3-6e2b-4bcd-bc76-5e438f16ce06,PKA,MEM2,MEM2,A02
ddf85fde-50da-4b8d-a57f-4f48ab3b3c65,PKA,MEM2,MEM2,C01
cb554b93-8ef6-4c1c-8699-c1f5fa187b1e,PKA,MSE-AI,MSE-AI,A00
117dba13-f66a-4de6-a5ef-5877d46ad6e4,PKA,MSE-AI,MSE-AI,A01
a423230c-e915-44a0-86bb-ba0c4d6ce8c0,PKA,MSE-AI,MSE-AI,B00
128d65de-40af-47a5-a63f-630b11d23b6f,PKA,MSE-AI,MSE-AI,D07
5a8cebc0-c7ea-4bed-8a38-992d39858d16,PKA,MSE1,MSE1,A00
ed4a55cb-0383-4dbd-8d36-9d592b69705d,PKA,MSE1,MSE1,A01
b7df2b4c-7c8e-417b-90d8-68ec541d43ad,PKA,MSE1,MSE1,B00
62321e77-4eb8-47b1-8d1b-dbdcf1cc5e15,PKA,MSE1,MSE1,D07
6ae9dca7-4c4d-4349-8133-ab8bba422ef4,PKA,MTT1,MTT1,A00
43acec7e-c7a0-4dc4-8a35-f38fc6aae52e,PKA,MTT1,MTT1,A02
962f29b3-e980-4658-bd5c-1764c00d2ba2,PKA,MTT1,MTT1,B00
9d15f650-ac44-4699-90d0-1ddefe228c6f,PKA,MTT1,MTT1,D07
d33b65cd-c76a-448a-b60a-c993340c4946,PKA,NUR1,NUR1,A00
ab19b611-177c-4ddb-9e03-3f72aeac6049,PKA,NUR1,NUR1,A02
857c0290-2a1e-48a3-a357-c0d2bf8c1f7b,PKA,NUR1,NUR1,B00
8217f53d-93c4-404c-900c-983bddfdb4c1,PKA,NUR1,NUR1,B04
761da726-86aa-475f-8dd7-0c473069ee48,PKA,PHA1,PHA1,A00
667acd00-7731-4366-a32f-5decba8b7e41,PKA,PHA1,PHA1,A02
8c25c199-f9e7-4835-beb1-d778b60761ca,PKA,PHA1,PHA1,B00
b0f99b4a-9ec0-492f-a007-87aa582256de,PKA,PHA1,PHA1,D07
aa6f8763-20ff-4f0f-a2f6-7c9c223e7690,PKA,RET1,RET1,A00
11e69d4d-3060-4c6b-934c-b7ab32435917,PKA,RET1,RET1,A02
6c147c7c-9af4-431c-be12-94f6f0eaebec,PKA,RET1,RET1,B00
c885a14b-2bf1-4d8b-ab37-4bc8c9823367,PKA,RET1,RET1,D07
7d83ad68-47da-4b8d-9f1f-f6d76c5085b5,PKA,VEE1,VEE1,A00
98574090-d962-4964-9b8d-2a02f92c72fd,PKA,VEE1,VEE1,A01
6b88b566-2f65-4a52-8619-fbbbca6318c2,PKA,VEE1,VEE1,A02
7a8d1125-300c-46a0-a21f-7aa68aef8bfd,PKA,VEE1,VEE1,A10
32be6d78-285d-46fb-a3b0-0538d8603232,PKA,VEE2,VEE2,A00
ee84f3c3-dc08-4a4b-b59d-f2053d548da6,PKA,VEE2,VEE2,A01
f32dce64-5d13-4da3-8892-1e7d918c915b,PKA,VEE2,VEE2,A04
d98f1e58-db47-451b-8206-e723998e020f,PKA,VEE2,VEE2,A10
b47645a1-d24f-4bff-8fb3-46dbc61946ec,PKA,BI01,BI01,A00
25f327c7-e6e6-46bd-86f0-13b1af0b20b0,PKA,BI01,BI01,B00
40ccdbbc-2d69-41ca-9f69-6cfb8d177d33,PKA,BI01,BI01,B08
a4d3da9f-9524-480e-a4ed-0a9ebb885d73,PKA,BI01,BI01,D07
6ff55708-6616-48ce-9f2a-735b671e2259,PKA,EEE-AI,EEE-AI,A00
21910c34-25b7-4049-9ddb-1c984522486b,PKA,EEE-AI,EEE-AI,A01
3be99d32-7dfd-45a7-8eae-9923e0ac0fcc,PKA,EEE-AI,EEE-AI,C01
a8a466e0-29e6-49f2-8fab-6285555840fa,PKA,EEE-AI,EEE-AI,D07
4881428d-3c1e-43db-9c92-a9e6e30b3738,PKA,EEE2,EEE2,B00
fbf12963-1fea-4007-8061-bb4bb5599fda,PKA,FBE5,FBE5,C00
dbd92bb6-a861-4691-ad3c-c3d8e9e30209,PKA,FBE5,FBE5,C04
d526d9a3-5b97-4c93-89d6-3a8dfa7fb109,PKA,FBE5,FBE5,D01
78aed1f5-223f-45fc-96da-a45055fcd212,PKA,FBE5,FBE5,D14
475dbb98-ee01-49d0-aed6-bb53b5e8f34f,PKA,FBE6,FBE6,A01
175cb78f-9930-44b3-890b-2ea031504bf0,PKA,FBE6,FBE6,C04
2b58017c-93d1-482d-bf83-6c767dead964,PKA,FBE6,FBE6,D01
4b4b2ef4-cbcd-46ca-b4a1-b97ebc466088,PKA,FBE6,FBE6,D07
d23d4cad-4e8e-44d5-9b94-aaf52225eaf7,PKA,FLC1,FLC1,D09
a5e3f5ca-5b92-4f0c-b8a0-e2ffb13731d6,PKA,FLJ1,FLJ1,A01
47322326-4e98-4d8b-abc0-5d0dc7249083,PKA,FLJ1,FLJ1,D01
b864891a-46ef-45e0-a460-b6b4d38d8423,PKA,FLJ1,FLJ1,D06
14831f5d-202d-4131-b639-8da1ea85356b,PKA,FLJ1,FLJ1,D28
8b2d2c31-17dd-4dab-bd28-ffbc3c28d895,PKA,FLK1,FLK1,D09
f0d3bc82-1f0f-40f0-a6d3-bddd53d8e9d3,PKA,FTS3,FTS3,A00
d9c92538-94cb-43b4-b3d8-644b49b18ae2,PKA,FTS3,FTS3,A01
0de53926-eee2-4d2e-98cb-62ac4faea2f7,PKA,FTS3,FTS3,D01
c89cca4d-f8af-4975-9537-fc5b3a9b8fef,PKA,FTS3,FTS3,D10
0778c09c-f7b3-4bd0-b143-a762b09a41e9,PKA,FTS4,FTS4,A01
4be41ab0-c406-4031-a676-de9d3a7cda3d,PKA,FTS4,FTS4,C00
e73014d6-f667-45fd-b86f-7d182cd8879b,PKA,FTS4,FTS4,D01
1524e481-41c9-4222-9563-7fe6a876fe5b,PKA,FTS4,FTS4,D15
0ffb3d5d-629d-47d4-bf65-54ff4a80f49a,PKA,ICT-TN,ICT-TN,A00
5f71018a-b211-400b-94d1-c81f4542cc70,PKA,ICT-TN,ICT-TN,A01
de1d77ca-9126-4884-a2d4-6a460a58e887,PKA,ICT-TN,ICT-TN,D07
c0520136-49d4-4a00-9eeb-17f8ff057bc1,PKA,ICT-VJ,ICT-VJ,A00
42a12557-b5ad-432e-8925-aa8bc994c83b,PKA,ICT-VJ,ICT-VJ,A01
7b704e1a-f309-42b0-87bb-8aa11eac2f3e,PKA,ICT-VJ,ICT-VJ,D07
923a868c-6997-4c13-baba-c63fe65295cc,PKA,ICT-VJ,ICT-VJ,D28
015cc9be-6326-4d38-a5dc-f677bd269318,PKA,MED1,MED1,A00
c9d840d8-179a-4926-8114-578216ba2496,PKA,MED1,MED1,B00
f01bb244-5e7d-4d39-9796-7b8ad89dd6b5,PKA,MED1,MED1,B08
81070abb-9522-49a6-a168-8c7a2ff21610,PKA,MED1,MED1,D07
f35e73be-d41c-444d-bca3-a77421130604,PKA,MSE-AI,MSE-AI,C01
3c29ba9d-b3e3-46a7-b4fd-e4cb19b68211,PKA,MTT1,MTT1,B08
fe7da29e-5fbf-4e74-a80f-60a64406fcc1,PKA,NJR1,NJR1,A00
4f332a9c-849a-4b76-9634-72d1d7a07cb3,PKA,NJR1,NJR1,A01
d0986e10-38f8-4fce-9b6e-924145fc8679,PKA,NJR1,NJR1,B00
da423a1c-eb04-4a95-a615-6443c786ae9a,PKA,NJR1,NJR1,B08
b9c840ae-86d8-4bae-b3b8-67b87704f199,PKA,PHA1,PHA1,B08
c59adaf8-1aab-40ac-9d47-d595b74c6ed0,PKA,RET1,RET1,B08
83d025ea-6980-432a-ae54-4d6a87c70060,PKA,VEE1,VEE1,D01
c6c81b31-ded2-4836-a86f-2aa6d8b82ea4,PKA,VEE2,VEE2,D01
00ca6811-ccf3-4098-9721-4da24ba520c1,PKA,DEN1,DEN1,A00
9a0809a3-5854-4861-b457-098a911119b8,PKA,DEN1,DEN1,B00
3bc85e9c-4f0c-4730-9dde-80ccbbc47197,PKA,DEN1,DEN1,B08
021ed097-e37d-46e9-813b-025029df3115,PKA,DEN1,DEN1,D07
a13612fb-4c59-4d50-a800-b7a8c69ababf,PKA,FBE6,FBE6,D10
db7fa5af-6728-45b2-b9a8-0ff0b059ae94,PKA,FBE7,FBE7,A01
3fdba85d-b163-4c08-8b1d-f5ee54ac94bc,PKA,FBE7,FBE7,D01
2f29db87-6005-4d12-856c-4ff84b691779,PKA,FBE7,FBE7,D07
5ceee077-518e-4b87-ac2b-1d4016c6c7b8,PKA,FBE7,FBE7,D10
125d7456-3213-483d-a820-ec71d9f296e6,PKA,FLF1,FLF1,A01
604d5a9e-dcc2-4e1d-ba32-ec0329e8bb3d,PKA,FLF1,FLF1,D01
390deccd-1d30-4799-8389-4a898ed2b702,PKA,FLF1,FLF1,D44
b25adf35-0c83-4bc2-b331-4eedd8252726,PKA,FLF1,FLF1,D64
f0c1edb7-9af9-4a19-8547-65bda9515bc1,PKA,FOS1,FOS1,C00
3436f503-2182-4e13-815f-6c7c0f692e69,PKA,FOS1,FOS1,D01
857ceb9b-6a6c-4293-8324-c62a6708d08b,PKA,FOS1,FOS1,D09
66cf235a-06d4-40de-99e3-731e8577867f,PKA,FOS1,FOS1,D14
ef901422-c5c9-4558-9e17-21044d3ca538,PKA,ICT2,ICT2,A00
89045995-7111-4694-b7ec-fc2540b88536,PKA,ICT2,ICT2,A01
3973886b-afa5-4baa-8f47-469b20ecfeca,PKA,ICT2,ICT2,D07
5ed9d9de-acad-4c80-8d6e-00534685d0ef,PKA,NUR1,NUR1,A01
171471cb-2338-41f3-8131-3845c8e1c5c3,PKA,NUR1,NUR1,B08
253a7169-806a-438c-ae73-4de536e55509,PKA,EEE4,EEE4,A00
e955d90f-0b74-4bfe-ac69-0c55be3dfbe0,PKA,EEE4,EEE4,A01
0e05c558-68c6-49f9-8c48-c6d3928188aa,PKA,EEE4,EEE4,C01
75931b28-90c4-40a9-8b7f-f707f6e8fd19,PKA,EEE4,EEE4,D07
0728d40f-dc60-4af0-80f2-53ca8b47094b,PKA,F0S1,F0S1,A01
9632a1ba-d948-4cf9-aa30-c37eee155360,PKA,F0S1,F0S1,C00
84189c57-39dd-43bc-b218-075b483166ae,PKA,F0S1,F0S1,D01
689e3fd1-63a3-41a9-b6dc-4e0537af5984,PKA,F0S1,F0S1,D09
246db0ea-d922-464c-8cd5-aea933148d36,PKA,FBE8,FBE8,A01
3bd7a37e-91db-4790-ab1f-af8f804e1a5c,PKA,FBE8,FBE8,D01
2b13d79d-7449-46ab-a755-8f88d15a2333,PKA,FBE8,FBE8,D07
f422f6d8-653b-4fc8-85da-5350fae215a0,PKA,FBE8,FBE8,D10
e3328adb-116b-4d68-b29d-6e036626bbce,PKA,FBE9,FBE9,A01
237b7a83-d9a8-4f69-b8de-f711a574d3a1,PKA,FBE9,FBE9,D01
54999166-b23d-40b1-9fab-57e74c7b39ff,PKA,FBE9,FBE9,D07
32892a5a-b07f-44c8-95dd-c3c28a514dde,PKA,FBE9,FBE9,D10
63fb2aae-f492-4410-8346-c6cb29f4a8a2,PKA,FIDT1,FIDT1,A00
7abc9e94-1861-450a-a6df-e79ba77dfaea,PKA,FIDT1,FIDT1,A01
8da81735-c315-4090-9dc5-7cc980eff95f,PKA,FIDT1,FIDT1,D01
bf4f3e5d-0333-4971-ac81-5b57d85ecc8a,PKA,FIDT1,FIDT1,D07
fa73bc0c-0f09-44a9-bb5b-25bbc6ff22f0,PKA,FIDT2,FIDT2,A00
60afa9e4-c1d8-467a-a9e2-47690ce7a67e,PKA,FIDT2,FIDT2,A01
207d0777-d713-476e-b6ee-cab13b83d580,PKA,FIDT2,FIDT2,D01
5880c54c-98b2-437c-89fb-b4266d7e06f1,PKA,FIDT2,FIDT2,D07
1f3cb29b-505a-4d1b-adb6-7bd0ddaf308d,PKA,FIDT3,FIDT3,A00
efacf738-8c04-49fc-b8d6-554f7c7a04d6,PKA,FIDT3,FIDT3,A01
6df1d37e-ad71-425a-8f84-fcbc8a54c0ea,PKA,FIDT3,FIDT3,D01
6818925a-8a6c-4455-adbd-feb106bd475f,PKA,FIDT3,FIDT3,D07
7e8f4b00-4ad7-438b-b4c7-d6022a7eb50b,PKA,FIDT4,FIDT4,A00
cb562a6f-5e8e-48f2-b0af-2f34559c030f,PKA,FIDT4,FIDT4,A01
e4294162-5b50-4780-9b96-409e04a04eab,PKA,FIDT4,FIDT4,D01
bf2c737d-7530-4694-8eff-811ab0d5d223,PKA,FIDT4,FIDT4,D07
22caa779-400b-466b-9909-791e02b81358,PKA,FIDT5,FIDT5,A00
a1aa276d-2fb5-41a7-9419-82d2add4f96f,PKA,FIDT5,FIDT5,A01
6ce70f94-c37e-4708-9b31-9d46e90d34f3,PKA,FIDT5,FIDT5,D01
70a24853-d3b0-42cd-b874-4687c1c32eb3,PKA,FIDT5,FIDT5,D07
0f79ed59-d79b-4f87-931d-f1fadc353334,PKA,FLE1,FLE1,A01
5e470294-e7bc-4f64-bd6c-642b8cf86bc9,PKA,FTME,FTME,A00
b43ffade-6045-4b90-8299-d902b79c9949,PKA,FTME,FTME,B00
8d07b5b9-5eb4-4397-b49f-2607ab8c87ca,PKA,FTME,FTME,B08
6e6e2eb2-bc7a-48b0-8990-b2da76812574,PKA,FTME,FTME,D07
2b10bb4c-aa6f-42e4-a2f6-abe4a5a38d7b,PKA,HM1,HM1,A00
489d4782-da0f-46c0-9db2-25be11b99f56,PKA,HM1,HM1,A01
4953c284-4ce9-4c59-ab42-33f9a91c40f9,PKA,HM1,HM1,B00
a3d25a68-de38-4cae-8fa2-358a0e3a6408,PKA,HM1,HM1,D01
f89f82f8-cbb7-49bc-af37-beb27774a9cb,PKA,ICT3,ICT3,A00
252ca6f2-e8a6-4db2-aa25-5f42538c8859,PKA,ICT3,ICT3,A01
9bb6b064-2e0d-4b6c-86fc-f0dd91f819a7,PKA,ICT3,ICT3,D07
927542d9-504c-4852-bbd8-47d5f1c50539,PKA,ICT4,ICT4,A00
109b7421-553e-4a6c-a8bb-6ab5f3914f9e,PKA,ICT4,ICT4,A01
b888802b-2c7a-4151-aae0-0fb7d8de07c3,PKA,ICT4,ICT4,D07
fb9aec90-35a4-454c-9ea8-1323f9b1a8a3,PKA,ICT5,ICT5,A00
b878c7de-dbf7-4e4a-a778-4d1294a8a8a0,PKA,ICT5,ICT5,A01
d5ec5455-2b9b-4f2d-97e5-0182ec848065,PKA,ICT5,ICT5,D07
395e4051-832b-4a31-a443-6abbc0abeb2d,PKA,MSE-IC,MSE-IC,A00
1a5b4584-4c36-4198-bfc5-b445bbe9a8af,PKA,MSE-IC,MSE-IC,A01
673355eb-e986-4b6c-8b99-8fd2980ffd0c,PKA,MSE-IC,MSE-IC,B00
7f88f021-f1b1-4304-aeed-c04c27f50323,PKA,MSE-IC,MSE-IC,D07
ff875192-e2a6-4009-b625-ea66d9339713,PKA,RTS1,RTS1,A02
528e163e-12e1-47a2-853c-bdd8259e31d2,PKA,RTS1,RTS1,B00
387a09f6-1b34-4515-be47-042c402ca795,PKA,RTS1,RTS1,B08
afdce803-1248-4442-8aff-91bde7e682b3,PKA,RTS1,RTS1,D07
5a14e20c-01d3-48c1-989e-ad240196f43f,PKA,VEE3,VEE3,A00
ad020232-3b2c-46a4-a39f-8deef29d5110,PKA,VEE3,VEE3,A01
1515dbe5-2835-4a93-9395-62d846e94029,PKA,VEE3,VEE3,A10
7f909f6b-8f79-412f-bc84-76a0af418f0a,PKA,VEE3,VEE3,D01
f493b97f-05ed-4e6a-8fb2-50754e92df26,PKA,BI01,BI01,X14
6aa7d0a1-4ac7-45b5-94d5-9cc81cbef4a7,PKA,BI01,BI01,X15
8fa8dc6a-a771-4e92-80dd-d9bb18916f3a,PKA,BMS,BMS,A00
1155d0f1-d316-4c3b-b0f8-e7d662e45cf1,PKA,BMS,BMS,B00
38f3f3da-5ab5-4aa9-9b0d-661b43155451,PKA,BMS,BMS,B03
445664ca-9588-4fdd-aeb9-ebd1157a62eb,PKA,BMS,BMS,B08
22579f80-3d7b-4097-9d71-88505acb8937,PKA,BMS,BMS,C02
c86aa7fa-91ca-4433-895a-6efc9d119a6e,PKA,BMS,BMS,D07
0f02ec7e-04ff-40e9-8039-51ff9cd10a10,PKA,CHE1,CHE1,X10
57df6add-4077-4e5e-86f0-13840b23066b,PKA,CHE1,CHE1,X11
d8e27490-208e-4a82-b3d5-57ff56f8c870,PKA,DEN1,DEN1,B03
64ee819e-4f73-457f-b124-9e9ecc6d0d9a,PKA,DEN1,DEN1,C02
3a776524-5583-41f4-9991-9989eb01a9b4,PKA,EEE-AI,EEE-AI,X06
daa3838b-5145-4f54-9282-5018d1ec4b6c,PKA,EEE-AI,EEE-AI,X26
6a4ee13d-3e2e-4023-957f-9d98aec99120,PKA,EEE1,EEE1,X06
4480f781-8d4d-4ae4-87ff-9ad258ffd498,PKA,EEE1,EEE1,X26
7e7785f2-4599-42b0-80a4-3f8c08c29814,PKA,EEE2,EEE2,D08
21923754-c6f7-4c09-aef4-227034434d44,PKA,EEE2,EEE2,X10
a21b548f-1d38-4ba6-b16b-1576dc3f534d,PKA,EEE2,EEE2,X14
ea59da26-4388-4086-8abd-9fc034aec96d,PKA,EEE3,EEE3,D08
11d76cde-3cb1-4272-9cf2-65fd1ecb0780,PKA,EEE3,EEE3,X06
66de1ac1-7d95-476d-baf3-4562ac5bf3f6,PKA,EEE3,EEE3,X26
51a84d3e-9173-4506-a9c5-6b14cf4eb24a,PKA,EEE4,EEE4,D08
e5a57b7a-6b70-42f2-a51b-c72aa5e7017c,PKA,EEE4,EEE4,X06
d52b5310-0786-4021-af55-11b5a2ed7f14,PKA,EEE4,EEE4,X26
c21778a8-eb9f-466a-a612-51212af3600d,PKA,F0L1,F0L1,C00
ee99f9ac-df54-4ba1-bf5e-04d9073eeac9,PKA,F0L1,F0L1,C03
b2f66e5a-02b1-4b5d-9063-64f631530ec8,PKA,F0L1,F0L1,C19
6c1b7b39-f980-4aa8-bce1-b5a5fccdb9a2,PKA,F0L1,F0L1,D01
ed185c8b-2448-4cb8-9b61-cb37635d23b2,PKA,F0L1,F0L1,D12
5acfe8e5-ebb8-41e4-9ebb-e0b51ff730eb,PKA,F0L1,F0L1,D13
14adc6e4-7b58-4f1f-9275-91498426f52d,PKA,F0L1,F0L1,X70
8c2b3a65-7318-4b36-828f-8119bb1fd9ce,PKA,F0L2,F0L2,C00
fbc6fc57-97d0-496a-8279-0e253e6653e7,PKA,F0L2,F0L2,C03
0638637a-b643-44ce-a350-2e9b3a845f64,PKA,F0L2,F0L2,C19
f3e290a8-7839-4ebd-a533-0b61b4c8f3cb,PKA,F0L2,F0L2,D01
f34a2e2a-747d-40ba-9684-1f4e93505fb1,PKA,F0L2,F0L2,D12
d6c879a7-0726-41f9-882b-6d2b6dd07691,PKA,F0L2,F0L2,D13
774395ab-9297-4e6e-8667-37d2ab1b0071,PKA,F0L2,F0L2,X70
b3bf00fb-c0a9-4b1d-98c2-1ee03eb9722e,PKA,F0L3,F0L3,C00
1a0ec6ea-a80c-420b-89e4-4f8c1f36a542,PKA,F0L3,F0L3,C03
c1556966-bfca-493d-b8f3-5e60171854d3,PKA,F0L3,F0L3,C19
00ca7b05-ae23-4874-8703-2471afc712a9,PKA,F0L3,F0L3,D01
239021a7-d7f1-41a1-8060-2bb5753c9e3b,PKA,F0L3,F0L3,D12
74516867-3e12-408b-8da7-fe3394f5fb0e,PKA,F0L3,F0L3,D13
f2248aed-8910-4a11-9c95-41f77de7239e,PKA,F0L3,F0L3,X70
a7b7369f-594a-47b5-8430-1e4ec7a85741,PKA,F0L4,F0L4,D01
41614c51-0a8e-4cb7-af58-c4faecea26a5,PKA,F0L4,F0L4,D11
698a8c05-f751-4a53-ab92-5fe8de12586a,PKA,F0L4,F0L4,D12
92bbbc8d-7bc9-42be-9a99-8187481b7485,PKA,F0L4,F0L4,D14
e7471ce8-1b46-46cc-95a4-219b01b06994,PKA,F0L4,F0L4,D15
861dadb4-9b91-4ec3-9e90-1ffe1c32c92f,PKA,F0L4,F0L4,D66
ee15c73a-1b10-4195-bd88-b97a25b254b3,PKA,F0L4,F0L4,X78
a175e075-8268-4983-b82c-a486f550ba1c,PKA,F0L5,F0L5,D01
35e0a301-734d-4b5e-a93b-eb118c3f0b07,PKA,F0L5,F0L5,D11
845ded67-59ce-4b2a-82e7-18e44b69de55,PKA,F0L5,F0L5,D12
b7256aef-ee04-4f43-a560-bf3118580571,PKA,F0L5,F0L5,D14
0c647620-a706-462e-9378-3c440b23bfb8,PKA,F0L5,F0L5,D15
4e3320dc-50a0-4e2b-942b-d8dcb57b8056,PKA,F0L5,F0L5,D66
2faffcfd-1b69-4d7e-b5d3-c044bd72640b,PKA,F0L5,F0L5,X78
ea59b22a-1f04-4cb7-9d73-796e2ebd31dd,PKA,F0S1,F0S1,C03
bcacd1c8-b2ca-418f-a3b3-3a7508b92276,PKA,F0S1,F0S1,C19
d65adab6-e159-4769-9ad4-e40ae4341b2b,PKA,F0S1,F0S1,D14
ac85eed8-2de9-49ec-9e3f-2f0f1e18be69,PKA,F0S1,F0S1,D66
0d8b64e7-0dbf-4d22-a65b-99cfd0613863,PKA,F0S1,F0S1,X70
bff35cd0-0f2c-46f4-abe3-41de50d36036,PKA,F0S1,F0S1,X78
02f58338-0073-4d4b-8c1c-6926d664d5b3,PKA,FBE1,FBE1,A07
885766e2-f2d8-4464-b8f7-e7581f8812bf,PKA,FBE1,FBE1,A08
3641ee0b-6829-43c1-824c-9b532a2173ab,PKA,FBE1,FBE1,X17
5d57800f-d367-4a52-a226-3a5b03d92539,PKA,FBE2,FBE2,B00
3b16fc93-e1c1-4b4d-8540-23a0dca812e0,PKA,FBE2,FBE2,B04
7ccd1060-f400-497e-9cf9-381dc3cddd13,PKA,FBE2,FBE2,X13
3f3cc94e-03c4-410c-b1e4-32d250717350,PKA,FBE3,FBE3,B00
ca813e51-b2c8-4b0b-9bb2-7d85452c3b4c,PKA,FBE3,FBE3,B04
d6f453e4-cbf5-4dc6-af07-428ff803da4a,PKA,FBE3,FBE3,X13
adcf8fc5-e976-43d9-96da-0cea73ef0b15,PKA,FBE4,FBE4,A07
2058bdf5-5e0b-4dc8-ad8c-3b62fb3409a9,PKA,FBE4,FBE4,A08
f2cabe48-155f-41ac-8582-d7e0937c97a8,PKA,FBE4,FBE4,X17
4c2049dc-56ee-4dac-a417-eef6a6999ce1,PKA,FBE5,FBE5,A00
0fee8005-c55f-4470-b96f-07862c2d344d,PKA,FBE5,FBE5,A01
0fa3f465-77ce-4407-ba89-35d4e0aa9e83,PKA,FBE5,FBE5,B00
fb05264c-4d63-4eea-a87c-aa51dca7e6a3,PKA,FBE5,FBE5,B04
5b3a8285-c953-459f-b26f-a47d3cc48e07,PKA,FBE5,FBE5,D07
7f2000fa-b6dd-44b3-80b3-b560c8f42b12,PKA,FBE5,FBE5,X13
10258361-4b36-4f33-a6ee-124ee4e44e6c,PKA,FBE6,FBE6,B08
688b01db-3843-48e1-a8ac-9c32d084c1da,PKA,FBE6,FBE6,D09
c821221f-200f-4a3d-a003-a729eea03522,PKA,FBE6,FBE6,D84
79371145-ff43-4f04-9387-ffda69bd9bdf,PKA,FBE6,FBE6,X25
5104822d-5fc8-494b-bee0-389ccce6fbab,PKA,FBE7,FBE7,B08
901c95ad-66a9-4ffa-a7a3-f3e98650729a,PKA,FBE7,FBE7,D09
fb2661c6-5116-42bd-a734-06145fedbb36,PKA,FBE8,FBE8,B08
af039810-c4e9-4799-9ea9-ad4a64df6060,PKA,FBE8,FBE8,D09
1b0b9ff8-95d9-492e-86d6-9054a30ed249,PKA,FIDT1,FIDT1,D84
569eb3d7-d811-4310-9999-3b81dd58717c,PKA,FIDT1,FIDT1,X25
56bed24a-d60b-4da6-9073-e2924304a825,PKA,FIDT1,FIDT1,X26
5e6cb992-fbc5-447e-91ed-5b8b2f7e10eb,PKA,FIDT1,FIDT1,X27
e3cf60ef-f4e3-4a7d-a34e-e169968a25e3,PKA,FIDT2,FIDT2,D84
729dd368-33ba-4b41-b18f-b0ec6fecd59f,PKA,FIDT2,FIDT2,X25
b40fb3d5-bc78-498c-b51c-2704c035d25a,PKA,FIDT2,FIDT2,X26
239d8c07-ce52-4336-bad3-2febc178849f,PKA,FIDT2,FIDT2,X27
4c00def1-fcdf-4e92-8d7e-2d985076ad75,PKA,FIDT3,FIDT3,X26
59130ac5-8f0f-446c-93b3-bf9450d3766a,PKA,FIDT3,FIDT3,X27
f1789091-e454-42ce-8edf-7e181f116e53,PKA,FIDT4,FIDT4,D84
9020c8dc-bd1d-4a99-88a6-eff9b78a614c,PKA,FIDT4,FIDT4,X25
3fd6dab7-c1a4-4e85-9258-19b286b61b9e,PKA,FIDT4,FIDT4,X26
d3c6a534-7fb2-4a16-9c41-4845c8509658,PKA,FIDT4,FIDT4,X27
61694b85-c7be-4cc6-a80f-2225c2171f7c,PKA,FIDT5,FIDT5,D84
06a2cbf3-af4d-46a2-83c3-87f26beb20b5,PKA,FIDT5,FIDT5,X25
1a568da5-ea42-4cf9-86d2-9fa4ba13571d,PKA,FIDT5,FIDT5,X26
48eacf63-b135-4349-871c-58fc820cd98f,PKA,FIDT5,FIDT5,X27
a467fb2c-f8ea-40d3-be9f-013e03d56f1c,PKA,FIDT6,FIDT6,C00
07232430-5958-4024-8aff-2489da5599f1,PKA,FIDT6,FIDT6,C01
ab59df8b-80b2-4055-b38e-373ed22129b5,PKA,FIDT6,FIDT6,C04
8bd2a861-7c39-49d3-bed4-5d262a9303f9,PKA,FIDT6,FIDT6,D01
807b5201-62b6-440d-882d-f76d75fc8cc2,PKA,FIDT6,FIDT6,D84
0910bb95-0c00-458b-a499-ec4047b26459,PKA,FIDT6,FIDT6,X25
2e397ede-ae85-4942-af30-033ca3902823,PKA,FIDT6,FIDT6,X27
724f8978-5a35-4dc0-938f-0676f667b2dc,PKA,FIDT7,FIDT7,A01
fd562213-b8ad-4411-a686-3f26768d56bc,PKA,FIDT7,FIDT7,D01
d8ddb117-91c6-48de-b8c5-e4c35200caa7,PKA,FIDT7,FIDT7,D07
2f35d58f-bf04-45ed-9a29-45018e8def8d,PKA,FIDT7,FIDT7,D84
ec43225f-36c2-43ba-80ec-e8f86a891370,PKA,FIDT7,FIDT7,X25
e3841370-7c70-47e5-9f3f-3790c6dfc5a7,PKA,FIDT7,FIDT7,X26
801e187f-197c-42a5-bd2b-d0ae9dbca30b,PKA,FIDT7,FIDT7,X27
1502ed62-54dc-44ef-b82f-9280bdbcfbe3,PKA,FLC1,FLC1,D30
74d733c5-843f-46b7-87d5-e30825987719,PKA,FLC1,FLC1,D84
bcef3620-b6d0-4f2b-9652-d750bf15baec,PKA,FLC1,FLC1,X25
aba8a550-05b7-4811-ae02-d3ffe1523024,PKA,FLE1,FLE1,D10
82f74516-d55b-4e33-9f5d-32162455a3a6,PKA,FLE1,FLE1,D84
108fb6f4-3167-4700-8897-2cca6acfa21c,PKA,FLE1,FLE1,X25
2d64dc77-badf-4b0b-bc13-fa4feea5b6e0,PKA,FLE1,FLE1,X26
20068e11-3255-4d8b-ba08-257cfc6717cb,PKA,FLF1,FLF1,D03
7618e13c-6584-4980-95fb-ded7be9e7009,PKA,FLF1,FLF1,D09
09802f0b-d191-41bf-a034-6b9455789716,PKA,FLF1,FLF1,D20
c7015bf0-9d58-4362-b4e3-79e057342986,PKA,FLF1,FLF1,D89
6445034d-b358-44d7-a04f-dd54053a58fa,PKA,FLF1,FLF1,X37
e528a5f0-7868-4fde-837a-d49e7d9b4413,PKA,FLJ1,FLJ1,D09
82e35dbc-ac5f-467b-9d5e-e872ee718980,PKA,FLJ1,FLJ1,D10
183c6ab6-6409-4244-a174-61de73f28d40,PKA,FLJ1,FLJ1,D15
3ab8a071-298a-48e6-ad83-01602f340314,PKA,FLK1,FLK1,D10
cba6a500-939d-4179-892d-e8fd29fbd5ca,PKA,FLK1,FLK1,D84
04f782c9-451c-46a0-a396-2d8ef88fd57c,PKA,FLK1,FLK1,X25
34a3eae7-288e-4a0c-8864-b7d361eeb116,PKA,FTME,FTME,B03
3ca30031-c3e6-4e57-b44a-2e7bc0fdb538,PKA,FTME,FTME,C02
63caaf8c-a189-4abf-89b0-9e43541418f2,PKA,FTS1,FTS1,A00
0295743a-5bfc-47f2-b4c5-cc263916bfb8,PKA,FTS1,FTS1,C03
05e705ba-dcb9-4ebf-9693-e710c1d73045,PKA,FTS1,FTS1,D09
3123ea55-2f12-4875-a757-18a67a21d937,PKA,FTS1,FTS1,D10
b73a50e6-7d40-4914-8f60-9dbe64405791,PKA,FTS1,FTS1,D84
b813b330-d199-421f-b7cb-96211aeef9b8,PKA,FTS1,FTS1,X25
7f7c76c7-fe84-479b-82db-8aceb453bf2f,PKA,FTS2,FTS2,C03
d89c204b-c938-404e-ac38-423fceaf6a52,PKA,FTS2,FTS2,D09
8046f5fe-d0fe-4ea6-8441-cef6d765b0d8,PKA,FTS2,FTS2,D84
f3ac7943-edf1-413b-bd3f-46c3f4523c18,PKA,FTS2,FTS2,X25
203bc465-590a-4574-ab82-db6bdf051c96,PKA,FTS3,FTS3,C03
fe271378-383d-4582-8fe3-4eeba00a05c7,PKA,FTS3,FTS3,D09
c4743fe9-62c3-46f2-bdc1-717f7b05cafc,PKA,FTS3,FTS3,D84
dec33669-cc15-4a28-80a4-d2e9117ac3a4,PKA,FTS3,FTS3,X25
851a3b51-05b5-4aac-bcdc-45b3dd086351,PKA,FTS4,FTS4,C03
7d428a67-7c66-4616-a42a-510c9b48a821,PKA,FTS4,FTS4,D14
ca7b8e2b-ad97-45e1-9ad3-36a5618ece33,PKA,FTS4,FTS4,D66
c950d547-1179-47b6-85cc-14b911c57f90,PKA,FTS4,FTS4,X78
ae017dcf-ce02-4de0-8426-fa762f548407,PKA,HM1,HM1,A02
e23a05f1-e20f-4ed1-88ec-a0150d9c74be,PKA,HM1,HM1,B03
375ac9df-e0a3-426f-8d55-ed5933e00c6d,PKA,ICT-TN,ICT-TN,X06
211b519a-787e-4956-a67b-773b8ce3de37,PKA,ICT-TN,ICT-TN,X26
d5ab835a-2d27-4854-a055-6925797aafff,PKA,ICT-TN,ICT-TN,X27
f928012b-c6b4-4b34-b1a7-c84a5f49d9a3,PKA,ICT-VJ,ICT-VJ,D01
9e6f50c2-7caa-45bc-ba14-8155d0c7f4e9,PKA,ICT-VJ,ICT-VJ,D06
7cc1707e-a1d1-4c44-a2a5-4ecf62d71b4e,PKA,ICT-VJ,ICT-VJ,X06
b0e19b81-27e1-452a-af1f-4c7cc08e2bcc,PKA,ICT-VJ,ICT-VJ,X26
10fb87b8-30b2-42af-a1c6-2d125e12fa63,PKA,ICT1,ICT1,D01
ea1a6276-ce9b-4770-b12c-20ee0981f0bb,PKA,ICT1,ICT1,X06
47fb3080-31ed-48fd-864d-ad719830058a,PKA,ICT1,ICT1,X26
a9570499-104f-400c-8383-f5161e3edabf,PKA,ICT2,ICT2,D01
c6563013-20eb-4b43-a0c1-43a9c3f9cfd0,PKA,ICT2,ICT2,X06
83235b02-c3bc-4a0d-bc30-f47a2d8814e1,PKA,ICT2,ICT2,X26
e007cde1-e37c-4ec4-992c-6e961efc6bea,PKA,ICT3,ICT3,X06
746f9fec-dd83-49c6-a7d1-36ac958b1c29,PKA,ICT3,ICT3,X26
8f54b7b6-5e0c-4de6-bb14-3ba87712bb1f,PKA,ICT3,ICT3,X27
8d9bff34-f10a-4716-a3ec-c7cc51f5683b,PKA,ICT4,ICT4,D01
08c47727-8829-45f8-8538-9682c68d7565,PKA,ICT4,ICT4,X06
c68dc51b-587b-4636-bb2a-ed2d7cfeddd2,PKA,ICT4,ICT4,X26
95dd3312-bc00-4cc4-9737-af06a9ff5f32,PKA,ICT5,ICT5,D01
0bb25a22-4266-4f46-b7ab-be67ba0f5225,PKA,ICT5,ICT5,X06
09138e54-a58e-4c47-9b1c-64083389049d,PKA,ICT5,ICT5,X26
f3e69567-d727-4639-b6a7-fb67653d0a28,PKA,MED1,MED1,B03
4e5d8650-cbaa-45db-ace8-47101d9f4696,PKA,MED1,MED1,C02
5bcb3055-ce36-4708-834b-941d011849ef,PKA,MEM1,MEM1,X06
7bc7d743-33b3-4f08-bf96-390804ad3255,PKA,MEM1,MEM1,X07
30f8ab70-e880-40ae-9dd4-47438cfe898d,PKA,MEM1-IMS,MEM1-IMS,A00
c539485a-8086-482c-a7e0-34fea202ef81,PKA,MEM1-IMS,MEM1-IMS,A01
ea0ca94b-f9da-4ae7-87a4-35664b478b68,PKA,MEM1-IMS,MEM1-IMS,A02
08b07d5b-17bb-4311-a27f-04a574b07ad9,PKA,MEM1-IMS,MEM1-IMS,C01
076fa878-61c7-4421-adea-ddf0acb08986,PKA,MEM1-IMS,MEM1-IMS,X06
9bd067fc-d1d3-4781-8ba1-4e08b747533b,PKA,MEM1-IMS,MEM1-IMS,X07
6efde47c-a582-448d-ab42-9985e8b20acb,PKA,MEM2,MEM2,X06
948c9386-dca3-4e38-b177-d825c17f377e,PKA,MEM2,MEM2,X07
4ab36795-3d2d-4dfd-9e3f-7b762e41b943,PKA,MIW,MIW,A00
7d48d8b1-3cbc-4c92-b452-bf9d403c5cee,PKA,MIW,MIW,B00
9b5104f3-c53e-491b-9d7c-7b14e1593252,PKA,MIW,MIW,B03
bd1bd8bc-63e1-4bd5-a54a-c9cf7076d6a6,PKA,MIW,MIW,B08
060d30b4-6045-4168-b279-965202e9af20,PKA,MIW,MIW,D07
c9937fb6-a125-46ba-a547-1f1e4c13cd24,PKA,MIW,MIW,X14
507f95c7-e8c9-47eb-8fb3-4b020fe25cac,PKA,MSE-AI,MSE-AI,X06
2ae7d16b-01c6-4378-a02f-a0c33d0e4b16,PKA,MSE-AI,MSE-AI,X07
37c84ada-d1ad-4ec5-8e12-8b2f13b45c9a,PKA,MSE-IC,MSE-IC,X06
405b5bbe-7f53-41f0-b5b6-a1f67e9a2215,PKA,MSE-IC,MSE-IC,X07
d19124b3-cd1f-407b-98c9-669673fe8576,PKA,MSE1,MSE1,X06
6d6a0f00-4507-4998-8213-a3cbaa09d579,PKA,MSE1,MSE1,X07
79bac811-6237-441c-a4e7-a0baec0970f3,PKA,MTT1,MTT1,B03
6689b55c-46d4-40ba-a740-36d0bb0cba94,PKA,MTT1,MTT1,X10
58526d1f-98f8-488f-b6ca-7c7d9fd176a3,PKA,NUR1,NUR1,B03
e77a9625-9489-4167-8937-8cb42a5ccb8d,PKA,NUR1,NUR1,D07
76d81c53-7f0c-42c9-bc6a-80a42277e87a,PKA,NUR1,NUR1,X14
cff7d59a-61c6-4aed-8e55-26f1b6102387,PKA,PHA1,PHA1,X10
a4d76db6-fc36-4280-b7b4-47a0ceb20c9d,PKA,PHA1,PHA1,X14
11c4a285-2469-4c1e-9406-b98974ff2646,PKA,RET1,RET1,B03
39c09316-466c-45ef-bb16-cf28490d6399,PKA,RET1,RET1,X10
320c1bdf-6e6c-4ca8-bc18-772a9ddebbdf,PKA,RTS1,RTS1,A00
d0023b40-0e49-46a7-b619-dc0ee6dfa9cb,PKA,RTS1,RTS1,B03
091e609a-a168-458d-9b9b-872b9bbeff5c,PKA,RTS1,RTS1,X10
d59bf261-32b4-4be1-9be9-f64030bc86f9,PKA,VEE1,VEE1,A04
10ba84d4-04a2-4cab-b676-dc528120f568,PKA,VEE1,VEE1,C01
30d74a0e-fb8e-442a-b8fb-0c36b513868a,PKA,VEE1,VEE1,D07
d9c5071a-ecd6-4add-8d5d-58768c890c1f,PKA,VEE1,VEE1,X06
6128b87f-ef90-4389-bdf7-1f8e7c986c5a,PKA,VEE2,VEE2,C01
bf673a90-98bb-42c7-8bb1-52448d111d30,PKA,VEE2,VEE2,D07
95a31275-e559-43f2-9ff7-58939a09a6e3,PKA,VEE2,VEE2,X06
831f8346-b1f7-45f5-8cbc-1843e3a4940f,PKA,VEE3,VEE3,A04
21e08d07-0692-4136-9d22-eb20a3b6561e,PKA,VEE3,VEE3,C01
3b9f91a6-0813-4033-9939-a6f94f558f3f,PKA,VEE3,VEE3,D07
15423b84-9d50-428d-8320-f9cb8f8248d2,PKA,VEE3,VEE3,X06
797165d4-491d-4939-8f09-997fabd6bd95,PKA,B01,B01,A00
f4e7d097-b3e0-4491-977d-e155a96a3996,PKA,B01,B01,B00
4836bd53-8dab-4638-989c-07ddab8c1904,PKA,B01,B01,B08
d9915287-a7e2-4210-8655-da21429a617f,PKA,B01,B01,D07
4a427eb9-4831-40a5-8bb7-70cfdb5c5f88,DKK,7220201,7220201,A01
8723072d-1feb-49bf-a364-7feac9e06b8f,DKK,7220201,7220201,D01
f3a0773d-8b3f-4b0b-8490-3a837d2bc465,DKK,7220201,7220201,D09
a754746c-6225-4974-aca7-bfb8a6f7fd6a,DKK,7220201,7220201,D10
ebb843dc-89f4-446b-813b-6dccf9b5e455,DKK,7340101,7340101,A00
421e57a3-b9fa-43a8-9888-f4dc450436a9,DKK,7340101,7340101,A01
425eeeab-9acb-473b-8e7b-f0d457f8bd90,DKK,7340101,7340101,C01
7e8f55ed-00d7-4c24-9edc-86a8acd48a2b,DKK,7340101,7340101,D01
04e44bfc-3a76-48bc-a2b4-c09a3c457961,DKK,7340121,7340121,A00
ff91bce1-44f2-42c5-9dbf-e7297a25da27,DKK,7340121,7340121,A01
4b4a7b50-b4be-4832-8213-ec087fead207,DKK,7340121,7340121,C01
01d98e32-dd01-434b-a2ee-085dbb73d324,DKK,7340121,7340121,D01
9d5d755a-9eed-4457-bd92-29f385bc1477,DKK,7340201,7340201,A00
f907ceaa-098a-4c68-870b-fac8730671d2,DKK,7340201,7340201,A01
4755daba-0cea-426a-9f29-2a2067ac4638,DKK,7340201,7340201,C01
990af9d8-f23c-4514-a468-3dcc0a1f09fa,DKK,7340201,7340201,D01
99a8e241-d22b-4cca-9432-c514f1cf03e5,DKK,7340301,7340301,A00
e1c51364-23e1-4455-834b-178b8c9253b0,DKK,7340301,7340301,A01
81f039b8-fef7-458a-b9a5-9687c5790a82,DKK,7340301,7340301,C01
cf5a247c-cd1c-4699-accd-24bd86e8a614,DKK,7340301,7340301,D01
aacf4b89-7593-47d1-b838-b81b07c8055d,DKK,7480102,7480102,A00
8ff5c3c3-0bd9-4ea5-801f-7f2fe130eb9f,DKK,7480102,7480102,A01
d48499c0-af9f-475a-a200-f0ea06431fbc,DKK,7480102,7480102,C01
92446ce4-ff3b-4a7a-9f75-f37a8a2c8750,DKK,7480102,7480102,D01
ae3c1631-3289-4ef7-889f-b1a2bc48495b,DKK,7480108,7480108,A00
f94c8d47-6c31-4550-8217-78b595dafeaf,DKK,7480108,7480108,A01
8a47d970-0356-4b11-ae85-739bc94e189e,DKK,7480108,7480108,C01
fe14bfd8-74ee-48ea-b6f1-0e5c11216048,DKK,7480108,7480108,D01
bfb541cf-7e8f-4cbf-a9d1-1fd28887fc7f,DKK,7480201,7480201,A00
11e30670-7e28-417b-b0a2-bc246d96bb18,DKK,7480201,7480201,A01
ddf7671a-9003-4588-84a6-5217b437af5d,DKK,7480201,7480201,C01
d39f83a7-056d-4525-862e-713775ba7775,DKK,7480201,7480201,D01
63e9e90b-203f-4ef3-965d-1b0ce05411b2,DKK,7510201,7510201,A00
2aff1fe6-c734-47d3-a6e7-29e0c6cc6507,DKK,7510201,7510201,A01
0cb97a66-fd4e-4fbc-9c8e-9b66c9a774ef,DKK,7510201,7510201,C01
6de13e44-f399-49b5-9f6d-cbd7aad7b958,DKK,7510201,7510201,D01
0046a0b3-1940-4d05-b190-372a9a752e5b,DKK,7510203,7510203,A00
b1fd47f9-e93c-4ee5-91a9-0fd58f69b75c,DKK,7510203,7510203,A01
6388629d-b06e-448b-8c8a-38bf12136c11,DKK,7510203,7510203,C01
4c704800-2d54-47fa-9c16-5edcea9e8e67,DKK,7510203,7510203,D01
4b450b08-05bb-4e2d-858e-db2630b4d018,DKK,7510205,7510205,A00
7d23c21b-6468-43b5-bf71-badd8aa41812,DKK,7510205,7510205,A01
66e270e9-f00e-4f29-b14b-b42cf944e5dd,DKK,7510205,7510205,C01
bd4d5d3d-b895-4cb6-8c23-ca915ff3f8f3,DKK,7510205,7510205,D01
8464804f-f0e1-49f3-a6ec-03df613e4713,DKK,7510301,7510301,A00
1f2c554e-4d98-4ffc-9f5e-64c10f892cc4,DKK,7510301,7510301,A01
be8bf66a-fa28-4b24-91e0-d45e8f83b7a6,DKK,7510301,7510301,C01
3478aca1-e049-42d0-bf0b-df22277a3049,DKK,7510301,7510301,D01
6d4de2d4-56a4-471b-ba07-984229048dbe,DKK,7510302,7510302,A00
d2d63b3f-93fa-4fd8-86cb-1b44e6d100df,DKK,7510302,7510302,A01
20d302bf-afd7-404c-9806-fe9163a9cd77,DKK,7510302,7510302,C01
38cab9a6-ea96-428c-967d-debbad0f93a4,DKK,7510302,7510302,D01
130071c1-4467-498a-982e-9168f623a0b0,DKK,7510303,7510303,A00
400b4353-9160-41fe-94d5-73a48c99caa4,DKK,7510303,7510303,A01
ce5be05a-25ad-4569-9dcf-ca543d9c1926,DKK,7510303,7510303,C01
c02eda35-3421-432e-807c-fc7ce592310c,DKK,7510303,7510303,D01
0824c371-5850-43b9-bacf-214bec664e7a,DKK,7540101,7540101,A00
f35f17b1-45d3-4baa-870f-41b4f9935fe3,DKK,7540101,7540101,A01
17e88813-857a-4abe-8ef7-50972e0a55ea,DKK,7540101,7540101,B00
0f0e2494-3f52-4055-bd91-50446090cca8,DKK,7540101,7540101,D07
00ee5c97-9a1e-4191-a411-3236b24ae9d6,DKK,7540202,7540202,A00
28175864-1bf7-4eb9-9bb9-db90e787bc2c,DKK,7540202,7540202,A01
db93a71a-43bb-479d-a0fa-4aa7c22ab2d9,DKK,7540202,7540202,C01
562e251c-c47a-4356-b0c4-f77d0b234cad,DKK,7540202,7540202,D01
b7341789-0cba-42c5-af75-408b1db01adf,DKK,7540204,7540204,A00
b5123b5f-a3f7-4924-81db-b17bece3e52b,DKK,7540204,7540204,A01
4a74f850-eefc-4c80-ace3-9f2ced5e14c1,DKK,7540204,7540204,C01
c3952435-4451-4904-b02a-b52049406e58,DKK,7540204,7540204,D01
71d74e55-4114-4abb-b484-799f7b213706,DKK,7810103,7810103,A00
b35b2482-f447-4e9b-b89b-267ab7f5fbc7,DKK,7810103,7810103,A01
439345fe-4ba7-4c60-a8e4-20401812aa67,DKK,7810103,7810103,C00
2edafccc-4aa4-4a2f-8064-56d26102ce40,DKK,7810103,7810103,D01
ea8f62a3-23fa-41e0-b169-d21565252b98,DKK,7340204,7340204,A00
3f61901a-79c1-4bbe-8325-d24f38a81f18,DKK,7340204,7340204,A01
d0080cfb-fc27-4da0-b8f1-eb1328e4afaa,DKK,7340204,7340204,C01
d4d41795-cab9-4571-b91e-1240bf2eaaad,DKK,7340204,7340204,D01
22777a98-6489-413c-b859-dce874dd3ecb,DKK,7460108,7460108,A00
802cb55a-e3cd-43e6-92ae-596f08da487d,DKK,7460108,7460108,A01
c753903a-37a4-4c29-a711-31120dd3c596,DKK,7460108,7460108,C01
7d2a36cf-a29d-4461-9007-b1a720bbf5df,DKK,7460108,7460108,D01
b1c37c86-3f66-4879-b6e0-6fd32474717a,DKK,7220201DKD,7220201DKD,A01
b0d9513a-39e6-492c-b869-4a2c16d91ffd,DKK,7220201DKD,7220201DKD,D01
67dee33e-ef9e-41ef-80ad-b54ccfa90187,DKK,7220201DKD,7220201DKD,D09
f2cbd3da-6953-496d-beb9-817624525539,DKK,7220201DKD,7220201DKD,D14
186cb1e8-3649-4a40-b928-e6bd394d0fe3,DKK,7220201DKK,7220201DKK,A01
3aad7995-d78a-4e1b-9455-14c3d5559be0,DKK,7220201DKK,7220201DKK,D01
974c161d-4860-435e-aaa6-9afafc8efa70,DKK,7220201DKK,7220201DKK,D09
245d63f2-6566-40a3-855c-cc0f09113291,DKK,7220201DKK,7220201DKK,D14
3748a26d-cb47-45f6-821e-8a18cfdcab6e,DKK,7340101DKD,7340101DKD,A00
6d36544c-3ea1-43bb-82f5-3c706790a0a0,DKK,7340101DKD,7340101DKD,A01
74779711-e4d6-4a83-a8c2-8fca6bad1593,DKK,7340101DKD,7340101DKD,C01
22e4271b-15f3-4b40-901c-35d7f6e2bbae,DKK,7340101DKD,7340101DKD,D01
1b81d20f-f757-4c46-a9bd-12ea67b60ab3,DKK,7340101DKK,7340101DKK,A00
b29fb758-258f-4af6-9635-1966e8e92483,DKK,7340101DKK,7340101DKK,A01
a38cff5b-30b0-4c0f-bc91-726ee453ced5,DKK,7340101DKK,7340101DKK,C01
87ba677d-ff7a-465f-8cf6-2cd126990b03,DKK,7340101DKK,7340101DKK,D01
0aa663b2-2cf9-4084-8edd-8ea5522f9d29,DKK,7340115DKD,7340115DKD,A00
6de87258-6b20-4dec-bc3f-83874dff47ee,DKK,7340115DKD,7340115DKD,A01
2edb356e-847c-4f64-8984-fb6a0bcf578c,DKK,7340115DKD,7340115DKD,C01
d48abc9d-4db7-444d-8b55-cc273f30fccf,DKK,7340115DKD,7340115DKD,D01
5a8cb942-864e-4a89-9713-a8a4712381f0,DKK,7340115DKK,7340115DKK,A00
9fa3985c-d766-4b35-878a-6117b52c7daa,DKK,7340115DKK,7340115DKK,A01
47ff965a-0205-47a1-ba34-99d07a398c7d,DKK,7340115DKK,7340115DKK,C01
da16546d-565f-4d5d-8281-35653dd84301,DKK,7340115DKK,7340115DKK,D01
28a46da0-c62f-4529-91c2-225dad8c7d17,DKK,7340121DKD,7340121DKD,A00
9b5add2d-e213-43c8-88fc-5df3a2a4bb3d,DKK,7340121DKD,7340121DKD,A01
2ff308ab-17e9-49d1-a221-f2e9d5751cf6,DKK,7340121DKD,7340121DKD,C01
c862f35e-5fa7-4773-875f-b41127e87d5e,DKK,7340121DKD,7340121DKD,D01
c803a68c-ae8c-4e18-b37f-b932e5996673,DKK,7340121DKK,7340121DKK,A00
fd27402a-9989-4e66-ab8a-fb6747618a32,DKK,7340121DKK,7340121DKK,A01
634fd3e0-11e6-42d8-8eeb-82a75fe65a30,DKK,7340121DKK,7340121DKK,C01
9f0ad81c-bb65-4c8b-94fc-feb98add9453,DKK,7340121DKK,7340121DKK,D01
7f48e247-d37f-4815-8ff9-7731325f1f62,DKK,7340201DKD,7340201DKD,A00
9ed5ef27-4384-402e-8456-0dc4e980b684,DKK,7340201DKD,7340201DKD,A01
30743e98-90fb-4877-a2d9-2d98ec78c40f,DKK,7340201DKD,7340201DKD,C01
68a0d533-9cd0-4ed8-9625-b85200393ec0,DKK,7340201DKD,7340201DKD,D01
eb620c9e-cb93-49f7-af3b-46eaa17d1e8f,DKK,7340201DKK,7340201DKK,A00
a514a1f3-4d93-4a58-adb0-babd28ed1e25,DKK,7340201DKK,7340201DKK,A01
43d920b8-2bf3-4d7d-96df-65f496df5ad9,DKK,7340201DKK,7340201DKK,C01
44a59f2f-5cea-4c5d-b828-b0d63149ef14,DKK,7340201DKK,7340201DKK,D01
e77e3d82-81c1-4b17-9926-4b512b00d0b8,DKK,7340204DKD,7340204DKD,A00
3abb3a7c-af9f-4cde-ab5e-8b7a2335ec3f,DKK,7340204DKD,7340204DKD,A01
4f997918-5c4c-41f4-8a93-3bd47ebdfbaf,DKK,7340204DKD,7340204DKD,C01
836aa6d3-3944-4f19-9116-428a5b1c528e,DKK,7340204DKD,7340204DKD,D01
90d50ea9-86e5-4078-b0f0-9246f3eabed0,DKK,7340204DKK,7340204DKK,A00
0a2970d1-db1f-4bc0-8314-0905017c2d3d,DKK,7340204DKK,7340204DKK,A01
0e959e4e-18e2-415f-a8e6-15c1f843c623,DKK,7340204DKK,7340204DKK,C01
420a15fe-9fc9-40c9-a4a7-18c3628888a7,DKK,7340204DKK,7340204DKK,D01
a876dcbd-b5e3-4ace-bc61-1bd7453b44a2,DKK,7340301DKD,7340301DKD,A00
9a5d500f-1dd0-4c48-b183-c66f3bf46c0f,DKK,7340301DKD,7340301DKD,A01
470949a5-9ae6-48ed-afa8-5cc026d0e8dd,DKK,7340301DKD,7340301DKD,C01
519a7bcc-126f-44bf-993c-c1025e074f90,DKK,7340301DKD,7340301DKD,D01
e7c1e55c-7b04-4e6b-8ac6-7fb0a61dbd21,DKK,7340301DKK,7340301DKK,A00
19eb48c8-5e91-4749-8b56-2a3dff5dec2f,DKK,7340301DKK,7340301DKK,A01
180f7635-e389-4b4e-bd94-3ed214a158ed,DKK,7340301DKK,7340301DKK,C01
1aa042e5-b4c3-455e-8471-60ec2eca63aa,DKK,7340301DKK,7340301DKK,D01
8a053439-1f17-485d-bf63-b95acac052e7,DKK,7340302DKK,7340302DKK,A00
2da6f35e-d37d-40bd-a6c8-3aa98aa91d8f,DKK,7340302DKK,7340302DKK,A01
3a24b731-4cf3-4b47-81ee-0307556e670d,DKK,7340302DKK,7340302DKK,C01
71166ae1-66fa-498a-bc12-c35b29b3fae0,DKK,7340302DKK,7340302DKK,D01
764a1366-4dae-4fb9-a789-3dcc137b433e,DKK,7460108DKD,7460108DKD,A00
7cf89880-11d4-4755-8d8f-95f298bfdce8,DKK,7460108DKD,7460108DKD,A01
08666edf-2f7b-45c8-88c6-e39e68490f51,DKK,7460108DKD,7460108DKD,C01
9af3acba-2e23-4017-9607-42e7e703ebc7,DKK,7460108DKD,7460108DKD,D01
0e5f638a-242e-4b9f-968b-6cd729864054,DKK,7460108DKK,7460108DKK,A00
1a9b6f81-8acb-4f5a-8baf-bae6e839a239,DKK,7460108DKK,7460108DKK,A01
8adbaaf9-802c-4323-a95d-d44b8b75183f,DKK,7460108DKK,7460108DKK,C01
cdbb91b9-820d-4329-bf02-c08efc701fe4,DKK,7460108DKK,7460108DKK,D01
0580c928-f74d-4f0f-ba5a-07fe3cbaf5a5,DKK,7480102DKD,7480102DKD,A00
bdaba2b0-780a-4512-ba8f-eadabbbd831c,DKK,7480102DKD,7480102DKD,A01
6b57b24c-cea8-4c90-b454-e6cc57ccb32e,DKK,7480102DKD,7480102DKD,C01
12a68729-b81c-4203-b7ea-b847e2b09b55,DKK,7480102DKD,7480102DKD,D01
ab3fc33d-7b78-4f56-8d12-ca89d0c2f5c6,DKK,7480102DKK,7480102DKK,A00
01380b29-e900-4d9a-83d1-6b0b205186f8,DKK,7480102DKK,7480102DKK,A01
aa50144a-ea34-4cd1-b5b7-edfac7796bcc,DKK,7480102DKK,7480102DKK,C01
d5e20b36-1090-4662-ae24-85d9cb8030bb,DKK,7480102DKK,7480102DKK,D01
35520020-2bda-4c75-9744-da0e8656e37c,DKK,7480108DKD,7480108DKD,A00
79a487ed-f126-4626-af83-ebae72dccb50,DKK,7480108DKD,7480108DKD,A01
3b5520a6-0f06-409d-966c-93505154ee45,DKK,7480108DKD,7480108DKD,C01
29254600-5728-4984-b98d-989a092626ed,DKK,7480108DKD,7480108DKD,D01
c463839a-c69e-4602-852c-dd3d65a2765d,DKK,7480108DKK,7480108DKK,A00
5bd8b758-125b-409d-b7bb-1139d1356646,DKK,7480108DKK,7480108DKK,A01
13f6e242-f7fb-4441-ac42-7b0fbcce6f6c,DKK,7480108DKK,7480108DKK,C01
d41c7fb9-2fa3-4ab9-bc5c-ba350c7c3414,DKK,7480108DKK,7480108DKK,D01
d89ba18a-40c4-493f-a016-47ae905467e8,DKK,7480201DKD,7480201DKD,A00
0130489c-be0b-455b-81c9-a7fa35e2951c,DKK,7480201DKD,7480201DKD,A01
69f16970-4d38-447f-a474-5d8a0b115a59,DKK,7480201DKD,7480201DKD,C01
736cb327-dc22-4579-a46c-cc23de2dc13d,DKK,7480201DKD,7480201DKD,D01
42c340ef-a56d-402e-b427-178202315466,DKK,7480201DKK,7480201DKK,A00
d71ec244-f21a-4ac2-a7b0-d7a197528e7f,DKK,7480201DKK,7480201DKK,A01
6e9a61fc-830d-4e81-a686-c3c6400bbb55,DKK,7480201DKK,7480201DKK,C01
061af4ab-4c9d-4073-9448-6eb5c88d1836,DKK,7480201DKK,7480201DKK,D01
6e3e8e36-8047-4eb3-be44-0207ba741554,DKK,7510201DKD,7510201DKD,A00
d3ee59aa-648c-46f6-961c-f932b1a064d8,DKK,7510201DKD,7510201DKD,A01
e31a3fd4-930b-42a6-bef4-b7b32a797c9d,DKK,7510201DKD,7510201DKD,C01
e529e4ae-2943-4e15-adc6-d504100c3a07,DKK,7510201DKD,7510201DKD,D01
f3f8aaa8-13b9-495a-bff2-28b16b218b7d,DKK,7510201DKK,7510201DKK,A00
a08197df-32bf-4987-a212-eb2fbc84f6f0,DKK,7510201DKK,7510201DKK,A01
81bf40af-8aee-4a93-9bb0-09e6ea01d07c,DKK,7510201DKK,7510201DKK,C01
62e1e2e0-d68c-465c-b98d-9c8de772dd90,DKK,7510201DKK,7510201DKK,D01
3d50127c-c5a4-4827-8435-8579daa483c3,DKK,7510203DKD,7510203DKD,A00
952e96dd-112f-4579-9321-07113c323f1c,DKK,7510203DKD,7510203DKD,A01
f189cc25-3e46-467a-af9a-c915bcc8a03f,DKK,7510203DKD,7510203DKD,C01
9ea1d34e-be25-401e-9002-d0f6b58c8f30,DKK,7510203DKD,7510203DKD,D01
f6a13037-1696-4915-8aae-fe6ddb3cdfc2,DKK,7510203DKK,7510203DKK,A00
1ef21551-4bf6-4c79-bb65-98063c82004d,DKK,7510203DKK,7510203DKK,A01
170db713-dbfc-4566-b8df-d63fdf3df119,DKK,7510203DKK,7510203DKK,C01
6a3a088b-4ad7-4124-bf4f-4490bdc9abab,DKK,7510203DKK,7510203DKK,D01
2b7c42aa-c3b5-4cfd-84b9-490ea8ab3dc3,DKK,7510205DKD,7510205DKD,A00
330d8e4f-49a8-46d3-b54f-d5ad8df34b8d,DKK,7510205DKD,7510205DKD,A01
265516c5-d94c-42db-bfbf-c24ea0440be9,DKK,7510205DKD,7510205DKD,C01
bc881209-9616-41d3-9ac8-54fd706e41ed,DKK,7510205DKD,7510205DKD,D01
a98b951d-b1be-4444-bb3f-3b34574a1567,DKK,7510205DKK,7510205DKK,A00
eb11bcde-f92e-4fbf-82ee-dcec89d236c9,DKK,7510205DKK,7510205DKK,A01
c69452b2-9d91-4b89-a5d6-01c4de5ee1e2,DKK,7510205DKK,7510205DKK,C01
3a316c84-9bdf-43bf-a31b-d2a0945f6a75,DKK,7510205DKK,7510205DKK,D01
ad4b4ace-f78d-4593-81e3-e19b7b7fbcd3,DKK,7510301DKD,7510301DKD,A00
8fdd89e4-90d1-4845-ab78-8888f979218d,DKK,7510301DKD,7510301DKD,A01
91536138-da4b-41a6-aea3-18f317fb7d7d,DKK,7510301DKD,7510301DKD,C01
39abeb9a-85e4-4cc9-aadd-7baf9d588dae,DKK,7510301DKD,7510301DKD,D01
ebaee36c-75e8-48ab-a022-eb45c354e496,DKK,7510301DKK,7510301DKK,A00
c0c75579-287d-4ec2-8395-1b51faa0ed4d,DKK,7510301DKK,7510301DKK,A01
1c28cf03-7906-4908-8b75-31195b2e1450,DKK,7510301DKK,7510301DKK,C01
f770d25b-30da-4ca0-b8c5-66b3310722e0,DKK,7510301DKK,7510301DKK,D01
13520955-319d-49c1-b1d7-7a3b3de99f1e,DKK,7510302DKD,7510302DKD,A00
e53468b7-2454-4a89-aeab-f6adf49d0e10,DKK,7510302DKD,7510302DKD,A01
ff90fd6f-b60d-4a6d-adc4-a4e44dcfb37e,DKK,7510302DKD,7510302DKD,C01
58e9b7d7-b6c7-41a4-b6e5-15b284b20c51,DKK,7510302DKD,7510302DKD,D01
bef50abb-807a-4a2a-bbf2-4a11db624daa,DKK,7510302DKK,7510302DKK,A00
22794eed-1ba8-4394-854b-af51f0d205c8,DKK,7510302DKK,7510302DKK,A01
4eae703b-1b48-4adb-8b4c-ecfa5e2de46a,DKK,7510302DKK,7510302DKK,C01
8892b4c5-33c8-4cd1-b985-26f67a186502,DKK,7510302DKK,7510302DKK,D01
1f7ed211-a389-4533-8b05-d2f6f8a130e3,DKK,7510303DKD,7510303DKD,A00
b843273a-b7c6-41d5-a401-dedeeb947eec,DKK,7510303DKD,7510303DKD,A01
88e612f3-b198-49f5-a484-082e708fd949,DKK,7510303DKD,7510303DKD,C01
715ad248-2f08-467d-9c68-d16e53f7accc,DKK,7510303DKD,7510303DKD,D01
aa3bd57e-b977-47b7-9f5b-cc613dfc035c,DKK,7510303DKK,7510303DKK,A00
e93d24ae-db81-442e-b7d2-d768b3d948b4,DKK,7510303DKK,7510303DKK,A01
7c6e3eff-9262-4ec8-82ed-b7fe2c5e8526,DKK,7510303DKK,7510303DKK,C01
ccf39110-a5e3-48dd-8560-3bb08a8ba355,DKK,7510303DKK,7510303DKK,D01
d744e991-b9a5-49a9-8277-17d2c6b7876e,DKK,7510605DKD,7510605DKD,A00
e809c530-3501-4dc1-83e2-de96d71c828a,DKK,7510605DKD,7510605DKD,A01
a5ceb1ae-d45f-49fe-8a25-befcf07e6479,DKK,7510605DKD,7510605DKD,C01
dd3c2daf-8be6-4bcf-864e-4be59fc52920,DKK,7510605DKD,7510605DKD,D01
f77907ad-d190-4df8-b3c8-d4ea6b3fcc6d,DKK,7510605DKK,7510605DKK,A00
6b841123-23cc-4c91-a03a-779bd4b98240,DKK,7510605DKK,7510605DKK,A01
e1dfce93-04a1-48a0-a9f2-42a2e96775d3,DKK,7510605DKK,7510605DKK,C01
a5f39e59-862d-4693-a4e1-f8a776b14ab6,DKK,7510605DKK,7510605DKK,D01
108600d6-dd5e-4b4c-b283-f1a3c8d5c5e0,DKK,7540101DKD,7540101DKD,A00
95842188-9ebd-4df7-9b37-b7ef4d02c77a,DKK,7540101DKD,7540101DKD,A01
25d1d887-60c7-4f96-995c-c7e26d970d9d,DKK,7540101DKD,7540101DKD,B00
7f3a6701-d290-40d8-a2e0-e5de529e9731,DKK,7540101DKD,7540101DKD,D07
84f92232-2f43-48d0-8c6c-f6b27d1a1050,DKK,7540101DKK,7540101DKK,A00
1b6cbf70-d30e-405d-afda-2e7385543c95,DKK,7540101DKK,7540101DKK,A01
29c77ffa-8c21-4bac-80c2-90238cdde26b,DKK,7540101DKK,7540101DKK,B00
30fea6c3-7de6-4f71-a7d8-b5346a04f41c,DKK,7540101DKK,7540101DKK,D07
c48ec841-8bd5-4c0c-b6d1-65addd2f7ac8,DKK,7540202DKD,7540202DKD,A00
e9ff3d51-47e9-4bbd-9eed-69845d545698,DKK,7540202DKD,7540202DKD,A01
82cfab1b-c9bc-4c62-baf7-f7de4a6cb31b,DKK,7540202DKD,7540202DKD,C01
a65d352d-7e09-4f55-ba95-b2c308ec1070,DKK,7540202DKD,7540202DKD,D01
d4c87d21-1a0c-44ec-9a90-a5948e5c2bab,DKK,7540202DKK,7540202DKK,A00
76f1b2e4-51d3-4a94-96de-450e3148ce86,DKK,7540202DKK,7540202DKK,A01
aa36cfa4-fe44-4e91-9ad0-fc09dcfbdabd,DKK,7540202DKK,7540202DKK,C01
34923f52-2811-4e2f-964b-600bd4aa52b9,DKK,7540202DKK,7540202DKK,D01
1cf52fa1-766a-4658-9909-7209887f8497,DKK,7540204DKD,7540204DKD,A00
41a4cdd5-c0e2-47be-a442-018d653ce3b8,DKK,7540204DKD,7540204DKD,A01
a063f5cf-d421-49dc-b3b1-fb2b404e99d1,DKK,7540204DKD,7540204DKD,C01
4a9d31b1-9261-4ee5-8c86-589753293779,DKK,7540204DKD,7540204DKD,D01
8b1fe2f8-8f79-4c83-bdb5-e3ece9cdc70b,DKK,7540204DKK,7540204DKK,A00
4d41f992-f987-42bc-8e56-2a912313076e,DKK,7540204DKK,7540204DKK,A01
ec91acc0-930f-44e6-b01c-447f8f75f8d8,DKK,7540204DKK,7540204DKK,C01
aa64ab9e-4cbe-4525-858a-3f4a845496ca,DKK,7540204DKK,7540204DKK,D01
f3ec2758-b457-415c-bbbb-ba6548cd7a2f,DKK,7810103DKD,7810103DKD,A00
f503fbae-3fd7-4018-8b9e-e29778b2f977,DKK,7810103DKD,7810103DKD,A01
09f00911-699a-4b3d-96f1-e86e9b01cf1f,DKK,7810103DKD,7810103DKD,C00
280bb264-1964-4ca2-a6e2-3f5307a69540,DKK,7810103DKD,7810103DKD,D01
24271cad-c37f-4337-b3ab-fcc9f0de96d8,DKK,7810103DKK,7810103DKK,A00
fabcfe1e-7070-4f9f-9e64-f9037dd4973c,DKK,7810103DKK,7810103DKK,A01
065c232f-1631-4dbd-bdb2-41132c15201f,DKK,7810103DKK,7810103DKK,C00
781ad8e5-e255-4993-8555-b2880568c241,DKK,7810103DKK,7810103DKK,D01
1dac5bb1-e032-459c-89d8-26f22b48b891,DKK,7810201DKK,7810201DKK,A00
b906b281-5c19-4e9c-be10-b446a02c516c,DKK,7810201DKK,7810201DKK,A01
dfbe0171-7079-4a07-a78a-0151a6112b57,DKK,7810201DKK,7810201DKK,C00
dc3ef19b-0740-4284-ac18-1224fb38c0be,DKK,7810201DKK,7810201DKK,D01
91092e20-0210-459d-82d1-ec0b4f1cb54a,DKK,7340302DKD,7340302DKD,A00
054bf58f-b75a-4ba0-9e0a-e97d00c03ca2,DKK,7340302DKD,7340302DKD,A01
b568c07b-c120-4838-91e2-709ed09ff841,DKK,7340302DKD,7340302DKD,C01
79451b4b-8388-42b7-b8f7-ae1441aca3c6,DKK,7340302DKD,7340302DKD,D01
5884a066-2312-4fba-ad1e-9f90c6b60fe9,DKK,7810103DKD,7810103DKD,C01
e53fc982-a001-4824-8a3a-4eeed79a3bbf,DKK,7810103DKK,7810103DKK,C01
a2d7d1bb-0051-437a-aa44-66ab17e09bc7,DKK,7810201DKD,7810201DKD,A00
8bc7c3a4-bd1e-4b82-9d65-4ad1f21c86a8,DKK,7810201DKD,7810201DKD,A01
31f71a8d-60a7-4bc3-ae62-49f500d56acf,DKK,7810201DKD,7810201DKD,C01
2c56658a-9ae2-4755-b84c-da01d1b15952,DKK,7810201DKD,7810201DKD,D01
3737ac30-ab45-4fab-924b-be5956447724,DKK,7810201DKK,7810201DKK,C01
be0c1f3c-253f-4a37-84b5-fde8765cf7b1,DKK,7220201DKD,7220201DKD,D07
40448a58-60ac-45c4-bb47-4bbd1a945add,DKK,7220201DKD,7220201DKD,D10
8c2e9fea-5d85-4cc0-85ff-e9929cc38482,DKK,7220201DKD,7220201DKD,D11
e77f4168-a7f0-4c07-ad2a-74f2de09f6a5,DKK,7220201DKD,7220201DKD,D15
6147857c-343b-463f-b6cd-657fe71b8950,DKK,7220201DKD,7220201DKD,X25
17114a62-d53b-4818-85c1-5b59af3a03bd,DKK,7220201DKD,7220201DKD,X26
58a2f684-a0a3-48e7-8318-d24ac8c1726a,DKK,7220201DKD,7220201DKD,X27
e70f5eb8-e602-48d0-8ee8-cb3a83832ce8,DKK,7220201DKD,7220201DKD,X78
4049e4e7-5597-4285-b708-df8e7f6e9a79,DKK,7220201DKK,7220201DKK,D07
3746220c-e836-40dc-927f-d16b602d3004,DKK,7220201DKK,7220201DKK,D10
00767882-d859-4d6f-856b-900443109d12,DKK,7220201DKK,7220201DKK,D11
d173a664-b99b-44bc-aed3-b58d41025540,DKK,7220201DKK,7220201DKK,D15
4063d095-c555-4677-ab29-b8c7bad61891,DKK,7220201DKK,7220201DKK,X25
9e234680-f2cc-4c1f-bf16-666e26d21823,DKK,7220201DKK,7220201DKK,X26
9df26bb1-1235-4a91-b973-4e739feedc55,DKK,7220201DKK,7220201DKK,X27
001d5414-801e-4f1c-8c80-e00514bfb3ee,DKK,7220201DKK,7220201DKK,X78
1dafef85-6c42-4a72-8e44-4975c40c0a94,DKK,7340101DKD,7340101DKD,A03
80cfe1e8-9f57-424f-9c2a-9b6f98fc05e7,DKK,7340101DKD,7340101DKD,A04
55bd8f7a-c89f-43a9-b16c-64631c839aa5,DKK,7340101DKD,7340101DKD,C03
01c6941e-4e88-4635-b3b5-e84c6b4fb91c,DKK,7340101DKD,7340101DKD,C04
144e53ce-2ae8-4375-a0cd-5c9723f6d122,DKK,7340101DKD,7340101DKD,D07
aed37ec3-c1b0-409c-a27c-5f08df3f1eea,DKK,7340101DKD,7340101DKD,D09
c0d194df-ab1f-4492-ba64-69fe6646d5a2,DKK,7340101DKD,7340101DKD,D10
753355ab-85b3-45ba-9437-1c596df0cac5,DKK,7340101DKD,7340101DKD,X01
42ced4db-a272-48ea-8116-93b4db577b61,DKK,7340101DKD,7340101DKD,X02
48d5ac64-d1e6-43d9-b44d-6d6e35b11b65,DKK,7340101DKD,7340101DKD,X03
6948d4fa-6aa6-42e2-8396-c890d24a5688,DKK,7340101DKD,7340101DKD,X05
623e581b-7871-4901-97a1-f797a94a2374,DKK,7340101DKD,7340101DKD,X06
8a5d8ea8-8127-47e7-a6bf-ccd2772061a4,DKK,7340101DKD,7340101DKD,X07
62301e60-9242-4ff3-b06d-ba3f34116eda,DKK,7340101DKD,7340101DKD,X25
766544ac-8b84-4a55-bde2-f453b550e731,DKK,7340101DKD,7340101DKD,X26
ea1923ac-5efd-4ff2-87a8-c8848b9dfac9,DKK,7340101DKD,7340101DKD,X27
4d7dfe48-6fa6-4301-b527-28ae9cad958a,DKK,7340101DKK,7340101DKK,A03
3b4b5783-e3a5-4d10-a9e9-a6cf558366da,DKK,7340101DKK,7340101DKK,A04
b0f613b2-755c-43b2-b718-90d0db82d7a8,DKK,7340101DKK,7340101DKK,C03
93985f59-a51b-40e0-8d3e-2d8b2d61d049,DKK,7340101DKK,7340101DKK,C04
6660c333-df86-44b4-ab73-9673e07b81b4,DKK,7340101DKK,7340101DKK,D07
3c9b5f8b-921a-4e7e-9224-448e1d07272c,DKK,7340101DKK,7340101DKK,D09
72bca876-23f5-4ca7-976f-47f3e7b3eb00,DKK,7340101DKK,7340101DKK,D10
61078a4d-1b0d-4db9-a104-d85b382f58c1,DKK,7340101DKK,7340101DKK,X01
afbdb48e-5d1e-4cbf-a964-a2f32dabef81,DKK,7340101DKK,7340101DKK,X02
e5fd71ee-360d-46e5-ad12-3685c3ff393c,DKK,7340101DKK,7340101DKK,X03
e702228e-7aa9-41de-badf-b77ea643f346,DKK,7340101DKK,7340101DKK,X05
1f84628b-84d9-4dde-88ea-9b161bb64d74,DKK,7340101DKK,7340101DKK,X06
a6ff1414-bb60-4236-94ef-d3e11353473f,DKK,7340101DKK,7340101DKK,X07
439cf525-f9e5-4a8d-9b79-9e749cb37a0c,DKK,7340101DKK,7340101DKK,X25
f0529d15-a833-47bf-ae33-e03c9fff925d,DKK,7340101DKK,7340101DKK,X26
0cc4cb38-3213-486b-ba07-aa100a57dc82,DKK,7340101DKK,7340101DKK,X27
5ab489b0-ce6c-44b3-8c33-077a4a90ee27,DKK,7340115DKD,7340115DKD,A03
07fa9dcc-7992-4814-ab88-09b04755aea7,DKK,7340115DKD,7340115DKD,A04
6ae604ee-b034-4abd-ab80-ae2206260731,DKK,7340115DKD,7340115DKD,C03
9adccc46-d363-428f-9480-04a6582fbcfa,DKK,7340115DKD,7340115DKD,C04
05b01169-f43c-46e6-a3a0-1709105381c4,DKK,7340115DKD,7340115DKD,D07
cf9b9c22-2444-481e-831e-e50f6a745c80,DKK,7340115DKD,7340115DKD,D09
24c5b402-5e88-4926-93d2-35fc7bf08523,DKK,7340115DKD,7340115DKD,D10
e618ad2b-3008-4683-9b2a-8e6da481e8d0,DKK,7340115DKD,7340115DKD,X01
0232379b-9e03-41ad-a4d9-a3b25b1b9717,DKK,7340115DKD,7340115DKD,X02
cce9a464-a017-41ad-ac57-711e68b7f9d4,DKK,7340115DKD,7340115DKD,X03
934cfcda-83e0-4d90-ad5d-1e349237b05e,DKK,7340115DKD,7340115DKD,X05
a85adbbe-5400-47cc-9b51-3598c20c9fb8,DKK,7340115DKD,7340115DKD,X06
47ea768c-c5ff-45e3-8cb2-65043de4a406,DKK,7340115DKD,7340115DKD,X07
85d8c77f-adbb-4b5e-8050-02cbf32afc49,DKK,7340115DKD,7340115DKD,X25
7cf57ad9-174c-40e0-a7c0-f54dc23082eb,DKK,7340115DKD,7340115DKD,X26
454b2a6a-1dc7-4f34-a3ed-b225f3231acf,DKK,7340115DKD,7340115DKD,X27
57c7e286-2585-4961-8dae-c29fa0eeffb6,DKK,7340115DKK,7340115DKK,A03
5d719a7b-6389-418d-a82b-d473ccf49921,DKK,7340115DKK,7340115DKK,A04
01064afe-4946-458f-b1d3-3c66b81f3eed,DKK,7340115DKK,7340115DKK,C03
d204a3f3-777a-4a8d-be73-01007d501e7e,DKK,7340115DKK,7340115DKK,C04
83e6cd9f-4a87-409a-b7fd-fca7eee4b29e,DKK,7340115DKK,7340115DKK,D07
97012e05-475f-481b-b2ef-9afe7a17cae7,DKK,7340115DKK,7340115DKK,D09
b5b5e3f9-c5c2-44cf-b75f-868ff29ce683,DKK,7340115DKK,7340115DKK,D10
b6cf7072-b610-4fa0-ab98-6726a86c3b5d,DKK,7340115DKK,7340115DKK,X01
e7ddfefd-2c73-4a15-99e2-717d3d2b86a3,DKK,7340115DKK,7340115DKK,X02
317e2caa-02c8-4db4-b2b7-8d966e87f81b,DKK,7340115DKK,7340115DKK,X03
5c28da84-eb76-4766-9a4b-31fe7bed6a77,DKK,7340115DKK,7340115DKK,X05
6811d6eb-0cab-4714-80fe-9b77091c61a1,DKK,7340115DKK,7340115DKK,X06
8171dc0b-967c-495f-b8cd-955ca6fdfcef,DKK,7340115DKK,7340115DKK,X07
c416a6a1-6c72-464b-8b0f-57506e691b8f,DKK,7340115DKK,7340115DKK,X25
1fdf1485-8696-4e82-bfbe-0729bf2e6536,DKK,7340115DKK,7340115DKK,X26
afac941d-37bd-44bd-89d4-3632477988b3,DKK,7340115DKK,7340115DKK,X27
9f8ad3c0-a448-4ac9-8e96-d913314e821c,DKK,7340121DKD,7340121DKD,A03
221caf75-b1ee-49e3-bfe1-70434eafab89,DKK,7340121DKD,7340121DKD,A04
95a24814-61f7-432f-92ac-91d95ce2c813,DKK,7340121DKD,7340121DKD,C03
dd6578b4-2e91-4c6d-b34f-72acc94f9ec5,DKK,7340121DKD,7340121DKD,C04
c729d790-c4c3-4690-9ed1-0fcd698a7a15,DKK,7340121DKD,7340121DKD,D07
a776c914-8cf5-47ab-b3ee-6dc60ab1b5e0,DKK,7340121DKD,7340121DKD,D09
45ac3f67-84bd-4c92-b418-c88b7a98b1ec,DKK,7340121DKD,7340121DKD,D10
a84f5e30-2fb2-44f2-8ccc-a5d6a9cefa9c,DKK,7340121DKD,7340121DKD,X01
b05b6620-0cc1-4db1-9a69-fbc2e533c8af,DKK,7340121DKD,7340121DKD,X02
c7e27b99-78ba-4f1a-b59f-37d893591c3a,DKK,7340121DKD,7340121DKD,X03
80dfad5c-b53b-4077-a68b-552bfc3908b2,DKK,7340121DKD,7340121DKD,X05
c4bbfb06-bc22-4304-8b5d-ea8f6a733e20,DKK,7340121DKD,7340121DKD,X06
c7b00b6b-9e1f-4a6c-b3a4-b1c2b72ca1c8,DKK,7340121DKD,7340121DKD,X07
682bae39-a2d2-44b1-bac7-009b68512047,DKK,7340121DKD,7340121DKD,X25
2dfbda9b-bdc0-4db0-b298-9706d282766b,DKK,7340121DKD,7340121DKD,X26
2bdafdff-2686-4caa-89ab-a0c573823c73,DKK,7340121DKD,7340121DKD,X27
8a9fa8b1-6d84-4952-8900-7e955994d4e7,DKK,7340121DKK,7340121DKK,A03
e6f2502a-defe-40d2-84a9-e12a5c25f4f1,DKK,7340121DKK,7340121DKK,A04
1e9f6c9a-c6ee-4e93-a8ab-1708676d24f6,DKK,7340121DKK,7340121DKK,C03
4751972b-f213-4b66-a19d-732c4bac84ab,DKK,7340121DKK,7340121DKK,C04
358b6c0d-de6d-4eae-81ba-1c61177b6423,DKK,7340121DKK,7340121DKK,D07
5b4854c3-ef64-4871-bf5a-337876a6d293,DKK,7340121DKK,7340121DKK,D09
6ee579c2-eef9-41de-8de7-4dbbb6eecb5a,DKK,7340121DKK,7340121DKK,D10
85690847-fb28-4659-977b-07687be87b6f,DKK,7340121DKK,7340121DKK,X01
423bd990-90b6-47ee-abc4-d3fe2f3fa700,DKK,7340121DKK,7340121DKK,X02
07ab136a-1ce6-4bac-9a29-05b9a86af1f0,DKK,7340121DKK,7340121DKK,X03
a4706ec6-0d1d-466c-871f-1f84ec9aa5db,DKK,7340121DKK,7340121DKK,X05
41a2c7a5-d988-4196-88c1-b8a4a702a0d5,DKK,7340121DKK,7340121DKK,X06
c1e0820e-8864-4f51-995d-aae9f02c5992,DKK,7340121DKK,7340121DKK,X07
c9a70908-ffa3-4f79-bb5c-8a6fa15e63f5,DKK,7340121DKK,7340121DKK,X25
f68b2829-8ef9-42ed-9e2d-7fac70706071,DKK,7340121DKK,7340121DKK,X26
35d9e68b-2407-409a-878b-aa940aadce24,DKK,7340121DKK,7340121DKK,X27
a3201e3c-c789-46c1-87a0-e421221f184d,DKK,7340201DKD,7340201DKD,A03
907ff2f8-da33-424a-9e73-610a5f7cc8c0,DKK,7340201DKD,7340201DKD,A04
3305be01-65b5-4a9d-be35-09c702d8020e,DKK,7340201DKD,7340201DKD,C03
0a6677ef-2943-4a8a-905c-09ad284a399e,DKK,7340201DKD,7340201DKD,C04
5cd7af4a-6bd8-4c02-bd74-b5e29e928b52,DKK,7340201DKD,7340201DKD,D07
62868dc0-c5a9-43ce-abd7-604d40ed7230,DKK,7340201DKD,7340201DKD,D09
4a8ce2b4-d7ec-4a06-848a-da702ada3f57,DKK,7340201DKD,7340201DKD,D10
46f9b658-e47c-477a-a9f9-e17b403e8f3e,DKK,7340201DKD,7340201DKD,X01
017afa8a-169c-48d8-a662-3533e484560c,DKK,7340201DKD,7340201DKD,X02
96e03a39-5a00-4421-a3f4-7914bce7b8fd,DKK,7340201DKD,7340201DKD,X03
540f14b5-7003-4cbc-8cec-396a41d403c4,DKK,7340201DKD,7340201DKD,X05
da70cbb3-e143-4119-b561-707dafc139da,DKK,7340201DKD,7340201DKD,X06
7860c3a8-1faf-419a-841f-ee32bac5f3eb,DKK,7340201DKD,7340201DKD,X07
ea8c4e9d-b4f1-47f6-ace1-815080dec796,DKK,7340201DKD,7340201DKD,X25
f3bc74db-ea4a-460a-9827-c6be07b4e8b7,DKK,7340201DKD,7340201DKD,X26
434336af-5618-47f1-a745-44fc46b820a6,DKK,7340201DKD,7340201DKD,X27
9f54d527-6a35-4b5c-94ee-dff6abf1cd38,DKK,7340201DKK,7340201DKK,A03
2ef73251-9288-47ea-a8e4-1d68c6f93791,DKK,7340201DKK,7340201DKK,A04
9c39d1d7-fba2-4697-9997-360bf73e0e28,DKK,7340201DKK,7340201DKK,C03
fb76efac-b7e5-4143-99c3-0d15817f62d9,DKK,7340201DKK,7340201DKK,C04
4755c9a5-e6b0-4c24-aeb0-28c8b3288803,DKK,7340201DKK,7340201DKK,D07
1addb9ac-c393-4070-8cea-c79a07f3a647,DKK,7340201DKK,7340201DKK,D09
beed24a2-edc4-4e60-8901-92a08ff5a15d,DKK,7340201DKK,7340201DKK,D10
80a8de67-51a0-476b-a3ff-91693f20d011,DKK,7340201DKK,7340201DKK,X01
5c6e5588-d13a-42a0-8176-4ffe5bca85f2,DKK,7340201DKK,7340201DKK,X02
ed9fc47d-b0ba-4f52-a44a-f09342a078c3,DKK,7340201DKK,7340201DKK,X03
9e5094d1-1693-4675-9a4d-c36ecb4e8cf8,DKK,7340201DKK,7340201DKK,X05
39da2209-8692-43d8-b9cd-00b757303df4,DKK,7340201DKK,7340201DKK,X06
931af4f3-7767-447c-bbb2-c68b9c8c0ad2,DKK,7340201DKK,7340201DKK,X07
35b784cf-334d-47e6-8cd0-4fa642df94a9,DKK,7340201DKK,7340201DKK,X25
39f5cc40-ab61-45ec-b14f-6adc7f9f2049,DKK,7340201DKK,7340201DKK,X26
32eb43fa-515a-4186-a9e4-9a28273f36cc,DKK,7340201DKK,7340201DKK,X27
4bf702e4-0f1d-44b5-b9d6-b7c91375bb7a,DKK,7340204DKD,7340204DKD,A03
d11f0ca5-3beb-4e50-84dd-09050ebaf10d,DKK,7340204DKD,7340204DKD,A04
e7647f31-6874-4a46-891e-02f460e7315a,DKK,7340204DKD,7340204DKD,C03
9d375b80-7e5d-494d-a135-430053b2ee58,DKK,7340204DKD,7340204DKD,C04
d9718a8b-7846-417f-a534-72d84b4cf24e,DKK,7340204DKD,7340204DKD,D07
96f0394a-e985-4dc3-bb3f-9a8f68941682,DKK,7340204DKD,7340204DKD,D09
e9ad15b6-dae0-4c68-ab41-d6363672caeb,DKK,7340204DKD,7340204DKD,D10
a9f389d9-31d8-4baa-9ff8-57486e03ffff,DKK,7340204DKD,7340204DKD,X01
05d2dec9-98cc-452d-b217-7210c409092b,DKK,7340204DKD,7340204DKD,X02
42ea6abb-7198-45b4-b998-0542fcdec802,DKK,7340204DKD,7340204DKD,X03
d963ba48-0e2f-47a3-82ea-4fabc2cfed26,DKK,7340204DKD,7340204DKD,X05
4dde5989-e5bc-4445-8134-5af2d4625856,DKK,7340204DKD,7340204DKD,X06
adea09ce-7c02-4dfb-8949-e29ea160e8a9,DKK,7340204DKD,7340204DKD,X07
b6db454d-f231-4561-bc55-f3526546937d,DKK,7340204DKD,7340204DKD,X25
63447e97-0c3d-47bb-ad75-a58087610958,DKK,7340204DKD,7340204DKD,X26
41c2e3e9-43f3-49bd-9f15-3b11cafa9716,DKK,7340204DKD,7340204DKD,X27
851ecbc5-6aae-4b7a-a1ce-4952f96fba68,DKK,7340204DKK,7340204DKK,A03
5b6c6d5f-09ed-4e3e-babf-e90a14a8b1a4,DKK,7340204DKK,7340204DKK,A04
abc6e391-d384-46b5-a241-5650ecec0663,DKK,7340204DKK,7340204DKK,C03
a4598960-cd36-4b03-9ff0-094d49160aa7,DKK,7340204DKK,7340204DKK,C04
32d2a82b-914f-4b22-9ee0-32fe02964b37,DKK,7340204DKK,7340204DKK,D07
db0b4c90-6829-49c8-a6d0-cafd8a41f026,DKK,7340204DKK,7340204DKK,D09
5654c216-7bc6-4e58-a817-728480c8a9d6,DKK,7340204DKK,7340204DKK,D10
464da8aa-0c4c-40be-9834-b1f62178f8f7,DKK,7340204DKK,7340204DKK,X01
2082a5ed-4f65-425c-9f61-87d7b80e4c52,DKK,7340204DKK,7340204DKK,X02
5dbc213f-151a-437b-a2b5-54215a9a1ceb,DKK,7340204DKK,7340204DKK,X03
09ab2663-29a8-457e-8839-7c4f08f7dace,DKK,7340204DKK,7340204DKK,X05
f082d129-456d-4a69-958f-b5eaa2b940c4,DKK,7340204DKK,7340204DKK,X06
47124b60-19a4-45e9-96d4-d24e4c057e97,DKK,7340204DKK,7340204DKK,X07
47776d33-6c78-4621-94e3-bb99a2921275,DKK,7340204DKK,7340204DKK,X25
f61520b7-c2db-4055-aada-5715931b3a42,DKK,7340204DKK,7340204DKK,X26
d7455e53-9dcb-4a36-bf72-8976c905d84a,DKK,7340204DKK,7340204DKK,X27
9657515a-cb34-4025-abbe-bbd999f07a7f,DKK,7340301DKD,7340301DKD,A03
f9634aab-392b-407f-960f-469c943da211,DKK,7340301DKD,7340301DKD,A04
029bc6a9-42a5-49ad-b115-072d7afea93d,DKK,7340301DKD,7340301DKD,C03
0ae069e9-0597-4423-afce-6a8dc7e04f7b,DKK,7340301DKD,7340301DKD,C04
f170742b-d1ab-434c-b52f-efeec30da200,DKK,7340301DKD,7340301DKD,D07
8627b8f6-da14-4369-b314-56cd2552da64,DKK,7340301DKD,7340301DKD,D09
b796c8a6-83a0-4658-bc5a-596e188e97f8,DKK,7340301DKD,7340301DKD,D10
1315b19f-27aa-459d-8768-fab4bec69207,DKK,7340301DKD,7340301DKD,X01
a07f9d06-b2a0-4350-a4f4-53cde3e4c7d6,DKK,7340301DKD,7340301DKD,X02
ce901c4b-4aa3-42a4-a87f-d69a1cde4587,DKK,7340301DKD,7340301DKD,X03
94551ac2-c7be-4384-8bb4-c40159b03665,DKK,7340301DKD,7340301DKD,X05
77c4710d-19a4-4f45-8a3d-3450441bdf8d,DKK,7340301DKD,7340301DKD,X06
5c673083-ff2f-4b1a-bc73-f99b6cef7bf5,DKK,7340301DKD,7340301DKD,X07
e86ce63d-dd44-4a6b-97b6-173e90475660,DKK,7340301DKD,7340301DKD,X25
8980c048-714d-4bec-8b95-cb0ebd293d16,DKK,7340301DKD,7340301DKD,X26
74028098-42f4-46ac-944d-8b9c4d6220ab,DKK,7340301DKD,7340301DKD,X27
b1cb16de-ea63-4b6a-be3f-14ac571a6d78,DKK,7340301DKK,7340301DKK,A03
065c033a-1eed-4723-97b5-5dd127aa23a7,DKK,7340301DKK,7340301DKK,A04
42c8c63c-be84-4919-927d-121a2f37b29b,DKK,7340301DKK,7340301DKK,C03
01ac04d1-7a3c-4c0f-ae0b-04aff8965d46,DKK,7340301DKK,7340301DKK,C04
81c79c4c-ef96-4e41-8756-53c2d429d244,DKK,7340301DKK,7340301DKK,D07
d3d5d125-f2f1-4713-913f-60ec2ea529fd,DKK,7340301DKK,7340301DKK,D09
7cb93f2b-9708-49fa-bec9-e16cebc217b8,DKK,7340301DKK,7340301DKK,D10
482111d8-fb55-4b4c-8518-6182da6ea043,DKK,7340301DKK,7340301DKK,X01
1962beeb-79c6-4d43-8b7b-3a2d1ddebc95,DKK,7340301DKK,7340301DKK,X02
91a00880-12ed-4b61-90c0-184e77e1a462,DKK,7340301DKK,7340301DKK,X03
b47c39ea-ebe2-4676-963b-b967c33245a6,DKK,7340301DKK,7340301DKK,X05
8a1bab9c-93fc-4809-8707-ecdef5a40ca6,DKK,7340301DKK,7340301DKK,X06
d66f621c-ff80-4c29-8ce1-15f1f4f0f237,DKK,7340301DKK,7340301DKK,X07
2cd08f7c-f578-475c-82f8-d9cb8c4837e2,DKK,7340301DKK,7340301DKK,X25
b5bed14e-5db5-4ae6-a740-2908cc0ec45e,DKK,7340301DKK,7340301DKK,X26
c9bb992e-cfb8-497a-9be1-b65acdde91d3,DKK,7340301DKK,7340301DKK,X27
fee6da08-deb9-408d-8b24-e788ae0dfab1,DKK,7340302DKD,7340302DKD,A03
d2b6ca2c-0504-47de-82e8-8531e16b357b,DKK,7340302DKD,7340302DKD,A04
7cb0492c-fd37-4fdf-a907-749770d17a87,DKK,7340302DKD,7340302DKD,C03
ba55425d-6fd7-4c26-a999-ee23949b326f,DKK,7340302DKD,7340302DKD,C04
4abc9c41-9170-4264-94a5-d986ef25df96,DKK,7340302DKD,7340302DKD,D07
4eb7860d-da92-4542-b7b4-d7d8a188ba40,DKK,7340302DKD,7340302DKD,D09
4a13f175-7053-4cc2-8371-c0e43082ed6b,DKK,7340302DKD,7340302DKD,D10
57af9eb5-cf54-4b99-9785-b5e69c9ae354,DKK,7340302DKD,7340302DKD,X01
43c51552-67b9-4287-b870-5e3cda3b6337,DKK,7340302DKD,7340302DKD,X02
fb3ba168-4f41-404f-a698-f48bf25958ac,DKK,7340302DKD,7340302DKD,X03
a67fb053-2f7a-4d8c-aee6-7d1eade85536,DKK,7340302DKD,7340302DKD,X05
52676559-a4aa-4a2b-b5a6-e8711de3afc6,DKK,7340302DKD,7340302DKD,X06
595507bb-44b1-4035-9903-12a07c89c02e,DKK,7340302DKD,7340302DKD,X07
34c3ab0c-0295-46fb-b7c3-dafe5e1ba34e,DKK,7340302DKD,7340302DKD,X25
d238f55b-ee96-477a-9759-23813cd5196c,DKK,7340302DKD,7340302DKD,X26
38cb0058-eafa-47d7-be12-9f6b6fe9d2db,DKK,7340302DKD,7340302DKD,X27
c8f07c3b-ce4c-4c93-aa0d-bc6268d20e9f,DKK,7340302DKK,7340302DKK,A03
56289170-5ae0-4b6a-a1ea-cc473d1a2bc6,DKK,7340302DKK,7340302DKK,A04
8e64d402-ee3f-49ff-a503-84a69a6e4c1d,DKK,7340302DKK,7340302DKK,C03
3e2d713e-4f08-497d-9eaa-79468b7bce6f,DKK,7340302DKK,7340302DKK,C04
5b4a4029-1648-422e-b012-0bef9b037e3f,DKK,7340302DKK,7340302DKK,D07
966a8820-b7d2-4b89-8aa8-96c664878232,DKK,7340302DKK,7340302DKK,D09
28608404-b1fe-47a1-9007-7d915edb9e95,DKK,7340302DKK,7340302DKK,D10
f1ac5f23-5c4e-4b9d-b59d-4d409345f630,DKK,7340302DKK,7340302DKK,X01
7770e599-b15a-4c00-9dcf-eca9c3221a37,DKK,7340302DKK,7340302DKK,X02
76c8c53d-01a7-4fe2-a94d-3b17cdb84bf8,DKK,7340302DKK,7340302DKK,X03
69d28036-6f40-42e2-9a26-1def000a852d,DKK,7340302DKK,7340302DKK,X05
cf350baf-224f-4848-949b-0acdcb9f1843,DKK,7340302DKK,7340302DKK,X06
91f924ff-8c90-490a-816c-5bff38f2d4ad,DKK,7340302DKK,7340302DKK,X07
8375fe6d-6c0b-49e8-9554-f11527c994a3,DKK,7340302DKK,7340302DKK,X25
38e6b0ab-d808-4a2c-8ea4-4c504cb62a3e,DKK,7340302DKK,7340302DKK,X26
be02c9d3-6a52-4504-be28-a2d5908b8fe9,DKK,7340302DKK,7340302DKK,X27
563bd97a-982e-4c93-a26a-1d28eaf1a2fd,DKK,7460108DKD,7460108DKD,A02
d2b9b360-f327-41f6-aa2e-8bf869c3a3ac,DKK,7460108DKD,7460108DKD,A03
8320d016-ece3-4a42-8630-f6ec24cff793,DKK,7460108DKD,7460108DKD,B00
ebf890fe-e9f5-4fe7-9438-e91c28d83d89,DKK,7460108DKD,7460108DKD,C02
343ebdd1-7f17-4460-b9b2-d7ac4dd16014,DKK,7460108DKD,7460108DKD,D07
2e87e028-e927-493b-8dee-6278707126d6,DKK,7460108DKD,7460108DKD,X02
2aacde29-1c49-47a8-b12e-51be77863120,DKK,7460108DKD,7460108DKD,X03
5c23d985-87ae-40e9-87a3-3e909c4dd283,DKK,7460108DKD,7460108DKD,X05
6826dae8-dc80-4e7a-9fdb-dffd49e13988,DKK,7460108DKD,7460108DKD,X06
8d6eef23-446e-4b25-ae13-582a84dcd764,DKK,7460108DKD,7460108DKD,X07
cb03467c-e71b-49bc-ab86-1169e910af2f,DKK,7460108DKD,7460108DKD,X10
27ffbf03-b2a8-4c3c-8fdc-7b5bbb500790,DKK,7460108DKD,7460108DKD,X11
2b23f7f2-f99b-415f-b3c2-63d71f1bda45,DKK,7460108DKD,7460108DKD,X14
8d8cd5b4-8a17-41d0-9a5c-a99bb018daf8,DKK,7460108DKD,7460108DKD,X15
8308931b-31c1-4c01-80a8-c3b05df05c63,DKK,7460108DKD,7460108DKD,X26
c8a8abcc-d6a2-4e06-9894-39026776ac52,DKK,7460108DKD,7460108DKD,X27
0745b987-b804-4d6d-b686-8d6cfb330c1d,DKK,7460108DKD,7460108DKD,X56
940a18ad-4de8-45bb-b4c7-d8d46cb79351,DKK,7460108DKK,7460108DKK,A02
45f82ac2-2f04-4306-bce4-3d783945974b,DKK,7460108DKK,7460108DKK,A03
72f5c38b-e0a5-4e34-9e3d-1accbeba0800,DKK,7460108DKK,7460108DKK,B00
8a5f1ae2-45cc-41a2-baa7-d2b07d518d6c,DKK,7460108DKK,7460108DKK,C02
829bfb0a-e82e-451f-a86a-28dbfe554939,DKK,7460108DKK,7460108DKK,D07
4942d1ed-21e9-42ac-8abb-4c4fc994ace6,DKK,7460108DKK,7460108DKK,X02
2087ae98-606a-4c31-a2c7-64f23d4059c1,DKK,7460108DKK,7460108DKK,X03
d43b76a2-ba85-4a8d-b11c-4b81de5fc901,DKK,7460108DKK,7460108DKK,X05
e74d04ca-1a88-4e2b-ab73-46dd22cb17fe,DKK,7460108DKK,7460108DKK,X06
f93d0291-b2e5-471c-9ed0-67ed32b7cd6b,DKK,7460108DKK,7460108DKK,X07
2ee024e1-60af-4dea-918f-b4946c3f1354,DKK,7460108DKK,7460108DKK,X10
78c3d5f8-dd08-4cb0-94b6-2445cda6efae,DKK,7460108DKK,7460108DKK,X11
382af4bf-a954-45e5-ac3e-961543f9e5e8,DKK,7460108DKK,7460108DKK,X14
3a2c63cb-38ad-4348-ae77-3d34f14826dd,DKK,7460108DKK,7460108DKK,X15
ed7f1097-b254-4c31-bd5d-a6e28ba7edc3,DKK,7460108DKK,7460108DKK,X26
5b9e565c-25a0-4f6f-bc34-26c19e4360db,DKK,7460108DKK,7460108DKK,X27
11c9e5fa-2112-4a97-b2fa-d643b2c68ce7,DKK,7460108DKK,7460108DKK,X56
cfa089ff-8534-4373-9c35-ccdd4053d6bd,DKK,7480102DKD,7480102DKD,A02
1b032ce3-4699-4e04-bea6-7f6441d60f40,DKK,7480102DKD,7480102DKD,A03
b6bb7770-ad16-439c-a567-012d82909841,DKK,7480102DKD,7480102DKD,B00
fdccbe5a-8741-4e36-9c6a-0de0f913a2dd,DKK,7480102DKD,7480102DKD,C02
21d07c02-2d5d-4ea6-8ed1-c5566f3556ad,DKK,7480102DKD,7480102DKD,D07
b4395fff-a7e5-4807-ade4-01f8614937d7,DKK,7480102DKD,7480102DKD,X02
93b78304-55b8-4a2d-a77a-c8d2fcb45d9d,DKK,7480102DKD,7480102DKD,X03
23ba0855-64ca-421e-8959-b46777233ca8,DKK,7480102DKD,7480102DKD,X05
3897735c-f472-47ac-8d46-35c93ea17604,DKK,7480102DKD,7480102DKD,X06
49640f06-58e4-4b9f-a6f4-f0dcb4b49361,DKK,7480102DKD,7480102DKD,X07
5b2262ce-8355-446c-bc64-82e1d4804621,DKK,7480102DKD,7480102DKD,X10
15c38bae-5003-4592-9f5a-5bf0875557ec,DKK,7480102DKD,7480102DKD,X11
9a93a3cb-21c0-4e5b-b205-1c6d4c490eb9,DKK,7480102DKD,7480102DKD,X14
1c5c4b7e-790d-4100-aa9f-874a6c9fe29c,DKK,7480102DKD,7480102DKD,X15
04d11845-41d4-4522-8950-92fdb1ccc19c,DKK,7480102DKD,7480102DKD,X26
e61a3b5b-281c-4b34-a1e2-274d8dd6860b,DKK,7480102DKD,7480102DKD,X27
59453acd-4c06-42b9-84fa-4ed75c4eb828,DKK,7480102DKD,7480102DKD,X56
eaa2ecf9-2d9e-43b4-8252-7c1098033210,DKK,7480102DKK,7480102DKK,A02
e6da7c69-5cbe-4d35-bf11-6012c95ee606,DKK,7480102DKK,7480102DKK,A03
b30e7672-7ac7-459c-940a-fe20c220ca6e,DKK,7480102DKK,7480102DKK,B00
50b06cdf-c0bd-44af-8022-a9876cef4aa8,DKK,7480102DKK,7480102DKK,C02
3e0e4923-7ecb-49ae-8e67-7dce17fecb35,DKK,7480102DKK,7480102DKK,D07
f3fcbcfb-1f4e-40a1-92a1-1feacef4a47f,DKK,7480102DKK,7480102DKK,X02
f6236438-d284-4151-b7fc-b4c6acb21079,DKK,7480102DKK,7480102DKK,X03
bb3fd19c-6b55-4188-b427-c8eb72579c73,DKK,7480102DKK,7480102DKK,X05
7bdc9bb6-da00-4ea4-8d89-ca5aaad56dd7,DKK,7480102DKK,7480102DKK,X06
d717b373-ac8a-4306-973e-e4ae2e9fcb2c,DKK,7480102DKK,7480102DKK,X07
1390b7b7-a73e-4c25-b26b-020704049a79,DKK,7480102DKK,7480102DKK,X10
0e5c3b62-5217-4b2e-8b28-a114059590a5,DKK,7480102DKK,7480102DKK,X11
91fd1a26-2021-4677-b446-ff4b260a9c43,DKK,7480102DKK,7480102DKK,X14
585cc5ef-f412-48a7-9cfd-5b4b7ea2deff,DKK,7480102DKK,7480102DKK,X15
3635d6fc-7550-41cd-a8be-17f5261971ee,DKK,7480102DKK,7480102DKK,X26
3cf8aaa1-ad43-47e6-a679-ebbc574c3993,DKK,7480102DKK,7480102DKK,X27
c2d182c5-2d82-40b7-a42e-d935c1e90408,DKK,7480102DKK,7480102DKK,X56
771fc2e5-bea2-4058-91a8-77bdda6b8632,DKK,7480108DKD,7480108DKD,A02
4f60e87e-a82a-4c63-a8c2-b08c033aa31c,DKK,7480108DKD,7480108DKD,A03
4c3e8141-ec92-41e3-bec3-086c18475ef9,DKK,7480108DKD,7480108DKD,B00
ce381eeb-1c4b-4dcc-b802-6e0f061c2a7a,DKK,7480108DKD,7480108DKD,C02
a9d4c4de-b5ce-4ecb-8a19-4ab2403726af,DKK,7480108DKD,7480108DKD,D07
a80a8da5-f406-433e-af21-c9a222a8e13a,DKK,7480108DKD,7480108DKD,X02
147a1881-3616-407a-83cc-fc7c045f5056,DKK,7480108DKD,7480108DKD,X03
b836c11d-45dc-4857-b264-678745b2a902,DKK,7480108DKD,7480108DKD,X05
30404766-260c-4668-85dd-99dc782eb5c2,DKK,7480108DKD,7480108DKD,X06
29158320-25cc-4fb5-976e-004eebe45be6,DKK,7480108DKD,7480108DKD,X07
dfe1139a-ded1-42a9-a029-9608e6f6808d,DKK,7480108DKD,7480108DKD,X10
6804d515-a84f-4f4b-9bd9-1fd14d851d55,DKK,7480108DKD,7480108DKD,X11
d94ba7b8-9488-46d6-8559-a024cbcfc502,DKK,7480108DKD,7480108DKD,X14
9e4fa1ec-a76d-4c3e-9913-e868b0a7ca12,DKK,7480108DKD,7480108DKD,X15
fd4834b7-2161-4524-8248-72d59f9e550e,DKK,7480108DKD,7480108DKD,X26
edb19949-639c-47c3-af84-cd2ce81bd04a,DKK,7480108DKD,7480108DKD,X27
72feb7d1-3c76-4378-af08-1793abfbdbea,DKK,7480108DKD,7480108DKD,X56
53f88bc8-721f-47bb-858d-4a239a9d71af,DKK,7480108DKK,7480108DKK,A02
13f4d0a7-f518-4bf4-8eb9-41f50fab1e58,DKK,7480108DKK,7480108DKK,A03
7f1446ba-3dea-43d2-ac89-2567cb6a2509,DKK,7480108DKK,7480108DKK,B00
3fabc387-faf8-4ecd-871a-7a3fa2198354,DKK,7480108DKK,7480108DKK,C02
8cc04928-d08a-41b3-a300-bdd051a892b9,DKK,7480108DKK,7480108DKK,D07
e2410a15-12dd-4b22-a96e-4608f5246d92,DKK,7480108DKK,7480108DKK,X02
c022da4b-536a-420b-ac1c-5dd3ebe696ce,DKK,7480108DKK,7480108DKK,X03
4a7d8b32-9437-42f4-8fb8-a0e0e50d0b0f,DKK,7480108DKK,7480108DKK,X05
74107319-fd62-4eca-82f8-e11ca697dede,DKK,7480108DKK,7480108DKK,X06
4cfaa6cc-d5d5-444b-9721-bf394dc94cc6,DKK,7480108DKK,7480108DKK,X07
aa358ba0-81bc-4c17-8d05-a1449b9ff092,DKK,7480108DKK,7480108DKK,X10
3473c9d5-ea33-42dd-bf6a-467cee887b87,DKK,7480108DKK,7480108DKK,X11
441d01f4-a78e-4819-a9d0-c61ac00d7440,DKK,7480108DKK,7480108DKK,X14
f6a6194e-372f-4330-99bb-59ec1f9edc6b,DKK,7480108DKK,7480108DKK,X15
6bdf6102-e016-4a29-baf3-2454fa768731,DKK,7480108DKK,7480108DKK,X26
a612dff1-31c3-4c11-b0e7-3c12b66bf678,DKK,7480108DKK,7480108DKK,X27
7ac6238b-d5fa-4f95-a5ac-18458db572b0,DKK,7480108DKK,7480108DKK,X56
e375aa1c-f1b8-4c4e-9bd9-414c25f1f270,DKK,7480201DKD,7480201DKD,A02
d3489fff-5ddc-4c83-9e76-7fd368bbc5ba,DKK,7480201DKD,7480201DKD,A03
750a30a7-5df3-400b-9d82-8765289bbbaa,DKK,7480201DKD,7480201DKD,B00
be6b84f1-09c2-4326-8fb0-d5e2027c3955,DKK,7480201DKD,7480201DKD,C02
7b341c0a-6890-44a9-94c0-61f16baeaa55,DKK,7480201DKD,7480201DKD,D07
04146141-7515-4558-840d-f9398950160c,DKK,7480201DKD,7480201DKD,X02
ecaed0b6-a99d-4916-a22b-0a2e326c1200,DKK,7480201DKD,7480201DKD,X03
fb67fafe-39cb-4e3c-b3c1-3eb381f13715,DKK,7480201DKD,7480201DKD,X05
c1a51359-bd6d-44e0-bdf9-8b9e0d6bca27,DKK,7480201DKD,7480201DKD,X06
21a37201-f4c9-42da-866c-297abd2eec9a,DKK,7480201DKD,7480201DKD,X07
edef50c9-6803-4cdc-b0d2-4e41117839c5,DKK,7480201DKD,7480201DKD,X10
8232cb80-0f38-4d43-8367-a0300296ce23,DKK,7480201DKD,7480201DKD,X11
4b96f673-7bea-4584-815b-35254d525f14,DKK,7480201DKD,7480201DKD,X14
317f0878-5f3d-42b3-abbc-18323982671a,DKK,7480201DKD,7480201DKD,X15
bfa09cee-a70e-44ff-8a80-bf14b20beb37,DKK,7480201DKD,7480201DKD,X26
4813ed48-da2a-48bf-8999-594a4ea65b5c,DKK,7480201DKD,7480201DKD,X27
2ffc3b74-4d86-4d4f-9f38-4406f77781ba,DKK,7480201DKD,7480201DKD,X56
bff1b1a1-f140-463d-9463-c67d25c52126,DKK,7480201DKK,7480201DKK,A02
83b00339-ac56-4e23-a4f9-8aa6d319ccec,DKK,7480201DKK,7480201DKK,A03
dde997f3-1721-4dcf-bf8b-c181b4e8fa83,DKK,7480201DKK,7480201DKK,B00
3dd44fe4-6668-4030-8eb9-ec298226def8,DKK,7480201DKK,7480201DKK,C02
b22c7d05-ef4c-4825-9f61-4ad229afc2e4,DKK,7480201DKK,7480201DKK,D07
9a50e66d-e12e-4e7b-8db0-2b1c8a2a849d,DKK,7480201DKK,7480201DKK,X02
618a1731-23aa-483e-8adf-d480764f72ba,DKK,7480201DKK,7480201DKK,X03
d21d2113-1b03-43fb-bbfe-a355ef078ead,DKK,7480201DKK,7480201DKK,X05
c58d7348-5c4c-47c2-9fa3-03443c3dfaa1,DKK,7480201DKK,7480201DKK,X06
fa594c4d-121a-4e52-8708-7bdb5af56daa,DKK,7480201DKK,7480201DKK,X07
8a2fcd6d-556b-4c15-9b81-c4648aac1274,DKK,7480201DKK,7480201DKK,X10
19455f76-5e45-407e-9199-e088acf94599,DKK,7480201DKK,7480201DKK,X11
2d2bffd6-45ff-42e8-82ba-8b32ed26ae43,DKK,7480201DKK,7480201DKK,X14
6289e74f-610f-43b6-9a78-a3c2f2f1593d,DKK,7480201DKK,7480201DKK,X15
3c5fe4e3-db94-44d6-8633-63be4e72ea95,DKK,7480201DKK,7480201DKK,X26
7d305032-18f2-4db3-8188-5685388a63e1,DKK,7480201DKK,7480201DKK,X27
7d111f23-e1a7-4faa-b463-587104340f2a,DKK,7480201DKK,7480201DKK,X56
2a9befb5-7dca-4d1b-a1fc-58f6d1c13759,DKK,7510201DKD,7510201DKD,A02
7373b28a-d2ba-413d-acc5-d4fa4eb8ccff,DKK,7510201DKD,7510201DKD,A03
bd1f9574-29e0-490e-8932-71299fbc7eee,DKK,7510201DKD,7510201DKD,B00
6290819e-c445-425c-aa7d-48d017d3eae9,DKK,7510201DKD,7510201DKD,C02
ac41babe-17e5-4a20-961c-248a4196d5ac,DKK,7510201DKD,7510201DKD,D07
34b50b3e-1229-4704-aebe-092fea763b1f,DKK,7510201DKD,7510201DKD,X02
9981effd-b8aa-4bbd-8b97-45abfc4a9a4e,DKK,7510201DKD,7510201DKD,X03
15f5d1ba-a63b-4fb8-b34b-cf9d7b5c1d45,DKK,7510201DKD,7510201DKD,X05
a62411aa-5195-4736-9e64-d11b59cc03c5,DKK,7510201DKD,7510201DKD,X06
425673bc-49dd-4484-acba-d2dbb2e561e3,DKK,7510201DKD,7510201DKD,X07
eb6924de-8c45-42cb-b2d5-05a900731778,DKK,7510201DKD,7510201DKD,X10
58aac06b-2d73-4e7c-bdea-7b82b2c71810,DKK,7510201DKD,7510201DKD,X11
716c2061-42cb-4aa1-8121-4bee7c61817f,DKK,7510201DKD,7510201DKD,X14
b2af31e2-6eb5-4d43-bf62-5ca38fa0358a,DKK,7510201DKD,7510201DKD,X15
02b6d09f-d096-4419-9088-418e60e7ef47,DKK,7510201DKD,7510201DKD,X26
943481d1-1ce1-43ca-9338-64513c1e8868,DKK,7510201DKD,7510201DKD,X27
3cf39149-5df4-448f-a067-7e27017ef738,DKK,7510201DKD,7510201DKD,X56
3de33a8a-9c7d-4f21-9094-b8c94662ecd0,DKK,7510201DKK,7510201DKK,A02
8968a692-ee94-4aeb-9e40-e728270a9c05,DKK,7510201DKK,7510201DKK,A03
7a967b14-1f69-40b7-ade5-9b97a0bfbe78,DKK,7510201DKK,7510201DKK,B00
7af57d83-ca9b-4c61-a0eb-72fcd790a69b,DKK,7510201DKK,7510201DKK,C02
b16cdd54-c937-4d62-a91a-2d258297a76d,DKK,7510201DKK,7510201DKK,D07
f32e9b00-b612-47d4-8d38-02eb2a721d24,DKK,7510201DKK,7510201DKK,X02
4a2113be-62c2-4a33-bbed-2f4d922dd41d,DKK,7510201DKK,7510201DKK,X03
b13fda74-a38c-4b17-8704-d0a86bd3a835,DKK,7510201DKK,7510201DKK,X05
5f17f5ec-57d4-47a3-b2e7-8cb92ca06a9d,DKK,7510201DKK,7510201DKK,X06
f56f5737-e34d-48c3-92e3-3db26d7c3eb0,DKK,7510201DKK,7510201DKK,X07
44f02d91-673a-4075-92e8-2703541e7a91,DKK,7510201DKK,7510201DKK,X10
499b6bd0-78c8-4795-846c-5218cfaaab0d,DKK,7510201DKK,7510201DKK,X11
42c65b24-7969-4626-8475-eebf2ebe346e,DKK,7510201DKK,7510201DKK,X14
7dc182b1-f7b9-48ab-ab83-061b78144f0f,DKK,7510201DKK,7510201DKK,X15
908a4e9c-123a-4c8f-a774-65981da851ee,DKK,7510201DKK,7510201DKK,X26
aaa16588-8078-496f-8cf9-38f977bfbec1,DKK,7510201DKK,7510201DKK,X27
7cb2bc3c-7ff4-438d-bfad-dc6e56e0362a,DKK,7510201DKK,7510201DKK,X56
4c3f915a-71fc-4aa6-8cf9-1a1ab2d4e4d4,DKK,7510203DKD,7510203DKD,A02
6af4477e-b332-43ff-a701-e12965f5b523,DKK,7510203DKD,7510203DKD,A03
329e3040-bfd9-4862-a1c2-46b74ebbbc56,DKK,7510203DKD,7510203DKD,B00
821229c7-bdf0-485c-a083-80586bcabd5a,DKK,7510203DKD,7510203DKD,C02
94fe8f47-efc3-4c7d-a81d-fdc34479ac4e,DKK,7510203DKD,7510203DKD,D07
3e7981cc-2a2c-496e-b057-9a9d6cefb352,DKK,7510203DKD,7510203DKD,X02
ba06f128-87c7-4ece-b56f-69756442533b,DKK,7510203DKD,7510203DKD,X03
8b8baa68-f6f0-445b-80eb-9241707e2054,DKK,7510203DKD,7510203DKD,X05
d2a8a66b-73c6-4941-aa32-5026c4ad5a9c,DKK,7510203DKD,7510203DKD,X06
ae2d5b36-af2b-44fd-a6a4-ab5d04c68e2b,DKK,7510203DKD,7510203DKD,X07
c910b35f-a115-4c54-ad59-c4a5b18266de,DKK,7510203DKD,7510203DKD,X10
4f72845b-e950-44bf-8a16-e3999cadd640,DKK,7510203DKD,7510203DKD,X11
9aca3cdc-2e08-4895-9e7a-d16deabacb93,DKK,7510203DKD,7510203DKD,X14
37d1d51e-a307-4b9c-89a6-01dbbde72529,DKK,7510203DKD,7510203DKD,X15
28120222-2d36-4530-b8a2-b8ee14652398,DKK,7510203DKD,7510203DKD,X26
d67329ea-f50a-406a-a3c2-f3f5fb102666,DKK,7510203DKD,7510203DKD,X27
d0721041-fcf4-41a3-a382-ea499106b8a3,DKK,7510203DKD,7510203DKD,X56
b762406e-3765-43a5-8cf8-194ab0b7d5f7,DKK,7510203DKK,7510203DKK,A02
22ce247d-6c0c-47f5-b80a-aaf02da57ce3,DKK,7510203DKK,7510203DKK,A03
81c49293-565b-4f88-ba85-28c60ac99dda,DKK,7510203DKK,7510203DKK,B00
c84d5bbf-61cb-4da9-b1e9-1ba66774714b,DKK,7510203DKK,7510203DKK,C02
7b076b2e-d464-4e50-b246-9dc01598148b,DKK,7510203DKK,7510203DKK,D07
ee0dec57-c24a-443c-a4ee-469ffc481c9a,DKK,7510203DKK,7510203DKK,X02
7c9ffada-c838-406e-8bb2-9e95343d6d76,DKK,7510203DKK,7510203DKK,X03
62dd3f04-b748-4593-bd5b-988e083ddc55,DKK,7510203DKK,7510203DKK,X05
edc87fee-a974-480b-b2af-92994bf3824d,DKK,7510203DKK,7510203DKK,X06
ea4af975-1757-4f12-9127-5a332eb8bd66,DKK,7510203DKK,7510203DKK,X07
e8562f03-c92d-4451-9bbf-46ac0f757c76,DKK,7510203DKK,7510203DKK,X10
67288915-81b3-4bcc-830b-072dcf8d25dd,DKK,7510203DKK,7510203DKK,X11
ac9ec290-2275-42fb-9d02-0cc505f880a4,DKK,7510203DKK,7510203DKK,X14
2b856132-3653-4c86-a2fd-f963cbc90e18,DKK,7510203DKK,7510203DKK,X15
b134fc6c-2e45-4738-bb98-6bc596226824,DKK,7510203DKK,7510203DKK,X26
c8ef504a-e1d1-44f9-a18b-f779ae26017b,DKK,7510203DKK,7510203DKK,X27
20697e12-43ba-4b0b-b23f-5f5142df7cae,DKK,7510203DKK,7510203DKK,X56
e4caeaa4-52e9-4993-badf-991a3dc0cd80,DKK,7510205DKD,7510205DKD,A02
b9115d99-aece-41c2-a913-5e4dd39642d5,DKK,7510205DKD,7510205DKD,A03
ec49b090-5484-41a1-b4de-a5a28a668e88,DKK,7510205DKD,7510205DKD,B00
dcf9ea78-c3e0-4db0-a96d-1dbd22061a55,DKK,7510205DKD,7510205DKD,C02
a82aaa45-2f2e-454d-8854-9dbfab9d93cd,DKK,7510205DKD,7510205DKD,D07
2cb23bc7-7750-494c-9685-1781e5ed25c7,DKK,7510205DKD,7510205DKD,X02
5bafe72f-4cf2-4bfa-aea3-4e2ed134a1c5,DKK,7510205DKD,7510205DKD,X03
dbc2129a-ce4e-4160-86f2-01d8a41aeb6e,DKK,7510205DKD,7510205DKD,X05
28261ef6-2f18-4de2-b5ee-50872ad7d3c1,DKK,7510205DKD,7510205DKD,X06
02be64c7-f116-4205-97d3-3b74fde3b674,DKK,7510205DKD,7510205DKD,X07
802d3b31-ef28-4256-b53f-35c6a437cd8b,DKK,7510205DKD,7510205DKD,X10
da03fde8-f4c6-42b4-b51b-89e59ea9bcbe,DKK,7510205DKD,7510205DKD,X11
3e8ece8c-a7fe-4579-ad09-2988789e4957,DKK,7510205DKD,7510205DKD,X14
c0b644b9-395d-434f-a6d3-520d498de958,DKK,7510205DKD,7510205DKD,X15
4feb059d-0e98-4862-918c-d975b8a5ca72,DKK,7510205DKD,7510205DKD,X26
74b597ea-2b45-48c7-9806-238ebfa19ca7,DKK,7510205DKD,7510205DKD,X27
9d36cf5f-3f0e-4011-985e-c952fe8fbe6a,DKK,7510205DKD,7510205DKD,X56
4879e72a-e855-4c8c-a575-32594058a746,DKK,7510205DKK,7510205DKK,A02
1c735f03-2de4-427b-9162-fee4c84cbf35,DKK,7510205DKK,7510205DKK,A03
7614844e-ceda-4bc8-b3ed-adda102a7b4c,DKK,7510205DKK,7510205DKK,B00
d2104303-192a-468e-ba41-a747acb77b85,DKK,7510205DKK,7510205DKK,C02
0665eb94-bb35-486a-adcf-cd08fb468c1b,DKK,7510205DKK,7510205DKK,D07
cdbf8214-1813-4994-8c15-0e80414c9032,DKK,7510205DKK,7510205DKK,X02
be0de09a-9426-4f63-abf3-2083a3a03eb3,DKK,7510205DKK,7510205DKK,X03
292d574d-f910-462b-9b9c-e1e08dee7bcb,DKK,7510205DKK,7510205DKK,X05
c904d497-f78f-4350-bedb-ff2421f4db83,DKK,7510205DKK,7510205DKK,X06
0a47198b-e2c2-4047-b8ec-2cc3b2aae2c5,DKK,7510205DKK,7510205DKK,X07
96a4fda4-3e99-45fe-942d-4198f904cfb0,DKK,7510205DKK,7510205DKK,X10
1011c88f-667d-409f-9da8-c768eefca8bd,DKK,7510205DKK,7510205DKK,X11
682a6ca7-4f84-46a2-bcd5-7edca4eb7f75,DKK,7510205DKK,7510205DKK,X14
416b0f82-3043-41df-acbb-5f6e65f6b745,DKK,7510205DKK,7510205DKK,X15
1b46bcaf-7331-486b-951e-85ec8d299ab3,DKK,7510205DKK,7510205DKK,X26
6859c76c-9ba7-4d4e-b528-832c89668bbc,DKK,7510205DKK,7510205DKK,X27
897fa17a-5863-4bf5-8cfe-9bb70ad12c70,DKK,7510205DKK,7510205DKK,X56
3b3a9193-4a46-4aaa-a131-0f1d38d2b91a,DKK,7510301DKD,7510301DKD,A02
e37f7aef-8ff2-45d7-9984-3fce4b6d359f,DKK,7510301DKD,7510301DKD,A03
5881dab5-5414-4eba-976f-c112d3537f20,DKK,7510301DKD,7510301DKD,B00
22809744-0167-4360-adaa-c8d348711952,DKK,7510301DKD,7510301DKD,C02
84a23f6b-d26c-4060-bf06-ae0528c5bfd0,DKK,7510301DKD,7510301DKD,D07
a0b29d38-e72a-4016-93e8-fc618c72bfb3,DKK,7510301DKD,7510301DKD,X02
a34d3fa4-1cd7-430d-978a-dbd8bd25b8b2,DKK,7510301DKD,7510301DKD,X03
be3b6970-9f28-4629-8889-25da1db40c3f,DKK,7510301DKD,7510301DKD,X05
73c6c2cd-9dbd-4447-98bb-e68b1341e6a1,DKK,7510301DKD,7510301DKD,X06
0feb16d0-f495-4619-914c-180218e957fb,DKK,7510301DKD,7510301DKD,X07
3b9fe556-fa67-450c-ad3e-cdfb3c732dc0,DKK,7510301DKD,7510301DKD,X10
44bd1b5d-f441-4c08-8e67-86ffa3aa36b4,DKK,7510301DKD,7510301DKD,X11
cc4f6d1a-a665-48d6-9a22-dd4dd2d63926,DKK,7510301DKD,7510301DKD,X14
157a8129-9d21-49dc-b7d4-6f49172042b1,DKK,7510301DKD,7510301DKD,X15
3b8e4c28-b022-4eb1-badc-7130a6d81663,DKK,7510301DKD,7510301DKD,X26
6ae428a8-6101-4083-9b1e-6f2fac243ddd,DKK,7510301DKD,7510301DKD,X27
ed7a5a03-3563-4aae-816c-8c1204b931ca,DKK,7510301DKD,7510301DKD,X56
365eb4bf-10eb-4dca-9374-93c256601b2a,DKK,7510301DKK,7510301DKK,A02
7250ac3a-c17a-4aa2-839b-41e1855468c8,DKK,7510301DKK,7510301DKK,A03
d111a39c-1398-423f-aae5-bbca03cd16c4,DKK,7510301DKK,7510301DKK,B00
ad9dc121-9ed6-4cbd-b19d-b2d6c7d8ecdc,DKK,7510301DKK,7510301DKK,C02
b11913bf-be44-4c5b-bfaf-833fd32f9a36,DKK,7510301DKK,7510301DKK,D07
feee9717-14a1-4c20-8ce8-496ff60853ff,DKK,7510301DKK,7510301DKK,X02
139583be-3841-4acb-b0ac-7b174e8d943a,DKK,7510301DKK,7510301DKK,X03
f38a3ade-6f99-4851-895a-6222c084e925,DKK,7510301DKK,7510301DKK,X05
518cb265-58aa-47b0-b6e4-8baaae1339a9,DKK,7510301DKK,7510301DKK,X06
1cb8f835-92bf-4b98-8fc0-874f0ed1b89d,DKK,7510301DKK,7510301DKK,X07
a2a74888-5253-4ac1-81bf-31b1e802a10e,DKK,7510301DKK,7510301DKK,X10
5ff4a663-2f31-40cc-8dfd-f373786e2381,DKK,7510301DKK,7510301DKK,X11
7ba27c51-a7ba-44d9-9d94-d47c134b5c64,DKK,7510301DKK,7510301DKK,X14
d8d6147d-e253-43e9-b5fb-e51a33358423,DKK,7510301DKK,7510301DKK,X15
268f968a-1f4e-45f8-91e4-808081b2239f,DKK,7510301DKK,7510301DKK,X26
015aa00a-1ab1-46ea-8185-b390b8f82015,DKK,7510301DKK,7510301DKK,X27
b140ac34-4c20-4100-8d7b-93864241f79e,DKK,7510301DKK,7510301DKK,X56
c659faea-f138-4d40-bc93-3fef56469cd7,DKK,7510302DKD,7510302DKD,A02
acf69c9f-fb40-45f4-a079-ab1d6ce513cc,DKK,7510302DKD,7510302DKD,A03
5c17f83d-6558-49bb-a5ca-221974a516bb,DKK,7510302DKD,7510302DKD,B00
53ce186d-dd15-42a2-9d52-af4831d4766f,DKK,7510302DKD,7510302DKD,C02
06c080e5-4301-4996-9f9e-7896d8cb4cbe,DKK,7510302DKD,7510302DKD,D07
ca4d68ab-d132-4a37-8a0e-94ca59fc1af2,DKK,7510302DKD,7510302DKD,X02
c1d51d32-2f67-40c6-b44a-cc32fbe1a2ac,DKK,7510302DKD,7510302DKD,X03
a4311cae-cab9-4937-a8d6-1ad98f1ca9d6,DKK,7510302DKD,7510302DKD,X05
c4a9b57d-2e15-430c-86ed-f53cfdf9c356,DKK,7510302DKD,7510302DKD,X06
be8ed2c6-f426-40eb-b6db-65fd61fd782e,DKK,7510302DKD,7510302DKD,X07
3911f7f4-266d-4711-ae6d-8791cb02e263,DKK,7510302DKD,7510302DKD,X10
432ad5d7-0e40-4b9c-b4d7-c85ec68df2ef,DKK,7510302DKD,7510302DKD,X11
b9be0acf-8862-465b-85ee-acd70eb2c439,DKK,7510302DKD,7510302DKD,X14
3550e843-ed98-4119-942a-69212b11dafb,DKK,7510302DKD,7510302DKD,X15
029104cd-929d-4e80-a42d-9fa3675c08f5,DKK,7510302DKD,7510302DKD,X26
e2265582-bf60-4abd-8b15-ede50d610418,DKK,7510302DKD,7510302DKD,X27
9f92df1f-0af7-4da6-bea6-538e97f7165f,DKK,7510302DKD,7510302DKD,X56
4e1ecc26-6584-4154-8759-c92be213f265,DKK,7510302DKK,7510302DKK,A02
406960d3-3ad7-427e-b79e-127eba663947,DKK,7510302DKK,7510302DKK,A03
bd25fb86-6e93-466d-a9cb-84c55545fd0e,DKK,7510302DKK,7510302DKK,B00
e93fe514-49a7-4d9f-8642-c3a5d32b8636,DKK,7510302DKK,7510302DKK,C02
bbb0fa45-75df-4dc5-9858-68bfa076da26,DKK,7510302DKK,7510302DKK,D07
707c6cb8-29a2-4b8e-82e2-d63c74575bc1,DKK,7510302DKK,7510302DKK,X02
12febf6b-6ca1-4f60-a5ca-fb250cebf063,DKK,7510302DKK,7510302DKK,X03
34e60227-b0b6-49a3-b492-740bb9bbec27,DKK,7510302DKK,7510302DKK,X05
395fd243-2f02-4a38-ac51-3e0acfd72ec0,DKK,7510302DKK,7510302DKK,X06
f51a50a5-b67d-42c9-92bf-e1e14e715554,DKK,7510302DKK,7510302DKK,X07
c641e49d-0e5e-440d-a079-98e24a7f30a7,DKK,7510302DKK,7510302DKK,X10
a97dac14-dd48-432d-8153-9884793da60b,DKK,7510302DKK,7510302DKK,X11
412edfe8-437c-416c-87e1-ebbcd03e1832,DKK,7510302DKK,7510302DKK,X14
3845e2de-1552-4356-b6bc-bd3fee4ed0ce,DKK,7510302DKK,7510302DKK,X15
fdf90a92-5e6f-4e8e-acde-77aec4525913,DKK,7510302DKK,7510302DKK,X26
2234f935-5ac8-4aca-bbe8-cc8ee10b1b33,DKK,7510302DKK,7510302DKK,X27
34df249e-40ae-451a-aa54-cb034174eba7,DKK,7510302DKK,7510302DKK,X56
1ec9fe5a-0801-4d80-a73e-691e4b3b2eab,DKK,7510303DKD,7510303DKD,A02
f17ad22c-e783-4d93-9327-511a88f22ead,DKK,7510303DKD,7510303DKD,A03
46e7d1e2-b85f-4bb8-ae29-f94ae0592467,DKK,7510303DKD,7510303DKD,B00
bcf869ad-808a-4ece-93d1-b2bdc3719425,DKK,7510303DKD,7510303DKD,C02
c4f0d6ff-f959-4639-bea3-be537d553021,DKK,7510303DKD,7510303DKD,D07
145604dd-7731-433c-8cf3-c0b8add5ab17,DKK,7510303DKD,7510303DKD,X02
f7b89e24-8771-4db8-81f0-839824cf7092,DKK,7510303DKD,7510303DKD,X03
e775cf9a-7eab-4880-82b6-dba584ed16e5,DKK,7510303DKD,7510303DKD,X05
fbbb575b-ced2-4b4f-a0e3-762b24d9eee7,DKK,7510303DKD,7510303DKD,X06
70c89243-b8fb-447d-bf26-e30de63fe1bb,DKK,7510303DKD,7510303DKD,X07
c3c24830-5071-4995-b75f-2c78238d2fce,DKK,7510303DKD,7510303DKD,X10
e00263df-7f0d-47eb-9148-33cc5e1a0858,DKK,7510303DKD,7510303DKD,X11
1f156b14-e96c-4be4-a084-c932fe20563b,DKK,7510303DKD,7510303DKD,X14
b0b23742-9639-4dc0-9f76-2b2147e41477,DKK,7510303DKD,7510303DKD,X15
7c798571-3078-4e2b-805a-4f744562a161,DKK,7510303DKD,7510303DKD,X26
ed005f2c-912d-4c6d-86c1-7aaa3b7fc19c,DKK,7510303DKD,7510303DKD,X27
fd0bceff-320c-4d1d-ac76-e6cb250be6a7,DKK,7510303DKD,7510303DKD,X56
f1558190-2d5f-4bca-94cd-99cbc3e95148,DKK,7510303DKK,7510303DKK,A02
639f0708-62e4-425a-9333-bd80edd37324,DKK,7510303DKK,7510303DKK,A03
09a92b6f-1413-4def-96db-70a0aff04bb5,DKK,7510303DKK,7510303DKK,B00
86fe546e-d974-42a2-b663-e6197ad87279,DKK,7510303DKK,7510303DKK,C02
21699125-d898-406f-8461-16d2975ae77b,DKK,7510303DKK,7510303DKK,D07
2c5aa945-7732-4cfc-a0e4-27c4e591e7a2,DKK,7510303DKK,7510303DKK,X02
fa55c0c9-667d-411d-892a-c0eb3f47e808,DKK,7510303DKK,7510303DKK,X03
a347efd8-d5fb-4b66-8e85-3cb2620758ef,DKK,7510303DKK,7510303DKK,X05
16b0e33f-4b2e-4d1b-b9be-27e04e590383,DKK,7510303DKK,7510303DKK,X06
285a2e5d-cfae-4a27-81d1-8d9819b49b97,DKK,7510303DKK,7510303DKK,X07
29eab0ec-61d9-46d2-8b1e-a7214b5ac206,DKK,7510303DKK,7510303DKK,X10
b1605e06-20ca-4400-908d-ddef499e921d,DKK,7510303DKK,7510303DKK,X11
57062d16-2b28-4bd1-a6cb-bf7764635e30,DKK,7510303DKK,7510303DKK,X14
c7dc3923-3fa8-4ef3-a693-911be1b459b0,DKK,7510303DKK,7510303DKK,X15
afd6a059-64a5-4051-8cb3-a9ef62aa36a7,DKK,7510303DKK,7510303DKK,X26
9a819571-e048-481e-84af-c6784f8287d8,DKK,7510303DKK,7510303DKK,X27
3549d2e4-3023-438d-bf38-312905fced5b,DKK,7510303DKK,7510303DKK,X56
b5d70dc7-3b04-4390-a93f-79a845b336e5,DKK,7510605DKD,7510605DKD,A03
46d49c65-7964-4322-9a2f-dcfa31014653,DKK,7510605DKD,7510605DKD,A04
7bf66ef7-1e1d-4ea1-92b2-a143c78cfcbf,DKK,7510605DKD,7510605DKD,C03
45548ccb-614e-46dc-a24a-d732f01f6c36,DKK,7510605DKD,7510605DKD,C04
755fdd91-7074-49b9-a835-bda5d3273a63,DKK,7510605DKD,7510605DKD,D07
e17edd9a-3cff-4ddb-b3df-a7c8eb93611a,DKK,7510605DKD,7510605DKD,D09
133c7bb0-1066-483f-a0f4-6636e2bbccb2,DKK,7510605DKD,7510605DKD,D10
b9052cf9-8754-4565-bc14-11b91086c5bc,DKK,7510605DKD,7510605DKD,X01
0c5e3931-00a3-4bf6-9fdb-c22ee03e953f,DKK,7510605DKD,7510605DKD,X02
912e0f6c-ccc5-42d1-a4e4-a89331f354f1,DKK,7510605DKD,7510605DKD,X03
7bb43912-b99d-4e9e-880d-cec80cf42380,DKK,7510605DKD,7510605DKD,X05
8365011d-e768-4260-ad0b-390b5e7dcf86,DKK,7510605DKD,7510605DKD,X06
e2c9a4dc-5377-43d3-9ad8-b0965ed2eded,DKK,7510605DKD,7510605DKD,X07
c2f6d89d-9ce0-4692-8540-68d9d9e4f2fe,DKK,7510605DKD,7510605DKD,X25
ae1e7540-5923-43bd-9b77-f1f5e9d24aab,DKK,7510605DKD,7510605DKD,X26
b44691f5-5b03-46bc-9660-f50a6f076e3c,DKK,7510605DKD,7510605DKD,X27
95bad324-b933-4dee-9f19-fa65547985ac,DKK,7510605DKK,7510605DKK,A03
62d69387-4664-4e21-aa3a-37d6e8a021fa,DKK,7510605DKK,7510605DKK,A04
926cfcb0-c4ce-4fdb-8439-aefcd944e508,DKK,7510605DKK,7510605DKK,C03
c575e26f-5793-464e-8041-613f478c59ff,DKK,7510605DKK,7510605DKK,C04
d7bd961f-08bf-4814-ba68-ad772baed930,DKK,7510605DKK,7510605DKK,D07
db2df104-6d5f-487e-82b4-286ec210c1a8,DKK,7510605DKK,7510605DKK,D09
d6a0b7ef-0bb1-454d-873b-29ee134fe9c1,DKK,7510605DKK,7510605DKK,D10
9315efcd-a8eb-49fd-b892-0cbc0623a28a,DKK,7510605DKK,7510605DKK,X01
4feeeba7-91a0-496e-86fe-8d31d129b8a3,DKK,7510605DKK,7510605DKK,X02
706f971d-d13b-44b3-813e-cfb59cb41b2a,DKK,7510605DKK,7510605DKK,X03
c6e077a3-189d-4523-9280-fb3e771caf07,DKK,7510605DKK,7510605DKK,X05
d5727f13-9eea-4893-b8ff-b89b067b18c7,DKK,7510605DKK,7510605DKK,X06
6a34f707-1444-407f-a238-45e969014b55,DKK,7510605DKK,7510605DKK,X07
01b2d715-a538-464e-af4c-3cc802dbcee0,DKK,7510605DKK,7510605DKK,X25
fa6c556f-27c8-47ff-997f-796375f17c17,DKK,7510605DKK,7510605DKK,X26
1732372a-a26d-469a-be27-2d9355599816,DKK,7510605DKK,7510605DKK,X27
5630c475-a770-4878-88b9-02dcf086fa23,DKK,7540101DKD,7540101DKD,A02
edeeb770-3571-45ab-b2cc-877192f4946b,DKK,7540101DKD,7540101DKD,A03
b01291c3-e9ac-462c-b83a-e51270545bcb,DKK,7540101DKD,7540101DKD,C01
9737555f-8a66-4bfd-91df-4d0293ae0c71,DKK,7540101DKD,7540101DKD,C02
513d06ab-aa00-460c-9b8a-cc65e361880e,DKK,7540101DKD,7540101DKD,D01
84c84ec3-d0fb-4267-8dce-34fb7636c322,DKK,7540101DKD,7540101DKD,X02
3b028337-1d2f-4d63-952e-3ca708597f8d,DKK,7540101DKD,7540101DKD,X03
9777bcb8-10ca-45fb-af54-41d9d66afd7f,DKK,7540101DKD,7540101DKD,X05
b32a95bf-8852-4a79-aa8b-95037e9f63d7,DKK,7540101DKD,7540101DKD,X06
7c60b8ee-efb7-43c0-bd32-b232a6b429f8,DKK,7540101DKD,7540101DKD,X07
fb3ecdc7-75d8-4748-a296-cc5a1a5f6956,DKK,7540101DKD,7540101DKD,X10
64297994-d100-462d-a41e-943677e76dea,DKK,7540101DKD,7540101DKD,X11
4485560b-06d0-4593-9425-a35e6936d862,DKK,7540101DKD,7540101DKD,X14
ae5f85a0-8d22-40aa-808e-0ec26fd404fc,DKK,7540101DKD,7540101DKD,X15
699ea333-059f-4726-9490-b74bdedf8aa4,DKK,7540101DKD,7540101DKD,X26
47373ece-9fd1-4b1c-ac5a-f8866f123aa1,DKK,7540101DKD,7540101DKD,X27
c96217e7-f719-44e3-8929-7214d12f6fe4,DKK,7540101DKD,7540101DKD,X56
859d9d38-f02b-4488-9301-a692746e2ad7,DKK,7540101DKK,7540101DKK,A02
623dd610-367a-4460-b3de-74efaf3c9551,DKK,7540101DKK,7540101DKK,A03
5bbfa380-ad48-499e-bbdb-2ee05b194efe,DKK,7540101DKK,7540101DKK,C01
376f4f1f-5a09-4c48-ac21-c0d66c7b7229,DKK,7540101DKK,7540101DKK,C02
f195c425-baf9-402a-8bcb-ffb058203840,DKK,7540101DKK,7540101DKK,D01
8bac090e-1cc5-4128-b9cd-239fd649b2df,DKK,7540101DKK,7540101DKK,X02
2ae4c62c-0001-4d64-a6ee-a57202b4bc71,DKK,7540101DKK,7540101DKK,X03
27f33560-8d24-45c6-bd1c-67284ab879a7,DKK,7540101DKK,7540101DKK,X05
ff25ab5e-478f-413a-8076-ca4b9c4c7040,DKK,7540101DKK,7540101DKK,X06
cc272927-845d-43cb-9de7-addca542d94e,DKK,7540101DKK,7540101DKK,X07
954aa633-d877-4440-84e1-c52ab6298e17,DKK,7540101DKK,7540101DKK,X10
ea8d0953-23f6-49f5-9b31-e46b82f0befb,DKK,7540101DKK,7540101DKK,X11
543d5643-1ddc-4bc9-967a-fdaba6367a0d,DKK,7540101DKK,7540101DKK,X14
69a55702-7bae-43ef-bc17-ba11da62c86f,DKK,7540101DKK,7540101DKK,X15
8df8ac2c-ed35-4e61-9a4d-7a9d92bcb2b0,DKK,7540101DKK,7540101DKK,X26
dbae7554-6184-4747-bbcd-4ae1a982a33d,DKK,7540101DKK,7540101DKK,X27
2a006cd9-2312-46c7-a47b-d884deb1fc8a,DKK,7540101DKK,7540101DKK,X56
2fd3cbca-3bf4-4047-912f-8fbbf7a21518,DKK,7540106DKD,7540106DKD,A00
2b965c00-2e22-407d-890a-30f60b6ae384,DKK,7540106DKD,7540106DKD,A01
ad5399ec-abe2-4125-a548-4ba091913a46,DKK,7540106DKD,7540106DKD,A02
4fa9b903-4ab2-492e-a578-30c357d9537b,DKK,7540106DKD,7540106DKD,A03
7b88c1f8-5795-490d-923c-092a887c8c23,DKK,7540106DKD,7540106DKD,B00
ae68e266-5a18-4626-b053-9c3644918276,DKK,7540106DKD,7540106DKD,C01
a6f6fb22-dfda-4012-b672-f92f6aea1d0e,DKK,7540106DKD,7540106DKD,C02
37724ba8-4121-4375-8bcd-6e1cb53df383,DKK,7540106DKD,7540106DKD,D01
6b46bc47-a779-413c-b0f3-3231083bf2ab,DKK,7540106DKD,7540106DKD,D07
0862a170-b4bb-442b-bb62-4bc42d9a3f4b,DKK,7540106DKD,7540106DKD,X02
1327089f-afda-488e-8e30-2a450cfb6c67,DKK,7540106DKD,7540106DKD,X03
5375d9fb-e1ff-41be-88d9-3179cf4dba0b,DKK,7540106DKD,7540106DKD,X05
3f0ea7fa-9c33-49da-8aad-fa8dc96572b2,DKK,7540106DKD,7540106DKD,X06
cfa96f5a-cb54-4a6b-9349-42a80d3f9c90,DKK,7540106DKD,7540106DKD,X07
28fbe9e8-7068-4a4d-a1d7-56fa32193ee6,DKK,7540106DKD,7540106DKD,X10
74a1d17b-fd18-4316-84c5-8f38b4dfb1e3,DKK,7540106DKD,7540106DKD,X11
16570d73-9531-4e6e-84d6-56bf4853bcd1,DKK,7540106DKD,7540106DKD,X14
531072d4-35bb-4100-899e-7db2a3236787,DKK,7540106DKD,7540106DKD,X15
5dbe3491-7db8-4319-9a6f-60072756d080,DKK,7540106DKD,7540106DKD,X26
7602eed0-3b2d-49cb-88ec-94038568d20f,DKK,7540106DKD,7540106DKD,X27
d536a4d7-9fe2-4687-95bf-744fd106f926,DKK,7540106DKD,7540106DKD,X56
32c806a8-58c1-4834-9bae-1511362c1aa5,DKK,7540106DKK,7540106DKK,A00
517229f0-9f57-421a-ba79-7f28c419dd7c,DKK,7540106DKK,7540106DKK,A01
5ae137fc-81f9-4d5d-85d3-750f0c06f7dd,DKK,7540106DKK,7540106DKK,A02
ee9fe4dd-2bc2-4ced-a3b2-613cc4a22eb4,DKK,7540106DKK,7540106DKK,A03
4679fa3e-9e8a-4445-8ab6-c58d616826e6,DKK,7540106DKK,7540106DKK,B00
6344252d-f554-4079-83f9-8ad85a18a3bf,DKK,7540106DKK,7540106DKK,C01
7d32cfe6-2aed-4f9f-b515-7ff524154715,DKK,7540106DKK,7540106DKK,C02
cd483983-d76b-4607-979b-e3f63d50f5ed,DKK,7540106DKK,7540106DKK,D01
47c3fe15-8b73-490d-b1b1-784dc93da54d,DKK,7540106DKK,7540106DKK,D07
108db6f8-ff95-43b6-be04-939061e0ba97,DKK,7540106DKK,7540106DKK,X02
45c82ecb-772d-449b-8d44-29d35effa904,DKK,7540106DKK,7540106DKK,X03
b7ee5744-0c90-4794-9c07-2fd0b85cad54,DKK,7540106DKK,7540106DKK,X05
ca330a89-47dc-4eec-a591-084ef06dabd7,DKK,7540106DKK,7540106DKK,X06
49c242fb-185e-4ae3-ac6e-a71cba16c78d,DKK,7540106DKK,7540106DKK,X07
ded8bed9-e000-4ca1-88d6-255166b536e4,DKK,7540106DKK,7540106DKK,X10
f0ea5699-f6c5-47ce-b081-2176dab27577,DKK,7540106DKK,7540106DKK,X11
8a56ca72-6347-4a3d-857c-7d024f2fd928,DKK,7540106DKK,7540106DKK,X14
db9e75f6-45d3-4f09-a4da-cdb9a87205c3,DKK,7540106DKK,7540106DKK,X15
7687fccc-881e-49a7-9652-138662c04576,DKK,7540106DKK,7540106DKK,X26
7b4378d8-a4b9-4718-bebc-560b03a86e85,DKK,7540106DKK,7540106DKK,X27
d114c9ff-a8da-44cd-b5f5-7afd694791e5,DKK,7540106DKK,7540106DKK,X56
6f5b5855-6df1-4345-aeaa-1ac2a591e743,DKK,7540203DKD,7540203DKD,A00
6164658d-dc50-451c-a6fe-986ecc3e5777,DKK,7540203DKD,7540203DKD,A01
47118185-c4a8-4156-81f0-56ac83363c16,DKK,7540203DKD,7540203DKD,A02
dcbd5bb1-5806-48c6-9373-734a8a85da9a,DKK,7540203DKD,7540203DKD,A03
e650b0c4-b181-4885-9b2c-0d595ebd3537,DKK,7540203DKD,7540203DKD,B00
06009463-814d-4478-8109-4d0e20e1a07b,DKK,7540203DKD,7540203DKD,C01
58ec4203-36dd-43e1-be4b-ea08dabd3b8f,DKK,7540203DKD,7540203DKD,C02
93c1723d-63da-4684-849f-481dfde05fac,DKK,7540203DKD,7540203DKD,D01
b046eba7-b347-4645-912f-91cb0c949e6d,DKK,7540203DKD,7540203DKD,D07
6bcd1d37-dadb-4b6b-928e-cc8138df9f93,DKK,7540203DKD,7540203DKD,X02
c3d41c04-db6d-45e3-b705-9bff5d2ce696,DKK,7540203DKD,7540203DKD,X03
130a6a8a-09d2-45bc-8505-0574c4782dd1,DKK,7540203DKD,7540203DKD,X05
35b97121-f75f-4c9c-8de4-66069f411b26,DKK,7540203DKD,7540203DKD,X06
167c14f6-3556-4012-89e8-105e359704e4,DKK,7540203DKD,7540203DKD,X07
b50b52ff-54f7-48ef-8b0c-b305163167dc,DKK,7540203DKD,7540203DKD,X10
bf377725-9f54-4f3e-b7ae-2d096a0dc431,DKK,7540203DKD,7540203DKD,X11
69a8b627-f21f-4f71-bc9d-ccbe40515101,DKK,7540203DKD,7540203DKD,X14
3011ed56-a5f7-4be1-8d48-9cac41bf5f2d,DKK,7540203DKD,7540203DKD,X15
ef95b94a-327c-4dc8-9b7f-8770dabd850f,DKK,7540203DKD,7540203DKD,X26
a42c8ba7-9c0f-4cf8-9628-fb425c2fc943,DKK,7540203DKD,7540203DKD,X27
5361956d-3758-4293-9ec2-00f3f13a46a3,DKK,7540203DKD,7540203DKD,X56
0519a23d-52bb-4b2c-8cf7-aa815b9f044a,DKK,7540203DKK,7540203DKK,A00
83d08379-7123-4c85-9984-dc3d7481a87c,DKK,7540203DKK,7540203DKK,A01
d9ce4987-d6fb-4104-a76b-ee7bd73ea5ae,DKK,7540203DKK,7540203DKK,A02
cbee2efa-9ce5-44da-92ac-3f0aa789dbdf,DKK,7540203DKK,7540203DKK,A03
83b9db02-3b24-49f0-944a-66d25a58fcd4,DKK,7540203DKK,7540203DKK,B00
ccf25163-1e85-48ae-a82e-92d2169a2138,DKK,7540203DKK,7540203DKK,C01
6591e973-987e-43e4-bf17-5120ab90a7de,DKK,7540203DKK,7540203DKK,C02
1eee1fad-d8aa-47c5-bc40-1292a5844ce5,DKK,7540203DKK,7540203DKK,D01
b2151e95-471e-4bda-8297-72d21e4d5e19,DKK,7540203DKK,7540203DKK,D07
3664bf64-ee62-43fc-b4f5-374d099f7666,DKK,7540203DKK,7540203DKK,X02
b7545f42-32c3-4196-9816-e9f25b3b6f65,DKK,7540203DKK,7540203DKK,X03
433512b2-9ff5-4617-869f-d77d8af7fb8d,DKK,7540203DKK,7540203DKK,X05
31947b11-e9ff-4f3d-8d09-327f69e3df70,DKK,7540203DKK,7540203DKK,X06
8663d910-431e-4ebd-84e0-c5ea47038167,DKK,7540203DKK,7540203DKK,X07
faf79753-a099-4d56-b8b8-7d512e41c94f,DKK,7540203DKK,7540203DKK,X10
8d59773a-6865-4ef9-993b-aa8e82feb30c,DKK,7540203DKK,7540203DKK,X11
e625d771-b69f-40e1-9e45-68cec947447e,DKK,7540203DKK,7540203DKK,X14
ed5c906e-ce6a-47f3-a027-17e96029db1d,DKK,7540203DKK,7540203DKK,X15
7d9b77c4-5790-49c8-bd4c-497a705e45c5,DKK,7540203DKK,7540203DKK,X26
e36da121-0964-4873-a062-343dbfa0f0dc,DKK,7540203DKK,7540203DKK,X27
350fcaff-fa1c-4c36-bb79-1593ed0b0445,DKK,7540203DKK,7540203DKK,X56
c10af86e-4c9f-4f60-8b3a-45504e18b21a,DKK,7540204DKD,7540204DKD,A02
d26d7c25-07ac-4152-b648-e7c9c9dec43e,DKK,7540204DKD,7540204DKD,A03
7f74c752-1152-4002-a50f-870d2637adb9,DKK,7540204DKD,7540204DKD,B00
0ee6ac14-dfcf-4a60-80d9-fb06d4694883,DKK,7540204DKD,7540204DKD,C02
4bcc663f-7365-425d-9cd6-deb7f2d16c11,DKK,7540204DKD,7540204DKD,D07
3dfecdd5-378e-4c56-8273-b34a0ac375d3,DKK,7540204DKD,7540204DKD,X02
d1616da9-39ca-4645-97f5-ea37b80ac2ee,DKK,7540204DKD,7540204DKD,X03
0308d82d-90a8-4742-820e-8c50cb360f8e,DKK,7540204DKD,7540204DKD,X05
611547e4-7230-44af-a30c-a2d318219579,DKK,7540204DKD,7540204DKD,X06
1455c3a9-7a9d-4a40-a4bb-3f2d1e967b1d,DKK,7540204DKD,7540204DKD,X07
961e39b1-65bc-4ff0-99d5-d44b2fb48c0b,DKK,7540204DKD,7540204DKD,X10
b0fd1aff-d9af-4783-abb6-0d686743cd02,DKK,7540204DKD,7540204DKD,X11
0822ff10-b72a-45aa-84f5-f3d082551f0a,DKK,7540204DKD,7540204DKD,X14
9589d9f8-7edb-4e3f-b13a-86afb234da28,DKK,7540204DKD,7540204DKD,X15
1b95879b-2b6e-45c2-bea3-ca77ebb66dfc,DKK,7540204DKD,7540204DKD,X26
47401106-c300-4db6-bb45-eb3322c8c363,DKK,7540204DKD,7540204DKD,X27
416e3ce4-7d53-4d25-a719-2a7c6e212a51,DKK,7540204DKD,7540204DKD,X56
1f877719-7b0d-417f-a46c-26c73bc3f6f1,DKK,7540204DKK,7540204DKK,A02
93ea35b6-27e4-41b2-b662-3ea61c8cab4e,DKK,7540204DKK,7540204DKK,A03
5ca0902d-df85-4ea1-9f81-355d34213321,DKK,7540204DKK,7540204DKK,B00
c1a3e8ec-8628-45a6-8977-427009949292,DKK,7540204DKK,7540204DKK,C02
c8d3c4cb-f2df-4326-9b4b-bd5ad2a0d033,DKK,7540204DKK,7540204DKK,D07
bf3740dd-835d-4b79-beda-5a02118140a4,DKK,7540204DKK,7540204DKK,X02
93b2589d-c1a4-44a8-a2a4-43f43a0d2063,DKK,7540204DKK,7540204DKK,X03
5c32a6cd-6699-4086-90b6-38d987ffc7ee,DKK,7540204DKK,7540204DKK,X05
74ec149b-dd2e-4575-8722-ce4ade46a53f,DKK,7540204DKK,7540204DKK,X06
53f6b2d2-e25d-41f9-9540-924187a6a8ab,DKK,7540204DKK,7540204DKK,X07
c30fabf1-ad29-4c43-b42b-635331d29346,DKK,7540204DKK,7540204DKK,X10
29581073-96b2-4a40-84ef-3be5249b690b,DKK,7540204DKK,7540204DKK,X11
7c31cdc0-ffc8-4bb4-b207-bcc802bd90a3,DKK,7540204DKK,7540204DKK,X14
9924993f-f28b-473a-aa3d-707589635c7e,DKK,7540204DKK,7540204DKK,X15
73c3314a-3709-46f2-8953-d8282d28a10e,DKK,7540204DKK,7540204DKK,X26
437f743a-4bcf-4c0f-9847-36f1eedfdcb7,DKK,7540204DKK,7540204DKK,X27
aef24a02-f93d-441d-b415-ca55f57bc3c9,DKK,7540204DKK,7540204DKK,X56
dd83347a-e622-44c0-a66c-f93d4d37aee7,DKK,7810103DKD,7810103DKD,C03
9728be39-8b65-4419-9d99-ed64ab364067,DKK,7810103DKD,7810103DKD,C04
752b341e-c58e-49ad-bcd1-6305f3f3e735,DKK,7810103DKD,7810103DKD,C07
7b2dc198-7203-48fe-957f-6d8755e72664,DKK,7810103DKD,7810103DKD,C09
bfd3a0d9-2fc5-48cb-9246-15a0f5eea585,DKK,7810103DKD,7810103DKD,D11
7ed3f9b1-04d9-4f28-b057-87fb0cc7e09d,DKK,7810103DKD,7810103DKD,D14
85dbe811-5c33-4822-a1f6-1210e9af411d,DKK,7810103DKD,7810103DKD,D15
7fee18fb-3abb-4e16-9c06-2135f1ae6d7e,DKK,7810103DKD,7810103DKD,X01
e8052eaf-ad20-4a9c-bf0d-c6a3de10c4c4,DKK,7810103DKD,7810103DKD,X70
df081e97-ae76-4b3b-bdf2-e32487d16fee,DKK,7810103DKD,7810103DKD,X74
5c2bd97c-c2d9-4c4e-a6c1-8e669588a563,DKK,7810103DKD,7810103DKD,X78
62440f9b-8216-4e23-8b25-2d1f87bc1a2c,DKK,7810103DKD,7810103DKD,X79
3f2604f9-1cec-48ad-b2ee-1bd51500f805,DKK,7810103DKD,7810103DKD,X80
55e00afe-6e8e-4139-a35a-788f14aec1e3,DKK,7810103DKK,7810103DKK,C03
64ea2164-350c-41d5-88a3-4b000d00317f,DKK,7810103DKK,7810103DKK,C04
cb5728cb-c2ee-49d1-8fef-56d7c039c4fb,DKK,7810103DKK,7810103DKK,C07
a15f45f7-c892-4e18-b9fc-832973e866b7,DKK,7810103DKK,7810103DKK,C09
04a811ac-670f-4c7d-9058-1f1d6b913a20,DKK,7810103DKK,7810103DKK,D11
13c7e33f-6355-44f7-9850-22641f1a871d,DKK,7810103DKK,7810103DKK,D14
d66410b5-04c5-4618-983a-8feac5980665,DKK,7810103DKK,7810103DKK,D15
6f3b7e79-330e-41f6-ac1d-f99229e69ba2,DKK,7810103DKK,7810103DKK,X01
419997b4-9356-4beb-9882-6d1c5bad8b87,DKK,7810103DKK,7810103DKK,X70
86400371-40b5-419b-a8f2-296e16198df6,DKK,7810103DKK,7810103DKK,X74
f4ba064a-cdd5-40f8-b684-bf9e1f89df8e,DKK,7810103DKK,7810103DKK,X78
792c1e04-a6ba-478e-9e07-645e244fb9b6,DKK,7810103DKK,7810103DKK,X79
01fb3045-e175-4b70-8e0e-5cfba34c7e76,DKK,7810103DKK,7810103DKK,X80
ff5e92e0-434a-4720-9b54-41b6ee6f8e06,DKK,7810201DKD,7810201DKD,C00
b9cc4566-3c90-4b88-b1e3-1aa31ee4c80a,DKK,7810201DKD,7810201DKD,C03
5e7b2664-88c2-45e7-809e-42596eacb3e9,DKK,7810201DKD,7810201DKD,C04
b312e8d6-bf9b-432d-b4a6-632476df49f5,DKK,7810201DKD,7810201DKD,C07
5a44f87b-9405-42b8-ad76-5a7ad7a09692,DKK,7810201DKD,7810201DKD,C09
0899a523-e61d-43f5-9016-a64e8b27c263,DKK,7810201DKD,7810201DKD,D11
0d06953c-9690-4ffb-84de-b817a86d7fd0,DKK,7810201DKD,7810201DKD,D14
578a0145-fffe-419d-8f0e-850e45ee3acf,DKK,7810201DKD,7810201DKD,D15
b992517d-d17a-4b12-bd75-f66a418a893f,DKK,7810201DKD,7810201DKD,X01
b6fb1fe2-f7ce-455b-8e86-805c8443af25,DKK,7810201DKD,7810201DKD,X70
c60c4f97-a934-4a58-baa0-1a43f99f1481,DKK,7810201DKD,7810201DKD,X74
39ff443f-cd0f-46ed-b412-8ac72a429ca9,DKK,7810201DKD,7810201DKD,X78
7606820f-bf2c-44df-a692-a0ebfa7256cc,DKK,7810201DKD,7810201DKD,X79
95af510c-dbdc-4526-81c9-49f6df8e406e,DKK,7810201DKD,7810201DKD,X80
18268d77-4bf6-447b-b3dc-274167bfcbf1,DKK,7810201DKK,7810201DKK,C03
c3384b92-ff19-4279-b0c8-335002a9a150,DKK,7810201DKK,7810201DKK,C04
67dfc259-5237-4c9b-ae00-38fa158c2950,DKK,7810201DKK,7810201DKK,C07
4679d0ab-ad89-4c25-ae89-bab201a0cc87,DKK,7810201DKK,7810201DKK,C09
aeb9e944-ca45-46d9-9cdb-f41fcc570b89,DKK,7810201DKK,7810201DKK,D11
e7229729-b1ef-4dab-ac27-a6cf9190984a,DKK,7810201DKK,7810201DKK,D14
78ecd20b-83c4-4222-a899-b7eb44fe6e3f,DKK,7810201DKK,7810201DKK,D15
69f9f522-fb9f-4d10-8a56-789dd83190f3,DKK,7810201DKK,7810201DKK,X01
cbbc8971-1a24-4e1a-a542-40343ba1e81c,DKK,7810201DKK,7810201DKK,X70
593ebe96-a700-4040-ae08-4422a0d53555,DKK,7810201DKK,7810201DKK,X74
48adc82c-29e8-458d-94a2-a36b207cf536,DKK,7810201DKK,7810201DKK,X78
1ea75816-b4b9-4b05-ace9-b0d1681d80a6,DKK,7810201DKK,7810201DKK,X79
bd38e158-3c85-4e53-99c4-374987c2909b,DKK,7810201DKK,7810201DKK,X80
00b84980-36b0-4602-a3da-d36d40bbcd3d,DKK,7220201,7220201,K00
0fa164dd-5d1f-4d1b-9f99-f97d519363cb,DKK,7220201,7220201,K02
7089905d-23e0-4244-8bd9-565f175716c8,DKK,7340101,7340101,K00
923d044b-f1d1-4387-87b5-20d77a4f1a21,DKK,7340101,7340101,K01
13d936c1-954f-4a57-9a0b-212d9b93a7cc,DKK,7340101,7340101,K02
ab24fcf6-3840-4373-a332-c5c0fb3dabd2,DKK,7340121,7340121,K00
2b6a55ea-70dd-4142-8041-b2a4ca36ae41,DKK,7340121,7340121,K01
215d2c85-fb7e-4828-89f2-8e72608e44ad,DKK,7340121,7340121,K02
dbe441ed-2536-47f2-adf7-c00339ee733f,DKK,7340201,7340201,K00
bfa59b4b-a76a-4e71-8f67-0e598353adf4,DKK,7340201,7340201,K01
ccbddaba-db6a-4cf5-8088-c99770cd522e,DKK,7340201,7340201,K02
a407058f-3e3d-4f9b-897e-fe0b7b623e68,DKK,7340204,7340204,K00
7c9818d4-7d76-4f4d-81f3-174bd06d013d,DKK,7340204,7340204,K01
146e79c1-45e4-49c4-921c-2b1482d33446,DKK,7340204,7340204,K02
e45514b5-69cb-489e-9a43-1f2f9a5eedba,DKK,7340301,7340301,K00
eef562ab-e380-4cd6-bc3c-c96387bea453,DKK,7340301,7340301,K01
2781d0ed-c5f2-4a87-b29d-7ce461b815bc,DKK,7340301,7340301,K02
0376af05-3566-459b-805c-7fd9b134ee87,DKK,7460108,7460108,K00
5f3045b8-ac67-4093-a81b-a11db07e772d,DKK,7460108,7460108,K01
ebb36d58-9754-42cd-93a6-43989f66b765,DKK,7460108,7460108,K02
18b5b79f-c12f-4ea1-a003-c25828d69122,DKK,7480102,7480102,K00
fe8dcee0-8a71-4015-b327-10774231c110,DKK,7480102,7480102,K01
fee10507-d598-4981-ba3a-6adbb3a72a55,DKK,7480102,7480102,K02
7baaccd3-c363-4a24-9cbe-5ca06d33070f,DKK,7480108,7480108,K00
efc8b91a-606c-4434-8131-619139b2043e,DKK,7480108,7480108,K01
cff6c5aa-d182-4dc6-b5df-1d6ed2cc3f6b,DKK,7480108,7480108,K02
e47b2a1e-8f2a-4ba6-a1fe-7d3e4cd107ad,DKK,7480201,7480201,K00
54c9d5c6-e885-47e2-bbaa-697656daaf7d,DKK,7480201,7480201,K01
a3bc83de-c786-4916-aec2-1656b0af26f3,DKK,7480201,7480201,K02
67ddb682-f8c0-4157-81a4-2a00810c9d48,DKK,7510201,7510201,K00
07cb8517-1222-428b-8f23-1f4996c177dc,DKK,7510201,7510201,K01
df65e108-379d-4481-836b-f70daa0046f3,DKK,7510201,7510201,K02
a817e3a7-d803-4aa2-ab23-74c9a13a05b0,DKK,7510203,7510203,K00
56a2d66b-9735-41c0-a77e-26ed5abf4a0a,DKK,7510203,7510203,K01
01fa411f-2dfc-4de3-8136-da67a3e93fa7,DKK,7510203,7510203,K02
31691691-9d28-4f64-a28c-f6bbaa1a8b4c,DKK,7510205,7510205,K00
0b66dbcc-4fee-4638-9bb9-8ea1c4a9ea40,DKK,7510205,7510205,K01
ab2e5d52-6387-4282-b7d1-cf548b03d04f,DKK,7510205,7510205,K02
f3a67a28-4580-465d-9131-7078a086cff9,DKK,7510301,7510301,K00
b92f8742-f1be-427e-9c23-d6d34889b7f3,DKK,7510301,7510301,K01
383b7cf2-149e-42bc-ac2e-d2234ee9b829,DKK,7510301,7510301,K02
95f5c85c-eb2d-4ada-9603-ea14c179a1ff,DKK,7510302,7510302,K00
2604912e-13ce-487e-a18a-397335e6ac04,DKK,7510302,7510302,K01
396fce7d-8ec2-4b5c-af3e-803b78d3bee2,DKK,7510302,7510302,K02
98027b35-c205-44a0-bda1-b5e27ab165a9,DKK,7510303,7510303,K00
236e9e1a-59da-40f4-a8f6-1b1385518976,DKK,7510303,7510303,K01
f6eb4bb3-3a65-4e2f-bda0-d237a1ad47f3,DKK,7510303,7510303,K02
3e58b07f-192f-4075-963f-947fa9ad438c,DKK,7540101,7540101,K00
da9c533d-560b-4112-a73b-59103643d509,DKK,7540101,7540101,K01
8a8a4565-ed4a-43a7-8d79-a1c299293960,DKK,7540202,7540202,K00
a8d956f2-dfc4-4c67-b576-bf0bf0eac1a3,DKK,7540202,7540202,K01
c589b95f-a9d6-4563-9224-c3fd276dc4d3,DKK,7540202,7540202,K02
10ce04af-a252-4777-9daf-5020745bb26c,DKK,7540204,7540204,K00
7f9bd934-eee0-4903-9762-f06959a5e97f,DKK,7540204,7540204,K01
895df278-48f8-432a-8653-7dcfa470d260,DKK,7540204,7540204,K02
5460f43e-ec38-414f-b09c-e9d3bdc91b85,DKK,7810103,7810103,K00
9117de43-23f0-4087-927e-5a0b74ab146c,DKK,7810103,7810103,K01
347f1b02-2bac-4579-888e-ac43e7759ed8,DKK,7810103,7810103,K02
ab4fd690-24ca-4463-8a6a-b106e055a25f,DKS,7380101,7380101,A01
5db5d6b3-60cb-4e05-a967-1d3f7a43cf51,DKS,7380101,7380101,C00
22e8e704-c7cc-4192-a553-82a2dc9a4efb,DKS,7380101,7380101,D01
d0d594e6-f904-4092-b122-72d28f9db2fe,DKS,7380101,7380101,A00
698b7a0d-b78d-464a-b2bd-de4d96827e2a,DKS,DKS-KS1,DKS-KS1,C00
b14ffed7-137e-402f-b078-b79c4ee701a1,DKS,DKS-KS1,DKS-KS1,D01
a3226831-94ce-4a4d-9574-32726656ad60,DKS,DKS-KS1,DKS-KS1,A00
9a7d5626-ef1a-4c56-8952-75e15d0440cc,DKS,DKS-KS1,DKS-KS1,A01
b322b2f2-e0e7-47d3-8c11-36598c5b82d9,DKS,DKS-KS2,DKS-KS2,D01
f7dae060-9486-4351-bda9-7c3293fec598,DKS,DKS-KS2,DKS-KS2,A00
c49affa2-7a7a-4f99-a5a1-33706ae5fdc0,DKS,DKS-KS2,DKS-KS2,A01
00db0d04-516b-43c7-926b-058875bce58a,DKS,DKS-KS2,DKS-KS2,C00
2b11cbbd-d6c6-4bff-a79a-0bf812ca4396,DKS,DKS-KS3,DKS-KS3,A01
ad0a287c-68c9-4021-9643-8f102e141a02,DKS,DKS-KS3,DKS-KS3,C00
c267147b-ebea-46bc-a483-92c55db8b294,DKS,DKS-KS3,DKS-KS3,D01
1f9c776c-674f-4f69-b887-4409afaeac59,DKS,DKS-KS3,DKS-KS3,A00
5e466436-8071-4c02-8968-3988951d69f8,DKS,DKS-KS4,DKS-KS4,C00
eb09ce19-53cc-43f6-b0ff-8136a4831d32,DKS,DKS-KS4,DKS-KS4,D01
989db322-440e-42f0-b07c-ffe1685bd270,DKS,DKS-KS4,DKS-KS4,A00
d1e2c8e1-24c1-4b6a-bcc2-8dd0671d7abb,DKS,DKS-KS4,DKS-KS4,A01
8175709a-c8b4-46b1-9cc8-7350e28baaad,DKS,DKS-LKT,DKS-LKT,A00
b7aaa1f2-be79-47cd-a8aa-420b44cc2fd7,DKS,DKS-LKT,DKS-LKT,A01
8f2d239b-9fee-4283-ba99-313f558a9825,DKS,DKS-LKT,DKS-LKT,C00
c07ce760-a595-4888-bce7-0e93cb8f665c,DKS,DKS-LKT,DKS-LKT,D01
29fd25ca-0fe9-4479-884a-66a0afd44b75,DKS,DKS-LUAT,DKS-LUAT,A00
25246695-842e-4af1-a5b2-f16bef8c96d7,DKS,DKS-LUAT,DKS-LUAT,A01
a9e22606-054a-4d28-9bac-d6661f167e79,DKS,DKS-LUAT,DKS-LUAT,C00
69544915-258c-472b-9a31-0567acd4f0d1,DKS,DKS-LUAT,DKS-LUAT,D01
ea694f9e-9f53-478f-99a2-264a0ff62781,DKS,DKS-KS1,DKS-KS1,D09
678acee6-64ac-41f7-88b7-13e144ef26cc,DKS,DKS-KS1,DKS-KS1,D14
3345d5a6-fc68-44e8-b914-6bb35752f35f,DKS,DKS-KS1,DKS-KS1,D15
5f373fa3-8a64-40db-95ed-22869f1436a2,DKS,DKS-KS1,DKS-KS1,D07
32c18340-6b06-4dd1-b1e7-b637ece4e898,DKS,DKS-KS1,DKS-KS1,C01
b770062d-6727-424e-9233-96adfd8a1131,DKS,DKS-KS1,DKS-KS1,C02
7e6c73f6-689f-45d3-a2c9-84bc065664a5,DKS,DKS-KS1,DKS-KS1,C03
2f0c522b-55d5-4707-b379-78ab4c256993,DKS,DKS-KS1,DKS-KS1,C04
39f5229e-6ae1-4283-81f3-ba4cfdf7bf16,DKS,DKS-KS2,DKS-KS2,D07
0f66cd5a-6d6b-40e1-a4a3-93878715a2c9,DKS,DKS-KS2,DKS-KS2,C01
4b132eb0-26c1-4ce5-a9f3-0efa67b55689,DKS,DKS-KS2,DKS-KS2,C02
0d64630c-10c0-489b-a818-97c67d347304,DKS,DKS-KS2,DKS-KS2,C03
5bc2a50d-0ebb-4cfb-84a3-99ff792c0a57,DKS,DKS-KS2,DKS-KS2,C04
d1a37fc1-1111-46dc-80e5-0deea72135a4,DKS,DKS-KS2,DKS-KS2,D09
26dd4399-1c9e-4630-92fe-e71009ac934e,DKS,DKS-KS2,DKS-KS2,D14
5c3bd8d5-99fa-47d8-a08e-6b0c598fb24a,DKS,DKS-KS2,DKS-KS2,D15
cc04e39e-f39c-4995-874b-52d08ae010fe,DKS,DKS-KS3,DKS-KS3,C01
28e06ad3-3210-4b6a-8a0e-a39766105c41,DKS,DKS-KS3,DKS-KS3,C02
620f491d-365d-4656-be30-708b7c9225c7,DKS,DKS-KS3,DKS-KS3,C03
a6e31c86-4521-4a90-a500-86b715f82d79,DKS,DKS-KS3,DKS-KS3,C04
4a464dbc-8043-4959-88e9-1a9e5c435327,DKS,DKS-KS3,DKS-KS3,D09
883fb262-dd80-43f3-b050-9d04738b103a,DKS,DKS-KS3,DKS-KS3,D14
c4790c68-b1c5-4594-a7ca-0ac44e79ea57,DKS,DKS-KS3,DKS-KS3,D15
67e5e841-0037-41c3-a7e4-59340fa55227,DKS,DKS-KS3,DKS-KS3,D07
63e752e6-2058-4234-a132-8f941b4091b1,DKS,DKS-KS4,DKS-KS4,D09
0649b580-f840-4526-9ee3-16c876a0faa3,DKS,DKS-KS4,DKS-KS4,D14
8d1bdd27-cbc0-4f7d-af29-c1014eaf2c5e,DKS,DKS-KS4,DKS-KS4,D15
efade955-29e4-4b1d-850c-2bd7472a0170,DKS,DKS-KS4,DKS-KS4,D07
45ab0aee-4465-484a-8048-2a615ead1446,DKS,DKS-KS4,DKS-KS4,C01
8b8c1f29-616b-4698-ba69-6b7556e8a0e0,DKS,DKS-KS4,DKS-KS4,C02
d5e53bc9-7fff-4a46-aeb2-6f50f9b7c9d9,DKS,DKS-KS4,DKS-KS4,C03
7f6a3f7e-473a-4981-9e8a-d0865bf358f0,DKS,DKS-KS4,DKS-KS4,C04
20371a3a-8ec7-4ff5-bb2e-a52760b40c18,DKS,DKS-LKT,DKS-LKT,C01
acd5ff1a-ab11-42df-aa01-286f562a2303,DKS,DKS-LKT,DKS-LKT,C02
562e9b25-afc9-44ee-ad62-f051d928ab5f,DKS,DKS-LKT,DKS-LKT,C03
56168783-1111-450c-ab28-372264e55225,DKS,DKS-LKT,DKS-LKT,C04
3181e12f-e0dd-439f-972e-143542cc348c,DKS,DKS-LKT,DKS-LKT,D09
6325d4ca-03fa-4506-8f1c-70bb5d8cc1f4,DKS,DKS-LKT,DKS-LKT,D14
9248bb0a-f076-43f0-b01c-3c21b841cb91,DKS,DKS-LKT,DKS-LKT,D15
da2d9934-f916-4167-b256-c7b343469015,DKS,DKS-LKT,DKS-LKT,D07
0542707a-79e0-4d03-8ca9-abb6471b30ac,DKS,DKS-LUAT,DKS-LUAT,D09
ea93c690-aecc-402b-af7f-448ee0a081ec,DKS,DKS-LUAT,DKS-LUAT,D14
7c497fe9-79f2-450f-a2b6-f2903fb2c39b,DKS,DKS-LUAT,DKS-LUAT,D15
4a0b1eee-261a-4f0a-b31e-419e73df7873,DKS,DKS-LUAT,DKS-LUAT,D07
13e772a3-d78f-48b9-a5bd-081a89a9cb44,DKS,DKS-LUAT,DKS-LUAT,C01
f745bb1c-ffa9-4a0b-a023-f4ec979946b4,DKS,DKS-LUAT,DKS-LUAT,C02
d096a96e-6b43-45ee-b000-3054d0e3139a,DKS,DKS-LUAT,DKS-LUAT,C03
514d0e6b-75b8-4e45-84f2-10d203f9d091,DKS,DKS-LUAT,DKS-LUAT,C04
df0db913-8d90-4326-8894-80493d1a934c,DKS,DKS-KS1,DKS-KS1,Q00
f022a7e7-df83-484a-9279-a8dbae5f5122,DKS,DKS-KS2,DKS-KS2,Q00
49090b36-de94-4eee-9915-ff0543268002,DKS,DKS-KS3,DKS-KS3,Q00
4f69977b-c00e-4572-9d40-bd296116b920,DKS,DKS-KS4,DKS-KS4,Q00
e4de7a56-208f-41ba-a49c-ead550ea3549,DKS,DKS-LKT,DKS-LKT,Q00
fdf0fecd-4106-46cd-a504-e4ee1a59a21c,DKS,DKS-LUAT,DKS-LUAT,Q00
aada375c-c17a-4584-8abb-7f8bb1f0f59e,YTC,7510406,7510406,A00
1fd558af-3e50-4081-9e10-ea28f939c21c,YTC,7510406,7510406,A01
f3334605-4b69-4c99-966e-c42967613575,YTC,7510406,7510406,B00
74d9deb3-bb7b-4f54-a3be-d39302e3b07f,YTC,7510406,7510406,D07
6715f86f-5810-47e9-94a3-59a529be7df3,YTC,7720401,7720401,B00
d6e46c7c-8560-46ae-b41b-6106821085e1,YTC,7720401,7720401,B08
83721383-02d8-4876-8987-12b776e7bbe4,YTC,7720401,7720401,D01
1093a586-0ec0-47cc-89ab-83fb91357445,YTC,7720401,7720401,D07
df17dc3b-70ab-415d-bd29-92c3a6288e26,YTC,7720601,7720601,A01
73a0fcfa-29c9-4844-8df7-573aa9d9820a,YTC,7720601,7720601,B00
8a31de30-e174-4213-82cb-0bf7887bcea5,YTC,7720601,7720601,B08
6c83d4f9-3497-45c2-b93d-893ee581becb,YTC,7720601,7720601,D07
7c3f1765-857c-4db6-8a7f-dc73d0866f81,YTC,7720603,7720603,A00
ece0a3ba-1520-405d-b7d5-ebf6d0d4a45e,YTC,7720603,7720603,A01
ad3a2e7c-5a2a-4400-bafd-421aac093c8d,YTC,7720603,7720603,B00
7e205ea3-a9a3-4a33-85ac-a30e00ad1646,YTC,7720603,7720603,D01
a1cd0b50-2736-4db8-b893-9bf78c330342,YTC,7720701,7720701,B00
f20427cd-6712-4a01-bbca-d59745e4bfa0,YTC,7720701,7720701,B08
44e026ad-599c-4412-859c-838afc924f1c,YTC,7720701,7720701,D01
8d744966-8d0a-47db-b9de-58cb1ee727d7,YTC,7720701,7720701,D13
936878ac-9c12-40f0-b333-954646cdb690,YTC,7760101,7760101,B00
5898a793-9bc8-40cd-b233-a78b0c3e7934,YTC,7760101,7760101,C00
b7492f67-1412-4c5f-a104-8c4b952d649e,YTC,7760101,7760101,D01
ecbe5c4d-5219-4afa-804e-4c36fb2a6097,YTC,7760101,7760101,D66
6614e0e4-5911-4d55-aa07-128818fbcf33,YTC,7480109,7480109,A00
542a381e-e344-45e7-bac8-e4fa6535696a,YTC,7480109,7480109,A01
a36aa8a0-2e29-4165-ab55-6a8924c7a409,YTC,7480109,7480109,B00
a9a345c6-b7ed-4546-8005-0ea539fcc7e2,YTC,7480109,7480109,D01
29758617-d9ba-4f3d-b610-43e233856370,YTC,7460108,7460108,A00
6bb69139-5055-4b2e-a4c5-4a3628deb276,YTC,7460108,7460108,A01
5b021c43-1ba9-4be2-86f6-2cb08ab90165,YTC,7460108,7460108,B00
98859f28-f803-42bc-8955-e4d872f4fe04,YTC,7460108,7460108,D01
2540222d-9ed7-4256-9f2e-f2cf80a598f8,YTC,7510406,7510406,D01
dabeafa9-ab06-46b6-87f6-5c4d44eb330e,YTC,7460108,7460108,D07
151d3c22-941e-4b1e-aff3-4b7a05d14d11,YTC,7460108,7460108,X26
b3d9bdad-8371-4373-bf14-a27d9e14a706,YTC,7720401,7720401,B03
bc85a2b4-f96d-45a5-a674-35f545bb8a38,YTC,7720401,7720401,C02
5426d7a8-2350-4a79-aeb1-816b5402c922,YTC,7720601,7720601,A00
d5794562-1403-41fe-9ec7-a0dcdd0ee75a,YTC,7720601,7720601,D01
635b0646-627d-4a26-a5bd-2611895af84c,YTC,7720603,7720603,B08
8a1ae723-6fda-4fb4-8cd2-7dc965b227f7,YTC,7720603,7720603,C01
a8059c76-b5a5-412e-b50c-7d3e51d79ab1,YTC,7720701,7720701,B03
c7141aa3-4dce-433f-b7ca-f6fad6114778,YTC,7720701,7720701,C02
76c3cccb-e02b-4745-aee4-804703c77e63,YTC,7760101,7760101,C20
0f3711c7-f7f1-4554-bc25-167313b6f6da,YTC,7760101,7760101,D14
4c1df8fb-8beb-413a-bbd8-ee69d852bc14,YTC,7760101,7760101,D15
5ca89755-7cad-4b41-9aa0-3861d3a0c943,YTC,7760101,7760101,X74
f7dd3ce0-3684-47f4-9a64-e5727bf57577,YTC,7760101,7760101,X78
6759c47c-eb29-4bc6-90c3-006f010f95c4,VHD,7310101,7310101,C00
a728c6a8-0a91-4218-bd66-3af88d98e84f,VHD,7310101,7310101,C19
b5f866a5-99dc-4075-b31e-ed9216bdae6a,VHD,7310101,7310101,C20
96d8dd23-bf7c-4c00-b764-400aedaa5e6b,VHD,7310101,7310101,D01
241729da-458d-4b7d-b874-263975e785dc,VHD,7340101,7340101,C00
ed35093f-69e7-4f4f-bf74-a40049fde0fc,VHD,7340101,7340101,C19
4fb17acc-7c99-47a0-8e3b-b9e35aa431f8,VHD,7340101,7340101,C20
07309e30-eed3-48e7-8bae-0b190b01e45b,VHD,7340101,7340101,D01
bda15b55-1a4c-4935-8d38-4fb104f8daee,VHD,7340201,7340201,C00
9004c15a-75ce-4886-875c-dcbc891810b9,VHD,7340201,7340201,C19
03a35a14-d05a-457f-8a21-5c0d73ebb898,VHD,7340201,7340201,C20
d63aa70f-7fcf-4023-ad1f-e4e8f7ef109a,VHD,7340201,7340201,D01
e1f2c781-ed91-4e96-9741-a92a9acd0773,VHD,7480201,7480201,A00
3a0f2209-58c5-498e-b750-0338440095b1,VHD,7480201,7480201,A01
97ab2fd2-9a6f-494f-9d47-2ac8f0148db8,VHD,7480201,7480201,C01
e3454d2c-0cb4-4fb5-bcec-80935c4ff9e0,VHD,7480201,7480201,D01
308d5aae-9c7e-470a-bd5c-fc18c942cda4,VHD,7510103,7510103,A00
3f4ed8c9-b1aa-46e2-a950-104ecdb5fc70,VHD,7510103,7510103,A01
7a69bf31-4d9d-44c9-8204-0c56b43c992b,VHD,7510103,7510103,C01
c6292fc3-1cbf-44f2-815d-9e7e47d39d3f,VHD,7510103,7510103,D01
8ba169a9-b428-4318-9942-8bd83ccf0ec2,VHD,7510201,7510201,A00
13efc1b7-77dd-4e4e-8095-f58668ae757b,VHD,7510201,7510201,A01
dd83a365-811e-4899-a292-185d9665f399,VHD,7510201,7510201,C01
adbb39c6-30c8-4484-b8ec-099ef54c3c44,VHD,7510201,7510201,D01
71fca10a-51ad-46e3-b222-a29626f2b6dc,VHD,7510205,7510205,A00
2fc6cb27-a61b-4b9d-9128-ddfb52c41cf0,VHD,7510205,7510205,A01
149d4169-6e8c-486c-936c-f41b5a7fca41,VHD,7510205,7510205,C01
924ad1b8-5faf-4efc-85d7-b1f2b5dabb16,VHD,7510205,7510205,D01
90890e5b-58f6-49a9-b912-79e1a5f33fbc,VHD,7510301,7510301,A00
0457b833-34b0-4c9d-b2da-1ef897fccd04,VHD,7510301,7510301,A01
e9ba086d-0451-4310-9eb9-bb9edd133b2a,VHD,7510301,7510301,C01
e0300f00-d802-4e3c-8d0b-c1d97909a058,VHD,7510301,7510301,D01
d7ea65e5-0bf7-4684-9dcf-d0213e8ca7ee,VHD,7310101,7310101,A07
a48a9864-d0c2-44a2-ae48-0e225f90d96f,VHD,7310101,7310101,A08
e0bcef7a-f63b-4c43-8e79-d7b398c01bd6,VHD,7310101,7310101,A09
a4de44e6-2780-40bb-be72-81c51c10bc32,VHD,7310101,7310101,C03
4de55e58-d84c-47ea-86f6-09e86a7830c2,VHD,7310101,7310101,C04
920befd3-d127-412a-a353-4b901db815e7,VHD,7310101,7310101,C14
ed4f7e9c-a881-4044-abea-c3a50c8e7bfc,VHD,7310101,7310101,D10
183c19bd-d84f-4fc8-835e-1edcc499de6f,VHD,7310101,7310101,D13
0d5bafe4-257f-4d4d-856a-f45faac6ab01,VHD,7310101,7310101,D14
ace7ec07-6ffe-4b30-a3e7-52b60a980773,VHD,7310101,7310101,D84
0f939fd6-bb73-4ce4-9654-99b148d7ef9e,VHD,7310109,7310109,A07
38991b55-5d33-4e6a-a089-b08f5f44b2d7,VHD,7310109,7310109,A08
80ec391e-728d-4635-a558-5118878146ac,VHD,7310109,7310109,A09
debb0fb9-c5c2-494f-b948-43cf3f926c95,VHD,7310109,7310109,C00
6ca7f07d-e145-4f31-9c04-8c2ebdabe4b1,VHD,7310109,7310109,C03
66f9dcae-8060-4a08-89b2-fb0fda412c5a,VHD,7310109,7310109,C04
382dacc1-1639-4314-a5c9-62e85d95b29e,VHD,7310109,7310109,C14
c5ba6572-0c87-47a5-86b1-ede715c46f10,VHD,7310109,7310109,C19
7a4481b0-929d-4933-9c5d-ec4a15801ad4,VHD,7310109,7310109,C20
c3daaf18-6f82-4b02-9ba4-e2b1e5b864a9,VHD,7310109,7310109,D01
f1c3ae88-bca3-469c-b5aa-d56eda1504f4,VHD,7310109,7310109,D10
f2574352-d7c8-429f-b201-bdbdcce0d5cc,VHD,7310109,7310109,D13
2122ed8b-59da-46af-b407-bca2062cfd22,VHD,7310109,7310109,D14
dead7456-569f-4a9b-8835-0b5e7f23439a,VHD,7310109,7310109,D84
73d0f031-9447-4eb3-94c4-a08f4f09b2bf,VHD,7340101,7340101,A07
4c47936d-e551-41d6-b362-f39d7484e39f,VHD,7340101,7340101,A08
4abc7cd1-7d8a-4740-89de-94cdd7cc0db0,VHD,7340101,7340101,A09
1396ae8a-8663-4b78-9488-59e56d166059,VHD,7340101,7340101,C03
6b6e24b4-b6f1-469a-8cf6-87c6528a1f11,VHD,7340101,7340101,C04
2e092f34-a2be-4a5e-b7ae-ef6b69c3d144,VHD,7340101,7340101,C14
65100e3e-b4fe-4d76-9586-4b52937523e5,VHD,7340101,7340101,D10
81dae66b-2b74-4993-b903-1ec359c6408b,VHD,7340101,7340101,D13
85705f26-0918-47e5-8b2b-9f50fb6c28f5,VHD,7340101,7340101,D14
74403d05-0797-434e-bf43-de57df72967e,VHD,7340101,7340101,D84
f4040573-d03f-4bb3-a35c-d9b148d85da9,VHD,7340115,7340115,A07
da8d717a-05d8-4fa6-880e-3848528370cb,VHD,7340115,7340115,A08
8a0cb2fa-a0c6-42ef-8f0d-be586f972700,VHD,7340115,7340115,A09
4bff3e36-b99b-4dc6-b2a3-ef9973abf652,VHD,7340115,7340115,C00
f29b6212-094c-414b-a5c5-42db0cce3bf9,VHD,7340115,7340115,C03
7f0f1beb-9428-4bf0-beac-b6af0090af4e,VHD,7340115,7340115,C04
bcd69ee2-adaf-4ea2-b85c-e3a8f9c0d8e6,VHD,7340115,7340115,C14
ab6a0ad6-8f6e-466b-842f-50290e6fee2e,VHD,7340115,7340115,C19
8dfc3729-8168-4157-a35c-d2e3542467d6,VHD,7340115,7340115,C20
c454691e-b217-4ce0-8f4f-887c8064f6d6,VHD,7340115,7340115,D01
32423101-da93-4e3e-8c00-296163538bae,VHD,7340115,7340115,D10
6032a354-d67a-4bdc-b1c4-d3698a41c3a2,VHD,7340115,7340115,D13
4345eadb-6a8f-428f-a403-6e66ac89c6d8,VHD,7340115,7340115,D14
2126fa39-634e-48d7-9bf1-9cf5accaff1d,VHD,7340115,7340115,D84
312df189-6de5-410c-a2d3-ca90b4fa7482,VHD,7340201,7340201,A07
b7d2b5ba-7d4e-4f45-a151-d1fdadf36c84,VHD,7340201,7340201,A08
75a4923b-0504-46f9-973b-4e03cd9d14c8,VHD,7340201,7340201,A09
830d8140-79c8-4e68-a6e1-170eaab22863,VHD,7340201,7340201,C03
06ec70e4-5e2b-4a9c-a30f-1927d0f39e4c,VHD,7340201,7340201,C04
b2a9d33f-45b1-45b1-a461-d66bf3c15619,VHD,7340201,7340201,C14
0012aa21-3791-435d-999a-d8489fe429ee,VHD,7340201,7340201,D10
eb6198dd-e7a6-4c6e-a777-f767bf20abef,VHD,7340201,7340201,D13
975725dc-31bf-4d75-ac20-f8d7d2ff41f4,VHD,7340201,7340201,D14
7876e72e-10cd-4a1c-a346-ed95cc8cb071,VHD,7340201,7340201,D84
77da41e5-ab9f-4e2e-941a-eb6b42217369,VHD,7340205,7340205,A07
11c69752-3ae0-462f-b5a1-e8c3bee3279c,VHD,7340205,7340205,A08
db79231d-1ce3-47bf-bad0-58651d14be09,VHD,7340205,7340205,A09
12bc1257-c170-4646-8444-d89c51f0865a,VHD,7340205,7340205,C00
435bc27d-2ab2-4673-a822-34993580c5b3,VHD,7340205,7340205,C03
d2dc16fb-8564-42f6-8042-60e98d4d5e8f,VHD,7340205,7340205,C04
6694173b-bab2-4df6-8539-a736a292c6d8,VHD,7340205,7340205,C14
5acf5388-4f7d-4edc-b93a-03d0685f2c26,VHD,7340205,7340205,C19
8d270ebd-a0bb-4384-96b0-ef4ed42f26a5,VHD,7340205,7340205,C20
70adac80-54aa-46b6-9fab-778a3476e45b,VHD,7340205,7340205,D01
fb63bfaa-5ff9-431e-8383-e0ce90fa3c0f,VHD,7340205,7340205,D10
25532c10-48f1-41c7-bc23-ba8562d129e0,VHD,7340205,7340205,D13
4f1d9c5e-1b72-49b6-93d5-118ff83b3e53,VHD,7340205,7340205,D14
b301132c-c092-46e3-8c22-52fd44b9a465,VHD,7340205,7340205,D84
17c9231c-13cf-4edd-9d6d-2f44f7bbb90f,VHD,7480101,7480101,A00
64f9344a-990d-499d-ac58-174660b60b43,VHD,7480101,7480101,A01
490596c9-a2af-4e90-b27a-11ef5e8f7b65,VHD,7480101,7480101,A03
96b1d1ca-b629-493b-b592-5bcc710c4375,VHD,7480101,7480101,A04
4d03345d-d3d9-466f-bec1-7452de8cdfbd,VHD,7480101,7480101,A07
83eb5429-4c3f-4666-9bb1-484068ced566,VHD,7480101,7480101,A08
c96b4572-5f9d-45ea-af22-f374f5bc1cd6,VHD,7480101,7480101,A09
834a76aa-be00-4d6a-8ee4-552d39d76a70,VHD,7480101,7480101,A10
0d27665a-f119-439a-adbf-244e14286d86,VHD,7480101,7480101,C01
cc790d41-0675-4e7d-b267-ffdb88297f88,VHD,7480101,7480101,C03
f0dc1ea9-1863-49f1-afff-ec833db4a5e9,VHD,7480101,7480101,C04
7ffabd8e-376d-41ec-8f83-57d180e17ec0,VHD,7480101,7480101,C14
ab27f0ac-ffbd-4d75-b242-cae91f4ecb8e,VHD,7480101,7480101,D01
c9ecab33-45d1-4cba-9b9d-3ea3f266abd6,VHD,7480101,7480101,D84
64a5b47c-95c6-4f79-a196-b0816c77b919,VHD,7480201,7480201,A03
aabcd90b-fb01-4648-96a5-64f503d295da,VHD,7480201,7480201,A04
d898c199-7dbf-4d3d-a1f6-29c1a735b558,VHD,7480201,7480201,A07
9c423b11-77a1-4cbf-a44e-876f8018b210,VHD,7480201,7480201,A08
78cc354d-a0c6-454c-acf7-1e341170cb89,VHD,7480201,7480201,A09
f2a065d3-3604-40eb-b986-84ceb1285a59,VHD,7480201,7480201,A10
56492684-7571-48fa-bfa2-66acf5a1e1a9,VHD,7480201,7480201,C03
be145d7f-8d94-426d-8577-063afa2b18dc,VHD,7480201,7480201,C04
74cbcc33-213a-4f2b-ab4c-3a99111c7069,VHD,7480201,7480201,C14
2fe959dd-0123-4fa1-84eb-0605c1eca9f7,VHD,7480201,7480201,D84
c195bba2-a9d9-4776-b176-6f4ca92ec1cb,VHD,7510103,7510103,A03
da1d79f2-0f7f-4c8c-95f8-04e97b6620f9,VHD,7510103,7510103,A04
ffd03b95-b08e-4532-bdd2-5aa7c5311b75,VHD,7510103,7510103,A07
9ac24d43-34cd-481b-9426-1800941b1fe9,VHD,7510103,7510103,A08
696ae6ec-d9ff-4169-b39d-de2afcc69555,VHD,7510103,7510103,A09
1def1903-f90e-4044-b9e7-85e42465f728,VHD,7510103,7510103,A10
5b8b14c4-f426-4662-a05c-fcda16a3a656,VHD,7510103,7510103,C03
5201ab38-6406-4fc7-8aa6-d9c763ba045e,VHD,7510103,7510103,C04
15b6fb0e-305b-4251-9cfb-9d1b2ea72ea6,VHD,7510103,7510103,C14
0ece5945-0998-453c-8881-c694e09fbdff,VHD,7510103,7510103,D84
feea5735-bc49-42c8-8d4d-71065c80cc12,VHD,7510201,7510201,A03
c8a79988-9e8f-480f-98a5-e9bb460ab511,VHD,7510201,7510201,A04
f367394f-18f2-4abc-b19f-029c0db6cd14,VHD,7510201,7510201,A07
6b3dde54-d5ba-4951-bfe4-3b52fd62e000,VHD,7510201,7510201,A08
e0a50fef-14bc-47dc-bf06-ea1eb512d699,VHD,7510201,7510201,A09
0aebd35c-c67b-41ac-80d1-0135b5b47c74,VHD,7510201,7510201,A10
b37c445f-6b91-4047-b5e8-5d74800cdcc5,VHD,7510201,7510201,C03
aefcc031-7b55-4bb9-91d0-93e42667c857,VHD,7510201,7510201,C04
41d82f73-57c4-4ce9-b72f-6a2ca5a93dda,VHD,7510201,7510201,C14
2c87a8d3-7806-4c50-bb85-503f8b7a13ab,VHD,7510201,7510201,D84
f283e94f-3d8c-487e-87c0-b7d5a165ccfa,VHD,7510205,7510205,A03
284d2030-0ba3-4d13-8f78-b205c26ee666,VHD,7510205,7510205,A04
35691b2a-00fe-41dc-a8d9-b4dfe49a3d10,VHD,7510205,7510205,A07
db6c4692-6c7b-4cf6-8fa3-bd4d03bc4746,VHD,7510205,7510205,A08
e361d4ed-29ba-4be3-95a1-dba79570bf70,VHD,7510205,7510205,A09
691170ff-8540-4b7a-8e9f-ee6153de8c38,VHD,7510205,7510205,A10
37531a5b-c564-421f-b147-467d6bb2202e,VHD,7510205,7510205,C03
018f73c6-22d3-41e4-91a5-0acf075aa87c,VHD,7510205,7510205,C04
f07b16ee-e942-4f0f-96cd-08423d1a4035,VHD,7510205,7510205,C14
d625f0cd-e4c9-4838-936b-4628009612c6,VHD,7510205,7510205,D84
4e0f9687-78a6-48a1-8e4c-307309cb0bca,VHD,7510301,7510301,A03
e97ae5d5-a15b-41fb-9381-b0f002f18411,VHD,7510301,7510301,A04
10f633a8-6bd8-41b9-9a97-947d9daf2e37,VHD,7510301,7510301,A07
4c88ab5f-7948-47a8-9222-733680ef7ac0,VHD,7510301,7510301,A08
6d22619e-91a1-4728-bd4f-a3d976b38a0d,VHD,7510301,7510301,A09
58d0b3dd-0069-41e4-b45e-1e728e9a4dd1,VHD,7510301,7510301,A10
2063cef9-47ce-4ae4-8e39-0113c3bf9b79,VHD,7510301,7510301,C03
9deae62d-417a-4a6f-b607-ea7a66d4b316,VHD,7510301,7510301,C04
3e49e315-ca35-42df-8cf7-ed3f1d00a082,VHD,7510301,7510301,C14
bb62ba85-4aa0-40a6-b418-67d04b7e3f78,VHD,7510301,7510301,D84
35d23162-f948-4d72-9b75-a6eced228aca,VHD,7510302,7510302,A00
4fa47e27-6574-489c-bd9d-5ad2b123f65d,VHD,7510302,7510302,A01
0907dad9-61fd-4dd3-b5f5-2a2a3eb27078,VHD,7510302,7510302,A03
e9bcb0ef-b3f8-4b9c-8a21-b38d76e80796,VHD,7510302,7510302,A04
2d3241c9-6741-49a2-82bb-f163859a60f1,VHD,7510302,7510302,A07
9c3ea6d6-6ca7-4965-95af-1bb647227b8e,VHD,7510302,7510302,A08
00cb5aff-8a8d-4063-9e51-70edb13f5ba2,VHD,7510302,7510302,A09
e38d7dba-db1c-4553-9f3e-235a7be41130,VHD,7510302,7510302,A10
e4de1514-8d2b-4971-b5a5-f1d485d780b5,VHD,7510302,7510302,C01
192b3fd3-b6bc-4925-98d5-ab472d3a6fd4,VHD,7510302,7510302,C03
34350b79-bde4-4892-b8fa-b947c3f2d188,VHD,7510302,7510302,C04
89db071a-315b-48f8-9b34-c2568768d8ee,VHD,7510302,7510302,C14
23fd9d1d-da54-42af-90b9-c330f0866a3a,VHD,7510302,7510302,D01
090c12b0-db97-4bff-97a1-c58e1d744fab,VHD,7510302,7510302,D84
e69818eb-e994-4949-8b57-67bf5b2cf5e3,DQK,7210402,7210402,H00
4a783f6f-0085-42b9-aa0e-c603e5da4eec,DQK,7210402,7210402,H01
63aaeb8b-fa71-4e2f-9159-7d90f0c26e2d,DQK,7210402,7210402,H06
782ef6d3-a0a7-43ba-8804-a9482e536655,DQK,7210402,7210402,H08
00401809-f2bd-48e1-bbbe-6a8701ebc762,DQK,7210403,7210403,H00
89c1c540-345c-4d6e-9fa2-4ffe45b6212b,DQK,7210403,7210403,H01
2514a057-3af3-497e-85e7-687ea777efa5,DQK,7210403,7210403,H06
4a4b13ec-661c-4606-98d9-604ae2e1ff13,DQK,7210403,7210403,H08
b0e0c012-19f9-4c36-a802-329bc2bea861,DQK,7220201,7220201,C00
d8c56667-aa48-47fa-9223-5d446ebe193e,DQK,7220201,7220201,D01
f6f14634-d196-4bbc-8f4c-6582efdb82e6,DQK,7220201,7220201,D09
bedb1970-7a22-4df1-b730-7f8a439dc707,DQK,7220201,7220201,D14
945326fb-4271-4cfe-8116-3a6acb139fca,DQK,7220201,7220201,D15
46e10614-47ee-4e86-8bb0-45dce76a7828,DQK,7220201,7220201,X25
2f20a896-fe1a-45d0-a882-15a482a2366b,DQK,7220201,7220201,X78
e24b628f-0867-41aa-be85-6a226657e67a,DQK,7220202,7220202,C00
20a9c34b-9b02-4188-8673-8cc9e476f24a,DQK,7220202,7220202,D01
a0f170bb-b2c2-47d0-8fbd-f0efcba36659,DQK,7220202,7220202,D09
6e525a7d-05f3-4d14-98e1-304262462f77,DQK,7220202,7220202,D14
d5fb4529-30e5-48b9-9cae-e44ae3c164f5,DQK,7220202,7220202,D15
3baa0563-dc17-4c50-a00f-cfbf134ab0a7,DQK,7220202,7220202,X25
da0a6385-91c8-463e-93cb-1ab7e83a94c5,DQK,7220202,7220202,X78
5c5ed849-2b77-44ab-a952-a9cb380c19bf,DQK,7220204,7220204,C00
b6656467-d78f-4e1f-b4cd-b308e10d1482,DQK,7220204,7220204,D01
74b77556-a0e7-4b01-bf6c-ae3231178f0e,DQK,7220204,7220204,D09
9bfa5d94-b268-4b87-9dfb-667bd9d3ffe9,DQK,7220204,7220204,D14
d0afc4bf-f72a-44cc-8a3d-fb9870f9aeda,DQK,7220204,7220204,D15
08b81d03-cd6f-4b06-bbef-0939731a06b8,DQK,7220204,7220204,X25
3680918b-c05a-4d66-bf42-5e234307e550,DQK,7220204,7220204,X78
ac71a062-07fa-4273-ab08-0e92e380ea8c,DQK,7310101,7310101,A00
f2007557-aee5-43b8-8ad9-e6551bdcf683,DQK,7310101,7310101,A01
b3e050ca-c90e-4722-9738-728615452845,DQK,7310101,7310101,D01
02c3fdf7-fa2a-4e4f-ac7c-fae0300766c1,DQK,7310101,7310101,X05
cad62996-a46b-4d79-927f-aa663ad4cbee,DQK,7310101,7310101,X06
93194774-e801-4f71-a944-684645d674f1,DQK,7310101,7310101,X11
9ea9021f-9baf-4833-9a71-83abd4161ff8,DQK,7310101,7310101,X17
704f1c97-28ca-42b7-a007-090bbf89cef6,DQK,7310101,7310101,X21
82adf0b7-2411-42ea-a588-4b122fd6836f,DQK,7310205,7310205,C00
55242f19-5b1d-4cde-8d62-82a0cd8cd35e,DQK,7310205,7310205,C04
803163ba-38b1-45ea-9b8d-70241e6995ef,DQK,7310205,7310205,D01
53981b40-5113-432d-9d4f-cff6eb3bbd00,DQK,7310205,7310205,X05
023bb2dc-1f13-4453-ab23-8c5bec5ae30c,DQK,7310205,7310205,X21
8b17efeb-8d70-4962-9fdb-11cb06b49f3d,DQK,7310205,7310205,X62
438bfd52-922d-4e36-aa6a-223a1980aa44,DQK,7310205,7310205,X70
0e41e6b8-437f-41f2-889b-779298ee9b94,DQK,7310205,7310205,X78
691d4acc-1676-443f-88c8-a9c901cd8e2a,DQK,7340101,7340101,A00
4e23b525-7269-4761-878a-3f6b293b098c,DQK,7340101,7340101,A01
97f56ac9-a0d1-4190-a829-afc7863a8935,DQK,7340101,7340101,C04
14ce58cf-d353-4b10-8f8e-e0b89c0d970b,DQK,7340101,7340101,D01
587484b3-8eda-4cc9-ba79-33c556d47c57,DQK,7340101,7340101,D09
86519978-c556-449e-9eb6-d24c44a78e51,DQK,7340101,7340101,D10
8ea1dfcf-0ff7-4777-998a-f51881b64dac,DQK,7340101,7340101,X17
f0ae5faf-248d-4e9e-9a34-4221e73167f7,DQK,7340101,7340101,X25
8d6bbfd5-c12c-4552-984d-3fce24317030,DQK,7340120,7340120,A00
dcb8a49a-3320-4b17-a1f6-b670ccfb3705,DQK,7340120,7340120,C04
6612b7e7-cecd-400b-b2ff-bd77a7aaea3f,DQK,7340120,7340120,D01
a33b5da5-cbd7-438b-8e51-c19afa3fde87,DQK,7340120,7340120,D09
36c3af8b-06ec-4518-8cd7-6328fb475bfb,DQK,7340120,7340120,D10
6b2630c9-b207-4550-95ee-58e878d620ec,DQK,7340120,7340120,X21
3b6057d9-7b00-4824-9049-19d3e4a18873,DQK,7340120,7340120,X25
48f16659-4d9c-4e69-af5b-65e8af80b4dc,DQK,7340201,7340201,A00
d1ebda23-01c3-4e5c-ad3b-f43cbcaa5dbd,DQK,7340201,7340201,A01
8da25c2e-4b73-453b-9fbc-c2b9c6220c5a,DQK,7340201,7340201,C03
6673815d-0354-458b-97c2-ebae39cae654,DQK,7340201,7340201,D01
79ac0d03-9b70-47e6-ab62-51025ae1db77,DQK,7340201,7340201,D10
f005fcf7-d4a3-4a06-bb86-ea95b2e98efa,DQK,7340201,7340201,X01
5200eb13-d35f-412a-b6d2-2d2e4bc523b6,DQK,7340201,7340201,X17
2798be70-82d7-4eb2-93a3-c9d7f3263870,DQK,7340201,7340201,X25
36efa06f-409b-4c68-a495-20370f79f338,DQK,7340301,7340301,A00
e888e24d-6f62-44ce-b1e5-cd9000306610,DQK,7340301,7340301,C01
07380028-1622-4c27-af1e-491c50ad1b84,DQK,7340301,7340301,C03
f9cea274-78d7-4c64-84fb-1504870ebbe3,DQK,7340301,7340301,D01
1ebcfd9f-1ed9-48f4-b27b-3b5adffbcac7,DQK,7340301,7340301,D09
8f154eda-924d-4b71-a02e-a9499c2b65b7,DQK,7340301,7340301,D10
2bdc5f17-9820-41e9-912b-e279378ca6fa,DQK,7340301,7340301,X17
638f61b4-93a5-4353-a0cc-825afa2a49f5,DQK,7340301,7340301,X25
4b10cedf-b48b-41da-b421-23187db6d7e6,DQK,7380107,7380107,A00
a6db5549-7699-4298-892f-4d3878a7b836,DQK,7380107,7380107,C00
ae673300-3b73-4b75-aa5c-438e19ba4e95,DQK,7380107,7380107,C03
ceef20d8-30d2-4883-9c4e-7eaf65676ed6,DQK,7380107,7380107,D01
6da9eec3-67de-4707-b600-19c71a1c0981,DQK,7380107,7380107,D09
4378b459-ac09-4b5f-bd16-682d1325177d,DQK,7380107,7380107,D10
7a8984d4-fc2c-4efe-8829-7839b391ec7b,DQK,7380107,7380107,X01
9b63efd6-5d17-49c4-83ab-156e9eb55db5,DQK,7380107,7380107,X25
56007c09-a02f-4ef5-a727-4aab876fce1f,DQK,7480201,7480201,A00
6f9c7bcb-0f84-4fe1-820b-6cb73c550c84,DQK,7480201,7480201,A01
fa6cd113-5669-4d54-a4e1-d3758cf41c65,DQK,7480201,7480201,D01
d67ab0ae-4c0a-4f60-9dac-5fa1c757266a,DQK,7480201,7480201,D10
a950e0a0-48c7-47c3-888f-a06d37629aa4,DQK,7480201,7480201,X02
92506358-e2b5-4fc6-95bb-af9fe78fcd75,DQK,7480201,7480201,X05
e8d14e4a-751e-4af4-9f0e-4658ab574a51,DQK,7480201,7480201,X06
e428b5be-d45e-4e4a-ab89-e72ed7104d60,DQK,7480201,7480201,X26
b3cd12ef-96d5-49d9-9203-7fa79a0506e4,DQK,7510203,7510203,A00
49381282-2485-45c5-b3f5-b8ab90fefd81,DQK,7510203,7510203,A01
747c3a55-0189-40f9-ae75-34c911a699a2,DQK,7510203,7510203,D01
748e7057-e833-414b-8870-5a27e02cc42f,DQK,7510203,7510203,X05
d9e76cc5-f294-4a10-8299-2cf7e595c56e,DQK,7510203,7510203,X06
9b63ff9c-4607-4639-a6ff-0ded8bb1bc8e,DQK,7510203,7510203,X07
59d8cef0-98f0-42d4-a757-c8fffd246e1c,DQK,7510203,7510203,X11
cd198e97-7484-4ce5-adf3-787a450b6259,DQK,7510203,7510203,X21
1010d365-6df2-4b4a-8ea3-154370a0e676,DQK,7510205,7510205,A00
f660ffe7-8c03-472f-bce1-310c89463b7c,DQK,7510205,7510205,A01
8fa41295-fffe-4bd0-b7a6-a8a650ec98e0,DQK,7510205,7510205,D01
2d5aa972-cbcc-4b5b-9e2d-f16b538917c3,DQK,7510205,7510205,X05
d5849937-2b32-43a7-8b4b-57eb088e3e1b,DQK,7510205,7510205,X06
9dee5fe7-b8f8-4694-8f7b-74989024ca3a,DQK,7510205,7510205,X07
83c0c91a-0a5f-4840-8fb5-4f8d0ff3db7a,DQK,7510205,7510205,X11
359eccaf-4f52-419e-9593-31aec86df43b,DQK,7510205,7510205,X21
54e3ebe2-0bcf-44c2-9c1b-a0954236ddeb,DQK,7510301,7510301,A00
ce888232-4880-4c6c-902c-cfc7e4f39625,DQK,7510301,7510301,A01
ebde39f0-68b0-4c38-8045-abf55ac839f6,DQK,7510301,7510301,D01
e4d61e72-960d-4d84-b3d9-6eb10529581d,DQK,7510301,7510301,X05
e9aadc9a-6ae9-446d-90b6-ce3f6accc3ba,DQK,7510301,7510301,X06
8be5a2ea-d423-4d8a-9321-e8bd2a2e9d05,DQK,7510301,7510301,X07
de00a4d8-f1b4-41ed-965a-669f3fad4ca6,DQK,7510301,7510301,X11
21128add-c8b4-4bde-809d-def1289a29f4,DQK,7510301,7510301,X21
b15b6188-da98-490c-8508-e1a67e8ebe19,DQK,7510406,7510406,A00
3583209c-81e9-4328-9f5c-662253331893,DQK,7510406,7510406,A06
e2ac904d-04d1-4bd0-81f6-96b473f9aa70,DQK,7510406,7510406,B00
c9ef72f4-8612-4c63-8074-7ee6734a50fe,DQK,7510406,7510406,B03
998119d2-2778-48ba-b37d-877f78ea3972,DQK,7510406,7510406,C02
98fe69ab-7a1b-4853-9fd3-5d3c51dba477,DQK,7510406,7510406,X05
0b57ae62-9773-44ca-80ec-695db3962888,DQK,7510406,7510406,X07
330676d8-4467-49e8-a342-d895ed025198,DQK,7510406,7510406,X11
1b19452f-d43a-4cf3-8870-18f140d9c88b,DQK,7580101,7580101,V00
c61cf124-044d-4374-a11b-7df086be148f,DQK,7580101,7580101,V01
86aed9a9-4be8-4642-ab2c-511e892258ef,DQK,7580101,7580101,V02
bf611a79-b9f6-4aa0-8140-fb34bc1c3d52,DQK,7580101,7580101,V06
4d23c0ce-3bc0-4711-9c42-54507f857f85,DQK,7580106,7580106,A00
2d390491-292a-4d0a-ab51-f77350df71c2,DQK,7580106,7580106,A01
ceb47118-5650-48af-a41c-56df167f7f94,DQK,7580106,7580106,D01
e7e5025f-7399-4b5c-a415-62caf9ecaa85,DQK,7580106,7580106,X05
4a223d99-015a-4d2e-8b90-d3e87e55303d,DQK,7580106,7580106,X06
664850e4-9349-4430-b8ee-9eb6a20c34b8,DQK,7580106,7580106,X21
aa939c48-d1b9-420d-8c91-e52cdf6b043c,DQK,7580108,7580108,H00
209f1508-756f-4955-8b7d-ef08d195054f,DQK,7580108,7580108,H01
e994cef3-4f73-4917-bd7e-b014603a4f92,DQK,7580108,7580108,H06
80c0e4dc-6ef0-419a-91de-98e13d3f7d3f,DQK,7580108,7580108,H08
53c679c7-ff1b-44aa-8546-2b24511c64fc,DQK,7580201,7580201,A00
901d190c-ec3e-4250-8fa8-3c05a87f9ae4,DQK,7580201,7580201,A01
2049fc0b-5b25-4c94-a52b-8f1b9d555d8b,DQK,7580201,7580201,A04
d9e4abe8-cc1a-4f3e-b4dc-4268a893d09a,DQK,7580201,7580201,B08
634ce481-bf8c-43a9-bacf-bf4c72f69711,DQK,7580201,7580201,X01
838c7f1e-09a1-4800-8425-b5affc66eea6,DQK,7580201,7580201,X05
447f3255-7e35-4cf7-acb2-7be8dadc4a73,DQK,7580201,7580201,X06
85016a60-e89c-4cda-9966-5d1e492bf093,DQK,7580201,7580201,X11
d2f31277-1915-4218-8c3b-606a87f5e030,DQK,7580201,7580201,X21
b4fef482-825f-429b-8254-1e149ecd6e93,DQK,7720101,7720101,A00
e33ca948-4400-48c8-9012-b0f719a394c3,DQK,7720101,7720101,A02
4769380a-a58d-4530-92f4-345af3b473eb,DQK,7720101,7720101,B00
07b3e627-0b9e-486c-b87a-c22ac400e2b4,DQK,7720101,7720101,B03
2da90f86-a091-481b-8cc1-1c4ea989ba2c,DQK,7720101,7720101,D08
160d4c73-fda3-47d5-8707-ad9a9a212143,DQK,7720101,7720101,X13
525799cb-1f7b-429a-beb7-0f394aa6bb98,DQK,7720201,7720201,A00
0f3aa74e-bf1a-4383-9436-8fdab8a510bb,DQK,7720201,7720201,A01
f2de0072-7620-41e4-8f4f-37b233a99e59,DQK,7720201,7720201,A02
a45c9e18-2cde-47b3-ac3e-cf693aa48bcc,DQK,7720201,7720201,B00
f95586c3-07e4-47eb-acca-8f493fb227a4,DQK,7720201,7720201,D07
064ed938-8a2f-4d5f-ba6a-b9fa5174d994,DQK,7720201,7720201,X06
da805f51-20b8-4ddc-bbd8-ba068e53f1ba,DQK,7720201,7720201,X09
5f0a9548-462a-478b-9aa7-dfcb71e7cbcf,DQK,7720201,7720201,X10
1c61f046-80f2-44b2-b967-6e51cd90fa0e,DQK,7720201,7720201,X13
3dc1ce42-6aea-4fc8-8128-779da223f264,DQK,7720301,7720301,A00
aa619f86-161d-4562-8dfe-aaa7ac99f199,DQK,7720301,7720301,A01
d068b8f3-a012-442f-a8fe-7e017624f655,DQK,7720301,7720301,A02
b1801b88-050a-47f3-89ea-2fe8fffcfa99,DQK,7720301,7720301,B00
61ba5bd6-22fb-4318-9551-67c559896ee4,DQK,7720301,7720301,D07
3ee16e9e-c3f8-4daa-a8b6-5f53743114dd,DQK,7720301,7720301,X06
7b7f6f1c-28ea-4d89-a5ab-bddf13fdd5f3,DQK,7720301,7720301,X09
3e4bb8d8-d2d3-46d1-a84e-7e688a857fa0,DQK,7720301,7720301,X10
4a725055-f156-4df7-a39c-a8641a2c93e5,DQK,7720301,7720301,X13
06c736d9-b2de-4b4e-9026-169defe88669,DQK,7720501,7720501,A00
d033130f-c476-40e3-ad6d-7239f153018a,DQK,7720501,7720501,A02
f29280b0-b3e4-47dd-8305-95e06009f77e,DQK,7720501,7720501,B00
a2ab5f3f-0d7d-467c-817b-fca4cce2d841,DQK,7720501,7720501,D08
b36c764d-2e51-4fdb-9533-9cdebebed19a,DQK,7810103,7810103,A00
f5499f7a-524d-4b86-84fe-185a591172f5,DQK,7810103,7810103,A07
237bc65d-5bc3-42e4-94bd-8e20df510bd7,DQK,7810103,7810103,C00
4877ee9c-28d3-43ac-9263-d4dbdd5898ab,DQK,7810103,7810103,C04
0171f0d7-aa5a-4728-94f3-eab881cd0165,DQK,7810103,7810103,X05
32965149-56e4-4205-98ae-8ce1408326fb,DQK,7810103,7810103,X21
c70dd762-2d6f-4926-ab98-6d496046a0ef,DQK,7810103,7810103,X74
3af1260f-839d-48bb-956e-a2fb602a6c4c,DQK,7810103,7810103,X78
893c3052-f43e-4a36-a9d0-8e8c446c0e94,DQK,7850101,7850101,A00
0158f3a0-1d50-4e4a-8068-56e44cbb00a4,DQK,7850101,7850101,A06
cc424178-a3cc-4f46-8017-798c17448044,DQK,7850101,7850101,B00
a889dada-393b-4418-b1e2-c35aba7b7708,DQK,7850101,7850101,D07
7aa0a70b-5fdf-48de-b316-6b700e5c27d1,DQK,7850101,7850101,D12
67dcf6f0-3529-4a85-a99c-28e4e16dc84d,DQK,7850101,7850101,X01
b34c9d30-7df1-458e-9ed5-3d3db4cd0fc0,DQK,7850101,7850101,X13
d07876d3-5e3c-40e1-a296-a6ec280f55d0,DQK,7850101,7850101,X62
96a1175c-6b07-4533-9021-7cf3cf0343d7,DQK,7580101,7580101,H06
45c94044-40e2-4606-962d-a52e71ef8cc0,DQK,7580101,7580101,H00
0e596513-e0c1-48b0-bddc-ca0259901007,DQK,7580101,7580101,H02
2079914e-d40c-4352-93ce-2bbc068091ec,DQK,7580101,7580101,V03
308adb34-3f1c-427b-bc37-e203c8c44ab6,HNM,7140114,7140114,C00
57e103fc-df5a-4ffc-884c-184ef072fe39,HNM,7140114,7140114,D01
72c96bba-971d-4ed5-bfc9-5c233e47e58e,HNM,7140114,7140114,D14
5bc08e38-9a2b-418e-a027-ee9e48f527fd,HNM,7140114,7140114,D78
139df5fb-fec9-4558-90a9-b484400cff81,HNM,7140201,7140201,D01
1badcc20-5332-45dd-9a3f-f51168027145,HNM,7140201,7140201,D72
a19aa3bf-63d1-4e25-97bc-8e6b43c4a917,HNM,7140201,7140201,D78
ae3d891f-e0b9-4cb6-aa36-38946e8d1d82,HNM,7140201,7140201,D96
ee9f4460-768f-4fb2-8b34-99ab8297ecd7,HNM,7140202,7140202,D01
653d705b-afdf-4d96-866e-2ad0c8bd7215,HNM,7140202,7140202,D72
2d3be481-a008-4423-ad0f-63dc6a643325,HNM,7140202,7140202,D78
a011d5cb-9676-4778-9da7-261198551d5e,HNM,7140202,7140202,D96
86665a4d-c645-4365-a40a-632bc2ccc0bb,HNM,7140203,7140203,C00
01ecc197-78b4-422f-ae98-1769266e2c6d,HNM,7140203,7140203,D01
f0fc1c9e-1ee9-4856-853b-4ef65a007337,HNM,7140203,7140203,D14
292c9a5e-657d-4c80-8c65-a0b7c5fe7d6f,HNM,7140203,7140203,D78
22caeac5-4570-4aa6-83b8-e4469afec454,HNM,7140204,7140204,D01
59e9d83d-5f18-428a-8f21-6b02ea04c1eb,HNM,7140204,7140204,D14
0bb84b12-096e-4498-b5d0-8eecf53bdb50,HNM,7140204,7140204,D15
89ce2c8d-d24c-4dbe-a22f-4ba4b89e6f5a,HNM,7140204,7140204,D78
a22933a6-b7ad-42c2-806e-7f22aa1b2a3a,HNM,7140209,7140209,A01
9d5d72aa-fce6-4ff1-9bc8-9c0d11063159,HNM,7140209,7140209,D01
e10c240c-1553-4230-804c-35c518a20e70,HNM,7140209,7140209,D07
ee3e0870-dfe5-4ee8-8920-1ede6687515d,HNM,7140209,7140209,D90
ff62eea0-83a0-410a-a519-1e430eccc444,HNM,7140211,7140211,A01
c3cc0adc-5fb7-46e9-976c-2184cf1bd66c,HNM,7140211,7140211,D01
cd7e39d2-26fc-4bc9-bbfb-da18e2cfb034,HNM,7140211,7140211,D07
984e4634-2c80-4c4e-afa0-ca01f5e278d5,HNM,7140211,7140211,D90
3e29734e-50e9-4237-b837-e90a11d2de27,HNM,7140217,7140217,D01
71489205-b268-4393-a3ab-2d0e8d50df2e,HNM,7140217,7140217,D14
84e751f3-0bfb-4fea-9ab2-a44dcaf0a8aa,HNM,7140217,7140217,D15
990c4415-ae1b-4e73-af25-e738221cd766,HNM,7140217,7140217,D78
3257bf60-8aac-4b6e-80fd-f9d7763b2827,HNM,7140218,7140218,D01
0e099776-7175-4799-9c8c-6025442e399a,HNM,7140218,7140218,D14
61676810-5836-47a4-8520-f589ab51eb0f,HNM,7140218,7140218,D15
3be30b1d-1096-4a85-aefc-d66aca70d3a7,HNM,7140218,7140218,D78
6bac76b0-343e-4675-93e7-4a3fad5af1ea,HNM,7220201,7220201,D01
12d7714d-c1d1-446c-a26c-a13fd9a7183f,HNM,7220201,7220201,D14
edee031c-f82b-4996-b73f-616d5cb44725,HNM,7220201,7220201,D15
3751c4a6-fec0-43bb-88c7-d1b5f74ef3c1,HNM,7220201,7220201,D78
f22c1a0d-04c9-4147-9ed1-e7e4efccd74c,HNM,7220204,7220204,D01
73645faa-b310-4d05-b1a2-de30813d2e90,HNM,7220204,7220204,D14
53298354-2a7c-4eb8-901e-3145dcf15346,HNM,7220204,7220204,D15
29e6c947-c34e-4983-bb9b-e8b2a17c8908,HNM,7220204,7220204,D78
36e6a72b-1070-4b7d-b782-bf1eb8406081,HNM,7310201,7310201,C00
aeb0d33d-6de5-4728-a525-e68c8f9eb51d,HNM,7310201,7310201,D01
42069efe-8b4b-485c-a215-26d2c827a79d,HNM,7310201,7310201,D66
067cddf6-1358-4abd-9042-c37710c83561,HNM,7310201,7310201,D78
cfa93d20-305f-480f-9960-4e3e0461576d,HNM,7310630,7310630,C00
efdcd915-e639-4064-bb64-a6f67c34b33e,HNM,7310630,7310630,D01
6fcf5163-9d83-4707-9d12-5295927ed656,HNM,7310630,7310630,D15
a60c240e-5d0d-4dbb-bf43-d44391d38a32,HNM,7310630,7310630,D78
875e88c6-87af-4818-943c-c7313460f063,HNM,7340101,7340101,A00
1cb2e5b9-4a35-449e-a41b-5825ecdabcf2,HNM,7340101,7340101,D01
bee2659a-e744-4094-8189-1b1c90d0d4a3,HNM,7340101,7340101,D90
bdb30d38-b85e-47f0-a427-5bba57d285c6,HNM,7340101,7340101,D96
3c878b9d-1340-42f5-b8a2-5f95f31aca67,HNM,7340403,7340403,A00
9f14f132-bc76-44a1-92c9-c0727e91526a,HNM,7340403,7340403,D01
ad71e3bc-dd19-43da-8043-cddf92f16286,HNM,7340403,7340403,D90
8fffcef7-3a02-460f-9c62-742a02f3dbe4,HNM,7340403,7340403,D96
734d6309-dc83-4803-9630-24aeeaaac313,HNM,7380101,7380101,C00
11c5e554-a55a-49a5-9d8b-2636f61ea0d4,HNM,7380101,7380101,D01
5920a60e-ce0f-4359-8114-0cb3f16aa70a,HNM,7380101,7380101,D66
e3af1dd3-28ef-4a44-a0cd-44db0924030c,HNM,7380101,7380101,D78
51e28d9b-bddd-4319-8a99-31bcafe8231d,HNM,7460112,7460112,A00
b45bc5fe-13c6-4cdc-8601-a62e713cad59,HNM,7460112,7460112,A01
544aad6f-160c-4879-be1b-5234f33bd271,HNM,7460112,7460112,D01
48b5a611-2c65-4a4b-9436-e52ffcd452fc,HNM,7460112,7460112,D90
75f33b9c-c281-468c-9e75-e3b689e322af,HNM,7480201,7480201,A00
d8358c23-ab24-460d-b6ac-51020b9ef276,HNM,7480201,7480201,A01
bcba8a53-f5cc-4430-b010-1b904ba01c87,HNM,7480201,7480201,D01
1649fce5-a30d-4f63-ba7c-22f668c5adf1,HNM,7480201,7480201,D90
43880eab-4894-4fb8-bf24-b46e77bc4bd1,HNM,7510605,7510605,A00
dc6eec87-97ea-432e-a745-14bdf307f759,HNM,7510605,7510605,D01
e5ab39e3-252f-4384-8e4d-14bd8eb11896,HNM,7510605,7510605,D90
c1e384ed-bb62-4b07-9d8c-29ce8eec28d7,HNM,7510605,7510605,D96
8e9872db-49a4-4b79-9eb6-09934ecf2621,HNM,7760101,7760101,C00
1349bd17-0d00-467f-97de-7255e65984a6,HNM,7760101,7760101,D01
fc6146de-5afa-42f9-a9a6-11eaf2842307,HNM,7760101,7760101,D14
0822f217-18ad-4dc5-87a7-e8a0876b22eb,HNM,7760101,7760101,D78
8d182d78-0ea4-4694-99e3-40a407054c59,HNM,7810103,7810103,C00
e9ba650c-a318-4b06-9235-c17fad9f6eb9,HNM,7810103,7810103,D01
534d75a8-af44-4350-8d10-da96e4c45a48,HNM,7810103,7810103,D15
ee605693-abf6-498d-a50f-a0d43fa91636,HNM,7810103,7810103,D78
02c00093-fd25-412e-adff-4303bb6a6025,HNM,7810201,7810201,C00
d1539cab-837a-4472-a3e1-b1dd99c5e40a,HNM,7810201,7810201,D01
1337dde8-6350-441e-a599-d946d568007f,HNM,7810201,7810201,D15
7ed13dde-37d8-4fcd-a9bb-d9c7d1769434,HNM,7810201,7810201,D78
c91d5bad-1238-4dff-81fb-73050a85387f,HNM,7140201,7140201,D90
fdac3ce7-2a09-43f6-8c80-fab14d865998,HNM,7140204,7140204,D96
20e37e59-3cf8-4992-ab8b-8ca73eb2d2af,HNM,7140206,7140206,T05
b127ddc6-b281-4ea6-a3a0-a0b4b2d9f5b0,HNM,7140206,7140206,T08
fcd0dc6d-74b2-46fa-bdef-a771362bc1e9,HNM,7140206,7140206,T09
2ce56125-af41-4f38-a32b-61bef17643db,HNM,7140206,7140206,T10
23a43772-5c5a-482f-9ff2-0b3790c80fde,HNM,7140209,7140209,A00
0f5078d2-080c-47ce-a1d4-50e96ece71c6,HNM,7140211,7140211,D72
04ce6822-8ebc-4ae6-903e-6f3a80a409b5,HNM,7140218,7140218,C00
29e1a985-0bf1-458a-855b-309ca962d004,HNM,7140218,7140218,D96
53c7d027-25d5-4bbd-a72e-4cdbe381f393,HNM,7310630,7310630,D14
6142d588-5c2a-4e40-877a-f626e78e4e6e,HNM,7510406,7510406,A00
f94a0b7d-d4e9-4bb7-b757-60c09f9b4c63,HNM,7510406,7510406,A01
6a0b7a29-4e70-4672-b613-b6281cdb7045,HNM,7510406,7510406,D01
02107536-2215-43ce-99f0-5e9a8158f936,HNM,7510406,7510406,D90
464f78a1-10fd-423f-bcfa-643bcd490995,HNM,7810103,7810103,D14
8f406a0c-12a1-4af1-8a2b-b81559bb8bf2,HNM,7810201,7810201,D14
f7da2c8d-12e1-4125-b7c8-dad58f1c12bf,HNM,7140204,7140204,D66
6c9e0c96-6051-4c84-845c-4f3c0794799b,HNM,7140204,7140204,D84
63d07764-7a33-4509-971a-c15f4eca0a7a,HNM,7140206,7140206,A00
043a06d4-1f2a-4390-ba5e-b5d8266c6833,HNM,7140206,7140206,A01
b404e623-1d29-4e16-8081-29a679c36c44,HNM,7140206,7140206,D01
113543a9-17be-4e2b-96dc-94b8a7c83887,HNM,7140206,7140206,D07
d01241a9-d143-4c6c-a4f6-629f91d8928c,HNM,7140211,7140211,D11
ed048f1d-1c7e-448d-a97b-1ae9bfd4074b,HNM,7140218,7140218,D09
07a35f44-aa51-478a-a0aa-4e96912acac4,HNM,7229030,7229030,C00
ee15386f-2f71-4235-9abe-1acb47c5120a,HNM,7229030,7229030,D01
9d65a820-1a88-449e-8dbb-9d33857eb587,HNM,7229030,7229030,D14
cfa8d2ee-87e7-4cbd-a1d1-f207547a876c,HNM,7229030,7229030,D78
bfb1f240-5f5f-4897-a167-794ed37f64f2,HNM,7229040,7229040,C00
33f39ce9-6fb5-4be7-ba22-0bfe060f91a4,HNM,7229040,7229040,D14
f57b58a5-4607-4d75-842a-479ea36f67fe,HNM,7229040,7229040,D15
8883cbfa-3fc2-40d6-a992-2e52409354d7,HNM,7229040,7229040,D78
07907fe3-b3fa-49ac-801f-bf9d441eea6f,HNM,7310401,7310401,C00
9bb2fef3-c8ef-4105-a1e4-ec31d5ee9929,HNM,7310401,7310401,D70
ed807c8f-6e60-44a0-83d9-31641c3433b1,HNM,7310401,7310401,D72
ca95b717-e038-4c98-9d41-6849a377fdfc,HNM,7310401,7310401,D96
148a509a-a282-40ad-b010-1fa7030a9d42,HNM,7340101,7340101,C00
eb48dc22-e33c-4e43-8add-c1cdd8e6f03b,HNM,7340201,7340201,A00
7e62e3fa-dea6-4bca-ad40-9f77a6941f2e,HNM,7340201,7340201,A01
02b6d5ee-6d68-4777-b386-5b93da84bfb7,HNM,7340201,7340201,D01
a1dbe3f5-d64b-45a0-9de9-1210c9972579,HNM,7340201,7340201,D96
eeba8d52-3921-4bf5-aa97-c57f57f7165a,HNM,7340403,7340403,C00
8a6ad807-d970-4e52-b796-ccb324062510,HNM,7460112,7460112,D07
4c596a9e-730c-4bdc-b45d-272a71d11e21,HNM,7480201,7480201,D07
8cf083ff-a3a4-4273-b6d9-a6d87ae36426,HNM,7510406,7510406,D07
f0ec4487-2ede-4432-8f3a-8d653caabdc3,HNM,7510605,7510605,C00
cb05b0b1-6187-49a4-9453-581510e71314,HNM,7850201,7850201,A00
93025592-4ad3-48c4-b042-f370b1cdcb9f,HNM,7850201,7850201,A01
ee48e9dc-f2d9-4fe3-82ae-82a214a9279b,HNM,7850201,7850201,D01
aa08415c-8483-477f-8e42-82350d4ad45e,HNM,7850201,7850201,D07
7ab42b83-9be5-4715-9fdf-f2c31b62311e,HNM,7229040,7229040,C20
dd32d1f8-7a82-42d5-98c6-4b1bf7c1ffd3,HNM,7229040,7229040,D01
28c2afc6-a5b2-42a4-a8b3-4f5f2a2d41f0,HNM,7310401,7310401,D01
331a5f49-0548-485b-888d-d3d559be104b,HNM,7310401,7310401,D14
ddc0ea04-e9fa-4357-958e-a2af38f02419,HNM,7310630,7310630,A00
ce913b92-3d21-4e64-87ec-491cecd117ae,HNM,7310630,7310630,D96
742960cd-59b1-4a75-9f4c-18e6847df463,HNM,7140114,7140114,D04
806c0cb5-7935-42cf-8a2f-fe85a6620779,HNM,7140114,7140114,D15
065d9e42-76d6-4269-9b51-cb9f4c0cb8ef,HNM,7140114,7140114,D45
c135b7a0-787b-4dca-b8f9-4893822aa225,HNM,7140114,7140114,D65
694d1c2c-eb43-443d-949b-f70dfc22ba0a,HNM,7140114,7140114,D66
a988266d-27ff-4e94-a2ad-7502073b234a,HNM,7140114,7140114,D71
899cb149-296e-4e12-80e6-5c9a6286da56,HNM,7140114,7140114,X78
8fbbba11-d8fb-4879-b84c-941dbbb87ba1,HNM,7140114,7140114,X90
01468d27-9fa9-48db-810c-edc230781c2c,HNM,7140201,7140201,C03
0f98d936-272c-45c3-b542-4c8394c9c8c3,HNM,7140201,7140201,C04
606fe6fb-1b97-42ef-a6f5-7f3b711a2990,HNM,7140201,7140201,C14
64dcf007-2da3-4805-8548-0cdc8c1b39f7,HNM,7140201,7140201,D04
3b9d6641-db1d-4d5a-bc4e-6dbf7782808c,HNM,7140201,7140201,X01
099984a3-ca74-46fb-9dc3-7543928fe56a,HNM,7140202,7140202,C03
3d315cc5-c8b0-44ed-9215-5f2c928a1470,HNM,7140202,7140202,C04
956c7cfc-b60a-4036-a206-fe1d5221386f,HNM,7140202,7140202,C14
3f20769b-a1f3-4357-976f-01ad7fff2e89,HNM,7140202,7140202,D04
8834fb3a-3998-4bcc-819f-b7eb2742bb3a,HNM,7140202,7140202,X01
1314dc60-5ce5-4f8e-b871-a8c7f440e379,HNM,7140203,7140203,D04
c0ed3093-eec6-418e-b111-3cb89b500833,HNM,7140203,7140203,D15
e4d895c8-0e86-4706-af60-5a39ec740a7d,HNM,7140203,7140203,D45
7b918e77-8376-49a3-93a6-56abcc4b6c48,HNM,7140203,7140203,D65
0dc92c9b-8142-408b-959e-44e4d4ce1ecc,HNM,7140203,7140203,D66
65d3e39f-69eb-426e-aec8-1add43fbb182,HNM,7140203,7140203,D71
0dacbfc9-e618-4d94-864a-60c9d5f753e6,HNM,7140203,7140203,X78
1bcf8cd4-c60a-48e2-89ce-af4720153777,HNM,7140203,7140203,X90
01b9347b-77d6-4b8f-b3b6-cbdfe3c294bf,HNM,7140204,7140204,C00
cff43151-dec8-40b8-b3e1-f529e9a5b27f,HNM,7140204,7140204,C14
1a82743b-0386-4512-9a37-5dead10f2443,HNM,7140204,7140204,C16
561124e5-993f-47a3-8604-33d96e93e71f,HNM,7140204,7140204,C19
2e3cb922-7d7c-4e2c-92a2-b0f062beb988,HNM,7140204,7140204,C20
5a081293-6417-47da-b5f1-817dcc69444f,HNM,7140204,7140204,X01
0f2af985-d13c-4467-9ed7-5bb98f5eae9a,HNM,7140204,7140204,X58
1cdcb557-6bac-40c7-83d2-03a47f12702c,HNM,7140204,7140204,X70
626f2a83-16cd-4aa3-90d7-c197aedbc7c7,HNM,7140204,7140204,X74
f5be6b64-ca36-437d-a970-9428316e2ecd,HNM,7140206,7140206,T00
727976a0-bdbd-4393-8faf-6d681c21cade,HNM,7140206,7140206,T01
dae91aad-c5d6-4676-a2d9-bdd15929f92e,HNM,7140206,7140206,T02
23913500-1e98-46a2-b970-fa1da490dc53,HNM,7140206,7140206,T11
15a2f94d-b812-4b05-88fe-a2fa25cd4a36,HNM,7140209,7140209,A02
d306fa49-2387-4ea0-859b-2e8df783ba96,HNM,7140209,7140209,C01
2d9f1744-814f-48a9-a500-356fc5223f5d,HNM,7140209,7140209,D30
adcbe2b8-c696-4239-8872-e2a5be92cf90,HNM,7140210,7140210,A00
bee40aaf-5b34-46f0-9cec-72d91bbf8008,HNM,7140210,7140210,A01
1d702d36-4c16-4466-84da-ae87f76acef0,HNM,7140210,7140210,A02
bb0a11cc-2f65-4275-9771-4d701f51eb2b,HNM,7140210,7140210,C01
361ce39c-7cb6-4194-95be-25bf00e15c72,HNM,7140210,7140210,D30
2a086a35-5abb-4030-843e-eb2a3d2876e4,HNM,7140211,7140211,A00
a7e1a6bb-87ee-44cc-9a81-426f7f381627,HNM,7140211,7140211,A02
05c20957-c4ae-4136-bb8f-9255fec184b9,HNM,7140211,7140211,C01
8b243901-3e81-4d7b-bd73-adf8f474bc03,HNM,7140211,7140211,D30
272c6694-0147-4225-8689-d8c853aa18e1,HNM,7140217,7140217,C00
da682367-6831-4ae7-a000-5da5cc642ac7,HNM,7140217,7140217,C03
4e188115-1f35-4513-b970-b5cfe3597815,HNM,7140217,7140217,C04
25ee7b40-6390-496c-83d4-baa6f3e1d96e,HNM,7140217,7140217,C14
65905918-be52-407b-a77f-ea8bbd456315,HNM,7140217,7140217,D04
f6929655-7e8a-4b6e-bb23-76c7ceac8990,HNM,7140217,7140217,X01
cf85f093-ab22-404c-a046-c024b329abe9,HNM,7140218,7140218,C03
36239c0d-3569-4a59-b8e1-343f5ef41f67,HNM,7140218,7140218,C19
7f3bd395-2a24-4c90-a691-f5446a6af749,HNM,7140218,7140218,D40
ec5f46d1-6b2d-43f4-93c0-0863373ad79a,HNM,7140218,7140218,X70
6a1429ef-7561-465d-bbab-a7f3e2dc1518,HNM,7140231,7140231,D01
0298d398-32f9-438e-8525-418a5ee3bcd6,HNM,7140231,7140231,D04
b9a51c03-efb2-4354-a326-494acaeb9cdc,HNM,7140231,7140231,D14
9ad5fb19-203f-4a55-a29f-14ebf6c8b0c9,HNM,7140231,7140231,D15
da0f6175-6031-4ff8-8aa4-8b0a973fb37a,HNM,7140231,7140231,D45
0c9effed-b8ed-4c59-90e7-217eefd99292,HNM,7140231,7140231,D65
e8b2bf55-0764-42a5-908f-fd68c4bd54fe,HNM,7140231,7140231,D66
2bfb957d-365f-48cb-8d55-62135c59d61e,HNM,7140231,7140231,D71
dd7ae195-92c0-4c51-ab07-156df9799027,HNM,7140231,7140231,X78
453a40a1-e2f5-4662-933a-5203885fb3ad,HNM,7140231,7140231,X90
975394b6-36f5-44ab-9d59-7ff97e14442a,HNM,7220201,7220201,D04
225f9c14-40ad-4703-9878-b6b2cedb4280,HNM,7220201,7220201,D45
6cae89d2-3605-41de-ad17-42434180a5e7,HNM,7220201,7220201,D65
64bff105-5cc7-4571-8e30-547536559efd,HNM,7220201,7220201,D66
6f7bc4d8-2091-4bec-84f0-d03861924603,HNM,7220201,7220201,D71
cae708ea-eb4f-4bf2-8e8b-1bd36e9625f9,HNM,7220201,7220201,X78
34124d12-f8d5-4749-803f-fb39e603635f,HNM,7220201,7220201,X90
2b63d94a-8d5c-4609-9414-725c84527791,HNM,7220204,7220204,D04
582149fb-35ae-4a9c-b584-b2b608093f42,HNM,7220204,7220204,D45
30b4f939-b899-4817-8082-5e21664e4462,HNM,7220204,7220204,D65
d82c0bf4-212c-4d7f-bc36-3fc7e35c86a3,HNM,7220204,7220204,D66
95ab3b25-026a-4bf6-9718-fcc2dfbabdfb,HNM,7220204,7220204,D71
1ba31b2d-ffb2-48ae-9ac5-701596e58e71,HNM,7220204,7220204,X78
2fead540-9ef5-436b-8ccd-9effe2890f92,HNM,7220204,7220204,X90
7cf039af-6672-4246-8d40-8a5bf2c20435,HNM,7229030,7229030,C03
d8a3c1ea-49c9-405b-b0eb-cae6fef04af3,HNM,7229030,7229030,C04
c7d28a15-c635-41b8-a875-47a86e71f106,HNM,7229030,7229030,D04
d7584151-4a63-4c24-9a91-2e39eab287df,HNM,7229030,7229030,D65
67b60173-6393-408f-a8e8-f0bcaaf1e815,HNM,7229040,7229040,C03
bedb8bf6-7c84-4d9a-a898-854bb31716b9,HNM,7229040,7229040,C19
79ca0a28-25d1-4aaa-b910-1956ffd513df,HNM,7229040,7229040,D65
23c92008-a335-4a2d-9ead-bd8a743301e6,HNM,7229040,7229040,X70
9819b637-551c-4b4e-b591-e75ba329bf50,HNM,7310110,7310110,D01
f426bdd1-3295-4abc-a16d-5177340b7b84,HNM,7310110,7310110,D04
85f1fbd3-be30-4351-bb14-1dd400baabfb,HNM,7310110,7310110,D07
f4035f54-b2a2-4bb7-8a3c-5a88fcbef7f6,HNM,7310110,7310110,D08
62ad915f-2bf4-4eef-9ffc-2d75599be9be,HNM,7310110,7310110,D11
742697f1-2c35-4663-a929-107e0b2f5fcd,HNM,7310110,7310110,D25
ec7a9ee2-2708-4850-a242-c6f9b700822d,HNM,7310110,7310110,D35
b5c5245f-2f6c-48ef-b47d-e1c9aa62041b,HNM,7310110,7310110,D55
a3a1d734-714b-4da8-881a-01468e26f8f6,HNM,7310201,7310201,D04
4eae412a-c3eb-4948-a203-a7d47347f022,HNM,7310201,7310201,D14
7ad8e574-eb80-4243-a820-7369a811951c,HNM,7310201,7310201,D15
181cb704-c14b-4552-a04b-cd9eccd0f890,HNM,7310201,7310201,D45
94bf07b3-e314-4599-8260-8b5dc8413a36,HNM,7310201,7310201,D65
409fcae3-53a5-4e7a-bf3b-4a87ce1facfa,HNM,7310201,7310201,D71
c4fe9c2f-33cf-4641-b8d1-d5c8f24537e9,HNM,7310201,7310201,X78
8b1a508b-e08a-41a3-b21a-3e8592c6e75d,HNM,7310201,7310201,X90
4132c130-f198-4d53-80d6-1c05ea9b276d,HNM,7310401,7310401,D04
dd2d96bb-926b-4036-9d86-c32fc239ec9b,HNM,7310401,7310401,D15
fa77ef09-cd94-4e66-88ae-9f77cfa2d8ac,HNM,7310401,7310401,D45
d23c6c4f-7c7f-4b4e-96b8-b34f0928885a,HNM,7310401,7310401,D65
d97f6b12-3b13-47bd-8d33-89931a7f4967,HNM,7310401,7310401,D66
d6db6f6a-efe3-43ba-a9e3-fd1fe8b5cf38,HNM,7310401,7310401,D71
0c23e0e0-3b17-49c9-b324-61e33f6965c2,HNM,7310401,7310401,X78
a27de8e0-9688-42b6-a9dc-897d6f7e2a9d,HNM,7310401,7310401,X90
e01150ff-f928-4db5-8aef-2dc6c3675b90,HNM,7310630,7310630,C03
d88a961f-024f-46da-af99-1f686f21d3cb,HNM,7310630,7310630,C19
27b70adb-16e6-484b-852f-e4d5779d694f,HNM,7310630,7310630,D65
aba4241b-37d0-46e3-a761-2ed9f7207576,HNM,7310630,7310630,X70
fc5a8259-7c1d-4259-84e5-0907c7cb2965,HNM,7340101,7340101,D04
5507badb-f01a-48d0-9fb6-4bdf8ccfcfb1,HNM,7340101,7340101,D07
e557ee1d-78d1-4dac-b27b-b77a1dca95c5,HNM,7340101,7340101,D08
bc829120-320d-4c7d-b8c7-02e609afe5c2,HNM,7340101,7340101,D11
9de293fd-83e2-4cbb-8a11-d8332c23953b,HNM,7340101,7340101,D25
559df726-3c07-4034-b908-412f6d96f890,HNM,7340101,7340101,D35
f4a467da-689f-441d-998f-c7cdeada5db8,HNM,7340101,7340101,D55
ba34cc41-f022-423d-aece-353406c46167,HNM,7340201,7340201,D04
42ed95bb-a807-4434-8079-d8aec70f9f6b,HNM,7340201,7340201,D07
c58a79bb-03c0-4c15-886e-871a6be3db64,HNM,7340201,7340201,D08
799e51d2-5ed5-4923-bf8f-df982ec64f82,HNM,7340201,7340201,D11
c6c1c2f3-89f2-4c1e-bd20-c9b6e3cdd3f9,HNM,7340201,7340201,D25
842075f5-9488-4c56-9ea6-ed27178342cf,HNM,7340201,7340201,D35
d9963ecd-dbc1-4dea-afde-031cecc4204d,HNM,7340201,7340201,D55
5c7d5242-dac5-4267-8046-5aa77cf763d2,HNM,7340403,7340403,D04
4e637b9c-a28d-4978-b74b-4962334931f9,HNM,7340403,7340403,D14
423e4802-e0e0-4843-9f82-90948efe78df,HNM,7340403,7340403,D15
61ef7efb-a9ac-49b6-9d8b-d876f328528f,HNM,7340403,7340403,D45
902e37ba-1c75-467f-8dbc-2cd549872c2a,HNM,7340403,7340403,D65
28024e72-0fd9-4730-9a15-60ac84633b1e,HNM,7340403,7340403,D66
4f54f19a-7768-4324-8db8-5d079d80e571,HNM,7340403,7340403,D71
3ac574ac-dda6-422b-bb77-830f3aa76626,HNM,7340403,7340403,X78
d5b2fb4d-1304-4a03-b99f-8daf5632f52d,HNM,7340403,7340403,X90
9c5c706d-44d7-48a8-ac50-2501472e4717,HNM,7380101,7380101,D04
cf712246-aef8-4697-8972-ae825abac0f9,HNM,7380101,7380101,D14
6e23c4c5-67f9-446b-92c5-d3f3dde2b66b,HNM,7380101,7380101,D15
8778dcc8-8ea8-4d36-9118-ae7c82dfeefb,HNM,7380101,7380101,D45
b4f3afaa-79ce-4b5c-9217-cbacfd57b822,HNM,7380101,7380101,D65
5ee625e5-0016-41e6-aa29-7246a1fec133,HNM,7380101,7380101,D71
3c6bd526-c2d6-4d83-8824-16b1ad73ca55,HNM,7380101,7380101,X78
3b320acf-0776-417c-a8cd-9db87dc68f08,HNM,7380101,7380101,X90
2d4f991f-2690-4e2e-862f-7f8a47549c9f,HNM,7460112,7460112,A02
5fb37aab-29d5-427e-8fee-34146c799abb,HNM,7460112,7460112,C01
b08ea281-c03f-4690-800c-8af773d007cd,HNM,7460112,7460112,D30
71544073-29b0-4f65-abb7-6102b53a173b,HNM,7480201,7480201,A02
5d502530-46ea-4bac-8c18-94538968449f,HNM,7480201,7480201,C01
ea1189d3-f5e5-43e0-9cb8-10ee87e35d96,HNM,7480201,7480201,D30
24875c27-d9b8-4efe-8374-fd127009c9f7,HNM,7510406,7510406,C01
94a44f72-5eb2-40fc-acf1-3e65d7e36287,HNM,7510406,7510406,C02
3da670b2-9a88-4a46-a9a3-eab51c449670,HNM,7510406,7510406,C04
b0fe8600-faae-415e-95fe-170c99436cf4,HNM,7510406,7510406,D04
aca2694e-a6e9-42dc-94c1-ad1f579c6ae1,HNM,7510605,7510605,A01
98d5fab5-7049-4644-937e-bc3a447df2b9,HNM,7510605,7510605,D04
5b4db7d7-33eb-4f40-9a88-8b80d48af2af,HNM,7510605,7510605,D07
35942683-de05-4c24-9cd7-430182b81276,HNM,7510605,7510605,D08
f58a5a23-0193-475b-87f7-328a9fdeeaea,HNM,7510605,7510605,D25
b842b5b1-f9e6-4d50-a1b1-672bca6f559a,HNM,7510605,7510605,D30
50624a1c-ec98-48e8-ba32-4f0ebbf997a1,HNM,7510605,7510605,D35
f0ba789a-a2d1-4a57-894d-47c3babe92ac,HNM,7760101,7760101,D04
3cb761cf-84b4-469c-9eb7-206249fc5b31,HNM,7760101,7760101,D15
dec17944-c1f4-440c-99bd-7f73f9f87c31,HNM,7760101,7760101,D45
bd51d905-5588-40e2-9b17-f6e9b391411e,HNM,7760101,7760101,D65
677a9f6b-85e0-4131-9ca4-8e50a0013a1e,HNM,7760101,7760101,D66
a362b019-e57b-4e11-ac81-a3bbcaf3ea7f,HNM,7760101,7760101,D71
dfda0653-f5ac-4658-8e4f-ec43cc0bbd0d,HNM,7760101,7760101,X78
b4cf38f0-596f-42b4-a7c0-f1c95856c918,HNM,7760101,7760101,X90
d207d638-c32e-4040-b583-fdddb33cddc3,HNM,7810103,7810103,D04
69ef7a4d-d4c4-47e3-b9aa-3651f093f96e,HNM,7810103,7810103,D45
81f705ff-0045-40a8-88cb-5059c77c9445,HNM,7810103,7810103,D65
1a7af424-106c-48e0-89db-759f42207f21,HNM,7810103,7810103,D66
2f859905-772b-42fd-be0c-30f9c0fa3917,HNM,7810103,7810103,D71
cda54e28-c939-499f-9fae-87c766ffe368,HNM,7810103,7810103,X78
166f29ac-1c76-40fb-9b16-4c0d74ab4721,HNM,7810103,7810103,X90
8215f69b-e9aa-4d7b-9e88-b01e4fcb4535,HNM,7810201,7810201,D04
fa4419a1-cfc2-4021-8bcb-d29071f71900,HNM,7810201,7810201,D45
3c76a70c-ce1c-4347-820a-e1a5961cd153,HNM,7810201,7810201,D65
4226f48a-afd9-4c51-a704-915bffcc33a5,HNM,7810201,7810201,D66
8ca9620b-0c06-408b-9d70-360048a6c5b3,HNM,7810201,7810201,D71
6dd4a41b-f2d1-4cb6-a13f-fe4f47e4d986,HNM,7810201,7810201,X78
14e0494a-00be-47ac-972f-76a93d9434dd,HNM,7810201,7810201,X90
99ac61aa-3e1c-4838-a939-b17f8fcd77a9,HNM,7760101,7760101,D69
dd164961-afa5-42dd-be85-6acfae67a0de,CCM,7210404,7210404,D01
3773bfe4-7cac-41ec-88db-05058c6c8502,CCM,7210404,7210404,H00
b70b7a04-91ba-4d32-bb2c-311c64b84919,CCM,7210404,7210404,V00
35b83986-62d7-4fdf-a9f9-ada394e9f782,CCM,7210404,7210404,V01
cef9ead5-e5f3-4313-be84-4d4ede735942,CCM,7340115,7340115,A00
2b0e3d73-967b-4ab1-a8cc-79bdeb1c1cd1,CCM,7340115,7340115,A01
5578b9b0-a855-4700-9be6-6b7ceb84b37b,CCM,7340115,7340115,B00
d3fa3ec6-5946-4a2f-90c8-3d8bd4d92b9b,CCM,7340115,7340115,D01
6967b2da-2f59-4be0-90b0-c9aacb8c1e05,CCM,7340301,7340301,A00
9a8f0631-08c9-4d61-8569-3ffa03beb278,CCM,7340301,7340301,A01
5ec8e6df-a6a8-4a40-b269-8a2a0118fcea,CCM,7340301,7340301,B00
dbb2ba03-7d0e-488c-b923-bd0ee7e74f78,CCM,7340301,7340301,D01
7b44e923-6fba-4322-91dc-ad44d1977817,CCM,7510201,7510201,A00
99743d15-6725-4f5d-86b2-1af33047bff8,CCM,7510201,7510201,A01
8d2e3aad-3e97-439f-af0c-72ff35730b7a,CCM,7510201,7510201,B00
62e685fd-14ba-4d06-823e-64be885ee81c,CCM,7510201,7510201,D01
1310fc86-a9ef-4c41-97a0-9e8567aa66b2,CCM,7510301,7510301,A00
a85270a0-a321-4001-a48c-4ca91aac0353,CCM,7510301,7510301,A01
69c1fb1d-6999-460c-993d-a509358c67e0,CCM,7510301,7510301,B00
1bc69076-cf1f-49da-abab-88ac3e8ac530,CCM,7510301,7510301,D01
13bbe481-1a12-44d1-a471-7cfecbdbaeb1,CCM,7510601,7510601,A00
eac4b313-d5fd-4f13-a08e-8edf5058d48d,CCM,7510601,7510601,A01
e503bb2f-5d4f-42bd-866e-e9cb90c0945b,CCM,7510601,7510601,B00
feee6647-621d-4aa8-afd9-a4640e2fba03,CCM,7510601,7510601,D01
0c641f1b-e571-4d84-84f5-c05fac54002c,CCM,7540202,7540202,A00
15ef7d6f-a681-4e0b-89b6-8e69c0236b57,CCM,7540202,7540202,A01
466b3639-710a-4215-843f-ad9370968b46,CCM,7540202,7540202,B00
a623aeb3-908d-480b-a563-e80664970095,CCM,7540202,7540202,D01
f92a54c7-45d1-4174-9193-cfd795d54203,CCM,7540209,7540209,A00
eb1414a5-cdac-4c9d-a1ac-dbdfe7b476d2,CCM,7540209,7540209,A01
d14ca94e-7243-4d63-b1bb-4e1f67a03ea4,CCM,7540209,7540209,B00
4517c41a-0f77-49d2-a16c-3052d957f97c,CCM,7540209,7540209,D01
132bb822-6f79-46c2-9e5b-044fae1ae579,CCM,7340122,7340122,A00
417846df-bf38-4c16-9e1b-be1d8527ae96,CCM,7340122,7340122,A01
4990982c-6d79-4847-a965-fcf177c5aa67,CCM,7340122,7340122,B00
932399da-1d77-43f0-b57f-cf53e0fe12a9,CCM,7340122,7340122,D01
66a02b86-716c-4a7a-a015-fac47379901d,CCM,7210403,7210403,A00
739d6e64-fa54-4628-87e3-35cb2eefd9af,CCM,7210403,7210403,D01
e3403ab3-10ca-4de6-b117-6e36cc113898,CCM,7210403,7210403,H00
d247e07d-9002-46d1-a326-a2b8217ed8a0,CCM,7210403,7210403,V01
00a14017-e1be-4467-b377-761e94e2eba9,CCM,7340101,7340101,A00
7e6fe20a-6bfb-4f64-a543-8399d60572a5,CCM,7340101,7340101,A01
26ef3e11-c9d7-41f2-bd18-020e40c62275,CCM,7340101,7340101,B00
7a6af8f3-fc7a-4069-99f4-ab21ddf968d2,CCM,7340101,7340101,D01
2296cef4-f54e-4963-86dc-b09839cd0f01,CCM,7210403,7210403,H06
af96a29c-ca87-4576-858d-7e69772de109,CCM,7210403,7210403,H08
19952513-ac05-4d8c-8d17-88776c8a8762,CCM,7210403,7210403,H09
42b0472d-b391-4df6-888d-9c4f2275af6e,CCM,7210403,7210403,V05
2b91826e-aa2b-4734-b5f1-e40b1ef23be2,CCM,7210404,7210404,H06
1fbc2252-1bb5-40a8-9482-889eed4ed23b,CCM,7210404,7210404,H08
fe3f662b-65dd-41b5-94f3-ce2eeb788025,CCM,7210404,7210404,H09
c7acc171-f3be-4553-9251-1ca92890e19d,CCM,7210404,7210404,V05
9a77049c-80df-402a-8b25-ec9dbbfac7e3,CCM,7340101,7340101,C01
b940a078-4c4b-4107-a59a-bb23fab182ec,CCM,7340101,7340101,C03
f366d97d-0ab4-4b4f-ba89-30e392952e8e,CCM,7340101,7340101,C04
88eb15e4-f0ca-4588-a962-15349c7157fb,CCM,7340101,7340101,C14
82d862e3-0214-48aa-bf7a-d96005a42951,CCM,7340101,7340101,X03
adfe7a71-36a3-4438-9baf-9e0955bbd863,CCM,7340101,7340101,X04
26ce10fe-5f4b-4eb9-9611-f5ee7953e206,CCM,7340101,7340101,X23
bc786c1d-b4dd-4487-a603-249f33288847,CCM,7340101,7340101,X24
497ab32c-fbaa-46ff-857f-f70779422ce3,CCM,7340115,7340115,C01
b9f20d15-aeae-488f-b7ba-86f021fc3eb5,CCM,7340115,7340115,C03
05eed267-44c3-4a7a-bc0b-b5790b15d7a0,CCM,7340115,7340115,C04
708e1cb9-a5da-475f-98e5-608cc2d5b642,CCM,7340115,7340115,C14
b5403861-43a6-4292-a408-ded1bc98fb89,CCM,7340115,7340115,X03
8dc16b6e-f7fb-4ac8-8dca-058588fb9f86,CCM,7340115,7340115,X04
c5436191-5c1d-44b3-a05b-dea89abc4912,CCM,7340115,7340115,X23
52742d5f-90a8-4091-acd2-2415e6d228f3,CCM,7340115,7340115,X24
42ae4a28-652e-477b-96a4-495a01e10e34,CCM,7340122,7340122,C01
32bf78c0-655f-4b40-bc87-b8423f0eca23,CCM,7340122,7340122,C03
f751f2c5-c8d9-4677-8f29-39e4bd2e3c2d,CCM,7340122,7340122,C04
5698d922-8e4c-4565-81aa-5089b85b280e,CCM,7340122,7340122,C14
a18cdeb5-b662-4da8-a49d-05677cd85e48,CCM,7340122,7340122,X03
56c4982e-cce0-495c-bffa-86ca2bc18334,CCM,7340122,7340122,X04
da0260a2-075b-4d79-9378-26e40f85fa9b,CCM,7340122,7340122,X23
0c34f70d-3f4a-4a84-b3d1-f3faa22390cb,CCM,7340122,7340122,X24
7264b248-5594-4b6e-b413-6b40e953fe73,CCM,7340301,7340301,C01
15f76ba1-2556-44c5-9383-d61f4e5bff6d,CCM,7340301,7340301,C03
ec1b755a-8bb3-4345-b9b3-664bdc84d19c,CCM,7340301,7340301,C04
aeb53191-094e-442e-a5eb-e1699d9e66ce,CCM,7340301,7340301,C14
de7e69eb-4982-4167-a639-69f1d69b832d,CCM,7340301,7340301,X03
4d6f29ab-3044-4521-8435-bde54cc3b565,CCM,7340301,7340301,X04
34a31ab1-bacc-465b-8279-6c3cef03d8a0,CCM,7340301,7340301,X23
bac2e837-a9c2-4c60-aab4-99eda6ffdf49,CCM,7340301,7340301,X24
0ebebd76-a06b-4aae-b89d-9cdd31a5334a,CCM,7510201,7510201,C01
9fed8b1b-98cb-4b80-bcaf-efd3021894b9,CCM,7510201,7510201,C03
2dfa61de-d528-4dad-97cd-a2c483fca0b3,CCM,7510201,7510201,C04
e40c9c6e-4190-4bb4-9091-a0b82d99b537,CCM,7510201,7510201,C14
7773efa7-d106-4648-8e6f-8a8e62e648f4,CCM,7510201,7510201,X03
aa55c90b-42b5-478f-a2a8-3fcb40805099,CCM,7510201,7510201,X04
9d26747c-cea4-428a-92f3-9e0ab8424b93,CCM,7510201,7510201,X23
f381b83c-999b-466b-bf43-586f1efd0079,CCM,7510201,7510201,X24
9c6a5be8-7f37-49c5-814a-106d112df4c6,CCM,7510301,7510301,C01
3caf6bab-19d0-4bca-ac12-34d5e83a8abb,CCM,7510301,7510301,C03
eebd9cb3-c420-4452-957c-2b4f8a6171f3,CCM,7510301,7510301,C04
d4ae1384-83b6-4a16-819b-36171390e410,CCM,7510301,7510301,C14
053f20a3-401c-4a40-9fa0-a61f70038173,CCM,7510301,7510301,X03
3c76b2a4-80f1-470b-bb00-eaf224c19c7e,CCM,7510301,7510301,X04
b0734c07-47b9-446d-8223-4c1de267e782,CCM,7510301,7510301,X23
c606f857-2225-454e-bd2a-47c4bd3fc20b,CCM,7510301,7510301,X24
a8e2d1c9-29ee-46c7-87cc-338f79c7f4eb,CCM,7510601,7510601,C01
f5f0f317-b85d-4f1f-a789-bcfe14eeee0a,CCM,7510601,7510601,C03
8f5cc5af-8f20-43ea-874e-f84b28e73ad4,CCM,7510601,7510601,C04
7b44bb51-1543-4dee-9c52-0a8da7483fc4,CCM,7510601,7510601,C14
14bc3ef7-dd0a-4374-90ab-b8c474393fc5,CCM,7510601,7510601,X03
66d15324-f935-4648-85a4-9ce7b7cb1f42,CCM,7510601,7510601,X04
283167db-ecb0-47e6-8d0d-7b43febc98d6,CCM,7510601,7510601,X23
e113dc86-9609-44b3-938d-e51b83b0d8c0,CCM,7510601,7510601,X24
78151283-dda0-44a1-91d1-bfb0f87df008,CCM,7540202,7540202,C01
ea1d66c4-e5bb-483a-b508-d3af33dd168a,CCM,7540202,7540202,C03
d16b0494-2df1-42a8-8873-941fea3d95e0,CCM,7540202,7540202,C04
726cb046-ed29-41dc-b5a8-9aa3d33346a2,CCM,7540202,7540202,C14
b6f471d0-722a-4b1d-a4eb-15edcc9892cc,CCM,7540202,7540202,X03
a5a30acd-dd96-414a-8acd-996d97b76080,CCM,7540202,7540202,X04
f19591c9-ec51-41b1-b7f4-2ae573168e29,CCM,7540202,7540202,X23
9936bc8a-67c9-4a84-9a5b-8ea2553ef547,CCM,7540202,7540202,X24
0645cde0-4c7a-40a8-825c-9e6b2dac6df1,CCM,7540209,7540209,C01
e35190f8-7b03-47ed-9504-f26d4b013683,CCM,7540209,7540209,C03
3903d31c-0627-4c59-ba2f-5454a2a594c5,CCM,7540209,7540209,C04
fec99536-f287-459d-acef-748b3bff8ad2,CCM,7540209,7540209,C14
c601abb4-8328-4cb1-be07-35e28f477fba,CCM,7540209,7540209,X03
299adb14-840e-4a2d-917e-dbadeaafe1bb,CCM,7540209,7540209,X04
83bf74e9-d904-45e0-b5d8-7b73fe25b13d,CCM,7540209,7540209,X23
d7a44c73-76ff-4696-9e77-c2d9bd2eeff8,CCM,7540209,7540209,X24
63b3230b-2414-42fb-a747-e92b970763c4,TDD,7220201,7220201,A00
db6432f7-a36e-4341-a0ab-99f5cd1eef38,TDD,7220201,7220201,C03
aac02247-e533-4563-a49b-dc12502c5a5d,TDD,7220201,7220201,D01
68bcb16c-ce5d-49eb-8710-7fdd79bbf8d7,TDD,7220201,7220201,D04
61a777e5-ef3e-4850-aa29-17f512a067fe,TDD,7220201,7220201,D09
ab730269-062a-4aa8-9544-c2ee06b2609b,TDD,7220201,7220201,D15
abd6c064-df24-403f-9b04-f688a349ff57,TDD,7310630,7310630,A00
bf1ff103-bb84-4ff9-84d3-11a4ee9e8afc,TDD,7310630,7310630,A01
552f508b-5b56-4be9-b6f2-e3718c8d7a45,TDD,7310630,7310630,C00
ac3abd1b-c506-451c-8409-371a29e07482,TDD,7310630,7310630,D01
e2950ec9-5d1c-44ef-b613-6f0b423966bc,TDD,7310630,7310630,D09
dc16c4ff-465b-4eae-8de4-92ff804225c7,TDD,7340101,7340101,A00
7a789f5d-73ef-467b-9fad-d0f2833d19a4,TDD,7340101,7340101,A01
0fbb20fa-ba77-4061-8e67-2cb46a512191,TDD,7340101,7340101,C00
0af460e6-43e4-4bd7-ad39-ad14908aee52,TDD,7340101,7340101,C03
cd5d8db2-a70c-4149-8ad9-0b8e5096c1ed,TDD,7340101,7340101,D01
b02eae38-c958-45bd-8bba-92fb8fe147a2,TDD,7340101,7340101,D09
c194e869-50fc-488d-95ce-a575c4a15e5a,TDD,7340301,7340301,A00
6859b06a-3dd0-4de0-a797-d21e85fedf0e,TDD,7340301,7340301,A01
74aa73b8-9e81-49a2-adf7-24efb9fd1e11,TDD,7340301,7340301,C00
bc661a6e-bcd0-45ae-a708-f61fe89dc11d,TDD,7340301,7340301,C03
8d5cccdd-b56d-4b82-b4d5-88d98b5252d3,TDD,7340301,7340301,D01
90de6589-7b77-4ebf-91de-6d53e6cea85b,TDD,7340301,7340301,D09
bd49502e-fbe4-4871-aab7-d2c4861f64f0,TDD,7340406,7340406,A00
46a7f311-caee-4b1f-a773-d901bdf5e9c4,TDD,7340406,7340406,A01
cc848ab9-b60d-4631-8c2b-38012545312a,TDD,7340406,7340406,C00
03c7f3e1-af15-4c37-8e0c-937c78bc3f22,TDD,7340406,7340406,C03
1967e851-ab1a-4599-a337-12774e75f91e,TDD,7340406,7340406,D01
6eb84586-5a30-4bac-8345-904116e69e06,TDD,7340406,7340406,D09
c93f44ce-b59b-46d3-bdf1-b220f5f5a59b,TDD,7480201,7480201,A00
862bbc17-ad70-444d-888f-f88efac44cff,TDD,7480201,7480201,A01
39d925fa-1fdb-4f6a-9a70-5dbe5133f4d7,TDD,7480201,7480201,C03
1f231f58-971c-4522-b2ed-e11893417949,TDD,7480201,7480201,D01
37015dbc-4df0-4ed0-a544-3c34ef3034ce,TDD,7480201,7480201,D07
76fec254-3874-45f1-8c3d-984c0db8fff9,TDD,7510205,7510205,A00
5bb32fa6-40e6-4ee5-a541-c95dba1d39a9,TDD,7510205,7510205,A01
b8131993-a699-46df-bbc1-b189d8abb173,TDD,7510205,7510205,C03
debabb2f-04b8-41e3-94df-4814a9eef2f5,TDD,7510205,7510205,D01
0aef0d64-6939-4ee0-8e53-99e61ef32756,TDD,7510205,7510205,D07
f6918404-bf25-4daf-ac8f-f5c6e5c6711f,TDD,7510301,7510301,A00
a9c536aa-a59c-4718-be2f-4df7786e44a1,TDD,7510301,7510301,A01
c1ab8c60-8291-434e-b932-3f3d547b2b34,TDD,7510301,7510301,C03
5a858189-2065-437d-b9c2-bad82f801ffa,TDD,7510301,7510301,D01
49b9c91e-4766-4bba-9a58-3dc55519784d,TDD,7510301,7510301,D07
98765f48-d083-44bd-9975-523d097fbd66,TDD,7720201,7720201,A00
6464f7b7-eb65-4dcb-baed-417b08907f3b,TDD,7720201,7720201,A02
1c00299a-c7c5-4f21-ac24-0f140fb055fa,TDD,7720201,7720201,A03
6cca9944-9436-4239-ad22-966ae1d3aab8,TDD,7720201,7720201,B00
f377f885-2081-423d-9e3b-e7172fff23c4,TDD,7720201,7720201,B08
e7fc5f59-844c-460e-a8f6-f94c3146e936,TDD,7720201,7720201,D07
e9b9a923-5447-4f11-b934-3ad442f430fa,TDD,7810201,7810201,A00
000fc841-5d93-470f-80d4-6ac6194a433d,TDD,7810201,7810201,A01
95fc3a8e-3fbd-4213-9f1a-6c301199565d,TDD,7810201,7810201,C00
343233d1-68c9-4ce1-873e-ce9443a958e6,TDD,7810201,7810201,D01
dcee3ae5-176d-4c76-a3fe-d0c162c87caf,TDD,7810201,7810201,D09
2df0fa90-d88a-46fd-baae-680c3e1a7436,TDD,7380101,7380101,A00
0614e515-9c52-4569-b7dd-31b7c21a8439,TDD,7380101,7380101,A01
d2d48266-44df-4e5c-9e0e-aa8f714f6c73,TDD,7380101,7380101,C00
9d33b412-d64a-411e-9bfe-2d5665637e8c,TDD,7380101,7380101,C03
d5cebcf1-936c-458a-ab33-1048b74dffa0,TDD,7380101,7380101,D01
f7d1a0df-fee0-4518-b8ff-bdcc9cd21e87,TDD,7380101,7380101,D09
74f300b2-f802-434f-b033-1328c26d1d66,TDD,7380107,7380107,A00
982d98cc-2a8d-46da-b96a-e9e4ab180bcc,TDD,7380107,7380107,A01
c0f10696-a6fc-4cba-9660-fc4af98f26b2,TDD,7380107,7380107,C00
b9c21109-de91-4fe1-9d42-5194bb8042d4,TDD,7380107,7380107,D01
8ef29fe8-a69f-402e-88f1-f4275e7f4dc9,TDD,7140101,7140101,A00
affbb37f-40e6-49ee-a7d8-388a9993deb5,TDD,7140101,7140101,A01
f1361176-ba4c-4f22-8f60-49586733a934,TDD,7140101,7140101,C00
b23c47b6-fc9a-4914-a5e4-4b5c1485fde3,TDD,7140101,7140101,D01
b5a00b3a-569a-4037-ad0a-d472f9d07c71,TDD,7140101,7140101,D09
6456a4bb-67f2-4c22-a02b-581776cad8ae,TDD,7220204,7220204,A00
d61cc130-5143-4b9b-a2cb-8670aad05921,TDD,7220204,7220204,C03
781e51ca-5405-4303-b897-319220632338,TDD,7220204,7220204,D01
09fef676-ac84-44c3-b605-638bafab227d,TDD,7220204,7220204,D04
acc1d289-0439-4b0f-a7a3-dd8a5b10f8b7,TDD,7220204,7220204,D09
fe41ba51-1403-4720-ba15-279951d0c1a3,TDD,7220204,7220204,D15
b58fce40-3af7-49fe-bf57-2e3671d02709,TDD,7720301,7720301,A00
fe5698d4-7c7b-4e50-9e1a-2198e1005469,TDD,7720301,7720301,A02
921839c0-867c-42d0-a108-0ae7ae297a30,TDD,7720301,7720301,A03
4ea56760-539e-4092-8fcc-679a50c17ba9,TDD,7720301,7720301,B00
102fbbfd-84dd-4214-960b-be4281d79d70,TDD,7720301,7720301,B08
fdb82ac6-7d41-4c7d-8429-954a32f489ce,TDD,7720301,7720301,D07
a1cc521c-8bbc-4469-b66d-e45c93c50eff,PCH,7860113_Nam_B,7860113,A00
ec9feb58-ad6c-4643-bbd6-477a661d23ff,PCH,7860113_Nam_B,7860113,A01
fb9db831-c7a1-48e6-a6e6-4da270e2b4ce,PCH,7860113_Nam_B,7860113,D01
d7f121e8-6dc8-4e71-b1df-ff051fc5c324,PCH,7860113_Nam_B,7860113,D07
c92d6bd7-26d7-4a96-868f-fefc611bf58d,PCH,7860113_Nu_B,7860113,A00
9dea74d5-5f31-4194-8d37-cc897a55cdab,PCH,7860113_Nu_B,7860113,A01
a5b20abd-f147-4f11-8aa3-4cd64f480fb7,PCH,7860113_Nu_B,7860113,D01
fa90fef8-7fb2-4f0b-ad84-17e8e0abce54,PCH,7860113_Nu_B,7860113,D07
0dce3a61-c619-443e-b26b-a5ce9b487dc8,DDA,7340101,7340101,A00
c6cc5c94-06cd-4190-815b-e911efe0b72b,DDA,7340101,7340101,A01
0861df05-9e1d-4ac8-86bb-a5a17c154638,DDA,7340101,7340101,A02
1186d614-d662-4534-9a50-0142de8e47dc,DDA,7340101,7340101,A03
2dde9ee5-db46-48d3-8d82-810da1a1f1cc,DDA,7340101,7340101,A05
37c7e854-fa34-4fbf-b9f5-ba424111f555,DDA,7340101,7340101,A06
fda923e8-8ba9-4c14-b18c-abbbcf72fc5d,DDA,7340101,7340101,A07
ed6916e0-ac41-4bc8-a302-f5db94076b79,DDA,7340101,7340101,A08
91eb3086-8f45-469b-be75-566e0a272630,DDA,7340101,7340101,A09
5e3e0903-44ec-4a7c-b349-cc982a92c0bc,DDA,7340101,7340101,A10
14c94b7f-80f4-420d-837c-287c2915c001,DDA,7340101,7340101,A11
3867f963-6c85-4813-991e-0cf47c55de98,DDA,7340101,7340101,C01
ebdaa7da-3c57-41cb-86e8-c6ed7dc6e494,DDA,7340101,7340101,C02
4daae0e5-cf0d-429d-b297-b9c092d50be5,DDA,7340101,7340101,C14
00c781fa-81e9-43c0-9305-5380b54fdabb,DDA,7340101,7340101,D01
09d79c47-24fa-441f-90cf-076f7a1af347,DDA,7340101,7340101,D07
f0f1c6a7-3b18-4765-b84a-9ec3ab324a9d,DDA,7340101,7340101,D10
30438e0b-03e6-4e58-b2d8-0ab6e31798d6,DDA,7340201,7340201,A00
90538b04-6e76-44d3-8030-ab123b52885d,DDA,7340201,7340201,A01
88736c27-a542-473f-ba03-e15b0e7c3e1c,DDA,7340201,7340201,A02
2258de87-165c-4f73-9eea-06dc300b9cb1,DDA,7340201,7340201,A03
dd11aeb6-7d06-4554-b6ea-6338c848a5a4,DDA,7340201,7340201,A05
a54f2416-47af-445b-8441-58b295c8e8ff,DDA,7340201,7340201,A06
15c19ba5-3305-4218-92a7-0c8d1264d76e,DDA,7340201,7340201,A07
0ccbfbf5-cf58-48dd-a2aa-aa42f8cd374c,DDA,7340201,7340201,A08
2157cb8c-e03a-4abc-8a8c-d957f1bcd768,DDA,7340201,7340201,A09
484ad043-ff76-4adc-bce3-38529a775862,DDA,7340201,7340201,A10
b2571367-42de-4685-819d-ad9c549f2651,DDA,7340201,7340201,A11
04819d34-1c19-4d8e-8bd2-f2b61a11b6bc,DDA,7340201,7340201,C01
db998513-938f-4f77-9ccb-1f1438db5a4e,DDA,7340201,7340201,C02
2cfe341f-b8b1-4534-b807-988afb4a69d3,DDA,7340201,7340201,C14
ef4f3f23-696a-48a3-917e-deebc1e5b97b,DDA,7340201,7340201,D01
b39f574e-0a6f-457c-9b90-854c9d36769e,DDA,7340201,7340201,D07
042108cb-b686-46b5-9622-99d9fa237076,DDA,7340201,7340201,D10
080d798c-db8e-4723-acd2-120ed33799fd,DDA,7340301,7340301,A00
29775cd6-9e65-4518-b7a4-83df88f4dd73,DDA,7340301,7340301,A01
5c217588-213f-4606-8250-c42f680c4a44,DDA,7340301,7340301,A02
ff3154e5-3dff-4d6c-b752-6c3451b80209,DDA,7340301,7340301,A03
b360c924-4480-4f71-8f0f-c675d428b9c2,DDA,7340301,7340301,A05
8c477cdb-c0e8-401a-a63f-845e6fd0097c,DDA,7340301,7340301,A06
98d99c72-69e1-40e8-ab35-2cae204d792d,DDA,7340301,7340301,A07
76f648c9-4a8d-4be4-80ec-72a6073a2684,DDA,7340301,7340301,A08
23c5d562-ccd0-4e17-b20a-37881aacbf78,DDA,7340301,7340301,A09
dda0681a-0ced-4f53-86ad-89670cc6dd5c,DDA,7340301,7340301,A10
76564a22-353e-469e-b476-6e8acb27e771,DDA,7340301,7340301,A11
464f72bb-e1d0-43dc-94e5-430a5f5c1659,DDA,7340301,7340301,C01
75c236cd-75e4-427e-aed6-b4675c1c6469,DDA,7340301,7340301,C02
a45ecf46-aedd-4740-a8a3-3cb475fd36d1,DDA,7340301,7340301,C14
b4e79997-59b3-4b50-b6ee-1b169f30b2fd,DDA,7340301,7340301,D01
d9c998f9-0b1f-48e5-b65b-0ab701768a72,DDA,7340301,7340301,D07
5a106c47-1364-4de0-845f-a428396f5874,DDA,7340301,7340301,D10
42edeecd-9c9b-409e-94f3-9802880f78bf,DDA,7480201,7480201,A00
19b1d384-50ac-4a0c-b671-d803ae7bd77b,DDA,7480201,7480201,A01
76859b98-aa3b-4a39-b341-9a75cd9a207b,DDA,7480201,7480201,A02
b2ac75ed-dce0-4235-b28c-1543ab77bb09,DDA,7480201,7480201,A03
dc48448f-2b65-4953-a287-346616658faa,DDA,7480201,7480201,A05
68118319-85f3-40b3-bede-45fd0e804804,DDA,7480201,7480201,A06
d673c41f-063b-4d5d-ab4e-5a2f5775d2ce,DDA,7480201,7480201,A07
48d1d8b8-eb0d-4792-b526-31e2f29cfd8b,DDA,7480201,7480201,A08
6da19325-dcf9-4b80-ad9c-dfa89a7a30f7,DDA,7480201,7480201,A09
2ed20a8b-e2ca-449b-93e0-4dd802b4f41a,DDA,7480201,7480201,A10
6f46203d-7e11-498e-b39d-b679dbc5bd6d,DDA,7480201,7480201,A11
6f07f4ae-f558-4b86-b389-d7ae674497bf,DDA,7480201,7480201,C01
cba7c519-4ce7-4403-963f-cdc7ada18a24,DDA,7480201,7480201,C02
443c89eb-b89c-4269-a460-2f3c2b66e762,DDA,7480201,7480201,C03
b4a61eac-16af-4b91-916f-9731a0b96653,DDA,7480201,7480201,C14
fd07f43d-026d-4228-8ae5-486c636bb205,DDA,7480201,7480201,D01
25e3b425-e215-425b-af8e-99ce4e302fc3,DDA,7480201,7480201,D07
e58dfc69-44c3-4f55-9946-5943d53cb24d,DDA,7510202,7510202,A00
146f6058-8169-46f4-aea7-5eea183c7b12,DDA,7510202,7510202,A01
2bec0508-2126-494f-a36f-76f63c0f5fa9,DDA,7510202,7510202,A02
abe738dc-69d4-461f-825a-7c35c64dfbaa,DDA,7510202,7510202,A03
58499dbf-f6d1-40e8-b13a-a118b0810de6,DDA,7510202,7510202,A05
2cf8b406-0d55-408e-80b1-bc39f3042dbc,DDA,7510202,7510202,A06
2b6de1d3-3c43-4a5e-aea4-f50fc39d4730,DDA,7510202,7510202,A07
3adbbfe4-f8cb-49fc-a95d-747ef5cf326e,DDA,7510202,7510202,A08
e4125031-b774-466e-b115-dafbfb8f7e84,DDA,7510202,7510202,A09
9fe40d5f-4d65-4c47-89f5-ddcaa7f823f3,DDA,7510202,7510202,A10
481fe8c2-2171-4ba9-ad55-9c5685cb6c6b,DDA,7510202,7510202,A11
1138e286-8081-420f-9482-166accd25a0e,DDA,7510202,7510202,C01
b675a1c9-8111-4c12-adee-760a681b7b22,DDA,7510202,7510202,C02
75542f60-0da9-4cda-86bc-02ca7a020db1,DDA,7510202,7510202,C03
664b1ba3-d175-4f80-945a-61637605c205,DDA,7510202,7510202,C14
92cea74e-60da-46ad-a358-1c5e1e456252,DDA,7510202,7510202,D01
3eb8998a-6cec-4d97-a7ed-ba13a29e1ca6,DDA,7510202,7510202,D07
a5e11a70-eb00-407f-b083-925c43959652,DDA,7510205,7510205,A00
c302e319-f97a-487f-ba23-fbf63048d327,DDA,7510205,7510205,A01
04d3e0ef-dd2c-4a15-9c18-5c569fec9364,DDA,7510205,7510205,A02
8cb087dc-39f6-40af-a01a-290594627417,DDA,7510205,7510205,A03
9a4ba3b5-2ae7-442f-9ec8-63c30a3508f9,DDA,7510205,7510205,A05
58c4e197-5c82-46ce-94a1-88f77f745c45,DDA,7510205,7510205,A06
485afc64-70d4-49c2-b828-7765d8c07b56,DDA,7510205,7510205,A07
7665b9b0-c936-4a6f-b8b0-79bd3e597b72,DDA,7510205,7510205,A08
90d1cbfc-b6bd-4146-b566-56eb9a35d1a8,DDA,7510205,7510205,A09
679c3283-88f6-4b10-838b-8933f9ab01d6,DDA,7510205,7510205,A10
158327ae-7772-4164-9297-585b31b84d73,DDA,7510205,7510205,A11
c38e0988-b370-464d-b03d-f4f917561307,DDA,7510205,7510205,C01
ed7d7c02-5f38-4f47-9d57-6a673164b982,DDA,7510205,7510205,C02
12d302b5-5d02-4b8d-8ed0-17de640a3dda,DDA,7510205,7510205,C03
4cb39754-2ec8-43db-b673-cffd0dcd649c,DDA,7510205,7510205,C14
a1940fc6-5710-442c-bfe8-b41d03e40e05,DDA,7510205,7510205,D01
c0bcb82d-0476-4148-bff6-112f25f28bfe,DDA,7510205,7510205,D07
b0c741f3-4346-4093-a44a-845c9a47ead7,DDA,7510206,7510206,A00
3c63c297-6c44-4632-9d9b-190ea39ed5cc,DDA,7510206,7510206,A01
91fe050c-1a88-45a8-9297-727d9fd8f5c2,DDA,7510206,7510206,A02
b1d0bfba-bdb6-4ab1-800b-8433e0a12f4b,DDA,7510206,7510206,A03
8575caa8-ceb5-46b7-b643-30454542b1b9,DDA,7510206,7510206,A05
ae0cc855-af9d-40c2-a165-02fe30f7f756,DDA,7510206,7510206,A06
b59a209c-f491-46e8-9e5c-9b71765b862e,DDA,7510206,7510206,A07
26581484-a995-43fe-93bc-fe97ec5876f7,DDA,7510206,7510206,A08
8db84920-0197-4b8b-a971-f26b773300e5,DDA,7510206,7510206,A09
c712a9bf-f575-4f9d-bbda-cfff5f0f3eeb,DDA,7510206,7510206,A10
fa91e18f-10ba-4b45-9879-1a222fa17b79,DDA,7510206,7510206,A11
0a53d1ef-536e-4abf-b3df-7c7f088b808a,DDA,7510206,7510206,C01
aeea57d5-e76e-4be2-bcd9-bbab5e8af0ce,DDA,7510206,7510206,C02
6032caea-7ef0-4f76-87d3-023f8f7c15fa,DDA,7510206,7510206,C03
1b82204a-b91d-45f9-8590-29ec56a9abd1,DDA,7510206,7510206,C14
d0011830-6d16-4165-9bfc-58d9f9c8ac38,DDA,7510206,7510206,D01
abc2bc03-1cfa-41e7-9167-bfb6dbe9e72e,DDA,7510206,7510206,D07
3f8b75fc-8360-4fe3-9032-9e50fbda68b2,DDA,7510301,7510301,A00
d29d610d-e89a-4714-8cae-17513f9ba262,DDA,7510301,7510301,A01
7a12c98b-de71-4f6d-8c4d-43f33f285331,DDA,7510301,7510301,A02
091c0c03-7ed9-49f5-8fa5-fcb794332522,DDA,7510301,7510301,A03
f2262a11-9db2-40c1-8198-38d7ec54beec,DDA,7510301,7510301,A05
562e86cf-618a-449f-9e90-76707840b5ce,DDA,7510301,7510301,A06
c6bdc4e8-f097-4e4e-a9e8-886803488c05,DDA,7510301,7510301,A07
f2fcb264-ad67-4849-affa-afd8269fbd8b,DDA,7510301,7510301,A08
def5d174-b038-4076-8164-c14689cfb268,DDA,7510301,7510301,A09
23a54455-1ec0-4f88-8e98-7fd051661719,DDA,7510301,7510301,A10
c27e52af-e1f4-4cad-beba-3abfd175e4d3,DDA,7510301,7510301,A11
137a0204-263f-4ee2-9341-145e4cb97f81,DDA,7510301,7510301,C01
9ef1317d-7b18-4525-a487-186492e0964f,DDA,7510301,7510301,C02
4b31cee7-ec48-4eef-8968-a5d63c6828fc,DDA,7510301,7510301,C03
36448fa6-b11e-4fc9-a384-3c15b1b91821,DDA,7510301,7510301,C14
34fb59d2-0dc8-4588-bc93-1250a7535de9,DDA,7510301,7510301,D01
a52a99da-6a1c-4c6c-9d24-928487c64d5f,DDA,7510301,7510301,D07
5263290e-6dbb-42bf-b24b-67b32185421c,DDA,7510303,7510303,A00
86009b0c-f3e0-49e5-9349-ea6ffe17ca85,DDA,7510303,7510303,A01
a263cc11-a307-4e8a-8b4e-ed5539974b96,DDA,7510303,7510303,A02
1f8791d4-b9db-4221-9cac-8f5fe7621def,DDA,7510303,7510303,A03
7788c1aa-b654-4b04-805a-483985fd497b,DDA,7510303,7510303,A05
7e15300e-e1a8-421b-b33c-1701592103c5,DDA,7510303,7510303,A06
79fcb4e8-e780-47a7-8b93-e8b7db4e0037,DDA,7510303,7510303,A07
79bdb673-8915-46c9-9ed1-eb638fbecaee,DDA,7510303,7510303,A08
5a7f48a5-5f3a-4cf5-9a04-a919bf2e131e,DDA,7510303,7510303,A09
bc392521-f7e2-41e8-b8f5-e85574fb6636,DDA,7510303,7510303,A10
78f87261-09b5-4eb6-a872-4f09143e6a3f,DDA,7510303,7510303,A11
8cc5fa20-e7c4-4f93-a5ba-d75621d65c22,DDA,7510303,7510303,C01
73c8d2a7-3bbf-44a7-a1ca-a46d81a67942,DDA,7510303,7510303,C02
736ad9a8-2158-4c9f-898b-6ac2f77f8a21,DDA,7510303,7510303,C03
5a1e2663-dd15-4230-adff-85c16f31ea5f,DDA,7510303,7510303,C14
b3a6d148-df9a-4332-82b0-caeb0b94a0ab,DDA,7510303,7510303,D01
eb7dc289-ca3a-443a-851d-261398c63d22,DDA,7510303,7510303,D07
881c1630-3238-437c-b30a-4c4c11c81ad8,DDA,7540101,7540101,A00
8d60217b-612c-4d38-8c2f-353335618460,DDA,7540101,7540101,A01
4df5b175-5453-4207-b5ea-122a5072f515,DDA,7540101,7540101,A02
163e42fb-4eaa-4cbb-8974-db2c7fb69aa3,DDA,7540101,7540101,A03
20f7ab95-dca0-4597-ae0f-10f625e677f9,DDA,7540101,7540101,A05
ee54b244-e5a2-49e7-8833-27ea39f564d3,DDA,7540101,7540101,A06
0be2a0f9-8b6c-496b-a6cf-942f1579fd2d,DDA,7540101,7540101,A07
dcd21d83-fe6b-4942-bdf3-352520fd7d29,DDA,7540101,7540101,A08
b86d1fdf-a915-476f-9d65-34ecad395a29,DDA,7540101,7540101,A09
47dc8f82-cf04-4cf8-bce5-2e3cc1e32108,DDA,7540101,7540101,A10
4be2048e-9449-42a0-a63e-4671b069e28d,DDA,7540101,7540101,A11
32186097-cd2e-451f-b1b2-bf327a9e8ed9,DDA,7540101,7540101,B00
cd765a1d-bab7-4461-837c-5d7f2dfd83f2,DDA,7540101,7540101,C01
bd03d8cb-3ec0-4450-a08c-6ce1e868f193,DDA,7540101,7540101,C02
7b974c13-0faf-418d-a46b-57d27cc0ff49,DDA,7540101,7540101,C03
b4444ea4-d9a0-40a0-a032-454f055788b4,DDA,7540101,7540101,C14
b67938ee-d588-4857-b5be-97315814067d,DDA,7540101,7540101,D01
3e3385b2-8ce8-4656-b5ab-cd923694cf9e,DDA,7540101,7540101,D07
99d2a50f-7ca2-400d-a67c-09e81dce2f17,DDA,7540101,7540101,D08
06582273-9fdb-487e-8f5b-281b349d6a0d,DDA,7580201,7580201,A00
251b3788-2198-450e-a325-f927e436fc76,DDA,7580201,7580201,A01
8bf71349-fba3-4d29-9054-6cfbdbae0940,DDA,7580201,7580201,A02
ddaf83e2-f638-43c1-991d-1d3f5df7bf5c,DDA,7580201,7580201,A03
3daa8ce3-121e-4857-8a13-2535303f699f,DDA,7580201,7580201,A05
bc9c4b48-6e3d-4f99-93dc-8ff2fb53c86e,DDA,7580201,7580201,A06
3f9c9dca-3821-44d4-938b-6303587df17e,DDA,7580201,7580201,A07
7929bd29-fcc2-4922-8d7d-7352b51eace4,DDA,7580201,7580201,A08
3770bbaa-f262-4a83-8e27-a9a7e9a49931,DDA,7580201,7580201,A09
3afb5819-fb35-441c-84c5-09e97c7caadd,DDA,7580201,7580201,A10
610b4b34-baa1-4007-9a0f-a3e04e63d65c,DDA,7580201,7580201,A11
fb246444-1402-4705-8925-ab0b18006076,DDA,7580201,7580201,C01
890a3d5d-6ab9-40d8-9072-527ab8f571eb,DDA,7580201,7580201,C02
bbb3f74a-3119-416f-8ceb-04cbca59f994,DDA,7580201,7580201,C03
a6a4e013-748a-4566-8b35-de289eaa70ab,DDA,7580201,7580201,C14
4a1ac34d-0dfd-4312-80f2-9707a7d5a852,DDA,7580201,7580201,D01
a8fc745b-cfe0-4316-9e35-2380c7766b54,DDA,7580201,7580201,D07
3ae60363-8363-4388-807d-71217d6e7e18,DDA,7720201,7720201,A00
b350a6d5-801f-4d92-abcd-7fff219ccbe7,DDA,7720201,7720201,A02
7f239e52-76c6-44f7-a755-778d4538f10e,DDA,7720201,7720201,A03
0f57936d-c152-40e1-b1c5-1030e2aa4eb5,DDA,7720201,7720201,B00
e738d292-78a2-4ffa-8c96-0e8206778676,DDA,7720201,7720201,B01
9dad8b09-bfeb-42b0-8efe-a9c7202bef2b,DDA,7720201,7720201,B02
11063ad3-841b-4268-9b2d-5faa7338874e,DDA,7720201,7720201,B03
18153c22-0411-4781-bc95-573aebc1e91b,DDA,7720201,7720201,B04
97e1ef52-85fd-4921-b2ab-fab12fe62878,DDA,7720201,7720201,B08
7f46c165-de10-40c1-9c03-9827aa32c863,DDA,7720201,7720201,D07
22a14a16-1377-494b-92e2-0196861f75fa,DDA,7720301,7720301,A00
fb5d81f2-8e1d-46d2-a2c0-da5146cb8889,DDA,7720301,7720301,A02
0e148b24-a929-43af-a9a1-dfe1b1d043a0,DDA,7720301,7720301,A03
a2fae1c9-1af8-4368-b0a1-49284ae4321c,DDA,7720301,7720301,B00
aafa7aea-8c5d-487c-b4b4-b50a73b10259,DDA,7720301,7720301,B01
2d42c599-5849-424b-bb33-841008ceffb0,DDA,7720301,7720301,B02
d18fff10-414a-4bcd-b111-04ec3e80d36a,DDA,7720301,7720301,B03
c1a3580c-a865-4d78-8fb5-180f3ba0abec,DDA,7720301,7720301,B04
a02cbfb5-2107-496d-bc90-fd772c688276,DDA,7720301,7720301,B08
801b7ac3-3440-46f8-b831-67fc1bd46125,DDA,7720301,7720301,D07
3522e972-1cb9-4e4d-af09-2e6ece7569e5,DDA,7810103,7810103,C00
1f809029-b42e-4fe6-98c6-a821f7830187,DDA,7810103,7810103,C01
48c42a9b-2cea-45a9-9eb9-8ca93c5422d0,DDA,7810103,7810103,C02
f9e83562-6f8a-4c7e-a164-dbff6f8141d3,DDA,7810103,7810103,C03
ee1e0f44-238b-4ad4-80fd-cc828a896799,DDA,7810103,7810103,C04
c3a2b381-026c-4c64-b699-8f6b6d928abe,DDA,7810103,7810103,C14
55222fa1-5214-40ba-bb85-3ed1ae17a84b,DDA,7810103,7810103,C19
49c18864-31a7-41da-af49-e5681b1fb1d4,DDA,7810103,7810103,C20
2355e017-613c-4966-8054-1d19d6c4b419,DDA,7810103,7810103,D01
f470848b-ed3f-43ab-a36f-5afd4b8a8936,DDA,7810103,7810103,D04
a5250209-0305-4b39-a1c9-f6fa4ec9cdda,DDA,7810103,7810103,D06
bc820823-5902-458d-86e5-61462fe71e75,DDA,7810103,7810103,D14
d79cd8a2-d149-40e3-8919-eab1b84ebc69,DDA,7810103,7810103,D15
b89b20c7-ed12-46ca-a6a2-253ec05e1863,DDA,7810103,7810103,D66
35e129cb-c12f-4f7b-86fa-f7a28d43edce,DDA,7810103,7810103,D78
83b38964-0322-47da-a7e8-6cd6a874d9b5,DDA,7810103,7810103,D83
96a0ca30-3de3-4899-aa42-922d31996fdd,DDA,7810201,7810201,C00
020f49f6-3fdf-446a-84a3-e8c7541d3ede,DDA,7810201,7810201,C01
50cc27dc-7c15-4ef0-9b0f-2acba95f7049,DDA,7810201,7810201,C02
246d8cc2-da2c-46e7-bc42-113d449d19c5,DDA,7810201,7810201,C03
5764c7ce-1158-41b5-97ea-4475a31f969c,DDA,7810201,7810201,C04
68be6941-e62d-48c5-ae21-0bce10436d7c,DDA,7810201,7810201,C14
2259a679-c33f-4c1c-a608-20a6838ee6cf,DDA,7810201,7810201,C19
44f2c4e0-da25-485e-a4d8-856d458da891,DDA,7810201,7810201,C20
030cf691-4c5e-4814-95f6-e527f96f21ae,DDA,7810201,7810201,D01
84a4c1b4-2080-4c60-b61c-bc3e892c66c3,DDA,7810201,7810201,D04
6798b07f-c6b5-4e35-93ca-6a8311a6e8f2,DDA,7810201,7810201,D06
d5b0e122-8491-491a-8b87-38246ce086db,DDA,7810201,7810201,D14
8bd88c95-3b92-4dbb-8afe-bdbd4ca52304,DDA,7810201,7810201,D15
e55bfa9e-655a-4fad-9189-e6f31f529c7b,DDA,7810201,7810201,D66
5188d44f-1b43-41b3-a5e4-43ea83723ee1,DDA,7810201,7810201,D78
7962edb8-6684-44e0-b76d-431f7d39261e,DDA,7810201,7810201,D83
2276991e-32c7-4855-9e46-cdf2ca489edf,DDA,7220201,7220201,C00
1e0373b4-a032-4318-90b5-50a652808ebf,DDA,7220201,7220201,C01
28506cd5-a324-4f0f-aedd-5f5b135285b8,DDA,7220201,7220201,C02
b58a332c-fa0c-4e5f-85b7-a12d03434416,DDA,7220201,7220201,C03
48b91ea8-178b-4eea-afc9-547741e2ed4a,DDA,7220201,7220201,C04
f940a95c-de99-41b2-8814-87e4d6044eb9,DDA,7220201,7220201,C14
256c1071-5a83-4899-9ccb-dcb1f5550c71,DDA,7220201,7220201,C19
488a1653-4342-448b-a3b4-6e46c3b9d563,DDA,7220201,7220201,C20
4324fef5-8cc0-4b7d-a18e-16963d88119f,DDA,7220201,7220201,D01
5531449a-3c3f-4bc9-96d8-91b989c04ff1,DDA,7220201,7220201,D04
2aaa8338-8689-473d-8a8f-d825863d134c,DDA,7220201,7220201,D06
c9a26168-c484-47fa-bc35-6228fb6f778b,DDA,7220201,7220201,D14
5bec9fe9-9418-46f3-841f-ee5cbf5fb37f,DDA,7220201,7220201,D15
63c58b83-1e28-4eb0-9116-6a82cd2ca727,DDA,7220201,7220201,D66
b712b71f-0065-497d-bcfb-c33998355ec4,DDA,7220201,7220201,D78
2b3a4a25-1069-4b87-93fc-b924878286d2,DDA,7220201,7220201,D83
9d72d599-4248-4e0b-9cc1-242a9fed56da,DDA,7380101,7380101,A00
dbfccf8d-e81c-419d-a68b-e3916b3293af,DDA,7380101,7380101,A01
16e04a3c-cf6d-480c-bc32-df67d41d808e,DDA,7380101,7380101,A02
1a7f9bb0-3d6f-4716-9185-2bccea5d2154,DDA,7380101,7380101,A03
14ffe394-15ed-4d9b-9e2c-c32030600e58,DDA,7380101,7380101,A05
e6fe7e45-bb01-43d2-b147-522ddf7d99b4,DDA,7380101,7380101,A06
1f3166e8-1b6c-4dcd-b2fb-4289737ac5dc,DDA,7380101,7380101,A07
debad82a-c019-484b-9c52-3b6410867e5c,DDA,7380101,7380101,A08
1932ff3b-7e1c-4876-bda2-50791bfdabc1,DDA,7380101,7380101,A09
268e5b26-43b4-4eef-88ad-95edf970c11d,DDA,7380101,7380101,A10
0abdec8e-f8c2-41a8-a633-fde2da4c007c,DDA,7380101,7380101,A11
f1185bb0-d188-4754-8eae-0dad4569450f,DDA,7380101,7380101,C01
149ee656-021a-4d96-9c13-38aca43038f8,DDA,7380101,7380101,C02
4ee9004c-332c-4933-ad5d-c1eac19aca8e,DDA,7380101,7380101,C14
efd7e53b-83a2-4a07-8608-517714232540,DDA,7380101,7380101,D01
a8f092bd-b716-4526-89ac-65c2d8c4589d,DDA,7380101,7380101,D07
5b91dcb2-2e94-44db-b27e-448d6c81f766,DDA,7380101,7380101,D10
57118801-2d0a-4984-a1ce-c2deda2fc001,LAH,7860201,7860201,A00
dadcb377-d224-4de6-9be5-864af2d4855a,LAH,7860201,7860201,A01
78367281-a875-44d7-b93b-a66751ef0408,LAH,7860201,7860201,C01
43d7453a-fce5-48ef-bbe4-a919fc4ec5e1,LAH,7860222_QK1,7860222,C00
51901f4e-6a1c-403b-be71-fa6a83bce9f9,LAH,7860222_QK2,7860222,C00
5c823f8a-163d-4052-b63f-e498fe02fde1,LAH,7860222_QK3,7860222,C00
b1cfa761-0bc7-4d29-878e-4512a061e0f0,LAH,7860222_QK4,7860222,C00
8c40585e-c5cd-46b9-bd35-325cf163918a,HCA,7310202_Nam_B,7310202,A01
27b933bb-fe8a-4fd6-8e7d-aa6d3fdc05d4,HCA,7310202_Nam_B,7310202,C00
0c440ba4-89cc-4ddf-b14b-fcd6611068ff,HCA,7310202_Nam_B,7310202,C03
ec7ee9ef-4127-4e8b-ba95-1eacf9bea6df,HCA,7310202_Nam_B,7310202,D01
5073ea7f-057b-46f5-8f21-166f767dbf4d,HCA,7310202_Nam_B,7310202,X02
33cbd7b6-b59e-42bc-8feb-aa4a0a49522d,HCA,7310202_Nam_B,7310202,X03
ea181fcb-5f0c-4b1f-b6f9-5e506d1c4939,HCA,7310202_Nam_B,7310202,X04
2529b0aa-4f9e-467d-8f2f-032bc9924a59,HCA,7310202_Nam_N,7310202,A01
917326a5-12ed-41ba-b9fa-630fbb9715b0,HCA,7310202_Nam_N,7310202,C00
594f8bad-26eb-4aab-ac84-e89f9c46868d,HCA,7310202_Nam_N,7310202,C03
c9e730c1-7b32-4185-afb0-e11c59115340,HCA,7310202_Nam_N,7310202,D01
4b0df2e2-6946-4f7f-b498-96633495693e,HCA,7310202_Nam_N,7310202,X02
e7590b40-d070-49aa-bfbb-56a3e20e6c47,HCA,7310202_Nam_N,7310202,X03
f4e37586-e37b-4f1d-b400-548e5bed4a2a,HCA,7310202_Nam_N,7310202,X04
9e591813-0d2c-402b-a52d-9288b68d6ec1,HCA,7310202_Nu_B,7310202,A01
98eeb371-e25b-421c-a955-c0d50e4348fb,HCA,7310202_Nu_B,7310202,C00
f1d002f8-9d87-4063-8191-c8b3538a0f9a,HCA,7310202_Nu_B,7310202,C03
d992be84-323a-4963-adf5-705520360c95,HCA,7310202_Nu_B,7310202,D01
011f7d90-4973-458b-a58b-dc77e25408ad,HCA,7310202_Nu_B,7310202,X02
c580efe3-f062-499e-a1ef-88554d12d711,HCA,7310202_Nu_B,7310202,X03
b3717b94-a540-490b-a9e1-5d8d4369eea5,HCA,7310202_Nu_B,7310202,X04
5ff9c639-18e7-4db4-b12a-b61cdd77aba1,HCA,7310202_Nu_N,7310202,A01
d6b4090f-3841-46df-9e16-ebe3a29d9c39,HCA,7310202_Nu_N,7310202,C00
8670ae5b-1ffb-4ae5-8b94-31b9afe195ec,HCA,7310202_Nu_N,7310202,C03
1c04d4b0-a0b4-46c5-bf1a-d692eaea75fd,HCA,7310202_Nu_N,7310202,D01
f10209b2-24e4-4b64-9d84-2139275b1dca,HCA,7310202_Nu_N,7310202,X02
78e28cf7-87ac-4755-b6f0-48498381194d,HCA,7310202_Nu_N,7310202,X03
afa20aad-cf83-4d3d-b861-62fcb268f4ea,HCA,7310202_Nu_N,7310202,X04
10c50873-308a-4e18-a7cf-b052d7cf23e4,LBH,7860201_4,7860201,Q00
6f309f2c-7233-497b-9198-f5be4bd675eb,LBH,7860201_5,7860201,Q00
55b06c93-78d8-49a6-9516-76bbc663c0ea,LBH,7860201_7,7860201,Q00
0a2c58be-1701-4596-b463-b57dbb4ed57a,LBH,7860201_9,7860201,Q00
045f5ffb-df6d-4785-bcc5-75f704dda793,HGH,7860229_B,7860229,Q00
a6496b9c-ca39-413e-b8be-907bff2097de,HGH,7860229_N,7860229,Q00
cfce91c9-6e9b-4868-a43d-03628789653d,DCH,7860207_B,7860207,Q00
e968ed86-19b8-49e6-92a4-642ad4700d70,ETU,7210403,7210403,H00
d11e17b2-9ea7-46e3-a4da-f47242d0f98b,ETU,7210403,7210403,H01
35003a69-2b55-46e3-8680-272317d743fc,ETU,7210403,7210403,V00
099b4699-8eaf-44ac-b147-ac640d3bdb5f,ETU,7210403,7210403,V01
82482379-f934-4a57-b6fc-70a23c5ffe45,ETU,7220201,7220201,D01
b3036344-6be4-44d6-a3d4-afdbe9214a94,ETU,7220201,7220201,D14
8f6f463a-1ef0-49ec-8a10-3949ec5c931d,ETU,7220201,7220201,D15
49417b6b-6458-44fe-b167-66913a49a681,ETU,7220201,7220201,D78
74c4263c-1332-46f9-9ed6-c3f5b5f5e00f,ETU,7320106,7320106,A00
375867be-6ed0-4637-84a4-7bbe32f0afe4,ETU,7320106,7320106,A01
3deb12f1-df3c-4692-bc56-2fd4f1b74641,ETU,7320106,7320106,C01
e76fef2a-7abf-446d-90bb-b17f6352b518,ETU,7320106,7320106,D01
a4ae24a4-e2fa-4bb0-b3f5-e884c77d81a7,ETU,7320108,7320108,C00
10b69dbf-73a1-41ed-b6a1-cb8ba93a01d8,ETU,7320108,7320108,D01
6f29f23a-7e00-40d3-bf3a-aa2176d57791,ETU,7320108,7320108,D15
11fb3295-be5f-44c7-924a-a58a7fecef36,ETU,7320108,7320108,D78
6efc9989-8941-49f3-ba0b-4b847268c728,ETU,7329001,7329001,A00
5b95bc43-fec7-465b-81a7-216731178fe1,ETU,7329001,7329001,A01
ab1a1e97-ebf9-49e5-a8e4-5ef809e13862,ETU,7329001,7329001,C01
f3227c24-005b-448b-968b-9bce66ebfa3d,ETU,7329001,7329001,D01
6867bfb1-9fa4-4f95-8583-48ef57d11046,ETU,7340101,7340101,A00
e6580ebe-9cdb-4612-ba7a-9d2ac2225ef4,ETU,7340101,7340101,A01
272a9e1b-cf17-48b4-95a9-bb49b9896e85,ETU,7340101,7340101,D01
63fa8bcc-413e-4132-8f3f-9c3060fc773b,ETU,7340101,7340101,D96
8d795e62-36c8-45a6-81f7-1760ad1358b0,ETU,7340122,7340122,A00
76625b53-2557-4b8e-89cb-34dbdb9653e8,ETU,7340122,7340122,A01
493dd036-e38c-4447-b724-2a6ad97b77cd,ETU,7340122,7340122,D01
cacc0d88-4102-400c-b0b2-7f07c818d923,ETU,7340122,7340122,D96
d5fe3da9-93ed-44a5-827c-dc8b0d270747,ETU,7340201,7340201,A00
c3bda9bc-61ef-4932-91a8-22199b51392b,ETU,7340201,7340201,A01
85139826-f976-49ae-9650-650006cff642,ETU,7340201,7340201,D01
fcc68c30-f332-4f4b-83ce-d1baea2a55f6,ETU,7340201,7340201,D96
db731318-5d99-4a4a-994e-2db9a98a2966,ETU,7340301,7340301,A00
4b7fd2a3-cd8d-489a-81db-a4f5e1ad260a,ETU,7340301,7340301,A01
dd95e940-99f7-4b01-8c1f-e434933c1831,ETU,7340301,7340301,D01
0e4b5713-05a9-47e7-934f-43e65b9115e1,ETU,7340301,7340301,D96
363f9510-7ee6-416b-a79d-06b3d11db3ab,ETU,7380107,7380107,A00
979bbd00-b64f-4f26-8460-46b15d24f2ff,ETU,7380107,7380107,C00
1793bb32-04ef-4804-a2f0-459e09d2101d,ETU,7380107,7380107,D01
293e9580-bc33-48e4-b1e2-0473a79fbe53,ETU,7380107,7380107,D78
4b572145-f607-4975-bb0c-c6e625010991,ETU,7480201,7480201,A00
19366f5b-55ce-4abe-909b-d1399318f6a7,ETU,7480201,7480201,A01
17b2f9e7-0575-4bad-b0e9-b26bff47e014,ETU,7480201,7480201,C01
bc0e0c9a-c836-48dd-9462-9175da06035f,ETU,7480201,7480201,D01
dca83f07-a421-482e-921c-060cdbfad135,ETU,7510605,7510605,A00
ee50a84a-8f06-4e10-b3b5-f1b275bc368e,ETU,7510605,7510605,A01
368d54ec-4ec5-4a0c-ab79-0d7b62358c27,ETU,7510605,7510605,D01
d02f514e-19f6-404e-8409-3587b3fd9612,ETU,7510605,7510605,D96
a1a115a8-7712-4a44-b670-1314bf6f0b86,ETU,7520207,7520207,A00
ce71cec6-6ecf-4d83-b963-06fa60d5d369,ETU,7520207,7520207,A01
33f4a878-403c-4187-862a-4e86e4eb2df0,ETU,7520207,7520207,C01
d8f6bd8e-0165-4fb0-a9e2-c7caef75655c,ETU,7520207,7520207,D01
5e6b5928-7deb-4809-b776-c494d8c82b71,ETU,7580108,7580108,H00
b5c31ce8-e0f7-461b-a54b-28fe775c079e,ETU,7580108,7580108,H01
2ec81367-65bf-4f52-ae7d-d6aea08d3bdb,ETU,7580108,7580108,V00
bc16724a-37a4-49d8-b9fb-8bb10b05263d,ETU,7580108,7580108,V01
352e3568-e489-433d-8add-b4cc407b5aa3,ETU,7580201,7580201,A00
1b740219-671d-46c4-b0f5-7f7b5b37191b,ETU,7580201,7580201,A01
252e3200-450a-4c52-bd10-6b5b2b5fd3cf,ETU,7580201,7580201,D01
ba28aff4-8513-4e0d-af4d-2a8d9ad4296d,ETU,7580201,7580201,D07
07fd5335-c817-461c-85d7-462386ebe124,ETU,7720115,7720115,A00
3b4818ce-bd86-40dc-b777-a95a6a76a854,ETU,7720115,7720115,B00
19f85ae6-d830-4d07-9cd6-89b6c796ad6c,ETU,7720115,7720115,D07
f9fb3378-c82c-4634-a9bd-a7f71ba50dc8,ETU,7720115,7720115,D08
fc749e66-b72b-4301-a45d-bb41d29a91a5,ETU,7720201,7720201,A00
2fa88a5f-2bbb-4f36-b00e-b770d652cfd7,ETU,7720201,7720201,B00
cca8429d-469b-4175-98e1-bc87d1a1f2b1,ETU,7720201,7720201,D07
4ae172ac-a261-4305-b3d3-ea3284dd5734,ETU,7720201,7720201,D08
915e3e5b-6f98-454c-942b-1758bbad2cd3,ETU,7720301,7720301,A00
8d76ef57-7c78-4191-a7a0-2004528df61d,ETU,7720301,7720301,B00
eac6c4bc-cb37-4cd3-b131-de3f4fcb2b43,ETU,7720301,7720301,D07
f4eeeccf-5862-4dba-880d-5e2ef3970848,ETU,7720301,7720301,D08
09912ba4-41ea-47f9-b003-f90d98994bb8,ETU,7760101,7760101,C00
8eeef382-9dad-4bc3-bb40-9aef7a070e10,ETU,7760101,7760101,D01
dba32d2d-2ddf-42b2-844c-dad49b237d7d,ETU,7760101,7760101,D78
e0eb91f6-cf93-4d9d-88e3-5d0cafb85180,ETU,7760101,7760101,D96
0c47be60-676a-4962-a8e9-7aa3a40bf6ed,ETU,7810103,7810103,C00
6a893127-d00b-4320-ab1d-fe838c2ccfd4,ETU,7810103,7810103,D01
649883c2-ab87-4f5e-b097-f66a5415895b,ETU,7810103,7810103,D72
73280f91-dd5e-45d3-a13d-e0db60eb4255,ETU,7810103,7810103,D96
aad8818b-5f2d-4ea4-8ddc-e33876a2261c,ETU,7810201,7810201,C00
25fac2ff-879a-4be6-8fe6-b8958bbc1bd2,ETU,7810201,7810201,D01
13acada4-e1ee-4bca-b8ec-05e5fabb13b3,ETU,7810201,7810201,D72
374c11db-e957-41a5-84ef-7a1be785f3fc,ETU,7810201,7810201,D96
c14a0d00-adbd-418a-a6ca-fb6c00530642,ETU,7210403,7210403,H02
39b616bf-06f6-4b69-b5b6-46bb0c8ab55e,ETU,7210404,7210404,H00
d2b8d24a-d3ff-44ba-93b1-b48cc32a1916,ETU,7210404,7210404,H02
1b210f20-12f9-4d1d-adea-7f658e0067ab,ETU,7210404,7210404,V00
7a08874e-ad1f-4de4-835c-2f8129b4ea81,ETU,7210404,7210404,V01
e0f5e993-c645-450f-b589-080362ff712a,ETU,7580108,7580108,H02
7534ae11-9830-46a9-bbb8-0fe87fd25cba,ETU,7210404,7210404,H01
8998c671-09c0-4765-bb59-41d06e0d0a16,ETU,7520130,7520130,A00
297c9ee0-a7b6-4c1a-bd7a-8bec4a745f80,ETU,7520130,7520130,A01
550f6e46-541f-424a-9ab4-b413dd6e287b,ETU,7520130,7520130,C01
1099ad59-feaf-43b4-bde6-abff98f78d22,ETU,7520130,7520130,D01
54c76494-8633-4fbb-9ffa-e4f1e9184b34,ETU,7220204,7220204,A01
80dbd8c3-bf4f-4b5c-89ac-d7bd8936e2c0,ETU,7220204,7220204,C00
573ac660-47bb-49b6-ba88-a546bb502cc7,ETU,7220204,7220204,D01
f75f28f8-6e1d-4141-8b17-c3d98d198e62,ETU,7220204,7220204,D04
46448317-50ef-470a-b29d-fd69d9732f59,ETU,7320104,7320104,A00
cb1f4df4-ff7a-434e-833b-cb86908a7db7,ETU,7320104,7320104,A01
9e370394-d4bb-4ec5-a0d7-5c3fa9e1e24a,ETU,7320104,7320104,C00
43a8976e-3cec-45b2-a706-a1bd0b6617d7,ETU,7320104,7320104,D01
4b7ef70d-6dec-4c9d-af46-d980db319f1b,ETU,7520207,7520207,C00
d0c30cad-02d7-4e69-b831-7fb1d13ceaee,ETU,7720101,7720101,A00
ff626172-e170-4d9d-88fb-beae0c4b9f97,ETU,7720101,7720101,B00
f6703a56-008a-4bd5-a54c-729d300606fa,ETU,7720101,7720101,D07
a7b840f5-591a-479d-8972-bc067913908a,ETU,7720101,7720101,D08
92c3976e-3e45-434d-967a-b4a69e667a25,ETU,7210403,7210403,H07
c436178d-7f7a-4da2-ae91-15609e60ba67,ETU,7210404,7210404,H06
91a089d3-17fd-45b6-917a-626e4f8049f5,ETU,7210404,7210404,H08
870299d9-0149-4038-ac50-c91a7624f9f9,ETU,7220201,7220201,A01
9ab07133-e0a8-4328-b4b7-50f54c584f4d,ETU,7220201,7220201,D07
b05930ae-82ae-467c-ab16-85ffef199e51,ETU,7220201,7220201,D08
6de8f24c-1304-45dc-8236-a8eb9f12fabd,ETU,7220204,7220204,D10
aab2ed4f-ca71-456f-8cea-d5900a66cee5,ETU,7220204,7220204,D14
ccc9070e-5e96-4f87-b256-446ae0539273,ETU,7220204,7220204,D15
4380cf4a-ae5f-4bd0-8f6f-b4e2ae8aaf41,ETU,7220204,7220204,D30
d17e0a86-0979-4ca6-aa4e-a06414ebc5cc,ETU,7320104,7320104,C01
19c4c871-5720-4d98-b4e5-648e3201f010,ETU,7320104,7320104,C04
33fd9a07-09e3-4ef2-8ab4-03b5a3f44d25,ETU,7320104,7320104,C14
5b43ff27-442b-4855-9de7-4adf4715ea74,ETU,7320104,7320104,D14
12361092-aebb-4f06-9dcd-c594a7e1a8d5,ETU,7320108,7320108,C01
7ad0045e-4da4-413a-8b77-849a7f8aa4d7,ETU,7320108,7320108,C04
c2bdc883-f961-4627-bbcd-2ca26c0f25c2,ETU,7320108,7320108,C14
1186507e-e2ae-4468-b93b-22a24b033efc,ETU,7320108,7320108,D14
1b23bed2-0301-4e77-8ffc-6b6ccea8b84d,ETU,7340101,7340101,A10
a9c4c3ab-d208-413c-b907-ece7796ab58b,ETU,7340101,7340101,C01
7201f9a7-bb43-46fd-a68c-cb0eb4566139,ETU,7340122,7340122,A10
2ad79a69-6134-4fe8-a8e0-7fe560553783,ETU,7340122,7340122,C01
97e1de74-5ad8-46a9-8828-905db8bc6a35,ETU,7340201,7340201,A10
11392f51-8aa9-4fe1-a75f-3117f1f6733f,ETU,7340201,7340201,C01
1acfc145-df65-4b99-adb7-a7a9daece65d,ETU,7340301,7340301,A10
54c0241e-19d4-426e-826a-0ff8d201f3e2,ETU,7340301,7340301,C01
ce4ee715-9876-4af7-8f80-139da90c4ee0,ETU,7380107,7380107,C01
36c2125b-77b6-4e32-9d6c-9f7bc9f95fb2,ETU,7380107,7380107,C19
8ab6e358-9819-4a1c-a4d6-2abdcbb5969d,ETU,7380107,7380107,D14
b0e2df36-ca76-40a8-b9f7-725ddbafc2cf,ETU,7480201,7480201,D07
ff46ec24-9c8d-4baa-ae7b-9235c554163d,ETU,7510605,7510605,A10
4784a310-6aae-4607-81e0-9825fd2e1995,ETU,7510605,7510605,C01
5fab5792-d112-4e8c-a487-51453b66ef3d,ETU,7520130,7520130,D07
3ea8286a-86a7-44d7-890f-c9a1c0a2201b,ETU,7580108,7580108,H07
734b69a1-49cf-47d8-829e-8869346eb722,ETU,7720101,7720101,A02
092bb3ee-ca8b-4a81-a998-2d0922f02ec8,ETU,7720101,7720101,B03
8a4085f1-a678-450a-bcb6-f46f251357b0,ETU,7720101,7720101,B08
f2c90370-ac70-4618-a4dc-b1092aad3a24,ETU,7720115,7720115,A02
247b1c22-5878-43e0-a28a-d73e31bab04e,ETU,7720115,7720115,B03
8915f648-a528-4005-a320-5f3e9fd23071,ETU,7720115,7720115,B08
3661a743-d910-4a10-b59b-18df3f19bca5,ETU,7720201,7720201,A02
b02b6bf1-d822-4519-bca1-2995e90893d5,ETU,7720201,7720201,A11
177c7638-0b19-46de-a153-6dbfa0c49aea,ETU,7720201,7720201,B03
0ac9ce29-c5b1-4763-8705-68dffc6d8b2a,ETU,7720201,7720201,B08
f2303592-cec7-43a7-89eb-8df944330699,ETU,7720201,7720201,C02
53e81705-bbca-4cdd-a0cd-d5c04da8b2cf,ETU,7720301,7720301,A02
d271e5b0-d08e-49e8-a402-dbbbb0996ace,ETU,7720301,7720301,B03
d8e9d768-c73e-4a07-af52-93332896a171,ETU,7720301,7720301,B08
ede36a2a-c8f1-4885-a7c2-7b599933a910,ETU,7720301,7720301,C02
b4c88d55-5e93-4a6b-8427-5498c58fd3ce,ETU,7810103,7810103,A10
fa135760-54fe-4766-8e64-927d7030677b,ETU,7810103,7810103,C04
cb3355c8-1567-43a7-b82a-ff0855ce7143,ETU,7810103,7810103,D15
6dc72342-5053-4263-b4c5-6ec26207ddbe,ETU,7810201,7810201,A10
51e35b48-d38f-4f2e-a647-926dbcff0956,ETU,7810201,7810201,C04
a62979e7-28be-49ad-bd99-fa441d38a29a,ETU,7810201,7810201,D15
e237c939-71bb-47f7-aa6a-9b465a27e234,ETU,7580101,7580101,V00
e69e71b7-8345-4cc9-b832-80c7d581034d,ETU,7580101,7580101,V01
19328168-4895-4c76-abcc-7d5e20ce56ee,CMC,7210403,7210403,H00
c9e83ff9-53f7-484b-936d-6f7c9abed7c8,CMC,7210403,7210403,H05
7aea7574-7874-4c8b-a8b9-830df8904a50,CMC,7210403,7210403,H06
c0363e2c-0fb0-471d-ae4c-5c34d1bf1f60,CMC,7210403,7210403,H07
36afaa5d-70a8-4ead-a89e-98e858224f0f,CMC,7210404,7210404,H00
44a65c5c-309d-43b7-92a1-d625018e6227,CMC,7210404,7210404,H05
87a660db-e10d-4889-9806-4eb4e79c158c,CMC,7210404,7210404,H06
fbc9b9a7-5fb5-4446-ae8b-a72a6c14898b,CMC,7210404,7210404,H07
fb5569ec-062a-42fb-a03e-d9529ea45554,CMC,7580108,7580108,H00
0e08fdc0-5bf6-46b0-aadb-4401d38081e5,CMC,7580108,7580108,H05
e409b73b-b3b8-42b3-b5fb-0c212071d621,CMC,7580108,7580108,H06
4ae5b301-8edf-401b-9169-6be1ded79e17,CMC,7580108,7580108,H07
a18aee1f-073f-463c-99ca-25548f616db7,CMC,7210403,7210403,A00
9e6082ea-aa49-4b3e-ae96-19e432e2b92c,CMC,7210403,7210403,A01
ddf426bd-2b22-459e-a83f-2233f15a663b,CMC,7210403,7210403,C01
1e3d9272-cc6a-4016-a263-e5b861c72b71,CMC,7210403,7210403,D90
d90909cc-94f7-402e-8465-7fce2d61580b,CMC,7220209,7220209,A01
2f130ce4-278f-4eb7-8be1-25428d3fab71,CMC,7220209,7220209,C00
89e51e9a-a33a-4e13-a390-a60262dbf4da,CMC,7220209,7220209,D01
35567e92-ea25-4b48-bd93-81192fdf34bf,CMC,7220209,7220209,D06
5d783f43-e0b5-42ea-8453-c5f42e9bae47,CMC,7220210,7220210,A01
276952f1-96da-4d6c-a060-707f8e07f8f6,CMC,7220210,7220210,C00
311f25a0-4949-4336-972b-95aebbe0c65d,CMC,7220210,7220210,D01
683072ac-5c72-40e0-8971-439b1d31293e,CMC,7220210,7220210,D10
8c21b260-41b2-47d9-be3f-579835f57a44,CMC,7340101,7340101,A00
18f16c16-8a5e-47f0-8456-c4a2d2fcb0a4,CMC,7340101,7340101,A01
c1eb3da0-314e-4d33-aceb-d59a43d93434,CMC,7340101,7340101,C00
218927c9-3788-4899-adec-bfb73e3f1ad2,CMC,7340101,7340101,D01
e3b23262-76a7-471b-9264-e6f5d387d078,CMC,7480201,7480201,A00
9ad7e123-296f-4bd8-a873-f98b94806d68,CMC,7480201,7480201,A01
fb7df548-8176-4ea7-a63e-45eaf99a78d2,CMC,7480201,7480201,D01
6ce78c69-9bd3-4731-a46d-04cece65bb4c,CMC,7480201,7480201,D90
72e2ca9f-ab7d-47a6-9473-2a221df72c65,CMC,7210403,7210403,C00
97a0d818-185d-4fad-9bab-78ea352052aa,CMC,7220209,7220209,D00
7f617af7-0909-420a-ac17-cf8fa75bdd5f,CMC,7340101,7340101,D00
b645fccc-6017-4d14-8703-fa758d39377b,CMC,7480101,7480101,A00
3abe8f64-e54d-44db-a257-2c732fe12e32,CMC,7480101,7480101,A01
b35402e5-1daf-454c-ac17-68549ea7c8b5,CMC,7480101,7480101,D00
d929833f-a35a-4e8f-8dc0-ed63dfd184e6,CMC,7480101,7480101,D90
11aa972b-f397-4fa7-9e35-d86ff2fb290d,CMC,BA,BA,A00
a2134f83-6657-42da-92a9-ffbdd56ae9c7,CMC,BA,BA,A01
c1320149-150e-4a39-aaa0-8cafb336e7bd,CMC,BA,BA,C00
75cac7b0-4a07-4b2d-a9d4-8213a01a3c40,CMC,BA,BA,D01
3f46d6ab-37af-44b8-af3c-29b78bd0b483,CMC,CS,CS,A00
4f7cc427-c569-4543-b8c4-c0fc58fa4bf2,CMC,CS,CS,A01
02eb0d47-d94f-405c-b200-473df53431b6,CMC,CS,CS,D01
e2fd9149-6be2-46e4-a3e6-81ec8a29460f,CMC,CS,CS,D90
452d006f-52bb-4aef-8db6-815ef90593fb,CMC,EC,EC,A00
2f2ec1d5-bdc8-47ed-8f8c-d9e045bd756b,CMC,EC,EC,A01
875743d6-5998-47ce-ba06-a29923e86533,CMC,EC,EC,D01
fe3bb8da-5545-4c65-9238-0f9aea0602e9,CMC,EC,EC,D90
96e2823a-fe00-45bc-8905-80709b42c2bf,CMC,GD,GD,A00
5174adc6-2781-4168-9a0f-6bbdfa277143,CMC,GD,GD,A01
6004abb4-2e87-4892-b142-5c7a2e6a56da,CMC,GD,GD,C01
de00c770-8f41-452b-80eb-338c4e3de0ca,CMC,GD,GD,D90
e58b7f8a-08bf-4bfb-b063-24ef954b74aa,CMC,IT,IT,A00
4f5be7c6-7f82-49dc-a515-776680f199cb,CMC,IT,IT,A01
69aeaaa9-11b1-4cff-8a45-c14856e679cd,CMC,IT,IT,D01
9cd86539-5036-47d5-944b-a065e868d535,CMC,IT,IT,D90
9c4de8f4-adbb-4952-bdba-92dd7933eb7b,CMC,IT-VJ,IT-VJ,A00
eae451d9-4b4c-45c1-a892-b3bc00d96d5b,CMC,IT-VJ,IT-VJ,A01
26b977c6-24cc-42b0-a7e9-4571eb6e47b6,CMC,IT-VJ,IT-VJ,D01
87fb6d64-00a2-4ff6-bf46-5fce1c5cf28e,CMC,IT-VJ,IT-VJ,D90
181d0c31-2644-482e-91f3-4971b0df7a20,CMC,IT-VK,IT-VK,A00
2388b169-915c-41eb-876f-4cfa6cad03a2,CMC,IT-VK,IT-VK,A01
fcc1bc38-d982-4a4a-a91f-58f4ef84e2d4,CMC,IT-VK,IT-VK,D01
23e2a208-26ce-4058-8a48-e1f3cf6cc85e,CMC,IT-VK,IT-VK,D90
0bf7be3a-a589-4d4c-afe3-a23ca980783c,CMC,JL,JL,A01
d7902cba-dde3-4884-b317-ef4d80b37efa,CMC,JL,JL,C00
e00d7bb7-0f1a-4581-ac78-a92450c9c2a6,CMC,JL,JL,D01
5cb2fd49-0f95-45d0-8cd4-407985120858,CMC,JL,JL,D06
4cd8f208-19a6-4ce4-aac1-dba06f94b13e,CMC,KL,KL,A01
55968ca4-6cc8-471e-b494-111e4782c02a,CMC,KL,KL,C00
c2f4dfd7-d035-4eb8-809c-9a9f136d5fb7,CMC,KL,KL,D01
b2112fdc-f041-40de-93df-c239680312e7,CMC,KL,KL,D10
e4ba8779-ba6e-444d-92d6-34c0f15a3b09,CMC,MK,MK,A00
f3a82b51-9676-4b21-a857-3234e29e63c2,CMC,MK,MK,A01
d4b1aa8f-d489-4ae6-bfd4-c9424c667cd0,CMC,MK,MK,C00
eb692aa5-b236-47b4-9104-e076b97e1a74,CMC,MK,MK,D01
fc39bfd4-d5d8-4eca-b65a-26035faa861a,CMC,AI,AI,A00
d2cc76b3-aa9d-4cf4-99b0-d5dd95949302,CMC,AI,AI,A01
8cf526cc-44d3-469d-96c3-378565cfcd8d,CMC,AI,AI,A02
d8f8b26a-311e-4f73-963b-dc222635de50,CMC,AI,AI,A03
60c314ea-b721-4003-aecc-0e82b9c1ba09,CMC,AI,AI,A04
08c08550-ad4f-4a6d-9329-931491d895cf,CMC,AI,AI,A05
64558824-1279-4556-96df-7cdcf133e608,CMC,AI,AI,A06
cc444389-0f83-45d4-82a0-55668003efe2,CMC,AI,AI,A07
761b2967-78a2-47b4-b63b-d4a603ec6fc7,CMC,AI,AI,A08
41b0556e-1190-4104-b218-284c64566e89,CMC,AI,AI,A09
6ba9bec4-768c-417e-90c0-ce6684218325,CMC,AI,AI,A10
19831afd-eeeb-4553-a596-c7748761e55e,CMC,AI,AI,A11
c89e96a6-3a05-426f-a14a-87f34df00582,CMC,AI,AI,A12
b03ceb3c-4071-4ae5-905e-ece6f3cb914a,CMC,AI,AI,A13
0e99560d-2420-4081-b593-8fc9df7ea728,CMC,AI,AI,A14
d553c106-6b5a-4e94-ac30-2d34ed3cc673,CMC,AI,AI,A15
66080121-5541-41ca-9783-0fd415da0d6a,CMC,AI,AI,A16
a80f87c2-8d9a-4c6a-a54d-481ee4410459,CMC,AI,AI,A17
4740fa5a-350c-44ff-bd82-dbb355ac997d,CMC,AI,AI,A18
5efc4b59-7862-498d-8ed2-522250fe49dd,CMC,AI,AI,B00
ea98e9b5-a659-4821-8602-8daea3d47b0f,CMC,AI,AI,B01
3d87d309-df3b-4a6a-b482-73409567d5c2,CMC,AI,AI,B02
3984ec04-195c-4314-8dff-c2f06a658c80,CMC,AI,AI,B03
c42bb00d-bd26-4935-ae2f-8b390b376006,CMC,AI,AI,B04
ee5e4146-d382-4eb7-a4b0-70432d5e5516,CMC,AI,AI,B05
7c28e756-0e2b-4119-9b1b-20cde9eaf151,CMC,AI,AI,B08
82a2dc48-1b3b-46fa-add0-2f1c6268ebb1,CMC,AI,AI,C01
857db40b-3afc-41aa-aded-e16660d31bc7,CMC,AI,AI,C02
dc10bae0-db6a-4a56-9584-edb53aaf0852,CMC,AI,AI,C03
bffb7186-6699-414d-a8d1-27a54f38d512,CMC,AI,AI,C04
09c8db7c-94f9-40e5-9c81-6567c8cbf606,CMC,AI,AI,C14
1c4689aa-05d1-4b52-9c17-06793f510efb,CMC,AI,AI,C15
337bcd41-c493-48b6-ad10-57120a7ab91e,CMC,AI,AI,D01
5cdb6a31-ec16-473d-838a-f3686efebb6a,CMC,AI,AI,D02
718a9721-0a04-4e13-97c3-63f0b96ea792,CMC,AI,AI,D03
5cfb7c81-c632-47f8-8d4f-c7bb3d788f4d,CMC,AI,AI,D04
ff3b4427-fd62-4e47-92dc-7db96bde8361,CMC,AI,AI,D05
764a6199-c713-437d-9ade-bb12b3da9a15,CMC,AI,AI,D06
0201cebe-46b1-4a57-88e9-a7d8d6e5bed5,CMC,AI,AI,D07
93746007-afa4-4954-815f-5ed0bfa68cfe,CMC,AI,AI,D08
006444d4-b14e-48f5-bc22-70464cd5a64c,CMC,AI,AI,D09
938d85aa-264c-4864-a58e-f3773d0cfb83,CMC,AI,AI,D10
96bd719b-e92d-49d3-95ab-e8c2bf7de830,CMC,AI,AI,D16
84f8ada6-ba82-4ec5-9a47-b0ec20831a79,CMC,BA,BA,A02
27d2db90-5a06-4525-bc42-c7031399ad14,CMC,BA,BA,A03
478f5728-5b74-4889-9189-f9a7a35e282f,CMC,BA,BA,A04
f803c397-590e-4d50-b963-46c1c82a9265,CMC,BA,BA,A05
d5ef3100-7fad-4c39-b07c-f45548aab17d,CMC,BA,BA,A06
0a26e923-3c81-4ca6-9f88-01b3ed76d059,CMC,BA,BA,A07
75f2f851-6cbb-4079-9f30-4a6954baf028,CMC,BA,BA,A08
cbd450c3-7ec7-42c7-a8bc-19bf3a8b376c,CMC,BA,BA,A09
dfbd3f08-f532-443b-a2ee-c2342a591656,CMC,BA,BA,A10
8dfee4a7-6113-4c0a-a98b-695e2bf2049a,CMC,BA,BA,A11
41dc3cb5-1694-473a-9b70-5b413aac2aec,CMC,BA,BA,A12
906a93b9-a202-40ee-a6ab-6d0faf7eee22,CMC,BA,BA,A13
04ea8f11-4582-4368-b1b3-20a207f17dd6,CMC,BA,BA,A14
b880a8b1-d352-401d-9843-16c6052475a8,CMC,BA,BA,A15
f9235748-3365-43d4-a5b0-a966827024e9,CMC,BA,BA,A16
7617c477-cb57-4ccd-9cc3-adbe940e1a0a,CMC,BA,BA,A17
45d4b724-723c-41b6-ac3d-d15444e534b4,CMC,BA,BA,A18
5eeaf30a-9dc6-4286-afd0-af40dd19ffe9,CMC,BA,BA,B00
233e2554-0ea8-43fd-9605-826b911e6e10,CMC,BA,BA,B01
26e9cffd-1d5b-4753-9bce-ed9d71156e95,CMC,BA,BA,B02
6331d131-ed60-485d-8fb7-8b3c5d252b07,CMC,BA,BA,B03
34e18afa-607e-4ba9-978d-af2d4f26faf4,CMC,BA,BA,B04
28794325-2c0e-4e88-a4b8-1e51aebf93bd,CMC,BA,BA,B05
dad87a87-8326-44eb-9f9c-56774c7849b7,CMC,BA,BA,B08
47db8554-86b3-472e-a684-acadc89057c8,CMC,BA,BA,C01
4810a466-aa09-4562-8968-02df8b4c4c43,CMC,BA,BA,C02
79a2b1f6-909a-46de-a856-7b20621fda44,CMC,BA,BA,C03
3d2c3337-4ade-42fd-9d58-1c9c699bbd21,CMC,BA,BA,C04
66abcbc7-0644-4f41-a8cb-71a385a4f4f7,CMC,BA,BA,C05
39d040aa-04ea-4af8-96f6-173697992d8b,CMC,BA,BA,C06
75066bea-fbd2-4919-85f5-7e29fb1eff04,CMC,BA,BA,C07
bf023d8b-cbe6-4757-bad4-bbbb5937589c,CMC,BA,BA,C08
cc69445b-d721-4e26-b47c-1d8cde56f30e,CMC,BA,BA,C09
1d2ba464-f975-477a-963e-0ce9fcb728dc,CMC,BA,BA,C10
75ee368a-a3a0-4c23-b1ec-9b23dd67bff3,CMC,BA,BA,C11
d356cecd-cced-44f7-8be2-a8db4de133c4,CMC,BA,BA,C12
ba713564-7a94-4e34-a051-8eaeb258abaa,CMC,BA,BA,C13
20f6b4c4-1a91-4794-b101-7f6fa4418613,CMC,BA,BA,C14
2a0b70b9-0b23-4e0c-b23e-767c155acc46,CMC,BA,BA,C15
b3298952-dc97-409e-ae45-90f56125ffc5,CMC,BA,BA,C16
d940ea79-32cf-4a66-921c-819e465622c1,CMC,CL,CL,A00
6bc50872-5b17-4103-8570-9366910c9b17,CMC,CL,CL,A01
246f7dbf-3594-4c1f-96ad-70fa30bed29e,CMC,CL,CL,A02
c437cecc-2653-4b3a-ba03-67330067f037,CMC,CL,CL,A03
a03c66a8-a8e0-44c2-9f7c-f9a5887685f2,CMC,CL,CL,A04
fe34ec3d-05f6-48d8-8e81-a0a28375ae32,CMC,CL,CL,A05
08cef098-7ff9-42b2-9b92-6f208518fedb,CMC,CL,CL,A06
5611fde2-0972-4785-934c-1f572b9c05ff,CMC,CL,CL,A07
569250b5-6ba5-4935-9c71-bd74f7d40256,CMC,CL,CL,A08
c1d93522-ed29-4b74-af00-defa4b94d801,CMC,CL,CL,A09
dad7a18b-4006-4a16-8909-dca030c21721,CMC,CL,CL,A10
6e431013-2e84-4370-8a7d-4d69dcf4e177,CMC,CL,CL,A11
a8461367-1b0d-4c5e-9a03-9215180ae2c0,CMC,CL,CL,A12
0a751886-cef2-483b-b183-d5f9501d1fd8,CMC,CL,CL,A13
12c3a379-1cd9-401a-89d8-a087d32ac752,CMC,CL,CL,A14
2becc7cd-9c16-4a56-b7d3-9b57bb152f07,CMC,CL,CL,A15
b17f02b4-c6d8-42b9-8287-a1b3a9b37afa,CMC,CL,CL,A16
fbd1656d-a396-4851-bdc1-afebf100441e,CMC,CL,CL,A17
fc133d58-1e31-4ccd-93e6-3df0f4b5f6c6,CMC,CL,CL,A18
d3bdf59c-7adb-4c23-a4d6-20c42e0b5383,CMC,CL,CL,B00
4ceaed8c-8c09-4689-8728-a38b94a6b177,CMC,CL,CL,B01
c4a8b941-fbf6-4f67-8154-e89c160f5492,CMC,CL,CL,B02
8d4e5365-f480-444d-993f-5610a9ac673e,CMC,CL,CL,B03
b01a6bca-dc8d-447b-bd49-14e04e567c8e,CMC,CL,CL,B04
eb85f180-1389-417e-938c-4f07a1bfa974,CMC,CL,CL,B05
4d6497c5-717e-437b-8b76-f6a02e6a2e58,CMC,CL,CL,B08
b3d66cc5-b636-402c-9735-dc91630895f9,CMC,CL,CL,C00
813bfd0b-6c28-49a4-81b8-b8bcb83802a7,CMC,CL,CL,C01
6ef56de6-b5da-4366-90c9-b344385c4eb2,CMC,CL,CL,C02
7a55484f-1ac4-49a1-b863-5c28c65c209d,CMC,CL,CL,C03
7aee5a00-7e38-4443-a1ed-0dba5e487329,CMC,CL,CL,C04
5ca8dc87-a1dc-4322-9d22-0c5003cc6e81,CMC,CL,CL,C05
7224b92e-c126-4ed4-a59f-3a69ddd8e68d,CMC,CL,CL,C06
009246b0-839e-4a05-b34e-971e77b779b2,CMC,CL,CL,C07
fc6cc647-e6b7-4540-a4de-d9a4d411da14,CMC,CL,CL,C08
04f7a5ca-165f-4637-80cb-29d6905ccd58,CMC,CL,CL,C09
03834d1f-fe05-41f9-83f7-7d37e148e06d,CMC,CL,CL,C10
5338d0c4-cd41-4993-b91a-e46eaf69f789,CMC,CL,CL,C11
6a52f391-9b9b-4eda-8927-3ae13264c350,CMC,CL,CL,C12
58d6ff67-3465-4540-83dd-872340d55020,CMC,CL,CL,C13
a24bc411-f424-4ac9-9f5a-53cd2fa48268,CMC,CL,CL,C14
727943f2-0f05-4983-a3f3-3365f81e750c,CMC,CL,CL,C15
5b6d0b35-aa4c-4ab1-a2e8-c24079cc390d,CMC,CL,CL,C16
a54953ef-4045-4ea7-a65e-853283397338,CMC,CS,CS,A02
23e5a014-19e2-4a0e-81fc-10f09ba001ca,CMC,CS,CS,A03
13f71cd8-1bb1-4878-b471-d1446f1ec595,CMC,CS,CS,A04
5f038f09-7024-4fc8-af60-0eed9dd6bab7,CMC,CS,CS,A05
b316291f-688b-43e2-a71e-c11a84663251,CMC,CS,CS,A06
81a1e1ba-0de1-4a2e-a1c7-0456c4420767,CMC,CS,CS,A07
6341fad9-2c96-4139-9e7f-f56f0946015e,CMC,CS,CS,A08
9b883a2e-8fcc-44e6-88ff-183db66dabbd,CMC,CS,CS,A09
91708b50-fe05-426f-8e03-fa151957688d,CMC,CS,CS,A10
c41554ea-e141-4860-b4da-00690fdd197e,CMC,CS,CS,A11
9e3eb0c4-0689-474a-ab1f-deb1a2c4bac8,CMC,CS,CS,A12
e5cf92c1-1122-4f0a-98c6-98c1bd322bae,CMC,CS,CS,A13
859a94e8-a59a-478f-b19e-0b963d652d9a,CMC,CS,CS,A14
2b9712fc-b2b7-4cda-b47a-09dfb0391766,CMC,CS,CS,A15
50322344-90c0-444b-8a2c-3db1363e3b8d,CMC,CS,CS,A16
88f274f3-0df3-473c-8462-ec65d59acbe9,CMC,CS,CS,A17
369085b7-b35b-4d71-b826-2c498718c809,CMC,CS,CS,A18
ce1fe6f5-a6e1-4238-b473-b93f3f9d33b3,CMC,CS,CS,B00
8b9c3506-af4f-4ad8-ba01-d4198e74255a,CMC,CS,CS,B01
a74df13b-941a-47be-a221-737895d1f91a,CMC,CS,CS,B02
791c1b79-3410-44ed-b325-76932fcb8631,CMC,CS,CS,B03
5c419a99-dd13-4ad8-82d4-90978e95ab38,CMC,CS,CS,B04
b305ccf1-351b-49a4-a5bd-5864da5475a0,CMC,CS,CS,B05
efff8754-e75f-4fd8-a05e-dc9140b90a34,CMC,CS,CS,B08
a7090b5a-1c33-4c16-96b0-334281ce72af,CMC,CS,CS,C01
23e2681a-58d4-428f-b516-22e793fd59ab,CMC,CS,CS,C02
bc6cbdde-041e-4922-91e6-dcc4d6af56f7,CMC,CS,CS,C03
8f3caab8-753f-43f7-a9b9-bd2433ea48ba,CMC,CS,CS,C04
3eea14e8-b54c-400d-bf5d-690cba017b12,CMC,CS,CS,C14
f151a0c2-9bca-4b7d-bfb1-788455fb7c79,CMC,CS,CS,C15
a0255bef-91c9-4e5d-91cf-1240f351dbce,CMC,CS,CS,D02
13bdea6b-e144-4a93-a67a-d46fa622083e,CMC,CS,CS,D03
4c579509-08a5-4424-94c5-b455a91b18d0,CMC,CS,CS,D04
60664973-48e6-4046-b17c-cab00f3df005,CMC,CS,CS,D05
65751fdb-3944-4031-a042-318ec35e84a8,CMC,CS,CS,D06
d7f4e3a5-19c6-43ab-b1f7-0c93a097c6b2,CMC,CS,CS,D07
e19ccf98-6616-4cab-acbe-bacc05eac6f4,CMC,CS,CS,D08
0357ce22-b3ca-4e33-98bc-e2141f7df458,CMC,CS,CS,D09
494e2960-5041-4479-9ebb-e4849056f1e1,CMC,CS,CS,D10
1140566b-335e-47e9-9081-082399fa18dc,CMC,CS,CS,D16
eee96c84-3a89-43d1-bfbf-dd1696cb7119,CMC,EC,EC,A02
2f61a420-cc8f-4b77-911e-3a6950835cb8,CMC,EC,EC,A03
6468a1d9-b78c-4370-9332-7f057185c337,CMC,EC,EC,A04
7a2b5146-5d72-4f8c-9b8f-ef2c72489ec8,CMC,EC,EC,A05
9eaf76c0-7035-4aab-8902-35e43569a9bb,CMC,EC,EC,A06
d443d032-143c-4128-a3ac-74101f26a93b,CMC,EC,EC,A07
479d3e0f-3cad-4a60-bb9c-92d151e92406,CMC,EC,EC,A08
31cee7a6-1a89-4daf-b32b-0f6eb46ad8c8,CMC,EC,EC,A09
8344d10c-8be7-497e-8aa2-7c4d31c160ef,CMC,EC,EC,A10
1e185d51-664d-4f07-8043-befc7d95cc76,CMC,EC,EC,A11
f276b107-30f0-468c-9b3e-3d51944ab677,CMC,EC,EC,A12
17fc4431-c54b-415d-ac04-fa12f1fdcca0,CMC,EC,EC,A13
ddecdcc0-8e73-4233-9676-514a8593b293,CMC,EC,EC,A14
7f97a532-8f68-4ff3-83b6-27c5376ad86f,CMC,EC,EC,A15
01df3c89-47ac-48f0-b8b1-a49d6c3c2402,CMC,EC,EC,A16
17758591-6e98-49a5-a81c-787cdf842ba2,CMC,EC,EC,A17
7aca41f6-ed17-4e30-8bb0-bdc58fc41572,CMC,EC,EC,A18
87d268bb-09ea-471e-8079-f67343ea51a2,CMC,EC,EC,B00
6cdc145a-5f0a-4f4e-939d-fe94c9afd31c,CMC,EC,EC,B01
e6e485fd-bbc1-425b-9ed6-94c34bfeaf65,CMC,EC,EC,B02
028d1a5c-30e4-4c4e-bd97-98f3bd4ff1e0,CMC,EC,EC,B03
ec6ed1c4-20bd-4fe7-bd8c-6c2cbf3c1449,CMC,EC,EC,B04
986cde09-6788-4f58-b569-b4c8c6016965,CMC,EC,EC,B05
2a1843b9-bad6-41a2-8198-1f1fc32f67eb,CMC,EC,EC,B08
2ebf37a3-e4d4-4548-8ab4-6a3b7ce200b4,CMC,EC,EC,C00
da6075c0-bd56-47ba-86e5-5d27ca13ee89,CMC,EC,EC,C01
ca85ca9d-013e-4344-8783-a57ca7e2a7c3,CMC,EC,EC,C02
979d2289-345e-4a2d-97e5-0bedb5763451,CMC,EC,EC,C03
140142b5-9f61-401c-894b-744659c197bc,CMC,EC,EC,C04
85c7b069-b627-4b57-823a-412f91dc87ba,CMC,EC,EC,C05
ccabaf11-9351-4dc6-9265-b936dbaf3e46,CMC,EC,EC,C06
6c204209-12cc-4473-85fd-ba54c223d2cb,CMC,EC,EC,C07
3f233171-4412-4e19-b234-44cf99ff251e,CMC,EC,EC,C08
a0020c98-cfea-46a0-a185-8bda6311f651,CMC,EC,EC,C09
38670334-dc6f-4aeb-bbcf-f386c5f80e24,CMC,EC,EC,C10
a05c4213-636b-497d-ae2b-5b7d963cdd88,CMC,EC,EC,C11
19a69a68-9184-4b6c-b918-4d02c21a2484,CMC,EC,EC,C12
270f3ef6-edb2-489d-8129-923a682374f1,CMC,EC,EC,C13
fb59c468-e006-497d-94bb-f0c821130bb3,CMC,EC,EC,C14
6799dcd5-3308-4be4-ad41-b226f070d1ee,CMC,EC,EC,C15
e6ecb3f5-58f3-4c31-923c-665458e2f5d4,CMC,EC,EC,C16
4e544d06-a48f-451f-94c0-80047da3aecf,CMC,ET,ET,A00
d6913179-e68d-4b2c-a1d0-338fe12f086c,CMC,ET,ET,A01
d93a6008-140e-49d5-bd8b-04c6a6f709b8,CMC,ET,ET,A02
2e563749-2fea-448a-bf3c-f8088fedbc7d,CMC,ET,ET,A03
0584014c-4a1d-4f28-92f5-a0032b39a34f,CMC,ET,ET,A04
1cbf68fb-d172-45a9-8ff5-7290e009153a,CMC,ET,ET,A05
0a4549cf-0831-42f0-8b12-25a2afd0c50c,CMC,ET,ET,A06
14cef59b-664b-4742-af08-1d54e18a0b95,CMC,ET,ET,A10
e7a496f4-06d9-4893-872a-b0badf483513,CMC,ET,ET,A11
4ea449c2-f7c2-468e-a29b-98df9071f14d,CMC,ET,ET,A17
be99f612-08ab-4fed-88e6-ff042ffaf908,CMC,ET,ET,A18
fb1a4d4c-1c76-4fab-85e2-480397749816,CMC,ET,ET,B00
67c17bf4-f749-453d-aa7e-c96020ddac3c,CMC,ET,ET,C01
c6a5366e-753a-4052-9988-e40b4df955d5,CMC,ET,ET,C02
b91abce3-a39a-4de8-8457-ce16642f3cd0,CMC,ET,ET,D07
7458ed28-8fb4-44b9-ad45-8d57dc96841b,CMC,ET,ET,D21
b2fb2238-bb54-41ec-813c-f9848f90f444,CMC,ET,ET,D22
b9b12369-04f6-4b87-b8e7-850a35cb2a95,CMC,ET,ET,D23
4e3ffc72-78ae-4fd1-9044-3ffa4d265c1a,CMC,ET,ET,D24
6518a6b0-ab44-4178-b5f2-3078fa95d51e,CMC,ET,ET,D25
3cf08eba-5097-4121-a9d8-3cbc96e9fb3a,CMC,ET,ET,D26
22c3289d-78e7-4acc-8600-107a0ed8b0b2,CMC,ET,ET,D27
9fabc930-1622-4c17-a549-97c4ccbd18ae,CMC,ET,ET,D28
a86e475c-2363-4949-8e72-e43bba532ff6,CMC,ET,ET,D29
518672b5-50f9-477c-8102-a17c4723a4d2,CMC,ET,ET,D30
8ef2ed9e-427f-4e82-a9a2-b4fb6cf54918,CMC,ET,ET,X05
57c8c8c5-8130-4e02-b19a-c81b5297af1c,CMC,ET,ET,X06
2b59b774-82ea-4507-aaff-abdcd29ce0ff,CMC,ET,ET,X07
e8ac90b5-b226-4563-8d6c-dabc3af2111e,CMC,ET,ET,X08
e448a509-8d92-4eeb-8266-d1d4d380fcfa,CMC,ET,ET,X09
12e21f72-8cc5-43a9-aa88-39aa53276a78,CMC,ET,ET,X10
bdaa714c-e671-4250-8a63-5053a3bdc04d,CMC,ET,ET,X11
7ba4aea3-af69-48d6-8b55-fbc3b9dd0d62,CMC,ET,ET,X12
91e68555-cf40-4621-b2c7-418c6bfac933,CMC,GA,GA,A00
55ef4811-afd2-492c-96f4-4d5f0ccce061,CMC,GA,GA,A01
a7b411a7-ac25-4b7b-8e7b-dfe8e76e9de3,CMC,GA,GA,A02
1db376c2-0e42-47ba-88db-57b71cfb07af,CMC,GA,GA,A03
61de5071-1aba-478e-b34f-4c36034733d9,CMC,GA,GA,A04
c3b05ccc-777a-42c3-b9fc-deac533d1c5f,CMC,GA,GA,A05
c77ff9fd-86dd-4027-a2e1-dd0d0b1f0293,CMC,GA,GA,A06
03946adc-7309-4a6c-8282-f2b26c95821a,CMC,GA,GA,A07
fae298cd-1c40-4585-8285-a0025f4b144a,CMC,GA,GA,A08
78c4d64f-66c5-474e-bfe3-864eaf77a0ba,CMC,GA,GA,A09
5a409f7a-8b74-44ce-9dad-e9455784967b,CMC,GA,GA,A10
174b2be2-0858-432d-bc11-de7ba14000cf,CMC,GA,GA,A11
619e22c2-9097-409c-91e1-eefa451b8a3a,CMC,GA,GA,A12
1e549763-9d78-470b-826c-250b0f29bde6,CMC,GA,GA,A13
6fab73b9-f26a-48ab-89dd-f1637713f589,CMC,GA,GA,A14
159e2d8a-baf6-4d50-aeaa-2142603bf1d0,CMC,GA,GA,A15
2ae7b083-1522-4049-8bc7-ec7428934253,CMC,GA,GA,A16
a81219e5-988e-4f4b-9f46-aa69cfb54022,CMC,GA,GA,A17
48e48e1b-3185-4985-828b-f0387c74b48b,CMC,GA,GA,A18
a4d7d8f4-4773-4e72-a6de-a45fdc960f86,CMC,GA,GA,B00
e168431d-5d24-4755-9eb3-63144e102ea1,CMC,GA,GA,B01
e5acc93d-3f4b-4070-9275-6d27292e353d,CMC,GA,GA,B02
ad92db83-2a41-4826-b541-9ff9c358fe8f,CMC,GA,GA,B03
6444b0bc-0718-4858-b789-9e7a8a371ba2,CMC,GA,GA,B04
2371bfd0-1a01-46c1-8868-9d3f987de710,CMC,GA,GA,B05
4e50f046-14f1-481d-8ed8-73ba928b4083,CMC,GA,GA,B08
db2c15f7-5210-415e-b9a6-6a2a558889ba,CMC,GA,GA,C00
451281de-f18a-4940-9ead-ad6334c2dab7,CMC,GA,GA,C01
033c2ce4-4898-4894-8999-82cabd9f9e1f,CMC,GA,GA,C02
9aefa418-91b6-4615-a5e7-c9cbea715215,CMC,GA,GA,C03
ae50a153-3d05-4e0a-9f0b-9908c8aa0600,CMC,GA,GA,C04
1775ee0e-379f-4c47-bc1f-2d76d03f1e19,CMC,GA,GA,C05
93038591-65a9-4004-80b3-98aedba8ae52,CMC,GA,GA,C06
0347a089-9d44-4efc-87bc-ef38c0b5ace1,CMC,GA,GA,C07
3060b09c-7ae1-4d0e-9c52-f3f58caf416a,CMC,GA,GA,C08
1bb609c4-51ed-4272-aa93-228a69ca76e8,CMC,GA,GA,C09
0a0bd7c2-f2e2-4177-9361-a4eba2f7ec7b,CMC,GA,GA,C10
99837cf1-08a4-4ba2-80a3-9d148296bbdb,CMC,GA,GA,C11
b4f4677a-5ff3-4f2c-87c6-21de53a5df64,CMC,GA,GA,C12
b9188964-2c17-458b-8207-8269680156c3,CMC,GA,GA,C13
5be57ff7-f3be-43f4-8e75-91d47795185c,CMC,GA,GA,C14
bb9dd3b9-e145-4f75-9b45-39306444ad8b,CMC,GA,GA,C15
ba6fdccb-70eb-4679-937b-435996dddde2,CMC,GA,GA,C16
8b79ecb4-4fd1-4030-87fe-99a419d43513,CMC,GD,GD,A02
69ac5b33-6dc3-4cf3-b9e7-0013e73625cc,CMC,GD,GD,A03
3a506343-fad3-4b24-86e5-352b25e1bcf4,CMC,GD,GD,A04
9597a137-5bd3-4c0e-b256-fa4ac874b7cb,CMC,GD,GD,A05
7375e7fc-2053-4179-ad7d-3b749b13bf3f,CMC,GD,GD,A06
12cb54c7-acd4-4ce2-ad39-f1df70c1c1da,CMC,GD,GD,A07
45e94b8f-1335-4017-90e6-da038f1da55b,CMC,GD,GD,A08
566551a7-ea34-46d3-8057-488f35e13e17,CMC,GD,GD,A09
bbb6a9fb-472d-4cb9-8e89-cc878c25aaf1,CMC,GD,GD,A10
da8c1804-9ec1-49ae-a27d-21a3553641d1,CMC,GD,GD,A11
7fafa2c0-a30a-42ed-8cee-1fc9fd8267d0,CMC,GD,GD,A12
f2a3d6ba-1e5f-4450-b479-7e60be05eb57,CMC,GD,GD,A13
7e2d316e-3ef8-47e7-b248-22f46189687d,CMC,GD,GD,A14
359ef156-f3fb-48b9-bf32-fff8ca81d22d,CMC,GD,GD,A15
21e9f544-11b3-44f8-915c-446771ca4f25,CMC,GD,GD,A16
c800cb1a-d069-4fb5-9b3d-ddf7457b79ec,CMC,GD,GD,A17
4baa6389-bb23-49d6-8d45-3fbd9884512c,CMC,GD,GD,A18
4a112679-ed91-429d-be7e-dee58f3abd53,CMC,GD,GD,B00
d8ac1a03-4b4c-4b0c-9275-f0a9ce3c3437,CMC,GD,GD,B01
f7a33ead-ea8b-4e52-b819-2980a6de0981,CMC,GD,GD,B02
20f2f984-9e7f-4dc4-a9e5-24f83df65f8b,CMC,GD,GD,B03
423fdaf2-4513-4472-b22f-dbda7e6f94fd,CMC,GD,GD,B04
51acb1b5-336f-43ff-9be1-af02e14206b4,CMC,GD,GD,B05
de7f62da-cf84-403f-bb70-f64e2d4c9c74,CMC,GD,GD,B08
d3436cc2-bbc8-4bcf-b805-273353642d08,CMC,GD,GD,C00
1a7397b7-0148-4d40-8c9e-4faceadc29ca,CMC,GD,GD,C02
2550e0b7-028c-45b8-ac47-9462c2d653b3,CMC,GD,GD,C03
bb25576a-08b0-4ba2-99de-6a11133ae802,CMC,GD,GD,C04
ee822138-8134-4a1d-810f-9a1617e1b794,CMC,GD,GD,C05
f38ea072-4f61-4df3-a8f9-44a9baa57a6e,CMC,GD,GD,C06
9062da52-4574-4a51-af23-c7b2dd2e6999,CMC,GD,GD,C07
5858b75b-0d93-4b73-91d1-870b8295c4b0,CMC,GD,GD,C08
e9476f5b-1a57-4eaf-b0dc-d3f208c946ce,CMC,GD,GD,C09
bc949bfc-2f79-44e0-9450-3d685d807ac7,CMC,GD,GD,C10
4309a801-e489-4866-affb-7b2353b101b5,CMC,GD,GD,C11
609221ee-e5e0-4373-8263-2e1e5f818217,CMC,GD,GD,C12
103012d1-6d17-48e4-8f4b-58dab821fe49,CMC,GD,GD,C13
804f2bad-e867-45e0-9373-b185386fb0cb,CMC,GD,GD,C14
b4bb7b8b-b9ad-4ba7-b456-6c5263dbbf63,CMC,GD,GD,C15
4769b0cd-6203-468d-8595-e9154492f940,CMC,GD,GD,C16
dafbdf81-75fa-4162-8ffd-8bf88017b322,CMC,IT,IT,A02
17f8f1eb-1002-4125-93cb-35d37e7c5d45,CMC,IT,IT,A03
bc1b4b5a-aece-4b1c-8e8e-54d0dde30e6a,CMC,IT,IT,A04
a3c08768-c549-4383-aec3-e197bcbf4212,CMC,IT,IT,A05
10fe443f-0889-4a05-946e-397c5502a5d8,CMC,IT,IT,A06
c9f77054-bf6d-4ff3-b893-5028888bdede,CMC,IT,IT,A07
c1e3317e-1cb0-48c1-9055-fe87fdc4f477,CMC,IT,IT,A08
3caaee0f-bbf7-46c7-a82c-3c28b57547bf,CMC,IT,IT,A09
7c2c9caa-af0e-4c4c-a888-be53132a9c3f,CMC,IT,IT,A10
6d3fee8f-8456-4906-914d-648356a61484,CMC,IT,IT,A11
a7d3273a-9269-4b41-b1a7-031e42e03904,CMC,IT,IT,A12
be3a85e9-44c5-45a2-b442-21fde7ccffdc,CMC,IT,IT,A13
dfbeb641-5c71-45b9-944e-133019738d2c,CMC,IT,IT,A14
7b9f6a87-4d3f-4f71-be43-d1573b9551bb,CMC,IT,IT,A15
9a7aa036-eae7-4f3f-9c68-ba996a96d02c,CMC,IT,IT,A16
1d3b7747-1d0f-4386-8a42-b7e76811bc98,CMC,IT,IT,A17
1f4a03ca-19b9-4848-aa63-d5c86838a0fb,CMC,IT,IT,A18
c16dfcd8-6b83-4f73-8b4a-e8ca7829e503,CMC,IT,IT,B00
0672d6ae-14b3-48ee-8d17-ab2c72f17aff,CMC,IT,IT,B01
0863ae63-a929-4a46-bca6-d356938854a2,CMC,IT,IT,B02
435ef6bd-581a-4fa4-94f5-9129a5f86841,CMC,IT,IT,B03
5ae58cde-81a2-4cda-a899-9bd5dd3d2f30,CMC,IT,IT,B04
6d3dab91-e5d4-41e7-87d8-ff2374b1de1e,CMC,IT,IT,B05
a8f9bf80-40c4-4a01-b49d-3624a462783a,CMC,IT,IT,B08
1a8c9c00-def4-4c0f-8acf-c82fadf2966d,CMC,IT,IT,C01
b7f3996b-22a1-4ec1-b9c6-43408968e145,CMC,IT,IT,C02
ea6b6694-d46e-48e9-ad50-730b0a424024,CMC,IT,IT,C03
90587d08-2e37-46e7-a8a7-a7ce47f8095b,CMC,IT,IT,C04
3a8422b8-22c9-48c9-b8b1-c02b9c6db514,CMC,IT,IT,C14
a3d900df-b9b3-4709-aabf-830d2a80adb8,CMC,IT,IT,C15
72c8d362-bc1f-4d4e-806e-d309e2a3d042,CMC,IT,IT,D02
a72f4fd4-64ab-4318-94fc-f5cd533a9561,CMC,IT,IT,D03
b2ac5a6a-823e-4ff9-a451-2878046989e9,CMC,IT,IT,D04
1d6f3653-d2a6-4d0f-9760-01d719647d28,CMC,IT,IT,D05
8c792a74-1155-412f-8266-6e621bf0c9fc,CMC,IT,IT,D06
4fdd90d5-9c5e-4743-813b-052f682d7e36,CMC,IT,IT,D07
2c36dbf1-ec2f-4f9d-9624-009b3fc7c693,CMC,IT,IT,D08
37c2b3cd-fa0f-4f19-91f6-a531578e8f09,CMC,IT,IT,D09
8092369f-e279-4ccf-8088-1225567ac70d,CMC,IT,IT,D10
36587b6d-206d-4d39-bbcc-e2c8a8f194d4,CMC,IT,IT,D16
bb7aa163-809f-450d-bb34-c28868a1b008,CMC,JL,JL,A00
5966eb13-0dd0-4bb0-b21f-f1375dee94fb,CMC,JL,JL,A02
2b6de6ec-d11c-49d4-8b89-e03302097be5,CMC,JL,JL,A03
cc200ad7-6aad-44bb-b037-be485153e311,CMC,JL,JL,A04
669d5e1b-03f6-4104-aea4-3dda02dfdd89,CMC,JL,JL,A05
0b8647b5-e966-4de1-a00f-eb514931816b,CMC,JL,JL,A06
c73802d3-caf5-4586-af1c-9f8d66546050,CMC,JL,JL,A07
42a0efca-0e08-4785-9a07-c772bae37285,CMC,JL,JL,A08
38760cb2-1b4d-4dee-9a21-240277784a8a,CMC,JL,JL,A09
6d276817-cdf9-470f-b204-888ff08d8aac,CMC,JL,JL,A10
d000d232-d252-4dcb-871d-91a78c481b9f,CMC,JL,JL,A11
791765e6-43e9-4e9e-b25e-7688ad370872,CMC,JL,JL,A12
f8621e78-447e-4afb-8977-e6091ab28c91,CMC,JL,JL,A13
e7876f1e-e2fc-4c12-8265-4c8a1021cfd0,CMC,JL,JL,A14
c26f071d-84c7-4534-b544-feb215ac9933,CMC,JL,JL,A15
3cf4c4ee-12ab-4f15-a811-23cc45c4c569,CMC,JL,JL,A16
bf5404ae-9883-42e6-a6c5-7375bcf9a272,CMC,JL,JL,A17
056f1e17-fb7f-451f-b2f9-9fba47f9ff99,CMC,JL,JL,A18
5b6372cf-3466-4146-b386-3101859de19c,CMC,JL,JL,B00
f70221bd-f488-402a-9d41-32c6b400a555,CMC,JL,JL,B01
0e44f516-bb38-4263-8d98-d11e1a3fb9fd,CMC,JL,JL,B02
7a512083-f0e1-4fd8-89dd-b6259e4de5cd,CMC,JL,JL,B03
fdac9982-513a-42fe-8c73-3efa107f0be5,CMC,JL,JL,B04
cc94db4c-6973-4dbd-96c2-f9472c8f063b,CMC,JL,JL,B05
c948e2d8-8037-4594-aca4-4335a7fcd55d,CMC,JL,JL,B08
9fc32996-584e-400c-8f40-ab6122d8b64d,CMC,JL,JL,C01
d19b62ae-090c-44a9-babf-acfc45386731,CMC,JL,JL,C02
51a40398-21d5-4b5b-a86a-4b0aa53f39fc,CMC,JL,JL,C03
d1a4ce49-a3c7-4ee2-b74a-38044398f981,CMC,JL,JL,C04
1a163cbd-41a3-4353-992f-b1036766018e,CMC,JL,JL,C05
d198bad8-70c6-46a1-a9d2-00078016de69,CMC,JL,JL,C06
d804736f-c208-4e60-939f-c0650313e817,CMC,JL,JL,C07
68a5bc7d-73c1-4e39-838c-9aa994635e04,CMC,JL,JL,C08
787c7a1b-343d-4461-828a-9ed41dbe99ed,CMC,JL,JL,C09
028a1b13-a1f1-4080-8a3a-b857002d856f,CMC,JL,JL,C10
892252f7-fc63-4104-948a-5a86b1eee4b7,CMC,JL,JL,C11
28512484-c72e-41e7-b254-a8f197c4d291,CMC,JL,JL,C12
c5fc6a75-e238-47b2-8512-aca4c596e92c,CMC,JL,JL,C13
60ec8914-110a-443a-a8d4-1b0a3530bccb,CMC,JL,JL,C14
2b00c0d6-6edf-410c-b4a6-3dafe255c80d,CMC,JL,JL,C15
477ff4a8-d02e-4ff4-a3fc-bdd9292fb6f8,CMC,JL,JL,C16
e2ec16e6-af60-427c-954d-e51ce7394ea9,CMC,KL,KL,A00
8a38f289-11ea-45fe-81b8-d9971b572992,CMC,KL,KL,A02
8e49037c-dd0c-41da-9d16-1020fa5e7d92,CMC,KL,KL,A03
8ec0da7e-c3a7-4e6a-a92e-a1b3946c6f4e,CMC,KL,KL,A04
364b4669-31ee-4909-b00a-f4cb29c41e1a,CMC,KL,KL,A05
68801d59-562b-44d1-bc00-43fbfc830158,CMC,KL,KL,A06
f16fbd74-487d-4a3d-8601-a8ff7b011753,CMC,KL,KL,A07
2f37f389-3306-4006-a253-b28f0daba635,CMC,KL,KL,A08
4f98a941-4662-40a9-9222-104c478454f6,CMC,KL,KL,A09
2e46cf34-9fae-45b3-9e22-13b07ca68672,CMC,KL,KL,A10
f271aa0f-d864-47f3-a1df-1638cf59f3a2,CMC,KL,KL,A11
6236ceab-c27b-415c-9da9-fa0d7d5bfeda,CMC,KL,KL,A12
3b01ca39-b10d-4a21-b972-f7ac43a039b1,CMC,KL,KL,A13
01363c97-d609-4c99-8494-f38289e99155,CMC,KL,KL,A14
4c11ee49-ce86-4acc-82ee-6eef1a47f3e6,CMC,KL,KL,A15
1377030b-5a56-45ca-aebb-9c8f919886a7,CMC,KL,KL,A16
19168dcd-577c-4508-806c-36642fcbb06a,CMC,KL,KL,A17
abd2b5ae-628c-4b60-b905-325031ad4736,CMC,KL,KL,A18
33442391-9e7f-4fe2-9c9f-092c8901954a,CMC,KL,KL,B00
0ff032ec-8ad4-4911-ab0f-8bf725e3fcd0,CMC,KL,KL,B01
b6a5b40f-9151-4fbf-8ba8-09d02743264e,CMC,KL,KL,B02
d9a42066-298e-441b-8dc8-2ed3a5ed2a82,CMC,KL,KL,B03
72537dbf-96c0-430a-862f-3e7d1236c726,CMC,KL,KL,B04
22831653-bda8-415f-aa2f-e24e55297407,CMC,KL,KL,B05
741a6833-6e9e-48c9-84ce-a002e9c5b663,CMC,KL,KL,B08
33db51fd-d4f4-48c0-a812-7d4471d14bc3,CMC,KL,KL,C01
d290861d-5345-407b-8002-7c1df631555c,CMC,KL,KL,C02
c5743500-1be6-4866-8118-fbf64b495df6,CMC,KL,KL,C03
e8f29399-00c1-4664-a57c-f79606bca8b7,CMC,KL,KL,C04
38aefc18-c810-46f4-9e2b-4b7a9c393b0a,CMC,KL,KL,C05
d515820a-36b6-4593-a552-3c44b97d29f9,CMC,KL,KL,C06
54ce37a6-3c6f-4157-a3d7-0cd954fab7e4,CMC,KL,KL,C07
7a43b38e-1923-489a-bdf3-4dc20761d24b,CMC,KL,KL,C08
8f8fdfec-853e-48cf-862e-1c7bd21ec22f,CMC,KL,KL,C09
7feab233-acc4-4457-ae96-a14d5ba44e04,CMC,KL,KL,C10
946fea6b-6f48-4f2c-9623-a68554284136,CMC,KL,KL,C11
0f09f3e3-2569-4894-acd4-edc14d350b12,CMC,KL,KL,C12
737f527b-0bdf-4f97-a142-4c1e0ba6e4d1,CMC,KL,KL,C13
69700e64-ee42-4122-9bd1-47be2e7abb31,CMC,KL,KL,C14
8c5eea1f-01d9-4972-a3e1-9c17a469838f,CMC,KL,KL,C15
fe302d2a-a56e-4123-80f3-95e2d59b80a8,CMC,KL,KL,C16
ea921b60-f288-430f-a9c1-dddd98b37c55,CMC,LS,LS,A00
8ad17a3e-c7ab-477c-8235-bfad4ac8abb7,CMC,LS,LS,A01
4b1ac5e4-39d9-4fb6-b5ef-ec7eba281004,CMC,LS,LS,A02
23432980-0680-4c6c-83da-2a985536dd27,CMC,LS,LS,A03
bce46cfc-767f-4062-b900-eaf2a98ff48e,CMC,LS,LS,A04
d0046639-2f75-4172-a0bd-8baab841a76a,CMC,LS,LS,A05
da4d3729-6c61-486b-9b12-efb92611fbbc,CMC,LS,LS,A06
66777400-d6b3-4f68-ac7c-18f5a4935534,CMC,LS,LS,A07
dca57a21-a645-411e-b789-9562a2347702,CMC,LS,LS,A08
70cb961c-6c8b-4ace-a764-7b9c3f1e620e,CMC,LS,LS,A09
4de7659d-a97d-4f86-b34d-ac6dcfa90846,CMC,LS,LS,A10
cc882abf-936e-4f2b-aedb-a8eea055f4a4,CMC,LS,LS,A11
86bd6836-9812-4cd3-9aeb-147b55f6ee7b,CMC,LS,LS,A12
bf9a9e3c-0935-440b-a07c-34488117c043,CMC,LS,LS,A13
5b0add04-cb37-4369-9232-641d9abd277a,CMC,LS,LS,A14
121dc006-2c4b-4b30-b77d-e496e3ddeda3,CMC,LS,LS,A15
1a3b07b6-fcfa-475a-9eba-bfd1fc448650,CMC,LS,LS,A16
cad1835e-be20-491a-a0d0-ceaeef3a68a1,CMC,LS,LS,A17
555c2c1f-cbae-408f-a37f-028d84d54023,CMC,LS,LS,A18
0937f87a-8823-47c5-995f-d8a65c1584fa,CMC,LS,LS,B00
9735694e-892f-4434-9312-ca17fd567bfc,CMC,LS,LS,B01
92672a63-650e-435b-80e4-88d37239f702,CMC,LS,LS,B02
9fa262cc-c3c2-493a-9f16-8d3eb510fd40,CMC,LS,LS,B03
9dc4ec11-5ea4-4042-bda2-1bc1d1b1a829,CMC,LS,LS,B04
1c6a25c1-cd5c-4418-9257-0db5aafa06a8,CMC,LS,LS,B05
1e0275b7-a678-4c25-a27e-76f19778bab3,CMC,LS,LS,B08
05097643-e10a-468b-99b6-2fc0b93018e8,CMC,LS,LS,C00
2a2f2bef-b830-4469-8b07-2eaad470223b,CMC,LS,LS,C01
e6cb9671-41ff-4d01-9dc0-35029eb4efd0,CMC,LS,LS,C02
67289a5e-56b4-4713-b12f-e85278853536,CMC,LS,LS,C03
0987880e-20f4-40c7-bd0e-a1f3af042c03,CMC,LS,LS,C04
bd85c681-63ca-42e7-a793-bdf4997b2db7,CMC,LS,LS,C05
f61f4328-a700-449d-b522-98f27c077d8e,CMC,LS,LS,C06
39dc2598-21ac-4fb8-8a04-cfd5e2dba5d1,CMC,LS,LS,C07
a2baaf00-b0e0-4b90-acfc-0be78a6813b5,CMC,LS,LS,C08
3e1e962c-d047-4c43-8b0c-04015bca0b5f,CMC,LS,LS,C09
cb23518a-e246-4027-bbe6-b6272273a5cc,CMC,LS,LS,C10
9fdbf2b4-b275-41cd-9c30-b500462e32db,CMC,LS,LS,C11
d5350075-704c-49ff-90f9-588eabc8541b,CMC,LS,LS,C12
0f038fdd-49a7-4b08-ad06-814e63e0bd14,CMC,LS,LS,C13
c95f8bf6-2648-4b60-aea4-376eb4574fd1,CMC,LS,LS,C14
faea193d-9de4-496d-af6b-c391648e5d67,CMC,LS,LS,C15
4da9069d-c16e-4388-aa52-595b4211d0a5,CMC,LS,LS,C16
0a61a2b3-2c05-404b-ba61-5e869754cf45,CMC,MK,MK,A02
b138d1c2-89a2-4975-be6e-55fecbb47605,CMC,MK,MK,A03
4a584226-d923-4a91-ace3-4ee6b42cdd8f,CMC,MK,MK,A04
e7ea85e6-96c3-4c61-b17b-04829a9a0200,CMC,MK,MK,A05
3355aa9d-dbee-437c-a158-56e4b6de3554,CMC,MK,MK,A06
080de10a-d52c-4518-988b-27b4e3c86981,CMC,MK,MK,A07
4fba8817-92ec-40c5-bed5-688ffdb8c668,CMC,MK,MK,A08
258fa81b-0405-4110-a5b3-b45672216ff9,CMC,MK,MK,A09
c28ae388-5ebd-46d7-b895-dce95ba654d5,CMC,MK,MK,A10
a253e3e6-0931-4d17-9812-19ac788c5380,CMC,MK,MK,A11
c83c8c92-6753-4137-8104-5165873c013b,CMC,MK,MK,A12
bb8a63c4-504c-4977-9104-79938b9f6098,CMC,MK,MK,A13
20fc8369-bcc2-434e-bfbb-c06b547f6df9,CMC,MK,MK,A14
91d0e336-78c7-4231-9f12-91cc79c242a6,CMC,MK,MK,A15
206a555a-aaa6-4775-9ae0-88f0369e6ce8,CMC,MK,MK,A16
2c645066-a3fe-42e3-a09a-0fa255baa902,CMC,MK,MK,A17
f7d23f03-b887-44cb-8305-081adc7ae054,CMC,MK,MK,A18
154aeb0d-5ec1-431c-ad28-7acadde6c7dc,CMC,MK,MK,B00
86c84967-ab63-4293-850c-c5002ac3ffdc,CMC,MK,MK,B01
30578123-e159-4655-b9bd-e1d5fee04476,CMC,MK,MK,B02
ae24619e-e726-4926-a011-d4977b83bc8f,CMC,MK,MK,B03
6539eee8-fc31-4392-8706-6afdeadf3119,CMC,MK,MK,B04
8d0306ab-883f-4026-a9e4-6126c86bb0bc,CMC,MK,MK,B05
3187fbee-5e3f-447d-af30-634f50e4be17,CMC,MK,MK,B08
49af7dbe-c745-4ea4-b4ae-78b4eee60d92,CMC,MK,MK,C01
1f8fb3b6-8fe7-49db-95bf-5ffb9bd31f38,CMC,MK,MK,C02
0332db27-41a6-4085-9e79-3c3aa8b1186a,CMC,MK,MK,C03
a96a4c00-6a15-4171-aba0-725df9d637c1,CMC,MK,MK,C04
ee6b9013-15dc-4139-b28e-ca3497506f26,CMC,MK,MK,C05
6adb1928-fbdb-4dfb-97f9-11286f054ae2,CMC,MK,MK,C06
0f534354-6047-4e52-bf2c-42106b0d17c3,CMC,MK,MK,C07
2d86de57-5f5f-4ba2-bd71-9e1d3610074a,CMC,MK,MK,C08
16668134-8182-4822-8746-001a0bb49658,CMC,MK,MK,C09
bd7f7df7-e816-4909-8ddd-928fcad918d1,CMC,MK,MK,C10
7775837c-d19e-4e0b-ab2b-14f0ccd4c5f2,CMC,MK,MK,C11
5d436740-bcb6-401f-9708-103e82af4974,CMC,MK,MK,C12
7fcf55f4-66ce-4281-9c0e-c633c64cf201,CMC,MK,MK,C13
ecef21df-65ef-4ab9-adaa-0cef12ee06ac,CMC,MK,MK,C14
11e617f2-d511-44bf-9962-7bc14e492848,CMC,MK,MK,C15
fffca7c8-d184-4eb5-9e6e-a24b675d1fd1,CMC,MK,MK,C16
bb8b9624-de7b-4bb7-a1d4-7302205c2b8f,CMC,SE,SE,A00
a23b36e6-2c02-406a-8134-073924ee5aae,CMC,SE,SE,A01
521bbc1c-f5e7-478e-ae50-4ae76d59405d,CMC,SE,SE,A02
9381b5fc-a614-448a-9fd1-5721461eca13,CMC,SE,SE,A03
13ca18f1-3ed7-48ed-9308-d0c47760cf7c,CMC,SE,SE,A04
1270ce69-5d9c-4f15-bac2-e8cccd29bab4,CMC,SE,SE,A05
39020f1e-0eb1-4fcc-a648-42c9e85fa4df,CMC,SE,SE,A06
6ae7f792-d422-42f6-b212-d95ec467a6f7,CMC,SE,SE,A07
dd530657-eed3-4779-aa83-1bcf43de3dbd,CMC,SE,SE,A08
7aaf8d0f-4b60-4b26-a33b-76c8936c80f5,CMC,SE,SE,A09
436d9479-0714-420e-b395-f30e586c8bf5,CMC,SE,SE,A10
e1c7449a-73be-40bd-a992-245b528cfaab,CMC,SE,SE,A11
935f490d-4dde-4fd7-af17-ab9a55c65683,CMC,SE,SE,A12
6e975104-62b8-4a0d-afac-a38c83c29728,CMC,SE,SE,A13
30c6e3ac-8eb5-45ca-b855-dffdca53b898,CMC,SE,SE,A14
94bc7f18-74ac-4f88-bdd0-8080c7997191,CMC,SE,SE,A15
27bac8fe-f741-4298-8d01-35746dcbb0dc,CMC,SE,SE,A16
ddd5e3e5-1704-43f3-9aeb-3690d93f4629,CMC,SE,SE,A17
90a76537-1f35-420a-b4db-073fc8858e0b,CMC,SE,SE,A18
4917c63e-593f-45ff-94bb-4b33067a0e34,CMC,SE,SE,B00
a52986c3-7d2a-4c68-9c48-e5ee01b0942b,CMC,SE,SE,B01
3dd493c0-8f6f-420d-b9b0-513dcc7390af,CMC,SE,SE,B02
84c07494-134e-4f1c-bfdf-a3c3113c6f9f,CMC,SE,SE,B03
9ca015aa-e3ac-4af2-b7bc-7d8ff832c33e,CMC,SE,SE,B04
74766bc8-086f-479e-80c2-b7a75f7f7375,CMC,SE,SE,B05
c4598600-53e1-4c5f-9c7f-576839d9ec1e,CMC,SE,SE,B08
001063ec-87ab-4f7f-8778-adf8199bd9cb,CMC,SE,SE,C01
43d5cc77-4bb5-4503-be60-8d127e40864b,CMC,SE,SE,C02
90d15d32-0aba-4b15-b0fb-218d6909071d,CMC,SE,SE,C03
faab6d45-c423-44ba-be13-b9b52a520d53,CMC,SE,SE,C04
63cb0c5e-7872-4de5-94f2-b41962d8339f,CMC,SE,SE,C14
3dc865e7-aaba-4a96-8a57-718fc4c19758,CMC,SE,SE,C15
fbc0a3fe-2e1a-4d9a-834e-efb38ed13af9,CMC,SE,SE,D01
24a77874-92ce-4338-b241-f5d51dd8b390,CMC,SE,SE,D02
4d720828-31f5-447a-a377-387d98d35ae7,CMC,SE,SE,D03
d5df7266-c6e9-49bb-9a42-983bfe5162fc,CMC,SE,SE,D04
41cb3fd4-e4a5-4d17-b712-fb2ffd529eab,CMC,SE,SE,D05
a7183a5d-1f19-41a2-b0bf-cddd80c65c80,CMC,SE,SE,D06
e79adf41-3bb7-410c-b598-cb8b9748f6f3,CMC,SE,SE,D07
c305920d-8979-4125-9f6a-1758a52e48b6,CMC,SE,SE,D08
76c18304-dbfe-4c11-9a1d-49c4f180b138,CMC,SE,SE,D09
04fe02d9-5fba-41c5-8c5d-b13649386154,CMC,SE,SE,D10
980a2a1c-c34e-4111-bf63-d3822a4428cd,CMC,SE,SE,D16
0dbf73c4-3009-406a-99bf-528c989f187e,CMC,7220210,7220210,D00
f2579b09-3825-4b9c-b5fc-6cef4f7a8409,CMC,7480201,7480201,D00
85ad6afd-8722-4884-bb44-4b0a2dea689f,MTC,7210103,7210103,H00
2867d622-5ea3-4bb4-9c3c-b515000bf8dc,MTC,7210103,7210103,H07
5e84f465-d637-4278-a51b-80f0c80c7375,MTC,7210105,7210105,H00
a54be2eb-9887-4c9d-ac95-93ab06ecc690,MTC,7210105,7210105,H07
5d965fce-8cc8-47c8-abff-fb9a1e92af55,MTC,7210107,7210107,H00
03aedf4f-8bfd-4248-a6e2-6820dc298ac3,MTC,7210107,7210107,H07
f3f833dc-0db2-4539-a0ee-b2780b92f650,MTC,7210402,7210402,H00
a0b35203-8e36-453c-a5fe-4d2b1c6ce8e2,MTC,7210402,7210402,H07
2590fbbf-f624-4013-b817-b2eff61bd8ac,MTC,7210403,7210403,H00
5ad21a9e-f901-40be-9959-a9a16eed167c,MTC,7210403,7210403,H07
38d73542-0af2-495d-b966-88cca2d30035,MTC,7210404,7210404,H00
245a43f4-2e2a-4c91-b9e3-911e883f380b,MTC,7210404,7210404,H07
5367dada-32f6-4698-a742-e0ec3f53d4b2,MTC,7580108,7580108,H00
a9ef4d27-f6ef-4f53-8417-96d2c78acd10,MTC,7580108,7580108,H07
86af78fb-1793-4e7b-8cd2-165bc9d0258a,MTH,7210101,7210101,H00
f86c1ac9-648b-413a-85c6-2648181dc85b,MTH,7210103,7210103,H00
e36c8214-b62a-4963-8f0f-4aea906af6e0,MTH,7210104,7210104,H00
491efdeb-9d6a-44c0-bb83-7a7fd9ae93b4,MTH,7210105,7210105,H00
0055ee04-66e5-4616-81be-546a0a2ad523,MTH,7210403,7210403,H00
ca0ac974-b351-439c-b05b-be7e4ac0158d,KCN,7420201,7420201,A00
09a696ac-f275-47bd-b8ed-0740419c5a93,KCN,7420201,7420201,A02
1f59e097-d692-4a73-9842-36b99d7ea0e0,KCN,7420201,7420201,B00
ddcf5676-658b-4204-8334-bebb0d3285bb,KCN,7420201,7420201,D08
5a3f0e5f-af64-4ede-a479-cc4f7eda55fa,KCN,7440112,7440112,A00
386930eb-4531-4d7b-96a4-f83af87c269a,KCN,7440112,7440112,A06
9032814b-d6a4-4bb4-a4a9-be2171161e76,KCN,7440112,7440112,B00
ece7b825-1a16-4046-8ee1-aa6aacf6c03c,KCN,7440112,7440112,D07
b1063c77-3c5e-42bc-bbc5-ded968e0fd73,KCN,7440122,7440122,A00
2a1764bc-830c-443e-a5aa-9f6306da7c55,KCN,7440122,7440122,A02
3719132e-1ec4-41ac-a8f8-afcf9e64ecb8,KCN,7440122,7440122,B00
17e79c3f-cf3f-4b8a-90f3-fa2267987267,KCN,7440122,7440122,D07
7634ddec-f1a2-40d5-9dd5-4c6c445e8bc1,KCN,7440301,7440301,A00
5e0acf94-56d8-4d3a-adb3-499864f9e1e5,KCN,7440301,7440301,A02
34406e54-06e0-4a8f-be9a-be05a8106806,KCN,7440301,7440301,B00
1deddc39-8fa0-43c1-b1f9-890d8e110f53,KCN,7440301,7440301,D07
ac21ce3d-456d-43f9-88ab-c39f834da712,KCN,7460112,7460112,A00
8d78a987-1fd2-4536-952d-3184c99a99ae,KCN,7460112,7460112,A01
cc13d117-eb67-4bf9-89cb-fc72e943a78d,KCN,7460112,7460112,A02
22e568df-28a5-4d3b-85e0-07ee43d239f7,KCN,7460112,7460112,B00
191f7113-51dc-4f9d-a249-555a041c3d82,KCN,7480109,7480109,A00
ff959ed0-e7ed-41ce-9f56-f36cac892190,KCN,7480109,7480109,A01
29eab4e5-784d-4784-a8fd-147ad81dfb85,KCN,7480109,7480109,A02
5d604d48-e977-474d-8abe-ee6a0410302c,KCN,7480109,7480109,D08
535586b3-20b7-4b6b-843f-0a336cdf26d5,KCN,7480201,7480201,A00
600a222d-3f58-4234-8ab3-ecca12ba3109,KCN,7480201,7480201,A01
4c97e2bb-7701-4bec-8a69-1cb1af9f3a11,KCN,7480201,7480201,A02
9950af86-ef6c-4854-b6ec-46fda6d373bb,KCN,7480201,7480201,D07
42d585c3-4e11-4630-b70d-22ac8b33755a,KCN,7480202,7480202,A00
c92b156a-1a94-446a-a5b9-0bb18bb68691,KCN,7480202,7480202,A01
ce9663c2-d751-404e-9168-9e1284482c58,KCN,7480202,7480202,A02
41fb0313-2220-490c-9226-d38076ade690,KCN,7480202,7480202,B00
650bb3c1-3fc3-4390-bb1c-c3ed2b910a86,KCN,7510203,7510203,A00
665f036d-98fb-4b89-a094-078a85ef5bc9,KCN,7510203,7510203,A01
f4429149-3b7d-4e90-aae2-86c0968d6ed3,KCN,7510203,7510203,A02
6fafbd76-703d-483e-ae96-18f518eee4d8,KCN,7510203,7510203,D07
dee70a38-fe7f-4bea-9be9-4574cbaf4a95,KCN,7520121,7520121,A00
c9a70363-f9c5-463d-b851-b7ea56d9cf69,KCN,7520121,7520121,A01
616c8046-3e3c-475a-bcec-772d93d25338,KCN,7520121,7520121,A02
f5bd2183-3a09-4a31-94f1-9b20307f7428,KCN,7520121,7520121,D07
9bca36c6-14bb-4471-aa39-d480453560a5,KCN,7520130,7520130,A00
a054545c-0c04-425c-a579-93d09cc58d7a,KCN,7520130,7520130,A01
fd8a18fe-be7e-4aba-8f65-fb4079c2a5f3,KCN,7520130,7520130,A02
6e8245e4-df7e-4637-aa33-50d9e862b8a8,KCN,7520130,7520130,D07
df6cbaa9-e30c-4987-bc19-666fd93541fa,KCN,7520201,7520201,A00
1c12739e-8cd3-4f21-841f-85cceee087e9,KCN,7520201,7520201,A01
01761d79-dd08-4c7f-b68c-f33e5751d2f1,KCN,7520201,7520201,A02
6d3950e7-6b11-4acd-8d82-b1d4a1de7f35,KCN,7520201,7520201,B00
3d16e30a-7c0c-4e1b-909d-04ce82033a62,KCN,7520401,7520401,A00
61744b0c-72e7-4ed5-beb6-0824fef8a7f1,KCN,7520401,7520401,A01
fd2d38d3-65d0-406b-99b9-77b2572855fc,KCN,7520401,7520401,A02
9bfeddab-a89c-4a7d-8ec2-25773281dc88,KCN,7520401,7520401,D07
9269a0af-093d-4b16-bcff-27ff0d7feaf3,KCN,7540101,7540101,A00
c6e8ea65-6e13-440e-9658-c62973072261,KCN,7540101,7540101,A02
f0539ed8-45b5-4aab-9b2f-1669e33a9c43,KCN,7540101,7540101,B00
af188072-692a-4265-b751-55bd2f9f38a4,KCN,7540101,7540101,D07
c56167ca-60cc-4619-a02e-240c53b26d85,KCN,7720601,7720601,A00
865b4cd2-ae7b-4e57-9279-4c1850a5f4aa,KCN,7720601,7720601,A02
d7ca35a9-aaca-4d32-b8b2-470b015cd11f,KCN,7720601,7720601,B00
da60f4d0-fa49-4716-92f0-ae98e0fa9e52,KCN,7720601,7720601,D07
13387345-ec52-45ea-8fa4-f6b101da179b,KCN,7480109 (7480109),7480109 (7480109),A00
eff0661c-7212-477a-80cd-2e4677341a9d,KCN,7480109 (7480109),7480109 (7480109),A01
c09501e4-fb72-466a-bb18-c8b5ec44e27b,KCN,7480109 (7480109),7480109 (7480109),A02
fea899bb-88a6-4684-9161-ff976312f008,KCN,7480109 (7480109),7480109 (7480109),D08
a1b5b68f-728d-4e4f-b4d4-a01e15756b99,KCN,7520201,7520201,D07
f27389ae-04cf-4ba6-b91a-6d1b7bdbc081,KCN,7460108,7460108,A00
0154eb99-32f6-49e2-a400-c601c5500fec,KCN,7460108,7460108,A01
bbd20d71-3024-4c9d-8e66-a80b2cd81128,KCN,7460108,7460108,A02
b0f86175-5b9b-4365-812b-1e2421e6c0d2,KCN,7460108,7460108,D08
df3d15cf-113f-4b12-9a94-1c019894e914,KCN,7460112,7460112,D07
1427ba2a-1988-4040-9851-da15653d873f,KCN,7480202,7480202,D07
d7a760ca-4ad3-4a68-a5da-3daf2d9bcbc2,KCN,7520121,7520121,B00
37a27ab4-27a6-49ff-8a9f-8272be4a4249,KCN,7720601,7720601,A01
94d19115-cee6-45ff-841a-ef9e26cd79e2,KCN,7720201,7720201,A00
2702cff2-4e66-4ff5-9ce7-e2edd5ca6341,KCN,7720201,7720201,A02
55397653-213f-4e70-966b-52e8a58e3239,KCN,7720201,7720201,B00
a76331fc-966b-459a-90a0-8dce5ecaa2cf,KCN,7720201,7720201,D07
a00a7401-023a-45d3-85d4-ed32517cb796,KCN,7420201,7420201,D07
7a60ffaa-9a6c-46eb-8ec8-297bbb4778b5,KCN,7420201,7420201,D15
9f7ee8de-39d7-4350-974d-e345c02122d2,KCN,7420201,7420201,D20
1635b79b-25e7-49ee-9284-c35ab8e34096,KCN,7420201,7420201,D32
0737eaf5-c07a-4778-acab-6c5a6ca8e49f,KCN,7420201,7420201,D90
cac825f2-82fd-4638-a4e7-869661bc9987,KCN,7420201,7420201,D91
d26d1947-c708-4f00-ba64-0db29c580cb8,KCN,7420201,7420201,D96
cbeccdd5-032d-4f82-9173-a6c41bff0223,KCN,7420201-01,7420201-01,A00
283b3ee4-a8b1-426e-9f75-2c3267af0926,KCN,7420201-01,7420201-01,A02
610c63a5-4190-40e4-98dc-c92258af6d0f,KCN,7420201-01,7420201-01,B00
481949ee-867f-4a2b-9c0f-57053c491642,KCN,7420201-01,7420201-01,D07
1ea1097d-9e78-41b2-bfda-ef617f094f34,KCN,7420201-01,7420201-01,D08
89066b8f-2682-4406-a38d-fb345848e622,KCN,7420201-01,7420201-01,D15
a5e8e00b-5ff0-4598-ab1b-8d086b204e4a,KCN,7420201-01,7420201-01,D20
846fa1ca-ef50-4fd8-b039-3a4ce822b858,KCN,7420201-01,7420201-01,D32
1f90295f-78e0-4b45-a5c2-4e3fde6b5394,KCN,7420201-01,7420201-01,D90
960ccb2d-97e0-46d1-b468-89eea2768d57,KCN,7420201-01,7420201-01,D91
8814ab36-4f80-406f-b43a-fddff6739b7a,KCN,7420201-01,7420201-01,D96
2a005d36-1300-4d5c-8f0b-7e490acfdc30,KCN,7440112,7440112,D20
26a68091-3522-4006-a302-e018fe4d18bf,KCN,7440112,7440112,D90
161b2e02-954e-4945-849c-79112bbf27af,KCN,7440112,7440112,D91
274aa1e5-0a94-47dd-ae78-245484358379,KCN,7440112-01,7440112-01,A00
3605c932-8468-4afd-a73b-66742784ee72,KCN,7440112-01,7440112-01,B00
59d952e4-6df6-443d-adf5-b290630e0eba,KCN,7440112-01,7440112-01,D07
4626a4ce-bca5-43ff-a041-3abd59f62b1c,KCN,7440112-01,7440112-01,D20
c49ee8f4-7c06-42a3-a37f-48dd41115e9b,KCN,7440112-01,7440112-01,D90
8f6ce516-5661-4a14-9d9b-fe0e1672faf4,KCN,7440112-01,7440112-01,D91
2ca7dd40-04ac-4cef-a8a6-7919c22191a6,KCN,7440122,7440122,A01
f6e71112-42c7-4073-841b-f4c7907f8618,KCN,7440122,7440122,A04
1d4ed2b2-2187-4856-a061-e65b8d4fe535,KCN,7440122,7440122,A09
6391fc18-aeff-48c9-acf1-96e17579d2ba,KCN,7440122,7440122,A19
9fedb64f-3c82-4886-b1f3-10a3828ca3d8,KCN,7440122,7440122,D20
537bf9a1-eae0-4591-b33b-8b7a0aa54cb5,KCN,7440122,7440122,D90
7ee6aea1-41e6-4c47-b054-d0c8b048d636,KCN,7440122,7440122,D91
66c8b620-6509-4fbd-b7a1-1b4213bf3515,KCN,7440301,7440301,D08
50bcc7bc-759c-4a11-9f35-faedc85d8980,KCN,7440301,7440301,D15
101b3f68-684b-4241-85c3-afc53fa42231,KCN,7440301,7440301,D20
24416fd3-26e4-4768-b249-95d4d3cf2e9d,KCN,7440301,7440301,D32
6a1e56eb-30d8-4690-9a1d-1ad6f64fa986,KCN,7440301,7440301,D90
6039f04e-4086-47b0-9979-c742dc92949a,KCN,7440301,7440301,D91
117d7e65-ae8e-4f15-b374-974972878a2e,KCN,7440301,7440301,D96
ebf8abc8-8fbc-4dd0-b7e7-82010fcd751a,KCN,7460108,7460108,A09
41ebdb1b-dfd9-435a-bf9a-7729b6d6b84f,KCN,7460108,7460108,A19
6de0e5fe-cf44-4e03-97be-767603ca86c1,KCN,7460108,7460108,D32
e9db62c5-3e16-445f-a129-2be7748e1f9a,KCN,7460108,7460108,D84
ad3f0374-db33-4be0-800e-83ac1a486fa4,KCN,7460108,7460108,D90
c3a2628e-0fd5-4430-8c9d-1add54d72cee,KCN,7460108,7460108,D91
5250916e-d306-4fa3-8e88-d96ddeb5afd5,KCN,7460108,7460108,D96
2944363b-65b2-4cfb-b2c0-eae9d3842d59,KCN,7460108,7460108,D97
941ee0ea-46d0-4762-b10c-f89766124bb3,KCN,7460112,7460112,A04
7789e568-bcb1-4561-9482-af1e76f4ed18,KCN,7460112,7460112,A09
6cf62989-e0ee-427b-b54e-d063c9044009,KCN,7460112,7460112,A19
b1c5d906-e559-4737-9395-9d4ae10c193e,KCN,7460112,7460112,D01
efe55815-eaf2-4230-b160-ed4d46c21935,KCN,7460112,7460112,D08
ab933892-6228-4355-b5ef-ee2f8c2578b3,KCN,7460112,7460112,D20
79736c74-7570-45f2-a284-cda4b4fc35cd,KCN,7460112,7460112,D32
22d3142c-c1f5-4d8b-9b4a-af5c9dd41a68,KCN,7460112,7460112,D33
80494207-3b42-4d72-9132-60ad45c77108,KCN,7460112,7460112,D84
c8330726-1a2a-49a4-9d99-d88515b6cd6c,KCN,7460112,7460112,D90
588bf4ff-7807-49b2-a9a6-ce8bf7843d86,KCN,7460112,7460112,D91
51371730-4f54-4603-a052-37f1277c2a4e,KCN,7460112,7460112,D96
0b11d4ae-8a0e-424c-9a9d-c1efc2bd9c64,KCN,7460112,7460112,D97
1d353b82-505f-4d73-b800-10b10291224a,KCN,7460112,7460112,D98
9e2fcc72-03c6-4dec-b942-10f6e3a6ce5f,KCN,7480201,7480201,A09
58692562-28bd-4b7e-8756-61b9fa150b0a,KCN,7480201,7480201,A19
83ea7a35-446f-4e57-b3f1-132334bbbdd3,KCN,7480201,7480201,D08
d1319c74-26ae-4e8e-9170-ac232a77f2bf,KCN,7480201,7480201,D32
b90de25a-821f-4c80-8077-f515435d5501,KCN,7480201,7480201,D84
ee646aa1-2cd4-4a5e-8457-be49348558b0,KCN,7480201,7480201,D90
ba829a5b-1d97-4788-b8cc-a4c78acdea0f,KCN,7480201,7480201,D91
aeec52ba-01e8-4214-89b9-4fe3e6bc9b8e,KCN,7480201,7480201,D96
0d8e5bbd-bbe8-4425-bcb0-88ec36d08757,KCN,7480201,7480201,D97
6688797b-1cad-4efd-bf93-6869acf2e7d8,KCN,7480201-01,7480201-01,A00
a823b932-5c6e-4f11-94c0-8748d0d2ebe9,KCN,7480201-01,7480201-01,A01
e6a904d7-25c8-4b2f-9dc6-1ca36c7362d0,KCN,7480201-01,7480201-01,A02
23bfa848-79fb-40d9-a5d0-e7cc7ca8ebcc,KCN,7480201-01,7480201-01,A09
b0f549cf-249e-4b08-91cc-aca5f26e637f,KCN,7480201-01,7480201-01,A19
9824751d-5e62-4d95-86dc-f127613b7d5e,KCN,7480201-01,7480201-01,D08
094acb8c-fce5-4e2e-b458-0df84cf7d28b,KCN,7480201-01,7480201-01,D32
b354ad5c-e8a8-4529-a6a0-5f184bd9ad42,KCN,7480201-01,7480201-01,D84
4c02d097-8c96-4f1e-8dbf-3dad1258c981,KCN,7480201-01,7480201-01,D90
04f25901-9eef-4973-a1ed-c566ab0b72e8,KCN,7480201-01,7480201-01,D91
6b5c914d-984d-4fc3-bb67-22cc79e975ca,KCN,7480201-01,7480201-01,D96
80475de6-a2d1-4466-ba03-3364e2e00b0d,KCN,7480201-01,7480201-01,D97
61430c26-b3b7-41d1-984b-762f66eb7e53,KCN,7480202,7480202,A09
acf5d930-0fc9-4168-b355-06e311863d2b,KCN,7480202,7480202,A19
51b89bd2-a145-4d5d-8a75-6e08527ca34e,KCN,7480202,7480202,D08
aef70e86-560e-41d7-a87c-ffa785c94ed9,KCN,7480202,7480202,D32
ff72db13-fddb-4073-b033-e608bc9ce293,KCN,7480202,7480202,D84
345fce3a-6263-4ec0-a176-89d3a94ae39d,KCN,7480202,7480202,D90
7ba95a86-db39-447b-b270-d0c3301b24aa,KCN,7480202,7480202,D91
e41b2371-7843-4226-b09c-871659926e43,KCN,7480202,7480202,D96
2cf65041-ecde-43ab-999c-536d874afed9,KCN,7480202,7480202,D97
9ec4dd80-6340-4add-b160-7409c4a58d8b,KCN,7510203,7510203,A04
f54afd9e-8978-45a7-8f6e-8bd3f6e44667,KCN,7510203,7510203,A09
251c754b-8242-4d0b-88e7-e791524a7890,KCN,7510203,7510203,A19
66da28c8-edbb-4261-b267-89edd1a25a41,KCN,7510203,7510203,B00
6bf8157b-9242-4f8d-8748-d89e0bc4cafd,KCN,7510203,7510203,D20
6084bdeb-959c-4477-9f7b-0d03cf25a7c6,KCN,7510203,7510203,D90
5c7e1c5c-c13a-4ad8-9e6b-fb2d2abdf2a2,KCN,7510203,7510203,D91
c618814c-50c6-4ad9-ae7f-cce30578af71,KCN,7520120,7520120,A00
623622d0-4541-417a-afee-730f678ef234,KCN,7520120,7520120,A01
5271edaa-fd44-4165-a7d7-752a15bef311,KCN,7520120,7520120,A09
350a5e3e-e107-43e0-aadf-f9db51caf716,KCN,7520120,7520120,A19
b3a3742a-d94b-4ad4-a10a-6b758740e715,KCN,7520121,7520121,A04
87f540db-e6a5-48e5-95c0-0d24e1e68969,KCN,7520121,7520121,A09
5bf7779b-52b6-42f3-8b4a-61a8797e814d,KCN,7520121,7520121,A19
67ab9b7d-e0fd-4e2d-9500-2cb1698993e6,KCN,7520121,7520121,D08
ae57f951-2f87-4064-9af7-a43dab19c6a2,KCN,7520121,7520121,D10
67023135-b8c7-4659-81c9-a631381415c2,KCN,7520121,7520121,D15
89937240-58d4-4b8f-bc02-a8de0f5e4a82,KCN,7520121,7520121,D20
4a04fcb9-540e-4a3d-8dea-5da7648a9837,KCN,7520121,7520121,D32
4b4826cd-0ecb-4d5b-9a47-d0e15404389b,KCN,7520121,7520121,D33
899b2b5a-8f70-4a23-aeeb-f3ba3a841532,KCN,7520121,7520121,D84
fc43a488-1df2-4f3d-847d-710c7fd15518,KCN,7520121,7520121,D90
264ef0a0-63be-447c-80cf-164b4c154e1b,KCN,7520121,7520121,D91
9b7eb87e-e781-4f0d-add3-07c8ffc03ff5,KCN,7520121,7520121,D96
c5c0d164-efeb-4b2c-9540-b41950ccfc26,KCN,7520121,7520121,D97
edb3e8fc-97b0-454b-aca5-d671673ceed8,KCN,7520121,7520121,D98
73da89c7-d1de-4916-bfb9-44789771ef54,KCN,7520130,7520130,A09
53c68973-31dc-448a-914c-e64df0a45c38,KCN,7520130,7520130,A19
984c255c-b536-4de8-a6c3-1c3169b276ce,KCN,7520201,7520201,A09
1cf9593f-918d-44cc-a72e-4c71fb7bc0bc,KCN,7520201,7520201,A19
d8e4af76-57ac-44d2-94ca-05ae7e71cfae,KCN,7520401,7520401,A04
fbc57d43-00cc-47a8-bbca-d0cc56ed3d0d,KCN,7520401,7520401,A09
7985a579-ed25-458d-9dd0-7aaa4e9d500f,KCN,7520401,7520401,A19
e286e160-eb72-4f4b-9e24-583736263464,KCN,7540101,7540101,A01
c352da82-720b-4e9f-8f92-067260405069,KCN,7540101,7540101,A09
8eacc6a9-355b-4847-b7d8-581b5d17aea0,KCN,7540101,7540101,D08
7fd15b91-cf64-4e2f-bedd-7ffb10bd8b43,KCN,7540101,7540101,D15
4732aeb5-a5d2-4fe4-93da-0d72a6fb46db,KCN,7540101,7540101,D20
cdb3a788-7023-4868-9220-489ab74c02f8,KCN,7540101,7540101,D32
fc22a9df-d258-470b-ba5f-5d94caea5d6a,KCN,7540101,7540101,D90
0abf13ec-cddb-45ba-a076-88327eb00ecb,KCN,7540101,7540101,D91
f3820b75-66be-47a3-91f8-6c38d08e2ff0,KCN,7540101,7540101,D96
3564c098-fc8c-4168-aaab-7b282b67335f,KCN,7720201,7720201,A01
a8b05e51-7fb0-4c08-a880-67b5707ed341,KCN,7720201,7720201,A09
12cf721f-64bd-4fbe-ab14-06361caf7c8e,KCN,7720201,7720201,A19
538cd169-4b8c-43fe-ab86-094cf95eb030,KCN,7720201,7720201,D08
8c53be99-78a2-44f0-aa86-19a59d018f4e,KCN,7720201,7720201,D32
c6ab05b1-eb12-48aa-ad0b-2a5a50cdc801,KCN,7720201,7720201,D90
2d559399-368e-48fc-9423-b17bdf1e753e,KCN,7720201,7720201,D91
04b1cde5-e79d-487a-a1df-64252bcf400a,KCN,7720201,7720201,D96
57683ac4-698d-4033-9a6b-ae5e9b042ec0,KCN,7720601,7720601,A09
24fc797d-ef33-4da3-b94f-86b2a9c67d4c,KCN,7720601,7720601,D08
b6161070-feba-4099-b23d-002a09901b6a,KCN,7720601,7720601,D15
05616c89-b470-40ae-a9ce-43b21df7e54a,KCN,7720601,7720601,D20
d8ad8c26-3e00-4e33-9ae0-eed9b5522b5e,KCN,7720601,7720601,D32
8cb3c15e-73c5-41ab-adfa-a3ac4f465ff6,KCN,7720601,7720601,D90
013a205f-2811-4020-b5bf-4323768d674d,KCN,7720601,7720601,D91
14c30275-ac04-4470-8ba1-216be92dc57e,KCN,7720601,7720601,D96
2285ed5e-191c-469f-9c67-af81c650a68d,KCN,7420201,7420201,B08
6d6505b4-3782-4ecc-8a43-d4adea9d2c17,KCN,7420201-01,7420201-01,B08
bac9a11c-a427-4e27-83c7-993e03126379,KCN,7440112,7440112,X10
a30a96e8-1b89-451d-adfc-456fe9fe7b9f,KCN,7440112-01,7440112-01,X10
d4e35158-ce13-4a00-9a24-230499b82b16,KCN,7440122,7440122,X06
6465009d-08c1-458d-9050-555d47d2b400,KCN,7440122,7440122,X10
196259a6-278d-4002-b18a-ffa091d33fc5,KCN,7440301,7440301,B08
7e6e2d5d-bb6c-4b54-912d-007a25a707a4,KCN,7440301,7440301,X06
05c9dcb3-da16-4dfd-bdff-934abb904185,KCN,7440301,7440301,X10
0ce7ffab-d853-4ac0-9251-ecb3edd84279,KCN,7440301,7440301,X14
18cde6e5-ad62-4d5b-a004-9ccd6e016770,KCN,7460108,7460108,X06
0fcd8e1f-bf0e-4a0d-8610-b526b3224353,KCN,7460108,7460108,X26
712d8a63-2f50-4b40-b1ef-707585216ceb,KCN,7460112,7460112,B08
a753b9d0-c549-43c7-b055-5377e7b2cb1a,KCN,7460112,7460112,X06
1b3ef6a8-b7b2-4b9e-a451-91c548bc49af,KCN,7460112,7460112,X10
28e5031f-1313-413e-b19b-01b6035917a4,KCN,7460112,7460112,X14
16437e13-588d-4128-a999-3bc9e69b5585,KCN,7460112,7460112,X26
a524c704-17a5-437e-8a67-707aa73a7d0b,KCN,7480201,7480201,X06
8610f3ef-bf7f-4fca-a796-7a42d8508202,KCN,7480201,7480201,X26
811ebe2d-f4a3-41ee-8609-3be26d82653f,KCN,7480201-01,7480201-01,X06
f7502d02-befa-45a0-9dbc-f0e755215770,KCN,7480201-01,7480201-01,X26
4773c423-c9d3-44f4-9d58-2b7aa2c333ac,KCN,7480202,7480202,X06
525a4f0e-5c15-4063-b0aa-b6b4fa4ca3b2,KCN,7480202,7480202,X26
4f1af9a9-0a28-4cb0-bd1d-108cbe4961d5,KCN,7510203,7510203,X06
7a8d0a16-23d8-40a1-99c8-8707010175cd,KCN,7520120,7520120,D07
8ce0f3d4-0e5a-4b7d-ae99-981317cc47ad,KCN,7520120,7520120,X06
201ce23f-70b1-4a76-93fc-e04ffdb37d4b,KCN,7520121,7520121,X06
d006c28a-6b1b-4cc7-87b5-8cb498abbc99,KCN,7520121,7520121,X26
b1750f1d-a67e-4038-90ba-0d2bb1ea8460,KCN,7520130,7520130,X06
946099c2-7acf-4f2c-867d-88c548ff9192,KCN,7520201,7520201,X06
cad55daf-c150-4e83-ba04-7863239935dc,KCN,7520401,7520401,X06
667ae819-200c-4610-b613-dc28b5ce9bdf,KCN,7540101,7540101,B08
b685bb83-ccb8-4f07-8cde-776d4b9a918a,LNH,7310101,7310101,A00
25f57a28-4d01-4f70-8497-50c6a1312244,LNH,7310101,7310101,A16
e8efd0e4-e00f-428f-9fae-fe2a9439699d,LNH,7310101,7310101,C15
313f24f4-c07f-4785-a363-17310153a316,LNH,7310101,7310101,D01
3a94dc6e-04c6-401c-a3ed-bd22200c1642,LNH,7340101,7340101,A00
07129434-0548-453e-affc-c6c41565dc7a,LNH,7340101,7340101,A16
4a8b5813-c084-49fd-87dd-52862ef9abfc,LNH,7340101,7340101,C15
e7bff40b-000a-46e7-a7fd-df34996c40e0,LNH,7340101,7340101,D01
77b4cf5c-a835-43c9-bda7-f7b12c89e49f,LNH,7340116,7340116,A00
1c1c45c6-3202-4d23-9dc9-0651096e71cb,LNH,7340116,7340116,A16
cba66c6f-9b76-4acc-b721-6944d5c2fb24,LNH,7340116,7340116,C15
0ba8c817-2d0a-47fa-a04e-8fe46343cd1d,LNH,7340116,7340116,D01
f9b0ea58-2784-4cd1-8758-ad4bc549e227,LNH,7340301,7340301,A00
ef9f1dc9-d5d6-4eb9-9709-de26c7b68954,LNH,7340301,7340301,A16
fb557fca-794b-4bb5-8581-34367e4ea554,LNH,7340301,7340301,C15
c890de7c-55f7-4cc5-883f-8bfddcd2eea1,LNH,7340301,7340301,D01
00ab26b8-263b-457c-a602-a49a7e365e19,LNH,7420201,7420201,A00
f11c286c-a869-484c-bf5c-b0ba0e0c30f1,LNH,7420201,7420201,A16
ce1d88c4-cf3d-4702-9b04-62dc62f5600a,LNH,7420201,7420201,B00
4e63136d-a09a-4052-9496-a6de26b0e3d7,LNH,7420201,7420201,B08
f47cff22-b88d-41e8-8870-801f771363a7,LNH,7440301,7440301,A00
2747d67d-7ed3-406e-b49e-db93022ca10c,LNH,7440301,7440301,A16
1119c847-1798-47a0-9ce3-2bdd063beb7c,LNH,7440301,7440301,B00
845d3109-dcaf-443f-b002-aa5fd7ccd938,LNH,7440301,7440301,D01
3a6a022d-0621-49c4-80c1-374e1edd95e9,LNH,7480104,7480104,A00
2639c6c2-c2a0-4916-a163-a5d40a0a385e,LNH,7480104,7480104,A01
1d9f5fe9-7d6c-4f63-9bf0-493e9f375079,LNH,7480104,7480104,A16
993fae09-2dff-4b61-87ca-7e9e15ece093,LNH,7480104,7480104,D01
a2216c28-a17d-4c74-bbcb-9f64cb97e70f,LNH,7510203,7510203,A00
b578d598-a1cf-4902-89c8-fe3c377d7f87,LNH,7510203,7510203,A01
bb148b61-e9e3-4a39-ae6d-7be1c9b4d52b,LNH,7510203,7510203,A16
6677a529-8fcf-4788-b8dc-481a803aa2f6,LNH,7510203,7510203,D01
6084c176-f8e4-4df5-aaaa-263b96853762,LNH,7510205,7510205,A00
bd264371-fe55-48f2-8fa6-bff027071af1,LNH,7510205,7510205,A01
1e6b4c51-004b-42d5-be51-53cfca847de7,LNH,7510205,7510205,A16
21f7f8ea-1b0c-4dad-9417-de5fe0951bac,LNH,7510205,7510205,D01
307e5813-a7bd-472f-8575-c1cc51f61b7a,LNH,7520103,7520103,A00
b90f1021-3d91-481a-9a36-a40de5eb93d1,LNH,7520103,7520103,A01
52813d03-92f3-422c-af41-7dfb2a386f45,LNH,7520103,7520103,A16
2fb20870-264b-4df9-8fdd-2e5dca5aa5a4,LNH,7520103,7520103,D01
3f791c16-c16a-4039-82ff-cb3e3ff50975,LNH,7549001,7549001,A00
74feb71d-7682-4e7e-a80d-264731782b3a,LNH,7549001,7549001,A16
e542d545-2461-4ddd-b3c1-b481c842379e,LNH,7549001,7549001,D01
b6beb135-f503-4cf5-93b9-2095243ad287,LNH,7549001,7549001,D07
3b6d5402-bf0a-48cc-a30f-3cfe4397fd36,LNH,7580102,7580102,A00
2e02d3a8-ed03-4218-8791-f28fc75e8a33,LNH,7580102,7580102,C15
40d39fb8-9ec9-4f1a-8a26-007ad17ac68c,LNH,7580102,7580102,D01
e912dd27-de4d-4ce9-a800-4e2e3f68593c,LNH,7580102,7580102,V01
f23fa030-3da4-420e-941a-93e1fc7793ac,LNH,7580108,7580108,A00
991721b1-e971-4763-bd8a-e6af9b836fe0,LNH,7580108,7580108,C15
22d0e3ba-f5f4-4934-9b4c-351758b99f21,LNH,7580108,7580108,D01
c67ea38b-7944-421e-bf24-4bd64932d7b1,LNH,7580108,7580108,H00
7943b5fb-dbfd-4574-927f-732d6dd319ae,LNH,7580201,7580201,A00
4daeb6e6-1673-4bda-b6ed-db9cd676e881,LNH,7580201,7580201,A01
c6917bff-8dc4-4b93-b742-b2c168534c8c,LNH,7580201,7580201,A16
d335e8d8-8ae3-493d-8507-d6c44d57d973,LNH,7580201,7580201,D01
3d5240c3-1696-478e-8e3d-c03fa9dcd9da,LNH,7620110,7620110,A00
62ada10f-9664-4667-b051-a38fa903c11d,LNH,7620110,7620110,A16
12ef372c-5188-4062-b1a0-723e389f3da4,LNH,7620110,7620110,B00
d8c950c1-5822-4934-ab6c-7b179783282d,LNH,7620110,7620110,D01
1afd9272-7253-4afc-95f4-268601dca858,LNH,7620201,7620201,A00
da1cec19-18af-4474-a7ab-01d55b758a7f,LNH,7620201,7620201,A16
d0200f41-a6c2-4eda-a64b-4f027e6c7edb,LNH,7620201,7620201,B00
0eabaf22-a12b-453c-b172-d9290b90726b,LNH,7620201,7620201,D01
30616872-422f-407e-b55f-2cf8a6499fb6,LNH,7620202,7620202,A00
850f0135-304a-4e56-9442-f752e92a04d1,LNH,7620202,7620202,A16
ad1192aa-0c10-4dfd-a98a-03a8f0dbb4fb,LNH,7620202,7620202,B00
00a2ade2-0673-4cd4-9640-f59b31539163,LNH,7620202,7620202,D01
8940b0e4-66d3-4f31-91e4-65dcd59df63f,LNH,7620205,7620205,A00
a1b1cc82-b089-41b9-9dfd-df034d2ca04a,LNH,7620205,7620205,A16
c766c7f1-3ee0-4a0f-9c81-5268fb8bd071,LNH,7620205,7620205,B00
a551f9cb-9858-4c02-8050-63cd5f04e864,LNH,7620205,7620205,D01
3131c49e-4c47-4f6f-be27-fa47d83d49dc,LNH,7620211,7620211,A00
35da9bfa-41ee-437b-9779-e3f04e72c633,LNH,7620211,7620211,B00
9660a276-83f9-404d-8b1f-43975d63880b,LNH,7620211,7620211,C15
b7f4092e-9778-4ccc-af83-a8a1aaea438c,LNH,7620211,7620211,D01
7d885525-8ca4-415b-81d1-edd623c4e2b1,LNH,7640101,7640101,A00
a254e5d6-9793-4963-9931-2371397b0221,LNH,7640101,7640101,A16
50520233-6bef-4be7-9c66-6cc60a540d18,LNH,7640101,7640101,B00
9d21868a-5703-47e0-95dc-e86c121287f7,LNH,7640101,7640101,B08
38009850-e38e-41af-8bc3-9643cfca2e1b,LNH,7760101,7760101,A00
e5fa4cc3-1240-4905-bf38-28b3d23a5394,LNH,7760101,7760101,C00
edb3ae8a-bedb-4600-8fdf-41cee05be2ac,LNH,7760101,7760101,C15
4d81cc92-2e08-493a-93c7-f460289cd201,LNH,7760101,7760101,D01
8f4c7655-adf9-4d40-90ec-efda5e091ac7,LNH,7810103,7810103,A00
3f41cc10-f8c4-45dd-b8a8-352e3fecfb3d,LNH,7810103,7810103,C00
d223c152-ddf1-405a-ac64-9405f76c42df,LNH,7810103,7810103,C15
439b632d-d3ae-4699-8a65-24b5e1d8db28,LNH,7810103,7810103,D01
4ff7582d-3ec5-45da-9b47-b0ee3dc7a1fe,LNH,7850101,7850101,A00
7f34a883-4f5b-4c96-8314-a10d3e2c723f,LNH,7850101,7850101,A16
2a650ca2-7a4a-4819-9644-a9ab84fc9583,LNH,7850101,7850101,B00
688e8a7e-5a13-454d-b42d-bc1823a3ae0e,LNH,7850101,7850101,D01
a41f49ed-cfd4-4334-b5c0-1913b52894d9,LNH,7850103,7850103,A00
15d6c911-8b39-4091-97d8-7068d7d4ce69,LNH,7850103,7850103,A16
79d42196-ad32-4d7c-9896-b79cc9e0916b,LNH,7850103,7850103,B00
1df971c6-d63e-4d13-ba50-8dff5b7b9f5d,LNH,7850103,7850103,D01
bf24f8c7-3fe6-412b-86c2-48268f16539a,LNH,7850104,7850104,B00
c00fd296-794f-4c13-9e89-020bfffebd85,LNH,7850104,7850104,C00
88014e25-aeeb-46d6-9e4d-cf3ce71d6559,LNH,7850104,7850104,C15
5496379e-c6dd-48e9-be08-0edf81783283,LNH,7850104,7850104,D01
c35ad9c5-12ae-4c43-b9d2-2ca5ed1db3ff,LNH,7908532A,7908532A,B08
e3766575-13c5-4beb-85b2-f5ae7af41478,LNH,7908532A,7908532A,D01
7fa91a3e-c320-42bd-a09c-97d0f680722f,LNH,7908532A,7908532A,D07
7405b445-62a4-4346-8524-fb9cbc9d9047,LNH,7908532A,7908532A,D10
9f8a4360-b5a8-4ca0-8114-65ce13f64c85,LNH,7340201,7340201,A00
a1858d05-cd4a-47d3-badb-b6727ca2cc6d,LNH,7340201,7340201,A16
e2a08edc-6e80-403a-aaa6-c6b8d68e24c4,LNH,7340201,7340201,C15
646bd7b5-1c99-4bcb-a93f-44d7df74c009,LNH,7340201,7340201,D01
266e72f4-82ef-457c-b133-1c6a606285f3,LNH,7510605,7510605,A00
31998be5-7e38-4dac-ab36-6a668dc1c057,LNH,7510605,7510605,A16
009aef08-c9a7-4548-9c71-92b55d3bac05,LNH,7510605,7510605,C15
ae95b72d-dba7-4876-8baf-0ef1ce5a9403,LNH,7510605,7510605,D01
b5e3d08d-ef8e-4eee-8ce0-1eae0651dab4,LNH,7850106,7850106,B08
4b9ff33a-e59b-474e-b41f-2d6d37876eab,LNH,7850106,7850106,D01
1232007b-0e6e-4884-9ef7-aa2fe862045e,LNH,7850106,7850106,D07
5468c358-5893-487d-8146-ab8cc328f79c,LNH,7850106,7850106,D10
05bc1aaf-e5b6-4578-a5d7-1d168ad6ab3f,LNH,7620105,7620105,A00
55837366-bc27-4f54-9747-d4a0d10e89d7,LNH,7620105,7620105,B00
0bcaff24-1b66-40bc-bec0-3bb5883f1ed4,LNH,7620105,7620105,C15
5e6c9c58-4623-402c-bee5-444ec69820f4,LNH,7620105,7620105,D01
898a377f-d9c3-4392-9adf-f78acbb5adb2,LNH,7310101,7310101,A01
e30e15e0-f14c-411b-b6b4-5dd40c932ebb,LNH,7310101,7310101,C00
e9e2706d-31d7-49d5-995c-c76a7336d278,LNH,7310101,7310101,D14
9bf05c78-c391-427e-9bba-1b1ecb61009c,LNH,7310101,7310101,D15
e1ca3287-bfe3-40cc-8da4-10659496eab8,LNH,7310101,7310101,X01
b5428288-7cf5-479d-a4e3-bd5d68ffaf5f,LNH,7310101,7310101,X26
6580d0b2-9fec-4281-b595-53fc9027bfc5,LNH,7310101,7310101,X70
ab519e5d-9374-4130-bbb4-e279c7add890,LNH,7310101,7310101,X74
1cfff5e5-7bca-4bbd-9a8b-5ccaab0814b7,LNH,7310101,7310101,X78
bc5893f5-63fc-4a8d-8342-eeb7bc055c13,LNH,7340101,7340101,A01
09318fa2-7ae2-45f3-885c-41367163318c,LNH,7340101,7340101,C00
5890eb9a-6182-4761-95c7-03a88516b0fe,LNH,7340101,7340101,D14
425f5277-cc8e-4d49-ad8e-268f2a4b5be8,LNH,7340101,7340101,D15
1bfb390f-eb15-4296-bec9-8a26a3da2d8d,LNH,7340101,7340101,X01
e343707e-23a5-4243-8ab6-4fdfb1c1cc2d,LNH,7340101,7340101,X26
70e42e3b-c59c-476b-9ba2-c206926fefa2,LNH,7340101,7340101,X70
58cf42b4-54e4-4c98-9fc0-f84b0b29cb60,LNH,7340101,7340101,X74
679ca54a-8d6c-447c-8843-578dd24979fe,LNH,7340101,7340101,X78
39e79947-0cb1-4d38-ba73-ac48398b4fbc,LNH,7340116,7340116,C00
9d69ba89-f2ab-471b-874b-b32af6f24a30,LNH,7340116,7340116,C03
ff4321a0-3212-42be-8ced-f27addf924bf,LNH,7340116,7340116,C04
2277bb41-a300-4984-bffe-43da3d98422c,LNH,7340116,7340116,X01
c8a061b8-a254-4751-9399-e4da6b0e4eb9,LNH,7340116,7340116,X02
4ee6d6dd-bc84-4a5d-818e-1671067f933e,LNH,7340201,7340201,A01
825e3243-24a5-4e49-b1b1-d4ade07b68a5,LNH,7340201,7340201,C00
4ff58aca-ca84-4a29-8d47-5e9697f2f6fb,LNH,7340201,7340201,D14
35c39dfd-3329-415c-90c5-86c6b6efdf44,LNH,7340201,7340201,D15
d6e73e36-6178-4b6d-8878-0223ab4aa010,LNH,7340201,7340201,X01
5876cf2d-73c9-4e5d-a129-73f62a3d5ba6,LNH,7340201,7340201,X26
b030f7d8-5875-4bfe-9f5c-42ec5456db22,LNH,7340201,7340201,X70
0465371f-45c4-497b-9127-4fd5be2a39d6,LNH,7340201,7340201,X74
15399c8e-70b2-4f86-adaf-f9839636bdd0,LNH,7340201,7340201,X78
a0ea8643-fb2f-4d77-9e41-6b59841723af,LNH,7340301,7340301,A01
80955788-b1b7-4f44-b0dc-a9d2e17b9a66,LNH,7340301,7340301,C00
b2a2a7c3-e349-4d09-be24-1c2892b65977,LNH,7340301,7340301,D14
50d5e4dc-179e-4ee6-a95f-62c2ffa5ed16,LNH,7340301,7340301,D15
576c0631-87d1-45fe-bbf3-0de7c99dd690,LNH,7340301,7340301,X01
eb6795e6-353c-4746-b89b-ec925e27fdc8,LNH,7340301,7340301,X26
872a7078-10dc-48b6-9581-f8f9748cd96f,LNH,7340301,7340301,X70
467992a3-ba7f-47eb-ad7d-6ae03306eeab,LNH,7340301,7340301,X74
6bb12081-b8ad-4ed9-89a7-c8d6cd8c338f,LNH,7340301,7340301,X78
af6ab30e-9268-4c0b-be7e-edf7e343ffe1,LNH,7420201,7420201,B03
c2d65ce6-3bcf-4307-951f-8c5cec1c3b5f,LNH,7420201,7420201,C02
8e3667fe-28b6-4621-83fe-632e28dc947d,LNH,7420201,7420201,D01
3e2c250a-784f-46a8-a8d9-8a64c3991165,LNH,7420201,7420201,D10
f1e1c5ed-daed-4a44-8b5a-54903f1483ae,LNH,7420201,7420201,X02
297457f3-479a-4b96-90ab-d1d3b5d56d16,LNH,7420201,7420201,X04
5033f3e1-75df-43db-8377-590ac583c7e3,LNH,7480104,7480104,C01
f3efbcef-7275-48ce-b23b-dbf1bbe70a89,LNH,7480104,7480104,C02
3ca68d57-369a-4057-92e2-189ca64628bd,LNH,7480104,7480104,X02
671c3ced-8891-4a06-8018-44eba1ccda9c,LNH,7480104,7480104,X03
5123f8a1-daa5-4349-b3da-d1a0b9df8992,LNH,7480104,7480104,X06
b9da9d46-e8d1-4f21-9663-a76a59e2da2e,LNH,7480104,7480104,X26
f6201565-6a9d-43f3-87ce-0973f4ce0839,LNH,7480104,7480104,X56
0dad761f-3804-43b6-9bda-66efcfdb0ef7,LNH,7510203,7510203,C01
552b5289-ade4-440e-8ee9-c1b5fba65d5d,LNH,7510203,7510203,C02
2fb0921c-07d8-4e8f-9623-518ae55fafe1,LNH,7510203,7510203,X02
f98dd91a-dbd7-499f-ab10-e73903ae18cc,LNH,7510203,7510203,X03
09602a64-591c-496f-8c94-e88fa5c72730,LNH,7510203,7510203,X06
02d45f3a-3f93-45dc-9c73-5b13c51fa2e7,LNH,7510203,7510203,X26
4f990ec9-cea7-48ca-9d7a-3ad2552cc7af,LNH,7510203,7510203,X56
74575a45-e8e2-499d-a5aa-68583a6bad96,LNH,7510205,7510205,C01
160760e7-1938-4642-bce8-747415688807,LNH,7510205,7510205,C02
2b2dce25-ea90-4d7e-ab4c-22ef5ed48ce3,LNH,7510205,7510205,X02
c677e432-9922-44d8-b4ff-ddd3e00ea6b9,LNH,7510205,7510205,X03
893d239d-0eeb-4d5c-8e2b-af4179d596c7,LNH,7510205,7510205,X06
60947c4f-a48f-40b1-9e17-61b3a26ef915,LNH,7510205,7510205,X26
30a4e56f-4982-4cfd-8827-17bb61bf52d1,LNH,7510205,7510205,X57
540048b3-cb85-47cd-a449-05e4a2271574,LNH,7510605,7510605,A01
929154f3-fcf6-499f-bdaf-51ac469a2f94,LNH,7510605,7510605,C00
35d2a365-3a41-47fa-843a-a5529c398b90,LNH,7510605,7510605,D14
776da6a9-be93-4eb1-87fe-2a367c5d9cab,LNH,7510605,7510605,D15
9083f0ab-a766-4638-b24b-2ce7f511c3e7,LNH,7510605,7510605,X01
1cb986ad-ded5-45b0-bf18-c350771db609,LNH,7510605,7510605,X26
1943421d-b1f4-428e-9e85-1c31d1d8e324,LNH,7510605,7510605,X70
e10a7f56-873b-4b99-84ed-8f5426b057ee,LNH,7510605,7510605,X74
35330b89-91ce-452e-8ea1-e23dd0038bd9,LNH,7510605,7510605,X78
1c1fe41b-23a7-4766-b90c-b5931f9697a8,LNH,7520103,7520103,C01
4c079ad5-c5a0-476b-a7eb-5ee16e3f249b,LNH,7520103,7520103,C02
5cd2bc77-dd1f-4aaf-aaf4-3def4270c765,LNH,7520103,7520103,X02
a3a54661-4556-4b0b-9bc0-c3632d643e7a,LNH,7520103,7520103,X03
e1c0ce10-3089-453c-bf0e-9ffbe99a0c73,LNH,7520103,7520103,X06
2793f260-74ef-4772-8635-03a6bc1633db,LNH,7520103,7520103,X26
5911a93c-3606-45af-bee4-47ad8632f46c,LNH,7520103,7520103,X56
dbc68742-9733-4caf-990e-519850755150,LNH,7520118,7520118,A00
a32c4915-bb9c-435c-b44b-8b46f8ddf97b,LNH,7520118,7520118,A01
85d1159b-7b4f-4fc2-892e-73868c8b5ed2,LNH,7520118,7520118,C01
0655d4d1-e865-4ad0-a96a-8eb63dcc72a1,LNH,7520118,7520118,C02
2fa1415e-27c2-4982-be30-7569f7478520,LNH,7520118,7520118,D01
5fff7857-fd10-4912-b574-5cb1ad2b2911,LNH,7520118,7520118,X02
115c6dc9-b0b3-450d-a965-da2080f2d6e0,LNH,7520118,7520118,X03
fb82615b-6571-47de-9bcf-f3b7a8d4d96a,LNH,7520118,7520118,X06
a858b00f-12e5-49aa-8199-24b613cf4b2c,LNH,7520118,7520118,X26
aee1b007-2eca-42bd-92f1-f519872cc243,LNH,7520118,7520118,X56
65b28641-1eea-42ca-b700-8123a911804d,LNH,7549001,7549001,B00
852e4568-fd3f-416d-8e3f-534e40ff2a1d,LNH,7549001,7549001,C01
57a13460-a9c4-40e5-a516-f22f13492ddc,LNH,7549001,7549001,C02
d7c6793f-e7b3-4a97-8085-99ba311903ff,LNH,7549001,7549001,C03
9be695fe-2833-44d3-95c4-464fa98dbd74,LNH,7549001,7549001,X01
de63a644-ff1f-4a4e-b4c0-3f22e683e461,LNH,7549001,7549001,X03
561b7c45-f1d8-49a7-a70e-061181796162,LNH,7549001,7549001,X07
76f81f56-ed2a-4905-acc6-53913285114a,LNH,7549001,7549001,X27
0d5afb8e-a5ea-417b-ad58-74642bf49765,LNH,7580102,7580102,C04
272580a1-ae47-4858-b48c-cbf10591a1f3,LNH,7580102,7580102,H00
9f4a2eef-6bec-4aae-821d-95b9b6535fbd,LNH,7580102,7580102,X01
40ea2a7b-f227-4459-9a55-167c12939410,LNH,7580102,7580102,X02
ffea5c77-2e51-4ce0-9e0e-f239583a34b1,LNH,7580102,7580102,X03
823086be-4bf8-4e2c-b41d-1245954c4565,LNH,7580102,7580102,X07
ebdac13d-0ad8-430e-899a-715262b54f5c,LNH,7580102,7580102,X57
4570208a-4d79-4790-bd0f-b69e60840644,LNH,7580102,7580102,X71
cc967074-1a53-4aac-bd15-665c0f739285,LNH,7580102,7580102,Y09
766ff753-b316-4e1f-9032-b02dfc9542da,LNH,7580108,7580108,A01
9258703a-23e2-4567-b1f9-9c82e437f9f2,LNH,7580108,7580108,C00
2961b21c-9333-4fc9-b924-64337cbbbf24,LNH,7580108,7580108,C03
ad76c459-8668-4497-bea5-2f68af7a7d05,LNH,7580108,7580108,D14
00ad14f6-c2e2-44a7-aa3c-d36c51669df1,LNH,7580108,7580108,V01
5d7ebeaa-a884-4783-9146-dbf3c807a118,LNH,7580108,7580108,X01
5b87dcc7-15d0-4715-9126-0c8a4d0ea4ba,LNH,7580108,7580108,X03
55da4a9c-33d6-42a0-8773-f482d063e954,LNH,7580108,7580108,X07
bb13b3d7-f922-4f07-8b48-a9b38f234066,LNH,7580201,7580201,C01
827cee74-344a-4b53-a121-c59f43047da2,LNH,7580201,7580201,C02
f62a76c5-8ef8-481a-83b6-a23df363f63e,LNH,7580201,7580201,X02
eae9db39-a494-405a-bb8b-1e3e44e5c24d,LNH,7580201,7580201,X03
aa45bc36-3d58-49c6-b151-e49fc9f70aeb,LNH,7580201,7580201,X06
ad68be8c-9f4a-4e62-94d9-ce0326f8787e,LNH,7580201,7580201,X26
304406c4-a2bc-47b8-9c50-aec5f3f0aace,LNH,7580201,7580201,X56
b836cd80-f251-4824-a2e5-7dc5f33d5db9,LNH,7620105,7620105,B03
123f59ac-9842-4977-8fe8-5a7374e82331,LNH,7620105,7620105,C02
23e41d32-b15c-47b5-9471-979c1dd912a0,LNH,7620105,7620105,D10
9976bac2-6b4c-4640-9ece-e6c04a3b1b99,LNH,7620105,7620105,X02
4f5cbd03-4362-49e8-8d21-ef4b41b48d42,LNH,7620105,7620105,X04
6b749759-8b91-439c-bc52-94da3f0bdea9,LNH,7620110,7620110,B02
b4f5d382-1564-42e5-b41a-4e21a1d2b2f3,LNH,7620110,7620110,C03
44b6f0e5-b694-4f29-b9bd-18e702676ead,LNH,7620110,7620110,C04
952e555a-69be-4033-ae55-d6a5895570d7,LNH,7620110,7620110,D07
aca96bca-db6b-4c37-af9e-d9021cc7fbe6,LNH,7620110,7620110,X12
93b1f88a-cb81-4e77-8c93-29fa7ccf9936,LNH,7620110,7620110,X16
f886e79e-dfe5-4439-ab2e-943d50717085,LNH,7620205,7620205,A01
55e83908-ef79-41a1-a30c-6259364e9837,LNH,7620205,7620205,B03
b819fe5c-4f54-496e-b350-fbde7c9f453b,LNH,7620205,7620205,C02
d9db4a5d-b4cc-4979-94a8-5a24e034886d,LNH,7620205,7620205,C04
22151e5f-1a19-4904-ba0e-e72fce87e406,LNH,7620205,7620205,X02
c38f0b7c-3c87-4a39-bbc6-25a6bcc277ce,LNH,7620205,7620205,X04
ee3f7029-4cfd-490e-bd5d-c0f4f043a70d,LNH,7620205,7620205,X12
54b053e2-1593-4998-bfbb-99a17ef40ef9,LNH,7620205,7620205,X26
d28952f3-2d94-4a12-a38c-353269c20f01,LNH,7620210,7620210,A01
f0142250-b10a-4a17-8e49-3d52cfe748d0,LNH,7620210,7620210,B00
abbf82fc-0401-4238-81be-bc146898bde1,LNH,7620210,7620210,C00
44bfe06e-b6b7-4ef4-88c8-e75adb1aef3a,LNH,7620210,7620210,C02
a74775bc-606d-49a3-86d9-7afe34bd420e,LNH,7620210,7620210,X02
eb08381c-1519-4dcb-9a8a-52b996686ac2,LNH,7620210,7620210,X04
abcd31b2-5f1c-4bbf-9c92-8ef489514cca,LNH,7620210,7620210,X06
e5edb5c3-a38b-4d57-aa7c-d89f872ba01d,LNH,7620210,7620210,X12
3cbbc4f1-2656-4d64-b077-9a50040e5433,LNH,7620210,7620210,X26
dd0b4d29-a208-4a57-8a91-64222ce7554a,LNH,7620210,7620210,X74
070d6aa1-b95e-42cb-ab06-f23f95812175,LNH,7620211,7620211,A07
58e4a9d2-6046-41f2-afe9-574cab77b7c9,LNH,7620211,7620211,B03
8c3b0f2d-521f-42bd-a87b-718ecd3c1b97,LNH,7620211,7620211,C01
37d78f14-c410-45c4-b1d3-3015d89fe826,LNH,7620211,7620211,C02
1b77bc36-8225-42a8-8858-ddfed9eb3958,LNH,7620211,7620211,C03
a05138b7-632b-45a0-86f4-5a8c959b18fb,LNH,7620211,7620211,C04
97eca044-0b30-435a-b978-0ade368cc5b2,LNH,7620211,7620211,X01
0a98d6d6-9eae-4010-aaab-b902c34bc28e,LNH,7620211,7620211,X02
d8e03e77-2ff2-411b-9557-da28f56e0958,LNH,7620211,7620211,X04
e0d11b26-19d1-4e63-a567-f8be7c1ff684,LNH,7640101,7640101,B03
85e43b7a-92e4-4915-8180-1a87d37180e5,LNH,7640101,7640101,C02
0c6f7bcd-4999-478f-953f-bece7b4f4af5,LNH,7640101,7640101,D01
dd8801aa-b3ad-4a0d-bf85-2fe66cce3023,LNH,7640101,7640101,D10
cd580e01-6075-4e34-8fa3-5a12eab81262,LNH,7640101,7640101,X02
cd1115e7-dbd9-48ef-8977-39e50e4a309b,LNH,7640101,7640101,X04
304c8c54-6ada-4da3-b786-1b18f39e5282,LNH,7760101,7760101,A01
ecc77f0d-6a57-4847-97af-c1040aef5c4b,LNH,7760101,7760101,D14
ea55a6d7-96b4-475b-a07d-a13f82b10ca2,LNH,7760101,7760101,D15
f5b5315a-9005-4f98-8f75-e5497e35c09c,LNH,7760101,7760101,X01
790037df-2707-49b0-92c0-d491b25d09b7,LNH,7760101,7760101,X26
42b6184b-c0ee-41bf-aa9a-1032356c9db6,LNH,7760101,7760101,X70
32454a5b-03b8-4011-9aaf-ce5096879bd4,LNH,7760101,7760101,X74
507121d6-0e31-4b45-a881-c485379e2c47,LNH,7760101,7760101,X78
c6e42e5f-6fc8-4c04-bb87-441258cf2486,LNH,7810103,7810103,A01
f774d2bd-0be0-4c05-a78d-37e8fbe439d3,LNH,7810103,7810103,D14
5d7fffbf-f9ca-41d9-833d-93678412b341,LNH,7810103,7810103,D15
0a102c78-d9da-41fb-b390-2abeea705e1a,LNH,7810103,7810103,X01
68abfa9e-0ea4-42c1-b844-982ae9c4e4a4,LNH,7810103,7810103,X26
78a430fd-fb66-420a-81fc-47c42292f748,LNH,7810103,7810103,X70
e8f01e20-0fab-439c-8505-22827a295228,LNH,7810103,7810103,X74
8695d64f-58cb-4cc6-a44f-a90e5f73b598,LNH,7810103,7810103,X78
d61b52c2-d7d3-4176-aeb7-96141f62b600,LNH,7850101,7850101,A07
5413dd6d-2bab-43b3-9a6b-2b1cfe8b2fdc,LNH,7850101,7850101,B03
0b2a746c-39b6-4ae8-bc69-de2d4d28e240,LNH,7850101,7850101,C01
6f6a1996-f2c7-449c-be6f-e6decff3bf3e,LNH,7850101,7850101,C02
2a61b762-b80d-44d7-9371-5322892525c3,LNH,7850101,7850101,C03
21bb2d49-f7ff-4a2c-8a06-4e7ff35f16fa,LNH,7850101,7850101,C04
0a268848-cc92-4b65-b556-04ddd1e9231e,LNH,7850101,7850101,X01
acfbc348-8cd7-44a9-b43a-460666009a8f,LNH,7850101,7850101,X02
6945da31-ff61-4b23-aeac-e93cbbb0101f,LNH,7850101,7850101,X04
dc725a9c-9fcf-460b-8d67-5f9634d97c8a,LNH,7850103,7850103,C04
6029f7e6-b5d0-4c30-996f-6137a04202f1,LNH,7850103,7850103,D14
d53e8c5d-2797-42bb-b249-bf783ba11909,LNH,7850103,7850103,D15
d7bff185-abc3-4182-bb05-d0d3da2d8ab7,LNH,7850103,7850103,X01
b9f9a25f-bfe8-415a-b4ed-478643a8e127,LNH,7850103,7850103,X02
015c8cad-bca4-4ab4-9165-d821bce1473d,LNH,7850103,7850103,X04
47d53de0-4b7a-4b96-9daf-59abec259560,LNH,7850103,7850103,X26
12d98853-caf8-43d4-9c91-bc988f986b40,LNH,7850103,7850103,X74
3cb00650-5d71-4ba3-9a2a-4cb66a2bc2fd,LNH,7850103,7850103,X78
a3861707-0af8-4b35-a4b1-8dfea07f835e,LNH,7850104,7850104,A07
b3ffc409-0646-46a8-a183-30f93902058f,LNH,7850104,7850104,B03
47eb70d7-493b-4e6a-8ad8-947433f47079,LNH,7850104,7850104,C01
98dde4ff-d16c-4e57-a14a-a65b56f5b05b,LNH,7850104,7850104,C02
7eb23e27-473a-4c7d-bb65-cb17e8db800b,LNH,7850104,7850104,C03
e5895337-e263-4e45-9b26-ec262a1a850d,LNH,7850104,7850104,C04
79838015-d071-4276-b0b5-cbf03b71c734,LNH,7850104,7850104,X01
2fd1a525-c4d9-451a-97ff-6fe6c1404241,LNH,7850104,7850104,X02
df3310d0-8c3f-4ac8-99b8-b88db8b857dc,LNH,7850104,7850104,X04
659a99c4-d0b1-4027-a9e6-c7f0d2c2a9a7,LNH,7850106,7850106,A07
3b3ce65f-ffb2-4c25-b1db-c42ef77988e8,LNH,7850106,7850106,B03
7b011a33-d611-4289-8822-0cc2e27eb93b,LNH,7850106,7850106,C01
e41bff61-53dd-4912-b7cd-744257b69b5e,LNH,7850106,7850106,C02
5d406d9b-b5fb-4752-81c2-d560add714c3,LNH,7850106,7850106,C03
a339168f-f434-4534-9e73-8c8df2f63904,LNH,7850106,7850106,C04
477899a7-1dc4-499b-a167-8ebf8b643ea5,LNH,7850106,7850106,X01
f180f130-9370-4304-ad5a-72e096471425,LNH,7850106,7850106,X02
9121bf1b-27f3-413f-8728-e081ba1cf107,LNH,7850106,7850106,X04
e6d49b21-aac5-4809-8e04-9d3a93a98221,LNH,7520118,7520118,A16
0d01a66c-f6a3-4044-b2e3-f55bf2362d7d,LNH,7580302,7580302,A00
fbcfbc25-fb97-47e1-8190-0b63730883ba,LNH,7580302,7580302,A01
ee5fa761-c98e-407f-9d92-03d994385ef7,LNH,7580302,7580302,A16
ee1fadfe-d495-4f23-ae3d-83299af350c5,LNH,7580302,7580302,D01
d57c7e09-0b97-4bab-be5b-cbab1d1a0759,LNH,7510205,7510205,X56
fc3dc046-f62a-47ee-805e-579e01436b88,LNH,7310101,7310101,Q00
406fff6c-9adb-4380-b561-c15769dec872,LNH,7340101,7340101,Q00
dfd1a83d-d5ad-4f69-ab5f-e2ae98e27289,LNH,7340116,7340116,Q00
8b56dda9-311f-44f6-a565-376bfe1c98d6,LNH,7340201,7340201,Q00
3f33af15-6f00-40ad-9de3-b98177af66b3,LNH,7340301,7340301,Q00
a674fa53-7253-4833-af8d-ba2cf17f0713,LNH,7420201,7420201,Q00
57fe516b-03d2-4e73-aae5-57abee82a24e,LNH,7480104,7480104,Q00
e1b03ca3-f3d7-4934-b972-d0a0cca8ca01,LNH,7510203,7510203,Q00
5b186e56-f4ea-4b08-a823-8ff158736861,LNH,7510205,7510205,Q00
f5aa4714-69c7-4ff3-b2b1-4e1c99dd6178,LNH,7510605,7510605,Q00
7e9b225a-8fe1-41af-89e5-e7662a310ca9,LNH,7520103,7520103,Q00
178a151b-f128-461b-af8a-8658f0ba2e66,LNH,7520118,7520118,Q00
8affa55d-7c1a-46d4-a983-da937a808f4b,LNH,7549001,7549001,Q00
b4d28f33-194a-46aa-aca8-77a580d9c6c8,LNH,7580102,7580102,Q00
c4739d47-efe0-4213-94a6-e137973e3e20,LNH,7580108,7580108,Q00
761927f1-26fa-474d-9074-07f8843b046a,LNH,7580201,7580201,Q00
f5d4acd6-ea3e-4585-a91f-fbf9c7106097,LNH,7620105,7620105,Q00
767445f6-553d-42f3-ba19-f4f8bd8cc545,LNH,7620110,7620110,Q00
e7f636e8-385d-45b0-983d-5702492ec1c8,LNH,7620205,7620205,Q00
e2c04075-21aa-4a9e-96e7-16bdc5dbb715,LNH,7620210,7620210,Q00
00d6823a-c60a-4868-a3b3-a5b6fc5b651d,LNH,7620211,7620211,Q00
a30be333-ba71-48d3-8a18-ae4f550cf994,LNH,7640101,7640101,Q00
a122dd58-548a-4293-a01a-448b20e3b212,LNH,7760101,7760101,Q00
459c214c-24c0-4143-935c-8068b87d5e77,LNH,7810103,7810103,Q00
ff599302-9c95-4546-8e00-21fca91ddf2e,LNH,7850101,7850101,Q00
4edd8463-9f46-4a4a-82bb-7fdcfc93a5be,LNH,7850103,7850103,Q00
ef11cbd9-689b-4c90-aa25-f571ae41a6d7,LNH,7850104,7850104,Q00
0c5cf0cf-3933-4241-86f4-0607d42c35fa,LNH,7850106,7850106,Q00
3cbcfe5c-35ff-4d00-8ff8-4c6110233b76,LNH,7310101,7310101,K00
68029645-1171-4092-a5a4-a216dd64b113,LNH,7340101,7340101,K00
3175fe49-831f-4b34-82a3-9c65048f594d,LNH,7340116,7340116,K00
b482f531-f2c5-4a25-93ec-899722cc598a,LNH,7340201,7340201,K00
46220ee3-c9c1-41c7-84f0-922fbdb5f166,LNH,7340301,7340301,K00
fd7979c8-724e-4050-8994-a44672dd4afd,LNH,7420201,7420201,K00
29905753-8965-4b74-bbc5-fb09d59fe1ad,LNH,7480104,7480104,K00
4459510d-6263-4ca8-8393-854a6ae77c86,LNH,7510203,7510203,K00
5ac3ee1a-e3c5-489f-a52a-aef63c8c6c37,LNH,7510205,7510205,K00
f7616736-1a66-4519-8700-a1465ba9dc1e,LNH,7510605,7510605,K00
8c7a864b-6f83-4448-94d9-8d39d854c22a,LNH,7520103,7520103,K00
af6546c9-19ce-450c-aedc-967e92b7d1d0,LNH,7520118,7520118,K00
28b9ef0e-02d7-47ce-9674-94daee0549fc,LNH,7549001,7549001,K00
4cf047e4-53c9-43d6-86d7-10155833c8e1,LNH,7580102,7580102,K00
cb9a3af1-8aa3-4264-945c-8681300a08f3,LNH,7580108,7580108,K00
db17d321-980f-4ac4-8c1c-31756ed23bff,LNH,7580201,7580201,K00
11074c57-f0d0-4f9c-963a-d32db74856e1,LNH,7620105,7620105,K00
fe31a270-cf32-4b06-957d-a4d6a9bce5cc,LNH,7620110,7620110,K00
f43076c5-992e-40e3-b87d-38ab21e8771a,LNH,7620205,7620205,K00
7bdc09cc-4ce5-4327-a1de-0ebd85bb44db,LNH,7620210,7620210,K00
4b27ecc9-27f5-4160-acfa-9e5f8a1ddac5,LNH,7620211,7620211,K00
507015b0-a38c-4a8c-95ef-69da2712309c,LNH,7640101,7640101,K00
1337e6cc-6182-4c5e-9a84-bd3f01c792a0,LNH,7760101,7760101,K00
557eff09-8fa7-4728-b9cd-11224ddc83ac,LNH,7810103,7810103,K00
2e69d15a-b368-4488-81d2-68c2978dcf4e,LNH,7850101,7850101,K00
8cc142fb-c5e2-4532-add5-3c54bfd1a764,LNH,7850103,7850103,K00
3cdf2bd5-835e-4f31-914d-97db5ff19199,LNH,7850104,7850104,K00
ade5e6ef-851c-4f87-a4d4-53947dc1482a,LNH,7850106,7850106,K00
e4e4e77a-0c44-4880-98b7-1714996f3bff,NTU,7210403,7210403,C01
b91c4e83-81d7-4c4e-b040-8494151e4b25,NTU,7210403,7210403,C03
b5e012db-08fc-4ee2-b773-a715af38281e,NTU,7210403,7210403,C04
08564e64-6092-4c07-abab-69f8c70dc4ad,NTU,7220209,7220209,C00
5a7d1ed6-6ae1-4193-95a4-f3bf1b9607a0,NTU,7220209,7220209,C03
57cfc336-3ec2-409c-903f-2037c999704b,NTU,7220209,7220209,C04
8354d618-fd74-4a34-9c6c-c826c77ff0a8,NTU,7220209,7220209,D01
0914c0ac-a8fa-4ad0-8aae-47d9a0343afc,NTU,7220209,7220209,D14
4260f675-2137-4fdb-a028-0bf6b888ccee,NTU,7220209,7220209,D15
f2e28931-689e-44d3-ba13-83b8f6ff03dd,NTU,7220209,7220209,D63
3d6cec89-560f-4dba-9c6b-9342bfd2b309,NTU,7220209,7220209,D66
7ec3219b-f333-4c46-bbf1-87afd3300797,NTU,7220209,7220209,X78
9c4fa3f8-9b82-4a3b-ada8-51c188f9f3fb,NTU,7320108,7320108,C00
9e839cc6-8b1a-4348-af43-767484ed071d,NTU,7320108,7320108,C01
bee49288-b955-40b0-86f8-c6a5cf11a3cd,NTU,7320108,7320108,C03
4c6d0110-a21c-4ffe-822d-4c715a129778,NTU,7320108,7320108,C04
00c82a49-7ceb-45af-968b-9eaea4b147c1,NTU,7320108,7320108,C14
b2e2cbdb-93e3-4b57-9ae8-eb9c7c3c99a3,NTU,7320108,7320108,C19
ab3b9ea8-c0ba-49e6-935f-3206cba0ce09,NTU,7320108,7320108,C20
4acec8ff-899a-4d9f-a9f7-a1346d1a2072,NTU,7320108,7320108,D01
5be24b11-a6c0-4ad1-bc84-3d4b782fdd0a,NTU,7320108,7320108,D15
6a7a00b9-135a-432f-a1d7-ffef38f71d1f,NTU,7320108,7320108,X70
0c7d7267-75a5-4460-8c97-30ed47eaff61,NTU,7320108,7320108,X74
75889ff4-c28e-41c8-8bb8-abf011cb72aa,NTU,7340101,7340101,A00
ef68e81e-4ad7-4a3a-a207-f22e1d9866f9,NTU,7340101,7340101,A01
dbdd221e-d2f7-40f0-b0b2-d46891ed9b4d,NTU,7340101,7340101,C01
1305a1ca-ef47-4534-9cf9-66d9b63483be,NTU,7340101,7340101,D01
b481ba98-fcfe-49d8-8f81-a08546fe38ac,NTU,7340101,7340101,X02
16f3b049-23d0-44ce-841a-be2fe5067006,NTU,7340101,7340101,X06
84c217ba-fe08-4a18-a338-8fde8de56074,NTU,7340101,7340101,X26
357ada2c-b927-4304-a486-e83d54248837,NTU,7340101,7340101,X27
9c458483-4d72-40e8-9155-3be1ffa93114,NTU,7340101,7340101,X56
96671173-06d2-49d2-ae4e-a56875f9bccd,NTU,7340201,7340201,A00
816f49f8-400a-462e-bcea-8925447cf1c9,NTU,7340201,7340201,A01
16d74020-e9c5-4d8d-9b2b-32cd3d9e0c60,NTU,7340201,7340201,C01
e3b746d8-bb9e-471a-89e5-81e2c6aa2164,NTU,7340201,7340201,D01
8dae74da-ede5-43db-bf7f-d27239053a9e,NTU,7340201,7340201,X02
72a1fecb-9084-4ed7-b2dd-9d8a1c40845e,NTU,7340201,7340201,X06
b1e73e5d-a0db-47e4-add2-5288c13ebc90,NTU,7340201,7340201,X26
4600aa42-d684-4ad3-b9e8-e3fbe54582fa,NTU,7340201,7340201,X27
19f5c21c-1fcc-4ddd-aed2-efae28c8a1f3,NTU,7340201,7340201,X56
f57da737-d1e2-4ea1-b545-e0a8a1c33810,NTU,7340301,7340301,A00
b0b5deed-fb8c-4929-a706-78fed934be93,NTU,7340301,7340301,A01
792823e4-1ede-47d5-849d-2e5ab5fc1259,NTU,7340301,7340301,C01
a3799826-b001-4e1a-9579-419bd66ff7b6,NTU,7340301,7340301,C04
3ccb4dd0-573d-469a-9ed1-965a461484fc,NTU,7340301,7340301,D01
de34c1ee-3d7d-4644-84b4-bed08e809eeb,NTU,7340301,7340301,D07
651c4a4e-8057-4e5d-9b04-17fb33f7af0f,NTU,7340301,7340301,D10
0def6fab-9576-4c83-a601-eaa518f832b3,NTU,7340301,7340301,X25
7fc96865-1cf5-4a92-a616-5146f4bef31d,NTU,7340301,7340301,X26
e31d859c-0334-45f6-aa6d-6e74445a6e90,NTU,7480201,7480201,A00
aed19ef4-c1b4-4073-92f8-50bda504edc8,NTU,7480201,7480201,A01
5304c2d1-5afc-412b-8a93-f4df6be1be69,NTU,7480201,7480201,C01
6e0b5e51-89b0-4809-b9d7-0f1245d59192,NTU,7480201,7480201,D01
b54110f5-22e7-4198-94bb-ecbbc82051a4,NTU,7480201,7480201,X02
c913099b-fdcf-45b5-bca5-285412442295,NTU,7480201,7480201,X06
36045a00-c69e-437c-b79b-96d2aa75505e,NTU,7480201,7480201,X26
90f8246f-3afa-4ec8-84e9-97d027c90ab0,NTU,7480201,7480201,X27
a5abdb19-9b49-4e43-b47f-83e784bb5454,NTU,7480201,7480201,X56
fbf2f27b-694e-4760-bd3a-c214517bd932,NTU,7510102,7510102,A00
662b42bf-e5c0-4d01-89be-caea613142c5,NTU,7510102,7510102,A07
be731c35-227d-40f4-9b3b-50ce2957b3a7,NTU,7510102,7510102,C01
8dc3bf62-4ce9-40ea-b328-ee6ed3dbdbab,NTU,7510102,7510102,C04
bb806a2b-e8ee-4916-aa32-9c859faaa205,NTU,7520320,7520320,B00
e394f76c-5bec-4443-8c20-37274c797471,NTU,7520320,7520320,B01
ac87f767-bfe4-492a-9055-4457c3c4c813,NTU,7520320,7520320,B02
86b89e3c-1ff6-4be6-b8b2-dfb9d0ffba79,NTU,7520320,7520320,B03
e1952d16-f768-45e9-9558-e7b6b8ccb972,NTU,7580101,7580101,A00
818811d7-ed67-4826-8792-7d7acb400f81,NTU,7580101,7580101,A07
a2d2967b-7964-4dac-9ee2-248f1e68c379,NTU,7580101,7580101,C01
5b6da5bd-94ae-4b5b-add1-ef9f046b7bf4,NTU,7580101,7580101,C03
20e68a7d-e20b-4718-a28d-f77baa32bc83,NTU,7580101,7580101,C04
b9b2d230-e402-4219-bbef-32d1f261cac6,NTU,7580108,7580108,A00
f57c870f-7758-4062-9dfa-f836a87324f0,NTU,7580108,7580108,A07
ef9509af-ab29-4be5-bf94-745732cb5295,NTU,7580108,7580108,C01
01bda6b9-72c7-4de9-9da4-45b5d02f2dd3,NTU,7580108,7580108,C03
407ac80c-7d2d-4bfc-a281-8a8cb450cb7b,NTU,7580108,7580108,C04
6c83183b-54f2-4ebb-bd7e-cc0307991870,NTU,7310601,7310601,C00
d553d820-6a3e-44eb-b9e4-45c6a444d4f9,NTU,7310601,7310601,C03
5092fcdf-dec6-4fdf-a551-3869e1190051,NTU,7310601,7310601,C04
b4defade-6e5c-4caf-90cc-a489c42783c4,NTU,7310601,7310601,D01
4838f9d1-f3b7-43bd-b295-27a7d8dd5c01,NTU,7310601,7310601,D14
b4cd4fcd-f1b9-488f-b302-f966209d28f1,NTU,7310601,7310601,D15
2b82b9af-e817-4f5b-aba8-d52d726b0ccc,NTU,7310601,7310601,D63
3b17718b-d758-48c6-929c-5d544767d6a0,NTU,7310601,7310601,D66
ce9a4b34-9841-40a1-bff6-3971e2319eec,NTU,7310601,7310601,X78
fc48ff2e-f44b-4a3e-93ad-cf75b922f898,NTU,7220210,7220210,C00
34082665-36d8-4db2-bfac-c7fc107e71b6,NTU,7220210,7220210,C03
fa4405bb-af1d-4835-9921-26d0cab856d6,NTU,7220210,7220210,C04
7d1ffeef-b0cc-4bc9-9a9a-f17dc89fcdf3,NTU,7220210,7220210,D01
d145447b-4b12-43d3-a08a-7f80774015b4,NTU,7220210,7220210,D14
7f85fdfe-7257-4af4-931f-a596edd146c6,NTU,7220210,7220210,D15
ea56bdb3-fd7a-402e-a22a-5ddcbf942786,NTU,7220210,7220210,D63
16561dae-5b6b-4733-ba04-8929208872cf,NTU,7220210,7220210,D66
ff927f34-5e40-4979-99ab-a6aff64f18e1,NTU,7220210,7220210,X78
ec515428-cc95-4385-ba97-e92770f91f32,SKD,7210226B,7210226B,S00
e4a19551-c163-4dc1-a40e-f6f3bd49b406,SKD,7210226C,7210226C,S00
367eba57-1b43-43d6-b288-9d48ff42eb62,SKD,7210226E,7210226E,S00
f35fdbd6-b231-41b6-92a0-50a45e4d60f0,SKD,7210227A,7210227A,S00
81051702-4eb1-4186-a168-9c33ce3e8302,SKD,7210227B,7210227B,S00
52ae01b7-2bf6-4e87-a93c-0a5f9dcb23ef,SKD,7210233A,7210233A,S00
a18573b1-b278-499f-9304-17cc5c1921e7,SKD,7210233B,7210233B,S00
64e812d7-094a-469a-864a-a0536ac34857,SKD,7210234,7210234,S00
9f99a23c-df37-4222-9644-a8e63adb006b,SKD,7210234A,7210234A,S00
5a0dce99-4056-4ef7-9442-b050b4af5d2e,SKD,7210235A,7210235A,S00
464b5b04-c3d8-457a-ace7-dd2e5f717e4f,SKD,7210235B,7210235B,S00
bce01458-9e76-4079-a7d7-4060f4783739,SKD,7210235C,7210235C,S00
39a44e6e-8f5d-48fb-b3cd-753f1b3c9e51,SKD,7210236A,7210236A,S00
c886a014-e5c9-4091-91d8-0c91f3aedce3,SKD,7210236B,7210236B,S00
1d4f7c28-faf1-4975-b66f-f8abb13f2395,SKD,7210243,7210243,S00
7bd32381-97cb-447f-a6fb-984eab90be45,SKD,7210243A,7210243A,S00
ee55cdf6-c385-4bbe-9e6b-cf7a35a7f14a,SKD,7210244,7210244,S00
7d33e2a1-db66-4200-a8a4-518aad900535,SKD,7210301A,7210301A,S00
3d0bdf7b-96e3-4481-ad8b-f82e974d83dc,SKD,7210301B,7210301B,S00
08dc870e-3eb4-444b-9c39-8b72466b4f05,SKD,7210301C,7210301C,S00
ec5379e9-369c-43ac-a326-a20336014a67,SKD,7210302A,7210302A,S00
590f7165-9c4d-4fbc-a643-9160a0d096dd,SKD,7210302B,7210302B,S00
c677e61e-1ffe-40cd-8242-9ea8a74364d7,SKD,7210406A,7210406A,S00
00a8ac71-5bfd-45ec-8760-3429126a598c,SKD,7210406C,7210406C,S00
60012b57-38f6-4a96-bf55-d30c7e2b11a9,SKD,7210406D,7210406D,S00
9e9caf54-136e-4f65-81c5-f8c6a6bc5529,SKD,7210406E,7210406E,S00
f2b96d2a-bab3-4d30-b183-a45a45761087,SKD,7210406F,7210406F,S00
849089c2-564b-481a-85b0-2e9b520209f4,DPD,7220201,7220201,D01
7905225b-682d-4ad4-821a-5b527ae0e709,DPD,7220204,7220204,D01
f92cd1c8-0e23-49d1-95f7-bbae694b4a8c,DPD,7220204,7220204,D04
b4926595-6945-4ea7-a913-051cd2e25e4f,DPD,7220209,7220209,D01
69635671-a3c7-4c2d-8948-ffa33b6daffc,DPD,7220209,7220209,D06
d98d8324-384b-485c-8f07-c4aeac0021ee,DPD,7320104,7320104,A01
c538863b-4239-48d2-9673-141dc4ce0cd4,DPD,7320104,7320104,C03
44772af9-54ac-4af8-9798-e9a0b6cd04dd,DPD,7320104,7320104,D01
2b479e5b-4d41-4c29-b378-36480108ff4c,DPD,7320104,7320104,D09
cfdf1a54-e133-469b-a49c-d5b141c94ccb,DPD,7340101,7340101,A00
0473b033-677d-446c-bdd7-ce9456b76985,DPD,7340101,7340101,A01
3515db3a-08a9-4ee6-a66a-f539a03a7115,DPD,7340101,7340101,D01
d00df735-15a2-43d8-a17d-6a6492d6a4d0,DPD,7340122,7340122,A00
125f3fa5-05cb-40cd-a53f-8e9a79455c52,DPD,7340122,7340122,A01
599a80cc-b6de-45fb-b2bb-a203b85b05a1,DPD,7340122,7340122,C01
e2468dde-976f-4dfd-b783-3c851ea6e32e,DPD,7340122,7340122,D01
e3b90ac8-1a57-450c-8b37-74772d792d94,DPD,7340201,7340201,A00
534b5c26-4959-42c2-9f35-602025f2e903,DPD,7340201,7340201,A01
d06e4701-89eb-4c35-8555-5b97dc0923f1,DPD,7340201,7340201,D01
aa5a956d-61c6-4108-b89b-4f8c327fec49,DPD,7340301,7340301,A00
9c59517b-b6bc-4bcf-a55d-1b78d70b17bc,DPD,7340301,7340301,A01
7c75bf9a-4d02-42e6-8321-f94133833254,DPD,7340301,7340301,D01
853ce2d3-f52a-4010-b9aa-2d47b742da5b,DPD,7340406,7340406,A00
109c9359-fe32-4c84-9464-423c9e07a3c4,DPD,7340406,7340406,A01
83c65b18-175f-4ba3-bf98-18ed41f55ab6,DPD,7340406,7340406,C00
b5b0bbf1-d646-4d7e-92c4-f8756b7d0205,DPD,7340406,7340406,D01
4217cd26-7b65-4fcb-8669-bb0f355c3274,DPD,7420201,7420201,A00
460dd5ef-9a00-4588-95a7-ee3601241896,DPD,7420201,7420201,B00
cb8ca879-fb4c-4216-9224-4f4c9d7aeec1,DPD,7420201,7420201,B08
151aaa4a-1f11-4c52-8c1e-23630f11f9ed,DPD,7420201,7420201,D07
7491b27c-af78-4903-90ab-e7be6ac5b0f3,DPD,7480201,7480201,A00
60392e75-6440-41d5-9e19-eee4b72fe435,DPD,7480201,7480201,A01
387bb2c9-bbfa-4a26-9b13-ee2e3bfce1f0,DPD,7480201,7480201,C01
71bdab82-2cd2-4a79-a2ab-8dd5cef88102,DPD,7480201,7480201,D01
ccf24d96-45c8-4fa9-89c4-9e8a790e37a2,DPD,7510301,7510301,A00
fe1f7667-cc9b-4b89-9145-ab5c7f665554,DPD,7510301,7510301,A01
f167f995-2262-4290-b5f5-982e54ebe943,DPD,7510301,7510301,C01
047572eb-d38f-44aa-ae00-0c4fc4dfd884,DPD,7510301,7510301,D01
83079b7e-ec4e-4392-8d69-144cffec9aa2,DPD,7580101,7580101,H01
225f8e66-e07f-409e-8ffb-b3b69dd730e2,DPD,7580101,7580101,V00
ca595370-2314-44c4-b381-ca1d8478900b,DPD,7580101,7580101,V01
ca714770-1163-4574-b046-4298df38a94d,DPD,7580101,7580101,V02
7c9c5e27-d37d-4541-b85f-34b46a5b3712,DPD,7580201,7580201,A00
4d6dc787-a4d1-4b07-8b25-a190601c94b6,DPD,7580201,7580201,A01
1ccb33d3-f528-406c-8717-cc764c1ec77b,DPD,7580201,7580201,C01
2989ad1e-af31-49c6-b71a-1cedea77cf79,DPD,7580201,7580201,D01
741f7a26-17bd-4ddd-907f-d28b7518e811,DPD,7580301,7580301,A00
6f1b05bf-58ca-460f-9afb-b7b555c9bb79,DPD,7580301,7580301,A01
e565e7fb-c6ca-4a7a-8310-da2ba897daff,DPD,7580301,7580301,C01
35b79148-2528-4cfe-9c2c-ca0b081ad3a2,DPD,7580301,7580301,D01
99f651d4-cf0d-4845-b216-e9f18f9af8ce,DPD,7810103,7810103,A00
66a7b228-dcef-4210-9a0d-203f012c73ce,DPD,7810103,7810103,A01
dce752ba-0014-40ef-b7a5-81fef355a5b9,DPD,7810103,7810103,C00
cde98933-ecbc-456e-bee0-55952885b80c,DPD,7810103,7810103,D01
909d1b3e-f06e-4f3c-8fa4-f19aa80104ca,DPD,7510203,7510203,A00
61bc9a03-deb2-45d7-bf9a-a542416fa1a4,DPD,7510203,7510203,A01
4b921db4-44bc-4f40-8673-7a13518c71e9,DPD,7510203,7510203,C01
75a1eac2-4481-491c-bdbc-67ee691a1495,DPD,7510203,7510203,D01
94825acf-aab0-4a55-a61d-cbdc701dce95,DPD,7580101,7580101,H00
e10aaa60-6005-4a97-9c46-388ba48de1de,DPD,7320104,7320104,D14
4fcce2e7-e9a4-4154-ab00-ac7f785c10d7,DPD,7320104,7320104,D15
845933dc-957b-4b9f-8c96-78ec9532bd6c,DPD,7320104,7320104,X26
199e43ad-a5ee-4189-be97-b95fd8b81e27,DPD,7340101,7340101,C14
b0c4e7b3-e716-4350-a854-c875a78a3b40,DPD,7340101,7340101,D66
7109b13c-4035-4cea-a24c-53cc3f6b2805,DPD,7340101,7340101,D84
8fc1f795-b466-4f13-8dc5-80d4e3d04370,DPD,7340122,7340122,C14
1c358d24-f62b-4c76-943a-ca541666710c,DPD,7340122,7340122,D66
952609de-a368-4b58-abab-e71f0e6eb438,DPD,7340122,7340122,D84
8ba39625-8c81-4563-a6df-3a2c23bdca8e,DPD,7340122,7340122,X26
c264e15b-3973-42af-97f3-a7f02ac85cf8,DPD,7340122,7340122,X27
d2d52864-461d-4d83-a7cb-e9408f6a97ca,DPD,7340201,7340201,C14
ad3565a8-a77f-420c-bc0f-6346c73a658a,DPD,7340201,7340201,D66
dd206810-4544-4dd7-9774-9890b524e2cf,DPD,7340201,7340201,D84
8f3f65f2-d1c1-4646-aa13-46d18b567197,DPD,7340301,7340301,C14
388fa7bb-ffc3-487c-95b4-4ebfcb9f8d56,DPD,7340301,7340301,D66
5dc06a34-d81b-4560-a0ce-eb8c460a8741,DPD,7340301,7340301,D84
4f5d48e1-084b-4aae-b3a8-a1fb76ea07ed,DPD,7340406,7340406,C14
d1e5f2c1-66c4-429a-ac93-dc0b659cb979,DPD,7340406,7340406,C19
e99b8554-041c-4043-818c-ba670a08fc75,DPD,7340406,7340406,C20
a4e72e38-0fde-4013-9039-31dbd67e37c7,DPD,7340406,7340406,D14
cf753ec6-b174-4589-b326-fbe9c5a08d24,DPD,7340406,7340406,D66
2981492f-00bd-43a2-a237-b13e5cd3c091,DPD,7480201,7480201,D07
5bcfa7d2-d82e-41a4-865e-1a0596848d12,DPD,7480201,7480201,D84
c183a8e5-f5d1-483e-8ce5-9100e33c3ef8,DPD,7480201,7480201,X06
e2adfaad-30c1-4420-a940-0f91d5bcf12c,DPD,7480201,7480201,X26
e1372113-de98-4a3c-83a2-83591cd2494a,DPD,7480201,7480201,X27
f3d291b3-cd9c-40ab-ba4f-42c134761c42,DPD,7510203,7510203,X06
a6694d49-d171-4e28-a30a-398b082c7987,DPD,7510203,7510203,X07
0e878099-b96b-48da-bf9a-0a586993caaa,DPD,7510301,7510301,X06
86302ea4-f57c-44d4-88a3-a789c508e979,DPD,7510301,7510301,X07
d6c66d9d-6ecc-4107-a057-d0d284056575,DPD,7580201,7580201,X06
14e5f315-39c5-45a0-ac34-887e53b4d3ad,DPD,7580201,7580201,X07
2e7158e2-0b1f-4d50-a3a1-22cfd2b4a474,DPD,7580301,7580301,C14
65a4ac4e-1800-4fe9-a1b6-da7150e22d0a,DPD,7580301,7580301,D66
65b010ce-c206-419e-9ee0-3e837f6b9586,DPD,7580301,7580301,D84
589a210b-dbc9-427f-83ff-cd75381571c3,DPD,7810103,7810103,C19
9db06ff2-41f5-4fa5-891a-0a58832af23f,DPD,7810103,7810103,C20
d470eb0e-d7f2-4970-82fc-dda001dc5158,DPD,7810103,7810103,D15
35b00770-12c7-4e9a-912b-e5c2e8dc6d6f,DPD,7810103,7810103,D66
369e93ae-89a2-4771-929e-ac05f0452947,DPD,7220201,7220201,D04
4f7c1958-eda5-4410-807e-1c8647e4932a,DPD,7220204,7220204,D06
4c9e880e-c2e2-4b8b-9da7-a4e146b56c38,DPD,7220209,7220209,A00
fea623fd-ccb1-46cb-b033-38640df0ea6e,DPD,7220209,7220209,A01
4554856a-6c5d-407e-86da-df9601a63dbf,DPD,7220209,7220209,C00
a20aa49d-1881-4e05-a2c8-d5523f455080,DPD,7580101,7580101,D01
46430279-95fe-4c0e-bf8e-15a83568ca50,DPD,7580301,7580301,H00
e712483d-816b-4827-9712-2548ff780e8d,DPD,7580301,7580301,V00
5a1da394-ba40-4189-93cc-597d72005e2f,DPD,7580301,7580301,V01
1ec876f1-b308-43c7-8492-a5278c2a07c4,DPD,7580301,7580301,V02
668e7eb1-6978-4fcb-ad3d-a60d0d8dbdc6,DPD,7810103,7810103,C03
bf1992d0-9f48-45d3-a381-f6eb7f0d3b15,DPD,7810103,7810103,D09
900a75f5-dcde-4569-b305-5be02759055d,GNT,7140221,7140221,N00
928d535d-01ab-4eca-991b-66b96ab30002,GNT,7140222,7140222,H00
834c9e39-20ca-4dce-bb99-9db5ff001e04,GNT,7210103,7210103,H00
1f662620-037c-4588-9d10-ff687c97bfce,GNT,7210205,7210205,N00
1ea15360-e0a9-45f2-a958-321c8ae04487,GNT,7210208,7210208,N00
66a135e0-dc9d-4dc2-968c-4af02e69d6a9,GNT,7210234,7210234,S00
f596dcb1-5c68-4e9e-9b7c-9c62b2421602,GNT,7210403,7210403,H00
5ab6c670-b064-4c9b-b5b4-06e048e6746d,GNT,7210404,7210404,H00
f1c2a1d5-3dad-4e28-a926-d3748f421b50,GNT,7229042,7229042,H00
8413cd5e-201e-4147-87cb-79f8fd99d176,GNT,7229042,7229042,N00
cf2ef980-d197-4ba0-b996-e4684f29016b,GNT,7229042,7229042,R00
bd7a0d91-e178-44a6-896b-6b8a48b231fc,GNT,7229042,7229042,C00
b1f0d8ac-83c3-4cca-be45-7122e4df1f42,GNT,7540204,7540204,A01
4ca16fce-6954-4ffb-a998-5f471df54601,GNT,7540204,7540204,D01
a81806d4-5a8c-4a63-92c2-a00def0162cb,GNT,7540204,7540204,H00
a76f31b7-8af4-4079-ac84-192065fe27e7,GNT,7760101,7760101,C00
0c7a8aac-f4cb-48d4-a0cc-a433c0d68d76,GNT,7760101,7760101,C03
f115d17c-2c3d-4aa1-b89c-6063509fef42,GNT,7760101,7760101,C04
634e0935-ab5f-4bb1-aecf-ade86a7480ea,GNT,7760101,7760101,D01
3eb79756-d2c5-4c02-a897-1e6ea43d4d2f,GNT,7810101,7810101,C00
3f9913cb-49a4-4fc8-8805-85a44d005da9,GNT,7810101,7810101,C03
dbdf7afb-f10a-4cc2-8794-471014f9a075,GNT,7810101,7810101,C04
94ff1816-cfa5-42e4-ab82-a6d9c125a667,GNT,7810101,7810101,D01
1ebfbc0a-5fc7-4d57-abad-bc5d01d1ae0e,GNT,7540204,7540204,A00
d3da36b3-7e0a-45ea-9e7a-4a8316a79f45,GNT,7760101,7760101,D00
7d64308b-9d2b-4db0-97ff-08d3ebb9f64f,GNT,7810101,7810101,D00
3c04bb9f-c782-4419-8473-d02876de24b1,TDH,7140206,7140206,T00
85a35065-311a-4847-b830-5f6ccebafd08,TDH,7140206,7140206,T02
b9589cbd-2225-44f2-a4e0-81631f8fea8b,TDH,7140206,7140206,T05
fe913837-ca72-4081-8446-8b63704476ee,TDH,7140206,7140206,T08
7d4cb347-120e-423d-9933-0df4d444b2da,TDH,7810302,7810302,T00
c44ac109-5366-4d78-b439-310c980da5c0,TDH,7810302,7810302,T02
7448b8a4-ddc6-4ca8-b1bb-bbd431ef393b,TDH,7810302,7810302,T05
205eb0cb-c4b7-4d14-93f3-3cd214e36bae,TDH,7810302,7810302,T08
2c51b124-dafd-4e70-ac72-9966d982b215,TDH,7140206,7140206,T09
0e74ed1d-43e4-40ae-b7d2-983aac5f42d1,TDH,7140206,7140206,T10
2901e136-d910-443b-85af-d588d596dd7c,TDH,7810302,7810302,T09
ba58342b-0ca6-4fbb-add7-05502db3d34f,TDH,7810302,7810302,T10
b10acdc3-9076-48f8-992f-def4dc79caa5,FBU,7220201,7220201,A01
174cc199-6caa-4dfd-bd8c-6d691743d167,FBU,7220201,7220201,D01
ddc15b93-a726-4667-ac37-e7b75f51a0a3,FBU,7220201,7220201,D10
21105890-4265-488e-9c31-da0d7561848a,FBU,7220201,7220201,X25
f2fcad53-081c-4d2e-a02a-fe969208160e,FBU,7340101,7340101,A00
51da3910-2988-4643-8041-185d101b42a0,FBU,7340101,7340101,A01
ce400845-30ea-4ea7-b6e1-b025d00423bd,FBU,7340101,7340101,C04
b0d6e84f-cdbe-4185-914b-2bf0f5112e92,FBU,7340101,7340101,D01
ef8ddfe0-340d-4f32-9a87-96f3de7bf1bd,FBU,7340101,7340101,X01
c505f5ea-eff0-4e0b-81bd-b05790e2ec5f,FBU,7340101,7340101,X02
28ed1ff2-c5c6-4a9a-b811-2deb969257f2,FBU,7340121,7340121,A00
49163460-9671-49ae-9e68-2426ab369221,FBU,7340121,7340121,A01
5472927c-a7a5-44da-929a-e11dfa1db4e0,FBU,7340121,7340121,C04
b2092973-1f74-423e-9f62-cbf62aadb2c8,FBU,7340121,7340121,D01
25aeb8c8-9b0c-463a-ac01-c345a1f91e7c,FBU,7340121,7340121,X01
16a5a9f4-cbbb-406d-8b25-1a1db8cbd44f,FBU,7340121,7340121,X02
0580fe0d-8c62-4465-ad4d-4f545b856f6c,FBU,7340201,7340201,A00
06e8e692-e32e-4bbc-a020-923e71318fa1,FBU,7340201,7340201,A01
f59fd5a4-9b6c-4ffe-b8e6-08fe4d47aa3c,FBU,7340201,7340201,C04
b7985d8c-05f7-422c-808b-45d263a3662f,FBU,7340201,7340201,D01
1d0e37fe-51aa-4f5d-b6e1-57f76927c4ca,FBU,7340201,7340201,X01
bf8c427c-d54d-4a6d-88d2-e0802a3d21a7,FBU,7340201,7340201,X02
89bf3e0c-2211-42a3-adb4-d0ae931bf1f8,FBU,7340301,7340301,A00
e60f8682-2b64-4a89-a407-9440b00c4a8d,FBU,7340301,7340301,A01
899f6f6a-56b0-4638-a079-e7ed2020b934,FBU,7340301,7340301,C04
901aeba2-b01f-4064-9325-e77ba5c6a224,FBU,7340301,7340301,D01
b809a47b-6aa4-4554-8256-5d5d6beca48c,FBU,7340301,7340301,X01
44d2cc1a-cb5c-4209-bb98-6b583087526d,FBU,7340301,7340301,X02
5ce95b79-bd63-4961-a34b-097dd115735e,FBU,7340302,7340302,A00
5eee3705-bfd5-4d14-a29b-47f71bafc049,FBU,7340302,7340302,A01
2cb722f5-f288-4867-b3d5-486fd8773b00,FBU,7340302,7340302,C04
e82e7c08-6dff-4046-b7ad-9372b0858782,FBU,7340302,7340302,D01
1ecea1a9-967c-4e80-85cb-8b45425d5fbb,FBU,7340302,7340302,X01
2a10f391-b2b5-4ee6-842f-915415108a10,FBU,7340302,7340302,X02
50472801-91ea-4e51-9b2c-2f2f60882863,FBU,7380107,7380107,A00
49522220-ee6a-4288-9adf-c1d8653ab7a0,FBU,7380107,7380107,A01
d54910c0-fc1f-4ad0-9dc3-dd834f7cb5a0,FBU,7380107,7380107,C04
d6efd942-92eb-4e9f-b26b-f7ebb5c8898e,FBU,7380107,7380107,D01
f6ad93f8-8027-4971-88a8-c4decc3a3253,FBU,7380107,7380107,X01
b096b41c-18d8-4600-ab43-d9a052b39fc1,FBU,7380107,7380107,X02
c39c9552-b9f0-41a1-a517-d760889ad7d3,FBU,7480201,7480201,A00
a446e1fc-224e-4842-984b-3004958994c8,FBU,7480201,7480201,A01
dce95fe9-60cf-4132-bd5c-262d7570f1c0,FBU,7480201,7480201,C04
cd2c0bed-7330-4c0a-9ceb-80253e8d2b24,FBU,7480201,7480201,D01
970b83c8-4c23-4b6d-8ef1-296cbae9cd7e,FBU,7480201,7480201,X01
a860f788-0b69-4a64-a2fd-4b946ea01d03,FBU,7480201,7480201,X02
6339e322-1e02-4204-8608-3f80540018d6,FBU,7220204,7220204,A01
d719994c-a59b-4002-9185-75bb7afdbd89,FBU,7220204,7220204,C00
73ea8c6b-487f-440a-917c-2f423192fbee,FBU,7220204,7220204,C04
19f26f5c-af2c-457e-83df-7de4907beebe,FBU,7220204,7220204,D01
74b5a99b-2198-429a-9848-efe58c5d775d,FBU,7220204,7220204,D04
a3e1d85f-75da-44fd-84c8-a8a94c4ee574,FBU,7220204,7220204,D10
d27c9c15-298f-4df1-9791-ba2e87d4c257,FBU,7220204,7220204,X25
ead196ea-1117-4655-9c66-14e72b1d4960,FBU,7340120,7340120,A01
f1bcd98d-fca1-4f84-b375-1dc6bd8ed4ac,FBU,7340120,7340120,D01
37e6f5ab-9318-4d80-a723-1c7b016ec824,FBU,7340120,7340120,D07
e184a408-6fe4-4de5-bb2b-78591a8c049c,FBU,7340120,7340120,D09
737a42a5-0981-4a91-a78b-013997a54a2b,FBU,7340120,7340120,D10
64ae4500-17d9-4a64-8014-9292fa439323,FBU,7340120,7340120,X25
a29e4124-ebc2-4ebf-82a2-ec25cf572021,DCQ,7220201,7220201,D01
62192404-3ad3-4aae-8e49-722747ca6e5f,DCQ,7220201,7220201,D07
fb7cb6f4-f573-4c8d-a123-c4a3f2d2f7ea,DCQ,7220201,7220201,D11
49809328-a0ca-446d-b457-bffbd8fbb9c2,DCQ,7220201,7220201,D14
78efa906-ce9c-4bca-a5c2-d248a590622b,DCQ,7220202,7220202,D01
73bd5ce6-6f7d-4608-a945-f94acf9eddb2,DCQ,7220202,7220202,D07
1eba7cea-caae-4698-ae25-fb7104405a25,DCQ,7220202,7220202,D11
434a9c3a-6c61-4347-bc7e-c49e675c5894,DCQ,7220202,7220202,D14
37e0ea17-8807-4865-84b2-df3e41d67b4a,DCQ,7220204,7220204,D01
0404f748-8522-4af4-bcb3-093da24f5f2e,DCQ,7220204,7220204,D07
a5ad04ff-8d84-4b9b-a0f4-d36173123913,DCQ,7220204,7220204,D11
de351e19-6a18-4c0e-b3cc-01ed53343753,DCQ,7220204,7220204,D14
dbbf0bc3-baab-4eff-81ff-af1730b115e7,DCQ,7310205,7310205,A00
d191ab62-b1c2-4716-818c-a3ac3d60b1fc,DCQ,7310205,7310205,D01
14df2a3e-9bcb-4206-953f-ed933c59b37d,DCQ,7310205,7310205,D11
8acfc9a1-b5cb-4607-991c-6defa37f6d1c,DCQ,7310205,7310205,D14
775eedd9-c451-4082-a252-dbe2838b135a,DCQ,7340101,7340101,A00
e51099ac-80b5-4ff9-ae99-e97786eece1c,DCQ,7340101,7340101,A01
0f1a3804-6dfa-409e-af1b-1772a435ddcc,DCQ,7340101,7340101,D01
6cfba46f-d841-4a7f-b5b2-59c5292c5dba,DCQ,7340101,7340101,D07
7619bf42-d1b9-4830-9045-025a1706497f,DCQ,7340116,7340116,A00
7e8fdef6-06a3-4bc5-9c86-3665789659ff,DCQ,7340116,7340116,A01
69f13ea4-d446-4fbd-bc72-45b6880d7207,DCQ,7340116,7340116,C00
4a3fcb84-ab68-42ff-9fdd-3ed55be5b649,DCQ,7340116,7340116,D01
105e369a-bbd4-4604-a337-fc5300109930,DCQ,7340201,7340201,A00
5d495cd2-e605-488d-b007-aa06276df976,DCQ,7340201,7340201,A01
780f97c0-9b24-4996-8988-08d4539175ae,DCQ,7340201,7340201,D01
530ec159-fd2b-44a2-a0eb-536af9420e34,DCQ,7340201,7340201,D07
3411bbbc-f36d-4c0a-b887-07334ce73965,DCQ,7340301,7340301,A00
480e1e24-24b1-43f4-9c59-8fac3531a8ad,DCQ,7340301,7340301,A01
0f689c17-c955-4c48-94e6-36b167d79965,DCQ,7340301,7340301,D01
c9b20284-6f53-4f2a-af88-704105b849d6,DCQ,7340301,7340301,D07
bedc471d-18bd-4f9f-8b4e-5bdd1d19e9cd,DCQ,7380107,7380107,A00
473d520b-24d1-49e3-a35b-c778019f577d,DCQ,7380107,7380107,A01
e3e57292-6662-45e1-bb9d-c130a34cb58a,DCQ,7380107,7380107,C00
abfd09b2-5626-43e1-b2c1-15ba6e69c1d0,DCQ,7380107,7380107,D01
40201f0f-6c00-4f0e-b1a3-b877506f6056,DCQ,7480103,7480103,A00
6e083c69-2e53-47c1-9a0d-4b06979d02d7,DCQ,7480103,7480103,A01
7a3c68bb-8751-42ee-b73f-e361b35cc4a0,DCQ,7480103,7480103,D01
2222f3e0-9e9f-403a-9ad4-e2181c962d44,DCQ,7480103,7480103,D07
0a36a090-7e6e-4eaa-a064-8a6cffaa23a1,DCQ,7480201,7480201,A00
c5870f22-0eb0-4a5d-874a-95e3d0b8deaf,DCQ,7480201,7480201,A01
65bc6d78-8523-4c5f-ac8f-377b7b0956c4,DCQ,7480201,7480201,D01
2e95466a-fdef-48c9-ba97-00139e063bb2,DCQ,7480201,7480201,D07
060c21f2-0193-4720-92d9-2bd456fa8d00,DCQ,7510205,7510205,A00
ef0053a8-d6c8-472d-96d2-18a454b25ced,DCQ,7510205,7510205,A01
4d303a83-d07a-4975-b35c-a6373c0fdd0a,DCQ,7510205,7510205,D01
64fa2393-e901-41c4-96c2-d2d50231b9e2,DCQ,7510205,7510205,D07
59cf541a-b9be-4211-a1df-bbd6e828380b,DCQ,7510605,7510605,A00
8180bb01-f7f5-4cec-b9c1-931e0864122e,DCQ,7510605,7510605,A01
52a8756a-e00e-4c26-9945-0da60e5199af,DCQ,7510605,7510605,C00
941f0399-e18e-48b4-9c59-106522a17517,DCQ,7510605,7510605,D01
02e1ae73-2abe-4814-b307-a0895bea7106,DCQ,7810103,7810103,A00
3ba24815-72bf-4149-9c47-f95bdb0ec758,DCQ,7810103,7810103,A01
7927c18a-c0c2-4063-9d6d-899ce26255e6,DCQ,7810103,7810103,C00
3c9025bf-5a00-4341-9d49-4d4994b23486,DCQ,7810103,7810103,D01
74ebea3f-e90f-4a9e-814c-ff35eec660ef,DCQ,7310106,7310106,A00
4d1c082b-5fd0-488f-8d36-10462e1c819a,DCQ,7310106,7310106,A01
a7c14391-b4f6-4593-9bd6-4c6b3d437240,DCQ,7310106,7310106,D01
b02d18d5-bff9-425d-935c-fc85653acfa1,DCQ,7310106,7310106,D07
0e609292-8dd8-4e49-93bf-fc88a673e424,DCQ,7310205,7310205,C00
dea43c22-fecb-45d5-937b-18559e71f984,DCQ,7340202,7340202,A00
6c676b2b-3afe-480d-ab22-a55a5e08b914,DCQ,7340202,7340202,A01
80b75a95-4dcb-4d7e-8c5d-645ebe497f75,DCQ,7340202,7340202,D01
3794a4fa-1f4a-43ed-a2b8-4352db70011f,DCQ,7340202,7340202,D07
e6dfaf5f-b66c-4beb-adba-994149444992,DCQ,7310106,7310106,C00
48522567-7f49-4adb-a0bb-63bf9a0be969,DCQ,7510605,7510605,D07
93cb8ed9-9d46-4a78-8f16-440dcf33cc9a,DCQ,7220201,7220201,D10
1bda995e-06fc-4390-b63e-235b00654604,DCQ,7220201,7220201,D15
0cef1727-fcde-47f5-a0f5-1a550f0e4814,DCQ,7220204,7220204,D10
25f061f0-444c-4c4b-9a81-5af977f952eb,DCQ,7220204,7220204,D15
e6ae2211-3bcf-437d-8c61-f986d339c992,DCQ,7310205,7310205,D15
825bd69e-8f68-4306-a0dd-14707be71b2f,DCQ,7340205,7340205,A00
e0f163cc-11f7-4dea-9fa6-1e41ffd06afc,DCQ,7340205,7340205,A01
c7e41035-a744-4830-81ed-03327bc88e74,DCQ,7340205,7340205,D01
15b49478-d23a-4a81-b44c-810514d21ebe,DCQ,7340205,7340205,D07
a4932597-f7ca-478b-946d-a783626b3528,DCQ,7380107,7380107,D14
93c1d747-4f89-47d5-9571-2f5be498f3cc,DCQ,7810103,7810103,D14
b06aa25e-2ebb-425d-b117-048e7bc1a1a5,DCQ,7810103,7810103,D15
ff8f6f1d-a3e5-46fa-8223-4a242daa51dc,DCQ,7310106,7310106,X02
1777d984-5ee8-4808-85f5-cb1a0875c6ab,DCQ,7310106,7310106,X25
51b2976f-0b21-49b8-ac3e-83319f2369c3,DCQ,7340101,7340101,X02
3f81ea4e-a3d4-4d9e-807e-8521f377724e,DCQ,7340101,7340101,X25
34f0694b-29c1-4faa-98de-ad38312a1d70,DCQ,7340101,7340101,X53
1272ebf1-6c3a-4073-8706-59e708258dff,DCQ,7340115,7340115,D01
c407f1ab-d906-4778-bea9-49bd74403f4d,DCQ,7340115,7340115,X02
66b4628a-61d3-417d-9666-f9cd32f75ad7,DCQ,7340115,7340115,X25
db2b13f7-2614-4412-b86b-f611cf07a286,DCQ,7340115,7340115,X53
fa7661e5-ba62-4118-94f9-20897570134f,DCQ,7340116,7340116,X02
dd8b001d-7cef-46b9-87b5-fb34fef0b921,DCQ,7340116,7340116,X25
d30b4181-485b-4903-800a-bca37dd61bde,DCQ,7340201,7340201,X02
e29b6f6d-7374-4577-a503-3ed39c0e2a90,DCQ,7340201,7340201,X25
5590eac5-6be4-4154-84d1-c821dc291d1a,DCQ,7340201,7340201,X53
4b6d3846-69d6-4931-af59-1be776859c82,DCQ,7340205,7340205,X02
a3f7896a-a3aa-4a9e-986c-8f9dddf4afad,DCQ,7340205,7340205,X25
41629fc6-fa0e-4afc-92a5-400b4745671b,DCQ,7340205,7340205,X53
7c0bd57c-c415-4b59-9d9b-a1f502844519,DCQ,7340301,7340301,X02
fae362ca-2530-4562-817d-6a2f70c61ef0,DCQ,7340301,7340301,X25
51930e4a-f46e-4fc0-bdf4-392145a9a002,DCQ,7340301,7340301,X53
f60a9066-ca08-4b55-b15b-71dd0e47d1b9,DCQ,7380101,7380101,C00
23761f8f-9710-489a-978b-44f0609deba9,DCQ,7380101,7380101,D01
882694fd-ca3e-4b0f-84d5-49941fbc6ead,DCQ,7380101,7380101,D14
1d8560c7-03c1-4ec7-ba13-2282cfb87610,DCQ,7380101,7380101,X25
7aa3aaf6-686f-44c9-860b-95f978ef6da3,DCQ,7380107,7380107,X25
5eebac02-5197-4bf3-8e7b-0a34d8b8245a,DCQ,7480103,7480103,X02
f8f84fd9-3e9f-459a-b039-2a34ef5f22f6,DCQ,7480103,7480103,X18
4392a596-c8ac-4bb4-a101-577a68e9ad54,DCQ,7480103,7480103,X26
3e7a3d3b-e0bf-48c2-89e9-01c4a0724bce,DCQ,7480201,7480201,X02
d49b1a0a-3486-40d1-ae4e-6ea6f8de9dcc,DCQ,7480201,7480201,X18
4189d432-f44a-442d-af2e-8017bd3f50fe,DCQ,7480201,7480201,X26
124018ef-c181-4dc0-abf6-d1b843980c2a,DCQ,7510205,7510205,X04
1d75c261-a07e-496b-8bd0-b7c06bad8a1f,DCQ,7510205,7510205,X07
7c8113d0-1cce-474c-84b0-a62245e8cf91,DCQ,7510605,7510605,X22
acf04c22-afd2-4a87-bf08-f63bae1ba018,DDU,7340101,7340101,A00
aadc3253-40c8-48f9-b1da-b7673476bb09,DDU,7340101,7340101,A01
6af69fe2-5b79-4543-9807-a9dbecea6ef0,DDU,7340101,7340101,B00
da7e0d84-3335-4ffb-9e13-562f264652b8,DDU,7340101,7340101,D01
b0fc4b24-428c-46f4-b44a-5da9a77412a1,DDU,7380107,7380107,A00
2582cf11-0710-4871-9f51-ece3a1173db8,DDU,7380107,7380107,A01
15649363-0614-4fcb-ac2e-974a2031afd4,DDU,7380107,7380107,C00
c2e7ce27-8d8f-4d50-bc78-4ff2ffd4e296,DDU,7380107,7380107,D01
85bf6e8d-91f7-4407-a6a1-b9cd582bb18b,DDU,7580201,7580201,A00
8a254480-1c05-422e-9798-3988f7727e99,DDU,7580201,7580201,A01
58a20dae-01bb-4b51-964f-30ec3d9e1746,DDU,7580201,7580201,B00
772ce54e-d66d-49db-a6a5-b24f74b9165d,DDU,7580201,7580201,D01
100ead03-200a-407a-89ec-b7a173e42fb3,DDU,7640101,7640101,A00
2760617e-f64f-4089-a8fe-9b23bef983d5,DDU,7640101,7640101,A01
1901c605-554c-4dcb-993e-cbcaf4210a32,DDU,7640101,7640101,B00
aaf507e2-56f3-4e1f-9f5a-2b73f359180e,DDU,7640101,7640101,D01
dd83afdc-309e-45cc-934f-05e858619e80,DDU,7720201,7720201,A00
d8bbd0d0-ecaf-42fa-8613-01a2cedea6e8,DDU,7720201,7720201,A02
dc471b5d-4824-4eac-bfa8-ee326b958586,DDU,7720201,7720201,B00
f2a47ed4-e65e-4d2c-a57f-efac933b7a71,DDU,7720201,7720201,D07
64e7e73d-ad2a-4cc0-8ff8-20071adb3b6b,DDU,7220204,7220204,A01
585b515d-a20e-48c1-81a6-e9f80a45e081,DDU,7220204,7220204,D01
7e089ea4-9a6b-4f7a-b696-d9802280b1fa,DDU,7220204,7220204,D04
cda310db-e543-45ab-87a5-7c4dc9bd8771,DDU,7220204,7220204,D20
9b6e86cb-0cf2-4107-832f-6cd09d662203,DDU,7240301,7240301,A00
4f841528-5737-4687-ba2c-af1beed9226c,DDU,7240301,7240301,A01
5fbe6b25-6a4b-4403-8104-4839ca99381e,DDU,7240301,7240301,B00
aa672143-3db7-40b6-9377-5cc3b3123c19,DDU,7240301,7240301,D01
cee11bc4-8945-47a4-8496-6775d3a7d984,DDU,7310205,7310205,A00
55da8c4c-fd49-4cca-8742-c0a95fc5940b,DDU,7310205,7310205,A01
7cfe6e99-646b-41f7-a0f7-ec2382293989,DDU,7310205,7310205,C00
745bfb01-f7a2-4793-9261-f417c89cf3df,DDU,7310205,7310205,D01
f5e59aa6-fc7c-444c-8455-c28a2dbd3cfc,DDU,7340122,7340122,A00
541ebc81-b815-4095-bf2b-c22312aeb09f,DDU,7340122,7340122,A01
a493ee61-4215-4b04-924d-b7969b2e38ee,DDU,7340122,7340122,D01
be261682-2279-4aa7-9d9f-cfc53404cc56,DDU,7340122,7340122,D07
24d460b8-6053-40ea-a848-b7237289fd11,DDU,7340201,7340201,A00
321c6d58-28eb-4c0a-9ece-2d6b03e32c59,DDU,7340201,7340201,A01
1950b709-60b5-47d9-977e-342fca6f3dae,DDU,7340201,7340201,B00
4166cfed-1e3e-47c8-b319-5f70a6fe0134,DDU,7340201,7340201,D01
aba3284f-a074-463d-9277-63a9521b08bf,DDU,7480201,7480201,A00
aecd0d69-d474-44fe-bc95-3a848303f1bb,DDU,7480201,7480201,A01
244e960a-4209-413d-b83b-5f4c3d30d1a1,DDU,7480201,7480201,A02
0ad25f58-1a00-4b00-866f-277f12127ff3,DDU,7480201,7480201,D01
4ad89052-9438-41af-b8ab-3ef53877352f,DDU,7510205,7510205,A00
618b75ce-214e-4ee1-adb4-8c2eeacd271e,DDU,7510205,7510205,A01
30df9580-9fd3-4a98-a2d9-7edbcf3e620d,DDU,7510205,7510205,B00
4f4f09f9-7252-4788-8e70-c12958372352,DDU,7510205,7510205,D07
bb4eb5f7-0115-4899-a87c-91a0ec0f9ea1,DDU,7510406,7510406,A00
f0850cb2-b7ce-4a8c-91a0-f9fa4d987142,DDU,7510406,7510406,A01
311d6839-fb8e-44c9-a1cf-e008a16c9211,DDU,7510406,7510406,D01
a859d4df-cf02-4f9e-804a-855ebf87cf51,DDU,7510406,7510406,D07
48501417-dc48-4909-ac1b-28647ebcc1d4,DDU,7580101,7580101,A00
6697393f-09fc-44c5-b516-e0db5dd63a73,DDU,7720601,7720601,A00
e95ce987-08e9-4d6b-b66b-4a1a643e0138,DDU,7720601,7720601,A02
9e045235-8387-4307-9e01-1c5693c62027,DDU,7720601,7720601,B00
e4405340-8f5d-4279-84b2-a49595222b88,DDU,7720601,7720601,D07
aa4f9983-6959-48e0-b613-700e2e80720b,DDU,7220204,7220204,A00
005414fd-1cce-427b-9a6e-8f5db5415f7a,DDU,7220209,7220209,A01
695e16a3-c90a-436d-a932-f3872e287e6d,DDU,7220209,7220209,C00
cfa34816-bfeb-49b2-9065-d5d7892f73ff,DDU,7220209,7220209,D01
965f8f48-36d7-4ba4-abe5-f080875afb43,DDU,7220209,7220209,D14
1a91d49c-f5bb-4f00-9d66-368acccaf033,DDU,7510406,7510406,B00
87b45eed-39c1-49dd-bf23-5e5e6cf07379,DDU,7580101,7580101,H00
4b628b89-b2ad-41fb-bee7-b0f82fd74d1c,DDU,7580101,7580101,V00
7ed165e2-6d9a-4261-abfb-1700ef81fce6,DDU,7580101,7580101,V01
d74d2b84-de94-4c03-9151-21bf8325b46f,DDU,7580101,7580101,V02
2b974251-72c7-4164-8e17-bd5540c01e0a,DDU,7720201,7720201,A01
393eaf57-054f-43c1-ac22-22f72ddf1163,DDU,7720201,7720201,B08
74d5f509-db6f-4c48-9f05-f7904abbcbbf,DDU,7220204,7220204,C00
0fb22982-20ee-4b20-876d-fc799bbfcea6,DDU,7220209,7220209,A00
76c42605-c90a-45d3-9a18-b85c4fd47f47,DDU,7220209,7220209,D04
12bf28eb-1a1b-4cd1-ba4d-541ec51f65d6,DDU,7220210,7220210,A00
031a4cf5-ca92-441f-9279-327727f95ec9,DDU,7220210,7220210,C00
95e0363b-a304-42ef-9daf-e802054eb12b,DDU,7220210,7220210,D01
a62d703d-c71a-48d4-892e-fec2a3089fed,DDU,7310205,7310205,B00
957922c0-4c95-47ea-9ea6-ba08e4b65b46,DDU,7340301,7340301,A00
be887e73-be99-4ee9-8c1b-79f6274f823e,DDU,7340301,7340301,A01
6d667ec0-b2c0-4e47-8090-287b733230f1,DDU,7340301,7340301,B00
08d89562-9032-4d4c-8a90-6c4661566e70,DDU,7340301,7340301,D01
f16cf515-45d9-41c4-87dd-c8373b11cc3a,DDU,7580101,7580101,H01
756bb076-8998-4619-ab4e-c908e17cab07,DDU,7580101,7580101,H04
42ff512b-0999-45b8-a4ea-7a88c4681984,DDU,7720301,7720301,A00
bb308fa1-3124-44fb-bd30-e22ac2add92e,DDU,7720301,7720301,A01
4a890509-d9ee-4e1f-8e9a-30c85d7d9f9a,DDU,7720301,7720301,B00
0ba273e2-43ce-430c-aba0-680c73637df7,DDU,7720301,7720301,B08
8c332142-1649-4e00-aa09-3c2b7e5e8230,DDU,7220204,7220204,D14
d77f8ff7-0b70-4a25-9e59-40fcf0d36757,DDU,7220204,7220204,X70
30599bba-2ce8-4a0c-b954-336d4bd60bd7,DDU,7220209,7220209,D06
4beff711-a202-486b-b49b-5055ba2cb6ee,DDU,7220209,7220209,X70
3a3ad3c4-9ae2-4b2c-8c4e-29a5ba242b4c,DDU,7220210,7220210,A01
7e2b0b2f-6b2c-4baf-b1bc-097026318133,DDU,7220210,7220210,D14
c013d443-a35b-491e-bd21-4132087d9c9b,DDU,7220210,7220210,X70
7a568ae3-f720-4885-812a-2e7e7a6116c1,DDU,7310205,7310205,X01
6d576aa4-bb68-4659-89f5-fa61075f05fa,DDU,7310205,7310205,X70
bab2892e-b92a-4a94-b2ed-2d9fcc793f5d,DDU,7340101,7340101,C00
7c4593c7-0b38-4b34-97eb-6d5716090148,DDU,7340101,7340101,X01
bc6095aa-23af-4ed2-bfda-48d47b3d6833,DDU,7340101,7340101,X21
c5248f78-40d8-45f4-8e0c-cfb81edb79d9,DDU,7340122,7340122,C00
2680c268-f415-4176-9c40-80af25345ddf,DDU,7340122,7340122,X01
bd1caf24-4885-458a-ae65-3c6c5f9d3d40,DDU,7340122,7340122,X26
e24bcb31-8a5a-4575-a9e2-f3533ac431cb,DDU,7340201,7340201,C00
5c4814c5-8ea3-4b59-9dad-90a38abf9d78,DDU,7340201,7340201,X01
daa9eb3b-7e41-478a-a5c4-ca6fb14f2759,DDU,7340201,7340201,X21
a9901876-a00e-4493-b3c8-2c79a13256b0,DDU,7340301,7340301,C00
5b37d92a-2f4d-4c2d-8aa6-cb6259d5ba55,DDU,7340301,7340301,X01
0a0ddaa4-fe4b-4586-be0f-7aa8ab2bcd89,DDU,7340301,7340301,X21
a509303a-c5a2-4aaf-a4be-f73582c271c3,DDU,7380107,7380107,X01
786b8b7d-e23f-40b3-a3f1-b5b6c530119c,DDU,7380107,7380107,X70
f22dadb2-af3c-405c-9977-8ee4ecf3fbd7,DDU,7480201,7480201,X02
48cbb0c0-102e-4e00-9d95-f4a319decaa5,DDU,7480201,7480201,X06
47fbfc5a-8148-466c-a181-ca690a37dd20,DDU,7480201,7480201,X26
28b8855f-48a4-45ad-969d-9eb69674e4d2,DDU,7510205,7510205,D01
b7734b49-c87c-43b6-a3b7-f16a96946df7,DDU,7510205,7510205,X03
a7eb6ac9-2b64-4302-9da6-5d8b694c81a1,DDU,7510205,7510205,X07
8e8ead24-75f3-4dde-b0e1-6eef34606c2f,DDU,7510205,7510205,X27
f4f8a369-5346-4202-a8d3-c5a0d6a9e272,DDU,7640101,7640101,B08
a4cc90cf-04e4-4993-8c81-4c5392d57ecb,DDU,7640101,7640101,X13
29304549-cfd6-4590-838d-7501f79786e5,DDU,7720201,7720201,X13
c96d5299-e297-4e5e-860c-d119f8d2061e,DDU,7720301,7720301,D07
0dcc7c8e-dd2f-48a8-87d9-82c0930cb907,DDU,7720301,7720301,X13
6ef3d195-fe11-4691-aa1c-de4386ac446e,DDU,7720601,7720601,A01
ff91ce8e-3b64-4f42-8518-0094cd1b325c,DDU,7720601,7720601,B08
75f0663e-f345-4850-a2af-7a02d5439192,DDU,7720601,7720601,X13
