id,university_short_name,program_source_code,major_code,subject_group_code
6c580896-be57-4d29-a5bf-9ec2c8935a6a,CSH,7860100,7860100,A00
fa831d19-d0d9-4ccc-a16b-5f33549ba069,CSH,7860100,7860100,C03
50382869-93cc-4aba-8e6b-84c6e17a11f5,CSH,7860100,7860100,D01
e56a02b2-053e-4570-9c9a-104afd12a0f1,CSH,7860100,7860100,A01
4dc56a9f-64e2-4402-905e-2dcc99e00e01,CSH,7860100_Nam_1,7860100,A00
7a7e026e-fcb2-4147-b474-4d40b82388ca,CSH,7860100_Nam_1,7860100,A01
ed8964c2-54ce-4304-895c-6f73d8db421f,CSH,7860100_Nam_1,7860100,C03
8c2dcc93-d0a4-4290-bebd-f66bea4de407,CSH,7860100_Nam_1,7860100,D01
4def68a9-3035-414c-8ddc-3861a50d430d,CSH,7860100_Nam_2,7860100,A00
e720b80c-b4a6-448e-8551-5f3b6abaf6ec,CSH,7860100_Nam_2,7860100,A01
38eb1873-9d52-4e76-b7ad-ade311764822,CSH,7860100_Nam_2,7860100,C03
2cc07622-5221-4a58-92c8-d89ddba9b36e,CSH,7860100_Nam_2,7860100,D01
91d283ab-7a98-408b-bb76-875bc9719fac,CSH,7860100_Nam_3,7860100,A00
85fea963-61c3-4f00-a4b7-caba55b65857,CSH,7860100_Nam_3,7860100,A01
6ed6648d-4f00-4154-a2cd-546bab4f6e2e,CSH,7860100_Nam_3,7860100,C03
73bcab65-b8a8-41f4-b8b0-a4f5b3b8bab7,CSH,7860100_Nam_3,7860100,D01
7acfe138-784a-4dc7-80cd-2c68ed6ff29d,CSH,7860100_Nam_8,7860100,A00
19fa0192-2573-488c-8ef3-39b012343441,CSH,7860100_Nam_8,7860100,A01
b4d585e4-49e6-46cb-bccd-ad2b8b925407,CSH,7860100_Nam_8,7860100,C03
968dda10-0b00-4e7a-838d-ad59fa4d90b3,CSH,7860100_Nam_8,7860100,D01
3470d316-4d22-492e-bbe2-66b62bf82deb,CSH,7860100_Nu_1,7860100,A00
5ee5bb1a-6ea3-4395-8e6e-9119ae7de6b3,CSH,7860100_Nu_1,7860100,A01
e5a70656-2966-4070-9523-5be63fe1ea17,CSH,7860100_Nu_1,7860100,C03
110c0380-db27-43dd-b49c-ad4632c1932b,CSH,7860100_Nu_1,7860100,D01
169836b4-0ab8-451c-ac55-c2d78de1803e,CSH,7860100_Nu_2,7860100,A00
e9d11950-99c3-48c8-8958-697889ab761c,CSH,7860100_Nu_2,7860100,A01
ef3d7667-958c-4cf5-b608-f1b27e31eeca,CSH,7860100_Nu_2,7860100,C03
d8d6499b-ad8d-4a8a-8653-68376d799828,CSH,7860100_Nu_2,7860100,D01
750df741-46a5-4828-99f8-f128e68f8921,CSH,7860100_Nu_3,7860100,A00
1db3f3b1-71ea-4131-b812-cc78fcc0f3fa,CSH,7860100_Nu_3,7860100,A01
467ab1bc-63bc-47be-a1a7-613523892fe3,CSH,7860100_Nu_3,7860100,C03
ba2b0916-1504-4947-9cff-c5b5f9420df0,CSH,7860100_Nu_3,7860100,D01
0fbc09b3-c34a-4335-9806-99196a3c2685,CSH,7860100_Nu_8,7860100,A00
5d3cd3fe-05d6-46db-870a-d6b3c95368ca,CSH,7860100_Nu_8,7860100,A01
fb1a5eb0-f92d-4954-8cc7-0df6d1315a8d,CSH,7860100_Nu_8,7860100,C03
e05c71ba-e07f-43c9-af02-84027f4497fd,CSH,7860100_Nu_8,7860100,D01
fb8927df-cc55-4aba-a919-442179edd2f5,CSH,7860100_Nam_1,7860100,X02
edc7027f-df4f-4f1c-90e1-779806ce62e2,CSH,7860100_Nam_1,7860100,X03
640cb7f2-1efd-4fc5-9c3e-a05ce0b8dbbb,CSH,7860100_Nam_1,7860100,X04
54ea9354-6eeb-4e3e-bd94-46fe5d7e1f6d,CSH,7860100_Nam_2,7860100,X02
16db2d41-cb72-4c35-a131-64e4d53bf51a,CSH,7860100_Nam_2,7860100,X03
2e85275c-315d-4e6e-8cee-ca690f22114e,CSH,7860100_Nam_2,7860100,X04
d8cbe2ef-0e66-4285-93ca-35769759697b,CSH,7860100_Nam_3,7860100,X02
46ef771e-8994-4504-a626-b172b33f0ec8,CSH,7860100_Nam_3,7860100,X03
65f1ebb7-0d15-4537-b54d-29789c52799c,CSH,7860100_Nam_3,7860100,X04
00c086f2-ea77-4a3d-a988-928f6230d013,CSH,7860100_Nam_8,7860100,X02
34cc4e94-53b3-442c-bfd4-5139a822997b,CSH,7860100_Nam_8,7860100,X03
fa017366-b031-4b78-9e9a-aaca37770dcd,CSH,7860100_Nam_8,7860100,X04
f79a7f1c-df52-48e1-a2aa-021730875cdb,CSH,7860100_Nu_1,7860100,X02
48abc219-e114-40f6-a587-171eb33f0d74,CSH,7860100_Nu_1,7860100,X03
d5d02669-7ebb-478d-8ba8-bd79b599e040,CSH,7860100_Nu_1,7860100,X04
2575d2ea-fab2-44cc-a749-1244418223db,CSH,7860100_Nu_2,7860100,X02
bebd158f-2ab4-424b-9922-20f34a184498,CSH,7860100_Nu_2,7860100,X03
f0c52e15-0e8a-421d-97c7-11295d019166,CSH,7860100_Nu_2,7860100,X04
650c29b9-fe65-47af-ace9-7a0fd436c4e7,CSH,7860100_Nu_3,7860100,X02
4b9834e6-419d-40b0-a1f1-9191bc33a323,CSH,7860100_Nu_3,7860100,X03
07f5a59e-6eb8-4f25-8772-5206ef70f3c3,CSH,7860100_Nu_3,7860100,X04
e119176f-d2fd-46c6-9a24-f9dcbae0e66e,CSH,7860100_Nu_8,7860100,X02
8c6c68e7-94bb-4af5-9f2b-a0a70c74b47f,CSH,7860100_Nu_8,7860100,X03
bb442174-cf60-413d-a48d-ad3c59f4c94c,CSH,7860100_Nu_8,7860100,X04
c09910b9-8eb6-49f0-bb5a-1b4c2c5b157a,ANH,7480202,7480202,A00
e40cd17c-1618-4f94-af86-7c1e9fc20c81,ANH,7480202,7480202,A01
b9d5b36d-0898-4f97-b608-31867417a5ab,ANH,7720101,7720101,B00
14748c4d-97ba-46ee-b075-3e85917f8902,ANH,7860100,7860100,A01
114a7c93-af28-4e66-ac07-debe5287f8e4,ANH,7860100,7860100,A00
94b6314e-1492-43ba-a4aa-6296704353e2,ANH,7860100,7860100,C03
fb9e365b-1a7b-4bfa-9919-61a375b3e883,ANH,7860100,7860100,D01
ad70cadd-3d95-4b12-9feb-d553f042b4f3,ANH,7480201_Nam,7480201,A00
0f16602b-1bcd-411b-8923-e89eea688f3a,ANH,7480201_Nam,7480201,A01
6274aeee-eee2-42c2-9b60-af49417791e2,ANH,7720101_Nam,7720101,A00
6dffafb0-7bbc-4499-972b-67f4132212b4,ANH,7720101_Nam,7720101,B00
72782922-5268-42dd-a7ce-10f4c05659fa,ANH,7720101_Nu,7720101,A00
224c6fd7-edd2-4437-80e0-c96a9c3c1e1a,ANH,7720101_Nu,7720101,B00
1c3ceb37-2431-4723-afef-9392e136f1f1,ANH,7860100_Nam_1,7860100,A00
97a5698d-a31f-413d-aa04-eb4aae44c93b,ANH,7860100_Nam_1,7860100,A01
4262f3d9-e773-4306-b012-04662c710879,ANH,7860100_Nam_1,7860100,C03
89719552-c2c3-46e8-af91-2538546364f3,ANH,7860100_Nam_1,7860100,D01
b6c42870-d005-45cc-ad90-8a3b99f2a079,ANH,7860100_Nam_2,7860100,A00
600e1b65-66cb-42f0-981a-3a6d1205ea17,ANH,7860100_Nam_2,7860100,A01
ed9d2e8a-319b-4b68-8bd9-322ba75ac9a2,ANH,7860100_Nam_2,7860100,C03
43a04fc9-c513-4484-abb4-4c59f9d991ef,ANH,7860100_Nam_2,7860100,D01
1a657247-2f46-4d5a-8793-ebfb4f64f5bd,ANH,7860100_Nam_3,7860100,A00
f2d5d8b9-6547-4b9d-8fc4-5ecc3ae96e36,ANH,7860100_Nam_3,7860100,A01
bf47ca9d-495e-4b08-a0d9-2eb6e8967aea,ANH,7860100_Nam_3,7860100,C03
78207acb-6968-48bb-b895-c21d2a72a710,ANH,7860100_Nam_3,7860100,D01
0a1e9e08-817e-4ce9-9c4f-819647ffbb30,ANH,7860100_Nam_8,7860100,A00
5123b8d3-169e-4652-aa73-9e515738e6f9,ANH,7860100_Nam_8,7860100,A01
b7514832-77a2-411f-957a-3b2c674f1350,ANH,7860100_Nam_8,7860100,C03
69c58585-eac3-476b-a254-a9d0c4118bbc,ANH,7860100_Nam_8,7860100,D01
d71d5d06-09cc-4645-bf22-66dbb4b000b0,ANH,7860100_Nu_1,7860100,A00
67c3c5e0-036c-4b4b-8e4e-1fc81c5c8747,ANH,7860100_Nu_1,7860100,A01
73c9eede-8c41-48cb-a68c-b383753c6701,ANH,7860100_Nu_1,7860100,C03
027bc0b6-a785-4c7c-a355-f6bb4fe33dcb,ANH,7860100_Nu_1,7860100,D01
2b3f909e-0f89-4cee-b769-1a633ba0aa79,ANH,7860100_Nu_2,7860100,A00
3e2591cd-ff51-48a8-9415-661c6468edab,ANH,7860100_Nu_2,7860100,A01
1c21cec9-d290-430c-9dc9-a24a985de6c4,ANH,7860100_Nu_2,7860100,C03
3943a82c-6b81-4e6a-9686-e5bcc63604e5,ANH,7860100_Nu_2,7860100,D01
dce0a59c-f425-4f12-bfa0-4e7ef952a4ef,ANH,7860100_Nu_3,7860100,A00
680d8cd6-cc39-4776-a030-923799584c00,ANH,7860100_Nu_3,7860100,A01
44387644-1cbc-4b76-bbc5-86944c50a3fc,ANH,7860100_Nu_3,7860100,C03
43ef7a58-cdd3-4cf0-b213-181aba9c59dd,ANH,7860100_Nu_3,7860100,D01
6bfa111d-ec84-4dc8-8553-a3554b21c7bc,ANH,7860100_Nu_8,7860100,A00
1ac2f4ec-f1c1-457c-baf1-f0ea0a4b13f8,ANH,7860100_Nu_8,7860100,A01
298a9baa-6727-4984-bd9c-e342c5b0bc86,ANH,7860100_Nu_8,7860100,C03
9b54d12b-5a92-48d9-9f25-2396717504c4,ANH,7860100_Nu_8,7860100,D01
3a5e415c-3d74-444f-bb0c-5ae87693fdc1,ANH,7860114_Nam_B,7860114,A00
a1b53833-ff09-48bf-a264-db466aa5aed8,ANH,7860114_Nam_B,7860114,A01
23f08d97-7936-4f27-a896-6b80f69b7918,ANH,7860114_Nam_N,7860114,A00
c1f9584e-fae2-4d74-9e92-e536309fe98a,ANH,7860114_Nam_N,7860114,A01
9f4fe9d6-8125-42ad-a693-023edfa91671,ANH,7860114_Nu_B,7860114,A00
9ccf0da5-181e-447a-ac41-30fef326aff9,ANH,7860114_Nu_B,7860114,A01
fc144ef3-1680-4141-9dab-23bc3651aa3d,ANH,7860114_Nu_N,7860114,A00
b65a9e0f-a841-4878-b9e6-a9e7acc3d301,ANH,7860114_Nu_N,7860114,A01
0bb0d4c1-6729-493d-92ad-2e82f96a501d,ANH,7480201_Nam,7480201,X26
5d248924-f06a-4023-b5bc-edfb9508384e,ANH,7480201_Nam,7480201,X27
b4819f9a-b461-4738-a731-aa77f043fef7,ANH,7480201_Nam,7480201,X28
976ebb86-c8f9-4328-881b-6555e5f99165,ANH,7860100_Nam_1,7860100,X02
b86fec6c-6a79-4023-8b72-65af22b3b8c4,ANH,7860100_Nam_1,7860100,X03
1688efc8-65a7-444d-903a-1dffee016a02,ANH,7860100_Nam_1,7860100,X04
a893317c-8851-4056-8530-a76f16ec6af8,ANH,7860100_Nam_2,7860100,X02
ba9d9653-b190-4ef4-be23-f49b28dd1f1b,ANH,7860100_Nam_2,7860100,X03
9a33fce9-cd9c-4855-925e-58787460a080,ANH,7860100_Nam_2,7860100,X04
4d8f5b80-577d-460f-8a3f-0f6144dcbe11,ANH,7860100_Nam_3,7860100,X02
be36a668-df74-4ea9-aab3-b8f16d4cd01b,ANH,7860100_Nam_3,7860100,X03
a6f3de10-46da-4e7c-9383-bcf236f362c3,ANH,7860100_Nam_3,7860100,X04
5ba8a879-99eb-4079-990a-5a7830ae5ae9,ANH,7860100_Nam_8,7860100,X02
6e9fc2e8-a1c1-4d17-87d3-0547138ebb0b,ANH,7860100_Nam_8,7860100,X03
4a721e56-2719-45c0-903f-4a11e3fdf15c,ANH,7860100_Nam_8,7860100,X04
cbf8fd8a-059d-48fa-bb5d-b5e342d64a92,ANH,7860100_Nu_1,7860100,X02
cccbfd6d-718c-4f76-b4b0-8a95492e560c,ANH,7860100_Nu_1,7860100,X03
c012e68e-0adc-4e23-82c4-77a855c415a6,ANH,7860100_Nu_1,7860100,X04
5101dbdc-ddbc-4cdf-b7e6-0b96fd962220,ANH,7860100_Nu_2,7860100,X02
bdfea069-4333-429b-ab88-b1fb7072fc2a,ANH,7860100_Nu_2,7860100,X03
121def93-6fff-42af-9bab-c814e53e486a,ANH,7860100_Nu_2,7860100,X04
207061ee-38c4-4797-b488-6f898d3b8535,ANH,7860100_Nu_3,7860100,X02
a5626590-94e3-465b-bafb-181985eefe23,ANH,7860100_Nu_3,7860100,X03
f097fd95-e4b5-4e9c-be5f-09fd3ffcd6f9,ANH,7860100_Nu_3,7860100,X04
e423d19d-f28b-4c2b-b3b0-d0101b7d8dc1,ANH,7860100_Nu_8,7860100,X02
3c640a01-1d33-4ee1-8f9f-3f5f7d38f4bd,ANH,7860100_Nu_8,7860100,X03
e838c73b-2bec-4898-8a6d-eb0bb3e6f48b,ANH,7860100_Nu_8,7860100,X04
5faf3d49-6460-4a32-a94b-0e3b3b81f98e,ANH,7860114_Nam_B,7860114,X26
b078ba32-e8db-4e82-b106-f3c48ce3432c,ANH,7860114_Nam_B,7860114,X27
aa3585ee-941d-487c-b719-759949e91f18,ANH,7860114_Nam_B,7860114,X28
a7d651dd-daa4-4ab0-b2b6-f805c966f6b3,ANH,7860114_Nam_N,7860114,X26
de4545ed-dcdd-4046-8be3-051f25f65cba,ANH,7860114_Nam_N,7860114,X27
0b491d24-b57c-45c5-ba99-aab299d0b802,ANH,7860114_Nam_N,7860114,X28
14e26f37-af47-49ac-8416-36bb0cdb44da,ANH,7860114_Nu_B,7860114,X26
64927858-0e73-4be4-a91e-b05a6a63650e,ANH,7860114_Nu_B,7860114,X27
f715b8ad-9094-4da3-a1b3-a62d0b72e2ae,ANH,7860114_Nu_B,7860114,X28
509ed854-b732-4cf5-9515-78a4b93269a3,ANH,7860114_Nu_N,7860114,X26
1b68dc6b-8bc7-4df6-a676-284183f78581,ANH,7860114_Nu_N,7860114,X27
bc26154f-6f08-4a08-9e6d-10157c33539d,ANH,7860114_Nu_N,7860114,X28
caa05a35-166a-4c51-b4ce-813e9cf0ab99,BPH,7380101,7380101,C00
eaa8d029-b527-46d3-afca-c128f176298a,BPH,7860214,7860214,A01
5e83357b-8378-4aae-9960-8766068db26a,BPH,7860214,7860214,C00
0972d629-179d-4246-96e0-9d581f073d89,BPH,7380101_B,7380101,C00
e7b28844-331e-4d5d-b2ea-63f2e33857ac,BPH,7380101_N,7380101,C00
b9b598e6-22be-4315-a4fb-26af18426f92,BPH,7860214_A01_4,7860214,C03
b0cd0e4c-14c2-4fc2-9204-64f99e4b71eb,BPH,7860214_A01_5,7860214,C03
de700462-1669-4da3-a45d-f919498f806a,BPH,7860214_A01_7,7860214,C03
b5eeccbe-260e-4d91-a188-447a9f61e495,BPH,7860214_A01_9,7860214,C03
d61bce7f-842b-4ec1-b8b2-475cb31ea658,BPH,7860214_B_A01,7860214,A01
c84b4f12-4c79-41b5-92b0-5e4d62b73499,BPH,7860214_B_C00,7860214,C00
c10234c5-b019-4923-a7f9-e607b6a60c6f,BPH,7860214_C00_4,7860214,C03
e903a603-441f-4e3c-8abe-66b81fe7c219,BPH,7860214_C00_5,7860214,C03
7157f5a6-6db5-42cc-863b-d0d0d38125bf,BPH,7860214_C00_7,7860214,C03
640c143b-3973-42cb-9695-4fb3fa769a5d,BPH,7860214_C00_9,7860214,C03
a0100e4a-894c-4fcc-a515-949ff70354db,BPH,7380101_B_C00,7380101,C00
d13d00f2-c671-4cc8-a1f2-d7e71ba0e1b6,BPH,7380101_B_C01,7380101,C01
c999f961-088c-4442-b239-0d3b4e5f45e8,BPH,7380101_B_C01,7380101,D01
8bac8efa-3317-4bb5-a916-5a86615f1da6,BPH,7380101_B_C03,7380101,C03
133a9336-ecb2-4797-9852-c438d6fc33eb,BPH,7380101_N_C01,7380101,C01
1c7aa601-8209-47ab-9abe-ae1a93b765bb,BPH,7380101_N_C01,7380101,D01
94db0939-16b0-43d3-9540-91042f45c266,BPH,7380101_N_C03,7380101,C03
52accb04-c9f6-42c7-9a64-5281b382c1b5,BPH,7860214_B_C01,7860214,C01
cddae54a-0418-4e95-8e66-99fef043bd74,BPH,7860214_B_C01,7860214,D01
0ea7de65-354d-49c8-b4df-2bbf96bbb73b,BPH,7860214_B_C03,7860214,C03
9f7c1f02-abdf-40f1-b6dc-7f935b436a9e,BPH,7860214_C01_4,7860214,C03
24a623bb-fdd2-4b70-b982-0113a62b2464,BPH,7860214_C01_5,7860214,C03
9cb992c5-8bb6-4bba-bd08-cdc26ba1a432,BPH,7860214_C01_7,7860214,C03
dfb8a538-bf32-48b3-b083-b0565584c4fe,BPH,7860214_C01_9,7860214,C03
5bf58078-7695-4e20-b79f-e41298e4bdb1,BPH,7860214_C03_4,7860214,C03
f07a84f6-57da-4203-a09b-97de375fffd7,BPH,7860214_C03_5,7860214,C03
1770abdf-1a44-4e30-ac7b-976488a864e5,BPH,7860214_C03_7,7860214,C03
a14464e9-90c1-4bc7-a1ad-bba0ed2b8742,BPH,7860214_C03_9,7860214,C03
d89b1d0a-895a-47f2-8b4d-46a050675bcb,BPH,7380101_B,7380101,Q00
dc354827-2f08-4e84-9d4c-7170629837c7,BPH,7380101_N,7380101,Q00
40045021-5e89-463e-9fc3-73536b653cbc,BPH,7860214_B,7860214,Q00
3a9ba9f2-2671-4625-8c04-a58cbe21e0c0,BPH,7860214_N_4,7860214,Q00
157237b1-cc63-4e1d-95b2-d2438448641d,BPH,7860214_N_5,7860214,Q00
151842c7-9d12-4f35-bb43-252bc3dde476,BPH,7860214_N_7,7860214,Q00
04df0732-34e1-4613-9260-424a6b67d011,BPH,7860214_N_9,7860214,Q00
a5925c73-af88-40e4-9cb1-e989e382be36,HBT,522,522,D01
3a64ba71-1434-4a49-b020-99ecbc88ea3e,HBT,522,522,R22
0ebef815-86bd-4bc6-a96f-f662523ffec1,HBT,522,522,A16
3d054323-b232-4727-bb2c-d7004df963f5,HBT,522,522,C15
e4abb0a4-170e-475d-bead-008f347e88b0,HBT,523,523,A16
099809b5-cd6d-4d93-88a8-602e10a79c9b,HBT,523,523,D01
e04d5fab-4ca6-42a8-9b2b-0cf68e82aea7,HBT,523,523,R22
fe223734-7b95-4315-9859-36b2b8c95be1,HBT,523,523,C15
c92ff85d-b9c1-4be6-a9e5-06dfc71a07b6,HBT,527,527,A16
5d2d1d99-2867-4fa5-8d90-5027f9b31c74,HBT,527,527,C15
c7d7f180-decd-497d-b8cc-53fd533577c2,HBT,527,527,D01
2e88a126-2293-4b22-82bb-43e96bab6772,HBT,527,527,R22
11d6c545-c7e6-438a-a3a8-8f207061a236,HBT,528,528,A16
f28805c6-81d5-49aa-b487-d30dd2b3ae61,HBT,528,528,C15
9e6cfc3b-41aa-47b7-8231-70e76037e90c,HBT,528,528,D01
aa78e621-3314-46fa-9cdf-c1f9e56becb7,HBT,528,528,R22
01e8dc72-3e9a-4983-923e-cbad5c6f05d7,HBT,529,529,A16
ac2ca3d0-56d3-4df7-b17d-201143464a9e,HBT,529,529,C15
c7ef8592-5caa-4a23-8dd3-83e38f213bc9,HBT,529,529,D01
a3578826-5ab3-41df-8dc0-e7508d32feac,HBT,529,529,R22
788d6655-4cf3-4734-b79c-746b9b54baa5,HBT,530,530,A16
b7012dad-83a8-4597-ac9c-9b76029d2e46,HBT,530,530,C15
8e5c9add-6fb0-4219-bce8-c82aa0455a41,HBT,530,530,D01
b4f248bd-8838-432b-97e9-dd233f57ab93,HBT,530,530,R22
065fe2b6-8525-4067-96cb-fcd5cb9c2317,HBT,531,531,A16
e81feda7-1f94-4698-b759-1d28b4cd64eb,HBT,531,531,C15
d5abe08c-f4b2-4c01-8eb7-a74744c4ccb8,HBT,531,531,D01
4d7de7f3-7f11-4591-8dde-2cf1e83e0f1c,HBT,531,531,R22
c57301a6-07d7-4cb2-ba74-1084e8b978e8,HBT,532,532,A16
0962701f-0969-4adc-8747-06ffb0f970be,HBT,532,532,C15
a08bb398-007a-4700-9512-0f261b708d97,HBT,532,532,D01
37edd075-f65a-429e-981e-f37692bc0d84,HBT,532,532,R22
f8684676-624d-4745-b60f-315a5da99ece,HBT,533,533,A16
6dc6c256-53f1-41a0-90cf-7aed1c16cff0,HBT,533,533,C15
e90e06dd-580c-4114-b841-62939c00a373,HBT,533,533,D01
80bfaa36-ba58-4863-befc-29b0e6fccae3,HBT,533,533,R22
f49c8b37-7cb7-40f5-b28a-44a1a7a4f878,HBT,535,535,A16
d0a38eb4-abde-420b-8277-2ed3a1804b25,HBT,535,535,C15
e7eded15-d47d-48e7-8044-2b4af530309b,HBT,535,535,D01
723eb525-eda4-41a9-b26d-b291e0ffbd0e,HBT,535,535,R22
18199d0e-6862-4d25-b49d-bbb8465270ad,HBT,536,536,A16
876d0a8f-95bd-449a-a589-504bd20d7cb5,HBT,536,536,C15
2a373571-6dbe-4bd6-a26e-ec5f7afee042,HBT,536,536,D01
27e62560-fb0e-4568-ac3b-cbf8ff024eec,HBT,536,536,R22
cf0c8a13-5434-406c-b08b-af050c013439,HBT,537,537,A16
6dbebfef-5bea-4777-86b9-f8141ed69371,HBT,537,537,C15
fb907d9f-aac5-4426-acb6-e6365e0f6815,HBT,537,537,D01
24163987-a5e7-4019-8819-2a5bc726a6ae,HBT,537,537,R22
ecc63dbd-0b03-407c-8f25-ca11c57bde64,HBT,538,538,A16
9833beb7-176d-4bfb-801c-b6685dfaf3ca,HBT,538,538,C15
1bd8c526-9608-412a-b007-4eda391d544c,HBT,538,538,D01
c563b28a-5266-47f0-a236-8498f5e298d1,HBT,538,538,R22
ab722cc8-5f9f-4e38-879a-5a4aef36a522,HBT,602,602,R05
86214270-175b-44dc-b681-463b4b5b725b,HBT,602,602,R06
70c15fad-b9ac-42dc-981c-f8f261787579,HBT,602,602,R15
92c2021f-7520-4097-8221-c371b4a52094,HBT,602,602,R19
816b77fa-d00b-47e4-95c6-020518b204b8,HBT,602,602,R16
d7271850-ae85-4d56-9a46-2a5ca1c10112,HBT,603,603,R09
c44c67fe-edab-415f-938d-9ed643f6c8eb,HBT,603,603,R17
fc5ab363-ae3b-498a-90f7-477196d4c459,HBT,603,603,R07
72835224-f869-443d-95bf-0491d56268b5,HBT,603,603,R20
6c6dac4f-290c-4c83-88ff-469b09d093c2,HBT,603,603,R08
24f51f09-d494-4539-bd27-84a2624ecca7,HBT,604,604,R05
20a0b026-3aed-40ef-b6d5-45b76864ebe3,HBT,604,604,R06
def18a11-20ab-4ca0-b035-765880ad8edd,HBT,604,604,R15
fb1a6cae-f971-49ee-a861-f9d9e9bec900,HBT,604,604,R19
86df41a1-3a18-48b8-b4e6-f3e1580a21ee,HBT,604,604,R16
a6634df8-c2da-4ad4-ba74-37401a4c8605,HBT,605,605,R05
d490da97-6c01-4a9f-aa4f-8f4dd83c4947,HBT,605,605,R06
bfdb28ad-22b3-4cb3-848b-67924fc05368,HBT,605,605,R15
098d4d59-0b3a-4c2f-8b49-2c9145348461,HBT,605,605,R19
9a21deae-6d7e-46df-a290-3782b5192258,HBT,605,605,R16
ab0ce343-eaba-4bbb-a056-057c2f9b0c6d,HBT,606,606,R11
3a1ce3f2-a546-4f53-81ab-277039ab6c14,HBT,606,606,R12
e72f9cc7-cca8-416f-b127-b0c3307e0a7f,HBT,606,606,R13
6302264e-a637-43a7-8c76-13db07eacece,HBT,606,606,R21
6bf3af27-f612-4703-a09f-cb3c3e3f7577,HBT,606,606,R18
87270db6-94b3-4743-8ded-24f5a23860db,HBT,607,607,R05
e28256d5-4bf4-4fcd-b703-aac5c61335f2,HBT,607,607,R06
e7488747-3a56-4d22-a7ce-458af60b018d,HBT,607,607,R15
0ca29a30-31d0-468f-9974-3384146e939e,HBT,607,607,R19
c5a84394-7235-4657-a4e0-c5ef89767f73,HBT,607,607,R16
a8a2ae97-435a-4c64-bbe4-f9308c98dd22,HBT,608,608,R05
7beddc41-a12f-4679-8c31-4e7815d0df5a,HBT,608,608,R06
6846c5a9-69e0-4eeb-9d7b-de7103695b0c,HBT,608,608,R15
3efd45a6-f63d-4a05-9db8-26eb1881a2de,HBT,608,608,R19
ff609468-56a3-4c84-aa7a-e1937befa1c5,HBT,608,608,R16
56971bbc-fb33-4097-8d6c-285334843b5e,HBT,609,609,R05
8b1dba6f-7f49-47a0-becf-ffc06aebd651,HBT,609,609,R06
7f2b2ae6-a963-4571-8f1d-20b01938fd23,HBT,609,609,R15
549ed9b1-e1ee-4547-b0e3-5c0b5640bd32,HBT,609,609,R19
cf43d64c-3ef2-4b32-849d-cd7594a46fa5,HBT,609,609,R16
cd0c2ea4-7f7b-40c9-a6ec-5e52228b58b0,HBT,610,610,D78
89bf127b-b7b2-4848-aa56-fe788ea07776,HBT,610,610,R26
4f36aaae-9717-40e7-ab26-83659e95010d,HBT,610,610,D01
da0a6f50-fcb0-4a6d-ad39-cd4cd656477f,HBT,610,610,R24
8b3a7c1d-81c0-40ea-bc5a-4f0f315d853a,HBT,610,610,D72
68eeafe9-0608-43e1-9994-bf573275b0ad,HBT,610,610,R25
b5760739-d0d3-45b4-88e4-cd2c121afd87,HBT,611,611,D01
cd8c59e7-ec2d-4526-925a-007c8762a5c4,HBT,611,611,R24
9983e4f9-2445-48b2-a788-031bd5d72a06,HBT,611,611,D72
ada6b588-eafd-43aa-a15f-50fb178f0e4e,HBT,611,611,R25
48bb41bb-5264-49a4-9465-c269c89f15c8,HBT,611,611,D78
5d5b63a0-74b6-4f69-8278-81863307d191,HBT,611,611,R26
da5cab85-08f0-42a7-9453-637840970499,HBT,614,614,D01
7cd5ee6f-5589-4fce-a7ef-bc120479c44c,HBT,614,614,R24
3258fb33-7e21-4a00-aec7-e1f72d1d3687,HBT,614,614,D72
185fa2ac-08ca-49c9-8062-f23025d12791,HBT,614,614,R25
774cad25-0695-4ed7-aed7-5a4c9bdcdac1,HBT,614,614,D78
237028f0-bce5-410a-91eb-58d6a3646387,HBT,614,614,R26
46dc28f7-d8d9-46e1-bd0b-4693096c5ee1,HBT,615,615,D01
9bf6abae-f3b9-4572-b9f6-53874c8160b8,HBT,615,615,R24
d0c15ad1-aa4b-4d90-b927-d271cd992974,HBT,615,615,D72
02582d27-e280-4f2c-ab85-a7d89f9540eb,HBT,615,615,R25
a7c840bd-0956-4b93-8803-44f7f56d6f90,HBT,615,615,D78
de79c7ec-79b8-4f63-b086-bb3883fb9f38,HBT,615,615,R26
56fb8e1b-f2db-498d-ab7d-15cbb3a338e4,HBT,616,616,D78
bb23960b-a483-4f3a-9e64-149835ef8b5d,HBT,616,616,R26
5486608d-7932-4c74-916f-ef6a61a4cda2,HBT,616,616,D01
2e905668-b777-4ec8-a448-bb04dd369080,HBT,616,616,R24
4d1168cc-59ae-4560-a080-5182b23a3680,HBT,616,616,D72
a604a0c9-ff33-4de8-8f99-52823f899da7,HBT,616,616,R25
b88855c8-3db3-4f26-972a-0f80fa198593,HBT,7220201,7220201,D01
97c384d6-11e0-4bde-a318-8449ca7cf351,HBT,7220201,7220201,R24
ec834954-633b-42a3-a6d4-a8e7d8e9e471,HBT,7220201,7220201,D72
277bd802-b434-4f9a-90f2-9e2f60481b2d,HBT,7220201,7220201,R25
f7fbd02d-eb6e-46c5-a6bd-a59826450a77,HBT,7220201,7220201,D78
90902d1c-a769-401f-9477-9da8561c21dd,HBT,7220201,7220201,R26
a5ee5335-f0d6-44ae-985b-d7e316b40728,HBT,7229001,7229001,A16
13f814d5-c443-4540-973e-50910593ba18,HBT,7229001,7229001,C15
14e89a69-db9d-4bca-aeb9-17300d27c20a,HBT,7229001,7229001,D01
4dd8f185-cbd4-4593-89a5-9547af6d5ed2,HBT,7229001,7229001,R22
0f0f5410-3a1d-4506-8970-91958ed98a73,HBT,7229008,7229008,A16
59f4d293-f34b-4334-ac95-184cda5972fd,HBT,7229008,7229008,C15
8bc6c4fa-1d3f-4071-a878-cec402bd7e28,HBT,7229008,7229008,D01
11db3bb1-40bb-4c8a-83bb-f8174b4866d2,HBT,7229008,7229008,R22
c4a62c0a-cae3-4e0e-b21f-24c31f912905,HBT,7229010,7229010,C00
a65c9508-5cc7-4958-a5a0-1f6d9ea506fd,HBT,7229010,7229010,C03
38b99224-41fe-45c0-81bc-d59dac75fa56,HBT,7229010,7229010,D14
1b5c8dc7-f817-4cd4-8b62-7cd5d15a0416,HBT,7229010,7229010,C19
6f343870-d59a-484e-8aed-a4764be617f3,HBT,7310102,7310102,D01
9804db90-aa58-4202-82dd-50b941073cd8,HBT,7310102,7310102,R22
f060ee8c-6391-49b6-af63-2c342fdd2e13,HBT,7310102,7310102,A16
5feb429b-340f-4ca4-a594-b374ef31c6af,HBT,7310102,7310102,C15
d60dc563-4429-42c7-9ea2-91b0c7cc7b4c,HBT,7310301,7310301,A16
430fa023-9243-4c8f-a2de-5849eeba7c62,HBT,7310301,7310301,C15
bec7943c-5c03-4898-a128-6299d860dd64,HBT,7310301,7310301,D01
527a4880-2abe-4590-896e-db742cab8624,HBT,7310301,7310301,R22
4d65a4ed-57be-447e-8f15-cc80b00a1790,HBT,7320104,7320104,A16
5de7b27b-a8c1-4dbc-b935-bccf277254fa,HBT,7320104,7320104,C15
d5d84106-b568-4e1a-90b2-46fd6e0290ff,HBT,7320104,7320104,D01
3fbb181a-e0a0-4c76-91fd-63791d8bf0e0,HBT,7320104,7320104,R22
0eca5356-1d55-441b-a4aa-d78e7e3000c0,HBT,7320105,7320105,A16
280c08fc-ea98-4107-b922-11d650915e4b,HBT,7320105,7320105,C15
364abf15-d2f9-4842-953e-a2a2691bc229,HBT,7320105,7320105,D01
76d18f1b-fd61-4e5b-a163-504b00675feb,HBT,7320105,7320105,R22
60c5a02a-2a2b-4045-bb0c-89ba842e6a36,HBT,7320107,7320107,D01
15c6073c-abf0-48f1-93b8-b854aef07b8b,HBT,7320107,7320107,R24
7c880b2a-f354-401a-b6ee-eb4054a4e3f3,HBT,7320107,7320107,D72
3c7ac024-27f5-4a46-898e-4582afc7cc7b,HBT,7320107,7320107,R25
31d06141-c793-4d83-bfd3-8d4e227e824a,HBT,7320107,7320107,D78
abf6cd47-4910-492b-97a4-79243cd05b74,HBT,7320107,7320107,R26
e030f9be-9023-44b4-928a-ce1b29347e0e,HBT,7320110,7320110,D01
25942055-817f-4690-b681-05ffa70e1da5,HBT,7320110,7320110,R24
b6a81327-ee0f-4066-bca1-eaa33f69b90c,HBT,7320110,7320110,D72
6bc1c84b-bfaf-4a1f-96b8-3987931479cb,HBT,7320110,7320110,R25
407ef14f-b217-447e-9dff-0ae272785dc7,HBT,7320110,7320110,D78
87700194-4433-439f-8d60-37aba6e2a2b5,HBT,7320110,7320110,R26
6505ece9-0e91-4d60-a988-1d3191864519,HBT,7340403,7340403,A16
b332ae03-777c-4b5d-ad84-56b2be3403ab,HBT,7340403,7340403,C15
c4ea9a3c-5997-4f34-882b-fb989870d95d,HBT,7340403,7340403,D01
149211eb-1ae2-44ca-9488-955048412156,HBT,7340403,7340403,R22
50a6431b-54f1-46cc-9784-3220cef5e69e,HBT,7760101,7760101,A16
304fac20-1735-4078-a141-588f0b3ab722,HBT,7760101,7760101,C15
ce20ed34-edbf-4703-af04-c0f09fe1d586,HBT,7760101,7760101,D01
d02e0cf7-37ff-4e7c-a547-80a0dbc31761,HBT,7760101,7760101,R22
b0f8abb9-b95a-4cb6-be2e-f91721fca743,HBT,801,801,D01
f404498e-e69f-47ad-be36-a18519dd1163,HBT,801,801,R22
26209259-858b-4f66-8cc9-0d3b9dc1de3a,HBT,801,801,A16
bf2869c6-634f-487c-8d73-01efbba65a3b,HBT,801,801,C15
ee45f632-8668-4b08-b90e-a8dc414ce128,HBT,802,802,A16
aa9800a7-3409-49e0-b0be-cda67b021e4f,HBT,802,802,C15
43938e32-2de2-4dbb-8835-c35e100da9f3,HBT,802,802,D01
4f6a7b85-a0e7-4bdd-8374-202dbb64b1c9,HBT,802,802,R22
571903c2-e0c2-4a40-8e23-89766541385a,HBT,"527, 527M","527, 527M",C15
458bd5af-422f-4824-8178-15c61a57524e,HBT,"527, 527M","527, 527M",D01
bfea78de-4463-4e55-8569-46976a611af8,HBT,"527, 527M","527, 527M",R22
282b51b1-65ce-49db-8a60-03be2dd0e0d4,HBT,"527, 527M","527, 527M",A16
39cf0b36-5654-4336-95fe-19b143cabcd8,HBT,"528, 528M","528, 528M",D01
c4c9242e-029f-4a1d-9d4d-7ddf8945f3ac,HBT,"528, 528M","528, 528M",R22
886aa2fb-c977-48c0-90fb-24bd4b2642ad,HBT,"528, 528M","528, 528M",A16
c0a03ba2-0f62-4a56-81b8-a64debcc70fe,HBT,"528, 528M","528, 528M",C15
7a970829-cc65-4eb6-a010-62f45f1bebab,HBT,"529, 529M","529, 529M",D01
4635d6e5-c46b-4282-969c-4138145914ff,HBT,"529, 529M","529, 529M",R22
44c69e33-0b97-422e-8fb5-de8ffe847737,HBT,"529, 529M","529, 529M",A16
83d660cc-f670-4e73-96bc-a01fee445346,HBT,"529, 529M","529, 529M",C15
1ca0cf79-aad2-4d60-a25d-79a90fd23504,HBT,"530, 530M","530, 530M",A16
b77f75ec-4e88-4a7b-ac90-2d2fd7d674fe,HBT,"530, 530M","530, 530M",C15
67c03517-b613-4192-825f-7ed28a5143a7,HBT,"530, 530M","530, 530M",D01
c4ac8cfd-5272-4395-bb9c-c939fb7f70c8,HBT,"530, 530M","530, 530M",R22
5be4d1e9-3329-4bed-9207-be910087f255,HBT,"531, 531M","531, 531M",A16
28693ebb-d84c-4713-9fa7-257c4d9dcba6,HBT,"531, 531M","531, 531M",C15
6c309a15-e166-44cb-ba44-6b34f3c87300,HBT,"531, 531M","531, 531M",D01
db9760d2-a6fd-45fa-b76d-8dd795ab4222,HBT,"531, 531M","531, 531M",R22
4139094d-f75e-456b-a087-2695c4b8dbc4,HBT,"532, 532M","532, 532M",A16
3b17fa9a-e7a0-4a55-b429-9900b7706b8f,HBT,"532, 532M","532, 532M",C15
c6b4f292-da40-4c28-ac33-3fbab52c2cc4,HBT,"532, 532M","532, 532M",D01
34db3e9c-a481-4001-8030-d84e09e6369a,HBT,"532, 532M","532, 532M",R22
94939dcb-69f4-4987-ac53-20aa8d5b8d30,HBT,"533, 533M","533, 533M",A16
36330d81-653f-4c6b-b725-c9579fcc32af,HBT,"533, 533M","533, 533M",C15
164ae852-f4f7-4bb8-a9a9-accd9ea48a55,HBT,"533, 533M","533, 533M",D01
953308cb-e14c-4edb-a964-3a0203643c44,HBT,"533, 533M","533, 533M",R22
9e720081-39a5-4c6c-9ba2-54a4a9812448,HBT,"535, 535M","535, 535M",A16
d49f1352-4312-4325-9714-a7dc3e2e5e24,HBT,"535, 535M","535, 535M",C15
9f2db626-36bf-45da-a894-cb75d5248d87,HBT,"535, 535M","535, 535M",D01
0a77562c-99ac-47d6-8d69-e63b2066c6fc,HBT,"535, 535M","535, 535M",R22
758534ab-c305-4b40-80b4-2a30a408fde6,HBT,"536, 536M","536, 536M",A16
15474e07-12af-4460-bc15-3974c3a47a07,HBT,"536, 536M","536, 536M",C15
45e55689-e2e0-4c68-abbe-de230916cb06,HBT,"536, 536M","536, 536M",D01
4c9ce35c-f24f-467c-8404-8f58de418b4d,HBT,"536, 536M","536, 536M",R22
a12c258a-793c-4aa4-98a5-263514a8e406,HBT,"537, 537M","537, 537M",A16
c12315f3-f750-4f61-b0c0-8ef6bf9869b1,HBT,"537, 537M","537, 537M",C15
2a95d06e-8963-4ec6-843b-b6ed2f506ac7,HBT,"537, 537M","537, 537M",D01
1fafbb43-2530-4060-80fe-fddb086f421d,HBT,"537, 537M","537, 537M",R22
341a4161-4dc9-402e-b5e1-637ae7c8a2a5,HBT,"538, 538M","538, 538M",A16
8def5c4f-2b0f-40e7-bf7b-c39664f269df,HBT,"538, 538M","538, 538M",C15
b8e0bd89-98a3-4e9e-bd77-46247915a828,HBT,"538, 538M","538, 538M",D01
804c48fc-8d47-4b21-90be-e592bc2b6371,HBT,"538, 538M","538, 538M",R22
ca97469b-bedd-4f0c-ba75-6f859b79ee2b,HBT,"602, 602M","602, 602M",D72
e3633598-915c-42c8-a07c-0ccb6af172c0,HBT,"602, 602M","602, 602M",R25
6a0b10dd-5b9e-4e79-842b-28e2ae094db1,HBT,"602, 602M","602, 602M",D78
53d1e47d-2725-4ed7-891c-e82759fc0231,HBT,"602, 602M","602, 602M",R26
c6593732-ed7a-4b36-8d3c-1ebcb185be80,HBT,"602, 602M","602, 602M",D01
44b7b28a-3a82-4921-84e5-8ea3b0c11242,HBT,"602, 602M","602, 602M",R22
816eb80a-e9a7-4baa-b231-e2c2652cb12f,HBT,"603, 603M","603, 603M",D01
60aa8a95-2e6c-4b0e-a222-0229bf49b80c,HBT,"603, 603M","603, 603M",R22
811fcec7-32fd-4ee1-a68e-441666b0ea48,HBT,"603, 603M","603, 603M",D72
625944a7-c73a-4f68-8169-b54806e11e8a,HBT,"603, 603M","603, 603M",R25
07f5a574-7fef-4b51-a626-5d4daf6ee762,HBT,"603, 603M","603, 603M",D78
65ec49cf-7ebe-40fb-97ac-a3ac6c07d953,HBT,"603, 603M","603, 603M",R26
73ddf253-d938-460d-8c8e-3f45963a3c08,HBT,"604, 604M","604, 604M",D01
da06dbfd-48f9-43a8-9c4c-f34a861dc1d9,HBT,"604, 604M","604, 604M",R22
fe7faae2-cb1f-4d03-972d-74bd82e56cae,HBT,"604, 604M","604, 604M",D72
f8599360-94af-4189-8608-f470f00fbee6,HBT,"604, 604M","604, 604M",R25
f1cc47c4-7473-46d7-959d-f172ae0f78a7,HBT,"604, 604M","604, 604M",D78
25a08884-22b6-4ab2-acc0-b56ee1ac6ed8,HBT,"604, 604M","604, 604M",R26
6d93e0c9-2400-4ae3-b2d7-1c258ad0dbc5,HBT,"605, 605M","605, 605M",D72
13610128-a248-4c5a-a85e-3f7422ac006a,HBT,"605, 605M","605, 605M",R25
2bbabc98-33f0-4bd1-ba7d-c0ca1a4ce2a3,HBT,"605, 605M","605, 605M",D78
44599931-13dd-4307-9f03-1aa3624f1584,HBT,"605, 605M","605, 605M",R26
6f126c53-bcd4-4b0e-afa3-aed5f4bbfd59,HBT,"605, 605M","605, 605M",D01
fd088a31-6566-4826-a8fe-e079cc1bd6a3,HBT,"605, 605M","605, 605M",R22
69babdf7-ab61-4f81-9157-82f94e822813,HBT,"606, 606M","606, 606M",D01
3d670da8-9601-4236-b8f6-eee4dd6517a1,HBT,"606, 606M","606, 606M",D72
64547dff-ed32-4607-aea0-6954b447bcc6,HBT,"606, 606M","606, 606M",D78
6b39d97e-b2c4-402c-a104-e219f968fe5f,HBT,"606, 606M","606, 606M",R22
fd4bc03b-0e43-495c-98ae-ed726e78f9b8,HBT,"606, 606M","606, 606M",R25
089a980d-5910-46b1-9a6c-0822a894ee50,HBT,"606, 606M","606, 606M",R26
b542879a-c8ab-4555-bc8f-f9845c4c495c,HBT,"607, 607M","607, 607M",D01
b16e917b-0e6c-46f7-a5d7-646353f66b4c,HBT,"607, 607M","607, 607M",R22
9e16b4e9-7131-4b73-ba57-f9d53a1130ab,HBT,"607, 607M","607, 607M",D72
e75799ca-fb99-4400-80af-da4d482ae52f,HBT,"607, 607M","607, 607M",R25
ac6c07a7-0e99-435f-a57f-d0560b8e0971,HBT,"607, 607M","607, 607M",D78
7c9e6628-9e52-484a-a154-5876ee93480c,HBT,"607, 607M","607, 607M",R26
e7bde50b-19ea-4af8-b732-34ec1f292bb7,HBT,"608, 608M","608, 608M",D01
d54143fb-8b9d-4ce5-a6ba-d0e28a279c1e,HBT,"608, 608M","608, 608M",R22
7f78a366-4652-4436-b644-348d28390d15,HBT,"608, 608M","608, 608M",D72
dd2fcc29-f9db-4073-8826-d1034beb57ab,HBT,"608, 608M","608, 608M",R25
533b6d2e-a9df-4f37-8aae-27d8292b9bec,HBT,"608, 608M","608, 608M",D78
d674701f-f6a0-4339-9e2f-d5c9df9e126b,HBT,"608, 608M","608, 608M",R26
94fa3fac-14ed-4591-8183-dcc2fa602969,HBT,"609, 609M","609, 609M",D78
88d9cb78-6025-43e3-82ba-8827edbbd72f,HBT,"609, 609M","609, 609M",R26
b619bca4-8ded-462b-afa0-7a2d40a125c7,HBT,"609, 609M","609, 609M",D01
fddde36f-c96d-41fa-88c7-a1b84e387e87,HBT,"609, 609M","609, 609M",R22
0c3ae257-ff0e-4b88-b290-47db3352719a,HBT,"609, 609M","609, 609M",D72
b9a7823c-7bff-4dbb-9a76-d67accc5ec9e,HBT,"609, 609M","609, 609M",R25
7642639c-a35d-4f79-84b0-d94584e03ac9,HBT,"610, 610M","610, 610M",D01
0b4c056a-5cb8-4608-b543-44996b4723f6,HBT,"610, 610M","610, 610M",R22
07f7515d-70d1-42cb-93ef-300805dd8217,HBT,"610, 610M","610, 610M",D72
6f4b5b61-ece9-40cf-9dcd-05c9db2e6508,HBT,"610, 610M","610, 610M",R25
551d5f6f-6b77-4ff8-aeac-a6d63e5b5c57,HBT,"610, 610M","610, 610M",D78
ff589435-e106-427d-92a5-992af5d73310,HBT,"610, 610M","610, 610M",R26
ffdb9424-dd53-4ce3-93b6-9b9674e93788,HBT,"611, 611M","611, 611M",D01
662898f9-5b03-41fd-8d6e-7a6c43ef692f,HBT,"611, 611M","611, 611M",R22
d9ffbaca-2e63-4e19-88ef-a57c90f614a7,HBT,"611, 611M","611, 611M",D72
50a69782-2741-4ef8-9115-1b0692b40aa1,HBT,"611, 611M","611, 611M",R25
db1df2ac-3b1f-4668-af29-51cbc3179fef,HBT,"611, 611M","611, 611M",D78
b78686e2-f59e-4243-9f89-de35d28d9920,HBT,"611, 611M","611, 611M",R26
5f4b868c-5357-4347-af66-01f70cf8da87,HBT,"614, 614M","614, 614M",D01
31f91974-98ff-4cb7-ad68-a8da3eb4de61,HBT,"614, 614M","614, 614M",R22
c5a5048b-9ca5-4974-ba77-f8359ed93f37,HBT,"614, 614M","614, 614M",D72
50a9c6b9-354b-469e-b624-a14216573926,HBT,"614, 614M","614, 614M",R25
108afcb4-eb88-453d-8ae1-fb4fb066d3b3,HBT,"614, 614M","614, 614M",D78
fbd728d9-fecb-48be-ae3a-c2fe4bee944a,HBT,"614, 614M","614, 614M",R26
2c3cdfa9-9be0-464c-be84-d2dd9c88db58,HBT,"615, 615M","615, 615M",D01
9cf2647c-232b-4645-98bf-92b1ef115193,HBT,"615, 615M","615, 615M",R22
8621db9b-12df-4ca9-8c96-5ebbb02b9c41,HBT,"615, 615M","615, 615M",D72
3850fe5c-9e8d-4dab-872d-12e4154dfebd,HBT,"615, 615M","615, 615M",R25
e275d3a7-ca88-4452-9b6a-4a51faeb320e,HBT,"615, 615M","615, 615M",D78
190c73a4-ce3a-490b-83f4-13424404780b,HBT,"615, 615M","615, 615M",R26
df6b8cc6-2e41-48d6-aa97-fef3d2bb5987,HBT,"616, 616M","616, 616M",D01
f883d6be-39b7-41fa-997e-584048fcc4a7,HBT,"616, 616M","616, 616M",R22
fcf5595b-0d78-4d1c-9a7a-391d1b1e1fdc,HBT,"616, 616M","616, 616M",D72
5a50ba81-119b-4ad0-907d-e779f85a28cc,HBT,"616, 616M","616, 616M",R25
0f45a54f-4e83-4b79-8afb-d589588ac24d,HBT,"616, 616M","616, 616M",D78
90d73537-7d74-46e5-9836-5aadf448cf96,HBT,"616, 616M","616, 616M",R26
7c5c684c-35ac-4edd-b7f9-71fc5c067f02,HBT,"7220201, 7220201M","7220201, 7220201M",D72
2a570ef5-525e-42ca-855a-064e85955476,HBT,"7220201, 7220201M","7220201, 7220201M",R25
b96089b7-c18d-4285-a827-d78cf1fef5de,HBT,"7220201, 7220201M","7220201, 7220201M",D78
465952c5-0bc5-483e-b88e-e073916fcdc4,HBT,"7220201, 7220201M","7220201, 7220201M",R26
ffd1c239-6f11-4cb9-83cd-ccdb32714949,HBT,"7220201, 7220201M","7220201, 7220201M",D01
ba374b40-d036-4d7c-b3b8-f4e39ff3b749,HBT,"7220201, 7220201M","7220201, 7220201M",R22
9b81ef82-2e2e-4ad2-be3c-d94fb73bad77,HBT,"7229001, 7229001M","7229001, 7229001M",A16
5fde84ba-95dd-4cb2-87cb-7050472992ac,HBT,"7229001, 7229001M","7229001, 7229001M",C15
ddbaa400-fb77-47db-958a-ea8363e83b9f,HBT,"7229001, 7229001M","7229001, 7229001M",D01
53f7b4ee-8681-4d34-b10a-a9b4c1b49604,HBT,"7229001, 7229001M","7229001, 7229001M",R22
0c2df712-fa60-4bfa-ab3e-fb3a7a6ddcbc,HBT,"7229008, 7229008M","7229008, 7229008M",A16
3fea18e6-9893-494b-a06f-544b40550c7d,HBT,"7229008, 7229008M","7229008, 7229008M",C15
b89aaf19-ee9b-4797-9295-48a7eafac5b6,HBT,"7229008, 7229008M","7229008, 7229008M",D01
429b2fb6-1980-447d-9a8a-a712732d4931,HBT,"7229008, 7229008M","7229008, 7229008M",R22
d2f8cfbf-0318-4cb0-9695-dbe7a267f48b,HBT,"7229010, 7229010M","7229010, 7229010M",C00
73a30915-3e38-42b2-a079-497e3961cbfb,HBT,"7229010, 7229010M","7229010, 7229010M",C03
f1258be0-3a2e-47da-b923-0c8e67d3c11e,HBT,"7229010, 7229010M","7229010, 7229010M",C19
d5a844fc-4f20-4d7a-b7f4-a0b3af5b6431,HBT,"7229010, 7229010M","7229010, 7229010M",D14
529b2699-4962-45d6-ba2a-8e2b5b7bad06,HBT,"7229010, 7229010M","7229010, 7229010M",R23
ea69ca6c-ab9b-4da2-ba8c-bbcb71164646,HBT,"7310102, 7310102M","7310102, 7310102M",C15
b8870793-01b4-4c3a-aec8-2c7e8bfa0785,HBT,"7310102, 7310102M","7310102, 7310102M",D01
77bda3c0-976d-400e-b8a9-51de98a781bb,HBT,"7310102, 7310102M","7310102, 7310102M",R22
bdd76087-1bd1-421e-938d-e52131a905b9,HBT,"7310102, 7310102M","7310102, 7310102M",A16
22bbe3e0-653b-42eb-a518-43f272753fb3,HBT,"7310202, 7310202M","7310202, 7310202M",D01
aba3038c-ccea-42a2-8ebe-45c95dd8506c,HBT,"7310202, 7310202M","7310202, 7310202M",R22
d5232c97-c644-412f-9266-170e60ecd19c,HBT,"7310202, 7310202M","7310202, 7310202M",A16
0aafa7d1-693c-4478-9687-b0f035eb5e11,HBT,"7310202, 7310202M","7310202, 7310202M",C15
634cc85c-1792-442f-8ea9-e8168dc994c7,HBT,"7310301, 7310301M","7310301, 7310301M",D01
b4fb4e42-a0f8-4732-9b94-84a5874f0205,HBT,"7310301, 7310301M","7310301, 7310301M",R22
f6e7b7b8-731c-4e68-a4c9-4e57b4aea1fd,HBT,"7310301, 7310301M","7310301, 7310301M",A16
2758870c-4f00-4e55-ac8a-8e27eef11bfd,HBT,"7310301, 7310301M","7310301, 7310301M",C15
40092c49-1fcf-4a73-bb8c-01de544edc8f,HBT,"7320104, 7320104M","7320104, 7320104M",D01
e29829ed-d826-472f-b9a6-9c3887046f74,HBT,"7320104, 7320104M","7320104, 7320104M",R22
ed226a2a-70f4-45fa-8fff-d4cace60f341,HBT,"7320104, 7320104M","7320104, 7320104M",A16
dca274c1-a983-449f-a447-d5e961df242e,HBT,"7320104, 7320104M","7320104, 7320104M",C15
228c5ff7-11c2-4a78-8df8-96d834fbc94f,HBT,"7320105, 7320105M","7320105, 7320105M",D01
42482be9-cd7f-4d8d-ac3a-32ffa643bd66,HBT,"7320105, 7320105M","7320105, 7320105M",R22
d268fe69-6689-4248-ab83-756114ed636d,HBT,"7320105, 7320105M","7320105, 7320105M",A16
c0e9d7af-474b-452e-ab48-bcb09377e37c,HBT,"7320105, 7320105M","7320105, 7320105M",C15
083a127c-c802-4d70-a012-977a5c0ee959,HBT,"7320107, 7320107M","7320107, 7320107M",D78
7bce9d42-707f-4381-ab96-83a5e4413301,HBT,"7320107, 7320107M","7320107, 7320107M",R26
bf81f6ff-cf4f-4cc8-953c-bcc337bf1c74,HBT,"7320107, 7320107M","7320107, 7320107M",D01
be3ca81c-5095-4198-96d6-5f3f215e22cc,HBT,"7320107, 7320107M","7320107, 7320107M",R22
b79e055f-ebdd-437a-a704-935172d465d8,HBT,"7320107, 7320107M","7320107, 7320107M",D72
50d97c84-d62a-4ec8-bcb1-575233869c00,HBT,"7320107, 7320107M","7320107, 7320107M",R25
881340c2-0932-4c07-a98c-bc8bf07c1764,HBT,"7320110, 7320110M","7320110, 7320110M",D01
76e2ff6b-a914-4ab8-bf70-ae608c45da22,HBT,"7320110, 7320110M","7320110, 7320110M",R22
42411d67-bf67-47b4-a90c-f2759b6d4eb4,HBT,"7320110, 7320110M","7320110, 7320110M",D72
406495f7-1b5f-4956-89a2-e09808a0fd09,HBT,"7320110, 7320110M","7320110, 7320110M",R25
442262a6-ecd6-4133-91ac-b193e3177422,HBT,"7320110, 7320110M","7320110, 7320110M",D78
23e6de06-93d7-44a6-82a5-0bc3d67aa4fe,HBT,"7320110, 7320110M","7320110, 7320110M",R26
0f0f9cc2-2a51-4c7f-8046-68d98c92024c,HBT,"7340403, 7340403M","7340403, 7340403M",A16
756fff2b-2f32-41c9-acd0-d246fcf5e4b3,HBT,"7340403, 7340403M","7340403, 7340403M",C15
b419a327-58c7-47e0-aaeb-4dbfc02cceee,HBT,"7340403, 7340403M","7340403, 7340403M",D01
a46d90dc-1011-4956-8c05-b0a07ef59bbf,HBT,"7340403, 7340403M","7340403, 7340403M",R22
14d0c38d-e3f8-41db-8413-2fdb3cc9db2c,HBT,"7760101, 7760101M","7760101, 7760101M",D01
3f1ae953-d2a8-4ec6-8e93-7786ebcb8fdf,HBT,"7760101, 7760101M","7760101, 7760101M",R22
90cc516d-3319-4e15-97fa-39b4854d3571,HBT,"7760101, 7760101M","7760101, 7760101M",A16
66dbc6a4-fc9c-4f9f-992c-80f564ad0054,HBT,"7760101, 7760101M","7760101, 7760101M",C15
d361606f-fedc-4983-a4fa-aa613ca383f2,HBT,"801, 801M","801, 801M",C15
b23df101-6743-4805-8ba6-8a0566167d34,HBT,"801, 801M","801, 801M",D01
f97eedc4-c377-4b75-9853-3937798b076d,HBT,"801, 801M","801, 801M",R22
673913a2-aa53-41f0-a106-0196e08e7c03,HBT,"801, 801M","801, 801M",A16
51b49dad-f4f9-4877-9781-cc47a6636d2c,HBT,"802, 802M","802, 802M",D01
e4304c50-468b-43b9-989d-88c530e7668e,HBT,"802, 802M","802, 802M",R22
1d794a80-47a5-4230-8378-148cd1a64859,HBT,"802, 802M","802, 802M",A16
43d460cf-21bc-4b40-ad76-ad77978fa29a,HBT,"802, 802M","802, 802M",C15
de159021-a710-4b48-8cf2-39c28e3fe2dc,HBT,602,602,D01
426f006a-14ef-48db-8036-bee7e6767fea,HBT,602,602,R22
e7e6b11b-08ff-4fd5-b063-bd3eb601d323,HBT,602,602,D72
05402dba-e4af-46d8-9f3e-658ed01f0847,HBT,602,602,R25
6138c88d-f006-4352-be47-85d7220f773a,HBT,602,602,D78
bd0e8242-d686-46a2-ab6b-60d2f1f4e15a,HBT,602,602,R26
de5399f9-12e1-4e51-9a31-a48de01d1c6e,HBT,603,603,D01
be124b5d-5206-40ae-8664-2a32b51f44ce,HBT,603,603,R22
8df1a089-4b18-4c0d-aae3-ebe1a78addf9,HBT,603,603,D72
57359b62-82c7-400c-858b-76c616523de7,HBT,603,603,R25
a7c5dbcc-5c47-4b0d-90cd-be8466ccc0c3,HBT,603,603,D78
4397cd05-d4a3-4519-b20a-5a82ab8c2ecc,HBT,603,603,R26
98ecc4a2-a73b-40d6-8e8e-5e90f1c58403,HBT,604,604,D01
8294dbdd-b625-4dd8-9c58-ceda0d760ac6,HBT,604,604,R22
0e4c1969-d0e5-4197-88f6-e6b8b38aed26,HBT,604,604,D72
819bb32e-48c5-4294-935a-acf863564b2a,HBT,604,604,R25
8de26df8-9ee0-4e1d-8f0b-2a5dd6b25214,HBT,604,604,D78
eddaa7f7-4c43-435c-ae9d-e6443866d21c,HBT,604,604,R26
bde08e97-d511-4b05-b36d-f5d3e5584a8d,HBT,605,605,D01
ee00937f-f1c4-46db-8191-6c0e22775b33,HBT,605,605,R22
8869383f-4909-4365-8e9d-2c3e7e34a483,HBT,605,605,D72
eddbc47c-6a83-4235-83c0-4074375bc282,HBT,605,605,R25
d682dfec-50cc-4133-9d0e-f02962e4d698,HBT,605,605,D78
c08590e1-38b2-4d61-83dc-ab7a47253f8f,HBT,605,605,R26
5eea6658-290a-4389-9f58-daba66e8d402,HBT,606,606,D01
957eb373-76ca-4b18-9835-c0744d0fcd78,HBT,606,606,D72
be02baef-b9a6-4eff-b33c-614d302bb257,HBT,606,606,D78
ba955a9e-5d4b-4601-8f23-7b64c00ade33,HBT,606,606,R22
e6362070-c071-4be3-9a80-344acb221444,HBT,606,606,R25
0602cc71-db8a-4169-8a65-cfed2fb67c76,HBT,606,606,R26
39972ed5-9f87-4e0d-983b-381c88f20826,HBT,607,607,D01
c5fb2485-a150-4f58-b1ba-e316ca0d2b38,HBT,607,607,R22
fee05da8-336c-4ef4-b9a9-04d54baa0373,HBT,607,607,D72
7b6cf368-fd16-4002-ae17-ba4598c425c7,HBT,607,607,R25
42a6dd21-239c-4a2e-be75-e1f436557b44,HBT,607,607,D78
4a5e9f80-af1a-44c6-95e8-e86034cc8322,HBT,607,607,R26
5ad006d8-4b90-45c5-aae7-3b42abb9c69f,HBT,608,608,D01
f9a37922-700d-422f-b45f-016ff79e0744,HBT,608,608,R22
4ba53b86-0736-4fa8-8cd7-93cd24d159f4,HBT,608,608,D72
dd5f2252-9893-4671-a36a-cbc89851e54b,HBT,608,608,R25
93be5b87-fdde-4eab-8dee-855737c9c75b,HBT,608,608,D78
de4bc86b-2d11-4cee-bb2f-7172b7c5428c,HBT,608,608,R26
5f8790a0-ce94-44ee-bad0-1b0623bf1c8e,HBT,609,609,D72
0b325968-e5b7-4676-a6b2-b40e001cfd7a,HBT,609,609,R25
3244f908-1190-4c23-bda3-69dbcc5b4e51,HBT,609,609,D78
0226b4e0-bfe4-4e9f-a241-2e263c8d1100,HBT,609,609,R26
619faf5d-9299-4e4f-88bc-069ba4fd2324,HBT,609,609,D01
32d73bee-d46c-463a-be20-3bca13888a9d,HBT,609,609,R22
57cc24f4-2035-43ee-bdfe-625ecf3d2ac0,HBT,610,610,R22
3e02c13e-fa67-49d4-843c-dc234a75eb23,HBT,610,610,A01
b3baf720-c221-4889-8178-b292361b42e5,HBT,610,610,R27
4d8f613a-f074-45a1-8a99-ca670c19de42,HBT,611,611,A01
f7039833-5b39-4908-9cfb-10980c465eab,HBT,611,611,R27
6c9b9b93-3082-41f4-87f2-0fd0d494b680,HBT,611,611,R22
2e256012-6706-4813-a9cc-235c0e3a742d,HBT,614,614,R22
c7e8fcf0-f239-4029-8aff-77b103d3e532,HBT,614,614,A01
ca9c375c-2491-468d-a0e9-42afbb25c6bd,HBT,614,614,R27
e7d35665-906d-44c8-99ea-9b4ca9a2b181,HBT,615,615,R22
d35b7f0c-8a10-4007-8e22-bbd3efe058b9,HBT,615,615,A01
338ff205-3b1d-475e-81aa-7a2553743af9,HBT,615,615,R27
c972bdcd-ad32-4df3-9018-635de76b943b,HBT,616,616,R22
a302d15f-4288-4fe1-904b-1d684a6f07df,HBT,616,616,A01
cbf49f43-8f62-4265-9671-fbf6811facfd,HBT,616,616,R27
af11db7b-ed80-43de-9a4b-9a97d11d55dc,HBT,7220201,7220201,R22
48cae87a-412c-47d9-80ed-dc0856e3a334,HBT,7220201,7220201,A01
49907da9-0baf-487f-851c-f8aebde9f8e3,HBT,7220201,7220201,R27
77e8bda9-8aad-43ef-a487-026667b61e39,HBT,7229010,7229010,R23
21f38015-fe82-4089-91ca-137c5a2989a5,HBT,7310202,7310202,D01
c536daee-6d38-4e1c-b574-488f3822f53c,HBT,7310202,7310202,R22
17961826-bf4d-46b9-83dd-b6709c73d8a0,HBT,7310202,7310202,A16
975d6989-9e6c-4ccb-9a17-29edb0e7fffd,HBT,7310202,7310202,C15
feb8f070-1cb4-4170-9a7c-0a883ea19c2b,HBT,7320107,7320107,A01
774238e3-318c-45f1-b0f6-66213f402895,HBT,7320107,7320107,R27
8ceed4fa-c501-42c2-a82b-027b1c80ba58,HBT,7320107,7320107,R22
0b504f55-6c66-486a-8121-1038c9fbf250,HBT,7320110,7320110,R22
3147bfa7-3ad4-478c-9c99-69d6510818f8,HBT,7320110,7320110,A01
62161fea-37fa-4f78-89a9-05245991866e,HBT,7320110,7320110,R27
589a12ee-0a58-4750-b959-8782735e4f56,HBT,527,527,A01
9f561aa3-d3d1-4e85-b9c1-d6b706a0ae19,HBT,530,530,A01
015077d3-6748-4b48-91db-79a1f6c4e0ae,HBT,531,531,A01
40792e04-9eb2-4fa7-89c0-a86818169536,HBT,533,533,A01
f2801d0c-2015-496a-9f2d-125e1b8fce6c,HBT,538,538,A01
c5de56c2-36ba-44f6-aaa9-75a9b80ddbce,HBT,7229001,7229001,A01
830af45e-7b89-4dc5-bef2-3a157a13a409,HBT,7229008,7229008,A01
40a73043-d715-4de7-bc8e-1ca5ae7024de,HBT,7310102,7310102,A01
c394184b-8edc-4cbe-9a7e-af546af548d7,HBT,7310202,7310202,A01
a9432bda-012e-40c3-9c0f-62d694dc4294,HBT,7310301,7310301,A01
914f26f4-25f8-43bc-86c0-af8e99ae1d71,HBT,7320104,7320104,A01
83ae837d-b909-4469-acb6-e5d9a226254b,HBT,7320105,7320105,A01
5cd707d0-f1c3-408a-be93-e9670c880a7a,HBT,7340403,7340403,A01
b31f089f-0a0a-4af6-9eeb-10c98bc9bd55,HBT,7760101,7760101,A01
4a341cf3-14e7-4149-96ac-a2dd6f9640a0,HBT,801,801,A01
75e680db-b0c0-49c4-a6d7-fd3016ebe100,HBT,802,802,A01
ad198262-ffc8-47e4-8be4-3ae242838f15,HBT,527,527,X02
a40b5f8e-5ae9-4522-822f-eb23607a12ae,HBT,527,527,C03
1af1019d-8ad3-4381-80bc-75b2b1647c15,HBT,527,527,X01
dd8997e8-a56d-4118-a50f-06e91ea7d47f,HBT,530,530,X02
744bd49e-304c-4262-b0a8-078ad8131a2c,HBT,530,530,C03
c8361de4-f221-41c8-bce0-37bb1129cd02,HBT,530,530,X01
77f1b08c-4dbf-4bfb-b3da-792c07470066,HBT,531,531,X02
27126348-87d4-42e9-bb0a-a8e12341b837,HBT,531,531,C03
40a33a78-6552-4a21-8d09-2e7a347af894,HBT,531,531,X01
0bf3f7c4-2490-4591-99f8-ccdff97de74f,HBT,533,533,X02
e5daf251-ef86-41bb-998c-3fa28f7a3558,HBT,533,533,C03
17c0b21f-0386-4131-9582-77e4d0f4297c,HBT,533,533,X01
2d696fbb-4d10-409c-b655-0402713440c1,HBT,538,538,X02
3809cd8c-d9db-4494-9c2f-8dabcf2396c4,HBT,538,538,C03
50035c82-1041-416c-86aa-5aa72797038a,HBT,538,538,X01
a8165d46-583a-4ffd-8fc1-7082e458271f,HBT,602,602,D14
ed6ad816-f26f-4f60-a419-445f2d8b3ad6,HBT,602,602,X78
a18a5256-5d2d-4ba3-88fa-ad1ad2f9657a,HBT,602,602,X79
bce77fe4-cd3f-41b4-a92d-cacfd4497ee8,HBT,603,603,X79
798c5f64-ac27-4806-87d0-16b02ab03d65,HBT,603,603,D14
3b6297fe-cea1-4f72-8290-3f5e6e9b48d3,HBT,603,603,X78
0b48ed2d-1ff9-42b4-bf59-8ed31ff4379e,HBT,604,604,D14
a4d0f861-2800-44d7-b4d2-0aff120d24e2,HBT,604,604,X78
eae98f66-808a-4b8b-ba1d-700107ec3979,HBT,604,604,X79
eb50e1b3-51ee-4d24-aaab-e3bae652138b,HBT,605,605,D14
d67d9057-ca95-4def-9beb-b55e8d354254,HBT,605,605,X78
32d40caa-209c-46c1-9966-480b02919ed4,HBT,605,605,X79
341a5921-97fe-4593-8a3d-0c49478eeb4e,HBT,606,606,X78
61e3b037-b19f-43a4-b1c6-855bde29ac63,HBT,606,606,X79
9872f9e1-2b88-4ecd-a67a-c90a751ed9d2,HBT,606,606,D14
2cc686c2-753e-444a-9b35-c1b20b4ee4fd,HBT,607,607,D14
c783900e-e58c-4238-ac30-499b249581c0,HBT,607,607,X78
000a130c-7374-47fd-8399-9cc19241104c,HBT,607,607,X79
0d634293-1cdb-4cf8-a479-91e5076fed3e,HBT,610,610,X79
036e9361-d614-40bc-823f-fc17aa0f2662,HBT,610,610,D14
1f204332-975d-4fa8-a5ac-c8475f7abda7,HBT,610,610,X78
b6ae37cf-e20e-4cb0-a8c3-2e9d3459f619,HBT,611,611,D14
866d0e5d-7a2a-4a7c-92ed-a6ffbec0dcce,HBT,611,611,X78
4a902974-ca9f-468f-8f9b-3fd156ea175a,HBT,611,611,X79
fb96afc1-4b80-47fc-82f4-b3a7f5de0752,HBT,614,614,D14
0adc22d5-c7bc-4e76-88d7-6735fd2755c8,HBT,614,614,X78
be96af55-d26c-4821-b0c6-7595fb1d8070,HBT,614,614,X79
b2b27b06-0d6c-43ef-8022-ef9948c4c78d,HBT,615,615,D14
0429ab37-df80-4bc3-aab7-619e895583aa,HBT,615,615,X78
5682d3f5-ea7f-42da-b049-1f218954e914,HBT,615,615,X79
1bc471f0-b321-4b2d-8efa-b6f0966462a3,HBT,616,616,D14
9d7c07b1-a8eb-425c-aeaf-0131c8dc6348,HBT,616,616,X78
a486e1f5-7910-4d1c-b162-034fa0adae34,HBT,616,616,X79
534f646c-ca6f-40f8-a135-c2be71a3436f,HBT,7220201,7220201,D14
5a553928-5f8f-42b9-946c-f2ef70435d3b,HBT,7220201,7220201,X78
6e409168-78cd-40ba-b202-ab0f967cbe06,HBT,7220201,7220201,X79
7e06cd7e-9153-45d8-8f48-fa92ed99a9cb,HBT,7229001,7229001,X02
ebdb3eb4-76e0-47fc-b807-1946b1257314,HBT,7229001,7229001,C03
f158e770-9c79-41ea-b426-ed22c17e5cba,HBT,7229001,7229001,X01
35654407-e039-439b-8bcc-0e38c6c9704a,HBT,7229008,7229008,X02
7d2535a4-41d3-4fa7-8099-eb63433b9a0e,HBT,7229008,7229008,C03
9332a6da-d50f-4337-9876-218200c41e50,HBT,7229008,7229008,X01
13af4970-bca4-48b7-b5d1-778c01c53e55,HBT,7229010,7229010,X70
6ce404cf-41b1-4dc1-8eba-1adf792f277b,HBT,7229010,7229010,X71
74de21d8-70d3-4a52-854c-35bc1c885159,HBT,7310102,7310102,X02
80b4a135-38ac-4cf6-be70-c85b20cd0698,HBT,7310102,7310102,C03
2a983161-0419-405e-9943-f868838a47e7,HBT,7310102,7310102,X01
310544cb-aa1d-47c2-88a4-290d90ec4770,HBT,7310202,7310202,X02
ee60630a-e034-445e-8947-1c1bf30de43c,HBT,7310202,7310202,C03
03063685-239d-4907-a7b1-fb86a74cc0f4,HBT,7310202,7310202,X01
e3f52d41-8980-435c-b0f0-3d4f2129bc3e,HBT,7310205,7310205,D01
bd2a9a36-3e19-4d85-9452-a33717be27e7,HBT,7310205,7310205,X02
44d54c8f-d2c1-4fcd-affc-1419c19e7ad9,HBT,7310205,7310205,C03
14b32b5b-0f12-4bb7-ba7c-2d8be5a5d581,HBT,7310205,7310205,X01
f3a335d4-d4aa-4d17-ae79-ac58b3411d88,HBT,7310301,7310301,X02
7c1b2c0a-2ad1-4dcd-bd56-1c834b57256e,HBT,7310301,7310301,C03
09f8e1d9-ba4f-4496-a5fa-5854e27d065c,HBT,7310301,7310301,X01
f39e312d-4330-4116-b2cf-f4459f053bee,HBT,7320104,7320104,X79
60dc22c3-7ce2-45bc-9be1-f5d66abc8d7d,HBT,7320104,7320104,D14
bf9aabdd-8c46-44c4-8cde-dcd8e17b38cb,HBT,7320104,7320104,X78
5df30bb8-72e6-4899-8d30-db26c8ff3615,HBT,7320105,7320105,D14
21b62f98-74ab-4548-ae4d-ffd0bc0e60bc,HBT,7320105,7320105,X78
4fddb180-6d48-4fa2-9583-0fc949fe572f,HBT,7320105,7320105,X79
40fa14aa-bb23-417b-bf52-d15f88560a1f,HBT,7320107,7320107,D14
5d23bc63-a9ac-42a6-8392-94ccd5db6f8f,HBT,7320107,7320107,X78
3823bd82-bdac-4149-b2a0-af08cfed8474,HBT,7320107,7320107,X79
dbd3f60e-417e-4780-8f94-d945fd0e3957,HBT,7320110,7320110,X78
535095ca-86da-4a57-a45f-37424c2126d9,HBT,7320110,7320110,X79
77d6f694-f036-4dd9-9025-45038a03d6f7,HBT,7320110,7320110,D14
d6beb029-6178-4a61-ae81-b3269dac7e9c,HBT,7340403,7340403,X02
20973454-72fb-4781-828e-afe24efb6240,HBT,7340403,7340403,C03
ecbd659c-3b4d-4572-b677-7a0b605f02a6,HBT,7340403,7340403,X01
53743f99-1f85-4677-b141-e032d8dd42bf,HBT,7760101,7760101,X02
71325b84-a1ce-49c5-921f-2621981c94d7,HBT,7760101,7760101,C03
3268510a-f641-4553-9e9a-4bdf517de3e1,HBT,7760101,7760101,X01
791c6e34-0fcf-477d-b7b3-9cb9c4ddd611,HBT,801,801,D14
18608fc8-4dd3-494b-be22-f71094cdcf79,HBT,801,801,X78
d6415e5b-7bbd-4fd6-accb-f008ab14a5fa,HBT,801,801,X79
a88b5ce8-e564-425c-9648-0551ae17f18e,HBT,802,802,X78
8c816a9d-eca0-4915-8083-59c5f596d859,HBT,802,802,X79
76dd9d37-7c51-445e-9f4e-a632be9badcf,HBT,802,802,D14
823a6398-c7f5-4ad3-8299-265ac39c71d3,HBT,532,532,A01
1d68a2b2-1bce-4dea-9423-c6a16c5dd219,HEH,7860218,7860218,A00
43eb967a-f7d6-43b1-8076-e24376dfb9c9,HEH,7860218,7860218,A01
771d72e9-e085-42f1-9e6a-b955c77f40fa,HEH,7860218_Nam_B_A00,7860218,A00
60e2b93a-a255-4a4c-abce-f6ac5c7fde9d,HEH,7860218_Nam_B_A01,7860218,A01
dec91a52-67d8-4df4-8b6c-575ce60dd8e1,HEH,7860218_Nam_N_A00,7860218,A00
c85d3b56-e75b-40bb-b4c2-152569be74a2,HEH,7860218_Nam_N_A01,7860218,A01
7ac23f43-d2c1-4143-8348-ae8552a04045,HEH,7860218_Nu_B_A00,7860218,A00
cd3ac0b6-003e-47fc-ac22-38c49eb51d6a,HEH,7860218_Nu_B_A01,7860218,A01
88b62347-94db-47e0-9489-a2c3be81840a,HEH,7860218_Nu_N_A00,7860218,A00
ac4cdc2d-c804-4ec4-92c7-8b885a8a4951,HEH,7860218_Nu_N_A01,7860218,A01
0f2c3ece-e4a9-4802-bdb0-f3558aac64da,HEH,7860218_Nam_B_C01,7860218,C01
c57986ae-f265-44fe-b583-2b0975cdd1a2,HEH,7860218_Nam_B_X06,7860218,X06
d5cdafca-51e5-47bc-a783-081c10431462,HEH,7860218_Nam_N_C01,7860218,C01
6d9e88b9-f6e0-4b5e-bb5a-194ed9edfa67,HEH,7860218_Nam_N_X06,7860218,X06
49cdf413-c648-405a-9c29-8734c02a5d0a,HEH,7860218_Nu_B_C01,7860218,C01
807bb1d0-b880-4be1-88db-a436e53f9403,HEH,7860218_Nu_B_X06,7860218,X06
5fb23bad-a363-486c-84ed-f18e2ea366f0,HEH,7860218_Nu_N_C01,7860218,C01
18619fe6-76ac-4ea3-ab3c-44e31bd96f51,HEH,7860218_Nu_N_X06,7860218,X06
d3e4dab6-35c4-4097-8f33-c7357f451904,HEH,7860218_Nam_B,7860218,Q00
ee66410b-4313-45ab-bc47-367d36b02d52,HEH,7860218_Nam_N,7860218,Q00
9db23146-aa7d-44e6-99e5-d859b56cf172,HEH,7860218_Nu_B,7860218,Q00
8021f81f-1eb1-47fa-a2a7-3799a29043c6,HEH,7860218_Nu_N,7860218,Q00
30744564-dba3-4e77-86d2-3233349d7f43,HCP,7310101,7310101,A00
89dcab2b-e442-467a-8c59-fd173bbc39ff,HCP,7310101,7310101,A01
8b1f1a94-3a16-411a-8c66-1cd82067f8d1,HCP,7310101,7310101,C01
a5a63508-7edf-4dc2-8620-6c1c25b1d5d0,HCP,7310101,7310101,D01
0e8a8409-6eff-4fcf-ba5e-9183946377c6,HCP,7310105,7310105,A00
fa59eacb-9875-4685-aabc-cfb7633e5875,HCP,7310105,7310105,A01
0cb7fc99-d926-4ed3-9948-7455c5f16836,HCP,7310105,7310105,C02
741bc976-a8cf-45ec-99ec-ababaaf05a90,HCP,7310105,7310105,D01
19e0de95-402e-42ce-8902-d786530107f9,HCP,7310106,7310106,A00
d2cbed7b-4648-4331-8793-f82c95bca7cc,HCP,7310106,7310106,A01
560afb95-9055-4493-85a0-e331849c7d1b,HCP,7310106,7310106,D01
eb1d95ca-16b8-4cc6-9e57-a98697a24276,HCP,7310106,7310106,D07
09717d22-bd8d-4043-81a3-5edc55b05fd8,HCP,7310112,7310112,A00
6d04e705-5457-41ca-8f72-7e4b2ba925af,HCP,7310112,7310112,A01
fba49d45-3693-4e9b-9bf8-bad2fc5f8f90,HCP,7310112,7310112,C01
3cd8fe0a-bb05-464d-b6b1-6aa56e900650,HCP,7310112,7310112,D01
7d40b509-6fa2-42ae-8597-ab61f99c8a66,HCP,7310205,7310205,A01
6fc67df5-efb9-4a79-bfdb-b524119582a7,HCP,7310205,7310205,C00
0fb66712-e41e-48c9-9020-d90dc1d7ce03,HCP,7310205,7310205,D01
36e180e3-a196-4b0e-a266-98fc4d09ef1c,HCP,7310205,7310205,D09
5820142b-bb45-47fa-885b-196507f34c7d,HCP,7340101,7340101,A00
0044569c-d65e-43f2-92b7-dac467329676,HCP,7340101,7340101,A01
c98d936c-2369-4043-a053-101b25f8b26c,HCP,7340101,7340101,C01
31b36853-bd96-45ae-8f8b-9e66e550cdb6,HCP,7340101,7340101,D01
346f88ba-6f64-4007-bc52-5db121646706,HCP,7340201,7340201,A00
93699ea9-3dba-43ae-a4f6-be010cc369ef,HCP,7340201,7340201,A01
2a36fba8-e323-4a0a-8cc9-56622c8db8c4,HCP,7340201,7340201,D01
309e9154-8efc-4b5c-9528-8b7a383bc18b,HCP,7340201,7340201,D07
54357fcd-277f-4106-8d92-063e6a93886f,HCP,7340301,7340301,A00
69336833-f54d-4fe6-a173-fd5c1da636ff,HCP,7340301,7340301,A01
8354c6a0-888b-4491-86f9-eb0389b9458c,HCP,7340301,7340301,C01
d208cd5a-b56e-4c16-8ff2-e80ee5783987,HCP,7340301,7340301,D01
5291ef4d-392c-4c2b-98fb-123f63b0e5d5,HCP,7380107,7380107,A01
532e22a2-dbf8-45b4-bcfa-18da644c2b47,HCP,7380107,7380107,C00
fcb52d6c-bea0-4a2a-b7f2-17b44f914fc7,HCP,7380107,7380107,D01
cddfd500-c974-45c9-8a63-556217bf7096,HCP,7380107,7380107,D09
e723683b-10c0-4b71-975c-1aff3f8c2fbe,HCP,7220201,7220201,A01
dc140d5b-8a70-4c21-bae3-7c52f5c24360,HCP,7220201,7220201,D01
fae5a977-ff25-4905-97e8-24ce62499866,HCP,7220201,7220201,D07
1a58d9a6-3d2d-40a5-b238-e5cc5d4136f6,HCP,7220201,7220201,D10
27aea0eb-ffb6-46e5-8e59-e5bef7dd3bed,HCP,7310109,7310109,A00
2bf7af70-9414-4f64-9a19-dec38fabda86,HCP,7310109,7310109,A01
5152b6de-d146-4c3c-8205-cb2e4654b3d5,HCP,7310109,7310109,C01
2ba98667-01ba-42a0-a43c-c9c7def604fc,HCP,7310109,7310109,D01
a562a137-0d49-4551-9365-f978dcb15188,HCP,7380107,7380107,A00
565bf35f-228d-4831-9cff-515157e9f395,HCP,7310106_CLC,7310106_CLC,A00
db40a6e9-9f26-49ba-99ed-57fd13e9fed4,HCP,7310106_CLC,7310106_CLC,A01
2c30b363-e985-4c7c-ad2e-93b968248d35,HCP,7310106_CLC,7310106_CLC,D01
53d17708-c64f-49b6-81c6-75dea8cace87,HCP,7310106_CLC,7310106_CLC,D07
0059cda4-21c8-445d-9cbc-8cb6494af310,HCP,7340201_CLC,7340201_CLC,A00
226a6c41-522c-4626-a113-1d8efb102d2d,HCP,7340201_CLC,7340201_CLC,A01
579b4942-785b-49e4-99d1-c12090d91d15,HCP,7340201_CLC,7340201_CLC,D01
a1433039-89a5-44fc-926e-a1eccc264f3c,HCP,7340201_CLC,7340201_CLC,D07
8379a310-1c9e-42fd-a1df-a8b7a331e170,HCP,7310101,7310101,D07
e4f1963b-20aa-4450-b9ec-ee1d48da9f72,HCP,7310106_1,7310106_1,A01
52c327f0-3e88-45dc-809e-30bc39386e24,HCP,7310106_1,7310106_1,D01
6f57bc0d-2124-444c-a1ee-f99df208e135,HCP,7310106_1,7310106_1,D07
d500360a-a2f4-4cc3-821b-0bf0ed5dc44f,HCP,7310106_1,7310106_1,D10
4797d424-9e61-48cb-aa58-3cd3dabf6f83,HCP,7310109,7310109,D07
ebccb411-9e81-49cd-ab7a-0bc3a1a8c2c5,HCP,7340101,7340101,D07
101e6396-e5ea-4b03-b9d0-c888f0b107b9,HCP,7340101_1,7340101_1,A01
8d0ed200-6d92-4bbf-ad35-fde06362fe8b,HCP,7340101_1,7340101_1,D01
1cc4cddf-3fba-465b-80b3-cfaa8b11dedf,HCP,7340101_1,7340101_1,D07
11564faf-5288-4e0e-ac7f-d488ef9bc332,HCP,7340101_1,7340101_1,D10
483f0862-531a-4cd9-befd-20d4aa017518,HCP,7340201_1,7340201_1,A01
08e9e1c9-4043-49b6-b931-9c9ce5ee75dc,HCP,7340201_1,7340201_1,D01
7ad3a93d-16b3-4715-b00d-df8a1d1d6a62,HCP,7340201_1,7340201_1,D07
d9994f47-454e-41f4-8fa6-3fbb7a9fd5b9,HCP,7340201_1,7340201_1,D10
86d36e50-a363-4a90-b915-af09f88d4b81,HCP,7340301,7340301,D07
bf39ccd9-dcec-4b47-9d23-f76a0ad7f681,HCP,7220201,7220201,D09
e1c270d3-2e75-48d8-bdb3-14d6f3b8a3da,HCP,7310101,7310101,D84
0a6f2f8a-280f-4e60-bc33-7e69f9cfd010,HCP,7310105,7310105,D84
7037ac3a-ec3c-479c-815b-9f88f3705434,HCP,7310106,7310106,D84
dcea1c38-5512-40e0-b03e-7194737ac9d8,HCP,7310106_1,7310106_1,D84
e415c04c-32dd-4c95-975b-b098c41b0d92,HCP,7310106_2,7310106_2,A01
27752e75-ddbd-41ea-95e5-0d356af369b6,HCP,7310106_2,7310106_2,D01
367b0c71-498b-443a-b83c-aab464746cdc,HCP,7310106_2,7310106_2,D07
609c2946-4c83-4cff-8947-bd95a3182b08,HCP,7310106_2,7310106_2,D84
6608a0d7-3ac7-47ec-b964-07be9c04538a,HCP,7310109,7310109,D84
f28d2076-2dce-42ed-a506-95f0a8f176ec,HCP,7310205,7310205,D84
e70de650-30dd-4ec9-b3d6-e3d784b98e9a,HCP,7310206,7310206,C00
a864cd81-853c-4510-9761-96b4d3246c89,HCP,7340101,7340101,D84
387e385b-73af-494c-b172-361e02b177ca,HCP,7340101_1,7340101_1,D84
56cf9af2-df0d-4946-9023-35126e129e3a,HCP,7340115_2,7340115_2,A01
8a581f2e-6687-4574-8ab6-617e60d0e755,HCP,7340115_2,7340115_2,D01
75f06b9e-1a91-478d-9a0b-b243976ff09a,HCP,7340115_2,7340115_2,D07
708eb6d3-e2d0-4f95-9079-6f7c6309bd59,HCP,7340115_2,7340115_2,D84
7be4a449-1c43-4934-8a2a-93736bf6a444,HCP,7340201_1,7340201_1,D84
60ea9f68-48ab-4f3c-8c32-efbd8ad1fbd3,HCP,7340201_2,7340201_2,A01
e73ff65b-0c4a-4bb0-bf5a-ee4c8c99e8cc,HCP,7340201_2,7340201_2,D01
b31f27f9-4e90-4c4c-975b-d0737179da89,HCP,7340201_2,7340201_2,D07
87315ee8-8d03-4c63-b1bc-1f202e51c360,HCP,7340201_2,7340201_2,D84
3bb1f5c9-7b30-4b21-a10b-e4f66ced0003,HCP,7340301,7340301,D84
70de38db-82c1-4fc8-933f-194aa82c726c,HCP,7380107,7380107,D84
a4a4ae89-6030-46b3-95af-c0a1fe35aa32,HCP,7310106_1,7310106_1,A00
e52bf447-d4f5-451f-9ae3-5ce808bd5006,HCP,7340201_1,7340201_1,A00
b6eb65fc-2536-4aec-a1db-7050ecfc42bc,HCP,7380107,7380107,D07
24ed9c29-2b3b-428b-8fbf-47382f118f91,NQH,7220201,7220201,D01
1ffbb123-717a-464a-a25a-cae930d5d5bd,NQH,7220202,7220202,D01
9d865c73-7db3-40f5-984d-83fcf0345020,NQH,7220202,7220202,D02
2da5174a-1638-4985-b9e7-22e688b87fb5,NQH,7220204,7220204,D01
a2ccacf7-7b74-41fc-89cc-07a311fe3b41,NQH,7220204,7220204,D04
15c8ca90-edf0-412f-ad18-26e892caf208,NQH,7860231,7860231,A00
28f193c7-7eb5-4d4e-b02e-b9fcf5279fe8,NQH,7860231,7860231,A01
34acd89b-bccc-4fa6-bedc-179f21153c74,NQH,7310206,7310206,D01
2285df51-aecb-4b4e-aa6c-f12b84b93f5c,NQH,7220201_Nam,7220201,D01
1e058335-909f-462b-8dbe-06e126a81d7f,NQH,7220201_Nu,7220201,D01
a21fe1a2-7c05-4af3-9759-88a97213a93c,NQH,7220202_Nam,7220202,D01
e0320365-4909-446c-bea4-a48b9015e8c7,NQH,7220202_Nam,7220202,D02
5fda633c-57dd-4861-9016-82671bb082a2,NQH,7220202_Nu,7220202,D01
237d72cb-3aba-46f7-a36b-db821138083a,NQH,7220202_Nu,7220202,D02
ab1ddc5d-39d0-4da2-83cd-1058a2b93901,NQH,7220204_Nam,7220204,D01
da5c8a19-11ff-4f83-b5dd-3e637f1d99cb,NQH,7220204_Nam,7220204,D04
2856941b-aa93-4d34-bcf2-aeedbfb4d35b,NQH,7220204_Nu,7220204,D01
ab6423c3-206e-40b0-8c3b-91f87c54a580,NQH,7220204_Nu,7220204,D04
3a963639-4a5a-48b5-b413-5e56aef5ba25,NQH,7310206_Nam,7310206,D01
2a80f9b9-c64f-443e-a9cd-5de2e88e57eb,NQH,7310206_Nu,7310206,D01
4658b22e-01cd-408f-a443-cf640ea919ff,NQH,7860231_Nam_B,7860231,A00
8c668f93-979a-40b9-9f5c-fc5bfb6c9245,NQH,7860231_Nam_B,7860231,A01
cd9924ee-a324-4293-ba53-63ee8414adba,NQH,7860231_Nam_N,7860231,A00
251e44a8-e6e2-4e89-b3f1-ab2a218d53ac,NQH,7860231_Nam_N,7860231,A01
4109ef68-a90c-48a3-83ce-965268b3714d,NQH,7220201_Nam,7220201,Q00
65fd6c8d-a9b9-4aa3-a79b-f8c9801fc3ce,NQH,7220201_Nu,7220201,Q00
c371c8f5-c5f8-4488-8f7f-6cc77382e5ca,NQH,7220202_Nam,7220202,Q00
2a3aacf8-16c1-4191-9edc-54e5e14673fe,NQH,7220202_Nu,7220202,Q00
e21128a8-7e36-485b-b8a2-a891877bd908,NQH,7220204_Nam,7220204,Q00
08ddf8d2-7dd6-418c-aff3-607f7872ef13,NQH,7220204_Nu,7220204,Q00
684b7ef6-30ee-4c38-b318-9ec1d32e8fcf,NQH,7310206_Nam,7310206,Q00
42e6c530-c714-4621-b761-ffb912589279,NQH,7310206_Nu,7310206,Q00
42dcd150-a41a-47ae-860c-e6e85f7a991f,NQH,7860231_Nam_B,7860231,Q00
29b5df16-feda-48b2-959e-1152b9617b5d,NQH,7860231_Nam_N,7860231,Q00
2ff16113-ad19-41fb-aaf9-d87662d274ab,BVH,7320104,7320104,A00
ff7b9eca-667f-4cbe-b990-9a9b5886ac34,BVH,7320104,7320104,A01
9996398f-dbfa-491d-b9a5-dae6b55e3d46,BVH,7320104,7320104,D01
ca6e5323-08a8-40c7-9f5d-3f775397c732,BVH,7329001,7329001,A00
54082fcb-4106-46d8-8e50-3db0e99f332d,BVH,7329001,7329001,A01
1cbafa8f-096c-442b-8982-ab255dd2afd3,BVH,7329001,7329001,D01
63fd35a9-184f-4b70-9d54-a3e01cd0eefe,BVH,7340101,7340101,A00
ce6c232e-c6fe-4d08-9e87-25ee33b08f34,BVH,7340101,7340101,A01
4edd6cf6-8657-4e51-a14f-d26de7d156c1,BVH,7340101,7340101,D01
0e869adc-ffcc-4096-a6d3-8ce5c44bbc50,BVH,7340115,7340115,A00
57df67c5-4da7-490a-932a-7adf082ce415,BVH,7340115,7340115,A01
8964e10b-2520-43fa-b6bb-32259c7216b5,BVH,7340115,7340115,D01
8480ce28-7a53-4068-aac7-9e4fc0b45aa2,BVH,7340122,7340122,A00
22d53f0d-83c4-465b-8940-ed144d9b1cb2,BVH,7340122,7340122,A01
ff2dd088-44de-4669-b7d7-3712222e644e,BVH,7340122,7340122,D01
e24f10c6-8b20-4c69-a88a-a1c64f53bb27,BVH,7340208,7340208,A00
85be5844-7822-4ceb-9dd3-063f0d3d94f3,BVH,7340208,7340208,A01
5dcbe9d2-d0a4-4a12-a9b0-3ae1d5121c49,BVH,7340208,7340208,D01
a27e6375-a275-4485-9c89-d1119233cbc3,BVH,7340301,7340301,A00
afb2308b-c3a1-4d73-8ceb-e68f5104bb8b,BVH,7340301,7340301,A01
e53ba4d1-1bb4-4610-ac87-d6fec6d92142,BVH,7340301,7340301,D01
5cf0e510-27a0-4dd0-8bc3-20708b685a26,BVH,7480201,7480201,A00
6c064986-0eaf-4201-9e1f-44fb786cff67,BVH,7480201,7480201,A01
a0e01e02-6dac-4659-b9a6-75f0677a8f24,BVH,7480202,7480202,A00
e9855cf1-bc43-4096-a1e3-84c9e77e0957,BVH,7480202,7480202,A01
433de0fd-1200-465d-89ef-e2936b5af3ea,BVH,7510301,7510301,A00
345e226d-48da-4b24-87ba-fdc634338c59,BVH,7510301,7510301,A01
f19a7906-d64d-42e0-90b2-4d6df66d31bb,BVH,7520207,7520207,A00
0ebd227d-2484-4557-9915-9a145f72569a,BVH,7520207,7520207,A01
0a032dae-42e2-4fe4-a846-e2236f127e42,BVH,7320101,7320101,A00
2f4ee4dc-b7cc-4b78-9a7d-3e65c93d8c5d,BVH,7320101,7320101,A01
731acd86-bd5b-4d64-a7ee-5917c727ac1c,BVH,7320101,7320101,D01
457d3ffc-f7e2-4d45-abab-253cfa814a59,BVH,7340205,7340205,A00
bb699539-e0dc-4d42-8f1d-9c431d42a543,BVH,7340205,7340205,A01
2007095d-741f-41ce-888c-a66a537df119,BVH,7340205,7340205,D01
8c663731-9a03-4943-9ffb-10f6e857eab9,BVH,7480101,7480101,A00
b78408bf-250b-468a-975b-fcabeb37e2fe,BVH,7480101,7480101,A01
c876b7cc-6130-48f8-97fc-c58d4f3a6722,BVH,7480102,7480102,A00
65f20101-7167-4914-a10d-4f2582bafaf2,BVH,7480102,7480102,A01
28f98152-af65-49d8-9c95-2c771d180f32,BVH,7480201 _CLC,7480201 _CLC,A00
69bd107d-efeb-4f4f-a870-1ebd52eb9c7f,BVH,7480201 _CLC,7480201 _CLC,A01
81b02dff-df95-410f-805e-b3da0241d93a,BVH,7480201 _UDU,7480201 _UDU,A00
a5a16b3c-a5ba-4be9-aabc-d2b22ae0f59c,BVH,7480201 _UDU,7480201 _UDU,A01
4d0bea3a-5f34-4fba-8ee8-8273841e7cb0,BVH,7520216,7520216,A00
b7b85f95-0a2a-4e3c-9a40-ac1edf7563e8,BVH,7520216,7520216,A01
6f99a173-a1db-4a01-b969-117279ba92e7,BVH,7329001_GAM,7329001_GAM,A00
2074a085-6b94-4add-a695-ead4e79b22c8,BVH,7329001_GAM,7329001_GAM,A01
e306f387-bf6f-43b3-8f47-3b9075299dd2,BVH,7329001_GAM,7329001_GAM,D01
b4e26736-e803-47f5-ac9c-34326573fa77,BVH,7340115_CLC,7340115_CLC,A00
ec6b7b0f-09dd-46e3-8130-fc026baeec71,BVH,7340115_CLC,7340115_CLC,A01
c63f4983-3e6c-4f90-8825-e025d4b000e8,BVH,7340115_CLC,7340115_CLC,D01
03421b21-9167-4cf0-b57a-0ace8827e157,BVH,7340115_QHC,7340115_QHC,A00
b00e9b06-e440-484b-b587-88b50655b804,BVH,7340115_QHC,7340115_QHC,A01
827ee968-97ca-46d7-9bcd-419334ccfae2,BVH,7340115_QHC,7340115_QHC,D01
e75f059e-74b7-4d62-af45-717347034aaa,BVH,7340301_CLC,7340301_CLC,A00
f5eae6bb-5229-41d0-b6aa-2781fc50a842,BVH,7340301_CLC,7340301_CLC,A01
0575059d-90ae-43c0-bd5e-d9fc2386f9e4,BVH,7340301_CLC,7340301_CLC,D01
520c2618-bcda-4a2f-84e9-f325a409c858,BVH,7480201_CLC,7480201_CLC,A00
93e3f5b4-9681-4cc2-b262-2cb4bc5c68c2,BVH,7480201_CLC,7480201_CLC,A01
b6af6d09-ba4c-465f-9075-8a64689d46ba,BVH,7480201_CLC,7480201_CLC,D01
ce0ca060-7345-4107-a678-da564d2751fe,BVH,7480201_UDU,7480201_UDU,A00
55559e2f-f8a1-42fb-9d52-ace7fd0b605b,BVH,7480201_UDU,7480201_UDU,A01
74103039-5d73-4aa9-a869-05721dd7ca82,BVH,7480201_VNH,7480201_VNH,A00
904e5fa4-0d8d-444e-84b2-95ca9db0b645,BVH,7480201_VNH,7480201_VNH,A01
74b611bc-3d13-46ab-a0f9-5be4b8352ffe,BVH,7320101,7320101,X06
bac1737e-3582-4263-b329-6e07a9b70ab4,BVH,7320101,7320101,X26
cebf4039-48b2-496e-8ad6-9a95a775c798,BVH,7320104,7320104,X06
a6167949-cc41-4a2e-a396-1205536a2389,BVH,7320104,7320104,X26
63196bb2-a66e-4aa2-94ac-459677dae9f3,BVH,7320104_CLC,7320104_CLC,A00
97979cda-5b2e-4610-8721-633b68fb3b87,BVH,7320104_CLC,7320104_CLC,A01
80b100e8-4f88-4057-baf0-07911f5bd486,BVH,7320104_CLC,7320104_CLC,D01
39df368e-21b7-487f-9ac4-7bcb8d69ffba,BVH,7320104_CLC,7320104_CLC,X06
ac9229fd-3979-46d9-9db2-f6e8571b3932,BVH,7320104_CLC,7320104_CLC,X26
7d522d2d-ffcd-49f3-967b-ea6e7dd6b310,BVH,7329001,7329001,X06
6e57e473-46bc-47e1-a1a3-37fdd673d606,BVH,7329001,7329001,X26
31050b5f-a862-401a-894c-60686e8a8de5,BVH,7329001_GAM,7329001_GAM,X06
77a3686d-bc48-409b-81c3-00fde0b6b3d9,BVH,7329001_GAM,7329001_GAM,X26
a9bb9830-6252-456e-89bd-e9cabb438551,BVH,7340101,7340101,X06
1cc23d49-064f-4c04-8ed8-4d604b474aa2,BVH,7340101,7340101,X26
cba2b4fa-83d5-4601-960e-3b7f5057f6c7,BVH,7340101_LOG,7340101_LOG,A00
613d24ea-b7f2-4cb9-9ae5-99fef796db8c,BVH,7340101_LOG,7340101_LOG,A01
0886c90e-9c9e-42ef-bfbb-9eb387a34117,BVH,7340101_LOG,7340101_LOG,D01
2cf7c0db-85f5-49ed-9b7a-3424dcb949db,BVH,7340101_LOG,7340101_LOG,X06
6ad93be7-ffe7-4000-8ae3-6322b37e62d5,BVH,7340101_LOG,7340101_LOG,X26
e0b9883e-3a10-4768-8163-6f56b9e70168,BVH,7340115,7340115,X06
27039c9a-e699-42ad-81c5-3f3a6c36b166,BVH,7340115,7340115,X26
14034454-dcdb-4b79-9cef-b1ca70cce935,BVH,7340115_CLC,7340115_CLC,X06
09f32f8f-2e94-4160-801f-6d82cf7b5eb0,BVH,7340115_CLC,7340115_CLC,X26
8b6c456d-4197-42a9-a1b2-fd0a48d8f567,BVH,7340115_QHC,7340115_QHC,X06
cb9a621e-cde4-448d-b7e8-681fc68a2538,BVH,7340115_QHC,7340115_QHC,X26
90539112-6fca-4cc1-b06a-d1bbeb3cc2f5,BVH,7340122,7340122,X06
d9371780-e916-4694-a77b-d304edb64465,BVH,7340122,7340122,X26
85a148f3-0f7d-4a20-8833-080483388769,BVH,7340205,7340205,X06
e9facabd-8bd9-4c65-9d65-f9dc4a2cdd4a,BVH,7340205,7340205,X26
fb232ebb-7ee6-4a26-bf08-e5246176b8ae,BVH,7340301,7340301,X06
37989b2d-caea-4a68-b040-3bf903324a01,BVH,7340301,7340301,X26
490f2a55-cc30-4158-b19e-8496a967860c,BVH,7340301_CLC,7340301_CLC,X06
ddbb19d6-388b-4b7f-9275-117234efea59,BVH,7340301_CLC,7340301_CLC,X26
50626274-e050-4208-87aa-e4136c888fc8,BVH,7480101,7480101,X06
b7cb99f3-d8af-49f3-86d4-cb93d4e583f3,BVH,7480101,7480101,X26
24dc50f6-e421-4476-8ae6-b8598fa29bdd,BVH,7480102,7480102,X06
614cc313-f0ca-4c56-ac0c-d56602f813ad,BVH,7480102,7480102,X26
0d64dc65-d66e-435f-a783-dafe62f653c1,BVH,7480107,7480107,A00
a92bc43e-3063-4127-8031-dbc9398b15af,BVH,7480107,7480107,A01
60191a41-009e-46bd-9666-5d6ffaed13c1,BVH,7480107,7480107,X06
ac4c89e3-ca27-4bd7-96f8-d8591cd1b2a7,BVH,7480107,7480107,X26
e0208886-7185-4b91-91e1-e785598add66,BVH,7480201,7480201,X06
77e57188-6e77-49bd-9bbe-706753fbbd19,BVH,7480201,7480201,X26
238e079d-39e8-45a1-ada5-a8c56cbad933,BVH,7480201_CLC,7480201_CLC,X06
724c0657-e2d1-465d-b7ef-4ac0460e4eeb,BVH,7480201_CLC,7480201_CLC,X26
5f3776ec-fd6f-4bfd-92bc-2a6f1520e22c,BVH,7480201_UDU,7480201_UDU,X06
ec60fb5a-4342-48bf-ac36-68c22c1e21ee,BVH,7480201_UDU,7480201_UDU,X26
e40690d7-deab-4259-8ad1-624f7d7e11dd,BVH,7480201_VNH,7480201_VNH,X06
60cf5303-f634-458c-819a-07c1d1d12092,BVH,7480201_VNH,7480201_VNH,X26
6efd8315-b60e-4cf0-9835-540ee8b35e50,BVH,7480202,7480202,X06
81d160cc-56dd-4992-a435-eb2dff6d33a8,BVH,7480202,7480202,X26
37697010-7898-405a-9e93-84e8d3e4d23a,BVH,7480202_CLC,7480202_CLC,A00
4f517d1c-c160-48df-ad14-0f895aa91352,BVH,7480202_CLC,7480202_CLC,A01
8f4f45a1-95b1-400c-bd81-0752f666aa1d,BVH,7480202_CLC,7480202_CLC,X06
6a6b8e7f-a6e9-49d5-a04c-774a39a5fb4c,BVH,7480202_CLC,7480202_CLC,X26
ef617665-c39c-4d66-88bf-ee2c5fef0118,BVH,7510301,7510301,X06
36406c06-6dec-490f-9c87-0d79b3baf95b,BVH,7510301,7510301,X26
9c550e1b-0260-4a8d-96b9-f3f8883ac2c9,BVH,7510301_MBD,7510301_MBD,A00
27588d45-3305-4e42-bb4f-13b9eea43057,BVH,7510301_MBD,7510301_MBD,A01
90a80795-9a1d-40ca-a02d-9d3d867a1dc0,BVH,7510301_MBD,7510301_MBD,X06
f515a8aa-24ff-4f65-987f-7c8dc73cb9d4,BVH,7510301_MBD,7510301_MBD,X26
6865fb2d-a217-46d7-abf5-afb5288bbfdd,BVH,7520207,7520207,X06
d5356242-e0c0-431e-af7c-9e1777a23b5f,BVH,7520207,7520207,X26
501f5f34-8bdf-4927-85b0-3d1c2f4dadda,BVH,7520207_AIoT,7520207_AIoT,A00
2bbd30a7-8e25-4891-9913-aa3474f73fe7,BVH,7520207_AIoT,7520207_AIoT,A01
e1bbdba1-ffb8-4d8a-9104-9de6994cd196,BVH,7520207_AIoT,7520207_AIoT,X06
4417e1a9-67d8-4e1c-9344-c4b1b55222c7,BVH,7520207_AIoT,7520207_AIoT,X26
7ef8479c-5361-4dc2-af74-6d11a6a9a80e,BVH,7520216,7520216,X06
9d7ffd50-dca0-4a49-b9b1-533f52c1301a,BVH,7520216,7520216,X26
3476ca05-2534-48cb-a943-180b76912ce4,BVH,7329001_LK,7329001_LK,A00
1840acb6-7c56-4258-b989-3d08fd3720b1,BVH,7329001_LK,7329001_LK,A01
bb221c17-8a7a-4de0-a313-f61c3f37f5ae,BVH,7329001_LK,7329001_LK,D01
036b1515-994d-4e19-9a39-615551422df7,BVH,7340205_LK,7340205_LK,A00
79ff10d9-2da4-46d9-bb62-33c16f5ebdf2,BVH,7340205_LK,7340205_LK,A01
978ef62d-c2f7-4fa2-afb6-cb0c5887f641,BVH,7340205_LK,7340205_LK,D01
0a51e953-dc10-4a45-8733-d8ad12e40b1b,BVH,7480201_LK,7480201_LK,A00
99c65cac-daae-46b5-977d-556a0272fff7,BVH,7480201_LK,7480201_LK,A01
a796bba4-5945-492c-b6dd-1864502f19f0,KQH,7860220,7860220,A00
663f4c6d-ecec-4cbf-9ece-a1c752b41654,KQH,7860220,7860220,A01
98920992-266a-4471-b135-cf68ed38f7fe,KQH,7860220_Nam_B,7860220,A00
2997b0d0-e5fa-4248-b857-3cb78d123637,KQH,7860220_Nam_B,7860220,A01
04a1edab-8a8d-4337-a413-a5574cb004ea,KQH,7860220_Nam_N,7860220,A00
9287edf7-a134-439e-b57b-b1192930af2a,KQH,7860220_Nam_N,7860220,A01
e23e710d-949e-49d9-b9b2-174b1b6fccfd,KQH,7860220_Nu_B,7860220,A00
24803cb4-8a5c-45cd-aadb-cef4dcb14126,KQH,7860220_Nu_B,7860220,A01
c0bf46bf-9601-4e13-90e0-05d8c96ec523,KQH,7860220_Nu_N,7860220,A00
b2148a11-6e4e-4c4f-bdbc-365e6aae1092,KQH,7860220_Nu_N,7860220,A01
2823dbbf-5a5c-46f0-8e6a-16aa2b5cdf76,KQH,7860220_Nam_B,QS,A00
a4de8838-3e2f-49e5-8211-efe703e6e190,KQH,7860220_Nam_B,QS,A01
2f8ab11e-c4fb-4363-b4b3-b43007dd6e8b,KQH,7860220_Nam_B,QS,X06
536ba3cc-d0c6-4537-b182-09641b0a72bb,KQH,7860220_Nam_N,QS,A00
c295ee7a-098c-4c70-afd5-0a9cd1be2fc8,KQH,7860220_Nam_N,QS,A01
65d0c5de-564b-4476-8a73-58a2d1cfc481,KQH,7860220_Nam_N,QS,X06
47055cc7-50ca-4e0c-8986-485295d35616,KQH,7860220_Nu_B,QS,A00
7588725e-5f37-450a-aa52-7940fb03b28f,KQH,7860220_Nu_B,QS,A01
d9dba15f-c881-46fb-82ac-a9ee11a7173b,KQH,7860220_Nu_B,QS,X06
4d34d0ab-f32a-4c0d-b6fd-8d361ff589f8,KQH,7860220_Nu_N,QS,A00
ca151a1d-ee1f-4ac5-8e76-8e8f43a5f01c,KQH,7860220_Nu_N,QS,A01
f249cbc5-5d82-43d5-9cb7-9cbaa5beb8eb,KQH,7860220_Nu_N,QS,X06
8431270e-1124-4efd-8358-5e5f885fc899,HVN,HVN01,HVN01,A00
f6b6d4a1-c807-471d-b430-df15e9773b8a,HVN,HVN01,HVN01,D01
a03f3340-110c-4803-bb70-5f1eefbc653b,HVN,HVN02,HVN02,A00
62044882-1bed-463c-b2d5-006d3ef4f0d6,HVN,HVN02,HVN02,B00
c2c1bb28-7098-4cd1-8704-ba01fb59a3a1,HVN,HVN02,HVN02,B08
a4510758-e243-4247-a027-3d4bf1aa3b93,HVN,HVN02,HVN02,D01
7fbee683-af04-48cf-ab15-f58cf00adf92,HVN,HVN03,HVN03,A00
3481b3fc-c6b7-44d4-8acc-9affcef173b4,HVN,HVN03,HVN03,A01
73b6f0f4-dd32-49a9-99f9-8a556880430a,HVN,HVN03,HVN03,B00
fa8ae65a-6831-4f10-abc4-8a89f1d91ef6,HVN,HVN03,HVN03,D01
1a588bf6-0783-4e8a-93ac-0f73d4fde18d,HVN,HVN04,HVN04,A00
4a628b1b-bec4-4cfb-8755-e1c01d4cb63d,HVN,HVN04,HVN04,A01
eb70cf36-1be9-49ca-b140-14d09b63c926,HVN,HVN04,HVN04,C01
2f561fd1-116e-4845-8f68-789a94bb1f0c,HVN,HVN04,HVN04,D01
23610101-3454-4283-80e1-d3996cc10c2b,HVN,HVN05,HVN05,A00
9bcf98b2-326a-4b61-929d-6cbc52063f53,HVN,HVN05,HVN05,A01
adcb0bd0-5e90-4363-80eb-f239cdab17ce,HVN,HVN05,HVN05,C01
1e72b2b4-f620-414c-8ed1-5a3733e73e40,HVN,HVN05,HVN05,D01
2ab9da68-a765-4444-bdd9-77aa13c8f763,HVN,HVN06,HVN06,A00
20c40b99-a40c-4921-a234-a888574a56ff,HVN,HVN06,HVN06,A09
54e9190f-4cff-4e71-bf28-e7ee86b2c2a3,HVN,HVN06,HVN06,B00
c12ff19b-badd-4249-8a87-dac50ebed26d,HVN,HVN06,HVN06,C20
a4100262-1c19-474e-baad-180da9e56b94,HVN,HVN07,HVN07,A00
13090e47-48d1-45e8-b1fc-a8fbc649506b,HVN,HVN07,HVN07,B00
a7e7ad86-416f-485f-8b24-2e550b8c8fea,HVN,HVN07,HVN07,B08
d69db25b-fc90-4979-9a82-93903d9cd31c,HVN,HVN07,HVN07,D01
5fd120dc-4080-4b1a-bb43-3cabbe6be865,HVN,HVN08,HVN08,A00
b51a0cc8-9e43-430d-979b-c4d3519353e1,HVN,HVN08,HVN08,A01
6a9ff8ba-fa3c-4803-9fee-abdc69dd5115,HVN,HVN08,HVN08,A09
04a3fbd0-217a-4457-acd1-f0936b4b7ee9,HVN,HVN08,HVN08,D01
488df8cb-4266-4e7f-bed3-552c14040286,HVN,HVN09,HVN09,A00
c07c9018-0078-4b61-9aaf-44787ee1bb6e,HVN,HVN09,HVN09,A01
d1e15ba1-1157-4229-8fc9-2c97d1ffa538,HVN,HVN09,HVN09,B00
e8f26638-05db-41e8-89b6-c59328a095fe,HVN,HVN09,HVN09,D01
ef77cf42-a5f1-4f91-b96e-665eb6489aab,HVN,HVN10,HVN10,A00
aae8421e-e1e4-4ba0-94dd-10c41176a7ef,HVN,HVN10,HVN10,A09
9d84ff25-03c1-4c84-ab72-84955cd7bd1f,HVN,HVN10,HVN10,C20
1969dd07-14a4-4759-8c4c-068886df7181,HVN,HVN10,HVN10,D01
5f2347b2-16a9-4c1d-a31a-cab903a38887,HVN,HVN11,HVN11,A00
b3da3ff9-025f-4acc-bf92-88d7f2405f46,HVN,HVN11,HVN11,B00
2db10887-fe76-4251-b88c-ff62a824b439,HVN,HVN11,HVN11,B08
f2393c0a-befa-4550-94bc-2a650b193e5d,HVN,HVN11,HVN11,D07
54341918-d641-492c-993e-81f97b021e9f,HVN,HVN12,HVN12,A00
2880b457-596e-474c-80b6-ef6788557baa,HVN,HVN12,HVN12,C04
a316d251-34d8-4244-9084-4bfe8499a896,HVN,HVN12,HVN12,D01
77bb9bf2-3b6d-4e03-b6c9-a80eec5b7c69,HVN,HVN12,HVN12,D10
34eff79a-7ae6-4663-81aa-4eb91853a651,HVN,HVN13,HVN13,A00
7a541801-ff5e-4147-89d0-73dc62752f9a,HVN,HVN13,HVN13,B00
1fcea246-55b6-4871-ad01-6f047a383a45,HVN,HVN13,HVN13,D01
be1735b2-e542-4129-a7ff-35d0fc5d85ef,HVN,HVN13,HVN13,D10
8cd8590d-4888-43fb-8356-05233b03e4c1,HVN,HVN14,HVN14,A00
aa69907b-0fff-43f7-9bc9-06e7e63e11f8,HVN,HVN14,HVN14,C00
780b5bdc-6d7b-4c0a-b380-dca84912fab1,HVN,HVN14,HVN14,C20
3007fad1-73e5-466b-9e2f-906694706191,HVN,HVN14,HVN14,D01
81745bb8-1d09-4201-9ad4-2c79b6b2d610,HVN,HVN15,HVN15,A00
c9ba4860-0aa2-482d-a263-8123f218d1bc,HVN,HVN15,HVN15,B00
604cfc5d-0195-4f34-a67a-94bea9427f07,HVN,HVN15,HVN15,D01
d2b0ff1e-c096-48df-80ff-f0b4eaaa0dad,HVN,HVN15,HVN15,D07
241e8935-96e6-47a6-88ae-8e600ab5ebf7,HVN,HVN16,HVN16,A00
9932b2b1-e6ef-4601-8c7f-4e3d957f281d,HVN,HVN16,HVN16,B00
16a213ec-70a0-4a71-9fb1-e18bfe050e92,HVN,HVN16,HVN16,D01
e088be5b-716f-40ed-9631-b56814279e59,HVN,HVN16,HVN16,D07
9364b2ba-4559-4a5b-a982-7cc6706a40cd,HVN,HVN17,HVN17,D01
491bb797-5e87-4d45-b8d5-cd58a0fce015,HVN,HVN17,HVN17,D07
12205810-3bf2-4bae-adbe-2939ae1f1e60,HVN,HVN17,HVN17,D14
dde7070d-679b-4330-8eda-844551a40aa8,HVN,HVN17,HVN17,D15
c984a22c-eeef-4fee-a6e5-18e6133042a0,HVN,HVN18,HVN18,A00
61cee9f2-3237-4b87-b458-6aa2d1fb73cf,HVN,HVN18,HVN18,B00
f5c74af2-854c-4a21-8cf5-8fcc51025ce8,HVN,HVN18,HVN18,B08
f68e2434-9f10-44f5-9409-12ce3bcfd27f,HVN,HVN18,HVN18,D01
7b70fd90-5fce-4e31-b365-12cd750e1e8f,HVN,HVN19,HVN19,A00
03965508-1a0c-4f79-9e51-29bc48c7f61a,HVN,HVN19,HVN19,A01
3a67d03f-0850-429f-b28b-125d0d04b634,HVN,HVN19,HVN19,B00
5987ee4b-ff70-4846-880d-f01e39151cc5,HVN,HVN19,HVN19,D01
f3d572eb-98a9-43fc-a526-693e83b658f8,HVN,HVN20,HVN20,A00
0bc2cdb2-f444-442a-b8fb-11e50ab097db,HVN,HVN20,HVN20,A09
5a1d2f72-63cd-481d-8774-361d623c8c3e,HVN,HVN20,HVN20,C20
05cb3edf-8fca-451b-b7f8-31ba7bb2785d,HVN,HVN20,HVN20,D01
ff95c07a-2f66-454a-bf43-5aac13e3d15c,HVN,HVN21,HVN21,A00
e057d309-9b97-4d43-8383-41bb85746c42,HVN,HVN21,HVN21,A09
5d395a86-2cad-4e62-ba17-d722849bc4e3,HVN,HVN21,HVN21,C20
b32d4659-667c-4073-badf-5783fad6fae3,HVN,HVN21,HVN21,D01
68958efc-636c-40d2-9bce-45bef1694113,HVN,HVN22,HVN22,A00
d4941098-f2d9-4a7f-a2c9-1c584c089220,HVN,HVN22,HVN22,A01
15b5f66e-a454-49f1-9544-444f0f6eb871,HVN,HVN22,HVN22,B00
29f15944-6f05-4785-881c-b21a32eca6a2,HVN,HVN22,HVN22,D01
e17269f7-f269-4c7e-a007-ca1a2e5388c8,HVN,HVN23,HVN23,A00
c70673f2-d8ed-4593-b623-8ad1e5448b57,HVN,HVN23,HVN23,A01
54775754-592e-4bbb-bdfa-af539186f2a1,HVN,HVN23,HVN23,B00
b70c64e5-4823-42dc-a080-fd030f2d37b7,HVN,HVN23,HVN23,D01
c7bd2779-dfd1-45f9-8556-49f0839e5156,HVN,HVN24,HVN24,A00
f137c06b-9307-4770-88aa-91b2ef9305f4,HVN,HVN24,HVN24,B00
3b050442-5381-4f2d-8f2d-79fef44f7d5b,HVN,HVN24,HVN24,D01
b56b3087-ae77-486d-af91-e48f647cdb1f,HVN,HVN24,HVN24,D07
69e60af7-cb44-4c82-9893-3b4899a54a43,HVN,HVN25,HVN25,A00
b77c6452-079d-4f21-a339-4fdd804dd887,HVN,HVN25,HVN25,C00
e3d254dd-5424-4a95-9acd-07a38f6f162c,HVN,HVN25,HVN25,C20
f25695d6-08b6-49e2-ba50-5cd612aefcde,HVN,HVN25,HVN25,D01
f7eeba1f-9d9e-4cac-b80f-1bc3dd8c2ef3,HVN,HVN01,HVN01,A01
9ca1c5a1-c97c-419e-bceb-e9ba29075354,HVN,HVN01,HVN01,B00
9c52d62b-587c-4c3d-8d93-b9cba6c183c8,HVN,HVN09,HVN09,D07
2c44158b-6c7d-4193-880b-b80afe59a60b,HVN,HVN11,HVN11,D01
9ee423a2-3f82-4cd0-a68e-0797cf1fc8b5,HVN,HVN03,HVN03,A09
fa5e2340-795c-436a-85d5-18d1ae95882a,HVN,HVN04,HVN04,A09
075b8be9-fc8a-4b57-a8a5-cd34be95890c,HVN,HVN05,HVN05,A09
3fcd926b-9157-42b1-91cf-7310f493ab2a,HVN,HVN06,HVN06,A01
eae2b13e-e950-4468-9d2d-58d33572f2c4,HVN,HVN06,HVN06,D01
a785d0b2-7f34-4c37-9144-1f609498e8c8,HVN,HVN07,HVN07,A09
cd716a1c-0f01-4def-a383-0a81a33033a3,HVN,HVN07,HVN07,C20
01a37482-de9f-43de-926d-ce00586b2c81,HVN,HVN08,HVN08,C20
02d494a8-b89e-4dd8-9060-8558016731bf,HVN,HVN09,HVN09,B08
9c146cde-9e88-4908-88eb-7465dea768ab,HVN,HVN10,HVN10,B00
12e87984-c628-4ca9-9bad-7a67c91fafa4,HVN,HVN10,HVN10,D07
56a697e9-bbe9-4cd0-a773-8cbc2e1a5b69,HVN,HVN11,HVN11,C04
627e64d7-072e-43d4-b6e6-3af49867aeef,HVN,HVN12,HVN12,A09
8dc97118-61c1-4618-979f-f501370b3778,HVN,HVN12,HVN12,C00
f9adb069-f193-4c0c-b746-739ba75955bc,HVN,HVN12,HVN12,C20
7ab98fd4-a2f9-42fa-9e60-c38d29412799,HVN,HVN13,HVN13,A09
517c38da-c439-4dbd-ace7-d9a7eba3e39f,HVN,HVN13,HVN13,C00
446bd929-b3c6-4f99-8aed-a575d85b0b0c,HVN,HVN13,HVN13,C20
7155c9c9-1825-4721-9b9f-4950c2384624,HVN,HVN14,HVN14,A01
e910b753-439d-4c4a-bc1d-a3d3f6d197b6,HVN,HVN14,HVN14,A09
1e27588b-f54b-4295-a181-e35ffd52bcf3,HVN,HVN15,HVN15,A01
43bd39c3-6901-4bd1-af25-c706185c1ec7,HVN,HVN16,HVN16,A01
46a0bfaf-d4ee-4463-8ffc-fee6256f421f,HVN,HVN18,HVN18,A01
ed7e28ca-4d30-440c-af28-4e81b25a9783,HVN,HVN14,HVN14,D07
428ba72b-9a20-4826-843e-d7f2e4092437,HVN,HVN01,HVN01,C03
94b7766c-4f83-4d9c-8d9b-bcc411430a72,HVN,HVN01,HVN01,C04
4e6cee58-dec3-4572-8c84-44fbbe9116f6,HVN,HVN01,HVN01,D07
8080448f-12f7-4ce0-b499-ba2be6391a38,HVN,HVN01,HVN01,X01
e2de5156-29d7-48a3-ac7c-7077f71389ec,HVN,HVN01,HVN01,X07
f9dd2fe9-e6f1-4d0a-a21f-af1fd3f82d5a,HVN,HVN01,HVN01,X08
5412c54d-c89b-4dd3-b951-170738e9711d,HVN,HVN02,HVN02,A01
167096e9-de45-4d88-ba28-ee9c2ba82e50,HVN,HVN02,HVN02,C03
ab75a75b-dc60-4641-b596-de304bceb1fe,HVN,HVN02,HVN02,C04
aed1351c-33d8-4ae6-b9a6-e165e79b385f,HVN,HVN02,HVN02,D07
0ad02799-1f16-47d3-9c5b-3972896175f6,HVN,HVN02,HVN02,X01
94e10704-2fe5-4721-9899-923b7c53ff37,HVN,HVN02,HVN02,X03
54773cf1-0961-41cf-83c6-f54f434931e5,HVN,HVN02,HVN02,X04
64029bc9-7bc0-4d73-96a8-3719abec581e,HVN,HVN03,HVN03,C03
16cdfb06-37bb-49a8-b550-984ad128c43d,HVN,HVN03,HVN03,C04
9b6a36dd-af20-451c-9da4-8a33ed062620,HVN,HVN03,HVN03,D07
7ea042fc-f055-4bed-be7c-47e12c60370e,HVN,HVN03,HVN03,X01
ff238125-3aee-41ec-8be6-f5b60686fc86,HVN,HVN03,HVN03,X07
54cf9fd0-cfbd-408b-b72b-ef3df15674da,HVN,HVN03,HVN03,X08
ddaca26a-cfd4-4ae4-b171-ee0f67349315,HVN,HVN04,HVN04,C02
1a40bb48-3b25-42be-9f39-54b9b8e29400,HVN,HVN04,HVN04,C03
3af72271-7c06-4c53-9679-b8ead718673c,HVN,HVN04,HVN04,C04
848156a9-aacd-4997-aae9-45e1d9e58fa9,HVN,HVN04,HVN04,X01
648cc4e7-d8f1-4da4-90ec-0d370c2334f0,HVN,HVN04,HVN04,X07
97cf323c-99c9-4b30-a73c-43f01dc8ac52,HVN,HVN04,HVN04,X08
c51e2a85-ca83-4612-802a-a04f26c2cf7d,HVN,HVN05,HVN05,C02
e12934f8-fd2e-4e93-9a6b-b740f8ccfbea,HVN,HVN05,HVN05,C03
5e2a6e2b-6bfd-4b99-9751-4a564fd237d5,HVN,HVN05,HVN05,C04
1fa1f8a1-5312-4afb-a9e1-61ea3af73d6e,HVN,HVN05,HVN05,X01
33fd83bf-1b27-46b8-8236-89714ef25fc6,HVN,HVN05,HVN05,X07
7ba0d7f1-7b62-466e-9715-d518cbdd841a,HVN,HVN05,HVN05,X08
2850a888-b983-4fe7-b118-933768a38ed8,HVN,HVN06,HVN06,C01
522adf8a-5318-4b8e-9572-0a1a2790b168,HVN,HVN06,HVN06,C02
cf9f2d22-8d8d-44e6-bc3f-ceaa3a351e35,HVN,HVN06,HVN06,C03
ae240427-46f3-4b1b-9a39-3b8aad455ff5,HVN,HVN06,HVN06,C04
331e8d03-6c48-4e20-a447-e7b4c5213575,HVN,HVN06,HVN06,X01
0729ac8f-d90b-44e0-936a-c635b256419c,HVN,HVN06,HVN06,X07
22326baa-b120-434d-89bd-ed949582ff6a,HVN,HVN06,HVN06,X08
42c5a5d4-aae9-4aa3-b4de-68866c6a1f66,HVN,HVN07,HVN07,A01
affcb159-8257-47a1-8734-9fc2caa54fa0,HVN,HVN07,HVN07,A07
bac51dba-6870-4381-996d-6f15ef95e02d,HVN,HVN07,HVN07,C01
bb54f350-af30-41c4-b043-2ae6457cf3d2,HVN,HVN07,HVN07,C02
b2c803d7-c351-4af6-98b1-7215792e429e,HVN,HVN07,HVN07,C03
4a4344d5-7a0f-4f9f-ae93-92772296b37b,HVN,HVN07,HVN07,C04
40318d7a-18e1-4fc2-97e0-d1f8747fe44e,HVN,HVN07,HVN07,X01
88905e1a-a008-4d27-b65c-8f3e3f75e570,HVN,HVN08,HVN08,A07
482e0e47-dd9c-481f-806c-29f7fa123168,HVN,HVN08,HVN08,C01
cc863f3b-d491-4600-ab46-0c0fbe643668,HVN,HVN08,HVN08,C02
d6f29ec3-572d-4ad5-9c7a-580e64ab8ae5,HVN,HVN08,HVN08,C03
90d16ed0-8746-456c-a16f-f66df2201437,HVN,HVN08,HVN08,C04
4d5162da-6df9-48c4-b315-be87bb700b13,HVN,HVN08,HVN08,X01
8ec7d990-47ae-4191-8d1d-019c14b6d44c,HVN,HVN09,HVN09,B02
2e6128ce-4548-461c-8c40-861b585677dc,HVN,HVN09,HVN09,C03
b1b22929-d604-4293-a576-1138416194b2,HVN,HVN09,HVN09,X07
c69ef6e9-1200-47f6-b7a6-21a0501fe360,HVN,HVN09,HVN09,X08
ea350bd1-2e58-4a2f-bd87-19c2b9996d32,HVN,HVN09,HVN09,X13
becb418e-012d-4d23-9293-e0ef286a1ab0,HVN,HVN10,HVN10,A01
d90856c7-459f-4139-aaea-e6e18b3fdf2d,HVN,HVN10,HVN10,C03
b196d197-8aca-4179-9b30-312bb73d128b,HVN,HVN10,HVN10,C04
d2c0cb8d-d9eb-41e1-a0d0-d3010f1cbb93,HVN,HVN10,HVN10,X01
a3c01a4c-b645-41c0-a3c1-16ae13b11a18,HVN,HVN10,HVN10,X07
49dfd0df-2820-41c6-8749-4664c4ab6006,HVN,HVN10,HVN10,X08
cf338964-bee5-44f5-ac55-c50e0f2bce1b,HVN,HVN11,HVN11,A01
b8f1624c-1ab0-4c48-b99d-c9849ffd1c21,HVN,HVN11,HVN11,A07
0345b91b-08c9-429f-ac70-bb9bd16f1240,HVN,HVN11,HVN11,C01
5da55eb3-481a-4de4-a4f2-6e5806d4ba55,HVN,HVN11,HVN11,C02
cb011f9b-46f7-48db-b493-82658a33bff3,HVN,HVN11,HVN11,C03
e8bf5fa5-cf52-4aa3-b0de-b0b95a80b020,HVN,HVN11,HVN11,X01
2c7dd918-5b96-4bd5-8197-856f55950e33,HVN,HVN12,HVN12,C01
6efaa129-b9a7-4a4d-aa57-f7f6a5f3a5e6,HVN,HVN12,HVN12,C03
1d47c758-f8ce-4702-9643-ac65cff9db16,HVN,HVN12,HVN12,D14
0d3db88d-7891-4734-8cd4-0fc4e5566cf3,HVN,HVN12,HVN12,D15
2edba4e8-475b-4046-a7ba-2401b77c4970,HVN,HVN12,HVN12,X03
1013caea-88bf-4df3-9395-8a32f7d07af9,HVN,HVN12,HVN12,X04
b3e19ba1-f3fd-476b-93f5-8d601d2a068e,HVN,HVN12,HVN12,X70
05e3daa6-2ea0-44b0-ab49-5d1d356a3cf6,HVN,HVN12,HVN12,X74
40ecfd56-8e62-4ed0-9980-94f0c81f754b,HVN,HVN13,HVN13,C01
908807dc-b68e-49ef-8504-12a47587cf25,HVN,HVN13,HVN13,C03
4c2ee15e-1960-4be9-9f6e-a4f14cff92b0,HVN,HVN13,HVN13,D14
15166672-ea73-4651-87b7-ca564a4538b3,HVN,HVN13,HVN13,D15
dfdc936b-b5c9-4ec8-b803-12459f9e43f6,HVN,HVN13,HVN13,X03
e8c5d08a-a0e7-41f6-86d5-f3197a66aa31,HVN,HVN13,HVN13,X04
893f352d-37ed-40ed-89ba-93c066d69a9d,HVN,HVN13,HVN13,X70
64eff95b-a975-4e34-b447-eb753ceb9d0a,HVN,HVN13,HVN13,X74
8364861f-c258-4fc7-a2ae-86faaa83e841,HVN,HVN14,HVN14,C01
2ab69ade-1d8d-44dc-b097-19665592ac7c,HVN,HVN14,HVN14,C02
44ee1a90-28f9-4d9b-80c1-a1ccf0cdaf01,HVN,HVN14,HVN14,C03
224488d4-aca7-44bb-b34c-a5632c7cb501,HVN,HVN14,HVN14,X02
9339221c-d243-4597-bf0a-676164668057,HVN,HVN14,HVN14,X03
a7416e5e-a0c1-45fe-aa3b-607b19660f9e,HVN,HVN14,HVN14,X04
bed23a05-ecae-4397-af7d-5d0b943da8af,HVN,HVN14,HVN14,X07
b13f13bb-8286-41c0-826a-c50dd2df9cef,HVN,HVN14,HVN14,X08
3a8c2ba3-573a-485f-9fd1-7f3f50477fc2,HVN,HVN15,HVN15,A07
3fc498da-8ee6-47f1-bbd0-3a50926674ec,HVN,HVN15,HVN15,C01
4c9dd30b-5f55-4946-bbdc-27a0a2525519,HVN,HVN15,HVN15,C02
f7b2e312-7612-4d1c-80b3-f3bf8fe90542,HVN,HVN15,HVN15,C03
68a2c5b8-a3bb-4a3d-8467-6ef32a2a9155,HVN,HVN15,HVN15,C04
236d1d7a-9457-4138-a8bf-20ee9639b209,HVN,HVN15,HVN15,X01
2d9149e6-ea34-42ca-8840-4b0f60fa5547,HVN,HVN16,HVN16,C03
397e52b8-8bd1-43bf-b571-06f0d188dd97,HVN,HVN16,HVN16,C04
e2d5c204-256a-498d-89bf-a86642fdefa4,HVN,HVN16,HVN16,X01
91d7d220-0eee-44f5-9795-555c9074ca5d,HVN,HVN16,HVN16,X07
2c4de9d5-a9ac-42ca-a3f9-4b73091ad650,HVN,HVN16,HVN16,X08
454c52cd-97c2-48da-b2f5-16b9d600ebb8,HVN,HVN17,HVN17,A01
c3eaa578-8c8c-445c-a67c-88cacc7736c3,HVN,HVN17,HVN17,D09
a66fa9bf-e2ff-483f-9704-3b7c7253e7c3,HVN,HVN17,HVN17,D10
eb072931-8015-46cc-83f5-15cd47c10210,HVN,HVN17,HVN17,D11
eb25f544-2589-4d9e-9000-533ed10a461a,HVN,HVN17,HVN17,X25
5781b5d0-0007-46c4-915a-dccb3d07e7c2,HVN,HVN17,HVN17,X78
4e3e5b40-ac59-4f89-8389-a4ae4bf10945,HVN,HVN18,HVN18,C01
ccd9fbd5-b090-453e-8d8f-293de3bdd0c1,HVN,HVN18,HVN18,C02
a1e17c08-fc91-4d02-b604-3df4f90f81d5,HVN,HVN18,HVN18,C03
8243d4e6-d8ce-4f1e-8c83-f582043ea8b5,HVN,HVN18,HVN18,X03
01d47c8f-fe74-4dbb-89f1-57adf25a08b7,HVN,HVN18,HVN18,X04
83e9c998-309b-4581-ae21-99c20ac0e3ec,HVN,HVN18,HVN18,X07
ab99609f-33fb-41a7-a3bf-e86ea854675c,HVN,HVN18,HVN18,X08
0c8ba437-3130-40f0-a9c6-37ed7491fc52,HVN,HVN19,HVN19,A07
0f9f073e-d1a0-4105-9f24-5f8258681b0b,HVN,HVN19,HVN19,C01
f777d128-b8e0-4093-b4a2-681c0138903d,HVN,HVN19,HVN19,C02
4d863ee7-d0e0-4636-8ec2-89a8d0ee2d2b,HVN,HVN19,HVN19,C03
3bac57ab-d498-4167-a1ef-5af2f659c076,HVN,HVN19,HVN19,C04
387ec4ed-c29e-49be-a681-5182dbb9a2ce,HVN,HVN19,HVN19,X01
1d8bbd5d-87f6-4f0a-a8b9-ef9d0a8740a6,HQT,7220201,7220201,D01
b4b08761-4a38-46d6-9f10-bb4395a4c4b2,HQT,7310106,7310106,A00
bbd3cd57-01fd-44c0-9260-82657983fa18,HQT,7310106,7310106,A01
cd7052d8-982c-444f-b15d-9859d2e4f59d,HQT,7310106,7310106,D01
b7a7d817-97de-4f05-b698-2fd9892d0849,HQT,7310206,7310206,A00
24191a4f-2686-4c97-b8d1-cb3be3c1d003,HQT,7310206,7310206,A01
9b080ba6-7ebe-4568-813a-9d382614a22d,HQT,7310206,7310206,C00
3d71e197-cc89-4f70-bd11-376836736236,HQT,7310206,7310206,D01
ea63a8c0-6d46-46c9-845d-b113843478bd,HQT,7310206,7310206,D03
dc97046f-3202-442e-a6ad-8f2360718133,HQT,7310206,7310206,D04
53a06fed-4a56-4e82-9ae1-1087d7af0dd4,HQT,7320107,7320107,A00
47a7941d-08c1-439e-afbd-39cd970eefab,HQT,7320107,7320107,A01
c6868a26-80fa-4904-a296-874facca5a40,HQT,7320107,7320107,C00
37171965-86ee-435d-84cd-f1f8de0194cb,HQT,7320107,7320107,D01
426c7fd5-8e9e-486a-8305-75a2df939266,HQT,7320107,7320107,D03
8631d8f6-bc03-4cd9-9571-cddab7a4fa6b,HQT,7320107,7320107,D04
7b3632df-4759-4bf1-8a1d-0a9232791bf8,HQT,7340120,7340120,A00
c9cc4ebf-8c19-46ee-86a0-443189bc5457,HQT,7340120,7340120,A01
1465dafe-14ea-4551-971f-826a2520bdf9,HQT,7340120,7340120,D01
76e9e69a-4f39-4f18-b1e7-c2fb3a11112e,HQT,7380108,7380108,A00
bd5d04cf-4444-4cd3-9e95-f7dd16d83640,HQT,7380108,7380108,A01
102a7262-3346-4507-806e-37c64ddadb5f,HQT,7380108,7380108,C00
2f45de4f-3d22-49fa-b507-545ed76a7828,HQT,7380108,7380108,D01
bface97e-4b56-41a4-9818-7d8414f29852,HQT,HQT01,HQT01,C00
05b37cbf-caaf-47ca-9c88-1bcef49f4cd7,HQT,HQT01,HQT01,A01
8d63f65d-ef34-44c7-a984-fb70f3ae8655,HQT,HQT01,HQT01,D01
1ed7d0e0-19dc-44f0-bd56-29086ec6a377,HQT,HQT01,HQT01,D06
9eb06a07-df20-467d-bfba-8a00a62fb3d0,HQT,HQT01,HQT01,D07
e75fdf97-539b-46e3-9022-c46f7590d8f6,HQT,HQT01,HQT01,D03
e28b54b9-9311-4fb4-a45e-f1c742412532,HQT,HQT01,HQT01,D04
1a8abc96-fbf2-4737-b67d-81cbfb340165,HQT,HQT02,HQT02,A01
9138edcf-6aa2-455c-be85-19edac7072e3,HQT,HQT02,HQT02,D01
dff15aad-b8e2-4349-9b73-447b7e6c0060,HQT,HQT02,HQT02,D07
d7569fcb-cf13-411f-a326-fccbe249defd,HQT,HQT03,HQT03,A00
3161fc6e-db32-4328-aed3-7ff07fc3c0ff,HQT,HQT03,HQT03,A01
aef02544-2ced-40c9-b22a-1e8c7bff365c,HQT,HQT03,HQT03,D01
16ddec43-d182-4524-a913-df230024c56f,HQT,HQT03,HQT03,D06
dc91155d-b8df-48b0-b294-01fa6add842e,HQT,HQT03,HQT03,D07
3d15554f-9745-4e09-afc2-dfacb89eb3a6,HQT,HQT03,HQT03,D03
b4856d7b-4383-4841-ab55-6ccacdfe985d,HQT,HQT03,HQT03,D04
65dc8b2a-16bb-4587-86ad-0b8a195b2323,HQT,HQT04,HQT04,A01
4c07bf1e-f571-45d7-9802-00a04db0868c,HQT,HQT04,HQT04,D01
26970bce-a216-41b3-8679-bd5a3bbfa165,HQT,HQT04,HQT04,D06
839b6ad1-527d-4edf-b9fb-1df5b082a161,HQT,HQT04,HQT04,D07
a09c690b-bb89-4205-b45e-2a51407ff42e,HQT,HQT04,HQT04,D03
e8c03a80-d08b-485f-be51-6e193e8e6f21,HQT,HQT04,HQT04,D04
60b9299e-997d-48a5-827d-d9bf94ee11df,HQT,HQT04,HQT04,C00
b6d2521d-fe01-42f1-8b41-0f4b13de1e6e,HQT,HQT05,HQT05,C00
9d198cdb-6005-4187-bf04-588a243c70fb,HQT,HQT05,HQT05,A01
b7e4f039-b0b3-41ab-aef7-afd43f0ae164,HQT,HQT05,HQT05,D01
f24ee076-7d98-4eb3-8026-86e193530be4,HQT,HQT05,HQT05,D06
148f3a26-8f59-41fd-bfd1-3bba934a60b5,HQT,HQT05,HQT05,D07
cad74d4d-405e-4e1b-bba0-b85665465832,HQT,HQT05,HQT05,D03
66ea8f8d-abe0-4d77-b2b9-eb6b99407996,HQT,HQT05,HQT05,D04
adc1bf78-65ba-4975-855d-77d7e72cd9c7,HQT,HQT06,HQT06,A00
992fb37f-40e0-426a-9859-ed82d51091f4,HQT,HQT06,HQT06,A01
1463bd53-5686-4b10-b250-ba3c08c1e12a,HQT,HQT06,HQT06,D01
f6fab9a5-17df-48b2-ba07-76cd0d6cc3b9,HQT,HQT06,HQT06,D06
3c38dce3-1965-45db-bb87-fcf9b5226824,HQT,HQT06,HQT06,D07
4d8087ee-82d9-41b5-889a-7a7d85ad308e,HQT,HQT06,HQT06,D03
3dc6922d-59aa-4138-9e18-5a0cf86d9acc,HQT,HQT06,HQT06,D04
27ad93af-45a8-41b9-8ae9-6e4d70f9147f,HQT,HQT07,HQT07,A01
b5e4fa7b-8661-4c88-84bc-acb63d5e65c7,HQT,HQT07,HQT07,D01
629c629b-a5e9-497c-a17d-874465badb93,HQT,HQT07,HQT07,D06
9cf4a04d-2cdd-4c67-9cf8-564c3c9257eb,HQT,HQT07,HQT07,D07
a082fcdf-5fd8-46d8-b89b-4b126f54c510,HQT,HQT07,HQT07,D03
cc39cafe-f8d2-4943-9fda-5e3a6da03402,HQT,HQT07,HQT07,D04
092dc326-7595-4e0e-937c-66e3e678dee3,HQT,HQT07,HQT07,C00
20b57035-17e9-4378-92dd-b11449f149f2,HQT,HQT08-01,HQT08-01,C00
858d734d-d05e-4d39-a75e-41239dabcd94,HQT,HQT08-01,HQT08-01,A01
e6beaaf6-ba22-44d4-81a6-a83612d7963f,HQT,HQT08-01,HQT08-01,D01
555e8006-3be4-452a-b4d1-fa1212a865eb,HQT,HQT08-01,HQT08-01,D07
72519fe2-6e67-4cde-89a7-c85b680fd993,HQT,HQT08-02,HQT08-02,A01
2e82f430-5b39-435a-a3eb-35f4740af803,HQT,HQT08-02,HQT08-02,D01
017e8373-34e5-4267-86aa-efa339e79716,HQT,HQT08-02,HQT08-02,D07
7074e1db-49d1-4395-88c7-9835e55b65b9,HQT,HQT08-02,HQT08-02,C00
3ae85b36-e8dd-4e43-8730-9d6580c41616,HQT,HQT08-03,HQT08-03,A01
cf3214ee-9191-4ef7-b6e4-1e3662c937bd,HQT,HQT08-03,HQT08-03,D01
dc296fa0-ae01-4e8a-b148-04a23b179830,HQT,HQT08-03,HQT08-03,D06
0a6b7d84-7039-4a5d-b42d-b8a123c3906a,HQT,HQT08-03,HQT08-03,D07
fee23a53-1b28-49b2-8c0b-a890d261cf20,HQT,HQT08-03,HQT08-03,C00
83778ad9-57e2-4543-b22d-160d881e8156,HQT,HQT08-04,HQT08-04,A01
48a488d0-e9b2-494a-8910-12802564c223,HQT,HQT08-04,HQT08-04,D01
4aeeca77-7d13-4806-a3d0-69edf8ad5a56,HQT,HQT08-04,HQT08-04,D07
687d9d66-ff36-4a36-b023-b18d406f644f,HQT,HQT08-04,HQT08-04,D04
6b2a3884-f9d4-4d0c-8689-a447df401532,HQT,HQT08-04,HQT08-04,C00
0281c50f-a50e-4428-b0cf-acbaf1d9360b,HQT,HQT01,HQT01,A00
9355b85b-a146-40c9-8798-94bc80f21e3a,HQT,HQT01,HQT01,D09
85742012-ef87-49c7-a774-ee02ce268baf,HQT,HQT01,HQT01,D10
5c136d50-ba8a-4464-8b4e-eb9ae6bbf443,HQT,HQT01,HQT01,D14
ce7150a1-27bf-4cbc-b8c9-261d0e8f1e12,HQT,HQT01,HQT01,D15
d47d283a-ab3a-4f4e-a3ac-c54b50385ee7,HQT,HQT02,HQT02,D09
e8127560-3c60-433a-b462-375f3eed6684,HQT,HQT02,HQT02,D10
07fa304d-4b7d-471a-ac8a-41bdb80e2667,HQT,HQT02,HQT02,D14
7455f538-96b8-4111-be04-6679d36c37d6,HQT,HQT02,HQT02,D15
b1f916da-71cd-47d8-8016-dc1780b5df76,HQT,HQT03,HQT03,D09
46101d66-45a3-4e2b-bf89-2b21cd602b24,HQT,HQT03,HQT03,D10
98af8fa3-da59-459c-b988-007dcf174c80,HQT,HQT04,HQT04,A00
e9ac562a-67cf-4710-bc79-b4bba0f232a4,HQT,HQT04,HQT04,D09
f39394ee-479f-41bc-90b2-78bef88e4314,HQT,HQT04,HQT04,D10
66165f23-c296-4d96-aeab-e5cb4b5908bd,HQT,HQT04,HQT04,D14
1f29af76-8cb6-4831-af1b-83cbb2885cd1,HQT,HQT04,HQT04,D15
38c02447-eb86-4e04-8a47-b451178ef49a,HQT,HQT05,HQT05,A00
8a1ceb20-7906-4499-845f-d7f00a2afa10,HQT,HQT05,HQT05,D09
4d439cdc-1117-4fde-8ada-d51d2fc7c608,HQT,HQT05,HQT05,D10
3b0a8869-7f8d-4d88-ac30-c71fdbdeeeac,HQT,HQT05,HQT05,D14
b21ad32c-5cda-4db9-94d0-f3635d047b32,HQT,HQT05,HQT05,D15
1da8f5b0-185b-45e4-aab2-f806ab5352a7,HQT,HQT06,HQT06,D09
140000f5-0142-4b0b-bb85-457820c77443,HQT,HQT06,HQT06,D10
e78994fc-2d5d-4ff4-8cbf-5fe7f32d96b8,HQT,HQT07,HQT07,A00
90677bcc-6e3f-4243-bb88-ce8369919030,HQT,HQT07,HQT07,D09
fae8ff49-e31a-4214-82b3-b4260fc222af,HQT,HQT07,HQT07,D10
8928ec74-30a0-4377-85f2-3c0d02f47d1a,HQT,HQT07,HQT07,D14
9d6f2a36-ddde-4001-b601-5d259ed1eb46,HQT,HQT07,HQT07,D15
3f241f81-abab-44f2-8733-866cd7094e96,HQT,HQT08-01,HQT08-01,A00
6cc455fe-3dce-4783-9519-9abb8604f27d,HQT,HQT08-01,HQT08-01,D09
52453b01-9c9a-4c69-a405-8f591c47b3aa,HQT,HQT08-01,HQT08-01,D10
97e50ce4-6aab-4baf-8346-098e6290a772,HQT,HQT08-01,HQT08-01,D14
e58779c9-78b1-4981-a316-789a77d7ce8a,HQT,HQT08-01,HQT08-01,D15
b6e04e85-54df-45e2-8e49-7b9607987a40,HQT,HQT08-02,HQT08-02,A00
77d3c835-ba82-4522-9d41-84306043d6a4,HQT,HQT08-02,HQT08-02,D09
aafbcfef-a402-4426-8be3-06ec302f8334,HQT,HQT08-02,HQT08-02,D10
84d63873-6be2-4bd0-9012-6c18752ba4b0,HQT,HQT08-02,HQT08-02,D14
5b123b4b-f418-4113-b613-70229827cd19,HQT,HQT08-02,HQT08-02,D15
9393dfae-5b6e-428c-943e-3ce4f167b11b,HQT,HQT08-03,HQT08-03,A00
a1754756-e376-4cd0-9f03-513e578bdba0,HQT,HQT08-03,HQT08-03,D09
698bead9-2b06-4e80-a819-51b872f3b6cd,HQT,HQT08-03,HQT08-03,D10
cec289a9-e8dc-431e-a99e-394210bd8071,HQT,HQT08-03,HQT08-03,D14
3748545d-fad3-406b-a2b1-178ffad54bfb,HQT,HQT08-03,HQT08-03,D15
7e55fb02-8996-4d22-b3b5-b173ef4ba371,HQT,HQT08-04,HQT08-04,A00
70e95c38-5c73-4fd0-aa42-93977f3c366e,HQT,HQT08-04,HQT08-04,D09
4da1c2c2-6002-4fea-90f4-73288209d75e,HQT,HQT08-04,HQT08-04,D10
8472d2a1-2567-4ea9-979b-201e79429b69,HQT,HQT08-04,HQT08-04,D14
31298969-2cd3-43ac-ab50-ecdf1102fef3,HQT,HQT08-04,HQT08-04,D15
071f791f-a750-4079-ba9a-2b39dd71f855,PKH,7520120,7520120,A00
9df85c80-78d3-4f3f-a18d-f82d9f58d6a9,PKH,7520120,7520120,A01
96dc3a9b-fbed-4788-afe9-7cf1473255e2,PKH,7860226,7860226,A00
b1f65ab4-3409-4d8f-ab72-762a41b43769,PKH,7860226,7860226,A01
ffd485ea-a621-499f-a707-a574db76d428,PKH,7860226_B,7860226,A00
12e8c6a2-3724-485b-9da3-542714b6990b,PKH,7860226_B,7860226,A01
51e65103-28f9-41b5-abc1-4ee3f522207e,PKH,7860226_N,7860226,A00
4cbb4b43-8ad4-4d97-a200-cb4b7f86b956,PKH,7860226_N,7860226,A01
30aca899-26cf-40c1-970a-083094e53d18,PKH,7520120_B,7520120,A00
6357337e-f794-4cfa-8e3d-0cd4d321a60d,PKH,7520120_B,7520120,A01
18946997-7630-4e2c-8cfe-04ed1ba7ea01,PKH,7520120_B,7520120,C01
390b13e8-4867-49e4-bab0-99aade902cec,PKH,7520120_N,7520120,A00
abd57dbf-e6fa-4662-9ad1-8a51cf90b2c4,PKH,7520120_N,7520120,A01
0c2d9952-bdb5-41c9-b091-64e2c728f037,PKH,7520120_N,7520120,C01
9ee18288-f4d8-4878-ba95-6c1147cfd8c6,PKH,7860226_B_C01,7860226,C01
2c8313e7-049d-4776-92d4-a20fc7e69030,PKH,7860226_N_C01,7860226,C01
67640015-3fe1-4e88-9ea4-44c560a482c4,NHH,7220201,7220201,A01
3d278d14-0abd-4455-8d66-56abbd182cfd,NHH,7220201,7220201,D01
e75807fc-7086-4032-9620-e57317424ec3,NHH,7220201,7220201,D07
05f4e105-c7dd-4623-b683-258193c32597,NHH,7220201,7220201,D09
3273ffad-b354-43d8-a95f-20464750df89,NHH,7310101,7310101,A00
c1de1211-2653-4e84-8e6f-a6b6d925ae79,NHH,7310101,7310101,A01
bdde0c80-b8d4-47ce-be3a-2b9d4dc4dc6b,NHH,7310101,7310101,D01
3555a64d-ee9b-4f5d-b1c5-cc71514a18a8,NHH,7310101,7310101,D07
734f0f56-8a2b-44c8-b542-69f605372b47,NHH,7340101,7340101,A00
12bbd89b-cd7d-448d-82c1-0878a93139f7,NHH,7340101,7340101,A01
445f0ccf-0f03-48a8-b54c-63d38836bcff,NHH,7340101,7340101,D01
787e1049-fb8c-448b-a415-c4a4e8f70d8b,NHH,7340101,7340101,D07
519fb8f8-4a6a-4d5f-8c51-1e03b744d3ff,NHH,7340101_AP,7340101_AP,A00
c5c904c2-061e-484e-bdc0-29a8eca1b482,NHH,7340101_AP,7340101_AP,A01
ae7adaa0-5325-4325-a4cc-c6a447832c17,NHH,7340101_AP,7340101_AP,D01
7a658378-4548-4a0c-8d87-081457b37e84,NHH,7340101_AP,7340101_AP,D07
6d54db9b-bf35-4dc2-a221-7423c7f5a867,NHH,7340101_IU,7340101_IU,A00
75955467-23dd-4296-9cc6-6c8f6d858402,NHH,7340101_IU,7340101_IU,A01
724bfa15-0ef8-48e1-9cd1-4b4238f6d0ae,NHH,7340101_IU,7340101_IU,D01
825aeba6-f142-4cf9-a6ed-999e83f03403,NHH,7340101_IU,7340101_IU,D07
80bdf917-1b37-4e07-b75c-2c355b180e44,NHH,7340101_IV,7340101_IV,A00
95bb988d-62c8-4f79-8f38-1865a9943058,NHH,7340101_IV,7340101_IV,A01
91ea180c-9b22-4573-b9c9-cf8ae7f839ea,NHH,7340101_IV,7340101_IV,D01
758a2909-6205-4386-a1a8-bee12ce007c9,NHH,7340101_IV,7340101_IV,D07
cf66ec31-da7d-462b-b07f-ff26b2c304ad,NHH,7340120,7340120,A01
48dff11d-b05f-4fdf-bef8-60fdd0c9d72b,NHH,7340120,7340120,D01
4911e2fa-9387-4835-ba71-e46f051516be,NHH,7340120,7340120,D07
66ea8478-12e5-49da-a521-7bc05a01b538,NHH,7340120,7340120,D09
092d25f7-7b9e-455b-bfac-398e8722fbfb,NHH,7340201,7340201,A00
d4a058a2-e551-4680-9f36-22d62eb72530,NHH,7340201,7340201,A01
aa45cda7-f4e9-490c-9f0a-6c8b0b8f1893,NHH,7340201,7340201,D01
f7cb0900-882b-4da0-9de2-1531f0917ab0,NHH,7340201,7340201,D07
cb63d072-cb7b-4897-b015-42de3543a0fe,NHH,7340201_AP,7340201_AP,A00
22b8b045-557b-4a94-a43f-5146689c7559,NHH,7340201_AP,7340201_AP,A01
70ba215b-e984-4130-88fc-f2e0e3a0f2e2,NHH,7340201_AP,7340201_AP,D01
d242c0c9-df16-4072-9305-19fd66edbcec,NHH,7340201_AP,7340201_AP,D07
1b23f37e-b49b-47da-a77f-37541aa56166,NHH,7340301,7340301,A00
2014f7ad-3c6f-4a88-8c96-b3e15bd5ab31,NHH,7340301,7340301,A01
9518fba6-9b11-47f2-9d01-e2188dda1867,NHH,7340301,7340301,D01
0560f596-d4d4-4706-a66f-8e763c439004,NHH,7340301,7340301,D07
9ae5641a-984c-4388-a9a2-4f82f63812ce,NHH,7340301_AP,7340301_AP,A00
61498c48-3021-4bbd-ba29-40c3aa98d3c2,NHH,7340301_AP,7340301_AP,A01
bbfeb56d-0269-4ca3-8136-1e29c9a8e7c6,NHH,7340301_AP,7340301_AP,D01
a42cefc5-a733-4ce2-bc58-02e49788288b,NHH,7340301_AP,7340301_AP,D07
c6734291-b06b-4c0a-881f-1b8a99d12171,NHH,7340301_I,7340301_I,A00
df8b1219-ce9d-4659-87fa-adc34e9cfb8c,NHH,7340301_I,7340301_I,A01
43908d94-b335-4134-84d6-a9d92204df7f,NHH,7340301_I,7340301_I,D01
de5e666e-3516-42c9-9275-5949a7ed9ac0,NHH,7340301_I,7340301_I,D07
f917f77d-ec54-4b93-a9d9-60d0e020e7d5,NHH,7340301_J,7340301_J,A00
7694b0d5-9efe-4634-a3e1-075420f154bf,NHH,7340301_J,7340301_J,A01
a00e7c9a-bf9f-4742-b422-dea4d635d0ad,NHH,7340301_J,7340301_J,D01
3659c97e-c71f-42e3-a562-f40b73370137,NHH,7340301_J,7340301_J,D07
7fa246b1-3a15-492a-bdcb-7ef8bf677825,NHH,7340405,7340405,A00
2c7674f0-d53e-4b49-ae07-11c04694185d,NHH,7340405,7340405,A01
3c3e80c6-5089-4b81-a57c-cf79ebeeb322,NHH,7340405,7340405,D01
20009fa9-3e35-42ab-9fac-b0b802567b0f,NHH,7340405,7340405,D07
2a2af635-401f-46a7-adba-3165d7dd694e,NHH,7340405_J,7340405_J,A00
1e5d54f9-16c6-4d6e-b79e-dc5992049600,NHH,7340405_J,7340405_J,A01
a5b5374d-a0c3-447c-ab04-92e3bcba2e3c,NHH,7340405_J,7340405_J,D01
720caa79-907f-41a0-84a7-4c2fcda9dcbe,NHH,7340405_J,7340405_J,D07
a9b9b120-c6d5-40de-9cf5-ad973de8abba,NHH,7380107_A,7380107_A,A00
88e28f76-1e3d-4c41-ae01-bd9d2965fa21,NHH,7380107_A,7380107_A,A01
efc8b03e-104f-44ad-a1c9-dfc449f1f006,NHH,7380107_A,7380107_A,D01
d67db15c-a754-4779-9587-26be3959b07e,NHH,7380107_A,7380107_A,D07
e366fe16-38e6-4c3a-b9f3-23acde404c23,NHH,7380107_C,7380107_C,C00
92a7bf3a-cbfc-4c3d-9862-a39ccf011d29,NHH,7380107_C,7380107_C,D14
847c9240-74fc-44c6-9d35-321334ca2209,NHH,7380107_C,7380107_C,D15
4d881dc6-0407-4925-826a-6ca171d04f2e,NHH,7480201,7480201,A00
3b009444-eae6-4fa5-b329-3551ba298632,NHH,7480201,7480201,A01
8bcefbea-ddbc-42fd-a207-ab93d36872c7,NHH,7480201,7480201,D01
7d078413-a28d-468e-bf5c-2351566436c5,NHH,7480201,7480201,D07
711a73ee-6433-40db-8f1b-0572c2de5bcb,NHH,7310101,7310101,D09
ae74853b-f410-428d-ad26-51799c4ec213,NHH,7340201_AP_NH,7340201_AP_NH,A00
53994d53-b5a6-46a7-a2f8-1f10491ee7bb,NHH,7340201_AP_NH,7340201_AP_NH,A01
84b5f818-3ed8-4045-9104-1cd3d634eb7e,NHH,7340201_AP_NH,7340201_AP_NH,D01
a90c7c03-7631-467d-a6f1-894676988738,NHH,7340201_AP_NH,7340201_AP_NH,D07
90983154-9ca2-4f5b-b92a-4326a22483e8,NHH,7340201_AP_TC,7340201_AP_TC,A00
7e5a3eae-7ac3-4b33-b061-dc33b0300e75,NHH,7340201_AP_TC,7340201_AP_TC,A01
380c2323-afb7-48c5-a622-5399b4d0846c,NHH,7340201_AP_TC,7340201_AP_TC,D01
f0a4d71f-978f-4825-bf47-f866cf86b83e,NHH,7340201_AP_TC,7340201_AP_TC,D07
a03f17d0-9528-417d-82ed-d7bdf7a2dc14,NHH,7340201_NH,7340201_NH,A00
365549dc-325a-4fae-9cde-8b5c68ed2900,NHH,7340201_NH,7340201_NH,A01
356c967e-7b6b-4983-9378-0b52f2b8dbfb,NHH,7340201_NH,7340201_NH,D01
9fc747f5-576d-4c1c-a71d-0ed785fb524b,NHH,7340201_NH,7340201_NH,D07
b395c58f-606f-41bb-b6bd-8127afc7a2f8,NHH,7340201_TC,7340201_TC,A00
258e8189-50da-416a-a1dc-e683ff5d3aef,NHH,7340201_TC,7340201_TC,A01
a426190c-506c-40ba-a2f6-7fd31f8a2c34,NHH,7340201_TC,7340201_TC,D01
d0c64893-9ffb-4e58-909b-5121e9fdd98e,NHH,7340201_TC,7340201_TC,D07
ac0a71e3-0868-4054-9e34-35229aa0226b,NHH,ACT01,ACT01,A00
e4ff09ec-797b-411e-bcd2-abc3bff45c7b,NHH,ACT01,ACT01,A01
2c31d69f-4f53-4137-9acf-71f9b9824466,NHH,ACT01,ACT01,D01
587ed46a-e058-46b5-80ed-ca10f375a3d0,NHH,ACT01,ACT01,D07
6d7d0f1f-ebc8-4d0a-b9c3-80a9e1c6259f,NHH,ACT02,ACT02,A00
1c0473c0-caa1-4921-b02d-acde42b79182,NHH,ACT02,ACT02,A01
d3e1ad51-b440-4eb6-9b83-2518b57fae20,NHH,ACT02,ACT02,D01
2f1b4781-5e5a-4614-baf7-b9d38e3752b4,NHH,ACT02,ACT02,D07
a512406e-7ccc-427a-a4ce-35633de4d25a,NHH,ACT03,ACT03,A00
890a1575-effb-43e1-a216-88c96ce74e83,NHH,ACT03,ACT03,A01
5dd8ee9c-4791-40f9-990b-af186394cec4,NHH,ACT03,ACT03,D01
2a6f9d87-c6f7-4429-84a2-0cf62b936d40,NHH,ACT03,ACT03,D07
4e24d32c-d9a2-4d57-924a-96e806f29920,NHH,BANK01,BANK01,A00
8c936bc8-d9c4-4cc5-8a14-747f976d86c2,NHH,BANK01,BANK01,A01
2cc9dd7c-20da-4df1-9036-36ff344be421,NHH,BANK01,BANK01,D01
100b93a3-924c-4cdd-b835-f579aafb6a3e,NHH,BANK01,BANK01,D07
91c61a53-b071-4514-98b7-239955deeaa4,NHH,BANK04,BANK04,A00
6e5d7da4-fcf2-4715-96d4-5fb378614d07,NHH,BANK04,BANK04,A01
fe5a92ed-b52f-4832-8460-03b20ea474e4,NHH,BANK04,BANK04,D01
10b2d3b3-9e40-4ce9-8e5e-6ee7aca3bc3b,NHH,BANK04,BANK04,D07
3f5243ab-b4a6-4a45-b579-59f24f5beedb,NHH,BANK05,BANK05,A00
8df7c8ea-1c82-4337-bb1d-911d6f9336cf,NHH,BANK05,BANK05,A01
df0c3783-445b-41ae-afae-83857a626357,NHH,BANK05,BANK05,D01
21e19836-6be6-4692-8137-c3a1ce9b53bd,NHH,BANK05,BANK05,D07
5087d824-6ab8-43f8-8562-c762de39458a,NHH,BANKK02,BANKK02,A00
9da70e6b-fdee-4e7a-8984-c995a19ae71d,NHH,BANKK02,BANKK02,A01
52f7b771-e473-4243-a417-1e53ad73afa9,NHH,BANKK02,BANKK02,D01
df7feb64-a15e-404f-bf65-ea1cfa87f379,NHH,BANKK02,BANKK02,D07
b33748d3-d3aa-407d-9bb3-e7c7c9269308,NHH,BANKK03,BANKK03,A00
859c275f-dec2-4713-b5f1-61cd47e821f7,NHH,BANKK03,BANKK03,A01
e34a0712-21e1-444a-8f2a-caff4ead4255,NHH,BANKK03,BANKK03,D01
a3b5a69a-5015-4cae-be1b-6661b94d48f8,NHH,BANKK03,BANKK03,D07
bdb80a6c-d6d1-45ff-833e-e48167e0d410,NHH,BUS01,BUS01,A00
1dd14158-2706-4f43-9de5-6c6a84f3409b,NHH,BUS01,BUS01,A01
38fdf702-f18d-4e21-ac28-56934790cfc6,NHH,BUS01,BUS01,D01
2ba7052a-8c13-4ab4-adb8-cacb6a75ff80,NHH,BUS01,BUS01,D07
8c45dd0a-b095-43b6-bd88-c4548e745197,NHH,BUS02,BUS02,A01
ff9b7bb7-5868-4371-a5df-002dd41e3014,NHH,BUS02,BUS02,D01
eb97af08-660d-450b-87d2-54d69a70803a,NHH,BUS02,BUS02,D07
cf7b8164-689b-4475-889a-d7d36a804070,NHH,BUS02,BUS02,D09
4d162a99-49e6-464a-b632-b17d17d7294a,NHH,BUS03,BUS03,A01
f9448d37-a72f-4e9b-81e0-715a94993a02,NHH,BUS03,BUS03,D01
07e029f5-f997-491c-853d-9a452e6d72da,NHH,BUS03,BUS03,D07
d8527756-72ae-4bd7-9e33-ab6be05f2b07,NHH,BUS03,BUS03,D09
a089c5e9-36f9-48b7-bc38-ae7be7cff12a,NHH,BUS04,BUS04,A00
83aef0ce-9882-4adb-8b8a-f07f0b90edb1,NHH,BUS04,BUS04,A01
50719d25-5ed4-44f6-bbd9-68737326813a,NHH,BUS04,BUS04,D01
75e642ef-3fa6-4796-a118-92e70d4ef44e,NHH,BUS04,BUS04,D07
334b9a2f-ce8a-4bb4-926f-6cd339782013,NHH,BUS05,BUS05,A00
b20f989f-1962-4b32-891b-b5f04f9a93e9,NHH,BUS05,BUS05,A01
dd518cbd-31bc-412b-9034-fab0474b33e7,NHH,BUS05,BUS05,D01
bf7cfed9-6263-4b9b-971d-670945b8cd8e,NHH,BUS05,BUS05,D07
3061884c-3ebe-411a-8819-a34e7b084434,NHH,ECON01,ECON01,A01
e6d4078e-96b3-4740-b230-22967c653074,NHH,ECON01,ECON01,D01
593d8ec6-8614-4d17-8d5d-cfeedca077ea,NHH,ECON01,ECON01,D07
39dd546d-6f9b-4139-b8cd-403694ce5cc5,NHH,ECON01,ECON01,D09
377f0c6e-d34f-4f0c-9e1f-0e0aa2aff542,NHH,FIN01,FIN01,A00
285903e6-41af-4d75-9936-3ff83ef3c950,NHH,FIN01,FIN01,A01
821dc3b4-7774-4c8c-b659-12c2adfe4768,NHH,FIN01,FIN01,D01
b4d416fc-f9e6-459f-80cb-4cb26793a43b,NHH,FIN01,FIN01,D07
0e2a6903-a051-4fdb-abae-40cb9eebfe3a,NHH,FIN02,FIN02,A00
cb673360-0690-4ba5-9bd7-5873ba61282c,NHH,FIN02,FIN02,A01
385aa380-e306-491f-a4ad-a8a326f8f67a,NHH,FIN02,FIN02,D01
367ef74d-0a65-4a4e-8e45-82716cd346b1,NHH,FIN02,FIN02,D07
033efa5c-6374-4327-9529-e59305e843fb,NHH,FIN03,FIN03,A00
334a2124-3169-4163-96c0-cdc997ffcda5,NHH,FIN03,FIN03,A01
b309249b-21f6-46de-a8a2-7b9dacf9eb89,NHH,FIN03,FIN03,D01
81992648-5ca4-4c8a-a8e6-7c790922de22,NHH,FIN03,FIN03,D07
5743e29a-3b06-41a4-900c-3656be9a8073,NHH,FL01,FL01,A01
fc0e2ab9-0378-4016-9419-111deec5c45d,NHH,FL01,FL01,D01
c68e54c9-7ce1-4307-915a-ab76ec3742d4,NHH,FL01,FL01,D07
e0c81b1c-1841-4281-ba8c-84effbaa20d9,NHH,FL01,FL01,D09
dd93c876-3208-488b-9dfb-49db91113697,NHH,IB01,IB01,A01
ac44b719-cb4f-47ba-b198-7d77e4d8be83,NHH,IB01,IB01,D01
4174197e-7e21-438f-b75a-cb9850113dab,NHH,IB01,IB01,D07
d28b6368-05a9-44ea-8c02-d5c4564a7452,NHH,IB01,IB01,D09
4d81c6b3-7cef-48cc-82a8-ee8d77335af8,NHH,IB02,IB02,A01
01e58965-57be-411a-9489-e865ff57d97d,NHH,IB02,IB02,D01
9ae1b435-4eab-4f52-8404-f76b19c2f157,NHH,IB02,IB02,D07
3848ba1a-a08e-4869-bea0-13159d4aaad1,NHH,IB02,IB02,D09
74f46b57-857e-482b-94cf-fe80e2b84d63,NHH,IB03,IB03,A00
fd85f120-b41e-4029-8023-537c999a9722,NHH,IB03,IB03,A01
cfedf93f-0508-4fb8-8512-981b2e513fbb,NHH,IB03,IB03,D01
8c9bb147-b0bb-4dd1-975e-77f9e8cf6964,NHH,IB03,IB03,D07
3d3ea33f-18c1-4ca8-9e2c-e43ed8aa190f,NHH,IT01,IT01,A00
e912fa31-edda-4302-aebd-9ec19be2429a,NHH,IT01,IT01,A01
b445fc50-6938-4dd7-9dc0-1ea9abcc663a,NHH,IT01,IT01,D01
385b9a4a-6bca-49ae-a6da-d00e21d9380d,NHH,IT01,IT01,D07
e4ce49fd-11d2-4252-8003-d3ff8146a0cd,NHH,LAW01,LAW01,A00
515ebc37-3f19-4fe7-9c67-c7e221449edd,NHH,LAW01,LAW01,A01
861a7929-cb5b-4958-b594-d5caf17489df,NHH,LAW01,LAW01,D01
419eed00-e339-4b29-ac5c-f5d85eaffed1,NHH,LAW01,LAW01,D07
b4939a99-9f61-4c83-b9b1-2749bea5f901,NHH,LAW02,LAW02,C00
5e85575c-e7b6-4088-b71a-7bc8752d2396,NHH,LAW02,LAW02,C03
b0ade56f-b9aa-424d-ae73-df1f103f05e2,NHH,LAW02,LAW02,D14
b6af402c-b8b6-4a32-a9fd-54ca56e81cf3,NHH,LAW02,LAW02,D15
4c07656d-aed9-41d9-b449-14da0a9dd443,NHH,MIS01,MIS01,A00
65dde6f9-77b7-42e0-a383-6c524f794aaa,NHH,MIS01,MIS01,A01
d8214f7e-1993-4046-abba-e89e17176d40,NHH,MIS01,MIS01,D01
7bb38936-e3da-4db9-b905-493022c4719c,NHH,MIS01,MIS01,D07
058918a7-22a0-4a33-9963-a2b711971939,NHH,ACT04,ACT04,A00
095e5004-14cb-43ef-8bc3-5d458936c482,NHH,ACT04,ACT04,A01
cab312f1-4f0f-4764-918e-91d236c6a075,NHH,ACT04,ACT04,D01
9440fbca-2cac-453c-aefa-96b901be811f,NHH,ACT04,ACT04,D07
9b76f63f-ba73-494f-9fa7-7653345cb325,NHH,BANK02,BANK02,A00
9f563b23-639f-4482-b9b4-727bd1620f89,NHH,BANK02,BANK02,A01
c1e0e6b8-7af8-4462-97cc-612541d1e7c1,NHH,BANK02,BANK02,D01
6a714d31-461b-4984-84da-6040a633ecfa,NHH,BANK02,BANK02,D07
fd7a070c-5d68-4927-914b-20b7ebe3fd6f,NHH,BANK03,BANK03,A00
3d4e7d72-7947-4e13-ac58-a9e915c61dc7,NHH,BANK03,BANK03,A01
0f284cc1-f653-447e-bb8e-1418601d6677,NHH,BANK03,BANK03,D01
3b2995b9-9d00-42c0-bbe1-c2bbad3b9f18,NHH,BANK03,BANK03,D07
b912a5d3-e184-4a58-a1e5-c641c8409e15,NHH,BANK06,BANK06,A00
79473738-183a-4a30-96ec-44fdc93ff30d,NHH,BANK06,BANK06,A01
9b0db1d2-b980-47bc-82b9-d7b64a0264a6,NHH,BANK06,BANK06,D01
782e7eea-aa7b-4999-b79e-dd48449b9d32,NHH,BANK06,BANK06,D07
5b3a90f9-a9af-4adc-8aab-5c8db22bcffd,NHH,BUS02,BUS02,A00
d56cfdd4-2a8e-45f2-ad95-1801d8121f70,NHH,BUS06,BUS06,A00
6a68344c-70ca-4dc8-a9c1-c5ec6b4b2ce0,NHH,BUS06,BUS06,A01
09cee2f3-14b9-4814-9c1b-dc1b57154544,NHH,BUS06,BUS06,D01
711179d0-3a04-4ee1-99cd-87f15b50a42e,NHH,BUS06,BUS06,D07
6ebf3cce-9d15-4159-b9d8-c5174cebdbd2,NHH,ECON02,ECON02,A01
b14f570f-2ee6-402c-b1a6-8ee3758e1629,NHH,ECON02,ECON02,D01
b8e6c97c-9e7e-48ec-b0c7-cdd51ba88e75,NHH,ECON02,ECON02,D07
9f565c8a-3873-44a7-a9ac-e33521782c42,NHH,ECON02,ECON02,D09
8b7a3823-d036-4e68-a705-904475c0ca13,NHH,IB04,IB04,A01
4738bfa0-3794-4124-9092-db61d5451493,NHH,IB04,IB04,D01
175fa55e-3d70-40e7-8e2c-4d2fb093ad19,NHH,IB04,IB04,D07
a30b9bc5-4c5d-454e-9852-89b4f3e08fff,NHH,IB04,IB04,D09
98e9ad4a-e40f-45be-9673-5115fd2e3075,NHH,ACT01,ACT01,D09
215774ab-07f8-44a7-b86c-95e28dd46160,NHH,BANK01,BANK01,D09
bfce4876-bfdb-4bc0-b802-c648b200f685,NHH,BANK06,BANK06,D09
5046c5f7-dcdd-41b5-985e-cd8389e99518,NHH,BANK07,BANK07,A01
c4f31675-7ce7-4545-8212-5c75c99378f2,NHH,BANK07,BANK07,D01
7b16333b-6fdc-4209-b1c0-e02da71fffa2,NHH,BANK07,BANK07,D07
e14654f5-bc6a-4ea9-b314-4db2b0138b25,NHH,BANK07,BANK07,D09
85bd47b5-a6af-4bbf-ba1e-5f0c0cacae9e,NHH,BUS01,BUS01,D09
3bd34495-0f08-4818-9c70-2173a87b3b7c,NHH,BUS06,BUS06,D09
d7f09870-3f52-42da-b7e4-69d3e23603bc,NHH,BUS07,BUS07,A00
5af821f0-36d1-446f-afaf-61a013e8edae,NHH,BUS07,BUS07,A01
21a86f0e-8780-4ff3-a17e-1d9d749a034f,NHH,BUS07,BUS07,D01
a135a69a-2e2b-4368-9a37-e2c49dcea928,NHH,BUS07,BUS07,D07
8114421d-1c20-4e0f-b847-455caf619628,NHH,DS01,DS01,A00
fa02b112-fed5-4272-8d57-6ef1c485d8e6,NHH,DS01,DS01,A01
f26363a5-1919-4fae-8102-9604f3beb77e,NHH,DS01,DS01,D01
3ec5ac60-aef1-4ce9-b133-7ffb104ac73d,NHH,DS01,DS01,D07
fac23a6d-fb1a-4c1a-bc60-2ffccb65b83b,NHH,FIN01,FIN01,D09
c4ae1ff7-9c3b-4262-b210-2eb21ea4d09d,NHH,FIN04,FIN04,A01
ac63141a-7015-4703-8998-f4576a6623d7,NHH,FIN04,FIN04,D01
27b898a9-a8d1-4c55-a88e-935354e36266,NHH,FIN04,FIN04,D07
1704015d-c391-47e5-9580-f3420f929c2d,NHH,FIN04,FIN04,D09
3632e0c9-c523-4a87-8a9c-452e365f2f8c,NHH,FL02,FL02,A01
5a699bf2-fcb9-4d0a-96c8-5cbec0fe6045,NHH,FL02,FL02,D01
b31b1f12-c887-4b2d-8bfb-b65abdaa1e05,NHH,FL02,FL02,D07
6f018318-2302-4018-b7e1-b664ef13d58f,NHH,FL02,FL02,D09
40a85a17-4d50-4c0d-a353-8a9218f47740,NHH,IB05,IB05,A01
25b898fa-498e-4753-9e42-d7634d0136cd,NHH,IB05,IB05,D01
77b7a164-a1ce-4afa-ab7b-ce9e8f97c464,NHH,IB05,IB05,D07
e3772e71-32c4-46d3-a9b1-641c9e183e66,NHH,IB05,IB05,D09
1a8d1bb2-b562-4591-8414-79f566e2be31,NHH,LAW01,LAW01,D14
d9d49d11-605b-4bf4-b5a5-3ccf4b4ddb71,NHH,LAW01,LAW01,C00
03726d68-ddc1-443f-b3ad-c200fbdd9313,NHH,LAW01,LAW01,C03
820c3450-601e-4235-9ab3-70e5b04bca31,NHH,MIS02,MIS02,A01
98e370d8-1e72-4256-8b8d-0427988379e7,NHH,MIS02,MIS02,D01
cf9ec5a8-973b-4229-abb8-15183aa05049,NHH,MIS02,MIS02,D07
eef63755-91c6-4efd-9c45-c1c4aa76ec41,NHH,MIS02,MIS02,D09
853617af-1804-4239-9607-8c2e7adced41,NHH,7380107_C,7380107_C,C03
b7da3de0-e20f-4ba7-8a52-f7c3543cf7f8,NHH,7480201_J,7480201_J,A00
4aa26390-5ac1-4cca-93cb-965211ac64f1,NHH,7480201_J,7480201_J,A01
e5c946f3-76aa-44e9-9dee-e749ad99ab74,NHH,7480201_J,7480201_J,D01
105534b2-fbd0-472e-8c4f-e3204ed28ee4,NHH,7480201_J,7480201_J,D07
4b07e4e3-d973-467d-97ce-ad4059cdaf32,NHH,BUS03,BUS03,A00
748a2981-41d3-4813-9005-fc76e6b42cd7,NHH,ECON01,ECON01,A00
d670c427-0692-479b-912f-7672297711b7,NHH,ECON02,ECON02,A00
b0f0e186-9295-46ec-b2bc-1b229037a0b2,NHH,FL01,FL01,A00
87af5a57-4ac7-498e-b928-a1aafe2ce6f9,NHH,IB01,IB01,A00
6b1735fe-4408-4a75-86bb-31dc3bcf8e76,NHH,IB02,IB02,A00
5e425e19-f311-4a10-8c73-946bcbbaf9c8,NHH,LAW02,LAW02,A00
1cc13a0a-d8d9-454b-86e2-f1a92cb1b1ce,NHH,LAW02,LAW02,A01
a1d2fcfa-dfa2-4fe3-b35a-42bb880eedf4,NHH,LAW02,LAW02,D01
ac6c0557-5f91-4818-9c85-9327c59d8fd9,NHH,ACT01,ACT01,Q00
8b7c35bc-4520-4feb-8347-4e57b2ed048f,NHH,ACT02,ACT02,Q00
067094f2-0a6c-40bc-85de-8f2169df0a62,NHH,ACT03,ACT03,Q00
6e018726-695e-43a3-98fb-5c4fa8581557,NHH,ACT04,ACT04,Q00
4699e909-6d2d-4f13-ba1c-973755b54101,NHH,BANK01,BANK01,Q00
8d5b4fb7-fc82-48e7-8230-5cda9dfa4b4c,NHH,BANK02,BANK02,Q00
ac49c5c4-3b15-467b-a438-789736b3ddf2,NHH,BANK03,BANK03,Q00
7fddd825-6d1a-41d5-baf7-32fe0de255af,NHH,BANK04,BANK04,Q00
2b1184e9-1a51-43cf-a37b-ee0de30489dc,NHH,BANK05,BANK05,Q00
83c8569d-b86d-4c8e-ba68-c843837f7ab0,NHH,BANK06,BANK06,Q00
3198a1c3-03bf-4330-aafa-cc4791688ae9,NHH,BANK07,BANK07,Q00
48a9a50c-fd41-468d-a957-5f83e6c29a3e,NHH,BUS01,BUS01,Q00
e8944cff-bc1d-4009-9c8b-1a8de732827e,NHH,BUS02,BUS02,Q00
92caab69-1d78-462a-a5d1-ffcda7cf1866,NHH,BUS03,BUS03,Q00
79695000-beae-4854-8953-ace32b83bfae,NHH,BUS04,BUS04,Q00
b873628c-6bc1-49b9-946e-f949ad5189b1,NHH,BUS05,BUS05,Q00
bcd752e7-f4cc-4d63-bbe1-057b65191365,NHH,BUS06,BUS06,Q00
42d9904a-1b73-4619-8b07-6b848b47eb83,NHH,BUS07,BUS07,Q00
0f950c63-5ad0-4313-beb6-7ebee50fae95,NHH,DS01,DS01,Q00
db70fa98-d1f6-4ba1-9466-b449b0437bf2,NHH,ECON01,ECON01,Q00
553c2116-3bbf-4b25-a76c-0c1e9e037b71,NHH,ECON02,ECON02,Q00
5f73ed97-d726-41a8-8201-315144689303,NHH,FIN01,FIN01,Q00
78baa404-4a36-4e0a-9278-d4ac26341d12,NHH,FIN02,FIN02,Q00
76d70dcd-1a71-4f8b-aff2-e106ec7439ec,NHH,FIN03,FIN03,Q00
c6f723b8-8b78-4f61-bc57-02fb2f4b4a3a,NHH,FIN04,FIN04,Q00
a152add9-86b2-4eb7-9388-3ac4bd3a2034,NHH,FL01,FL01,Q00
b36cc0e1-587c-404d-a2a4-593d090a71c0,NHH,FL02,FL02,Q00
6602c4cc-4835-46e5-b485-9f0e2a4cd53f,NHH,IB01,IB01,Q00
511c1bf5-e823-4fb8-b72c-96f6518d5c75,NHH,IB02,IB02,Q00
de3d387b-3aee-4138-8d8f-9b070fce015e,NHH,IB03,IB03,Q00
b23b1bfb-f2d1-41b6-8ce3-e546dad1f4eb,NHH,IB04,IB04,Q00
e7139e1c-54e0-41bb-8105-c0aa7e59ef95,NHH,IB05,IB05,Q00
b3d88b12-d29b-4ae1-93ab-1d0fbff14873,NHH,IT01,IT01,Q00
572b403d-1cf6-4b25-b052-d8dedf645a4c,NHH,LAW01,LAW01,Q00
0214a45f-5bbf-4739-812f-5e07bcd42985,NHH,MIS01,MIS01,Q00
59bf8ff4-ec44-4536-abf0-3650eae525e3,NHH,MIS02,MIS02,Q00
e5efcf86-caf9-4808-a582-50a1d7c152e4,HPN,7310101,7310101,A00
3ddee336-c970-4da9-b03b-b3842889323a,HPN,7310101,7310101,A01
96fffcf1-3276-41aa-bd4f-f5aba1d3c05f,HPN,7310101,7310101,D01
b47ff4d5-1ad0-4624-bffe-ea7437772094,HPN,7310101,7310101,C00
0b789232-2707-40ae-afd4-04c3082457d2,HPN,7310301,7310301,A00
f58b30f2-6f8b-471f-a2e4-cdebd5f19cb0,HPN,7310301,7310301,A01
cc5877dd-00fe-45d5-baca-90659d09fd48,HPN,7310301,7310301,C00
cb6980e6-71df-4b78-af43-b60bdeae0267,HPN,7310301,7310301,D01
9f5cae88-1fdd-4fa3-b845-cee0fa1d8e71,HPN,7310399,7310399,A00
8fc1d0cb-8faa-4582-a20d-a33b76a42ba9,HPN,7310399,7310399,A01
7e6c4ea9-825e-46ae-b36f-6db70ea77d45,HPN,7310399,7310399,C00
ad406490-e89c-4844-8d83-5d0560321d38,HPN,7310399,7310399,D01
d9bdffd9-9ea8-4a43-81d4-ad29673bf491,HPN,7310401,7310401,A00
6e667837-9ffb-48d2-a2b0-8bb4ecc5e929,HPN,7310401,7310401,A01
224e5e4f-9d4f-4255-a223-ef08f6fb0252,HPN,7310401,7310401,C00
8a435401-5ad2-41ca-8a99-b7417b8c1c72,HPN,7310401,7310401,D01
e148b49d-f6b6-4888-aaf6-125741a03040,HPN,7340101,7340101,A00
7dad8f4f-1bf5-4156-a813-1d224bc51259,HPN,7340101,7340101,A01
fc71691f-81db-4c75-b790-dd2a52457ce4,HPN,7340101,7340101,D01
1e8f92d7-c571-49a3-b267-76b3042efae2,HPN,7340101,7340101,C00
a50243cf-513e-46a2-badf-22a1861fdd94,HPN,7380101,7380101,A00
3781269e-f1b9-4fc7-9eb6-db3935f37d70,HPN,7380101,7380101,A01
29ea8f0f-20ad-4ccb-a8fd-f6a9315316fd,HPN,7380101,7380101,C00
0eac70b2-0220-4c4d-8f45-f75ed08394f1,HPN,7380101,7380101,D01
d71c98cf-73f4-4ed0-b0d1-2aef263f4f71,HPN,7380107,7380107,A00
aaf30dbf-59db-4727-8ee9-17b1191146aa,HPN,7380107,7380107,A01
701227c9-8bbf-4f19-bd90-829a47348020,HPN,7380107,7380107,C00
494ab03b-4d19-4690-8397-22f5e68bfa0e,HPN,7380107,7380107,D01
bba3baf3-ce90-4dee-ae9b-4694742772fb,HPN,7480201,7480201,A00
80b6b7ad-fe0a-46a9-9392-7cbed9c657d2,HPN,7480201,7480201,A01
7c6d28f1-2e71-4258-857f-932791ca50a3,HPN,7480201,7480201,C00
3cdc8af8-f9ad-4267-a390-16f1a3f29bfc,HPN,7480201,7480201,D09
26291c4e-e084-4c5b-9f92-80a3cd9f0078,HPN,7760101,7760101,A00
9288018f-f124-4e3e-98e4-c5630658f4e5,HPN,7760101,7760101,A01
8f6c1fe1-f2c5-431b-9c8d-af3aaec402d7,HPN,7760101,7760101,C00
54ff75cd-b4c1-40bb-a9e4-fb3c2945c6b6,HPN,7760101,7760101,D01
8493694a-3252-4fd2-b6cd-24634f95801b,HPN,7810103,7810103,A00
ad0802c2-986a-4f3a-8bda-952926472680,HPN,7810103,7810103,A01
2dabe6b2-9623-427d-841f-a3f43197de80,HPN,7810103,7810103,C00
6b9c3a75-3356-43d2-bf51-4ccf6e059093,HPN,7810103,7810103,D01
432bef07-803f-462e-86a8-5d9c56e66194,HPN,7320104,7320104,A00
3d227922-1585-44d6-909d-b5afb658461d,HPN,7320104,7320104,A01
dde3102f-9d5d-4c00-a505-6c61c03caed8,HPN,7320104,7320104,C00
2b1127d7-857b-4c22-9dae-bbd96768c0c9,HPN,7320104,7320104,D01
4252e08a-4bc6-4d24-91c1-d3c6d70cbe8a,HPN,7340101CLC,7340101CLC,A00
bcc07a05-7299-456e-849f-79af6f387775,HPN,7340101CLC,7340101CLC,A01
52b8b572-10ac-426f-a61d-8e01fc416188,HPN,7340101CLC,7340101CLC,D01
11757f22-0048-4406-a03d-8f1a6be66fa3,HPN,7340101CLC,7340101CLC,C00
56b7975c-7593-444d-af1b-ff5a0bbac24b,HPN,7340101LK,7340101LK,A00
154469e9-e7f9-44e3-9870-5c9b03b6fd27,HPN,7340101LK,7340101LK,A01
60880ca1-f065-4453-a5e7-d3715ec091dd,HPN,7340101LK,7340101LK,C00
0f661372-e24e-4682-8d7c-bbdc81e6c881,HPN,7340101LK,7340101LK,D01
c331e432-730b-4a1e-aa60-e8798be37ca0,HPN,7420201,7420201,A00
8cb0f73e-4bdb-4850-93f2-26c6a08b41d6,HPN,7420201,7420201,A01
73faf403-f2d7-4834-8f7e-c1a19dde7610,HPN,7420201,7420201,D01
52d5caf0-6a56-4959-85b0-db88f3a81138,HPN,7420201,7420201,D09
6ef877f4-5065-4d39-ad83-2b04187e78fd,HPN,7760101PH,7760101PH,A00
3c6cea65-a423-4a56-bfbd-f857ddbbc264,HPN,7760101PH,7760101PH,A01
6b246850-781f-4bd5-a844-68df58bd72bb,HPN,7760101PH,7760101PH,C00
57c825b3-9c4c-4997-b31b-00100c3f0ff4,HPN,7760101PH,7760101PH,D01
4f21323e-deca-41e1-bc25-92160bc73721,HPN,7340101 LC,7340101 LC,C00
7ff5be59-def8-47ca-a1da-1208a51b1987,HPN,7480201,7480201,D01
5152183b-ead0-4e9f-a3a9-80b024d3f834,HPN,7810103PH,7810103PH,A00
3c4bf52b-90b4-4bc8-96e9-7fe9a3a2bf4a,HPN,7810103PH,7810103PH,A01
06c4c464-da47-4ac0-ad66-f660ff710770,HPN,7810103PH,7810103PH,C00
1f7f107d-95cf-40fa-bb18-df713c422820,HPN,7810103PH,7810103PH,D01
fea5f3cb-ae47-477b-ae21-85e641dd26a7,HPN,7310109,7310109,C00
e8211c6f-568d-4f4e-884a-fcef884419dc,HPN,7310109,7310109,A00
65949ebd-4c61-43b9-bfbf-267da9717458,HPN,7310109,7310109,A01
776dd458-958d-41e2-8d42-abafbe137d2d,HPN,7310109,7310109,D01
dbf5e631-a0a8-4fb4-a2b9-024f7dc7d233,HPN,7340101TA,7340101TA,A00
18c9923a-3e82-45e0-abee-bbb45ffe7995,HPN,7340101TA,7340101TA,A01
50ef3b38-44a0-4860-b1a0-99cf28708513,HPN,7340101TA,7340101TA,D01
c7d1114b-7f64-48b9-8998-0c7d8ef6c2a4,HPN,7340101TA,7340101TA,C00
25aeb3a0-c9b6-473b-a36f-a1959590f996,HPN,7310101,7310101,D09
34c498e9-615e-4d29-85a9-9a017bc83aba,HPN,7310101,7310101,X25
74fcbae5-5473-4ae8-b9a9-8a0d8bc87849,HPN,7310109,7310109,D09
12097843-8b9e-4c98-bb69-5adb18313bd5,HPN,7310109,7310109,X25
8e1448c7-fcd5-4168-8574-ea9de7325027,HPN,7310399,7310399,D14
a6b697bb-071e-43e7-9655-7c3ca8846076,HPN,7310399,7310399,D15
c9ca6381-cced-4ffb-acd3-df1e030ba7f2,HPN,7310401,7310401,B03
a86bf18e-c102-449f-a1e2-220e43abab52,HPN,7310401,7310401,B08
65019d57-d5ee-4214-929f-7bf4abc6bbee,HPN,7340115,7340115,A00
758b7082-d68f-45f1-a6e3-8c2bca36772b,HPN,7340115,7340115,A01
9ca09eeb-a1cc-4387-85cf-3f1d1d78685a,HPN,7340115,7340115,D01
c5d9f389-5ef2-4cfb-b3ed-3238e3e6446b,HPN,7340115,7340115,C00
0da28ed1-d3cf-47af-981f-90cb0cc08db6,HPN,7380101,7380101,D14
ec3b89b4-c51e-4a4d-87e6-3a5aebc89931,HPN,7380101,7380101,D15
0ec03962-30c1-4d5b-b2b3-23d745bd0841,HPN,7380107,7380107,D14
838ed70e-81fa-4db6-9651-017eb4ce40f8,HPN,7380107,7380107,D15
948b4a7f-365c-4c08-9fd9-0a179d241451,HPN,7480201,7480201,X26
906dc2c2-bad6-4633-92b7-ba21031dd1c1,HPN,7760101,7760101,D14
6527fba1-ca5c-43b0-bb11-8ce202139371,HPN,7760101,7760101,D15
ab9d68b3-5703-4b77-89ae-c3dd81aa09bd,HPN,7340102,7340102,C00
bf408ab6-7cd1-4a23-b395-ad801d267b4a,YQH,7720101,7720101,A00
311f8021-8fe6-4719-9978-73c8fc0ea29b,YQH,7720101,7720101,B00
3bf3eafc-1f77-4ed7-a773-77c2a4841748,YQH,7720110,7720110,B00
a8cc20dd-e42e-4cb8-bdb5-45a36d7fcb5f,YQH,7720201,7720201,A00
5d9e1309-5e7e-4504-8526-85b30a5d34d3,YQH,7720101_Nam_B,7720101,A00
057a2170-1610-4d94-bf97-044767b69e5d,YQH,7720101_Nam_B,7720101,B00
cdc50873-a586-4269-87fe-4d769d9f94b5,YQH,7720101_Nam_N,7720101,A00
215ff998-6f1f-448e-b382-9d9d5aebb740,YQH,7720101_Nam_N,7720101,B00
9f31f8d4-2538-44eb-a4db-51db56ac4322,YQH,7720101_Nu_B,7720101,A00
a6b8967e-1328-46cd-a075-76c9f14356cf,YQH,7720101_Nu_B,7720101,B00
ed60059e-c831-4d91-ba4b-632db3e49fb8,YQH,7720101_Nu_N,7720101,A00
7e08cad1-7346-4479-84aa-7bf57ef55d81,YQH,7720101_Nu_N,7720101,B00
f2d495f2-9787-4100-9675-037f86138e5d,YQH,7720110_Nam_B,7720110,B00
b692e60c-d47f-446e-8f5b-f1a8e38d710b,YQH,7720110_Nam_N,7720110,B00
168770e8-6964-440d-8210-af3ee001553f,YQH,7720201_Nam_B,7720201,A00
af8c7ea8-c719-46cb-95d2-b36f4f2b2626,YQH,7720201_Nam_N,7720201,A00
7a432578-2e3b-4c15-9ccd-3f83ecc4540a,YQH,7720201_Nu_B,7720201,A00
9f422501-33ce-4f47-9bdd-3b4533d9e0eb,YQH,7720201_Nu_N,7720201,A00
517a2f16-2868-4700-9de9-991c9ced6f79,YQH,7720101_Nam_B,7720101,D07
dd8dfa53-5f6c-4b0a-bacc-03fef10dcc6a,YQH,7720101_Nam_N,7720101,D07
d9048435-8581-4ce1-9826-8b1649df9e05,YQH,7720101_Nu_B,7720101,D07
138e404f-2d95-48ce-a7f5-cee51da59450,YQH,7720101_Nu_N,7720101,D07
accaa751-df87-44cc-94c0-9fee95b9a558,YQH,7720201_Nam_B,7720201,D07
4ecb735f-1a80-41cf-9271-78ac74df66a2,YQH,7720201_Nam_N,7720201,D07
88591cc7-565e-4e74-9354-ac3ca39738ef,YQH,7720201_Nu_B,7720201,D07
1e4dc27a-f9a9-42be-87e4-79aeb581f4ed,YQH,7720201_Nu_N,7720201,D07
fdda93c5-84e4-4ed8-8cf7-67dbbca72012,YQH,7720101_Nam_B,7720101,Q00
d4bea528-67f3-4a02-89a7-a413c7dd8263,YQH,7720101_Nam_N,7720101,Q00
9d454688-4571-4b06-b4e9-e79c307b8807,YQH,7720101_Nu_B,7720101,Q00
200345cc-562a-427c-8c8b-d1086cbe9e53,YQH,7720101_Nu_N,7720101,Q00
7dba5797-8562-4476-a08c-1db06112321d,YQH,7720201_Nam_B,7720201,Q00
a37cfd91-c064-4786-9a76-188badb25797,YQH,7720201_Nam_N,7720201,Q00
c9057a69-a7ae-41cf-a150-ad6e996692f5,YQH,7720201_Nu_B,7720201,Q00
1098bc27-ace8-47a2-be02-4a7834fc4ced,YQH,7720201_Nu_N,7720201,Q00
7afe1610-20f8-49eb-87cd-f8a8cbf32834,HTC,7220201,7220201,A01
e0c7a1e7-f736-46cd-89a5-998a1aa3514a,HTC,7220201,7220201,D01
13d02e36-86d1-433a-a1c4-3fd70e8f533c,HTC,7220201,7220201,D07
1a737ca0-4ab9-4d76-b1d6-05b97b7936e5,HTC,7310101,7310101,A01
956c5668-8e28-40ad-a849-5d42cf024200,HTC,7310101,7310101,D01
0bab6a78-3046-4bc0-be70-524852d5f96c,HTC,7310101,7310101,D07
81ec0aff-8fee-42ce-bcbb-be0a626966e7,HTC,7340101,7340101,A00
6667de11-2ae6-4047-b94e-3fbe6bb876aa,HTC,7340101,7340101,A01
d235f1eb-243b-4c8d-a7df-090b9f19b22b,HTC,7340101,7340101,D01
80f81ffe-80e1-45fb-897d-6f411af1a4ce,HTC,7340101,7340101,D07
85401f78-f58c-4f16-bf35-d0ea6df19608,HTC,7340201,7340201,A00
f66fc75c-5176-432c-927a-be7608bc6923,HTC,7340201,7340201,A01
73787929-0035-4f3f-900e-7949db549914,HTC,7340201,7340201,D07
83554ae8-02f6-46f8-8d43-ef0f065a4312,HTC,7340201C06,7340201C06,A01
c6629f5c-a45e-4f45-8bd9-853a7dbae09a,HTC,7340201C06,7340201C06,D01
301e120c-804e-4ea7-8f01-91d310f23469,HTC,7340201C06,7340201C06,D07
e17d2e1d-f662-48dc-b96c-ebdab21887b0,HTC,7340201C09,7340201C09,A01
f4b8aed9-aa5f-4613-bf4b-4476b722aa2d,HTC,7340201C09,7340201C09,D01
13dbb6c1-6c8a-459a-a227-aa5a372f3a0f,HTC,7340201C09,7340201C09,D07
a87143a8-bf19-49e2-a961-932617ef3836,HTC,7340201C11,7340201C11,A01
b5a49155-873b-41c4-83ca-0c7de8542824,HTC,7340201C11,7340201C11,D01
858534e3-fed3-4368-b918-c66452435a48,HTC,7340201C11,7340201C11,D07
6c81e5d5-8245-4d30-8c86-50a4618cfc41,HTC,7340201D,7340201D,D01
be2493fb-fb9b-4b3a-8079-cba6b53f93ba,HTC,7340301,7340301,A00
80973b39-7b5f-4efa-bf0a-4d6decc83286,HTC,7340301,7340301,A01
6cb4f137-f5cc-43f4-9623-f107ff8c1b76,HTC,7340301D,7340301D,D01
cd5bd1e3-8b6b-4194-ae23-5db0bda5d438,HTC,7340302C21,7340302C21,A01
fbcd2fcf-c1f4-45f3-9055-9a600456c6b0,HTC,7340302C21,7340302C21,D01
d9ccd3d2-c1cf-4c7b-8e32-d38686c85433,HTC,7340302C21,7340302C21,D07
829966bd-f32c-41ea-96ce-ec0c7c19288c,HTC,7340302C22,7340302C22,A01
6333f2d4-7eb7-46ab-ac17-9d8d1b78906e,HTC,7340302C22,7340302C22,D01
a8834bdc-7abe-49b1-9ed0-7224c646a8b5,HTC,7340302C22,7340302C22,D07
b58d50e3-0715-468d-bc81-ad362e5f583b,HTC,7340405,7340405,A00
1dac3dd1-8acd-48f1-9e48-bf99de71e92f,HTC,7340405,7340405,A01
10f119db-2a9b-4850-bc9f-e35f6ea1e766,HTC,7340405,7340405,D01
82957443-f7ed-422d-8dd4-90e301713faf,HTC,7340405,7340405,D07
22d3828b-7bdf-4464-8a5a-9325755066e9,HTC,73402011,73402011,A00
8a145719-cf3b-47ad-99a4-529c5528fa40,HTC,73402011,73402011,A01
a5fc3a60-4888-4d05-9d98-f2adbea7ecaa,HTC,73402011,73402011,D01
816037b7-ddc6-4694-87a6-48c988149fb2,HTC,73402011,73402011,D07
d3f0b240-510d-408a-8f4c-bb77eb53ce2b,HTC,73402012,73402012,A00
10ad9793-655e-4342-84e2-f006af2425b7,HTC,73402012,73402012,A01
82cead33-4873-4c2e-ad52-b464d45de1c2,HTC,73402012,73402012,D01
aaa6fdcb-8ed4-41a2-a1aa-f455d61e19fb,HTC,73402012,73402012,D07
53e286af-dfad-4a58-b8ce-d068777c63d8,HTC,73402013,73402013,A00
4957fecd-7da8-4896-acd4-1400f45a8e25,HTC,73402013,73402013,A01
d101e68b-6b71-4b98-a108-4dc610670b14,HTC,73402013,73402013,D01
aba8430d-5a45-410e-8f99-590cb80a81fd,HTC,73402013,73402013,D07
333ea35f-1684-4f99-aa15-95a64b6675a3,HTC,7340301,7340301,D01
cb9a9786-f1ba-45a9-9918-672607d005f1,HTC,7340301,7340301,D07
b7324f6b-1dbc-444b-8df2-df87c3eeb3b7,HTC,7340301C21,7340301C21,A01
bb30161b-273f-484b-a5df-a955d5abd5cb,HTC,7340301C21,7340301C21,D01
539370f0-cf92-47d0-a39a-cbc6731da286,HTC,7340301C21,7340301C21,D07
c04e7165-0e67-450a-97ff-6503b3190e7a,HTC,7340301C22,7340301C22,A01
babc1e1c-041f-4c36-8c3d-ba0d644a63f8,HTC,7340301C22,7340301C22,D01
9a629171-fdb9-4139-9c28-2c837c22bfe7,HTC,7340301C22,7340301C22,D07
aaa1b8cd-4898-4f23-89bb-e09b5dabf959,HTC,7340115QT11.02PH,7340115QT11.02PH,A01
a542e49d-d881-463e-a2f8-2f948395c21b,HTC,7340115QT11.02PH,7340115QT11.02PH,D01
7993ab8e-d9aa-459f-b038-63ac98a0fa77,HTC,7340115QT11.02PH,7340115QT11.02PH,D07
56a8edf8-5f2b-4de6-9709-4c9203ad4d24,HTC,7340201QT01.06,7340201QT01.06,A01
faba7955-0f01-4b6a-b210-16e8ff3d3727,HTC,7340201QT01.06,7340201QT01.06,D01
e70f7e08-5377-437f-a980-8ddff58fc306,HTC,7340201QT01.06,7340201QT01.06,D07
16a5c159-824f-432f-b51e-4c1600c6e92e,HTC,7340201QT01.09,7340201QT01.09,A01
65760066-3929-4ca6-bfb9-b1c8400f51fc,HTC,7340201QT01.09,7340201QT01.09,D01
23a473d4-f926-4222-800c-410d601b2eeb,HTC,7340201QT01.09,7340201QT01.09,D07
b2737a88-7fbc-47ee-bc7f-aa1e50a471c6,HTC,7340201QT01.11,7340201QT01.11,A01
3d11fb5b-3a98-4858-bb64-7790eaab8eee,HTC,7340201QT01.11,7340201QT01.11,D01
e26deee8-62d0-490f-8244-2f344a6faef0,HTC,7340201QT01.11,7340201QT01.11,D07
d1505967-c2b6-4eaa-b1f7-ab797f5465f1,HTC,7340301QT02.01PH,7340301QT02.01PH,A01
2f2a05b2-a98e-4424-8c6e-4943cc5e8100,HTC,7340301QT02.01PH,7340301QT02.01PH,D01
d4321874-c945-4dda-9b6d-3e78a4742605,HTC,7340301QT02.01PH,7340301QT02.01PH,D07
b3a8920a-d324-4259-97c3-2d618f925b67,HTC,7340302QT10.01PH,7340302QT10.01PH,A01
56668591-786f-4cf6-953d-7735170f4799,HTC,7340302QT10.01PH,7340302QT10.01PH,D01
d14d7856-b802-40e3-a69c-f1ee7c9e9a9e,HTC,7340302QT10.01PH,7340302QT10.01PH,D07
c26024d9-3104-4c2c-a6e8-6650e3681109,HTC,7310101,7310101,A00
c1be7fc5-64ea-4278-b35e-f3e8a6e59b01,HTC,7310102,7310102,A00
9dcbb255-9472-424a-93f9-f6ef37ccec13,HTC,7310102,7310102,A01
14f3842e-dfab-4681-8885-455673efb983,HTC,7310102,7310102,D01
076eeef3-8aa4-4e6e-b28d-018aaeeae7c1,HTC,7310102,7310102,D07
0e699b38-00d5-459a-b7fb-61e736f5d6fa,HTC,7310104,7310104,A00
61bf9097-1414-483d-b4c8-9c8902c3773c,HTC,7310104,7310104,A01
537a0d18-319d-4f44-be9d-a36cb60796dc,HTC,7310104,7310104,D01
adf8efa2-70cf-4ad0-b25a-9aaebac472a6,HTC,7310104,7310104,D07
7e91f2e4-c625-47a8-87ce-27891244899f,HTC,7310104QT12.01,7310104QT12.01,A01
063b45f0-5c66-4471-ab4a-407ec7a26cd5,HTC,7310104QT12.01,7310104QT12.01,D01
c64cc3c2-ff45-45e3-a321-b7b52412ec37,HTC,7310104QT12.01,7310104QT12.01,D07
157b73d6-35c5-4756-93d6-a3e46ea84b77,HTC,7310108,7310108,A00
95ea1a67-1eff-4bfe-b95b-50a9f2928c59,HTC,7310108,7310108,A01
146d68d1-22dc-41cc-bd14-6b2cdf08f267,HTC,7310108,7310108,D01
fb3eedff-56a1-4819-b88b-55b10d4937f3,HTC,7310108,7310108,D07
a4414bf1-6122-4b58-9eb2-d42ba23e5d0c,HTC,7340101QT03.01,7340101QT03.01,A01
3a9e1b79-fe59-468f-bc38-5b92499019c2,HTC,7340101QT03.01,7340101QT03.01,D01
d30c6e3c-8146-4264-ac71-b45fb115095a,HTC,7340101QT03.01,7340101QT03.01,D07
f6456c78-0111-400d-9599-23ebf8c16704,HTC,7340115,7340115,A00
b59e8558-7099-4e8a-98ed-c35d19610b5f,HTC,7340115,7340115,A01
92260864-918e-4b79-9161-0d95a74e00ba,HTC,7340115,7340115,D01
dc98c04a-b038-467e-9512-0002a74b71f7,HTC,7340115,7340115,D07
37080080-db1f-4536-a0bf-f2d97fe6c8a3,HTC,7340115QT11.02,7340115QT11.02,A01
bef36391-ffef-4bb9-b5a1-11b5b0684290,HTC,7340115QT11.02,7340115QT11.02,D01
b4c963e5-c8ce-4e10-af08-dbf5f9521b6d,HTC,7340115QT11.02,7340115QT11.02,D07
959bb691-8354-4c75-a4aa-9fd0fc957fb9,HTC,7340116,7340116,A00
8e6850c1-444f-468a-8f72-c0d6fd430bae,HTC,7340116,7340116,A01
fca0a78e-b6d8-4e8d-a7d5-595e66c18588,HTC,7340116,7340116,D01
0a84ad3d-bacd-4b15-80f5-3c31b98518cd,HTC,7340116,7340116,D07
dee9df70-f5d6-4643-837e-e41562a34e60,HTC,7340116QT09.01,7340116QT09.01,A01
ad0f30b6-894d-40e6-a453-59a6f4dbab00,HTC,7340116QT09.01,7340116QT09.01,D01
13d8b94e-be5f-4af8-a8c3-887e4b6d673f,HTC,7340116QT09.01,7340116QT09.01,D07
070418b0-8366-4654-9f17-07af30fe2a65,HTC,7340120QT15.01,7340120QT15.01,A01
7d157a96-c952-4625-b602-5d74a14f22cd,HTC,7340120QT15.01,7340120QT15.01,D01
5059f010-2375-49a6-807c-b5048a79e503,HTC,7340120QT15.01,7340120QT15.01,D07
d3f3813b-297a-49d7-8be5-2e968a2fae79,HTC,7340201QT01.01,7340201QT01.01,A01
34d6e654-f24e-4b4a-9c48-7bfd0692f2ec,HTC,7340201QT01.01,7340201QT01.01,D01
8e9be918-b9b8-43c5-bd38-28475347c97c,HTC,7340201QT01.01,7340201QT01.01,D07
dc20ca20-e27d-49a0-933b-199583e68919,HTC,7340201QT01.15,7340201QT01.15,A01
47e86889-2bbc-457f-a5c1-df5d4d7609e9,HTC,7340201QT01.15,7340201QT01.15,D01
c8f7dd26-1455-41bf-9e5b-b9dae3bbdb9e,HTC,7340201QT01.15,7340201QT01.15,D07
7baa3833-da0c-4a57-9240-a56b6211ef95,HTC,7340201QT01.19,7340201QT01.19,A01
bb2c9b72-570d-44ca-bb37-450f68533093,HTC,7340201QT01.19,7340201QT01.19,D01
0bc17d6e-bef4-4882-bd2d-3fe94a88ca26,HTC,7340201QT01.19,7340201QT01.19,D07
8405a0ca-cd7e-446b-9bd7-7dcc4a440c67,HTC,7340204,7340204,A00
dba5b72e-289b-4e7c-a340-af632f9eaab7,HTC,7340204,7340204,A01
30ba7b3a-a44f-4747-9e51-bc3ae9aa3639,HTC,7340204,7340204,D01
9ba0ddd4-c76e-4a1e-a73d-13c67469e19a,HTC,7340204,7340204,D07
e7bf0159-483f-4eab-a374-a7fc9c639c2f,HTC,7340301QT02.01,7340301QT02.01,A01
14a748a5-34ce-47f4-9d0d-0eb51d00d003,HTC,7340301QT02.01,7340301QT02.01,D01
638981fd-784c-4d18-81cd-bdac0afcc8e4,HTC,7340301QT02.01,7340301QT02.01,D07
efc636c8-1fe3-4c41-a6f5-f5fa502f413e,HTC,7340301QT02.02,7340301QT02.02,A01
f2214bc3-2637-420a-82d6-097f6c6dd60f,HTC,7340301QT02.02,7340301QT02.02,D01
d6a57563-fc29-4a6f-86c9-b5ad3e6dc995,HTC,7340301QT02.02,7340301QT02.02,D07
2451aed9-f2fd-4502-aa73-0ff67589acef,HTC,7340301QT02.03,7340301QT02.03,A01
3f8d5a0e-2132-4297-a91a-3e4c9917ab26,HTC,7340301QT02.03,7340301QT02.03,D01
f0031c36-85c4-45e3-b609-09477c81c95c,HTC,7340301QT02.03,7340301QT02.03,D07
6f72b32b-5fdd-4f07-9ca6-553584b64af6,HTC,7340302,7340302,A00
46fb148b-5370-4d2e-ab94-05d1b30c6bcb,HTC,7340302,7340302,A01
cf94f233-dd66-4f0e-9a7e-1be925cc792d,HTC,7340302,7340302,D01
fe9e91d4-9499-45f7-95f0-7a50b886f1fd,HTC,7340302,7340302,D07
a61ef07b-ea83-469a-9902-88128b08980a,HTC,7340302QT10.01,7340302QT10.01,A01
50620ffb-ee0a-48c7-bba2-8030f48e4140,HTC,7340302QT10.01,7340302QT10.01,D01
3d370d32-926c-4887-8cea-42deda9b6096,HTC,7340302QT10.01,7340302QT10.01,D07
132c4ea6-e4f0-4ae4-92ba-a24eda50e707,HTC,7340403,7340403,A00
88715084-462f-428e-bad1-15cad469a969,HTC,7340403,7340403,A01
fff66061-6c50-4fe9-a853-95c7eec8a33f,HTC,7340403,7340403,D01
40693526-2bce-4915-badb-f1e9b8269ef1,HTC,7340403,7340403,D07
22733e9e-dbee-4079-8c63-0fb4ab7204d8,HTC,7380101,7380101,A00
a7f752c2-d9a6-4d11-9582-873e6e16e270,HTC,7380101,7380101,A01
5a74d5b2-ad26-4892-9630-7214be89d7af,HTC,7380101,7380101,D01
b0bd23f3-e9a4-4d4c-a496-f31d6523663c,HTC,7380101,7380101,D07
54ae543e-c93f-4581-a0ca-35ac23723cf4,HTC,7460108,7460108,A00
7636600e-d105-4522-89f8-2546dba85ec3,HTC,7460108,7460108,A01
91e07529-950e-4a3b-ac90-3c9ccf617cdb,HTC,7460108,7460108,D01
32342f14-2920-408c-a064-fe0a2a870153,HTC,7460108,7460108,D07
7a69a9dc-666e-443a-8b48-333cfd01861b,HTC,7480201,7480201,A00
f0421930-33e4-4780-8dfd-adc078a12517,HTC,7480201,7480201,A01
025c74b4-cb0d-4aeb-bacb-db558eae11c9,HTC,7480201,7480201,D01
c2fafd5d-c2a1-4f7a-bd91-ca07d888db04,HTC,7480201,7480201,D07
48fae332-bf8e-4543-9f7b-4c857fdc3c9a,HVQ,7140114,7140114,A00
a2af3c62-1b01-43ce-b47e-13e2261d19ea,HVQ,7140114,7140114,A01
840bd5bc-144f-4937-b4be-d1051b7c8627,HVQ,7140114,7140114,C00
5e9d344c-ce37-47f8-9016-a7c62be3bb99,HVQ,7140114,7140114,D01
e4980a66-1469-49f7-8d17-cff38431b0be,HVQ,7310101,7310101,A00
851ac7e4-6a63-4787-9cb9-a645b3443784,HVQ,7310101,7310101,A01
09bc620d-7b20-4fd4-99b4-2f62539b72f9,HVQ,7310101,7310101,D01
ed4db95f-5ccb-4556-ae57-9ebe0e6c8ea0,HVQ,7310101,7310101,D10
b401b7b9-21ff-43df-afaf-21d45c1a949a,HVQ,7310403,7310403,A00
76ccc45e-ce89-4016-a3fb-86bd194998c9,HVQ,7310403,7310403,B00
f27c9364-4e56-4fff-8275-38872c06db73,HVQ,7310403,7310403,C00
a9134bea-2ac0-42bd-9c78-b8ec7cd1c9a6,HVQ,7310403,7310403,D01
04141ad7-aec3-4d64-b50f-58c780b77b43,HVQ,7340101,7340101,A00
865b0a1e-958e-4635-9d1e-3b0ac3ba31e6,HVQ,7340101,7340101,A01
0dfd2752-8960-40d4-8ca5-ff31dd21217f,HVQ,7340101,7340101,C00
801040c0-097d-4c2e-a650-7585e9665ff2,HVQ,7340101,7340101,D01
484b1274-7078-4528-b53e-dc51838d197b,HVQ,7220201,7220201,A01
ae3f266c-5bae-4e69-aea0-0d469196ce85,HVQ,7220201,7220201,D01
0fa92fd4-d0a2-43ae-89cc-d17ead8e4cb2,HVQ,7220201,7220201,D10
ca47f971-6a9e-4ae8-95d3-15b1badc2ee8,HVQ,7220201,7220201,D14
9272b2a5-daba-4e7f-b8ae-33e53d55366a,HVQ,7140101,7140101,A00
610646b0-df45-4547-9846-9ae927ffa913,HVQ,7140101,7140101,B00
439e217c-26a9-4b5c-b715-00209597ecff,HVQ,7140101,7140101,C00
4664b330-e73d-488b-b7c6-8425e67d89ad,HVQ,7140101,7140101,D01
9976e5ef-e069-4075-9c30-f2a2fa42df84,HVQ,7140101,7140101,X70
1797b171-e823-464c-9d96-89804988a8bc,HVQ,7140101,7140101,X74
766dd415-c700-4e7d-821d-65e3ab4d9e9c,HVQ,7140114,7140114,X70
7d3f9337-29ff-471f-a252-91fd3914ce53,HVQ,7140114,7140114,X74
875dfc89-2325-4de3-b8aa-db7ae2aaab50,HVQ,7220201,7220201,X25
152ee8cb-3ebe-4cf7-942e-0d87c2f3571b,HVQ,7220201,7220201,X78
a72d2d36-3f18-4021-b397-aaa0fb47d7b9,HVQ,7310101,7310101,X25
9145ae34-e3d9-4d63-83f8-76e2c4bea56d,HVQ,7310101,7310101,X26
9bf48cb5-9f71-4029-8399-e79b4168ad4e,HVQ,7310403,7310403,X70
e6132588-d708-45c1-b1df-338de7943f32,HVQ,7310403,7310403,X74
f66b8022-6d80-4683-a39d-3b3bbbeb5be5,HVQ,7340406,7340406,A00
7e8195f8-1c94-4288-b0cf-3139a7d965d6,HVQ,7340406,7340406,A01
9f0f7a80-2091-48e7-90e1-8a1fe7960ae2,HVQ,7340406,7340406,C00
d074f792-d176-4ae8-b61a-9014ad3836ef,HVQ,7340406,7340406,D01
37ee6197-1631-44e4-b8cf-272ea6b96a43,HVQ,7340406,7340406,X70
2beffeae-9cdf-4eac-97d8-82ef84185670,HVQ,7340406,7340406,X74
96ec43c8-22db-4385-aa22-485d7ddc18da,HVQ,7480201,7480201,A00
7889c976-10bc-406f-88ed-f78ef659bca8,HVQ,7480201,7480201,A01
bc84af86-fbd0-417c-a007-fb33de1865a2,HVQ,7480201,7480201,D01
da13c627-d132-486f-b50f-6410e4e11dd7,HVQ,7480201,7480201,D10
ba8da5bf-2e3d-471b-8f8c-615ff750116e,HVQ,7480201,7480201,X06
78b635f9-7748-4baa-bf5d-92edf54b0ba5,HVQ,7480201,7480201,X26
78c1cfd6-d6c6-4599-be67-9d9be1ead766,HTN,7310202,7310202,A09
b51fa1ba-1102-4656-8b0a-bd0e99f6ff7e,HTN,7310202,7310202,C00
dbcebcdd-52dc-46a8-9429-8b1aba1a065f,HTN,7310202,7310202,C20
3d9bde64-49ad-41bf-a43f-3f884df48f41,HTN,7310202,7310202,D01
7d929628-7bbc-4826-b091-db62d3d57d17,HTN,7310205,7310205,A09
2f8e8a15-4f05-4ead-a7e5-4a1eef91be4d,HTN,7310205,7310205,C00
a7b13f9f-659c-44ae-8a33-ab12acf4d75c,HTN,7310205,7310205,C20
c112cf22-d75d-469f-a735-4cb5a6f9a576,HTN,7310205,7310205,D01
fc50bb7a-065d-497a-9a06-80f9444c4c60,HTN,7310401,7310401,A00
3ee3e910-2b0f-47d8-8a9e-d22649733d58,HTN,7310401,7310401,A09
1eb01d7c-bc22-4c50-95d5-0924a7ed2614,HTN,7310401,7310401,C00
d4d58cce-36c3-4709-a322-6a41001086e8,HTN,7310401,7310401,C20
464ed089-617c-46f2-ab87-a0e528b67b69,HTN,7320108,7320108,C00
e4f20f12-650b-4e2e-b040-1c5c1f54eb38,HTN,7320108,7320108,C20
69cc261a-5d09-4cd3-91fd-9a55078b04d6,HTN,7320108,7320108,D01
b944eaa6-aadd-476e-b111-a7089335ec9a,HTN,7320108,7320108,D66
4c636391-8b9c-414d-b1af-27166613bc0b,HTN,7380101,7380101,A00
2ed410a2-f9ee-43a4-8088-e9ba671258e3,HTN,7380101,7380101,A09
559d1c73-6309-454c-89a9-9952e70695d3,HTN,7380101,7380101,C00
7460ccfe-03f1-4605-aa00-e31fb10e3eb8,HTN,7380101,7380101,C20
fb327d80-7247-460f-a6d2-83c44c7c100e,HTN,7380101,7380101,D01
9654a7be-4efe-4fcd-95c5-c339290004e2,HTN,7760101,7760101,A00
7af9f66e-f4ae-46e1-b433-aa6eafb91606,HTN,7760101,7760101,A09
77877a19-8111-4889-a4ff-1596f441d5fc,HTN,7760101,7760101,C00
f4ddba46-267c-49f5-977c-46ae517f957d,HTN,7760101,7760101,C20
d9ee56fa-d389-4418-aba5-69f1093f882d,HTN,7760102,7760102,A09
10ac1c72-a76d-41ec-8fa6-4efcd167bea3,HTN,7760102,7760102,C00
41d940bb-f577-4456-87f0-846b25d1d110,HTN,7760102,7760102,C20
2701d100-4d22-4f06-8131-9999def9b6ab,HTN,7760102,7760102,D01
8c1c0d22-27ea-4beb-827e-1e35c5e0c59a,HTN,7310401,7310401,D01
352480e6-56ee-4624-924d-4c05d7d66365,HTN,7760101,7760101,D01
bdcf8447-f188-4446-bb66-f746928df511,HTN,7320108,7320108,D15
0327ee7e-209c-4f39-a4d3-b5143aa01c74,HTN,7310101,7310101,A00
73f755c2-822e-4b67-8f97-137cd4e42bc1,HTN,7310101,7310101,D01
f0684a55-0419-4822-9987-b37a18dd0e14,HTN,7310101,7310101,D10
5c20492f-9ab5-4403-8696-631916705624,HTN,7310101,7310101,X21
18c98d32-83c8-418d-b3c8-a322cc1cf115,HTN,7310202,7310202,X74
184576e6-f71a-4a3e-9364-260b4d2ed9b0,HTN,7310401,7310401,X21
2a150849-1415-483e-af0e-d7a13bc28da8,HTN,7310401,7310401,X74
4993da22-f50b-40ab-b112-2922cb9d1926,HTN,7320108,7320108,X74
8a87dd6d-d439-4d08-a473-d33f4d185649,HTN,7380101,7380101,X21
8e7ae3b1-4c69-431e-813a-ea516dca2413,HTN,7380101,7380101,X74
a4f145d4-c731-4d65-8d3f-55ca6d858523,HTN,7480201,7480201,A00
f1bbd056-56f9-4cea-bf6c-09ad2d2f7fcb,HTN,7480201,7480201,D01
69957afe-974d-45b7-86f3-b25602b5b339,HTN,7480201,7480201,D10
d79add7c-bab7-470a-8e43-63b945586dc2,HTN,7480201,7480201,X21
c565fe38-9c52-4d81-ba57-831fcd3d782e,HTN,7760101,7760101,X21
b270ff8f-1b86-4f85-a8d3-28ab8962e81b,HTN,7760101,7760101,X74
41b074bf-7419-4ec8-9ec2-76256b3b4cd3,HTN,7760102,7760102,X21
103f49aa-857f-4c0d-88f1-f79c29558d8f,HTN,7760102,7760102,X70
c493deff-fce5-4e2d-b77f-b52d8f6c59cb,HTN,7760102,7760102,X74
8a337a85-1bb9-471c-9a93-5b3d0f0419cd,HTN,7310202,7310202,X21
aa6873bb-b1cd-4fc5-a857-2d4197febfdc,HTN,7310205,7310205,X21
d6f2e9f8-bb03-4a5f-8140-9de639128c1a,HTN,7310205,7310205,X74
9f71727e-3ffc-4d09-af29-58382f5d7f85,HTA,7380101,7380101,A00
5e43a125-995b-497d-97c4-60100258d111,HTA,7380101,7380101,A01
83957425-db5b-4771-808f-341ad1ab3240,HTA,7380101,7380101,C00
93c46b97-9427-48d2-9d9b-0fe2087525be,HTA,7380101,7380101,D01
744a2901-cb9e-4ef9-a8d2-2d3e19f94d12,HTA,7380101_NAM_B,7380101,A00
a8fdf4fb-4a95-40f6-bf50-1a9ee8f88d80,HTA,7380101_NAM_B,7380101,A01
d07caf6c-2115-4a7a-8e29-1d6629e87a4f,HTA,7380101_NAM_B,7380101,C00
d0aa64ad-9521-4b84-b0f3-5360fc027a67,HTA,7380101_NAM_B,7380101,D01
cdf4c935-aee3-44d3-8842-9c0126404a70,HTA,7380101_NAM_N,7380101,A00
6c5e351c-3d6e-45cf-a058-560db6562784,HTA,7380101_NAM_N,7380101,A01
bc7c9f96-fe30-4093-8c28-86ea142585bc,HTA,7380101_NAM_N,7380101,C00
fbf64997-5ebd-4e6f-a01d-11f3bab46de9,HTA,7380101_NAM_N,7380101,D01
15067adb-3efc-458b-85a1-24787311c4b0,HTA,7380101_NU_B,7380101,A00
6531115e-da66-4629-8c35-a747824cddff,HTA,7380101_NU_B,7380101,A01
f9edf7b7-0c7a-4fb7-8ece-82c0c8b8fa40,HTA,7380101_NU_B,7380101,C00
b8a023c7-4a99-4c38-bd68-5cdfcd2128b0,HTA,7380101_NU_B,7380101,D01
c33956be-a02d-42f6-b6d0-c2d9e668e991,HTA,7380101_NU_N,7380101,A00
d282d552-34dc-4eab-8f2c-f6bbb7103cff,HTA,7380101_NU_N,7380101,A01
b04a9a36-a5a5-46bb-831e-2ca0d0f8c0eb,HTA,7380101_NU_N,7380101,C00
27ed15df-9878-4ef3-a987-80c97726130d,HTA,7380101_NU_N,7380101,D01
57ebbbf2-e5b3-460b-8be7-fb3437273ab9,QHI,CN1,CN1,A00
ae80cca7-590e-450e-99f7-162c02d977a9,QHI,CN1,CN1,A01
e3a3aadf-c21b-445e-8df3-d6eaa5200d79,QHI,CN10,CN10,A00
2a52de2f-d41c-4f28-8714-1d03b4cfd1c5,QHI,CN10,CN10,A01
4cc890ba-521d-480d-afb3-69663a8133d4,QHI,CN10,CN10,A02
5ddf64b5-953f-4192-b5b3-8dbc34aa4f66,QHI,CN10,CN10,B00
b1047d9c-dfcc-4c36-9a9b-3730cf69268d,QHI,CN11,CN11,A00
78844d52-9e21-4a7c-91d7-9e9bd2c37857,QHI,CN11,CN11,A01
0ecbbd9d-09bb-42b2-b6e5-b9e53d493f58,QHI,CN2,CN2,A00
d323e6f2-52b7-4f54-9231-5530c4bc645e,QHI,CN2,CN2,A01
4e38a677-8c6f-4b62-a654-92d4a067e1f0,QHI,CN3,CN3,A00
cd255085-6ae3-4b03-8578-7a4682f342c9,QHI,CN3,CN3,A01
8f1a7797-953c-49f7-a087-aa769676ec52,QHI,CN4,CN4,A00
62a75c63-ef11-43d1-a675-a6ed9a26c981,QHI,CN4,CN4,A01
c87f56c6-7ef9-4653-acad-bb442f20f957,QHI,CN5,CN5,A00
c3c4988e-dbb5-4368-8972-6f7c63c24d9f,QHI,CN5,CN5,A01
0cce907c-b19a-4b3e-80f3-7336cac39491,QHI,CN6,CN6,A00
7b9bd9c9-aec4-4068-a2db-34e06341392d,QHI,CN6,CN6,A01
f16a9f96-d4e9-4985-a01f-c704fc8852cb,QHI,CN7,CN7,A00
09c73cc4-6e05-41de-8e06-04334cb5e3b5,QHI,CN7,CN7,A01
0ef13378-bb17-427c-a3e6-564e49fc8017,QHI,CN8,CN8,A00
76e5a610-e4c4-4b64-a77a-83c232fa9691,QHI,CN8,CN8,A01
cd9898fb-0bc3-40e5-9fec-830db7e82824,QHI,CN9,CN9,A00
53aa3901-c92e-4b84-b700-685396c2a176,QHI,CN9,CN9,A01
d23798ef-967a-4519-b42c-f2d830e40bff,QHI,CN1,CN1,D01
28d42a36-2c21-48ed-9c8e-55269a28b210,QHI,CN10,CN10,D01
3c16a350-aff0-4b23-a98e-f5c4991914f2,QHI,CN11,CN11,D01
6c8cd77c-eac9-4973-be9e-60349e15a205,QHI,CN12,CN12,A00
adf68813-553c-4e53-8423-7f3a6855a998,QHI,CN12,CN12,A01
4c554bd9-41a8-4ec1-a1c9-dea1e3f8b867,QHI,CN12,CN12,D01
cb3ed559-b994-43f3-b6c3-5e3e65dfb4d4,QHI,CN13,CN13,A00
78a632df-ed6b-49c3-93b2-33f14f828233,QHI,CN13,CN13,A01
197effe5-0993-433a-91e1-8c31971fa871,QHI,CN13,CN13,D01
02deb31c-529b-437b-9cf4-fc1c9a8aaf71,QHI,CN14,CN14,A00
a67f2e89-f93d-4659-a915-cf2d32486486,QHI,CN14,CN14,A01
1ee8b210-3cd7-4ae8-a9ae-4b7364f377cf,QHI,CN14,CN14,D01
e2c317dc-2954-4274-b180-111fc08f1a82,QHI,CN15,CN15,A00
96db9ee3-cb14-4d74-b31b-9588c7a1aca4,QHI,CN15,CN15,A01
0222ba70-f116-4704-a873-30f8da60abd7,QHI,CN15,CN15,D01
ae0f2b98-11dd-4b06-bd25-215a52b4787f,QHI,CN16,CN16,A00
35af3d55-e7a3-4aff-85e3-6f956b37de55,QHI,CN16,CN16,A01
c6b6c383-c621-41ae-b27d-3de883f25603,QHI,CN16,CN16,D01
4e81194b-dcdf-47da-8d5f-5dcfc33427d9,QHI,CN17,CN17,A00
917c8da2-ea67-4ae9-8405-b710115ed39f,QHI,CN17,CN17,A01
1f339734-7aaa-436c-bb08-2e9126b85e76,QHI,CN17,CN17,D01
a1a11da9-15e7-43fb-80d5-811eb0433a00,QHI,CN2,CN2,D01
5fe6f8c0-9e3a-4bb1-b35f-4c3a51ab3b97,QHI,CN3,CN3,D01
b35b926e-5e36-4bf5-a478-1a968b2700a5,QHI,CN4,CN4,D01
8a553138-e5c9-4fd2-ac4b-0e94ba57589c,QHI,CN5,CN5,D01
e8b3491b-916d-43fa-b5be-17db8d8b92e8,QHI,CN6,CN6,D01
e2ae35bb-5ab9-452a-b7ff-b2353a2f8ad3,QHI,CN7,CN7,D01
06f63b3b-2a75-4c47-8afd-c27f38c2ea0a,QHI,CN8,CN8,D01
693997a3-018f-4053-9978-423e7427f5b0,QHI,CN9,CN9,D01
baa094a1-9dde-4c60-ba33-0a5442194362,QHI,CN18,CN18,A00
2a8f945e-ae10-4c24-8801-858d831db155,QHI,CN18,CN18,A01
57d6f0d3-297e-4387-940d-6a4e63934660,QHI,CN18,CN18,D01
6042e5eb-b43a-4555-a8a2-210992247fa5,QHI,CN1,CN1,X06
388829a3-daee-48d0-8476-9b4b75e00ac8,QHI,CN1,CN1,X26
52e5882d-268d-449d-80a5-f60359f06cc3,QHI,CN10,CN10,X06
bd22e812-1240-4071-81d7-d1d1e0346dd8,QHI,CN10,CN10,X26
1dc0f21a-c26e-4940-8114-50833b655ee1,QHI,CN11,CN11,X06
64e96802-f505-420f-ac73-0827687ef4a0,QHI,CN11,CN11,X26
6f64edef-4e19-4359-a591-a8ac6453778c,QHI,CN12,CN12,X06
193927be-6123-4429-b15b-9540d2543117,QHI,CN12,CN12,X26
bbfe03cd-5ae0-4e65-9b37-c2cfe355ce94,QHI,CN13,CN13,X06
b143f84a-4feb-46f1-915d-1fb45ad2d98e,QHI,CN13,CN13,X26
5d01ee73-03df-426a-af16-aa3604901270,QHI,CN14,CN14,X06
2dd69e56-6af4-4ab6-bc02-10d52ab28c19,QHI,CN14,CN14,X26
e41b4668-0283-48fd-a2b6-cd8a5d988636,QHI,CN15,CN15,X06
88731c4b-1662-425a-99d9-ab3dd752b560,QHI,CN15,CN15,X26
064a18d0-9dd6-40d0-a3d6-f4972ad3b8e0,QHI,CN17,CN17,X06
4a533aa8-cd43-4915-906d-016c02802988,QHI,CN17,CN17,X26
c2414e4d-17f2-46f2-8e18-b582dd8441d8,QHI,CN18,CN18,X06
6e2d77eb-0f04-4b3f-9e20-1c189b863696,QHI,CN18,CN18,X26
7aede7c3-47dd-4cf7-b16c-479e85c58ccd,QHI,CN19,CN19,A00
0d04ea76-1732-4c14-b5ad-19cc45b7be47,QHI,CN19,CN19,A01
1570d74c-e043-4912-8df8-457593966719,QHI,CN19,CN19,D01
697cbf34-f914-4320-84a7-5f55028bac21,QHI,CN19,CN19,X06
1b658b08-8c50-48d3-a2dc-401f96209cf7,QHI,CN19,CN19,X26
63fcbcb5-c366-444c-8b91-5c13a846d911,QHI,CN2,CN2,X06
ffb01ba2-5816-48bd-8d61-b2ecc05020b6,QHI,CN2,CN2,X26
56441a5e-5909-4729-9357-958df7dc23b7,QHI,CN20,CN20,A00
a7f5fd16-1200-40e5-9086-f57549ee8b60,QHI,CN20,CN20,A01
ed322b4d-77eb-4d25-a2c7-440738abfc12,QHI,CN20,CN20,D01
0d026aac-b338-4991-b95e-9e3f3dfdbecf,QHI,CN20,CN20,X06
8ebba5ec-a716-4d65-951c-ecd5bfc78d8e,QHI,CN20,CN20,X26
b7da2ef7-9c86-46e7-ae88-3aa3a85dc28c,QHI,CN21,CN21,A00
8012527e-1879-48c7-a2b5-403699837e78,QHI,CN21,CN21,A01
d961e8d7-ef39-4753-9388-09d558c265e9,QHI,CN21,CN21,B00
a8f8c7d1-41fe-4dd4-8b9c-063b5fb68619,QHI,CN21,CN21,D01
14e49434-abc0-46b9-8f4c-9f08f846683e,QHI,CN21,CN21,X06
89242aa3-655c-42e7-a77d-99bc8bb7ec42,QHI,CN21,CN21,X26
158035a2-cfd7-4d5f-879b-406729496e79,QHI,CN3,CN3,X06
ffadb3be-b683-44d9-984f-d535e4d1097b,QHI,CN3,CN3,X26
e6493557-5914-46d3-ae00-8e2970b4f637,QHI,CN4,CN4,X06
5649e68e-82a5-45bb-b175-4defa7d874e6,QHI,CN4,CN4,X26
a565554a-98c4-4f03-b488-38150c2d7e1b,QHI,CN5,CN5,X06
68cfd4d9-3bf9-4aed-8fd2-62a01673571c,QHI,CN5,CN5,X26
8f977445-bd76-427b-a889-69d86562ac0d,QHI,CN6,CN6,X06
48bc1b8b-fbfc-42a2-8eb6-f578ef17294b,QHI,CN6,CN6,X26
1e15443e-b740-47ae-a2a5-9e41dc7fa221,QHI,CN7,CN7,X06
71ecf91e-dd2b-4c8f-a9ea-d6d331adcd43,QHI,CN7,CN7,X26
954ef88a-25b0-4e1c-b856-e03ff3d063a3,QHI,CN8,CN8,X06
0b29641a-0814-4baf-a7e7-13327b72e978,QHI,CN8,CN8,X26
572d761f-a147-40f2-aa44-607a3066e521,QHI,CN9,CN9,X06
e134d5e2-99b3-4eb8-a5a9-914097847799,QHI,CN9,CN9,X26
70f7193c-8e3d-4810-b20d-097d58991993,QHS,GD1,GD1,A00
a989e5a9-e796-4192-863b-2093c2b4e0ca,QHS,GD1,GD1,A01
0a8aee4f-62cd-4b3d-9ae8-813eb593830c,QHS,GD1,GD1,B00
25537004-8006-49f8-97cc-206c17c7dc6a,QHS,GD1,GD1,D01
1b410c6b-ae70-4f04-8504-c0af8fc60a54,QHS,GD2,GD2,C00
68cd7689-c55e-48aa-83b5-edcdd1df1acc,QHS,GD2,GD2,D01
e900b0e5-a8dd-4d3e-afe6-6209e35eef24,QHS,GD2,GD2,D14
c4398ff9-0982-4c59-8ae4-7d9279288b34,QHS,GD2,GD2,D15
f61165b8-75fb-466d-aad6-17c954a0583b,QHS,GD3,GD3,A00
467ac847-57e3-4c1c-a3a5-b42ee9455c69,QHS,GD3,GD3,B00
e1c43b80-58e8-4b05-9edd-0c48ed56aa1e,QHS,GD3,GD3,C00
67aaa8e9-e1c7-4f03-a954-567e8b33a635,QHS,GD3,GD3,D01
85314056-0993-4f8d-8b27-b1b263f782cb,QHS,GD4,GD4,A00
8ad002f9-f87f-4ccc-abd6-677cf86c5ab6,QHS,GD4,GD4,B00
83f19c67-78ec-4e82-b2c6-49128fe72254,QHS,GD4,GD4,C00
9e90afdc-3976-4259-9259-ceee6836baf8,QHS,GD4,GD4,D01
376d0a1b-5351-42d4-8786-f4f4875cce02,QHS,GD5,GD5,A00
bf56174a-f149-4db3-aead-c6105e86eb21,QHS,GD5,GD5,B00
0dcb8204-5262-4c50-b1ff-79854d1666d4,QHS,GD5,GD5,C00
4fd92d1f-ccd0-42de-988e-6498f91b229d,QHS,GD5,GD5,D01
5f2296d0-8f6a-4d5c-b022-6aa7b95e631d,QHT,QHT01,QHT01,A00
030c5a67-5909-4740-a69a-791194815f67,QHT,QHT01,QHT01,A01
f8e86db4-3e8b-4feb-94e0-2d8c63a226c7,QHT,QHT01,QHT01,D07
009c7dfe-7eb2-4057-9ed9-cbd0f7324708,QHT,QHT01,QHT01,D08
1ddc9bed-751b-43c8-a855-448e3a40caab,QHT,QHT02,QHT02,A00
59b21b93-2aa9-48ef-8f39-f705e46d0aa6,QHT,QHT02,QHT02,A01
1f889d8f-a63f-4bc6-ad98-8416a65c5ef4,QHT,QHT02,QHT02,D07
5650b0a6-9e58-4701-818f-31d3858b3927,QHT,QHT02,QHT02,D08
91e7e8aa-854b-49f3-b941-c45e8fbc9892,QHT,QHT03,QHT03,A00
7e7d7757-84d8-4086-8a49-5ef42d4ac959,QHT,QHT03,QHT03,A01
d44a4fdf-1796-45c1-8a0c-5b3b54657b47,QHT,QHT03,QHT03,B00
c41ebed7-5c2c-479e-aaa5-701507a3282a,QHT,QHT03,QHT03,C01
e610ff44-a46e-471e-85f0-1f8b33a7fb70,QHT,QHT04,QHT04,A00
0219c6d8-5d9f-4b69-b1f1-7e6d0de9dc10,QHT,QHT04,QHT04,A01
3696fef3-c814-4cf5-8d0f-4df281f80890,QHT,QHT04,QHT04,B00
b7a94685-5cc7-4ab9-a47b-e48da06e2bc1,QHT,QHT04,QHT04,C01
e0763f6a-20dd-42eb-b8af-b079d4ccfaaf,QHT,QHT05,QHT05,A00
8a3cedfa-bd86-414f-b541-c637eb467389,QHT,QHT05,QHT05,A01
856c487f-08f5-42a6-8777-1e21c20cbc4f,QHT,QHT05,QHT05,B00
24516dab-45a7-49ee-93da-d23eb5f7678d,QHT,QHT05,QHT05,C01
8645acbc-29ee-4bda-8657-84980e67e5b6,QHT,QHT06,QHT06,A00
d10cd585-6b9c-4e49-8582-a245308077c4,QHT,QHT06,QHT06,B00
bc1b6d10-c465-4d58-aff6-46f242543f9f,QHT,QHT06,QHT06,D07
c5d69482-c8d6-43d9-bd72-0855a4f73105,QHT,QHT08,QHT08,A00
e74f3d3a-4e11-4a4d-9677-c602f3c6c234,QHT,QHT08,QHT08,A02
413d3d3f-2e52-4748-b4e8-75ed64d7dffe,QHT,QHT08,QHT08,B00
43d25b9a-4d81-4aa8-aefc-2aef43fd753e,QHT,QHT08,QHT08,D08
bba55583-e682-4334-8ba4-afea08a4eda5,QHT,QHT10,QHT10,A00
b43aec09-701c-4fd1-a543-aec1c1d2bdbe,QHT,QHT10,QHT10,A01
b4cd696e-e9d3-4a8d-b6bd-ee745f0bf324,QHT,QHT10,QHT10,B00
2fb81161-932d-462c-bfdc-0a456c1c2b85,QHT,QHT10,QHT10,D10
cb74bcbc-2e2d-424f-944b-13f24724840c,QHT,QHT12,QHT12,A00
55ee5b44-3c95-46bc-8ddf-e727196d67cd,QHT,QHT12,QHT12,A01
4f5b3935-892e-4ad7-9d0b-7e9f0bc93cd9,QHT,QHT12,QHT12,B00
bc3a2d73-e146-4258-af03-951de2c98556,QHT,QHT12,QHT12,D10
a08f278f-8146-4b2c-addd-3b926bbba393,QHT,QHT13,QHT13,A00
a4dd608c-ac01-4288-888f-cfb0fb84da38,QHT,QHT13,QHT13,A01
7c15a42a-7f11-43b6-98af-bc697807f04f,QHT,QHT13,QHT13,B00
90f19caa-6fad-4f13-b6e1-5d147fa58ef9,QHT,QHT13,QHT13,D07
78457f21-02dc-4640-959e-f674d22c1dab,QHT,QHT16,QHT16,A00
ee5d1062-0140-44ac-b187-36faed97c6eb,QHT,QHT16,QHT16,A01
fcf94a5c-a1a2-4e9a-a1b3-67a64d46e0f2,QHT,QHT16,QHT16,B00
a6847815-976c-45a6-ac3d-9f94bd486a3b,QHT,QHT16,QHT16,D07
1ff3b18b-0fc1-4196-9889-3d43d64eac1d,QHT,QHT17,QHT17,A00
964bc4f4-1866-4f76-a0e1-181d66812d07,QHT,QHT17,QHT17,A01
4e9fd1af-b573-4376-b499-cd12cb0279a1,QHT,QHT17,QHT17,B00
5cdd1858-f098-4d3d-a9d1-7029b59a962a,QHT,QHT17,QHT17,D07
b3023dad-1d5d-4308-a91c-b7d5b162306d,QHT,QHT18,QHT18,A00
1dc91cc0-71ab-47ab-b2e2-87c11bd50186,QHT,QHT18,QHT18,A01
76c35a4f-29b1-4472-b069-ed9ebea832ad,QHT,QHT18,QHT18,B00
b6d4940c-dae1-4066-ae89-7e94de185398,QHT,QHT18,QHT18,D07
3e78f47f-2881-47bb-b744-e4dfb9e76355,QHT,QHT20,QHT20,A00
55eb8e58-75d2-4ebd-9c74-f2ded9542dcf,QHT,QHT20,QHT20,A01
85eb7cb5-b0f8-450b-b092-a5360f7a72d5,QHT,QHT20,QHT20,B00
06048faf-079d-4678-82b8-494cb409f04a,QHT,QHT20,QHT20,D07
31c47f09-f331-40cb-839d-e9fd0d0ca0b7,QHT,QHT40,QHT40,A00
393ed68f-2512-4234-8770-c07efa142ec5,QHT,QHT40,QHT40,A01
a9ad4fba-a0cd-4f8f-ad2c-4befcda4c042,QHT,QHT40,QHT40,D07
c75cdb6d-eac2-4000-b43e-3462c2ac41a4,QHT,QHT40,QHT40,D08
51d9c79f-d05e-430e-9d05-55c85e97cb9a,QHT,QHT41,QHT41,A00
28d3d656-244d-46e5-bae6-2734c5c8b843,QHT,QHT41,QHT41,B00
bae095a4-db5d-4113-b81e-881741d7cce2,QHT,QHT41,QHT41,D07
b205302c-b026-4fef-9d07-62d997389a05,QHT,QHT42,QHT42,A00
869578d4-8aba-4f60-a58c-7a334738e9c9,QHT,QHT42,QHT42,B00
97ae5eb1-a352-4215-987e-0959711c0a09,QHT,QHT42,QHT42,D07
ab2bf2bf-4dfb-4878-bd85-5c7f9a54f7c8,QHT,QHT43,QHT43,A00
624732d7-9cef-435b-9045-a2322156a074,QHT,QHT43,QHT43,B00
b00fa0b3-933b-43b0-b178-01caed0f7228,QHT,QHT43,QHT43,D07
b3a36da8-64a4-4e72-ac27-cb5ebb3cfb2f,QHT,QHT44,QHT44,A00
f2234626-d231-462c-8c51-8529cbcda296,QHT,QHT44,QHT44,A02
f30277b2-e8c0-4797-a869-4571ff42cd50,QHT,QHT44,QHT44,B00
93256f35-6de4-4c24-9d8c-5b8c01b81bf8,QHT,QHT44,QHT44,D08
927cbee0-c888-47c2-b923-eecf6c32b204,QHT,QHT46,QHT46,A00
172a0370-ee16-4d48-a3c4-2c162a25320f,QHT,QHT46,QHT46,A01
6bb9e3dc-a9c3-42c5-99c4-9a32e0f5f58e,QHT,QHT46,QHT46,B00
8e40963a-4f81-4027-8055-d8a04130a05f,QHT,QHT46,QHT46,D07
eaef0e36-c33b-4689-a742-5eb5144bf0e5,QHT,QHT91,QHT91,A00
8a2b2cd9-3030-452f-a7da-0b9d8e5e259f,QHT,QHT91,QHT91,A01
40599d40-cfc0-4a9d-a57f-0cb0d1c514f5,QHT,QHT91,QHT91,B00
a18bcdd4-e374-4e38-8f67-caf591a18454,QHT,QHT91,QHT91,D10
5ca1bcaa-3c61-4bb2-bb0e-4a2f15a662c2,QHT,QHT92,QHT92,A00
387ab391-b1f4-4a0f-b536-d1130a155bdb,QHT,QHT92,QHT92,A01
a69f88bb-7393-4af0-a6db-3fba894991cb,QHT,QHT92,QHT92,B00
ed38580d-664e-4d08-b16a-332d6cafb279,QHT,QHT92,QHT92,D07
04447ed7-9c7e-4b39-9537-0d6463354f76,QHT,QHT93,QHT93,A00
443a9c3e-5196-4f71-848f-0cb62e1b5546,QHT,QHT93,QHT93,A01
0861c502-f2ae-4ba7-965d-51b2cee8910b,QHT,QHT93,QHT93,D07
bec46b21-c351-48b0-9e31-3f958bc6edaa,QHT,QHT93,QHT93,D08
83c74a0f-fb43-4fb5-b757-c6438b270764,QHT,QHT94,QHT94,A00
447a52ad-20ef-4199-9309-13ea524f3fc4,QHT,QHT94,QHT94,A01
b0b3ef37-7975-4e70-befe-b6c7a43f5747,QHT,QHT94,QHT94,B00
c78842e5-3888-4968-a856-18186f996e3a,QHT,QHT94,QHT94,C01
aab5e362-a3e3-4e6a-8bba-dc74a9496d9c,QHT,QHT95,QHT95,A00
d466ea84-2bf7-4b3a-8e66-108ba5646e03,QHT,QHT95,QHT95,A01
253b2c7f-4995-440e-a31d-d6cc60e0e04a,QHT,QHT95,QHT95,B00
5af51157-1515-4425-a7e2-d9275a278e18,QHT,QHT95,QHT95,D10
afcfc715-4b82-4846-81b2-7deb5dd8a5f7,QHT,QHT96,QHT96,A00
23f2fc4f-09ed-4150-8983-efe514c6b3c5,QHT,QHT96,QHT96,A01
5ba96bc5-fc34-4337-b1d3-4cbc5f94d32e,QHT,QHT96,QHT96,B00
bbc7fe92-91aa-452d-a039-d666669b289b,QHT,QHT96,QHT96,D07
355a8411-16b0-471f-9ed7-72bf1974832f,QHT,QHT97,QHT97,A00
9d1d7ff3-1f94-4a68-9e81-14040fe7d6c8,QHT,QHT97,QHT97,A01
d1769c79-c794-4cf1-a465-d860cd83a4c1,QHT,QHT97,QHT97,B00
9ee7b6f0-8485-4b85-8a84-cfc579fdbee1,QHT,QHT97,QHT97,D07
f35b0c1d-1359-4c19-b0f4-605de543245f,QHT,QHT98,QHT98,A00
f5984b34-1759-47df-8b81-e33c4c717f1a,QHT,QHT98,QHT98,A01
15fd9791-0b30-477b-bdf8-619328f415a2,QHT,QHT98,QHT98,D07
72609347-ed94-4359-8fef-d323cb5e25b6,QHT,QHT98,QHT98,D08
e0bbd76f-daff-4213-9779-9592e2350e94,QHT,QHT07,QHT07,A00
88842418-131d-4a49-a3ed-ff201ea6a415,QHT,QHT07,QHT07,B00
f3b7a650-83f6-4494-98f5-5b2f1f64c492,QHT,QHT07,QHT07,D07
cc235097-fc50-4fc3-91de-a9e0083abd36,QHT,QHT08,QHT08,B08
19d22eaa-ac77-4f0f-bbd5-8ce202fd2624,QHT,QHT09,QHT09,A00
87eba273-9bcd-48a7-b724-c749eca929f2,QHT,QHT09,QHT09,A02
8af3ad40-71bb-4a88-9e2e-5f4596196991,QHT,QHT09,QHT09,B00
d16ab36c-a89a-4668-8e58-0069b5bd21f1,QHT,QHT09,QHT09,B08
148c088b-b66c-4330-a7df-5406613ab1a2,QHT,QHT15,QHT15,A00
723b120f-3e5c-468c-a710-1297b02d9768,QHT,QHT15,QHT15,A01
6e3a3675-7bf4-40f1-9678-3d7870e459b5,QHT,QHT15,QHT15,B00
f9098bdc-418b-4e85-a004-07680ff78450,QHT,QHT15,QHT15,D07
dcae290b-96fe-43a5-a441-2c6c4f130eb9,QHT,QHT81,QHT81,A00
7ec2cc7f-9e31-4b15-9d5b-027c2d21df02,QHT,QHT81,QHT81,A02
6a50d55a-09ec-4657-a70c-d72122c00c0d,QHT,QHT81,QHT81,B00
d5de0513-ddd7-42b5-99e9-ee00a1978bf6,QHT,QHT81,QHT81,B08
dadfba2d-6d22-4944-a5dd-c4c55a3deb36,QHT,QHT82,QHT82,A00
b7b8781f-2eb0-43c1-ad10-ed1608246446,QHT,QHT82,QHT82,A01
2f83e767-1f07-48f8-885e-b35c144e0606,QHT,QHT82,QHT82,B00
98efa6fb-10d6-4215-8152-bab83cc41cdb,QHT,QHT82,QHT82,D07
c9fbde68-2b39-4091-b391-96ce49baca0d,QHT,QHT03,QHT03,A02
f2073188-390c-4da1-b7a6-55bca4229e88,QHT,QHT04,QHT04,A02
8b655eef-dda6-4e3f-8666-046772126c2c,QHT,QHT05,QHT05,A02
7245ac54-f2b5-4ea9-a9fe-67c5b25c5fdd,QHT,QHT06,QHT06,C02
a344f161-eda5-4c1d-a36a-2d23ad61c4d9,QHT,QHT07,QHT07,C02
182ae7b7-97b9-49db-a499-8c84e78abe27,QHT,QHT18,QHT18,D10
0e994bcb-cbc6-4b04-924f-ddb25c4512f5,QHT,QHT20,QHT20,D10
34255a33-eb7f-4d74-8624-e6637112066d,QHT,QHT43,QHT43,C02
23cf5a34-23cc-42a3-9514-619999cd7ecd,QHT,QHT94,QHT94,A02
062a7878-621f-4681-98a6-2d9b83a91b0d,QHT,QHT01,QHT01,C01
f43f7542-7b64-4c08-963a-bc11aaf01ec1,QHT,QHT01,QHT01,X26
7b8d0aa9-047a-47cf-8065-9ef833cac9bb,QHT,QHT02,QHT02,C01
f943501e-f031-4d9b-90d2-8e9986f9dbb1,QHT,QHT02,QHT02,X26
211f2443-eda2-47f1-83c5-cc6378d7ab4f,QHT,QHT03,QHT03,C02
a9d2393b-62d6-4361-87b1-82bfa97bdc57,QHT,QHT03,QHT03,D07
a786749f-4683-48e3-8bb5-7678f2f9d00f,QHT,QHT03,QHT03,X02
2b6114da-d7dc-4107-bf61-a81c107f5bb0,QHT,QHT03,QHT03,X06
099f1eff-85f1-49d2-b107-50ff60db4e2e,QHT,QHT03,QHT03,X26
5251bb70-a567-452e-91c1-17dfd6fd18a7,QHT,QHT04,QHT04,C02
c5557448-0d13-45f5-9128-673bb0514a88,QHT,QHT04,QHT04,D07
b61db09e-ffd3-434d-aa44-7f5cfed89a2a,QHT,QHT04,QHT04,X02
efe0beba-2110-4dfc-8dcc-5081c2cf12ea,QHT,QHT04,QHT04,X06
f2f9bad0-1953-4acb-8c2a-4f677fcb9761,QHT,QHT04,QHT04,X26
7bda9e64-f11a-4790-ab77-c55f7fe2a787,QHT,QHT05,QHT05,C02
3943036a-b0dc-446c-9b5c-5aeba09a6edc,QHT,QHT05,QHT05,D07
53ee17d7-e3ce-4f9e-82e1-f439d9461987,QHT,QHT05,QHT05,X02
02d93d6d-eddf-41ca-9008-e96b30d49fed,QHT,QHT05,QHT05,X06
26bae316-3f7b-4d06-874d-fcf7e746a1ca,QHT,QHT05,QHT05,X26
1c3840d4-8653-4b7e-adb2-14041ee1795a,QHT,QHT06,QHT06,A05
290630f0-f229-495b-8991-e0d09fa783a1,QHT,QHT06,QHT06,A06
60f6b1d1-c025-485a-82c3-f1fad011ea6f,QHT,QHT06,QHT06,X09
957c07d7-8ccc-47f5-9303-e13eba81640d,QHT,QHT06,QHT06,X10
e7cb3e53-a87d-448c-a3fb-b018aecd71a8,QHT,QHT06,QHT06,X11
d1223fc4-9a67-4b73-b082-8ca373d1f71a,QHT,QHT06,QHT06,X12
00249b24-2e17-4e56-92d7-1bb3f3d834e2,QHT,QHT07,QHT07,A05
01e273f2-502d-4345-937a-aab3538b5da2,QHT,QHT07,QHT07,A06
6a341ca6-a90e-40c6-819a-d16aa8469cae,QHT,QHT07,QHT07,X09
bfdc6298-0913-4631-9bd4-eda6e0080bd3,QHT,QHT07,QHT07,X10
adf58be6-8039-4ef8-8277-75574ef38f0c,QHT,QHT07,QHT07,X11
4e3c63cb-1cad-4df1-bc17-679fdd9a9a34,QHT,QHT07,QHT07,X12
09025a84-f4c0-48d7-b6e3-361378e85704,QHT,QHT08,QHT08,B01
bf814011-1301-4a93-ad9f-c2b9e3e593ff,QHT,QHT08,QHT08,B02
a085f3d1-7b5c-4ac3-b5c1-08abfbce5f54,QHT,QHT08,QHT08,B03
a58ddcb9-3eba-4e4c-b0d3-5edfa344b924,QHT,QHT08,QHT08,D07
dcb70bf4-144b-48d9-84a3-ad06a20d8ee3,QHT,QHT08,QHT08,X13
890e356b-35f3-4583-9a51-8880de9c7c91,QHT,QHT08,QHT08,X14
8c496320-5435-48dc-b038-35b0c4ed3ea5,QHT,QHT08,QHT08,X15
0784a810-32f2-4633-9355-12a933b5443c,QHT,QHT08,QHT08,X16
52814202-8a7f-4669-a8d3-58e2135ee1d1,QHT,QHT09,QHT09,B01
297ede6c-8591-4f14-993d-31515dd5740b,QHT,QHT09,QHT09,B02
3341d10d-2156-45ab-9b4c-bb7498174acc,QHT,QHT09,QHT09,B03
436201e4-0785-4af9-90f1-8c1d7ec547b9,QHT,QHT09,QHT09,D07
f58ec78e-22c0-4bd8-af51-ee51578112c5,QHT,QHT09,QHT09,D08
30e3ce94-0497-4160-9394-dc519110f5e7,QHT,QHT09,QHT09,X13
cb7fe43b-766e-4c30-8c0f-9d099d4310be,QHT,QHT09,QHT09,X14
700041e1-ce85-4348-a07f-881c793e5999,QHT,QHT09,QHT09,X15
0abaa852-e30d-44e5-9ee7-57acd61bd9b4,QHT,QHT09,QHT09,X16
0d2e25f2-8b9c-4e78-b327-90f5daf2ad4f,QHT,QHT10,QHT10,A04
c10eda22-833d-4ab7-a9bf-00153377bfa9,QHT,QHT10,QHT10,A06
297c5cab-0502-4697-9eab-7ad567e18871,QHT,QHT10,QHT10,A07
62c37b55-7f74-4feb-862c-6d6ef4c6d70d,QHT,QHT10,QHT10,B02
620a2331-b9db-4d3e-99f3-8dd8c434b72e,QHT,QHT10,QHT10,C04
1f84f9b1-8ae1-46d9-add9-3b625a8c3382,QHT,QHT10,QHT10,D01
0e83b02d-3f51-4371-b853-74addf80be25,QHT,QHT10,QHT10,D20
d5022d2d-4ce7-4bf7-82ff-74e3cc602b21,QHT,QHT10,QHT10,X01
e9208cf3-db9b-47fe-b05f-668d7c47bd36,QHT,QHT10,QHT10,X21
a231ff7c-3f77-41d7-8cc1-71c59b232cfe,QHT,QHT10,QHT10,X25
38679325-0fb3-4617-b969-2ca9eef4dfe1,QHT,QHT12,QHT12,A04
184f5941-d86f-4c96-bfc3-6b61e552c842,QHT,QHT12,QHT12,A06
0820c3fe-009b-4b4a-bb4a-11a5e7ee275a,QHT,QHT12,QHT12,A07
d80ea229-b089-49ce-9bf1-260c27aa1feb,QHT,QHT12,QHT12,B02
222dcffe-d48c-41fd-b079-d625f1f730b5,QHT,QHT12,QHT12,C04
cc48ae89-74a0-4b5e-b27e-32ba1c60d645,QHT,QHT12,QHT12,D01
9bec5862-6471-4f2f-b65a-7ef02856baf2,QHT,QHT12,QHT12,D20
d23be6fe-5c98-4c1a-b887-f37b5d0bf9bb,QHT,QHT12,QHT12,X01
6de157ce-cc5c-4a72-b69d-d4461934598e,QHT,QHT12,QHT12,X21
8891939c-b706-4f76-995e-9b4b45418ec2,QHT,QHT12,QHT12,X25
05cba577-059a-4a9d-9932-7dbb92a2e136,QHT,QHT13,QHT13,A02
8f87c11b-da11-4f8d-8734-4051fa4a4932,QHT,QHT13,QHT13,B03
3e3d4d44-5c33-4d35-bf78-2d3dbf331735,QHT,QHT13,QHT13,C01
4a2344b0-ab4e-4cb3-a959-8cd01ff97fe6,QHT,QHT13,QHT13,C02
18593bcb-a83c-4a50-84ed-2630598eb1da,QHT,QHT13,QHT13,D01
e1d0eab0-8882-4c8e-8d21-67651da9f9ba,QHT,QHT13,QHT13,D08
9955ca31-0505-4fde-a31e-4b0176546206,QHT,QHT13,QHT13,X09
9fc36c99-b3ab-4f65-83c4-a985da9455f6,QHT,QHT13,QHT13,X10
8c967a51-efd2-4159-8121-781cd1601c9f,QHT,QHT13,QHT13,X11
27a41318-0a5f-4d06-b2e2-280703da9b8f,QHT,QHT13,QHT13,X12
af3cb3a1-254c-48bd-8cd1-44519afb4e3a,QHT,QHT13,QHT13,X13
f2c3cf9f-b5a1-4bac-ade4-f9421c62423b,QHT,QHT13,QHT13,X14
1c10acf7-8279-4c86-8b2b-5fb88201c3d0,QHT,QHT13,QHT13,X15
fd2adf3a-c8fe-48f4-ab14-e318fb0646b1,QHT,QHT13,QHT13,X16
5653e777-673d-425e-a88c-e1071050758d,QHT,QHT15,QHT15,A02
712525f1-88d6-43db-82b8-c33e00ba1c78,QHT,QHT15,QHT15,B03
84ec2688-77e5-4e5c-992b-9f69619a3520,QHT,QHT15,QHT15,C01
08f23ef6-3c80-4f7c-b5fa-aa644216fe63,QHT,QHT15,QHT15,C02
c35ff324-8e42-40e3-9aea-19c493dbfbc8,QHT,QHT15,QHT15,D01
46443649-3515-4688-88e7-99e7a9365d1b,QHT,QHT15,QHT15,D08
3ff211b3-e4a4-4763-809b-3d967257ab68,QHT,QHT15,QHT15,X09
e099920c-d58a-4631-af0c-166d3ac120e0,QHT,QHT15,QHT15,X10
df5894dc-4ca7-4cfa-a766-31835912cfbb,QHT,QHT15,QHT15,X11
f2d973db-f854-4d1e-bbde-6abf05269786,QHT,QHT15,QHT15,X12
ece793ce-126f-4453-9d22-1b5a2b1e763e,QHT,QHT15,QHT15,X13
a127107e-2f18-4b8b-b0fc-74466d94691e,QHT,QHT15,QHT15,X14
d9fc61b9-1df2-4ce1-8c71-d608d00f7090,QHT,QHT15,QHT15,X15
572ec3ff-fb5f-47d2-9134-27dc4ab4d58b,QHT,QHT15,QHT15,X16
733bc593-6094-4aeb-a65c-e51753fcccd6,QHT,QHT16,QHT16,A02
18e3909d-668a-4a5a-b4c2-e127b1e70cbb,QHT,QHT16,QHT16,A04
5d86dea7-bf22-4ce3-a2e8-e741125ea9b1,QHT,QHT16,QHT16,A06
dae752ff-267d-4275-bf07-309134ae663a,QHT,QHT16,QHT16,B02
65da49e4-1c07-4502-af20-69e3f5682171,QHT,QHT16,QHT16,B03
7964ad75-834f-4d77-a047-0281e014aa48,QHT,QHT16,QHT16,B08
06a10206-01a2-4ee4-a06e-a438832584eb,QHT,QHT16,QHT16,C01
282aefe1-33fb-449b-8ad4-aa49eecacc8f,QHT,QHT16,QHT16,C02
c3c5517a-b787-4abf-9a83-e3adf2b6ab57,QHT,QHT16,QHT16,C04
a7d094c1-1006-4d1b-af33-b03d2b430b0d,QHT,QHT16,QHT16,D01
f0a12b8a-3315-4b3f-8fda-670c2ab69140,QHT,QHT16,QHT16,D10
31028b3e-0759-4635-84ff-c5b6152f9577,QHT,QHT16,QHT16,X26
3d7a4423-5aef-4ab1-934b-60b12f4b18fc,QHT,QHT17,QHT17,A02
ca72b782-8dcf-4d31-9f02-d1914cc7b250,QHT,QHT17,QHT17,A04
a7f90e2c-cbdd-4f5d-aede-c9e70693219d,QHT,QHT17,QHT17,A06
24a81b86-65c5-4ebd-bc92-2866a9f83169,QHT,QHT17,QHT17,B02
ed3224f0-71d5-4881-a6c1-a8ac07663bbe,QHT,QHT17,QHT17,B03
8b3d080a-4be4-4b99-89cd-4593b11c037f,QHT,QHT17,QHT17,B08
c0a1373f-9c08-42a6-a85f-d78a12b4a349,QHT,QHT17,QHT17,C01
e1d44614-78a8-4c3a-9cd3-cbb8d49d22df,QHT,QHT17,QHT17,C02
61cb0221-1460-480a-84d6-e69b61e0b985,QHT,QHT17,QHT17,C04
3d47b474-bec2-4325-9b64-5859f8a7ae9f,QHT,QHT17,QHT17,D01
3e56cb3b-5819-4cd7-8b38-6d53b61e1a77,QHT,QHT17,QHT17,D10
b6c7ad37-b3f5-4f6e-b674-1e95bef1bbe7,QHT,QHT17,QHT17,X26
b2547e47-ff96-473a-8b6d-cdc31b11d315,QHT,QHT18,QHT18,A04
63d612ce-6046-4505-972d-86162848aae9,QHT,QHT18,QHT18,A06
b2fd9444-2ffa-4f49-b71f-151b0597d9a4,QHT,QHT18,QHT18,A07
885ea6be-1b74-4e93-8492-d649ac1438eb,QHT,QHT18,QHT18,B03
efeddac4-50d5-4561-9e2a-acbe2f94d3ad,QHT,QHT18,QHT18,C01
e8bd0416-7531-4810-91bc-8bbc7437c0ff,QHT,QHT18,QHT18,C02
c84e2495-e324-41a5-8cd1-705f2417e3fe,QHT,QHT18,QHT18,C04
540fb92a-cd44-4d5c-8db9-5ee4c41f6111,QHT,QHT18,QHT18,D01
ec583440-4be6-4698-9a6d-b93f740d009a,QHT,QHT18,QHT18,D08
563a751c-8ae6-4b7d-9fc7-f9c906d00c87,QHT,QHT18,QHT18,D09
39fe3796-a863-4e5b-b5a8-ed7d60f06edd,QHT,QHT18,QHT18,X01
ec009bcf-3981-4f58-a73f-19560145a262,QHT,QHT18,QHT18,X05
b4f2e53a-b350-4595-94b4-df8c8e285979,QHT,QHT18,QHT18,X09
99faa0bd-f39b-4380-8018-0aaba35906df,QHT,QHT18,QHT18,X21
a6692007-8091-466a-8104-a231e9d80db4,QHT,QHT18,QHT18,X25
ff797c60-87ae-45f3-8df4-3b3f0a00552a,QHT,QHT20,QHT20,A04
d519d2e0-c9d1-477a-81e6-1e9b803f0036,QHT,QHT20,QHT20,A06
2d2d7e16-6e5d-4bdb-b402-93761d3abe4a,QHT,QHT20,QHT20,A07
b6d6359d-1aee-4e44-9b2f-f8943eb3b935,QHT,QHT20,QHT20,B03
2a48bf09-29d9-4a20-b8bd-dfb9d96e6f94,QHT,QHT20,QHT20,C01
42b70eee-17ce-4be7-89c0-af3ef31fbaef,QHT,QHT20,QHT20,C02
080c1009-5105-42a1-af47-482a20bb01bf,QHT,QHT20,QHT20,C04
74b1ec09-c0b3-4eeb-bca5-019db9cfe435,QHT,QHT20,QHT20,D01
bcc2073e-7413-488f-b656-1470cd71938c,QHT,QHT20,QHT20,D08
e5859a5b-2965-4369-90fd-837182c1d164,QHT,QHT20,QHT20,D09
19568472-22e6-4f90-9e58-131d423a1b9a,QHT,QHT20,QHT20,X01
a7fdabc7-ae3c-43f6-9fac-2a4a6ccbaefa,QHT,QHT20,QHT20,X05
6b04320e-bba0-4636-ab28-954a195ac1e4,QHT,QHT20,QHT20,X09
1a1fd7ee-722a-429e-a09f-dc380b804dc5,QHT,QHT20,QHT20,X21
246275e1-50df-4b6a-a595-2695d91256bf,QHT,QHT20,QHT20,X25
8a32c48a-cd5f-49a2-8b6a-b19c5eaef211,QHT,QHT43,QHT43,A05
ba5ae2e6-05de-4bd7-bbe1-9390a343fb2e,QHT,QHT43,QHT43,A06
e147d2af-5895-458f-9d39-9319a9baf217,QHT,QHT43,QHT43,X09
fc8990a6-c9b0-4cfb-9d8c-bc8afe7b5b21,QHT,QHT43,QHT43,X10
c743ba50-e4b6-4763-a53f-84ac39aaab14,QHT,QHT43,QHT43,X11
b5be535f-1f57-45b9-b0f1-02ad89832fca,QHT,QHT43,QHT43,X12
f96e7db1-2afe-496f-810a-8db6a437ea78,QHT,QHT81,QHT81,B01
82f51600-a663-4204-8fbe-977ca6eae967,QHT,QHT81,QHT81,B02
b9d8c2bd-03e9-4a3d-a2da-0dd0a30d95d5,QHT,QHT81,QHT81,B03
5ab299cd-3c06-44a9-ba65-9d5c897ee1c0,QHT,QHT81,QHT81,D07
13de794b-22d1-49b5-bbe0-394241cf5308,QHT,QHT81,QHT81,D08
af1c9ab2-6258-45ef-93ea-e8ce6ea7dcd8,QHT,QHT81,QHT81,X13
abefc260-cbae-470f-970a-5c5d8b452257,QHT,QHT81,QHT81,X14
12f1dc19-1bd9-41dc-9f62-0feead4bc0c4,QHT,QHT81,QHT81,X15
23bf5fbb-11df-420f-a193-9a29a1f614b1,QHT,QHT81,QHT81,X16
a641ba01-e073-42e4-814e-6eb36f33ccbd,QHT,QHT82,QHT82,A02
63bfaf3b-bf75-4233-acc3-e3fd1a930d10,QHT,QHT82,QHT82,B03
558de8ce-64aa-4fe6-b716-77c20d532e60,QHT,QHT82,QHT82,C01
ea6a0edb-3967-411a-8104-78371cba1c9a,QHT,QHT82,QHT82,C02
7ea478d7-5388-4f3f-9983-ff80a6b201a9,QHT,QHT82,QHT82,D01
9269f318-33b7-4bb3-a65b-be33da05cf55,QHT,QHT82,QHT82,D08
53f76e38-39c9-4080-8579-6bfa54df709b,QHT,QHT82,QHT82,X09
b84715bc-b65a-42eb-86cd-4d4088e145c5,QHT,QHT82,QHT82,X10
376c88ea-3804-4326-959a-aa608f318b44,QHT,QHT82,QHT82,X11
d885870a-b6a7-4d3b-9ec4-c8dc10421664,QHT,QHT82,QHT82,X12
9bb9fb70-6ce0-4490-852c-b174c7f4f2cc,QHT,QHT82,QHT82,X13
cec10555-2d9a-4d40-a724-498fb1dc2fee,QHT,QHT82,QHT82,X14
814044f3-8dfc-4e74-b835-da63f5590249,QHT,QHT82,QHT82,X15
5b54d14c-b3d3-4f77-94d2-151113a848f8,QHT,QHT82,QHT82,X16
6b34fbf8-5179-45fa-8f60-849dd5b39a1b,QHT,QHT91,QHT91,A04
7865e21e-003e-4d70-9042-a23b683f5c81,QHT,QHT91,QHT91,A06
8d90e259-82d6-4db4-8411-a1b73bf0fd9d,QHT,QHT91,QHT91,A07
6f046798-f618-46c4-be23-c9d2286e3622,QHT,QHT91,QHT91,B02
ad1c2969-7dbd-4641-8ad1-01976491e83a,QHT,QHT91,QHT91,C04
1a952b76-670e-428c-bb48-29d317c88fb8,QHT,QHT91,QHT91,D01
54c71efc-6141-481d-87f2-5f33edb25604,QHT,QHT91,QHT91,D20
b1f2252a-609a-4601-a21d-a52c88499496,QHT,QHT91,QHT91,X01
142039e7-135d-4ec4-8014-aa741bc76177,QHT,QHT91,QHT91,X21
5feff2e2-000d-4e7a-bf90-6df6f7a735df,QHT,QHT91,QHT91,X25
e5c5a4b5-c32b-48f2-8afc-36b4e1f00087,QHT,QHT92,QHT92,A02
8b95e9fb-e9cc-419d-9f59-50c4a0a320bf,QHT,QHT92,QHT92,A04
2c32d081-d7a5-4431-aeed-bfe71d7dc3bc,QHT,QHT92,QHT92,A06
7b94e1ca-c3d3-4969-9958-8deaa7f9fc13,QHT,QHT92,QHT92,B02
c70fb873-c062-42c7-ad9c-489a364e5219,QHT,QHT92,QHT92,B03
a8b6c16d-c248-41ea-b538-cbbee964065f,QHT,QHT92,QHT92,B08
24e4475b-d707-4c94-a9e8-5d0d4c1da919,QHT,QHT92,QHT92,C01
3f091836-8f3c-49d1-8383-a375c9eb5a15,QHT,QHT92,QHT92,C02
d3c6aeba-3d23-496a-a050-609120fb8c56,QHT,QHT92,QHT92,C04
107e4a22-6f64-4f82-aa97-fb95e82a7513,QHT,QHT92,QHT92,D01
dcc081cb-3beb-4ea7-a5d2-bbe6ce468925,QHT,QHT92,QHT92,D10
efb0eabf-7ada-48ce-b1e0-3263872036c3,QHT,QHT92,QHT92,X26
c2eb7829-51e7-409f-9d03-47f9b5b17d40,QHT,QHT93,QHT93,C01
c39b7902-7caa-4de2-96e5-0bb487fa58be,QHT,QHT93,QHT93,X26
ae6bd04c-37a8-4f79-a4fb-7a9d68ce1bcf,QHT,QHT94,QHT94,C02
199840f7-51f8-49ec-80dc-18d78e36caf4,QHT,QHT94,QHT94,D07
30b03b54-f984-4d19-86e3-05d2b743d3d2,QHT,QHT94,QHT94,X02
bee3d979-6310-4a29-b7da-114a3c33cc76,QHT,QHT94,QHT94,X06
d9e961b3-60a6-40b1-ac8a-708ca4187b0d,QHT,QHT94,QHT94,X26
d8d65281-0ae7-4e3f-9678-20df45847773,QHT,QHT95,QHT95,A04
0467507f-e1c8-44d3-80e2-297b7153724c,QHT,QHT95,QHT95,A06
6f3bae00-4801-4579-b688-38dd398f8d64,QHT,QHT95,QHT95,A07
e95f283c-f7ba-4586-88e6-4a5d94300ecf,QHT,QHT95,QHT95,B02
63b84b56-2e1c-4a33-986d-fa9ced3e07fc,QHT,QHT95,QHT95,C04
cf939026-529e-455f-9628-99de161ee5b8,QHT,QHT95,QHT95,D01
60ee3c8d-f466-4187-a77e-e4b3e1b0e55b,QHT,QHT95,QHT95,D20
97b34392-a99b-4997-a6f9-dc079849d8e6,QHT,QHT95,QHT95,X01
98939644-c323-497a-8a1e-b9a6b2f4f34f,QHT,QHT95,QHT95,X21
f1bd3147-6f11-476f-8b93-86a355eca27e,QHT,QHT95,QHT95,X25
dac08d35-8100-4e90-bf50-5776a10c1c9a,QHT,QHT96,QHT96,A02
24010b5a-0f89-40e7-b992-9d3a90d1215d,QHT,QHT96,QHT96,B03
318333c3-f166-46b0-b4da-246655124d56,QHT,QHT96,QHT96,C01
82e333f0-02fa-4c93-a559-1255bf9d6835,QHT,QHT96,QHT96,C02
14a8914c-49b6-4d4b-ba59-11d567b4be8d,QHT,QHT96,QHT96,D01
db2b8129-1ecc-4113-a9a3-f84947015f3e,QHT,QHT96,QHT96,D08
ece68ba0-7952-4922-9318-f597806bf189,QHT,QHT96,QHT96,X09
19744400-3354-4772-948f-b660462a90fc,QHT,QHT96,QHT96,X10
83a2e9df-55c8-4216-b971-32c685b69ef0,QHT,QHT96,QHT96,X11
4fa4caaf-3d3d-4748-977e-8fece9b027c3,QHT,QHT96,QHT96,X12
362dcdc2-8cb2-4f83-a68b-790854e5c69a,QHT,QHT96,QHT96,X13
624bfd5b-cb16-49d1-8b71-073a27564c88,QHT,QHT96,QHT96,X14
797f5378-f363-4111-8e1f-b56ce27ed9f2,QHT,QHT96,QHT96,X15
b994ea8a-936f-4dc0-b464-63bb10257a32,QHT,QHT96,QHT96,X16
1dbc21c1-3b98-4a3c-bc1b-4489bb81f19b,QHT,QHT98,QHT98,C01
05708aee-5d95-4873-9dbe-e7589b542a6b,QHT,QHT98,QHT98,X26
41ef09c0-4a03-4d3d-847e-42398ac89a64,QHT,QHT99,QHT99,A00
47cca7cf-f396-4f83-bceb-5cfc1d2ab7a3,QHT,QHT99,QHT99,A01
4248e03b-684f-464a-b293-3391caf24187,QHT,QHT99,QHT99,A02
535f2bec-6d28-498b-974a-71a0c5cbf0ec,QHT,QHT99,QHT99,B00
9cefcd46-b1b2-4f23-bd98-048877058664,QHT,QHT99,QHT99,C01
5010fc32-753d-4b7e-881b-4c3885a3ef01,QHT,QHT99,QHT99,C02
c7713ad8-ea73-4e2f-9c54-989cc176ea4a,QHT,QHT99,QHT99,D07
92b4a83d-5f2e-4166-9b3a-7b761e455b5b,QHT,QHT99,QHT99,X02
2b8d616f-9bee-4aea-ac2d-858eafc9aba7,QHT,QHT99,QHT99,X06
fd2601dc-7c93-48c9-affa-847cc51e3a11,QHT,QHT99,QHT99,X26
c20e1e36-a62b-4ba0-984e-85e4d3dfd43c,QHT,QHT01,QHT01,T49
5e7877e7-c984-4884-8188-d3e27701e100,QHT,QHT02,QHT02,T49
d443db01-6d47-411c-81c4-fe8bb5b14380,QHT,QHT03,QHT03,T49
6939c481-0ea0-4b19-a927-8b353216c170,QHT,QHT04,QHT04,T49
9607f98d-9be7-4e68-8584-5846661084cc,QHT,QHT05,QHT05,T49
3ee27aeb-b4b6-405a-b85b-6d3e24840881,QHT,QHT06,QHT06,T49
f071074c-5d53-43d7-9791-d4e628cee376,QHT,QHT07,QHT07,T49
765a7959-4b5f-4263-93ca-46fda47429d7,QHT,QHT08,QHT08,T49
180693d2-ebe5-42f6-8647-116ff6129e48,QHT,QHT09,QHT09,T49
f53e64cc-c97d-4e9a-a447-bcc12847e0c5,QHT,QHT10,QHT10,T49
36a9f835-cac2-473a-a8aa-01faf2a6aef4,QHT,QHT12,QHT12,T49
4025dffe-142a-46d0-8f54-4db6a5edb84e,QHT,QHT13,QHT13,T49
32080f78-76b5-432b-86c0-7d00abc1f667,QHT,QHT15,QHT15,T49
4066f548-1546-4005-b736-014c00b7ac21,QHT,QHT16,QHT16,T49
f2f0bf68-9f2e-429a-aa1a-b51845e10232,QHT,QHT17,QHT17,T49
fc837a99-0a53-4bb0-8a40-413b2c7f2892,QHT,QHT18,QHT18,T49
da648c49-fdaa-47ee-ab77-b5133d91affd,QHT,QHT20,QHT20,T49
78ea1e8c-1895-4bb2-ace9-646aebab0ad5,QHT,QHT43,QHT43,T49
668833f2-b1f7-455f-8c83-8adcdd1e841a,QHT,QHT81,QHT81,T49
e9a0fe6e-0ae5-46ae-9aa4-88faafaecab2,QHT,QHT82,QHT82,T49
cc4c16de-38bb-45be-ba03-0e06600514cd,QHT,QHT91,QHT91,T49
c17f9d24-78df-4d1b-b429-3e4a2985367c,QHT,QHT92,QHT92,T49
cc803b76-43b0-4949-bcb0-7b896386d013,QHT,QHT93,QHT93,T49
d67804f5-e373-4e5f-9ada-a386d83a13e5,QHT,QHT94,QHT94,T49
5faeb925-834e-4c05-a209-81fa5dc5f4db,QHT,QHT95,QHT95,T49
7307f0cc-afba-4d11-aa3c-5adf596ec962,QHT,QHT96,QHT96,T49
64c31c94-7c9f-4cd6-9b23-89ef39521507,QHT,QHT98,QHT98,T49
db2851da-a6b4-4412-9cde-147752bee811,QHX,OHX07,OHX07,D04
14a9007e-51eb-4e22-bf4f-fdf494ac0536,QHX,OHX07,OHX07,D06
e2999d1e-deb1-4847-a24b-43fff39364b2,QHX,OHX09,OHX09,D78
1966f221-78e3-4dad-a01c-41dd2f9e38d3,QHX,OHX21,OHX21,D04
a434102a-67bc-4ee0-99a4-37198ff43158,QHX,OHX21,OHX21,D06
e1a25c64-fa8c-462f-9795-296afec53622,QHX,QHX01,QHX01,A01
fadbbff4-5d99-4d28-95c4-185fd7aaaea7,QHX,QHX01,QHX01,C00
53a0b468-2fc0-4b2f-9526-d1af07f1a0bb,QHX,QHX01,QHX01,D01
55e88d86-6ff5-477f-ba74-f70265c1ab09,QHX,QHX01,QHX01,D04
67d2cfd7-572b-4e39-8020-d473752af1f7,QHX,QHX01,QHX01,D06
d9fb73ed-fa05-4a8e-b676-b8f39faf547f,QHX,QHX01,QHX01,D78
dab78792-bbac-4bba-aeec-081b6d55295b,QHX,QHX01,QHX01,D83
90992736-c46b-48bf-ab2b-3cfe39f124d1,QHX,QHX02,QHX02,C00
2b12fa68-6492-4dcb-8bdd-243cb7356976,QHX,QHX02,QHX02,D01
662f0297-dcaf-4ef8-83af-66351e7d865f,QHX,QHX02,QHX02,D04
f8ba6bb8-a416-4fba-b9d6-ca7786b6fc35,QHX,QHX02,QHX02,D06
d60652d7-8109-4529-8fd2-6ae22f8a5bde,QHX,QHX02,QHX02,D78
c7e803be-54fe-447f-9573-001317723159,QHX,QHX02,QHX02,D83
942a040d-5103-4b3f-8087-90fd546cb283,QHX,QHX02,QHX02,A01
d515f3c8-01f9-4739-a68f-6309f5d6bb3f,QHX,QHX03,QHX03,D04
8a8c0999-a6b3-4f02-b40c-e5afe8ae2116,QHX,QHX03,QHX03,D06
b4c935b5-cced-44e8-a46b-51cfb392d7b6,QHX,QHX03,QHX03,D78
4f2cf3ac-8eb2-4332-8721-2afdd3e99212,QHX,QHX03,QHX03,D83
2c10aa4f-d8d1-416b-aece-05f760851d46,QHX,QHX03,QHX03,A01
f69eddfd-c5fe-4555-a709-2d4d026c65ac,QHX,QHX03,QHX03,C00
4270677d-987f-4f0b-b61b-a8e0398e5855,QHX,QHX03,QHX03,D01
7a028734-5ec7-44e5-b79b-b3047990072b,QHX,QHX04,QHX04,A01
e9cc00bc-cef9-4275-a6dd-6a9e8422e5fb,QHX,QHX04,QHX04,D01
28b57327-f814-44ca-95fe-405c841bdc44,QHX,QHX04,QHX04,D78
0e8072ef-e010-4395-8f2a-972a55124836,QHX,QHX05,QHX05,D01
fdfc8ccd-ffc3-46d1-a29b-e04f4817812a,QHX,QHX05,QHX05,C00
6f2ac896-345d-40ea-a5d5-12c1e8a75db4,QHX,QHX05,QHX05,D04
a9114ed3-b74f-4e8d-8494-0552c7cbd08b,QHX,QHX05,QHX05,D06
58af1a73-888a-4998-b1d5-130b72f1b860,QHX,QHX05,QHX05,D78
601aedcb-6966-4391-b1ea-0ebfc29f103e,QHX,QHX05,QHX05,D83
2e4d3b9d-6f8f-48b5-9926-1c035bdf721d,QHX,QHX06,QHX06,D01
25f86b6f-57f1-471b-8df3-287978914b92,QHX,QHX06,QHX06,D04
83b4aaa2-f702-458f-bb47-d39fe160a148,QHX,QHX06,QHX06,D06
42a38bf5-da00-468b-afd4-7b8f31762218,QHX,QHX06,QHX06,D78
6608b404-cbf0-4461-aa13-b6aed1e50bb8,QHX,QHX06,QHX06,D83
d4cbf7b4-7c8a-4cf9-908d-49296e2af86e,QHX,QHX06,QHX06,C00
6b0b42e2-c8d4-412c-b177-98507d4cb27d,QHX,QHX07,QHX07,D78
2757b7ce-eb09-4687-a58d-9ab7bcbf75ba,QHX,QHX07,QHX07,D83
2ac1e668-48e7-4c5a-a5c7-37883b082522,QHX,QHX07,QHX07,A01
b0f29d38-a789-419e-8140-631c2ac3d76c,QHX,QHX07,QHX07,C00
a3ed19d6-0e34-47f8-a6b0-9a1b3529d5a4,QHX,QHX07,QHX07,D01
a231e227-3c44-48f3-be84-dd6280f9902c,QHX,QHX08,QHX08,D01
340498bf-e941-4bd3-aebe-41cc3e5acdce,QHX,QHX08,QHX08,C00
7d37de65-dd6a-409c-89a7-2012b3aec493,QHX,QHX08,QHX08,D04
cffb2f6d-e141-4e70-9459-57f303071ac5,QHX,QHX08,QHX08,D06
5a0fdb5b-c37d-4836-9b2f-44915ba61031,QHX,QHX08,QHX08,D78
379def34-a5df-4a46-98b6-dd9b45a2b844,QHX,QHX08,QHX08,D83
bd93837a-c86c-4058-8c6f-88a07a393cb8,QHX,QHX09,QHX09,A01
384938fb-12e8-446f-a741-cfefdd58a3f1,QHX,QHX09,QHX09,C00
4d053dfd-89d2-4c4a-a1e4-78af5629f096,QHX,QHX09,QHX09,D01
49e85aa1-b7d2-4430-84a9-c583faead0aa,QHX,QHX09,QHX09,D04
b0c20f4c-d0b5-4a95-ac36-30456001353a,QHX,QHX09,QHX09,D06
6403ee44-d9cd-411e-b634-f7dee51b4541,QHX,QHX09,QHX09,D83
1b6f3d38-5554-4045-b578-ba89e66de0ef,QHX,QHX10,QHX10,C00
566c8ee8-8dda-48a1-8174-95bc4cced636,QHX,QHX10,QHX10,D78
bb13b5c2-2757-4c8d-afe1-3a51ca7d0454,QHX,QHX10,QHX10,D01
ec2ca48c-fd85-4bc6-910b-52704a2c03e2,QHX,QHX10,QHX10,D83
6beefb1f-5bfb-4869-98fc-92af440b4359,QHX,QHX10,QHX10,D04
b560d55b-d274-4846-9a32-4ac7cb8b0226,QHX,QHX10,QHX10,D06
9023d40b-a1ad-467b-8832-25d1e2210770,QHX,QHX11,QHX11,D04
630e9f57-da6f-426b-bf95-1ada918b3e87,QHX,QHX11,QHX11,D06
e55d41d5-01fe-4e71-97a8-82e058a9bffa,QHX,QHX11,QHX11,D78
afa52558-233e-45c4-8a2a-131a6de4ea79,QHX,QHX11,QHX11,D83
9f144eee-c71d-4d78-848b-371b70464af5,QHX,QHX11,QHX11,A01
ad747c42-ffb1-4182-b037-4c63602a1e12,QHX,QHX11,QHX11,C00
c009c6fb-a986-43ce-adb8-b0bbc85083c5,QHX,QHX11,QHX11,D01
d74ac531-6da5-461d-becd-ce9573354d30,QHX,QHX12,QHX12,D01
5aa601a6-c802-4f19-bdc0-9e9785ff9244,QHX,QHX12,QHX12,D04
1013876f-dce5-43fe-a067-03354538c297,QHX,QHX12,QHX12,D06
681f9281-c445-4651-b090-71c6f31f0a0c,QHX,QHX12,QHX12,D78
704e89f3-1325-4380-82b1-22241dab8983,QHX,QHX13,QHX13,D83
1886dc06-fc9a-49a5-8e8a-79f00121b066,QHX,QHX13,QHX13,C00
e56b5762-c282-4a0a-a857-45476efd26ad,QHX,QHX13,QHX13,D01
51164c1b-6c58-41f8-b27a-d5e9a0046c1b,QHX,QHX13,QHX13,D04
5f28b666-abca-4ef2-b1a3-778bb29a7211,QHX,QHX13,QHX13,D06
c738c785-b4dc-4da4-b773-386499a6e167,QHX,QHX13,QHX13,D78
fdb357b1-e1c9-4d77-a6b1-60b9f98285e9,QHX,QHX14,QHX14,A01
297e89cd-add2-4d82-bb99-cab3b5425bf3,QHX,QHX14,QHX14,C00
bf7ace30-42b2-4904-878e-1ecd587a0a87,QHX,QHX14,QHX14,D01
ff652165-bace-4fcb-bdb8-3c0c6f3066da,QHX,QHX14,QHX14,D04
c2ac6a4b-fad2-488b-9cbb-7ac93d8a7a83,QHX,QHX14,QHX14,D06
78625c38-c19b-45aa-8d6b-3df96d519658,QHX,QHX14,QHX14,D78
f91b39cd-7528-4005-8bf9-c2c808b99f00,QHX,QHX14,QHX14,D83
3e67fc97-3e14-4ca0-acb3-6897090c01d6,QHX,QHX15,QHX15,A01
b61a3c13-f2da-42cb-91de-32a263575336,QHX,QHX15,QHX15,D01
37de93bd-4e32-452b-aebd-c624c95be70f,QHX,QHX15,QHX15,D78
7eb8205c-9055-4d26-8161-35b60abdc576,QHX,QHX16,QHX16,A01
9d67d6ef-d7b1-4537-9b12-86e151470a5c,QHX,QHX16,QHX16,D01
574873d8-8b12-4056-a2bf-96b1c2d6c50e,QHX,QHX16,QHX16,D78
a17d8274-e7d0-467f-a24a-4f1b79f3ce5c,QHX,QHX17,QHX17,D83
60c01740-1888-4ee2-aee8-67771c57acfa,QHX,QHX17,QHX17,A01
adb748bf-0c73-4be0-9fa2-f1a07166591c,QHX,QHX17,QHX17,C00
a0a43b9d-2a42-464a-a01a-dc88cf3ecdcc,QHX,QHX17,QHX17,D01
ae7da6ff-56ec-4c64-b4df-20a4396cf8a3,QHX,QHX17,QHX17,D04
31cf4b42-718e-4c31-b37e-f7d4165d8ce4,QHX,QHX17,QHX17,D06
23540dd0-8de1-4f89-af73-63d5332aac60,QHX,QHX17,QHX17,D78
b2b09a04-c273-4652-a01b-5a57db8f513f,QHX,QHX18,QHX18,D01
a6863955-29b3-4933-9b3f-7fde8824511d,QHX,QHX18,QHX18,D04
f6aa015a-49ca-405f-ab08-6560b917c897,QHX,QHX18,QHX18,D06
6a5e2c48-699f-4dec-a8d0-4b205ba61469,QHX,QHX18,QHX18,A01
db30a716-13fd-47f9-b501-c811a7873f8b,QHX,QHX18,QHX18,D78
7aaa5db0-1c17-4c25-9e4a-4be0f702fc36,QHX,QHX18,QHX18,D83
a44a448b-e663-4569-a29c-a69316ec3856,QHX,QHX18,QHX18,C00
c7962562-d882-46ee-b5be-b329b9727d75,QHX,QHX19,QHX19,D04
18cda647-044a-4b74-b782-67af8af30558,QHX,QHX19,QHX19,D06
ca78df3f-de06-4071-8f30-623343169670,QHX,QHX19,QHX19,D78
fea2d448-f12b-450a-906f-648d872bfb67,QHX,QHX19,QHX19,A01
a07bc098-ce0d-40de-8d69-48785ea0a3d5,QHX,QHX19,QHX19,D83
57dac910-d4b7-420b-ba4c-69635fa9555b,QHX,QHX19,QHX19,C00
aa6ab35c-db60-4651-8357-ef9cca49eb49,QHX,QHX19,QHX19,D01
b20ecd8e-23cb-4887-9755-13256c698433,QHX,QHX20,QHX20,D01
9e78cfa7-b3e2-4c35-8f5a-5717c2fd6c73,QHX,QHX20,QHX20,D04
f5c24f5c-379f-422e-a6b4-222f39099bfa,QHX,QHX20,QHX20,D06
8c0008ee-520a-40f8-863a-43d33925170f,QHX,QHX20,QHX20,D78
769c5371-91c3-44fd-bff9-c386d2814241,QHX,QHX20,QHX20,D83
04ab8700-1287-4bf3-90d5-7e08223725ad,QHX,QHX20,QHX20,A01
9581e895-7831-463e-9160-516df3d645a9,QHX,QHX20,QHX20,C00
e84af078-db1a-4011-b585-edb34564d827,QHX,QHX21,QHX21,D83
b646b2fd-7608-4922-bda7-01599653064f,QHX,QHX21,QHX21,A01
d4660495-9b74-41a1-a7a8-24b1867a71db,QHX,QHX21,QHX21,C00
e9ecacad-d55c-4c9b-b16c-81dcada5e97d,QHX,QHX21,QHX21,D01
6c00f451-b066-4ee0-acbc-c5a409d7ea05,QHX,QHX21,QHX21,D78
4afb1748-86b4-4ad1-8c36-6f99cc45222d,QHX,QHX22,QHX22,A01
02dc3f97-bb8d-4a20-8645-d7be54cc9b8c,QHX,QHX22,QHX22,C00
207b9a25-2a63-41a1-bc4c-73071ecb83b6,QHX,QHX22,QHX22,D01
52ced580-a99c-45be-bff8-e9df4f24dd45,QHX,QHX22,QHX22,D04
808a2704-e2af-439c-b6f7-e5bbcbee74b7,QHX,QHX22,QHX22,D06
fe2d7bb4-c506-436c-b7ca-f963055d9b96,QHX,QHX22,QHX22,D78
86f3b15d-013f-47fb-b65e-f893a62dabd1,QHX,QHX22,QHX22,D83
65df632c-15b7-4eb7-9870-a656d33fcc35,QHX,QHX23,QHX23,D83
bbddf91e-d249-444a-9f1f-1522ad892393,QHX,QHX23,QHX23,C00
92480211-ac58-48d2-9f2c-be3a76f79f2e,QHX,QHX23,QHX23,D01
93d2c382-c35a-49fe-9dd4-1249b233d792,QHX,QHX23,QHX23,D04
5604eff9-e2c7-4b1a-b84f-061ac804a66d,QHX,QHX23,QHX23,D06
3af871f2-3dce-4fe3-bebf-da8488673066,QHX,QHX23,QHX23,D78
59e8eb70-867b-4053-a325-de98af928dcb,QHX,QHX24,QHX24,C00
1c491a11-1a35-460d-a32c-64c70af94819,QHX,QHX24,QHX24,D01
f341adb8-8522-4da7-835f-1d79f466ca5a,QHX,QHX24,QHX24,D04
6169474e-26e7-45e6-a8d5-dcd27c53d67d,QHX,QHX24,QHX24,D06
a6bb344a-85b0-4efe-b352-626a3e76393f,QHX,QHX24,QHX24,D78
83050dfc-28f2-40a3-8e15-ff53fc4b262e,QHX,QHX24,QHX24,D83
1eefe293-8ffe-4fab-83a5-8fd048e59182,QHX,QHX25,QHX25,D78
44e75b6f-e3a9-450e-bcd3-6ca32233e17b,QHX,QHX25,QHX25,D83
05687fc8-26c8-436c-973c-7d229fd73511,QHX,QHX25,QHX25,A01
daa6d495-5540-468e-8665-f1ee6aa6017b,QHX,QHX25,QHX25,C00
75bdf73b-0679-4fe9-8d4f-ba9ab096c3af,QHX,QHX25,QHX25,D01
0c332a8f-6027-4b34-bf4a-f42f56987ce1,QHX,QHX25,QHX25,D04
d9a14032-716e-4bf0-8110-69981cdaa9df,QHX,QHX25,QHX25,D06
1f0ce2dc-f7a3-45f0-a346-689bf97fd06c,QHX,QHX26,QHX26,A01
c1ae78c8-6520-4eb7-abb0-5e7487d18821,QHX,QHX26,QHX26,C00
95f3a617-6368-43b4-844e-5e27015cd137,QHX,QHX26,QHX26,D78
ca364a7c-0804-4ed9-aa0a-4f55418b23a8,QHX,QHX26,QHX26,D01
9cb713af-a9fa-4571-8a80-fd9362e0fdf0,QHX,QHX26,QHX26,D83
dca7cc60-6100-4d30-9e72-7951fe3570bc,QHX,QHX26,QHX26,D04
e49c375b-8fd0-488d-be31-966b01c40098,QHX,QHX26,QHX26,D06
f4e3f304-a4fa-477f-8374-3839f6f7b7be,QHX,QHX27,QHX27,D78
5991b1b2-d27c-40d5-a327-f1f1d476da48,QHX,QHX27,QHX27,D83
8918db31-331c-48f0-b7bd-66755f372348,QHX,QHX27,QHX27,C00
53797ebe-4400-48fa-aab1-d3175a243680,QHX,QHX27,QHX27,D01
d6938bda-c1d2-4d68-9d43-37fe05bf015f,QHX,QHX27,QHX27,D04
8e378124-a2a8-4840-8630-85ac9017fb15,QHX,QHX27,QHX27,D06
7addb2fb-f3cc-4c01-9406-33ab08e24dee,QHX,QHX40,QHX40,A01
ff26519e-a002-4bdc-84d2-39c718a45929,QHX,QHX40,QHX40,C00
b9973fa9-2ca2-4d08-936a-695cc46db73e,QHX,QHX40,QHX40,D01
0bd51ccc-2783-47ce-93d3-aede5e9eee10,QHX,QHX40,QHX40,D78
210ddb53-d1bd-446b-a2ce-fe13f144c367,QHX,QHX41,QHX41,A01
0ca8ce87-c576-4396-b801-91df8d85067c,QHX,QHX41,QHX41,C00
10e20eac-ec14-408a-b114-7384e54462dc,QHX,QHX41,QHX41,D01
a27c146d-7b8a-4bcf-b816-50691c084708,QHX,QHX41,QHX41,D78
319eaec5-3552-4d0a-b552-dfa1c8c40301,QHX,QHX42,QHX42,D78
e6be90ec-53b7-49cc-8c45-a077aa7abfdb,QHX,QHX42,QHX42,A01
bcf303d7-fe50-467c-ab00-865bd31fe3af,QHX,QHX42,QHX42,C00
74b65362-3a2d-4c93-8754-7d7c0734232d,QHX,QHX42,QHX42,D01
7dd5d7e1-2cd5-472f-acb3-97b68cf65139,QHX,QHX43,QHX43,A01
a5106749-dccd-48ca-96f9-d7998382349d,QHX,QHX43,QHX43,C00
702ff92e-782b-4a6d-8dcf-ab80d8d4c580,QHX,QHX43,QHX43,D01
fabf3413-1408-4899-947e-860a378d3787,QHX,QHX43,QHX43,D78
d395347a-56bd-498c-a95f-afb5a2f7a7d6,QHX,QHX07,QHX07,D04
81462b12-4698-4cc7-b738-0a3b7528520c,QHX,QHX09,QHX09,D78
a01b9019-0c64-427a-860c-001ad3680200,QHX,QHX21,QHX21,D04
56aafaf0-c997-4abb-9402-2aace2d57a1e,QHX,QHX04,QHX04,D14
e4d3c186-2d63-4f27-8d97-bac0f69b61e3,QHX,QHX08,QHX08,D14
6de9d535-2df1-4fcb-8a01-47339237e026,QHX,QHX15,QHX15,C00
f9bbaea9-04cd-496b-acc7-7b6b1073a0d4,QHX,QHX16,QHX16,C00
5116f083-9f58-4c1b-ba38-e3bccac1610d,QHX,QHX20,QHX20,D14
31659ac4-52fe-4c92-b471-531851f10bbc,QHX,QHX27,QHX27,D14
f637b71e-4632-472c-83c0-a7124be80acc,QHX,QHX28,QHX28,D78
4356bf15-074a-4e7e-a478-e58782218f00,QHX,QHX28,QHX28,C00
f82d3ba6-e524-4379-a2ec-3fe937f8dbef,QHX,QHX28,QHX28,D01
11e7e52b-2719-4817-8510-44a49c2416ee,QHX,QHX28,QHX28,D04
de234233-bb1c-47fa-bc5f-be88619e2432,QHX,QHX01,QHX01,D15
0c561371-92f9-4778-84fd-4d864d995eca,QHX,QHX01,QHX01,D14
75eb393c-091a-459c-8392-ec2cff6370a0,QHX,QHX01,QHX01,D66
eab6cce4-6cc5-46b8-ae26-3acfda834b2a,QHX,QHX01,QHX01,C03
f02605c4-ce41-41a4-8916-bf8c232c8b79,QHX,QHX01,QHX01,C04
65bf572e-1e3f-42b1-9407-8b68b074bf1b,QHX,QHX02,QHX02,D15
7b8ef863-6932-447d-a58d-a7703e7f03c0,QHX,QHX02,QHX02,D14
a89fc302-7942-4089-bd84-342f50caf3c2,QHX,QHX02,QHX02,D66
39cf664e-515d-46e7-8340-4126c86a5615,QHX,QHX02,QHX02,C03
6b4f6775-3370-446b-af99-dcb497110cd8,QHX,QHX02,QHX02,C04
2381fd90-db35-4e33-9b39-8476f2c6c8c4,QHX,QHX03,QHX03,D15
3d8f1f53-410b-4ecc-9c12-98dde80d8a52,QHX,QHX03,QHX03,D14
29f92472-75de-4312-bd62-65c8f4e6fb7f,QHX,QHX03,QHX03,D66
a8b43e84-d8e8-4c15-bb04-086326455754,QHX,QHX03,QHX03,C03
33d9c83a-9bdc-483e-8019-54f26ffd4470,QHX,QHX03,QHX03,C04
371edffe-9f78-45d8-96ad-ae3b79e8a406,QHX,QHX04,QHX04,C04
3c5ff7d5-a10c-4d76-b554-8053375aa88d,QHX,QHX04,QHX04,D15
bc14b368-bbe7-4ff6-89ad-41e6937e10ae,QHX,QHX04,QHX04,C00
6d819402-7fe0-47ed-be96-198ed31bb16a,QHX,QHX04,QHX04,D66
554b65c0-8136-4470-8908-fe6bcea39c26,QHX,QHX04,QHX04,C03
263a24fd-18e9-4b0f-a4aa-706dc7f568c6,QHX,QHX05,QHX05,D15
56552481-2acc-4b39-8b3b-69939440530c,QHX,QHX05,QHX05,D14
38168192-c226-411d-a511-81938ba2bdb0,QHX,QHX05,QHX05,D66
e3eaabf2-661b-4b96-acda-4a513890be15,QHX,QHX06,QHX06,C04
9409c282-90a0-4cc3-b138-2001505c1644,QHX,QHX06,QHX06,D15
5aba3462-b03d-4a62-935e-1390c2f84de3,QHX,QHX06,QHX06,D14
2f980964-4bcb-4f17-8be2-b43d3be292ea,QHX,QHX06,QHX06,C03
ba505af8-ce94-435a-b78c-8eb22bbbdabb,QHX,QHX06,QHX06,D66
c6e6b153-ac1f-46cd-8147-38a67e00dd4a,QHX,QHX07,QHX07,D66
c65e167c-417a-4dca-abc3-564fa1b4dbd1,QHX,QHX07,QHX07,C04
a43c10f5-99d7-434f-b8c9-0c9576c7d197,QHX,QHX07,QHX07,D15
642dd8cd-5ee9-4a33-8368-ea9bc66baa83,QHX,QHX07,QHX07,D14
e6fa680a-4d21-4f3b-8753-3e8fe19282e4,QHX,QHX07,QHX07,C03
9210d7ad-5446-4ccc-988e-fbc7ecc9be06,QHX,QHX08,QHX08,C03
700cf1f6-a049-4ddf-8000-e29c5d6cc4fd,QHX,QHX08,QHX08,D66
3eebdece-2604-46f4-bf86-9c661c44d706,QHX,QHX08,QHX08,C04
e8282c55-7c73-42fa-b21d-b6e205457846,QHX,QHX08,QHX08,D15
b1877e86-9ca2-4ef4-8b7e-e17c8c4440c3,QHX,QHX09,QHX09,D15
b8225306-c649-4393-bc24-535fb9588149,QHX,QHX09,QHX09,D14
badebbb7-1a1c-437d-8263-2f91711b0dc7,QHX,QHX09,QHX09,C03
7444347e-cfbd-4d1e-9c89-fae83b66896f,QHX,QHX09,QHX09,D66
46cc2471-2490-4c69-9704-a1e527b48ff1,QHX,QHX09,QHX09,C04
2f620505-0339-435d-a610-474b00080219,QHX,QHX10,QHX10,D15
841256c5-3cf8-4577-8512-80162cca637a,QHX,QHX10,QHX10,D14
ac597a98-615b-4acd-92ec-31d0395492f9,QHX,QHX10,QHX10,D66
316d9398-574b-4578-935c-67c7a01315f2,QHX,QHX10,QHX10,C03
ab3587b8-d88f-485b-bf0b-6d15ad8708da,QHX,QHX10,QHX10,C04
e85490e7-e8b0-4186-9c57-9167eac224d2,QHX,QHX11,QHX11,D15
bf9f5ce3-53ac-49b7-869d-4d297eedaf62,QHX,QHX11,QHX11,D14
471d6b7a-934a-421e-9a3d-cb684de131ba,QHX,QHX11,QHX11,D66
c25c69f0-f4f7-48b4-a76f-d11238c3ee42,QHX,QHX11,QHX11,C03
0f6814d7-3779-41e0-ac2b-3f81e83d841d,QHX,QHX11,QHX11,C04
f6a73022-d6a8-48d6-a1ee-12b48aa9be60,QHX,QHX12,QHX12,D15
e93e1a0c-1182-4ac4-9e5a-7c4bb419e4f6,QHX,QHX12,QHX12,D14
b3539709-c706-4da7-b9d1-499165130751,QHX,QHX12,QHX12,C00
b76e19a6-0dfd-4c06-83c5-45cd1b07a334,QHX,QHX12,QHX12,C03
67ca1c6c-d906-4db3-aebb-fe15340dea92,QHX,QHX12,QHX12,D66
ca2b4dc3-7784-48f7-b6ab-a215b2c56a76,QHX,QHX12,QHX12,C04
8baaf803-6787-4444-8edb-687b67826218,QHX,QHX13,QHX13,D15
0ac2fb43-b91a-4ee9-ae3f-8e71cdcb9480,QHX,QHX13,QHX13,D14
e7711368-3e76-466f-b744-30232d6c8819,QHX,QHX13,QHX13,C03
a68e17a7-4dcb-4b2a-99ca-b15af8e1cb79,QHX,QHX13,QHX13,D66
268b202f-4b45-4b2a-b4ca-7fbe0e6dbbbc,QHX,QHX13,QHX13,C04
f2bed60c-4ff3-46b9-b686-9b6839e08786,QHX,QHX15,QHX15,C04
57a5f57f-4158-40a0-a202-d23abce4393d,QHX,QHX15,QHX15,D14
e6605809-c351-4eba-b8f0-e9bf3009ef00,QHX,QHX15,QHX15,D15
b3797c3a-b090-46c5-9909-4c1958f43220,QHX,QHX15,QHX15,C03
10afeb3a-a845-44ff-a39c-d2c8d53d4553,QHX,QHX15,QHX15,D66
f2e70237-3c15-46a5-ab0d-2ef70c0014ef,QHX,QHX16,QHX16,D66
01f0b72e-1e70-4c02-ae34-30f29122711c,QHX,QHX16,QHX16,C04
5c7c1d18-377e-4462-ae1c-c96ebe02b28b,QHX,QHX16,QHX16,D14
69e31e94-8aa9-41df-a343-f9cdeadd9b00,QHX,QHX16,QHX16,D15
968873d4-1b8c-4935-b887-c2dc98b7df1a,QHX,QHX16,QHX16,C03
09899e2a-f620-48dc-9fb5-2dac4270050e,QHX,QHX17,QHX17,D66
52d80997-ed15-48b8-bf2f-189a0c3dac37,QHX,QHX17,QHX17,C04
b2bb196b-6e0a-4d13-acb7-345f26ac18fb,QHX,QHX17,QHX17,D14
0e03892e-0841-49fc-88a9-75c422c8ea05,QHX,QHX17,QHX17,D15
ade05f8c-3da3-4126-9180-0fb8b05a9795,QHX,QHX17,QHX17,C03
fbc53376-d305-44aa-a4e9-3153e35b5fbd,QHX,QHX18,QHX18,C03
28fccce7-a0b2-4ccc-ae5c-5a610dab43a5,QHX,QHX18,QHX18,D66
55c2e2d8-bbb5-41a5-aea7-4a9a790174a9,QHX,QHX18,QHX18,C04
be279041-10a7-4a26-ad69-9be52f2d0eef,QHX,QHX18,QHX18,D14
8a6c9350-4aab-49be-a4ad-c311e02a4bf8,QHX,QHX18,QHX18,D15
12ea264f-1431-449c-ab2d-37534c4fc373,QHX,QHX19,QHX19,C03
96cc0cf7-d729-4d27-8409-a9a7dc416ea7,QHX,QHX19,QHX19,D66
49475ea8-7c16-49da-b323-1377c785eae4,QHX,QHX19,QHX19,C04
5a91b285-b08b-4875-b416-c46d94c8826f,QHX,QHX19,QHX19,D14
9fa9cfef-0d1f-421f-bb0d-ea863f318676,QHX,QHX19,QHX19,D15
9f10fe4f-b770-4f98-b954-bf60015b32fc,QHX,QHX20,QHX20,C03
49b4e7d8-b9d7-44c2-8c55-0d5909333a1b,QHX,QHX20,QHX20,D66
cd5bd42d-0de3-45f4-bf58-e7a65480e0ae,QHX,QHX20,QHX20,C04
f1f82a4b-d019-452f-af59-ff8bea53860c,QHX,QHX20,QHX20,D15
c76cd26a-d3ad-43e8-9d96-2f926f184457,QHX,QHX21,QHX21,C03
b20a0f80-61d5-46d4-8067-97feb5b7e623,QHX,QHX21,QHX21,D66
d45d1628-de75-4ea2-82a4-5f3728e5909a,QHX,QHX21,QHX21,C04
ecf6eabd-385c-42b0-b460-9311913e2391,QHX,QHX21,QHX21,D14
385a5582-4a2e-410b-8fbb-d66d7355ec77,QHX,QHX21,QHX21,D15
fb59477d-ef63-4c00-9d50-54de8fbf6bfc,QHX,QHX22,QHX22,D15
9e5b469a-2b6a-4b27-8bd7-4f3f350e2271,QHX,QHX22,QHX22,C03
a678c852-9926-4fc8-a240-c7b18b4ab021,QHX,QHX22,QHX22,D66
44d94466-c1bc-4ae8-9101-c19fc077c6bc,QHX,QHX22,QHX22,C04
5d253573-32a4-47b3-b0fd-0b6577b68dd2,QHX,QHX22,QHX22,D14
9f16d390-61ee-414a-82d6-26fd92dfc0ce,QHX,QHX23,QHX23,D14
a84490df-5af5-481e-ad2c-56cc8a63706e,QHX,QHX23,QHX23,D15
c1f4e1a1-ca77-4b26-a0b6-80297a5ced24,QHX,QHX23,QHX23,C03
a17b8661-1ede-4e23-a01c-306b6e648e7b,QHX,QHX23,QHX23,D66
7019e8e4-f2b4-4230-b1c2-ca08acaccfa4,QHX,QHX23,QHX23,C04
6d8c6742-57d6-4dba-8fe4-ef9f1be645a0,QHX,QHX24,QHX24,D14
1327d9a7-8917-45ed-a217-93249f12a2fc,QHX,QHX24,QHX24,D15
01df4ee4-0c30-4220-aa66-ae123958de18,QHX,QHX24,QHX24,C03
16f62c1f-ce0f-4d0e-a0f6-bab722b5d2f7,QHX,QHX24,QHX24,C04
9714455f-0f85-404e-be6a-4278842bc0b0,QHX,QHX24,QHX24,D66
e1943b1c-2b46-4695-ad49-09ab84eb4b3b,QHX,QHX25,QHX25,D14
7d524713-52e8-4681-bc1a-ed10ebfadd96,QHX,QHX25,QHX25,D15
77bf2f9d-f040-497c-93b2-96e6e149855d,QHX,QHX25,QHX25,C03
5e7acaa4-0094-4dfc-baec-cb4facd0b853,QHX,QHX25,QHX25,C04
09f7ef2f-9e6e-4d89-9fd9-e33835e54999,QHX,QHX25,QHX25,D66
d5d26d28-ebbe-4e52-81af-fee67da3dcde,QHX,QHX26,QHX26,D14
3976d7ec-ce1b-423d-bd1c-d65f67a45559,QHX,QHX26,QHX26,D15
7cc5ccc1-2876-4376-abb1-0f05f8247e11,QHX,QHX26,QHX26,C03
0f60e443-24e2-4e27-b141-7f44a7074446,QHX,QHX26,QHX26,C04
cc094434-3956-4800-81ef-928eee372ea8,QHX,QHX26,QHX26,D66
b26f2959-3b65-45c1-bede-7d8d2ad4aaea,QHX,QHX27,QHX27,D15
125414d6-abf9-4736-9823-6a4288bbf7c3,QHX,QHX27,QHX27,C03
b8ac53ba-75b3-4cbd-bfa8-b30efe1396af,QHX,QHX27,QHX27,C04
5c282efb-de94-421f-9eb1-a739debfcab1,QHX,QHX27,QHX27,D66
9eb526e1-2348-4129-a60b-dce0b64dae15,QHX,QHX28,QHX28,D14
d3a349eb-2d74-4e9e-9c8a-c308e4d3ce3a,QHX,QHX28,QHX28,D15
5dc03ea6-4f15-4024-9ad7-ba0f62cc0433,QHX,QHX28,QHX28,C03
121c7764-27d8-487c-b9be-a0c6d8ee62bd,QHX,QHX28,QHX28,C04
7cfc8c67-19ed-45fd-a74c-3e7e35f211b6,QHX,QHX28,QHX28,D66
d815de81-38d3-42ba-8823-8a844b638d76,QHL,7380101,7380101,C00
df2212ea-aa3c-44eb-b91e-073124df2003,QHL,7380101,7380101,A00
2f5a113c-de84-4e26-8df8-f036b9462876,QHL,7380101,7380101,D01
a92d846c-82bf-4a18-ba9b-d33c78b230bc,QHL,7380101,7380101,D03
e77babbf-db6e-49e8-b770-1b1f0107ca3e,QHL,7380101,7380101,D78
500a92c6-d95b-498b-92b2-55ea05c1e3a4,QHL,7380101,7380101,D82
6f316f8e-9b0e-49c1-bd9d-0a0755f87dfe,QHL,7380101CLC,7380101CLC,A01
dd7f6828-4bf7-4f96-916f-b53427bff0c4,QHL,7380101CLC,7380101CLC,D01
331486cc-cec1-4421-a951-1663a303095e,QHL,7380101CLC,7380101CLC,D07
b580f73f-4b92-430a-9aa7-0dbec5217a96,QHL,7380101CLC,7380101CLC,D78
8224022c-3306-4d34-a4f2-155abf57e518,QHL,7380109,7380109,A00
4f2e46bf-fe5e-41a5-941a-3249bbcab096,QHL,7380109,7380109,A01
8fceeb52-667a-43c2-bcba-4eedf44f115a,QHL,7380109,7380109,D01
36e22238-3720-4911-a451-be1d07273d44,QHL,7380109,7380109,D78
534d8f10-6209-48f6-ab85-39d7149a7f78,QHL,7380109,7380109,D82
740518ad-a82d-4c86-ab10-30ac036c5b0e,QHL,7380110,7380110,A00
903fa2be-5df6-4489-b034-9ea178ada344,QHL,7380110,7380110,A01
0ccfa2d9-2767-433b-97ef-2282e33e54f3,QHL,7380110,7380110,D01
a08aa12e-20a6-4e99-8158-65722b54237f,QHL,7380110,7380110,D03
bff098d3-d565-4d5e-a800-5fe94e7fb35e,QHL,7380110,7380110,D90
fbb5348c-62fc-4f2f-9988-adf000d8b443,QHL,7380110,7380110,D91
6f4dab61-497b-408c-b051-a6d1c62c2dcd,QHL,7380110,7380110,D78
874f5dac-d070-47a7-9d33-b88a178f90f0,QHL,7380110,7380110,D82
55a356c9-ddc5-4e07-9b79-26d9c3e431df,QHL,7380101,7380101,A01
70d990c6-0469-49d3-ba06-adf326fbe04e,QHL,7380101,7380101,A07
5b934673-2773-4549-9e99-1f0dd0946403,QHL,7380101,7380101,C03
3d423f04-8552-4f61-89da-dc25ae468eae,QHL,7380101,7380101,D14
67f261c2-5ca9-479a-8303-db9bcac0266f,QHL,7380101,7380101,D15
e45123e0-e9db-4a4b-8755-bd5a390165a7,QHL,7380101CLC,7380101CLC,A07
6854e0ee-63e4-4f5f-9c21-bdeefff87e1c,QHL,7380101CLC,7380101CLC,C03
74509135-1140-40d7-bee0-687f43c2601c,QHL,7380101CLC,7380101CLC,D14
c898bec2-ff9d-49ed-aa8d-a9fb7e884643,QHL,7380101CLC,7380101CLC,D15
d692b757-f061-4518-852a-6bbc1d48912b,QHL,7380109,7380109,A07
6542688f-ddff-499a-b548-6e2455c3591f,QHL,7380109,7380109,C03
b343c425-e41d-461c-a661-d67e634e4af4,QHL,7380109,7380109,D14
f840233d-c296-4dc9-abfb-61794bcd516c,QHL,7380109,7380109,D15
2710fa41-c577-409a-aba9-c8ebc23cb2cd,QHL,7380110,7380110,A07
b406fdbd-2a46-4c1c-a3f3-60298ae14a32,QHL,7380110,7380110,C03
c2a07814-5b3e-42c6-b71f-a02e0b2668b6,QHL,7380110,7380110,D14
db6882b5-b1bb-4446-96b0-e94240683ee0,QHL,7380110,7380110,D15
a04c8817-219f-47e9-bab6-626ead2d730f,QHE,QHE40,QHE40,A01
b20abb71-4cb4-4896-9de5-01b1280929c7,QHE,QHE40,QHE40,D01
9187bb4b-cb4e-44d4-85ff-c9add0b59058,QHE,QHE40,QHE40,D09
9f9613fa-1885-4809-8492-336584f36fea,QHE,QHE40,QHE40,D10
fcf17cf9-27fa-44b4-a493-153305243e3d,QHE,QHE41,QHE41,A01
09d3b2fa-45e9-487c-be31-37f1a61a1c59,QHE,QHE41,QHE41,D01
d5034e6b-484f-4bbd-8cae-7bec96d2a773,QHE,QHE41,QHE41,D09
9463660a-9f4c-4089-9afd-0df162f4ff8e,QHE,QHE41,QHE41,D10
75dd9b3b-1aa3-4b7c-a93d-459ae7545b48,QHE,QHE42,QHE42,A01
7c45b5cd-1016-4181-bc09-bc277af85507,QHE,QHE42,QHE42,D01
d9b91f78-76e0-4202-8871-0f96a2b7ca6c,QHE,QHE42,QHE42,D09
fc3de79e-4de5-4f44-8426-f888affb47e7,QHE,QHE42,QHE42,D10
ccd341e7-bfb9-46ae-ba13-ce68c303fbf5,QHE,QHE43,QHE43,A01
455235f1-e793-40f7-99f7-4ac4548ed0d6,QHE,QHE43,QHE43,D01
c2fcd580-2362-4a27-9e46-4b5dbf193391,QHE,QHE43,QHE43,D09
8ad2c9ee-2c26-46de-9a51-b2261fafda74,QHE,QHE43,QHE43,D10
fe78eeca-92a8-48ba-b0f0-2a9994a87e43,QHE,QHE44,QHE44,A01
d13a8bb8-7ab2-469f-aeda-47da05609dd1,QHE,QHE44,QHE44,D01
97ebfa6d-b417-4a8f-8e0a-d3d3017f139a,QHE,QHE44,QHE44,D09
fd9ea74a-1888-4a93-9064-6a817f4fcd07,QHE,QHE44,QHE44,D10
6e50bc96-d012-4a76-8e59-7c4bf03e0a5f,QHE,QHE45,QHE45,A01
ab0e3dcd-2d01-4be5-9a1e-aacd653f46b1,QHE,QHE45,QHE45,D01
b404d81a-016b-433e-b64a-9f34784604d4,QHE,QHE45,QHE45,D09
f4599a54-0454-4669-a571-0baf04c23316,QHE,QHE45,QHE45,D10
b5d813d8-3fc0-4334-8c3e-f6f858a77850,QHE,QHE80,QHE80,A01
ee695df3-9c54-42c5-862a-53df17e9632e,QHE,QHE80,QHE80,D01
03af19a4-b455-47c1-abd8-b16bd4c7a023,QHE,QHE80,QHE80,D09
c7eae5b7-8325-46ec-ad85-b0e6bbce568e,QHE,QHE80,QHE80,D10
ba1077f8-a33e-457b-83a4-ec72fbc73a5e,QHE,QHE89,QHE89,A01
f0495085-2327-4b85-b3ab-0cad69d37edd,QHE,QHE89,QHE89,D01
054f8c8b-113f-4b70-9257-62c0c3302d67,QHE,QHE89,QHE89,D09
d0368517-db6a-42e1-a79d-38c0e89a7403,QHE,QHE89,QHE89,D10
46c4d96b-1b39-4e96-a6c1-5c36a0ccdfca,QHE,7310101,7310101,A01
95054230-0f78-4be1-b9d0-975f61fbbe3e,QHE,7310101,7310101,D01
fbfc9de1-5c02-4578-ab09-cc241e21b6b8,QHE,7310101,7310101,D09
4cfbbc17-d6fe-4f3b-a151-a3efc4f5e8f5,QHE,7310101,7310101,D10
16c80d53-c3fc-44ac-aabe-c2d3c6a471d0,QHE,7310105,7310105,A01
18084679-bd2a-402a-ba4a-c253bb64c932,QHE,7310105,7310105,D01
45b492ca-b9db-43b8-8abf-9eda235f15d5,QHE,7310105,7310105,D09
fabd5553-f332-4e6d-9e01-4090d62c4827,QHE,7310105,7310105,D10
5ee6e2f2-9801-49dc-8674-7da3313ffcea,QHE,7310106,7310106,A01
032c89a5-b859-4bef-b0ec-02625cc6f601,QHE,7310106,7310106,D01
58c6d9c3-7eb5-49c1-a62c-5efe58ae8a9e,QHE,7310106,7310106,D09
b3336075-e5a2-495d-a867-fa8f47116594,QHE,7310106,7310106,D10
44f2771f-621e-4897-8ebc-2f8b09dbd3c3,QHE,7340101,7340101,A01
22a7bbf8-b181-4394-9aaa-e41308289250,QHE,7340101,7340101,D01
96a64adc-cd18-4a10-afaa-c6d194184130,QHE,7340101,7340101,D09
9e458c44-e65a-4202-b8fc-b2ae73aeec6b,QHE,7340101,7340101,D10
aeeb5854-1583-45a5-9f00-3d078a792336,QHE,7340201,7340201,A01
508462e8-e4b3-4566-8643-a1835981d65b,QHE,7340201,7340201,D01
17490bdd-23e7-45c8-b30f-cd1e3f5afde4,QHE,7340201,7340201,D09
6ab75228-a9f3-4507-b5d4-82f125d0f894,QHE,7340201,7340201,D10
ee4fa688-b822-435c-9e20-3abadc419be1,QHE,7340301,7340301,A01
ac9ee9d5-a599-4252-ae4d-59fbb5525447,QHE,7340301,7340301,D01
3ffa053f-87cf-4769-9cd3-bf32a8736652,QHE,7340301,7340301,D09
ad92fbde-ada4-4d54-b879-f4857dc9f840,QHE,7340301,7340301,D10
54f638a8-293c-4f47-b15b-6a0c0cff684c,QHE,7310101,7310101,C01
48792fa4-b2a1-4d04-96f5-0d2565db4371,QHE,7310101,7310101,C03
650c166a-7050-4b56-9fa4-11f5553f0b48,QHE,7310101,7310101,C04
4c9637ea-a92c-4ae0-999c-9e9094b1be17,QHE,7310101,7310101,X01
dd42fc08-baf2-4944-8f96-2e6384f34a52,QHE,7310105,7310105,C01
36932e03-2700-4852-b8df-d1061764a3eb,QHE,7310105,7310105,C03
1bb22660-8aea-4cae-ae4f-b010d28a8a16,QHE,7310105,7310105,C04
80133424-f44f-4590-8f08-fcae1ba59807,QHE,7310105,7310105,X01
8a0237ba-4cac-4553-a03e-de95b1e4b17e,QHE,7310106,7310106,C01
b03eda6a-27ce-4967-8d07-a5f90f57ffca,QHE,7310106,7310106,C03
4e97e164-ad4d-468c-acec-bc5749d34c2a,QHE,7310106,7310106,C04
e6f52dfa-e4a8-41d8-a145-c417fdceec28,QHE,7310106,7310106,X01
094c3ebc-2a17-4933-b3f7-845a0426f1fa,QHE,734010101,734010101,A01
b700baab-256c-43a4-a5f8-ac1e27ead855,QHE,734010101,734010101,C01
bbf1e2f1-f233-49e0-b3f6-1d446062ad3a,QHE,734010101,734010101,C03
076509bb-084f-410e-b507-636d678cbb4f,QHE,734010101,734010101,C04
d3ecede8-d86f-4899-bff8-4a0251e0585c,QHE,734010101,734010101,D01
e643e67e-6478-41e4-a683-0969d6ac7b9b,QHE,734010101,734010101,D09
2503963e-b492-477b-ae66-98635aa75f7e,QHE,734010101,734010101,D10
1a2035f7-f80d-48f0-b737-6c681c6c2a61,QHE,734010101,734010101,X01
f59949f3-0882-4e50-b7aa-3a720f484f22,QHE,7340201,7340201,C01
c944a45f-0464-46e9-9780-ba148bf9b4bc,QHE,7340201,7340201,C03
ac4d73d9-0a36-43c8-a798-0918c5a1cd19,QHE,7340201,7340201,C04
83c067d1-6f22-4e7b-ad83-c51f8d1035d0,QHE,7340201,7340201,X01
95e9942c-a01c-40eb-861d-fb8ce16567ad,QHE,7340301,7340301,C01
0dae37e3-2e02-40cd-a454-504e9582e1ba,QHE,7340301,7340301,C03
3cfc5ce1-cb26-4bb1-b165-89c2a65d072c,QHE,7340301,7340301,C04
628cb5ff-674e-4f8e-8654-084dc425628e,QHE,7340301,7340301,X01
fbe96693-243e-48cc-8a0a-d277838c4e3e,QHF,7140231,7140231,D01
a426c73a-9415-4fe4-8ec0-23eaab865349,QHF,7140231,7140231,D78
af0f977c-83e2-4597-9849-4a5b7836b186,QHF,7140231,7140231,D90
6772db3e-c43e-41ef-a256-3384af5e6642,QHF,7140234,7140234,D01
960aeca8-f067-463c-af74-d2bac300d602,QHF,7140234,7140234,D04
4621b2b9-f3ea-4f7e-a1d6-5dad0b105ef9,QHF,7140234,7140234,D78
5488b0e8-4b01-460a-bd60-a7d70bd8f724,QHF,7140234,7140234,D90
e935bfa9-4e0e-410d-b7a7-b79b8a4a301b,QHF,7140236,7140236,D01
3082f1d1-c44f-4680-b136-1dae5cac0df1,QHF,7140236,7140236,D06
92deb424-ae29-4b25-a38f-aa47bc8cc8c6,QHF,7140236,7140236,D78
adf2ff54-1093-4d62-bd14-737467a722e2,QHF,7140236,7140236,D90
89f2bf13-ea98-4788-a582-7713790b80fe,QHF,7140237,7140237,D01
80951d62-1574-437d-bbfe-bcefa9b1c8ad,QHF,7140237,7140237,D78
17e5d98f-a0eb-4b3d-937d-21abf442ad95,QHF,7140237,7140237,D90
50979ce9-f348-47d2-a016-67eec42f7487,QHF,7220201,7220201,D01
7fb97bcf-640e-43fd-bc09-a165e2e95e19,QHF,7220201,7220201,D78
0871a2c1-1b28-45aa-a819-9f9265fd2142,QHF,7220201,7220201,D90
7ef17fb2-a803-4506-9dbe-df9e10d814f9,QHF,7220202,7220202,D01
3b4a84e3-485f-4cc8-a018-51f68bdafc58,QHF,7220202,7220202,D02
de49ac90-4584-4c84-8f22-4455936fbc31,QHF,7220202,7220202,D78
57ac4f18-0b00-4811-997b-d34427f21538,QHF,7220202,7220202,D90
dbf12bfd-95a3-47f6-b328-d7fa75d87ed9,QHF,7220203,7220203,D01
b999cb4f-c517-4d89-bc2d-aad56b203ab8,QHF,7220203,7220203,D03
0bdd2790-57b2-41e2-b5b3-588c551f4cf8,QHF,7220203,7220203,D78
bfc86efc-fd76-4e26-87be-af256b4d52ba,QHF,7220203,7220203,D90
28beb4a0-e9f8-4026-b03f-782f7dc87745,QHF,7220204,7220204,D01
98f36cfe-7d9a-42af-a863-d1434e8ef789,QHF,7220204,7220204,D04
2aaa6f14-fb60-4e34-8045-7adf70fb308d,QHF,7220204,7220204,D78
710246c4-aa04-4f6e-b3a0-178e90ffa9cf,QHF,7220204,7220204,D90
b6a66faa-551f-43e4-9797-5551069503fc,QHF,7220205,7220205,D01
4a5e4b15-a003-48eb-9f65-f12f715d5760,QHF,7220205,7220205,D05
709a991a-4756-483a-a266-ee9b522901a7,QHF,7220205,7220205,D78
0ba172d9-a1b2-415c-a585-dfece427c103,QHF,7220205,7220205,D90
98ad7b3d-a98e-4190-b0ac-2f19aae0b4e3,QHF,7220209,7220209,D01
905f14a9-f629-4938-82f0-da41e84bdb28,QHF,7220209,7220209,D06
3f2fe0bb-a740-4183-9404-668f2ab2fa76,QHF,7220209,7220209,D78
87dd634c-22e4-45a0-a44e-e64fb8e91bc1,QHF,7220209,7220209,D90
c5956012-0db3-49ed-b266-6e741d08560d,QHF,7220210,7220210,D01
43e969be-c039-4b34-ba44-653e5320d22b,QHF,7220210,7220210,D78
41a4adc6-d0f8-4d22-95ff-8943ebaa5c29,QHF,7220210,7220210,D90
b50cd5ed-13f4-4178-81cd-d400f65ae7d0,QHF,7220211,7220211,D01
424c77f9-0d44-4354-a307-5673cf39eadb,QHF,7220211,7220211,D78
37f645d8-84fc-4985-a74e-054dcc4eace3,QHF,7220211,7220211,D90
c3c5dbdd-dfdc-4b19-ba3e-7d21f63c40e6,QHF,7903124QT,7903124QT,A01
b71d79a3-f961-4223-b4ae-04e879c9a9b5,QHF,7903124QT,7903124QT,D01
7f5a2198-98e7-400d-baf5-1123b82be73e,QHF,7903124QT,7903124QT,D78
60a98fa1-47af-49ce-96c2-df841b1bfc65,QHF,7903124QT,7903124QT,D90
23091730-df02-4b58-ab24-321d6c6f8939,QHF,7140235,7140235,D01
5779241a-df09-4bd0-a7b3-8d174d4fdd3d,QHF,7140235,7140235,D05
da83729f-802d-41a1-ad79-3da84d4f690a,QHF,7140235,7140235,D78
d3fc5445-6f9e-4e7e-b1aa-86fc870cf126,QHF,7140235,7140235,D90
9f6a6aeb-b123-4680-8fa4-36cf45233862,QHF,7220212QTD,7220212QTD,D01
1d2082e1-bde5-4e0e-9a1c-779d9393c521,QHF,7220212QTD,7220212QTD,D78
4270ba90-caa1-4187-91d7-a9b8e2c30fab,QHF,7220212QTD,7220212QTD,D90
32eefb34-6360-4490-9f75-0d6cee7ddc30,QHF,7903124,7903124,A01
797c26cf-d09b-42d0-a349-8e3c498f5b57,QHF,7903124,7903124,D01
f30f23b5-69fb-4bb1-aedf-cf2ca92fd576,QHF,7903124,7903124,D78
cd7ef337-5175-4ad7-8a36-99a4b4d9f763,QHF,7903124,7903124,D90
ee675c48-e136-4a8d-ab09-afb5832a1ace,QHF,7140231,7140231,D14
de009d61-ecaa-4703-ab7e-6b1560c818dd,QHF,7220201,7220201,D14
13f64a26-6b50-406a-bcb6-b44aaf314325,QHF,7220211,7220211,D14
8e4a5817-f06d-4657-afc7-fbca4cbc24f5,QHF,7220212QTD,7220212QTD,D14
58ff313f-a20d-41d5-bc4b-995129ed627a,QHF,7903124,7903124,D14
c1050478-d154-4aa8-9e87-295e24638a84,QHF,7140231,7140231,A01
7d15fdb4-5954-4c71-bd4d-958cede25b8e,QHF,7140231,7140231,D07
1f803833-ac6b-4ef9-bef4-c32e5b1a1e04,QHF,7140231,7140231,D08
6e58f093-0ab4-4809-aa36-0d7f3d38282b,QHF,7140231,7140231,D15
a92731cd-b992-4818-9905-33847c395511,QHF,7140234,7140234,A01
180bf8e6-4595-468f-84d4-b5e7f86423fd,QHF,7140234,7140234,D07
ca0e0f0e-f6d5-408c-bfdb-36816903be75,QHF,7140234,7140234,D08
d6f995fc-9b81-4c36-bb55-48bbbe4aa13f,QHF,7140234,7140234,D14
5f990cec-14d3-4f2f-ad7b-f4d65793c9da,QHF,7140234,7140234,D15
56432d35-eb80-49b0-9ed1-11c75d1f5b89,QHF,7140234,7140234,D25
294ca5e8-0a51-42bd-a26a-1b36819c70bb,QHF,7140234,7140234,D30
dd592581-9100-4558-a133-2cbc688a6c99,QHF,7140234,7140234,D35
0ce0f679-4c39-4756-8b9f-cf3b0af3563d,QHF,7140234,7140234,D45
5a1689fc-4a57-4962-8e56-b95f8320e0a6,QHF,7140234,7140234,D65
f3c43b49-8738-446f-9f0d-ff18b9b611d8,QHF,7140236,7140236,A01
41011bb2-bee3-4a6b-a93f-34c971db67a4,QHF,7140236,7140236,D07
37e55901-5857-44d3-84c9-57bf0e455e5d,QHF,7140236,7140236,D08
56fa3f76-d3cc-49a7-8ae4-844239767abb,QHF,7140236,7140236,D14
31393500-a319-4897-a8d5-16eb9e9583ea,QHF,7140236,7140236,D15
07f48386-a880-4bf3-b512-c51fe3559c4c,QHF,7140236,7140236,D23
0ee7393c-ceeb-469f-8ce9-946c087c4df9,QHF,7140236,7140236,D28
d373e806-3305-4081-83d3-082f440c1326,QHF,7140236,7140236,D33
939e21cc-07c7-46e0-900c-c4eeece01dae,QHF,7140236,7140236,D43
99fd6013-b95f-4c91-9ab1-99a54062ca25,QHF,7140236,7140236,D63
44f3ba01-d584-425d-bbd4-58cab09bc053,QHF,7140237,7140237,A01
4de7fd54-9be6-458a-9df2-c6c715a122cf,QHF,7140237,7140237,D07
2f239498-dc8b-4e68-a61c-7c67f4e598fd,QHF,7140237,7140237,D08
34390911-90d5-46de-8e4f-13b657098e17,QHF,7140237,7140237,D14
79d7d01f-48e3-4333-af9f-cba89f8fe129,QHF,7140237,7140237,D15
2d35cb93-2070-41bf-ba8f-b9b251e36f77,QHF,7220101,7220101,A01
4d21959e-76b8-488d-81a9-4d5c60319553,QHF,7220101,7220101,D01
ec7d20eb-882f-4b3e-997e-bfd266fbc0c9,QHF,7220101,7220101,D07
dec6b277-3789-40ef-b19b-a8aab621dd34,QHF,7220101,7220101,D08
5a646a48-c06d-43c8-85b2-00f670faad86,QHF,7220101,7220101,D14
82603fc8-3af0-4ade-8f2d-29238945394c,QHF,7220101,7220101,D15
87bd38ab-25b3-499e-a1d2-5b918db384f9,QHF,7220201,7220201,A01
418a2650-c714-47c0-9b27-923dc1b84d6a,QHF,7220201,7220201,D07
0a54ce0d-b153-4e5f-a1a1-e10574bc8bdd,QHF,7220201,7220201,D08
05640b07-ebd9-4b8a-97ae-902b2158b72f,QHF,7220201,7220201,D15
7cda73fc-33b9-47d5-9ac7-a0c42d868769,QHF,7220202,7220202,A01
357f350a-34ea-4a73-8f29-3a66753a75be,QHF,7220202,7220202,D07
ad916a54-d296-4aad-9476-749e8316fe6c,QHF,7220202,7220202,D08
bf662bfa-7a4c-4525-8d39-87b9552b87fc,QHF,7220202,7220202,D14
2a9305bc-0fba-44aa-890a-19e6b4b2bebf,QHF,7220202,7220202,D15
97c79337-0dd8-4c1f-a254-106eefd2d99b,QHF,7220202,7220202,D22
09473130-f8de-45e2-8582-d32850bb7a0e,QHF,7220202,7220202,D27
e306507f-4028-4d94-af1c-0e988e35658d,QHF,7220202,7220202,D32
35666786-1e5d-43c7-a832-2706670dd8f1,QHF,7220202,7220202,D42
8731b283-e0cb-4409-9baf-acfc104bc8a2,QHF,7220202,7220202,D62
c98931e6-bc99-4eff-96fb-d0d7edc3a2f3,QHF,7220203,7220203,A01
0d5399ab-12c7-4575-b6d5-d5f78126e2cc,QHF,7220203,7220203,D07
0605b84a-fa88-4b91-b445-6a560a83a749,QHF,7220203,7220203,D08
729e2895-c309-475b-b083-2d63a25bf02e,QHF,7220203,7220203,D14
603a1b00-c2a9-4435-bc0f-0a2f14e01cca,QHF,7220203,7220203,D15
684ba539-7334-4083-839f-516e047e62a6,QHF,7220203,7220203,D24
480ab489-4192-4fad-94a0-70087be484c7,QHF,7220203,7220203,D29
4ad7dc3f-9359-4722-85c8-1ef65d7c1f7f,QHF,7220203,7220203,D34
f8167e0b-0036-4166-a13f-c8bf396bfa4b,QHF,7220203,7220203,D44
dcb09260-9115-42a4-8b3d-f67fd5d6d847,QHF,7220203,7220203,D64
dd899af5-b4cb-4214-b66e-df7561f39f9d,QHF,7220204,7220204,A01
cb4990f9-840d-48a1-8db3-9617a89196ee,QHF,7220204,7220204,D07
264c78d6-050d-4aab-ab96-e6e657449ded,QHF,7220204,7220204,D08
05daff23-34ce-4d16-a5f1-9fafe7c4a963,QHF,7220204,7220204,D14
debeefe2-ab00-40ee-9776-08e946acaa1f,QHF,7220204,7220204,D15
5e675493-9441-4db3-9a73-42c54e3bf6ea,QHF,7220204,7220204,D25
e80fa896-b9c7-4622-9017-6ab6961971b5,QHF,7220204,7220204,D30
275effe0-3775-4251-94ef-0e37ecd49e72,QHF,7220204,7220204,D35
95df3c26-c6f9-4220-a526-327345a4532d,QHF,7220204,7220204,D45
58344807-9be8-488d-9c6d-30cf899620d3,QHF,7220204,7220204,D65
97ba8aac-2f55-4d78-bcb5-7d4569dd12fe,QHF,7220205,7220205,A01
3fdee78b-c9a5-42ff-a3de-16ce4f85fb3c,QHF,7220205,7220205,D07
8b5fc93d-5a89-4a97-adaa-7adc2af71828,QHF,7220205,7220205,D08
de27b771-abc3-4681-a8ea-905116787c71,QHF,7220205,7220205,D14
92b4d824-6183-42a8-8d6c-ed8bb33fbab5,QHF,7220205,7220205,D15
c617c6d4-601f-4b4a-9e2a-2c78268d5e44,QHF,7220205,7220205,D21
d1ffb6ef-e217-4afa-ae1b-fe3797ca080a,QHF,7220205,7220205,D26
6eb8983e-f9c9-4cd4-8bb0-baa2d8c6ebb6,QHF,7220205,7220205,D31
2fe34f3f-bdbd-4716-9ea4-b5ec38530141,QHF,7220205,7220205,D41
ba8d9765-1304-4b57-a6c2-e1bc1fdaf966,QHF,7220205,7220205,D61
ec40bdbe-4899-443d-b975-c2f78894c5a3,QHF,7220209,7220209,A01
48de4240-99ee-4b1d-929c-1002c846a44d,QHF,7220209,7220209,D07
e62de506-a770-4009-af8e-fc9945c3ef63,QHF,7220209,7220209,D08
677db24b-c5bd-4e85-a80f-d6088a03816a,QHF,7220209,7220209,D14
3b28372c-8867-4655-88b3-c5a7308eb907,QHF,7220209,7220209,D15
4f30a283-3079-4816-85fe-8a87f6cb02fa,QHF,7220209,7220209,D23
3c26b9e4-2b7f-4df6-892c-09f5c4b30d3d,QHF,7220209,7220209,D28
d9d574be-084b-43a7-8b42-56e29f01db0d,QHF,7220209,7220209,D33
5822991f-3d83-4602-8194-6e0419fff657,QHF,7220209,7220209,D43
2780467f-1374-436b-b744-0753c75322a2,QHF,7220209,7220209,D63
72443a9a-c2da-4014-9c9a-db7d99af6245,QHF,7220210,7220210,A01
25802398-5428-4960-a8b6-ad40de64410a,QHF,7220210,7220210,D07
12357f01-da94-4f70-b11b-f26dc01c41ac,QHF,7220210,7220210,D08
b38dfebe-a961-4776-9349-48c4ae1b9aee,QHF,7220210,7220210,D14
3779715e-26a0-4c17-80a7-451947e8ffac,QHF,7220210,7220210,D15
7ae6ac50-b17b-44f7-8ec0-20a4541c0bbb,QHF,7220211,7220211,A01
ea7bc86b-3d2c-46f2-8495-c78b6fa1bcae,QHF,7220211,7220211,D07
2c0d15cf-eabb-45cc-802c-7383cabcd5cb,QHF,7220211,7220211,D08
6f3e4f95-ebb1-49ed-81cf-6fe437b638ec,QHF,7220211,7220211,D15
a3f9177b-053e-438e-a506-1b80df5fac83,QHF,7220212QTD,7220212QTD,A01
6634f91f-e481-4ac2-8dbb-52601442586b,QHF,7220212QTD,7220212QTD,D07
9aef197d-b8fe-4246-a3f5-a32c4acdf2fe,QHF,7220212QTD,7220212QTD,D08
d968ea4e-922a-4040-b3e1-a44c97294aee,QHF,7220212QTD,7220212QTD,D15
9c01ef1a-320b-47da-ba79-20a677e175da,QHF,7903124,7903124,D07
d0a9e849-d639-4166-8c2a-39f26f3f0776,QHF,7903124,7903124,D08
2a626129-ac86-45c4-b54d-a64f56d4fb5d,QHF,7903124,7903124,D15
db014b9b-5cc8-45df-a2e8-c458a9c4c706,QHY,7720101,7720101,B00
1155e4da-f776-4a0b-8946-a77973951a78,QHY,7720201,7720201,A00
11531290-1a7d-4dda-be02-2869ccec6f15,QHY,7720301,7720301,B00
9acf53c3-9950-4210-8150-e2c4922ae553,QHY,7720501,7720501,B00
ad2ebee9-1fef-448a-a24b-5589ada47b76,QHY,7720601,7720601,B00
9c68d93a-7802-4f35-bad9-c7136a3c20f8,QHY,7720602,7720602,B00
7f7ca0b6-4132-4560-8177-90c51b37210a,QHY,7720101,7720101,D08
790584c0-259e-4752-9c28-caf81d847b73,QHY,7720201,7720201,D07
56a734b9-42a6-4f1b-a01e-41d75263690f,QHY,7720301,7720301,D08
1d34f4d2-de22-4326-bc29-4a42f537a52a,QHY,7720501,7720501,D08
1670438b-4ea7-404a-a03e-cfed5a0788d1,QHY,7720601,7720601,D08
67c039b7-7f93-4a65-813e-d2bf7d9abc7f,QHY,7720602,7720602,D08
c9bf43f5-0a47-4ccb-a1ec-dd196fad57a9,QHY,7720101,7720101,Q00
168f16ff-c928-4443-a200-8eff5fc0e8cc,QHY,7720201,7720201,Q00
28f81dd4-0274-4bcb-b951-8460bd59a770,QHY,7720301,7720301,Q00
8a33711d-89de-4f31-8787-1c207a7341e3,QHY,7720501,7720501,Q00
94cde576-2095-4ba1-b760-819b010c24eb,QHY,7720601,7720601,Q00
b9392eaa-4090-43bd-b598-03f4bea263c8,QHY,7720602,7720602,Q00
dd960fc9-b990-4ded-a01d-34a5627db016,QHQ,QHQ01,QHQ01,A00
acd8904d-4696-4a71-aaf6-db4f63b42676,QHQ,QHQ01,QHQ01,A01
323c132c-ed1b-46cf-aaed-2fd7aec9c1e9,QHQ,QHQ01,QHQ01,D01
e38fb69c-9923-471b-85f5-6986d5bf734c,QHQ,QHQ01,QHQ01,D03
5d7ea8fc-8d45-4ec9-ac31-c0dfe659cfdf,QHQ,QHQ01,QHQ01,D06
6b667d34-cd08-48b9-85fa-ad5eb7b66b1d,QHQ,QHQ01,QHQ01,D96
ae57ba1f-8b19-4da8-baef-b52b68b829f5,QHQ,QHQ01,QHQ01,D97
0afe8c18-b8e3-4ca7-9c18-d936f19cc482,QHQ,QHQ02,QHQ02,A00
a935dc15-6c96-478a-9f58-62edc6fa8aa3,QHQ,QHQ02,QHQ02,A01
9412774c-f4ac-4513-954f-6ad110845b55,QHQ,QHQ02,QHQ02,D01
2c06ce03-3fa9-48a4-8327-c4fdd3b500a8,QHQ,QHQ02,QHQ02,D03
551ef10d-3c8f-4fbf-8284-58528bdd870a,QHQ,QHQ02,QHQ02,D06
5e7ff9ff-7c6f-4d9b-a3c1-5c2b35c53e1e,QHQ,QHQ02,QHQ02,D96
0975e808-276e-4ee2-891c-2ea407c18afe,QHQ,QHQ02,QHQ02,D97
583f3bb7-6d2a-4fe6-ad66-bbf81640bb4c,QHQ,QHQ03,QHQ03,A00
145a4be9-6b40-4440-bdaa-285c7b094e97,QHQ,QHQ03,QHQ03,A01
2ab78060-3a0a-482d-8c60-470cef36ae8b,QHQ,QHQ03,QHQ03,D01
34d285ec-b253-42c5-a33d-ed2d41e84770,QHQ,QHQ03,QHQ03,D03
187d7ee6-ff8f-454b-acc6-3c998d442b59,QHQ,QHQ03,QHQ03,D06
e149570a-d8b7-4f11-8bd3-4637ef0ab1f5,QHQ,QHQ03,QHQ03,D96
b010661d-4493-4824-adf6-b9e9347a54e0,QHQ,QHQ03,QHQ03,D97
bf1f6521-55d3-4127-97a3-8bb087a8f183,QHQ,QHQ04,QHQ04,A00
bdee0e06-727a-49f9-b8a5-149b382a81c8,QHQ,QHQ04,QHQ04,A01
2e2301c7-ffad-46f5-bb22-b60a2b006540,QHQ,QHQ04,QHQ04,D01
0a80bb83-2d05-4cda-a7f3-f4d96a8aa6ff,QHQ,QHQ04,QHQ04,D03
8c72f728-982e-4b7a-a2e9-3fd0b89de4dc,QHQ,QHQ04,QHQ04,D06
3da627a9-683e-4c66-9468-303a6c5a1fc5,QHQ,QHQ04,QHQ04,D07
2217c7d6-b66b-4c77-a58f-2501a0c7993c,QHQ,QHQ04,QHQ04,D23
260a1abb-cae5-4738-a51f-f6f60ebf8a6c,QHQ,QHQ04,QHQ04,D24
f31d893f-390d-44a6-8400-6c12bbd2ea1b,QHQ,QHQ05,QHQ05,A00
b710c8e6-0fc7-41ce-a551-d4502535f910,QHQ,QHQ05,QHQ05,A01
38644fb9-0eec-407a-b2cb-b1654838e5f8,QHQ,QHQ05,QHQ05,D01
5ef04d79-e82b-4abb-b903-9ce0a0b01153,QHQ,QHQ05,QHQ05,D03
7e421ff2-1162-4a66-a07a-0f14d4670ed4,QHQ,QHQ05,QHQ05,D06
449ac8be-4b89-4ae4-b2f8-780e313fc3af,QHQ,QHQ05,QHQ05,D07
1db80a09-37a1-4f88-8c55-bf327b361ef4,QHQ,QHQ05,QHQ05,D23
d286c8fd-b0d2-4468-b8f4-081b8a8e0c99,QHQ,QHQ05,QHQ05,D24
ac53e5a0-bf2d-42c2-a825-900a26add9d0,QHQ,QHQ06,QHQ06,A00
184c698d-82fe-445e-8db2-ffb0e10e06bd,QHQ,QHQ06,QHQ06,A01
d0a457f3-f1dc-4d86-a766-7c4e6cc650fc,QHQ,QHQ06,QHQ06,D01
99168ace-1d16-4753-856d-f99de0448154,QHQ,QHQ06,QHQ06,D03
160b4d5f-14fa-4d95-8132-ca196de6b7e5,QHQ,QHQ06,QHQ06,D06
7fded8ee-877f-4e2e-953b-46a1376e049e,QHQ,QHQ06,QHQ06,D96
32adc0e4-ff22-475a-86d4-c66800c1a1ad,QHQ,QHQ06,QHQ06,D97
4632f185-526c-44f2-9007-c938cb947f9f,QHQ,QHQ07,QHQ07,A00
972d1990-4fd5-43d3-b189-aa9c0a485ce2,QHQ,QHQ07,QHQ07,A01
f95f498c-5a77-4290-b5d6-0771b571b3ca,QHQ,QHQ07,QHQ07,D01
337e1026-abff-4429-a82e-7328ad46d3f0,QHQ,QHQ07,QHQ07,D03
8214283e-bacd-46a0-a682-53c245d10876,QHQ,QHQ07,QHQ07,D06
a7fdbc05-0a1d-484e-9988-99e96c328336,QHQ,QHQ07,QHQ07,D07
82433436-00ff-4972-99e6-2e99a87d52a6,QHQ,QHQ07,QHQ07,D23
87fe9711-3039-4c43-b034-9806efc9bd3d,QHQ,QHQ07,QHQ07,D24
88f1b905-3384-4f2c-8802-1705c1e7a0ab,QHQ,QHQ08,QHQ08,A00
b78005f7-9778-4c75-a915-421f10b0332d,QHQ,QHQ08,QHQ08,A01
80e8dac8-517f-441c-a221-739f461c87fc,QHQ,QHQ08,QHQ08,D01
0d3a6df4-c42b-4022-bd3d-8e160c3cf788,QHQ,QHQ08,QHQ08,D03
ba266051-67ad-4f0f-9b27-597fc3eb2855,QHQ,QHQ08,QHQ08,D06
61e6d505-628b-4c2e-b5ff-5ef0c10adaf3,QHQ,QHQ08,QHQ08,D07
a9b1e6ed-cd0a-43c9-85f6-a69a41af4e1b,QHQ,QHQ08,QHQ08,D23
9e49d956-2689-4a8f-b41f-3df7adeaf380,QHQ,QHQ08,QHQ08,D24
b1dc4443-ae92-47e3-9fc8-06018399852b,QHQ,QHQ09,QHQ09,A00
4d52eb68-7ebd-4106-b19a-b568977fddbb,QHQ,QHQ09,QHQ09,A01
2feb1cb4-131d-4bb1-bc93-85848ddde68f,QHQ,QHQ09,QHQ09,D01
b61d52cc-821f-4a32-adec-d9060af2d94d,QHQ,QHQ09,QHQ09,D03
47fc44d4-5edc-44de-b16d-fca361b457b3,QHQ,QHQ09,QHQ09,D06
ba298167-b1c2-442c-9966-52e9ef24a8de,QHQ,QHQ09,QHQ09,D96
47ff69f1-ed9a-41a3-9880-d155252093a9,QHQ,QHQ09,QHQ09,D97
2ac004c7-abe9-49fe-abd7-a950edfaa04d,QHQ,QHQ07,QHQ07,D96
96ca0919-0d3b-4830-b2b3-ef56d2df44a0,QHQ,QHQ07,QHQ07,D97
17cc0bd0-9d43-426b-8a0b-66be64d921fc,QHQ,QHQ09,QHQ09,D78
68a9e416-36b6-4485-b28b-b151d55e2056,QHQ,QHQ09,QHQ09,D90
0d57fd64-1961-41ed-9853-6d007bd1f190,QHQ,QHQ10,QHQ10,A00
33c9ea76-fb8f-4183-9ef7-0725927b702d,QHQ,QHQ10,QHQ10,A01
bb47e475-64f8-4316-8887-2591a37df107,QHQ,QHQ10,QHQ10,D01
caa0745a-1985-4d9b-875d-6e9f5e556bea,QHQ,QHQ10,QHQ10,D03
d2778e4b-3e73-40f5-9ba3-529ec00ef4c8,QHQ,QHQ10,QHQ10,D06
1f77aef8-bae3-46bb-8b79-1e43501af62e,QHQ,QHQ10,QHQ10,D07
8d4de785-99a2-420f-baf0-6c4ec427da12,QHQ,QHQ10,QHQ10,D23
9a4de66b-da75-4ae6-bed9-53c87cbe2f67,QHQ,QHQ10,QHQ10,D24
3bb051f3-3e99-48c2-83c3-6356b0b5eb05,QHQ,QHQ11,QHQ11,A00
18517378-07e8-4613-8daa-755a8a6be0a0,QHQ,QHQ11,QHQ11,A01
1d443664-148f-4736-b436-3c760cb3c818,QHQ,QHQ11,QHQ11,D01
5cbcddd8-ba42-4685-b95b-995c8effad9b,QHQ,QHQ11,QHQ11,D03
04429509-dd3f-4671-b80a-a6a8e9b1fa77,QHQ,QHQ11,QHQ11,D06
ebce91e4-fc3e-4a68-baf3-67215cbad37f,QHQ,QHQ11,QHQ11,D07
91d1383e-883b-4b47-92ca-4cd899609705,QHQ,QHQ11,QHQ11,D23
1f3c154c-140b-44fe-8aed-264dd4da8b28,QHQ,QHQ11,QHQ11,D24
bbd3696b-0430-461e-9ab2-10a3706dffa8,QHQ,QHQ12,QHQ12,A00
2af6f413-68b6-40cc-a314-f0c23be9d61e,QHQ,QHQ12,QHQ12,A01
1fa4464d-4f30-4236-94f9-6035b87b2123,QHQ,QHQ12,QHQ12,D01
b2928e4b-d3dc-425e-a1a2-b844ed9e15fc,QHQ,QHQ12,QHQ12,D03
c46fbc0f-6ba6-4dc0-adac-0c27319cc499,QHQ,QHQ12,QHQ12,D06
efbe5ceb-9f32-448d-bbb0-965b0dedf152,QHQ,QHQ12,QHQ12,D07
e717c5ad-6bc1-43e4-928f-bc6f0b901313,QHQ,QHQ12,QHQ12,D23
0889a7e9-fdef-4798-975c-8cd3075f8299,QHQ,QHQ12,QHQ12,D24
4214b02b-1609-4d6f-8f37-d2c38ab62c5a,QHQ,7220201,7220201,A01
83ba0990-b8ad-48a6-90ef-820efd85b9c1,QHQ,7220201,7220201,D01
c1733c57-8a16-4043-9757-81a601031480,QHQ,7220201,7220201,D78
d11b47a2-11a3-46ec-a460-1e509605a030,QHQ,7220201,7220201,D90
a1f4b7f0-e9c3-4c21-8f7a-717c00a34ec2,QHQ,7340108,7340108,A00
372af105-5a00-4345-9405-abf693ba332a,QHQ,7340108,7340108,A01
f5218471-0b71-47c8-b03f-f0cc2f1d1eb3,QHQ,7340108,7340108,D00
c0937d9e-d9a1-45f2-b137-ff3f180318ff,QHQ,7340108,7340108,D01
7bdc0654-c941-446a-8fe7-580ec9936a1f,QHQ,7340108,7340108,D03
68d838a0-b439-4950-b05f-b509308cccc0,QHQ,7340108,7340108,D06
061b0bf6-e606-4c91-abe6-3ef61cf36fd1,QHQ,7340108,7340108,D96
1e132071-1885-44e3-a520-7f24c2099831,QHQ,7340108,7340108,D97
474072b9-cfca-4463-99a6-52e040a95403,QHQ,7340115,7340115,A00
b9254c71-0812-4e7c-a625-291e6d8c1614,QHQ,7340115,7340115,A01
d20f0c72-fd69-4001-9d90-216631ba19a4,QHQ,7340115,7340115,D00
7ad16ed5-01ae-45dd-aabc-865901e019e6,QHQ,7340115,7340115,D01
4f99ca8f-6001-4d61-8020-0c8956341a39,QHQ,7340115,7340115,D03
025851d2-aa40-405a-a7b3-911b29a312cc,QHQ,7340115,7340115,D06
1ac793e1-ddc6-4aaa-9df2-68f4a6623bac,QHQ,7340115,7340115,D96
b44a6f0b-78d6-48a1-b205-2f04719ae9f0,QHQ,7340115,7340115,D97
0fc0fd61-1f05-47d2-b99c-8bd315c01cb3,QHQ,7340120,7340120,A00
d8f47439-cc13-49a9-b804-c52593eb40e1,QHQ,7340120,7340120,A01
638a5eaf-539e-4ec6-8a58-9cc39deaaa0c,QHQ,7340120,7340120,D00
67b9ab53-bd6f-4159-83c7-58f4f0a347f9,QHQ,7340120,7340120,D01
e773958e-9534-4d6e-b631-8e57b3d14de0,QHQ,7340120,7340120,D03
cdeaa5db-c842-4411-8acf-8c12365873f3,QHQ,7340120,7340120,D06
198dda4e-a0e8-42d2-9e03-bc45bd8e38d4,QHQ,7340120,7340120,D96
91f72521-e2ca-4c94-b392-28af17a44100,QHQ,7340120,7340120,D97
035bd8d1-b567-47aa-a4f0-e069c46e3c95,QHQ,7340125,7340125,A00
a0f31ae6-30c1-4436-8be1-3a593ffec96f,QHQ,7340125,7340125,A01
2f5b0ddb-0141-496a-8c95-181c652087f5,QHQ,7340125,7340125,D01
05116e8a-1088-4220-a243-716d870755fc,QHQ,7340125,7340125,D03
87cbfffb-6b7a-45a6-b302-7e13bb4d6216,QHQ,7340125,7340125,D06
4c3d5f17-7aac-4a88-acaa-5be77f5bd8ab,QHQ,7340125,7340125,D07
9cf476bf-e086-4965-bf0d-6264d20784c5,QHQ,7340125,7340125,D23
5bce91cd-d2f4-419b-8f22-7424a3088eaf,QHQ,7340125,7340125,D24
b60aa50e-b0b6-44e4-b940-1e83cd8eb960,QHQ,7340303,7340303,A00
67361a9f-08e3-4cd0-aa55-b25d1a1aadf9,QHQ,7340303,7340303,A01
802e052f-80c1-4c2d-9115-9ea02a250461,QHQ,7340303,7340303,D00
bd1ea00f-580e-4e91-b393-4f792c5ba3e2,QHQ,7340303,7340303,D01
74196950-f050-48bf-a488-2db1da7d179a,QHQ,7340303,7340303,D03
92016452-445b-4cb9-8718-0a199192e92a,QHQ,7340303,7340303,D06
d0629cb8-c4dd-4e15-aced-d1580926048d,QHQ,7340303,7340303,D96
e63cb73d-3894-4472-b302-6bc989662b35,QHQ,7340303,7340303,D97
db18b270-d6ef-4e25-9478-f3a0f11828d9,QHQ,7340405,7340405,A00
c52ef00b-885a-45c9-9096-612ba44234b0,QHQ,7340405,7340405,A01
a216f54d-c5d1-4d5e-a5b0-11a57ec84d53,QHQ,7340405,7340405,D00
cf4dd016-7874-4d16-a06a-8ac63be61faa,QHQ,7340405,7340405,D01
9fe7b741-a1f1-4476-9bcc-8207ad7e2d3d,QHQ,7340405,7340405,D03
9ff5c42f-4278-4c82-ba56-013e8b1caa1d,QHQ,7340405,7340405,D06
dade4b4a-4227-438c-91e3-0f87b96f3db1,QHQ,7340405,7340405,D96
8b33d005-fa82-4ae3-8700-e85c891e677e,QHQ,7340405,7340405,D97
5af8ee16-06c5-4dea-a5af-e76d421f7927,QHQ,7480111,7480111,A00
762a79bb-a54b-418b-9655-8dcdfa2353fa,QHQ,7480111,7480111,A01
300c28d0-93d7-4419-acca-03de966351fe,QHQ,7480111,7480111,D01
cedb5d4e-9284-483f-ac35-65d7276f1bcd,QHQ,7480111,7480111,D03
4631217e-e3c5-493a-9e61-7125b168aabe,QHQ,7480111,7480111,D06
8f9ddb18-ab6a-4bcc-b0f0-b79c52bbedee,QHQ,7480111,7480111,D07
a660b7bf-257f-4c4c-aaf0-2f33df6fdba8,QHQ,7480111,7480111,D23
8151ec67-228c-49e6-ae1e-9374fe8c571b,QHQ,7480111,7480111,D24
549d3ad9-a1ec-43a5-8ae5-a724411e6752,QHQ,7480209,7480209,A00
aa1d59ec-cbfc-45df-bbb8-6823fe242d59,QHQ,7480209,7480209,A01
31a187d4-8620-47f1-b573-b1a05e9805ef,QHQ,7480209,7480209,D01
814c5f1b-9f35-4316-a568-5f2fb1535a97,QHQ,7480209,7480209,D03
dbe4cb14-746e-457b-823e-fec76330fac4,QHQ,7480209,7480209,D06
7c3cb756-caf5-45f1-a6b1-c7d20537b74d,QHQ,7480209,7480209,D07
a6ba9c09-bd36-488b-a9f0-de73c03d6ddf,QHQ,7480209,7480209,D23
3fc20ce1-dcd9-4fe7-a051-2b62f6d1e48e,QHQ,7480209,7480209,D24
0e41e4fa-b161-44df-a642-a5ff23888eda,QHQ,7480210,7480210,A00
c4554f97-54db-4112-8155-e42eea428652,QHQ,7480210,7480210,A01
b9a7011e-d8d7-4cc2-851c-ced3b2041ab1,QHQ,7480210,7480210,D01
76734456-3b94-4c3a-8816-b862c0f331e8,QHQ,7480210,7480210,D03
40cb2e61-bde5-4b77-a286-cb14e0937896,QHQ,7480210,7480210,D06
0497c2a5-edce-4982-babd-d4c275100176,QHQ,7480210,7480210,D07
f6f2c8f6-ae71-49c3-9e61-67ba4cc030c7,QHQ,7480210,7480210,D23
3f2ee2d9-69a2-45f8-85d5-1d1cfcc5eb0a,QHQ,7480210,7480210,D24
2a4afa57-0fcf-4d79-b40a-50a64aa01ed8,QHQ,7510306,7510306,A00
660981ee-61eb-4b32-98e0-3ff479ce8ac4,QHQ,7510306,7510306,A01
5f501d72-5b9d-4e12-a0f2-62a69c6d8d3a,QHQ,7510306,7510306,D01
1625892b-d263-4538-9b07-c83e14606b79,QHQ,7510306,7510306,D03
ac66cbe9-24ce-458f-b105-07b8f879a1ad,QHQ,7510306,7510306,D06
542bf3e4-892b-4d70-ba67-07faa6690b60,QHQ,7510306,7510306,D07
b00ab95c-48d3-44fb-8565-2d35705b4e64,QHQ,7510306,7510306,D23
ad9f9e1c-e910-4d95-b06f-3a2dbd142137,QHQ,7510306,7510306,D24
7c21f522-4756-47fc-84c4-1ace95c6a502,QHQ,7520139,7520139,A00
5ef46078-8aac-4bd3-ac24-3ae2031441e7,QHQ,7520139,7520139,A01
b447f91c-69d5-47b3-ba29-e87146acb306,QHQ,7520139,7520139,D01
82784b3f-c8d6-4991-94b2-102eb8a94edb,QHQ,7520139,7520139,D03
ff1c13b2-ce2d-4f2c-b1c5-9072475b9427,QHQ,7520139,7520139,D06
ad389224-338f-4ef2-ba91-39001c80e974,QHQ,7520139,7520139,D07
03647f2d-2ca9-4e01-8002-438fc5e33931,QHQ,7520139,7520139,D23
15454dfe-267d-4215-b7ad-9cf8e9477eba,QHQ,7520139,7520139,D24
ee4c644f-ed94-4ee0-862d-ec76b29ea2e6,QHQ,QHQ01,QHQ01,C01
2cc8a8d7-5e21-4bf7-a14b-b53e525aa6f6,QHQ,QHQ01,QHQ01,C02
5a0fa132-651b-4fb9-89bb-ee92690b6e13,QHQ,QHQ01,QHQ01,D07
6bb05675-b08c-4a05-9234-f7224a88f759,QHQ,QHQ01,QHQ01,X02
c3b7a6e2-9a35-414d-95f6-92eafb7de334,QHQ,QHQ01,QHQ01,X26
7210e75d-a948-4dad-9e64-7a1e2e0e358b,QHQ,QHQ02,QHQ02,C01
3e4390a8-f627-471e-a5b1-5fc24ae25fd7,QHQ,QHQ02,QHQ02,C02
c5b586a7-d44e-4b1b-8463-416b3a892313,QHQ,QHQ02,QHQ02,D07
b1c057c0-2d2b-4c54-9b84-27d662f8d76d,QHQ,QHQ02,QHQ02,X02
619ec126-b2c1-4486-8619-0aac1bad4fae,QHQ,QHQ02,QHQ02,X26
426ca228-85bb-415d-967f-b8f51a6b3b40,QHQ,QHQ03,QHQ03,A02
1b39bafe-da1d-4c95-83e7-ac7e1229dd63,QHQ,QHQ03,QHQ03,C01
f26f85e3-0f7c-412f-b311-cb2a5a402048,QHQ,QHQ03,QHQ03,C02
0a8e1ad4-f0ab-4c71-a2db-ad26724a0047,QHQ,QHQ03,QHQ03,D07
7f559ea9-1384-4b61-8506-d0c23dc156ec,QHQ,QHQ03,QHQ03,X02
75f96152-8dbe-435e-bb7e-c377d39914fe,QHQ,QHQ03,QHQ03,X26
9538799d-f91f-46dc-8b6f-b82fc1a41a05,QHQ,QHQ04,QHQ04,A02
0777ff17-33d9-4944-ba7a-14be040f2be1,QHQ,QHQ04,QHQ04,C01
6e87a960-ef7e-494d-b4cc-d2ed158700c9,QHQ,QHQ04,QHQ04,C02
e0c4f08b-975b-4b89-b7ee-bc9d67330e5d,QHQ,QHQ04,QHQ04,X02
9112952a-f00c-4cc4-91ef-c5047aa59d82,QHQ,QHQ04,QHQ04,X06
dde02d5c-687a-4984-94c5-50f4ccf1fbb3,QHQ,QHQ04,QHQ04,X26
2fdba614-7b82-4096-9768-5571b0897c0a,QHQ,QHQ05,QHQ05,A02
626588d6-b217-41d1-8be5-95ec17e7d222,QHQ,QHQ05,QHQ05,C01
cfd0b635-eb68-40d1-b2f3-a412ac214ce1,QHQ,QHQ05,QHQ05,C02
24c65943-f6a2-4521-8eb7-21bb06ebcc99,QHQ,QHQ05,QHQ05,X02
8d2ebd5a-2579-4fe8-a77f-8fdca1898ab4,QHQ,QHQ05,QHQ05,X26
5fea5985-e311-453e-82f7-c0b263e02310,QHQ,QHQ06,QHQ06,C01
cfafa11f-7ed9-44a8-99e1-fe1d37844a5b,QHQ,QHQ06,QHQ06,C02
8dd52764-2658-448a-876c-eaac5b2742ce,QHQ,QHQ06,QHQ06,D07
b5dc4bdc-a019-46ff-acdb-978a97958ce0,QHQ,QHQ06,QHQ06,D09
5750b1ea-74cc-4bde-b3ea-4b97d2861dc4,QHQ,QHQ06,QHQ06,X02
6f354045-ee89-4ad0-832e-fe448432baf1,QHQ,QHQ06,QHQ06,X26
d79ff133-2ab4-4009-ae4a-dd8f3b4231aa,QHQ,QHQ07,QHQ07,C01
13aa5a9e-6a9a-451a-bf43-c67699de44e0,QHQ,QHQ07,QHQ07,C02
356f6bcc-a820-4a35-9d01-2fdffc61130e,QHQ,QHQ07,QHQ07,D09
8b8afad7-8a58-48ac-9714-93dac22775ad,QHQ,QHQ07,QHQ07,X02
bb6d2d05-b613-4799-92c0-cfa2805d7f0d,QHQ,QHQ07,QHQ07,X26
a576e0c9-769f-4fa7-a6c2-70d6a72b2c01,QHQ,QHQ08,QHQ08,A02
2fefe3fc-9ca9-4e9a-a73d-d61000c8226a,QHQ,QHQ08,QHQ08,C01
f10b7a6d-4eab-417b-a120-4e6cdfdccb07,QHQ,QHQ08,QHQ08,C02
540aa0f2-c2dd-4aab-8927-620f178b33ee,QHQ,QHQ08,QHQ08,X02
86c4dcc2-b77c-4aab-8859-21cd722330b0,QHQ,QHQ08,QHQ08,X06
7fa003c1-88eb-45b7-9457-86479ae943d0,QHQ,QHQ08,QHQ08,X26
4e236fef-1109-4bf2-8efb-1dcde8bd194e,QHQ,QHQ09,QHQ09,D07
094ebe00-9639-409d-a150-1212c29b91fa,QHQ,QHQ09,QHQ09,D08
d23bada1-1304-4d7f-bf73-c8b9a5acfba1,QHQ,QHQ09,QHQ09,D09
499fe3bd-7cac-4fae-9f36-9716241b8761,QHQ,QHQ09,QHQ09,D10
519d94a2-a1b3-4294-b864-135994d3899c,QHQ,QHQ09,QHQ09,X26
71ebaaf8-9afa-49a9-b938-007ea247cd9a,QHQ,QHQ10,QHQ10,A02
d5e4e9b5-44de-4035-9552-f6cd53efde38,QHQ,QHQ10,QHQ10,C01
4a988bf2-419a-44e3-aec0-2eaaea0229cd,QHQ,QHQ10,QHQ10,C02
5b5f8d5a-6af9-45a0-be95-d00f1bc39ce6,QHQ,QHQ10,QHQ10,X02
549c8c15-2c77-47b1-aa48-6f97c8deea19,QHQ,QHQ10,QHQ10,X06
9236b963-b62c-41f9-94b2-e9573b4b334e,QHQ,QHQ10,QHQ10,X26
c51422ed-41d7-45b4-a4ac-d3b37fc99d1a,QHQ,QHQ11,QHQ11,A02
b0d340ec-f36e-44b1-8542-774229197df4,QHQ,QHQ11,QHQ11,C01
3d451ec6-1055-4435-85cb-b63d07c40e4c,QHQ,QHQ11,QHQ11,C02
e1d67904-8a4e-4779-9e98-957e0b1b7401,QHQ,QHQ11,QHQ11,X02
ea498857-3bfb-40b3-93ae-aec7dc9448e7,QHQ,QHQ11,QHQ11,X26
4c94d9d4-5a38-4c48-8e99-a74bcc329c74,QHQ,QHQ12,QHQ12,A02
5cef2800-9515-4212-a8f5-6080b8b773af,QHQ,QHQ12,QHQ12,C01
3a5097b2-f99f-41df-8118-a44892b5a88a,QHQ,QHQ12,QHQ12,C02
d916f1fa-bf4b-4b41-956e-bebd9266834c,QHQ,QHQ12,QHQ12,X02
5bf240b8-a7b6-45b1-a7af-59e4c79e8194,QHQ,QHQ12,QHQ12,X06
e6a4c7aa-4957-4701-b91a-2c19652c515d,QHQ,QHQ12,QHQ12,X26
5d218f1e-79ce-4b0d-a0aa-563ca6324abd,QHQ,QHQ13,QHQ13,A00
44b0903d-4cb1-47de-a8a9-15e10431a498,QHQ,QHQ13,QHQ13,A01
916ba596-8aa6-4d16-9ec7-2fa35a1b1934,QHQ,QHQ13,QHQ13,C01
aa07e8a1-9d1d-49ee-a0c9-723727bbf55c,QHQ,QHQ13,QHQ13,C02
d4e04540-814f-4cc6-b79e-6129ebe2d69c,QHQ,QHQ13,QHQ13,D01
8fc9ead4-cf36-4418-ae99-e0c25b727105,QHQ,QHQ13,QHQ13,D03
3bea5761-bc03-4f48-a273-ca38e07aaa02,QHQ,QHQ13,QHQ13,D07
49f87844-0343-4720-ad0b-98a978c1dfa0,QHQ,QHQ13,QHQ13,D29
231b2556-88c9-40ab-99cc-ae47e753dc97,QHQ,QHQ13,QHQ13,X02
be4e051f-4fce-4488-9a0b-2a3fdbe46830,QHQ,QHQ13,QHQ13,X26
f5a37b99-78b1-418f-b85e-02d1bde94005,QHQ,QHQ14,QHQ14,A00
d863c286-657b-4ba9-9628-1b765f3ac252,QHQ,QHQ14,QHQ14,A01
7947dd69-d5d1-435f-afee-73a6711c812d,QHQ,QHQ14,QHQ14,C01
63fe8fec-f3fc-46b2-9b1c-a26a84d3e6fa,QHQ,QHQ14,QHQ14,C02
485f29b8-e3cb-476a-ae3f-bd37628bcf25,QHQ,QHQ14,QHQ14,D01
ec9a0187-e70e-4e25-8475-ee83fb84aa30,QHQ,QHQ14,QHQ14,D03
db7f8a78-7ff4-4c06-b59d-88b7777c4eb8,QHQ,QHQ14,QHQ14,D07
0933127f-5b95-42f7-b841-4cdd066944d2,QHQ,QHQ14,QHQ14,D29
d0a27811-fb9e-4f99-a8fa-5dabf14647c3,QHQ,QHQ14,QHQ14,X02
0b0567b4-cd15-4de1-ab44-c160ba766707,QHQ,QHQ14,QHQ14,X26
a8435a3d-5e97-4efe-a734-8a5141d8fc85,BKA,BF-E12,BF-E12,A00
45f2cfb3-77c7-486e-a585-8e43e7a5581f,BKA,BF-E12,BF-E12,B00
fc1d7895-273b-4513-aa61-c8c087e6b854,BKA,BF1,BF1,A00
17fcd0f6-1356-4319-a098-9003d68be4f6,BKA,BF1,BF1,B00
83da7009-0358-42b4-96e4-e3d420c03b0a,BKA,BF2,BF2,A00
47f8c216-fac4-49ae-83b1-3c9757e2e697,BKA,BF2,BF2,B00
225b6958-f1f2-4287-b516-182347aa4445,BKA,CH-E11,CH-E11,A00
ad748d05-cbb6-4dc6-ab51-a240e539e9cd,BKA,CH-E11,CH-E11,B00
9b5cfbb9-57a5-4664-a5eb-76ebd84c2bec,BKA,CH-E11,CH-E11,D07
ef2fbf6b-b4b0-498e-b372-aed14d0b6c3d,BKA,CH1,CH1,A00
3538485f-667b-4f72-9322-abec3775f671,BKA,CH1,CH1,B00
83915223-fe4c-4407-a563-2ebde114d2b5,BKA,CH1,CH1,D07
28672dbf-20d4-42b2-b616-4068a977cd17,BKA,CH2,CH2,A00
1fa652c6-d7ac-4040-aa23-5a389a2903a1,BKA,CH2,CH2,B00
7cd5ba03-6c92-4bed-a105-80ec155c25c1,BKA,CH2,CH2,D07
14d69637-fc54-4295-86e2-a69d2651f4a6,BKA,CH3,CH3,A00
2564d37a-4e26-47b8-b30d-31cebdd33533,BKA,CH3,CH3,B00
17e96bfd-cea5-4665-9f6c-5a362ca3c889,BKA,CH3,CH3,D07
cdf0e02b-3149-4d6d-b3a2-08ca84233fc4,BKA,ED2,ED2,A00
db11e8d4-0e73-44d5-ac74-95b07ee2b729,BKA,ED2,ED2,A01
d97afd91-fe0e-4a06-869a-125f55d29a09,BKA,ED2,ED2,D01
516d9df2-adb6-4006-a6f5-d42be2d2ca90,BKA,EE-E18,EE-E18,A00
dce41a11-8c78-4fb7-90d7-875589674a5b,BKA,EE-E18,EE-E18,A01
901e00a2-1934-4606-ba8e-a46d96c43bb4,BKA,EE-E8,EE-E8,A00
af970861-bb75-44b5-8abc-feac85e2a900,BKA,EE-E8,EE-E8,A01
9bf0c42a-a057-4bf8-802d-c1d1167adcbf,BKA,EE-EP,EE-EP,A00
447e5699-a099-4c07-b7e5-e25ec7be94f1,BKA,EE-EP,EE-EP,A01
2480d5a0-6ece-424f-a6e2-4e51ff41466f,BKA,EE-EP,EE-EP,D29
f09a286c-9961-441f-9661-c7a9cac66375,BKA,EE1,EE1,A00
dafcbdf6-7907-4633-b0d3-f725ecdb8c41,BKA,EE1,EE1,A01
0c90bf63-a060-4985-8fae-5cc6fd6ca26a,BKA,EE2,EE2,A00
a248a5ca-cd9e-4305-a12e-399c79bb0bc5,BKA,EE2,EE2,A01
535d9ae4-a68d-4933-bc50-1b69c67ccdf3,BKA,EM-E13,EM-E13,A01
2bf79e09-9053-48b2-b0af-8f7cc88092b3,BKA,EM-E13,EM-E13,D01
d3988207-0dbf-4258-ae95-05d74dfd4940,BKA,EM-E13,EM-E13,D07
b21342ec-0773-4bc6-8431-fc8a9fe835f3,BKA,EM-E14,EM-E14,A01
f8b3499b-78ad-4b35-b13c-bf3591132d2a,BKA,EM-E14,EM-E14,D01
c96000e7-df3b-44a1-9613-1456d782cb8a,BKA,EM-E14,EM-E14,D07
20c40748-2436-406b-8247-812f7134bd2e,BKA,EM1,EM1,A00
396a44db-c436-4479-9f3d-e9cd327d18c2,BKA,EM1,EM1,A01
7b2555eb-afe0-485d-9570-35f3f5fec711,BKA,EM1,EM1,D01
ba878197-1b63-4f78-b5be-11012f5b7f8b,BKA,EM2,EM2,A00
64b8f19c-e81c-4c2b-bb62-3eb2fd0f0fd3,BKA,EM2,EM2,A01
653f36ff-aaf9-4544-b62b-bfcf40fa057c,BKA,EM2,EM2,D01
f2ad477b-203e-4b6b-aa38-369c12b65639,BKA,EM3,EM3,A00
bffa1f7b-cec6-4cab-9ee5-775ed1f70e8c,BKA,EM3,EM3,A01
4ff4eaeb-32a0-42d8-85ee-1400b5a3b170,BKA,EM3,EM3,D01
4ca702fa-8eb8-4a9b-97f1-c79fd95da0ca,BKA,EM4,EM4,A00
4038688a-5566-44ba-9a19-4c098806fedf,BKA,EM4,EM4,A01
c8f6192b-f023-417d-9f4a-bcc15b6cd10e,BKA,EM4,EM4,D01
896a7b00-9530-461d-abe0-f21479ab2d95,BKA,EM5,EM5,A00
5fae07ed-7349-475b-a084-3ed5aa312a57,BKA,EM5,EM5,A01
7cff7a78-89e2-4c07-a69d-a08bf16af160,BKA,EM5,EM5,D01
32348004-6c20-42fb-81fb-3d1a37d3b847,BKA,ET-E16,ET-E16,A00
cad3867a-09f6-4331-8135-001210a26d1a,BKA,ET-E16,ET-E16,A01
9bd9d97c-a197-4788-9a66-0d51d607f032,BKA,ET-E4,ET-E4,A00
01c748ab-97fa-4900-8f53-9275ee37ef5c,BKA,ET-E4,ET-E4,A01
070baa02-3dd6-4686-a986-d3cf451ef3da,BKA,ET-E5,ET-E5,A00
33ece84f-ad3d-4c60-aa40-398670704323,BKA,ET-E5,ET-E5,A01
1cc026b5-259f-4238-af6c-cb8629799088,BKA,ET-E9,ET-E9,A00
b9c4f3c0-7a58-498d-894d-eea2b83e907a,BKA,ET-E9,ET-E9,A01
edd15a4a-1fd9-4df7-8f47-d4ae7bfa98fd,BKA,ET-E9,ET-E9,D28
2df09f05-4902-4876-8fd4-9c1708ed0943,BKA,ET-LUH,ET-LUH,A00
65684284-0687-43a9-8b9a-e221d086c5ca,BKA,ET-LUH,ET-LUH,A01
0ef29544-7279-49ef-9dac-c5613734729d,BKA,ET-LUH,ET-LUH,D26
a6d05be7-c8ee-4a6c-a047-9cd82386c1c4,BKA,ET1,ET1,A00
918da52b-8968-44b6-a453-8c75eb2cfd90,BKA,ET1,ET1,A01
5efe7a3b-9ab6-4c6d-a759-7c12d63d3c8b,BKA,EV1,EV1,A00
84b1e7fa-1384-4401-b798-23bab776dab4,BKA,EV1,EV1,B00
2b4a23bd-9436-4908-85d7-dfc55084e333,BKA,EV1,EV1,D07
cc2552c1-354a-4bcd-abcb-fb2ba6dc9134,BKA,EV2,EV2,A00
ae368b92-b1fe-4ff0-8520-057a67cc909b,BKA,EV2,EV2,B00
ab4fc494-e0f9-48a0-9c9e-e67342190d41,BKA,EV2,EV2,D07
68eb6997-9420-46bc-ac3d-1522ccfc52bd,BKA,FL1,FL1,D01
5e3e1773-ae4a-4129-9085-69292fbe06ca,BKA,FL2,FL2,D01
99a2c897-f390-42cf-89ac-e0646dd3f54b,BKA,HE1,HE1,A00
2a4cb938-d8a5-4581-b0a6-3186bd901c1e,BKA,HE1,HE1,A01
72d8afa9-b51b-415c-b1b5-91f660a9aac6,BKA,IT-E10,IT-E10,A00
00cedced-c2dc-4891-a07d-97b9a345546a,BKA,IT-E10,IT-E10,A01
50d60c3a-9573-45b5-9d2a-074a9356a075,BKA,IT-E15,IT-E15,A00
c226c688-90c0-4d76-a9fc-f1de61f7e7d4,BKA,IT-E15,IT-E15,A01
ad006e45-33f0-4642-a8d7-b2934b7f6a00,BKA,IT-E6,IT-E6,A00
7ae4b0bc-1c44-4c1f-b755-ba7a3454c276,BKA,IT-E6,IT-E6,A01
91c2af93-fb42-4a35-b9cf-232737a4cdcb,BKA,IT-E6,IT-E6,D28
4879123c-96d4-47f8-b129-e518d5e0f1ed,BKA,IT-E7,IT-E7,A00
0811ccfb-04cd-4d87-95d2-b680f5b1e4ab,BKA,IT-E7,IT-E7,A01
d9a6c5f1-bf5f-40f4-9687-9d3e3dca75e1,BKA,IT-EP,IT-EP,A00
aec1ff82-7a17-4a16-b0cb-c016a27c0892,BKA,IT-EP,IT-EP,A01
c2cb9ffb-9287-40eb-85f8-224f3b796fc5,BKA,IT-EP,IT-EP,D29
25b56954-00a8-4652-85d0-609665a9b3ff,BKA,IT1,IT1,A00
e2ae2440-e1f2-4570-9bdf-219d76a89ceb,BKA,IT1,IT1,A01
766e06d8-9895-4f91-aa58-2a31325ba085,BKA,IT2,IT2,A00
d7527621-793a-4a7d-bdf8-78efe1c742cd,BKA,IT2,IT2,A01
0df592ce-d16e-42cc-9309-7715977729e8,BKA,ME-E1,ME-E1,A00
b3cd1018-f87a-4d48-9c6c-8a40d262ee7f,BKA,ME-E1,ME-E1,A01
5f2a49d9-e24b-4d82-8748-7edc9fabc63c,BKA,ME-GU,ME-GU,A00
5637a048-34fd-4349-8237-0e63664df156,BKA,ME-GU,ME-GU,A01
d74543e7-c3cd-4313-adad-aa61c6b61a3e,BKA,ME-LUH,ME-LUH,A00
114720c5-dc6e-4f8f-a756-784cea688679,BKA,ME-LUH,ME-LUH,A01
570588d8-33ab-4b07-9c6d-1fbc02f1df1e,BKA,ME-LUH,ME-LUH,D26
4aaf5dbf-f4b2-4436-8f76-abb69e412361,BKA,ME-NUT,ME-NUT,A00
01e1538c-d64d-48b2-84ec-4956089fc440,BKA,ME-NUT,ME-NUT,A01
8bd68f5b-c1e7-4ade-a091-5a9e60c7b081,BKA,ME-NUT,ME-NUT,D28
007533f7-17bb-4569-80c5-333651ebd95d,BKA,ME1,ME1,A00
6d0ce236-aa8c-4192-9e56-591c3264f8d6,BKA,ME1,ME1,A01
1e2e481f-540d-45e8-9699-9ab372a3a6a6,BKA,ME2,ME2,A00
61da3430-a535-4962-82b4-1fd7ace0932c,BKA,ME2,ME2,A01
36e8388d-7c22-4122-912f-8ac77553107e,BKA,MI1,MI1,A00
f10810d8-8a99-41ca-869c-f8738094caa6,BKA,MI1,MI1,A01
9635582d-6782-452e-9d5a-ff251dfd6c5d,BKA,MI2,MI2,A00
4a8081c0-81cb-43df-812f-2f4f388f091a,BKA,MI2,MI2,A01
bccaf519-8dc9-4628-ad47-d49d0cc84cdd,BKA,MS-E3,MS-E3,A00
b4ccdaa9-1015-4229-bc87-a8947dc308d3,BKA,MS-E3,MS-E3,A01
c93a9794-f6ca-4996-bf95-1d3c65f8a0f3,BKA,MS1,MS1,A00
d17e6ca8-b9ed-421c-95e7-6af2162293f1,BKA,MS1,MS1,A01
f2577728-5e30-4183-8363-bdfb524daa0f,BKA,MS1,MS1,D07
78b5bf0e-dbc2-482e-8483-c7fd72726cc4,BKA,PH1,PH1,A00
fff333c2-f5f1-4cb7-9dcb-f0bd8f64f268,BKA,PH1,PH1,A01
8966a503-820e-4901-a526-78684cec674f,BKA,PH1,PH1,A02
c3772164-d257-429f-9ee0-fc0f42de1bf2,BKA,PH2,PH2,A00
6e8a2fb1-57a0-46bd-bea2-a03c59604fea,BKA,PH2,PH2,A01
111bbafc-0ae7-4d7f-8e93-02e2ffcc3587,BKA,PH2,PH2,A02
4d824220-1420-470e-bd28-0f8b9db1c579,BKA,PH3,PH3,A00
2f0fc5a9-a933-4bd7-854f-c04f05870910,BKA,PH3,PH3,A01
cc006821-7070-4d2c-bfd3-cc981fa5dffc,BKA,PH3,PH3,A02
150fdf14-76ad-4ba1-89f4-9ba6d619331e,BKA,TE-E2,TE-E2,A00
e11871d0-994b-4a99-9cd0-7c2605f937a3,BKA,TE-E2,TE-E2,A01
b8850c60-b3db-4605-b8ba-be31c2aa343e,BKA,TE-EP,TE-EP,A00
c294547c-2b19-4d0c-b449-3eb2b00d79ad,BKA,TE-EP,TE-EP,A01
9b3efdfe-f568-4c55-b302-f2d63356263f,BKA,TE-EP,TE-EP,D29
46d29822-22d8-4725-8d39-b4144f201f97,BKA,TE1,TE1,A00
bab0b71e-3a8d-4eb8-ba29-2fb0f88d68af,BKA,TE1,TE1,A01
ebf1e74b-ee03-43a5-9ea2-cf3fb7084ac9,BKA,TE2,TE2,A00
db29f4b6-351f-40da-8b45-421a1025aa40,BKA,TE2,TE2,A01
a8ff5d46-5fdc-4a31-b2c5-8547acfdf395,BKA,TE3,TE3,A00
c910c1f5-5977-401b-8b51-6ca97b08de29,BKA,TE3,TE3,A01
5d7a1e02-c2bc-4cbb-92db-21d3eba0878c,BKA,TROY-BA,TROY-BA,A00
ab7264bc-eeae-412f-8467-33269d321f3e,BKA,TROY-BA,TROY-BA,A01
bfaf9b38-c16a-4b79-bd10-00ca9d11ca9d,BKA,TROY-BA,TROY-BA,D01
d4816b25-1822-41ce-9b83-efc370fff583,BKA,TROY-IT,TROY-IT,A00
60e8eff6-de01-4373-bc86-626cb137dcae,BKA,TROY-IT,TROY-IT,A01
98d04432-daa2-4dac-b391-7c84a121043b,BKA,TROY-IT,TROY-IT,D01
f7603039-599f-4d83-a386-85a0f4d9ee15,BKA,TX1,TX1,A00
161b01da-3872-48f4-9dd0-06b9939f4f7e,BKA,TX1,TX1,A01
d3cd5430-6866-41c4-b566-5094d429a127,BKA,BF-E12y,BF-E12y,A00
3525444b-332b-43cf-853e-68ca8b727d95,BKA,BF-E12y,BF-E12y,B00
dacdf9af-576e-49d6-bdd5-7af79fbb146f,BKA,BF-E12y,BF-E12y,D07
e1d5c7bb-36bc-4d8f-bcc6-5f43a0b4038b,BKA,BF1y,BF1y,A00
01d16e3d-857d-443a-b631-9f2b6a1b8646,BKA,BF1y,BF1y,B00
a99aa879-45c5-46e4-b63d-5cadc80f9150,BKA,BF1y,BF1y,D07
f6bee53f-4324-4506-bd44-faaf4e266a2e,BKA,BF2y,BF2y,A00
bf0c20e9-e76e-446e-a011-07060b4c0d45,BKA,BF2y,BF2y,B00
ed251c40-0483-4e38-8ff2-19e854888e0c,BKA,BF2y,BF2y,D07
759b99b0-08a3-44a2-ab6a-07eac577fcc1,BKA,CH-E11y,CH-E11y,A00
7263a98a-d4cc-4535-ae4d-f08cffdf1542,BKA,CH-E11y,CH-E11y,B00
9e25a52b-4305-409f-921f-470c929b3026,BKA,CH-E11y,CH-E11y,D07
d36fd5d9-607d-4a9b-a757-c74ed7231fdb,BKA,CH1Y,CH1Y,A00
7657ed79-6723-40af-8a80-b6f72864ffca,BKA,CH1Y,CH1Y,B00
60b89dcc-89f2-41d9-a5c0-f405de4ece0b,BKA,CH1Y,CH1Y,D07
d0eba4b1-d324-4938-ac6e-102fd931134a,BKA,CH2y,CH2y,A00
fba8a481-a39b-4619-8277-dbdeda056e46,BKA,CH2y,CH2y,B00
a0ee5bac-4bd6-469f-9ab3-ee426e099e63,BKA,CH2y,CH2y,D07
f482c2d0-7921-463b-b2f4-f13f29b8a320,BKA,CH3y,CH3y,A00
09d29eaa-a308-4c20-b280-33003c09859a,BKA,CH3y,CH3y,B00
fb5d5295-2254-48e1-a2fe-d7dc8c5b5261,BKA,CH3y,CH3y,D07
36f19158-2a86-4912-a247-9348b2f5dc99,BKA,ED2y,ED2y,A00
8e28e566-bcb3-4e87-a373-5f45a2e42a88,BKA,ED2y,ED2y,A01
753aff07-4755-48cd-816a-ae630d19f3bf,BKA,ED2y,ED2y,D01
321c1a22-6325-4f94-af2d-95bc9bcb284b,BKA,EE-E18y,EE-E18y,A00
30676f94-ea51-42f7-8a1e-949f5ede9fb6,BKA,EE-E18y,EE-E18y,A01
0017417e-98de-4d85-a70c-3ad8131e859b,BKA,EE-E8y,EE-E8y,A00
e02899e4-91ae-4cad-9205-e456752ac814,BKA,EE-E8y,EE-E8y,A01
973ff563-8bd0-4bbd-9133-037c9a4a407a,BKA,EE-Epy,EE-Epy,A00
eda3f0cf-afca-4211-bd2b-1c05f4a0eaa3,BKA,EE-Epy,EE-Epy,A01
d37ad21e-e26b-4723-8f08-67373f5ca61f,BKA,EE-Epy,EE-Epy,D29
61dc435a-db94-4fbb-9c07-af07009e8d57,BKA,EE1y,EE1y,A00
4c11cc72-a9b3-41e9-9325-4d25b511e454,BKA,EE1y,EE1y,A01
b3b28ec2-055e-482e-ac66-3af61041f642,BKA,EE2y,EE2y,A00
3d689c54-d0a5-4887-859f-6c05da13c878,BKA,EE2y,EE2y,A01
b50922dd-e115-472a-b508-10900bf803d3,BKA,EM-E13y,EM-E13y,A01
35da2627-d3f6-42d0-a0e5-ebc991b801a6,BKA,EM-E13y,EM-E13y,D01
512a2ed0-a4c9-4650-9af7-85b939584e21,BKA,EM-E13y,EM-E13y,D07
1c824f97-4295-4bc4-8df2-d35454d81f1d,BKA,EM-E14y,EM-E14y,A01
64295579-5900-4d87-aad1-c5ca6372c15e,BKA,EM-E14y,EM-E14y,D01
08a7933a-8db4-4ef0-be18-6eaf5bace99d,BKA,EM-E14y,EM-E14y,D07
100eb7de-837e-4e12-9825-5d6c3175f7bd,BKA,EM1y,EM1y,A00
5b0db10a-9f47-4336-89ab-8afec6ec6c40,BKA,EM1y,EM1y,A01
441c3c0b-4f6f-42a3-8b3a-c07c986cf4e8,BKA,EM1y,EM1y,D01
b1512a7b-d394-45d9-9c62-7986a91b142d,BKA,EM2y,EM2y,A00
a41b0fe0-89f7-4994-bf2c-5bdc5799caa0,BKA,EM2y,EM2y,A01
4cb10588-fa64-4867-87f8-c2b29cbb27b6,BKA,EM2y,EM2y,D01
3ff04f66-ab02-4aca-8fbf-5976f5481277,BKA,EM3y,EM3y,A00
a610a325-14dc-4c28-8100-62c40b0bc87d,BKA,EM3y,EM3y,A01
9d20a938-40be-430d-afe3-a31bf827aec2,BKA,EM3y,EM3y,D01
0a1b8de1-b147-491b-813a-fde4a1541f76,BKA,EM4y,EM4y,A00
a938fa66-016c-40a6-81bc-714e0014c044,BKA,EM4y,EM4y,A01
f20bd728-c0a7-422d-8d2b-260ef3285c2a,BKA,EM4y,EM4y,D01
e66d226c-3438-4e05-8a73-f25c44dbc4b9,BKA,EM5y,EM5y,A00
aef2f351-9973-4cb1-b216-200cf7c1dc17,BKA,EM5y,EM5y,A01
29388db1-2b32-412e-85f7-201ffe16d8b4,BKA,EM5y,EM5y,D01
ea5a3d8a-9fc1-41f5-bcf2-ee73162443a0,BKA,ET-E16y,ET-E16y,A00
c3e60a3f-63ca-47e2-87a1-8a95351f29b0,BKA,ET-E16y,ET-E16y,A01
6e852b44-b263-4fc6-90ee-bcd6c34c85c0,BKA,ET-E4y,ET-E4y,A00
d2382484-d7cb-4021-be68-13103f6dc24b,BKA,ET-E4y,ET-E4y,A01
96b4f835-878a-4b3b-8c42-367a5dac32c2,BKA,ET-E5y,ET-E5y,A00
748dcb91-27d0-4914-9547-5db1ed304199,BKA,ET-E5y,ET-E5y,A01
a57dd4d3-fd79-4c1b-ad0c-9f8838c97dec,BKA,ET-E9y,ET-E9y,A00
e8616f15-0fd8-49a6-9b6a-6499aa05442a,BKA,ET-E9y,ET-E9y,A01
d65ec80f-5363-4997-9768-c6d1d3648c53,BKA,ET-E9y,ET-E9y,D28
ec5a132c-d993-4e11-aec9-d09c7501ebee,BKA,ET-LUHY,ET-LUHY,A00
32b4dcd8-15d8-43f9-acf5-df1ed5985bd8,BKA,ET-LUHY,ET-LUHY,A01
0a7f055a-719c-4af1-8d5f-bf2199870cd6,BKA,ET-LUHY,ET-LUHY,D26
896718d2-b332-4fe4-8718-db89a4f54b98,BKA,ET1y,ET1y,A00
8a665587-1e1d-42e3-b2d9-4485d80fea4e,BKA,ET1y,ET1y,A01
d6f833d0-9d47-42a3-9fcc-9f8d2c5e0866,BKA,ET2y,ET2y,A00
f832c284-27ad-4912-8f6d-2db29ac68b25,BKA,ET2y,ET2y,A01
59f600bf-c2e3-4dc2-b88b-4d1da7eb0c3d,BKA,EV1y,EV1y,A00
d4177855-3b5b-4d89-850e-f7808e138457,BKA,EV1y,EV1y,B00
25d01fb6-d08a-47bf-9aed-80575ff6108d,BKA,EV1y,EV1y,D07
471226d7-c37f-4c29-bf2b-f15b5794f888,BKA,EV2y,EV2y,A00
25ff94a2-b49e-4774-bb45-4d1d948301fa,BKA,EV2y,EV2y,B00
9d6e34cf-e104-4448-abfa-ce54dbb7da43,BKA,EV2y,EV2y,D07
87ce6fbe-ffe1-479b-a75f-6980f9be6109,BKA,FL1y,FL1y,D01
66574613-a261-41f3-836b-204277de0bb1,BKA,FL2y,FL2y,D01
2b204bf1-e5b1-42b5-bb3a-2e35f660e1b5,BKA,HE1y,HE1y,A00
d18a1823-b24b-4ea5-ba30-68c4806d268e,BKA,HE1y,HE1y,A01
8cd2577a-f098-4cee-b052-768440d92fb1,BKA,IT-E6y,IT-E6y,A00
b28e885f-6a12-485a-afd6-c27d4ba5085c,BKA,IT-E6y,IT-E6y,A01
bfdabfa9-7ace-484f-9532-35c455c6b64d,BKA,IT2y,IT2y,A00
8efe30e5-328f-47e6-ab0b-3b96564d5421,BKA,IT2y,IT2y,A01
d02b7a20-892d-4759-af25-1880f2bd11a3,BKA,ME-E1y,ME-E1y,A00
c43066b6-26d3-4cbc-ba60-28b7ecbe6549,BKA,ME-E1y,ME-E1y,A01
2441ea8a-9f86-4644-aa39-fe06bcc15fce,BKA,ME-Guy,ME-Guy,A00
e8d8a041-fbb4-443e-b611-3d8894b441ec,BKA,ME-Guy,ME-Guy,A01
e389a139-b10d-4d66-9530-ce41352507ef,BKA,ME-LUHy,ME-LUHy,A00
e2c4e905-8a37-4a88-aff4-d5852e41f5d8,BKA,ME-LUHy,ME-LUHy,A01
0c19f224-36ec-4e81-9033-b758a84e4d35,BKA,ME-LUHy,ME-LUHy,D26
409c2bb4-2a71-4ca2-a527-843a3a926e89,BKA,ME-NUTy,ME-NUTy,A00
38105eed-ef60-41c4-9e8b-98a54863fcb0,BKA,ME-NUTy,ME-NUTy,A01
28b5ee91-3003-45cd-a771-c0f9c12e9cd9,BKA,ME-NUTy,ME-NUTy,D28
a6544584-419b-471a-976a-94005b0c7aea,BKA,ME1y,ME1y,A00
dcc30d46-cfda-48d2-8529-4f010fa7fef7,BKA,ME1y,ME1y,A01
dbe53054-934e-41cb-81da-a0f3921b1d05,BKA,ME2y,ME2y,A00
f0eeaeb9-b71d-480b-9668-5e3fb9fe09c0,BKA,ME2y,ME2y,A01
0c26d95c-796e-4cc8-86af-a4e4153ebebc,BKA,MI1y,MI1y,A00
cda3fc32-5247-43b0-98ef-1db5ed179ba8,BKA,MI1y,MI1y,A01
2ca52656-2c71-42dc-a984-12fd485bc592,BKA,MI2y,MI2y,A00
17b25e6d-498f-40f9-b0a4-95a535d613d7,BKA,MI2y,MI2y,A01
d4fbb119-600e-4cbc-a914-5bc6da0e7972,BKA,MS-E3y,MS-E3y,A00
15424797-17b6-454d-8b26-f55ff399f69c,BKA,MS-E3y,MS-E3y,A01
886a13bf-749d-4e65-a2e9-7a5b26d3a799,BKA,MS1y,MS1y,A00
cd1a9588-a7cc-4d10-ad1d-935abe911551,BKA,MS1y,MS1y,A01
e7c96aa4-2410-4110-9022-05372fc08d5c,BKA,MS1y,MS1y,D07
dd68327f-23ee-4c7a-baf9-56b2ced5e42c,BKA,PH1y,PH1y,A00
0f3040bc-5f1a-4dba-a523-1fdd18e6dc81,BKA,PH1y,PH1y,A01
cb338673-9a75-444e-8541-93a93652958e,BKA,PH2y,PH2y,A00
ae072fe8-7fb1-4c97-a8e8-767a44483271,BKA,PH2y,PH2y,A01
c87ee8fb-e942-4f36-8b8d-1b64d22dfdad,BKA,PH2y,PH2y,A02
978a08c8-9b30-463e-9122-c569b65ff668,BKA,PH3y,PH3y,A00
c889a3d2-3673-4035-ae30-f09141fd4a00,BKA,PH3y,PH3y,A01
8b1a2b3b-645c-4538-b3aa-1417c08636e0,BKA,PH3y,PH3y,A02
54e00c3d-da31-48af-89e8-b86e28a8a5c4,BKA,TE-E2y,TE-E2y,A00
de3951a1-ce11-41e5-bf63-61c941c4665e,BKA,TE-E2y,TE-E2y,A01
2f94361c-fa32-401c-b972-9bcd06f8e218,BKA,TE-Epy,TE-Epy,A00
a3348161-d4ef-4377-9f35-6caa45da3b83,BKA,TE-Epy,TE-Epy,A01
f982682a-9e0c-4764-abb9-19ad049f1e48,BKA,TE-Epy,TE-Epy,D29
3f174485-17b3-46e5-a7ed-2f1e5baa1ec4,BKA,TE1y,TE1y,A00
396f5c32-fa2e-4907-8fb8-85c956313d17,BKA,TE1y,TE1y,A01
a670b96c-7ab1-47ce-8823-1f9a12401aad,BKA,TE2y,TE2y,A00
13897988-c73e-4148-915d-66ff0b406b61,BKA,TE2y,TE2y,A01
10aa057f-5c08-4374-b97c-68747b81fe78,BKA,TE3y,TE3y,A00
e7c0e385-6370-4bb6-84bd-10192441c25b,BKA,TE3y,TE3y,A01
9bcff6e8-7c47-4e30-b62f-83c1139c7133,BKA,TROY-Bay,TROY-Bay,A00
b8d94046-83d7-4160-b380-ac1b30537c33,BKA,TROY-Bay,TROY-Bay,A01
64ca0c89-9fcb-4ac1-8381-2c5e2e1a4a72,BKA,TROY-Bay,TROY-Bay,D01
b63cd7a6-ea7a-44f9-b308-96f0596b1ffb,BKA,TROY-ITy,TROY-ITy,A00
ae5bb2e0-76fb-46d4-b115-f4bb27b2b71c,BKA,TROY-ITy,TROY-ITy,A01
c1e0e15a-a6c0-43b7-b115-fac22a3f894c,BKA,TROY-ITy,TROY-ITy,D01
d07a4a80-5f7b-48b5-b2eb-88a271348de3,BKA,TX1y,TX1y,A00
af38f19c-7716-4e78-87c6-8668afdcc280,BKA,TX1y,TX1y,A01
5d377bd2-a1cd-4545-9cf7-90b18a2a1ddd,BKA,BF-E12,BF-E12,D07
b85eeca9-a65a-4e12-b303-f5b5cbfc5edd,BKA,BF-E19,BF-E19,A00
a7f1354c-9aae-4907-b112-474966664d39,BKA,BF-E19,BF-E19,B00
022ceced-f1bb-4389-ae66-ece5e879bee8,BKA,BF-E19,BF-E19,D07
575a0662-d9f9-4cc4-981c-a01a22b517b6,BKA,BF1,BF1,D07
f71366e0-ad8e-4b93-9fce-96a18849b28a,BKA,BF2,BF2,D07
4a01bee1-6694-4519-9b2d-f4bb46059333,BKA,CH3,CH3,A01
de9ef2c4-a4ca-4ef2-b230-801cf69efc96,BKA,ET2,ET2,A00
7f0c320a-295a-45f7-9bb8-9044debeb925,BKA,ET2,ET2,A01
99b86416-cff9-45f0-8c2f-b8f28d17c885,BKA,ET2,ET2,B00
32bea3b1-2cf9-4acc-bd46-af58366ea59f,BKA,MS-E3,MS-E3,D07
f93ae2b1-258a-40c5-bb9c-fa890abf6819,BKA,MS2,MS2,A00
067d869b-847b-4c11-b5a9-3ee3ee6e5dec,BKA,MS2,MS2,A01
a8c80c79-0cc1-4e6d-9e31-fb0822e311a2,BKA,MS2,MS2,D07
cbc460d9-9387-4596-84a9-f19c1104cc74,BKA,MS3,MS3,A00
ccc8ca0b-0a75-4ac9-b063-d8966054ca85,BKA,MS3,MS3,A01
ac35fb34-d4f9-413c-9844-b7a9da49d913,BKA,MS3,MS3,D07
b2841d8a-8e1e-42e8-a439-65b2f4ae9817,BKA,TX1,TX1,D07
15f252c5-6c26-42a5-a252-6ad84fa1f603,BKA,CH-E11,CH-E11,A01
c9b028f5-68b6-41b8-86a8-35202a7208f5,BKA,ED3,ED3,A00
21b5c939-77bc-4485-8758-2072779513d7,BKA,ED3,ED3,A01
3d8c0790-0594-4dd6-b85e-5f74185c7eef,BKA,ED3,ED3,D01
0142395f-d5ea-4db8-a7bd-5b84e694846e,BKA,MS5,MS5,A00
ce2744b3-9e45-46f3-b37e-6de32d386bc6,BKA,MS5,MS5,A01
72250d7f-e732-4fff-8dfa-3267f63ecd19,BKA,MS5,MS5,D07
8559e036-4c4d-422c-bfa8-bad42d2a5ae0,BKA,BF-E12,BF-E12,B03
40f733f8-177b-4376-b4dc-2472125a8352,BKA,BF-E12,BF-E12,C01
8ae924b2-725d-41a1-bf43-404da533ccb6,BKA,BF-E12,BF-E12,C02
73314f5b-334c-4820-9923-451b81b47c25,BKA,BF-E12,BF-E12,X02
ccde5ff9-002f-4050-82e6-24d7dcfe9c26,BKA,BF-E19,BF-E19,B03
408f1771-9872-4043-b8c1-04094854d7b3,BKA,BF-E19,BF-E19,C01
e92159c3-a01d-4925-bbd3-b10f0dd7d1b7,BKA,BF-E19,BF-E19,C02
76156540-a31c-4ea0-8851-81226f8c378a,BKA,BF-E19,BF-E19,X02
b8c405e3-e459-4491-a397-bbb954604283,BKA,BF1,BF1,B03
476e0e8e-382f-43a7-afe8-adfc8a371dfe,BKA,BF1,BF1,C01
76429d77-e74d-43ae-9c1f-d7d41f144f53,BKA,BF1,BF1,C02
03484003-df78-4f9a-a42b-54b86c666b4b,BKA,BF1,BF1,X02
3cd5d463-f513-4437-98f9-e2147813f3ed,BKA,BF2,BF2,B03
e862acc3-2cdf-45e1-9c57-dbbd422971ef,BKA,BF2,BF2,C01
f1d1cd7b-feb9-467d-9fd0-970328d95497,BKA,BF2,BF2,C02
2f0b559f-7384-46e9-8502-c31102a46fa3,BKA,BF2,BF2,X02
feac6d07-f1ed-4740-9089-01898c1cc225,BKA,CH-E11,CH-E11,B03
9029c14d-439d-4ab6-ab50-2b60b8b53ddf,BKA,CH-E11,CH-E11,C01
1dc60dcf-9755-4e3f-bd9a-acbb00c54792,BKA,CH-E11,CH-E11,C02
c6dc5079-e0f3-4497-b7df-018ef9b397b8,BKA,CH-E11,CH-E11,X02
3fb8661b-212b-49d7-acb1-a0dd8e0de15c,BKA,CH1,CH1,B03
807fc19b-7606-4337-a59b-550b63e4a8bd,BKA,CH1,CH1,C01
dd20da4d-de02-42c1-a73f-2b7d8f2db37d,BKA,CH1,CH1,C02
11f850d7-ed38-4654-9472-548ca617f3bc,BKA,CH1,CH1,X02
4e9a5369-723f-47e2-802c-00b68050b3e1,BKA,CH2,CH2,B03
9f41c857-95e6-4b30-b583-7319557718ca,BKA,CH2,CH2,C01
91e24d39-5af9-45a6-99e1-1464f7adb2ea,BKA,CH2,CH2,C02
df5d96fc-9e6f-45d5-a4d5-1bbd414684b1,BKA,CH2,CH2,X02
5c59c8d3-6ed0-4a15-8ed6-2514b928850f,BKA,ED2,ED2,B03
fb59f550-0753-44e3-b49c-653fc1c68177,BKA,ED2,ED2,C01
5129b5a4-b13b-4ba6-944b-f0bed54ff036,BKA,ED2,ED2,C02
88c020fb-9f2f-4d9c-835a-152624c357d4,BKA,ED2,ED2,X02
bfdb50e1-fcfb-46a9-9b8a-6ae0e2fd1118,BKA,ED3,ED3,B03
e60db15b-8888-41ab-8fbd-0e6ab6ca44cb,BKA,ED3,ED3,C01
fb363116-25f0-4a0e-96e2-d1f35d51c50b,BKA,ED3,ED3,C02
a76cd09d-cae8-49db-87c0-5671a51c4d08,BKA,ED3,ED3,X02
7d3a4315-8a89-4acf-b9a5-8e1e373a1206,BKA,EE-E18,EE-E18,B03
7421bf5b-9a63-4a3e-93ed-d39401bd5c5c,BKA,EE-E18,EE-E18,C01
cb27cdb0-82b3-4e58-99f5-637b036f968b,BKA,EE-E18,EE-E18,C02
0222d4aa-e9b7-4701-b908-d8433e1fd36a,BKA,EE-E18,EE-E18,X02
3ae200bb-7aa4-4190-b316-b116adcb9beb,BKA,EE-E8,EE-E8,B03
5b29228e-85d4-4f2c-b9f6-869ae8712f39,BKA,EE-E8,EE-E8,C01
207e4839-f405-4bf3-bfea-dbb53b622166,BKA,EE-E8,EE-E8,C02
4e0911e7-87c3-49b9-9e7d-043cbae34ed6,BKA,EE-E8,EE-E8,X02
4e58a2dc-3a43-4542-9ffd-c2c94b62ffd3,BKA,EE-EP,EE-EP,B03
1ff4276c-3322-45cb-9151-2f5b914298a1,BKA,EE-EP,EE-EP,C01
06f9e074-043c-4606-829b-387106f4726c,BKA,EE-EP,EE-EP,C02
a0e64b5e-79a4-4d70-be1a-05ac46db59a8,BKA,EE-EP,EE-EP,X02
75035cd4-bcd2-459a-8ccc-1a20ecc1953e,BKA,EE1,EE1,B03
7b2ef991-955b-4357-bac5-3188a9ffd916,BKA,EE1,EE1,C01
2045009d-8d46-41c9-8d49-813dffcd0c71,BKA,EE1,EE1,C02
991bc69c-2e40-4533-8780-5a59e3980be8,BKA,EE1,EE1,X02
dfc52094-1c2d-44d6-aa54-02ba02f7098f,BKA,EE2,EE2,B03
a92f7ad8-f5c3-4fb1-a499-b338d9a391aa,BKA,EE2,EE2,C01
c489a791-c027-4525-8480-bd64ceeeade6,BKA,EE2,EE2,C02
e69f296e-8dcc-4645-8b59-0871b67d3f2c,BKA,EE2,EE2,X02
20231e8e-7c54-49e1-84e4-16ba794377f7,BKA,EM-E13,EM-E13,B03
8533f5be-7bc5-443a-8725-23b672dc297b,BKA,EM-E13,EM-E13,C01
56f34d43-1c5d-48d7-91e0-e900b32b2c43,BKA,EM-E13,EM-E13,C02
f8286a0d-7052-41c8-ba1a-4f69f4d758a9,BKA,EM-E13,EM-E13,X02
1b67eb87-baf9-4abf-ad0f-9e3c00991d47,BKA,EM-E14,EM-E14,B03
362d6d8f-2a16-44ae-b2e9-afe0c758ecbb,BKA,EM-E14,EM-E14,C01
48eaa866-d0bc-4188-890e-885731313de8,BKA,EM-E14,EM-E14,C02
97c585d3-3659-4dee-873e-64befb00d493,BKA,EM-E14,EM-E14,X02
724136f7-c141-4f94-8aca-b71d4b2a240b,BKA,EM1,EM1,B03
b4eec050-2c47-44eb-884b-c89c553949d2,BKA,EM1,EM1,C01
b6b00783-d99e-4e6b-977d-d3ad17dbacb2,BKA,EM1,EM1,C02
29f5b86d-6417-4aef-b53a-834235d23ce1,BKA,EM1,EM1,X02
86ea4694-003b-4aee-aa2d-9cbb0742d2ad,BKA,EM2,EM2,B03
84564e8b-4a17-4d49-af7c-76ba0abfe704,BKA,EM2,EM2,C01
23d4cd6e-39e2-424a-a034-6a4f4c73d869,BKA,EM2,EM2,C02
48cc7126-4043-41bf-8cfc-09f79cb3aa93,BKA,EM2,EM2,X02
bbe2dc22-5958-4baf-b0d0-1c93dba9c868,BKA,EM3,EM3,B03
75e30fc2-8ecb-4d24-ba62-22f7b69d5f9a,BKA,EM3,EM3,C01
7ab77ccc-242f-4daf-838b-d70122ee64b7,BKA,EM3,EM3,C02
62a3d517-f1ac-4387-b360-208314dd6600,BKA,EM3,EM3,X02
4ecca745-e7b8-476a-8829-c86fb665327c,BKA,EM4,EM4,B03
7339a1fb-1995-438f-906e-804538b8f1c0,BKA,EM4,EM4,C01
4e152b7e-608a-44af-830d-bbd2b7e518c2,BKA,EM4,EM4,C02
33908d22-dba2-4b6e-b8dc-04a0bb6e4e44,BKA,EM4,EM4,X02
33c2c4eb-af3a-4a05-b0f8-2a636df704dc,BKA,EM5,EM5,B03
ade34cd5-d5c8-4443-906c-1a19d5b91584,BKA,EM5,EM5,C01
2a063e7f-755b-4f20-8da9-934382dbd3b4,BKA,EM5,EM5,C02
b4ea0376-fbe6-4252-a045-b50518c58041,BKA,EM5,EM5,X02
efd8673a-ed54-4cde-a167-502a64926dbe,BKA,ET-E16,ET-E16,B03
d72e9538-8dad-46a8-aab9-2cea80ec4acb,BKA,ET-E16,ET-E16,C01
dd438159-c329-4d3b-a060-ae344f018fe6,BKA,ET-E16,ET-E16,C02
9556fb99-1ad5-4b37-b85a-5c0565cd8515,BKA,ET-E16,ET-E16,X02
78a00cba-c8b7-4bf7-b8f3-073dba9b7f38,BKA,ET-E4,ET-E4,B03
98aedc22-843a-4cd1-96b4-76a76625428e,BKA,ET-E4,ET-E4,C01
a2eef10c-6e24-4c8f-bf5b-956e21392086,BKA,ET-E4,ET-E4,C02
9b17addb-3697-48ea-a580-1438d977affd,BKA,ET-E4,ET-E4,X02
d11fe37c-2dd9-4c28-8837-4b78224bc190,BKA,ET-E5,ET-E5,B03
4df63668-e746-494e-8266-4d264b1d3e8d,BKA,ET-E5,ET-E5,C01
0f2880f4-960a-4a62-9988-3da0cf0256b6,BKA,ET-E5,ET-E5,C02
24844545-9595-415a-8458-5ab28e867d2c,BKA,ET-E5,ET-E5,X02
3d738a42-adfa-4bac-9756-7519cda37374,BKA,ET-E9,ET-E9,B03
52881199-4ea1-40af-b8cf-803db36f9557,BKA,ET-E9,ET-E9,C01
129da040-b15d-4ceb-a5a9-a7294e423ea7,BKA,ET-E9,ET-E9,C02
3ac60cff-3986-4c34-aa47-ceca1c2310ee,BKA,ET-E9,ET-E9,X02
d06b6516-a1c6-4dae-b7f0-a2da3b997e01,BKA,ET-LUH,ET-LUH,B03
87727821-ec27-41c8-a8e2-882dd35c45e6,BKA,ET-LUH,ET-LUH,C01
7f2ccbf9-fd58-4692-a75b-94b38120e7be,BKA,ET-LUH,ET-LUH,C02
fc8ca05f-4ee7-4307-8e87-d3844290ce54,BKA,ET-LUH,ET-LUH,X02
280b6c8a-b641-4f9c-9481-e27bc9afc4f3,BKA,ET1,ET1,B03
f969e646-ee9d-4d3f-ab44-2ad720066c96,BKA,ET1,ET1,C01
90e8a3e2-7f88-47e0-9ba4-3d81a48804d3,BKA,ET1,ET1,C02
f8f20b71-99bd-45da-adec-4c02c266b7ca,BKA,ET1,ET1,X02
2ff9ceb4-35b0-4168-9000-5fac718b0fb2,BKA,ET2,ET2,B03
82d61768-0ff4-4a1f-b2c9-fefd79a57ad9,BKA,ET2,ET2,C01
7f9f36ac-c636-49d1-b717-0d0540c32af9,BKA,ET2,ET2,C02
b4392bbf-4c17-4e2e-b531-f4f0f64d79ca,BKA,ET2,ET2,X02
5dddb77f-ce7c-48fd-afe8-8641bcb987e8,BKA,EV1,EV1,B03
48f718f3-8d10-47f4-9238-2eda3a2b5835,BKA,EV1,EV1,C01
ee4a588c-a764-4433-b9f5-a39ca5823008,BKA,EV1,EV1,C02
5125165f-4224-44c3-bd08-f774f366e854,BKA,EV1,EV1,X02
32fb8255-9965-4b2f-9659-349bc768ac5e,BKA,EV2,EV2,B03
c4945250-babb-44bc-9f82-f9e2f97e7ad0,BKA,EV2,EV2,C01
9c58a683-7a61-4f1e-bd2e-993322af5821,BKA,EV2,EV2,C02
7284a8e9-cdcf-4287-b1b1-404c56899f68,BKA,EV2,EV2,X02
4007c15f-76b1-4ee2-ae12-af07e40851e4,BKA,FL1,FL1,B03
bd068aa9-663e-420e-a1fa-ad385d61a139,BKA,FL1,FL1,C01
d001b2f1-1732-48dc-ad01-f90bc6c6e4db,BKA,FL1,FL1,C02
9feda3b0-5e12-466f-97ae-668898c453c8,BKA,FL1,FL1,X02
80e59bff-76d8-47ce-afa4-e0240e4a7cba,BKA,FL2,FL2,B03
71240a87-99ac-4353-9df2-677e79d678bf,BKA,FL2,FL2,C01
8833c482-5e07-4a58-beb0-821b905a23e2,BKA,FL2,FL2,C02
21025578-e875-4891-8935-7d66591e0ac8,BKA,FL2,FL2,X02
a3fb8225-aa9f-49e2-a1cf-30f7b3686c1a,BKA,FL3,FL3,D01
505b3b80-f9eb-4887-8f90-e0dcf7efbb3b,BKA,FL3,FL3,D04
7dbce30b-0358-4511-bdfd-09a3e84651b2,BKA,FL3,FL3,B03
95893c43-3f7b-458f-a236-395e5f7aba57,BKA,FL3,FL3,C01
9df2b22a-3bcc-4e7a-9b49-9a37481052c9,BKA,FL3,FL3,C02
fd1f43f7-6edb-4b01-95d9-1e1baece1cd0,BKA,FL3,FL3,X02
6544d653-f9fe-418c-9035-f4e3923b3469,BKA,HE1,HE1,B03
1292ea23-2541-43fa-a4be-e550b7412ab4,BKA,HE1,HE1,C01
5c1ca459-dfd4-4c21-abaf-a2c9403df34e,BKA,HE1,HE1,C02
ee735bf0-7cc9-4361-9462-661b87466d1a,BKA,HE1,HE1,X02
3aea0020-4737-4843-9e7a-232b5e440aa1,BKA,IT-E10,IT-E10,B03
4c9f1420-9c39-4ba6-b826-b8a7a0b0f4e2,BKA,IT-E10,IT-E10,C01
f3860f52-4692-4070-840f-d714aa34bd17,BKA,IT-E10,IT-E10,C02
ec5588b5-04c2-4ee0-91b5-60eb55f209ef,BKA,IT-E10,IT-E10,X02
b4e68686-2aaa-4be7-b916-44bbc2e1ff71,BKA,IT-E15,IT-E15,B03
cedeffcf-99b5-4508-9586-6cb126aba720,BKA,IT-E15,IT-E15,C01
3fad068e-070b-4fa7-8ecc-6f4e89d70969,BKA,IT-E15,IT-E15,C02
6f8b75d6-5864-4efd-b726-46410d5acca1,BKA,IT-E15,IT-E15,X02
f6e79c84-5692-46b2-9e18-3924fa281b83,BKA,IT-E6,IT-E6,B03
8abd656b-eb93-4ee9-a5ef-7cbfc75552c8,BKA,IT-E6,IT-E6,C01
bf098960-cecb-426c-a30f-7169f6705f45,BKA,IT-E6,IT-E6,C02
e65bc723-c309-42c3-bb2b-d5f08382b168,BKA,IT-E6,IT-E6,X02
02c639c4-cc45-4739-a8b4-5f811100aeed,BKA,IT-E7,IT-E7,B03
cf02e3b1-40f4-4bae-b147-4976457bfe92,BKA,IT-E7,IT-E7,C01
e04e2d99-c92e-4e2b-9891-d19805181556,BKA,IT-E7,IT-E7,C02
974665f5-930e-4318-aaba-b556a0d020b0,BKA,IT-E7,IT-E7,X02
55271deb-e032-4ebd-811b-c99a8af7e588,BKA,IT-EP,IT-EP,B03
c316ec20-b01b-4ae2-9a82-5ee49405d173,BKA,IT-EP,IT-EP,C01
d9ce7ba8-e956-43e1-8f7e-80375c42c05d,BKA,IT-EP,IT-EP,C02
91a81852-0435-4ad2-8f33-aabc5a80ae60,BKA,IT-EP,IT-EP,X02
192f40bb-5029-408b-a49a-30ab8061cd07,BKA,IT1,IT1,B03
bd8bd40b-69b1-4c4e-9504-54c43bc30909,BKA,IT1,IT1,C01
82463cf7-fd37-4a38-8f6f-61a48b723c2f,BKA,IT1,IT1,C02
d37dad7f-7f64-4f88-82e3-db09480eae13,BKA,IT1,IT1,X02
25e9c8d5-7010-4573-8edd-1be921185e3f,BKA,IT2,IT2,B03
7d62d634-551f-4f90-b17a-f16ac00ca468,BKA,IT2,IT2,C01
686f774d-e662-4805-b883-25fe8763f0fa,BKA,IT2,IT2,C02
784ba60e-91d6-4e4e-b66a-7d6413099d29,BKA,IT2,IT2,X02
c5035e2a-951e-4c7e-9e15-45994e71c957,BKA,ME-E1,ME-E1,B03
da8f5bf5-7c5a-4df8-aa2d-60545058c9ef,BKA,ME-E1,ME-E1,C01
b58a1419-9bbc-4b46-85f1-2443a2df24ed,BKA,ME-E1,ME-E1,C02
2944611c-40ee-4877-9d3a-49e3b1eff01b,BKA,ME-E1,ME-E1,X02
413341d1-c563-4386-96be-21f3d3ab38f9,BKA,ME-GU,ME-GU,B03
4e102238-e552-4008-b17f-fa228122109a,BKA,ME-GU,ME-GU,C01
4b4b334f-9877-4c98-8250-3742103893e3,BKA,ME-GU,ME-GU,C02
67153ff4-8e45-4b23-a833-838c23dea030,BKA,ME-GU,ME-GU,X02
e608d2f2-0e02-48d0-9543-8c10b0dd3d0f,BKA,ME-LUH,ME-LUH,B03
02390238-974b-461f-aff1-a33c2d9a0602,BKA,ME-LUH,ME-LUH,C01
353ba9cf-c2c9-4a52-8115-51d4971e1a74,BKA,ME-LUH,ME-LUH,C02
8421dc65-631d-40e3-8c86-bdb89a2ad5ed,BKA,ME-LUH,ME-LUH,X02
34069083-e034-4183-bf95-ef4538ecc041,BKA,ME-NUT,ME-NUT,B03
c06f7eca-f40c-4e72-9be4-858b8af23f46,BKA,ME-NUT,ME-NUT,C01
de9dcc3f-c52d-4008-bf59-02ea6dcf09a0,BKA,ME-NUT,ME-NUT,C02
f590921a-ebd9-4b4a-a0ef-6bb4383ba085,BKA,ME-NUT,ME-NUT,X02
6ee77dda-9cfd-43a2-b061-f8ae1c433f6f,BKA,ME1,ME1,B03
7ec72047-9d7a-4989-b093-3d37cbdf8b18,BKA,ME1,ME1,C01
4b803951-224b-41bd-883f-8addc69e94d7,BKA,ME1,ME1,C02
e3287fc3-37f2-4527-b10e-fb9ba9b2bf7d,BKA,ME1,ME1,X02
1261c688-721d-419c-a929-18daba5a8504,BKA,ME2,ME2,B03
36ad9558-0e82-4f39-b26b-5316971b15db,BKA,ME2,ME2,C01
68b9fefd-698e-4797-9f01-298af78831d7,BKA,ME2,ME2,C02
9ee72f4e-fd10-477d-942b-10fa7e02e6f3,BKA,ME2,ME2,X02
0c40659e-1210-43c9-a72b-812cc20135f2,BKA,MI1,MI1,B03
b2ade364-216e-4754-837c-c549b8721933,BKA,MI1,MI1,C01
ce1ad9c6-4b49-41fd-a217-ce28dc3994e3,BKA,MI1,MI1,C02
92cd0233-5844-4a96-9f4e-946d0e806052,BKA,MI1,MI1,X02
63a64afe-6705-44fc-b74e-7be0d54c2abf,BKA,MI2,MI2,B03
0ee5f918-dc93-4f47-adb1-8b52c91a4267,BKA,MI2,MI2,C01
6246488c-83ce-4d64-96f9-8a3ff28d8407,BKA,MI2,MI2,C02
463e7462-41bd-4564-9607-81280c384be2,BKA,MI2,MI2,X02
c8aa3c35-19b6-43f2-81d4-b1100126cb28,BKA,MS-E3,MS-E3,B03
7e438f58-a7aa-4641-932b-d9de89448dad,BKA,MS-E3,MS-E3,C01
5472fea0-9993-40dc-8a0b-3cfc7e469675,BKA,MS-E3,MS-E3,C02
aa234d50-ed3e-4a7c-9d6b-9b991ccc5714,BKA,MS-E3,MS-E3,X02
f809828b-a858-4128-b998-a733caa9bc80,BKA,MS1,MS1,B03
110ba440-4910-4446-ac24-208198797920,BKA,MS1,MS1,C01
8af036d2-d3b4-4290-86d2-ab0dde6225de,BKA,MS1,MS1,C02
81c0cb4b-290b-4f20-bdee-0ac4229b54ca,BKA,MS1,MS1,X02
e5471ac4-ecc8-45d0-a10d-7a72a3acd3d6,BKA,MS2,MS2,B03
fb9a308d-b8e1-4874-9ccf-709f16690496,BKA,MS2,MS2,C01
655c0eb2-15f7-462c-8abb-e0247f54f9ea,BKA,MS2,MS2,C02
c0420f9c-ec0e-456b-ba7d-2de2bb6dc582,BKA,MS2,MS2,X02
fc988fce-a9cf-495c-8465-d8c108662a4e,BKA,MS3,MS3,B03
bea719ed-c655-4c3b-ad2f-231b5a1d888f,BKA,MS3,MS3,C01
7162c802-bccc-4b51-a4b7-6741e6d1fe24,BKA,MS3,MS3,C02
e474d5c3-bc18-438d-9d9c-0b675d9395c4,BKA,MS3,MS3,X02
2565d527-4605-4d7b-9aef-6bb3056ae11f,BKA,MS5,MS5,B03
2d25d304-561d-4af7-874b-5933b23c3421,BKA,MS5,MS5,C01
fcb171d2-0ba2-4f8a-8ff5-24a6de35c02d,BKA,MS5,MS5,C02
0375e255-dc43-4482-84db-5b44951f0f57,BKA,MS5,MS5,X02
f2f2894c-b8fb-427f-9b84-c2c7511c0eff,BKA,PH1,PH1,B03
b3be046b-4e1a-4238-a8aa-0d910825b678,BKA,PH1,PH1,C01
441b580a-5fe0-4170-a137-ee1bb916727a,BKA,PH1,PH1,C02
9b8da3b0-c7e7-4f1f-a46b-cf3c8ee44bfa,BKA,PH1,PH1,X02
1fa9db7c-55e2-4efd-a43b-aa56077f15ea,BKA,PH2,PH2,B03
39af7f34-c16f-4671-a404-47ef8d96a888,BKA,PH2,PH2,C01
d4e1f663-5646-4144-bec2-e01ce10444f4,BKA,PH2,PH2,C02
90fc6efc-ec89-498f-90f1-e4780dd1f2ee,BKA,PH2,PH2,X02
f521ddf1-baea-49be-ad7c-ea97651241fc,BKA,PH3,PH3,B03
8e987b94-acaa-4847-984b-f1ec2ba59fb7,BKA,PH3,PH3,C01
20c1d2dd-f631-4559-bda3-f227e2f78497,BKA,PH3,PH3,C02
a34291f3-c23d-4a4e-a1b5-28458a635810,BKA,PH3,PH3,X02
da8656d5-e07a-4e36-ae5a-ae61fb704050,BKA,TE-E2,TE-E2,B03
912a126f-2b63-4a9c-b244-e54cb1a00bd9,BKA,TE-E2,TE-E2,C01
9ec9a4a2-d0b5-4ca3-881c-c64d019c91a0,BKA,TE-E2,TE-E2,C02
0fdaa5e0-eb9d-4caa-89ad-38bcd42d1539,BKA,TE-E2,TE-E2,X02
0ca92e65-3b5e-4153-bf29-4be7731aeacd,BKA,TE-EP,TE-EP,B03
3864606e-3031-4374-8cf9-b992d59a25fc,BKA,TE-EP,TE-EP,C01
5b2cdd5a-f438-4e7a-a43f-108842773e2a,BKA,TE-EP,TE-EP,C02
b33ae1da-e020-4c9c-a884-87fbd35235af,BKA,TE-EP,TE-EP,X02
51889b71-a5dd-420a-bffe-bd2f13000582,BKA,TE1,TE1,B03
569aa1e5-ce8e-4ab4-8e92-82a0cb4fe5ef,BKA,TE1,TE1,C01
466d96c3-c6d3-4e7e-b908-5883bee74349,BKA,TE1,TE1,C02
f2745289-78e9-45a5-93a0-ead4ea93c9c5,BKA,TE1,TE1,X02
b6ab1eac-51bf-4960-9795-70edd142b70d,BKA,TE2,TE2,B03
eef16551-60b0-4fcb-b94c-be3c7c8592ce,BKA,TE2,TE2,C01
af9676d0-c3ce-4156-9cc8-b9f1a20361fd,BKA,TE2,TE2,C02
320fd19c-226f-47b2-b7ea-1313b5ccf580,BKA,TE2,TE2,X02
4d7b6df1-b9fd-458d-bb71-c37fd026f8c0,BKA,TE3,TE3,B03
e904a530-97ad-4a2c-8718-28aa70727c05,BKA,TE3,TE3,C01
c940c632-0c93-4ff7-b869-ba40a17e324b,BKA,TE3,TE3,C02
59fc55f5-1d86-461f-93d8-afb8486de75b,BKA,TE3,TE3,X02
09103e26-9ffd-497b-bfb0-111194eca502,BKA,TROY-BA,TROY-BA,B03
6cdec494-536b-474c-af22-3b0ad1dcc062,BKA,TROY-BA,TROY-BA,C01
dfb1d963-9982-47bd-bd50-6fdd73c43d1a,BKA,TROY-BA,TROY-BA,C02
d3b0c9d5-121d-40f6-9b01-2b2d7c915e6a,BKA,TROY-BA,TROY-BA,X02
0ed739bb-ec21-4c7c-8265-fed010bdca29,BKA,TROY-IT,TROY-IT,B03
9cdaac08-0fd5-4021-99d4-c3f32d8980c7,BKA,TROY-IT,TROY-IT,C01
976e3072-a9a3-4565-87f5-97fdf65ce730,BKA,TROY-IT,TROY-IT,C02
930b36ac-4b7f-4236-9922-4b6e1321da60,BKA,TROY-IT,TROY-IT,X02
4b1b472e-ce28-41c7-b75f-992f27369d49,BKA,TX1,TX1,B03
70d1724c-96e9-4cdc-b78f-7ba595e77704,BKA,TX1,TX1,C01
ca276f58-6e97-44be-9aea-763faea356ac,BKA,TX1,TX1,C02
6796fa81-38a8-4462-bba3-c6689bb9b7b1,BKA,TX1,TX1,X02
96a7d40c-be0e-4313-b7b3-3e2195771658,BKA,BF-E12x,BF-E12x,K00
974e6994-812d-4a0b-8ca1-af72bba01b73,BKA,BF-E12x,BF-E12x,K01
d29cf342-0d6f-473e-a00f-6f7fea1bda9c,BKA,BF-E12x,BF-E12x,K02
2a07f0c3-1a7c-4da9-93c4-494b6713034d,BKA,BF1x,BF1x,K00
c2100612-5713-4efe-b1d6-e6d60503008e,BKA,BF1x,BF1x,K01
f18ee521-1091-4ed4-a3cd-a821a2110f8f,BKA,BF2x,BF2x,K00
1e9326d5-cb3c-49d3-825f-81162a2c99c3,BKA,BF2x,BF2x,K01
8b85df5e-c35f-434d-800c-2351fd6b39cc,BKA,CH-E11x,CH-E11x,K00
7ef5a60f-bd70-4ef3-9b8f-575af734a3d2,BKA,CH-E11x,CH-E11x,K01
7a754d35-0168-4ea7-acc9-1220f44ddf74,BKA,CH-E11x,CH-E11x,K02
d0f9e0c7-d426-469e-a27b-801f01995e7a,BKA,CH1x,CH1x,K00
8f9f782f-96af-4143-a6b3-6bce285d2d72,BKA,CH1x,CH1x,K01
f8f2c94f-ef04-43a3-a8fe-705b8d03d19a,BKA,CH2x,CH2x,K00
ebaf0e5b-9e1b-4506-8588-e7f773272c45,BKA,CH2x,CH2x,K01
33eec131-d148-4c17-a8e0-6a830a1489de,BKA,CH3x,CH3x,K00
7ce2f1b1-a4b3-4a31-8c52-d3033fafe367,BKA,CH3x,CH3x,K01
ef194d5e-e2d1-46b1-814d-522e5dd63ee2,BKA,ED2x,ED2x,K00
72160009-8769-4812-b1da-eaeceb839ff0,BKA,ED2x,ED2x,K01
756c430b-16c0-4e6c-a9e5-7049f069daf8,BKA,EE-E18x,EE-E18x,K00
fe036ed3-8eb3-443e-a39d-b318f5963032,BKA,EE-E18x,EE-E18x,K01
07e26aeb-e285-4805-85d4-4e9224e8ff40,BKA,EE-E18x,EE-E18x,K02
bab9d750-92b1-468d-b0dc-d49e16def02c,BKA,EE-E8x,EE-E8x,K00
e2110c64-dceb-4aee-85a2-123d5a93f0b0,BKA,EE-E8x,EE-E8x,K01
f8e95d1f-0bd9-4d4f-8de1-4ca1e07bec9a,BKA,EE-E8x,EE-E8x,K02
31418ee0-48a7-48f2-8358-e784bb6cc781,BKA,EE-Epx,EE-Epx,K00
48450c11-b87c-4d87-9e56-2cc13912a4e7,BKA,EE-Epx,EE-Epx,K01
15c72864-a0eb-4623-83b8-b9963a38b270,BKA,EE1x,EE1x,K00
d4131186-e30a-449a-a7dc-0d38d8bd25fc,BKA,EE1x,EE1x,K01
86502dc7-4987-4a13-874d-2d063d35391e,BKA,EE2X,EE2X,K00
3364b126-476d-4c6d-826b-8990ac71b53d,BKA,EE2X,EE2X,K01
8bd912a6-591f-4cf3-bbd5-f9d4662af5c5,BKA,EM-E13x,EM-E13x,K00
823e8289-92a3-4a6c-9980-a6408a137154,BKA,EM-E13x,EM-E13x,K01
49e7338f-1a12-4697-8fb6-7cf09e110976,BKA,EM-E13x,EM-E13x,K02
7557a71b-37bf-45d2-a077-24cb146f996f,BKA,EM-E14x,EM-E14x,K00
eca43d1a-2297-4cf3-a3dd-01bbb528eccf,BKA,EM-E14x,EM-E14x,K01
ee20f615-f61a-4738-a7e6-bf87a7984674,BKA,EM-E14x,EM-E14x,K02
c04f9c67-0f47-4438-bb5a-9f169a810596,BKA,EM1x,EM1x,K00
a23a6509-c635-4a40-bcfc-f8a8211ef428,BKA,EM1x,EM1x,K01
da5a7fd3-d69f-4e06-9841-820026c7e31f,BKA,EM1x,EM1x,K02
bf93a1b2-5e1f-4c9f-9445-f94401aeada5,BKA,EM2x,EM2x,K00
1ab41888-bd52-42ab-b2b5-352dcf793661,BKA,EM2x,EM2x,K01
aee9854c-6ad6-4a30-a062-814e2a8ae0c3,BKA,EM2x,EM2x,K02
187c05d4-35f4-425a-a4ee-87d3b4a6f3d9,BKA,EM3x,EM3x,K00
8533d6af-1562-4dec-a6cb-687ef1d1ef99,BKA,EM3x,EM3x,K01
93e979fc-d6d3-44b7-8673-145c54847d55,BKA,EM3x,EM3x,K02
28a5aa28-0980-4b65-9051-0434f5db24fd,BKA,EM4x,EM4x,K00
63abe0be-f009-44b3-a7a8-327074a9a535,BKA,EM4x,EM4x,K01
8ddfe649-c095-47bd-b540-ce81fb57fd04,BKA,EM4x,EM4x,K02
1bfd3c54-000c-4090-9b3c-c77e9cd068a6,BKA,EM5x,EM5x,K00
76a35362-fa5a-44d4-977e-2864b9730c0b,BKA,EM5x,EM5x,K01
3df494dd-3692-4ebe-8394-fe949416b045,BKA,EM5x,EM5x,K02
1ad968e1-76bb-4642-8bf6-f799df4dba3e,BKA,ET-E16x,ET-E16x,K00
bfb919b5-c317-4c0b-a675-9e578143f37b,BKA,ET-E16x,ET-E16x,K01
c63cba27-bafa-4c6d-800f-4d17cd7ede51,BKA,ET-E16x,ET-E16x,K02
16ecac23-8b3d-419b-9c66-359b78fc310c,BKA,ET-E4x,ET-E4x,K00
31704865-3a95-4764-bd38-bc4b7dbfaf65,BKA,ET-E4x,ET-E4x,K01
83794688-4867-4ec5-bcd1-af121ca578e9,BKA,ET-E4x,ET-E4x,K02
d3cd6f47-0da9-4d1e-b1ec-8fd862219311,BKA,ET-E5x,ET-E5x,K00
12ba9c2c-d05a-4c4c-8b6d-c0c4358ddd3c,BKA,ET-E5x,ET-E5x,K01
63dc94ba-7a1e-409a-b656-4fd4d4be31b0,BKA,ET-E5x,ET-E5x,K02
df377729-c05e-44a2-8a40-ea4acb30e065,BKA,ET-E9x,ET-E9x,K00
7fa48dc6-e9e0-4734-a935-b55a7d7b6b25,BKA,ET-E9x,ET-E9x,K01
95f7846f-3212-416e-bda8-c9c8df9bc970,BKA,ET-LUHX,ET-LUHX,K00
2b49f8ef-2280-41dc-9911-6cc3d89a28ec,BKA,ET-LUHX,ET-LUHX,K01
cd9cc557-b7ce-4e17-ab27-7deff804ab4b,BKA,ET-LUHX,ET-LUHX,K02
dd8bd291-693c-4118-a904-ea0834936bef,BKA,ET1x,ET1x,K00
38c5c4bb-37a6-4d32-a0ae-9e1fa87017be,BKA,ET1x,ET1x,K01
71313901-0e4e-49ca-bf23-58322c771356,BKA,ET2x,ET2x,K00
5400aa5e-e629-49dd-8227-83832b156225,BKA,ET2x,ET2x,K01
b5bf9c62-7477-49ae-a0dc-72b3bff25902,BKA,EV1x,EV1x,K00
56da31c9-e559-4afc-b52e-c20e15a9a3da,BKA,EV1x,EV1x,K01
bddbd0cf-6fd2-4080-a214-4508655c74ab,BKA,EV2x,EV2x,K00
aabe8640-fe29-4674-8a1a-de6a5d51213f,BKA,EV2x,EV2x,K01
d25e76e8-bb90-467c-91ae-53a2f805aa68,BKA,FL1x,FL1x,K02
2c60e1e3-313e-44a6-bbc9-7466d376ed63,BKA,FL2x,FL2x,K02
f9d4d660-7ecf-4d29-9ab8-13d6c1be1d87,BKA,HE1x,HE1x,K00
46b320e3-c2bb-4418-b8e4-3636282924ab,BKA,HE1x,HE1x,K01
af04053b-d9ee-422b-8cca-97942655363e,BKA,IT-E10x,IT-E10x,K00
927ad44c-2dc6-48e3-a873-4080dbfece92,BKA,IT-E10x,IT-E10x,K01
ad9aa901-dd34-4c98-8ad2-e4342f303dfb,BKA,IT-E15x,IT-E15x,K00
d967d4bf-51a4-4c73-b2eb-d16c152875f2,BKA,IT-E15x,IT-E15x,K01
4bb419dd-5376-44db-99b7-1dc64abc0fea,BKA,IT-E15x,IT-E15x,K02
fd68c734-dcc3-4a25-a18d-2b09d9d52ef2,BKA,IT-E6x,IT-E6x,K00
31463869-b2d7-4962-b0ab-fce73f3945ee,BKA,IT-E6x,IT-E6x,K01
79994118-1fa9-4f59-adee-dd2fdff1527e,BKA,IT-E7x,IT-E7x,K00
8a82219f-c71b-4910-b502-b923e04d14c8,BKA,IT-E7x,IT-E7x,K01
1a2bfa5e-e340-4eb9-8e89-0ca70cda58c2,BKA,IT-Epx,IT-Epx,K00
7c0bc9e4-7536-49b6-bbc2-5da2be74ae60,BKA,IT-Epx,IT-Epx,K01
c147f0a2-1e16-4205-8e37-c0994ce47b02,BKA,IT1x,IT1x,K00
1153164c-6090-4f05-a6d4-1f3d7cc9da66,BKA,IT1x,IT1x,K01
b0a0e657-1910-49c1-bc90-2ce3db9f761e,BKA,IT2x,IT2x,K00
45207904-59e7-4ca2-a2cc-14536a28b115,BKA,IT2x,IT2x,K01
fa4da189-6396-45c9-9897-712ab31b09d6,BKA,ME-E1x,ME-E1x,K00
cc01bc1b-b55d-4e4a-8eb9-8c5db5df5157,BKA,ME-E1x,ME-E1x,K01
cb643474-3906-4831-94b3-32a48ed7d07f,BKA,ME-E1x,ME-E1x,K02
aa786ae0-3fc7-404d-9487-9887ba9966b8,BKA,ME-Gux,ME-Gux,K00
b2ae4ddb-0c2f-4080-a22c-68b598a5b123,BKA,ME-Gux,ME-Gux,K01
a8b84d2c-c5d2-468d-974f-506fbef9d551,BKA,ME-Gux,ME-Gux,K02
cd81aef9-da4a-4bea-846c-296310958e16,BKA,ME-LUHx,ME-LUHx,K00
5fec2119-3993-4ca9-9761-e477f4f02235,BKA,ME-LUHx,ME-LUHx,K01
418951c3-c48c-4e7f-88f1-637b46e7ee63,BKA,ME-LUHx,ME-LUHx,K02
914d9bcf-d57f-4095-94c1-0782f0cc2279,BKA,ME-NUTx,ME-NUTx,K00
05b0213a-a8c7-4e1e-972c-f585a23471ed,BKA,ME-NUTx,ME-NUTx,K01
edc63fbe-9327-4786-bdd1-8c10f6ca77df,BKA,ME1x,ME1x,K00
0537115b-bd88-40b9-a85b-324c43e1bfcc,BKA,ME1x,ME1x,K01
9f20eb47-9439-42b4-a620-faf7458a5fb8,BKA,ME2x,ME2x,K00
4e129204-428d-4e7a-95af-e9264b81476f,BKA,ME2x,ME2x,K01
f3b4ae47-d74f-46a4-b6e3-ef1949351997,BKA,MI1x,MI1x,K00
30328559-3c78-4b48-b249-5d6a929e8041,BKA,MI1x,MI1x,K01
38cfe23f-f1ac-4415-8321-f7cf15f74ee4,BKA,MI2x,MI2x,K00
0ceeb446-6596-4fc3-972f-0ad30414fea4,BKA,MI2x,MI2x,K01
528bcb9d-b10d-42c0-adff-01644c832ec8,BKA,MS-E3x,MS-E3x,K00
0ab301c3-f3fd-4f2e-84a6-8449b47b97fb,BKA,MS-E3x,MS-E3x,K01
ce243f03-886e-40b5-b3db-6e2684dc298f,BKA,MS-E3x,MS-E3x,K02
7fae699f-c838-48a4-98dd-0cf073858714,BKA,MS1x,MS1x,K00
479b87a1-d859-4494-aa6f-813f8d50ac98,BKA,MS1x,MS1x,K01
d9826f9b-6a93-4a46-86ce-6a26773bc254,BKA,PH1x,PH1x,K00
c91e88fc-22f5-48df-9002-5da357ee3315,BKA,PH1x,PH1x,K01
fe2f79bf-b25c-40f4-ad3c-ad6355a01c05,BKA,PH2x,PH2x,K00
ce084f0d-3a5c-4f98-923c-a62871263413,BKA,PH2x,PH2x,K01
0e9b61f3-8d8f-4f88-9af3-1015bba11b1c,BKA,PH3x,PH3x,K00
5924903c-a55e-4956-b9ad-a2c92171aef8,BKA,PH3x,PH3x,K01
ba826925-b65b-4e20-a420-dbda5eb27954,BKA,TE-E2x,TE-E2x,K00
abad5644-28b6-4da1-b83e-52ad0b7f8a47,BKA,TE-E2x,TE-E2x,K01
ecd15b21-07e8-4ed3-a48f-bfe08ebe9cec,BKA,TE-E2x,TE-E2x,K02
74598656-85f6-4fe3-b259-a551574a71d7,BKA,TE-Epx,TE-Epx,K00
9be94cd4-f44a-4862-88db-22a23f66711a,BKA,TE-Epx,TE-Epx,K01
7c64af97-d123-4760-90be-c3c2b3053cf7,BKA,TE1x,TE1x,K00
b43b0c5f-afb5-4ab5-abc9-6211e1de33a9,BKA,TE1x,TE1x,K01
81f9c145-c997-4520-8438-70dcbcf4e277,BKA,TE2x,TE2x,K00
85fc864d-76a3-4c9a-9d43-4f992fad3261,BKA,TE2x,TE2x,K01
549e2ba6-a4bf-47f9-ab7f-564888ccee18,BKA,TE3x,TE3x,K00
af1ae2ec-50fa-4a67-b666-2b51d7a2b115,BKA,TE3x,TE3x,K01
2b188d12-d3b5-4081-8115-de17bc02f431,BKA,TROY-Bax,TROY-Bax,K00
9c77a48e-fbaf-434f-ad4c-1d2c0471d97e,BKA,TROY-Bax,TROY-Bax,K01
fed539b0-2f89-4d3e-a214-b7e080771699,BKA,TROY-Bax,TROY-Bax,K02
dcfbd864-6686-4ec9-bc5b-4486f09fb54c,BKA,TROY-ITx,TROY-ITx,K00
b5ed6ca9-f170-4779-8ea6-e370e37fa7f8,BKA,TROY-ITx,TROY-ITx,K01
3a7ada6a-0bd8-48bc-94c7-5d592bfec945,BKA,TROY-ITx,TROY-ITx,K02
909518db-9c9d-44a8-bc6e-d0d723d70d67,BKA,TX1x,TX1x,K00
180cc231-74e2-488e-8bff-faf2b381bd29,BKA,TX1x,TX1x,K01
d7cb435d-b79b-4f21-8d23-892243ef6748,BKA,BF-E12,BF-E12,K00
526b9e98-1488-4ca6-9c45-2e1cbee267a5,BKA,BF-E19,BF-E19,K00
a0135f23-766a-4381-a161-b254dbc05a68,BKA,BF1,BF1,K00
c8369315-7110-408f-93d8-f917b693a316,BKA,BF2,BF2,K00
d7778bce-7bfe-4820-a2d0-d96d9907955b,BKA,CH-E11,CH-E11,K00
6164bc07-0355-48ae-b366-9e2b6e6ab656,BKA,CH1,CH1,K00
c08d425e-bda8-438d-9dbf-2a4e2e74f5a3,BKA,CH2,CH2,K00
8e840989-da02-4d17-ba91-7c458d201ca9,BKA,CH3,CH3,K00
51e2f270-3efa-42ab-a4e3-36cd1cbdab0e,BKA,ED2,ED2,K00
65cd9bfa-8290-4566-a021-b3250a8362b1,BKA,EE-E18,EE-E18,K00
87cc10b2-a607-4069-a422-c016372610c8,BKA,EE-E8,EE-E8,K00
85a10380-3afd-4561-831b-49004c315362,BKA,EE-EP,EE-EP,K00
bb709db7-6f9c-4397-88e7-1ac277f224e8,BKA,EE1,EE1,K00
009cbb8b-3bb7-445d-9f2b-c1fac9243a1e,BKA,EE2,EE2,K00
ade66857-1533-4d60-9c74-02f7fec77cf5,BKA,EM-E13,EM-E13,K00
6c103ec1-a5c7-4856-a7fa-b73e01996825,BKA,EM-E14,EM-E14,K00
a305fcb1-4bb2-4fae-8624-fe350fdaf2eb,BKA,EM1,EM1,K00
dfcf6825-285c-4616-ac09-5faf32e6dfd6,BKA,EM2,EM2,K00
688b1696-159b-4e06-a238-c7123feaaf99,BKA,EM3,EM3,K00
2d70da81-5d0b-4a38-9c32-d0ce41f7461e,BKA,EM4,EM4,K00
7ca09dd4-9231-4ccf-b99c-a7f58eaa22b9,BKA,EM5,EM5,K00
7c4a5d47-0f87-4a76-920d-7175136d2c72,BKA,ET-E16,ET-E16,K00
f47ff305-1698-4a43-85a3-7739a1b9fb61,BKA,ET-E4,ET-E4,K00
cf03d62c-5c95-444f-8ef0-a72cace79b0a,BKA,ET-E5,ET-E5,K00
a02c9de7-a14f-41f3-bc5e-802013808293,BKA,ET-E9,ET-E9,K00
5e3c0fdf-e6b6-47fb-b8a9-f70eca1c4bb4,BKA,ET-LUH,ET-LUH,K00
6972f91e-81f9-485f-898a-c4537174b4b2,BKA,ET1,ET1,K00
aad25dfb-ee3c-4eb4-b26d-828ee1663eb7,BKA,ET2,ET2,K00
97f61fe5-da96-4b6f-851f-9b96046fca48,BKA,EV1,EV1,K00
ed9bdcce-b495-4e82-903d-ee0fa23523d6,BKA,EV2,EV2,K00
7313cf7d-fb24-4a83-8b89-c17fe71a2b9e,BKA,HE1,HE1,K00
b1c61c4e-32b4-4108-9877-cdc308dd1550,BKA,IT-E10,IT-E10,K00
9dc153ae-e4e3-4c03-9030-69328ca81e2d,BKA,IT-E15,IT-E15,K00
feb69e8d-5bf4-42df-9fae-4f43f76b6b90,BKA,IT-E6,IT-E6,K00
ed5ac435-ef39-4577-b41a-becf0439e650,BKA,IT-E7,IT-E7,K00
dfb2bf20-76a0-4440-867f-9fd2a24d5b90,BKA,IT-EP,IT-EP,K00
41b6b17f-c405-4778-bd07-785a381758ae,BKA,IT1,IT1,K00
76faea60-d1b5-45fa-8eac-a802f4fc1be1,BKA,IT2,IT2,K00
c45816b7-3a3a-4aae-9443-cf9293beecf1,BKA,ME-E1,ME-E1,K00
00f5c8e4-8d0d-4c30-a20c-794862dd9728,BKA,ME-GU,ME-GU,K00
93e469e1-5409-4eca-9c6d-b1e85a80ffc3,BKA,ME-LUH,ME-LUH,K00
c006682c-fabb-4eb4-a143-eb08f1f199f8,BKA,ME-NUT,ME-NUT,K00
3ef5c538-9942-4963-a17f-67e7ead79663,BKA,ME1,ME1,K00
dfa92d7e-8166-43b2-a7f9-b5e4c1e18d8e,BKA,ME2,ME2,K00
e706432b-9e83-442c-93b4-e62b76a34ca0,BKA,MI1,MI1,K00
e60be5b8-dab9-49a7-8fa0-4a22fed803d0,BKA,MI2,MI2,K00
2af16f3a-53aa-4eee-8fb8-faaa6301e831,BKA,MS-E3,MS-E3,K00
feb7fafd-bc45-4d74-a364-3073af135ecc,BKA,MS1,MS1,K00
40711b41-e5d2-4e4f-a094-d4120833e8e4,BKA,MS2,MS2,K00
9b12708f-ff6f-4b8d-858d-071f1a7218ab,BKA,MS3,MS3,K00
a2db5892-442c-4efa-b878-db6ce2d6a711,BKA,PH1,PH1,K00
fc814d82-7433-4723-998c-04c6eed49985,BKA,PH2,PH2,K00
c43d2917-8638-47b0-9f91-ee6821c6ac6c,BKA,PH3,PH3,K00
db3cc6fd-3d4e-4287-9819-ccd14af237e8,BKA,TE-E2,TE-E2,K00
8ebb247b-e0d0-470c-8c53-764f666970a7,BKA,TE-EP,TE-EP,K00
b53215d2-5b03-4d3b-ad2f-0a101d37b827,BKA,TE1,TE1,K00
1964ec7e-a379-4e57-b26d-4c8e45aba7d3,BKA,TE2,TE2,K00
36ba5d64-12a7-4319-9175-08c63d09ac1a,BKA,TE3,TE3,K00
05b8f6a4-df76-46dd-9264-a96e1b4f2099,BKA,TROY-BA,TROY-BA,K00
ffae7df1-ac0c-4b70-8f2f-f0d58da2130e,BKA,TROY-IT,TROY-IT,K00
f86e7a79-2e8f-49c0-97c0-4e6f00f20bc3,BKA,TX1,TX1,K00
0fd8d004-95c6-4fa4-a37c-cce1961e9547,BKA,ED3,ED3,K00
dc6f5cda-9b0c-43a4-a41f-0bfa087132f7,BKA,FL1,FL1,K00
a02b6cf8-0d2d-452f-9206-6515730e0d89,BKA,FL2,FL2,K00
a343ce40-81a6-47c6-97ba-8b0c305a2458,BKA,MS5,MS5,K00
d2579f09-6c7e-4cba-96c1-7a41820574ca,TMU,TM01,TM01,A00
ea9040e1-47af-48b6-9936-0d4bfa451e43,TMU,TM01,TM01,A01
e1d774e2-b746-45d1-adc9-97829ad32f2d,TMU,TM01,TM01,D01
4a2e300c-f107-4304-9b55-c6b671c1d4f8,TMU,TM01,TM01,D07
c55babf6-92b5-4ec6-9565-b135f02ab36b,TMU,TM02,TM02,A00
df384210-6135-4186-a5c5-5b72f8befe96,TMU,TM02,TM02,A01
394d928b-6cd1-455f-8c14-d3f0e322ff23,TMU,TM02,TM02,D01
7eff8108-7015-47e6-b869-12dbbc4727bf,TMU,TM02,TM02,D07
af592ee5-1784-4aa9-b0f9-ecf407627ff1,TMU,TM03,TM03,A00
0ad31a63-6730-4aba-859b-a132fbbb8e6f,TMU,TM03,TM03,A01
fd7bbfd5-d565-4d7d-9d4b-2f44782e5087,TMU,TM03,TM03,D01
23b48360-650f-40f3-b6c0-d41cb8af67b5,TMU,TM03,TM03,D07
dd08ba7b-d2de-4d04-a976-4dcf8e3629fb,TMU,TM04,TM04,A00
0d9672c5-f6e8-4137-8b31-dea6739a8ad6,TMU,TM04,TM04,A01
b7bc1065-8697-4847-a322-881b03d9e778,TMU,TM04,TM04,D01
e8befef1-c307-446f-855d-712bc60ccd48,TMU,TM04,TM04,D07
17e32a04-36ea-4bac-b0fa-b792ce446666,TMU,TM05,TM05,A00
79a52aef-cf5e-4c33-a3e4-5f8286185633,TMU,TM05,TM05,A01
b26758fc-3c9b-4a1a-92fd-900a62f86314,TMU,TM05,TM05,D01
21185aef-6829-4163-a165-4e32d774ed6b,TMU,TM05,TM05,D07
41cdfbe9-ea2f-4e47-b36f-f3ed5e847dcd,TMU,TM06,TM06,A00
26bc790d-8bc9-42eb-b8bb-94273bb3d885,TMU,TM06,TM06,A01
4ef640de-d23f-4cfd-9e80-755d0fd162a9,TMU,TM06,TM06,D01
73015937-d27d-4187-aae3-252f7cfb58b5,TMU,TM06,TM06,D07
4d4ea169-03e3-472e-b9c9-c19b62dd1511,TMU,TM07,TM07,A00
49cb3776-57ae-43fa-bebe-b7fdd2f7c1d1,TMU,TM07,TM07,A01
06acdd94-0bbe-418f-828c-5e7b4f8d7e7b,TMU,TM07,TM07,D01
f7d2c748-9771-4c6a-a273-89435826bfd4,TMU,TM07,TM07,D07
8ec3da59-cd07-46a4-a885-98e8dc163cd6,TMU,TM08,TM08,A01
28882b83-84f6-476b-a0b9-766a8cc868e3,TMU,TM08,TM08,D01
36072724-6d3b-4833-bd51-4626cddbeea3,TMU,TM08,TM08,D07
ecb46ed9-c6fa-4511-abf3-05c5058ad747,TMU,TM09,TM09,A00
48f81ca8-a7f1-49bd-ba75-ad6de7fb8121,TMU,TM09,TM09,A01
bd842c7b-ed89-41e4-a4f0-bfb2c746db74,TMU,TM09,TM09,D01
1b17aef7-e01f-41e6-b2ab-835a705ce3ea,TMU,TM09,TM09,D07
e69716e1-8705-454f-af71-8f69e473702b,TMU,TM10,TM10,A00
4be77757-5fb1-4942-a28a-2cbb2f93b84c,TMU,TM10,TM10,A01
4d79f8f6-193a-40df-b3b5-78a716444349,TMU,TM10,TM10,D01
0db06199-64eb-4b6a-9596-b88f3314c328,TMU,TM10,TM10,D07
2eb13ca9-3bbc-41ac-8e4c-9dc7a81663e6,TMU,TM11,TM11,A00
1e5174e0-7ca9-4414-8b9a-88e9af9dba3a,TMU,TM11,TM11,A01
0ce36ea6-d2a5-4307-9a03-fae02970047a,TMU,TM11,TM11,D01
48c0b4b3-966b-4d46-a004-871a0785b549,TMU,TM11,TM11,D07
dfe6d8e2-06f3-487d-a26b-ed062353743c,TMU,TM12,TM12,A00
3338319e-bf00-4541-9994-008b32d76c02,TMU,TM12,TM12,A01
1472f01e-05b7-4c9a-8fa4-eb15cb397d4e,TMU,TM12,TM12,D01
f1b7c760-9c09-4397-af61-8d9262fbad5d,TMU,TM12,TM12,D07
64a10346-480b-46ac-9546-fff0d0bf1107,TMU,TM13,TM13,A00
1ad42fe0-c883-4d00-9d10-7a414aaf9cda,TMU,TM13,TM13,A01
fb3305bd-7be2-4f67-a3d9-af75a646a7da,TMU,TM13,TM13,D01
ec6e74ce-9b0d-4ee4-899a-b08d75f5f06c,TMU,TM13,TM13,D07
58f16de9-78c3-479f-a431-0bc00a6e292c,TMU,TM14,TM14,A00
66331048-e6b2-4915-8e70-830ee1a1cf00,TMU,TM14,TM14,A01
fc6805d7-24c9-4ea2-9afa-d10320df19ff,TMU,TM14,TM14,D01
7bf2b61a-c452-479f-a742-c8e8185cdc53,TMU,TM14,TM14,D07
ba531637-faae-4299-b26b-8a6ee57ace21,TMU,TM15,TM15,A01
01bacaa1-efe2-4dc5-8cb7-7b2ad5c7617d,TMU,TM15,TM15,D01
7fab1a2e-420d-429f-8d86-f358807c1468,TMU,TM15,TM15,D07
168e195f-eeff-4e9e-9abb-2cfbf11d275d,TMU,TM16,TM16,A00
7b6a7d66-32b7-405f-98e5-c70554543cf6,TMU,TM16,TM16,A01
2a7e7b43-4ba0-424c-a57b-d664385035f3,TMU,TM16,TM16,D01
e92e7a96-482d-4ac7-8704-a47b11a9c789,TMU,TM16,TM16,D07
2a1209e6-7bdd-4e69-b92c-d2fc830ff2f1,TMU,TM17,TM17,A00
4c010595-844c-4494-af1d-11a3957e0744,TMU,TM17,TM17,A01
d32cf1e2-cf4c-4d6d-a236-b7931eb72a04,TMU,TM17,TM17,D01
93390c05-16db-43b6-a1d2-5dac7d7253e9,TMU,TM17,TM17,D07
416fad20-55aa-44f2-aefb-f148a6f1af13,TMU,TM18,TM18,A01
33facb95-fb81-4c0e-bd65-1bef7b9a8aef,TMU,TM18,TM18,D01
2faf8acc-beee-4920-a344-f78e16cdd20b,TMU,TM18,TM18,D07
b899d05f-95aa-43f8-a94f-8bc95290a71d,TMU,TM19,TM19,A00
6f3a6dc3-2fb5-46a7-9faf-2ef4a47d3283,TMU,TM19,TM19,A01
1b8edab5-76fe-402b-ac3a-5c78edfe3126,TMU,TM19,TM19,D01
10e06d34-6b79-421d-b08e-67f061172f06,TMU,TM19,TM19,D07
d1215af8-78f1-433d-b3e6-ffa548da810c,TMU,TM20,TM20,A00
6284881a-ef88-430f-9724-173807007540,TMU,TM20,TM20,A01
758caab4-2189-44b3-825b-616cab51b27c,TMU,TM20,TM20,D01
ce23d4c2-4ca8-454f-882b-d583bcfbea52,TMU,TM20,TM20,D03
b1f10931-064b-4b9d-95b4-7b5d2a2a0168,TMU,TM21,TM21,A00
2f17ba50-f439-4fbe-8ebe-587816cbd1cd,TMU,TM21,TM21,A01
906dcfa9-91ac-4478-b831-0383308bcb28,TMU,TM21,TM21,D01
6d4e1418-7cf7-45c6-93bc-fffea6565f21,TMU,TM21,TM21,D04
fbdb2396-3e5d-4f25-baa8-e8023bf4426c,TMU,TM22,TM22,A00
9aa7d3c0-c8a1-4945-a31a-e71c8f078dfe,TMU,TM22,TM22,A01
cd83657e-c69d-4269-9961-5ee53ff9b7e9,TMU,TM22,TM22,D01
aa2a18c8-c812-461d-9b3a-102ad3cf8d5a,TMU,TM22,TM22,D07
1bc23727-df7e-4d9f-83ef-aaeecba223ea,TMU,TM23,TM23,A00
8c9be88c-7964-43be-b977-27df069dc117,TMU,TM23,TM23,A01
35615c32-4804-4d2d-a813-7f831a101de5,TMU,TM23,TM23,D01
a4ed2a13-f865-484e-bd84-566e69edbd56,TMU,TM23,TM23,D07
0b12e8e3-8860-41aa-90c2-0c7f6031dd1a,TMU,TM24,TM24,A01
86a08e8a-6f91-4892-b7e5-f890d15e04d8,TMU,TM24,TM24,D01
ef8e0475-e954-4358-8be4-7b13141ea8b7,TMU,TM24,TM24,D07
fb5fcd7a-890c-4c33-9421-8870c69a6c1e,TMU,TM25,TM25,A01
cca06916-f739-415f-9ed8-39db9b46d8fd,TMU,TM25,TM25,D01
c7f409dc-4e9b-44b7-8378-c57e18d6f398,TMU,TM25,TM25,D07
c289fe41-cda0-43ea-9720-7fa9a32d5da7,TMU,TM26,TM26,A00
eff9ac93-37e3-41af-ad01-a84eaeeaf86c,TMU,TM26,TM26,A01
c8a1c444-4fc8-447c-adb5-cc762f9b3f04,TMU,TM26,TM26,D01
5e1697a1-a96d-4c45-acf0-779d9c0e3966,TMU,TM26,TM26,D07
d01aa011-14bc-47f7-b9a7-c1491e788536,TMU,TM28,TM28,A00
cdc9b622-5309-44ae-9943-e78933617980,TMU,TM28,TM28,A01
3a738d73-4913-439b-ae73-ad4f7e26000c,TMU,TM28,TM28,D01
2ecfe5e1-8fcd-4032-8ad2-5b9706de5603,TMU,TM28,TM28,D07
dda81412-5d6b-4306-ae9d-e73c01fdd971,TMU,TM29,TM29,A00
8572c8fb-6fd9-42a4-8f71-6b012186e6cf,TMU,TM29,TM29,A01
8c5a9a5d-6055-4870-be30-20819ad1021a,TMU,TM29,TM29,D01
a07dfbd6-077f-4c00-b633-a89d9cd8c77a,TMU,TM29,TM29,D07
1a5ee589-57c5-417e-87fd-6f6a6274ec62,TMU,TM31,TM31,A00
ce6fc52d-d30a-4b5e-8475-191f64b61698,TMU,TM31,TM31,A01
a298014c-4c31-4f81-823f-e7e1e19e0102,TMU,TM31,TM31,D01
f5e0e7fd-51ce-46a4-8c6c-089f3416ad81,TMU,TM31,TM31,D07
b301dc83-e28b-486f-b840-545179e7b376,TMU,TM32,TM32,A00
d14714c3-b83a-4b39-a2dd-9a5bf97f597c,TMU,TM32,TM32,A01
ebff32e8-2d95-4d98-bb27-5265a1aeb0bc,TMU,TM32,TM32,D01
1c18d60a-388c-44b0-8ce5-5017471fd6fc,TMU,TM32,TM32,D07
b67627fe-eec1-4e33-bd74-b07d86c2528e,TMU,TM33,TM33,A00
9429c44a-b039-4af0-afed-4c63bc54ca88,TMU,TM33,TM33,A01
fa980b36-ef79-4bff-97c5-493cfab8f111,TMU,TM33,TM33,D01
5abe538d-8b44-4e91-8bef-5f360dc51bac,TMU,TM33,TM33,D07
14750873-acc5-4814-be8d-49a6b19e73eb,TMU,TM08,TM08,A00
5a71dfce-47b9-4923-873a-9e227f14b7f5,TMU,TM15,TM15,A00
298b5fa3-d23a-46c9-a867-409e4a064791,TMU,TM24,TM24,A00
b698e923-06c5-45fa-85b2-0f255a9824f5,TMU,TM25,TM25,A00
42929169-0bcf-4058-b781-fb1f71ad74e4,TMU,TM27,TM27,A00
415b8f4a-65fd-4eb4-8972-7114fe812da1,TMU,TM27,TM27,A01
79c101e2-e224-4337-82a6-83431c16d7d9,TMU,TM27,TM27,D01
614a2144-8b38-4071-9603-ce81a6821fc5,TMU,TM27,TM27,D07
3b19a5ed-906f-421b-9539-0caaffae9dde,TMU,TM30,TM30,A00
45a43839-99a9-4cbd-8bed-0f419d1624bd,TMU,TM30,TM30,A01
3b9ae31f-0937-4618-8e84-fa1a6e5dc93a,TMU,TM30,TM30,D01
46fe051e-645d-47ca-9202-3920f0d8a88e,TMU,TM30,TM30,D07
405ef4b6-51a9-4069-a35c-b4c635fdc674,TMU,TM34,TM34,A00
ce5e49bf-637f-4a95-8e4e-c4babf62ee9b,TMU,TM34,TM34,A01
7c9db7ff-df5d-471a-8c27-39ceb796a7cc,TMU,TM34,TM34,D01
fee28343-2093-42c4-9bcc-79b18a98fef0,TMU,TM34,TM34,D07
08bb3764-5390-4e52-a021-a24fb510898c,TMU,TM35,TM35,A00
baae990a-0939-4789-8fff-cbc46f70696e,TMU,TM35,TM35,A01
655bd483-1d03-44e0-97f4-3564bd9b79fb,TMU,TM35,TM35,D01
2f653607-c0dd-43cf-890b-c1b43cf5a400,TMU,TM35,TM35,D07
a81aa59f-1384-4b00-b0ed-61f773ea7925,TMU,TM36,TM36,A00
309603aa-3b7a-4029-83d8-3088c45143fc,TMU,TM36,TM36,A01
4c660746-7c11-4364-9587-0a96e12e82dd,TMU,TM36,TM36,D01
3bffea97-9dde-4ab5-a548-6c8577da6401,TMU,TM36,TM36,D07
6ad721e8-5dd0-4c75-96ab-83d3179eab90,TMU,TM37,TM37,A00
c6ce60e7-ff46-4904-827f-5a51f4847e48,TMU,TM37,TM37,A01
6d6c8d12-502c-41c3-93ee-c40268550d5e,TMU,TM37,TM37,D01
0f32332e-6ce9-4429-85b1-df6afa591c38,TMU,TM37,TM37,D07
27f0fa58-6485-4e46-8973-2164ad19dd83,TMU,TM38,TM38,A00
3eb41ebc-9c87-4a91-a4a3-43b1a4479cb4,TMU,TM38,TM38,A01
4041792f-4560-4788-a417-11886681fed0,TMU,TM38,TM38,D01
1a84f7eb-26ed-492e-96b9-6519b3583d6f,TMU,TM38,TM38,D07
c25cfd8d-26e1-4c7c-b8ad-9290d491f1b1,TMU,TM02,TM02,D09
3709bc13-3baf-445d-b9db-9d10e8cf3914,TMU,TM02,TM02,D10
631d2ee8-07ed-4ff5-bd52-34ef6b608ae6,TMU,TM02,TM02,X25
d9e4586f-498a-4cc1-8617-4e6f93bbd264,TMU,TM02,TM02,X26
7458c8a0-0124-4071-a9b7-abba28aec37e,TMU,TM02,TM02,X27
a100ad5c-6920-45a9-a774-7b91eaaca75a,TMU,TM02,TM02,X28
30fe0d2b-e08a-47fe-b484-74152d4e2160,TMU,TM05,TM05,D09
cbb54c3a-c73a-47f6-9a44-4104cd83426c,TMU,TM05,TM05,D10
0d5a7c9a-56ba-4c11-8416-ed813d63d5a2,TMU,TM05,TM05,X25
251dc2d1-0297-4ccc-b8d2-80f2ec126667,TMU,TM05,TM05,X26
774e2938-f485-4d31-b295-38e993226725,TMU,TM05,TM05,X27
047d6041-a029-4849-a20a-3689d1f29fa0,TMU,TM05,TM05,X28
f12894cf-6a46-441b-9bc0-a5e5fd9ae1d8,TMU,TM08,TM08,D09
dac2ea1f-465a-4837-816b-62e5709223ba,TMU,TM08,TM08,D10
d898b66b-3f52-4e53-b48f-18c656a549ae,TMU,TM08,TM08,X25
727e0781-24ae-492a-bef4-0a666b07a0c9,TMU,TM08,TM08,X26
dd5dbd5a-b458-4439-9506-89f0d52d8d45,TMU,TM08,TM08,X27
88ea8302-dd89-47fc-91c7-42e1d4d7eab7,TMU,TM08,TM08,X28
aa1810ed-9ec8-4b64-b3ed-09d0b9509ab1,TMU,TM11,TM11,D09
0b5b8261-c2f9-4915-9526-68fc0dc5c581,TMU,TM11,TM11,D10
584bc9cd-1910-4450-bdb9-354ef66cda1e,TMU,TM11,TM11,X25
56d4e3e4-601e-444a-ac7e-e94030371524,TMU,TM11,TM11,X26
2fc52a35-ef0f-4ecd-8daf-4b51bbfc4d8b,TMU,TM11,TM11,X27
a6466f3b-68dc-4cc6-931b-49dd59885b28,TMU,TM11,TM11,X28
e525b00d-a366-4159-aae0-99c1dd0510aa,TMU,TM13,TM13,D09
0c95cab6-5150-4906-860c-566d9c4daa12,TMU,TM13,TM13,D10
e6650b66-6d96-4609-bef0-9e45210b6e71,TMU,TM13,TM13,X25
994f8e8d-0967-4763-b39f-c3480486e658,TMU,TM13,TM13,X26
5805a38d-815a-4d92-aa3a-111234a56084,TMU,TM13,TM13,X27
a9d25b72-aabe-40bb-acd9-49bffaf6b33a,TMU,TM13,TM13,X28
d5b4f5cf-4d0c-4357-a755-e416dcf3536f,TMU,TM16,TM16,D09
3e23c9e7-5805-4f3d-ab56-f9a5d0d93c7b,TMU,TM16,TM16,D10
c59c72d1-3a2a-44f9-b073-d4af8146e515,TMU,TM16,TM16,X25
46ca9c98-d9d8-49e7-9b48-1dbfdba77f0c,TMU,TM16,TM16,X26
c276a699-d869-4d72-9aab-4709526b6d74,TMU,TM16,TM16,X27
490ea1f5-8a5b-429e-bf12-0f8afa894f46,TMU,TM16,TM16,X28
9a3c0988-feb6-49a9-869a-07ffc0d26eac,TMU,TM18,TM18,D09
d0a407ab-807d-43b4-b5dd-9de3cfa4912d,TMU,TM18,TM18,D10
cfd3086c-44c0-486e-af85-8df41c720bec,TMU,TM18,TM18,X25
8aace08a-d660-44f5-8528-36cd6cbedceb,TMU,TM18,TM18,X26
d2cd8711-cdfc-4ea0-b4e6-37718f7ba5af,TMU,TM18,TM18,X27
a52655dd-7d64-473c-af56-e72221db0875,TMU,TM18,TM18,X28
a3a92b1e-8be9-40a8-94a1-1290f48c6a2c,TMU,TM20,TM20,D07
057437af-c639-4ce0-923a-e68af73c3b89,TMU,TM20,TM20,D09
d899b8c4-776a-40cf-a1f9-6979b4ebbbb5,TMU,TM20,TM20,D10
2fc928ba-082d-4599-805f-23ddfacb22b7,TMU,TM20,TM20,X25
dba7747b-32b4-4fe8-b5d0-327d9a239575,TMU,TM20,TM20,X26
b836611b-f157-44b0-a19b-686edf03dd48,TMU,TM20,TM20,X27
b8269b1c-7899-4cc9-801f-bd379e7fe255,TMU,TM20,TM20,X28
4ce2e060-7438-4e97-a2e9-5a5b2c4c3031,TMU,TM21,TM21,D07
9e9da0e6-776a-45aa-b302-745cc9d5c894,TMU,TM23,TM23,D09
a9f91dfb-7f65-420b-be10-d18cfdd1adc7,TMU,TM23,TM23,D10
8e03489b-62ea-4602-a19f-bc65e307c043,TMU,TM23,TM23,X25
2d5ab9c2-179b-4c0d-b56a-8198fb3feffe,TMU,TM23,TM23,X26
216e7934-3017-4ef8-8041-cbfe46a0d891,TMU,TM23,TM23,X27
3c6945d4-8e77-4d3b-996f-866582b059d3,TMU,TM23,TM23,X28
95faac7f-4db3-4971-b6e5-b14948834ee6,TMU,TM25,TM25,D09
a7c1fa04-83c1-47a6-8e01-d935fcaeb6f9,TMU,TM25,TM25,D10
4d64f696-5dfc-4d13-8d4e-b91faba2e355,TMU,TM25,TM25,X25
a9640cbe-3052-4e72-b5ee-d5d82a476470,TMU,TM25,TM25,X26
a3debb85-01ad-4c40-820e-9e13de32eb24,TMU,TM25,TM25,X27
07643a81-0aac-4488-91cc-fd1aca3608f4,TMU,TM25,TM25,X28
713580a1-4187-4448-8615-9e032f8f11ca,TMU,TM29,TM29,D09
31ffb7f6-036a-40e3-91d1-10cfa52aa6c8,TMU,TM29,TM29,D10
97fd9bdc-ba08-4858-a89a-0247e1ccd759,TMU,TM29,TM29,X25
eb5378dc-1c72-43e5-be99-1cbbd59e2be9,TMU,TM29,TM29,X26
967de5af-e5ff-4c45-b983-a908234e3838,TMU,TM29,TM29,X27
63987eaf-24cf-448e-8654-430c06ccb9b0,TMU,TM29,TM29,X28
54a30972-78e4-4d99-968f-f7f2788c90b1,TMU,TM32,TM32,D09
08f3aba9-7700-4332-bd08-38ea09c2ef99,TMU,TM32,TM32,D10
91829739-4257-434b-a4ea-8e916851b5cf,TMU,TM32,TM32,X25
d6f0cc83-0c54-4918-a9cc-d20af7c5da76,TMU,TM32,TM32,X26
d0048288-57e4-42ef-8ea0-0cf1597ae8c3,TMU,TM32,TM32,X27
cacc57ea-9b8d-4141-86c6-6a5d37e01bc1,TMU,TM32,TM32,X28
be660fa0-fe4f-4490-97b0-b254f217e42c,TMU,TM35,TM35,D09
6e4bc6ab-ff23-4943-919e-1f2179652a24,TMU,TM35,TM35,D10
b08e0fa9-2cad-4e4a-bdc8-76215f4eb2d5,TMU,TM35,TM35,X25
8a6cf8ac-fdb0-45f7-b624-bddff5cca686,TMU,TM35,TM35,X26
19d8be4a-5857-4f49-8b53-117a1ffb236a,TMU,TM35,TM35,X27
a85e3f6e-4555-4b97-8f33-0af25e0dc950,TMU,TM35,TM35,X28
eb2e49e2-9dad-4c6a-8f73-5f27046ce110,TMU,TM38,TM38,D09
0c435f97-640b-47c4-a7fd-b36b71519a6e,TMU,TM38,TM38,D10
445d1372-0fee-413d-944a-1d8f64f609a4,TMU,TM38,TM38,X25
0d989c0f-a664-4fba-b25b-9099c910c591,TMU,TM38,TM38,X26
04606e79-8bb1-42d5-b1b1-bbc4521b1c9e,TMU,TM38,TM38,X27
1c3ce7e4-ab83-44f9-a6e0-56e0359c1cfa,TMU,TM38,TM38,X28
f5595807-e251-4564-8583-2285edb0feb3,TMU,TM39,TM39,A00
9f3b7c0e-80dc-4fa6-857b-8783a6c1befb,TMU,TM39,TM39,A01
5871ec43-93c5-4800-af60-869760f8c7bd,TMU,TM39,TM39,D01
03da9bfe-89ec-4a3b-ae1a-e0fbf3dcabdc,TMU,TM39,TM39,D07
65d15c90-7d3d-4a08-8b7d-48b09bc0da51,TMU,TM40,TM40,A01
cb49e891-5705-46c5-b8dd-517a3e611dc2,TMU,TM40,TM40,D01
c2e95d2a-3652-4e74-be83-2a9e599f41ed,TMU,TM40,TM40,D04
b2f76e93-86d5-4379-bf5a-e3c031e006d2,TMU,TM40,TM40,D07
c94eeaee-d829-43fb-bee4-1c81b32630a0,TMU,TM41,TM41,D04
8907a73d-a9f4-4234-80a9-0859b04788eb,TMU,TM42,TM42,A00
ff69faa8-f2f4-4932-bf6f-3c1a0fbd8844,TMU,TM42,TM42,A01
24c2abca-b69c-498a-82cb-f30d5ebed635,TMU,TM42,TM42,D01
f65d415c-62fb-488f-8768-bf9bb12a9647,TMU,TM42,TM42,D03
0e2a9925-20db-4e64-9770-7ab930afeb47,TMU,TM42,TM42,D07
72b068b1-b80a-43e5-bae2-e62f4b739895,TMU,TM43,TM43,A01
a1f1287b-e1d0-4105-96db-703d56dbb92f,TMU,TM43,TM43,D01
0e415c10-016e-424a-9f6e-6dcb676b9c5b,TMU,TM43,TM43,D07
d666e805-e592-4d30-927d-019f218f4c63,TMU,TM43,TM43,D09
fb7f07bf-88b4-41f5-bafa-a89ec5c1b03f,TMU,TM43,TM43,D10
38888664-16d9-4c3f-b6ff-0b025dad7bf4,TMU,TM43,TM43,X25
da2632d4-bf9f-46e4-a3da-5575294ad04f,TMU,TM43,TM43,X26
e18b94bc-ed29-4e58-aa1e-1ec0a5f13ad6,TMU,TM43,TM43,X27
379522ee-f297-4680-8ff5-4ddc372da4c0,TMU,TM43,TM43,X28
7675f65f-1fd3-4024-84cf-bf1ec58ab85c,TMU,TM44,TM44,A01
0318aea1-3768-45a5-b479-4d98a51545fd,TMU,TM44,TM44,D01
2194f97c-7ec5-4ec4-9b9b-935c44b090a6,TMU,TM44,TM44,D07
82f82149-628a-4f27-97f0-14dabea9aa8e,TMU,TM44,TM44,D09
5d76cafa-e152-4269-8a6f-26b4949a960b,TMU,TM44,TM44,D10
258f5a48-a135-4b81-8ead-4dfb7ad19587,TMU,TM44,TM44,X25
7d6dea8c-a3fc-40e0-8556-9bd678785537,TMU,TM44,TM44,X26
923e0ed2-6fed-40ca-8680-ff78742ca9dd,TMU,TM44,TM44,X27
b8a4d8e8-eaf5-431d-9e53-b6468f5923ac,TMU,TM44,TM44,X28
ce294823-8cf8-43a1-9b39-9b3a2b3230da,TMU,TM45,TM45,A01
d217281d-1fb6-4ad7-989e-553567d011a1,TMU,TM45,TM45,D01
aec9d364-3f18-4921-b3d0-c7ddbdf76e8e,TMU,TM45,TM45,D07
76b2a87f-36bc-4ca6-a6ac-1acd6e5c6a2c,TMU,TM45,TM45,D09
919fabb7-0f9a-4f4e-8cd5-d0de48b0eb68,TMU,TM45,TM45,D10
e274eb4b-8cc9-4157-b327-ef0344c22d1b,TMU,TM45,TM45,X25
beb92d54-2f6f-42a8-bc06-e4a90baeee3a,TMU,TM45,TM45,X26
06a4eecc-0e74-4709-b12e-f0b298c74949,TMU,TM45,TM45,X27
566a46d7-c0b8-4978-a9c6-ddbf7707dac0,TMU,TM45,TM45,X28
f6cb5524-10fe-4cb2-b45a-ff1dc22c2ef8,KHA,7220201,7220201,A01
b634d399-41e5-462e-8358-8ad84547213c,KHA,7220201,7220201,D01
a3dbbc14-a224-41ea-bf57-48be9024d16e,KHA,7220201,7220201,D09
3ec28580-2e17-4acb-80a1-5690a361d95a,KHA,7220201,7220201,D10
f1c62a7e-34a7-4acf-bac2-10fc8a3be969,KHA,7310101,7310101,A00
4dadf06b-08e1-49b2-a7e5-f38c2bf3aefc,KHA,7310101,7310101,A01
43ffed59-becf-4b65-8313-5fa730bb65d7,KHA,7310101,7310101,D01
738a9a30-6823-4c20-bad1-8b663e76e971,KHA,7310101,7310101,D07
b9bc0b7b-b719-4f08-a83f-b1aaaa3cbec9,KHA,7310104,7310104,A00
92dc71f2-2f0b-492d-ba6a-c8bf49dcd67e,KHA,7310104,7310104,A01
b714913c-577d-43db-a443-ad058bb2732f,KHA,7310104,7310104,B00
6da51f3c-309c-4372-9221-134988b07e98,KHA,7310104,7310104,D01
61eddf34-ba1c-490f-8c48-e5c3926ea53c,KHA,7310105,7310105,A00
b982fff7-74a4-4032-9183-7f3d11d17998,KHA,7310105,7310105,A01
3e6c2af4-444b-459b-ab06-311748ceb54c,KHA,7310105,7310105,D01
f2142114-1c3b-4df9-9249-29a3b8e3b4cb,KHA,7310105,7310105,D07
1df521d3-3f43-45ae-a79a-150c2ffa1df9,KHA,7310106,7310106,A00
1f0c7787-4af1-481e-936c-12731f6fd043,KHA,7310106,7310106,A01
1792502d-3e10-4a27-8ec7-b8c4fc9e9eb4,KHA,7310106,7310106,D01
935c92a4-1d74-4b75-b47f-58146b430ebe,KHA,7310106,7310106,D07
736bd989-bf24-4083-a023-68e826c830e9,KHA,7310107,7310107,A00
d5022171-6fa9-487b-a130-dd8ed9a0449c,KHA,7310107,7310107,A01
06be1b3f-04e9-4911-93da-e26116204c34,KHA,7310107,7310107,D01
2552c5ff-3cf9-48b6-a711-487bec58e1fc,KHA,7310107,7310107,D07
57f17ae3-f56c-4bac-9568-ff481a9ca8c4,KHA,7310108,7310108,A00
d2b0750b-c48a-4133-8f39-bff08f8f4201,KHA,7310108,7310108,A01
c269f89a-5957-44f2-a811-9b1e2374131f,KHA,7310108,7310108,D01
935494e8-a8ec-490d-9a99-bb525d94377f,KHA,7310108,7310108,D07
09f69e3e-d15d-4976-9d04-6193063b2b50,KHA,7320108,7320108,A01
bf051140-f0ab-4a8b-82e5-bc22ac942472,KHA,7320108,7320108,C03
4360bc82-26e9-4e93-8917-1c20e3f85a1b,KHA,7320108,7320108,C04
bc20725e-171a-4243-89f9-65fc7d269334,KHA,7320108,7320108,D01
38e084c5-28ff-4d9b-b5bf-fe2f44238bc0,KHA,7340101,7340101,A00
daee20e0-baa0-4024-b20d-ce6f456242ba,KHA,7340101,7340101,A01
9c8d4504-9710-4bfa-bf3b-b5babbe0d7b6,KHA,7340101,7340101,D01
7b2ae0fe-103e-431a-b407-7fa7ccbd1279,KHA,7340101,7340101,D07
76c777cb-451e-4ea8-815e-d24d06f6cfe6,KHA,7340115,7340115,A00
904a4a87-e9b1-4738-b7a0-73c0d5be400c,KHA,7340115,7340115,A01
7f3f6f7b-4ec0-47b2-81ef-39f05865c01a,KHA,7340115,7340115,D01
da7a303c-997b-4e4d-b276-9b45dda54da2,KHA,7340115,7340115,D07
faa2691a-c6a8-4048-95fc-34a1de67b7b2,KHA,7340116,7340116,A00
b7b5c5da-001d-4676-9ad7-dddae1b1d870,KHA,7340116,7340116,A01
fe512961-fd4f-4c6c-bdbd-bcb374c1de20,KHA,7340116,7340116,D01
7d357293-3bb8-47b1-b1d6-91f68d5f9605,KHA,7340116,7340116,D07
2a3160fc-f9ac-41c6-9414-14dfbd842da9,KHA,7340120,7340120,A00
1634ffe5-2863-4495-a25b-8dd149763861,KHA,7340120,7340120,A01
a55f58e0-f665-4a0e-a710-9eba5b9d2c51,KHA,7340120,7340120,D01
d3f4a3b6-112a-416c-a8dd-78da90d69d68,KHA,7340120,7340120,D07
35afa186-d415-4138-9f8b-ff28138d473c,KHA,7340121,7340121,A00
0b4628e1-7b4f-4a09-be11-40bf384ee5d1,KHA,7340121,7340121,A01
93168b63-7b2b-4770-8bcc-07b03f6f8a19,KHA,7340121,7340121,D01
78ae5ef4-6ce7-435f-9fe8-10b3743a8b55,KHA,7340121,7340121,D07
69933000-ff68-4198-91d7-466f5b9391ed,KHA,7340122,7340122,A00
ec8470e9-fb8e-4644-aab3-e6409363513d,KHA,7340122,7340122,A01
d9cb44cd-f5de-43b3-8666-d73e91cdab31,KHA,7340122,7340122,D01
02143623-d9da-42bf-8420-aa29229d95b0,KHA,7340122,7340122,D07
fb94c7b4-e3a0-4ea0-b4fa-c94e2c03896e,KHA,7340204,7340204,A00
98e65d6c-b3b4-44fd-bb93-63a1d40845c1,KHA,7340204,7340204,A01
8ba05931-b01b-4663-86f2-fb1e1ca4fc96,KHA,7340204,7340204,D01
653c4758-102e-4df9-9c84-e61fd73518c7,KHA,7340204,7340204,D07
33810996-b45f-404b-baad-0baa81dd7d40,KHA,7340301,7340301,A00
3407028f-d318-472e-9507-cd8e6ccf60d7,KHA,7340301,7340301,A01
b67c8379-2070-4d11-979a-557858e48944,KHA,7340301,7340301,D01
f778c6fd-1720-4c29-8581-6bfba2d59e51,KHA,7340301,7340301,D07
870c2a5c-60d7-4578-9ab1-d8e71ddfab2f,KHA,7340302,7340302,A00
17cc11a4-e711-44ce-a804-99a069086067,KHA,7340302,7340302,A01
b3190f76-677f-451d-b90e-18f6cee5e1cf,KHA,7340302,7340302,D01
32c06830-c788-45ca-ad53-80eb81ebee17,KHA,7340302,7340302,D07
4813bbef-3e2a-4249-b14f-0598ee6fb312,KHA,7340401,7340401,A00
070a2590-c3e4-49b5-92cf-1bc6794dd3d3,KHA,7340401,7340401,A01
cdca236c-cd67-47b7-a70b-0aad3f04d056,KHA,7340401,7340401,D01
30d6deaa-6a45-4ca1-91f9-aad8e28a25a9,KHA,7340401,7340401,D07
dc4df366-8f1d-4efb-8265-96a178cc61b2,KHA,7340403,7340403,A00
9e4535ec-1a5c-437b-89e6-d030263363c9,KHA,7340403,7340403,A01
ffdef620-81dd-44ad-90e6-d41278e07b25,KHA,7340403,7340403,D01
a906dab1-be77-486d-973b-ea7d963919f1,KHA,7340403,7340403,D07
3f38bf5f-f774-4284-b017-7124a76f26b4,KHA,7340404,7340404,A00
c6618795-778b-4637-b817-6c57a3499cd1,KHA,7340404,7340404,A01
10427a59-f366-402f-bbb7-229864add814,KHA,7340404,7340404,D01
375adba3-9d47-4d17-be49-88dcb39d5f96,KHA,7340404,7340404,D07
acc157b8-e76d-407f-8acb-410a3668606c,KHA,7340405,7340405,A00
8c03c516-dd52-4b94-a265-9bacf88ff395,KHA,7340405,7340405,A01
3aa9c71d-f8eb-49d2-8624-8c3eea2d5476,KHA,7340405,7340405,D01
0ed7b68f-b430-4132-8a0d-bc38a82dc7f9,KHA,7340405,7340405,D07
65b5d4bb-2501-42af-96a8-15d8040f20d1,KHA,7340409,7340409,A00
b5f583b0-3f01-4456-b61c-97e6d8ceacbb,KHA,7340409,7340409,A01
2dce43a2-40fe-4f83-aeb7-7bc4187036d3,KHA,7340409,7340409,B00
5d1f27f1-8ff4-43dc-9570-f77f4e103ff1,KHA,7340409,7340409,D01
0c7bfdcb-311d-441b-b4b5-db674eb045aa,KHA,7380101,7380101,A00
881bc9c2-3a41-4745-bc9c-d43871f0d69e,KHA,7380101,7380101,A01
121db35a-0924-4b3d-ab44-b93d31ae9ba1,KHA,7380101,7380101,D01
1787de58-c11b-49ba-a959-af03528f6175,KHA,7380101,7380101,D07
2a9dd4c6-a702-428f-a3d3-56ec0d286d05,KHA,7380107,7380107,A00
321e1a38-dd54-4564-89e7-3f4a1e93fa6d,KHA,7380107,7380107,A01
cc2d5b1e-01fc-41d3-b23d-087cc46cc6ed,KHA,7380107,7380107,D01
89036b4c-f701-4c4d-934a-3b28d626273f,KHA,7380107,7380107,D07
a3e5cdd5-180d-4a01-8060-74ec523006d7,KHA,7480101,7480101,A00
49b6665f-2810-4e75-9bae-ef7729226ebe,KHA,7480101,7480101,A01
09c4b9a9-7967-4657-94ff-6a90f55af630,KHA,7480101,7480101,D01
c1c3fefc-e331-409d-8dcc-d7b4fcdca4ae,KHA,7480101,7480101,D07
cc4821ca-990b-4b5a-b40d-2df79442fc54,KHA,7480201,7480201,A00
7d2c558d-a8f8-4bb2-af68-04555d5668ca,KHA,7480201,7480201,A01
073bb90c-bb4e-4ae0-8eee-a4276b23630b,KHA,7480201,7480201,D01
c0fc706c-6dad-4f2d-b42d-3c42923d9efe,KHA,7480201,7480201,D07
bba31f65-355c-43ca-8b9d-3058e33eac98,KHA,7510605,7510605,A00
7ae4944a-e0c8-46e8-b598-5a72d6b32dc7,KHA,7510605,7510605,A01
97cdb066-0d43-4521-8577-4d1f8240949e,KHA,7510605,7510605,D01
d07d8283-2b4e-4e50-934f-0f91890f2612,KHA,7510605,7510605,D07
47155e0c-63d8-44d1-af8c-8f9acbcafb42,KHA,7620114,7620114,A00
deeb6c2a-2747-43eb-936a-59c3af810619,KHA,7620114,7620114,A01
7b5389da-5032-4675-bdea-0ac844bd3cd3,KHA,7620114,7620114,B00
6241aeb7-1942-4d9e-9184-d338301a0a1a,KHA,7620114,7620114,D01
128f7ebf-fee5-43f6-9f5d-950b926c2178,KHA,7620115,7620115,A00
0cb5befb-bb24-4b50-8076-ac592796136b,KHA,7620115,7620115,A01
462f1845-b94f-4f1b-9122-01361a2c981b,KHA,7620115,7620115,B00
3449baa1-6cb1-4986-95bf-fbdf28ffb42f,KHA,7620115,7620115,D01
c7817380-1f7b-4dfa-a475-93dba9559a41,KHA,7810103,7810103,A00
7caef3a3-d207-4df7-b687-eafebeebc788,KHA,7810103,7810103,A01
2e8684b2-08c7-48ba-9206-6873d22be46c,KHA,7810103,7810103,D01
f514159d-8771-4f20-b0b8-b1d94051f96e,KHA,7810103,7810103,D07
892933d8-5b11-4ffc-b676-69e12e355e73,KHA,7810201,7810201,A00
f051cf14-1e85-4be6-a031-d57d4591dd4f,KHA,7810201,7810201,A01
4d4a4ac6-c302-4bf8-96e1-11abf617329d,KHA,7810201,7810201,D01
770183dc-07a4-48f1-b59b-26befda346a9,KHA,7810201,7810201,D07
34a2eb3f-119d-416b-b79b-47efeffedef6,KHA,7850101,7850101,A00
fcb52abf-2952-4fa0-8c3e-d0dcf0c31f44,KHA,7850101,7850101,A01
6e99934a-be4c-48fd-b213-d85cbd25107f,KHA,7850101,7850101,D01
427bab9a-c60b-4e76-acd0-edcbd184bcb4,KHA,7850101,7850101,D07
0ca7650b-a491-4b8b-8e58-38bc8390c3d9,KHA,7850102,7850102,A00
7e1fd0f8-4e74-4351-868f-739bacaf957b,KHA,7850102,7850102,A01
b65d3f18-9f2f-4f0b-99e1-a4720e3d23ed,KHA,7850102,7850102,B00
c2f1da18-39fb-40b2-9524-36ad0025292e,KHA,7850102,7850102,D01
f69631a9-ec42-471c-9c2d-596d5a6a8a62,KHA,7850103,7850103,A00
1e37446f-8ada-4bd8-b71f-ecbdb340881d,KHA,7850103,7850103,A01
89f64b4d-7d3e-4640-8588-f1da322e5b2d,KHA,7850103,7850103,D01
89d5e257-aa53-4296-afcd-3320a39bea78,KHA,7850103,7850103,D07
1b49052d-ce8d-4f12-9549-cb1ec1766f57,KHA,CT1,CT1,A00
cf024771-4915-4086-ae80-d9994b43d89f,KHA,CT1,CT1,A01
b5bdf492-8ca8-45fd-85ea-3cbd18eb0d28,KHA,CT1,CT1,D01
9c9e7146-07e2-429e-8b94-cc63a3db225f,KHA,CT1,CT1,D07
411787fa-0ba5-4ef9-a741-75fce3ae2596,KHA,CT2,CT2,A00
aae523c1-4ede-4a4d-a9c2-275e9475ddca,KHA,CT2,CT2,A01
b82a0e64-3c83-48ce-a4bf-60e207017ff1,KHA,CT2,CT2,D01
b62b4aba-34c6-4321-8ebc-475ed375d1da,KHA,CT2,CT2,D07
20532816-149b-4d2e-b7c5-ca7c9607b353,KHA,CT3,CT3,A00
589c068a-ea48-4c94-b3c2-5cacc3a73cce,KHA,CT3,CT3,A01
03307417-2232-46c9-bcc7-0a8106c14472,KHA,CT3,CT3,D01
30fc4354-c92c-4c15-bfac-9c6d2a04a8bf,KHA,CT3,CT3,D07
6fea2a8c-6b3c-4834-b196-8f1c06dbb5f3,KHA,EBBA,EBBA,A00
6860f13e-99ca-4422-b393-c2f126e40d26,KHA,EBBA,EBBA,A01
dbd3ea1f-c048-426d-b27d-2abb0eb0d700,KHA,EBBA,EBBA,D01
b310c2c0-66fc-45f4-be3c-3f8bf7a6b050,KHA,EBBA,EBBA,D07
278b507c-656b-4bde-86a9-14759f9aa530,KHA,EP01,EP01,A01
522154a5-588e-4d4e-af1e-30c3f85b63ce,KHA,EP01,EP01,D01
f13af641-10a6-4f39-8c5b-d7ae6a122ecb,KHA,EP01,EP01,D07
3630e1f9-9c59-4094-900e-ce4f33172d78,KHA,EP01,EP01,D09
d4345a16-e316-4f16-a184-ea7a50d12b83,KHA,EP02,EP02,A00
d6de7246-748a-4f36-af3c-7b4727bd9590,KHA,EP02,EP02,A01
4d2add46-0228-45a1-8a9e-452e58c93e1c,KHA,EP02,EP02,D01
f3420dcb-b0cb-4750-9572-2cd536b8f5d4,KHA,EP02,EP02,D07
d1bfd598-7524-476c-ba70-e290b1837237,KHA,EP03,EP03,A00
dc1090d9-b775-4d86-a5ee-b2e5aac503bc,KHA,EP03,EP03,A01
349f7472-8b43-4a1c-bd49-2f39a96c3222,KHA,EP03,EP03,D01
dcedc0f2-bf7b-4666-b5f4-06ebbe1a1e89,KHA,EP03,EP03,D07
1b96fe5f-8e2b-4caf-a06a-a46898c716a2,KHA,EP04,EP04,A00
a9ecb651-a64d-4a7d-9232-388ecbd5d61d,KHA,EP04,EP04,A01
b6c64f35-b4b9-4082-81ee-ed94d6da9861,KHA,EP04,EP04,D01
6fc085d6-96fc-4524-a145-99bda4a167c3,KHA,EP04,EP04,D07
4bf1bf0d-a270-4d27-8212-d35638c7b651,KHA,EP05,EP05,A00
bd0d49c5-9be8-4134-b697-661afe376f8a,KHA,EP05,EP05,A01
3f11b521-455e-4915-a325-1ba8e9d55b80,KHA,EP05,EP05,D01
0f9a2675-ac05-416a-bdb1-a431cfbe5cd6,KHA,EP05,EP05,D07
dcc036de-c06b-485f-a046-159417bebc10,KHA,EP06,EP06,A00
99421ab8-9365-433f-8f17-8b56c0398c83,KHA,EP06,EP06,A01
d9f3537d-f53a-401e-a324-3545bbbd25dc,KHA,EP06,EP06,D01
c908f5e3-e235-4206-85ec-df9d6716f825,KHA,EP06,EP06,D07
9e85ddb1-4451-4828-af99-e50c8bd97cf5,KHA,EP07,EP07,A01
94942d43-782a-4323-8d70-016bf84d98e0,KHA,EP07,EP07,D01
91194eaf-5e36-496d-9f43-f62fbdae2065,KHA,EP07,EP07,D07
cfcea378-fa99-43be-8a77-d6d7edb7f4c0,KHA,EP07,EP07,D10
d2d20559-bd2b-4473-8d88-bfa7f01989b7,KHA,EP08,EP08,A01
59868c49-e0ea-4a39-8e26-2e14d878fa3a,KHA,EP08,EP08,D01
7f89f23e-5020-40e7-aad5-cae426460dfc,KHA,EP08,EP08,D07
a145afa0-7e57-4fd1-a5da-65c37519080b,KHA,EP08,EP08,D10
a4075a22-a19e-4974-a6ad-892b6e9f9c45,KHA,EP09,EP09,A00
eb368718-92d1-4925-b9ff-302ac159ad35,KHA,EP09,EP09,A01
93965999-9272-4311-bd44-2125826417eb,KHA,EP09,EP09,D01
72de36b3-f38b-472f-86da-2e228322739f,KHA,EP09,EP09,D07
d83c7147-259d-40ed-a293-6b66723ed41a,KHA,EP10,EP10,A01
d9285dca-bb46-4eca-9353-970b039c1521,KHA,EP10,EP10,D01
eeccc518-98ef-4572-a6b1-2cd60e505d3e,KHA,EP10,EP10,D07
39d2181c-2252-4237-82fb-40c08894ea74,KHA,EP10,EP10,D10
2a8186f9-f9a5-4a71-996b-1d66d0318843,KHA,EP11,EP11,A01
680ce4e3-dbff-40fd-b51e-c78c12a9a64e,KHA,EP11,EP11,D01
c063c057-6f0c-44f8-97fb-e71abe7dd882,KHA,EP11,EP11,D09
d22fc272-3f9f-4775-9dde-c9324817b6a7,KHA,EP11,EP11,D10
f3834ae2-f163-4078-be64-31e4b1f426f1,KHA,EP12,EP12,A00
ed30bbb1-2cdb-412c-9704-3127fe8b18f8,KHA,EP12,EP12,A01
e6317f64-8d3b-4620-b72b-be5f1cb778d5,KHA,EP12,EP12,D01
4307cfd8-3143-4cfe-aa49-21196aef6877,KHA,EP12,EP12,D07
1cb862c6-211d-481c-a117-20cd949895aa,KHA,EP13,EP13,A00
05bee86f-9b1b-4a21-90ab-bfa2e4416a67,KHA,EP13,EP13,A01
ede57827-6e0e-48cb-bf95-b8b9ea28c035,KHA,EP13,EP13,D01
0dde72ef-7e7b-47c6-acc8-0acf74ec2c63,KHA,EP13,EP13,D07
cebabac4-fd6c-423b-930b-b9c9ece7de65,KHA,EP14,EP14,A01
c1d50d50-1c8e-4ccf-b62f-f0211ca6ee9d,KHA,EP14,EP14,D01
7509bb27-34e2-4a84-8b96-91014b11251a,KHA,EP14,EP14,D07
38408712-4278-4541-a3a3-c302a8c308da,KHA,EP14,EP14,D10
d3b213ce-c9dd-4222-b865-df98fb797487,KHA,EPMP,EPMP,A00
13016247-3842-46c0-947b-5e78f763c01a,KHA,EPMP,EPMP,A01
30dd984a-0aa4-4113-adde-548872bfebea,KHA,EPMP,EPMP,D01
22601e3d-bd80-40a0-8742-693402b2df27,KHA,EPMP,EPMP,D07
31f99ca0-a895-4183-85d9-4cb70d42a3e1,KHA,POHE,POHE,A01
39222493-dc02-43b4-8400-b7bac7c54cdd,KHA,POHE,POHE,D01
3f5521ef-c471-40dc-b9b8-bd6229970898,KHA,POHE,POHE,D07
5fc66262-c0c7-4212-a7c7-fc4a6f217c9e,KHA,POHE,POHE,D09
37f0941d-220d-4483-a3a2-5fde9f667bc5,KHA,7310101_1,7310101_1,A00
f7d8f529-df3b-4d60-903f-599226a83383,KHA,7310101_1,7310101_1,A01
77993fbf-2dd0-46fd-bc34-311078438c48,KHA,7310101_1,7310101_1,D01
a609191e-c408-4415-94da-898e3fbd946e,KHA,7310101_1,7310101_1,D07
b9c77f35-d1dd-4501-ab55-c13b5c8a08c2,KHA,7310101_2,7310101_2,A00
9106d490-8d23-4558-9a3f-0fa4d92e03e5,KHA,7310101_2,7310101_2,A01
a5061cac-769d-43e0-9c89-e669f68192b6,KHA,7310101_2,7310101_2,D01
92378735-6a9f-4976-adb5-005435af11d7,KHA,7310101_2,7310101_2,D07
d74c47e7-5b8d-4582-91de-a967f4215058,KHA,7310101_3,7310101_3,A00
4f484137-e622-4aea-a3fa-fa103a289bcb,KHA,7310101_3,7310101_3,A01
d1315748-013a-48bb-aab8-51ecd53b9481,KHA,7310101_3,7310101_3,D01
21f5bbdf-105f-4826-bce1-058886e0532f,KHA,7310101_3,7310101_3,D07
b337f8e6-a6fc-4505-b0be-bf867bf7bcda,KHA,7340201,7340201,A00
3d6e1a08-dd40-442a-88df-64325e6b330e,KHA,7340201,7340201,A01
d8ec9efc-1732-42d5-8542-d4bfa312238d,KHA,7340201,7340201,D01
e99d363a-3063-492d-b5c2-60b07512790c,KHA,7340201,7340201,D07
918210ca-a3ab-403c-aed1-8e4d0a91b7f4,KHA,EP01,EP01,A00
10266f15-76c7-41a3-a185-e971ae54bd5f,KHA,POHE1,POHE1,A00
7e44b095-c926-471a-a141-3b8de0ea5939,KHA,POHE1,POHE1,A01
2344710e-8741-423a-bb41-687f654556fb,KHA,POHE1,POHE1,D07
573f3d20-11e2-490a-8d65-1b114e9eeb9f,KHA,POHE1,POHE1,D09
2e7a2155-2960-4b18-a495-86316f880e61,KHA,POHE2,POHE2,A00
fbdc26ad-6235-4967-8abe-46008bd57fa4,KHA,POHE2,POHE2,A01
93e582fd-9bb2-47d6-ac88-f9ce45c625b9,KHA,POHE2,POHE2,D07
b37f6b7a-bb3a-452d-ab51-519534de8a9c,KHA,POHE2,POHE2,D09
dfc1ef67-7754-45fe-99fc-f2c62f550b47,KHA,POHE3,POHE3,A00
44cacbcc-17d5-42fb-9160-d1a418552589,KHA,POHE3,POHE3,A01
4ce8adb2-7e6b-4ff0-9301-7bb00844e345,KHA,POHE3,POHE3,D07
783882d6-ed03-4d28-b9ca-f5074e6db985,KHA,POHE3,POHE3,D09
dd857a2e-8b61-4ecd-8087-be8a4f7f7188,KHA,POHE4,POHE4,A00
e260d89b-03ce-45ca-9201-28bc60b93e5b,KHA,POHE4,POHE4,A01
a92da4cf-fac9-4850-87bf-32748444356d,KHA,POHE4,POHE4,D07
c482ab05-f56e-4ce5-9af0-8e93a6a3a40b,KHA,POHE4,POHE4,D09
c54383a3-4af7-478a-a73a-46e8daaf4406,KHA,POHE5,POHE5,A00
8c9e7d3a-9e7c-4cb9-878e-2a3ebfde454a,KHA,POHE5,POHE5,A01
c95a267b-ccc6-493c-bbf0-f9f7790db5ac,KHA,POHE5,POHE5,D07
c3b5633f-1ae3-44ad-9cf2-f4a5fd96df7b,KHA,POHE5,POHE5,D09
0bbd9148-d6b0-45d5-99ad-71d2263a74eb,KHA,POHE6,POHE6,A00
b1c9f17a-6ad7-4f58-8bd8-ae6a4fd25c09,KHA,POHE6,POHE6,A01
4373ada5-5e74-4fdd-8367-3a0ea02719b8,KHA,POHE6,POHE6,D07
977c3b86-1573-44fe-bb8b-fec2df36257c,KHA,POHE6,POHE6,D09
d097cad4-cb76-442e-a780-64bf9d951f1b,KHA,POHE7,POHE7,A00
e4b3c1c5-8dde-46d0-adf2-c11e91f9313c,KHA,POHE7,POHE7,A01
76ef8f21-1a7d-4683-82c2-a8f44f0cfa70,KHA,POHE7,POHE7,D07
19a2640c-bb89-4ef2-8c08-19c43c14349d,KHA,POHE7,POHE7,D09
304170de-6c31-4608-9c23-673395f6ab5c,KHA,POHE1,POHE1,D01
95f8761f-785b-456e-8418-078266893946,KHA,POHE2,POHE2,D01
d747f6e6-128f-4742-8874-6478dddfe6e8,KHA,POHE3,POHE3,D01
ffa10c62-b280-41f4-bc9e-f7546174ed36,KHA,POHE4,POHE4,D01
c27d31a8-41ea-43d1-9584-812e170999b8,KHA,POHE5,POHE5,D01
7418756d-6c38-4f6e-9194-e7f5aba12bbe,KHA,POHE6,POHE6,D01
e438bd63-391a-4b1a-bfb4-8fd8275b4edd,KHA,POHE7,POHE7,D01
435d4f3e-b373-4c7f-8b59-dfa8786421ef,KHA,7310104,7310104,D07
4d1f623a-6fe1-46fb-ac20-1493dd9cc550,KHA,7340409,7340409,D07
6649acd3-96e9-4d61-ae5c-5c1eb6dc56ca,KHA,7480104,7480104,A00
fa075ca2-eaa3-4127-8234-72c6954e6678,KHA,7480104,7480104,A01
200eda48-cc26-489d-9c9a-4b32bd0f1b37,KHA,7480104,7480104,D01
9782daed-3a34-4de8-a94b-b001699d2901,KHA,7480104,7480104,D07
1c2bfc15-87ac-4069-9f5f-a2aa227d7b65,KHA,7480202,7480202,A00
67942daa-ccb5-42ae-a3d0-7ff02cb04d4c,KHA,7480202,7480202,A01
b7899fcd-5dd5-42ff-87df-fb4cab8b7caa,KHA,7480202,7480202,D01
dc8401f8-6fb2-4530-aa21-7516f4144d32,KHA,7480202,7480202,D07
83199d99-82c0-40f3-9fab-77404e3f0a5d,KHA,7620114,7620114,D07
01ba75b8-7a66-4c77-85cf-973458fdad15,KHA,7620115,7620115,D07
3517f183-7bc9-4dd9-a915-c687dfca1478,KHA,7850102,7850102,D07
eeebf076-a2a0-4363-b792-fa144faf2a75,KHA,EP15,EP15,A00
0eb7e817-f6c9-4a33-8900-9fda942a920f,KHA,EP15,EP15,A01
ed676fc1-ae17-494a-b6a5-6ad09d9c1d91,KHA,EP15,EP15,D01
9183aeb0-8ae0-4554-ae97-6b9b32e3f858,KHA,EP15,EP15,D07
d7a21f92-64c6-49eb-8f1e-c0dedfbb94da,KHA,EP16,EP16,A00
d49c76ef-bf93-4b39-ad95-e95a86e5fdec,KHA,EP16,EP16,A01
c8442b8e-89bb-4455-94b3-f2a46af8d154,KHA,EP16,EP16,D01
a02fd02a-68b3-424d-ab56-a41e88f473bb,KHA,EP16,EP16,D07
f31db85a-a429-42a1-8c5e-48a90af9b487,KHA,EP17,EP17,A00
ffea1589-0131-41fe-b013-33f8cf0a51cb,KHA,EP17,EP17,A01
40ef2371-7ec6-423e-a73b-889db143c2db,KHA,EP17,EP17,D01
797c7bc8-dc2f-4e0b-b111-dd59c06e2905,KHA,EP17,EP17,D07
e5665955-e959-4510-b1e8-1efffef0858e,KHA,EP18,EP18,A01
07eeac03-b220-4cbf-b0f2-f48766041b7d,KHA,EP18,EP18,D01
cda1fca3-38cb-4bef-948d-0c5644413437,KHA,EP18,EP18,D09
54fc6787-4073-4a29-975d-3fcc8ccb7a3d,KHA,EP18,EP18,D10
2f5f6c9c-7a7d-47b7-a0f7-08334b5eaac4,KHA,7220201,7220201,A00
2f3909dc-d13f-4005-9318-f056c2e30c35,KHA,7220201,7220201,D07
f7452365-6e62-4e94-b6fa-9e6b4d10e48f,KHA,7310104_CLC2,CLC2,A00
9b037530-e568-43b9-880f-9cc0887931f2,KHA,7310104_CLC2,CLC2,A01
d84c9214-74cb-49a3-a459-f59bf27863da,KHA,7310104_CLC2,CLC2,D01
30c96b07-bf17-49cc-8963-d61ac936a792,KHA,7310104_CLC2,CLC2,D07
e1cf77be-88cf-4dad-88fa-07b6da617418,KHA,7310105_CLC1,CLC1,A00
7c63e916-7ca7-4aa4-b0d4-28008ddd7764,KHA,7310105_CLC1,CLC1,A01
d45d452c-a0fd-4ae9-9adc-09515e5d84a8,KHA,7310105_CLC1,CLC1,D01
c00bf902-e594-49d3-b891-651500233a47,KHA,7310105_CLC1,CLC1,D07
068b299e-6db0-4728-ae6b-dbbc71132a76,KHA,7310106_CLC3,CLC3,A00
ad618eec-c9fb-49db-b8ba-793e0037b63c,KHA,7310106_CLC3,CLC3,A01
1cfc4d84-39dd-4b0d-a177-fe93a629f965,KHA,7310106_CLC3,CLC3,D01
dbcf94c9-b14e-4796-a403-b1e183dca9df,KHA,7310106_CLC3,CLC3,D07
8482d860-f59c-4f2a-9e19-ff6f46a34421,KHA,7320108,7320108,A00
ef206503-4e61-487a-8019-9bd88147f59f,KHA,7320108,7320108,D07
1e17a81b-4cab-434f-a5cd-34b3edca307a,KHA,7320108_CLC2,CLC2,A00
45a9e9d6-b7f2-4940-a38d-ae779f95b296,KHA,7320108_CLC2,CLC2,A01
8806a8b2-5979-4211-be4a-d841d87f1527,KHA,7320108_CLC2,CLC2,D01
0786be44-6607-49fa-b525-2d5e9e09cf3e,KHA,7320108_CLC2,CLC2,D07
0f558640-3d4e-4ad9-adb0-c30e9063c5a7,KHA,7340101_CLC2,CLC2,A00
fc72254a-c512-4371-821d-4491853ce2b3,KHA,7340101_CLC2,CLC2,A01
545e7abe-b71d-4f3d-910a-572e82f0b181,KHA,7340101_CLC2,CLC2,D01
d06ed8c5-b001-456a-81aa-7f51b983f0f7,KHA,7340101_CLC2,CLC2,D07
23516ea2-0a58-4a67-89de-75d640fbc765,KHA,7340101_TT1,TT1,A00
44267171-d4f8-48a7-bf5b-f2acab1f3a8f,KHA,7340101_TT1,TT1,A01
4acd8997-eba3-4628-8bc4-04b5bf6c4cf8,KHA,7340101_TT1,TT1,D01
7dc15f96-c132-4280-b099-e0b32fe0c388,KHA,7340101_TT1,TT1,D07
5f1d26da-c378-4edb-a3d4-fdd119fe6e4f,KHA,7340115_CLC3,CLC3,A00
5a19b810-4093-463d-8e32-ca127d095ff5,KHA,7340115_CLC3,CLC3,A01
a9110d79-758e-474d-8fba-a0e888cb2d5f,KHA,7340115_CLC3,CLC3,D01
3ecc5b36-0cbd-48b6-a220-c2009caeeca2,KHA,7340115_CLC3,CLC3,D07
8c604c9b-5dc4-4b61-91ba-faa3c02bfeb3,KHA,7340120_CLC3,CLC3,A00
775af975-19d5-46f1-8d61-82adc1d3a76c,KHA,7340120_CLC3,CLC3,A01
c15a6355-83bd-40b5-85d8-4727013d7b24,KHA,7340120_CLC3,CLC3,D01
fbe7a418-c56d-44f9-b850-61124d49de7f,KHA,7340120_CLC3,CLC3,D07
c62fd578-7815-4989-a9c1-a48cc70dafc7,KHA,7340120_TT2,TT2,A00
6628833d-fae5-4841-aa29-8c1e9a5d579b,KHA,7340120_TT2,TT2,A01
fd341702-90a4-4d5f-a936-2ab1e8f81af4,KHA,7340120_TT2,TT2,D01
cade5aad-3190-4df8-a7c2-05c98eb01adf,KHA,7340120_TT2,TT2,D07
761e7669-a70a-4790-9d05-10b71d543442,KHA,7340122_CLC3,CLC3,A00
74d949f6-2438-4d94-a72e-6b72279eccd0,KHA,7340122_CLC3,CLC3,A01
79959e9c-c3cc-4e73-aebe-6c451ddda466,KHA,7340122_CLC3,CLC3,D01
f52ce6aa-e9a3-43ef-9017-2c3f4af940d5,KHA,7340122_CLC3,CLC3,D07
3090bc2f-c349-47d4-ae9b-a7b63561b571,KHA,7340201_CLC1,CLC1,A00
5b2820e5-105a-4d2a-bcd6-5a6c8ba6d468,KHA,7340201_CLC1,CLC1,A01
ed3da0cf-4bc8-4e3e-a562-a66bc22a328d,KHA,7340201_CLC1,CLC1,D01
b5e559d3-68ae-458c-9b00-ff94f0258820,KHA,7340201_CLC1,CLC1,D07
ee2db2ef-2d29-40e7-baff-22d07cee5bc4,KHA,7340201_CLC3,CLC3,A00
512014b7-6cc0-49f3-83c9-e7e7de4dc7f6,KHA,7340201_CLC3,CLC3,A01
c3d2a17a-34e4-4201-8d3f-0ba93a92ad9b,KHA,7340201_CLC3,CLC3,D01
920fa98d-4d25-4182-90d6-511bdd577a04,KHA,7340201_CLC3,CLC3,D07
a9d700ac-9111-4fe9-8aa5-67803a75362f,KHA,7340201_TT1,TT1,A00
f145cfed-c946-4fba-a0b2-f3cd639ebb67,KHA,7340201_TT1,TT1,A01
160f3ac8-8513-4d8a-80b8-d615c8c26a72,KHA,7340201_TT1,TT1,D01
c892c9a0-9ea3-40c5-bf22-1ab9c2730808,KHA,7340201_TT1,TT1,D07
3e8735e2-c42f-4348-86c3-811f8fad9085,KHA,7340201_TT2,TT2,A00
6d8e578d-fe12-4d57-a53d-de09a90897c3,KHA,7340201_TT2,TT2,A01
69f8f8a0-d7eb-4e8d-8320-f2c2e57c4502,KHA,7340201_TT2,TT2,D01
aea6226a-0df8-4e46-b959-54d51cb46141,KHA,7340201_TT2,TT2,D07
ef563dba-be84-430d-8889-742521ceb2df,KHA,7340204_CLC1,CLC1,A00
ef0796d7-08d5-4330-9487-cc02b3eb7268,KHA,7340204_CLC1,CLC1,A01
cc3bb56d-a498-4127-83c8-1ba50473b0a6,KHA,7340204_CLC1,CLC1,D01
02c489bb-1e78-41e9-bd37-81b51a8a385b,KHA,7340204_CLC1,CLC1,D07
8491b02c-2327-47e0-9a54-aa78a6e1674e,KHA,7340301_TT1,TT1,A00
fefd8139-a286-4e66-8916-3db2299c1193,KHA,7340301_TT1,TT1,A01
edbe2f6b-8775-4a52-bb79-e7609b6a5062,KHA,7340301_TT1,TT1,D01
cf157967-5e39-474e-ba30-b75e44fd398b,KHA,7340301_TT1,TT1,D07
35b8f156-f67b-490a-a893-8ce1102048d4,KHA,7340302_CLC3,CLC3,A00
8adae98f-5bd3-4a26-93d6-e6eea060d53f,KHA,7340302_CLC3,CLC3,A01
28f6f36e-b559-445a-bcdf-f2267351fd9c,KHA,7340302_CLC3,CLC3,D01
b94f8899-5d4b-4498-bd7c-de230d0e9148,KHA,7340302_CLC3,CLC3,D07
b4697a99-695f-446e-bb9d-e0e6bfe2127c,KHA,7340404_CLC2,CLC2,A00
dd076869-fa4f-4ce4-9a0a-faf66757b3a1,KHA,7340404_CLC2,CLC2,A01
ab271df2-de15-430d-8649-01627cd5071f,KHA,7340404_CLC2,CLC2,D01
b5d4e8e0-8a2b-4976-b1b3-89e5ad4ada98,KHA,7340404_CLC2,CLC2,D07
651b989a-d1bd-4a8e-96c7-1a383d53323b,KHA,7340408,7340408,A00
f2832947-9395-42d0-bf80-06ce192865e3,KHA,7340408,7340408,A01
fc260ab9-c8bb-4734-b459-4153b97ee71c,KHA,7340408,7340408,D01
1836d2da-eab1-41a6-b21d-badb33eaf7bf,KHA,7340408,7340408,D07
dbc7eeda-ea95-4c45-848f-1b1dde084df9,KHA,7380109,7380109,A00
fd3bc39f-5470-423e-be9a-fd1dc393c479,KHA,7380109,7380109,A01
99c7a20a-aaf6-419a-ad08-4215d18c7d8d,KHA,7380109,7380109,D01
8ac934ef-19ae-45f7-8f91-f10dbc0f84cd,KHA,7380109,7380109,D07
155e13b5-9647-4032-bab4-e2afd421ad22,KHA,7480201_CLC1,CLC1,A00
0cd482e2-255e-4c14-a613-53ae64d3f002,KHA,7480201_CLC1,CLC1,A01
ed796213-f79b-4cc8-8db3-da2d02332bd3,KHA,7480201_CLC1,CLC1,D01
16a5df21-db38-4c42-941a-72af61f1ead7,KHA,7480201_CLC1,CLC1,D07
4beda0d9-ae31-45a2-9c4f-5c3c49a0cb15,KHA,7510605_CLC3,CLC3,A00
1d3167f4-35f7-498f-a121-73027fa2fe4d,KHA,7510605_CLC3,CLC3,A01
46bf6747-158b-4ed7-925a-be610f936b2b,KHA,7510605_CLC3,CLC3,D01
c9f06c2d-13dd-4ef6-8b80-f4f2d8c151e6,KHA,7510605_CLC3,CLC3,D07
f16b209b-7ed3-4124-9b96-381b84a63919,KHA,EP07,EP07,A00
3a563e8f-ef5e-491a-8704-069e164cc0d9,KHA,EP08,EP08,A00
24ef7139-dc0d-4dec-9910-a21e70d1fe17,KHA,EP10,EP10,A00
397f34a4-9d35-4779-bee4-78bc474ce73f,KHA,EP11,EP11,A00
05bd6f77-c925-462f-aaae-6aa09947d0ad,KHA,EP11,EP11,D07
b8ef1378-abdb-46bc-bd8a-44fc1282f04a,KHA,EP14,EP14,A00
4845b90d-3027-4f2e-a693-95e83f0e24bc,KHA,EP18,EP18,A00
11de4bd4-4da7-4313-a19c-0d9b8a4f2990,KHA,EP18,EP18,D07
f82fedd3-18da-4480-9e25-82f1b2884c77,KHA,7220201,7220201,Q00
92fe792e-086c-4498-bfbf-96020771c3b7,KHA,7310101_1,7310101_1,Q00
f62bf7b6-547e-4ea6-a95e-967eaa7c7125,KHA,7310101_2,7310101_2,Q00
5acbf17c-70ab-41dc-bc9d-734ce6f6f9a3,KHA,7310101_3,7310101_3,Q00
2593c693-68ba-4fae-9a06-0f0ef5838df3,KHA,7310104,7310104,Q00
76438407-5529-4dfa-9601-72f89bc315db,KHA,7310104_CLC2,CLC2,Q00
f775163c-23ec-49d6-87be-0a78776bc8c0,KHA,7310105,7310105,Q00
8b70a4d7-8f2d-442a-b53e-491628940a60,KHA,7310105_CLC1,CLC1,Q00
217743ae-7483-4e08-a851-2867246304d0,KHA,7310106,7310106,Q00
f9636b7a-0144-4ef6-946d-c94fc0eaeea1,KHA,7310106_CLC3,CLC3,Q00
7eca31cb-88b2-4670-b501-85d056fe767f,KHA,7310107,7310107,Q00
9951409d-946c-41f3-9466-7d865694d128,KHA,7310108,7310108,Q00
be4ab5bd-4fd2-49cb-8a4c-a9462ab18697,KHA,7320108,7320108,Q00
efa94d86-505e-4b98-b0d9-754734d17cec,KHA,7320108_CLC2,CLC2,Q00
79bb318b-8c1d-4489-b2a6-b454bd12df4f,KHA,7340101,7340101,Q00
4b5cc906-af47-4831-bec1-bfd4becf7409,KHA,7340101_CLC2,CLC2,Q00
5e348eca-386b-4122-b663-49ae06db454e,KHA,7340101_TT1,TT1,Q00
268bd5ba-abd4-4548-a423-00a8e94d4760,KHA,7340115,7340115,Q00
f26a33b1-c8f3-4683-8876-55c55fe47bd4,KHA,7340115_CLC3,CLC3,Q00
33e0e2fd-7cf8-4971-a8ec-686605985e4c,KHA,7340116,7340116,Q00
c647a9bf-1141-4ca6-82cd-80fc1ed8907a,KHA,7340120,7340120,Q00
56bdfcdc-2b00-47e0-bcb3-86e08873cf71,KHA,7340120_CLC3,CLC3,Q00
caeda76b-a579-4608-b9cb-b9341cff4b39,KHA,7340120_TT2,TT2,Q00
51486aef-88e3-4f9f-af37-bde23e4f538d,KHA,7340121,7340121,Q00
b1d15f70-b8d9-42a0-81c4-07a836292b96,KHA,7340122,7340122,Q00
d97b12e5-c780-4b10-9731-c1ca7b9d7319,KHA,7340122_CLC3,CLC3,Q00
fe2fbea6-8db8-40ca-b0e5-dfd25c6cd488,KHA,7340201,7340201,Q00
67f642be-c256-4fc9-bc17-90f3fdebf56d,KHA,7340201_CLC1,CLC1,Q00
0c533a35-4f9c-4d62-918f-e927694bba6b,KHA,7340201_CLC3,CLC3,Q00
327b248d-01fe-4636-8003-3a5c1105e02f,KHA,7340201_TT1,TT1,Q00
5b5673ca-4657-4a26-9c10-c4fc0577a354,KHA,7340201_TT2,TT2,Q00
eee45e37-33ba-4977-b865-bfdeac853196,KHA,7340204,7340204,Q00
85f1762a-e3ee-4c31-9813-3850816c4893,KHA,7340204_CLC1,CLC1,Q00
9b3f7489-4384-4285-9011-284a0b28ddce,KHA,7340301,7340301,Q00
1f91d1d7-e1e4-4757-b25a-354f553794ca,KHA,7340301_TT1,TT1,Q00
5b2d36a9-548c-4538-8737-752397768b63,KHA,7340302,7340302,Q00
bd9dc7fd-be1c-4d4e-8ad1-cd14f1642c72,KHA,7340302_CLC3,CLC3,Q00
556ac8f8-96cd-4c73-8fce-b1cdb91f41ef,KHA,7340401,7340401,Q00
85f0dfda-9e38-405e-b127-2ba1736ead68,KHA,7340403,7340403,Q00
e502176b-866c-4841-a46d-8380668ca0f5,KHA,7340404,7340404,Q00
31fa4c92-40bb-4abd-a535-75d237684cf9,KHA,7340404_CLC2,CLC2,Q00
e397b937-b6e4-4069-b03d-d2416c0f1a0e,KHA,7340405,7340405,Q00
8d755590-704f-4936-90bd-15db7fcdeb89,KHA,7340408,7340408,Q00
8aefaad5-4087-45ee-8e9f-238231357592,KHA,7340409,7340409,Q00
425abe64-4fbb-4a35-a0dc-0b414fc5f739,KHA,7380101,7380101,Q00
cf60e5c5-0b8c-45ac-9cb0-03d479ccba8f,KHA,7380107,7380107,Q00
e5cdf0aa-ad05-48a3-8b0e-2c99887e9b4c,KHA,7380109,7380109,Q00
78ef6281-9d32-48e9-8cd3-25c0ba3eeb88,KHA,7480101,7480101,Q00
5e593300-02ae-43d8-bdad-2f3677208bac,KHA,7480104,7480104,Q00
8cf94c5f-3a7f-4ee0-9c9c-90523378522a,KHA,7480201,7480201,Q00
927e463a-a21a-4e9a-8f54-92e6ecf2f1c9,KHA,7480201_CLC1,CLC1,Q00
924dab9f-58ba-436c-b5ec-52b6c81a6d9c,KHA,7480202,7480202,Q00
4ffb8f92-95da-4619-90d5-9763f089241d,KHA,7510605,7510605,Q00
19f6739c-1059-4a82-95ec-3f39ed9f9fbe,KHA,7510605_CLC3,CLC3,Q00
97bc3155-7b45-4a89-95ac-3d3c31a70482,KHA,7620114,7620114,Q00
2d69311a-c456-4584-9c99-9639f658d446,KHA,7620115,7620115,Q00
1b3a9a52-f8a0-42de-8a92-81cf54983cd7,KHA,7810103,7810103,Q00
93eaf685-5dbf-443c-a291-b746cc9ea43c,KHA,7810201,7810201,Q00
28e9b1a6-2015-48c5-9f3e-56fbc083176f,KHA,7850101,7850101,Q00
b7235fe4-9215-4979-ab73-072f09118665,KHA,7850102,7850102,Q00
dddf9b83-4daa-464d-9e4a-575433be5d0d,KHA,7850103,7850103,Q00
03d3795e-fabf-4fb3-a9f4-f60b28ed1bfc,KHA,EBBA,EBBA,Q00
f0c6e422-e786-4c6b-b3ce-bf1e036787ff,KHA,EP01,EP01,Q00
45ad6f31-15f6-462b-a63b-119fabc65a50,KHA,EP02,EP02,Q00
6aebf267-b974-4627-82af-17bd64f01164,KHA,EP03,EP03,Q00
41256744-b265-46b6-b29f-5b3d05fed56e,KHA,EP04,EP04,Q00
7b14907f-8e1c-40c7-b214-e0451c15b7da,KHA,EP05,EP05,Q00
7c5e8e50-4dc0-4f15-a9e4-a4213fd60c01,KHA,EP06,EP06,Q00
68ea9376-06f2-4d4a-98de-9eec8e33df15,KHA,EP07,EP07,Q00
39de1e18-9b3b-41ec-8085-b3a16a122edd,KHA,EP08,EP08,Q00
2d101068-b74f-4b30-ba44-8efd6f021ee8,KHA,EP09,EP09,Q00
04e547b3-6dc8-4474-abc2-5ff221a171dd,KHA,EP10,EP10,Q00
334b88e1-0279-46ce-ab02-07f6bfd86512,KHA,EP11,EP11,Q00
8f5b88d5-46f7-4239-b7f0-dd38af429315,KHA,EP12,EP12,Q00
a4ec126b-2e7c-49f1-ba35-7ee10781ceb8,KHA,EP13,EP13,Q00
592e2d00-62c9-4391-9259-e33aaebb99f8,KHA,EP14,EP14,Q00
9fbcd460-91c8-4b3d-8d4f-08c293c3112a,KHA,EP15,EP15,Q00
7b04dfe7-0348-4c10-9670-959177b0b398,KHA,EP16,EP16,Q00
ccbabd72-ccca-41b0-8b36-c563cd01acd0,KHA,EP17,EP17,Q00
41b08aad-07a1-4870-9371-f611d8c22536,KHA,EP18,EP18,Q00
e2fe043d-22b4-403a-8294-1a87195f423d,KHA,EPMP,EPMP,Q00
fab5411d-d418-4210-8ae4-766482f680ff,KHA,POHE1,POHE1,Q00
6f1e2594-acdf-419f-8a3f-3d88ac9a4997,KHA,POHE2,POHE2,Q00
3e71e0aa-8262-4404-9c90-827418e2731b,KHA,POHE3,POHE3,Q00
2d6a75fd-f012-49d4-9595-80d5a5cf2e33,KHA,POHE4,POHE4,Q00
3cf0dfc2-fbfc-4096-819d-2b53aa7302da,KHA,POHE5,POHE5,Q00
f8d2d39e-0f2f-427b-952a-190f037591e8,KHA,POHE6,POHE6,Q00
dc4894ce-7c9e-40b9-af65-63f872c18a49,KHA,POHE7,POHE7,Q00
b79e4b22-4cd4-41fb-b3b4-1f6f05e3d6bd,KHA,7220201,7220201,K00
ee0ba269-672a-43ae-aa87-0e746ec4ece6,KHA,7310101_1,7310101_1,K00
be9dfc87-1ca5-4a58-b45a-d38950b9c080,KHA,7310101_2,7310101_2,K00
fda227ca-f8a4-46ed-91a6-ad937716ef12,KHA,7310101_3,7310101_3,K00
311e4b37-b7f1-44f6-ad45-268498e58f43,KHA,7310104,7310104,K00
ca8cc3e6-24e7-4c34-a9da-6700e035fe43,KHA,7310104_CLC2,CLC2,K00
d2e92c9f-3016-4060-b3fe-acf65e00fc7f,KHA,7310105,7310105,K00
3aee250d-afbe-447d-bbf8-ebc383ebcf3c,KHA,7310105_CLC1,CLC1,K00
21d6e91d-3aa4-4687-b0d2-7aa44a4da65b,KHA,7310106,7310106,K00
e0523424-cfd7-427b-8036-d3e74d55c1f6,KHA,7310106_CLC3,CLC3,K00
c8f09e27-ad2d-41f1-89a9-ee37fee9c254,KHA,7310107,7310107,K00
0b143df3-22cd-40d8-8067-c0eac920dfb6,KHA,7310108,7310108,K00
d2a0616c-dd80-499e-ae27-c0cb0dd71912,KHA,7320108,7320108,K00
81685294-a1f2-4d9a-9384-4fd87692c252,KHA,7320108_CLC2,CLC2,K00
34cb188c-5527-40ea-a599-df9e397d661a,KHA,7340101,7340101,K00
6b06d0dc-04d6-4d87-a12c-30cfb4b833ed,KHA,7340101_CLC2,CLC2,K00
b33e6629-33c7-4895-9055-288289c593e7,KHA,7340101_TT1,TT1,K00
94f48a4c-83a5-462e-ba15-540e5d33b193,KHA,7340115,7340115,K00
fdbd44cf-ee5b-4ccb-aed0-7ad8aace3f9c,KHA,7340115_CLC3,CLC3,K00
b30cebc3-bcaf-4cfd-a0ca-59c631d4fb5b,KHA,7340116,7340116,K00
1e3fec2a-f6e1-467c-87f5-4f6c5e501796,KHA,7340120,7340120,K00
85a4687d-9a88-43fc-b293-dd88773b02a8,KHA,7340120_CLC3,CLC3,K00
5eaaa524-1835-4f1f-8449-61258eed36f5,KHA,7340120_TT2,TT2,K00
249ee24e-7118-406a-bf8e-5aed2478d103,KHA,7340121,7340121,K00
50aa77f8-0943-46cd-9dbf-20212ec5413d,KHA,7340122,7340122,K00
e03c797e-c639-41fe-bf0f-66974de8d5bf,KHA,7340122_CLC3,CLC3,K00
952a71db-0bc6-47fd-843e-33157ddc1bc3,KHA,7340201,7340201,K00
4b172b54-401c-47c4-ab12-cfa4979da3a3,KHA,7340201_CLC1,CLC1,K00
590df460-9eab-4a70-ab16-ce8144769794,KHA,7340201_CLC3,CLC3,K00
b5d850ee-db39-4b38-b433-3230321044b9,KHA,7340201_TT1,TT1,K00
e66674e0-8427-42e1-b447-915cf6332767,KHA,7340201_TT2,TT2,K00
f837c0da-6021-4a36-a646-b359cde211a9,KHA,7340204,7340204,K00
11b53566-63d6-4a0b-98fa-dbd6f2e590d1,KHA,7340204_CLC1,CLC1,K00
30087057-c970-4a97-a023-54ecdefc8f34,KHA,7340301,7340301,K00
d804c364-86f1-42f5-8192-bf19cb7d688b,KHA,7340301_TT1,TT1,K00
e5512641-fd66-4d17-a0e9-fd4b5fa0f479,KHA,7340302,7340302,K00
584265ba-eccd-4dca-aa88-40279146e08b,KHA,7340302_CLC3,CLC3,K00
bb726160-810c-402b-8726-294448a10174,KHA,7340401,7340401,K00
8d9c3900-70ee-4864-9c66-61b359808110,KHA,7340403,7340403,K00
13ea8d44-4afc-43a6-82d1-92914b1320c6,KHA,7340404,7340404,K00
9e4afc4a-afa5-464f-8c05-57fb011161cf,KHA,7340404_CLC2,CLC2,K00
2d62044c-103c-417b-b107-2e0c5a3bf68a,KHA,7340405,7340405,K00
11e9e6bb-447b-4864-8d5a-c5f69630a842,KHA,7340408,7340408,K00
b3a40bb1-c7c2-4cf0-9aa6-b32e6cdec072,KHA,7340409,7340409,K00
c3704b78-3b16-4c55-ab7b-4af01e273e1c,KHA,7380101,7380101,K00
9b5c4628-a8ed-4a19-8573-614bb8a16ddb,KHA,7380107,7380107,K00
daef3dd3-8d15-4196-9e5d-60a0718447c1,KHA,7380109,7380109,K00
4739d087-3432-470b-b5f5-2963cf83d072,KHA,7480101,7480101,K00
2cc3e2e7-516a-44d9-ba8c-b97cecabce8a,KHA,7480104,7480104,K00
7b09b079-0133-4053-870f-632e99ab6f01,KHA,7480201,7480201,K00
935eb161-ccc8-4977-95e8-1928a8d4a4c4,KHA,7480201_CLC1,CLC1,K00
c39186de-b84d-40c6-a5bd-93a30a91d1ea,KHA,7480202,7480202,K00
289bd186-9775-4059-982e-609d6410f8d9,KHA,7510605,7510605,K00
0be06ec0-61c3-4beb-8d4e-c60f5eac59d4,KHA,7510605_CLC3,CLC3,K00
db3dca52-6ece-4268-beb7-ccf890696d73,KHA,7620114,7620114,K00
0d305128-41fc-4fac-91d5-3bc404f4402d,KHA,7620115,7620115,K00
621a80ef-9727-4122-8f6b-f220778a9773,KHA,7810103,7810103,K00
a22fa816-fe93-46f9-bc3f-fb6c40c1f686,KHA,7810201,7810201,K00
0648a651-ca44-45fb-b736-f6a08ce85903,KHA,7850101,7850101,K00
217e096c-383a-4e2f-9cfd-86c113e16d25,KHA,7850102,7850102,K00
d7098805-383c-4d06-8c10-dbf854c078a8,KHA,7850103,7850103,K00
c64c1da5-ae09-4d8c-9934-8156efde8884,KHA,EBBA,EBBA,K00
bceba497-8c95-4ac0-beab-98d6e8f17b56,KHA,EP01,EP01,K00
d99ff76b-2634-4ebc-ac98-4a831d2bafb2,KHA,EP02,EP02,K00
529fa50d-b32b-4f56-9da3-70de11eaa34a,KHA,EP03,EP03,K00
3bc658af-5f77-4fc9-867d-e37974ed9440,KHA,EP04,EP04,K00
4c03363c-2fd4-4deb-833f-bdda2ba3b437,KHA,EP05,EP05,K00
fdcf022b-6dc2-472f-84fa-a85a1849df2a,KHA,EP06,EP06,K00
526d4c2a-c3e2-49b1-aa10-191fa7cbca23,KHA,EP07,EP07,K00
e4ef062f-fd16-43f8-aaf0-f382e52d52f1,KHA,EP08,EP08,K00
72fd13ca-2e75-4aab-81bb-bc053f9a54e3,KHA,EP09,EP09,K00
592d6458-82a6-47dc-b653-25efb2982cb5,KHA,EP10,EP10,K00
9409944d-3478-407d-8f9f-bba8674c1637,KHA,EP11,EP11,K00
934d8b52-4dfd-453a-88bb-30d96e570eef,KHA,EP12,EP12,K00
0ade982b-62fa-4703-a6ed-4e7fd670be0b,KHA,EP13,EP13,K00
682e79ec-d486-4f9e-9902-e5500433753c,KHA,EP14,EP14,K00
189add08-ba9d-4ef1-8d95-1a30c0f93145,KHA,EP15,EP15,K00
c83e3546-d780-4e36-814e-cb95f0d7eea1,KHA,EP16,EP16,K00
089479f1-5956-4734-a2b1-bad3586a5484,KHA,EP17,EP17,K00
2db52422-022e-4503-9f60-0c207f608bb3,KHA,EP18,EP18,K00
4a1da4b7-2e8d-487e-9655-0d0bc918e355,KHA,EPMP,EPMP,K00
8107e434-ad6d-486f-bede-f1dd876c25a2,KHA,POHE1,POHE1,K00
ffe34e5c-46f1-4f96-8113-90c4bba1c9b0,KHA,POHE2,POHE2,K00
2dc99b74-71e5-43cd-9bf5-11d88cf08716,KHA,POHE3,POHE3,K00
d0d184b8-b7b8-41da-b772-ef7547395e3b,KHA,POHE4,POHE4,K00
f89b2fe2-046a-49ad-9560-b7a6fae1641b,KHA,POHE5,POHE5,K00
aaddef06-e127-491f-8507-d0882b0a2080,KHA,POHE6,POHE6,K00
9ea81f17-2d40-4e37-98bb-b26eee540df8,KHA,POHE7,POHE7,K00
35cd4b8e-2fe3-4576-9453-3864bf8597e8,KHA,73101011,73101011,A00
c9aff57b-7313-4ae3-a9f6-22833c49c979,KHA,73101011,73101011,A01
d0b252f4-61a6-4016-8271-289aac8a8b61,KHA,73101011,73101011,D01
0f21fa80-37dd-4d61-b1f6-3809479425c3,KHA,73101011,73101011,D07
cd9b1c4c-5a28-43d9-b4e1-3603d4ce65ed,KHA,73101012,73101012,A00
4968014a-06fe-49bf-a5e6-515be5024cd3,KHA,73101012,73101012,A01
d70f96d9-f386-4601-afaf-401e723b618d,KHA,73101012,73101012,D01
9cd9cf8c-07ac-4eac-88ff-c3cdb2b0a065,KHA,73101012,73101012,D07
2284662c-9ed0-4716-a497-0c9b3fc376ad,KHA,73101013,73101013,A00
bf5e5830-9a08-4ddb-b912-2c5e2e5e15ea,KHA,73101013,73101013,A01
1cf346a3-21b6-4ed8-9346-718ab0947002,KHA,73101013,73101013,D01
3bdb99b4-3da2-4114-b640-d6b8d5471294,KHA,73101013,73101013,D07
6270fe7b-f4c4-4113-ac08-b26ef7371a6a,NTH,NTH01-01,NTH01-01,A00
b5a6aebe-997c-4417-a168-73e810843373,NTH,NTH01-01,NTH01-01,A01
d26b911b-9ebb-41dd-85b1-b32b540fba60,NTH,NTH01-01,NTH01-01,D01
5b0964d2-2bb4-4aac-8d14-42e0383d5b8d,NTH,NTH01-01,NTH01-01,D07
2e9db300-bc78-4c21-8555-ba187eff5d63,NTH,NTH01-02,NTH01-02,A01
8ea32585-9507-4ddb-9d2a-5ae32bae5b5d,NTH,NTH01-02,NTH01-02,D01
3d3da974-4fc8-4f68-8f10-9b784ed483b0,NTH,NTH01-02,NTH01-02,D03
970a5637-9537-42d8-aa5c-0d2e9a89a046,NTH,NTH01-02,NTH01-02,D04
ebc0d94f-aa32-4475-8eee-9d109d0f3aa2,NTH,NTH01-02,NTH01-02,D06
7c8bb94a-9d5e-4216-88ae-3e22087e773b,NTH,NTH01-02,NTH01-02,D07
dc53adf7-0d53-41b3-82aa-f3bda705306b,NTH,NTH01-02,NTH01-02,A00
5a3dc7ab-24c1-42dd-96e5-b86c77bbedb8,NTH,NTH01-02,NTH01-02,D02
1bff59f3-06d4-4248-9fb3-5a7b2e110084,NTH,NTH02,NTH02,A01
12177792-815d-41e1-9745-09bd46804c18,NTH,NTH02,NTH02,D01
21bb9c06-3a6d-4dd2-a579-0295bb94e295,NTH,NTH02,NTH02,D06
4f4559a7-f581-4b58-a15b-514b8f1b8d03,NTH,NTH02,NTH02,D07
2b52cf61-084d-4290-bf14-ad0a1fb57f58,NTH,NTH02,NTH02,A00
fb84c4da-7ae9-4d47-9f60-d8f7d6a6509f,NTH,NTH03,NTH03,A01
99f8d289-a5bd-4a74-a8b8-633bfa1380dc,NTH,NTH03,NTH03,D01
10401727-1091-4cf5-a116-e549833ef270,NTH,NTH03,NTH03,D07
02c795b0-87a4-4ecd-bd14-1b4c6d304785,NTH,NTH03,NTH03,A00
1260f1ff-bf0a-4869-b8c3-fe4ef1a57891,NTH,NTH04,NTH04,D01
5a6a7bf9-70bf-4d89-ad7d-3e9f3fc59abc,NTH,NTH05,NTH05,D03
d835de1e-2a20-4c85-a7f8-7065d30d2cd6,NTH,NTH05,NTH05,D01
dd75d4c0-45a4-46ba-b483-219e014b9360,NTH,NTH06,NTH06,D01
d59a0132-e93e-449a-88e7-6c22e3372b47,NTH,NTH06,NTH06,D04
07a13162-cd5b-4bf1-bdcc-fafb1d47b837,NTH,NTH07,NTH07,D06
4251d660-6d41-459a-a0c2-d64e176324c8,NTH,NTH07,NTH07,D01
ef9ddc26-66f3-4485-acd8-a1db7e2b3bc7,NTH,NTH08,NTH08,A00
e50cb844-5c8d-4bac-8509-70a869c667e8,NTH,NTH08,NTH08,A01
f1f2c8d4-23a0-45c0-a44b-52e7e0779e34,NTH,NTH08,NTH08,D01
6c936f42-02e4-40ad-93ec-cf981d77b1fd,NTH,NTH08,NTH08,D07
db5e7b0e-8ddd-40e9-ac8d-03cd3c61b7f3,NTH,NTH01-01,NTH01-01,D03
ae09274e-b32c-4a50-98a3-6a226770b5a2,NTH,NTH01-01,NTH01-01,D05
2dd3b9fe-d8ad-46ef-8ac7-f4f243e993f2,NTH,NTH01-01,NTH01-01,D06
f34dffdf-8ad6-4d4a-9acb-a42a20f886d4,NTH,NTH01-02,NTH01-02,D05
9c575ed1-44c7-41b5-b00f-62a89b5d8af7,NTH,NTH02,NTH02,D03
b2efc59f-6b7c-41e4-97ae-b303f0e60b12,NTH,NTH02,NTH02,D05
90854cc9-cc9a-4e00-bfb4-b77a667ac8b2,NTH,NTH03,NTH03,D03
0bf3aa7e-f2d6-48b7-a165-84f99d7ada45,NTH,NTH03,NTH03,D05
58fb4575-89fc-411a-8ce3-13a43c6f7ff8,NTH,NTH03,NTH03,D06
a45ef13c-335d-4d40-86c3-405aad9545ce,NTH,NTH09,NTH09,A00
de6443e3-bcac-4ce4-b3a2-2e5b6ef2b1b9,NTH,NTH09,NTH09,A01
316a3780-0353-49b4-83a0-1a4a386300e1,NTH,NTH09,NTH09,D01
44960ab3-a71d-4785-8004-9675728a76e7,NTH,NTH09,NTH09,D07
e6007b8c-22fb-4c9c-8769-58b3d45184df,NTH,KDQH1.1,KDQH1.1,A00
4cad626f-6eea-4a94-a3d3-27b7e9ae096d,NTH,KDQH1.1,KDQH1.1,A01
3d08d547-a617-4ef8-ba27-343edd1a9122,NTH,KDQH1.1,KDQH1.1,D01
695d73ac-64e3-49ab-b83b-8f03bde8dd35,NTH,KDQH1.1,KDQH1.1,D02
c14aa3d9-d4f6-4dab-81e9-33ccfc797574,NTH,KDQH1.1,KDQH1.1,D03
9b89a341-c0b2-444c-bdeb-0d4542f5683e,NTH,KDQH1.1,KDQH1.1,D04
2d40f730-e72c-4cde-8a66-e2be17b342df,NTH,KDQH1.1,KDQH1.1,D06
41bf2b09-9c22-458f-b691-b70255faf385,NTH,KDQH1.1,KDQH1.1,D07
84e0da1b-467d-44e9-8bc1-2cd45e7c7df2,NTH,KDQH2.1,KDQH2.1,A01
ed8666c9-f525-4d0d-b1f1-8775096dbe53,NTH,KDQH2.1,KDQH2.1,D01
da379c41-0af5-486b-a6c1-8a6816bfc433,NTH,KDQH2.1,KDQH2.1,D02
6c8cd4fa-b29e-471f-bf87-494122f5545e,NTH,KDQH2.1,KDQH2.1,D03
866e1342-4d03-4bd8-b021-7386439243db,NTH,KDQH2.1,KDQH2.1,D04
8e8118d4-685c-4cbf-9154-40c98721ac41,NTH,KDQH2.1,KDQH2.1,D06
6ee58559-22dc-4f04-a9b9-084412bd70b0,NTH,KDQH2.1,KDQH2.1,D07
d487b2af-1572-4705-b565-692f264dcb75,NTH,KDQH2.1,KDQH2.1,A00
3cb63091-9c3d-40f1-830b-22ed93c652ad,NTH,KDQH2.2,KDQH2.2,A01
c17bc75d-21ec-4d55-b523-598a194b24d3,NTH,KDQH2.2,KDQH2.2,D01
ccb673ac-cbd4-43be-8d59-c0547eccd6aa,NTH,KDQH2.2,KDQH2.2,D02
880a3ec1-58a1-4ec0-9e94-f0deb3af1325,NTH,KDQH2.2,KDQH2.2,D03
330c03cd-3184-4d6b-bb3b-f8abe7480257,NTH,KDQH2.2,KDQH2.2,D04
a5204eea-06bf-491b-ac2e-5553f5f3cc86,NTH,KDQH2.2,KDQH2.2,D06
cde75242-590f-4c79-9370-94bdcebe56a0,NTH,KDQH2.2,KDQH2.2,D07
ec6b9c0b-2e42-4be9-a1e8-ae81d552a2de,NTH,KDQH2.2,KDQH2.2,A00
aba11a9a-907d-444e-a3f1-4c64ec985cac,NTH,KDQH2.3,KDQH2.3,A01
86a346bc-d50f-4c68-984d-4ad5a8277cc1,NTH,KDQH2.3,KDQH2.3,D01
7707d8a1-4ae8-49f5-bfab-484098d9e75b,NTH,KDQH2.3,KDQH2.3,D02
d4715274-04de-4108-bcca-24969ee41a12,NTH,KDQH2.3,KDQH2.3,D03
817edd42-3cfb-430b-aa18-69fa2d59b19b,NTH,KDQH2.3,KDQH2.3,D04
e6a9c928-9cdd-4e51-bdfc-bc30f679c483,NTH,KDQH2.3,KDQH2.3,D06
a00e9adb-63c1-477c-8b5d-17c9ce72052f,NTH,KDQH2.3,KDQH2.3,D07
0d058cf2-7b2a-4df5-9caf-b0044330af3a,NTH,KDQH2.3,KDQH2.3,A00
d8fc6b7d-25a2-49da-9b60-09fb131c6748,NTH,KDQH2.4,KDQH2.4,A01
4ce324ce-0661-4d47-9328-0b96a695cbaf,NTH,KDQH2.4,KDQH2.4,D01
0d730220-a9b9-4992-af25-40291c1898be,NTH,KDQH2.4,KDQH2.4,D02
de6d1748-3b91-46a7-81ec-cd48997aa792,NTH,KDQH2.4,KDQH2.4,D03
f19f698c-53a1-4077-ba74-329ed11dc854,NTH,KDQH2.4,KDQH2.4,D04
24cbf756-2a66-42df-98bd-97e797ce4f4b,NTH,KDQH2.4,KDQH2.4,D06
d8956ca9-c80b-4596-a939-746b16029206,NTH,KDQH2.4,KDQH2.4,D07
53eedc10-38e4-40f9-87b1-98959741c31a,NTH,KDQH2.4,KDQH2.4,A00
1efb92dc-1846-47c4-ade5-b532cbd66d28,NTH,KDQH4.1,KDQH4.1,A01
c0686135-72ba-4017-98ae-cd6e080ab9ba,NTH,KDQH4.1,KDQH4.1,D01
334ad65d-f40a-4cde-87c4-e8c59f30a85e,NTH,KDQH4.1,KDQH4.1,D02
7862c11e-78a4-48af-ae64-87cee174d737,NTH,KDQH4.1,KDQH4.1,D03
1404448f-6c3b-43fb-a918-9b76e0e08a4a,NTH,KDQH4.1,KDQH4.1,D04
cd947fc9-375d-4902-a87c-d89fce4d1b1b,NTH,KDQH4.1,KDQH4.1,D06
8fda6f53-d86c-41fe-9382-50494b986624,NTH,KDQH4.1,KDQH4.1,D07
4ad10fd1-1e16-4c75-80ac-61bf84e15053,NTH,KDQH4.1,KDQH4.1,A00
ca540682-87ce-44ed-a1ea-62ed0c88dd78,NTH,KHMH2.1,KHMH2.1,A00
4d77a8da-3d22-4613-8e03-75ecad5e4149,NTH,KHMH2.1,KHMH2.1,A01
c52f6eb4-16a8-47fd-8e37-fed026c2c066,NTH,KHMH2.1,KHMH2.1,D07
e1a1fd4b-4780-418f-931c-b0e4325b664d,NTH,KTCH2.1,KTCH2.1,A00
715b1286-b870-4ac6-94d1-ca3651ea7b0a,NTH,KTCH2.1,KTCH2.1,A01
8c011aeb-8dec-43ab-9b8f-1fad07f7b0ea,NTH,KTCH2.1,KTCH2.1,D01
e0a30e2b-e2c7-4224-8901-1024ff749215,NTH,KTCH2.1,KTCH2.1,D07
9fa023c6-3b10-4748-8bcd-cf3db220e4f3,NTH,KTEH1.1,KTEH1.1,A01
5dd5abbd-67da-4f51-b149-e3cb8d6ea1cb,NTH,KTEH1.1,KTEH1.1,D01
9040b678-299d-40b1-b485-3acecb1329de,NTH,KTEH1.1,KTEH1.1,D02
c08424ac-4018-45c0-ac50-40c51ae1e74f,NTH,KTEH1.1,KTEH1.1,D03
d1dd7a00-41bf-4fdc-97bb-b3b36b028cb2,NTH,KTEH1.1,KTEH1.1,D04
2bcde72d-b494-4810-a508-0429afbcfb6a,NTH,KTEH1.1,KTEH1.1,D06
11db7ad0-c702-4b14-af8d-a9f32e79e242,NTH,KTEH1.1,KTEH1.1,D07
c5976688-b5a9-4191-83c9-3948842cf6bd,NTH,KTEH1.1,KTEH1.1,A00
dba40b5f-6131-42a9-9467-c095a9e46e76,NTH,KTEH1.2,KTEH1.2,A01
2dd8ce55-b387-47ea-85b3-a18d282acde5,NTH,KTEH1.2,KTEH1.2,D01
0b2ea31b-3366-48c1-930e-b7dc669df454,NTH,KTEH1.2,KTEH1.2,D02
f8715a49-2460-4cd2-bc82-e053a0a60cbf,NTH,KTEH1.2,KTEH1.2,D03
254574d2-1bff-4ef2-8427-e92da6780998,NTH,KTEH1.2,KTEH1.2,D04
bd445336-1524-4740-b0ec-ce90aa498954,NTH,KTEH1.2,KTEH1.2,D06
3d9faa07-2794-4fcf-b5b1-876a6d885f9b,NTH,KTEH1.2,KTEH1.2,D07
3bf94c1d-b62a-4213-b6a1-82899da3e12d,NTH,KTEH1.2,KTEH1.2,A00
2a27f39d-f16b-4623-88d7-45daf9bc1dc4,NTH,KTEH2.1,KTEH2.1,A00
57663cd8-0ecc-4dbe-8d40-da439af76c41,NTH,KTEH2.1,KTEH2.1,A01
9d313e3b-da7f-4c1b-9bfe-674efab70a01,NTH,KTEH2.1,KTEH2.1,D01
67ce329c-153b-403f-aeec-be69b373388d,NTH,KTEH2.1,KTEH2.1,D02
7149bdb5-7ee6-49d6-a84b-d5c9b1f3dc60,NTH,KTEH2.1,KTEH2.1,D03
562256c9-e9be-4766-967c-deef0324701e,NTH,KTEH2.1,KTEH2.1,D04
adc40175-976e-4f75-bf77-2c504077762e,NTH,KTEH2.1,KTEH2.1,D06
c54a8cc5-669a-4071-89c0-849c8c8dddc4,NTH,KTEH2.1,KTEH2.1,D07
1224c6f4-f04a-41ed-84d5-001f8f8b18d5,NTH,KTEH4.1,KTEH4.1,A01
079dc81a-b3be-419f-9979-d928b15ad805,NTH,KTEH4.1,KTEH4.1,D01
6491ee03-a5a2-4f0f-b017-27471e289728,NTH,KTEH4.1,KTEH4.1,D02
b3a777be-d5db-4f63-8270-74c214446505,NTH,KTEH4.1,KTEH4.1,D03
a33c7a53-f6b9-49b0-b7a7-a3161cb19b08,NTH,KTEH4.1,KTEH4.1,D04
d0dde0dd-c0ad-437e-933f-ab79a14c6b3d,NTH,KTEH4.1,KTEH4.1,D06
7b082a12-a31e-4d5e-981c-e1f72b87e542,NTH,KTEH4.1,KTEH4.1,D07
6f79b189-76be-4ca9-a785-849cda0ec784,NTH,KTEH4.1,KTEH4.1,A00
1955757d-269b-4bca-8d72-bbf28d1ae204,NTH,KTKH1.1,KTKH1.1,A00
b2135347-ba39-4e9a-a0da-f90ecc3b5fa2,NTH,KTKH1.1,KTKH1.1,A01
03d225f8-9b98-46b7-9a3a-6789c503abbf,NTH,KTKH1.1,KTKH1.1,D01
0d55d642-1d5f-4cf2-9700-82f64840b37f,NTH,KTKH1.1,KTKH1.1,D02
f161aefc-b5da-4b74-a325-4deb782f072a,NTH,KTKH1.1,KTKH1.1,D03
6d183edb-0117-4872-a5fb-7bae44d938fc,NTH,KTKH1.1,KTKH1.1,D04
4aa36ff8-631e-4183-8de4-13ab0df839b2,NTH,KTKH1.1,KTKH1.1,D06
c09549c9-f588-4cb2-863f-1536d6ac0189,NTH,KTKH1.1,KTKH1.1,D07
2bf7344b-af65-4f99-b2fc-a67cf326142e,NTH,KTKH2.1,KTKH2.1,A00
09677879-ff75-4f89-9a65-14faac42cba3,NTH,KTKH2.1,KTKH2.1,A01
69c97505-a175-4e91-9fad-321d7000e1a0,NTH,KTKH2.1,KTKH2.1,D01
ecef7c9a-015a-468a-80f8-37a79f613438,NTH,KTKH2.1,KTKH2.1,D02
510de982-daa5-4274-88ec-2640c8db3807,NTH,KTKH2.1,KTKH2.1,D03
20a65d8d-eeaf-48e2-94b1-94e16ab0f22a,NTH,KTKH2.1,KTKH2.1,D04
594b18cd-1bc7-4018-912e-04fd2c44f2d2,NTH,KTKH2.1,KTKH2.1,D06
9f85eac0-23c3-4a90-aa0f-b05be65cca03,NTH,KTKH2.1,KTKH2.1,D07
c42ebffc-029e-40bb-a489-36dd3085dd0c,NTH,KTKQ1.1,KTKQ1.1,A00
fb4a9fbd-4a98-4b51-9c98-f0e50a8f60ec,NTH,KTKQ1.1,KTKQ1.1,A01
7457ba84-91f8-42c4-86f0-8b0bcc8765d3,NTH,KTKQ1.1,KTKQ1.1,D01
f3bfa072-03ac-487a-882b-f1da6972f57f,NTH,KTKQ1.1,KTKQ1.1,D02
19e9bce8-cce4-4eb7-b10d-8f0454069df7,NTH,KTKQ1.1,KTKQ1.1,D03
b978d147-e952-4f02-8a7f-e050dd78fa7a,NTH,KTKQ1.1,KTKQ1.1,D04
1ce0932d-924b-492b-af0c-f56f74ce9954,NTH,KTKQ1.1,KTKQ1.1,D06
93a23b44-73b8-4291-9ff9-f642b1305e89,NTH,KTKQ1.1,KTKQ1.1,D07
c1189865-d9ae-41d8-8717-25a45b2558f2,NTH,KTQH1.1,KTQH1.1,A00
56b2d80c-90de-4355-9e39-27a71b4b3c7c,NTH,KTQH1.1,KTQH1.1,A01
a7e36b9c-f9bf-4dca-9c6d-d6fd442fcde9,NTH,KTQH1.1,KTQH1.1,D01
880f3a6a-0a56-403f-8a52-9fdf154ae51a,NTH,KTQH1.1,KTQH1.1,D02
9a3f727d-0e94-45e4-af36-ec0f592b501e,NTH,KTQH1.1,KTQH1.1,D03
3cfba042-51c8-4920-aea0-eb2b4cf520d3,NTH,KTQH1.1,KTQH1.1,D04
827cc431-0044-402b-af18-520dc6888c75,NTH,KTQH1.1,KTQH1.1,D06
177d416a-1b86-49c6-aa1d-c14daf7a18cd,NTH,KTQH1.1,KTQH1.1,D07
95a18789-4f1b-47c2-bd58-8ddc99b3b63c,NTH,KTQH1.2,KTQH1.2,A00
49733d0f-26e8-4019-9ce5-426ae043051e,NTH,KTQH1.2,KTQH1.2,A01
595112f2-f0ca-49ee-96cc-274f036f435c,NTH,KTQH1.2,KTQH1.2,D01
4ec95331-7ead-4c05-aaf3-1ae215bdf7d8,NTH,KTQH1.2,KTQH1.2,D02
a80e6379-a18e-4a13-8837-d4f980e491b0,NTH,KTQH1.2,KTQH1.2,D03
eda62a1c-a764-410f-aa9c-a13c661a2679,NTH,KTQH1.2,KTQH1.2,D04
24aef885-7a96-40e5-8edf-393a18e64fd2,NTH,KTQH1.2,KTQH1.2,D06
68419565-63ad-4080-8807-752b66218379,NTH,KTQH1.2,KTQH1.2,D07
23e892fb-c259-47d1-a5ff-bc5c904f4aec,NTH,KTQH2.1,KTQH2.1,A00
3dbeccff-6b3f-441c-a186-54e7cfddebfa,NTH,KTQH2.1,KTQH2.1,A01
1c63b156-e4c4-4a96-b605-aac5e07082e8,NTH,KTQH2.1,KTQH2.1,D01
5e28c957-4551-4029-99e7-50466d43ac06,NTH,KTQH2.1,KTQH2.1,D02
9925559e-5834-41ec-a693-43d83faf1c7d,NTH,KTQH2.1,KTQH2.1,D03
e39dc5e3-c90e-48a5-9aeb-50b68f497212,NTH,KTQH2.1,KTQH2.1,D04
4ff8258b-76a5-4291-9142-d9c6b6c6873e,NTH,KTQH2.1,KTQH2.1,D06
5ec76da8-a707-4f7c-8e12-45ce32e880d2,NTH,KTQH2.1,KTQH2.1,D07
ad224242-8338-441d-b858-9f2ec4a6354e,NTH,LAWH1.1,LAWH1.1,A00
39b16165-e57f-4448-81dd-50bbacefa02a,NTH,LAWH1.1,LAWH1.1,A01
a26a3c3c-80b1-474a-8c3b-de7f16390c52,NTH,LAWH1.1,LAWH1.1,D01
3b439c37-244c-4477-8571-0133a8340ea0,NTH,LAWH1.1,LAWH1.1,D02
2d01a316-1032-4721-b0b0-7467693ccbf8,NTH,LAWH1.1,LAWH1.1,D03
890087ac-cbec-4dcf-82e6-62773057327e,NTH,LAWH1.1,LAWH1.1,D04
aabe5072-07ff-4400-9d30-4a18c0f15845,NTH,LAWH1.1,LAWH1.1,D06
f70807ee-a645-4f24-b47d-9d1c7068e5f2,NTH,LAWH1.1,LAWH1.1,D07
6582378b-7cf6-47f4-bbe2-840df1a1b9d4,NTH,LAWH2.1,LAWH2.1,A00
32735021-eabb-4230-ba99-4702be73a515,NTH,LAWH2.1,LAWH2.1,A01
38ecf310-2304-4f64-b5b2-4cc4b100c8fc,NTH,LAWH2.1,LAWH2.1,D01
3c38267f-a82e-445d-af47-980f665bfcf9,NTH,LAWH2.1,LAWH2.1,D02
263836f4-b1c2-434b-a73a-09f1066bc381,NTH,LAWH2.1,LAWH2.1,D03
fe18f256-a37a-46d3-a462-f438420ca10c,NTH,LAWH2.1,LAWH2.1,D04
295b035b-7095-4b4a-a09a-9d710116e6e0,NTH,LAWH2.1,LAWH2.1,D06
9b6fb6a1-a2f2-4b2d-b4cc-a12b0af157a6,NTH,LAWH2.1,LAWH2.1,D07
ad197568-870a-4d4a-acc2-b1f02ad3d5dc,NTH,MKTH2.1,MKTH2.1,A00
7f14e68c-67f6-4df3-9704-5281ac76defa,NTH,MKTH2.1,MKTH2.1,A01
00d09c73-2bb3-4c7c-910c-f04b83c65b10,NTH,MKTH2.1,MKTH2.1,D01
9b8326d1-7b74-4447-ba4a-44447629097f,NTH,MKTH2.1,MKTH2.1,D02
8a762936-04a1-47a9-a765-8cd287da2c7c,NTH,MKTH2.1,MKTH2.1,D03
dce9af84-19af-47a5-bac6-8e38476ed060,NTH,MKTH2.1,MKTH2.1,D04
87f2accd-d014-4d35-97dc-4bff0ac5eda0,NTH,MKTH2.1,MKTH2.1,D06
64cf5526-8f40-4c25-aab6-79c76c8e9fd0,NTH,MKTH2.1,MKTH2.1,D07
c2e1097c-a5aa-4821-a149-bb605f09a428,NTH,NNAH1.1,NNAH1.1,D01
74560b0c-acde-4ae8-9d56-5722bf97b05b,NTH,NNAH2.1,NNAH2.1,D01
2d5e9dd8-999f-47b3-962e-c509c5430536,NTH,NNNH1.1,NNNH1.1,D01
f88e1fce-6d27-41d3-bf42-e7c281672d4e,NTH,NNNH1.1,NNNH1.1,D06
1ce1d35a-5482-4cee-899f-7f718afd349c,NTH,NNNH2.1,NNNH2.1,D01
9cad5b79-5618-4095-b7cb-1a5a3fa81ddf,NTH,NNNH2.1,NNNH2.1,D06
ee221ac1-c7db-4f30-8e6f-ae84705de165,NTH,NNPH1.1,NNPH1.1,D01
a374592b-feee-4de4-bfe6-3f4dae72d081,NTH,NNPH1.1,NNPH1.1,D03
1242fcce-e6af-416b-9b82-bc9b0f9173c4,NTH,NNPH2.1,NNPH2.1,D01
dbf38053-c67a-47ae-8df7-7bab177f32d7,NTH,NNPH2.1,NNPH2.1,D03
fb08a2a9-1c6a-451a-a665-bd12214f371d,NTH,NNTH1.1,NNTH1.1,D04
430d7ac4-5c9e-4d68-a6f2-ff82cee58095,NTH,NNTH1.1,NNTH1.1,D01
5113b6d0-d60b-41e2-b132-04e5dbe365cf,NTH,NNTH2.1,NNTH2.1,D04
6a49139f-ce91-4ac9-b246-adce5d6b6aed,NTH,NNTH2.1,NNTH2.1,D01
b85e9dfe-0328-46a9-8c62-2182c84ed412,NTH,NTH01-01,NTH01-01,D02
006f552c-d46a-4448-9af9-f973c2f39718,NTH,NTH01-01,NTH01-01,D04
2908fb61-9018-4304-bf38-1ad8aac98df8,NTH,NTH02,NTH02,D02
db485e11-5698-4372-a557-c0b3ad9345a1,NTH,NTH02,NTH02,D04
1656cf0f-4fa9-433b-a2c1-f2fae39ee64d,NTH,NTH03,NTH03,D02
1d173f96-8d2e-4beb-bd64-820234ebdaa7,NTH,NTH03,NTH03,D04
bcaef09f-1e3a-4282-8f7e-bb85a67c2d9f,NTH,NTH10,NTH10,A00
b0a18d0e-71ca-4fab-9493-306e83a9dc9d,NTH,NTH10,NTH10,A01
28739532-52e0-424b-b6b6-48e6699eb009,NTH,NTH10,NTH10,D07
a654592e-8697-4590-a4f0-4bf937098858,NTH,QKSH2.1,QKSH2.1,A00
79abecf7-316c-4063-8d48-a1bc8f8268d0,NTH,QKSH2.1,QKSH2.1,A01
3d47c3f8-3a3e-4d9a-a396-75f71243bd13,NTH,QKSH2.1,QKSH2.1,D01
9b651b20-a4b5-4e2b-99a0-c314dd00fcfd,NTH,QKSH2.1,QKSH2.1,D02
ba08d6fc-5ac1-4f34-a95e-aa64adc35710,NTH,QKSH2.1,QKSH2.1,D03
6c86d45e-1079-41ee-a36a-fe3bf53ee5ba,NTH,QKSH2.1,QKSH2.1,D04
0d3ea48b-c688-42ec-8f00-4338fbad162e,NTH,QKSH2.1,QKSH2.1,D06
a9237cfd-db7e-4660-ada0-2d21e50396e3,NTH,QKSH2.1,QKSH2.1,D07
71e54431-3d5e-4e99-a7f1-33fb28d96f5f,NTH,QTKH1.1,QTKH1.1,A01
695ab544-7e4c-41a9-9b95-46912aed9a7e,NTH,QTKH1.1,QTKH1.1,D01
250b7b40-2c44-4ac4-95a6-1ee8af0352a5,NTH,QTKH1.1,QTKH1.1,D02
5783fe71-6a8d-4f68-bfcd-dbbc5c835feb,NTH,QTKH1.1,QTKH1.1,D03
47a9056d-06aa-4f4d-ae42-0baa3bf33188,NTH,QTKH1.1,QTKH1.1,D04
38c98bcc-5203-44be-b811-9383d02c455f,NTH,QTKH1.1,QTKH1.1,D06
f622c38a-8e0d-4e45-9926-934e5178a8da,NTH,QTKH1.1,QTKH1.1,D07
4d3c4648-e3a0-4009-b922-025db06373d9,NTH,QTKH1.1,QTKH1.1,A00
6be7996a-13f0-4820-9934-2a3031a49356,NTH,QTKH2.1,QTKH2.1,A01
1190fe47-7c28-4f40-826c-7a8f086167ed,NTH,QTKH2.1,QTKH2.1,D01
96459fa9-4745-466b-a6a5-8031947487a7,NTH,QTKH2.1,QTKH2.1,D02
24ef2b9c-8832-4da5-8be0-b015a10a396e,NTH,QTKH2.1,QTKH2.1,D03
932da776-2c7b-42a1-92d0-942d08a39648,NTH,QTKH2.1,QTKH2.1,D04
2da48a20-73c1-4f93-87cc-acf3f28aa8fb,NTH,QTKH2.1,QTKH2.1,D06
4e604755-872d-4ac8-b116-f0033f620284,NTH,QTKH2.1,QTKH2.1,D07
fb721606-8c66-4d7e-a7e7-e7f47f15f7dc,NTH,QTKH2.1,QTKH2.1,A00
8e052e94-8309-46bb-aca3-ebe4cf125a68,NTH,QTKH4.1,QTKH4.1,A01
8091d3bf-b9c8-4171-9277-ef4c08ed9322,NTH,QTKH4.1,QTKH4.1,D01
c0b73ea0-5b7f-4bab-a7da-297f0a7a5953,NTH,QTKH4.1,QTKH4.1,D02
ef9b60c7-7f8c-40e8-8474-afa5af2b7acd,NTH,QTKH4.1,QTKH4.1,D03
1e458b75-1eae-46a3-825c-73df15e56f02,NTH,QTKH4.1,QTKH4.1,D04
5d2bd2cb-55bf-49eb-aa27-6522be763da6,NTH,QTKH4.1,QTKH4.1,D06
2272ae28-72f7-4885-8639-27ee6ee10d58,NTH,QTKH4.1,QTKH4.1,D07
977b64e6-97c8-4e18-8500-8df2230cb833,NTH,QTKH4.1,QTKH4.1,A00
35b5071c-12a4-407f-9b6a-06d558c6b7af,NTH,TCHH1.1,TCHH1.1,A01
94f537d8-70e7-4f01-a885-a7ef2609c13b,NTH,TCHH1.1,TCHH1.1,D01
cc99aed7-19a9-42e8-9ed7-984d6c9af611,NTH,TCHH1.1,TCHH1.1,D02
a8fedf89-6feb-4bcd-aaa7-ad4daf36134e,NTH,TCHH1.1,TCHH1.1,D03
fef13690-8e79-426b-a30e-4677dd0003bb,NTH,TCHH1.1,TCHH1.1,D04
f51f411c-f03d-4dee-bcfc-140ff39d5977,NTH,TCHH1.1,TCHH1.1,D06
12fb9eef-cc15-43a4-94ef-348ecb49c0b9,NTH,TCHH1.1,TCHH1.1,D07
0acabad9-0efd-478b-a55a-f316bee3c32b,NTH,TCHH1.1,TCHH1.1,A00
b28011b3-ca42-4ac0-85e7-6fd4f565bc93,NTH,TCHH1.2,TCHH1.2,A00
8e0283cd-4bf4-4682-b5ed-e3e8782746e0,NTH,TCHH1.2,TCHH1.2,A01
aae6cf9c-ae50-4f3b-a0a0-3a2766e519a3,NTH,TCHH1.2,TCHH1.2,D01
a3798a63-fd8e-4119-af90-a7c4272daa01,NTH,TCHH1.2,TCHH1.2,D02
c77c9d35-fc82-419b-9ed2-fa2b9911ef27,NTH,TCHH1.2,TCHH1.2,D03
11023ea0-80e5-4079-8cb3-1b2ecb2a61e1,NTH,TCHH1.2,TCHH1.2,D04
72a968fd-2e76-4e8e-bc10-6abe652014db,NTH,TCHH1.2,TCHH1.2,D06
a57cbbb0-1e6b-401c-8716-1c01b6e60f2a,NTH,TCHH1.2,TCHH1.2,D07
a3b84e2d-b9a2-4b7e-8198-b3564815fce5,NTH,TCHH1.3,TCHH1.3,A00
a397f2c1-7389-43ba-b6c3-229eb1b39299,NTH,TCHH1.3,TCHH1.3,A01
35b19d81-24d2-4457-8d77-e9be2200ef32,NTH,TCHH1.3,TCHH1.3,D01
78a7c5e6-78e8-4302-9f99-9523e859e967,NTH,TCHH1.3,TCHH1.3,D02
6970d401-8b58-4248-973a-df357983258a,NTH,TCHH1.3,TCHH1.3,D03
80845778-c8e5-4157-a54f-192355f62247,NTH,TCHH1.3,TCHH1.3,D04
da52c281-0dbb-4fd9-94ed-5e4cab75053b,NTH,TCHH1.3,TCHH1.3,D06
e4922885-f61c-4dd3-abc5-3585b73ae127,NTH,TCHH1.3,TCHH1.3,D07
fdca48e0-8e16-4bf5-aaba-cade0279457d,NTH,TCHH2.1,TCHH2.1,A00
c79374c6-88d2-4915-bf81-23ac2a8a0918,NTH,TCHH2.1,TCHH2.1,A01
7fb062de-e2de-4d8d-942a-2106e392fa43,NTH,TCHH2.1,TCHH2.1,D01
f54df070-e8d2-497b-bc17-d0c17d5889be,NTH,TCHH2.1,TCHH2.1,D02
917abac3-42a1-4004-b70b-eb7f6478c588,NTH,TCHH2.1,TCHH2.1,D03
40a36098-f06f-4702-9102-f22315e3c9ec,NTH,TCHH2.1,TCHH2.1,D04
974d0ec2-0461-4b41-835f-2888863c7f7c,NTH,TCHH2.1,TCHH2.1,D06
1b14850c-05b5-463c-832b-a65250a1588f,NTH,TCHH2.1,TCHH2.1,D07
8946be4d-c8cf-4115-be4e-e4a86f73564c,NTH,TCHH4.1,TCHH4.1,A00
48a73d36-d283-4c72-b9c9-173efecf1b61,NTH,TCHH4.1,TCHH4.1,A01
097d6326-e931-4e01-8bae-2a46c6597aa7,NTH,TCHH4.1,TCHH4.1,D01
ad0986fb-59ce-4f92-8570-a60e67a485f1,NTH,TCHH4.1,TCHH4.1,D02
e53de759-954c-48fb-8d39-7d612f0e7602,NTH,TCHH4.1,TCHH4.1,D03
3c688ec5-eaae-4676-b0b6-02186eae6e9c,NTH,TCHH4.1,TCHH4.1,D04
e1c677f6-8a39-43a5-a390-4e3b83aa78cf,NTH,TCHH4.1,TCHH4.1,D06
16de5792-78f3-44bf-a36b-ab088e920d26,NTH,TCHH4.1,TCHH4.1,D07
86623a34-fb47-417a-9fe1-fa97052ccaa7,NTH,KHMH2 .1,KHMH2 .1,A00
b1e9dc70-c456-4573-960b-0767acc6babc,NTH,KHMH2 .1,KHMH2 .1,A01
b90883b4-5bdc-4c40-b916-a3ed88199272,NTH,KHMH2 .1,KHMH2 .1,D01
37951100-771f-4c03-a819-6b3bd7ebe80e,NTH,KHMH2 .1,KHMH2 .1,D07
df1ce716-4040-4c84-b10c-d6181b54f0a0,NTH,KTQH.1,KTQH.1,A00
bc3dc275-c9ad-430f-b383-b2da571d8643,NTH,KTQH.1,KTQH.1,A01
1eee1278-1504-490f-a5f4-94852a286bd0,NTH,KTQH.1,KTQH.1,D01
4beac3c1-75aa-4457-944c-ec9caabe8c6a,NTH,KTQH.1,KTQH.1,D03
e52a8e1d-9cdb-455a-88ce-ad55b85eec3d,NTH,KTQH.1,KTQH.1,D07
811affff-32ef-4d0e-9ff0-97e9c89e57fa,NTH,KDQQ1.1,KDQQ1.1,A00
df8ab82c-3ab1-498d-ae05-da91482d1490,NTH,KDQQ1.1,KDQQ1.1,A01
321f65f5-d0a1-4012-949e-208faca17d02,NTH,KDQQ1.1,KDQQ1.1,D01
a61fc601-a3fa-4ad4-840c-fd3270e0d79a,NTH,KDQQ1.1,KDQQ1.1,D07
99ccc516-5a75-4f1b-b222-c545176e4f8d,NTH,KHMH2.1,KHMH2.1,D01
bf5390b2-7fff-4122-87c0-5ed741a91b2c,GHA,7310101,7310101,A00
6a6f7c0a-29f1-488e-b2cd-5b50966a5121,GHA,7310101,7310101,A01
63377649-8cc1-400a-9839-d4c701133ee1,GHA,7310101,7310101,C01
fc733d30-a978-4fc5-beea-838e691d152a,GHA,7310101,7310101,D01
14f7f3ac-48f3-49c6-b7f2-41a919912bbe,GHA,7340101,7340101,A00
71c7388b-3d3c-4dd4-a530-65c711d265d1,GHA,7340101,7340101,A01
dd10db0c-fba2-44ad-aba4-58801bde1613,GHA,7340101,7340101,C01
374dfd25-408c-481e-a188-c4a2e742bec5,GHA,7340101,7340101,D01
52538beb-7e19-4b2e-85cf-dde76ef63f07,GHA,7340101 QT,7340101 QT,A00
66b427cb-ac31-475f-8b73-d7bdb0a399e0,GHA,7340101 QT,7340101 QT,A01
6cd850a0-8e5f-4455-90e2-b7aa217695b4,GHA,7340101 QT,7340101 QT,C01
44013738-6354-4a26-8b07-7403ced0390e,GHA,7340101 QT,7340101 QT,D01
88e8de4a-e859-4119-9f15-bf725ab3a94d,GHA,7340201,7340201,A00
8cfc298e-ad26-45b8-ae23-00e8534ec6e2,GHA,7340201,7340201,A01
48f23dcd-9555-4bab-8318-8b5ddd8050cb,GHA,7340201,7340201,C01
93685138-0296-47b7-b243-9cd76e3ecfa1,GHA,7340201,7340201,D01
4a94d38c-c493-456c-beea-388dcd854114,GHA,7340301,7340301,A00
836e8d24-6368-4d8d-b697-893e0ba73bbc,GHA,7340301,7340301,A01
b9e5a074-65e4-41b4-b01c-a669eee978f7,GHA,7340301,7340301,C01
2ad097ce-b9e8-4eec-bdae-59904825e269,GHA,7340301,7340301,D01
992b4899-4ea4-45ef-910e-19ecadced5cc,GHA,7340301QT,7340301QT,A00
d0c4e1af-055c-4524-8496-283d7c572108,GHA,7340301QT,7340301QT,A01
3ddf5eda-55ce-4e0e-8276-81edf551335a,GHA,7340301QT,7340301QT,C01
7a9089d4-f50d-434b-ac5d-f54bbec5ccf4,GHA,7340301QT,7340301QT,D01
b57a7e2d-c3b8-467d-a9f7-f02491146364,GHA,7460112,7460112,A00
1e9db163-a487-4f43-820c-26e24f29019d,GHA,7460112,7460112,A01
85d63fcb-365e-4f02-8da7-1202e61f27ae,GHA,7460112,7460112,C01
de048227-c95d-485c-8d7c-f30c2f230662,GHA,7460112,7460112,D01
a2f6ed96-62ae-4e14-a8e4-191b90498e57,GHA,7460112,7460112,X06
a0d90b81-9760-426e-aee6-4910d43536d7,GHA,7480201,7480201,A00
53247e71-87f5-4f49-8b34-1f0c804be6d9,GHA,7480201,7480201,A01
6189930a-c74d-4c32-a895-4cdf2fb8bcca,GHA,7480201,7480201,C01
628603cc-f5df-456c-9350-6a93ab3e2ae9,GHA,7480201,7480201,X06
29ca955f-c3c1-4d72-9bdc-dd32aceebbf5,GHA,7480201QT,7480201QT,A00
c05fa7e2-77e9-44dd-8bff-0961332fb2ec,GHA,7480201QT,7480201QT,A01
e115e5da-9229-496a-bee7-647fa25070f8,GHA,7480201QT,7480201QT,C01
f4d01822-08f0-46dc-a259-caee26aa9a54,GHA,7480201QT,7480201QT,X06
d763e782-ba9a-41f2-8a2a-8ee771445f1d,GHA,7510104,7510104,A00
2a18aef4-4a08-4696-8d4d-0619c6218265,GHA,7510104,7510104,A01
52c7a0f7-e465-4f38-9f87-84c7017a46c5,GHA,7510104,7510104,D01
86a88c72-8ee5-491b-b980-ae9e536dc1fb,GHA,7510104,7510104,D07
23124adb-3d00-4235-b055-16f0f3b64fcd,GHA,7510605,7510605,A00
7df63ede-0fff-4898-b186-13d9a64c4e0d,GHA,7510605,7510605,A01
68f59d47-750b-4713-a6a3-8035cd68bf90,GHA,7510605,7510605,C01
76647bc8-cc28-4691-b1e2-636437cfaf27,GHA,7510605,7510605,D01
a2cd9358-4638-4900-8895-2749ecac3888,GHA,7520103,7520103,A00
e80fe585-13df-4129-98a4-e37b165643ef,GHA,7520103,7520103,A01
667b5bd8-002e-4c6d-b200-410a68330d09,GHA,7520103,7520103,C01
7690ae58-473f-4ef5-960c-63d4743be607,GHA,7520103,7520103,D07
02a29fa2-154b-4741-a0e0-ad33810554bf,GHA,7520103,7520103,X06
2820d307-366d-4720-8f21-033bc6598ed0,GHA,7520103QT,7520103QT,A00
58141a15-c89a-455a-b51b-4117da19f65e,GHA,7520103QT,7520103QT,A01
fa02d876-e5a8-415b-8b8a-475994de8da7,GHA,7520103QT,7520103QT,C01
c7e3d235-94e7-4d60-8662-16db05cf75bd,GHA,7520103QT,7520103QT,D07
98db8c7d-695b-445d-a1ad-9c939d628896,GHA,7520103QT,7520103QT,X06
367dd109-9212-40c5-8fbc-47902745ccc4,GHA,7520114,7520114,A00
4cd3e975-1eba-4f07-8cf6-1f292de3cd7f,GHA,7520114,7520114,A01
9a59e523-3f48-4617-9768-13064ac1265f,GHA,7520114,7520114,C01
e06deadd-fa5e-4eb5-8efc-09e4e6a8893b,GHA,7520114,7520114,D07
b4befeda-17eb-4d4b-8bd1-f78e9e2d6a71,GHA,7520114,7520114,X06
4c0b46fd-d5be-441d-98ea-de089b411883,GHA,7520115,7520115,A00
20331bd8-4f70-40c7-be01-aac4f91aba43,GHA,7520115,7520115,A01
70293159-e2ef-458b-8678-ac0d3af34420,GHA,7520115,7520115,C01
33c00e84-a5ad-4160-b5b4-f4ee9fe9dd7a,GHA,7520115,7520115,D07
2b56128f-c57c-4405-81ab-7190b5931dfe,GHA,7520115,7520115,X06
8c3f3232-1dc3-4dd4-8271-df4352d9cba2,GHA,7520116,7520116,A00
f4aeb88d-0593-4777-a3bf-ed3d00058fda,GHA,7520116,7520116,A01
65e9c69e-67a7-481b-9c9f-95ccc98c7094,GHA,7520116,7520116,C01
597a16bb-4935-4bbc-b778-1a4e7a87eb0f,GHA,7520116,7520116,D01
3a7e4e14-5ee5-48c7-b5cb-83475f74c6ec,GHA,7520116,7520116,D07
2defb326-7b1f-4dac-a995-0cbe7fe7e2e1,GHA,7520116,7520116,X06
4204ed68-2d1c-426b-8043-5d0768ffda52,GHA,7520130,7520130,A00
f2baac2a-99a3-430e-a9fa-100413c3fceb,GHA,7520130,7520130,A01
fdcdd6a5-e1a9-44b5-b6d9-364e0f02f33d,GHA,7520130,7520130,C01
f3aba89c-1358-4fcb-beb8-c74148d647e4,GHA,7520130,7520130,D07
162d88c8-e619-4dc1-8ea5-5153653d5d4c,GHA,7520130,7520130,X06
83d1f5e3-8272-4c87-9eb8-b35128a06c42,GHA,7520201,7520201,A00
c8ecea84-d71b-4960-ad6c-2abb747fa1ed,GHA,7520201,7520201,A01
2425ddb3-caf8-4ee2-8a15-bd76a68dc500,GHA,7520201,7520201,C01
eedfc661-cc82-4a08-859d-4e4a2410b95d,GHA,7520201,7520201,X06
c1f2dcce-930a-435b-bf43-5e6a607babbc,GHA,7520207,7520207,A00
0bf03a13-0d3b-40ed-a795-58b4759d5c91,GHA,7520207,7520207,A01
d14a2457-3f17-48ee-8522-0196f8cde17f,GHA,7520207,7520207,C01
3848da5c-7971-4e24-9801-7c6fbb917b4e,GHA,7520207,7520207,X06
7274d8d5-ec4f-402b-b5e8-81d2e46aa2a5,GHA,7520216,7520216,A00
8140a8f4-5875-405b-b45d-b4c7f9982a9c,GHA,7520216,7520216,A01
b761e826-547b-468f-bb09-9ae51a04deea,GHA,7520216,7520216,C01
729698a6-e34d-4837-b924-2485b5c98873,GHA,7520216,7520216,X06
e034e229-9b43-4a68-9a44-9e93e46a4085,GHA,7520218,7520218,K00
5aa41d89-1a96-4566-a4d1-be73cad8b7aa,GHA,7520320,7520320,A00
525a340e-6282-4599-84bb-7739d8421641,GHA,7520320,7520320,B00
692f88bb-4cf1-43b6-a74e-6509c0623c81,GHA,7520320,7520320,C01
9dffdbee-64ac-49df-b776-2d6597f4fdf4,GHA,7520320,7520320,D01
bc54fecf-7123-43b6-88d6-09b207acc3ee,GHA,7520320,7520320,X06
cfe6cd23-396d-4be5-b6c9-54e114af0781,GHA,7580201,7580201,A00
90e41438-6a0a-4288-9c61-719ef48635c9,GHA,7580201,7580201,A01
4fbc7fda-10e7-49e0-9177-d5fee2368625,GHA,7580201,7580201,C01
76e69540-2524-4590-95a0-ceb3d1a61950,GHA,7580201,7580201,D01
15e1024c-18bd-46f5-b2ad-adf1af5bf117,GHA,7580201,7580201,D07
685e5969-e4df-4b06-8075-cc4357bc108e,GHA,7580201QT-01,7580201QT-01,A00
6460a44e-1254-498d-a6e8-cd3c40c5df34,GHA,7580201QT-01,7580201QT-01,A01
b4f99c79-04f1-4726-a12a-7dbebabaf171,GHA,7580201QT-01,7580201QT-01,C01
d1c6995d-a20f-45fc-a6cc-b578a8d60593,GHA,7580201QT-01,7580201QT-01,D01
070fd078-3299-4cf4-b71d-61474ef53c1a,GHA,7580201QT-01,7580201QT-01,D07
fa0c7c14-b51f-4355-b0f9-71bcfe770846,GHA,7580201QT-02,7580201QT-02,A00
9c64ec89-aa71-48bb-aed2-ca431f0d48c9,GHA,7580201QT-02,7580201QT-02,A01
68a25def-8e0c-4989-a557-5bbddfa35ed2,GHA,7580201QT-02,7580201QT-02,C01
5d617f67-f0d2-4d78-b963-a68f20a46134,GHA,7580201QT-02,7580201QT-02,D01
206e4f4c-30f0-4c23-9a4e-b4ae79547754,GHA,7580201QT-02,7580201QT-02,D07
42399818-9a9b-49b2-ab64-9713a93404fc,GHA,7580202,7580202,A00
2cb76bdc-3225-4ae7-9e69-854ba8fe7408,GHA,7580202,7580202,A01
0e7bb696-bdc9-4c1a-aac5-95ed8bbf878e,GHA,7580202,7580202,C01
59969ec6-e8e2-4415-a634-be261df29ce8,GHA,7580202,7580202,D01
1d9a7275-4a3e-42ca-a5c6-c556d5ec3571,GHA,7580202,7580202,X06
dcdb43fc-de31-489f-8eef-5be77ff57f10,GHA,7580205,7580205,A00
0fa92192-8a0f-4eea-a8ad-3cbc5786a89b,GHA,7580205,7580205,A01
8b412dab-ff60-41d8-b003-fa15468f3740,GHA,7580205,7580205,C01
cbc48c80-00df-4a70-b2b6-6709a7912678,GHA,7580205,7580205,D01
90ce6286-6f84-4430-9c48-96a165edd644,GHA,7580205,7580205,D03
1a67e750-151f-4cf8-94b9-5b3d374ece24,GHA,7580205,7580205,X06
38c485e6-da49-4103-8210-73a3d340b26e,GHA,7580205QT,7580205QT,A00
2243d03f-8ceb-4efd-aba7-30a0e57a4c00,GHA,7580205QT,7580205QT,A01
dea76be3-2e23-4986-b994-1181674c08d8,GHA,7580205QT,7580205QT,C01
e4a05657-0982-4977-ad32-91858637f0e2,GHA,7580205QT,7580205QT,D01
c5850218-d4cd-4dba-b750-0b7344e7c2da,GHA,7580205QT,7580205QT,D03
d5e2cd55-f63e-4ee6-94bc-0151f13bcbaa,GHA,7580205QT,7580205QT,X06
d98b1ec6-80e9-41f9-ad7d-dc412076b791,GHA,7580301,7580301,A00
1184f5c4-051d-4beb-88aa-b658003d18e2,GHA,7580301,7580301,A01
2fa469fc-5c01-41a4-85f1-82a1ea3bcd94,GHA,7580301,7580301,C01
fdea7650-ec84-44ed-b3ae-3252c458f9f5,GHA,7580301,7580301,D01
16f82cc2-a559-499d-856c-6166e1b72b34,GHA,7580301,7580301,X06
45040877-fdd3-469e-88ff-41996eb19973,GHA,7580301QT,7580301QT,A00
9c9ca4ac-1165-4865-8f26-28648360a9cf,GHA,7580301QT,7580301QT,A01
c34eb2bf-b540-49f7-badb-c2ed7d02012d,GHA,7580301QT,7580301QT,C01
64002758-492a-4b37-ac4f-9651894b6185,GHA,7580301QT,7580301QT,D01
dd93907e-82f8-411f-b0c8-0dcc56b5ddfb,GHA,7580301QT,7580301QT,X06
c727bc29-5934-4fd8-9871-8304d3268612,GHA,7580302,7580302,A00
b3e58b5d-b1ee-4b41-93e2-4ffed0bef233,GHA,7580302,7580302,A01
6163d48c-2d06-4ee7-a647-984fe9c6000e,GHA,7580302,7580302,C01
bb162efc-9ec3-478a-9317-81acebca4862,GHA,7580302,7580302,D01
85866b13-9c44-4998-819c-25174e9c83de,GHA,7580302,7580302,X06
e3f70b05-3f74-45b7-b195-550b3cf8bc5e,GHA,7810103,7810103,A00
6791e006-5ab2-4481-ac24-d6259fc3d562,GHA,7810103,7810103,A01
5d9c9000-ea2e-4c43-8099-18e049a1ddcb,GHA,7810103,7810103,C01
eed765eb-3786-46fa-88f8-a520c228460b,GHA,7810103,7810103,D01
5b1ecb3e-17d3-4eed-a8b6-382dc85728cc,GHA,7840101,7840101,A00
ff62151d-091c-455f-801e-70c5c6aa7b27,GHA,7840101,7840101,A01
c4c4dc07-eec0-44b8-817b-5e9e75c9cf8c,GHA,7840101,7840101,C01
574b1c04-f58b-4da8-a6f6-340ca710e9e1,GHA,7840101,7840101,D01
4c71d469-1bc0-4f57-a0b6-33e57a21cb52,GHA,7840104,7840104,A00
3b6d5a49-021c-4bf7-9e28-dfb1b72ceaf9,GHA,7840104,7840104,A01
5c8c4ca4-fe10-4755-bd3e-da1247f0a9b2,GHA,7840104,7840104,C01
1021a8c2-6ebd-4e4e-9bf5-6ea44331e3aa,GHA,7840104,7840104,D01
66663921-68b4-4323-bc47-3985240f2457,GHA,7340110QT,7340110QT,A00
2de3ca1f-4241-4f45-b2ca-83e15a123dde,GHA,7340110QT,7340110QT,A01
49ee3855-54ae-4172-9f8b-ee4276ba392d,GHA,7340110QT,7340110QT,C01
eb96c6a2-412f-4691-8748-48919e55d5e7,GHA,7340110QT,7340110QT,D01
935ad151-a3a5-4b64-ac6e-4a99681fef14,GHA,7480101,7480101,A00
4d13b327-ae69-4182-a88d-d59dc6de0cb0,GHA,7480101,7480101,A01
a64bd0fe-f5a7-44c1-a72a-6a0b1007a157,GHA,7480101,7480101,C01
ccd260e1-ce43-43fc-89b5-419f6c0ef106,GHA,7480101,7480101,X06
6c04200d-85b7-40ee-ac9c-28cce2db7047,GHA,7520219,7520219,A00
db115b62-d74c-4cb1-9828-59ebc6174445,GHA,7520219,7520219,A01
df3380d1-fc38-4024-a4b3-32e935048db3,GHA,7520219,7520219,D01
ef4164f3-13c2-4a1f-9b9c-d891898a21cf,GHA,7520219,7520219,D07
c56fdb54-8b1b-4660-a57e-9d6b90ec1414,GHA,7580106,7580106,A00
eb90db08-10ab-4d6c-b279-952b9e8c4812,GHA,7580106,7580106,A01
b993247b-d36d-4aa6-a1f6-daf1b39c4617,GHA,7580106,7580106,C01
9150dc08-5f0b-47b1-bea2-fcebc999dd6e,GHA,7580106,7580106,D01
00ac3326-7401-45be-81f9-bcbc306e6aef,GHA,7580106,7580106,X06
ee46c921-c872-4379-9eb9-ccf4a5601327,GHA,7580201QT,7580201QT,A00
629d5875-d650-4c3e-89e5-cb5c8dae6d1e,GHA,7580201QT,7580201QT,A01
ead0b342-f5b4-4da3-89f8-f0edaae9d0f6,GHA,7580201QT,7580201QT,C01
ef056aaf-dda8-42f4-bf8b-64a84dc25b9f,GHA,7580201QT,7580201QT,D01
95af4f43-4be0-4811-9461-9f8feb49b102,GHA,7580201QT,7580201QT,D07
704524ba-50f6-4d4f-98f1-b73d780d5e22,GHA,7580210,7580210,A00
1ff4984f-df1e-404e-b3ff-f544e7400d9e,GHA,7580210,7580210,A01
34cff846-fdb7-4449-ae5e-675cd4b952db,GHA,7580210,7580210,C01
e94bbbb0-226f-43b3-b7b1-10d76a03ee62,GHA,7580210,7580210,D01
e7868fda-cfa0-470d-9d82-5d00afc253c4,GHA,7580210,7580210,D07
fe6c4457-9c74-4746-b9fb-edaeeb855cd3,GHA,7580302QT,7580302QT,A00
fdce7463-ec0c-4ada-8d7b-3397aadfd74a,GHA,7580302QT,7580302QT,A01
47564f0f-6cbf-4f6b-9c6b-5ea745652ffe,GHA,7580302QT,7580302QT,C01
92213d96-7e96-45d7-b8b2-237d705268c5,GHA,7580302QT,7580302QT,D01
d9a2dc56-5038-4c54-8248-14a85572ecec,GHA,7580302QT,7580302QT,X06
e1641262-18af-4f69-a01e-88d98fa66b20,GHA,7340101QT,7340101QT,A00
3f070115-d6be-439c-a156-ffb7698c7bdd,GHA,7340101QT,7340101QT,A01
e3f80741-525e-4d3d-9ad1-0eca630a74e4,GHA,7340101QT,7340101QT,C01
4541481a-9db2-42ce-8c60-af749f611406,GHA,7340101QT,7340101QT,D01
a4461d3c-36a7-488a-b094-3a8f813ae833,GHA,7220201,7220201,D01
8526f823-9795-40ce-a1df-7d9bc2ddc2b9,GHA,7220201,7220201,D09
01b9e68f-98a7-4ce9-a2d9-e408756f9745,GHA,7220201,7220201,D10
aa1985f8-7c08-4f89-8cec-1f28f0759396,GHA,7340301 QT,7340301 QT,A00
d3a19653-fd2d-451c-8f50-67d1fe29dc54,GHA,7340301 QT,7340301 QT,A01
d53a37f5-60d8-4ccc-b763-7038047b62fb,GHA,7340301 QT,7340301 QT,C01
74f76e7a-385e-4655-a729-dcf3c5155c70,GHA,7340301 QT,7340301 QT,D01
552c6550-9051-47f7-a559-a76f4913ff28,GHA,7480106,7480106,A00
3efed7e2-4d0b-4ca9-810a-f3e8311f5593,GHA,7480106,7480106,A01
3f230bc1-54a7-48e4-9e3e-5fa327c1aa7e,GHA,7480106,7480106,C01
517531b3-39ef-48ec-8d09-2a3f8b6adffa,GHA,7480106,7480106,X06
96a7f0e7-0b50-4567-9178-b01380edcc85,GHA,7480201 QT,7480201 QT,A00
f15a5e0d-7568-425f-b7ee-f73f244c5087,GHA,7480201 QT,7480201 QT,A01
9ada722b-a34d-4442-923e-b18e1a6cbaf9,GHA,7480201 QT,7480201 QT,C01
e0d14174-ae6b-4ac6-81ee-e3073cd38b76,GHA,7480201 QT,7480201 QT,X06
b83c81bd-8354-4e35-96df-26e1bb6a0d51,GHA,7520103 QT,7520103 QT,A00
75558874-64d1-4104-baf8-6628e3fc38e9,GHA,7520103 QT,7520103 QT,A01
21ef9dbf-229f-445c-a585-dab0589a79a9,GHA,7520103 QT,7520103 QT,C01
bf43e84b-eda5-49f9-819f-5cb86d9f4940,GHA,7520103 QT,7520103 QT,D07
7030c5ea-a3db-42d4-8516-7452a527aa38,GHA,7520103 QT,7520103 QT,X06
c0540e84-e5ba-4519-82b3-df3d8319c387,GHA,7580101,7580101,A00
f3d9ab56-bd1b-4b9d-adbd-225a2409ff4e,GHA,7580101,7580101,A01
59074f47-fa64-41cc-a5b1-e8fa30125c6e,GHA,7580101,7580101,V00
c40bb425-fd13-4f23-bb6d-6996c9e53f06,GHA,7580101,7580101,V01
7e94b2bc-05a4-412b-90bc-4c04daec4981,GHA,7580201 QT,7580201 QT,A00
ef0af516-9eaf-4afc-8833-dfdf297f8f69,GHA,7580201 QT,7580201 QT,A01
a8d14a32-568a-4f75-87ae-2dd794f8b845,GHA,7580201 QT,7580201 QT,C01
a0d9b82f-631d-4e67-84a5-efc43aeefea7,GHA,7580201 QT,7580201 QT,D01
534be243-3de1-41b5-828b-5d0ac441c607,GHA,7580201 QT,7580201 QT,D07
6930d162-7f0e-4547-ba16-1c22e4d5b66f,GHA,7580205 QT,7580205 QT,A00
92d3f483-ccd3-4baa-849f-d1e26d348a93,GHA,7580205 QT,7580205 QT,A01
de37a300-d8f2-4a0b-b9a8-465db0f678a0,GHA,7580205 QT,7580205 QT,C01
648b2fe3-c24c-4118-b517-a656226847fe,GHA,7580205 QT,7580205 QT,D01
a3f2aba2-20da-4cb7-8670-4c051e7d0464,GHA,7580205 QT,7580205 QT,D03
c3c78986-267d-42b0-883d-e740d8c0adac,GHA,7580205 QT,7580205 QT,X06
92c43d8a-42d2-404d-8790-afb4856a8091,GHA,7580215,7510104,A00
3c8a5a2a-1a34-4841-b3da-95e32f9543e5,GHA,7580215,7510104,A01
a0ca1a8f-8331-49c5-873d-cd1f82a8bf0c,GHA,7580215,7510104,C01
c8949a1a-29ef-4e47-b32b-34cdbbe0ebe3,GHA,7580215,7510104,D01
0d0bc519-146d-47ec-87a7-d29063030788,GHA,7580215,7510104,X06
baa65cdb-e1fa-4f88-90f3-5885e31a3d25,GHA,7580301 QT,7580301 QT,A00
1c5f8a27-d794-425e-97fb-60c6e7260427,GHA,7580301 QT,7580301 QT,A01
451a485c-5649-400b-a6de-49c6f02e7937,GHA,7580301 QT,7580301 QT,C01
fa4293fb-d661-4b9f-b66b-176455a27e49,GHA,7580301 QT,7580301 QT,D01
801037fb-0818-4e8a-8f17-57585e90160e,GHA,7580301 QT,7580301 QT,X06
c05fe4f9-5240-4596-b0c7-719292334c00,GHA,7580302 QT,7580302 QT,A00
08d44cbb-a38b-4fdf-847c-4cf78290dc85,GHA,7580302 QT,7580302 QT,A01
7269597d-ffa0-4188-bd2e-fed1c4064c42,GHA,7580302 QT,7580302 QT,C01
19bc6137-1b86-4f2d-9bae-41009f5fd0f3,GHA,7580302 QT,7580302 QT,D01
5e8f59dd-ccd3-48ef-abcb-c09e024b31ec,GHA,7580302 QT,7580302 QT,X06
f50e38ed-6749-4834-b791-3acf53600e2a,GHA,7520107,7520107,A00
ef81d4fc-3afb-4e0c-9a4c-23ee2a674b58,GHA,7520107,7520107,A01
174e4fbf-4081-4aa3-8b3c-aeca43d6d270,GHA,7520107,7520107,C01
22a0f8d9-6d2b-44d3-b877-3ff17671c34b,GHA,7520107,7520107,X06
cb4bbb02-7602-4c2f-a37a-1317bb3456b5,GHA,7520116 DS,7520116 DS,A00
2c3ce365-90af-4f60-8659-be9d9cd1409d,GHA,7520116 DS,7520116 DS,A01
58ba27a4-c995-4bf9-bd18-f2db647ef73f,GHA,7520116 DS,7520116 DS,C01
3dc37a92-ca3f-4e47-a56d-a6e3cf1b1cff,GHA,7520116 DS,7520116 DS,D01
aca2cf3b-94d1-4ab8-ba0a-cbd821ef1d96,GHA,7520116 DS,7520116 DS,D07
a4e8efb7-acab-493a-a153-c746b511b69f,GHA,7520116 DS,7520116 DS,X06
0dcc7c3c-08e0-419f-ba01-35262cb0a7a7,GHA,7520201 DS,7520201 DS,A00
53409188-5edd-4637-829f-455dd4430a41,GHA,7520201 DS,7520201 DS,A01
be8041a2-c9f0-4836-bef4-f6f7925a72c1,GHA,7520201 DS,7520201 DS,C01
1de9354a-bf7b-44b7-83e2-be07415e1547,GHA,7520201 DS,7520201 DS,X06
7622208b-1f0f-4bae-b6c1-4d6e233a0312,GHA,7520216 DS,7520216 DS,A00
3bd0b805-e390-45ce-82a3-7b188bd27f62,GHA,7520216 DS,7520216 DS,A01
de125e42-0a5c-4f75-92a4-4b95c597c7f6,GHA,7520216 DS,7520216 DS,C01
933b8d43-4f9d-4351-940a-a1ea9f68e7dc,GHA,7520216 DS,7520216 DS,X06
518a9dbf-c896-4e23-8a61-fb2dad690a06,GHA,7520216-GTTM,7520216-GTTM,A00
070b0441-386e-4062-b7f0-21f50fbe994a,GHA,7520216-GTTM,7520216-GTTM,A01
d9ed652c-1a5b-4362-b34b-4c84d6e48dd6,GHA,7520216-GTTM,7520216-GTTM,C01
587ae0f0-91b6-49db-bd7d-c84f171e8b27,GHA,7520216-GTTM,7520216-GTTM,X06
cc9a20cf-1aae-4541-8825-607d21379d13,GHA,7580205 DS,7580205 DS,A00
8b729748-c42e-442e-a2c6-2c26bb4b5c3c,GHA,7580205 DS,7580205 DS,A01
8accad50-8652-44f6-be2a-badb516a87f4,GHA,7580205 DS,7580205 DS,C01
3a466bee-2544-4f19-a17e-d0f8b834bccf,GHA,7580205 DS,7580205 DS,D01
db5d8cb6-8821-4bff-b661-93565b5b0bdc,GHA,7580205 DS,7580205 DS,D03
c76da9a1-d641-41e7-b205-52a1a227e734,GHA,7580205 DS,7580205 DS,X06
40f0dbc5-7917-43c7-a113-7bd118d50c41,GHA,7580205 QT1,7580205 QT1,A00
b53b6ece-3b3a-4e1c-9f8c-a8d748d8853a,GHA,7580205 QT1,7580205 QT1,A01
a7e07207-b919-462d-816a-44555c0e4949,GHA,7580205 QT1,7580205 QT1,C01
3be8db90-0223-41b1-8ceb-03708548d048,GHA,7580205 QT1,7580205 QT1,D01
c7ee3420-407b-4f67-afec-7126f6eb6464,GHA,7580205 QT1,7580205 QT1,D03
7ba28848-d397-47a1-98a5-7aff75902149,GHA,7580205 QT1,7580205 QT1,X06
5eaa0761-11fb-45ed-b6eb-acf64b65c4df,GHA,7580205 QT2,7580205 QT2,A00
0a2f990c-e85c-46bf-9251-35349b807ffd,GHA,7580205 QT2,7580205 QT2,A01
c811fff7-2a92-4362-a264-96c8348f93af,GHA,7580205 QT2,7580205 QT2,C01
db515003-9b84-44ce-adfa-0153d42ba465,GHA,7580205 QT2,7580205 QT2,D01
ad52513d-009b-41f6-8783-023c4133ffb9,GHA,7580205 QT2,7580205 QT2,D03
85cd0e12-e832-4248-83af-ff3f1e6797ae,GHA,7580205 QT2,7580205 QT2,X06
ea0aab72-816c-4a18-ac43-388a8d63343f,GHA,7580205 QT3,7580205 QT3,A00
3ce5fbb7-206a-4c2d-994a-060eab6f1b6a,GHA,7580205 QT3,7580205 QT3,A01
a9fd7642-9c5f-4bbc-bc8e-ceebc28d1b45,GHA,7580205 QT3,7580205 QT3,C01
2ccacdff-e6fc-433c-8713-dcab47f77ddc,GHA,7580205 QT3,7580205 QT3,D01
adb073aa-a91d-44c9-a375-e7c409a8e87c,GHA,7580205 QT3,7580205 QT3,D03
f7016920-9cc0-4cf4-b8c2-a1a26377c28d,GHA,7580205 QT3,7580205 QT3,X06
64de3024-cc07-4c60-9bb3-61942a5c8848,GHA,7580215,7580215,A00
4e61ede0-a25b-454b-88b3-15484654219c,GHA,7580215,7580215,A01
ba530ed3-4aa3-41f1-a6c4-63f1f7b11eca,GHA,7580215,7580215,C01
e0932589-b06a-4e07-a2d6-2c33409152f8,GHA,7580215,7580215,D01
d512a57a-a83e-4aed-8c15-d8c85251eba9,GHA,7580215,7580215,X06
70346686-2ff8-403d-9bcc-f0d04bd2fed3,GHA,7840101 DS,7840101 DS,A00
bcc2d36e-4c70-40b8-b90a-a832f6ec084d,GHA,7840101 DS,7840101 DS,A01
4c216f3d-c137-45b3-9f53-5bda406a38ee,GHA,7840101 DS,7840101 DS,C01
af992816-c162-4a4a-a206-d097e5e13eae,GHA,7840101 DS,7840101 DS,D01
06b18aef-5ba1-416f-8a8c-13e5d031d9e5,GHA,7340101LK,7340101LK,A00
ca4c5769-b124-48c6-8e68-06710c3f8e16,GHA,7340101LK,7340101LK,A01
a4c56ef8-9378-4c2a-818e-17caf9c62bd0,GHA,7340101LK,7340101LK,C01
5bfc9496-7e50-48c6-9ac1-95c191735c40,GHA,7340101LK,7340101LK,D01
fa1643b9-f872-48b9-89f2-7568e496838b,GHA,7580302LK,7580302LK,A00
04492e25-8b44-4024-8446-2e1c866aa637,GHA,7580302LK,7580302LK,A01
cf2623d5-1d50-4522-b1a8-9f9c7158ed5d,GHA,7580302LK,7580302LK,C01
d488b77a-396c-4cfd-96a1-4392ca4f0ea2,GHA,7580302LK,7580302LK,D01
34b17b23-67ec-42dd-887a-0913e3bb33aa,GHA,7580302LK,7580302LK,X06
091e7e67-2fe3-46f7-8936-a97acd8a886d,GHA,7340101 LK,7340101 LK,A00
8432180a-cf1c-4384-978a-5490e1622973,GHA,7340101 LK,7340101 LK,A01
aa56bead-80eb-4b67-8cc8-7213ed4b9011,GHA,7340101 LK,7340101 LK,C01
f434cb49-dc60-4824-92c7-b6d373f8e04d,GHA,7340101 LK,7340101 LK,D01
d9e3da07-c8e5-4e23-a6d4-fef57b4df2e0,GHA,7580205 LK,7580205 LK,A00
79a9d839-d0ea-4702-a438-850dee76e92d,GHA,7580205 LK,7580205 LK,A01
17e2dba1-6c36-405a-8345-433096533c79,GHA,7580205 LK,7580205 LK,C01
35d29938-2edc-4b69-85b5-5c16e4384957,GHA,7580205 LK,7580205 LK,D01
725e1053-404a-4e0e-aa4e-cea14e2270ba,GHA,7580205 LK,7580205 LK,D03
23de066c-da46-4b39-b97b-4b3803ec5329,GHA,7580205 LK,7580205 LK,X06
2f1de5c1-ed84-46d6-8556-05bec04a0627,GHA,7580302 LK,7580302 LK,A00
34653589-2d26-4f61-b97b-7c6de8e4bd58,GHA,7580302 LK,7580302 LK,A01
75e0fd94-082c-4d8f-8bb9-34a06066cc0d,GHA,7580302 LK,7580302 LK,C01
61bdcadd-4aa4-441a-a5e4-8c940465247f,GHA,7580302 LK,7580302 LK,D01
6c895357-9df3-4c7c-89d2-3eb85924029d,GHA,7580302 LK,7580302 LK,X06
8209084a-c822-4bd0-a4df-9c63d94e6496,DCN,7210404,7210404,A00
18c1cf82-779f-49e1-9b9b-204d8f4df1f1,DCN,7210404,7210404,A01
29100452-761f-4ebd-8b08-0e85e151aac7,DCN,7210404,7210404,D01
faf2a885-963a-42cd-95d4-0d1fe7042fb7,DCN,7210404,7210404,D14
e4845de8-b5e8-40a3-b8d4-a71e6b491c19,DCN,7220201,7220201,D01
3ca0eabd-2b3b-4c6b-a512-b55a85291202,DCN,7220204,7220204,D01
27aa2cfa-9274-4410-bec1-aed7b98de506,DCN,7220204,7220204,D04
6d2f0e93-d51f-4f05-8f9e-d3b19f1a6091,DCN,7220209,7220209,D01
90b178a6-c721-4d59-a8c8-f9fa3ffbb6d4,DCN,7220209,7220209,D06
0ec8b0e9-5d02-44a2-ae31-8250e945e7f2,DCN,7220210,7220210,D01
a8df17f9-b467-4b17-b32b-b14fa3f40a81,DCN,7310104,7310104,A00
a3dfb80d-d972-4246-88f9-f1430c5b0889,DCN,7310104,7310104,A01
566ff456-f877-46a2-84e0-7921cc21ec05,DCN,7310104,7310104,D01
5b5bfbb2-9fe8-4358-ae0e-f095fb61cd71,DCN,7340101,7340101,A00
ac74adbe-0d4a-4e21-a6d3-d6117e846213,DCN,7340101,7340101,A01
1af93826-2f14-40f6-90ba-3a95dbcb842a,DCN,7340101,7340101,D01
bd09dc21-00d0-4474-8952-5bf244cbb9f5,DCN,7340115,7340115,A00
077d7317-d6f0-4637-8e08-26b43c8665c7,DCN,7340115,7340115,A01
aac94124-1ab9-4edd-b3c9-551427a34d39,DCN,7340115,7340115,D01
1fcd7438-516f-4a0e-826c-17382ae6a692,DCN,7340125,7340125,A00
0e0fdcb9-f7da-40a3-aa2c-89a888fc31b9,DCN,7340125,7340125,A01
2085e71f-1139-477c-82e5-315f45279925,DCN,7340125,7340125,D01
6621e0b8-98f0-477e-911d-e11d9e2d4d18,DCN,7340201,7340201,A00
37d1211a-5fb2-4106-906e-17115430f967,DCN,7340201,7340201,A01
cc725c42-4fef-42b0-9a18-a4c24d49688a,DCN,7340201,7340201,D01
4c97efab-b584-421c-afbe-7ad7a7186904,DCN,7340301,7340301,A00
b42b1b42-e11f-49ca-9a2e-f6856f3384c6,DCN,7340301,7340301,A01
08a0cdb9-c422-47fa-82bb-e74b65b4f5a2,DCN,7340301,7340301,D01
3ce7bf76-5a8f-4b6b-bac9-47ae2d9d4111,DCN,7340302,7340302,A00
0d163627-fcfc-4502-a51d-62472a06423c,DCN,7340302,7340302,A01
164fed1a-8197-4d7a-8e82-489f030e089f,DCN,7340302,7340302,D01
a12299d9-12cc-48e1-a2e6-46d29eecd920,DCN,7340404,7340404,A00
10d8d67e-f169-4981-974e-6b62e81778e5,DCN,7340404,7340404,A01
7a735a16-c2ca-4cf5-9c13-2605dc493918,DCN,7340404,7340404,D01
e7f890fb-a4c3-4e95-93f0-24d45925e260,DCN,7340406,7340406,A00
959b5584-190d-4d65-a582-bbea394bdeb7,DCN,7340406,7340406,A01
1ba63a0e-c9f2-4dc7-8ba9-7db0bd483f87,DCN,7340406,7340406,D01
9275dca5-0bc6-4d6d-9dac-bdfb3b678890,DCN,7480101,7480101,A00
4b97a859-6ccb-45f3-95ee-98613efc700e,DCN,7480101,7480101,A01
5bd68fca-d83b-4300-8f20-91aebf37f2c4,DCN,7480102,7480102,A00
e0b1384b-fd3a-4196-9563-635329560218,DCN,7480102,7480102,A01
4c8dc1b9-5f64-494e-9d32-3c31b267bc38,DCN,7480103,7480103,A00
fa20ad75-4709-4af3-a2a9-f7e021632c37,DCN,7480103,7480103,A01
7e8f4f29-242c-43fc-9e8a-2573279e9c02,DCN,7480104,7480104,A00
62c8bd57-37e7-4d1d-a451-e27b2966288d,DCN,7480104,7480104,A01
4374f244-a697-487d-9f1e-2138ce8dea9f,DCN,7480108,7480108,A00
7749226d-3f55-4df8-905f-f73e87a5818a,DCN,7480108,7480108,A01
b2adf1ee-fa12-4838-bf6e-51836c53a4e6,DCN,7480201,7480201,A00
59c89499-b045-4dfe-80ce-0764cf75f263,DCN,7480201,7480201,A01
8b0341e6-ebfd-4d46-97f6-9a3b4682ed95,DCN,7510201,7510201,A00
4a5b4b8a-a3e9-4cf8-86a9-6070aae92356,DCN,7510201,7510201,A01
9012c77a-f575-4946-9966-c17c83f8e9c1,DCN,7510203,7510203,A00
e118a9b0-e9dc-48e3-ba58-ea8c997edf98,DCN,7510203,7510203,A01
170abad0-3fde-4259-8b04-d125e17bd152,DCN,7510205,7510205,A00
508f2977-4e09-45df-b409-513447c018a6,DCN,7510205,7510205,A01
971b35a4-21d0-421b-850c-fd1a387a71f2,DCN,7510206,7510206,A00
c6dacb77-dec8-4c4b-9aa7-e8116f9dffb6,DCN,7510206,7510206,A01
1984ba04-2c48-48bd-b497-66e9ffe9aab7,DCN,7510209,7510209,A00
f7bf3e6a-9966-40fd-8824-72dd7c08fea1,DCN,7510209,7510209,A01
e5ae5c86-2869-4bc5-bf0a-1fc9da8e7df4,DCN,7510301,7510301,A00
8f62bb4a-850d-444c-a12c-6b84f706363e,DCN,7510301,7510301,A01
e657c80c-2a59-41b4-9592-4797c3da56bb,DCN,7510302,7510302,A00
1d6d3711-762f-4c71-8d31-efe1a9c3b603,DCN,7510302,7510302,A01
b2c82605-9549-412c-9b01-bc2d10ea8580,DCN,7510303,7510303,A00
759f17cd-0679-458c-985b-f928fbadbb3a,DCN,7510303,7510303,A01
3174905f-1d40-4646-85f1-0a3f85f43481,DCN,7510401,7510401,A00
d0b18bb5-b247-4945-b4fa-c91073d11546,DCN,7510401,7510401,B00
87b5249c-a80c-4eb0-b79f-3ba59ea31389,DCN,7510401,7510401,D01
c77e5ebe-cddf-4114-b212-cd56140cf34f,DCN,7510401,7510401,D07
f6f7205a-4fd4-4682-bf6b-607a81f24681,DCN,7510406,7510406,A00
fed79947-4f1a-4d4e-869a-f7886d312cd0,DCN,7510406,7510406,B00
1295be93-d5d5-4685-a296-52848802a22c,DCN,7510406,7510406,D01
b06ff63c-3449-43d7-a70a-934a58df1230,DCN,7510406,7510406,D07
ae0f4eb9-ad4c-4fb6-a15f-b1ed71daabb7,DCN,7510605,7510605,A00
7f74cdaf-a84c-4f59-a524-aead306d6cc3,DCN,7510605,7510605,A01
9222c432-97e8-41ed-b420-095472676fe9,DCN,7510605,7510605,D01
25f8fd51-360e-46f7-acaf-97c5e0c4aecd,DCN,7519003,7519003,A00
65ad7f28-afa3-4b9a-8a7e-0c63e9a595c4,DCN,7519003,7519003,A01
46ecffb6-6f65-40c2-9ab7-97de43eb5add,DCN,7520118,7520118,A00
42b936aa-801b-442b-bfa8-69ac73410f39,DCN,7520118,7520118,A01
cd3a3388-bf52-4f14-b052-08ce0791071f,DCN,7540101,7540101,A00
df8fd0a0-0ce6-49ba-8c2e-4a848bf76c3e,DCN,7540101,7540101,B00
82ddca18-df33-4c3c-b41e-cd12bc1f93cf,DCN,7540101,7540101,D01
ed0496ff-5a7b-4f00-aa33-f80d81444bee,DCN,7540101,7540101,D07
1634dc9d-fea0-44a4-b88f-6a4186873353,DCN,7540203,7540203,A00
21dea415-4df3-44cd-b7a2-efce9ee9ca88,DCN,7540203,7540203,A01
b7787732-6fba-4126-86ea-0884fc0e6845,DCN,7540203,7540203,D01
8a0075a2-b204-4eab-a02d-38dc213855b7,DCN,7540204,7540204,A00
51f8223a-c433-4ae6-840a-961e13b23f6b,DCN,7540204,7540204,A01
52d128cf-1705-478a-a8af-98aff34ad163,DCN,7540204,7540204,D01
6e74ed87-58e7-424f-83c3-38da836f9c96,DCN,7810101,7810101,C00
8e1912ac-6c02-477a-b5dc-b9ce19480d88,DCN,7810101,7810101,D01
6f5c022c-c61d-4a9b-a393-e1362d3b1029,DCN,7810101,7810101,D14
0855d67c-a14d-404d-ba5b-d911d4022e3e,DCN,7810103,7810103,A00
e2a60280-981b-43ad-8d31-c864dc615a9e,DCN,7810103,7810103,A01
f3305dd0-8afe-4335-8cd1-22e65577486a,DCN,7810103,7810103,D01
d2510af7-4c8a-48d7-9b91-4aba227259d6,DCN,7810201,7810201,A00
3deb07c7-7212-4bb9-a427-7973eb76dee8,DCN,7810201,7810201,A01
b8bfa9e7-877f-4a2e-8040-d2ab5f3299af,DCN,7810201,7810201,D01
989c4c33-2731-4f6f-b546-33f50cdd8109,DCN,7310612,7310612,D01
7f2c9ff6-af5d-4d62-8bf2-d7d0395a42dd,DCN,7310612,7310612,D04
e17f4e05-3b97-4328-83dd-760eb5afef8c,DCN,7329001,7329001,A00
74d18df7-83e7-492b-88c2-ce82c2678db7,DCN,7329001,7329001,A01
8880a962-99a8-44a2-a7d7-5a8309286b22,DCN,7519004,7519004,A00
56731626-e8d0-4ce9-9f95-607a97b4ab64,DCN,7519004,7519004,A01
41d75b03-4a26-42f1-b93a-6736afc34dd6,DCN,7519005,7519005,A00
8043e307-52f2-4c52-9790-1245fcffc78b,DCN,7519005,7519005,A01
78d62644-8031-4784-899d-9332580eaf3e,DCN,7810201,7810201,D14
9100f2c2-3c6d-4cad-a683-7607d6f60945,DCN,7810202,7810202,A01
0cb1c0e3-4b2b-459e-811e-2493cdd367b1,DCN,7810202,7810202,D01
c8083866-f00e-4da1-a023-1dce9adcda52,DCN,7810202,7810202,D14
5a25826d-e336-4bf6-a536-c827fe683633,DCN,7229020,7229020,C00
86cf9dd2-e8aa-45dd-8774-bc9a418beeb6,DCN,7229020,7229020,D01
e2d5bd21-5eb8-4d2c-83c1-6f807e7e09ea,DCN,7229020,7229020,D14
cf293219-688f-4a8c-a97f-d2e12b0f3519,DCN,7320113,7320113,A00
3e84f302-f82f-4add-894a-adf9a9538e82,DCN,7320113,7320113,A01
03ae0abc-468b-4f62-907c-2db3bb7cccb4,DCN,7510204,7510204,A00
a1df571f-a267-419b-8f00-f69d3cadf8dc,DCN,7510204,7510204,A01
862a9419-9a0d-4823-928c-5073eb74574f,DCN,7510213,7510213,A00
478836c9-6f32-41e6-892e-ff1b81578790,DCN,7510213,7510213,A01
218d7fa0-e64b-4536-a053-064e0876a9e3,DCN,75103021,75103021,A00
9991b5be-ce92-453c-98eb-ca19eefad6f7,DCN,75103021,75103021,A01
8dd533e7-d357-4595-8ff7-5f6c8bcbb190,DCN,75103031,75103031,A00
983e5028-0ae1-43b3-85f1-6cf3a3529d17,DCN,75103031,75103031,A01
d3216d8f-22e2-4438-a43c-e801740cd367,DCN,75190071,75190071,A00
5a09fa25-2751-4717-bf73-c7a69126b6b5,DCN,75190071,75190071,A01
7ab4a924-1ba7-4ffd-abe8-45a2488cdf48,DCN,7520116,7520116,A00
e8f0adf3-2842-44f8-95f3-8e6099ebe3a8,DCN,7520116,7520116,A01
52d3bdba-e257-40bf-b35a-c27f6ef93168,DCN,7720203,7720203,A00
d6bd6ee7-c166-4275-ad9a-4888737ea0c1,DCN,7720203,7720203,B00
83c76349-8175-49e1-aa59-531714178e98,DCN,7720203,7720203,D07
d655527c-af17-4704-8221-27a4c9b12f15,DCN,7810103,7810103,D14
2d658023-c8be-4725-bdf0-458352115d96,DCN,7220204LK,7220204LK,D01
c97bb78d-7dc7-4954-b770-e5234794f743,DCN,7220204LK,7220204LK,D04
a5b5f976-873f-49fb-a20e-d76df79bed42,DCN,74802021,74802021,A00
053af622-abb5-42bf-8e5d-6f1db0e9305f,DCN,74802021,74802021,A01
9bf998b9-259d-4733-b1f3-651d7d709a06,DCN,7510605,7510605,B00
5983bfdf-587a-43f5-ace2-2a70b8c62a66,DCN,7520116,7520116,B00
9694f3de-6a3b-4963-a4e3-3e998ff943b6,DCN,7520116,7520116,D07
493bf508-bac3-49d9-a491-589d0dcf5607,DCN,7810101,7810101,D15
6e7828d3-ef74-4974-ae8c-fc80ed5a5842,DCN,7310104,7310104,X25
b558983a-ac64-437e-b661-0de66c8615ea,DCN,7340101,7340101,X25
a1707095-d9a1-48fa-bc3d-935c93c67dd0,DCN,73401012,73401012,A01
b8c24ebc-32e3-4321-9120-875f18b9e355,DCN,73401012,73401012,D01
47b26102-d3f6-4744-9da9-563168f64397,DCN,73401012,73401012,X25
dfe327c5-1422-4eda-8b03-bc406cf1b8e7,DCN,7340115,7340115,X25
a10489ae-1df8-411f-a480-2ea8827590ce,DCN,7340201,7340201,X25
2fb00e1c-c96a-4b81-b0ac-7239627dd40b,DCN,7340301,7340301,X25
7ddd1d12-07eb-4332-b6dc-dcf359dd3fa2,DCN,7340301TA,7340301TA,A01
803a92d4-7fe2-47ef-9249-6c3c34185925,DCN,7340301TA,7340301TA,D01
c09c4541-9f82-45da-a7cf-0b706c43e322,DCN,7340301TA,7340301TA,X25
dbc89656-07eb-4baf-b19f-72665e420ac8,DCN,7340302,7340302,X25
480a2fc3-4db7-42b0-9ddc-e63a543800d3,DCN,7340404,7340404,X25
903d4f89-1642-47a5-a4ca-2046de454428,DCN,7340406,7340406,X25
32633f0c-a806-4fb3-99d4-268bde5bf008,DCN,7480101,7480101,X06
3bddacb3-4ad3-4d32-8f2a-afae45feb661,DCN,7480101,7480101,X07
abe304f1-065c-47aa-9654-5ac6106f5ab6,DCN,7480101TA,7480101TA,A00
4881cdee-9300-4e01-8011-4163fb3faa5d,DCN,7480101TA,7480101TA,A01
2fe1f93d-211e-43e2-b760-e926dfc3f068,DCN,7480101TA,7480101TA,X06
03120792-e525-40b1-aac3-e3066fd30d44,DCN,7480101TA,7480101TA,X07
2514026e-8630-406c-b528-7969de075438,DCN,7480102,7480102,X06
5125fd28-9066-492f-b451-71311b7afe53,DCN,7480102,7480102,X07
d5adee9d-ebfc-4b67-b385-cc77cb96a300,DCN,7480103,7480103,X06
24f8b18f-8774-4e7c-a969-e6be4d1af599,DCN,7480103,7480103,X07
b072d1fe-dfb1-48d3-b017-5f4938c51c24,DCN,7480104,7480104,X06
ded07dbe-38d6-4108-8245-4b99fefaa05b,DCN,7480104,7480104,X07
c7b1e57f-4960-4dc1-8786-50b21a3e4daa,DCN,7480108,7480108,X06
bd936c2e-687b-418d-891d-5087c182b550,DCN,7480108,7480108,X07
aba8acba-543a-44f7-a28a-fe179f19686c,DCN,7480201,7480201,X06
b3db3e2f-8fcd-415b-906f-bee02a869c5c,DCN,7480201,7480201,X07
797c4801-4ffa-42c7-b23c-f6d45abba325,DCN,74802012,74802012,A00
998dfef5-85a4-4487-a92c-07a4bda7d0c2,DCN,74802012,74802012,A01
27dde34a-f535-4292-86f7-10ead05933b8,DCN,74802012,74802012,X06
dac84748-bdc5-4770-bb55-f93102b50498,DCN,74802012,74802012,X07
4f4914a6-ece6-4a61-b29e-6c09279041df,DCN,74802021,74802021,X06
15746105-2944-453e-aa33-863c90350d61,DCN,74802021,74802021,X07
fbaaf4b1-0bbf-4788-b540-274c0ee0c0e6,DCN,7510201,7510201,X06
3f4edf6a-0937-43a8-aa91-83d6133b3178,DCN,7510201,7510201,X07
3689c0d8-f15f-4506-af73-6470a33148c0,DCN,75102012,75102012,A00
a0017b0f-1ad9-4b70-8819-cfcad1ea8981,DCN,75102012,75102012,A01
3415ee55-fe78-4443-9398-586c7792e3b5,DCN,75102012,75102012,X06
24f7fe5e-7c4f-4bea-98a6-3d1cf18aa7f3,DCN,75102012,75102012,X07
74ef5da8-96cf-4c43-a822-aaa535d19d6b,DCN,75102013,75102013,A00
5ce0556d-5ecf-4467-a47e-1faef63d5018,DCN,75102013,75102013,A01
efa81408-595a-4dee-9282-6b54bec2d362,DCN,75102013,75102013,X06
3b1fdc7c-0731-4cfe-b425-74b8e781a707,DCN,75102013,75102013,X07
7ad2928d-c78e-4237-92aa-4c0683817663,DCN,7510201TA,7510201TA,A00
e337f93f-9ebb-4018-837e-e5576bc9d4a9,DCN,7510201TA,7510201TA,A01
e57396f1-a6ed-405e-890c-65183a5765e2,DCN,7510201TA,7510201TA,X06
cb0c6fe2-29da-45a1-93dc-039f033da9f9,DCN,7510201TA,7510201TA,X07
8dc8e3a8-1c47-421a-9c5b-0e58efe71fab,DCN,7510203,7510203,X06
486115e9-4047-4c0c-92aa-c2546fcc89b6,DCN,7510203,7510203,X07
dfb07b64-d9df-41b4-b0d8-b606adfcd6da,DCN,75102032,75102032,A00
f2018e0e-ab9f-4a18-9d2d-821f399287a9,DCN,75102032,75102032,A01
ebb6403b-35bc-4152-83be-6871787b74b9,DCN,75102032,75102032,X06
1f26e629-60d6-4646-b6e1-ca1573b50c82,DCN,75102032,75102032,X07
b9536ff7-6a18-4e0e-a9db-081b7677ae1d,DCN,75102033,75102033,A00
97e43ecf-831a-469c-b756-1f48e6361b05,DCN,75102033,75102033,A01
66ca1dd7-d8d1-4e3c-b118-9d6dae2d6654,DCN,75102033,75102033,X06
cec89a5a-0f66-4a3a-80c1-c47cf8b1d985,DCN,75102033,75102033,X07
83343f52-78ef-464b-b813-faeb96b56531,DCN,7510205,7510205,X06
d1776585-bc66-4848-b786-fe58ad7f2131,DCN,7510205,7510205,X07
414327d0-11cc-4933-b280-f58828dcac70,DCN,7510205TA,7510205TA,A00
947230be-9f9a-417d-a1ab-1d9859be4400,DCN,7510205TA,7510205TA,A01
2b63e536-7ea9-43da-afc9-fe1a32d78cfd,DCN,7510205TA,7510205TA,X06
aedc93d3-4d5a-48a2-8720-7493e5dc1ac6,DCN,7510205TA,7510205TA,X07
0d42c469-1093-4ebd-b8de-e3218008dca3,DCN,7510206,7510206,X06
97ae2395-0fa6-4c27-aa4b-f7e49fba7719,DCN,7510206,7510206,X07
e11c08e9-097d-4a4e-84ab-f28a4e722f83,DCN,7510301,7510301,X06
0c2a8eaa-4028-4b84-9f98-57ef7bc969b6,DCN,7510301,7510301,X07
0971674f-cbd2-499e-9ca1-e745afa7b223,DCN,7510301TA,7510301TA,A00
3a9012be-1fb5-403b-9be8-2bcef93531f2,DCN,7510301TA,7510301TA,A01
138b4b83-ccf4-4da5-a03e-4d3c98301219,DCN,7510301TA,7510301TA,X06
9376de1a-2867-4b1c-8112-71e35f2cf5d6,DCN,7510301TA,7510301TA,X07
377151bb-dbcd-4f71-bac1-d4b0b9103a9e,DCN,7510302,7510302,X06
54236a72-d331-4d76-950e-e246370d46f5,DCN,7510302,7510302,X07
3151be3d-a1f1-4513-ac57-57c061703208,DCN,75103021,75103021,X06
b907dfd3-9219-48f3-b10f-ff09d58f2ba1,DCN,75103021,75103021,X07
d5f6b986-b355-44d4-bb3b-e6edfe281777,DCN,7510302TA,7510302TA,A00
b6b79cf8-e7ff-42c8-a832-57edbab80a4e,DCN,7510302TA,7510302TA,A01
7e225274-8c35-4223-bb22-18f0ece98479,DCN,7510302TA,7510302TA,X06
c5c28125-695e-4d03-8b87-989269585506,DCN,7510302TA,7510302TA,X07
8251ea20-8317-49b4-9079-7da51ba0e0ab,DCN,7510303,7510303,X06
7510be10-319b-4c58-9bd3-baaaab314a30,DCN,7510303,7510303,X07
8dd378ba-054c-4211-95f6-f257f9c70a52,DCN,75103031,75103031,X06
38445573-d9c7-481f-a233-a48ccacb5e8e,DCN,75103031,75103031,X07
7374c682-85f8-47c5-a947-65e0135768e9,DCN,7510401,7510401,C02
9c8fd40d-e305-4554-897b-b75f146ce0d3,DCN,7510406,7510406,C02
aa887b1f-1007-42d3-aa8b-c343911b63d0,DCN,7510605,7510605,X25
526fb66c-414f-485e-b02a-79a1934375c8,DCN,75190071,75190071,X06
a2fdc986-66c1-4a86-a94b-2f50b77c8cfa,DCN,75190071,75190071,X07
fa46a4c7-20e5-4a60-950a-9722c3e6d1d6,DCN,7520116,7520116,X06
b22155c3-a911-4b29-bc33-d07b0a50a8c5,DCN,7520116,7520116,X07
1cd9a97f-89e6-47bf-9739-96b00da6752a,DCN,7520118,7520118,X06
8244c458-463b-4cce-9ff3-7924dfa99416,DCN,7520118,7520118,X07
64e19707-d39e-41d3-9fbb-05ed9b3dc22a,DCN,7540101,7540101,C02
9fb63d8e-bb36-4623-b219-c2eb1770d306,DCN,7540203,7540203,X27
9a229fa9-de8b-4139-a68a-bf664373c4f7,DCN,7540204,7540204,X27
ac035a04-f01d-465d-ac3d-631fc61b9241,DCN,7720203,7720203,C02
7f7a52ec-dd7b-4e0b-a055-b4e48465c917,DCN,7810101TA,7810101TA,D01
93058f80-f1bf-47a8-91e1-0bb3ca5a4223,DCN,7810101TA,7810101TA,D14
d7a7d803-d528-4826-9912-8f7b49d230a0,DCN,7810101TA,7810101TA,D15
cf7121a9-79e6-48ae-884b-b76c7fd4a746,DCN,7810103,7810103,D15
d9940982-abc7-4bd9-a66e-532421566181,DCN,7810103TA,7810103TA,D01
050b0baf-4986-4154-bef0-ae83f4fb7b3c,DCN,7810103TA,7810103TA,D14
18137b8f-4388-41d8-b982-696208f8fc40,DCN,7810103TA,7810103TA,D15
810c8ea5-96f1-4779-880d-3b73873be7b7,DCN,7810201,7810201,D15
a42bdd03-1e19-45d8-aca2-1e0a9ee9e442,DCN,7810201TA,7810201TA,D01
38ccf5ac-4c64-4a03-b21a-6a2450709530,DCN,7810201TA,7810201TA,D14
35d4b44b-c68f-438e-a3dc-d1f560adc3dc,DCN,7810201TA,7810201TA,D15
e5c992b3-fca8-46f5-904a-9d1b79b6fdc1,DCN,7810202,7810202,D15
6c0bd36c-56fb-4eae-8d12-fbf5d8018d65,DCN,7810202TA,7810202TA,D01
a41e2680-797f-42d4-a14e-889ca63d07a7,DCN,7810202TA,7810202TA,D14
58b9d0e8-9242-44f3-b132-ab37c698beab,DCN,7810202TA,7810202TA,D15
92f4969a-f818-47d2-a8af-fbb263a23b07,DCN,7510401,7510401,A01
a553a454-f042-4391-8888-20d3b9fbf14d,DCN,7510605,7510605,D07
e8b469fa-03a9-4aad-846b-be272916f6fd,DCN,7519003,7519003,D01
99cd4eea-6b58-4909-8d12-db94604bed59,DCN,7519007,7519007,A00
4eb1d959-fcea-470d-ac6d-dd10d92e8b4c,DCN,7519007,7519007,A01
ec165bba-a9f2-4097-a169-908a7f8d7d47,DCN,7540101,7540101,A01
cf69584b-8e6c-40cd-9920-654ead057125,DCN,7540203,7540203,B00
2afc21e2-8100-4020-b6c5-fcfc3ccfcff4,DCN,7540203,7540203,D07
f322730a-5be8-4549-a890-16e09fb265c5,DCN,7720203,7720203,A01
87b9a388-e8aa-45e1-96fc-231b007caa3d,DCN,7720203,7720203,D01
e8b335c3-b7df-4961-b75e-e3923b2044de,NHF,7220201,7220201,D01
9b84d68a-62de-43f8-b01f-7fc3c209d29b,NHF,7220202,7220202,D01
693198f7-e0e5-4173-9fd5-1da091a0fd8d,NHF,7220202,7220202,D02
4bc27255-c36e-4fdc-a3b7-b5ed8598a110,NHF,7220203,7220203,D01
c8727073-ce68-4b1d-900b-e81832e24c77,NHF,7220203,7220203,D03
a84479f1-e1e4-4107-b662-7eea41ce1346,NHF,7220204,7220204,D01
5b3178a3-807f-4800-8398-21e00fbc1b92,NHF,7220204,7220204,D04
796aa5a2-7122-4562-824d-a7bd2a2d7bae,NHF,7220204 CLC,7220204 CLC,D01
06487d65-1167-40ab-9345-642c754f06f6,NHF,7220204 CLC,7220204 CLC,D04
5b00db9e-db5c-4326-8ada-41efbca8ce51,NHF,7220205,7220205,D01
be78f979-596d-4869-a2a6-4d3a8ca6eeb9,NHF,7220205,7220205,D05
15ee6a1d-e7ea-4b41-a631-3b5d79974157,NHF,7220206,7220206,D01
396a6ab3-0b75-4000-852d-376a3bc2d697,NHF,7220207,7220207,D01
88b9ad68-3103-47e3-a1bb-45fb3b46db1d,NHF,7220208,7220208,D01
3808f5c2-736a-43c6-902f-e6977e22ad81,NHF,7220208 CLC,7220208 CLC,D01
8a4d5588-2537-4c9f-881d-634712c18707,NHF,7220209,7220209,D01
ef688818-87ae-4cf2-8ad9-a51e5fefb9f2,NHF,7220209,7220209,D06
2dd3ad2b-7dbb-4a97-b087-f9cd052aa03c,NHF,7220210,7220210,D01
f5718558-a580-4cc5-9834-8daee82c4972,NHF,7220210 CLC,7220210 CLC,D01
922cc4fa-daf7-4f76-962e-676aa0e982b6,NHF,7310111,7310111,D01
0913d7ef-867e-451b-9852-44013ae8f4b5,NHF,7310601,7310601,D01
9abbb315-5dda-43e8-8aa9-f06f57ffc3f2,NHF,7320104,7320104,D01
96d4f5d3-5e4c-4cfb-8cfd-e2c692378593,NHF,7320109,7320109,D01
89a245a2-e052-4c3f-b3ce-c0d50e0d4534,NHF,7320109,7320109,D03
fbc77313-a890-427a-9729-72fee35b819f,NHF,7340101,7340101,D01
654ec99f-b982-4d57-b502-cf5890bf68d3,NHF,7340115,7340115,D01
224c6b28-38c9-4918-b4c9-bfe507e6a0f0,NHF,7340201,7340201,D01
0af3f742-c808-42dd-9bfc-fcc729c1dbe1,NHF,7340301,7340301,D01
a701db09-2cb2-4084-843a-01e80d537341,NHF,7480201,7480201,A01
a3d097aa-52b7-474b-8eff-c61ef5b64d8a,NHF,7480201,7480201,D01
107e29bc-de4b-42f0-a8e4-08c4259582f6,NHF,7480201 CLC,7480201 CLC,A01
6ffc91cb-0707-4c66-ace5-ea4e2887ddca,NHF,7480201 CLC,7480201 CLC,D01
c36cb3b4-a592-4512-b05e-cd7344d420e4,NHF,7810103,7810103,D01
fd4e27fe-78d6-44cf-8682-fcb3f76518eb,NHF,7810103 CLC,7810103 CLC,D01
04b605ae-7c35-4afa-b209-3c95c2695e88,NHF,7220201 TT,7220201 TT,D01
f5b78017-b346-41c7-b647-8a82800e68d9,NHF,7220204 TT,7220204 TT,D01
0a099078-54d0-49fa-b015-16aaf0a9d169,NHF,7220204 TT,7220204 TT,D04
9a071d7f-1bf1-41e8-b1a2-c693207a9498,NHF,7220208 TT,7220208 TT,D01
b9554822-e75c-4b1c-91b1-70d4be56e9aa,NHF,7340205,7340205,A01
62f055e2-5860-4e43-bc36-5ed92e41da20,NHF,7340205,7340205,D01
e73300fa-29f2-4ef3-9e68-ab375df86c15,NHF,7480201 TT,7480201 TT,A01
e1213c9d-3fb1-41b9-b38f-c48962744224,NHF,7480201 TT,7480201 TT,D01
9666c13c-11f6-4f04-857c-5f1d56122619,NHF,7810103 TT,7810103 TT,D01
5534f6e8-49c2-4ec1-97a2-2b125a42da2f,NHF,7220202,7220202,D03
91248e32-6b30-4bb4-ae4b-d695f46153d1,NHF,7220207,7220207,D04
8896bcf7-51a4-4d6d-9e3a-3ee62367b413,NHF,7220210,7220210,D04
a98ee368-0401-4d7c-8abb-a9202bc15f14,NHF,7220210 TT,7220210 TT,D01
9ed8794a-44e8-4f6c-82c6-de19602b2ff8,NHF,7220210 TT,7220210 TT,D04
d4597bf2-b53a-438f-b6b2-82708dc131ad,NHF,7480201,7480201,X26
c6259422-d8fa-4fa6-8c77-82a087494907,NHF,7480201 TT,7480201 TT,X26
889721cc-e3a0-44e1-b29a-a91bc0c50f2b,YHB,7720101,7720101,B00
8c2ec752-cabe-468d-ba26-864df38e5eda,YHB,7720101_AP,7720101_AP,B00
6ceb764b-ca70-4c8a-8734-8a3c28440e2f,YHB,7720101_YHT,7720101_YHT,B00
89db8a18-bb68-45bf-85fb-a75e2bcdd66e,YHB,7720110,7720110,B00
6399fe18-091b-4452-8aac-e7e9fec9da39,YHB,7720115,7720115,B00
78a6463e-d4fd-4780-b15b-6fb7861704f5,YHB,7720301,7720301,B00
464d7d0e-1d9d-43af-9840-60991ef44cd5,YHB,7720301_YHT,7720301_YHT,B00
03a6521f-a646-46e7-a1ef-c46a1d5c5eef,YHB,7720401,7720401,B00
fcea4fc4-4cb8-41c3-b71a-c161d33b2955,YHB,7720501,7720501,B00
861e13ae-9891-40cc-bf51-1191971d09fa,YHB,7720601,7720601,B00
92ec5b7d-b9c3-4235-a871-5a73cab02cf3,YHB,7720699,7720699,B00
256c9ce6-d2a3-4481-81ac-72d13610a7c8,YHB,7720701,7720701,B00
a96195c2-d3b4-4a0b-bf3a-b521d65633e2,YHB,7720101YHT,7720101YHT,B00
bf530d42-a274-4134-b303-71a11bd0b2de,YHB,7720101YHT_AP,7720101YHT_AP,B00
924c6ef6-be8a-4fac-8b63-7bc84c6c2e18,YHB,7720301YHT,7720301YHT,B00
0a047c04-549e-4ba0-b22a-58f7b02072fe,YHB,7720301_ AP,7720301_ AP,B00
2208aa0e-ef72-4099-9922-d3fe7e5447de,YHB,7720501_AP,7720501_AP,B00
1dd36bc1-2523-4eac-973f-a4e0ef8ca2f8,YHB,7720603,7720603,B00
314ae1b5-949e-4297-9c80-cda6509d8422,YHB,7310401,7310401,B00
ccb0b271-c615-48af-85ba-ef163577b6d9,YHB,7310401,7310401,C00
020edfc4-a3bf-46bb-a4d5-67b0322c4a16,YHB,7310401,7310401,D01
314c6d36-9ae5-4d0f-88ed-fb6718fe80d5,YHB,7720302,7720302,B00
edb70e64-5b86-4323-9f3d-087e501d458e,YHB,7720502,7720502,B00
adadbeaa-2cbd-4dd8-935a-5ca8307c97fb,YHB,7720601YHT,7720601YHT,B00
7457db70-6739-404c-942d-2842efc6da7c,YHB,7720603YHT,7720603YHT,B00
7309b2a3-b5ab-4c79-aef6-19b5aeb649be,YHB,7720701,7720701,B08
3543ad1f-a7b2-4b15-aa04-ad5481d6b2e7,YHB,7720701,7720701,D01
81749e34-bad2-4e71-af1d-cebc9147a529,YHB,7720301,7720301,A00
a97fadd0-69df-4fab-bc55-aa4bb3092fa9,YHB,7720301YHT,7720301YHT,A00
9ffa8417-6e45-45ed-b670-01e23c0ab363,YHB,7720302,7720302,A00
72ad967e-106c-4c8f-8f7d-522d98d1c1ca,YHB,7720401,7720401,A00
2933e0ee-355c-472a-98e8-d0046e39bf5c,YHB,7720502,7720502,A00
582b2d81-5098-4baa-88ce-d60ba650e1e2,YHB,7720601,7720601,A00
00900c43-15c6-4523-aaca-35796381c235,YHB,7720601YHT,7720601YHT,A00
8b9f7012-6a60-4285-93ad-f1117e9735be,YHB,7720602,7720602,A00
10093787-c917-476c-819e-9003f918c11c,YHB,7720602,7720602,B00
ab44c817-6afc-45c3-bfcd-5ea08c16d043,YHB,7720603,7720603,A00
b24de516-2a2e-43df-a21e-000982763e16,YHB,7720603YHT,7720603YHT,A00
0da7518d-e9bb-4723-a404-8e0c47874d7d,YHB,7720699,7720699,A00
6d275f24-8d21-45ee-afdf-fde2b35fbfe0,YHB,7760101,7760101,A00
aa287e60-8247-42dc-b2a7-376edc0b9f71,YHB,7760101,7760101,B00
84c86747-c310-4c41-8b23-f1a7933a151b,YHB,7760101,7760101,B08
17170a09-0724-4563-9ca2-144206a8823a,LPH,7220201,7220201,A01
d7cd23fc-f05e-43fb-847d-8b3593ed9621,LPH,7220201,7220201,D01
18147245-946e-4950-843d-0c082d89fbe1,LPH,7380101,7380101,A00
b36b3344-5857-4d77-bcad-2d9a4360a583,LPH,7380101,7380101,A01
2536ee74-2b60-44c1-817e-7ddde86f0c85,LPH,7380101,7380101,C00
20e4e6ac-b39a-4342-a44d-c2b7425ed9b6,LPH,7380101,7380101,D01
f9b7e037-5f38-4578-8307-7d0ba750cff9,LPH,7380101,7380101,D02
4992b11f-e784-4292-89d6-0a8c05f7c502,LPH,7380101,7380101,D03
bd92dae2-7ff3-4f05-9e4a-0d29daca092f,LPH,7380101,7380101,D05
0d7505c8-0397-467f-b933-80cb7c98544a,LPH,7380101,7380101,D06
9d6bcd19-82c4-4b88-93d1-0553137bd74c,LPH,7380101LK,7380101LK,A00
37f728df-c296-4ec4-b80d-1a8b983c91b6,LPH,7380101LK,7380101LK,A01
27041b25-a0bf-4a2e-9894-840e104370e2,LPH,7380101LK,7380101LK,C00
297f7839-1011-4bf8-9e47-9b756758d8ef,LPH,7380101LK,7380101LK,D01
45f45c16-a1d0-4ed6-ae92-ed697b1072a6,LPH,7380101LK,7380101LK,D02
005f40ff-9b83-425b-8ed2-b4f7fe534e4c,LPH,7380101LK,7380101LK,D03
ab565522-1d9b-45f7-acf1-f8bde83c0da2,LPH,7380101LK,7380101LK,D05
29f811b5-e0c1-475b-b164-9352ec7d56c6,LPH,7380101LK,7380101LK,D06
f07e8883-48ef-4eeb-99f1-6ea6fee1942c,LPH,7380101PH,7380101PH,A01
5e443898-e539-4593-8bd5-6f31bd13684c,LPH,7380101PH,7380101PH,C00
0a091870-a141-4fa3-9e37-cc4fb820558b,LPH,7380101PH,7380101PH,A00
20d44ca7-cb07-4dd3-b12a-549c936f96f1,LPH,7380101PH,7380101PH,D01
8939cb54-8267-477a-9e45-95824c616380,LPH,7380101PH,7380101PH,D02
0faf1df5-8619-4658-905e-a52fd39cde01,LPH,7380101PH,7380101PH,D03
2d5c5c6f-1812-40c7-9313-dc41756803f7,LPH,7380101PH,7380101PH,D05
27fa1709-f856-416a-8008-f1a32b822418,LPH,7380101PH,7380101PH,D06
054b0eed-1f6d-44e1-b1d2-09126dce507a,LPH,7380107,7380107,A00
27b525da-12bc-43ae-a68c-80459a199dbf,LPH,7380107,7380107,A01
48fb67ac-f2de-4fe4-acfd-fee785e93612,LPH,7380107,7380107,C00
c33f5129-1131-4aa8-9558-c896da7cd970,LPH,7380107,7380107,D01
f0bfe5c9-7782-4663-91cc-90f1e5238d25,LPH,7380107,7380107,D02
7c753a24-d468-4d3f-982c-1149900dbb1a,LPH,7380107,7380107,D03
6877b110-3aae-4f9e-8e8c-f0744b888945,LPH,7380107,7380107,D05
9103d16e-01e1-4ab6-8aa7-dec2c26d15fc,LPH,7380107,7380107,D06
447619dc-cd98-4a29-8cf9-ee1916f68264,LPH,7380109,7380109,A01
0e468a58-0bb4-4bf8-8d4a-55b3fd0e6bac,LPH,7380109,7380109,D01
f63c4d6b-dd42-4585-95b4-96eb1777fab5,LPH,7380101,7380101,D04
6764bcc6-ea98-4422-a0ad-fe255bfd7949,LPH,7380107,7380107,D04
4a84d447-470d-48cd-9790-ca7c3ac65aa9,LPH,7380101PH,7380101PH,D04
634b1d22-2a40-49e1-8a8c-65e5064e5138,LPH,7380101,7380101,D13
ca356881-12fa-4ad5-a613-e9c3ed16dbb5,LPH,7380101PH,7380101PH,D13
b0d3c2ae-10ba-4563-b1b1-6676e9ca697f,LPH,7380107,7380107,D13
b15b2b23-bc2e-45e2-a786-18203ebdcee1,XDA,XDA01,XDA01,V00
0841970f-74ad-418c-8ae7-e9ced5b81200,XDA,XDA01,XDA01,V02
ca0a6089-42e5-463c-a191-90e0598a13ae,XDA,XDA01,XDA01,V10
a858c301-c5b0-45e8-9065-fd5f1b72bb26,XDA,XDA02,XDA02,V00
d0ace51b-b346-47e8-b5f4-65be992af390,XDA,XDA02,XDA02,V02
838d9025-a7ab-4cf6-9880-b2a57ef13a66,XDA,XDA03,XDA03,V00
23f79833-10f4-48e7-81d1-762efd6ad324,XDA,XDA03,XDA03,V02
3f88d010-ffff-4966-badd-57675e21878e,XDA,XDA04,XDA04,V00
afc88b8a-e2d5-4151-a1d7-e28e2e198c62,XDA,XDA04,XDA04,V02
fd9bc1fd-23ab-425c-9935-60a9c7a21a88,XDA,XDA04,XDA04,V06
5cfcdd52-c3b0-4c31-ae51-30de68411699,XDA,XDA05,XDA05,V00
80e9cc8c-a1a4-420e-a382-afebedea0469,XDA,XDA05,XDA05,V01
861a49ec-970f-4342-8fb1-509c2ae5708e,XDA,XDA05,XDA05,V02
8be6546b-4218-40a3-a3a1-c2abbc1aa735,XDA,XDA06,XDA06,V00
2a234257-c9f8-41a9-ae19-4f2082b523b0,XDA,XDA06,XDA06,V01
3433d341-3663-402e-a3e9-1c32bbe96b8a,XDA,XDA06,XDA06,V02
829b98f8-1765-4d1a-b79c-bf9af154330a,XDA,XDA07,XDA07,A00
79bc6deb-fc9f-43fb-960e-4a675d0adce8,XDA,XDA07,XDA07,A01
0f6aec89-22ed-40a1-835c-699b917566a1,XDA,XDA07,XDA07,D07
f11bbc20-0718-4b6c-a15c-80c35dc0ab65,XDA,XDA07,XDA07,D24
8c99873a-96c4-4034-a629-91b24f11dd40,XDA,XDA07,XDA07,D29
4326987a-a868-470c-9c47-4ec84b3fbb7a,XDA,XDA08,XDA08,A00
8bb5e44a-bbc1-4380-8117-e2ee43d11dc7,XDA,XDA08,XDA08,A01
496356c9-6ec8-446f-87ca-a2f649d94bef,XDA,XDA08,XDA08,D07
10144035-2d0b-4056-95d3-f95dd0751ecd,XDA,XDA09,XDA09,A00
14d8dc63-36c3-4ef1-9a9f-34216a01d4dc,XDA,XDA09,XDA09,A01
9d093466-a79d-4548-9837-e3defbd3f2b0,XDA,XDA09,XDA09,D07
de89b354-7110-46fd-875d-4f9a89ae161f,XDA,XDA10,XDA10,A00
ac784252-a27b-484b-bc0e-70d6b7a8c92e,XDA,XDA10,XDA10,A01
7442a650-a705-498c-b2cf-9ef422048aa1,XDA,XDA10,XDA10,D07
fc89c327-2bd7-4e11-abbc-372f900a27eb,XDA,XDA11,XDA11,A00
cd38b519-a510-46a6-b9ab-241396249245,XDA,XDA11,XDA11,A01
3f3a0c19-33e8-4c95-96d9-f96122b3bdb6,XDA,XDA11,XDA11,D07
d3329f0f-4653-492d-a91a-f997baab1c61,XDA,XDA12,XDA12,A00
8a5d4aca-779a-4745-9356-7a3fb0fa0841,XDA,XDA12,XDA12,A01
7661e4a1-552c-489f-bbee-f5d8770b7df9,XDA,XDA12,XDA12,B00
20c15fea-ad44-4975-926c-232f865e3d7a,XDA,XDA12,XDA12,D07
c5b4ac0a-3466-43de-ae00-a64909187412,XDA,XDA13,XDA13,A00
ed523331-ff84-4520-b351-b71275e6ef69,XDA,XDA13,XDA13,A01
62e5232a-667f-4707-a8d0-e077f1d67c39,XDA,XDA13,XDA13,B00
3ca0ce27-8379-4630-a9d9-c08e83155dcd,XDA,XDA13,XDA13,D07
81849d71-456d-4c2d-836f-fdc5424114c8,XDA,XDA14,XDA14,A00
520695a5-8cda-45d1-a21c-5ead5aebc688,XDA,XDA14,XDA14,B00
7263f76b-6c7c-4bb6-a2fc-b1edfc8174c6,XDA,XDA14,XDA14,D07
e436d608-5669-4361-9e64-e829961219ea,XDA,XDA15,XDA15,A00
2bc4f604-f581-47b3-8d6a-97487db65fa5,XDA,XDA15,XDA15,B00
82ee8fe3-6bb9-4c42-99b1-cebcb93de689,XDA,XDA15,XDA15,D07
dc83bba4-4518-4540-ae01-252c4f942f1c,XDA,XDA16,XDA16,A00
f4687aa4-35c7-48b0-a61c-782c7bc0d242,XDA,XDA16,XDA16,A01
ca114169-9981-4f8e-9968-59376095b633,XDA,XDA16,XDA16,D07
8babfb87-3734-4371-a3ef-d609b63465cc,XDA,XDA17,XDA17,A00
01a1efda-2576-4c5b-9bc2-739e17f210ea,XDA,XDA17,XDA17,A01
4376380b-bfbc-440d-98a8-c86a03f75f6f,XDA,XDA17,XDA17,D07
d4ced3c2-b54c-48d9-bd9e-9c93fbba79b6,XDA,XDA18,XDA18,A00
ff2dcbaa-01fc-41af-baa2-c8bd84bd6069,XDA,XDA18,XDA18,A01
0a369cd8-f04f-426f-b3c5-3d3cd9cdcd22,XDA,XDA18,XDA18,D07
c431c973-10e8-4c83-8469-0d2ec5caf8f8,XDA,XDA19,XDA19,A00
def3b8d9-30d7-4129-bf1c-c38db52cc3c8,XDA,XDA19,XDA19,A01
42c11447-dee5-44db-bc83-8670713f6d70,XDA,XDA19,XDA19,D07
f628abf0-73aa-48ac-b069-8d362d616dca,XDA,XDA20,XDA20,A00
b4f8680a-404e-4608-92e2-67b59ce7a24f,XDA,XDA20,XDA20,A01
ad59fccc-4b88-4549-a4f7-9254746af0f5,XDA,XDA20,XDA20,D07
caa22366-7881-4e7a-9dac-f7ac306a7942,XDA,XDA21,XDA21,A00
935bb2cf-afec-45f8-8222-80c20d9ffc29,XDA,XDA21,XDA21,A01
841ee7ad-d45f-4a3c-8374-2fff65f25ffb,XDA,XDA21,XDA21,D07
6a197556-e5ef-469e-b2fc-8098fa920782,XDA,XDA22,XDA22,A00
55049a86-3a99-4f1b-a626-172ee14701fe,XDA,XDA22,XDA22,A01
7ca6b978-f875-44f0-af99-0424bc787369,XDA,XDA22,XDA22,D07
6f4816e6-b7a8-4208-90fe-470c4687a061,XDA,XDA23,XDA23,A00
28882f6f-6681-49f2-a4a0-13b88f6bf6c8,XDA,XDA23,XDA23,A01
541d8e2b-d3a7-48bb-9157-ffffeaff1456,XDA,XDA23,XDA23,D07
ea5c9c69-4e5c-4019-9f1a-4ff14319722d,XDA,XDA24,XDA24,A00
71bd78ae-926a-4704-88dc-f02494aa7f83,XDA,XDA24,XDA24,A01
4160d6b5-8464-47e5-a033-09241161535b,XDA,XDA24,XDA24,D07
a90fe2fa-53fa-4a40-93bc-cc2a5cd38284,XDA,XDA25,XDA25,A00
73158c2e-c604-4ca1-bb34-8681a1c8df6e,XDA,XDA25,XDA25,A01
0350b7dc-176f-4b84-a574-b85caff2921a,XDA,XDA25,XDA25,D07
1722debb-3365-4a0d-89ee-2ba7c41a6ae5,XDA,XDA26,XDA26,A00
a7bd4d52-7fa0-4e54-bdcc-3d1c86110715,XDA,XDA26,XDA26,A01
800d0070-b9d0-44fb-a966-b75e860507c5,XDA,XDA26,XDA26,D01
cd22c992-1463-435b-8116-f4b3ebed9d74,XDA,XDA26,XDA26,D07
9266f489-2033-4895-b993-b61bd3e7540d,XDA,XDA27,XDA27,A00
dbd0f0d1-1724-4143-b1b5-c45c9b2bf06f,XDA,XDA27,XDA27,A01
65ce1d37-e70e-4dc5-bbeb-ce37e114f55b,XDA,XDA27,XDA27,D07
0635f83d-dc4e-441f-abba-0bd4a94a87bd,XDA,XDA28,XDA28,A00
47ec9dbf-b25c-499c-a70d-9f4654e1fbaf,XDA,XDA28,XDA28,A01
797c2df6-275f-4a69-9a7a-1b72cf70c6a3,XDA,XDA28,XDA28,D07
6f42d9e3-65c9-466a-8b88-62963e3bbd7d,XDA,XDA29,XDA29,A00
70aa523c-76da-4e2f-88e1-47e917b8d78f,XDA,XDA29,XDA29,A01
eda0e0bb-10d4-4596-8d17-608e1b229f2b,XDA,XDA29,XDA29,D07
dcfbe541-61e9-4b5e-b335-41b99b5bc884,XDA,7480101,7480101,A00
8da60e73-61b8-4ba0-8815-e70bae0cd28f,XDA,7480101,7480101,A01
b106ee85-09df-4149-9b89-0aceeb81e6b6,XDA,7480101,7480101,D07
f8523a69-b0fb-465d-bcbd-1055b46ebae0,XDA,7480101_QT,7480101_QT,A00
eac15c97-1209-48a0-b712-a1b9158382ea,XDA,7480101_QT,7480101_QT,A01
7bcfabd4-beff-4f7f-8aab-6869ad0bfac9,XDA,7480101_QT,7480101_QT,D07
bd94d87b-a8d3-456d-ae8a-8b5a71bc507a,XDA,7480201,7480201,A00
c9c8de62-53de-4074-a4d0-c333acfb25b8,XDA,7480201,7480201,A01
17b1555c-dc18-4fa6-ad24-4136923189f2,XDA,7480201,7480201,D07
209eac41-3fbf-4ca0-81bd-f4b37ce1d6cd,XDA,7510105,7510105,A00
736f55da-624f-4356-b885-2051fe420047,XDA,7510105,7510105,A01
d9b5180e-1796-4193-9054-b15787887793,XDA,7510105,7510105,B00
93c4c138-2d68-4868-bb2c-5a6d68dfed34,XDA,7510105,7510105,D07
c72c3fbe-2f4e-4f81-b7d0-df0b1acb4db3,XDA,7510605,7510605,A00
975fdadd-37fe-4e72-96a8-30f661ea2469,XDA,7510605,7510605,A01
37de7e05-eff1-45ff-aba0-ea42d0b8afed,XDA,7510605,7510605,D01
6c8d1372-3f8c-469a-8b24-27190d4060b2,XDA,7510605,7510605,D07
7ea75dea-b666-4ecc-bca0-b3b7b0b1a577,XDA,7520103,7520103,A00
b316a3aa-b552-4ab9-a40c-d23d7e379d2f,XDA,7520103,7520103,A01
bf40b69c-760d-469f-af6c-588bc9bdeff5,XDA,7520103,7520103,D07
03586d57-9651-4a78-9a71-01e73f3f2ad8,XDA,7520103_01,7520103_01,A00
35e4e5a3-12a3-47ee-9c89-e3d0c4df0f3e,XDA,7520103_01,7520103_01,A01
22c1441d-2163-4c66-9859-b51499bbbec3,XDA,7520103_01,7520103_01,D07
80421af1-e69e-4577-a903-8c63ecaa94f1,XDA,7520103_02,7520103_02,A00
88737441-6f22-4728-9a80-b2bc01ba4f89,XDA,7520103_02,7520103_02,A01
6799e161-aa61-4ede-b45a-fcf43683e01f,XDA,7520103_02,7520103_02,D07
80b8e542-506e-4510-aade-d6073b1851ac,XDA,7520103_03,7520103_03,A00
9e93ab3b-b17d-4426-b6b3-69e01aa96a0b,XDA,7520103_03,7520103_03,A01
da8ae589-b0b9-47d3-8c45-fa8dcb1fdd0c,XDA,7520103_03,7520103_03,D07
3165d172-602d-486b-bf41-c0682e452926,XDA,7520103_04,7520103_04,A00
90c708c9-5ff1-40e3-85ce-c0b8222714ac,XDA,7520103_04,7520103_04,A01
10cbaf06-53fa-4e46-b547-3b9425c8c18c,XDA,7520103_04,7520103_04,D07
8e7597df-999e-41fb-b6c2-2183267c9c8b,XDA,7520309,7520309,A00
ba42d039-a877-41d2-8dd5-f35776aa7fcf,XDA,7520309,7520309,A01
b9c8b196-ea7d-4f21-949e-4519e3ae3668,XDA,7520309,7520309,B00
25efccf8-7f87-4ab5-aae8-10ee1f813dc7,XDA,7520309,7520309,D07
683125e3-2e8a-4010-b018-ffa4ea368b79,XDA,7520320,7520320,A00
03f3a3b1-9c24-4b52-aa55-6ef15aa854d0,XDA,7520320,7520320,A01
3593885e-97f2-4c9f-b6e3-16c6984ecd8c,XDA,7520320,7520320,B00
5f6c84f4-a27c-4907-a8c2-6a3045d67cec,XDA,7520320,7520320,D07
67a99ba8-9d0b-4215-a89d-5c64b3661154,XDA,7580101,7580101,V00
89a0347b-1d42-46ec-80ab-7fe75541bdd1,XDA,7580101,7580101,V02
b9d68898-20d1-44ad-b435-5aa5da5b04f4,XDA,7580101,7580101,V10
c7dac40d-ec33-4ca5-b925-a231e2979ab5,XDA,7580101_02,7580101_02,V00
6d5eaa1e-fb85-4e87-81c1-233f92dee203,XDA,7580101_02,7580101_02,V02
06c422cb-f701-4546-afd4-6eeb9b38369a,XDA,7580102,7580102,V00
5dd86400-dd41-4b76-8338-c9ef3223d9c4,XDA,7580102,7580102,V02
dedf0f1d-e2c3-4b40-b58d-723ae71064f2,XDA,7580102,7580102,V06
e2022b3f-d5ab-4dc7-aadc-e9456475c1c2,XDA,7580103,7580103,V00
bf68ac53-c87f-4b46-9846-47acbaa44e49,XDA,7580103,7580103,V02
d543a1d2-d262-40a1-9844-adce05b3845c,XDA,7580105,7580105,V00
cc5c330c-5328-4993-b16c-d23ba184f568,XDA,7580105,7580105,V01
ae377274-70ac-4bf2-adb5-50b237e8a944,XDA,7580105,7580105,V02
71457a87-46cf-4cde-8438-3533474d9829,XDA,7580105_01,7580105_01,V00
ceea9e82-de50-4fed-bdfe-9c47006b527d,XDA,7580105_01,7580105_01,V01
d3bf5463-f6d3-426c-be8b-275f3058dc1b,XDA,7580105_01,7580105_01,V02
3ae473d8-7bf1-427f-9e29-cf8dd775f526,XDA,7580201_01,7580201_01,A00
cd10dd2e-0989-4cac-931e-22e1e21f5eda,XDA,7580201_01,7580201_01,A01
0a4d2d9c-2da1-4902-aa37-e2b4cfd37bc8,XDA,7580201_01,7580201_01,D07
2030f29c-f5fd-474b-8f77-b1e8cf0aad37,XDA,7580201_01,7580201_01,D24
6a46774d-4c1e-45b3-905a-41358b0eab8f,XDA,7580201_01,7580201_01,D29
9b2b768a-aa10-48ad-abad-d0589159df84,XDA,7580201_02,7580201_02,A00
d113becd-0113-48ba-bcba-0b8aea615799,XDA,7580201_02,7580201_02,A01
34011e9b-edf5-46f7-a1e7-328d4bd40549,XDA,7580201_02,7580201_02,D07
646d6663-18ad-444b-b551-e825c72c678c,XDA,7580201_03,7580201_03,A00
ae2b5e33-1a1e-4608-b7ab-6578654c41b0,XDA,7580201_03,7580201_03,A01
56236738-d238-4f86-8b44-8042a34aa6e1,XDA,7580201_03,7580201_03,D07
4e884587-7590-4e9c-9570-376f9bc4f75d,XDA,7580201_04,7580201_04,A00
0965822b-1950-4d99-8131-607c0c24ca81,XDA,7580201_04,7580201_04,A01
4dd44ff1-2629-48ef-9034-51ad914b18ff,XDA,7580201_04,7580201_04,D07
f38a8a60-1b03-4970-8194-373147473d31,XDA,7580201_QT,7580201_QT,A00
1961d4f7-e1ce-43a0-b550-b1f128c63ed3,XDA,7580201_QT,7580201_QT,A01
4700c1d4-6d9b-4993-a1f5-5109990b401a,XDA,7580201_QT,7580201_QT,D07
ee9613bd-15aa-4051-ae71-daaf378fdcc9,XDA,7580205_01,7580205_01,A00
29f7b8d0-a461-4c36-a7e9-d077c033bbe3,XDA,7580205_01,7580205_01,A01
800317d8-71e2-4b81-8213-ff41fd6f7d9f,XDA,7580205_01,7580205_01,D07
fd243310-365e-4429-b2bb-a7186229151f,XDA,7580213_01,7580213_01,A00
72348c57-8207-4a80-9f2b-9b6dadc189b8,XDA,7580213_01,7580213_01,A01
cd9214d0-ee6b-4675-a47d-7520dfba42c0,XDA,7580213_01,7580213_01,B00
7e5373ae-db80-4a58-95fa-2f38bf05fb21,XDA,7580213_01,7580213_01,D07
b7308aa7-ced1-4eb7-8363-f7139d8578e6,XDA,7580301,7580301,A00
bb6563f3-c6c5-41ef-8d80-ccec2e71aa85,XDA,7580301,7580301,A01
d5ae158a-5cab-4479-9a79-748715f1e50d,XDA,7580301,7580301,D07
4085ee8c-206c-432e-9b5b-e17cd27d2cc4,XDA,7580302_01,7580302_01,A00
7e04b9b3-3434-4515-8e27-35ffac00f6b5,XDA,7580302_01,7580302_01,A01
0da4c42c-44f9-4b45-bd02-4e213bc05611,XDA,7580302_01,7580302_01,D07
32866209-8976-4140-a3df-ab6f70b0f35e,XDA,7580302_02,7580302_02,A00
42c01b91-b41b-4de5-8b1f-e23b43ff0011,XDA,7580302_02,7580302_02,A01
3d060fa6-9663-4a24-8e77-29cb74d68c69,XDA,7580302_02,7580302_02,D07
ae2c976e-0579-4a11-8898-36f6beb9a9b6,XDA,7580302_03,7580302_03,A00
5d0065f0-03e6-44be-9c8e-331ea04205fc,XDA,7580302_03,7580302_03,A01
3cc20c07-3ab4-403c-af63-515993d7545c,XDA,7580302_03,7580302_03,D07
ae67da1e-af1c-4674-8c93-e1d4dbcebd8a,XDA,7480101,7480101,D01
39d841cc-e13d-46aa-a8c1-04131c7e5da5,XDA,7480101_QT,7480101_QT,D01
52bce4e6-6f6e-4b93-a454-8bb5af0259a9,XDA,7480201,7480201,D01
7436c327-98c9-4487-8575-d200348cef0a,XDA,7520201,7520201,A00
7cc4616b-eb92-41da-aa26-24b7f531c4d1,XDA,7520201,7520201,A01
c336615e-855e-4ac8-82b3-9b2580abb229,XDA,7520201,7520201,D07
77b9d08e-2c03-4177-88a2-aea80768e971,XDA,7580201,7580201,A00
6e9be3cf-adc5-4450-8fb7-890757a5b943,XDA,7580201,7580201,A01
ef215400-c80b-4b5a-ab10-c6df4c928ba3,XDA,7580201,7580201,D01
0d15a32c-d0a8-480a-8ee3-a04bdf33cb76,XDA,7580201,7580201,D07
f353ad86-7444-4905-b022-9cad3def3005,XDA,7580201_03,7580201_03,D01
6ce062cc-757c-4e95-975f-2e89b28c6058,XDA,7580201_QT,7580201_QT,D01
f521962b-e2e6-4b42-9fd4-1ad4b91415c8,XDA,7580205_01,7580205_01,D01
85a01301-554e-4822-b9dd-a0b88c22975f,XDA,7580301,7580301,D01
3d0c9dec-77d9-48aa-a6cd-6425d5c90ab4,XDA,7580302_01,7580302_01,D01
6c61f4a7-05f3-4833-8712-31b32df0d7c4,XDA,7580302_02,7580302_02,D01
a4d9c1b9-2553-4014-bc7d-23390b67a608,XDA,7580302_03,7580302_03,D01
689ef905-d158-4f6a-811b-125d96605ea8,XDA,7210110,7210110,H01
cc71ce30-6290-4ed1-b448-1ac4ed88fd7d,XDA,7210110,7210110,H06
8aa9b02f-8395-49dd-8590-62a783f6f3da,XDA,7210110,7210110,V00
71f925e6-265b-4ccf-b150-21a742777d9d,XDA,7210110,7210110,V02
03c41868-9154-4ec9-a48f-37ea55fdef42,XDA,7340409,7340409,A00
d567dc2d-1f5d-43e9-96d4-468c041ac93e,XDA,7340409,7340409,A01
9c6b08d6-c70a-4738-b7f9-8c888537d4b2,XDA,7340409,7340409,D01
eebe391b-64c1-4993-a795-942c58b7f799,XDA,7340409,7340409,D07
93056880-e9c0-4884-bb32-11f57d8de4d9,XDA,7480201_01,7480201_01,A00
2af75825-8531-484d-acc7-2c6d321e98b9,XDA,7480201_01,7480201_01,A01
12ae1d11-d4d3-4fbc-b590-c5536cfc3ad3,XDA,7480201_01,7480201_01,D01
0beb5681-8785-48e4-822a-d307b74f4046,XDA,7480201_01,7480201_01,D07
4a03103d-bfec-42ae-8d94-332eb8396ca0,XDA,7510605_01,7510605_01,A00
18dd0d5a-80cb-4ec9-a34d-8108abd6325e,XDA,7510605_01,7510605_01,A01
296c2c10-99a2-4e42-ad2e-7e5ae794b70b,XDA,7510605_01,7510605_01,D01
d7f577b9-b1e6-4a41-9588-0261869e491a,XDA,7510605_01,7510605_01,D07
26adc645-10f4-4356-9a08-09a55180993e,XDA,7520101_01,7520101_01,A00
f449598a-8df1-4a1d-9e3b-fded3cd8ab16,XDA,7520101_01,7520101_01,A01
7d733832-38f8-480c-b8ac-741b79a5d3a7,XDA,7520101_01,7520101_01,D07
ea0469ee-1217-48d1-b1b5-1416c191dc7c,XDA,7520101_03,7520101_03,A00
f3b283da-da91-4499-b2ef-b8d79fb0dbb7,XDA,7520101_03,7520101_03,A01
6579e038-a8f4-45e6-b0ae-dfd8ffcaa106,XDA,7520101_03,7520101_03,D07
3544931b-d342-4d9a-8bf3-5325ef901456,XDA,7520101_04,7520101_04,A00
fe7d4ce5-50bc-4dac-ac62-82290a111b6e,XDA,7520101_04,7520101_04,A01
9c9f35d1-4444-41c6-827d-8ff646399730,XDA,7520101_04,7520101_04,D07
01a28b5e-d23b-4f69-a5a1-74e904a0c7d3,XDA,7520201,7520201,D01
815ed64b-1136-4480-b992-5300d6a3ef56,XDA,7580101_01,7580101_01,V00
ea8c7313-2baa-49ce-9173-83f9ffde1858,XDA,7580101_01,7580101_01,V02
fc07af64-057b-48c3-90a6-81a6b019c61e,XDA,7580201_04,7580201_04,D01
85382a9e-1274-4c24-93fc-f6981f5b016c,XDA,7580201_05,7580201_05,A00
487aaf72-d524-4094-9d38-9581e44ebfca,XDA,7580201_05,7580201_05,A01
bdc3cffb-5dd7-487e-aea1-01977ec53016,XDA,7580201_05,7580201_05,D01
c96fee1b-d1a7-47d3-b8ec-0d984f39b0b2,XDA,7580201_05,7580201_05,D07
66ed1095-86f6-4849-827c-a6b54aaffaaa,XDA,7580201_CLC,7580201_CLC,A00
fa11d6f8-8821-4e0c-9153-bd556f002325,XDA,7580201_CLC,7580201_CLC,A01
072b1c6a-66b7-4a63-ad4e-103ac2da9db5,XDA,7580201_CLC,7580201_CLC,D01
2d456ed2-da62-44b7-9c3f-d43bf2011023,XDA,7580201_CLC,7580201_CLC,D07
b57f1c36-37e7-49a5-8a9b-6c1c14c2e294,XDA,7580205_02,7580205_02,A00
a14ed307-1f37-47bb-bf66-8ecf8b464f86,XDA,7580205_02,7580205_02,A01
d0a3ee58-ddf3-4fc7-949b-17940432d9d1,XDA,7580205_02,7580205_02,B00
4b90d530-fd0f-4b44-821a-6f24ae2fe2bc,XDA,7580205_02,7580205_02,D07
6727b6a6-8d40-4398-8221-cb4d9b649874,XDA,7580302_04,7580302_04,A00
16c58fe5-5b87-4bf6-87cd-835d9bc0ceef,XDA,7580302_04,7580302_04,A01
9140f9e2-f052-4fd5-880d-29041c479294,XDA,7580302_04,7580302_04,D01
06e38ef1-2b96-4796-9029-94a84652b3ff,XDA,7580302_04,7580302_04,D07
a246f588-dcab-4d58-ab96-9cdabe6d2504,XDA,7210110,7210110,H00
4a70e3d4-977d-49e2-8a59-e20ca1a442fd,XDA,7210110,7210110,H07
ad820ed3-7d53-47f9-8791-3710f969f3b8,XDA,7210110,7210110,V01
c4a51d87-13a8-4241-8844-237042e801ad,XDA,72104_NT,72104_NT,H00
2c477f73-ca8c-48f6-8043-c35285f341ae,XDA,72104_NT,72104_NT,H07
837ed095-115d-42ed-aff4-5cca16c3af42,XDA,72104_NT,72104_NT,V00
b1282e8e-82f2-48d4-9989-c1b0020134a6,XDA,72104_NT,72104_NT,V01
f4cfdebe-36ca-4fba-b889-b1aa76157244,XDA,72104_NT,72104_NT,V02
8c7a3f07-fe62-4037-bdc4-4e97ea3581f5,XDA,7340409,7340409,C01
495bcd13-ad4b-4384-8890-6b85834aa13d,XDA,7340409,7340409,X05
c82d7758-f10d-42ab-bcb6-a209d1929e62,XDA,7340409,7340409,X06
d735b5fe-168e-4e71-a4bf-35b4950d0499,XDA,7340409,7340409,X26
8d1448e1-f457-4fca-9c83-c06c49a8ba33,XDA,7460108,7460108,A00
4010f4ba-f97e-4189-961b-6abb96dda782,XDA,7460108,7460108,A01
12e9a855-c95c-4334-b73c-15eeef405f20,XDA,7460108,7460108,C01
360a02d4-738c-442a-bfd4-5030c80017c4,XDA,7460108,7460108,D01
d8944fdb-4d9d-4113-b1b4-169e87a7b528,XDA,7460108,7460108,D07
b0dfa215-dfbb-4a12-acf1-e9746f5269ee,XDA,7460108,7460108,X06
1d638a0a-2703-4ebf-ac8a-61e5575cb32b,XDA,7460108,7460108,X26
c62ff71b-2f1e-498f-b83e-21707015f16f,XDA,7480101,7480101,C01
2c52e09c-2517-4223-b76c-c2beb939e4fd,XDA,7480101,7480101,X06
68787c2e-2a1e-4bc6-abe0-5f8887694b7d,XDA,7480101,7480101,X26
d5b8e4f4-897f-4ea3-b38a-d456dc987de1,XDA,7480101_QT,7480101_QT,C01
7b392b0c-6d57-45db-b708-f1e03054a6e4,XDA,7480101_QT,7480101_QT,X06
dda5aa97-cb6c-4299-a80e-407b79c267f6,XDA,7480201,7480201,C01
cc47d0b2-99de-49c8-b72a-b875d4cdcade,XDA,7480201,7480201,X06
d805383f-1236-428f-b63f-c1f68b861c79,XDA,7480201,7480201,X26
ac8c6974-1fbf-4d5f-a6e1-2c74e72dd467,XDA,7480201_01,7480201_01,C01
c2e5a1cb-70ca-4191-a738-37217be1695c,XDA,7480201_01,7480201_01,X06
93300bde-8d3c-4ede-88f9-7ec440d65a80,XDA,7480201_01,7480201_01,X26
ee6842f4-9d94-43ae-9ecc-521875e08788,XDA,7480201_02,7480201_02,A00
a03563b8-dbb2-4fab-9555-8fb14e17227a,XDA,7480201_02,7480201_02,A01
d63c19a9-136e-4bb5-9576-4a67e8eac52f,XDA,7480201_02,7480201_02,C01
924feae0-255b-4f7e-9b03-4202cf8023fe,XDA,7480201_02,7480201_02,D01
2b2e74d7-6837-463b-a651-542dc2476c9f,XDA,7480201_02,7480201_02,D07
2455d5ca-fa04-4727-8879-d64e09c80541,XDA,7480201_02,7480201_02,X06
9f057b76-f5d0-4130-9ba1-5fee0ada847f,XDA,7480201_02,7480201_02,X26
37817712-ffaf-4132-a3d4-0530868d449f,XDA,7510103,7510103,A00
34752f93-df13-4083-b74c-3dd4bbc4b980,XDA,7510103,7510103,A01
90f3c4f5-4dcf-4f8e-8463-f9b46c6f0a44,XDA,7510103,7510103,C01
c735d12c-d513-4325-acdb-0e91ed9b93a0,XDA,7510103,7510103,D07
3d26a32b-fc1d-4bc3-8e4f-cd4deb7563bf,XDA,7510103,7510103,X06
9a3f93e7-fa23-4aac-a570-d40eccafcd7c,XDA,7510103,7510103,X26
d0a96270-8f59-477c-95ac-fe0b41980474,XDA,7510105,7510105,A02
d7251310-99c0-4198-addd-44c381d6f779,XDA,7510105,7510105,C01
c95ebbd5-7316-4c14-af11-9f7a27116f61,XDA,7510105,7510105,C02
47549a6f-60d7-44c4-bfba-2655d54b0191,XDA,7510105,7510105,X06
6046fda6-cc4b-46a8-b03e-26c0620aa9d2,XDA,7510105,7510105,X14
14afdb3a-a11d-4833-b17c-671e9dd907bd,XDA,7510605,7510605,C01
e20997f9-650d-45ae-80b8-d8763b785d85,XDA,7510605,7510605,X05
fb11bb22-6f2c-4087-9779-877e0a6df5a4,XDA,7510605,7510605,X06
89d160e9-0e25-488a-9b75-d647c340270f,XDA,7510605,7510605,X26
fdb5346c-c918-48ed-b1a5-d9bf26ad2f6b,XDA,7510605_01,7510605_01,C01
56fb1abc-02d5-4d09-81c8-c06b20abbf69,XDA,7510605_01,7510605_01,X05
f6c55607-ef5b-4793-8f0e-be535e312511,XDA,7510605_01,7510605_01,X06
56b18e8a-ffc5-4ef2-ae84-3035570d9a5e,XDA,7510605_01,7510605_01,X26
4aade7db-0308-4b63-8de9-f87140ba316e,XDA,7510605_02,7510605_02,A00
3d1ec085-46c5-4dcf-9578-48531c65ad9d,XDA,7510605_02,7510605_02,A01
98d4fe7a-902c-4fde-8a68-b5adafdddc30,XDA,7510605_02,7510605_02,C01
b4f41279-b69e-47dd-9529-cadb5080be4e,XDA,7510605_02,7510605_02,D01
362fce93-1545-45d5-852e-40285cc0ea79,XDA,7510605_02,7510605_02,D07
6de7ca6a-b06d-4899-92ff-ddfa534709d0,XDA,7510605_02,7510605_02,X05
994a9e7d-49b3-4238-bf12-355f77573a78,XDA,7510605_02,7510605_02,X06
f96e411a-588d-4f1e-8e8d-2ba196452956,XDA,7510605_02,7510605_02,X26
ba79b925-b46d-4faf-9007-58585eecb646,XDA,7520103,7520103,C01
b0573406-ecf8-44f1-934b-223a3acfca3d,XDA,7520103,7520103,X06
33e18885-f4b3-48c2-8506-15f270f5238c,XDA,7520103_01,7520103_01,C01
75397e25-9fb7-4383-bb55-731080892f57,XDA,7520103_01,7520103_01,X06
a38acbc9-f97a-4561-99e4-e5f82b05b5e3,XDA,7520103_03,7520103_03,C01
ad501049-97ce-4eac-8b88-62b295bd464a,XDA,7520103_03,7520103_03,X06
ea38be02-9629-4d14-b1b0-a519e782ae91,XDA,7520103_04,7520103_04,C01
93a72364-cb85-44e0-8579-9242553e1e86,XDA,7520103_04,7520103_04,X06
c5ef37c3-2533-4e79-abd9-d8f0c44969c4,XDA,7520201,7520201,C01
28c3cbbd-336c-4936-bc7d-ca9e5493bdb9,XDA,7520201,7520201,X06
4d538ea7-1d90-44a4-84c4-701fad711493,XDA,7520216,7520216,A00
05025dab-dce0-4751-b3b2-e738b477ccb5,XDA,7520216,7520216,A01
2c256327-9abe-4523-b01e-187e064a67d8,XDA,7520216,7520216,C01
bdc5dca9-7df6-462b-a0d6-6c1275ef62e0,XDA,7520216,7520216,X06
4176f764-71e4-48a7-acfa-8ace8abbbd28,XDA,7520309,7520309,A02
11e3dc53-a64d-46e3-8af1-8e1b839a71fe,XDA,7520309,7520309,C01
348fc7dc-18a1-49c6-849c-b7b44beab4c2,XDA,7520309,7520309,C02
e47296e5-8b0a-4f59-b724-28fd1344e700,XDA,7520309,7520309,X06
05080f8f-9c7c-4dda-9564-eb304b9618f6,XDA,7520309,7520309,X14
981c5dbd-b92a-4a44-874d-088f719a1e0c,XDA,7520320,7520320,A02
8d44748e-ddc0-458c-ba80-42f8a1cebc01,XDA,7520320,7520320,C01
fd0d7554-d430-4185-a649-95f228c9b00f,XDA,7520320,7520320,C02
34b49163-0c95-4607-9eed-6b3ee2d55f1a,XDA,7520320,7520320,X06
5edd89c3-fc32-4f8a-8a35-ab40f6d2f1ff,XDA,7520320,7520320,X14
6aa16658-bfe3-4964-a38a-18969966b3cb,XDA,7580201,7580201,C01
4dd50782-b082-4a84-a077-1e9a9e34c104,XDA,7580201,7580201,X06
351e484e-6835-46cd-bdf5-0b294c2eb484,XDA,7580201_01,7580201_01,C01
9bddb5e7-e214-4145-a34a-d7d6c637b2a6,XDA,7580201_01,7580201_01,X06
cdece17d-f881-4df4-b055-50b241a64299,XDA,7580201_02,7580201_02,C01
57f80330-e1de-41b5-bcf7-8c806fe6cb10,XDA,7580201_02,7580201_02,X06
8c835430-9dba-46bb-a79e-14ad8ce0ccba,XDA,7580201_03,7580201_03,C01
1b886ae4-bf03-4ffd-90d5-fa379a6f19bc,XDA,7580201_03,7580201_03,X06
b213b534-018d-4bad-834a-d776cb6284b8,XDA,7580201_04,7580201_04,C01
f1266876-0896-4d94-b06b-33593771008f,XDA,7580201_04,7580201_04,X06
ada82e97-09fc-439e-a554-53d186f6ae90,XDA,7580201_05,7580201_05,C01
7e7bd255-a51e-4ea9-9553-caf82c502dba,XDA,7580201_05,7580201_05,X06
d420e3c8-15f5-4d76-9471-b1f58fe43eaa,XDA,7580201_CLC,7580201_CLC,C01
699dbd94-52cd-436f-8389-75a78b25e3d7,XDA,7580201_CLC,7580201_CLC,D24
7d006106-65fb-4826-a07f-0d1091d0a046,XDA,7580201_CLC,7580201_CLC,D29
32a9cada-5da6-4411-8e19-c487b9308b9a,XDA,7580201_CLC,7580201_CLC,X06
a7fa2681-3a2d-42e2-801b-1a62a8b27de7,XDA,7580201_QT,7580201_QT,C01
c8b033f5-5380-4120-8304-3070dd5ad88c,XDA,7580201_QT,7580201_QT,X06
a09547c8-b9ea-4aeb-b4f2-19d58ff4dc80,XDA,7580205_01,7580205_01,C01
0cd00c35-6285-45f2-acef-12c410ef5515,XDA,7580205_01,7580205_01,X06
87ccbe73-f57d-48d4-b64c-d5bf4b90f852,XDA,7580205_02,7580205_02,C01
a0c05aee-7875-433d-a78f-195731783fee,XDA,7580205_02,7580205_02,D01
914a6277-1c70-40e5-8feb-4e64556ce825,XDA,7580205_02,7580205_02,X06
2c34734b-2e25-440d-9f8a-8d2d6bb06378,XDA,7580213_01,7580213_01,A02
e0cc1eca-0750-484b-a7e5-a69c6715ddfe,XDA,7580213_01,7580213_01,C01
7a4edd78-2c99-43ab-afd4-f0fc49088b3f,XDA,7580213_01,7580213_01,C02
f63d3e39-3e8f-431a-a7e4-76a77c380718,XDA,7580213_01,7580213_01,X06
d3da2e19-fac1-4745-b5ab-337c84e6b05e,XDA,7580213_01,7580213_01,X14
38011c21-2911-4121-82b6-f42a33bbe7f2,XDA,7580301,7580301,C01
1cd82161-2774-480a-801b-29028b4694f9,XDA,7580301,7580301,X05
09f7cacd-f7e9-4d86-9e8b-2ba86031cc62,XDA,7580301,7580301,X06
6cba48ad-0521-4801-b251-9eceafe89806,XDA,7580301,7580301,X26
0a63f6ec-d137-423c-a2d6-9636ecf41869,XDA,7580302_01,7580302_01,C01
a2c6e254-3c90-487f-b6e5-e1982c899dae,XDA,7580302_01,7580302_01,X05
eada720c-1f1f-425f-b8d9-bee21f4843ad,XDA,7580302_01,7580302_01,X06
cb4a59b4-f53a-40e9-927d-e94e4ccd7e11,XDA,7580302_01,7580302_01,X26
22131518-a854-4fd5-9642-a98760eae2da,XDA,7580302_02,7580302_02,C01
aaaeaeb0-b507-4927-9aa9-8753287c52de,XDA,7580302_02,7580302_02,X05
5b97adc9-3d3e-4ab9-aba0-5c978f089b61,XDA,7580302_02,7580302_02,X06
33e20524-7da2-437b-88df-ddcc6ad79de2,XDA,7580302_02,7580302_02,X26
85232dce-dd12-46ce-acef-f86931c0463b,XDA,7580302_03,7580302_03,C01
d2cd5e6d-36d3-462e-ab28-28d7d48690d2,XDA,7580302_03,7580302_03,X05
9afb7214-ab89-40c8-b2ab-352b2b85a8ba,XDA,7580302_03,7580302_03,X06
8a023cd8-5712-4fa2-88be-b356341827ae,XDA,7580302_03,7580302_03,X26
bc6e4bdb-b2ef-4a47-80d0-f11fc4d49331,XDA,7580302_04,7580302_04,C01
da92339f-b82e-4c6c-a4b2-a0eac990f607,XDA,7580302_04,7580302_04,X05
96ff8835-4d88-44ba-a7b8-7ab51eedb8e2,XDA,7580302_04,7580302_04,X06
493e2f9e-cd41-4609-8b6d-bf5263f19ec3,XDA,7580302_04,7580302_04,X26
814cd0b3-f301-492b-be91-82986de3d63c,XDA,7480101,7480101,K00
62f5dba4-a08c-43b1-895e-3c84d3e82e9b,XDA,7480101,7480101,K01
08ac6a0d-942e-4f9b-afc0-7ea05ce404c9,XDA,7480101_QT,7480101_QT,K00
4f70c9df-f326-45e8-8b46-aeca79af1d10,XDA,7480101_QT,7480101_QT,K01
c85e910a-0ddc-45d5-8b80-5744901947ab,XDA,7480201,7480201,K00
633ebc6a-7760-4126-8ce8-d3f8733e9e43,XDA,7480201,7480201,K01
e9ff1d2c-a91a-4b02-83b3-a2c2bfde19d1,XDA,7510105,7510105,K00
5a7cb732-78e5-4eeb-818b-fbc1fef3f42c,XDA,7510105,7510105,K01
dab90079-bf26-4fd7-9a7c-c5626be42710,XDA,7510605,7510605,K00
60ad0785-4d7a-4ab9-be37-b84b0508429b,XDA,7510605,7510605,K01
a799f27d-b6e7-479c-8faf-49fce12cf1e7,XDA,7510605,7510605,K02
999d749d-2fea-4059-9aca-e3eb18bcad09,XDA,7520103,7520103,K00
d5052894-68f7-4609-838e-e5dd3dafc31b,XDA,7520103,7520103,K01
c6a994a2-e756-48f4-8933-c406f8479aae,XDA,7520103_01,7520103_01,K00
a65f504b-02a2-4254-8538-c9bc486cb15e,XDA,7520103_01,7520103_01,K01
b9142459-8607-40d0-b87a-5ea2ffd3bb5a,XDA,7520103_02,7520103_02,K00
bc3e6b20-5836-4f1c-88f0-ca20072bc4ff,XDA,7520103_02,7520103_02,K01
1693123a-35d0-4f92-81da-2a3496cf9352,XDA,7520103_03,7520103_03,K00
b73e9c9a-1c56-49f9-b1c0-407836932141,XDA,7520103_03,7520103_03,K01
f084f957-e5b4-49d3-9cc5-e045f513d2f0,XDA,7520103_04,7520103_04,K00
5397c677-540c-45ee-8dcb-627e404eea19,XDA,7520103_04,7520103_04,K01
90d58d72-a3f6-4790-ad32-4d370b852a09,XDA,7520309,7520309,K00
21a0016f-cdc5-4018-8333-871d708c40a3,XDA,7520309,7520309,K01
96636190-0104-4f90-9475-fedf338562cf,XDA,7520320,7520320,K00
12d11b1b-67b3-42db-8191-e6726b178a3b,XDA,7520320,7520320,K01
3e5e0643-1ba5-4961-911a-121c3e4c8acb,XDA,7580201_01,7580201_01,K00
eef15c75-07d2-4081-9b5a-a52a7d3da068,XDA,7580201_01,7580201_01,K01
ebc9c3c0-d39c-4bb5-9ea4-6041e63ef99a,XDA,7580201_02,7580201_02,K00
876e52eb-b854-40a2-bc55-974d01ac9260,XDA,7580201_02,7580201_02,K01
5d1af0d6-ab3b-4e44-b770-5d0ab8b813d2,XDA,7580201_03,7580201_03,K00
43a105b3-651d-491e-be93-6623e2036a0a,XDA,7580201_03,7580201_03,K01
941a31e2-fb3c-4635-8b04-386ce838443f,XDA,7580201_04,7580201_04,K00
e2f5c0d0-e056-4315-b761-5e575eca917c,XDA,7580201_04,7580201_04,K01
b97f9347-ec53-4aaf-a0b6-36dde76fc811,XDA,7580201_QT,7580201_QT,K00
2c0b29fb-9f0e-49aa-a2d4-7bc2b1858ca0,XDA,7580201_QT,7580201_QT,K01
327bf089-cd09-410d-a9a0-7cbe5292f3e4,XDA,7580205_01,7580205_01,K00
73280bce-1468-40d7-b2be-9b16ee79843a,XDA,7580205_01,7580205_01,K01
f00d592b-f9dc-4838-a693-54365a2da403,XDA,7580213_01,7580213_01,K00
48010e46-267a-45df-932b-bd57cce9a0e8,XDA,7580213_01,7580213_01,K01
2ff7ce41-d7eb-4e33-8180-cf4b08e6b432,XDA,7580301,7580301,K00
7a839ed8-0680-4f7d-bb02-12245890f2cf,XDA,7580301,7580301,K01
c7b76853-23fa-4b77-b11d-cfae1fef6207,XDA,7580302_01,7580302_01,K00
e1d8ad86-12ad-4d32-8e41-fe78d30c3215,XDA,7580302_01,7580302_01,K01
d26a155f-9dba-4cc8-80b5-a7061adb5c36,XDA,7580302_02,7580302_02,K00
09afb2a6-7e50-461a-bb94-3e5d3734857f,XDA,7580302_02,7580302_02,K01
6b715819-a947-4553-ae3d-7d81d587dc47,XDA,7580302_03,7580302_03,K00
f15ad399-04d1-47bd-be1c-570dd005e9c6,XDA,7580302_03,7580302_03,K01
254de421-a1c8-4d0e-b029-9c56da4f3939,XDA,7520201,7520201,K00
7d4dbdbd-83e2-473a-ba20-98e70f9e860d,XDA,7580201,7580201,K00
e47f7ed0-8b70-4267-96ce-af25bc2f9b2c,XDA,7340409,7340409,K00
0d39ccf8-3320-4fc7-9590-fb3ec8555cbb,XDA,7480201_01,7480201_01,K00
ef2eb150-5d27-41e4-b3f8-f1cbd795922c,XDA,7510605_01,7510605_01,K00
96414ff7-2fc5-4ae9-8f53-e66498334a9e,XDA,7520101_01,7520101_01,K00
ecbef990-49b7-466c-85f1-b789f17b6a41,XDA,7520101_03,7520101_03,K00
2807596b-a3a0-4a86-9575-418af2aa0562,XDA,7520101_04,7520101_04,K00
a1356667-9208-431f-9de2-942460b61157,XDA,7580201_05,7580201_05,K00
5afdefb9-3d15-460a-8e87-6bfeb40b6986,XDA,7580201_CLC,7580201_CLC,K00
f4b9eecf-b35d-48db-a401-ffa9fd5ff291,XDA,7580205_02,7580205_02,K00
4810f24b-af9c-4b1f-a29d-1125f11ba6d1,XDA,7580302_04,7580302_04,K00
cbc831e5-d70e-461c-9f95-ea030e69a578,DKH,7720201​,7720201​,A00
871d1bdf-d966-47be-ab92-01ebe358971c,DKH,7720203​,7720203​,A00
757ef8a0-2046-462d-a008-370bd0949f11,DKH,7420201,7420201,B00
30fb234c-2d62-48c3-a5e7-21af3c1ffa20,DKH,7440112,7440112,A00
9d3bd013-6851-4239-aff6-244b41f45f16,DKH,7720201,7720201,A00
b716daee-083c-4df1-9924-a8b22a2098bd,DKH,7720203,7720203,A00
53f22138-aa7b-44d7-a220-3d554b96cf35,DKH,7720201,7720201,B00
aad66d9b-e29a-48a8-81a2-47eeed3506af,DKH,7440112,7440112,K01
3a1603f3-71f6-4639-a257-ce9b75d306c0,DKH,7720201,7720201,K01
dee0ba76-1ecc-477f-b7a4-8ce648ef06e6,DKH,7720203,7720203,K01
2b5973d4-faf5-4d4c-aea4-12f5069d1031,DKH,7720201,7720201,K00
3f8cd3ca-19e8-45d5-aad5-7705ee5d2ab5,DDL,7340101,7340101,A00
8db89ece-e93b-45c4-b12b-d037f01cbf80,DDL,7340101,7340101,A01
f3cadd9e-2c68-4872-8655-1dc8b7331b6e,DDL,7340101,7340101,D01
a2a7e3c0-3e87-4c20-b006-1efe2e1703f3,DDL,7340101,7340101,D07
7ab869c5-3922-4f97-bde4-4e2c77121a88,DDL,7340122,7340122,A00
7f634906-9992-4604-bd71-5bacadbc36fe,DDL,7340122,7340122,A01
13baff5a-f806-43ed-ace2-e453f0ccb8a4,DDL,7340122,7340122,D01
4dfb2357-13e7-41bd-9082-b0057198f93a,DDL,7340122,7340122,D07
04ca2027-1671-4a4a-9264-13b7044773eb,DDL,7340201,7340201,A00
ce5d8be4-283e-46fb-acb4-2b1d3a6a32fc,DDL,7340201,7340201,A01
087eb786-0579-4814-aed1-fc6f77918825,DDL,7340201,7340201,D01
e2e782f0-c55a-415d-be50-4b26386ded8e,DDL,7340201,7340201,D07
c9e2f8f7-ddf2-4696-9a35-ea5117bfae17,DDL,7340301,7340301,A00
3c0a52e9-ebf8-427a-b5ac-548e941e9551,DDL,7340301,7340301,A01
faf9cdcc-0551-4b4b-baae-34e30eef48eb,DDL,7340301,7340301,D01
55220c5d-10bf-43b1-b324-8f49b0a04059,DDL,7340301,7340301,D07
7fe1868e-59bb-422b-aeb9-3fa64592e1e6,DDL,7340302,7340302,A00
17e4ebea-12d0-409e-ae8e-dce4739c89f9,DDL,7340302,7340302,A01
a47de5b2-1e06-4117-b0f6-a1ee2c000c8f,DDL,7340302,7340302,D01
1de8d34e-0928-4117-9211-f769f0ff62f9,DDL,7340302,7340302,D07
5c5fab78-dcf6-4459-9248-af5e714865f5,DDL,7480201,7480201,A00
77990291-f039-45ed-8492-685425b4e4e5,DDL,7480201,7480201,A01
a2fe018d-c5a9-4a4e-8ae1-a7f6fa505ac7,DDL,7480201,7480201,D01
543cfb97-f7cc-4d2e-baf6-6545d1e38c86,DDL,7480201,7480201,D07
fc96140c-17aa-4be7-b195-66208d26617a,DDL,7510102,7510102,A00
821d3f50-4c73-4b07-9756-f042740b0417,DDL,7510102,7510102,A01
67815faa-85a2-4020-bbf9-3d372320aec1,DDL,7510102,7510102,D01
d08dbc11-48f3-46dd-b791-45060acda5ff,DDL,7510102,7510102,D07
cf21fbea-0e58-409a-95e2-e6f0a7455485,DDL,7510201,7510201,A00
677f72a1-ee7d-476d-97e1-f9f2bf517b2c,DDL,7510201,7510201,A01
76eafd91-48c9-4cc9-bd7e-9cc168fa4564,DDL,7510201,7510201,D01
febf7448-6d04-4fe5-ac16-7a5f1c5d11dc,DDL,7510201,7510201,D07
62d5f4fa-1000-4db9-8c98-5bc1fbe35db2,DDL,7510203,7510203,A00
37bcb21a-72b9-4a9e-b03c-bd8dd5caa37a,DDL,7510203,7510203,A01
7043b4cf-b568-4b54-a1c0-bd14a3d14233,DDL,7510203,7510203,D01
c7d2a0a3-7197-4e79-afb6-8564e9330378,DDL,7510203,7510203,D07
054eb9e3-cbeb-4269-933b-233994e65126,DDL,7510301,7510301,A00
77144561-8700-406a-9b11-e9aa98b36e70,DDL,7510301,7510301,A01
1c4c55c8-432b-47b0-94f9-a54ca16041ef,DDL,7510301,7510301,D01
95da3632-f146-464c-8a93-cc95e54b84f0,DDL,7510301,7510301,D07
df0c8e03-8564-488f-b213-77bd236ade9a,DDL,7510302,7510302,A00
c36b18b7-d2f2-4159-a72d-60ccdf3b7e79,DDL,7510302,7510302,A01
01b96ade-97cf-4529-b393-701f6cbc97a1,DDL,7510302,7510302,D01
ac09abde-16fd-4c8e-8ae4-f9426dc0c1dc,DDL,7510302,7510302,D07
e9d46a3d-3b51-43c4-9d7e-c1dcd8c32a55,DDL,7510303,7510303,A00
13f2a339-64f5-4465-bb59-940dc8e7e0f8,DDL,7510303,7510303,A01
e97a6c68-a295-47fd-a036-db2be07faec8,DDL,7510303,7510303,D01
b05e5025-ca7d-49b9-b00c-a114402585fd,DDL,7510303,7510303,D07
1eaac729-5c65-438e-ab7c-d967e65e072f,DDL,7510403,7510403,A00
f3e1f37d-36d1-4416-8e77-2f711835e0f7,DDL,7510403,7510403,A01
974f110d-b5e1-4ba1-9ef3-6a7506c608b5,DDL,7510403,7510403,D01
3b399116-674b-4ce4-bca9-21a340850533,DDL,7510403,7510403,D07
0d14b2e3-a785-46d1-a292-4aac49847226,DDL,7510406,7510406,A00
fe498719-915a-44b4-90ce-3db6927f1954,DDL,7510406,7510406,A01
48efd441-a608-4adf-bbd1-5aded9f90ec4,DDL,7510406,7510406,D01
50be7038-41fd-4b3e-b7ca-1c50b765f924,DDL,7510406,7510406,D07
f193c662-e604-45f4-9386-affbf240a378,DDL,7510601,7510601,A00
a23304fb-16d2-4a4f-a274-d6f466c5d46d,DDL,7510601,7510601,A01
b4945e76-9a20-4893-8d2a-8e858fa05612,DDL,7510601,7510601,D01
b7006f6c-4d9b-483f-a114-16f195370e06,DDL,7510601,7510601,D07
21c82c65-22af-40d0-8376-b782ac450271,DDL,7510602,7510602,A00
003c5ba5-2f37-4364-81de-f674f144dd8c,DDL,7510602,7510602,A01
f6942e05-9de6-429f-ad34-7c60332ab05b,DDL,7510602,7510602,D01
b311520d-34c8-4441-9210-84b9f9635e30,DDL,7510602,7510602,D07
0f8f6beb-3ef8-453f-baf8-dda48edabcee,DDL,7510605,7510605,A00
61dc361c-5467-4cc6-b5cb-5f03ca1c8606,DDL,7510605,7510605,A01
8b783ae7-4323-4162-bdef-a7b92463b32b,DDL,7510605,7510605,D01
d425835f-1a79-4166-8e3b-01f4ba52c9f5,DDL,7510605,7510605,D07
abe59a3b-5191-4aa4-9ca3-5e59c468a4ac,DDL,7520115,7520115,A00
9b3e6dc2-bd78-44ef-826e-be9e95588e72,DDL,7520115,7520115,A01
70916b07-0974-486c-b1cb-1e51e9904fe6,DDL,7520115,7520115,D01
aa432f02-130e-4c27-a155-7494c156a157,DDL,7520115,7520115,D07
1f5ab7bb-d1c4-4574-b964-47371b2c98f5,DDL,7810103,7810103,A00
a13fe950-0728-463f-be63-cd59e535d4e0,DDL,7810103,7810103,A01
963958ed-1433-4d91-a97a-aeeca2993820,DDL,7810103,7810103,D01
f55ffe4d-aa82-4e09-b3ab-95438890a8b1,DDL,7810103,7810103,D07
46453321-5389-4bdf-943b-470e70eb77c1,DDL,7220201,7220201,D01
895df7cf-ed9f-4a86-b5e3-48f20d9c846f,DDL,7220201,7220201,D09
beff220e-6c4b-438b-a363-9d37b4661342,DDL,7220201,7220201,D10
93506ce3-969f-4ac1-b882-b8aff0d37888,DDL,7220201,7220201,D14
a7d66e98-ca1a-4ff6-b820-5ab2ca2f37bd,DDL,7220201,7220201,D66
99081c64-b1e8-4a37-9424-cdeea9116dbf,DDL,7220201,7220201,D84
810c645b-cf4b-4b2c-8f88-9c8858abd587,DDL,7220201,7220201,X25
aa219c5d-6d92-48c9-a116-ce971c4bbe3c,DDL,7220201,7220201,X78
f2a345ad-5f06-4b08-b0a5-9374fee1a402,DDL,7340115,7340115,A00
a48a09e4-9900-4635-aa31-42944ccd48e3,DDL,7340115,7340115,A01
db7dc18c-9e9b-4370-8bbc-b8d443980240,DDL,7340115,7340115,D01
cc414c89-6110-4824-bcee-857bda7314c1,DDL,7340115,7340115,D07
523e78c9-8b47-4ed2-8ebd-25ad07d08463,DDL,7340205,7340205,A00
a9e55752-cf6f-4bb2-a57c-e57bb3b1e529,DDL,7340205,7340205,A01
ce5471e3-b9ce-4b1e-b46d-fc81b6d4aaab,DDL,7340205,7340205,D01
24bbae19-d69d-498e-a806-3d6d5accafc9,DDL,7340205,7340205,D07
dea05b6a-f252-412d-9a6f-e4ea48c47ad5,DDL,7380107,7380107,D01
6587b3ec-19df-4be5-981d-3f15919504e1,DDL,7380107,7380107,D09
787cd25e-270d-42f0-8743-d1be45181dbe,DDL,7380107,7380107,D10
acd7ba23-0a01-4930-ab09-d10c220de594,DDL,7380107,7380107,D14
dd297cda-674e-4aaf-b78e-7260a5b1986c,DDL,7380107,7380107,D66
a4081aaa-0cf7-4693-a6b4-40959f215322,DDL,7380107,7380107,D84
ec3f79dc-53d6-4238-a2bb-21afa35ffe03,DDL,7380107,7380107,X25
9b16b6e4-d663-43d2-bef2-11ac5b634a9a,DDL,7380107,7380107,X78
674221cc-e9c1-46f5-96f7-b292759cb8f7,DDL,7460108,7460108,A00
25db3564-0c77-4edb-b139-26daef18ab5a,DDL,7460108,7460108,A01
f5ba43e9-b85a-40ee-8b81-c3f8b6c411b8,DDL,7460108,7460108,D01
15bce517-e10e-4e82-964f-36a0d5818dc2,DDL,7460108,7460108,D07
670f8545-0657-4928-96f1-fa6fd29861d5,DDL,7460117,7460117,A00
e2fee722-7a12-4755-95ec-72f25c50ef76,DDL,7460117,7460117,A01
f26ac991-43a6-496a-a8dd-a1a2325da7af,DDL,7460117,7460117,D01
9bf04358-88d6-4776-9b2c-731cc61deedd,DDL,7460117,7460117,D07
abdce053-7bfb-416f-b8fe-d44325be1114,DDL,7480106,7480106,A00
c3c0c862-6767-468e-8efa-8b7c15eca934,DDL,7480106,7480106,A01
4915bc33-16e5-4545-9e88-109eb3b90ef8,DDL,7480106,7480106,D01
fbde7436-ba9a-4ee3-83d3-32fc5364dfad,DDL,7480106,7480106,D07
bf181502-c002-4967-a1ce-ac9085fc2243,DDL,7480107,7480107,A00
fa90a4de-7d2c-4cc5-8cd2-6608daa204d8,DDL,7480107,7480107,A01
2ca2008c-f98d-4d2a-a832-ba2c24237444,DDL,7480107,7480107,D01
280bc5c0-1bcf-4617-bc6e-d23dc6782a66,DDL,7480107,7480107,D07
0d34ef6b-3d7d-46b8-9972-75051e0e152d,DDL,7510205,7510205,A00
ba9050c0-0112-47c3-a043-e19bbc8ff652,DDL,7510205,7510205,A01
5ef32ba4-3826-467c-b8aa-f3905d4ea2fa,DDL,7510205,7510205,D01
3d123f2d-fb8a-43e8-a82c-3d45a067b148,DDL,7510205,7510205,D07
366b2211-d273-443e-879e-9909bd3fcaf3,DDL,7510402,7510402,A00
cb8fd1d8-2a57-46a3-be94-b609f15ddcf4,DDL,7510402,7510402,A01
5b9f4df1-59d6-4f2b-9c8f-90392895baae,DDL,7510402,7510402,A02
e4dde981-dde6-4e18-a0f2-255249ce4552,DDL,7510402,7510402,B00
4c60fae8-5e5c-42b0-a576-6b8f5ad7cacb,DDL,7510402,7510402,D07
b88c8c34-1c1c-41ed-ae59-3e03480f9fdb,DDL,7510407,7510407,A00
45cfdd13-91a0-46cc-a4b9-0dfdd21b0e62,DDL,7510407,7510407,A01
20c62cf0-a7ad-4314-ac14-701951f225d3,DDL,7510407,7510407,D01
dfa5a84d-7cfa-4e49-a2d1-5a4cf63883fd,DDL,7510407,7510407,D07
d896a57a-5bfd-47ea-b330-1a71efb6f48a,DDL,7520107,7520107,A00
03c451c1-2481-4df0-aefc-8f712c996ba2,DDL,7520107,7520107,A01
40fcb165-8629-49f4-b1fb-92939df1456e,DDL,7520107,7520107,D01
632a867c-b941-4bf9-9f0d-2777c703b2c4,DDL,7520107,7520107,D07
583e5988-85dd-44b6-b81e-d8372d4aa878,DDL,7810201,7810201,A00
e0332ab2-d980-49b6-8f0e-663fe2dc667a,DDL,7810201,7810201,A01
39283a49-8cd3-44d8-b375-1fccdd7f18a0,DDL,7810201,7810201,D01
ebbc44ba-1300-4e83-b344-151b50ad8c74,DDL,7810201,7810201,D07
ce46a98f-48de-47d3-b31c-7058cbd47c76,MDA,7340101,7340101,A00
7ae52ee5-cf76-4b76-bf18-f6dc04558149,MDA,7340101,7340101,A01
9f97ee74-352b-4d5a-8c10-ef1e23ed5d4e,MDA,7340101,7340101,D01
b2761341-0ec7-4389-985b-5b201febd1e8,MDA,7340101,7340101,D07
da378e5f-d32a-4f8e-9051-011aeae4af6a,MDA,7340201,7340201,A00
f616750e-4f52-4195-a387-280775815d05,MDA,7340201,7340201,A01
849a4d16-711a-4061-9111-427c838f7003,MDA,7340201,7340201,D01
22f0673a-0317-4083-a47d-042f799a4108,MDA,7340201,7340201,D07
1006a9b2-c527-498f-b8cc-d13f28b7a8aa,MDA,7340301,7340301,A00
ca638313-3f66-4457-a4bc-0ab0b9d48d66,MDA,7340301,7340301,A01
db323b60-1d11-406a-a916-cfb024a5b431,MDA,7340301,7340301,D01
5aff5f7f-b3cb-4b9b-958c-5e876944658a,MDA,7340301,7340301,D07
9cf607f5-2894-4dc7-b28a-8d9f9747e20a,MDA,7440201,7440201,A00
7a72a228-af97-43c4-b4b4-6e251609883a,MDA,7440201,7440201,A06
3a182c41-2b31-4470-9e1f-913f4820ef4d,MDA,7440201,7440201,C04
8b490fbc-e792-408d-9e0e-01a059551bab,MDA,7440201,7440201,D01
3a18d4af-de11-4997-a819-c708e1fa9395,MDA,7480109,7480109,A00
a2d5f0ed-1035-4d4b-8490-25b5bb31a249,MDA,7480109,7480109,A01
28fea774-8899-4f75-af4b-faa271909f66,MDA,7480109,7480109,D01
2848ea70-ffec-4c9b-8e88-9ca7c1897555,MDA,7480109,7480109,D07
3ed7a7ec-4e93-48f5-8391-e11b5d2d6272,MDA,7480201,7480201,A00
55ad3419-10ec-4a5c-bcdd-90aa6a6ee7fe,MDA,7480201,7480201,A01
5798b12f-c003-4b4f-965a-37260a8bbec1,MDA,7480201,7480201,D01
948cbc0c-1ae8-4e14-b514-eef2258fd302,MDA,7480201,7480201,D07
e56377fd-5491-4521-b1eb-96105a8f29dd,MDA,7480201_CLC,7480201_CLC,A00
8d334b0a-814e-4ef2-b5af-cda97a89ba62,MDA,7480201_CLC,7480201_CLC,A01
9c1bb508-9aef-452d-ae75-07580d661135,MDA,7480201_CLC,7480201_CLC,D01
573c5cd8-5898-42ef-91c1-9da4b27d0064,MDA,7480201_CLC,7480201_CLC,D07
8b8b5bd4-eed3-443a-b3cd-5acbce075c84,MDA,7480206,7480206,A00
53bec774-ac13-4789-b780-bf4904705407,MDA,7480206,7480206,C04
162115d0-dc07-40c3-9033-82c17780dbb0,MDA,7480206,7480206,D01
1a8040bf-9ecd-476a-9d30-59a8da4426c6,MDA,7480206,7480206,D10
d3042f1e-39fa-406b-bbf4-3a8bee38ff88,MDA,7510401,7510401,A00
301ca6bf-a6cd-4e4c-872e-635912093a59,MDA,7510401,7510401,A01
fc4154a7-238c-454b-ac4f-8695a02f660b,MDA,7510401,7510401,B00
4b34a54b-0f14-447f-a8d1-c301236dde69,MDA,7510401,7510401,D07
fc20a87f-7531-4c23-923a-7aa49b3762f3,MDA,7510601,7510601,A00
3c615457-a973-4dc3-a0fa-07da069d8687,MDA,7510601,7510601,A01
baf1f382-c4e8-4a1d-8c3c-64622a0f048e,MDA,7510601,7510601,D01
d1ade05f-79e5-47d6-bc51-b20063e37f37,MDA,7510601,7510601,D07
4441e18d-469f-4450-94a4-acfa3775baaf,MDA,7520103,7520103,A00
365e4c55-c754-4aa5-8098-4f1a1486c1ac,MDA,7520103,7520103,A01
0b7694be-2bc0-4b4a-9599-90f0c2509f78,MDA,7520103,7520103,C01
056b385a-4b08-4449-a234-28180d4af607,MDA,7520103,7520103,D07
3ef6960e-1d03-452d-978a-b22896e8c449,MDA,7520114,7520114,A00
b3692c4e-9f0a-45cc-b1a6-3f6e8dae8424,MDA,7520114,7520114,A01
ed36a389-8700-461b-943e-f5f0c476f92b,MDA,7520114,7520114,C01
d40d8f73-e592-4580-9e9f-26ea88451120,MDA,7520114,7520114,D07
16b09ac8-32f7-44f8-98c8-3d6999780d26,MDA,7520116,7520116,A00
d3e9de32-50f1-481e-b4d7-2d11d83f1581,MDA,7520116,7520116,A01
ee2d218e-e7b6-4feb-814a-c0a61f0b9ffc,MDA,7520116,7520116,C01
4875e855-7e91-4950-b2ca-89762d682efd,MDA,7520116,7520116,D07
0adf43f8-0c8e-41c0-b1e9-c4bdea17fe41,MDA,7520201,7520201,A00
b1006846-d35c-4faa-9a56-cd7bd3fa6e0e,MDA,7520201,7520201,A01
ff4e2104-69ab-448c-a93e-643aaae87fac,MDA,7520201,7520201,C01
211bd863-1e05-48b2-8a68-3962fdf0354e,MDA,7520201,7520201,D07
1fbfbd8f-5e5a-4135-bb48-21b942e86f66,MDA,7520216,7520216,A00
f2149a57-2921-439d-abd3-6e239a25d900,MDA,7520216,7520216,A01
ea04a93e-00e7-4364-a10a-19b89660fba0,MDA,7520216,7520216,C01
34f9070c-0557-46d3-8c05-759a55827a40,MDA,7520216,7520216,D07
7fbb5757-7d65-41e5-96cd-f724ff3f5ea7,MDA,7520301,7520301,A00
a3beca69-d12c-4e1b-9545-563032a28477,MDA,7520301,7520301,A01
de231ef5-9f33-4bdb-ba29-af59c696b9d7,MDA,7520301,7520301,B00
dfd99548-7fed-4bcd-b4eb-c387cebc3c97,MDA,7520301,7520301,D07
330803bf-6f48-4b86-9f86-3c2070ee63e8,MDA,7520320,7520320,A00
c25677de-12b8-4639-bae4-9a8a71e8d78e,MDA,7520320,7520320,A01
f820e555-3f1b-4a7f-a82e-19de029dbf25,MDA,7520320,7520320,B00
adbaf813-c903-4aa3-8522-7e6bf03a3409,MDA,7520320,7520320,D01
92a3c422-e424-4e54-887a-07e9be008db8,MDA,7520501,7520501,A00
3110460d-2287-45f0-8dd0-fcdd28c1eb0f,MDA,7520501,7520501,A04
2ee539cd-64d0-4b76-ac55-f58e3b30783f,MDA,7520501,7520501,C04
61bc11b3-2e6d-43f1-9293-014108b8f794,MDA,7520501,7520501,D01
ec391d1d-c90e-4840-92de-258f858aada4,MDA,7520502,7520502,A00
1abbed22-de76-4898-ba6e-b57416c42af2,MDA,7520502,7520502,A01
5c2b99f0-3006-4ad2-9a14-90f8d60b7a69,MDA,7520503,7520503,A00
33fa3d81-0b2b-41cb-8b74-ee2fd77a6d5f,MDA,7520503,7520503,C04
d0e2658a-35f4-4aa7-89c0-5a869b621675,MDA,7520503,7520503,D01
eb21ad41-f7f1-4772-ad09-5d5cb96e9463,MDA,7520503,7520503,D10
b73530d7-790b-4e04-91f4-e3eedde8204e,MDA,7520601,7520601,A00
5378a211-5f0a-4d90-9fd4-ef57a54f1fb7,MDA,7520601,7520601,A01
29b69b72-2a20-484d-86d8-375358a562e8,MDA,7520601,7520601,C01
bb01220f-b28a-4540-83cb-ec810ca31801,MDA,7520601,7520601,D01
f98aa658-8319-4ca2-b5d3-ead25095b3d3,MDA,7520604,7520604,A00
b7ef16f8-47ff-4b7f-924c-f99bfcc64352,MDA,7520604,7520604,A01
9cd9a54a-e5fe-405d-a058-98bb3f73698d,MDA,7520607,7520607,A00
023ceb22-c6c1-4a4e-bbf4-5aaad2d54e51,MDA,7520607,7520607,A01
d44ac748-3efd-44fa-a7c6-ace9b775e295,MDA,7520607,7520607,D01
dad975d6-9ac0-4348-8025-8a22ff8d227f,MDA,7520607,7520607,D07
a52557b2-d134-4b35-8590-912c4b500c9c,MDA,7580201,7580201,A00
07ed72ec-1721-48fc-b5af-7bf4719251e5,MDA,7580201,7580201,A01
ff47aece-9f63-4709-bdb7-720b41ab6eec,MDA,7580201,7580201,C01
938260c8-8f5e-47ba-b450-4b8848d07fe8,MDA,7580201,7580201,D07
1f76a922-e26f-4e41-b671-54581dbf4644,MDA,7580204,7580204,A00
52870358-0663-4f3e-87f1-f973c2193101,MDA,7580204,7580204,A01
487a6bfb-0b8b-4294-837b-78e22e83bc01,MDA,7580204,7580204,C01
8a1320a8-c9ae-4e6f-8e65-2e660b4dd87d,MDA,7580204,7580204,D07
9d05be6b-e0ab-439f-8ce6-d0c297212707,MDA,7580205,7580205,A00
443f04b1-b4be-42b6-904d-c0428c5ec93f,MDA,7580205,7580205,A01
40e8e4b6-1c54-42be-903c-279eb8b09b4c,MDA,7580205,7580205,C01
035d76db-2b92-4d66-b433-6b4d706642ab,MDA,7580205,7580205,D07
f37ad5c0-d569-4f9b-84a1-c94d0f727fed,MDA,7580211,7580211,A00
1315af4e-ea08-4674-a0c3-1d54c1123353,MDA,7580211,7580211,A04
e8b3aba0-5218-4c34-9ce0-42bb7458bac5,MDA,7580211,7580211,C04
45b8366f-1dfd-447a-9d62-bf99b8630171,MDA,7580211,7580211,D01
53b5bbc5-a289-4222-b767-9a4de1e4af62,MDA,7810105,7810105,A05
aa5308ce-f895-4ff6-a9c5-4d1b674241b6,MDA,7810105,7810105,C04
2937725a-c843-4a85-a3db-2eac88ee2a97,MDA,7810105,7810105,D01
4317478e-ac28-4742-8c98-dfa1fdf444a8,MDA,7810105,7810105,D10
d33c0044-f76e-4d35-a748-642a2ac64393,MDA,7850101,7850101,A00
180e700e-e21c-45ef-8369-ba6ddc971d46,MDA,7850101,7850101,B00
72e27110-69ec-48a7-aacc-fdc691085962,MDA,7850101,7850101,C04
dd550862-65e3-4ee7-b8f8-b46e3893a7f0,MDA,7850101,7850101,D01
f3b8b133-f718-4961-b6bc-4133f70267ca,MDA,7850103,7850103,A00
c047c810-7adf-43c0-b079-081490294739,MDA,7850103,7850103,A01
f3db38e6-a651-452e-bf2c-6eeed13f645d,MDA,7850103,7850103,C04
69fbeb05-db73-4653-9633-0a1c42d43206,MDA,7850103,7850103,D01
c9173e62-a34e-4311-a33f-f7d519b6674e,MDA,7440201,7440201,D07
be2162c2-d070-4ac9-9838-660c8c777646,MDA,7440229,7440229,A00
f1728c5c-497d-4d6c-8fe7-7c1bbb9e7f86,MDA,7440229,7440229,A01
5fb53481-17cb-4d8a-b3a6-7b21e1a4ea92,MDA,7440229,7440229,A04
10b49d1f-54bb-4801-a497-d42ad35ba1c1,MDA,7440229,7440229,D07
bc3c52f4-032d-4c90-99f6-2f9f9563ec66,MDA,7460108,7460108,A00
dce822ae-9e5e-4717-a4ae-b7b868afd0c5,MDA,7460108,7460108,A01
5eb4849f-a69d-4150-8039-53a91ddd6252,MDA,7460108,7460108,D01
120ec092-086e-43f5-9eeb-65256bf3158e,MDA,7460108,7460108,D07
ebb3ecf6-7e56-4153-b3a9-d0599c3cc7a0,MDA,7510301,7510301,A00
c5834924-2b16-42d0-9d77-723b3dd1583b,MDA,7510301,7510301,A01
67331816-ecda-432c-8692-41e5732287ed,MDA,7510301,7510301,C01
91049d57-4250-4c9d-962d-175388392fe0,MDA,7510401,7510401,A06
87861dd6-970a-448c-b1fb-039cd9b82b6c,MDA,7510601,7510601,B00
9720902a-0ff7-4e8b-a6d2-75f72537358a,MDA,7520130,7520130,A00
0c932d09-af4e-404d-a6cd-c3bd245105b1,MDA,7520130,7520130,A01
2320efca-0c89-47b1-b7b2-9fb861cc1837,MDA,7520130,7520130,C01
5ea4a82b-1d17-4af9-b410-588c4d2bc8e7,MDA,7520218,7520218,A00
95136a18-3e88-4e51-84de-5c537d860763,MDA,7520218,7520218,A01
7b73d68b-8184-4333-80cd-3b9cfd8ed3b7,MDA,7520218,7520218,C01
3e888759-339e-4eed-bd47-722972c24031,MDA,7520501,7520501,A01
fa1682ff-1c35-42c1-abc7-39c6c1a5fdaa,MDA,7520502,7520502,A04
2cede3fb-d6a1-44be-83cc-653ea452b472,MDA,7520502,7520502,D07
a18fafa9-455a-4356-ae58-eef0332a6488,MDA,7520505,7520505,A00
7bf653c0-05b2-401b-bf47-a081cca0fc4e,MDA,7520505,7520505,C04
f1a77e72-76d1-4b33-a624-8bd4f389792f,MDA,7520505,7520505,D01
ceb0b528-3574-4f3f-94c2-d07925a13d9f,MDA,7520505,7520505,D10
dac15886-f291-498d-b2c3-b16ebb5483bc,MDA,7520604,7520604,D01
2c55c190-556d-4f98-8ccd-ee49fe56ef8a,MDA,7520604,7520604,D07
aef73d2c-b2df-4a50-8c36-b5e4b8f12c0c,MDA,7520605,7520605,A00
a3cbb834-3c24-41dd-88e0-6571d84c6325,MDA,7520605,7520605,A01
b50d1b91-11a2-4a9a-a860-b61ba0823568,MDA,7520605,7520605,D01
f87f8629-f342-443c-b34d-874778dc0a78,MDA,7520605,7520605,D07
392e1ad8-4579-4347-b348-1589c98c99eb,MDA,7520606,7520606,A00
f992575d-456d-4b68-8b2c-0c2c6c161ccc,MDA,7520606,7520606,A01
2e1edae6-849e-4605-89da-0a523c9f0118,MDA,7520606,7520606,D01
e2af94b3-7bf6-434d-b78d-1e9182284832,MDA,7520606,7520606,D07
83ea22d9-6cdf-40e4-bb6f-174cd81a32ea,MDA,7520607,7520607,B00
f448cc75-9dc4-4116-9b0b-0db76a00b958,MDA,7580109,7580109,A00
8dfd5ef9-469a-48a1-9845-79b4df6f3934,MDA,7580109,7580109,C04
17156e60-ed35-4405-bca6-216f279a0c37,MDA,7580109,7580109,D01
76dc0034-d6a0-45da-8af5-e6eeec1f22ac,MDA,7580109,7580109,D10
f106737e-5c62-46bd-9934-b87c392fc943,MDA,7580201,7580201,C04
58dc8e33-f5ac-49fc-b8f8-ba83cd519adc,MDA,7580201,7580201,D01
d8ccf5e3-8b20-4c88-a44f-3ce0fb07cfe3,MDA,7580204,7580204,C04
653ea00e-abd7-486c-9ca1-93ad2c0e87e6,MDA,7580204,7580204,D01
f05457f4-7657-4f7d-85f1-c766c79d8638,MDA,7580205,7580205,C04
ad4c48d6-2f5b-41b2-99d5-7cf989e7397d,MDA,7580205,7580205,D01
7f236959-53ec-4d80-bcce-abf86624dcec,MDA,7580211,7580211,A01
c42eabf8-1c13-4290-9808-3ac6a5f341e7,MDA,7580212,7580212,A00
6a436536-7db5-4ce1-8af6-6b33b59c9da2,MDA,7580212,7580212,A01
ebb2f2c8-ffe4-40ad-b1cf-d9a551c73541,MDA,7580212,7580212,C04
fd9dd816-0675-4181-9b62-01d67a2e0ef1,MDA,7580212,7580212,D01
151dc906-f817-447c-8951-493203519024,MDA,7580302,7580302,A00
bf47e470-4c24-40d6-8bc0-e8287b3ec219,MDA,7580302,7580302,A01
edf7e58f-f354-42e1-99fe-070c33fdb8e2,MDA,7580302,7580302,C04
5a8bfe87-b3ea-48d5-b3f9-f98fe853758c,MDA,7580302,7580302,D01
64142c42-cbad-4fa9-865f-82d9e2305007,MDA,7720203,7720203,A00
53f48258-85b3-401a-aaee-9b2e8167b3ed,MDA,7720203,7720203,A01
b5f395c7-3748-42f8-9aff-77fb39d03a81,MDA,7720203,7720203,B00
e4850818-e5ff-4abe-a843-2b0cc4c1f765,MDA,7720203,7720203,D07
402290b9-bba0-4321-98fc-dc8e71520cb2,MDA,7810105,7810105,D07
2e455542-c9f5-4072-bff6-f406450ad39f,MDA,7850101,7850101,B08
93dc492b-a222-4244-a4f8-2903e9d6d1cf,MDA,7850202,7850202,A00
b6fa370f-ba3d-41a4-8757-8bfb11ff6235,MDA,7850202,7850202,A01
5c9d77bc-c5b7-4f77-a927-ff104e5a007f,MDA,7850202,7850202,B00
a4e979fa-e927-4f05-9025-69ade32a7fbe,MDA,7850202,7850202,D01
251f3091-9ebf-4eac-9361-f0382aca37e5,MDA,7510301,7510301,D01
f242e3ee-0957-433c-9d59-a7eea7e69043,MDA,7520103,7520103,D01
6c09693d-77a1-48b5-ab24-abbdbc731b4b,MDA,7520114,7520114,D01
b2d22e30-d614-4c1c-9651-11ec9ceb04ee,MDA,7520116,7520116,D01
0ba278f6-4ec1-4043-b81c-361611ee547e,MDA,7520130,7520130,D01
1e62ca21-05c8-48b0-8f70-daf134407181,MDA,7520201,7520201,D01
feba13f6-0235-41ac-aa4d-a64e30eb1114,MDA,7520216,7520216,D01
619fbeb7-e984-4a4e-8957-a70b339ce6e6,MDA,7520218,7520218,D01
fb20bcdc-24c0-4017-8bad-72fab21968d5,MDA,7520320,7520320,C04
fe1b1115-93f4-4c8c-9f15-f087027ccd02,MDA,7520607,7520607,A06
afecf440-d039-4572-8e7a-932f5f5378f5,MDA,7720203,7720203,A06
20aab63f-f7c4-43d9-9e73-f4f4308dac2d,MDA,7220201,7220201,D01
c2ee6c61-e965-46eb-8983-a147cb43ca0b,MDA,7220201,7220201,D09
7319e930-ad22-4674-af8d-925572934ba5,MDA,7220201,7220201,D10
c9261328-e25b-4ed4-937f-9eefad4df904,MDA,7220201,7220201,D14
7e3081c6-6ec3-4998-b293-c95f092911e1,MDA,7220201,7220201,D15
ba8cea93-00dd-4474-9d63-a1f71ed4d6a4,MDA,7220201,7220201,D66
a7ba0353-2296-4c0c-b6de-03e68bde63c9,MDA,7220201,7220201,D78
87114c84-3d0a-4416-8165-887a4d2e9db2,MDA,7220201,7220201,D96
18d8a70e-a10e-469d-bbcc-9e23b7b1f001,MDA,7220204,7220204,C00
ecb91c74-ebd7-43e2-bc3c-43e214a79318,MDA,7220204,7220204,C03
57d96389-e3a0-403a-b834-514b82614108,MDA,7220204,7220204,D01
02af59e6-23ac-4e3f-898e-eaca270f8ff0,MDA,7220204,7220204,D04
bd26beb0-3cf2-429e-9ce6-5a97308e136c,MDA,7220204,7220204,D09
f208a0e2-f5f7-4d14-90a1-682a98d3ec92,MDA,7220204,7220204,D14
3fe49817-10e8-42af-9ec9-8e3a382e5afc,MDA,7220204,7220204,D66
9febae14-f1eb-4a6d-a2ae-f1af93f60e2a,MDA,7220204,7220204,D78
023aed87-c1c4-4aab-87c8-7e8e529d3726,MDA,7340101,7340101,C04
73b16e4d-aabb-4639-b693-faa8d04543c1,MDA,7340101,7340101,D09
69e546a6-f06c-4196-89ae-6e09c56ecb4e,MDA,7340101,7340101,D10
4392c19d-b1f5-4fdb-b2f4-358e6b9873bc,MDA,7340101,7340101,D84
b206e287-1ee7-4c70-abd0-d627d55791ea,MDA,7340201,7340201,C01
c25ee9f2-9d71-442c-94c3-ea8659d199ee,MDA,7340201,7340201,D09
4433e3e1-588b-4970-acd1-4a028a8444c7,MDA,7340201,7340201,D10
b9c77e9f-3da6-4f16-864f-ec8635c9c92d,MDA,7340201,7340201,D84
cccc50a2-795a-4337-98c2-e8010d850af7,MDA,7340301,7340301,C01
fdabff2b-5184-4588-95ca-2830ad8b26a0,MDA,7340301,7340301,D09
a444941b-b719-460d-b26c-50a2efdac683,MDA,7340301,7340301,D10
81c30bfe-f6c9-4b52-80f0-807108b21b17,MDA,7340301,7340301,D84
26c504ac-341f-49f5-bc1b-364028c3183c,MDA,7440201,7440201,A04
7723b8e8-9b91-4f8d-a2bb-31a5dbbbac44,MDA,7440201,7440201,C01
8fa172e3-ff34-48dd-9064-5cd246b4e535,MDA,7440201,7440201,D10
42f668e5-0b23-45b1-b4dd-07541c20c2b2,MDA,7440229,7440229,A06
0bdc3778-01a1-49d3-8306-6ced005dcb06,MDA,7440229,7440229,B00
a0df43d0-3601-4ba7-89cc-443a51048895,MDA,7440229,7440229,B02
9eb38e3b-c962-4a0f-be50-389aaaddca59,MDA,7440229,7440229,B08
90c8b897-8fb0-4594-8dbc-3b7f1364ba15,MDA,7460108,7460108,X06
b1085109-ef6f-43c2-960f-158d75392315,MDA,7460108,7460108,X10
e552443f-097f-45e8-ae4a-d3293b732445,MDA,7460108,7460108,X26
fca7d964-e409-4e07-b1fb-3aee43637bfc,MDA,7460108,7460108,X27
c57d8db0-9a19-43ae-adb5-f67a44bf382e,MDA,7480201,7480201,X06
646b9f20-a46b-4efc-a870-3b56832735e5,MDA,7480201,7480201,X10
bd47869d-846f-4c12-89a2-c581cbc5cac3,MDA,7480201,7480201,X26
773edba7-ce3c-4843-80d0-960f9bf53a9f,MDA,7480201,7480201,X27
b750414b-672c-46d1-8f07-648e9b24880e,MDA,7480206,7480206,A01
ccfeddb0-8735-4942-a91a-85f1e1241550,MDA,7480206,7480206,C02
e1657ee5-e1de-41af-9a02-80ef79b06620,MDA,7480206,7480206,C03
5961c239-41e9-4dbe-a3e5-96b1a5180194,MDA,7510301,7510301,X06
eea260e9-bd1c-4013-9e09-f428938a0b5e,MDA,7510401,7510401,A02
fc06b30c-2bc0-4081-806b-4a25db99ed44,MDA,7510401,7510401,A05
ba734d9c-6137-427e-af06-8d8330ac4189,MDA,7510401,7510401,C02
0af8810d-50ce-4d9a-9458-45d5861f1f55,MDA,7510601,7510601,C04
4eb7ded9-2194-4dec-b4b5-0234c84d0de7,MDA,7510601,7510601,D09
f84b7037-46cf-4c18-bcb6-2df22193abc6,MDA,7510601,7510601,D10
d9b43205-9f2a-4b04-bb79-96055f0959c3,MDA,7510601,7510601,D84
c58b8cbd-169b-4c89-90a8-eedb96715a56,MDA,7520103,7520103,X06
215801e4-46d0-4340-ba05-b6404810b58c,MDA,7520107,7520107,A00
99f73477-8a4c-4ac6-b6fb-7fa50cd7bace,MDA,7520107,7520107,A01
a1ce4458-1159-4fc0-b248-1dc198132036,MDA,7520107,7520107,C01
ae985970-9fbf-4124-ab2c-7104fe57ac85,MDA,7520107,7520107,D01
27fde1da-ce68-4da3-8aad-e3ac6f631f06,MDA,7520107,7520107,X06
a823e55f-6e6d-4d97-91e8-3268ea292554,MDA,7520114,7520114,X06
8fa63258-1673-4224-9b2a-73e4ee29c218,MDA,7520116,7520116,X06
22c5dc65-6da7-4403-bb18-353bd1b79a45,MDA,7520121,7520121,A01
9100b328-30a8-4e2a-9ef2-e176aefdedb2,MDA,7520121,7520121,A04
1144dee5-be0a-4b88-9076-95ab366c9c5c,MDA,7520121,7520121,A09
6ec09be1-cda2-4697-950e-ee17a80e7ed3,MDA,7520121,7520121,B02
8b630dc3-0218-4b0d-ba28-d1689537f87d,MDA,7520121,7520121,C04
6bd9bd8f-5780-4c79-aae8-0a2faefd1a17,MDA,7520121,7520121,D01
85679c32-24ca-4f6b-a366-e46359bb9f5c,MDA,7520121,7520121,D10
257bdeb1-9426-431c-9f00-3d28e561ebc0,MDA,7520121,7520121,D84
a34eb9a9-6e14-42fa-a719-bde6262346ec,MDA,7520130,7520130,X06
4fed4ab2-cd98-4f55-a6e9-b8cc8e23a6ed,MDA,7520201,7520201,X06
58a8b4bc-0ce8-4735-a6ba-52ad1d220591,MDA,7520216,7520216,X06
5a5eee4e-2517-451c-a677-95facf5bf6be,MDA,7520301,7520301,A02
76e9ce43-9550-4196-9143-d486a5737583,MDA,7520301,7520301,A05
1a3cef47-b41c-44f8-a635-ef5fab0e1eaf,MDA,7520301,7520301,A06
641fb02c-9d04-4f7c-b5e1-ce985a6c2a6e,MDA,7520301,7520301,C02
bbf2a9d1-49b5-473f-8540-89fb226cf0ec,MDA,7520309,7520309,A00
4529755f-5ac8-427b-bf6f-a168a38ef8d6,MDA,7520309,7520309,A01
d37d9847-088d-4b8f-a4f5-26afb0db594e,MDA,7520309,7520309,A02
6e461c7f-f2ee-4a5f-b4e5-cad4cd49070c,MDA,7520309,7520309,A03
dc01e456-b38d-49da-b9e7-537e55453f11,MDA,7520309,7520309,A04
d19368ed-022c-4d70-86de-56f222cd96f1,MDA,7520309,7520309,A10
51e6ee6e-c73b-42c2-9df9-8e1df0755f44,MDA,7520309,7520309,C01
16c5210d-c966-4e09-9d2d-7ffbde3235f7,MDA,7520309,7520309,D01
f4c9f947-c576-4f38-a3ed-28b7a94bd59a,MDA,7520320,7520320,A04
bbcfd38a-59a4-4f6e-b761-4cf8304c9039,MDA,7520320,7520320,A09
f6bff3a8-3d1c-45ba-a078-54464ade49c2,MDA,7520320,7520320,C01
f15c5b1e-119a-4a46-96c3-fec7842d3078,MDA,7520501,7520501,C01
0d08db3c-0347-41bc-953c-ea473ce7b24e,MDA,7520501,7520501,C02
7c58b720-d48a-4947-a288-d61d22383f75,MDA,7520501,7520501,D07
1c440ddd-1efd-44c0-99f9-04a4d6fe3f95,MDA,7520501,7520501,D10
fb869f5b-faf6-4878-a906-8a3524fd7e1c,MDA,7520502,7520502,A06
b5f2154d-3030-4f99-a818-647315792adf,MDA,7520502,7520502,B00
acdbecfe-bc0f-46ff-948c-718b2bc07255,MDA,7520502,7520502,B02
5a9a8cd7-45e0-4b2e-8911-37f6f43546fe,MDA,7520502,7520502,B08
5bb8394a-3b56-4d07-9711-2a74cdfeb7d3,MDA,7520503,7520503,A01
dfedf254-3ebe-4273-841f-cac4c0173f37,MDA,7520505,7520505,A04
2941f200-a729-4719-a6e0-ef9319b1282e,MDA,7520505,7520505,C01
d7ac33f5-1eb3-4d19-9269-8d3d29ee071a,MDA,7520505,7520505,C02
75b79b7c-5d5a-4c2d-95b9-344997cb79ee,MDA,7520505,7520505,D15
c16dff85-f776-4b34-a07b-71e6178a49dd,MDA,7520601,7520601,B03
d66919c1-a685-4204-848a-2db30bb46e6e,MDA,7520601,7520601,C02
75f87925-7ba5-4b30-aa8a-f75f16d4cca6,MDA,7520601,7520601,C03
be5f7803-5890-4642-b8bb-c5d53f12a5ab,MDA,7520601,7520601,C04
f03e8451-df70-4d44-9d0d-d406dc9ebffe,MDA,7520601,7520601,D10
8015c4de-d7bb-47e9-9ae2-c28f0ccd25f9,MDA,7520604,7520604,B00
75f7f9d2-7960-4ee1-8505-a9ea32aad1f5,MDA,7520604,7520604,B02
e61e087a-9f4c-4176-a218-cf27be3e2b88,MDA,7520604,7520604,B08
f2877ad7-9d42-4926-a7bf-df8c1bd2c452,MDA,7520604,7520604,C02
0503ad75-edd5-4e7d-88b5-e0769c337171,MDA,7520605,7520605,B00
128b7f9b-b616-47c0-88f2-8fbbcfca9bd9,MDA,7520605,7520605,B02
a7ea8013-557c-430d-82b2-fddd0b29a55d,MDA,7520605,7520605,B08
2ffa2cde-5407-4bfa-b519-23afe797c1a4,MDA,7520605,7520605,C02
59d9a733-72f2-4e69-aa9d-caefc00146bb,MDA,7520606,7520606,A04
2cdfc0e6-645a-405e-9528-9fa015707c75,MDA,7520606,7520606,A06
56ec5e66-5689-4a70-a1e2-cfcb5755c99a,MDA,7520606,7520606,B00
5e6deb56-50dc-45d7-bf3e-b41f271db898,MDA,7520606,7520606,B02
887bdc00-7961-4fc7-a961-2ddf88cf89a1,MDA,7520606,7520606,B08
3f9c4a2b-2383-4a43-ac5c-0572b4f61323,MDA,7520607,7520607,B03
6df3c978-c764-4585-a64b-e0344f96ce37,MDA,7520607,7520607,C02
034dd80f-0147-4600-b9bc-d28009ff6c90,MDA,7520607,7520607,C03
3c73144a-8db2-4c99-899a-00757e94133b,MDA,7520607,7520607,C04
a2c53db2-ed6d-4229-96cb-5c267a4b7c77,MDA,7520607,7520607,D10
01c7cd47-0356-4952-830d-78fae9bdf794,MDA,7580106,7580106,A00
546c178c-a206-4980-be96-08bb37297d66,MDA,7580106,7580106,A07
eee2fc7b-879b-46e1-86aa-dd4ce79f4c37,MDA,7580106,7580106,C01
fcd990f4-594f-4170-8541-805102a98705,MDA,7580106,7580106,C02
2508a684-6a59-4a61-9991-c6f302ed5eb8,MDA,7580106,7580106,C04
481c464a-c5af-4f67-bd69-4d65f48fc8b6,MDA,7580106,7580106,D01
74e646cb-f78d-4a42-8e2f-5d38435553c4,MDA,7580106,7580106,D07
0d41edd0-9773-4c75-9e87-406ba1932994,MDA,7580106,7580106,D10
ea1a9c52-21ed-4f00-9b79-4f079e122d61,MDA,7580109,7580109,A01
7dcc3d16-5de5-4a0d-9291-82c58fe24643,MDA,7580109,7580109,C02
b5d27ac5-0dd6-448e-a329-fa0fc89e8447,MDA,7580109,7580109,C03
1c7c6822-6ea3-4e9f-b108-515849449406,MDA,7580201,7580201,A10
63ba6d41-6a2b-4a62-ae32-3c39adcddc8c,MDA,7580201,7580201,B04
08201e6c-0bfc-4c6b-b2e3-4f15e1e0eeeb,MDA,7580201,7580201,C02
26c00d6f-4248-4443-8073-8b90a0d1bfbd,MDA,7580204,7580204,A10
4cf2485f-0ba0-4700-920b-3abbdc0c2556,MDA,7580204,7580204,B04
220bec75-3c60-4c6a-b384-9d046ee86a59,MDA,7580204,7580204,C02
ddb8da4a-bb50-46c4-9993-88cc60db73ab,MDA,7580211,7580211,A02
f7da5aca-2f51-4d99-a8dd-057030adf906,MDA,7580211,7580211,C02
9c1e7fbd-d84b-41d5-acb4-5739dacde880,MDA,7580211,7580211,D07
d289468c-fdfb-4bb2-85d5-32098db3258e,MDA,7580211,7580211,D10
b9e39839-c60f-429b-9761-b02b5f31196e,MDA,7580212,7580212,A04
e9e01b21-f152-4275-933b-385616f182f6,MDA,7580212,7580212,C01
c58c4779-0a8e-41a9-998d-c51a5f229fd3,MDA,7580212,7580212,C02
50c1125d-9350-4f66-a1b0-722337a26f06,MDA,7580212,7580212,D07
223b2d84-a571-4c15-879f-7b6d41fabc55,MDA,7580302,7580302,A10
3df917a7-6f19-422b-9f42-6fea073701fc,MDA,7580302,7580302,B04
716705fd-314d-4042-a73c-871d293b8fad,MDA,7580302,7580302,C01
9892a0ab-7361-4bae-b6b5-0d67c6ccdba4,MDA,7580302,7580302,C02
93111248-74e7-44d8-a46b-ae29ae4387e4,MDA,7720203,7720203,A11
dcda0222-99d3-4589-879a-9c0bb1d7b761,MDA,7720203,7720203,C02
ed72a83a-4ec2-4dd1-a0bb-fd8334eb9a77,MDA,7720203,7720203,D01
816b0ea9-1321-4e11-b3be-f33b90269ecf,MDA,7810105,7810105,A04
d36a23e9-c969-4dfb-9f1f-fb557eded035,MDA,7810105,7810105,A06
a593bdac-67eb-432a-afca-9fca991ddbf4,MDA,7810105,7810105,A07
fdf011e6-7b1e-4098-b808-a8f3ab26b211,MDA,7810105,7810105,C03
e8a68405-db40-4c5c-aadc-40b53432ca9f,MDA,7850101,7850101,A07
ceb28aeb-aad6-4e45-8a1a-4935421e8c66,MDA,7850101,7850101,A09
be4a4976-1afb-4602-9294-6f0c038efcb4,MDA,7850101,7850101,C14
2a2b0364-54af-4a4a-ae23-3591dfdbe44d,MDA,7850101,7850101,D10
b77763f7-0be8-4ecb-a556-4ba4c54f37c5,MDA,7850103,7850103,A09
b26fef7a-8715-4e26-ac67-747518682a3a,MDA,7850103,7850103,D10
be592b68-1296-4eac-a1a1-82cde2e1c388,MDA,7850196,7850196,A00
64b15b82-bafd-4da8-9d06-4fbc7be24b02,MDA,7850196,7850196,A01
aaccfc61-27df-43c6-862b-8c07477cc43e,MDA,7850196,7850196,A04
c66c3084-2515-4c28-adaa-152f425d83dc,MDA,7850196,7850196,A06
029f045a-6a1b-43b1-b09d-1c9adad6338b,MDA,7850196,7850196,B00
e11af152-1707-4453-b813-42dfb132db81,MDA,7850196,7850196,C04
3031ee29-7a25-43bf-a3d4-559a59f8f011,MDA,7850196,7850196,D01
f66f7267-bd72-41f1-836e-1725b30fce32,MDA,7850196,7850196,D10
01ea1360-a9e1-4f24-94c2-c5fe4be68a5a,MDA,7850202,7850202,B03
f7b53291-888e-4efc-b8da-a706476868df,MDA,7850202,7850202,C02
6a1ecd52-0ddb-4000-a14b-637f45fb1dec,MDA,7850202,7850202,C03
5f4ddabe-5022-417f-8c2f-a3ed5043171c,MDA,7850202,7850202,C04
41f3a18f-6f7d-436e-b0a1-9abe1e5aaeb7,MDA,7850202,7850202,D10
02e5fc83-83f2-4b63-b762-fee11b0fa089,MDA,7440229,7440229,K00
a34c49cd-68b7-421a-976b-bc11639fa7e2,MDA,7440229,7440229,K01
d618d1da-e0db-4fdc-9cb6-5ff2ead6d27f,MDA,7440229,7440229,K02
4ec8a773-ba68-49bb-a991-c07d8f38cea8,MDA,7460108,7460108,K00
f79b411b-d177-4dc8-8e1d-e0c0f72908b9,MDA,7460108,7460108,K01
0514926f-126f-4266-bb45-63b7089d0a31,MDA,7460108,7460108,K02
f6f7a0d0-7b13-46c9-b272-3e9302549c3b,MDA,7480201,7480201,K00
2a10d3ac-908e-482c-86fa-1876f2817fd0,MDA,7480201,7480201,K01
45454960-1847-4615-a4f6-840722529520,MDA,7480201,7480201,K02
b6478f1f-ebd3-49b4-9166-5a06773ced89,MDA,7480201_CLC,7480201_CLC,K00
aa71770c-3a32-4590-a9ae-37b1fec209fb,MDA,7480201_CLC,7480201_CLC,K01
22c902fe-3827-4e17-b7cc-1f245d5af988,MDA,7480201_CLC,7480201_CLC,K02
24f79ab4-2aee-4b8b-96ea-abe9a5ba0809,MDA,7510301,7510301,K00
c3d6bff8-e6f3-49b1-acf6-dec36c0736e2,MDA,7510301,7510301,K01
d15fd2b1-cee9-49ed-8615-f31678abb728,MDA,7510301,7510301,K02
d3007753-7512-43bb-9850-5ae3bf5c1509,MDA,7510401,7510401,K00
d3d48688-48c0-46e6-b1f8-51d1cd8b32a2,MDA,7510401,7510401,K01
f31065ff-8a15-430f-acea-011509578d70,MDA,7510401,7510401,K02
303d8ce9-7f74-45ab-98f0-1e34e5b4ebe7,MDA,7520103,7520103,K00
88c81d3b-64fc-4f42-881d-1d3a4150680a,MDA,7520103,7520103,K01
5feca4e6-d5bd-4d94-b4e7-975d264ab338,MDA,7520103,7520103,K02
848353b0-24d6-4851-9371-2bf3296f0ac1,MDA,7520114,7520114,K00
b46c9c09-0b9e-4055-95d0-e00a617baa4d,MDA,7520114,7520114,K01
69e1c10e-280f-4d7d-a197-0dc4277e83d9,MDA,7520114,7520114,K02
7940a4a1-e18a-4e00-948c-b0871f0b516c,MDA,7520116,7520116,K00
17d3ff4b-3208-4b93-ac7f-722b78ed18d5,MDA,7520116,7520116,K01
1534a89b-4d45-437f-ae99-8f4b60e99a01,MDA,7520116,7520116,K02
1beac6bd-5027-4815-8eef-6d924b2aad81,MDA,7520130,7520130,K00
b95d2197-0b5d-4a8c-8fb9-f2e106f05e47,MDA,7520130,7520130,K01
64354619-f3fb-4f78-8c52-0270a95cb7c3,MDA,7520130,7520130,K02
313365fd-da9b-48d2-a66c-b2e3f3c88843,MDA,7520201,7520201,K00
e87b7165-76d9-416a-b0c0-4fc49d2aac3d,MDA,7520201,7520201,K01
939601a0-3496-4b27-983a-339e07fc9ebc,MDA,7520201,7520201,K02
d809124d-7d2a-4c9b-b672-8c11fe104982,MDA,7520216,7520216,K00
684bafaf-0a92-4985-a971-d1713b0994b5,MDA,7520216,7520216,K01
2bb888ac-8265-4dd4-ab59-b1a015ff3f07,MDA,7520216,7520216,K02
18b1a307-d8bf-4245-b1e5-53b73c0449b8,MDA,7520218,7520218,K00
4e6bd5a0-61e5-4a6b-8702-062d2a4b62c1,MDA,7520218,7520218,K01
1c8982ba-02de-4af9-853a-d67dbe863ae0,MDA,7520218,7520218,K02
b01bf0a6-76a9-454f-aede-be5a54fa2529,MDA,7520301,7520301,K00
58f90731-eec7-438c-bc4d-a84834703bf2,MDA,7520301,7520301,K01
23514e25-16e5-475a-b3b0-c11f5212001d,MDA,7520301,7520301,K02
c8ec21f3-0d75-4d35-beb5-8252b0d0576f,MDA,7520502,7520502,K00
ef2eefae-b845-43ec-bbb0-8d77d04975f9,MDA,7520502,7520502,K01
e2455947-dbc5-42d7-aeb7-18fa4102c773,MDA,7520502,7520502,K02
7d2b6835-24af-4374-84a5-8d74c1a3801d,MDA,7520601,7520601,K00
787a3b6d-71f8-41e6-bde8-a1c895bfd846,MDA,7520601,7520601,K01
12e60519-8583-4ed1-a058-e5008d833ea9,MDA,7520601,7520601,K02
73cce327-3b0e-4010-a019-ca8e90f4b52e,MDA,7520604,7520604,K00
06314043-3fa8-4021-9a5c-300f7645a9e9,MDA,7520604,7520604,K01
2255cd69-e0a5-4559-88d1-85ab54f62e9f,MDA,7520604,7520604,K02
73440e35-e728-4e9a-8718-630beff659fb,MDA,7520605,7520605,K00
555fa510-6fac-4d5c-81b7-742e04ed5c32,MDA,7520605,7520605,K01
b326475d-aa43-4b43-b803-1708f48c59ad,MDA,7520605,7520605,K02
a688e96a-252f-4e34-8458-f27b9ed473b9,MDA,7520606,7520606,K00
f87a5765-ecbc-4141-9f29-aeaf44dc4027,MDA,7520606,7520606,K01
2738568e-d2f5-448b-aeb8-f27b231770da,MDA,7520606,7520606,K02
19674b43-798a-4f8e-b89e-661acce78b0c,MDA,7520607,7520607,K00
4f42cf19-460f-4bb2-be8b-0ad4a1661d61,MDA,7520607,7520607,K01
42c57be0-5bbd-4251-8d5d-cbfc02fd7d76,MDA,7520607,7520607,K02
f463cf7a-93da-4413-9a16-cbd538347f1e,MDA,7580201,7580201,K00
aa21fb41-bbb6-4896-baaa-31e26307e24c,MDA,7580201,7580201,K01
45505569-bca4-4c2e-adc2-57d512c0e85e,MDA,7580201,7580201,K02
62f4e79a-4ac6-425b-b2fb-304d61781fcb,MDA,7580204,7580204,K00
571ca8fc-a9f7-43e4-be29-08eaa61a9c4f,MDA,7580204,7580204,K01
bba8d790-1395-45f6-82c4-38f377b76b86,MDA,7580204,7580204,K02
65633d42-6a83-4bd0-b1c9-099b8dff3b5d,MDA,7580205,7580205,K00
6513d2b6-110e-4dc1-be85-bc7b6777cfd8,MDA,7580205,7580205,K01
bba1f449-3ca5-4d92-b203-71c087abb767,MDA,7580205,7580205,K02
786faa28-9d2d-47af-8182-7203574bb9dd,MDA,7580302,7580302,K00
7c556cbb-2657-446c-bb43-435c6e9869bd,MDA,7580302,7580302,K01
22658845-6c70-40d5-a860-3fbc33003c3d,MDA,7580302,7580302,K02
6e2a21f4-2b63-4b1d-b9d4-1f69dad08077,MDA,7720203,7720203,K00
7bbb0e46-6f23-4710-9467-9c64157a1b30,MDA,7720203,7720203,K01
07c2c013-4096-4664-bbdc-ba060628ffbd,MDA,7720203,7720203,K02
159ebf49-2fe4-47b5-bb02-2a2fd5595192,MDA,7850103,7850103,K00
98fac510-4b1f-40a8-bd10-04b92d2b0ab3,MDA,7850103,7850103,K01
7e2b8f6e-928a-429c-9b2d-636ca7fb0f02,MDA,7850103,7850103,K02
b75688b9-0477-46a4-8fd9-d628812c102e,MDA,7850202,7850202,K00
2cec7118-edc2-4b0b-9383-4367a3542b34,MDA,7850202,7850202,K01
8ff03a2f-ead5-4c6e-a936-d354df045a2f,MDA,7850202,7850202,K02
dd6c9e97-d51c-4052-b81e-c60a1ea59063,TLA,TLA101,TLA101,A00
a7a230e7-29a9-4908-97f4-49d48f2bbeab,TLA,TLA101,TLA101,A01
cc6f6ef8-a3eb-4bf6-aff9-eeb76cac92fb,TLA,TLA101,TLA101,D01
051a8891-29fe-4414-bb2b-c8969a42a49e,TLA,TLA101,TLA101,D07
fd98748d-ceb9-451b-9edb-8f2b2cb24b89,TLA,TLA102,TLA102,A00
1c066633-cea6-4258-a003-437426a53e5b,TLA,TLA102,TLA102,A01
478b6c46-adc6-4348-bc6c-b066f1cd3d22,TLA,TLA102,TLA102,D01
ec75eec3-2913-4545-9272-4098ff3e8169,TLA,TLA102,TLA102,D07
1cd3b257-6974-4cea-97fd-d7ec8773bc8e,TLA,TLA103,TLA103,A00
07bf72b4-aeeb-4147-a28d-f3515e796b03,TLA,TLA103,TLA103,A01
89cd0595-59ac-4fd5-82c5-1ddb976bc5ed,TLA,TLA103,TLA103,D01
8f44e9cf-5010-466a-a6ec-73b439b33698,TLA,TLA103,TLA103,D07
87b27e2c-13f5-405b-b360-732821503abc,TLA,TLA104,TLA104,A00
fa356f2f-8bda-48f6-a113-f2fdc6f575f7,TLA,TLA104,TLA104,A01
d6f06a25-2dd8-4a2b-ad7e-91e4ea5f12ad,TLA,TLA104,TLA104,D01
a117d77c-7eae-4d91-9ab4-d4047249df91,TLA,TLA104,TLA104,D07
8cebde85-929f-47ec-9c0e-b21e86b8bfe7,TLA,TLA105,TLA105,A00
75f252da-91cf-44ed-b1ec-6c4fcf4c8a84,TLA,TLA105,TLA105,A01
938971e1-cff9-4f55-8eb6-fd15cc79b81b,TLA,TLA105,TLA105,D01
50af32b3-4e45-48bc-9a39-5e2361ce16aa,TLA,TLA105,TLA105,D07
550ed7ef-4268-441b-97e1-c1f1b35f03c5,TLA,TLA106,TLA106,A00
ba94ee1c-7881-414e-a70c-4584794896fe,TLA,TLA106,TLA106,A01
b5784505-e38d-4627-85d9-cc2d064ce6f7,TLA,TLA106,TLA106,D01
002d3fe3-38c3-4581-ace8-ab860876f5d3,TLA,TLA106,TLA106,D07
2deadf7e-6207-436c-9804-d4e59a7bc0d3,TLA,TLA107,TLA107,A00
aeba20ce-5dd3-4ae9-9eb3-0034ef36a14c,TLA,TLA107,TLA107,A01
7dd93716-0dc9-4921-a024-d0d959c44a9d,TLA,TLA107,TLA107,D01
81c0597a-8d0c-40bf-99f6-dd05b6b4432a,TLA,TLA107,TLA107,D07
f93ef98a-e186-4a65-a010-fb556713a10e,TLA,TLA109,TLA109,A00
058495da-4eef-4438-bb92-d7966701cb6d,TLA,TLA109,TLA109,A01
25a3cf82-a7e6-42e2-8be5-33669288b389,TLA,TLA109,TLA109,B00
bc04d68f-0267-4238-875d-3a75ec37d5d1,TLA,TLA109,TLA109,D01
a7b26088-0b5e-4197-912d-af65d917fb66,TLA,TLA110,TLA110,A00
db95aa3f-322f-4355-af10-87235b0a9186,TLA,TLA110,TLA110,A01
85695ec3-76d5-4905-bcc5-809bd796a3a3,TLA,TLA110,TLA110,D01
dda96efa-f6fb-490f-9b4e-9d78b1956e12,TLA,TLA110,TLA110,D07
fd74a46b-6d0b-4cbd-9a19-86d2293f0ae0,TLA,TLA111,TLA111,A00
a49c7fae-c5dd-4a7c-8df5-6b73657b66d0,TLA,TLA111,TLA111,A01
f44e422e-d80c-4e8a-afef-852df9cd15de,TLA,TLA111,TLA111,D01
5b0d83f1-567e-4a78-995d-d8efb00b1e95,TLA,TLA111,TLA111,D07
eeacdf73-1fd1-4ed1-af66-20453203c691,TLA,TLA112,TLA112,A00
388b369d-a12c-44cc-8729-20b6e4640658,TLA,TLA112,TLA112,A01
cb4a0407-2a28-41f3-a3bf-63837b9662f0,TLA,TLA112,TLA112,D01
364ab30f-26ec-46a6-a4ea-88340e2e800f,TLA,TLA112,TLA112,D07
dd0892a7-7041-4a83-822c-8b2a13e5bafe,TLA,TLA113,TLA113,A00
1d345263-b878-4b7a-a9c3-b37e3ffd27b2,TLA,TLA113,TLA113,A01
77037304-bb9c-471e-9d07-eed26ca7094c,TLA,TLA113,TLA113,D01
95b4de39-7949-4f30-9ada-ec119403ba86,TLA,TLA113,TLA113,D07
3fd18eff-6c80-43dc-81d7-5744ceb421e6,TLA,TLA114,TLA114,A00
46a19c59-1607-4d03-82d7-96e605039921,TLA,TLA114,TLA114,A01
a2611a95-9148-474e-ba25-20a7acb1b1b6,TLA,TLA114,TLA114,D01
1c6d051f-9abd-4fd1-819d-3b1127fa2847,TLA,TLA114,TLA114,D07
aec8d5a2-57e8-4ff6-aff7-8633076c2cfe,TLA,TLA116,TLA116,A00
6f11aa57-e47e-47d7-aa32-6686284412df,TLA,TLA116,TLA116,A01
8be018e0-7042-48fb-9a07-226ecabe67bc,TLA,TLA116,TLA116,D01
f25b2b4e-2a9f-4524-b109-af74167495e5,TLA,TLA116,TLA116,D07
864b2a6c-6e98-4d5e-8384-fb98c66bbba8,TLA,TLA117,TLA117,A00
044b128b-41dd-4fd0-9d29-cf8596f29771,TLA,TLA117,TLA117,A01
8081d2fc-0d27-4051-9b8c-5f52409578c0,TLA,TLA117,TLA117,D01
ce223539-27cf-4a85-bbf0-ca5b233ce67c,TLA,TLA117,TLA117,D07
32aaa0d7-2624-4249-b59b-104df0486419,TLA,TLA118,TLA118,A00
a864668c-91b6-4321-a8e3-75aea095b3ff,TLA,TLA118,TLA118,B00
0cba1e03-6424-4501-ac10-af77f0fff4f5,TLA,TLA118,TLA118,D07
cbf0bb19-f90a-4526-bb30-423d54743e8e,TLA,TLA119,TLA119,A00
3224cdc2-d368-4aba-af68-f130f1420ee9,TLA,TLA119,TLA119,A02
0abe61db-2c9f-4cfc-a4ea-01e45443fada,TLA,TLA119,TLA119,B00
844214cd-be39-486d-8a01-d637785baa09,TLA,TLA119,TLA119,D08
1fc1c844-e5a2-4d12-902f-12ca39b15e00,TLA,TLA120,TLA120,A00
7ae56c47-fdbd-4af2-b47a-385047dbc684,TLA,TLA120,TLA120,A01
7c67c6b4-744d-4c44-b5b7-15ca2e1ae580,TLA,TLA120,TLA120,D01
cf6baa85-72b0-4c66-8923-f1901ab6e445,TLA,TLA120,TLA120,D07
673ca00d-bde1-4c97-b1a9-257d74924210,TLA,TLA121,TLA121,A00
1b45376e-e725-4fe3-b525-dce8da227d3a,TLA,TLA121,TLA121,A01
7fd188a6-e31d-44db-9aa4-3d44e0f67d47,TLA,TLA121,TLA121,D01
a944345a-6554-40da-8165-98ce18658b58,TLA,TLA121,TLA121,D07
ea72a9af-1c70-4d6b-a197-e0a7db668020,TLA,TLA123,TLA123,A00
a7227cc5-9471-438d-b393-f3a62e77596b,TLA,TLA123,TLA123,A01
138f2176-3e9b-42cb-83f3-683fa3f95754,TLA,TLA123,TLA123,D01
fd933ee6-2065-443a-8671-b0a44927a685,TLA,TLA123,TLA123,D07
54a10ba1-3d72-4725-b89b-86b2aa5caf9a,TLA,TLA124,TLA124,A00
364f2222-592e-491e-ae7a-3d2e98a632d3,TLA,TLA124,TLA124,A01
1e8d65ea-6f71-428a-9064-8e34f143ac16,TLA,TLA124,TLA124,D01
ba2e57e5-2ffe-4aba-b7e8-1eee8ba17d2f,TLA,TLA124,TLA124,D07
01074754-49ab-4f68-91ee-504a661a0e0c,TLA,TLA126,TLA126,A00
b3440f0f-f358-453e-b707-59ef0b0cb604,TLA,TLA126,TLA126,A01
6fd02ac2-e986-4af3-b706-4270b5ca61ff,TLA,TLA126,TLA126,D01
73b3adf8-7e9b-4888-b090-e8b5f09ee30d,TLA,TLA126,TLA126,D07
37ed0fa1-a5c3-4efb-8efb-b51894cd46af,TLA,TLA201,TLA201,A00
71a27dff-e006-4d9c-ad65-abf295d19e85,TLA,TLA201,TLA201,A01
7ddb73af-2c13-439e-b1d8-ea74567e3101,TLA,TLA201,TLA201,D01
4edb3c7f-6d0f-4dad-8fd1-5cdfc4e0c973,TLA,TLA201,TLA201,D07
777ecc43-0fb4-4613-b1bb-3aac38edf73a,TLA,TLA203,TLA203,A01
0356d0e2-482d-4df9-ad9c-cddf9a051621,TLA,TLA203,TLA203,D01
a3536007-1383-4de0-83f5-3620f1b739a6,TLA,TLA203,TLA203,D07
c548efe1-2ec3-4fc7-9e6f-bff5eb895a50,TLA,TLA203,TLA203,D08
260e32af-edcd-4122-8e96-b8b3811b4bc9,TLA,TLA401,TLA401,A00
92a6dd8a-5643-4d02-9f4f-605e360c3ffa,TLA,TLA401,TLA401,A01
c113b93a-5013-4103-a0a8-d98fb838bc73,TLA,TLA401,TLA401,D01
5123c248-2d99-496e-af6d-90ef3359f51d,TLA,TLA401,TLA401,D07
157e319a-2c4e-48e3-8d25-f01b95b6e5a4,TLA,TLA402,TLA402,A00
b76fe0ca-140a-4ee6-85eb-c3c3c02c8862,TLA,TLA402,TLA402,A01
e400c412-1f30-4697-a89f-75f315b09c97,TLA,TLA402,TLA402,D01
ad0f14a6-3325-4c6a-905b-0a692113d8e9,TLA,TLA402,TLA402,D07
ca2b7637-fccf-4c27-8712-eed33f77e8fc,TLA,TLA403,TLA403,A00
a13d5ab5-7d6e-4fbd-9fd3-5928bd31b0fa,TLA,TLA403,TLA403,A01
820f0710-b720-4ff8-9fe7-7431d9b27d19,TLA,TLA403,TLA403,D01
1fd7c79e-68ea-419d-bf51-e8a976b70e83,TLA,TLA403,TLA403,D07
a022d325-a6f9-4084-9129-46fc2f208c6e,TLA,TLA404,TLA404,A00
a20b7601-8811-47e8-be6f-35d753d2cf87,TLA,TLA404,TLA404,A01
a4a48e6d-78d1-4bd9-b6eb-bcd35f0c2924,TLA,TLA404,TLA404,D01
459fce39-2e2b-40e5-8fad-6ddc29f514bf,TLA,TLA404,TLA404,D07
e6ea421a-0e9e-4607-bc3c-f25469ea46c9,TLA,TLA405,TLA405,A00
056105b6-b174-4c69-9631-0d508781cfe4,TLA,TLA405,TLA405,A01
b6f752af-5fd2-4673-bdc5-854b8a4c24de,TLA,TLA405,TLA405,D01
a83edbc6-3b76-4e60-b61e-739e6d195bf3,TLA,TLA405,TLA405,D07
ff090889-c5c1-4de5-8299-5a21f0997fb5,TLA,TLA406,TLA406,A00
6befc5c0-543d-4ac1-b678-6c76b2aa7999,TLA,TLA406,TLA406,A01
a649d8d3-eb32-4e29-a7ab-fdbbe7244175,TLA,TLA406,TLA406,D01
18990a99-cbe5-48e6-8084-490beead717e,TLA,TLA406,TLA406,D07
0d017069-f5e8-43ca-9990-2863bd3da667,TLA,TLA407,TLA407,A00
7f23f6b1-9017-4fb5-a806-88d6b12e5d68,TLA,TLA407,TLA407,A01
ddb53d52-b3f2-4697-8153-ccd5e890cc84,TLA,TLA407,TLA407,D01
8fe5f90c-fbf8-4155-8442-7565e6b21d6c,TLA,TLA407,TLA407,D07
4fe6ab50-4c2b-4ce8-a328-8cb12bcca507,TLA,TLA127,TLA127,A00
eafc22a0-a658-45d2-964b-e057b44c25b6,TLA,TLA127,TLA127,A01
155807ad-70c2-49dc-88eb-e9b92d9db5a6,TLA,TLA127,TLA127,D01
ddaf527f-8073-451b-9811-86cf2777b3e2,TLA,TLA127,TLA127,D07
4cb9ce2b-7b8f-4153-a721-bb7031b01637,TLA,TLA128,TLA128,A00
e97119ab-6cfc-4fe8-afa5-166a93956ab8,TLA,TLA128,TLA128,A01
c95252c7-86d6-4cbc-b954-285ed4437af6,TLA,TLA128,TLA128,D01
2f4efed9-7402-427d-ab53-d305c9ae21c3,TLA,TLA128,TLA128,D07
ed59c45c-8606-4c3b-9fb3-93bb1277eaed,TLA,TLA301,TLA301,A00
9f42c52d-012e-465b-b0c0-2adfd0ee3a59,TLA,TLA301,TLA301,A01
f48099ca-b72a-49b7-a751-28846cf1a67e,TLA,TLA301,TLA301,C00
a939c184-b9d5-467b-b71d-49699d3579d3,TLA,TLA301,TLA301,D01
ef5ededd-96f9-43aa-ad28-5d9020db680d,TLA,TLA408,TLA408,A00
ca50b648-f52d-4d73-9f9b-8958a4b5aa19,TLA,TLA408,TLA408,A01
3b4c249f-e6ad-4aae-899a-5c47ed8c0b9e,TLA,TLA408,TLA408,D01
ba687e2c-ebd5-42ea-b6e7-1f51c319dbfb,TLA,TLA408,TLA408,D07
c4a53222-40a2-4320-8c87-b6e905f9d580,TLA,TLA409,TLA409,A00
7be0228a-a7ed-4b3d-8669-543ca39b3068,TLA,TLA409,TLA409,A01
7e91df67-6fe5-4dfe-98cb-21c82bdcfb01,TLA,TLA409,TLA409,D01
b90e954c-ddf8-48af-b18b-652f23885d36,TLA,TLA409,TLA409,D07
0bf2db53-12f0-4c9f-bec3-6228bdce6faa,TLA,TLA410,TLA410,A00
0520da80-cecd-4254-b506-6e5a3112ff83,TLA,TLA410,TLA410,A01
f7de606d-e2e8-4457-a385-87c7a752658a,TLA,TLA410,TLA410,D01
81390118-7e36-4f8e-90f0-2cb872c59969,TLA,TLA410,TLA410,D07
1b71316d-73da-432f-9199-ffba3937f998,TLA,TLA204,TLA204,A01
010bb155-aeab-4bc5-baeb-3b1492158bf9,TLA,TLA204,TLA204,D01
4fabf084-bf2e-403e-9016-1da1b6c80dc2,TLA,TLA204,TLA204,D04
625dea9e-6d37-49c2-ac87-786a66de7b7d,TLA,TLA204,TLA204,D07
8e2c94b1-bfa9-4d1b-bd0a-bb0f8b9f6625,TLA,TLA302,TLA302,A00
ea41b870-3111-4f6a-a25f-3e4423aeb745,TLA,TLA302,TLA302,A01
985d0bc9-1a44-476d-964d-9c47f74d6d0f,TLA,TLA302,TLA302,C00
6787c5ce-d092-4e1a-8d54-95ae6c45f189,TLA,TLA302,TLA302,D01
8bd4f1fc-4882-4c86-865f-2c3999758cf9,TLA,TLA109,TLA109,D07
a9fa440b-5aef-4159-927d-97feadd049b7,TLA,TLA118,TLA118,C02
e9738d95-4ded-4a57-acc4-a35b6f7015db,TLA,TLA202,TLA202,A00
15e186d8-aa14-4bd9-ba9a-a93d56a54e0d,TLA,TLA202,TLA202,A01
1fd0e842-e672-41ab-a6b6-9409fd89e229,TLA,TLA202,TLA202,D01
7c2add5e-367f-4a56-a0af-fe9584668223,TLA,TLA202,TLA202,D07
7a8ba456-3bc6-46a6-8439-84a39fb734ff,TLA,TLA406,TLA406,D09
d3aa7217-b8d4-4fae-ac8d-588f0f0a83d2,TLA,TLA406,TLA406,D10
ffd1d1bc-8727-4c31-b789-e3252ef1aaa7,TLA,TLA101,TLA101,C01
427a129e-7377-4b16-afcb-d971f4779419,TLA,TLA101,TLA101,C02
a83c9d98-2f47-43f7-9f2c-3cce5a077585,TLA,TLA101,TLA101,X02
bcfa82b3-475e-4ffc-83dd-65180563f4aa,TLA,TLA101,TLA101,X06
7d6ccdc9-b5bb-4f70-8e80-f61391b8b869,TLA,TLA102,TLA102,C01
eef9e130-65a4-4be9-b95e-e100a7a4144e,TLA,TLA102,TLA102,C02
11d3651c-6cdc-45f2-9e76-c8542a26e658,TLA,TLA102,TLA102,X02
687d7535-619f-4a7e-b5cb-eff022be8e23,TLA,TLA102,TLA102,X06
a8beeaa3-1fef-4ecb-835e-52c4536e359a,TLA,TLA103,TLA103,C01
454143fe-e11f-4ee7-b954-38fe1bf89240,TLA,TLA103,TLA103,C02
fd0cbe9d-ccf6-4dc9-a4d2-55fab1848012,TLA,TLA103,TLA103,X02
cec5b9b7-fa50-440a-9427-b6f850f55820,TLA,TLA103,TLA103,X06
c35a9b00-b1de-478c-a06e-6302d93356ea,TLA,TLA104,TLA104,C01
e787ea63-4eaf-4d8f-8dee-700f884e1640,TLA,TLA104,TLA104,C02
ec5b741b-2011-434c-9c82-645472db7482,TLA,TLA104,TLA104,X02
b1b3a3ac-ae96-43fa-8bbe-5bdf47c7d434,TLA,TLA104,TLA104,X06
771c33bb-546f-4ffb-ac4b-b27756a96497,TLA,TLA105,TLA105,C01
30143f62-9bc8-43e7-8cdb-f294fff6dbd6,TLA,TLA105,TLA105,X02
508781c9-d61f-421a-9f7c-f33962481c12,TLA,TLA105,TLA105,X06
18593282-c9ba-4963-9df5-74cad488c1eb,TLA,TLA105,TLA105,X26
52f9270b-ff52-4213-af7c-8a9b5ae31963,TLA,TLA106,TLA106,C01
c39178ca-9cf5-4e16-9293-e91a0f6cdf10,TLA,TLA106,TLA106,X02
2130c76c-a487-4b83-9036-20d3312714e3,TLA,TLA106,TLA106,X06
d41c986b-93f7-41ba-8de8-5ec2ac9ff312,TLA,TLA106,TLA106,X26
4664e1db-f698-4ca7-8e10-3c823f448392,TLA,TLA107,TLA107,C01
38052970-e1ea-43e4-adbe-89bb2904d820,TLA,TLA107,TLA107,C02
b0feb837-10ab-4dd4-bc30-669314b6e60b,TLA,TLA107,TLA107,X02
b163caca-d776-4cb5-8519-a561a322ab69,TLA,TLA107,TLA107,X06
a86cb275-efe7-458a-afa2-c2d04ae14d03,TLA,TLA109,TLA109,C01
1d12f3fd-e8e2-4800-8fa7-8712672ddd1d,TLA,TLA109,TLA109,C02
6c1e72df-cdeb-4875-8373-b3a053c379b9,TLA,TLA109,TLA109,X02
def84681-a176-450c-942a-83c5a4dc2839,TLA,TLA109,TLA109,X10
de44d836-f8b0-4889-aacb-63a4ae829151,TLA,TLA110,TLA110,C01
663a3e15-d921-4be2-9643-cf3b8bbc6518,TLA,TLA110,TLA110,C02
3e0c548f-a1a6-4044-95f5-8a9793845857,TLA,TLA110,TLA110,X02
df3296e4-31b2-4a28-966c-9d1b174b70a1,TLA,TLA110,TLA110,X06
367cdf07-6831-4146-9b51-40bb276fa8e2,TLA,TLA111,TLA111,C01
db242700-1049-412f-9cac-e00acba21690,TLA,TLA111,TLA111,C02
79c4d7a0-903f-4b81-a29e-dcd7ce02cc83,TLA,TLA111,TLA111,X02
5a582db8-abd7-49b0-9441-2eefba98aea4,TLA,TLA111,TLA111,X06
f2293ffc-7613-496f-b449-62487d6bf292,TLA,TLA112,TLA112,C01
6aacca5e-a2d5-42cd-b4a4-114feb5dc3f8,TLA,TLA112,TLA112,X02
efd96825-7656-4c9b-8c2e-ec78d5a89d5e,TLA,TLA112,TLA112,X06
bf55d801-43f3-409c-9ee2-d7ddf34e1232,TLA,TLA112,TLA112,X26
e1968bc2-6109-45b7-a467-1f84f98a464e,TLA,TLA113,TLA113,C01
b667c30b-963f-4c94-a924-ad5e8bdea1ee,TLA,TLA113,TLA113,C02
6e0c5e72-2ffa-48b7-8556-3cccfd885b52,TLA,TLA113,TLA113,X02
f8163586-9fcf-442a-b21c-93c681f57586,TLA,TLA113,TLA113,X06
63057387-3d64-4934-81a4-1f9e31649a57,TLA,TLA114,TLA114,C01
8e6c5ab3-2d47-484d-93e1-b2bea8ab662d,TLA,TLA114,TLA114,C02
06e82831-a25e-42a2-b31d-31be2d51ec28,TLA,TLA114,TLA114,X02
8d18d47c-3f67-46ba-9f3e-e2700eaba9e7,TLA,TLA114,TLA114,X06
5cb758d9-8ec7-4d47-9033-c398f9339991,TLA,TLA116,TLA116,C01
061bde70-2e46-4d45-a76e-97731df54d59,TLA,TLA116,TLA116,X02
90881a72-abe4-4eba-9d6e-deb53f44afc1,TLA,TLA116,TLA116,X06
46968a7f-9565-401e-8821-313f8d37fa79,TLA,TLA116,TLA116,X26
5cf3212e-0b11-4831-b83a-b116d0a702e1,TLA,TLA117,TLA117,C01
1bf552b9-ebc4-4bcf-b656-4b3edd93d1f4,TLA,TLA117,TLA117,X02
f28ff2ce-5d53-48eb-a7a0-7a0e7551e893,TLA,TLA117,TLA117,X06
f35e4314-c256-41f4-89a9-4ca272586074,TLA,TLA117,TLA117,X26
c916688e-103b-4c4d-94d2-1933623ad3d8,TLA,TLA118,TLA118,C05
b066b3c0-0d01-4347-b861-b1ac11a66f2f,TLA,TLA118,TLA118,X09
fce1d631-01dc-4183-94fd-f71faeaacdec,TLA,TLA118,TLA118,X10
aaf3f964-fa97-4563-8631-7f17f3492624,TLA,TLA119,TLA119,B01
52e777a9-4fa7-42c3-9b4e-74db341abcaa,TLA,TLA119,TLA119,B02
b2450481-e636-4118-86c8-925526af147f,TLA,TLA119,TLA119,B03
f59903a2-4077-42dd-86d6-75063b6f7c9c,TLA,TLA119,TLA119,X13
06bec8db-1cb8-4ebd-b8a3-bc1376e7b03e,TLA,TLA119,TLA119,X14
faa8be58-3b39-44b0-90a8-c3c5eeb51d17,TLA,TLA120,TLA120,C01
4f3aa1d9-e2ff-49ed-849f-24e73428052a,TLA,TLA120,TLA120,X02
2dd7048e-2f0d-42fa-8d7d-25d561558682,TLA,TLA120,TLA120,X06
36a9033b-09dd-4adc-bfaa-2c01907f6a09,TLA,TLA120,TLA120,X26
f56c4fa7-d66b-4dc5-8e38-ffe640e5c789,TLA,TLA121,TLA121,C01
8a5580c7-e534-426b-b6e3-9f89ec1bb86f,TLA,TLA121,TLA121,X02
102ee9ac-a491-4763-8dff-60df2f8ad1e2,TLA,TLA121,TLA121,X06
957d9039-e7c7-460a-8cf7-a3560a72fb85,TLA,TLA121,TLA121,X26
0ad56869-2fcb-445e-895d-be2d7c51917e,TLA,TLA122,TLA122,A00
700c7979-8b41-4102-aaf4-a660feb067ac,TLA,TLA122,TLA122,A01
711d57ae-9093-45c4-964e-07820c4b7eec,TLA,TLA122,TLA122,C01
b30400db-cc2e-4122-a419-83293190adf3,TLA,TLA122,TLA122,D01
77b3ed85-ed22-47b2-ad4a-9611d010fa1f,TLA,TLA122,TLA122,D07
2a158b32-cb9e-43d9-96de-553a53ef992a,TLA,TLA122,TLA122,X02
a1023caa-9352-4aef-bbf8-fa8859b0b0ea,TLA,TLA122,TLA122,X06
77223960-b732-48ea-ad4f-e06876ab21c1,TLA,TLA122,TLA122,X26
8b6d3cd5-6baa-4e7c-b6d2-0d622c4321cb,TLA,TLA123,TLA123,C01
f84d6eea-8171-4fb5-ba8d-0e2351083710,TLA,TLA123,TLA123,X02
8f6a239b-bc75-4d57-a5a8-a7ea247a5296,TLA,TLA123,TLA123,X06
5622a828-7b04-4c70-8c55-1ba9f4094636,TLA,TLA123,TLA123,X26
b09607a8-b3b0-4255-a5b0-b914daaa960a,TLA,TLA124,TLA124,C01
d5c81887-3891-4fc0-9bda-02e79244166f,TLA,TLA124,TLA124,X02
822d7263-bbc5-411c-b42e-583b3ca9b55a,TLA,TLA124,TLA124,X06
3577d0eb-a8f4-40b6-9de2-ee18a101b50d,TLA,TLA124,TLA124,X26
cb966872-4f1c-43a7-aa3f-1c91b54c7e1f,TLA,TLA126,TLA126,C01
e0f73fc8-42ab-44e6-a480-94130a236032,TLA,TLA126,TLA126,X02
86ec133a-9cb8-487b-89c8-d0551c716e06,TLA,TLA126,TLA126,X06
79434859-be44-4923-8173-e4ee62ca7741,TLA,TLA126,TLA126,X26
5a253678-72ae-4b28-948f-bfbb4e832c30,TLA,TLA127,TLA127,C01
b4560ace-faef-4d48-a135-e5c0805ce2c3,TLA,TLA127,TLA127,X02
504465e1-8e54-43fb-93c0-ea288b1673f3,TLA,TLA127,TLA127,X06
83099756-9739-46bc-861d-ba46a9a6b0a8,TLA,TLA127,TLA127,X26
1552c8ae-98bd-4974-9a46-8ac29f1bee27,TLA,TLA128,TLA128,C01
91fc5e40-bacd-424a-9778-d7e8903823f3,TLA,TLA128,TLA128,X02
b8e49748-5ce2-42d9-9d14-0c5e43b389de,TLA,TLA128,TLA128,X06
18595a64-5677-4a58-ae91-d48c96beb107,TLA,TLA128,TLA128,X26
0370b03b-4fc8-494a-b46b-4f99280dee51,TLA,TLA201,TLA201,C01
2c53fce2-d6c9-4d2a-8fa6-8c643f57cd35,TLA,TLA201,TLA201,X02
fc49853e-fa4f-40fd-a121-c10214379bde,TLA,TLA201,TLA201,X26
2bf3080c-7b97-4cce-ad9f-e278d427b01c,TLA,TLA202,TLA202,C01
ad5424b6-04c8-4a5c-b407-5cec886d85f1,TLA,TLA202,TLA202,X02
82989be9-6da6-49b2-93fd-8d52d7f6a034,TLA,TLA202,TLA202,X26
386bbac3-14fa-432f-9dc0-3dbfe20a19c9,TLA,TLA203,TLA203,D09
ee0c25bd-554f-4ef5-9427-c43277b77b70,TLA,TLA203,TLA203,D10
71ec790e-d9e4-4171-94ce-280582bd1cd4,TLA,TLA203,TLA203,D14
06903460-c6f2-4ea9-9022-edf729aedfbe,TLA,TLA203,TLA203,D15
1f5dcb77-d3f1-4279-a9c0-14d6ff4e13ca,TLA,TLA204,TLA204,D45
6549a71f-5024-45f2-9f6f-0466a25cc403,TLA,TLA204,TLA204,D55
d15fff7d-ab38-4be1-aca4-f17a8a6e561b,TLA,TLA204,TLA204,D63
afbecfad-e66b-48ae-b829-fc15bfeed583,TLA,TLA204,TLA204,X37
c5fccfc0-eb0e-4c66-b373-ae5def426ec7,TLA,TLA301,TLA301,C03
4ba40f5d-6169-4dfa-8b82-50b3d7b69069,TLA,TLA301,TLA301,C04
548e5ebd-3996-4184-82cb-62897dba28bd,TLA,TLA301,TLA301,D14
f6ba60f2-f68d-4e39-9349-653b1a5d36b6,TLA,TLA301,TLA301,D15
463c65e1-1ecc-4097-8d48-75c665380ed9,TLA,TLA301,TLA301,X01
51cf921d-f6ae-408d-8a15-8ee41de30eb4,TLA,TLA302,TLA302,C03
7abc048b-87f7-4686-a887-38cb2791e41f,TLA,TLA302,TLA302,C04
bc3ac5b5-3f0d-4887-8870-a545f2557a58,TLA,TLA302,TLA302,D14
061a736a-2756-47c9-ab53-72cb32fafecf,TLA,TLA302,TLA302,D15
7f444768-0146-4621-95e8-25ca52f2e825,TLA,TLA302,TLA302,X01
aafc76ed-3828-44a6-a805-17bd39b583ba,TLA,TLA401,TLA401,C01
1b3d6297-5f1d-4e1b-ab62-7c6286b65c46,TLA,TLA401,TLA401,X02
cac5e391-6491-436e-a23d-1f06b69e80c4,TLA,TLA401,TLA401,X26
5d342aa7-5638-427d-8ff5-5f0f415fedd9,TLA,TLA402,TLA402,C01
3cca538c-e3cf-49e6-a571-08acdc09e27e,TLA,TLA402,TLA402,X02
fe6398d7-1b2f-4370-a12a-2dd167935bb0,TLA,TLA402,TLA402,X26
57fbb4df-83c4-4dac-88bc-efc9a7737597,TLA,TLA403,TLA403,C01
38c3af95-de6a-4648-a62d-cb89db66315a,TLA,TLA403,TLA403,X02
bdbdc06c-5f80-47ff-bdee-62b8971a5767,TLA,TLA403,TLA403,X26
fdda3f2e-69c5-4807-94c3-599f1d4a34cb,TLA,TLA404,TLA404,C01
26a6f8c5-7fdf-4575-b7c3-e6c16c258352,TLA,TLA404,TLA404,X02
85466781-c3ab-49f1-b1c1-96de2878f698,TLA,TLA404,TLA404,X26
78663c2e-6f28-499b-b4e3-c58ae2f89fb8,TLA,TLA405,TLA405,C01
d1874635-d5d6-4022-a320-f54223dbdd5d,TLA,TLA405,TLA405,X02
32d19f40-fd57-4667-95ff-1a5fe5839bbd,TLA,TLA405,TLA405,X26
ba42b2c7-1a8e-494e-a933-bca7609c5298,TLA,TLA407,TLA407,C01
8675b438-6a7a-40d2-822d-51cc9bc17af2,TLA,TLA407,TLA407,X02
2af10fd9-dfe5-4bc8-bb0f-76a7533ceb7f,TLA,TLA407,TLA407,X26
c490188b-2bd6-4b50-86c0-cc9312b9d1e4,TLA,TLA408,TLA408,C01
1d617740-0344-4e40-bf77-bf72894a6e29,TLA,TLA408,TLA408,X02
e0815d1e-7f6b-4a4f-a547-7826c4a2bc09,TLA,TLA408,TLA408,X26
0db972a4-0e4f-46cb-8520-d163359ee871,TLA,TLA409,TLA409,C01
012858e6-3bca-4489-95d3-7dc34411c2d1,TLA,TLA409,TLA409,X02
2bf32fd3-e5b3-49a7-9070-ee42e25011a1,TLA,TLA409,TLA409,X26
e80cf34c-9371-49ca-b69a-0c283fe9333d,TLA,TLA410,TLA410,C01
170feef0-74d4-4fc9-a98a-9d949fed2942,TLA,TLA410,TLA410,X02
5d6a639e-7dc1-4fe0-9f45-aabe1f39c3a6,TLA,TLA410,TLA410,X26
03a45706-0eb8-46d7-8fde-56647563c2eb,TLA,TLA411,TLA411,A00
4f7c2cbc-c7e8-479c-b0bc-1c6b380dbc61,TLA,TLA411,TLA411,A01
c9ae341e-2c30-4544-b847-de1e25b67116,TLA,TLA411,TLA411,C01
409453da-9893-4fa6-b97d-b906a2f1b6a3,TLA,TLA411,TLA411,D01
d0ed8ee9-84f9-407e-8ec8-a4ef367fec80,TLA,TLA411,TLA411,D07
a91c961b-9a1a-4a99-abf4-3ff29397f257,TLA,TLA411,TLA411,X02
c191beaf-801b-49cb-8017-9682e0fd1631,TLA,TLA411,TLA411,X26
69473c3a-934c-41f1-8066-f94c2894a9db,TLA,TLA412,TLA412,A00
3fd94247-ca90-45b8-9a66-6b0676f2756d,TLA,TLA412,TLA412,A01
9cc51301-3023-4eab-9797-b46858e3af67,TLA,TLA412,TLA412,C01
65f79fa8-0923-4590-ad0d-84cbda5fdeac,TLA,TLA412,TLA412,D01
80f126c1-bc0d-4c5f-ae25-b1b313a260b1,TLA,TLA412,TLA412,D07
76ebf614-d41f-4730-a460-91e75b21fc90,TLA,TLA412,TLA412,X02
6c9987aa-cdd8-450c-b73a-d64df1641573,TLA,TLA412,TLA412,X26
4e98765c-3de7-4925-95fe-9b5f1dd390c1,TLA,TLA302,TLA302,D02
2a6fb5d7-deba-441f-ad40-3dfd1fb95c7b,TLA,TLA105,TLA105,K00
7aa81a06-f204-4f79-8de6-02932e8d39bd,TLA,TLA106,TLA106,K00
e94b1fcc-c3fe-468d-8d7a-f451464442fb,TLA,TLA109,TLA109,K00
e701fb19-94d5-406d-bf56-f440c6f07c26,TLA,TLA112,TLA112,K00
708c7617-c324-47bf-91e2-ad1c1e8692e1,TLA,TLA116,TLA116,K00
0c2b0c51-6b5c-4cc4-96c2-4a60c1d7d683,TLA,TLA117,TLA117,K00
d0158254-fac8-4663-949d-ed6853804d5f,TLA,TLA118,TLA118,K00
17b1a88b-c731-46b0-9ab7-4019a2d492ed,TLA,TLA119,TLA119,K00
e154b176-0e79-4724-9bab-9cf54e9699ac,TLA,TLA120,TLA120,K00
defe501b-ddd2-47bc-b0a1-ad8a7245331b,TLA,TLA121,TLA121,K00
397fe29c-a425-4801-897a-a8b522d61702,TLA,TLA122,TLA122,K00
b6094229-af73-4e05-a6b7-a2d6d1239e70,TLA,TLA123,TLA123,K00
87f3f488-7a57-4cc0-8c47-79905b4d0fea,TLA,TLA124,TLA124,K00
2548f4db-a31b-4f80-b44b-d5d84c442526,TLA,TLA126,TLA126,K00
b5cae5f8-7d18-4c98-bc58-081c36fd4754,TLA,TLA127,TLA127,K00
e1e2e82d-996d-408f-8069-b9d37a611df8,TLA,TLA128,TLA128,K00
699712a1-c3bb-42d3-8717-e55e0d1071bb,TLA,TLA203,TLA203,K00
186acb98-9078-4cf4-8c3f-d2f6bf30c2f0,MHN,7210402,7210402,H00
d47fe08a-b957-4bf7-ab74-d15ca31fb7a4,MHN,7210402,7210402,H01
3210586f-0ad6-4fef-bd46-b831b8a6f18f,MHN,7210402,7210402,H06
6ee12eb4-7705-4acc-bdc9-c1800dbb996c,MHN,7220201,7220201,D01
9dc41f7b-8ef9-4a19-9566-f022805dffa7,MHN,7220204,7220204,D01
684edf5d-86ec-40eb-a2f9-d509d10e8695,MHN,7220204,7220204,D04
e8d31781-6272-49b6-81c5-ac1fbc7a5054,MHN,7340101,7340101,A00
41f59b5d-dddf-4015-bc93-271aa5451f17,MHN,7340101,7340101,A01
f270cd16-98ce-4baf-8c56-fab0ffccf6cd,MHN,7340101,7340101,D01
ef3f08a8-2cd9-4ed8-88c0-d1dc4f920721,MHN,7340101,7340101,X26
c02e7c18-3d05-45f5-91ef-815d96da21a6,MHN,7340122,7340122,A00
79c3d883-8c31-42bd-a86b-2eb43ecc0e2f,MHN,7340122,7340122,A01
e74c49bb-c88a-42c7-a91a-b702936a6035,MHN,7340122,7340122,D01
ecd973ad-ab03-451c-a30f-4542170b4792,MHN,7340122,7340122,X26
af8bb272-b654-4b64-bcab-e238fff6e47c,MHN,7340201,7340201,A00
add71b20-c7f8-46a8-993e-691a53a19aa7,MHN,7340201,7340201,A01
78937df8-f6db-4bbc-97ba-8a55a1a0536e,MHN,7340201,7340201,D01
4e1fde25-e133-4f77-a380-84aa4e0a90f3,MHN,7340301,7340301,A00
b640535f-1699-4805-93ec-99caa010c982,MHN,7340301,7340301,A01
d23ba9cc-07d0-4af2-bb75-20cde08b6f6c,MHN,7340301,7340301,D01
50c8a8c1-05b3-4d65-afb6-bb829285a594,MHN,7340301,7340301,X26
ff8c1675-633a-496f-a0d5-824497c7ca9e,MHN,7380101,7380101,C00
1f819eab-f3b3-4d97-8a12-7812bcdccadc,MHN,7380101,7380101,C01
f8b9d35c-81f3-4ab4-8eff-36f829fc5ada,MHN,7380101,7380101,D01
5ab3c075-e1c7-45e6-b600-a2e28ab84245,MHN,7380101,7380101,X01
8d777bd9-f844-492c-bc4e-a4563e769bfe,MHN,7380107,7380107,C01
f6c29774-cb78-4ec0-8f04-7aeb3d533077,MHN,7380107,7380107,C03
b28f7cc9-0d33-4369-aeb7-3c9c98f74b9b,MHN,7380107,7380107,D01
7bd56ab9-7f0b-4e6a-a228-1af697d3df58,MHN,7380107,7380107,X01
19919eaa-912d-43cd-a294-d9ceb31fe51d,MHN,7380108,7380108,C00
8c517f3e-63de-45cc-99df-ed0fe05a2aae,MHN,7380108,7380108,C01
f19412b5-cf48-47b8-a058-e9c4548c9334,MHN,7380108,7380108,D01
4cd74d30-ede8-4716-b292-ac5d5afa74f0,MHN,7380108,7380108,X01
0c0d0bb8-d990-4536-b84f-d3ca42640380,MHN,7420201,7420201,A00
fd4bb220-30a3-47de-877f-b8d1bcfe32c7,MHN,7420201,7420201,B00
c63aba5f-eb17-4c0b-95c8-5edc50bacca1,MHN,7420201,7420201,D07
61e27d10-ee69-4665-a87a-4f9cd1df0918,MHN,7480201,7480201,A00
6e10d63e-5f91-4634-af4f-d9c834dee2c6,MHN,7480201,7480201,A01
71d42740-9664-42ee-b4b0-3c4d9910b311,MHN,7480201,7480201,D01
e4dff2f6-020c-4029-afba-68313293ecde,MHN,7510302,7510302,A00
b486f666-0207-4728-b9d4-eeb5096f35b1,MHN,7510302,7510302,A01
a9d3d47b-1bd3-435b-bdd4-b1206f98990e,MHN,7510302,7510302,D01
115e460f-50c3-45e7-a3aa-9d9eb603cf7e,MHN,7510302,7510302,X26
8da0c20c-820c-4a61-afa6-c3dd574335ba,MHN,7510303,7510303,A00
f795844e-0592-4c09-b1b8-439f369bd3b6,MHN,7510303,7510303,A01
97936daf-85dd-4371-87d9-87ee80b7f41a,MHN,7510303,7510303,D01
4257f8ba-9015-4307-a17e-baee68e16236,MHN,7510303,7510303,X26
0f22d9fb-b59a-463c-9fe2-8337dc845e36,MHN,7540101,7540101,A00
09beaf9b-1f97-46f0-86d6-ebea44dd2109,MHN,7540101,7540101,B00
077247f3-772f-4759-a536-180820e48e70,MHN,7540101,7540101,D07
29953d1d-f736-4b58-90a9-5eb1e596dc1f,MHN,7810103,7810103,D01
995543b4-904c-4379-be6a-778cc5444d80,MHN,7810103,7810103,D09
615cea28-d720-416d-a78e-5069cf873fea,MHN,7810103,7810103,D10
99a48187-3f09-4d8f-98a2-2e2a4112a4e1,MHN,7810201,7810201,D01
7ff17076-1a82-4f0a-ad41-645317b24b48,MHN,7810201,7810201,D09
35c5f1c4-7e5b-49cd-af57-4082371bd938,MHN,7810201,7810201,D10
7ded3171-bdf4-45fd-997a-76c75f0c367c,MHN,7380101_C00,7380101_C00,C00
31ce72bf-86b6-4c2d-86e4-3d4d738a0075,MHN,7380101_C00,7380101_C00,C01
fe5db6f9-6dc9-4e42-a78f-7ea5535efef9,MHN,7380101_C00,7380101_C00,D01
af887710-0f21-4d5c-b7db-44ae68fde88a,MHN,7380101_C00,7380101_C00,X01
2435dc72-ec7a-46df-88ae-e17933071e88,MHN,7380107_C00,7380107_C00,C01
af65449f-408d-4ddf-b8f5-80870fc5c267,MHN,7380107_C00,7380107_C00,C03
78f4a17a-3ca9-4e68-9cb9-4da144ed39d6,MHN,7380107_C00,7380107_C00,D01
1d7be808-83d8-421f-8179-4f190d729566,MHN,7380107_C00,7380107_C00,X01
e7318edf-31a1-475e-9efc-c69d10f593b0,MHN,7380108_C00,7380108_C00,C00
0733aa5a-f2b5-4530-8f58-0d956db2803d,MHN,7380108_C00,7380108_C00,C01
0b71903a-f263-4ae5-b1f2-245956382854,MHN,7380108_C00,7380108_C00,D01
f6c054a8-3828-48eb-a955-28761798a919,MHN,7380108_C00,7380108_C00,X01
fb6db571-fbcb-41f0-9102-637464dd8fb9,MHN,7580101,7580101,V00
b752c679-0b2d-4609-90e8-57f607544c56,MHN,7580101,7580101,V01
b0e15dde-e9e7-4e88-a050-3944bc02b9f2,MHN,7580101,7580101,V02
c21798b0-42eb-4b8b-9498-df5a94caed2e,MHN,7210403,7210403,H00
77ebf6f2-fce7-4840-ad2b-ccff8d50bf41,MHN,7210403,7210403,H01
faa92ee0-ae2f-439b-bf02-503f1c9a9865,MHN,7210403,7210403,H06
a230faf0-aa6f-4f3e-b229-71a7f596e7e8,MHN,7210404,7210404,H00
6040ef2d-6ab4-4ffb-bd36-6fc2cda12a4a,MHN,7210404,7210404,H01
e3615011-0f45-4f57-b682-1e40e4116870,MHN,7210404,7210404,H06
c763a868-b414-438c-a7f7-1ea8c479c34d,MHN,7340204,7340204,A00
08989dc9-918b-4456-a272-5b5d249fdf4a,MHN,7340204,7340204,A01
e784a4de-2477-4799-91c3-ea350d80ccc2,MHN,7340204,7340204,D01
7bf635c6-6bf7-4afa-8bd4-82ad1756a5f1,MHN,7580108,7580108,H00
ef6f58e3-a728-4268-b251-166ff9e50165,MHN,7580108,7580108,H01
07f6532c-b3ce-4ccb-a93d-8ced99ef844d,MHN,7580108,7580108,H06
062550ab-757e-4274-af28-87768dad17fc,MHN,7420201,7420201,A01
f06a4868-730d-442d-b87b-aa7925233916,MHN,7480201,7480201,X26
04e844e6-00ed-4649-be9f-22fc0bb49d23,MHN,7540101,7540101,A01
734f4ff3-0b18-4bb6-ba53-971d16c1f49b,MHN,7480201,7480201,Q00
c7fa6886-4520-4fd6-8248-1223616b35d7,MHN,7420201,7420201,Q00
e8dbb6a5-9fb0-43a7-adfd-9e039f0f2c11,MHN,7540101,7540101,Q00
c03d0aa8-5d84-4f42-ad1d-a86c29aac3cb,MHN,7220201,7220201,Q00
0616e6d6-e1b0-4342-91a3-d2703af8aacb,MHN,7420201,7420201,K00
d87abb84-fffb-408a-8c39-57bdfc15d98b,MHN,7480201,7480201,K00
4e86344c-6b30-4120-9044-51839f4c5de1,MHN,7540101,7540101,K00
13da2fd7-daf0-43c8-85c8-ea6925434385,SPH,7140114C,7140114C,C03
2b1cf038-b0a2-47cd-9f46-2a34594cb722,SPH,7140114C,7140114C,D01
e2566c7e-a044-4e80-aff6-fa0e60711a07,SPH,7140114C,7140114C,X01
0e9e8230-378f-45b5-a602-fda151756f23,SPH,7140114D,7140114D,C03
a18eb7e2-9f84-495f-882a-8581fbf273d1,SPH,7140114D,7140114D,D01
b6ca04a2-a555-4ca9-a3e4-682a1c33a68a,SPH,7140114D,7140114D,X01
e8fb4f36-d9b1-43a6-bb1a-d95984f4cbeb,SPH,7140201A,7140201A,M00
1cca1b31-f0e4-4fda-88ed-d030cdb93821,SPH,7140201B,7140201B,M00
660d214e-40da-41f4-9769-22e9a96b9cfe,SPH,7140201C,7140201C,M00
9a320328-e77f-40ce-a955-df80b4bd33b4,SPH,7140202A,7140202A,D01
f4d6ae6e-6c8c-41df-86a2-4c9828a6d359,SPH,7140202D,7140202D,D01
c53179e7-e312-42c4-937a-c4caa311c100,SPH,7140203C,7140203C,C00
f28b3fe3-7b3f-4dea-a98e-d409bf56f284,SPH,7140203C,7140203C,D01
d4e27036-38a8-4d8b-823f-892ef01e5396,SPH,7140203D,7140203D,C00
52619592-df29-479d-91aa-0f41daacaeba,SPH,7140203D,7140203D,D01
92ebfb46-432e-41dd-bab8-4ad68e51fabb,SPH,7140204B,7140204B,C19
f118554c-704c-429d-a323-10c2fb073f15,SPH,7140204C,7140204C,C20
88637696-d0c9-4b8f-bd1f-a5a75a47a3e8,SPH,7140205B,7140205B,C19
6b288572-2fcd-4e91-8fb5-66f59a9a3e86,SPH,7140205C,7140205C,C20
87723036-1223-43a7-95dd-bc782951061a,SPH,7140208C,7140208C,C03
f6bc6815-2994-40b3-8e1c-42e94de1659a,SPH,7140208C,7140208C,C04
9f72f12e-d8db-4031-add7-45d08d841734,SPH,7140208D,7140208D,C03
0019e5d5-8e9a-47a2-8a4a-5b95b9a1da72,SPH,7140208D,7140208D,C04
2aa98ec2-27c2-4100-bbbf-544e61c568c4,SPH,7140209A,7140209A,A00
61e91836-723b-4aa4-97f9-14bee29b80d6,SPH,7140209A,7140209A,A01
757b8fa9-2972-470f-990f-da8a37ffa8fc,SPH,7140209B,7140209B,A00
22e04680-f038-4611-9c33-d1656191ccec,SPH,7140209B,7140209B,A01
1e754715-7da9-47ba-84be-13bdea263b0b,SPH,7140209D,7140209D,A00
df7d496c-bfa2-49f0-a46c-6159ce74060d,SPH,7140209D,7140209D,A01
21cabcc2-0efe-414a-b7f2-b2006e3970d6,SPH,7140210A,7140210A,A01
56f285f0-4630-4e51-9b9c-eb567e1453bd,SPH,7140210A,7140210A,X06
1c9caded-ba72-44d8-a86e-f719e590a5bf,SPH,7140210B,7140210B,A01
0847cafa-fc5a-4d47-adde-0ebc7a1c759e,SPH,7140210B,7140210B,X06
e9004338-b7bb-4516-bf5f-2426886984eb,SPH,7140211A,7140211A,A00
d78d0188-af6c-45b0-aac3-65478ffab740,SPH,7140211A,7140211A,A01
916a041e-0bb3-4829-9228-7c8d40061fff,SPH,7140211B,7140211B,A00
d4c6f1ab-10d3-43ba-aea6-c28a8cd60899,SPH,7140211B,7140211B,A01
83ada594-def2-4979-b0cc-ef897112b51f,SPH,7140211C,7140211C,A00
c778a886-fc5d-49d0-96a5-72d8aa1a606b,SPH,7140211C,7140211C,A01
e7d43a09-bbd7-44dc-809d-25e48551b59f,SPH,7140211D,7140211D,A00
3c8f894c-5e97-4cfc-b17a-b5f92b818d59,SPH,7140211D,7140211D,A01
dc5ce421-0010-4c9c-af9c-c54c046f2a68,SPH,7140212A,7140212A,A00
c72beca3-b996-4bad-95a4-f8b8795d6761,SPH,7140212A,7140212A,B00
d9620f23-00e0-4cb9-888c-87017daf930c,SPH,7140212B,7140212B,A00
907a5667-e92c-4b9e-b09f-9356ec87b67f,SPH,7140212B,7140212B,B00
dd3d856d-6736-474a-8e67-5c376ab92b3b,SPH,7140212C,7140212C,A00
ef2c087c-017a-4e9a-aa7f-c162aa66c5de,SPH,7140212C,7140212C,B00
dfa7dfb4-e7d1-4e86-8945-34cde98ef465,SPH,7140213B,7140213B,B00
18f85599-9fb5-4759-ba21-eafbf80daf47,SPH,7140213B,7140213B,D08
055a2a31-1594-4178-abbb-d787ad76e5d8,SPH,7140213D,7140213D,B00
9e7eeb8a-0624-4834-b66a-bb1c892e38ad,SPH,7140213D,7140213D,D08
351cf034-499d-4a08-837f-eeb31312ae9c,SPH,7140217C,7140217C,C00
570ddaed-bbca-4f6d-992a-c62f0c58284f,SPH,7140217C,7140217C,D01
dc9f7045-da3a-4209-a490-ec98a0a22947,SPH,7140217D,7140217D,C00
c38e2339-b116-4d6e-b6d8-41dfd62f2319,SPH,7140217D,7140217D,D01
f94563d1-5d44-41f1-a185-96aa3ebc3a2c,SPH,7140218C,7140218C,C00
3300957c-0eaf-4d4d-8ac3-89efd76bdec4,SPH,7140218C,7140218C,D14
6d69f0c3-810c-4a18-993d-2689b3f712d1,SPH,7140218D,7140218D,C00
442c83fe-7b40-46a9-8385-dc8ae89eb053,SPH,7140218D,7140218D,D14
9aa2422f-82e8-4908-b2b0-ff0f5f9f9c7c,SPH,7140219B,7140219B,C00
f8f28ea2-d413-4d47-b566-1bd053b7641d,SPH,7140219B,7140219B,C04
74d8d113-b2a0-4be4-acc1-bffea2a97e8f,SPH,7140219C,7140219C,C00
b834a0ea-2ff9-4142-ac67-658e7d7c4fe1,SPH,7140219C,7140219C,C04
a9c852e5-384d-419a-86b3-6a5f7ec617fd,SPH,7140231,7140231,D01
7193af1b-dcf8-4c50-b8ae-dd34a67ea548,SPH,7140233C,7140233C,D01
7159fedb-5349-4aaf-a834-d49f714dcf99,SPH,7140233D,7140233D,D01
21e30540-5bef-4009-8fca-3779c3ab4fc9,SPH,7140246A,7140246A,A00
c0aa0eca-d31e-4977-b50d-ab98fe71833b,SPH,7140246A,7140246A,A01
f6c47bcd-6d0f-43d6-9ce4-b52d5426caa7,SPH,7140246A,7140246A,X07
184771e1-8d4e-412e-a52d-6afa55b7efe5,SPH,7140246A,7140246A,X08
f6410993-3f30-48f7-9b26-eedec73ec9e7,SPH,7140246C,7140246C,A00
a9399d25-aaf8-4102-8de8-6f93f1138a0e,SPH,7140246C,7140246C,A01
14fe92da-5e29-43e1-a04f-f26baf3911c8,SPH,7140246C,7140246C,X07
eaa383fd-fa2d-4fa8-a8d5-57df7d356695,SPH,7140246C,7140246C,X08
52eb119d-fcc5-46e6-997a-cb4b45f14f8d,SPH,7220201,7220201,D01
5ea333cf-4584-4408-872e-cc69310878a3,SPH,7229001B,7229001B,C00
95a1ca62-b972-410e-89c2-1009156d382e,SPH,7229001B,7229001B,D14
7ed0ae81-cb04-491a-8d3a-e88a18ac86c7,SPH,7229001B,7229001B,X70
c988efc0-0f14-4553-8833-e0fa9bb34f59,SPH,7229001C,7229001C,C00
c796054c-e1e8-474f-8111-543bf108143c,SPH,7229001C,7229001C,D14
cb89064e-b46b-4f89-bbab-f4108c557a69,SPH,7229001C,7229001C,X70
504a8e69-cb55-47fc-bb63-dcaf8f018902,SPH,7229030C,7229030C,C00
3e31a4d2-2db7-4996-a8ab-df26934cf653,SPH,7229030C,7229030C,D01
104175fe-7a4e-40d6-8bd8-2a55800a82dc,SPH,7229030D,7229030D,C00
e86ce79d-cb4b-425f-91fd-70af50d8d998,SPH,7229030D,7229030D,D01
ec76c37b-b8e2-4269-9b00-b106cb4594e0,SPH,7310201B,7310201B,C19
a855d5d6-9b92-47b0-bc7b-767516643616,SPH,7310201C,7310201C,D66
86525b98-c732-40db-a46e-4e766395c979,SPH,7310201C,7310201C,D68
062543fb-51e5-4a6b-9fc4-a56ef6be3e0b,SPH,7310201C,7310201C,D70
6ce79957-57dd-4f99-a233-28e43980788a,SPH,7310401C,7310401C,C00
a9c8c3dd-0244-4613-b83d-14d1ed8ae946,SPH,7310401C,7310401C,D01
18034bec-9a8f-499a-a8e2-8550052f685c,SPH,7310401D,7310401D,C00
6b67f350-31c9-4530-9731-d8303aa58073,SPH,7310401D,7310401D,D01
7fd15355-5d0a-4cd9-8f73-12b198782460,SPH,7310403C,7310403C,C00
0bd5651f-2d09-4fbd-92e9-1ab2dfe4e3a1,SPH,7310403C,7310403C,D01
4f271efd-94b9-4cf1-8e35-4aaf8e0327c9,SPH,7310403D,7310403D,C00
2731351b-88a8-4bf3-9011-d5e1b608993c,SPH,7310403D,7310403D,D01
444e2dd1-0502-4c36-8766-bca4601c38b7,SPH,7310630C,7310630C,C00
49d521f7-8a8c-49fa-8dd0-9aaa1eff79e5,SPH,7310630C,7310630C,D14
ed3bd71e-fd0d-49ef-9d35-ae0064d0feb7,SPH,7310630C,7310630C,X70
007e289e-5e90-41eb-8604-3210baf3935f,SPH,7310630D,7310630D,C00
8596d132-bf61-4e9f-b7b6-bf0b383977df,SPH,7310630D,7310630D,D14
c3695f13-e220-45ee-b7d0-3b3013d4488a,SPH,7310630D,7310630D,X70
83b288c1-5072-4696-bcc4-d43523c42cd6,SPH,7420101B,7420101B,B00
461c4456-e03d-4723-bec5-24d567f9a1a9,SPH,7420101B,7420101B,B02
8861dbb1-7e53-49cf-ac20-0e101db01a95,SPH,7420101B,7420101B,B08
cc8c1a96-e7bc-40e3-9174-b1a30cff4798,SPH,7420101B,7420101B,X16
b161be3a-5b6e-48ab-9a32-728004ffb5d3,SPH,7420101D,7420101D,B00
9632d8ec-2097-4cb6-b86a-98d6feb44eab,SPH,7420101D,7420101D,B02
604b63b8-0b05-418c-9758-c537509bf917,SPH,7420101D,7420101D,B08
f04042a5-02c7-4c50-b536-7a19f67e7c34,SPH,7420101D,7420101D,X16
04f79283-742c-4a2f-bb3f-ae5bb0a5eb25,SPH,7440112A,7440112A,A00
bc67e2d6-4a83-421a-882d-963f0f0a8bc0,SPH,7440112A,7440112A,B00
f335f7d1-127e-406f-b5b3-12540a0de881,SPH,7440112A,7440112A,D07
bb90255f-5110-4168-9fbb-7794b2cd3599,SPH,7440112B,7440112B,A00
e6adc6b3-422c-43f3-995e-b39fc60761e8,SPH,7440112B,7440112B,B00
d86db3a4-11e8-4d15-b7f9-8bba6606e751,SPH,7440112B,7440112B,D07
4f5c517b-4b74-4317-bcd5-b796549c6d50,SPH,7460101B,7460101B,A00
938193af-d266-4ab7-957b-02c5f3ecb6f1,SPH,7460101B,7460101B,A01
b9dae3d3-7e67-4287-a7ec-89bdd481721d,SPH,7460101D,7460101D,A00
e8e6a752-3e80-4c05-8815-3d400b78df56,SPH,7460101D,7460101D,A01
2f25ec38-a48d-45db-8561-0f65ee5ab641,SPH,7480201A,7480201A,A01
e0ccc46f-7c4d-4379-bf2e-bf3a16fd56ef,SPH,7480201A,7480201A,X06
a5e3e1b8-9e67-49b5-8edf-dcd03fc158c6,SPH,7480201B,7480201B,A01
6d199de3-25d8-4fdc-bd7f-b5699e13eef4,SPH,7480201B,7480201B,X06
d60851b5-2b23-42e1-9b75-c4590a26843d,SPH,7760101C,7760101C,C00
1d3795f5-fc77-4373-9806-d5e4efb396a0,SPH,7760101C,7760101C,D14
c83cf559-d486-4d14-ae31-999ab6dcc029,SPH,7760101C,7760101C,X70
02e6e372-ba62-48b3-8d8b-5c244e675d08,SPH,7760101D,7760101D,C00
b9b65ced-3d41-4767-bdd4-d1c4dbf3ceaf,SPH,7760101D,7760101D,D14
4accb0dc-7b00-4d4b-b52a-c2b8c8bf5d5a,SPH,7760101D,7760101D,X70
a0c85700-79d3-4e9f-a01e-94b050469997,SPH,7760103C,7760103C,C00
1983727b-194d-40c4-9187-b730bf262a80,SPH,7760103C,7760103C,D01
21d0a955-4652-433e-b077-b8b5e8eda55a,SPH,7760103D,7760103D,C00
1db9e4d3-f752-4640-8649-abdb223c059d,SPH,7760103D,7760103D,D01
e349d235-9321-4585-951c-36a602e9b50f,SPH,7810103C,7810103C,C00
091f4f76-a442-4e1a-9f40-128482ceedf5,SPH,7810103C,7810103C,D14
722bc949-34dc-4547-b493-f21ae7524ba8,SPH,7810103C,7810103C,X70
a92c4287-6dde-4423-8915-d26c604763e4,SPH,7810103D,7810103D,C00
b4ca20e3-3827-4291-8c89-5e2bcd3abf61,SPH,7810103D,7810103D,D14
ed9abae0-1a0a-40b5-96a3-a1f50d88896f,SPH,7810103D,7810103D,X70
50f283ad-d41f-4ede-a6f5-41567becb7af,SPH,7140202B,7140202B,D01
b3636251-dc11-4223-986a-843ad96a23e3,SPH,7140206A,7140206A,M02
de78b053-ae18-4b8d-a73f-e3085aeced11,SPH,7140206A,7140206A,M03
f1c552d4-b57e-4ac5-9f94-0653bda4540a,SPH,7140221A,7140221A,M02
dc7d6b3c-3b56-4c8c-b223-427ae6e9b341,SPH,7140221A,7140221A,M03
c962c0c5-a71a-4399-bd8f-b78cb65430c2,SPH,7140221B,7140221B,M02
8fbdbea5-c8df-4539-9f08-bb6d4c103673,SPH,7140221B,7140221B,M03
73312118-5308-417f-878d-b99ba5333c8c,SPH,7140222B,7140222B,M02
62d037bc-bbb2-40e7-b076-c5615a8de451,SPH,7140222B,7140222B,M03
fc59793a-a9e4-4bd5-9a6b-61f75a38d8a1,SPH,7140231A,7140231A,D01
3c2c1380-4634-46e3-8489-95330dc753b4,SPH,7220204A,7220204A,D01
19d48cab-9cdc-4580-85d1-01f59a138611,SPH,7220204B,7220204B,D01
98945542-443d-4e53-9af7-4594292aa6c7,SPH,7140206,7140206,M02
961e2b57-955c-4806-a1cf-1754c42b2094,SPH,7140206,7140206,M03
d7413c68-d48f-4d34-9774-596a4f261224,SPH,7140222A,7140222A,M02
df2694df-0b11-41b6-8aff-2cb6a5dce1eb,SPH,7140222A,7140222A,M03
aabce2ef-20f2-4cc7-bc1c-d63ac572feb6,SPH,7460101A,7460101A,A00
c8baef24-da1e-47f6-8e3b-62fac37af055,SPH,7460101A,7460101A,A01
60491227-1056-4037-816a-94eba5788edf,SPH,7140114,7140114,C03
296ece90-aca4-4b69-a046-7739c138b377,SPH,7140114,7140114,D01
dc4b24eb-b474-41db-99db-56dc0f719ae0,SPH,7140114,7140114,X01
d37052d3-32d0-4766-9631-18ebf9115088,SPH,7140201,7140201,M00
d544618f-2969-4c01-93f4-8e528c1461e2,SPH,7140201K,7140201K,M10
e19a4698-3dd1-45d5-9d90-d764f4b2e551,SPH,7140202,7140202,D01
43e17328-96c8-4e15-a796-1d07d3b9e21a,SPH,7140202K,7140202K,D01
f143f326-c0cd-4038-888a-944b1d0b768a,SPH,7140203,7140203,C00
5e931d57-2f22-4ad5-a33d-ae59d23104a4,SPH,7140203,7140203,D01
372a4256-f23d-40f4-8f46-44572f79541d,SPH,7140204,7140204,C19
a9074117-10b9-4428-bf4e-d5eb3aa04306,SPH,7140204,7140204,C20
972c9ef1-5bd3-41b5-aac4-9bb9f76e64c2,SPH,7140205,7140205,C20
5fca1d20-7a71-4a8b-84f9-666cc6e14634,SPH,7140205,7140205,C19
adbbda02-1754-432d-bc2c-154ba470545c,SPH,7140208,7140208,C03
64c04610-6518-45c9-8969-74843c8c9638,SPH,7140208,7140208,C04
dc3f97b1-0714-4036-9e22-d5baecb11551,SPH,7140209,7140209,A00
c145a0ea-9ab9-4deb-81d7-9aeac88ad88f,SPH,7140209,7140209,A01
61032810-0816-4299-b641-8f2b5e95c821,SPH,7140209K,7140209K,A01
cb10fdf3-a4b5-4f6b-ae0e-16a7c494398a,SPH,7140209K,7140209K,D01
8653b811-5a55-40ff-a62b-afeec3b790d2,SPH,7140210,7140210,A01
e7962d60-b693-4beb-91b9-24512c6f4b10,SPH,7140210,7140210,X06
075d5ce9-847a-425c-880a-85af8f2dfdab,SPH,7140211,7140211,A00
a5505303-9db9-4f1e-969d-7538997bdd82,SPH,7140211,7140211,A01
ea9406ae-e5dc-42ba-b7b1-a8cf73acd647,SPH,7140211K,7140211K,A00
634b613c-a282-4fe1-a9d7-37cde8acdf3e,SPH,7140211K,7140211K,A01
379ad9d4-6d03-47f6-90d4-641b53e6080c,SPH,7140212,7140212,A00
60934f72-6296-46e9-b6d3-ec151535c09e,SPH,7140212,7140212,B00
635c3149-5b64-41c9-9763-2def19343ee6,SPH,7140212K,7140212K,D07
1956bd5e-88c6-46d4-907c-85ca32b0078d,SPH,7140213,7140213,B00
6ae1dead-75b7-4d02-92cf-01687bd0bfb9,SPH,7140213,7140213,D08
582942ab-035a-4616-a470-a652a6197ffd,SPH,7140217,7140217,C00
bb8e71ba-8c91-4a30-aac2-bd7a17f5b496,SPH,7140217,7140217,D01
b5292736-9d84-405f-bd4f-006bc4e7d3f8,SPH,7140218,7140218,C00
66e27720-2b17-4ec2-997d-e2b02059ecb0,SPH,7140218,7140218,D14
64e62958-1bd1-4c9f-8221-1529715e3dc1,SPH,7140219,7140219,C00
594fee97-d41d-4ee9-9dcc-396ef00f7eeb,SPH,7140219,7140219,C04
64a72db1-de2e-48e7-b04b-05381f4ade87,SPH,7140221,7140221,M02
af55d246-088e-4f08-9472-fdc71c4b6c76,SPH,7140221,7140221,M03
93da6bcb-d296-43ac-b365-20338c22e077,SPH,7140222,7140222,M02
1b2e44d0-0963-48eb-958b-29eb9706b141,SPH,7140222,7140222,M03
2b102c15-def0-4416-9a60-5863af2ea032,SPH,7140233,7140233,D01
53c786bd-4681-416e-b627-f67ad3595dd4,SPH,7140246,7140246,A00
54263370-94c9-4466-9e2f-92f15cd4e5d0,SPH,7140246,7140246,A01
247fa955-bd08-45d9-a55a-5d3e5430d4d1,SPH,7140246,7140246,X07
1a72f677-ad1c-4637-a1c3-3a1c043d5d67,SPH,7140246,7140246,X08
9889b005-cde8-4fbd-9a9d-f21688136c56,SPH,7140247,7140247,A00
3b0893b9-3486-46ff-b4a6-958331acc0fc,SPH,7140247,7140247,B00
45cb16cc-4e93-429f-b66a-8be1cdcf3b3a,SPH,7140249,7140249,C00
c0dacadf-be39-4d90-81af-8f0f5562c357,SPH,7220204,7220204,D01
82b08aae-1de8-4674-add9-18d386e686c8,SPH,7229001,7229001,C00
4300ccc6-af0e-4f71-a3a1-9e0bdb16afb3,SPH,7229001,7229001,D14
d56ebb4c-0449-407b-86f4-bb385b4d941d,SPH,7229001,7229001,X70
cb3e4a82-bead-4508-9d13-da4b7bae3cd6,SPH,7229030,7229030,C00
584d7be3-90e4-48bf-95e0-61600f80dd15,SPH,7229030,7229030,D01
04fff35a-6367-4ce9-9dcd-9175064aaec3,SPH,7310201,7310201,C19
7e6ad3e9-a57c-403d-907f-d68578766bb5,SPH,7310201,7310201,D66
610e0a46-cc95-4122-82ff-f57a689db87e,SPH,7310201,7310201,D68
b52a2832-f1cf-4096-97d1-3802d9629415,SPH,7310201,7310201,D70
cb528fe4-47a4-473d-b1e6-da1416ad97de,SPH,7310401,7310401,C00
7122c721-8770-47a3-9186-2c704eda5cbd,SPH,7310401,7310401,D01
8ea4cb5e-0fba-4297-b7f7-ee0bcca68312,SPH,7310403,7310403,C00
9f73bc91-99da-47a0-bc05-54534d701036,SPH,7310403,7310403,D01
03743206-3888-4643-ae75-ec488e9fb39b,SPH,7310630,7310630,C00
616c9244-46a7-47fb-8360-97f370401a4a,SPH,7310630,7310630,D14
33e1e1a7-a72b-4f33-83f5-064bbf63bb0d,SPH,7310630,7310630,X70
c84f04b1-0f35-4049-821d-6c42da5b6e58,SPH,7420101,7420101,B00
be89abe7-848d-4df4-a9f4-3f7e1123e115,SPH,7420101,7420101,B02
caaeeea9-c853-43a0-86d7-195989ad46bc,SPH,7420101,7420101,B08
8ff71e95-3003-443d-a31d-7e1d32e3a7f0,SPH,7420101,7420101,X16
e2731f55-6751-4040-b8c3-867b95fcac4b,SPH,7440112,7440112,A00
2224217c-17f1-4dd3-a07c-5ee75789c8ff,SPH,7440112,7440112,B00
c75b6dbc-e57a-45b1-a6de-084bdc5762c9,SPH,7440112,7440112,D07
59af38dd-a4ad-4fae-9e66-7d411fd8aa81,SPH,7460101,7460101,A00
a90c5b12-41f6-448b-a887-2ed68e76374d,SPH,7460101,7460101,A01
f35635c2-2316-4ea4-a105-4987d3a96a27,SPH,7480201,7480201,A01
f8d7b6c1-7314-4426-908a-e8955b408513,SPH,7480201,7480201,X06
dd7aa2fc-6929-48e4-b0b6-1b4fd1380ce2,SPH,7760101,7760101,C00
f36e1cf3-e431-45ff-ab66-ca6ab281dc11,SPH,7760101,7760101,D14
cd3e00a4-3cd5-4010-9bb2-655336443d3c,SPH,7760101,7760101,X70
c54555b7-3d74-42df-bad8-041cab6f8747,SPH,7760103,7760103,C00
bb2a9ac5-3575-4d8e-9cd3-4e6fee7fc213,SPH,7760103,7760103,D01
300ca5d8-d5f1-459a-b6a4-575398d8fa20,SPH,7810103,7810103,C00
be6fe080-8ea2-44ee-b17d-e84948ecba62,SPH,7810103,7810103,D14
6796faa8-5c70-45d9-9286-ebad1842a821,SPH,7810103,7810103,X70
166908c7-e813-4207-8e3e-1b17238e7550,SPH,7140204,7140204,X70
c9fb270e-7fa5-4bd9-b900-3513615efef3,SPH,7140204,7140204,X74
81efc436-3963-429a-bd04-49045c0ade29,SPH,7140204,7140204,X78
64b6bf76-f1b6-4fc5-94f9-ee7f6f9f5be4,SPH,7140205,7140205,X70
d6626935-5f5f-45a0-ab80-6740ffdfa2a8,SPH,7140205,7140205,X74
ef703f91-5872-49a4-88bd-de13652a4b01,SPH,7140205,7140205,X78
49898f07-291e-4c36-b535-6ec90dec2785,SPH,7220101,7220101,C00
7686801a-5787-48d6-870f-cec9e26052f1,SPH,7220101,7220101,D14
fb0fa539-f76f-4625-ae7d-6ff664e89007,SPH,7229010,7229010,C00
1b2ecf5f-93e3-4b8f-84c6-0dfe562b8823,SPH,7229010,7229010,C03
1ec20d34-69ae-458a-bebb-5b698d1ed287,SPH,7229010,7229010,D14
9a5371cf-90a1-4788-a6c2-18ae80a5343c,SPH,7310201,7310201,X70
cbaec2a3-5400-408a-8b6d-b0228bcf0387,SPH,7310201,7310201,X74
15472223-a4c4-47a3-bb01-49c2efce762f,SPH,7310201,7310201,X78
3d457337-9cf9-4b3a-b89e-6d8ae8b743b2,SPH,7310301,7310301,C00
3aacbc49-563e-4902-ad8a-d7a61389a07f,SPH,7310301,7310301,D14
285b15ec-4e93-457e-8996-3bdd6b5b1238,SPH,7310301,7310301,X70
1f592b1f-df30-4ebb-ab71-1f7d164486cd,SPH,7420201,7420201,A02
2136f6a5-7c4a-4205-b6b0-f06df7340964,SPH,7420201,7420201,B00
706ae5d2-24bc-4531-8096-16ff09d3b96a,SPH,7420201,7420201,B08
26c5524b-4241-42d5-9221-150f76355ce9,SPH,7420201,7420201,X16
18e124bf-9469-472b-9528-02387ba25813,SPH,7440102,7440102,A00
0bf01a4b-af49-4ec1-af43-334041616778,SPH,7440102,7440102,A01
50c4c029-449d-4f51-8933-ec5cc9137713,SPH,7440102,7440102,X06
cf58ac2a-7faa-4c33-a55c-9fc16c2e4123,SPH,7140202C,7140202C,D01
b2b014f9-7385-472a-a19b-1f46d6a858e8,SPH,7140209C,7140209C,A00
9cf566a5-4bbe-4a9c-8e1b-958b3b6f2fc2,SPH,7140209C,7140209C,A01
a58e7e2e-7bcc-49a2-b405-4d20ac973d00,SPH,7140231B,7140231B,D01
d555b1e1-26ee-4c71-b1e4-5cf420335bde,SPH,7140204,7140204,C00
1b040496-39d4-45ad-a44b-d5aaadceff64,SPH,7140204,7140204,D14
11b744d7-83d9-4363-b185-44c13f97e8cd,SPH,7140205,7140205,C00
315a2222-ede5-4d53-9da0-ab17170264a4,SPH,7140205,7140205,D14
49aa64b8-efa7-40cb-90f4-00ea47496d43,SPH,7310201,7310201,C00
f406c374-ff43-415e-8e8b-ac9b1f8899ac,SPH,7310201,7310201,D14
60223743-f9f5-4094-967a-a7efd1fc1b52,KTA,7210105,7210105,H00
8010a676-c578-4ff9-95e1-acf53b717ef3,KTA,7210105,7210105,H02
22a5df8b-18f5-4d87-b628-aac71c70a576,KTA,7210403,7210403,H00
2e54d395-3b23-497a-b334-f7cb125648e6,KTA,7210404,7210404,H00
20033139-0226-44a9-a67e-9b79f79a6b2e,KTA,7210404,7210404,H02
d89b362e-ccb8-4862-8b2d-a2430e5bf0c2,KTA,7480201,7480201,A00
16e9ba47-79d9-45ff-b020-0dea51b99e4b,KTA,7480201,7480201,A01
4c132df1-9693-4c09-9b10-d883f540d1ed,KTA,7480201,7480201,D01
07aab586-ffd1-4fde-876c-b4ea4e45d434,KTA,7480201,7480201,D07
62cc78a6-5ce6-4bb1-8984-b38446dd2bbe,KTA,7480201_1,7480201_1,A00
9de946d3-f06c-414c-aa0b-6e0e7e2c0931,KTA,7480201_1,7480201_1,A01
0d0333fc-6533-42ba-a9fc-9582f67af31c,KTA,7480201_1,7480201_1,D01
262f2075-e831-435f-b813-570b2a833e05,KTA,7480201_1,7480201_1,D07
63ba9a6f-ad42-4035-abb0-d51c8e6c4b92,KTA,7510105,7510105,A00
6e953710-26bf-4caf-bd27-909e9bd6d14f,KTA,7510105,7510105,A01
26eb352e-6a0b-4aae-8a2f-a2021c9308a0,KTA,7510105,7510105,D01
38052385-8b35-429f-bb20-ec590dbfae57,KTA,7510105,7510105,D07
eb5cdebe-4f52-4691-a51d-73072f480146,KTA,7580101,7580101,V00
ac13689e-4bc3-44a0-b02e-92e45df2ac6f,KTA,7580101,7580101,V01
d05d4fca-99f1-4acb-8012-6e6409748824,KTA,7580101,7580101,V02
08e3327f-a3d9-4733-be5d-a9a691104cc4,KTA,7580101_1,7580101_1,V00
37a1a668-c227-462a-84c2-92c736242120,KTA,7580101_1,7580101_1,V01
e7058d3b-867e-4445-b3d5-cc94476329c5,KTA,7580101_1,7580101_1,V02
7568cc1b-fcc5-49cb-bfbc-7336190e2eb5,KTA,7580102,7580102,V00
1c63cae4-f9c7-46eb-8cbf-f4dad91b2246,KTA,7580102,7580102,V01
85c25067-f03d-4ac3-8dc5-0e7f7c579cb9,KTA,7580102,7580102,V02
c18c6638-76b2-4817-b018-34d104ca7ce4,KTA,7580105,7580105,V00
21fb6e92-857d-486c-aebb-2ca6d3bf774c,KTA,7580105,7580105,V01
6d2eb0cf-565a-44ed-b97b-491fffed9693,KTA,7580105,7580105,V02
2b73d522-86aa-47eb-838f-91b3ccaeee56,KTA,7580105_1,7580105_1,V00
6478907b-0658-4c74-af91-681430d69a6b,KTA,7580105_1,7580105_1,V01
43e54c3d-df38-48c3-9e1a-a704e55f5d31,KTA,7580105_1,7580105_1,V02
904255f1-6c9b-4453-9729-f07a4cd7b233,KTA,7580108,7580108,H00
6068113b-c1d2-43ff-9479-32c15679135a,KTA,7580201,7580201,A00
3d5a8cac-a3bc-4b69-aa7a-358be74b8986,KTA,7580201,7580201,A01
2d2e9774-dc5e-4423-883f-af305bfff140,KTA,7580201,7580201,D01
150239bd-b85f-4be6-ad01-18f612fdde6a,KTA,7580201,7580201,D07
f2c400d3-a99b-4d1f-bb71-32ecacb336bb,KTA,7580201_1,7580201_1,A00
dc361aa6-4c66-473c-a532-8f60c43c04b2,KTA,7580201_1,7580201_1,A01
bc7369b0-5cfc-4ea5-a80f-bf795b57431a,KTA,7580201_1,7580201_1,D01
c4b8e02d-2183-4f8c-8e39-e1337da574d8,KTA,7580201_1,7580201_1,D07
8efa96c3-253a-4527-b84b-d75296129e82,KTA,7580201_2,7580201_2,A00
b0a669b9-6212-4594-b863-ad184743872c,KTA,7580201_2,7580201_2,A01
125f45c1-02a2-46ee-8946-81f56113c143,KTA,7580201_2,7580201_2,D01
50341709-4dd5-42c3-8daa-5dc262c11a39,KTA,7580201_2,7580201_2,D07
f8d642bb-9ce6-4412-9b29-e70d1c9810ca,KTA,7580205,7580205,A00
2ad7562f-0a74-41b3-b79c-4b56dc8dea02,KTA,7580205,7580205,A01
2af7735a-560a-4064-a722-9a5f4306d11e,KTA,7580205,7580205,D01
160ea027-2942-498f-bc54-5cc91c338d49,KTA,7580205,7580205,D07
bd3f05ea-98ca-4f1b-8a0d-977b2efe77e2,KTA,7580210,7580210,A00
d4d734a4-c608-43a7-94d7-b7283ca11233,KTA,7580210,7580210,A01
48fcb7c4-6f1d-4192-8365-5dd3482e1f7b,KTA,7580210,7580210,D01
9acf59b1-73de-46e0-a393-5052b0ce6a9a,KTA,7580210,7580210,D07
bb970f94-0d4c-4b63-9457-96f830598fdd,KTA,7580210_1,7580210_1,A00
82757e0c-8111-46b2-8504-9c31b5b8df1b,KTA,7580210_1,7580210_1,A01
76830ce0-d6c1-42e1-a8e4-7d2acda6cd92,KTA,7580210_1,7580210_1,D01
3256d954-efe4-4f1f-b0b0-1c491a110084,KTA,7580210_1,7580210_1,D07
884f8ecc-70af-4ca9-bd85-8eb82c95ffc3,KTA,7580210_2,7580210_2,A00
fe5b9aaf-fe19-4e04-b554-3bc32987d507,KTA,7580210_2,7580210_2,A01
6e7c44fa-fa57-46b7-a64d-b8de598bb06f,KTA,7580210_2,7580210_2,D01
3c50ad52-f541-4e87-8c0d-b50edcc1acef,KTA,7580210_2,7580210_2,D07
6d2713a1-8fa5-4f86-a6e3-5a41fb139f58,KTA,7580213,7580213,A00
b35e458f-8de0-4ea0-823a-04532a3db5e1,KTA,7580213,7580213,C01
f9bcbfe6-f052-476c-a406-345d4a1549d2,KTA,7580213,7580213,C02
ba7d95ab-9d5d-444f-8251-013474464b44,KTA,7580213,7580213,D01
0dfb7244-b411-43fe-ae06-1e6534164565,KTA,7580213,7580213,X03
9f45c7b7-7b0d-4280-93e4-a01a75699ec5,KTA,7580213,7580213,X04
c66e480d-f990-4405-86eb-493be08126a8,KTA,7580301,7580301,A00
8ce9c0a9-01a3-4f48-bb60-a690174130cf,KTA,7580301,7580301,C01
8b36d28c-44df-48fb-8f53-d6d023add3e0,KTA,7580301,7580301,C02
72570588-4fe3-497b-83ee-bdfc3aacd9d7,KTA,7580301,7580301,D01
44fa0643-1114-484f-addb-cf0f2ddf1f90,KTA,7580301,7580301,X03
f039aaaf-82f0-490e-96e0-1d4761e48599,KTA,7580301,7580301,X04
c8b6585f-4165-4ee3-8ec0-dcf1d9ff1b46,KTA,7580302,7580302,A00
e9bc964e-ee23-43d5-ab3c-b35ea42c2bd4,KTA,7580302,7580302,A01
9c51816d-f8d4-49cb-95b4-8d3d1df87b63,KTA,7580302,7580302,C01
5d572798-2923-4810-80ff-6491707a1f1b,KTA,7580302,7580302,D01
64fd947d-c777-41d0-93ee-d67dd3f4bdfc,KTA,7580302_1,7580302_1,A00
e5afc94b-ef1e-42a6-b16b-194406260e57,KTA,7580302_1,7580302_1,A01
4406c743-848f-4f92-907e-21cfa68bf1d8,KTA,7580302_1,7580302_1,C01
8573af89-aea9-4d9a-9119-af99b4b20e07,KTA,7580302_1,7580302_1,D01
7f4e209b-c693-4045-b509-6753b45b0779,KTA,7580301_1,7580301_1,A00
c6ab0280-8ee9-435b-9761-3e161ae66a6e,KTA,7580301_1,7580301_1,C01
f368e2c7-18c0-4e5e-b7f7-9b289260bd72,KTA,7580301_1,7580301_1,C02
3a0ae721-32c2-4dd5-a209-c0fad06f8cda,KTA,7580301_1,7580301_1,D01
0a744d00-a725-4068-a97e-45b0c86527b4,KTA,7580301_1,7580301_1,X03
07f52e77-8f17-4e5f-8281-25fcf58efe3e,KTA,7580301_1,7580301_1,X04
353174c5-de66-402a-9151-9ce23d16a640,KTA,7580302_2,7580302_2,A00
4f36ca31-2506-4fe9-aa04-3a791b8d4753,KTA,7580302_2,7580302_2,A01
5e558241-807a-4e30-a3ca-9d2676a4ecce,KTA,7580302_2,7580302_2,C01
bcd019c2-bf3f-4e76-ab3e-14f589c687f6,KTA,7580302_2,7580302_2,D01
437bee83-013a-481a-8ad8-732e0d8afdf6,KTA,7580302_3,7580302_3,A00
4fdfa74c-4144-420c-a9d5-aec3d52791f1,KTA,7580302_3,7580302_3,A01
7a3c7dee-a523-403c-a6b8-71a264ce3bee,KTA,7580302_3,7580302_3,C01
c3b2eb11-3e2d-4f6c-be6b-25e65d0fd4df,KTA,7580302_3,7580302_3,D01
42565179-6cac-4e97-82d5-68455fff541f,KTA,7210403,7210403,H02
4716dfc4-1c5f-498f-be6a-8d6d3a688ae0,KTA,7480201-1,7480201-1,A00
b1983dda-bee3-4d91-b7e1-5623820771c8,KTA,7480201-1,7480201-1,A01
b370c36f-f1cc-4d1f-893c-844412427753,KTA,7480201-1,7480201-1,D01
69eaee12-baa3-4b89-b9d4-1c850d771cd6,KTA,7480201-1,7480201-1,D07
ba6dc1a1-0c70-4ed6-95d9-de302f72f224,KTA,75801011,75801011,V00
d7ffb907-bca8-4f89-8d6a-d66d9d833eca,KTA,75801011,75801011,V01
c88edb01-ae48-4a54-a4cf-c2ed13b996b2,KTA,75801011,75801011,V02
433419b9-bfb4-47af-bda2-aa1a32e2ac78,KTA,75801051,75801051,V00
b65c050c-5bfb-4b0e-a1db-f14569ce5c9e,KTA,75801051,75801051,V01
7aec22be-53a3-44e5-91f0-2b86b4b4c342,KTA,75801051,75801051,V02
0a3dba78-32a9-45dd-adf2-e928e3cdb383,KTA,7580108,7580108,H02
01729048-1e63-4283-a72c-5ba6adb2afd6,KTA,7580201-1,7580201-1,A00
b83ba352-1950-47d2-b209-94ccef75834a,KTA,7580201-1,7580201-1,A01
b3ad221d-262e-4840-9990-b9f25267e78f,KTA,7580201-1,7580201-1,D01
2e797ef7-f9fa-421c-ada0-149f2f63a59e,KTA,7580201-1,7580201-1,D07
10d6c72c-3592-4f9b-946e-7535ea42a749,KTA,7580201-2,7580201-2,A00
4b915827-7a70-4807-9639-939d4ee46019,KTA,7580201-2,7580201-2,A01
e4a82e03-c2be-4b6e-9a4b-1abf88df644d,KTA,7580201-2,7580201-2,D01
59d5f0b1-246e-4484-84dc-d511fea4d9cf,KTA,7580201-2,7580201-2,D07
ac7b178f-be10-4181-a668-2c2f182ea970,KTA,7580210_l,7580210_l,A00
3d7fb0f0-3cd4-41fd-882e-7fea6d5e1df1,KTA,7580210_l,7580210_l,A01
31439fb4-8bcc-447d-8b4e-a5664f1dd43f,KTA,7580210_l,7580210_l,D01
1687f3aa-bfb1-4507-a337-67f956077bde,KTA,7580210_l,7580210_l,D07
05e1dc9d-e3f9-4287-88d3-993a10c4498c,KTA,75802102,75802102,A00
3b2ae991-8a4a-4c68-bfe3-009483ddf6b7,KTA,75802102,75802102,A01
254f6e2d-dd76-405f-9264-d7cc8e3f20b7,KTA,75802102,75802102,D01
239159f2-89d0-4b3f-b0aa-81772efe5977,KTA,75802102,75802102,D07
f26b06bc-0b85-4a70-8c62-5bf336c45175,KTA,7580301-1,7580301-1,A00
238f75d5-f325-4ad3-9992-75f33c0ede10,KTA,7580301-1,7580301-1,C01
2d55a279-df73-4275-83a8-aad07d2d2ca5,KTA,7580301-1,7580301-1,C02
4a3db408-ec13-483e-b41c-ec6caf706766,KTA,7580301-1,7580301-1,D01
48fca8c8-2a52-42e4-9d13-7c4caa77068a,KTA,7580301-1,7580301-1,X03
9fedd2ac-55b6-41fa-b80a-3dfa2e90213d,KTA,7580301-1,7580301-1,X04
4afe4196-6d71-49cf-9231-fb7788847ce2,KTA,7580302-1,7580302-1,A00
1e8fa1ee-97f2-4f07-8a25-bb7c91054fcf,KTA,7580302-1,7580302-1,A01
679c9a02-6fca-4261-a7ba-1c98599ef070,KTA,7580302-1,7580302-1,C01
10bcbcfd-7ba5-4ce6-b109-538e67194714,KTA,7580302-1,7580302-1,D01
584ebf0b-dad4-419f-b641-a5dceb825530,KTA,7580302-2,7580302-2,A00
3751a757-a505-4beb-9e90-92bc7721cd46,KTA,7580302-2,7580302-2,A01
170a4ae0-ab2c-45bb-9411-da0d62be3e7c,KTA,7580302-2,7580302-2,C01
0b40631b-7d1f-4aff-b406-7452b613ca69,KTA,7580302-2,7580302-2,D01
2ec9082e-c607-4c37-9519-33bb68df8e55,KTA,7580302-3,7580302-3,A00
299c5c03-9a30-43f8-a8c4-38ad76e51ef8,KTA,7580302-3,7580302-3,A01
b087299b-ba93-454a-9b39-a79c91e1b651,KTA,7580302-3,7580302-3,C01
49f7c6b7-f69d-47f0-9a0f-759305fa43df,KTA,7580302-3,7580302-3,D01
4aadaedc-3a15-47fe-8a5c-6d7fd746560c,KTA,7310104,7310104,A00
568d95ea-0e02-45dc-beda-c9fd0c25047d,KTA,7310104,7310104,C01
e0075066-ce05-46f6-aac0-d8d3217a717d,KTA,7310104,7310104,C02
1efe4406-7029-4799-8f12-a32918880515,KTA,7310104,7310104,D01
48c9cbe8-502f-42d0-9522-157b919cfe01,KTA,7310104,7310104,X03
7c5fc5c2-d422-4a23-94e7-372f858134fb,KTA,7310104,7310104,X04
34ae693b-23af-4657-8786-ba04d920752c,KTA,7310105,7310105,A00
44ce2760-fb45-455b-922d-4fa73ecc015c,KTA,7310105,7310105,C01
0b76a25a-9c13-4e58-a2c8-9af803bc1aeb,KTA,7310105,7310105,C02
f9a2d264-bf1d-4089-8e7e-03c89d5dce49,KTA,7310105,7310105,D01
313da91a-b967-4918-843e-3f1bffb7baba,KTA,7310105,7310105,X03
2fead074-2cf7-4c0e-a250-d88438d440a2,KTA,7310105,7310105,X04
6a4347ae-fbae-4f4d-9152-81de71afb553,KTA,7480201,7480201,C01
869a100b-52ec-4386-a740-d9d25ed927fe,KTA,7480201,7480201,X02
1d3115eb-caa2-4266-a4f5-b3eef30f0c51,KTA,7480201,7480201,X03
0c924d9b-35b2-410c-a5c7-a5341067bbbc,KTA,7480201,7480201,X04
a60311eb-5c0d-430c-a3aa-f87384bab729,KTA,7480201_1,7480201_1,C01
9d38d1f9-81e2-4a10-aa15-fbc80ac0fc2d,KTA,7480201_1,7480201_1,X02
9e9d9c53-2ee7-4c24-9eae-8fc172076dcf,KTA,7480201_1,7480201_1,X03
1366fd59-7b57-418f-a292-db5578ab3553,KTA,7480201_1,7480201_1,X04
c5445b5a-ec45-46e4-b9db-aea83f0931da,KTA,7480201_2,7480201_2,A00
beb21fce-9ef1-4fdf-8f74-628abc8977e5,KTA,7480201_2,7480201_2,C01
d6f76d8e-499c-407b-99fa-7e26b80bb509,KTA,7480201_2,7480201_2,D01
ce16c225-549f-40e5-b595-9fa3ca844af6,KTA,7480201_2,7480201_2,X02
7f1a142a-068d-4b24-8903-2b1fff14d70a,KTA,7480201_2,7480201_2,X03
d4068b35-b72a-4ece-8cd7-81d2ae7e8afb,KTA,7480201_2,7480201_2,X04
52eaec39-6611-401c-82fb-b2ff76fa0027,KTA,7510105,7510105,C01
da63df29-962a-4188-a7d3-4e465d372e30,KTA,7510105,7510105,C02
a75ac827-0bcf-4149-80f4-7c79d249f9d3,KTA,7510105,7510105,X03
30f28e34-6af5-4d33-b096-ab827bd7672f,KTA,7510105,7510105,X04
0f8913d0-1def-46ea-8a82-337c6634d435,KTA,7580201,7580201,C01
5c634171-9654-49e9-9bfa-4104e3fa091b,KTA,7580201,7580201,C02
d86776a8-6853-4b49-89a0-06a7bd65abf5,KTA,7580201,7580201,X03
06c7e645-29c0-4cb2-bb69-5994d1f6bb2c,KTA,7580201,7580201,X04
c4204d18-528b-46bc-94c4-f852eb308dc8,KTA,7580201_1,7580201_1,C01
3ca4e036-3ddc-4745-95a6-bb19a5fb934d,KTA,7580201_1,7580201_1,C02
e3c5c901-583b-4b97-a986-0850bb38701f,KTA,7580201_1,7580201_1,X03
69f85a8d-fb96-4a7b-8fed-2ff50831d41d,KTA,7580201_1,7580201_1,X04
a83192ed-f2c5-4abc-a4b5-079189e1138d,KTA,7580201_2,7580201_2,C01
048ebd05-a4b4-4ef5-91a9-34cc38a9a38f,KTA,7580201_2,7580201_2,C02
6270d759-8358-4573-b5f0-3bbacf27aa0c,KTA,7580201_2,7580201_2,X03
4f8d0872-ba8f-4b26-b4c9-612407f052d7,KTA,7580201_2,7580201_2,X04
fc66d747-94e9-4513-a17b-026db7e5d3e0,KTA,7580205,7580205,C01
6f262da9-01a7-49b9-99b7-91b4292da1ec,KTA,7580205,7580205,C02
d8a2a7e8-de1a-4950-8a82-3436d8707b5c,KTA,7580205,7580205,X03
586881ff-6527-45f6-b98d-e1210cffca79,KTA,7580205,7580205,X04
20aecb81-bdb1-4a31-ab37-cb8174832234,KTA,7580210,7580210,C01
db947aff-7bbe-47d3-bf46-def878f5395d,KTA,7580210,7580210,C02
32e766ba-9360-43fa-8069-d186c2b5ad5e,KTA,7580210,7580210,X03
788dbd2f-d1bc-453e-ae29-43009281bea5,KTA,7580210,7580210,X04
b4d9492e-71ca-4886-a369-37ad693dc762,KTA,7580210_1,7580210_1,C01
228443e9-4029-4fa4-8907-fa8bb28579e7,KTA,7580210_1,7580210_1,C02
c4e5b464-09ec-4ff0-afe5-bcb2794679fb,KTA,7580210_1,7580210_1,X03
f985b3c6-2104-4f60-999c-c527d8a8409c,KTA,7580210_1,7580210_1,X04
1907d88d-7fcc-4bef-855b-0e5f197c2d9c,KTA,7580210_2,7580210_2,C01
be112774-f138-4f77-beff-e362c6504973,KTA,7580210_2,7580210_2,C02
309ddd5f-25a6-45a5-a30f-d7109c7809ac,KTA,7580210_2,7580210_2,X03
3894b2fe-bafa-4e2c-a72f-aa8df1b66e99,KTA,7580210_2,7580210_2,X04
2b3f9663-289b-44ba-aef9-e942ba0cf1c4,KTA,7580302,7580302,C02
2b590b3b-6e24-4528-ba38-9d71b80320d9,KTA,7580302,7580302,X03
ec3a3f2a-cdcd-477c-866a-cc63c462a6f5,KTA,7580302,7580302,X04
c4a7d561-acf0-4ba5-bcfb-f90e94125a3c,KTA,7580302_1,7580302_1,C02
9e229d27-dd74-471f-97bd-8b12b91d2eb7,KTA,7580302_1,7580302_1,X03
506f54b8-c13a-492b-826b-76b265af90ca,KTA,7580302_1,7580302_1,X04
b39245cb-ddd1-41d3-b232-03b9e94414a6,KTA,7580302_2,7580302_2,C02
79a60710-05c0-4e1a-a39d-b9fb690387f3,KTA,7580302_2,7580302_2,X03
73f51b3b-2e4f-43b9-858e-33207fb15e05,KTA,7580302_2,7580302_2,X04
1380787c-21df-4622-a934-cf4096c08261,KTA,7210105_1,7210105_1,H00
92c30ae4-341f-46f5-bfc2-8c9a4af536ac,KTA,7210105_1,7210105_1,H02
68d3b24f-e32f-44f4-beb6-190b9eaba6c8,KTA,7210403_1,7210403_1,H00
5020c3a9-5345-413a-b794-51ccd3561707,KTA,7210403_1,7210403_1,H02
eb64c57c-8fbc-470b-b5e2-2164a2e94c83,GTA,7340101,7340101,A00
df942b45-f1a0-4f30-a23e-b6ce720535e3,GTA,7340101,7340101,A01
e57d1be9-114a-456e-8f8a-fad1df271359,GTA,7340101,7340101,D01
78dc5209-7efc-4aa4-b084-5b29b080cb7d,GTA,7340101,7340101,D07
e7873066-5f75-4aa7-961c-1b21e1d0fbbf,GTA,7340122,7340122,A00
d40ea81b-5543-4521-a1b7-6ae42145e3ce,GTA,7340122,7340122,A01
0eb122fb-53f1-4bbf-8a01-6401cdcda415,GTA,7340122,7340122,D01
cb4f8fac-edca-493a-aff7-6601f792f1e7,GTA,7340122,7340122,D07
7c292fb6-9148-492a-ba45-26798221ec05,GTA,7340201,7340201,A00
7dc02260-9fd8-45fe-b938-909ef9664fd7,GTA,7340201,7340201,A01
1c9c9afb-0302-4fde-b672-5bdcc365fb7c,GTA,7340201,7340201,D01
282e3cd9-f9a7-4a17-bc00-76d4380e42fb,GTA,7340201,7340201,D07
335e69c0-d146-4e05-8bc5-da854826c1d9,GTA,7340301,7340301,A00
b4eddb63-5e80-438b-ad5d-2c6a34ee67f0,GTA,7340301,7340301,A01
98a9a896-7b88-4756-b146-a046b4311e12,GTA,7340301,7340301,C01
36b5dbcb-4e74-4955-a849-f25a5056d6b0,GTA,7340301,7340301,C02
071fda7f-505f-484d-baa5-7536ec95dbda,GTA,7340301,7340301,D01
869172f1-4cc6-4458-a9a6-802cd136f371,GTA,7340301,7340301,D07
7a36f5c8-3b08-49e0-b76e-dde1cdd7fde0,GTA,7340301,7340301,X01
4b5cc6bf-d58e-4801-86c6-5161a1ee603f,GTA,7340301,7340301,X02
b61ae687-ce8a-49f3-b1b3-7c8e7a63965a,GTA,7340301,7340301,X03
57b39e2b-7ade-4e7b-b257-c3b2acddc98f,GTA,7340301,7340301,X25
69a6f290-4d61-4a8e-a767-e73f68eb4cc1,GTA,7340301,7340301,X26
b23519a5-228a-4474-9ddb-6f51a64538cd,GTA,7340301,7340301,X27
0bd52e08-3d56-409f-a96b-1150e8e98f5c,GTA,7340301VP,7340301VP,A00
b9a0cdfe-7df5-4484-85a8-c23333a894a1,GTA,7340301VP,7340301VP,A01
c14bb08c-1b5c-469b-8e24-62e50d4bd0fe,GTA,7340301VP,7340301VP,D01
b33aedc4-18b9-47a5-a8f5-c903c0f2a0ba,GTA,7340301VP,7340301VP,D07
78181f89-164a-490f-8d01-77bde17931f3,GTA,7480102,7480102,A00
0f18dab6-053e-4d99-942c-f93ad856ea90,GTA,7480102,7480102,A01
00b7dcd7-cdb0-400a-bfbc-ec7c2fa6748b,GTA,7480102,7480102,D01
82190ff1-86ca-43e3-a167-2b1e1049e60c,GTA,7480102,7480102,D07
08cfcce1-2cd0-4b3b-990c-20c61d824299,GTA,7480104,7480104,A00
4a66860f-ed4c-438d-b831-629aeee7fbbe,GTA,7480104,7480104,A01
0a1f3e2e-be82-4f2d-9cde-f441fc02413d,GTA,7480104,7480104,C01
a9f6ceef-46f8-4265-9554-848eb458a8af,GTA,7480104,7480104,C02
c5b6d2e1-bbe6-4ed5-8f91-c2bcab09cae1,GTA,7480104,7480104,D01
08023e22-718b-4fb1-9da4-1b461cf246b1,GTA,7480104,7480104,D07
48945be2-9806-4a8a-b5e0-0f8ce6f0cc26,GTA,7480104,7480104,X02
8921a878-b06f-4835-90e5-1df075613fc8,GTA,7480104,7480104,X03
49a488f0-8850-414a-a244-c689748d29ef,GTA,7480104,7480104,X26
e255a2bc-afff-4547-80a1-d53b9df72a87,GTA,7480104,7480104,X27
5d3b085f-61be-4b5f-9570-2120a72f4f08,GTA,7480201,7480201,A00
a761c1ba-6140-42c5-99d0-6862572eb74a,GTA,7480201,7480201,A01
a974a760-5a02-4506-b9c4-406b06210384,GTA,7480201,7480201,D01
c5129deb-4001-4cdc-8557-ab8963c2ca34,GTA,7480201,7480201,D07
492ec071-068b-411e-b781-741f9f9fd66a,GTA,7480201VP,7480201VP,A00
feb323aa-8a34-4c92-a6f8-2a916a14cae0,GTA,7480201VP,7480201VP,A01
5c666e7a-11fb-4d0b-83be-0d13c7c87f5d,GTA,7480201VP,7480201VP,D01
e6f0140c-b173-41e6-82ea-4e0e95be38c7,GTA,7480201VP,7480201VP,D07
2f9043f7-791a-436f-903d-5fd4e328bc08,GTA,7510102,7510102,A00
82e39395-9aec-45f2-8848-5ccf3b4e3349,GTA,7510102,7510102,A01
a5c65780-4d7e-4277-8bbc-e81ea7b46912,GTA,7510102,7510102,D01
af86aaf9-9606-40b4-a900-81e8afdb2b13,GTA,7510102,7510102,D07
9e5c503e-5c1d-4d8b-b749-c36c0461f7e9,GTA,7510102TN,7510102TN,A00
6a9279c9-81db-468c-9146-1c712881fa3d,GTA,7510102TN,7510102TN,A01
c796d4b4-0de6-4589-a189-c70cdcfd4a35,GTA,7510102TN,7510102TN,D01
1ac13a5d-a1cd-4084-aef9-c958810d399c,GTA,7510102TN,7510102TN,D07
6f6abd55-7748-41bb-b0e1-eacf876a0bb0,GTA,7510102VP,7510102VP,A00
522170db-08c2-40c4-b069-ac1cb1a58f1c,GTA,7510102VP,7510102VP,A01
5ab58a9d-4fcb-4f6c-97ca-49eb7a2304db,GTA,7510102VP,7510102VP,D01
78eaefe9-8c6e-4b2e-a107-8fe7b98921ae,GTA,7510102VP,7510102VP,D07
ed02cb5c-bdb8-4fb1-a126-a7c53bf3357f,GTA,7510104,7510104,A00
628e328f-c732-4028-aaa7-f3ef62c07688,GTA,7510104,7510104,A01
7277fee0-2bd1-4e36-a868-ccca27bffb6f,GTA,7510104,7510104,D01
3dddf314-3dac-4463-92a6-41d3c61db96a,GTA,7510104,7510104,D07
50db51d9-bc51-4249-8eac-50da9ce869ce,GTA,7510104TN,7510104TN,A00
ac416f67-4098-4ef9-bc57-617e9a0717b6,GTA,7510104TN,7510104TN,A01
01c0b9ec-5b6d-4d7b-be3d-b6c1cd502bc0,GTA,7510104TN,7510104TN,D01
b425f878-09da-4f7a-9968-95deba4ced81,GTA,7510104TN,7510104TN,D07
bfb3f85a-1f99-4da9-a85e-6e0c273480d6,GTA,7510104VP,7510104VP,A00
8d5fa575-9616-418b-91c1-878f19b37861,GTA,7510104VP,7510104VP,A01
9b92d2e0-b266-45b9-8daf-7e05e1a5a1be,GTA,7510104VP,7510104VP,D01
e13e58b9-3eaa-4689-9181-e2d5c1b10306,GTA,7510104VP,7510104VP,D07
8f1df623-1e3d-4162-88c4-49cfc7f4e66f,GTA,7510201,7510201,A00
259b4784-5185-422b-9e5d-d877d191cb91,GTA,7510201,7510201,A01
7dab9b56-4622-4283-bd13-af4997059d02,GTA,7510201,7510201,D01
b1c5481b-cd3b-4ee4-af21-1912530f0b69,GTA,7510201,7510201,D07
ec2a3114-c740-4243-8f4b-46493966da9f,GTA,7510203,7510203,A00
ef0be426-651d-4c15-adc9-498e52e80e1b,GTA,7510203,7510203,A01
838d3d4e-2b86-4eb4-8e61-b4a8e8eb1ad2,GTA,7510203,7510203,D01
1430597e-da3e-471b-bc0d-bf61dabb622a,GTA,7510203,7510203,D07
403d49ac-5b1f-42be-88ba-0e4d9c91da8c,GTA,7510205,7510205,A00
92548566-1931-4432-9a56-666dd0cdf42a,GTA,7510205,7510205,A01
4d188b00-42ba-4e90-a277-f10d5706fd13,GTA,7510205,7510205,D01
f267d450-ce64-43fc-b3db-a3aec3076126,GTA,7510205,7510205,D07
2a167312-02cf-4f3c-9e77-a4724f13c064,GTA,7510205TN,7510205TN,A00
9a344991-c2bb-4ac5-b609-ffa4483cfb23,GTA,7510205TN,7510205TN,A01
7b48a626-dd42-4267-be20-8d4e081f3eba,GTA,7510205TN,7510205TN,D01
c30a4d4e-9c5e-4232-bf28-d03cbc71b367,GTA,7510205TN,7510205TN,D07
846315c3-ecf1-4e5e-badf-8407d2ceeac7,GTA,7510205VP,7510205VP,A00
76574e52-958f-4f4d-8b56-784f3497f1be,GTA,7510205VP,7510205VP,A01
27543988-8fd3-471f-87bf-df26ddc67232,GTA,7510205VP,7510205VP,D01
12657d47-2e64-415c-a3c7-cc2b5eb9082b,GTA,7510205VP,7510205VP,D07
9565751b-21ea-4f79-9e65-3ec1a6e0d176,GTA,7510302,7510302,A00
cc68b076-a62c-4c2a-85c9-953eb50fd782,GTA,7510302,7510302,A01
250eb6f0-7023-48df-ab60-b4e5c9b2573f,GTA,7510302,7510302,D01
951c7734-d456-4d81-a892-084d8da233bf,GTA,7510302,7510302,D07
2e4a507f-0e4d-433f-a09d-d976986fc3c1,GTA,7510302VP,7510302VP,A00
0e563066-1f59-49d1-bdfb-046a8efc43e4,GTA,7510302VP,7510302VP,A01
a6dffbcc-fbb9-403b-85f6-2d1c559dc34b,GTA,7510302VP,7510302VP,D01
3332583d-b70a-4d52-98b8-fecec1e233e2,GTA,7510302VP,7510302VP,D07
4975757d-6d5d-4557-ad02-d21f26c62931,GTA,7510406,7510406,A00
916036d1-e4c5-4500-9610-5733b22ed480,GTA,7510406,7510406,A01
e4f20a2a-35f6-4e40-b375-56678141a12a,GTA,7510406,7510406,B00
d07d94f6-fad8-46cf-a99a-0c58f25be459,GTA,7510406,7510406,D07
6db07568-b707-4ac0-8b0e-8df0c14b02b9,GTA,7510605,7510605,A00
5d0ea9e3-7521-4d40-889a-03df9f758fd0,GTA,7510605,7510605,A01
27dd597d-c38e-425f-91b2-8744e3ef16e5,GTA,7510605,7510605,D01
eace6bba-bf4d-4b46-ac9b-c333f3f7d7ad,GTA,7510605,7510605,D07
7a61e255-485b-40bc-9a7e-85eabdd14d6d,GTA,7510605VP,7510605VP,A00
e7a37ebf-3dcc-47f6-9866-6cd34672c52b,GTA,7510605VP,7510605VP,A01
730e7b28-a3aa-4cfc-a730-e35893c440f1,GTA,7510605VP,7510605VP,D01
70af6fe6-282b-4f16-a8c8-5fc29706867b,GTA,7510605VP,7510605VP,D07
f17bd84e-c9fe-421b-93e3-fd8f6e4a85f1,GTA,7580301,7580301,A00
3e681328-662d-4fbc-8081-2c95639d7ed4,GTA,7580301,7580301,A01
b0bc54b2-90b7-47b9-88c0-ca803bd258d1,GTA,7580301,7580301,D01
8c0f1bcf-f3f5-433b-99a8-281080005c04,GTA,7580301,7580301,D07
71b62894-389e-4ae2-94c0-717c5a0b06c2,GTA,7580301VP,7580301VP,A00
d564b06d-cda9-4183-a512-c32588801660,GTA,7580301VP,7580301VP,A01
0d79fea6-bfb2-4e0c-b795-6413c03e1478,GTA,7580301VP,7580301VP,D01
662c84f0-8bf3-400c-a699-cd5d2c09876b,GTA,7580301VP,7580301VP,D07
bcb07cff-44d3-4014-be1e-d428d7df6f61,GTA,7840101,7840101,A00
61ce6596-ab5b-41fc-94d0-7963d2e3aeae,GTA,7840101,7840101,A01
68e1fa0a-9228-46bc-a680-6ad298e8493f,GTA,7840101,7840101,D01
501d23e1-4c41-41c4-89df-d735021fcc2f,GTA,7840101,7840101,D07
f8384a66-aa9f-463d-aed0-4aca22560b3f,GTA,GTADCCD1,GTADCCD1,A00
a2c454fe-bbe7-45f6-8488-803a83bcc68f,GTA,GTADCCD1,GTADCCD1,A01
c0c19c84-e6b1-4999-9148-21f42de46c98,GTA,GTADCCD1,GTADCCD1,C01
877f1a72-372a-4eef-96e1-9a35b1c50b46,GTA,GTADCCD1,GTADCCD1,C02
f4850d86-33d9-421a-8327-abc7677a8eae,GTA,GTADCCD1,GTADCCD1,D01
d5de5745-d6ae-4952-afbb-7510e9b14cd0,GTA,GTADCCD1,GTADCCD1,D07
e4fad632-7a55-4a17-bfc2-03270871d551,GTA,GTADCCD1,GTADCCD1,X02
877585c9-e93d-4696-b132-1f9aad125120,GTA,GTADCCD1,GTADCCD1,X03
0982eb0b-d76e-401d-9d98-f186ce57408a,GTA,GTADCCD1,GTADCCD1,X26
05cc849d-ce3c-49b9-aebf-887d5ae717fc,GTA,GTADCCD1,GTADCCD1,X27
1bb4ee8a-f808-4598-9aec-d425ed831a4d,GTA,GTADCCD2,GTADCCD2,A00
ba99138b-32a3-4b4c-b36a-9010167f9fae,GTA,GTADCCD2,GTADCCD2,A01
cf7bcc03-ce27-46f7-83fd-58c55c699af7,GTA,GTADCCD2,GTADCCD2,D01
4bcae68d-3360-45cb-bc43-4024cec197c6,GTA,GTADCCD2,GTADCCD2,D07
6ee6f12e-2fa1-47ed-a7af-5887d5b65bb3,GTA,GTADCCD3,GTADCCD3,A00
7551c21a-ebc7-40cd-87c4-be48095c4ca5,GTA,GTADCCD3,GTADCCD3,A01
aed96051-b6ad-46b2-94e8-0c8f7343b90f,GTA,GTADCCD3,GTADCCD3,D01
07d55ea8-f68d-4e2c-89df-ee08f230c5c8,GTA,GTADCCD3,GTADCCD3,D07
8e8899c2-0207-45bb-9caf-7a7afed85a51,GTA,GTADCCH2,GTADCCH2,A00
92bb8387-4874-4ff2-9081-d0e893d75623,GTA,GTADCCH2,GTADCCH2,A01
38c29e8f-cb91-49c4-b31a-c3c6a3e8bfd7,GTA,GTADCCH2,GTADCCH2,D01
346a578d-aad4-4630-a395-39b99d21a6a5,GTA,GTADCCH2,GTADCCH2,D07
6fcdcd24-4425-4838-8341-a3564499b50c,GTA,GTADCCM1,GTADCCM1,A00
c225c5aa-56a0-4fb7-85e5-20456cd69d7d,GTA,GTADCCM1,GTADCCM1,A01
27a4401a-5be0-4069-8c84-b3a997d582e4,GTA,GTADCCM1,GTADCCM1,D01
58331a74-f2d2-4211-aa2f-85df7b54e93c,GTA,GTADCCM1,GTADCCM1,D07
ed9fd528-43e5-4051-99ef-d56e870dffdc,GTA,GTADCCM2,GTADCCM2,A00
bb024b01-6eb9-40db-a314-64d6b0fafb99,GTA,GTADCCM2,GTADCCM2,A01
ba14aeb4-bff1-4630-a94d-0d278a1e6629,GTA,GTADCCM2,GTADCCM2,D01
baf665d4-823f-4e21-88c0-251b83d4b740,GTA,GTADCCM2,GTADCCM2,D07
c86735e4-7d05-4651-93f5-4b2b6fa7bb19,GTA,GTADCCN2,GTADCCN2,A00
9c88e427-cb2f-46f2-94a7-e1198e2c6028,GTA,GTADCCN2,GTADCCN2,A01
2e8895bc-7452-41cf-97f5-62205446e1bc,GTA,GTADCCN2,GTADCCN2,D01
61bb2822-b9dc-4161-bd14-5859cd0af8ef,GTA,GTADCCN2,GTADCCN2,D07
3fdeaa54-5a85-458d-a3f4-6b3c31865260,GTA,GTADCCO2,GTADCCO2,A00
1eb1ed1f-1437-40f0-a1f7-af0143fb05ad,GTA,GTADCCO2,GTADCCO2,A01
85b36f41-9355-48c2-91e2-8ee2a638661a,GTA,GTADCCO2,GTADCCO2,D01
2e73b470-bb54-4d92-b8bc-e8c2fb2f4f14,GTA,GTADCCO2,GTADCCO2,D07
831dd02c-a830-4f2a-8c2a-ff1dbf183c78,GTA,GTADCDD1,GTADCDD1,A00
e080ee66-50b6-4f18-bc2a-54b22ad4e30f,GTA,GTADCDD1,GTADCDD1,A01
3a194328-e00f-4f49-b93e-6ce810b92682,GTA,GTADCDD1,GTADCDD1,D01
69314879-8331-40f9-9419-a654efd4b8fe,GTA,GTADCDD1,GTADCDD1,D07
41855f16-70b0-41a3-9d85-b5fbcf3efcfa,GTA,GTADCDD2,GTADCDD2,A00
311723be-8db3-4ce6-a75f-e0b6e8914840,GTA,GTADCDD2,GTADCDD2,A01
50e8a44a-6bc6-4e9c-af1a-c46122aa1605,GTA,GTADCDD2,GTADCDD2,D01
1d7d98ae-480a-4e18-acf5-9244c1e45d6d,GTA,GTADCDD2,GTADCDD2,D07
eb19dec8-eb10-480b-a87b-37eb2a8f4fd7,GTA,GTADCDM2,GTADCDM2,A00
b836a5f1-72f7-46b5-8743-2d272ee9ea57,GTA,GTADCDM2,GTADCDM2,A01
6c4386ec-0252-42f2-8de1-d1e59025ce73,GTA,GTADCDM2,GTADCDM2,D01
e6c7b1bd-d426-430e-966e-d91e64917491,GTA,GTADCDM2,GTADCDM2,D07
22667e3c-d498-45d0-8c77-e41b9ff5ab71,GTA,GTADCDT1,GTADCDT1,A00
c41cda3a-cccf-4a7a-9ae8-9257da99fba0,GTA,GTADCDT1,GTADCDT1,A01
aceeb926-e7b7-46ab-a098-c88a10e1cb91,GTA,GTADCDT1,GTADCDT1,D01
1ff78056-c3c8-4a7e-b5ce-56efb9bf74f4,GTA,GTADCDT1,GTADCDT1,D07
07af86ca-664f-4fa3-9190-ab40ad29c75a,GTA,GTADCDT2,GTADCDT2,A00
2da67290-5ce0-4b65-a7ee-f748a1ae7d0c,GTA,GTADCDT2,GTADCDT2,A01
4f16b2ba-16a3-4834-b7a3-45c1ebace6a4,GTA,GTADCDT2,GTADCDT2,D01
f37fd0f1-bf13-4240-9086-14fdbb9c719a,GTA,GTADCDT2,GTADCDT2,D07
5af5a922-b928-453c-858d-da2ddee06b82,GTA,GTADCHT2,GTADCHT2,A00
a69234cb-dd89-45bc-8e4b-08b51b2cb479,GTA,GTADCHT2,GTADCHT2,A01
03116736-cbca-4da2-a616-9ad247c44323,GTA,GTADCHT2,GTADCHT2,C01
3a44ff54-f7d4-4b1a-8b6d-4dfbb7807101,GTA,GTADCHT2,GTADCHT2,C02
c547060a-922b-49a6-b4aa-08c82fbb5932,GTA,GTADCHT2,GTADCHT2,D01
d6f0d731-ebb0-45d3-a835-3d8cdacfe2e3,GTA,GTADCHT2,GTADCHT2,D07
3f5ef70b-0c1a-4715-8bc9-983eab8d88c5,GTA,GTADCHT2,GTADCHT2,X02
75c96b29-5903-4b38-84b2-5060b24469be,GTA,GTADCHT2,GTADCHT2,X03
a2a0bbfd-dd02-4335-86ff-29ead93a6099,GTA,GTADCHT2,GTADCHT2,X26
fb4097ee-a19d-4cf6-b056-9ad0a063b916,GTA,GTADCHT2,GTADCHT2,X27
4ec4974b-dc9d-4979-96fc-5435fa77f22c,GTA,GTADCKT1,GTADCKT1,A00
d40129b7-941e-436b-8a16-587936817243,GTA,GTADCKT1,GTADCKT1,A01
957f3ef3-ea24-4192-abda-18315b9ec732,GTA,GTADCKT1,GTADCKT1,C01
3a01941f-91c4-42f0-80c9-faa37a4860a2,GTA,GTADCKT1,GTADCKT1,C02
10c93bbc-8452-42bf-810d-6fa74f03f71a,GTA,GTADCKT1,GTADCKT1,D01
9fff56f9-bc44-48b8-a5b3-e32ebd503e97,GTA,GTADCKT1,GTADCKT1,D07
6b332c0f-51ba-4427-99c2-767efe1cd5c4,GTA,GTADCKT1,GTADCKT1,X01
02a52480-84d6-4e9d-8f52-fc6d8170f631,GTA,GTADCKT1,GTADCKT1,X02
39ab7bee-aec0-4bb5-b36a-d99fda84eb25,GTA,GTADCKT1,GTADCKT1,X03
5bed265f-fd50-4e0a-a8b6-70afb53b263e,GTA,GTADCKT1,GTADCKT1,X25
dbbb1d2b-332e-4bfd-b3d0-5cb9576a53c1,GTA,GTADCKT1,GTADCKT1,X26
740bfefb-ccfb-4f0b-9cb3-03f6ae4264dc,GTA,GTADCKT1,GTADCKT1,X27
0f5f66fc-5b36-447c-b810-1868e6603385,GTA,GTADCKT2,GTADCKT2,A00
3670099f-1fd7-4028-85f3-fd06c3248db1,GTA,GTADCKT2,GTADCKT2,A01
7ac7185e-4e46-4fc3-ba53-06db65906b23,GTA,GTADCKT2,GTADCKT2,D01
c3e0ff2d-9e0c-4f9a-9521-63af10601cff,GTA,GTADCKT2,GTADCKT2,D07
f36c2e0c-92b5-4a76-a6d9-744c4c159a26,GTA,GTADCKX1,GTADCKX1,A00
0a9c635e-c3ce-4c6c-b20e-68024a8a18e2,GTA,GTADCKX1,GTADCKX1,A01
87dc0edc-bbad-4168-8fb1-2c29060d3b88,GTA,GTADCKX1,GTADCKX1,D01
e2a742e7-7d4a-4ab5-bcc2-f6299ab0d11f,GTA,GTADCKX1,GTADCKX1,D07
f14d977b-dfc3-474e-8b55-db961a04c88d,GTA,GTADCKX2,GTADCKX2,A00
7c756034-0642-49d1-bd63-30d0419f2c69,GTA,GTADCKX2,GTADCKX2,A01
74aea8ef-1c35-4f94-a60f-b27462fee94d,GTA,GTADCKX2,GTADCKX2,D01
da2aaa50-1027-463a-9fc8-4d382bb09852,GTA,GTADCKX2,GTADCKX2,D07
7f3a4605-f29a-4d94-ba22-60495036866c,GTA,GTADCLG1,GTADCLG1,A00
c1a2d6cf-ef2b-4db5-9176-f54e93322f33,GTA,GTADCLG1,GTADCLG1,A01
083018cc-f320-4e07-a3b8-b3af70de735b,GTA,GTADCLG1,GTADCLG1,D01
bc2f4138-afcf-4a3b-8360-7c87c37a4566,GTA,GTADCLG1,GTADCLG1,D07
f16a20ec-8242-433c-b959-4c57e4cdb437,GTA,GTADCLG2,GTADCLG2,A00
3af56c59-d9d5-44ca-96fc-9e75f4727f84,GTA,GTADCLG2,GTADCLG2,A01
c230b16a-f00a-4b62-aa17-1e33ef77f331,GTA,GTADCLG2,GTADCLG2,D01
54afeb37-ddc3-496b-92bc-c9b449c6a5e7,GTA,GTADCLG2,GTADCLG2,D07
3905c21b-7fc3-4c0a-8324-dac4b2b38fa9,GTA,GTADCLH2,GTADCLH2,A00
4b57a0a4-a5bf-4e10-a989-3b76278a781c,GTA,GTADCLH2,GTADCLH2,A01
d4463a68-6203-4a84-ab28-4933f70a7ab3,GTA,GTADCLH2,GTADCLH2,D01
8a9c747d-799b-43b2-9bd5-be16b7614be3,GTA,GTADCLH2,GTADCLH2,D07
708e909b-32cf-47a0-9846-f089b8b709d3,GTA,GTADCMN2,GTADCMN2,A00
7017c2f1-ebe8-4df2-aae6-307d40b3d2e9,GTA,GTADCMN2,GTADCMN2,A01
91643fc8-f2be-4795-b270-4bb3c91c0a25,GTA,GTADCMN2,GTADCMN2,D01
42777248-1159-408c-bed4-c47c5ccee085,GTA,GTADCMN2,GTADCMN2,D07
30acb470-a561-4dfc-9170-e7f6bebae9ce,GTA,GTADCMT2,GTADCMT2,A00
dc2a5995-53f9-4204-9762-5d103b373f5c,GTA,GTADCMT2,GTADCMT2,A01
b60455c0-048b-4e6e-9bfe-704e1bf40faa,GTA,GTADCMT2,GTADCMT2,D01
64228414-57db-48d5-8617-3c68a8c511d6,GTA,GTADCMT2,GTADCMT2,D07
5e3318a7-7c9e-4256-9066-ef314eb231c7,GTA,GTADCMX2,GTADCMX2,A00
0f9aec29-49a6-472d-bcf4-0abe1200358d,GTA,GTADCMX2,GTADCMX2,A01
a8f1fb0c-a7fe-476e-8f26-ea5908ba358c,GTA,GTADCMX2,GTADCMX2,D01
73f67155-9067-442e-bcc1-43fadac05685,GTA,GTADCMX2,GTADCMX2,D07
9ace6c8b-7ce1-479e-bdde-9175a5320934,GTA,GTADCOT1,GTADCOT1,A00
e1b7f6fe-17e2-432c-a6cb-293d54d983cf,GTA,GTADCOT1,GTADCOT1,A01
96327f9f-9a8d-4054-a8f7-214b3d4efdba,GTA,GTADCOT1,GTADCOT1,C01
84121d2e-1a02-42c1-8b5f-0d47bc9fdfe3,GTA,GTADCOT1,GTADCOT1,C02
a0c867c5-463e-414b-9da8-6e59e0f9b818,GTA,GTADCOT1,GTADCOT1,D01
9e85ff35-d97a-43cf-9ec1-980981b4000b,GTA,GTADCOT1,GTADCOT1,D07
b53f3c23-e5e4-479b-b7b0-f111d3206c64,GTA,GTADCOT1,GTADCOT1,X02
1222093a-9cb2-458b-b000-4ce5d4de3f5c,GTA,GTADCOT1,GTADCOT1,X03
795319f6-26d9-4cd5-98fa-d78c600bef05,GTA,GTADCOT1,GTADCOT1,X26
e9d6764d-da9f-4a52-a724-909d5e3963b1,GTA,GTADCOT1,GTADCOT1,X27
dae1d79c-c540-40a7-975a-48cf55ccc99c,GTA,GTADCOT2,GTADCOT2,A00
0b5b94dc-c447-4de6-b8ec-4da1db413d8f,GTA,GTADCOT2,GTADCOT2,A01
0faabcdc-3b03-4747-a0b7-a076cf62a525,GTA,GTADCOT2,GTADCOT2,D01
6f83398e-8e37-40bc-9ae4-486d7c0a4746,GTA,GTADCOT2,GTADCOT2,D07
e2ea02a1-fdf6-4157-b837-8181acaa143b,GTA,GTADCOT3,GTADCOT3,A00
6b886d02-2dcb-469b-a14b-e6d275dab370,GTA,GTADCOT3,GTADCOT3,A01
d2cdf5de-9f0e-47d4-922f-2baf8bb690a4,GTA,GTADCOT3,GTADCOT3,D01
57905887-e2b2-4ed5-bdda-d6a3a225f0c5,GTA,GTADCOT3,GTADCOT3,D07
65cba75a-659b-41ff-9372-5c94b03e33dd,GTA,GTADCQM2,GTADCQM2,A00
31603a4f-a24f-4fa2-80b9-b1ba9bdcf588,GTA,GTADCQM2,GTADCQM2,A01
f4ea6659-ab80-4b3c-9184-aa877a6add24,GTA,GTADCQM2,GTADCQM2,D01
122abcb4-da83-4606-b888-4bd8e3b35d14,GTA,GTADCQM2,GTADCQM2,D07
793585f3-4328-4ea7-bfe5-844281951b0b,GTA,GTADCQT2,GTADCQT2,A00
3b2736f8-73d6-4f5f-a552-ffdecfd74ad0,GTA,GTADCQT2,GTADCQT2,A01
86482af0-a8ad-4d32-83c2-96fe1ecc010c,GTA,GTADCQT2,GTADCQT2,D01
c61cad1f-87a3-4ee6-a59b-c536e9126667,GTA,GTADCQT2,GTADCQT2,D07
f000f7cb-4648-4809-9f97-63b64b1763aa,GTA,GTADCQX2,GTADCQX2,A00
21f5c670-8f9f-4f8b-98f6-cde3ff76ee5b,GTA,GTADCQX2,GTADCQX2,A01
a3fa1630-b77a-4fff-a8a6-d7d801306b5b,GTA,GTADCQX2,GTADCQX2,D01
15c97487-67a7-4b66-9506-212753a40cfe,GTA,GTADCQX2,GTADCQX2,D07
17436708-403d-4638-a646-54de7b08ea49,GTA,GTADCTD2,GTADCTD2,A00
473cb24c-76ba-4440-9625-7ee1107ec390,GTA,GTADCTD2,GTADCTD2,A01
e3d1a2ce-a369-4ffc-8943-42d6a560cbc9,GTA,GTADCTD2,GTADCTD2,D01
33283a65-8dc9-4d3a-8790-4cf8d22a6307,GTA,GTADCTD2,GTADCTD2,D07
91e8cb6e-af8a-428c-aa14-c8ba7974ae05,GTA,GTADCTG2,GTADCTG2,A00
00dd5125-7a37-4415-8946-93c26a1e8a4e,GTA,GTADCTG2,GTADCTG2,A01
7f0b2b0f-1ddd-41cd-93b1-c3828520a255,GTA,GTADCTG2,GTADCTG2,D01
d018d2fe-bbf1-4114-9a54-5e09a4a24aaf,GTA,GTADCTG2,GTADCTG2,D07
e96486b2-3e3c-41b2-9814-f06dd54bca2e,GTA,GTADCTM2,GTADCTM2,A00
93963a30-bcdb-464e-b276-716ad9ee4423,GTA,GTADCTM2,GTADCTM2,A01
b2129a8d-93ca-4b06-b3d1-e0f3816f14dd,GTA,GTADCTM2,GTADCTM2,D01
1e8dc7d5-38d9-482c-a771-dccba64559a7,GTA,GTADCTM2,GTADCTM2,D07
f68922f5-fd80-479f-9b7c-3284f994da64,GTA,GTADCTN2,GTADCTN2,A00
e73632ee-681f-47ea-8223-5e81c4d671e8,GTA,GTADCTN2,GTADCTN2,A01
3e5eac6b-a5b3-4787-892c-0e282d5f8138,GTA,GTADCTN2,GTADCTN2,D01
b37cbfb4-7f0c-404b-8319-3a9ab48e260d,GTA,GTADCTN2,GTADCTN2,D07
2b0a3d24-9acf-45bb-97af-134212901cd4,GTA,GTADCTT1,GTADCTT1,A00
2a76b2ff-872b-4525-a506-8e50c37b68c2,GTA,GTADCTT1,GTADCTT1,A01
d078b095-d069-45d2-b7a5-09bd1cb6a2e5,GTA,GTADCTT1,GTADCTT1,C01
f24eee22-96a6-4d97-adba-245402ea7932,GTA,GTADCTT1,GTADCTT1,C02
ad2a5a95-46b6-48b9-afb8-5c4cfc283bba,GTA,GTADCTT1,GTADCTT1,D01
a9a000ad-f4ce-4fe6-a05f-d4ba75b0ecea,GTA,GTADCTT1,GTADCTT1,D07
1f5634fd-ab29-4699-a8a0-c66322ca6250,GTA,GTADCTT1,GTADCTT1,X02
92eed396-3e97-4705-9250-de8dd76c71d9,GTA,GTADCTT1,GTADCTT1,X03
0f3c9623-f2df-4ebb-b6ce-104b2a42f41d,GTA,GTADCTT1,GTADCTT1,X26
152c782a-5f1b-4d45-90a1-790c3f946496,GTA,GTADCTT1,GTADCTT1,X27
5af8633f-edc9-4680-aa20-b55285ff527a,GTA,GTADCTT2,GTADCTT2,A00
9d649241-434b-4624-9a6d-8cf5253592d2,GTA,GTADCTT2,GTADCTT2,A01
1f65e368-2e3a-487c-84e1-e44353ec4215,GTA,GTADCTT2,GTADCTT2,D01
bb1e4a22-773f-4e06-becd-dc8e71babdd9,GTA,GTADCTT2,GTADCTT2,D07
7b542059-6678-4d8a-83aa-ecf31d0c0c4c,GTA,GTADCVL2,GTADCVL2,A00
df25e085-a8f5-4908-b8f8-5bc34e0141b6,GTA,GTADCVL2,GTADCVL2,A01
3b62405e-8fa9-4810-b97e-d3cdcb02d3f5,GTA,GTADCVL2,GTADCVL2,D01
033e9205-cb26-4378-a49e-187b94289609,GTA,GTADCVL2,GTADCVL2,D07
c24f85ae-e02d-4ab9-ae77-87233696fab6,GTA,GTADCCK2,GTADCCK2,A00
d34f99fb-378a-4273-bea8-56f61a4eff4d,GTA,GTADCCK2,GTADCCK2,A01
6595c5ec-b071-4d7d-961e-f1c69447ea03,GTA,GTADCCK2,GTADCCK2,D01
e0fb9efa-37c1-4c8d-9d17-4a8b81c7e0a9,GTA,GTADCCK2,GTADCCK2,D07
434d69f9-3be5-480e-b5a6-099b1888e258,GTA,GTADCHL2,GTADCHL2,A00
b6fc321a-0ae0-4230-8e12-595c6120da2a,GTA,GTADCHL2,GTADCHL2,A01
19849e17-b8a9-47f5-92e3-34f680356f0e,GTA,GTADCHL2,GTADCHL2,D01
55b92855-6984-4351-a09a-7e79ea06bd06,GTA,GTADCHL2,GTADCHL2,D07
bb724c56-b89c-4077-a04a-d8b187ece870,GTA,GTADCKN2,GTADCKN2,A00
ffe3c67c-9410-4907-b9be-f7bca9a94ac9,GTA,GTADCKN2,GTADCKN2,A01
34b0ab20-6ea1-40cd-b494-2b65efdc982a,GTA,GTADCKN2,GTADCKN2,D01
7779568f-77ca-4ea9-a04d-9243ae4841b5,GTA,GTADCKN2,GTADCKN2,D07
1d5464ed-54b9-4ada-85d9-2459915f6726,GTA,GTADCOG2,GTADCOG2,A00
624ea53e-e584-4c88-9361-727600ad91db,GTA,GTADCOG2,GTADCOG2,A01
d9e2a79c-bd2c-4055-87de-f918711a9397,GTA,GTADCOG2,GTADCOG2,D01
7b6a103b-a7fb-4bc1-af22-57d302b7352f,GTA,GTADCOG2,GTADCOG2,D07
0fa35710-12ca-477f-aad1-642b4844cadc,GTA,GTADCTQ2,GTADCTQ2,A00
b6b60b07-4c68-4764-b0fd-8b4927fa312c,GTA,GTADCTQ2,GTADCTQ2,A01
e1f767d0-105f-4b28-a2bb-67dfbdddbcb6,GTA,GTADCTQ2,GTADCTQ2,D01
0a85e8dc-da22-4921-81ad-85bc35411cd8,GTA,GTADCTQ2,GTADCTQ2,D07
471804cb-cb30-4d8c-aaaf-3bd3c40f85fb,GTA,GTADCXQ2,GTADCXQ2,A00
7dd5a522-49c9-4651-a1d8-5d2dc7170012,GTA,GTADCXQ2,GTADCXQ2,A01
fe539b33-3f6b-468a-8e3c-bd875a72f053,GTA,GTADCXQ2,GTADCXQ2,D01
974f5b7b-78e8-4204-b308-a625296cccb5,GTA,GTADCXQ2,GTADCXQ2,D07
79509ec6-6728-4d81-ac7b-9036c13dcbec,GTA,GTADCBG2,GTADCBG2,A00
4c127b3d-5359-46ce-aca7-18bd36a44c3e,GTA,GTADCBG2,GTADCBG2,A01
1629343e-ccc5-446b-bdc0-e3bd041bad1d,GTA,GTADCBG2,GTADCBG2,D01
0979b7e8-3ead-47a6-80fa-4885ca1fa6e6,GTA,GTADCBG2,GTADCBG2,D07
eb8c26d3-3abc-49b5-be58-72f23b7bb907,GTA,GTADCBI2,GTADCBI2,A00
06c77374-84c4-48bf-b1d8-268749f13067,GTA,GTADCBI2,GTADCBI2,A01
7d6ce3f8-00e9-44b1-b894-68ef64993e92,GTA,GTADCBI2,GTADCBI2,C01
c38e3d4e-d85d-4da3-8c40-ffeaff78ff1a,GTA,GTADCBI2,GTADCBI2,C02
b32148f8-68df-4aec-b2fd-72f60059e48a,GTA,GTADCBI2,GTADCBI2,D01
8edaae07-e27a-42fb-9096-d4dfe89d239a,GTA,GTADCBI2,GTADCBI2,D07
c854434a-5eb1-4b1a-be2d-914c04050a36,GTA,GTADCBI2,GTADCBI2,X02
a86131fe-5ed3-42dc-8b0e-8b487618c9c9,GTA,GTADCBI2,GTADCBI2,X03
07087dde-94df-4434-b9c7-4f94457c8dfe,GTA,GTADCBI2,GTADCBI2,X26
06fadef2-a19b-4065-bcfb-6773c8ef3f19,GTA,GTADCBI2,GTADCBI2,X27
d5d5b9f8-a2ff-4990-95c3-55257f902551,GTA,GTADCDX2,GTADCDX2,A00
30cbe724-8bed-4d0a-be34-f9ab9ffce8b5,GTA,GTADCDX2,GTADCDX2,A01
0b74e48d-144e-4c8a-ae2e-03f6a6ef4cc5,GTA,GTADCDX2,GTADCDX2,D01
6c280f61-3ae7-436c-8f96-e0d65229c6dd,GTA,GTADCDX2,GTADCDX2,D07
0ba3990e-919c-4d90-9e7d-2823354bb65b,GTA,GTADCEN2,GTADCEN2,A01
1a67178e-86c5-422e-aba3-c5c9b45dccd3,GTA,GTADCEN2,GTADCEN2,D01
be1fd608-a916-42a6-8726-d66637afa603,GTA,GTADCEN2,GTADCEN2,D07
d209614c-a626-40db-b9ed-727c9ef6d09c,GTA,GTADCEN2,GTADCEN2,X25
ddeda2cd-7849-4a28-8041-3eb418351ff7,GTA,GTADCEN2,GTADCEN2,X26
99195c2e-b945-4581-8a8c-c9ad2f719207,GTA,GTADCEN2,GTADCEN2,X27
9b492e8c-b850-44d1-84cc-788ad6ed796c,GTA,GTADCGO2,GTADCGO2,A00
2b7d7657-a33a-446f-913a-8ec977f0a377,GTA,GTADCGO2,GTADCGO2,A01
638ebabf-9d5f-4e25-b0f8-067b40026471,GTA,GTADCGO2,GTADCGO2,D01
740854e4-7f10-43f3-ace2-d9a144c0c2fb,GTA,GTADCGO2,GTADCGO2,D07
b7a34b93-8a58-4237-917a-b81798215c0c,GTA,GTADCH2,GTADCH2,A00
37690d47-5d3d-41a2-bca2-bd7fc94c719f,GTA,GTADCH2,GTADCH2,A01
99dc3991-9013-4e08-be3c-17f7d1d398ac,GTA,GTADCH2,GTADCH2,D01
57848e66-cf35-4ae7-8476-c343c416d601,GTA,GTADCH2,GTADCH2,D07
f7fd1e1e-0e4f-4575-a399-3b3f0f6929b9,GTA,GTADCIT2,GTADCIT2,A00
c74d3c66-476c-46bc-a4cd-3e0ea519908c,GTA,GTADCIT2,GTADCIT2,A01
92f93c1d-bad8-4bef-ac84-9378e5fdc0e3,GTA,GTADCIT2,GTADCIT2,C01
4485bb19-5133-48a7-92d0-4c9d19aef309,GTA,GTADCIT2,GTADCIT2,C02
009cabeb-b7cd-4b48-bad1-cfd1ff94d938,GTA,GTADCIT2,GTADCIT2,D01
a07ac3de-6b6a-49a8-a0e4-59797b7105be,GTA,GTADCIT2,GTADCIT2,D07
0e12ffc0-d485-48ec-9c03-eb60db9df7ea,GTA,GTADCIT2,GTADCIT2,X02
d9a1ebe0-d6b1-448f-9d18-cb83db3ace0a,GTA,GTADCIT2,GTADCIT2,X03
06a6406e-101e-4d65-8833-0b633ad0d022,GTA,GTADCIT2,GTADCIT2,X26
050f6b18-ab88-49df-b3a9-7a09a284b1f0,GTA,GTADCIT2,GTADCIT2,X27
4ef7ab34-c4be-4e57-a63c-c2da3923ea18,GTA,GTADCKQ2,GTADCKQ2,A00
c51d3ea9-b3be-41b5-bbe1-f7c4a2b39948,GTA,GTADCKQ2,GTADCKQ2,A01
ebb5e275-c6be-437b-903b-24e917d66239,GTA,GTADCKQ2,GTADCKQ2,D01
1805e92c-8949-43ae-a715-182accaf7cf1,GTA,GTADCKQ2,GTADCKQ2,D07
a3874291-94d5-4c33-9e1f-d70d2a8f0792,GTA,GTADCKTI,GTADCKTI,A00
a6f8bf95-f84e-4d13-b6a8-0ac9542c4f7c,GTA,GTADCKTI,GTADCKTI,A01
695a2e25-9af9-4897-aec7-25364b01f9ae,GTA,GTADCKTI,GTADCKTI,D01
c2dc5127-4bb6-495b-9218-0d8210b6321e,GTA,GTADCKTI,GTADCKTI,D07
e643a958-e238-49fd-aae1-d02923c4adb9,GTA,GTADCLA2,GTADCLA2,C00
5905ee78-6b1c-4e24-9f06-173ea27a422e,GTA,GTADCLA2,GTADCLA2,C03
ee884310-8394-4b5d-92ee-c33afe5af32a,GTA,GTADCLA2,GTADCLA2,C04
27c7c308-2ebe-4d97-ab90-0f154911a263,GTA,GTADCLA2,GTADCLA2,D01
552f4105-a945-4902-9fc3-ca6b74929435,GTA,GTADCLA2,GTADCLA2,X01
a447a6ae-f28b-4dcd-9244-7f4c42fb12b8,GTA,GTADCLA2,GTADCLA2,X25
a14c1d05-47c8-48f1-ad88-0e54e408af63,GTA,GTADCOTI,GTADCOTI,A00
725f8113-0aff-4c33-aa44-28487726eda2,GTA,GTADCOTI,GTADCOTI,A01
fd83a71c-e2bd-4c5f-8410-5d1a7217a449,GTA,GTADCOTI,GTADCOTI,D01
c70764cf-0196-4cc3-ab9d-9989557a8fc7,GTA,GTADCOTI,GTADCOTI,D07
12d369f4-8426-474a-b6c0-42c5672dd5b0,GTA,GTADCSS2,GTADCSS2,A00
4a8d6210-bb38-444a-b59d-53bd811f0978,GTA,GTADCSS2,GTADCSS2,A01
63199bf3-e3b2-453b-a7fb-4cc45f1fdafe,GTA,GTADCSS2,GTADCSS2,D01
6bf22885-3eb5-42c0-ad4f-56476aeb0794,GTA,GTADCSS2,GTADCSS2,D07
970b55c3-2c1e-466b-9a97-43662751f2f4,GTA,GTADCTTI,GTADCTTI,A00
914a43ea-f683-48d2-93e3-7183c5d3f050,GTA,GTADCTTI,GTADCTTI,A01
c3a903ef-63d5-4e7b-a505-955f36d4a26d,GTA,GTADCTTI,GTADCTTI,D01
d30f119e-7b7f-47a8-b0f1-babee3f24b77,GTA,GTADCTTI,GTADCTTI,D07
3a0c4262-d468-4d74-8b42-d6a20ab167d8,GTA,GTADCVM2,GTADCVM2,A00
3b56f940-9b4f-4887-9a21-07d81f3126f2,GTA,GTADCVM2,GTADCVM2,A01
8b4a2164-d8cd-44a4-a1fd-0fda3beb53de,GTA,GTADCVM2,GTADCVM2,D01
33e3934a-07cc-4008-9ce9-15567801a264,GTA,GTADCVM2,GTADCVM2,D07
37ae5e1a-f3ec-472c-9c03-1361fac04422,GTA,GTADKLG2,GTADKLG2,A00
3e8a23d8-a593-4644-98e3-dfce8fad2911,GTA,GTADKLG2,GTADKLG2,A01
18b8951b-1183-4ed6-8bfc-ce1871f60f89,GTA,GTADKLG2,GTADKLG2,C01
0f6b14e5-ee19-4bdc-92cf-5646b2cff76b,GTA,GTADKLG2,GTADKLG2,C02
890c0785-3b00-4852-bf3b-2c849a2522e0,GTA,GTADKLG2,GTADKLG2,D01
5f0c8922-4e25-469a-8510-9c28dba3ff19,GTA,GTADKLG2,GTADKLG2,D07
24148bfe-107c-40d7-b046-b77e40a4c5e9,GTA,GTADKLG2,GTADKLG2,X02
f7e350a9-6737-4c8b-85b8-4b9f5c4cca42,GTA,GTADKLG2,GTADKLG2,X03
42da042f-3b0f-41ca-87e0-436d9fdcda02,GTA,GTADKLG2,GTADKLG2,X26
a788a5f0-23be-4d5d-81ee-225c53d5eda1,GTA,GTADKLG2,GTADKLG2,X27
eb8f793a-ee6b-4e93-8dec-d597ec47957b,GTA,GTADKTT2,GTADKTT2,A00
cb82bb83-4b7d-4046-963e-66192b44ab00,GTA,GTADKTT2,GTADKTT2,A01
f73d2b63-4ded-4cb4-b24b-ecaa1ddc8e42,GTA,GTADKTT2,GTADKTT2,C01
626ca4f0-1559-417a-8130-81dec20602ae,GTA,GTADKTT2,GTADKTT2,C02
7ceb1d50-7fbd-4422-ad47-7a5234893b80,GTA,GTADKTT2,GTADKTT2,D01
ea8ec987-2762-4a0f-b5b5-e39a08a74dba,GTA,GTADKTT2,GTADKTT2,D07
95da27aa-a60a-4129-8e5d-2747691b89a4,GTA,GTADKTT2,GTADKTT2,X02
dec11b79-dfc8-47d0-be81-f36f8a5d0c03,GTA,GTADKTT2,GTADKTT2,X03
b176cccd-fccb-4efe-8cae-f550d619383f,GTA,GTADKTT2,GTADKTT2,X26
3c39fd75-c533-43fd-9fbf-319dc46845ed,GTA,GTADKTT2,GTADKTT2,X27
b6fc29ca-388c-414a-905d-564edd1b963b,GTA,GTADNCD2,GTADNCD2,A00
e4b3bda3-426d-4fee-bdb8-a005c3acfc8b,GTA,GTADNCD2,GTADNCD2,A01
55adf013-c334-45cd-8c0f-736c081efe12,GTA,GTADNCD2,GTADNCD2,D01
8214408d-5007-4c1d-bb24-2bea6a023d74,GTA,GTADNCD2,GTADNCD2,D07
6455b8b2-0eea-4c2f-b7a3-57e59f121542,GTA,GTADNDT2,GTADNDT2,A00
4a17ac94-c6da-411b-acba-b6dc62ca09ad,GTA,GTADNDT2,GTADNDT2,A01
9d33c76a-8e5d-4920-af7a-af91d31d001c,GTA,GTADNDT2,GTADNDT2,D01
674c82cb-7a77-4706-812c-dd91c9b8bb7b,GTA,GTADNDT2,GTADNDT2,D07
c55f6461-d4a1-4909-9b60-f5d04436bc4e,GTA,GTADNLG2,GTADNLG2,A00
7a5f7975-8c89-41d3-8944-8208d1f4eaf1,GTA,GTADNLG2,GTADNLG2,A01
92509661-cdfb-48e3-844e-a3f5011d850d,GTA,GTADNLG2,GTADNLG2,D01
54992e4c-f0db-4ed1-acc4-52b9e790cbda,GTA,GTADNLG2,GTADNLG2,D07
86b1d3d9-338b-4e34-a75a-79b10b7fd147,GTA,GTADCAT2,GTADCAT2,A00
1f2367a0-a061-4490-8150-a21dce39a987,GTA,GTADCAT2,GTADCAT2,A01
128eecb0-dd76-4a31-8bdb-addd4a024d64,GTA,GTADCAT2,GTADCAT2,C01
24a12c65-9be1-4ecf-9256-0dd8e95f4982,GTA,GTADCAT2,GTADCAT2,C02
83888d31-c1c3-43bc-819d-4388acb7450c,GTA,GTADCAT2,GTADCAT2,D01
9cf73162-bfc2-49c5-bdb3-7a8a145bc49f,GTA,GTADCAT2,GTADCAT2,D07
bb6301f2-3746-4fc5-9214-dc546fa80f90,GTA,GTADCAT2,GTADCAT2,X02
35bf9a95-b240-4910-ab9d-cf31db5c5be7,GTA,GTADCAT2,GTADCAT2,X03
f826e293-f0d8-4869-99db-542fe9d3fbde,GTA,GTADCAT2,GTADCAT2,X26
e9e12989-322b-4cad-a5a8-9b3907755d2b,GTA,GTADCAT2,GTADCAT2,X27
42bce229-5d54-4297-9cbe-718a9916b47e,GTA,GTADCBC2,GTADCBC2,A00
7330835d-ad3d-4fc3-8de2-f3e81cc90d9c,GTA,GTADCBC2,GTADCBC2,A01
2e5726ab-99a6-4b6a-827c-6657515618bf,GTA,GTADCBC2,GTADCBC2,C01
414af111-c2de-4999-814c-0d0e223f0706,GTA,GTADCBC2,GTADCBC2,C02
ea5236ad-fa11-406e-825b-5b93bf4a6177,GTA,GTADCBC2,GTADCBC2,D01
b6bba54d-3ace-4bfc-a331-f71fc17e39e6,GTA,GTADCBC2,GTADCBC2,D07
6f6d83c4-770e-4bcd-a1b6-6407a7c18c5d,GTA,GTADCBC2,GTADCBC2,X02
afd819ff-fd8a-426b-93ff-f6e5da88a65f,GTA,GTADCBC2,GTADCBC2,X03
c170f9bc-657d-4dd3-9cb5-5dc3447362f9,GTA,GTADCBC2,GTADCBC2,X26
747c96df-d8dc-4623-9731-17b101080d68,GTA,GTADCBC2,GTADCBC2,X27
67c383a2-1064-4522-a797-fd4dcafe0ad0,GTA,GTADCCD2,GTADCCD2,C01
f4de7836-fb85-45dc-bb99-7d49d7a77b40,GTA,GTADCCD2,GTADCCD2,C02
6e5acc52-b89f-40f8-b2c1-3c854a4ff282,GTA,GTADCCD2,GTADCCD2,X02
609b19a0-0e57-4652-aa2d-54a6590a90cb,GTA,GTADCCD2,GTADCCD2,X03
c2a2aaa9-8485-41c1-ba9e-47c389e91b17,GTA,GTADCCD2,GTADCCD2,X26
8b103637-1acb-4460-a902-c5941d6059aa,GTA,GTADCCD2,GTADCCD2,X27
5364c61b-95ec-4721-a7aa-2464d8c2f903,GTA,GTADCCDD2,GTADCCDD2,A00
d6175e98-1449-40c4-b163-541767c409d2,GTA,GTADCCDD2,GTADCCDD2,A01
1cc20c2b-07e6-41f5-903d-c00f2e7bf167,GTA,GTADCCDD2,GTADCCDD2,C01
18081538-db27-4532-87b6-b79e2e7e761f,GTA,GTADCCDD2,GTADCCDD2,C02
b920549a-290d-4fb6-bdd6-23176164fa55,GTA,GTADCCDD2,GTADCCDD2,D01
699057a0-ab13-42ba-91b2-8d476ad229a0,GTA,GTADCCDD2,GTADCCDD2,D07
c4f09820-c7ae-4a90-8ae9-fe0296e0189a,GTA,GTADCCDD2,GTADCCDD2,X02
75f210c7-cf9b-4592-985a-cb62b691a37d,GTA,GTADCCDD2,GTADCCDD2,X03
74cd0820-c28d-42a7-8dd2-11546daa1a96,GTA,GTADCCDD2,GTADCCDD2,X26
a10ec330-043c-4bf5-9726-47cc5f90ed60,GTA,GTADCCDD2,GTADCCDD2,X27
c339e77e-96d9-4604-b978-1c8d11389f61,GTA,GTADCCDJ2,GTADCCDJ2,A00
39494a19-563b-41bd-aa57-9250ceaec385,GTA,GTADCCDJ2,GTADCCDJ2,A01
4d408e72-8733-42a5-9449-2c6a521e004d,GTA,GTADCCDJ2,GTADCCDJ2,C01
d17a5152-2db8-4c17-8710-3dcebf2cf950,GTA,GTADCCDJ2,GTADCCDJ2,C02
fe18d826-fc8d-47ac-b72e-089338980d86,GTA,GTADCCDJ2,GTADCCDJ2,D01
d3adb136-fa95-4846-8be1-6feb253aa8af,GTA,GTADCCDJ2,GTADCCDJ2,D07
b18d3dfe-fba5-4b48-b06c-b5458b07fa19,GTA,GTADCCDJ2,GTADCCDJ2,X02
0c23a03f-6c35-48ad-8de2-cbc47d54948b,GTA,GTADCCDJ2,GTADCCDJ2,X03
e653c4cd-e861-4686-9324-1b1bd7603505,GTA,GTADCCDJ2,GTADCCDJ2,X26
6fc2ddb7-a418-4db2-8dbc-7d2c58b7077d,GTA,GTADCCDJ2,GTADCCDJ2,X27
a0e695c3-2f64-44b1-a634-e7bb70cb1afe,GTA,GTADCCH2,GTADCCH2,C01
866f89ad-cb1c-46b6-9ec4-3ccaa18ef62e,GTA,GTADCCH2,GTADCCH2,C02
918cc76c-37e8-4ed0-b2af-f5c5c8398454,GTA,GTADCCH2,GTADCCH2,X02
781933e6-6670-4b49-94db-e32fd1d03a8e,GTA,GTADCCH2,GTADCCH2,X03
b5a1570a-b925-4cb6-9dac-1cb4833de936,GTA,GTADCCH2,GTADCCH2,X26
ac299c0c-1d15-4678-abb4-1c98a15a1b40,GTA,GTADCCH2,GTADCCH2,X27
0d163bab-5724-41d1-971e-c8b8adf366e1,GTA,GTADCCI2,GTADCCI2,A00
22c19d1a-172e-4bd2-9e15-d1247ecfa01e,GTA,GTADCCI2,GTADCCI2,A01
b253757f-728b-405e-b44a-88603440dc2a,GTA,GTADCCI2,GTADCCI2,C01
d35e1d0a-355c-466f-b95b-3385393b1c5e,GTA,GTADCCI2,GTADCCI2,C02
b59afc73-97ec-4b08-9f74-a29faafde10f,GTA,GTADCCI2,GTADCCI2,D01
3d0f0006-b315-4414-a8f8-2b75bacede52,GTA,GTADCCI2,GTADCCI2,D07
0fb5e526-2577-465a-b153-f81c84f26f23,GTA,GTADCCI2,GTADCCI2,X01
f4748d6a-4cd5-4efd-b449-99dd86073b07,GTA,GTADCCI2,GTADCCI2,X02
044304e5-e669-4744-ac52-508a072320c7,GTA,GTADCCI2,GTADCCI2,X03
ac206092-fa10-499c-b146-cf8ae57f8aba,GTA,GTADCCI2,GTADCCI2,X25
ea85629e-c6d5-488e-97ef-5dfefaa0f152,GTA,GTADCCI2,GTADCCI2,X26
1205d0e4-28fb-4925-9dcf-28a2bfb3983a,GTA,GTADCCI2,GTADCCI2,X27
8bf8e19f-0b34-4eaa-8425-8dea51d9a909,GTA,GTADCCM2,GTADCCM2,C01
6913abef-21d9-473e-b18e-ade79ddb705b,GTA,GTADCCM2,GTADCCM2,C02
489b6cea-fb84-4c52-9aae-03d416893741,GTA,GTADCCM2,GTADCCM2,X02
180b69b7-81f0-4659-9c4f-391bdec19c4f,GTA,GTADCCM2,GTADCCM2,X03
ae1c745c-35be-4da6-87a7-75e25608e4d6,GTA,GTADCCM2,GTADCCM2,X26
f6385059-0578-4242-88af-22b90f75cb29,GTA,GTADCCM2,GTADCCM2,X27
5703aa4b-5658-459a-b1f1-cbfa1c5bbc7e,GTA,GTADCCMJ2,GTADCCMJ2,A00
d314d649-a99f-40ae-95ee-6d65996759aa,GTA,GTADCCMJ2,GTADCCMJ2,A01
81320cd2-ad79-44e8-a893-99422caed4c0,GTA,GTADCCMJ2,GTADCCMJ2,C01
1061d242-a4d4-45dc-94e1-4201c8339030,GTA,GTADCCMJ2,GTADCCMJ2,C02
48e9adfb-0231-453e-bfc2-8cecd9954b49,GTA,GTADCCMJ2,GTADCCMJ2,D01
097be37f-0cae-4410-93ea-e427b63cc14b,GTA,GTADCCMJ2,GTADCCMJ2,D07
98f1b62d-7de2-4a97-b75d-c9419255bcb4,GTA,GTADCCMJ2,GTADCCMJ2,X02
e6220704-572d-4297-9cd5-330e069cd255,GTA,GTADCCMJ2,GTADCCMJ2,X03
beb6a970-57d2-444f-ba7d-46433649e99a,GTA,GTADCCMJ2,GTADCCMJ2,X26
08e9d10e-452a-4e8f-a882-8f258535b25d,GTA,GTADCCMJ2,GTADCCMJ2,X27
126afd43-fd3b-45b1-b100-1dd35c2cb0c3,GTA,GTADCCN2,GTADCCN2,C01
2cfcc24a-f042-49c8-8b7c-80511565e455,GTA,GTADCCN2,GTADCCN2,C02
1da0b07f-b05f-439b-9463-82f62e12d59e,GTA,GTADCCN2,GTADCCN2,X02
9e1fc7f3-274c-4a0c-8a30-91c417b11435,GTA,GTADCCN2,GTADCCN2,X03
b7e69bc4-58c0-40e3-9d75-69cfb7e74459,GTA,GTADCCN2,GTADCCN2,X26
1bd4e2cc-29b0-4317-954b-792c55ad525f,GTA,GTADCCN2,GTADCCN2,X27
aa66e1d7-3c86-464a-a04f-3cbf850f7c93,GTA,GTADCDD2,GTADCDD2,C01
07f1d615-5e79-4e95-a2fa-bba5f83df629,GTA,GTADCDD2,GTADCDD2,C02
0590384f-2af2-435f-963e-8dc5e9966e4f,GTA,GTADCDD2,GTADCDD2,X02
39b41d74-8baf-4cec-a97c-d146600147d1,GTA,GTADCDD2,GTADCDD2,X03
8dc1e031-39c6-4c27-a01f-0eca78dd6e11,GTA,GTADCDD2,GTADCDD2,X26
194938dc-a0f8-44ea-9bdc-95568a89188a,GTA,GTADCDD2,GTADCDD2,X27
9d315243-8808-4128-b9a3-04a65f5fdf3b,GTA,GTADCDM2,GTADCDM2,C01
79ecca70-4887-44e7-a1d0-0862d245d3f6,GTA,GTADCDM2,GTADCDM2,C02
d3182b37-7e5c-43e7-9e81-fa4ea44ac001,GTA,GTADCDM2,GTADCDM2,X02
fe05c683-a66f-4f1a-afee-27b18ea10cc9,GTA,GTADCDM2,GTADCDM2,X03
5f4f7bbe-6f9a-49e6-b7ef-51cdf54e1caf,GTA,GTADCDM2,GTADCDM2,X26
dc73c918-03ab-43d6-823f-479ef38adb7d,GTA,GTADCDM2,GTADCDM2,X27
1ee710c2-8e09-473d-89b9-daa9d74bc086,GTA,GTADCDT2,GTADCDT2,C01
caeba71e-9a1f-4b9c-b048-b32189161618,GTA,GTADCDT2,GTADCDT2,C02
6116d3c2-8eb3-4f8f-83d6-450b75b51614,GTA,GTADCDT2,GTADCDT2,X02
2d616a48-d2dd-4b18-9be9-90b9fb6f983f,GTA,GTADCDT2,GTADCDT2,X03
44ab8dc1-a811-4269-b123-b0111920ec31,GTA,GTADCDT2,GTADCDT2,X26
e1c0007c-8477-4a0a-8401-d7386dfd4ca3,GTA,GTADCDT2,GTADCDT2,X27
bd7c62fc-346a-4340-831e-ac7050d19be7,GTA,GTADCDTJ2,GTADCDTJ2,A00
1bc6f0bb-6f4d-4f40-84a2-89acdff1cdb2,GTA,GTADCDTJ2,GTADCDTJ2,A01
d3abce8b-883f-46c1-a97f-13efce9a23ba,GTA,GTADCDTJ2,GTADCDTJ2,C01
ecb586fa-07ff-48b1-a32a-cb10218f83bd,GTA,GTADCDTJ2,GTADCDTJ2,C02
b90e6981-acd3-4625-8d12-58d889b5ad2a,GTA,GTADCDTJ2,GTADCDTJ2,D01
e5ed0331-d954-4cbc-8dac-1ffada42304a,GTA,GTADCDTJ2,GTADCDTJ2,D07
7a57240e-88e7-434a-a657-2fd0e207a379,GTA,GTADCDTJ2,GTADCDTJ2,X02
f611d06f-cca7-4da3-9a8d-be763d12c03e,GTA,GTADCDTJ2,GTADCDTJ2,X03
e749283d-9174-4211-8ae8-2a8698da7639,GTA,GTADCDTJ2,GTADCDTJ2,X26
b97d94f7-2da4-4e11-a267-3b4fd9381dab,GTA,GTADCDTJ2,GTADCDTJ2,X27
bf1e7617-7128-4fd6-881a-c7ef2546d2d6,GTA,GTADCFT2,GTADCFT2,A00
b8e136a4-75f5-49ed-b698-5e3efa7d2d4c,GTA,GTADCFT2,GTADCFT2,A01
a85abf11-aa75-4b0c-98ef-9d4d050242c7,GTA,GTADCFT2,GTADCFT2,C01
08ccfc78-1009-44a3-a08b-bb443cc88c5a,GTA,GTADCFT2,GTADCFT2,C02
42d8a696-2da0-448b-a375-150d6eb4e4b2,GTA,GTADCFT2,GTADCFT2,D01
142929f5-5b76-4dee-bd1a-f3ee65d8cbe6,GTA,GTADCFT2,GTADCFT2,D07
348a97ef-119e-4156-9d95-51ffa426a72e,GTA,GTADCFT2,GTADCFT2,X01
8e42c75d-ac8d-42da-b037-55f022234c5b,GTA,GTADCFT2,GTADCFT2,X02
5782364e-ce23-4788-8b83-d6f7c0e8a187,GTA,GTADCFT2,GTADCFT2,X03
63768bba-3881-4bab-89e9-a86ac264bd26,GTA,GTADCFT2,GTADCFT2,X25
4a4caca5-7250-4a05-93ad-5a01b8d0e7ab,GTA,GTADCFT2,GTADCFT2,X26
c9c98a28-bbaf-4f6b-b936-1c4ae1a921fc,GTA,GTADCFT2,GTADCFT2,X27
40bd2114-701e-41d0-b6bf-e67dc733018c,GTA,GTADCHQ2,GTADCHQ2,A00
9179d8b5-b94b-49a3-bc73-20e6cefd6581,GTA,GTADCHQ2,GTADCHQ2,A01
3025fc41-a7bf-410b-89d6-439c1b15b566,GTA,GTADCHQ2,GTADCHQ2,C01
c2576d70-9c88-436a-a0bf-874324660d92,GTA,GTADCHQ2,GTADCHQ2,C02
74f72c1e-3dd9-47eb-8645-de80cecdcfbf,GTA,GTADCHQ2,GTADCHQ2,D01
8817204b-b4ac-4325-91f4-31a13899dd4d,GTA,GTADCHQ2,GTADCHQ2,D07
78438f5c-76c7-4271-ac10-d521d0ca4287,GTA,GTADCHQ2,GTADCHQ2,X01
d6ebd8ee-6d61-4948-b183-cead189e1440,GTA,GTADCHQ2,GTADCHQ2,X02
0d19bed0-932d-4296-a558-e49fa4d7c329,GTA,GTADCHQ2,GTADCHQ2,X03
6ba99bfb-30f6-4b19-ac66-5589030aee24,GTA,GTADCHQ2,GTADCHQ2,X25
620e8beb-d9ca-45c3-a5e9-c469f578ad0f,GTA,GTADCHQ2,GTADCHQ2,X26
113e0895-75e8-4bc5-a7ae-2312feda7bb5,GTA,GTADCHQ2,GTADCHQ2,X27
0b6fafcf-6195-4594-b956-a2b4c47c0f99,GTA,GTADCHS2,GTADCHS2,A00
5e2deb9e-7f31-44df-92a1-e81ec6a19448,GTA,GTADCHS2,GTADCHS2,A01
ab360b0b-52c5-45bb-98bd-780dd787164a,GTA,GTADCHS2,GTADCHS2,C01
90c748ff-2127-4b35-af95-f050783a4beb,GTA,GTADCHS2,GTADCHS2,C02
67b90d7e-9707-4f88-89e0-0844b580dc9b,GTA,GTADCHS2,GTADCHS2,D01
a52d96bc-36df-4f57-9b5f-fd122a32decf,GTA,GTADCHS2,GTADCHS2,D07
04cd51d0-b5b3-4e2d-ae0e-8680036bb0c8,GTA,GTADCHS2,GTADCHS2,X02
8e4f90fa-eb16-4b03-aaf0-f64e3117fcc1,GTA,GTADCHS2,GTADCHS2,X03
758535d9-7a1e-40bb-bcaa-327305f8d61c,GTA,GTADCHS2,GTADCHS2,X26
f65128e5-0747-480d-9c2b-fa0bc89651eb,GTA,GTADCHS2,GTADCHS2,X27
4f829e6e-e2bf-4bc6-96ee-7719fb2e1e4a,GTA,GTADCHSA2,GTADCHSA2,A00
7e819177-af1c-47fa-94a4-4598bfcc4964,GTA,GTADCHSA2,GTADCHSA2,A01
656985d6-0a34-4a8e-9130-a7c7ebfb1ea1,GTA,GTADCHSA2,GTADCHSA2,C01
75e39c2a-559c-48f9-9b37-6ef93db8bd42,GTA,GTADCHSA2,GTADCHSA2,C02
2630424f-4787-455c-abc2-fe1710052142,GTA,GTADCHSA2,GTADCHSA2,D01
fd7d5652-57c1-4849-b2db-bde2f0f5fd17,GTA,GTADCHSA2,GTADCHSA2,D07
78567230-ada0-482a-8270-c11483bbd13b,GTA,GTADCHSA2,GTADCHSA2,X02
680c0b72-e8e3-4268-8913-a23508976b95,GTA,GTADCHSA2,GTADCHSA2,X03
f8f67f19-c1b1-41a5-aa5e-d5a008103b05,GTA,GTADCHSA2,GTADCHSA2,X26
841217af-3e82-43f6-9095-8dc20faa0a1c,GTA,GTADCHSA2,GTADCHSA2,X27
73d5ea0f-09d7-4cd6-a10b-d01b51e860bf,GTA,GTADCKB2,GTADCKB2,A00
3429a331-41de-4ebb-874e-dd2459c76451,GTA,GTADCKB2,GTADCKB2,A01
bd8e04f7-aa57-4e12-900d-c299179f0faf,GTA,GTADCKB2,GTADCKB2,C01
b52e3b72-09b5-475d-813d-e9a8c44d9def,GTA,GTADCKB2,GTADCKB2,C02
021fe120-fdd8-4fcb-9b2f-2c706d125d04,GTA,GTADCKB2,GTADCKB2,D01
ea9c6ad0-4dea-40fd-a7d7-6abc52c99935,GTA,GTADCKB2,GTADCKB2,D07
dbdc875c-7056-40aa-875d-06672bc3c9a4,GTA,GTADCKB2,GTADCKB2,X02
4c01e010-1be8-42c2-8090-a5dc6a360e9d,GTA,GTADCKB2,GTADCKB2,X03
67d15d02-149d-4679-8491-7109b68726b8,GTA,GTADCKB2,GTADCKB2,X26
434f6b7d-e998-477d-b44b-7e1b24b288c0,GTA,GTADCKB2,GTADCKB2,X27
724a1140-9da7-4fa5-8f8a-c69f51bf6c64,GTA,GTADCKN2,GTADCKN2,C01
8702ee9f-abfd-4ac7-80d1-81c461ea1a8d,GTA,GTADCKN2,GTADCKN2,C02
b2260c3b-b6f5-495e-9140-098a323cb615,GTA,GTADCKN2,GTADCKN2,X02
cfe30796-1ac6-46fb-ba2e-38d4678fa4e1,GTA,GTADCKN2,GTADCKN2,X03
98578511-62ea-40c5-b822-b962535c32ac,GTA,GTADCKN2,GTADCKN2,X26
5bf12084-5c39-47c1-a46c-57e0e8719008,GTA,GTADCKN2,GTADCKN2,X27
29f4346c-0665-434e-9534-ce8dd3b70849,GTA,GTADCKQA2,GTADCKQA2,A00
2826ef31-3e19-4cf6-ab44-0e2ad9e2d45e,GTA,GTADCKQA2,GTADCKQA2,A01
5fcfdb1d-6206-45c7-b130-68cd91b75ab4,GTA,GTADCKQA2,GTADCKQA2,C01
3432aff5-3462-4f8c-ba12-381a59389f5b,GTA,GTADCKQA2,GTADCKQA2,C02
64b33f47-d928-4aa0-9b5a-08f3b4a0a476,GTA,GTADCKQA2,GTADCKQA2,D01
a5b366f5-032b-4d05-a1aa-337f6ff3ce2f,GTA,GTADCKQA2,GTADCKQA2,D07
0b16e031-af79-4f05-936e-15e9d6df7458,GTA,GTADCKQA2,GTADCKQA2,X01
1312e9b3-60cc-4112-b6c8-3bcf1e3688ed,GTA,GTADCKQA2,GTADCKQA2,X02
bca2cd63-ed44-421f-b4ed-1322abd9818f,GTA,GTADCKQA2,GTADCKQA2,X03
47178024-5fb7-451c-abf3-6441fc4a87b6,GTA,GTADCKQA2,GTADCKQA2,X25
b5c2f269-37a9-4a92-b435-5f4078fcb348,GTA,GTADCKQA2,GTADCKQA2,X26
31f03052-7f08-4e6d-9de6-c9b3fe5a1358,GTA,GTADCKQA2,GTADCKQA2,X27
c1eb9ed6-5e22-4734-bb88-8544c4911f94,GTA,GTADCKS2,GTADCKS2,A00
0f22a60e-4451-4955-aff5-6190867202be,GTA,GTADCKS2,GTADCKS2,A01
c901b651-0e39-4865-9274-db2344d6d3f0,GTA,GTADCKS2,GTADCKS2,C01
e219d569-6a56-422f-9cd1-cd78164e97d6,GTA,GTADCKS2,GTADCKS2,C02
03bf8553-bc4b-4a5d-bf26-a4254bca7cb8,GTA,GTADCKS2,GTADCKS2,D01
b0786e9b-4aee-4657-b8e1-806274a55f7b,GTA,GTADCKS2,GTADCKS2,D07
95f0a2c8-006c-4b06-a3c2-1873995d81ec,GTA,GTADCKS2,GTADCKS2,X01
f261bb2d-acef-45dd-8f8e-2afbe19e00cc,GTA,GTADCKS2,GTADCKS2,X02
7b0052b6-7d26-4371-8624-be9c892da5fc,GTA,GTADCKS2,GTADCKS2,X03
f9ee0af7-eb51-4748-a3b4-3148dac27763,GTA,GTADCKS2,GTADCKS2,X25
1097a1f9-4ced-4b42-9c5a-f72cc42285f8,GTA,GTADCKS2,GTADCKS2,X26
b1f43548-44c9-44d3-bf81-f75c5e90cbf6,GTA,GTADCKS2,GTADCKS2,X27
5fb848c8-f993-4e22-90ab-ace4ac51b28f,GTA,GTADCKT2,GTADCKT2,C01
4d4d86b9-fc5e-4cd1-b8f3-fd0a6b06c474,GTA,GTADCKT2,GTADCKT2,C02
6b3dbdb9-33de-467c-b1b8-bd0321e2c68a,GTA,GTADCKT2,GTADCKT2,X01
26ba6c7e-38aa-4d9e-a8ec-fa512ae6f9b7,GTA,GTADCKT2,GTADCKT2,X02
9c4c788c-95b2-4fc1-8569-e90cac0789b3,GTA,GTADCKT2,GTADCKT2,X03
7b4645ed-9f96-47a2-ae6e-170d56c97c87,GTA,GTADCKT2,GTADCKT2,X25
452f0893-5efb-420b-b7a9-cb505d0e2e55,GTA,GTADCKT2,GTADCKT2,X26
8d00c442-d42a-4fc7-b83e-fead0a3589d6,GTA,GTADCKT2,GTADCKT2,X27
46bd9e61-40c3-4dbc-bef0-4470e6cdbd78,GTA,GTADCKX2,GTADCKX2,C01
b32af194-b07e-40c3-891d-0ce255339a89,GTA,GTADCKX2,GTADCKX2,C02
8d350687-b5d7-48b6-8ad8-a62c52491de4,GTA,GTADCKX2,GTADCKX2,X02
e0440b69-3878-49a8-8e31-138517850cac,GTA,GTADCKX2,GTADCKX2,X03
3cbd4714-031a-47e1-92ca-3b446f91f296,GTA,GTADCKX2,GTADCKX2,X26
e85e6d48-5a5a-4dae-b1f4-8d9eef08c4c6,GTA,GTADCKX2,GTADCKX2,X27
8c952239-f5cd-4ff4-a2b0-5217c1bdd762,GTA,GTADCLD2,GTADCLD2,A00
cf4b0a5e-1bdc-401c-a8f5-4826b57c8d77,GTA,GTADCLD2,GTADCLD2,A01
68621c1c-b176-413c-b569-1a0b0444b2ee,GTA,GTADCLD2,GTADCLD2,C01
57c45e1a-0a7a-4c50-91d1-e9a6003a2144,GTA,GTADCLD2,GTADCLD2,C02
75f5d9bb-7d6b-4cd2-ab1e-46582551436f,GTA,GTADCLD2,GTADCLD2,D01
b1cb3759-07fd-4640-8da2-2b11a6540908,GTA,GTADCLD2,GTADCLD2,D07
08aabb77-f851-4335-b42e-89488fce7b6d,GTA,GTADCLD2,GTADCLD2,X02
86c8982a-59a7-45bb-b73a-a38de6752263,GTA,GTADCLD2,GTADCLD2,X03
625deb15-1496-48ac-a22b-d21555145a4a,GTA,GTADCLD2,GTADCLD2,X26
1c4fab57-a6ff-44a6-a986-dee35fab597f,GTA,GTADCLD2,GTADCLD2,X27
9f885593-6b4e-4338-9537-b8192ee62c8a,GTA,GTADCLDA2,GTADCLDA2,A00
dbe119dd-4f48-44ea-a93d-2de76b47f276,GTA,GTADCLDA2,GTADCLDA2,A01
4a6cbb8c-da7b-4a3b-95c3-cd378c8d21c1,GTA,GTADCLDA2,GTADCLDA2,C01
0208c3e8-9a6f-411a-a5cd-b2ac8886d0d7,GTA,GTADCLDA2,GTADCLDA2,C02
90bb8cfb-49ff-40f7-8981-23776915831b,GTA,GTADCLDA2,GTADCLDA2,D01
b1a2f8a2-4bd5-4f0f-8f9d-e10017aa36be,GTA,GTADCLDA2,GTADCLDA2,D07
7e3a4eaa-f85d-4253-a31d-ef5b0a498a5e,GTA,GTADCLDA2,GTADCLDA2,X02
2d9764dd-ac0e-4521-8a5b-acc0085d320c,GTA,GTADCLDA2,GTADCLDA2,X03
1c247c13-3368-4cdc-a921-2d4d90c13d97,GTA,GTADCLDA2,GTADCLDA2,X26
87de069d-d037-449a-a5fc-d44e0cf4702e,GTA,GTADCLDA2,GTADCLDA2,X27
f2037285-2a70-4ad1-a631-10d3d4d4d026,GTA,GTADCLG2,GTADCLG2,C01
fcba8a1e-e233-4761-89b6-cc7cdf712cf1,GTA,GTADCLG2,GTADCLG2,C02
c26f5db3-38cf-4c9f-a490-bd690bf7595c,GTA,GTADCLG2,GTADCLG2,X02
2f307184-5ea5-4961-8952-8f2faecd5dfc,GTA,GTADCLG2,GTADCLG2,X03
45535829-2999-40df-9520-4b6aad744cda,GTA,GTADCLG2,GTADCLG2,X26
e2031cb6-e402-42cc-8ea8-c2d17a8bd471,GTA,GTADCLG2,GTADCLG2,X27
595f7a86-8be1-4759-a08b-8d53e4288adb,GTA,GTADCLGA2,GTADCLGA2,A00
05f2a605-9bfc-4d96-9410-1641f2023fd8,GTA,GTADCLGA2,GTADCLGA2,A01
4e2f5467-4200-4887-960d-e6f57d2b1696,GTA,GTADCLGA2,GTADCLGA2,C01
b4553f03-3a09-44d5-9fda-487faeeefdf6,GTA,GTADCLGA2,GTADCLGA2,C02
8e68e953-b76f-4cb3-9d74-7e51457977a0,GTA,GTADCLGA2,GTADCLGA2,D01
990411d1-ad41-42cd-853f-5d245a509431,GTA,GTADCLGA2,GTADCLGA2,D07
6f5110ad-45f6-4b9a-bdee-5970af6a6565,GTA,GTADCLGA2,GTADCLGA2,X02
f6e30d30-8673-4ac1-a920-6feca572408a,GTA,GTADCLGA2,GTADCLGA2,X03
e84720b9-3580-4533-b23a-3c3575272f9d,GTA,GTADCLGA2,GTADCLGA2,X26
f7a4ae99-1176-479c-8d64-36742d0c4ac5,GTA,GTADCLGA2,GTADCLGA2,X27
1dde1134-9462-4144-adf8-8a7f1b4b872c,GTA,GTADCLGJ2,GTADCLGJ2,A00
ad1025aa-ac0c-42c8-a569-2dd3d1983078,GTA,GTADCLGJ2,GTADCLGJ2,A01
f25a2f5e-de37-4a77-b030-1b3f43c5f957,GTA,GTADCLGJ2,GTADCLGJ2,C01
c03611f6-6afb-41b4-b26f-543d2a4b4727,GTA,GTADCLGJ2,GTADCLGJ2,C02
58acb3e4-4aab-4bc4-8762-d8e05127315e,GTA,GTADCLGJ2,GTADCLGJ2,D01
d96a4c2f-b742-4d68-884a-8f7c4384e64e,GTA,GTADCLGJ2,GTADCLGJ2,D07
2463d244-64ae-4565-9687-4aaceda388dc,GTA,GTADCLGJ2,GTADCLGJ2,X02
23302a82-f903-410d-8de4-07bf1cf5fc38,GTA,GTADCLGJ2,GTADCLGJ2,X03
905e2f0b-1cbe-4c6a-b24e-e7dcf7c9c6dd,GTA,GTADCLGJ2,GTADCLGJ2,X26
b7a6cab7-26b2-47cb-9c2b-061000328293,GTA,GTADCLGJ2,GTADCLGJ2,X27
a656cdae-d4e8-4f62-83c9-428dbbedc539,GTA,GTADCLH2,GTADCLH2,C01
1b2483ef-781a-4773-8f79-d22ce1e90ccd,GTA,GTADCLH2,GTADCLH2,C02
4ef009ce-c2e6-462b-9d8c-a3cddae0fefe,GTA,GTADCLH2,GTADCLH2,X02
cc4a6f08-2f7b-4594-a1c7-a203e8ab2e6c,GTA,GTADCLH2,GTADCLH2,X03
d88475e6-6bee-4840-be33-040a01f8f936,GTA,GTADCLH2,GTADCLH2,X26
766a3552-3634-4ada-a4c0-69bb232a72da,GTA,GTADCLH2,GTADCLH2,X27
43275cb2-02c2-4fa9-a842-6f26bc34e26f,GTA,GTADCLHA2,GTADCLHA2,A00
e02c18d2-7d03-409a-a090-94fad44875ff,GTA,GTADCLHA2,GTADCLHA2,A01
b76534e1-7980-49fb-bdf8-f4936b4fac3e,GTA,GTADCLHA2,GTADCLHA2,C01
f45f35f1-c560-46ba-8649-08abcd145ebd,GTA,GTADCLHA2,GTADCLHA2,C02
42f4822f-ebad-485f-b351-8b6a51ccd99e,GTA,GTADCLHA2,GTADCLHA2,D01
867684aa-f243-42a7-95be-2e578576a7d4,GTA,GTADCLHA2,GTADCLHA2,D07
47315522-a0b9-4759-8fdf-ed8dd275b480,GTA,GTADCLHA2,GTADCLHA2,X01
f0d272a5-1086-443f-a145-833eb80bc5e1,GTA,GTADCLHA2,GTADCLHA2,X02
b0656e2f-3106-48e1-a5df-2464d9155cfc,GTA,GTADCLHA2,GTADCLHA2,X03
f049939e-ba0f-492f-8c3d-0f5eb1608d53,GTA,GTADCLHA2,GTADCLHA2,X25
4db5d90e-8d61-4447-8f34-1b4ce3138531,GTA,GTADCLHA2,GTADCLHA2,X26
87d4a922-b6b2-4bd9-ab96-885db6d7f52f,GTA,GTADCLHA2,GTADCLHA2,X27
d5de45d8-8c55-46e4-94e2-68fe15e610c3,GTA,GTADCMN2,GTADCMN2,C01
44d42ebc-ab86-4331-a17a-0259154ace4c,GTA,GTADCMN2,GTADCMN2,C02
6aded3cc-d458-403b-bd02-2672592bf2b0,GTA,GTADCMN2,GTADCMN2,X02
608f75d8-f5f2-4901-b838-23d6c1c32239,GTA,GTADCMN2,GTADCMN2,X03
e0755539-7101-492f-bd9a-9a90fe474959,GTA,GTADCMN2,GTADCMN2,X26
97b2b65c-c03f-49ff-a272-6c7dd4622ed0,GTA,GTADCMN2,GTADCMN2,X27
ef237bdc-6221-40ad-9bd1-0a1521b2bce1,GTA,GTADCMT2,GTADCMT2,C01
e3ce7657-c3d0-4331-ba5d-f16bcffb1325,GTA,GTADCMT2,GTADCMT2,C02
172c068a-bad6-4add-87cb-577278106448,GTA,GTADCMT2,GTADCMT2,X02
5eed6743-c53d-4c23-8083-9bed8c461cd8,GTA,GTADCMT2,GTADCMT2,X03
3010fe3e-bdb1-4acc-8cdf-5a3784818839,GTA,GTADCMT2,GTADCMT2,X26
afc4be1b-69ec-4377-8f84-b55cc93c014b,GTA,GTADCMT2,GTADCMT2,X27
c2d30d84-c37e-44a9-9dc9-2c712771d35d,GTA,GTADCMX2,GTADCMX2,C01
fe129b85-8cea-4bfd-86a7-9038247e222b,GTA,GTADCMX2,GTADCMX2,C02
afc0d9af-f3c6-4a95-afa2-9a7fc4882381,GTA,GTADCMX2,GTADCMX2,X02
219e29b0-2141-4b91-8ef3-456a444bb1c8,GTA,GTADCMX2,GTADCMX2,X03
10e34c39-9a48-4349-963e-1c9695c9c037,GTA,GTADCMX2,GTADCMX2,X26
88a2d629-0c20-48e8-8328-9deddc5f95c8,GTA,GTADCMX2,GTADCMX2,X27
bd35695a-fd30-4e00-bd7f-9fcab5fc7b39,GTA,GTADCOD2,GTADCOD2,A00
46986a5f-5b85-46d2-a533-a15296ea655f,GTA,GTADCOD2,GTADCOD2,A01
a9c7d771-fc1c-4c66-8c56-d939640ce111,GTA,GTADCOD2,GTADCOD2,C01
5132b805-4531-471f-aff9-2f878a19e4d0,GTA,GTADCOD2,GTADCOD2,C02
41088621-e3b8-48eb-b2e1-4d15d1a06202,GTA,GTADCOD2,GTADCOD2,D01
9e79bd62-9ed0-44c6-a892-451b5b1ba912,GTA,GTADCOD2,GTADCOD2,D07
d4d00abf-6c3d-497f-9471-4cc1cf9da846,GTA,GTADCOD2,GTADCOD2,X02
013920fa-ccb5-45b8-b0e6-5bdc61d5301d,GTA,GTADCOD2,GTADCOD2,X03
4040d050-9e00-4070-8c38-f55f2dfaf06f,GTA,GTADCOD2,GTADCOD2,X26
7145a7c9-67c9-45b1-b9a7-00d6a56cfb81,GTA,GTADCOD2,GTADCOD2,X27
7c0a4c5a-1a92-4ef3-bd71-e0562b2f1ffa,GTA,GTADCODA2,GTADCODA2,A00
5c7095f6-0092-42ec-8cb7-cc1ff02eb9a4,GTA,GTADCODA2,GTADCODA2,A01
b884c669-c9af-40a2-ab2e-4ab321294f58,GTA,GTADCODA2,GTADCODA2,C01
aa0f9e76-bbb7-478d-846a-b7331ff53c4f,GTA,GTADCODA2,GTADCODA2,C02
cfee4a29-0c8f-4d13-a41c-a5a12f34caf1,GTA,GTADCODA2,GTADCODA2,D01
bd16b42e-67a5-4295-b11b-d08d2254ea64,GTA,GTADCODA2,GTADCODA2,D07
08f82f17-6a3d-4e81-9000-d670d720742c,GTA,GTADCODA2,GTADCODA2,X02
8cb92b24-1202-4731-8354-db0d5b15dfa0,GTA,GTADCODA2,GTADCODA2,X03
36335272-f1fa-4563-a78f-2420d063a333,GTA,GTADCODA2,GTADCODA2,X26
25a9f169-0d6a-46cd-b76c-ad2eb46ce7ab,GTA,GTADCODA2,GTADCODA2,X27
813ec0a7-e055-4fa1-9242-8d117fe9e152,GTA,GTADCOG2,GTADCOG2,C01
79ce8e30-e6ca-43bb-980d-18047d1edeb8,GTA,GTADCOG2,GTADCOG2,C02
2dae62ee-e4ea-4098-9ba8-418bc893c20f,GTA,GTADCOG2,GTADCOG2,X02
aedb2d5a-254f-465d-ab7d-74693f267366,GTA,GTADCOG2,GTADCOG2,X03
739ab1f6-117c-471f-95d2-3581783dca08,GTA,GTADCOG2,GTADCOG2,X26
19215be0-4cf0-413e-9e1e-8d58fdce165b,GTA,GTADCOG2,GTADCOG2,X27
b63b3eb2-d503-4173-abc3-925f320ca3e8,GTA,GTADCOH2,GTADCOH2,A00
61c2704b-5546-40ad-a1bd-a3bdd82874c4,GTA,GTADCOH2,GTADCOH2,A01
7a983a05-60fa-4c6c-b21c-58f3bedd18d0,GTA,GTADCOH2,GTADCOH2,C01
7ff5fba3-d3db-46f8-a330-9f431ba59032,GTA,GTADCOH2,GTADCOH2,C02
fc693b2c-05c7-418a-88f2-172d7ef188da,GTA,GTADCOH2,GTADCOH2,D01
402dca5d-24de-47b1-949a-97a49190835b,GTA,GTADCOH2,GTADCOH2,D07
d67aa107-f0fb-4199-9489-c8d7f73cec34,GTA,GTADCOH2,GTADCOH2,X02
9a328c94-8d81-496e-be16-4a2499c9c37a,GTA,GTADCOH2,GTADCOH2,X03
7be98055-363e-41f3-bd88-cf0153530b65,GTA,GTADCOH2,GTADCOH2,X26
776f70b4-84ff-40a9-a5eb-1bea22223917,GTA,GTADCOH2,GTADCOH2,X27
3d0261f7-3657-4ef3-9da3-370bc6ed12df,GTA,GTADCOT2,GTADCOT2,C01
eacc275d-bcfb-4a7a-add3-4c5f1650cf22,GTA,GTADCOT2,GTADCOT2,C02
74decbc4-93ff-4d04-b9b9-a76b43330cab,GTA,GTADCOT2,GTADCOT2,X02
0d5d432f-7052-4227-bd51-86de008ca0e1,GTA,GTADCOT2,GTADCOT2,X03
20f44d7f-9c56-40c0-8be8-19512ff35e7b,GTA,GTADCOT2,GTADCOT2,X26
eda11f3b-4cfe-45c0-b130-450e6ffd4cc7,GTA,GTADCOT2,GTADCOT2,X27
79a59d2f-a010-4cb7-96d2-96d6b7612c8a,GTA,GTADCQM2,GTADCQM2,C01
d9b22298-1577-45c3-9730-26b6fdbb7699,GTA,GTADCQM2,GTADCQM2,C02
073e5b91-eeb2-4510-ab45-a38c05e59dee,GTA,GTADCQM2,GTADCQM2,X01
9485d7f8-9ece-4185-b611-5f0e3b59e7d2,GTA,GTADCQM2,GTADCQM2,X02
6a96abc5-f993-48df-8868-469f4958f37e,GTA,GTADCQM2,GTADCQM2,X03
dabca515-3f71-4852-be0b-8941d22630c6,GTA,GTADCQM2,GTADCQM2,X25
088a72ad-4071-4d70-94e0-f7c296068179,GTA,GTADCQM2,GTADCQM2,X26
19c87e24-cdb9-420c-a80f-49552aa97c60,GTA,GTADCQM2,GTADCQM2,X27
892c7829-8e87-43fa-a858-bc527b6ffd86,GTA,GTADCQMA2,GTADCQMA2,A00
4a81a1bf-b1d7-426a-b493-8fe2594d441f,GTA,GTADCQMA2,GTADCQMA2,A01
0acec0fa-a6e9-4e6f-87f7-d08023a92f84,GTA,GTADCQMA2,GTADCQMA2,C01
278d2de7-4d5f-47b2-84ec-2396d8d0bc4f,GTA,GTADCQMA2,GTADCQMA2,C02
62664c39-55dc-46ee-986d-022eef127bef,GTA,GTADCQMA2,GTADCQMA2,D01
cc344f2d-286f-4014-bae0-570b37e125c1,GTA,GTADCQMA2,GTADCQMA2,D07
4b50f0f3-1ca6-42c7-b3e2-1f81678141d7,GTA,GTADCQMA2,GTADCQMA2,X01
e770a7ca-5b00-4d06-82be-75d2b8bbd232,GTA,GTADCQMA2,GTADCQMA2,X02
641ac034-818e-4fb0-8da6-374bbe8d60dd,GTA,GTADCQMA2,GTADCQMA2,X03
307a1bc2-a691-40f5-9e0c-cf7d002e0e22,GTA,GTADCQMA2,GTADCQMA2,X25
5aa4a2bd-4127-4326-9c3d-18e781711660,GTA,GTADCQMA2,GTADCQMA2,X26
e4dc9f4f-ab44-4ef7-95c1-0f539117fe53,GTA,GTADCQMA2,GTADCQMA2,X27
461339ac-f8ee-4789-b2c2-378aca45e389,GTA,GTADCQT2,GTADCQT2,C01
36dccf9a-b0ae-4e25-9d43-bbaf243f7cd1,GTA,GTADCQT2,GTADCQT2,C02
573a3d09-b693-49ba-90b5-2083f06495dc,GTA,GTADCQT2,GTADCQT2,X01
21d95cc9-2eea-4fe4-9ff4-f36dab2a744d,GTA,GTADCQT2,GTADCQT2,X02
5e54d1b2-0d96-4262-a4bb-dbcd744c4372,GTA,GTADCQT2,GTADCQT2,X03
358cdaa6-3b2f-403b-a9e5-3def53c68ff9,GTA,GTADCQT2,GTADCQT2,X25
1d7d01fe-aef3-4644-a3cb-df01f3282aad,GTA,GTADCQT2,GTADCQT2,X26
37b93eba-1871-4912-b6ee-554dbcf30a54,GTA,GTADCQT2,GTADCQT2,X27
0c4da79a-3cf0-4b78-bea6-c391d06fe86b,GTA,GTADCQX2,GTADCQX2,C01
b8445b69-19c7-4de6-b7bc-25131bd6cfab,GTA,GTADCQX2,GTADCQX2,C02
eb1aa365-c0f7-4d99-9133-9cd82eb16d3e,GTA,GTADCQX2,GTADCQX2,X02
000ad8a6-3eda-4759-860f-e4d157012dc9,GTA,GTADCQX2,GTADCQX2,X03
b2ad5db2-9d2b-4c64-a33e-238681f336fb,GTA,GTADCQX2,GTADCQX2,X26
90ffe837-9fc3-4c02-bf95-4897cc2a337d,GTA,GTADCQX2,GTADCQX2,X27
5c79b92b-f70b-4719-a621-0114b498a04e,GTA,GTADCQXD2,GTADCQXD2,A00
a20c62ba-c42b-4385-9c8c-94cfa32d3b7c,GTA,GTADCQXD2,GTADCQXD2,A01
764cd803-a528-493f-b20c-111c2736bd5f,GTA,GTADCQXD2,GTADCQXD2,C01
671ae8ac-f10b-4e83-b5b2-43ae6e8499c2,GTA,GTADCQXD2,GTADCQXD2,C02
7653005d-74dd-4bf0-b82a-ca845343fcc1,GTA,GTADCQXD2,GTADCQXD2,D01
ff2c99d3-8bfc-42ca-8bc6-80ba921745d0,GTA,GTADCQXD2,GTADCQXD2,D07
e67c830f-07bb-461f-9dc9-26a98a4a4652,GTA,GTADCQXD2,GTADCQXD2,X02
741d59f6-d238-40d8-b453-c2a1954db82e,GTA,GTADCQXD2,GTADCQXD2,X03
d5db6f24-44df-407a-97af-bc118ce4e6ce,GTA,GTADCQXD2,GTADCQXD2,X26
d50a7b25-f96d-4039-91b3-7b987055507d,GTA,GTADCQXD2,GTADCQXD2,X27
b79ce249-0994-47c4-9607-63cf98c44c14,GTA,GTADCRT2,GTADCRT2,A00
16e786c3-5a4f-4163-8c0d-ca532f15efbf,GTA,GTADCRT2,GTADCRT2,A01
e88e0cef-73c3-4e88-993b-f7d0419f199a,GTA,GTADCRT2,GTADCRT2,C01
eaab5ca1-a50a-4f97-8a5f-0267aeae82c8,GTA,GTADCRT2,GTADCRT2,C02
99762220-1545-453b-bd99-a9bb8a66bd09,GTA,GTADCRT2,GTADCRT2,D01
4c44a4f4-216b-4b7c-8b44-795eabe3b7b9,GTA,GTADCRT2,GTADCRT2,D07
0f8cc1a0-5989-487c-9193-c5d1e64a3a11,GTA,GTADCRT2,GTADCRT2,X02
fdcf94b3-fc59-4bbb-a6a6-993a6b92ce1e,GTA,GTADCRT2,GTADCRT2,X03
fccb66d0-6faa-4b3a-86ec-cc6994b290d9,GTA,GTADCRT2,GTADCRT2,X26
f6d02a2d-bbb8-4659-ab61-c5b79f7d67b7,GTA,GTADCRT2,GTADCRT2,X27
b5bb073e-684c-4628-b640-8255f0cabc0c,GTA,GTADCTD2,GTADCTD2,C01
f116e5c3-45aa-47b9-9d14-0a76ccf6a5b5,GTA,GTADCTD2,GTADCTD2,C02
1704bf6b-5f3a-4022-87ed-a9f8a59712d3,GTA,GTADCTD2,GTADCTD2,X01
080d47ab-54d2-435d-9b04-5824858f723e,GTA,GTADCTD2,GTADCTD2,X02
c8e6d5a1-d664-45ea-8fc4-d4365a71e46a,GTA,GTADCTD2,GTADCTD2,X03
66904e39-28ee-45cd-9080-76643f13fe09,GTA,GTADCTD2,GTADCTD2,X25
71e696f5-ffaf-4f49-9dd8-17e7c8aee385,GTA,GTADCTD2,GTADCTD2,X26
1ae4889d-9758-47cf-8e2d-7aada565f3f3,GTA,GTADCTD2,GTADCTD2,X27
6afb0e3a-56fd-42fa-b1f2-d9ff3497a80e,GTA,GTADCTDA2,GTADCTDA2,A00
261021d0-f31c-49e2-b379-44c9c88e14e0,GTA,GTADCTDA2,GTADCTDA2,A01
5dea79af-2ea5-4a86-b6f6-16ff2baeb3bc,GTA,GTADCTDA2,GTADCTDA2,C01
58d996d0-602c-4d48-9cf0-b2ae8ab3b6d7,GTA,GTADCTDA2,GTADCTDA2,C02
7a0baa10-d410-4363-8f6c-f13e7ac87e28,GTA,GTADCTDA2,GTADCTDA2,D01
a0d4d4dc-002f-42f2-bdbc-94cb65f96352,GTA,GTADCTDA2,GTADCTDA2,D07
454dd201-65c0-4af9-868c-812fb431721d,GTA,GTADCTDA2,GTADCTDA2,X01
7cf233c7-c0a8-4fd5-a9fa-64547bc5e419,GTA,GTADCTDA2,GTADCTDA2,X02
8278db75-84d1-4ffd-9974-2e51363900dc,GTA,GTADCTDA2,GTADCTDA2,X03
acf9a901-fe18-4e73-9423-0c9abe7d09e0,GTA,GTADCTDA2,GTADCTDA2,X25
2fb08b88-2294-4be5-8564-159313da8adb,GTA,GTADCTDA2,GTADCTDA2,X26
1846729d-112f-406d-a66b-8fbe4425a61f,GTA,GTADCTDA2,GTADCTDA2,X27
9972885f-5ed8-431d-a5c5-9b0833b1afb9,GTA,GTADCTG2,GTADCTG2,C01
736a8d2d-bc92-4d40-82e3-6887855ff866,GTA,GTADCTG2,GTADCTG2,C02
4b2b703b-e654-4783-bbe0-cab5c3f3948b,GTA,GTADCTG2,GTADCTG2,X02
6046c426-9294-4dcd-a0c7-0199a8c7924f,GTA,GTADCTG2,GTADCTG2,X03
fc28be64-6b14-43af-b74c-6a9a1c40a517,GTA,GTADCTG2,GTADCTG2,X26
9fa965a5-25c1-4267-a105-ec86d46c7963,GTA,GTADCTG2,GTADCTG2,X27
cdb22f6a-12a5-4357-a550-b691d0930b07,GTA,GTADCTGA2,GTADCTGA2,A00
6664151b-5890-42a2-b05d-cb9e23578177,GTA,GTADCTGA2,GTADCTGA2,A01
14d3dc8c-424e-4d7b-acea-d01427f7ea8c,GTA,GTADCTGA2,GTADCTGA2,C01
b24f5589-4eb7-4e4f-b789-9a4dcda737e4,GTA,GTADCTGA2,GTADCTGA2,C02
e9c98967-f5eb-4797-b88c-db4560a66d7f,GTA,GTADCTGA2,GTADCTGA2,D01
e2a94639-7742-4fca-818f-65a7f52c017f,GTA,GTADCTGA2,GTADCTGA2,D07
f99d294d-0679-498a-bdde-8080388cd930,GTA,GTADCTGA2,GTADCTGA2,X02
d3f034df-7841-4a39-a360-040754fadc83,GTA,GTADCTGA2,GTADCTGA2,X03
4c8af412-0c64-4697-8399-62f695cfb3fc,GTA,GTADCTGA2,GTADCTGA2,X26
f5b139e6-93ed-4d72-969c-15ee5e04b73c,GTA,GTADCTGA2,GTADCTGA2,X27
0619c425-5073-45bd-9370-42471383bd80,GTA,GTADCTN2,GTADCTN2,C01
54b78de9-ebf2-49a3-b1c8-508aa5fdff23,GTA,GTADCTN2,GTADCTN2,C02
ea6c8cd2-baab-446b-a2c1-fd36d989fd12,GTA,GTADCTN2,GTADCTN2,X01
f75e7171-81b7-4684-90b4-88112b010e1e,GTA,GTADCTN2,GTADCTN2,X02
95f7a2c2-f949-4b9c-9602-e7f3718b4d0c,GTA,GTADCTN2,GTADCTN2,X03
cc541b70-ffde-4127-9954-fd8192ba6e99,GTA,GTADCTN2,GTADCTN2,X25
4b862312-8111-4cd6-a0d0-8fa64e5cebb0,GTA,GTADCTN2,GTADCTN2,X26
619691dd-4379-4bc7-90ca-bdfe4b18379c,GTA,GTADCTN2,GTADCTN2,X27
5e4f0dbe-1c7f-433f-9b04-ad0d16d9b604,GTA,GTADCTQ2,GTADCTQ2,C01
295e975f-2d30-489c-afbf-47f11fb57695,GTA,GTADCTQ2,GTADCTQ2,C02
451c060a-a4ff-4ff2-bf2d-0176f597dbb5,GTA,GTADCTQ2,GTADCTQ2,X02
00e2c976-8b52-4cb7-99b3-8a158399f0a1,GTA,GTADCTQ2,GTADCTQ2,X03
91268efc-449e-484a-a35e-b9d0525a78ef,GTA,GTADCTQ2,GTADCTQ2,X26
77dc4087-b15b-47ad-89f7-a52b49b9bfbe,GTA,GTADCTQ2,GTADCTQ2,X27
16f2dfcc-90e5-4e7b-955b-80b227d3c2a3,GTA,GTADCTT2,GTADCTT2,C01
95e9147e-35e7-4dbf-ad3d-3b435906920f,GTA,GTADCTT2,GTADCTT2,C02
02e72190-5cde-4bed-9961-e78dc220a30b,GTA,GTADCTT2,GTADCTT2,X02
ecf65193-5b38-49ad-9e40-fbb3becef56b,GTA,GTADCTT2,GTADCTT2,X03
f1e63ff9-9472-479d-9c31-013b6d04f703,GTA,GTADCTT2,GTADCTT2,X26
2c3fefd6-12b8-43fd-bcfb-21bf45ac74ee,GTA,GTADCTT2,GTADCTT2,X27
a4d6c19b-cad0-4da1-ab9b-a650a5352034,GTA,GTADCTTA2,GTADCTTA2,A00
279bd380-778e-4c68-83e1-0d01630f257a,GTA,GTADCTTA2,GTADCTTA2,A01
a035db34-cb07-4355-af16-423f28092333,GTA,GTADCTTA2,GTADCTTA2,C01
cd22987a-771c-41fc-88e2-34aff7d27989,GTA,GTADCTTA2,GTADCTTA2,C02
ad91502a-88f2-40c2-a540-7400c4aa02ab,GTA,GTADCTTA2,GTADCTTA2,D01
99cee56f-3385-4bc8-bf82-b42a78bfbfd5,GTA,GTADCTTA2,GTADCTTA2,D07
a17c2477-9c7a-4d7c-9dcc-a0bf5aaa1af5,GTA,GTADCTTA2,GTADCTTA2,X02
3fd14052-125c-405a-8e05-19c844eb7780,GTA,GTADCTTA2,GTADCTTA2,X03
7528aa47-fd05-404b-a970-9cfd665b8bc7,GTA,GTADCTTA2,GTADCTTA2,X26
a9d81743-57a1-42c4-aaf6-731d9d76c42b,GTA,GTADCTTA2,GTADCTTA2,X27
56307cdc-885a-415a-8ad7-be481158e28b,GTA,GTADCVL2,GTADCVL2,C01
90ead8b1-20b8-430d-84a3-7a74906fecef,GTA,GTADCVL2,GTADCVL2,C02
8c08b020-9b69-462b-8aca-e73c64243d9a,GTA,GTADCVL2,GTADCVL2,X02
097f4a4b-f778-4a35-8577-ed6a97a7f01e,GTA,GTADCVL2,GTADCVL2,X03
0a3dccfa-4486-4675-a694-f85fb2c4385d,GTA,GTADCVL2,GTADCVL2,X26
7f002438-0ae1-4547-9735-cf1dfa76eb7d,GTA,GTADCVL2,GTADCVL2,X27
f41f6fe1-9ec4-47b9-9b5a-e97fe90421ea,GTA,GTADCVM2,GTADCVM2,C01
cbc9d6c5-91a5-48d0-82b6-eb064e89e722,GTA,GTADCVM2,GTADCVM2,C02
511d62fd-e136-4185-9bda-b9129b4fc079,GTA,GTADCVM2,GTADCVM2,X02
a98cc6b2-51fc-425e-9258-47440a3370ae,GTA,GTADCVM2,GTADCVM2,X03
0210eea9-a91d-46cc-8b33-dae7e4687ad5,GTA,GTADCVM2,GTADCVM2,X26
1842a179-795d-43f1-ba5e-96b87129d4f7,GTA,GTADCVM2,GTADCVM2,X27
bf850dcf-884d-41c3-a8eb-feeb878ee70d,GTA,GTADCVS2,GTADCVS2,A00
c30d4c6f-ec36-442d-b89b-6be182764278,GTA,GTADCVS2,GTADCVS2,A01
685cd73e-bbc4-4608-9d84-138566c8d709,GTA,GTADCVS2,GTADCVS2,C01
d76c916e-d399-4151-b4bf-d986403d29c6,GTA,GTADCVS2,GTADCVS2,C02
1061a56b-9190-4a83-a13a-415c5df2ddaf,GTA,GTADCVS2,GTADCVS2,D01
5a29072d-db33-4fff-a47f-1299678b8f8c,GTA,GTADCVS2,GTADCVS2,D07
b60065a0-0a4e-4899-a631-2fc261327d76,GTA,GTADCVS2,GTADCVS2,X02
bfa33fd7-40e9-4f92-bf00-54b0dd234148,GTA,GTADCVS2,GTADCVS2,X03
36f63783-6b3e-4279-8bf2-57a72a488d12,GTA,GTADCVS2,GTADCVS2,X26
efadd3fe-a6fb-42a2-a66b-cd8d83af04a5,GTA,GTADCVS2,GTADCVS2,X27
4ae0bcce-6dc1-4e3c-b6f8-36534f25dae0,GTA,GTADCVV2,GTADCVV2,A00
1289432b-7e52-4bee-857d-8a700fc98bec,GTA,GTADCVV2,GTADCVV2,A01
dacb9b2b-dd7e-4bf7-8bbc-6b94c07057dd,GTA,GTADCVV2,GTADCVV2,C01
e7a051b8-6ca6-4acf-8d32-8a7b552ed350,GTA,GTADCVV2,GTADCVV2,C02
65c2dc78-3690-4222-be03-34f831519b0b,GTA,GTADCVV2,GTADCVV2,D01
4f08b7cd-325b-423c-9240-1a04752660d7,GTA,GTADCVV2,GTADCVV2,D07
e6174e65-bd9e-4e2b-aac1-efa85af93d44,GTA,GTADCVV2,GTADCVV2,X02
f4ea7843-bd8c-49f4-ae72-82bc18cb436d,GTA,GTADCVV2,GTADCVV2,X03
55fd641f-ebd8-4d7d-8562-e0b885c545b3,GTA,GTADCVV2,GTADCVV2,X26
9f92ae1e-9039-47e4-8d93-3161b34ed53a,GTA,GTADCVV2,GTADCVV2,X27
bbd6435f-48bd-4f5d-8310-2d202cdc97b3,GTA,GTADCXQ2,GTADCXQ2,C01
cf86fd7d-43e5-44eb-a883-3170c30b03ab,GTA,GTADCXQ2,GTADCXQ2,C02
565ec538-8849-4914-909d-380c7755a1d3,GTA,GTADCXQ2,GTADCXQ2,X02
2df85caf-ae6f-4255-a180-930eba443b84,GTA,GTADCXQ2,GTADCXQ2,X03
db4aea35-b99d-4f10-af12-eacadcb2c843,GTA,GTADCXQ2,GTADCXQ2,X26
257d5fa7-0b26-43d3-b2d1-cb1f2334cd2b,GTA,GTADCXQ2,GTADCXQ2,X27
e10ebff4-39da-44e0-b7b2-032d722a42c3,GTA,7340301TN,7340301TN,A00
b0ff12d5-a3ae-4c6f-9bc2-afae0c4726d6,GTA,7340301TN,7340301TN,A01
685fef3a-2858-4f30-a071-bb6b8fdd6d79,GTA,7340301TN,7340301TN,D01
dba00f4e-9e03-4ccc-8d42-51bf1d13becc,GTA,7340301TN,7340301TN,D07
f6507442-62db-4619-b378-4f71f0be9f5a,GTA,7480201TN,7480201TN,A00
aecf9cbf-e711-4a25-9859-4c7a7f364e30,GTA,7480201TN,7480201TN,A01
15375e88-5140-458f-8a63-1b11e2bf9f91,GTA,7480201TN,7480201TN,D01
984da274-77c8-4c10-bbf8-dd6f717d6f2a,GTA,7480201TN,7480201TN,D07
bd13e0db-798f-4b54-870b-72cc1ea0dfe6,GTA,7510406,7510406,D01
edf4f0d4-3a3c-42c6-ab3e-0ac90e64f5b6,GTA,7580301TN,7580301TN,A00
3a7611b3-7b7a-4766-9170-d37f7fae5b85,GTA,7580301TN,7580301TN,A01
d6e5ef77-289f-4862-b489-bb1c6f33de8f,GTA,7580301TN,7580301TN,D01
0980d0d2-a94d-43d3-bfb5-f48325d6b6f7,GTA,7580301TN,7580301TN,D07
fee510cb-64d5-4799-8bc2-5f5990e52116,GTA,7840101TN,7840101TN,A00
64881505-a96d-4958-b96b-0578bd67d6b6,GTA,7840101TN,7840101TN,A01
4b7499dc-922f-46c5-81bb-6bca12f392f4,GTA,7840101TN,7840101TN,D01
b068146e-2b01-4b4c-b8e2-fe4bc536b3df,GTA,7840101TN,7840101TN,D07
8eb9b5b1-3c3f-4aee-920b-904ef4987866,GTA,GTADCDD3,GTADCDD3,A00
c7d15289-8e1e-4da9-aaac-9097cebf3372,GTA,GTADCDD3,GTADCDD3,A01
97364f9d-deaa-41eb-9ea2-cbd6c2d3b036,GTA,GTADCDD3,GTADCDD3,D01
25826bf4-f602-4aa3-a0cf-d6fc9cd09e83,GTA,GTADCDD3,GTADCDD3,D07
d23facad-15e3-41b2-96c1-59dc38ff5488,GTA,GTADCKT21,GTADCKT21,A00
cee671e1-809c-40fb-81ab-d10307cc17e9,GTA,GTADCKT21,GTADCKT21,A01
82fbaffe-b92d-4242-8200-8215c23e2a09,GTA,GTADCKT21,GTADCKT21,D01
6093b87a-7e4b-487b-9a36-9ecf650dc913,GTA,GTADCKT21,GTADCKT21,D07
5926795b-176b-4ac6-b691-70794825bc90,GTA,GTADCKT3,GTADCKT3,A00
a0585b25-967d-46f4-81e6-b6af40c000ad,GTA,GTADCKT3,GTADCKT3,A01
cedc15ee-1024-44fc-bd73-eb9c9c3c76e0,GTA,GTADCKT3,GTADCKT3,D01
07c3fc5b-e6b0-4469-8682-a1e4e9b1c26e,GTA,GTADCKT3,GTADCKT3,D07
e0157c71-b765-43bd-8a23-d1da8a5f2e2b,GTA,GTADCKX3,GTADCKX3,A00
51140d08-aae7-4b7e-bd35-7a550be2df14,GTA,GTADCKX3,GTADCKX3,A01
89f7657d-b1a3-4957-9117-dfc0e7250530,GTA,GTADCKX3,GTADCKX3,D01
1776ef37-67bb-405d-849e-69428e65e3dc,GTA,GTADCKX3,GTADCKX3,D07
00066764-c4df-4d0d-a65c-4db5af4b3b70,GTA,GTADATT2,GTADATT2,A00
026d016e-cc80-4e4c-90a1-10157f320f21,GTA,GTADATT2,GTADATT2,A01
5477c2df-e64c-4d39-b6b3-0a94ac504921,GTA,GTADATT2,GTADATT2,C01
6fcaa030-c4f1-4ef3-af54-e5dd4188a8b8,GTA,GTADATT2,GTADATT2,C02
8b588eea-facb-4c8b-b37b-dc11dd481075,GTA,GTADATT2,GTADATT2,D01
b4384c28-7372-41a6-b53e-2417b7ece4c9,GTA,GTADATT2,GTADATT2,D07
dd30be50-ea01-4d9c-a728-a6d33ca0d809,GTA,GTADATT2,GTADATT2,X02
664b503d-a603-439e-ab34-46faea07a9b0,GTA,GTADATT2,GTADATT2,X03
3ac00b16-e431-4cdf-8c4f-b2a22de50b17,GTA,GTADATT2,GTADATT2,X26
bad20977-cbc5-4040-8450-36b10162c4d5,GTA,GTADATT2,GTADATT2,X27
3b3afb25-9560-4ad2-bd85-da6edf3e6326,GTA,GTADCBM2,GTADCBM2,A00
16cee628-7c15-4f25-8bbf-4e1f76f2d6e4,GTA,GTADCBM2,GTADCBM2,A01
9ac8ed43-a12d-49e1-993e-48a91c430f66,GTA,GTADCBM2,GTADCBM2,D01
856aae30-b9fb-42dd-9787-0ac6248cef14,GTA,GTADCBM2,GTADCBM2,D07
0347e762-5bf1-4de9-8e43-6bdbbd97071e,GTA,GTADCCS2,GTADCCS2,A00
24a99b6d-256a-4218-b8f1-4aac690659a7,GTA,GTADCCS2,GTADCCS2,A01
a8f4ada5-f139-4c43-810c-4c9cfdd3c7d4,GTA,GTADCCS2,GTADCCS2,D01
d7cb28bd-c7d7-4cac-bcf3-c099dae85495,GTA,GTADCCS2,GTADCCS2,D07
345000a9-7f83-476e-9085-ebf5d1c785ec,GTA,GTADCDS2,GTADCDS2,A00
523d7c8d-ffc3-4aad-935d-87682738d508,GTA,GTADCDS2,GTADCDS2,A01
1203c59a-79b2-4d43-a824-fe9b838e4d53,GTA,GTADCDS2,GTADCDS2,D01
519e85e0-55fb-4a14-b7cb-3c16c97f38af,GTA,GTADCDS2,GTADCDS2,D07
e09b1fba-bfd2-4fb3-9ea7-6f7d886c47f3,VHH,7220112A,7220112A,C00
facad0db-4b58-44ff-877d-c6b3bd4ea618,VHH,7220112A,7220112A,A00
8354c649-403f-47ed-b46a-c4bc94b517ce,VHH,7220112A,7220112A,A16
23da5b5f-8761-4266-b3f6-a74eaf81e05e,VHH,7220112A,7220112A,D01
fc24db31-1263-469c-9dd2-82d0642d1f3a,VHH,7220112A,7220112A,D78
5cf0df59-954e-47aa-8158-8167815dd3f0,VHH,7220112A,7220112A,D96
b6955b89-0bfa-4b0a-9fc8-cae47b982869,VHH,7220112B,7220112B,C00
bd9adff2-332b-497a-9469-13b7efefbf07,VHH,7220112B,7220112B,A00
08cda33a-4a21-4951-944e-0308735fdc0f,VHH,7220112B,7220112B,A16
efc06cbe-e015-4f14-b26e-333d86c122fe,VHH,7220112B,7220112B,D01
d529adcf-3226-4efc-8b4f-a6a6161a9c09,VHH,7220112B,7220112B,D78
37ab402a-c579-4c0f-a768-0a69036e2241,VHH,7220112B,7220112B,D96
a2603bb9-b36d-4adb-a7d6-c70d957d1369,VHH,7220201,7220201,A00
1f3d30cc-169e-40ef-a45b-6e680eb8b1f4,VHH,7220201,7220201,A16
1eecb10a-da09-48e4-a17b-69b8c4538e75,VHH,7220201,7220201,D01
9ae05dba-5625-4988-8593-d464ba64a2b1,VHH,7220201,7220201,D78
1cfada50-b6d9-4392-981e-039f3b67a398,VHH,7220201,7220201,D96
2f9f8bfd-3c67-4649-addd-51e4f4905d3d,VHH,7229040A,7229040A,C00
f8d7c66f-51ee-4baf-8211-8a7adeb196b7,VHH,7229040A,7229040A,A00
37365456-b1b1-4460-990c-36cff8717084,VHH,7229040A,7229040A,A16
9ff04792-5640-430a-98e7-791ceff64e92,VHH,7229040A,7229040A,D01
86a42500-9087-45ed-9e25-61c061023511,VHH,7229040A,7229040A,D78
b007ff78-6882-47d8-b7e3-7301fb040f3c,VHH,7229040A,7229040A,D96
3b10f1a7-1d39-4037-a38e-9e352659d36d,VHH,7229040B,7229040B,C00
782e9a36-4891-4859-a758-dc7355159627,VHH,7229040B,7229040B,A00
6ad2b920-d369-4e84-a9c6-05ca77a3198d,VHH,7229040B,7229040B,A16
bcabf156-6d14-4e04-841d-2eefbc73bded,VHH,7229040B,7229040B,D01
c88d7602-bd8f-4304-a5d9-ed01a8b04548,VHH,7229040B,7229040B,D78
bd6e8218-09ca-492c-bbbb-6cc0f1709b60,VHH,7229040B,7229040B,D96
33d100cf-8699-4c13-ba38-b12186acaef0,VHH,7229040C,7229040C,C00
8d8f5eaa-8300-42d4-9cf1-ed2d00dfb2c7,VHH,7229040C,7229040C,A00
432150d3-b3c7-45bd-9e10-1355cefc5956,VHH,7229040C,7229040C,A16
f4ee4828-5193-4994-b5a8-bdcedd8ccda2,VHH,7229040C,7229040C,D01
a769e016-d0dc-4d03-aeae-9539acefd02e,VHH,7229040C,7229040C,D78
45d1b5d1-76e1-427d-b65a-c426c176907f,VHH,7229040C,7229040C,D96
0d1c1952-9fa0-4ef1-9276-c3f8f5c93789,VHH,7229042A,7229042A,C00
69d37e41-bb1c-40f4-8351-1b5a77306245,VHH,7229042A,7229042A,A00
f9d525dc-fed0-4126-83cc-94cb23380f11,VHH,7229042A,7229042A,A16
6e4d9e3f-5346-41b3-81ac-22dd67cd06c2,VHH,7229042A,7229042A,D01
e568e1c2-c0cc-4603-878a-1c4ec554a0fe,VHH,7229042A,7229042A,D78
92e047a9-28f4-4cf0-a7c8-e1db443182bc,VHH,7229042A,7229042A,D96
8eb38985-d01a-48d3-8818-6886301823df,VHH,7229042B,7229042B,C00
142ae309-6b84-4ae8-a9e9-723b3753ce9e,VHH,7229042B,7229042B,C03
febb8f48-f360-4874-86c1-57892197be33,VHH,7229042B,7229042B,C04
4f51404f-e3b4-4c75-9e14-6372e117ad0f,VHH,7229042B,7229042B,D01
bc4915ea-e01a-44f5-9d40-9eb7fbc720d5,VHH,7229042B,7229042B,D14
c2dff64b-84fb-4ffd-901f-3d917c7b539c,VHH,7229042B,7229042B,D15
59220cd5-5960-47a2-adf1-b706fd52e7ab,VHH,7229042B,7229042B,X01
bdad686a-4638-4517-88c9-de93b2926b58,VHH,7229042B,7229042B,X70
d2e9358a-26ca-467d-bae7-e076f68445cb,VHH,7229042B,7229042B,X78
a2a3c6ab-7b1c-451f-b739-3e2ed2a170fc,VHH,7229042C,7229042C,C00
6303e7a3-d262-4566-b7d3-12715cca5870,VHH,7229042C,7229042C,A00
62570763-5539-4b55-b542-c7a3c516a6ab,VHH,7229042C,7229042C,A16
5e43834c-da9e-4aec-94bb-f9ff721fb6d5,VHH,7229042C,7229042C,D01
112dabc7-25be-4f3d-9034-0fb6ce2b5676,VHH,7229042C,7229042C,D78
53adfcf3-68fb-4b86-8cb0-1f15b2090692,VHH,7229042C,7229042C,D96
7c30b752-a130-403e-b3ef-e27a45a214c2,VHH,7229042E,7229042E,C00
cdd9d4ff-46db-469f-9978-22655b05834c,VHH,7229042E,7229042E,A00
da5bc8fe-a239-4aa1-9aae-3e7821e83e74,VHH,7229042E,7229042E,A16
27e51c5c-6047-464d-ae8d-65b4afe6a870,VHH,7229042E,7229042E,D01
b2ec9a8b-bd35-46b1-b69d-3f7bdda76bbd,VHH,7229042E,7229042E,D78
b9be2cc7-a5a7-4fcb-b6f4-4fbefbb0b7f5,VHH,7229042E,7229042E,D96
84a9b0a6-58d8-4750-82fa-66e230b9f325,VHH,7320101,7320101,C00
c2914106-423e-4c68-80e6-c8d7345789fe,VHH,7320101,7320101,A00
38cd0762-00ff-4108-90b0-1a56ca9449a2,VHH,7320101,7320101,A16
ef77280f-b23e-4380-a81c-fb9348520a55,VHH,7320101,7320101,D01
c0d105d4-d583-4c30-8fc5-c3f38172f535,VHH,7320101,7320101,D78
c00cd09d-5cb6-4883-a54f-b01cf8b6bddb,VHH,7320101,7320101,D96
6d71ae2d-f654-49cf-bed9-6bf242e4f229,VHH,7320201,7320201,C00
b9bc6894-2dc3-43b0-b458-5b86a7e26cd6,VHH,7320201,7320201,A00
73f73691-ab93-4754-9a5b-59ae9ee8e134,VHH,7320201,7320201,A16
8db99ff2-92a9-4017-bd54-c958ae9ddf89,VHH,7320201,7320201,D01
3b1b6971-8368-43b5-81e8-d8e3816bd160,VHH,7320201,7320201,D78
d985c0b1-a4f5-4977-a90f-a00eb4a982c3,VHH,7320201,7320201,D96
0e2ff998-1364-47a4-b8d3-eeca247f194d,VHH,7320205,7320205,A00
8b43c7d4-f242-497c-a9e4-b38ffb15be4b,VHH,7320205,7320205,A16
8251aa4f-ea13-475f-9644-73d8d8a21be8,VHH,7320205,7320205,D01
b60f1561-5589-498a-a3f8-812a74d71131,VHH,7320205,7320205,D78
69031449-9bcc-4293-a42c-f30b04dd5c67,VHH,7320205,7320205,D96
1c13b696-f971-4de8-9dfa-7f36d88a5a15,VHH,7320205,7320205,C00
05ac9dbc-58bb-4ec5-b987-9c85542b6b89,VHH,7320305,7320305,C00
f65a12e0-f12c-4d48-853c-885436f2cc90,VHH,7320305,7320305,A00
66ee71f5-d209-4c13-8c13-c8bd6dceaddb,VHH,7320305,7320305,A16
e25bfab5-368f-48b9-803e-44aaec082020,VHH,7320305,7320305,D01
088606a6-71b4-4d18-933d-e0a118609b7b,VHH,7320305,7320305,D78
a03af0b3-1443-454c-ab8e-9fa8a49ca3b3,VHH,7320305,7320305,D96
1f82e1a5-0ed8-402c-9bae-e18d2006ca80,VHH,7320402,7320402,C00
12f075be-7b25-4f45-a822-3688ce5de894,VHH,7320402,7320402,A00
78671d74-89c4-44ef-b811-f72429c195bc,VHH,7320402,7320402,A16
d0393b6d-38b8-4207-b96c-8beaf40d7608,VHH,7320402,7320402,D01
f85c9231-f450-4fc3-beac-cb1f273872f3,VHH,7320402,7320402,D78
a226f865-b859-4ef1-8ece-950206d714da,VHH,7320402,7320402,D96
0cda3621-43c4-4f9a-8adc-bc27a4a596af,VHH,7380101,7380101,A00
a61ff628-c918-45b1-bb36-73e3982aba42,VHH,7380101,7380101,A16
429b8949-18d8-4fdd-8e5f-6da2ad255244,VHH,7380101,7380101,D01
e6a76d9e-2ed8-43cf-9379-982dee3e5a66,VHH,7380101,7380101,D78
21dd58e7-697d-4f2a-b768-6bd240a840ad,VHH,7380101,7380101,D96
3479d87b-6e21-40c5-850f-3de3b7283a41,VHH,7380101,7380101,C00
e612b1e2-4fda-4313-9329-24613a5a9799,VHH,7810101A,7810101A,C00
ae1a0846-b28d-44bb-89f4-62eca0a00ec5,VHH,7810101A,7810101A,A00
97c50d7c-c510-43f3-bbf5-a49fc6dfd23c,VHH,7810101A,7810101A,A16
504bb3ed-6871-4670-8728-8a5c75200c3a,VHH,7810101A,7810101A,D01
028532ee-6ab9-4048-a3eb-de6d1a60f067,VHH,7810101A,7810101A,D78
01222a91-dc50-45aa-97ae-d3de88e10dfa,VHH,7810101A,7810101A,D96
8dd377a4-032d-4c6f-bae8-527f3051c844,VHH,7810101B,7810101B,C00
cf2eb97a-c7de-47e7-a54d-8d1850cdea7c,VHH,7810101B,7810101B,A00
e6d87792-036a-4004-9c77-62a264aca8a5,VHH,7810101B,7810101B,A16
15f2fb56-5865-4973-bb06-fe49c85d2454,VHH,7810101B,7810101B,D01
877f3377-0040-48c9-aa44-037eec0ca889,VHH,7810101B,7810101B,D78
1accdb7b-8084-4529-89e1-155f57889743,VHH,7810101B,7810101B,D96
d687a52e-715f-46e4-8448-4cf5332478d5,VHH,7810101C,7810101C,A00
f47ba5db-76ec-41c3-9b73-c1fb711a757c,VHH,7810101C,7810101C,A16
c1659557-6727-4ea8-939c-6f8749755757,VHH,7810101C,7810101C,D01
cbc84a39-4e3d-44e2-8af1-dd01d81d03ae,VHH,7810101C,7810101C,D78
fd8b3c2b-0ebf-4f46-b31e-42d25862c112,VHH,7810101C,7810101C,D96
343bd764-4df1-4b3a-95bb-b0b30f442dce,VHH,7810103,7810103,C00
dccbe59c-cecd-4158-9e16-50f8277d792d,VHH,7810103,7810103,A00
3373f8f7-af8d-41e9-ba76-4f97cf215d9b,VHH,7810103,7810103,A16
390644de-2214-464e-86d3-0663f4e86b78,VHH,7810103,7810103,D01
c678398d-31b6-46fc-847f-0e53f5beedb3,VHH,7810103,7810103,D78
c11ef748-b3b0-4397-bfbe-7ece3150b4b7,VHH,7810103,7810103,D96
5fdae73a-4dee-4983-80cd-3b102ec1b7fa,VHH,7220201,7220201,C19
92bdaed2-9f38-4e34-a117-160c66b5e652,VHH,7220201,7220201,D09
48ece9f1-9840-423a-9f08-6e3e39a20f7f,VHH,7220201,7220201,D14
adb77820-800f-4602-8f1a-e0695d11eb91,VHH,7220201,7220201,D15
a79a7041-09cd-495f-97c6-b782e981d8a1,VHH,7229040A,7229040A,C19
9f642c92-b7a2-4325-8791-f06c4a7255e1,VHH,7229040A,7229040A,D09
6b1bb2cd-7a8d-4436-af3b-088789eb6b9c,VHH,7229040A,7229040A,D14
fbe6e7fd-8740-4b20-86c2-c2f482561049,VHH,7229040A,7229040A,D15
a7a7dacb-5caf-4ba2-b125-2c9bbfcc3316,VHH,7229040B,7229040B,C19
6417e24b-ae93-4b29-a1d4-78569710a8f6,VHH,7229040B,7229040B,D09
06e5761b-a26f-46d0-940c-c487ed98b1fe,VHH,7229040B,7229040B,D14
9ab701a2-f110-4310-936f-39f379ed0a26,VHH,7229040B,7229040B,D15
724a7c0c-4717-4dae-a084-96b8149d255a,VHH,7229040C,7229040C,C19
fc7ecce3-8fe7-45e1-bd2d-9ba574d42d4a,VHH,7229040C,7229040C,D09
208c5046-cb7a-470e-acac-cac15fd55ad2,VHH,7229040C,7229040C,D14
c61664a6-ecf5-4957-b146-fed240562918,VHH,7229040C,7229040C,D15
0f957fc5-88d7-40aa-91cb-14b206afcae1,VHH,7229042A,7229042A,C19
a7626a9f-b9ee-43e7-a4f5-91fd14240342,VHH,7229042A,7229042A,D09
ec39f6c9-42c9-4276-9235-522f8a3ca4a8,VHH,7229042A,7229042A,D14
32d01d62-7991-4843-9091-20b7ba142ee7,VHH,7229042A,7229042A,D15
0a2216c2-6b18-4e77-b9b6-80918bca9887,VHH,7229042D,7229042D,C00
16ad4e99-1ca0-4905-819b-7c7536b457e6,VHH,7229042D,7229042D,C19
a9d89e34-4121-4edf-ba77-7eb47915ebac,VHH,7229042D,7229042D,D01
bfee9833-2282-4984-831c-46c6db6ef4ae,VHH,7229042D,7229042D,D09
34d5b862-048e-4009-8901-0a28151a27c3,VHH,7229042D,7229042D,D14
ca8651df-024e-4cdf-b19b-98dcf343ce02,VHH,7229042D,7229042D,D15
92335088-0bcd-4838-a1ac-56e2b138ecde,VHH,7320101,7320101,C19
1b87e2bc-2f0c-4002-be29-ea317dd746bc,VHH,7320101,7320101,D09
e0308f7e-227f-4911-94e9-1370b47eb766,VHH,7320101,7320101,D14
fc295be8-657b-467b-9a36-942235198ee2,VHH,7320101,7320101,D15
258e206b-1873-4098-ab1c-79f6ecfc1623,VHH,7320201A,7320201A,C00
17064909-b99f-4ae1-a1cf-acf091619463,VHH,7320201A,7320201A,C19
090306bd-eceb-4133-9a2a-2e2a708da0d5,VHH,7320201A,7320201A,D01
354e735a-4faa-4962-bcd0-17fde41331a2,VHH,7320201A,7320201A,D09
ef55c4e1-9dbc-4284-9455-af08354c91dc,VHH,7320201A,7320201A,D14
a3e29fc6-3a6e-47cd-ada3-3c20fb1db89d,VHH,7320201A,7320201A,D15
98b7d710-5064-4385-b76b-e0534bf1284e,VHH,7320201B,7320201B,C00
83f7c1a8-6e50-4398-9261-27bf96133855,VHH,7320201B,7320201B,C19
c695ada1-a1ae-42d1-8ce5-580e196c14b2,VHH,7320201B,7320201B,D01
889ff0ee-494f-4e4e-b671-d2e3c803435f,VHH,7320201B,7320201B,D09
2e00c6ce-e237-4ffb-baef-9cd47d1f6471,VHH,7320201B,7320201B,D14
d009b168-69fb-4ec1-adbc-152f31bbd24a,VHH,7320201B,7320201B,D15
dcf50d28-5131-4b3a-9c85-43a578c2a7a2,VHH,7320205,7320205,C19
fe815a7b-e5a0-485a-996e-0288c3f7d3a2,VHH,7320205,7320205,D09
fcfc6084-4a63-4fb1-8961-a9df498c78da,VHH,7320205,7320205,D14
16fadbaf-5721-4e41-a7cb-5c6ea4fc2856,VHH,7320205,7320205,D15
b9964169-a4e1-49a2-a512-dfa700936ba4,VHH,7320305,7320305,C19
e763dbd5-5e50-4e2e-8926-afa69f8404e0,VHH,7320305,7320305,D09
9062f360-e4c7-4950-9e4f-d54cf80f93be,VHH,7320305,7320305,D14
b52cffe4-0db0-4001-a145-e42bbd17d011,VHH,7320305,7320305,D15
ab540d8b-6b45-4004-ac42-c90d8c603cd7,VHH,7320402,7320402,C19
ce28d61f-d1e9-41f2-ab99-0a49a20c3a35,VHH,7320402,7320402,D09
41c6e2b4-e51f-437d-9bf3-724286e77ae5,VHH,7320402,7320402,D14
ded9b217-df47-4f41-a112-58f4d5dee003,VHH,7320402,7320402,D15
a23846bc-ca13-479f-b38e-115b0dfb16df,VHH,7380101,7380101,C19
eb072faa-bbd6-4e7f-b80e-8f5a99a4bdcc,VHH,7380101,7380101,D09
bb37aeb0-a7ac-42a6-af56-ea6874e92e92,VHH,7380101,7380101,D14
7e3c6296-6863-4b43-b963-cdcf8c47242c,VHH,7380101,7380101,D15
61dd1f0b-7016-400d-a52d-024407800e41,VHH,7810101A,7810101A,C19
c8c2ff62-f478-4f60-9963-bbc0e99fec8e,VHH,7810101A,7810101A,D09
c17b28ee-a95b-4535-b4fa-42fb293b015e,VHH,7810101A,7810101A,D14
302db961-13e8-4313-9db1-6f44eb37fb64,VHH,7810101A,7810101A,D15
b2fb5e50-f733-4e83-8fd3-5c456665b3e3,VHH,7810101B,7810101B,C19
2be7d947-5533-4f15-b61c-a392c0ab0651,VHH,7810101B,7810101B,D09
a34b1cfc-22d1-473d-94d4-3cdd4c371551,VHH,7810101B,7810101B,D14
b7bfa77d-3209-4c3d-b41f-a8e38f182257,VHH,7810101B,7810101B,D15
57873fd6-769d-43e7-ac50-b4e064e9f50b,VHH,7810101C,7810101C,C19
6391f558-e012-4c53-80a3-57606ae0dacd,VHH,7810101C,7810101C,D09
ed968ea7-933a-454c-9930-b3fc3c06451c,VHH,7810101C,7810101C,D14
c63c8cb6-a040-496c-ab72-719c32f958c6,VHH,7810101C,7810101C,D15
3155bb34-1539-4731-9b00-93db754fc70b,VHH,7810103A,7810103A,C00
5f7c704c-7364-437a-8214-bc575ed829fb,VHH,7810103A,7810103A,C19
87d74048-3f82-4a18-938d-1a8b0727b52d,VHH,7810103A,7810103A,D01
0949dd8c-a72e-4748-b4c3-563a73aa0a7f,VHH,7810103A,7810103A,D09
681fc1b3-c275-4baf-b37d-8957202eed16,VHH,7810103A,7810103A,D14
108c0053-7c90-4b38-ab62-ec49f65e3a64,VHH,7810103A,7810103A,D15
8e4a32bd-e8e8-449d-91d1-3ba1bf4f9ce9,VHH,7810103B,7810103B,C00
166cd0e6-3d4d-4289-9f24-bdf1033b94b0,VHH,7810103B,7810103B,C19
d19443f1-fc56-42cd-99e6-2e037f87861b,VHH,7810103B,7810103B,D01
b63ec4d1-26a3-4b97-84a7-de4e894f12df,VHH,7810103B,7810103B,D09
a6b68a41-59e7-4eed-b811-4a4de420bb98,VHH,7810103B,7810103B,D14
f63ead8a-cf45-4a68-81ac-b5c8b5022a89,VHH,7810103B,7810103B,D15
57d4bde5-f0aa-4dd7-b497-6c4bbb56493e,VHH,7220201,7220201,X78
e51c0c0f-c7c3-4d75-b688-b05d902bc01e,VHH,7229040A,7229040A,X70
9ba0fb2e-5101-4b0c-9f09-ea2c0e701af4,VHH,7229040A,7229040A,C03
e8562a52-941c-4b50-a661-f49ccaa6e6b2,VHH,7229040A,7229040A,C04
4910ec70-da94-461f-b537-a692b45aa02e,VHH,7229040A,7229040A,X01
c09d961c-9e11-4372-ac01-e55c2dc92750,VHH,7229040A,7229040A,X78
f534a33a-fb34-4dd3-a7d7-18e1ec197ce8,VHH,7229040B,7229040B,C03
ebe87d67-d3a9-4577-b398-36693c51856c,VHH,7229040B,7229040B,C04
bf013617-b328-4013-94af-cb57a7c1024f,VHH,7229040B,7229040B,X01
63192550-fec3-414e-9584-ba9f4f26e6cc,VHH,7229040B,7229040B,X78
b9ef6672-7dd3-4558-a3d7-ae14511f6dd3,VHH,7229040B,7229040B,X70
0d8f3765-58e6-46ff-b280-c21001888f5c,VHH,7229040C,7229040C,C03
b26859df-9c81-4b91-b928-9a8e2992dac8,VHH,7229040C,7229040C,C04
cd76ff58-adff-4b79-9913-6e034f1e7d66,VHH,7229040C,7229040C,X01
3d41a795-92d5-4645-8eaa-d765baf71653,VHH,7229040C,7229040C,X78
51864526-f219-4d47-ad9d-02d38d567bb2,VHH,7229040C,7229040C,X70
72003f07-05ba-481a-a777-06e8031e195d,VHH,7229042A,7229042A,C03
7cb962d5-e792-44f0-923e-5daf8ba8ea58,VHH,7229042A,7229042A,C04
2699dc23-e7a9-4c7a-85d3-3e50bd452885,VHH,7229042A,7229042A,X01
2a0ec04b-9492-4899-9177-33cc6e10a36b,VHH,7229042A,7229042A,X78
d22ecc47-09cd-4673-9c8d-4140012f226a,VHH,7229042A,7229042A,X70
e22a68ed-6deb-4978-9d7d-5e1f70013365,VHH,7229042C,7229042C,C03
3188e14a-9397-4396-add6-c6f6a738e1ab,VHH,7229042C,7229042C,C04
704bc022-ce3f-4666-88c3-37a9088d2f20,VHH,7229042C,7229042C,D14
a962c07a-c8c9-4915-8535-d2a7dec38351,VHH,7229042C,7229042C,D15
b6f99b47-63dd-46a3-8c2b-8a83ee2f0114,VHH,7229042C,7229042C,X01
138a1947-666a-4bfa-b2ef-8e694430017f,VHH,7229042C,7229042C,X78
1a2bf1fe-d245-4a97-997b-a02f7ca9e113,VHH,7229042C,7229042C,X70
d60a0c86-9aca-4118-bce1-547c2d49afd8,VHH,7229042D,7229042D,X70
b8a3aa2a-7374-44e1-8c11-4584b3b031c1,VHH,7229042D,7229042D,C03
a6f61508-6605-40e3-be6f-59ff51ca0689,VHH,7229042D,7229042D,C04
cd0d5a70-9cc7-4c18-bdbe-293b8e9b0b40,VHH,7229042D,7229042D,X01
630b8743-821f-4c5b-a232-f28b2169e3b7,VHH,7229042D,7229042D,X78
b39f9ac8-33dc-45e4-9bf8-51e8993330a6,VHH,7320101,7320101,X70
21a29c18-d656-4b27-b2f1-83af9dbdeeba,VHH,7320101,7320101,C03
eb082368-f6a3-4efe-a739-bcbbbfac7d3e,VHH,7320101,7320101,C04
5522d037-1c07-4811-beaa-1aff899a64e9,VHH,7320101,7320101,X01
b29d0fcd-5335-4f0a-a43f-b6fd25aca6b8,VHH,7320101,7320101,X78
68778f05-a730-4606-b1ac-4f9f1c50fdfb,VHH,7320201A,7320201A,X70
8e3e2e16-fcfc-4716-bc3c-7271e2ab4fad,VHH,7320201A,7320201A,C03
e9175f7a-8111-4ec8-8fc5-39a0e2d57730,VHH,7320201A,7320201A,C04
b72bb806-b03b-4b01-b6cf-4c9fd7b166dc,VHH,7320201A,7320201A,X01
306f6124-d4f0-419a-a188-f9f3a0ea46a7,VHH,7320201A,7320201A,X78
519886d9-220b-4c30-a259-647d4ed23a87,VHH,7320201B,7320201B,X70
f730bf35-0646-4de2-9795-a31ac3ac8173,VHH,7320201B,7320201B,C03
2f04e36e-ce2c-4994-853f-26e957413cb5,VHH,7320201B,7320201B,C04
683e16f8-69ad-4b62-85e2-5a887a8aa6cb,VHH,7320201B,7320201B,X01
9e2464d1-d379-46af-9a18-262d078e18f5,VHH,7320201B,7320201B,X78
22f4aca7-c120-4cba-9bbe-d9800b33ff57,VHH,7320205,7320205,X70
a2d723c6-aedc-483c-bb3d-2ea342aa1ada,VHH,7320205,7320205,C03
3fcf880a-4ec0-4c33-9267-df8144f6c2b2,VHH,7320205,7320205,C04
7507384e-cdea-45cb-8105-7e1590bab205,VHH,7320205,7320205,X01
c0248c08-7cdb-420a-9d0f-53771ec48833,VHH,7320205,7320205,X78
dcda2177-89c4-42ce-902d-44b2bf6c5cdb,VHH,7320305,7320305,X70
8a947b51-4a75-476c-800c-24931b446eaf,VHH,7320305,7320305,C03
eec6a8ec-60f5-4920-9369-b46e8b593a3c,VHH,7320305,7320305,C04
20371e2a-7328-4d0c-9602-28c62a3dc5c7,VHH,7320305,7320305,X01
4dae5323-beda-496c-b8d2-cbea284d29aa,VHH,7320305,7320305,X78
49795c09-06c1-4985-9aad-15c6bb7d935b,VHH,7320402,7320402,C03
cf16496e-e63a-43dc-9b03-e72520edf61f,VHH,7320402,7320402,C04
5ec452be-6f93-4523-99ef-793d3072a94e,VHH,7320402,7320402,X01
a1784805-5d62-4eb7-8b57-31cea3421363,VHH,7320402,7320402,X78
4165bf66-0db3-40fc-aaa7-b64a57b1cec5,VHH,7320402,7320402,X70
b2ae7b5d-64d8-4652-8ec3-5c2a9bb3a338,VHH,7380101,7380101,C03
6d151b3d-a8a0-4d0b-be92-5a1315cf890d,VHH,7380101,7380101,C04
12dab1c2-48d2-4643-9787-278d764997cc,VHH,7380101,7380101,X01
ecc3fbf3-47e7-47b7-ba6d-50e0069a21db,VHH,7380101,7380101,X78
2ae0fc5a-58cf-42e0-8dd7-944bd269bb3e,VHH,7380101,7380101,X70
8b9b1267-1a60-4b34-ae4d-ca6b0d19b62a,VHH,7810101A,7810101A,C03
12c346e5-24dd-41f8-a9e4-84bd573bc5d4,VHH,7810101A,7810101A,C04
9788f14b-7e5d-42cc-986f-7bfd675d516d,VHH,7810101A,7810101A,X01
e9fa1814-642b-458b-b525-4800cff8aaa6,VHH,7810101A,7810101A,X78
19cb68f0-a639-45f6-86be-e56b42501947,VHH,7810101A,7810101A,X70
fa53fbd1-e8e4-4ec5-9cd7-1e1818591345,VHH,7810101B,7810101B,C03
7c076cb2-47dd-44a6-9d43-34afaa6aa1c6,VHH,7810101B,7810101B,C04
8bf57df3-f67b-40be-967d-3a46ec5069ec,VHH,7810101B,7810101B,X01
0cb41e67-2b74-41d0-86bf-c1b164e554b2,VHH,7810101B,7810101B,X78
4ce32619-96a3-403c-9727-1191a561cc3b,VHH,7810101B,7810101B,X70
fab5a11a-edc3-41da-aeb8-151f13208339,VHH,7810101C,7810101C,X78
92ccfdef-1d1c-44ac-8567-1ad45f49ed2b,VHH,7810103A,7810103A,X70
6e8adf26-591f-4add-ab21-f47fd5054a8f,VHH,7810103A,7810103A,C03
fd63f393-a036-4587-8f1c-081c7547df4c,VHH,7810103A,7810103A,C04
79d903c9-4323-41bd-a829-f266032bbf78,VHH,7810103A,7810103A,X01
cacceeb1-109c-4b3f-86ab-c8e06589885c,VHH,7810103A,7810103A,X78
369d8d4f-e4a2-4136-99e3-191472ca5698,VHH,7810103B,7810103B,X70
d7011ba8-650f-458d-934d-2bcdb918dcb8,VHH,7810103B,7810103B,C03
d8b4cc83-7258-4dbc-ae26-f498fe180608,VHH,7810103B,7810103B,C04
cef4c571-fb67-4790-832c-a8511bbfaedc,VHH,7810103B,7810103B,X01
81601e82-7d3e-4451-82b4-973712e20ac0,VHH,7810103B,7810103B,X78
efc8844e-6ae7-43ec-8638-8f12f47551fb,VHH,72202001,72202001,D01
365988b3-150d-43be-80b3-8e975db392dd,VHH,7220110,7220110,N06
8d4ce873-a0dd-40ec-a3b4-4f1b874b09c4,VHH,7220201,7220201,C00
43f2fa74-e5aa-459a-bbb2-2b7954a5951c,VHH,7229042C,7229042C,N00
34dd3385-c2e8-4383-9b86-5a0b60266350,VHH,7229042D,7229042D,N05
00efb31e-32c1-4a5f-a0fc-294e2ee0209f,VHH,7229042D,7229042D,N00
545e40f2-c821-456f-9dad-a992950829aa,LDA,7310301,7310301,A01
09633143-d2a9-4f8a-af23-90ee95afdb5b,LDA,7310301,7310301,C00
a037ec82-84c5-41df-944e-2c53649e3714,LDA,7310301,7310301,D01
f50fe455-0931-4116-bbb4-3db8d38e5dbb,LDA,7340101,7340101,A00
5cf9bd02-41da-487c-9a88-d5a868caf591,LDA,7340101,7340101,A01
1886cede-2067-404a-b376-6312b3ceb9f2,LDA,7340101,7340101,D01
a2d5ab34-7958-49ed-9c5b-0ae483d3ab1c,LDA,7340201,7340201,A00
38e3ecaf-2fa8-4fc3-8a07-2e36d32171a7,LDA,7340201,7340201,A01
f88caf9d-1141-4ab6-b3d5-3ad769381935,LDA,7340201,7340201,D01
7ca96fda-03cb-488b-9526-e8594065c6d9,LDA,7340301,7340301,A00
47dfab7b-eeda-437c-bef8-7ff09959d949,LDA,7340301,7340301,A01
becc676b-8c64-4c96-bef8-dd97e434d12c,LDA,7340301,7340301,D01
7ef61ce7-eb54-4d37-aabd-1bac203473be,LDA,7340404,7340404,A00
135773d9-3fcf-45c5-ac31-25221196118f,LDA,7340404,7340404,A01
084704e8-c24c-4eec-9842-140622128776,LDA,7340404,7340404,D01
949776a4-7f46-46d6-928d-d8f7f182f9e9,LDA,7340408,7340408,A00
5221334a-96ea-4592-8c6d-b2c6de7b668f,LDA,7340408,7340408,A01
5fbe2383-ec50-43a4-9a6a-eba91060cebc,LDA,7340408,7340408,D01
b4358ef8-8287-4f88-9ab2-0591a996f20b,LDA,7380101,7380101,A01
4cc96764-3368-4f89-88d6-dae309d82fc9,LDA,7380101,7380101,C00
7483f617-836f-4de7-b498-733c44011c53,LDA,7380101,7380101,D01
11d159b2-6be7-45ff-8b80-3d9a1894e06c,LDA,7760101,7760101,A01
27cff204-d1ab-4fe0-aacc-12637f64ad58,LDA,7760101,7760101,C00
ad5b1ff7-0711-411c-b894-ed9df4995478,LDA,7760101,7760101,D01
d366de20-07e8-451a-a8fc-3f6fb8632b8b,LDA,7850201,7850201,A00
58a8d32a-d9ef-4700-b2c0-f524d15fa899,LDA,7850201,7850201,A01
4bad0f8d-cb56-4715-ad57-ea17142ed03b,LDA,7850201,7850201,D01
5786d581-be37-46bd-8a64-326c40137003,LDA,7220201,7220201,D01
d6b375a3-0a09-45dc-862e-4e9f6dd161e3,LDA,7220201,7220201,D14
2edc5f57-6dc0-451e-a03c-d4200ac34a52,LDA,7220201,7220201,D15
8840ca96-7a44-47f6-ab3f-31b58fc014c7,LDA,7310101,7310101,A00
15a35717-1500-46ea-99d6-f430d203c8e6,LDA,7310101,7310101,A01
8b6097db-5118-403b-885f-24993bf7c788,LDA,7310101,7310101,D01
282164c1-ac0c-41ba-81c0-a6fcab162537,LDA,7310630,7310630,C00
7aa1be13-a523-4e62-b0ef-186c41b205bf,LDA,7310630,7310630,D01
fa872548-1605-4f47-a70b-d7967c3fb37e,LDA,7310630,7310630,D14
15b3b341-0d5f-42ea-a6e3-0d5da1d76f4a,LDA,7310630,7310630,D15
926e6232-4c46-423a-8ccd-df6216394619,LDA,7810101,7810101,C00
c479ed0e-7126-4274-9dbd-2693e09fcfca,LDA,7810101,7810101,D01
c646ebed-4a11-4b37-b2f1-597ddcb79e26,LDA,7810101,7810101,D14
6a14fbad-d6cb-4e8f-9624-58a679e46e06,LDA,7810101,7810101,D15
5f26f0da-aec0-4b75-8a7c-e2802f414f8e,LDA,7220201,7220201,D11
8a44ac2d-622a-4b37-9267-a61cb5f94ebc,LDA,7220201,7220201,D12
9fe5a993-a8ca-4f58-a6d6-54264f8e8006,LDA,7220201,7220201,X79
c0c3840c-f4cd-4203-b558-71d09a0554c3,LDA,7310101,7310101,D07
c911081c-79df-4049-9f02-e59e3af575a2,LDA,7310101,7310101,D09
22d89f2c-fed4-4c17-bd81-2763f5e3183f,LDA,7310101,7310101,D10
b7383c01-4722-430c-b721-5c114e578c03,LDA,7310101,7310101,X25
cc81267b-99fd-42f2-bfbf-ccb8495ed8a5,LDA,7310301,7310301,C03
bf3c1eaf-d74c-402c-87f5-4a74b97aec8b,LDA,7310301,7310301,C07
0e8bed58-03bc-4deb-942c-a20f1b1f2586,LDA,7310301,7310301,D14
c2b641a6-75ea-4d39-87ae-d642ec7e45ce,LDA,7310301,7310301,X70
9fd03de1-fa0d-4be6-b8fd-1f1fc9cefc62,LDA,7310630,7310630,D11
6808feeb-69ce-47a5-bc15-ed821996b088,LDA,7310630,7310630,D12
07b48e3f-152e-4d01-ba75-8bdb52c7b9e9,LDA,7310630,7310630,X79
23467b67-d25d-4b9a-b478-c069ee11ae1d,LDA,7320105,7320105,D01
68c10f50-e9bd-4751-9163-246b4806c046,LDA,7320105,7320105,D11
0aaefdfa-26f3-4479-bb46-4edf3a175e1b,LDA,7320105,7320105,D12
1538873a-8992-4deb-b321-87bc04f2dcc5,LDA,7320105,7320105,D14
66283aa2-d1a5-4cea-a71b-aa28328ecdbc,LDA,7320105,7320105,D15
3df26d84-b842-478a-8afa-b8601090bdeb,LDA,7320105,7320105,X79
8c93414b-0fd7-491a-9231-c41ee55865b8,LDA,7340101,7340101,D07
c0444963-3d6e-47fe-814b-266b4d8100fe,LDA,7340101,7340101,D09
cecb4943-3d38-4f6a-b869-6c533ad110cf,LDA,7340101,7340101,D10
b9aead2c-1715-4868-aa94-0d984bcb8480,LDA,7340101,7340101,X25
a9c6b655-9ff1-466c-835c-65687a002e59,LDA,7340101P,7340101P,A01
7fa4094e-7746-4082-bb14-9da44d24f3c7,LDA,7340101P,7340101P,D01
3d66cb3e-3061-4494-8c94-a7517561472c,LDA,7340101P,7340101P,D07
3f559042-4ada-4352-bcc6-515b96c0d93d,LDA,7340101P,7340101P,D09
327a2c4d-90ef-4c6e-b9c5-182ecb663f26,LDA,7340101P,7340101P,D10
17934c6a-7c4f-45ea-ba96-c22d9be565f0,LDA,7340101P,7340101P,X25
fa64bd17-e08d-452c-a193-08f48b0f487e,LDA,7340201,7340201,D07
0c5bd066-465c-4fce-922d-bdc90c54c74f,LDA,7340201,7340201,D09
2be3e7cd-46b1-4457-8083-09124a3b84ec,LDA,7340201,7340201,D10
628f1258-e3f7-4728-96ee-dacea713613a,LDA,7340201,7340201,X25
4ffa3152-4342-4f0f-bbf1-566d35f089aa,LDA,7340301,7340301,D07
b468250d-8cb2-4a1e-8c4c-e7849dbf87cd,LDA,7340301,7340301,D09
08d53115-3886-411e-aa0b-8f4ffa2c7167,LDA,7340301,7340301,D10
afd43bef-a2d7-4cf7-a748-416d81f24da5,LDA,7340301,7340301,X25
4db6ebaa-9661-4ab3-864d-3af68da5061f,LDA,7340404,7340404,D07
6af4740f-9ed8-4d07-9d1a-3975f11fcf41,LDA,7340404,7340404,D09
9b060b51-2de3-45a2-839e-274f64e28d10,LDA,7340404,7340404,D10
2c9eab14-09ef-4a53-93ea-a1a816ad71c4,LDA,7340404,7340404,X25
5cfddac4-91aa-4705-b762-afefe2fab618,LDA,7340408,7340408,D07
460e1be9-4872-4017-8979-c2044794e3c1,LDA,7340408,7340408,D09
dc12dff8-efef-4b4b-9bcb-e82449aac164,LDA,7340408,7340408,D10
7e381b16-1adb-4a48-ab3c-654f015124bd,LDA,7340408,7340408,X25
69bb9811-21a8-4f20-bf15-0451a0c6ea09,LDA,7380101,7380101,C03
57bdfe92-fa83-4a90-92a7-dd1b5877fc7e,LDA,7380101,7380101,C07
a4ea3275-e8ab-434f-ba43-9c354740b485,LDA,7380101,7380101,D14
196fe266-1d1f-4bd2-8ea9-29622134acf9,LDA,7380101,7380101,X70
75e1e6b4-1088-444a-9633-516ac45429bd,LDA,7460108,7460108,A00
0c256810-50a8-496b-97b1-b8663b8b7b39,LDA,7460108,7460108,A01
28903eae-8e57-481a-a021-c95872865b6a,LDA,7460108,7460108,A03
bde3dbbb-612c-4fb7-89e3-b17cfab6726b,LDA,7460108,7460108,C01
6863b96f-1d53-4d72-b3e0-8922bbd0f516,LDA,7460108,7460108,D01
f8ca0582-ddfe-4239-83fc-571547718e96,LDA,7460108,7460108,X06
c163d096-bcc7-47ed-b82a-4e2726a10402,LDA,7480201,7480201,A00
453c7d59-93d5-430c-aadc-0b627d0c388c,LDA,7480201,7480201,A01
5e7d68e7-bbf8-43b2-9f29-3ae5c0b745a2,LDA,7480201,7480201,A03
18027708-c548-4c68-9f10-f83c2e921061,LDA,7480201,7480201,C01
1c96e773-fb37-4244-899c-c6c5b8aed352,LDA,7480201,7480201,D01
7d4f0a91-df93-4a7b-8709-de3502f1fb47,LDA,7480201,7480201,X06
5c963e7f-e92c-4447-a165-91b34aaf11b4,LDA,7760101,7760101,C03
ef0fa493-1b1c-4588-85c4-dadffb89541b,LDA,7760101,7760101,C07
23141393-e2cb-48eb-b7ba-4cedab38dfc3,LDA,7760101,7760101,D14
4de9f966-cc5b-428e-b63d-59287ced73eb,LDA,7760101,7760101,X70
258fe847-73e7-448f-bf44-6438b94cf5c8,LDA,7810101,7810101,D11
d728896e-aed7-4744-a541-88360d7183a2,LDA,7810101,7810101,D12
68724930-6335-49a8-9ca6-675bdd780ee2,LDA,7810101,7810101,X79
ae73a084-f475-443d-a745-905bc16cc2b9,LDA,7850201,7850201,A03
8450af9d-54ce-486c-8971-fdb5461e9f7e,LDA,7850201,7850201,C01
08f76946-3209-414c-aa04-e981542b2921,LDA,7850201,7850201,X06
52525bc4-63a7-4a0c-b600-a1c3ae006996,DMT,7220201,7220201,A01
18fdd9e8-180e-4b04-a83e-4887592376df,DMT,7220201,7220201,D01
f066e280-2b85-47bd-99fa-4d59a5749bda,DMT,7220201,7220201,D07
619ebc13-f22c-4eaa-93df-ef4df81865d5,DMT,7220201,7220201,D15
12c1a4f1-0986-42a9-933d-7dea9e61a6e0,DMT,7340101,7340101,A00
5626c7c6-f958-4eda-84c0-da84c3b58163,DMT,7340101,7340101,A01
47a1e599-223e-456e-9dc4-a3c81a57a6c9,DMT,7340101,7340101,C00
7fbbc73f-0961-4716-8628-443db5b29858,DMT,7340101,7340101,D01
f256f94c-9fb6-4bb3-988c-b84458e6ad06,DMT,7340115,7340115,A00
81cfa1fe-3d47-481e-8af7-8220cbdb069a,DMT,7340115,7340115,A01
a6a6ae46-bbd9-48fb-b9e7-f92c07cb947a,DMT,7340115,7340115,C00
f78fdf8f-787b-48c0-85e8-dd2eb976196e,DMT,7340115,7340115,D01
fc078f4b-ac79-437b-bca1-ad52188e30fa,DMT,7340116,7340116,A00
96477fe9-6601-4b45-883e-7341e370a7af,DMT,7340116,7340116,A01
51257e70-8cfb-4c70-a5a8-9905a60a83c5,DMT,7340116,7340116,C00
3386a925-397e-4766-af3f-241ba94da53d,DMT,7340116,7340116,D01
24572107-ecca-412a-8098-256386e5b4c8,DMT,7340301,7340301,A00
41f92d4f-39dc-4d08-98a6-878bcc63c1ba,DMT,7340301,7340301,A01
3686fe50-ea95-4d89-af7c-ca0fb7c2c5dc,DMT,7340301,7340301,A07
4aea1f14-1619-4bf4-9586-702be11a0c86,DMT,7340301,7340301,D01
13a85e51-4906-433a-8041-68efdfa08230,DMT,7340301PH,7340301PH,A00
cd6ee23a-b88d-4578-a0bf-a2a846e0bf41,DMT,7340301PH,7340301PH,A01
0ea75100-f6d9-42da-a79d-7099b8dfd269,DMT,7340301PH,7340301PH,A07
ec346923-195e-4d90-93e2-7f58f27635d1,DMT,7340301PH,7340301PH,D01
76aba5c5-619c-436e-831d-6f041caf6e17,DMT,7380101,7380101,A00
48b5be38-77a8-4ed3-bb93-24b499950065,DMT,7380101,7380101,A01
9f97be28-8cc1-40b5-91e3-39e051e8b8a8,DMT,7380101,7380101,C00
bed818de-40f1-472d-b1c2-a99942630de6,DMT,7380101,7380101,D01
54822474-a77a-497c-9f76-6d92be5ede39,DMT,7420203,7420203,A00
ef38963a-7f77-45c9-8dfd-aaa6d91ccff8,DMT,7420203,7420203,A01
5d44d017-7c8d-485e-99fb-6e88ef54951a,DMT,7420203,7420203,B00
17f84a85-5ddb-493a-adb8-c491fad37487,DMT,7420203,7420203,D08
938ebedc-9bc4-4418-a174-5a499eb909b9,DMT,7440221,7440221,A00
3548554d-9a01-4bb7-999d-8832581291a8,DMT,7440221,7440221,A01
78244275-f8a8-412b-b7c4-17652381b8c4,DMT,7440221,7440221,B00
9cfe4da2-9447-4e09-8575-d8caafec439d,DMT,7440221,7440221,D01
2b5a0b4a-7017-442a-bb0a-c31076dba84b,DMT,7440224,7440224,A00
51cfb915-d84c-4dd3-ac0d-8dc446a4e17f,DMT,7440224,7440224,A01
262c4d3e-2b50-40aa-a735-389590350a45,DMT,7440224,7440224,B00
ab6d8a1a-09f2-4c2a-a247-6638f3a6a171,DMT,7440224,7440224,D01
ce18e8f0-d2bd-4782-9534-7485969f7b95,DMT,7440298,7440298,A00
f9fec205-fbb6-4b79-b545-193394a21979,DMT,7440298,7440298,C00
1c385be4-f11e-48ed-a519-aa20517ef541,DMT,7440298,7440298,D01
3986c250-f2af-4981-a18e-4acfb5009ad6,DMT,7440298,7440298,D15
ea721ff4-b080-466f-b3e7-e3b8520c9a89,DMT,7480201,7480201,A00
5cdfb4a9-ddfd-41d2-9ed8-869023a432b8,DMT,7480201,7480201,A01
065b3bd7-368d-49c9-8e63-beb53fb47cd4,DMT,7480201,7480201,B00
195660b1-adf4-41d3-990a-893d07d6c330,DMT,7480201,7480201,D01
877dc49a-1214-43a5-ad3e-b2669ce0ef5f,DMT,7480201PH,7480201PH,A00
106ac15d-b958-4873-b7d3-dd55b8c4f157,DMT,7480201PH,7480201PH,A01
942a6f45-2a36-437a-a434-8819dce69dba,DMT,7480201PH,7480201PH,B00
328c9e5d-72d6-4655-b86e-3f2b13ff4514,DMT,7480201PH,7480201PH,D01
6cbbb5bc-e06c-48de-afcc-449e9224dfa5,DMT,7510406,7510406,A00
4b298eb2-f4e8-42ba-9f11-68cdeb837fca,DMT,7510406,7510406,A01
bd25ffa1-c5b2-4fe8-bf55-dce64346f151,DMT,7510406,7510406,B00
6ea82abf-299b-4dcb-b372-80d85eb3e29b,DMT,7510406,7510406,D01
2b92ae2a-758d-4a6a-8480-7c0500ff6a0c,DMT,7510406PH,7510406PH,A00
5a406481-17df-40af-ba63-31cdfdafe1fc,DMT,7510406PH,7510406PH,A01
a9c013c9-f11d-47f3-9ff3-2151e5f1fbab,DMT,7510406PH,7510406PH,B00
2fff4a3d-61c3-4571-8377-95058f927a14,DMT,7510406PH,7510406PH,D01
9b71c523-fcd0-4940-b9ec-5e26d3a52cc9,DMT,7510605,7510605,A00
9dc37d42-1fc9-465d-9ae9-fdb161fb33b3,DMT,7510605,7510605,A01
9aa11a48-5edc-4aea-80da-e1c92c509656,DMT,7510605,7510605,C00
a9a6b030-ebb4-494b-b71e-5858848f42ca,DMT,7510605,7510605,D01
6a4b7caf-9692-4a48-a96d-eda17ec220cc,DMT,7520501,7520501,A00
580fb7ba-b930-4dfa-aa7c-e3296f568786,DMT,7520501,7520501,A01
651c5e61-b8f7-4f77-9ba5-052ffaa087e8,DMT,7520501,7520501,D01
5769abcd-1798-41cd-9a70-20af9f5b2499,DMT,7520501,7520501,D15
d6654b6b-fd8e-477f-9d0e-243842f48560,DMT,7520503,7520503,A00
3734749f-ec2f-4686-bc86-6978433be557,DMT,7520503,7520503,A01
7fae8805-cc4f-4640-8232-ec6927cbd0c3,DMT,7520503,7520503,D01
3dec424a-06dd-45f7-a406-36e7e6846873,DMT,7520503,7520503,D15
22583c8a-9b2d-4732-92cc-bfb132a810ba,DMT,7520503PH,7520503PH,A00
d639eb29-7aa3-412c-83bf-3590a759fef6,DMT,7520503PH,7520503PH,A01
a8fc538f-0e0e-4207-99d7-cb90ebea8cd6,DMT,7520503PH,7520503PH,D01
80a99aa2-86ee-4d94-bb54-f417c8830e0a,DMT,7520503PH,7520503PH,D15
e6804a2e-6874-4c5f-a5e9-6334f0b45f49,DMT,7540106,7540106,A00
f6465b61-6a46-43a1-9fea-ac04f0527d04,DMT,7540106,7540106,B00
49c71576-fbe2-4039-80c9-1627643db20d,DMT,7540106,7540106,D01
9b444406-f7ba-4846-ae01-d4dd4edc7e71,DMT,7540106,7540106,D07
7e48b50e-44a1-48f1-915d-63ab8e93a013,DMT,7810103,7810103,A00
3c75f513-6ce0-478c-9e3a-f03fc68e1e90,DMT,7810103,7810103,A01
79d9877e-6cba-4c89-b9d1-93fdca13cc1e,DMT,7810103,7810103,C00
a507d887-f4ff-4cc5-9810-bb95581ccd19,DMT,7810103,7810103,D01
e415481f-db8b-4384-88bb-9c547a158c3c,DMT,7810103PH,7810103PH,A00
d55285fa-5c37-427a-a71b-55ec038cca54,DMT,7810103PH,7810103PH,A01
a6abd46e-3c20-4e40-a7a4-daade01f4194,DMT,7810103PH,7810103PH,C00
bc9d3e44-7c4c-4b62-8fa5-4688da2c6bf5,DMT,7810103PH,7810103PH,D01
170a0dc6-92ef-4acb-b94e-a28abacf1092,DMT,7810201,7810201,A00
c02ca566-3b44-416b-910a-1d695438dfcd,DMT,7810201,7810201,A01
058159cc-df0c-4cdb-aaf9-df7740357d94,DMT,7810201,7810201,C00
97954f06-9faf-4f22-8f04-e3578fb948dd,DMT,7810201,7810201,D01
63b39343-4c55-41d8-8ae4-c2f422d75281,DMT,7850101,7850101,A00
54f4cddb-fb72-4533-b25a-105f3ad5ba73,DMT,7850101,7850101,B00
43033223-1461-48f5-9c01-5235048b3be9,DMT,7850101,7850101,D01
a46bf74c-f9cc-4d8e-acfe-3018e1aebbbc,DMT,7850101,7850101,D15
24e14ed0-d9b0-447f-974e-1a317bb2689e,DMT,7850101PH,7850101PH,A00
cae8c864-7cbd-41ff-8865-c7f06e4a5f57,DMT,7850101PH,7850101PH,B00
455ab0b0-25de-4c5f-b507-ad663f23101a,DMT,7850101PH,7850101PH,D01
4420e957-fa17-4624-b843-da582c638925,DMT,7850101PH,7850101PH,D15
e6dc17b7-cb4c-4dba-be88-36c5193a3fc3,DMT,7850102,7850102,A00
435dd0a0-b9f2-4e4a-b9b7-5df82b2920ad,DMT,7850102,7850102,A01
524ed594-aa7e-4876-b7c5-2044c71d92f1,DMT,7850102,7850102,A07
a39287dd-257e-4345-b75e-84acb269d001,DMT,7850102,7850102,D01
da5bb0b7-c12e-48ff-a488-714da1fe0e34,DMT,7850103,7850103,A00
8e28ae33-efba-416a-9e8a-06aebc598ae0,DMT,7850103,7850103,B00
f6af745b-93fa-40d1-937d-feb62eea431f,DMT,7850103,7850103,C00
a0c07d28-6101-49c3-b85d-4dc637a0f52f,DMT,7850103,7850103,D01
247b97d9-4126-47a2-9cd4-a26a36bdc1ef,DMT,7850103PH,7850103PH,A00
56b21f44-628b-4d24-bcdf-5b5c5cf606ba,DMT,7850103PH,7850103PH,B00
0518f9df-de2b-4eaa-9ed3-e6f904dbb909,DMT,7850103PH,7850103PH,C00
520cee3b-9e74-4e4f-8aac-fc119a69ad16,DMT,7850103PH,7850103PH,D01
dac89120-e296-4c2b-991f-bec965a3e6f3,DMT,7850198,7850198,A00
c4dc129f-a116-4e61-bea8-7a87e7b4a072,DMT,7850198,7850198,A01
51bd42ef-c4c1-4162-978b-55da41cdd860,DMT,7850198,7850198,B00
5155f2f5-3540-4a09-a505-21539358034a,DMT,7850198,7850198,D01
6f1e6705-9555-432b-bf5b-41df6c291064,DMT,7850199,7850199,A00
07dd5e0f-1a3c-4708-92d9-7e9d7cd7ce9b,DMT,7850199,7850199,B00
e4c47c6f-f06e-4fec-afed-3f55be265878,DMT,7850199,7850199,C01
8bc341e0-c208-453d-87ab-0565ef1d5bea,DMT,7850199,7850199,D01
fc1cab2d-a6b8-45e6-8c7b-863b31a71b60,DMT,7220201,7220201,A00
9b1a4cf2-7265-4c60-b196-e690f902a0ef,DMT,7340301,7340301,D07
80d3cd73-6058-4a68-8e99-92f954e7ae64,DMT,7420203,7420203,D01
7f0dcc1f-bf90-4045-9c89-4f1bed9c6e64,DMT,7440222,7440222,A00
753c7302-181b-408f-ab46-0f15c46f9d96,DMT,7440222,7440222,A01
6807a432-085c-43a6-840e-dfac4eb3d6ac,DMT,7440222,7440222,B00
417547c1-4efc-4962-ab27-653244143ac8,DMT,7440222,7440222,D01
2f1a0755-146c-4441-8b1e-ea876b27e6fa,DMT,7850103,7850103,A01
e563e17f-c94f-448b-bfe3-5e30bd1efe9b,DMT,7850199,7850199,A01
8b6c8fbc-b3ed-4ab7-a7a8-e73f9b418c34,DMT,75I0406PH,75I0406PH,A00
aae7c302-24b8-4c4c-88c8-431aa17fea38,DMT,75I0406PH,75I0406PH,A01
bdea6abd-3b34-41f1-b5b1-8ce4bdbd6ade,DMT,75I0406PH,75I0406PH,B00
61a39dce-1fc0-4a83-9fe8-7bc58036eb17,DMT,75I0406PH,75I0406PH,D01
7b5d96df-e434-49b6-ac08-c4b12204e180,DMT,7220201,7220201,D08
e00b3bb5-5654-44ae-861e-0c6a0c9a02e8,DMT,7220201,7220201,D14
0d38ea5c-b29e-4950-a67d-360ae9c0a515,DMT,7220201,7220201,X25
204c44c6-f8fb-49dc-b7fa-5e2eaf585160,DMT,7220201,7220201,X26
75131f87-3a70-4421-926c-f51aead5ad6a,DMT,7220201,7220201,X27
28da8c23-b7f3-4366-9455-16a2f3e8ef61,DMT,7220201,7220201,X28
f2936851-5332-4474-a19f-055df9a38635,DMT,7220201,7220201,X78
1c69a61e-78c6-4170-8812-31fc910f8fbc,DMT,7220201,7220201,X79
9bd0c9b7-bb7d-43b6-8b5d-3b9f63a98e8d,DMT,7340101,7340101,B03
cd693cdf-7072-4b83-a4b2-7e3c41a3a684,DMT,7340101,7340101,C01
75b14032-4867-43a7-9736-f9894b6dd713,DMT,7340101,7340101,C02
4431eb86-bdec-4b37-bb0a-42d30e5346ea,DMT,7340101,7340101,C03
9e4f7f3d-ca8c-47db-8f27-d8e114c1241f,DMT,7340101,7340101,C04
23268cde-f255-4abf-81e5-933544a404cb,DMT,7340101,7340101,X01
19785d3e-0ada-4adc-969a-5cc72f0c2ac3,DMT,7340101,7340101,X02
7409a402-5c60-44bb-8d7b-9e3bd0083568,DMT,7340101,7340101,X03
2a54486b-004a-48ee-98be-241796b276a5,DMT,7340101,7340101,X04
ec6038c1-20fd-46d9-9e61-fbe2bc81240f,DMT,7340115,7340115,B03
d1ad8b88-7f2d-45dc-892e-f8698c19580b,DMT,7340115,7340115,C01
6b24ab0f-974f-4a53-bd40-c047d25584c9,DMT,7340115,7340115,C02
6f5c3136-8da1-4d04-9b95-8f6eceab1c3f,DMT,7340115,7340115,C03
6df04350-38a7-4e70-a7ae-0d486dc18fbe,DMT,7340115,7340115,C04
8b375ec4-5244-493e-be29-e6b0e380569b,DMT,7340115,7340115,X01
3f66f4a9-69b1-4db8-966e-33fa432a8c64,DMT,7340115,7340115,X02
a6929432-c80c-4fcf-b823-e9c2a4da118c,DMT,7340115,7340115,X03
b395edd1-ce3b-47e4-833e-4504d1227520,DMT,7340115,7340115,X04
67109d23-5aae-4c8a-8c49-dfa0f77358b0,DMT,7340116,7340116,B03
c3a1f575-23bd-4d45-8488-289e2e4e1862,DMT,7340116,7340116,C01
0195afc2-8b8c-4873-86b0-f8c35f699289,DMT,7340116,7340116,C02
f3a3af2a-a0cf-467a-98a0-1aa9e9084b97,DMT,7340116,7340116,C03
775ea5fd-b4d2-48fb-892c-ac79d9f20e63,DMT,7340116,7340116,C04
294cc750-bc37-43f0-ae88-2788d954a31b,DMT,7340116,7340116,X01
5af13d93-ca52-4080-835c-a690076d54cb,DMT,7340116,7340116,X02
8e70763d-b94f-49b7-8df4-5e55b4cefe9e,DMT,7340116,7340116,X03
1fbe85fc-5756-4ac7-aaa7-bde32d4f9eae,DMT,7340116,7340116,X04
23da3938-e646-44cb-9c79-e575421ddb15,DMT,7340301,7340301,B03
ce9752bd-5382-4019-a0ac-5b43cd365bc2,DMT,7340301,7340301,C01
a8741c38-d95c-4a62-9dc8-8cd391eaf167,DMT,7340301,7340301,C02
bfe48c81-0b8b-42db-8713-f8b3609d3536,DMT,7340301,7340301,C03
46ef3cd0-e9b0-4a7a-bba5-3857db786e8c,DMT,7340301,7340301,C04
514fdca8-1f42-4a22-b788-2d7727f3a387,DMT,7340301,7340301,X01
346a2d54-077e-4cae-b6d7-712a8a86cc6b,DMT,7340301,7340301,X02
430b5a66-29e5-41fd-b440-7dc3cafb6c5a,DMT,7340301,7340301,X03
5af46c26-305e-4bc3-a0ee-ca7bf115b48d,DMT,7340301,7340301,X04
d1fcd56a-0a87-485c-8642-ebc689d90498,DMT,7380101,7380101,C01
cd11a5fc-e8ab-42e8-af4e-a065b0c8ba6e,DMT,7380101,7380101,C02
16598e35-1c8b-41c7-b785-6fbbba947105,DMT,7380101,7380101,C03
64fde08b-5f34-41a6-96bd-5c3b60f6d523,DMT,7380101,7380101,C04
953f5b59-116e-4701-a197-d9ce1bd77ece,DMT,7380101,7380101,X01
e8b481fe-ef32-4838-a075-0c208181aa9e,DMT,7380101,7380101,X02
b9d6c4f7-51c5-4241-abef-a4f02385ceea,DMT,7380101,7380101,X17
1c41cdea-a77a-4235-a096-175f6d21e791,DMT,7380101,7380101,X70
6bd48758-7c9c-4e20-8109-9c03a3c8135c,DMT,7440222,7440222,B03
59cd0fe8-82a3-4765-a63d-233006f5d542,DMT,7440222,7440222,C01
1b9b4cf7-ddaf-45ff-9523-e88ee50440d3,DMT,7440222,7440222,C02
f6d56beb-616b-44e2-8fb2-4bba75328331,DMT,7440222,7440222,C03
f99d695e-5d9c-4037-8d0c-ca3e821804bc,DMT,7440222,7440222,C04
04c42110-0f7c-49fb-9d80-16d184b37fae,DMT,7440222,7440222,X01
814a98c1-b5bd-484a-9879-b99e18744315,DMT,7440222,7440222,X02
563115d8-9c78-4110-a54c-170f51ae85da,DMT,7440222,7440222,X03
0c023e4c-8526-4120-a47d-a60e78c66f90,DMT,7440222,7440222,X04
8186a394-c96c-4cba-ab32-36102cd417fc,DMT,7440224,7440224,B03
0052a987-10ae-4b6e-bb6d-8bf7abf1418f,DMT,7440224,7440224,C01
0ee83e5c-ec9e-4975-9267-b6f2ed0daf71,DMT,7440224,7440224,C02
f67e8ddb-67b6-45aa-9522-09a4f08bfdd7,DMT,7440224,7440224,C03
5da241c0-9390-413b-aa05-f7dff4408a2c,DMT,7440224,7440224,C04
62c5d987-851c-4bfc-a47c-86304f1eb2ff,DMT,7440224,7440224,X01
abdb10ef-19e4-4e76-a085-7f83c682fec6,DMT,7440224,7440224,X02
5a1b8f97-c199-424d-8941-a10026466467,DMT,7440224,7440224,X03
2bd67aa4-400c-4c6d-9e69-683f5304f42e,DMT,7440224,7440224,X04
9e215466-c53b-41d2-a71a-882af455939f,DMT,7440298,7440298,B03
ba273a36-eb44-45d7-a248-cfe24470a593,DMT,7440298,7440298,C01
d0dbb923-b950-4d3b-87a9-10fdcbfaecf2,DMT,7440298,7440298,C02
0f4a967a-4e96-4d85-b220-7934594d6bd0,DMT,7440298,7440298,C03
8faa5c3e-867a-4a3f-9229-bdbb2bba1d6d,DMT,7440298,7440298,C04
8267d321-d0ec-460a-925e-a453a2c23eef,DMT,7440298,7440298,X01
f84c5b53-412f-47db-8a4f-05ab44c4f439,DMT,7440298,7440298,X02
a9192144-2f0b-4ecc-ba59-c73faa74f8cb,DMT,7440298,7440298,X03
cb2efccf-c79f-4b67-a138-1202e0defed2,DMT,7440298,7440298,X04
0b17eebc-e80f-49c8-ad0f-fc07d7cfcf72,DMT,7480201,7480201,B03
cdad369b-fae0-4067-a493-c3be32594364,DMT,7480201,7480201,C01
bb1f00de-a045-4cc5-a46c-22b99b10f41d,DMT,7480201,7480201,C02
8b764247-b245-4f04-acf2-0409081f5ad6,DMT,7480201,7480201,C04
86b48163-fdfa-44e2-b395-bac2fb83d91e,DMT,7480201,7480201,X02
c9a74add-602d-4276-a80a-4503e1350acf,DMT,7480201,7480201,X03
de972e93-e819-4305-b64a-05158da30c50,DMT,7480201,7480201,X04
992545b2-3861-4442-ba76-c3a6777134e7,DMT,7480201,7480201,X06
51640e04-55cf-47af-ab75-0e3978157747,DMT,7480201,7480201,X26
0f808ceb-f94c-4a8b-8299-696748e8a72c,DMT,7510406,7510406,B03
871f5648-83c1-4f02-b88d-5f8473278b5a,DMT,7510406,7510406,C01
91f375da-0ae9-43a9-bd24-8a89cc0055b1,DMT,7510406,7510406,C02
6bd8f088-4d8c-460f-b3fa-1c66dde3cb7f,DMT,7510406,7510406,D07
83a35dfb-bf1f-4dd5-975f-7c2944f490c1,DMT,7510406,7510406,D08
36e96de3-7b7a-42a5-bda5-1be187b5705b,DMT,7510406,7510406,X02
53642cf7-5c35-48e7-9f72-27444f8af18f,DMT,7510406,7510406,X03
e9c35a0d-6d12-455c-aa69-a86ae8daacef,DMT,7510406,7510406,X04
6be96874-bfb1-4ece-8c85-445814ba9c8b,DMT,7510406,7510406,X09
34efe9d1-5434-4c5a-9349-b9fc062a65eb,DMT,7510605,7510605,B03
60fd215e-f4be-4a33-a9e6-88fcbef571ba,DMT,7510605,7510605,C01
0f39bf44-5aea-4f42-85cb-473c39e37995,DMT,7510605,7510605,C02
5146022d-fd58-4067-9ef7-750f3d1dde88,DMT,7510605,7510605,C03
3b61af61-6d90-46c6-8aa9-36798ca3f5c9,DMT,7510605,7510605,C04
e951e0cb-dd5f-486c-9446-541f3ea14772,DMT,7510605,7510605,X01
b4579832-681d-4957-9f7c-634b204348b5,DMT,7510605,7510605,X02
4c0fd1b5-27cc-454c-b8a8-396c953af8b5,DMT,7510605,7510605,X03
a7a47b3b-d23c-4c3e-be2c-9d9eea0ebfc9,DMT,7510605,7510605,X04
384792aa-5763-40af-884d-cbcad5036480,DMT,7520501,7520501,B03
6fa23d5d-dafb-4912-a98c-b47c97fc2927,DMT,7520501,7520501,C01
b315578c-0bb3-4a8b-aa7b-b54fb4ae7cab,DMT,7520501,7520501,C02
4858e3d7-4a7b-48e6-a880-d337c96f87b0,DMT,7520501,7520501,C03
19ca7e0b-7d78-441c-bd2c-cfe490301ced,DMT,7520501,7520501,C04
70bbb76f-98ba-4055-9e96-2aa93b43f059,DMT,7520501,7520501,X01
de4104a7-33d7-472d-b948-30f3a709cf4c,DMT,7520501,7520501,X02
a6984b5a-053b-49cc-a0b4-f574cce4ce49,DMT,7520501,7520501,X03
dd2ee7b5-b566-4f87-a89b-1e27f4138af3,DMT,7520501,7520501,X04
bfd72ba8-2bfa-4e33-8774-02891804037d,DMT,7520503,7520503,B03
a6847a86-5a8e-481b-8b66-8a4dba8423b8,DMT,7520503,7520503,C01
7e29cec6-9193-4b0e-9612-2d96c7af83b7,DMT,7520503,7520503,C02
3134c6c9-0d16-4b95-9dc4-d3dcba86fffc,DMT,7520503,7520503,C03
233040d2-5984-4908-94ef-d6c062c1968e,DMT,7520503,7520503,C04
744f4986-3179-4b2a-a010-89e123a4a6e3,DMT,7520503,7520503,X01
86600baa-4369-424d-9b79-a13379206971,DMT,7520503,7520503,X02
415ff19f-5a5f-4a32-9b73-1714a5d55175,DMT,7520503,7520503,X03
1eddfc47-8ee1-446d-8b54-3e7a93537b31,DMT,7520503,7520503,X04
f320dc8b-b52b-4e79-a5d8-5dac35154ad4,DMT,7520503PH,7520503PH,B03
c7a146b6-7d2e-4f0c-ba59-022de63c7991,DMT,7520503PH,7520503PH,C01
c08e0787-9faa-4a24-8e5e-0e3111d9ea4a,DMT,7520503PH,7520503PH,C02
9a86cdee-c5db-4595-9a29-7b8e00d7771d,DMT,7520503PH,7520503PH,C03
af41ae2d-e3e2-4338-96ae-e6af2eeaa1cd,DMT,7520503PH,7520503PH,C04
6d49e208-73b3-40bb-b402-e882a2941bd1,DMT,7520503PH,7520503PH,X01
97d91c96-6b7e-45b4-883f-959a9644b012,DMT,7520503PH,7520503PH,X02
1ae5919a-b1cf-4752-a14a-fd45deac3fc6,DMT,7520503PH,7520503PH,X03
9cabbd1a-4724-4f76-95ae-3cdcd53c78ad,DMT,7520503PH,7520503PH,X04
415b19de-557c-4e7c-a075-96ea201666ee,DMT,7540106,7540106,A01
1f14ccb8-5330-4a99-aedd-3ae2d3ad76d2,DMT,7540106,7540106,B03
bb120bd1-faa9-4ca9-b387-e804a4ac491d,DMT,7540106,7540106,C01
8480ad1c-e3f6-4f30-b6d9-a50a1ef69b78,DMT,7540106,7540106,C02
0d1f4132-d6b1-4292-94d6-8f28fd5b9d55,DMT,7540106,7540106,D08
b7b6406f-3912-4d87-913e-6513d36fa6ad,DMT,7540106,7540106,X02
0e7ce159-d682-47cf-a3cf-91dc1bc99cae,DMT,7540106,7540106,X03
87cfb308-13c9-44c4-a243-a257deee5503,DMT,7540106,7540106,X04
127f615c-1cba-4ed4-9963-3f0489ee4b3c,DMT,7540106,7540106,X13
12a52c4e-eff5-4a9f-acf0-c73b5172405b,DMT,7810103,7810103,B03
6dc3d192-ee6e-4a0f-b6bb-52041d3362f0,DMT,7810103,7810103,C01
db743b87-8c94-4bdb-ab39-9497b04d5189,DMT,7810103,7810103,C02
1508c46a-01c7-4eb1-9603-674dd851cc0b,DMT,7810103,7810103,C03
69efc9ec-d566-443d-ae06-6a448f1cfbe5,DMT,7810103,7810103,C04
603910a4-e674-476e-9551-8742cfe94335,DMT,7810103,7810103,X01
56f5ce2c-68bd-4889-a7cf-868eaccaef61,DMT,7810103,7810103,X02
4d2dd078-6c72-4390-8d1e-207383601da0,DMT,7810103,7810103,X03
05b50bd3-a07d-42ef-9a20-49539cd7d517,DMT,7810103,7810103,X04
aca060a9-bb1e-4690-b8cc-cf7e228b2a90,DMT,7810201,7810201,B03
f923c692-878f-4629-9189-cbde95869b82,DMT,7810201,7810201,C01
56683569-ceae-4521-bf1b-4423bd74df3e,DMT,7810201,7810201,C02
1ec8d3d4-2e3b-4096-a0e1-773d579f68ea,DMT,7810201,7810201,C03
9e79fb19-4c36-464b-aacb-f9053e6a94e7,DMT,7810201,7810201,C04
465dde6f-5a3b-4775-8d1a-3e8e2c5f5011,DMT,7810201,7810201,X01
1e9f8182-c5bc-42af-a3e0-92f96c43d005,DMT,7810201,7810201,X02
82ee4388-7890-4879-b727-6d69efba71de,DMT,7810201,7810201,X03
563c7220-8ad5-403a-ac4c-74b13135e687,DMT,7810201,7810201,X04
4f085f8e-6bf7-40ae-9b7b-4830fed91958,DMT,7850101,7850101,B03
b651111f-9df8-4698-bcac-fbff7034ea0f,DMT,7850101,7850101,C01
225279c1-3916-43ac-8a0c-00c6865912e3,DMT,7850101,7850101,C02
88ac8e19-735c-410a-bcf8-bb120d36b23b,DMT,7850101,7850101,C03
a7587c97-913c-409a-8828-39b1e1c979ab,DMT,7850101,7850101,C04
9d651da8-cf83-4f78-b4d4-4bae4cedfaab,DMT,7850101,7850101,X01
e0e2e38e-5bde-445a-99cf-75488d7efe8e,DMT,7850101,7850101,X02
b93d68f2-c105-462b-8566-4463c2d5cb2a,DMT,7850101,7850101,X03
6c14cba3-bccc-45c5-931b-a831b09af3db,DMT,7850101,7850101,X04
063e0247-0a75-4350-9a9b-3f2cf8a12b2a,DMT,7850102,7850102,B03
90333588-a970-4074-8c6f-538577c7f37f,DMT,7850102,7850102,C01
aff8f0b3-334a-4a99-ba6a-eb438c7e3f5b,DMT,7850102,7850102,C02
9ad84412-00d5-495c-957c-81018ef1339b,DMT,7850102,7850102,C03
e4759d95-b84e-4cf9-b8db-beeab1f0f254,DMT,7850102,7850102,C04
fc8871d8-e1fd-4140-b26b-554d685b0696,DMT,7850102,7850102,X01
b8a6e4fa-d2a3-49cc-83be-2456ef56389f,DMT,7850102,7850102,X02
8933bc5b-a936-43e9-8bbd-2d9987b729db,DMT,7850102,7850102,X03
a240b9a2-5e4b-4071-be77-979467fc597b,DMT,7850102,7850102,X04
fc22e57d-71a9-478c-9c73-756728028732,DMT,7850103,7850103,B03
e092e0d0-07a8-45ae-af29-ff54f96bc545,DMT,7850103,7850103,C01
30f49bf5-a9de-4835-8da1-9d178f68a26d,DMT,7850103,7850103,C02
3ea68676-b19d-4343-afd7-a2240efb32ad,DMT,7850103,7850103,C03
e9fc536c-77e5-4259-89d9-c9ccc583f4c7,DMT,7850103,7850103,C04
5aa8d107-7893-47c4-a6cb-b00eaeeef8b1,DMT,7850103,7850103,X01
9ce43d19-4715-403a-a543-47698880280f,DMT,7850103,7850103,X02
27f99f06-fffa-41d8-bcfa-5daa75ea1545,DMT,7850103,7850103,X03
e1d44351-c60e-47c5-9348-8bc5ca8ec6a5,DMT,7850103,7850103,X04
bf3183c5-1482-4bc5-b41f-60732bbdf149,DMT,7850103PH,7850103PH,B03
9ddcc941-ca6d-4f91-9d50-24d0226a8c77,DMT,7850103PH,7850103PH,C01
47ec8291-fd75-42be-bf69-1ae26c7ef465,DMT,7850103PH,7850103PH,C02
2eca155f-2aec-4bd6-a67f-e2405a18a56e,DMT,7850103PH,7850103PH,C03
13298ff6-e60e-4638-8095-ece5403b9e69,DMT,7850103PH,7850103PH,C04
65d35650-7fce-4a89-b58c-a62f82840ce3,DMT,7850103PH,7850103PH,X01
bc229452-1693-4696-9438-d6470ada1ce2,DMT,7850103PH,7850103PH,X02
c5d0eb51-ae83-4ead-a9bc-abb0f461b37b,DMT,7850103PH,7850103PH,X03
95a55bdb-09bb-4f8b-82bb-702edea72482,DMT,7850103PH,7850103PH,X04
7a0769dd-313c-48ca-a197-e38f51c03091,DMT,7850198,7850198,B03
9488bdbe-9fa3-4231-838f-c42c0a1200fb,DMT,7850198,7850198,C01
ea778a60-d599-4811-a757-eafaaf43acc1,DMT,7850198,7850198,C02
687e775f-ce7c-4033-a848-ca55a588fedf,DMT,7850198,7850198,C03
f3dd96c0-8d7e-430d-a6df-4cd7d26133cd,DMT,7850198,7850198,C04
0158b2d4-2830-468b-b345-f763b0dacc17,DMT,7850198,7850198,X01
ae509c03-6752-44fe-8e34-17fd9258c10c,DMT,7850198,7850198,X02
7b0e0517-3570-4912-9109-556662dbea35,DMT,7850198,7850198,X03
90d901ba-9c0a-4a4f-a6b6-ce5f6c4767de,DMT,7850198,7850198,X04
a459d9c9-fa97-46fd-875f-d2b3d78e88af,DMT,7850199,7850199,B03
42ec2659-ea5b-4558-9985-e1becaef27b8,DMT,7850199,7850199,C02
9e30f972-f709-4145-a618-b9bfa4b2082c,DMT,7850199,7850199,C03
1b9f112e-436a-4d09-b569-4bb16087ad09,DMT,7850199,7850199,C04
b7eae292-270e-4cbd-a386-f3c411c7c157,DMT,7850199,7850199,X01
815acc12-46af-4ddc-986b-bcc795a36d16,DMT,7850199,7850199,X02
225318d1-c5de-481c-bb66-bd489ce07823,DMT,7850199,7850199,X03
0227126b-33d9-4d8e-9e25-1c51111840e2,DMT,7850199,7850199,X04
9be894b4-82d1-409c-86f0-2f2263c4d973,DLX,7310101,7310101,A00
8965044f-1633-45ba-a860-70125629474c,DLX,7310101,7310101,A01
ea5b29cb-210d-42d6-9147-300ca910f28b,DLX,7310101,7310101,D01
e64702f6-3a00-4977-b44e-62032804fb3a,DLX,7310401,7310401,A00
accd3269-5e1a-4f41-b779-45ecd130beed,DLX,7310401,7310401,A01
de57e0f8-df88-4b6a-ad41-c3535e647363,DLX,7310401,7310401,C00
a58bd4bd-32ba-469c-af71-d68852c659a3,DLX,7310401,7310401,D01
cd9b1ba1-15b6-47ce-9bec-29f49efc30cd,DLX,7340101,7340101,A00
a404fb4f-7f68-40d1-9e9b-c116f27bb638,DLX,7340101,7340101,A01
a346a132-fd97-421e-bb21-9eadf96302f6,DLX,7340101,7340101,D01
7fa09a77-02a5-4fb2-b272-865da5614b99,DLX,7340201,7340201,A00
ed9caaef-96e9-4c15-abd4-e367c2f838a1,DLX,7340201,7340201,A01
555d9af4-cbe2-458d-9813-5925109fd9ab,DLX,7340201,7340201,D01
b3d5f459-f21c-488e-ba4c-d0431dc672ba,DLX,7340204,7340204,A00
1cfb06e8-35e5-48be-b431-23c7ecab4d25,DLX,7340204,7340204,A01
c752cf13-bd32-4b21-985b-87c55958d29c,DLX,7340204,7340204,D01
41792bd2-65b4-45e3-a22b-7202d9ba95b7,DLX,7340301,7340301,A00
5a5232d6-c184-4c3a-86c2-b2637445cb9b,DLX,7340301,7340301,A01
f7838610-801f-472d-9a2e-c06d368e9272,DLX,7340301,7340301,D01
aa7b5ddf-56ac-46d4-93d9-dd3e40d8f644,DLX,7340302,7340302,A00
15b2e658-358b-4de0-bb60-41a4a88a41d5,DLX,7340302,7340302,A01
172b6746-4cd5-4760-a6a2-7b511e6d1dcc,DLX,7340302,7340302,D01
67b48e6c-096e-4a6c-a96e-4627f8e8b69a,DLX,7340404,7340404,A00
aaa371bc-f81c-45f4-8fe0-fa369b54a609,DLX,7340404,7340404,A01
6de71464-a677-42ee-ae83-71418a34320f,DLX,7340404,7340404,D01
c7548e4a-b3ce-4636-8859-68dbce8e593b,DLX,7340405,7340405,A00
81110a42-78ba-4d3a-9a2b-71742bd797ac,DLX,7340405,7340405,A01
779cbba1-a22f-41e4-845f-49934a4f3c95,DLX,7340405,7340405,D01
0f066c56-ba3d-4747-b502-d96dee566c8d,DLX,7380107,7380107,A00
3ea2f2f1-eedd-4f0f-87da-436d75fa1efe,DLX,7380107,7380107,A01
d01d3896-c2d4-4bce-8670-b7bfc68418e4,DLX,7380107,7380107,D01
7fe01252-905d-4e74-84b5-4f982bdf464f,DLX,7480201,7480201,A00
792e01d1-b58a-4f3a-a3b0-ae5033773793,DLX,7480201,7480201,A01
fadc1519-fda9-4e2b-93d3-4eb7b9261c30,DLX,7480201,7480201,D01
5eac1b6b-8ee1-4129-ba52-6c48dd864468,DLX,7760101,7760101,A00
9667d197-d046-4ff8-9972-30a84f719ea8,DLX,7760101,7760101,A01
f70dc0d5-1007-440e-99f7-1a89fe686e4c,DLX,7760101,7760101,C00
0e3de5f6-4b9c-4c6f-9690-5979624ba515,DLX,7760101,7760101,D01
4727c452-9786-4c8b-8b59-9980a647e7e2,DLX,7220201,7220201,A00
a0709762-ad4b-462c-abac-fe40da342b18,DLX,7220201,7220201,A01
702206d6-3265-4526-bdde-f80510827dff,DLX,7220201,7220201,D07
71c49a6b-7dc9-42be-9f16-d875b778938b,DLX,7220201,7220201,D14
dfb5dccb-69b8-4524-8eff-25fd4de1302a,DLX,7340101,7340101,C00
05a7949b-e9c9-4053-a60e-146738b5ef3c,DLX,7340207,7340207,A00
740a83d1-f37a-46ad-88d1-31d8792d93be,DLX,7340207,7340207,A01
f345496a-2519-4af5-8e89-75f60bd170ac,DLX,7340207,7340207,D01
b005284a-2961-4f05-9ddd-eebef8d07b1b,DLX,7810103,7810103,A00
600192e3-1787-4a43-8c38-ce028c9330dd,DLX,7810103,7810103,A01
f9b28ef3-241f-4e59-95e8-265dc66f2486,DLX,7810103,7810103,D01
34d8f231-3a3e-4b04-b2f2-0573513bce38,DLX,7220201,7220201,D01
cf66aef5-cec1-4c84-a5e5-4e8d3f2a2844,DNV,7220201,7220201,D01
292f2748-b57a-4020-a81d-3bf91828eca7,DNV,7220201,7220201,D14
8c220499-748e-4c59-a0c3-bc3340f34714,DNV,7220201,7220201,D15
c8d7d5a1-3130-4b0e-87e9-35b25b141f08,DNV,7229040-01; 7229040-02,7229040-01; 7229040-02,D01
ef0f1485-c6c3-4e45-a183-c53bdd4480e7,DNV,7229040-01; 7229040-02,7229040-01; 7229040-02,D15
2e8c6bb1-b254-43dc-b0eb-b81311672efa,DNV,7229040-01; 7229040-02,7229040-01; 7229040-02,C00
8b83a94d-67d0-4a8f-bba4-316dde723641,DNV,7229040-01; 7229040-02,7229040-01; 7229040-02,C20
8c1f7fd9-03d6-4245-aae8-a15444f7e8ff,DNV,7229040-1QN,7229040-1QN,C00
50ca258a-7c9d-49b6-88f3-2824dfd46ae9,DNV,7229040-1QN,7229040-1QN,D01
bde81e8c-4af5-4928-a9a7-144b8a364e3d,DNV,7229040-1QN,7229040-1QN,D15
088597a4-d937-48b9-9dfa-781e787644da,DNV,7229040-1QN,7229040-1QN,C20
6cb58823-0554-411d-bb06-372736e90aeb,DNV,7229042,7229042,D01
6ef976cc-bdee-4ecf-b687-529bad4b868b,DNV,7229042,7229042,D15
782d95a6-41f7-49e6-922b-5ab93a967866,DNV,7229042,7229042,C00
e4600f16-c961-4b18-bf4e-c56ed91eb646,DNV,7229042 (7229042-01),7229042 (7229042-01),C20
290993e5-6d7a-4165-a685-34af778aea4f,DNV,7310101,7310101,A00
a177a062-9159-495f-b600-8fc72d9ac526,DNV,7310101,7310101,A01
f3fbba45-8abf-4dce-9d94-2930a8e27fb8,DNV,7310101,7310101,A07
a583318a-cfa7-4c25-837c-d9402d71c7a4,DNV,7310101,7310101,D01
b3e0cfc3-82e5-43a8-beec-d02910f2adee,DNV,7310201 (7310201-01),7310201 (7310201-01),D01
6ee6d9e6-6194-482b-8a2c-31a7531aee39,DNV,7310201 (7310201-01),7310201 (7310201-01),C00
bd7fbf27-ca4f-469f-84ea-031e1cf4d843,DNV,7310201 (7310201-01),7310201 (7310201-01),C14
74026afb-d6c8-4222-82ab-8a521ffb2f1b,DNV,7310201 (7310201-01),7310201 (7310201-01),C20
96e012c5-6b49-4c4a-8f92-712fa23831fb,DNV,7310202,7310202,A00
0254b6d1-e3c7-4690-b605-cdf98a9b5d75,DNV,7310202,7310202,C00
1302edb4-9e46-47e4-baab-6ef085b307f9,DNV,7310202,7310202,C19
af44a9f4-d83e-472a-8c57-c0ad0a003cd5,DNV,7310202,7310202,C20
62d01cd6-056c-48fa-bfa1-27407b2f107f,DNV,7310205,7310205,C00
f540098b-99ed-47fc-918a-2b923a510581,DNV,7310205,7310205,C20
c98eb0ee-0167-4a59-811d-77f1363272ee,DNV,7310205,7310205,A01
41597a26-a86f-428c-8eda-3d5a20c36377,DNV,7310205,7310205,D01
ac32c207-a77d-4b6d-bb41-7fce61a090b6,DNV,7310205HCM,7310205HCM,A00
e3b8e86b-20aa-4383-9301-7906175f7241,DNV,7310205HCM,7310205HCM,C00
58982206-5af9-487d-a2d5-8f8e346f9786,DNV,7310205HCM,7310205HCM,D01
5fb660de-0104-490d-bf53-4fe425ce6241,DNV,7310205HCM,7310205HCM,D15
e976d16b-6e81-4f97-a84e-ad9f58348f52,DNV,7310205QN,7310205QN,C00
831514ac-242a-4e81-98a7-e0fe7e342d31,DNV,7310205QN,7310205QN,D01
654f908b-c4f4-4040-b13c-609a92ca13a2,DNV,7310205QN,7310205QN,D15
f976cf0c-8116-4250-92f0-a10ddf013f26,DNV,7310205QN,7310205QN,C20
88c82d02-291b-411a-90bc-ef332b070a5c,DNV,7320201,7320201,A01
941381d3-333e-4b11-8d60-1b1e85a010dd,DNV,7320201,7320201,D01
1c705a2c-c65f-4e23-a706-b68c7b1bb6f5,DNV,7320201,7320201,C00
5ee807a8-933c-477b-a6a9-e65b76840c4a,DNV,7320201,7320201,C20
3e49d70e-375c-4336-8244-6f6ecfee2d36,DNV,7320303,7320303,C00
5cd23d07-caf4-4d0f-a90c-1a1f99396511,DNV,7320303,7320303,C03
55b69c83-76b7-406a-8e6b-7b4f47548331,DNV,7320303,7320303,D14
e874d1e9-7757-4e93-bf62-43fcc730fa4b,DNV,7320303,7320303,C19
35140544-af16-476e-ba48-a9631118978a,DNV,7320303 (7320303-01),7320303 (7320303-01),D01
36c9bede-f64d-425f-8bd0-e12841dd464f,DNV,7320303 (7320303-01),7320303 (7320303-01),C00
8abe75a8-b1bd-4176-832b-b2cbd217c5a5,DNV,7320303 (7320303-01),7320303 (7320303-01),C19
6a63c581-eb03-4971-b85e-874df8e66f99,DNV,7320303 (7320303-01),7320303 (7320303-01),C20
d9890af1-a734-460b-8d51-b1bd9fb56e20,DNV,7320303-1QN,7320303-1QN,C00
ca519222-de15-444a-ae5f-1f7c0a5caa2b,DNV,7320303-1QN,7320303-1QN,D01
8f1d59e0-22ed-4882-8e43-2eddd795318f,DNV,7320303-1QN,7320303-1QN,C19
cfa12e7e-d428-49ec-a90a-afe33e6ba5c6,DNV,7320303-1QN,7320303-1QN,C20
4fb21347-183f-4f72-809d-aea9ec8c5803,DNV,7340404,7340404,A00
ebb8ca26-e964-47bb-90fa-c1939759516d,DNV,7340404,7340404,A01
c4179d81-a3e2-497f-ab30-10cf6be7e001,DNV,7340404,7340404,D01
d93e24a9-6f60-4978-a522-bcbcaf8ab051,DNV,7340404,7340404,C00
7daab843-328d-4ea9-afc0-cd2e1380e9e1,DNV,7340404QN,7340404QN,A00
ad12f76a-70f0-44c7-ab3d-7a1de77ec119,DNV,7340404QN,7340404QN,C00
80c1935d-4b4c-4175-909d-fbebc6ac0699,DNV,7340404QN,7340404QN,D01
1183b4c9-0758-4672-88ab-fb715f8998ba,DNV,7340404QN,7340404QN,C20
bfe1cef6-6e1b-4733-927a-55f21ec43217,DNV,7340406,7340406,D01
e61e2576-3210-4e5d-9f87-6da9a62812a7,DNV,7340406,7340406,C00
1540fb22-d4e6-44bb-bf17-ecd04c1ef725,DNV,7340406,7340406,C14
bb34d5db-fdd1-4739-8c50-a10073e5df3e,DNV,7340406,7340406,C20
d9e187c5-bfdb-4add-9536-e58a76426595,DNV,7340406HCM,7340406HCM,A01
d2b72f81-850f-4122-879b-4e4ab3856300,DNV,7340406HCM,7340406HCM,C00
e4bda3c8-1799-4cb9-95b8-cc14f2004db9,DNV,7340406HCM,7340406HCM,D01
33513596-c268-444f-9fb2-260e73ae8a7a,DNV,7340406HCM,7340406HCM,D15
c225ec8d-a4d1-49b5-b1ef-d0c9075f1dcd,DNV,7340406QN,7340406QN,A00
1bab8a78-514d-4443-99a2-51d324a1e657,DNV,7340406QN,7340406QN,C00
c59be95f-b33f-4ea5-b2e8-ed42252618bc,DNV,7340406QN,7340406QN,D01
5d18a37c-44de-4108-980f-13ef9120482b,DNV,7340406QN,7340406QN,C20
a62c8ee9-d40a-40c9-9121-e4ac57740cf6,DNV,7380101,7380101,C00
4c45a1c6-b36e-4e34-a92a-7dfe2cf43859,DNV,7380101,7380101,A00
b12c4b22-2a57-468b-85f6-0acdc1508f79,DNV,7380101,7380101,A01
d15974ec-9d88-444b-8c56-d4886c402f1b,DNV,7380101,7380101,D01
38dcf11a-3e2b-480a-8ad9-89b63092cf81,DNV,7380101HCM,7380101HCM,A00
d2b03cff-6111-4d91-b407-0e09eb9e389c,DNV,7380101HCM,7380101HCM,C00
5efacc59-94e9-4e3b-a477-0aca4db73f8e,DNV,7380101HCM,7380101HCM,D01
43ea7e22-b039-4be5-8101-2c87609d30c4,DNV,7380101QN,7380101QN,A00
d4f49f16-ba73-4ef8-9970-d84a12ae208b,DNV,7380101QN,7380101QN,C00
a477da7f-05d2-46dd-8a7d-ced30630564e,DNV,7380101QN,7380101QN,D01
5e02665b-d94c-4b84-98a5-25db8c4722b7,DNV,7380101QN,7380101QN,C20
e6cb3539-43c4-4c80-9c70-a8955753506f,DNV,7480104,7480104,A00
3b0c48bc-e705-4ded-adfb-40c654ca1f38,DNV,7480104,7480104,A01
d7c9bec5-a23b-476f-8beb-aed065564591,DNV,7480104,7480104,D01
b7b8ae2b-9a38-43e3-a9f4-8353e1c6144e,DNV,7480104,7480104,D10
0a96c007-a2a0-46f2-8ba1-2285a6e6597a,DNV,7810103,7810103,D01
84260cee-5472-4c2f-b710-38eee3a685c2,DNV,7810103,7810103,D15
28b76bea-e408-4a23-a99f-8b0547b4d435,DNV,7810103,7810103,C00
71c526bf-2a8a-47eb-80f5-782240536286,DNV,7810103,7810103,C20
f35fa708-f626-4c1e-a090-384ab56be698,DNV,7229040,7229040,D01
2d9d7386-2585-4062-8720-4df9f148f197,DNV,7229040,7229040,D14
94e12f80-da62-4e2d-abfb-58557e79ea77,DNV,7229040,7229040,D15
887978a7-3def-4c2e-876a-a305e23fe8e5,DNV,7229040,7229040,C00
89e6563f-99b3-4e2f-bf93-37d59800965b,DNV,7229042,7229042,D14
09278670-f83d-49ba-bbbe-88dc9a0b556e,DNV,7310201,7310201,D01
f85df3b6-3b1e-4df4-a679-8d2996f2681b,DNV,7310201,7310201,C00
f3181be0-0a25-4acc-82f3-f5c09b609459,DNV,7310201,7310201,C14
a3b63b1a-dd4f-4af1-bb59-431f5bfc4086,DNV,7310201,7310201,C20
b13d5fce-dd3f-486f-85e6-62fa3c98fc68,DNV,7310202,7310202,D14
a53e27cb-6535-4670-b762-2bf15d025e11,DNV,7310205TP-HCM,7310205TP-HCM,A00
069e1db7-5191-46ca-9947-c1d6dd8b959a,DNV,7310205TP-HCM,7310205TP-HCM,C00
203aa3d3-617c-474d-9227-8ab7a8153b3b,DNV,7310205TP-HCM,7310205TP-HCM,D01
22e86a24-af29-45f5-9739-4af3806d2d5e,DNV,7310205TP-HCM,7310205TP-HCM,D15
86391386-1769-43da-93a5-06cf23b128d6,DNV,7320303,7320303,D01
261b7917-b426-4917-a882-728ba4fadd65,DNV,7320303,7320303,C20
8c07eeba-0289-468d-b1cf-ff453e6d7eef,DNV,7320303TP-HCM,7320303TP-HCM,C00
e80b07d3-5010-4339-a6d9-cd13d54684d3,DNV,7320303TP-HCM,7320303TP-HCM,C03
a44dec4b-c14c-4a22-9924-d1c3bd2ef835,DNV,7320303TP-HCM,7320303TP-HCM,D14
cc17c52a-17d2-4f85-80c3-e5880bc5d567,DNV,7320303TP-HCM,7320303TP-HCM,C19
074fedf2-d8ce-4243-b7f2-01e0f6dce525,DNV,7340406,7340406,A01
494491c4-f8bd-4300-9e39-7d85ecd37745,DNV,7340406TP-HCM,7340406TP-HCM,A01
2497dd08-727a-4b2f-8e66-f69480cf6bcb,DNV,7340406TP-HCM,7340406TP-HCM,C00
4c18c4fe-2311-43db-8a60-0872cdd8a8d7,DNV,7340406TP-HCM,7340406TP-HCM,D01
90a6f6e0-3cd8-4474-81ae-25243f551547,DNV,7340406TP-HCM,7340406TP-HCM,D15
55724ecb-8adc-4bcf-afdc-a5b8876219dd,DNV,7380101QN 7380101-1QN,7380101QN 7380101-1QN,A00
1b729c11-054d-46cd-818a-2697c1c73755,DNV,7380101QN 7380101-1QN,7380101QN 7380101-1QN,C00
4a716e2a-552e-431f-9ce7-0ea527192f6a,DNV,7380101QN 7380101-1QN,7380101QN 7380101-1QN,D01
8d5a31ad-39a6-475b-84b6-4769b6dd3cf9,DNV,7380101QN 7380101-1QN,7380101QN 7380101-1QN,C20
680f23fe-0682-4426-9f42-149e776a86e4,DNV,7380101TP-HCM,7380101TP-HCM,A00
671fa827-3248-4da2-8469-674a2a6811e1,DNV,7380101TP-HCM,7380101TP-HCM,C00
dd28ab50-ba19-4407-b2d6-41f4f86ea3e6,DNV,7380101TP-HCM,7380101TP-HCM,D01
527d99b6-4466-46a9-9edb-5a321b794d52,DNV,7810103,7810103,D14
b3814e0c-b524-43a6-acc3-40b3850de4b1,DNV,7310202,7310202,D01
e710518d-57ab-4fe0-b5f4-ebb63365c278,DNV,7310205,7310205,D15
0469d31c-16ae-46ab-912d-2374ba8aea81,FPT,7220201,7220201,C01
018035ba-f30f-4048-8e6b-929bbdc7164e,FPT,7220201,7220201,C02
66de38df-ae8d-4863-9a27-7af6260fa1aa,FPT,7220201,7220201,C03
638aad59-3a97-4dc2-811c-cd8aeeaa4c89,FPT,7220201,7220201,C04
cd1e03ab-3ef4-4693-b3cd-6aa80b049a90,FPT,7220204,7220204,C01
383ea225-26bf-44e1-b3bd-d1c000800fb1,FPT,7220204,7220204,C02
bde03d24-cbd7-42c3-9b55-5f3f7cf36434,FPT,7220204,7220204,C03
96d42283-c63c-4f16-94ca-d9ab91b96a14,FPT,7220204,7220204,C04
fae03a23-b0b7-4ce1-8b9f-92281b31d1c4,FPT,7220209,7220209,C01
6c6c5e6c-d0d9-4f60-80e7-89aab6a78e75,FPT,7220209,7220209,C02
25a4e7a0-753c-4bda-bb38-c4f908d1cf32,FPT,7220209,7220209,C03
a02793a1-b8c1-44f8-b745-87562be02340,FPT,7220209,7220209,C04
2e077a78-1657-4e66-a2fb-b2caded1ebbd,FPT,7220210,7220210,C01
ca1963fd-ee7a-4baa-8d1a-b3a17047647d,FPT,7220210,7220210,C02
132d6c91-5897-43cb-985f-bfc966e3bab9,FPT,7220210,7220210,C03
be090b29-01df-4167-a663-87b633aa39fd,FPT,7220210,7220210,C04
5dbce8b3-65bb-4c8e-8eae-0bf4137958ef,FPT,7320106,7320106,C01
14622cf3-ded5-4f0d-8ad2-0b66d3b0975a,FPT,7320106,7320106,C02
923a86fc-87e6-402a-b89b-6fed7e652c1e,FPT,7320106,7320106,C03
4641d799-09df-4857-ab4c-690b1c8091db,FPT,7320106,7320106,C04
a2ac5715-42b7-4bfb-b2de-3a6d57c2adfc,FPT,7340101,7340101,C01
5906ae1c-86ca-4b80-9174-0ccb166fdda2,FPT,7340101,7340101,C02
cb7cad8c-629a-47d6-a1e2-6caeaf60a13d,FPT,7340101,7340101,C03
626be45b-001e-4f5d-8970-47fb6b0c6ee9,FPT,7340101,7340101,C04
b291baaf-209d-4877-b70f-18b709ac8d07,FPT,7480201,7480201,C01
5ce95fdf-9f00-467d-b61b-fbcee00ab98f,FPT,7480201,7480201,C02
a3a40c70-7c15-451c-bb13-e200db947bf3,FPT,7480201,7480201,C03
35620d52-57cf-4465-b319-749f4dc5d427,FPT,7480201,7480201,C04
90ed91d0-4d40-46c2-8549-f7d0fffb90f1,DTL,7220201,7220201,D01
37802b71-bc1c-4cee-9015-de00e8fbd32b,DTL,7220204,7220204,D01
e77fdd70-230e-4aef-9dbf-f6dffd24da95,DTL,7220204,7220204,D04
60259667-7848-446a-ac43-1428e5b3146f,DTL,7220209,7220209,D01
71b6e72c-2f59-40bf-8a1e-412e7961ac61,DTL,7220209,7220209,D06
68beb43d-a84a-4d7c-86e4-ee15c9da716f,DTL,7220210,7220210,D01
7d09e204-02c6-4ee0-bd02-4335c7322146,DTL,7310106,7310106,A00
e2dfa5a7-db39-4aa6-9219-03ee8b64c1ca,DTL,7310106,7310106,A01
566bc297-e37c-4d87-a2d7-76f2c27ebd87,DTL,7310106,7310106,D01
eb4a47d1-70a6-49ee-875e-7648ca940202,DTL,7310106,7310106,D03
b8512111-03a7-4d65-832a-a1bde44e8a0f,DTL,7310630,7310630,C00
a992ae8e-0c86-4bef-af30-9cb8f4a7b050,DTL,7310630,7310630,D01
1647912e-85e2-4f54-8eaf-3a8a445dc635,DTL,7310630,7310630,D03
b1484672-2071-4267-a4b3-fa154c320820,DTL,7310630,7310630,D04
453c0aca-b4b4-475b-8afd-a0bf7730fe7c,DTL,7320104,7320104,A00
9f27096e-d73e-425c-b5c3-2e689c1f03e7,DTL,7320104,7320104,A01
13811c7a-78d2-4c8f-b764-aa4f66bc025f,DTL,7320104,7320104,C00
bdd3e52f-8c1f-4212-bf85-e6f5a5708fd9,DTL,7320104,7320104,D01
befdffbb-daad-4bcf-8512-6614ea08bbf6,DTL,7320104,7320104,D03
dd029252-bc9d-4ea3-86de-81aa4783b417,DTL,7320104,7320104,D04
80899453-9fd3-49e0-9f7b-ebce074b79b2,DTL,7340101,7340101,A00
b9d05e7e-3132-4135-a8e1-351e4160a588,DTL,7340101,7340101,A01
f89de6d8-cb51-4aee-80dc-7b4a3e6a960f,DTL,7340101,7340101,D01
4fa0a128-2794-45d6-8e71-0c0478c1ffa6,DTL,7340101,7340101,D03
a0401056-630f-4293-99ea-93f0fac9db10,DTL,7340115,7340115,A00
e2925407-c439-4ba3-af02-6ae54c626575,DTL,7340115,7340115,A01
18bdc901-1155-413f-ba1d-04d4e05ab632,DTL,7340115,7340115,D01
e6250765-5ecf-4c3a-8c9f-d0ebee28d77f,DTL,7340115,7340115,D03
3f82dd12-5745-47cc-b97e-77ee0e5633b7,DTL,7340201,7340201,A00
3e0f242a-b465-4cac-af49-4ccc396c7b1f,DTL,7340201,7340201,A01
7ebf0abd-71df-4340-8b0f-589180fafb71,DTL,7340201,7340201,D01
076faca7-bb57-4315-b066-8a65012fac23,DTL,7340201,7340201,D03
49a3923a-280e-4e2d-a67a-0149734c965a,DTL,7340301,7340301,A00
bfb2c8b6-1504-4e4a-afce-7c5b1c94a700,DTL,7340301,7340301,A01
39156f08-1369-4f0f-8f3a-1e09e5446caa,DTL,7340301,7340301,D01
9db3c08e-2bd6-4f28-96ff-2b4484cd762d,DTL,7340301,7340301,D03
1db37181-5fd1-4505-acad-86340f06518d,DTL,7380107,7380107,A00
89bbbb4f-ec1b-44d1-8e5f-ec583384c78e,DTL,7380107,7380107,C00
b9175f5c-4fac-4e37-9641-a6ec6f13227b,DTL,7380107,7380107,D01
8b30787a-3c30-4dba-a85f-424e513c6fbe,DTL,7380107,7380107,D03
e72b603a-1f2c-4524-b318-0339c7a1e746,DTL,7480101,7480101,A00
8210f9ac-2db3-4828-bf90-2f479721f210,DTL,7480101,7480101,A01
e9e3f7b7-873d-4763-8148-22d8d44c9ee6,DTL,7480102,7480102,A00
e1225137-5c72-472d-a665-723ba73a4987,DTL,7480102,7480102,A01
6bd3114a-e00e-435a-8d91-33bd330ca193,DTL,7480104,7480104,A00
0b78e2f5-ef20-4da8-a61f-c6c527a79a93,DTL,7480104,7480104,A01
358b7be5-1526-4d19-bb91-31b1691672b1,DTL,7480201,7480201,A00
74a08129-8274-46af-8b6a-31216bab98ff,DTL,7480201,7480201,A01
31088f8a-ebf7-45bf-9433-8fc09069ee28,DTL,7480207,7480207,A00
3aad1a1e-d3fe-468c-aa25-df5e7b5ad3a7,DTL,7480207,7480207,A01
6da44eba-8ca7-495b-bf83-f88815877e8c,DTL,7510605,7510605,A00
277b7cd6-3800-49bd-b6ea-6cd2c2fa75e6,DTL,7510605,7510605,A01
d9694ace-621d-4ad6-b065-31d3d850e979,DTL,7510605,7510605,D01
4900db58-d821-4f5f-a9d2-4c0893c020ab,DTL,7510605,7510605,D03
d5b9f84d-02b0-4635-8e34-c773ad200ba4,DTL,7720301,7720301,B00
0305294c-df7a-413e-b613-4772ae330b19,DTL,7720401,7720401,B00
b47fc225-70ea-4ccc-8fcb-041ae313f698,DTL,7760101,7760101,C00
d82644ed-cf28-405b-ace1-61708295cadc,DTL,7760101,7760101,D01
d085a1af-0b57-4dc9-b32a-323d20125249,DTL,7760101,7760101,D03
a00cf5a6-ac9e-4667-9686-894e971f4bea,DTL,7760101,7760101,D04
fdc45e08-699a-4c8a-831a-649aa98853f9,DTL,7810103,7810103,A00
4ca59db3-b709-4ef3-897a-71c05dafdab0,DTL,7810103,7810103,A01
38b20340-278e-4f78-abc4-29f9ea12d320,DTL,7810103,7810103,D01
13ec03bb-55ae-46fb-a9a4-d22eb5a2853e,DTL,7810103,7810103,D03
2cee51ba-9756-4fe6-85c5-f4c6f5e8e97f,DTL,7810103,7810103,D04
10c8053f-66b1-48c2-91af-f882cee82cde,DTL,7340106,7340106,A00
19e4991b-fe3c-4b40-ba91-6814c16ab6a4,DTL,7340106,7340106,A01
53dd40c2-57bc-4f6a-880b-a0774b90af7d,DTL,7340106,7340106,D01
4c356f43-4fcf-42c4-96de-9b011641e6e3,DTL,7340106,7340106,D03
70d8739b-c032-4398-aedc-fbe88e36c55b,DTL,7810201,7810201,A00
be1a8085-6bff-4dd4-9d6e-20fb088c59fc,DTL,7810201,7810201,A01
6d76fa0f-4eba-42fb-81dd-d814d6378800,DTL,7810201,7810201,D01
e832dcf8-f720-4634-8ade-2aec6c9c3650,DTL,7810201,7810201,D03
daf1c235-2950-4e3b-aee8-299269a51f84,DTL,7810201,7810201,D04
f1ce33db-9eb8-4095-941c-b43447011417,DTL,7220201,7220201,H00
8c36da3a-b8c8-4e62-a37e-64d5c65637fd,DTL,7220201,7220201,H01
58d27b98-e5d1-4382-9495-8546044c58d7,DTL,7220201,7220201,H04
7df153c8-5ad3-4910-92af-f16d0861578b,DTL,7220201,7220201,V00
dda549b9-43cb-4fe1-afae-52044e133a3b,DTL,7220201,7220201,D78
d636fde0-07dc-4a9a-8742-2c9d4d8d1f5e,DTL,7220201,7220201,D96
3513110f-e1eb-4d23-b076-57c1996ded16,DTL,7220204,7220204,D78
68ebb45f-636d-4993-9e19-0d2920397421,DTL,7220204,7220204,D96
918e27e3-b955-4b6e-9d23-02886ae47de7,DTL,7220209,7220209,D78
2bebb555-7965-471e-a206-106639469793,DTL,7220209,7220209,D96
d874ed32-e942-42a1-a78f-ee5ac17644d6,DTL,7220210,7220210,D78
b010badf-a0bd-4064-a48c-f55337bb4299,DTL,7220210,7220210,D96
e08c7637-7a2d-4c57-85d1-33d3fdb62a9d,DTL,7310106,7310106,D90
184b2037-fcd6-4ab0-aa2e-872fcbaf7140,DTL,7310630,7310630,D14
9a63617f-1363-43c7-a9b2-87284a80f97b,DTL,7310630,7310630,D15
9a8cf23b-6faf-438c-a462-b2e8ac85b636,DTL,7340101,7340101,D90
538c07d6-7755-448e-930b-8decdf35da54,DTL,7340115,7340115,D90
3b79a157-747e-4203-bcf8-eabdaee4ce7b,DTL,7340122,7340122,A00
d6b1acfe-1b29-459d-95c9-aec618010250,DTL,7340122,7340122,A01
fd91b438-5e4f-42b2-a6cc-9843e448651a,DTL,7340122,7340122,D01
c46c9051-1578-4d1f-963c-8118c1d1928b,DTL,7340122,7340122,D90
81c3316d-b6db-4b45-b41a-4ddc126ead70,DTL,7340201,7340201,D90
f0672c1d-29d2-4c35-89ae-06c76fbf7f52,DTL,7340301,7340301,D90
c3bbfe6f-1bb7-4833-b013-5c5c4b50c395,DTL,7380107,7380107,A01
303568c4-b41d-4361-8af1-490c0d798443,DTL,7510605,7510605,D90
2b4df88e-cff8-4590-bf7c-81aa2baffdab,DTL,7810103,7810103,C00
dbebcdf6-e946-47e9-ba23-246e9c31f40c,DTL,7810201,7810201,C00
9eaad982-7908-43e8-83b6-bc7658c4f63f,DTL,7210403,7210403,H00
a9599097-6747-4b69-ac94-d699a52497f0,DTL,7210403,7210403,H01
79ba07d9-d4de-4d89-a668-078aa3702840,DTL,7210403,7210403,H04
f4976cef-3148-4339-a766-9b1bfbc8bbf0,DTL,7210403,7210403,V00
0a58a1f0-a151-4439-a9de-83620cda9285,DTL,7220201,7220201,D90
9bc2ca13-a8ef-4437-8e1f-4850182276f5,DTL,7220204,7220204,D90
f1d868c1-0194-48d4-9a1d-81de2ed3df2d,DTL,7220209,7220209,D90
c03e00e5-5e0d-44ce-b067-d083691b55ea,DTL,7220210,7220210,D90
f676bed8-f2a8-4918-b8a4-38cc91ede476,DTL,7310106,7310106,D07
ec15320c-d031-42e1-929d-9d5c14b0a132,DTL,7340101,7340101,D07
ccb36db9-b7dc-487b-aba6-f0d2e3233b3b,DTL,7340115,7340115,D07
66afefa2-7dfe-42d2-9349-a43a72d4e8d0,DTL,7340122,7340122,D07
6de5a1bb-9e3f-4eb7-828c-9190f45eb998,DTL,7340201,7340201,D07
7759e772-739e-453e-a3ea-eae3fa873a15,DTL,7340301,7340301,D07
05c3bf6b-fec0-4b97-9c57-8ff04ec1ee17,DTL,7510605,7510605,D07
c8f66509-bd7f-4eda-9ee8-fcd5c2a9ab41,DTL,7810103,7810103,D07
b5e56e28-cc95-41f4-a191-111519f5714d,DTL,7810201,7810201,D07
6423f60f-e6ab-47dc-afdf-15d0889eaab4,DTL,7220201,7220201,D14
99475ace-65ed-460e-aab0-9d1b9951300e,DTL,7220201,7220201,D15
d6174093-83b9-4d29-ab7f-2fe437db38bf,DTL,7220204,7220204,D14
c7bce862-9bc8-4c4c-bbf7-24ded82222f8,DTL,7220204,7220204,D15
986e0b44-adef-45c4-9747-e96e25ca249e,DTL,7220209,7220209,D14
0bd1e73e-5598-488a-a4cf-b9e01340a5c8,DTL,7220209,7220209,D15
1b7071fd-8949-457f-958f-62dbdede01f0,DTL,7220210,7220210,D14
080cf04d-174a-428d-90ce-b67f1bb5cf75,DTL,7220210,7220210,D15
bc1d5a63-834f-4242-bc25-d4d0475a5d85,DTL,7310106,7310106,X01
153402b3-1984-4db7-bae6-2eabffd17085,DTL,7310106,7310106,X25
ae8a0e67-9760-4042-ac63-68308b4b7330,DTL,7310630,7310630,C03
ac5bea71-2389-4920-a38e-7cd3cf50eb1b,DTL,7310630,7310630,C04
50be292f-bfc9-45c8-94c2-47636e24d380,DTL,7320104,7320104,C03
9d6e8b5b-111d-47ee-bd95-1884130cc2b5,DTL,7320104,7320104,C04
74c79b6c-6e27-4296-82a4-0a811836fa20,DTL,7320104,7320104,D14
826e9f79-9174-4083-9a77-13451ddcc43c,DTL,7320104,7320104,D15
af77da6f-0944-4ba3-af7b-0ca7a08f3e5a,DTL,7340101,7340101,X01
d292bad9-36ce-4c59-96f6-dd727a2ae040,DTL,7340101,7340101,X25
3158f281-cf3c-4188-b7c0-f1c16a58458d,DTL,7340115,7340115,X01
4d55269e-1ce0-4cc6-9c78-51f392df2eb7,DTL,7340115,7340115,X25
456dc7df-9f4a-4a1e-9b55-fc21ff076774,DTL,7340122,7340122,X01
ac50429e-7ef8-4cd5-8549-afd82287930d,DTL,7340122,7340122,X25
d9cb81ab-b38c-49e6-9c4f-bc073bd004b7,DTL,7340201,7340201,X01
c3270e90-09e0-4bd0-b079-9948e8124713,DTL,7340201,7340201,X25
a3de889f-cbc6-4e5b-b503-180af12d64b1,DTL,7340301,7340301,X01
e4fe693e-e97a-475d-9765-4df0a249ece4,DTL,7340301,7340301,X25
0196aa5e-8f94-470c-b2c0-ddb7fa95a976,DTL,7380107,7380107,X70
3fc26d48-a930-4d3f-937b-96bca968421b,DTL,7380107,7380107,X74
c60a0e27-1991-4fdf-bc32-348ad241b348,DTL,7380107,7380107,X01
46ed71ee-2690-4468-a6ba-1b41c1de8e4b,DTL,7380107,7380107,X78
c7c43fb3-3cd6-46e0-9a35-775b68337908,DTL,7480101,7480101,X06
149bf229-50f2-4629-bb58-c38c100ccf6d,DTL,7480101,7480101,X26
3d7d4f9d-1285-4e06-8320-12d1dde35a3b,DTL,7480101,7480101,D01
ee9146ce-377f-481b-a712-dcf9e240997d,DTL,7480101,7480101,D07
a81ff4e4-c1e7-4de6-a3c4-b45aec59c73d,DTL,7480102,7480102,X06
22e24f8c-e8b5-42fc-a730-7ddfaf23e3ae,DTL,7480102,7480102,X26
231086b8-52ca-4bd0-a3be-cccf217edc73,DTL,7480102,7480102,D01
9b908495-365d-4946-a084-6a352899fba8,DTL,7480102,7480102,D07
6952bfdc-99f3-431f-bcaa-a9647b867ff6,DTL,7480104,7480104,D01
9fe13761-74bc-4db0-b63b-f1048abab983,DTL,7480104,7480104,D07
eea549f1-84ce-4733-9609-021fceb60efc,DTL,7480104,7480104,X06
bc77efb1-a177-4d25-be73-ace06c276b87,DTL,7480104,7480104,X26
b8341487-377f-40b2-a273-faa685f576b0,DTL,7480201,7480201,X06
4fff142d-1688-4835-96f6-946e6a216073,DTL,7480201,7480201,X26
6f7e7584-aae4-46f7-91a1-8160aae09f68,DTL,7480201,7480201,D01
84248623-b2f6-49b8-87d4-41b1cc42ebc1,DTL,7480201,7480201,D07
7dfdae22-38bf-480f-ab99-63d3e9b42ee4,DTL,7480207,7480207,X06
c08233d8-9c2c-4022-9de5-2f18b292d5a7,DTL,7480207,7480207,X26
c6a39521-f966-481d-b955-638a413abf78,DTL,7480207,7480207,D01
8d107d57-1673-455b-adaa-291d403b027d,DTL,7480207,7480207,D07
0b6a1484-a177-4497-9c8d-519225a1fa1a,DTL,7510605,7510605,X01
7d873b47-5129-4132-a954-a6b83784f27b,DTL,7510605,7510605,X25
8465e1ac-9609-4eba-9c42-51741c59a4ed,DTL,7720301,7720301,A00
32957e5d-c9bf-4700-befe-e0e2a6ebe6f4,DTL,7720301,7720301,B03
92bae36c-4157-41fb-9037-91e958347ca0,DTL,7720301,7720301,C02
ee78e69a-b756-4204-a7a6-c48127bb93c2,DTL,7720301,7720301,B08
a02d0d35-e741-489a-acd9-ebcb41f146f5,DTL,7720301,7720301,D07
c7c1ec63-eb62-4a3c-bc35-d160aacdcfd1,DTL,7810103,7810103,A07
c8448e1d-b7ae-4c8a-9112-fd003b6432c2,DTL,7810103,7810103,D09
65b04393-139d-4eed-adef-6f088909283f,DTL,7810103,7810103,D10
9def1365-d6b2-4561-b659-7510a7ce4a25,DTL,7810201,7810201,A07
bfbad547-0ee8-4695-aa58-fc66706c8692,DTL,7810201,7810201,D09
d22be526-cf1c-4fc9-b0af-3c313b45c9db,DTL,7810201,7810201,D10
2dac9110-2843-4bbb-8cb1-ef67fdcbe206,DTL,7220201,7220201,Q00
a03f61fa-db9b-4e3b-8794-e39dcf2b6b9e,DTL,7220204,7220204,Q00
502c4411-07f4-4d5b-bcc4-6f6c7b871ec6,DTL,7220209,7220209,Q00
edd97de1-ad0f-4d29-8247-3a424589825b,DTL,7220210,7220210,Q00
c258e488-1bfd-490a-ba7a-7d385c150736,DTL,7310106,7310106,Q00
4078b4ed-e516-4aec-8b2a-c224b23ed10a,DTL,7310630,7310630,Q00
d8dd8dc5-d119-48a8-918f-4cb2eba2f52e,DTL,7320104,7320104,Q00
6ff903b1-6a7f-412c-a9b2-f0d273f19bda,DTL,7340101,7340101,Q00
8bcef317-1ac7-4d42-a496-f19c9fd56e97,DTL,7340115,7340115,Q00
d517514c-97d6-4106-a004-9c80b3147bfe,DTL,7340122,7340122,Q00
3bb525da-d013-4bba-b73f-71ccfe4ebeaa,DTL,7340201,7340201,Q00
d63ca743-f5f8-4f34-8dfc-e051a6a06cd4,DTL,7340301,7340301,Q00
9c883383-d728-4bd6-bb75-b60c94b48d04,DTL,7380107,7380107,Q00
874e5203-8b37-4e51-b36a-ef311a7e21bc,DTL,7480101,7480101,Q00
e4f3ed8d-8d02-4bfe-a8f4-424431b4bf13,DTL,7480102,7480102,Q00
dc1280f3-eb45-440b-9a97-340888cea9dc,DTL,7480104,7480104,Q00
b038fdd2-e9bd-48a7-bdec-c0aa50fc777c,DTL,7480201,7480201,Q00
7b2ee36b-dc0c-4bf4-8aa3-d9d5faed5dcb,DTL,7480207,7480207,Q00
be8b0463-9b57-4de4-b52e-eca37cc5ee20,DTL,7510605,7510605,Q00
1eb28074-90d3-4e76-9e43-5e62797bda95,DTL,7810103,7810103,Q00
b224040e-4b0e-4875-9ba8-85011f2c30a4,DTL,7810201,7810201,Q00
2c29c96a-9012-482a-bbb0-07260aff2c7b,DTL,7220201,7220201,K00
6130ee62-9de6-46f8-a7db-3c1882cf2838,DTL,7220204,7220204,K00
071b43ad-5950-47ee-9a4c-aafc3f11bda7,DTL,7220209,7220209,K00
2b365606-2a42-4edb-9941-8919dc2f3830,DTL,7220210,7220210,K00
78ae88e2-feee-4499-b5c8-d23a75b15da3,DTL,7310106,7310106,K00
9989f548-6ce4-4b84-9353-68a9f019a105,DTL,7310630,7310630,K00
050cc600-a0d4-470e-b8dc-5cb0e57706ed,DTL,7320104,7320104,K00
c6c373ad-df4a-4741-a1b1-c1ebd3940454,DTL,7340101,7340101,K00
8f63142f-28da-44d6-8f9b-cfe82267c5b6,DTL,7340115,7340115,K00
6dc9eee8-6bf3-4bcb-abfb-9c4ad920a3a6,DTL,7340122,7340122,K00
a86963d9-138b-4ece-92c8-21e553de46c4,DTL,7340201,7340201,K00
e947b8f9-2498-4dbd-b2f0-e8b662180dce,DTL,7340301,7340301,K00
45f67116-a704-456c-9cc9-a3ac7d93c796,DTL,7380107,7380107,K00
f786b015-7864-4181-bef2-a2f7ccb81f8b,DTL,7480101,7480101,K00
1208cff3-3caf-4981-9a4a-dca723e9b001,DTL,7480102,7480102,K00
b687d494-274c-4c1c-8fec-c8c70dd77f95,DTL,7480104,7480104,K00
db05fe26-a528-4259-ab7a-2d998339fc60,DTL,7480201,7480201,K00
47bc4e5d-8a18-4a24-9dd7-1b179941b1d7,DTL,7480207,7480207,K00
d1f229c4-0d83-4e03-9edb-cdbc89deeec2,DTL,7510605,7510605,K00
6dd750ab-96a0-41ac-9d41-0c40f9860212,DTL,7810103,7810103,K00
0cc2a92b-bb61-4660-919f-b20afd2527f8,DTL,7810201,7810201,K00
c36a74b1-d3f4-4afa-ac5c-e10e4c84f289,DTL,7210205,7210205,N00
3ef27247-b6a3-4217-be79-427e5234560c,DTL,7210403,7210403,H06
8b41ee94-0f72-465b-afdf-208ea3be3893,DTL,7210403,7210403,H07
9f8ae670-6924-47bb-ab4b-6f8df9394138,DKK,7220201,7220201,A01
3d2e550d-bc76-481c-8ae2-21e736c2ad3e,DKK,7220201,7220201,D01
7781b224-b0a5-474e-99c3-854efb1bc546,DKK,7220201,7220201,D09
dbc56002-55ff-46e7-a774-7c07c52ff5cc,DKK,7220201,7220201,D10
0747222f-dc15-4822-9ac9-13c58f8aedd5,DKK,7340101,7340101,A00
8fd9fd5b-2087-4b2c-8b9f-dc0bae0925aa,DKK,7340101,7340101,A01
169ce1e6-31ff-46ac-9029-0c7bfa585ddc,DKK,7340101,7340101,C01
6043e1d5-d35e-4388-880b-d871ddbc0db5,DKK,7340101,7340101,D01
40cd7f49-3eab-4100-a0bf-4c6e0648aa4c,DKK,7340121,7340121,A00
91cf5359-1cbc-4c58-8168-6b0c67a88008,DKK,7340121,7340121,A01
a7db3df5-2682-470d-a1aa-23b0a774184f,DKK,7340121,7340121,C01
63ac73cb-fe8b-4471-921c-a559fe727999,DKK,7340121,7340121,D01
b05b4399-b82a-41c4-b2a4-f4e6995bfb5b,DKK,7340201,7340201,A00
34f840b8-2f84-441c-9595-52115dfd1154,DKK,7340201,7340201,A01
854ebdce-eaff-4362-b0c5-d14c8162d3f0,DKK,7340201,7340201,C01
13ecec2a-ffeb-4e14-9e2c-f76865be140d,DKK,7340201,7340201,D01
2bb92684-2296-4a54-8269-71ca1c8c469e,DKK,7340301,7340301,A00
86f589d8-88fb-40f6-9d41-fa2f39e8ea19,DKK,7340301,7340301,A01
05e6e451-37e8-4bd4-a964-095ce6507328,DKK,7340301,7340301,C01
00798269-b36d-45db-a625-2b28bb26fb61,DKK,7340301,7340301,D01
7288b740-366d-4129-ac7f-f0a5696d0bbe,DKK,7480102,7480102,A00
9991ae88-5775-4e9d-b496-ee9e3892d7e1,DKK,7480102,7480102,A01
03db1fed-0855-40fd-b03f-f9dd5a54a133,DKK,7480102,7480102,C01
6052a99d-374e-4e13-9ae2-52d7de97d017,DKK,7480102,7480102,D01
fc80be48-74cd-466b-b798-2b038fd2c467,DKK,7480108,7480108,A00
16a95cb2-1834-44dd-9762-4e761fb6825f,DKK,7480108,7480108,A01
88219dd4-48af-4721-b124-c7eab10ce65f,DKK,7480108,7480108,C01
7284bac1-9b73-48e6-b64d-8d39158f655b,DKK,7480108,7480108,D01
0bb97cb7-d189-45c2-9fcb-b7d1b66dd17b,DKK,7480201,7480201,A00
b1a625a1-df9c-4595-9e88-763ff8d6364a,DKK,7480201,7480201,A01
3a687912-3788-4738-a1cf-18fed5dfd29a,DKK,7480201,7480201,C01
70b0c5d6-3e5d-4471-8c0c-3320b566e7a9,DKK,7480201,7480201,D01
4c6bd743-d70c-47d3-b1c8-b6359ff1e186,DKK,7510201,7510201,A00
189f4b49-0347-48c9-804f-08e56dfa9961,DKK,7510201,7510201,A01
f9402e20-f212-429a-9f65-ba6ccf4c688b,DKK,7510201,7510201,C01
b30b5552-ddc6-49e3-84d7-58f58cf975dc,DKK,7510201,7510201,D01
4d1553bf-ee41-47e9-b564-a37aed1b2436,DKK,7510203,7510203,A00
8baf5bd1-b845-43de-ba0a-3f26f66d7de3,DKK,7510203,7510203,A01
618164c0-324a-48f7-8628-47cd9b1b4a35,DKK,7510203,7510203,C01
1186058e-3e7e-4edc-8321-5b78a0065a05,DKK,7510203,7510203,D01
bef26fef-67af-4526-834a-1f3b66f374c1,DKK,7510205,7510205,A00
4d09bd4d-d849-44be-9203-b114e01bcf88,DKK,7510205,7510205,A01
8b858ce5-8d59-4a3a-97a7-a99c366dad1e,DKK,7510205,7510205,C01
1531069f-7559-4196-a36c-13b9cf9f48a4,DKK,7510205,7510205,D01
3bc58391-b9e6-4234-a704-06e3a495fd00,DKK,7510301,7510301,A00
e772a70e-e75b-471c-ac3c-24b248c03c39,DKK,7510301,7510301,A01
fc970ed7-2123-4f5d-87d5-ca1b2deed5d2,DKK,7510301,7510301,C01
1278c6ef-671c-48cc-9403-5076aa3417db,DKK,7510301,7510301,D01
2df2fe13-9760-4f5d-96c8-4030a65b1ef2,DKK,7510302,7510302,A00
405a6be9-7179-4055-811e-d8252e24b008,DKK,7510302,7510302,A01
da5d23b5-e1ec-42c8-bd79-39b0de7ff852,DKK,7510302,7510302,C01
be9bdd06-aa4e-4695-b476-efb043320a19,DKK,7510302,7510302,D01
f0988a80-598c-438a-9e1d-e10fcc8b8037,DKK,7510303,7510303,A00
73ba00fe-8d47-49a0-accc-55022e5df49d,DKK,7510303,7510303,A01
d5256ad1-b3bf-4543-b650-cf5845866130,DKK,7510303,7510303,C01
3abe9e76-0f6a-405b-acaf-add70565ca3c,DKK,7510303,7510303,D01
b966f229-2c49-4fc8-a48f-3fa867edd74b,DKK,7540101,7540101,A00
0fea115d-f163-4f68-88d5-8c501bf4ed16,DKK,7540101,7540101,A01
2f28fed9-bed3-4c15-80c5-4758d61a7042,DKK,7540101,7540101,B00
7e4f4951-320d-4f6e-9fa6-c141dddf8279,DKK,7540101,7540101,D07
9ba89458-9511-428d-ab36-2ebfe8102bf2,DKK,7540202,7540202,A00
46014fde-1b46-46a2-977d-075a7dbb9b66,DKK,7540202,7540202,A01
1b24017b-332e-4f13-b646-2a5551085c87,DKK,7540202,7540202,C01
273e06ca-6948-459b-b6b0-22d989126508,DKK,7540202,7540202,D01
713eb2fa-a1a4-403e-ac42-ac1381954951,DKK,7540204,7540204,A00
a144a068-0354-4c5d-8534-1d7ae9e5481a,DKK,7540204,7540204,A01
bbab37cf-2731-4651-b563-86d8f5d8373e,DKK,7540204,7540204,C01
c2ebcc06-e927-4cb4-bbe3-94431d4e88c0,DKK,7540204,7540204,D01
bf12c869-d045-41e3-95f5-d8e75eab424d,DKK,7810103,7810103,A00
67bd4013-eaea-45ae-8195-554341e5e72d,DKK,7810103,7810103,A01
f2d2aa5d-85f8-4dc5-8b06-3b6048a5d229,DKK,7810103,7810103,C00
9afd5a4a-f574-43f4-9ada-78777b7fa0b7,DKK,7810103,7810103,D01
5e0061db-a95f-472f-8510-05c39e74107d,DKK,7340204,7340204,A00
7dbacec7-974d-4a64-93e9-c3c385f68ebd,DKK,7340204,7340204,A01
7c9e91d7-8146-4531-9276-313219802208,DKK,7340204,7340204,C01
f8801707-65aa-417b-b630-bf685e4402ba,DKK,7340204,7340204,D01
5a2b0f5f-9e89-489a-9ffe-320a591921f0,DKK,7460108,7460108,A00
9fda6f7e-fe87-4147-901b-ce65f56074fe,DKK,7460108,7460108,A01
8af0772b-1e20-4278-a43a-4986204e1816,DKK,7460108,7460108,C01
1d5241b3-7f66-4d2a-bc8a-1a9036f713ac,DKK,7460108,7460108,D01
c49d291b-9ff3-4e80-8c1b-a6fdd5bcfb0a,DKK,7220201DKD,7220201DKD,A01
ced8bcda-2c47-4c52-9c35-ffa30516e1ca,DKK,7220201DKD,7220201DKD,D01
f3a87b4c-0fe8-46a2-83f1-21c125b01554,DKK,7220201DKD,7220201DKD,D09
1bf34c18-eb8b-43e1-959e-78775fec1d69,DKK,7220201DKD,7220201DKD,D14
0a4ae825-37fe-4a21-aab1-3bfee7d54705,DKK,7220201DKK,7220201DKK,A01
c2a6220c-a9d1-463f-8521-9c5a983dc9b2,DKK,7220201DKK,7220201DKK,D01
59bd8a1c-4de6-4ef6-a75f-90f07ea83623,DKK,7220201DKK,7220201DKK,D09
94b4de3c-d06d-4895-ae5c-16d2cbd72804,DKK,7220201DKK,7220201DKK,D14
30746658-114f-4829-9ead-abe2858fe1b7,DKK,7340101DKD,7340101DKD,A00
ac31416d-8e80-495c-981f-7051a0438e4e,DKK,7340101DKD,7340101DKD,A01
2c20c94a-8289-4010-96d1-b01720e1c820,DKK,7340101DKD,7340101DKD,C01
c49757ec-0221-45b8-89d6-fcb3af1315c4,DKK,7340101DKD,7340101DKD,D01
160b2b24-d4c5-47ba-b090-fd39ea033b1e,DKK,7340101DKK,7340101DKK,A00
75ba02f7-244a-4c63-b877-c110d577133a,DKK,7340101DKK,7340101DKK,A01
5cb0c80b-60e7-4e75-81fa-a64d7121dad9,DKK,7340101DKK,7340101DKK,C01
79e4f1fd-7fd4-413c-82d2-a6c663e43be5,DKK,7340101DKK,7340101DKK,D01
8152a859-a598-4fa0-ae65-1e74bcad3aae,DKK,7340115DKD,7340115DKD,A00
dab8ccb9-a4cf-4239-8c22-bd73395182bd,DKK,7340115DKD,7340115DKD,A01
e2a161c6-d899-4bb1-8149-d294d8979152,DKK,7340115DKD,7340115DKD,C01
a9a7b35a-3804-4d01-a857-6f424b796323,DKK,7340115DKD,7340115DKD,D01
3fd425b5-0ef9-4db5-9ada-780fa53077ad,DKK,7340115DKK,7340115DKK,A00
3447d171-b422-4b76-8f05-cd4f894dc290,DKK,7340115DKK,7340115DKK,A01
ed8b4878-a64d-4489-804b-5bb7f553af90,DKK,7340115DKK,7340115DKK,C01
d6c5aafb-147b-469a-8238-8cb3daeca0cd,DKK,7340115DKK,7340115DKK,D01
5fcadfa5-d60e-4418-a064-493095b0c447,DKK,7340121DKD,7340121DKD,A00
06937180-5fea-4dd1-a244-3948c0ce6870,DKK,7340121DKD,7340121DKD,A01
b68184b7-67f6-474f-840a-1dc5ab2f5dea,DKK,7340121DKD,7340121DKD,C01
6582dabf-7e80-4263-bfcd-42040bc9166f,DKK,7340121DKD,7340121DKD,D01
153b491d-1b27-4c51-ab87-5d364f5c703b,DKK,7340121DKK,7340121DKK,A00
63251a2d-0103-4446-996b-b69c4fcaeb56,DKK,7340121DKK,7340121DKK,A01
3e55d118-7357-4c3f-8235-527cc6d6216d,DKK,7340121DKK,7340121DKK,C01
f99a63a7-1ce5-476f-b9af-b58437749240,DKK,7340121DKK,7340121DKK,D01
7c5cfb4e-bdf8-4121-82be-83b4eac90cb8,DKK,7340201DKD,7340201DKD,A00
0bf62df9-32ed-4976-b999-75df4c51259f,DKK,7340201DKD,7340201DKD,A01
e5d328f7-4fde-4c7e-8ea8-8eba7ffad55d,DKK,7340201DKD,7340201DKD,C01
44a07fd7-dfca-476f-aad9-6e5c5444342e,DKK,7340201DKD,7340201DKD,D01
bff06618-efc1-4298-8f23-06eb1d405de0,DKK,7340201DKK,7340201DKK,A00
4503c256-dd80-452d-bbe0-6a1654c1523a,DKK,7340201DKK,7340201DKK,A01
03c6b752-bf9e-4d60-bca0-2f7f160763e8,DKK,7340201DKK,7340201DKK,C01
82369ac4-4bab-4552-91a6-281fa5f39031,DKK,7340201DKK,7340201DKK,D01
30ca5af0-45c3-4d61-9e50-97f756312ceb,DKK,7340204DKD,7340204DKD,A00
048c1da1-ad01-4cbc-86e6-5e8a966b46c2,DKK,7340204DKD,7340204DKD,A01
fc2a5eb1-7ee2-42f9-a2c6-0c963453bc9f,DKK,7340204DKD,7340204DKD,C01
5c74b1ad-0815-4924-9758-79a228448a98,DKK,7340204DKD,7340204DKD,D01
40ce7a15-3001-41f4-b867-136c0a2a169b,DKK,7340204DKK,7340204DKK,A00
fcbf1064-d1b6-4ea0-b470-51f7fe6340c2,DKK,7340204DKK,7340204DKK,A01
627b15fa-0973-44b8-9e80-eeb97b77b280,DKK,7340204DKK,7340204DKK,C01
3d344069-06ea-428b-91bc-cb923fda8cf6,DKK,7340204DKK,7340204DKK,D01
79e2e8a6-c448-4130-bcb6-acc5e939becb,DKK,7340301DKD,7340301DKD,A00
a4a2b6a9-8730-4646-9555-291c549e7257,DKK,7340301DKD,7340301DKD,A01
bbfee1f2-ea10-4f62-a3a4-ccbe50bf6566,DKK,7340301DKD,7340301DKD,C01
bf7c0e6b-0e14-463b-9791-ad5ef0a14f63,DKK,7340301DKD,7340301DKD,D01
275dae59-c397-4886-a978-35716b822352,DKK,7340301DKK,7340301DKK,A00
14e78c66-2417-408b-80ae-2d9f721b8fef,DKK,7340301DKK,7340301DKK,A01
78945f76-5dcb-47d8-aa4b-b03890f77fec,DKK,7340301DKK,7340301DKK,C01
c0418208-c852-4fd4-9610-b6761a9dfed9,DKK,7340301DKK,7340301DKK,D01
88841450-3372-4a0e-90f8-cce0da2c0430,DKK,7340302DKK,7340302DKK,A00
2d8bbe43-59c9-4964-808c-d3b7ae634b5f,DKK,7340302DKK,7340302DKK,A01
422fdbdd-cc33-4b2f-ad4c-e7d2a64a4a23,DKK,7340302DKK,7340302DKK,C01
60d4091d-2477-4b10-865a-7e36b603302e,DKK,7340302DKK,7340302DKK,D01
ec94b28e-6fce-46eb-a8ac-e511fca5df91,DKK,7460108DKD,7460108DKD,A00
efa7ce3d-5f3a-4d56-880a-f13e21b70979,DKK,7460108DKD,7460108DKD,A01
ec5043de-8adf-4dca-a3f1-6476e98fab63,DKK,7460108DKD,7460108DKD,C01
c6cabe71-7b3d-44ba-8c95-40e343783133,DKK,7460108DKD,7460108DKD,D01
8689282c-1d3e-4835-b564-ccbd1b26700c,DKK,7460108DKK,7460108DKK,A00
778eadfc-ac81-4b54-b266-9be5fe2cee9b,DKK,7460108DKK,7460108DKK,A01
7c3cb553-2f09-43a8-9e1f-506229c14e0c,DKK,7460108DKK,7460108DKK,C01
7ff40244-4488-4576-be40-9cb4e33305b6,DKK,7460108DKK,7460108DKK,D01
331d7dc1-2e21-42d0-8c98-0245e4b2a7dd,DKK,7480102DKD,7480102DKD,A00
c169e5a2-bd48-4753-ae8a-38e9bcfb3c3a,DKK,7480102DKD,7480102DKD,A01
84364e29-8570-4673-aa71-d1dba38131d0,DKK,7480102DKD,7480102DKD,C01
ab808627-5b14-42e7-b3ab-7de187d4dff5,DKK,7480102DKD,7480102DKD,D01
7052f3af-7bf7-4b18-8662-168fbf1ef340,DKK,7480102DKK,7480102DKK,A00
378e727a-d4f5-4874-8bda-09adfc8f013d,DKK,7480102DKK,7480102DKK,A01
4a98bda0-2711-42a1-9220-33e081efe4f9,DKK,7480102DKK,7480102DKK,C01
3bfa6c83-b9ed-4021-a884-c19f8a2b5623,DKK,7480102DKK,7480102DKK,D01
ee73d1c8-a53f-43fe-8537-11394253ded6,DKK,7480108DKD,7480108DKD,A00
438500e6-b815-4e9e-aaf3-955188d406be,DKK,7480108DKD,7480108DKD,A01
91edecdb-3d5c-448f-a846-e69b390efe68,DKK,7480108DKD,7480108DKD,C01
f9efbc13-8dcd-4f07-a30f-2e2f620e220f,DKK,7480108DKD,7480108DKD,D01
178cbf8f-7689-470f-86d2-d005dd735b11,DKK,7480108DKK,7480108DKK,A00
a9111d18-d170-4360-ba5e-85be4e2c0eb6,DKK,7480108DKK,7480108DKK,A01
1e0280bd-d55b-4e0e-bdcd-9efea5d2b06a,DKK,7480108DKK,7480108DKK,C01
82ae5656-e9bf-4016-af11-5b733f5f4d91,DKK,7480108DKK,7480108DKK,D01
ad7e96aa-5c5c-45ea-97b9-f529470c975c,DKK,7480201DKD,7480201DKD,A00
11f85e73-314a-4db5-b652-f37d650e945d,DKK,7480201DKD,7480201DKD,A01
f555a84f-6a55-44fd-b915-7858b568aad2,DKK,7480201DKD,7480201DKD,C01
531d41bf-6763-4ed2-a7b0-acaba9c1656e,DKK,7480201DKD,7480201DKD,D01
c48a784a-164e-43eb-ad67-c7220b15cf88,DKK,7480201DKK,7480201DKK,A00
676b6de8-699f-4879-83e4-8e70713539a2,DKK,7480201DKK,7480201DKK,A01
33e968df-7991-421e-a4a9-d4f561f09f89,DKK,7480201DKK,7480201DKK,C01
a382129a-edb1-439f-9760-ccec280ff056,DKK,7480201DKK,7480201DKK,D01
9241130e-fa22-45db-8ac9-c36081970bc7,DKK,7510201DKD,7510201DKD,A00
d3f3d5e5-752f-449e-8bad-d12dcc2a6f31,DKK,7510201DKD,7510201DKD,A01
fde648fb-4af9-489e-a809-901e1d5397ce,DKK,7510201DKD,7510201DKD,C01
48e791dc-b9a7-4aa7-9503-80c7b232dec9,DKK,7510201DKD,7510201DKD,D01
16d2ca98-443a-41fd-bd7c-0c831a3086ae,DKK,7510201DKK,7510201DKK,A00
47864630-3cef-47bc-821b-8f3ce6fd9fee,DKK,7510201DKK,7510201DKK,A01
87be71f4-0ca8-4555-87f4-77dc1f11f595,DKK,7510201DKK,7510201DKK,C01
f6c8255c-c354-4312-a866-c8f0e7d9e55e,DKK,7510201DKK,7510201DKK,D01
dc8669be-1f7a-4227-8dc9-89382bfd7e30,DKK,7510203DKD,7510203DKD,A00
0da1cc08-c56f-40be-af65-6c31a92b0ef1,DKK,7510203DKD,7510203DKD,A01
728380f0-0219-4d5b-9fe5-3125b8054dc2,DKK,7510203DKD,7510203DKD,C01
a4552c0d-fb73-40a0-94fe-0048f5def71c,DKK,7510203DKD,7510203DKD,D01
e000b512-b561-463e-859e-d01fc237ab9b,DKK,7510203DKK,7510203DKK,A00
0dc6e009-3009-4e33-9fca-c2c9e1ff0098,DKK,7510203DKK,7510203DKK,A01
26b875d1-eca6-42b2-82ed-2ac8d5d0f206,DKK,7510203DKK,7510203DKK,C01
e6179d91-9486-4c82-b4ec-42425fee4107,DKK,7510203DKK,7510203DKK,D01
c4ef45b8-dbed-48c3-a3bc-99653663f444,DKK,7510205DKD,7510205DKD,A00
c7ff6f99-5390-4cb3-82ce-ba432b95e87b,DKK,7510205DKD,7510205DKD,A01
6e191db4-e89d-4aa7-a447-083c7d2ad1f5,DKK,7510205DKD,7510205DKD,C01
5edb3c4f-8f1a-419b-9250-be3c48569c3e,DKK,7510205DKD,7510205DKD,D01
6ce7459b-6b86-4586-a9a1-4e98e4e79c3f,DKK,7510205DKK,7510205DKK,A00
c8129772-03cf-4b61-b9f6-df6b8d8b1175,DKK,7510205DKK,7510205DKK,A01
1abe8d82-b914-4b4f-8e70-502b86c05adb,DKK,7510205DKK,7510205DKK,C01
8b6ff9db-7f66-4410-842d-cd446991bda3,DKK,7510205DKK,7510205DKK,D01
3dbc9219-201b-4c40-9000-b38f5c6611f3,DKK,7510301DKD,7510301DKD,A00
664f6ecb-ef32-4bf6-831b-4c240689d1fb,DKK,7510301DKD,7510301DKD,A01
81a7d544-9095-4693-8d1b-7c8a4e7c5473,DKK,7510301DKD,7510301DKD,C01
08d04924-ddba-4004-994d-770e855c4ff3,DKK,7510301DKD,7510301DKD,D01
1f971b09-35c2-4b7d-bb28-bdf5fdf53de2,DKK,7510301DKK,7510301DKK,A00
5f0fe3f2-5337-4572-b1e7-f5ccf7dec135,DKK,7510301DKK,7510301DKK,A01
2bba21da-fab1-4dfb-9ac6-e458694d1056,DKK,7510301DKK,7510301DKK,C01
2a9325fe-ff43-41b6-86a0-96e9b19f4a69,DKK,7510301DKK,7510301DKK,D01
7817eb55-9abf-414c-b8c6-5d9e1d890611,DKK,7510302DKD,7510302DKD,A00
c619e6dd-7aa6-479e-8d61-393787ff5951,DKK,7510302DKD,7510302DKD,A01
1f947a21-dfe3-49e1-9c8f-45d262f28f91,DKK,7510302DKD,7510302DKD,C01
10835855-5a1c-402c-bdc5-c2e06392e92a,DKK,7510302DKD,7510302DKD,D01
178d116e-ad23-4580-87f0-ec673bc21791,DKK,7510302DKK,7510302DKK,A00
136e9125-396f-4377-bd31-96aceb0f9aa0,DKK,7510302DKK,7510302DKK,A01
4bfc0056-d102-4fdb-9ea4-e65904f4ddc8,DKK,7510302DKK,7510302DKK,C01
fa4fd1a0-9da2-4de8-a825-d337054e5e3e,DKK,7510302DKK,7510302DKK,D01
24bd364d-4ba6-43d2-b570-ee5b52ca1a07,DKK,7510303DKD,7510303DKD,A00
7d29c68c-70b9-4b58-a1a2-6f2dd6a7b0bc,DKK,7510303DKD,7510303DKD,A01
a44e13f7-99bd-4513-a0b0-6382f809af9c,DKK,7510303DKD,7510303DKD,C01
386b16c9-9c56-48ff-b158-594e82abbe5d,DKK,7510303DKD,7510303DKD,D01
15508989-d087-4143-9bf0-2e1e1811736e,DKK,7510303DKK,7510303DKK,A00
c364f00a-dfb2-493f-bbd4-6bcae04fc3ce,DKK,7510303DKK,7510303DKK,A01
1c17b673-d7b0-4e1a-b9b7-319fb672a03c,DKK,7510303DKK,7510303DKK,C01
151a8799-737a-4c10-9b67-07cd81bef60d,DKK,7510303DKK,7510303DKK,D01
feeaa233-db4f-47a1-845a-3f9bb7c8997c,DKK,7510605DKD,7510605DKD,A00
499c7edc-7683-412c-a733-dc988e26fa8a,DKK,7510605DKD,7510605DKD,A01
ac67298c-a1a9-4b26-83b1-dc78034e5c81,DKK,7510605DKD,7510605DKD,C01
a181938c-5003-4e3b-bc50-29d1b340d852,DKK,7510605DKD,7510605DKD,D01
4669e898-7735-47ab-8351-5a0fa0b798b1,DKK,7510605DKK,7510605DKK,A00
7e1628de-8cfc-405a-80ba-63299521ca93,DKK,7510605DKK,7510605DKK,A01
dbcb2191-4c22-41fe-9238-eaf679e5f85a,DKK,7510605DKK,7510605DKK,C01
662c0dec-2741-429a-86a7-4847152c0b81,DKK,7510605DKK,7510605DKK,D01
7b18bbd6-741d-48af-bad6-df7f95f4a929,DKK,7540101DKD,7540101DKD,A00
c6e350ec-3964-42b4-abfa-b62ded666345,DKK,7540101DKD,7540101DKD,A01
13c52600-bb9b-464e-86f8-19d5c0c6d644,DKK,7540101DKD,7540101DKD,B00
4ae80780-4491-4b38-abc1-f6f22029acc4,DKK,7540101DKD,7540101DKD,D07
4cf0b3d6-54c5-4b36-9107-9d1344787527,DKK,7540101DKK,7540101DKK,A00
be66fd21-784f-4054-90e1-9ef91f3b43b4,DKK,7540101DKK,7540101DKK,A01
517e5a16-4d86-45d1-8d0e-cbc8acb24ab9,DKK,7540101DKK,7540101DKK,B00
9b9d4176-d117-45a9-b23a-2c0700da9a09,DKK,7540101DKK,7540101DKK,D07
3230d2d7-8cf0-4699-9dcd-3c9ae79bd7de,DKK,7540202DKD,7540202DKD,A00
93401e60-6ba8-45b5-968e-abf1747dbc70,DKK,7540202DKD,7540202DKD,A01
0f3f1d04-83ae-4d98-8a35-2292fc7cf050,DKK,7540202DKD,7540202DKD,C01
043eddf3-9eaa-484b-b5c2-f2c05ca82687,DKK,7540202DKD,7540202DKD,D01
2a752776-675f-4000-8bd8-c52ecf06b8f0,DKK,7540202DKK,7540202DKK,A00
143bff65-f703-4278-b674-221ce20ffc8e,DKK,7540202DKK,7540202DKK,A01
8590f173-7940-4f69-a474-78bd03feacc6,DKK,7540202DKK,7540202DKK,C01
6528fa43-25d9-4789-8d86-a3d115201423,DKK,7540202DKK,7540202DKK,D01
cc2abfe1-9d65-4897-803c-919e726df62d,DKK,7540204DKD,7540204DKD,A00
782d31af-a68f-452d-81c4-bd1485ce75b1,DKK,7540204DKD,7540204DKD,A01
e69da050-998d-411b-8308-d1e8f4c20483,DKK,7540204DKD,7540204DKD,C01
d83b17b8-db7d-4740-b562-313def65dea0,DKK,7540204DKD,7540204DKD,D01
18e1a7c6-e66b-4719-8aec-b197f07091ab,DKK,7540204DKK,7540204DKK,A00
6b1a3d4e-411f-4fe1-a00d-31e936906d3d,DKK,7540204DKK,7540204DKK,A01
fce121af-931c-4092-beed-62f1a91ad445,DKK,7540204DKK,7540204DKK,C01
86d56b20-d735-4e9e-928d-ff9943bf2686,DKK,7540204DKK,7540204DKK,D01
6d46269e-eeb4-4328-9e88-2e2494292883,DKK,7810103DKD,7810103DKD,A00
b43adffe-eb84-4f37-b3ac-b55418c29b74,DKK,7810103DKD,7810103DKD,A01
d690582e-a06a-42b3-9f58-bb186bb3baa8,DKK,7810103DKD,7810103DKD,C00
34052b4e-2ba6-4e0c-b649-12ad5c513b09,DKK,7810103DKD,7810103DKD,D01
9301a380-d5bb-4f62-9242-a126acb3242d,DKK,7810103DKK,7810103DKK,A00
b5a2d04a-fec7-435a-8d2c-ce3a042b3346,DKK,7810103DKK,7810103DKK,A01
941ec3ca-23b9-479b-a705-7d75e6129356,DKK,7810103DKK,7810103DKK,C00
77bfd2cc-4580-4de9-8a9e-1bbdb95bb6a2,DKK,7810103DKK,7810103DKK,D01
535328b6-3b15-432a-98ec-95e9fe0f2f12,DKK,7810201DKK,7810201DKK,A00
15402625-d936-4281-a056-467bd5416c8d,DKK,7810201DKK,7810201DKK,A01
a1772a0e-8e9e-4fc0-b4fe-d50b7bbbf535,DKK,7810201DKK,7810201DKK,C00
5b8cab06-2ecc-4bfb-b49f-432e2531bdfd,DKK,7810201DKK,7810201DKK,D01
b274845b-ae27-4c4b-b0f7-10546a3f618e,DKK,7340302DKD,7340302DKD,A00
67d0f308-3aef-41eb-b390-3f8d586b4613,DKK,7340302DKD,7340302DKD,A01
94d6aa1e-6536-488c-b4bd-a2f9e6e975c5,DKK,7340302DKD,7340302DKD,C01
c446b1a6-4af4-414f-9278-53089a23e6f3,DKK,7340302DKD,7340302DKD,D01
c3e2bd58-829f-498e-924a-16cb60272ded,DKK,7810103DKD,7810103DKD,C01
fc55a7fe-1c86-4d9e-a3fb-d19bc9449a83,DKK,7810103DKK,7810103DKK,C01
25359990-3c5d-4f5a-83ab-135f8fe4eb42,DKK,7810201DKD,7810201DKD,A00
4094cc07-7ae9-47f8-8478-dd2c17b10244,DKK,7810201DKD,7810201DKD,A01
2cacceaa-9586-4847-bd99-22604d0941af,DKK,7810201DKD,7810201DKD,C01
27e0cbfa-60ed-479e-9b62-ebc8e2a3c4de,DKK,7810201DKD,7810201DKD,D01
9df90865-1e66-47d1-aa71-b99cbfbcc4d7,DKK,7810201DKK,7810201DKK,C01
0e7c3c95-abfe-4271-8d46-b84c3c5befb1,DKK,7220201DKD,7220201DKD,D07
af0a26cf-9970-46dd-96a8-e45b5823a07d,DKK,7220201DKD,7220201DKD,D10
7d90ad71-5d8f-4086-b742-ccf5867547f2,DKK,7220201DKD,7220201DKD,D11
8a08894e-690d-4b0a-97ce-263f54aa68f2,DKK,7220201DKD,7220201DKD,D15
0336538d-a91b-4e49-a1e1-024ea2da3d9c,DKK,7220201DKD,7220201DKD,X25
a557593c-6581-4209-acf9-a5cdd15b9fbe,DKK,7220201DKD,7220201DKD,X26
2250f907-12d3-4de5-b164-132c2891094d,DKK,7220201DKD,7220201DKD,X27
b6b11f00-0d20-4699-8ce6-7e521d08d85c,DKK,7220201DKD,7220201DKD,X78
4e155a27-937b-40a0-8780-3dadadef577c,DKK,7220201DKK,7220201DKK,D07
edc585ad-2f55-46f0-940a-b87da4360a7a,DKK,7220201DKK,7220201DKK,D10
01befe16-4e59-4b83-bbba-73fce8bd2aab,DKK,7220201DKK,7220201DKK,D11
c94044dd-753c-4f03-810b-3600c36b775b,DKK,7220201DKK,7220201DKK,D15
aa2c97a8-33fe-4d7e-bf8b-5ada1daa250a,DKK,7220201DKK,7220201DKK,X25
d1c809e8-b67f-40c1-b876-0ee81df12b2a,DKK,7220201DKK,7220201DKK,X26
1839c6f7-05f5-4704-b480-340098002c02,DKK,7220201DKK,7220201DKK,X27
b1e5d834-debc-4833-8ddf-70f99e84bcdb,DKK,7220201DKK,7220201DKK,X78
d2a0787a-fa8e-46a0-8df4-d3aa1dbe93da,DKK,7340101DKD,7340101DKD,A03
51a87432-0130-4cbc-9931-a8b3931abfcf,DKK,7340101DKD,7340101DKD,A04
c437145e-c675-4108-9a4f-91ad2060e5a3,DKK,7340101DKD,7340101DKD,C03
8b9f5b82-8469-406c-aeba-38b7cf40fb9d,DKK,7340101DKD,7340101DKD,C04
1cc7304e-f23f-4250-9dda-0838a9c463ac,DKK,7340101DKD,7340101DKD,D07
b38507c6-5ae6-444f-8f23-ef273d448d54,DKK,7340101DKD,7340101DKD,D09
5b426385-0866-4ed4-9397-1dd19af1bcf2,DKK,7340101DKD,7340101DKD,D10
3230a393-af48-4f0c-b0dd-e8b66530a2ad,DKK,7340101DKD,7340101DKD,X01
ee4c258b-49d5-4673-b3a1-817901a7ad9b,DKK,7340101DKD,7340101DKD,X02
a487104b-4685-4fd1-afee-e92d22ac12c4,DKK,7340101DKD,7340101DKD,X03
7029953f-9055-4d72-bb39-1b96554e661d,DKK,7340101DKD,7340101DKD,X05
d3454582-5fb5-4a8d-80d7-09a895e89810,DKK,7340101DKD,7340101DKD,X06
cbf64012-e717-4cf7-88be-df73a56610da,DKK,7340101DKD,7340101DKD,X07
c6e80b51-52de-40ec-8b34-a88481f7e7a4,DKK,7340101DKD,7340101DKD,X25
948fb8e8-91d3-4b7a-919b-2e7d0260bf66,DKK,7340101DKD,7340101DKD,X26
71fd44cd-dbac-4e16-96e5-2fb3362be29f,DKK,7340101DKD,7340101DKD,X27
cd835870-1b8f-48d1-9894-6f43fbe25151,DKK,7340101DKK,7340101DKK,A03
4ca685e7-668f-4062-ae09-621585808bf8,DKK,7340101DKK,7340101DKK,A04
5d6557be-1f7e-4db6-acfc-215ac26b612d,DKK,7340101DKK,7340101DKK,C03
f846593a-bf9d-43ff-ad38-e080c17493f1,DKK,7340101DKK,7340101DKK,C04
721d8159-6e3e-43d0-a9c1-2911907f46a4,DKK,7340101DKK,7340101DKK,D07
9a27ce32-b641-4e29-9f19-3fbcc28d59f9,DKK,7340101DKK,7340101DKK,D09
b7646a42-6579-4df7-b768-94b58d45d3cc,DKK,7340101DKK,7340101DKK,D10
d0346c2b-5f00-491a-b9e4-ffc6cda5f2ac,DKK,7340101DKK,7340101DKK,X01
3256248d-0816-413b-9d3d-7d65ed072de2,DKK,7340101DKK,7340101DKK,X02
02d566ca-596f-4ef7-b666-7185a679dc02,DKK,7340101DKK,7340101DKK,X03
6b297507-f7bd-4b6d-be5b-1132d74383a4,DKK,7340101DKK,7340101DKK,X05
8fbb8ba5-220d-46ff-b1f1-9e9128a2f960,DKK,7340101DKK,7340101DKK,X06
5742c8ca-2389-40b7-bb59-f761eb92e30b,DKK,7340101DKK,7340101DKK,X07
f355d5f1-f2a8-4fb6-8d17-8e41342e9c16,DKK,7340101DKK,7340101DKK,X25
df757323-d0a4-408d-acdb-3b3afcf01fa2,DKK,7340101DKK,7340101DKK,X26
0b7a84dd-5fb5-4560-a6bc-6224fe2c2b12,DKK,7340101DKK,7340101DKK,X27
b907601b-53ac-40a5-a1fa-5b1ec22986bc,DKK,7340115DKD,7340115DKD,A03
34dbef3c-b85e-4c69-953f-5c0e07674f07,DKK,7340115DKD,7340115DKD,A04
d5d4d7d5-c4dd-403c-8abd-8e56e155380c,DKK,7340115DKD,7340115DKD,C03
8ee84f5d-76f3-4606-8a2d-e052755d09da,DKK,7340115DKD,7340115DKD,C04
01a37b3a-e538-4236-8b19-1e7994a8d938,DKK,7340115DKD,7340115DKD,D07
915996b9-617f-44d5-8725-c44519f882ce,DKK,7340115DKD,7340115DKD,D09
0428f5d8-f15e-4258-b053-d92784f92006,DKK,7340115DKD,7340115DKD,D10
a3a489ea-3d4c-4e8e-b63b-33140a9b58b1,DKK,7340115DKD,7340115DKD,X01
8683dd19-6502-424b-a995-6702436b6f50,DKK,7340115DKD,7340115DKD,X02
4c520d20-dae8-42a0-b057-31e63a306d23,DKK,7340115DKD,7340115DKD,X03
9f212b44-e40e-445b-ae88-90d7192f148d,DKK,7340115DKD,7340115DKD,X05
5345106f-1afe-4238-8b37-d1b879b5ae03,DKK,7340115DKD,7340115DKD,X06
c0599ccf-0eef-4354-82a8-00c00f3d13f8,DKK,7340115DKD,7340115DKD,X07
624f4168-ccce-40b7-8a68-da482581b398,DKK,7340115DKD,7340115DKD,X25
bdf0cef2-c478-4ba6-8cf0-dfded1eda145,DKK,7340115DKD,7340115DKD,X26
8a43fe6c-1d88-4671-85ff-1a03634692e4,DKK,7340115DKD,7340115DKD,X27
6943f224-3a7c-4ffe-9f79-e97fde106a63,DKK,7340115DKK,7340115DKK,A03
8846e811-9cfa-4ced-b92e-231c63c95495,DKK,7340115DKK,7340115DKK,A04
eacc15e2-c4a8-486e-9290-d45a68ed90ed,DKK,7340115DKK,7340115DKK,C03
795f8132-e5de-424b-bca8-24a747940b86,DKK,7340115DKK,7340115DKK,C04
6d295388-1599-4ffa-9825-abfc186f9598,DKK,7340115DKK,7340115DKK,D07
1cbf20bc-96fb-43d5-ad9c-c1c79a6a3157,DKK,7340115DKK,7340115DKK,D09
15960257-cb52-4517-bf9d-abb739e67923,DKK,7340115DKK,7340115DKK,D10
0bd61307-6da0-4681-9a8a-f579cc5f2b66,DKK,7340115DKK,7340115DKK,X01
74c2ad57-1c76-4109-bafd-0d021ddf86cd,DKK,7340115DKK,7340115DKK,X02
07a8732f-537c-41c3-9304-f5aad54b3623,DKK,7340115DKK,7340115DKK,X03
d4dadb43-cca7-41c1-a6d1-4f91b6cc035e,DKK,7340115DKK,7340115DKK,X05
8aa4251f-ed38-400e-91a2-13d1bbe00f95,DKK,7340115DKK,7340115DKK,X06
cef88afc-6d71-4144-adbc-8a8782f8ff14,DKK,7340115DKK,7340115DKK,X07
f4db2b82-7725-415e-b2be-b04bf9be911b,DKK,7340115DKK,7340115DKK,X25
9c7f2a9d-6865-4eb7-8b68-5f01e7acc0c1,DKK,7340115DKK,7340115DKK,X26
0475e23f-7bf2-40f2-b956-010b97972bf6,DKK,7340115DKK,7340115DKK,X27
dc553f4e-b578-4e6d-b164-ec839aba6408,DKK,7340121DKD,7340121DKD,A03
360eaffa-3983-4491-ae91-a9d42c68e4db,DKK,7340121DKD,7340121DKD,A04
05158bf4-24cc-42f0-b880-b719a56a7dd4,DKK,7340121DKD,7340121DKD,C03
413c6e7b-4f04-42da-a7df-6cb62fab1f3c,DKK,7340121DKD,7340121DKD,C04
53e425ee-11d4-4e8c-b445-967b159312c6,DKK,7340121DKD,7340121DKD,D07
ffb12f31-f2e6-4508-900c-c3b4bf6cd4ce,DKK,7340121DKD,7340121DKD,D09
fbc1630c-327e-4aba-9f81-c9df192c5756,DKK,7340121DKD,7340121DKD,D10
6f8e5103-7897-41b2-a24a-5c17e0439a3b,DKK,7340121DKD,7340121DKD,X01
46b28446-6734-4542-b4a8-4c870a8169b8,DKK,7340121DKD,7340121DKD,X02
2f5aaabf-97a8-47ed-a2cc-6281e0657dc4,DKK,7340121DKD,7340121DKD,X03
00833e78-a5b7-4b94-b5bc-6fbeec55fb3c,DKK,7340121DKD,7340121DKD,X05
75644876-b9b7-4c42-8c42-9549e05be8bb,DKK,7340121DKD,7340121DKD,X06
1c1272c0-ea4b-4327-a43e-ca8f27887003,DKK,7340121DKD,7340121DKD,X07
67c8037c-6e93-4aa9-9b7d-2cbed4bdbd01,DKK,7340121DKD,7340121DKD,X25
f14f5192-bd6f-4c1b-9950-73e118262eca,DKK,7340121DKD,7340121DKD,X26
16549f84-a27b-4575-adb0-cfc93dde7e71,DKK,7340121DKD,7340121DKD,X27
c1403911-41c7-4a47-98a9-06751872d2a6,DKK,7340121DKK,7340121DKK,A03
da85a216-ab45-4ac3-8f74-e64c58985aab,DKK,7340121DKK,7340121DKK,A04
7c38940f-1a00-4c19-bebe-cafa0b965273,DKK,7340121DKK,7340121DKK,C03
42260f57-d29c-4f52-95ab-f94df6874df0,DKK,7340121DKK,7340121DKK,C04
0c05ac43-3103-47c4-9683-4224519beee5,DKK,7340121DKK,7340121DKK,D07
75e72023-acc1-40a2-b9ed-c8ca87b758b5,DKK,7340121DKK,7340121DKK,D09
1c47bea8-dcb8-4cec-a76f-c75795afd0d9,DKK,7340121DKK,7340121DKK,D10
c76187c5-a53a-4400-9d45-941c4955913c,DKK,7340121DKK,7340121DKK,X01
2e282645-c512-49ad-9ed2-b138493e51d8,DKK,7340121DKK,7340121DKK,X02
4c225f92-5188-4183-bbee-f57ad38bfa5f,DKK,7340121DKK,7340121DKK,X03
d65dd1dd-c4ff-4332-afa8-bf2927071ca9,DKK,7340121DKK,7340121DKK,X05
1edd5748-e62a-41a5-8883-dacccd5d5db5,DKK,7340121DKK,7340121DKK,X06
1f72169a-5edd-438b-b588-32e6a2921fe8,DKK,7340121DKK,7340121DKK,X07
5b34fa01-5240-4cf7-bd3f-4f519b46181b,DKK,7340121DKK,7340121DKK,X25
9050c7a9-7deb-408f-bdba-0adb71bbab05,DKK,7340121DKK,7340121DKK,X26
008d2e80-e2fd-407e-9689-689475161d71,DKK,7340121DKK,7340121DKK,X27
cf1aadbe-1e38-4d90-abb4-7b568aeb3b63,DKK,7340201DKD,7340201DKD,A03
10f36787-5ca0-4a95-9934-5e1ce0b562a7,DKK,7340201DKD,7340201DKD,A04
786e53ee-47f8-4cc1-8056-9f0a2b76c10b,DKK,7340201DKD,7340201DKD,C03
911bcc85-3b2b-4603-bd7a-c1f2c4170741,DKK,7340201DKD,7340201DKD,C04
ee781707-9342-4814-9757-07774388462a,DKK,7340201DKD,7340201DKD,D07
dd2a511c-937d-472e-bbe3-cc27f458f378,DKK,7340201DKD,7340201DKD,D09
fb459b7b-2935-477b-907c-592cad79a5b4,DKK,7340201DKD,7340201DKD,D10
3751f486-8d98-4c00-a9b9-64d55cfbb552,DKK,7340201DKD,7340201DKD,X01
d488cd60-282a-4f80-b443-811b71af4606,DKK,7340201DKD,7340201DKD,X02
9e3637b1-65ce-433e-8b25-97f1c99a35b6,DKK,7340201DKD,7340201DKD,X03
484a61b9-fe2e-45ad-9ff0-7ad006dfea53,DKK,7340201DKD,7340201DKD,X05
3744aecb-bed9-4ff4-9c56-28be1b16c099,DKK,7340201DKD,7340201DKD,X06
2e486381-a5cd-44f0-9af7-a7abf126eb33,DKK,7340201DKD,7340201DKD,X07
bb769513-1747-4d5a-9171-8da8d3520d2e,DKK,7340201DKD,7340201DKD,X25
b958169a-70f2-4e71-b82c-fe83af3987d4,DKK,7340201DKD,7340201DKD,X26
e9856aa6-2a06-4be1-bf46-7ac89a2917e4,DKK,7340201DKD,7340201DKD,X27
4460b647-4e13-4fa4-ae6c-9c62c355394b,DKK,7340201DKK,7340201DKK,A03
5417cf42-b719-42a9-a64c-08f96429a3c1,DKK,7340201DKK,7340201DKK,A04
462f6c0f-7162-4326-8e8f-2b8ccda375f8,DKK,7340201DKK,7340201DKK,C03
806d9a31-0f3f-4583-b88e-47d21c0c20b6,DKK,7340201DKK,7340201DKK,C04
a2a5d8f4-88ad-4352-9a5c-0955c11d8bd9,DKK,7340201DKK,7340201DKK,D07
9cc70352-36f5-49d5-bee0-4ad4cccf7d57,DKK,7340201DKK,7340201DKK,D09
ca6ce56b-0929-4166-8c29-323dceba33cc,DKK,7340201DKK,7340201DKK,D10
cd9b4b98-dc0b-45e4-a3be-7070f3c4c79a,DKK,7340201DKK,7340201DKK,X01
18bbb1a7-494e-4ef0-a873-357b00680a20,DKK,7340201DKK,7340201DKK,X02
e5db9e6b-eaed-4560-81b4-94383cdd2615,DKK,7340201DKK,7340201DKK,X03
5e8337d5-e757-4126-9bd0-fd0c1d01290b,DKK,7340201DKK,7340201DKK,X05
675bacd0-5f18-4ab4-8c42-0109643f22c1,DKK,7340201DKK,7340201DKK,X06
de7ea2c0-64a2-4c51-a27c-f4efe58d5794,DKK,7340201DKK,7340201DKK,X07
6316ee32-f3bc-448b-9c30-424d1ac16901,DKK,7340201DKK,7340201DKK,X25
1e9a5664-7124-4fcd-a130-ed99c7b0fcbd,DKK,7340201DKK,7340201DKK,X26
55c986d7-733a-4f8e-83ae-8633aeaad950,DKK,7340201DKK,7340201DKK,X27
f1e4adc5-6cad-4649-9cce-98ec6eae627d,DKK,7340204DKD,7340204DKD,A03
f40cd898-160f-4137-8dc9-4641b1f60dfa,DKK,7340204DKD,7340204DKD,A04
c6ac8daf-9c1b-499a-a7fc-b7c96a79e05a,DKK,7340204DKD,7340204DKD,C03
4dd10319-e030-459b-944a-1452865a6f92,DKK,7340204DKD,7340204DKD,C04
5643032d-e760-4d45-9751-4f7a4062e522,DKK,7340204DKD,7340204DKD,D07
f11c1253-8bf1-42d2-b549-45ddace56bfc,DKK,7340204DKD,7340204DKD,D09
16a005ed-3fb9-4112-b026-2ebeea45e458,DKK,7340204DKD,7340204DKD,D10
cc16db27-f875-42c7-ac7a-bff520204438,DKK,7340204DKD,7340204DKD,X01
39b0f02a-1ca4-4c49-adf4-733ef91132fc,DKK,7340204DKD,7340204DKD,X02
0aea3c8c-3647-40f7-a55f-2cf337e2ae23,DKK,7340204DKD,7340204DKD,X03
01c827ae-fd37-4531-9f0b-711a73d7ecd7,DKK,7340204DKD,7340204DKD,X05
57e07859-3920-402f-8dd9-857e9c4cbc4e,DKK,7340204DKD,7340204DKD,X06
7eb38173-e5f2-48dd-9aec-2ec882da159f,DKK,7340204DKD,7340204DKD,X07
8fc5da31-2cd7-4711-96dd-ecf95d9e45d9,DKK,7340204DKD,7340204DKD,X25
a81de557-810f-400d-901c-9db4ac9a556d,DKK,7340204DKD,7340204DKD,X26
7e6c1ddf-801d-474f-9caa-bcecfd8d2cba,DKK,7340204DKD,7340204DKD,X27
82555e67-4f0f-4dd0-9052-b4bc640c3162,DKK,7340204DKK,7340204DKK,A03
e09aaf7b-04a0-46a9-bc13-58737c8d1229,DKK,7340204DKK,7340204DKK,A04
93b9c5c5-2bc5-4e63-be6b-1657fb50f66c,DKK,7340204DKK,7340204DKK,C03
48e97c7e-8d3a-490b-9992-9643c0024c6d,DKK,7340204DKK,7340204DKK,C04
d367068a-93e4-479f-b6c1-56243179a7bf,DKK,7340204DKK,7340204DKK,D07
e02c5d30-40f6-42dd-b419-dd5173804a06,DKK,7340204DKK,7340204DKK,D09
7dfa5a4d-1160-48ca-ba61-df3de34d074e,DKK,7340204DKK,7340204DKK,D10
cfe4e2a9-afcd-42a5-be0e-486da2f6db14,DKK,7340204DKK,7340204DKK,X01
3f91a557-cdce-41d1-9c61-dae4b00a9a34,DKK,7340204DKK,7340204DKK,X02
5f111efc-51da-41c3-a79b-30650d241479,DKK,7340204DKK,7340204DKK,X03
b646d967-feb9-4fc4-84bf-e187199ca8db,DKK,7340204DKK,7340204DKK,X05
0b1d6127-eeab-4cc8-b09a-24e9184f85bd,DKK,7340204DKK,7340204DKK,X06
4119590f-d0d9-401a-a11f-45585cf0a359,DKK,7340204DKK,7340204DKK,X07
9e571c9c-c412-4def-82e5-2aa40a972ab1,DKK,7340204DKK,7340204DKK,X25
02508fbc-a7f7-4668-883d-4e590fb38d86,DKK,7340204DKK,7340204DKK,X26
506f297f-47ed-4d12-b155-ab52df199c07,DKK,7340204DKK,7340204DKK,X27
9d6d5997-5c97-49d6-a1d0-bf185e70b8e4,DKK,7340301DKD,7340301DKD,A03
deb7a0eb-526f-40f7-b7c7-9b97c3ee3df6,DKK,7340301DKD,7340301DKD,A04
de34cdfa-3576-4739-af9e-e86b49eee203,DKK,7340301DKD,7340301DKD,C03
39786acc-c996-4181-b944-c3c9e235c30c,DKK,7340301DKD,7340301DKD,C04
9bedba61-aa7c-42f5-bbe7-ff436c34a90e,DKK,7340301DKD,7340301DKD,D07
fe3c90f4-9f7a-4c73-9cca-a22b35f9bec5,DKK,7340301DKD,7340301DKD,D09
0dbdf7f7-5f15-4a61-b2ba-0cc612e500ea,DKK,7340301DKD,7340301DKD,D10
52073055-d4d9-4033-8890-0112a3ed9b74,DKK,7340301DKD,7340301DKD,X01
a7dd3f02-2dff-41d9-916f-a0431674844e,DKK,7340301DKD,7340301DKD,X02
d766f7bc-3a67-406f-b22a-7348c69f67ae,DKK,7340301DKD,7340301DKD,X03
60e93b74-92af-44b4-bdbb-ea665e31a9fe,DKK,7340301DKD,7340301DKD,X05
dd684a6a-18e0-4949-83b7-9fd22554c330,DKK,7340301DKD,7340301DKD,X06
b50a021a-84bc-42b1-aca1-3fce853d73e9,DKK,7340301DKD,7340301DKD,X07
0baf6493-d8fc-4d7f-9187-4796183d39c6,DKK,7340301DKD,7340301DKD,X25
2a263468-ad80-4b7d-9f57-6754fb943f68,DKK,7340301DKD,7340301DKD,X26
7ea04bc1-7654-42ae-be5e-c2f43b5f0791,DKK,7340301DKD,7340301DKD,X27
324ed02e-3fbd-4d9c-a7d3-a6ca0160847c,DKK,7340301DKK,7340301DKK,A03
3eaccc7f-82d7-40f3-ae96-67fcba882622,DKK,7340301DKK,7340301DKK,A04
b06c1c47-4976-4ba8-b084-70c80f2a6514,DKK,7340301DKK,7340301DKK,C03
dbaf7e95-3748-4c8a-9c82-23538855a4c9,DKK,7340301DKK,7340301DKK,C04
982b98f4-7b2b-4faa-be5e-90cfdc1c1e2d,DKK,7340301DKK,7340301DKK,D07
a499cdc1-d944-41be-bf05-98ac131379ed,DKK,7340301DKK,7340301DKK,D09
18d49ae8-a592-4c12-9a00-f08dfd1fbaca,DKK,7340301DKK,7340301DKK,D10
af9754b7-7327-4295-b762-ea9c1e456c6c,DKK,7340301DKK,7340301DKK,X01
9335491c-30f3-4736-a676-6ad91e35f50d,DKK,7340301DKK,7340301DKK,X02
551b5945-4fb2-4663-b7ec-fc5023efc334,DKK,7340301DKK,7340301DKK,X03
eb01e609-5565-42f9-a134-345f01426861,DKK,7340301DKK,7340301DKK,X05
83007aad-d3e2-4675-b88a-007fc97aa5df,DKK,7340301DKK,7340301DKK,X06
add5af58-7266-4a5f-b480-891191be91f3,DKK,7340301DKK,7340301DKK,X07
ea956ddd-85d9-4250-b090-a2a0a0bf727d,DKK,7340301DKK,7340301DKK,X25
7b17f566-1f1a-4853-8ef8-345c1c675677,DKK,7340301DKK,7340301DKK,X26
103b0cc5-da77-4d79-937d-24b44936f944,DKK,7340301DKK,7340301DKK,X27
f95c8e39-dbdb-4752-8412-c82e82ff34fc,DKK,7340302DKD,7340302DKD,A03
249995d8-4b3d-4a96-8b0c-521693c0d09c,DKK,7340302DKD,7340302DKD,A04
7f39dd19-862a-46b5-b157-f9ce368cebf0,DKK,7340302DKD,7340302DKD,C03
302f76e6-3578-44f0-9f82-e69855c1243e,DKK,7340302DKD,7340302DKD,C04
5aa332ed-32ce-48ea-b2c8-998f2affadff,DKK,7340302DKD,7340302DKD,D07
5e100339-88bb-4906-817e-9e2d6ff604a0,DKK,7340302DKD,7340302DKD,D09
3d51b157-dc14-4ada-8b0a-740aa4ca09da,DKK,7340302DKD,7340302DKD,D10
85c4d147-db2b-4965-94b1-552e84b99ce6,DKK,7340302DKD,7340302DKD,X01
8a0fc06c-4a8c-4d06-b347-cc32574edbde,DKK,7340302DKD,7340302DKD,X02
42010ae0-dfd8-4bfb-abc1-7f0678967c36,DKK,7340302DKD,7340302DKD,X03
ade0a55f-4452-4095-91bf-3b9b2b8c8c3b,DKK,7340302DKD,7340302DKD,X05
0bcd9c9b-2c9a-4654-84ca-0f029ea64532,DKK,7340302DKD,7340302DKD,X06
fd3838fc-8256-4930-a260-7fabb892ee5c,DKK,7340302DKD,7340302DKD,X07
4c56371d-59c9-4f66-9db4-7dcaac3fbfb4,DKK,7340302DKD,7340302DKD,X25
94b37281-a9cb-438d-80da-d980b5a220b6,DKK,7340302DKD,7340302DKD,X26
ae909a67-0da7-43da-84f9-31b82dfbf7be,DKK,7340302DKD,7340302DKD,X27
fd81fa6e-03a6-446c-8cef-97b4ba5f44f8,DKK,7340302DKK,7340302DKK,A03
e7644b4b-b7ce-45cc-87d9-09f56af4885c,DKK,7340302DKK,7340302DKK,A04
1691dd6a-d5d4-4102-aecf-e566513f1a41,DKK,7340302DKK,7340302DKK,C03
53a970f4-a1eb-4256-a330-7198a1fa7dc7,DKK,7340302DKK,7340302DKK,C04
6a41af72-a2cd-4e3b-bc1c-7e669b3b75b0,DKK,7340302DKK,7340302DKK,D07
62880d5e-4125-4563-bd1e-f53284b93e84,DKK,7340302DKK,7340302DKK,D09
09de4e74-3807-4e27-b5ac-57ddd9290298,DKK,7340302DKK,7340302DKK,D10
6fabfa8f-64b2-4fe9-9e02-160550105050,DKK,7340302DKK,7340302DKK,X01
70f55377-42e4-417f-a494-168d6cba1a6c,DKK,7340302DKK,7340302DKK,X02
eb9ba22d-bf91-46e8-88b8-86c3ffd5be6b,DKK,7340302DKK,7340302DKK,X03
c5948012-8c83-42c4-8e25-55839d150dac,DKK,7340302DKK,7340302DKK,X05
ad06ec36-cf29-4826-8900-44ba5e289e65,DKK,7340302DKK,7340302DKK,X06
73c87cc8-6418-42d3-b04d-1f3ca1594452,DKK,7340302DKK,7340302DKK,X07
1c6e5002-96fc-4876-9e51-6bcd57326fbf,DKK,7340302DKK,7340302DKK,X25
5bbe47fc-3375-4b6d-bfb2-45ae71e82583,DKK,7340302DKK,7340302DKK,X26
549e1ceb-e1df-479e-ad1f-b72e95610144,DKK,7340302DKK,7340302DKK,X27
b17fd7eb-4284-4047-9a64-7539a6d51011,DKK,7460108DKD,7460108DKD,A02
44ebf3eb-a154-4ab1-864c-58fcfda53f2e,DKK,7460108DKD,7460108DKD,A03
2f72aae3-1372-436b-84bc-be75d4b792ae,DKK,7460108DKD,7460108DKD,B00
0a5afe40-af0c-489c-bd3a-3eeef1b7589d,DKK,7460108DKD,7460108DKD,C02
36f1e26c-0f59-403e-9296-4ba66afd3103,DKK,7460108DKD,7460108DKD,D07
207bf558-e1c5-4ddc-a450-0531029427f7,DKK,7460108DKD,7460108DKD,X02
06f4b697-73ea-42e7-8318-daf90820dd33,DKK,7460108DKD,7460108DKD,X03
eb3e7b5c-9f4c-44e5-b629-36b05056f4ad,DKK,7460108DKD,7460108DKD,X05
192f4390-a524-41eb-956c-a7317b35a853,DKK,7460108DKD,7460108DKD,X06
3c672b3d-85bb-4814-bd2d-e395ed4d8c5b,DKK,7460108DKD,7460108DKD,X07
da2aae28-28d4-447c-b39a-1d3054f406ff,DKK,7460108DKD,7460108DKD,X10
f1ac98fc-8ed3-4877-852f-d4327bac437c,DKK,7460108DKD,7460108DKD,X11
0932468b-1f23-42db-b754-6e19374c9325,DKK,7460108DKD,7460108DKD,X14
51964229-e625-43ae-bb9c-bedc6583efef,DKK,7460108DKD,7460108DKD,X15
4527f833-0f09-42d0-99c2-e3bc4327e9cc,DKK,7460108DKD,7460108DKD,X26
1e40d464-253d-4a9c-933c-fa4b3cf9e95b,DKK,7460108DKD,7460108DKD,X27
4df47bd1-0658-4039-aaee-c90a5a04bfbd,DKK,7460108DKD,7460108DKD,X56
8f46fd6d-f588-4957-923a-a355f24a78bc,DKK,7460108DKK,7460108DKK,A02
b492a3c1-53ca-4526-a3a3-fbe41e20ee65,DKK,7460108DKK,7460108DKK,A03
1d615bd7-497b-463f-a45a-c9ca23c8c09e,DKK,7460108DKK,7460108DKK,B00
7f935dc3-9d9b-4832-a489-9115540f934b,DKK,7460108DKK,7460108DKK,C02
a483bad2-8f27-4e20-bcd2-c6dbf186e787,DKK,7460108DKK,7460108DKK,D07
f2135dd9-807f-4df7-beb4-dc887f6f045c,DKK,7460108DKK,7460108DKK,X02
81c99504-1415-4dd9-b503-42fe69f362dd,DKK,7460108DKK,7460108DKK,X03
19d4cc4c-5ccf-4556-bc41-b82386bb17c6,DKK,7460108DKK,7460108DKK,X05
cd755bc3-bc32-4683-9103-febacd99b920,DKK,7460108DKK,7460108DKK,X06
de51dbb5-c9a1-451d-8cd5-8eebf8a2f71b,DKK,7460108DKK,7460108DKK,X07
ecc3716e-3d24-44d8-9e5a-74cb6d75f5fe,DKK,7460108DKK,7460108DKK,X10
b02188e0-ba9e-4f91-abfe-076b8fa45b85,DKK,7460108DKK,7460108DKK,X11
e15aeec8-b673-4be0-89c0-25b81a235e8d,DKK,7460108DKK,7460108DKK,X14
0b730b9b-67d5-4004-89b4-43fc9229904e,DKK,7460108DKK,7460108DKK,X15
c757259e-05aa-471e-a7e7-290b90067acb,DKK,7460108DKK,7460108DKK,X26
fb523165-d93e-4fd1-9c1f-fd751457ec95,DKK,7460108DKK,7460108DKK,X27
9222d91e-8f5c-4b7e-aedd-0108630d3bf8,DKK,7460108DKK,7460108DKK,X56
94bfa7ae-46a5-4d05-9272-c09a074c6d7c,DKK,7480102DKD,7480102DKD,A02
f166a3d2-ede1-4c38-80e3-1391d5843306,DKK,7480102DKD,7480102DKD,A03
fad07dcd-42c3-4cda-b84a-57806ff32a85,DKK,7480102DKD,7480102DKD,B00
b70d3337-d593-4238-afc9-cd622e2abd71,DKK,7480102DKD,7480102DKD,C02
a0ff72e4-90b8-4185-b47f-fd3f549521a1,DKK,7480102DKD,7480102DKD,D07
3632e71b-d9fc-47b0-adbf-3823b11b212e,DKK,7480102DKD,7480102DKD,X02
51cc299f-1186-42de-90d5-ddc21aadf0bd,DKK,7480102DKD,7480102DKD,X03
9680d5ca-5d87-41fa-8d87-51e9d1731138,DKK,7480102DKD,7480102DKD,X05
1280fea9-ccbf-4095-9d87-06e9ac4abb33,DKK,7480102DKD,7480102DKD,X06
c2546914-275a-40b3-81e2-6d6e455c4c66,DKK,7480102DKD,7480102DKD,X07
23029127-2587-4b8c-96fb-8224ea0bfaa6,DKK,7480102DKD,7480102DKD,X10
63b7bc45-d50d-4d1d-899b-c5baabd3b1c1,DKK,7480102DKD,7480102DKD,X11
5d9c54a5-dcd4-4feb-8cb6-eb57e71eab59,DKK,7480102DKD,7480102DKD,X14
9fc6e120-dc06-457c-a820-5e353454b6e7,DKK,7480102DKD,7480102DKD,X15
cba6ba3a-da8d-4c4e-9ddd-7d406f668ce8,DKK,7480102DKD,7480102DKD,X26
0fcdb117-1444-44a6-8ef3-683ee91ee0f7,DKK,7480102DKD,7480102DKD,X27
cd32aefd-e5e0-4116-b51a-6ea82b25bddf,DKK,7480102DKD,7480102DKD,X56
5067b29e-8b87-413f-b279-4572c21e6acf,DKK,7480102DKK,7480102DKK,A02
f239eb58-c622-46ef-9712-44bb5f9644ba,DKK,7480102DKK,7480102DKK,A03
5a7bc86b-2134-4014-9a5b-d84b7aaef3cd,DKK,7480102DKK,7480102DKK,B00
62379a9c-c576-4054-aa66-0a5494942da5,DKK,7480102DKK,7480102DKK,C02
17a29509-5d81-41b8-a0a5-3aeff73adeb6,DKK,7480102DKK,7480102DKK,D07
f98ceb44-bdbe-4ae8-82cf-3ad3df77897c,DKK,7480102DKK,7480102DKK,X02
0a336d07-fd11-4595-b844-2683277fb988,DKK,7480102DKK,7480102DKK,X03
3716bbd6-060f-497f-845d-780008b21b0f,DKK,7480102DKK,7480102DKK,X05
8d210148-e62f-4616-9144-dc5c6eb8ec07,DKK,7480102DKK,7480102DKK,X06
92035d3d-6d99-4cea-ba2d-657ee4bb6353,DKK,7480102DKK,7480102DKK,X07
5615007c-3397-4180-b3d9-4e40db7f3563,DKK,7480102DKK,7480102DKK,X10
8b2d489c-2581-4a51-9ce0-3c044de02da7,DKK,7480102DKK,7480102DKK,X11
cf9c20c7-118a-4d94-8b59-851de5b00eac,DKK,7480102DKK,7480102DKK,X14
99de431e-6327-4a9f-b2df-7793af89adc3,DKK,7480102DKK,7480102DKK,X15
56d16a8a-b728-449a-afad-4ea68c2899b7,DKK,7480102DKK,7480102DKK,X26
e2326c7f-9aaf-492a-ad97-81718cb083cd,DKK,7480102DKK,7480102DKK,X27
f5fd6539-5b12-43b7-89d8-66c12e424051,DKK,7480102DKK,7480102DKK,X56
951bb9de-57c6-4c68-9967-a5b8e2b7f0b2,DKK,7480108DKD,7480108DKD,A02
e885e6dc-4190-47c0-9bac-c3de8c617581,DKK,7480108DKD,7480108DKD,A03
c4222b8a-010d-4316-9be5-183de8228b35,DKK,7480108DKD,7480108DKD,B00
3ae51774-6588-4b26-9dd7-fae4cf33efa7,DKK,7480108DKD,7480108DKD,C02
465de314-8bbe-4133-ac7d-3bcb8bfb6b2c,DKK,7480108DKD,7480108DKD,D07
08ccf53a-9d63-4bf4-a089-2710b8bfbd3b,DKK,7480108DKD,7480108DKD,X02
a520304f-87d3-4a74-ac92-442a9de8a40a,DKK,7480108DKD,7480108DKD,X03
76f8f3f1-98b7-43b0-994c-082d23a02639,DKK,7480108DKD,7480108DKD,X05
2e6bc7e5-82b6-4432-8dd8-7c3bca385091,DKK,7480108DKD,7480108DKD,X06
76583167-35b4-4989-b80d-fd3dbaa9abd0,DKK,7480108DKD,7480108DKD,X07
d587efdc-0a81-4d48-ad02-77434597318e,DKK,7480108DKD,7480108DKD,X10
c43770be-e912-4c76-812e-1634abc2ce30,DKK,7480108DKD,7480108DKD,X11
c1fd7ebe-1bff-4d63-a465-c8f19cc787b9,DKK,7480108DKD,7480108DKD,X14
a8b6b9c9-a592-41c4-9a01-ad5b2a017280,DKK,7480108DKD,7480108DKD,X15
2e02b2b2-f45e-4e9a-b812-c1344aa4cba1,DKK,7480108DKD,7480108DKD,X26
d4c2981c-06ab-44b8-b31c-04b5b2453bbe,DKK,7480108DKD,7480108DKD,X27
864ca281-1638-4fb8-b7d7-a85f8ddcc5e0,DKK,7480108DKD,7480108DKD,X56
ff810e92-b328-49c4-8e3c-12dd9b9ed12e,DKK,7480108DKK,7480108DKK,A02
0e5034e4-11c9-4c8f-bd61-99decb7510c7,DKK,7480108DKK,7480108DKK,A03
e1da2cff-18a9-4b1d-b737-9f6cad5bd3f2,DKK,7480108DKK,7480108DKK,B00
5484f0a4-c544-4727-953c-cbb664203f92,DKK,7480108DKK,7480108DKK,C02
1a7ce27c-dd4f-4bdf-b4a0-b53b82e2cea0,DKK,7480108DKK,7480108DKK,D07
f863a71d-45ac-42d5-978f-3217cf3590ca,DKK,7480108DKK,7480108DKK,X02
e88b8d73-b038-48df-bfa8-cb25a49799bf,DKK,7480108DKK,7480108DKK,X03
3e07ad9b-3b23-45ad-b176-dd1744f5c357,DKK,7480108DKK,7480108DKK,X05
dad9cb33-bd39-4d23-a34c-00b316d61b7e,DKK,7480108DKK,7480108DKK,X06
c78bd017-9706-4ab3-a6e3-3cc40c99e6c0,DKK,7480108DKK,7480108DKK,X07
31260169-cd0f-4b76-b28b-a1043d423793,DKK,7480108DKK,7480108DKK,X10
bc7936a8-9e01-4862-8935-a2866c67ed64,DKK,7480108DKK,7480108DKK,X11
b7e6dbdb-d20b-4ab2-ba6a-db735fd27b30,DKK,7480108DKK,7480108DKK,X14
25c6f602-5428-44b5-8356-30a3d2a5d639,DKK,7480108DKK,7480108DKK,X15
7cb679ae-40e1-4af4-bb8b-c4424dd81fc4,DKK,7480108DKK,7480108DKK,X26
70c1b3f0-0d78-4a58-aa77-59e6e3a80a71,DKK,7480108DKK,7480108DKK,X27
a9dcf35c-b0c5-44aa-82bf-3504de54c157,DKK,7480108DKK,7480108DKK,X56
c571a8b6-eb6b-46cc-b551-c799a8116c29,DKK,7480201DKD,7480201DKD,A02
9c5ae4fa-8227-4e4d-a1d5-3d539c6933eb,DKK,7480201DKD,7480201DKD,A03
e4c28e3a-6bdc-4b93-8708-d437880aaab1,DKK,7480201DKD,7480201DKD,B00
275eb0f9-44ec-4331-9c7c-fe92b3c41735,DKK,7480201DKD,7480201DKD,C02
e53d6272-b981-4682-aafb-8c826f57c8fb,DKK,7480201DKD,7480201DKD,D07
cb29d9ad-4c79-4302-9c6e-9619f3ecdf8b,DKK,7480201DKD,7480201DKD,X02
0565348a-0b65-4436-8196-b35238aa4841,DKK,7480201DKD,7480201DKD,X03
9ca4d0cf-f4d9-4794-90da-1dcc4b8ed3f1,DKK,7480201DKD,7480201DKD,X05
3430b013-1f52-44e2-92e7-f2b82488f652,DKK,7480201DKD,7480201DKD,X06
651a5e79-7dbf-43bb-829d-c1cd0a1416ab,DKK,7480201DKD,7480201DKD,X07
7945a307-0427-4d0a-bfdd-1ee6c7109608,DKK,7480201DKD,7480201DKD,X10
73d9a2fe-95b7-4789-858f-fc506b2c2477,DKK,7480201DKD,7480201DKD,X11
c478db0f-9a4f-41ba-a332-7ad9aa505035,DKK,7480201DKD,7480201DKD,X14
5a5a9eb5-4e25-4022-97c9-cc6d92b9c593,DKK,7480201DKD,7480201DKD,X15
f7cff527-fb8e-4fe1-bc72-5e5f61adb4de,DKK,7480201DKD,7480201DKD,X26
a2e7ef63-c87d-42a1-a7a6-145420c87482,DKK,7480201DKD,7480201DKD,X27
c8ebf67d-de7d-4fee-9b6c-fd97e428f815,DKK,7480201DKD,7480201DKD,X56
420f6cd0-f6c9-47d8-af0b-37e7778da20f,DKK,7480201DKK,7480201DKK,A02
06ba92a2-6e84-4fc9-b403-61ecb2b08e33,DKK,7480201DKK,7480201DKK,A03
316dccbe-fe22-4e35-9740-4cd477b6e89a,DKK,7480201DKK,7480201DKK,B00
267ad2a4-ca4f-4aff-aec9-1d85c19ff4d7,DKK,7480201DKK,7480201DKK,C02
d7d331a1-0849-4a18-9098-959b8d544fd7,DKK,7480201DKK,7480201DKK,D07
4ed7776e-c598-4b73-991a-d3768e44d224,DKK,7480201DKK,7480201DKK,X02
18157f8d-7bd5-4888-98d8-7b855cfbdbe5,DKK,7480201DKK,7480201DKK,X03
3a401ff4-004a-4afe-863b-1dad9a66324c,DKK,7480201DKK,7480201DKK,X05
252318c0-0244-4434-8f42-d9296b5ed9e8,DKK,7480201DKK,7480201DKK,X06
10158956-16d0-422d-8638-324b0b05e5dd,DKK,7480201DKK,7480201DKK,X07
5a73eef7-35b6-4d07-ab9b-0fc07fd648b4,DKK,7480201DKK,7480201DKK,X10
306519a1-a55f-45e3-b377-4c9970fbc140,DKK,7480201DKK,7480201DKK,X11
48174c44-6365-4e34-a544-3e08db4bd837,DKK,7480201DKK,7480201DKK,X14
50519d46-24a4-4e93-85ed-5282c1c78f95,DKK,7480201DKK,7480201DKK,X15
1ffd4fad-06bb-4e83-9354-485224967c63,DKK,7480201DKK,7480201DKK,X26
aa1d087c-4b4d-4506-8a78-247803b55513,DKK,7480201DKK,7480201DKK,X27
1d285b73-5c8a-42fb-a451-541424d4a5bf,DKK,7480201DKK,7480201DKK,X56
65d2f466-9f17-4880-9c33-c55a09171971,DKK,7510201DKD,7510201DKD,A02
ad263ad3-20f8-49fa-a47d-0f29f60ac3e5,DKK,7510201DKD,7510201DKD,A03
8fd6cd4f-2e3b-4d79-aa47-c43a65cd9298,DKK,7510201DKD,7510201DKD,B00
184e0423-e4c3-4cd1-936b-0c3446294689,DKK,7510201DKD,7510201DKD,C02
304be11b-a4ca-4f3d-ab1b-b1554e60e121,DKK,7510201DKD,7510201DKD,D07
843264bc-2966-48b2-8080-876c8a9b6d58,DKK,7510201DKD,7510201DKD,X02
c20eaf95-40d2-4e64-921c-555e322ff9d4,DKK,7510201DKD,7510201DKD,X03
0fee5b74-6fc0-4e10-81a8-d5d99db69e2f,DKK,7510201DKD,7510201DKD,X05
55c8de6a-ffef-4dfa-8381-fe2524f5afde,DKK,7510201DKD,7510201DKD,X06
f5e603cb-8399-46ec-854d-fe6ebf98c6f3,DKK,7510201DKD,7510201DKD,X07
a87e9b32-5aab-4b86-b09c-8b9f2fb7e331,DKK,7510201DKD,7510201DKD,X10
563a8d17-b52d-4c69-b58b-2207b17a77f9,DKK,7510201DKD,7510201DKD,X11
9264cfad-d4cf-438a-b43c-923e2ac34936,DKK,7510201DKD,7510201DKD,X14
864255d3-d784-45e4-8816-0defa79a7a07,DKK,7510201DKD,7510201DKD,X15
860aca95-be48-4a9f-97dd-2a8ed4e1f919,DKK,7510201DKD,7510201DKD,X26
074212a9-1a64-4c89-802b-98aade209b93,DKK,7510201DKD,7510201DKD,X27
e646be6e-0883-4494-8b8f-afe7fc00b681,DKK,7510201DKD,7510201DKD,X56
068ce740-5584-4c17-9ced-5b62bc15c607,DKK,7510201DKK,7510201DKK,A02
f9e04f8f-8484-469f-b874-b39ab8d602d8,DKK,7510201DKK,7510201DKK,A03
8227c936-9c38-42db-95fd-f935da18a7d7,DKK,7510201DKK,7510201DKK,B00
6d773593-e88b-4719-a616-d62e122e4353,DKK,7510201DKK,7510201DKK,C02
b606547a-d8e4-47f5-9e53-5367ca5e52ca,DKK,7510201DKK,7510201DKK,D07
4852c14f-f472-43a8-96a0-293911cb797d,DKK,7510201DKK,7510201DKK,X02
424dc4ba-7323-4c86-8a43-c279516dc197,DKK,7510201DKK,7510201DKK,X03
e6e6dfc7-9ef4-4726-90fb-652eb55d2b1e,DKK,7510201DKK,7510201DKK,X05
49a1ad4b-f516-4c2f-8558-49b0d4be6ffd,DKK,7510201DKK,7510201DKK,X06
f2fa4115-6ce7-4e30-85c6-c1b911a77f9a,DKK,7510201DKK,7510201DKK,X07
9706fc66-65f6-4a6e-baf1-d8cc2e57fea4,DKK,7510201DKK,7510201DKK,X10
394f1ab6-4045-40a6-bf1c-2947d327626d,DKK,7510201DKK,7510201DKK,X11
fe950b91-4d29-4e49-94da-149b9aaaf14f,DKK,7510201DKK,7510201DKK,X14
290123fa-0836-4453-8dfb-66446bfd661e,DKK,7510201DKK,7510201DKK,X15
7f15e922-58f6-4947-81a1-e5ecfecc5b0c,DKK,7510201DKK,7510201DKK,X26
f8de8a39-5cdf-45e6-9f31-116c376d3c73,DKK,7510201DKK,7510201DKK,X27
73e00036-a5fb-4ca3-8e91-c498ab24265d,DKK,7510201DKK,7510201DKK,X56
5b9fd608-0bb5-49b7-b123-ad5facab57b7,DKK,7510203DKD,7510203DKD,A02
a0f9d6ac-b5b8-4282-b9f8-3cd30f756a40,DKK,7510203DKD,7510203DKD,A03
f64537e9-3676-4cf7-8ba1-8ec7fb920045,DKK,7510203DKD,7510203DKD,B00
69f2e8c7-39bf-4231-92ab-c75b141515d5,DKK,7510203DKD,7510203DKD,C02
190bb8e2-8220-48c1-bd29-4661c4dfd410,DKK,7510203DKD,7510203DKD,D07
7e9ecd36-56df-4a3c-af0f-b45b01666cf7,DKK,7510203DKD,7510203DKD,X02
613aa89d-22aa-4eac-83c9-84e6ec9599b0,DKK,7510203DKD,7510203DKD,X03
9023dfb6-c63a-4792-828f-49defb882354,DKK,7510203DKD,7510203DKD,X05
5f78ba73-1a05-4406-9b61-c67f4977b13a,DKK,7510203DKD,7510203DKD,X06
dada659e-75b5-4b62-af0c-cc13b82b454f,DKK,7510203DKD,7510203DKD,X07
bd8896f7-0cb9-4078-b179-159031ed11e3,DKK,7510203DKD,7510203DKD,X10
a51ce961-4237-4045-a21e-afe33d228aa5,DKK,7510203DKD,7510203DKD,X11
b0bca1be-78c0-46fe-97cf-89553ab5f9b7,DKK,7510203DKD,7510203DKD,X14
9697e939-fa7f-4c53-8f1d-9ac49159338d,DKK,7510203DKD,7510203DKD,X15
73e7f480-7f5b-4f72-88b4-aff9d87e2164,DKK,7510203DKD,7510203DKD,X26
08d14420-dd46-4ec5-b2fb-55a16fe0b300,DKK,7510203DKD,7510203DKD,X27
2b2a55ae-a4c2-4f18-a32e-39bbc26a7a7a,DKK,7510203DKD,7510203DKD,X56
67bae8be-f4a2-4cf3-b506-168e7ecc6018,DKK,7510203DKK,7510203DKK,A02
4f187ace-cd4d-4960-b5f8-126ac3e7451b,DKK,7510203DKK,7510203DKK,A03
8c5c5867-f4ec-4a13-bee8-36eafdfb6951,DKK,7510203DKK,7510203DKK,B00
a526d3dd-22da-4429-8d76-7b062d6b18b9,DKK,7510203DKK,7510203DKK,C02
77461bd6-63d2-4ed5-a10d-3c78675cd804,DKK,7510203DKK,7510203DKK,D07
b6f1cd67-1fa2-4ba8-ae0e-c397328d9c22,DKK,7510203DKK,7510203DKK,X02
8d792a9b-3a23-4e38-ba9f-0e062b4ced30,DKK,7510203DKK,7510203DKK,X03
6c1e9c74-b07e-46ad-806a-880d1bf5e4d9,DKK,7510203DKK,7510203DKK,X05
34be7959-9cb7-4ec9-a44e-b68ac724739b,DKK,7510203DKK,7510203DKK,X06
a824d3d3-d206-4daa-946d-c2dfb14ebcdc,DKK,7510203DKK,7510203DKK,X07
9daa11eb-5f26-4ebb-8f79-c16334823dcd,DKK,7510203DKK,7510203DKK,X10
c05d7a07-8793-46ef-9b79-48f11a30a89d,DKK,7510203DKK,7510203DKK,X11
e521364e-d3b6-453d-965d-7633c44da906,DKK,7510203DKK,7510203DKK,X14
943c0b07-0425-4d2e-af93-ad7c9f5ad22c,DKK,7510203DKK,7510203DKK,X15
e57f2c30-b70c-4575-8da7-341067fa4f60,DKK,7510203DKK,7510203DKK,X26
132ade9f-6cc6-4dda-b086-e8f2f7b5610e,DKK,7510203DKK,7510203DKK,X27
2ea57384-8880-40c0-890b-e284661147d7,DKK,7510203DKK,7510203DKK,X56
82b0793d-4e9a-4159-9cf3-8e2fa31cd363,DKK,7510205DKD,7510205DKD,A02
72e6e9ab-fdff-427e-b425-fa50f5fa55ce,DKK,7510205DKD,7510205DKD,A03
d0677e18-1092-45a8-83d7-9f1875b192e6,DKK,7510205DKD,7510205DKD,B00
a52a8efb-bb52-4993-ac47-a4313d5de562,DKK,7510205DKD,7510205DKD,C02
639f1e66-736d-49f5-ad8d-4f43d5afb4bf,DKK,7510205DKD,7510205DKD,D07
f03ef551-5e92-44a8-ab9b-c30d18a9160b,DKK,7510205DKD,7510205DKD,X02
4839b3bf-3473-4fa2-b533-c4179666ed81,DKK,7510205DKD,7510205DKD,X03
bd3ac3fc-9434-47cf-9e9e-e28183ee402c,DKK,7510205DKD,7510205DKD,X05
c6cc7770-c0fa-42e9-9922-e10904222d17,DKK,7510205DKD,7510205DKD,X06
8d72c158-ea55-42f6-adda-2f322dba82e6,DKK,7510205DKD,7510205DKD,X07
e1b8aa9e-e16f-4749-ba55-de8ef09b3641,DKK,7510205DKD,7510205DKD,X10
737a4028-a368-4ab4-b78a-c795e7144b67,DKK,7510205DKD,7510205DKD,X11
32323702-6441-47a5-b129-ca715c391d24,DKK,7510205DKD,7510205DKD,X14
ca5422bf-3dc8-464e-90fd-6a60d052325f,DKK,7510205DKD,7510205DKD,X15
cccff052-2188-4ea5-b2ce-681d5cc3f0ff,DKK,7510205DKD,7510205DKD,X26
7e02994e-da4d-4943-947b-8dc4c4e173bd,DKK,7510205DKD,7510205DKD,X27
39942b91-b6c7-4eae-9642-3460de06639f,DKK,7510205DKD,7510205DKD,X56
37a185aa-74a3-4a65-b683-3fef9941dd9b,DKK,7510205DKK,7510205DKK,A02
1c3323bb-501c-45ac-a9f1-fc7a9c0f292f,DKK,7510205DKK,7510205DKK,A03
4fcb1f4d-e3f0-46d0-883e-41018e2855ef,DKK,7510205DKK,7510205DKK,B00
32387083-9727-4932-9089-f26f4490e9de,DKK,7510205DKK,7510205DKK,C02
de171243-2b39-455b-8e22-fdd9a7325ed8,DKK,7510205DKK,7510205DKK,D07
bdfb5054-76b9-465f-86e6-993f75cf79df,DKK,7510205DKK,7510205DKK,X02
d3eb50d7-5fdc-4fc7-9408-c5ee490cad43,DKK,7510205DKK,7510205DKK,X03
ee7cd23a-427b-4911-a4f2-380187325990,DKK,7510205DKK,7510205DKK,X05
cea237d2-ec96-4bcc-b66e-5b959b6e83ac,DKK,7510205DKK,7510205DKK,X06
dd02888f-9900-4999-a5f1-6fcd90d5c3d8,DKK,7510205DKK,7510205DKK,X07
56590a65-0239-4635-a202-3e9ec1c088fe,DKK,7510205DKK,7510205DKK,X10
64e98ba0-2829-4023-83cd-3e7331eda3fb,DKK,7510205DKK,7510205DKK,X11
6379e47e-f08c-481f-b224-6b912a2b1194,DKK,7510205DKK,7510205DKK,X14
46509fba-65f1-4184-bfae-741b978a6d84,DKK,7510205DKK,7510205DKK,X15
3c145dfa-7b93-462f-adf7-8473b9c7c09f,DKK,7510205DKK,7510205DKK,X26
db693ac3-9b87-4a4d-ae44-32ddfcefd8e5,DKK,7510205DKK,7510205DKK,X27
ba52fa21-59c6-43c9-8734-9512cee3addc,DKK,7510205DKK,7510205DKK,X56
083a153c-a835-4cc9-8fdd-e11d224ed8df,DKK,7510301DKD,7510301DKD,A02
716b058b-7349-4451-b4d0-9d33490929dd,DKK,7510301DKD,7510301DKD,A03
c0b4b237-04c3-4047-80fe-05dbbacfe3dd,DKK,7510301DKD,7510301DKD,B00
d9ff8b65-75fa-4fcd-880a-dc59b6a43f53,DKK,7510301DKD,7510301DKD,C02
7cb245c3-c9f9-47f1-a126-d183d451068c,DKK,7510301DKD,7510301DKD,D07
1e2524c8-8ce1-4cf9-8966-d5ab1571b3f5,DKK,7510301DKD,7510301DKD,X02
a84f8b80-ff66-4a3f-8b04-b6ffe814e389,DKK,7510301DKD,7510301DKD,X03
5c537c05-190d-4c35-8e00-8c9df238d184,DKK,7510301DKD,7510301DKD,X05
c974d0f4-b9b2-46c0-85eb-407d99ced2dd,DKK,7510301DKD,7510301DKD,X06
87b2a182-9056-47f6-9cab-7e05df708810,DKK,7510301DKD,7510301DKD,X07
d166bf79-2657-4e68-8d48-52a479606b2a,DKK,7510301DKD,7510301DKD,X10
f3aa2d13-58f3-47aa-a4f0-c8b062b1415e,DKK,7510301DKD,7510301DKD,X11
45b01376-7a2d-40d5-8645-47052d0847bb,DKK,7510301DKD,7510301DKD,X14
15880e2b-eb9e-4c79-9680-a164ac7b0a28,DKK,7510301DKD,7510301DKD,X15
061086b0-68d3-4b31-a3b8-f065c105ad26,DKK,7510301DKD,7510301DKD,X26
ba8c0420-58d2-4a38-81ac-c4aa18252e8d,DKK,7510301DKD,7510301DKD,X27
7efa383e-17be-4d2f-8a31-711eead2eeb8,DKK,7510301DKD,7510301DKD,X56
39359f67-5660-4a9b-b476-71915fa425f3,DKK,7510301DKK,7510301DKK,A02
812b352d-f332-48b7-b868-13400ee162b0,DKK,7510301DKK,7510301DKK,A03
71626ccc-ed5f-4be6-a056-e8979be2b006,DKK,7510301DKK,7510301DKK,B00
1e97d644-c603-4a09-897d-a2d8473d22cc,DKK,7510301DKK,7510301DKK,C02
ca0de19c-d366-4486-bec0-ca177cfce48e,DKK,7510301DKK,7510301DKK,D07
8723921a-0278-442e-8f3a-6dd02b9bd1eb,DKK,7510301DKK,7510301DKK,X02
58590230-1626-42ed-bc5e-cfd0213e830f,DKK,7510301DKK,7510301DKK,X03
f7ccb354-6ca4-4478-81c7-da6b07d624aa,DKK,7510301DKK,7510301DKK,X05
c3021691-7ed7-4c81-af71-a57164f08944,DKK,7510301DKK,7510301DKK,X06
0f2d548c-1108-48ef-a88b-720b47df6862,DKK,7510301DKK,7510301DKK,X07
e4558be5-c020-4de0-a05c-dc422e573cbe,DKK,7510301DKK,7510301DKK,X10
c29c23b4-9e69-4c8c-af76-655474a4f8a8,DKK,7510301DKK,7510301DKK,X11
d4f8e04c-e0d6-485c-929f-e0938c826517,DKK,7510301DKK,7510301DKK,X14
8997b9cb-18bc-442e-86bd-6e521a09dda5,DKK,7510301DKK,7510301DKK,X15
309514f9-7074-4fae-8514-4e797f9e2f6e,DKK,7510301DKK,7510301DKK,X26
e9f812ae-3907-46ce-adf0-4621bc766dab,DKK,7510301DKK,7510301DKK,X27
4618700d-a41d-4c62-b60c-d2dfc6fe760e,DKK,7510301DKK,7510301DKK,X56
e143fb81-5a73-4b5b-a60e-a9045fa93275,DKK,7510302DKD,7510302DKD,A02
ad9fcce7-ab13-45d1-aef4-bb514e0730eb,DKK,7510302DKD,7510302DKD,A03
f45e8ded-dedb-47d4-b908-423f72c2bdad,DKK,7510302DKD,7510302DKD,B00
6d28e29c-b72b-421e-8ce9-32ba4e00742e,DKK,7510302DKD,7510302DKD,C02
20d7bc5b-d1f9-4d3c-9aed-4c1d4281b67b,DKK,7510302DKD,7510302DKD,D07
03ff8b12-7551-46d8-acb2-92083dedd375,DKK,7510302DKD,7510302DKD,X02
d977cef5-c713-48dc-a012-58f5cd0ef99b,DKK,7510302DKD,7510302DKD,X03
3a72d39f-1d79-4f4e-a570-667babae0b88,DKK,7510302DKD,7510302DKD,X05
6f43dde7-310c-4b3e-b90b-b9cb3fa647cd,DKK,7510302DKD,7510302DKD,X06
cef45fe0-8938-40ef-9844-b0ce9bfadfb2,DKK,7510302DKD,7510302DKD,X07
99bc62d2-1d6e-4f7c-af55-bd11e96fd36d,DKK,7510302DKD,7510302DKD,X10
3670f93d-a328-4c97-a88a-498a7683da82,DKK,7510302DKD,7510302DKD,X11
da598b67-acb7-47ce-a42f-70fc28e30941,DKK,7510302DKD,7510302DKD,X14
1e68b0c4-bc87-49e7-a017-d0167ba494e0,DKK,7510302DKD,7510302DKD,X15
3ce838b9-22b9-44f3-8b05-1e43ab92eb40,DKK,7510302DKD,7510302DKD,X26
9636a7a9-8da2-49d5-8d2d-dc9ccb42b801,DKK,7510302DKD,7510302DKD,X27
88886519-d45f-4006-add5-62c4e9f8682e,DKK,7510302DKD,7510302DKD,X56
7b3dff02-9edd-405e-ac4e-34e8da165648,DKK,7510302DKK,7510302DKK,A02
e0e90287-969d-4e49-90f9-f45c07ed226f,DKK,7510302DKK,7510302DKK,A03
5013f2ab-2039-4d90-97d3-5823cc9843ce,DKK,7510302DKK,7510302DKK,B00
6d695fd6-2f92-4afb-a9ac-80ad1da7c879,DKK,7510302DKK,7510302DKK,C02
ec9b4b70-1164-4b2a-9664-9d08dfcc7c99,DKK,7510302DKK,7510302DKK,D07
123662b2-ce49-459f-bce3-19ec4a22b342,DKK,7510302DKK,7510302DKK,X02
aa7eeae6-4a7c-40a9-a0a7-3d7ced8c9fdc,DKK,7510302DKK,7510302DKK,X03
ced0029b-a438-4bd3-9db6-bfa2814ce35a,DKK,7510302DKK,7510302DKK,X05
74074eba-440e-421a-883e-bf465166c7f8,DKK,7510302DKK,7510302DKK,X06
48e60c99-1b0b-47c9-8f80-893f275263f4,DKK,7510302DKK,7510302DKK,X07
4309e541-f60d-453b-a633-76bc213acace,DKK,7510302DKK,7510302DKK,X10
3cce72ae-b0ed-4bb0-9754-dcb8060a54ef,DKK,7510302DKK,7510302DKK,X11
e45bbcbc-1492-4b20-b749-6b81408b1778,DKK,7510302DKK,7510302DKK,X14
b3b40456-ac06-48b1-bc15-314bdd401b0f,DKK,7510302DKK,7510302DKK,X15
0fa7531b-4551-4517-9647-d22383cdc53b,DKK,7510302DKK,7510302DKK,X26
49a6eca5-c14a-4766-8f57-9267eaf210a3,DKK,7510302DKK,7510302DKK,X27
2b3fcb87-443f-4f98-adb8-6fcabd5ab03c,DKK,7510302DKK,7510302DKK,X56
a41ff818-34aa-472b-ab72-e738139640ad,DKK,7510303DKD,7510303DKD,A02
157975be-7fdc-439f-ad6b-95b746083e2d,DKK,7510303DKD,7510303DKD,A03
fda328c6-51b7-440c-a8fc-6059374667b3,DKK,7510303DKD,7510303DKD,B00
9833c875-6d76-419b-adf8-ac86c50bb2c8,DKK,7510303DKD,7510303DKD,C02
fefb1efa-05a4-486b-99dc-af8d10a0e54a,DKK,7510303DKD,7510303DKD,D07
10ab0500-ca48-4df5-849b-92e09d88ad2e,DKK,7510303DKD,7510303DKD,X02
7278c7c7-bd0a-4003-8f98-e4664d7b9947,DKK,7510303DKD,7510303DKD,X03
1dab3b0c-cdc3-4cf2-b0f0-54db9b02b019,DKK,7510303DKD,7510303DKD,X05
f436fb86-c3fb-4c55-8f74-69d0dea03b72,DKK,7510303DKD,7510303DKD,X06
e8150bda-cac3-4d9a-ab3b-03dbac062ce9,DKK,7510303DKD,7510303DKD,X07
d2e86a09-fbbc-411a-b48e-53ee46e1c551,DKK,7510303DKD,7510303DKD,X10
3cf07cbd-ba02-4345-8ba7-0979e3c9e0ad,DKK,7510303DKD,7510303DKD,X11
0779f69c-0c68-45b8-bd7c-661c541e30fb,DKK,7510303DKD,7510303DKD,X14
18959313-be5e-4cee-9ea4-02e891d0ba9f,DKK,7510303DKD,7510303DKD,X15
efa7c987-697d-4dae-b77a-a5e670f85fca,DKK,7510303DKD,7510303DKD,X26
6dab8dfc-eb60-4dc5-9f92-0ea73086db16,DKK,7510303DKD,7510303DKD,X27
95f1982a-3589-4e36-a61c-56af493d91c5,DKK,7510303DKD,7510303DKD,X56
828086be-bbc3-458f-b191-7f131418ddc7,DKK,7510303DKK,7510303DKK,A02
3bac8caf-1250-4d05-ac36-29948b56f19f,DKK,7510303DKK,7510303DKK,A03
485bc5da-02da-41e9-aa6e-45c7477af272,DKK,7510303DKK,7510303DKK,B00
40d8e26f-6651-4d24-90c4-a303cd5a0d29,DKK,7510303DKK,7510303DKK,C02
505441d8-eda6-4045-acdf-5f384f0f90f1,DKK,7510303DKK,7510303DKK,D07
db76da83-c54e-4288-8045-9ec422839f7a,DKK,7510303DKK,7510303DKK,X02
16b9428f-7cf3-42e0-b864-794d11056545,DKK,7510303DKK,7510303DKK,X03
011960a0-d325-4ab1-bf80-4e25453bb084,DKK,7510303DKK,7510303DKK,X05
cbf04d14-0347-4d5c-bacb-6de765667316,DKK,7510303DKK,7510303DKK,X06
fafd9b5d-c1b5-4349-adcf-9d84e5e94edf,DKK,7510303DKK,7510303DKK,X07
6a87abd9-a51e-4c59-b735-91bd34a6583f,DKK,7510303DKK,7510303DKK,X10
3d995d06-fc54-40db-89d4-57cca4864279,DKK,7510303DKK,7510303DKK,X11
9d977764-9337-4787-8e7f-4cf65bf772a4,DKK,7510303DKK,7510303DKK,X14
80f170b1-ad17-4d67-bd3f-e1f5fc709184,DKK,7510303DKK,7510303DKK,X15
fa451928-1058-445e-a75f-a1f2a9f12b94,DKK,7510303DKK,7510303DKK,X26
757e9eaf-6192-4d94-b1b7-9ac84e0e538f,DKK,7510303DKK,7510303DKK,X27
23540328-bbfd-44c0-9312-72e637158689,DKK,7510303DKK,7510303DKK,X56
9053a454-4b50-4056-927e-1e1eaff343f8,DKK,7510605DKD,7510605DKD,A03
65e846ab-8995-42af-966b-bc8cdadafcad,DKK,7510605DKD,7510605DKD,A04
dfc4f289-ff3f-419e-b3bd-cd7333897207,DKK,7510605DKD,7510605DKD,C03
866f1f67-c212-4065-a6d5-bf868334103f,DKK,7510605DKD,7510605DKD,C04
2e86e605-86a2-4bc7-9fe9-7d30695e7dd2,DKK,7510605DKD,7510605DKD,D07
b69be311-8420-434e-acd5-e06a4951f418,DKK,7510605DKD,7510605DKD,D09
47fc4181-5862-4d33-9458-c31a905361ee,DKK,7510605DKD,7510605DKD,D10
b1003a7d-cdbc-474d-9fc6-af35fe3afb67,DKK,7510605DKD,7510605DKD,X01
f2fe7c0d-48c4-42a2-84d1-0a769bf87684,DKK,7510605DKD,7510605DKD,X02
d892f2da-309f-45df-92c1-c839bed9064c,DKK,7510605DKD,7510605DKD,X03
8db328f2-c586-4464-9728-d40895b17dce,DKK,7510605DKD,7510605DKD,X05
3b808d68-7036-4f89-8f00-16f737288b51,DKK,7510605DKD,7510605DKD,X06
5bbf6be1-330c-4cfc-ba6b-f29496ecceb7,DKK,7510605DKD,7510605DKD,X07
5b3a0a6b-082e-4fc2-a0ef-7ded58434be3,DKK,7510605DKD,7510605DKD,X25
0b59299c-65e7-4051-a807-37f860b57a6f,DKK,7510605DKD,7510605DKD,X26
ea06e4d2-a0a5-4fc4-9fb5-fc4dbd9b8b7e,DKK,7510605DKD,7510605DKD,X27
758e7c08-644c-47c9-a1c7-070e1fd4cc18,DKK,7510605DKK,7510605DKK,A03
111a9919-b4bb-42aa-b400-07c755be4d6c,DKK,7510605DKK,7510605DKK,A04
ab0c559c-de9a-4fb2-85b4-51d1b9ed9bcc,DKK,7510605DKK,7510605DKK,C03
19ac88fa-f12b-4054-93f7-4b0835177fe6,DKK,7510605DKK,7510605DKK,C04
39832158-711a-4da2-a0f9-0dcc8e59ccd0,DKK,7510605DKK,7510605DKK,D07
5eba9f47-5739-4a82-82d6-cd4744a7bb6c,DKK,7510605DKK,7510605DKK,D09
491561d8-3212-468d-abe3-ef020658126c,DKK,7510605DKK,7510605DKK,D10
d604a232-8f8e-46f9-8eaf-8b868465c8c8,DKK,7510605DKK,7510605DKK,X01
5ea9721c-d9e3-4a90-8b37-5bc49973248d,DKK,7510605DKK,7510605DKK,X02
d5d563a4-b752-4089-a5a4-4864a98d78b1,DKK,7510605DKK,7510605DKK,X03
6b6c71e0-8095-4652-8d3f-e3f13eb741a3,DKK,7510605DKK,7510605DKK,X05
5c3f478c-10e7-401f-a43e-b5a39468e0db,DKK,7510605DKK,7510605DKK,X06
8f08e371-b3a4-45ea-94d0-83212896c47c,DKK,7510605DKK,7510605DKK,X07
f220be69-9bc4-442b-aa89-6325d9cb176c,DKK,7510605DKK,7510605DKK,X25
c1394829-91eb-41f9-b8c2-bec1de1bbb5a,DKK,7510605DKK,7510605DKK,X26
76955f1d-b6c7-48d5-b82f-3b43aaf2043f,DKK,7510605DKK,7510605DKK,X27
28b06ba8-012a-409c-a043-39fca43539b0,DKK,7540101DKD,7540101DKD,A02
e6eed9c1-c324-4a91-9e01-b722b48544f8,DKK,7540101DKD,7540101DKD,A03
c6a87474-2a8f-4332-ac63-8145a19ba5cd,DKK,7540101DKD,7540101DKD,C01
2a28f910-1992-43cd-8c2a-e6326ae977fc,DKK,7540101DKD,7540101DKD,C02
8a028a10-bacf-4eff-9257-1d7a4b3fe32b,DKK,7540101DKD,7540101DKD,D01
ad37943e-ec2d-420a-899d-6f716c9df55b,DKK,7540101DKD,7540101DKD,X02
32ac01da-c6bc-4f71-bd15-676e7b803968,DKK,7540101DKD,7540101DKD,X03
3288f4a6-224e-4ea5-bf68-9b802fcb1add,DKK,7540101DKD,7540101DKD,X05
01155264-da33-462c-88d9-983e9c708e1b,DKK,7540101DKD,7540101DKD,X06
8d72f4f1-1755-4163-b142-c369fc870a74,DKK,7540101DKD,7540101DKD,X07
d3d78f6b-59b2-4171-9741-dfce328599f2,DKK,7540101DKD,7540101DKD,X10
398a81e1-2367-4fb4-ae90-063bdf28af99,DKK,7540101DKD,7540101DKD,X11
4216894b-10dd-4d8b-9a64-6cc8214ff25f,DKK,7540101DKD,7540101DKD,X14
1cb06183-131e-45b9-8fb3-217a4847ad20,DKK,7540101DKD,7540101DKD,X15
f3144071-9e8a-41cc-853e-3b32c963ddfe,DKK,7540101DKD,7540101DKD,X26
46f8f50a-c2d9-450b-a812-0d3f69a37241,DKK,7540101DKD,7540101DKD,X27
8635dd9d-0406-47c2-8f29-28641b2f5daf,DKK,7540101DKD,7540101DKD,X56
0dffca9d-7905-4c24-b00a-050aba3fa9e1,DKK,7540101DKK,7540101DKK,A02
d29f6e80-1b37-4bea-a5a5-f01288da0b37,DKK,7540101DKK,7540101DKK,A03
cfe61cd3-4ab7-465b-9acf-85865de752d3,DKK,7540101DKK,7540101DKK,C01
78d04574-ca1d-4acb-9db1-62487e1197e7,DKK,7540101DKK,7540101DKK,C02
e48e2e2f-ffcb-4338-8a32-5195fe45fd5f,DKK,7540101DKK,7540101DKK,D01
d888a8c5-da13-41d0-b373-3bd8bde022b6,DKK,7540101DKK,7540101DKK,X02
84a11ef0-e4f4-4c0c-9b2e-c25652319757,DKK,7540101DKK,7540101DKK,X03
269210ef-d888-4af6-93b8-ef8b867782d4,DKK,7540101DKK,7540101DKK,X05
f92bc3ea-9e82-44c1-b545-e5281c6a2c18,DKK,7540101DKK,7540101DKK,X06
42ef1086-fc7b-4860-809f-3811dd1351dc,DKK,7540101DKK,7540101DKK,X07
1c8d39c6-da47-4c28-832b-e48dc4767295,DKK,7540101DKK,7540101DKK,X10
ee0c434b-d8f0-4b04-8a4c-68a78db04b0c,DKK,7540101DKK,7540101DKK,X11
f3649dbb-7b16-427d-b9c2-e62b67a66d84,DKK,7540101DKK,7540101DKK,X14
77fe2582-2c62-4a11-949b-d90547bec784,DKK,7540101DKK,7540101DKK,X15
f33d5084-08ef-45d6-9335-fff72bff1997,DKK,7540101DKK,7540101DKK,X26
ade5ebbf-8df0-46b7-a9ce-7c901a6456e1,DKK,7540101DKK,7540101DKK,X27
c6db3e6d-886c-489a-86c6-25d4b6475e1f,DKK,7540101DKK,7540101DKK,X56
78db2936-48b9-411e-96a7-e83b9bc238d0,DKK,7540106DKD,7540106DKD,A00
1013127b-fefb-40f3-bea9-c32621ff3a33,DKK,7540106DKD,7540106DKD,A01
819c6f33-671f-4015-9cf5-aefc6c47838b,DKK,7540106DKD,7540106DKD,A02
fc094495-3d48-4d75-a757-fe5151b00e5b,DKK,7540106DKD,7540106DKD,A03
1b92279d-545c-4bf3-861e-bf5b08312fbb,DKK,7540106DKD,7540106DKD,B00
60d54e0f-289b-471d-a59e-909e2c7d7282,DKK,7540106DKD,7540106DKD,C01
cb94bffa-cc9d-430b-b8cb-1305ace1ba19,DKK,7540106DKD,7540106DKD,C02
dae6480a-c6a9-41af-85c9-2889c936113d,DKK,7540106DKD,7540106DKD,D01
3472364d-ba63-409c-b4a7-d215d7254923,DKK,7540106DKD,7540106DKD,D07
bed0437a-c941-4f45-b185-c259a9c0860f,DKK,7540106DKD,7540106DKD,X02
96e64a4d-c745-456c-9f12-7be8f7e4e705,DKK,7540106DKD,7540106DKD,X03
a89f7a60-eb9b-445e-ace2-08664f88c630,DKK,7540106DKD,7540106DKD,X05
35392d06-a840-44de-8a3b-a83396688e72,DKK,7540106DKD,7540106DKD,X06
2a371e7e-95b2-4e47-819f-4100090e60bb,DKK,7540106DKD,7540106DKD,X07
e15c7d36-03e4-440b-aca0-13926f8b9892,DKK,7540106DKD,7540106DKD,X10
e5de971f-47f7-45ce-bdb4-7842fc4a39ce,DKK,7540106DKD,7540106DKD,X11
98f9b507-1210-46ea-98d3-0ba73d73cc0d,DKK,7540106DKD,7540106DKD,X14
a6cec0d8-c545-434e-b1ae-cd0829d7b2f2,DKK,7540106DKD,7540106DKD,X15
f443c6f4-87ae-4701-a0ae-797fb37aee01,DKK,7540106DKD,7540106DKD,X26
b4dcae06-0160-4b0c-9768-11259c24feb3,DKK,7540106DKD,7540106DKD,X27
e53f1da9-312c-4cc3-8ee3-4531781acc84,DKK,7540106DKD,7540106DKD,X56
caa2d47a-f370-48f2-a80c-865a889fbdf4,DKK,7540106DKK,7540106DKK,A00
d7f1621d-db0c-4f50-bc7d-2622c4c8e512,DKK,7540106DKK,7540106DKK,A01
5183e83a-8fd4-4dea-ba9c-12a84721e9ed,DKK,7540106DKK,7540106DKK,A02
d7ea12f3-27c8-48f5-8901-3f7a4682965a,DKK,7540106DKK,7540106DKK,A03
72c684b2-1e8d-4a45-a64c-0df938d9ca0d,DKK,7540106DKK,7540106DKK,B00
889ba239-9f09-48b2-bc28-86e3dc3b9afd,DKK,7540106DKK,7540106DKK,C01
c7ef0baa-18d0-4002-a63f-69d2f999a3fb,DKK,7540106DKK,7540106DKK,C02
49899d9c-1a77-4aaf-bcd4-1c5f629c5d56,DKK,7540106DKK,7540106DKK,D01
8ceeab46-5a21-49c3-9668-d4870fbb2f23,DKK,7540106DKK,7540106DKK,D07
0ff9f5df-b872-4602-8478-49041f005303,DKK,7540106DKK,7540106DKK,X02
9b9960db-5338-411d-b73c-ef2e55ba34e7,DKK,7540106DKK,7540106DKK,X03
008b6d7e-e8ea-49ef-934d-e0b417cd73d6,DKK,7540106DKK,7540106DKK,X05
11555b8d-bdf1-490a-800e-151caefebb5f,DKK,7540106DKK,7540106DKK,X06
93f56b8d-06af-4b57-9f8f-ce350e368d4b,DKK,7540106DKK,7540106DKK,X07
a1a55058-f6d7-4608-9ea7-d396224d8fd2,DKK,7540106DKK,7540106DKK,X10
cf9bffed-78ba-4d52-89e5-cb30c076a308,DKK,7540106DKK,7540106DKK,X11
5359ee03-07f3-44eb-ac2e-6ad0fb190f2e,DKK,7540106DKK,7540106DKK,X14
336dcdbb-91d3-44e6-875c-b51a1d89ec42,DKK,7540106DKK,7540106DKK,X15
b80baa06-352b-4bc9-aefc-b5de09861f63,DKK,7540106DKK,7540106DKK,X26
dccc257b-41de-4a91-9812-f266b6322267,DKK,7540106DKK,7540106DKK,X27
03baf612-1027-40b0-88a3-7d03a0ef4405,DKK,7540106DKK,7540106DKK,X56
ba0ae0f3-2fe4-40d9-94ff-f95052076373,DKK,7540203DKD,7540203DKD,A00
bd558d50-1a92-4e32-a371-5f951768a303,DKK,7540203DKD,7540203DKD,A01
5f4bde1d-3509-4681-8073-b53ba2a35e3f,DKK,7540203DKD,7540203DKD,A02
4e84c200-2188-493f-bf7f-f7c0a6e4b903,DKK,7540203DKD,7540203DKD,A03
78616677-94e9-436d-ad80-b597c621e652,DKK,7540203DKD,7540203DKD,B00
3fc81091-d018-4f1f-9c4c-dc1a227d28e6,DKK,7540203DKD,7540203DKD,C01
493a31dd-3b08-4664-a5d8-f93664db2eda,DKK,7540203DKD,7540203DKD,C02
4c235ad8-ff2b-42c1-b147-a128f4075671,DKK,7540203DKD,7540203DKD,D01
46fe331e-8d83-41f7-97c4-d87f5b771f0f,DKK,7540203DKD,7540203DKD,D07
b89e64f0-a391-47a9-9662-d1667823fd2f,DKK,7540203DKD,7540203DKD,X02
b0ea021c-3172-4fbf-9259-f04d650d88f8,DKK,7540203DKD,7540203DKD,X03
675999bc-c327-4142-b3cc-7c84b1639f1d,DKK,7540203DKD,7540203DKD,X05
97a6e3b2-5bff-4b86-8ec4-4e6b4b478300,DKK,7540203DKD,7540203DKD,X06
68a1722c-b8c1-4889-9c01-03dae216024f,DKK,7540203DKD,7540203DKD,X07
728843e9-7a69-4c66-9aa5-ea4a6d55445a,DKK,7540203DKD,7540203DKD,X10
c6fef0ed-42b1-4626-8582-d765143a98a5,DKK,7540203DKD,7540203DKD,X11
ab143f66-5302-44cd-9266-7b9f2dfd8132,DKK,7540203DKD,7540203DKD,X14
9a56b69f-f35c-4a8b-8307-e877f80b0e03,DKK,7540203DKD,7540203DKD,X15
05767709-f523-467e-a82e-df13a829e5bb,DKK,7540203DKD,7540203DKD,X26
5170994c-56c4-4b8d-b43e-d509695c2be9,DKK,7540203DKD,7540203DKD,X27
ee1da1e5-ebe9-4d8e-892e-5edcc44df379,DKK,7540203DKD,7540203DKD,X56
037663c7-0929-4f2a-83aa-b5bd7dd886a8,DKK,7540203DKK,7540203DKK,A00
0e3199b1-f057-4267-ad29-0149c1c646fc,DKK,7540203DKK,7540203DKK,A01
60c4107d-d880-4c1a-9be6-3a1907a7cca6,DKK,7540203DKK,7540203DKK,A02
07ee3902-249d-4d1a-b2b4-cfa1b72e30b9,DKK,7540203DKK,7540203DKK,A03
521db52b-b9f2-49a7-9738-c8a6408d0dd9,DKK,7540203DKK,7540203DKK,B00
c028e2a7-a1dc-4767-825d-c18bd9a2dbe6,DKK,7540203DKK,7540203DKK,C01
b53c45a5-535a-45a2-b535-3443e5354117,DKK,7540203DKK,7540203DKK,C02
cf59a2d6-451d-4462-bca9-b29f504124ce,DKK,7540203DKK,7540203DKK,D01
1211af02-3013-458f-8758-5cbef6ad0caa,DKK,7540203DKK,7540203DKK,D07
3c8e3f5a-cd28-40ab-863b-88426c1211b0,DKK,7540203DKK,7540203DKK,X02
deac32ee-1fce-4cee-b8d4-4f80d39e0dc3,DKK,7540203DKK,7540203DKK,X03
4bd7f997-4cf9-4dc8-bf73-ebfa0c691e9f,DKK,7540203DKK,7540203DKK,X05
83aa89a2-bcc7-4385-9c56-30f62c235756,DKK,7540203DKK,7540203DKK,X06
f650fe23-ac4a-40e8-b06d-f51ec441c9a3,DKK,7540203DKK,7540203DKK,X07
9b705d4c-d563-448c-aab1-1aada4004804,DKK,7540203DKK,7540203DKK,X10
aee87872-ea51-4f20-b95d-cb4b0e74c183,DKK,7540203DKK,7540203DKK,X11
39c314eb-5906-464c-9863-255e0d1327c7,DKK,7540203DKK,7540203DKK,X14
341260a5-96e9-4ccb-923a-35c976e19010,DKK,7540203DKK,7540203DKK,X15
99aa42d4-b8e9-427b-837d-f98fcc844251,DKK,7540203DKK,7540203DKK,X26
057dff9d-89ea-4cdd-9b03-42d3f93869ca,DKK,7540203DKK,7540203DKK,X27
2c388908-204f-4bb8-b040-2ef0bfb0ed21,DKK,7540203DKK,7540203DKK,X56
01a07666-8050-4bf6-9472-ec84f2fd9bee,DKK,7540204DKD,7540204DKD,A02
4292f38f-833e-4e8f-be50-1f7c334651ec,DKK,7540204DKD,7540204DKD,A03
22f1dfe3-e3db-4857-b5ad-612eb1f3985f,DKK,7540204DKD,7540204DKD,B00
a8d9671d-020f-4ab2-88fd-1d65aa657208,DKK,7540204DKD,7540204DKD,C02
bc7162f1-1898-4cea-ad75-13df106afa73,DKK,7540204DKD,7540204DKD,D07
1d50dbd2-0bf0-4590-b2fc-b9f9d36f5ff8,DKK,7540204DKD,7540204DKD,X02
ba01660f-f71f-4d29-8527-532c245ecee7,DKK,7540204DKD,7540204DKD,X03
f24308fe-790b-4566-91c7-fed32e4b6224,DKK,7540204DKD,7540204DKD,X05
bc7d11d0-28a2-4c89-99c1-6aa3c18eb418,DKK,7540204DKD,7540204DKD,X06
ad1c2c45-c7a1-47f7-a63d-0a9e88828a5b,DKK,7540204DKD,7540204DKD,X07
0f144e92-9158-4f69-ba50-9275e2ece11e,DKK,7540204DKD,7540204DKD,X10
2ee6bd0e-9b3c-49cc-953c-b9a48dd3c9bd,DKK,7540204DKD,7540204DKD,X11
ac9cd892-d11c-440e-a487-db5a251f3aae,DKK,7540204DKD,7540204DKD,X14
56206288-e407-4b7f-8f4a-0ae8a47615ca,DKK,7540204DKD,7540204DKD,X15
0578db19-0d13-4f94-9c33-d26a46ff3177,DKK,7540204DKD,7540204DKD,X26
75edca08-902b-4f4f-8d1d-f21eb5773eec,DKK,7540204DKD,7540204DKD,X27
a8ef6c31-46af-4b86-a9f2-c7f3f7b59068,DKK,7540204DKD,7540204DKD,X56
762b60b9-89b5-4140-a087-9ea97489871f,DKK,7540204DKK,7540204DKK,A02
aac68ea6-346f-4d14-901c-6a552354a42c,DKK,7540204DKK,7540204DKK,A03
efd7b084-2c47-48af-95f5-8a30b33775a4,DKK,7540204DKK,7540204DKK,B00
1d523f91-00c6-46dd-876e-808470da82be,DKK,7540204DKK,7540204DKK,C02
451bd3a5-c319-4b98-b650-34c3a5c9aef3,DKK,7540204DKK,7540204DKK,D07
668fe815-20cc-4b0d-8476-311ac6254180,DKK,7540204DKK,7540204DKK,X02
a3836201-cfdf-4483-a872-ca44b8999fef,DKK,7540204DKK,7540204DKK,X03
79de167f-defe-4e38-a11c-2437fc864318,DKK,7540204DKK,7540204DKK,X05
240bc049-98dd-4d06-8650-1b0f59cb1617,DKK,7540204DKK,7540204DKK,X06
fe492abe-6bf5-40d0-b90b-f295126dbbcd,DKK,7540204DKK,7540204DKK,X07
9c735eeb-03e1-4912-b67e-5ff40d6859a7,DKK,7540204DKK,7540204DKK,X10
f44158a5-5f15-401e-adb9-dc355382dc11,DKK,7540204DKK,7540204DKK,X11
88c1002c-ddf2-409c-959f-cea28b0186eb,DKK,7540204DKK,7540204DKK,X14
c699b1d3-3c6b-441c-b366-63f4e418033b,DKK,7540204DKK,7540204DKK,X15
693c3b51-63aa-4f68-a41f-7184afa13017,DKK,7540204DKK,7540204DKK,X26
f10ce07c-893f-475c-bf9d-7d8e2d5e2135,DKK,7540204DKK,7540204DKK,X27
0c67ab15-1bc9-4996-996e-39eb7bddd187,DKK,7540204DKK,7540204DKK,X56
ea2e5b1d-b670-4e55-b380-093cc9512b3c,DKK,7810103DKD,7810103DKD,C03
297bb936-c61d-49f2-8a18-613b1b87b232,DKK,7810103DKD,7810103DKD,C04
c7c78b22-1c4e-47f3-a4a2-2b1a2e01678d,DKK,7810103DKD,7810103DKD,C07
782db94a-eee1-4b59-b82c-f483261da7ef,DKK,7810103DKD,7810103DKD,C09
a3b82527-fddd-4453-90d2-b25bc016a66d,DKK,7810103DKD,7810103DKD,D11
dd4e0f2a-16c1-4a12-b49d-22529f3b575a,DKK,7810103DKD,7810103DKD,D14
bc96225f-2aaa-414d-b286-5d510454dbb0,DKK,7810103DKD,7810103DKD,D15
84d0fa4d-6e1d-4d30-b732-d8bf4febe3f9,DKK,7810103DKD,7810103DKD,X01
ae971e79-b480-4da5-b892-f0f4b7f0c025,DKK,7810103DKD,7810103DKD,X70
1e2dd4c1-2407-4f77-b12b-0f6451ddbc28,DKK,7810103DKD,7810103DKD,X74
0e674c6c-a658-4c50-8da1-807eb00191a6,DKK,7810103DKD,7810103DKD,X78
0b75c7c2-ae59-4377-8f6d-1a8c3cb9413c,DKK,7810103DKD,7810103DKD,X79
078f8f33-c05d-4db0-b071-76c92cfb067c,DKK,7810103DKD,7810103DKD,X80
ef0e38b7-551d-43b5-99ac-6f226b50c68b,DKK,7810103DKK,7810103DKK,C03
91e20f99-f705-46b9-afdf-7f6c639ad3ee,DKK,7810103DKK,7810103DKK,C04
37fe5ac1-ee3f-4132-af84-1c071ca373b6,DKK,7810103DKK,7810103DKK,C07
fbc968f1-120b-4394-9198-a5aa1e39fd6e,DKK,7810103DKK,7810103DKK,C09
11e151df-0d9f-41e5-bf96-a734aafc64b1,DKK,7810103DKK,7810103DKK,D11
17da3839-9b90-4f40-8741-de249349a444,DKK,7810103DKK,7810103DKK,D14
e9485fd0-1775-4a2f-a7f7-d980327a5c91,DKK,7810103DKK,7810103DKK,D15
dcddf451-fa17-4677-a3f0-d96805ecf359,DKK,7810103DKK,7810103DKK,X01
3726dcff-3d11-4e56-872b-5f9e0b6cabab,DKK,7810103DKK,7810103DKK,X70
4acddfe9-81d0-490c-bab7-b556124d0d52,DKK,7810103DKK,7810103DKK,X74
a3544387-33e7-4139-a4fc-dd0001b6a783,DKK,7810103DKK,7810103DKK,X78
2cba1f2a-5419-4b8e-b4ee-d098b113bb91,DKK,7810103DKK,7810103DKK,X79
dbbf35bd-0e15-41d4-b326-e215e28755b3,DKK,7810103DKK,7810103DKK,X80
600d3d44-d679-49cc-be29-b2f270d2de28,DKK,7810201DKD,7810201DKD,C00
07c8d4d5-a106-42d2-a33a-7a2b8bb76f6c,DKK,7810201DKD,7810201DKD,C03
ac0cdcfe-8d5a-4c69-867b-4a3032b00d34,DKK,7810201DKD,7810201DKD,C04
6718d1f7-3060-46bc-ad7e-65d36400e9eb,DKK,7810201DKD,7810201DKD,C07
7fefd7a1-5635-4965-beb2-56b01c70906c,DKK,7810201DKD,7810201DKD,C09
43eb4f87-74be-407a-aaab-af635cf8b60c,DKK,7810201DKD,7810201DKD,D11
ab0e4692-5d23-4da5-8ae8-44576938376a,DKK,7810201DKD,7810201DKD,D14
ea08624d-7acc-4c12-b931-d8895b8615db,DKK,7810201DKD,7810201DKD,D15
fcfea732-16e5-460c-8304-c4d05d0b443a,DKK,7810201DKD,7810201DKD,X01
b4eb17a9-e2b3-4a6d-bccf-0b98e6425fc6,DKK,7810201DKD,7810201DKD,X70
a01a9bdd-8488-4d28-9e26-a52f1fb07c95,DKK,7810201DKD,7810201DKD,X74
d7e37540-baf8-4351-8d34-c72431e16b5b,DKK,7810201DKD,7810201DKD,X78
bea7aa6d-d517-4420-b9bf-ea1bb9ac5cbf,DKK,7810201DKD,7810201DKD,X79
8afabf0a-8bc7-49b6-a0ff-b9ce7b9926ad,DKK,7810201DKD,7810201DKD,X80
4a258fcb-0681-4191-bc2c-cfcc3a08b205,DKK,7810201DKK,7810201DKK,C03
6f69ba61-4a1b-47b9-8cc5-dbc37b8c293f,DKK,7810201DKK,7810201DKK,C04
b7319653-3ae5-4e79-a773-6839ae514d20,DKK,7810201DKK,7810201DKK,C07
16263326-7c59-47e1-9ff4-b361bf4ba48f,DKK,7810201DKK,7810201DKK,C09
570481a8-224a-4013-affc-ef30ae710ebf,DKK,7810201DKK,7810201DKK,D11
49a3b165-08d6-46b7-8308-1bcbb02d84c2,DKK,7810201DKK,7810201DKK,D14
a28d2f8f-3bf8-4d56-9ae8-dded19025461,DKK,7810201DKK,7810201DKK,D15
f3997489-e925-4f5b-8914-6d332a6ed6ab,DKK,7810201DKK,7810201DKK,X01
d80334a0-7efc-42f0-a379-e5c9b2b1ebeb,DKK,7810201DKK,7810201DKK,X70
83930769-3db6-484a-aea9-9cae23b6fbb0,DKK,7810201DKK,7810201DKK,X74
1332176a-902c-42f0-b7f7-5be5acfccb3c,DKK,7810201DKK,7810201DKK,X78
3dbb68e4-3edf-463d-895c-83c89c6f7513,DKK,7810201DKK,7810201DKK,X79
89306f78-e415-40a8-aad9-9ab7f4cf7fde,DKK,7810201DKK,7810201DKK,X80
c932553f-db20-483c-b037-6b1d9e24da53,DKK,7220201,7220201,K00
5877fab9-88a6-4201-9939-ce4eb88272e4,DKK,7220201,7220201,K02
b66906f4-f0b8-4c3a-8676-7e7286a409dd,DKK,7340101,7340101,K00
6cc7cb98-b3cd-4b9b-8852-791b09e2cde2,DKK,7340101,7340101,K01
af42e678-515f-481f-a427-60b3dc38c75d,DKK,7340101,7340101,K02
c156c21b-5444-4979-a398-5ab01d8b919f,DKK,7340121,7340121,K00
c7a8be95-13ff-49a3-b3ae-e6db177f16b8,DKK,7340121,7340121,K01
27484f0d-f588-455a-9ecf-5eb3c25a1bd0,DKK,7340121,7340121,K02
e25c69e2-6a35-479d-b940-fef2502bf58b,DKK,7340201,7340201,K00
176ae4d0-f9b1-4bb3-9ce6-b162abd607cd,DKK,7340201,7340201,K01
ccfdaec7-fec8-4958-aa78-5defe1f6bebd,DKK,7340201,7340201,K02
c1019976-7029-4c8e-b6dc-277936c797ee,DKK,7340204,7340204,K00
be2a6e08-fce7-4c3e-a21d-fd6eb6fccc29,DKK,7340204,7340204,K01
276b1c79-61a5-467a-b843-c0ff92f4f2fe,DKK,7340204,7340204,K02
5046a04a-a3d0-45bd-b61e-48a875e9df03,DKK,7340301,7340301,K00
0116abc2-7d3a-47f5-a532-8417ef5e31d3,DKK,7340301,7340301,K01
84820782-1543-460f-8482-56b08edfe33c,DKK,7340301,7340301,K02
267c21c7-7f3b-4f38-80f7-90f8f271256c,DKK,7460108,7460108,K00
bae302f4-d468-4e86-bd86-c8f624bdc609,DKK,7460108,7460108,K01
6998760b-e588-4a69-8630-9da046f662fd,DKK,7460108,7460108,K02
ce0cbbe6-8249-464b-9bda-dbd16c85512d,DKK,7480102,7480102,K00
9d9457fd-fcb9-4bec-acd3-def786f7151a,DKK,7480102,7480102,K01
f7d94feb-7d5d-461c-b5c4-111ef0e66b1b,DKK,7480102,7480102,K02
d9830337-2a1a-497f-a3b9-5c48c420b525,DKK,7480108,7480108,K00
3b806885-f273-493c-8d2a-0487cc665dbd,DKK,7480108,7480108,K01
98791b10-a125-4539-bbb5-3eadb9c29e8a,DKK,7480108,7480108,K02
284afe96-21e0-44d9-8e97-b149359751b2,DKK,7480201,7480201,K00
5643ca4b-8d4b-4eb7-8450-1b751fffccc7,DKK,7480201,7480201,K01
01c6f0e7-d8c8-40a1-84f3-29df2c2e7f46,DKK,7480201,7480201,K02
b3b697e0-f02a-4f5f-9d43-d2467393d7f5,DKK,7510201,7510201,K00
1fe609ef-62ba-4c7b-973a-f1c2f002e878,DKK,7510201,7510201,K01
45332d7d-ba0d-4648-97d6-a530ed284fe4,DKK,7510201,7510201,K02
ec85e3a0-f5d4-4c7f-b1ab-935dbdd232c5,DKK,7510203,7510203,K00
be9d80d1-5b73-4075-b582-00100b1dd4d8,DKK,7510203,7510203,K01
a3dcf46c-d28c-4636-8ca2-8ba6138bd7ff,DKK,7510203,7510203,K02
0426b096-c7f7-41b9-bf5f-b7f349e6fe57,DKK,7510205,7510205,K00
6e5dedb2-939a-41fe-826c-de3bb638865a,DKK,7510205,7510205,K01
0c070291-979e-44ef-a7fe-6d3fad2c0c84,DKK,7510205,7510205,K02
89d7623e-cc9d-4f3e-b011-f0681417ed3c,DKK,7510301,7510301,K00
607c0785-ee1a-4366-a56e-067f0548d379,DKK,7510301,7510301,K01
17a997bf-5921-4405-be4f-ad9908185949,DKK,7510301,7510301,K02
1a109b46-04b5-45d8-8eb6-b357d2e492a6,DKK,7510302,7510302,K00
5166cd47-9bc5-4b5b-9cd5-1739600f591e,DKK,7510302,7510302,K01
34280bf9-fd25-4c83-b18c-7c6ab66198c0,DKK,7510302,7510302,K02
f823f255-b559-43f4-86f0-8afb31ff7cc7,DKK,7510303,7510303,K00
c705d84f-eab8-498b-80d3-769e5c85ce32,DKK,7510303,7510303,K01
9d940b1a-07aa-4929-8172-ff6966b1c835,DKK,7510303,7510303,K02
10bf44f1-954b-466d-9af8-bac7a65bd4cd,DKK,7540101,7540101,K00
75abc16c-840e-4d1e-bf15-072d92445527,DKK,7540101,7540101,K01
2fe5e860-3ada-4bd6-9a87-90e40e523ff3,DKK,7540202,7540202,K00
6afe3350-0e7d-4ea4-b6e9-b3c64e15bab9,DKK,7540202,7540202,K01
848a6469-1e86-4332-827f-3b4fcb0311c5,DKK,7540202,7540202,K02
b1b9f6d6-b88c-4063-83aa-4bc1428a5b88,DKK,7540204,7540204,K00
7f2bc072-39f4-4160-9c73-3c8493ab0d29,DKK,7540204,7540204,K01
c6771631-ae20-4912-895b-f01d08679393,DKK,7540204,7540204,K02
0e98679c-3ea0-45c2-853a-cc408ebf526c,DKK,7810103,7810103,K00
ae48e3b5-03f4-4e8e-9d6d-da9f0efa2b72,DKK,7810103,7810103,K01
67eeee21-8b1e-47bf-9297-7da2f688e47f,DKK,7810103,7810103,K02
08db3332-b1ae-4f00-b3ba-e5e263567d4f,PKA,BIO1,BIO1,A00
365d44f2-52b4-4788-80eb-6f0cdec16585,PKA,BIO1,BIO1,B00
a8e3f0e5-9549-47db-bc7b-ed7e7345a601,PKA,BIO1,BIO1,B08
5348e26b-b650-4930-bd55-706793f6e1fe,PKA,BIO1,BIO1,D07
8982306f-eade-4abb-bdf4-14210d802a72,PKA,CHE1,CHE1,A00
e527f732-713e-421e-a947-0e2853988386,PKA,CHE1,CHE1,A01
8a2ed4bd-6d01-41ac-8071-6fe2a962f73f,PKA,CHE1,CHE1,B00
7c0a7c60-91d0-4ddc-801d-67db1265251d,PKA,CHE1,CHE1,D07
b8f298e3-ef0b-4a45-bf7f-b3acfba7697e,PKA,EEE-A1,EEE-A1,A00
0b4a4738-2e7c-4d3a-915d-cb8d34665436,PKA,EEE-A1,EEE-A1,A01
7a1dbefa-2313-4d0b-9e10-43aa3a8464ff,PKA,EEE-A1,EEE-A1,C01
052154c2-370e-425a-a958-dfa0b6986e3b,PKA,EEE-A1,EEE-A1,D07
f4e78913-1254-48fd-be69-ef36a176d061,PKA,EEE1,EEE1,A00
e149f142-8a60-457f-8588-75addd6f0fce,PKA,EEE1,EEE1,A01
0b1bb528-fbcb-4437-a78b-7f5f47b83cf5,PKA,EEE1,EEE1,C01
08213684-5560-40e2-8fa0-521a879fcd43,PKA,EEE1,EEE1,D07
2acde142-d658-4348-9f53-b145bd602545,PKA,EEE2,EEE2,A00
a896819d-6bfe-49b4-8cdf-6aebf9549ae0,PKA,EEE2,EEE2,A01
0793c8bf-a05b-496e-8492-9e12e949e074,PKA,EEE2,EEE2,C01
5410493f-77d9-4d82-89d5-03a20fb81300,PKA,EEE2,EEE2,D07
74991b79-920b-44ac-a770-cdebaae4f5f5,PKA,EEE3,EEE3,A00
b80aba88-56f2-4b3e-888c-04e3b3202c68,PKA,EEE3,EEE3,A01
6667f45d-2b81-4fe8-94aa-e0c98cc250c8,PKA,EEE3,EEE3,C01
f3bae1be-d1b6-4c9d-90bf-f6eaa1022d5f,PKA,EEE3,EEE3,D07
1487354d-aef5-42b6-979c-5d8628c97f66,PKA,ENV1,ENV1,A00
f63b3641-1f47-42c0-b519-ee534116285c,PKA,ENV1,ENV1,A02
d3ac5884-f5d2-49ad-b140-6ece75e46a41,PKA,ENV1,ENV1,B00
50f43c59-bdc3-4ff9-b90b-b92437c8d471,PKA,ENV1,ENV1,B08
5d7345e6-a669-4b20-8d48-fa1e73b4b204,PKA,FBE1,FBE1,A00
de5629be-b5ae-4ca7-829b-e4f8cf66f5b1,PKA,FBE1,FBE1,A01
013e5963-8743-437f-a324-79eea17c8e4e,PKA,FBE1,FBE1,D01
2599214b-58d9-435d-83a3-363bf9c2e93f,PKA,FBE1,FBE1,D07
f88e6441-b82f-4315-b9fa-2b595cb6b7cd,PKA,FBE2,FBE2,A00
991aacd5-a10f-41f1-9cc5-f901adb759cf,PKA,FBE2,FBE2,A01
240f575f-cacd-49fe-85e3-07b83aa6e62a,PKA,FBE2,FBE2,D01
a728162a-a58f-4bd4-ae71-5a946688b950,PKA,FBE2,FBE2,D07
3c50b18a-985e-4e77-a7b8-17edb33e5648,PKA,FBE3,FBE3,A00
f6c12028-2509-4370-a077-fe6f5e4f802f,PKA,FBE3,FBE3,A01
ef34345c-10a7-4779-bbe1-cba92de5bf31,PKA,FBE3,FBE3,D01
441518ac-52f0-47bd-bc49-3c52114edd33,PKA,FBE3,FBE3,D07
a35ad5bf-be9b-456e-b940-909da62d9a9b,PKA,FBE4,FBE4,A00
fdf988ee-ec39-410b-8466-3f722e08cd02,PKA,FBE4,FBE4,A01
6a27abf7-1ff9-42b0-9588-e70c7f440788,PKA,FBE4,FBE4,D01
197afc83-be9b-4eeb-bb02-e32a9885a4d6,PKA,FBE4,FBE4,D07
e5c6fec4-b3f9-4bf0-a634-04d55795a145,PKA,FBES,FBES,A00
4f0e59fc-0c54-460a-8802-c5d479da55dd,PKA,FBES,FBES,A01
3f60e53d-f780-4756-921c-5af0f2dee61f,PKA,FBES,FBES,C00
188a5786-f80d-4fe8-b89b-3399fc713b4e,PKA,FBES,FBES,D01
a6a4c4b7-0fee-401c-9fd3-df55e452004e,PKA,FLC1,FLC1,A01
e2333175-cfbd-4086-97aa-b458e627876f,PKA,FLC1,FLC1,C00
14a181e8-a91b-4b8d-8f46-4fe79a4e040d,PKA,FLC1,FLC1,D01
6bb5d817-77fd-4655-b3e3-93ff22294b2c,PKA,FLC1,FLC1,D04
7097485c-6e6d-403c-a462-8953d03147c9,PKA,FLE1,FLE1,D01
0f99c347-2134-4fdf-828e-0574fdb1e044,PKA,FLE1,FLE1,D09
19e95ad2-a211-4900-9b4c-3d47163a6b40,PKA,FLE1,FLE1,D14
42b4f9e7-8195-4ba0-ad8e-135ecba01aa0,PKA,FLE1,FLE1,D15
25ef788c-5e75-4fd6-8a88-e90f8822f590,PKA,FLK1,FLK1,A01
0302f824-9a84-43d9-bfc6-0c5031bf9bd2,PKA,FLK1,FLK1,C00
8b39fd11-e09f-44cc-ba21-256ebe71089e,PKA,FLK1,FLK1,D01
c5c5aa65-bc71-47d9-a0ca-34b8952e5d5d,PKA,FLK1,FLK1,D15
c8cee687-6537-48fb-99bb-fbed18455cae,PKA,FSP1,FSP1,A00
f5949ffa-8e2a-44e3-bb67-3ba601c5c165,PKA,FSP1,FSP1,A01
d1fde549-784e-45ab-b1ac-f221319ba547,PKA,FTS1,FTS1,A01
33b859be-b938-4828-9e90-253786122d08,PKA,FTS1,FTS1,C00
13a3055f-2126-4070-b05c-de7821ac09fa,PKA,FTS1,FTS1,D01
ec70a378-fac2-482e-b7e5-4371e9d572c8,PKA,FTS1,FTS1,D15
613133d7-2799-403a-8d4a-ebdf36676584,PKA,FTS2,FTS2,A00
96e9fc1d-f27a-4552-9a44-401fb41ab2d7,PKA,FTS2,FTS2,A01
ce670ed9-76c6-435e-a5c8-63578dde5493,PKA,FTS2,FTS2,D01
354f4311-0745-4245-9ab7-fc267abe9dd6,PKA,FTS2,FTS2,D10
737b86a3-3cb0-4a15-bab0-e227f0b8a81a,PKA,ICT-AI,ICT-AI,A00
4be6f62c-763d-4126-9252-cfa375db963e,PKA,ICT-AI,ICT-AI,A01
01b17c55-51fd-485d-b93f-45092fd6ccda,PKA,ICT-AI,ICT-AI,D07
b385905d-6c6c-4a5d-88c7-155b2502674f,PKA,ICT-V3,ICT-V3,A00
2dad4e4f-3b9e-498c-a8cb-75c214b71f01,PKA,ICT-V3,ICT-V3,A01
d98f681a-012c-4f29-89cc-df7529c7c8a4,PKA,ICT-V3,ICT-V3,D07
27316bfe-d23d-476e-ae67-d56d2cf7adc5,PKA,ICT-V3,ICT-V3,D28
852673b9-3bc9-494e-b2b6-3703eaabacdc,PKA,ICT1,ICT1,A00
950ec160-7e1e-46d7-9a3f-297f36d97dc9,PKA,ICT1,ICT1,A01
eb7b310f-9cd7-4e02-83ce-b9bef7882d58,PKA,ICT1,ICT1,D07
1954e892-299b-4c8a-b4e3-9f1a160ef86d,PKA,MEM1,MEM1,A00
b2186afd-b4d4-46c3-a2cc-8e70d8a7a572,PKA,MEM1,MEM1,A01
96c1955e-4cae-46b3-904a-3ff45b7f45ec,PKA,MEM1,MEM1,A02
881893b8-4eb5-4d56-aa3f-f5ed6a87b6d1,PKA,MEM1,MEM1,C01
4b95b78a-f0e2-445d-abb9-ff676dbb4a2d,PKA,MEM2,MEM2,A00
9dacaa81-d1d5-4e84-a30a-3db6ffcaf379,PKA,MEM2,MEM2,A01
1e1afaf4-670e-4a49-a0d5-9f32c3739761,PKA,MEM2,MEM2,A02
103efe79-1a6d-4e1d-9435-0e4dd369b7bd,PKA,MEM2,MEM2,C01
8aa692c6-42b9-4c04-8154-83ee2f3929c5,PKA,MSE-AI,MSE-AI,A00
b222c949-b018-4ad5-9777-7c4005100469,PKA,MSE-AI,MSE-AI,A01
17f62946-dfd4-4852-8313-a3e5ca269ea6,PKA,MSE-AI,MSE-AI,B00
8fa0ccfa-8e29-4909-ab8e-b5aa9d7540a5,PKA,MSE-AI,MSE-AI,D07
75cb5641-d803-4529-8336-f4cf23ced960,PKA,MSE1,MSE1,A00
8e54ec4b-357c-41fb-bd4f-ba43521492bc,PKA,MSE1,MSE1,A01
5f555555-b110-41e5-a346-139c0365f737,PKA,MSE1,MSE1,B00
92800846-e2a6-4338-826c-122c4f923cc8,PKA,MSE1,MSE1,D07
e78b7c92-7d8d-4a96-801c-e50925cec2a2,PKA,MTT1,MTT1,A00
1a5343fa-e4ad-4103-9635-c965153e93b0,PKA,MTT1,MTT1,A02
40ae85ce-a9c5-4beb-9e1d-79f4864fab23,PKA,MTT1,MTT1,B00
b94baec0-5998-482f-a5d4-431e3daba702,PKA,MTT1,MTT1,D07
282b501d-fbdc-4430-a90a-7216b3f3af1f,PKA,NUR1,NUR1,A00
57cc0660-01e7-4c19-9abf-4352883c9c94,PKA,NUR1,NUR1,A02
9787a293-a375-4ac3-ba51-8af7b29f12c6,PKA,NUR1,NUR1,B00
31359d25-ef6b-4660-b110-330177c5c576,PKA,NUR1,NUR1,B04
37c274a7-78da-4842-8771-1673aa334bb2,PKA,PHA1,PHA1,A00
722c2d3f-8881-48d3-9dac-733b5cf203a6,PKA,PHA1,PHA1,A02
6e67c875-3f19-4b3f-b9aa-f87f2d5ce4c5,PKA,PHA1,PHA1,B00
1ab0b0a4-d6f6-4785-8f53-02a9bffde91e,PKA,PHA1,PHA1,D07
57478d67-351d-45aa-ad4c-c9225c664376,PKA,RET1,RET1,A00
7738f0b8-8145-4713-8463-f11ac5ef7e44,PKA,RET1,RET1,A02
bb697ca7-2e62-400c-94b7-aca972fa0a12,PKA,RET1,RET1,B00
d3decaf9-6cef-45ca-a40d-eb09f3af4bb0,PKA,RET1,RET1,D07
164d82f4-7bdd-45d7-86f6-bf6ea3739fc3,PKA,VEE1,VEE1,A00
9a7ed050-0836-43a1-b104-45c3258075ff,PKA,VEE1,VEE1,A01
3c3baf16-af85-481e-b6ee-cad70c5eb891,PKA,VEE1,VEE1,A02
dc3714f9-a253-47ea-839c-da67e266725c,PKA,VEE1,VEE1,A10
ffdbbcf4-02de-4be7-965a-74c2019e0a03,PKA,VEE2,VEE2,A00
0a82e839-3043-453c-a991-d58822860c69,PKA,VEE2,VEE2,A01
734acde2-fa3d-403a-a88a-0417927f9713,PKA,VEE2,VEE2,A04
519ae615-bb42-4634-890a-543ee0d25894,PKA,VEE2,VEE2,A10
045b69d6-f01d-41f6-a681-2bb786e6ec99,PKA,BI01,BI01,A00
33db52a2-acfa-4238-9f70-ffbee3e1b3df,PKA,BI01,BI01,B00
944a1cdf-cfe4-4104-aa00-de1bd4d25449,PKA,BI01,BI01,B08
b308c174-5050-440d-a5a2-bfa489868404,PKA,BI01,BI01,D07
7414d2c9-0c56-44c2-b530-101ba8cb76cb,PKA,EEE-AI,EEE-AI,A00
a77c85bc-e160-468a-b3bf-22d382ef5c30,PKA,EEE-AI,EEE-AI,A01
a599bf7f-28dd-4f96-adf5-781392e807e2,PKA,EEE-AI,EEE-AI,C01
67a4e889-0809-4b24-8294-1c58d6a4aea8,PKA,EEE-AI,EEE-AI,D07
5aae2ba1-2c6b-4293-aa88-08474b5ff815,PKA,EEE2,EEE2,B00
5c042380-b70a-4c7a-9111-bd282ed56414,PKA,FBE5,FBE5,C00
a2c74797-9d86-4198-8e2c-8466023254ff,PKA,FBE5,FBE5,C04
74e8b4eb-6d80-45eb-b658-03ddd01aa599,PKA,FBE5,FBE5,D01
ccd32e84-2c63-4b72-8fc5-2d001aebe343,PKA,FBE5,FBE5,D14
b2411d75-56d9-45e3-84b2-2d936b5f978a,PKA,FBE6,FBE6,A01
e35351b1-a12c-4429-be99-5c5b197dbd4c,PKA,FBE6,FBE6,C04
3e72c5f0-09cf-483a-9254-0024f2b9c41d,PKA,FBE6,FBE6,D01
fb236c49-600f-4f5d-9dca-9cbc7850e16f,PKA,FBE6,FBE6,D07
e25b76ec-e381-460f-9560-9b43b648d9d9,PKA,FLC1,FLC1,D09
466430cd-a460-4233-8a2a-eff2d6821719,PKA,FLJ1,FLJ1,A01
ade9caa2-e98e-4c02-a775-7966a9052a18,PKA,FLJ1,FLJ1,D01
c3f19508-c235-43f8-83b7-bf57fec6381a,PKA,FLJ1,FLJ1,D06
0d368564-670c-422c-ba2e-fc4c0f94e525,PKA,FLJ1,FLJ1,D28
2e209e37-e4c1-4c85-9af0-321e2d6531cf,PKA,FLK1,FLK1,D09
b472a91e-562a-4ccf-a369-789f2eae9f37,PKA,FTS3,FTS3,A00
0180713d-ad83-4c66-b61b-b1a6846626e5,PKA,FTS3,FTS3,A01
1c77dc88-f46e-4c25-89bf-bbc32112d667,PKA,FTS3,FTS3,D01
2fdb6865-dce5-4274-849b-505b1b88c104,PKA,FTS3,FTS3,D10
5a2ae410-5b0b-4e07-8e5a-a8c0012840f0,PKA,FTS4,FTS4,A01
52b866b9-a59f-4a09-8272-4b98565b2f92,PKA,FTS4,FTS4,C00
1a638cf4-cefb-4ac2-b831-8b25284b8fe6,PKA,FTS4,FTS4,D01
36032c1e-5e66-4627-8bed-532515f3cfde,PKA,FTS4,FTS4,D15
f4a118b6-bf1f-4274-8242-c7702c99f3ae,PKA,ICT-TN,ICT-TN,A00
35aae71d-dc1f-478c-9f9a-a768f2acd3ca,PKA,ICT-TN,ICT-TN,A01
5017d038-b28a-4e4a-9269-0056eaea82cc,PKA,ICT-TN,ICT-TN,D07
e70bee72-13af-4453-bf05-dcf3bf1bfe91,PKA,ICT-VJ,ICT-VJ,A00
14d4f223-e7f5-4ce8-bcf0-186f7ce2f853,PKA,ICT-VJ,ICT-VJ,A01
12c0dab0-8e7c-41ea-80b6-16d40a7452bf,PKA,ICT-VJ,ICT-VJ,D07
a6b30f88-99c0-4fae-b982-470dae8a9734,PKA,ICT-VJ,ICT-VJ,D28
0b9d3f10-1c6d-47d4-93f9-90d0d4428b97,PKA,MED1,MED1,A00
d6fc060f-22ca-485e-be62-edf743fb685c,PKA,MED1,MED1,B00
c498f45e-5c5b-4076-b100-3f99898c7707,PKA,MED1,MED1,B08
56c8ac69-ce1e-4437-b2d4-7d32735bf710,PKA,MED1,MED1,D07
9b10921a-95a8-4ee7-b815-73ed995a77d0,PKA,MSE-AI,MSE-AI,C01
fa9ec790-a0c9-461c-abb3-86620fdef2ee,PKA,MTT1,MTT1,B08
7ae1d0ba-dcac-46e5-b258-f7757a305e8b,PKA,NJR1,NJR1,A00
601f8154-18b3-4bce-9b87-285753ab36ba,PKA,NJR1,NJR1,A01
67d49b01-cf59-419c-9d7a-25e9865d8b4d,PKA,NJR1,NJR1,B00
2682b773-d367-4950-8a03-0c080d10bdaf,PKA,NJR1,NJR1,B08
3aa45b1a-399a-4a77-b1f3-cd3a53dcc184,PKA,PHA1,PHA1,B08
47caedf9-189a-499e-840c-472f487db7a9,PKA,RET1,RET1,B08
08fb1601-8555-4501-85af-a68f375f0946,PKA,VEE1,VEE1,D01
b10e0872-5b85-4a5e-9c88-45fee39afcd9,PKA,VEE2,VEE2,D01
ac22a37d-9cdd-4410-80ac-89130458df66,PKA,DEN1,DEN1,A00
66d3b179-df8d-4176-b145-750e70f3bf95,PKA,DEN1,DEN1,B00
6d007edc-01f2-405f-bc67-9cbf5014a83c,PKA,DEN1,DEN1,B08
7d1cc9f4-f5bc-413c-87b9-57694f326bae,PKA,DEN1,DEN1,D07
c77137f9-0161-4ba2-81a1-18db6f6ba75b,PKA,FBE6,FBE6,D10
eb2a1c94-9b92-4f82-965a-b54937336846,PKA,FBE7,FBE7,A01
b79db9dc-e3c6-4ac7-9dda-bcfb54094d5e,PKA,FBE7,FBE7,D01
e7e5ec25-626f-4c4b-aaab-24082f275011,PKA,FBE7,FBE7,D07
bf481e22-50a7-4712-a472-3d4343566de3,PKA,FBE7,FBE7,D10
bd076659-6d8c-4797-931c-f32e49727d57,PKA,FLF1,FLF1,A01
23b8a2b8-9a33-4ae9-89ec-a033299b6980,PKA,FLF1,FLF1,D01
204c7d97-fe08-43f9-aae6-7b4a01b2e085,PKA,FLF1,FLF1,D44
c152c8c9-4773-45c4-835d-1b92e1bc71df,PKA,FLF1,FLF1,D64
f18286af-42d3-415f-a7ef-6ec8ad940174,PKA,FOS1,FOS1,C00
c4e89688-353e-4e0c-a337-c0a8cc48d181,PKA,FOS1,FOS1,D01
4830e967-a48a-4a7a-938c-c9591b508e1e,PKA,FOS1,FOS1,D09
7181fb8c-f4d5-47b5-88d9-0799254a8cbc,PKA,FOS1,FOS1,D14
aa5f8bd3-da1d-4472-898a-899bbf9092b6,PKA,ICT2,ICT2,A00
65d76331-e530-468e-aed7-bfa605e7977a,PKA,ICT2,ICT2,A01
c29f57d8-795d-4662-96df-c061d362aa1a,PKA,ICT2,ICT2,D07
5459eae9-fa73-4ae5-aba8-ff7dfa38c831,PKA,NUR1,NUR1,A01
3dd4488f-e718-4de4-a552-85ba369874b4,PKA,NUR1,NUR1,B08
d688e1e0-7332-44d7-a82b-ce47f667b305,PKA,EEE4,EEE4,A00
57aae217-4940-46f4-92b6-f42f40367f70,PKA,EEE4,EEE4,A01
531e230b-892d-4ce7-98ff-bdc392acdaab,PKA,EEE4,EEE4,C01
6f375694-e703-47b2-8c62-add23a109648,PKA,EEE4,EEE4,D07
bc9e53a3-4253-4a7f-b356-8180f483de94,PKA,F0S1,F0S1,A01
cef583ee-b7b1-4d7f-9cb5-488d96e9a4cd,PKA,F0S1,F0S1,C00
d7e2a940-adcb-4889-949a-adfe8b21f2eb,PKA,F0S1,F0S1,D01
a56c19f2-b1a8-490f-9a21-a7765961e197,PKA,F0S1,F0S1,D09
4d6f5bf7-e5cc-474f-8670-c42b68bd0992,PKA,FBE8,FBE8,A01
7acd6342-80bd-40c2-89f5-3690c45a6ed3,PKA,FBE8,FBE8,D01
b013ff19-6791-432d-a80e-901707695dcc,PKA,FBE8,FBE8,D07
4aa89855-dbbf-42c9-8f09-ce2682219b62,PKA,FBE8,FBE8,D10
8ad3ad6c-b182-4137-b328-9fc0d9fe21e5,PKA,FBE9,FBE9,A01
0e179cb0-1a2b-49c2-b615-1b0814213f81,PKA,FBE9,FBE9,D01
9979b5d8-6dd7-4892-8931-940be3ca7ff8,PKA,FBE9,FBE9,D07
67ac77a7-ee90-4b29-a639-037ae6d9141d,PKA,FBE9,FBE9,D10
9d8a2c56-1e93-4bc0-ae44-b5cbde01dd30,PKA,FIDT1,FIDT1,A00
aa040fe7-88e3-4c0a-a513-3f1123261e1b,PKA,FIDT1,FIDT1,A01
2e02cd8a-ec40-4979-93c2-2151702589e6,PKA,FIDT1,FIDT1,D01
c4c3fb56-a6ae-4c81-9f01-e73241019494,PKA,FIDT1,FIDT1,D07
444a1ecc-f4e2-4d60-8aeb-dc7a6baa7e05,PKA,FIDT2,FIDT2,A00
9eb2e95a-443d-4ea5-bbf9-f7109d5eba83,PKA,FIDT2,FIDT2,A01
09a56d02-69a4-409c-943c-75746a5bcbd0,PKA,FIDT2,FIDT2,D01
3a1ef95d-733a-4d7d-912d-3fae70709887,PKA,FIDT2,FIDT2,D07
da6e316e-34ef-4c7b-8fe0-fb55d3b228f2,PKA,FIDT3,FIDT3,A00
db018c46-56fa-4a8f-92aa-e3149b3fe186,PKA,FIDT3,FIDT3,A01
bc0e9164-40c3-4b02-8abc-cba12a030835,PKA,FIDT3,FIDT3,D01
03da6f4d-04b2-4911-af3e-f9a7d9c2eb72,PKA,FIDT3,FIDT3,D07
efcd3b3a-69b1-4ebc-9d27-0b4416bbcbad,PKA,FIDT4,FIDT4,A00
ef8531c2-f59f-4742-95d8-b68b17b001b1,PKA,FIDT4,FIDT4,A01
31a596b3-1e2b-40ca-83cd-e99dc5a4afe9,PKA,FIDT4,FIDT4,D01
799a5edc-82da-47ff-9331-75b5500ebc5e,PKA,FIDT4,FIDT4,D07
5214bff6-2732-4a66-ad53-7365c9bf5873,PKA,FIDT5,FIDT5,A00
98c967b5-fb4d-4637-bba8-56e635dddd1e,PKA,FIDT5,FIDT5,A01
ed9f341a-7197-4a7a-97a5-04e650a01837,PKA,FIDT5,FIDT5,D01
69d25132-e576-4f7d-a6d9-ae583ba5fcd0,PKA,FIDT5,FIDT5,D07
c35debf0-ee44-41c8-a05b-782954af1191,PKA,FLE1,FLE1,A01
d6b0f1ae-5fa8-4cb5-8d55-2081e7d2451c,PKA,FTME,FTME,A00
a5d6cf35-09ed-4d59-93a4-eb3dc40d3992,PKA,FTME,FTME,B00
23906656-4b67-4fe1-bab9-57dd2b2661b1,PKA,FTME,FTME,B08
9c166a9a-adca-4e60-a543-3e0f475d4278,PKA,FTME,FTME,D07
f2ae4058-af90-4b71-817d-0e7efc3444df,PKA,HM1,HM1,A00
b6612634-ca5b-4a42-a2fd-f3fcf54240b9,PKA,HM1,HM1,A01
a2c24221-41ce-43fd-939b-d72a2860bae0,PKA,HM1,HM1,B00
071a3a27-f045-496e-85a7-b6bb273a7720,PKA,HM1,HM1,D01
ea0187f0-bf92-4764-ba5e-1e1ba824bfdc,PKA,ICT3,ICT3,A00
fa61ea7e-5340-4d72-a3a5-086ecf8b75c6,PKA,ICT3,ICT3,A01
751cc68c-d1b6-4179-b659-68a73489d91d,PKA,ICT3,ICT3,D07
f3608cdf-fc32-47a7-a506-46071412121b,PKA,ICT4,ICT4,A00
61f26fb8-ffa7-47b5-a6b4-f53d0e4dbb0f,PKA,ICT4,ICT4,A01
4aa9b269-8c41-4a6b-8935-4b461e58fc1f,PKA,ICT4,ICT4,D07
29b54ce7-b64b-4882-b9a7-c4c119a146f7,PKA,ICT5,ICT5,A00
91174c01-65f3-4148-bada-95922dd633b4,PKA,ICT5,ICT5,A01
dbbd3856-3cff-4f14-baf7-51ce2bb672ef,PKA,ICT5,ICT5,D07
493b52a5-76f8-4db9-985d-8afba9bac95e,PKA,MSE-IC,MSE-IC,A00
b50fae71-6559-4b4a-8f9d-49518d6afa33,PKA,MSE-IC,MSE-IC,A01
698c2bb0-00b7-4935-acd9-4eac143ea3cc,PKA,MSE-IC,MSE-IC,B00
5f201a3a-ac29-4642-bbe5-a1b73d5b3f85,PKA,MSE-IC,MSE-IC,D07
1b19b4da-0cac-4565-b8f6-5f2760a19aad,PKA,RTS1,RTS1,A02
c4bddbc2-ab76-47d0-b92c-f3cf85007abf,PKA,RTS1,RTS1,B00
f65f4e5b-9af1-46f4-b781-bd45396d90c4,PKA,RTS1,RTS1,B08
e640535e-4802-4ff9-86c1-69b231ffb05a,PKA,RTS1,RTS1,D07
42b9089f-7f26-4477-b27b-abe6b23ccfcf,PKA,VEE3,VEE3,A00
b82a0d35-327d-4ee4-a47c-8302f2d10a52,PKA,VEE3,VEE3,A01
a9912ae7-8329-442c-b858-26da2ea67500,PKA,VEE3,VEE3,A10
8b434e6b-5192-4020-85b0-45d881184e65,PKA,VEE3,VEE3,D01
49f16008-67df-4760-b5d9-506e5b17ff5f,PKA,BI01,BI01,X14
c7130d43-951a-4e57-9377-1fdc1aa19364,PKA,BI01,BI01,X15
8afdad34-8ca2-4a35-a4ff-c70c513defee,PKA,BMS,BMS,A00
bd5d5440-027b-4f8b-97be-d8cefa168ae4,PKA,BMS,BMS,B00
2208fb16-424e-4fdc-befd-b049ffbd5b91,PKA,BMS,BMS,B03
dd41653e-4fc7-48ae-87a5-7f12ce4645ee,PKA,BMS,BMS,B08
abfc486e-f176-406d-95e7-04680da4b590,PKA,BMS,BMS,C02
163223ac-2d6d-48a0-a389-8b2394094baf,PKA,BMS,BMS,D07
8b53d39a-7a6e-42d0-be54-0ef56b0ec6f3,PKA,CHE1,CHE1,X10
29b172ee-3986-44d8-8096-3bfa5fd95c83,PKA,CHE1,CHE1,X11
08918f0e-6ca1-4e67-ae08-92c961d81a0b,PKA,DEN1,DEN1,B03
26e9c19c-7585-4ddf-8d42-910f58698b94,PKA,DEN1,DEN1,C02
734f2a8a-1991-440d-a123-da11d30884bd,PKA,EEE-AI,EEE-AI,X06
345ed1d3-85f3-48d6-973b-12f7d1b13348,PKA,EEE-AI,EEE-AI,X26
7d9cd3b4-5135-4068-8e24-ac8783d5c1cf,PKA,EEE1,EEE1,X06
dd16dba4-549b-4bf1-969b-5d3bbd9202bd,PKA,EEE1,EEE1,X26
9438fa95-0758-4823-af56-e9900ebab7d5,PKA,EEE2,EEE2,D08
74d3473c-f8fd-4d91-8f39-285da962ce0d,PKA,EEE2,EEE2,X10
1efd8e70-d188-4ab0-8cab-120969875a51,PKA,EEE2,EEE2,X14
fe7daefe-65da-49c8-a4a4-1f11bd8491b2,PKA,EEE3,EEE3,D08
5bdc5aef-0f39-49f0-8efa-43bb3fbfeff3,PKA,EEE3,EEE3,X06
282f9663-5cce-45f5-8668-a770352d7b58,PKA,EEE3,EEE3,X26
389cea2f-2802-45ac-8716-90d8aa66313e,PKA,EEE4,EEE4,D08
c75f1a15-8bb4-4a74-bef5-3549e23a4a96,PKA,EEE4,EEE4,X06
15e9f284-6687-45e5-bc1b-d0552288c465,PKA,EEE4,EEE4,X26
5f43ea07-6731-4a1a-8bc5-8664fb94ef3b,PKA,F0L1,F0L1,C00
06f21af0-0a99-470c-b400-fb7b8bac1d07,PKA,F0L1,F0L1,C03
5965e6b2-c481-4965-b779-af059880a2ac,PKA,F0L1,F0L1,C19
e88a8a2c-3121-4bc6-8c7b-340ed309e5cf,PKA,F0L1,F0L1,D01
729660e0-a389-41b8-b5e4-fd7ba7b85b4a,PKA,F0L1,F0L1,D12
2a1fc8a5-6d40-4381-8ac5-456d329cf35c,PKA,F0L1,F0L1,D13
ce9465d9-b653-459b-86a1-0c34de0ef5c7,PKA,F0L1,F0L1,X70
da8b495c-39a8-45a1-903e-5ccd1fe14387,PKA,F0L2,F0L2,C00
eb7a5258-7fe5-419a-a9fd-c47c5a3c9c6f,PKA,F0L2,F0L2,C03
c68b64d0-3d0c-45c3-8561-cac3f289266a,PKA,F0L2,F0L2,C19
5b4f814e-c33d-40c8-beb5-76a923b4972a,PKA,F0L2,F0L2,D01
828ebf43-657d-407d-b9f5-2857a7d5df15,PKA,F0L2,F0L2,D12
9d030dba-a43d-4c72-abee-48ded2c50b0a,PKA,F0L2,F0L2,D13
552108aa-d064-452d-b24a-4260ec5b5130,PKA,F0L2,F0L2,X70
f9161abc-6988-46ec-9c61-7c64fadc269f,PKA,F0L3,F0L3,C00
ab05a63d-48b7-4439-be0f-7abc88872378,PKA,F0L3,F0L3,C03
8bcb945e-22e1-4cb3-bb18-c7a907d59c52,PKA,F0L3,F0L3,C19
6725c80a-082a-40b7-a191-bf2e74cd05ee,PKA,F0L3,F0L3,D01
3569e60a-0bd1-414e-875e-aa2f88f1513b,PKA,F0L3,F0L3,D12
8efa99b4-887e-45c2-b5cc-6c63ae70da77,PKA,F0L3,F0L3,D13
67cb6b25-8f10-49d0-ba60-65e2a974a607,PKA,F0L3,F0L3,X70
c66dcf63-2ae9-44cd-8b24-a3ff916c03bd,PKA,F0L4,F0L4,D01
89dee7ad-4488-459a-b817-3c56619b8e74,PKA,F0L4,F0L4,D11
d105016a-5f42-4488-8594-19b690e2f679,PKA,F0L4,F0L4,D12
e7a5d3f6-1346-4489-85e3-2e47618ee256,PKA,F0L4,F0L4,D14
e51c1a5b-3511-4a15-8532-7a23ea5c177c,PKA,F0L4,F0L4,D15
5d26287c-271f-4050-9276-98eb1630f02e,PKA,F0L4,F0L4,D66
46af6dfc-ae19-4524-a5c9-b7d4d5b33777,PKA,F0L4,F0L4,X78
b12a1170-d002-4d97-9ccf-f391ab366f4b,PKA,F0L5,F0L5,D01
5b2db201-0631-48ba-a947-9ce0a6bb998b,PKA,F0L5,F0L5,D11
9899e3be-ff16-4672-b23f-3f3b53e68e4f,PKA,F0L5,F0L5,D12
bdb32077-2177-43d3-8b8d-2b632be73914,PKA,F0L5,F0L5,D14
401c9b52-81c1-41fd-a55f-08d45a2093e9,PKA,F0L5,F0L5,D15
5f033256-fa55-4f4a-acb5-8e41ed092a9b,PKA,F0L5,F0L5,D66
842ac5c9-8376-4eef-b0a0-48caad2cc286,PKA,F0L5,F0L5,X78
69ce4a8e-ac41-4ec1-8b53-012ed1a1b567,PKA,F0S1,F0S1,C03
1659b884-3792-40a7-92d9-8ec9b586edeb,PKA,F0S1,F0S1,C19
36f2da30-c9da-4024-a21a-4282bef1b4f7,PKA,F0S1,F0S1,D14
dc8a27e8-ba9b-465d-a150-f07f1fa9f5fb,PKA,F0S1,F0S1,D66
0bd9bdd9-d6e0-423a-971a-15804a144d83,PKA,F0S1,F0S1,X70
8f4ac4b7-eb59-495a-a999-17fdbfe48312,PKA,F0S1,F0S1,X78
9dbf8c78-6fee-4d09-b1ad-82aec7d86690,PKA,FBE1,FBE1,A07
d0f790d8-b86b-4679-b5fc-c6a6ad0b216c,PKA,FBE1,FBE1,A08
4efb1ce7-a900-433b-847f-426eac286d96,PKA,FBE1,FBE1,X17
71de26d6-02dc-4765-aa35-4529ae133bb2,PKA,FBE2,FBE2,B00
7f7476aa-c9ff-47e8-84e3-f8bb5e77e04f,PKA,FBE2,FBE2,B04
10655f1f-6622-4774-ae73-d112cb39c0a9,PKA,FBE2,FBE2,X13
0c2bd384-1377-4062-9d4b-0686b70941ed,PKA,FBE3,FBE3,B00
5601a398-ed2e-4b8e-9416-17f081df44cd,PKA,FBE3,FBE3,B04
5d6dcedd-fe7c-4732-b0ab-65b13bb99c06,PKA,FBE3,FBE3,X13
e87aa4f5-a87b-4a80-8a4e-cdd8748e0951,PKA,FBE4,FBE4,A07
9c6099dd-534e-4fd1-954b-feb8743b32d5,PKA,FBE4,FBE4,A08
fe49166f-8cf6-410b-917c-b5d2068ca062,PKA,FBE4,FBE4,X17
b8fd7448-1e5a-43e8-b34a-cfbb7deceedc,PKA,FBE5,FBE5,A00
5689d012-cff4-46f8-a229-d8f774d89434,PKA,FBE5,FBE5,A01
cee59495-cc19-421f-9416-7879c98b22db,PKA,FBE5,FBE5,B00
7ea62203-4ac4-4c18-bde7-df3d3717e515,PKA,FBE5,FBE5,B04
d5950e4f-627d-4d63-9fa3-c92c26dcf850,PKA,FBE5,FBE5,D07
6ed4cd0e-c2de-4c0a-bdbd-5b7043f72b2d,PKA,FBE5,FBE5,X13
16dc8d72-6057-49b4-b9d9-886fe0ddb582,PKA,FBE6,FBE6,B08
8de0d159-8a02-4b4b-9471-a2da03051c5a,PKA,FBE6,FBE6,D09
5d8ef45f-ad5f-492e-9949-17059737d7a6,PKA,FBE6,FBE6,D84
f5073223-f53b-4bbe-8496-a9fd951a128a,PKA,FBE6,FBE6,X25
60750f83-6f6a-48b8-bc81-c99578701038,PKA,FBE7,FBE7,B08
764ea351-e715-47cf-bfef-7c2805d3b95a,PKA,FBE7,FBE7,D09
e834ffe1-d6d1-4beb-a29d-94fbb398ec3d,PKA,FBE8,FBE8,B08
b7c6d1d5-dd52-4410-a801-91dfd7c52bf3,PKA,FBE8,FBE8,D09
f778945e-89e2-4c21-b57e-8b2dbc2a3327,PKA,FIDT1,FIDT1,D84
71cb7c16-3ec3-4969-a887-c48345255e0d,PKA,FIDT1,FIDT1,X25
19efa1b6-261a-4158-b04d-d2ad43f3f0f1,PKA,FIDT1,FIDT1,X26
139d98c4-cdbc-4935-ab34-ed9999892d55,PKA,FIDT1,FIDT1,X27
af29b28d-12f4-412c-b16a-57c17eefde76,PKA,FIDT2,FIDT2,D84
e350a656-bd3e-4360-b2d5-b654eb761011,PKA,FIDT2,FIDT2,X25
94757301-443f-4f5f-b823-bb53a786c828,PKA,FIDT2,FIDT2,X26
86dc8ea4-086c-4eeb-961f-34d3142bdc52,PKA,FIDT2,FIDT2,X27
156da2e4-ef50-474c-8109-68d323aa7431,PKA,FIDT3,FIDT3,X26
543cb2d4-79fc-4681-b0c9-366feb59a548,PKA,FIDT3,FIDT3,X27
bbfcc666-99bb-4de2-a7e4-9a1145feceec,PKA,FIDT4,FIDT4,D84
3e3d7463-0cd7-4ab5-b7b7-fc1a2cd5e28b,PKA,FIDT4,FIDT4,X25
7f41cfcd-9c07-40ab-aafd-30c0c733c714,PKA,FIDT4,FIDT4,X26
0b7c47f5-175d-4c66-8c95-af39ee561828,PKA,FIDT4,FIDT4,X27
640ec927-a596-41d7-9259-576d145325a2,PKA,FIDT5,FIDT5,D84
89486bbd-7d9b-4552-a17e-85e01511285c,PKA,FIDT5,FIDT5,X25
c72a319a-e465-4837-ace2-64d44c7574fb,PKA,FIDT5,FIDT5,X26
8d129272-0cb5-4408-843f-8f834540b283,PKA,FIDT5,FIDT5,X27
39d3d357-2440-4af3-947e-c29fdc2b22ab,PKA,FIDT6,FIDT6,C00
ef931089-2486-4007-9746-f698cfa31f76,PKA,FIDT6,FIDT6,C01
4f751c28-92bb-4e4e-ae1c-e0ef8eba62e5,PKA,FIDT6,FIDT6,C04
8b600507-c5db-4daf-b0da-bd2c7abeca89,PKA,FIDT6,FIDT6,D01
a75b9e25-f86d-4a19-aac1-980df0921be3,PKA,FIDT6,FIDT6,D84
3fd5fa7d-e489-4a24-84c0-e897d46b80f7,PKA,FIDT6,FIDT6,X25
044ccbe2-cdc5-4d82-bec2-721920f55e51,PKA,FIDT6,FIDT6,X27
a055a3a1-d9eb-4502-b6ea-7a9a1d048e34,PKA,FIDT7,FIDT7,A01
afa0561c-d53e-4635-8614-0eb33a24d327,PKA,FIDT7,FIDT7,D01
067fe5b2-fa26-413e-92da-3b8c78abc7f8,PKA,FIDT7,FIDT7,D07
5751a72c-6cd8-448c-a5cc-ca39c8e0bc93,PKA,FIDT7,FIDT7,D84
c0748f57-cd70-479a-88b9-d023676cb3a7,PKA,FIDT7,FIDT7,X25
a17b809d-6508-4fb6-abc4-1b2ae5e91467,PKA,FIDT7,FIDT7,X26
b0dfd648-a9f4-4789-ba59-d373ef6b4d40,PKA,FIDT7,FIDT7,X27
8316a088-6c9b-408d-871a-0faebf2e8fbc,PKA,FLC1,FLC1,D30
ea586b97-a156-44d4-9ff8-8b166d33e52a,PKA,FLC1,FLC1,D84
9340f0f5-35a0-4f6a-a27c-6646772b7ad5,PKA,FLC1,FLC1,X25
bd65f7c7-ffcc-46b9-8cdf-714579893860,PKA,FLE1,FLE1,D10
f673d4c2-e4f5-4695-9a7a-a47af7697b0e,PKA,FLE1,FLE1,D84
93c02189-c22f-4d68-8acf-bdfacda32ba3,PKA,FLE1,FLE1,X25
667fe8b0-d4fc-4df0-8098-0aaddbdc0fad,PKA,FLE1,FLE1,X26
15e84dd5-8cd2-4909-964a-a26a088c0d8f,PKA,FLF1,FLF1,D03
81b3e838-f86a-46c5-9fe1-796d8644d6f7,PKA,FLF1,FLF1,D09
57c066ec-7e32-4109-bbce-c6d979cff8a1,PKA,FLF1,FLF1,D20
b07f32be-03f3-415b-9cdd-42417580c33e,PKA,FLF1,FLF1,D89
249f4898-bea3-44ef-b731-cecbab24acfb,PKA,FLF1,FLF1,X37
41af1d06-8368-4f65-9198-4d3ccbb79816,PKA,FLJ1,FLJ1,D09
715a8672-1007-4155-8148-af13a449655b,PKA,FLJ1,FLJ1,D10
c5c82504-4080-4f4f-9664-0705ab180b25,PKA,FLJ1,FLJ1,D15
e9f3b079-e492-4d5c-ae29-d600e92fbfbf,PKA,FLK1,FLK1,D10
1e2e6553-5c71-4080-8182-9abd464e65ee,PKA,FLK1,FLK1,D84
eea2d5ee-77fa-4a98-8777-406cf55b07e0,PKA,FLK1,FLK1,X25
80736f93-45a5-4c36-8487-27fd174eb2a8,PKA,FTME,FTME,B03
c9499efc-3eb8-44e8-ad0e-2842498fb227,PKA,FTME,FTME,C02
0834ab55-2704-433d-adea-eac6949b791c,PKA,FTS1,FTS1,A00
d638732b-ddbe-4538-b55c-27d27a344a72,PKA,FTS1,FTS1,C03
410cc06c-bb59-4c37-8cf5-19024669dba6,PKA,FTS1,FTS1,D09
29f0bc1d-9a76-4eff-8318-d03309624afa,PKA,FTS1,FTS1,D10
c2dc78c1-6156-45e9-b7d4-722673cb21fb,PKA,FTS1,FTS1,D84
eb60b8aa-9fbd-4af7-861f-68dc584d6f72,PKA,FTS1,FTS1,X25
1d8d951d-482c-4bdd-9bc3-0937761bbd1b,PKA,FTS2,FTS2,C03
5d472c7e-2375-4969-8218-5b595480111e,PKA,FTS2,FTS2,D09
ab7e31a5-4ff9-45fa-a6b6-0b4a07fef99c,PKA,FTS2,FTS2,D84
2fca4271-9efd-49af-9cc9-f52eaeb2f548,PKA,FTS2,FTS2,X25
f73b880c-84e1-4556-aceb-b0ee630b8653,PKA,FTS3,FTS3,C03
282885bf-3d6c-4c35-8ee2-43bad4dc6952,PKA,FTS3,FTS3,D09
a860a9a6-1dbf-4580-a7d2-ebd2497728db,PKA,FTS3,FTS3,D84
9e2fc1cd-1608-49c8-b6bf-5f059fed491d,PKA,FTS3,FTS3,X25
97baec22-f0aa-45ab-a040-1ba872e7b58c,PKA,FTS4,FTS4,C03
4599e090-6b55-41db-8856-0a707ed9e808,PKA,FTS4,FTS4,D14
8696be44-acf7-48a4-8099-171fb1c3e4fc,PKA,FTS4,FTS4,D66
a8b017cb-bdc2-43f6-ae31-e242b829a42e,PKA,FTS4,FTS4,X78
251659ba-5440-45ba-83c1-e2155c423fa4,PKA,HM1,HM1,A02
4d5f42ef-d8a9-414b-93b5-a3a1c07be510,PKA,HM1,HM1,B03
eb7e8751-ec86-42fe-afa4-4fc68504dcee,PKA,ICT-TN,ICT-TN,X06
43227821-77a0-4f04-bdaf-2290e25f788a,PKA,ICT-TN,ICT-TN,X26
d457bdc9-1519-4f3d-9492-f8b59c363058,PKA,ICT-TN,ICT-TN,X27
ea2e68cb-6452-4386-9c65-30b9f93adb73,PKA,ICT-VJ,ICT-VJ,D01
5130f52c-83b0-40fe-90a6-45f6220612e0,PKA,ICT-VJ,ICT-VJ,D06
25cdecd5-0d17-4f3f-9da1-e044318dd9b5,PKA,ICT-VJ,ICT-VJ,X06
cce0afbe-c039-476a-b950-db711644fe77,PKA,ICT-VJ,ICT-VJ,X26
640bb847-f720-49c4-bf9a-ca85e9a75d3d,PKA,ICT1,ICT1,D01
e3b4cad1-f5e4-4c6d-bdf0-26b74d3e0337,PKA,ICT1,ICT1,X06
4dff1303-bff9-4112-bca5-bb8f36c469a1,PKA,ICT1,ICT1,X26
012a7a3f-a9e4-43ed-be39-5ba5fbaf059d,PKA,ICT2,ICT2,D01
1fc9fb3e-cd2a-46ed-80aa-30fe9870bd45,PKA,ICT2,ICT2,X06
0896ab46-f1ee-41f3-92be-78d6a60fa7e3,PKA,ICT2,ICT2,X26
26ef2f76-53e5-48f5-be4e-6d3e20b7e187,PKA,ICT3,ICT3,X06
b44a3193-51db-4502-999d-5598a4aaa90a,PKA,ICT3,ICT3,X26
3bec0c7d-e8d0-4c9f-98a0-2addd10fcc93,PKA,ICT3,ICT3,X27
9da46ea7-be1b-47e0-bc9e-2e5b0986f9e4,PKA,ICT4,ICT4,D01
c9285c63-563b-47f0-b7a9-8719db0b9bd6,PKA,ICT4,ICT4,X06
edac0694-7b5b-495c-a411-80b201e7e3bd,PKA,ICT4,ICT4,X26
3f5a2ab2-d93f-4ef0-afbc-d17a226252f4,PKA,ICT5,ICT5,D01
691dda41-cc40-4230-a4c8-7c8022fc4b15,PKA,ICT5,ICT5,X06
7ad5ddaa-6115-4a9a-a7ec-37eb44e73937,PKA,ICT5,ICT5,X26
f9d2baa0-0a6f-4c98-97bd-3dd620658969,PKA,MED1,MED1,B03
5eb0881f-8fab-4c10-b89a-d0116331f445,PKA,MED1,MED1,C02
c4d97002-ba4a-48ba-9b39-cb83443b63ca,PKA,MEM1,MEM1,X06
2e4bb790-d365-4e46-a704-9cdca498ac37,PKA,MEM1,MEM1,X07
6a88b4fe-ee60-4d9e-8c86-6be94ab30862,PKA,MEM1-IMS,MEM1-IMS,A00
656e62cf-aa35-4b09-bec0-098195801738,PKA,MEM1-IMS,MEM1-IMS,A01
3aa6f5c7-96b5-4662-b7c4-12184fd879f2,PKA,MEM1-IMS,MEM1-IMS,A02
971a9265-84a4-42a3-8a6f-73b8fa1bf705,PKA,MEM1-IMS,MEM1-IMS,C01
ee69ef3f-3ec6-4259-8e41-a61c08d51167,PKA,MEM1-IMS,MEM1-IMS,X06
67648f62-8303-441e-8aa4-02dc4a763ef8,PKA,MEM1-IMS,MEM1-IMS,X07
05fdf3c2-efdf-4ffb-9ebb-7832f1f053c8,PKA,MEM2,MEM2,X06
10b0888e-a9fc-4077-aaaf-fba6a154cbaa,PKA,MEM2,MEM2,X07
724dfd2d-92d1-4ae8-9e38-4cdac37e72fd,PKA,MIW,MIW,A00
ff0f7c06-88b2-486b-b265-7bb8bf7b0b19,PKA,MIW,MIW,B00
57c54259-ebe5-4434-ab18-1c806475516d,PKA,MIW,MIW,B03
433c2d85-88a4-48d4-8c77-e789cceac454,PKA,MIW,MIW,B08
b145679d-d46a-4061-9159-deeef251b7ba,PKA,MIW,MIW,D07
1df41444-9f16-41ae-8a42-444d292910d4,PKA,MIW,MIW,X14
f5be4fe2-da4e-4413-95a0-3ec91256f211,PKA,MSE-AI,MSE-AI,X06
fa6339fd-fc38-4204-9af9-3dfc5fa241e0,PKA,MSE-AI,MSE-AI,X07
96de00c0-a228-4b83-8354-f9958f54f74d,PKA,MSE-IC,MSE-IC,X06
47211dea-16a3-4084-a491-58468f66f6fc,PKA,MSE-IC,MSE-IC,X07
7bd66fbc-0884-4d5f-a547-1b93a2e242b2,PKA,MSE1,MSE1,X06
d7198be1-ad0a-49dc-9d01-d22983b1674a,PKA,MSE1,MSE1,X07
71ce3c10-2659-4eda-af11-efee96beb597,PKA,MTT1,MTT1,B03
e05a69ee-5300-4879-a768-856513a65abd,PKA,MTT1,MTT1,X10
216ef8ca-e0d0-48de-8477-16e549645ac3,PKA,NUR1,NUR1,B03
267ded84-bfb7-4a4a-8e17-f48e5b40e182,PKA,NUR1,NUR1,D07
e75cbc8a-5caf-45d9-91ce-191627530b98,PKA,NUR1,NUR1,X14
e3845edb-a93c-4f54-87fb-4d5a7b86c6dc,PKA,PHA1,PHA1,X10
c6f50efc-9951-4e5c-bf9f-35e4dbde6b15,PKA,PHA1,PHA1,X14
f60c81f6-e0e1-4242-8c2a-7567dd6911c3,PKA,RET1,RET1,B03
edddc700-3512-4b24-8816-bbefc0a45420,PKA,RET1,RET1,X10
187584cd-cc1e-4986-9228-f42b2467b109,PKA,RTS1,RTS1,A00
be669ad1-8b72-445a-b55d-d99e4e5a1709,PKA,RTS1,RTS1,B03
0f04875a-a737-445b-a699-0ba09fea0f48,PKA,RTS1,RTS1,X10
12d179c3-64bb-4742-9931-7e53a3611251,PKA,VEE1,VEE1,A04
fd0dfb99-81b8-43b5-a751-059393f1ea86,PKA,VEE1,VEE1,C01
b5868d0f-b7f1-476b-a1c4-ab619b15707f,PKA,VEE1,VEE1,D07
8ef8a5dc-c2f2-4ff5-848a-969e8d4f4be5,PKA,VEE1,VEE1,X06
1d0a4e91-5c32-42ff-a8f7-c748d64464a5,PKA,VEE2,VEE2,C01
1fea3d0a-b411-4406-bd04-f8e111c02a05,PKA,VEE2,VEE2,D07
ab3fb863-c490-40fc-ae9a-14b13f68cffb,PKA,VEE2,VEE2,X06
67ee39bc-fedb-4291-9067-8a5498b11d64,PKA,VEE3,VEE3,A04
d6151da8-1a0f-439f-822d-9378c0a81b64,PKA,VEE3,VEE3,C01
b2b3d6c6-69aa-409f-9523-9ab68be45fd1,PKA,VEE3,VEE3,D07
adb198fc-a334-44ba-a451-1dd94b9506f6,PKA,VEE3,VEE3,X06
df223b8f-29b4-4f13-96fa-d75441cc78b2,PKA,B01,B01,A00
fc6a4aaf-384e-418e-b9d3-a2a5a59b003a,PKA,B01,B01,B00
cf80face-c90b-4ffe-a983-189a4f463ad3,PKA,B01,B01,B08
76e42f0a-57cb-43f3-bd38-40514b6df346,PKA,B01,B01,D07
15a02bc4-fb55-410c-90f8-d677e0a7cda2,DKS,7380101,7380101,A01
df157c35-e9c4-433e-90a2-29ae2a0c1704,DKS,7380101,7380101,C00
a55313db-a3e1-4d51-bee8-db461b613add,DKS,7380101,7380101,D01
a794fcc1-94ad-4a16-b85b-5b5250b0087c,DKS,7380101,7380101,A00
715c01a1-7d5a-4d80-9cae-a0dfbb123b7d,DKS,DKS-KS1,DKS-KS1,D01
1f86ae8e-21bb-4355-a496-09f37e4fe2a5,DKS,DKS-KS1,DKS-KS1,A00
71991d1f-e209-400c-a4c8-2b9dc64019e8,DKS,DKS-KS1,DKS-KS1,A01
656b8989-24ad-42d9-8443-e0509960eaa2,DKS,DKS-KS1,DKS-KS1,C00
e11e75af-88ae-4813-8242-a891e4374ffd,DKS,DKS-KS2,DKS-KS2,D01
1a28d4fc-d1e6-46b1-a636-79da35a978e8,DKS,DKS-KS2,DKS-KS2,A00
325e6dc3-ed3f-4b06-8bc8-4c33f2697e71,DKS,DKS-KS2,DKS-KS2,A01
82db9aaa-b2ed-4ad4-8d46-ec12ea1885eb,DKS,DKS-KS2,DKS-KS2,C00
aacf7aa2-fed0-4cdd-a7fd-63b15d35acf3,DKS,DKS-KS3,DKS-KS3,D01
9eef8424-7ae9-4f8b-8cfb-78cbd1bc3827,DKS,DKS-KS3,DKS-KS3,A00
c5b1d51a-2e68-4b7c-bb63-dd4d3d2e7743,DKS,DKS-KS3,DKS-KS3,A01
d22359a0-e226-45a5-ab2f-336211d10588,DKS,DKS-KS3,DKS-KS3,C00
0d14889c-7678-485a-ae38-78518cb44969,DKS,DKS-KS4,DKS-KS4,C00
f68d913f-0621-4786-be03-f853022431c2,DKS,DKS-KS4,DKS-KS4,D01
fbbb00fb-62ac-479d-a859-b31239e6708a,DKS,DKS-KS4,DKS-KS4,A00
005c3b9a-d9cb-425c-a707-0ea76fecb510,DKS,DKS-KS4,DKS-KS4,A01
77b3d688-2d41-4c0f-a4d8-4fa06fdf60f7,DKS,DKS-LKT,DKS-LKT,A00
ef043234-ca63-4684-9a00-d2254ece344a,DKS,DKS-LKT,DKS-LKT,A01
99e76456-d8fb-42ca-bc51-81b3b063baac,DKS,DKS-LKT,DKS-LKT,C00
6ec25fd4-5488-405d-b215-52ab473196ff,DKS,DKS-LKT,DKS-LKT,D01
862193ea-7bbf-4573-b2b0-9925d970ffbf,DKS,DKS-LUAT,DKS-LUAT,A00
4c5ef16a-1d5b-44a1-b589-4299bba307dc,DKS,DKS-LUAT,DKS-LUAT,A01
86166cdf-f904-40be-914c-810d67405bd5,DKS,DKS-LUAT,DKS-LUAT,C00
33559307-5098-4c1a-b951-3a9266254eac,DKS,DKS-LUAT,DKS-LUAT,D01
ce79d835-bf2d-44f7-b7c5-17f56455e93c,DKS,DKS-KS1,DKS-KS1,D09
ff4bf9d2-b1b3-402a-8ebc-d6072cebabee,DKS,DKS-KS1,DKS-KS1,D14
df9966d3-30ee-47a2-b4d5-9d4fabac6b89,DKS,DKS-KS1,DKS-KS1,D15
ac190fba-b6c3-4285-b183-3e824b50f9f6,DKS,DKS-KS1,DKS-KS1,D07
400c1ee4-64dc-4031-add6-74e12ca7ca5a,DKS,DKS-KS1,DKS-KS1,C01
27f2ecae-9b39-49c1-8bc4-fe092a1f52cd,DKS,DKS-KS1,DKS-KS1,C02
5d373f9c-9c12-4004-988b-d9475fc5f046,DKS,DKS-KS1,DKS-KS1,C03
ece7fc27-ad9d-4634-b3d8-fe27f8997ff7,DKS,DKS-KS1,DKS-KS1,C04
cc8f3d51-66e6-48bb-a2e0-c95f99654309,DKS,DKS-KS2,DKS-KS2,D07
8510656c-8711-4bde-b721-2c9536e78715,DKS,DKS-KS2,DKS-KS2,C01
babc6219-18d6-46ef-89fd-1761419b8bd5,DKS,DKS-KS2,DKS-KS2,C02
d36844cf-d315-4de2-ae72-f9331433d39a,DKS,DKS-KS2,DKS-KS2,C03
0663c80e-940d-4c97-934f-ae2345da0ca1,DKS,DKS-KS2,DKS-KS2,C04
e4e6aa57-d16b-4622-8323-5b461c437700,DKS,DKS-KS2,DKS-KS2,D09
dc97d642-598c-42a8-ac9b-a98e4d625199,DKS,DKS-KS2,DKS-KS2,D14
bcd7efb2-497d-4d7d-9fda-2adaa3b31929,DKS,DKS-KS2,DKS-KS2,D15
79a184b7-7ed0-45b9-acaf-92330cc56a8e,DKS,DKS-KS3,DKS-KS3,C01
55eca79c-93ca-4f36-970a-70325531cc3d,DKS,DKS-KS3,DKS-KS3,C02
51f7f529-be97-46d4-9c17-fe8dd3398c6d,DKS,DKS-KS3,DKS-KS3,C03
703185e6-d349-4bb8-a13a-e30a6ff987a4,DKS,DKS-KS3,DKS-KS3,C04
70a39ce7-f75c-4577-86b4-d7468fb602b7,DKS,DKS-KS3,DKS-KS3,D09
17bf8d6c-cb8d-4856-916e-67d6a7d3c2c9,DKS,DKS-KS3,DKS-KS3,D14
e8a6c118-f517-4cff-9ff6-896e489d724e,DKS,DKS-KS3,DKS-KS3,D15
314ef070-7f5a-40aa-99e6-676aa0ac0914,DKS,DKS-KS3,DKS-KS3,D07
010e572e-846f-462c-a9fb-895603d91538,DKS,DKS-KS4,DKS-KS4,D09
dca840f7-842a-485c-b4a8-ef3e08d04408,DKS,DKS-KS4,DKS-KS4,D14
2b50754d-26cd-4bab-9c2f-f5a398eaa04f,DKS,DKS-KS4,DKS-KS4,D15
e5d88500-af43-485f-a9cc-f12167b23b21,DKS,DKS-KS4,DKS-KS4,D07
592d6bb5-c7d4-4526-8846-688a46b9aee2,DKS,DKS-KS4,DKS-KS4,C01
e6e034da-eb81-4225-8bb0-724eb6fc09e3,DKS,DKS-KS4,DKS-KS4,C02
ced0d896-5dfb-4cf1-9792-d064510bc825,DKS,DKS-KS4,DKS-KS4,C03
8828e3d9-ef37-4d63-b4c6-16acbea7a43c,DKS,DKS-KS4,DKS-KS4,C04
e328a89a-9352-433f-bb88-b8d833f3aeaa,DKS,DKS-LKT,DKS-LKT,C01
286abf6e-f00c-45f8-b04e-55fad868d213,DKS,DKS-LKT,DKS-LKT,C02
2da64cc7-242e-4009-802a-57b21fcd0bfd,DKS,DKS-LKT,DKS-LKT,C03
7d538319-f343-49db-801b-8ce4de46d87a,DKS,DKS-LKT,DKS-LKT,C04
1482b358-3f1c-42e7-87c1-1e189658ca12,DKS,DKS-LKT,DKS-LKT,D09
1fb11d18-cb3b-405f-ae92-b0ff8a85ad8f,DKS,DKS-LKT,DKS-LKT,D14
7bfbfa53-d0d9-4ca3-8c25-41dad89935a7,DKS,DKS-LKT,DKS-LKT,D15
94208373-5039-4a3b-a2fe-110ecf898e10,DKS,DKS-LKT,DKS-LKT,D07
a33c659c-ba2f-4a4b-beb9-5ae2bcbb0b99,DKS,DKS-LUAT,DKS-LUAT,D09
0cff2a65-6eff-43c1-bc8b-922cbbfaf703,DKS,DKS-LUAT,DKS-LUAT,D14
4ec59d81-c376-4c34-b923-0971c98acc7d,DKS,DKS-LUAT,DKS-LUAT,D15
6aee564a-0459-4906-b2b5-ba27c810aa3d,DKS,DKS-LUAT,DKS-LUAT,D07
aea60585-ce28-458d-8324-9142af1bb730,DKS,DKS-LUAT,DKS-LUAT,C01
8cb52d5a-945a-4ae1-9a98-7cededb2f1f7,DKS,DKS-LUAT,DKS-LUAT,C02
c1a1b1cf-3849-4faa-90d9-5a175d674e7b,DKS,DKS-LUAT,DKS-LUAT,C03
b5e6bf74-b20a-4856-9493-d413ec41bdca,DKS,DKS-LUAT,DKS-LUAT,C04
bb5f4437-4c4e-4b92-93b2-4c629a8b3231,DKS,DKS-KS1,DKS-KS1,Q00
b12420f9-64f8-495b-bd5f-b11257bdb9fb,DKS,DKS-KS2,DKS-KS2,Q00
264cd8c8-1871-4582-bbfc-34a05bbb0bd1,DKS,DKS-KS3,DKS-KS3,Q00
762b0c65-cf4b-42e4-bdf3-b0425101f80d,DKS,DKS-KS4,DKS-KS4,Q00
2d634c66-84f0-4bb9-a1c1-b143987f1fd6,DKS,DKS-LKT,DKS-LKT,Q00
51085b67-3fed-47ad-9c6c-eded69905ebd,DKS,DKS-LUAT,DKS-LUAT,Q00
eb085554-d3ee-48b3-906e-19c0414451be,YTC,7510406,7510406,A00
71a8d83c-cc01-444e-8e3e-54f1af69bf2d,YTC,7510406,7510406,A01
ff6a7168-8144-4fd5-bcf1-3a787a719d7e,YTC,7510406,7510406,B00
f29ff0cc-d892-4c06-bb52-fcbdee5df552,YTC,7510406,7510406,D07
3c4d9816-6e43-4051-b1b5-cecbe0cc33c5,YTC,7720401,7720401,B00
a5641d11-6319-4cd8-9935-f531eb4d4a39,YTC,7720401,7720401,B08
a51a72cf-a924-46be-ab64-c04124aa4a97,YTC,7720401,7720401,D01
ca0874cc-c25e-4a2f-b47f-d101897fa4a7,YTC,7720401,7720401,D07
fa9780ba-3bf6-4e76-84de-c87bb166c80b,YTC,7720601,7720601,A01
c036d8e2-65ca-4f88-8819-5dcf47e1718f,YTC,7720601,7720601,B00
6afb34d1-6315-44a7-8db4-8f88d8c2ff5e,YTC,7720601,7720601,B08
e9ebe244-db3e-479d-96a7-6013305e5bbb,YTC,7720601,7720601,D07
e1cf4dbd-32a5-4bcc-923c-45fd2e272eba,YTC,7720603,7720603,A00
2c87e549-9644-4aec-935d-6e2db0e2a5c5,YTC,7720603,7720603,A01
538822db-6582-4628-89d5-c487402d3b47,YTC,7720603,7720603,B00
4afd63bf-f7dc-4891-9623-7ce1e5b3c997,YTC,7720603,7720603,D01
aeea08fb-5e6e-4e4c-a0bf-d9b0cc6a9d09,YTC,7720701,7720701,B00
3f07d949-c55e-4d9b-a723-8580dcdaa927,YTC,7720701,7720701,B08
73902605-0108-4e94-bd82-e0869ebe3536,YTC,7720701,7720701,D01
30b51d90-7fa2-4205-a1e5-3a22180d38e9,YTC,7720701,7720701,D13
ae313805-40c9-4357-97ba-3846fc612dff,YTC,7760101,7760101,B00
e23ab0f6-0de7-485a-9847-96037ff61799,YTC,7760101,7760101,C00
a41b1d75-1b3a-4e0c-a864-68b77cd811a8,YTC,7760101,7760101,D01
6e912c54-5372-4218-90a7-b9289b18adf7,YTC,7760101,7760101,D66
f6b5f60f-13a5-4ad2-8244-4aa6ac6baf2c,YTC,7480109,7480109,A00
e702f177-9ff0-441c-bcde-c68380146505,YTC,7480109,7480109,A01
46f98ac0-48f1-4033-bbb1-8edf32b2df44,YTC,7480109,7480109,B00
46e8a429-9341-4283-88f1-457cf2544455,YTC,7480109,7480109,D01
4c95bbf2-f439-43ec-b2c8-f1107130c86a,YTC,7460108,7460108,A00
bd371b16-e2c3-49bf-a25e-093b503debd0,YTC,7460108,7460108,A01
75f065d7-bfde-414b-8f23-4ac9929c8992,YTC,7460108,7460108,B00
e18d6991-f021-4244-9289-9bac0d9f9abe,YTC,7460108,7460108,D01
9c0fb0db-4cc9-4bd4-8ab6-2bbf05c9820b,YTC,7510406,7510406,D01
638da6f9-3e1c-4904-aeaf-9bef8b4c9a49,YTC,7460108,7460108,D07
09a36968-5854-4f93-af0f-169c3a4a6fda,YTC,7460108,7460108,X26
21d92294-374a-4cdb-b708-afaf16b42365,YTC,7720401,7720401,B03
15f62de6-d110-4541-9d03-a67ce8d10caa,YTC,7720401,7720401,C02
46b079b9-d116-40de-aeb9-2f87db4f715d,YTC,7720601,7720601,A00
210eef63-c781-4cb1-a4cf-c7165256aef1,YTC,7720601,7720601,D01
1d1cbe86-0df4-42de-a03b-05b172719c37,YTC,7720603,7720603,B08
9a6518c3-10d7-4763-8362-500877c7d1e8,YTC,7720603,7720603,C01
1aac1a7f-909a-4d1a-b03a-787e8c38f060,YTC,7720701,7720701,B03
2f4b8e90-3ebc-4075-bf89-4559006a3118,YTC,7720701,7720701,C02
84531597-8310-4d92-8cac-fa842c2576f2,YTC,7760101,7760101,C20
6076e8c3-43eb-48e9-b9a1-fd966ab7ccd9,YTC,7760101,7760101,D14
3ae02f29-74ae-4fed-aaa0-03e56e2207ab,YTC,7760101,7760101,D15
1cb6454b-9f72-430c-bc66-4a13d28b13ad,YTC,7760101,7760101,X74
bc0ca012-5cc3-426c-a3f0-d60b82493de0,YTC,7760101,7760101,X78
6ef13bd1-7347-4244-9894-10d1129a86a3,VHD,7310101,7310101,C00
5fce9f7d-10af-446a-98ca-b90c1609aadf,VHD,7310101,7310101,C19
9a40fc4b-2eef-42e7-a09d-31452de7d13f,VHD,7310101,7310101,C20
83586927-8d99-4965-84e2-fbfc842c751e,VHD,7310101,7310101,D01
c46f74d6-12d0-4d82-97e0-eb67cd083986,VHD,7340101,7340101,C00
9559cdf7-c77e-471b-b5fc-6089b747fc53,VHD,7340101,7340101,C19
2a82eed0-4bc6-49ff-b8ef-8355ff46d880,VHD,7340101,7340101,C20
abf18dcc-f128-45a3-b48c-b58e8faeb7cc,VHD,7340101,7340101,D01
7e1452ef-6e36-4808-921e-493011103bbb,VHD,7340201,7340201,C00
ab45d1a1-d9ac-454e-8ac2-791a3a778a0e,VHD,7340201,7340201,C19
7e7078ae-921a-4b8c-b54c-67c71512f8d7,VHD,7340201,7340201,C20
2078394b-b5f1-4c24-83b0-299da1799980,VHD,7340201,7340201,D01
5e51029f-34dd-44fa-a37a-bd8dfb97e840,VHD,7480201,7480201,A00
467de7ef-bbf9-4a5b-837c-9a7921cc2cb2,VHD,7480201,7480201,A01
1be5d02f-004a-4b23-ba00-15973760060e,VHD,7480201,7480201,C01
4834b1cd-718e-4b7b-a6da-26b1b77650b4,VHD,7480201,7480201,D01
7403b76e-4866-4fcd-bf19-394debaa1e22,VHD,7510103,7510103,A00
18cd195d-8a24-4165-b5b9-d860e53a372b,VHD,7510103,7510103,A01
98ec5cde-b874-46ee-aec6-501a62c0eba5,VHD,7510103,7510103,C01
7e3f37e4-ec6a-49ca-9982-56256258a7d2,VHD,7510103,7510103,D01
afa090d6-2f2c-46ee-b753-5ef3d82cd000,VHD,7510201,7510201,A00
b881829e-ca58-40c9-8e0f-48dc15c84fb2,VHD,7510201,7510201,A01
a113d115-027a-48ac-aadf-3aa4ea39f348,VHD,7510201,7510201,C01
a4e1b85a-75ae-4d65-ae81-77894cb90615,VHD,7510201,7510201,D01
b184c885-8476-4266-bcad-cf2021880cd9,VHD,7510205,7510205,A00
eeafbb00-9261-48cb-ba99-632e6b21c744,VHD,7510205,7510205,A01
73518ce3-bfde-4498-a492-3dcd819f8b89,VHD,7510205,7510205,C01
9afa76da-d041-45a3-82a6-cb29fccc5aa0,VHD,7510205,7510205,D01
f88bec8d-f698-406b-bae5-64b75ae30cf5,VHD,7510301,7510301,A00
d8b38e21-c9e1-40bf-8e3a-b0435df874ef,VHD,7510301,7510301,A01
bc47512b-de75-4a31-8176-f4aa3b2cadbe,VHD,7510301,7510301,C01
14cc0b48-28cd-4c32-a9d9-bf623169f220,VHD,7510301,7510301,D01
8b98f4f7-8c1d-44b5-88e3-1220dc3aa36a,VHD,7310101,7310101,A07
8b241844-5893-417a-ad77-195b1fd11ed2,VHD,7310101,7310101,A08
ac1c0a61-e30b-4aac-be1f-9a4f16029190,VHD,7310101,7310101,A09
091b8cf6-fdfd-4a22-9b43-a1e91b0d8a00,VHD,7310101,7310101,C03
e4e7d11a-2dd6-4ecb-b22f-be70b8773e22,VHD,7310101,7310101,C04
d1619693-388c-4061-a24d-0f98930b6e0a,VHD,7310101,7310101,C14
58949722-42ed-477e-9fe2-6f7e1499884d,VHD,7310101,7310101,D10
2b103bc2-1700-4561-b45e-7a774aefe29d,VHD,7310101,7310101,D13
9da59f04-2a90-4af5-8124-6e6012d6ef3b,VHD,7310101,7310101,D14
3076d436-7ac0-4fe9-a7f0-d0e14e28baf8,VHD,7310101,7310101,D84
d8d252b8-f89c-4968-a548-476d3c0f89d1,VHD,7310109,7310109,A07
1a007ddd-0fa0-4a94-a9d5-6511094ef10d,VHD,7310109,7310109,A08
dfd30bb8-1cb2-4b48-afc2-0aa730285c1b,VHD,7310109,7310109,A09
0e708eaf-f6a4-4305-9a35-ba71482922a6,VHD,7310109,7310109,C00
19ad3291-422a-4e5f-bba0-24114642ae8d,VHD,7310109,7310109,C03
f0dbe66d-9a78-47e7-9f1b-a1e0a17692e1,VHD,7310109,7310109,C04
a8d16b0d-5885-44f2-8fb3-4833f8df13b2,VHD,7310109,7310109,C14
d0d3db95-591f-48c9-b223-9c768bbb8491,VHD,7310109,7310109,C19
e122e29e-cc8c-4367-8529-4a109d6ab2e4,VHD,7310109,7310109,C20
333e35db-def0-4b3a-bc44-19bc518ed846,VHD,7310109,7310109,D01
cf780f94-f6f7-463f-a360-7bb22cdedb70,VHD,7310109,7310109,D10
7c8b389f-37af-49a1-82db-9bcbd27504e3,VHD,7310109,7310109,D13
7983676d-2a19-4eac-bd5c-e68fd4798cf0,VHD,7310109,7310109,D14
9d8b3ea0-5e57-4fab-81bf-73944b37dded,VHD,7310109,7310109,D84
5fed9334-de8d-4cbf-8e71-9d54ffdd692c,VHD,7340101,7340101,A07
388093b6-6951-4aee-8036-d716abb31de6,VHD,7340101,7340101,A08
7852abfe-39c9-42c5-8782-6d0b1f5c8761,VHD,7340101,7340101,A09
08ec129f-d2e8-4a1a-ba6c-5923e0a67b81,VHD,7340101,7340101,C03
985590db-1250-4c47-93f7-186fe6e1b735,VHD,7340101,7340101,C04
df4b2e97-2c21-4bd6-b145-95ff030f2bde,VHD,7340101,7340101,C14
955b774d-a481-4e73-baac-ce394b678867,VHD,7340101,7340101,D10
85e43c70-95cf-463d-89d5-10f204c67e9c,VHD,7340101,7340101,D13
588df93b-51e4-45db-9931-ac8c48c863a5,VHD,7340101,7340101,D14
acc6af13-d5b8-4300-aca3-b5eceaece3dc,VHD,7340101,7340101,D84
46324f11-d89d-43e8-8771-e33b2a2d3dc3,VHD,7340115,7340115,A07
50a92485-26fe-423b-a497-d097f1e051d2,VHD,7340115,7340115,A08
790cc97b-8fa3-4927-b177-0ac62be5ce34,VHD,7340115,7340115,A09
8fae1655-6bc9-4221-ab8c-19dfad4c61f0,VHD,7340115,7340115,C00
ce202899-e382-46a6-a0d0-948d0cbd75d4,VHD,7340115,7340115,C03
b92517fd-3203-4590-abc3-2a37914f1ce2,VHD,7340115,7340115,C04
dc5bf81e-e3d7-4852-94ea-59739b7c23af,VHD,7340115,7340115,C14
8876ecd2-ddcb-4e70-b2cb-437d8912e1a6,VHD,7340115,7340115,C19
e464773d-743c-4522-98ce-3628cb8bf673,VHD,7340115,7340115,C20
36afcdee-4055-4dc7-a959-7faaa51e196b,VHD,7340115,7340115,D01
80fcc1a6-a1e4-4851-b892-ab339e448caa,VHD,7340115,7340115,D10
a55cf02b-eb07-4108-a9cf-538227b40599,VHD,7340115,7340115,D13
3e33c5ae-d2c9-46d5-8dbf-8848f6a0c4a9,VHD,7340115,7340115,D14
af7f25ad-36dd-475b-b1e6-c2b9ead82570,VHD,7340115,7340115,D84
513f04eb-3f37-4b60-b6cc-13aca547b56c,VHD,7340201,7340201,A07
30e36d16-7faa-4946-a61b-d3ff9ea3d84f,VHD,7340201,7340201,A08
a292af97-284e-4d0e-977a-f774e94d7d75,VHD,7340201,7340201,A09
30b1eb95-1373-4744-a51a-463040a891ac,VHD,7340201,7340201,C03
b51f2cc7-4d26-46f7-843c-416eb9db1c42,VHD,7340201,7340201,C04
8cf62ed7-fa3d-43ed-97c9-1463aca23972,VHD,7340201,7340201,C14
b2a6199d-d0f0-47ba-ac28-2e5370baec2b,VHD,7340201,7340201,D10
eebf6a92-7042-4293-80e2-0ba4386bfb55,VHD,7340201,7340201,D13
47277129-92e6-493f-9f9f-7ddf22ddc277,VHD,7340201,7340201,D14
d5570e1e-f8b6-4736-80af-8e8d3474bba3,VHD,7340201,7340201,D84
15895fe4-8962-40b8-9d7e-2f0e47b231f0,VHD,7340205,7340205,A07
594da060-def4-433b-984a-fc4e188d5a95,VHD,7340205,7340205,A08
3c4f15df-5a82-4e5f-859a-38ae7428f733,VHD,7340205,7340205,A09
d5dfa5e0-6293-4974-a190-806a558369d4,VHD,7340205,7340205,C00
f3e4745f-86f7-4e37-a519-9f29c812f1c9,VHD,7340205,7340205,C03
48772282-bc0e-41c2-9e94-768646cc54d4,VHD,7340205,7340205,C04
106902b4-4668-4e11-92be-c1f89f3c3648,VHD,7340205,7340205,C14
a1882bb1-2823-4548-bc10-0f8c7fb9cf4b,VHD,7340205,7340205,C19
380e4ff9-d558-45c5-a656-bdc1edf937c4,VHD,7340205,7340205,C20
acf9351a-fdf8-41dc-90c1-8f5b330495e3,VHD,7340205,7340205,D01
25b1e41f-f2b1-4a9f-853c-e1ea9d575fee,VHD,7340205,7340205,D10
500852d8-1c2e-4af2-b9a5-8cea69200fd5,VHD,7340205,7340205,D13
94a66046-2784-47f2-b001-f27b41aae38e,VHD,7340205,7340205,D14
349c0745-83d4-42e5-9ba7-dbba74002612,VHD,7340205,7340205,D84
4208d670-65f7-44f2-9ae3-246d5adb92fc,VHD,7480101,7480101,A00
79e0a6ed-af8f-492d-9873-dd0a41083423,VHD,7480101,7480101,A01
3208f563-d347-43f9-ba1c-6bd6dc72cd9f,VHD,7480101,7480101,A03
a8734469-60a4-4359-bffe-8cf211d464ba,VHD,7480101,7480101,A04
f30f0383-cd1b-4e63-a63d-87b5ece13bc8,VHD,7480101,7480101,A07
063069d0-b029-41e1-b207-a2839bff4770,VHD,7480101,7480101,A08
0f16e159-f3b4-46d0-b917-387b3f7324ea,VHD,7480101,7480101,A09
6e61b192-250a-49ea-900a-810c0d1e7c9c,VHD,7480101,7480101,A10
0af909c4-0554-4dda-94be-71157ac6bdd0,VHD,7480101,7480101,C01
db46a189-3fe3-4cd8-94d8-b8e01aacf6d4,VHD,7480101,7480101,C03
eb61abb9-a5c3-48cb-a8b5-c00769b1fb56,VHD,7480101,7480101,C04
06c5f54a-a995-435a-aac8-adc15aa65d26,VHD,7480101,7480101,C14
467fd471-8869-441e-9415-88cf3a98261b,VHD,7480101,7480101,D01
cffbd53a-89d5-48ae-ac32-5da7b3fb9aab,VHD,7480101,7480101,D84
a23621cb-4bc4-428c-8b33-e0d9ed5f45e4,VHD,7480201,7480201,A03
4b112ce1-c6db-4989-8c31-106c6f722275,VHD,7480201,7480201,A04
e34c674a-3a9f-4a14-a400-03601fe5efaa,VHD,7480201,7480201,A07
616f8938-8946-4915-af15-164770f300c1,VHD,7480201,7480201,A08
b52f4eeb-e36c-49ec-b2a9-c58e79de91f4,VHD,7480201,7480201,A09
9a2905f9-892a-4ca8-b31c-a28a689132ef,VHD,7480201,7480201,A10
1d27c44c-6299-4784-955f-54e871a11ce1,VHD,7480201,7480201,C03
3db25596-b2f7-4a17-911d-fa2873298bc4,VHD,7480201,7480201,C04
6fc1a7c0-ab88-42dc-ab70-e01e09dd395e,VHD,7480201,7480201,C14
ccf185eb-38c8-486e-af6d-d00ba25b034c,VHD,7480201,7480201,D84
c13e3e02-c038-4d12-8e36-c5d6055e61d1,VHD,7510103,7510103,A03
0b7fb231-4843-4a83-b704-15ab11faff8c,VHD,7510103,7510103,A04
e7801a1c-2f59-4e6c-88be-4e77203e78f8,VHD,7510103,7510103,A07
d6892602-417c-4552-9cf5-c1e4fff10b94,VHD,7510103,7510103,A08
eb03abe6-9f72-43a7-8a80-71c7d389fd5f,VHD,7510103,7510103,A09
b949a5d4-f83c-4689-86c1-58b684640cd9,VHD,7510103,7510103,A10
6e1717ac-9f83-422c-aa1e-2a5eb08dd21a,VHD,7510103,7510103,C03
de4cc869-be02-455c-80c2-b6d882f98e1a,VHD,7510103,7510103,C04
43d83247-149c-4622-a848-2960fc218c06,VHD,7510103,7510103,C14
ed8d4ee4-8de7-463b-9ec1-d3b77772b47d,VHD,7510103,7510103,D84
9f701bee-4c3a-47a8-9427-1ab5bf15b499,VHD,7510201,7510201,A03
c3eecfcd-58b2-4e17-b16c-e3d492d927b1,VHD,7510201,7510201,A04
c65ff373-488f-4bcf-8b28-54160c5005a3,VHD,7510201,7510201,A07
62d15bc1-e21c-4ec9-b992-9b0597dda5e2,VHD,7510201,7510201,A08
73bf727e-ced8-4d53-b7b0-a5520dc37d59,VHD,7510201,7510201,A09
cb1debd6-4e90-4cec-814d-d639c2e2f610,VHD,7510201,7510201,A10
01ef2357-b9b1-4a66-91da-6a7bf6fe0c26,VHD,7510201,7510201,C03
8f427d6b-d476-4978-8f62-879fcf7340ab,VHD,7510201,7510201,C04
3f1bc70e-ec65-472e-b7ba-2e21a1615784,VHD,7510201,7510201,C14
68203861-5de2-4c31-ab81-94baec0a7e73,VHD,7510201,7510201,D84
45c362aa-b900-4a31-82bc-f1a748b08e6e,VHD,7510205,7510205,A03
33551245-dfd1-49f8-83f2-1b98c608e5e1,VHD,7510205,7510205,A04
ac0db9d9-fe49-4015-8ca0-59b8b453d909,VHD,7510205,7510205,A07
d5af9047-3fc3-4fe3-973e-16a955633a30,VHD,7510205,7510205,A08
ef0ea3d2-fdcd-4dd2-afcd-21c5867f5f76,VHD,7510205,7510205,A09
625bf8f8-31bb-424e-8ce3-fb51fd3dfc6f,VHD,7510205,7510205,A10
eb68a06b-80a8-4434-9065-4f725c07c349,VHD,7510205,7510205,C03
fd7b55e7-df03-413d-a5cd-8713785a5e4c,VHD,7510205,7510205,C04
748cc005-f763-44a5-9397-14d154b12602,VHD,7510205,7510205,C14
87266b4f-1d03-408c-a9db-85d454c4ec69,VHD,7510205,7510205,D84
60b59fce-9ea3-419d-9684-e56e9d034d55,VHD,7510301,7510301,A03
e92b8e7d-33e1-4569-b91a-69d27a943555,VHD,7510301,7510301,A04
c5c5eb8c-591c-47c6-83fc-2c34692248ec,VHD,7510301,7510301,A07
5efed780-9743-4e3b-b4d0-0e9c6c7d4a30,VHD,7510301,7510301,A08
e4e96a21-fdaf-4919-abe3-366835009708,VHD,7510301,7510301,A09
05185304-2719-40d2-98f5-310a1e495155,VHD,7510301,7510301,A10
2002bb31-8154-4da6-aec8-3a527c104819,VHD,7510301,7510301,C03
e2de2986-f8ce-44ba-b67f-b2dca6ff43c0,VHD,7510301,7510301,C04
3bd4199d-e3e4-4be2-aaab-b626483ddda6,VHD,7510301,7510301,C14
31c742a8-df37-43cd-aa42-01c5316629c3,VHD,7510301,7510301,D84
6d37ca01-a5b4-4928-823e-6c34694aee99,VHD,7510302,7510302,A00
572fbe49-697d-4155-8b53-0261e4f98d0e,VHD,7510302,7510302,A01
c79c3a2f-ca6f-4a2e-94d0-c5b31f24866a,VHD,7510302,7510302,A03
a79c1791-094f-468b-bbbf-15b372db7075,VHD,7510302,7510302,A04
c6770d84-18ef-4959-9239-7f2f579a0d2d,VHD,7510302,7510302,A07
611e7a16-eba5-46cc-8152-e77d50ed3593,VHD,7510302,7510302,A08
4b474974-a10c-4ebd-8376-799a8ccee801,VHD,7510302,7510302,A09
9d5c8db7-ce31-4b02-b29d-93f578ef631e,VHD,7510302,7510302,A10
bd1d5b10-8d66-45e1-98c4-316561ac18d9,VHD,7510302,7510302,C01
6f17f339-a921-4ad5-8f22-a3c3a7c95d2f,VHD,7510302,7510302,C03
701b79b7-0ae5-4dc0-b183-6d0776641b8c,VHD,7510302,7510302,C04
f30c9406-c854-48dd-9be3-496982d8223b,VHD,7510302,7510302,C14
d1ffbbcc-f53a-41f7-9c43-056d37b7a263,VHD,7510302,7510302,D01
fec35773-f68a-4f00-96ec-b10474be8fda,VHD,7510302,7510302,D84
06ed7394-de50-47db-8220-c8212a194df2,DQK,7210402,7210402,H00
8dc5d305-2633-4bd5-979b-fd0535724357,DQK,7210402,7210402,H01
3c2a589a-0622-465e-84cc-7f48e8d1ce3d,DQK,7210402,7210402,H06
a801f321-ccc9-4853-b5f6-bb9b15f1bf76,DQK,7210402,7210402,H08
46a69532-54f9-4aa2-baeb-36c2409bbb2d,DQK,7210403,7210403,H00
f36ad9af-98b9-4007-bd33-9cce8fb88207,DQK,7210403,7210403,H01
c0ba34d0-830b-4a1b-bf65-71b3a8a06850,DQK,7210403,7210403,H06
87f0e68a-9499-477d-9ecd-c85ad1d5901d,DQK,7210403,7210403,H08
60778079-db57-44c1-9c5f-4c65ae966711,DQK,7220201,7220201,C00
1bafbca5-69ed-43f8-8c9b-c34d61f000d1,DQK,7220201,7220201,D01
73179957-bb6a-4433-a2fb-5e09367a6039,DQK,7220201,7220201,D09
7eb0bd23-38fe-4f80-a474-c21d0488dd7a,DQK,7220201,7220201,D14
9833011a-402b-423a-9a9a-f83c2bf5de04,DQK,7220201,7220201,D15
77f8a3a3-7cac-4209-8c65-27bb14d612b7,DQK,7220201,7220201,X25
df2c89c5-e3ac-4fee-8c7b-a6150b5a2c53,DQK,7220201,7220201,X78
624b0888-9a55-4927-a1f7-c9b78a3a3a7d,DQK,7220202,7220202,C00
33c49cbc-7963-48c3-9ed1-293162e4abc1,DQK,7220202,7220202,D01
5f2134c7-6599-4506-a862-3e79673dfdcf,DQK,7220202,7220202,D09
3acadae2-afaa-409f-a39b-13c452b42796,DQK,7220202,7220202,D14
e230ef36-a7b5-4b3b-b1f8-5bd661c84ed4,DQK,7220202,7220202,D15
a37303f8-52a8-485d-bcb1-35e13df49912,DQK,7220202,7220202,X25
1efc4514-2750-4e1e-a397-a9bbbbe91671,DQK,7220202,7220202,X78
7e890f75-29cc-459c-924d-64c875aa3fe3,DQK,7220204,7220204,C00
7b4ce843-a8ad-4953-a4a3-e8ee86fa5efe,DQK,7220204,7220204,D01
b1cd7288-09f6-438e-a37f-58cab231b7e2,DQK,7220204,7220204,D09
20bc7efb-44ed-468f-b3b3-c7a84d0f70f5,DQK,7220204,7220204,D14
8682905a-12b5-4ffc-8d68-2e5d67662157,DQK,7220204,7220204,D15
5dc85ed2-0947-47ad-9f14-dc0c4a8d8d66,DQK,7220204,7220204,X25
b58da93e-2899-46d8-ab46-8f478fa32cd5,DQK,7220204,7220204,X78
9acdf231-aa89-4231-ba06-2017b9a50fec,DQK,7310101,7310101,A00
f76061da-a443-415f-a90a-52dae0ee6f42,DQK,7310101,7310101,A01
253c88d6-b0ae-451d-abbe-18575c2c0c1d,DQK,7310101,7310101,D01
f8d0cba5-8a85-4a44-8aaa-014c6ca478f4,DQK,7310101,7310101,X05
b7ccbfb7-9769-4b42-9634-f096eecaa237,DQK,7310101,7310101,X06
c1c1a402-a566-452e-b8cd-72d03e9acbf2,DQK,7310101,7310101,X11
108a6243-e8cf-4538-9cad-fb4ff0698ac9,DQK,7310101,7310101,X17
6eb14ec3-2d81-4c74-abd4-7864e9b2b735,DQK,7310101,7310101,X21
eaffe7ad-d4ab-4b85-9b58-7e03622c9755,DQK,7310205,7310205,C00
021b2956-a9b0-47fd-baf6-114ef365a91d,DQK,7310205,7310205,C04
e6f52a63-5de8-4eb8-9466-01eb41a01451,DQK,7310205,7310205,D01
f4551835-f5e7-4009-a31d-38db180db96a,DQK,7310205,7310205,X05
b54a43d7-fc8d-45c7-8cf1-b2e3fba8e770,DQK,7310205,7310205,X21
6014c9a9-3523-49fd-a364-1eb07d35350b,DQK,7310205,7310205,X62
5463e719-9600-4d7d-88d0-703995f76c1d,DQK,7310205,7310205,X70
669b53db-cf25-49f2-ba0d-234f908ca3a7,DQK,7310205,7310205,X78
82b0134c-1646-4f02-8218-5d9822aa4e3a,DQK,7340101,7340101,A00
da19daf0-0479-4565-ad73-ab2e307cc9aa,DQK,7340101,7340101,A01
3cbc9797-0bd9-463a-ae9f-02790305cfed,DQK,7340101,7340101,C04
df165d50-b6e5-45dc-b297-47f6525bad08,DQK,7340101,7340101,D01
b640b77d-a5eb-44b2-a0b9-9a4bc808d041,DQK,7340101,7340101,D09
eaf23e08-d0ba-4d75-87a4-7a9c0a1c2cf6,DQK,7340101,7340101,D10
3ca12688-ea4a-4e2b-8533-5f3c91e73a96,DQK,7340101,7340101,X17
28aeddff-f5c3-453d-8a06-808cf2adb4b4,DQK,7340101,7340101,X25
85459473-6abc-4759-acc0-37e3cdfcdee2,DQK,7340120,7340120,A00
d885254b-3ca4-495a-baee-5474d26940a3,DQK,7340120,7340120,C04
c4c74944-7494-4299-a819-6f740fe4f9cb,DQK,7340120,7340120,D01
2737009a-8109-418a-91f4-90d1fa66c5b6,DQK,7340120,7340120,D09
c11b40fc-a878-497c-a614-b734407f55e4,DQK,7340120,7340120,D10
d7ad589f-755a-41cf-ad87-e3afd729976b,DQK,7340120,7340120,X21
1c245246-8084-45e4-a67e-e65868a594be,DQK,7340120,7340120,X25
304e2f99-5008-4f70-9ab8-4dfe41c7eba5,DQK,7340201,7340201,A00
b72edd54-dd09-4cb8-b5a1-379b5865e66f,DQK,7340201,7340201,A01
c113ef39-0716-4a0f-8111-f5bbdac81c18,DQK,7340201,7340201,C03
07bfbce8-92b0-4c4c-be62-35b13ee54f4d,DQK,7340201,7340201,D01
134c990e-9179-4c53-b7c5-6dfa8796ec12,DQK,7340201,7340201,D10
bdf0beca-9a55-4be7-9711-35a9ac80c308,DQK,7340201,7340201,X01
a6e1b4c2-ac25-47fd-9b76-cff75f65c3dc,DQK,7340201,7340201,X17
98e8cd1f-e9dd-4684-a017-c2891ac75216,DQK,7340201,7340201,X25
4ff83eeb-7382-4683-b310-2467659c0f7a,DQK,7340301,7340301,A00
5eabeff0-5862-47d0-921a-375590025577,DQK,7340301,7340301,C01
4aa6e275-7e23-424b-8957-40ea7e068558,DQK,7340301,7340301,C03
5e899cd6-4790-4206-89f4-6b7c36024950,DQK,7340301,7340301,D01
9b282242-d189-4f59-83ec-efd1a6e90ba2,DQK,7340301,7340301,D09
5957b4cf-6838-4b3e-a804-069ec29f9b7f,DQK,7340301,7340301,D10
467e46c5-f1a1-47c2-9070-ce52712ac984,DQK,7340301,7340301,X17
02eaf4dd-5b31-4ede-b0a3-6afbed86fda1,DQK,7340301,7340301,X25
9256d7c3-43ba-48e2-9a2a-2fba658b5393,DQK,7380107,7380107,A00
00bae776-935c-4fdb-bb1e-c5fea2dc627a,DQK,7380107,7380107,C00
16adaaa5-e430-4cb2-b044-9e45f0fc7a83,DQK,7380107,7380107,C03
0036c577-3014-4363-8772-4b239c7b2671,DQK,7380107,7380107,D01
405405cc-15a6-4c24-b7c1-c12918553af2,DQK,7380107,7380107,D09
80ede645-45df-4b8a-95b4-f98eb17efc64,DQK,7380107,7380107,D10
66d1ac02-1d75-4e32-9438-81e7eb751945,DQK,7380107,7380107,X01
d74d0099-8011-4671-a011-2268e1a18639,DQK,7380107,7380107,X25
ab3c5b00-3937-4c61-8567-3545081a3fe9,DQK,7480201,7480201,A00
f7203c55-71d7-4f67-a46a-02d23622624b,DQK,7480201,7480201,A01
c0542374-44a8-4de9-996b-569cf9324d0b,DQK,7480201,7480201,D01
e2639d67-fcc6-4d02-b9fd-a04e75402c4d,DQK,7480201,7480201,D10
dec2523b-de90-4bc0-9968-dad17fa61a62,DQK,7480201,7480201,X02
b1376a92-8b2e-436f-8594-de2156c950ca,DQK,7480201,7480201,X05
71a36de9-e05c-4387-9d7a-c024c832232a,DQK,7480201,7480201,X06
41731a79-ab46-441c-8654-2a2df5308ae6,DQK,7480201,7480201,X26
c327e7d6-00b5-495e-967c-20f11576ac20,DQK,7510203,7510203,A00
d95d9372-86e1-4b23-961b-660f62301b87,DQK,7510203,7510203,A01
a187bb15-cf21-4306-adac-0003ac0c1dd5,DQK,7510203,7510203,D01
11b864aa-3800-4d7b-9800-9d1d995c1502,DQK,7510203,7510203,X05
4efec2f9-77df-4b3b-96eb-4fdafa16913f,DQK,7510203,7510203,X06
b2a56634-9a77-49be-acab-48d02083d8c5,DQK,7510203,7510203,X07
2af5c09c-be65-491a-9883-07c571814358,DQK,7510203,7510203,X11
580a998b-8111-44f5-8dd2-0115785d6e9d,DQK,7510203,7510203,X21
12749a5d-3249-4e6e-b6a5-079fbae71984,DQK,7510205,7510205,A00
3b547883-cb34-416e-9dd7-31c259b1187d,DQK,7510205,7510205,A01
6d590447-95f7-431a-a4cb-d02a1ce59cdc,DQK,7510205,7510205,D01
899f9bbd-39be-4fca-8fdb-99d436110740,DQK,7510205,7510205,X05
6eff9fee-a42f-4490-82df-67d95dd9db37,DQK,7510205,7510205,X06
374468d9-aaf7-4d4f-9258-4624da5e648e,DQK,7510205,7510205,X07
2c8d9fd5-dc16-44d7-b219-007ffe861c69,DQK,7510205,7510205,X11
23bd46f1-203b-455d-ad72-29ed53edf641,DQK,7510205,7510205,X21
7bb0eca1-dc3a-4645-8fa5-7b94a5bb6e0d,DQK,7510301,7510301,A00
e43babdc-d02e-47e5-991b-e18a0a7273a2,DQK,7510301,7510301,A01
b0a071a8-c9c2-45e0-8786-54a0644a2d7b,DQK,7510301,7510301,D01
3f38c750-cb19-4d8c-bfaf-5aa0ca6ef497,DQK,7510301,7510301,X05
6f41325a-944f-4681-b9c3-59dcec3fc5bd,DQK,7510301,7510301,X06
e6b2b975-c36c-497e-9307-a7629b560129,DQK,7510301,7510301,X07
fdfa37bd-04dd-47dc-92ab-021d19489d71,DQK,7510301,7510301,X11
74f006dd-1982-4658-9f65-7b7f01b3009b,DQK,7510301,7510301,X21
e6b9c914-05c9-4e4c-a2c2-0fdb3328b267,DQK,7510406,7510406,A00
79423a03-be08-4efb-8023-43ef9c300220,DQK,7510406,7510406,A06
0d5a945f-12b4-4d46-8d36-9a230735be15,DQK,7510406,7510406,B00
90b98066-8da5-4077-9857-7856168e1b26,DQK,7510406,7510406,B03
10e5ecb4-f6dd-4f5f-bf1e-4a95d2738758,DQK,7510406,7510406,C02
73c29c85-6752-4ac8-aee2-07b944f948c3,DQK,7510406,7510406,X05
38d38803-ed0a-4201-a9f9-7dc9dc6a5dc2,DQK,7510406,7510406,X07
d7aa3c49-11df-4073-8424-f73dd14966ec,DQK,7510406,7510406,X11
12026c93-f71c-46dd-9205-4372723a7924,DQK,7580101,7580101,V00
9394d709-58ef-4a07-97f1-1e2bc655d612,DQK,7580101,7580101,V01
87e3d7bd-6b22-42ec-b583-cbc85c1957b2,DQK,7580101,7580101,V02
0d7777e0-b60f-4bdc-a66d-574146fe8c5c,DQK,7580101,7580101,V06
69c26859-1696-4c44-8b61-dd7e8be02221,DQK,7580106,7580106,A00
13ad4189-5c2b-4e5d-99e8-da333d857079,DQK,7580106,7580106,A01
07672d6d-969b-44e5-b9ec-cb6f2e2e80b7,DQK,7580106,7580106,D01
1ee75493-005d-44e1-995e-e841442048a7,DQK,7580106,7580106,X05
4f6f6ac2-f145-48da-a8f1-94d0a2daa535,DQK,7580106,7580106,X06
095a84bc-2523-4316-94d2-2dd8abca6b82,DQK,7580106,7580106,X21
83c397b1-c43e-444d-abb6-c2fc4d6467b4,DQK,7580108,7580108,H00
5208fb4b-e0dd-45b9-b1e9-a72ed39cc547,DQK,7580108,7580108,H01
c8ddc3e6-4cb3-43eb-8586-1e69f12acb9f,DQK,7580108,7580108,H06
d96eb05a-4370-4e54-8118-8547fefbf12c,DQK,7580108,7580108,H08
4f0403a0-9a0d-4764-9758-0048fb7a4c37,DQK,7580201,7580201,A00
e9298320-e717-4c11-8e2f-9dd4176cc171,DQK,7580201,7580201,A01
62b3d925-bef3-41e9-a6e7-8c44807aa9ea,DQK,7580201,7580201,A04
4d17df55-6f84-443e-99fe-48d73cd72576,DQK,7580201,7580201,B08
efa8e6ce-8a6b-47fd-8a72-88feaee4aea9,DQK,7580201,7580201,X01
6e2977c8-a1f3-43f5-96df-80449a079843,DQK,7580201,7580201,X05
06b77cc6-207e-42f9-bf64-5f809cdbcb2f,DQK,7580201,7580201,X06
8819f9cd-c91c-46c4-8563-983cc00f864f,DQK,7580201,7580201,X11
824f7f61-83c6-4ead-8056-529b26420c83,DQK,7580201,7580201,X21
97bc03f4-e840-44b0-b6b8-7e597321c21a,DQK,7720101,7720101,A00
cd4293d0-edb4-4d04-95f2-12760c6646ea,DQK,7720101,7720101,A02
d917b882-c479-42f0-8cd5-1cba61257477,DQK,7720101,7720101,B00
c886912f-05e9-4efc-8de8-617659632517,DQK,7720101,7720101,B03
35b88b98-1af8-464e-af5f-2ba54053a867,DQK,7720101,7720101,D08
2b165e1a-659b-458a-93a2-88908b21a8c5,DQK,7720101,7720101,X13
2edfc5ab-5289-4203-81b4-9a034df8f213,DQK,7720201,7720201,A00
188578f8-c2a9-4034-aa41-8a027698530c,DQK,7720201,7720201,A01
940fdd6b-0129-495c-bd9a-fa085770a95a,DQK,7720201,7720201,A02
498ef910-b5df-4723-af7f-9240568811f4,DQK,7720201,7720201,B00
df96d15e-6008-4e5d-8b71-c85c7efca459,DQK,7720201,7720201,D07
f70f3815-f6e1-48da-8e22-7f4a5f4ec83d,DQK,7720201,7720201,X06
b6d2f0d8-f89b-410f-912f-6605c23c4a45,DQK,7720201,7720201,X09
7dc365b1-1416-4841-adb4-8713bce9a16d,DQK,7720201,7720201,X10
a0af4f09-18a3-4344-8044-6a774a9f1e38,DQK,7720201,7720201,X13
eb9fa44c-37d0-4da0-97b1-0950629274e3,DQK,7720301,7720301,A00
9d449cc3-5831-4659-a2c1-5aae709c584c,DQK,7720301,7720301,A01
cd01db1c-272e-4790-b0c5-d3630d1d7304,DQK,7720301,7720301,A02
3f26a9b7-e65e-4f79-8006-63b1174875fc,DQK,7720301,7720301,B00
759620a3-d0dd-4db1-a0de-d347c969cac9,DQK,7720301,7720301,D07
c65114eb-7abe-438c-a389-d4d8dd25a019,DQK,7720301,7720301,X06
f41ea187-3097-48d7-9b54-142341a71c78,DQK,7720301,7720301,X09
b5c7e66b-ec7d-4cca-ae7f-66e2e4b581ae,DQK,7720301,7720301,X10
fc61d116-4293-48aa-bb31-ef339a25d5ab,DQK,7720301,7720301,X13
7c4ee0d5-fedc-476b-a6ba-78dbe69a170a,DQK,7720501,7720501,A00
6342fb32-4ae2-49b1-b515-c71688d79f7f,DQK,7720501,7720501,A02
5660eb1d-f4aa-499e-bfb8-e1cc44f71c09,DQK,7720501,7720501,B00
417bef9e-fb39-4dff-8f6b-d598015e465c,DQK,7720501,7720501,D08
527db6cc-0eec-42a0-aefe-72e76bb30a20,DQK,7810103,7810103,A00
8bbbc3cd-7747-43ca-bc97-cfac093519d2,DQK,7810103,7810103,A07
18ca0c30-900f-4123-aa54-c4e312dd0400,DQK,7810103,7810103,C00
bc1423ae-3cd2-4d7c-9864-c964df82f174,DQK,7810103,7810103,C04
c6c485ac-ab12-4480-80b2-6ad3e7bbfb9d,DQK,7810103,7810103,X05
dc199364-9909-44e0-b410-1f1ee7ee5f77,DQK,7810103,7810103,X21
120b0f63-3b94-4d63-ba2d-dcf989373af9,DQK,7810103,7810103,X74
93de4e77-d553-4424-a03e-dd0e1537c72f,DQK,7810103,7810103,X78
05959230-6f35-45d8-9563-a69be828d3c9,DQK,7850101,7850101,A00
e131aabf-e259-44cc-9d7d-1cbf924a4784,DQK,7850101,7850101,A06
3d416c8e-4848-4035-91de-04ecbe718450,DQK,7850101,7850101,B00
ecc9c7fe-9eba-4d33-9cb7-73182f5655f3,DQK,7850101,7850101,D07
71d026e9-8f77-4217-b720-3f3c41abbb06,DQK,7850101,7850101,D12
b8abd76e-079e-4704-b88a-1ca5bf60c3e9,DQK,7850101,7850101,X01
34516578-eacb-4efe-9b57-2cdaf4317e17,DQK,7850101,7850101,X13
e3e241d5-6f41-4ed1-a8b9-f2a859a967b2,DQK,7850101,7850101,X62
6190cf4e-e956-4eda-a85c-3a2fbf97ee28,DQK,7580101,7580101,H06
05112b0a-5423-43a2-aa48-4ad317bb60ef,DQK,7580101,7580101,H00
4b74722f-3c94-41dc-b76f-ccf820e096b3,DQK,7580101,7580101,H02
64d7fe39-7ca1-4c69-9e08-4a41a5578573,DQK,7580101,7580101,V03
b2e8460c-65be-400d-93f7-b4664564fdb4,HNM,7140114,7140114,C00
8ee16a3b-3009-42fa-9927-983ed48f2530,HNM,7140114,7140114,D01
ac499d7e-43e5-44ae-b04c-10e6a2358607,HNM,7140114,7140114,D14
c18da833-57c5-42ff-bd31-a77e634b43c8,HNM,7140114,7140114,D78
40e17699-7813-406b-bade-28f3609534f6,HNM,7140201,7140201,D01
bdde43a1-1416-4ee8-9e05-54879c827ca2,HNM,7140201,7140201,D72
a7636514-0c7e-488f-b6af-006d23747529,HNM,7140201,7140201,D78
416e6503-5e1b-4d00-90be-955aa9273a48,HNM,7140201,7140201,D96
9de116db-763c-4e59-ac3f-1f61d91ccfa6,HNM,7140202,7140202,D01
37853472-8646-425a-9906-b814ea697623,HNM,7140202,7140202,D72
4bdefd2e-9f90-4ed9-8afc-cdcc60a8ba7a,HNM,7140202,7140202,D78
61352f8b-5e8a-40fe-a77c-b83295d5faf1,HNM,7140202,7140202,D96
93682301-2be8-4553-92be-6f5d605533bf,HNM,7140203,7140203,C00
134864c8-3475-47b6-8bc9-9b2850199ac5,HNM,7140203,7140203,D01
e977ba24-b3a4-48ab-9ddb-32de44b027e0,HNM,7140203,7140203,D14
5fa23b96-2068-4546-a19b-bb4af2281ada,HNM,7140203,7140203,D78
30060349-f355-4ad3-ac51-a9b2b8cb3136,HNM,7140204,7140204,D01
e6bef293-5de7-4f9b-bb80-7988417aa513,HNM,7140204,7140204,D14
2358c346-9ed1-461e-9be8-097a4d52a133,HNM,7140204,7140204,D15
0dc24a4a-53bc-4123-9496-d7e9e804880a,HNM,7140204,7140204,D78
2069395d-7a2f-44f5-95c7-4c39261c6e60,HNM,7140209,7140209,A01
1dc4c53e-380b-4950-b764-853161954225,HNM,7140209,7140209,D01
0963ed8c-610d-483a-9392-2df76366bed8,HNM,7140209,7140209,D07
775af53c-59b1-45ab-a770-e2398a3f774f,HNM,7140209,7140209,D90
b22d5e21-9796-4dad-9286-d6759c50b181,HNM,7140211,7140211,A01
81ceebfe-7c3a-4355-a72e-4ffa3cd62593,HNM,7140211,7140211,D01
c073eacf-e4c3-40cf-abe8-b8e0dec380c3,HNM,7140211,7140211,D07
1dbb74bf-210f-4655-823f-6e707e4963af,HNM,7140211,7140211,D90
a446e7af-10fd-45eb-9a42-0fcf14316624,HNM,7140217,7140217,D01
0b1b36d7-5a24-44ec-aef3-ac44f3353436,HNM,7140217,7140217,D14
87889385-9e11-42e1-87c4-534deed4ab47,HNM,7140217,7140217,D15
0a02257a-c429-46e5-b5b2-656e215d0414,HNM,7140217,7140217,D78
af16122c-514f-4d13-bf83-bd7d7b8f8d2c,HNM,7140218,7140218,D01
f014aacd-1390-40bb-a035-95a7576534eb,HNM,7140218,7140218,D14
92f88157-adc2-40ce-a697-2ce5dc57814f,HNM,7140218,7140218,D15
eb49b9e1-dfbc-4049-9ae6-c78b7fd80cdd,HNM,7140218,7140218,D78
dc6031f4-1f25-4b00-9f4f-22b87fc62720,HNM,7220201,7220201,D01
8262fdf8-c8f4-4976-9312-f3a0e2cd9e20,HNM,7220201,7220201,D14
3de3fd05-d47e-45b0-b609-e2e171a8e8f4,HNM,7220201,7220201,D15
774a0aaf-47ff-4169-9a2f-a20fbd54687e,HNM,7220201,7220201,D78
29061736-35a8-4375-aac0-781ca966cf84,HNM,7220204,7220204,D01
a18fea5a-2c05-4db1-bf64-2ad4d4190730,HNM,7220204,7220204,D14
e9e424c2-acf6-4909-acf4-08ea49389b37,HNM,7220204,7220204,D15
4644f423-00b9-4575-87b8-01ef42d77612,HNM,7220204,7220204,D78
d95274a8-2dd2-45f9-83b2-dc51ac2c3712,HNM,7310201,7310201,C00
bfcc8260-c2a5-4c3e-8784-227bc1978dfc,HNM,7310201,7310201,D01
36e971f4-9b0d-4e49-ab18-34a41f3cb758,HNM,7310201,7310201,D66
e44dca5f-a741-48f7-ab3e-9c2676457d82,HNM,7310201,7310201,D78
9caecccb-2a67-42eb-977d-072c240118c9,HNM,7310630,7310630,C00
5e02048f-3dfa-4bf9-bc52-fb5230029257,HNM,7310630,7310630,D01
a78a3129-4e3f-4dcc-87c2-6dfabc85cc17,HNM,7310630,7310630,D15
b1f993e9-9cdd-422f-a449-eefd355af027,HNM,7310630,7310630,D78
8a61441a-02a2-4cf7-9f1d-016975bf7c8a,HNM,7340101,7340101,A00
72389eb4-b9da-498d-ac08-6c698ff8d4b8,HNM,7340101,7340101,D01
96f01a46-c308-4bc0-b4fb-661c8f7af74e,HNM,7340101,7340101,D90
39dd1adf-17fb-412f-8d86-ef501b82325a,HNM,7340101,7340101,D96
0e32f0a2-271e-4aab-8b99-123bac76645c,HNM,7340403,7340403,A00
c5efa7fa-bc44-455a-8b52-80959e27f047,HNM,7340403,7340403,D01
5b20e04b-b2ff-470e-b95f-87abe7b011dd,HNM,7340403,7340403,D90
6e9bae74-a3da-4629-89a3-7b20dc9ace9c,HNM,7340403,7340403,D96
bd1b551a-ce82-4874-9e8e-aa33fb892612,HNM,7380101,7380101,C00
eae608ce-24b1-444f-8894-0b9146570c92,HNM,7380101,7380101,D01
4c4e753a-7b90-4513-8c08-2fa1dc4d9a80,HNM,7380101,7380101,D66
386283cf-12a6-4290-a8ab-2f30e32ca258,HNM,7380101,7380101,D78
3fe4bb3c-59e6-4fc4-83ad-e736f603ec5c,HNM,7460112,7460112,A00
d66683e0-5ccc-4c38-be2c-8f822409a06d,HNM,7460112,7460112,A01
9be1b015-0360-466f-b738-1653bcc46c2e,HNM,7460112,7460112,D01
e58373e4-e9a0-4935-af03-9aa49de07458,HNM,7460112,7460112,D90
c16ed72a-40f4-4896-8f3f-22a561d72d8c,HNM,7480201,7480201,A00
c3356cee-f54d-4f6d-93e3-9a7c2b79485c,HNM,7480201,7480201,A01
457cc18d-a196-4449-b334-2c95f2642b58,HNM,7480201,7480201,D01
be6365ab-a630-4dcf-abc8-e3ea5ed0ff38,HNM,7480201,7480201,D90
b1fba782-1f0b-4e37-bfbc-3885efc3f170,HNM,7510605,7510605,A00
9c82ea00-71ca-4e7c-b875-6bda9c4f2187,HNM,7510605,7510605,D01
a33af47b-b2c9-45fe-9591-4556777d56b4,HNM,7510605,7510605,D90
0fe26ce8-4128-479e-9ffe-bf0233cc58b6,HNM,7510605,7510605,D96
659e732f-5704-42d9-9a10-63e9f823f071,HNM,7760101,7760101,C00
d919b829-04f6-4e74-99dd-405256bad09d,HNM,7760101,7760101,D01
debb4c1e-5c0a-4aef-ade9-aa63f0042975,HNM,7760101,7760101,D14
1ad411fa-e19d-4023-8725-6c5967a7866a,HNM,7760101,7760101,D78
8cc1d409-0234-456b-8b61-7c89cf081d98,HNM,7810103,7810103,C00
a3007a9b-878a-4a97-b83a-342bf52b9e64,HNM,7810103,7810103,D01
96b593b4-0c9d-4be3-a262-3a29c1637667,HNM,7810103,7810103,D15
d269391f-9a12-409d-a867-9398aecf5f34,HNM,7810103,7810103,D78
1dadd796-7c4e-483b-a4d9-aacd1907bc65,HNM,7810201,7810201,C00
6d737aae-86a8-4210-abaf-8f5c4a44759e,HNM,7810201,7810201,D01
7492e432-7435-41e3-a0e5-c58f7cf52663,HNM,7810201,7810201,D15
148500f6-f32d-475b-a4de-5a4c7438a055,HNM,7810201,7810201,D78
9c4e61c4-fc67-4fa2-948a-2013a068cc5c,HNM,7140201,7140201,D90
306b80ca-90c1-4e67-9062-6d045b8a0e9b,HNM,7140204,7140204,D96
d802aa29-1b4b-4629-9f8f-98ec21d78f62,HNM,7140206,7140206,T05
b7d33a8a-8df5-43bf-8573-5a2acbec8d12,HNM,7140206,7140206,T08
b9dcb572-e84c-48fc-a62e-c845ac5e70d8,HNM,7140206,7140206,T09
4a715f53-c3a6-49ba-8ac9-cbd5870aa9eb,HNM,7140206,7140206,T10
193c27a3-b45a-4c33-9aad-e8ff547e5054,HNM,7140209,7140209,A00
96ff3fc5-137b-4243-aa91-ffb30a52531f,HNM,7140211,7140211,D72
8432e0dd-14f8-4df2-8e9c-c6460d1c7257,HNM,7140218,7140218,C00
4343ab34-9904-4c80-a3a8-c980555f30ea,HNM,7140218,7140218,D96
85523994-5138-4712-b1ea-b193c54a6d00,HNM,7310630,7310630,D14
3f2c2d2a-aae4-401b-9449-bc7292a565a3,HNM,7510406,7510406,A00
83d8da5d-f6f9-42cc-b8d6-96a0a2f48e6b,HNM,7510406,7510406,A01
e99dee50-ba95-4383-9c26-b62d8a63f9ee,HNM,7510406,7510406,D01
53b05181-7070-4c85-a5e7-b9da395ee2a9,HNM,7510406,7510406,D90
5a42c072-16f2-4733-80a7-d088ab1a10fd,HNM,7810103,7810103,D14
f9dc9b8a-c3ad-4405-830a-f4380d8968cb,HNM,7810201,7810201,D14
fd9a623c-3c4d-4cdf-9cdd-e83f3ab48c5d,HNM,7140204,7140204,D66
7615ebf5-7ca8-4c8f-b0c4-93d872f9f118,HNM,7140204,7140204,D84
4f4e8f97-f43b-4964-8b7d-8241b1501407,HNM,7140206,7140206,A00
a88f9e0a-9169-47f9-9202-31dbf1170eb2,HNM,7140206,7140206,A01
dd6268f1-59ec-402a-add8-2ef765a5278b,HNM,7140206,7140206,D01
0e5feb3d-f403-46b2-984e-843aed3de46c,HNM,7140206,7140206,D07
94ba87e6-2b09-4499-82c4-5b5b38ffe48c,HNM,7140211,7140211,D11
b46246be-1725-4f87-9ef0-b3875b918718,HNM,7140218,7140218,D09
5335c6cd-e929-4842-bbac-0382dcd87d54,HNM,7229030,7229030,C00
9c83b5df-9880-456e-8123-abf183ddcf52,HNM,7229030,7229030,D01
933f8ac2-5b57-4472-a85e-380ad1e9bcd9,HNM,7229030,7229030,D14
819b3ecd-6af4-49f8-84b9-aabd1b6589d4,HNM,7229030,7229030,D78
698982a8-8030-4bb6-84af-3ad59846f959,HNM,7229040,7229040,C00
fbd89714-84fe-4ef3-910d-87a348d0e5c7,HNM,7229040,7229040,D14
110ceb6a-bd5c-4344-865a-c05da981aaf4,HNM,7229040,7229040,D15
35b05fc5-0442-4aee-adbd-16857b8404b7,HNM,7229040,7229040,D78
00ed29d5-900c-4c06-be0b-6ab083dcfb96,HNM,7310401,7310401,C00
dac378d5-fe62-4986-bef0-e76cb3020f32,HNM,7310401,7310401,D70
c1322f3e-8d81-4822-9401-2db20adccdb6,HNM,7310401,7310401,D72
997e4750-8a58-4530-a9e1-0b2abec1f5f1,HNM,7310401,7310401,D96
60880933-3ffa-4abc-98be-0c9b90ed34da,HNM,7340101,7340101,C00
7d0f8d9a-8724-4b22-86bb-668b871af1c5,HNM,7340201,7340201,A00
843ed6cf-dab8-46ae-bc2b-8d8f68933075,HNM,7340201,7340201,A01
3228ed0a-9edd-4508-8843-44ae321558e4,HNM,7340201,7340201,D01
66122682-5129-4165-9d74-084e35e698d5,HNM,7340201,7340201,D96
1a321dd4-76bf-4bcd-8bc5-88a9dd8a6571,HNM,7340403,7340403,C00
a6bb3b2f-0ab6-4d3a-8a2d-aef2e6331d38,HNM,7460112,7460112,D07
4c7fdd83-5032-46a3-a846-24915503a987,HNM,7480201,7480201,D07
c8ba9c0f-6ac7-4fe4-9753-b2711a1dc063,HNM,7510406,7510406,D07
8db39b8a-2af9-44c2-92a8-3c9b352fc1eb,HNM,7510605,7510605,C00
4ddb188d-c681-408d-8afa-5278b060a498,HNM,7850201,7850201,A00
11a7c796-157a-46b1-8c0a-66ceedbd3026,HNM,7850201,7850201,A01
3fe1a9ad-d7e7-4c39-a990-b3c0e91980f5,HNM,7850201,7850201,D01
1afabff6-4eea-4401-b1db-138abdac2b24,HNM,7850201,7850201,D07
4795e692-1827-4a6d-af0f-7a602b2a68c1,HNM,7229040,7229040,C20
601bc2f1-aa45-498f-909d-7609ffd2a8cd,HNM,7229040,7229040,D01
3a4935dd-1385-48be-b73c-18e83d8ea6d5,HNM,7310401,7310401,D01
5e04f154-6496-4425-a0ab-457eaef81591,HNM,7310401,7310401,D14
347dfb95-e991-497a-8b8c-2c4549b3bf14,HNM,7310630,7310630,A00
85b06596-55da-4bf6-bbd2-f3b01932eff8,HNM,7310630,7310630,D96
5f0298c7-db6e-40c7-98e3-7247aaaa610a,HNM,7140114,7140114,D04
bea7d5fa-d6e9-41a2-af4b-981d5dc97a26,HNM,7140114,7140114,D15
736b5a26-126b-42e0-b463-af4662043790,HNM,7140114,7140114,D45
9412ca11-0407-4a43-b412-ef74c19d2789,HNM,7140114,7140114,D65
e1fe608b-8afa-41ec-97a3-87598aacf096,HNM,7140114,7140114,D66
2cae466b-fb14-45a5-aba1-6b1b6b3b2128,HNM,7140114,7140114,D71
22f7958a-0189-4d5b-bbd9-7f08458744c8,HNM,7140114,7140114,X78
4f4eeabe-3bff-4484-b503-7ecc2da41d49,HNM,7140114,7140114,X90
d47e52ee-27e9-42b2-a84b-58e61dd96891,HNM,7140201,7140201,C03
546d53a2-e76c-4346-ad59-621b3b450e6d,HNM,7140201,7140201,C04
301fcc71-fd20-4d90-9754-c8b035146df8,HNM,7140201,7140201,C14
feae8274-af1c-465c-a356-535f47f6c0e1,HNM,7140201,7140201,D04
8ba93a18-3f98-4049-ae9f-fec787f7a0fe,HNM,7140201,7140201,X01
11170ebf-6d02-4b57-afde-444570904777,HNM,7140202,7140202,C03
97ac6c11-095f-4013-9121-f11496d40a3b,HNM,7140202,7140202,C04
ddfa0235-aca8-4485-bb9f-7c7765397bb2,HNM,7140202,7140202,C14
da4a3a1e-ebc7-4fe9-affd-2b2d6d010f92,HNM,7140202,7140202,D04
1e32319e-e67a-4e3d-aa50-932815ae6654,HNM,7140202,7140202,X01
f62bac24-6d21-45eb-af2b-b439695cc319,HNM,7140203,7140203,D04
acf7be97-4723-46f3-bfc1-b37d54bb7022,HNM,7140203,7140203,D15
6c74e790-74ff-421c-a47a-51eb3298c6d2,HNM,7140203,7140203,D45
1cc030c7-3df2-4720-bbe9-706c6b8cae47,HNM,7140203,7140203,D65
885d6872-4ef5-4291-a1c7-1b0c5bcff336,HNM,7140203,7140203,D66
77f3e136-a096-49e1-a4f5-843723dbe2a6,HNM,7140203,7140203,D71
b91af8b9-535d-4a2c-b4cc-201ce3b39706,HNM,7140203,7140203,X78
8f8d660f-cb94-4ebe-af37-99ac6a4b5d22,HNM,7140203,7140203,X90
0b62a416-876f-411f-93ff-aabaa4f66c65,HNM,7140204,7140204,C00
84cbd957-4abd-4918-9f03-95d3383b8f38,HNM,7140204,7140204,C14
f599670e-c67d-4c0c-a4f0-b188a875b2d5,HNM,7140204,7140204,C16
e12878f3-d581-42f4-9839-af53ec319080,HNM,7140204,7140204,C19
49e9f6fd-f088-40ad-b728-b9899b77a12d,HNM,7140204,7140204,C20
39212780-a5a5-4729-b31d-c652aea76be0,HNM,7140204,7140204,X01
d09d3584-0d0b-4f2c-b739-e4586e6fcd05,HNM,7140204,7140204,X58
ba43b007-47c0-444e-998f-fa4b1d209f69,HNM,7140204,7140204,X70
421fbd39-fd8f-47ad-8a8c-2e07d7f9caeb,HNM,7140204,7140204,X74
056cdad8-42b2-46d1-9c0d-cff22cc1e2bc,HNM,7140206,7140206,T00
ad12c4d4-774a-429f-b9a0-321e3b07f4df,HNM,7140206,7140206,T01
a8ad1ac1-f824-462e-8b11-d2ca8b2c26c5,HNM,7140206,7140206,T02
d2d6c3e3-672c-41b4-863f-ff7d57fc74a1,HNM,7140206,7140206,T11
4aa8c1d1-dd36-4377-a426-7b7992df70e2,HNM,7140209,7140209,A02
5de9ff17-ca2b-4a3c-845a-da505f6f697f,HNM,7140209,7140209,C01
854ccd16-ca5a-424e-b6b3-8ef377acbb39,HNM,7140209,7140209,D30
5d3e391e-3a4e-45f0-9637-191a5c9cbabb,HNM,7140210,7140210,A00
a731a7b3-d476-4bf2-92c2-fecf627e73f2,HNM,7140210,7140210,A01
59466c9a-d642-43a2-b126-be843e7c7ebd,HNM,7140210,7140210,A02
3eba276d-b3f4-4b46-bfc7-7c9c76cac4dc,HNM,7140210,7140210,C01
79cc7577-f828-479c-8d7c-a4b1d8ef9b5d,HNM,7140210,7140210,D30
17d21bd8-f83e-4b10-bd8a-07992f43b83f,HNM,7140211,7140211,A00
40247de5-ae06-483e-90ad-282511ee8cb8,HNM,7140211,7140211,A02
054b6c77-156e-49bd-8935-dc9f2bb00f34,HNM,7140211,7140211,C01
4381a091-e347-44b5-a053-1b3e6d0d9e02,HNM,7140211,7140211,D30
81022b45-1917-4378-b9db-97f41a458ec9,HNM,7140217,7140217,C00
a65e3d5c-dfe4-4165-a7e5-8d57174d385c,HNM,7140217,7140217,C03
8e00ab18-bd45-40f5-b7a1-fb0bb5c14600,HNM,7140217,7140217,C04
d1ce432a-d25e-4f53-b64e-63b179e84d80,HNM,7140217,7140217,C14
12ea4eeb-3612-4c49-acf2-8c6ceb97b3db,HNM,7140217,7140217,D04
6c9394be-0c1a-4f2e-980a-59f2f9d05f61,HNM,7140217,7140217,X01
8207ba7b-128f-4112-b444-6d1ed8aa0356,HNM,7140218,7140218,C03
cff32d4b-6c37-4c5d-b647-c74fc2650aae,HNM,7140218,7140218,C19
50a9ee2d-a906-463e-994b-8af1d2ab3865,HNM,7140218,7140218,D40
44db0b04-da9d-4585-a880-94bad3150d09,HNM,7140218,7140218,X70
8ee23c33-fe14-4bda-b198-c95d6f1a7213,HNM,7140231,7140231,D01
ecf3f845-fae7-4fc6-ab4a-e972afc40b28,HNM,7140231,7140231,D04
43bd5efe-b355-4b77-96b1-8ac69291b0c3,HNM,7140231,7140231,D14
1b8b9111-51db-49df-9c2d-362eab61a065,HNM,7140231,7140231,D15
456d0e9f-b1da-4182-ac1b-0cf84f9d99fe,HNM,7140231,7140231,D45
965203d9-9cb7-49e1-8788-d3fce95e04af,HNM,7140231,7140231,D65
8c17669a-73e9-49e3-982a-21c557788e6e,HNM,7140231,7140231,D66
20c4b348-260c-4a1e-a301-c43fc950a2fb,HNM,7140231,7140231,D71
2e2b5df8-ecd0-4730-9e29-74add00264a4,HNM,7140231,7140231,X78
5adaaa48-59e6-4eb7-8f6e-6407d7b5d33b,HNM,7140231,7140231,X90
f189ff90-7c7d-4b02-807f-d6ef45bd8703,HNM,7220201,7220201,D04
77450e36-61b5-41b2-b8c8-ecdb09f3e925,HNM,7220201,7220201,D45
168cbba5-07cb-4181-a2ae-b43e847f8ed6,HNM,7220201,7220201,D65
ea6c191b-4b3f-4af0-abd3-4551379dd9d0,HNM,7220201,7220201,D66
d071844c-0cfd-43b9-9d9b-2f21084703a7,HNM,7220201,7220201,D71
e7bd2edc-81a6-472b-a875-c4b412e79752,HNM,7220201,7220201,X78
95e1df3f-8de6-421d-bb53-4c758867ef9d,HNM,7220201,7220201,X90
70dab936-46f0-4e70-8e4f-0fcf3e61d89e,HNM,7220204,7220204,D04
6af7f8e1-2f4c-43c6-9890-f56309bda6ed,HNM,7220204,7220204,D45
a0ce043f-4a5b-4bfd-92e7-28a65c280159,HNM,7220204,7220204,D65
a4cb63f0-abee-436c-8649-36d285c5d801,HNM,7220204,7220204,D66
19a45a23-0b10-49f6-b59c-a390de1f9fb6,HNM,7220204,7220204,D71
4acc4c58-e6ff-4458-b251-8b06dc585dfe,HNM,7220204,7220204,X78
90e84731-6473-4f86-a19c-10a22dab5882,HNM,7220204,7220204,X90
3a297610-4b37-421b-ba62-dc0fe0df3155,HNM,7229030,7229030,C03
0e070f57-1e47-4fe2-a2be-7fd5d9ac8649,HNM,7229030,7229030,C04
77b8b4f0-f9b9-48f2-b329-91c4a313ddf2,HNM,7229030,7229030,D04
316f4481-55eb-4a5b-af51-6d142e0088b1,HNM,7229030,7229030,D65
1dc4637d-585e-4683-bff3-b5540ab9aa53,HNM,7229040,7229040,C03
df3dd6ae-86b6-4dfd-ac26-15341cfc0ba5,HNM,7229040,7229040,C19
8396b549-803f-4ff7-b773-14e5a4faf7e3,HNM,7229040,7229040,D65
bbb18955-ab70-41e8-9514-5e112506656f,HNM,7229040,7229040,X70
700f874c-c683-4205-a0ce-7b81f07f7380,HNM,7310110,7310110,D01
4600da8e-527f-44c3-ba34-46bdd679f2ad,HNM,7310110,7310110,D04
e78257d0-4c40-499c-a9d0-f285b8d2a614,HNM,7310110,7310110,D07
e430d734-fe36-4e10-973d-717d81ba8967,HNM,7310110,7310110,D08
d1b772de-8889-4cf8-9ce3-1bf83f0f3386,HNM,7310110,7310110,D11
ba2bc5da-0545-47e8-a022-dfeab0c46dbe,HNM,7310110,7310110,D25
cd3a7e23-10e5-470a-958f-0424799f4dc0,HNM,7310110,7310110,D35
15dabb9a-c139-43e8-b9a8-de97bc0764e8,HNM,7310110,7310110,D55
c7de2396-54b0-4a50-835d-a04212a4e192,HNM,7310201,7310201,D04
b2443136-4e1c-40c7-8cde-a0e132252b96,HNM,7310201,7310201,D14
3cb0313d-e24c-4019-bdc3-e835bc5ea2f9,HNM,7310201,7310201,D15
206f83cb-26dc-4a5a-be11-2f692dbba58d,HNM,7310201,7310201,D45
86a81dfb-3dc9-4293-a99e-ccec6c56ab3b,HNM,7310201,7310201,D65
97530a88-df61-42bd-ba2f-7f70d970c190,HNM,7310201,7310201,D71
6fb65b16-d85c-4b5c-a9b4-6449eb055dda,HNM,7310201,7310201,X78
80ea443f-3442-4886-b4ba-39dc06fa69e6,HNM,7310201,7310201,X90
b1e63641-c70d-4f10-9086-95365c54df6c,HNM,7310401,7310401,D04
3a8eb658-51b9-48fd-9beb-4b28b3df7041,HNM,7310401,7310401,D15
b4da55ef-1c96-487e-aa9b-54c384fcbe8b,HNM,7310401,7310401,D45
ebc47605-87ad-4937-92f8-337db7541a2d,HNM,7310401,7310401,D65
e92af751-d6c7-4526-9d52-dd0a24c66453,HNM,7310401,7310401,D66
720aa58e-e5a7-4b83-93ad-af712538b588,HNM,7310401,7310401,D71
e366a727-c2fd-43bf-b8e3-5f3b5ec58285,HNM,7310401,7310401,X78
ac092f60-cef9-403f-8d59-143ce33488b1,HNM,7310401,7310401,X90
19832bef-7a2d-4f62-9730-d887c02dd2cd,HNM,7310630,7310630,C03
20a6948d-3cda-42a0-9cfe-fea274fa3f51,HNM,7310630,7310630,C19
e9223180-8df7-4e9f-8d2e-d44856195ebb,HNM,7310630,7310630,D65
9ee7e3e7-7a21-49ec-bbf3-b5bf8f74f450,HNM,7310630,7310630,X70
1f8613de-2164-4f5d-9b8c-b1db0ff54c36,HNM,7340101,7340101,D04
206e78e2-a502-4e56-a20a-285347ee36c0,HNM,7340101,7340101,D07
378be9c1-d050-4fc6-990c-b55d33bc0ad2,HNM,7340101,7340101,D08
5d561ad1-8405-4cdc-b789-abf6b079a334,HNM,7340101,7340101,D11
e2befb9b-cf42-4091-9d65-e21c8907a28c,HNM,7340101,7340101,D25
22c105da-a1af-46cf-81d3-2182a9149030,HNM,7340101,7340101,D35
140bed16-8386-44d2-afa8-0fe539c64d14,HNM,7340101,7340101,D55
539988de-baa6-414e-b612-da556abea7f2,HNM,7340201,7340201,D04
c9f62530-22b1-4247-9b57-10f5cd08a28b,HNM,7340201,7340201,D07
d9759c4e-7d0b-4174-ac22-0fb6bc759b69,HNM,7340201,7340201,D08
bbe2b4c0-216e-419c-9abd-afe4aad4cdda,HNM,7340201,7340201,D11
81726070-0776-4acb-9b68-355955c9a286,HNM,7340201,7340201,D25
eaeca13a-6381-47a7-95a3-8cd20ddaf364,HNM,7340201,7340201,D35
ac6f2de4-0113-4b6f-bc2c-1b26f3210a8c,HNM,7340201,7340201,D55
18c1db5c-384d-40d6-91b1-cde1b533f8de,HNM,7340403,7340403,D04
4eea4c8b-fe3f-4fce-9e70-6cad570787eb,HNM,7340403,7340403,D14
aaf476fd-2308-4eaf-9420-917695bf5e57,HNM,7340403,7340403,D15
9277d187-f18f-48f1-9f9a-713b9f4215bb,HNM,7340403,7340403,D45
1b172df8-9941-4ff5-8589-776034a26cba,HNM,7340403,7340403,D65
92851aba-c6e0-4b27-9662-c704eaf2a221,HNM,7340403,7340403,D66
a6035523-b748-4474-9ecc-14a40bb2d1f9,HNM,7340403,7340403,D71
e6e6da68-2177-41ea-944f-ea922f766554,HNM,7340403,7340403,X78
61e3047b-7786-4360-b3f7-0b652ae17911,HNM,7340403,7340403,X90
60481758-e6ab-49ee-88b8-e64ff5a0e933,HNM,7380101,7380101,D04
a1a39453-1d81-4016-a7ab-bd56f14d61f6,HNM,7380101,7380101,D14
6a468065-5d79-40cc-87c8-a7c4e61fcc1e,HNM,7380101,7380101,D15
68829605-3c84-409a-be39-1a22904f357b,HNM,7380101,7380101,D45
2fb31e05-c4d7-4dda-9c4e-3705b0cf3933,HNM,7380101,7380101,D65
4141fbd2-5f8e-4886-989c-de867a4fb3e1,HNM,7380101,7380101,D71
e7b1c865-9fe0-4874-9fd8-02ac86da4dc2,HNM,7380101,7380101,X78
f4907fce-96ef-4328-90cd-ed0f3f5a92d3,HNM,7380101,7380101,X90
91a2ce56-dce0-4e1f-bb86-5c38afdcd51d,HNM,7460112,7460112,A02
aaaf6e7f-c440-42a3-9f53-9755bd09c040,HNM,7460112,7460112,C01
f98197f5-79ee-4a1b-b601-ddd3e9757746,HNM,7460112,7460112,D30
4a4f22fe-3c05-4350-a554-49e399df28a3,HNM,7480201,7480201,A02
a01d869c-5148-4808-b404-fa52d0a42f81,HNM,7480201,7480201,C01
b2a56772-bf43-4387-8d72-6dc503f474e2,HNM,7480201,7480201,D30
71ccf0d4-af8d-42e4-9971-2684a1fac84f,HNM,7510406,7510406,C01
47d3a62f-9944-4e51-8473-44c450a5e60c,HNM,7510406,7510406,C02
95611872-cc3b-4b98-9eae-7213b0788c97,HNM,7510406,7510406,C04
e351b031-37e0-4eee-a645-9747b1a8f3e5,HNM,7510406,7510406,D04
f47a352e-4670-4e02-8796-eb5051f10e62,HNM,7510605,7510605,A01
0d40af8d-9a9b-4c67-aab9-15a479cfb752,HNM,7510605,7510605,D04
fad74031-8708-4494-a80b-e289cd941ad9,HNM,7510605,7510605,D07
38184a93-4c6a-49ee-94d4-46a33427182f,HNM,7510605,7510605,D08
ae9c2410-ea70-4862-9183-4418364bc1e9,HNM,7510605,7510605,D25
5010d4c6-c4f7-4a40-9ac3-724d9f46a98f,HNM,7510605,7510605,D30
ed16dd8a-f619-4a4d-8620-d5ee2854d8ce,HNM,7510605,7510605,D35
65706c49-6e9a-4ad5-9481-821a2ca543d2,HNM,7760101,7760101,D04
0417148d-4055-4e3d-a677-4012fd335a05,HNM,7760101,7760101,D15
4da74b54-afb2-4bc9-9830-42585a5bc4ca,HNM,7760101,7760101,D45
e884ea6b-0c27-40c7-bef4-2fd31a2b9071,HNM,7760101,7760101,D65
c4cc48ee-3005-4ffb-b684-a14b1ad2d00c,HNM,7760101,7760101,D66
78dc6506-7496-4e71-b7f4-5d10a53c6877,HNM,7760101,7760101,D71
57f49f69-c66b-44b6-990a-1469dad318ca,HNM,7760101,7760101,X78
5d135adb-9d8c-498c-8b04-64b8272a3196,HNM,7760101,7760101,X90
17fc578d-48b6-41aa-88b0-74ae65ac636b,HNM,7810103,7810103,D04
46246395-0511-40ee-91b5-e53d0774a26e,HNM,7810103,7810103,D45
d0902be7-e4d8-47ae-9246-6fe28080a44b,HNM,7810103,7810103,D65
34a5ede8-4b5e-4967-9a06-9a1a0d851035,HNM,7810103,7810103,D66
b953db34-e555-403e-93da-2e8af45bdf71,HNM,7810103,7810103,D71
49db7588-185c-44cf-9035-1d297bdffdfc,HNM,7810103,7810103,X78
a3743e67-26f8-4b2b-beeb-62ba2130976e,HNM,7810103,7810103,X90
461759ef-87a6-46e5-8da4-09be485a48a5,HNM,7810201,7810201,D04
078f193a-eee7-4bd9-9b4e-280e6b2e4676,HNM,7810201,7810201,D45
ddcfea3b-73b4-4d3a-b2eb-8bd79eba4252,HNM,7810201,7810201,D65
d64b0fb7-ed9d-4826-845d-37cc028ed332,HNM,7810201,7810201,D66
a16c771d-3a1c-4404-9332-5aa949010c7f,HNM,7810201,7810201,D71
d7fa02cd-044e-4737-84e9-89c76f306a47,HNM,7810201,7810201,X78
18844f10-6ed7-4125-9f12-013068e82328,HNM,7810201,7810201,X90
b4837f19-998d-4808-9d72-fef86abfd54f,HNM,7760101,7760101,D69
d944a42d-9a9c-4dbd-bd55-e093823ed8d5,CCM,7210404,7210404,D01
2d95cf07-b01d-4984-a1e5-2c8d3f604d4b,CCM,7210404,7210404,H00
931aa391-6237-4706-9b14-e33aada185a8,CCM,7210404,7210404,V00
b4276544-5e2c-417f-bb2d-ea2e1535d9be,CCM,7210404,7210404,V01
02084926-ae6d-4c1b-8349-54bd3897ddc1,CCM,7340115,7340115,A00
4cc1587b-a53d-4e3b-bc31-062f259039a1,CCM,7340115,7340115,A01
5aee8378-3527-4aac-87a5-306e7a479734,CCM,7340115,7340115,B00
733b1471-3f31-49a4-9e74-2c2d4eff05f2,CCM,7340115,7340115,D01
cc5e9c6a-926a-476e-ac32-cbf5ba728caf,CCM,7340301,7340301,A00
00226f18-b03b-402e-b306-99d7730a1b16,CCM,7340301,7340301,A01
c48965c2-d940-4899-a8e2-41193163fc20,CCM,7340301,7340301,B00
99d43f2c-366a-46da-8897-6fa0411ef189,CCM,7340301,7340301,D01
6d8028ff-6a66-478b-b026-34a36677dae1,CCM,7510201,7510201,A00
1735c814-ed65-4421-9457-060c8ea71937,CCM,7510201,7510201,A01
36506541-6529-4f84-9b0c-e57de396cb5c,CCM,7510201,7510201,B00
c2767e7d-284a-4ebe-8594-e56ff6dd757b,CCM,7510201,7510201,D01
fa6c2f64-e102-4fa2-b587-58d566094470,CCM,7510301,7510301,A00
7d90fdf4-5d76-41fe-a505-e9c02668c5d7,CCM,7510301,7510301,A01
a504bc17-5de7-4b34-b11f-d34c0185107a,CCM,7510301,7510301,B00
74fe41c0-07bf-482a-9293-d8ace5e35326,CCM,7510301,7510301,D01
38eaa3d9-0eee-4e22-83ff-b63b49c6884e,CCM,7510601,7510601,A00
c2dd8eae-130d-45ff-9f28-5a673426edf4,CCM,7510601,7510601,A01
c1c6231d-f9ab-4bc7-9bd0-de3c03ead0a0,CCM,7510601,7510601,B00
ec07f2f4-428a-4c08-bae8-26423a7567ce,CCM,7510601,7510601,D01
010983f7-3aac-4ba6-b620-8abd45327ef7,CCM,7540202,7540202,A00
ae551226-7af0-40e2-a1a2-751fb92f389f,CCM,7540202,7540202,A01
36c4d1d6-c8ef-41ea-9630-7755277cdeba,CCM,7540202,7540202,B00
78874083-e256-44b4-9dbd-c15b3e9d6325,CCM,7540202,7540202,D01
f9fff473-ce1b-4d1e-9cf3-e177b0e2d109,CCM,7540209,7540209,A00
4c6e59de-1a7e-4467-ac68-dc3ebd2c3797,CCM,7540209,7540209,A01
bd6d1eee-b448-43f2-afee-56d1ca738009,CCM,7540209,7540209,B00
e994164c-c7e4-4b1c-82e9-aa0332d70651,CCM,7540209,7540209,D01
acf47942-894c-45fa-a0b1-cfa31d8c0d09,CCM,7340122,7340122,A00
2c608f78-00f3-4a1b-a937-0920a9923b43,CCM,7340122,7340122,A01
47bb3987-8267-41cd-9280-f2ab1c2c1197,CCM,7340122,7340122,B00
a57598d2-15e2-4f91-96a2-3bd977442bda,CCM,7340122,7340122,D01
e548ca2f-6962-42c2-95b7-0d4c943ad17f,CCM,7210403,7210403,A00
cb3801fc-69e3-4ae4-86be-dc495bcb75b3,CCM,7210403,7210403,D01
d44dbb01-584d-4a27-888b-9d86bb57464a,CCM,7210403,7210403,H00
ca6ad608-775a-4326-80ca-f0ea4700f796,CCM,7210403,7210403,V01
c645f421-c5ad-485e-a976-f99adf7e0f3a,CCM,7340101,7340101,A00
e606161c-7859-4683-be59-73d289a026ad,CCM,7340101,7340101,A01
1a97eff6-0884-4872-993c-beb9bd645542,CCM,7340101,7340101,B00
701b3002-0b32-47ee-99cf-8cfdd57f33b0,CCM,7340101,7340101,D01
41272d4b-0e5d-4689-85c7-bc3399182097,CCM,7210403,7210403,H06
44ff0b97-7a33-4fd6-adaf-e1e60e123f66,CCM,7210403,7210403,H08
db535838-cb97-4d86-b687-3c6cab07628a,CCM,7210403,7210403,H09
75afc7d7-794e-4576-8494-1b22436828fe,CCM,7210403,7210403,V05
636b9644-8cb4-4a71-bb0e-6753bc00f27a,CCM,7210404,7210404,H06
7a8a59ee-e357-4cf4-9f06-95a5c0ecabc6,CCM,7210404,7210404,H08
ad548d66-b7ca-44f4-ba65-24f1dd9f89c3,CCM,7210404,7210404,H09
8ab8cb54-9924-4754-b760-65557b56836b,CCM,7210404,7210404,V05
d054738f-a4cc-4d70-b6c3-598ee0aa1325,CCM,7340101,7340101,C01
011efd7c-a533-4073-ae04-c0e21c9eed94,CCM,7340101,7340101,C03
48106318-c8dc-48b8-bf74-624f1c1908de,CCM,7340101,7340101,C04
a579b3b3-40b6-49f4-9f4e-5f0526f95e98,CCM,7340101,7340101,C14
ff9ab40f-f09b-47ae-a728-bddcf70d83e9,CCM,7340101,7340101,X03
96d60a6c-46b0-421b-8482-1375b470ba9e,CCM,7340101,7340101,X04
b3ceeb73-6651-4aa0-9bd9-fcf3134f4af9,CCM,7340101,7340101,X23
94fd6a67-ac4f-4cae-8231-cbf0007f2cea,CCM,7340101,7340101,X24
c7dfedfd-b458-4387-82ee-9ce0b430b2b7,CCM,7340115,7340115,C01
429748b2-ef86-4596-9775-7d804656dba1,CCM,7340115,7340115,C03
311db024-f19c-47d7-aefe-120f901290a1,CCM,7340115,7340115,C04
98762389-aed8-4a0c-b25d-fef7f0ecee7e,CCM,7340115,7340115,C14
b8f6fb96-f78b-4411-ae2b-5b5f447c60fb,CCM,7340115,7340115,X03
ed9806ff-c14e-457f-bcfc-24a1c4a6b546,CCM,7340115,7340115,X04
f814ef40-a37c-4f8d-9762-fbf93f29ba6d,CCM,7340115,7340115,X23
c9259005-c829-4ea8-8458-d37e545e7a3a,CCM,7340115,7340115,X24
23ad0a06-b566-4d3d-844c-baf767f002f6,CCM,7340122,7340122,C01
f2e59317-e7bf-4063-ac60-a8f0dddedf54,CCM,7340122,7340122,C03
4a8f1730-2959-4f86-96f7-6af0f229264d,CCM,7340122,7340122,C04
3a1ea151-c46d-4d79-b3d2-7107954be1e8,CCM,7340122,7340122,C14
3f4f30ca-6337-40ba-9c86-0532efff8a70,CCM,7340122,7340122,X03
06d0658f-4bbd-4dde-80dd-126f02b7e472,CCM,7340122,7340122,X04
94817c9b-7ed6-4de7-9a9f-e43da2d14607,CCM,7340122,7340122,X23
e68fd70c-65ca-4d9f-92bf-98875e778d7c,CCM,7340122,7340122,X24
06afed1f-0f3e-4491-ac54-92bdd8496508,CCM,7340301,7340301,C01
2d95ebaa-51c2-4dd2-be65-0d822b14011e,CCM,7340301,7340301,C03
91161565-81dd-43e9-be55-15b9edbb3f36,CCM,7340301,7340301,C04
37d2cad8-0178-458c-ae50-8d5316075462,CCM,7340301,7340301,C14
c3de7f0e-dbe7-4850-a6a6-6099fa6b598a,CCM,7340301,7340301,X03
a1ff8422-e949-4402-9f81-18fccd8cd196,CCM,7340301,7340301,X04
38dec7e8-7b8b-4d0b-a145-955c995f72ff,CCM,7340301,7340301,X23
db638c50-0779-4906-ab4e-ea6a749e8497,CCM,7340301,7340301,X24
e69188e1-918a-43d2-b51e-03d0ca83ff93,CCM,7510201,7510201,C01
ef19e498-a6ca-4274-92df-905418395057,CCM,7510201,7510201,C03
06bbedd2-cb38-4543-ae37-f03a267c99db,CCM,7510201,7510201,C04
9ff7882c-9404-41d5-b6c9-3e25376e0bc7,CCM,7510201,7510201,C14
7f252203-56d9-4a90-baa5-c4fa88f982b1,CCM,7510201,7510201,X03
7a00c499-95cc-4737-88e9-c5946408d026,CCM,7510201,7510201,X04
703e2823-3a88-476c-84e9-434b16c972ea,CCM,7510201,7510201,X23
9cc61a1b-1b0f-417e-9a2c-f7186204914b,CCM,7510201,7510201,X24
26991f8d-f559-4f0e-a412-922cee148f71,CCM,7510301,7510301,C01
98c7b4c1-2ed2-46d0-8679-95c44fad0f79,CCM,7510301,7510301,C03
6574d539-fa09-4e2c-85d2-0530db04e73a,CCM,7510301,7510301,C04
2f9b6d8b-1bfd-4cef-be1f-25c0ea85bb7d,CCM,7510301,7510301,C14
99143982-c95b-4514-b84c-f15977d7116a,CCM,7510301,7510301,X03
6a88ea08-4aaa-4930-aea4-f57f5b526a0b,CCM,7510301,7510301,X04
d7788c8f-4db5-4913-9c90-f9340028921b,CCM,7510301,7510301,X23
bbd8bd5c-8c16-4a74-b5d8-4d444a626c7d,CCM,7510301,7510301,X24
25baf838-f986-4ec6-bc53-54b305cdc39c,CCM,7510601,7510601,C01
f09bba97-b596-4857-83cc-bf8f623c3a7a,CCM,7510601,7510601,C03
8304e864-1c41-4db5-b7b5-dd2beb52e699,CCM,7510601,7510601,C04
674c3600-f8ba-45ce-a392-5f6a89688940,CCM,7510601,7510601,C14
215ea9da-870c-470e-b3f9-a01d2e712271,CCM,7510601,7510601,X03
f58678a4-c530-4025-ae9a-33cc9f219b16,CCM,7510601,7510601,X04
a337f5ec-265f-44aa-aff1-c7efafd7a013,CCM,7510601,7510601,X23
0b93999e-0e5b-4588-b076-8d7775f8ad15,CCM,7510601,7510601,X24
8c9a177a-085d-47c8-ad55-520b75778473,CCM,7540202,7540202,C01
8bc4c586-d85c-450f-99bb-be21641af0ac,CCM,7540202,7540202,C03
4e4b553b-fc6c-49ed-9957-c34c8506faf9,CCM,7540202,7540202,C04
0fc05ab7-5449-47eb-a4ed-05a73b8b297d,CCM,7540202,7540202,C14
015efb12-362d-4822-80de-d553642f2f8d,CCM,7540202,7540202,X03
d04cdc05-00cd-4044-8a9d-7d75794a782d,CCM,7540202,7540202,X04
fe2e58d6-dd36-450e-9485-5ccb6e6e31da,CCM,7540202,7540202,X23
fba4fbd1-cdda-4ffb-a8d9-e06ed601bff6,CCM,7540202,7540202,X24
85e0fced-5921-42ec-93e9-2e07e6fa11b7,CCM,7540209,7540209,C01
05c7b28d-aec4-4811-8265-79f1f7f0f985,CCM,7540209,7540209,C03
3028f78f-daa8-40f1-88c0-7ca3de6551c2,CCM,7540209,7540209,C04
c16a758f-825c-4b93-a24a-7a1354895f18,CCM,7540209,7540209,C14
77fa2902-6b75-4db3-907c-425cf463ac6b,CCM,7540209,7540209,X03
6d9fa269-9e91-4f22-a7ea-283576cbf4ea,CCM,7540209,7540209,X04
53716977-c7f2-431e-b940-5f60614fdbf5,CCM,7540209,7540209,X23
7440a020-4577-4f4b-bd90-ce330a3afb0d,CCM,7540209,7540209,X24
61757d97-a277-40ee-aee7-36ac004c6d15,TDD,7220201,7220201,A00
9106ccfc-7fa0-45f4-a2d2-53eb5fb2a0d9,TDD,7220201,7220201,C03
6c5c1460-ca3a-4730-9ce3-54fdc9b33e61,TDD,7220201,7220201,D01
172b474a-3fd2-4971-8089-2b5d6523049b,TDD,7220201,7220201,D04
c1599664-68df-4470-83a4-da90638e3d4e,TDD,7220201,7220201,D09
517a29c9-077b-4070-b1e2-34630c2b64c6,TDD,7220201,7220201,D15
acfcefb1-c9b8-4696-a607-d68c7e7b5f17,TDD,7310630,7310630,A00
b55776c5-47b5-4aa8-a25d-17a2af07c42f,TDD,7310630,7310630,A01
338a5698-a985-448f-87fc-52833d16a218,TDD,7310630,7310630,C00
7169e738-cbf9-46a6-8f41-50b0f434fd35,TDD,7310630,7310630,D01
c5040d49-86f3-4c54-8ada-3669dbe5911a,TDD,7310630,7310630,D09
81fb3c6b-2da0-44d7-8217-9e84d0e9f5bf,TDD,7340101,7340101,A00
42dc4789-563e-4ed6-82e4-706387f279e9,TDD,7340101,7340101,A01
f2c09f99-195f-415f-8d10-ca75c1d10c79,TDD,7340101,7340101,C00
0111a2f4-d7fc-4cc5-809b-e53525ada8e9,TDD,7340101,7340101,C03
08dd3e17-4d9e-4fa0-8d46-6c57008f4530,TDD,7340101,7340101,D01
4af789fb-40cd-4488-9667-8bc496ee9766,TDD,7340101,7340101,D09
e06aea7d-95bb-46ad-aaeb-6e281144d89f,TDD,7340301,7340301,A00
758fcd28-77f8-4080-a444-2a5c35e01073,TDD,7340301,7340301,A01
7ef52e37-d1a3-42a8-a68d-22697187abd9,TDD,7340301,7340301,C00
c3d63434-2478-49e8-991c-d89071101415,TDD,7340301,7340301,C03
a34c51cf-eb47-4564-9322-3054b04849b7,TDD,7340301,7340301,D01
b8075992-00bd-42df-a3d7-ddb02370b5ac,TDD,7340301,7340301,D09
eaf84f5c-e851-492b-97a2-f1150797ccfe,TDD,7340406,7340406,A00
07e63d12-9601-424c-9e16-d8eb5cdb7300,TDD,7340406,7340406,A01
4315bb04-4aef-46c7-a1ab-618e9801abf2,TDD,7340406,7340406,C00
7f510baf-d6f2-45e7-b4ad-3653441619e8,TDD,7340406,7340406,C03
b8befe38-6162-4e22-81b9-544c02329a21,TDD,7340406,7340406,D01
ffe3d5e9-e782-4d74-854e-027a6c10a7a2,TDD,7340406,7340406,D09
d5913f38-45eb-452c-a35e-4e62e8924e10,TDD,7480201,7480201,A00
3a94e3ac-6c56-4411-9572-221c8068578c,TDD,7480201,7480201,A01
d192bcf7-32ef-4bd6-94d4-2c04cec57268,TDD,7480201,7480201,C03
e3523ca0-4433-4a90-851e-cff947507638,TDD,7480201,7480201,D01
55e98c31-730f-4e69-8a2c-cee5bb4a2640,TDD,7480201,7480201,D07
e6d79618-66ed-449d-a997-47ebc89091a3,TDD,7510205,7510205,A00
13771744-08a9-45a9-8eee-38b77bbfa50e,TDD,7510205,7510205,A01
2a32996f-e615-4f73-a57c-54800386974c,TDD,7510205,7510205,C03
ece3eacf-bdb9-4817-a9e9-f1030d3d0a9c,TDD,7510205,7510205,D01
63af2e2e-052e-4445-99a5-3e350d925a4f,TDD,7510205,7510205,D07
e84d9728-06b4-475a-a695-5e25cb2494f1,TDD,7510301,7510301,A00
3ea7d06c-9a7d-4674-a156-846ef4a63b5b,TDD,7510301,7510301,A01
a8e32897-cf16-42ad-bef2-14320d28db56,TDD,7510301,7510301,C03
8199550b-781f-4cba-9b67-696869f8b3a4,TDD,7510301,7510301,D01
1db5c93b-a65c-47bc-9051-e73cd9fdc6d3,TDD,7510301,7510301,D07
9ff5addf-ee5e-446b-8037-d8fddc523d06,TDD,7720201,7720201,A00
7801d9ac-6bcd-4906-9fb2-60cd6bf56e1a,TDD,7720201,7720201,A02
fcc31fb0-863b-4d34-a215-18e7d54c62aa,TDD,7720201,7720201,A03
9841da7c-9ccf-499e-91d4-dbc738236ca2,TDD,7720201,7720201,B00
9b903ee0-3590-4805-a95e-ab6642eed3cc,TDD,7720201,7720201,B08
113e53c0-bebd-49b5-933c-b5ed05a0b1c0,TDD,7720201,7720201,D07
f5609a3d-272d-41fc-81fe-e558fa2a04fc,TDD,7810201,7810201,A00
31bc788e-aba2-4e1f-a3b6-2c810d7790ce,TDD,7810201,7810201,A01
d0812884-dbac-44f5-bac8-665fddd7090a,TDD,7810201,7810201,C00
0bcb66bd-2e88-4ec9-9ec0-657415834615,TDD,7810201,7810201,D01
2a99c916-7e89-4b7f-8e5f-1201a401f065,TDD,7810201,7810201,D09
ca1fbb82-b943-44dc-94ef-fb46f2b5ff66,TDD,7380101,7380101,A00
29879c27-78d4-4829-b7dd-97eccccb5295,TDD,7380101,7380101,A01
16a62ed8-8211-4f12-b1bd-f1ce36b262e9,TDD,7380101,7380101,C00
2f79e682-1888-48ee-a6bc-fcba509edf9a,TDD,7380101,7380101,C03
740af957-69aa-434f-b100-eb330d2f1117,TDD,7380101,7380101,D01
36ffed25-975a-4b8d-b702-d3c9e4d7467c,TDD,7380101,7380101,D09
0733d381-ba47-4764-a9fe-1a51c0415aad,TDD,7380107,7380107,A00
e8bb5aa2-375c-4cc5-9fcb-d975ded27784,TDD,7380107,7380107,A01
c0986ddf-26fd-47f2-b598-4180b3efd5de,TDD,7380107,7380107,C00
8cf79c47-188a-427f-b8f5-52592178aa2c,TDD,7380107,7380107,D01
24688790-b117-4a99-a39d-ad750b6526ad,TDD,7140101,7140101,A00
c3aec6da-7318-4704-8cda-34ba94613703,TDD,7140101,7140101,A01
3b57c56c-45c0-4493-8166-799ef8d20600,TDD,7140101,7140101,C00
56e6beb1-b32e-454a-9065-e8fbed899a2d,TDD,7140101,7140101,D01
bee14aec-a52c-4912-8a94-04595a6833d6,TDD,7140101,7140101,D09
171bce54-186b-4030-abfe-e935831266cb,TDD,7220204,7220204,A00
b48bca16-15a8-4be3-a953-ec63a786d928,TDD,7220204,7220204,C03
059d5f40-7549-4ae0-bc9b-a3a1749b4bbf,TDD,7220204,7220204,D01
7588d283-d874-4205-8945-0287400261d2,TDD,7220204,7220204,D04
ee55f0bd-5e62-4cb7-8e3a-23564b0b2d11,TDD,7220204,7220204,D09
02ebe473-1c0c-4649-baa3-b334fd909b88,TDD,7220204,7220204,D15
665f6292-e028-4e60-9f98-9bd3586aff66,TDD,7720301,7720301,A00
a38b0218-a99f-4cc0-9bcf-187ff86fbfbd,TDD,7720301,7720301,A02
1b25c962-9c4b-4335-98a7-786c96775c0e,TDD,7720301,7720301,A03
792c55ab-9c73-4a37-836b-aab7e5647cf9,TDD,7720301,7720301,B00
d9f6bb28-ce67-46eb-963d-ff8ff9f37c6e,TDD,7720301,7720301,B08
a813f888-0b47-46fd-a5bf-bb144d78cbaf,TDD,7720301,7720301,D07
a1c3cff5-591a-4893-a606-60d6ee2d74d8,DDA,7340101,7340101,A00
5bb52a1c-428f-4ac9-af26-746cf52e6a93,DDA,7340101,7340101,A01
4c6de093-2fd7-4884-9840-0fbea3990808,DDA,7340101,7340101,A02
3bf2cc18-fa13-4786-8f11-0ac1c306834e,DDA,7340101,7340101,A03
7986b570-bd8a-4953-894b-c6c42a83ca62,DDA,7340101,7340101,A05
3844db61-c330-4edf-995a-7a25f2989a8f,DDA,7340101,7340101,A06
7c30f0ab-527a-468f-aa20-a5fb6b97d5ba,DDA,7340101,7340101,A07
3697c2c7-b701-421a-b11a-4bc6d864c7d9,DDA,7340101,7340101,A08
23b36901-13d5-49b8-89bb-ea8e9eab20fa,DDA,7340101,7340101,A09
1fb76342-a3bf-4fe6-98ab-16ee5c3d865e,DDA,7340101,7340101,A10
e7833146-9da5-4cce-9628-492ae3e309d9,DDA,7340101,7340101,A11
fdd9a8a9-586a-4bc5-8b0a-4d2c21c029ff,DDA,7340101,7340101,C01
d5b344d2-56da-4bb5-9889-ec2fcf491fc5,DDA,7340101,7340101,C02
d075ddf6-78cf-4928-8173-89ec3ae871c9,DDA,7340101,7340101,C14
539b180b-e1c2-4599-bb92-9e2ece28756f,DDA,7340101,7340101,D01
304bfa1b-aa22-4dd7-bcd5-6c70856ed9b6,DDA,7340101,7340101,D07
2a21f3ec-b4db-4746-9139-3298bfad4ebd,DDA,7340101,7340101,D10
321d5f07-0784-467d-aa44-017ba0caccef,DDA,7340201,7340201,A00
5d518f45-86c0-43fd-9e8b-b64762405721,DDA,7340201,7340201,A01
dbe3b1d9-a2ab-4741-bde2-708f5ec0bc8a,DDA,7340201,7340201,A02
d44abbe5-f00a-43be-8092-01b2bdfbc85b,DDA,7340201,7340201,A03
97fd3680-f8ce-438b-9a4d-d94a479d357a,DDA,7340201,7340201,A05
6037b0cc-ab8d-463c-b62f-be964c1998a3,DDA,7340201,7340201,A06
1a62496e-100f-4f6e-966d-da2a9412256f,DDA,7340201,7340201,A07
62a184a2-86d8-4541-bdc1-dfd983f91fb3,DDA,7340201,7340201,A08
36f7489e-55fb-4999-b78c-4bea87b1981b,DDA,7340201,7340201,A09
f5e688ea-520b-4f46-a2b0-b2b57d2ff81c,DDA,7340201,7340201,A10
9972992e-4189-4b61-8436-44405f027338,DDA,7340201,7340201,A11
e430685b-5368-4131-878a-85d4ae2fe100,DDA,7340201,7340201,C01
8855ca05-8e39-426c-935e-c81848cfdbf6,DDA,7340201,7340201,C02
e6ec4b1f-b441-4a8a-b08f-f11688133fd8,DDA,7340201,7340201,C14
2de88b25-10a7-4f4b-a60b-c7dd79a38e43,DDA,7340201,7340201,D01
f2213500-3444-4cfe-b60f-d01f0614b96d,DDA,7340201,7340201,D07
6a31c07f-cd9d-44f3-a246-9261a7b43172,DDA,7340201,7340201,D10
5bf43bf3-8a47-4fbd-bad3-3c05d7ec6355,DDA,7340301,7340301,A00
dc5c6846-aa92-43b4-ad08-deed862bf3a4,DDA,7340301,7340301,A01
47417ebd-4c5b-44e8-ae53-78a9641a76aa,DDA,7340301,7340301,A02
923a4928-d727-4404-b3a7-027be64d6e8e,DDA,7340301,7340301,A03
89b38005-569d-424e-8b5e-3c279367fea5,DDA,7340301,7340301,A05
a714367c-5df8-4404-b4bb-fb6ee12bcd31,DDA,7340301,7340301,A06
ad32867d-c7dd-4123-9311-e0b5446aee48,DDA,7340301,7340301,A07
d02ac0cd-0226-4d64-b5d0-60447b5cb2f7,DDA,7340301,7340301,A08
d7d89023-4dc2-43bc-a393-f8617ea06d6e,DDA,7340301,7340301,A09
833324ef-9514-4ead-9ecf-a4842dd4ce90,DDA,7340301,7340301,A10
2e849cf1-f580-46d2-8190-bac2042e9353,DDA,7340301,7340301,A11
44241f6f-2a6d-4ad7-a7bb-a780c280ad94,DDA,7340301,7340301,C01
c2f33b23-248f-49a9-9429-ee7c8bda4e79,DDA,7340301,7340301,C02
879dc168-8251-45cf-b608-df3272a48e0a,DDA,7340301,7340301,C14
24e3ae85-b215-4805-8d7d-acb68065f9e8,DDA,7340301,7340301,D01
2fa69e57-a991-4115-9ab2-f169f299cfbb,DDA,7340301,7340301,D07
886de708-385b-43f3-9c7b-994d75a2f0be,DDA,7340301,7340301,D10
ef28e920-b16b-43c9-b020-2620bbed050d,DDA,7480201,7480201,A00
eec526c2-e679-4037-8cb9-91e055c8326b,DDA,7480201,7480201,A01
f39e945a-e5f2-4202-bb2e-a67032261d74,DDA,7480201,7480201,A02
969e04a4-34c9-4003-b03c-6e0a37913f71,DDA,7480201,7480201,A03
a0c4885d-dbb2-4da8-85ca-e606ebace2a0,DDA,7480201,7480201,A05
0242b8fb-5822-4c1a-89cb-1daaa000c356,DDA,7480201,7480201,A06
d84fc2ca-a6b1-4c9d-b7b1-ec7fe7010e02,DDA,7480201,7480201,A07
aadc696f-373a-4b5e-9959-be05d7682c94,DDA,7480201,7480201,A08
67875c68-7686-4948-b8e8-d9721e189c2e,DDA,7480201,7480201,A09
20e9d3c9-a167-434d-9bf5-6456bc06a04a,DDA,7480201,7480201,A10
d144f523-e891-403d-ae94-b730aac284ba,DDA,7480201,7480201,A11
6986ab4c-b250-4a65-9b5f-f92f7dda18df,DDA,7480201,7480201,C01
d32e0882-c3b6-4c7d-bca2-480cc3dfd9ac,DDA,7480201,7480201,C02
4d862490-06ab-4738-a605-2a2bb1c061ba,DDA,7480201,7480201,C03
2482e245-9c65-4add-a221-e1fd9c4e78b2,DDA,7480201,7480201,C14
fd8327c0-8914-4102-b1df-776cff00cac7,DDA,7480201,7480201,D01
eafa0c73-e214-4392-81fd-12b32afcdcb7,DDA,7480201,7480201,D07
7b68ed1e-05e6-40ec-8ea9-914e39b5324f,DDA,7510202,7510202,A00
72e44efd-fac1-4396-9a1f-50c687b28c68,DDA,7510202,7510202,A01
4b6f3940-6732-4dba-af84-ded2ba0620a3,DDA,7510202,7510202,A02
a51e173d-ddb1-4eab-9387-b647e8e68654,DDA,7510202,7510202,A03
16daa775-b561-431c-a25e-dc0c6f28acae,DDA,7510202,7510202,A05
b1592431-e227-4ed6-99d0-2d01bc9a5f7f,DDA,7510202,7510202,A06
d75a3520-1c4f-48a8-b57f-e6792d4b81af,DDA,7510202,7510202,A07
1ac22f18-2209-41b3-99af-47647b7a4da0,DDA,7510202,7510202,A08
408b3f0f-37c5-4a6e-913c-62b311e9b314,DDA,7510202,7510202,A09
0004a30f-23b2-4c15-830c-df87acda872f,DDA,7510202,7510202,A10
c3b34a81-2ae3-4ce7-a4cd-b77156a77709,DDA,7510202,7510202,A11
420e047a-1771-435d-a0cd-63fd05d8544f,DDA,7510202,7510202,C01
c6c687e1-9f09-48d3-8e6b-5cdd9699ac43,DDA,7510202,7510202,C02
7e11c2f9-c104-44a4-9e46-180cee9b8b39,DDA,7510202,7510202,C03
5611facf-f23e-4d76-a86e-c9878621b3a4,DDA,7510202,7510202,C14
dfb420ff-0863-47ba-b7ae-4a07e68f388e,DDA,7510202,7510202,D01
993a6bad-2fb0-4692-9cad-370993fc88e6,DDA,7510202,7510202,D07
150c327b-7073-49b3-ad3c-6ec0000ac103,DDA,7510205,7510205,A00
47e5bbd8-6f0c-4529-b8ba-cd15eb170807,DDA,7510205,7510205,A01
e5cc5002-6192-4e17-adb5-788c0836cec9,DDA,7510205,7510205,A02
cb796841-48b8-47b5-bef6-4c9e55148753,DDA,7510205,7510205,A03
be92ee7f-1c4c-4c42-8578-9f08fbb0f5ce,DDA,7510205,7510205,A05
9157af0f-5b73-4602-9571-4dca56caa2c6,DDA,7510205,7510205,A06
7ed79a09-c4cb-4aaf-9f84-8b04b95d5682,DDA,7510205,7510205,A07
733c9173-6462-43c9-84ca-aa3dc76856ac,DDA,7510205,7510205,A08
19821a45-0744-4b65-8ffd-9d1ab203e7f8,DDA,7510205,7510205,A09
fc0ade07-5180-4c39-bb8a-3d661b480ccd,DDA,7510205,7510205,A10
3b3b61ce-41cb-49a0-af08-68fc32abe0ea,DDA,7510205,7510205,A11
838fbd5c-1f95-4013-8b95-1e7252b7f2c7,DDA,7510205,7510205,C01
4f056ae3-52b2-4efc-95e4-01f088e87ce4,DDA,7510205,7510205,C02
66530de7-2af6-4999-b9ad-1dfc8bafbf6c,DDA,7510205,7510205,C03
eb40f80f-a4bc-4875-9582-f383abd211ff,DDA,7510205,7510205,C14
a42486a3-5be3-4391-b780-ca5ac1083ea5,DDA,7510205,7510205,D01
0fd60312-be72-44c6-9c61-592c613d5da2,DDA,7510205,7510205,D07
b40b7506-c4b2-46dc-8324-8e2d452d9e9a,DDA,7510206,7510206,A00
6adeb2c0-1bb4-4b14-b540-d0bdd4ac6b7e,DDA,7510206,7510206,A01
78af69d2-ad92-499a-9f36-38206b7b1e01,DDA,7510206,7510206,A02
d225700c-c16e-42eb-bf24-f35e57efcbd3,DDA,7510206,7510206,A03
c26222d7-9bfa-4336-8119-8466c0bf515b,DDA,7510206,7510206,A05
679a1cee-1650-4b28-80b4-b1cae15193f1,DDA,7510206,7510206,A06
9aa541ff-cdce-4487-ba12-4aa969b53d18,DDA,7510206,7510206,A07
c864d763-586e-4903-b6df-119610aea71f,DDA,7510206,7510206,A08
8f1b1a7d-50c7-46aa-aa43-8ba53875f283,DDA,7510206,7510206,A09
d55ba536-e453-4fb2-8fb9-1974fcdd4f84,DDA,7510206,7510206,A10
78838413-f59f-4909-9bbe-058100ceff63,DDA,7510206,7510206,A11
2e3a8812-c5a9-470e-b58e-4f6eefbf0ecf,DDA,7510206,7510206,C01
ed7b7a67-b1a1-48d7-bfb4-03e740bcebbb,DDA,7510206,7510206,C02
550c4cec-62a6-4e00-992f-5916c3b438d5,DDA,7510206,7510206,C03
8b793348-4d28-48ce-9d60-fec52df07bad,DDA,7510206,7510206,C14
3813238e-8293-47e7-978e-08bf7d1fc144,DDA,7510206,7510206,D01
40e6b949-5688-4a62-b061-d9ae57b7c00d,DDA,7510206,7510206,D07
2c3136df-7cc2-4323-9b93-ce0e9d6cd5ab,DDA,7510301,7510301,A00
3c09fffb-98f3-4baa-ba06-ea165315d503,DDA,7510301,7510301,A01
5dabbc91-6c67-40d3-859a-19a976e76921,DDA,7510301,7510301,A02
47124608-41d9-4204-8975-03ed48a7d730,DDA,7510301,7510301,A03
ebafc605-9d2e-4d21-877e-a18eed1404ae,DDA,7510301,7510301,A05
551da091-5d16-4058-ba20-bd2f18afaa77,DDA,7510301,7510301,A06
36132894-f643-4837-8a9d-2f49c0390a0f,DDA,7510301,7510301,A07
9ded0440-6828-4c84-acd4-8efe5dbe2f9e,DDA,7510301,7510301,A08
86220121-53b6-495c-967d-fbff888130c1,DDA,7510301,7510301,A09
d9f6d387-a726-498c-81e4-dd5a2da9c706,DDA,7510301,7510301,A10
9769b7fc-1044-4ce3-b112-db80d671ba19,DDA,7510301,7510301,A11
cc09b6c8-a613-49ce-b4c4-372bf7073529,DDA,7510301,7510301,C01
c0fb6dee-fcbb-41ef-a8aa-a72ef9673644,DDA,7510301,7510301,C02
4da32ab4-25d2-47c7-8de3-7307215abef5,DDA,7510301,7510301,C03
51ec3a61-1677-4d44-9c76-6e8a00141f71,DDA,7510301,7510301,C14
374e61ac-3450-4547-b028-9bb6d5abbab7,DDA,7510301,7510301,D01
1aac96dc-2ba9-4f1a-be9d-e3f579cfe774,DDA,7510301,7510301,D07
a20bd50d-bf28-4a58-8f38-9a44fdf414ba,DDA,7510303,7510303,A00
31bfe662-aa2c-4b54-aa41-9b1e8ac4dc3f,DDA,7510303,7510303,A01
9a06af9b-1ce5-4b52-a579-b30894e5f9f6,DDA,7510303,7510303,A02
6e260796-d9b0-4448-bfcb-2b08ace554d6,DDA,7510303,7510303,A03
2aa76bbd-ac25-44fd-a3ac-37f1655aad65,DDA,7510303,7510303,A05
29ba3cdd-85b6-4f37-a213-ffdbb59e95c1,DDA,7510303,7510303,A06
57ec28bc-9462-4db8-accc-774f94c44cd9,DDA,7510303,7510303,A07
4d7d2eb6-dff9-416a-9ea5-6fc50839dfa6,DDA,7510303,7510303,A08
804aa210-5801-4592-9506-151b982ea1b8,DDA,7510303,7510303,A09
1e71c478-765d-4bd8-9a56-9aafaf32fced,DDA,7510303,7510303,A10
83f24eb2-4542-47e0-8151-250993503fde,DDA,7510303,7510303,A11
86915f88-7965-441f-b017-a996483bfbc6,DDA,7510303,7510303,C01
0f70d7e7-aeee-45a1-af12-2bcd80940561,DDA,7510303,7510303,C02
4cc7f287-4375-4f4b-a514-ea9d57135025,DDA,7510303,7510303,C03
5f5c9197-3b41-4b76-b5a7-0acc57eba411,DDA,7510303,7510303,C14
59e0ccf9-5cce-44f8-8580-c020eff66b94,DDA,7510303,7510303,D01
afe35cb4-c092-4184-a094-aaeb0d36860f,DDA,7510303,7510303,D07
04af7152-7ab0-4a43-939b-7a4f292e101f,DDA,7540101,7540101,A00
fb41cf07-5ad7-4cda-b599-553690634e78,DDA,7540101,7540101,A01
2393bfed-d59a-445d-8fc4-328d5864803c,DDA,7540101,7540101,A02
5816720f-a686-4c58-a548-fb95455fa7f2,DDA,7540101,7540101,A03
182c6db9-b498-462c-b63d-2f5489f77e20,DDA,7540101,7540101,A05
e7b8e554-3162-472d-897d-847100d7dab8,DDA,7540101,7540101,A06
042404e9-8a8e-4c5b-8385-7df7bf515d04,DDA,7540101,7540101,A07
09fb5ff8-5421-4ced-953a-9649b479821e,DDA,7540101,7540101,A08
6e0d1d6a-a26e-4ecf-a27a-b31a505d1033,DDA,7540101,7540101,A09
5763dcc2-ca8f-44eb-8560-48b43da88f5d,DDA,7540101,7540101,A10
113aa6d2-8869-4c11-856a-6cc529b49baa,DDA,7540101,7540101,A11
b6c3eab0-7f59-4e0d-8107-8cf11dff26f8,DDA,7540101,7540101,B00
1628c4be-d603-4a6a-a884-56e82b5e5245,DDA,7540101,7540101,C01
a59f6c22-61d0-45f5-8746-115d91c4e8bb,DDA,7540101,7540101,C02
d9c46788-46eb-4166-a1a6-8b4c0473f348,DDA,7540101,7540101,C03
0cb893af-a799-4504-94f4-82628f3128aa,DDA,7540101,7540101,C14
677d540f-f790-458d-8dc2-9b6810f767a0,DDA,7540101,7540101,D01
31b066b4-f42d-448c-b8fa-919aba00a545,DDA,7540101,7540101,D07
d5692a1f-da48-4f64-bd9c-f4f0804bee44,DDA,7540101,7540101,D08
0bf66e99-5d15-474d-8499-e57bed9850c0,DDA,7580201,7580201,A00
704f492a-f7da-4fba-9452-9560a08d8893,DDA,7580201,7580201,A01
d6249c86-8063-4877-aaff-ad53bedc9041,DDA,7580201,7580201,A02
dd7814b5-f2c6-4b31-970e-fc0bdc828571,DDA,7580201,7580201,A03
2650f53a-c03f-4bdb-bb8c-90464ddd4c96,DDA,7580201,7580201,A05
cbbd7f88-d691-4b00-8241-cf3b3fd03fe0,DDA,7580201,7580201,A06
d6300b85-e374-4644-b7f7-04ca675b51d7,DDA,7580201,7580201,A07
27a44ca6-cf52-4ce3-aeb6-7dfa5bed0bef,DDA,7580201,7580201,A08
bff7a17b-873d-49e4-85c2-df3f0a3c8965,DDA,7580201,7580201,A09
f5ef4d2a-31c2-4e29-a62a-150aca2976fc,DDA,7580201,7580201,A10
1d9da214-f228-4b3a-818b-23d36bd848e6,DDA,7580201,7580201,A11
adccaa8c-9554-49a9-af89-21547967d05a,DDA,7580201,7580201,C01
3500e6ec-40c7-4107-9d02-50781bf1129a,DDA,7580201,7580201,C02
cc51acc7-b55b-47be-9f84-310830c07806,DDA,7580201,7580201,C03
52792833-dedd-4749-a2c2-03ec8bae0b35,DDA,7580201,7580201,C14
5773f480-9504-478d-8277-b5f3c73436a9,DDA,7580201,7580201,D01
84363ca7-7df4-404c-8f52-5bd493fdccdf,DDA,7580201,7580201,D07
639c5a5f-7f2c-4673-9150-fe25b68c7eba,DDA,7720201,7720201,A00
a477557e-7056-46f7-b653-e49e6b0d5d1b,DDA,7720201,7720201,A02
69bc65b5-ac89-47f4-a733-27b1bce37be7,DDA,7720201,7720201,A03
2c062ab8-43ae-4347-9de1-e1ae40bb2d56,DDA,7720201,7720201,B00
41a3a20d-9e83-4676-ba90-8ed0b70cad15,DDA,7720201,7720201,B01
bbce68a2-05e3-4646-8a90-39add2f1b2e8,DDA,7720201,7720201,B02
32f0ef7d-a6b0-4cef-9f6e-d70484751e06,DDA,7720201,7720201,B03
0e2b6a62-9b52-4dcb-85b0-0e8ddbb77d0a,DDA,7720201,7720201,B04
1b765b6e-d79b-4855-8f58-94a87b11b9ce,DDA,7720201,7720201,B08
15d1e76b-77ea-45af-ad9c-4d39bf3befbe,DDA,7720201,7720201,D07
5190a0b8-2d42-4d64-bb1b-24069a050088,DDA,7720301,7720301,A00
43abb177-2867-4426-abd1-9c719615bc92,DDA,7720301,7720301,A02
6883bf8a-94bb-4132-b94d-0337da298d1b,DDA,7720301,7720301,A03
6858b33b-d850-4f24-94b2-ab98c96027a3,DDA,7720301,7720301,B00
94011a23-5099-4688-9a76-0e7bce7ec17f,DDA,7720301,7720301,B01
5e5eaa57-cd51-46a4-a4e9-d5d4b4f339de,DDA,7720301,7720301,B02
1b3ebb9b-ab00-49c9-b16e-d8631a9d2360,DDA,7720301,7720301,B03
3e639fc1-07ef-4b84-a69f-3630b2382cb4,DDA,7720301,7720301,B04
92cf5f28-1af4-4442-a4f5-9f2b520545f1,DDA,7720301,7720301,B08
af71bdcd-372f-407b-996a-7677e5c59a3c,DDA,7720301,7720301,D07
0cd211d4-f1bb-4078-b74c-52a546e80440,DDA,7810103,7810103,C00
f52f40a7-7755-44a6-bf24-1c54ac598892,DDA,7810103,7810103,C01
dc03cb43-103d-41cc-8104-51b87c114a8b,DDA,7810103,7810103,C02
b2bb5351-f423-40d9-ae2a-a4e16ebc6baf,DDA,7810103,7810103,C03
e1e07bc6-a352-4a55-91e6-e08e4f2095fe,DDA,7810103,7810103,C04
b910f52d-00ec-46d2-a701-a5b0efe39cab,DDA,7810103,7810103,C14
c9d90a83-2f10-415a-b555-23d471b717f9,DDA,7810103,7810103,C19
582c2225-7f54-4fda-8939-b51f0e22f7cf,DDA,7810103,7810103,C20
e6a3f2df-5d33-4d4f-9d8f-430d511f5517,DDA,7810103,7810103,D01
d56ddf8d-f480-442e-aed0-b4214263fbd2,DDA,7810103,7810103,D04
4168b3c4-f4ea-4967-a5ba-5008a0ad4a6d,DDA,7810103,7810103,D06
17fb2ed5-a237-4f16-925c-8f18232fee38,DDA,7810103,7810103,D14
be1e945e-f4c7-4ca6-9a4e-bae4294eb6fd,DDA,7810103,7810103,D15
b7a20fac-1fec-4bfc-80c7-abf326dc38a1,DDA,7810103,7810103,D66
671b31a5-70b6-4cdc-bcfe-34cf18dfccee,DDA,7810103,7810103,D78
76dd62b8-612e-4bdc-841f-550c03c0bf19,DDA,7810103,7810103,D83
5ab3211c-f545-4e40-ba92-e89253e99c6d,DDA,7810201,7810201,C00
11ba27b3-ba9a-44d9-843c-6c4aba08cc6b,DDA,7810201,7810201,C01
4cda09e1-a650-45ba-95df-bc91b37d852d,DDA,7810201,7810201,C02
8cb94e3a-a06c-4c46-a5d3-a38c05facb93,DDA,7810201,7810201,C03
54320e50-dc1f-45eb-abc4-29f482719c3e,DDA,7810201,7810201,C04
4b8aa88d-2ca8-49c8-96ff-6eb698102f50,DDA,7810201,7810201,C14
96f7bee3-9fa8-47b1-9b3c-fb7cdea9c785,DDA,7810201,7810201,C19
12e2abf4-c1c4-4dd1-9295-b4544e07ba55,DDA,7810201,7810201,C20
b851460c-e9bb-45e6-9032-5a4041d306be,DDA,7810201,7810201,D01
4fcbe359-79b6-4ebf-bef8-6feab1e2b068,DDA,7810201,7810201,D04
90b340b3-3151-494c-90dc-ba7e0648ad0e,DDA,7810201,7810201,D06
375587d2-5c52-418a-86a7-2f3781387037,DDA,7810201,7810201,D14
4f8a7f92-27d4-4537-a657-755bc5df3b93,DDA,7810201,7810201,D15
5e0877f0-c61a-4b16-8d9d-c7af2a4b4c5a,DDA,7810201,7810201,D66
053883f9-5bdf-461b-91a4-e9392cfc9f0f,DDA,7810201,7810201,D78
240a375d-2c9f-4b4d-b2f9-aea1b0a8f342,DDA,7810201,7810201,D83
1c5cd034-c1f1-4690-8c16-5340238dafa7,DDA,7220201,7220201,C00
298bd052-0eef-4a7b-a95e-3b3335bbe881,DDA,7220201,7220201,C01
b2e43839-315b-4c42-9868-2356a73a1e66,DDA,7220201,7220201,C02
94db5cd8-3dcd-4049-9cc2-829e754eee27,DDA,7220201,7220201,C03
5852a260-a36f-40f1-b20c-6bda45ded6d1,DDA,7220201,7220201,C04
cc6c8c20-32ae-458d-9c09-6482238ab7ea,DDA,7220201,7220201,C14
a6846df6-5033-4336-8dc8-6c7fd7f39e9a,DDA,7220201,7220201,C19
7c1963b1-68af-4d22-a5a3-f00ff4028e91,DDA,7220201,7220201,C20
ddab0853-e2eb-4dc1-a596-50b769327aeb,DDA,7220201,7220201,D01
166cb24e-33aa-4711-94f0-1ada9c8dc28b,DDA,7220201,7220201,D04
685a8147-c879-4124-8330-3aaf2300fc90,DDA,7220201,7220201,D06
33b3f3d7-1545-4b47-ad2d-48e3515b3dc2,DDA,7220201,7220201,D14
139dfec1-7ef6-4c0b-91e4-6aeb45759e9e,DDA,7220201,7220201,D15
82776a06-8511-41ac-8a52-0a855f8cbfac,DDA,7220201,7220201,D66
b8e262e5-79f4-4f4c-84e0-b2f883a1020d,DDA,7220201,7220201,D78
9cb11aac-5887-4cef-9e7a-adf19310cdd4,DDA,7220201,7220201,D83
070fb6e9-363e-493b-90bb-b2918271b463,DDA,7380101,7380101,A00
fe659842-b7c2-440d-9b57-a2b08e5dee27,DDA,7380101,7380101,A01
431fd7ee-c6e9-4e39-bdb0-68364584bbff,DDA,7380101,7380101,A02
dd05aa76-5920-4b16-861e-3a63efee9722,DDA,7380101,7380101,A03
0a2c2bed-116e-40e3-a97d-42d5248aa3b3,DDA,7380101,7380101,A05
be9a1e60-eab8-4915-80b4-646f15ebd807,DDA,7380101,7380101,A06
84244fa4-2c15-4826-b2d2-0f708dcf3e24,DDA,7380101,7380101,A07
14d2ba72-704c-4b5c-b6f3-4f7faf754082,DDA,7380101,7380101,A08
ff545ef6-b931-4c22-9878-d8c4b4ef45c3,DDA,7380101,7380101,A09
5436d431-e342-4acc-be44-c414d59db8ec,DDA,7380101,7380101,A10
646454e0-1220-4702-b309-c5a6ff7efb98,DDA,7380101,7380101,A11
0145381c-1d1f-4339-b210-87eac6751b58,DDA,7380101,7380101,C01
0b812598-9d29-48dc-912c-f45dbbfa40c2,DDA,7380101,7380101,C02
d4b8f4dc-e62a-4419-b131-6794ae59bbd0,DDA,7380101,7380101,C14
997216c3-79cf-4dfd-97f8-b299c18e073a,DDA,7380101,7380101,D01
7a68c53d-d856-419f-a4c3-bafb36aaa409,DDA,7380101,7380101,D07
dc38ae83-bce9-49f2-9653-8ce0f98a6fea,DDA,7380101,7380101,D10
3deaf5bf-f7b0-401a-92ce-96960b02404b,PCH,7860113,7860113,A00
ce72c5e0-a9ae-4371-9077-715422e9be25,PCH,7860113_Nam_B,7860113,A00
818f5100-0ce1-4441-8cd8-370f550f3e4d,PCH,7860113_Nam_N,7860113,A00
e5cd26b3-cce2-4175-86a5-76a66f3206c2,PCH,7860113_Nu_B,7860113,A00
b3d5f73b-4c7b-4d73-983d-5f0d878cdfe7,PCH,7860113_Nu_N,7860113,A00
419c4913-977d-49d0-9074-6b6bbcb3da49,PCH,7860113_Nam_B,7860113,A01
a345acd1-f26f-4609-aeff-68fae2af4671,PCH,7860113_Nam_B,7860113,D01
0a6ad5c2-541d-426d-9811-8472cede5f24,PCH,7860113_Nam_B,7860113,D07
cdc6cc0a-b0e9-4e94-9cb2-4a603908fd0e,PCH,7860113_Nu_B,7860113,A01
63e08e08-0b86-4437-9a85-d24e673b7bc1,PCH,7860113_Nu_B,7860113,D01
42bb40d7-5551-4c62-8423-6b6c0f71852f,PCH,7860113_Nu_B,7860113,D07
eef51884-9665-4fb9-bba1-bad4ca608762,HCA,7310202_Nam_B,7310202,A01
2c379c0d-aeec-402e-8771-a426132acda8,HCA,7310202_Nam_B,7310202,C00
86bd684c-69b5-47c0-baca-9d7515c7436f,HCA,7310202_Nam_B,7310202,C03
ab4f9d0e-82c0-4c78-b3a1-379bfc7b8850,HCA,7310202_Nam_B,7310202,D01
74d8acde-6905-4e71-be3d-1fca94a7285d,HCA,7310202_Nam_B,7310202,X02
1d58f183-678d-4d5e-9456-647007dd6c64,HCA,7310202_Nam_B,7310202,X03
7ea8b760-33a2-4bf9-bf29-534b234ec3da,HCA,7310202_Nam_B,7310202,X04
186019a7-bc23-4114-b13a-ed55ad15aa57,HCA,7310202_Nam_N,7310202,A01
cf2dd8da-6c67-4784-b45e-9c5b2b1ee826,HCA,7310202_Nam_N,7310202,C00
8dec2ef3-4b88-4770-b20c-801e503eea60,HCA,7310202_Nam_N,7310202,C03
16576d55-eaae-46e6-8342-c040d638c993,HCA,7310202_Nam_N,7310202,D01
1d5b594c-fc97-4b1d-88b1-ab976ff1001e,HCA,7310202_Nam_N,7310202,X02
2ffdd5d2-5731-4b3b-89bb-746e1c7890fe,HCA,7310202_Nam_N,7310202,X03
00184f07-7416-4eaa-8bb0-4d8445e9328f,HCA,7310202_Nam_N,7310202,X04
ae499a35-c2c6-462d-b229-81cf4e25e7dc,HCA,7310202_Nu_B,7310202,A01
2a0f0027-6a59-4b14-b316-c7850e472bc2,HCA,7310202_Nu_B,7310202,C00
9d99ce0e-8e51-4920-b03a-2b97d3e64ce9,HCA,7310202_Nu_B,7310202,C03
2b92bf72-3b27-4e3c-be37-243fc6fb32f9,HCA,7310202_Nu_B,7310202,D01
f0421d64-e587-4c84-8f4b-e2a460e2abef,HCA,7310202_Nu_B,7310202,X02
fa5bed4e-5da5-4244-b7a5-d9f7bc103b1d,HCA,7310202_Nu_B,7310202,X03
03b3b40c-35ea-4a18-b8fb-cda2528b747c,HCA,7310202_Nu_B,7310202,X04
28ef43a0-fd70-45ce-9070-9f610a20c346,HCA,7310202_Nu_N,7310202,A01
b7388979-4efc-4415-a932-31cca62e3fad,HCA,7310202_Nu_N,7310202,C00
e9b7a211-a5d3-4657-aaf3-3dd598d8ce05,HCA,7310202_Nu_N,7310202,C03
fc48085c-2a7d-48a7-b610-567c57781227,HCA,7310202_Nu_N,7310202,D01
6800298b-19c4-4b39-885c-501c08f8c331,HCA,7310202_Nu_N,7310202,X02
6f85bad2-74c6-448f-a2da-f8954b07e7f3,HCA,7310202_Nu_N,7310202,X03
af9796fd-84e2-4af1-a0eb-d49d026ea15f,HCA,7310202_Nu_N,7310202,X04
61c86dcb-2d69-4665-8ccd-cbdc6ed5ac86,LBH,7860201_4,7860201,Q00
40eaa967-c6e9-4e24-993d-3c9d1534ec45,LBH,7860201_5,7860201,Q00
45a318f3-4510-4491-a13f-eb1a47641dee,LBH,7860201_7,7860201,Q00
e05bd207-61c0-47bb-87e5-b59216bf6206,LBH,7860201_9,7860201,Q00
298ea257-47a5-405c-9dda-16cd0e79b477,HGH,7860229_B,7860229,Q00
3fdef361-53a5-4534-9419-a2645ec7584b,HGH,7860229_N,7860229,Q00
08a90c08-648f-4ff1-85fd-9ca220ee292a,DCH,7860207_B,7860207,Q00
f5afbac8-3af3-40d2-b8f2-73eff2945aa2,CMC,7210403,7210403,H00
4e32ac82-e746-45de-bb98-3a57739fd3b8,CMC,7210403,7210403,H05
d3877a8b-6f32-4750-9051-d2f095eaa9da,CMC,7210403,7210403,H06
a8c9583b-cea8-4b9a-8950-debaca01b731,CMC,7210403,7210403,H07
097aa2a7-e1cc-448c-81c8-3ce5f9d96e16,CMC,7210404,7210404,H00
b1159d21-2fe9-422d-907c-a26182fd0905,CMC,7210404,7210404,H05
e3ab5287-0765-45f1-a2a6-5fe4a6ebab40,CMC,7210404,7210404,H06
ab1f9312-a248-4975-8f49-4752d2dc2945,CMC,7210404,7210404,H07
ff04fe80-0f81-4610-8b16-e9dedbd6c5fa,CMC,7580108,7580108,H00
26b6c80d-857a-4956-8f89-099c08eaefc0,CMC,7580108,7580108,H05
9c76baa2-aeec-4f50-9356-b8e04b71620f,CMC,7580108,7580108,H06
09c856d1-7403-4ef5-9c98-cd4de53c8c4a,CMC,7580108,7580108,H07
48a8f0e9-e835-4b2e-bd23-6ecadb3020fa,CMC,7210403,7210403,A00
9f66fe8b-895f-45a2-a245-c67032578c68,CMC,7210403,7210403,A01
c6515898-2e6a-4b30-9c7b-f236da95b66c,CMC,7210403,7210403,C01
e2a7e0c9-d488-429c-a2c4-efd3c559d152,CMC,7210403,7210403,D90
fc3cd88b-8d9f-4538-af9d-06dc8fac42a5,CMC,7220209,7220209,A01
743ce598-d9f9-4bcf-8074-51a7576a29f3,CMC,7220209,7220209,C00
3b03a508-50e9-4451-bb98-6e0cace30962,CMC,7220209,7220209,D01
76f2c32f-7a8e-4c00-a02d-aae1deb1cdd8,CMC,7220209,7220209,D06
3d96c80b-285f-4566-84e2-408ee4d53ff7,CMC,7220210,7220210,A01
8d9a99c0-5994-495e-9bb0-3a77d1c860e7,CMC,7220210,7220210,C00
29f0dd3e-ff09-4227-aa71-8e761daeb23c,CMC,7220210,7220210,D01
27402bee-73fd-455b-bbe5-ad907e24cb26,CMC,7220210,7220210,D10
dc320499-8a78-4dd6-a9e6-8ab7cc0c7aa4,CMC,7340101,7340101,A00
c66d4150-4094-4ec1-adb3-44bf34c7eec9,CMC,7340101,7340101,A01
01445e3c-f576-43a7-90f0-9f9d2df00e1a,CMC,7340101,7340101,C00
6a45af96-a15c-4bd2-9691-ee9dd540fbd5,CMC,7340101,7340101,D01
0c87d983-3eef-4489-8608-08a97b73bc7f,CMC,7480201,7480201,A00
6c5b35e9-766f-4127-b99e-0d4b25df5d6d,CMC,7480201,7480201,A01
d7b49e9c-468d-466c-9774-6867b3e5b1f2,CMC,7480201,7480201,D01
47a5e70d-399b-40e8-bf50-62e16756203d,CMC,7480201,7480201,D90
38a01976-faa7-4031-9e3e-78369b9af647,CMC,7210403,7210403,C00
6f22be3c-3a47-42fd-a8c6-735576ad3f75,CMC,7220209,7220209,D00
b5fb4466-8b79-453f-b4d9-6a638c72da37,CMC,7340101,7340101,D00
f9dcc59d-8afb-45b2-b2ed-1da1a7295687,CMC,7480101,7480101,A00
977aaa46-4bf1-4c0c-9a8f-b2d55b8ae140,CMC,7480101,7480101,A01
8476b664-ad98-4bc3-a049-1ed78e1edbdf,CMC,7480101,7480101,D00
058da8ab-3065-4310-97f5-0a40b92e1ab0,CMC,7480101,7480101,D90
5f34d334-a7ff-4621-8e94-44d6188f2522,CMC,BA,BA,A00
179e159f-c25c-476a-bc0e-66d38623d2f4,CMC,BA,BA,A01
bdb08767-fb53-46e3-b610-2894fc4e0c39,CMC,BA,BA,C00
58d30306-f5b7-4be4-b1ec-c6d9824e6ca0,CMC,BA,BA,D01
aaff9325-466f-4fbc-afd6-04d3f3501fe0,CMC,CS,CS,A00
4d7ef584-b4bf-498f-9ab7-396d1034f36c,CMC,CS,CS,A01
a936faf2-2e7d-4baf-9c35-2bb2e967f4b6,CMC,CS,CS,D01
93eae452-6986-45a4-aa79-f071c8119a3c,CMC,CS,CS,D90
a66e340c-7368-46e0-8b7a-700a0e424184,CMC,EC,EC,A00
39a0d60d-18d4-4802-a67a-d18a29096d3e,CMC,EC,EC,A01
19fd438d-96d1-4577-a972-c97c448fd674,CMC,EC,EC,D01
4ddc2b93-411a-4309-970f-a7b582ed55bc,CMC,EC,EC,D90
3d802ef4-6be3-497b-aa2f-438b0d7c68e3,CMC,GD,GD,A00
5a53e0da-0e25-4a6c-aeec-f933847e5356,CMC,GD,GD,A01
6820a35b-30ed-4c63-b611-1f6fa848676c,CMC,GD,GD,C01
3e311290-011a-4c27-8ac1-2072c872e67f,CMC,GD,GD,D90
cba3f062-18c1-48f1-87e0-579ac44f31b0,CMC,IT,IT,A00
e73ebf92-4e6a-4459-8dff-1f6cbbb9280c,CMC,IT,IT,A01
abe6c672-8a06-49f4-9d5b-2c3492cce7d3,CMC,IT,IT,D01
299ed741-15b0-409b-8704-16dea2811ad1,CMC,IT,IT,D90
f8e74272-39b7-4f35-adbe-f0b411d329ac,CMC,IT-VJ,IT-VJ,A00
a81171fc-11c9-4b27-9400-303640e37062,CMC,IT-VJ,IT-VJ,A01
5484ba00-aac0-485b-ba37-332edbaf1d03,CMC,IT-VJ,IT-VJ,D01
3a4d0ec8-efec-4e17-b9eb-bc7393926971,CMC,IT-VJ,IT-VJ,D90
f1397cdc-0fc1-4884-9ddd-b034039cb492,CMC,IT-VK,IT-VK,A00
18de3dda-e430-4356-ba14-148c07bcbd47,CMC,IT-VK,IT-VK,A01
f9d6041a-251d-4470-95e2-604c24d623bb,CMC,IT-VK,IT-VK,D01
1d7845cd-7d96-4b62-9ff3-4adc1ccd3508,CMC,IT-VK,IT-VK,D90
299f1733-a34c-42d1-bd96-8339002bd849,CMC,JL,JL,A01
997dd2fe-632a-4acd-b183-218798884b2b,CMC,JL,JL,C00
de1fcf68-fc4d-4fa2-a4c6-1c4597fa59ac,CMC,JL,JL,D01
e6445b10-59ff-4950-81f6-c9c5ec737d29,CMC,JL,JL,D06
39926c55-5083-4858-a385-194aa791e725,CMC,KL,KL,A01
0ab65b71-ba79-4a38-ad87-245aedd9938b,CMC,KL,KL,C00
61d4c1b8-ab3b-417b-b5fa-e2413991cd9c,CMC,KL,KL,D01
674c978f-a278-4419-9112-78d87406593f,CMC,KL,KL,D10
54c07db7-93ee-4b85-9838-a2b479dc7fa9,CMC,MK,MK,A00
28f7070c-a31c-458a-b77c-d66dbe6c7be9,CMC,MK,MK,A01
9e9c627b-137b-4e17-95c1-0a29c6b496b5,CMC,MK,MK,C00
e2a4d09b-6b96-440a-9abb-998219f1d6d3,CMC,MK,MK,D01
3f7851d0-2c68-4855-af37-a51c4c724b4e,CMC,AI,AI,A00
a758813b-0fe1-41c5-bd29-de3512262695,CMC,AI,AI,A01
f0f7f64c-7870-4183-9a19-380a3e534d31,CMC,AI,AI,A02
64f007a8-4274-4272-bb93-25cdb19f35ca,CMC,AI,AI,A03
139c95b4-e3aa-435b-8273-ed1dbc7aabb8,CMC,AI,AI,A04
dfa2de88-2338-4cee-beaa-48614a5e7fc3,CMC,AI,AI,A05
b0b5dc65-6be1-42d9-a817-99997ba704e4,CMC,AI,AI,A06
a71882ca-d03a-4a31-9db2-6de090f4e340,CMC,AI,AI,A07
e9be5daf-1992-4c07-af09-cb25580ae401,CMC,AI,AI,A08
02e42e6d-4676-4a3a-b8bb-13115bcd48ea,CMC,AI,AI,A09
998e279e-3fa6-4a70-bba9-2fd5f7be20c9,CMC,AI,AI,A10
6a9e12dd-34a9-4d82-8285-250fea227a2b,CMC,AI,AI,A11
74422450-fec1-4191-8987-1519a7741bd9,CMC,AI,AI,A12
45fcf41b-e540-4d50-a15b-1b68b4beae2e,CMC,AI,AI,A13
c1753e84-7926-4b70-8f57-2b01b33a25cc,CMC,AI,AI,A14
48ae9654-72e5-4f72-b01b-a3204a29c0f6,CMC,AI,AI,A15
b10f114c-a0c1-429a-ac45-a3748da462e5,CMC,AI,AI,A16
458ddea8-be9d-40bb-8f45-5917d7078e0e,CMC,AI,AI,A17
3c361dc1-ceb8-41e0-8d5f-e84bb1754910,CMC,AI,AI,A18
9d08b716-f139-4c32-8430-7744db093f67,CMC,AI,AI,B00
40da0ced-73b8-4fc7-8796-fdb0c56f1bc4,CMC,AI,AI,B01
ccddffa0-55ec-4f8d-b89f-c5e49d835124,CMC,AI,AI,B02
55fa8824-9daa-4e57-9ac1-11c3c3d6b921,CMC,AI,AI,B03
5792f3e5-421a-47e8-a63d-400cef0697d0,CMC,AI,AI,B04
49afed8d-15f1-4aa0-a26d-91fc459c38ca,CMC,AI,AI,B05
dffc2d36-2135-4005-a785-cf8bfbb31871,CMC,AI,AI,B08
3940a2bc-7775-4aef-88e5-ca6d57e3e4b5,CMC,AI,AI,C01
5b19ed41-3cc0-4753-af29-732cf8f765e2,CMC,AI,AI,C02
f09a28dd-e597-4470-8c5a-83a8d40d0fe8,CMC,AI,AI,C03
21640e37-53a3-4612-a996-ea7ef15984c9,CMC,AI,AI,C04
516f3c1c-9399-4a8c-9928-37e7218dd74e,CMC,AI,AI,C14
da220ccd-f370-4f9e-9b8b-027bdef5d447,CMC,AI,AI,C15
806da4b7-ecb5-48e4-8a92-d9f85109516e,CMC,AI,AI,D01
63fafe4b-7f94-4d37-8be2-06f82e384290,CMC,AI,AI,D02
89545ddc-15bc-43bd-91b7-782685a3090e,CMC,AI,AI,D03
63860cd3-69ac-49bd-97e3-5b64e9a73807,CMC,AI,AI,D04
12e44fe2-75c4-43f2-8bba-befb74917743,CMC,AI,AI,D05
f24f3e06-261c-486a-be50-af479a37da1b,CMC,AI,AI,D06
c704a012-316d-4604-9ff4-be08cbbea56c,CMC,AI,AI,D07
d8cd8815-0f1b-438b-80a4-a204bf849f01,CMC,AI,AI,D08
69e19f60-9abe-4efc-96ad-bf2d4e79da37,CMC,AI,AI,D09
4258751e-7440-4cad-8dd3-9be3e4ca9b87,CMC,AI,AI,D10
fcb4537d-ac43-4113-8684-cd26a575ec9c,CMC,AI,AI,D16
e915ea4a-525e-40d8-ace7-d6094a4e5f81,CMC,BA,BA,A02
00d31145-f14f-49ad-93a2-941f1d8362d3,CMC,BA,BA,A03
ffbb2e09-be6d-476c-8f3e-89bd803d89ca,CMC,BA,BA,A04
0a4b34de-6ab8-439a-8974-e0296be3dc67,CMC,BA,BA,A05
8658883b-4d9b-4854-ab29-6751682c4912,CMC,BA,BA,A06
072f0c1a-14f7-4c52-b706-088d32b9e053,CMC,BA,BA,A07
a76640ea-3573-4222-b295-b21860ed7bab,CMC,BA,BA,A08
f872b833-0d2c-4f3f-bf02-c011d9f40bb3,CMC,BA,BA,A09
3e576abd-fe57-4a12-b62a-8b8555264358,CMC,BA,BA,A10
87e6236f-af9f-421e-b697-60fafe60c079,CMC,BA,BA,A11
71c96f5a-f8a4-4d09-a700-c6d4df624f8d,CMC,BA,BA,A12
455f9f3f-eb8b-4a7e-9bdf-8880797308fc,CMC,BA,BA,A13
17d38b2e-5b79-4aae-bf25-3fbb51d9fdd1,CMC,BA,BA,A14
111fc7f5-92f3-47fe-9618-6ae7d42224bf,CMC,BA,BA,A15
6a378936-6991-4f10-ac40-25617779ee6b,CMC,BA,BA,A16
5f0ff49c-1666-4cfd-a4e9-694242dbf780,CMC,BA,BA,A17
aad7163b-cc15-440d-b3d0-f05d84411277,CMC,BA,BA,A18
3c16efca-b67d-4ee1-8bb9-1c5acab0a2d5,CMC,BA,BA,B00
145528f0-0501-4a41-9c6b-2499b4445927,CMC,BA,BA,B01
528acc99-4f1f-46a1-b195-0ee7b925d7d2,CMC,BA,BA,B02
ac94b38b-5e38-470d-b732-78bc1ac146a2,CMC,BA,BA,B03
bc6a2e61-14f4-45f2-9ea2-6e4eb565e7ad,CMC,BA,BA,B04
71c964b2-0e90-4891-9a7c-1db7c9b09449,CMC,BA,BA,B05
cf4d4971-2c95-408f-a286-8012db8a4158,CMC,BA,BA,B08
9fdaae4e-f907-42f8-a51d-b5a273bc8a5b,CMC,BA,BA,C01
169f9a80-be33-4aa6-ae83-054cc7cde450,CMC,BA,BA,C02
f7a02f57-5f96-4e2c-a3fc-7faafb37a060,CMC,BA,BA,C03
8f651946-2197-4af3-beee-56113326c53f,CMC,BA,BA,C04
87d6209d-7ae4-4329-b7c1-0c126a9f85d7,CMC,BA,BA,C05
77a74bfe-135b-4ac6-904c-d36e95b4ebf6,CMC,BA,BA,C06
841ee334-2859-4d94-9120-0596b0f44d41,CMC,BA,BA,C07
160d6993-d6a6-445c-93c9-53c8b2450375,CMC,BA,BA,C08
c14be3a2-f78e-432b-8f87-f90d6b22c02b,CMC,BA,BA,C09
3d9d9679-1b76-46ab-a5dc-5b8b19f7048a,CMC,BA,BA,C10
5f5ce517-e25d-411b-b610-b7872339d605,CMC,BA,BA,C11
ad1bea96-df5f-4b40-859c-9108deb0df07,CMC,BA,BA,C12
15b5fbd5-ac4f-4542-9d58-2c3024b557ff,CMC,BA,BA,C13
8f143831-1677-4bb2-b7a1-1b9755e5b72c,CMC,BA,BA,C14
aa3248fb-3f97-4a84-859c-e104ef77615d,CMC,BA,BA,C15
e3eae71e-6134-499d-a273-ea1eade037c3,CMC,BA,BA,C16
85061327-cf81-40b0-9fc1-33f4c848e1e8,CMC,CL,CL,A00
879c23c2-dbe3-472e-8af5-03d1820c99f7,CMC,CL,CL,A01
560f1742-6e61-4229-a1de-be2d16f15760,CMC,CL,CL,A02
cf1ac148-fcdb-49a6-b5b6-d9418225ea5d,CMC,CL,CL,A03
2b3ee1a6-68dd-4881-85e9-027bc197d545,CMC,CL,CL,A04
93090ddb-a03b-41c0-9c96-77af34f48c72,CMC,CL,CL,A05
d47c3240-aa79-43a4-86ab-b577d68025e9,CMC,CL,CL,A06
923d4dad-8e13-4a0e-bb8a-3a461c8850ff,CMC,CL,CL,A07
664eec7c-c698-4d4a-a39a-0da020f92dc1,CMC,CL,CL,A08
cb1229cf-3714-422b-b389-5d0dc57c817c,CMC,CL,CL,A09
803cea51-4b51-40c6-bd68-40e5b00b608f,CMC,CL,CL,A10
78ab5f0b-89fe-4940-be95-ba05cde34f04,CMC,CL,CL,A11
a5070c44-b613-4fd0-a5dc-2c11ef7fc65c,CMC,CL,CL,A12
42db54a5-6331-4831-9a2d-87f65f4757b9,CMC,CL,CL,A13
6aa497a0-1961-4408-b803-30bc507f48d9,CMC,CL,CL,A14
5cd9d09c-0639-408b-b7ed-8cb86dfcc5c4,CMC,CL,CL,A15
18ab19c4-d99d-4a4c-a0fe-8ae20d628a5e,CMC,CL,CL,A16
ce6546ef-4be7-4298-8287-9167c6cb4bc4,CMC,CL,CL,A17
0d580dcb-3f67-4c74-ab57-2e51f7ae8142,CMC,CL,CL,A18
a3e16677-598b-4667-ab3c-814be0bf9e38,CMC,CL,CL,B00
c2501359-4573-4258-a095-98fbde38fe4a,CMC,CL,CL,B01
dcfa817d-1378-4a6c-83f7-6e9e04535f6c,CMC,CL,CL,B02
8b87a766-3188-4ffd-a91c-33f6a304efd7,CMC,CL,CL,B03
d7250571-3cf6-4d94-b5d5-4cd5746ecfde,CMC,CL,CL,B04
a564b28b-5c82-43be-9d55-4f830abe3ff3,CMC,CL,CL,B05
8f10e213-f134-45c3-b82b-519695b74e6e,CMC,CL,CL,B08
d8df9d6c-7683-46c5-9062-017e13376810,CMC,CL,CL,C00
e2267c18-14a4-4c3b-90a2-a10946faa722,CMC,CL,CL,C01
104eabb9-6d10-4009-87de-9eaf0327b790,CMC,CL,CL,C02
0f75f3fc-64f5-489c-b41b-89bc03ef4856,CMC,CL,CL,C03
a9e3ddbe-7c1d-4a98-bcf5-831e1ca022a6,CMC,CL,CL,C04
3b6f6564-f76b-42f0-a789-27e5abf72d6d,CMC,CL,CL,C05
2a45ec1e-4ccd-4aef-b939-c54701e1c34d,CMC,CL,CL,C06
d629fe2b-fa4b-4eef-9e7e-f3eff428ee49,CMC,CL,CL,C07
1016e7cd-abba-441b-9db1-92a8d437ff83,CMC,CL,CL,C08
fcc636ad-c0b3-4c8b-b7fe-303f4103a9aa,CMC,CL,CL,C09
e4dc895e-c5be-4440-bb73-d939bd3b721b,CMC,CL,CL,C10
bfec6ccc-b7d4-4775-82d8-76964c263558,CMC,CL,CL,C11
037e9e1a-8eb3-4af7-bca9-185cb3907101,CMC,CL,CL,C12
c6cf8e14-900b-4fae-b019-e4b52952f313,CMC,CL,CL,C13
de8f86ae-3b20-4a34-b016-48237f172376,CMC,CL,CL,C14
735e5e01-6501-4b91-aa10-c21bd3854f04,CMC,CL,CL,C15
671a0b44-1dc7-4e7e-a26b-7ccb3732addd,CMC,CL,CL,C16
dedfe5f9-5668-46cf-bb68-c4029f6f455e,CMC,CS,CS,A02
0813a9b5-0f7b-4265-a646-faaad1b085c0,CMC,CS,CS,A03
4264da85-87e8-4c8f-8954-45d9487e3a46,CMC,CS,CS,A04
f4df7b9a-802e-4a46-99cd-f5bbd721b389,CMC,CS,CS,A05
86f33f2c-163e-4616-960e-15672ec7d2b0,CMC,CS,CS,A06
383a09df-6406-4074-b202-35c30a812b12,CMC,CS,CS,A07
61b3d707-9d33-4b26-b693-b98e14766731,CMC,CS,CS,A08
68910403-e007-40da-a132-06170674251f,CMC,CS,CS,A09
521a3d5b-d504-424d-9ccc-3975412911e8,CMC,CS,CS,A10
b001c1af-38af-40eb-aa5d-92c4774779d2,CMC,CS,CS,A11
b44f9ad9-fb37-4700-9b5e-3164102f2fd6,CMC,CS,CS,A12
5783a848-b178-466c-b69a-c5cf5a1a4f1e,CMC,CS,CS,A13
253b01f4-dc30-4313-ba90-9eea58946b48,CMC,CS,CS,A14
59209743-feb5-4aee-8cab-dc30092804a2,CMC,CS,CS,A15
4b0cd584-400d-49e8-9bd2-da960848b819,CMC,CS,CS,A16
e95a9694-f6bb-4794-8847-b63ade7212bd,CMC,CS,CS,A17
fd6e8a80-f3e4-4b81-b9c3-a41cffd3a62b,CMC,CS,CS,A18
39508092-e5e5-4305-bd68-f6b2761181ae,CMC,CS,CS,B00
2b526448-814e-46f2-965b-b7f060765be3,CMC,CS,CS,B01
8218ec0f-8fbe-420a-92a2-a5b50b57cec2,CMC,CS,CS,B02
56d74871-a07a-4339-995e-1d9da45eb1d7,CMC,CS,CS,B03
ffbda986-f32b-4461-aaaf-805e71472e61,CMC,CS,CS,B04
9f414bcc-895f-424a-8f28-331222f3c8c9,CMC,CS,CS,B05
088cc1c3-99c2-4d8a-a7f6-e4dc848842a4,CMC,CS,CS,B08
aa35e24f-f17a-46ae-9ac9-9c68c2d63ef9,CMC,CS,CS,C01
a7ef56c3-4e8f-45e4-b416-5867ab78d2ca,CMC,CS,CS,C02
d01b6379-db60-4430-b410-c04303f9feeb,CMC,CS,CS,C03
e7a0bf96-28dc-4926-83eb-24b39806d8e1,CMC,CS,CS,C04
980c87fb-83f4-413d-9660-51a3c310f23f,CMC,CS,CS,C14
4e68dd54-4ded-4842-b2e3-e45fe66eea62,CMC,CS,CS,C15
29ca289a-426b-4286-a195-36b3ef558aa8,CMC,CS,CS,D02
fee693e3-ffae-4185-946c-d40794dcf874,CMC,CS,CS,D03
8fa3b0cd-d3f5-4e2e-a690-efca2b6b37b3,CMC,CS,CS,D04
be377526-b73a-4711-8fa1-6eab6be92561,CMC,CS,CS,D05
d39e09dc-0950-49f1-949b-8c6ebd563a44,CMC,CS,CS,D06
90dc3afe-7cd3-45a3-90b5-816a015df1b3,CMC,CS,CS,D07
20d9720e-e284-4525-9771-ee39b8abd059,CMC,CS,CS,D08
d47a8b80-7b46-4179-80a1-ec72faf6b5fc,CMC,CS,CS,D09
3282a634-10a5-4d1e-8b3e-53ca53f229d3,CMC,CS,CS,D10
9ddff85d-6b26-47c9-b292-f8e5f6323021,CMC,CS,CS,D16
7475a5de-3334-4007-80bd-472628ba7687,CMC,EC,EC,A02
3b8d00b6-cf0b-485f-99dc-4f1d70154443,CMC,EC,EC,A03
15e5ebb3-fad6-4322-a6f2-114a7cc3aa67,CMC,EC,EC,A04
16e26ec5-f4ab-4c1d-9542-0fb90ae5aa7a,CMC,EC,EC,A05
6b82900d-c575-4390-90c8-cd16ea31a57d,CMC,EC,EC,A06
80104697-06f6-4508-901b-f25f7751e111,CMC,EC,EC,A07
008599b5-4702-4b58-855d-3023652d510f,CMC,EC,EC,A08
2e1e82fc-64f4-44dc-b61c-00d6555c7f74,CMC,EC,EC,A09
067da998-fcda-47a1-930a-d1d4c7bc8dd7,CMC,EC,EC,A10
62497bf0-46e0-485f-a696-83d9643bd126,CMC,EC,EC,A11
6e4a03ee-9b84-4850-98df-f52710631ac7,CMC,EC,EC,A12
c908f72b-2512-4aa0-ba75-95765c5d9db0,CMC,EC,EC,A13
b67ce3f0-2124-411f-a6f1-6ce3f3fc4f16,CMC,EC,EC,A14
048a3eff-a3d3-4683-92bd-b923b70fa4df,CMC,EC,EC,A15
9157b1ad-af50-458b-b131-8fea3e555c81,CMC,EC,EC,A16
ac7770e1-86fb-42aa-b676-9896932808e7,CMC,EC,EC,A17
94d64ef6-431d-4793-aa4f-f1d954caea27,CMC,EC,EC,A18
b81f793f-f709-4a45-bda9-776869947b9c,CMC,EC,EC,B00
ba95d7e8-b701-44b7-8fdd-e4b55be69a3f,CMC,EC,EC,B01
dd02384e-758d-4832-8d2a-f24b035c3a83,CMC,EC,EC,B02
dd68a76f-9233-4c3d-89df-1dda8dc52d77,CMC,EC,EC,B03
b19d028f-77b1-410a-a5db-94d2c9ea80f8,CMC,EC,EC,B04
d6695795-b0a5-48f2-be35-e0d6109d519e,CMC,EC,EC,B05
cff43707-27c8-48c8-ae47-27df86b60fe6,CMC,EC,EC,B08
1d2d6917-35ee-43c5-8da0-d7073f8ceb51,CMC,EC,EC,C00
f99fcc91-694b-4f7c-92bf-c678cbc203c8,CMC,EC,EC,C01
9b456b74-65ed-4e96-a931-4c7c9665dd91,CMC,EC,EC,C02
02503ead-b836-4169-b9d9-1aa42aa0f558,CMC,EC,EC,C03
e1d367e5-96d5-4c5c-ac8d-262ffb3f9940,CMC,EC,EC,C04
0399d7b6-c432-4a12-91cd-42aa1161de8b,CMC,EC,EC,C05
1e0d061c-c12b-4f46-b3f2-56e269fd3cab,CMC,EC,EC,C06
77bbdd63-d4b0-49f7-9896-b63c5403da71,CMC,EC,EC,C07
fbdeb08b-5aac-4002-8f55-21a2b6ee8a22,CMC,EC,EC,C08
dfa6f32c-a347-43e9-bc11-eac574e13af7,CMC,EC,EC,C09
f01f200f-ebeb-4f99-a94e-b64dd672dcc6,CMC,EC,EC,C10
6504f6d3-fe48-4c88-a73a-57b4cc5294c2,CMC,EC,EC,C11
181ecb00-621f-4cc0-80e7-c4413e278c59,CMC,EC,EC,C12
009c0b9b-3004-4c9b-afdb-4770f5586350,CMC,EC,EC,C13
28babe64-ad8c-43de-a555-11bc3ac5b347,CMC,EC,EC,C14
387b3c47-ed64-4e4e-915b-6556da5aff8f,CMC,EC,EC,C15
ac9706b0-69ce-41b9-a176-16c8f72eb391,CMC,EC,EC,C16
17006a6e-d907-4ea0-a8bb-f5577b16c36b,CMC,ET,ET,A00
803ac112-a3c8-4593-b337-790d1202fb7b,CMC,ET,ET,A01
74f0b9b8-3c6f-41cd-825e-1c68c622f0ad,CMC,ET,ET,A02
2b53a3a0-4c9e-4521-99ff-7b311bee5923,CMC,ET,ET,A03
2a2b875f-9a58-40f4-a13f-62800c3c7c74,CMC,ET,ET,A04
04b6d08e-f9a3-47d7-a669-803370c2220e,CMC,ET,ET,A05
8655ff1d-f353-4ed4-97bd-3efdece8c717,CMC,ET,ET,A06
b8327f88-6efc-4ceb-8d9b-6a24ca78280a,CMC,ET,ET,A10
b289bf8e-b099-41e5-9572-c7872c6260a8,CMC,ET,ET,A11
4d38e5b1-3a45-44d0-b65e-4086baad7a31,CMC,ET,ET,A17
ff048c1d-1ac4-4a3d-aae4-d52747bfd610,CMC,ET,ET,A18
cb707819-3816-4416-8835-cd41f4dd2c78,CMC,ET,ET,B00
c3f23931-7f7f-4cc9-919b-724110653ee2,CMC,ET,ET,C01
92688a73-eeb9-4935-8e7e-60da3e51873d,CMC,ET,ET,C02
bbde10aa-6cb2-4763-9401-3d37db56e2d6,CMC,ET,ET,D07
e2639595-81db-4ffe-89cb-d9d869af87bf,CMC,ET,ET,D21
cc4cdaf6-4b63-4f87-b094-8eaf7bfa0da9,CMC,ET,ET,D22
ec6d21f0-bf01-4196-a8f5-c21aa553b979,CMC,ET,ET,D23
6a2ba36f-f0e2-43e3-a860-7cabc8ecff5e,CMC,ET,ET,D24
d873c589-db2d-415b-bf58-2436b4dffbe9,CMC,ET,ET,D25
bbef60bc-ecb7-4fa8-8239-f69dcf13cd60,CMC,ET,ET,D26
4fa587b9-fbed-478a-a83f-1b689af44618,CMC,ET,ET,D27
fc5fe890-aac7-445c-b237-bcfdba01ec7d,CMC,ET,ET,D28
60f9dc19-92d5-41cf-bb66-7e774e855584,CMC,ET,ET,D29
c51b9b30-b261-490d-9f35-ba44a65a0059,CMC,ET,ET,D30
ec021776-c43f-471f-ad5c-7fbb6e0d854c,CMC,ET,ET,X05
8a926c8f-3f65-43bc-915b-8204eea54d7f,CMC,ET,ET,X06
26026940-5571-4d5e-b5af-8f0ca16f59c2,CMC,ET,ET,X07
483b3e60-b82c-4894-b0b3-1b57b79930fa,CMC,ET,ET,X08
eaef9825-8447-47f5-af01-e614c56f002c,CMC,ET,ET,X09
5632dca3-283d-46e7-8c5c-f4830ebcc0e7,CMC,ET,ET,X10
afdb33e3-c33d-4ad4-8844-ad172e2bf988,CMC,ET,ET,X11
171b4965-b3bc-4e9a-8555-5317d1c8b4ac,CMC,ET,ET,X12
88b9e83c-b18c-4234-9b06-e948270da46a,CMC,GA,GA,A00
9ebee90f-5626-4985-9b56-b973a06f6ca1,CMC,GA,GA,A01
019122a3-78c9-4008-9282-11e83bcbbb71,CMC,GA,GA,A02
22727150-5d2a-4ee2-81b1-cb94b0dca64c,CMC,GA,GA,A03
8aa42923-c88c-4139-83a1-688eb8d0300d,CMC,GA,GA,A04
b39e453d-ad04-47d6-a04e-6d0cbe64b216,CMC,GA,GA,A05
39c01f74-6265-4d28-a91c-b1aefadbf13e,CMC,GA,GA,A06
3bac1ce4-3ef8-44b6-8b59-0800867fab6c,CMC,GA,GA,A07
53e9beed-5aba-46cf-b7b9-cae9b87c3486,CMC,GA,GA,A08
d62c7d13-c8ae-4145-b4dd-07378c123ca1,CMC,GA,GA,A09
52abea94-2577-4252-900a-0713328a1f8f,CMC,GA,GA,A10
a596b4d7-5b0d-4788-b0ce-6d3832b12f4f,CMC,GA,GA,A11
3190b8a4-c7b3-4f14-b05c-df046fa2082f,CMC,GA,GA,A12
8604925f-2e7d-451e-a6dd-451936a03f71,CMC,GA,GA,A13
5dba9872-acd3-4131-8284-66092e81c989,CMC,GA,GA,A14
04bc4156-bbcf-4e51-b503-ba88a0c0001b,CMC,GA,GA,A15
6e57c180-a2b7-42ac-a1eb-a7eb2d900ccc,CMC,GA,GA,A16
dfec688a-1a9f-4261-b715-701e46d5143d,CMC,GA,GA,A17
9f007204-ab06-4f94-bae2-3281498e1ba3,CMC,GA,GA,A18
3be8b320-b7f6-43a4-85ba-44ab1d1fc816,CMC,GA,GA,B00
de7808e5-acb8-4f29-8ffe-e656531a89f4,CMC,GA,GA,B01
7a30cf25-bb0c-4548-89f6-d14eafd92b81,CMC,GA,GA,B02
a1acc02c-1998-42f1-a36d-64ff2ff0ec6d,CMC,GA,GA,B03
98199408-e2a3-4dae-8e14-ae11299478a2,CMC,GA,GA,B04
b3dc3613-b64d-4e99-9ba9-a1aad8519d0a,CMC,GA,GA,B05
7e6b6371-3efa-4fbc-8a4c-6646e4daa7a4,CMC,GA,GA,B08
9d847428-5380-4243-bc64-ef2b8edfc85b,CMC,GA,GA,C00
7a616447-5fa8-41f7-a34c-428a66ed7c00,CMC,GA,GA,C01
7673a778-2633-4c77-bc69-b85b96addf4b,CMC,GA,GA,C02
a5e79348-fc05-4357-94a2-fa308a6124a0,CMC,GA,GA,C03
339cd9c6-6e43-4d22-b810-f4f386749933,CMC,GA,GA,C04
052f4d89-f6ce-4b23-abf2-f7bede48602f,CMC,GA,GA,C05
d1794d23-8638-4230-89de-3353539825f4,CMC,GA,GA,C06
058edc9a-f225-413e-9b03-a8dcdd0873c3,CMC,GA,GA,C07
8022509e-40a3-4979-94ba-821602f5107c,CMC,GA,GA,C08
f9c81136-0d9b-4877-bb71-a36c3213c237,CMC,GA,GA,C09
95c9d7ed-82b4-4ea8-8c6f-7064a893d3a8,CMC,GA,GA,C10
6f74936e-8ad8-4d0c-ac08-5fc12b30ef26,CMC,GA,GA,C11
8b84f34e-c646-4eef-9a7c-fbc1166b7cea,CMC,GA,GA,C12
0ec9bf19-9b3f-4f10-a3eb-fdddf4e228f8,CMC,GA,GA,C13
6fa443a9-00b9-4828-8d6f-223c4007a075,CMC,GA,GA,C14
7abb653e-849f-43b2-ac5b-d6706505f0c7,CMC,GA,GA,C15
5113769a-0f4a-4e1c-b1cc-e86094fb0975,CMC,GA,GA,C16
b43fa598-7124-4ac9-b8c4-1a3fb65fad91,CMC,GD,GD,A02
9b563054-84a2-4336-952f-cf1cec9321b7,CMC,GD,GD,A03
de233052-a8cd-4fcb-a369-5fa0d9ec1b30,CMC,GD,GD,A04
cd322d41-bab2-4aec-8fd0-6cb997a736cd,CMC,GD,GD,A05
73a4d61e-6338-4c54-a592-27000030dfec,CMC,GD,GD,A06
7a9c15e8-6347-4ed8-b8a1-0b99d7fc9cdd,CMC,GD,GD,A07
5cdb5d26-b75c-4127-928c-756f918515bf,CMC,GD,GD,A08
066837fd-dca3-47c7-911b-00220588356d,CMC,GD,GD,A09
aa165b53-0cf8-4e5e-b29d-858fa3b79545,CMC,GD,GD,A10
fb27c499-01ae-4eb6-bfea-4bddd73d619e,CMC,GD,GD,A11
2b8cce9a-5913-41c1-b47a-7f19d0353a5c,CMC,GD,GD,A12
9ef191c9-abab-4e57-a68e-fa148605c34a,CMC,GD,GD,A13
fb4639dc-5da9-4d82-928e-609af3998f99,CMC,GD,GD,A14
16a9c18d-dfad-476b-834d-3748b08a7c28,CMC,GD,GD,A15
fcbbedc5-ef7c-41dd-af18-c8605b80eec8,CMC,GD,GD,A16
8f0039e0-64bf-466e-a29b-99490136233a,CMC,GD,GD,A17
eed7ade0-fbbd-48df-8291-4c6c18f1a19c,CMC,GD,GD,A18
3bf37a01-3921-42a3-8712-3d5b12273dd2,CMC,GD,GD,B00
8b803706-27f4-4025-aee7-b50e6a71dcbe,CMC,GD,GD,B01
215db451-f13b-4fac-8ccd-6018953bad4d,CMC,GD,GD,B02
a555d87d-18f0-4c75-ba7a-468bd012aea2,CMC,GD,GD,B03
53238a1d-112d-4889-b8e0-86c83e8f79f4,CMC,GD,GD,B04
ae278ef9-aa36-4cf3-8ff2-2812c500dafb,CMC,GD,GD,B05
d53288ba-4c41-4082-8507-c1789b75e2b7,CMC,GD,GD,B08
2a8a968c-efc6-4cbc-9260-7c736fcdce17,CMC,GD,GD,C00
f6b33e9b-eedd-4127-9488-8a949d1b1ff6,CMC,GD,GD,C02
0c1ba090-1193-4938-924a-92b6abf74147,CMC,GD,GD,C03
4c504a7c-dff7-4120-bb8d-499242b0a424,CMC,GD,GD,C04
241426e6-408f-4abe-a136-22f4e8f852f1,CMC,GD,GD,C05
78586170-d6b8-4703-8ae4-0e76941efa77,CMC,GD,GD,C06
5ccf6699-d186-458e-8e6b-61f1e0a2af09,CMC,GD,GD,C07
0ee94ea6-6333-41bd-a8d0-cddd970a75a4,CMC,GD,GD,C08
a742d405-e547-4d46-8374-12f6f549d3ef,CMC,GD,GD,C09
ce88a64c-0cc3-4a9c-a389-1e2a8e20a384,CMC,GD,GD,C10
726c99ee-e875-46a1-b50d-ed675d627f02,CMC,GD,GD,C11
20687163-1147-41d3-910e-c759b3d76fb9,CMC,GD,GD,C12
8c94c962-1654-4c0f-9004-8055a9f2d9d6,CMC,GD,GD,C13
9020d56d-c601-448a-a057-3f6b557d6342,CMC,GD,GD,C14
6f1d3385-00f2-4e0b-97b1-251dd6924f09,CMC,GD,GD,C15
be7e3443-1840-4c9d-8061-87e8ed5f50e0,CMC,GD,GD,C16
ab74efd3-7d65-4e8c-8b1e-101ee47f78e1,CMC,IT,IT,A02
0861d1cb-8b33-403e-a662-191f86027625,CMC,IT,IT,A03
2602f30f-14ff-45e6-bbf4-cabd964436c3,CMC,IT,IT,A04
b5d14d2a-e1a4-4845-bb2f-432407215bae,CMC,IT,IT,A05
0b0f3e20-c923-4159-b6d9-306aca37886b,CMC,IT,IT,A06
a4cc2118-fa53-4df2-b328-7fedf6ac06fc,CMC,IT,IT,A07
7327c625-789d-4a42-a50f-167b585e17d9,CMC,IT,IT,A08
f841bd01-57f9-4a0c-a606-2cd696c2e184,CMC,IT,IT,A09
5404ac7e-965d-44c1-9f6c-4c2dddbddddb,CMC,IT,IT,A10
34b5b9a3-da19-4294-b139-b45cd75a0a33,CMC,IT,IT,A11
2b6ee3d0-339a-4103-be8f-6c9a8830a734,CMC,IT,IT,A12
e525c22b-77ba-4e9b-9c86-3c61d4eac340,CMC,IT,IT,A13
467a5553-c55e-4182-b31f-b0ed08c65864,CMC,IT,IT,A14
f64d3f68-83f6-4be3-bb29-5e645e0c9382,CMC,IT,IT,A15
0608ffe0-3a0a-4eab-b281-3e6227b3a56d,CMC,IT,IT,A16
7af25534-c57d-4224-a8f8-d49987b2dc5d,CMC,IT,IT,A17
ba403e71-99c4-445d-80e6-eeb6ae0045bf,CMC,IT,IT,A18
f6cd4181-ebb8-4b96-a5c0-2ee606431733,CMC,IT,IT,B00
c29ebc45-a491-4c21-a18b-5c921e09d952,CMC,IT,IT,B01
39d673cb-76fa-4b0d-ab63-9577022f29e8,CMC,IT,IT,B02
4c4d416b-9ecd-448e-b81f-fc1549646fc8,CMC,IT,IT,B03
4f65c46f-7d5e-4eb8-a2ae-fadaa26f0d03,CMC,IT,IT,B04
af195ff1-227e-4cfe-aaf1-897f0c2e9fbd,CMC,IT,IT,B05
4be517f9-544c-4848-a2a2-7893eb6c5d6d,CMC,IT,IT,B08
e82b932d-ace1-45fd-bd63-94438c728b66,CMC,IT,IT,C01
6c7f2422-5a5f-428a-ae7a-e5455411f1bb,CMC,IT,IT,C02
18a84553-2919-4586-a6c9-1cb57bb52b5b,CMC,IT,IT,C03
c0ec2220-cafb-4749-81e2-3b81812b6452,CMC,IT,IT,C04
61ec0d54-c255-4a49-bc4f-556c78f63ecd,CMC,IT,IT,C14
fbc18719-84db-471b-ac35-c9b39b27bf41,CMC,IT,IT,C15
d7bd9711-94c6-4d34-b8cc-93e36b69d214,CMC,IT,IT,D02
e386622d-c6c2-4f01-985b-dee64c43ebee,CMC,IT,IT,D03
6ca41164-73eb-4e7e-9020-73dd7df8360f,CMC,IT,IT,D04
f5728c3f-e14b-4c2c-8b18-9884a493bef0,CMC,IT,IT,D05
05f60fd7-2da0-49e9-9fea-0eaca480ab99,CMC,IT,IT,D06
e703414f-51d6-412b-8cca-e39794ccd9b6,CMC,IT,IT,D07
9d23d69e-0522-44c1-99d0-438a2ab1dc2a,CMC,IT,IT,D08
c9e1f0aa-5c83-42d9-9cd4-ab000ab6b252,CMC,IT,IT,D09
0855a65f-eb77-46fd-9bba-0e81be47f9ed,CMC,IT,IT,D10
ceb7a6ce-b23a-428e-a4cd-00cf58ccae4b,CMC,IT,IT,D16
976ba695-2044-44d7-8670-eddd330e6acc,CMC,JL,JL,A00
db26f167-68d9-4eee-b221-b1717613b3e9,CMC,JL,JL,A02
645f59ad-5bf7-46c0-b89f-40448eef4c7c,CMC,JL,JL,A03
7a3a622b-9e4b-4de3-89b0-0af3eb3949ce,CMC,JL,JL,A04
541b3c74-42f8-4208-9479-bebbc0e403f8,CMC,JL,JL,A05
1c270ab1-cf9d-458e-b9d4-32be80028b6d,CMC,JL,JL,A06
bb5eb9ff-fdc4-42ef-a6ec-a8dae183c00e,CMC,JL,JL,A07
c27c5ca0-5552-4f3e-9e8f-4800ceaf66f4,CMC,JL,JL,A08
29809733-9cf2-4e5c-8dc3-248bd8fb113d,CMC,JL,JL,A09
c8dfddc7-ea26-4a84-8806-93b6be77188e,CMC,JL,JL,A10
fd5bcc66-0ef1-44b4-9d62-9efc9dc1bcf3,CMC,JL,JL,A11
4cbc923e-b6c7-4016-b8d4-36562cfed7f7,CMC,JL,JL,A12
080a6121-f353-429b-b272-936e50d88632,CMC,JL,JL,A13
394b5a90-1c9c-4c11-bbec-d1b58eccd890,CMC,JL,JL,A14
6129eb8c-34df-4c8b-a4b1-6131b115541f,CMC,JL,JL,A15
7b0b776c-0496-4984-8c68-062eba8af6a6,CMC,JL,JL,A16
e08f9c01-144a-44a1-9b7a-5a255b83526d,CMC,JL,JL,A17
c7f3aaa9-9066-41e9-8fd5-7a262cdb868e,CMC,JL,JL,A18
0d130c78-8b81-4aca-a843-61804aee720c,CMC,JL,JL,B00
2cd61bab-7c90-448f-ae84-01858ed53803,CMC,JL,JL,B01
6f8852b2-e486-40fb-949d-315e6e95b0d5,CMC,JL,JL,B02
6bbd8879-3438-4315-8cf4-24e9d682ea11,CMC,JL,JL,B03
bca23612-ddd8-464c-b81b-f7e6d506ea4b,CMC,JL,JL,B04
1669fbfb-e59f-45e7-a5f7-02e61c5c5158,CMC,JL,JL,B05
d69bffa0-7c18-48e4-9d87-a0568565dbc4,CMC,JL,JL,B08
e458ee37-6546-4a97-aeb9-de2352fc6b4f,CMC,JL,JL,C01
acba0bc5-9637-480f-af72-7485d425f9af,CMC,JL,JL,C02
775840c1-1abf-48e6-96c4-da2c9df00627,CMC,JL,JL,C03
d0184fb2-a31c-4dd5-ba4b-55630d69d0ca,CMC,JL,JL,C04
997819de-2344-47a3-a3ec-26aa07468575,CMC,JL,JL,C05
75a212d6-450c-4253-beb6-6fbaaa9cec5f,CMC,JL,JL,C06
bbf225d6-43cb-46a9-b6bc-db3de68346b0,CMC,JL,JL,C07
cf84a31e-8b96-48f9-b556-ffd85443d7f4,CMC,JL,JL,C08
261cbc22-1082-4b54-972f-c1cc37679d82,CMC,JL,JL,C09
8016d28d-d0ab-49e2-a271-6d06b911c57c,CMC,JL,JL,C10
37ccb62a-b06c-4268-b101-61f5d495c555,CMC,JL,JL,C11
640c0f00-003b-4a22-b7b2-bd5f718fdc2a,CMC,JL,JL,C12
db40b918-7398-4af5-9390-2605270e4998,CMC,JL,JL,C13
e69918b0-655e-4b2f-b987-6f35c0797e3b,CMC,JL,JL,C14
370bd15e-430b-4691-9f22-0f3f11a91749,CMC,JL,JL,C15
f43f493b-c60f-4ff6-b033-f899268580cb,CMC,JL,JL,C16
8c03765d-3b37-44ab-b857-cfe33cc2eceb,CMC,KL,KL,A00
0171c020-0d44-4a54-a3ef-4e369d8d57cf,CMC,KL,KL,A02
d5800af2-bca5-4e5f-a0b9-8e4f01d5a498,CMC,KL,KL,A03
f5521235-42dc-4530-a1a5-4cb0465f92b6,CMC,KL,KL,A04
dd36322a-a18b-4309-aa13-44ada7f14685,CMC,KL,KL,A05
c0ab4c4c-ae4e-4e44-92da-ebd43d6b6b7e,CMC,KL,KL,A06
439eb215-b0d3-4b2b-a286-3641a3f5b31c,CMC,KL,KL,A07
81524df4-7928-4bf7-a8ef-dc3dbb993d94,CMC,KL,KL,A08
56307d9a-9d16-4764-a513-7b1dd970b614,CMC,KL,KL,A09
38874219-7741-4af2-b17b-2d0aaea6030d,CMC,KL,KL,A10
9c0fa6ff-c93e-4839-98cd-a2f39e708d92,CMC,KL,KL,A11
adfc69a4-1d4b-416f-b5b4-84f57037c37c,CMC,KL,KL,A12
534002d9-e342-4658-9d35-e040730c0422,CMC,KL,KL,A13
674df682-37a6-428e-965d-85236dad21fe,CMC,KL,KL,A14
fb6363bf-3f5b-4908-917a-83cc8679c3fe,CMC,KL,KL,A15
49eca808-71c5-4af3-9a94-6480e2ec5718,CMC,KL,KL,A16
fb6f2514-6937-4291-b233-4623507dd903,CMC,KL,KL,A17
dabcb8df-eff5-4282-81a4-1eb98b39bf2f,CMC,KL,KL,A18
123a96e6-0a2a-4672-8e45-f04bf21426e6,CMC,KL,KL,B00
7ccd0478-59eb-4442-9a7d-5d6d594178ea,CMC,KL,KL,B01
366a10ee-cb38-4e6b-82f8-85fdc41b37f1,CMC,KL,KL,B02
c00bc048-bfa8-4447-82c2-f54fbf24525e,CMC,KL,KL,B03
056c75ef-0aca-4bb5-9d81-053b42da09c0,CMC,KL,KL,B04
90206c19-5e50-49a6-bc65-3ecfe26cf291,CMC,KL,KL,B05
faec52a9-ef1f-4df4-a751-b94159f78ffe,CMC,KL,KL,B08
b2a21360-37f2-4b8d-a81c-dd5ce5446012,CMC,KL,KL,C01
7ffa7f61-9d94-4f84-a3b4-7e624f23aa07,CMC,KL,KL,C02
6d41d04a-fac4-442d-830b-aa9c05fac814,CMC,KL,KL,C03
fe997aa4-8167-4253-aee4-5e5cc0cb32a9,CMC,KL,KL,C04
a820b338-823f-4769-9aeb-05ba9885e69b,CMC,KL,KL,C05
11260ba5-350b-4c40-9627-ec32e999a58c,CMC,KL,KL,C06
f1a7097d-d8b0-4709-8988-516067952a30,CMC,KL,KL,C07
d332b555-8a14-449d-b6ca-c4b14daeb66f,CMC,KL,KL,C08
a492b36c-9439-4910-b436-47812e2c9278,CMC,KL,KL,C09
c9417140-49bd-49e3-8bf4-b4bf6671542e,CMC,KL,KL,C10
7d714ee1-0988-4345-84b3-81ec659d7931,CMC,KL,KL,C11
fe610d35-00cb-49fc-8ca5-bc9c3f6e932b,CMC,KL,KL,C12
8bf5a6b0-056b-4b55-a2eb-63ec6c149990,CMC,KL,KL,C13
f78d7d6a-68a0-4b2c-8cdc-2b8047ae15ae,CMC,KL,KL,C14
946a3a8f-74b2-4ed8-9ff6-4adf00e620f5,CMC,KL,KL,C15
a71332f8-b889-4551-91e6-3a535a48d735,CMC,KL,KL,C16
38f9f3d2-3744-45fe-b5a3-0aae7c43b4d0,CMC,LS,LS,A00
eaef8936-96ff-4ea5-b3a8-050d1b547f3c,CMC,LS,LS,A01
d30de618-36d3-4e0f-99ad-d7bb5a1f176a,CMC,LS,LS,A02
9a68facb-d587-481f-9765-7583b863c7f1,CMC,LS,LS,A03
5809ea3e-9e19-427d-9cfb-0e22a73258f4,CMC,LS,LS,A04
34a1143a-9c73-4071-9a5f-bd89c871b1c7,CMC,LS,LS,A05
1e957a21-edeb-47e4-9b60-9827a3d6c475,CMC,LS,LS,A06
13595839-a13c-4f52-b4e9-d74bcceb6839,CMC,LS,LS,A07
655f71e3-20cc-45db-8223-074b82555c93,CMC,LS,LS,A08
6ac4badc-11aa-44f6-a2c1-e2c6fbc87464,CMC,LS,LS,A09
af71f7d0-ec5c-4946-95ba-34cd45d74b1b,CMC,LS,LS,A10
453c080d-1ffd-47a8-bb20-11d5001e97e7,CMC,LS,LS,A11
658a4656-71ac-4907-94f4-173a4a35f262,CMC,LS,LS,A12
8f40de25-7676-4ebd-b039-a8bdc2aa2257,CMC,LS,LS,A13
9d4455b2-d6d5-4d21-87bd-22088528574f,CMC,LS,LS,A14
19dbede3-ba9f-4a74-8f9c-7e8ec82fd407,CMC,LS,LS,A15
b4836be3-5616-4701-bb7d-6810451b2251,CMC,LS,LS,A16
92d6d939-6ab4-4013-82bb-b49482f72781,CMC,LS,LS,A17
0cccdf2e-755a-4c9a-a031-5c88f3d39d9e,CMC,LS,LS,A18
7694d5c8-2724-4be6-a791-e71961363e99,CMC,LS,LS,B00
0002c1af-bfc0-43d6-8d57-7162450a2d2b,CMC,LS,LS,B01
e051faf8-62aa-40c8-b844-11a960290bd2,CMC,LS,LS,B02
1a3d0835-f9ab-4b79-a21d-d2a9741a3706,CMC,LS,LS,B03
9f0c8172-fc8a-480f-bf7d-ecf77a1e4cd0,CMC,LS,LS,B04
ebcc633e-61da-4c45-9ece-29c8e152b6fe,CMC,LS,LS,B05
639e9fe1-0cbf-4455-bf59-097fffdf11fc,CMC,LS,LS,B08
6bb87a6a-921f-4e4c-b260-a99a2577aa07,CMC,LS,LS,C00
730699c5-417e-4dac-9c7e-b6692dac9736,CMC,LS,LS,C01
0f723a0f-0720-4b71-801e-c3328133a274,CMC,LS,LS,C02
70bf4aa8-242a-46fe-afa3-0bcb2e3d6f4a,CMC,LS,LS,C03
31853d32-8c16-4255-9d6b-85a3b9fb7162,CMC,LS,LS,C04
2610a51c-df9c-408a-8116-a2602a238bd2,CMC,LS,LS,C05
76d193d5-9e2d-40d0-9a69-13c5e8437207,CMC,LS,LS,C06
9a500232-6120-42e4-8839-149459417446,CMC,LS,LS,C07
7dbe89fe-cd03-4ac9-82f6-88789ec1e327,CMC,LS,LS,C08
4bd0e630-8843-449f-a55a-a30d96946ea3,CMC,LS,LS,C09
79c4888c-8faf-44d2-9181-1bfd891b7929,CMC,LS,LS,C10
7301d8dd-cb2f-4807-abfe-154c34012473,CMC,LS,LS,C11
42e761e5-17f0-46a5-ab42-e5c3066c48ce,CMC,LS,LS,C12
b5c2e10b-5cea-4aa8-b483-6538765bae02,CMC,LS,LS,C13
e7afa4ff-8f2b-469a-bac6-edb795fe9dd8,CMC,LS,LS,C14
3197f28e-0a7a-497a-96ec-2a5cbb39c3d1,CMC,LS,LS,C15
91ed43e4-8abe-462e-9276-9ae98cc7b3f6,CMC,LS,LS,C16
7993f6c6-0fba-460e-ad66-96b79318c677,CMC,MK,MK,A02
4480710f-40ab-4bbc-8ec2-4820ecd6b90c,CMC,MK,MK,A03
d7c222eb-122b-4720-922d-e2fd21a84e5e,CMC,MK,MK,A04
a9a03e60-af9b-419d-9c1d-7ed69f5d9f86,CMC,MK,MK,A05
84d96e6f-99ed-46b3-ab44-cd8dfc052973,CMC,MK,MK,A06
4e1b4fbe-074c-4a76-a2af-63113852155f,CMC,MK,MK,A07
8df62043-1fd8-498e-9ef8-3c8eac7571df,CMC,MK,MK,A08
bbb60d8f-9df1-46f3-a776-fea0265de463,CMC,MK,MK,A09
00f2358b-3072-4a73-9786-8239082aac50,CMC,MK,MK,A10
ab57a537-4c03-4425-95f8-63bb2fd1b60c,CMC,MK,MK,A11
7e72c65b-410b-4197-8f11-9a318cea734b,CMC,MK,MK,A12
ace5e01d-4953-4f23-992c-6bbdd7f1cd46,CMC,MK,MK,A13
2c4c8ddb-9f80-443e-8d6e-fe641f8ff3b7,CMC,MK,MK,A14
95c21ae1-e66b-4d93-8c81-4cfeebce8fd0,CMC,MK,MK,A15
2f8da530-1d32-4b7b-bc33-a31daf7022bd,CMC,MK,MK,A16
43fef3c8-ef2a-4255-a34f-df2f089f8562,CMC,MK,MK,A17
df72f28b-32e7-4937-973b-5881d4431e33,CMC,MK,MK,A18
857563ca-83ba-40ff-a444-d94dae67526b,CMC,MK,MK,B00
583e2837-a904-4241-806c-eb314b2a80e7,CMC,MK,MK,B01
49928b83-8384-4894-b6c3-6839b263eb08,CMC,MK,MK,B02
0a6bd6fc-aabc-4467-afe7-7bd25d026313,CMC,MK,MK,B03
094222b7-74b0-4307-856b-a8df72d6ef1d,CMC,MK,MK,B04
5141df45-d4a8-4cc2-8597-9f80cc677805,CMC,MK,MK,B05
777a02ea-ba30-433f-ae18-e16b5a1f268b,CMC,MK,MK,B08
3b76af83-afb1-48c7-bdad-7cef0e8a6e4c,CMC,MK,MK,C01
2f95b7f8-2d71-4127-98c6-36b7f2d500f5,CMC,MK,MK,C02
2c85f440-6220-4434-a803-43f111cea25e,CMC,MK,MK,C03
26732e4a-6068-47d4-84e5-dbf5bee5a789,CMC,MK,MK,C04
3e200194-d7eb-4753-998c-74f07e1877f1,CMC,MK,MK,C05
88063748-68ab-476c-8e31-e87ec72cb329,CMC,MK,MK,C06
044be9a5-9803-446b-9dab-6893abe63ca0,CMC,MK,MK,C07
a5dc9d9e-896e-4319-9fba-8fbd67f1b5c5,CMC,MK,MK,C08
67a9fb4f-7d48-4748-a34a-70b06165193b,CMC,MK,MK,C09
508bd62b-4b08-4606-8063-50302313a92c,CMC,MK,MK,C10
5cfd3f33-5da0-4681-8c3a-4c9063172a20,CMC,MK,MK,C11
a846c803-2852-4a77-9cb8-34e24e959d12,CMC,MK,MK,C12
a08408e2-5c0a-4e89-9bdd-ce0cad6cf9eb,CMC,MK,MK,C13
6ac8de3d-f69b-40b9-b06e-a3616484fac5,CMC,MK,MK,C14
bd49174f-6a94-4021-9d72-0aeec91e368d,CMC,MK,MK,C15
61ce0d60-88d8-4e3c-b026-f51e8e986ee5,CMC,MK,MK,C16
eb2c292a-fe9e-4c9e-9e0a-1c56fbba14f1,CMC,SE,SE,A00
9dd46e47-c281-4eb7-a4c4-9b9266adfb67,CMC,SE,SE,A01
7462e66f-d4aa-46ca-a1da-d333534cb5a3,CMC,SE,SE,A02
ea0640d8-708e-49f5-8bae-77db948f7f5a,CMC,SE,SE,A03
86404f78-9d71-46b0-ba9f-b50d33a3c99b,CMC,SE,SE,A04
a6f6fe65-74d0-4e1f-972f-00e2dd833853,CMC,SE,SE,A05
d48c83a3-cdd1-4b6b-8f80-036689342e19,CMC,SE,SE,A06
e665ac9b-4c90-449b-9fd0-49aeb49ce4cc,CMC,SE,SE,A07
7a269bb6-afe0-4c2f-893b-2a6b4699730a,CMC,SE,SE,A08
51129b51-e6fe-40a5-9b3a-8ca79b34a5aa,CMC,SE,SE,A09
528147c9-9a2a-4b24-a9cc-3d52a834bf65,CMC,SE,SE,A10
45d1aaab-8085-4ec2-ae59-b2e8040f516b,CMC,SE,SE,A11
9a1bb7f2-d0ff-4c7f-b97f-6138e1f35650,CMC,SE,SE,A12
eabb2431-e75b-4162-ba5c-d789a0a8649d,CMC,SE,SE,A13
9a2c21ff-1546-4c0e-add0-a12751931978,CMC,SE,SE,A14
930ecd40-4ecc-4fbc-96ec-43b46926c893,CMC,SE,SE,A15
409a5c00-3981-4add-93a0-b4132f915a5b,CMC,SE,SE,A16
231d5a64-c4e0-4ed8-9253-117ce48533c7,CMC,SE,SE,A17
d1aa2c73-ec5f-46a1-a2db-170d4ddb6b9e,CMC,SE,SE,A18
a827e5d2-a600-428e-9870-82c2c35c864e,CMC,SE,SE,B00
d1288d4c-d1aa-4de4-aab9-690e068f1927,CMC,SE,SE,B01
7366169c-947d-4807-9d20-c4a53ab906b6,CMC,SE,SE,B02
1c0b2767-c832-44ce-9fe4-687e24b72c08,CMC,SE,SE,B03
e9430dbc-de40-40b7-a4f9-26f8f674b174,CMC,SE,SE,B04
1b97957f-4547-47bc-b0ea-6bcd3af5b662,CMC,SE,SE,B05
0ea5846e-3597-40a8-8476-8241c26c24a1,CMC,SE,SE,B08
3f3fefb3-940a-44a5-93aa-e41cc6708e8f,CMC,SE,SE,C01
45252595-0f70-4050-95d5-6e8991a7eff5,CMC,SE,SE,C02
6d576754-8e63-41c4-b5eb-2087cc0994ea,CMC,SE,SE,C03
ee416d3b-f83b-41e6-a588-ead50bd90f52,CMC,SE,SE,C04
8c94bc66-1d4f-411b-a289-81a6ddbb1555,CMC,SE,SE,C14
675b8b2b-511a-436c-adf7-88cf9575d57e,CMC,SE,SE,C15
685c7cc6-53cf-4d28-a706-333b5e26842f,CMC,SE,SE,D01
3e4b0826-4dbd-453d-ae66-60fc6740bde5,CMC,SE,SE,D02
becc0066-802d-4ddc-88d5-93fd9a8acd68,CMC,SE,SE,D03
42c9cbcb-85fd-4afe-97ea-b58b562be1c3,CMC,SE,SE,D04
bf0e105b-74b0-4984-b5a2-5b9bbae5ecb6,CMC,SE,SE,D05
44a215ef-5ab2-4caf-b020-4a4b6b3783de,CMC,SE,SE,D06
04afc060-7992-4e74-954b-21cf4ffbc665,CMC,SE,SE,D07
983f5923-7dc1-4236-a1c7-59336f9d1446,CMC,SE,SE,D08
dcdae59a-6990-45a9-b52f-9cc64bf4dc37,CMC,SE,SE,D09
7d8de37d-6efd-434c-87bd-d34ff556aaab,CMC,SE,SE,D10
7cffa8e3-a047-4fda-8042-f3b159ff5c90,CMC,SE,SE,D16
bc3c7b6c-2a7c-42a6-8ab7-97b2bebd3ce3,CMC,7220210,7220210,D00
0b93b0aa-ace9-47d6-8127-c28d39115275,CMC,7480201,7480201,D00
04c8407f-47e0-4ecb-9829-e55bb942532c,ETU,7210403,7210403,H00
be3ecc0c-fac9-4376-9758-47d886b7cfc5,ETU,7210403,7210403,H01
6486230f-41e5-41f3-98ec-5a9adf6610c9,ETU,7210403,7210403,V00
8ebe0f40-ab5d-4241-9dba-341b45853cfb,ETU,7210403,7210403,V01
64125002-752f-4dc4-840d-09ff3e523b18,ETU,7220201,7220201,D01
7c230ece-5fce-453c-bba3-ac28da6c4ff9,ETU,7220201,7220201,D14
d33fe176-5f7e-4a23-99ea-dac800458b67,ETU,7220201,7220201,D15
147633bc-bf89-4571-861b-93b5b23462ac,ETU,7220201,7220201,D78
b386f22c-f07d-4fa7-a062-0b4585684e9a,ETU,7320106,7320106,A00
d568fb89-f0ec-4653-a8e5-39584e2be643,ETU,7320106,7320106,A01
cf1ce87a-d4cd-4143-a607-1513ffab7119,ETU,7320106,7320106,C01
852612d2-1325-43c8-b6e1-07f3306e528b,ETU,7320106,7320106,D01
7c6a2a33-9031-4898-9236-538a0bd9f269,ETU,7320108,7320108,C00
bb9ca15d-f304-4f74-843a-f70ecbd07066,ETU,7320108,7320108,D01
4baadef5-2625-44ad-b17d-11258595098e,ETU,7320108,7320108,D15
17d25d53-8786-4079-a1e9-59dbb21245fa,ETU,7320108,7320108,D78
18e52f0e-7a0d-49aa-9ac9-e4aad64ae169,ETU,7329001,7329001,A00
6b59e3ff-ba0e-403b-8eff-f39721d1ecbd,ETU,7329001,7329001,A01
f5132489-3e6f-409d-b0c7-61a6192716f4,ETU,7329001,7329001,C01
4270850a-1f57-4b47-943f-fd8364586baf,ETU,7329001,7329001,D01
ff79c8cf-afe7-467f-a527-18dd7026a263,ETU,7340101,7340101,A00
13adca31-f024-402c-9088-e4ccf58da648,ETU,7340101,7340101,A01
ac832361-0540-4980-a042-34a12692f6f0,ETU,7340101,7340101,D01
c40c95cf-ff58-4c93-b322-e3272301434c,ETU,7340101,7340101,D96
62436ce1-6df9-464b-82d0-dbaf72e25af9,ETU,7340122,7340122,A00
e6068c43-e037-4cf8-acb6-9d27d4d6523e,ETU,7340122,7340122,A01
54c89d3f-a1b2-40ef-adf8-25d9fdbf14f7,ETU,7340122,7340122,D01
56f7e0bf-1b2f-4614-8a6d-0454c0241ecf,ETU,7340122,7340122,D96
3475e617-d120-4194-9e76-6545c6e3c350,ETU,7340201,7340201,A00
5b50f10b-6e77-405b-a4de-f597208fa0f9,ETU,7340201,7340201,A01
3e4d7ba4-b455-4e6b-9cea-3bfa7f33d7bf,ETU,7340201,7340201,D01
466edcf3-733e-4219-926c-ea2bbdda902a,ETU,7340201,7340201,D96
9f63759c-b720-46b2-8347-c80695f56fb7,ETU,7340301,7340301,A00
81bde195-4f37-4142-8c25-eb7acf863baf,ETU,7340301,7340301,A01
8357af74-78d1-451a-979b-be73cf474b7f,ETU,7340301,7340301,D01
012c0ac9-3515-430c-92eb-e62a168e4ba3,ETU,7340301,7340301,D96
26796bde-944d-47ee-9855-0272f97abb33,ETU,7380107,7380107,A00
ac016bd3-efa3-4850-9bc5-4d57e14996a1,ETU,7380107,7380107,C00
f49dc977-c0eb-4b0b-b01e-23671fb71afd,ETU,7380107,7380107,D01
61207c4d-f7c6-4378-abb1-e94557be7fc6,ETU,7380107,7380107,D78
4b194dd9-7fc0-4cb3-bc9a-68a5d9776280,ETU,7480201,7480201,A00
069054b8-602f-4783-9130-2fd36a7176a0,ETU,7480201,7480201,A01
78b4f3c2-5a26-4c1c-b3f3-4a2d7030c5a1,ETU,7480201,7480201,C01
da53fef1-0c70-4e82-a628-7a21ac347a25,ETU,7480201,7480201,D01
cde80b13-3ead-434e-b68d-899372f9fcdc,ETU,7510605,7510605,A00
e8899017-ad24-40e5-be01-89727c79f688,ETU,7510605,7510605,A01
ae12d14e-465a-4296-85b0-ad52feaf86ac,ETU,7510605,7510605,D01
aee305d9-c89d-4dfa-9149-1723af78adb4,ETU,7510605,7510605,D96
d12a20cf-3e91-4655-a10e-52dfbbd9556f,ETU,7520207,7520207,A00
4ec0719d-74dd-40fb-97ba-0e4050ce8734,ETU,7520207,7520207,A01
f4da640b-9e87-4ac5-a24a-1e168b096c10,ETU,7520207,7520207,C01
8d903069-2c8b-43f2-a0a8-accc09e81894,ETU,7520207,7520207,D01
1affb05d-0bc9-4e32-af5e-ddbca0a2892d,ETU,7580108,7580108,H00
9bdb405a-298c-4353-af20-8978be51f140,ETU,7580108,7580108,H01
aa06256b-9075-4997-af32-7f8b21378299,ETU,7580108,7580108,V00
a3179a6c-3acf-4c6e-afe5-d84a7cce5226,ETU,7580108,7580108,V01
4031f4db-4b91-48ed-a0a9-069406cd1b6e,ETU,7580201,7580201,A00
04be6a17-0eb4-4e9f-9cad-2b180962cabe,ETU,7580201,7580201,A01
fb512f01-af4c-4bc9-8313-b8808c99b717,ETU,7580201,7580201,D01
76a8359b-d4ab-48d5-a3e4-8bb3c76169b9,ETU,7580201,7580201,D07
2f78a62e-0ec7-402b-b1fc-b9ead6ec8618,ETU,7720115,7720115,A00
2f372243-6e23-40c0-8e5d-49376cc35f94,ETU,7720115,7720115,B00
7602c3be-67f5-44f8-85bc-6a619893259f,ETU,7720115,7720115,D07
7dc4e2eb-29bc-4689-b08e-33ed46f70d0d,ETU,7720115,7720115,D08
7ed14ee1-8249-4696-9a33-1bdda566c347,ETU,7720201,7720201,A00
f7f03ec1-e7bb-4cd0-ab36-0fe29d34542d,ETU,7720201,7720201,B00
d64558ae-7383-400f-bee8-eedcae17fba0,ETU,7720201,7720201,D07
6f0c96ab-eb2f-4dd1-a8c0-6f68cbd81da9,ETU,7720201,7720201,D08
4bf95096-4639-432c-a732-df9aa46280d0,ETU,7720301,7720301,A00
56f904e6-421e-48a2-92df-9e7e843781d0,ETU,7720301,7720301,B00
4632ddbb-7ef1-4de3-afcd-c854ac3f4e4c,ETU,7720301,7720301,D07
c6d86062-1f6c-4cc7-922e-b65f8daa1416,ETU,7720301,7720301,D08
8e08b4fc-88ad-49c5-ad79-666b759bc2ea,ETU,7760101,7760101,C00
792f3d73-61a5-4166-8663-f793bb8219c6,ETU,7760101,7760101,D01
1c422c94-3e54-4abf-b53b-e99fb4de0c25,ETU,7760101,7760101,D78
7d4b51b5-7507-48b9-8982-2adf5a99669b,ETU,7760101,7760101,D96
b7969047-61b0-4b08-a7cb-957f4928d1fc,ETU,7810103,7810103,C00
4ddbeb7e-9e5c-4400-9c49-1fad4b16ddd8,ETU,7810103,7810103,D01
7037d2ee-598f-4461-a5d6-898174c2a420,ETU,7810103,7810103,D72
101c9e96-04a9-4092-8771-e23fc6984c26,ETU,7810103,7810103,D96
e7889554-b34f-40b8-862c-b3c6fb597f43,ETU,7810201,7810201,C00
37373369-fa13-4dae-960c-c9918ad00bc5,ETU,7810201,7810201,D01
fa16d8cd-3b76-45b0-95e1-4cbea8a17ab8,ETU,7810201,7810201,D72
793cf037-3fc9-4ea1-bf3c-2ffff79323d1,ETU,7810201,7810201,D96
4f60eff3-5986-4cbf-a949-4dd8f4d0406f,ETU,7210403,7210403,H02
0abae73a-18ff-4dad-9dce-b7c017ea8c35,ETU,7210404,7210404,H00
414fee79-d2c0-47cd-a7b6-d7bf329641d2,ETU,7210404,7210404,H02
ab71be0a-b43b-4b54-8206-ac189a8d582f,ETU,7210404,7210404,V00
b719a006-fc36-4705-8604-7d3026cf99ed,ETU,7210404,7210404,V01
87091841-44cb-4e2c-9fa4-78aa964293fa,ETU,7580108,7580108,H02
62d176e3-c8da-4227-882d-4609ec4e3dc6,ETU,7210404,7210404,H01
26b6403f-e24e-4dd8-bb94-c56337199d6f,ETU,7520130,7520130,A00
469026f0-32f6-4d63-a571-474d46dd9035,ETU,7520130,7520130,A01
f1667aba-11b7-446b-888f-8843e892f114,ETU,7520130,7520130,C01
917882ae-a541-4f1e-8360-575425d2471d,ETU,7520130,7520130,D01
23c07453-dca3-4fa4-8f77-6e9a7ca078b3,ETU,7220204,7220204,A01
bd324318-e7fe-447e-9f4c-883e1ad64fd0,ETU,7220204,7220204,C00
4609950c-6c75-40fc-bbc2-8d5b2a79964b,ETU,7220204,7220204,D01
60a329b7-2bc2-4585-a831-78e7b1879d1a,ETU,7220204,7220204,D04
b29796e9-693c-4f47-b256-eaed8b3c0ba7,ETU,7320104,7320104,A00
a27cd5a1-6ef9-457e-b583-75a83b3e8b63,ETU,7320104,7320104,A01
c3d0727e-06b8-4301-b950-1ae8715c729e,ETU,7320104,7320104,C00
af33cf06-eda6-4b68-b54d-01eba46fbeff,ETU,7320104,7320104,D01
74d3b3fc-240b-45dc-893d-76ca42f89649,ETU,7520207,7520207,C00
b712488d-e35b-4b42-a374-c48ab6a19029,ETU,7720101,7720101,A00
c643f083-2580-4115-b6bc-0382c57c4363,ETU,7720101,7720101,B00
4a2d5b04-9baf-4ee5-9173-dcc1368c5d89,ETU,7720101,7720101,D07
784ec218-c01f-4c6d-8c2b-63b91b580206,ETU,7720101,7720101,D08
db377336-c781-4273-add0-565c85a20c88,ETU,7210403,7210403,H07
27ef9272-d8e4-4eb3-a478-668f7d4706fe,ETU,7210404,7210404,H06
da434df5-64f6-4972-9c2b-b14b70a5151a,ETU,7210404,7210404,H08
bb461b22-1dab-4d8c-9b4a-bb01b26df7a6,ETU,7220201,7220201,A01
969e7e63-7612-4768-b02e-a95feef8a3b6,ETU,7220201,7220201,D07
02ed0d2f-23f6-4141-aaec-5a623b40216f,ETU,7220201,7220201,D08
c3212505-d6b2-44f5-9bbe-60b6ed29c82d,ETU,7220204,7220204,D10
abec7ab4-75f9-4888-836c-cb7c9354dd30,ETU,7220204,7220204,D14
9a0a5900-9b73-4bbe-af26-75535733fb22,ETU,7220204,7220204,D15
cccf5b98-360f-4524-b031-952a5f38252c,ETU,7220204,7220204,D30
69c269b9-eb24-42ff-892b-805827738e74,ETU,7320104,7320104,C01
babe925e-46a4-4e2b-90ea-d651bed9a8f1,ETU,7320104,7320104,C04
6fc4d2cf-5e66-4ede-ba6c-2c05d5868d86,ETU,7320104,7320104,C14
7046af77-85bd-496b-8b4f-be5decba0f93,ETU,7320104,7320104,D14
ef59fca8-d5fd-43f0-a65a-fc7492169fab,ETU,7320108,7320108,C01
4f8cbc56-abf8-4fa1-8554-708f96c0d75b,ETU,7320108,7320108,C04
1502d0cd-f7af-46ca-a396-efd9c047fbfc,ETU,7320108,7320108,C14
a3df14b8-9fc8-48c0-9672-685b2fd05ef8,ETU,7320108,7320108,D14
5576e763-2008-46b4-940b-28cb5ba40818,ETU,7340101,7340101,A10
246e070b-bfb3-46b6-8b3e-6518dac2ed02,ETU,7340101,7340101,C01
ffa33c6c-ef8b-416c-9ade-9ef055e10be7,ETU,7340122,7340122,A10
f1d2cdbd-a4ea-4c8c-9495-99f405eb1c79,ETU,7340122,7340122,C01
dfcb9a8c-af4a-4559-b776-d4cabf129c23,ETU,7340201,7340201,A10
ced1126d-1671-4467-9a2a-f18ceb7d0793,ETU,7340201,7340201,C01
5694b36f-d383-45ef-bdae-33d3cc2eda74,ETU,7340301,7340301,A10
d1863a0f-5259-41fa-a616-dddef16a0b93,ETU,7340301,7340301,C01
d137239a-e6c0-456a-bd39-51ea290dcaa3,ETU,7380107,7380107,C01
3c310192-9e4a-4b9f-810b-e6621a343d60,ETU,7380107,7380107,C19
a12e7b9a-0b14-4c6b-8b38-fd84d176f244,ETU,7380107,7380107,D14
4a871c68-109b-49cb-a08e-29d77843f50b,ETU,7480201,7480201,D07
2147e9bf-2d11-468e-9500-c87f0c972d19,ETU,7510605,7510605,A10
41784cf8-a162-4b88-a929-011193db5af7,ETU,7510605,7510605,C01
04f72cc8-cb13-461e-8f4f-75a53439e44d,ETU,7520130,7520130,D07
a2d55572-c60b-46b7-a374-086f48c70d78,ETU,7580108,7580108,H07
c65c4518-d06f-472d-b271-3b43d75964ea,ETU,7720101,7720101,A02
bf2fd0ad-cff4-4109-b328-9938ce814a0b,ETU,7720101,7720101,B03
48a5959a-c2cc-420b-a27e-e3b80d359d8c,ETU,7720101,7720101,B08
b1c2f9f3-1183-4b04-92a9-802ae3f0ccec,ETU,7720115,7720115,A02
72c5e277-40b8-436c-9373-d7d95a1b6037,ETU,7720115,7720115,B03
aeca7fd5-f815-40ad-9f80-1dc6b648cf10,ETU,7720115,7720115,B08
3ed3e876-eb98-42f1-b800-0fa8ab6f321c,ETU,7720201,7720201,A02
55d6f66e-f3b5-456e-8189-16d076a0c679,ETU,7720201,7720201,A11
4247bb49-4a99-4d90-a16c-8a507a706e57,ETU,7720201,7720201,B03
1d21fe6c-5787-42d0-b14a-fb2b1fb91284,ETU,7720201,7720201,B08
9abb3c5e-4f3a-4ee1-8579-aa2c34e8c394,ETU,7720201,7720201,C02
f7bce4d1-271b-4a19-946b-f8ddae499c6c,ETU,7720301,7720301,A02
07eaab3a-e365-47a9-88d9-23dc74966c73,ETU,7720301,7720301,B03
cf78ea05-afaf-4f0d-8955-4a51a951ca6e,ETU,7720301,7720301,B08
6425e561-f121-4a79-aa1b-3a4d6d9df6a2,ETU,7720301,7720301,C02
8e4b2c60-7966-44a6-bd4d-0dfb6b548a0f,ETU,7810103,7810103,A10
6a8fa2a9-b221-4bd8-8672-a9adf16419b3,ETU,7810103,7810103,C04
6a5b342a-3d16-4b28-b08d-840941ff1448,ETU,7810103,7810103,D15
c8a81360-96b3-4b31-b9e1-4c6169cfe1b7,ETU,7810201,7810201,A10
4a3a036c-2fce-4af8-9693-aa9c87a9aebb,ETU,7810201,7810201,C04
476a3100-ff0c-4014-973a-f57bc9a697e2,ETU,7810201,7810201,D15
9792c550-185a-4f69-a450-d000a0d2c673,ETU,7580101,7580101,V00
6f5b75fa-9ff3-4ed9-8980-75bcdd0b8ca5,ETU,7580101,7580101,V01
b18133b8-93df-48d1-aa9d-0c60a96e1919,MTC,7210103,7210103,H00
64fb026e-dac2-4285-b7ec-e028a67b0696,MTC,7210103,7210103,H07
79d9d427-f691-430d-9c6c-e27507922d34,MTC,7210105,7210105,H00
7d662bba-ca7f-4d3a-89ed-2ded4bfd5f6c,MTC,7210105,7210105,H07
8b08a0e6-a17b-4c8c-b733-ff6fc866586c,MTC,7210107,7210107,H00
b9a17b4f-df96-47d2-8cea-37de3bfff665,MTC,7210107,7210107,H07
1c76fbc2-1766-4fab-8e15-dd1558dfb96d,MTC,7210402,7210402,H00
5a94dc77-0058-49d1-a620-e876c5e59fd3,MTC,7210402,7210402,H07
00d1c63a-8ed6-4b5c-ab9b-55df02b64415,MTC,7210403,7210403,H00
92142797-9d6f-430b-b06b-d07a83bd5662,MTC,7210403,7210403,H07
14a5f688-d7f9-45e7-8a68-91a0d917daeb,MTC,7210404,7210404,H00
5bf49f28-173b-45ec-9d09-6c72b88286f7,MTC,7210404,7210404,H07
d2e975ef-2a2c-4a58-8f6e-4f542c1772fc,MTC,7580108,7580108,H00
c6ab7766-4158-4839-98e3-15a7c9f69ad4,MTC,7580108,7580108,H07
9852bbcc-2d59-4239-8864-f81a3436621d,KCN,7420201,7420201,A00
d2c16b0e-56fd-4ce9-a367-18e0a2bc2561,KCN,7420201,7420201,A02
aeb7bf75-3eeb-4ca7-84b0-17565f07186e,KCN,7420201,7420201,B00
564bfc5b-04f7-4d04-a620-ec0cc219a3be,KCN,7420201,7420201,D08
f28c6748-e0be-4070-9013-5eedde1ef79c,KCN,7440112,7440112,A00
c8ce4e81-5704-409f-89b0-a53ded512165,KCN,7440112,7440112,A06
c0ec61b7-4ea4-4852-9b60-e9672c5e2a55,KCN,7440112,7440112,B00
f50af4d2-583c-42e4-aa4e-ec24a750c525,KCN,7440112,7440112,D07
a87a14d1-96df-4d40-890c-388194598d46,KCN,7440122,7440122,A00
f13d222f-1274-43dd-afe4-eb46944f05a4,KCN,7440122,7440122,A02
20b74245-1618-40a2-89e8-23cad94a2a17,KCN,7440122,7440122,B00
c9cdf565-c481-4282-a328-697cebc9a61f,KCN,7440122,7440122,D07
1956b1e4-55e1-46de-acf2-36c8e1a3150c,KCN,7440301,7440301,A00
76dcaf36-3259-42a8-bcf8-0ff85688db01,KCN,7440301,7440301,A02
3f1a4148-555a-4629-8054-0e93dbcaa23e,KCN,7440301,7440301,B00
3b572cb9-9fa1-4c32-a691-10d87452cf48,KCN,7440301,7440301,D07
abf652bb-d82c-4a7e-957d-d0533433482d,KCN,7460112,7460112,A00
b696ac89-1fa8-4c81-a450-7f8f0e3e806b,KCN,7460112,7460112,A01
f37bc1dc-cd2b-4357-8e91-792c3439a378,KCN,7460112,7460112,A02
cca856b2-1748-4df4-8437-e1dbccf8fc54,KCN,7460112,7460112,B00
50243148-fec2-4065-be0d-f965b6c9b081,KCN,7480109,7480109,A00
962502d8-3b2d-4434-9bac-8724040b4fa6,KCN,7480109,7480109,A01
b54af157-c003-4b10-b725-529663bab218,KCN,7480109,7480109,A02
8b93bae6-4987-446a-b3bb-685071d0c571,KCN,7480109,7480109,D08
90752567-f842-4c61-9943-1fb127011533,KCN,7480201,7480201,A00
c9d42349-e2ba-4af0-a500-08949485bf8b,KCN,7480201,7480201,A01
0c2440f1-35f5-47a1-9c24-b3e39d862ea0,KCN,7480201,7480201,A02
9b535d04-f4c3-4195-b7e8-57767401ad2b,KCN,7480201,7480201,D07
af2d1a4f-f177-41f0-a42b-cccd7c91ce62,KCN,7480202,7480202,A00
29cd5b23-1634-4214-a12d-946dc642636b,KCN,7480202,7480202,A01
8221b7f0-640d-4a67-96e4-a693a7b0578d,KCN,7480202,7480202,A02
d5a643d1-b19b-4f7f-b55c-4663fa9cf279,KCN,7480202,7480202,B00
5ab8c4f1-30b7-45b5-bb5a-7e3de6441d60,KCN,7510203,7510203,A00
4d52e090-c533-498c-aafa-b4a8535990e6,KCN,7510203,7510203,A01
b344a5a3-bddb-42da-8510-41ffe7b72e7d,KCN,7510203,7510203,A02
78b2e344-fce5-43f1-999f-92474e55299e,KCN,7510203,7510203,D07
3ee79c2a-0a87-411e-a84b-e113968e13b8,KCN,7520121,7520121,A00
20fea37d-7886-4c8d-afb0-9284feafdcaa,KCN,7520121,7520121,A01
fc7bd00b-6756-4f70-a216-9aa552cdacf7,KCN,7520121,7520121,A02
4ef47ba5-02cd-4be6-ae87-1d9a594290d4,KCN,7520121,7520121,D07
3150421e-c8ef-4efb-8907-e1bf0b07a36f,KCN,7520130,7520130,A00
4f701f0b-d003-4c44-b72d-e6da260f4fe9,KCN,7520130,7520130,A01
1d776fa0-157b-4d0a-8a2c-424b7f981784,KCN,7520130,7520130,A02
b681c557-56d7-418c-991e-15419c4625b5,KCN,7520130,7520130,D07
d773f0f4-4453-4721-9b98-974eeaa6784f,KCN,7520201,7520201,A00
40509a72-b299-47ef-b9a2-90fd0c0cbe4c,KCN,7520201,7520201,A01
e6dc057f-2e35-4ddd-983f-067e6f7b3e4b,KCN,7520201,7520201,A02
85621da5-7d46-4f50-b006-ca3c095a5ec0,KCN,7520201,7520201,B00
cedbb6e9-d2b5-4a60-90da-96e47031df5f,KCN,7520401,7520401,A00
08818303-a61f-486f-99e5-6289c4baf5e7,KCN,7520401,7520401,A01
661e9648-d166-4ba9-8933-b45a90cefbe9,KCN,7520401,7520401,A02
6f37e630-ba38-456b-a8b2-a3fd69038acc,KCN,7520401,7520401,D07
46865b64-22c2-4120-a72c-60988ef426c8,KCN,7540101,7540101,A00
0215a16f-7d46-423b-9c7f-fc436844ce79,KCN,7540101,7540101,A02
b73ba481-60e5-4575-9f7b-0d602d99339f,KCN,7540101,7540101,B00
8890a9bd-f9fd-43d7-a0d0-4651d516162c,KCN,7540101,7540101,D07
6da0aa52-16d2-465b-8a8b-bff3aaca5533,KCN,7720601,7720601,A00
4b3c0324-9f19-414a-bbf5-3b7d0573d537,KCN,7720601,7720601,A02
4ec4abfa-b729-4a31-9454-d610ab60d5ba,KCN,7720601,7720601,B00
3af102d7-6089-47b4-91a4-ec6a205740d1,KCN,7720601,7720601,D07
ba9dc34e-f3db-4019-bde1-272e8cd48a98,KCN,7480109 (7480109),7480109 (7480109),A00
b8d85a9b-cc07-4302-b76f-a82220187f8e,KCN,7480109 (7480109),7480109 (7480109),A01
04a5b532-4586-415c-8e10-5b99c281d41c,KCN,7480109 (7480109),7480109 (7480109),A02
f4521957-cfa9-4e11-95d4-aca46fbe5d82,KCN,7480109 (7480109),7480109 (7480109),D08
a6770bba-9b0e-41e3-b7e1-e6e1e510a915,KCN,7520201,7520201,D07
a260d050-ba54-4c8d-9eb5-3c69d4b88f51,KCN,7460108,7460108,A00
16f5f0d0-54c1-4b17-8860-0fd74910de7b,KCN,7460108,7460108,A01
7e2a017e-4d39-4f59-9cd8-b2aeae562077,KCN,7460108,7460108,A02
8b51b520-799b-4e45-acdf-16a1a1652a0c,KCN,7460108,7460108,D08
eb4bbe26-516e-44dd-b989-9010eda3e2c0,KCN,7460112,7460112,D07
a27394ae-9dae-480e-96f1-675927ad6adf,KCN,7480202,7480202,D07
c95cc5ab-4a87-405a-ba42-31b09af6c517,KCN,7520121,7520121,B00
675acf8d-5a2f-477e-8c0a-cb368b415791,KCN,7720601,7720601,A01
c91a78e1-f5a0-4603-82bc-30fda98c2562,KCN,7720201,7720201,A00
42134f5b-4981-4b58-ae99-82f5518ec51b,KCN,7720201,7720201,A02
079e09eb-2a16-442d-9034-6fc287e2ad29,KCN,7720201,7720201,B00
fa2a8a95-0eba-4b80-a1be-ff346f5b6e79,KCN,7720201,7720201,D07
a5377f71-fb34-49e3-a2c8-6e72f386226b,KCN,7420201,7420201,D07
fb6603d3-1336-485d-b5a0-8e23c1e7696a,KCN,7420201,7420201,D15
6d969a7d-716e-455d-b046-6aeeb3c07e98,KCN,7420201,7420201,D20
0ffc0413-8925-41f4-8b55-4b0caeaee2bb,KCN,7420201,7420201,D32
6e2d5257-46fc-424d-95b3-57007d148fc3,KCN,7420201,7420201,D90
454efb53-d58a-44b9-94e7-b8e5d3a8177b,KCN,7420201,7420201,D91
4e127bfa-7d81-4b46-a680-7fdff8d6674c,KCN,7420201,7420201,D96
07577748-3820-4fb9-b703-ac1bf8715d74,KCN,7420201-01,7420201-01,A00
e3b72d99-ea10-46bd-8600-73aeafdf8aea,KCN,7420201-01,7420201-01,A02
eccc6e27-dc9c-4a1b-89d1-09d570ee72db,KCN,7420201-01,7420201-01,B00
e9fafadb-f5b5-47f5-9237-61ef22d40da0,KCN,7420201-01,7420201-01,D07
18b37e52-26e7-4574-867b-452e2cdd82d4,KCN,7420201-01,7420201-01,D08
b76850ae-0a1e-4e76-8203-684e592b6e09,KCN,7420201-01,7420201-01,D15
1bbcbf41-4a50-4876-8213-bea667e18ca9,KCN,7420201-01,7420201-01,D20
040e6391-9215-4b44-898e-7cf14d80e4a8,KCN,7420201-01,7420201-01,D32
d1921e47-c817-474f-a5ff-8a8a523d7d5c,KCN,7420201-01,7420201-01,D90
0e7c6ba8-26a8-40e9-bf72-ea56b0e59997,KCN,7420201-01,7420201-01,D91
a5d95100-2274-40af-9584-73297ba4fae5,KCN,7420201-01,7420201-01,D96
8246078d-d625-429d-98c3-965edc0f96d6,KCN,7440112,7440112,D20
210b5883-d28a-49ec-96d1-68555f11fff1,KCN,7440112,7440112,D90
7337715c-67a1-462a-ba3c-a3b413b32aa4,KCN,7440112,7440112,D91
3d772943-26c0-4dbc-a707-251b2569e1ae,KCN,7440112-01,7440112-01,A00
2a4a0957-bb84-4bd1-bfde-c7c9f8322ca0,KCN,7440112-01,7440112-01,B00
637b2fb7-bf4a-4579-8080-28fec37d1fdc,KCN,7440112-01,7440112-01,D07
24dd9e5c-cb02-464f-a9e0-bc9d7514def0,KCN,7440112-01,7440112-01,D20
3fff5a75-0905-42a3-bb23-896f5fb6ac53,KCN,7440112-01,7440112-01,D90
bd114552-6f40-405a-9452-80e5ce850d20,KCN,7440112-01,7440112-01,D91
57d7d2d1-08b7-49f8-aa82-fd4784edf889,KCN,7440122,7440122,A01
dd18019d-08fd-4a50-a64b-ba99e8a2eb36,KCN,7440122,7440122,A04
b0e66e29-4d57-487c-8fa1-16abe849a6b8,KCN,7440122,7440122,A09
f1237297-9e77-4cbd-b0a2-eff9e73f1189,KCN,7440122,7440122,A19
5ec1fd29-b68b-4d21-b10a-332219a0a8fc,KCN,7440122,7440122,D20
2dfa8d1c-f003-4f51-8ecc-075235e03f4d,KCN,7440122,7440122,D90
5a467181-4f89-40b5-8e1b-5a4e0c4735dd,KCN,7440122,7440122,D91
834ad420-c3e0-4c99-b425-468260385419,KCN,7440301,7440301,D08
04158eab-c434-437f-b84c-4beb21f3ed95,KCN,7440301,7440301,D15
9c9d3f4d-2dbe-4b1a-b17f-19bfa9607917,KCN,7440301,7440301,D20
292ea0e3-52f4-488e-9902-deee86efe3a9,KCN,7440301,7440301,D32
407f8c08-c3fd-4a5d-8744-6bbdcfb4bb05,KCN,7440301,7440301,D90
1959b168-28ad-485c-b953-f60c18c32cca,KCN,7440301,7440301,D91
1c2b074b-7198-4386-a9b2-f1bfd01b4752,KCN,7440301,7440301,D96
7385b398-4abe-4df6-9d5f-bdab1b9a3e74,KCN,7460108,7460108,A09
fbbd94e8-f58d-4d87-8252-3a6d926878bd,KCN,7460108,7460108,A19
d77da8e8-be35-4605-aa22-dde41b8c575a,KCN,7460108,7460108,D32
f734bfc5-d796-44b6-8976-0cff0fd17251,KCN,7460108,7460108,D84
3274555c-c88d-4d6c-8242-00a568fafe83,KCN,7460108,7460108,D90
a9694db3-fc47-4e99-b3bc-e7b1bcf977de,KCN,7460108,7460108,D91
1517073a-5a8e-4f23-8ec3-39391bb057fc,KCN,7460108,7460108,D96
fba94903-5903-4589-9329-1b7ff2469768,KCN,7460108,7460108,D97
621165db-a7c1-465b-9736-87d3c5b69985,KCN,7460112,7460112,A04
34f45c97-baf7-4418-b687-5ddb81ae16b8,KCN,7460112,7460112,A09
d9815cee-0995-48ff-93b2-5492cce82b36,KCN,7460112,7460112,A19
a7990091-4ea3-4574-8669-075f220a90e6,KCN,7460112,7460112,D01
6e5861c7-6afc-48a7-b01a-9df7c12e662a,KCN,7460112,7460112,D08
23610bb3-7625-42be-9ba4-2697c73c7ac5,KCN,7460112,7460112,D20
896be3c5-bea4-4e48-bc6c-64cf0d2e23a6,KCN,7460112,7460112,D32
d4e91e82-2132-41dc-a92d-3050dfe943bb,KCN,7460112,7460112,D33
9a9ee0f4-049d-4e51-a2d6-d149a45575ba,KCN,7460112,7460112,D84
2f890e19-9860-4f04-8b98-ee3588a1e7c2,KCN,7460112,7460112,D90
af0a779f-6cd8-41d0-a0c7-b7b12b1bf5f6,KCN,7460112,7460112,D91
3790fb49-4dbb-4b61-80a3-e2309c4376ee,KCN,7460112,7460112,D96
c9f9d5f9-f789-4219-8512-6c243d19ae84,KCN,7460112,7460112,D97
279e9f29-5808-4878-9e2b-0e4c59361019,KCN,7460112,7460112,D98
e4fb1095-afab-4e91-9cbf-e8a53c20b928,KCN,7480201,7480201,A09
26250ddc-d0b1-46dc-827d-aec596f039db,KCN,7480201,7480201,A19
bbc0c9fd-ed88-4b0a-8fb9-1a4435946dac,KCN,7480201,7480201,D08
45afc3fb-2462-420e-bcbd-4bcf409a66c8,KCN,7480201,7480201,D32
6d86b6b2-e4f0-4c72-920e-d8153aef7b35,KCN,7480201,7480201,D84
36290cf7-fbd0-49e8-8821-cdb043ce43a6,KCN,7480201,7480201,D90
98437ca6-e36b-4016-9e15-a8a83d0608e8,KCN,7480201,7480201,D91
c93c34e0-d214-4364-807a-4f16dab0fd4d,KCN,7480201,7480201,D96
7ffcc887-bff0-4531-9742-1548a128ec42,KCN,7480201,7480201,D97
2267d297-5a7e-42fc-891d-b450baf9e8d9,KCN,7480201-01,7480201-01,A00
fad8a836-782a-4a6d-9a43-3fe8fe726d66,KCN,7480201-01,7480201-01,A01
20c2c7e1-608b-484f-ab19-21026322a91d,KCN,7480201-01,7480201-01,A02
ea2fd27b-15f4-4d2e-b66d-1781bdb5d5f9,KCN,7480201-01,7480201-01,A09
bfa8d5da-928a-4813-bd97-f92f214a4a6b,KCN,7480201-01,7480201-01,A19
3147f996-2df2-478d-9f73-3dafa71c144c,KCN,7480201-01,7480201-01,D08
91c2f911-3681-4ff1-a5e1-16dc7e1338e0,KCN,7480201-01,7480201-01,D32
158f9e88-00cd-49e9-872d-4379e897561f,KCN,7480201-01,7480201-01,D84
b047f0c7-a3b7-4878-a406-cd699da611bc,KCN,7480201-01,7480201-01,D90
b69868a5-7f14-43b9-b4dc-f732e0842e6e,KCN,7480201-01,7480201-01,D91
34a49c73-13a7-4c22-87f4-df6909005c7d,KCN,7480201-01,7480201-01,D96
1ab4f1d7-a75d-4d95-8c21-106fec86f7aa,KCN,7480201-01,7480201-01,D97
0cfd6ef5-8d9e-4f0d-9a4d-3e7e37a58800,KCN,7480202,7480202,A09
cdad0bd3-99b1-4082-82ef-f6dd6672f0ab,KCN,7480202,7480202,A19
a95caf1a-4296-439d-bb80-4bc29a0d9569,KCN,7480202,7480202,D08
c68444c1-05f2-42b5-b60c-4d3d65499403,KCN,7480202,7480202,D32
1d46e002-291d-46b3-b432-f002ac55ec2e,KCN,7480202,7480202,D84
6adddde2-848e-4b79-bf97-bf062aaabd44,KCN,7480202,7480202,D90
a6eeb154-3573-4805-86d9-f3727720222c,KCN,7480202,7480202,D91
737aa7c5-6e55-4e05-af2d-07a5ded9bc52,KCN,7480202,7480202,D96
0359da3a-62d7-462c-8e0b-fd9f2c608d2f,KCN,7480202,7480202,D97
74f00483-a337-4157-bed3-0563b365254e,KCN,7510203,7510203,A04
1520407c-4cc9-48e7-935e-8f6d6a6af61a,KCN,7510203,7510203,A09
a0d984bb-00c7-4cfe-9128-38ef8f8de59b,KCN,7510203,7510203,A19
01f46efe-d360-467f-a0c1-a5a2c07e7fef,KCN,7510203,7510203,B00
39cf020e-bbe1-4624-81bb-b02b75fc22fa,KCN,7510203,7510203,D20
568b6a7c-55ae-483e-b466-bb7e8336d354,KCN,7510203,7510203,D90
b50ed1bb-5777-4496-937b-04b3c33bce27,KCN,7510203,7510203,D91
2d7f7634-d56c-4054-854f-20ac444cfc6e,KCN,7520120,7520120,A00
f3d7b652-9049-4566-a9e5-915811b241bf,KCN,7520120,7520120,A01
90b04159-b979-419d-b86f-59249b47b061,KCN,7520120,7520120,A09
3b7984e4-291d-4f15-acfd-d45af149adbe,KCN,7520120,7520120,A19
ca862f72-acab-4bb8-9f72-c24f62795cec,KCN,7520121,7520121,A04
a4c539e5-3355-4bb0-ab57-26d605f9036f,KCN,7520121,7520121,A09
19813b48-ab28-49ef-a698-32dbae7a78a9,KCN,7520121,7520121,A19
339317d4-74de-4b58-8cd3-9056f88966a5,KCN,7520121,7520121,D08
1680081e-7b80-4ec0-94ed-a4131c421370,KCN,7520121,7520121,D10
5fb2f2e8-c742-4640-a560-5f1b4154cb2c,KCN,7520121,7520121,D15
e0d927cb-30f2-4427-9a90-282c2c7756d6,KCN,7520121,7520121,D20
111039b6-69c8-419e-8df8-7f5d3e1bf551,KCN,7520121,7520121,D32
a0cafd62-e1e7-4975-b195-1ae6a4a85dd2,KCN,7520121,7520121,D33
e762ba65-36b9-4377-9820-cdff182b8e78,KCN,7520121,7520121,D84
58d4ae34-abfe-409b-a5ab-5effe312123c,KCN,7520121,7520121,D90
caaa7772-7ef7-4862-a85e-933429aa5182,KCN,7520121,7520121,D91
ab95d45c-81bf-4c17-94fd-5b6ca686ee7c,KCN,7520121,7520121,D96
5dc321ae-abde-4c81-a971-250e300a8370,KCN,7520121,7520121,D97
81ea364a-b381-48d6-b0df-cab4312d963b,KCN,7520121,7520121,D98
6e446a35-4268-47a0-bd77-bd686ecfd571,KCN,7520130,7520130,A09
e1b01f9a-b810-4bb0-9865-5fbc8fa60789,KCN,7520130,7520130,A19
4a39c5cb-e0da-4b5e-b74c-9ea731985ea3,KCN,7520201,7520201,A09
d1ccda4c-e447-43d7-ac65-ef48f4492c7c,KCN,7520201,7520201,A19
5d806057-7dfc-4564-9b87-e0516cd29456,KCN,7520401,7520401,A04
1cf63291-6a57-4231-b715-d3582c424787,KCN,7520401,7520401,A09
48e88615-85f1-480f-881d-c50ccb395cfe,KCN,7520401,7520401,A19
42b7eac4-df8e-4ccc-a33b-683a6a4ad08b,KCN,7540101,7540101,A01
43431bd9-7e06-4551-99b2-61e17a0c9b35,KCN,7540101,7540101,A09
4eec6088-5ee3-41af-872f-ce3c65df394d,KCN,7540101,7540101,D08
3a67ebca-a207-4d2b-87e8-762d38642778,KCN,7540101,7540101,D15
80b8b24b-0d6b-4814-afd4-98b2640583e5,KCN,7540101,7540101,D20
4e46846a-1348-4964-87b0-0760283c4709,KCN,7540101,7540101,D32
1c22896d-6dfc-4578-87c5-147f1a50f01e,KCN,7540101,7540101,D90
9680caef-5ba1-4e7a-8f9b-b7714f20a4b6,KCN,7540101,7540101,D91
3f0b39e5-c287-423a-a196-84e1c1f9ad34,KCN,7540101,7540101,D96
e5e46969-f84c-4ab8-b441-272b503f4b22,KCN,7720201,7720201,A01
6721cd9a-b21b-4a38-b090-be39605d6967,KCN,7720201,7720201,A09
87506dcc-7990-4e68-8131-e43a9ed5970b,KCN,7720201,7720201,A19
3c069d31-4da1-4ee3-ab2e-b955d154d677,KCN,7720201,7720201,D08
6c2c052f-3e1c-4d21-a1b4-6fc5c39d411e,KCN,7720201,7720201,D32
01ff7209-2212-4e1c-8fb0-c72d7a358f01,KCN,7720201,7720201,D90
ae260861-c559-4381-ba63-1f195c9ebac0,KCN,7720201,7720201,D91
a9e836be-e378-4d8e-9b95-d67f86b16f4d,KCN,7720201,7720201,D96
ddcd28cc-9d48-4cb6-9ede-c3504dbe0e4f,KCN,7720601,7720601,A09
15eadfd3-cc74-4a92-8888-d45d83f5aedb,KCN,7720601,7720601,D08
a6d5aa8e-0903-48ce-9052-35ef1f1ed1ba,KCN,7720601,7720601,D15
02290667-e08f-44fd-813a-df9487516556,KCN,7720601,7720601,D20
007294e0-47ae-4498-beb7-56be6840540e,KCN,7720601,7720601,D32
65d17e11-8f3c-4d01-93de-cf1fb3acc848,KCN,7720601,7720601,D90
ae356b4c-7e36-4d7b-abdf-86be908d78ca,KCN,7720601,7720601,D91
3938cb32-932d-4784-b857-19f50de94496,KCN,7720601,7720601,D96
c663e617-c870-4504-8254-b32241773533,KCN,7420201,7420201,B08
375738c5-86c7-4121-83c2-018a1491a7ca,KCN,7420201-01,7420201-01,B08
0ff9bb07-ff87-4f77-b76c-49c3c2b29f71,KCN,7440112,7440112,X10
5fdd6979-f844-41e9-87b1-83498748d746,KCN,7440112-01,7440112-01,X10
83f101a9-9892-4df8-b2a2-63edb174cac0,KCN,7440122,7440122,X06
a6660376-6777-4ccb-820e-8e22b2f71484,KCN,7440122,7440122,X10
2ae53067-ef63-41ee-8c12-5f4c1cc19129,KCN,7440301,7440301,B08
d806cb49-0796-4c85-bd48-6ef3d60d9a51,KCN,7440301,7440301,X06
178987ee-e4cf-41dc-9737-349cac7d67c5,KCN,7440301,7440301,X10
503975a1-0d7e-4382-9766-130bee69021b,KCN,7440301,7440301,X14
a535ce3d-6685-4372-a88d-8748d86416ed,KCN,7460108,7460108,X06
5128847f-1522-41c3-bac3-b08002e76c27,KCN,7460108,7460108,X26
98dd11cd-90d4-49fa-bcb7-cbd93366ddd9,KCN,7460112,7460112,B08
c1b737f2-a5a5-48b2-b78b-b6b14e98b9b7,KCN,7460112,7460112,X06
18052f36-5771-462e-b07b-dc12aa928f37,KCN,7460112,7460112,X10
abc67107-041b-4571-9a83-d87224713b69,KCN,7460112,7460112,X14
eac3f30b-5f39-4c00-bb4e-000bbe3ce671,KCN,7460112,7460112,X26
35de3d14-88c9-4e07-8b68-31b427c1089f,KCN,7480201,7480201,X06
8920cfd3-f476-4859-bc3b-12f30fb99fac,KCN,7480201,7480201,X26
c0355d43-a03b-42ca-8e5d-e2dc82f55e84,KCN,7480201-01,7480201-01,X06
cda21e01-56db-48b9-99aa-70caadf32e7f,KCN,7480201-01,7480201-01,X26
eb39474b-56f7-44d9-9849-a0205dae3279,KCN,7480202,7480202,X06
cfe82250-82f8-4f63-a0cf-579e35449a5f,KCN,7480202,7480202,X26
cee34bfa-b94c-4897-9038-62480342fb0c,KCN,7510203,7510203,X06
19f3aa6f-033d-4fc4-92e8-651db30b578c,KCN,7520120,7520120,D07
7654f39f-1626-4db9-89b3-134bc368efff,KCN,7520120,7520120,X06
d197c12e-70a2-4976-84d8-bc13e252a449,KCN,7520121,7520121,X06
5b85f3e5-63f8-4825-9f9a-8996ee683459,KCN,7520121,7520121,X26
e1d5da96-316a-49e6-824b-341e0c07b891,KCN,7520130,7520130,X06
1ff19944-840d-48e1-bd37-f99ed34e8fc2,KCN,7520201,7520201,X06
5e37d7e6-ca05-4353-bc82-5ea259a8fa8a,KCN,7520401,7520401,X06
01a17826-7917-4888-b300-343293702acd,KCN,7540101,7540101,B08
b1400167-97ba-4ed2-ae26-3783c813d22f,LNH,7310101,7310101,A00
cbd777aa-cc30-4eec-9d52-8756dd2f1564,LNH,7310101,7310101,A16
4085d01b-5e96-40fc-8241-07bcdddea2cc,LNH,7310101,7310101,C15
a0b1cdab-7b02-4471-bf44-590ed663f692,LNH,7310101,7310101,D01
611ac74f-dced-426e-8a52-1d5fcc871a31,LNH,7340101,7340101,A00
de449d07-06b3-4d69-9a90-15ed7f7d7e6c,LNH,7340101,7340101,A16
591dfc83-a1ae-4f67-9ef8-f6bebfe4b00a,LNH,7340101,7340101,C15
b56dc2a9-3e8f-4c4f-8a7f-533b6d38ea87,LNH,7340101,7340101,D01
ce12115e-0204-4a05-9b87-578d8695645c,LNH,7340116,7340116,A00
1fdc86df-6bff-46a3-8b49-ec1b19ed22ec,LNH,7340116,7340116,A16
1fbccc9f-368d-434b-af10-6475dd13893b,LNH,7340116,7340116,C15
652f1588-4c55-4888-9970-6b3d9b748bd0,LNH,7340116,7340116,D01
abe6d2cb-1b1d-4701-b413-d80c7af8881d,LNH,7340301,7340301,A00
b6253106-aa21-4db3-a47f-c7899590fb46,LNH,7340301,7340301,A16
3fde0c87-f15f-487e-8f72-0c0b50876b35,LNH,7340301,7340301,C15
b23af565-1357-4be9-b192-5cfaf573b834,LNH,7340301,7340301,D01
2c248546-5f50-498b-8501-7d2ce726f30c,LNH,7420201,7420201,A00
ac492ebc-a7aa-4bd3-9f02-c27c8b2438a5,LNH,7420201,7420201,A16
8beefa2b-f8a3-48d6-9e06-b9cdf032655b,LNH,7420201,7420201,B00
1557b01e-ed8a-40fe-b0ee-4b7cd2bd9530,LNH,7420201,7420201,B08
e801a8d6-23a6-4d80-989f-1ccf613aebc2,LNH,7440301,7440301,A00
e3091db6-aae0-47b7-a979-ecb0537882d4,LNH,7440301,7440301,A16
41f1ecc7-df03-48df-924a-1e4a16a7dc69,LNH,7440301,7440301,B00
10bd5938-9e47-4c0e-b4ff-83efcf9069a9,LNH,7440301,7440301,D01
2674a358-8ea4-45bc-a018-39bb10aa7e9b,LNH,7480104,7480104,A00
c91b3948-24e0-4820-85e4-dcc468afd1d5,LNH,7480104,7480104,A01
09604971-dd2b-4e14-8cae-5e51209076b6,LNH,7480104,7480104,A16
650c3cb7-8f9b-4d7d-9901-2d02f54e0c38,LNH,7480104,7480104,D01
67b0ec80-f9ba-44b5-84ff-082ee8766c14,LNH,7510203,7510203,A00
f0e45145-3c22-43f4-8687-09b3b687ab01,LNH,7510203,7510203,A01
a4f7fa44-a0e3-4f26-9848-ae79c4457051,LNH,7510203,7510203,A16
e7f485ce-c711-45d9-8f21-9e0fd16a3872,LNH,7510203,7510203,D01
a3c683ed-fed4-4d53-a5fe-4d33cc80a6b4,LNH,7510205,7510205,A00
5c13bc47-56a2-4ced-b81b-2b0f59d756ed,LNH,7510205,7510205,A01
93f47fa5-39ab-4557-8188-1242ad3c96eb,LNH,7510205,7510205,A16
7fb47549-7d38-4373-b03a-b58241dad868,LNH,7510205,7510205,D01
e9a1147e-7569-4927-9b1b-7b9cb7e0e0c6,LNH,7520103,7520103,A00
deda9a24-7e8c-42aa-a6f3-c6e68ebc3470,LNH,7520103,7520103,A01
496afe39-2be1-47d5-ad62-7362613dc041,LNH,7520103,7520103,A16
b7bc3a79-4727-4f05-a3a8-ca30ff71f3f1,LNH,7520103,7520103,D01
c2231900-420c-494d-82b7-8a274b5ef454,LNH,7549001,7549001,A00
f9ce46ac-97a4-4ab1-9441-d1776557858b,LNH,7549001,7549001,A16
e2719f62-03df-446a-88d0-151fc8206ead,LNH,7549001,7549001,D01
c660fc14-cd7d-4db5-8d3e-73816867d43b,LNH,7549001,7549001,D07
26b0c1ca-faa5-4c6d-81e6-9974f64bbbb2,LNH,7580102,7580102,A00
c6ab677b-0362-4117-9a1e-416fa0a69f72,LNH,7580102,7580102,C15
9dbe7741-fdc8-413e-8e2d-9cb7edc8b057,LNH,7580102,7580102,D01
d3caf4ea-6190-44fa-a06f-4cc1e5a5dd62,LNH,7580102,7580102,V01
b0bffb1e-bfe8-4bfd-b37b-6c4aa1ff0bbd,LNH,7580108,7580108,A00
07cffe5c-598b-435a-beb9-c7a34df0df1e,LNH,7580108,7580108,C15
eacada98-a693-4150-9f12-d82193ebfe15,LNH,7580108,7580108,D01
ad51c087-7c7a-4563-bc40-65476671c725,LNH,7580108,7580108,H00
349314ac-9e27-4fab-bb4a-194186db6798,LNH,7580201,7580201,A00
3a3fb0a9-326e-4319-99c5-b444d5eaa1fa,LNH,7580201,7580201,A01
29a36758-5781-407e-a9e9-0feaaf4bf6b9,LNH,7580201,7580201,A16
efe6fb33-45f3-4b3c-851e-6c47a887b782,LNH,7580201,7580201,D01
36783df2-49b2-4dfd-ab0e-35e0143cf6f4,LNH,7620110,7620110,A00
17dd443b-ed2c-4f6e-98a6-e5d3516cda47,LNH,7620110,7620110,A16
5ba7d1f0-5755-42e3-878d-b72176ef02e3,LNH,7620110,7620110,B00
1f80b465-a804-4658-b3e1-1807a1a759e2,LNH,7620110,7620110,D01
eb5ba525-aa7f-4f7e-aedc-e76dd430de2e,LNH,7620201,7620201,A00
ba08dba3-244f-4cc3-948d-e8edc0a46b9d,LNH,7620201,7620201,A16
757c6e1b-7d9c-49ed-a08f-ada18b2ae1af,LNH,7620201,7620201,B00
9e0a9364-4247-4718-980f-fa44a954f23f,LNH,7620201,7620201,D01
906b1376-81f9-44e6-86ee-6f0e67512dec,LNH,7620202,7620202,A00
971e85fd-21c4-469f-8c19-451d1304a88a,LNH,7620202,7620202,A16
9f411491-0033-4686-87d5-65eab1fc09d8,LNH,7620202,7620202,B00
eb3778cd-d617-4b12-9b08-ca44503584fc,LNH,7620202,7620202,D01
33c0fdfb-f321-4ecf-895d-e1716a8367d8,LNH,7620205,7620205,A00
ef025a4e-ce01-4447-b704-bf787f2b5c51,LNH,7620205,7620205,A16
8d1bac18-b9ee-49b2-ab54-4f621d3c2433,LNH,7620205,7620205,B00
7ed6f836-a665-428a-8aba-2440a58b3014,LNH,7620205,7620205,D01
30a419f9-568c-4f63-aa9e-ca326bb49cbb,LNH,7620211,7620211,A00
b0e27857-c029-44c5-8c80-c52b66e65693,LNH,7620211,7620211,B00
fc6119fe-b8ca-40b8-8fcb-080f1357ece9,LNH,7620211,7620211,C15
85ae7d01-8ba4-42b5-b823-be5d881ea718,LNH,7620211,7620211,D01
da4cad4a-f73f-4dee-a64a-7e8e296b8e95,LNH,7640101,7640101,A00
aac66038-eef3-4589-8e3d-c9e326063de1,LNH,7640101,7640101,A16
ce40ad8b-8b06-4616-b55c-cda123ae0595,LNH,7640101,7640101,B00
31055a05-235e-4e84-b43e-318175f6b85f,LNH,7640101,7640101,B08
047156c2-24ea-486b-abe8-b4a37cfad140,LNH,7760101,7760101,A00
8e93c45e-fc98-4bed-b9e5-20cc4fd26736,LNH,7760101,7760101,C00
0499c5f2-29bb-4f8c-85cc-fb5d1d87a9bf,LNH,7760101,7760101,C15
a0a197a4-da9d-4169-aace-f0944c9c3e01,LNH,7760101,7760101,D01
02c7d7e0-51d9-42c3-9562-1ef236c0875b,LNH,7810103,7810103,A00
840af99a-5473-44f4-a8cd-cba57c0bff3b,LNH,7810103,7810103,C00
84c48b72-6f6a-48a2-9bc7-0a1b60262178,LNH,7810103,7810103,C15
28554fc5-2d51-41ff-911d-bba859967e42,LNH,7810103,7810103,D01
2cd69bfd-268e-4ff6-a329-a9a417d73b4e,LNH,7850101,7850101,A00
1498ce9c-1e9b-40ff-af5e-b4a4fa570115,LNH,7850101,7850101,A16
b5f13129-349b-4df1-9ad6-53f07dcaf456,LNH,7850101,7850101,B00
a8991bfd-45ef-4aa8-b37c-4b6d5cdac807,LNH,7850101,7850101,D01
e1056b1f-ad56-472b-a926-004eca03b354,LNH,7850103,7850103,A00
a52effac-c4b4-4df1-bf82-c1c757791672,LNH,7850103,7850103,A16
5b4dc969-da8d-4ad7-8e38-8755f3e167aa,LNH,7850103,7850103,B00
96ff3ea4-603f-4395-8ce1-0c112cc57936,LNH,7850103,7850103,D01
1816ca66-6eed-4d74-a55d-b21c37d7cbfb,LNH,7850104,7850104,B00
5ce8cb4a-5ad5-4fbf-8a52-fa0292016eb9,LNH,7850104,7850104,C00
6caa7980-b7f1-4239-9580-30c017f41500,LNH,7850104,7850104,C15
81b1c708-31db-41c9-979a-6a993a4e54e4,LNH,7850104,7850104,D01
403721ac-cc6d-48fa-a827-d5981afe9621,LNH,7908532A,7908532A,B08
c988403b-4086-4f90-bc9c-24fee8e84a73,LNH,7908532A,7908532A,D01
df72d0d3-fedf-489a-ae62-eb9010131480,LNH,7908532A,7908532A,D07
0c767e55-ffab-49f4-8f43-c51c4d89357c,LNH,7908532A,7908532A,D10
face456b-f27c-4c5c-83f2-163bd2fde446,LNH,7340201,7340201,A00
557b7c37-c349-4fb2-8c7c-51729854d41d,LNH,7340201,7340201,A16
42d62ef5-aca9-4357-a733-e60fa5e9dad1,LNH,7340201,7340201,C15
ce6080cd-c011-4bc1-a4f5-c42fd4c8cf98,LNH,7340201,7340201,D01
48e76cd1-f001-4f9c-b954-b383ea7dc27c,LNH,7510605,7510605,A00
e66a5538-e837-40bb-a4c5-5c5da07afe1d,LNH,7510605,7510605,A16
27f3de5c-d325-4054-acc0-5dfdf8025629,LNH,7510605,7510605,C15
9dca993b-2d57-4a95-817a-867a69b4e3ab,LNH,7510605,7510605,D01
f23e3695-72fd-40ed-98b7-8cbc8cf79d27,LNH,7850106,7850106,B08
373f8e22-d9fb-46c6-8241-f24f469085fb,LNH,7850106,7850106,D01
f04ed31e-a42f-4199-84e3-d85ce1dbad97,LNH,7850106,7850106,D07
81f9ff3f-6ed0-40b8-958c-82684268d084,LNH,7850106,7850106,D10
a576361e-9501-4949-83c1-44687e5cd479,LNH,7620105,7620105,A00
78dac1fe-dd91-4f50-bd02-a5f75f00385b,LNH,7620105,7620105,B00
479d70c0-3ddd-4a2f-b6cb-088bd6775e5b,LNH,7620105,7620105,C15
e9272738-9326-431b-80c3-93ed9ef7db8e,LNH,7620105,7620105,D01
445db240-1d5a-47e0-8999-247c089cf6d7,LNH,7310101,7310101,A01
cee42aae-d84c-4939-859c-dcb50bed9519,LNH,7310101,7310101,C00
413f2982-01d4-495a-9600-2c0d64ae866a,LNH,7310101,7310101,D14
1b56125b-486e-4773-913e-53c9717b0a7a,LNH,7310101,7310101,D15
46d5bc0b-30e7-4dc8-9135-05a175ab8fa1,LNH,7310101,7310101,X01
64f541b3-92c2-439e-b952-7a10e444de96,LNH,7310101,7310101,X26
5baaa590-19d1-4e74-9524-0fc1ce217b9d,LNH,7310101,7310101,X70
bcb37292-c93e-4791-bdee-712f5b4365ed,LNH,7310101,7310101,X74
373dda2c-89b9-4939-a89b-78ef808feec9,LNH,7310101,7310101,X78
16d172ee-c186-4c8a-89da-38e9d6dbb0bd,LNH,7340101,7340101,A01
1680867e-3638-4e86-bbbd-a75e86fd9d7e,LNH,7340101,7340101,C00
93dd54a2-9b05-4ab2-8916-5f67be6b960f,LNH,7340101,7340101,D14
1036f690-6695-4d1b-ae1d-83648325e857,LNH,7340101,7340101,D15
79437173-3410-4a88-9fc5-3e38e40f1aad,LNH,7340101,7340101,X01
64df1a94-e23d-4032-8a9f-c038a45e19f7,LNH,7340101,7340101,X26
1becb82b-1dbd-49da-aab8-4125900cd648,LNH,7340101,7340101,X70
499e34a6-a98b-4b59-bf38-a998965e2413,LNH,7340101,7340101,X74
6dc111d0-90d7-4147-a571-99ff4d18d78e,LNH,7340101,7340101,X78
985d753d-aaaa-4e0c-9936-796d5e847632,LNH,7340116,7340116,C00
ed68ac5c-3a92-47f0-8207-983a28dc5a59,LNH,7340116,7340116,C03
e4848c08-eb1f-4178-bd1d-4820b96e5f9d,LNH,7340116,7340116,C04
b13a31eb-db7c-4d58-bbbf-655e99fcb145,LNH,7340116,7340116,X01
0722ec6b-5d7f-442c-b06c-04956b1a39b7,LNH,7340116,7340116,X02
c2092ee8-b8e1-4249-9ed6-e59853e8f600,LNH,7340201,7340201,A01
552849b4-94ac-4b43-8358-19b3b9e530bc,LNH,7340201,7340201,C00
9f08b241-6dd3-42c5-a8fa-0b85324b6c47,LNH,7340201,7340201,D14
379e58c2-25eb-47ea-a82c-7345e434c5f0,LNH,7340201,7340201,D15
f460d5bb-b41e-43a2-b765-959148660a0e,LNH,7340201,7340201,X01
b0b1e680-4554-48cf-9f65-fa94a4b4905e,LNH,7340201,7340201,X26
97574241-acd3-444f-a0f6-eb66ab25e373,LNH,7340201,7340201,X70
66bbebcb-f697-49fb-b093-d07eb9a271ec,LNH,7340201,7340201,X74
bff32e71-dd3f-45be-9b27-c38a70e06f22,LNH,7340201,7340201,X78
553770ed-ddb9-459a-908a-2c5f6ccf921b,LNH,7340301,7340301,A01
dad1920b-3b1f-4a22-9830-aa635af59cf2,LNH,7340301,7340301,C00
5160844a-3cdf-4e37-bde5-2dba990d72eb,LNH,7340301,7340301,D14
47513866-8877-4e63-941f-1d79088429be,LNH,7340301,7340301,D15
fbfea40f-2451-485e-8a1c-f29eea50474b,LNH,7340301,7340301,X01
e15d3b69-2741-410f-8de7-edfc3044df28,LNH,7340301,7340301,X26
d34918b3-b9cb-42bd-8ae1-1a7502831075,LNH,7340301,7340301,X70
2718b87b-428e-45c0-863e-0d8f52c80965,LNH,7340301,7340301,X74
d1e77a7d-ccb4-44e5-8f70-7b6d4e6e06f1,LNH,7340301,7340301,X78
1f2142f7-fab0-457c-b354-aaab3f66653f,LNH,7420201,7420201,B03
e82fa8f7-61d5-41c1-a6eb-e848f7634bb6,LNH,7420201,7420201,C02
be142815-6207-47dd-83fc-282cbbcbc13f,LNH,7420201,7420201,D01
aaeb8108-6fd3-4561-9bf1-de4fa9bf6bd1,LNH,7420201,7420201,D10
b70c3c8b-f6f5-4311-aca7-10dda38ec24d,LNH,7420201,7420201,X02
749fb738-5faf-4393-9ec0-d594cc684db0,LNH,7420201,7420201,X04
840de95c-ec24-4b9b-87fa-894a33084f46,LNH,7480104,7480104,C01
1b6aaf2c-19c1-434f-9af8-9b570ea6aa62,LNH,7480104,7480104,C02
a038e84c-1831-4a6d-9f58-a1a3e94bb502,LNH,7480104,7480104,X02
25471621-e648-4096-b414-46d7360e2ed2,LNH,7480104,7480104,X03
f80394fc-d324-4b8f-8c0f-14f6684a6c1b,LNH,7480104,7480104,X06
6a829acd-62c5-48b1-8d04-7cbc99158075,LNH,7480104,7480104,X26
bebc3b84-0cef-4a05-a281-240c0d8ac88c,LNH,7480104,7480104,X56
1356697c-b147-4cbe-803d-008c077de912,LNH,7510203,7510203,C01
2f0cb1e1-dbda-4a76-aa9e-87b24af64fce,LNH,7510203,7510203,C02
ef5b10ae-8966-4a98-9a42-ef5d289c4c76,LNH,7510203,7510203,X02
73d6d684-76b6-4792-9c70-dfb90c7c34b9,LNH,7510203,7510203,X03
b2b70954-face-4583-aea2-4969d0d3a88d,LNH,7510203,7510203,X06
5dfe6c2b-dec0-485b-a1a9-4ee1df62d6b0,LNH,7510203,7510203,X26
21b46ef9-6ce2-4c07-a599-aee463ed12fa,LNH,7510203,7510203,X56
95cc5a01-a6b9-4c05-9b28-9535656b94d6,LNH,7510205,7510205,C01
df568f48-6c73-4543-accf-5de13c440e96,LNH,7510205,7510205,C02
59f076d9-eebe-4df0-84cd-b4afe8b0c3b5,LNH,7510205,7510205,X02
c28e4d03-f1e8-4cd4-bd6d-5fd8309423e4,LNH,7510205,7510205,X03
f473191a-1f71-48d2-8cb0-8eae12993ca5,LNH,7510205,7510205,X06
46b66d6f-2935-4bbd-ae85-c7f388d001d8,LNH,7510205,7510205,X26
c9be7eda-ca97-4d31-bdf0-7b358425b79d,LNH,7510205,7510205,X57
a534ec5f-c21a-4a30-b0c4-6579a7006da4,LNH,7510605,7510605,A01
319f48c1-fb18-4678-a621-a6e8a4de4c0c,LNH,7510605,7510605,C00
77a40979-a89d-46ca-b4f1-dfa4e08c6c68,LNH,7510605,7510605,D14
da7a6cf9-0c99-4fa9-a9d7-f026a119b2a6,LNH,7510605,7510605,D15
9cc835dc-94d6-4b11-8642-6449f9ffa80b,LNH,7510605,7510605,X01
97afc2a4-e1cb-4cca-acf3-75038dd36404,LNH,7510605,7510605,X26
557914e9-ca0f-482b-9c63-334d547899f0,LNH,7510605,7510605,X70
1a963773-88fa-4440-a774-57b94f22d6e5,LNH,7510605,7510605,X74
1a2405f7-7904-4a14-ba26-75aca5482d41,LNH,7510605,7510605,X78
d7d7d10e-fb2f-465b-8088-45546467612a,LNH,7520103,7520103,C01
ed98d6ee-5890-43b9-ab70-4bd44210175a,LNH,7520103,7520103,C02
f2852fe7-d014-42a2-9141-0b3e0325802b,LNH,7520103,7520103,X02
64b62ae2-794a-47ad-bca0-12c781d3a904,LNH,7520103,7520103,X03
87c445d7-fc47-4720-93b5-ea3594d82fec,LNH,7520103,7520103,X06
6ba2459b-edb1-4e7d-b1e8-a1a322bf63a0,LNH,7520103,7520103,X26
dcbbb051-fff7-4bf8-bc46-c47f6689476a,LNH,7520103,7520103,X56
8f83e1a5-a1f7-4a29-bbe0-6eb88d507220,LNH,7520118,7520118,A00
92b4ffe3-bb49-40aa-8ea0-ec81cda6e1b6,LNH,7520118,7520118,A01
d1e27862-0742-4763-a814-550448525352,LNH,7520118,7520118,C01
00c2b759-b80d-46d1-bbce-e4a59f11a251,LNH,7520118,7520118,C02
f67e6b54-308d-4e96-b9c4-90b3d753bd7d,LNH,7520118,7520118,D01
647fd840-3207-4b4b-aaba-0f2bc3e9e33f,LNH,7520118,7520118,X02
a03e2c65-39ff-4a8d-9a8d-10d7642dbf8a,LNH,7520118,7520118,X03
5dd43d7e-1823-436b-aa23-b5fa1172173a,LNH,7520118,7520118,X06
dfb66611-427b-40cf-a9cb-e9027d3d1403,LNH,7520118,7520118,X26
5fe35f27-81a7-4968-957a-5e2455277619,LNH,7520118,7520118,X56
666b9808-c1d5-4575-ae06-4ecf978e4f55,LNH,7549001,7549001,B00
d3f927aa-69ed-4bc9-bae7-ff544b058fce,LNH,7549001,7549001,C01
64dec0d1-da07-4944-90f1-7b7eec37d391,LNH,7549001,7549001,C02
a64830f3-f572-41cc-88d3-d56e098536c2,LNH,7549001,7549001,C03
d3152bff-c6e0-4485-9409-7a63ef9a023a,LNH,7549001,7549001,X01
5db517fc-ffca-431a-8897-1651e1503a25,LNH,7549001,7549001,X03
e7e581b2-1fd8-4078-8f89-51e80cf2e2e9,LNH,7549001,7549001,X07
91007c26-2631-45a3-bab4-728fbaa1c1b3,LNH,7549001,7549001,X27
b4af1382-edf6-498e-a29a-124802de0d62,LNH,7580102,7580102,C04
5e91aa51-ebba-401c-98e9-10111b9415f9,LNH,7580102,7580102,H00
d4012785-dad3-46a0-a6a4-16344a9c1359,LNH,7580102,7580102,X01
1fa793ed-3b20-4bc0-b01e-a663127d0534,LNH,7580102,7580102,X02
6b317fd9-5120-4cfd-8e07-2d6035ed37a3,LNH,7580102,7580102,X03
36a66deb-3b7a-473b-8690-33e5240588ba,LNH,7580102,7580102,X07
63ec6c39-fe51-42f8-b3eb-c3c42835106e,LNH,7580102,7580102,X57
0d7bc623-6efe-42a4-81f9-38e01185039d,LNH,7580102,7580102,X71
e4b1025b-f9cc-4b91-a4cc-33d6a83577e2,LNH,7580102,7580102,Y09
8432e3a6-a9b3-49eb-b736-980f53fd97d8,LNH,7580108,7580108,A01
50fccff3-8bac-49f2-8520-4746215bc7c4,LNH,7580108,7580108,C00
36dd3b9a-56ce-4f76-88ce-561163a4f80a,LNH,7580108,7580108,C03
db44001c-addc-450e-b8f2-10bf5b954b15,LNH,7580108,7580108,D14
2484f97d-8577-42a0-9658-cdf86eee3fcb,LNH,7580108,7580108,V01
1dd66ebf-e1b2-46f2-a7f1-64c0244ff4c3,LNH,7580108,7580108,X01
1d8160ab-7926-4481-b28d-b16476a79de3,LNH,7580108,7580108,X03
277b8d8e-4710-41b7-9fa5-953fa6b55044,LNH,7580108,7580108,X07
a5a86418-99c6-4428-8510-0f45ad07cdcb,LNH,7580201,7580201,C01
0a19b699-d417-4ef0-835f-12a52ff38e33,LNH,7580201,7580201,C02
01acfe06-f3cf-44c9-a67c-868eacae00c0,LNH,7580201,7580201,X02
57f09eec-00f0-466c-b2e1-0e7e3fc8fea8,LNH,7580201,7580201,X03
5c026665-b814-4baf-970d-88eea1fcb31e,LNH,7580201,7580201,X06
668cddbc-f6d8-49e8-9cbc-eb08ea7c2633,LNH,7580201,7580201,X26
22d4ac2e-4dce-4027-9d1d-dcec9209578d,LNH,7580201,7580201,X56
3bb3894f-56a8-4abe-915b-6a29399237ad,LNH,7620105,7620105,B03
0b2308e1-23ef-483a-add3-2646f15c35f4,LNH,7620105,7620105,C02
a44edf0f-c30e-4f06-8222-8ca03975f29b,LNH,7620105,7620105,D10
036495c2-3971-4eca-a34b-10002ccb3a85,LNH,7620105,7620105,X02
e844adde-95e7-4af6-9586-b8b02f3f3352,LNH,7620105,7620105,X04
db0d42d8-9518-4bdf-8feb-59384c4d0b8f,LNH,7620110,7620110,B02
668eaaf0-ffde-4777-a4ea-908cf4659f30,LNH,7620110,7620110,C03
9286ec72-91a9-4b31-b75c-9b1d1c5efb19,LNH,7620110,7620110,C04
64375465-503d-48c6-8822-daa65cdd089f,LNH,7620110,7620110,D07
8c25a928-4860-4214-86e7-c56e6f7819bf,LNH,7620110,7620110,X12
95d6c0e4-d660-46da-9725-233090e1e543,LNH,7620110,7620110,X16
d6dbe84e-36ae-40b4-88e3-11d008c625c5,LNH,7620205,7620205,A01
59ae0640-56c2-463e-9589-a2479c5973c2,LNH,7620205,7620205,B03
f65a3d34-bf21-4b77-bb4f-1ea09d34c416,LNH,7620205,7620205,C02
a49c0298-c2d1-491e-a468-e2e5f5022d7d,LNH,7620205,7620205,C04
2018723e-7e7d-403e-a598-d0a3fa8c3cea,LNH,7620205,7620205,X02
c7e46c9b-6ac8-457a-9828-321d623de441,LNH,7620205,7620205,X04
b5a62d18-c808-482d-b484-2d50e9bd857f,LNH,7620205,7620205,X12
8e216519-5791-4d4f-b8da-fd7b7865ef66,LNH,7620205,7620205,X26
3eaa45f5-d267-448c-a380-30628d32a130,LNH,7620210,7620210,A01
d8932aa7-afe5-4973-ae02-99f438427c33,LNH,7620210,7620210,B00
ad19b7f5-1a46-459b-8d35-102a7f496b08,LNH,7620210,7620210,C00
a2889931-db85-4d8f-8c51-be584a541d0c,LNH,7620210,7620210,C02
08531005-ec55-4f92-9c77-3bcb41c5e98d,LNH,7620210,7620210,X02
963f5dcc-31ff-42c5-b46f-02e58ec1bf49,LNH,7620210,7620210,X04
c6103f25-679f-4446-86f1-c841010f9998,LNH,7620210,7620210,X06
7e7c0a73-e3e5-49f7-a3d4-82e3c51fc1c4,LNH,7620210,7620210,X12
d1b107ea-d983-48fd-9ebd-0b0d434bc448,LNH,7620210,7620210,X26
604cd674-5087-4a74-85ff-9b27bcec0e78,LNH,7620210,7620210,X74
7b13280a-655a-41b9-b484-177d2034833f,LNH,7620211,7620211,A07
a8e66265-c0c9-4368-a936-509816b5b4e3,LNH,7620211,7620211,B03
aa3367c1-ef50-49f8-a1ce-4b0605828eca,LNH,7620211,7620211,C01
bc630e8d-ce4f-4be7-af67-468a34aaa625,LNH,7620211,7620211,C02
5373414a-df1f-4f30-bef9-d92f80122737,LNH,7620211,7620211,C03
7039c120-a74e-4bf4-a94c-eb2846bdd622,LNH,7620211,7620211,C04
da932dec-313b-4c43-942a-978eb99caf87,LNH,7620211,7620211,X01
97f0beca-189b-4e3d-ad80-014e409f3216,LNH,7620211,7620211,X02
66720b76-1d0d-44a2-8ccc-5ce7b68041e1,LNH,7620211,7620211,X04
e7960f1c-4f6d-471e-ae80-144fc6b6d248,LNH,7640101,7640101,B03
df44cc2e-e6ee-42b3-99e3-a6547b073b12,LNH,7640101,7640101,C02
aada2659-eba5-4d76-b78c-b99ad76b6928,LNH,7640101,7640101,D01
fdd81d22-3b2a-49f6-9b98-88a576a8b498,LNH,7640101,7640101,D10
49f785c1-41ea-44ef-b2f4-23f79152ad32,LNH,7640101,7640101,X02
c5bc2c1b-93c1-4539-a009-3c79a19665b1,LNH,7640101,7640101,X04
16d94a29-e27f-460a-b125-9a95123c0173,LNH,7760101,7760101,A01
ba3af78c-26e9-4d77-9f39-1e6372cadf92,LNH,7760101,7760101,D14
234c1f3d-9542-451e-86f6-a8a05df5db92,LNH,7760101,7760101,D15
d7bbbd8c-379e-4188-9279-a65cdc972bfa,LNH,7760101,7760101,X01
30c49468-fb52-4be7-a4dc-14dc1286752e,LNH,7760101,7760101,X26
53d7965e-23d8-4310-8bff-d93709ecec31,LNH,7760101,7760101,X70
94143595-7f17-40c6-8a93-7d8b5e813df5,LNH,7760101,7760101,X74
0b79a9d8-4e50-4696-8d42-d26a30a0c9b4,LNH,7760101,7760101,X78
b1425cab-d6f1-4cda-b704-5edf319e3ac2,LNH,7810103,7810103,A01
81773340-41ec-48ca-b7bf-e59a1065894c,LNH,7810103,7810103,D14
1607fe15-e78b-495b-99d2-e96a61c769e6,LNH,7810103,7810103,D15
89e8f76f-1d0a-42f2-bde0-23d220bbbf0b,LNH,7810103,7810103,X01
3dd05c18-fe6e-4ab4-a4c2-78503cf9eead,LNH,7810103,7810103,X26
b0eee80e-a482-4745-b545-d903ce5f829c,LNH,7810103,7810103,X70
ec7a5887-95d4-4b78-b978-4250218a913d,LNH,7810103,7810103,X74
8025f899-95d7-4157-9c2b-548f20becdbc,LNH,7810103,7810103,X78
2d6ac45f-8cd8-4155-83a9-5560a4331d45,LNH,7850101,7850101,A07
c651340e-56d9-4782-a95c-883d166f0f21,LNH,7850101,7850101,B03
a7026bcb-9082-413c-98e2-ab2d4f7bf83a,LNH,7850101,7850101,C01
1c79b8af-3618-4b32-a294-21b1ba0777f1,LNH,7850101,7850101,C02
884d3514-9c17-478b-a8db-14bd4ec62cce,LNH,7850101,7850101,C03
b089f597-1180-4390-b1d2-057fc180964b,LNH,7850101,7850101,C04
5744e6dd-c06b-434f-a314-b7bcfc559f73,LNH,7850101,7850101,X01
ccc5ea96-3929-43fa-9b01-d8c767910222,LNH,7850101,7850101,X02
e775fc0b-7dd2-4495-98a2-e87e7a2dd2fd,LNH,7850101,7850101,X04
d3d2620d-90dd-421e-97ac-9c0c8b744eba,LNH,7850103,7850103,C04
96b91373-fa6a-4fc3-97a4-3db2067ef5ac,LNH,7850103,7850103,D14
d4ef9cc2-f6a2-44ac-a28b-5c9d78168a3a,LNH,7850103,7850103,D15
4dc1d96f-6d3d-4858-91ab-ed78e61bfd6f,LNH,7850103,7850103,X01
93f32e4d-177c-4764-be1f-461a303dd9ae,LNH,7850103,7850103,X02
0d99d848-1410-4351-9e92-38d81e2ff098,LNH,7850103,7850103,X04
6a1d6f63-9fa3-494b-9da8-6d4514013482,LNH,7850103,7850103,X26
7af2ba62-ad3c-49d7-978e-dde955b1bcd8,LNH,7850103,7850103,X74
f5414eea-6184-401b-8d8d-dc2a5690f4d8,LNH,7850103,7850103,X78
9218da04-07a5-4ea6-98ea-d70a2725c1f8,LNH,7850104,7850104,A07
f30341cb-f8b1-449a-96ca-a27990d2982b,LNH,7850104,7850104,B03
e501f4bc-1d12-400f-870e-f0605247268d,LNH,7850104,7850104,C01
e9f37e4b-8af3-4063-b46d-c47c0943e178,LNH,7850104,7850104,C02
1e2fcafa-b9f3-498c-90c1-ca93d3df51e5,LNH,7850104,7850104,C03
9f3bade1-6320-4411-97b0-fe2f4505c700,LNH,7850104,7850104,C04
ee97da84-4b1c-4ec4-81b2-c0e4f226aa0b,LNH,7850104,7850104,X01
2dfc9c94-14c8-4f92-9905-a88e80d33b6e,LNH,7850104,7850104,X02
5ef8c810-7a52-4c89-b3db-7bfcccee0d64,LNH,7850104,7850104,X04
47971282-03bf-4abc-a694-9a0a5b65b45a,LNH,7850106,7850106,A07
ad74f6bc-de9f-4f80-aa9f-b9d340838e5d,LNH,7850106,7850106,B03
dfd50ab2-b06d-4f6e-ae24-00d6e2113e7e,LNH,7850106,7850106,C01
f09ed178-f4e4-414f-b338-637e2ec2e051,LNH,7850106,7850106,C02
a1158c49-c9ba-4ee2-8df7-8f62cc0e7540,LNH,7850106,7850106,C03
26a844da-85b2-4e00-97cc-44977d51b328,LNH,7850106,7850106,C04
0ee150b6-11bd-4920-81b1-a2558675466f,LNH,7850106,7850106,X01
0474de5e-543c-4dec-af33-f2d0a0331a7d,LNH,7850106,7850106,X02
f944feb9-91db-414a-9b2d-33200c734d4e,LNH,7850106,7850106,X04
d0a837ab-0334-4b18-a544-15521f638589,LNH,7520118,7520118,A16
600c9b83-6e7c-4b3c-b150-baa533e32270,LNH,7580302,7580302,A00
c5183507-3e20-47d6-ad70-4e2657b09e73,LNH,7580302,7580302,A01
cbde0fc8-e549-454d-8a94-51964b51da88,LNH,7580302,7580302,A16
594d7a64-2e98-4fa9-a0e0-d17dd9e369a6,LNH,7580302,7580302,D01
c1fe7c30-e2d2-48cb-8097-ac94c23bc02c,LNH,7510205,7510205,X56
b2c517bf-034d-42dd-bcfc-f2d0b1e4fddf,LNH,7310101,7310101,Q00
d4a10320-19a4-4b2f-bbbd-653c6b8459ab,LNH,7340101,7340101,Q00
0662d3b0-8429-418b-8df0-e5363d944941,LNH,7340116,7340116,Q00
2ca1111c-7e20-48fc-9bae-fa205d4ee60d,LNH,7340201,7340201,Q00
64635d56-9a3d-43f2-a1e6-06f570ba664b,LNH,7340301,7340301,Q00
3e416edb-edd9-4d2f-b945-004c6b2c05a5,LNH,7420201,7420201,Q00
75659c68-f4ed-43e5-ae02-25ddbae00468,LNH,7480104,7480104,Q00
0f5d9637-2e03-45e0-a1da-4be7c347078c,LNH,7510203,7510203,Q00
b1436f1c-53b6-4f0f-8a15-92c92877afd5,LNH,7510205,7510205,Q00
df422096-8665-4d76-8a59-d58894da6868,LNH,7510605,7510605,Q00
d9324321-5bd6-448d-b069-aa2838daf7cb,LNH,7520103,7520103,Q00
7cba10d2-1bf8-4837-8598-0adc836c98e1,LNH,7520118,7520118,Q00
92b2f483-a213-4f68-980c-46215ebf9474,LNH,7549001,7549001,Q00
6759132e-878d-4a46-acb5-bd5735f3ebb7,LNH,7580102,7580102,Q00
f0e94e21-4e68-459d-9584-ffe5028c31a8,LNH,7580108,7580108,Q00
e6c92a90-7f55-4177-9bb6-27db523cd65d,LNH,7580201,7580201,Q00
46f18218-18d9-4749-85ff-c164f0ddeb8d,LNH,7620105,7620105,Q00
48bc9600-1c7e-4109-8a6e-0f8ceb792bf9,LNH,7620110,7620110,Q00
4a2c642c-52f7-43e8-9523-2cada5a6703e,LNH,7620205,7620205,Q00
0d9ec35c-a107-4595-b0d2-094a68ac1fbc,LNH,7620210,7620210,Q00
c059949c-39aa-4918-8c7d-a701adeb72ec,LNH,7620211,7620211,Q00
4f6779be-7182-4168-8b61-bab5d1ff3a0b,LNH,7640101,7640101,Q00
3a95896f-90f5-47b2-9457-229d7d165c56,LNH,7760101,7760101,Q00
eb4e159f-ca42-4db8-a625-be12e1ad8c63,LNH,7810103,7810103,Q00
2927794b-f212-499c-9229-7ae1e7ad1f8b,LNH,7850101,7850101,Q00
ab7f7efb-aa7b-42e2-89e1-c19dc2b3e9f9,LNH,7850103,7850103,Q00
d68a41a6-e2dc-4bae-b432-93ffffcfa728,LNH,7850104,7850104,Q00
048f7d06-2f42-41e9-94dc-2ca03c8aefa3,LNH,7850106,7850106,Q00
462c51a1-3382-4c54-a8fc-1652120eb93b,LNH,7310101,7310101,K00
8adbc055-95e1-4dca-976b-2065f6497c87,LNH,7340101,7340101,K00
5ca8d114-d0f5-4607-a885-8dbd10790195,LNH,7340116,7340116,K00
54967c1a-02fe-436b-ad30-d3d6d212bd9d,LNH,7340201,7340201,K00
50465658-86ef-417b-b8ff-4cffc42bbb55,LNH,7340301,7340301,K00
f48456c2-c7ee-40e0-9f41-1082b63464d1,LNH,7420201,7420201,K00
b9916107-417a-4e23-85b4-d42b8ed795bb,LNH,7480104,7480104,K00
21327399-f158-4cdf-8d0c-5195fc8ad6ff,LNH,7510203,7510203,K00
255ad3a9-0a2d-4e54-b7a5-4fdeedce86ba,LNH,7510205,7510205,K00
ecdd1d0c-f57b-4c53-a897-fc64be4accfd,LNH,7510605,7510605,K00
de2f04c7-5bb7-42d2-9193-063b220bd016,LNH,7520103,7520103,K00
fbf1fbfe-eeb5-466b-b5b4-80f3f90a9224,LNH,7520118,7520118,K00
554cafe6-8034-4279-9ee7-554c3258c70a,LNH,7549001,7549001,K00
ee8bdeba-3879-4166-8362-723a981f0a94,LNH,7580102,7580102,K00
50169bb8-2fb0-4457-956a-429ea081f857,LNH,7580108,7580108,K00
27b1edac-0597-4e1b-9485-9f82a811f35f,LNH,7580201,7580201,K00
1e5fe29f-2f0d-4b0c-9dd7-8c350b3f0544,LNH,7620105,7620105,K00
07ecbcb3-a3da-4c66-9879-e747af5b60cd,LNH,7620110,7620110,K00
4dcc0d37-b606-4d0a-b026-f78d8c1dd51d,LNH,7620205,7620205,K00
10f0e46e-7d14-4ac1-812c-a79b0341f888,LNH,7620210,7620210,K00
545e6e11-6ff4-43f5-a73b-5ec46ee03617,LNH,7620211,7620211,K00
5d55b176-42e2-4623-979d-393c4a19cb11,LNH,7640101,7640101,K00
ec73ae6d-cb14-43ea-8753-0fedbbcfeb8b,LNH,7760101,7760101,K00
b83c04c6-fcc5-4481-8bc6-972fddcf72c6,LNH,7810103,7810103,K00
5a8d9ada-f5bf-40ca-b6a7-8ad3460fe0df,LNH,7850101,7850101,K00
9e7f4b5f-95c2-4c56-b915-8da53b6cc119,LNH,7850103,7850103,K00
d3fbeada-888c-4e06-b9f3-584090b06dcf,LNH,7850104,7850104,K00
5426085f-fafa-4f2c-8d2b-e17b4881f983,LNH,7850106,7850106,K00
9fb4e882-844d-4286-8947-00e6f01019ed,MTH,7210101,7210101,H00
789ba222-33b8-4b5e-a756-7e106f7ed9ee,MTH,7210103,7210103,H00
fb3fe6e9-ce8d-4a3b-9644-7053f38cd5be,MTH,7210104,7210104,H00
133155d7-2983-4dbe-b10f-2d4a009ec303,MTH,7210105,7210105,H00
42ec3c21-ce4e-43de-a6ea-d72e2d4f8c09,MTH,7210403,7210403,H00
3e8b2db9-6deb-470c-9fde-07f5a4ed4018,NTU,7210403,7210403,C01
05c4245b-31ea-481d-87fb-4ca738389b8f,NTU,7210403,7210403,C03
c1549acb-6874-4446-bcff-27dd02f72791,NTU,7210403,7210403,C04
3dcb8374-9a8b-46d8-bb81-a8f5c4b04248,NTU,7220209,7220209,C00
10bed15b-66d4-4eff-a7b1-f95783e1eac6,NTU,7220209,7220209,C03
fa94e289-0e21-44b3-b77e-506b19b90655,NTU,7220209,7220209,C04
ef4fac74-2a1b-4b58-80b8-9b5e260d49fd,NTU,7220209,7220209,D01
0edc5c17-fbbb-436b-ad92-03165b4136a6,NTU,7220209,7220209,D14
b830a76e-b198-4296-9bff-5db802acbfb2,NTU,7220209,7220209,D15
09837018-a46d-426f-99f5-c9e95aaec958,NTU,7220209,7220209,D63
3ac6d49a-b073-4b32-a64e-c34e81343625,NTU,7220209,7220209,D66
718d2856-79ae-4fb4-aa5e-4a80472ff7fd,NTU,7220209,7220209,X78
550176dd-ee85-4064-8d52-2a26b837530c,NTU,7320108,7320108,C00
9454892f-7229-47dc-bd6b-876912eccbb7,NTU,7320108,7320108,C01
5095dd04-74f4-4486-9a7d-d6585d27e249,NTU,7320108,7320108,C03
9cae76b5-9951-4ded-8252-4818787aa010,NTU,7320108,7320108,C04
2bbe4148-acdc-45db-b505-94e805a5a334,NTU,7320108,7320108,C14
f41f57ba-447f-4c9f-a4d7-2c8f66b7c6e2,NTU,7320108,7320108,C19
27ebe0ef-ba91-4de9-a660-5e3d09881875,NTU,7320108,7320108,C20
d1320637-7da8-4a9c-b89e-afa8ee7850ca,NTU,7320108,7320108,D01
7270c6cd-c622-4437-aa98-1ec59da6c9e0,NTU,7320108,7320108,D15
818751ff-9c06-47be-b5c5-3d196afecbf4,NTU,7320108,7320108,X70
d59eda0a-df68-4047-b5fd-2734c080f050,NTU,7320108,7320108,X74
ca0a1cd1-7eca-402f-82b0-899d880366f8,NTU,7340101,7340101,A00
c5fb8954-2ee5-41e8-9609-a0eaa3fee686,NTU,7340101,7340101,A01
9adc362a-2ef3-4871-b936-1752b0e29d7e,NTU,7340101,7340101,C01
c7da7bff-62e7-4144-93dc-e8d11cf91f2d,NTU,7340101,7340101,D01
a944e316-3727-44f6-ab01-f2ae1da36cef,NTU,7340101,7340101,X02
ef8a3d5a-2cb4-416a-a556-69d5c9c8326b,NTU,7340101,7340101,X06
bc1b70d3-0f75-4632-82a4-13fa2999f19e,NTU,7340101,7340101,X26
1c875ba4-eb00-4ced-922c-af2ab46c625a,NTU,7340101,7340101,X27
a9c64dc7-78a3-4bae-8a03-be9a8b12659e,NTU,7340101,7340101,X56
f15501c3-d38b-4311-a2b6-83bdb391ee39,NTU,7340201,7340201,A00
3a138c1f-56e1-4f8d-b44f-c079b2787a3e,NTU,7340201,7340201,A01
f3c0f7ce-94e2-4096-808d-e6936b285b88,NTU,7340201,7340201,C01
2f69a4db-a5a4-4bac-bfe3-0872260177c3,NTU,7340201,7340201,D01
cc1dd4f2-f305-4dbb-9734-ca97efc76535,NTU,7340201,7340201,X02
df8e9d55-497f-4580-b17e-134ddabeb498,NTU,7340201,7340201,X06
95c7629a-c775-432f-ad73-518456c67487,NTU,7340201,7340201,X26
290bfaf1-bf0e-445d-97bc-2af82270aa53,NTU,7340201,7340201,X27
1a9cfc12-7626-46c2-a7e6-56d9f799b741,NTU,7340201,7340201,X56
e5d93447-680d-4c73-91ea-8d044983e326,NTU,7340301,7340301,A00
ba0f3774-6037-4fd1-b634-bd650439c5bc,NTU,7340301,7340301,A01
54bafac6-b0e4-48b0-9c61-ac32ec584dc0,NTU,7340301,7340301,C01
96d40a17-31ca-45b5-88cd-63f7f4a8c689,NTU,7340301,7340301,C04
3bb7ec04-ad4a-4033-bb26-2f7fedb6a1bf,NTU,7340301,7340301,D01
60fdeec9-e324-4050-9dda-298c07d80f39,NTU,7340301,7340301,D07
7e3c8a4d-58fe-490c-8967-70e008b23c41,NTU,7340301,7340301,D10
9d47f981-5e8f-4c66-8f45-807b692e6a24,NTU,7340301,7340301,X25
59e59e0a-0493-4270-965b-e54e77e64662,NTU,7340301,7340301,X26
02f353f1-d897-4ccc-bf1f-83c26412c0b9,NTU,7480201,7480201,A00
8fb7933c-ce87-4616-ad18-e8ad4cc76c5a,NTU,7480201,7480201,A01
8541cc75-030a-4d3e-902c-fcf1b0778e5f,NTU,7480201,7480201,C01
87d4fca1-7ead-4ad3-8e6e-1e981c528065,NTU,7480201,7480201,D01
bcf49a25-c055-443a-835e-17b5e6a2a3bb,NTU,7480201,7480201,X02
e856c743-cc93-433b-a527-17b7112e73d3,NTU,7480201,7480201,X06
0d3abed4-a909-4d4d-a452-b5a3c348bc74,NTU,7480201,7480201,X26
893884bb-00e9-4588-a73b-6f63c90d3295,NTU,7480201,7480201,X27
c13a1705-7eaf-4b75-8804-4407f8661c2f,NTU,7480201,7480201,X56
4f6c62c0-5dcc-4ffd-9caf-f2975fb5c736,NTU,7510102,7510102,A00
9ccde3af-483c-4556-8fa9-6f4544382120,NTU,7510102,7510102,A07
efd0563e-d9aa-4097-bf38-0231f5026790,NTU,7510102,7510102,C01
127a3d65-c376-4cd7-8d78-6fb4d4c7bc7c,NTU,7510102,7510102,C04
07b99176-e6fa-470b-9d40-9765df8f2903,NTU,7520320,7520320,B00
f64c5497-e8d6-4a6c-93bb-395ac42b65b2,NTU,7520320,7520320,B01
d467e9cc-61bf-47a8-be25-08d41c7fb60d,NTU,7520320,7520320,B02
13421df2-e03e-47f8-b4d2-834e71da0d60,NTU,7520320,7520320,B03
4fa73c0f-9e90-4a85-ba35-6845ca1cd371,NTU,7580101,7580101,A00
b965a745-71aa-4a07-9c51-1fc72e7ef329,NTU,7580101,7580101,A07
70d11a27-5381-45d9-9142-d231d246b034,NTU,7580101,7580101,C01
863e01e8-3f14-4235-8f85-8dfc252aa741,NTU,7580101,7580101,C03
a70f301f-deb5-45de-b0a0-ac81d075fd2f,NTU,7580101,7580101,C04
3cc1d4a0-28b9-4311-9f0b-f61951f97e7f,NTU,7580108,7580108,A00
518c65c7-c1f6-4e65-87a0-0e140d8caa0e,NTU,7580108,7580108,A07
4d62fd60-80b5-4c2e-9857-7b4fbb0a726e,NTU,7580108,7580108,C01
f3e03341-5499-4d8d-8757-e87def9a14e6,NTU,7580108,7580108,C03
873908cb-60a9-4421-aa01-ba95459cd25a,NTU,7580108,7580108,C04
f7b0f7fd-ebf6-45a3-8e11-354b900913dd,NTU,7310601,7310601,C00
706b3306-1f8a-43c6-8cae-0bb664666817,NTU,7310601,7310601,C03
49498a57-62f9-4677-8e4d-9fb2a49e1b9b,NTU,7310601,7310601,C04
d42a1903-e090-4378-b7c6-aa2291da5b2e,NTU,7310601,7310601,D01
1cdcc4d2-f4dd-4e91-abc2-07e40c12c1d1,NTU,7310601,7310601,D14
7e233ef3-e9f2-4460-9eca-005dd236abfd,NTU,7310601,7310601,D15
b62536dd-0e94-4397-aa59-29e741f359b6,NTU,7310601,7310601,D63
ebc71079-26fc-4d52-a2e7-f8fb73429305,NTU,7310601,7310601,D66
a4550a8e-84db-41f7-84f5-7d9b8166473e,NTU,7310601,7310601,X78
cd7aac2f-0619-4949-86a3-f2005d136f94,NTU,7220210,7220210,C00
379e745c-a3c6-4ba2-b6e3-3e95a2c14863,NTU,7220210,7220210,C03
95bc4744-235a-4245-958d-b717b635d0e1,NTU,7220210,7220210,C04
f1b14baa-0357-4236-afb8-95de0b29ef0f,NTU,7220210,7220210,D01
ebce80ba-57a9-4751-a49b-bb63fe0358eb,NTU,7220210,7220210,D14
3cfbb8d1-743b-4377-a9cc-c4ee44c8e877,NTU,7220210,7220210,D15
87d28764-2e19-43d9-9c6f-4c9460c0e172,NTU,7220210,7220210,D63
be945596-3d2b-4dfc-ae3d-f3a12dc6b9ca,NTU,7220210,7220210,D66
b8503887-85b1-416b-9879-d901ed283d06,NTU,7220210,7220210,X78
f0cfbbcf-1461-4011-a367-097a54bea944,SKD,7210226B,7210226B,S00
f758f83d-6796-4a50-ae16-38567ae2ad78,SKD,7210226C,7210226C,S00
3740186d-9e64-4b88-a4fa-f2107d24ecaf,SKD,7210226E,7210226E,S00
da0f4e39-ca32-4960-9631-5d9adeac8335,SKD,7210227A,7210227A,S00
316ffb01-94b1-400c-8822-d0af41f77cc2,SKD,7210227B,7210227B,S00
6a754cd2-e406-49df-943b-89beee971fd8,SKD,7210233A,7210233A,S00
05eeb46b-9750-4f8e-85e5-80087d7d29c1,SKD,7210233B,7210233B,S00
5137b6ba-3767-4d7e-ba76-29f645826d92,SKD,7210234,7210234,S00
5424f8fd-8920-44d2-a5b7-b2cab5128f83,SKD,7210234A,7210234A,S00
cd7ecea2-842b-4bfa-aca7-45b3424eaacf,SKD,7210235A,7210235A,S00
33a9f31a-60d2-4d38-90ce-4649a8d91d49,SKD,7210235B,7210235B,S00
80e1691a-8aa3-4065-86ff-6f84f074e73b,SKD,7210235C,7210235C,S00
afe74a55-83f3-4a1a-bbd3-114b1fb944e4,SKD,7210236A,7210236A,S00
d5320fa8-7431-4c61-80b8-cc0d8b2ae3cc,SKD,7210236B,7210236B,S00
9a3ff763-bb3b-4a64-ad1f-991fd17eaba4,SKD,7210243,7210243,S00
2e376ec6-4eb8-4d71-982d-5695fca43072,SKD,7210243A,7210243A,S00
995ddcce-4703-4b55-a55f-7ea8e14bb921,SKD,7210244,7210244,S00
6fdc5c17-2107-40f0-babd-06c1e361d1d4,SKD,7210301A,7210301A,S00
08a976e8-2ce6-45a7-b440-46a58b77a193,SKD,7210301B,7210301B,S00
60bbc37e-b372-4d0d-84e1-ebba4c8a2a92,SKD,7210301C,7210301C,S00
a28daec4-f4db-476d-b2f7-bcc57d655215,SKD,7210302A,7210302A,S00
8ca06a8f-4e8c-4d40-a6b8-1b862e1aec4b,SKD,7210302B,7210302B,S00
a05c68d0-41b1-4c4f-82a0-14bbdce931f9,SKD,7210406A,7210406A,S00
9ba85521-fb7d-4bb8-9739-77d9a3159b3c,SKD,7210406C,7210406C,S00
f5786659-df54-4426-bc43-5e297f0a8576,SKD,7210406D,7210406D,S00
e354a8bc-542c-4518-82b1-2c365e911662,SKD,7210406E,7210406E,S00
0cee2548-5cb0-4394-afc1-194a53d52414,SKD,7210406F,7210406F,S00
2aa4fb34-c950-4674-a807-9c7ffae55a20,DPD,7220201,7220201,D01
b67a09f3-ef2d-4c4f-9b5f-16ef85cfebf4,DPD,7220204,7220204,D01
d5cb1a81-7e8c-4dd8-8dd0-5f396faf0c6b,DPD,7220204,7220204,D04
6e110bf8-2106-4a8d-bfd5-cd2800a4c84f,DPD,7220209,7220209,D01
3959267a-bb22-4bae-bb07-bd9cfdee7671,DPD,7220209,7220209,D06
9d3f9b4c-8c50-4a7e-8dda-eebffeb90b50,DPD,7320104,7320104,A01
7b4310e3-bb7b-486c-9071-9644ca60ba0c,DPD,7320104,7320104,C03
e88b91c3-f8d9-4957-a2e7-ea7ae8148aa0,DPD,7320104,7320104,D01
ae583fb1-5b69-4b1e-a545-233a849faa43,DPD,7320104,7320104,D09
b78ea159-1f14-43c4-98c1-6fbea93bc0dc,DPD,7340101,7340101,A00
310e8482-f2b2-44fd-bc3c-d170d3e1399f,DPD,7340101,7340101,A01
ee4d24e1-17d9-46e3-9702-4101efa14baa,DPD,7340101,7340101,D01
d7e3ce5f-eef2-4745-baa0-6a8c2e704c79,DPD,7340122,7340122,A00
c57ad4cf-6ae6-42c5-a59c-95a5ed79b9d7,DPD,7340122,7340122,A01
3dff5616-1215-4cb5-b46d-811cf95c2da5,DPD,7340122,7340122,C01
7ad821d0-35c9-42e7-aec0-4e65e6ad2726,DPD,7340122,7340122,D01
da79b98e-da60-46bd-82e2-24b9ad9e439c,DPD,7340201,7340201,A00
c10937c2-cc86-49fa-9254-c65c09cfcf44,DPD,7340201,7340201,A01
08c32a4a-8819-4202-847c-69c10807dd48,DPD,7340201,7340201,D01
b711d075-2940-4d19-b26b-24b293a42797,DPD,7340301,7340301,A00
a21b950d-5377-4002-b3fd-b6ae48d66f21,DPD,7340301,7340301,A01
f579a8c1-12e3-49e8-8f77-01b00d66c59d,DPD,7340301,7340301,D01
375d3c2c-a429-4378-9b57-cb23adff0f4a,DPD,7340406,7340406,A00
4e92bba4-ed06-44b1-b02b-d16952378f94,DPD,7340406,7340406,A01
31ec2bef-9ebb-448d-9b65-98dcbd4e5855,DPD,7340406,7340406,C00
f9445d9d-ab18-4368-ae94-a91160e81fff,DPD,7340406,7340406,D01
46fad15e-a111-4616-8a9a-ea1fb3d164de,DPD,7420201,7420201,A00
8f77efff-af92-4a07-ad3d-eb45d797f0a0,DPD,7420201,7420201,B00
210a47ac-5e02-4abe-bd16-9c3dc43e42e9,DPD,7420201,7420201,B08
e5cc6347-1e3a-4785-b9cc-efcad3075236,DPD,7420201,7420201,D07
ab40b4de-1dab-44ed-ba6e-a4de4fa7b8b6,DPD,7480201,7480201,A00
036cbae3-61d7-4d06-b1e8-8298ac64cf5f,DPD,7480201,7480201,A01
61c6b471-7c10-448d-a82a-9a455d921d94,DPD,7480201,7480201,C01
1953fdc2-a02e-4037-b7e8-77061cad170c,DPD,7480201,7480201,D01
83ae8206-3657-4cc8-b180-3df842ec7a45,DPD,7510301,7510301,A00
0a7ae27d-6b4a-4611-81f8-d38927d0bac9,DPD,7510301,7510301,A01
def409ff-28ad-4c5e-b18c-3b214ee8249a,DPD,7510301,7510301,C01
a749a0d9-7471-469e-93b4-c5354f3402b9,DPD,7510301,7510301,D01
bf8f74c9-5774-474e-a502-27698de63ddd,DPD,7580101,7580101,H01
ec1aa433-514d-40e3-9e9c-d310f0e2895d,DPD,7580101,7580101,V00
7df88506-65cc-4cc8-8cf0-f3ff17a10423,DPD,7580101,7580101,V01
1997386f-9256-4bda-b07e-eaba782e3467,DPD,7580101,7580101,V02
0ddfee59-93c7-437b-847f-a8016a1095a9,DPD,7580201,7580201,A00
015cd79e-f636-44d7-8d42-9fd5aa4d304f,DPD,7580201,7580201,A01
e9d0b016-b323-4150-8987-567f82685299,DPD,7580201,7580201,C01
ef908c23-b17a-4ea0-8485-9731f8a5658b,DPD,7580201,7580201,D01
67a263b9-4a72-473a-b1ee-8fd987921b60,DPD,7580301,7580301,A00
9264b393-6e85-47b3-a768-c3a04ad0bb34,DPD,7580301,7580301,A01
ff3bee5a-ddf5-41b7-b1f8-e006efe0fe82,DPD,7580301,7580301,C01
70bd3f4c-2064-46f9-b912-c88ee1e74786,DPD,7580301,7580301,D01
846fc6ae-522e-4158-88be-d40358e36170,DPD,7810103,7810103,A00
562c78b8-e522-42af-a0a3-b24acf766624,DPD,7810103,7810103,A01
7885c251-2b84-424e-bfda-4d9d29cee452,DPD,7810103,7810103,C00
ae014be0-5dc6-4df4-98c8-f367d8566eec,DPD,7810103,7810103,D01
649f2cb3-392e-4fc0-b2e3-5c47aaf4ed59,DPD,7510203,7510203,A00
50704d2d-653c-4c82-8bd9-b1b9f7944b52,DPD,7510203,7510203,A01
a1f15a24-652a-4054-abdf-99c2c84595d0,DPD,7510203,7510203,C01
048e2016-9efe-4c4c-8972-fdf37574cfb9,DPD,7510203,7510203,D01
2c195eff-0ab3-412f-a311-57889eb9de3e,DPD,7580101,7580101,H00
40438172-13ed-43b1-8b15-b5c935fcc93e,DPD,7320104,7320104,D14
21bc034b-7d45-4c63-9c05-4de7b67e026c,DPD,7320104,7320104,D15
3d7857c0-375c-4a89-a5b6-74aa802acdd8,DPD,7320104,7320104,X26
c43a4982-1c0d-4b63-ba1f-0f1ed4e212cb,DPD,7340101,7340101,C14
77196b02-0f92-4e49-8139-8d4b90bfc7de,DPD,7340101,7340101,D66
8a24d496-4eec-459a-a7aa-8c46d357e0a9,DPD,7340101,7340101,D84
9c0bdf58-d2d9-4c9c-a55e-efd15ff77040,DPD,7340122,7340122,C14
825d16a6-1bec-44c6-9e0a-9c384d6cc8bd,DPD,7340122,7340122,D66
fdbe97c9-be45-42ce-a9fb-f034ad9c4639,DPD,7340122,7340122,D84
ae2241ed-bce9-4319-918d-7af1bb84a88d,DPD,7340122,7340122,X26
320c6d14-4387-4cb5-aa49-43e1d7018d39,DPD,7340122,7340122,X27
696358c1-14df-42fe-9b8d-5031d822436a,DPD,7340201,7340201,C14
44c2c1d2-0c96-4ddf-becf-e1acedeb199b,DPD,7340201,7340201,D66
4e0ef9eb-99f4-434e-9de9-3ca4cd1b49f5,DPD,7340201,7340201,D84
a8bafbec-0108-4245-8465-fa52c888dcac,DPD,7340301,7340301,C14
a8c87ed3-2a1e-49a8-ba48-aba6ea9b2f28,DPD,7340301,7340301,D66
6665f331-0d9e-4521-8a92-458fe5b1b81c,DPD,7340301,7340301,D84
cd4ef97e-9b10-488b-b0f9-c4662b35c165,DPD,7340406,7340406,C14
dbddd5d6-be52-4bdb-8879-002a3d5f8ca9,DPD,7340406,7340406,C19
5f16d594-1e0f-42c6-9706-92c6cab5eb87,DPD,7340406,7340406,C20
3c084c00-7d2a-40b5-9d5c-2630d3b30ad9,DPD,7340406,7340406,D14
3e0b43d9-af76-4acb-b295-467c7499cd25,DPD,7340406,7340406,D66
2025b816-5f6b-404b-a80f-1e4bdd78e304,DPD,7480201,7480201,D07
9815f6b6-4f05-4747-a954-485f4e3b82a1,DPD,7480201,7480201,D84
a8d3e3b3-dd52-43f9-8e93-dc612f84e515,DPD,7480201,7480201,X06
f7d8c199-6a4d-49e7-8687-4dab90b57917,DPD,7480201,7480201,X26
edb1f8d4-6671-4a07-918c-0892e262ad9a,DPD,7480201,7480201,X27
d3d9376d-969d-4990-8d96-fdc4a716b02e,DPD,7510203,7510203,X06
4d17fb37-5f65-4188-a21f-49a806a5135c,DPD,7510203,7510203,X07
86098945-f87e-4f91-b1ff-6591681bab01,DPD,7510301,7510301,X06
68b2abdf-6c81-489d-bb6a-31cac039a730,DPD,7510301,7510301,X07
86506ff7-e38f-4caf-95ed-5d88fb1f5160,DPD,7580201,7580201,X06
d0a293d7-1836-4928-97b1-03b8d4ea1cc4,DPD,7580201,7580201,X07
a1d5addd-471f-46aa-b35a-02a63bd40124,DPD,7580301,7580301,C14
31e3fa2f-a791-475e-9c05-b9a31107025c,DPD,7580301,7580301,D66
4637bc74-4705-444a-8d8a-59d5bb8ce581,DPD,7580301,7580301,D84
2684f74c-ef36-4122-9a3b-ecba3a47e533,DPD,7810103,7810103,C19
2920b26a-47f7-4697-a5b9-ef99953beca0,DPD,7810103,7810103,C20
c06d462f-ba0f-4524-a1bc-5a6b4bd4d777,DPD,7810103,7810103,D15
85da75ff-0969-465b-8ee5-6e32b9766fa6,DPD,7810103,7810103,D66
6b695771-4b08-4c65-9aa2-15982820653b,DPD,7220201,7220201,D04
7a3a4664-e4fa-4fcb-a056-a89ed6257f9a,DPD,7220204,7220204,D06
2b3c084b-15ca-4d25-b931-0ce84ad33dd3,DPD,7220209,7220209,A00
f3c27a8f-1f7f-4cb9-a9ae-9e0a02c8d3ab,DPD,7220209,7220209,A01
1b423688-8326-474d-839d-fa37333f0898,DPD,7220209,7220209,C00
b9c6da58-5ceb-4614-8523-761304514e1d,DPD,7580101,7580101,D01
0aef8826-8a0a-4262-8d39-dafd43acfff3,DPD,7580301,7580301,H00
514c6074-d31f-4ff2-972d-c9df8448bd17,DPD,7580301,7580301,V00
95c71c94-c114-472c-bffd-858c6e4afd99,DPD,7580301,7580301,V01
8763f2ca-cdd4-424b-84a9-41e38142a067,DPD,7580301,7580301,V02
7a01b274-6a3b-431c-ae4c-a076c85dd8e4,DPD,7810103,7810103,C03
79ea4457-ecee-4b28-9147-8b1ffde6aeaa,DPD,7810103,7810103,D09
2f97fe2a-c99f-4b47-8469-2cc557ca9c09,GNT,7140221,7140221,N00
17a2b4e2-4f92-49ab-90bb-a262d6e1efd9,GNT,7140222,7140222,H00
6850870e-01f4-4385-9731-24c10260fefe,GNT,7210103,7210103,H00
f33e03ff-2a33-4a75-bfd6-d7eab45b827a,GNT,7210205,7210205,N00
c8fed5e5-7df3-4585-a957-ad46cc4c89fb,GNT,7210208,7210208,N00
a1586bd3-c012-4c63-bfd3-473328df770e,GNT,7210234,7210234,S00
b826f12b-a0f1-409a-9df2-a7b772667c8e,GNT,7210403,7210403,H00
947037e0-8860-4222-bc50-0eac9316ce10,GNT,7210404,7210404,H00
adfa5537-5eeb-4b00-9fed-222664725ab4,GNT,7229042,7229042,H00
8df4b348-2660-4ac5-95fa-b336a92d24e4,GNT,7229042,7229042,N00
58cbe87c-236e-4909-9273-519781426068,GNT,7229042,7229042,R00
e3a8cccf-fe0e-4926-ac49-46246d0ffcea,GNT,7229042,7229042,C00
316c123e-ef60-4ca2-b1da-866ca6d2d04c,GNT,7540204,7540204,H00
c7de34d5-7102-4f1b-9440-bcab7c6738b3,GNT,7540204,7540204,A01
92009309-d587-40e2-9a39-9ee478c4a66e,GNT,7540204,7540204,D01
c791af94-4a6e-417c-8861-4000a39015c5,GNT,7760101,7760101,C00
557ed285-2ae7-427f-9879-03f922e8ad3f,GNT,7760101,7760101,C03
39604f56-3077-43ce-b6ad-ed5a69f49fb3,GNT,7760101,7760101,C04
520477ea-967b-424f-bab0-b5b042ead5f2,GNT,7760101,7760101,D01
6d600743-178e-447c-999d-155e61d8d614,GNT,7810101,7810101,C00
961e0732-046e-4a4c-a572-6e3bb98d04b9,GNT,7810101,7810101,C03
5d8e524f-0327-481d-8ae9-ec06b48fd541,GNT,7810101,7810101,C04
fd0fc775-9448-4788-81b3-740733183f59,GNT,7810101,7810101,D01
8727feef-e034-4c69-b8a9-554cbd24299b,GNT,7540204,7540204,A00
a147a887-8081-4849-86c2-5dc8af034c96,GNT,7760101,7760101,D00
a4a44342-1892-4c66-a35e-3c2d2e43a2d7,GNT,7810101,7810101,D00
68894342-d49e-4a5e-b87c-db61eb54748e,TDH,7140206,7140206,T00
dacd3904-16eb-40b3-8198-99b5f7ddcfbe,TDH,7140206,7140206,T02
b54752d0-a2b9-4978-8e73-93e6347b36ee,TDH,7140206,7140206,T05
591e960c-5b63-45c2-8a54-b79cabb9ac77,TDH,7140206,7140206,T08
7da09662-eb72-4e82-b43c-ae1922a04d55,TDH,7810302,7810302,T00
40241c20-ddcf-4685-9e85-d752aeadf0e9,TDH,7810302,7810302,T02
f3644dfc-983b-4b56-bfeb-b13bb5693351,TDH,7810302,7810302,T05
b111212f-582c-42bf-bde6-d5e1989c044b,TDH,7810302,7810302,T08
5ac0ea47-457b-4269-9a5e-18cfb6d644a2,TDH,7140206,7140206,T09
cc5acc33-0668-41e8-9e57-3faf89f6792a,TDH,7140206,7140206,T10
9891ab1b-48db-4651-acea-86f538aaa92c,TDH,7810302,7810302,T09
bb641854-c3cc-48fe-91e2-6b566213cdb9,TDH,7810302,7810302,T10
3928f584-a573-4e97-94a1-fe970fe519fb,DCQ,7220201,7220201,D01
3191ea51-35e1-49e9-8fea-025dc2e91765,DCQ,7220201,7220201,D07
80c46223-f7ec-47e3-b47a-04c529adf3b7,DCQ,7220201,7220201,D11
def633c2-4cd1-45ba-803d-15bc231f81fd,DCQ,7220201,7220201,D14
dbc08d84-75df-4218-83bd-0a4c6a98d8f8,DCQ,7220202,7220202,D01
78ef7ada-20d2-4aec-b5bf-72ad4e153c75,DCQ,7220202,7220202,D07
9d066a48-af40-406a-ae10-3a0382bc5eef,DCQ,7220202,7220202,D11
619522a8-fe32-4c8a-8143-8af6106a5079,DCQ,7220202,7220202,D14
e71118f4-ad0e-4e4e-a3b4-e93f5c9dcfc2,DCQ,7220204,7220204,D01
c64042dc-e5c5-4020-a9f5-d3df8e4101fd,DCQ,7220204,7220204,D07
48a58139-f23c-4298-8272-601db6dff611,DCQ,7220204,7220204,D11
b807c842-fb8c-41d1-98a1-10482e751e92,DCQ,7220204,7220204,D14
413cf2b3-59e9-4541-8dc6-15228a440884,DCQ,7310205,7310205,A00
fc681a65-c82f-46b7-ac8b-1b03da9f2cda,DCQ,7310205,7310205,D01
0530f9c4-250d-4d1b-a082-c82f06fd59d1,DCQ,7310205,7310205,D11
599567c7-90c7-4b91-85c7-8bc9909c436b,DCQ,7310205,7310205,D14
2d06f659-625f-4229-8d97-f6bb33d1a549,DCQ,7340101,7340101,A00
7d9d7146-fc67-4f7c-adbc-5f8361efd23e,DCQ,7340101,7340101,A01
c6f99c32-9b3c-4c32-9b55-9e913bb901dc,DCQ,7340101,7340101,D01
b27e615b-fd74-46c0-a9cd-32779e279d81,DCQ,7340101,7340101,D07
19e0511f-3de7-481c-94ec-e4af468ee9b7,DCQ,7340116,7340116,A00
53d84ef6-8bb7-4a8a-8acd-845584654270,DCQ,7340116,7340116,A01
e26bc688-77f5-46ed-ba7d-a39d74955aaf,DCQ,7340116,7340116,C00
d8d25880-85be-4555-925d-a0cc2e9e7446,DCQ,7340116,7340116,D01
dd5c4496-d9c7-43da-968a-4dda36ac8d78,DCQ,7340201,7340201,A00
c9337602-d1a0-4eba-88ec-d0d0dc7dc7c0,DCQ,7340201,7340201,A01
ce9b8bba-3967-4649-a1fd-5e6f3e05648d,DCQ,7340201,7340201,D01
6a3e5c75-7a48-4069-a8c8-2f7105beb06e,DCQ,7340201,7340201,D07
7d00942a-abf9-4649-814d-23a982bdd9c5,DCQ,7340301,7340301,A00
6ab29280-8dcd-4974-849d-2e2f2e4a0d7a,DCQ,7340301,7340301,A01
db722d12-5aa4-4dd7-a135-5d9b63e037a1,DCQ,7340301,7340301,D01
9187f1f0-146c-4e9e-b221-58513b64f336,DCQ,7340301,7340301,D07
30bcb13d-4063-45d7-8a76-df4ccca487da,DCQ,7380107,7380107,A00
fdf177f9-dcfc-4d52-9a27-e463026d65be,DCQ,7380107,7380107,A01
dfbdd8c3-1165-4c1d-906b-a99cd7c4541e,DCQ,7380107,7380107,C00
8116ea91-934e-4e9a-b8dd-6cf4eeea814b,DCQ,7380107,7380107,D01
96159877-2819-405e-97bb-144cc5fbf9c2,DCQ,7480103,7480103,A00
49a76771-c827-40ae-8921-c974c65f1dc1,DCQ,7480103,7480103,A01
49ef4c37-856e-470d-850c-25ce7abcfe68,DCQ,7480103,7480103,D01
ce1a9a78-4241-4e23-af13-70dab1149423,DCQ,7480103,7480103,D07
778217d6-472b-4b7b-800a-e08841a62db5,DCQ,7480201,7480201,A00
ad23a6cd-6fac-4b90-87b3-5bc0b3b76ea4,DCQ,7480201,7480201,A01
9f59cca5-93a4-4baf-8351-750591c8d189,DCQ,7480201,7480201,D01
c2071d0f-1b78-4f69-ba5f-2d5c02027b8c,DCQ,7480201,7480201,D07
7c39cf61-d8da-491e-820a-4626b83c88b6,DCQ,7510205,7510205,A00
c27791dc-b610-4b86-8889-f30d059ca166,DCQ,7510205,7510205,A01
5ebf1fcc-0139-42de-918b-dcd5bed533f6,DCQ,7510205,7510205,D01
41bdc634-957f-4642-b7ff-98898a9d87c4,DCQ,7510205,7510205,D07
b65a0d07-5376-4879-a9f9-35ea83e2496c,DCQ,7510605,7510605,A00
0d1bb092-4885-4245-b6f1-b20c8f1f8f12,DCQ,7510605,7510605,A01
9b406617-71e9-4b9e-b977-3215f76cb58b,DCQ,7510605,7510605,C00
bda77d6e-d0c5-4ee2-acce-b0aa22238f20,DCQ,7510605,7510605,D01
bb082481-6f35-4647-9f64-cce11e1e3d6f,DCQ,7810103,7810103,A00
8bf99c9f-9e24-41c8-8552-c402fd4dd2fb,DCQ,7810103,7810103,A01
e092d351-bfab-4dc7-b0d3-3ceb1a500daf,DCQ,7810103,7810103,C00
19c1609f-7a56-4521-beb4-3b8245e97daf,DCQ,7810103,7810103,D01
2ce0fee7-56c7-4a7f-8d2f-10144e889512,DCQ,7310106,7310106,A00
68bb370a-4d91-4906-880b-28c230a17143,DCQ,7310106,7310106,A01
b73f60fa-5480-4860-b7a8-3fb1fd29062b,DCQ,7310106,7310106,D01
23008cba-ccc5-49b2-9898-0905487cbf93,DCQ,7310106,7310106,D07
21808d40-6c77-46b8-817c-17e4c2b4c505,DCQ,7310205,7310205,C00
1440594a-1bc4-49cf-b792-94e5b90d5a99,DCQ,7340202,7340202,A00
acde883d-ab21-49af-9160-17718d941507,DCQ,7340202,7340202,A01
6338a35f-e8db-45e1-b063-d49105492060,DCQ,7340202,7340202,D01
3e600afc-7940-4d2d-be32-28dd6c2de322,DCQ,7340202,7340202,D07
20dcd797-f4f3-4457-a712-87e45884cdc7,DCQ,7310106,7310106,C00
2a7c6804-d3f7-464c-a649-efb29a704bb1,DCQ,7510605,7510605,D07
8e261eb3-abde-4300-9401-7931903a9438,DCQ,7220201,7220201,D10
463d30a7-ecc4-4d82-ac87-ca1069b3738a,DCQ,7220201,7220201,D15
59fcc7c3-36d9-4618-93d0-3e2d1323774a,DCQ,7220204,7220204,D10
04b3241e-d0ed-493d-b94f-051a04892539,DCQ,7220204,7220204,D15
b222de56-aaa1-402e-b235-972b1becaee8,DCQ,7310205,7310205,D15
db4c94eb-5d2a-4213-8d6f-87d7740ed166,DCQ,7340205,7340205,A00
e1727e25-c0bb-4e36-abd5-7ba33b6ab8e1,DCQ,7340205,7340205,A01
d4e47134-3ccd-4d45-8094-b438e8bbe8d4,DCQ,7340205,7340205,D01
7eb5a9fa-d924-4042-b5a1-be9d4ba2d9ae,DCQ,7340205,7340205,D07
de7d1b6f-0cad-43b6-8e90-b11b4dd7d6a7,DCQ,7380107,7380107,D14
469c1a0c-edaf-4e3f-b3a3-84a41a226e6c,DCQ,7810103,7810103,D14
68237d6e-2247-4a5e-a46e-57569e65b693,DCQ,7810103,7810103,D15
54286ad0-801d-4ee0-8f1e-923697fee063,DCQ,7310106,7310106,X02
8bb96b60-46b3-4712-895e-0a4201bb5b82,DCQ,7310106,7310106,X25
4699fa1b-467e-4873-8f57-9a46dfd0d69e,DCQ,7340101,7340101,X02
c8c1dd7f-e109-458e-af57-d11c709a87c1,DCQ,7340101,7340101,X25
127bc8e8-ee8c-42fb-888a-b7a8d04e55d2,DCQ,7340101,7340101,X53
020333e7-3eac-489f-93c9-8d5961273b29,DCQ,7340115,7340115,D01
437db9a8-56fa-40e1-bddd-a4f3eee383dc,DCQ,7340115,7340115,X02
1391e6c5-128b-4595-9007-8d9bba94ce7c,DCQ,7340115,7340115,X25
89efee1c-f476-48e5-bd1b-bb62d9f684f9,DCQ,7340115,7340115,X53
a359f255-d558-42ec-a19d-ffc4988c9978,DCQ,7340116,7340116,X02
b668b390-7964-4699-b849-340829720dca,DCQ,7340116,7340116,X25
6939f722-6401-4905-a182-17fc518daec2,DCQ,7340201,7340201,X02
aa622274-4028-4c6b-a433-6b406e19f670,DCQ,7340201,7340201,X25
85260cda-c8eb-4221-8f39-d80f890d7feb,DCQ,7340201,7340201,X53
8b08b72a-2e9b-43e9-94a5-e90982372713,DCQ,7340205,7340205,X02
db85a134-41ea-4a9e-89bd-c8748347df05,DCQ,7340205,7340205,X25
44cc05c0-3388-4444-93a7-313d33294bbc,DCQ,7340205,7340205,X53
e73a0408-2a51-4b47-a296-9f840368565e,DCQ,7340301,7340301,X02
3b3da0ac-32de-48e4-a281-e5d2890ffd7a,DCQ,7340301,7340301,X25
d1584507-513a-44c4-8521-4bf885cccd77,DCQ,7340301,7340301,X53
923588c3-017a-4179-bb36-11580a96710f,DCQ,7380101,7380101,C00
ef1cbade-97ec-4786-89e7-0d25cba5b33f,DCQ,7380101,7380101,D01
fb24875c-a879-4aef-ab5a-040748896893,DCQ,7380101,7380101,D14
a13f977e-72d0-4a8a-8675-f3d3c7ce0aa4,DCQ,7380101,7380101,X25
21d133c8-949a-4eab-9756-e1957d691d00,DCQ,7380107,7380107,X25
ae5406cc-a34a-415c-a62e-f84a88436132,DCQ,7480103,7480103,X02
d246f562-6df2-4fc3-b527-0cb7fff76f56,DCQ,7480103,7480103,X18
d99636f1-6752-4d5b-82c6-674fde07ed22,DCQ,7480103,7480103,X26
d8934e49-b8e1-47ed-96c5-0fbe8a95d2cd,DCQ,7480201,7480201,X02
014330b3-5a86-4bd8-8c25-a059d57ed21a,DCQ,7480201,7480201,X18
1d6726eb-7c27-40b6-a360-6cbfc877b17a,DCQ,7480201,7480201,X26
6382bbcc-3baf-439a-8679-23bdc981c917,DCQ,7510205,7510205,X04
7211dfda-6b3a-4418-8b0f-7632ac165c91,DCQ,7510205,7510205,X07
a972935f-742c-473b-908d-821bc2ed329c,DCQ,7510605,7510605,X22
d431a536-4887-426f-8b24-c2fe8a37337d,FBU,7220201,7220201,A01
594d84e8-99b3-4d43-b779-32e3cd97a655,FBU,7220201,7220201,D01
4d30bbc1-1b24-49d6-b208-9446f7b3bed8,FBU,7220201,7220201,D10
510445b5-c57e-4788-b032-ce630b10a0f6,FBU,7220201,7220201,X25
f7dcb671-5b1c-4335-bee2-637e129400cc,FBU,7340101,7340101,A00
5eb77d5f-8e3f-47f8-9e2b-162fda75dc7f,FBU,7340101,7340101,A01
0d8d98aa-a8a0-4fb8-8774-9e2b4c87d6cb,FBU,7340101,7340101,C04
c364429d-12ba-4bc8-adb6-26478216cd63,FBU,7340101,7340101,D01
44d9c4b3-7b4b-4e5d-b579-724215c38c0c,FBU,7340101,7340101,X01
958687f8-249a-492d-84a1-7d53cf916106,FBU,7340101,7340101,X02
1d6c7aee-30ae-432f-b7e0-ce4923d48b37,FBU,7340121,7340121,A00
f0176114-21eb-48cd-af3c-ce35aea092f9,FBU,7340121,7340121,A01
fbb03661-3494-43d6-8732-9bd5ba9ddd62,FBU,7340121,7340121,C04
a9424433-4072-45ad-a8a0-256a94026fe3,FBU,7340121,7340121,D01
26c233c9-1112-42b2-9b56-f28d611094b2,FBU,7340121,7340121,X01
4486680c-4c43-4d33-b3da-a6401166f2a5,FBU,7340121,7340121,X02
1bd8c2c5-09ec-482c-9d1c-b1e436647832,FBU,7340201,7340201,A00
fe0fe618-f81a-4fbd-89c8-e4dfb7aacb2e,FBU,7340201,7340201,A01
41693da2-d44c-4545-a668-9991284debb2,FBU,7340201,7340201,C04
698b9fb3-9528-4bd5-88af-4040fe23da05,FBU,7340201,7340201,D01
fb55f212-0f26-4092-8875-3d17dbe974cb,FBU,7340201,7340201,X01
897d4298-c548-4f7f-b1a3-57fc4ebd7dbb,FBU,7340201,7340201,X02
fc19b501-8fe6-414d-a72a-2270002032f3,FBU,7340301,7340301,A00
096866f5-9b08-42c0-96b8-d7797c1df911,FBU,7340301,7340301,A01
e8e8777a-369d-46ec-b041-f414ef7177fb,FBU,7340301,7340301,C04
61fb5a20-bfa8-4a71-ab20-562e779bd4b4,FBU,7340301,7340301,D01
c05bc908-abd2-4643-861d-9085acc50f74,FBU,7340301,7340301,X01
ede21831-407c-4806-aa9e-13a50af4bec3,FBU,7340301,7340301,X02
6f8d70fc-d441-48eb-a221-f5403c0d3db8,FBU,7340302,7340302,A00
4a7b7a40-3172-4841-920e-2d9000e8d58e,FBU,7340302,7340302,A01
afe4bd14-a100-413a-b8d9-408c303a904a,FBU,7340302,7340302,C04
be3d7cbe-8f58-46e2-bde7-cc3712d760b8,FBU,7340302,7340302,D01
11ce22e5-6bc9-435b-bc3d-e2c337cd26bc,FBU,7340302,7340302,X01
88df9954-da0f-4e3c-8cc8-60040b5fe1bf,FBU,7340302,7340302,X02
675d15a5-7498-4f04-8256-f1ded1b43f34,FBU,7380107,7380107,A00
b38f0538-d87c-454a-9f74-16b1d2868fae,FBU,7380107,7380107,A01
3e703ced-635e-4f27-afef-a2a36bc1dbf9,FBU,7380107,7380107,C04
ca2d49fc-1081-4d98-935f-b76b7c301e33,FBU,7380107,7380107,D01
f0d954c1-a49f-4910-ac4f-1c61db1a0302,FBU,7380107,7380107,X01
49cd2832-5ccb-4bb1-bcc5-f937422bd423,FBU,7380107,7380107,X02
36d8a000-27ad-43a7-b38c-10bfedf90e0f,FBU,7480201,7480201,A00
25b9156a-d346-4042-bd9e-b0a852140d49,FBU,7480201,7480201,A01
6c4b189e-8fa5-45a4-8498-9f2ce35de9ee,FBU,7480201,7480201,C04
8dd83d8c-ba8b-4c9a-b148-e9711bc38dd6,FBU,7480201,7480201,D01
4356027c-ea1d-4ecb-b9d5-c74fd0415b32,FBU,7480201,7480201,X01
39dbab70-4b74-46d9-97ff-4a7f71b6bd40,FBU,7480201,7480201,X02
1081604e-a009-4708-8542-dc3761ad819f,FBU,7220204,7220204,A01
79c44181-11e7-437d-a37b-72efd6410edc,FBU,7220204,7220204,C00
3d25dffa-17cf-48be-afeb-b75e0ffed462,FBU,7220204,7220204,C04
9f97d6e9-f772-41c5-aa95-02bd0cc38dd9,FBU,7220204,7220204,D01
fe9ecb8b-a0a9-4eb8-9966-fe5318973fe9,FBU,7220204,7220204,D04
743560aa-b0a3-4248-97de-78cd4f337396,FBU,7220204,7220204,D10
f684ee0d-f45f-48e5-b1cc-c3a7708ad2ac,FBU,7220204,7220204,X25
a0186080-00ee-4312-a51e-2368b5e30c3b,FBU,7340120,7340120,A01
0af010dd-3d9b-47dc-b0db-57c005e2373c,FBU,7340120,7340120,D01
9a68942b-b762-450b-8684-034d738cca00,FBU,7340120,7340120,D07
79d0d7b2-7d13-48e6-a8ae-fdc53eae3de1,FBU,7340120,7340120,D09
4a19a433-8b3c-42a0-ac2b-aa59756c7be3,FBU,7340120,7340120,D10
287aa638-b191-42c7-bf72-36e6e399f947,FBU,7340120,7340120,X25
730074d3-97d5-43b4-a289-227fa6f57a23,DDU,7340101,7340101,A00
09e106a6-151e-4b47-9855-edb83843c64c,DDU,7340101,7340101,A01
a5b56991-68ed-4ae7-a008-1da4b6ca37bf,DDU,7340101,7340101,B00
b851c45e-a7f2-48a6-9be6-b4c79972429f,DDU,7340101,7340101,D01
030698b6-55ab-49ea-a6b4-79541da3b68e,DDU,7380107,7380107,A00
0d0eb136-8a14-49c0-ae6f-7fb5a4a92f5f,DDU,7380107,7380107,A01
39ac91d6-d978-4f86-9bb5-a5edd788bb31,DDU,7380107,7380107,C00
7a858829-b698-47fc-bad5-0fde50d983ad,DDU,7380107,7380107,D01
d3204fea-52c6-4915-8a5c-74a542ac85cb,DDU,7580201,7580201,A00
852d1e76-24bc-4d07-ab43-225ddfc296da,DDU,7580201,7580201,A01
b2bb4338-c5a1-43cd-a126-4d06bfead2f5,DDU,7580201,7580201,B00
beb384d6-80a9-4a23-9135-c723fd499cbf,DDU,7580201,7580201,D01
d4a2c5df-e301-414a-990d-1dbe904561e4,DDU,7640101,7640101,A00
3d09e2e6-95a0-404e-9269-0a2b5a4c3870,DDU,7640101,7640101,A01
3cbe7044-ff89-42ca-be16-a85aea101422,DDU,7640101,7640101,B00
b2fef6e2-fe09-4cec-8f7f-0c48cdd87aa5,DDU,7640101,7640101,D01
a6508f07-07c4-4894-86b2-b63a3188c782,DDU,7720201,7720201,A00
9d990e37-138e-49e1-8513-b6e200a91e7b,DDU,7720201,7720201,A02
a594cbb8-d596-4190-8126-d5d69a1cda62,DDU,7720201,7720201,B00
f221e457-6a53-40d5-af2b-6ef3f46a5abe,DDU,7720201,7720201,D07
36a3e4be-47f4-47c7-8ad0-b06ae7d91a7f,DDU,7220204,7220204,A01
d3db04ee-8755-4799-8565-5e25c15aca5b,DDU,7220204,7220204,D01
6a51a402-e8d8-4a64-8ce2-24b1fea1b2f1,DDU,7220204,7220204,D04
166bc1ed-7b3e-4920-b32a-241fe54f0680,DDU,7220204,7220204,D20
a9c76abb-cc50-4078-a903-61ebebb2cacb,DDU,7240301,7240301,A00
70f95f6e-d8cb-4797-a2e2-0962bb9060e0,DDU,7240301,7240301,A01
57651528-0a7a-4f4a-b929-0b665440fbc0,DDU,7240301,7240301,B00
fee79734-6238-4a8d-932e-4f2d92d299d5,DDU,7240301,7240301,D01
13a768dc-d8e6-4c86-812b-7e79273c2490,DDU,7310205,7310205,A00
fddd4f54-ed44-4511-b1fc-4016cbc4eaa2,DDU,7310205,7310205,A01
93251e7a-a425-497a-8269-7ed3be4b195d,DDU,7310205,7310205,C00
76ac3527-09b3-40ce-b7a9-5331c0deef04,DDU,7310205,7310205,D01
93cbf919-265a-4992-871a-b47a474af19e,DDU,7340122,7340122,A00
8482775e-f327-4db3-91d9-5ab72b3d6069,DDU,7340122,7340122,A01
e2d1dadf-16e2-4407-ad62-51286d2db321,DDU,7340122,7340122,D01
658fdd3b-f8c9-40cf-bb14-edb6bec511c8,DDU,7340122,7340122,D07
8d820ffe-285f-4851-85d2-5dad773c1afd,DDU,7340201,7340201,A00
b0e03ffc-62a7-48a6-b0cd-1b24a534b018,DDU,7340201,7340201,A01
822abb66-545a-428d-99a7-12d5fc1d51e4,DDU,7340201,7340201,B00
b773cbee-1a97-4d12-9821-a45f1dc20689,DDU,7340201,7340201,D01
23767730-53b1-4824-a656-bfb4b2a311ca,DDU,7480201,7480201,A00
d2d09671-83e9-4dbb-8dbb-5cbb66649958,DDU,7480201,7480201,A01
1038bff1-f99b-45f5-a1ee-47bcf6af62cd,DDU,7480201,7480201,A02
63a433cd-d68f-4789-9021-e455779aaa9a,DDU,7480201,7480201,D01
1fdfa614-aab2-4da3-a285-06d67cf58caa,DDU,7510205,7510205,A00
d68c9369-4a8b-4103-976d-fad770425106,DDU,7510205,7510205,A01
80decb7d-234b-4216-8b63-4dc8629698eb,DDU,7510205,7510205,B00
5cbbc720-ba03-4ba6-a40f-bf113e19d19d,DDU,7510205,7510205,D07
8f2aab3d-2d6b-4108-852f-6703337aa7f9,DDU,7510406,7510406,A00
66e35c57-32fa-4b14-9dce-83f853deaeeb,DDU,7510406,7510406,A01
88f487b4-6ec1-43c8-a4d5-864884239701,DDU,7510406,7510406,D01
0e3b2b9c-2f44-47fd-b236-cf479493650f,DDU,7510406,7510406,D07
e5f12a49-ce4f-4809-bb44-a8657167c210,DDU,7580101,7580101,A00
ded82ca3-df88-45dd-b0e3-19a213038c03,DDU,7720601,7720601,A00
95c8e6a6-158d-4e8c-82fa-0dc122efdf72,DDU,7720601,7720601,A02
68765b66-5666-4dc3-be6b-db1fe5c4b8d9,DDU,7720601,7720601,B00
389c012a-9b71-41eb-bb0c-307b1bb824cb,DDU,7720601,7720601,D07
a31a61bd-31f4-44a0-b21b-0f11209b443c,DDU,7220204,7220204,A00
10a2d45d-bef7-4b1e-aadf-791565633f16,DDU,7220209,7220209,A01
638dee0d-f83c-4124-b887-4030f371085d,DDU,7220209,7220209,C00
134d7bc9-cf5d-4290-a368-e21a557c3d37,DDU,7220209,7220209,D01
6e80c5f1-ff73-4660-8922-0a95168bb029,DDU,7220209,7220209,D14
316cfa9c-3687-46ff-b365-282df14c2ba9,DDU,7510406,7510406,B00
e994ef02-057c-49f7-b05d-33b7dc37511d,DDU,7580101,7580101,H00
b124bc63-572d-43ec-8813-652d560cc621,DDU,7580101,7580101,V00
742652d8-6076-40d4-b6d4-37ab55f90e5d,DDU,7580101,7580101,V01
c6600552-7c7b-41b3-945a-48caf70443de,DDU,7580101,7580101,V02
bef4f215-49cb-43ea-a39b-4ddee179d675,DDU,7720201,7720201,A01
d15dc23c-ea9b-4009-9117-987b23ef8232,DDU,7720201,7720201,B08
36a7b1a0-eb0d-450d-9fab-7e5643fd37c9,DDU,7220204,7220204,C00
bd39ac35-3934-4f78-b2ab-3c0a5b0c51a2,DDU,7220209,7220209,A00
1abc95d8-1584-4853-bab9-fc83058b4bca,DDU,7220209,7220209,D04
1d8e9b4f-6941-4c0f-b829-da122ab4e696,DDU,7220210,7220210,A00
42efe644-3aec-4d5f-bca1-488720ba39b1,DDU,7220210,7220210,C00
aa604192-22c5-4258-ab6f-e9bd5a6c2e4f,DDU,7220210,7220210,D01
d5cfe994-bf7a-4eae-8297-3eff7f1dfd92,DDU,7310205,7310205,B00
e7edb6a9-9089-4fb7-8d25-f364d913dd18,DDU,7340301,7340301,A00
7d103cc5-1690-43e6-a2bf-ecff7bf0ec95,DDU,7340301,7340301,A01
d3259aba-7cae-432f-a6e4-965a60fcbaef,DDU,7340301,7340301,B00
9700275b-08a9-4169-ac73-2731f5d63a09,DDU,7340301,7340301,D01
146a3bb8-c059-4933-9c07-6092ed98d986,DDU,7580101,7580101,H01
feff6927-e054-4939-bf97-2493a72e4243,DDU,7580101,7580101,H04
11580640-86bf-4a16-9b00-c0afb7aef886,DDU,7720301,7720301,A00
b1160355-aa11-4075-97af-18be748f4eed,DDU,7720301,7720301,A01
5db6645c-6ed2-48b3-b982-f329ba659b32,DDU,7720301,7720301,B00
5b127fb5-bfce-4bd2-8ff0-b5a531b23d53,DDU,7720301,7720301,B08
d5f00c01-d801-440a-bc81-629ba4366206,DDU,7220204,7220204,D14
44a521e3-a0f3-4ed5-a7ca-120c6820bf57,DDU,7220204,7220204,X70
6eb8be53-7fa7-4328-91eb-b2652f89877b,DDU,7220209,7220209,D06
7c870fc3-43f5-4297-8c19-449870254a8f,DDU,7220209,7220209,X70
62a669e1-c126-4611-8449-4fdc0c386025,DDU,7220210,7220210,A01
5415a4c6-480d-4a29-883b-a9ddaa0a8688,DDU,7220210,7220210,D14
1b3ade4f-39b4-4834-999b-1368c1b9e2f0,DDU,7220210,7220210,X70
299c6adf-f788-4224-9597-4e5d42d0b87c,DDU,7310205,7310205,X01
5e453f3e-d531-4d94-b8fa-2b56dbe3403a,DDU,7310205,7310205,X70
5d4b2870-1fc6-44f9-8ae2-c3cca232e1eb,DDU,7340101,7340101,C00
4ca4389e-a325-4d8c-b1bb-b0327e6b6de3,DDU,7340101,7340101,X01
426f2925-9ee8-48df-a363-a2b10c6c59dd,DDU,7340101,7340101,X21
3e236900-b7d4-4436-8b9f-dbfc0f3c30c4,DDU,7340122,7340122,C00
dd0399f2-05b1-47fd-b714-110bb5c6cd12,DDU,7340122,7340122,X01
8a2555ac-6d6e-424d-ad41-fe80ba0188f9,DDU,7340122,7340122,X26
ff5f5edc-0d31-41bb-a6d4-43584bbefe7f,DDU,7340201,7340201,C00
f9d26e5d-ed4b-45c7-b073-f842911350e1,DDU,7340201,7340201,X01
a93689ef-c3b6-497d-a3bc-c6f5ee1c8d4c,DDU,7340201,7340201,X21
35ce5860-1e64-4c26-9d38-00dce2d535eb,DDU,7340301,7340301,C00
6fe2aba7-8116-47b6-994a-b51cea62a7fb,DDU,7340301,7340301,X01
bea384cb-72de-4299-ba49-ee806e30bac6,DDU,7340301,7340301,X21
e9bc3292-72dd-4fde-b4eb-cf354dfa6a30,DDU,7380107,7380107,X01
4d6756c7-fa76-4d1b-8a5d-f50f88c20233,DDU,7380107,7380107,X70
950d9085-d21a-4eb4-8681-1c6a976e9581,DDU,7480201,7480201,X02
1661ce04-f2e3-45d8-9954-bdd560d4aa89,DDU,7480201,7480201,X06
a07019c2-1e16-4d0e-ac52-07568e37c80b,DDU,7480201,7480201,X26
08bcd770-eadc-4398-9c86-2b5adf070d4d,DDU,7510205,7510205,D01
8870c760-1089-4259-9ab1-e693eec5179f,DDU,7510205,7510205,X03
15140b62-f1be-49f5-941f-784470e48df5,DDU,7510205,7510205,X07
eb7046bd-a462-4004-b3ca-89695330b1f6,DDU,7510205,7510205,X27
9c75c853-f570-4f42-9aab-935a1e008abd,DDU,7640101,7640101,B08
4656ffad-480b-42e8-b155-5a5420525e8c,DDU,7640101,7640101,X13
272f4c09-e944-4ebc-940a-7cd90fb9f110,DDU,7720201,7720201,X13
9687c376-a13d-4f2c-ab20-d77b45102b0f,DDU,7720301,7720301,D07
0687dd1d-5e73-46ae-ae8c-7e30cdac9f4f,DDU,7720301,7720301,X13
9bcda4aa-4286-4803-bb7c-1d28bad35455,DDU,7720601,7720601,A01
888f20ad-13bf-479f-b94d-c470527e75cd,DDU,7720601,7720601,B08
7846fa8d-2aba-4217-901d-11d2be63831f,DDU,7720601,7720601,X13
