university_program_id,subject_group_code
454bce7c-eaa3-5a0b-97b3-ecaa430083ac,C03
454bce7c-eaa3-5a0b-97b3-ecaa430083ac,D01
454bce7c-eaa3-5a0b-97b3-ecaa430083ac,A00
454bce7c-eaa3-5a0b-97b3-ecaa430083ac,A01
38cbaf5b-00a9-5426-a9fe-e4f636f19cac,A00
38cbaf5b-00a9-5426-a9fe-e4f636f19cac,A01
38cbaf5b-00a9-5426-a9fe-e4f636f19cac,C03
38cbaf5b-00a9-5426-a9fe-e4f636f19cac,D01
8886e94a-9072-5992-8427-916ea25a8146,A00
8886e94a-9072-5992-8427-916ea25a8146,A01
8886e94a-9072-5992-8427-916ea25a8146,C03
8886e94a-9072-5992-8427-916ea25a8146,D01
b156b2dc-7c8d-5292-ac45-7defd6915a21,A00
b156b2dc-7c8d-5292-ac45-7defd6915a21,A01
b156b2dc-7c8d-5292-ac45-7defd6915a21,C03
b156b2dc-7c8d-5292-ac45-7defd6915a21,D01
1a07f67d-d6fa-551f-b6b6-28157d22b88f,A00
1a07f67d-d6fa-551f-b6b6-28157d22b88f,A01
1a07f67d-d6fa-551f-b6b6-28157d22b88f,C03
1a07f67d-d6fa-551f-b6b6-28157d22b88f,D01
ce8c914a-4eb7-5e94-bb21-fbb069d6cd32,A00
ce8c914a-4eb7-5e94-bb21-fbb069d6cd32,A01
ce8c914a-4eb7-5e94-bb21-fbb069d6cd32,C03
ce8c914a-4eb7-5e94-bb21-fbb069d6cd32,D01
394c3268-1d90-5a3a-b765-55148fca8949,A00
394c3268-1d90-5a3a-b765-55148fca8949,A01
394c3268-1d90-5a3a-b765-55148fca8949,C03
394c3268-1d90-5a3a-b765-55148fca8949,D01
f820ab04-3fe9-5039-9b2e-5ebd794ddf37,A00
f820ab04-3fe9-5039-9b2e-5ebd794ddf37,A01
f820ab04-3fe9-5039-9b2e-5ebd794ddf37,C03
f820ab04-3fe9-5039-9b2e-5ebd794ddf37,D01
52bf3df8-8bb7-515a-9486-cf94205515fd,A00
52bf3df8-8bb7-515a-9486-cf94205515fd,A01
52bf3df8-8bb7-515a-9486-cf94205515fd,C03
52bf3df8-8bb7-515a-9486-cf94205515fd,D01
38cbaf5b-00a9-5426-a9fe-e4f636f19cac,X02
38cbaf5b-00a9-5426-a9fe-e4f636f19cac,X03
38cbaf5b-00a9-5426-a9fe-e4f636f19cac,X04
8886e94a-9072-5992-8427-916ea25a8146,X02
8886e94a-9072-5992-8427-916ea25a8146,X03
8886e94a-9072-5992-8427-916ea25a8146,X04
b156b2dc-7c8d-5292-ac45-7defd6915a21,X02
b156b2dc-7c8d-5292-ac45-7defd6915a21,X03
b156b2dc-7c8d-5292-ac45-7defd6915a21,X04
1a07f67d-d6fa-551f-b6b6-28157d22b88f,X02
1a07f67d-d6fa-551f-b6b6-28157d22b88f,X03
1a07f67d-d6fa-551f-b6b6-28157d22b88f,X04
ce8c914a-4eb7-5e94-bb21-fbb069d6cd32,X02
ce8c914a-4eb7-5e94-bb21-fbb069d6cd32,X03
ce8c914a-4eb7-5e94-bb21-fbb069d6cd32,X04
394c3268-1d90-5a3a-b765-55148fca8949,X02
394c3268-1d90-5a3a-b765-55148fca8949,X03
394c3268-1d90-5a3a-b765-55148fca8949,X04
f820ab04-3fe9-5039-9b2e-5ebd794ddf37,X02
f820ab04-3fe9-5039-9b2e-5ebd794ddf37,X03
f820ab04-3fe9-5039-9b2e-5ebd794ddf37,X04
52bf3df8-8bb7-515a-9486-cf94205515fd,X02
52bf3df8-8bb7-515a-9486-cf94205515fd,X03
52bf3df8-8bb7-515a-9486-cf94205515fd,X04
85d281d6-7bb3-5d11-a28c-00a80797d464,C00
b30f0ca2-4eea-5155-9ea5-5f4d95eb90e1,A01
b30f0ca2-4eea-5155-9ea5-5f4d95eb90e1,C00
3b8ca53f-1cf0-5513-8ca2-c01a35be7211,C00
ca618bde-b6cb-55c9-b3a3-45e20798502b,C00
6961339b-e511-5bec-9cdf-2a2531d5e860,A01
831fe59b-4c9b-5698-9ef2-96efa61643ac,A01
b87cd785-1099-5b2e-80f0-008606a44ce7,A01
f4b26d33-aeeb-5134-a978-17dc10ebea68,A01
3efdfddc-7e17-5017-b6e3-0a629583e14a,A01
ff72939e-860d-5b3c-9e53-9ef48baf1f90,C00
33ae586a-e55e-5f76-8a9c-5f5414dfe576,C00
22ca1ed6-1794-5c4d-8bef-c1b28578e6c4,C00
f9363cbc-1c24-593b-8ce0-980b8a837117,C00
ddbd236c-2c17-529c-838f-a9dfee65ae64,C00
e221729f-a825-5db7-8371-8a3a98142f84,C00
605859f4-cbb3-5120-a992-28ec96539deb,C01
605859f4-cbb3-5120-a992-28ec96539deb,D01
e19319e7-ab11-5057-9ebc-8a3087d2835f,C03
0659ab2d-f491-59fe-a4b1-2c3c3351a14e,C01
0659ab2d-f491-59fe-a4b1-2c3c3351a14e,D01
580710ae-ebe6-5710-8a5d-005165c7b473,C03
cf51b43b-3417-5fcd-b32c-3381e1be4d4f,C01
cf51b43b-3417-5fcd-b32c-3381e1be4d4f,D01
241f4e13-252e-5543-bc64-5cffdcdce6ec,C03
597c6301-0973-5a8e-b69d-8da04c25adcf,C01
597c6301-0973-5a8e-b69d-8da04c25adcf,D01
211fd6c3-32d6-5b8d-8be4-173faa0552ee,C01
211fd6c3-32d6-5b8d-8be4-173faa0552ee,D01
3a364dce-324e-51ec-b596-1b57b1c43cd3,C01
3a364dce-324e-51ec-b596-1b57b1c43cd3,D01
e3696e18-4432-5de5-abf3-242dd44c65cb,C01
e3696e18-4432-5de5-abf3-242dd44c65cb,D01
74c9467c-bd1c-572c-a2da-c2cfe7f4d403,C03
d3127809-327e-5f7f-8494-294bc370ce14,C03
f1154186-5738-58c1-a666-5138f7579444,C03
94b8eae3-b5c5-5964-ba08-03d738274ff0,C03
3b8ca53f-1cf0-5513-8ca2-c01a35be7211,Q00
ca618bde-b6cb-55c9-b3a3-45e20798502b,Q00
77a1f7bb-f414-5f2c-9af8-69c2cc897173,Q00
49f24127-097d-592c-8e7c-097dd39c62bc,Q00
0770132f-7ecf-56d4-82fc-bc31baa595cc,Q00
9556961a-3291-58b4-8093-89cacddf6a96,Q00
6de2894c-983d-5646-b5f6-f45944a3652d,Q00
7d12022c-1206-5b0f-bddb-de1fed9d451a,A00
7d12022c-1206-5b0f-bddb-de1fed9d451a,A01
d1ec4afa-3f7e-5997-b1be-f886ac2cb177,B00
eb8599a4-b679-5ad6-a587-cb9677c9b7b5,A00
eb8599a4-b679-5ad6-a587-cb9677c9b7b5,D01
eb8599a4-b679-5ad6-a587-cb9677c9b7b5,A01
eb8599a4-b679-5ad6-a587-cb9677c9b7b5,C03
5d7e674e-108b-5c00-8544-e0f2486f2576,A00
5d7e674e-108b-5c00-8544-e0f2486f2576,A01
6c024fa1-e7ea-584a-a56e-51e7a8cf2426,A00
6c024fa1-e7ea-584a-a56e-51e7a8cf2426,B00
90d2531d-e8f7-5476-aac7-99949174512b,A00
90d2531d-e8f7-5476-aac7-99949174512b,B00
ad52afe3-fcb2-5eed-bcf4-bc42a5a598b9,A00
ad52afe3-fcb2-5eed-bcf4-bc42a5a598b9,A01
ad52afe3-fcb2-5eed-bcf4-bc42a5a598b9,C03
ad52afe3-fcb2-5eed-bcf4-bc42a5a598b9,D01
ba41c773-892c-5f67-a341-37a751f5cb4f,A00
ba41c773-892c-5f67-a341-37a751f5cb4f,A01
ba41c773-892c-5f67-a341-37a751f5cb4f,C03
ba41c773-892c-5f67-a341-37a751f5cb4f,D01
617f8b1a-f422-5250-8894-ddf055cab0a4,A00
617f8b1a-f422-5250-8894-ddf055cab0a4,A01
617f8b1a-f422-5250-8894-ddf055cab0a4,C03
617f8b1a-f422-5250-8894-ddf055cab0a4,D01
b7c6304d-6631-54b3-b981-08cf086f9332,A00
b7c6304d-6631-54b3-b981-08cf086f9332,A01
b7c6304d-6631-54b3-b981-08cf086f9332,C03
b7c6304d-6631-54b3-b981-08cf086f9332,D01
1791793f-56cd-53fa-a384-fa950cc7b46a,A00
1791793f-56cd-53fa-a384-fa950cc7b46a,A01
1791793f-56cd-53fa-a384-fa950cc7b46a,C03
1791793f-56cd-53fa-a384-fa950cc7b46a,D01
17292546-3f48-5f65-8034-b90a76f42df4,A00
17292546-3f48-5f65-8034-b90a76f42df4,A01
17292546-3f48-5f65-8034-b90a76f42df4,C03
17292546-3f48-5f65-8034-b90a76f42df4,D01
40c7c556-8058-5497-963e-106de7826a82,A00
40c7c556-8058-5497-963e-106de7826a82,A01
40c7c556-8058-5497-963e-106de7826a82,C03
40c7c556-8058-5497-963e-106de7826a82,D01
35739d76-7b9f-50b1-9dec-1146e80ecb53,A00
35739d76-7b9f-50b1-9dec-1146e80ecb53,A01
35739d76-7b9f-50b1-9dec-1146e80ecb53,C03
35739d76-7b9f-50b1-9dec-1146e80ecb53,D01
77a27e8f-45e8-5b5f-877d-523baf507871,A00
77a27e8f-45e8-5b5f-877d-523baf507871,A01
bd5945c9-74af-5ff3-9d79-defd673415d2,A00
bd5945c9-74af-5ff3-9d79-defd673415d2,A01
33bfb6e7-a52e-53c0-8b13-205db03fb959,A00
33bfb6e7-a52e-53c0-8b13-205db03fb959,A01
1540952d-cbbc-5d8d-bea3-9331fa3c2c75,A00
1540952d-cbbc-5d8d-bea3-9331fa3c2c75,A01
5d7e674e-108b-5c00-8544-e0f2486f2576,X26
5d7e674e-108b-5c00-8544-e0f2486f2576,X27
5d7e674e-108b-5c00-8544-e0f2486f2576,X28
ad52afe3-fcb2-5eed-bcf4-bc42a5a598b9,X02
ad52afe3-fcb2-5eed-bcf4-bc42a5a598b9,X03
ad52afe3-fcb2-5eed-bcf4-bc42a5a598b9,X04
ba41c773-892c-5f67-a341-37a751f5cb4f,X02
ba41c773-892c-5f67-a341-37a751f5cb4f,X03
ba41c773-892c-5f67-a341-37a751f5cb4f,X04
617f8b1a-f422-5250-8894-ddf055cab0a4,X02
617f8b1a-f422-5250-8894-ddf055cab0a4,X03
617f8b1a-f422-5250-8894-ddf055cab0a4,X04
b7c6304d-6631-54b3-b981-08cf086f9332,X02
b7c6304d-6631-54b3-b981-08cf086f9332,X03
b7c6304d-6631-54b3-b981-08cf086f9332,X04
1791793f-56cd-53fa-a384-fa950cc7b46a,X02
1791793f-56cd-53fa-a384-fa950cc7b46a,X03
1791793f-56cd-53fa-a384-fa950cc7b46a,X04
17292546-3f48-5f65-8034-b90a76f42df4,X02
17292546-3f48-5f65-8034-b90a76f42df4,X03
17292546-3f48-5f65-8034-b90a76f42df4,X04
40c7c556-8058-5497-963e-106de7826a82,X02
40c7c556-8058-5497-963e-106de7826a82,X03
40c7c556-8058-5497-963e-106de7826a82,X04
35739d76-7b9f-50b1-9dec-1146e80ecb53,X02
35739d76-7b9f-50b1-9dec-1146e80ecb53,X03
35739d76-7b9f-50b1-9dec-1146e80ecb53,X04
77a27e8f-45e8-5b5f-877d-523baf507871,X26
77a27e8f-45e8-5b5f-877d-523baf507871,X27
77a27e8f-45e8-5b5f-877d-523baf507871,X28
bd5945c9-74af-5ff3-9d79-defd673415d2,X26
bd5945c9-74af-5ff3-9d79-defd673415d2,X27
bd5945c9-74af-5ff3-9d79-defd673415d2,X28
33bfb6e7-a52e-53c0-8b13-205db03fb959,X26
33bfb6e7-a52e-53c0-8b13-205db03fb959,X27
33bfb6e7-a52e-53c0-8b13-205db03fb959,X28
1540952d-cbbc-5d8d-bea3-9331fa3c2c75,X26
1540952d-cbbc-5d8d-bea3-9331fa3c2c75,X27
1540952d-cbbc-5d8d-bea3-9331fa3c2c75,X28
e3bf8b85-0cec-570a-8608-5212214b8624,C15
e3bf8b85-0cec-570a-8608-5212214b8624,D01
e3bf8b85-0cec-570a-8608-5212214b8624,R22
e3bf8b85-0cec-570a-8608-5212214b8624,A16
437c66f9-e9b1-5eaa-b998-20dfac264593,A16
437c66f9-e9b1-5eaa-b998-20dfac264593,D01
437c66f9-e9b1-5eaa-b998-20dfac264593,R22
437c66f9-e9b1-5eaa-b998-20dfac264593,C15
dbe6e35c-3f8b-5add-b507-d070f104051b,A16
dbe6e35c-3f8b-5add-b507-d070f104051b,C15
dbe6e35c-3f8b-5add-b507-d070f104051b,D01
dbe6e35c-3f8b-5add-b507-d070f104051b,R22
8a63d0a0-9114-5a9f-98ec-502b18e9a73d,C15
8a63d0a0-9114-5a9f-98ec-502b18e9a73d,D01
8a63d0a0-9114-5a9f-98ec-502b18e9a73d,R22
8a63d0a0-9114-5a9f-98ec-502b18e9a73d,A16
019d6d39-bd9a-5ebb-afb0-03a297c06fd9,A16
019d6d39-bd9a-5ebb-afb0-03a297c06fd9,C15
019d6d39-bd9a-5ebb-afb0-03a297c06fd9,D01
019d6d39-bd9a-5ebb-afb0-03a297c06fd9,R22
d6e690ba-6483-5bbb-8d3e-679b56636503,A16
d6e690ba-6483-5bbb-8d3e-679b56636503,C15
d6e690ba-6483-5bbb-8d3e-679b56636503,D01
d6e690ba-6483-5bbb-8d3e-679b56636503,R22
dd637640-fc06-5d7b-aeff-dbe486630c8a,A16
dd637640-fc06-5d7b-aeff-dbe486630c8a,C15
dd637640-fc06-5d7b-aeff-dbe486630c8a,D01
dd637640-fc06-5d7b-aeff-dbe486630c8a,R22
737937ba-7b56-5c68-b698-f3bed798d4b9,A16
737937ba-7b56-5c68-b698-f3bed798d4b9,C15
737937ba-7b56-5c68-b698-f3bed798d4b9,D01
737937ba-7b56-5c68-b698-f3bed798d4b9,R22
21b3fdd9-9582-5b3b-a01f-7d429cceb739,A16
21b3fdd9-9582-5b3b-a01f-7d429cceb739,C15
21b3fdd9-9582-5b3b-a01f-7d429cceb739,D01
21b3fdd9-9582-5b3b-a01f-7d429cceb739,R22
dc46cd59-034a-510e-83a0-36a38197b9ca,A16
dc46cd59-034a-510e-83a0-36a38197b9ca,C15
dc46cd59-034a-510e-83a0-36a38197b9ca,D01
dc46cd59-034a-510e-83a0-36a38197b9ca,R22
5a2b1f95-423b-5533-835d-c33fc1ab0745,A16
5a2b1f95-423b-5533-835d-c33fc1ab0745,C15
5a2b1f95-423b-5533-835d-c33fc1ab0745,D01
5a2b1f95-423b-5533-835d-c33fc1ab0745,R22
31fa85a8-037b-5702-b712-671946de1d4f,A16
31fa85a8-037b-5702-b712-671946de1d4f,C15
31fa85a8-037b-5702-b712-671946de1d4f,D01
31fa85a8-037b-5702-b712-671946de1d4f,R22
a4f35242-51bf-5e18-ac94-13e75534d59b,A16
a4f35242-51bf-5e18-ac94-13e75534d59b,C15
a4f35242-51bf-5e18-ac94-13e75534d59b,D01
a4f35242-51bf-5e18-ac94-13e75534d59b,R22
eefbc6d9-bde9-56d6-b233-1b83b2bc54fe,R05
eefbc6d9-bde9-56d6-b233-1b83b2bc54fe,R06
eefbc6d9-bde9-56d6-b233-1b83b2bc54fe,R15
eefbc6d9-bde9-56d6-b233-1b83b2bc54fe,R19
eefbc6d9-bde9-56d6-b233-1b83b2bc54fe,R16
557b1dad-0ef2-5ad2-b07d-ff1a8bca7c16,R09
557b1dad-0ef2-5ad2-b07d-ff1a8bca7c16,R17
557b1dad-0ef2-5ad2-b07d-ff1a8bca7c16,R07
557b1dad-0ef2-5ad2-b07d-ff1a8bca7c16,R20
557b1dad-0ef2-5ad2-b07d-ff1a8bca7c16,R08
1a8f44e3-9cfe-5f78-9fdc-191d3214227b,R15
1a8f44e3-9cfe-5f78-9fdc-191d3214227b,R19
1a8f44e3-9cfe-5f78-9fdc-191d3214227b,R16
1a8f44e3-9cfe-5f78-9fdc-191d3214227b,R05
1a8f44e3-9cfe-5f78-9fdc-191d3214227b,R06
fa61e0b1-8fb6-58c9-819b-34328df97930,R05
fa61e0b1-8fb6-58c9-819b-34328df97930,R06
fa61e0b1-8fb6-58c9-819b-34328df97930,R15
fa61e0b1-8fb6-58c9-819b-34328df97930,R19
fa61e0b1-8fb6-58c9-819b-34328df97930,R16
5b9b63bc-4fa9-55ce-94c8-f5d79a6ade57,R11
5b9b63bc-4fa9-55ce-94c8-f5d79a6ade57,R12
5b9b63bc-4fa9-55ce-94c8-f5d79a6ade57,R13
5b9b63bc-4fa9-55ce-94c8-f5d79a6ade57,R21
5b9b63bc-4fa9-55ce-94c8-f5d79a6ade57,R18
1962a0de-2b8a-5234-be36-211054c6b9b0,R16
1962a0de-2b8a-5234-be36-211054c6b9b0,R05
1962a0de-2b8a-5234-be36-211054c6b9b0,R06
1962a0de-2b8a-5234-be36-211054c6b9b0,R15
1962a0de-2b8a-5234-be36-211054c6b9b0,R19
26012650-8bc1-5bb4-8cd4-b208d745a50d,R05
26012650-8bc1-5bb4-8cd4-b208d745a50d,R06
26012650-8bc1-5bb4-8cd4-b208d745a50d,R15
26012650-8bc1-5bb4-8cd4-b208d745a50d,R19
26012650-8bc1-5bb4-8cd4-b208d745a50d,R16
a9b2277b-9d4e-582a-86c4-4b1f7ce73c55,R05
a9b2277b-9d4e-582a-86c4-4b1f7ce73c55,R06
a9b2277b-9d4e-582a-86c4-4b1f7ce73c55,R15
a9b2277b-9d4e-582a-86c4-4b1f7ce73c55,R19
a9b2277b-9d4e-582a-86c4-4b1f7ce73c55,R16
f716582e-7b11-5874-91d1-6dc049688c53,D01
f716582e-7b11-5874-91d1-6dc049688c53,R24
f716582e-7b11-5874-91d1-6dc049688c53,D72
f716582e-7b11-5874-91d1-6dc049688c53,R25
f716582e-7b11-5874-91d1-6dc049688c53,D78
f716582e-7b11-5874-91d1-6dc049688c53,R26
b4e1aa0e-890b-5f81-9c8b-e0feb4b35f88,D72
b4e1aa0e-890b-5f81-9c8b-e0feb4b35f88,R25
b4e1aa0e-890b-5f81-9c8b-e0feb4b35f88,D78
b4e1aa0e-890b-5f81-9c8b-e0feb4b35f88,R26
b4e1aa0e-890b-5f81-9c8b-e0feb4b35f88,D01
b4e1aa0e-890b-5f81-9c8b-e0feb4b35f88,R24
42348794-013b-581d-8380-5681ed242e80,D01
42348794-013b-581d-8380-5681ed242e80,R24
42348794-013b-581d-8380-5681ed242e80,D72
42348794-013b-581d-8380-5681ed242e80,R25
42348794-013b-581d-8380-5681ed242e80,D78
42348794-013b-581d-8380-5681ed242e80,R26
9c8b977e-b22a-535a-a39a-e31722783b64,D01
9c8b977e-b22a-535a-a39a-e31722783b64,R24
9c8b977e-b22a-535a-a39a-e31722783b64,D72
9c8b977e-b22a-535a-a39a-e31722783b64,R25
9c8b977e-b22a-535a-a39a-e31722783b64,D78
9c8b977e-b22a-535a-a39a-e31722783b64,R26
27fb7aad-d15c-5a55-aa7a-57b7d76797fc,D72
27fb7aad-d15c-5a55-aa7a-57b7d76797fc,R25
27fb7aad-d15c-5a55-aa7a-57b7d76797fc,D78
27fb7aad-d15c-5a55-aa7a-57b7d76797fc,R26
27fb7aad-d15c-5a55-aa7a-57b7d76797fc,D01
27fb7aad-d15c-5a55-aa7a-57b7d76797fc,R24
43483b76-9c5b-5ec6-8344-266bad248d6b,D01
43483b76-9c5b-5ec6-8344-266bad248d6b,R24
43483b76-9c5b-5ec6-8344-266bad248d6b,D72
43483b76-9c5b-5ec6-8344-266bad248d6b,R25
43483b76-9c5b-5ec6-8344-266bad248d6b,D78
43483b76-9c5b-5ec6-8344-266bad248d6b,R26
2f8da6e8-f435-58e3-9799-3416597552f8,A16
2f8da6e8-f435-58e3-9799-3416597552f8,C15
2f8da6e8-f435-58e3-9799-3416597552f8,D01
2f8da6e8-f435-58e3-9799-3416597552f8,R22
9427d170-0cf2-58ee-8024-228096977c31,A16
9427d170-0cf2-58ee-8024-228096977c31,C15
9427d170-0cf2-58ee-8024-228096977c31,D01
9427d170-0cf2-58ee-8024-228096977c31,R22
4cde5142-ecdd-5a6c-81f8-1d193c23f1ac,C19
4cde5142-ecdd-5a6c-81f8-1d193c23f1ac,C00
4cde5142-ecdd-5a6c-81f8-1d193c23f1ac,C03
4cde5142-ecdd-5a6c-81f8-1d193c23f1ac,D14
ed198a24-7be8-575b-84d0-c41ed568bd50,A16
ed198a24-7be8-575b-84d0-c41ed568bd50,C15
ed198a24-7be8-575b-84d0-c41ed568bd50,D01
ed198a24-7be8-575b-84d0-c41ed568bd50,R22
a4140851-0f06-58e2-9615-963a4a05b073,A16
a4140851-0f06-58e2-9615-963a4a05b073,C15
a4140851-0f06-58e2-9615-963a4a05b073,D01
a4140851-0f06-58e2-9615-963a4a05b073,R22
3519a5c4-cec9-592e-8695-7fa83d4c1718,A16
3519a5c4-cec9-592e-8695-7fa83d4c1718,C15
3519a5c4-cec9-592e-8695-7fa83d4c1718,D01
3519a5c4-cec9-592e-8695-7fa83d4c1718,R22
49884a9a-8626-584b-a9b6-c1721f080047,A16
49884a9a-8626-584b-a9b6-c1721f080047,C15
49884a9a-8626-584b-a9b6-c1721f080047,D01
49884a9a-8626-584b-a9b6-c1721f080047,R22
3afb6535-c0c8-51c5-bec2-bfd99e0186d3,D01
3afb6535-c0c8-51c5-bec2-bfd99e0186d3,R24
3afb6535-c0c8-51c5-bec2-bfd99e0186d3,D72
3afb6535-c0c8-51c5-bec2-bfd99e0186d3,R25
3afb6535-c0c8-51c5-bec2-bfd99e0186d3,D78
3afb6535-c0c8-51c5-bec2-bfd99e0186d3,R26
28ca1403-e5df-5eeb-98a1-73e86ca746e9,D01
28ca1403-e5df-5eeb-98a1-73e86ca746e9,R24
28ca1403-e5df-5eeb-98a1-73e86ca746e9,D72
28ca1403-e5df-5eeb-98a1-73e86ca746e9,R25
28ca1403-e5df-5eeb-98a1-73e86ca746e9,D78
28ca1403-e5df-5eeb-98a1-73e86ca746e9,R26
e71b60ac-4a27-5381-b342-1fbd2ce5a0cc,A16
e71b60ac-4a27-5381-b342-1fbd2ce5a0cc,C15
e71b60ac-4a27-5381-b342-1fbd2ce5a0cc,D01
e71b60ac-4a27-5381-b342-1fbd2ce5a0cc,R22
cce686c1-1024-50e9-8787-1c7b21639aaf,A16
cce686c1-1024-50e9-8787-1c7b21639aaf,C15
cce686c1-1024-50e9-8787-1c7b21639aaf,D01
cce686c1-1024-50e9-8787-1c7b21639aaf,R22
2eec2a74-982c-572d-9131-928d55160d1f,A16
2eec2a74-982c-572d-9131-928d55160d1f,C15
2eec2a74-982c-572d-9131-928d55160d1f,D01
2eec2a74-982c-572d-9131-928d55160d1f,R22
e2fca70e-af72-5c64-82b9-e39fe55fce6f,D01
e2fca70e-af72-5c64-82b9-e39fe55fce6f,R22
e2fca70e-af72-5c64-82b9-e39fe55fce6f,A16
e2fca70e-af72-5c64-82b9-e39fe55fce6f,C15
878808c2-9948-5cba-86bb-b25779ca17df,D01
878808c2-9948-5cba-86bb-b25779ca17df,R22
878808c2-9948-5cba-86bb-b25779ca17df,A16
878808c2-9948-5cba-86bb-b25779ca17df,C15
a8719837-b814-5bf8-a8cf-9379821be2ee,D01
a8719837-b814-5bf8-a8cf-9379821be2ee,R22
a8719837-b814-5bf8-a8cf-9379821be2ee,A16
a8719837-b814-5bf8-a8cf-9379821be2ee,C15
2516bd17-dfa2-5363-857f-39731270e9e8,D01
2516bd17-dfa2-5363-857f-39731270e9e8,R22
2516bd17-dfa2-5363-857f-39731270e9e8,A16
2516bd17-dfa2-5363-857f-39731270e9e8,C15
cdcf3692-075c-5c9a-b015-ccfd4fcfe405,A16
cdcf3692-075c-5c9a-b015-ccfd4fcfe405,C15
cdcf3692-075c-5c9a-b015-ccfd4fcfe405,D01
cdcf3692-075c-5c9a-b015-ccfd4fcfe405,R22
a860aeab-61c3-5761-a246-04a581910962,A16
a860aeab-61c3-5761-a246-04a581910962,C15
a860aeab-61c3-5761-a246-04a581910962,D01
a860aeab-61c3-5761-a246-04a581910962,R22
a960bd9d-0599-5219-8505-6d6500ed7ce1,A16
a960bd9d-0599-5219-8505-6d6500ed7ce1,C15
a960bd9d-0599-5219-8505-6d6500ed7ce1,D01
a960bd9d-0599-5219-8505-6d6500ed7ce1,R22
5c8e2e53-b22d-506c-a913-8d220f5484b3,A16
5c8e2e53-b22d-506c-a913-8d220f5484b3,C15
5c8e2e53-b22d-506c-a913-8d220f5484b3,D01
5c8e2e53-b22d-506c-a913-8d220f5484b3,R22
c20f04e3-316c-5191-9b75-169303c263d1,A16
c20f04e3-316c-5191-9b75-169303c263d1,C15
c20f04e3-316c-5191-9b75-169303c263d1,D01
c20f04e3-316c-5191-9b75-169303c263d1,R22
d4e15656-3c94-500a-b2df-8155b252d70d,A16
d4e15656-3c94-500a-b2df-8155b252d70d,C15
d4e15656-3c94-500a-b2df-8155b252d70d,D01
d4e15656-3c94-500a-b2df-8155b252d70d,R22
675809ad-b528-5910-89d8-b5dbefc360c9,A16
675809ad-b528-5910-89d8-b5dbefc360c9,C15
675809ad-b528-5910-89d8-b5dbefc360c9,D01
675809ad-b528-5910-89d8-b5dbefc360c9,R22
e69ba208-de99-5b74-b5fd-4d85b9d675bf,A16
e69ba208-de99-5b74-b5fd-4d85b9d675bf,C15
e69ba208-de99-5b74-b5fd-4d85b9d675bf,D01
e69ba208-de99-5b74-b5fd-4d85b9d675bf,R22
9d8afb03-8d1f-5f3f-80b9-d65f86ae670f,D01
9d8afb03-8d1f-5f3f-80b9-d65f86ae670f,R22
9d8afb03-8d1f-5f3f-80b9-d65f86ae670f,D72
9d8afb03-8d1f-5f3f-80b9-d65f86ae670f,R25
9d8afb03-8d1f-5f3f-80b9-d65f86ae670f,D78
9d8afb03-8d1f-5f3f-80b9-d65f86ae670f,R26
e708c87d-0efd-595a-9952-25933f58400a,D01
e708c87d-0efd-595a-9952-25933f58400a,R22
e708c87d-0efd-595a-9952-25933f58400a,D72
e708c87d-0efd-595a-9952-25933f58400a,R25
e708c87d-0efd-595a-9952-25933f58400a,D78
e708c87d-0efd-595a-9952-25933f58400a,R26
e3ee474e-c2ab-53cd-8d68-588df6eeca62,D01
e3ee474e-c2ab-53cd-8d68-588df6eeca62,R22
e3ee474e-c2ab-53cd-8d68-588df6eeca62,D72
e3ee474e-c2ab-53cd-8d68-588df6eeca62,R25
e3ee474e-c2ab-53cd-8d68-588df6eeca62,D78
e3ee474e-c2ab-53cd-8d68-588df6eeca62,R26
ec80d909-b08e-5cf7-8116-ca34b2da6d4c,D01
ec80d909-b08e-5cf7-8116-ca34b2da6d4c,R22
ec80d909-b08e-5cf7-8116-ca34b2da6d4c,D72
ec80d909-b08e-5cf7-8116-ca34b2da6d4c,R25
ec80d909-b08e-5cf7-8116-ca34b2da6d4c,D78
ec80d909-b08e-5cf7-8116-ca34b2da6d4c,R26
5bb863a9-3247-59a2-8201-e2095defc226,D01
5bb863a9-3247-59a2-8201-e2095defc226,D72
5bb863a9-3247-59a2-8201-e2095defc226,D78
5bb863a9-3247-59a2-8201-e2095defc226,R22
5bb863a9-3247-59a2-8201-e2095defc226,R25
5bb863a9-3247-59a2-8201-e2095defc226,R26
330f9bf3-c9c8-5275-a994-010af504753f,D01
330f9bf3-c9c8-5275-a994-010af504753f,R22
330f9bf3-c9c8-5275-a994-010af504753f,D72
330f9bf3-c9c8-5275-a994-010af504753f,R25
330f9bf3-c9c8-5275-a994-010af504753f,D78
330f9bf3-c9c8-5275-a994-010af504753f,R26
4d60df31-4f64-5661-a88b-fd521c67ebc7,D01
4d60df31-4f64-5661-a88b-fd521c67ebc7,R22
4d60df31-4f64-5661-a88b-fd521c67ebc7,D72
4d60df31-4f64-5661-a88b-fd521c67ebc7,R25
4d60df31-4f64-5661-a88b-fd521c67ebc7,D78
4d60df31-4f64-5661-a88b-fd521c67ebc7,R26
e3adfb59-65c9-5bc5-91d5-9367840e526b,D01
e3adfb59-65c9-5bc5-91d5-9367840e526b,R22
e3adfb59-65c9-5bc5-91d5-9367840e526b,D72
e3adfb59-65c9-5bc5-91d5-9367840e526b,R25
e3adfb59-65c9-5bc5-91d5-9367840e526b,D78
e3adfb59-65c9-5bc5-91d5-9367840e526b,R26
858c2b4d-df35-5468-8e98-b50260951772,D01
858c2b4d-df35-5468-8e98-b50260951772,R22
858c2b4d-df35-5468-8e98-b50260951772,D72
858c2b4d-df35-5468-8e98-b50260951772,R25
858c2b4d-df35-5468-8e98-b50260951772,D78
858c2b4d-df35-5468-8e98-b50260951772,R26
a9b2009a-65f8-5049-817c-31b42bd1e04b,D01
a9b2009a-65f8-5049-817c-31b42bd1e04b,R22
a9b2009a-65f8-5049-817c-31b42bd1e04b,D72
a9b2009a-65f8-5049-817c-31b42bd1e04b,R25
a9b2009a-65f8-5049-817c-31b42bd1e04b,D78
a9b2009a-65f8-5049-817c-31b42bd1e04b,R26
0380153c-0c59-51bb-9a93-e9fd915412c7,D01
0380153c-0c59-51bb-9a93-e9fd915412c7,R22
0380153c-0c59-51bb-9a93-e9fd915412c7,D72
0380153c-0c59-51bb-9a93-e9fd915412c7,R25
0380153c-0c59-51bb-9a93-e9fd915412c7,D78
0380153c-0c59-51bb-9a93-e9fd915412c7,R26
24546a14-a6cb-5e40-9fc9-45ff41dca4e5,D01
24546a14-a6cb-5e40-9fc9-45ff41dca4e5,R22
24546a14-a6cb-5e40-9fc9-45ff41dca4e5,D72
24546a14-a6cb-5e40-9fc9-45ff41dca4e5,R25
24546a14-a6cb-5e40-9fc9-45ff41dca4e5,D78
24546a14-a6cb-5e40-9fc9-45ff41dca4e5,R26
705b2e2b-a49d-5d7e-9dbd-1a0201637061,D72
705b2e2b-a49d-5d7e-9dbd-1a0201637061,R25
705b2e2b-a49d-5d7e-9dbd-1a0201637061,D78
705b2e2b-a49d-5d7e-9dbd-1a0201637061,R26
705b2e2b-a49d-5d7e-9dbd-1a0201637061,D01
705b2e2b-a49d-5d7e-9dbd-1a0201637061,R22
e8aea21b-4cec-5f13-b44f-205c92481a9c,D01
e8aea21b-4cec-5f13-b44f-205c92481a9c,R22
e8aea21b-4cec-5f13-b44f-205c92481a9c,D72
e8aea21b-4cec-5f13-b44f-205c92481a9c,R25
e8aea21b-4cec-5f13-b44f-205c92481a9c,D78
e8aea21b-4cec-5f13-b44f-205c92481a9c,R26
dd883c0c-645d-5c95-9aa7-fe2ae3dd51a6,A16
dd883c0c-645d-5c95-9aa7-fe2ae3dd51a6,C15
dd883c0c-645d-5c95-9aa7-fe2ae3dd51a6,D01
dd883c0c-645d-5c95-9aa7-fe2ae3dd51a6,R22
2dde50b1-62ab-5f7d-b1c5-a823d701e101,A16
2dde50b1-62ab-5f7d-b1c5-a823d701e101,C15
2dde50b1-62ab-5f7d-b1c5-a823d701e101,D01
2dde50b1-62ab-5f7d-b1c5-a823d701e101,R22
6a97b3d3-b6f5-513d-81c5-a81f6ebbdd9d,C00
6a97b3d3-b6f5-513d-81c5-a81f6ebbdd9d,C03
6a97b3d3-b6f5-513d-81c5-a81f6ebbdd9d,C19
6a97b3d3-b6f5-513d-81c5-a81f6ebbdd9d,D14
6a97b3d3-b6f5-513d-81c5-a81f6ebbdd9d,R23
757fb6e1-3cc8-5d01-b0e5-a41affc14259,D01
757fb6e1-3cc8-5d01-b0e5-a41affc14259,R22
757fb6e1-3cc8-5d01-b0e5-a41affc14259,A16
757fb6e1-3cc8-5d01-b0e5-a41affc14259,C15
1063aab6-f2eb-5075-88bb-2f8197b0d811,C15
1063aab6-f2eb-5075-88bb-2f8197b0d811,D01
1063aab6-f2eb-5075-88bb-2f8197b0d811,R22
1063aab6-f2eb-5075-88bb-2f8197b0d811,A16
f4b9c337-0982-5b45-91bf-63250870d10e,D01
f4b9c337-0982-5b45-91bf-63250870d10e,R22
f4b9c337-0982-5b45-91bf-63250870d10e,A16
f4b9c337-0982-5b45-91bf-63250870d10e,C15
bb89b462-7c56-510d-96b0-c133da7dddb7,D01
bb89b462-7c56-510d-96b0-c133da7dddb7,R22
bb89b462-7c56-510d-96b0-c133da7dddb7,A16
bb89b462-7c56-510d-96b0-c133da7dddb7,C15
95a0c790-1cb1-5658-9806-2dfaaa901d2b,D01
95a0c790-1cb1-5658-9806-2dfaaa901d2b,R22
95a0c790-1cb1-5658-9806-2dfaaa901d2b,A16
95a0c790-1cb1-5658-9806-2dfaaa901d2b,C15
803f4f84-a2d1-5b05-aff1-b61f1dba018e,D01
803f4f84-a2d1-5b05-aff1-b61f1dba018e,R22
803f4f84-a2d1-5b05-aff1-b61f1dba018e,D72
803f4f84-a2d1-5b05-aff1-b61f1dba018e,R25
803f4f84-a2d1-5b05-aff1-b61f1dba018e,D78
803f4f84-a2d1-5b05-aff1-b61f1dba018e,R26
269545a4-d753-5222-a320-b22af7449180,D01
269545a4-d753-5222-a320-b22af7449180,R22
269545a4-d753-5222-a320-b22af7449180,D72
269545a4-d753-5222-a320-b22af7449180,R25
269545a4-d753-5222-a320-b22af7449180,D78
269545a4-d753-5222-a320-b22af7449180,R26
b4b3a743-700a-5753-9822-116cbed4e5d4,A16
b4b3a743-700a-5753-9822-116cbed4e5d4,C15
b4b3a743-700a-5753-9822-116cbed4e5d4,D01
b4b3a743-700a-5753-9822-116cbed4e5d4,R22
681a236c-0cfa-568d-857d-67581a16c7a1,A16
681a236c-0cfa-568d-857d-67581a16c7a1,C15
681a236c-0cfa-568d-857d-67581a16c7a1,D01
681a236c-0cfa-568d-857d-67581a16c7a1,R22
04c4eb56-f0ce-5068-adc0-65021e386db7,D01
04c4eb56-f0ce-5068-adc0-65021e386db7,R22
04c4eb56-f0ce-5068-adc0-65021e386db7,A16
04c4eb56-f0ce-5068-adc0-65021e386db7,C15
6fbb325d-00e4-531f-86a7-a0bb0bf8cc8b,D01
6fbb325d-00e4-531f-86a7-a0bb0bf8cc8b,R22
6fbb325d-00e4-531f-86a7-a0bb0bf8cc8b,A16
6fbb325d-00e4-531f-86a7-a0bb0bf8cc8b,C15
eefbc6d9-bde9-56d6-b233-1b83b2bc54fe,D78
eefbc6d9-bde9-56d6-b233-1b83b2bc54fe,R26
eefbc6d9-bde9-56d6-b233-1b83b2bc54fe,D01
eefbc6d9-bde9-56d6-b233-1b83b2bc54fe,R22
eefbc6d9-bde9-56d6-b233-1b83b2bc54fe,D72
eefbc6d9-bde9-56d6-b233-1b83b2bc54fe,R25
557b1dad-0ef2-5ad2-b07d-ff1a8bca7c16,D01
557b1dad-0ef2-5ad2-b07d-ff1a8bca7c16,R22
557b1dad-0ef2-5ad2-b07d-ff1a8bca7c16,D72
557b1dad-0ef2-5ad2-b07d-ff1a8bca7c16,R25
557b1dad-0ef2-5ad2-b07d-ff1a8bca7c16,D78
557b1dad-0ef2-5ad2-b07d-ff1a8bca7c16,R26
1a8f44e3-9cfe-5f78-9fdc-191d3214227b,D01
1a8f44e3-9cfe-5f78-9fdc-191d3214227b,R22
1a8f44e3-9cfe-5f78-9fdc-191d3214227b,D72
1a8f44e3-9cfe-5f78-9fdc-191d3214227b,R25
1a8f44e3-9cfe-5f78-9fdc-191d3214227b,D78
1a8f44e3-9cfe-5f78-9fdc-191d3214227b,R26
fa61e0b1-8fb6-58c9-819b-34328df97930,D78
fa61e0b1-8fb6-58c9-819b-34328df97930,R26
fa61e0b1-8fb6-58c9-819b-34328df97930,D01
fa61e0b1-8fb6-58c9-819b-34328df97930,R22
fa61e0b1-8fb6-58c9-819b-34328df97930,D72
fa61e0b1-8fb6-58c9-819b-34328df97930,R25
5b9b63bc-4fa9-55ce-94c8-f5d79a6ade57,D01
5b9b63bc-4fa9-55ce-94c8-f5d79a6ade57,D72
5b9b63bc-4fa9-55ce-94c8-f5d79a6ade57,D78
5b9b63bc-4fa9-55ce-94c8-f5d79a6ade57,R22
5b9b63bc-4fa9-55ce-94c8-f5d79a6ade57,R25
5b9b63bc-4fa9-55ce-94c8-f5d79a6ade57,R26
1962a0de-2b8a-5234-be36-211054c6b9b0,D01
1962a0de-2b8a-5234-be36-211054c6b9b0,R22
1962a0de-2b8a-5234-be36-211054c6b9b0,D72
1962a0de-2b8a-5234-be36-211054c6b9b0,R25
1962a0de-2b8a-5234-be36-211054c6b9b0,D78
1962a0de-2b8a-5234-be36-211054c6b9b0,R26
26012650-8bc1-5bb4-8cd4-b208d745a50d,D01
26012650-8bc1-5bb4-8cd4-b208d745a50d,R22
26012650-8bc1-5bb4-8cd4-b208d745a50d,D72
26012650-8bc1-5bb4-8cd4-b208d745a50d,R25
26012650-8bc1-5bb4-8cd4-b208d745a50d,D78
26012650-8bc1-5bb4-8cd4-b208d745a50d,R26
a9b2277b-9d4e-582a-86c4-4b1f7ce73c55,D72
a9b2277b-9d4e-582a-86c4-4b1f7ce73c55,R25
a9b2277b-9d4e-582a-86c4-4b1f7ce73c55,D78
a9b2277b-9d4e-582a-86c4-4b1f7ce73c55,R26
a9b2277b-9d4e-582a-86c4-4b1f7ce73c55,D01
a9b2277b-9d4e-582a-86c4-4b1f7ce73c55,R22
f716582e-7b11-5874-91d1-6dc049688c53,A01
f716582e-7b11-5874-91d1-6dc049688c53,R27
f716582e-7b11-5874-91d1-6dc049688c53,R22
b4e1aa0e-890b-5f81-9c8b-e0feb4b35f88,R22
b4e1aa0e-890b-5f81-9c8b-e0feb4b35f88,A01
b4e1aa0e-890b-5f81-9c8b-e0feb4b35f88,R27
42348794-013b-581d-8380-5681ed242e80,A01
42348794-013b-581d-8380-5681ed242e80,R27
42348794-013b-581d-8380-5681ed242e80,R22
9c8b977e-b22a-535a-a39a-e31722783b64,R22
9c8b977e-b22a-535a-a39a-e31722783b64,A01
9c8b977e-b22a-535a-a39a-e31722783b64,R27
27fb7aad-d15c-5a55-aa7a-57b7d76797fc,R22
27fb7aad-d15c-5a55-aa7a-57b7d76797fc,A01
27fb7aad-d15c-5a55-aa7a-57b7d76797fc,R27
43483b76-9c5b-5ec6-8344-266bad248d6b,R22
43483b76-9c5b-5ec6-8344-266bad248d6b,A01
43483b76-9c5b-5ec6-8344-266bad248d6b,R27
4cde5142-ecdd-5a6c-81f8-1d193c23f1ac,R23
c4879f83-dcdf-52e5-9f93-50fb6e374c12,D01
c4879f83-dcdf-52e5-9f93-50fb6e374c12,R22
c4879f83-dcdf-52e5-9f93-50fb6e374c12,A16
c4879f83-dcdf-52e5-9f93-50fb6e374c12,C15
3afb6535-c0c8-51c5-bec2-bfd99e0186d3,R22
3afb6535-c0c8-51c5-bec2-bfd99e0186d3,A01
3afb6535-c0c8-51c5-bec2-bfd99e0186d3,R27
28ca1403-e5df-5eeb-98a1-73e86ca746e9,A01
28ca1403-e5df-5eeb-98a1-73e86ca746e9,R27
28ca1403-e5df-5eeb-98a1-73e86ca746e9,R22
dbe6e35c-3f8b-5add-b507-d070f104051b,A01
d6e690ba-6483-5bbb-8d3e-679b56636503,A01
dd637640-fc06-5d7b-aeff-dbe486630c8a,A01
21b3fdd9-9582-5b3b-a01f-7d429cceb739,A01
a4f35242-51bf-5e18-ac94-13e75534d59b,A01
2f8da6e8-f435-58e3-9799-3416597552f8,A01
9427d170-0cf2-58ee-8024-228096977c31,A01
ed198a24-7be8-575b-84d0-c41ed568bd50,A01
c4879f83-dcdf-52e5-9f93-50fb6e374c12,A01
a4140851-0f06-58e2-9615-963a4a05b073,A01
3519a5c4-cec9-592e-8695-7fa83d4c1718,A01
49884a9a-8626-584b-a9b6-c1721f080047,A01
e71b60ac-4a27-5381-b342-1fbd2ce5a0cc,A01
cce686c1-1024-50e9-8787-1c7b21639aaf,A01
2eec2a74-982c-572d-9131-928d55160d1f,A01
e2fca70e-af72-5c64-82b9-e39fe55fce6f,A01
dbe6e35c-3f8b-5add-b507-d070f104051b,X02
dbe6e35c-3f8b-5add-b507-d070f104051b,C03
dbe6e35c-3f8b-5add-b507-d070f104051b,X01
d6e690ba-6483-5bbb-8d3e-679b56636503,C03
d6e690ba-6483-5bbb-8d3e-679b56636503,X01
d6e690ba-6483-5bbb-8d3e-679b56636503,X02
dd637640-fc06-5d7b-aeff-dbe486630c8a,X02
dd637640-fc06-5d7b-aeff-dbe486630c8a,C03
dd637640-fc06-5d7b-aeff-dbe486630c8a,X01
21b3fdd9-9582-5b3b-a01f-7d429cceb739,X02
21b3fdd9-9582-5b3b-a01f-7d429cceb739,C03
21b3fdd9-9582-5b3b-a01f-7d429cceb739,X01
a4f35242-51bf-5e18-ac94-13e75534d59b,X02
a4f35242-51bf-5e18-ac94-13e75534d59b,C03
a4f35242-51bf-5e18-ac94-13e75534d59b,X01
eefbc6d9-bde9-56d6-b233-1b83b2bc54fe,D14
eefbc6d9-bde9-56d6-b233-1b83b2bc54fe,X78
eefbc6d9-bde9-56d6-b233-1b83b2bc54fe,X79
557b1dad-0ef2-5ad2-b07d-ff1a8bca7c16,D14
557b1dad-0ef2-5ad2-b07d-ff1a8bca7c16,X78
557b1dad-0ef2-5ad2-b07d-ff1a8bca7c16,X79
1a8f44e3-9cfe-5f78-9fdc-191d3214227b,D14
1a8f44e3-9cfe-5f78-9fdc-191d3214227b,X78
1a8f44e3-9cfe-5f78-9fdc-191d3214227b,X79
fa61e0b1-8fb6-58c9-819b-34328df97930,D14
fa61e0b1-8fb6-58c9-819b-34328df97930,X78
fa61e0b1-8fb6-58c9-819b-34328df97930,X79
5b9b63bc-4fa9-55ce-94c8-f5d79a6ade57,X78
5b9b63bc-4fa9-55ce-94c8-f5d79a6ade57,X79
5b9b63bc-4fa9-55ce-94c8-f5d79a6ade57,D14
1962a0de-2b8a-5234-be36-211054c6b9b0,D14
1962a0de-2b8a-5234-be36-211054c6b9b0,X78
1962a0de-2b8a-5234-be36-211054c6b9b0,X79
f716582e-7b11-5874-91d1-6dc049688c53,X79
f716582e-7b11-5874-91d1-6dc049688c53,D14
f716582e-7b11-5874-91d1-6dc049688c53,X78
b4e1aa0e-890b-5f81-9c8b-e0feb4b35f88,D14
b4e1aa0e-890b-5f81-9c8b-e0feb4b35f88,X78
b4e1aa0e-890b-5f81-9c8b-e0feb4b35f88,X79
42348794-013b-581d-8380-5681ed242e80,D14
42348794-013b-581d-8380-5681ed242e80,X78
42348794-013b-581d-8380-5681ed242e80,X79
9c8b977e-b22a-535a-a39a-e31722783b64,D14
9c8b977e-b22a-535a-a39a-e31722783b64,X78
9c8b977e-b22a-535a-a39a-e31722783b64,X79
27fb7aad-d15c-5a55-aa7a-57b7d76797fc,D14
27fb7aad-d15c-5a55-aa7a-57b7d76797fc,X78
27fb7aad-d15c-5a55-aa7a-57b7d76797fc,X79
43483b76-9c5b-5ec6-8344-266bad248d6b,D14
43483b76-9c5b-5ec6-8344-266bad248d6b,X78
43483b76-9c5b-5ec6-8344-266bad248d6b,X79
2f8da6e8-f435-58e3-9799-3416597552f8,X02
2f8da6e8-f435-58e3-9799-3416597552f8,C03
2f8da6e8-f435-58e3-9799-3416597552f8,X01
9427d170-0cf2-58ee-8024-228096977c31,X02
9427d170-0cf2-58ee-8024-228096977c31,C03
9427d170-0cf2-58ee-8024-228096977c31,X01
4cde5142-ecdd-5a6c-81f8-1d193c23f1ac,X71
4cde5142-ecdd-5a6c-81f8-1d193c23f1ac,X70
ed198a24-7be8-575b-84d0-c41ed568bd50,X02
ed198a24-7be8-575b-84d0-c41ed568bd50,C03
ed198a24-7be8-575b-84d0-c41ed568bd50,X01
c4879f83-dcdf-52e5-9f93-50fb6e374c12,X02
c4879f83-dcdf-52e5-9f93-50fb6e374c12,C03
c4879f83-dcdf-52e5-9f93-50fb6e374c12,X01
81b45e19-8634-59c7-a338-68b96cecb7ff,D01
81b45e19-8634-59c7-a338-68b96cecb7ff,X02
81b45e19-8634-59c7-a338-68b96cecb7ff,C03
81b45e19-8634-59c7-a338-68b96cecb7ff,X01
a4140851-0f06-58e2-9615-963a4a05b073,X02
a4140851-0f06-58e2-9615-963a4a05b073,C03
a4140851-0f06-58e2-9615-963a4a05b073,X01
3519a5c4-cec9-592e-8695-7fa83d4c1718,D14
3519a5c4-cec9-592e-8695-7fa83d4c1718,X78
3519a5c4-cec9-592e-8695-7fa83d4c1718,X79
49884a9a-8626-584b-a9b6-c1721f080047,D14
49884a9a-8626-584b-a9b6-c1721f080047,X78
49884a9a-8626-584b-a9b6-c1721f080047,X79
3afb6535-c0c8-51c5-bec2-bfd99e0186d3,D14
3afb6535-c0c8-51c5-bec2-bfd99e0186d3,X78
3afb6535-c0c8-51c5-bec2-bfd99e0186d3,X79
28ca1403-e5df-5eeb-98a1-73e86ca746e9,D14
28ca1403-e5df-5eeb-98a1-73e86ca746e9,X78
28ca1403-e5df-5eeb-98a1-73e86ca746e9,X79
e71b60ac-4a27-5381-b342-1fbd2ce5a0cc,X02
e71b60ac-4a27-5381-b342-1fbd2ce5a0cc,C03
e71b60ac-4a27-5381-b342-1fbd2ce5a0cc,X01
cce686c1-1024-50e9-8787-1c7b21639aaf,X02
cce686c1-1024-50e9-8787-1c7b21639aaf,C03
cce686c1-1024-50e9-8787-1c7b21639aaf,X01
2eec2a74-982c-572d-9131-928d55160d1f,X78
2eec2a74-982c-572d-9131-928d55160d1f,X79
2eec2a74-982c-572d-9131-928d55160d1f,D14
e2fca70e-af72-5c64-82b9-e39fe55fce6f,D14
e2fca70e-af72-5c64-82b9-e39fe55fce6f,X78
e2fca70e-af72-5c64-82b9-e39fe55fce6f,X79
737937ba-7b56-5c68-b698-f3bed798d4b9,A01
f876c1e0-dd73-5239-9250-d866db7f455b,A00
f876c1e0-dd73-5239-9250-d866db7f455b,A01
e7b7ec77-2408-512d-8467-63d3168b5671,A00
26aa85c3-e049-5ad2-834f-79de49c8b39d,A01
fdcb1010-11a2-5205-a1af-1f7cf4b2b8b3,A00
529178f1-e8aa-5b35-b248-bdb3ed94e07b,A01
b6ed802a-feaa-5b0b-9586-c2fb21f42b65,A00
4fc5ccda-ec2c-5bf3-aada-6297811d8a5a,A01
b6f71dfa-b3d3-5699-9411-0f95adecfb48,A00
1006957c-5da5-5294-98c1-fbddf33d7664,A01
4bb6c6fd-b08c-5cc4-9386-6973d3f0e354,C01
a399f37b-5f74-58b9-a6d5-41e823c3b9f5,X06
3cf155be-fcd6-57d5-b5c9-030d339bd900,C01
1737b579-d8bf-50df-8ae4-f2c0554c49a3,X06
ed95603c-c9e5-5a30-adeb-693ed347e3fb,C01
e394a0d9-2d54-527e-bb96-c1ea93f3dbc5,X06
7ec1dc5c-f3cb-53b5-8291-5c21be23c508,C01
0fbb3277-7656-50ca-92d5-1cfd1a541c08,X06
e5fcbaf8-e17e-509a-9695-1c5bc0206010,A00
e5fcbaf8-e17e-509a-9695-1c5bc0206010,A01
e5fcbaf8-e17e-509a-9695-1c5bc0206010,C01
e5fcbaf8-e17e-509a-9695-1c5bc0206010,D01
b78b7036-1fba-5d5f-91ac-1db909a4cb14,A00
b78b7036-1fba-5d5f-91ac-1db909a4cb14,A01
b78b7036-1fba-5d5f-91ac-1db909a4cb14,C02
b78b7036-1fba-5d5f-91ac-1db909a4cb14,D01
52546c13-5046-5477-8133-6402144ff96c,A00
52546c13-5046-5477-8133-6402144ff96c,A01
52546c13-5046-5477-8133-6402144ff96c,D01
52546c13-5046-5477-8133-6402144ff96c,D07
ecc2bb4e-be7a-5cc3-afe6-7e994ff85dfa,A00
ecc2bb4e-be7a-5cc3-afe6-7e994ff85dfa,A01
ecc2bb4e-be7a-5cc3-afe6-7e994ff85dfa,C01
ecc2bb4e-be7a-5cc3-afe6-7e994ff85dfa,D01
8f8b799b-fe48-5d40-a1c9-e4b625a2865c,A01
8f8b799b-fe48-5d40-a1c9-e4b625a2865c,C00
8f8b799b-fe48-5d40-a1c9-e4b625a2865c,D01
8f8b799b-fe48-5d40-a1c9-e4b625a2865c,D09
7ce76db6-d460-5735-99d5-08e89c131404,A00
7ce76db6-d460-5735-99d5-08e89c131404,A01
7ce76db6-d460-5735-99d5-08e89c131404,C01
7ce76db6-d460-5735-99d5-08e89c131404,D01
e1a5e593-2c5a-5c4c-895d-e8ec002b60f8,A00
e1a5e593-2c5a-5c4c-895d-e8ec002b60f8,A01
e1a5e593-2c5a-5c4c-895d-e8ec002b60f8,D01
e1a5e593-2c5a-5c4c-895d-e8ec002b60f8,D07
58499bdc-3c2d-5f8b-b7c7-743b02ae3c8e,A00
58499bdc-3c2d-5f8b-b7c7-743b02ae3c8e,A01
58499bdc-3c2d-5f8b-b7c7-743b02ae3c8e,C01
58499bdc-3c2d-5f8b-b7c7-743b02ae3c8e,D01
0fd58f0a-72f3-55ae-a58d-71ae4fb3275b,A01
0fd58f0a-72f3-55ae-a58d-71ae4fb3275b,C00
0fd58f0a-72f3-55ae-a58d-71ae4fb3275b,D01
0fd58f0a-72f3-55ae-a58d-71ae4fb3275b,D09
c7d1e9bc-8b31-5d72-942f-1ede7a4a5521,A01
c7d1e9bc-8b31-5d72-942f-1ede7a4a5521,D01
c7d1e9bc-8b31-5d72-942f-1ede7a4a5521,D07
c7d1e9bc-8b31-5d72-942f-1ede7a4a5521,D10
d48131ef-0e9e-5993-b2cf-08a5051cfe19,A00
d48131ef-0e9e-5993-b2cf-08a5051cfe19,A01
d48131ef-0e9e-5993-b2cf-08a5051cfe19,C01
d48131ef-0e9e-5993-b2cf-08a5051cfe19,D01
0fd58f0a-72f3-55ae-a58d-71ae4fb3275b,A00
b0ce8d2d-1c5b-5622-b854-2fc9ae859eb5,A00
b0ce8d2d-1c5b-5622-b854-2fc9ae859eb5,A01
b0ce8d2d-1c5b-5622-b854-2fc9ae859eb5,D01
b0ce8d2d-1c5b-5622-b854-2fc9ae859eb5,D07
de01d514-283b-577b-96ff-a35cac04f1fc,A00
de01d514-283b-577b-96ff-a35cac04f1fc,A01
de01d514-283b-577b-96ff-a35cac04f1fc,D01
de01d514-283b-577b-96ff-a35cac04f1fc,D07
e5fcbaf8-e17e-509a-9695-1c5bc0206010,D07
4c9664bc-a0a5-5de9-b309-fa4c3148be1e,A01
4c9664bc-a0a5-5de9-b309-fa4c3148be1e,D01
4c9664bc-a0a5-5de9-b309-fa4c3148be1e,D07
4c9664bc-a0a5-5de9-b309-fa4c3148be1e,D10
d48131ef-0e9e-5993-b2cf-08a5051cfe19,D07
7ce76db6-d460-5735-99d5-08e89c131404,D07
edff9706-7739-5c3f-b9a8-eca74bd1afd9,A01
edff9706-7739-5c3f-b9a8-eca74bd1afd9,D01
edff9706-7739-5c3f-b9a8-eca74bd1afd9,D07
edff9706-7739-5c3f-b9a8-eca74bd1afd9,D10
0f9b9b49-a343-5552-87fc-16f069ddb6d2,A01
0f9b9b49-a343-5552-87fc-16f069ddb6d2,D01
0f9b9b49-a343-5552-87fc-16f069ddb6d2,D07
0f9b9b49-a343-5552-87fc-16f069ddb6d2,D10
58499bdc-3c2d-5f8b-b7c7-743b02ae3c8e,D07
c7d1e9bc-8b31-5d72-942f-1ede7a4a5521,D09
e5fcbaf8-e17e-509a-9695-1c5bc0206010,D84
b78b7036-1fba-5d5f-91ac-1db909a4cb14,D84
52546c13-5046-5477-8133-6402144ff96c,D84
4c9664bc-a0a5-5de9-b309-fa4c3148be1e,D84
78c79f52-95fe-547b-8b64-cb317891f2ca,A01
78c79f52-95fe-547b-8b64-cb317891f2ca,D01
78c79f52-95fe-547b-8b64-cb317891f2ca,D07
78c79f52-95fe-547b-8b64-cb317891f2ca,D84
d48131ef-0e9e-5993-b2cf-08a5051cfe19,D84
8f8b799b-fe48-5d40-a1c9-e4b625a2865c,D84
7bf65872-f994-5fab-ac3b-4c15c3a31c17,C00
7ce76db6-d460-5735-99d5-08e89c131404,D84
edff9706-7739-5c3f-b9a8-eca74bd1afd9,D84
f193ff7e-db12-5a95-b17f-43bcd4a9351d,A01
f193ff7e-db12-5a95-b17f-43bcd4a9351d,D01
f193ff7e-db12-5a95-b17f-43bcd4a9351d,D07
f193ff7e-db12-5a95-b17f-43bcd4a9351d,D84
0f9b9b49-a343-5552-87fc-16f069ddb6d2,D84
f5ba4688-ea0e-5708-8652-888564e10698,A01
f5ba4688-ea0e-5708-8652-888564e10698,D01
f5ba4688-ea0e-5708-8652-888564e10698,D07
f5ba4688-ea0e-5708-8652-888564e10698,D84
58499bdc-3c2d-5f8b-b7c7-743b02ae3c8e,D84
0fd58f0a-72f3-55ae-a58d-71ae4fb3275b,D84
4c9664bc-a0a5-5de9-b309-fa4c3148be1e,A00
0f9b9b49-a343-5552-87fc-16f069ddb6d2,A00
0fd58f0a-72f3-55ae-a58d-71ae4fb3275b,D07
e25941dc-3b2c-5e34-8bda-c0293327f06e,D01
e6b307b6-7b03-5082-bb15-d9864faf1944,D01
e6b307b6-7b03-5082-bb15-d9864faf1944,D02
01338430-54ac-53f1-97a8-812409b281da,D01
01338430-54ac-53f1-97a8-812409b281da,D04
601b3993-9019-51d7-be97-51bb06e9e1b5,A00
601b3993-9019-51d7-be97-51bb06e9e1b5,A01
ef8cdba1-21b5-55e7-9528-68741672234e,D01
28e5f858-a4f2-576b-a67b-9629e06ec52c,D01
a618e1e2-03a8-5e71-a068-a7938d6ca383,D01
43d19976-9bd0-54b1-8faa-b56e9cf39e37,D01
43d19976-9bd0-54b1-8faa-b56e9cf39e37,D02
f93e352e-9d37-504e-a9b7-5b090eb53817,D01
f93e352e-9d37-504e-a9b7-5b090eb53817,D02
780c29d7-6672-5658-aecb-39e57994883f,D01
780c29d7-6672-5658-aecb-39e57994883f,D04
19dcbda2-5bd8-5080-98c9-463b9f898e85,D01
19dcbda2-5bd8-5080-98c9-463b9f898e85,D04
7b498f84-89cf-539f-a584-722708f7e056,D01
53d59b3d-a7a7-58f1-b5fd-c234b4fe2748,D01
34c992a0-e050-5eb4-87a3-42c55df30944,A00
34c992a0-e050-5eb4-87a3-42c55df30944,A01
78ff261b-4514-58f7-bbac-cdaf2b9fdaa0,A00
78ff261b-4514-58f7-bbac-cdaf2b9fdaa0,A01
28e5f858-a4f2-576b-a67b-9629e06ec52c,Q00
a618e1e2-03a8-5e71-a068-a7938d6ca383,Q00
43d19976-9bd0-54b1-8faa-b56e9cf39e37,Q00
f93e352e-9d37-504e-a9b7-5b090eb53817,Q00
780c29d7-6672-5658-aecb-39e57994883f,Q00
19dcbda2-5bd8-5080-98c9-463b9f898e85,Q00
7b498f84-89cf-539f-a584-722708f7e056,Q00
53d59b3d-a7a7-58f1-b5fd-c234b4fe2748,Q00
34c992a0-e050-5eb4-87a3-42c55df30944,Q00
78ff261b-4514-58f7-bbac-cdaf2b9fdaa0,Q00
044145dc-436b-523b-98a4-d929ed4fe6c9,Q00
c008a30d-03a7-5522-b79f-dd21c68e0ae7,Q00
52626129-eef2-5f6f-b731-d6b65a0c6581,Q00
ca12904e-ae12-53ee-a005-f474df59c87e,Q00
bbb225be-5c45-56ee-83c7-d1b52a81d0c5,A00
bbb225be-5c45-56ee-83c7-d1b52a81d0c5,A01
bbb225be-5c45-56ee-83c7-d1b52a81d0c5,D01
306c318d-cbba-5cf1-b87c-1841b384f25f,A00
306c318d-cbba-5cf1-b87c-1841b384f25f,A01
306c318d-cbba-5cf1-b87c-1841b384f25f,D01
5b2eaeed-afe3-5014-bf5d-f75c36728ff2,A00
5b2eaeed-afe3-5014-bf5d-f75c36728ff2,A01
5b2eaeed-afe3-5014-bf5d-f75c36728ff2,D01
6f8097b3-6ceb-5cf6-88aa-991326d4fc70,A00
6f8097b3-6ceb-5cf6-88aa-991326d4fc70,A01
6f8097b3-6ceb-5cf6-88aa-991326d4fc70,D01
99f2df80-c534-50fc-857b-2f6d7f198af4,A00
99f2df80-c534-50fc-857b-2f6d7f198af4,A01
99f2df80-c534-50fc-857b-2f6d7f198af4,D01
621a1cf0-f767-53ba-bd07-2244477c6455,A00
621a1cf0-f767-53ba-bd07-2244477c6455,A01
621a1cf0-f767-53ba-bd07-2244477c6455,D01
0a2fed13-1f06-58de-8b28-d34c137042d5,A00
0a2fed13-1f06-58de-8b28-d34c137042d5,A01
0a2fed13-1f06-58de-8b28-d34c137042d5,D01
e9eb684d-d533-5574-b17c-24003c8fa52d,A00
e9eb684d-d533-5574-b17c-24003c8fa52d,A01
264e468f-cc49-570a-805e-2ee03e34b41b,A00
264e468f-cc49-570a-805e-2ee03e34b41b,A01
856bd61e-448c-5fcf-9b0c-31c039089afb,A00
856bd61e-448c-5fcf-9b0c-31c039089afb,A01
e1048c2e-c498-5425-b095-bdad7a6591e4,A00
e1048c2e-c498-5425-b095-bdad7a6591e4,A01
3ff82a7d-933d-5940-a4ac-41f81bc4f83d,A00
3ff82a7d-933d-5940-a4ac-41f81bc4f83d,A01
3ff82a7d-933d-5940-a4ac-41f81bc4f83d,D01
adbf2cd0-e3e0-5385-92b9-d74b173d08af,A00
adbf2cd0-e3e0-5385-92b9-d74b173d08af,A01
adbf2cd0-e3e0-5385-92b9-d74b173d08af,D01
da784dfc-a148-5f0a-a001-8e80da52d918,A00
da784dfc-a148-5f0a-a001-8e80da52d918,A01
25e4eee0-1f35-5d12-b871-e77234e5413d,A00
25e4eee0-1f35-5d12-b871-e77234e5413d,A01
c8a03501-b96a-58d8-a863-775e65032640,A00
c8a03501-b96a-58d8-a863-775e65032640,A01
722b210b-1e79-5813-9854-461eab71a4cf,A00
722b210b-1e79-5813-9854-461eab71a4cf,A01
4697a0c8-7af2-5b6f-9f5d-588859babc2d,A00
4697a0c8-7af2-5b6f-9f5d-588859babc2d,A01
6cc5c670-1e2a-5d65-8d13-e89598b63f4b,A00
6cc5c670-1e2a-5d65-8d13-e89598b63f4b,A01
6cc5c670-1e2a-5d65-8d13-e89598b63f4b,D01
2a88d902-c35b-5050-a1ee-73db3df667eb,A00
2a88d902-c35b-5050-a1ee-73db3df667eb,A01
2a88d902-c35b-5050-a1ee-73db3df667eb,D01
b1e3cbef-889b-58e8-926e-8aba14375dab,A00
b1e3cbef-889b-58e8-926e-8aba14375dab,A01
b1e3cbef-889b-58e8-926e-8aba14375dab,D01
82415df3-8566-5efa-a9b4-4a97adcc8c86,A00
82415df3-8566-5efa-a9b4-4a97adcc8c86,A01
82415df3-8566-5efa-a9b4-4a97adcc8c86,D01
874c8a0f-e083-5995-b4c3-cea57a7c7ac4,A00
874c8a0f-e083-5995-b4c3-cea57a7c7ac4,A01
874c8a0f-e083-5995-b4c3-cea57a7c7ac4,D01
907af31d-8c20-51ab-a4f3-178209a9402f,A00
907af31d-8c20-51ab-a4f3-178209a9402f,A01
3aefca66-7d50-5ffb-b612-785b385c6f32,A00
3aefca66-7d50-5ffb-b612-785b385c6f32,A01
3ff82a7d-933d-5940-a4ac-41f81bc4f83d,X06
3ff82a7d-933d-5940-a4ac-41f81bc4f83d,X26
bbb225be-5c45-56ee-83c7-d1b52a81d0c5,X06
bbb225be-5c45-56ee-83c7-d1b52a81d0c5,X26
525ee813-6781-5c00-8411-03e98a43fb69,A00
525ee813-6781-5c00-8411-03e98a43fb69,A01
525ee813-6781-5c00-8411-03e98a43fb69,D01
525ee813-6781-5c00-8411-03e98a43fb69,X06
525ee813-6781-5c00-8411-03e98a43fb69,X26
306c318d-cbba-5cf1-b87c-1841b384f25f,X06
306c318d-cbba-5cf1-b87c-1841b384f25f,X26
6cc5c670-1e2a-5d65-8d13-e89598b63f4b,X06
6cc5c670-1e2a-5d65-8d13-e89598b63f4b,X26
5b2eaeed-afe3-5014-bf5d-f75c36728ff2,X06
5b2eaeed-afe3-5014-bf5d-f75c36728ff2,X26
0df0adef-cfe4-5bbd-8be9-39364b17935d,A00
0df0adef-cfe4-5bbd-8be9-39364b17935d,A01
0df0adef-cfe4-5bbd-8be9-39364b17935d,D01
0df0adef-cfe4-5bbd-8be9-39364b17935d,X06
0df0adef-cfe4-5bbd-8be9-39364b17935d,X26
6f8097b3-6ceb-5cf6-88aa-991326d4fc70,X06
6f8097b3-6ceb-5cf6-88aa-991326d4fc70,X26
2a88d902-c35b-5050-a1ee-73db3df667eb,X06
2a88d902-c35b-5050-a1ee-73db3df667eb,X26
b1e3cbef-889b-58e8-926e-8aba14375dab,X06
b1e3cbef-889b-58e8-926e-8aba14375dab,X26
99f2df80-c534-50fc-857b-2f6d7f198af4,X06
99f2df80-c534-50fc-857b-2f6d7f198af4,X26
adbf2cd0-e3e0-5385-92b9-d74b173d08af,X06
adbf2cd0-e3e0-5385-92b9-d74b173d08af,X26
0a2fed13-1f06-58de-8b28-d34c137042d5,X06
0a2fed13-1f06-58de-8b28-d34c137042d5,X26
82415df3-8566-5efa-a9b4-4a97adcc8c86,X06
82415df3-8566-5efa-a9b4-4a97adcc8c86,X26
da784dfc-a148-5f0a-a001-8e80da52d918,X06
da784dfc-a148-5f0a-a001-8e80da52d918,X26
25e4eee0-1f35-5d12-b871-e77234e5413d,X06
25e4eee0-1f35-5d12-b871-e77234e5413d,X26
bafa37bb-5a25-5dc3-96bc-dd33f80b1ab0,A00
bafa37bb-5a25-5dc3-96bc-dd33f80b1ab0,A01
bafa37bb-5a25-5dc3-96bc-dd33f80b1ab0,X06
bafa37bb-5a25-5dc3-96bc-dd33f80b1ab0,X26
e9eb684d-d533-5574-b17c-24003c8fa52d,X06
e9eb684d-d533-5574-b17c-24003c8fa52d,X26
874c8a0f-e083-5995-b4c3-cea57a7c7ac4,X06
874c8a0f-e083-5995-b4c3-cea57a7c7ac4,X26
907af31d-8c20-51ab-a4f3-178209a9402f,X06
907af31d-8c20-51ab-a4f3-178209a9402f,X26
3aefca66-7d50-5ffb-b612-785b385c6f32,X06
3aefca66-7d50-5ffb-b612-785b385c6f32,X26
264e468f-cc49-570a-805e-2ee03e34b41b,X06
264e468f-cc49-570a-805e-2ee03e34b41b,X26
c2826db8-fa39-59bd-a6d3-43f0a2086a29,A00
c2826db8-fa39-59bd-a6d3-43f0a2086a29,A01
c2826db8-fa39-59bd-a6d3-43f0a2086a29,X06
c2826db8-fa39-59bd-a6d3-43f0a2086a29,X26
856bd61e-448c-5fcf-9b0c-31c039089afb,X06
856bd61e-448c-5fcf-9b0c-31c039089afb,X26
703ba658-a37c-591b-aed6-5da41641b834,A00
703ba658-a37c-591b-aed6-5da41641b834,A01
703ba658-a37c-591b-aed6-5da41641b834,X06
703ba658-a37c-591b-aed6-5da41641b834,X26
e1048c2e-c498-5425-b095-bdad7a6591e4,X06
e1048c2e-c498-5425-b095-bdad7a6591e4,X26
34105aea-3fce-52c5-9c3d-3ae2a76c2509,A00
34105aea-3fce-52c5-9c3d-3ae2a76c2509,A01
34105aea-3fce-52c5-9c3d-3ae2a76c2509,X06
34105aea-3fce-52c5-9c3d-3ae2a76c2509,X26
4697a0c8-7af2-5b6f-9f5d-588859babc2d,X06
4697a0c8-7af2-5b6f-9f5d-588859babc2d,X26
63ee24ce-19b6-551e-b4c6-7834096edf1e,A00
63ee24ce-19b6-551e-b4c6-7834096edf1e,A01
63ee24ce-19b6-551e-b4c6-7834096edf1e,D01
a847858c-df78-5506-b2a2-d7ae6bb30cda,A00
a847858c-df78-5506-b2a2-d7ae6bb30cda,A01
a847858c-df78-5506-b2a2-d7ae6bb30cda,D01
a7c8ea73-c66b-53b0-87de-fda3f4b7d838,A00
a7c8ea73-c66b-53b0-87de-fda3f4b7d838,A01
04dd8431-e3d9-568a-842e-da416500d78e,D01
c9bd2c22-d26c-552b-bbbb-d9318484c23f,A00
c9bd2c22-d26c-552b-bbbb-d9318484c23f,A01
c9bd2c22-d26c-552b-bbbb-d9318484c23f,D01
66e61193-cc79-54af-b69a-7cbef148d17c,A00
66e61193-cc79-54af-b69a-7cbef148d17c,A01
66e61193-cc79-54af-b69a-7cbef148d17c,C00
66e61193-cc79-54af-b69a-7cbef148d17c,D01
66e61193-cc79-54af-b69a-7cbef148d17c,D03
66e61193-cc79-54af-b69a-7cbef148d17c,D04
efe410cc-4044-5a76-9940-b1911d0f4be9,A00
efe410cc-4044-5a76-9940-b1911d0f4be9,A01
efe410cc-4044-5a76-9940-b1911d0f4be9,C00
efe410cc-4044-5a76-9940-b1911d0f4be9,D01
efe410cc-4044-5a76-9940-b1911d0f4be9,D03
efe410cc-4044-5a76-9940-b1911d0f4be9,D04
9cfd23c5-581a-5223-b4ce-a1a943cfd0d5,A00
9cfd23c5-581a-5223-b4ce-a1a943cfd0d5,A01
9cfd23c5-581a-5223-b4ce-a1a943cfd0d5,D01
5d8785ab-0d2e-5e2d-980e-393bfdc19587,A00
5d8785ab-0d2e-5e2d-980e-393bfdc19587,A01
5d8785ab-0d2e-5e2d-980e-393bfdc19587,C00
5d8785ab-0d2e-5e2d-980e-393bfdc19587,D01
b286cd03-eafc-59fe-af99-dc3ae4c3dbdf,A01
b286cd03-eafc-59fe-af99-dc3ae4c3dbdf,D01
b286cd03-eafc-59fe-af99-dc3ae4c3dbdf,D06
b286cd03-eafc-59fe-af99-dc3ae4c3dbdf,D07
b286cd03-eafc-59fe-af99-dc3ae4c3dbdf,D03
b286cd03-eafc-59fe-af99-dc3ae4c3dbdf,D04
b286cd03-eafc-59fe-af99-dc3ae4c3dbdf,C00
2d88597b-3509-57a1-9dc3-34aed3c2f235,A01
2d88597b-3509-57a1-9dc3-34aed3c2f235,D01
2d88597b-3509-57a1-9dc3-34aed3c2f235,D07
50ec57b1-9e30-562c-b4de-c9bb1f493b6a,A00
50ec57b1-9e30-562c-b4de-c9bb1f493b6a,A01
50ec57b1-9e30-562c-b4de-c9bb1f493b6a,D01
50ec57b1-9e30-562c-b4de-c9bb1f493b6a,D06
50ec57b1-9e30-562c-b4de-c9bb1f493b6a,D07
50ec57b1-9e30-562c-b4de-c9bb1f493b6a,D03
50ec57b1-9e30-562c-b4de-c9bb1f493b6a,D04
f8752bcd-924a-56a3-b08c-57f651091901,A01
f8752bcd-924a-56a3-b08c-57f651091901,D01
f8752bcd-924a-56a3-b08c-57f651091901,D06
f8752bcd-924a-56a3-b08c-57f651091901,D07
f8752bcd-924a-56a3-b08c-57f651091901,D03
f8752bcd-924a-56a3-b08c-57f651091901,D04
f8752bcd-924a-56a3-b08c-57f651091901,C00
16bbe1fa-d6f3-5f54-82e1-38acf2af9ae6,D03
16bbe1fa-d6f3-5f54-82e1-38acf2af9ae6,D04
16bbe1fa-d6f3-5f54-82e1-38acf2af9ae6,C00
16bbe1fa-d6f3-5f54-82e1-38acf2af9ae6,A01
16bbe1fa-d6f3-5f54-82e1-38acf2af9ae6,D01
16bbe1fa-d6f3-5f54-82e1-38acf2af9ae6,D06
16bbe1fa-d6f3-5f54-82e1-38acf2af9ae6,D07
6c3030fe-f109-500c-96d8-f745bdad3573,A00
6c3030fe-f109-500c-96d8-f745bdad3573,A01
6c3030fe-f109-500c-96d8-f745bdad3573,D01
6c3030fe-f109-500c-96d8-f745bdad3573,D06
6c3030fe-f109-500c-96d8-f745bdad3573,D07
6c3030fe-f109-500c-96d8-f745bdad3573,D03
6c3030fe-f109-500c-96d8-f745bdad3573,D04
4b874315-0392-5132-9573-40cecd22a160,D03
4b874315-0392-5132-9573-40cecd22a160,D04
4b874315-0392-5132-9573-40cecd22a160,C00
4b874315-0392-5132-9573-40cecd22a160,A01
4b874315-0392-5132-9573-40cecd22a160,D01
4b874315-0392-5132-9573-40cecd22a160,D06
4b874315-0392-5132-9573-40cecd22a160,D07
4369e0dd-f661-5282-a02c-b6aac18e35e1,A01
4369e0dd-f661-5282-a02c-b6aac18e35e1,D01
4369e0dd-f661-5282-a02c-b6aac18e35e1,D07
4369e0dd-f661-5282-a02c-b6aac18e35e1,C00
4b8c4134-864a-5152-bd71-a2eda8356014,A01
4b8c4134-864a-5152-bd71-a2eda8356014,D01
4b8c4134-864a-5152-bd71-a2eda8356014,D07
4b8c4134-864a-5152-bd71-a2eda8356014,C00
7479c242-3305-5ff9-a9d7-fc645de043dc,A01
7479c242-3305-5ff9-a9d7-fc645de043dc,D01
7479c242-3305-5ff9-a9d7-fc645de043dc,D06
7479c242-3305-5ff9-a9d7-fc645de043dc,D07
7479c242-3305-5ff9-a9d7-fc645de043dc,C00
65de34e6-661e-591f-8b1e-725f7a094367,D04
65de34e6-661e-591f-8b1e-725f7a094367,C00
65de34e6-661e-591f-8b1e-725f7a094367,A01
65de34e6-661e-591f-8b1e-725f7a094367,D01
65de34e6-661e-591f-8b1e-725f7a094367,D07
b286cd03-eafc-59fe-af99-dc3ae4c3dbdf,A00
b286cd03-eafc-59fe-af99-dc3ae4c3dbdf,D09
b286cd03-eafc-59fe-af99-dc3ae4c3dbdf,D10
b286cd03-eafc-59fe-af99-dc3ae4c3dbdf,D14
b286cd03-eafc-59fe-af99-dc3ae4c3dbdf,D15
2d88597b-3509-57a1-9dc3-34aed3c2f235,D09
2d88597b-3509-57a1-9dc3-34aed3c2f235,D10
2d88597b-3509-57a1-9dc3-34aed3c2f235,D14
2d88597b-3509-57a1-9dc3-34aed3c2f235,D15
50ec57b1-9e30-562c-b4de-c9bb1f493b6a,D09
50ec57b1-9e30-562c-b4de-c9bb1f493b6a,D10
f8752bcd-924a-56a3-b08c-57f651091901,A00
f8752bcd-924a-56a3-b08c-57f651091901,D09
f8752bcd-924a-56a3-b08c-57f651091901,D10
f8752bcd-924a-56a3-b08c-57f651091901,D14
f8752bcd-924a-56a3-b08c-57f651091901,D15
16bbe1fa-d6f3-5f54-82e1-38acf2af9ae6,A00
16bbe1fa-d6f3-5f54-82e1-38acf2af9ae6,D09
16bbe1fa-d6f3-5f54-82e1-38acf2af9ae6,D10
16bbe1fa-d6f3-5f54-82e1-38acf2af9ae6,D14
16bbe1fa-d6f3-5f54-82e1-38acf2af9ae6,D15
6c3030fe-f109-500c-96d8-f745bdad3573,D09
6c3030fe-f109-500c-96d8-f745bdad3573,D10
4b874315-0392-5132-9573-40cecd22a160,A00
4b874315-0392-5132-9573-40cecd22a160,D09
4b874315-0392-5132-9573-40cecd22a160,D10
4b874315-0392-5132-9573-40cecd22a160,D14
4b874315-0392-5132-9573-40cecd22a160,D15
4369e0dd-f661-5282-a02c-b6aac18e35e1,A00
4369e0dd-f661-5282-a02c-b6aac18e35e1,D09
4369e0dd-f661-5282-a02c-b6aac18e35e1,D10
4369e0dd-f661-5282-a02c-b6aac18e35e1,D14
4369e0dd-f661-5282-a02c-b6aac18e35e1,D15
4b8c4134-864a-5152-bd71-a2eda8356014,A00
4b8c4134-864a-5152-bd71-a2eda8356014,D09
4b8c4134-864a-5152-bd71-a2eda8356014,D10
4b8c4134-864a-5152-bd71-a2eda8356014,D14
4b8c4134-864a-5152-bd71-a2eda8356014,D15
7479c242-3305-5ff9-a9d7-fc645de043dc,A00
7479c242-3305-5ff9-a9d7-fc645de043dc,D09
7479c242-3305-5ff9-a9d7-fc645de043dc,D10
7479c242-3305-5ff9-a9d7-fc645de043dc,D14
7479c242-3305-5ff9-a9d7-fc645de043dc,D15
65de34e6-661e-591f-8b1e-725f7a094367,A00
65de34e6-661e-591f-8b1e-725f7a094367,D09
65de34e6-661e-591f-8b1e-725f7a094367,D10
65de34e6-661e-591f-8b1e-725f7a094367,D14
65de34e6-661e-591f-8b1e-725f7a094367,D15
9aec6b3f-616d-506f-936a-0c401af4134c,A00
9aec6b3f-616d-506f-936a-0c401af4134c,D01
2af82e8b-7fe3-56f6-97fc-2ea24d1178da,A00
2af82e8b-7fe3-56f6-97fc-2ea24d1178da,B00
2af82e8b-7fe3-56f6-97fc-2ea24d1178da,B08
2af82e8b-7fe3-56f6-97fc-2ea24d1178da,D01
338b7651-95d8-5983-94f6-01a52c7f123b,A00
338b7651-95d8-5983-94f6-01a52c7f123b,A01
338b7651-95d8-5983-94f6-01a52c7f123b,B00
338b7651-95d8-5983-94f6-01a52c7f123b,D01
de644031-1ee5-5076-bbe9-b45886dd4f4f,A00
de644031-1ee5-5076-bbe9-b45886dd4f4f,A01
de644031-1ee5-5076-bbe9-b45886dd4f4f,C01
de644031-1ee5-5076-bbe9-b45886dd4f4f,D01
8dc9107a-67b3-5ba3-851f-9758273428d7,A00
8dc9107a-67b3-5ba3-851f-9758273428d7,A01
8dc9107a-67b3-5ba3-851f-9758273428d7,C01
8dc9107a-67b3-5ba3-851f-9758273428d7,D01
dbe17242-ef49-5ddf-845e-ccc8cd5a8a80,A00
dbe17242-ef49-5ddf-845e-ccc8cd5a8a80,A09
dbe17242-ef49-5ddf-845e-ccc8cd5a8a80,B00
dbe17242-ef49-5ddf-845e-ccc8cd5a8a80,C20
00b03a6b-e1eb-54cd-ab41-914b321643b5,A00
00b03a6b-e1eb-54cd-ab41-914b321643b5,B00
00b03a6b-e1eb-54cd-ab41-914b321643b5,B08
00b03a6b-e1eb-54cd-ab41-914b321643b5,D01
5369c024-d430-501c-9b9c-6d5df9f7422c,A00
5369c024-d430-501c-9b9c-6d5df9f7422c,A01
5369c024-d430-501c-9b9c-6d5df9f7422c,A09
5369c024-d430-501c-9b9c-6d5df9f7422c,D01
24fdecaf-e307-5cfc-a120-77f907b910fc,A00
24fdecaf-e307-5cfc-a120-77f907b910fc,A01
24fdecaf-e307-5cfc-a120-77f907b910fc,B00
24fdecaf-e307-5cfc-a120-77f907b910fc,D01
ed5c8b78-f216-54ae-ad9b-e1661572b2a4,A00
ed5c8b78-f216-54ae-ad9b-e1661572b2a4,A09
ed5c8b78-f216-54ae-ad9b-e1661572b2a4,C20
ed5c8b78-f216-54ae-ad9b-e1661572b2a4,D01
9d40b410-6c3f-5dde-b560-8661480c1650,A00
9d40b410-6c3f-5dde-b560-8661480c1650,B00
9d40b410-6c3f-5dde-b560-8661480c1650,B08
9d40b410-6c3f-5dde-b560-8661480c1650,D07
aed6cac7-757f-5377-b142-b79af495ed7b,A00
aed6cac7-757f-5377-b142-b79af495ed7b,C04
aed6cac7-757f-5377-b142-b79af495ed7b,D01
aed6cac7-757f-5377-b142-b79af495ed7b,D10
ca460424-4355-5561-88d2-aee70af7e8c9,A00
ca460424-4355-5561-88d2-aee70af7e8c9,B00
ca460424-4355-5561-88d2-aee70af7e8c9,D01
ca460424-4355-5561-88d2-aee70af7e8c9,D10
dbbe4b0e-82e5-5a03-ad11-a75b655928ec,A00
dbbe4b0e-82e5-5a03-ad11-a75b655928ec,C00
dbbe4b0e-82e5-5a03-ad11-a75b655928ec,C20
dbbe4b0e-82e5-5a03-ad11-a75b655928ec,D01
325dee09-18a5-52b6-ac2f-3eeebe255786,A00
325dee09-18a5-52b6-ac2f-3eeebe255786,B00
325dee09-18a5-52b6-ac2f-3eeebe255786,D01
325dee09-18a5-52b6-ac2f-3eeebe255786,D07
998d62dd-9d13-5bc1-b49d-cbc461b7cf99,A00
998d62dd-9d13-5bc1-b49d-cbc461b7cf99,B00
998d62dd-9d13-5bc1-b49d-cbc461b7cf99,D01
998d62dd-9d13-5bc1-b49d-cbc461b7cf99,D07
f7bbdfab-5f76-5ee7-b7a6-5851d4b9dbf2,D01
f7bbdfab-5f76-5ee7-b7a6-5851d4b9dbf2,D07
f7bbdfab-5f76-5ee7-b7a6-5851d4b9dbf2,D14
f7bbdfab-5f76-5ee7-b7a6-5851d4b9dbf2,D15
8536add6-0047-54f9-bc5f-c01b63572137,A00
8536add6-0047-54f9-bc5f-c01b63572137,B00
8536add6-0047-54f9-bc5f-c01b63572137,B08
8536add6-0047-54f9-bc5f-c01b63572137,D01
c3131dc4-8bc9-50c4-acb4-d5d65c20c3d0,A00
c3131dc4-8bc9-50c4-acb4-d5d65c20c3d0,A01
c3131dc4-8bc9-50c4-acb4-d5d65c20c3d0,B00
c3131dc4-8bc9-50c4-acb4-d5d65c20c3d0,D01
17c8b18d-29d2-52a0-ad65-362a00613788,A00
17c8b18d-29d2-52a0-ad65-362a00613788,A09
17c8b18d-29d2-52a0-ad65-362a00613788,C20
17c8b18d-29d2-52a0-ad65-362a00613788,D01
a2bb1fef-b0a5-5acf-8e03-2838ac56d7eb,A00
a2bb1fef-b0a5-5acf-8e03-2838ac56d7eb,A09
a2bb1fef-b0a5-5acf-8e03-2838ac56d7eb,C20
a2bb1fef-b0a5-5acf-8e03-2838ac56d7eb,D01
dffba81f-f60f-52de-8214-d64cd82970cf,A00
dffba81f-f60f-52de-8214-d64cd82970cf,A01
dffba81f-f60f-52de-8214-d64cd82970cf,B00
dffba81f-f60f-52de-8214-d64cd82970cf,D01
e560aa7d-8a6d-5277-b138-5810953a03ac,A00
e560aa7d-8a6d-5277-b138-5810953a03ac,A01
e560aa7d-8a6d-5277-b138-5810953a03ac,B00
e560aa7d-8a6d-5277-b138-5810953a03ac,D01
cee3738e-1070-5a8c-bc3f-09ff9ee7bd66,A00
cee3738e-1070-5a8c-bc3f-09ff9ee7bd66,B00
cee3738e-1070-5a8c-bc3f-09ff9ee7bd66,D01
cee3738e-1070-5a8c-bc3f-09ff9ee7bd66,D07
faea6d24-7d45-5cef-99b5-58c7a54ea747,A00
faea6d24-7d45-5cef-99b5-58c7a54ea747,C00
faea6d24-7d45-5cef-99b5-58c7a54ea747,C20
faea6d24-7d45-5cef-99b5-58c7a54ea747,D01
9aec6b3f-616d-506f-936a-0c401af4134c,A01
9aec6b3f-616d-506f-936a-0c401af4134c,B00
24fdecaf-e307-5cfc-a120-77f907b910fc,D07
9d40b410-6c3f-5dde-b560-8661480c1650,D01
338b7651-95d8-5983-94f6-01a52c7f123b,A09
de644031-1ee5-5076-bbe9-b45886dd4f4f,A09
8dc9107a-67b3-5ba3-851f-9758273428d7,A09
dbe17242-ef49-5ddf-845e-ccc8cd5a8a80,A01
dbe17242-ef49-5ddf-845e-ccc8cd5a8a80,D01
00b03a6b-e1eb-54cd-ab41-914b321643b5,A09
00b03a6b-e1eb-54cd-ab41-914b321643b5,C20
5369c024-d430-501c-9b9c-6d5df9f7422c,C20
24fdecaf-e307-5cfc-a120-77f907b910fc,B08
ed5c8b78-f216-54ae-ad9b-e1661572b2a4,B00
ed5c8b78-f216-54ae-ad9b-e1661572b2a4,D07
9d40b410-6c3f-5dde-b560-8661480c1650,C04
aed6cac7-757f-5377-b142-b79af495ed7b,A09
aed6cac7-757f-5377-b142-b79af495ed7b,C00
aed6cac7-757f-5377-b142-b79af495ed7b,C20
ca460424-4355-5561-88d2-aee70af7e8c9,A09
ca460424-4355-5561-88d2-aee70af7e8c9,C00
ca460424-4355-5561-88d2-aee70af7e8c9,C20
dbbe4b0e-82e5-5a03-ad11-a75b655928ec,A01
dbbe4b0e-82e5-5a03-ad11-a75b655928ec,A09
325dee09-18a5-52b6-ac2f-3eeebe255786,A01
998d62dd-9d13-5bc1-b49d-cbc461b7cf99,A01
8536add6-0047-54f9-bc5f-c01b63572137,A01
dbbe4b0e-82e5-5a03-ad11-a75b655928ec,D07
9aec6b3f-616d-506f-936a-0c401af4134c,C03
9aec6b3f-616d-506f-936a-0c401af4134c,C04
9aec6b3f-616d-506f-936a-0c401af4134c,D07
9aec6b3f-616d-506f-936a-0c401af4134c,X01
9aec6b3f-616d-506f-936a-0c401af4134c,X07
9aec6b3f-616d-506f-936a-0c401af4134c,X08
2af82e8b-7fe3-56f6-97fc-2ea24d1178da,A01
2af82e8b-7fe3-56f6-97fc-2ea24d1178da,C03
2af82e8b-7fe3-56f6-97fc-2ea24d1178da,C04
2af82e8b-7fe3-56f6-97fc-2ea24d1178da,D07
2af82e8b-7fe3-56f6-97fc-2ea24d1178da,X01
2af82e8b-7fe3-56f6-97fc-2ea24d1178da,X03
2af82e8b-7fe3-56f6-97fc-2ea24d1178da,X04
338b7651-95d8-5983-94f6-01a52c7f123b,C03
338b7651-95d8-5983-94f6-01a52c7f123b,C04
338b7651-95d8-5983-94f6-01a52c7f123b,D07
338b7651-95d8-5983-94f6-01a52c7f123b,X01
338b7651-95d8-5983-94f6-01a52c7f123b,X07
338b7651-95d8-5983-94f6-01a52c7f123b,X08
de644031-1ee5-5076-bbe9-b45886dd4f4f,C02
de644031-1ee5-5076-bbe9-b45886dd4f4f,C03
de644031-1ee5-5076-bbe9-b45886dd4f4f,C04
de644031-1ee5-5076-bbe9-b45886dd4f4f,X01
de644031-1ee5-5076-bbe9-b45886dd4f4f,X07
de644031-1ee5-5076-bbe9-b45886dd4f4f,X08
8dc9107a-67b3-5ba3-851f-9758273428d7,C02
8dc9107a-67b3-5ba3-851f-9758273428d7,C03
8dc9107a-67b3-5ba3-851f-9758273428d7,C04
8dc9107a-67b3-5ba3-851f-9758273428d7,X01
8dc9107a-67b3-5ba3-851f-9758273428d7,X07
8dc9107a-67b3-5ba3-851f-9758273428d7,X08
dbe17242-ef49-5ddf-845e-ccc8cd5a8a80,C01
dbe17242-ef49-5ddf-845e-ccc8cd5a8a80,C02
dbe17242-ef49-5ddf-845e-ccc8cd5a8a80,C03
dbe17242-ef49-5ddf-845e-ccc8cd5a8a80,C04
dbe17242-ef49-5ddf-845e-ccc8cd5a8a80,X01
dbe17242-ef49-5ddf-845e-ccc8cd5a8a80,X07
dbe17242-ef49-5ddf-845e-ccc8cd5a8a80,X08
00b03a6b-e1eb-54cd-ab41-914b321643b5,A01
00b03a6b-e1eb-54cd-ab41-914b321643b5,A07
00b03a6b-e1eb-54cd-ab41-914b321643b5,C01
00b03a6b-e1eb-54cd-ab41-914b321643b5,C02
00b03a6b-e1eb-54cd-ab41-914b321643b5,C03
00b03a6b-e1eb-54cd-ab41-914b321643b5,C04
00b03a6b-e1eb-54cd-ab41-914b321643b5,X01
5369c024-d430-501c-9b9c-6d5df9f7422c,A07
5369c024-d430-501c-9b9c-6d5df9f7422c,C01
5369c024-d430-501c-9b9c-6d5df9f7422c,C02
5369c024-d430-501c-9b9c-6d5df9f7422c,C03
5369c024-d430-501c-9b9c-6d5df9f7422c,C04
5369c024-d430-501c-9b9c-6d5df9f7422c,X01
24fdecaf-e307-5cfc-a120-77f907b910fc,B02
24fdecaf-e307-5cfc-a120-77f907b910fc,C03
24fdecaf-e307-5cfc-a120-77f907b910fc,X07
24fdecaf-e307-5cfc-a120-77f907b910fc,X08
24fdecaf-e307-5cfc-a120-77f907b910fc,X13
ed5c8b78-f216-54ae-ad9b-e1661572b2a4,A01
ed5c8b78-f216-54ae-ad9b-e1661572b2a4,C03
ed5c8b78-f216-54ae-ad9b-e1661572b2a4,C04
ed5c8b78-f216-54ae-ad9b-e1661572b2a4,X01
ed5c8b78-f216-54ae-ad9b-e1661572b2a4,X07
ed5c8b78-f216-54ae-ad9b-e1661572b2a4,X08
9d40b410-6c3f-5dde-b560-8661480c1650,A01
9d40b410-6c3f-5dde-b560-8661480c1650,A07
9d40b410-6c3f-5dde-b560-8661480c1650,C01
9d40b410-6c3f-5dde-b560-8661480c1650,C02
9d40b410-6c3f-5dde-b560-8661480c1650,C03
9d40b410-6c3f-5dde-b560-8661480c1650,X01
aed6cac7-757f-5377-b142-b79af495ed7b,C01
aed6cac7-757f-5377-b142-b79af495ed7b,C03
aed6cac7-757f-5377-b142-b79af495ed7b,D14
aed6cac7-757f-5377-b142-b79af495ed7b,D15
aed6cac7-757f-5377-b142-b79af495ed7b,X03
aed6cac7-757f-5377-b142-b79af495ed7b,X04
aed6cac7-757f-5377-b142-b79af495ed7b,X70
aed6cac7-757f-5377-b142-b79af495ed7b,X74
ca460424-4355-5561-88d2-aee70af7e8c9,C01
ca460424-4355-5561-88d2-aee70af7e8c9,C03
ca460424-4355-5561-88d2-aee70af7e8c9,D14
ca460424-4355-5561-88d2-aee70af7e8c9,D15
ca460424-4355-5561-88d2-aee70af7e8c9,X03
ca460424-4355-5561-88d2-aee70af7e8c9,X04
ca460424-4355-5561-88d2-aee70af7e8c9,X70
ca460424-4355-5561-88d2-aee70af7e8c9,X74
dbbe4b0e-82e5-5a03-ad11-a75b655928ec,C01
dbbe4b0e-82e5-5a03-ad11-a75b655928ec,C02
dbbe4b0e-82e5-5a03-ad11-a75b655928ec,C03
dbbe4b0e-82e5-5a03-ad11-a75b655928ec,X02
dbbe4b0e-82e5-5a03-ad11-a75b655928ec,X03
dbbe4b0e-82e5-5a03-ad11-a75b655928ec,X04
dbbe4b0e-82e5-5a03-ad11-a75b655928ec,X07
dbbe4b0e-82e5-5a03-ad11-a75b655928ec,X08
325dee09-18a5-52b6-ac2f-3eeebe255786,A07
325dee09-18a5-52b6-ac2f-3eeebe255786,C01
325dee09-18a5-52b6-ac2f-3eeebe255786,C02
325dee09-18a5-52b6-ac2f-3eeebe255786,C03
325dee09-18a5-52b6-ac2f-3eeebe255786,C04
325dee09-18a5-52b6-ac2f-3eeebe255786,X01
998d62dd-9d13-5bc1-b49d-cbc461b7cf99,C03
998d62dd-9d13-5bc1-b49d-cbc461b7cf99,C04
998d62dd-9d13-5bc1-b49d-cbc461b7cf99,X01
998d62dd-9d13-5bc1-b49d-cbc461b7cf99,X07
998d62dd-9d13-5bc1-b49d-cbc461b7cf99,X08
f7bbdfab-5f76-5ee7-b7a6-5851d4b9dbf2,A01
f7bbdfab-5f76-5ee7-b7a6-5851d4b9dbf2,D09
f7bbdfab-5f76-5ee7-b7a6-5851d4b9dbf2,D10
f7bbdfab-5f76-5ee7-b7a6-5851d4b9dbf2,D11
f7bbdfab-5f76-5ee7-b7a6-5851d4b9dbf2,X25
f7bbdfab-5f76-5ee7-b7a6-5851d4b9dbf2,X78
8536add6-0047-54f9-bc5f-c01b63572137,C01
8536add6-0047-54f9-bc5f-c01b63572137,C02
8536add6-0047-54f9-bc5f-c01b63572137,C03
8536add6-0047-54f9-bc5f-c01b63572137,X03
8536add6-0047-54f9-bc5f-c01b63572137,X04
8536add6-0047-54f9-bc5f-c01b63572137,X07
8536add6-0047-54f9-bc5f-c01b63572137,X08
c3131dc4-8bc9-50c4-acb4-d5d65c20c3d0,A07
c3131dc4-8bc9-50c4-acb4-d5d65c20c3d0,C01
c3131dc4-8bc9-50c4-acb4-d5d65c20c3d0,C02
c3131dc4-8bc9-50c4-acb4-d5d65c20c3d0,C03
c3131dc4-8bc9-50c4-acb4-d5d65c20c3d0,C04
c3131dc4-8bc9-50c4-acb4-d5d65c20c3d0,X01
5be5e52d-1239-5f4d-8f58-a35b46b8b4a6,A01
5be5e52d-1239-5f4d-8f58-a35b46b8b4a6,D01
5be5e52d-1239-5f4d-8f58-a35b46b8b4a6,D07
5be5e52d-1239-5f4d-8f58-a35b46b8b4a6,D09
368693d6-f9f3-5faf-8970-132e42ef8cdb,A00
368693d6-f9f3-5faf-8970-132e42ef8cdb,A01
368693d6-f9f3-5faf-8970-132e42ef8cdb,D01
368693d6-f9f3-5faf-8970-132e42ef8cdb,D07
1eb69425-8be1-5d4c-9dd6-b747c1798a2b,A00
1eb69425-8be1-5d4c-9dd6-b747c1798a2b,A01
1eb69425-8be1-5d4c-9dd6-b747c1798a2b,D01
1eb69425-8be1-5d4c-9dd6-b747c1798a2b,D07
ef57df0a-50b4-5b4e-9549-81eafcb1b2f1,A00
ef57df0a-50b4-5b4e-9549-81eafcb1b2f1,A01
ef57df0a-50b4-5b4e-9549-81eafcb1b2f1,D01
ef57df0a-50b4-5b4e-9549-81eafcb1b2f1,D07
b1bc6f9d-e87c-5cd6-8234-56ed83234a9d,A00
b1bc6f9d-e87c-5cd6-8234-56ed83234a9d,A01
b1bc6f9d-e87c-5cd6-8234-56ed83234a9d,D01
b1bc6f9d-e87c-5cd6-8234-56ed83234a9d,D07
028391c8-6559-59d4-9641-6cac6fc7a89a,A00
028391c8-6559-59d4-9641-6cac6fc7a89a,A01
028391c8-6559-59d4-9641-6cac6fc7a89a,D01
028391c8-6559-59d4-9641-6cac6fc7a89a,D07
a185f298-8190-5235-9649-8a1ad6eb74f2,A01
a185f298-8190-5235-9649-8a1ad6eb74f2,D01
a185f298-8190-5235-9649-8a1ad6eb74f2,D07
a185f298-8190-5235-9649-8a1ad6eb74f2,D09
b9475843-87cd-5ed9-aaaf-d02b00a8633f,A00
b9475843-87cd-5ed9-aaaf-d02b00a8633f,A01
b9475843-87cd-5ed9-aaaf-d02b00a8633f,D01
b9475843-87cd-5ed9-aaaf-d02b00a8633f,D07
1a83a21e-88fd-5eb3-9293-ef4ca7e9fb37,A00
1a83a21e-88fd-5eb3-9293-ef4ca7e9fb37,A01
1a83a21e-88fd-5eb3-9293-ef4ca7e9fb37,D01
1a83a21e-88fd-5eb3-9293-ef4ca7e9fb37,D07
03214b89-6db6-582b-b6fb-2668644e9478,A00
03214b89-6db6-582b-b6fb-2668644e9478,A01
03214b89-6db6-582b-b6fb-2668644e9478,D01
03214b89-6db6-582b-b6fb-2668644e9478,D07
5f189252-212f-5e37-a001-752aff9caffa,A00
5f189252-212f-5e37-a001-752aff9caffa,A01
5f189252-212f-5e37-a001-752aff9caffa,D01
5f189252-212f-5e37-a001-752aff9caffa,D07
cdf4ae3d-c7c8-5c25-abcc-30e18d081a0a,A00
cdf4ae3d-c7c8-5c25-abcc-30e18d081a0a,A01
cdf4ae3d-c7c8-5c25-abcc-30e18d081a0a,D01
cdf4ae3d-c7c8-5c25-abcc-30e18d081a0a,D07
572a5c8e-77bc-5684-8086-8b269189592e,A00
572a5c8e-77bc-5684-8086-8b269189592e,A01
572a5c8e-77bc-5684-8086-8b269189592e,D01
572a5c8e-77bc-5684-8086-8b269189592e,D07
64d6c011-f912-5899-a836-b04c4fd6d84f,A00
64d6c011-f912-5899-a836-b04c4fd6d84f,A01
64d6c011-f912-5899-a836-b04c4fd6d84f,D01
64d6c011-f912-5899-a836-b04c4fd6d84f,D07
0db96e9e-4a70-5190-9e76-afae613c9430,A00
0db96e9e-4a70-5190-9e76-afae613c9430,A01
0db96e9e-4a70-5190-9e76-afae613c9430,D01
0db96e9e-4a70-5190-9e76-afae613c9430,D07
bcefc11c-8840-591f-9c3d-81ec638db847,A00
bcefc11c-8840-591f-9c3d-81ec638db847,A01
bcefc11c-8840-591f-9c3d-81ec638db847,D01
bcefc11c-8840-591f-9c3d-81ec638db847,D07
e488c87b-3c25-54cd-b331-5d6abf155985,C00
e488c87b-3c25-54cd-b331-5d6abf155985,D14
e488c87b-3c25-54cd-b331-5d6abf155985,D15
02418a64-5fc7-5fae-af6e-8037b2fb0226,A00
02418a64-5fc7-5fae-af6e-8037b2fb0226,A01
02418a64-5fc7-5fae-af6e-8037b2fb0226,D01
02418a64-5fc7-5fae-af6e-8037b2fb0226,D07
368693d6-f9f3-5faf-8970-132e42ef8cdb,D09
79e08477-bcc0-546f-a505-2251613d82b2,A00
79e08477-bcc0-546f-a505-2251613d82b2,A01
79e08477-bcc0-546f-a505-2251613d82b2,D01
79e08477-bcc0-546f-a505-2251613d82b2,D07
24ab350c-ae72-5228-8fe3-01dcaa174e04,A00
24ab350c-ae72-5228-8fe3-01dcaa174e04,A01
24ab350c-ae72-5228-8fe3-01dcaa174e04,D01
24ab350c-ae72-5228-8fe3-01dcaa174e04,D07
56de33da-de18-5575-9eed-dec9a127a721,A00
56de33da-de18-5575-9eed-dec9a127a721,A01
56de33da-de18-5575-9eed-dec9a127a721,D01
56de33da-de18-5575-9eed-dec9a127a721,D07
a58de21c-8f9c-553b-b2ef-b3c2f0ae0d94,A00
a58de21c-8f9c-553b-b2ef-b3c2f0ae0d94,A01
a58de21c-8f9c-553b-b2ef-b3c2f0ae0d94,D01
a58de21c-8f9c-553b-b2ef-b3c2f0ae0d94,D07
9cf33e3a-8a4d-5210-8422-a3049b506f4d,A00
9cf33e3a-8a4d-5210-8422-a3049b506f4d,A01
9cf33e3a-8a4d-5210-8422-a3049b506f4d,D01
9cf33e3a-8a4d-5210-8422-a3049b506f4d,D07
006dd7fb-b60e-50dd-9495-e60d45286c16,A00
006dd7fb-b60e-50dd-9495-e60d45286c16,A01
006dd7fb-b60e-50dd-9495-e60d45286c16,D01
006dd7fb-b60e-50dd-9495-e60d45286c16,D07
91873a8d-a794-56cd-8b7b-8f9170fc0d51,A00
91873a8d-a794-56cd-8b7b-8f9170fc0d51,A01
91873a8d-a794-56cd-8b7b-8f9170fc0d51,D01
91873a8d-a794-56cd-8b7b-8f9170fc0d51,D07
9517934e-ee66-55dc-be61-2387fc56e825,A00
9517934e-ee66-55dc-be61-2387fc56e825,A01
9517934e-ee66-55dc-be61-2387fc56e825,D01
9517934e-ee66-55dc-be61-2387fc56e825,D07
83dfea40-712e-5e58-bf23-d13b8b20e023,A00
83dfea40-712e-5e58-bf23-d13b8b20e023,A01
83dfea40-712e-5e58-bf23-d13b8b20e023,D01
83dfea40-712e-5e58-bf23-d13b8b20e023,D07
0472374d-63a7-53b6-afd0-b7f72bb91df2,A00
0472374d-63a7-53b6-afd0-b7f72bb91df2,A01
0472374d-63a7-53b6-afd0-b7f72bb91df2,D01
0472374d-63a7-53b6-afd0-b7f72bb91df2,D07
5dc66dbf-a95c-58ef-b73f-54307e79ffb2,A00
5dc66dbf-a95c-58ef-b73f-54307e79ffb2,A01
5dc66dbf-a95c-58ef-b73f-54307e79ffb2,D01
5dc66dbf-a95c-58ef-b73f-54307e79ffb2,D07
7f8321bd-d0ad-5b0b-8113-8fbd5d249513,A00
7f8321bd-d0ad-5b0b-8113-8fbd5d249513,A01
7f8321bd-d0ad-5b0b-8113-8fbd5d249513,D01
7f8321bd-d0ad-5b0b-8113-8fbd5d249513,D07
68530a61-2c3d-511a-93de-86a0a1a3a9d3,A00
68530a61-2c3d-511a-93de-86a0a1a3a9d3,A01
68530a61-2c3d-511a-93de-86a0a1a3a9d3,D01
68530a61-2c3d-511a-93de-86a0a1a3a9d3,D07
fc3aa268-1379-584b-bae9-3f9cbe2f4db1,A01
fc3aa268-1379-584b-bae9-3f9cbe2f4db1,D01
fc3aa268-1379-584b-bae9-3f9cbe2f4db1,D07
fc3aa268-1379-584b-bae9-3f9cbe2f4db1,D09
f2803f84-3b55-5e59-b157-6bbbac94fd7a,A01
f2803f84-3b55-5e59-b157-6bbbac94fd7a,D01
f2803f84-3b55-5e59-b157-6bbbac94fd7a,D07
f2803f84-3b55-5e59-b157-6bbbac94fd7a,D09
d4419be0-05a7-5062-85a1-9e80a7edfc39,A00
d4419be0-05a7-5062-85a1-9e80a7edfc39,A01
d4419be0-05a7-5062-85a1-9e80a7edfc39,D01
d4419be0-05a7-5062-85a1-9e80a7edfc39,D07
5e007896-8021-5cbf-9e3d-33c8a266f647,A00
5e007896-8021-5cbf-9e3d-33c8a266f647,A01
5e007896-8021-5cbf-9e3d-33c8a266f647,D01
5e007896-8021-5cbf-9e3d-33c8a266f647,D07
f53c9cf6-89af-5feb-b16d-9507cc4b57a9,A01
f53c9cf6-89af-5feb-b16d-9507cc4b57a9,D01
f53c9cf6-89af-5feb-b16d-9507cc4b57a9,D07
f53c9cf6-89af-5feb-b16d-9507cc4b57a9,D09
63248071-2390-5daa-928a-947a73f06f67,A00
63248071-2390-5daa-928a-947a73f06f67,A01
63248071-2390-5daa-928a-947a73f06f67,D01
63248071-2390-5daa-928a-947a73f06f67,D07
5ae24839-9e4f-5f0f-a228-bf88c32be8ee,A00
5ae24839-9e4f-5f0f-a228-bf88c32be8ee,A01
5ae24839-9e4f-5f0f-a228-bf88c32be8ee,D01
5ae24839-9e4f-5f0f-a228-bf88c32be8ee,D07
4380c26b-79c6-51aa-8a22-883ec4bd4a84,A00
4380c26b-79c6-51aa-8a22-883ec4bd4a84,A01
4380c26b-79c6-51aa-8a22-883ec4bd4a84,D01
4380c26b-79c6-51aa-8a22-883ec4bd4a84,D07
7454626b-79d1-5e11-839f-854a12635b7c,A01
7454626b-79d1-5e11-839f-854a12635b7c,D01
7454626b-79d1-5e11-839f-854a12635b7c,D07
7454626b-79d1-5e11-839f-854a12635b7c,D09
87a8ace7-37da-59a0-8875-bcd46f2eda67,A01
87a8ace7-37da-59a0-8875-bcd46f2eda67,D01
87a8ace7-37da-59a0-8875-bcd46f2eda67,D07
87a8ace7-37da-59a0-8875-bcd46f2eda67,D09
75f0eed0-8d98-5b45-ac69-9169ea15f686,A01
75f0eed0-8d98-5b45-ac69-9169ea15f686,D01
75f0eed0-8d98-5b45-ac69-9169ea15f686,D07
75f0eed0-8d98-5b45-ac69-9169ea15f686,D09
187aae46-11dc-56c6-a0a1-ffef77bb5426,A00
187aae46-11dc-56c6-a0a1-ffef77bb5426,A01
187aae46-11dc-56c6-a0a1-ffef77bb5426,D01
187aae46-11dc-56c6-a0a1-ffef77bb5426,D07
8e196aaa-d2e8-5833-90c1-83b21a378205,A00
8e196aaa-d2e8-5833-90c1-83b21a378205,A01
8e196aaa-d2e8-5833-90c1-83b21a378205,D01
8e196aaa-d2e8-5833-90c1-83b21a378205,D07
82a9415e-f8f6-5ab4-83bf-6eec012e5e87,A00
82a9415e-f8f6-5ab4-83bf-6eec012e5e87,A01
82a9415e-f8f6-5ab4-83bf-6eec012e5e87,D01
82a9415e-f8f6-5ab4-83bf-6eec012e5e87,D07
9ac0281b-4516-5506-8cca-0c9dea0949fd,C00
9ac0281b-4516-5506-8cca-0c9dea0949fd,C03
9ac0281b-4516-5506-8cca-0c9dea0949fd,D14
9ac0281b-4516-5506-8cca-0c9dea0949fd,D15
fb856203-cd6b-57f2-995a-5fa736dadb0f,A00
fb856203-cd6b-57f2-995a-5fa736dadb0f,A01
fb856203-cd6b-57f2-995a-5fa736dadb0f,D01
fb856203-cd6b-57f2-995a-5fa736dadb0f,D07
82129020-d983-58a3-b3f8-49db30426b92,A00
82129020-d983-58a3-b3f8-49db30426b92,A01
82129020-d983-58a3-b3f8-49db30426b92,D01
82129020-d983-58a3-b3f8-49db30426b92,D07
98460437-9916-5d81-9992-7e6253d02570,A00
98460437-9916-5d81-9992-7e6253d02570,A01
98460437-9916-5d81-9992-7e6253d02570,D01
98460437-9916-5d81-9992-7e6253d02570,D07
44a0456d-ea76-5e17-8251-bb691165efe9,A00
44a0456d-ea76-5e17-8251-bb691165efe9,A01
44a0456d-ea76-5e17-8251-bb691165efe9,D01
44a0456d-ea76-5e17-8251-bb691165efe9,D07
f59d5cfb-75ee-5e85-82ee-5fac0e002ec4,A00
f59d5cfb-75ee-5e85-82ee-5fac0e002ec4,A01
f59d5cfb-75ee-5e85-82ee-5fac0e002ec4,D01
f59d5cfb-75ee-5e85-82ee-5fac0e002ec4,D07
fc3aa268-1379-584b-bae9-3f9cbe2f4db1,A00
90bb63b2-2783-55b6-8eca-2191662500c0,A00
90bb63b2-2783-55b6-8eca-2191662500c0,A01
90bb63b2-2783-55b6-8eca-2191662500c0,D01
90bb63b2-2783-55b6-8eca-2191662500c0,D07
c2c8c9b5-0eeb-59e8-9233-ec1062b9fac2,A01
c2c8c9b5-0eeb-59e8-9233-ec1062b9fac2,D01
c2c8c9b5-0eeb-59e8-9233-ec1062b9fac2,D07
c2c8c9b5-0eeb-59e8-9233-ec1062b9fac2,D09
6e057415-734a-5313-8c98-1cc3e1d07718,A01
6e057415-734a-5313-8c98-1cc3e1d07718,D01
6e057415-734a-5313-8c98-1cc3e1d07718,D07
6e057415-734a-5313-8c98-1cc3e1d07718,D09
9cf33e3a-8a4d-5210-8422-a3049b506f4d,D09
9517934e-ee66-55dc-be61-2387fc56e825,D09
f59d5cfb-75ee-5e85-82ee-5fac0e002ec4,D09
ec1f3280-b67b-5542-9fda-a2167b4185d7,A01
ec1f3280-b67b-5542-9fda-a2167b4185d7,D01
ec1f3280-b67b-5542-9fda-a2167b4185d7,D07
ec1f3280-b67b-5542-9fda-a2167b4185d7,D09
68530a61-2c3d-511a-93de-86a0a1a3a9d3,D09
90bb63b2-2783-55b6-8eca-2191662500c0,D09
3746200f-45b9-5d06-ae4a-3dc2eb1a7bdf,A00
3746200f-45b9-5d06-ae4a-3dc2eb1a7bdf,A01
3746200f-45b9-5d06-ae4a-3dc2eb1a7bdf,D01
3746200f-45b9-5d06-ae4a-3dc2eb1a7bdf,D07
05898ab2-58db-55dd-b1fb-90abd15ace6c,A00
05898ab2-58db-55dd-b1fb-90abd15ace6c,A01
05898ab2-58db-55dd-b1fb-90abd15ace6c,D01
05898ab2-58db-55dd-b1fb-90abd15ace6c,D07
63248071-2390-5daa-928a-947a73f06f67,D09
5723cf52-aa50-51e4-849a-1fbe61e7bf05,A01
5723cf52-aa50-51e4-849a-1fbe61e7bf05,D01
5723cf52-aa50-51e4-849a-1fbe61e7bf05,D07
5723cf52-aa50-51e4-849a-1fbe61e7bf05,D09
67623353-c0fb-5895-8e8e-ac646b2f0de4,A01
67623353-c0fb-5895-8e8e-ac646b2f0de4,D01
67623353-c0fb-5895-8e8e-ac646b2f0de4,D07
67623353-c0fb-5895-8e8e-ac646b2f0de4,D09
d2b77e9e-aa7c-5e97-8604-ff9c557389e5,A01
d2b77e9e-aa7c-5e97-8604-ff9c557389e5,D01
d2b77e9e-aa7c-5e97-8604-ff9c557389e5,D07
d2b77e9e-aa7c-5e97-8604-ff9c557389e5,D09
82a9415e-f8f6-5ab4-83bf-6eec012e5e87,D14
82a9415e-f8f6-5ab4-83bf-6eec012e5e87,C00
82a9415e-f8f6-5ab4-83bf-6eec012e5e87,C03
50ba6ec2-5b31-56eb-9062-2c52f6546e5a,A01
50ba6ec2-5b31-56eb-9062-2c52f6546e5a,D01
50ba6ec2-5b31-56eb-9062-2c52f6546e5a,D07
50ba6ec2-5b31-56eb-9062-2c52f6546e5a,D09
e488c87b-3c25-54cd-b331-5d6abf155985,C03
6786e02c-2b7f-5879-8510-7961743458d2,A00
6786e02c-2b7f-5879-8510-7961743458d2,A01
6786e02c-2b7f-5879-8510-7961743458d2,D01
6786e02c-2b7f-5879-8510-7961743458d2,D07
f2803f84-3b55-5e59-b157-6bbbac94fd7a,A00
f53c9cf6-89af-5feb-b16d-9507cc4b57a9,A00
c2c8c9b5-0eeb-59e8-9233-ec1062b9fac2,A00
7454626b-79d1-5e11-839f-854a12635b7c,A00
87a8ace7-37da-59a0-8875-bcd46f2eda67,A00
75f0eed0-8d98-5b45-ac69-9169ea15f686,A00
9ac0281b-4516-5506-8cca-0c9dea0949fd,A00
9ac0281b-4516-5506-8cca-0c9dea0949fd,A01
9ac0281b-4516-5506-8cca-0c9dea0949fd,D01
9cf33e3a-8a4d-5210-8422-a3049b506f4d,Q00
006dd7fb-b60e-50dd-9495-e60d45286c16,Q00
91873a8d-a794-56cd-8b7b-8f9170fc0d51,Q00
82129020-d983-58a3-b3f8-49db30426b92,Q00
9517934e-ee66-55dc-be61-2387fc56e825,Q00
98460437-9916-5d81-9992-7e6253d02570,Q00
44a0456d-ea76-5e17-8251-bb691165efe9,Q00
83dfea40-712e-5e58-bf23-d13b8b20e023,Q00
0472374d-63a7-53b6-afd0-b7f72bb91df2,Q00
f59d5cfb-75ee-5e85-82ee-5fac0e002ec4,Q00
ec1f3280-b67b-5542-9fda-a2167b4185d7,Q00
68530a61-2c3d-511a-93de-86a0a1a3a9d3,Q00
fc3aa268-1379-584b-bae9-3f9cbe2f4db1,Q00
f2803f84-3b55-5e59-b157-6bbbac94fd7a,Q00
d4419be0-05a7-5062-85a1-9e80a7edfc39,Q00
5e007896-8021-5cbf-9e3d-33c8a266f647,Q00
90bb63b2-2783-55b6-8eca-2191662500c0,Q00
3746200f-45b9-5d06-ae4a-3dc2eb1a7bdf,Q00
05898ab2-58db-55dd-b1fb-90abd15ace6c,Q00
f53c9cf6-89af-5feb-b16d-9507cc4b57a9,Q00
c2c8c9b5-0eeb-59e8-9233-ec1062b9fac2,Q00
63248071-2390-5daa-928a-947a73f06f67,Q00
5ae24839-9e4f-5f0f-a228-bf88c32be8ee,Q00
4380c26b-79c6-51aa-8a22-883ec4bd4a84,Q00
5723cf52-aa50-51e4-849a-1fbe61e7bf05,Q00
7454626b-79d1-5e11-839f-854a12635b7c,Q00
67623353-c0fb-5895-8e8e-ac646b2f0de4,Q00
87a8ace7-37da-59a0-8875-bcd46f2eda67,Q00
75f0eed0-8d98-5b45-ac69-9169ea15f686,Q00
187aae46-11dc-56c6-a0a1-ffef77bb5426,Q00
6e057415-734a-5313-8c98-1cc3e1d07718,Q00
d2b77e9e-aa7c-5e97-8604-ff9c557389e5,Q00
8e196aaa-d2e8-5833-90c1-83b21a378205,Q00
82a9415e-f8f6-5ab4-83bf-6eec012e5e87,Q00
fb856203-cd6b-57f2-995a-5fa736dadb0f,Q00
50ba6ec2-5b31-56eb-9062-2c52f6546e5a,Q00
b4086c37-e975-5bd3-b4cf-00afbca8b78e,A00
b4086c37-e975-5bd3-b4cf-00afbca8b78e,A01
801d7b78-8030-54db-a574-9978e2f82860,A00
801d7b78-8030-54db-a574-9978e2f82860,A01
10e4cd1f-32bd-555d-9b5a-d85c6ea7c14c,A00
10e4cd1f-32bd-555d-9b5a-d85c6ea7c14c,A01
632142b7-0fb1-56c1-8115-0a295acb8776,A00
632142b7-0fb1-56c1-8115-0a295acb8776,A01
50695534-6572-545d-9c80-68ca2b9e8dd8,A00
50695534-6572-545d-9c80-68ca2b9e8dd8,A01
50695534-6572-545d-9c80-68ca2b9e8dd8,C01
a82c3b36-5e75-516b-ad24-ca7575d6c6e4,A00
a82c3b36-5e75-516b-ad24-ca7575d6c6e4,A01
a82c3b36-5e75-516b-ad24-ca7575d6c6e4,C01
50007cc3-2be5-5f3a-9a10-ffac9451cc0e,C01
7b3e9900-1fe6-54ed-8350-ee7b609ee057,C01
9c648106-2fa2-5d18-bb01-b119efd73344,A00
9c648106-2fa2-5d18-bb01-b119efd73344,A01
9c648106-2fa2-5d18-bb01-b119efd73344,D01
9c648106-2fa2-5d18-bb01-b119efd73344,C00
09dff67d-8027-52b9-aae7-92e23f636c04,A00
09dff67d-8027-52b9-aae7-92e23f636c04,A01
09dff67d-8027-52b9-aae7-92e23f636c04,C00
09dff67d-8027-52b9-aae7-92e23f636c04,D01
a920d4c1-0f6d-5c22-8f02-c2baa263e855,A00
a920d4c1-0f6d-5c22-8f02-c2baa263e855,A01
a920d4c1-0f6d-5c22-8f02-c2baa263e855,C00
a920d4c1-0f6d-5c22-8f02-c2baa263e855,D01
395aa59e-666f-5578-9c0e-999da809b3ca,A00
395aa59e-666f-5578-9c0e-999da809b3ca,A01
395aa59e-666f-5578-9c0e-999da809b3ca,C00
395aa59e-666f-5578-9c0e-999da809b3ca,D01
36e11618-fdff-5bee-8731-fb80e0018eb1,A00
36e11618-fdff-5bee-8731-fb80e0018eb1,A01
36e11618-fdff-5bee-8731-fb80e0018eb1,D01
36e11618-fdff-5bee-8731-fb80e0018eb1,C00
6d9b5aa2-551e-55b2-9796-3aff513d3593,A00
6d9b5aa2-551e-55b2-9796-3aff513d3593,A01
6d9b5aa2-551e-55b2-9796-3aff513d3593,C00
6d9b5aa2-551e-55b2-9796-3aff513d3593,D01
f464bf76-0dfa-5e31-b2c4-8a43e4d17c0d,A00
f464bf76-0dfa-5e31-b2c4-8a43e4d17c0d,A01
f464bf76-0dfa-5e31-b2c4-8a43e4d17c0d,C00
f464bf76-0dfa-5e31-b2c4-8a43e4d17c0d,D01
a3b684be-b442-562c-bc6c-1f559ef405b2,A00
a3b684be-b442-562c-bc6c-1f559ef405b2,A01
a3b684be-b442-562c-bc6c-1f559ef405b2,C00
a3b684be-b442-562c-bc6c-1f559ef405b2,D09
e0e7d047-6c07-54d2-8ad4-a8db29cb2e7f,A00
e0e7d047-6c07-54d2-8ad4-a8db29cb2e7f,A01
e0e7d047-6c07-54d2-8ad4-a8db29cb2e7f,C00
e0e7d047-6c07-54d2-8ad4-a8db29cb2e7f,D01
b492433d-aadc-582a-8e0a-30aa700777a3,A00
b492433d-aadc-582a-8e0a-30aa700777a3,A01
b492433d-aadc-582a-8e0a-30aa700777a3,C00
b492433d-aadc-582a-8e0a-30aa700777a3,D01
abdff77e-474f-5fe0-a682-e812c5e243cb,A00
abdff77e-474f-5fe0-a682-e812c5e243cb,A01
abdff77e-474f-5fe0-a682-e812c5e243cb,C00
abdff77e-474f-5fe0-a682-e812c5e243cb,D01
d1649d53-df5a-5d24-a90b-7b79a98f091a,A00
d1649d53-df5a-5d24-a90b-7b79a98f091a,A01
d1649d53-df5a-5d24-a90b-7b79a98f091a,D01
d1649d53-df5a-5d24-a90b-7b79a98f091a,C00
5f4aa996-b46a-584c-986c-2612004f7c0a,A00
5f4aa996-b46a-584c-986c-2612004f7c0a,A01
5f4aa996-b46a-584c-986c-2612004f7c0a,C00
5f4aa996-b46a-584c-986c-2612004f7c0a,D01
26880401-3340-5e12-be2b-d0fb4329c58f,A00
26880401-3340-5e12-be2b-d0fb4329c58f,A01
26880401-3340-5e12-be2b-d0fb4329c58f,D01
26880401-3340-5e12-be2b-d0fb4329c58f,D09
fec40673-87cb-586e-87e9-94ce2a214320,A00
fec40673-87cb-586e-87e9-94ce2a214320,A01
fec40673-87cb-586e-87e9-94ce2a214320,C00
fec40673-87cb-586e-87e9-94ce2a214320,D01
e98ffc32-31b6-529a-b27f-4997cb7b119a,C00
a3b684be-b442-562c-bc6c-1f559ef405b2,D01
9a5a2b08-8225-5bf5-8944-3d112c61dbb7,A00
9a5a2b08-8225-5bf5-8944-3d112c61dbb7,A01
9a5a2b08-8225-5bf5-8944-3d112c61dbb7,C00
9a5a2b08-8225-5bf5-8944-3d112c61dbb7,D01
80fd8d61-a8bb-54a9-8abd-27151b13bbbc,C00
80fd8d61-a8bb-54a9-8abd-27151b13bbbc,A00
80fd8d61-a8bb-54a9-8abd-27151b13bbbc,A01
80fd8d61-a8bb-54a9-8abd-27151b13bbbc,D01
faecd27e-d92b-51b5-9d18-1fff76ea8a82,A00
faecd27e-d92b-51b5-9d18-1fff76ea8a82,A01
faecd27e-d92b-51b5-9d18-1fff76ea8a82,D01
faecd27e-d92b-51b5-9d18-1fff76ea8a82,C00
9c648106-2fa2-5d18-bb01-b119efd73344,D09
9c648106-2fa2-5d18-bb01-b119efd73344,X25
80fd8d61-a8bb-54a9-8abd-27151b13bbbc,D09
80fd8d61-a8bb-54a9-8abd-27151b13bbbc,X25
a920d4c1-0f6d-5c22-8f02-c2baa263e855,D14
a920d4c1-0f6d-5c22-8f02-c2baa263e855,D15
395aa59e-666f-5578-9c0e-999da809b3ca,B03
395aa59e-666f-5578-9c0e-999da809b3ca,B08
7e9bcbb8-5c92-55e5-9482-d54a39001216,A00
7e9bcbb8-5c92-55e5-9482-d54a39001216,A01
7e9bcbb8-5c92-55e5-9482-d54a39001216,D01
7e9bcbb8-5c92-55e5-9482-d54a39001216,C00
6d9b5aa2-551e-55b2-9796-3aff513d3593,D14
6d9b5aa2-551e-55b2-9796-3aff513d3593,D15
f464bf76-0dfa-5e31-b2c4-8a43e4d17c0d,D14
f464bf76-0dfa-5e31-b2c4-8a43e4d17c0d,D15
a3b684be-b442-562c-bc6c-1f559ef405b2,X26
e0e7d047-6c07-54d2-8ad4-a8db29cb2e7f,D14
e0e7d047-6c07-54d2-8ad4-a8db29cb2e7f,D15
ee5086a4-eb18-5d2a-93ab-0491c68264c0,C00
c6a93e7f-6565-50cf-a0ab-49f944a63ebe,A01
c6a93e7f-6565-50cf-a0ab-49f944a63ebe,D01
c6a93e7f-6565-50cf-a0ab-49f944a63ebe,D07
4394312a-9701-53b7-87ce-30fb0b4a0818,A01
4394312a-9701-53b7-87ce-30fb0b4a0818,D01
4394312a-9701-53b7-87ce-30fb0b4a0818,D07
1966c9a5-7b73-5af5-bd7a-8b1fe5253e67,A00
1966c9a5-7b73-5af5-bd7a-8b1fe5253e67,A01
1966c9a5-7b73-5af5-bd7a-8b1fe5253e67,D01
1966c9a5-7b73-5af5-bd7a-8b1fe5253e67,D07
14452418-0ce5-5aa7-b5e1-7c30b0df0cfe,A00
14452418-0ce5-5aa7-b5e1-7c30b0df0cfe,A01
14452418-0ce5-5aa7-b5e1-7c30b0df0cfe,D07
48002be3-b766-5029-b9be-260b6d048223,A01
48002be3-b766-5029-b9be-260b6d048223,D01
48002be3-b766-5029-b9be-260b6d048223,D07
891f33f8-36f0-5f30-893e-50cc693b5f14,A01
891f33f8-36f0-5f30-893e-50cc693b5f14,D01
891f33f8-36f0-5f30-893e-50cc693b5f14,D07
648de4a9-a0d5-5bf1-933c-4af6aa7668c4,A01
648de4a9-a0d5-5bf1-933c-4af6aa7668c4,D01
648de4a9-a0d5-5bf1-933c-4af6aa7668c4,D07
a09be5a2-5b14-5555-80e8-71ac0fcb8a0f,D01
744c55e3-f144-5492-be13-cdb693633d8d,A00
744c55e3-f144-5492-be13-cdb693633d8d,A01
6798c741-5a62-5853-84a0-194652af10ef,D01
ab7f8112-2e2f-54ec-a3c6-ba9ddea362a7,A01
ab7f8112-2e2f-54ec-a3c6-ba9ddea362a7,D01
ab7f8112-2e2f-54ec-a3c6-ba9ddea362a7,D07
8adb00bb-2498-59cb-b547-ed497b936147,A01
8adb00bb-2498-59cb-b547-ed497b936147,D01
8adb00bb-2498-59cb-b547-ed497b936147,D07
ec9ebef2-fbe2-56c5-aedb-87903ed21207,A00
ec9ebef2-fbe2-56c5-aedb-87903ed21207,A01
ec9ebef2-fbe2-56c5-aedb-87903ed21207,D01
ec9ebef2-fbe2-56c5-aedb-87903ed21207,D07
d77b3c7f-4db3-585d-bc6f-532e13fac2d7,A00
d77b3c7f-4db3-585d-bc6f-532e13fac2d7,A01
d77b3c7f-4db3-585d-bc6f-532e13fac2d7,D01
d77b3c7f-4db3-585d-bc6f-532e13fac2d7,D07
4cdd1469-f171-5e02-8cda-2f0937e550e8,A00
4cdd1469-f171-5e02-8cda-2f0937e550e8,A01
4cdd1469-f171-5e02-8cda-2f0937e550e8,D01
4cdd1469-f171-5e02-8cda-2f0937e550e8,D07
175e2ec1-7291-58e8-b35b-fa292cccc8c7,A00
175e2ec1-7291-58e8-b35b-fa292cccc8c7,A01
175e2ec1-7291-58e8-b35b-fa292cccc8c7,D01
175e2ec1-7291-58e8-b35b-fa292cccc8c7,D07
744c55e3-f144-5492-be13-cdb693633d8d,D01
744c55e3-f144-5492-be13-cdb693633d8d,D07
f5178618-7aa7-5259-af89-fe92c7904864,A01
f5178618-7aa7-5259-af89-fe92c7904864,D01
f5178618-7aa7-5259-af89-fe92c7904864,D07
41bee15f-0d14-5432-a173-6ca771cd64ed,A01
41bee15f-0d14-5432-a173-6ca771cd64ed,D01
41bee15f-0d14-5432-a173-6ca771cd64ed,D07
7d702366-9886-59d7-ab24-06db78fa2e99,A01
7d702366-9886-59d7-ab24-06db78fa2e99,D01
7d702366-9886-59d7-ab24-06db78fa2e99,D07
bdfa5231-fc8f-5265-b19f-f8942f680896,A01
bdfa5231-fc8f-5265-b19f-f8942f680896,D01
bdfa5231-fc8f-5265-b19f-f8942f680896,D07
fb91fd34-c31f-5051-b6c4-73076025d95f,A01
fb91fd34-c31f-5051-b6c4-73076025d95f,D01
fb91fd34-c31f-5051-b6c4-73076025d95f,D07
e556f5f1-6a52-53bb-939e-b58862cae8db,A01
e556f5f1-6a52-53bb-939e-b58862cae8db,D01
e556f5f1-6a52-53bb-939e-b58862cae8db,D07
2792e900-6699-5447-8d93-95a81502e9f6,A01
2792e900-6699-5447-8d93-95a81502e9f6,D01
2792e900-6699-5447-8d93-95a81502e9f6,D07
b05b8992-5d04-5fcd-b1a9-27d634590ac7,A01
b05b8992-5d04-5fcd-b1a9-27d634590ac7,D01
b05b8992-5d04-5fcd-b1a9-27d634590ac7,D07
4394312a-9701-53b7-87ce-30fb0b4a0818,A00
812196c7-29d4-5052-bb9c-72bdd2b2e80d,A00
812196c7-29d4-5052-bb9c-72bdd2b2e80d,A01
812196c7-29d4-5052-bb9c-72bdd2b2e80d,D01
812196c7-29d4-5052-bb9c-72bdd2b2e80d,D07
8b6cc808-5f47-5089-bc78-82d722081b13,A00
8b6cc808-5f47-5089-bc78-82d722081b13,A01
8b6cc808-5f47-5089-bc78-82d722081b13,D01
8b6cc808-5f47-5089-bc78-82d722081b13,D07
92ef9e63-ed76-50b9-b313-5eed04ace57f,A01
92ef9e63-ed76-50b9-b313-5eed04ace57f,D01
92ef9e63-ed76-50b9-b313-5eed04ace57f,D07
b84b2e5c-221b-5efd-b249-584582b11823,A00
b84b2e5c-221b-5efd-b249-584582b11823,A01
b84b2e5c-221b-5efd-b249-584582b11823,D01
b84b2e5c-221b-5efd-b249-584582b11823,D07
52a1f35c-2094-5b04-bd9f-0741d6fd948a,A01
52a1f35c-2094-5b04-bd9f-0741d6fd948a,D01
52a1f35c-2094-5b04-bd9f-0741d6fd948a,D07
d87323b4-14c4-595c-80b8-75df3cf7671c,A00
d87323b4-14c4-595c-80b8-75df3cf7671c,A01
d87323b4-14c4-595c-80b8-75df3cf7671c,D01
d87323b4-14c4-595c-80b8-75df3cf7671c,D07
42ef3d9d-9cd9-5ecc-b603-c855663f2360,A01
42ef3d9d-9cd9-5ecc-b603-c855663f2360,D01
42ef3d9d-9cd9-5ecc-b603-c855663f2360,D07
b5bcb95a-ba9e-51d6-b504-a716bbee1f74,A00
b5bcb95a-ba9e-51d6-b504-a716bbee1f74,A01
b5bcb95a-ba9e-51d6-b504-a716bbee1f74,D01
b5bcb95a-ba9e-51d6-b504-a716bbee1f74,D07
3fcdf96d-05ff-5bfe-84ad-aafac5bdecd7,A01
3fcdf96d-05ff-5bfe-84ad-aafac5bdecd7,D01
3fcdf96d-05ff-5bfe-84ad-aafac5bdecd7,D07
42a39a2d-812e-5dde-984e-8c2127590f13,A01
42a39a2d-812e-5dde-984e-8c2127590f13,D01
42a39a2d-812e-5dde-984e-8c2127590f13,D07
55e97283-0638-54a9-967b-b189d50a61af,A01
55e97283-0638-54a9-967b-b189d50a61af,D01
55e97283-0638-54a9-967b-b189d50a61af,D07
3050b662-bfda-5eb4-a76f-a386a844506a,A01
3050b662-bfda-5eb4-a76f-a386a844506a,D01
3050b662-bfda-5eb4-a76f-a386a844506a,D07
37ad5091-6604-54b9-9216-aeae35ce7b1a,A01
37ad5091-6604-54b9-9216-aeae35ce7b1a,D01
37ad5091-6604-54b9-9216-aeae35ce7b1a,D07
0a6181e8-5769-59e8-b79a-14c62de43761,A00
0a6181e8-5769-59e8-b79a-14c62de43761,A01
0a6181e8-5769-59e8-b79a-14c62de43761,D01
0a6181e8-5769-59e8-b79a-14c62de43761,D07
3750f2e7-c359-5f08-a1c5-1e377e9de8ef,A01
3750f2e7-c359-5f08-a1c5-1e377e9de8ef,D01
3750f2e7-c359-5f08-a1c5-1e377e9de8ef,D07
494a5651-a554-5e99-be3b-05a5c07ba7b1,A01
494a5651-a554-5e99-be3b-05a5c07ba7b1,D01
494a5651-a554-5e99-be3b-05a5c07ba7b1,D07
c8ddcd94-109a-5288-b5f7-f9e0beca628b,A01
c8ddcd94-109a-5288-b5f7-f9e0beca628b,D01
c8ddcd94-109a-5288-b5f7-f9e0beca628b,D07
2ddaf627-5b0d-5505-b1cc-d5b94d6e354d,A00
2ddaf627-5b0d-5505-b1cc-d5b94d6e354d,A01
2ddaf627-5b0d-5505-b1cc-d5b94d6e354d,D01
2ddaf627-5b0d-5505-b1cc-d5b94d6e354d,D07
a89dd906-e417-5862-8765-c7085ff2d263,A01
a89dd906-e417-5862-8765-c7085ff2d263,D01
a89dd906-e417-5862-8765-c7085ff2d263,D07
c96b5c65-92f5-5db4-9be5-129f4cee6719,A00
c96b5c65-92f5-5db4-9be5-129f4cee6719,A01
c96b5c65-92f5-5db4-9be5-129f4cee6719,D01
c96b5c65-92f5-5db4-9be5-129f4cee6719,D07
5c6aac15-1731-5275-a5c3-fac1362f761f,A00
5c6aac15-1731-5275-a5c3-fac1362f761f,A01
5c6aac15-1731-5275-a5c3-fac1362f761f,D01
5c6aac15-1731-5275-a5c3-fac1362f761f,D07
24e62589-49c1-5408-bc6e-bbc5c0e04fd7,A00
24e62589-49c1-5408-bc6e-bbc5c0e04fd7,A01
24e62589-49c1-5408-bc6e-bbc5c0e04fd7,D01
24e62589-49c1-5408-bc6e-bbc5c0e04fd7,D07
bf0c7eab-0777-5f1a-852a-592e55aefd64,A00
bf0c7eab-0777-5f1a-852a-592e55aefd64,A01
bf0c7eab-0777-5f1a-852a-592e55aefd64,D01
bf0c7eab-0777-5f1a-852a-592e55aefd64,D07
938dec01-8400-503c-883c-d14adafc3caa,A00
938dec01-8400-503c-883c-d14adafc3caa,B00
750088c0-d1c5-5226-9913-c760a7a5b2ce,B00
3a331680-f73e-5967-b909-241808b22d9c,A00
3fc59f8f-a13d-5afe-a6dc-66e271a9fee7,A00
3fc59f8f-a13d-5afe-a6dc-66e271a9fee7,B00
411a6eae-0769-5942-9864-1dd4d3e8318f,A00
411a6eae-0769-5942-9864-1dd4d3e8318f,B00
68db63fb-6806-527b-83ef-1d80caffcb32,A00
68db63fb-6806-527b-83ef-1d80caffcb32,B00
5a851817-62dd-5e52-86da-c495a52f2037,A00
5a851817-62dd-5e52-86da-c495a52f2037,B00
3ea0d76f-bc92-572a-9e1e-710fc95a4c4a,B00
4bf7a520-11c5-5583-bdb8-c4b6cac94fb7,B00
ed2456b8-6cf1-58ac-b4eb-15f999e6df36,A00
4184387e-a5c6-55ca-aab2-5563d450f661,A00
a3257f6f-5c62-52bd-bf27-eae0d64bdd7c,A00
5c56381c-d71b-5922-8b84-79e0fc58cec3,A00
3fc59f8f-a13d-5afe-a6dc-66e271a9fee7,D07
411a6eae-0769-5942-9864-1dd4d3e8318f,D07
68db63fb-6806-527b-83ef-1d80caffcb32,D07
5a851817-62dd-5e52-86da-c495a52f2037,D07
ed2456b8-6cf1-58ac-b4eb-15f999e6df36,D07
4184387e-a5c6-55ca-aab2-5563d450f661,D07
a3257f6f-5c62-52bd-bf27-eae0d64bdd7c,D07
5c56381c-d71b-5922-8b84-79e0fc58cec3,D07
3fc59f8f-a13d-5afe-a6dc-66e271a9fee7,Q00
411a6eae-0769-5942-9864-1dd4d3e8318f,Q00
68db63fb-6806-527b-83ef-1d80caffcb32,Q00
5a851817-62dd-5e52-86da-c495a52f2037,Q00
ed2456b8-6cf1-58ac-b4eb-15f999e6df36,Q00
4184387e-a5c6-55ca-aab2-5563d450f661,Q00
a3257f6f-5c62-52bd-bf27-eae0d64bdd7c,Q00
5c56381c-d71b-5922-8b84-79e0fc58cec3,Q00
6bf75415-f10b-556f-bc2a-5e5fdaf8007f,A00
6bf75415-f10b-556f-bc2a-5e5fdaf8007f,A01
6bf75415-f10b-556f-bc2a-5e5fdaf8007f,C00
6bf75415-f10b-556f-bc2a-5e5fdaf8007f,D01
897fc084-e7f4-5cbb-a47c-2b411f206181,A00
897fc084-e7f4-5cbb-a47c-2b411f206181,A01
897fc084-e7f4-5cbb-a47c-2b411f206181,D01
897fc084-e7f4-5cbb-a47c-2b411f206181,D10
83c5b734-0acc-51de-b424-26983887d3fb,A00
83c5b734-0acc-51de-b424-26983887d3fb,B00
83c5b734-0acc-51de-b424-26983887d3fb,C00
83c5b734-0acc-51de-b424-26983887d3fb,D01
b5bbe42d-c71e-58cd-b2ac-35ef41474d51,A00
b5bbe42d-c71e-58cd-b2ac-35ef41474d51,A01
b5bbe42d-c71e-58cd-b2ac-35ef41474d51,C00
b5bbe42d-c71e-58cd-b2ac-35ef41474d51,D01
bba6dc9e-a801-5356-9a15-6741860c8713,A01
bba6dc9e-a801-5356-9a15-6741860c8713,D01
bba6dc9e-a801-5356-9a15-6741860c8713,D10
bba6dc9e-a801-5356-9a15-6741860c8713,D14
bbf4edfa-210c-5dc3-a051-9430d7ad98fe,A00
bbf4edfa-210c-5dc3-a051-9430d7ad98fe,B00
bbf4edfa-210c-5dc3-a051-9430d7ad98fe,C00
bbf4edfa-210c-5dc3-a051-9430d7ad98fe,D01
bbf4edfa-210c-5dc3-a051-9430d7ad98fe,X70
bbf4edfa-210c-5dc3-a051-9430d7ad98fe,X74
6bf75415-f10b-556f-bc2a-5e5fdaf8007f,X70
6bf75415-f10b-556f-bc2a-5e5fdaf8007f,X74
bba6dc9e-a801-5356-9a15-6741860c8713,X25
bba6dc9e-a801-5356-9a15-6741860c8713,X78
897fc084-e7f4-5cbb-a47c-2b411f206181,X25
897fc084-e7f4-5cbb-a47c-2b411f206181,X26
83c5b734-0acc-51de-b424-26983887d3fb,X70
83c5b734-0acc-51de-b424-26983887d3fb,X74
2320ec9b-ce42-5d8b-987e-1314e9df6546,A00
2320ec9b-ce42-5d8b-987e-1314e9df6546,A01
2320ec9b-ce42-5d8b-987e-1314e9df6546,C00
2320ec9b-ce42-5d8b-987e-1314e9df6546,D01
2320ec9b-ce42-5d8b-987e-1314e9df6546,X70
2320ec9b-ce42-5d8b-987e-1314e9df6546,X74
89444654-d972-54aa-9816-4b3c54981cd6,A00
89444654-d972-54aa-9816-4b3c54981cd6,A01
89444654-d972-54aa-9816-4b3c54981cd6,D01
89444654-d972-54aa-9816-4b3c54981cd6,D10
89444654-d972-54aa-9816-4b3c54981cd6,X06
89444654-d972-54aa-9816-4b3c54981cd6,X26
8411b5ab-2272-5f40-9c76-340af422b81f,A09
8411b5ab-2272-5f40-9c76-340af422b81f,C00
8411b5ab-2272-5f40-9c76-340af422b81f,C20
8411b5ab-2272-5f40-9c76-340af422b81f,D01
12bec85b-4c94-5270-8a96-16fcda93efc4,A09
12bec85b-4c94-5270-8a96-16fcda93efc4,C00
12bec85b-4c94-5270-8a96-16fcda93efc4,C20
12bec85b-4c94-5270-8a96-16fcda93efc4,D01
83956017-e864-54a8-b9c1-75e6681091b5,A00
83956017-e864-54a8-b9c1-75e6681091b5,A09
83956017-e864-54a8-b9c1-75e6681091b5,C00
83956017-e864-54a8-b9c1-75e6681091b5,C20
f8dc059c-8805-5984-8476-b29ad9607a95,C00
f8dc059c-8805-5984-8476-b29ad9607a95,C20
f8dc059c-8805-5984-8476-b29ad9607a95,D01
f8dc059c-8805-5984-8476-b29ad9607a95,D66
a7eab8d8-2a65-5a4c-b058-8d8f79f10e1e,A00
a7eab8d8-2a65-5a4c-b058-8d8f79f10e1e,A09
a7eab8d8-2a65-5a4c-b058-8d8f79f10e1e,C00
a7eab8d8-2a65-5a4c-b058-8d8f79f10e1e,C20
a7eab8d8-2a65-5a4c-b058-8d8f79f10e1e,D01
3c36da1a-796d-5de8-a6ad-13335f687982,A00
3c36da1a-796d-5de8-a6ad-13335f687982,A09
3c36da1a-796d-5de8-a6ad-13335f687982,C00
3c36da1a-796d-5de8-a6ad-13335f687982,C20
81a47b50-59ce-5dfd-b9af-a4ae5246fd64,A09
81a47b50-59ce-5dfd-b9af-a4ae5246fd64,C00
81a47b50-59ce-5dfd-b9af-a4ae5246fd64,C20
81a47b50-59ce-5dfd-b9af-a4ae5246fd64,D01
83956017-e864-54a8-b9c1-75e6681091b5,D01
3c36da1a-796d-5de8-a6ad-13335f687982,D01
f8dc059c-8805-5984-8476-b29ad9607a95,D15
7495469e-4361-582a-b121-98000f012b5d,A00
7495469e-4361-582a-b121-98000f012b5d,D01
7495469e-4361-582a-b121-98000f012b5d,D10
7495469e-4361-582a-b121-98000f012b5d,X21
8411b5ab-2272-5f40-9c76-340af422b81f,X74
83956017-e864-54a8-b9c1-75e6681091b5,X21
83956017-e864-54a8-b9c1-75e6681091b5,X74
f8dc059c-8805-5984-8476-b29ad9607a95,X74
a7eab8d8-2a65-5a4c-b058-8d8f79f10e1e,X21
a7eab8d8-2a65-5a4c-b058-8d8f79f10e1e,X74
75a53920-b599-549d-ba28-8a85a683f9c3,A00
75a53920-b599-549d-ba28-8a85a683f9c3,D01
75a53920-b599-549d-ba28-8a85a683f9c3,D10
75a53920-b599-549d-ba28-8a85a683f9c3,X21
3c36da1a-796d-5de8-a6ad-13335f687982,X21
3c36da1a-796d-5de8-a6ad-13335f687982,X74
81a47b50-59ce-5dfd-b9af-a4ae5246fd64,X21
81a47b50-59ce-5dfd-b9af-a4ae5246fd64,X70
81a47b50-59ce-5dfd-b9af-a4ae5246fd64,X74
8411b5ab-2272-5f40-9c76-340af422b81f,X21
12bec85b-4c94-5270-8a96-16fcda93efc4,X21
12bec85b-4c94-5270-8a96-16fcda93efc4,X74
e89eaefd-b71b-5bda-a549-cfd9d5fb9d62,C00
e89eaefd-b71b-5bda-a549-cfd9d5fb9d62,A00
e89eaefd-b71b-5bda-a549-cfd9d5fb9d62,D01
e89eaefd-b71b-5bda-a549-cfd9d5fb9d62,A01
6d67cc77-ba05-57bb-bcc7-33b8ca46af63,A00
6d67cc77-ba05-57bb-bcc7-33b8ca46af63,A01
6d67cc77-ba05-57bb-bcc7-33b8ca46af63,C00
6d67cc77-ba05-57bb-bcc7-33b8ca46af63,D01
a60ed3c5-5596-59e5-90b7-a2c1f5e7422c,A00
a60ed3c5-5596-59e5-90b7-a2c1f5e7422c,A01
a60ed3c5-5596-59e5-90b7-a2c1f5e7422c,C00
a60ed3c5-5596-59e5-90b7-a2c1f5e7422c,D01
cc3f1706-ea09-5dcc-9234-c84ac77d601a,A00
cc3f1706-ea09-5dcc-9234-c84ac77d601a,A01
cc3f1706-ea09-5dcc-9234-c84ac77d601a,C00
cc3f1706-ea09-5dcc-9234-c84ac77d601a,D01
d3f52def-37b4-5b88-967c-f0a44ec8629e,A00
d3f52def-37b4-5b88-967c-f0a44ec8629e,A01
d3f52def-37b4-5b88-967c-f0a44ec8629e,C00
d3f52def-37b4-5b88-967c-f0a44ec8629e,D01
498c55ee-13b4-5d43-98ea-e347178179b0,A00
498c55ee-13b4-5d43-98ea-e347178179b0,A01
68f72a85-6d6e-5f4f-a8aa-b6badb264c3d,A00
68f72a85-6d6e-5f4f-a8aa-b6badb264c3d,A01
68f72a85-6d6e-5f4f-a8aa-b6badb264c3d,A02
68f72a85-6d6e-5f4f-a8aa-b6badb264c3d,B00
32ae23e7-cc0f-57a9-9f12-5d952cdf16b4,A00
32ae23e7-cc0f-57a9-9f12-5d952cdf16b4,A01
26cfe00d-f7e5-55da-8ef8-cdf6f8fe3d00,A00
26cfe00d-f7e5-55da-8ef8-cdf6f8fe3d00,A01
419a12d8-65c2-548e-89a6-753f21c2173f,A00
419a12d8-65c2-548e-89a6-753f21c2173f,A01
0207079e-db93-5354-93d4-fb0857532da6,A00
0207079e-db93-5354-93d4-fb0857532da6,A01
65fd9eb3-d0c4-5df1-9993-fd76150849e5,A00
65fd9eb3-d0c4-5df1-9993-fd76150849e5,A01
6e2108a7-476e-54ba-83b3-176039e13dae,A00
6e2108a7-476e-54ba-83b3-176039e13dae,A01
e3ce2fe3-51d5-5c38-8c6f-6e987e2b809b,A00
e3ce2fe3-51d5-5c38-8c6f-6e987e2b809b,A01
e6009a6e-b87e-59e1-a8e3-b1177191b98f,A00
e6009a6e-b87e-59e1-a8e3-b1177191b98f,A01
203c2800-6fc0-51f1-aef0-6c7896a61d95,A00
203c2800-6fc0-51f1-aef0-6c7896a61d95,A01
498c55ee-13b4-5d43-98ea-e347178179b0,D01
68f72a85-6d6e-5f4f-a8aa-b6badb264c3d,D01
32ae23e7-cc0f-57a9-9f12-5d952cdf16b4,D01
3c9d4d16-a72e-5d12-a8b8-e030fa6dce43,A00
3c9d4d16-a72e-5d12-a8b8-e030fa6dce43,A01
3c9d4d16-a72e-5d12-a8b8-e030fa6dce43,D01
4e42c4bd-0483-554f-b794-53f66b730da4,A00
4e42c4bd-0483-554f-b794-53f66b730da4,A01
4e42c4bd-0483-554f-b794-53f66b730da4,D01
794b7459-5aff-53be-a9d7-d41fc0483b8b,A00
794b7459-5aff-53be-a9d7-d41fc0483b8b,A01
794b7459-5aff-53be-a9d7-d41fc0483b8b,D01
b0b03fd1-7025-51b5-b1e1-c5ea0d206d39,A00
b0b03fd1-7025-51b5-b1e1-c5ea0d206d39,A01
b0b03fd1-7025-51b5-b1e1-c5ea0d206d39,D01
292a424c-bdc3-5489-9b4e-63da875551b2,A00
292a424c-bdc3-5489-9b4e-63da875551b2,A01
292a424c-bdc3-5489-9b4e-63da875551b2,D01
1447d3e6-8b86-5a42-9582-663fa144a84d,A00
1447d3e6-8b86-5a42-9582-663fa144a84d,A01
1447d3e6-8b86-5a42-9582-663fa144a84d,D01
26cfe00d-f7e5-55da-8ef8-cdf6f8fe3d00,D01
419a12d8-65c2-548e-89a6-753f21c2173f,D01
0207079e-db93-5354-93d4-fb0857532da6,D01
65fd9eb3-d0c4-5df1-9993-fd76150849e5,D01
6e2108a7-476e-54ba-83b3-176039e13dae,D01
e3ce2fe3-51d5-5c38-8c6f-6e987e2b809b,D01
e6009a6e-b87e-59e1-a8e3-b1177191b98f,D01
203c2800-6fc0-51f1-aef0-6c7896a61d95,D01
1e041627-1d85-50c8-a49e-7ac231ce0da3,A00
1e041627-1d85-50c8-a49e-7ac231ce0da3,A01
1e041627-1d85-50c8-a49e-7ac231ce0da3,D01
498c55ee-13b4-5d43-98ea-e347178179b0,X06
498c55ee-13b4-5d43-98ea-e347178179b0,X26
68f72a85-6d6e-5f4f-a8aa-b6badb264c3d,X06
68f72a85-6d6e-5f4f-a8aa-b6badb264c3d,X26
32ae23e7-cc0f-57a9-9f12-5d952cdf16b4,X06
32ae23e7-cc0f-57a9-9f12-5d952cdf16b4,X26
3c9d4d16-a72e-5d12-a8b8-e030fa6dce43,X06
3c9d4d16-a72e-5d12-a8b8-e030fa6dce43,X26
4e42c4bd-0483-554f-b794-53f66b730da4,X06
4e42c4bd-0483-554f-b794-53f66b730da4,X26
794b7459-5aff-53be-a9d7-d41fc0483b8b,X06
794b7459-5aff-53be-a9d7-d41fc0483b8b,X26
b0b03fd1-7025-51b5-b1e1-c5ea0d206d39,X06
b0b03fd1-7025-51b5-b1e1-c5ea0d206d39,X26
1447d3e6-8b86-5a42-9582-663fa144a84d,X06
1447d3e6-8b86-5a42-9582-663fa144a84d,X26
1e041627-1d85-50c8-a49e-7ac231ce0da3,X06
1e041627-1d85-50c8-a49e-7ac231ce0da3,X26
851c1326-bcd8-511b-b118-0bea78fb4ac1,A00
851c1326-bcd8-511b-b118-0bea78fb4ac1,A01
851c1326-bcd8-511b-b118-0bea78fb4ac1,D01
851c1326-bcd8-511b-b118-0bea78fb4ac1,X06
851c1326-bcd8-511b-b118-0bea78fb4ac1,X26
26cfe00d-f7e5-55da-8ef8-cdf6f8fe3d00,X06
26cfe00d-f7e5-55da-8ef8-cdf6f8fe3d00,X26
77139756-7317-5f43-954e-aaee317340fa,A00
77139756-7317-5f43-954e-aaee317340fa,A01
77139756-7317-5f43-954e-aaee317340fa,D01
77139756-7317-5f43-954e-aaee317340fa,X06
77139756-7317-5f43-954e-aaee317340fa,X26
bb7fa02d-6e82-5944-a3f2-80d8c4067124,A00
bb7fa02d-6e82-5944-a3f2-80d8c4067124,A01
bb7fa02d-6e82-5944-a3f2-80d8c4067124,B00
bb7fa02d-6e82-5944-a3f2-80d8c4067124,D01
bb7fa02d-6e82-5944-a3f2-80d8c4067124,X06
bb7fa02d-6e82-5944-a3f2-80d8c4067124,X26
419a12d8-65c2-548e-89a6-753f21c2173f,X06
419a12d8-65c2-548e-89a6-753f21c2173f,X26
0207079e-db93-5354-93d4-fb0857532da6,X06
0207079e-db93-5354-93d4-fb0857532da6,X26
65fd9eb3-d0c4-5df1-9993-fd76150849e5,X06
65fd9eb3-d0c4-5df1-9993-fd76150849e5,X26
6e2108a7-476e-54ba-83b3-176039e13dae,X06
6e2108a7-476e-54ba-83b3-176039e13dae,X26
e3ce2fe3-51d5-5c38-8c6f-6e987e2b809b,X06
e3ce2fe3-51d5-5c38-8c6f-6e987e2b809b,X26
e6009a6e-b87e-59e1-a8e3-b1177191b98f,X06
e6009a6e-b87e-59e1-a8e3-b1177191b98f,X26
203c2800-6fc0-51f1-aef0-6c7896a61d95,X06
203c2800-6fc0-51f1-aef0-6c7896a61d95,X26
7120cd83-d986-514c-81e6-f348e81fba75,A00
7120cd83-d986-514c-81e6-f348e81fba75,A01
7120cd83-d986-514c-81e6-f348e81fba75,B00
7120cd83-d986-514c-81e6-f348e81fba75,D01
67608c7b-0c86-5690-a489-44594d895de4,C00
67608c7b-0c86-5690-a489-44594d895de4,D01
67608c7b-0c86-5690-a489-44594d895de4,D14
67608c7b-0c86-5690-a489-44594d895de4,D15
66f08b1f-db03-5a2a-b294-8e5bcd0113db,A00
66f08b1f-db03-5a2a-b294-8e5bcd0113db,B00
66f08b1f-db03-5a2a-b294-8e5bcd0113db,C00
66f08b1f-db03-5a2a-b294-8e5bcd0113db,D01
86564eb4-99be-5d07-82eb-d1b49ba44b3e,A00
86564eb4-99be-5d07-82eb-d1b49ba44b3e,B00
86564eb4-99be-5d07-82eb-d1b49ba44b3e,C00
86564eb4-99be-5d07-82eb-d1b49ba44b3e,D01
9d79c56d-3805-5989-9447-c7dae1691ffe,A00
9d79c56d-3805-5989-9447-c7dae1691ffe,B00
9d79c56d-3805-5989-9447-c7dae1691ffe,C00
9d79c56d-3805-5989-9447-c7dae1691ffe,D01
d725bbe0-71d1-507c-82ab-e0c6e1f83bfa,D04
d725bbe0-71d1-507c-82ab-e0c6e1f83bfa,D06
42a13f0f-65fe-5344-ad0c-c0b437c44d9d,D78
eaafb3b5-eb5f-5f1c-9daa-0616ccf9e819,D04
eaafb3b5-eb5f-5f1c-9daa-0616ccf9e819,D06
4d6ec798-ba0a-55d6-bb0b-5d5007d3e7db,C00
4d6ec798-ba0a-55d6-bb0b-5d5007d3e7db,D01
4d6ec798-ba0a-55d6-bb0b-5d5007d3e7db,D04
4d6ec798-ba0a-55d6-bb0b-5d5007d3e7db,D06
4d6ec798-ba0a-55d6-bb0b-5d5007d3e7db,D78
4d6ec798-ba0a-55d6-bb0b-5d5007d3e7db,D83
4d6ec798-ba0a-55d6-bb0b-5d5007d3e7db,A01
8d278a19-b778-5027-8259-6b4d3509e4b5,D01
8d278a19-b778-5027-8259-6b4d3509e4b5,D04
8d278a19-b778-5027-8259-6b4d3509e4b5,D06
8d278a19-b778-5027-8259-6b4d3509e4b5,D78
8d278a19-b778-5027-8259-6b4d3509e4b5,D83
8d278a19-b778-5027-8259-6b4d3509e4b5,A01
8d278a19-b778-5027-8259-6b4d3509e4b5,C00
ce98fbd3-0526-58af-b837-8191774c6f7e,A01
ce98fbd3-0526-58af-b837-8191774c6f7e,C00
ce98fbd3-0526-58af-b837-8191774c6f7e,D01
ce98fbd3-0526-58af-b837-8191774c6f7e,D04
ce98fbd3-0526-58af-b837-8191774c6f7e,D06
ce98fbd3-0526-58af-b837-8191774c6f7e,D78
ce98fbd3-0526-58af-b837-8191774c6f7e,D83
1091a106-4b8c-5d63-9dfe-ff040affb37b,D01
1091a106-4b8c-5d63-9dfe-ff040affb37b,D78
1091a106-4b8c-5d63-9dfe-ff040affb37b,A01
5295bf2a-7706-51ce-9793-6f8097bd69d3,C00
5295bf2a-7706-51ce-9793-6f8097bd69d3,D01
5295bf2a-7706-51ce-9793-6f8097bd69d3,D04
5295bf2a-7706-51ce-9793-6f8097bd69d3,D06
5295bf2a-7706-51ce-9793-6f8097bd69d3,D78
5295bf2a-7706-51ce-9793-6f8097bd69d3,D83
899975c3-ccbf-5687-b207-5a8f32c5aaf5,D04
899975c3-ccbf-5687-b207-5a8f32c5aaf5,D06
899975c3-ccbf-5687-b207-5a8f32c5aaf5,D78
899975c3-ccbf-5687-b207-5a8f32c5aaf5,D83
899975c3-ccbf-5687-b207-5a8f32c5aaf5,C00
899975c3-ccbf-5687-b207-5a8f32c5aaf5,D01
34a8650d-ea59-5735-8f2f-a6ac5dee1b1c,D78
34a8650d-ea59-5735-8f2f-a6ac5dee1b1c,D83
34a8650d-ea59-5735-8f2f-a6ac5dee1b1c,A01
34a8650d-ea59-5735-8f2f-a6ac5dee1b1c,C00
34a8650d-ea59-5735-8f2f-a6ac5dee1b1c,D01
5c82dcfe-bdac-5c5d-9ab6-00f2e373e265,D04
5c82dcfe-bdac-5c5d-9ab6-00f2e373e265,D06
5c82dcfe-bdac-5c5d-9ab6-00f2e373e265,D78
5c82dcfe-bdac-5c5d-9ab6-00f2e373e265,D83
5c82dcfe-bdac-5c5d-9ab6-00f2e373e265,C00
5c82dcfe-bdac-5c5d-9ab6-00f2e373e265,D01
8965d12d-4cc1-524d-88b2-9551475d47fa,A01
8965d12d-4cc1-524d-88b2-9551475d47fa,C00
8965d12d-4cc1-524d-88b2-9551475d47fa,D01
8965d12d-4cc1-524d-88b2-9551475d47fa,D04
8965d12d-4cc1-524d-88b2-9551475d47fa,D06
8965d12d-4cc1-524d-88b2-9551475d47fa,D83
b1ea4374-ed24-5a2d-943e-21a1d228e7fe,D83
b1ea4374-ed24-5a2d-943e-21a1d228e7fe,D04
b1ea4374-ed24-5a2d-943e-21a1d228e7fe,D06
b1ea4374-ed24-5a2d-943e-21a1d228e7fe,C00
b1ea4374-ed24-5a2d-943e-21a1d228e7fe,D78
b1ea4374-ed24-5a2d-943e-21a1d228e7fe,D01
39ee4ecf-5b70-5ae3-af28-cdebe8c8b100,A01
39ee4ecf-5b70-5ae3-af28-cdebe8c8b100,C00
39ee4ecf-5b70-5ae3-af28-cdebe8c8b100,D01
39ee4ecf-5b70-5ae3-af28-cdebe8c8b100,D04
39ee4ecf-5b70-5ae3-af28-cdebe8c8b100,D06
39ee4ecf-5b70-5ae3-af28-cdebe8c8b100,D78
39ee4ecf-5b70-5ae3-af28-cdebe8c8b100,D83
a754cc27-3156-502e-95c0-c82a8b0b5765,D01
a754cc27-3156-502e-95c0-c82a8b0b5765,D04
a754cc27-3156-502e-95c0-c82a8b0b5765,D06
a754cc27-3156-502e-95c0-c82a8b0b5765,D78
881bd592-802a-58c1-8275-7dbfd531f17c,D01
881bd592-802a-58c1-8275-7dbfd531f17c,D04
881bd592-802a-58c1-8275-7dbfd531f17c,D06
881bd592-802a-58c1-8275-7dbfd531f17c,D78
881bd592-802a-58c1-8275-7dbfd531f17c,D83
881bd592-802a-58c1-8275-7dbfd531f17c,C00
f5909bd8-9053-58fb-bed2-8a48f6b1481e,D83
f5909bd8-9053-58fb-bed2-8a48f6b1481e,A01
f5909bd8-9053-58fb-bed2-8a48f6b1481e,C00
f5909bd8-9053-58fb-bed2-8a48f6b1481e,D01
f5909bd8-9053-58fb-bed2-8a48f6b1481e,D04
f5909bd8-9053-58fb-bed2-8a48f6b1481e,D06
f5909bd8-9053-58fb-bed2-8a48f6b1481e,D78
15a6f8f1-48de-5c42-9994-f993082bcbf2,A01
15a6f8f1-48de-5c42-9994-f993082bcbf2,D01
15a6f8f1-48de-5c42-9994-f993082bcbf2,D78
1e9372c5-0b27-5542-974e-b745c8b767fd,A01
1e9372c5-0b27-5542-974e-b745c8b767fd,D01
1e9372c5-0b27-5542-974e-b745c8b767fd,D78
7c9967da-bb26-56e5-88bb-620ebc521f69,D78
7c9967da-bb26-56e5-88bb-620ebc521f69,D83
7c9967da-bb26-56e5-88bb-620ebc521f69,A01
7c9967da-bb26-56e5-88bb-620ebc521f69,C00
7c9967da-bb26-56e5-88bb-620ebc521f69,D01
7c9967da-bb26-56e5-88bb-620ebc521f69,D04
7c9967da-bb26-56e5-88bb-620ebc521f69,D06
b40905d7-7669-546a-beb6-6623b9af267a,A01
b40905d7-7669-546a-beb6-6623b9af267a,C00
b40905d7-7669-546a-beb6-6623b9af267a,D01
b40905d7-7669-546a-beb6-6623b9af267a,D04
b40905d7-7669-546a-beb6-6623b9af267a,D06
b40905d7-7669-546a-beb6-6623b9af267a,D78
b40905d7-7669-546a-beb6-6623b9af267a,D83
70f1c523-bb51-5e7b-a67b-b1b1dbcb0c32,A01
70f1c523-bb51-5e7b-a67b-b1b1dbcb0c32,C00
70f1c523-bb51-5e7b-a67b-b1b1dbcb0c32,D01
70f1c523-bb51-5e7b-a67b-b1b1dbcb0c32,D04
70f1c523-bb51-5e7b-a67b-b1b1dbcb0c32,D06
70f1c523-bb51-5e7b-a67b-b1b1dbcb0c32,D78
70f1c523-bb51-5e7b-a67b-b1b1dbcb0c32,D83
69c724cb-c437-5f15-b077-7ef9d93a692a,A01
69c724cb-c437-5f15-b077-7ef9d93a692a,C00
69c724cb-c437-5f15-b077-7ef9d93a692a,D01
69c724cb-c437-5f15-b077-7ef9d93a692a,D04
69c724cb-c437-5f15-b077-7ef9d93a692a,D06
69c724cb-c437-5f15-b077-7ef9d93a692a,D78
69c724cb-c437-5f15-b077-7ef9d93a692a,D83
9220f3df-cd03-51a9-99d1-ea291083c8f8,D83
9220f3df-cd03-51a9-99d1-ea291083c8f8,A01
9220f3df-cd03-51a9-99d1-ea291083c8f8,C00
9220f3df-cd03-51a9-99d1-ea291083c8f8,D01
9220f3df-cd03-51a9-99d1-ea291083c8f8,D78
80bd6937-75da-545b-b105-143a67260303,A01
80bd6937-75da-545b-b105-143a67260303,C00
80bd6937-75da-545b-b105-143a67260303,D01
80bd6937-75da-545b-b105-143a67260303,D04
80bd6937-75da-545b-b105-143a67260303,D06
80bd6937-75da-545b-b105-143a67260303,D78
80bd6937-75da-545b-b105-143a67260303,D83
aaf35b9a-e619-56f6-ab9d-8b4d37951b96,C00
aaf35b9a-e619-56f6-ab9d-8b4d37951b96,D01
aaf35b9a-e619-56f6-ab9d-8b4d37951b96,D04
aaf35b9a-e619-56f6-ab9d-8b4d37951b96,D06
aaf35b9a-e619-56f6-ab9d-8b4d37951b96,D78
aaf35b9a-e619-56f6-ab9d-8b4d37951b96,D83
ea1898ac-e522-5286-a08d-492e5e503d44,D01
ea1898ac-e522-5286-a08d-492e5e503d44,D04
ea1898ac-e522-5286-a08d-492e5e503d44,D06
ea1898ac-e522-5286-a08d-492e5e503d44,D78
ea1898ac-e522-5286-a08d-492e5e503d44,D83
ea1898ac-e522-5286-a08d-492e5e503d44,C00
2e8b6ac2-297f-54a5-a5d4-13e2a7a5468e,D83
2e8b6ac2-297f-54a5-a5d4-13e2a7a5468e,A01
2e8b6ac2-297f-54a5-a5d4-13e2a7a5468e,C00
2e8b6ac2-297f-54a5-a5d4-13e2a7a5468e,D01
2e8b6ac2-297f-54a5-a5d4-13e2a7a5468e,D04
2e8b6ac2-297f-54a5-a5d4-13e2a7a5468e,D06
2e8b6ac2-297f-54a5-a5d4-13e2a7a5468e,D78
121ec2d0-b1d4-5d71-8259-6cb75c029cb8,A01
121ec2d0-b1d4-5d71-8259-6cb75c029cb8,C00
121ec2d0-b1d4-5d71-8259-6cb75c029cb8,D01
121ec2d0-b1d4-5d71-8259-6cb75c029cb8,D78
121ec2d0-b1d4-5d71-8259-6cb75c029cb8,D04
121ec2d0-b1d4-5d71-8259-6cb75c029cb8,D06
121ec2d0-b1d4-5d71-8259-6cb75c029cb8,D83
296cf6c3-ed61-528d-9d36-4ba859e8187b,D04
296cf6c3-ed61-528d-9d36-4ba859e8187b,D06
296cf6c3-ed61-528d-9d36-4ba859e8187b,D78
296cf6c3-ed61-528d-9d36-4ba859e8187b,D83
296cf6c3-ed61-528d-9d36-4ba859e8187b,C00
296cf6c3-ed61-528d-9d36-4ba859e8187b,D01
455d46da-eeec-5f50-9d9e-af4cb74f05bc,A01
455d46da-eeec-5f50-9d9e-af4cb74f05bc,C00
455d46da-eeec-5f50-9d9e-af4cb74f05bc,D01
455d46da-eeec-5f50-9d9e-af4cb74f05bc,D78
2e1c08a5-7625-5b05-961f-a59cacceffac,A01
2e1c08a5-7625-5b05-961f-a59cacceffac,C00
2e1c08a5-7625-5b05-961f-a59cacceffac,D01
2e1c08a5-7625-5b05-961f-a59cacceffac,D78
cccd3072-e842-5a00-a103-9114c9c29de2,A01
cccd3072-e842-5a00-a103-9114c9c29de2,C00
cccd3072-e842-5a00-a103-9114c9c29de2,D01
cccd3072-e842-5a00-a103-9114c9c29de2,D78
9e48c68c-d508-5271-a2b9-93d9b8df8390,C00
9e48c68c-d508-5271-a2b9-93d9b8df8390,D01
9e48c68c-d508-5271-a2b9-93d9b8df8390,D78
9e48c68c-d508-5271-a2b9-93d9b8df8390,A01
34a8650d-ea59-5735-8f2f-a6ac5dee1b1c,D04
8965d12d-4cc1-524d-88b2-9551475d47fa,D78
9220f3df-cd03-51a9-99d1-ea291083c8f8,D04
1091a106-4b8c-5d63-9dfe-ff040affb37b,D14
5c82dcfe-bdac-5c5d-9ab6-00f2e373e265,D14
15a6f8f1-48de-5c42-9994-f993082bcbf2,C00
1e9372c5-0b27-5542-974e-b745c8b767fd,C00
69c724cb-c437-5f15-b077-7ef9d93a692a,D14
296cf6c3-ed61-528d-9d36-4ba859e8187b,D14
0840dfca-3c42-5764-83b6-66f3870c53e4,D78
0840dfca-3c42-5764-83b6-66f3870c53e4,C00
0840dfca-3c42-5764-83b6-66f3870c53e4,D01
0840dfca-3c42-5764-83b6-66f3870c53e4,D04
4d6ec798-ba0a-55d6-bb0b-5d5007d3e7db,D66
4d6ec798-ba0a-55d6-bb0b-5d5007d3e7db,C03
4d6ec798-ba0a-55d6-bb0b-5d5007d3e7db,D15
4d6ec798-ba0a-55d6-bb0b-5d5007d3e7db,C04
4d6ec798-ba0a-55d6-bb0b-5d5007d3e7db,D14
8d278a19-b778-5027-8259-6b4d3509e4b5,D66
8d278a19-b778-5027-8259-6b4d3509e4b5,C03
8d278a19-b778-5027-8259-6b4d3509e4b5,D15
8d278a19-b778-5027-8259-6b4d3509e4b5,C04
8d278a19-b778-5027-8259-6b4d3509e4b5,D14
ce98fbd3-0526-58af-b837-8191774c6f7e,D14
ce98fbd3-0526-58af-b837-8191774c6f7e,D66
ce98fbd3-0526-58af-b837-8191774c6f7e,C03
ce98fbd3-0526-58af-b837-8191774c6f7e,D15
ce98fbd3-0526-58af-b837-8191774c6f7e,C04
1091a106-4b8c-5d63-9dfe-ff040affb37b,D66
1091a106-4b8c-5d63-9dfe-ff040affb37b,C00
1091a106-4b8c-5d63-9dfe-ff040affb37b,C03
1091a106-4b8c-5d63-9dfe-ff040affb37b,D15
1091a106-4b8c-5d63-9dfe-ff040affb37b,C04
5295bf2a-7706-51ce-9793-6f8097bd69d3,D14
5295bf2a-7706-51ce-9793-6f8097bd69d3,D66
5295bf2a-7706-51ce-9793-6f8097bd69d3,D15
899975c3-ccbf-5687-b207-5a8f32c5aaf5,D15
899975c3-ccbf-5687-b207-5a8f32c5aaf5,C04
899975c3-ccbf-5687-b207-5a8f32c5aaf5,D14
899975c3-ccbf-5687-b207-5a8f32c5aaf5,D66
899975c3-ccbf-5687-b207-5a8f32c5aaf5,C03
34a8650d-ea59-5735-8f2f-a6ac5dee1b1c,D15
34a8650d-ea59-5735-8f2f-a6ac5dee1b1c,C04
34a8650d-ea59-5735-8f2f-a6ac5dee1b1c,D14
34a8650d-ea59-5735-8f2f-a6ac5dee1b1c,D66
34a8650d-ea59-5735-8f2f-a6ac5dee1b1c,C03
5c82dcfe-bdac-5c5d-9ab6-00f2e373e265,D15
5c82dcfe-bdac-5c5d-9ab6-00f2e373e265,C04
5c82dcfe-bdac-5c5d-9ab6-00f2e373e265,D66
5c82dcfe-bdac-5c5d-9ab6-00f2e373e265,C03
8965d12d-4cc1-524d-88b2-9551475d47fa,C03
8965d12d-4cc1-524d-88b2-9551475d47fa,D15
8965d12d-4cc1-524d-88b2-9551475d47fa,C04
8965d12d-4cc1-524d-88b2-9551475d47fa,D14
8965d12d-4cc1-524d-88b2-9551475d47fa,D66
b1ea4374-ed24-5a2d-943e-21a1d228e7fe,D66
b1ea4374-ed24-5a2d-943e-21a1d228e7fe,C04
b1ea4374-ed24-5a2d-943e-21a1d228e7fe,C03
b1ea4374-ed24-5a2d-943e-21a1d228e7fe,D15
b1ea4374-ed24-5a2d-943e-21a1d228e7fe,D14
39ee4ecf-5b70-5ae3-af28-cdebe8c8b100,D66
39ee4ecf-5b70-5ae3-af28-cdebe8c8b100,C04
39ee4ecf-5b70-5ae3-af28-cdebe8c8b100,C03
39ee4ecf-5b70-5ae3-af28-cdebe8c8b100,D15
39ee4ecf-5b70-5ae3-af28-cdebe8c8b100,D14
a754cc27-3156-502e-95c0-c82a8b0b5765,C00
a754cc27-3156-502e-95c0-c82a8b0b5765,C04
a754cc27-3156-502e-95c0-c82a8b0b5765,C03
a754cc27-3156-502e-95c0-c82a8b0b5765,D15
a754cc27-3156-502e-95c0-c82a8b0b5765,D66
a754cc27-3156-502e-95c0-c82a8b0b5765,D14
881bd592-802a-58c1-8275-7dbfd531f17c,C04
881bd592-802a-58c1-8275-7dbfd531f17c,C03
881bd592-802a-58c1-8275-7dbfd531f17c,D66
881bd592-802a-58c1-8275-7dbfd531f17c,D14
881bd592-802a-58c1-8275-7dbfd531f17c,D15
15a6f8f1-48de-5c42-9994-f993082bcbf2,D15
15a6f8f1-48de-5c42-9994-f993082bcbf2,D14
15a6f8f1-48de-5c42-9994-f993082bcbf2,C04
15a6f8f1-48de-5c42-9994-f993082bcbf2,C03
15a6f8f1-48de-5c42-9994-f993082bcbf2,D66
1e9372c5-0b27-5542-974e-b745c8b767fd,D15
1e9372c5-0b27-5542-974e-b745c8b767fd,D14
1e9372c5-0b27-5542-974e-b745c8b767fd,C04
1e9372c5-0b27-5542-974e-b745c8b767fd,C03
1e9372c5-0b27-5542-974e-b745c8b767fd,D66
7c9967da-bb26-56e5-88bb-620ebc521f69,D66
7c9967da-bb26-56e5-88bb-620ebc521f69,D15
7c9967da-bb26-56e5-88bb-620ebc521f69,D14
7c9967da-bb26-56e5-88bb-620ebc521f69,C04
7c9967da-bb26-56e5-88bb-620ebc521f69,C03
b40905d7-7669-546a-beb6-6623b9af267a,D66
b40905d7-7669-546a-beb6-6623b9af267a,D15
b40905d7-7669-546a-beb6-6623b9af267a,D14
b40905d7-7669-546a-beb6-6623b9af267a,C04
b40905d7-7669-546a-beb6-6623b9af267a,C03
70f1c523-bb51-5e7b-a67b-b1b1dbcb0c32,D66
70f1c523-bb51-5e7b-a67b-b1b1dbcb0c32,D15
70f1c523-bb51-5e7b-a67b-b1b1dbcb0c32,D14
70f1c523-bb51-5e7b-a67b-b1b1dbcb0c32,C04
70f1c523-bb51-5e7b-a67b-b1b1dbcb0c32,C03
69c724cb-c437-5f15-b077-7ef9d93a692a,C03
69c724cb-c437-5f15-b077-7ef9d93a692a,D66
69c724cb-c437-5f15-b077-7ef9d93a692a,D15
69c724cb-c437-5f15-b077-7ef9d93a692a,C04
9220f3df-cd03-51a9-99d1-ea291083c8f8,C04
9220f3df-cd03-51a9-99d1-ea291083c8f8,C03
9220f3df-cd03-51a9-99d1-ea291083c8f8,D66
9220f3df-cd03-51a9-99d1-ea291083c8f8,D15
9220f3df-cd03-51a9-99d1-ea291083c8f8,D14
80bd6937-75da-545b-b105-143a67260303,C04
80bd6937-75da-545b-b105-143a67260303,C03
80bd6937-75da-545b-b105-143a67260303,D66
80bd6937-75da-545b-b105-143a67260303,D15
80bd6937-75da-545b-b105-143a67260303,D14
aaf35b9a-e619-56f6-ab9d-8b4d37951b96,D14
aaf35b9a-e619-56f6-ab9d-8b4d37951b96,C04
aaf35b9a-e619-56f6-ab9d-8b4d37951b96,C03
aaf35b9a-e619-56f6-ab9d-8b4d37951b96,D66
aaf35b9a-e619-56f6-ab9d-8b4d37951b96,D15
ea1898ac-e522-5286-a08d-492e5e503d44,D14
ea1898ac-e522-5286-a08d-492e5e503d44,C03
ea1898ac-e522-5286-a08d-492e5e503d44,D66
ea1898ac-e522-5286-a08d-492e5e503d44,C04
ea1898ac-e522-5286-a08d-492e5e503d44,D15
2e8b6ac2-297f-54a5-a5d4-13e2a7a5468e,D14
2e8b6ac2-297f-54a5-a5d4-13e2a7a5468e,C03
2e8b6ac2-297f-54a5-a5d4-13e2a7a5468e,D66
2e8b6ac2-297f-54a5-a5d4-13e2a7a5468e,C04
2e8b6ac2-297f-54a5-a5d4-13e2a7a5468e,D15
121ec2d0-b1d4-5d71-8259-6cb75c029cb8,C04
121ec2d0-b1d4-5d71-8259-6cb75c029cb8,D15
121ec2d0-b1d4-5d71-8259-6cb75c029cb8,D14
121ec2d0-b1d4-5d71-8259-6cb75c029cb8,C03
121ec2d0-b1d4-5d71-8259-6cb75c029cb8,D66
296cf6c3-ed61-528d-9d36-4ba859e8187b,D15
296cf6c3-ed61-528d-9d36-4ba859e8187b,C04
296cf6c3-ed61-528d-9d36-4ba859e8187b,C03
296cf6c3-ed61-528d-9d36-4ba859e8187b,D66
0840dfca-3c42-5764-83b6-66f3870c53e4,D15
0840dfca-3c42-5764-83b6-66f3870c53e4,C04
0840dfca-3c42-5764-83b6-66f3870c53e4,D14
0840dfca-3c42-5764-83b6-66f3870c53e4,D66
0840dfca-3c42-5764-83b6-66f3870c53e4,C03
4cb49e51-40f7-55db-afe9-2a56ed6dba97,A01
4cb49e51-40f7-55db-afe9-2a56ed6dba97,A07
4cb49e51-40f7-55db-afe9-2a56ed6dba97,C03
4cb49e51-40f7-55db-afe9-2a56ed6dba97,D01
4cb49e51-40f7-55db-afe9-2a56ed6dba97,D14
4cb49e51-40f7-55db-afe9-2a56ed6dba97,D15
3df71b0e-19f1-5df7-a96e-e614f89c770b,A01
3df71b0e-19f1-5df7-a96e-e614f89c770b,A07
3df71b0e-19f1-5df7-a96e-e614f89c770b,C03
3df71b0e-19f1-5df7-a96e-e614f89c770b,D01
3df71b0e-19f1-5df7-a96e-e614f89c770b,D14
3df71b0e-19f1-5df7-a96e-e614f89c770b,D15
9ed63893-17f2-5177-8c37-b8d28e3632cc,A01
9ed63893-17f2-5177-8c37-b8d28e3632cc,A07
9ed63893-17f2-5177-8c37-b8d28e3632cc,C03
9ed63893-17f2-5177-8c37-b8d28e3632cc,D01
9ed63893-17f2-5177-8c37-b8d28e3632cc,D14
9ed63893-17f2-5177-8c37-b8d28e3632cc,D15
24115577-801c-53a1-a43e-a8b916258b18,A01
24115577-801c-53a1-a43e-a8b916258b18,A07
24115577-801c-53a1-a43e-a8b916258b18,C03
24115577-801c-53a1-a43e-a8b916258b18,D01
24115577-801c-53a1-a43e-a8b916258b18,D14
24115577-801c-53a1-a43e-a8b916258b18,D15
84f74875-8adf-5a62-a1ad-e7fb9a44de44,A01
84f74875-8adf-5a62-a1ad-e7fb9a44de44,D01
84f74875-8adf-5a62-a1ad-e7fb9a44de44,D09
84f74875-8adf-5a62-a1ad-e7fb9a44de44,D10
507900fd-231c-5c15-af6d-42d99afeaed1,A01
507900fd-231c-5c15-af6d-42d99afeaed1,D01
507900fd-231c-5c15-af6d-42d99afeaed1,D09
507900fd-231c-5c15-af6d-42d99afeaed1,D10
4e5c6359-025f-5654-9a60-9d3df75f507f,A01
4e5c6359-025f-5654-9a60-9d3df75f507f,D01
4e5c6359-025f-5654-9a60-9d3df75f507f,D09
4e5c6359-025f-5654-9a60-9d3df75f507f,D10
660112b8-c0c3-5c96-8a62-6c53f774f38b,A01
660112b8-c0c3-5c96-8a62-6c53f774f38b,D01
660112b8-c0c3-5c96-8a62-6c53f774f38b,D09
660112b8-c0c3-5c96-8a62-6c53f774f38b,D10
3e655f78-03f9-55b0-86ae-55b4e0bd810e,A01
3e655f78-03f9-55b0-86ae-55b4e0bd810e,D01
3e655f78-03f9-55b0-86ae-55b4e0bd810e,D09
3e655f78-03f9-55b0-86ae-55b4e0bd810e,D10
cd37c0ad-f24e-5349-a1f5-69d300aa59f2,A01
cd37c0ad-f24e-5349-a1f5-69d300aa59f2,D01
cd37c0ad-f24e-5349-a1f5-69d300aa59f2,D09
cd37c0ad-f24e-5349-a1f5-69d300aa59f2,D10
88afef4e-0300-5fe3-9f2b-73dfcb923315,A01
88afef4e-0300-5fe3-9f2b-73dfcb923315,D01
88afef4e-0300-5fe3-9f2b-73dfcb923315,D09
88afef4e-0300-5fe3-9f2b-73dfcb923315,D10
68e2b635-4e13-579e-861d-4323948ee327,A01
68e2b635-4e13-579e-861d-4323948ee327,D01
68e2b635-4e13-579e-861d-4323948ee327,D09
68e2b635-4e13-579e-861d-4323948ee327,D10
3badafaa-3b14-585d-82cd-0cc07603e3ac,A01
3badafaa-3b14-585d-82cd-0cc07603e3ac,D01
3badafaa-3b14-585d-82cd-0cc07603e3ac,D09
3badafaa-3b14-585d-82cd-0cc07603e3ac,D10
216a3088-981b-5cb8-8ac0-3c45a7f2cdf0,A01
216a3088-981b-5cb8-8ac0-3c45a7f2cdf0,D01
216a3088-981b-5cb8-8ac0-3c45a7f2cdf0,D09
216a3088-981b-5cb8-8ac0-3c45a7f2cdf0,D10
97a20cf3-295b-519f-a03a-cf6e43a3d66a,A01
97a20cf3-295b-519f-a03a-cf6e43a3d66a,D01
97a20cf3-295b-519f-a03a-cf6e43a3d66a,D09
97a20cf3-295b-519f-a03a-cf6e43a3d66a,D10
18b6428e-39c5-5c71-9375-8bd21b3e940c,A01
18b6428e-39c5-5c71-9375-8bd21b3e940c,D01
18b6428e-39c5-5c71-9375-8bd21b3e940c,D09
18b6428e-39c5-5c71-9375-8bd21b3e940c,D10
75da58a4-7376-5a8a-b6ea-5517175333fd,A01
75da58a4-7376-5a8a-b6ea-5517175333fd,D01
75da58a4-7376-5a8a-b6ea-5517175333fd,D09
75da58a4-7376-5a8a-b6ea-5517175333fd,D10
cfd503da-6a95-5c1d-8b7c-c9976a216b1c,A01
cfd503da-6a95-5c1d-8b7c-c9976a216b1c,D01
cfd503da-6a95-5c1d-8b7c-c9976a216b1c,D09
cfd503da-6a95-5c1d-8b7c-c9976a216b1c,D10
3badafaa-3b14-585d-82cd-0cc07603e3ac,C01
3badafaa-3b14-585d-82cd-0cc07603e3ac,C03
3badafaa-3b14-585d-82cd-0cc07603e3ac,C04
3badafaa-3b14-585d-82cd-0cc07603e3ac,X01
216a3088-981b-5cb8-8ac0-3c45a7f2cdf0,C01
216a3088-981b-5cb8-8ac0-3c45a7f2cdf0,C03
216a3088-981b-5cb8-8ac0-3c45a7f2cdf0,C04
216a3088-981b-5cb8-8ac0-3c45a7f2cdf0,X01
97a20cf3-295b-519f-a03a-cf6e43a3d66a,C01
97a20cf3-295b-519f-a03a-cf6e43a3d66a,C03
97a20cf3-295b-519f-a03a-cf6e43a3d66a,C04
97a20cf3-295b-519f-a03a-cf6e43a3d66a,X01
6ce98223-871e-501c-bf1c-22aad961a416,A01
6ce98223-871e-501c-bf1c-22aad961a416,C01
6ce98223-871e-501c-bf1c-22aad961a416,C03
6ce98223-871e-501c-bf1c-22aad961a416,C04
6ce98223-871e-501c-bf1c-22aad961a416,D01
6ce98223-871e-501c-bf1c-22aad961a416,D09
6ce98223-871e-501c-bf1c-22aad961a416,D10
6ce98223-871e-501c-bf1c-22aad961a416,X01
75da58a4-7376-5a8a-b6ea-5517175333fd,C01
75da58a4-7376-5a8a-b6ea-5517175333fd,C03
75da58a4-7376-5a8a-b6ea-5517175333fd,C04
75da58a4-7376-5a8a-b6ea-5517175333fd,X01
cfd503da-6a95-5c1d-8b7c-c9976a216b1c,C01
cfd503da-6a95-5c1d-8b7c-c9976a216b1c,C03
cfd503da-6a95-5c1d-8b7c-c9976a216b1c,C04
cfd503da-6a95-5c1d-8b7c-c9976a216b1c,X01
a4056f21-4e89-5ab6-b6e4-bf2592254b54,A00
a4056f21-4e89-5ab6-b6e4-bf2592254b54,A01
a4056f21-4e89-5ab6-b6e4-bf2592254b54,D07
a4056f21-4e89-5ab6-b6e4-bf2592254b54,D08
540ded12-7e1c-5d86-ba31-443a3151cc34,A00
540ded12-7e1c-5d86-ba31-443a3151cc34,A01
540ded12-7e1c-5d86-ba31-443a3151cc34,D07
540ded12-7e1c-5d86-ba31-443a3151cc34,D08
41c1c3cc-8ee4-5c7e-841b-da5bd391ff34,A00
41c1c3cc-8ee4-5c7e-841b-da5bd391ff34,A01
41c1c3cc-8ee4-5c7e-841b-da5bd391ff34,B00
41c1c3cc-8ee4-5c7e-841b-da5bd391ff34,C01
08943fe4-00ee-5fc8-8dd4-179672e7b99a,A00
08943fe4-00ee-5fc8-8dd4-179672e7b99a,A01
08943fe4-00ee-5fc8-8dd4-179672e7b99a,B00
08943fe4-00ee-5fc8-8dd4-179672e7b99a,C01
919944a8-1ff1-588b-99f4-b5d96b4989bb,A00
919944a8-1ff1-588b-99f4-b5d96b4989bb,A01
919944a8-1ff1-588b-99f4-b5d96b4989bb,B00
919944a8-1ff1-588b-99f4-b5d96b4989bb,C01
e33c179d-e13b-5d12-9b04-1dfc211a4525,A00
e33c179d-e13b-5d12-9b04-1dfc211a4525,B00
e33c179d-e13b-5d12-9b04-1dfc211a4525,D07
4124ccb9-dcbd-5619-ba7c-546e1e1a60cd,A00
4124ccb9-dcbd-5619-ba7c-546e1e1a60cd,A02
4124ccb9-dcbd-5619-ba7c-546e1e1a60cd,B00
4124ccb9-dcbd-5619-ba7c-546e1e1a60cd,D08
1882dc46-00a3-5899-96a6-cc34f417ec31,A00
1882dc46-00a3-5899-96a6-cc34f417ec31,A01
1882dc46-00a3-5899-96a6-cc34f417ec31,B00
1882dc46-00a3-5899-96a6-cc34f417ec31,D10
51533a80-7f0e-52c0-8c88-ab9fe3db845b,A00
51533a80-7f0e-52c0-8c88-ab9fe3db845b,A01
51533a80-7f0e-52c0-8c88-ab9fe3db845b,B00
51533a80-7f0e-52c0-8c88-ab9fe3db845b,D10
1a8b1649-62e8-5be8-b77d-2b091fa5d07d,A00
1a8b1649-62e8-5be8-b77d-2b091fa5d07d,A01
1a8b1649-62e8-5be8-b77d-2b091fa5d07d,B00
1a8b1649-62e8-5be8-b77d-2b091fa5d07d,D07
d3a91a73-0c70-5f66-8dc3-0fd48bdd61ed,A00
d3a91a73-0c70-5f66-8dc3-0fd48bdd61ed,A01
d3a91a73-0c70-5f66-8dc3-0fd48bdd61ed,B00
d3a91a73-0c70-5f66-8dc3-0fd48bdd61ed,D07
3a63b2ad-8d0a-578d-99b3-a27c711ff1b8,A00
3a63b2ad-8d0a-578d-99b3-a27c711ff1b8,A01
3a63b2ad-8d0a-578d-99b3-a27c711ff1b8,B00
3a63b2ad-8d0a-578d-99b3-a27c711ff1b8,D07
0252ccd4-fa86-5475-b4f6-7406c5eeeaf6,A00
0252ccd4-fa86-5475-b4f6-7406c5eeeaf6,A01
0252ccd4-fa86-5475-b4f6-7406c5eeeaf6,B00
0252ccd4-fa86-5475-b4f6-7406c5eeeaf6,D07
3e50c899-ea15-53c5-bdfb-c1dd5c543ed3,A00
3e50c899-ea15-53c5-bdfb-c1dd5c543ed3,A01
3e50c899-ea15-53c5-bdfb-c1dd5c543ed3,B00
3e50c899-ea15-53c5-bdfb-c1dd5c543ed3,D07
28fdc1d2-8393-5a25-973a-8d39f47f42f1,A00
28fdc1d2-8393-5a25-973a-8d39f47f42f1,A01
28fdc1d2-8393-5a25-973a-8d39f47f42f1,D07
28fdc1d2-8393-5a25-973a-8d39f47f42f1,D08
78556fc8-078c-5cce-8a70-9ec22bc7ddbf,A00
78556fc8-078c-5cce-8a70-9ec22bc7ddbf,B00
78556fc8-078c-5cce-8a70-9ec22bc7ddbf,D07
38b46cc6-a50f-5aed-8eea-3a1a3d186e48,A00
38b46cc6-a50f-5aed-8eea-3a1a3d186e48,B00
38b46cc6-a50f-5aed-8eea-3a1a3d186e48,D07
efbc0679-f4b6-5349-bbc9-d36557f51f5b,A00
efbc0679-f4b6-5349-bbc9-d36557f51f5b,B00
efbc0679-f4b6-5349-bbc9-d36557f51f5b,D07
c8401d3a-ccbb-5624-b761-ef45a1944395,A00
c8401d3a-ccbb-5624-b761-ef45a1944395,A02
c8401d3a-ccbb-5624-b761-ef45a1944395,B00
c8401d3a-ccbb-5624-b761-ef45a1944395,D08
d232caa0-23f6-53b5-ad9b-ff2915b55872,A00
d232caa0-23f6-53b5-ad9b-ff2915b55872,A01
d232caa0-23f6-53b5-ad9b-ff2915b55872,B00
d232caa0-23f6-53b5-ad9b-ff2915b55872,D07
cde2cb16-9be1-539e-8e3c-b09b61986b76,A00
cde2cb16-9be1-539e-8e3c-b09b61986b76,A01
cde2cb16-9be1-539e-8e3c-b09b61986b76,B00
cde2cb16-9be1-539e-8e3c-b09b61986b76,D10
0f7e671b-a6f8-5435-8fdc-c13b8bf0ea4b,A00
0f7e671b-a6f8-5435-8fdc-c13b8bf0ea4b,A01
0f7e671b-a6f8-5435-8fdc-c13b8bf0ea4b,B00
0f7e671b-a6f8-5435-8fdc-c13b8bf0ea4b,D07
49001992-5eb8-5cac-b4d0-05acbbdf0d49,A00
49001992-5eb8-5cac-b4d0-05acbbdf0d49,A01
49001992-5eb8-5cac-b4d0-05acbbdf0d49,D07
49001992-5eb8-5cac-b4d0-05acbbdf0d49,D08
2678927a-56f7-5412-9886-9589259d6041,A00
2678927a-56f7-5412-9886-9589259d6041,A01
2678927a-56f7-5412-9886-9589259d6041,B00
2678927a-56f7-5412-9886-9589259d6041,C01
38a0166e-f739-52e1-821f-4f348717a999,A00
38a0166e-f739-52e1-821f-4f348717a999,A01
38a0166e-f739-52e1-821f-4f348717a999,B00
38a0166e-f739-52e1-821f-4f348717a999,D10
402b501f-457a-5d6d-953c-a6a0d9913ec9,A00
402b501f-457a-5d6d-953c-a6a0d9913ec9,A01
402b501f-457a-5d6d-953c-a6a0d9913ec9,B00
402b501f-457a-5d6d-953c-a6a0d9913ec9,D07
432485af-dfff-520f-a719-3201b10bfc6a,A00
432485af-dfff-520f-a719-3201b10bfc6a,A01
432485af-dfff-520f-a719-3201b10bfc6a,B00
432485af-dfff-520f-a719-3201b10bfc6a,D07
d7e431d5-12bd-5af8-a04d-1e0ecd60c61e,A00
d7e431d5-12bd-5af8-a04d-1e0ecd60c61e,A01
d7e431d5-12bd-5af8-a04d-1e0ecd60c61e,D07
d7e431d5-12bd-5af8-a04d-1e0ecd60c61e,D08
d8e58a00-4b64-5292-ad62-b1a56d60c064,A00
d8e58a00-4b64-5292-ad62-b1a56d60c064,B00
d8e58a00-4b64-5292-ad62-b1a56d60c064,D07
4124ccb9-dcbd-5619-ba7c-546e1e1a60cd,B08
c7244efb-96fd-5d62-bde2-bff871b88ce7,A00
c7244efb-96fd-5d62-bde2-bff871b88ce7,A02
c7244efb-96fd-5d62-bde2-bff871b88ce7,B00
c7244efb-96fd-5d62-bde2-bff871b88ce7,B08
998b9bd7-75aa-5789-b662-08339fa4b1af,A00
998b9bd7-75aa-5789-b662-08339fa4b1af,A01
998b9bd7-75aa-5789-b662-08339fa4b1af,B00
998b9bd7-75aa-5789-b662-08339fa4b1af,D07
b6a61f1e-589f-5503-b356-c245e7f1f04e,A00
b6a61f1e-589f-5503-b356-c245e7f1f04e,A02
b6a61f1e-589f-5503-b356-c245e7f1f04e,B00
b6a61f1e-589f-5503-b356-c245e7f1f04e,B08
7ceefa4b-3927-5a09-8590-27494869aafe,A00
7ceefa4b-3927-5a09-8590-27494869aafe,A01
7ceefa4b-3927-5a09-8590-27494869aafe,B00
7ceefa4b-3927-5a09-8590-27494869aafe,D07
41c1c3cc-8ee4-5c7e-841b-da5bd391ff34,A02
08943fe4-00ee-5fc8-8dd4-179672e7b99a,A02
919944a8-1ff1-588b-99f4-b5d96b4989bb,A02
e33c179d-e13b-5d12-9b04-1dfc211a4525,C02
d8e58a00-4b64-5292-ad62-b1a56d60c064,C02
0252ccd4-fa86-5475-b4f6-7406c5eeeaf6,D10
3e50c899-ea15-53c5-bdfb-c1dd5c543ed3,D10
efbc0679-f4b6-5349-bbc9-d36557f51f5b,C02
2678927a-56f7-5412-9886-9589259d6041,A02
a4056f21-4e89-5ab6-b6e4-bf2592254b54,C01
a4056f21-4e89-5ab6-b6e4-bf2592254b54,X26
540ded12-7e1c-5d86-ba31-443a3151cc34,C01
540ded12-7e1c-5d86-ba31-443a3151cc34,X26
41c1c3cc-8ee4-5c7e-841b-da5bd391ff34,C02
41c1c3cc-8ee4-5c7e-841b-da5bd391ff34,D07
41c1c3cc-8ee4-5c7e-841b-da5bd391ff34,X02
41c1c3cc-8ee4-5c7e-841b-da5bd391ff34,X06
41c1c3cc-8ee4-5c7e-841b-da5bd391ff34,X26
08943fe4-00ee-5fc8-8dd4-179672e7b99a,C02
08943fe4-00ee-5fc8-8dd4-179672e7b99a,D07
08943fe4-00ee-5fc8-8dd4-179672e7b99a,X02
08943fe4-00ee-5fc8-8dd4-179672e7b99a,X06
08943fe4-00ee-5fc8-8dd4-179672e7b99a,X26
919944a8-1ff1-588b-99f4-b5d96b4989bb,C02
919944a8-1ff1-588b-99f4-b5d96b4989bb,D07
919944a8-1ff1-588b-99f4-b5d96b4989bb,X02
919944a8-1ff1-588b-99f4-b5d96b4989bb,X06
919944a8-1ff1-588b-99f4-b5d96b4989bb,X26
e33c179d-e13b-5d12-9b04-1dfc211a4525,A05
e33c179d-e13b-5d12-9b04-1dfc211a4525,A06
e33c179d-e13b-5d12-9b04-1dfc211a4525,X09
e33c179d-e13b-5d12-9b04-1dfc211a4525,X10
e33c179d-e13b-5d12-9b04-1dfc211a4525,X11
e33c179d-e13b-5d12-9b04-1dfc211a4525,X12
d8e58a00-4b64-5292-ad62-b1a56d60c064,A05
d8e58a00-4b64-5292-ad62-b1a56d60c064,A06
d8e58a00-4b64-5292-ad62-b1a56d60c064,X09
d8e58a00-4b64-5292-ad62-b1a56d60c064,X10
d8e58a00-4b64-5292-ad62-b1a56d60c064,X11
d8e58a00-4b64-5292-ad62-b1a56d60c064,X12
4124ccb9-dcbd-5619-ba7c-546e1e1a60cd,B01
4124ccb9-dcbd-5619-ba7c-546e1e1a60cd,B02
4124ccb9-dcbd-5619-ba7c-546e1e1a60cd,B03
4124ccb9-dcbd-5619-ba7c-546e1e1a60cd,D07
4124ccb9-dcbd-5619-ba7c-546e1e1a60cd,X13
4124ccb9-dcbd-5619-ba7c-546e1e1a60cd,X14
4124ccb9-dcbd-5619-ba7c-546e1e1a60cd,X15
4124ccb9-dcbd-5619-ba7c-546e1e1a60cd,X16
c7244efb-96fd-5d62-bde2-bff871b88ce7,B01
c7244efb-96fd-5d62-bde2-bff871b88ce7,B02
c7244efb-96fd-5d62-bde2-bff871b88ce7,B03
c7244efb-96fd-5d62-bde2-bff871b88ce7,D07
c7244efb-96fd-5d62-bde2-bff871b88ce7,D08
c7244efb-96fd-5d62-bde2-bff871b88ce7,X13
c7244efb-96fd-5d62-bde2-bff871b88ce7,X14
c7244efb-96fd-5d62-bde2-bff871b88ce7,X15
c7244efb-96fd-5d62-bde2-bff871b88ce7,X16
1882dc46-00a3-5899-96a6-cc34f417ec31,A04
1882dc46-00a3-5899-96a6-cc34f417ec31,A06
1882dc46-00a3-5899-96a6-cc34f417ec31,A07
1882dc46-00a3-5899-96a6-cc34f417ec31,B02
1882dc46-00a3-5899-96a6-cc34f417ec31,C04
1882dc46-00a3-5899-96a6-cc34f417ec31,D01
1882dc46-00a3-5899-96a6-cc34f417ec31,D20
1882dc46-00a3-5899-96a6-cc34f417ec31,X01
1882dc46-00a3-5899-96a6-cc34f417ec31,X21
1882dc46-00a3-5899-96a6-cc34f417ec31,X25
51533a80-7f0e-52c0-8c88-ab9fe3db845b,A04
51533a80-7f0e-52c0-8c88-ab9fe3db845b,A06
51533a80-7f0e-52c0-8c88-ab9fe3db845b,A07
51533a80-7f0e-52c0-8c88-ab9fe3db845b,B02
51533a80-7f0e-52c0-8c88-ab9fe3db845b,C04
51533a80-7f0e-52c0-8c88-ab9fe3db845b,D01
51533a80-7f0e-52c0-8c88-ab9fe3db845b,D20
51533a80-7f0e-52c0-8c88-ab9fe3db845b,X01
51533a80-7f0e-52c0-8c88-ab9fe3db845b,X21
51533a80-7f0e-52c0-8c88-ab9fe3db845b,X25
1a8b1649-62e8-5be8-b77d-2b091fa5d07d,A02
1a8b1649-62e8-5be8-b77d-2b091fa5d07d,B03
1a8b1649-62e8-5be8-b77d-2b091fa5d07d,C01
1a8b1649-62e8-5be8-b77d-2b091fa5d07d,C02
1a8b1649-62e8-5be8-b77d-2b091fa5d07d,D01
1a8b1649-62e8-5be8-b77d-2b091fa5d07d,D08
1a8b1649-62e8-5be8-b77d-2b091fa5d07d,X09
1a8b1649-62e8-5be8-b77d-2b091fa5d07d,X10
1a8b1649-62e8-5be8-b77d-2b091fa5d07d,X11
1a8b1649-62e8-5be8-b77d-2b091fa5d07d,X12
1a8b1649-62e8-5be8-b77d-2b091fa5d07d,X13
1a8b1649-62e8-5be8-b77d-2b091fa5d07d,X14
1a8b1649-62e8-5be8-b77d-2b091fa5d07d,X15
1a8b1649-62e8-5be8-b77d-2b091fa5d07d,X16
998b9bd7-75aa-5789-b662-08339fa4b1af,A02
998b9bd7-75aa-5789-b662-08339fa4b1af,B03
998b9bd7-75aa-5789-b662-08339fa4b1af,C01
998b9bd7-75aa-5789-b662-08339fa4b1af,C02
998b9bd7-75aa-5789-b662-08339fa4b1af,D01
998b9bd7-75aa-5789-b662-08339fa4b1af,D08
998b9bd7-75aa-5789-b662-08339fa4b1af,X09
998b9bd7-75aa-5789-b662-08339fa4b1af,X10
998b9bd7-75aa-5789-b662-08339fa4b1af,X11
998b9bd7-75aa-5789-b662-08339fa4b1af,X12
998b9bd7-75aa-5789-b662-08339fa4b1af,X13
998b9bd7-75aa-5789-b662-08339fa4b1af,X14
998b9bd7-75aa-5789-b662-08339fa4b1af,X15
998b9bd7-75aa-5789-b662-08339fa4b1af,X16
d3a91a73-0c70-5f66-8dc3-0fd48bdd61ed,A02
d3a91a73-0c70-5f66-8dc3-0fd48bdd61ed,A04
d3a91a73-0c70-5f66-8dc3-0fd48bdd61ed,A06
d3a91a73-0c70-5f66-8dc3-0fd48bdd61ed,B02
d3a91a73-0c70-5f66-8dc3-0fd48bdd61ed,B03
d3a91a73-0c70-5f66-8dc3-0fd48bdd61ed,B08
d3a91a73-0c70-5f66-8dc3-0fd48bdd61ed,C01
d3a91a73-0c70-5f66-8dc3-0fd48bdd61ed,C02
d3a91a73-0c70-5f66-8dc3-0fd48bdd61ed,C04
d3a91a73-0c70-5f66-8dc3-0fd48bdd61ed,D01
d3a91a73-0c70-5f66-8dc3-0fd48bdd61ed,D10
d3a91a73-0c70-5f66-8dc3-0fd48bdd61ed,X26
3a63b2ad-8d0a-578d-99b3-a27c711ff1b8,A02
3a63b2ad-8d0a-578d-99b3-a27c711ff1b8,A04
3a63b2ad-8d0a-578d-99b3-a27c711ff1b8,A06
3a63b2ad-8d0a-578d-99b3-a27c711ff1b8,B02
3a63b2ad-8d0a-578d-99b3-a27c711ff1b8,B03
3a63b2ad-8d0a-578d-99b3-a27c711ff1b8,B08
3a63b2ad-8d0a-578d-99b3-a27c711ff1b8,C01
3a63b2ad-8d0a-578d-99b3-a27c711ff1b8,C02
3a63b2ad-8d0a-578d-99b3-a27c711ff1b8,C04
3a63b2ad-8d0a-578d-99b3-a27c711ff1b8,D01
3a63b2ad-8d0a-578d-99b3-a27c711ff1b8,D10
3a63b2ad-8d0a-578d-99b3-a27c711ff1b8,X26
0252ccd4-fa86-5475-b4f6-7406c5eeeaf6,A04
0252ccd4-fa86-5475-b4f6-7406c5eeeaf6,A06
0252ccd4-fa86-5475-b4f6-7406c5eeeaf6,A07
0252ccd4-fa86-5475-b4f6-7406c5eeeaf6,B03
0252ccd4-fa86-5475-b4f6-7406c5eeeaf6,C01
0252ccd4-fa86-5475-b4f6-7406c5eeeaf6,C02
0252ccd4-fa86-5475-b4f6-7406c5eeeaf6,C04
0252ccd4-fa86-5475-b4f6-7406c5eeeaf6,D01
0252ccd4-fa86-5475-b4f6-7406c5eeeaf6,D08
0252ccd4-fa86-5475-b4f6-7406c5eeeaf6,D09
0252ccd4-fa86-5475-b4f6-7406c5eeeaf6,X01
0252ccd4-fa86-5475-b4f6-7406c5eeeaf6,X05
0252ccd4-fa86-5475-b4f6-7406c5eeeaf6,X09
0252ccd4-fa86-5475-b4f6-7406c5eeeaf6,X21
0252ccd4-fa86-5475-b4f6-7406c5eeeaf6,X25
3e50c899-ea15-53c5-bdfb-c1dd5c543ed3,A04
3e50c899-ea15-53c5-bdfb-c1dd5c543ed3,A06
3e50c899-ea15-53c5-bdfb-c1dd5c543ed3,A07
3e50c899-ea15-53c5-bdfb-c1dd5c543ed3,B03
3e50c899-ea15-53c5-bdfb-c1dd5c543ed3,C01
3e50c899-ea15-53c5-bdfb-c1dd5c543ed3,C02
3e50c899-ea15-53c5-bdfb-c1dd5c543ed3,C04
3e50c899-ea15-53c5-bdfb-c1dd5c543ed3,D01
3e50c899-ea15-53c5-bdfb-c1dd5c543ed3,D08
3e50c899-ea15-53c5-bdfb-c1dd5c543ed3,D09
3e50c899-ea15-53c5-bdfb-c1dd5c543ed3,X01
3e50c899-ea15-53c5-bdfb-c1dd5c543ed3,X05
3e50c899-ea15-53c5-bdfb-c1dd5c543ed3,X09
3e50c899-ea15-53c5-bdfb-c1dd5c543ed3,X21
3e50c899-ea15-53c5-bdfb-c1dd5c543ed3,X25
efbc0679-f4b6-5349-bbc9-d36557f51f5b,A05
efbc0679-f4b6-5349-bbc9-d36557f51f5b,A06
efbc0679-f4b6-5349-bbc9-d36557f51f5b,X09
efbc0679-f4b6-5349-bbc9-d36557f51f5b,X10
efbc0679-f4b6-5349-bbc9-d36557f51f5b,X11
efbc0679-f4b6-5349-bbc9-d36557f51f5b,X12
b6a61f1e-589f-5503-b356-c245e7f1f04e,B01
b6a61f1e-589f-5503-b356-c245e7f1f04e,B02
b6a61f1e-589f-5503-b356-c245e7f1f04e,B03
b6a61f1e-589f-5503-b356-c245e7f1f04e,D07
b6a61f1e-589f-5503-b356-c245e7f1f04e,D08
b6a61f1e-589f-5503-b356-c245e7f1f04e,X13
b6a61f1e-589f-5503-b356-c245e7f1f04e,X14
b6a61f1e-589f-5503-b356-c245e7f1f04e,X15
b6a61f1e-589f-5503-b356-c245e7f1f04e,X16
7ceefa4b-3927-5a09-8590-27494869aafe,A02
7ceefa4b-3927-5a09-8590-27494869aafe,B03
7ceefa4b-3927-5a09-8590-27494869aafe,C01
7ceefa4b-3927-5a09-8590-27494869aafe,C02
7ceefa4b-3927-5a09-8590-27494869aafe,D01
7ceefa4b-3927-5a09-8590-27494869aafe,D08
7ceefa4b-3927-5a09-8590-27494869aafe,X09
7ceefa4b-3927-5a09-8590-27494869aafe,X10
7ceefa4b-3927-5a09-8590-27494869aafe,X11
7ceefa4b-3927-5a09-8590-27494869aafe,X12
7ceefa4b-3927-5a09-8590-27494869aafe,X13
7ceefa4b-3927-5a09-8590-27494869aafe,X14
7ceefa4b-3927-5a09-8590-27494869aafe,X15
7ceefa4b-3927-5a09-8590-27494869aafe,X16
cde2cb16-9be1-539e-8e3c-b09b61986b76,A04
cde2cb16-9be1-539e-8e3c-b09b61986b76,A06
cde2cb16-9be1-539e-8e3c-b09b61986b76,A07
cde2cb16-9be1-539e-8e3c-b09b61986b76,B02
cde2cb16-9be1-539e-8e3c-b09b61986b76,C04
cde2cb16-9be1-539e-8e3c-b09b61986b76,D01
cde2cb16-9be1-539e-8e3c-b09b61986b76,D20
cde2cb16-9be1-539e-8e3c-b09b61986b76,X01
cde2cb16-9be1-539e-8e3c-b09b61986b76,X21
cde2cb16-9be1-539e-8e3c-b09b61986b76,X25
0f7e671b-a6f8-5435-8fdc-c13b8bf0ea4b,A02
0f7e671b-a6f8-5435-8fdc-c13b8bf0ea4b,A04
0f7e671b-a6f8-5435-8fdc-c13b8bf0ea4b,A06
0f7e671b-a6f8-5435-8fdc-c13b8bf0ea4b,B02
0f7e671b-a6f8-5435-8fdc-c13b8bf0ea4b,B03
0f7e671b-a6f8-5435-8fdc-c13b8bf0ea4b,B08
0f7e671b-a6f8-5435-8fdc-c13b8bf0ea4b,C01
0f7e671b-a6f8-5435-8fdc-c13b8bf0ea4b,C02
0f7e671b-a6f8-5435-8fdc-c13b8bf0ea4b,C04
0f7e671b-a6f8-5435-8fdc-c13b8bf0ea4b,D01
0f7e671b-a6f8-5435-8fdc-c13b8bf0ea4b,D10
0f7e671b-a6f8-5435-8fdc-c13b8bf0ea4b,X26
49001992-5eb8-5cac-b4d0-05acbbdf0d49,C01
49001992-5eb8-5cac-b4d0-05acbbdf0d49,X26
2678927a-56f7-5412-9886-9589259d6041,C02
2678927a-56f7-5412-9886-9589259d6041,D07
2678927a-56f7-5412-9886-9589259d6041,X02
2678927a-56f7-5412-9886-9589259d6041,X06
2678927a-56f7-5412-9886-9589259d6041,X26
38a0166e-f739-52e1-821f-4f348717a999,A04
38a0166e-f739-52e1-821f-4f348717a999,A06
38a0166e-f739-52e1-821f-4f348717a999,A07
38a0166e-f739-52e1-821f-4f348717a999,B02
38a0166e-f739-52e1-821f-4f348717a999,C04
38a0166e-f739-52e1-821f-4f348717a999,D01
38a0166e-f739-52e1-821f-4f348717a999,D20
38a0166e-f739-52e1-821f-4f348717a999,X01
38a0166e-f739-52e1-821f-4f348717a999,X21
38a0166e-f739-52e1-821f-4f348717a999,X25
402b501f-457a-5d6d-953c-a6a0d9913ec9,A02
402b501f-457a-5d6d-953c-a6a0d9913ec9,B03
402b501f-457a-5d6d-953c-a6a0d9913ec9,C01
402b501f-457a-5d6d-953c-a6a0d9913ec9,C02
402b501f-457a-5d6d-953c-a6a0d9913ec9,D01
402b501f-457a-5d6d-953c-a6a0d9913ec9,D08
402b501f-457a-5d6d-953c-a6a0d9913ec9,X09
402b501f-457a-5d6d-953c-a6a0d9913ec9,X10
402b501f-457a-5d6d-953c-a6a0d9913ec9,X11
402b501f-457a-5d6d-953c-a6a0d9913ec9,X12
402b501f-457a-5d6d-953c-a6a0d9913ec9,X13
402b501f-457a-5d6d-953c-a6a0d9913ec9,X14
402b501f-457a-5d6d-953c-a6a0d9913ec9,X15
402b501f-457a-5d6d-953c-a6a0d9913ec9,X16
d7e431d5-12bd-5af8-a04d-1e0ecd60c61e,C01
d7e431d5-12bd-5af8-a04d-1e0ecd60c61e,X26
14ce4311-2989-541e-9b2d-9f506a075b61,A00
14ce4311-2989-541e-9b2d-9f506a075b61,A01
14ce4311-2989-541e-9b2d-9f506a075b61,A02
14ce4311-2989-541e-9b2d-9f506a075b61,B00
14ce4311-2989-541e-9b2d-9f506a075b61,C01
14ce4311-2989-541e-9b2d-9f506a075b61,C02
14ce4311-2989-541e-9b2d-9f506a075b61,D07
14ce4311-2989-541e-9b2d-9f506a075b61,X02
14ce4311-2989-541e-9b2d-9f506a075b61,X06
14ce4311-2989-541e-9b2d-9f506a075b61,X26
a4056f21-4e89-5ab6-b6e4-bf2592254b54,T49
540ded12-7e1c-5d86-ba31-443a3151cc34,T49
41c1c3cc-8ee4-5c7e-841b-da5bd391ff34,T49
08943fe4-00ee-5fc8-8dd4-179672e7b99a,T49
919944a8-1ff1-588b-99f4-b5d96b4989bb,T49
e33c179d-e13b-5d12-9b04-1dfc211a4525,T49
d8e58a00-4b64-5292-ad62-b1a56d60c064,T49
4124ccb9-dcbd-5619-ba7c-546e1e1a60cd,T49
c7244efb-96fd-5d62-bde2-bff871b88ce7,T49
1882dc46-00a3-5899-96a6-cc34f417ec31,T49
51533a80-7f0e-52c0-8c88-ab9fe3db845b,T49
1a8b1649-62e8-5be8-b77d-2b091fa5d07d,T49
998b9bd7-75aa-5789-b662-08339fa4b1af,T49
d3a91a73-0c70-5f66-8dc3-0fd48bdd61ed,T49
3a63b2ad-8d0a-578d-99b3-a27c711ff1b8,T49
0252ccd4-fa86-5475-b4f6-7406c5eeeaf6,T49
3e50c899-ea15-53c5-bdfb-c1dd5c543ed3,T49
efbc0679-f4b6-5349-bbc9-d36557f51f5b,T49
b6a61f1e-589f-5503-b356-c245e7f1f04e,T49
7ceefa4b-3927-5a09-8590-27494869aafe,T49
cde2cb16-9be1-539e-8e3c-b09b61986b76,T49
0f7e671b-a6f8-5435-8fdc-c13b8bf0ea4b,T49
49001992-5eb8-5cac-b4d0-05acbbdf0d49,T49
2678927a-56f7-5412-9886-9589259d6041,T49
38a0166e-f739-52e1-821f-4f348717a999,T49
402b501f-457a-5d6d-953c-a6a0d9913ec9,T49
d7e431d5-12bd-5af8-a04d-1e0ecd60c61e,T49
3c8d777b-a66e-50e5-ac69-1d94420c8d01,A00
3c8d777b-a66e-50e5-ac69-1d94420c8d01,A01
3c8d777b-a66e-50e5-ac69-1d94420c8d01,D01
3c8d777b-a66e-50e5-ac69-1d94420c8d01,D03
3c8d777b-a66e-50e5-ac69-1d94420c8d01,D06
3c8d777b-a66e-50e5-ac69-1d94420c8d01,D96
3c8d777b-a66e-50e5-ac69-1d94420c8d01,D97
8c75a93b-2bbf-5a7a-9ec8-7968c85b005a,A00
8c75a93b-2bbf-5a7a-9ec8-7968c85b005a,A01
8c75a93b-2bbf-5a7a-9ec8-7968c85b005a,D01
8c75a93b-2bbf-5a7a-9ec8-7968c85b005a,D03
8c75a93b-2bbf-5a7a-9ec8-7968c85b005a,D06
8c75a93b-2bbf-5a7a-9ec8-7968c85b005a,D96
8c75a93b-2bbf-5a7a-9ec8-7968c85b005a,D97
96dde947-bbe8-5849-8246-490c99544da3,A00
96dde947-bbe8-5849-8246-490c99544da3,A01
96dde947-bbe8-5849-8246-490c99544da3,D01
96dde947-bbe8-5849-8246-490c99544da3,D03
96dde947-bbe8-5849-8246-490c99544da3,D06
96dde947-bbe8-5849-8246-490c99544da3,D96
96dde947-bbe8-5849-8246-490c99544da3,D97
fdd27dcb-e12c-5af0-9fce-c55f2ca06071,A00
fdd27dcb-e12c-5af0-9fce-c55f2ca06071,A01
fdd27dcb-e12c-5af0-9fce-c55f2ca06071,D01
fdd27dcb-e12c-5af0-9fce-c55f2ca06071,D03
fdd27dcb-e12c-5af0-9fce-c55f2ca06071,D06
fdd27dcb-e12c-5af0-9fce-c55f2ca06071,D07
fdd27dcb-e12c-5af0-9fce-c55f2ca06071,D23
fdd27dcb-e12c-5af0-9fce-c55f2ca06071,D24
cb232d09-2757-5087-a370-86f16811a002,A00
cb232d09-2757-5087-a370-86f16811a002,A01
cb232d09-2757-5087-a370-86f16811a002,D01
cb232d09-2757-5087-a370-86f16811a002,D03
cb232d09-2757-5087-a370-86f16811a002,D06
cb232d09-2757-5087-a370-86f16811a002,D07
cb232d09-2757-5087-a370-86f16811a002,D23
cb232d09-2757-5087-a370-86f16811a002,D24
74c65d00-d1f4-5c94-8016-57f32b0ce5bf,A00
74c65d00-d1f4-5c94-8016-57f32b0ce5bf,A01
74c65d00-d1f4-5c94-8016-57f32b0ce5bf,D01
74c65d00-d1f4-5c94-8016-57f32b0ce5bf,D03
74c65d00-d1f4-5c94-8016-57f32b0ce5bf,D06
74c65d00-d1f4-5c94-8016-57f32b0ce5bf,D96
74c65d00-d1f4-5c94-8016-57f32b0ce5bf,D97
696856d4-1dd0-54a0-b7da-09f727a3310f,A00
696856d4-1dd0-54a0-b7da-09f727a3310f,A01
696856d4-1dd0-54a0-b7da-09f727a3310f,D01
696856d4-1dd0-54a0-b7da-09f727a3310f,D03
696856d4-1dd0-54a0-b7da-09f727a3310f,D06
696856d4-1dd0-54a0-b7da-09f727a3310f,D07
696856d4-1dd0-54a0-b7da-09f727a3310f,D23
696856d4-1dd0-54a0-b7da-09f727a3310f,D24
5be2cee0-4be3-5459-84e1-64c19eb7ab08,A00
5be2cee0-4be3-5459-84e1-64c19eb7ab08,A01
5be2cee0-4be3-5459-84e1-64c19eb7ab08,D01
5be2cee0-4be3-5459-84e1-64c19eb7ab08,D03
5be2cee0-4be3-5459-84e1-64c19eb7ab08,D06
5be2cee0-4be3-5459-84e1-64c19eb7ab08,D07
5be2cee0-4be3-5459-84e1-64c19eb7ab08,D23
5be2cee0-4be3-5459-84e1-64c19eb7ab08,D24
e17d8a99-1c37-5088-9b59-68bc81ce0c66,A00
e17d8a99-1c37-5088-9b59-68bc81ce0c66,A01
e17d8a99-1c37-5088-9b59-68bc81ce0c66,D01
e17d8a99-1c37-5088-9b59-68bc81ce0c66,D03
e17d8a99-1c37-5088-9b59-68bc81ce0c66,D06
e17d8a99-1c37-5088-9b59-68bc81ce0c66,D96
e17d8a99-1c37-5088-9b59-68bc81ce0c66,D97
696856d4-1dd0-54a0-b7da-09f727a3310f,D96
696856d4-1dd0-54a0-b7da-09f727a3310f,D97
e17d8a99-1c37-5088-9b59-68bc81ce0c66,D78
e17d8a99-1c37-5088-9b59-68bc81ce0c66,D90
acbb1aa2-5758-55be-9d95-ce5d1cdb9f8d,A00
acbb1aa2-5758-55be-9d95-ce5d1cdb9f8d,A01
acbb1aa2-5758-55be-9d95-ce5d1cdb9f8d,D01
acbb1aa2-5758-55be-9d95-ce5d1cdb9f8d,D03
acbb1aa2-5758-55be-9d95-ce5d1cdb9f8d,D06
acbb1aa2-5758-55be-9d95-ce5d1cdb9f8d,D07
acbb1aa2-5758-55be-9d95-ce5d1cdb9f8d,D23
acbb1aa2-5758-55be-9d95-ce5d1cdb9f8d,D24
ccbc13db-d103-517e-ac2a-e41663f7fd54,A00
ccbc13db-d103-517e-ac2a-e41663f7fd54,A01
ccbc13db-d103-517e-ac2a-e41663f7fd54,D01
ccbc13db-d103-517e-ac2a-e41663f7fd54,D03
ccbc13db-d103-517e-ac2a-e41663f7fd54,D06
ccbc13db-d103-517e-ac2a-e41663f7fd54,D07
ccbc13db-d103-517e-ac2a-e41663f7fd54,D23
ccbc13db-d103-517e-ac2a-e41663f7fd54,D24
165921cc-8ae7-5187-a08b-e774da381722,A00
165921cc-8ae7-5187-a08b-e774da381722,A01
165921cc-8ae7-5187-a08b-e774da381722,D01
165921cc-8ae7-5187-a08b-e774da381722,D03
165921cc-8ae7-5187-a08b-e774da381722,D06
165921cc-8ae7-5187-a08b-e774da381722,D07
165921cc-8ae7-5187-a08b-e774da381722,D23
165921cc-8ae7-5187-a08b-e774da381722,D24
6a24f1af-b4fd-57a9-8020-548eacd1a5a1,A01
6a24f1af-b4fd-57a9-8020-548eacd1a5a1,D01
6a24f1af-b4fd-57a9-8020-548eacd1a5a1,D78
6a24f1af-b4fd-57a9-8020-548eacd1a5a1,D90
7d24e016-419f-52a5-84ef-3fb1efee4d6f,A00
7d24e016-419f-52a5-84ef-3fb1efee4d6f,A01
7d24e016-419f-52a5-84ef-3fb1efee4d6f,D00
7d24e016-419f-52a5-84ef-3fb1efee4d6f,D01
7d24e016-419f-52a5-84ef-3fb1efee4d6f,D03
7d24e016-419f-52a5-84ef-3fb1efee4d6f,D06
7d24e016-419f-52a5-84ef-3fb1efee4d6f,D96
7d24e016-419f-52a5-84ef-3fb1efee4d6f,D97
56b320d7-1cdd-5160-88dd-3a7e492ae10b,A00
56b320d7-1cdd-5160-88dd-3a7e492ae10b,A01
56b320d7-1cdd-5160-88dd-3a7e492ae10b,D00
56b320d7-1cdd-5160-88dd-3a7e492ae10b,D01
56b320d7-1cdd-5160-88dd-3a7e492ae10b,D03
56b320d7-1cdd-5160-88dd-3a7e492ae10b,D06
56b320d7-1cdd-5160-88dd-3a7e492ae10b,D96
56b320d7-1cdd-5160-88dd-3a7e492ae10b,D97
eef9cfd5-fd9e-50f0-b00e-028102dadd7a,A00
eef9cfd5-fd9e-50f0-b00e-028102dadd7a,A01
eef9cfd5-fd9e-50f0-b00e-028102dadd7a,D00
eef9cfd5-fd9e-50f0-b00e-028102dadd7a,D01
eef9cfd5-fd9e-50f0-b00e-028102dadd7a,D03
eef9cfd5-fd9e-50f0-b00e-028102dadd7a,D06
eef9cfd5-fd9e-50f0-b00e-028102dadd7a,D96
eef9cfd5-fd9e-50f0-b00e-028102dadd7a,D97
d6b47f32-37af-582c-b3b9-a9d9fdfee333,A00
d6b47f32-37af-582c-b3b9-a9d9fdfee333,A01
d6b47f32-37af-582c-b3b9-a9d9fdfee333,D01
d6b47f32-37af-582c-b3b9-a9d9fdfee333,D03
d6b47f32-37af-582c-b3b9-a9d9fdfee333,D06
d6b47f32-37af-582c-b3b9-a9d9fdfee333,D07
d6b47f32-37af-582c-b3b9-a9d9fdfee333,D23
d6b47f32-37af-582c-b3b9-a9d9fdfee333,D24
372b9b36-7764-5428-8c64-15a0c451ca88,A00
372b9b36-7764-5428-8c64-15a0c451ca88,A01
372b9b36-7764-5428-8c64-15a0c451ca88,D00
372b9b36-7764-5428-8c64-15a0c451ca88,D01
372b9b36-7764-5428-8c64-15a0c451ca88,D03
372b9b36-7764-5428-8c64-15a0c451ca88,D06
372b9b36-7764-5428-8c64-15a0c451ca88,D96
372b9b36-7764-5428-8c64-15a0c451ca88,D97
4f82c1a4-f06a-5243-8069-003daf1dba7c,A00
4f82c1a4-f06a-5243-8069-003daf1dba7c,A01
4f82c1a4-f06a-5243-8069-003daf1dba7c,D00
4f82c1a4-f06a-5243-8069-003daf1dba7c,D01
4f82c1a4-f06a-5243-8069-003daf1dba7c,D03
4f82c1a4-f06a-5243-8069-003daf1dba7c,D06
4f82c1a4-f06a-5243-8069-003daf1dba7c,D96
4f82c1a4-f06a-5243-8069-003daf1dba7c,D97
5a90c36b-7e13-57a6-ac65-787ffc92b121,A00
5a90c36b-7e13-57a6-ac65-787ffc92b121,A01
5a90c36b-7e13-57a6-ac65-787ffc92b121,D01
5a90c36b-7e13-57a6-ac65-787ffc92b121,D03
5a90c36b-7e13-57a6-ac65-787ffc92b121,D06
5a90c36b-7e13-57a6-ac65-787ffc92b121,D07
5a90c36b-7e13-57a6-ac65-787ffc92b121,D23
5a90c36b-7e13-57a6-ac65-787ffc92b121,D24
6dc6f64e-7cbb-536c-89e7-f5ba2b4c4f2d,A00
6dc6f64e-7cbb-536c-89e7-f5ba2b4c4f2d,A01
6dc6f64e-7cbb-536c-89e7-f5ba2b4c4f2d,D01
6dc6f64e-7cbb-536c-89e7-f5ba2b4c4f2d,D03
6dc6f64e-7cbb-536c-89e7-f5ba2b4c4f2d,D06
6dc6f64e-7cbb-536c-89e7-f5ba2b4c4f2d,D07
6dc6f64e-7cbb-536c-89e7-f5ba2b4c4f2d,D23
6dc6f64e-7cbb-536c-89e7-f5ba2b4c4f2d,D24
8d8f9f0b-8528-5b56-950b-c08c5086b0fb,A00
8d8f9f0b-8528-5b56-950b-c08c5086b0fb,A01
8d8f9f0b-8528-5b56-950b-c08c5086b0fb,D01
8d8f9f0b-8528-5b56-950b-c08c5086b0fb,D03
8d8f9f0b-8528-5b56-950b-c08c5086b0fb,D06
8d8f9f0b-8528-5b56-950b-c08c5086b0fb,D07
8d8f9f0b-8528-5b56-950b-c08c5086b0fb,D23
8d8f9f0b-8528-5b56-950b-c08c5086b0fb,D24
511137aa-5d2e-5594-9784-96b05b9c232b,A00
511137aa-5d2e-5594-9784-96b05b9c232b,A01
511137aa-5d2e-5594-9784-96b05b9c232b,D01
511137aa-5d2e-5594-9784-96b05b9c232b,D03
511137aa-5d2e-5594-9784-96b05b9c232b,D06
511137aa-5d2e-5594-9784-96b05b9c232b,D07
511137aa-5d2e-5594-9784-96b05b9c232b,D23
511137aa-5d2e-5594-9784-96b05b9c232b,D24
19e197ea-87e3-51c0-8e2b-8cab1b6afcb9,A00
19e197ea-87e3-51c0-8e2b-8cab1b6afcb9,A01
19e197ea-87e3-51c0-8e2b-8cab1b6afcb9,D01
19e197ea-87e3-51c0-8e2b-8cab1b6afcb9,D03
19e197ea-87e3-51c0-8e2b-8cab1b6afcb9,D06
19e197ea-87e3-51c0-8e2b-8cab1b6afcb9,D07
19e197ea-87e3-51c0-8e2b-8cab1b6afcb9,D23
19e197ea-87e3-51c0-8e2b-8cab1b6afcb9,D24
3c8d777b-a66e-50e5-ac69-1d94420c8d01,C01
3c8d777b-a66e-50e5-ac69-1d94420c8d01,C02
3c8d777b-a66e-50e5-ac69-1d94420c8d01,D07
3c8d777b-a66e-50e5-ac69-1d94420c8d01,X02
3c8d777b-a66e-50e5-ac69-1d94420c8d01,X26
8c75a93b-2bbf-5a7a-9ec8-7968c85b005a,C01
8c75a93b-2bbf-5a7a-9ec8-7968c85b005a,C02
8c75a93b-2bbf-5a7a-9ec8-7968c85b005a,D07
8c75a93b-2bbf-5a7a-9ec8-7968c85b005a,X02
8c75a93b-2bbf-5a7a-9ec8-7968c85b005a,X26
96dde947-bbe8-5849-8246-490c99544da3,A02
96dde947-bbe8-5849-8246-490c99544da3,C01
96dde947-bbe8-5849-8246-490c99544da3,C02
96dde947-bbe8-5849-8246-490c99544da3,D07
96dde947-bbe8-5849-8246-490c99544da3,X02
96dde947-bbe8-5849-8246-490c99544da3,X26
fdd27dcb-e12c-5af0-9fce-c55f2ca06071,A02
fdd27dcb-e12c-5af0-9fce-c55f2ca06071,C01
fdd27dcb-e12c-5af0-9fce-c55f2ca06071,C02
fdd27dcb-e12c-5af0-9fce-c55f2ca06071,X02
fdd27dcb-e12c-5af0-9fce-c55f2ca06071,X06
fdd27dcb-e12c-5af0-9fce-c55f2ca06071,X26
cb232d09-2757-5087-a370-86f16811a002,A02
cb232d09-2757-5087-a370-86f16811a002,C01
cb232d09-2757-5087-a370-86f16811a002,C02
cb232d09-2757-5087-a370-86f16811a002,X02
cb232d09-2757-5087-a370-86f16811a002,X26
74c65d00-d1f4-5c94-8016-57f32b0ce5bf,C01
74c65d00-d1f4-5c94-8016-57f32b0ce5bf,C02
74c65d00-d1f4-5c94-8016-57f32b0ce5bf,D07
74c65d00-d1f4-5c94-8016-57f32b0ce5bf,D09
74c65d00-d1f4-5c94-8016-57f32b0ce5bf,X02
74c65d00-d1f4-5c94-8016-57f32b0ce5bf,X26
696856d4-1dd0-54a0-b7da-09f727a3310f,C01
696856d4-1dd0-54a0-b7da-09f727a3310f,C02
696856d4-1dd0-54a0-b7da-09f727a3310f,D09
696856d4-1dd0-54a0-b7da-09f727a3310f,X02
696856d4-1dd0-54a0-b7da-09f727a3310f,X26
5be2cee0-4be3-5459-84e1-64c19eb7ab08,A02
5be2cee0-4be3-5459-84e1-64c19eb7ab08,C01
5be2cee0-4be3-5459-84e1-64c19eb7ab08,C02
5be2cee0-4be3-5459-84e1-64c19eb7ab08,X02
5be2cee0-4be3-5459-84e1-64c19eb7ab08,X06
5be2cee0-4be3-5459-84e1-64c19eb7ab08,X26
e17d8a99-1c37-5088-9b59-68bc81ce0c66,D07
e17d8a99-1c37-5088-9b59-68bc81ce0c66,D08
e17d8a99-1c37-5088-9b59-68bc81ce0c66,D09
e17d8a99-1c37-5088-9b59-68bc81ce0c66,D10
e17d8a99-1c37-5088-9b59-68bc81ce0c66,X26
acbb1aa2-5758-55be-9d95-ce5d1cdb9f8d,A02
acbb1aa2-5758-55be-9d95-ce5d1cdb9f8d,C01
acbb1aa2-5758-55be-9d95-ce5d1cdb9f8d,C02
acbb1aa2-5758-55be-9d95-ce5d1cdb9f8d,X02
acbb1aa2-5758-55be-9d95-ce5d1cdb9f8d,X06
acbb1aa2-5758-55be-9d95-ce5d1cdb9f8d,X26
ccbc13db-d103-517e-ac2a-e41663f7fd54,A02
ccbc13db-d103-517e-ac2a-e41663f7fd54,C01
ccbc13db-d103-517e-ac2a-e41663f7fd54,C02
ccbc13db-d103-517e-ac2a-e41663f7fd54,X02
ccbc13db-d103-517e-ac2a-e41663f7fd54,X26
165921cc-8ae7-5187-a08b-e774da381722,A02
165921cc-8ae7-5187-a08b-e774da381722,C01
165921cc-8ae7-5187-a08b-e774da381722,C02
165921cc-8ae7-5187-a08b-e774da381722,X02
165921cc-8ae7-5187-a08b-e774da381722,X06
165921cc-8ae7-5187-a08b-e774da381722,X26
aee48665-fb36-5604-b175-9252d063738b,A00
aee48665-fb36-5604-b175-9252d063738b,A01
aee48665-fb36-5604-b175-9252d063738b,C01
aee48665-fb36-5604-b175-9252d063738b,C02
aee48665-fb36-5604-b175-9252d063738b,D01
aee48665-fb36-5604-b175-9252d063738b,D03
aee48665-fb36-5604-b175-9252d063738b,D07
aee48665-fb36-5604-b175-9252d063738b,D29
aee48665-fb36-5604-b175-9252d063738b,X02
aee48665-fb36-5604-b175-9252d063738b,X26
b4d2cd3d-f579-586e-a4e5-2176c02ea091,A00
b4d2cd3d-f579-586e-a4e5-2176c02ea091,A01
b4d2cd3d-f579-586e-a4e5-2176c02ea091,C01
b4d2cd3d-f579-586e-a4e5-2176c02ea091,C02
b4d2cd3d-f579-586e-a4e5-2176c02ea091,D01
b4d2cd3d-f579-586e-a4e5-2176c02ea091,D03
b4d2cd3d-f579-586e-a4e5-2176c02ea091,D07
b4d2cd3d-f579-586e-a4e5-2176c02ea091,D29
b4d2cd3d-f579-586e-a4e5-2176c02ea091,X02
b4d2cd3d-f579-586e-a4e5-2176c02ea091,X26
650756b1-9c06-5424-a9af-afed8e302c96,D01
650756b1-9c06-5424-a9af-afed8e302c96,D78
650756b1-9c06-5424-a9af-afed8e302c96,D90
e460d5b5-2067-54e7-aebf-10ba524c8b20,D01
e460d5b5-2067-54e7-aebf-10ba524c8b20,D04
e460d5b5-2067-54e7-aebf-10ba524c8b20,D78
e460d5b5-2067-54e7-aebf-10ba524c8b20,D90
8aa634ea-e1e2-56d2-b871-1d279bc5b2f2,D01
8aa634ea-e1e2-56d2-b871-1d279bc5b2f2,D06
8aa634ea-e1e2-56d2-b871-1d279bc5b2f2,D78
8aa634ea-e1e2-56d2-b871-1d279bc5b2f2,D90
6a87b137-dfde-5184-b802-c3463fc7bdf4,D01
6a87b137-dfde-5184-b802-c3463fc7bdf4,D78
6a87b137-dfde-5184-b802-c3463fc7bdf4,D90
a975c31e-f3e6-5058-a4ef-fc26892782f6,D01
a975c31e-f3e6-5058-a4ef-fc26892782f6,D78
a975c31e-f3e6-5058-a4ef-fc26892782f6,D90
8585a456-0040-55e3-aba6-5b7c6c5f4508,D01
8585a456-0040-55e3-aba6-5b7c6c5f4508,D02
8585a456-0040-55e3-aba6-5b7c6c5f4508,D78
8585a456-0040-55e3-aba6-5b7c6c5f4508,D90
664fa4dc-975a-5911-a3fe-e465f2699e62,D01
664fa4dc-975a-5911-a3fe-e465f2699e62,D03
664fa4dc-975a-5911-a3fe-e465f2699e62,D78
664fa4dc-975a-5911-a3fe-e465f2699e62,D90
709ddc37-f92a-56d5-a07e-27d99b4e55c4,D01
709ddc37-f92a-56d5-a07e-27d99b4e55c4,D04
709ddc37-f92a-56d5-a07e-27d99b4e55c4,D78
709ddc37-f92a-56d5-a07e-27d99b4e55c4,D90
02c13ee3-5a4f-5a7f-b0b0-fbf1de6ccd5a,D01
02c13ee3-5a4f-5a7f-b0b0-fbf1de6ccd5a,D05
02c13ee3-5a4f-5a7f-b0b0-fbf1de6ccd5a,D78
02c13ee3-5a4f-5a7f-b0b0-fbf1de6ccd5a,D90
31a035fd-5249-574d-8870-be8eab8b8cac,D01
31a035fd-5249-574d-8870-be8eab8b8cac,D06
31a035fd-5249-574d-8870-be8eab8b8cac,D78
31a035fd-5249-574d-8870-be8eab8b8cac,D90
28fc307c-f6bb-5485-8147-2fbb7a1370a8,D01
28fc307c-f6bb-5485-8147-2fbb7a1370a8,D78
28fc307c-f6bb-5485-8147-2fbb7a1370a8,D90
4e5de4fa-4a9d-561f-a373-07a7d03f81f8,D01
4e5de4fa-4a9d-561f-a373-07a7d03f81f8,D78
4e5de4fa-4a9d-561f-a373-07a7d03f81f8,D90
21de9726-f41c-57d4-9f4f-2253c23f977a,A01
21de9726-f41c-57d4-9f4f-2253c23f977a,D01
21de9726-f41c-57d4-9f4f-2253c23f977a,D78
21de9726-f41c-57d4-9f4f-2253c23f977a,D90
668ed3e3-3dfd-52ff-aa05-9188ba2106a9,D01
668ed3e3-3dfd-52ff-aa05-9188ba2106a9,D05
668ed3e3-3dfd-52ff-aa05-9188ba2106a9,D78
668ed3e3-3dfd-52ff-aa05-9188ba2106a9,D90
08541048-3fb0-5c26-a047-7341fa997241,D01
08541048-3fb0-5c26-a047-7341fa997241,D78
08541048-3fb0-5c26-a047-7341fa997241,D90
db818f9e-79dd-5738-90fa-7c29bd6f5f80,A01
db818f9e-79dd-5738-90fa-7c29bd6f5f80,D01
db818f9e-79dd-5738-90fa-7c29bd6f5f80,D78
db818f9e-79dd-5738-90fa-7c29bd6f5f80,D90
650756b1-9c06-5424-a9af-afed8e302c96,D14
a975c31e-f3e6-5058-a4ef-fc26892782f6,D14
4e5de4fa-4a9d-561f-a373-07a7d03f81f8,D14
08541048-3fb0-5c26-a047-7341fa997241,D14
db818f9e-79dd-5738-90fa-7c29bd6f5f80,D14
650756b1-9c06-5424-a9af-afed8e302c96,A01
650756b1-9c06-5424-a9af-afed8e302c96,D07
650756b1-9c06-5424-a9af-afed8e302c96,D08
650756b1-9c06-5424-a9af-afed8e302c96,D15
e460d5b5-2067-54e7-aebf-10ba524c8b20,A01
e460d5b5-2067-54e7-aebf-10ba524c8b20,D07
e460d5b5-2067-54e7-aebf-10ba524c8b20,D08
e460d5b5-2067-54e7-aebf-10ba524c8b20,D14
e460d5b5-2067-54e7-aebf-10ba524c8b20,D15
e460d5b5-2067-54e7-aebf-10ba524c8b20,D25
e460d5b5-2067-54e7-aebf-10ba524c8b20,D30
e460d5b5-2067-54e7-aebf-10ba524c8b20,D35
e460d5b5-2067-54e7-aebf-10ba524c8b20,D45
e460d5b5-2067-54e7-aebf-10ba524c8b20,D65
8aa634ea-e1e2-56d2-b871-1d279bc5b2f2,A01
8aa634ea-e1e2-56d2-b871-1d279bc5b2f2,D07
8aa634ea-e1e2-56d2-b871-1d279bc5b2f2,D08
8aa634ea-e1e2-56d2-b871-1d279bc5b2f2,D14
8aa634ea-e1e2-56d2-b871-1d279bc5b2f2,D15
8aa634ea-e1e2-56d2-b871-1d279bc5b2f2,D23
8aa634ea-e1e2-56d2-b871-1d279bc5b2f2,D28
8aa634ea-e1e2-56d2-b871-1d279bc5b2f2,D33
8aa634ea-e1e2-56d2-b871-1d279bc5b2f2,D43
8aa634ea-e1e2-56d2-b871-1d279bc5b2f2,D63
6a87b137-dfde-5184-b802-c3463fc7bdf4,A01
6a87b137-dfde-5184-b802-c3463fc7bdf4,D07
6a87b137-dfde-5184-b802-c3463fc7bdf4,D08
6a87b137-dfde-5184-b802-c3463fc7bdf4,D14
6a87b137-dfde-5184-b802-c3463fc7bdf4,D15
bbe0d7e0-3e2e-5fe4-a8bc-d17a7e3112b5,A01
bbe0d7e0-3e2e-5fe4-a8bc-d17a7e3112b5,D01
bbe0d7e0-3e2e-5fe4-a8bc-d17a7e3112b5,D07
bbe0d7e0-3e2e-5fe4-a8bc-d17a7e3112b5,D08
bbe0d7e0-3e2e-5fe4-a8bc-d17a7e3112b5,D14
bbe0d7e0-3e2e-5fe4-a8bc-d17a7e3112b5,D15
a975c31e-f3e6-5058-a4ef-fc26892782f6,A01
a975c31e-f3e6-5058-a4ef-fc26892782f6,D07
a975c31e-f3e6-5058-a4ef-fc26892782f6,D08
a975c31e-f3e6-5058-a4ef-fc26892782f6,D15
8585a456-0040-55e3-aba6-5b7c6c5f4508,A01
8585a456-0040-55e3-aba6-5b7c6c5f4508,D07
8585a456-0040-55e3-aba6-5b7c6c5f4508,D08
8585a456-0040-55e3-aba6-5b7c6c5f4508,D14
8585a456-0040-55e3-aba6-5b7c6c5f4508,D15
8585a456-0040-55e3-aba6-5b7c6c5f4508,D22
8585a456-0040-55e3-aba6-5b7c6c5f4508,D27
8585a456-0040-55e3-aba6-5b7c6c5f4508,D32
8585a456-0040-55e3-aba6-5b7c6c5f4508,D42
8585a456-0040-55e3-aba6-5b7c6c5f4508,D62
664fa4dc-975a-5911-a3fe-e465f2699e62,A01
664fa4dc-975a-5911-a3fe-e465f2699e62,D07
664fa4dc-975a-5911-a3fe-e465f2699e62,D08
664fa4dc-975a-5911-a3fe-e465f2699e62,D14
664fa4dc-975a-5911-a3fe-e465f2699e62,D15
664fa4dc-975a-5911-a3fe-e465f2699e62,D24
664fa4dc-975a-5911-a3fe-e465f2699e62,D29
664fa4dc-975a-5911-a3fe-e465f2699e62,D34
664fa4dc-975a-5911-a3fe-e465f2699e62,D44
664fa4dc-975a-5911-a3fe-e465f2699e62,D64
709ddc37-f92a-56d5-a07e-27d99b4e55c4,A01
709ddc37-f92a-56d5-a07e-27d99b4e55c4,D07
709ddc37-f92a-56d5-a07e-27d99b4e55c4,D08
709ddc37-f92a-56d5-a07e-27d99b4e55c4,D14
709ddc37-f92a-56d5-a07e-27d99b4e55c4,D15
709ddc37-f92a-56d5-a07e-27d99b4e55c4,D25
709ddc37-f92a-56d5-a07e-27d99b4e55c4,D30
709ddc37-f92a-56d5-a07e-27d99b4e55c4,D35
709ddc37-f92a-56d5-a07e-27d99b4e55c4,D45
709ddc37-f92a-56d5-a07e-27d99b4e55c4,D65
02c13ee3-5a4f-5a7f-b0b0-fbf1de6ccd5a,A01
02c13ee3-5a4f-5a7f-b0b0-fbf1de6ccd5a,D07
02c13ee3-5a4f-5a7f-b0b0-fbf1de6ccd5a,D08
02c13ee3-5a4f-5a7f-b0b0-fbf1de6ccd5a,D14
02c13ee3-5a4f-5a7f-b0b0-fbf1de6ccd5a,D15
02c13ee3-5a4f-5a7f-b0b0-fbf1de6ccd5a,D21
02c13ee3-5a4f-5a7f-b0b0-fbf1de6ccd5a,D26
02c13ee3-5a4f-5a7f-b0b0-fbf1de6ccd5a,D31
02c13ee3-5a4f-5a7f-b0b0-fbf1de6ccd5a,D41
02c13ee3-5a4f-5a7f-b0b0-fbf1de6ccd5a,D61
31a035fd-5249-574d-8870-be8eab8b8cac,A01
31a035fd-5249-574d-8870-be8eab8b8cac,D07
31a035fd-5249-574d-8870-be8eab8b8cac,D08
31a035fd-5249-574d-8870-be8eab8b8cac,D14
31a035fd-5249-574d-8870-be8eab8b8cac,D15
31a035fd-5249-574d-8870-be8eab8b8cac,D23
31a035fd-5249-574d-8870-be8eab8b8cac,D28
31a035fd-5249-574d-8870-be8eab8b8cac,D33
31a035fd-5249-574d-8870-be8eab8b8cac,D43
31a035fd-5249-574d-8870-be8eab8b8cac,D63
28fc307c-f6bb-5485-8147-2fbb7a1370a8,A01
28fc307c-f6bb-5485-8147-2fbb7a1370a8,D07
28fc307c-f6bb-5485-8147-2fbb7a1370a8,D08
28fc307c-f6bb-5485-8147-2fbb7a1370a8,D14
28fc307c-f6bb-5485-8147-2fbb7a1370a8,D15
4e5de4fa-4a9d-561f-a373-07a7d03f81f8,A01
4e5de4fa-4a9d-561f-a373-07a7d03f81f8,D07
4e5de4fa-4a9d-561f-a373-07a7d03f81f8,D08
4e5de4fa-4a9d-561f-a373-07a7d03f81f8,D15
08541048-3fb0-5c26-a047-7341fa997241,A01
08541048-3fb0-5c26-a047-7341fa997241,D07
08541048-3fb0-5c26-a047-7341fa997241,D08
08541048-3fb0-5c26-a047-7341fa997241,D15
db818f9e-79dd-5738-90fa-7c29bd6f5f80,D07
db818f9e-79dd-5738-90fa-7c29bd6f5f80,D08
db818f9e-79dd-5738-90fa-7c29bd6f5f80,D15
560052aa-40e7-5a39-b1dd-903a91287637,B00
db46a7ca-7356-5f23-9e17-cc06df5743af,A00
667da423-da64-5bf4-85bd-070911c70728,B00
472eedd3-5501-52b2-90b5-8d4e43b79ed2,B00
af06df1a-703d-5282-bb00-08503fe1585d,B00
e9fecdb2-ea85-5d6f-9098-8678d65295c3,B00
560052aa-40e7-5a39-b1dd-903a91287637,D08
db46a7ca-7356-5f23-9e17-cc06df5743af,D07
667da423-da64-5bf4-85bd-070911c70728,D08
472eedd3-5501-52b2-90b5-8d4e43b79ed2,D08
af06df1a-703d-5282-bb00-08503fe1585d,D08
e9fecdb2-ea85-5d6f-9098-8678d65295c3,D08
560052aa-40e7-5a39-b1dd-903a91287637,Q00
db46a7ca-7356-5f23-9e17-cc06df5743af,Q00
667da423-da64-5bf4-85bd-070911c70728,Q00
472eedd3-5501-52b2-90b5-8d4e43b79ed2,Q00
af06df1a-703d-5282-bb00-08503fe1585d,Q00
e9fecdb2-ea85-5d6f-9098-8678d65295c3,Q00
96c3d097-7e14-557f-b4c8-ee15ff57a63f,A00
96c3d097-7e14-557f-b4c8-ee15ff57a63f,B00
df290692-8b06-5125-b8f5-96c7a2fba6ab,A00
df290692-8b06-5125-b8f5-96c7a2fba6ab,B00
0a9b0a80-ea8c-58bb-8871-c9b82309b3c8,A00
0a9b0a80-ea8c-58bb-8871-c9b82309b3c8,B00
659f873a-d3a5-5b47-8468-6c09168f56a0,A00
659f873a-d3a5-5b47-8468-6c09168f56a0,B00
659f873a-d3a5-5b47-8468-6c09168f56a0,D07
3242531a-ec0f-5de6-940c-3f801877dd9e,A00
3242531a-ec0f-5de6-940c-3f801877dd9e,B00
3242531a-ec0f-5de6-940c-3f801877dd9e,D07
c3c3e4a3-fa08-5881-b290-33ed42a1b4dc,A00
c3c3e4a3-fa08-5881-b290-33ed42a1b4dc,B00
c3c3e4a3-fa08-5881-b290-33ed42a1b4dc,D07
8a15cf55-498c-5935-80a1-1cbca92fbbfe,A00
8a15cf55-498c-5935-80a1-1cbca92fbbfe,B00
8a15cf55-498c-5935-80a1-1cbca92fbbfe,D07
86c69125-926a-5a4c-b7f8-643c1d9e3be3,A00
86c69125-926a-5a4c-b7f8-643c1d9e3be3,A01
86c69125-926a-5a4c-b7f8-643c1d9e3be3,D01
b077c2b6-8be9-5b7e-a026-4c055e6abc9c,A00
b077c2b6-8be9-5b7e-a026-4c055e6abc9c,A01
4f27a172-e609-5803-803d-4c0dcfd2adf8,A00
4f27a172-e609-5803-803d-4c0dcfd2adf8,A01
eac617d3-cd33-5ead-b611-1d0b0417c54e,A00
eac617d3-cd33-5ead-b611-1d0b0417c54e,A01
eac617d3-cd33-5ead-b611-1d0b0417c54e,D29
8cca808e-8b2d-5b17-a358-3f02f0cb9cd4,A00
8cca808e-8b2d-5b17-a358-3f02f0cb9cd4,A01
f4ac0426-4dec-5365-aaea-3860e0f4c987,A00
f4ac0426-4dec-5365-aaea-3860e0f4c987,A01
55bd8c3d-a7ac-54e6-9744-24263e87e0b2,A01
55bd8c3d-a7ac-54e6-9744-24263e87e0b2,D01
55bd8c3d-a7ac-54e6-9744-24263e87e0b2,D07
b15a4b01-6577-5105-a08e-e01e4444ba37,A01
b15a4b01-6577-5105-a08e-e01e4444ba37,D01
b15a4b01-6577-5105-a08e-e01e4444ba37,D07
dd18edfd-b78c-5d43-9d32-0c161d04b36d,A00
dd18edfd-b78c-5d43-9d32-0c161d04b36d,A01
dd18edfd-b78c-5d43-9d32-0c161d04b36d,D01
14f40c67-150b-5621-ab96-4b8f3f8f3d0e,A00
14f40c67-150b-5621-ab96-4b8f3f8f3d0e,A01
14f40c67-150b-5621-ab96-4b8f3f8f3d0e,D01
80cd47b7-cea3-5814-aabb-6776a8b76b15,A00
80cd47b7-cea3-5814-aabb-6776a8b76b15,A01
80cd47b7-cea3-5814-aabb-6776a8b76b15,D01
9df6c3c9-6c71-56fb-9c4c-2fa844c5dbdc,A00
9df6c3c9-6c71-56fb-9c4c-2fa844c5dbdc,A01
9df6c3c9-6c71-56fb-9c4c-2fa844c5dbdc,D01
dec2e16a-7a7f-5f69-b837-e604c604091e,A00
dec2e16a-7a7f-5f69-b837-e604c604091e,A01
dec2e16a-7a7f-5f69-b837-e604c604091e,D01
63739aee-ed6c-50fe-844f-df91a0a05f1e,A00
63739aee-ed6c-50fe-844f-df91a0a05f1e,A01
c6fd3f45-48b7-5428-9382-4d8da34d3311,A00
c6fd3f45-48b7-5428-9382-4d8da34d3311,A01
1122c5ae-124b-55e3-8044-3aab4f1cab29,A00
1122c5ae-124b-55e3-8044-3aab4f1cab29,A01
34c9c0b5-319a-5c6d-8343-7f072bea0c6f,A00
34c9c0b5-319a-5c6d-8343-7f072bea0c6f,A01
34c9c0b5-319a-5c6d-8343-7f072bea0c6f,D28
9c3d32ba-5ef5-59e3-9abf-8209e44b06de,A00
9c3d32ba-5ef5-59e3-9abf-8209e44b06de,A01
9c3d32ba-5ef5-59e3-9abf-8209e44b06de,D26
cc6b4ceb-9396-5344-88aa-45536abb8a92,A00
cc6b4ceb-9396-5344-88aa-45536abb8a92,A01
3ee7e108-0f12-5526-aa0c-9d98e853443f,A00
3ee7e108-0f12-5526-aa0c-9d98e853443f,B00
3ee7e108-0f12-5526-aa0c-9d98e853443f,D07
27f6d74e-bd56-5416-8621-33f18177ccf8,A00
27f6d74e-bd56-5416-8621-33f18177ccf8,B00
27f6d74e-bd56-5416-8621-33f18177ccf8,D07
d55efb80-dbf7-503d-bcd5-b56a90376f72,D01
18d42dcb-4ab0-5152-8df2-50681fe75c6c,D01
79baf835-2e47-5f05-b0f2-e8513962171d,A00
79baf835-2e47-5f05-b0f2-e8513962171d,A01
873473f9-de51-5357-9b31-6209df1671ff,A00
873473f9-de51-5357-9b31-6209df1671ff,A01
39be5a18-2e0e-58c8-9c62-214c9af71462,A00
39be5a18-2e0e-58c8-9c62-214c9af71462,A01
e2f39d4f-face-50d6-8da8-65a078f357b2,A00
e2f39d4f-face-50d6-8da8-65a078f357b2,A01
e2f39d4f-face-50d6-8da8-65a078f357b2,D28
69688848-6850-591d-88cd-9d8fd09de60c,A00
69688848-6850-591d-88cd-9d8fd09de60c,A01
202dfc34-5a2c-5b5c-8181-3744b943641d,A00
202dfc34-5a2c-5b5c-8181-3744b943641d,A01
202dfc34-5a2c-5b5c-8181-3744b943641d,D29
951ec60c-e9de-5777-a102-db51088af9a6,A00
951ec60c-e9de-5777-a102-db51088af9a6,A01
08dd2f4c-e1c5-5bf8-b81d-c0b770a60a83,A00
08dd2f4c-e1c5-5bf8-b81d-c0b770a60a83,A01
39a2b6d3-4529-5afb-86a2-66ab0b695e63,A00
39a2b6d3-4529-5afb-86a2-66ab0b695e63,A01
f69d8c21-8919-501b-ab1b-10abccb33adb,A00
f69d8c21-8919-501b-ab1b-10abccb33adb,A01
1301195c-d702-5223-9abf-5aeb4abdac5e,A00
1301195c-d702-5223-9abf-5aeb4abdac5e,A01
1301195c-d702-5223-9abf-5aeb4abdac5e,D26
d846f8fd-17e0-5575-902e-f473fdefb9b7,A00
d846f8fd-17e0-5575-902e-f473fdefb9b7,A01
d846f8fd-17e0-5575-902e-f473fdefb9b7,D28
30ae3985-f5bf-5bb8-88f5-8839359338b4,A00
30ae3985-f5bf-5bb8-88f5-8839359338b4,A01
d87ac3c3-196b-59d8-bb43-b9702e92150f,A00
d87ac3c3-196b-59d8-bb43-b9702e92150f,A01
64c10856-1ba3-524c-b626-80cbe8e45b42,A00
64c10856-1ba3-524c-b626-80cbe8e45b42,A01
7476a86b-0441-5f20-bcac-f9517aff5bb7,A00
7476a86b-0441-5f20-bcac-f9517aff5bb7,A01
39369f61-9978-5fcd-8af6-42dafe41457c,A00
39369f61-9978-5fcd-8af6-42dafe41457c,A01
cfa9b495-459d-554c-bd13-a000b155a470,A00
cfa9b495-459d-554c-bd13-a000b155a470,A01
cfa9b495-459d-554c-bd13-a000b155a470,D07
5ba166f4-f3b7-5971-93b1-46821d73a9f4,A00
5ba166f4-f3b7-5971-93b1-46821d73a9f4,A01
5ba166f4-f3b7-5971-93b1-46821d73a9f4,A02
974caaf9-11d3-53ab-8a46-a9dd6e493d7a,A00
974caaf9-11d3-53ab-8a46-a9dd6e493d7a,A01
974caaf9-11d3-53ab-8a46-a9dd6e493d7a,A02
b46bd8b1-6331-50af-a12d-f98fcda30041,A00
b46bd8b1-6331-50af-a12d-f98fcda30041,A01
b46bd8b1-6331-50af-a12d-f98fcda30041,A02
d013dae4-52d0-597e-8908-eb1b84149e6e,A00
d013dae4-52d0-597e-8908-eb1b84149e6e,A01
feca3bf3-0fa3-509b-8583-85077b300a08,A00
feca3bf3-0fa3-509b-8583-85077b300a08,A01
feca3bf3-0fa3-509b-8583-85077b300a08,D29
18b6eca0-3954-5a3d-a3b3-a81f3a0f48d3,A00
18b6eca0-3954-5a3d-a3b3-a81f3a0f48d3,A01
554e0a67-7ef0-5965-879e-0f3f23cbd997,A00
554e0a67-7ef0-5965-879e-0f3f23cbd997,A01
d1e3caf4-d412-501c-b37c-7b401d26b5e3,A00
d1e3caf4-d412-501c-b37c-7b401d26b5e3,A01
8f26a80c-b5bd-51b2-b3e0-17da3368595a,A00
8f26a80c-b5bd-51b2-b3e0-17da3368595a,A01
8f26a80c-b5bd-51b2-b3e0-17da3368595a,D01
b49a88fa-494a-56b0-8f72-ac77e15eb40c,A00
b49a88fa-494a-56b0-8f72-ac77e15eb40c,A01
b49a88fa-494a-56b0-8f72-ac77e15eb40c,D01
a031bb80-e129-578e-9002-5febe10ae14a,A00
a031bb80-e129-578e-9002-5febe10ae14a,A01
6fd373ce-0b23-564e-ba08-dd207e4d6848,A00
6fd373ce-0b23-564e-ba08-dd207e4d6848,B00
6fd373ce-0b23-564e-ba08-dd207e4d6848,D07
f19be27f-e548-52fb-a027-5085a687f488,A00
f19be27f-e548-52fb-a027-5085a687f488,B00
f19be27f-e548-52fb-a027-5085a687f488,D07
33a82925-e0a0-5eab-8b59-39b8e91a2d33,A00
33a82925-e0a0-5eab-8b59-39b8e91a2d33,B00
33a82925-e0a0-5eab-8b59-39b8e91a2d33,D07
d5ba6897-a3a0-51dd-a399-f2a0f48c17cf,A00
d5ba6897-a3a0-51dd-a399-f2a0f48c17cf,B00
d5ba6897-a3a0-51dd-a399-f2a0f48c17cf,D07
6597ae2a-de39-5b42-bc89-bfdbd3d894df,A00
6597ae2a-de39-5b42-bc89-bfdbd3d894df,B00
6597ae2a-de39-5b42-bc89-bfdbd3d894df,D07
120817e2-3011-5ff0-b2cc-5a173a4728f5,A00
120817e2-3011-5ff0-b2cc-5a173a4728f5,B00
120817e2-3011-5ff0-b2cc-5a173a4728f5,D07
6f151169-56a3-58d5-9226-df05fcda7ce4,A00
6f151169-56a3-58d5-9226-df05fcda7ce4,B00
6f151169-56a3-58d5-9226-df05fcda7ce4,D07
aa1dd761-0dc2-5fe0-a6dc-042632c2292f,A00
aa1dd761-0dc2-5fe0-a6dc-042632c2292f,A01
aa1dd761-0dc2-5fe0-a6dc-042632c2292f,D01
f5f0622d-c174-598f-a8cc-c2ce3c55463a,A00
f5f0622d-c174-598f-a8cc-c2ce3c55463a,A01
503ad278-66e1-52c1-997c-48a7393cbc21,A00
503ad278-66e1-52c1-997c-48a7393cbc21,A01
5ec41538-de10-5b8a-89c3-f84b8a906d7a,A00
5ec41538-de10-5b8a-89c3-f84b8a906d7a,A01
5ec41538-de10-5b8a-89c3-f84b8a906d7a,D29
4084f252-fd19-54d9-8bcb-3272d76c07a2,A00
4084f252-fd19-54d9-8bcb-3272d76c07a2,A01
4c529156-f02a-5284-a227-dc0f316a11c0,A00
4c529156-f02a-5284-a227-dc0f316a11c0,A01
289912c6-2f4f-5ebd-92ed-cfbc29d84372,A01
289912c6-2f4f-5ebd-92ed-cfbc29d84372,D01
289912c6-2f4f-5ebd-92ed-cfbc29d84372,D07
35c73e2b-ca98-5984-8787-4c76899ee674,A01
35c73e2b-ca98-5984-8787-4c76899ee674,D01
35c73e2b-ca98-5984-8787-4c76899ee674,D07
47ad5d81-d9c1-5106-9aa5-90335551f726,A00
47ad5d81-d9c1-5106-9aa5-90335551f726,A01
47ad5d81-d9c1-5106-9aa5-90335551f726,D01
4abfe38c-32d3-50c2-9209-121c0c547833,A00
4abfe38c-32d3-50c2-9209-121c0c547833,A01
4abfe38c-32d3-50c2-9209-121c0c547833,D01
1e6868d0-193c-5cc8-a4eb-bf58117e2e74,A00
1e6868d0-193c-5cc8-a4eb-bf58117e2e74,A01
1e6868d0-193c-5cc8-a4eb-bf58117e2e74,D01
cc2edd99-b483-5a81-9bf0-1700cb02aca4,A00
cc2edd99-b483-5a81-9bf0-1700cb02aca4,A01
cc2edd99-b483-5a81-9bf0-1700cb02aca4,D01
42f52399-7de8-5585-bf51-df831b40f043,A00
42f52399-7de8-5585-bf51-df831b40f043,A01
42f52399-7de8-5585-bf51-df831b40f043,D01
7656fbce-5a55-5d1f-924e-690e15d80024,A00
7656fbce-5a55-5d1f-924e-690e15d80024,A01
eed3cc14-8cd8-51df-a932-5db1c6b2e96f,A00
eed3cc14-8cd8-51df-a932-5db1c6b2e96f,A01
a6c22b68-bc0b-553e-a743-caaa0d0a3c04,A00
a6c22b68-bc0b-553e-a743-caaa0d0a3c04,A01
7adc0808-8b54-5ae0-b11e-225c9a89f6e5,A00
7adc0808-8b54-5ae0-b11e-225c9a89f6e5,A01
7adc0808-8b54-5ae0-b11e-225c9a89f6e5,D28
4b56aeb4-a5ce-5575-88c3-c7333bdf3006,A00
4b56aeb4-a5ce-5575-88c3-c7333bdf3006,A01
4b56aeb4-a5ce-5575-88c3-c7333bdf3006,D26
c542680a-2038-57ec-ad4f-babfe2faab15,A00
c542680a-2038-57ec-ad4f-babfe2faab15,A01
1e92f4e6-425e-5047-baa0-f72bb055c570,A00
1e92f4e6-425e-5047-baa0-f72bb055c570,A01
b92a6c80-2f19-5749-920a-9529863898c2,A00
b92a6c80-2f19-5749-920a-9529863898c2,B00
b92a6c80-2f19-5749-920a-9529863898c2,D07
e88e1791-d920-5a89-ad66-07bf5312bb8e,A00
e88e1791-d920-5a89-ad66-07bf5312bb8e,B00
e88e1791-d920-5a89-ad66-07bf5312bb8e,D07
1bef31db-341a-563a-adb9-52f26d466c30,D01
ad961b00-a876-595c-b743-76c82238bcb8,D01
7318a13a-fc7c-5fa7-a273-2e23dec35448,A00
7318a13a-fc7c-5fa7-a273-2e23dec35448,A01
43c61649-a53f-5669-9e09-2542e19ea671,A00
43c61649-a53f-5669-9e09-2542e19ea671,A01
f299e13b-c94c-510d-8ba4-546dbd4d2457,A00
f299e13b-c94c-510d-8ba4-546dbd4d2457,A01
05eb0044-9615-55f4-ab60-2f9dd98efedc,A00
05eb0044-9615-55f4-ab60-2f9dd98efedc,A01
accc04a1-9a6e-5cf4-92b1-2ad7a4f34ca2,A00
accc04a1-9a6e-5cf4-92b1-2ad7a4f34ca2,A01
d18da9e5-b5bf-5a89-893a-19b97f5d64fe,A00
d18da9e5-b5bf-5a89-893a-19b97f5d64fe,A01
d18da9e5-b5bf-5a89-893a-19b97f5d64fe,D26
10a17ef1-fe80-5f76-a654-bd700714843e,A00
10a17ef1-fe80-5f76-a654-bd700714843e,A01
10a17ef1-fe80-5f76-a654-bd700714843e,D28
d97e6ea2-2173-5161-a461-932ddb5c01a4,A00
d97e6ea2-2173-5161-a461-932ddb5c01a4,A01
d87f3457-1d92-5cfd-a0bc-d0e517ac87c3,A00
d87f3457-1d92-5cfd-a0bc-d0e517ac87c3,A01
3c074b14-9ddb-50bf-8aa6-486524b9f809,A00
3c074b14-9ddb-50bf-8aa6-486524b9f809,A01
701f3478-f576-5380-b581-190506f33df6,A00
701f3478-f576-5380-b581-190506f33df6,A01
7cc61526-4ed2-58b1-98c2-cb759bbe900a,A00
7cc61526-4ed2-58b1-98c2-cb759bbe900a,A01
fa084775-9026-541f-8987-6d44749ddcad,A00
fa084775-9026-541f-8987-6d44749ddcad,A01
fa084775-9026-541f-8987-6d44749ddcad,D07
f2df8a32-1bc9-5c16-836b-6aef9c51cc7f,A00
f2df8a32-1bc9-5c16-836b-6aef9c51cc7f,A01
0d69e060-f566-5a37-8648-54186fecac24,A00
0d69e060-f566-5a37-8648-54186fecac24,A01
0d69e060-f566-5a37-8648-54186fecac24,A02
14936033-0ce7-59d7-91e6-6ef5367b7557,A00
14936033-0ce7-59d7-91e6-6ef5367b7557,A01
14936033-0ce7-59d7-91e6-6ef5367b7557,A02
43fdbec3-cf31-536b-8cda-52ca0efe2bc5,A00
43fdbec3-cf31-536b-8cda-52ca0efe2bc5,A01
36398a9a-5c4e-5928-9a4a-c7bb51939e2f,A00
36398a9a-5c4e-5928-9a4a-c7bb51939e2f,A01
36398a9a-5c4e-5928-9a4a-c7bb51939e2f,D29
333f0551-293d-525a-8b7d-1d1d44edb021,A00
333f0551-293d-525a-8b7d-1d1d44edb021,A01
1f4adc01-7b86-5bcc-8a49-e998da896c94,A00
1f4adc01-7b86-5bcc-8a49-e998da896c94,A01
06dc7a8b-13f2-5efb-841c-24b7b2d4d7f0,A00
06dc7a8b-13f2-5efb-841c-24b7b2d4d7f0,A01
f65f337f-edaa-5844-8ef5-f1fc2a174a83,A00
f65f337f-edaa-5844-8ef5-f1fc2a174a83,A01
f65f337f-edaa-5844-8ef5-f1fc2a174a83,D01
5be7e0ea-3307-5b72-8cc8-deba0eddb7b9,A00
5be7e0ea-3307-5b72-8cc8-deba0eddb7b9,A01
5be7e0ea-3307-5b72-8cc8-deba0eddb7b9,D01
5695d8f9-ed44-5f7f-b39e-038490583a12,A00
5695d8f9-ed44-5f7f-b39e-038490583a12,A01
96c3d097-7e14-557f-b4c8-ee15ff57a63f,D07
c662002c-0685-558e-8d21-d39354a511cd,A00
c662002c-0685-558e-8d21-d39354a511cd,B00
c662002c-0685-558e-8d21-d39354a511cd,D07
df290692-8b06-5125-b8f5-96c7a2fba6ab,D07
0a9b0a80-ea8c-58bb-8871-c9b82309b3c8,D07
8a15cf55-498c-5935-80a1-1cbca92fbbfe,A01
7d4ae544-b6ac-5774-be81-67385cadd8c6,A00
7d4ae544-b6ac-5774-be81-67385cadd8c6,A01
7d4ae544-b6ac-5774-be81-67385cadd8c6,B00
39369f61-9978-5fcd-8af6-42dafe41457c,D07
be63440a-484f-5e6e-8b80-0aa7178f273e,A00
be63440a-484f-5e6e-8b80-0aa7178f273e,A01
be63440a-484f-5e6e-8b80-0aa7178f273e,D07
6e55a0f6-5547-5eeb-9917-5da277f5e082,A00
6e55a0f6-5547-5eeb-9917-5da277f5e082,A01
6e55a0f6-5547-5eeb-9917-5da277f5e082,D07
a031bb80-e129-578e-9002-5febe10ae14a,D07
659f873a-d3a5-5b47-8468-6c09168f56a0,A01
2c2d1f8a-77cc-51f9-bc8f-be2accc5a169,A00
2c2d1f8a-77cc-51f9-bc8f-be2accc5a169,A01
2c2d1f8a-77cc-51f9-bc8f-be2accc5a169,D01
4ae06dd5-3be7-59ee-a0cb-8e791379668a,A00
4ae06dd5-3be7-59ee-a0cb-8e791379668a,A01
4ae06dd5-3be7-59ee-a0cb-8e791379668a,D07
96c3d097-7e14-557f-b4c8-ee15ff57a63f,B03
96c3d097-7e14-557f-b4c8-ee15ff57a63f,C01
96c3d097-7e14-557f-b4c8-ee15ff57a63f,C02
96c3d097-7e14-557f-b4c8-ee15ff57a63f,X02
c662002c-0685-558e-8d21-d39354a511cd,B03
c662002c-0685-558e-8d21-d39354a511cd,C01
c662002c-0685-558e-8d21-d39354a511cd,C02
c662002c-0685-558e-8d21-d39354a511cd,X02
df290692-8b06-5125-b8f5-96c7a2fba6ab,B03
df290692-8b06-5125-b8f5-96c7a2fba6ab,C01
df290692-8b06-5125-b8f5-96c7a2fba6ab,C02
df290692-8b06-5125-b8f5-96c7a2fba6ab,X02
0a9b0a80-ea8c-58bb-8871-c9b82309b3c8,B03
0a9b0a80-ea8c-58bb-8871-c9b82309b3c8,C01
0a9b0a80-ea8c-58bb-8871-c9b82309b3c8,C02
0a9b0a80-ea8c-58bb-8871-c9b82309b3c8,X02
659f873a-d3a5-5b47-8468-6c09168f56a0,B03
659f873a-d3a5-5b47-8468-6c09168f56a0,C01
659f873a-d3a5-5b47-8468-6c09168f56a0,C02
659f873a-d3a5-5b47-8468-6c09168f56a0,X02
3242531a-ec0f-5de6-940c-3f801877dd9e,B03
3242531a-ec0f-5de6-940c-3f801877dd9e,C01
3242531a-ec0f-5de6-940c-3f801877dd9e,C02
3242531a-ec0f-5de6-940c-3f801877dd9e,X02
c3c3e4a3-fa08-5881-b290-33ed42a1b4dc,B03
c3c3e4a3-fa08-5881-b290-33ed42a1b4dc,C01
c3c3e4a3-fa08-5881-b290-33ed42a1b4dc,C02
c3c3e4a3-fa08-5881-b290-33ed42a1b4dc,X02
86c69125-926a-5a4c-b7f8-643c1d9e3be3,B03
86c69125-926a-5a4c-b7f8-643c1d9e3be3,C01
86c69125-926a-5a4c-b7f8-643c1d9e3be3,C02
86c69125-926a-5a4c-b7f8-643c1d9e3be3,X02
2c2d1f8a-77cc-51f9-bc8f-be2accc5a169,B03
2c2d1f8a-77cc-51f9-bc8f-be2accc5a169,C01
2c2d1f8a-77cc-51f9-bc8f-be2accc5a169,C02
2c2d1f8a-77cc-51f9-bc8f-be2accc5a169,X02
b077c2b6-8be9-5b7e-a026-4c055e6abc9c,B03
b077c2b6-8be9-5b7e-a026-4c055e6abc9c,C01
b077c2b6-8be9-5b7e-a026-4c055e6abc9c,C02
b077c2b6-8be9-5b7e-a026-4c055e6abc9c,X02
4f27a172-e609-5803-803d-4c0dcfd2adf8,B03
4f27a172-e609-5803-803d-4c0dcfd2adf8,C01
4f27a172-e609-5803-803d-4c0dcfd2adf8,C02
4f27a172-e609-5803-803d-4c0dcfd2adf8,X02
eac617d3-cd33-5ead-b611-1d0b0417c54e,B03
eac617d3-cd33-5ead-b611-1d0b0417c54e,C01
eac617d3-cd33-5ead-b611-1d0b0417c54e,C02
eac617d3-cd33-5ead-b611-1d0b0417c54e,X02
8cca808e-8b2d-5b17-a358-3f02f0cb9cd4,B03
8cca808e-8b2d-5b17-a358-3f02f0cb9cd4,C01
8cca808e-8b2d-5b17-a358-3f02f0cb9cd4,C02
8cca808e-8b2d-5b17-a358-3f02f0cb9cd4,X02
f4ac0426-4dec-5365-aaea-3860e0f4c987,B03
f4ac0426-4dec-5365-aaea-3860e0f4c987,C01
f4ac0426-4dec-5365-aaea-3860e0f4c987,C02
f4ac0426-4dec-5365-aaea-3860e0f4c987,X02
55bd8c3d-a7ac-54e6-9744-24263e87e0b2,B03
55bd8c3d-a7ac-54e6-9744-24263e87e0b2,C01
55bd8c3d-a7ac-54e6-9744-24263e87e0b2,C02
55bd8c3d-a7ac-54e6-9744-24263e87e0b2,X02
b15a4b01-6577-5105-a08e-e01e4444ba37,B03
b15a4b01-6577-5105-a08e-e01e4444ba37,C01
b15a4b01-6577-5105-a08e-e01e4444ba37,C02
b15a4b01-6577-5105-a08e-e01e4444ba37,X02
dd18edfd-b78c-5d43-9d32-0c161d04b36d,B03
dd18edfd-b78c-5d43-9d32-0c161d04b36d,C01
dd18edfd-b78c-5d43-9d32-0c161d04b36d,C02
dd18edfd-b78c-5d43-9d32-0c161d04b36d,X02
14f40c67-150b-5621-ab96-4b8f3f8f3d0e,B03
14f40c67-150b-5621-ab96-4b8f3f8f3d0e,C01
14f40c67-150b-5621-ab96-4b8f3f8f3d0e,C02
14f40c67-150b-5621-ab96-4b8f3f8f3d0e,X02
80cd47b7-cea3-5814-aabb-6776a8b76b15,B03
80cd47b7-cea3-5814-aabb-6776a8b76b15,C01
80cd47b7-cea3-5814-aabb-6776a8b76b15,C02
80cd47b7-cea3-5814-aabb-6776a8b76b15,X02
9df6c3c9-6c71-56fb-9c4c-2fa844c5dbdc,B03
9df6c3c9-6c71-56fb-9c4c-2fa844c5dbdc,C01
9df6c3c9-6c71-56fb-9c4c-2fa844c5dbdc,C02
9df6c3c9-6c71-56fb-9c4c-2fa844c5dbdc,X02
dec2e16a-7a7f-5f69-b837-e604c604091e,B03
dec2e16a-7a7f-5f69-b837-e604c604091e,C01
dec2e16a-7a7f-5f69-b837-e604c604091e,C02
dec2e16a-7a7f-5f69-b837-e604c604091e,X02
63739aee-ed6c-50fe-844f-df91a0a05f1e,B03
63739aee-ed6c-50fe-844f-df91a0a05f1e,C01
63739aee-ed6c-50fe-844f-df91a0a05f1e,C02
63739aee-ed6c-50fe-844f-df91a0a05f1e,X02
c6fd3f45-48b7-5428-9382-4d8da34d3311,B03
c6fd3f45-48b7-5428-9382-4d8da34d3311,C01
c6fd3f45-48b7-5428-9382-4d8da34d3311,C02
c6fd3f45-48b7-5428-9382-4d8da34d3311,X02
1122c5ae-124b-55e3-8044-3aab4f1cab29,B03
1122c5ae-124b-55e3-8044-3aab4f1cab29,C01
1122c5ae-124b-55e3-8044-3aab4f1cab29,C02
1122c5ae-124b-55e3-8044-3aab4f1cab29,X02
34c9c0b5-319a-5c6d-8343-7f072bea0c6f,B03
34c9c0b5-319a-5c6d-8343-7f072bea0c6f,C01
34c9c0b5-319a-5c6d-8343-7f072bea0c6f,C02
34c9c0b5-319a-5c6d-8343-7f072bea0c6f,X02
9c3d32ba-5ef5-59e3-9abf-8209e44b06de,B03
9c3d32ba-5ef5-59e3-9abf-8209e44b06de,C01
9c3d32ba-5ef5-59e3-9abf-8209e44b06de,C02
9c3d32ba-5ef5-59e3-9abf-8209e44b06de,X02
cc6b4ceb-9396-5344-88aa-45536abb8a92,B03
cc6b4ceb-9396-5344-88aa-45536abb8a92,C01
cc6b4ceb-9396-5344-88aa-45536abb8a92,C02
cc6b4ceb-9396-5344-88aa-45536abb8a92,X02
7d4ae544-b6ac-5774-be81-67385cadd8c6,B03
7d4ae544-b6ac-5774-be81-67385cadd8c6,C01
7d4ae544-b6ac-5774-be81-67385cadd8c6,C02
7d4ae544-b6ac-5774-be81-67385cadd8c6,X02
3ee7e108-0f12-5526-aa0c-9d98e853443f,B03
3ee7e108-0f12-5526-aa0c-9d98e853443f,C01
3ee7e108-0f12-5526-aa0c-9d98e853443f,C02
3ee7e108-0f12-5526-aa0c-9d98e853443f,X02
27f6d74e-bd56-5416-8621-33f18177ccf8,B03
27f6d74e-bd56-5416-8621-33f18177ccf8,C01
27f6d74e-bd56-5416-8621-33f18177ccf8,C02
27f6d74e-bd56-5416-8621-33f18177ccf8,X02
d55efb80-dbf7-503d-bcd5-b56a90376f72,B03
d55efb80-dbf7-503d-bcd5-b56a90376f72,C01
d55efb80-dbf7-503d-bcd5-b56a90376f72,C02
d55efb80-dbf7-503d-bcd5-b56a90376f72,X02
18d42dcb-4ab0-5152-8df2-50681fe75c6c,B03
18d42dcb-4ab0-5152-8df2-50681fe75c6c,C01
18d42dcb-4ab0-5152-8df2-50681fe75c6c,C02
18d42dcb-4ab0-5152-8df2-50681fe75c6c,X02
b35ee16e-656e-5115-b39d-d43e8380a546,D01
b35ee16e-656e-5115-b39d-d43e8380a546,D04
b35ee16e-656e-5115-b39d-d43e8380a546,B03
b35ee16e-656e-5115-b39d-d43e8380a546,C01
b35ee16e-656e-5115-b39d-d43e8380a546,C02
b35ee16e-656e-5115-b39d-d43e8380a546,X02
79baf835-2e47-5f05-b0f2-e8513962171d,B03
79baf835-2e47-5f05-b0f2-e8513962171d,C01
79baf835-2e47-5f05-b0f2-e8513962171d,C02
79baf835-2e47-5f05-b0f2-e8513962171d,X02
873473f9-de51-5357-9b31-6209df1671ff,B03
873473f9-de51-5357-9b31-6209df1671ff,C01
873473f9-de51-5357-9b31-6209df1671ff,C02
873473f9-de51-5357-9b31-6209df1671ff,X02
39be5a18-2e0e-58c8-9c62-214c9af71462,B03
39be5a18-2e0e-58c8-9c62-214c9af71462,C01
39be5a18-2e0e-58c8-9c62-214c9af71462,C02
39be5a18-2e0e-58c8-9c62-214c9af71462,X02
e2f39d4f-face-50d6-8da8-65a078f357b2,B03
e2f39d4f-face-50d6-8da8-65a078f357b2,C01
e2f39d4f-face-50d6-8da8-65a078f357b2,C02
e2f39d4f-face-50d6-8da8-65a078f357b2,X02
69688848-6850-591d-88cd-9d8fd09de60c,B03
69688848-6850-591d-88cd-9d8fd09de60c,C01
69688848-6850-591d-88cd-9d8fd09de60c,C02
69688848-6850-591d-88cd-9d8fd09de60c,X02
202dfc34-5a2c-5b5c-8181-3744b943641d,B03
202dfc34-5a2c-5b5c-8181-3744b943641d,C01
202dfc34-5a2c-5b5c-8181-3744b943641d,C02
202dfc34-5a2c-5b5c-8181-3744b943641d,X02
951ec60c-e9de-5777-a102-db51088af9a6,B03
951ec60c-e9de-5777-a102-db51088af9a6,C01
951ec60c-e9de-5777-a102-db51088af9a6,C02
951ec60c-e9de-5777-a102-db51088af9a6,X02
08dd2f4c-e1c5-5bf8-b81d-c0b770a60a83,B03
08dd2f4c-e1c5-5bf8-b81d-c0b770a60a83,C01
08dd2f4c-e1c5-5bf8-b81d-c0b770a60a83,C02
08dd2f4c-e1c5-5bf8-b81d-c0b770a60a83,X02
39a2b6d3-4529-5afb-86a2-66ab0b695e63,B03
39a2b6d3-4529-5afb-86a2-66ab0b695e63,C01
39a2b6d3-4529-5afb-86a2-66ab0b695e63,C02
39a2b6d3-4529-5afb-86a2-66ab0b695e63,X02
f69d8c21-8919-501b-ab1b-10abccb33adb,B03
f69d8c21-8919-501b-ab1b-10abccb33adb,C01
f69d8c21-8919-501b-ab1b-10abccb33adb,C02
f69d8c21-8919-501b-ab1b-10abccb33adb,X02
1301195c-d702-5223-9abf-5aeb4abdac5e,B03
1301195c-d702-5223-9abf-5aeb4abdac5e,C01
1301195c-d702-5223-9abf-5aeb4abdac5e,C02
1301195c-d702-5223-9abf-5aeb4abdac5e,X02
d846f8fd-17e0-5575-902e-f473fdefb9b7,B03
d846f8fd-17e0-5575-902e-f473fdefb9b7,C01
d846f8fd-17e0-5575-902e-f473fdefb9b7,C02
d846f8fd-17e0-5575-902e-f473fdefb9b7,X02
30ae3985-f5bf-5bb8-88f5-8839359338b4,B03
30ae3985-f5bf-5bb8-88f5-8839359338b4,C01
30ae3985-f5bf-5bb8-88f5-8839359338b4,C02
30ae3985-f5bf-5bb8-88f5-8839359338b4,X02
d87ac3c3-196b-59d8-bb43-b9702e92150f,B03
d87ac3c3-196b-59d8-bb43-b9702e92150f,C01
d87ac3c3-196b-59d8-bb43-b9702e92150f,C02
d87ac3c3-196b-59d8-bb43-b9702e92150f,X02
64c10856-1ba3-524c-b626-80cbe8e45b42,B03
64c10856-1ba3-524c-b626-80cbe8e45b42,C01
64c10856-1ba3-524c-b626-80cbe8e45b42,C02
64c10856-1ba3-524c-b626-80cbe8e45b42,X02
7476a86b-0441-5f20-bcac-f9517aff5bb7,B03
7476a86b-0441-5f20-bcac-f9517aff5bb7,C01
7476a86b-0441-5f20-bcac-f9517aff5bb7,C02
7476a86b-0441-5f20-bcac-f9517aff5bb7,X02
39369f61-9978-5fcd-8af6-42dafe41457c,B03
39369f61-9978-5fcd-8af6-42dafe41457c,C01
39369f61-9978-5fcd-8af6-42dafe41457c,C02
39369f61-9978-5fcd-8af6-42dafe41457c,X02
cfa9b495-459d-554c-bd13-a000b155a470,B03
cfa9b495-459d-554c-bd13-a000b155a470,C01
cfa9b495-459d-554c-bd13-a000b155a470,C02
cfa9b495-459d-554c-bd13-a000b155a470,X02
be63440a-484f-5e6e-8b80-0aa7178f273e,B03
be63440a-484f-5e6e-8b80-0aa7178f273e,C01
be63440a-484f-5e6e-8b80-0aa7178f273e,C02
be63440a-484f-5e6e-8b80-0aa7178f273e,X02
6e55a0f6-5547-5eeb-9917-5da277f5e082,B03
6e55a0f6-5547-5eeb-9917-5da277f5e082,C01
6e55a0f6-5547-5eeb-9917-5da277f5e082,C02
6e55a0f6-5547-5eeb-9917-5da277f5e082,X02
4ae06dd5-3be7-59ee-a0cb-8e791379668a,B03
4ae06dd5-3be7-59ee-a0cb-8e791379668a,C01
4ae06dd5-3be7-59ee-a0cb-8e791379668a,C02
4ae06dd5-3be7-59ee-a0cb-8e791379668a,X02
5ba166f4-f3b7-5971-93b1-46821d73a9f4,B03
5ba166f4-f3b7-5971-93b1-46821d73a9f4,C01
5ba166f4-f3b7-5971-93b1-46821d73a9f4,C02
5ba166f4-f3b7-5971-93b1-46821d73a9f4,X02
974caaf9-11d3-53ab-8a46-a9dd6e493d7a,B03
974caaf9-11d3-53ab-8a46-a9dd6e493d7a,C01
974caaf9-11d3-53ab-8a46-a9dd6e493d7a,C02
974caaf9-11d3-53ab-8a46-a9dd6e493d7a,X02
b46bd8b1-6331-50af-a12d-f98fcda30041,B03
b46bd8b1-6331-50af-a12d-f98fcda30041,C01
b46bd8b1-6331-50af-a12d-f98fcda30041,C02
b46bd8b1-6331-50af-a12d-f98fcda30041,X02
d013dae4-52d0-597e-8908-eb1b84149e6e,B03
d013dae4-52d0-597e-8908-eb1b84149e6e,C01
d013dae4-52d0-597e-8908-eb1b84149e6e,C02
d013dae4-52d0-597e-8908-eb1b84149e6e,X02
feca3bf3-0fa3-509b-8583-85077b300a08,B03
feca3bf3-0fa3-509b-8583-85077b300a08,C01
feca3bf3-0fa3-509b-8583-85077b300a08,C02
feca3bf3-0fa3-509b-8583-85077b300a08,X02
18b6eca0-3954-5a3d-a3b3-a81f3a0f48d3,B03
18b6eca0-3954-5a3d-a3b3-a81f3a0f48d3,C01
18b6eca0-3954-5a3d-a3b3-a81f3a0f48d3,C02
18b6eca0-3954-5a3d-a3b3-a81f3a0f48d3,X02
554e0a67-7ef0-5965-879e-0f3f23cbd997,B03
554e0a67-7ef0-5965-879e-0f3f23cbd997,C01
554e0a67-7ef0-5965-879e-0f3f23cbd997,C02
554e0a67-7ef0-5965-879e-0f3f23cbd997,X02
d1e3caf4-d412-501c-b37c-7b401d26b5e3,B03
d1e3caf4-d412-501c-b37c-7b401d26b5e3,C01
d1e3caf4-d412-501c-b37c-7b401d26b5e3,C02
d1e3caf4-d412-501c-b37c-7b401d26b5e3,X02
8f26a80c-b5bd-51b2-b3e0-17da3368595a,B03
8f26a80c-b5bd-51b2-b3e0-17da3368595a,C01
8f26a80c-b5bd-51b2-b3e0-17da3368595a,C02
8f26a80c-b5bd-51b2-b3e0-17da3368595a,X02
b49a88fa-494a-56b0-8f72-ac77e15eb40c,B03
b49a88fa-494a-56b0-8f72-ac77e15eb40c,C01
b49a88fa-494a-56b0-8f72-ac77e15eb40c,C02
b49a88fa-494a-56b0-8f72-ac77e15eb40c,X02
a031bb80-e129-578e-9002-5febe10ae14a,B03
a031bb80-e129-578e-9002-5febe10ae14a,C01
a031bb80-e129-578e-9002-5febe10ae14a,C02
a031bb80-e129-578e-9002-5febe10ae14a,X02
b3f5f257-69fc-5b51-b208-52b5dd39e9d1,K00
b3f5f257-69fc-5b51-b208-52b5dd39e9d1,K01
b3f5f257-69fc-5b51-b208-52b5dd39e9d1,K02
a8e5d8e3-9e41-594a-92ca-2d71362a0950,K00
a8e5d8e3-9e41-594a-92ca-2d71362a0950,K01
0a8860f6-fe28-5d3d-9162-be9016f6e3f5,K00
0a8860f6-fe28-5d3d-9162-be9016f6e3f5,K01
5b4c7467-adbf-5eb4-857f-1512d1c751a9,K00
5b4c7467-adbf-5eb4-857f-1512d1c751a9,K01
5b4c7467-adbf-5eb4-857f-1512d1c751a9,K02
6cec242a-153e-5fe0-af06-7d519d018bb1,K00
6cec242a-153e-5fe0-af06-7d519d018bb1,K01
a7c9e3c9-731e-5329-a8d5-68046eb81cf2,K00
a7c9e3c9-731e-5329-a8d5-68046eb81cf2,K01
c3b4aba8-fe15-56b3-a5e4-6c90538851b5,K00
c3b4aba8-fe15-56b3-a5e4-6c90538851b5,K01
1be5cfb0-bce7-5010-86c6-fc1be6f001a6,K00
1be5cfb0-bce7-5010-86c6-fc1be6f001a6,K01
dc072043-005d-5b64-a75e-83659fdb36a8,K00
dc072043-005d-5b64-a75e-83659fdb36a8,K01
dc072043-005d-5b64-a75e-83659fdb36a8,K02
7a0e9217-bd0f-5a54-b9d5-5ad2c7d6ee22,K00
7a0e9217-bd0f-5a54-b9d5-5ad2c7d6ee22,K01
7a0e9217-bd0f-5a54-b9d5-5ad2c7d6ee22,K02
635ac80e-d2a2-5e48-8e86-b5f3ef903358,K00
635ac80e-d2a2-5e48-8e86-b5f3ef903358,K01
4c828cf2-5615-552e-8306-986b60e0e3d4,K00
4c828cf2-5615-552e-8306-986b60e0e3d4,K01
287d7f67-9a5c-533e-9919-cab8b8099b40,K00
287d7f67-9a5c-533e-9919-cab8b8099b40,K01
e8350870-858f-540c-bef1-212cf57d0311,K00
e8350870-858f-540c-bef1-212cf57d0311,K01
e8350870-858f-540c-bef1-212cf57d0311,K02
c9b1190c-28dc-5f6b-a875-8723cde3a245,K00
c9b1190c-28dc-5f6b-a875-8723cde3a245,K01
c9b1190c-28dc-5f6b-a875-8723cde3a245,K02
8d348a61-5dbd-5ad0-9499-bc60e5e280d6,K00
8d348a61-5dbd-5ad0-9499-bc60e5e280d6,K01
8d348a61-5dbd-5ad0-9499-bc60e5e280d6,K02
ed424a82-d602-5021-9d8b-3a9869fc9d81,K00
ed424a82-d602-5021-9d8b-3a9869fc9d81,K01
ed424a82-d602-5021-9d8b-3a9869fc9d81,K02
ec318003-b8c5-513e-899b-e21044893ead,K00
ec318003-b8c5-513e-899b-e21044893ead,K01
ec318003-b8c5-513e-899b-e21044893ead,K02
1dbf9300-e672-5df3-9e7b-9f80592928ff,K00
1dbf9300-e672-5df3-9e7b-9f80592928ff,K01
1dbf9300-e672-5df3-9e7b-9f80592928ff,K02
6085ed58-987e-5217-a795-9ae3f00109fe,K00
6085ed58-987e-5217-a795-9ae3f00109fe,K01
6085ed58-987e-5217-a795-9ae3f00109fe,K02
be4c3071-81cf-5955-871c-a0e60a15e7d3,K00
be4c3071-81cf-5955-871c-a0e60a15e7d3,K01
be4c3071-81cf-5955-871c-a0e60a15e7d3,K02
c2cfcd82-2c10-56ee-8515-eba59e616cc0,K00
c2cfcd82-2c10-56ee-8515-eba59e616cc0,K01
c2cfcd82-2c10-56ee-8515-eba59e616cc0,K02
cf0e5f19-7129-5b78-8ee8-dfd0f0ebd9fd,K00
cf0e5f19-7129-5b78-8ee8-dfd0f0ebd9fd,K01
cf0e5f19-7129-5b78-8ee8-dfd0f0ebd9fd,K02
bcbf17fc-1073-55f7-929d-368e507f7dc4,K00
bcbf17fc-1073-55f7-929d-368e507f7dc4,K01
b38235a8-c677-5db9-903f-a569e20de62e,K00
b38235a8-c677-5db9-903f-a569e20de62e,K01
b38235a8-c677-5db9-903f-a569e20de62e,K02
96dfd6f0-4cea-51be-a80a-4637fae88ffe,K00
96dfd6f0-4cea-51be-a80a-4637fae88ffe,K01
610d6f08-08ab-5426-b572-8a20d6c6bb95,K00
610d6f08-08ab-5426-b572-8a20d6c6bb95,K01
0d1c4f4f-9498-5847-a598-394b5f63684e,K00
0d1c4f4f-9498-5847-a598-394b5f63684e,K01
6bd25b59-f349-5cc7-ae73-7d9550c9c2b8,K00
6bd25b59-f349-5cc7-ae73-7d9550c9c2b8,K01
f89aecab-9302-509d-9395-c86c01600716,K02
e0c415dd-7d08-5250-9f27-84ffe238507d,K02
13c4e368-019b-5132-93a1-097f28f3cb77,K00
13c4e368-019b-5132-93a1-097f28f3cb77,K01
36a3ef45-df2c-509d-a897-1edbf599a754,K00
36a3ef45-df2c-509d-a897-1edbf599a754,K01
271ce317-4278-540f-bf55-0fbb2a3a2cdf,K00
271ce317-4278-540f-bf55-0fbb2a3a2cdf,K01
271ce317-4278-540f-bf55-0fbb2a3a2cdf,K02
f54a4f0a-358c-554c-b3f6-0ed01df85e5b,K00
f54a4f0a-358c-554c-b3f6-0ed01df85e5b,K01
fad76f6a-431b-57b8-bd32-0aa0a2114ba4,K00
fad76f6a-431b-57b8-bd32-0aa0a2114ba4,K01
10fbcc24-d075-5363-8b45-c84aabf7569e,K00
10fbcc24-d075-5363-8b45-c84aabf7569e,K01
b60b6925-1915-5b2b-b6ff-827efe1ecb9d,K00
b60b6925-1915-5b2b-b6ff-827efe1ecb9d,K01
4fc1e9f0-db1b-5b70-a037-b5c173164420,K00
4fc1e9f0-db1b-5b70-a037-b5c173164420,K01
9827e2e7-df5a-579c-a02a-1b1acc89055a,K00
9827e2e7-df5a-579c-a02a-1b1acc89055a,K01
9827e2e7-df5a-579c-a02a-1b1acc89055a,K02
a1f58559-c479-509b-b48d-7d41c7843bac,K00
a1f58559-c479-509b-b48d-7d41c7843bac,K01
a1f58559-c479-509b-b48d-7d41c7843bac,K02
034783d5-01b3-511a-bef4-68f0e44e17f1,K00
034783d5-01b3-511a-bef4-68f0e44e17f1,K01
034783d5-01b3-511a-bef4-68f0e44e17f1,K02
287274fc-39c8-5a64-b726-cc0ab91afd4a,K00
287274fc-39c8-5a64-b726-cc0ab91afd4a,K01
9a101642-d650-58e0-b604-e9243cd37f45,K00
9a101642-d650-58e0-b604-e9243cd37f45,K01
c9a59150-e038-5672-a2dd-38948652dbf8,K00
c9a59150-e038-5672-a2dd-38948652dbf8,K01
6ff45063-dd23-5c1b-bba8-638247d495f8,K00
6ff45063-dd23-5c1b-bba8-638247d495f8,K01
74fafd3c-8e5b-5565-b388-71d07ffd7889,K00
74fafd3c-8e5b-5565-b388-71d07ffd7889,K01
7af61b29-c607-5e30-96d6-3e0d00120b7d,K00
7af61b29-c607-5e30-96d6-3e0d00120b7d,K01
7af61b29-c607-5e30-96d6-3e0d00120b7d,K02
a9f926ff-785a-5cdb-9a16-2a57e8539ef2,K00
a9f926ff-785a-5cdb-9a16-2a57e8539ef2,K01
85e38b66-4413-5bb4-ac75-f3d62d5091d1,K00
85e38b66-4413-5bb4-ac75-f3d62d5091d1,K01
5070d29b-878b-54c0-bd17-557aad97f385,K00
5070d29b-878b-54c0-bd17-557aad97f385,K01
fd64b3fe-e98e-5e52-91ae-b64a5085dad6,K00
fd64b3fe-e98e-5e52-91ae-b64a5085dad6,K01
bc15f7ac-93fa-58a6-ac23-958e0c83dc43,K00
bc15f7ac-93fa-58a6-ac23-958e0c83dc43,K01
bc15f7ac-93fa-58a6-ac23-958e0c83dc43,K02
f6c7f30e-0095-5b42-a81a-035e8fd37c17,K00
f6c7f30e-0095-5b42-a81a-035e8fd37c17,K01
7e672fd3-a393-5f32-abef-1439102c4ec4,K00
7e672fd3-a393-5f32-abef-1439102c4ec4,K01
6b1c8660-3bf7-505b-833b-0efc38ea5e22,K00
6b1c8660-3bf7-505b-833b-0efc38ea5e22,K01
85c5c82e-0d78-5441-bea3-788bc1ba093f,K00
85c5c82e-0d78-5441-bea3-788bc1ba093f,K01
01c12bd8-5476-5edb-a78a-1600222ca966,K00
01c12bd8-5476-5edb-a78a-1600222ca966,K01
01c12bd8-5476-5edb-a78a-1600222ca966,K02
136c3890-bf16-5380-bece-48965bd136e4,K00
136c3890-bf16-5380-bece-48965bd136e4,K01
136c3890-bf16-5380-bece-48965bd136e4,K02
32b07aa7-aeb4-5053-8134-237f8a6e7de6,K00
32b07aa7-aeb4-5053-8134-237f8a6e7de6,K01
96c3d097-7e14-557f-b4c8-ee15ff57a63f,K00
c662002c-0685-558e-8d21-d39354a511cd,K00
df290692-8b06-5125-b8f5-96c7a2fba6ab,K00
0a9b0a80-ea8c-58bb-8871-c9b82309b3c8,K00
659f873a-d3a5-5b47-8468-6c09168f56a0,K00
3242531a-ec0f-5de6-940c-3f801877dd9e,K00
c3c3e4a3-fa08-5881-b290-33ed42a1b4dc,K00
8a15cf55-498c-5935-80a1-1cbca92fbbfe,K00
86c69125-926a-5a4c-b7f8-643c1d9e3be3,K00
b077c2b6-8be9-5b7e-a026-4c055e6abc9c,K00
4f27a172-e609-5803-803d-4c0dcfd2adf8,K00
eac617d3-cd33-5ead-b611-1d0b0417c54e,K00
8cca808e-8b2d-5b17-a358-3f02f0cb9cd4,K00
f4ac0426-4dec-5365-aaea-3860e0f4c987,K00
55bd8c3d-a7ac-54e6-9744-24263e87e0b2,K00
b15a4b01-6577-5105-a08e-e01e4444ba37,K00
dd18edfd-b78c-5d43-9d32-0c161d04b36d,K00
14f40c67-150b-5621-ab96-4b8f3f8f3d0e,K00
80cd47b7-cea3-5814-aabb-6776a8b76b15,K00
9df6c3c9-6c71-56fb-9c4c-2fa844c5dbdc,K00
dec2e16a-7a7f-5f69-b837-e604c604091e,K00
63739aee-ed6c-50fe-844f-df91a0a05f1e,K00
c6fd3f45-48b7-5428-9382-4d8da34d3311,K00
1122c5ae-124b-55e3-8044-3aab4f1cab29,K00
34c9c0b5-319a-5c6d-8343-7f072bea0c6f,K00
9c3d32ba-5ef5-59e3-9abf-8209e44b06de,K00
cc6b4ceb-9396-5344-88aa-45536abb8a92,K00
7d4ae544-b6ac-5774-be81-67385cadd8c6,K00
3ee7e108-0f12-5526-aa0c-9d98e853443f,K00
27f6d74e-bd56-5416-8621-33f18177ccf8,K00
79baf835-2e47-5f05-b0f2-e8513962171d,K00
873473f9-de51-5357-9b31-6209df1671ff,K00
39be5a18-2e0e-58c8-9c62-214c9af71462,K00
e2f39d4f-face-50d6-8da8-65a078f357b2,K00
69688848-6850-591d-88cd-9d8fd09de60c,K00
202dfc34-5a2c-5b5c-8181-3744b943641d,K00
951ec60c-e9de-5777-a102-db51088af9a6,K00
08dd2f4c-e1c5-5bf8-b81d-c0b770a60a83,K00
39a2b6d3-4529-5afb-86a2-66ab0b695e63,K00
f69d8c21-8919-501b-ab1b-10abccb33adb,K00
1301195c-d702-5223-9abf-5aeb4abdac5e,K00
d846f8fd-17e0-5575-902e-f473fdefb9b7,K00
30ae3985-f5bf-5bb8-88f5-8839359338b4,K00
d87ac3c3-196b-59d8-bb43-b9702e92150f,K00
64c10856-1ba3-524c-b626-80cbe8e45b42,K00
7476a86b-0441-5f20-bcac-f9517aff5bb7,K00
39369f61-9978-5fcd-8af6-42dafe41457c,K00
cfa9b495-459d-554c-bd13-a000b155a470,K00
be63440a-484f-5e6e-8b80-0aa7178f273e,K00
6e55a0f6-5547-5eeb-9917-5da277f5e082,K00
5ba166f4-f3b7-5971-93b1-46821d73a9f4,K00
974caaf9-11d3-53ab-8a46-a9dd6e493d7a,K00
b46bd8b1-6331-50af-a12d-f98fcda30041,K00
d013dae4-52d0-597e-8908-eb1b84149e6e,K00
feca3bf3-0fa3-509b-8583-85077b300a08,K00
18b6eca0-3954-5a3d-a3b3-a81f3a0f48d3,K00
554e0a67-7ef0-5965-879e-0f3f23cbd997,K00
d1e3caf4-d412-501c-b37c-7b401d26b5e3,K00
8f26a80c-b5bd-51b2-b3e0-17da3368595a,K00
b49a88fa-494a-56b0-8f72-ac77e15eb40c,K00
a031bb80-e129-578e-9002-5febe10ae14a,K00
2c2d1f8a-77cc-51f9-bc8f-be2accc5a169,K00
d55efb80-dbf7-503d-bcd5-b56a90376f72,K00
18d42dcb-4ab0-5152-8df2-50681fe75c6c,K00
4ae06dd5-3be7-59ee-a0cb-8e791379668a,K00
165433f6-9ac8-53a1-a22f-032be109708e,A00
165433f6-9ac8-53a1-a22f-032be109708e,A01
165433f6-9ac8-53a1-a22f-032be109708e,D01
165433f6-9ac8-53a1-a22f-032be109708e,D07
8ab62d9f-cf7d-5ef2-b1fb-4495d2f6fd10,D02
8ab62d9f-cf7d-5ef2-b1fb-4495d2f6fd10,A01
8ab62d9f-cf7d-5ef2-b1fb-4495d2f6fd10,D01
8ab62d9f-cf7d-5ef2-b1fb-4495d2f6fd10,D03
8ab62d9f-cf7d-5ef2-b1fb-4495d2f6fd10,D04
8ab62d9f-cf7d-5ef2-b1fb-4495d2f6fd10,D06
8ab62d9f-cf7d-5ef2-b1fb-4495d2f6fd10,D07
8ab62d9f-cf7d-5ef2-b1fb-4495d2f6fd10,A00
608906bf-6e33-5867-aca5-548173cce6bb,A01
608906bf-6e33-5867-aca5-548173cce6bb,D01
608906bf-6e33-5867-aca5-548173cce6bb,D06
608906bf-6e33-5867-aca5-548173cce6bb,D07
608906bf-6e33-5867-aca5-548173cce6bb,A00
4cc88f26-6945-5fc2-bb81-ac8fb7df1150,A01
4cc88f26-6945-5fc2-bb81-ac8fb7df1150,D01
4cc88f26-6945-5fc2-bb81-ac8fb7df1150,D07
4cc88f26-6945-5fc2-bb81-ac8fb7df1150,A00
ecf3663e-6f23-5c9f-98a0-1aab5e24701c,D01
31849404-f786-5f6e-9386-4e1da0a83411,D03
31849404-f786-5f6e-9386-4e1da0a83411,D01
cdf3abaa-6249-54e6-905e-a2108ca526b1,D01
cdf3abaa-6249-54e6-905e-a2108ca526b1,D04
50804ba5-70f5-5028-be1e-ec5061adb271,D06
50804ba5-70f5-5028-be1e-ec5061adb271,D01
461aaab3-dd82-5f99-8aa9-e77b87b8db6f,A00
461aaab3-dd82-5f99-8aa9-e77b87b8db6f,A01
461aaab3-dd82-5f99-8aa9-e77b87b8db6f,D01
461aaab3-dd82-5f99-8aa9-e77b87b8db6f,D07
165433f6-9ac8-53a1-a22f-032be109708e,D03
165433f6-9ac8-53a1-a22f-032be109708e,D05
165433f6-9ac8-53a1-a22f-032be109708e,D06
8ab62d9f-cf7d-5ef2-b1fb-4495d2f6fd10,D05
608906bf-6e33-5867-aca5-548173cce6bb,D03
608906bf-6e33-5867-aca5-548173cce6bb,D05
4cc88f26-6945-5fc2-bb81-ac8fb7df1150,D03
4cc88f26-6945-5fc2-bb81-ac8fb7df1150,D05
4cc88f26-6945-5fc2-bb81-ac8fb7df1150,D06
7b97e458-066e-5bd3-8f25-a28d4cabe097,A00
7b97e458-066e-5bd3-8f25-a28d4cabe097,A01
7b97e458-066e-5bd3-8f25-a28d4cabe097,D01
7b97e458-066e-5bd3-8f25-a28d4cabe097,D07
2e3ad387-4075-5848-b745-6ff26e357ffa,A01
2e3ad387-4075-5848-b745-6ff26e357ffa,D01
2e3ad387-4075-5848-b745-6ff26e357ffa,D02
2e3ad387-4075-5848-b745-6ff26e357ffa,D03
2e3ad387-4075-5848-b745-6ff26e357ffa,D04
2e3ad387-4075-5848-b745-6ff26e357ffa,D06
2e3ad387-4075-5848-b745-6ff26e357ffa,D07
2e3ad387-4075-5848-b745-6ff26e357ffa,A00
01d7de22-5d3f-5708-bb0b-258b0a98d84c,A01
01d7de22-5d3f-5708-bb0b-258b0a98d84c,D01
01d7de22-5d3f-5708-bb0b-258b0a98d84c,D02
01d7de22-5d3f-5708-bb0b-258b0a98d84c,D03
01d7de22-5d3f-5708-bb0b-258b0a98d84c,D04
01d7de22-5d3f-5708-bb0b-258b0a98d84c,D06
01d7de22-5d3f-5708-bb0b-258b0a98d84c,D07
01d7de22-5d3f-5708-bb0b-258b0a98d84c,A00
10a8005b-e8be-5195-94a5-c8e15477e522,A01
10a8005b-e8be-5195-94a5-c8e15477e522,D01
10a8005b-e8be-5195-94a5-c8e15477e522,D02
10a8005b-e8be-5195-94a5-c8e15477e522,D03
10a8005b-e8be-5195-94a5-c8e15477e522,D04
10a8005b-e8be-5195-94a5-c8e15477e522,D06
10a8005b-e8be-5195-94a5-c8e15477e522,D07
10a8005b-e8be-5195-94a5-c8e15477e522,A00
6b857ce2-8003-555e-b836-3141fc008782,A01
6b857ce2-8003-555e-b836-3141fc008782,D01
6b857ce2-8003-555e-b836-3141fc008782,D02
6b857ce2-8003-555e-b836-3141fc008782,D03
6b857ce2-8003-555e-b836-3141fc008782,D04
6b857ce2-8003-555e-b836-3141fc008782,D06
6b857ce2-8003-555e-b836-3141fc008782,D07
6b857ce2-8003-555e-b836-3141fc008782,A00
ec67bf85-5870-5c7b-b67f-a7872fa8804f,A01
ec67bf85-5870-5c7b-b67f-a7872fa8804f,D01
ec67bf85-5870-5c7b-b67f-a7872fa8804f,D02
ec67bf85-5870-5c7b-b67f-a7872fa8804f,D03
ec67bf85-5870-5c7b-b67f-a7872fa8804f,D04
ec67bf85-5870-5c7b-b67f-a7872fa8804f,D06
ec67bf85-5870-5c7b-b67f-a7872fa8804f,D07
ec67bf85-5870-5c7b-b67f-a7872fa8804f,A00
022fc367-ad75-5d6f-8609-3a0d676b367a,A00
022fc367-ad75-5d6f-8609-3a0d676b367a,A01
022fc367-ad75-5d6f-8609-3a0d676b367a,D01
022fc367-ad75-5d6f-8609-3a0d676b367a,D02
022fc367-ad75-5d6f-8609-3a0d676b367a,D03
022fc367-ad75-5d6f-8609-3a0d676b367a,D04
022fc367-ad75-5d6f-8609-3a0d676b367a,D06
022fc367-ad75-5d6f-8609-3a0d676b367a,D07
c8639aee-4595-5dd8-aec8-a78184129e09,A00
c8639aee-4595-5dd8-aec8-a78184129e09,A01
c8639aee-4595-5dd8-aec8-a78184129e09,D07
715451a3-387a-5962-aa40-622d152c03fa,A00
715451a3-387a-5962-aa40-622d152c03fa,A01
715451a3-387a-5962-aa40-622d152c03fa,D01
715451a3-387a-5962-aa40-622d152c03fa,D07
02fbc844-63cb-503c-a741-458f14383b26,A00
02fbc844-63cb-503c-a741-458f14383b26,A01
02fbc844-63cb-503c-a741-458f14383b26,D01
02fbc844-63cb-503c-a741-458f14383b26,D02
02fbc844-63cb-503c-a741-458f14383b26,D03
02fbc844-63cb-503c-a741-458f14383b26,D04
02fbc844-63cb-503c-a741-458f14383b26,D06
02fbc844-63cb-503c-a741-458f14383b26,D07
52c14d97-a1dd-5c82-beae-4e1144b4b156,A01
52c14d97-a1dd-5c82-beae-4e1144b4b156,D01
52c14d97-a1dd-5c82-beae-4e1144b4b156,D02
52c14d97-a1dd-5c82-beae-4e1144b4b156,D03
52c14d97-a1dd-5c82-beae-4e1144b4b156,D04
52c14d97-a1dd-5c82-beae-4e1144b4b156,D06
52c14d97-a1dd-5c82-beae-4e1144b4b156,D07
52c14d97-a1dd-5c82-beae-4e1144b4b156,A00
8e99f966-e661-5a49-99ac-90a7b3708065,A01
8e99f966-e661-5a49-99ac-90a7b3708065,D01
8e99f966-e661-5a49-99ac-90a7b3708065,D02
8e99f966-e661-5a49-99ac-90a7b3708065,D03
8e99f966-e661-5a49-99ac-90a7b3708065,D04
8e99f966-e661-5a49-99ac-90a7b3708065,D06
8e99f966-e661-5a49-99ac-90a7b3708065,D07
8e99f966-e661-5a49-99ac-90a7b3708065,A00
b0926fae-9e3a-521b-85b5-cd68b77357f6,A01
b0926fae-9e3a-521b-85b5-cd68b77357f6,D01
b0926fae-9e3a-521b-85b5-cd68b77357f6,D02
b0926fae-9e3a-521b-85b5-cd68b77357f6,D03
b0926fae-9e3a-521b-85b5-cd68b77357f6,D04
b0926fae-9e3a-521b-85b5-cd68b77357f6,D06
b0926fae-9e3a-521b-85b5-cd68b77357f6,D07
b0926fae-9e3a-521b-85b5-cd68b77357f6,A00
2ca0d351-0a57-5345-866a-8d559bc561b8,A00
2ca0d351-0a57-5345-866a-8d559bc561b8,A01
2ca0d351-0a57-5345-866a-8d559bc561b8,D01
2ca0d351-0a57-5345-866a-8d559bc561b8,D02
2ca0d351-0a57-5345-866a-8d559bc561b8,D03
2ca0d351-0a57-5345-866a-8d559bc561b8,D04
2ca0d351-0a57-5345-866a-8d559bc561b8,D06
2ca0d351-0a57-5345-866a-8d559bc561b8,D07
729a3109-2ff3-5e23-bd97-18f4478317cf,A00
729a3109-2ff3-5e23-bd97-18f4478317cf,A01
729a3109-2ff3-5e23-bd97-18f4478317cf,D01
729a3109-2ff3-5e23-bd97-18f4478317cf,D02
729a3109-2ff3-5e23-bd97-18f4478317cf,D03
729a3109-2ff3-5e23-bd97-18f4478317cf,D04
729a3109-2ff3-5e23-bd97-18f4478317cf,D06
729a3109-2ff3-5e23-bd97-18f4478317cf,D07
8eaf7ff3-a464-5779-a679-315c255a239e,A00
8eaf7ff3-a464-5779-a679-315c255a239e,A01
8eaf7ff3-a464-5779-a679-315c255a239e,D01
8eaf7ff3-a464-5779-a679-315c255a239e,D02
8eaf7ff3-a464-5779-a679-315c255a239e,D03
8eaf7ff3-a464-5779-a679-315c255a239e,D04
8eaf7ff3-a464-5779-a679-315c255a239e,D06
8eaf7ff3-a464-5779-a679-315c255a239e,D07
211bd0d5-f1a6-51d1-9a0c-d5a22c157406,A00
211bd0d5-f1a6-51d1-9a0c-d5a22c157406,A01
211bd0d5-f1a6-51d1-9a0c-d5a22c157406,D01
211bd0d5-f1a6-51d1-9a0c-d5a22c157406,D02
211bd0d5-f1a6-51d1-9a0c-d5a22c157406,D03
211bd0d5-f1a6-51d1-9a0c-d5a22c157406,D04
211bd0d5-f1a6-51d1-9a0c-d5a22c157406,D06
211bd0d5-f1a6-51d1-9a0c-d5a22c157406,D07
815f2e7d-88a7-5a10-8af0-e86b0df78609,A00
815f2e7d-88a7-5a10-8af0-e86b0df78609,A01
815f2e7d-88a7-5a10-8af0-e86b0df78609,D01
815f2e7d-88a7-5a10-8af0-e86b0df78609,D02
815f2e7d-88a7-5a10-8af0-e86b0df78609,D03
815f2e7d-88a7-5a10-8af0-e86b0df78609,D04
815f2e7d-88a7-5a10-8af0-e86b0df78609,D06
815f2e7d-88a7-5a10-8af0-e86b0df78609,D07
d3c183e6-6c71-532d-938f-4aefacffe2b5,A00
d3c183e6-6c71-532d-938f-4aefacffe2b5,A01
d3c183e6-6c71-532d-938f-4aefacffe2b5,D01
d3c183e6-6c71-532d-938f-4aefacffe2b5,D02
d3c183e6-6c71-532d-938f-4aefacffe2b5,D03
d3c183e6-6c71-532d-938f-4aefacffe2b5,D04
d3c183e6-6c71-532d-938f-4aefacffe2b5,D06
d3c183e6-6c71-532d-938f-4aefacffe2b5,D07
8c0f6656-48f1-577f-b51e-ae9606284f38,A00
8c0f6656-48f1-577f-b51e-ae9606284f38,A01
8c0f6656-48f1-577f-b51e-ae9606284f38,D01
8c0f6656-48f1-577f-b51e-ae9606284f38,D02
8c0f6656-48f1-577f-b51e-ae9606284f38,D03
8c0f6656-48f1-577f-b51e-ae9606284f38,D04
8c0f6656-48f1-577f-b51e-ae9606284f38,D06
8c0f6656-48f1-577f-b51e-ae9606284f38,D07
715ec736-4e32-5e24-8fa6-1950496e7b5a,A00
715ec736-4e32-5e24-8fa6-1950496e7b5a,A01
715ec736-4e32-5e24-8fa6-1950496e7b5a,D01
715ec736-4e32-5e24-8fa6-1950496e7b5a,D02
715ec736-4e32-5e24-8fa6-1950496e7b5a,D03
715ec736-4e32-5e24-8fa6-1950496e7b5a,D04
715ec736-4e32-5e24-8fa6-1950496e7b5a,D06
715ec736-4e32-5e24-8fa6-1950496e7b5a,D07
ef58de31-1b3b-56fd-befb-771dccfbbb8d,A00
ef58de31-1b3b-56fd-befb-771dccfbbb8d,A01
ef58de31-1b3b-56fd-befb-771dccfbbb8d,D01
ef58de31-1b3b-56fd-befb-771dccfbbb8d,D02
ef58de31-1b3b-56fd-befb-771dccfbbb8d,D03
ef58de31-1b3b-56fd-befb-771dccfbbb8d,D04
ef58de31-1b3b-56fd-befb-771dccfbbb8d,D06
ef58de31-1b3b-56fd-befb-771dccfbbb8d,D07
70bc03bb-7b57-5761-b343-3317d2fb2571,D01
ac05e01d-74ec-56aa-aa3a-3603ae65db0e,D01
b9933242-c9d5-5493-b2e6-af6609ed06d2,D06
b9933242-c9d5-5493-b2e6-af6609ed06d2,D01
6ebbd23d-61a2-5f2c-bc51-e9328a634254,D06
6ebbd23d-61a2-5f2c-bc51-e9328a634254,D01
9b4bc9ca-e05b-5a4c-bb1d-1971fbd3b7b3,D01
9b4bc9ca-e05b-5a4c-bb1d-1971fbd3b7b3,D03
0fd19c73-5dc8-5ff9-bce4-e748b06c4078,D01
0fd19c73-5dc8-5ff9-bce4-e748b06c4078,D03
10848d27-a73f-526a-bb13-409c2d0088df,D01
10848d27-a73f-526a-bb13-409c2d0088df,D04
40cb81ad-b13f-5f40-9881-e42b0dfeb060,D01
40cb81ad-b13f-5f40-9881-e42b0dfeb060,D04
165433f6-9ac8-53a1-a22f-032be109708e,D02
165433f6-9ac8-53a1-a22f-032be109708e,D04
608906bf-6e33-5867-aca5-548173cce6bb,D02
608906bf-6e33-5867-aca5-548173cce6bb,D04
4cc88f26-6945-5fc2-bb81-ac8fb7df1150,D02
4cc88f26-6945-5fc2-bb81-ac8fb7df1150,D04
07dabe41-dea6-5030-99b6-356574b2d61d,A00
07dabe41-dea6-5030-99b6-356574b2d61d,A01
07dabe41-dea6-5030-99b6-356574b2d61d,D07
e9d78a6d-beb6-5199-bc34-a0dd0b8004fd,A00
e9d78a6d-beb6-5199-bc34-a0dd0b8004fd,A01
e9d78a6d-beb6-5199-bc34-a0dd0b8004fd,D01
e9d78a6d-beb6-5199-bc34-a0dd0b8004fd,D02
e9d78a6d-beb6-5199-bc34-a0dd0b8004fd,D03
e9d78a6d-beb6-5199-bc34-a0dd0b8004fd,D04
e9d78a6d-beb6-5199-bc34-a0dd0b8004fd,D06
e9d78a6d-beb6-5199-bc34-a0dd0b8004fd,D07
504a10a1-9a0c-57c8-8462-ff31309efebb,A01
504a10a1-9a0c-57c8-8462-ff31309efebb,D01
504a10a1-9a0c-57c8-8462-ff31309efebb,D02
504a10a1-9a0c-57c8-8462-ff31309efebb,D03
504a10a1-9a0c-57c8-8462-ff31309efebb,D04
504a10a1-9a0c-57c8-8462-ff31309efebb,D06
504a10a1-9a0c-57c8-8462-ff31309efebb,D07
504a10a1-9a0c-57c8-8462-ff31309efebb,A00
53b8c992-b682-5460-b314-3f9223fbd4e4,A00
53b8c992-b682-5460-b314-3f9223fbd4e4,A01
53b8c992-b682-5460-b314-3f9223fbd4e4,D01
53b8c992-b682-5460-b314-3f9223fbd4e4,D02
53b8c992-b682-5460-b314-3f9223fbd4e4,D03
53b8c992-b682-5460-b314-3f9223fbd4e4,D04
53b8c992-b682-5460-b314-3f9223fbd4e4,D06
53b8c992-b682-5460-b314-3f9223fbd4e4,D07
88900d17-afd7-539a-9815-606f9839a16a,A00
88900d17-afd7-539a-9815-606f9839a16a,A01
88900d17-afd7-539a-9815-606f9839a16a,D01
88900d17-afd7-539a-9815-606f9839a16a,D02
88900d17-afd7-539a-9815-606f9839a16a,D03
88900d17-afd7-539a-9815-606f9839a16a,D04
88900d17-afd7-539a-9815-606f9839a16a,D06
88900d17-afd7-539a-9815-606f9839a16a,D07
d55efebb-4f5d-5bd2-b5ee-fb4a298f6f66,A01
d55efebb-4f5d-5bd2-b5ee-fb4a298f6f66,D01
d55efebb-4f5d-5bd2-b5ee-fb4a298f6f66,D02
d55efebb-4f5d-5bd2-b5ee-fb4a298f6f66,D03
d55efebb-4f5d-5bd2-b5ee-fb4a298f6f66,D04
d55efebb-4f5d-5bd2-b5ee-fb4a298f6f66,D06
d55efebb-4f5d-5bd2-b5ee-fb4a298f6f66,D07
d55efebb-4f5d-5bd2-b5ee-fb4a298f6f66,A00
1e0b1bfe-b943-5965-99d4-af236970a19c,A01
1e0b1bfe-b943-5965-99d4-af236970a19c,D01
1e0b1bfe-b943-5965-99d4-af236970a19c,D02
1e0b1bfe-b943-5965-99d4-af236970a19c,D03
1e0b1bfe-b943-5965-99d4-af236970a19c,D04
1e0b1bfe-b943-5965-99d4-af236970a19c,D06
1e0b1bfe-b943-5965-99d4-af236970a19c,D07
1e0b1bfe-b943-5965-99d4-af236970a19c,A00
c1fedd82-102f-56ed-a187-69d65d314a91,A01
c1fedd82-102f-56ed-a187-69d65d314a91,D01
c1fedd82-102f-56ed-a187-69d65d314a91,D02
c1fedd82-102f-56ed-a187-69d65d314a91,D03
c1fedd82-102f-56ed-a187-69d65d314a91,D04
c1fedd82-102f-56ed-a187-69d65d314a91,D06
c1fedd82-102f-56ed-a187-69d65d314a91,D07
c1fedd82-102f-56ed-a187-69d65d314a91,A00
d62df768-7f6a-5eb3-a000-0a292775e43e,A00
d62df768-7f6a-5eb3-a000-0a292775e43e,A01
d62df768-7f6a-5eb3-a000-0a292775e43e,D01
d62df768-7f6a-5eb3-a000-0a292775e43e,D02
d62df768-7f6a-5eb3-a000-0a292775e43e,D03
d62df768-7f6a-5eb3-a000-0a292775e43e,D04
d62df768-7f6a-5eb3-a000-0a292775e43e,D06
d62df768-7f6a-5eb3-a000-0a292775e43e,D07
717b6b74-4fe7-53b0-92d0-8a82bc9a4769,A00
717b6b74-4fe7-53b0-92d0-8a82bc9a4769,A01
717b6b74-4fe7-53b0-92d0-8a82bc9a4769,D01
717b6b74-4fe7-53b0-92d0-8a82bc9a4769,D02
717b6b74-4fe7-53b0-92d0-8a82bc9a4769,D03
717b6b74-4fe7-53b0-92d0-8a82bc9a4769,D04
717b6b74-4fe7-53b0-92d0-8a82bc9a4769,D06
717b6b74-4fe7-53b0-92d0-8a82bc9a4769,D07
9df8d2c9-ff7f-532a-ae19-bf6cea954328,A00
9df8d2c9-ff7f-532a-ae19-bf6cea954328,A01
9df8d2c9-ff7f-532a-ae19-bf6cea954328,D01
9df8d2c9-ff7f-532a-ae19-bf6cea954328,D07
ff4d6751-9848-5263-8206-94fc071e7c23,A00
ff4d6751-9848-5263-8206-94fc071e7c23,A01
ff4d6751-9848-5263-8206-94fc071e7c23,D01
ff4d6751-9848-5263-8206-94fc071e7c23,D03
ff4d6751-9848-5263-8206-94fc071e7c23,D07
8e7f3bbe-8bc3-5cd8-9b42-6cdbba8e4553,A00
8e7f3bbe-8bc3-5cd8-9b42-6cdbba8e4553,A01
8e7f3bbe-8bc3-5cd8-9b42-6cdbba8e4553,D01
8e7f3bbe-8bc3-5cd8-9b42-6cdbba8e4553,D07
c8639aee-4595-5dd8-aec8-a78184129e09,D01
517c3f5a-1da7-5b54-8884-786db7585b58,A00
517c3f5a-1da7-5b54-8884-786db7585b58,A01
517c3f5a-1da7-5b54-8884-786db7585b58,D01
517c3f5a-1da7-5b54-8884-786db7585b58,D07
d4eb6158-4182-5b79-9864-50a06b057b5d,A00
d4eb6158-4182-5b79-9864-50a06b057b5d,A01
d4eb6158-4182-5b79-9864-50a06b057b5d,D01
d4eb6158-4182-5b79-9864-50a06b057b5d,D07
92bff708-06d7-5f4c-8fe5-de7ac808d8d5,A00
92bff708-06d7-5f4c-8fe5-de7ac808d8d5,A01
92bff708-06d7-5f4c-8fe5-de7ac808d8d5,D01
92bff708-06d7-5f4c-8fe5-de7ac808d8d5,D07
cfe4afd9-efed-5d4a-b1b3-2346518808bf,A00
cfe4afd9-efed-5d4a-b1b3-2346518808bf,A01
cfe4afd9-efed-5d4a-b1b3-2346518808bf,D01
cfe4afd9-efed-5d4a-b1b3-2346518808bf,D07
beeebf26-12e9-58ed-8207-dc676044e6ba,A00
beeebf26-12e9-58ed-8207-dc676044e6ba,A01
beeebf26-12e9-58ed-8207-dc676044e6ba,D01
beeebf26-12e9-58ed-8207-dc676044e6ba,D07
2bf91f1c-a715-5313-b132-1c736beb10e0,A00
2bf91f1c-a715-5313-b132-1c736beb10e0,A01
2bf91f1c-a715-5313-b132-1c736beb10e0,D01
2bf91f1c-a715-5313-b132-1c736beb10e0,D07
47922578-d330-58f8-990f-ee330e6e1cd0,A00
47922578-d330-58f8-990f-ee330e6e1cd0,A01
47922578-d330-58f8-990f-ee330e6e1cd0,D01
47922578-d330-58f8-990f-ee330e6e1cd0,D07
1d79113b-6323-53b8-9dd5-0e8d6891506e,A01
1d79113b-6323-53b8-9dd5-0e8d6891506e,D01
1d79113b-6323-53b8-9dd5-0e8d6891506e,D07
3b2585c0-fa46-54cd-b038-7cdc4abe2f01,A00
3b2585c0-fa46-54cd-b038-7cdc4abe2f01,A01
3b2585c0-fa46-54cd-b038-7cdc4abe2f01,D01
3b2585c0-fa46-54cd-b038-7cdc4abe2f01,D07
055ea82b-da1b-587a-8748-b22ccaebe248,A00
055ea82b-da1b-587a-8748-b22ccaebe248,A01
055ea82b-da1b-587a-8748-b22ccaebe248,D01
055ea82b-da1b-587a-8748-b22ccaebe248,D07
69248049-827b-5af4-9fc6-f5cc7436ec04,A00
69248049-827b-5af4-9fc6-f5cc7436ec04,A01
69248049-827b-5af4-9fc6-f5cc7436ec04,D01
69248049-827b-5af4-9fc6-f5cc7436ec04,D07
fa483e29-8e00-535d-b84d-68f8007f48f5,A00
fa483e29-8e00-535d-b84d-68f8007f48f5,A01
fa483e29-8e00-535d-b84d-68f8007f48f5,D01
fa483e29-8e00-535d-b84d-68f8007f48f5,D07
99f368c8-933f-57f2-8ddf-a1feac6b0282,A00
99f368c8-933f-57f2-8ddf-a1feac6b0282,A01
99f368c8-933f-57f2-8ddf-a1feac6b0282,D01
99f368c8-933f-57f2-8ddf-a1feac6b0282,D07
d45c2066-bf07-59e7-8ba3-a8b1622f6901,A00
d45c2066-bf07-59e7-8ba3-a8b1622f6901,A01
d45c2066-bf07-59e7-8ba3-a8b1622f6901,D01
d45c2066-bf07-59e7-8ba3-a8b1622f6901,D07
a587711c-82b9-5b95-bb4a-1027fbc7985d,A01
a587711c-82b9-5b95-bb4a-1027fbc7985d,D01
a587711c-82b9-5b95-bb4a-1027fbc7985d,D07
956b7520-c53e-542a-85f2-942beb0a676d,A00
956b7520-c53e-542a-85f2-942beb0a676d,A01
956b7520-c53e-542a-85f2-942beb0a676d,D01
956b7520-c53e-542a-85f2-942beb0a676d,D07
d910e6f3-2c20-5e7d-8c88-ba59b909c717,A00
d910e6f3-2c20-5e7d-8c88-ba59b909c717,A01
d910e6f3-2c20-5e7d-8c88-ba59b909c717,D01
d910e6f3-2c20-5e7d-8c88-ba59b909c717,D07
54f79158-0e20-501c-979e-3a88ecefb282,A01
54f79158-0e20-501c-979e-3a88ecefb282,D01
54f79158-0e20-501c-979e-3a88ecefb282,D07
5206a6b5-d6b3-5101-996d-58e729edffbd,A00
5206a6b5-d6b3-5101-996d-58e729edffbd,A01
5206a6b5-d6b3-5101-996d-58e729edffbd,D01
5206a6b5-d6b3-5101-996d-58e729edffbd,D07
c0f3c855-d028-543d-8342-1232a1104159,A00
c0f3c855-d028-543d-8342-1232a1104159,A01
c0f3c855-d028-543d-8342-1232a1104159,D01
c0f3c855-d028-543d-8342-1232a1104159,D03
309947dc-d8de-534c-8a26-0c76308edfd3,A00
309947dc-d8de-534c-8a26-0c76308edfd3,A01
309947dc-d8de-534c-8a26-0c76308edfd3,D01
309947dc-d8de-534c-8a26-0c76308edfd3,D04
c0af5621-d5f4-52af-8d68-12678b5ddb7e,A00
c0af5621-d5f4-52af-8d68-12678b5ddb7e,A01
c0af5621-d5f4-52af-8d68-12678b5ddb7e,D01
c0af5621-d5f4-52af-8d68-12678b5ddb7e,D07
1ab8ab86-b0c7-57a3-849e-fc20f649b1ae,A00
1ab8ab86-b0c7-57a3-849e-fc20f649b1ae,A01
1ab8ab86-b0c7-57a3-849e-fc20f649b1ae,D01
1ab8ab86-b0c7-57a3-849e-fc20f649b1ae,D07
16deff03-3b68-5d59-bcc7-755e5e7b81c2,A01
16deff03-3b68-5d59-bcc7-755e5e7b81c2,D01
16deff03-3b68-5d59-bcc7-755e5e7b81c2,D07
840cb5f5-1cea-5606-be75-68476f861dcf,A01
840cb5f5-1cea-5606-be75-68476f861dcf,D01
840cb5f5-1cea-5606-be75-68476f861dcf,D07
cf17977b-e3d8-57d2-8143-457c90d8a8b1,A00
cf17977b-e3d8-57d2-8143-457c90d8a8b1,A01
cf17977b-e3d8-57d2-8143-457c90d8a8b1,D01
cf17977b-e3d8-57d2-8143-457c90d8a8b1,D07
0cf5be25-f46d-5ec5-ab21-5bda0f1b524a,A00
0cf5be25-f46d-5ec5-ab21-5bda0f1b524a,A01
0cf5be25-f46d-5ec5-ab21-5bda0f1b524a,D01
0cf5be25-f46d-5ec5-ab21-5bda0f1b524a,D07
d20a3f8d-2965-5372-bb97-bc73a55df1d4,A00
d20a3f8d-2965-5372-bb97-bc73a55df1d4,A01
d20a3f8d-2965-5372-bb97-bc73a55df1d4,D01
d20a3f8d-2965-5372-bb97-bc73a55df1d4,D07
374ac49a-f286-5c1f-a86a-87a6216266a3,A00
374ac49a-f286-5c1f-a86a-87a6216266a3,A01
374ac49a-f286-5c1f-a86a-87a6216266a3,D01
374ac49a-f286-5c1f-a86a-87a6216266a3,D07
38861d64-8ca7-524e-baa1-d4bf8b8f8d4e,A00
38861d64-8ca7-524e-baa1-d4bf8b8f8d4e,A01
38861d64-8ca7-524e-baa1-d4bf8b8f8d4e,D01
38861d64-8ca7-524e-baa1-d4bf8b8f8d4e,D07
4c5fdf9a-8783-5820-9e03-4e602eda8b40,A00
4c5fdf9a-8783-5820-9e03-4e602eda8b40,A01
4c5fdf9a-8783-5820-9e03-4e602eda8b40,D01
4c5fdf9a-8783-5820-9e03-4e602eda8b40,D07
1d79113b-6323-53b8-9dd5-0e8d6891506e,A00
a587711c-82b9-5b95-bb4a-1027fbc7985d,A00
16deff03-3b68-5d59-bcc7-755e5e7b81c2,A00
840cb5f5-1cea-5606-be75-68476f861dcf,A00
f2308ec4-a940-5c32-8990-0653a3826a6c,A00
f2308ec4-a940-5c32-8990-0653a3826a6c,A01
f2308ec4-a940-5c32-8990-0653a3826a6c,D01
f2308ec4-a940-5c32-8990-0653a3826a6c,D07
d9d7f31c-5555-5754-a468-2253486ce08b,A00
d9d7f31c-5555-5754-a468-2253486ce08b,A01
d9d7f31c-5555-5754-a468-2253486ce08b,D01
d9d7f31c-5555-5754-a468-2253486ce08b,D07
1f21c8b9-3fe9-549e-a214-7984831c55ce,A00
1f21c8b9-3fe9-549e-a214-7984831c55ce,A01
1f21c8b9-3fe9-549e-a214-7984831c55ce,D01
1f21c8b9-3fe9-549e-a214-7984831c55ce,D07
56f4fdb4-6b2f-58ba-95fc-27997469cbf5,A00
56f4fdb4-6b2f-58ba-95fc-27997469cbf5,A01
56f4fdb4-6b2f-58ba-95fc-27997469cbf5,D01
56f4fdb4-6b2f-58ba-95fc-27997469cbf5,D07
51eadb2c-b1e3-558d-9f2e-0e0409280404,A00
51eadb2c-b1e3-558d-9f2e-0e0409280404,A01
51eadb2c-b1e3-558d-9f2e-0e0409280404,D01
51eadb2c-b1e3-558d-9f2e-0e0409280404,D07
8730d07f-942f-5f31-890e-e3c663b7dc6b,A00
8730d07f-942f-5f31-890e-e3c663b7dc6b,A01
8730d07f-942f-5f31-890e-e3c663b7dc6b,D01
8730d07f-942f-5f31-890e-e3c663b7dc6b,D07
677e9d4e-495c-5ba4-9149-06e1fb8f4ec1,A00
677e9d4e-495c-5ba4-9149-06e1fb8f4ec1,A01
677e9d4e-495c-5ba4-9149-06e1fb8f4ec1,D01
677e9d4e-495c-5ba4-9149-06e1fb8f4ec1,D07
d4eb6158-4182-5b79-9864-50a06b057b5d,D09
d4eb6158-4182-5b79-9864-50a06b057b5d,D10
d4eb6158-4182-5b79-9864-50a06b057b5d,X25
d4eb6158-4182-5b79-9864-50a06b057b5d,X26
d4eb6158-4182-5b79-9864-50a06b057b5d,X27
d4eb6158-4182-5b79-9864-50a06b057b5d,X28
beeebf26-12e9-58ed-8207-dc676044e6ba,D09
beeebf26-12e9-58ed-8207-dc676044e6ba,D10
beeebf26-12e9-58ed-8207-dc676044e6ba,X25
beeebf26-12e9-58ed-8207-dc676044e6ba,X26
beeebf26-12e9-58ed-8207-dc676044e6ba,X27
beeebf26-12e9-58ed-8207-dc676044e6ba,X28
1d79113b-6323-53b8-9dd5-0e8d6891506e,D09
1d79113b-6323-53b8-9dd5-0e8d6891506e,D10
1d79113b-6323-53b8-9dd5-0e8d6891506e,X25
1d79113b-6323-53b8-9dd5-0e8d6891506e,X26
1d79113b-6323-53b8-9dd5-0e8d6891506e,X27
1d79113b-6323-53b8-9dd5-0e8d6891506e,X28
69248049-827b-5af4-9fc6-f5cc7436ec04,D09
69248049-827b-5af4-9fc6-f5cc7436ec04,D10
69248049-827b-5af4-9fc6-f5cc7436ec04,X25
69248049-827b-5af4-9fc6-f5cc7436ec04,X26
69248049-827b-5af4-9fc6-f5cc7436ec04,X27
69248049-827b-5af4-9fc6-f5cc7436ec04,X28
99f368c8-933f-57f2-8ddf-a1feac6b0282,D09
99f368c8-933f-57f2-8ddf-a1feac6b0282,D10
99f368c8-933f-57f2-8ddf-a1feac6b0282,X25
99f368c8-933f-57f2-8ddf-a1feac6b0282,X26
99f368c8-933f-57f2-8ddf-a1feac6b0282,X27
99f368c8-933f-57f2-8ddf-a1feac6b0282,X28
956b7520-c53e-542a-85f2-942beb0a676d,D09
956b7520-c53e-542a-85f2-942beb0a676d,D10
956b7520-c53e-542a-85f2-942beb0a676d,X25
956b7520-c53e-542a-85f2-942beb0a676d,X26
956b7520-c53e-542a-85f2-942beb0a676d,X27
956b7520-c53e-542a-85f2-942beb0a676d,X28
54f79158-0e20-501c-979e-3a88ecefb282,D09
54f79158-0e20-501c-979e-3a88ecefb282,D10
54f79158-0e20-501c-979e-3a88ecefb282,X25
54f79158-0e20-501c-979e-3a88ecefb282,X26
54f79158-0e20-501c-979e-3a88ecefb282,X27
54f79158-0e20-501c-979e-3a88ecefb282,X28
c0f3c855-d028-543d-8342-1232a1104159,D07
c0f3c855-d028-543d-8342-1232a1104159,D09
c0f3c855-d028-543d-8342-1232a1104159,D10
c0f3c855-d028-543d-8342-1232a1104159,X25
c0f3c855-d028-543d-8342-1232a1104159,X26
c0f3c855-d028-543d-8342-1232a1104159,X27
c0f3c855-d028-543d-8342-1232a1104159,X28
309947dc-d8de-534c-8a26-0c76308edfd3,D07
1ab8ab86-b0c7-57a3-849e-fc20f649b1ae,D09
1ab8ab86-b0c7-57a3-849e-fc20f649b1ae,D10
1ab8ab86-b0c7-57a3-849e-fc20f649b1ae,X25
1ab8ab86-b0c7-57a3-849e-fc20f649b1ae,X26
1ab8ab86-b0c7-57a3-849e-fc20f649b1ae,X27
1ab8ab86-b0c7-57a3-849e-fc20f649b1ae,X28
840cb5f5-1cea-5606-be75-68476f861dcf,D09
840cb5f5-1cea-5606-be75-68476f861dcf,D10
840cb5f5-1cea-5606-be75-68476f861dcf,X25
840cb5f5-1cea-5606-be75-68476f861dcf,X26
840cb5f5-1cea-5606-be75-68476f861dcf,X27
840cb5f5-1cea-5606-be75-68476f861dcf,X28
d20a3f8d-2965-5372-bb97-bc73a55df1d4,D09
d20a3f8d-2965-5372-bb97-bc73a55df1d4,D10
d20a3f8d-2965-5372-bb97-bc73a55df1d4,X25
d20a3f8d-2965-5372-bb97-bc73a55df1d4,X26
d20a3f8d-2965-5372-bb97-bc73a55df1d4,X27
d20a3f8d-2965-5372-bb97-bc73a55df1d4,X28
38861d64-8ca7-524e-baa1-d4bf8b8f8d4e,D09
38861d64-8ca7-524e-baa1-d4bf8b8f8d4e,D10
38861d64-8ca7-524e-baa1-d4bf8b8f8d4e,X25
38861d64-8ca7-524e-baa1-d4bf8b8f8d4e,X26
38861d64-8ca7-524e-baa1-d4bf8b8f8d4e,X27
38861d64-8ca7-524e-baa1-d4bf8b8f8d4e,X28
56f4fdb4-6b2f-58ba-95fc-27997469cbf5,D09
56f4fdb4-6b2f-58ba-95fc-27997469cbf5,D10
56f4fdb4-6b2f-58ba-95fc-27997469cbf5,X25
56f4fdb4-6b2f-58ba-95fc-27997469cbf5,X26
56f4fdb4-6b2f-58ba-95fc-27997469cbf5,X27
56f4fdb4-6b2f-58ba-95fc-27997469cbf5,X28
677e9d4e-495c-5ba4-9149-06e1fb8f4ec1,D09
677e9d4e-495c-5ba4-9149-06e1fb8f4ec1,D10
677e9d4e-495c-5ba4-9149-06e1fb8f4ec1,X25
677e9d4e-495c-5ba4-9149-06e1fb8f4ec1,X26
677e9d4e-495c-5ba4-9149-06e1fb8f4ec1,X27
677e9d4e-495c-5ba4-9149-06e1fb8f4ec1,X28
35265400-40a6-5f8a-a521-0b8e05a137c4,A00
35265400-40a6-5f8a-a521-0b8e05a137c4,A01
35265400-40a6-5f8a-a521-0b8e05a137c4,D01
35265400-40a6-5f8a-a521-0b8e05a137c4,D07
ca2abc15-1a98-5f79-a123-1bbc24f424ca,A01
ca2abc15-1a98-5f79-a123-1bbc24f424ca,D01
ca2abc15-1a98-5f79-a123-1bbc24f424ca,D04
ca2abc15-1a98-5f79-a123-1bbc24f424ca,D07
1e79a745-9a92-5c90-ab40-7156dcbd825d,D04
7afbc3b7-4922-5823-9965-bf69bb0baed1,A00
7afbc3b7-4922-5823-9965-bf69bb0baed1,A01
7afbc3b7-4922-5823-9965-bf69bb0baed1,D01
7afbc3b7-4922-5823-9965-bf69bb0baed1,D03
7afbc3b7-4922-5823-9965-bf69bb0baed1,D07
719c5976-3f3a-530f-a438-9879fba92ce8,A01
719c5976-3f3a-530f-a438-9879fba92ce8,D01
719c5976-3f3a-530f-a438-9879fba92ce8,D07
719c5976-3f3a-530f-a438-9879fba92ce8,D09
719c5976-3f3a-530f-a438-9879fba92ce8,D10
719c5976-3f3a-530f-a438-9879fba92ce8,X25
719c5976-3f3a-530f-a438-9879fba92ce8,X26
719c5976-3f3a-530f-a438-9879fba92ce8,X27
719c5976-3f3a-530f-a438-9879fba92ce8,X28
10a997b5-53f1-55f4-b0fb-e62675fd9eee,A01
10a997b5-53f1-55f4-b0fb-e62675fd9eee,D01
10a997b5-53f1-55f4-b0fb-e62675fd9eee,D07
10a997b5-53f1-55f4-b0fb-e62675fd9eee,D09
10a997b5-53f1-55f4-b0fb-e62675fd9eee,D10
10a997b5-53f1-55f4-b0fb-e62675fd9eee,X25
10a997b5-53f1-55f4-b0fb-e62675fd9eee,X26
10a997b5-53f1-55f4-b0fb-e62675fd9eee,X27
10a997b5-53f1-55f4-b0fb-e62675fd9eee,X28
6a0d8d57-1e24-51fe-b432-4b11748949ae,A01
6a0d8d57-1e24-51fe-b432-4b11748949ae,D01
6a0d8d57-1e24-51fe-b432-4b11748949ae,D07
6a0d8d57-1e24-51fe-b432-4b11748949ae,D09
6a0d8d57-1e24-51fe-b432-4b11748949ae,D10
6a0d8d57-1e24-51fe-b432-4b11748949ae,X25
6a0d8d57-1e24-51fe-b432-4b11748949ae,X26
6a0d8d57-1e24-51fe-b432-4b11748949ae,X27
6a0d8d57-1e24-51fe-b432-4b11748949ae,X28
eddbdd31-5102-54db-b65c-b5b26daaf5fc,A01
eddbdd31-5102-54db-b65c-b5b26daaf5fc,D01
eddbdd31-5102-54db-b65c-b5b26daaf5fc,D09
eddbdd31-5102-54db-b65c-b5b26daaf5fc,D10
aa712c04-67cd-576d-8a0f-7e83db1f313b,A00
aa712c04-67cd-576d-8a0f-7e83db1f313b,A01
aa712c04-67cd-576d-8a0f-7e83db1f313b,D01
aa712c04-67cd-576d-8a0f-7e83db1f313b,D07
d6a261da-05c3-5206-9967-789a7bd6516d,A00
d6a261da-05c3-5206-9967-789a7bd6516d,A01
d6a261da-05c3-5206-9967-789a7bd6516d,B00
d6a261da-05c3-5206-9967-789a7bd6516d,D01
a6aa4980-cce8-5fc9-9a60-6b8a222154c3,A00
a6aa4980-cce8-5fc9-9a60-6b8a222154c3,A01
a6aa4980-cce8-5fc9-9a60-6b8a222154c3,D01
a6aa4980-cce8-5fc9-9a60-6b8a222154c3,D07
74996915-90bd-554d-a9f7-603bab3f38a8,A00
74996915-90bd-554d-a9f7-603bab3f38a8,A01
74996915-90bd-554d-a9f7-603bab3f38a8,D01
74996915-90bd-554d-a9f7-603bab3f38a8,D07
fcf8a187-66c3-5f35-87af-d919a11d107f,A00
fcf8a187-66c3-5f35-87af-d919a11d107f,A01
fcf8a187-66c3-5f35-87af-d919a11d107f,D01
fcf8a187-66c3-5f35-87af-d919a11d107f,D07
756f33cd-6891-5ebd-9966-57e1e830aecc,A00
756f33cd-6891-5ebd-9966-57e1e830aecc,A01
756f33cd-6891-5ebd-9966-57e1e830aecc,D01
756f33cd-6891-5ebd-9966-57e1e830aecc,D07
57e03b2e-a250-5776-a464-c320bc87ac6a,A01
57e03b2e-a250-5776-a464-c320bc87ac6a,C03
57e03b2e-a250-5776-a464-c320bc87ac6a,C04
57e03b2e-a250-5776-a464-c320bc87ac6a,D01
b7c9bf71-a441-5e8f-b468-81e4e6b67783,A00
b7c9bf71-a441-5e8f-b468-81e4e6b67783,A01
b7c9bf71-a441-5e8f-b468-81e4e6b67783,D01
b7c9bf71-a441-5e8f-b468-81e4e6b67783,D07
94d1f37c-8465-5453-b26c-d09ace3a454d,A00
94d1f37c-8465-5453-b26c-d09ace3a454d,A01
94d1f37c-8465-5453-b26c-d09ace3a454d,D01
94d1f37c-8465-5453-b26c-d09ace3a454d,D07
2fac890d-070d-5153-8a59-462efcc107a2,A00
2fac890d-070d-5153-8a59-462efcc107a2,A01
2fac890d-070d-5153-8a59-462efcc107a2,D01
2fac890d-070d-5153-8a59-462efcc107a2,D07
f7bd921e-c3cc-55bf-9edd-29fd5d3fe6a7,A00
f7bd921e-c3cc-55bf-9edd-29fd5d3fe6a7,A01
f7bd921e-c3cc-55bf-9edd-29fd5d3fe6a7,D01
f7bd921e-c3cc-55bf-9edd-29fd5d3fe6a7,D07
043c460d-f739-5de0-8715-0eea3614be27,A00
043c460d-f739-5de0-8715-0eea3614be27,A01
043c460d-f739-5de0-8715-0eea3614be27,D01
043c460d-f739-5de0-8715-0eea3614be27,D07
4625fd53-5903-5b27-85f7-4ca49dccb207,A00
4625fd53-5903-5b27-85f7-4ca49dccb207,A01
4625fd53-5903-5b27-85f7-4ca49dccb207,D01
4625fd53-5903-5b27-85f7-4ca49dccb207,D07
26445a3d-d392-5809-a01a-f08534e8af7c,A00
26445a3d-d392-5809-a01a-f08534e8af7c,A01
26445a3d-d392-5809-a01a-f08534e8af7c,D01
26445a3d-d392-5809-a01a-f08534e8af7c,D07
fb70777c-5d53-5ab7-aea5-ea1684071ccb,A00
fb70777c-5d53-5ab7-aea5-ea1684071ccb,A01
fb70777c-5d53-5ab7-aea5-ea1684071ccb,D01
fb70777c-5d53-5ab7-aea5-ea1684071ccb,D07
3a098d43-9ead-5ee2-af26-07cd5d273b37,A00
3a098d43-9ead-5ee2-af26-07cd5d273b37,A01
3a098d43-9ead-5ee2-af26-07cd5d273b37,D01
3a098d43-9ead-5ee2-af26-07cd5d273b37,D07
e1546e70-862e-500b-8066-f01a45678010,A00
e1546e70-862e-500b-8066-f01a45678010,A01
e1546e70-862e-500b-8066-f01a45678010,D01
e1546e70-862e-500b-8066-f01a45678010,D07
06765ec8-fb2e-5c0a-a085-1ddb049bcbc8,A00
06765ec8-fb2e-5c0a-a085-1ddb049bcbc8,A01
06765ec8-fb2e-5c0a-a085-1ddb049bcbc8,D01
06765ec8-fb2e-5c0a-a085-1ddb049bcbc8,D07
f6343f04-428c-5914-a6b1-b1673e6a0662,A00
f6343f04-428c-5914-a6b1-b1673e6a0662,A01
f6343f04-428c-5914-a6b1-b1673e6a0662,D01
f6343f04-428c-5914-a6b1-b1673e6a0662,D07
36815925-f751-54ca-b1e6-8eb0023def0d,A00
36815925-f751-54ca-b1e6-8eb0023def0d,A01
36815925-f751-54ca-b1e6-8eb0023def0d,D01
36815925-f751-54ca-b1e6-8eb0023def0d,D07
6cc7dfab-b68c-54be-8ad1-0fac4bda9782,A00
6cc7dfab-b68c-54be-8ad1-0fac4bda9782,A01
6cc7dfab-b68c-54be-8ad1-0fac4bda9782,B00
6cc7dfab-b68c-54be-8ad1-0fac4bda9782,D01
30f2a837-4e9b-54cc-a39d-7241d040a8f3,A00
30f2a837-4e9b-54cc-a39d-7241d040a8f3,A01
30f2a837-4e9b-54cc-a39d-7241d040a8f3,D01
30f2a837-4e9b-54cc-a39d-7241d040a8f3,D07
4d47b1f2-45e8-506f-8603-834bafb63fe0,A00
4d47b1f2-45e8-506f-8603-834bafb63fe0,A01
4d47b1f2-45e8-506f-8603-834bafb63fe0,D01
4d47b1f2-45e8-506f-8603-834bafb63fe0,D07
601892a7-f73c-5e23-b6d6-2c0e3a84f4ce,A00
601892a7-f73c-5e23-b6d6-2c0e3a84f4ce,A01
601892a7-f73c-5e23-b6d6-2c0e3a84f4ce,D01
601892a7-f73c-5e23-b6d6-2c0e3a84f4ce,D07
f0039c39-f0ba-5bc7-8673-8b6c63fef7fe,A00
f0039c39-f0ba-5bc7-8673-8b6c63fef7fe,A01
f0039c39-f0ba-5bc7-8673-8b6c63fef7fe,D01
f0039c39-f0ba-5bc7-8673-8b6c63fef7fe,D07
c0f8b0eb-a32a-5c57-b89b-0cc52ef59b3a,A00
c0f8b0eb-a32a-5c57-b89b-0cc52ef59b3a,A01
c0f8b0eb-a32a-5c57-b89b-0cc52ef59b3a,D01
c0f8b0eb-a32a-5c57-b89b-0cc52ef59b3a,D07
4dc60f63-a628-5269-9a5c-05f34bdb2bd0,A00
4dc60f63-a628-5269-9a5c-05f34bdb2bd0,A01
4dc60f63-a628-5269-9a5c-05f34bdb2bd0,B00
4dc60f63-a628-5269-9a5c-05f34bdb2bd0,D01
93f5a5a7-37b0-5ca4-8568-ace82765f445,A00
93f5a5a7-37b0-5ca4-8568-ace82765f445,A01
93f5a5a7-37b0-5ca4-8568-ace82765f445,B00
93f5a5a7-37b0-5ca4-8568-ace82765f445,D01
3eec0af8-36b2-5556-bae4-fdbaeb37fb3e,A00
3eec0af8-36b2-5556-bae4-fdbaeb37fb3e,A01
3eec0af8-36b2-5556-bae4-fdbaeb37fb3e,D01
3eec0af8-36b2-5556-bae4-fdbaeb37fb3e,D07
adb5fe98-703d-56ca-8e6e-a76721f9a963,A00
adb5fe98-703d-56ca-8e6e-a76721f9a963,A01
adb5fe98-703d-56ca-8e6e-a76721f9a963,D01
adb5fe98-703d-56ca-8e6e-a76721f9a963,D07
63f71498-a92f-5875-a064-5b957f2579cb,A00
63f71498-a92f-5875-a064-5b957f2579cb,A01
63f71498-a92f-5875-a064-5b957f2579cb,D01
63f71498-a92f-5875-a064-5b957f2579cb,D07
e4f97efb-98c3-5adf-a849-99f6e89a55e9,A00
e4f97efb-98c3-5adf-a849-99f6e89a55e9,A01
e4f97efb-98c3-5adf-a849-99f6e89a55e9,B00
e4f97efb-98c3-5adf-a849-99f6e89a55e9,D01
e7c57488-f8ba-5411-afe8-fdcdbe9df3ff,A00
e7c57488-f8ba-5411-afe8-fdcdbe9df3ff,A01
e7c57488-f8ba-5411-afe8-fdcdbe9df3ff,D01
e7c57488-f8ba-5411-afe8-fdcdbe9df3ff,D07
d4223bd4-7f9a-504d-9a9c-5054ec5bbd46,A00
d4223bd4-7f9a-504d-9a9c-5054ec5bbd46,A01
d4223bd4-7f9a-504d-9a9c-5054ec5bbd46,D01
d4223bd4-7f9a-504d-9a9c-5054ec5bbd46,D07
60e937b2-88d1-590a-ae0b-c4c95a35092d,A00
60e937b2-88d1-590a-ae0b-c4c95a35092d,A01
60e937b2-88d1-590a-ae0b-c4c95a35092d,D01
60e937b2-88d1-590a-ae0b-c4c95a35092d,D07
a17ea75b-dfb8-5785-81e2-8c8e35e69d6e,A00
a17ea75b-dfb8-5785-81e2-8c8e35e69d6e,A01
a17ea75b-dfb8-5785-81e2-8c8e35e69d6e,D01
a17ea75b-dfb8-5785-81e2-8c8e35e69d6e,D07
3c23c4da-a345-5102-a477-a0105f780321,A00
3c23c4da-a345-5102-a477-a0105f780321,A01
3c23c4da-a345-5102-a477-a0105f780321,D01
3c23c4da-a345-5102-a477-a0105f780321,D07
8bc7fecc-bca9-56fd-9635-d921a74621ba,A01
8bc7fecc-bca9-56fd-9635-d921a74621ba,D01
8bc7fecc-bca9-56fd-9635-d921a74621ba,D07
8bc7fecc-bca9-56fd-9635-d921a74621ba,D09
88e9bb01-69df-591d-b13b-7ec13f3d9bea,A00
88e9bb01-69df-591d-b13b-7ec13f3d9bea,A01
88e9bb01-69df-591d-b13b-7ec13f3d9bea,D01
88e9bb01-69df-591d-b13b-7ec13f3d9bea,D07
e866dd2e-8a34-5094-b581-425383998cfc,A00
e866dd2e-8a34-5094-b581-425383998cfc,A01
e866dd2e-8a34-5094-b581-425383998cfc,D01
e866dd2e-8a34-5094-b581-425383998cfc,D07
2759bb0a-9fea-5a2e-b09f-2f75185a3019,A00
2759bb0a-9fea-5a2e-b09f-2f75185a3019,A01
2759bb0a-9fea-5a2e-b09f-2f75185a3019,D01
2759bb0a-9fea-5a2e-b09f-2f75185a3019,D07
74f2c21b-e332-5e88-86b8-56f9e65a8476,A00
74f2c21b-e332-5e88-86b8-56f9e65a8476,A01
74f2c21b-e332-5e88-86b8-56f9e65a8476,D01
74f2c21b-e332-5e88-86b8-56f9e65a8476,D07
951a2078-1a16-5836-854c-952c7c814392,A00
951a2078-1a16-5836-854c-952c7c814392,A01
951a2078-1a16-5836-854c-952c7c814392,D01
951a2078-1a16-5836-854c-952c7c814392,D07
dd07671a-f0fc-5e91-a6b2-c55e20b0cc0d,A01
dd07671a-f0fc-5e91-a6b2-c55e20b0cc0d,D01
dd07671a-f0fc-5e91-a6b2-c55e20b0cc0d,D07
dd07671a-f0fc-5e91-a6b2-c55e20b0cc0d,D10
4cf2f402-588d-5b91-b438-6aac6fc912de,A01
4cf2f402-588d-5b91-b438-6aac6fc912de,D01
4cf2f402-588d-5b91-b438-6aac6fc912de,D07
4cf2f402-588d-5b91-b438-6aac6fc912de,D10
3098446e-a151-5fcc-8fbc-32e006ced592,A00
3098446e-a151-5fcc-8fbc-32e006ced592,A01
3098446e-a151-5fcc-8fbc-32e006ced592,D01
3098446e-a151-5fcc-8fbc-32e006ced592,D07
6dad1737-63d0-54c3-9c65-4784c40a0227,A01
6dad1737-63d0-54c3-9c65-4784c40a0227,D01
6dad1737-63d0-54c3-9c65-4784c40a0227,D07
6dad1737-63d0-54c3-9c65-4784c40a0227,D10
7280e03f-48ec-5dac-bcd4-19856a85c740,A01
7280e03f-48ec-5dac-bcd4-19856a85c740,D01
7280e03f-48ec-5dac-bcd4-19856a85c740,D09
7280e03f-48ec-5dac-bcd4-19856a85c740,D10
b3941a73-9b5e-51d3-9b1f-20206ada1ae1,A00
b3941a73-9b5e-51d3-9b1f-20206ada1ae1,A01
b3941a73-9b5e-51d3-9b1f-20206ada1ae1,D01
b3941a73-9b5e-51d3-9b1f-20206ada1ae1,D07
d4cdcada-907b-572c-8666-2ea113fd5214,A00
d4cdcada-907b-572c-8666-2ea113fd5214,A01
d4cdcada-907b-572c-8666-2ea113fd5214,D01
d4cdcada-907b-572c-8666-2ea113fd5214,D07
d8f97b9f-8267-551d-b2ce-68d184a1cc7e,A01
d8f97b9f-8267-551d-b2ce-68d184a1cc7e,D01
d8f97b9f-8267-551d-b2ce-68d184a1cc7e,D07
d8f97b9f-8267-551d-b2ce-68d184a1cc7e,D10
0fcd1719-9f83-5939-9a57-f54bf53c2fb3,A00
0fcd1719-9f83-5939-9a57-f54bf53c2fb3,A01
0fcd1719-9f83-5939-9a57-f54bf53c2fb3,D01
0fcd1719-9f83-5939-9a57-f54bf53c2fb3,D07
4167ed3f-849d-5dae-997d-8f6ceb615b57,A01
4167ed3f-849d-5dae-997d-8f6ceb615b57,D01
4167ed3f-849d-5dae-997d-8f6ceb615b57,D07
4167ed3f-849d-5dae-997d-8f6ceb615b57,D09
49953b80-c47d-5f03-9a8e-503a3d4a9a0d,A00
49953b80-c47d-5f03-9a8e-503a3d4a9a0d,A01
49953b80-c47d-5f03-9a8e-503a3d4a9a0d,D01
49953b80-c47d-5f03-9a8e-503a3d4a9a0d,D07
487ebdad-de5b-5ab1-8cea-3b38645983fb,A00
487ebdad-de5b-5ab1-8cea-3b38645983fb,A01
487ebdad-de5b-5ab1-8cea-3b38645983fb,D01
487ebdad-de5b-5ab1-8cea-3b38645983fb,D07
7ee811ca-0458-5320-a5c2-61acfe54f44a,A00
7ee811ca-0458-5320-a5c2-61acfe54f44a,A01
7ee811ca-0458-5320-a5c2-61acfe54f44a,D01
7ee811ca-0458-5320-a5c2-61acfe54f44a,D07
56904c65-ff57-5eb0-a335-b89fa96a2f1c,A00
56904c65-ff57-5eb0-a335-b89fa96a2f1c,A01
56904c65-ff57-5eb0-a335-b89fa96a2f1c,D01
56904c65-ff57-5eb0-a335-b89fa96a2f1c,D07
8bc7fecc-bca9-56fd-9635-d921a74621ba,A00
b3d64516-3d32-5f4e-98e1-6ce6e4cffc05,A00
b3d64516-3d32-5f4e-98e1-6ce6e4cffc05,A01
b3d64516-3d32-5f4e-98e1-6ce6e4cffc05,D07
b3d64516-3d32-5f4e-98e1-6ce6e4cffc05,D09
4b03e8f9-ec27-5c5d-b51f-eea314567506,A00
4b03e8f9-ec27-5c5d-b51f-eea314567506,A01
4b03e8f9-ec27-5c5d-b51f-eea314567506,D07
4b03e8f9-ec27-5c5d-b51f-eea314567506,D09
822e1bc6-b787-58d3-aa0e-e562ce61d28f,A00
822e1bc6-b787-58d3-aa0e-e562ce61d28f,A01
822e1bc6-b787-58d3-aa0e-e562ce61d28f,D07
822e1bc6-b787-58d3-aa0e-e562ce61d28f,D09
abec8927-9f82-518b-854c-ff3b5b685023,A00
abec8927-9f82-518b-854c-ff3b5b685023,A01
abec8927-9f82-518b-854c-ff3b5b685023,D07
abec8927-9f82-518b-854c-ff3b5b685023,D09
75df8d3b-a995-5d7f-b9b6-60e4e4a4d8b3,A00
75df8d3b-a995-5d7f-b9b6-60e4e4a4d8b3,A01
75df8d3b-a995-5d7f-b9b6-60e4e4a4d8b3,D07
75df8d3b-a995-5d7f-b9b6-60e4e4a4d8b3,D09
7843c6b4-4e25-58ed-90b3-c4f6f47e00ec,A00
7843c6b4-4e25-58ed-90b3-c4f6f47e00ec,A01
7843c6b4-4e25-58ed-90b3-c4f6f47e00ec,D07
7843c6b4-4e25-58ed-90b3-c4f6f47e00ec,D09
e6ecbc73-5c70-53ea-a79d-5584daed799f,A00
e6ecbc73-5c70-53ea-a79d-5584daed799f,A01
e6ecbc73-5c70-53ea-a79d-5584daed799f,D07
e6ecbc73-5c70-53ea-a79d-5584daed799f,D09
b3d64516-3d32-5f4e-98e1-6ce6e4cffc05,D01
4b03e8f9-ec27-5c5d-b51f-eea314567506,D01
822e1bc6-b787-58d3-aa0e-e562ce61d28f,D01
abec8927-9f82-518b-854c-ff3b5b685023,D01
75df8d3b-a995-5d7f-b9b6-60e4e4a4d8b3,D01
7843c6b4-4e25-58ed-90b3-c4f6f47e00ec,D01
e6ecbc73-5c70-53ea-a79d-5584daed799f,D01
d6a261da-05c3-5206-9967-789a7bd6516d,D07
6cc7dfab-b68c-54be-8ad1-0fac4bda9782,D07
a8a48947-af69-5be7-9f69-50be7db4cf19,A00
a8a48947-af69-5be7-9f69-50be7db4cf19,A01
a8a48947-af69-5be7-9f69-50be7db4cf19,D01
a8a48947-af69-5be7-9f69-50be7db4cf19,D07
345790b8-5653-57f8-b993-8414dbd1d5ab,A00
345790b8-5653-57f8-b993-8414dbd1d5ab,A01
345790b8-5653-57f8-b993-8414dbd1d5ab,D01
345790b8-5653-57f8-b993-8414dbd1d5ab,D07
4dc60f63-a628-5269-9a5c-05f34bdb2bd0,D07
93f5a5a7-37b0-5ca4-8568-ace82765f445,D07
e4f97efb-98c3-5adf-a849-99f6e89a55e9,D07
ff236392-72d2-52e8-a0a6-dee19dd123ad,A00
ff236392-72d2-52e8-a0a6-dee19dd123ad,A01
ff236392-72d2-52e8-a0a6-dee19dd123ad,D01
ff236392-72d2-52e8-a0a6-dee19dd123ad,D07
5160fe3f-2e22-5899-8638-11ecbe5a4a14,A00
5160fe3f-2e22-5899-8638-11ecbe5a4a14,A01
5160fe3f-2e22-5899-8638-11ecbe5a4a14,D01
5160fe3f-2e22-5899-8638-11ecbe5a4a14,D07
cdb9269d-98ef-5b34-873e-189b03536ddf,A00
cdb9269d-98ef-5b34-873e-189b03536ddf,A01
cdb9269d-98ef-5b34-873e-189b03536ddf,D01
cdb9269d-98ef-5b34-873e-189b03536ddf,D07
3ee2f6f3-45f1-5bfc-9d3d-248980e452f4,A01
3ee2f6f3-45f1-5bfc-9d3d-248980e452f4,D01
3ee2f6f3-45f1-5bfc-9d3d-248980e452f4,D09
3ee2f6f3-45f1-5bfc-9d3d-248980e452f4,D10
eddbdd31-5102-54db-b65c-b5b26daaf5fc,A00
eddbdd31-5102-54db-b65c-b5b26daaf5fc,D07
03be187b-0a77-59c1-a32b-9becb15c147d,A00
03be187b-0a77-59c1-a32b-9becb15c147d,A01
03be187b-0a77-59c1-a32b-9becb15c147d,D01
03be187b-0a77-59c1-a32b-9becb15c147d,D07
f1928c4f-48cc-57a7-aa4a-4d90d9f32644,A00
f1928c4f-48cc-57a7-aa4a-4d90d9f32644,A01
f1928c4f-48cc-57a7-aa4a-4d90d9f32644,D01
f1928c4f-48cc-57a7-aa4a-4d90d9f32644,D07
20b536c8-59d5-5868-b14a-d90e479e4257,A00
20b536c8-59d5-5868-b14a-d90e479e4257,A01
20b536c8-59d5-5868-b14a-d90e479e4257,D01
20b536c8-59d5-5868-b14a-d90e479e4257,D07
57e03b2e-a250-5776-a464-c320bc87ac6a,A00
57e03b2e-a250-5776-a464-c320bc87ac6a,D07
b3af90c8-68b9-57ef-9a04-6e1d67dc725b,A00
b3af90c8-68b9-57ef-9a04-6e1d67dc725b,A01
b3af90c8-68b9-57ef-9a04-6e1d67dc725b,D01
b3af90c8-68b9-57ef-9a04-6e1d67dc725b,D07
27be2c96-1945-5634-a7de-af3a7014e870,A00
27be2c96-1945-5634-a7de-af3a7014e870,A01
27be2c96-1945-5634-a7de-af3a7014e870,D01
27be2c96-1945-5634-a7de-af3a7014e870,D07
bc5ab685-6872-5434-93b8-5508196222b8,A00
bc5ab685-6872-5434-93b8-5508196222b8,A01
bc5ab685-6872-5434-93b8-5508196222b8,D01
bc5ab685-6872-5434-93b8-5508196222b8,D07
d38fa076-f8bb-5819-b0d4-41d13ff58f7a,A00
d38fa076-f8bb-5819-b0d4-41d13ff58f7a,A01
d38fa076-f8bb-5819-b0d4-41d13ff58f7a,D01
d38fa076-f8bb-5819-b0d4-41d13ff58f7a,D07
966b434c-8fbf-5ba0-9678-d0854a1d330d,A00
966b434c-8fbf-5ba0-9678-d0854a1d330d,A01
966b434c-8fbf-5ba0-9678-d0854a1d330d,D01
966b434c-8fbf-5ba0-9678-d0854a1d330d,D07
fe342ae2-b2bb-5d18-87c5-b44e85d5ccc7,A00
fe342ae2-b2bb-5d18-87c5-b44e85d5ccc7,A01
fe342ae2-b2bb-5d18-87c5-b44e85d5ccc7,D01
fe342ae2-b2bb-5d18-87c5-b44e85d5ccc7,D07
10469717-eee3-5951-bd5a-5d8b021cf5cd,A00
10469717-eee3-5951-bd5a-5d8b021cf5cd,A01
10469717-eee3-5951-bd5a-5d8b021cf5cd,D01
10469717-eee3-5951-bd5a-5d8b021cf5cd,D07
d9060a21-4646-55bd-9071-ea101f53f109,A00
d9060a21-4646-55bd-9071-ea101f53f109,A01
d9060a21-4646-55bd-9071-ea101f53f109,D01
d9060a21-4646-55bd-9071-ea101f53f109,D07
d5748bf9-10ba-5bda-bc72-4a5eae0e5d9f,A00
d5748bf9-10ba-5bda-bc72-4a5eae0e5d9f,A01
d5748bf9-10ba-5bda-bc72-4a5eae0e5d9f,D01
d5748bf9-10ba-5bda-bc72-4a5eae0e5d9f,D07
b694f08e-1cc2-5aa7-9ea5-bc93e918d9d0,A00
b694f08e-1cc2-5aa7-9ea5-bc93e918d9d0,A01
b694f08e-1cc2-5aa7-9ea5-bc93e918d9d0,D01
b694f08e-1cc2-5aa7-9ea5-bc93e918d9d0,D07
0a773fc7-34c7-578f-ba1f-8ebd2d5cb52b,A00
0a773fc7-34c7-578f-ba1f-8ebd2d5cb52b,A01
0a773fc7-34c7-578f-ba1f-8ebd2d5cb52b,D01
0a773fc7-34c7-578f-ba1f-8ebd2d5cb52b,D07
90f35ddf-4283-54f4-b561-43bc8db7281b,A00
90f35ddf-4283-54f4-b561-43bc8db7281b,A01
90f35ddf-4283-54f4-b561-43bc8db7281b,D01
90f35ddf-4283-54f4-b561-43bc8db7281b,D07
0c1ea674-ecb6-5c5d-8367-577542a2cfda,A00
0c1ea674-ecb6-5c5d-8367-577542a2cfda,A01
0c1ea674-ecb6-5c5d-8367-577542a2cfda,D01
0c1ea674-ecb6-5c5d-8367-577542a2cfda,D07
4c0e660d-5208-5130-aedd-e615d4de07a5,A00
4c0e660d-5208-5130-aedd-e615d4de07a5,A01
4c0e660d-5208-5130-aedd-e615d4de07a5,D01
4c0e660d-5208-5130-aedd-e615d4de07a5,D07
5a729095-8685-5cde-a5d9-eec83785c7e3,A00
5a729095-8685-5cde-a5d9-eec83785c7e3,A01
5a729095-8685-5cde-a5d9-eec83785c7e3,D01
5a729095-8685-5cde-a5d9-eec83785c7e3,D07
1fb627ce-dd41-5cf6-9cd5-478bdaa585f1,A00
1fb627ce-dd41-5cf6-9cd5-478bdaa585f1,A01
1fb627ce-dd41-5cf6-9cd5-478bdaa585f1,D01
1fb627ce-dd41-5cf6-9cd5-478bdaa585f1,D07
b5c82eab-f1d6-510f-b15b-f2e201eba418,A00
b5c82eab-f1d6-510f-b15b-f2e201eba418,A01
b5c82eab-f1d6-510f-b15b-f2e201eba418,D01
b5c82eab-f1d6-510f-b15b-f2e201eba418,D07
c64958f8-a74d-5919-9eba-fe55afd34959,A00
c64958f8-a74d-5919-9eba-fe55afd34959,A01
c64958f8-a74d-5919-9eba-fe55afd34959,D01
c64958f8-a74d-5919-9eba-fe55afd34959,D07
8821c490-e793-55f8-ad48-a51e78fe4ada,A00
8821c490-e793-55f8-ad48-a51e78fe4ada,A01
8821c490-e793-55f8-ad48-a51e78fe4ada,D01
8821c490-e793-55f8-ad48-a51e78fe4ada,D07
dd07671a-f0fc-5e91-a6b2-c55e20b0cc0d,A00
4cf2f402-588d-5b91-b438-6aac6fc912de,A00
6dad1737-63d0-54c3-9c65-4784c40a0227,A00
7280e03f-48ec-5dac-bcd4-19856a85c740,A00
7280e03f-48ec-5dac-bcd4-19856a85c740,D07
d8f97b9f-8267-551d-b2ce-68d184a1cc7e,A00
3ee2f6f3-45f1-5bfc-9d3d-248980e452f4,A00
3ee2f6f3-45f1-5bfc-9d3d-248980e452f4,D07
eddbdd31-5102-54db-b65c-b5b26daaf5fc,Q00
49953b80-c47d-5f03-9a8e-503a3d4a9a0d,Q00
487ebdad-de5b-5ab1-8cea-3b38645983fb,Q00
7ee811ca-0458-5320-a5c2-61acfe54f44a,Q00
d6a261da-05c3-5206-9967-789a7bd6516d,Q00
03be187b-0a77-59c1-a32b-9becb15c147d,Q00
a6aa4980-cce8-5fc9-9a60-6b8a222154c3,Q00
f1928c4f-48cc-57a7-aa4a-4d90d9f32644,Q00
74996915-90bd-554d-a9f7-603bab3f38a8,Q00
20b536c8-59d5-5868-b14a-d90e479e4257,Q00
fcf8a187-66c3-5f35-87af-d919a11d107f,Q00
756f33cd-6891-5ebd-9966-57e1e830aecc,Q00
57e03b2e-a250-5776-a464-c320bc87ac6a,Q00
b3af90c8-68b9-57ef-9a04-6e1d67dc725b,Q00
b7c9bf71-a441-5e8f-b468-81e4e6b67783,Q00
27be2c96-1945-5634-a7de-af3a7014e870,Q00
bc5ab685-6872-5434-93b8-5508196222b8,Q00
94d1f37c-8465-5453-b26c-d09ace3a454d,Q00
d38fa076-f8bb-5819-b0d4-41d13ff58f7a,Q00
2fac890d-070d-5153-8a59-462efcc107a2,Q00
f7bd921e-c3cc-55bf-9edd-29fd5d3fe6a7,Q00
966b434c-8fbf-5ba0-9678-d0854a1d330d,Q00
fe342ae2-b2bb-5d18-87c5-b44e85d5ccc7,Q00
043c460d-f739-5de0-8715-0eea3614be27,Q00
4625fd53-5903-5b27-85f7-4ca49dccb207,Q00
10469717-eee3-5951-bd5a-5d8b021cf5cd,Q00
56904c65-ff57-5eb0-a335-b89fa96a2f1c,Q00
d9060a21-4646-55bd-9071-ea101f53f109,Q00
d5748bf9-10ba-5bda-bc72-4a5eae0e5d9f,Q00
b694f08e-1cc2-5aa7-9ea5-bc93e918d9d0,Q00
0a773fc7-34c7-578f-ba1f-8ebd2d5cb52b,Q00
26445a3d-d392-5809-a01a-f08534e8af7c,Q00
90f35ddf-4283-54f4-b561-43bc8db7281b,Q00
fb70777c-5d53-5ab7-aea5-ea1684071ccb,Q00
0c1ea674-ecb6-5c5d-8367-577542a2cfda,Q00
3a098d43-9ead-5ee2-af26-07cd5d273b37,Q00
4c0e660d-5208-5130-aedd-e615d4de07a5,Q00
e1546e70-862e-500b-8066-f01a45678010,Q00
06765ec8-fb2e-5c0a-a085-1ddb049bcbc8,Q00
f6343f04-428c-5914-a6b1-b1673e6a0662,Q00
5a729095-8685-5cde-a5d9-eec83785c7e3,Q00
36815925-f751-54ca-b1e6-8eb0023def0d,Q00
1fb627ce-dd41-5cf6-9cd5-478bdaa585f1,Q00
6cc7dfab-b68c-54be-8ad1-0fac4bda9782,Q00
30f2a837-4e9b-54cc-a39d-7241d040a8f3,Q00
4d47b1f2-45e8-506f-8603-834bafb63fe0,Q00
b5c82eab-f1d6-510f-b15b-f2e201eba418,Q00
601892a7-f73c-5e23-b6d6-2c0e3a84f4ce,Q00
a8a48947-af69-5be7-9f69-50be7db4cf19,Q00
f0039c39-f0ba-5bc7-8673-8b6c63fef7fe,Q00
c64958f8-a74d-5919-9eba-fe55afd34959,Q00
345790b8-5653-57f8-b993-8414dbd1d5ab,Q00
c0f8b0eb-a32a-5c57-b89b-0cc52ef59b3a,Q00
8821c490-e793-55f8-ad48-a51e78fe4ada,Q00
4dc60f63-a628-5269-9a5c-05f34bdb2bd0,Q00
93f5a5a7-37b0-5ca4-8568-ace82765f445,Q00
3eec0af8-36b2-5556-bae4-fdbaeb37fb3e,Q00
adb5fe98-703d-56ca-8e6e-a76721f9a963,Q00
63f71498-a92f-5875-a064-5b957f2579cb,Q00
e4f97efb-98c3-5adf-a849-99f6e89a55e9,Q00
e7c57488-f8ba-5411-afe8-fdcdbe9df3ff,Q00
3c23c4da-a345-5102-a477-a0105f780321,Q00
8bc7fecc-bca9-56fd-9635-d921a74621ba,Q00
88e9bb01-69df-591d-b13b-7ec13f3d9bea,Q00
e866dd2e-8a34-5094-b581-425383998cfc,Q00
2759bb0a-9fea-5a2e-b09f-2f75185a3019,Q00
74f2c21b-e332-5e88-86b8-56f9e65a8476,Q00
951a2078-1a16-5836-854c-952c7c814392,Q00
dd07671a-f0fc-5e91-a6b2-c55e20b0cc0d,Q00
4cf2f402-588d-5b91-b438-6aac6fc912de,Q00
3098446e-a151-5fcc-8fbc-32e006ced592,Q00
6dad1737-63d0-54c3-9c65-4784c40a0227,Q00
7280e03f-48ec-5dac-bcd4-19856a85c740,Q00
b3941a73-9b5e-51d3-9b1f-20206ada1ae1,Q00
d4cdcada-907b-572c-8666-2ea113fd5214,Q00
d8f97b9f-8267-551d-b2ce-68d184a1cc7e,Q00
ff236392-72d2-52e8-a0a6-dee19dd123ad,Q00
5160fe3f-2e22-5899-8638-11ecbe5a4a14,Q00
cdb9269d-98ef-5b34-873e-189b03536ddf,Q00
3ee2f6f3-45f1-5bfc-9d3d-248980e452f4,Q00
0fcd1719-9f83-5939-9a57-f54bf53c2fb3,Q00
b3d64516-3d32-5f4e-98e1-6ce6e4cffc05,Q00
4b03e8f9-ec27-5c5d-b51f-eea314567506,Q00
822e1bc6-b787-58d3-aa0e-e562ce61d28f,Q00
abec8927-9f82-518b-854c-ff3b5b685023,Q00
75df8d3b-a995-5d7f-b9b6-60e4e4a4d8b3,Q00
7843c6b4-4e25-58ed-90b3-c4f6f47e00ec,Q00
e6ecbc73-5c70-53ea-a79d-5584daed799f,Q00
eddbdd31-5102-54db-b65c-b5b26daaf5fc,K00
49953b80-c47d-5f03-9a8e-503a3d4a9a0d,K00
487ebdad-de5b-5ab1-8cea-3b38645983fb,K00
7ee811ca-0458-5320-a5c2-61acfe54f44a,K00
d6a261da-05c3-5206-9967-789a7bd6516d,K00
03be187b-0a77-59c1-a32b-9becb15c147d,K00
a6aa4980-cce8-5fc9-9a60-6b8a222154c3,K00
f1928c4f-48cc-57a7-aa4a-4d90d9f32644,K00
74996915-90bd-554d-a9f7-603bab3f38a8,K00
20b536c8-59d5-5868-b14a-d90e479e4257,K00
fcf8a187-66c3-5f35-87af-d919a11d107f,K00
756f33cd-6891-5ebd-9966-57e1e830aecc,K00
57e03b2e-a250-5776-a464-c320bc87ac6a,K00
b3af90c8-68b9-57ef-9a04-6e1d67dc725b,K00
b7c9bf71-a441-5e8f-b468-81e4e6b67783,K00
27be2c96-1945-5634-a7de-af3a7014e870,K00
bc5ab685-6872-5434-93b8-5508196222b8,K00
94d1f37c-8465-5453-b26c-d09ace3a454d,K00
d38fa076-f8bb-5819-b0d4-41d13ff58f7a,K00
2fac890d-070d-5153-8a59-462efcc107a2,K00
f7bd921e-c3cc-55bf-9edd-29fd5d3fe6a7,K00
966b434c-8fbf-5ba0-9678-d0854a1d330d,K00
fe342ae2-b2bb-5d18-87c5-b44e85d5ccc7,K00
043c460d-f739-5de0-8715-0eea3614be27,K00
4625fd53-5903-5b27-85f7-4ca49dccb207,K00
10469717-eee3-5951-bd5a-5d8b021cf5cd,K00
56904c65-ff57-5eb0-a335-b89fa96a2f1c,K00
d9060a21-4646-55bd-9071-ea101f53f109,K00
d5748bf9-10ba-5bda-bc72-4a5eae0e5d9f,K00
b694f08e-1cc2-5aa7-9ea5-bc93e918d9d0,K00
0a773fc7-34c7-578f-ba1f-8ebd2d5cb52b,K00
26445a3d-d392-5809-a01a-f08534e8af7c,K00
90f35ddf-4283-54f4-b561-43bc8db7281b,K00
fb70777c-5d53-5ab7-aea5-ea1684071ccb,K00
0c1ea674-ecb6-5c5d-8367-577542a2cfda,K00
3a098d43-9ead-5ee2-af26-07cd5d273b37,K00
4c0e660d-5208-5130-aedd-e615d4de07a5,K00
e1546e70-862e-500b-8066-f01a45678010,K00
06765ec8-fb2e-5c0a-a085-1ddb049bcbc8,K00
f6343f04-428c-5914-a6b1-b1673e6a0662,K00
5a729095-8685-5cde-a5d9-eec83785c7e3,K00
36815925-f751-54ca-b1e6-8eb0023def0d,K00
1fb627ce-dd41-5cf6-9cd5-478bdaa585f1,K00
6cc7dfab-b68c-54be-8ad1-0fac4bda9782,K00
30f2a837-4e9b-54cc-a39d-7241d040a8f3,K00
4d47b1f2-45e8-506f-8603-834bafb63fe0,K00
b5c82eab-f1d6-510f-b15b-f2e201eba418,K00
601892a7-f73c-5e23-b6d6-2c0e3a84f4ce,K00
a8a48947-af69-5be7-9f69-50be7db4cf19,K00
f0039c39-f0ba-5bc7-8673-8b6c63fef7fe,K00
c64958f8-a74d-5919-9eba-fe55afd34959,K00
345790b8-5653-57f8-b993-8414dbd1d5ab,K00
c0f8b0eb-a32a-5c57-b89b-0cc52ef59b3a,K00
8821c490-e793-55f8-ad48-a51e78fe4ada,K00
4dc60f63-a628-5269-9a5c-05f34bdb2bd0,K00
93f5a5a7-37b0-5ca4-8568-ace82765f445,K00
3eec0af8-36b2-5556-bae4-fdbaeb37fb3e,K00
adb5fe98-703d-56ca-8e6e-a76721f9a963,K00
63f71498-a92f-5875-a064-5b957f2579cb,K00
e4f97efb-98c3-5adf-a849-99f6e89a55e9,K00
e7c57488-f8ba-5411-afe8-fdcdbe9df3ff,K00
3c23c4da-a345-5102-a477-a0105f780321,K00
8bc7fecc-bca9-56fd-9635-d921a74621ba,K00
88e9bb01-69df-591d-b13b-7ec13f3d9bea,K00
e866dd2e-8a34-5094-b581-425383998cfc,K00
2759bb0a-9fea-5a2e-b09f-2f75185a3019,K00
74f2c21b-e332-5e88-86b8-56f9e65a8476,K00
951a2078-1a16-5836-854c-952c7c814392,K00
dd07671a-f0fc-5e91-a6b2-c55e20b0cc0d,K00
4cf2f402-588d-5b91-b438-6aac6fc912de,K00
3098446e-a151-5fcc-8fbc-32e006ced592,K00
6dad1737-63d0-54c3-9c65-4784c40a0227,K00
7280e03f-48ec-5dac-bcd4-19856a85c740,K00
b3941a73-9b5e-51d3-9b1f-20206ada1ae1,K00
d4cdcada-907b-572c-8666-2ea113fd5214,K00
d8f97b9f-8267-551d-b2ce-68d184a1cc7e,K00
ff236392-72d2-52e8-a0a6-dee19dd123ad,K00
5160fe3f-2e22-5899-8638-11ecbe5a4a14,K00
cdb9269d-98ef-5b34-873e-189b03536ddf,K00
3ee2f6f3-45f1-5bfc-9d3d-248980e452f4,K00
0fcd1719-9f83-5939-9a57-f54bf53c2fb3,K00
b3d64516-3d32-5f4e-98e1-6ce6e4cffc05,K00
4b03e8f9-ec27-5c5d-b51f-eea314567506,K00
822e1bc6-b787-58d3-aa0e-e562ce61d28f,K00
abec8927-9f82-518b-854c-ff3b5b685023,K00
75df8d3b-a995-5d7f-b9b6-60e4e4a4d8b3,K00
7843c6b4-4e25-58ed-90b3-c4f6f47e00ec,K00
e6ecbc73-5c70-53ea-a79d-5584daed799f,K00
1ff4da9b-dc05-5040-a986-53720f5caa18,A00
1ff4da9b-dc05-5040-a986-53720f5caa18,A01
1ff4da9b-dc05-5040-a986-53720f5caa18,D01
1ff4da9b-dc05-5040-a986-53720f5caa18,D07
b84c8a19-1ce0-5383-81f6-28e082ee36b1,A00
b84c8a19-1ce0-5383-81f6-28e082ee36b1,A01
b84c8a19-1ce0-5383-81f6-28e082ee36b1,D01
b84c8a19-1ce0-5383-81f6-28e082ee36b1,D07
64199ee9-feb5-5504-a4dd-1d470a7dad8f,A00
64199ee9-feb5-5504-a4dd-1d470a7dad8f,A01
64199ee9-feb5-5504-a4dd-1d470a7dad8f,D01
64199ee9-feb5-5504-a4dd-1d470a7dad8f,D07
63a0aee6-63fb-5d87-9221-50202abcb6f7,A00
63a0aee6-63fb-5d87-9221-50202abcb6f7,A01
63a0aee6-63fb-5d87-9221-50202abcb6f7,D01
63a0aee6-63fb-5d87-9221-50202abcb6f7,D07
6cb85193-3966-5a95-9b11-d1a29b276b90,A00
6cb85193-3966-5a95-9b11-d1a29b276b90,A01
6cb85193-3966-5a95-9b11-d1a29b276b90,D01
6cb85193-3966-5a95-9b11-d1a29b276b90,D07
a20cae3a-6224-5bb8-87e4-322f4afc4683,A00
a20cae3a-6224-5bb8-87e4-322f4afc4683,A01
a20cae3a-6224-5bb8-87e4-322f4afc4683,D01
a20cae3a-6224-5bb8-87e4-322f4afc4683,D07
99e8e72c-3e17-5c7b-a3f7-81e161aecd35,A00
99e8e72c-3e17-5c7b-a3f7-81e161aecd35,A01
99e8e72c-3e17-5c7b-a3f7-81e161aecd35,D01
99e8e72c-3e17-5c7b-a3f7-81e161aecd35,D07
6dff9275-860a-5ae5-9de7-b5b2b8298d78,A00
6dff9275-860a-5ae5-9de7-b5b2b8298d78,A01
6dff9275-860a-5ae5-9de7-b5b2b8298d78,D01
6dff9275-860a-5ae5-9de7-b5b2b8298d78,D07
912d3a5e-a50d-5102-b434-2ab55710db4e,A00
912d3a5e-a50d-5102-b434-2ab55710db4e,A01
912d3a5e-a50d-5102-b434-2ab55710db4e,D01
912d3a5e-a50d-5102-b434-2ab55710db4e,D07
d3847bd6-af25-58bf-989f-b0cd50732b5e,A00
d3847bd6-af25-58bf-989f-b0cd50732b5e,A01
d3847bd6-af25-58bf-989f-b0cd50732b5e,D07
39da0434-24bd-5a9f-8a13-176f9445ccbd,A00
39da0434-24bd-5a9f-8a13-176f9445ccbd,A01
39da0434-24bd-5a9f-8a13-176f9445ccbd,D07
5bf4ce1e-4543-5d91-94d5-321a6da05485,A00
5bf4ce1e-4543-5d91-94d5-321a6da05485,A01
5bf4ce1e-4543-5d91-94d5-321a6da05485,D01
5bf4ce1e-4543-5d91-94d5-321a6da05485,D07
70190e72-e8f4-54ae-ba1f-0f0c86d38c66,A00
70190e72-e8f4-54ae-ba1f-0f0c86d38c66,A01
70190e72-e8f4-54ae-ba1f-0f0c86d38c66,D01
70190e72-e8f4-54ae-ba1f-0f0c86d38c66,D07
e458ee68-d40c-5d2b-85d6-5923ff922235,A00
e458ee68-d40c-5d2b-85d6-5923ff922235,A01
e458ee68-d40c-5d2b-85d6-5923ff922235,D01
e458ee68-d40c-5d2b-85d6-5923ff922235,D07
930fe249-3705-572a-99cb-94939c4cbaf9,A00
930fe249-3705-572a-99cb-94939c4cbaf9,A01
930fe249-3705-572a-99cb-94939c4cbaf9,D01
930fe249-3705-572a-99cb-94939c4cbaf9,D07
3f61dac2-93d5-58d5-900e-d681da950f8c,A00
3f61dac2-93d5-58d5-900e-d681da950f8c,A01
3f61dac2-93d5-58d5-900e-d681da950f8c,D01
3f61dac2-93d5-58d5-900e-d681da950f8c,D07
5b65e4cb-7f65-5a5f-8d59-5f8300548c55,A00
5b65e4cb-7f65-5a5f-8d59-5f8300548c55,A01
5b65e4cb-7f65-5a5f-8d59-5f8300548c55,D01
5b65e4cb-7f65-5a5f-8d59-5f8300548c55,D07
0152cd63-9b94-5eb5-b3a0-342dcc524b23,A00
0152cd63-9b94-5eb5-b3a0-342dcc524b23,A01
0152cd63-9b94-5eb5-b3a0-342dcc524b23,D01
0152cd63-9b94-5eb5-b3a0-342dcc524b23,D07
1819e604-2ab1-5829-977c-606e624a6f61,A00
1819e604-2ab1-5829-977c-606e624a6f61,A01
1819e604-2ab1-5829-977c-606e624a6f61,D01
1819e604-2ab1-5829-977c-606e624a6f61,D07
a2513089-533a-5e90-a6b3-3be415458cfb,A00
a2513089-533a-5e90-a6b3-3be415458cfb,A01
a2513089-533a-5e90-a6b3-3be415458cfb,D01
a2513089-533a-5e90-a6b3-3be415458cfb,D07
622ac01c-23a9-5a41-b5e1-939c5d14a5c6,A00
622ac01c-23a9-5a41-b5e1-939c5d14a5c6,A01
622ac01c-23a9-5a41-b5e1-939c5d14a5c6,D07
fc4c887e-ce28-5c96-a315-c4913773a9f1,A00
fc4c887e-ce28-5c96-a315-c4913773a9f1,A01
fc4c887e-ce28-5c96-a315-c4913773a9f1,D07
11c6409e-0f6b-5694-b601-0ee4e5478e9d,A00
11c6409e-0f6b-5694-b601-0ee4e5478e9d,A01
11c6409e-0f6b-5694-b601-0ee4e5478e9d,D07
f1b033eb-be02-5799-80c1-acd5bb603db5,A00
f1b033eb-be02-5799-80c1-acd5bb603db5,A01
f1b033eb-be02-5799-80c1-acd5bb603db5,D01
f1b033eb-be02-5799-80c1-acd5bb603db5,D07
0c6a8c11-8af8-575e-88fe-29650aae7e6b,A00
0c6a8c11-8af8-575e-88fe-29650aae7e6b,B00
0c6a8c11-8af8-575e-88fe-29650aae7e6b,D01
0c6a8c11-8af8-575e-88fe-29650aae7e6b,D07
17afa26f-fc3a-592f-b864-fdc630c86ea2,A00
17afa26f-fc3a-592f-b864-fdc630c86ea2,A01
17afa26f-fc3a-592f-b864-fdc630c86ea2,D01
17afa26f-fc3a-592f-b864-fdc630c86ea2,D07
cbe71e28-d967-5b92-8985-c707e3fd611d,A00
cbe71e28-d967-5b92-8985-c707e3fd611d,A01
cbe71e28-d967-5b92-8985-c707e3fd611d,D01
cbe71e28-d967-5b92-8985-c707e3fd611d,D07
1823140b-5762-5566-93e4-3ca977a39aea,A00
1823140b-5762-5566-93e4-3ca977a39aea,A01
1823140b-5762-5566-93e4-3ca977a39aea,D03
1823140b-5762-5566-93e4-3ca977a39aea,D07
c4bf0b42-3465-5cc3-84b7-204d2a6b6528,A00
c4bf0b42-3465-5cc3-84b7-204d2a6b6528,A01
c4bf0b42-3465-5cc3-84b7-204d2a6b6528,D01
c4bf0b42-3465-5cc3-84b7-204d2a6b6528,D07
561decfd-a83e-5790-94fc-99f06547024a,A00
561decfd-a83e-5790-94fc-99f06547024a,A01
561decfd-a83e-5790-94fc-99f06547024a,D01
561decfd-a83e-5790-94fc-99f06547024a,D07
8520622f-9da9-5ce9-8b30-9bba9d518559,A00
8520622f-9da9-5ce9-8b30-9bba9d518559,A01
8520622f-9da9-5ce9-8b30-9bba9d518559,D01
8520622f-9da9-5ce9-8b30-9bba9d518559,D07
41773888-13cb-5403-bf9c-d9eb0c6f021f,A00
41773888-13cb-5403-bf9c-d9eb0c6f021f,A01
41773888-13cb-5403-bf9c-d9eb0c6f021f,D01
41773888-13cb-5403-bf9c-d9eb0c6f021f,D07
ce002e19-962a-5a84-b92e-cfaee74e8010,A00
ce002e19-962a-5a84-b92e-cfaee74e8010,A01
ce002e19-962a-5a84-b92e-cfaee74e8010,D01
ce002e19-962a-5a84-b92e-cfaee74e8010,D07
a441b886-b8eb-5f46-9005-44b89a10a6f5,A00
a441b886-b8eb-5f46-9005-44b89a10a6f5,A01
a441b886-b8eb-5f46-9005-44b89a10a6f5,D01
a441b886-b8eb-5f46-9005-44b89a10a6f5,D07
1f43bb93-f6c7-599c-8a18-62326fbe83fe,A00
1f43bb93-f6c7-599c-8a18-62326fbe83fe,A01
1f43bb93-f6c7-599c-8a18-62326fbe83fe,D01
1f43bb93-f6c7-599c-8a18-62326fbe83fe,D07
e3bc4a70-157a-594c-a4db-7ba359346d4d,A00
e3bc4a70-157a-594c-a4db-7ba359346d4d,A01
e3bc4a70-157a-594c-a4db-7ba359346d4d,D01
e3bc4a70-157a-594c-a4db-7ba359346d4d,D07
a2257429-4149-5e28-b0ef-6d342b20bf49,A00
a2257429-4149-5e28-b0ef-6d342b20bf49,A01
a2257429-4149-5e28-b0ef-6d342b20bf49,D01
a2257429-4149-5e28-b0ef-6d342b20bf49,D07
199216f3-45a6-53d2-aa10-55a945c011c4,A00
199216f3-45a6-53d2-aa10-55a945c011c4,A01
199216f3-45a6-53d2-aa10-55a945c011c4,D01
199216f3-45a6-53d2-aa10-55a945c011c4,D07
6fc7d6e8-d952-56a3-abdf-4667778c8aef,A00
6fc7d6e8-d952-56a3-abdf-4667778c8aef,A01
6fc7d6e8-d952-56a3-abdf-4667778c8aef,D07
dfa0a200-d045-5818-9461-2c45a616ca43,A00
dfa0a200-d045-5818-9461-2c45a616ca43,A01
dfa0a200-d045-5818-9461-2c45a616ca43,D01
dfa0a200-d045-5818-9461-2c45a616ca43,D07
ed8f0bcf-2544-5cd5-ab0e-dc91baf436a7,A00
ed8f0bcf-2544-5cd5-ab0e-dc91baf436a7,A01
ed8f0bcf-2544-5cd5-ab0e-dc91baf436a7,D01
ed8f0bcf-2544-5cd5-ab0e-dc91baf436a7,D07
c00a2e8a-eeb0-54eb-8696-6d69e1329a55,A00
c00a2e8a-eeb0-54eb-8696-6d69e1329a55,A01
c00a2e8a-eeb0-54eb-8696-6d69e1329a55,D01
c00a2e8a-eeb0-54eb-8696-6d69e1329a55,D07
ccdbe524-a56f-5c7f-9ec6-27ea1cf2ed40,A00
ccdbe524-a56f-5c7f-9ec6-27ea1cf2ed40,A01
ccdbe524-a56f-5c7f-9ec6-27ea1cf2ed40,D01
ccdbe524-a56f-5c7f-9ec6-27ea1cf2ed40,D07
8134198d-88b2-5be7-a661-02fd32b040f4,A00
8134198d-88b2-5be7-a661-02fd32b040f4,A01
8134198d-88b2-5be7-a661-02fd32b040f4,D01
8134198d-88b2-5be7-a661-02fd32b040f4,D07
5a0048e7-285d-5991-b14b-0cf059141748,A00
5a0048e7-285d-5991-b14b-0cf059141748,A01
5a0048e7-285d-5991-b14b-0cf059141748,D01
5a0048e7-285d-5991-b14b-0cf059141748,D07
3fd6164f-52ba-5c88-9579-402a6bd319e9,A00
3fd6164f-52ba-5c88-9579-402a6bd319e9,A01
3fd6164f-52ba-5c88-9579-402a6bd319e9,D01
3fd6164f-52ba-5c88-9579-402a6bd319e9,D07
f534bbf6-99f0-5f93-ad46-fe577efbc7b7,A00
f534bbf6-99f0-5f93-ad46-fe577efbc7b7,A01
f534bbf6-99f0-5f93-ad46-fe577efbc7b7,D01
f534bbf6-99f0-5f93-ad46-fe577efbc7b7,D07
d3847bd6-af25-58bf-989f-b0cd50732b5e,D01
cae18d94-abd8-5f45-a0d2-1ccf834bae3b,A00
cae18d94-abd8-5f45-a0d2-1ccf834bae3b,A01
cae18d94-abd8-5f45-a0d2-1ccf834bae3b,D07
e095f70e-6ebc-5882-951d-4fc0e4682514,A00
e095f70e-6ebc-5882-951d-4fc0e4682514,A01
e095f70e-6ebc-5882-951d-4fc0e4682514,D01
e095f70e-6ebc-5882-951d-4fc0e4682514,D07
3894788b-8ac3-5e97-93fc-a3e6a114f3a6,A00
3894788b-8ac3-5e97-93fc-a3e6a114f3a6,A01
3894788b-8ac3-5e97-93fc-a3e6a114f3a6,D01
3894788b-8ac3-5e97-93fc-a3e6a114f3a6,D07
11c6409e-0f6b-5694-b601-0ee4e5478e9d,D01
0c6a8c11-8af8-575e-88fe-29650aae7e6b,A01
7a2fd372-060b-5be9-9645-0a182f9234c4,A00
7a2fd372-060b-5be9-9645-0a182f9234c4,A01
7a2fd372-060b-5be9-9645-0a182f9234c4,V00
7a2fd372-060b-5be9-9645-0a182f9234c4,V01
d78ad56e-f995-570b-a4fb-0769194f7f63,A00
d78ad56e-f995-570b-a4fb-0769194f7f63,A01
d78ad56e-f995-570b-a4fb-0769194f7f63,D01
d78ad56e-f995-570b-a4fb-0769194f7f63,D07
fb288832-12bc-5d46-9210-a14307c3700d,A00
fb288832-12bc-5d46-9210-a14307c3700d,A01
fb288832-12bc-5d46-9210-a14307c3700d,D01
fb288832-12bc-5d46-9210-a14307c3700d,D03
fb288832-12bc-5d46-9210-a14307c3700d,D07
de439992-b828-5347-a483-5af44f28f02c,A00
de439992-b828-5347-a483-5af44f28f02c,A01
de439992-b828-5347-a483-5af44f28f02c,D01
de439992-b828-5347-a483-5af44f28f02c,D07
2b495c0c-7bfb-5812-9b02-ebfc03dd5249,A00
2b495c0c-7bfb-5812-9b02-ebfc03dd5249,A01
2b495c0c-7bfb-5812-9b02-ebfc03dd5249,D01
2b495c0c-7bfb-5812-9b02-ebfc03dd5249,D07
8408b11f-7d2a-52ae-82a3-473e9d267516,A00
8408b11f-7d2a-52ae-82a3-473e9d267516,A01
8408b11f-7d2a-52ae-82a3-473e9d267516,D01
8408b11f-7d2a-52ae-82a3-473e9d267516,D07
3fd6164f-52ba-5c88-9579-402a6bd319e9,D09
3fd6164f-52ba-5c88-9579-402a6bd319e9,D10
d3847bd6-af25-58bf-989f-b0cd50732b5e,X06
6fc7d6e8-d952-56a3-abdf-4667778c8aef,X06
cae18d94-abd8-5f45-a0d2-1ccf834bae3b,X06
39da0434-24bd-5a9f-8a13-176f9445ccbd,X06
e095f70e-6ebc-5882-951d-4fc0e4682514,X06
930fe249-3705-572a-99cb-94939c4cbaf9,X06
3894788b-8ac3-5e97-93fc-a3e6a114f3a6,X06
16ef9428-aa75-5702-8336-74af29e1bff5,A00
16ef9428-aa75-5702-8336-74af29e1bff5,A01
16ef9428-aa75-5702-8336-74af29e1bff5,D07
16ef9428-aa75-5702-8336-74af29e1bff5,X06
5b65e4cb-7f65-5a5f-8d59-5f8300548c55,X06
0152cd63-9b94-5eb5-b3a0-342dcc524b23,X06
1819e604-2ab1-5829-977c-606e624a6f61,X06
652693d7-04a9-58cf-8650-3e80e2432ffb,A00
652693d7-04a9-58cf-8650-3e80e2432ffb,A01
652693d7-04a9-58cf-8650-3e80e2432ffb,D01
652693d7-04a9-58cf-8650-3e80e2432ffb,D07
652693d7-04a9-58cf-8650-3e80e2432ffb,X06
622ac01c-23a9-5a41-b5e1-939c5d14a5c6,X06
c1364600-afd8-527c-8e19-fdc06648fd2f,A00
c1364600-afd8-527c-8e19-fdc06648fd2f,A01
c1364600-afd8-527c-8e19-fdc06648fd2f,D07
c1364600-afd8-527c-8e19-fdc06648fd2f,X06
fc4c887e-ce28-5c96-a315-c4913773a9f1,X06
11c6409e-0f6b-5694-b601-0ee4e5478e9d,X06
b5e33dd4-1e39-50c3-a72b-3e9b149c4b5b,A00
b5e33dd4-1e39-50c3-a72b-3e9b149c4b5b,A01
b5e33dd4-1e39-50c3-a72b-3e9b149c4b5b,D07
b5e33dd4-1e39-50c3-a72b-3e9b149c4b5b,X06
3a44b9e2-e940-550d-a302-4bfd81247df4,A00
3a44b9e2-e940-550d-a302-4bfd81247df4,A01
3a44b9e2-e940-550d-a302-4bfd81247df4,D07
3a44b9e2-e940-550d-a302-4bfd81247df4,X06
0c6a8c11-8af8-575e-88fe-29650aae7e6b,X06
ed8f0bcf-2544-5cd5-ab0e-dc91baf436a7,X06
17afa26f-fc3a-592f-b864-fdc630c86ea2,X06
d78ad56e-f995-570b-a4fb-0769194f7f63,X06
c4bf0b42-3465-5cc3-84b7-204d2a6b6528,X06
561decfd-a83e-5790-94fc-99f06547024a,X06
e9ea7d8a-ef9b-5e0c-9b32-ffedaafddca1,A00
e9ea7d8a-ef9b-5e0c-9b32-ffedaafddca1,A01
e9ea7d8a-ef9b-5e0c-9b32-ffedaafddca1,D01
e9ea7d8a-ef9b-5e0c-9b32-ffedaafddca1,D07
e9ea7d8a-ef9b-5e0c-9b32-ffedaafddca1,X06
dff47227-d526-5c1a-b2b9-c4575937459f,A00
dff47227-d526-5c1a-b2b9-c4575937459f,A01
dff47227-d526-5c1a-b2b9-c4575937459f,D03
dff47227-d526-5c1a-b2b9-c4575937459f,D07
dff47227-d526-5c1a-b2b9-c4575937459f,X06
9dd20490-30b9-5dbd-849c-2f0314614aa4,A00
9dd20490-30b9-5dbd-849c-2f0314614aa4,A01
9dd20490-30b9-5dbd-849c-2f0314614aa4,D01
9dd20490-30b9-5dbd-849c-2f0314614aa4,D07
9dd20490-30b9-5dbd-849c-2f0314614aa4,X06
e6b25f31-99ce-5d68-8825-1010573b95ff,A00
e6b25f31-99ce-5d68-8825-1010573b95ff,A01
e6b25f31-99ce-5d68-8825-1010573b95ff,D01
e6b25f31-99ce-5d68-8825-1010573b95ff,D07
e6b25f31-99ce-5d68-8825-1010573b95ff,X06
ccdbe524-a56f-5c7f-9ec6-27ea1cf2ed40,X06
de439992-b828-5347-a483-5af44f28f02c,X06
41773888-13cb-5403-bf9c-d9eb0c6f021f,X06
2b495c0c-7bfb-5812-9b02-ebfc03dd5249,X06
a441b886-b8eb-5f46-9005-44b89a10a6f5,X06
8408b11f-7d2a-52ae-82a3-473e9d267516,X06
86d8d43c-784f-581b-ab83-a80f0606ef5a,A00
86d8d43c-784f-581b-ab83-a80f0606ef5a,A01
86d8d43c-784f-581b-ab83-a80f0606ef5a,D01
86d8d43c-784f-581b-ab83-a80f0606ef5a,D07
4b9183a6-2726-52aa-9f02-36e4b75f8464,A00
4b9183a6-2726-52aa-9f02-36e4b75f8464,A01
4b9183a6-2726-52aa-9f02-36e4b75f8464,D01
4b9183a6-2726-52aa-9f02-36e4b75f8464,D07
0c6a8c11-8af8-575e-88fe-29650aae7e6b,B01
1ca15617-05d8-5b8e-a45d-d453e2a89e25,A00
1ca15617-05d8-5b8e-a45d-d453e2a89e25,A01
1ca15617-05d8-5b8e-a45d-d453e2a89e25,D01
1ca15617-05d8-5b8e-a45d-d453e2a89e25,D07
622ac01c-23a9-5a41-b5e1-939c5d14a5c6,D01
fc4c887e-ce28-5c96-a315-c4913773a9f1,D01
8520622f-9da9-5ce9-8b30-9bba9d518559,D03
3a9626ca-3017-5813-9c33-a424ef318638,A00
3a9626ca-3017-5813-9c33-a424ef318638,A01
3a9626ca-3017-5813-9c33-a424ef318638,D01
3a9626ca-3017-5813-9c33-a424ef318638,D07
10a43f9c-c208-5f4e-a9e3-9841aae1ceda,A00
10a43f9c-c208-5f4e-a9e3-9841aae1ceda,A01
10a43f9c-c208-5f4e-a9e3-9841aae1ceda,D01
10a43f9c-c208-5f4e-a9e3-9841aae1ceda,D07
1405ee31-04cd-51a7-b70f-cfd496384d01,A00
1405ee31-04cd-51a7-b70f-cfd496384d01,A01
1405ee31-04cd-51a7-b70f-cfd496384d01,D01
1405ee31-04cd-51a7-b70f-cfd496384d01,D07
d3847bd6-af25-58bf-989f-b0cd50732b5e,K00
6fc7d6e8-d952-56a3-abdf-4667778c8aef,K00
cae18d94-abd8-5f45-a0d2-1ccf834bae3b,K00
39da0434-24bd-5a9f-8a13-176f9445ccbd,K00
e095f70e-6ebc-5882-951d-4fc0e4682514,K00
930fe249-3705-572a-99cb-94939c4cbaf9,K00
3894788b-8ac3-5e97-93fc-a3e6a114f3a6,K00
16ef9428-aa75-5702-8336-74af29e1bff5,K00
5b65e4cb-7f65-5a5f-8d59-5f8300548c55,K00
0152cd63-9b94-5eb5-b3a0-342dcc524b23,K00
1819e604-2ab1-5829-977c-606e624a6f61,K00
652693d7-04a9-58cf-8650-3e80e2432ffb,K00
a2513089-533a-5e90-a6b3-3be415458cfb,K00
622ac01c-23a9-5a41-b5e1-939c5d14a5c6,K00
c1364600-afd8-527c-8e19-fdc06648fd2f,K00
fc4c887e-ce28-5c96-a315-c4913773a9f1,K00
11c6409e-0f6b-5694-b601-0ee4e5478e9d,K00
b5e33dd4-1e39-50c3-a72b-3e9b149c4b5b,K00
3a44b9e2-e940-550d-a302-4bfd81247df4,K00
0c6a8c11-8af8-575e-88fe-29650aae7e6b,K00
ed8f0bcf-2544-5cd5-ab0e-dc91baf436a7,K00
17afa26f-fc3a-592f-b864-fdc630c86ea2,K00
d78ad56e-f995-570b-a4fb-0769194f7f63,K00
c4bf0b42-3465-5cc3-84b7-204d2a6b6528,K00
561decfd-a83e-5790-94fc-99f06547024a,K00
e9ea7d8a-ef9b-5e0c-9b32-ffedaafddca1,K00
dff47227-d526-5c1a-b2b9-c4575937459f,K00
9dd20490-30b9-5dbd-849c-2f0314614aa4,K00
e6b25f31-99ce-5d68-8825-1010573b95ff,K00
ccdbe524-a56f-5c7f-9ec6-27ea1cf2ed40,K00
de439992-b828-5347-a483-5af44f28f02c,K00
21ba8693-7b4b-5ba1-a412-76eeb30889cb,D01
b2314414-e29a-5b5d-885d-c27bfc16cd6f,D01
b2314414-e29a-5b5d-885d-c27bfc16cd6f,D02
e402c741-a136-5425-9f50-41e6ac57549b,D01
e402c741-a136-5425-9f50-41e6ac57549b,D03
db952711-f377-50a7-9ef2-30b3d4a6ffde,D01
db952711-f377-50a7-9ef2-30b3d4a6ffde,D04
fb7645e1-e6e3-5da3-95ca-538033832f57,D01
fb7645e1-e6e3-5da3-95ca-538033832f57,D04
a58b248c-017e-54bc-87da-1f78d3051f4f,D01
a58b248c-017e-54bc-87da-1f78d3051f4f,D05
bda2c4d0-9306-5295-afcc-c5da56b7a10e,D01
a6c5d865-33c6-5efe-b52c-2598c3a6281c,D01
baf19859-73c4-5348-870e-f86c957ca4ae,D01
9fd12c0f-e73d-57ce-868f-1c85f4e3b388,D01
f97ec5f6-ed12-5c75-b077-dff8ca3c1ae3,D01
f97ec5f6-ed12-5c75-b077-dff8ca3c1ae3,D06
780b287c-02e8-5c12-9702-7aace4d7fce7,D01
d18d8040-864f-5e11-baf5-352225147882,D01
58addf69-4679-54d1-862b-5929cea30fbd,D01
69ccb285-1656-542d-8342-553a9e5f9a78,D01
407f0f77-7401-5e57-b2e7-12813f200dc0,D01
6b1d2c9c-a0ae-54f2-a3f9-f42914a43d58,D01
6b1d2c9c-a0ae-54f2-a3f9-f42914a43d58,D03
d07de7c1-6ebf-52b7-9a63-0e867231891f,D01
483ed30f-4815-5258-a015-bebe8c5c8b89,D01
fd770351-c8be-5c7a-ad34-b0c7672e7712,D01
561697d6-5506-5db8-b2ba-40102553b144,D01
99173b57-48a2-5d7e-83fb-26d9fb6357b9,A01
99173b57-48a2-5d7e-83fb-26d9fb6357b9,D01
24f9932b-5bc1-5d3f-a74c-5ad88b1457cc,A01
24f9932b-5bc1-5d3f-a74c-5ad88b1457cc,D01
21b728e5-e26e-53a7-aa25-7b72c4a78fe1,D01
a09e9726-2098-51cd-a5c9-8a81990c2a17,D01
8a3b357e-8a7c-5418-b501-857d11343dd2,D01
4c719fbd-82f2-5614-a91e-5c4ced4dcc14,D01
4c719fbd-82f2-5614-a91e-5c4ced4dcc14,D04
1b6dad3a-c1c7-567e-b34f-61cbd493f797,D01
54ad73d7-548f-5bea-9896-2b7f2ef68ac7,A01
54ad73d7-548f-5bea-9896-2b7f2ef68ac7,D01
e9cc3938-b90e-532e-b497-fd6f303fc91c,A01
e9cc3938-b90e-532e-b497-fd6f303fc91c,D01
222a8dad-8a59-5d07-a316-0c5437134550,D01
b2314414-e29a-5b5d-885d-c27bfc16cd6f,D03
a6c5d865-33c6-5efe-b52c-2598c3a6281c,D04
780b287c-02e8-5c12-9702-7aace4d7fce7,D04
ad0ad710-e22f-57cc-bff8-7e8209bbcd14,D01
ad0ad710-e22f-57cc-bff8-7e8209bbcd14,D04
99173b57-48a2-5d7e-83fb-26d9fb6357b9,X26
e9cc3938-b90e-532e-b497-fd6f303fc91c,X26
ab50df5c-606b-5766-82c8-d896a71de82c,A00
ab50df5c-606b-5766-82c8-d896a71de82c,A01
ab50df5c-606b-5766-82c8-d896a71de82c,D01
ab50df5c-606b-5766-82c8-d896a71de82c,D14
03f4afff-0b16-5a58-a5b5-a255d8b9c8b8,D01
2005ec5e-6ddc-58c3-9395-75946ffefa4a,D01
2005ec5e-6ddc-58c3-9395-75946ffefa4a,D04
134152c3-e574-5152-bc2b-dccbc0538b53,D01
134152c3-e574-5152-bc2b-dccbc0538b53,D06
85f40536-fbf2-55d3-ad6e-6ae16d66db83,D01
9fa47085-dc22-5d30-acef-a4384cb4737a,A00
9fa47085-dc22-5d30-acef-a4384cb4737a,A01
9fa47085-dc22-5d30-acef-a4384cb4737a,D01
8ab50392-9fdf-54d0-b914-1de6f0231f69,A00
8ab50392-9fdf-54d0-b914-1de6f0231f69,A01
8ab50392-9fdf-54d0-b914-1de6f0231f69,D01
f8392488-53ca-592d-8e43-039f8412c1cd,A00
f8392488-53ca-592d-8e43-039f8412c1cd,A01
f8392488-53ca-592d-8e43-039f8412c1cd,D01
355a2260-69c7-5eb6-8861-723ccb976864,A00
355a2260-69c7-5eb6-8861-723ccb976864,A01
355a2260-69c7-5eb6-8861-723ccb976864,D01
388cd6e1-0f0a-548e-b1e5-3652131afa90,A00
388cd6e1-0f0a-548e-b1e5-3652131afa90,A01
388cd6e1-0f0a-548e-b1e5-3652131afa90,D01
20ab880e-18c0-5b4d-b60e-3088b3794dd6,A00
20ab880e-18c0-5b4d-b60e-3088b3794dd6,A01
20ab880e-18c0-5b4d-b60e-3088b3794dd6,D01
bc24dcf2-df75-52e9-85ce-372d666345e8,A00
bc24dcf2-df75-52e9-85ce-372d666345e8,A01
bc24dcf2-df75-52e9-85ce-372d666345e8,D01
018eb627-c517-56d1-ad8b-f32573c56f43,A00
018eb627-c517-56d1-ad8b-f32573c56f43,A01
018eb627-c517-56d1-ad8b-f32573c56f43,D01
a941cdf5-75ae-5559-8a63-ead16567f07a,A00
a941cdf5-75ae-5559-8a63-ead16567f07a,A01
a941cdf5-75ae-5559-8a63-ead16567f07a,D01
925e8505-d38a-5800-a2b9-13015852f51f,A00
925e8505-d38a-5800-a2b9-13015852f51f,A01
5e18cafc-2d78-5d61-a828-5ffa16f926e6,A00
5e18cafc-2d78-5d61-a828-5ffa16f926e6,A01
d2839d02-bf54-5f9a-92b6-6c78f7d44682,A00
d2839d02-bf54-5f9a-92b6-6c78f7d44682,A01
5cc60e07-8ec3-5032-82a2-1b8b8b533a0d,A00
5cc60e07-8ec3-5032-82a2-1b8b8b533a0d,A01
32a12951-5a35-5af4-9a10-07f80bf8eea9,A00
32a12951-5a35-5af4-9a10-07f80bf8eea9,A01
9a5141ee-7630-5097-a124-744faced1957,A00
9a5141ee-7630-5097-a124-744faced1957,A01
a35b273c-360c-5627-830f-55f41ce899dd,A00
a35b273c-360c-5627-830f-55f41ce899dd,A01
04e4b64e-a15c-5af1-b834-48fc565922b6,A00
04e4b64e-a15c-5af1-b834-48fc565922b6,A01
1bcf1f02-b792-58ec-8377-49972140f974,A00
1bcf1f02-b792-58ec-8377-49972140f974,A01
ff4a5b68-fb67-569a-9567-96af09c3d7bc,A00
ff4a5b68-fb67-569a-9567-96af09c3d7bc,A01
ad0a0f87-2847-5134-964a-1ccf4a61c59b,A00
ad0a0f87-2847-5134-964a-1ccf4a61c59b,A01
d2a4f673-9a3f-50f0-8a4a-c8db8693039b,A00
d2a4f673-9a3f-50f0-8a4a-c8db8693039b,A01
ef0f3555-3b94-51b3-886e-ccf82dca6a30,A00
ef0f3555-3b94-51b3-886e-ccf82dca6a30,A01
5b90b5ff-725b-524d-9bdf-c7d185d70839,A00
5b90b5ff-725b-524d-9bdf-c7d185d70839,A01
27eedc5d-d3e2-5233-a6e7-74911e1e38ad,A00
27eedc5d-d3e2-5233-a6e7-74911e1e38ad,B00
27eedc5d-d3e2-5233-a6e7-74911e1e38ad,D01
27eedc5d-d3e2-5233-a6e7-74911e1e38ad,D07
9bb3150f-d739-5a18-8c96-ea5cde19f8b9,A00
9bb3150f-d739-5a18-8c96-ea5cde19f8b9,B00
9bb3150f-d739-5a18-8c96-ea5cde19f8b9,D01
9bb3150f-d739-5a18-8c96-ea5cde19f8b9,D07
e397243b-56c3-5194-bc9b-6ab2d72b023b,A00
e397243b-56c3-5194-bc9b-6ab2d72b023b,A01
e397243b-56c3-5194-bc9b-6ab2d72b023b,D01
7d441f5b-1d5b-5542-9432-a0601c97ada5,A00
7d441f5b-1d5b-5542-9432-a0601c97ada5,A01
cc62e9bb-f7a4-57f0-bbfe-fc86c2392d49,A00
cc62e9bb-f7a4-57f0-bbfe-fc86c2392d49,A01
8cb4816f-bdc7-539a-8758-d66cfeb6abc2,A00
8cb4816f-bdc7-539a-8758-d66cfeb6abc2,B00
8cb4816f-bdc7-539a-8758-d66cfeb6abc2,D01
8cb4816f-bdc7-539a-8758-d66cfeb6abc2,D07
aa398195-6cac-5af8-8008-4b8ef1043e34,A00
aa398195-6cac-5af8-8008-4b8ef1043e34,A01
aa398195-6cac-5af8-8008-4b8ef1043e34,D01
56d4249c-5830-577a-ae86-1e4fe055c34d,A00
56d4249c-5830-577a-ae86-1e4fe055c34d,A01
56d4249c-5830-577a-ae86-1e4fe055c34d,D01
71c2c50c-f82f-5b52-a483-fcdf5ded3998,C00
71c2c50c-f82f-5b52-a483-fcdf5ded3998,D01
71c2c50c-f82f-5b52-a483-fcdf5ded3998,D14
a35bce02-eec8-533a-9305-1d6f7a8278f4,A00
a35bce02-eec8-533a-9305-1d6f7a8278f4,A01
a35bce02-eec8-533a-9305-1d6f7a8278f4,D01
82ad104d-74a4-5369-9468-a1c67a48039a,A00
82ad104d-74a4-5369-9468-a1c67a48039a,A01
82ad104d-74a4-5369-9468-a1c67a48039a,D01
926373fc-9de1-5280-9a4a-1233232cfeea,D01
926373fc-9de1-5280-9a4a-1233232cfeea,D04
bec61acc-0425-55b5-9237-49c694a8c81d,A00
bec61acc-0425-55b5-9237-49c694a8c81d,A01
ba4dd652-5dfe-5e12-8b35-7d1ef77377aa,A00
ba4dd652-5dfe-5e12-8b35-7d1ef77377aa,A01
e5d0bf31-c77b-5c90-a9e5-eec189cf0dba,A00
e5d0bf31-c77b-5c90-a9e5-eec189cf0dba,A01
82ad104d-74a4-5369-9468-a1c67a48039a,D14
bf45746d-f7eb-5e5e-bed1-4f1056adf4cd,A01
bf45746d-f7eb-5e5e-bed1-4f1056adf4cd,D01
bf45746d-f7eb-5e5e-bed1-4f1056adf4cd,D14
04e26fe3-81e9-54cf-96d6-3485afd0a946,C00
04e26fe3-81e9-54cf-96d6-3485afd0a946,D01
04e26fe3-81e9-54cf-96d6-3485afd0a946,D14
676f7eb1-73c3-53bb-a473-05937ef3386e,A00
676f7eb1-73c3-53bb-a473-05937ef3386e,A01
43192637-1c4f-5585-9df4-10915addf21d,A00
43192637-1c4f-5585-9df4-10915addf21d,A01
9e3ac959-26bb-50de-b44a-5a45907a68d9,A00
9e3ac959-26bb-50de-b44a-5a45907a68d9,A01
e77bd6fd-811a-5c6d-b26e-3f5dca3e208f,A00
e77bd6fd-811a-5c6d-b26e-3f5dca3e208f,A01
9ae669da-3512-5c3e-ac2e-0da4f29d2b4d,A00
9ae669da-3512-5c3e-ac2e-0da4f29d2b4d,A01
0dd59373-7e2d-5ecf-9e0d-b8f1f56b8ec5,A00
0dd59373-7e2d-5ecf-9e0d-b8f1f56b8ec5,A01
f8cfa333-b3b1-5782-aa17-d62dfb83380b,A00
f8cfa333-b3b1-5782-aa17-d62dfb83380b,A01
01e2ceef-ab06-562d-bb01-d8c633fecc66,A00
01e2ceef-ab06-562d-bb01-d8c633fecc66,B00
01e2ceef-ab06-562d-bb01-d8c633fecc66,D07
a35bce02-eec8-533a-9305-1d6f7a8278f4,D14
717f2023-6564-5093-9c00-ca073c673d74,D01
717f2023-6564-5093-9c00-ca073c673d74,D04
d6a40612-39b2-5036-b68e-e272952905d6,A00
d6a40612-39b2-5036-b68e-e272952905d6,A01
e397243b-56c3-5194-bc9b-6ab2d72b023b,B00
f8cfa333-b3b1-5782-aa17-d62dfb83380b,B00
f8cfa333-b3b1-5782-aa17-d62dfb83380b,D07
71c2c50c-f82f-5b52-a483-fcdf5ded3998,D15
9fa47085-dc22-5d30-acef-a4384cb4737a,X25
8ab50392-9fdf-54d0-b914-1de6f0231f69,X25
a386bc74-f236-5426-a671-5af8678007d4,A01
a386bc74-f236-5426-a671-5af8678007d4,D01
a386bc74-f236-5426-a671-5af8678007d4,X25
f8392488-53ca-592d-8e43-039f8412c1cd,X25
388cd6e1-0f0a-548e-b1e5-3652131afa90,X25
20ab880e-18c0-5b4d-b60e-3088b3794dd6,X25
e6b37dc0-511b-5c9b-830f-5206d2a9529e,A01
e6b37dc0-511b-5c9b-830f-5206d2a9529e,D01
e6b37dc0-511b-5c9b-830f-5206d2a9529e,X25
bc24dcf2-df75-52e9-85ce-372d666345e8,X25
018eb627-c517-56d1-ad8b-f32573c56f43,X25
a941cdf5-75ae-5559-8a63-ead16567f07a,X25
925e8505-d38a-5800-a2b9-13015852f51f,X06
925e8505-d38a-5800-a2b9-13015852f51f,X07
672c0851-5bc1-5998-be54-ea60e1fe3cd9,A00
672c0851-5bc1-5998-be54-ea60e1fe3cd9,A01
672c0851-5bc1-5998-be54-ea60e1fe3cd9,X06
672c0851-5bc1-5998-be54-ea60e1fe3cd9,X07
5e18cafc-2d78-5d61-a828-5ffa16f926e6,X06
5e18cafc-2d78-5d61-a828-5ffa16f926e6,X07
d2839d02-bf54-5f9a-92b6-6c78f7d44682,X06
d2839d02-bf54-5f9a-92b6-6c78f7d44682,X07
5cc60e07-8ec3-5032-82a2-1b8b8b533a0d,X06
5cc60e07-8ec3-5032-82a2-1b8b8b533a0d,X07
32a12951-5a35-5af4-9a10-07f80bf8eea9,X06
32a12951-5a35-5af4-9a10-07f80bf8eea9,X07
9a5141ee-7630-5097-a124-744faced1957,X06
9a5141ee-7630-5097-a124-744faced1957,X07
1b66392f-e40e-5a13-9e28-5bac7d2578fe,A00
1b66392f-e40e-5a13-9e28-5bac7d2578fe,A01
1b66392f-e40e-5a13-9e28-5bac7d2578fe,X06
1b66392f-e40e-5a13-9e28-5bac7d2578fe,X07
d6a40612-39b2-5036-b68e-e272952905d6,X06
d6a40612-39b2-5036-b68e-e272952905d6,X07
a35b273c-360c-5627-830f-55f41ce899dd,X06
a35b273c-360c-5627-830f-55f41ce899dd,X07
18aaa143-eb1d-5443-82f6-4ae9754818c5,A00
18aaa143-eb1d-5443-82f6-4ae9754818c5,A01
18aaa143-eb1d-5443-82f6-4ae9754818c5,X06
18aaa143-eb1d-5443-82f6-4ae9754818c5,X07
812143d4-11c8-5387-93f9-eb173653dd11,A00
812143d4-11c8-5387-93f9-eb173653dd11,A01
812143d4-11c8-5387-93f9-eb173653dd11,X06
812143d4-11c8-5387-93f9-eb173653dd11,X07
c32b51aa-0b71-5b1b-97fc-563008621dac,A00
c32b51aa-0b71-5b1b-97fc-563008621dac,A01
c32b51aa-0b71-5b1b-97fc-563008621dac,X06
c32b51aa-0b71-5b1b-97fc-563008621dac,X07
04e4b64e-a15c-5af1-b834-48fc565922b6,X06
04e4b64e-a15c-5af1-b834-48fc565922b6,X07
206ffcd0-4046-5956-b094-a2dc165c493b,A00
206ffcd0-4046-5956-b094-a2dc165c493b,A01
206ffcd0-4046-5956-b094-a2dc165c493b,X06
206ffcd0-4046-5956-b094-a2dc165c493b,X07
8592a6b0-b12b-5116-884e-06c5ba5bd725,A00
8592a6b0-b12b-5116-884e-06c5ba5bd725,A01
8592a6b0-b12b-5116-884e-06c5ba5bd725,X06
8592a6b0-b12b-5116-884e-06c5ba5bd725,X07
1bcf1f02-b792-58ec-8377-49972140f974,X06
1bcf1f02-b792-58ec-8377-49972140f974,X07
c9cfa4e7-1dae-58eb-b335-f69872f5f4a7,A00
c9cfa4e7-1dae-58eb-b335-f69872f5f4a7,A01
c9cfa4e7-1dae-58eb-b335-f69872f5f4a7,X06
c9cfa4e7-1dae-58eb-b335-f69872f5f4a7,X07
ff4a5b68-fb67-569a-9567-96af09c3d7bc,X06
ff4a5b68-fb67-569a-9567-96af09c3d7bc,X07
d2a4f673-9a3f-50f0-8a4a-c8db8693039b,X06
d2a4f673-9a3f-50f0-8a4a-c8db8693039b,X07
17a11f0a-c023-5857-9539-ffa0c8cee471,A00
17a11f0a-c023-5857-9539-ffa0c8cee471,A01
17a11f0a-c023-5857-9539-ffa0c8cee471,X06
17a11f0a-c023-5857-9539-ffa0c8cee471,X07
ef0f3555-3b94-51b3-886e-ccf82dca6a30,X06
ef0f3555-3b94-51b3-886e-ccf82dca6a30,X07
e77bd6fd-811a-5c6d-b26e-3f5dca3e208f,X06
e77bd6fd-811a-5c6d-b26e-3f5dca3e208f,X07
3094faff-0607-5619-b3aa-7ea95d8071d6,A00
3094faff-0607-5619-b3aa-7ea95d8071d6,A01
3094faff-0607-5619-b3aa-7ea95d8071d6,X06
3094faff-0607-5619-b3aa-7ea95d8071d6,X07
5b90b5ff-725b-524d-9bdf-c7d185d70839,X06
5b90b5ff-725b-524d-9bdf-c7d185d70839,X07
9ae669da-3512-5c3e-ac2e-0da4f29d2b4d,X06
9ae669da-3512-5c3e-ac2e-0da4f29d2b4d,X07
27eedc5d-d3e2-5233-a6e7-74911e1e38ad,C02
9bb3150f-d739-5a18-8c96-ea5cde19f8b9,C02
e397243b-56c3-5194-bc9b-6ab2d72b023b,X25
0dd59373-7e2d-5ecf-9e0d-b8f1f56b8ec5,X06
0dd59373-7e2d-5ecf-9e0d-b8f1f56b8ec5,X07
f8cfa333-b3b1-5782-aa17-d62dfb83380b,X06
f8cfa333-b3b1-5782-aa17-d62dfb83380b,X07
cc62e9bb-f7a4-57f0-bbfe-fc86c2392d49,X06
cc62e9bb-f7a4-57f0-bbfe-fc86c2392d49,X07
8cb4816f-bdc7-539a-8758-d66cfeb6abc2,C02
aa398195-6cac-5af8-8008-4b8ef1043e34,X27
56d4249c-5830-577a-ae86-1e4fe055c34d,X27
01e2ceef-ab06-562d-bb01-d8c633fecc66,C02
7edf5bd8-8d35-578a-9cd4-391514973296,D01
7edf5bd8-8d35-578a-9cd4-391514973296,D14
7edf5bd8-8d35-578a-9cd4-391514973296,D15
a35bce02-eec8-533a-9305-1d6f7a8278f4,D15
e92eeeef-1b4b-5d70-ae0e-98baca42316c,D01
e92eeeef-1b4b-5d70-ae0e-98baca42316c,D14
e92eeeef-1b4b-5d70-ae0e-98baca42316c,D15
82ad104d-74a4-5369-9468-a1c67a48039a,D15
e92ac32a-d784-5183-bcac-fd0dc4c88424,D01
e92ac32a-d784-5183-bcac-fd0dc4c88424,D14
e92ac32a-d784-5183-bcac-fd0dc4c88424,D15
bf45746d-f7eb-5e5e-bed1-4f1056adf4cd,D15
d8e22200-2c1a-5a47-a841-285c499ade89,D01
d8e22200-2c1a-5a47-a841-285c499ade89,D14
d8e22200-2c1a-5a47-a841-285c499ade89,D15
27eedc5d-d3e2-5233-a6e7-74911e1e38ad,A01
e397243b-56c3-5194-bc9b-6ab2d72b023b,D07
7d441f5b-1d5b-5542-9432-a0601c97ada5,D01
33e58a73-67a4-585e-8d41-11db76091f99,A00
33e58a73-67a4-585e-8d41-11db76091f99,A01
8cb4816f-bdc7-539a-8758-d66cfeb6abc2,A01
aa398195-6cac-5af8-8008-4b8ef1043e34,B00
aa398195-6cac-5af8-8008-4b8ef1043e34,D07
01e2ceef-ab06-562d-bb01-d8c633fecc66,A01
01e2ceef-ab06-562d-bb01-d8c633fecc66,D01
6061d841-bd3a-50ff-b947-e40559ed3307,A01
6061d841-bd3a-50ff-b947-e40559ed3307,D01
09cc797d-23a1-5e50-91f8-a7f7eb808b4b,A00
09cc797d-23a1-5e50-91f8-a7f7eb808b4b,A01
09cc797d-23a1-5e50-91f8-a7f7eb808b4b,C00
09cc797d-23a1-5e50-91f8-a7f7eb808b4b,D01
09cc797d-23a1-5e50-91f8-a7f7eb808b4b,D02
09cc797d-23a1-5e50-91f8-a7f7eb808b4b,D03
09cc797d-23a1-5e50-91f8-a7f7eb808b4b,D05
09cc797d-23a1-5e50-91f8-a7f7eb808b4b,D06
4b8e9fc7-9b00-5769-8d61-52f62418ad89,A00
4b8e9fc7-9b00-5769-8d61-52f62418ad89,A01
4b8e9fc7-9b00-5769-8d61-52f62418ad89,C00
4b8e9fc7-9b00-5769-8d61-52f62418ad89,D01
4b8e9fc7-9b00-5769-8d61-52f62418ad89,D02
4b8e9fc7-9b00-5769-8d61-52f62418ad89,D03
4b8e9fc7-9b00-5769-8d61-52f62418ad89,D05
4b8e9fc7-9b00-5769-8d61-52f62418ad89,D06
b6566b79-9142-5f71-bfe2-0ae4a2fc0947,D01
b6566b79-9142-5f71-bfe2-0ae4a2fc0947,D02
b6566b79-9142-5f71-bfe2-0ae4a2fc0947,D03
b6566b79-9142-5f71-bfe2-0ae4a2fc0947,D05
b6566b79-9142-5f71-bfe2-0ae4a2fc0947,D06
b6566b79-9142-5f71-bfe2-0ae4a2fc0947,A00
b6566b79-9142-5f71-bfe2-0ae4a2fc0947,A01
b6566b79-9142-5f71-bfe2-0ae4a2fc0947,C00
3dce8e11-a410-53c0-885a-09d32a5922d7,A00
3dce8e11-a410-53c0-885a-09d32a5922d7,A01
3dce8e11-a410-53c0-885a-09d32a5922d7,C00
3dce8e11-a410-53c0-885a-09d32a5922d7,D01
3dce8e11-a410-53c0-885a-09d32a5922d7,D02
3dce8e11-a410-53c0-885a-09d32a5922d7,D03
3dce8e11-a410-53c0-885a-09d32a5922d7,D05
3dce8e11-a410-53c0-885a-09d32a5922d7,D06
ecb2e504-159a-5bc0-8ebc-a04a0de36215,A01
ecb2e504-159a-5bc0-8ebc-a04a0de36215,D01
09cc797d-23a1-5e50-91f8-a7f7eb808b4b,D04
3dce8e11-a410-53c0-885a-09d32a5922d7,D04
b6566b79-9142-5f71-bfe2-0ae4a2fc0947,D04
09cc797d-23a1-5e50-91f8-a7f7eb808b4b,D13
b6566b79-9142-5f71-bfe2-0ae4a2fc0947,D13
3dce8e11-a410-53c0-885a-09d32a5922d7,D13
f92cf150-70db-5126-b1d2-1e6bec7137e4,B00
0c45a689-8ce3-5d7f-981f-5cadc90a11f4,B00
4e770b69-4700-5d8f-b4b7-e42d0e78883f,B00
448188bc-c131-52b1-a4cb-bb2c64f01688,B00
5d7f3729-c0f1-5261-972b-76ebc1f24a47,B00
ed957d1f-8c99-570a-af17-b006f086965d,B00
6b1122b4-4fd4-51ce-b042-eddac2890413,B00
37f05319-fe2b-5162-8693-80bba7403adf,B00
7217f3c8-061e-5b6b-acb3-80b973244b31,B00
1ea4cf3b-2ba3-51e4-b6ac-f42e998ae781,B00
476ffcb9-2542-56ab-ac14-937eb2f02737,B00
957df61d-6e25-5407-9575-7d8ff7ee3a0e,B00
8b1b65ce-64fc-5789-b058-7ad1c0e9d28c,B00
17c14dbc-d267-506c-90e7-241b19ebe3a1,B00
9ca06764-1388-5f95-8fc0-3e9a71d13e6e,B00
2987e3b6-e853-58e9-9086-1949b61eac6a,B00
df1a96f5-27e0-5272-85b2-c27d1e9218ec,B00
6ba62e58-83d0-5ff8-b7af-f9fa92d55bb3,B00
b43173b7-07d6-5806-bb87-ef87c1ddb0c5,B00
b43173b7-07d6-5806-bb87-ef87c1ddb0c5,C00
b43173b7-07d6-5806-bb87-ef87c1ddb0c5,D01
8c2af845-5717-5f4c-8bc9-35ac3f9fa698,B00
a3b929a1-ed50-5e9f-9337-77d9b122e8a8,B00
711a3be1-b11d-5edb-bd97-1953fd9c6e8b,B00
d9db58ae-82c9-539d-aafb-9964e2e5b1d0,B00
957df61d-6e25-5407-9575-7d8ff7ee3a0e,D01
957df61d-6e25-5407-9575-7d8ff7ee3a0e,B08
ed957d1f-8c99-570a-af17-b006f086965d,A00
9ca06764-1388-5f95-8fc0-3e9a71d13e6e,A00
8c2af845-5717-5f4c-8bc9-35ac3f9fa698,A00
37f05319-fe2b-5162-8693-80bba7403adf,A00
a3b929a1-ed50-5e9f-9337-77d9b122e8a8,A00
1ea4cf3b-2ba3-51e4-b6ac-f42e998ae781,A00
711a3be1-b11d-5edb-bd97-1953fd9c6e8b,A00
bdac30c9-663c-5a0c-8d8b-7b91179388ed,A00
bdac30c9-663c-5a0c-8d8b-7b91179388ed,B00
6ba62e58-83d0-5ff8-b7af-f9fa92d55bb3,A00
d9db58ae-82c9-539d-aafb-9964e2e5b1d0,A00
476ffcb9-2542-56ab-ac14-937eb2f02737,A00
e5a81633-62ba-5ee9-95aa-dd2c14bbb36a,A00
e5a81633-62ba-5ee9-95aa-dd2c14bbb36a,B00
e5a81633-62ba-5ee9-95aa-dd2c14bbb36a,B08
87839443-0c0b-51b5-85f3-126862ca7e9d,A00
4abebd41-10c5-56ac-8049-fa5fb4cc0913,A00
b2b7e949-2d34-550e-969f-55af8ecb555c,B00
3e11e6a9-92a6-5ebc-b6b7-d0ab9266ba1a,A00
716b400d-b42e-593e-9d9c-2452c37b3fa9,A00
9918e1b5-dae0-52e5-a609-7ef03bc6042f,A00
716b400d-b42e-593e-9d9c-2452c37b3fa9,B00
3e11e6a9-92a6-5ebc-b6b7-d0ab9266ba1a,K01
716b400d-b42e-593e-9d9c-2452c37b3fa9,K01
9918e1b5-dae0-52e5-a609-7ef03bc6042f,K01
716b400d-b42e-593e-9d9c-2452c37b3fa9,K00
70a86aeb-727c-547b-bcf7-7cf820200b5b,V00
70a86aeb-727c-547b-bcf7-7cf820200b5b,V02
70a86aeb-727c-547b-bcf7-7cf820200b5b,V10
fd874257-f657-5cb8-abb9-c549661995b3,V00
fd874257-f657-5cb8-abb9-c549661995b3,V02
308efd61-e27e-5c13-9e8c-50b543167e7c,V00
308efd61-e27e-5c13-9e8c-50b543167e7c,V02
b233f832-0002-5ad6-9eff-2010392d1e08,V00
b233f832-0002-5ad6-9eff-2010392d1e08,V02
b233f832-0002-5ad6-9eff-2010392d1e08,V06
3761cf16-b994-5b45-937b-c78d6793a559,V00
3761cf16-b994-5b45-937b-c78d6793a559,V01
3761cf16-b994-5b45-937b-c78d6793a559,V02
a3bb1685-d57c-58b4-a77d-32d3caa8dc7f,V00
a3bb1685-d57c-58b4-a77d-32d3caa8dc7f,V01
a3bb1685-d57c-58b4-a77d-32d3caa8dc7f,V02
8a8f38e5-06c1-596f-8f4f-1997764565d8,A00
8a8f38e5-06c1-596f-8f4f-1997764565d8,A01
8a8f38e5-06c1-596f-8f4f-1997764565d8,D07
8a8f38e5-06c1-596f-8f4f-1997764565d8,D24
8a8f38e5-06c1-596f-8f4f-1997764565d8,D29
bc38abeb-1ac8-55de-b3a9-afccb6d4b876,A00
bc38abeb-1ac8-55de-b3a9-afccb6d4b876,A01
bc38abeb-1ac8-55de-b3a9-afccb6d4b876,D07
b23f505f-4299-57ce-b2a3-2bd258a577d8,A00
b23f505f-4299-57ce-b2a3-2bd258a577d8,A01
b23f505f-4299-57ce-b2a3-2bd258a577d8,D07
0732e9a8-d7c1-510b-93ec-3344bc0ec2aa,A00
0732e9a8-d7c1-510b-93ec-3344bc0ec2aa,A01
0732e9a8-d7c1-510b-93ec-3344bc0ec2aa,D07
cac1da61-1467-51b4-a932-c33e2665d7e6,A00
cac1da61-1467-51b4-a932-c33e2665d7e6,A01
cac1da61-1467-51b4-a932-c33e2665d7e6,D07
fc1453e2-5494-5b07-9d3f-24f07940ffde,A00
fc1453e2-5494-5b07-9d3f-24f07940ffde,A01
fc1453e2-5494-5b07-9d3f-24f07940ffde,B00
fc1453e2-5494-5b07-9d3f-24f07940ffde,D07
a8ce0475-1624-5e4e-a173-12071c558fba,A00
a8ce0475-1624-5e4e-a173-12071c558fba,A01
a8ce0475-1624-5e4e-a173-12071c558fba,B00
a8ce0475-1624-5e4e-a173-12071c558fba,D07
10e108cf-681c-5b73-967c-005031657978,A00
10e108cf-681c-5b73-967c-005031657978,B00
10e108cf-681c-5b73-967c-005031657978,D07
6d7d5bcc-2cdd-539a-8b20-1a4f64229a7a,A00
6d7d5bcc-2cdd-539a-8b20-1a4f64229a7a,B00
6d7d5bcc-2cdd-539a-8b20-1a4f64229a7a,D07
a62da6fc-a043-5356-be40-b1f499b29faa,A00
a62da6fc-a043-5356-be40-b1f499b29faa,A01
a62da6fc-a043-5356-be40-b1f499b29faa,D07
a5144a78-7c0c-5a00-a0a8-0241f9df0a2e,A00
a5144a78-7c0c-5a00-a0a8-0241f9df0a2e,A01
a5144a78-7c0c-5a00-a0a8-0241f9df0a2e,D07
c7e5c9da-164b-5757-83df-5ee5e14360fd,A00
c7e5c9da-164b-5757-83df-5ee5e14360fd,A01
c7e5c9da-164b-5757-83df-5ee5e14360fd,D07
6207146d-26e6-5d0a-b62d-ee43312fb28d,A00
6207146d-26e6-5d0a-b62d-ee43312fb28d,A01
6207146d-26e6-5d0a-b62d-ee43312fb28d,D07
e461d1eb-695f-57a6-bcf2-bfddc25bf628,A00
e461d1eb-695f-57a6-bcf2-bfddc25bf628,A01
e461d1eb-695f-57a6-bcf2-bfddc25bf628,D07
00c3fbea-c0ab-5094-88e0-0b42c3a68444,A00
00c3fbea-c0ab-5094-88e0-0b42c3a68444,A01
00c3fbea-c0ab-5094-88e0-0b42c3a68444,D07
b1bcd5a8-5339-573e-8cd0-915b7107e416,A00
b1bcd5a8-5339-573e-8cd0-915b7107e416,A01
b1bcd5a8-5339-573e-8cd0-915b7107e416,D07
4046cfc1-a09a-57d0-b368-99f4e4e0d6d6,A00
4046cfc1-a09a-57d0-b368-99f4e4e0d6d6,A01
4046cfc1-a09a-57d0-b368-99f4e4e0d6d6,D07
9ebe63ba-e282-5f3a-a173-947ce7d7e404,A00
9ebe63ba-e282-5f3a-a173-947ce7d7e404,A01
9ebe63ba-e282-5f3a-a173-947ce7d7e404,D07
0b158e93-8fe7-5f67-9f1d-d144671f30b2,A00
0b158e93-8fe7-5f67-9f1d-d144671f30b2,A01
0b158e93-8fe7-5f67-9f1d-d144671f30b2,D07
fb7bd2c8-fdae-5f90-b2c4-18ad1087472d,A00
fb7bd2c8-fdae-5f90-b2c4-18ad1087472d,A01
fb7bd2c8-fdae-5f90-b2c4-18ad1087472d,D01
fb7bd2c8-fdae-5f90-b2c4-18ad1087472d,D07
d984cdcb-1ef6-57fc-94a8-02fd08683a35,A00
d984cdcb-1ef6-57fc-94a8-02fd08683a35,A01
d984cdcb-1ef6-57fc-94a8-02fd08683a35,D07
81f14fd6-b944-5c8f-b791-d0d179992a30,A00
81f14fd6-b944-5c8f-b791-d0d179992a30,A01
81f14fd6-b944-5c8f-b791-d0d179992a30,D07
dd7f70ed-8ab0-5447-95d6-b299688d9888,A00
dd7f70ed-8ab0-5447-95d6-b299688d9888,A01
dd7f70ed-8ab0-5447-95d6-b299688d9888,D07
5b632f81-b722-5e2e-890c-8d71c5ec714f,A00
5b632f81-b722-5e2e-890c-8d71c5ec714f,A01
5b632f81-b722-5e2e-890c-8d71c5ec714f,D07
3e82133d-8ccb-519f-be68-b9aa2bf87cb1,A00
3e82133d-8ccb-519f-be68-b9aa2bf87cb1,A01
3e82133d-8ccb-519f-be68-b9aa2bf87cb1,D07
8c488fc9-4759-5b2b-bf1c-6a5021fb8735,A00
8c488fc9-4759-5b2b-bf1c-6a5021fb8735,A01
8c488fc9-4759-5b2b-bf1c-6a5021fb8735,D07
55b13e6a-684c-5840-95dd-29c0205e1eb4,A00
55b13e6a-684c-5840-95dd-29c0205e1eb4,A01
55b13e6a-684c-5840-95dd-29c0205e1eb4,B00
55b13e6a-684c-5840-95dd-29c0205e1eb4,D07
2ba6761b-1535-5be6-a501-ba0408b5734c,A00
2ba6761b-1535-5be6-a501-ba0408b5734c,A01
2ba6761b-1535-5be6-a501-ba0408b5734c,D01
2ba6761b-1535-5be6-a501-ba0408b5734c,D07
6cca7d38-9533-5132-b1da-9d67c2637572,A00
6cca7d38-9533-5132-b1da-9d67c2637572,A01
6cca7d38-9533-5132-b1da-9d67c2637572,D07
15dcb011-de93-5e2c-93c7-a8dd0af0be8b,A00
15dcb011-de93-5e2c-93c7-a8dd0af0be8b,A01
15dcb011-de93-5e2c-93c7-a8dd0af0be8b,D07
09d96c1b-d1a4-5bc2-b06f-7ddb98c86ecf,A00
09d96c1b-d1a4-5bc2-b06f-7ddb98c86ecf,A01
09d96c1b-d1a4-5bc2-b06f-7ddb98c86ecf,D07
e0284918-de96-5902-8840-ca6a43b821b5,A00
e0284918-de96-5902-8840-ca6a43b821b5,A01
e0284918-de96-5902-8840-ca6a43b821b5,D07
9931c89c-9add-5c31-8d58-d62ec333f0d2,A00
9931c89c-9add-5c31-8d58-d62ec333f0d2,A01
9931c89c-9add-5c31-8d58-d62ec333f0d2,D07
552ed032-072a-5e7e-b086-1b09401ddb55,A00
552ed032-072a-5e7e-b086-1b09401ddb55,A01
552ed032-072a-5e7e-b086-1b09401ddb55,B00
552ed032-072a-5e7e-b086-1b09401ddb55,D07
a416d316-e59f-5704-9c00-a6bc3223f600,A00
a416d316-e59f-5704-9c00-a6bc3223f600,A01
a416d316-e59f-5704-9c00-a6bc3223f600,B00
a416d316-e59f-5704-9c00-a6bc3223f600,D07
94ed4785-db5c-5682-8ae7-033f7a35cc34,V00
94ed4785-db5c-5682-8ae7-033f7a35cc34,V02
94ed4785-db5c-5682-8ae7-033f7a35cc34,V10
b930325f-ff71-5765-b4d1-af3afde818ec,V00
b930325f-ff71-5765-b4d1-af3afde818ec,V02
f8ad77f2-a513-5811-8285-05b47e93f440,V00
f8ad77f2-a513-5811-8285-05b47e93f440,V02
f8ad77f2-a513-5811-8285-05b47e93f440,V06
0806e54e-8d28-5429-aeda-4c94c83142a2,V00
0806e54e-8d28-5429-aeda-4c94c83142a2,V02
9d9586e9-86b4-5a8a-924e-e3f9c799ff01,V00
9d9586e9-86b4-5a8a-924e-e3f9c799ff01,V01
9d9586e9-86b4-5a8a-924e-e3f9c799ff01,V02
6e7caf7a-b5dd-596a-bf9f-9c1c735dffd3,V00
6e7caf7a-b5dd-596a-bf9f-9c1c735dffd3,V01
6e7caf7a-b5dd-596a-bf9f-9c1c735dffd3,V02
dbd336fb-950e-55c0-813b-af5a6fba4662,A00
dbd336fb-950e-55c0-813b-af5a6fba4662,A01
dbd336fb-950e-55c0-813b-af5a6fba4662,D07
dbd336fb-950e-55c0-813b-af5a6fba4662,D24
dbd336fb-950e-55c0-813b-af5a6fba4662,D29
b399d081-9424-5104-819d-2e6943fa447a,A00
b399d081-9424-5104-819d-2e6943fa447a,A01
b399d081-9424-5104-819d-2e6943fa447a,D07
bb13c788-6c05-5295-9df3-21a679cc6608,A00
bb13c788-6c05-5295-9df3-21a679cc6608,A01
bb13c788-6c05-5295-9df3-21a679cc6608,D07
92fc54c8-1b01-5d5e-bb83-8fa53cdae8c2,A00
92fc54c8-1b01-5d5e-bb83-8fa53cdae8c2,A01
92fc54c8-1b01-5d5e-bb83-8fa53cdae8c2,D07
f3b2de56-4a65-5a14-b8b2-de7033b70b4e,A00
f3b2de56-4a65-5a14-b8b2-de7033b70b4e,A01
f3b2de56-4a65-5a14-b8b2-de7033b70b4e,D07
7e12aca4-595c-5799-9784-9bf994e62444,A00
7e12aca4-595c-5799-9784-9bf994e62444,A01
7e12aca4-595c-5799-9784-9bf994e62444,D07
493004b8-43dc-5c7d-a2e7-3d26ef80a3a4,A00
493004b8-43dc-5c7d-a2e7-3d26ef80a3a4,A01
493004b8-43dc-5c7d-a2e7-3d26ef80a3a4,B00
493004b8-43dc-5c7d-a2e7-3d26ef80a3a4,D07
0ac6f2c9-a458-5208-81f9-06609edfbac1,A00
0ac6f2c9-a458-5208-81f9-06609edfbac1,A01
0ac6f2c9-a458-5208-81f9-06609edfbac1,D07
e798b587-5d16-56c0-a999-f64c842ebf1c,A00
e798b587-5d16-56c0-a999-f64c842ebf1c,A01
e798b587-5d16-56c0-a999-f64c842ebf1c,D07
6b413116-990b-5797-ade4-b181923005ae,A00
6b413116-990b-5797-ade4-b181923005ae,A01
6b413116-990b-5797-ade4-b181923005ae,D07
2e02ea82-140d-551a-85f5-6ed3b655715e,A00
2e02ea82-140d-551a-85f5-6ed3b655715e,A01
2e02ea82-140d-551a-85f5-6ed3b655715e,D07
5b632f81-b722-5e2e-890c-8d71c5ec714f,D01
3e82133d-8ccb-519f-be68-b9aa2bf87cb1,D01
8c488fc9-4759-5b2b-bf1c-6a5021fb8735,D01
b924ab1e-177d-5691-90e3-93c7577f2f82,A00
b924ab1e-177d-5691-90e3-93c7577f2f82,A01
b924ab1e-177d-5691-90e3-93c7577f2f82,D07
161a3c94-2056-5d04-adbf-2182af730784,A00
161a3c94-2056-5d04-adbf-2182af730784,A01
161a3c94-2056-5d04-adbf-2182af730784,D01
161a3c94-2056-5d04-adbf-2182af730784,D07
bb13c788-6c05-5295-9df3-21a679cc6608,D01
f3b2de56-4a65-5a14-b8b2-de7033b70b4e,D01
7e12aca4-595c-5799-9784-9bf994e62444,D01
0ac6f2c9-a458-5208-81f9-06609edfbac1,D01
e798b587-5d16-56c0-a999-f64c842ebf1c,D01
6b413116-990b-5797-ade4-b181923005ae,D01
2e02ea82-140d-551a-85f5-6ed3b655715e,D01
e313dd8d-c0d6-51e3-ad8d-d6eab9652968,H01
e313dd8d-c0d6-51e3-ad8d-d6eab9652968,H06
e313dd8d-c0d6-51e3-ad8d-d6eab9652968,V00
e313dd8d-c0d6-51e3-ad8d-d6eab9652968,V02
73c2d047-60b8-5a8b-8560-b4ce08a5fc58,A00
73c2d047-60b8-5a8b-8560-b4ce08a5fc58,A01
73c2d047-60b8-5a8b-8560-b4ce08a5fc58,D01
73c2d047-60b8-5a8b-8560-b4ce08a5fc58,D07
9b6cce39-87b1-5dfe-91dd-e85ef3e9acb0,A00
9b6cce39-87b1-5dfe-91dd-e85ef3e9acb0,A01
9b6cce39-87b1-5dfe-91dd-e85ef3e9acb0,D01
9b6cce39-87b1-5dfe-91dd-e85ef3e9acb0,D07
fe285454-9c4a-52de-911f-9d2bea54d7a2,A00
fe285454-9c4a-52de-911f-9d2bea54d7a2,A01
fe285454-9c4a-52de-911f-9d2bea54d7a2,D01
fe285454-9c4a-52de-911f-9d2bea54d7a2,D07
47aeb781-0a83-56b8-87ff-57ec57f78362,A00
47aeb781-0a83-56b8-87ff-57ec57f78362,A01
47aeb781-0a83-56b8-87ff-57ec57f78362,D07
52482be8-4dfd-5248-b577-1ee9ee6a5185,A00
52482be8-4dfd-5248-b577-1ee9ee6a5185,A01
52482be8-4dfd-5248-b577-1ee9ee6a5185,D07
0ece60b2-cb3d-5c43-bce9-b6e1246b3f80,A00
0ece60b2-cb3d-5c43-bce9-b6e1246b3f80,A01
0ece60b2-cb3d-5c43-bce9-b6e1246b3f80,D07
b924ab1e-177d-5691-90e3-93c7577f2f82,D01
42885dc1-9e90-5bf1-8a48-78b069a1d85f,V00
42885dc1-9e90-5bf1-8a48-78b069a1d85f,V02
92fc54c8-1b01-5d5e-bb83-8fa53cdae8c2,D01
28d829f7-83d9-583f-8321-b3cc28d7e1e1,A00
28d829f7-83d9-583f-8321-b3cc28d7e1e1,A01
28d829f7-83d9-583f-8321-b3cc28d7e1e1,D01
28d829f7-83d9-583f-8321-b3cc28d7e1e1,D07
4120d91e-608d-5235-bc40-25e86016c393,A00
4120d91e-608d-5235-bc40-25e86016c393,A01
4120d91e-608d-5235-bc40-25e86016c393,D01
4120d91e-608d-5235-bc40-25e86016c393,D07
b79c566a-2ed9-58a1-a81b-3d08dd8d2ec9,A00
b79c566a-2ed9-58a1-a81b-3d08dd8d2ec9,A01
b79c566a-2ed9-58a1-a81b-3d08dd8d2ec9,B00
b79c566a-2ed9-58a1-a81b-3d08dd8d2ec9,D07
3731c9ca-6993-5a21-a6f7-6b84a9c7d5d8,A00
3731c9ca-6993-5a21-a6f7-6b84a9c7d5d8,A01
3731c9ca-6993-5a21-a6f7-6b84a9c7d5d8,D01
3731c9ca-6993-5a21-a6f7-6b84a9c7d5d8,D07
e313dd8d-c0d6-51e3-ad8d-d6eab9652968,H00
e313dd8d-c0d6-51e3-ad8d-d6eab9652968,H07
e313dd8d-c0d6-51e3-ad8d-d6eab9652968,V01
7895218f-4367-5213-a986-efc25df90f90,H00
7895218f-4367-5213-a986-efc25df90f90,H07
7895218f-4367-5213-a986-efc25df90f90,V00
7895218f-4367-5213-a986-efc25df90f90,V01
7895218f-4367-5213-a986-efc25df90f90,V02
73c2d047-60b8-5a8b-8560-b4ce08a5fc58,C01
73c2d047-60b8-5a8b-8560-b4ce08a5fc58,X05
73c2d047-60b8-5a8b-8560-b4ce08a5fc58,X06
73c2d047-60b8-5a8b-8560-b4ce08a5fc58,X26
1fc16907-eb93-52ce-a204-b871a5df9f53,A00
1fc16907-eb93-52ce-a204-b871a5df9f53,A01
1fc16907-eb93-52ce-a204-b871a5df9f53,C01
1fc16907-eb93-52ce-a204-b871a5df9f53,D01
1fc16907-eb93-52ce-a204-b871a5df9f53,D07
1fc16907-eb93-52ce-a204-b871a5df9f53,X06
1fc16907-eb93-52ce-a204-b871a5df9f53,X26
5b632f81-b722-5e2e-890c-8d71c5ec714f,C01
5b632f81-b722-5e2e-890c-8d71c5ec714f,X06
5b632f81-b722-5e2e-890c-8d71c5ec714f,X26
3e82133d-8ccb-519f-be68-b9aa2bf87cb1,C01
3e82133d-8ccb-519f-be68-b9aa2bf87cb1,X06
8c488fc9-4759-5b2b-bf1c-6a5021fb8735,C01
8c488fc9-4759-5b2b-bf1c-6a5021fb8735,X06
8c488fc9-4759-5b2b-bf1c-6a5021fb8735,X26
9b6cce39-87b1-5dfe-91dd-e85ef3e9acb0,C01
9b6cce39-87b1-5dfe-91dd-e85ef3e9acb0,X06
9b6cce39-87b1-5dfe-91dd-e85ef3e9acb0,X26
d07811f4-5920-5958-8dc4-d89d27eecdcc,A00
d07811f4-5920-5958-8dc4-d89d27eecdcc,A01
d07811f4-5920-5958-8dc4-d89d27eecdcc,C01
d07811f4-5920-5958-8dc4-d89d27eecdcc,D01
d07811f4-5920-5958-8dc4-d89d27eecdcc,D07
d07811f4-5920-5958-8dc4-d89d27eecdcc,X06
d07811f4-5920-5958-8dc4-d89d27eecdcc,X26
ba035a44-0556-5ebf-bde9-50c3cdcaa227,A00
ba035a44-0556-5ebf-bde9-50c3cdcaa227,A01
ba035a44-0556-5ebf-bde9-50c3cdcaa227,C01
ba035a44-0556-5ebf-bde9-50c3cdcaa227,D07
ba035a44-0556-5ebf-bde9-50c3cdcaa227,X06
ba035a44-0556-5ebf-bde9-50c3cdcaa227,X26
55b13e6a-684c-5840-95dd-29c0205e1eb4,A02
55b13e6a-684c-5840-95dd-29c0205e1eb4,C01
55b13e6a-684c-5840-95dd-29c0205e1eb4,C02
55b13e6a-684c-5840-95dd-29c0205e1eb4,X06
55b13e6a-684c-5840-95dd-29c0205e1eb4,X14
2ba6761b-1535-5be6-a501-ba0408b5734c,C01
2ba6761b-1535-5be6-a501-ba0408b5734c,X05
2ba6761b-1535-5be6-a501-ba0408b5734c,X06
2ba6761b-1535-5be6-a501-ba0408b5734c,X26
fe285454-9c4a-52de-911f-9d2bea54d7a2,C01
fe285454-9c4a-52de-911f-9d2bea54d7a2,X05
fe285454-9c4a-52de-911f-9d2bea54d7a2,X06
fe285454-9c4a-52de-911f-9d2bea54d7a2,X26
a0891352-149a-54c6-8379-70796da25ab4,A00
a0891352-149a-54c6-8379-70796da25ab4,A01
a0891352-149a-54c6-8379-70796da25ab4,C01
a0891352-149a-54c6-8379-70796da25ab4,D01
a0891352-149a-54c6-8379-70796da25ab4,D07
a0891352-149a-54c6-8379-70796da25ab4,X05
a0891352-149a-54c6-8379-70796da25ab4,X06
a0891352-149a-54c6-8379-70796da25ab4,X26
6cca7d38-9533-5132-b1da-9d67c2637572,C01
6cca7d38-9533-5132-b1da-9d67c2637572,X06
15dcb011-de93-5e2c-93c7-a8dd0af0be8b,C01
15dcb011-de93-5e2c-93c7-a8dd0af0be8b,X06
e0284918-de96-5902-8840-ca6a43b821b5,C01
e0284918-de96-5902-8840-ca6a43b821b5,X06
9931c89c-9add-5c31-8d58-d62ec333f0d2,C01
9931c89c-9add-5c31-8d58-d62ec333f0d2,X06
b924ab1e-177d-5691-90e3-93c7577f2f82,C01
b924ab1e-177d-5691-90e3-93c7577f2f82,X06
78198dc0-e9ed-5c43-80fe-5c86a876e34b,A00
78198dc0-e9ed-5c43-80fe-5c86a876e34b,A01
78198dc0-e9ed-5c43-80fe-5c86a876e34b,C01
78198dc0-e9ed-5c43-80fe-5c86a876e34b,X06
552ed032-072a-5e7e-b086-1b09401ddb55,A02
552ed032-072a-5e7e-b086-1b09401ddb55,C01
552ed032-072a-5e7e-b086-1b09401ddb55,C02
552ed032-072a-5e7e-b086-1b09401ddb55,X06
552ed032-072a-5e7e-b086-1b09401ddb55,X14
a416d316-e59f-5704-9c00-a6bc3223f600,A02
a416d316-e59f-5704-9c00-a6bc3223f600,C01
a416d316-e59f-5704-9c00-a6bc3223f600,C02
a416d316-e59f-5704-9c00-a6bc3223f600,X06
a416d316-e59f-5704-9c00-a6bc3223f600,X14
161a3c94-2056-5d04-adbf-2182af730784,C01
161a3c94-2056-5d04-adbf-2182af730784,X06
dbd336fb-950e-55c0-813b-af5a6fba4662,C01
dbd336fb-950e-55c0-813b-af5a6fba4662,X06
b399d081-9424-5104-819d-2e6943fa447a,C01
b399d081-9424-5104-819d-2e6943fa447a,X06
bb13c788-6c05-5295-9df3-21a679cc6608,C01
bb13c788-6c05-5295-9df3-21a679cc6608,X06
92fc54c8-1b01-5d5e-bb83-8fa53cdae8c2,C01
92fc54c8-1b01-5d5e-bb83-8fa53cdae8c2,X06
28d829f7-83d9-583f-8321-b3cc28d7e1e1,C01
28d829f7-83d9-583f-8321-b3cc28d7e1e1,X06
4120d91e-608d-5235-bc40-25e86016c393,C01
4120d91e-608d-5235-bc40-25e86016c393,D24
4120d91e-608d-5235-bc40-25e86016c393,D29
4120d91e-608d-5235-bc40-25e86016c393,X06
f3b2de56-4a65-5a14-b8b2-de7033b70b4e,C01
f3b2de56-4a65-5a14-b8b2-de7033b70b4e,X06
7e12aca4-595c-5799-9784-9bf994e62444,C01
7e12aca4-595c-5799-9784-9bf994e62444,X06
b79c566a-2ed9-58a1-a81b-3d08dd8d2ec9,C01
b79c566a-2ed9-58a1-a81b-3d08dd8d2ec9,D01
b79c566a-2ed9-58a1-a81b-3d08dd8d2ec9,X06
493004b8-43dc-5c7d-a2e7-3d26ef80a3a4,A02
493004b8-43dc-5c7d-a2e7-3d26ef80a3a4,C01
493004b8-43dc-5c7d-a2e7-3d26ef80a3a4,C02
493004b8-43dc-5c7d-a2e7-3d26ef80a3a4,X06
493004b8-43dc-5c7d-a2e7-3d26ef80a3a4,X14
0ac6f2c9-a458-5208-81f9-06609edfbac1,C01
0ac6f2c9-a458-5208-81f9-06609edfbac1,X05
0ac6f2c9-a458-5208-81f9-06609edfbac1,X06
0ac6f2c9-a458-5208-81f9-06609edfbac1,X26
e798b587-5d16-56c0-a999-f64c842ebf1c,C01
e798b587-5d16-56c0-a999-f64c842ebf1c,X05
e798b587-5d16-56c0-a999-f64c842ebf1c,X06
e798b587-5d16-56c0-a999-f64c842ebf1c,X26
6b413116-990b-5797-ade4-b181923005ae,C01
6b413116-990b-5797-ade4-b181923005ae,X05
6b413116-990b-5797-ade4-b181923005ae,X06
6b413116-990b-5797-ade4-b181923005ae,X26
2e02ea82-140d-551a-85f5-6ed3b655715e,C01
2e02ea82-140d-551a-85f5-6ed3b655715e,X05
2e02ea82-140d-551a-85f5-6ed3b655715e,X06
2e02ea82-140d-551a-85f5-6ed3b655715e,X26
3731c9ca-6993-5a21-a6f7-6b84a9c7d5d8,C01
3731c9ca-6993-5a21-a6f7-6b84a9c7d5d8,X05
3731c9ca-6993-5a21-a6f7-6b84a9c7d5d8,X06
3731c9ca-6993-5a21-a6f7-6b84a9c7d5d8,X26
5b632f81-b722-5e2e-890c-8d71c5ec714f,K00
5b632f81-b722-5e2e-890c-8d71c5ec714f,K01
3e82133d-8ccb-519f-be68-b9aa2bf87cb1,K00
3e82133d-8ccb-519f-be68-b9aa2bf87cb1,K01
8c488fc9-4759-5b2b-bf1c-6a5021fb8735,K00
8c488fc9-4759-5b2b-bf1c-6a5021fb8735,K01
55b13e6a-684c-5840-95dd-29c0205e1eb4,K00
55b13e6a-684c-5840-95dd-29c0205e1eb4,K01
2ba6761b-1535-5be6-a501-ba0408b5734c,K00
2ba6761b-1535-5be6-a501-ba0408b5734c,K01
2ba6761b-1535-5be6-a501-ba0408b5734c,K02
6cca7d38-9533-5132-b1da-9d67c2637572,K00
6cca7d38-9533-5132-b1da-9d67c2637572,K01
15dcb011-de93-5e2c-93c7-a8dd0af0be8b,K00
15dcb011-de93-5e2c-93c7-a8dd0af0be8b,K01
09d96c1b-d1a4-5bc2-b06f-7ddb98c86ecf,K00
09d96c1b-d1a4-5bc2-b06f-7ddb98c86ecf,K01
e0284918-de96-5902-8840-ca6a43b821b5,K00
e0284918-de96-5902-8840-ca6a43b821b5,K01
9931c89c-9add-5c31-8d58-d62ec333f0d2,K00
9931c89c-9add-5c31-8d58-d62ec333f0d2,K01
552ed032-072a-5e7e-b086-1b09401ddb55,K00
552ed032-072a-5e7e-b086-1b09401ddb55,K01
a416d316-e59f-5704-9c00-a6bc3223f600,K00
a416d316-e59f-5704-9c00-a6bc3223f600,K01
dbd336fb-950e-55c0-813b-af5a6fba4662,K00
dbd336fb-950e-55c0-813b-af5a6fba4662,K01
b399d081-9424-5104-819d-2e6943fa447a,K00
b399d081-9424-5104-819d-2e6943fa447a,K01
bb13c788-6c05-5295-9df3-21a679cc6608,K00
bb13c788-6c05-5295-9df3-21a679cc6608,K01
92fc54c8-1b01-5d5e-bb83-8fa53cdae8c2,K00
92fc54c8-1b01-5d5e-bb83-8fa53cdae8c2,K01
f3b2de56-4a65-5a14-b8b2-de7033b70b4e,K00
f3b2de56-4a65-5a14-b8b2-de7033b70b4e,K01
7e12aca4-595c-5799-9784-9bf994e62444,K00
7e12aca4-595c-5799-9784-9bf994e62444,K01
493004b8-43dc-5c7d-a2e7-3d26ef80a3a4,K00
493004b8-43dc-5c7d-a2e7-3d26ef80a3a4,K01
0ac6f2c9-a458-5208-81f9-06609edfbac1,K00
0ac6f2c9-a458-5208-81f9-06609edfbac1,K01
e798b587-5d16-56c0-a999-f64c842ebf1c,K00
e798b587-5d16-56c0-a999-f64c842ebf1c,K01
6b413116-990b-5797-ade4-b181923005ae,K00
6b413116-990b-5797-ade4-b181923005ae,K01
2e02ea82-140d-551a-85f5-6ed3b655715e,K00
2e02ea82-140d-551a-85f5-6ed3b655715e,K01
b924ab1e-177d-5691-90e3-93c7577f2f82,K00
161a3c94-2056-5d04-adbf-2182af730784,K00
73c2d047-60b8-5a8b-8560-b4ce08a5fc58,K00
9b6cce39-87b1-5dfe-91dd-e85ef3e9acb0,K00
fe285454-9c4a-52de-911f-9d2bea54d7a2,K00
47aeb781-0a83-56b8-87ff-57ec57f78362,K00
52482be8-4dfd-5248-b577-1ee9ee6a5185,K00
0ece60b2-cb3d-5c43-bce9-b6e1246b3f80,K00
28d829f7-83d9-583f-8321-b3cc28d7e1e1,K00
4120d91e-608d-5235-bc40-25e86016c393,K00
b79c566a-2ed9-58a1-a81b-3d08dd8d2ec9,K00
3731c9ca-6993-5a21-a6f7-6b84a9c7d5d8,K00
9bfc0514-b720-5fd5-ac15-05390b39a65c,A00
9bfc0514-b720-5fd5-ac15-05390b39a65c,A01
9bfc0514-b720-5fd5-ac15-05390b39a65c,D01
9bfc0514-b720-5fd5-ac15-05390b39a65c,D07
5b1947e9-9fd1-5b1f-9450-2cb5950b2895,A00
5b1947e9-9fd1-5b1f-9450-2cb5950b2895,A01
5b1947e9-9fd1-5b1f-9450-2cb5950b2895,D01
5b1947e9-9fd1-5b1f-9450-2cb5950b2895,D07
563a33e5-2f50-5c47-bb1f-00bf9811acb4,A00
563a33e5-2f50-5c47-bb1f-00bf9811acb4,A01
563a33e5-2f50-5c47-bb1f-00bf9811acb4,D01
563a33e5-2f50-5c47-bb1f-00bf9811acb4,D07
b417d2e3-356e-5125-bb9b-901a1bdcde29,A00
b417d2e3-356e-5125-bb9b-901a1bdcde29,A01
b417d2e3-356e-5125-bb9b-901a1bdcde29,D01
b417d2e3-356e-5125-bb9b-901a1bdcde29,D07
65255ae0-ad72-5215-8314-e0b9919d4aa1,A00
65255ae0-ad72-5215-8314-e0b9919d4aa1,A01
65255ae0-ad72-5215-8314-e0b9919d4aa1,D01
65255ae0-ad72-5215-8314-e0b9919d4aa1,D07
9e34552f-d4fc-5544-aaf3-67c58f5d9a16,A00
9e34552f-d4fc-5544-aaf3-67c58f5d9a16,A01
9e34552f-d4fc-5544-aaf3-67c58f5d9a16,D01
9e34552f-d4fc-5544-aaf3-67c58f5d9a16,D07
bcdc7985-d8b5-5061-9676-951c0e5f3ec6,A00
bcdc7985-d8b5-5061-9676-951c0e5f3ec6,A01
bcdc7985-d8b5-5061-9676-951c0e5f3ec6,D01
bcdc7985-d8b5-5061-9676-951c0e5f3ec6,D07
dd1c1449-b712-599d-a02f-8aca5b268c1e,A00
dd1c1449-b712-599d-a02f-8aca5b268c1e,A01
dd1c1449-b712-599d-a02f-8aca5b268c1e,D01
dd1c1449-b712-599d-a02f-8aca5b268c1e,D07
6da61016-4bab-5e2f-9262-2a7d3dc766bc,A00
6da61016-4bab-5e2f-9262-2a7d3dc766bc,A01
6da61016-4bab-5e2f-9262-2a7d3dc766bc,D01
6da61016-4bab-5e2f-9262-2a7d3dc766bc,D07
32193703-8616-5545-9a7a-58039a3c0cd1,A00
32193703-8616-5545-9a7a-58039a3c0cd1,A01
32193703-8616-5545-9a7a-58039a3c0cd1,D01
32193703-8616-5545-9a7a-58039a3c0cd1,D07
d90fca24-f4c5-5d16-9290-8058e36955f7,A00
d90fca24-f4c5-5d16-9290-8058e36955f7,A01
d90fca24-f4c5-5d16-9290-8058e36955f7,D01
d90fca24-f4c5-5d16-9290-8058e36955f7,D07
6f9c6d93-3d39-5fad-9ee8-0477ce27ecf5,A00
6f9c6d93-3d39-5fad-9ee8-0477ce27ecf5,A01
6f9c6d93-3d39-5fad-9ee8-0477ce27ecf5,D01
6f9c6d93-3d39-5fad-9ee8-0477ce27ecf5,D07
650b81f4-35e5-5478-aeba-9ff6ce020c05,A00
650b81f4-35e5-5478-aeba-9ff6ce020c05,A01
650b81f4-35e5-5478-aeba-9ff6ce020c05,D01
650b81f4-35e5-5478-aeba-9ff6ce020c05,D07
9ea8caa1-cec8-5ad6-9770-954d879796da,A00
9ea8caa1-cec8-5ad6-9770-954d879796da,A01
9ea8caa1-cec8-5ad6-9770-954d879796da,D01
9ea8caa1-cec8-5ad6-9770-954d879796da,D07
74ef7dbf-9876-5617-9ad9-1eeb7209c1eb,A00
74ef7dbf-9876-5617-9ad9-1eeb7209c1eb,A01
74ef7dbf-9876-5617-9ad9-1eeb7209c1eb,D01
74ef7dbf-9876-5617-9ad9-1eeb7209c1eb,D07
9a07817f-decb-5470-a7be-d97de08846e9,A00
9a07817f-decb-5470-a7be-d97de08846e9,A01
9a07817f-decb-5470-a7be-d97de08846e9,D01
9a07817f-decb-5470-a7be-d97de08846e9,D07
1ac2db95-3a80-58a9-9929-c8ebd44f3cb6,A00
1ac2db95-3a80-58a9-9929-c8ebd44f3cb6,A01
1ac2db95-3a80-58a9-9929-c8ebd44f3cb6,D01
1ac2db95-3a80-58a9-9929-c8ebd44f3cb6,D07
eb188f16-7bb6-5025-ac26-7d17ca0a2aca,A00
eb188f16-7bb6-5025-ac26-7d17ca0a2aca,A01
eb188f16-7bb6-5025-ac26-7d17ca0a2aca,D01
eb188f16-7bb6-5025-ac26-7d17ca0a2aca,D07
01de8ab8-16f9-570f-8a09-f1a218990099,A00
01de8ab8-16f9-570f-8a09-f1a218990099,A01
01de8ab8-16f9-570f-8a09-f1a218990099,D01
01de8ab8-16f9-570f-8a09-f1a218990099,D07
c45e97bf-83e1-5c78-a2a0-6bd000f086a8,D01
c45e97bf-83e1-5c78-a2a0-6bd000f086a8,D09
c45e97bf-83e1-5c78-a2a0-6bd000f086a8,D10
c45e97bf-83e1-5c78-a2a0-6bd000f086a8,D14
c45e97bf-83e1-5c78-a2a0-6bd000f086a8,D66
c45e97bf-83e1-5c78-a2a0-6bd000f086a8,D84
c45e97bf-83e1-5c78-a2a0-6bd000f086a8,X25
c45e97bf-83e1-5c78-a2a0-6bd000f086a8,X78
3208457d-3f18-5688-bb56-d683d2b2f49d,A00
3208457d-3f18-5688-bb56-d683d2b2f49d,A01
3208457d-3f18-5688-bb56-d683d2b2f49d,D01
3208457d-3f18-5688-bb56-d683d2b2f49d,D07
da069e27-2bb0-58d6-ac81-230f10993f2d,A00
da069e27-2bb0-58d6-ac81-230f10993f2d,A01
da069e27-2bb0-58d6-ac81-230f10993f2d,D01
da069e27-2bb0-58d6-ac81-230f10993f2d,D07
94ab1a16-d935-5fa1-bc09-362433add764,D01
94ab1a16-d935-5fa1-bc09-362433add764,D09
94ab1a16-d935-5fa1-bc09-362433add764,D10
94ab1a16-d935-5fa1-bc09-362433add764,D14
94ab1a16-d935-5fa1-bc09-362433add764,D66
94ab1a16-d935-5fa1-bc09-362433add764,D84
94ab1a16-d935-5fa1-bc09-362433add764,X25
94ab1a16-d935-5fa1-bc09-362433add764,X78
7879bf5c-dee0-58e2-a4e6-e9eff7502d7f,A00
7879bf5c-dee0-58e2-a4e6-e9eff7502d7f,A01
7879bf5c-dee0-58e2-a4e6-e9eff7502d7f,D01
7879bf5c-dee0-58e2-a4e6-e9eff7502d7f,D07
418e6a06-a2dc-5394-a03c-7bcccd0c0c7b,A00
418e6a06-a2dc-5394-a03c-7bcccd0c0c7b,A01
418e6a06-a2dc-5394-a03c-7bcccd0c0c7b,D01
418e6a06-a2dc-5394-a03c-7bcccd0c0c7b,D07
f0a81819-2e27-5f52-83f2-2158539d0e6a,A00
f0a81819-2e27-5f52-83f2-2158539d0e6a,A01
f0a81819-2e27-5f52-83f2-2158539d0e6a,D01
f0a81819-2e27-5f52-83f2-2158539d0e6a,D07
9d3b78b1-7e91-505c-ba69-058a0c39e79e,A00
9d3b78b1-7e91-505c-ba69-058a0c39e79e,A01
9d3b78b1-7e91-505c-ba69-058a0c39e79e,D01
9d3b78b1-7e91-505c-ba69-058a0c39e79e,D07
701316df-3032-5377-9e18-462b75afdae5,A00
701316df-3032-5377-9e18-462b75afdae5,A01
701316df-3032-5377-9e18-462b75afdae5,D01
701316df-3032-5377-9e18-462b75afdae5,D07
2fbf91bb-8f55-5cf3-8a30-22c64eef1611,A00
2fbf91bb-8f55-5cf3-8a30-22c64eef1611,A01
2fbf91bb-8f55-5cf3-8a30-22c64eef1611,A02
2fbf91bb-8f55-5cf3-8a30-22c64eef1611,B00
2fbf91bb-8f55-5cf3-8a30-22c64eef1611,D07
674957c5-e436-5c51-8f60-6e73861102d5,A00
674957c5-e436-5c51-8f60-6e73861102d5,A01
674957c5-e436-5c51-8f60-6e73861102d5,D01
674957c5-e436-5c51-8f60-6e73861102d5,D07
1db7239b-fe48-543f-9011-65bb1d87169f,A00
1db7239b-fe48-543f-9011-65bb1d87169f,A01
1db7239b-fe48-543f-9011-65bb1d87169f,D01
1db7239b-fe48-543f-9011-65bb1d87169f,D07
e1865ce4-507e-572e-a565-97c593cad458,A00
e1865ce4-507e-572e-a565-97c593cad458,A01
e1865ce4-507e-572e-a565-97c593cad458,D01
e1865ce4-507e-572e-a565-97c593cad458,D07
43b8161f-21a9-5416-8461-c70b14a5ac64,A00
43b8161f-21a9-5416-8461-c70b14a5ac64,A01
43b8161f-21a9-5416-8461-c70b14a5ac64,D01
43b8161f-21a9-5416-8461-c70b14a5ac64,D07
cb59b50c-43b3-5ee0-9d99-fd5b2c6b79a0,A00
cb59b50c-43b3-5ee0-9d99-fd5b2c6b79a0,A01
cb59b50c-43b3-5ee0-9d99-fd5b2c6b79a0,D01
cb59b50c-43b3-5ee0-9d99-fd5b2c6b79a0,D07
5412ea53-afa6-5c2e-9f9d-dc0e26148a14,A00
5412ea53-afa6-5c2e-9f9d-dc0e26148a14,A01
5412ea53-afa6-5c2e-9f9d-dc0e26148a14,D01
5412ea53-afa6-5c2e-9f9d-dc0e26148a14,D07
90bfbb7c-88d0-5965-8166-fa5ba8880871,A00
90bfbb7c-88d0-5965-8166-fa5ba8880871,A06
90bfbb7c-88d0-5965-8166-fa5ba8880871,C04
90bfbb7c-88d0-5965-8166-fa5ba8880871,D01
3f39d294-01b3-5b7f-8c29-c0c3bc64cbf4,A00
3f39d294-01b3-5b7f-8c29-c0c3bc64cbf4,A01
3f39d294-01b3-5b7f-8c29-c0c3bc64cbf4,D01
3f39d294-01b3-5b7f-8c29-c0c3bc64cbf4,D07
677af1a4-ddeb-5f53-b9b1-01cf83d2c89f,A00
677af1a4-ddeb-5f53-b9b1-01cf83d2c89f,A01
677af1a4-ddeb-5f53-b9b1-01cf83d2c89f,D01
677af1a4-ddeb-5f53-b9b1-01cf83d2c89f,D07
3df8189b-5a4d-5d40-9da7-dde01ce97470,A00
3df8189b-5a4d-5d40-9da7-dde01ce97470,A01
3df8189b-5a4d-5d40-9da7-dde01ce97470,D01
3df8189b-5a4d-5d40-9da7-dde01ce97470,D07
86bc9f59-dc6d-5168-a7b0-1687fc77e073,A00
86bc9f59-dc6d-5168-a7b0-1687fc77e073,C04
86bc9f59-dc6d-5168-a7b0-1687fc77e073,D01
86bc9f59-dc6d-5168-a7b0-1687fc77e073,D10
e5922530-15c9-5d0d-a3ae-9cd9b6c57e67,A00
e5922530-15c9-5d0d-a3ae-9cd9b6c57e67,A01
e5922530-15c9-5d0d-a3ae-9cd9b6c57e67,B00
e5922530-15c9-5d0d-a3ae-9cd9b6c57e67,D07
6581a110-febb-533a-a476-61e34c668098,A00
6581a110-febb-533a-a476-61e34c668098,A01
6581a110-febb-533a-a476-61e34c668098,D01
6581a110-febb-533a-a476-61e34c668098,D07
f8eb218c-f7ca-5989-90d4-2eb4731d72b6,A00
f8eb218c-f7ca-5989-90d4-2eb4731d72b6,A01
f8eb218c-f7ca-5989-90d4-2eb4731d72b6,C01
f8eb218c-f7ca-5989-90d4-2eb4731d72b6,D07
1ee46f7c-a6d0-5643-bd25-4914919ba0f9,A00
1ee46f7c-a6d0-5643-bd25-4914919ba0f9,A01
1ee46f7c-a6d0-5643-bd25-4914919ba0f9,C01
1ee46f7c-a6d0-5643-bd25-4914919ba0f9,D07
16afcbf5-ec17-554c-9b20-5dbd2a0474e2,A00
16afcbf5-ec17-554c-9b20-5dbd2a0474e2,A01
16afcbf5-ec17-554c-9b20-5dbd2a0474e2,C01
16afcbf5-ec17-554c-9b20-5dbd2a0474e2,D07
d72adf7f-1647-5a06-bf35-f4fb7053d6d9,A00
d72adf7f-1647-5a06-bf35-f4fb7053d6d9,A01
d72adf7f-1647-5a06-bf35-f4fb7053d6d9,C01
d72adf7f-1647-5a06-bf35-f4fb7053d6d9,D07
d52e64aa-07bf-5738-93f6-799d9c058879,A00
d52e64aa-07bf-5738-93f6-799d9c058879,A01
d52e64aa-07bf-5738-93f6-799d9c058879,C01
d52e64aa-07bf-5738-93f6-799d9c058879,D07
3f12640a-9eda-51d8-870d-a6e6d7c3fd2e,A00
3f12640a-9eda-51d8-870d-a6e6d7c3fd2e,A01
3f12640a-9eda-51d8-870d-a6e6d7c3fd2e,B00
3f12640a-9eda-51d8-870d-a6e6d7c3fd2e,D07
56016558-f4ca-58c4-9cdb-76be4e5039be,A00
56016558-f4ca-58c4-9cdb-76be4e5039be,A01
56016558-f4ca-58c4-9cdb-76be4e5039be,B00
56016558-f4ca-58c4-9cdb-76be4e5039be,D01
b83b3b1a-77ca-5533-8415-0f5a9630bc08,A00
b83b3b1a-77ca-5533-8415-0f5a9630bc08,A04
b83b3b1a-77ca-5533-8415-0f5a9630bc08,C04
b83b3b1a-77ca-5533-8415-0f5a9630bc08,D01
61cca6d6-2a62-5fb8-bfd0-6163e1861ec8,A00
61cca6d6-2a62-5fb8-bfd0-6163e1861ec8,A01
b3690b2d-fb99-558f-82cb-d5cccb6b070c,A00
b3690b2d-fb99-558f-82cb-d5cccb6b070c,C04
b3690b2d-fb99-558f-82cb-d5cccb6b070c,D01
b3690b2d-fb99-558f-82cb-d5cccb6b070c,D10
02e4b2a7-2081-52ca-b169-3d69dfceb777,A00
02e4b2a7-2081-52ca-b169-3d69dfceb777,A01
02e4b2a7-2081-52ca-b169-3d69dfceb777,C01
02e4b2a7-2081-52ca-b169-3d69dfceb777,D01
d45da281-ecd8-585a-b60f-847120ae58df,A00
d45da281-ecd8-585a-b60f-847120ae58df,A01
364e2239-9546-5b3e-9df0-4dae3612bca6,A00
364e2239-9546-5b3e-9df0-4dae3612bca6,A01
364e2239-9546-5b3e-9df0-4dae3612bca6,D01
364e2239-9546-5b3e-9df0-4dae3612bca6,D07
d1d03e7c-3615-5635-916f-2c80362458be,A00
d1d03e7c-3615-5635-916f-2c80362458be,A01
d1d03e7c-3615-5635-916f-2c80362458be,C01
d1d03e7c-3615-5635-916f-2c80362458be,D07
3ed9e0de-d016-5078-894e-c57fd1a02280,A00
3ed9e0de-d016-5078-894e-c57fd1a02280,A01
3ed9e0de-d016-5078-894e-c57fd1a02280,C01
3ed9e0de-d016-5078-894e-c57fd1a02280,D07
74a0a55d-974e-51e5-bfee-31b0e7b53204,A00
74a0a55d-974e-51e5-bfee-31b0e7b53204,A01
74a0a55d-974e-51e5-bfee-31b0e7b53204,C01
74a0a55d-974e-51e5-bfee-31b0e7b53204,D07
56865ecf-2de3-5c1e-8640-27da52a92634,A00
56865ecf-2de3-5c1e-8640-27da52a92634,A04
56865ecf-2de3-5c1e-8640-27da52a92634,C04
56865ecf-2de3-5c1e-8640-27da52a92634,D01
7d5ad474-ec27-585c-9438-6a9adcc3645a,A05
7d5ad474-ec27-585c-9438-6a9adcc3645a,C04
7d5ad474-ec27-585c-9438-6a9adcc3645a,D01
7d5ad474-ec27-585c-9438-6a9adcc3645a,D10
7ea5a734-328f-56d6-93e2-fd67fd047636,A00
7ea5a734-328f-56d6-93e2-fd67fd047636,B00
7ea5a734-328f-56d6-93e2-fd67fd047636,C04
7ea5a734-328f-56d6-93e2-fd67fd047636,D01
c2e6034f-cd63-50e6-973b-fdaa997f1b20,A00
c2e6034f-cd63-50e6-973b-fdaa997f1b20,A01
c2e6034f-cd63-50e6-973b-fdaa997f1b20,C04
c2e6034f-cd63-50e6-973b-fdaa997f1b20,D01
90bfbb7c-88d0-5965-8166-fa5ba8880871,D07
673cfba6-98dc-5eca-89aa-ac97ee18a76c,A00
673cfba6-98dc-5eca-89aa-ac97ee18a76c,A01
673cfba6-98dc-5eca-89aa-ac97ee18a76c,A04
673cfba6-98dc-5eca-89aa-ac97ee18a76c,D07
d32b6c3a-f979-5cd4-b12e-280c0571eb13,A00
d32b6c3a-f979-5cd4-b12e-280c0571eb13,A01
d32b6c3a-f979-5cd4-b12e-280c0571eb13,D01
d32b6c3a-f979-5cd4-b12e-280c0571eb13,D07
03273f91-0465-5e6c-af09-14072c59fdea,A00
03273f91-0465-5e6c-af09-14072c59fdea,A01
03273f91-0465-5e6c-af09-14072c59fdea,C01
e5922530-15c9-5d0d-a3ae-9cd9b6c57e67,A06
6581a110-febb-533a-a476-61e34c668098,B00
a3d92133-0ffd-5077-833a-46204ebc1676,A00
a3d92133-0ffd-5077-833a-46204ebc1676,A01
a3d92133-0ffd-5077-833a-46204ebc1676,C01
5020fa12-434a-592a-96ae-cdb38fa034f2,A00
5020fa12-434a-592a-96ae-cdb38fa034f2,A01
5020fa12-434a-592a-96ae-cdb38fa034f2,C01
b83b3b1a-77ca-5533-8415-0f5a9630bc08,A01
61cca6d6-2a62-5fb8-bfd0-6163e1861ec8,A04
61cca6d6-2a62-5fb8-bfd0-6163e1861ec8,D07
25534421-e69d-5d61-97a2-3669ed97fe48,A00
25534421-e69d-5d61-97a2-3669ed97fe48,C04
25534421-e69d-5d61-97a2-3669ed97fe48,D01
25534421-e69d-5d61-97a2-3669ed97fe48,D10
d45da281-ecd8-585a-b60f-847120ae58df,D01
d45da281-ecd8-585a-b60f-847120ae58df,D07
b38ae83a-fce9-5d20-b040-8230c92934d1,A00
b38ae83a-fce9-5d20-b040-8230c92934d1,A01
b38ae83a-fce9-5d20-b040-8230c92934d1,D01
b38ae83a-fce9-5d20-b040-8230c92934d1,D07
c08761ae-1405-5d6f-a4df-b74be82e61f4,A00
c08761ae-1405-5d6f-a4df-b74be82e61f4,A01
c08761ae-1405-5d6f-a4df-b74be82e61f4,D01
c08761ae-1405-5d6f-a4df-b74be82e61f4,D07
364e2239-9546-5b3e-9df0-4dae3612bca6,B00
a0139baf-57d3-5e28-ad26-1fbf216e7496,A00
a0139baf-57d3-5e28-ad26-1fbf216e7496,C04
a0139baf-57d3-5e28-ad26-1fbf216e7496,D01
a0139baf-57d3-5e28-ad26-1fbf216e7496,D10
d1d03e7c-3615-5635-916f-2c80362458be,C04
d1d03e7c-3615-5635-916f-2c80362458be,D01
3ed9e0de-d016-5078-894e-c57fd1a02280,C04
3ed9e0de-d016-5078-894e-c57fd1a02280,D01
74a0a55d-974e-51e5-bfee-31b0e7b53204,C04
74a0a55d-974e-51e5-bfee-31b0e7b53204,D01
56865ecf-2de3-5c1e-8640-27da52a92634,A01
b3352b6b-559c-5557-b05a-0394e4aa75bf,A00
b3352b6b-559c-5557-b05a-0394e4aa75bf,A01
b3352b6b-559c-5557-b05a-0394e4aa75bf,C04
b3352b6b-559c-5557-b05a-0394e4aa75bf,D01
a21ae01a-9153-5f2c-aa39-261272fee78b,A00
a21ae01a-9153-5f2c-aa39-261272fee78b,A01
a21ae01a-9153-5f2c-aa39-261272fee78b,C04
a21ae01a-9153-5f2c-aa39-261272fee78b,D01
4a2a7c06-0c66-55ae-8c5c-e272091547d8,A00
4a2a7c06-0c66-55ae-8c5c-e272091547d8,A01
4a2a7c06-0c66-55ae-8c5c-e272091547d8,B00
4a2a7c06-0c66-55ae-8c5c-e272091547d8,D07
7d5ad474-ec27-585c-9438-6a9adcc3645a,D07
7ea5a734-328f-56d6-93e2-fd67fd047636,B08
e9508854-af76-5c02-a502-5de469e64e1a,A00
e9508854-af76-5c02-a502-5de469e64e1a,A01
e9508854-af76-5c02-a502-5de469e64e1a,B00
e9508854-af76-5c02-a502-5de469e64e1a,D01
03273f91-0465-5e6c-af09-14072c59fdea,D01
f8eb218c-f7ca-5989-90d4-2eb4731d72b6,D01
1ee46f7c-a6d0-5643-bd25-4914919ba0f9,D01
16afcbf5-ec17-554c-9b20-5dbd2a0474e2,D01
a3d92133-0ffd-5077-833a-46204ebc1676,D01
d72adf7f-1647-5a06-bf35-f4fb7053d6d9,D01
d52e64aa-07bf-5738-93f6-799d9c058879,D01
5020fa12-434a-592a-96ae-cdb38fa034f2,D01
56016558-f4ca-58c4-9cdb-76be4e5039be,C04
364e2239-9546-5b3e-9df0-4dae3612bca6,A06
4a2a7c06-0c66-55ae-8c5c-e272091547d8,A06
ed53e373-f342-536c-af01-3bca7ba92228,D01
ed53e373-f342-536c-af01-3bca7ba92228,D09
ed53e373-f342-536c-af01-3bca7ba92228,D10
ed53e373-f342-536c-af01-3bca7ba92228,D14
ed53e373-f342-536c-af01-3bca7ba92228,D15
ed53e373-f342-536c-af01-3bca7ba92228,D66
ed53e373-f342-536c-af01-3bca7ba92228,D78
ed53e373-f342-536c-af01-3bca7ba92228,D96
0144bd3d-9b7b-510c-9523-61d42737fcfd,C00
0144bd3d-9b7b-510c-9523-61d42737fcfd,C03
0144bd3d-9b7b-510c-9523-61d42737fcfd,D01
0144bd3d-9b7b-510c-9523-61d42737fcfd,D04
0144bd3d-9b7b-510c-9523-61d42737fcfd,D09
0144bd3d-9b7b-510c-9523-61d42737fcfd,D14
0144bd3d-9b7b-510c-9523-61d42737fcfd,D66
0144bd3d-9b7b-510c-9523-61d42737fcfd,D78
43b8161f-21a9-5416-8461-c70b14a5ac64,C04
43b8161f-21a9-5416-8461-c70b14a5ac64,D09
43b8161f-21a9-5416-8461-c70b14a5ac64,D10
43b8161f-21a9-5416-8461-c70b14a5ac64,D84
cb59b50c-43b3-5ee0-9d99-fd5b2c6b79a0,C01
cb59b50c-43b3-5ee0-9d99-fd5b2c6b79a0,D09
cb59b50c-43b3-5ee0-9d99-fd5b2c6b79a0,D10
cb59b50c-43b3-5ee0-9d99-fd5b2c6b79a0,D84
5412ea53-afa6-5c2e-9f9d-dc0e26148a14,C01
5412ea53-afa6-5c2e-9f9d-dc0e26148a14,D09
5412ea53-afa6-5c2e-9f9d-dc0e26148a14,D10
5412ea53-afa6-5c2e-9f9d-dc0e26148a14,D84
90bfbb7c-88d0-5965-8166-fa5ba8880871,A04
90bfbb7c-88d0-5965-8166-fa5ba8880871,C01
90bfbb7c-88d0-5965-8166-fa5ba8880871,D10
673cfba6-98dc-5eca-89aa-ac97ee18a76c,A06
673cfba6-98dc-5eca-89aa-ac97ee18a76c,B00
673cfba6-98dc-5eca-89aa-ac97ee18a76c,B02
673cfba6-98dc-5eca-89aa-ac97ee18a76c,B08
d32b6c3a-f979-5cd4-b12e-280c0571eb13,X06
d32b6c3a-f979-5cd4-b12e-280c0571eb13,X10
d32b6c3a-f979-5cd4-b12e-280c0571eb13,X26
d32b6c3a-f979-5cd4-b12e-280c0571eb13,X27
677af1a4-ddeb-5f53-b9b1-01cf83d2c89f,X06
677af1a4-ddeb-5f53-b9b1-01cf83d2c89f,X10
677af1a4-ddeb-5f53-b9b1-01cf83d2c89f,X26
677af1a4-ddeb-5f53-b9b1-01cf83d2c89f,X27
86bc9f59-dc6d-5168-a7b0-1687fc77e073,A01
86bc9f59-dc6d-5168-a7b0-1687fc77e073,C02
86bc9f59-dc6d-5168-a7b0-1687fc77e073,C03
03273f91-0465-5e6c-af09-14072c59fdea,X06
e5922530-15c9-5d0d-a3ae-9cd9b6c57e67,A02
e5922530-15c9-5d0d-a3ae-9cd9b6c57e67,A05
e5922530-15c9-5d0d-a3ae-9cd9b6c57e67,C02
6581a110-febb-533a-a476-61e34c668098,C04
6581a110-febb-533a-a476-61e34c668098,D09
6581a110-febb-533a-a476-61e34c668098,D10
6581a110-febb-533a-a476-61e34c668098,D84
f8eb218c-f7ca-5989-90d4-2eb4731d72b6,X06
1c3c411c-1c79-5c97-937e-cbd8f5dc4565,A00
1c3c411c-1c79-5c97-937e-cbd8f5dc4565,A01
1c3c411c-1c79-5c97-937e-cbd8f5dc4565,C01
1c3c411c-1c79-5c97-937e-cbd8f5dc4565,D01
1c3c411c-1c79-5c97-937e-cbd8f5dc4565,X06
1ee46f7c-a6d0-5643-bd25-4914919ba0f9,X06
16afcbf5-ec17-554c-9b20-5dbd2a0474e2,X06
0930c624-7c6c-508e-bc93-3e6a9e277cff,A01
0930c624-7c6c-508e-bc93-3e6a9e277cff,A04
0930c624-7c6c-508e-bc93-3e6a9e277cff,A09
0930c624-7c6c-508e-bc93-3e6a9e277cff,B02
0930c624-7c6c-508e-bc93-3e6a9e277cff,C04
0930c624-7c6c-508e-bc93-3e6a9e277cff,D01
0930c624-7c6c-508e-bc93-3e6a9e277cff,D10
0930c624-7c6c-508e-bc93-3e6a9e277cff,D84
a3d92133-0ffd-5077-833a-46204ebc1676,X06
d72adf7f-1647-5a06-bf35-f4fb7053d6d9,X06
d52e64aa-07bf-5738-93f6-799d9c058879,X06
3f12640a-9eda-51d8-870d-a6e6d7c3fd2e,A02
3f12640a-9eda-51d8-870d-a6e6d7c3fd2e,A05
3f12640a-9eda-51d8-870d-a6e6d7c3fd2e,A06
3f12640a-9eda-51d8-870d-a6e6d7c3fd2e,C02
82dd2334-d510-51bb-a801-f544a4833fab,A00
82dd2334-d510-51bb-a801-f544a4833fab,A01
82dd2334-d510-51bb-a801-f544a4833fab,A02
82dd2334-d510-51bb-a801-f544a4833fab,A03
82dd2334-d510-51bb-a801-f544a4833fab,A04
82dd2334-d510-51bb-a801-f544a4833fab,A10
82dd2334-d510-51bb-a801-f544a4833fab,C01
82dd2334-d510-51bb-a801-f544a4833fab,D01
56016558-f4ca-58c4-9cdb-76be4e5039be,A04
56016558-f4ca-58c4-9cdb-76be4e5039be,A09
56016558-f4ca-58c4-9cdb-76be4e5039be,C01
b83b3b1a-77ca-5533-8415-0f5a9630bc08,C01
b83b3b1a-77ca-5533-8415-0f5a9630bc08,C02
b83b3b1a-77ca-5533-8415-0f5a9630bc08,D07
b83b3b1a-77ca-5533-8415-0f5a9630bc08,D10
61cca6d6-2a62-5fb8-bfd0-6163e1861ec8,A06
61cca6d6-2a62-5fb8-bfd0-6163e1861ec8,B00
61cca6d6-2a62-5fb8-bfd0-6163e1861ec8,B02
61cca6d6-2a62-5fb8-bfd0-6163e1861ec8,B08
b3690b2d-fb99-558f-82cb-d5cccb6b070c,A01
25534421-e69d-5d61-97a2-3669ed97fe48,A04
25534421-e69d-5d61-97a2-3669ed97fe48,C01
25534421-e69d-5d61-97a2-3669ed97fe48,C02
25534421-e69d-5d61-97a2-3669ed97fe48,D15
02e4b2a7-2081-52ca-b169-3d69dfceb777,B03
02e4b2a7-2081-52ca-b169-3d69dfceb777,C02
02e4b2a7-2081-52ca-b169-3d69dfceb777,C03
02e4b2a7-2081-52ca-b169-3d69dfceb777,C04
02e4b2a7-2081-52ca-b169-3d69dfceb777,D10
d45da281-ecd8-585a-b60f-847120ae58df,B00
d45da281-ecd8-585a-b60f-847120ae58df,B02
d45da281-ecd8-585a-b60f-847120ae58df,B08
d45da281-ecd8-585a-b60f-847120ae58df,C02
b38ae83a-fce9-5d20-b040-8230c92934d1,B00
b38ae83a-fce9-5d20-b040-8230c92934d1,B02
b38ae83a-fce9-5d20-b040-8230c92934d1,B08
b38ae83a-fce9-5d20-b040-8230c92934d1,C02
c08761ae-1405-5d6f-a4df-b74be82e61f4,A04
c08761ae-1405-5d6f-a4df-b74be82e61f4,A06
c08761ae-1405-5d6f-a4df-b74be82e61f4,B00
c08761ae-1405-5d6f-a4df-b74be82e61f4,B02
c08761ae-1405-5d6f-a4df-b74be82e61f4,B08
364e2239-9546-5b3e-9df0-4dae3612bca6,B03
364e2239-9546-5b3e-9df0-4dae3612bca6,C02
364e2239-9546-5b3e-9df0-4dae3612bca6,C03
364e2239-9546-5b3e-9df0-4dae3612bca6,C04
364e2239-9546-5b3e-9df0-4dae3612bca6,D10
00d17996-76cb-59b6-8b00-52ac815cd0a7,A00
00d17996-76cb-59b6-8b00-52ac815cd0a7,A07
00d17996-76cb-59b6-8b00-52ac815cd0a7,C01
00d17996-76cb-59b6-8b00-52ac815cd0a7,C02
00d17996-76cb-59b6-8b00-52ac815cd0a7,C04
00d17996-76cb-59b6-8b00-52ac815cd0a7,D01
00d17996-76cb-59b6-8b00-52ac815cd0a7,D07
00d17996-76cb-59b6-8b00-52ac815cd0a7,D10
a0139baf-57d3-5e28-ad26-1fbf216e7496,A01
a0139baf-57d3-5e28-ad26-1fbf216e7496,C02
a0139baf-57d3-5e28-ad26-1fbf216e7496,C03
d1d03e7c-3615-5635-916f-2c80362458be,A10
d1d03e7c-3615-5635-916f-2c80362458be,B04
d1d03e7c-3615-5635-916f-2c80362458be,C02
3ed9e0de-d016-5078-894e-c57fd1a02280,A10
3ed9e0de-d016-5078-894e-c57fd1a02280,B04
3ed9e0de-d016-5078-894e-c57fd1a02280,C02
56865ecf-2de3-5c1e-8640-27da52a92634,A02
56865ecf-2de3-5c1e-8640-27da52a92634,C02
56865ecf-2de3-5c1e-8640-27da52a92634,D07
56865ecf-2de3-5c1e-8640-27da52a92634,D10
b3352b6b-559c-5557-b05a-0394e4aa75bf,A04
b3352b6b-559c-5557-b05a-0394e4aa75bf,C01
b3352b6b-559c-5557-b05a-0394e4aa75bf,C02
b3352b6b-559c-5557-b05a-0394e4aa75bf,D07
a21ae01a-9153-5f2c-aa39-261272fee78b,A10
a21ae01a-9153-5f2c-aa39-261272fee78b,B04
a21ae01a-9153-5f2c-aa39-261272fee78b,C01
a21ae01a-9153-5f2c-aa39-261272fee78b,C02
4a2a7c06-0c66-55ae-8c5c-e272091547d8,A11
4a2a7c06-0c66-55ae-8c5c-e272091547d8,C02
4a2a7c06-0c66-55ae-8c5c-e272091547d8,D01
7d5ad474-ec27-585c-9438-6a9adcc3645a,A04
7d5ad474-ec27-585c-9438-6a9adcc3645a,A06
7d5ad474-ec27-585c-9438-6a9adcc3645a,A07
7d5ad474-ec27-585c-9438-6a9adcc3645a,C03
7ea5a734-328f-56d6-93e2-fd67fd047636,A07
7ea5a734-328f-56d6-93e2-fd67fd047636,A09
7ea5a734-328f-56d6-93e2-fd67fd047636,C14
7ea5a734-328f-56d6-93e2-fd67fd047636,D10
c2e6034f-cd63-50e6-973b-fdaa997f1b20,A09
c2e6034f-cd63-50e6-973b-fdaa997f1b20,D10
890c6011-acfa-5f58-a96e-6dc0531ddc23,A00
890c6011-acfa-5f58-a96e-6dc0531ddc23,A01
890c6011-acfa-5f58-a96e-6dc0531ddc23,A04
890c6011-acfa-5f58-a96e-6dc0531ddc23,A06
890c6011-acfa-5f58-a96e-6dc0531ddc23,B00
890c6011-acfa-5f58-a96e-6dc0531ddc23,C04
890c6011-acfa-5f58-a96e-6dc0531ddc23,D01
890c6011-acfa-5f58-a96e-6dc0531ddc23,D10
e9508854-af76-5c02-a502-5de469e64e1a,B03
e9508854-af76-5c02-a502-5de469e64e1a,C02
e9508854-af76-5c02-a502-5de469e64e1a,C03
e9508854-af76-5c02-a502-5de469e64e1a,C04
e9508854-af76-5c02-a502-5de469e64e1a,D10
673cfba6-98dc-5eca-89aa-ac97ee18a76c,K00
673cfba6-98dc-5eca-89aa-ac97ee18a76c,K01
673cfba6-98dc-5eca-89aa-ac97ee18a76c,K02
d32b6c3a-f979-5cd4-b12e-280c0571eb13,K00
d32b6c3a-f979-5cd4-b12e-280c0571eb13,K01
d32b6c3a-f979-5cd4-b12e-280c0571eb13,K02
677af1a4-ddeb-5f53-b9b1-01cf83d2c89f,K00
677af1a4-ddeb-5f53-b9b1-01cf83d2c89f,K01
677af1a4-ddeb-5f53-b9b1-01cf83d2c89f,K02
3df8189b-5a4d-5d40-9da7-dde01ce97470,K00
3df8189b-5a4d-5d40-9da7-dde01ce97470,K01
3df8189b-5a4d-5d40-9da7-dde01ce97470,K02
03273f91-0465-5e6c-af09-14072c59fdea,K00
03273f91-0465-5e6c-af09-14072c59fdea,K01
03273f91-0465-5e6c-af09-14072c59fdea,K02
e5922530-15c9-5d0d-a3ae-9cd9b6c57e67,K00
e5922530-15c9-5d0d-a3ae-9cd9b6c57e67,K01
e5922530-15c9-5d0d-a3ae-9cd9b6c57e67,K02
f8eb218c-f7ca-5989-90d4-2eb4731d72b6,K00
f8eb218c-f7ca-5989-90d4-2eb4731d72b6,K01
f8eb218c-f7ca-5989-90d4-2eb4731d72b6,K02
1ee46f7c-a6d0-5643-bd25-4914919ba0f9,K00
1ee46f7c-a6d0-5643-bd25-4914919ba0f9,K01
1ee46f7c-a6d0-5643-bd25-4914919ba0f9,K02
16afcbf5-ec17-554c-9b20-5dbd2a0474e2,K00
16afcbf5-ec17-554c-9b20-5dbd2a0474e2,K01
16afcbf5-ec17-554c-9b20-5dbd2a0474e2,K02
a3d92133-0ffd-5077-833a-46204ebc1676,K00
a3d92133-0ffd-5077-833a-46204ebc1676,K01
a3d92133-0ffd-5077-833a-46204ebc1676,K02
d72adf7f-1647-5a06-bf35-f4fb7053d6d9,K00
d72adf7f-1647-5a06-bf35-f4fb7053d6d9,K01
d72adf7f-1647-5a06-bf35-f4fb7053d6d9,K02
d52e64aa-07bf-5738-93f6-799d9c058879,K00
d52e64aa-07bf-5738-93f6-799d9c058879,K01
d52e64aa-07bf-5738-93f6-799d9c058879,K02
5020fa12-434a-592a-96ae-cdb38fa034f2,K00
5020fa12-434a-592a-96ae-cdb38fa034f2,K01
5020fa12-434a-592a-96ae-cdb38fa034f2,K02
3f12640a-9eda-51d8-870d-a6e6d7c3fd2e,K00
3f12640a-9eda-51d8-870d-a6e6d7c3fd2e,K01
3f12640a-9eda-51d8-870d-a6e6d7c3fd2e,K02
61cca6d6-2a62-5fb8-bfd0-6163e1861ec8,K00
61cca6d6-2a62-5fb8-bfd0-6163e1861ec8,K01
61cca6d6-2a62-5fb8-bfd0-6163e1861ec8,K02
02e4b2a7-2081-52ca-b169-3d69dfceb777,K00
02e4b2a7-2081-52ca-b169-3d69dfceb777,K01
02e4b2a7-2081-52ca-b169-3d69dfceb777,K02
d45da281-ecd8-585a-b60f-847120ae58df,K00
d45da281-ecd8-585a-b60f-847120ae58df,K01
d45da281-ecd8-585a-b60f-847120ae58df,K02
b38ae83a-fce9-5d20-b040-8230c92934d1,K00
b38ae83a-fce9-5d20-b040-8230c92934d1,K01
b38ae83a-fce9-5d20-b040-8230c92934d1,K02
c08761ae-1405-5d6f-a4df-b74be82e61f4,K00
c08761ae-1405-5d6f-a4df-b74be82e61f4,K01
c08761ae-1405-5d6f-a4df-b74be82e61f4,K02
364e2239-9546-5b3e-9df0-4dae3612bca6,K00
364e2239-9546-5b3e-9df0-4dae3612bca6,K01
364e2239-9546-5b3e-9df0-4dae3612bca6,K02
d1d03e7c-3615-5635-916f-2c80362458be,K00
d1d03e7c-3615-5635-916f-2c80362458be,K01
d1d03e7c-3615-5635-916f-2c80362458be,K02
3ed9e0de-d016-5078-894e-c57fd1a02280,K00
3ed9e0de-d016-5078-894e-c57fd1a02280,K01
3ed9e0de-d016-5078-894e-c57fd1a02280,K02
74a0a55d-974e-51e5-bfee-31b0e7b53204,K00
74a0a55d-974e-51e5-bfee-31b0e7b53204,K01
74a0a55d-974e-51e5-bfee-31b0e7b53204,K02
a21ae01a-9153-5f2c-aa39-261272fee78b,K00
a21ae01a-9153-5f2c-aa39-261272fee78b,K01
a21ae01a-9153-5f2c-aa39-261272fee78b,K02
4a2a7c06-0c66-55ae-8c5c-e272091547d8,K00
4a2a7c06-0c66-55ae-8c5c-e272091547d8,K01
4a2a7c06-0c66-55ae-8c5c-e272091547d8,K02
c2e6034f-cd63-50e6-973b-fdaa997f1b20,K00
c2e6034f-cd63-50e6-973b-fdaa997f1b20,K01
c2e6034f-cd63-50e6-973b-fdaa997f1b20,K02
e9508854-af76-5c02-a502-5de469e64e1a,K00
e9508854-af76-5c02-a502-5de469e64e1a,K01
e9508854-af76-5c02-a502-5de469e64e1a,K02
f34c22c6-508d-5076-b5d5-ca1257c5abd8,A00
f34c22c6-508d-5076-b5d5-ca1257c5abd8,A01
f34c22c6-508d-5076-b5d5-ca1257c5abd8,D01
f34c22c6-508d-5076-b5d5-ca1257c5abd8,D07
1e1ae401-0fab-5f29-8467-c6bc0ca32604,A00
1e1ae401-0fab-5f29-8467-c6bc0ca32604,A01
1e1ae401-0fab-5f29-8467-c6bc0ca32604,D01
1e1ae401-0fab-5f29-8467-c6bc0ca32604,D07
3d044477-b27f-55e9-ba31-23f859da29e7,A00
3d044477-b27f-55e9-ba31-23f859da29e7,A01
3d044477-b27f-55e9-ba31-23f859da29e7,D01
3d044477-b27f-55e9-ba31-23f859da29e7,D07
a08e6679-9274-5c84-87af-698e92c66cd5,A00
a08e6679-9274-5c84-87af-698e92c66cd5,A01
a08e6679-9274-5c84-87af-698e92c66cd5,D01
a08e6679-9274-5c84-87af-698e92c66cd5,D07
c4444940-844f-54fa-87cf-14782b4322e1,A00
c4444940-844f-54fa-87cf-14782b4322e1,A01
c4444940-844f-54fa-87cf-14782b4322e1,D01
c4444940-844f-54fa-87cf-14782b4322e1,D07
dd318cad-3ea3-5cea-ad1a-06ce4cfc2f92,A00
dd318cad-3ea3-5cea-ad1a-06ce4cfc2f92,A01
dd318cad-3ea3-5cea-ad1a-06ce4cfc2f92,D01
dd318cad-3ea3-5cea-ad1a-06ce4cfc2f92,D07
2e2f69c1-0736-5d6c-b3dd-092af87a98ca,A00
2e2f69c1-0736-5d6c-b3dd-092af87a98ca,A01
2e2f69c1-0736-5d6c-b3dd-092af87a98ca,D01
2e2f69c1-0736-5d6c-b3dd-092af87a98ca,D07
4e6eed6d-e8bb-5f71-a742-617eec0e3344,A00
4e6eed6d-e8bb-5f71-a742-617eec0e3344,A01
4e6eed6d-e8bb-5f71-a742-617eec0e3344,B00
4e6eed6d-e8bb-5f71-a742-617eec0e3344,D01
83024fa9-a627-5ddb-a1b3-632fdb8300d5,A00
83024fa9-a627-5ddb-a1b3-632fdb8300d5,A01
83024fa9-a627-5ddb-a1b3-632fdb8300d5,D01
83024fa9-a627-5ddb-a1b3-632fdb8300d5,D07
b821b3a2-7c3d-53f3-b5f7-5a6ab3a89bba,A00
b821b3a2-7c3d-53f3-b5f7-5a6ab3a89bba,A01
b821b3a2-7c3d-53f3-b5f7-5a6ab3a89bba,D01
b821b3a2-7c3d-53f3-b5f7-5a6ab3a89bba,D07
ed3b33ae-c154-537a-adaf-5c77a10dfb5d,A00
ed3b33ae-c154-537a-adaf-5c77a10dfb5d,A01
ed3b33ae-c154-537a-adaf-5c77a10dfb5d,D01
ed3b33ae-c154-537a-adaf-5c77a10dfb5d,D07
a99f0448-cf03-5fc8-87d0-6b47588ff762,A00
a99f0448-cf03-5fc8-87d0-6b47588ff762,A01
a99f0448-cf03-5fc8-87d0-6b47588ff762,D01
a99f0448-cf03-5fc8-87d0-6b47588ff762,D07
1388985c-e726-58b5-a8f1-8362c6d22ac1,A00
1388985c-e726-58b5-a8f1-8362c6d22ac1,A01
1388985c-e726-58b5-a8f1-8362c6d22ac1,D01
1388985c-e726-58b5-a8f1-8362c6d22ac1,D07
843da0db-2474-5917-8ef8-1bcd3114def6,A00
843da0db-2474-5917-8ef8-1bcd3114def6,A01
843da0db-2474-5917-8ef8-1bcd3114def6,D01
843da0db-2474-5917-8ef8-1bcd3114def6,D07
9826eb45-89d7-53c9-b999-46015abd3940,A00
9826eb45-89d7-53c9-b999-46015abd3940,A01
9826eb45-89d7-53c9-b999-46015abd3940,D01
9826eb45-89d7-53c9-b999-46015abd3940,D07
ebb078db-ad1e-5984-9742-faf142d06f78,A00
ebb078db-ad1e-5984-9742-faf142d06f78,B00
ebb078db-ad1e-5984-9742-faf142d06f78,D07
1fa98729-0d5f-5d65-86b2-5aed3972cfb8,A00
1fa98729-0d5f-5d65-86b2-5aed3972cfb8,A02
1fa98729-0d5f-5d65-86b2-5aed3972cfb8,B00
1fa98729-0d5f-5d65-86b2-5aed3972cfb8,D08
c909476d-5c59-55c8-818e-a30e2aa413c0,A00
c909476d-5c59-55c8-818e-a30e2aa413c0,A01
c909476d-5c59-55c8-818e-a30e2aa413c0,D01
c909476d-5c59-55c8-818e-a30e2aa413c0,D07
f8c62821-0f2a-5322-9338-65c41c705657,A00
f8c62821-0f2a-5322-9338-65c41c705657,A01
f8c62821-0f2a-5322-9338-65c41c705657,D01
f8c62821-0f2a-5322-9338-65c41c705657,D07
b2947ea4-c66f-5754-a636-ba4b588dd727,A00
b2947ea4-c66f-5754-a636-ba4b588dd727,A01
b2947ea4-c66f-5754-a636-ba4b588dd727,D01
b2947ea4-c66f-5754-a636-ba4b588dd727,D07
471e27cd-d4be-5dbe-9aa8-bda8722ea8bb,A00
471e27cd-d4be-5dbe-9aa8-bda8722ea8bb,A01
471e27cd-d4be-5dbe-9aa8-bda8722ea8bb,D01
471e27cd-d4be-5dbe-9aa8-bda8722ea8bb,D07
e5aaf9a1-f0cc-5bf2-9128-62f0b6ce0e86,A00
e5aaf9a1-f0cc-5bf2-9128-62f0b6ce0e86,A01
e5aaf9a1-f0cc-5bf2-9128-62f0b6ce0e86,D01
e5aaf9a1-f0cc-5bf2-9128-62f0b6ce0e86,D07
38a0c432-dab6-5062-800c-e74ceeb15a54,A00
38a0c432-dab6-5062-800c-e74ceeb15a54,A01
38a0c432-dab6-5062-800c-e74ceeb15a54,D01
38a0c432-dab6-5062-800c-e74ceeb15a54,D07
fcb0991b-8b46-5bc2-9345-f3528ab3e1d1,A01
fcb0991b-8b46-5bc2-9345-f3528ab3e1d1,D01
fcb0991b-8b46-5bc2-9345-f3528ab3e1d1,D07
fcb0991b-8b46-5bc2-9345-f3528ab3e1d1,D08
6d96c130-80c3-5d3a-8c1c-4ef00104dfa7,A00
6d96c130-80c3-5d3a-8c1c-4ef00104dfa7,A01
6d96c130-80c3-5d3a-8c1c-4ef00104dfa7,D01
6d96c130-80c3-5d3a-8c1c-4ef00104dfa7,D07
52e520fa-9cd9-5651-826d-6322adae82cd,A00
52e520fa-9cd9-5651-826d-6322adae82cd,A01
52e520fa-9cd9-5651-826d-6322adae82cd,D01
52e520fa-9cd9-5651-826d-6322adae82cd,D07
322f53f2-17e1-57e8-9e01-ebe4326a1237,A00
322f53f2-17e1-57e8-9e01-ebe4326a1237,A01
322f53f2-17e1-57e8-9e01-ebe4326a1237,D01
322f53f2-17e1-57e8-9e01-ebe4326a1237,D07
51d708fa-5393-53ed-9865-8d4183fa3747,A00
51d708fa-5393-53ed-9865-8d4183fa3747,A01
51d708fa-5393-53ed-9865-8d4183fa3747,D01
51d708fa-5393-53ed-9865-8d4183fa3747,D07
4c90df53-cbe6-5a48-9bde-049fe201a9bd,A00
4c90df53-cbe6-5a48-9bde-049fe201a9bd,A01
4c90df53-cbe6-5a48-9bde-049fe201a9bd,D01
4c90df53-cbe6-5a48-9bde-049fe201a9bd,D07
78d021dd-54f3-5de7-9365-1136a36dbc85,A00
78d021dd-54f3-5de7-9365-1136a36dbc85,A01
78d021dd-54f3-5de7-9365-1136a36dbc85,D01
78d021dd-54f3-5de7-9365-1136a36dbc85,D07
6f116477-917a-5cec-bef5-9562cd056158,A00
6f116477-917a-5cec-bef5-9562cd056158,A01
6f116477-917a-5cec-bef5-9562cd056158,D01
6f116477-917a-5cec-bef5-9562cd056158,D07
5590b49d-7e0f-56d7-ba99-763a5e952b81,A00
5590b49d-7e0f-56d7-ba99-763a5e952b81,A01
5590b49d-7e0f-56d7-ba99-763a5e952b81,D01
5590b49d-7e0f-56d7-ba99-763a5e952b81,D07
f3a8ff9a-34c8-5f94-bf9e-391eb8c6c472,A00
f3a8ff9a-34c8-5f94-bf9e-391eb8c6c472,A01
f3a8ff9a-34c8-5f94-bf9e-391eb8c6c472,D01
f3a8ff9a-34c8-5f94-bf9e-391eb8c6c472,D07
01b78a75-6712-5cd2-9d0d-ae658f5f56c1,A00
01b78a75-6712-5cd2-9d0d-ae658f5f56c1,A01
01b78a75-6712-5cd2-9d0d-ae658f5f56c1,C00
01b78a75-6712-5cd2-9d0d-ae658f5f56c1,D01
ad44cd00-7b20-57f2-8997-bd817096cced,A00
ad44cd00-7b20-57f2-8997-bd817096cced,A01
ad44cd00-7b20-57f2-8997-bd817096cced,D01
ad44cd00-7b20-57f2-8997-bd817096cced,D07
19f1713e-5ec3-55fb-93fb-0033b4379872,A00
19f1713e-5ec3-55fb-93fb-0033b4379872,A01
19f1713e-5ec3-55fb-93fb-0033b4379872,D01
19f1713e-5ec3-55fb-93fb-0033b4379872,D07
22c05d99-f2a2-5c1d-b787-eb2b246bd3a7,A00
22c05d99-f2a2-5c1d-b787-eb2b246bd3a7,A01
22c05d99-f2a2-5c1d-b787-eb2b246bd3a7,D01
22c05d99-f2a2-5c1d-b787-eb2b246bd3a7,D07
ef82fe25-4616-55d5-9c9f-c9fcf1b6552f,A01
ef82fe25-4616-55d5-9c9f-c9fcf1b6552f,D01
ef82fe25-4616-55d5-9c9f-c9fcf1b6552f,D04
ef82fe25-4616-55d5-9c9f-c9fcf1b6552f,D07
91611f0c-c72d-56cb-b4e5-f669cee9d6c0,A00
91611f0c-c72d-56cb-b4e5-f669cee9d6c0,A01
91611f0c-c72d-56cb-b4e5-f669cee9d6c0,C00
91611f0c-c72d-56cb-b4e5-f669cee9d6c0,D01
4e6eed6d-e8bb-5f71-a742-617eec0e3344,D07
ebb078db-ad1e-5984-9742-faf142d06f78,C02
5bf4f4eb-8fe1-5e02-88cc-3f02da6f5691,A00
5bf4f4eb-8fe1-5e02-88cc-3f02da6f5691,A01
5bf4f4eb-8fe1-5e02-88cc-3f02da6f5691,D01
5bf4f4eb-8fe1-5e02-88cc-3f02da6f5691,D07
78d021dd-54f3-5de7-9365-1136a36dbc85,D09
78d021dd-54f3-5de7-9365-1136a36dbc85,D10
f34c22c6-508d-5076-b5d5-ca1257c5abd8,C01
f34c22c6-508d-5076-b5d5-ca1257c5abd8,C02
f34c22c6-508d-5076-b5d5-ca1257c5abd8,X02
f34c22c6-508d-5076-b5d5-ca1257c5abd8,X06
1e1ae401-0fab-5f29-8467-c6bc0ca32604,C01
1e1ae401-0fab-5f29-8467-c6bc0ca32604,C02
1e1ae401-0fab-5f29-8467-c6bc0ca32604,X02
1e1ae401-0fab-5f29-8467-c6bc0ca32604,X06
3d044477-b27f-55e9-ba31-23f859da29e7,C01
3d044477-b27f-55e9-ba31-23f859da29e7,C02
3d044477-b27f-55e9-ba31-23f859da29e7,X02
3d044477-b27f-55e9-ba31-23f859da29e7,X06
a08e6679-9274-5c84-87af-698e92c66cd5,C01
a08e6679-9274-5c84-87af-698e92c66cd5,C02
a08e6679-9274-5c84-87af-698e92c66cd5,X02
a08e6679-9274-5c84-87af-698e92c66cd5,X06
c4444940-844f-54fa-87cf-14782b4322e1,C01
c4444940-844f-54fa-87cf-14782b4322e1,X02
c4444940-844f-54fa-87cf-14782b4322e1,X06
c4444940-844f-54fa-87cf-14782b4322e1,X26
dd318cad-3ea3-5cea-ad1a-06ce4cfc2f92,C01
dd318cad-3ea3-5cea-ad1a-06ce4cfc2f92,X02
dd318cad-3ea3-5cea-ad1a-06ce4cfc2f92,X06
dd318cad-3ea3-5cea-ad1a-06ce4cfc2f92,X26
2e2f69c1-0736-5d6c-b3dd-092af87a98ca,C01
2e2f69c1-0736-5d6c-b3dd-092af87a98ca,C02
2e2f69c1-0736-5d6c-b3dd-092af87a98ca,X02
2e2f69c1-0736-5d6c-b3dd-092af87a98ca,X06
4e6eed6d-e8bb-5f71-a742-617eec0e3344,C01
4e6eed6d-e8bb-5f71-a742-617eec0e3344,C02
4e6eed6d-e8bb-5f71-a742-617eec0e3344,X02
4e6eed6d-e8bb-5f71-a742-617eec0e3344,X10
83024fa9-a627-5ddb-a1b3-632fdb8300d5,C01
83024fa9-a627-5ddb-a1b3-632fdb8300d5,C02
83024fa9-a627-5ddb-a1b3-632fdb8300d5,X02
83024fa9-a627-5ddb-a1b3-632fdb8300d5,X06
b821b3a2-7c3d-53f3-b5f7-5a6ab3a89bba,C01
b821b3a2-7c3d-53f3-b5f7-5a6ab3a89bba,C02
b821b3a2-7c3d-53f3-b5f7-5a6ab3a89bba,X02
b821b3a2-7c3d-53f3-b5f7-5a6ab3a89bba,X06
ed3b33ae-c154-537a-adaf-5c77a10dfb5d,C01
ed3b33ae-c154-537a-adaf-5c77a10dfb5d,X02
ed3b33ae-c154-537a-adaf-5c77a10dfb5d,X06
ed3b33ae-c154-537a-adaf-5c77a10dfb5d,X26
a99f0448-cf03-5fc8-87d0-6b47588ff762,C01
a99f0448-cf03-5fc8-87d0-6b47588ff762,C02
a99f0448-cf03-5fc8-87d0-6b47588ff762,X02
a99f0448-cf03-5fc8-87d0-6b47588ff762,X06
1388985c-e726-58b5-a8f1-8362c6d22ac1,C01
1388985c-e726-58b5-a8f1-8362c6d22ac1,C02
1388985c-e726-58b5-a8f1-8362c6d22ac1,X02
1388985c-e726-58b5-a8f1-8362c6d22ac1,X06
843da0db-2474-5917-8ef8-1bcd3114def6,C01
843da0db-2474-5917-8ef8-1bcd3114def6,X02
843da0db-2474-5917-8ef8-1bcd3114def6,X06
843da0db-2474-5917-8ef8-1bcd3114def6,X26
9826eb45-89d7-53c9-b999-46015abd3940,C01
9826eb45-89d7-53c9-b999-46015abd3940,X02
9826eb45-89d7-53c9-b999-46015abd3940,X06
9826eb45-89d7-53c9-b999-46015abd3940,X26
ebb078db-ad1e-5984-9742-faf142d06f78,C05
ebb078db-ad1e-5984-9742-faf142d06f78,X09
ebb078db-ad1e-5984-9742-faf142d06f78,X10
1fa98729-0d5f-5d65-86b2-5aed3972cfb8,B01
1fa98729-0d5f-5d65-86b2-5aed3972cfb8,B02
1fa98729-0d5f-5d65-86b2-5aed3972cfb8,B03
1fa98729-0d5f-5d65-86b2-5aed3972cfb8,X13
1fa98729-0d5f-5d65-86b2-5aed3972cfb8,X14
c909476d-5c59-55c8-818e-a30e2aa413c0,C01
c909476d-5c59-55c8-818e-a30e2aa413c0,X02
c909476d-5c59-55c8-818e-a30e2aa413c0,X06
c909476d-5c59-55c8-818e-a30e2aa413c0,X26
f8c62821-0f2a-5322-9338-65c41c705657,C01
f8c62821-0f2a-5322-9338-65c41c705657,X02
f8c62821-0f2a-5322-9338-65c41c705657,X06
f8c62821-0f2a-5322-9338-65c41c705657,X26
0c98f242-a5c3-5f61-b09e-0f54e6988196,A00
0c98f242-a5c3-5f61-b09e-0f54e6988196,A01
0c98f242-a5c3-5f61-b09e-0f54e6988196,C01
0c98f242-a5c3-5f61-b09e-0f54e6988196,D01
0c98f242-a5c3-5f61-b09e-0f54e6988196,D07
0c98f242-a5c3-5f61-b09e-0f54e6988196,X02
0c98f242-a5c3-5f61-b09e-0f54e6988196,X06
0c98f242-a5c3-5f61-b09e-0f54e6988196,X26
b2947ea4-c66f-5754-a636-ba4b588dd727,C01
b2947ea4-c66f-5754-a636-ba4b588dd727,X02
b2947ea4-c66f-5754-a636-ba4b588dd727,X06
b2947ea4-c66f-5754-a636-ba4b588dd727,X26
471e27cd-d4be-5dbe-9aa8-bda8722ea8bb,C01
471e27cd-d4be-5dbe-9aa8-bda8722ea8bb,X02
471e27cd-d4be-5dbe-9aa8-bda8722ea8bb,X06
471e27cd-d4be-5dbe-9aa8-bda8722ea8bb,X26
e5aaf9a1-f0cc-5bf2-9128-62f0b6ce0e86,C01
e5aaf9a1-f0cc-5bf2-9128-62f0b6ce0e86,X02
e5aaf9a1-f0cc-5bf2-9128-62f0b6ce0e86,X06
e5aaf9a1-f0cc-5bf2-9128-62f0b6ce0e86,X26
5590b49d-7e0f-56d7-ba99-763a5e952b81,C01
5590b49d-7e0f-56d7-ba99-763a5e952b81,X02
5590b49d-7e0f-56d7-ba99-763a5e952b81,X06
5590b49d-7e0f-56d7-ba99-763a5e952b81,X26
f3a8ff9a-34c8-5f94-bf9e-391eb8c6c472,C01
f3a8ff9a-34c8-5f94-bf9e-391eb8c6c472,X02
f3a8ff9a-34c8-5f94-bf9e-391eb8c6c472,X06
f3a8ff9a-34c8-5f94-bf9e-391eb8c6c472,X26
38a0c432-dab6-5062-800c-e74ceeb15a54,C01
38a0c432-dab6-5062-800c-e74ceeb15a54,X02
38a0c432-dab6-5062-800c-e74ceeb15a54,X26
5bf4f4eb-8fe1-5e02-88cc-3f02da6f5691,C01
5bf4f4eb-8fe1-5e02-88cc-3f02da6f5691,X02
5bf4f4eb-8fe1-5e02-88cc-3f02da6f5691,X26
fcb0991b-8b46-5bc2-9345-f3528ab3e1d1,D09
fcb0991b-8b46-5bc2-9345-f3528ab3e1d1,D10
fcb0991b-8b46-5bc2-9345-f3528ab3e1d1,D14
fcb0991b-8b46-5bc2-9345-f3528ab3e1d1,D15
ef82fe25-4616-55d5-9c9f-c9fcf1b6552f,D45
ef82fe25-4616-55d5-9c9f-c9fcf1b6552f,D55
ef82fe25-4616-55d5-9c9f-c9fcf1b6552f,D63
ef82fe25-4616-55d5-9c9f-c9fcf1b6552f,X37
01b78a75-6712-5cd2-9d0d-ae658f5f56c1,C03
01b78a75-6712-5cd2-9d0d-ae658f5f56c1,C04
01b78a75-6712-5cd2-9d0d-ae658f5f56c1,D14
01b78a75-6712-5cd2-9d0d-ae658f5f56c1,D15
01b78a75-6712-5cd2-9d0d-ae658f5f56c1,X01
91611f0c-c72d-56cb-b4e5-f669cee9d6c0,C03
91611f0c-c72d-56cb-b4e5-f669cee9d6c0,C04
91611f0c-c72d-56cb-b4e5-f669cee9d6c0,D14
91611f0c-c72d-56cb-b4e5-f669cee9d6c0,D15
91611f0c-c72d-56cb-b4e5-f669cee9d6c0,X01
6d96c130-80c3-5d3a-8c1c-4ef00104dfa7,C01
6d96c130-80c3-5d3a-8c1c-4ef00104dfa7,X02
6d96c130-80c3-5d3a-8c1c-4ef00104dfa7,X26
52e520fa-9cd9-5651-826d-6322adae82cd,C01
52e520fa-9cd9-5651-826d-6322adae82cd,X02
52e520fa-9cd9-5651-826d-6322adae82cd,X26
322f53f2-17e1-57e8-9e01-ebe4326a1237,C01
322f53f2-17e1-57e8-9e01-ebe4326a1237,X02
322f53f2-17e1-57e8-9e01-ebe4326a1237,X26
51d708fa-5393-53ed-9865-8d4183fa3747,C01
51d708fa-5393-53ed-9865-8d4183fa3747,X02
51d708fa-5393-53ed-9865-8d4183fa3747,X26
4c90df53-cbe6-5a48-9bde-049fe201a9bd,C01
4c90df53-cbe6-5a48-9bde-049fe201a9bd,X02
4c90df53-cbe6-5a48-9bde-049fe201a9bd,X26
6f116477-917a-5cec-bef5-9562cd056158,C01
6f116477-917a-5cec-bef5-9562cd056158,X02
6f116477-917a-5cec-bef5-9562cd056158,X26
ad44cd00-7b20-57f2-8997-bd817096cced,C01
ad44cd00-7b20-57f2-8997-bd817096cced,X02
ad44cd00-7b20-57f2-8997-bd817096cced,X26
19f1713e-5ec3-55fb-93fb-0033b4379872,C01
19f1713e-5ec3-55fb-93fb-0033b4379872,X02
19f1713e-5ec3-55fb-93fb-0033b4379872,X26
22c05d99-f2a2-5c1d-b787-eb2b246bd3a7,C01
22c05d99-f2a2-5c1d-b787-eb2b246bd3a7,X02
22c05d99-f2a2-5c1d-b787-eb2b246bd3a7,X26
24c0a49f-4ad0-58a8-a949-8b5793e7a3f5,A00
24c0a49f-4ad0-58a8-a949-8b5793e7a3f5,A01
24c0a49f-4ad0-58a8-a949-8b5793e7a3f5,C01
24c0a49f-4ad0-58a8-a949-8b5793e7a3f5,D01
24c0a49f-4ad0-58a8-a949-8b5793e7a3f5,D07
24c0a49f-4ad0-58a8-a949-8b5793e7a3f5,X02
24c0a49f-4ad0-58a8-a949-8b5793e7a3f5,X26
cbaad1ec-7bde-5325-ae68-e827ce95b859,A00
cbaad1ec-7bde-5325-ae68-e827ce95b859,A01
cbaad1ec-7bde-5325-ae68-e827ce95b859,C01
cbaad1ec-7bde-5325-ae68-e827ce95b859,D01
cbaad1ec-7bde-5325-ae68-e827ce95b859,D07
cbaad1ec-7bde-5325-ae68-e827ce95b859,X02
cbaad1ec-7bde-5325-ae68-e827ce95b859,X26
91611f0c-c72d-56cb-b4e5-f669cee9d6c0,D02
c4444940-844f-54fa-87cf-14782b4322e1,K00
dd318cad-3ea3-5cea-ad1a-06ce4cfc2f92,K00
4e6eed6d-e8bb-5f71-a742-617eec0e3344,K00
ed3b33ae-c154-537a-adaf-5c77a10dfb5d,K00
843da0db-2474-5917-8ef8-1bcd3114def6,K00
9826eb45-89d7-53c9-b999-46015abd3940,K00
ebb078db-ad1e-5984-9742-faf142d06f78,K00
1fa98729-0d5f-5d65-86b2-5aed3972cfb8,K00
c909476d-5c59-55c8-818e-a30e2aa413c0,K00
f8c62821-0f2a-5322-9338-65c41c705657,K00
0c98f242-a5c3-5f61-b09e-0f54e6988196,K00
b2947ea4-c66f-5754-a636-ba4b588dd727,K00
471e27cd-d4be-5dbe-9aa8-bda8722ea8bb,K00
e5aaf9a1-f0cc-5bf2-9128-62f0b6ce0e86,K00
5590b49d-7e0f-56d7-ba99-763a5e952b81,K00
f3a8ff9a-34c8-5f94-bf9e-391eb8c6c472,K00
fcb0991b-8b46-5bc2-9345-f3528ab3e1d1,K00
4e8890e0-0151-5d0c-8847-2bb069b8b879,H00
4e8890e0-0151-5d0c-8847-2bb069b8b879,H01
4e8890e0-0151-5d0c-8847-2bb069b8b879,H06
b002a5b0-12bf-5232-bad2-c12baeecc06f,D01
0954680a-c9cf-5205-9acb-7b68f8b12d7a,D01
0954680a-c9cf-5205-9acb-7b68f8b12d7a,D04
e7b16e9c-8706-58db-bf96-4ec3ee5912d5,A00
e7b16e9c-8706-58db-bf96-4ec3ee5912d5,A01
e7b16e9c-8706-58db-bf96-4ec3ee5912d5,D01
9651acd4-f04a-5e82-916f-8be92f972583,A00
9651acd4-f04a-5e82-916f-8be92f972583,A01
9651acd4-f04a-5e82-916f-8be92f972583,D01
272a6452-ef3a-5727-ab4d-fa087e66f8e6,A00
272a6452-ef3a-5727-ab4d-fa087e66f8e6,A01
272a6452-ef3a-5727-ab4d-fa087e66f8e6,D01
a9523b8a-8d45-5459-82f3-88bc13628a4a,A00
a9523b8a-8d45-5459-82f3-88bc13628a4a,A01
a9523b8a-8d45-5459-82f3-88bc13628a4a,D01
00d0aa18-2710-561c-a5f1-541173fd94bd,C00
00d0aa18-2710-561c-a5f1-541173fd94bd,A00
00d0aa18-2710-561c-a5f1-541173fd94bd,A01
00d0aa18-2710-561c-a5f1-541173fd94bd,D01
65bf17a3-4ca4-5b54-bfa0-fb7950b8ba07,C00
65bf17a3-4ca4-5b54-bfa0-fb7950b8ba07,A00
65bf17a3-4ca4-5b54-bfa0-fb7950b8ba07,A01
65bf17a3-4ca4-5b54-bfa0-fb7950b8ba07,D01
99fe8467-17b8-5397-86ac-2e89fd25f31e,C00
99fe8467-17b8-5397-86ac-2e89fd25f31e,A00
99fe8467-17b8-5397-86ac-2e89fd25f31e,A01
99fe8467-17b8-5397-86ac-2e89fd25f31e,D01
e6a9b033-5c51-55f4-a8d1-27fcadfd24dc,A00
e6a9b033-5c51-55f4-a8d1-27fcadfd24dc,B00
e6a9b033-5c51-55f4-a8d1-27fcadfd24dc,D07
212cdbd2-8cc8-5e31-adba-d09c0f7e7b7f,A00
212cdbd2-8cc8-5e31-adba-d09c0f7e7b7f,A01
212cdbd2-8cc8-5e31-adba-d09c0f7e7b7f,D01
c8ce22ae-1459-5bfd-bf92-3cfd3b1068ee,A00
c8ce22ae-1459-5bfd-bf92-3cfd3b1068ee,A01
c8ce22ae-1459-5bfd-bf92-3cfd3b1068ee,C01
c8ce22ae-1459-5bfd-bf92-3cfd3b1068ee,D01
60d38a36-aad6-54f5-bfeb-0ef73c84bed8,A00
60d38a36-aad6-54f5-bfeb-0ef73c84bed8,A01
60d38a36-aad6-54f5-bfeb-0ef73c84bed8,C01
60d38a36-aad6-54f5-bfeb-0ef73c84bed8,D01
0560dd38-01c0-5b5d-a110-94111dfece26,A00
0560dd38-01c0-5b5d-a110-94111dfece26,B00
0560dd38-01c0-5b5d-a110-94111dfece26,D07
4ebc2c9b-84f9-53dd-8e6b-76f7b3716a26,D01
5cfff814-bedd-5429-b915-1f46f7de0979,D01
21b06250-9733-5f97-8bec-711bc54091b3,C00
870633cb-56c0-5ada-9bed-66d42ea5e652,C00
b551efe6-4d87-597a-bc5e-2d01d78214b9,C00
c8ce22ae-1459-5bfd-bf92-3cfd3b1068ee,C00
60d38a36-aad6-54f5-bfeb-0ef73c84bed8,C00
169cf581-0477-52e4-a862-006e394e21da,V00
169cf581-0477-52e4-a862-006e394e21da,V01
169cf581-0477-52e4-a862-006e394e21da,V02
b08c52d2-3e64-5de7-9fd6-a36977627947,H00
b08c52d2-3e64-5de7-9fd6-a36977627947,H01
b08c52d2-3e64-5de7-9fd6-a36977627947,H06
92b41980-45da-5a2b-b0d7-7dde27defb9a,H00
92b41980-45da-5a2b-b0d7-7dde27defb9a,H01
92b41980-45da-5a2b-b0d7-7dde27defb9a,H06
39316c89-e313-50b6-b590-099b03d2c87a,A00
39316c89-e313-50b6-b590-099b03d2c87a,A01
39316c89-e313-50b6-b590-099b03d2c87a,D01
a267da2e-6028-5581-bbf2-a11e81c10b16,H00
a267da2e-6028-5581-bbf2-a11e81c10b16,H01
a267da2e-6028-5581-bbf2-a11e81c10b16,H06
e7b16e9c-8706-58db-bf96-4ec3ee5912d5,X26
9651acd4-f04a-5e82-916f-8be92f972583,X26
a9523b8a-8d45-5459-82f3-88bc13628a4a,X26
00d0aa18-2710-561c-a5f1-541173fd94bd,C01
00d0aa18-2710-561c-a5f1-541173fd94bd,C03
00d0aa18-2710-561c-a5f1-541173fd94bd,X01
65bf17a3-4ca4-5b54-bfa0-fb7950b8ba07,C01
65bf17a3-4ca4-5b54-bfa0-fb7950b8ba07,C03
65bf17a3-4ca4-5b54-bfa0-fb7950b8ba07,X01
99fe8467-17b8-5397-86ac-2e89fd25f31e,C01
99fe8467-17b8-5397-86ac-2e89fd25f31e,C03
99fe8467-17b8-5397-86ac-2e89fd25f31e,X01
e6a9b033-5c51-55f4-a8d1-27fcadfd24dc,A01
212cdbd2-8cc8-5e31-adba-d09c0f7e7b7f,X26
c8ce22ae-1459-5bfd-bf92-3cfd3b1068ee,X26
60d38a36-aad6-54f5-bfeb-0ef73c84bed8,X26
0560dd38-01c0-5b5d-a110-94111dfece26,A01
4ebc2c9b-84f9-53dd-8e6b-76f7b3716a26,D09
4ebc2c9b-84f9-53dd-8e6b-76f7b3716a26,D10
5cfff814-bedd-5429-b915-1f46f7de0979,D09
5cfff814-bedd-5429-b915-1f46f7de0979,D10
9651acd4-f04a-5e82-916f-8be92f972583,Q00
e7b16e9c-8706-58db-bf96-4ec3ee5912d5,Q00
65bf17a3-4ca4-5b54-bfa0-fb7950b8ba07,Q00
212cdbd2-8cc8-5e31-adba-d09c0f7e7b7f,Q00
272a6452-ef3a-5727-ab4d-fa087e66f8e6,Q00
e6a9b033-5c51-55f4-a8d1-27fcadfd24dc,Q00
c8ce22ae-1459-5bfd-bf92-3cfd3b1068ee,Q00
60d38a36-aad6-54f5-bfeb-0ef73c84bed8,Q00
0560dd38-01c0-5b5d-a110-94111dfece26,Q00
b002a5b0-12bf-5232-bad2-c12baeecc06f,Q00
e7b16e9c-8706-58db-bf96-4ec3ee5912d5,K00
9651acd4-f04a-5e82-916f-8be92f972583,K00
272a6452-ef3a-5727-ab4d-fa087e66f8e6,K00
65bf17a3-4ca4-5b54-bfa0-fb7950b8ba07,K00
e6a9b033-5c51-55f4-a8d1-27fcadfd24dc,K00
212cdbd2-8cc8-5e31-adba-d09c0f7e7b7f,K00
c8ce22ae-1459-5bfd-bf92-3cfd3b1068ee,K00
60d38a36-aad6-54f5-bfeb-0ef73c84bed8,K00
0560dd38-01c0-5b5d-a110-94111dfece26,K00
a48a5769-7b2d-5c62-a542-5184e4653767,A00
a48a5769-7b2d-5c62-a542-5184e4653767,A01
a48a5769-7b2d-5c62-a542-5184e4653767,D01
a48a5769-7b2d-5c62-a542-5184e4653767,D07
019decc7-8c4e-5e53-9095-0e7687af1fdc,A00
019decc7-8c4e-5e53-9095-0e7687af1fdc,A01
019decc7-8c4e-5e53-9095-0e7687af1fdc,D01
019decc7-8c4e-5e53-9095-0e7687af1fdc,D07
648522ed-bf40-5fb8-82e7-51dcac6bfaaa,A00
648522ed-bf40-5fb8-82e7-51dcac6bfaaa,A01
648522ed-bf40-5fb8-82e7-51dcac6bfaaa,D01
648522ed-bf40-5fb8-82e7-51dcac6bfaaa,D07
da5d36a1-9342-50b7-89f0-86843198ab38,A00
da5d36a1-9342-50b7-89f0-86843198ab38,A01
da5d36a1-9342-50b7-89f0-86843198ab38,D01
da5d36a1-9342-50b7-89f0-86843198ab38,D07
4e627c1b-c33f-59aa-906a-687fe0598896,A00
4e627c1b-c33f-59aa-906a-687fe0598896,A01
4e627c1b-c33f-59aa-906a-687fe0598896,D01
4e627c1b-c33f-59aa-906a-687fe0598896,D07
ada90069-f44a-50d8-93d5-e07825a2d398,A00
ada90069-f44a-50d8-93d5-e07825a2d398,A01
ada90069-f44a-50d8-93d5-e07825a2d398,D01
ada90069-f44a-50d8-93d5-e07825a2d398,D07
7b824af1-c299-5ec0-b1fc-a65c56998763,A00
7b824af1-c299-5ec0-b1fc-a65c56998763,A01
7b824af1-c299-5ec0-b1fc-a65c56998763,D01
7b824af1-c299-5ec0-b1fc-a65c56998763,D07
b7e5e2a2-4c79-5656-85e8-f5af79db4e9d,A00
b7e5e2a2-4c79-5656-85e8-f5af79db4e9d,A01
b7e5e2a2-4c79-5656-85e8-f5af79db4e9d,D01
b7e5e2a2-4c79-5656-85e8-f5af79db4e9d,D07
1fa9c35d-723a-5dd6-95a3-d5449fec4fe8,A00
1fa9c35d-723a-5dd6-95a3-d5449fec4fe8,A01
1fa9c35d-723a-5dd6-95a3-d5449fec4fe8,D01
1fa9c35d-723a-5dd6-95a3-d5449fec4fe8,D07
60f80126-1533-5f50-9bc7-79e3bb64d0c7,A00
60f80126-1533-5f50-9bc7-79e3bb64d0c7,A01
60f80126-1533-5f50-9bc7-79e3bb64d0c7,D01
60f80126-1533-5f50-9bc7-79e3bb64d0c7,D07
7f0e081d-66c2-5bd4-8dac-7ab19979e589,A00
7f0e081d-66c2-5bd4-8dac-7ab19979e589,A01
7f0e081d-66c2-5bd4-8dac-7ab19979e589,D01
7f0e081d-66c2-5bd4-8dac-7ab19979e589,D07
17a9c2db-f82e-513c-bf1b-f3d81c73b2b3,A00
17a9c2db-f82e-513c-bf1b-f3d81c73b2b3,A01
17a9c2db-f82e-513c-bf1b-f3d81c73b2b3,D01
17a9c2db-f82e-513c-bf1b-f3d81c73b2b3,D07
ecdadb75-656e-5f3a-82d2-b9cc897e78db,A00
ecdadb75-656e-5f3a-82d2-b9cc897e78db,A01
ecdadb75-656e-5f3a-82d2-b9cc897e78db,D01
ecdadb75-656e-5f3a-82d2-b9cc897e78db,D07
8d5629be-502a-530f-8487-1d25984e8b1b,A00
8d5629be-502a-530f-8487-1d25984e8b1b,A01
8d5629be-502a-530f-8487-1d25984e8b1b,D01
8d5629be-502a-530f-8487-1d25984e8b1b,D07
a1f0436e-cbff-5920-ad4d-96df2c476bf4,A00
a1f0436e-cbff-5920-ad4d-96df2c476bf4,A01
a1f0436e-cbff-5920-ad4d-96df2c476bf4,D01
a1f0436e-cbff-5920-ad4d-96df2c476bf4,D07
4df838ab-46b0-5a31-bb54-975b474d500b,A00
4df838ab-46b0-5a31-bb54-975b474d500b,A01
4df838ab-46b0-5a31-bb54-975b474d500b,D01
4df838ab-46b0-5a31-bb54-975b474d500b,D07
fc87ccdd-584c-5962-a494-6cdfc7f34d0b,A00
fc87ccdd-584c-5962-a494-6cdfc7f34d0b,A01
fc87ccdd-584c-5962-a494-6cdfc7f34d0b,D01
fc87ccdd-584c-5962-a494-6cdfc7f34d0b,D07
daca1299-370f-5348-9c2a-8726c470f5ba,A00
daca1299-370f-5348-9c2a-8726c470f5ba,A01
daca1299-370f-5348-9c2a-8726c470f5ba,D01
daca1299-370f-5348-9c2a-8726c470f5ba,D07
76428532-5429-509d-8401-b970bdbb7106,A00
76428532-5429-509d-8401-b970bdbb7106,A01
76428532-5429-509d-8401-b970bdbb7106,D01
76428532-5429-509d-8401-b970bdbb7106,D07
0ac92182-f0a6-593f-aa98-6f4dc5122eb3,A00
0ac92182-f0a6-593f-aa98-6f4dc5122eb3,A01
0ac92182-f0a6-593f-aa98-6f4dc5122eb3,D01
0ac92182-f0a6-593f-aa98-6f4dc5122eb3,D07
079e72ce-7b40-5f06-bb62-7fcf5c266f11,A00
079e72ce-7b40-5f06-bb62-7fcf5c266f11,A01
079e72ce-7b40-5f06-bb62-7fcf5c266f11,D01
079e72ce-7b40-5f06-bb62-7fcf5c266f11,D07
a85ad61e-aa28-5c7f-b6c1-d98fe22dfb11,A00
a85ad61e-aa28-5c7f-b6c1-d98fe22dfb11,A01
a85ad61e-aa28-5c7f-b6c1-d98fe22dfb11,D01
a85ad61e-aa28-5c7f-b6c1-d98fe22dfb11,D07
f85cda20-9e1f-50b0-827e-20b221b18d6b,A00
f85cda20-9e1f-50b0-827e-20b221b18d6b,A01
f85cda20-9e1f-50b0-827e-20b221b18d6b,B00
f85cda20-9e1f-50b0-827e-20b221b18d6b,D07
1553cbb2-9a03-5a56-97d0-24b746191739,A00
1553cbb2-9a03-5a56-97d0-24b746191739,A01
1553cbb2-9a03-5a56-97d0-24b746191739,D01
1553cbb2-9a03-5a56-97d0-24b746191739,D07
d6ed32fe-1570-5ad7-a3fc-d5fa85694b28,A00
d6ed32fe-1570-5ad7-a3fc-d5fa85694b28,A01
d6ed32fe-1570-5ad7-a3fc-d5fa85694b28,D01
d6ed32fe-1570-5ad7-a3fc-d5fa85694b28,D07
3f8ff1bf-53e4-5193-83a4-77b1ce18b46d,A00
3f8ff1bf-53e4-5193-83a4-77b1ce18b46d,A01
3f8ff1bf-53e4-5193-83a4-77b1ce18b46d,D01
3f8ff1bf-53e4-5193-83a4-77b1ce18b46d,D07
41d9f665-66eb-5058-a89b-7a8c1e344593,A00
41d9f665-66eb-5058-a89b-7a8c1e344593,A01
41d9f665-66eb-5058-a89b-7a8c1e344593,D01
41d9f665-66eb-5058-a89b-7a8c1e344593,D07
e206063d-8b26-52e3-bb1c-0f742b8aa809,A00
e206063d-8b26-52e3-bb1c-0f742b8aa809,A01
e206063d-8b26-52e3-bb1c-0f742b8aa809,D01
e206063d-8b26-52e3-bb1c-0f742b8aa809,D07
479b421b-ceca-53d9-8485-873537d3c35c,A00
479b421b-ceca-53d9-8485-873537d3c35c,A01
479b421b-ceca-53d9-8485-873537d3c35c,D01
479b421b-ceca-53d9-8485-873537d3c35c,D07
622c6b9b-c30a-5a88-9538-8c48bf058024,A00
622c6b9b-c30a-5a88-9538-8c48bf058024,A01
622c6b9b-c30a-5a88-9538-8c48bf058024,D01
622c6b9b-c30a-5a88-9538-8c48bf058024,D07
3d5d8b11-9764-54cc-8887-fd3016016a0e,A00
3d5d8b11-9764-54cc-8887-fd3016016a0e,A01
3d5d8b11-9764-54cc-8887-fd3016016a0e,D01
3d5d8b11-9764-54cc-8887-fd3016016a0e,D07
a8493bcf-c425-5eb7-b1f1-59e425b538ee,A00
a8493bcf-c425-5eb7-b1f1-59e425b538ee,A01
a8493bcf-c425-5eb7-b1f1-59e425b538ee,D01
a8493bcf-c425-5eb7-b1f1-59e425b538ee,D07
3cef60cd-fba8-56e4-bc27-45252bbb9392,A00
3cef60cd-fba8-56e4-bc27-45252bbb9392,A01
3cef60cd-fba8-56e4-bc27-45252bbb9392,D01
3cef60cd-fba8-56e4-bc27-45252bbb9392,D07
3c8452c1-d0a7-58ff-b12f-f3ab3c9ee304,A00
3c8452c1-d0a7-58ff-b12f-f3ab3c9ee304,A01
3c8452c1-d0a7-58ff-b12f-f3ab3c9ee304,D01
3c8452c1-d0a7-58ff-b12f-f3ab3c9ee304,D07
c5cc058a-7762-5a52-b711-03935cae655f,A00
c5cc058a-7762-5a52-b711-03935cae655f,A01
c5cc058a-7762-5a52-b711-03935cae655f,D01
c5cc058a-7762-5a52-b711-03935cae655f,D07
93c88fe3-839e-5452-b6d6-e7eb82928a0a,A00
93c88fe3-839e-5452-b6d6-e7eb82928a0a,A01
93c88fe3-839e-5452-b6d6-e7eb82928a0a,D01
93c88fe3-839e-5452-b6d6-e7eb82928a0a,D07
ecac25d5-daed-523d-8566-de13c343079f,A00
ecac25d5-daed-523d-8566-de13c343079f,A01
ecac25d5-daed-523d-8566-de13c343079f,D01
ecac25d5-daed-523d-8566-de13c343079f,D07
641b2aaf-6935-500c-b647-8c11cb33e021,A00
641b2aaf-6935-500c-b647-8c11cb33e021,A01
641b2aaf-6935-500c-b647-8c11cb33e021,D01
641b2aaf-6935-500c-b647-8c11cb33e021,D07
044fc9da-e72a-50d8-89df-8538994e5877,A00
044fc9da-e72a-50d8-89df-8538994e5877,A01
044fc9da-e72a-50d8-89df-8538994e5877,D01
044fc9da-e72a-50d8-89df-8538994e5877,D07
f048d6f4-b752-5996-b970-6a81c85609e6,A00
f048d6f4-b752-5996-b970-6a81c85609e6,A01
f048d6f4-b752-5996-b970-6a81c85609e6,D01
f048d6f4-b752-5996-b970-6a81c85609e6,D07
89d380d6-27ec-5e1e-ab34-76f53510332e,A00
89d380d6-27ec-5e1e-ab34-76f53510332e,A01
89d380d6-27ec-5e1e-ab34-76f53510332e,D01
89d380d6-27ec-5e1e-ab34-76f53510332e,D07
c164fc3d-e104-557d-ad04-6a82033cc997,A00
c164fc3d-e104-557d-ad04-6a82033cc997,A01
c164fc3d-e104-557d-ad04-6a82033cc997,D01
c164fc3d-e104-557d-ad04-6a82033cc997,D07
cce98bf3-9d22-59a1-bcd8-e385536526e9,A00
cce98bf3-9d22-59a1-bcd8-e385536526e9,A01
cce98bf3-9d22-59a1-bcd8-e385536526e9,D01
cce98bf3-9d22-59a1-bcd8-e385536526e9,D07
61bf0e57-0d0d-501e-a702-884ae36f65e3,A00
61bf0e57-0d0d-501e-a702-884ae36f65e3,A01
61bf0e57-0d0d-501e-a702-884ae36f65e3,D01
61bf0e57-0d0d-501e-a702-884ae36f65e3,D07
2740d553-23d7-5d11-81be-97192aaeb3c4,A00
2740d553-23d7-5d11-81be-97192aaeb3c4,A01
2740d553-23d7-5d11-81be-97192aaeb3c4,D01
2740d553-23d7-5d11-81be-97192aaeb3c4,D07
a876da04-6b77-5812-83d4-8332a142ae3a,A00
a876da04-6b77-5812-83d4-8332a142ae3a,A01
a876da04-6b77-5812-83d4-8332a142ae3a,D01
a876da04-6b77-5812-83d4-8332a142ae3a,D07
ef11c1a8-dac4-53eb-85e0-1235dd3d661d,A00
ef11c1a8-dac4-53eb-85e0-1235dd3d661d,A01
ef11c1a8-dac4-53eb-85e0-1235dd3d661d,D01
ef11c1a8-dac4-53eb-85e0-1235dd3d661d,D07
0a9ce597-0a23-5492-8209-479a484fed03,A00
0a9ce597-0a23-5492-8209-479a484fed03,A01
0a9ce597-0a23-5492-8209-479a484fed03,D01
0a9ce597-0a23-5492-8209-479a484fed03,D07
7a750216-2ffd-5a39-8f03-f7da1b0f6785,A00
7a750216-2ffd-5a39-8f03-f7da1b0f6785,A01
7a750216-2ffd-5a39-8f03-f7da1b0f6785,D01
7a750216-2ffd-5a39-8f03-f7da1b0f6785,D07
25e9fc9f-14cb-5703-8f87-6eab3df849ce,A00
25e9fc9f-14cb-5703-8f87-6eab3df849ce,A01
25e9fc9f-14cb-5703-8f87-6eab3df849ce,D01
25e9fc9f-14cb-5703-8f87-6eab3df849ce,D07
1b301725-4909-52f8-b360-c6f7b44f1588,A00
1b301725-4909-52f8-b360-c6f7b44f1588,A01
1b301725-4909-52f8-b360-c6f7b44f1588,D01
1b301725-4909-52f8-b360-c6f7b44f1588,D07
b994bf6f-e572-56e5-a3c6-5c843e97c629,A00
b994bf6f-e572-56e5-a3c6-5c843e97c629,A01
b994bf6f-e572-56e5-a3c6-5c843e97c629,D01
b994bf6f-e572-56e5-a3c6-5c843e97c629,D07
ea16e893-1860-5cf9-9b9c-ca4d5d1ec8ed,A00
ea16e893-1860-5cf9-9b9c-ca4d5d1ec8ed,A01
ea16e893-1860-5cf9-9b9c-ca4d5d1ec8ed,D01
ea16e893-1860-5cf9-9b9c-ca4d5d1ec8ed,D07
9997a161-eb9e-54b5-82cd-b572fe56234a,A00
9997a161-eb9e-54b5-82cd-b572fe56234a,A01
9997a161-eb9e-54b5-82cd-b572fe56234a,D01
9997a161-eb9e-54b5-82cd-b572fe56234a,D07
16a2f1c3-21e4-56e1-877b-d0c2c9211f71,A00
16a2f1c3-21e4-56e1-877b-d0c2c9211f71,A01
16a2f1c3-21e4-56e1-877b-d0c2c9211f71,D01
16a2f1c3-21e4-56e1-877b-d0c2c9211f71,D07
335a16c8-7612-5d9a-8aa1-552c52ada9cd,A00
335a16c8-7612-5d9a-8aa1-552c52ada9cd,A01
335a16c8-7612-5d9a-8aa1-552c52ada9cd,D01
335a16c8-7612-5d9a-8aa1-552c52ada9cd,D07
31370017-619f-5396-871f-03e56089ffd9,A00
31370017-619f-5396-871f-03e56089ffd9,A01
31370017-619f-5396-871f-03e56089ffd9,D01
31370017-619f-5396-871f-03e56089ffd9,D07
e65f50e1-705d-5dfa-92b0-b2fcbda5290c,A00
e65f50e1-705d-5dfa-92b0-b2fcbda5290c,A01
e65f50e1-705d-5dfa-92b0-b2fcbda5290c,D01
e65f50e1-705d-5dfa-92b0-b2fcbda5290c,D07
e8ba6852-0ccc-5730-afb8-a6c072294efa,A00
e8ba6852-0ccc-5730-afb8-a6c072294efa,A01
e8ba6852-0ccc-5730-afb8-a6c072294efa,D01
e8ba6852-0ccc-5730-afb8-a6c072294efa,D07
c9bb775a-9fd3-59dc-a588-d5acff8bcb71,A00
c9bb775a-9fd3-59dc-a588-d5acff8bcb71,A01
c9bb775a-9fd3-59dc-a588-d5acff8bcb71,D01
c9bb775a-9fd3-59dc-a588-d5acff8bcb71,D07
68229cb2-f994-5956-bfa5-c243cae6bd77,A00
68229cb2-f994-5956-bfa5-c243cae6bd77,A01
68229cb2-f994-5956-bfa5-c243cae6bd77,D01
68229cb2-f994-5956-bfa5-c243cae6bd77,D07
6da9d700-0cff-5cae-b187-c511f2b101df,A00
6da9d700-0cff-5cae-b187-c511f2b101df,A01
6da9d700-0cff-5cae-b187-c511f2b101df,D01
6da9d700-0cff-5cae-b187-c511f2b101df,D07
23e7efeb-2cdd-584c-9fdd-40a889253642,A00
23e7efeb-2cdd-584c-9fdd-40a889253642,A01
23e7efeb-2cdd-584c-9fdd-40a889253642,D01
23e7efeb-2cdd-584c-9fdd-40a889253642,D07
8a9fb3a9-7d46-581e-9186-4101ea7fd0d7,A00
8a9fb3a9-7d46-581e-9186-4101ea7fd0d7,A01
8a9fb3a9-7d46-581e-9186-4101ea7fd0d7,D01
8a9fb3a9-7d46-581e-9186-4101ea7fd0d7,D07
9d2c28eb-2f68-5ce8-aa52-c3de688997f3,A00
9d2c28eb-2f68-5ce8-aa52-c3de688997f3,A01
9d2c28eb-2f68-5ce8-aa52-c3de688997f3,D01
9d2c28eb-2f68-5ce8-aa52-c3de688997f3,D07
0a8cd096-7c44-5dff-952d-04f7f4506fac,A00
0a8cd096-7c44-5dff-952d-04f7f4506fac,A01
0a8cd096-7c44-5dff-952d-04f7f4506fac,D01
0a8cd096-7c44-5dff-952d-04f7f4506fac,D07
abf48c31-8f12-5c29-b859-99561128a2b6,A00
abf48c31-8f12-5c29-b859-99561128a2b6,A01
abf48c31-8f12-5c29-b859-99561128a2b6,D01
abf48c31-8f12-5c29-b859-99561128a2b6,D07
6c11c3e3-cc80-5c80-8155-79f5b0fc291d,A00
6c11c3e3-cc80-5c80-8155-79f5b0fc291d,A01
6c11c3e3-cc80-5c80-8155-79f5b0fc291d,D01
6c11c3e3-cc80-5c80-8155-79f5b0fc291d,D07
9e53ac27-d665-5097-afd0-926ae900de0f,A00
9e53ac27-d665-5097-afd0-926ae900de0f,A01
9e53ac27-d665-5097-afd0-926ae900de0f,D01
9e53ac27-d665-5097-afd0-926ae900de0f,D07
4a696819-9af0-5ff0-9eb2-52f2454fc22c,A00
4a696819-9af0-5ff0-9eb2-52f2454fc22c,A01
4a696819-9af0-5ff0-9eb2-52f2454fc22c,D01
4a696819-9af0-5ff0-9eb2-52f2454fc22c,D07
3d5679a0-9569-57a3-a4e2-d8082ff100a3,A00
3d5679a0-9569-57a3-a4e2-d8082ff100a3,A01
3d5679a0-9569-57a3-a4e2-d8082ff100a3,D01
3d5679a0-9569-57a3-a4e2-d8082ff100a3,D07
6ca62e44-53b1-5cd6-b34b-2ee9f192fd49,A00
6ca62e44-53b1-5cd6-b34b-2ee9f192fd49,A01
6ca62e44-53b1-5cd6-b34b-2ee9f192fd49,D01
6ca62e44-53b1-5cd6-b34b-2ee9f192fd49,D07
17664dc5-5158-55b8-9909-b8d4ebbf5bdf,A00
17664dc5-5158-55b8-9909-b8d4ebbf5bdf,A01
17664dc5-5158-55b8-9909-b8d4ebbf5bdf,D01
17664dc5-5158-55b8-9909-b8d4ebbf5bdf,D07
f6628953-cbe2-55df-8697-56074bd61e00,A00
f6628953-cbe2-55df-8697-56074bd61e00,A01
f6628953-cbe2-55df-8697-56074bd61e00,D01
f6628953-cbe2-55df-8697-56074bd61e00,D07
e18639e3-90db-505e-bd13-61ae37554c58,A00
e18639e3-90db-505e-bd13-61ae37554c58,A01
e18639e3-90db-505e-bd13-61ae37554c58,D01
e18639e3-90db-505e-bd13-61ae37554c58,D07
6d0d1021-97c1-5d00-9997-86fdd641c488,A00
6d0d1021-97c1-5d00-9997-86fdd641c488,A01
6d0d1021-97c1-5d00-9997-86fdd641c488,D01
6d0d1021-97c1-5d00-9997-86fdd641c488,D07
c61b81ae-3e29-53ed-8a39-812db313cefa,A00
c61b81ae-3e29-53ed-8a39-812db313cefa,A01
c61b81ae-3e29-53ed-8a39-812db313cefa,D01
c61b81ae-3e29-53ed-8a39-812db313cefa,D07
3f854ef1-2fdc-50df-a9e5-31dc5bf29329,A00
3f854ef1-2fdc-50df-a9e5-31dc5bf29329,A01
3f854ef1-2fdc-50df-a9e5-31dc5bf29329,D01
3f854ef1-2fdc-50df-a9e5-31dc5bf29329,D07
4a646d29-0cb9-5f31-8f89-992a487d7c59,A00
4a646d29-0cb9-5f31-8f89-992a487d7c59,A01
4a646d29-0cb9-5f31-8f89-992a487d7c59,D01
4a646d29-0cb9-5f31-8f89-992a487d7c59,D07
1999270e-891b-5629-a48b-4835191cf7fa,A00
1999270e-891b-5629-a48b-4835191cf7fa,A01
1999270e-891b-5629-a48b-4835191cf7fa,D01
1999270e-891b-5629-a48b-4835191cf7fa,D07
9b14d596-78a4-5486-9fd1-3a69042850b7,A00
9b14d596-78a4-5486-9fd1-3a69042850b7,A01
9b14d596-78a4-5486-9fd1-3a69042850b7,D01
9b14d596-78a4-5486-9fd1-3a69042850b7,D07
857f90f4-06d4-5fc8-9de9-fa20121cb6ae,A00
857f90f4-06d4-5fc8-9de9-fa20121cb6ae,A01
857f90f4-06d4-5fc8-9de9-fa20121cb6ae,D01
857f90f4-06d4-5fc8-9de9-fa20121cb6ae,D07
28b57142-70ea-593b-8de4-b420b75207f7,A00
28b57142-70ea-593b-8de4-b420b75207f7,A01
28b57142-70ea-593b-8de4-b420b75207f7,D01
28b57142-70ea-593b-8de4-b420b75207f7,D07
68f95ae3-0717-54cb-bace-5a531755dcd7,A00
68f95ae3-0717-54cb-bace-5a531755dcd7,A01
68f95ae3-0717-54cb-bace-5a531755dcd7,D01
68f95ae3-0717-54cb-bace-5a531755dcd7,D07
513f95b7-06d3-5f54-853e-52d56d6f3709,A00
513f95b7-06d3-5f54-853e-52d56d6f3709,A01
513f95b7-06d3-5f54-853e-52d56d6f3709,D01
513f95b7-06d3-5f54-853e-52d56d6f3709,D07
fb26907b-d236-56d2-94fe-f3ebd48e3a64,A00
fb26907b-d236-56d2-94fe-f3ebd48e3a64,A01
fb26907b-d236-56d2-94fe-f3ebd48e3a64,D01
fb26907b-d236-56d2-94fe-f3ebd48e3a64,D07
8c1547c5-191f-5139-9560-abb8ee93727c,A00
8c1547c5-191f-5139-9560-abb8ee93727c,A01
8c1547c5-191f-5139-9560-abb8ee93727c,D01
8c1547c5-191f-5139-9560-abb8ee93727c,D07
a9a925dd-7a6e-56bd-89d3-e05aed3a8d4a,A00
a9a925dd-7a6e-56bd-89d3-e05aed3a8d4a,A01
a9a925dd-7a6e-56bd-89d3-e05aed3a8d4a,D01
a9a925dd-7a6e-56bd-89d3-e05aed3a8d4a,D07
eb3bb9c6-b218-5dc2-b397-57632706895a,A00
eb3bb9c6-b218-5dc2-b397-57632706895a,A01
eb3bb9c6-b218-5dc2-b397-57632706895a,D01
eb3bb9c6-b218-5dc2-b397-57632706895a,D07
760f1f63-1a15-5be2-8b36-cdad4648ef5c,A00
760f1f63-1a15-5be2-8b36-cdad4648ef5c,A01
760f1f63-1a15-5be2-8b36-cdad4648ef5c,D01
760f1f63-1a15-5be2-8b36-cdad4648ef5c,D07
3be527f7-9316-5fb5-8cd6-b95bf3880324,A00
3be527f7-9316-5fb5-8cd6-b95bf3880324,A01
3be527f7-9316-5fb5-8cd6-b95bf3880324,C01
3be527f7-9316-5fb5-8cd6-b95bf3880324,C02
3be527f7-9316-5fb5-8cd6-b95bf3880324,D01
3be527f7-9316-5fb5-8cd6-b95bf3880324,D07
3be527f7-9316-5fb5-8cd6-b95bf3880324,X02
3be527f7-9316-5fb5-8cd6-b95bf3880324,X03
3be527f7-9316-5fb5-8cd6-b95bf3880324,X26
3be527f7-9316-5fb5-8cd6-b95bf3880324,X27
dd4b4aae-485b-54a3-beee-d36271664f08,A00
dd4b4aae-485b-54a3-beee-d36271664f08,A01
dd4b4aae-485b-54a3-beee-d36271664f08,C01
dd4b4aae-485b-54a3-beee-d36271664f08,C02
dd4b4aae-485b-54a3-beee-d36271664f08,D01
dd4b4aae-485b-54a3-beee-d36271664f08,D07
dd4b4aae-485b-54a3-beee-d36271664f08,X02
dd4b4aae-485b-54a3-beee-d36271664f08,X03
dd4b4aae-485b-54a3-beee-d36271664f08,X26
dd4b4aae-485b-54a3-beee-d36271664f08,X27
17664dc5-5158-55b8-9909-b8d4ebbf5bdf,C01
17664dc5-5158-55b8-9909-b8d4ebbf5bdf,C02
17664dc5-5158-55b8-9909-b8d4ebbf5bdf,X02
17664dc5-5158-55b8-9909-b8d4ebbf5bdf,X03
17664dc5-5158-55b8-9909-b8d4ebbf5bdf,X26
17664dc5-5158-55b8-9909-b8d4ebbf5bdf,X27
479b421b-ceca-53d9-8485-873537d3c35c,C01
479b421b-ceca-53d9-8485-873537d3c35c,C02
479b421b-ceca-53d9-8485-873537d3c35c,X02
479b421b-ceca-53d9-8485-873537d3c35c,X03
479b421b-ceca-53d9-8485-873537d3c35c,X26
479b421b-ceca-53d9-8485-873537d3c35c,X27
622c6b9b-c30a-5a88-9538-8c48bf058024,C01
622c6b9b-c30a-5a88-9538-8c48bf058024,C02
622c6b9b-c30a-5a88-9538-8c48bf058024,X02
622c6b9b-c30a-5a88-9538-8c48bf058024,X03
622c6b9b-c30a-5a88-9538-8c48bf058024,X26
622c6b9b-c30a-5a88-9538-8c48bf058024,X27
269bfcca-5328-5ea6-865b-1c03f2f40c25,A00
269bfcca-5328-5ea6-865b-1c03f2f40c25,A01
269bfcca-5328-5ea6-865b-1c03f2f40c25,C01
269bfcca-5328-5ea6-865b-1c03f2f40c25,C02
269bfcca-5328-5ea6-865b-1c03f2f40c25,D01
269bfcca-5328-5ea6-865b-1c03f2f40c25,D07
269bfcca-5328-5ea6-865b-1c03f2f40c25,X02
269bfcca-5328-5ea6-865b-1c03f2f40c25,X03
269bfcca-5328-5ea6-865b-1c03f2f40c25,X26
269bfcca-5328-5ea6-865b-1c03f2f40c25,X27
12828627-5064-54c5-aa7e-5ed3f0875733,A00
12828627-5064-54c5-aa7e-5ed3f0875733,A01
12828627-5064-54c5-aa7e-5ed3f0875733,C01
12828627-5064-54c5-aa7e-5ed3f0875733,C02
12828627-5064-54c5-aa7e-5ed3f0875733,D01
12828627-5064-54c5-aa7e-5ed3f0875733,D07
12828627-5064-54c5-aa7e-5ed3f0875733,X02
12828627-5064-54c5-aa7e-5ed3f0875733,X03
12828627-5064-54c5-aa7e-5ed3f0875733,X26
12828627-5064-54c5-aa7e-5ed3f0875733,X27
a8493bcf-c425-5eb7-b1f1-59e425b538ee,C01
a8493bcf-c425-5eb7-b1f1-59e425b538ee,C02
a8493bcf-c425-5eb7-b1f1-59e425b538ee,X02
a8493bcf-c425-5eb7-b1f1-59e425b538ee,X03
a8493bcf-c425-5eb7-b1f1-59e425b538ee,X26
a8493bcf-c425-5eb7-b1f1-59e425b538ee,X27
e2c24de7-486d-54bc-960d-1abee4a987dd,A00
e2c24de7-486d-54bc-960d-1abee4a987dd,A01
e2c24de7-486d-54bc-960d-1abee4a987dd,C01
e2c24de7-486d-54bc-960d-1abee4a987dd,C02
e2c24de7-486d-54bc-960d-1abee4a987dd,D01
e2c24de7-486d-54bc-960d-1abee4a987dd,D07
e2c24de7-486d-54bc-960d-1abee4a987dd,X01
e2c24de7-486d-54bc-960d-1abee4a987dd,X02
e2c24de7-486d-54bc-960d-1abee4a987dd,X03
e2c24de7-486d-54bc-960d-1abee4a987dd,X25
e2c24de7-486d-54bc-960d-1abee4a987dd,X26
e2c24de7-486d-54bc-960d-1abee4a987dd,X27
3c8452c1-d0a7-58ff-b12f-f3ab3c9ee304,C01
3c8452c1-d0a7-58ff-b12f-f3ab3c9ee304,C02
3c8452c1-d0a7-58ff-b12f-f3ab3c9ee304,X02
3c8452c1-d0a7-58ff-b12f-f3ab3c9ee304,X03
3c8452c1-d0a7-58ff-b12f-f3ab3c9ee304,X26
3c8452c1-d0a7-58ff-b12f-f3ab3c9ee304,X27
bed76b5b-92ee-5b61-9922-6875c689f6bc,A00
bed76b5b-92ee-5b61-9922-6875c689f6bc,A01
bed76b5b-92ee-5b61-9922-6875c689f6bc,C01
bed76b5b-92ee-5b61-9922-6875c689f6bc,C02
bed76b5b-92ee-5b61-9922-6875c689f6bc,D01
bed76b5b-92ee-5b61-9922-6875c689f6bc,D07
bed76b5b-92ee-5b61-9922-6875c689f6bc,X02
bed76b5b-92ee-5b61-9922-6875c689f6bc,X03
bed76b5b-92ee-5b61-9922-6875c689f6bc,X26
bed76b5b-92ee-5b61-9922-6875c689f6bc,X27
c5cc058a-7762-5a52-b711-03935cae655f,C01
c5cc058a-7762-5a52-b711-03935cae655f,C02
c5cc058a-7762-5a52-b711-03935cae655f,X02
c5cc058a-7762-5a52-b711-03935cae655f,X03
c5cc058a-7762-5a52-b711-03935cae655f,X26
c5cc058a-7762-5a52-b711-03935cae655f,X27
641b2aaf-6935-500c-b647-8c11cb33e021,C01
641b2aaf-6935-500c-b647-8c11cb33e021,C02
641b2aaf-6935-500c-b647-8c11cb33e021,X02
641b2aaf-6935-500c-b647-8c11cb33e021,X03
641b2aaf-6935-500c-b647-8c11cb33e021,X26
641b2aaf-6935-500c-b647-8c11cb33e021,X27
044fc9da-e72a-50d8-89df-8538994e5877,C01
044fc9da-e72a-50d8-89df-8538994e5877,C02
044fc9da-e72a-50d8-89df-8538994e5877,X02
044fc9da-e72a-50d8-89df-8538994e5877,X03
044fc9da-e72a-50d8-89df-8538994e5877,X26
044fc9da-e72a-50d8-89df-8538994e5877,X27
89d380d6-27ec-5e1e-ab34-76f53510332e,C01
89d380d6-27ec-5e1e-ab34-76f53510332e,C02
89d380d6-27ec-5e1e-ab34-76f53510332e,X02
89d380d6-27ec-5e1e-ab34-76f53510332e,X03
89d380d6-27ec-5e1e-ab34-76f53510332e,X26
89d380d6-27ec-5e1e-ab34-76f53510332e,X27
2a81a1b5-2335-50b8-98b5-b570a440ce59,A00
2a81a1b5-2335-50b8-98b5-b570a440ce59,A01
2a81a1b5-2335-50b8-98b5-b570a440ce59,C01
2a81a1b5-2335-50b8-98b5-b570a440ce59,C02
2a81a1b5-2335-50b8-98b5-b570a440ce59,D01
2a81a1b5-2335-50b8-98b5-b570a440ce59,D07
2a81a1b5-2335-50b8-98b5-b570a440ce59,X02
2a81a1b5-2335-50b8-98b5-b570a440ce59,X03
2a81a1b5-2335-50b8-98b5-b570a440ce59,X26
2a81a1b5-2335-50b8-98b5-b570a440ce59,X27
e18639e3-90db-505e-bd13-61ae37554c58,X25
e18639e3-90db-505e-bd13-61ae37554c58,X26
e18639e3-90db-505e-bd13-61ae37554c58,X27
a9114695-7b7d-546d-93cc-d4b6daaf6abd,A00
a9114695-7b7d-546d-93cc-d4b6daaf6abd,A01
a9114695-7b7d-546d-93cc-d4b6daaf6abd,C01
a9114695-7b7d-546d-93cc-d4b6daaf6abd,C02
a9114695-7b7d-546d-93cc-d4b6daaf6abd,D01
a9114695-7b7d-546d-93cc-d4b6daaf6abd,D07
a9114695-7b7d-546d-93cc-d4b6daaf6abd,X01
a9114695-7b7d-546d-93cc-d4b6daaf6abd,X02
a9114695-7b7d-546d-93cc-d4b6daaf6abd,X03
a9114695-7b7d-546d-93cc-d4b6daaf6abd,X25
a9114695-7b7d-546d-93cc-d4b6daaf6abd,X26
a9114695-7b7d-546d-93cc-d4b6daaf6abd,X27
509c78d2-6eca-564e-a02a-091296a94674,A00
509c78d2-6eca-564e-a02a-091296a94674,A01
509c78d2-6eca-564e-a02a-091296a94674,C01
509c78d2-6eca-564e-a02a-091296a94674,C02
509c78d2-6eca-564e-a02a-091296a94674,D01
509c78d2-6eca-564e-a02a-091296a94674,D07
509c78d2-6eca-564e-a02a-091296a94674,X01
509c78d2-6eca-564e-a02a-091296a94674,X02
509c78d2-6eca-564e-a02a-091296a94674,X03
509c78d2-6eca-564e-a02a-091296a94674,X25
509c78d2-6eca-564e-a02a-091296a94674,X26
509c78d2-6eca-564e-a02a-091296a94674,X27
1bb3e1b1-abdf-580e-b716-094334414c76,A00
1bb3e1b1-abdf-580e-b716-094334414c76,A01
1bb3e1b1-abdf-580e-b716-094334414c76,C01
1bb3e1b1-abdf-580e-b716-094334414c76,C02
1bb3e1b1-abdf-580e-b716-094334414c76,D01
1bb3e1b1-abdf-580e-b716-094334414c76,D07
1bb3e1b1-abdf-580e-b716-094334414c76,X02
1bb3e1b1-abdf-580e-b716-094334414c76,X03
1bb3e1b1-abdf-580e-b716-094334414c76,X26
1bb3e1b1-abdf-580e-b716-094334414c76,X27
6d591162-bd8c-51ef-ae66-5689ffab8011,A00
6d591162-bd8c-51ef-ae66-5689ffab8011,A01
6d591162-bd8c-51ef-ae66-5689ffab8011,C01
6d591162-bd8c-51ef-ae66-5689ffab8011,C02
6d591162-bd8c-51ef-ae66-5689ffab8011,D01
6d591162-bd8c-51ef-ae66-5689ffab8011,D07
6d591162-bd8c-51ef-ae66-5689ffab8011,X02
6d591162-bd8c-51ef-ae66-5689ffab8011,X03
6d591162-bd8c-51ef-ae66-5689ffab8011,X26
6d591162-bd8c-51ef-ae66-5689ffab8011,X27
c164fc3d-e104-557d-ad04-6a82033cc997,C01
c164fc3d-e104-557d-ad04-6a82033cc997,C02
c164fc3d-e104-557d-ad04-6a82033cc997,X02
c164fc3d-e104-557d-ad04-6a82033cc997,X03
c164fc3d-e104-557d-ad04-6a82033cc997,X26
c164fc3d-e104-557d-ad04-6a82033cc997,X27
fa55f2e7-df22-5952-a60a-269b638d60f1,A00
fa55f2e7-df22-5952-a60a-269b638d60f1,A01
fa55f2e7-df22-5952-a60a-269b638d60f1,C01
fa55f2e7-df22-5952-a60a-269b638d60f1,C02
fa55f2e7-df22-5952-a60a-269b638d60f1,D01
fa55f2e7-df22-5952-a60a-269b638d60f1,D07
fa55f2e7-df22-5952-a60a-269b638d60f1,X02
fa55f2e7-df22-5952-a60a-269b638d60f1,X03
fa55f2e7-df22-5952-a60a-269b638d60f1,X26
fa55f2e7-df22-5952-a60a-269b638d60f1,X27
6c11c3e3-cc80-5c80-8155-79f5b0fc291d,C01
6c11c3e3-cc80-5c80-8155-79f5b0fc291d,C02
6c11c3e3-cc80-5c80-8155-79f5b0fc291d,X02
6c11c3e3-cc80-5c80-8155-79f5b0fc291d,X03
6c11c3e3-cc80-5c80-8155-79f5b0fc291d,X26
6c11c3e3-cc80-5c80-8155-79f5b0fc291d,X27
3b4215eb-7eae-578c-aebf-cfecc13215e4,A00
3b4215eb-7eae-578c-aebf-cfecc13215e4,A01
3b4215eb-7eae-578c-aebf-cfecc13215e4,C01
3b4215eb-7eae-578c-aebf-cfecc13215e4,C02
3b4215eb-7eae-578c-aebf-cfecc13215e4,D01
3b4215eb-7eae-578c-aebf-cfecc13215e4,D07
3b4215eb-7eae-578c-aebf-cfecc13215e4,X01
3b4215eb-7eae-578c-aebf-cfecc13215e4,X02
3b4215eb-7eae-578c-aebf-cfecc13215e4,X03
3b4215eb-7eae-578c-aebf-cfecc13215e4,X25
3b4215eb-7eae-578c-aebf-cfecc13215e4,X26
3b4215eb-7eae-578c-aebf-cfecc13215e4,X27
534b2560-67d4-5c27-9b3c-4fe8e2f9e2fc,A00
534b2560-67d4-5c27-9b3c-4fe8e2f9e2fc,A01
534b2560-67d4-5c27-9b3c-4fe8e2f9e2fc,C01
534b2560-67d4-5c27-9b3c-4fe8e2f9e2fc,C02
534b2560-67d4-5c27-9b3c-4fe8e2f9e2fc,D01
534b2560-67d4-5c27-9b3c-4fe8e2f9e2fc,D07
534b2560-67d4-5c27-9b3c-4fe8e2f9e2fc,X01
534b2560-67d4-5c27-9b3c-4fe8e2f9e2fc,X02
534b2560-67d4-5c27-9b3c-4fe8e2f9e2fc,X03
534b2560-67d4-5c27-9b3c-4fe8e2f9e2fc,X25
534b2560-67d4-5c27-9b3c-4fe8e2f9e2fc,X26
534b2560-67d4-5c27-9b3c-4fe8e2f9e2fc,X27
cce98bf3-9d22-59a1-bcd8-e385536526e9,C01
cce98bf3-9d22-59a1-bcd8-e385536526e9,C02
cce98bf3-9d22-59a1-bcd8-e385536526e9,X01
cce98bf3-9d22-59a1-bcd8-e385536526e9,X02
cce98bf3-9d22-59a1-bcd8-e385536526e9,X03
cce98bf3-9d22-59a1-bcd8-e385536526e9,X25
cce98bf3-9d22-59a1-bcd8-e385536526e9,X26
cce98bf3-9d22-59a1-bcd8-e385536526e9,X27
61bf0e57-0d0d-501e-a702-884ae36f65e3,C01
61bf0e57-0d0d-501e-a702-884ae36f65e3,C02
61bf0e57-0d0d-501e-a702-884ae36f65e3,X01
61bf0e57-0d0d-501e-a702-884ae36f65e3,X02
61bf0e57-0d0d-501e-a702-884ae36f65e3,X03
61bf0e57-0d0d-501e-a702-884ae36f65e3,X25
61bf0e57-0d0d-501e-a702-884ae36f65e3,X26
61bf0e57-0d0d-501e-a702-884ae36f65e3,X27
a876da04-6b77-5812-83d4-8332a142ae3a,C01
a876da04-6b77-5812-83d4-8332a142ae3a,C02
a876da04-6b77-5812-83d4-8332a142ae3a,X02
a876da04-6b77-5812-83d4-8332a142ae3a,X03
a876da04-6b77-5812-83d4-8332a142ae3a,X26
a876da04-6b77-5812-83d4-8332a142ae3a,X27
9b14d596-78a4-5486-9fd1-3a69042850b7,C00
9b14d596-78a4-5486-9fd1-3a69042850b7,C03
9b14d596-78a4-5486-9fd1-3a69042850b7,C04
9b14d596-78a4-5486-9fd1-3a69042850b7,X01
9b14d596-78a4-5486-9fd1-3a69042850b7,X25
2a1b67ce-3e3c-557d-8635-8c154a7f0396,A00
2a1b67ce-3e3c-557d-8635-8c154a7f0396,A01
2a1b67ce-3e3c-557d-8635-8c154a7f0396,C01
2a1b67ce-3e3c-557d-8635-8c154a7f0396,C02
2a1b67ce-3e3c-557d-8635-8c154a7f0396,D01
2a1b67ce-3e3c-557d-8635-8c154a7f0396,D07
2a1b67ce-3e3c-557d-8635-8c154a7f0396,X02
2a1b67ce-3e3c-557d-8635-8c154a7f0396,X03
2a1b67ce-3e3c-557d-8635-8c154a7f0396,X26
2a1b67ce-3e3c-557d-8635-8c154a7f0396,X27
59b252f3-2662-5944-a32f-21ea4fd66749,A00
59b252f3-2662-5944-a32f-21ea4fd66749,A01
59b252f3-2662-5944-a32f-21ea4fd66749,C01
59b252f3-2662-5944-a32f-21ea4fd66749,C02
59b252f3-2662-5944-a32f-21ea4fd66749,D01
59b252f3-2662-5944-a32f-21ea4fd66749,D07
59b252f3-2662-5944-a32f-21ea4fd66749,X02
59b252f3-2662-5944-a32f-21ea4fd66749,X03
59b252f3-2662-5944-a32f-21ea4fd66749,X26
59b252f3-2662-5944-a32f-21ea4fd66749,X27
0a9ce597-0a23-5492-8209-479a484fed03,C01
0a9ce597-0a23-5492-8209-479a484fed03,C02
0a9ce597-0a23-5492-8209-479a484fed03,X02
0a9ce597-0a23-5492-8209-479a484fed03,X03
0a9ce597-0a23-5492-8209-479a484fed03,X26
0a9ce597-0a23-5492-8209-479a484fed03,X27
e117e6f6-bdd2-5c1d-b0c8-48d64c860c56,A00
e117e6f6-bdd2-5c1d-b0c8-48d64c860c56,A01
e117e6f6-bdd2-5c1d-b0c8-48d64c860c56,C01
e117e6f6-bdd2-5c1d-b0c8-48d64c860c56,C02
e117e6f6-bdd2-5c1d-b0c8-48d64c860c56,D01
e117e6f6-bdd2-5c1d-b0c8-48d64c860c56,D07
e117e6f6-bdd2-5c1d-b0c8-48d64c860c56,X02
e117e6f6-bdd2-5c1d-b0c8-48d64c860c56,X03
e117e6f6-bdd2-5c1d-b0c8-48d64c860c56,X26
e117e6f6-bdd2-5c1d-b0c8-48d64c860c56,X27
6bfeb772-88f0-5d23-9b91-63c8811e0772,A00
6bfeb772-88f0-5d23-9b91-63c8811e0772,A01
6bfeb772-88f0-5d23-9b91-63c8811e0772,C01
6bfeb772-88f0-5d23-9b91-63c8811e0772,C02
6bfeb772-88f0-5d23-9b91-63c8811e0772,D01
6bfeb772-88f0-5d23-9b91-63c8811e0772,D07
6bfeb772-88f0-5d23-9b91-63c8811e0772,X02
6bfeb772-88f0-5d23-9b91-63c8811e0772,X03
6bfeb772-88f0-5d23-9b91-63c8811e0772,X26
6bfeb772-88f0-5d23-9b91-63c8811e0772,X27
7a750216-2ffd-5a39-8f03-f7da1b0f6785,C01
7a750216-2ffd-5a39-8f03-f7da1b0f6785,C02
7a750216-2ffd-5a39-8f03-f7da1b0f6785,X02
7a750216-2ffd-5a39-8f03-f7da1b0f6785,X03
7a750216-2ffd-5a39-8f03-f7da1b0f6785,X26
7a750216-2ffd-5a39-8f03-f7da1b0f6785,X27
0c2aa430-2dbf-58b0-9673-2ed6c0bdecc8,A00
0c2aa430-2dbf-58b0-9673-2ed6c0bdecc8,A01
0c2aa430-2dbf-58b0-9673-2ed6c0bdecc8,C01
0c2aa430-2dbf-58b0-9673-2ed6c0bdecc8,C02
0c2aa430-2dbf-58b0-9673-2ed6c0bdecc8,D01
0c2aa430-2dbf-58b0-9673-2ed6c0bdecc8,D07
0c2aa430-2dbf-58b0-9673-2ed6c0bdecc8,X01
0c2aa430-2dbf-58b0-9673-2ed6c0bdecc8,X02
0c2aa430-2dbf-58b0-9673-2ed6c0bdecc8,X03
0c2aa430-2dbf-58b0-9673-2ed6c0bdecc8,X25
0c2aa430-2dbf-58b0-9673-2ed6c0bdecc8,X26
0c2aa430-2dbf-58b0-9673-2ed6c0bdecc8,X27
25e9fc9f-14cb-5703-8f87-6eab3df849ce,C01
25e9fc9f-14cb-5703-8f87-6eab3df849ce,C02
25e9fc9f-14cb-5703-8f87-6eab3df849ce,X02
25e9fc9f-14cb-5703-8f87-6eab3df849ce,X03
25e9fc9f-14cb-5703-8f87-6eab3df849ce,X26
25e9fc9f-14cb-5703-8f87-6eab3df849ce,X27
1b301725-4909-52f8-b360-c6f7b44f1588,C01
1b301725-4909-52f8-b360-c6f7b44f1588,C02
1b301725-4909-52f8-b360-c6f7b44f1588,X02
1b301725-4909-52f8-b360-c6f7b44f1588,X03
1b301725-4909-52f8-b360-c6f7b44f1588,X26
1b301725-4909-52f8-b360-c6f7b44f1588,X27
b994bf6f-e572-56e5-a3c6-5c843e97c629,C01
b994bf6f-e572-56e5-a3c6-5c843e97c629,C02
b994bf6f-e572-56e5-a3c6-5c843e97c629,X02
b994bf6f-e572-56e5-a3c6-5c843e97c629,X03
b994bf6f-e572-56e5-a3c6-5c843e97c629,X26
b994bf6f-e572-56e5-a3c6-5c843e97c629,X27
369277fd-9cd6-53a9-9481-0b7bfce3a0ca,A00
369277fd-9cd6-53a9-9481-0b7bfce3a0ca,A01
369277fd-9cd6-53a9-9481-0b7bfce3a0ca,C01
369277fd-9cd6-53a9-9481-0b7bfce3a0ca,C02
369277fd-9cd6-53a9-9481-0b7bfce3a0ca,D01
369277fd-9cd6-53a9-9481-0b7bfce3a0ca,D07
369277fd-9cd6-53a9-9481-0b7bfce3a0ca,X02
369277fd-9cd6-53a9-9481-0b7bfce3a0ca,X03
369277fd-9cd6-53a9-9481-0b7bfce3a0ca,X26
369277fd-9cd6-53a9-9481-0b7bfce3a0ca,X27
e81ad923-5ffd-53f0-a55f-99f599904e39,A00
e81ad923-5ffd-53f0-a55f-99f599904e39,A01
e81ad923-5ffd-53f0-a55f-99f599904e39,C01
e81ad923-5ffd-53f0-a55f-99f599904e39,C02
e81ad923-5ffd-53f0-a55f-99f599904e39,D01
e81ad923-5ffd-53f0-a55f-99f599904e39,D07
e81ad923-5ffd-53f0-a55f-99f599904e39,X02
e81ad923-5ffd-53f0-a55f-99f599904e39,X03
e81ad923-5ffd-53f0-a55f-99f599904e39,X26
e81ad923-5ffd-53f0-a55f-99f599904e39,X27
9e53ac27-d665-5097-afd0-926ae900de0f,C01
9e53ac27-d665-5097-afd0-926ae900de0f,C02
9e53ac27-d665-5097-afd0-926ae900de0f,X02
9e53ac27-d665-5097-afd0-926ae900de0f,X03
9e53ac27-d665-5097-afd0-926ae900de0f,X26
9e53ac27-d665-5097-afd0-926ae900de0f,X27
08e0c217-f5e9-5d22-a943-63b724ea1724,A00
08e0c217-f5e9-5d22-a943-63b724ea1724,A01
08e0c217-f5e9-5d22-a943-63b724ea1724,C01
08e0c217-f5e9-5d22-a943-63b724ea1724,C02
08e0c217-f5e9-5d22-a943-63b724ea1724,D01
08e0c217-f5e9-5d22-a943-63b724ea1724,D07
08e0c217-f5e9-5d22-a943-63b724ea1724,X02
08e0c217-f5e9-5d22-a943-63b724ea1724,X03
08e0c217-f5e9-5d22-a943-63b724ea1724,X26
08e0c217-f5e9-5d22-a943-63b724ea1724,X27
ea16e893-1860-5cf9-9b9c-ca4d5d1ec8ed,C01
ea16e893-1860-5cf9-9b9c-ca4d5d1ec8ed,C02
ea16e893-1860-5cf9-9b9c-ca4d5d1ec8ed,X02
ea16e893-1860-5cf9-9b9c-ca4d5d1ec8ed,X03
ea16e893-1860-5cf9-9b9c-ca4d5d1ec8ed,X26
ea16e893-1860-5cf9-9b9c-ca4d5d1ec8ed,X27
9997a161-eb9e-54b5-82cd-b572fe56234a,C01
9997a161-eb9e-54b5-82cd-b572fe56234a,C02
9997a161-eb9e-54b5-82cd-b572fe56234a,X02
9997a161-eb9e-54b5-82cd-b572fe56234a,X03
9997a161-eb9e-54b5-82cd-b572fe56234a,X26
9997a161-eb9e-54b5-82cd-b572fe56234a,X27
335a16c8-7612-5d9a-8aa1-552c52ada9cd,C01
335a16c8-7612-5d9a-8aa1-552c52ada9cd,C02
335a16c8-7612-5d9a-8aa1-552c52ada9cd,X01
335a16c8-7612-5d9a-8aa1-552c52ada9cd,X02
335a16c8-7612-5d9a-8aa1-552c52ada9cd,X03
335a16c8-7612-5d9a-8aa1-552c52ada9cd,X25
335a16c8-7612-5d9a-8aa1-552c52ada9cd,X26
335a16c8-7612-5d9a-8aa1-552c52ada9cd,X27
e3d550ec-f972-547f-89e1-eb896d2a1a2b,A00
e3d550ec-f972-547f-89e1-eb896d2a1a2b,A01
e3d550ec-f972-547f-89e1-eb896d2a1a2b,C01
e3d550ec-f972-547f-89e1-eb896d2a1a2b,C02
e3d550ec-f972-547f-89e1-eb896d2a1a2b,D01
e3d550ec-f972-547f-89e1-eb896d2a1a2b,D07
e3d550ec-f972-547f-89e1-eb896d2a1a2b,X01
e3d550ec-f972-547f-89e1-eb896d2a1a2b,X02
e3d550ec-f972-547f-89e1-eb896d2a1a2b,X03
e3d550ec-f972-547f-89e1-eb896d2a1a2b,X25
e3d550ec-f972-547f-89e1-eb896d2a1a2b,X26
e3d550ec-f972-547f-89e1-eb896d2a1a2b,X27
31370017-619f-5396-871f-03e56089ffd9,C01
31370017-619f-5396-871f-03e56089ffd9,C02
31370017-619f-5396-871f-03e56089ffd9,X01
31370017-619f-5396-871f-03e56089ffd9,X02
31370017-619f-5396-871f-03e56089ffd9,X03
31370017-619f-5396-871f-03e56089ffd9,X25
31370017-619f-5396-871f-03e56089ffd9,X26
31370017-619f-5396-871f-03e56089ffd9,X27
e65f50e1-705d-5dfa-92b0-b2fcbda5290c,C01
e65f50e1-705d-5dfa-92b0-b2fcbda5290c,C02
e65f50e1-705d-5dfa-92b0-b2fcbda5290c,X02
e65f50e1-705d-5dfa-92b0-b2fcbda5290c,X03
e65f50e1-705d-5dfa-92b0-b2fcbda5290c,X26
e65f50e1-705d-5dfa-92b0-b2fcbda5290c,X27
770a0765-8e2d-5564-bc8c-2bdcd8297142,A00
770a0765-8e2d-5564-bc8c-2bdcd8297142,A01
770a0765-8e2d-5564-bc8c-2bdcd8297142,C01
770a0765-8e2d-5564-bc8c-2bdcd8297142,C02
770a0765-8e2d-5564-bc8c-2bdcd8297142,D01
770a0765-8e2d-5564-bc8c-2bdcd8297142,D07
770a0765-8e2d-5564-bc8c-2bdcd8297142,X02
770a0765-8e2d-5564-bc8c-2bdcd8297142,X03
770a0765-8e2d-5564-bc8c-2bdcd8297142,X26
770a0765-8e2d-5564-bc8c-2bdcd8297142,X27
2421980b-bbef-5db8-a697-94d87ff50702,A00
2421980b-bbef-5db8-a697-94d87ff50702,A01
2421980b-bbef-5db8-a697-94d87ff50702,C01
2421980b-bbef-5db8-a697-94d87ff50702,C02
2421980b-bbef-5db8-a697-94d87ff50702,D01
2421980b-bbef-5db8-a697-94d87ff50702,D07
2421980b-bbef-5db8-a697-94d87ff50702,X02
2421980b-bbef-5db8-a697-94d87ff50702,X03
2421980b-bbef-5db8-a697-94d87ff50702,X26
2421980b-bbef-5db8-a697-94d87ff50702,X27
e8ba6852-0ccc-5730-afb8-a6c072294efa,C01
e8ba6852-0ccc-5730-afb8-a6c072294efa,C02
e8ba6852-0ccc-5730-afb8-a6c072294efa,X01
e8ba6852-0ccc-5730-afb8-a6c072294efa,X02
e8ba6852-0ccc-5730-afb8-a6c072294efa,X03
e8ba6852-0ccc-5730-afb8-a6c072294efa,X25
e8ba6852-0ccc-5730-afb8-a6c072294efa,X26
e8ba6852-0ccc-5730-afb8-a6c072294efa,X27
2098b4e4-b621-56f0-bc23-fea3a9ef41af,A00
2098b4e4-b621-56f0-bc23-fea3a9ef41af,A01
2098b4e4-b621-56f0-bc23-fea3a9ef41af,C01
2098b4e4-b621-56f0-bc23-fea3a9ef41af,C02
2098b4e4-b621-56f0-bc23-fea3a9ef41af,D01
2098b4e4-b621-56f0-bc23-fea3a9ef41af,D07
2098b4e4-b621-56f0-bc23-fea3a9ef41af,X01
2098b4e4-b621-56f0-bc23-fea3a9ef41af,X02
2098b4e4-b621-56f0-bc23-fea3a9ef41af,X03
2098b4e4-b621-56f0-bc23-fea3a9ef41af,X25
2098b4e4-b621-56f0-bc23-fea3a9ef41af,X26
2098b4e4-b621-56f0-bc23-fea3a9ef41af,X27
c9bb775a-9fd3-59dc-a588-d5acff8bcb71,C01
c9bb775a-9fd3-59dc-a588-d5acff8bcb71,C02
c9bb775a-9fd3-59dc-a588-d5acff8bcb71,X02
c9bb775a-9fd3-59dc-a588-d5acff8bcb71,X03
c9bb775a-9fd3-59dc-a588-d5acff8bcb71,X26
c9bb775a-9fd3-59dc-a588-d5acff8bcb71,X27
ceb8f219-5d2c-5d36-bb77-e86e416f0bf3,A00
ceb8f219-5d2c-5d36-bb77-e86e416f0bf3,A01
ceb8f219-5d2c-5d36-bb77-e86e416f0bf3,C01
ceb8f219-5d2c-5d36-bb77-e86e416f0bf3,C02
ceb8f219-5d2c-5d36-bb77-e86e416f0bf3,D01
ceb8f219-5d2c-5d36-bb77-e86e416f0bf3,D07
ceb8f219-5d2c-5d36-bb77-e86e416f0bf3,X02
ceb8f219-5d2c-5d36-bb77-e86e416f0bf3,X03
ceb8f219-5d2c-5d36-bb77-e86e416f0bf3,X26
ceb8f219-5d2c-5d36-bb77-e86e416f0bf3,X27
6da9d700-0cff-5cae-b187-c511f2b101df,C01
6da9d700-0cff-5cae-b187-c511f2b101df,C02
6da9d700-0cff-5cae-b187-c511f2b101df,X01
6da9d700-0cff-5cae-b187-c511f2b101df,X02
6da9d700-0cff-5cae-b187-c511f2b101df,X03
6da9d700-0cff-5cae-b187-c511f2b101df,X25
6da9d700-0cff-5cae-b187-c511f2b101df,X26
6da9d700-0cff-5cae-b187-c511f2b101df,X27
4a696819-9af0-5ff0-9eb2-52f2454fc22c,C01
4a696819-9af0-5ff0-9eb2-52f2454fc22c,C02
4a696819-9af0-5ff0-9eb2-52f2454fc22c,X02
4a696819-9af0-5ff0-9eb2-52f2454fc22c,X03
4a696819-9af0-5ff0-9eb2-52f2454fc22c,X26
4a696819-9af0-5ff0-9eb2-52f2454fc22c,X27
23e7efeb-2cdd-584c-9fdd-40a889253642,C01
23e7efeb-2cdd-584c-9fdd-40a889253642,C02
23e7efeb-2cdd-584c-9fdd-40a889253642,X02
23e7efeb-2cdd-584c-9fdd-40a889253642,X03
23e7efeb-2cdd-584c-9fdd-40a889253642,X26
23e7efeb-2cdd-584c-9fdd-40a889253642,X27
8a9fb3a9-7d46-581e-9186-4101ea7fd0d7,C01
8a9fb3a9-7d46-581e-9186-4101ea7fd0d7,C02
8a9fb3a9-7d46-581e-9186-4101ea7fd0d7,X02
8a9fb3a9-7d46-581e-9186-4101ea7fd0d7,X03
8a9fb3a9-7d46-581e-9186-4101ea7fd0d7,X26
8a9fb3a9-7d46-581e-9186-4101ea7fd0d7,X27
2874afa3-55be-5212-8c0a-989f5e807cd8,A00
2874afa3-55be-5212-8c0a-989f5e807cd8,A01
2874afa3-55be-5212-8c0a-989f5e807cd8,C01
2874afa3-55be-5212-8c0a-989f5e807cd8,C02
2874afa3-55be-5212-8c0a-989f5e807cd8,D01
2874afa3-55be-5212-8c0a-989f5e807cd8,D07
2874afa3-55be-5212-8c0a-989f5e807cd8,X02
2874afa3-55be-5212-8c0a-989f5e807cd8,X03
2874afa3-55be-5212-8c0a-989f5e807cd8,X26
2874afa3-55be-5212-8c0a-989f5e807cd8,X27
9d2c28eb-2f68-5ce8-aa52-c3de688997f3,C01
9d2c28eb-2f68-5ce8-aa52-c3de688997f3,C02
9d2c28eb-2f68-5ce8-aa52-c3de688997f3,X02
9d2c28eb-2f68-5ce8-aa52-c3de688997f3,X03
9d2c28eb-2f68-5ce8-aa52-c3de688997f3,X26
9d2c28eb-2f68-5ce8-aa52-c3de688997f3,X27
513f95b7-06d3-5f54-853e-52d56d6f3709,C01
513f95b7-06d3-5f54-853e-52d56d6f3709,C02
513f95b7-06d3-5f54-853e-52d56d6f3709,X02
513f95b7-06d3-5f54-853e-52d56d6f3709,X03
513f95b7-06d3-5f54-853e-52d56d6f3709,X26
513f95b7-06d3-5f54-853e-52d56d6f3709,X27
adee1c74-a0f0-593a-a5ae-081800241cc3,A00
adee1c74-a0f0-593a-a5ae-081800241cc3,A01
adee1c74-a0f0-593a-a5ae-081800241cc3,C01
adee1c74-a0f0-593a-a5ae-081800241cc3,C02
adee1c74-a0f0-593a-a5ae-081800241cc3,D01
adee1c74-a0f0-593a-a5ae-081800241cc3,D07
adee1c74-a0f0-593a-a5ae-081800241cc3,X02
adee1c74-a0f0-593a-a5ae-081800241cc3,X03
adee1c74-a0f0-593a-a5ae-081800241cc3,X26
adee1c74-a0f0-593a-a5ae-081800241cc3,X27
1c6117bf-b970-5d72-b879-aac9112c034d,A00
1c6117bf-b970-5d72-b879-aac9112c034d,A01
1c6117bf-b970-5d72-b879-aac9112c034d,C01
1c6117bf-b970-5d72-b879-aac9112c034d,C02
1c6117bf-b970-5d72-b879-aac9112c034d,D01
1c6117bf-b970-5d72-b879-aac9112c034d,D07
1c6117bf-b970-5d72-b879-aac9112c034d,X02
1c6117bf-b970-5d72-b879-aac9112c034d,X03
1c6117bf-b970-5d72-b879-aac9112c034d,X26
1c6117bf-b970-5d72-b879-aac9112c034d,X27
3d5679a0-9569-57a3-a4e2-d8082ff100a3,C01
3d5679a0-9569-57a3-a4e2-d8082ff100a3,C02
3d5679a0-9569-57a3-a4e2-d8082ff100a3,X02
3d5679a0-9569-57a3-a4e2-d8082ff100a3,X03
3d5679a0-9569-57a3-a4e2-d8082ff100a3,X26
3d5679a0-9569-57a3-a4e2-d8082ff100a3,X27
fb26907b-d236-56d2-94fe-f3ebd48e3a64,C01
fb26907b-d236-56d2-94fe-f3ebd48e3a64,C02
fb26907b-d236-56d2-94fe-f3ebd48e3a64,X02
fb26907b-d236-56d2-94fe-f3ebd48e3a64,X03
fb26907b-d236-56d2-94fe-f3ebd48e3a64,X26
fb26907b-d236-56d2-94fe-f3ebd48e3a64,X27
8c1547c5-191f-5139-9560-abb8ee93727c,C01
8c1547c5-191f-5139-9560-abb8ee93727c,C02
8c1547c5-191f-5139-9560-abb8ee93727c,X02
8c1547c5-191f-5139-9560-abb8ee93727c,X03
8c1547c5-191f-5139-9560-abb8ee93727c,X26
8c1547c5-191f-5139-9560-abb8ee93727c,X27
21dd40cb-dce8-5d3b-bf7c-4b261aedf63d,A00
21dd40cb-dce8-5d3b-bf7c-4b261aedf63d,A01
21dd40cb-dce8-5d3b-bf7c-4b261aedf63d,D01
21dd40cb-dce8-5d3b-bf7c-4b261aedf63d,D07
cad7b72c-043d-58c2-81e7-4d0b47caa773,A00
cad7b72c-043d-58c2-81e7-4d0b47caa773,A01
cad7b72c-043d-58c2-81e7-4d0b47caa773,D01
cad7b72c-043d-58c2-81e7-4d0b47caa773,D07
f85cda20-9e1f-50b0-827e-20b221b18d6b,D01
daeab3e2-8098-5132-9e41-1e1a1df7e8a2,A00
daeab3e2-8098-5132-9e41-1e1a1df7e8a2,A01
daeab3e2-8098-5132-9e41-1e1a1df7e8a2,D01
daeab3e2-8098-5132-9e41-1e1a1df7e8a2,D07
421efbc5-c702-5ad8-8e82-cc67f813f6c2,A00
421efbc5-c702-5ad8-8e82-cc67f813f6c2,A01
421efbc5-c702-5ad8-8e82-cc67f813f6c2,D01
421efbc5-c702-5ad8-8e82-cc67f813f6c2,D07
5101eb01-7bb5-5ecb-95e2-7f6d9a3a3740,A00
5101eb01-7bb5-5ecb-95e2-7f6d9a3a3740,A01
5101eb01-7bb5-5ecb-95e2-7f6d9a3a3740,D01
5101eb01-7bb5-5ecb-95e2-7f6d9a3a3740,D07
5d3ac98f-a2db-543f-a92e-fead229430cb,A00
5d3ac98f-a2db-543f-a92e-fead229430cb,A01
5d3ac98f-a2db-543f-a92e-fead229430cb,D01
5d3ac98f-a2db-543f-a92e-fead229430cb,D07
d6a96779-a515-572b-8db6-1d6942044bb2,A00
d6a96779-a515-572b-8db6-1d6942044bb2,A01
d6a96779-a515-572b-8db6-1d6942044bb2,D01
d6a96779-a515-572b-8db6-1d6942044bb2,D07
e0f849f9-0381-5f3a-a243-fe03855f415e,A00
e0f849f9-0381-5f3a-a243-fe03855f415e,A01
e0f849f9-0381-5f3a-a243-fe03855f415e,D01
e0f849f9-0381-5f3a-a243-fe03855f415e,D07
6669d4ad-85e6-56ad-8b8c-5be0334938ad,A00
6669d4ad-85e6-56ad-8b8c-5be0334938ad,A01
6669d4ad-85e6-56ad-8b8c-5be0334938ad,D01
6669d4ad-85e6-56ad-8b8c-5be0334938ad,D07
169cc48a-eb6e-5208-929b-ee49f318d0eb,A00
169cc48a-eb6e-5208-929b-ee49f318d0eb,A01
169cc48a-eb6e-5208-929b-ee49f318d0eb,D01
169cc48a-eb6e-5208-929b-ee49f318d0eb,D07
eed15b88-7d2a-5eea-bd46-70372a6232af,A00
eed15b88-7d2a-5eea-bd46-70372a6232af,A01
eed15b88-7d2a-5eea-bd46-70372a6232af,D01
eed15b88-7d2a-5eea-bd46-70372a6232af,D07
0f2217c3-ec61-5b13-b78d-a551d421172d,A00
0f2217c3-ec61-5b13-b78d-a551d421172d,A01
0f2217c3-ec61-5b13-b78d-a551d421172d,D01
0f2217c3-ec61-5b13-b78d-a551d421172d,D07
611bb240-2411-58d9-93cd-9969b01db4b1,C20
5ba379be-a605-5d68-a74a-be04dad63f37,D01
5ba379be-a605-5d68-a74a-be04dad63f37,D02
5ba379be-a605-5d68-a74a-be04dad63f37,D03
32821d37-8057-5ec3-8deb-0eaad9baecff,M00
70070a8f-a53c-5ddf-9179-51539ff25502,M01
1ab65ab8-f921-5428-9ee5-e72bb86b88b1,M02
2db1127d-ccc0-5062-9609-4c4cbfcc3cbf,D01
2db1127d-ccc0-5062-9609-4c4cbfcc3cbf,D02
2db1127d-ccc0-5062-9609-4c4cbfcc3cbf,D03
58fa5d11-7bae-5d23-9cbe-1f87a94795c3,D01
27b80557-3e89-56ea-a0f7-e9d36683b0c9,C00
54d28845-74bc-542f-af53-b7eb57be7d3d,D01
54d28845-74bc-542f-af53-b7eb57be7d3d,D02
54d28845-74bc-542f-af53-b7eb57be7d3d,D03
1f4ff3c8-84df-55b9-8099-1fd0b7570d9b,C19
6cf81319-8ab8-53c9-aaf0-1ab0e89ad1f2,C20
0cb58620-35d4-5426-80ee-e4de36032c38,C19
07a9cc2e-5e27-5c72-aaf8-ec507fb43b8e,C20
b59bc621-cee3-5393-a8d0-da05c3508ab7,C00
dc604d0a-a5dd-5bcf-9939-e6832d89ce30,D01
dc604d0a-a5dd-5bcf-9939-e6832d89ce30,D02
dc604d0a-a5dd-5bcf-9939-e6832d89ce30,D03
b618de94-d107-5b2e-aceb-00a53abfe3c5,A00
8d69bed4-cee6-5f24-b92c-9b0ba052b6a5,A00
ba1f8988-cabf-58ee-8996-142a3dd1eb86,D01
af3d036e-e251-5f18-8f1d-125701b76cce,A00
1fb48029-feb4-5919-a955-44b6318b99db,A01
a1bbe804-432c-57ff-8fec-2b8f969d66a3,A00
45417196-a624-5e2b-90de-5131282e51f8,A01
fbec6f64-a3c5-5099-a1e4-34e3d08df600,A00
56588e9c-250b-5572-9a04-2286ec1f66d8,A01
524e24e1-9a29-5f83-a3fd-5d65ae039903,A00
7c615134-4559-59a8-a67a-17182e6eb700,D07
cca5a427-b75f-5777-b7b4-e13845b75bb2,B00
6790a25a-93d5-59fc-9572-aab7ae5d6329,B00
6fb9044f-0104-5496-be95-bc05ce1ca410,D08
6fb9044f-0104-5496-be95-bc05ce1ca410,D32
6fb9044f-0104-5496-be95-bc05ce1ca410,D34
41503c83-6abb-5736-8741-b303793ae9af,C00
1bc48814-d2fb-58f9-8635-f48a9de83e2c,D01
1bc48814-d2fb-58f9-8635-f48a9de83e2c,D02
1bc48814-d2fb-58f9-8635-f48a9de83e2c,D03
82e07af9-bd50-5e9d-b8a1-d9d492dddebb,C00
2348466e-60b0-54b9-bf68-d45cd90a5ba6,D14
95ddf981-284d-5814-9330-618a3562be5b,C04
c066f64a-8bad-5c6f-a0e8-ef4bedbd664c,C00
4664dc3d-aac9-5e00-a7a4-3fa92781b887,D01
5b1cd45d-97f2-5a44-87ba-7d8ad6290253,D15
5b1cd45d-97f2-5a44-87ba-7d8ad6290253,D42
5b1cd45d-97f2-5a44-87ba-7d8ad6290253,D44
67cfbd92-37b0-5821-bb2c-ba17b524dc8a,D01
67cfbd92-37b0-5821-bb2c-ba17b524dc8a,D02
67cfbd92-37b0-5821-bb2c-ba17b524dc8a,D03
11d9155c-68c1-5e37-9164-e4b07eb405c6,A00
a2fd9c33-70a5-5e6c-8f2c-a63950b4ee91,C01
7b5e77af-3ab7-574a-b59d-a8f307973735,D01
09b1d3a1-9604-5103-adc4-6e59d532c860,C19
4500ee22-334c-5b2e-b6a9-9211c1ee35d1,C00
e07fecab-91de-5a2e-95b9-7d06157c40e9,C00
090b7e7e-0bf7-580c-ab92-d7d51fc9f145,D01
090b7e7e-0bf7-580c-ab92-d7d51fc9f145,D02
090b7e7e-0bf7-580c-ab92-d7d51fc9f145,D03
c82a55fd-7c67-57ff-b1b8-b2b89a96f7d5,C19
025215d5-f6c6-5cfb-a00d-034684134f08,D66
025215d5-f6c6-5cfb-a00d-034684134f08,D68
025215d5-f6c6-5cfb-a00d-034684134f08,D70
3a262fa6-cd05-5397-8c0f-2af3c5f14f5a,C00
2fa53856-39f8-5c6e-a3eb-3f70ec157cd5,D01
2fa53856-39f8-5c6e-a3eb-3f70ec157cd5,D02
2fa53856-39f8-5c6e-a3eb-3f70ec157cd5,D03
0f202d49-0a8b-508f-b167-1e21fc137e1c,C00
ce3807f8-549e-521c-a11e-ea2e994b4e2e,D01
ce3807f8-549e-521c-a11e-ea2e994b4e2e,D02
ce3807f8-549e-521c-a11e-ea2e994b4e2e,D03
46df5005-510a-5265-8642-e77ac85f6cc9,C00
31294a35-e03d-5258-947b-63a4edd2feb7,D01
58ed8715-9283-5d05-9cc8-9d213df2bcc1,B00
38d71285-fa8e-5e76-ad9a-0f91f8f8bbc3,D08
38d71285-fa8e-5e76-ad9a-0f91f8f8bbc3,D32
38d71285-fa8e-5e76-ad9a-0f91f8f8bbc3,D34
777b7982-a57f-56f5-b2b5-4f46c6cb5e98,A00
65ac9146-99bc-5596-b1cc-24bb70734139,B00
2339510f-2a77-58ce-b29f-851ba3310c80,A00
ed0ed294-fd59-59a8-9caf-adf63be8fb10,D01
1bb20ddb-e5cb-59cd-bcd0-19c6ef8e5bf5,A00
e4c0b2bf-885b-5bc8-b3e5-0b998c521ace,A01
acf2eed1-88fb-5365-9ab5-bc95ad35eaa0,C00
d5ef7b5c-fa21-5b0b-8635-217f5c95a13e,D01
d5ef7b5c-fa21-5b0b-8635-217f5c95a13e,D02
d5ef7b5c-fa21-5b0b-8635-217f5c95a13e,D03
ff0765e6-4ddf-53f6-8606-5fbf8e2dca89,C00
d362e950-a5de-50c4-b713-aed93fec5682,D01
d362e950-a5de-50c4-b713-aed93fec5682,D02
d362e950-a5de-50c4-b713-aed93fec5682,D03
9b58144b-0082-594b-bada-00fe80866ccf,C00
eb002441-78c4-582e-9cbf-6b271d022aff,D01
779d1c07-4a36-5d42-87a3-e206fec89501,D01
137cdf30-0fd8-5e9b-8e4e-b79a6f31ccbf,T01
79ab6cfb-05c3-5e04-96e4-69f5a685af2a,N01
9507d666-1702-5b27-9c62-e0d991495f55,N02
27c0ce4e-7339-5527-874c-76f6e6fa5e69,H02
f3259f52-9823-5135-aa35-c62269927541,D01
2f3b41ad-cd5f-5d6f-82a1-c342db84497c,D01
e14ac130-4178-5e47-90b3-22d5543304f0,D04
31294a35-e03d-5258-947b-63a4edd2feb7,D15
eb002441-78c4-582e-9cbf-6b271d022aff,D15
797054aa-aebb-5db6-865a-3a2c6e34696c,T01
31b7512b-0442-52e2-8552-2b4714ef5b1f,H01
fef6a255-e10e-5862-898a-e3701b7250b4,A00
1354b3fa-feab-5fc8-9d74-b9f565d5705d,D01
1354b3fa-feab-5fc8-9d74-b9f565d5705d,D02
1354b3fa-feab-5fc8-9d74-b9f565d5705d,D03
1354b3fa-feab-5fc8-9d74-b9f565d5705d,C20
8587d7b9-fcce-57a5-93f6-a2dc353a7c5b,M00
4ffca3e3-ef10-547c-8b5f-9b7e14a01aa1,M01
4ffca3e3-ef10-547c-8b5f-9b7e14a01aa1,M02
eb7d9a9f-30f2-5dba-b185-f61d1bcfd98e,D01
eb7d9a9f-30f2-5dba-b185-f61d1bcfd98e,D02
eb7d9a9f-30f2-5dba-b185-f61d1bcfd98e,D03
1a0079ed-ef9b-5996-bfbd-d0b17f2a52c6,D01
84e6718a-4e33-5696-9833-8252006001a2,C00
84e6718a-4e33-5696-9833-8252006001a2,D01
84e6718a-4e33-5696-9833-8252006001a2,D02
84e6718a-4e33-5696-9833-8252006001a2,D03
16fa1a9f-06e4-5d9a-acc1-27f42046a2e1,C19
16fa1a9f-06e4-5d9a-acc1-27f42046a2e1,C20
77da6a12-1a73-53b2-aa41-0762115d630f,C19
77da6a12-1a73-53b2-aa41-0762115d630f,C20
3c1481fe-3a0b-50f0-a66e-f2ece1767326,C00
3c1481fe-3a0b-50f0-a66e-f2ece1767326,D01
3c1481fe-3a0b-50f0-a66e-f2ece1767326,D02
3c1481fe-3a0b-50f0-a66e-f2ece1767326,D03
5174c18b-e779-521a-9103-e4e7ba1bc4d8,A00
803e9afa-0b8c-52fc-9fc4-dfe07df83def,A01
803e9afa-0b8c-52fc-9fc4-dfe07df83def,D01
1a3e6b58-7054-5835-8c48-9f6a40fb4317,A00
1a3e6b58-7054-5835-8c48-9f6a40fb4317,A01
c2a63d0c-8fc0-5222-bb6b-da029ca3c044,A00
c2a63d0c-8fc0-5222-bb6b-da029ca3c044,A01
472500e9-d992-5a3e-9cf2-2b5dbd78316a,A00
472500e9-d992-5a3e-9cf2-2b5dbd78316a,A01
b6330db4-ad89-5c26-8fab-6f4c26d9a26d,A00
b6330db4-ad89-5c26-8fab-6f4c26d9a26d,B00
6188a63e-50d8-55b3-9fa6-0035a465319b,D07
5524e492-e1be-5d74-b17c-d08d43054531,B00
5524e492-e1be-5d74-b17c-d08d43054531,D08
84d275bf-0e28-5fe3-a4ff-6c4e400e8590,D01
84d275bf-0e28-5fe3-a4ff-6c4e400e8590,D02
84d275bf-0e28-5fe3-a4ff-6c4e400e8590,D03
84d275bf-0e28-5fe3-a4ff-6c4e400e8590,C00
d665b005-9c2e-5f5a-941c-379d2628729b,C00
d665b005-9c2e-5f5a-941c-379d2628729b,D14
af3ca499-b6b4-5e25-82b3-93c8a39a46bd,C04
af3ca499-b6b4-5e25-82b3-93c8a39a46bd,C00
d06eef1a-2019-516b-aeba-cc9525ddc28a,N01
d06eef1a-2019-516b-aeba-cc9525ddc28a,N02
fed35cfc-1758-5e0b-aa90-79fd2bf21563,H01
fed35cfc-1758-5e0b-aa90-79fd2bf21563,H02
1bf5d993-006a-529f-849a-5a97178f3bad,D15
1bf5d993-006a-529f-849a-5a97178f3bad,D42
1bf5d993-006a-529f-849a-5a97178f3bad,D44
1bf5d993-006a-529f-849a-5a97178f3bad,D01
1bf5d993-006a-529f-849a-5a97178f3bad,D02
1bf5d993-006a-529f-849a-5a97178f3bad,D03
087cdf91-fbc9-56ab-b69a-ade442c2500b,A00
087cdf91-fbc9-56ab-b69a-ade442c2500b,A01
a61fc831-32d5-5848-b30a-752b4c4bd762,A00
a61fc831-32d5-5848-b30a-752b4c4bd762,B00
a024da15-b7b4-5e59-a89a-324822fc8066,C00
82efb721-8c04-52c7-8c7d-ce2ad9273202,D01
82efb721-8c04-52c7-8c7d-ce2ad9273202,D04
39fe483c-2db9-5b5e-9761-3c8b90518261,C19
39fe483c-2db9-5b5e-9761-3c8b90518261,C00
62c1616f-1384-5434-b148-fdab2431e307,C00
62c1616f-1384-5434-b148-fdab2431e307,D01
62c1616f-1384-5434-b148-fdab2431e307,D02
62c1616f-1384-5434-b148-fdab2431e307,D03
54c915ce-ab36-52c3-9c01-63e12f413f4b,C19
54c915ce-ab36-52c3-9c01-63e12f413f4b,D66
54c915ce-ab36-52c3-9c01-63e12f413f4b,D68
54c915ce-ab36-52c3-9c01-63e12f413f4b,D70
93e53ad9-656f-58cb-bdb3-2a5f8db915d2,C00
93e53ad9-656f-58cb-bdb3-2a5f8db915d2,D01
93e53ad9-656f-58cb-bdb3-2a5f8db915d2,D02
93e53ad9-656f-58cb-bdb3-2a5f8db915d2,D03
b16ba017-0d82-56be-8591-37ed837de6fe,D01
b16ba017-0d82-56be-8591-37ed837de6fe,D02
b16ba017-0d82-56be-8591-37ed837de6fe,D03
b16ba017-0d82-56be-8591-37ed837de6fe,C00
014815f5-c395-5282-9ad3-818aa4b06e3c,C00
014815f5-c395-5282-9ad3-818aa4b06e3c,D15
c7a10233-cf13-520e-98e0-7db724947ede,B00
c7a10233-cf13-520e-98e0-7db724947ede,D08
c7a10233-cf13-520e-98e0-7db724947ede,D32
c7a10233-cf13-520e-98e0-7db724947ede,D34
b41bfc6a-67bf-5e97-8718-f67f0600fc87,A00
b41bfc6a-67bf-5e97-8718-f67f0600fc87,B00
69d2ea5a-2c54-5b5d-a0d8-73e63809e294,A00
69d2ea5a-2c54-5b5d-a0d8-73e63809e294,D01
82ff7ed0-80ff-538d-90c0-5dca0039d283,A01
82ff7ed0-80ff-538d-90c0-5dca0039d283,A00
b115d254-34d9-5dc1-b7da-49fad7d75dc3,C00
b115d254-34d9-5dc1-b7da-49fad7d75dc3,D01
b115d254-34d9-5dc1-b7da-49fad7d75dc3,D02
b115d254-34d9-5dc1-b7da-49fad7d75dc3,D03
9bb709b2-de96-55b3-a7e7-acbea4ca58fc,C00
9bb709b2-de96-55b3-a7e7-acbea4ca58fc,D01
9bb709b2-de96-55b3-a7e7-acbea4ca58fc,D02
9bb709b2-de96-55b3-a7e7-acbea4ca58fc,D03
5e542de4-3f84-5c60-bb52-0dc399d809bb,C00
5e542de4-3f84-5c60-bb52-0dc399d809bb,D15
1354b3fa-feab-5fc8-9d74-b9f565d5705d,C03
1354b3fa-feab-5fc8-9d74-b9f565d5705d,X01
16fa1a9f-06e4-5d9a-acc1-27f42046a2e1,X70
16fa1a9f-06e4-5d9a-acc1-27f42046a2e1,X74
16fa1a9f-06e4-5d9a-acc1-27f42046a2e1,X78
77da6a12-1a73-53b2-aa41-0762115d630f,X70
77da6a12-1a73-53b2-aa41-0762115d630f,X74
77da6a12-1a73-53b2-aa41-0762115d630f,X78
797054aa-aebb-5db6-865a-3a2c6e34696c,T02
5174c18b-e779-521a-9103-e4e7ba1bc4d8,A01
1a3e6b58-7054-5835-8c48-9f6a40fb4317,X06
087cdf91-fbc9-56ab-b69a-ade442c2500b,X07
087cdf91-fbc9-56ab-b69a-ade442c2500b,X08
66b40bca-fa03-5c83-a09b-1f863637611b,C00
66b40bca-fa03-5c83-a09b-1f863637611b,D14
39fe483c-2db9-5b5e-9761-3c8b90518261,D14
39fe483c-2db9-5b5e-9761-3c8b90518261,X70
5cfdb99d-e1ff-5daf-8230-bcb5a3831a84,C00
5cfdb99d-e1ff-5daf-8230-bcb5a3831a84,C03
5cfdb99d-e1ff-5daf-8230-bcb5a3831a84,D14
54c915ce-ab36-52c3-9c01-63e12f413f4b,X70
54c915ce-ab36-52c3-9c01-63e12f413f4b,X74
54c915ce-ab36-52c3-9c01-63e12f413f4b,X78
89606277-cac1-5556-bf6e-2dd199050e3e,C00
89606277-cac1-5556-bf6e-2dd199050e3e,D14
89606277-cac1-5556-bf6e-2dd199050e3e,X70
93e53ad9-656f-58cb-bdb3-2a5f8db915d2,D14
93e53ad9-656f-58cb-bdb3-2a5f8db915d2,D15
b16ba017-0d82-56be-8591-37ed837de6fe,D14
b16ba017-0d82-56be-8591-37ed837de6fe,D15
014815f5-c395-5282-9ad3-818aa4b06e3c,D01
014815f5-c395-5282-9ad3-818aa4b06e3c,D14
c7a10233-cf13-520e-98e0-7db724947ede,B08
dac22ad1-a5ff-5ea5-8414-438d1f9b08fe,A02
dac22ad1-a5ff-5ea5-8414-438d1f9b08fe,B00
dac22ad1-a5ff-5ea5-8414-438d1f9b08fe,B08
e7e36b47-4d26-5843-8287-6b7de428715a,A00
e7e36b47-4d26-5843-8287-6b7de428715a,A01
e7e36b47-4d26-5843-8287-6b7de428715a,X06
b41bfc6a-67bf-5e97-8718-f67f0600fc87,D07
69d2ea5a-2c54-5b5d-a0d8-73e63809e294,A01
82ff7ed0-80ff-538d-90c0-5dca0039d283,X06
b115d254-34d9-5dc1-b7da-49fad7d75dc3,D14
b115d254-34d9-5dc1-b7da-49fad7d75dc3,X70
5e542de4-3f84-5c60-bb52-0dc399d809bb,D01
5e542de4-3f84-5c60-bb52-0dc399d809bb,D14
16fa1a9f-06e4-5d9a-acc1-27f42046a2e1,C00
16fa1a9f-06e4-5d9a-acc1-27f42046a2e1,D14
77da6a12-1a73-53b2-aa41-0762115d630f,C00
77da6a12-1a73-53b2-aa41-0762115d630f,D14
54c915ce-ab36-52c3-9c01-63e12f413f4b,C00
54c915ce-ab36-52c3-9c01-63e12f413f4b,D14
5d3c2787-f4f3-5013-957e-7244f143fb7b,H00
6277ae98-1d5c-5df1-a11e-93eed4e03013,H00
6e047dbf-0277-5bce-b74c-80c69eb8ecf7,H00
57d8f106-ff81-5705-837a-3ea328761e31,A00
57d8f106-ff81-5705-837a-3ea328761e31,A01
57d8f106-ff81-5705-837a-3ea328761e31,D01
57d8f106-ff81-5705-837a-3ea328761e31,D07
909b9226-89ed-536c-b031-89e985eea24b,A00
909b9226-89ed-536c-b031-89e985eea24b,A01
909b9226-89ed-536c-b031-89e985eea24b,D01
909b9226-89ed-536c-b031-89e985eea24b,D07
682d7374-e54f-5cab-af40-9947201a5c00,A00
682d7374-e54f-5cab-af40-9947201a5c00,A01
682d7374-e54f-5cab-af40-9947201a5c00,D01
682d7374-e54f-5cab-af40-9947201a5c00,D07
dfd9c693-9b09-5f6c-a0d7-b92abbb96d2a,V00
63bbfa6d-6b3b-566f-b99b-8a63b045003e,V00
76128287-f635-508d-afe4-166eef71c297,V00
547d001c-9a2f-58cf-903e-73f6b13e6adc,V00
072f9821-8f6f-5abb-bd15-b6a6813aaebb,V00
d6342c10-cff0-5ae1-9bd2-81d601dedae3,H00
028fb885-5393-5396-9fb2-882f7576b48a,A00
028fb885-5393-5396-9fb2-882f7576b48a,A01
028fb885-5393-5396-9fb2-882f7576b48a,D01
028fb885-5393-5396-9fb2-882f7576b48a,D07
ed70108b-1653-54dd-9b08-98d664c05db8,A00
ed70108b-1653-54dd-9b08-98d664c05db8,A01
ed70108b-1653-54dd-9b08-98d664c05db8,D01
ed70108b-1653-54dd-9b08-98d664c05db8,D07
0f75c9be-a755-529f-9d7d-a8eaf858ef6a,A00
0f75c9be-a755-529f-9d7d-a8eaf858ef6a,A01
0f75c9be-a755-529f-9d7d-a8eaf858ef6a,D01
0f75c9be-a755-529f-9d7d-a8eaf858ef6a,D07
3e86c539-82ed-52c2-9876-f76d2eac3b4e,A00
3e86c539-82ed-52c2-9876-f76d2eac3b4e,A01
3e86c539-82ed-52c2-9876-f76d2eac3b4e,D01
3e86c539-82ed-52c2-9876-f76d2eac3b4e,D07
103087f4-7ba5-5e0f-b3af-86a4ee4c058e,A00
103087f4-7ba5-5e0f-b3af-86a4ee4c058e,A01
103087f4-7ba5-5e0f-b3af-86a4ee4c058e,D01
103087f4-7ba5-5e0f-b3af-86a4ee4c058e,D07
619cf0e2-56fe-5ee3-82d9-a309e82d72f2,A00
619cf0e2-56fe-5ee3-82d9-a309e82d72f2,A01
619cf0e2-56fe-5ee3-82d9-a309e82d72f2,D01
619cf0e2-56fe-5ee3-82d9-a309e82d72f2,D07
c0140df1-8bc9-59d5-9fed-42f26df292f3,A00
c0140df1-8bc9-59d5-9fed-42f26df292f3,A01
c0140df1-8bc9-59d5-9fed-42f26df292f3,D01
c0140df1-8bc9-59d5-9fed-42f26df292f3,D07
32c97b44-ee27-5f59-aa74-a856ba05e571,A00
32c97b44-ee27-5f59-aa74-a856ba05e571,A01
32c97b44-ee27-5f59-aa74-a856ba05e571,D01
32c97b44-ee27-5f59-aa74-a856ba05e571,D07
9189cde4-bc7e-5ab7-aa15-9356cc82d3fd,A00
9189cde4-bc7e-5ab7-aa15-9356cc82d3fd,A01
9189cde4-bc7e-5ab7-aa15-9356cc82d3fd,C01
9189cde4-bc7e-5ab7-aa15-9356cc82d3fd,D01
709acd0d-58df-5957-b9ab-27d07d03a24b,A00
709acd0d-58df-5957-b9ab-27d07d03a24b,A01
709acd0d-58df-5957-b9ab-27d07d03a24b,C01
709acd0d-58df-5957-b9ab-27d07d03a24b,D01
64d79689-252e-5f99-86ea-85a5ad2af30f,A00
64d79689-252e-5f99-86ea-85a5ad2af30f,A01
64d79689-252e-5f99-86ea-85a5ad2af30f,C01
64d79689-252e-5f99-86ea-85a5ad2af30f,D01
64e8eda8-25f9-54a9-bb72-34a7ee9ea9d9,A00
64e8eda8-25f9-54a9-bb72-34a7ee9ea9d9,A01
64e8eda8-25f9-54a9-bb72-34a7ee9ea9d9,C01
64e8eda8-25f9-54a9-bb72-34a7ee9ea9d9,D01
86ec901c-d2d1-5241-a955-c46378bd6691,A00
86ec901c-d2d1-5241-a955-c46378bd6691,A01
86ec901c-d2d1-5241-a955-c46378bd6691,C01
86ec901c-d2d1-5241-a955-c46378bd6691,D01
fba82006-7c29-5d5e-9384-6ab14db6a169,A00
fba82006-7c29-5d5e-9384-6ab14db6a169,A01
fba82006-7c29-5d5e-9384-6ab14db6a169,C01
fba82006-7c29-5d5e-9384-6ab14db6a169,D01
5d3c2787-f4f3-5013-957e-7244f143fb7b,H02
6277ae98-1d5c-5df1-a11e-93eed4e03013,H02
6e047dbf-0277-5bce-b74c-80c69eb8ecf7,H02
f909ffef-1ad5-5460-99bf-abc65134ed1a,A00
f909ffef-1ad5-5460-99bf-abc65134ed1a,A01
f909ffef-1ad5-5460-99bf-abc65134ed1a,D01
f909ffef-1ad5-5460-99bf-abc65134ed1a,D07
dfd9c693-9b09-5f6c-a0d7-b92abbb96d2a,V01
dfd9c693-9b09-5f6c-a0d7-b92abbb96d2a,V02
ebbd60a7-8256-554b-99da-b08eb0eee9c2,V00
ebbd60a7-8256-554b-99da-b08eb0eee9c2,V01
ebbd60a7-8256-554b-99da-b08eb0eee9c2,V02
76128287-f635-508d-afe4-166eef71c297,V01
76128287-f635-508d-afe4-166eef71c297,V02
547d001c-9a2f-58cf-903e-73f6b13e6adc,V01
547d001c-9a2f-58cf-903e-73f6b13e6adc,V02
48e75fd2-f16d-5f7f-9d66-92fe5d0bd584,V00
48e75fd2-f16d-5f7f-9d66-92fe5d0bd584,V01
48e75fd2-f16d-5f7f-9d66-92fe5d0bd584,V02
d6342c10-cff0-5ae1-9bd2-81d601dedae3,H02
3277c25f-900a-5ad9-891a-9e571a4c21fa,A00
3277c25f-900a-5ad9-891a-9e571a4c21fa,A01
3277c25f-900a-5ad9-891a-9e571a4c21fa,D01
3277c25f-900a-5ad9-891a-9e571a4c21fa,D07
8196116f-a027-52ce-b05a-add6ea35bf09,A00
8196116f-a027-52ce-b05a-add6ea35bf09,A01
8196116f-a027-52ce-b05a-add6ea35bf09,D01
8196116f-a027-52ce-b05a-add6ea35bf09,D07
84d400ab-7784-52b7-8898-232bd79bc5a4,A00
84d400ab-7784-52b7-8898-232bd79bc5a4,A01
84d400ab-7784-52b7-8898-232bd79bc5a4,D01
84d400ab-7784-52b7-8898-232bd79bc5a4,D07
964410d1-3347-54d5-9d04-049429a0d7e9,A00
964410d1-3347-54d5-9d04-049429a0d7e9,A01
964410d1-3347-54d5-9d04-049429a0d7e9,D01
964410d1-3347-54d5-9d04-049429a0d7e9,D07
8d0d71b5-8415-529a-9434-1cb6397f05fc,A00
8d0d71b5-8415-529a-9434-1cb6397f05fc,A01
8d0d71b5-8415-529a-9434-1cb6397f05fc,C01
8d0d71b5-8415-529a-9434-1cb6397f05fc,D01
0c11d90d-1763-5fdc-9e1f-7bbf1c0cc575,A00
0c11d90d-1763-5fdc-9e1f-7bbf1c0cc575,A01
0c11d90d-1763-5fdc-9e1f-7bbf1c0cc575,C01
0c11d90d-1763-5fdc-9e1f-7bbf1c0cc575,D01
f63375fe-dbe8-5a29-a124-440d286edcd9,A00
f63375fe-dbe8-5a29-a124-440d286edcd9,A01
f63375fe-dbe8-5a29-a124-440d286edcd9,C01
f63375fe-dbe8-5a29-a124-440d286edcd9,D01
896de0a1-63d5-5afd-b1fa-911166c26500,A00
896de0a1-63d5-5afd-b1fa-911166c26500,A01
896de0a1-63d5-5afd-b1fa-911166c26500,C01
896de0a1-63d5-5afd-b1fa-911166c26500,D01
44770d61-7563-5454-980a-2e7e52421b5e,A00
44770d61-7563-5454-980a-2e7e52421b5e,C01
44770d61-7563-5454-980a-2e7e52421b5e,C02
44770d61-7563-5454-980a-2e7e52421b5e,D01
44770d61-7563-5454-980a-2e7e52421b5e,X03
44770d61-7563-5454-980a-2e7e52421b5e,X04
975d15e5-13df-582c-b9d3-b587ed7d1991,A00
975d15e5-13df-582c-b9d3-b587ed7d1991,C01
975d15e5-13df-582c-b9d3-b587ed7d1991,C02
975d15e5-13df-582c-b9d3-b587ed7d1991,D01
975d15e5-13df-582c-b9d3-b587ed7d1991,X03
975d15e5-13df-582c-b9d3-b587ed7d1991,X04
57d8f106-ff81-5705-837a-3ea328761e31,C01
57d8f106-ff81-5705-837a-3ea328761e31,X02
57d8f106-ff81-5705-837a-3ea328761e31,X03
57d8f106-ff81-5705-837a-3ea328761e31,X04
909b9226-89ed-536c-b031-89e985eea24b,C01
909b9226-89ed-536c-b031-89e985eea24b,X02
909b9226-89ed-536c-b031-89e985eea24b,X03
909b9226-89ed-536c-b031-89e985eea24b,X04
9e18b131-02d3-5077-bacc-9ae937fca800,A00
9e18b131-02d3-5077-bacc-9ae937fca800,C01
9e18b131-02d3-5077-bacc-9ae937fca800,D01
9e18b131-02d3-5077-bacc-9ae937fca800,X02
9e18b131-02d3-5077-bacc-9ae937fca800,X03
9e18b131-02d3-5077-bacc-9ae937fca800,X04
682d7374-e54f-5cab-af40-9947201a5c00,C01
682d7374-e54f-5cab-af40-9947201a5c00,C02
682d7374-e54f-5cab-af40-9947201a5c00,X03
682d7374-e54f-5cab-af40-9947201a5c00,X04
028fb885-5393-5396-9fb2-882f7576b48a,C01
028fb885-5393-5396-9fb2-882f7576b48a,C02
028fb885-5393-5396-9fb2-882f7576b48a,X03
028fb885-5393-5396-9fb2-882f7576b48a,X04
ed70108b-1653-54dd-9b08-98d664c05db8,C01
ed70108b-1653-54dd-9b08-98d664c05db8,C02
ed70108b-1653-54dd-9b08-98d664c05db8,X03
ed70108b-1653-54dd-9b08-98d664c05db8,X04
0f75c9be-a755-529f-9d7d-a8eaf858ef6a,C01
0f75c9be-a755-529f-9d7d-a8eaf858ef6a,C02
0f75c9be-a755-529f-9d7d-a8eaf858ef6a,X03
0f75c9be-a755-529f-9d7d-a8eaf858ef6a,X04
3e86c539-82ed-52c2-9876-f76d2eac3b4e,C01
3e86c539-82ed-52c2-9876-f76d2eac3b4e,C02
3e86c539-82ed-52c2-9876-f76d2eac3b4e,X03
3e86c539-82ed-52c2-9876-f76d2eac3b4e,X04
103087f4-7ba5-5e0f-b3af-86a4ee4c058e,C01
103087f4-7ba5-5e0f-b3af-86a4ee4c058e,C02
103087f4-7ba5-5e0f-b3af-86a4ee4c058e,X03
103087f4-7ba5-5e0f-b3af-86a4ee4c058e,X04
619cf0e2-56fe-5ee3-82d9-a309e82d72f2,C01
619cf0e2-56fe-5ee3-82d9-a309e82d72f2,C02
619cf0e2-56fe-5ee3-82d9-a309e82d72f2,X03
619cf0e2-56fe-5ee3-82d9-a309e82d72f2,X04
c0140df1-8bc9-59d5-9fed-42f26df292f3,C01
c0140df1-8bc9-59d5-9fed-42f26df292f3,C02
c0140df1-8bc9-59d5-9fed-42f26df292f3,X03
c0140df1-8bc9-59d5-9fed-42f26df292f3,X04
32c97b44-ee27-5f59-aa74-a856ba05e571,C01
32c97b44-ee27-5f59-aa74-a856ba05e571,C02
32c97b44-ee27-5f59-aa74-a856ba05e571,X03
32c97b44-ee27-5f59-aa74-a856ba05e571,X04
9189cde4-bc7e-5ab7-aa15-9356cc82d3fd,C02
9189cde4-bc7e-5ab7-aa15-9356cc82d3fd,X03
9189cde4-bc7e-5ab7-aa15-9356cc82d3fd,X04
709acd0d-58df-5957-b9ab-27d07d03a24b,C02
709acd0d-58df-5957-b9ab-27d07d03a24b,X03
709acd0d-58df-5957-b9ab-27d07d03a24b,X04
64d79689-252e-5f99-86ea-85a5ad2af30f,C02
64d79689-252e-5f99-86ea-85a5ad2af30f,X03
64d79689-252e-5f99-86ea-85a5ad2af30f,X04
86ec901c-d2d1-5241-a955-c46378bd6691,C02
86ec901c-d2d1-5241-a955-c46378bd6691,X03
86ec901c-d2d1-5241-a955-c46378bd6691,X04
21b869de-be87-531d-9828-f7ee02d4fd50,H00
21b869de-be87-531d-9828-f7ee02d4fd50,H02
ad5353e5-d01e-5ed1-8f52-d9e9f6a79239,H00
ad5353e5-d01e-5ed1-8f52-d9e9f6a79239,H02
63bbfa6d-6b3b-566f-b99b-8a63b045003e,V01
63bbfa6d-6b3b-566f-b99b-8a63b045003e,V02
072f9821-8f6f-5abb-bd15-b6a6813aaebb,V01
072f9821-8f6f-5abb-bd15-b6a6813aaebb,V02
d3269980-a30b-5fc3-b4b7-32088924b157,C00
d3269980-a30b-5fc3-b4b7-32088924b157,A00
d3269980-a30b-5fc3-b4b7-32088924b157,A16
d3269980-a30b-5fc3-b4b7-32088924b157,D01
d3269980-a30b-5fc3-b4b7-32088924b157,D78
d3269980-a30b-5fc3-b4b7-32088924b157,D96
89e51c1d-50dd-5cb3-ae5c-d02fc7c08e0f,C00
89e51c1d-50dd-5cb3-ae5c-d02fc7c08e0f,A00
89e51c1d-50dd-5cb3-ae5c-d02fc7c08e0f,A16
89e51c1d-50dd-5cb3-ae5c-d02fc7c08e0f,D01
89e51c1d-50dd-5cb3-ae5c-d02fc7c08e0f,D78
89e51c1d-50dd-5cb3-ae5c-d02fc7c08e0f,D96
61a4f0d5-ae52-514c-9a32-68c1560400b3,A00
61a4f0d5-ae52-514c-9a32-68c1560400b3,A16
61a4f0d5-ae52-514c-9a32-68c1560400b3,D01
61a4f0d5-ae52-514c-9a32-68c1560400b3,D78
61a4f0d5-ae52-514c-9a32-68c1560400b3,D96
c5b86e8c-5b6c-579a-9322-c090c38b4b94,C00
c5b86e8c-5b6c-579a-9322-c090c38b4b94,A00
c5b86e8c-5b6c-579a-9322-c090c38b4b94,A16
c5b86e8c-5b6c-579a-9322-c090c38b4b94,D01
c5b86e8c-5b6c-579a-9322-c090c38b4b94,D78
c5b86e8c-5b6c-579a-9322-c090c38b4b94,D96
34c64b6d-8501-5462-9396-7aa1327dd2d4,C00
34c64b6d-8501-5462-9396-7aa1327dd2d4,A00
34c64b6d-8501-5462-9396-7aa1327dd2d4,A16
34c64b6d-8501-5462-9396-7aa1327dd2d4,D01
34c64b6d-8501-5462-9396-7aa1327dd2d4,D78
34c64b6d-8501-5462-9396-7aa1327dd2d4,D96
9cf581c9-5f81-5a2b-9fcf-91f6606f949d,C00
9cf581c9-5f81-5a2b-9fcf-91f6606f949d,A00
9cf581c9-5f81-5a2b-9fcf-91f6606f949d,A16
9cf581c9-5f81-5a2b-9fcf-91f6606f949d,D01
9cf581c9-5f81-5a2b-9fcf-91f6606f949d,D78
9cf581c9-5f81-5a2b-9fcf-91f6606f949d,D96
9f6549ba-21bd-5659-8533-6f6f4b3fe58e,C00
9f6549ba-21bd-5659-8533-6f6f4b3fe58e,A00
9f6549ba-21bd-5659-8533-6f6f4b3fe58e,A16
9f6549ba-21bd-5659-8533-6f6f4b3fe58e,D01
9f6549ba-21bd-5659-8533-6f6f4b3fe58e,D78
9f6549ba-21bd-5659-8533-6f6f4b3fe58e,D96
afdae7d8-d7fa-5cf9-bf5b-764b31cf309c,C00
afdae7d8-d7fa-5cf9-bf5b-764b31cf309c,A00
afdae7d8-d7fa-5cf9-bf5b-764b31cf309c,A16
afdae7d8-d7fa-5cf9-bf5b-764b31cf309c,D01
afdae7d8-d7fa-5cf9-bf5b-764b31cf309c,D78
afdae7d8-d7fa-5cf9-bf5b-764b31cf309c,D96
0e0316ae-0736-5da4-8d05-79abc7939622,C00
0e0316ae-0736-5da4-8d05-79abc7939622,A00
0e0316ae-0736-5da4-8d05-79abc7939622,A16
0e0316ae-0736-5da4-8d05-79abc7939622,D01
0e0316ae-0736-5da4-8d05-79abc7939622,D78
0e0316ae-0736-5da4-8d05-79abc7939622,D96
e69304ad-7408-5677-9fa1-1003ba04e682,C00
e69304ad-7408-5677-9fa1-1003ba04e682,A00
e69304ad-7408-5677-9fa1-1003ba04e682,A16
e69304ad-7408-5677-9fa1-1003ba04e682,D01
e69304ad-7408-5677-9fa1-1003ba04e682,D78
e69304ad-7408-5677-9fa1-1003ba04e682,D96
48bf7d46-3791-5c91-96dd-84a9c2d6dece,C00
48bf7d46-3791-5c91-96dd-84a9c2d6dece,A00
48bf7d46-3791-5c91-96dd-84a9c2d6dece,A16
48bf7d46-3791-5c91-96dd-84a9c2d6dece,D01
48bf7d46-3791-5c91-96dd-84a9c2d6dece,D78
48bf7d46-3791-5c91-96dd-84a9c2d6dece,D96
adf3b55d-5bdf-5043-b26b-487a82fbbf40,C00
adf3b55d-5bdf-5043-b26b-487a82fbbf40,A00
adf3b55d-5bdf-5043-b26b-487a82fbbf40,A16
adf3b55d-5bdf-5043-b26b-487a82fbbf40,D01
adf3b55d-5bdf-5043-b26b-487a82fbbf40,D78
adf3b55d-5bdf-5043-b26b-487a82fbbf40,D96
f33b2616-6f94-5dfd-9afc-8811ad6b510e,C00
f33b2616-6f94-5dfd-9afc-8811ad6b510e,A00
f33b2616-6f94-5dfd-9afc-8811ad6b510e,A16
f33b2616-6f94-5dfd-9afc-8811ad6b510e,D01
f33b2616-6f94-5dfd-9afc-8811ad6b510e,D78
f33b2616-6f94-5dfd-9afc-8811ad6b510e,D96
8646917f-cfa5-590a-adee-a6dd246f201b,A00
8646917f-cfa5-590a-adee-a6dd246f201b,A16
8646917f-cfa5-590a-adee-a6dd246f201b,D01
8646917f-cfa5-590a-adee-a6dd246f201b,D78
8646917f-cfa5-590a-adee-a6dd246f201b,D96
8646917f-cfa5-590a-adee-a6dd246f201b,C00
7e2fd904-f28f-5bb3-8d9d-eb4b485ae6a2,C00
7e2fd904-f28f-5bb3-8d9d-eb4b485ae6a2,A00
7e2fd904-f28f-5bb3-8d9d-eb4b485ae6a2,A16
7e2fd904-f28f-5bb3-8d9d-eb4b485ae6a2,D01
7e2fd904-f28f-5bb3-8d9d-eb4b485ae6a2,D78
7e2fd904-f28f-5bb3-8d9d-eb4b485ae6a2,D96
84d33922-f97b-5051-ab8d-453760c7da1b,C00
84d33922-f97b-5051-ab8d-453760c7da1b,A00
84d33922-f97b-5051-ab8d-453760c7da1b,A16
84d33922-f97b-5051-ab8d-453760c7da1b,D01
84d33922-f97b-5051-ab8d-453760c7da1b,D78
84d33922-f97b-5051-ab8d-453760c7da1b,D96
493814ee-0c2d-5529-b3e7-75c68a95c2d6,C00
493814ee-0c2d-5529-b3e7-75c68a95c2d6,A00
493814ee-0c2d-5529-b3e7-75c68a95c2d6,A16
493814ee-0c2d-5529-b3e7-75c68a95c2d6,D01
493814ee-0c2d-5529-b3e7-75c68a95c2d6,D78
493814ee-0c2d-5529-b3e7-75c68a95c2d6,D96
ec6beaf9-e108-5c0c-b43c-e192d21908aa,C00
ec6beaf9-e108-5c0c-b43c-e192d21908aa,A00
ec6beaf9-e108-5c0c-b43c-e192d21908aa,A16
ec6beaf9-e108-5c0c-b43c-e192d21908aa,D01
ec6beaf9-e108-5c0c-b43c-e192d21908aa,D78
ec6beaf9-e108-5c0c-b43c-e192d21908aa,D96
a76ac9cc-4885-5983-a71e-f1c8f77874a0,A00
a76ac9cc-4885-5983-a71e-f1c8f77874a0,A16
a76ac9cc-4885-5983-a71e-f1c8f77874a0,D01
a76ac9cc-4885-5983-a71e-f1c8f77874a0,D78
a76ac9cc-4885-5983-a71e-f1c8f77874a0,D96
6060b41e-6a4e-5b76-9b19-f4ee2fede310,C00
6060b41e-6a4e-5b76-9b19-f4ee2fede310,A00
6060b41e-6a4e-5b76-9b19-f4ee2fede310,A16
6060b41e-6a4e-5b76-9b19-f4ee2fede310,D01
6060b41e-6a4e-5b76-9b19-f4ee2fede310,D78
6060b41e-6a4e-5b76-9b19-f4ee2fede310,D96
61a4f0d5-ae52-514c-9a32-68c1560400b3,C19
61a4f0d5-ae52-514c-9a32-68c1560400b3,D09
61a4f0d5-ae52-514c-9a32-68c1560400b3,D14
61a4f0d5-ae52-514c-9a32-68c1560400b3,D15
c5b86e8c-5b6c-579a-9322-c090c38b4b94,C19
c5b86e8c-5b6c-579a-9322-c090c38b4b94,D09
c5b86e8c-5b6c-579a-9322-c090c38b4b94,D14
c5b86e8c-5b6c-579a-9322-c090c38b4b94,D15
34c64b6d-8501-5462-9396-7aa1327dd2d4,C19
34c64b6d-8501-5462-9396-7aa1327dd2d4,D09
34c64b6d-8501-5462-9396-7aa1327dd2d4,D14
34c64b6d-8501-5462-9396-7aa1327dd2d4,D15
9cf581c9-5f81-5a2b-9fcf-91f6606f949d,C19
9cf581c9-5f81-5a2b-9fcf-91f6606f949d,D09
9cf581c9-5f81-5a2b-9fcf-91f6606f949d,D14
9cf581c9-5f81-5a2b-9fcf-91f6606f949d,D15
9f6549ba-21bd-5659-8533-6f6f4b3fe58e,C19
9f6549ba-21bd-5659-8533-6f6f4b3fe58e,D09
9f6549ba-21bd-5659-8533-6f6f4b3fe58e,D14
9f6549ba-21bd-5659-8533-6f6f4b3fe58e,D15
afdae7d8-d7fa-5cf9-bf5b-764b31cf309c,C19
afdae7d8-d7fa-5cf9-bf5b-764b31cf309c,D09
afdae7d8-d7fa-5cf9-bf5b-764b31cf309c,D14
afdae7d8-d7fa-5cf9-bf5b-764b31cf309c,D15
93e95671-1e74-53f1-95fa-0d1772d355bf,C19
93e95671-1e74-53f1-95fa-0d1772d355bf,D01
93e95671-1e74-53f1-95fa-0d1772d355bf,D09
93e95671-1e74-53f1-95fa-0d1772d355bf,D14
93e95671-1e74-53f1-95fa-0d1772d355bf,D15
93e95671-1e74-53f1-95fa-0d1772d355bf,C00
48bf7d46-3791-5c91-96dd-84a9c2d6dece,C19
48bf7d46-3791-5c91-96dd-84a9c2d6dece,D09
48bf7d46-3791-5c91-96dd-84a9c2d6dece,D14
48bf7d46-3791-5c91-96dd-84a9c2d6dece,D15
38b23c4c-253f-51cc-8a91-78021fbf263e,C00
38b23c4c-253f-51cc-8a91-78021fbf263e,C19
38b23c4c-253f-51cc-8a91-78021fbf263e,D01
38b23c4c-253f-51cc-8a91-78021fbf263e,D09
38b23c4c-253f-51cc-8a91-78021fbf263e,D14
38b23c4c-253f-51cc-8a91-78021fbf263e,D15
b75540a2-46a8-5c89-9a91-34a8146d21bb,C19
b75540a2-46a8-5c89-9a91-34a8146d21bb,D01
b75540a2-46a8-5c89-9a91-34a8146d21bb,D09
b75540a2-46a8-5c89-9a91-34a8146d21bb,D14
b75540a2-46a8-5c89-9a91-34a8146d21bb,D15
b75540a2-46a8-5c89-9a91-34a8146d21bb,C00
f33b2616-6f94-5dfd-9afc-8811ad6b510e,C19
f33b2616-6f94-5dfd-9afc-8811ad6b510e,D09
f33b2616-6f94-5dfd-9afc-8811ad6b510e,D14
f33b2616-6f94-5dfd-9afc-8811ad6b510e,D15
8646917f-cfa5-590a-adee-a6dd246f201b,C19
8646917f-cfa5-590a-adee-a6dd246f201b,D09
8646917f-cfa5-590a-adee-a6dd246f201b,D14
8646917f-cfa5-590a-adee-a6dd246f201b,D15
7e2fd904-f28f-5bb3-8d9d-eb4b485ae6a2,C19
7e2fd904-f28f-5bb3-8d9d-eb4b485ae6a2,D09
7e2fd904-f28f-5bb3-8d9d-eb4b485ae6a2,D14
7e2fd904-f28f-5bb3-8d9d-eb4b485ae6a2,D15
84d33922-f97b-5051-ab8d-453760c7da1b,C19
84d33922-f97b-5051-ab8d-453760c7da1b,D09
84d33922-f97b-5051-ab8d-453760c7da1b,D14
84d33922-f97b-5051-ab8d-453760c7da1b,D15
493814ee-0c2d-5529-b3e7-75c68a95c2d6,C19
493814ee-0c2d-5529-b3e7-75c68a95c2d6,D09
493814ee-0c2d-5529-b3e7-75c68a95c2d6,D14
493814ee-0c2d-5529-b3e7-75c68a95c2d6,D15
ec6beaf9-e108-5c0c-b43c-e192d21908aa,C19
ec6beaf9-e108-5c0c-b43c-e192d21908aa,D09
ec6beaf9-e108-5c0c-b43c-e192d21908aa,D14
ec6beaf9-e108-5c0c-b43c-e192d21908aa,D15
a76ac9cc-4885-5983-a71e-f1c8f77874a0,C19
a76ac9cc-4885-5983-a71e-f1c8f77874a0,D09
a76ac9cc-4885-5983-a71e-f1c8f77874a0,D14
a76ac9cc-4885-5983-a71e-f1c8f77874a0,D15
b4f630bc-a5f7-5408-a7c4-da264427e48b,C00
b4f630bc-a5f7-5408-a7c4-da264427e48b,C19
b4f630bc-a5f7-5408-a7c4-da264427e48b,D01
b4f630bc-a5f7-5408-a7c4-da264427e48b,D09
b4f630bc-a5f7-5408-a7c4-da264427e48b,D14
b4f630bc-a5f7-5408-a7c4-da264427e48b,D15
30edf979-3f9e-574f-8b94-637d5dabf189,C00
30edf979-3f9e-574f-8b94-637d5dabf189,C19
30edf979-3f9e-574f-8b94-637d5dabf189,D01
30edf979-3f9e-574f-8b94-637d5dabf189,D09
30edf979-3f9e-574f-8b94-637d5dabf189,D14
30edf979-3f9e-574f-8b94-637d5dabf189,D15
61a4f0d5-ae52-514c-9a32-68c1560400b3,X78
c5b86e8c-5b6c-579a-9322-c090c38b4b94,X70
c5b86e8c-5b6c-579a-9322-c090c38b4b94,C03
c5b86e8c-5b6c-579a-9322-c090c38b4b94,C04
c5b86e8c-5b6c-579a-9322-c090c38b4b94,X01
c5b86e8c-5b6c-579a-9322-c090c38b4b94,X78
34c64b6d-8501-5462-9396-7aa1327dd2d4,X70
34c64b6d-8501-5462-9396-7aa1327dd2d4,C03
34c64b6d-8501-5462-9396-7aa1327dd2d4,C04
34c64b6d-8501-5462-9396-7aa1327dd2d4,X01
34c64b6d-8501-5462-9396-7aa1327dd2d4,X78
9cf581c9-5f81-5a2b-9fcf-91f6606f949d,X70
9cf581c9-5f81-5a2b-9fcf-91f6606f949d,C03
9cf581c9-5f81-5a2b-9fcf-91f6606f949d,C04
9cf581c9-5f81-5a2b-9fcf-91f6606f949d,X01
9cf581c9-5f81-5a2b-9fcf-91f6606f949d,X78
9f6549ba-21bd-5659-8533-6f6f4b3fe58e,X70
9f6549ba-21bd-5659-8533-6f6f4b3fe58e,C03
9f6549ba-21bd-5659-8533-6f6f4b3fe58e,C04
9f6549ba-21bd-5659-8533-6f6f4b3fe58e,X01
9f6549ba-21bd-5659-8533-6f6f4b3fe58e,X78
afdae7d8-d7fa-5cf9-bf5b-764b31cf309c,X70
afdae7d8-d7fa-5cf9-bf5b-764b31cf309c,C03
afdae7d8-d7fa-5cf9-bf5b-764b31cf309c,C04
afdae7d8-d7fa-5cf9-bf5b-764b31cf309c,X01
afdae7d8-d7fa-5cf9-bf5b-764b31cf309c,X78
0e0316ae-0736-5da4-8d05-79abc7939622,X70
0e0316ae-0736-5da4-8d05-79abc7939622,C03
0e0316ae-0736-5da4-8d05-79abc7939622,C04
0e0316ae-0736-5da4-8d05-79abc7939622,D14
0e0316ae-0736-5da4-8d05-79abc7939622,D15
0e0316ae-0736-5da4-8d05-79abc7939622,X01
0e0316ae-0736-5da4-8d05-79abc7939622,X78
93e95671-1e74-53f1-95fa-0d1772d355bf,C03
93e95671-1e74-53f1-95fa-0d1772d355bf,C04
93e95671-1e74-53f1-95fa-0d1772d355bf,X01
93e95671-1e74-53f1-95fa-0d1772d355bf,X78
93e95671-1e74-53f1-95fa-0d1772d355bf,X70
48bf7d46-3791-5c91-96dd-84a9c2d6dece,C03
48bf7d46-3791-5c91-96dd-84a9c2d6dece,C04
48bf7d46-3791-5c91-96dd-84a9c2d6dece,X01
48bf7d46-3791-5c91-96dd-84a9c2d6dece,X78
48bf7d46-3791-5c91-96dd-84a9c2d6dece,X70
38b23c4c-253f-51cc-8a91-78021fbf263e,C03
38b23c4c-253f-51cc-8a91-78021fbf263e,C04
38b23c4c-253f-51cc-8a91-78021fbf263e,X01
38b23c4c-253f-51cc-8a91-78021fbf263e,X78
38b23c4c-253f-51cc-8a91-78021fbf263e,X70
b75540a2-46a8-5c89-9a91-34a8146d21bb,C03
b75540a2-46a8-5c89-9a91-34a8146d21bb,C04
b75540a2-46a8-5c89-9a91-34a8146d21bb,X01
b75540a2-46a8-5c89-9a91-34a8146d21bb,X78
b75540a2-46a8-5c89-9a91-34a8146d21bb,X70
f33b2616-6f94-5dfd-9afc-8811ad6b510e,C03
f33b2616-6f94-5dfd-9afc-8811ad6b510e,C04
f33b2616-6f94-5dfd-9afc-8811ad6b510e,X01
f33b2616-6f94-5dfd-9afc-8811ad6b510e,X78
f33b2616-6f94-5dfd-9afc-8811ad6b510e,X70
8646917f-cfa5-590a-adee-a6dd246f201b,C03
8646917f-cfa5-590a-adee-a6dd246f201b,C04
8646917f-cfa5-590a-adee-a6dd246f201b,X01
8646917f-cfa5-590a-adee-a6dd246f201b,X78
8646917f-cfa5-590a-adee-a6dd246f201b,X70
7e2fd904-f28f-5bb3-8d9d-eb4b485ae6a2,C03
7e2fd904-f28f-5bb3-8d9d-eb4b485ae6a2,C04
7e2fd904-f28f-5bb3-8d9d-eb4b485ae6a2,X01
7e2fd904-f28f-5bb3-8d9d-eb4b485ae6a2,X78
7e2fd904-f28f-5bb3-8d9d-eb4b485ae6a2,X70
84d33922-f97b-5051-ab8d-453760c7da1b,X70
84d33922-f97b-5051-ab8d-453760c7da1b,C03
84d33922-f97b-5051-ab8d-453760c7da1b,C04
84d33922-f97b-5051-ab8d-453760c7da1b,X01
84d33922-f97b-5051-ab8d-453760c7da1b,X78
493814ee-0c2d-5529-b3e7-75c68a95c2d6,X70
493814ee-0c2d-5529-b3e7-75c68a95c2d6,C03
493814ee-0c2d-5529-b3e7-75c68a95c2d6,C04
493814ee-0c2d-5529-b3e7-75c68a95c2d6,X01
493814ee-0c2d-5529-b3e7-75c68a95c2d6,X78
ec6beaf9-e108-5c0c-b43c-e192d21908aa,C03
ec6beaf9-e108-5c0c-b43c-e192d21908aa,C04
ec6beaf9-e108-5c0c-b43c-e192d21908aa,X01
ec6beaf9-e108-5c0c-b43c-e192d21908aa,X78
ec6beaf9-e108-5c0c-b43c-e192d21908aa,X70
a76ac9cc-4885-5983-a71e-f1c8f77874a0,X78
b4f630bc-a5f7-5408-a7c4-da264427e48b,X70
b4f630bc-a5f7-5408-a7c4-da264427e48b,C03
b4f630bc-a5f7-5408-a7c4-da264427e48b,C04
b4f630bc-a5f7-5408-a7c4-da264427e48b,X01
b4f630bc-a5f7-5408-a7c4-da264427e48b,X78
30edf979-3f9e-574f-8b94-637d5dabf189,X70
30edf979-3f9e-574f-8b94-637d5dabf189,C03
30edf979-3f9e-574f-8b94-637d5dabf189,C04
30edf979-3f9e-574f-8b94-637d5dabf189,X01
30edf979-3f9e-574f-8b94-637d5dabf189,X78
e2149c92-2354-5183-b78e-5d16cbc2c2e0,D01
9f501be9-3956-59bf-8a52-b49d7d3d797d,A01
9f501be9-3956-59bf-8a52-b49d7d3d797d,D01
9f501be9-3956-59bf-8a52-b49d7d3d797d,D07
9f501be9-3956-59bf-8a52-b49d7d3d797d,D15
c77bc42e-0356-54cd-81bf-e9ae1727dce1,A00
c77bc42e-0356-54cd-81bf-e9ae1727dce1,A01
c77bc42e-0356-54cd-81bf-e9ae1727dce1,C00
c77bc42e-0356-54cd-81bf-e9ae1727dce1,D01
fe9e4528-4ffb-51b8-8d28-cddaef81dd79,A00
fe9e4528-4ffb-51b8-8d28-cddaef81dd79,A01
fe9e4528-4ffb-51b8-8d28-cddaef81dd79,C00
fe9e4528-4ffb-51b8-8d28-cddaef81dd79,D01
ea8efae6-5bc0-5f73-8ff7-c8380cd49a41,A00
ea8efae6-5bc0-5f73-8ff7-c8380cd49a41,A01
ea8efae6-5bc0-5f73-8ff7-c8380cd49a41,C00
ea8efae6-5bc0-5f73-8ff7-c8380cd49a41,D01
200cd99f-5e17-5e8c-b728-fac57812ee7a,A00
200cd99f-5e17-5e8c-b728-fac57812ee7a,A01
200cd99f-5e17-5e8c-b728-fac57812ee7a,A07
200cd99f-5e17-5e8c-b728-fac57812ee7a,D01
3fc25450-4043-55a4-a893-9df53f89fd8f,A00
3fc25450-4043-55a4-a893-9df53f89fd8f,A01
3fc25450-4043-55a4-a893-9df53f89fd8f,A07
3fc25450-4043-55a4-a893-9df53f89fd8f,D01
21670f96-97fd-59bb-8fe7-adb1119d5738,A00
21670f96-97fd-59bb-8fe7-adb1119d5738,A01
21670f96-97fd-59bb-8fe7-adb1119d5738,C00
21670f96-97fd-59bb-8fe7-adb1119d5738,D01
31d29efd-102e-560d-97f4-577a1fdd63f0,A00
31d29efd-102e-560d-97f4-577a1fdd63f0,A01
31d29efd-102e-560d-97f4-577a1fdd63f0,B00
31d29efd-102e-560d-97f4-577a1fdd63f0,D08
ee3fba6a-f61a-525e-ae79-22a582175b1a,A00
ee3fba6a-f61a-525e-ae79-22a582175b1a,A01
ee3fba6a-f61a-525e-ae79-22a582175b1a,B00
ee3fba6a-f61a-525e-ae79-22a582175b1a,D01
8042a6f0-15db-50da-9d08-6de7ac2af46d,A00
8042a6f0-15db-50da-9d08-6de7ac2af46d,A01
8042a6f0-15db-50da-9d08-6de7ac2af46d,B00
8042a6f0-15db-50da-9d08-6de7ac2af46d,D01
0cdb89d0-dfd6-502b-a554-62f7339a7b99,A00
0cdb89d0-dfd6-502b-a554-62f7339a7b99,C00
0cdb89d0-dfd6-502b-a554-62f7339a7b99,D01
0cdb89d0-dfd6-502b-a554-62f7339a7b99,D15
8cc4397e-1a91-5c5b-b8d4-67f372ed298f,A00
8cc4397e-1a91-5c5b-b8d4-67f372ed298f,A01
8cc4397e-1a91-5c5b-b8d4-67f372ed298f,B00
8cc4397e-1a91-5c5b-b8d4-67f372ed298f,D01
c659dcb2-a453-51fa-a489-69ede8b7a425,A00
c659dcb2-a453-51fa-a489-69ede8b7a425,A01
c659dcb2-a453-51fa-a489-69ede8b7a425,B00
c659dcb2-a453-51fa-a489-69ede8b7a425,D01
23d03536-f2f9-552e-b1b2-b826845b38c4,A00
23d03536-f2f9-552e-b1b2-b826845b38c4,A01
23d03536-f2f9-552e-b1b2-b826845b38c4,B00
23d03536-f2f9-552e-b1b2-b826845b38c4,D01
b2b3ff1c-6fc2-5e5b-8374-e41fcffc1c92,A00
b2b3ff1c-6fc2-5e5b-8374-e41fcffc1c92,A01
b2b3ff1c-6fc2-5e5b-8374-e41fcffc1c92,B00
b2b3ff1c-6fc2-5e5b-8374-e41fcffc1c92,D01
f97aefc9-fca3-5405-abcf-17608a113613,A00
f97aefc9-fca3-5405-abcf-17608a113613,A01
f97aefc9-fca3-5405-abcf-17608a113613,C00
f97aefc9-fca3-5405-abcf-17608a113613,D01
682f3116-1682-5e24-9190-5f89f4f89d20,A00
682f3116-1682-5e24-9190-5f89f4f89d20,A01
682f3116-1682-5e24-9190-5f89f4f89d20,D01
682f3116-1682-5e24-9190-5f89f4f89d20,D15
ba00c11f-78ef-5412-a1d8-63cf4623f4ab,A00
ba00c11f-78ef-5412-a1d8-63cf4623f4ab,A01
ba00c11f-78ef-5412-a1d8-63cf4623f4ab,D01
ba00c11f-78ef-5412-a1d8-63cf4623f4ab,D15
7e4c5603-8d51-50cc-93ea-c7112e3494ad,A00
7e4c5603-8d51-50cc-93ea-c7112e3494ad,A01
7e4c5603-8d51-50cc-93ea-c7112e3494ad,D01
7e4c5603-8d51-50cc-93ea-c7112e3494ad,D15
7d07c1c0-070f-5d53-bdc7-1ea45404b65d,A00
7d07c1c0-070f-5d53-bdc7-1ea45404b65d,B00
7d07c1c0-070f-5d53-bdc7-1ea45404b65d,D01
7d07c1c0-070f-5d53-bdc7-1ea45404b65d,D07
ac96c761-fe86-5269-b7bd-e1ffa04f0634,A00
ac96c761-fe86-5269-b7bd-e1ffa04f0634,A01
ac96c761-fe86-5269-b7bd-e1ffa04f0634,C00
ac96c761-fe86-5269-b7bd-e1ffa04f0634,D01
8e000a5e-b5a2-58d6-b7bc-5a7a6ed8defe,A00
8e000a5e-b5a2-58d6-b7bc-5a7a6ed8defe,A01
8e000a5e-b5a2-58d6-b7bc-5a7a6ed8defe,C00
8e000a5e-b5a2-58d6-b7bc-5a7a6ed8defe,D01
0513ea11-c5f7-5fc4-b1ed-9812250009b5,A00
0513ea11-c5f7-5fc4-b1ed-9812250009b5,A01
0513ea11-c5f7-5fc4-b1ed-9812250009b5,C00
0513ea11-c5f7-5fc4-b1ed-9812250009b5,D01
9af965cb-f083-57fe-8e83-2ddaef36b404,A00
9af965cb-f083-57fe-8e83-2ddaef36b404,B00
9af965cb-f083-57fe-8e83-2ddaef36b404,D01
9af965cb-f083-57fe-8e83-2ddaef36b404,D15
8ae375ba-48d6-5ecf-8644-21e4eb8096e0,A00
8ae375ba-48d6-5ecf-8644-21e4eb8096e0,B00
8ae375ba-48d6-5ecf-8644-21e4eb8096e0,D01
8ae375ba-48d6-5ecf-8644-21e4eb8096e0,D15
12c4a32b-97b9-5bc5-a6b7-1bfa482d6831,A00
12c4a32b-97b9-5bc5-a6b7-1bfa482d6831,A01
12c4a32b-97b9-5bc5-a6b7-1bfa482d6831,A07
12c4a32b-97b9-5bc5-a6b7-1bfa482d6831,D01
2d9c4faf-43f2-5279-8d98-1f465e0f6e10,A00
2d9c4faf-43f2-5279-8d98-1f465e0f6e10,B00
2d9c4faf-43f2-5279-8d98-1f465e0f6e10,C00
2d9c4faf-43f2-5279-8d98-1f465e0f6e10,D01
c6c5ea6c-43b8-52fb-a157-be5f44b79525,A00
c6c5ea6c-43b8-52fb-a157-be5f44b79525,B00
c6c5ea6c-43b8-52fb-a157-be5f44b79525,C00
c6c5ea6c-43b8-52fb-a157-be5f44b79525,D01
c2097fd5-a37e-5ed1-83a0-b49d547b1e7d,A00
c2097fd5-a37e-5ed1-83a0-b49d547b1e7d,A01
c2097fd5-a37e-5ed1-83a0-b49d547b1e7d,B00
c2097fd5-a37e-5ed1-83a0-b49d547b1e7d,D01
f8cfd3ce-7d6f-5f19-83ee-2bea5e5a2428,A00
f8cfd3ce-7d6f-5f19-83ee-2bea5e5a2428,B00
f8cfd3ce-7d6f-5f19-83ee-2bea5e5a2428,C01
f8cfd3ce-7d6f-5f19-83ee-2bea5e5a2428,D01
9f501be9-3956-59bf-8a52-b49d7d3d797d,A00
200cd99f-5e17-5e8c-b728-fac57812ee7a,D07
31d29efd-102e-560d-97f4-577a1fdd63f0,D01
590f17f7-22b9-50de-84a9-f9458b4d0a64,A00
590f17f7-22b9-50de-84a9-f9458b4d0a64,A01
590f17f7-22b9-50de-84a9-f9458b4d0a64,B00
590f17f7-22b9-50de-84a9-f9458b4d0a64,D01
2d9c4faf-43f2-5279-8d98-1f465e0f6e10,A01
f8cfd3ce-7d6f-5f19-83ee-2bea5e5a2428,A01
c49b39b0-b13b-5474-96ba-195b5ec6d35b,A00
c49b39b0-b13b-5474-96ba-195b5ec6d35b,A01
c49b39b0-b13b-5474-96ba-195b5ec6d35b,B00
c49b39b0-b13b-5474-96ba-195b5ec6d35b,D01
9f501be9-3956-59bf-8a52-b49d7d3d797d,D08
9f501be9-3956-59bf-8a52-b49d7d3d797d,D14
9f501be9-3956-59bf-8a52-b49d7d3d797d,X25
9f501be9-3956-59bf-8a52-b49d7d3d797d,X26
9f501be9-3956-59bf-8a52-b49d7d3d797d,X27
9f501be9-3956-59bf-8a52-b49d7d3d797d,X28
9f501be9-3956-59bf-8a52-b49d7d3d797d,X78
9f501be9-3956-59bf-8a52-b49d7d3d797d,X79
c77bc42e-0356-54cd-81bf-e9ae1727dce1,B03
c77bc42e-0356-54cd-81bf-e9ae1727dce1,C01
c77bc42e-0356-54cd-81bf-e9ae1727dce1,C02
c77bc42e-0356-54cd-81bf-e9ae1727dce1,C03
c77bc42e-0356-54cd-81bf-e9ae1727dce1,C04
c77bc42e-0356-54cd-81bf-e9ae1727dce1,X01
c77bc42e-0356-54cd-81bf-e9ae1727dce1,X02
c77bc42e-0356-54cd-81bf-e9ae1727dce1,X03
c77bc42e-0356-54cd-81bf-e9ae1727dce1,X04
fe9e4528-4ffb-51b8-8d28-cddaef81dd79,B03
fe9e4528-4ffb-51b8-8d28-cddaef81dd79,C01
fe9e4528-4ffb-51b8-8d28-cddaef81dd79,C02
fe9e4528-4ffb-51b8-8d28-cddaef81dd79,C03
fe9e4528-4ffb-51b8-8d28-cddaef81dd79,C04
fe9e4528-4ffb-51b8-8d28-cddaef81dd79,X01
fe9e4528-4ffb-51b8-8d28-cddaef81dd79,X02
fe9e4528-4ffb-51b8-8d28-cddaef81dd79,X03
fe9e4528-4ffb-51b8-8d28-cddaef81dd79,X04
ea8efae6-5bc0-5f73-8ff7-c8380cd49a41,B03
ea8efae6-5bc0-5f73-8ff7-c8380cd49a41,C01
ea8efae6-5bc0-5f73-8ff7-c8380cd49a41,C02
ea8efae6-5bc0-5f73-8ff7-c8380cd49a41,C03
ea8efae6-5bc0-5f73-8ff7-c8380cd49a41,C04
ea8efae6-5bc0-5f73-8ff7-c8380cd49a41,X01
ea8efae6-5bc0-5f73-8ff7-c8380cd49a41,X02
ea8efae6-5bc0-5f73-8ff7-c8380cd49a41,X03
ea8efae6-5bc0-5f73-8ff7-c8380cd49a41,X04
200cd99f-5e17-5e8c-b728-fac57812ee7a,B03
200cd99f-5e17-5e8c-b728-fac57812ee7a,C01
200cd99f-5e17-5e8c-b728-fac57812ee7a,C02
200cd99f-5e17-5e8c-b728-fac57812ee7a,C03
200cd99f-5e17-5e8c-b728-fac57812ee7a,C04
200cd99f-5e17-5e8c-b728-fac57812ee7a,X01
200cd99f-5e17-5e8c-b728-fac57812ee7a,X02
200cd99f-5e17-5e8c-b728-fac57812ee7a,X03
200cd99f-5e17-5e8c-b728-fac57812ee7a,X04
21670f96-97fd-59bb-8fe7-adb1119d5738,C01
21670f96-97fd-59bb-8fe7-adb1119d5738,C02
21670f96-97fd-59bb-8fe7-adb1119d5738,C03
21670f96-97fd-59bb-8fe7-adb1119d5738,C04
21670f96-97fd-59bb-8fe7-adb1119d5738,X01
21670f96-97fd-59bb-8fe7-adb1119d5738,X02
21670f96-97fd-59bb-8fe7-adb1119d5738,X17
21670f96-97fd-59bb-8fe7-adb1119d5738,X70
590f17f7-22b9-50de-84a9-f9458b4d0a64,B03
590f17f7-22b9-50de-84a9-f9458b4d0a64,C01
590f17f7-22b9-50de-84a9-f9458b4d0a64,C02
590f17f7-22b9-50de-84a9-f9458b4d0a64,C03
590f17f7-22b9-50de-84a9-f9458b4d0a64,C04
590f17f7-22b9-50de-84a9-f9458b4d0a64,X01
590f17f7-22b9-50de-84a9-f9458b4d0a64,X02
590f17f7-22b9-50de-84a9-f9458b4d0a64,X03
590f17f7-22b9-50de-84a9-f9458b4d0a64,X04
8042a6f0-15db-50da-9d08-6de7ac2af46d,B03
8042a6f0-15db-50da-9d08-6de7ac2af46d,C01
8042a6f0-15db-50da-9d08-6de7ac2af46d,C02
8042a6f0-15db-50da-9d08-6de7ac2af46d,C03
8042a6f0-15db-50da-9d08-6de7ac2af46d,C04
8042a6f0-15db-50da-9d08-6de7ac2af46d,X01
8042a6f0-15db-50da-9d08-6de7ac2af46d,X02
8042a6f0-15db-50da-9d08-6de7ac2af46d,X03
8042a6f0-15db-50da-9d08-6de7ac2af46d,X04
0cdb89d0-dfd6-502b-a554-62f7339a7b99,B03
0cdb89d0-dfd6-502b-a554-62f7339a7b99,C01
0cdb89d0-dfd6-502b-a554-62f7339a7b99,C02
0cdb89d0-dfd6-502b-a554-62f7339a7b99,C03
0cdb89d0-dfd6-502b-a554-62f7339a7b99,C04
0cdb89d0-dfd6-502b-a554-62f7339a7b99,X01
0cdb89d0-dfd6-502b-a554-62f7339a7b99,X02
0cdb89d0-dfd6-502b-a554-62f7339a7b99,X03
0cdb89d0-dfd6-502b-a554-62f7339a7b99,X04
8cc4397e-1a91-5c5b-b8d4-67f372ed298f,B03
8cc4397e-1a91-5c5b-b8d4-67f372ed298f,C01
8cc4397e-1a91-5c5b-b8d4-67f372ed298f,C02
8cc4397e-1a91-5c5b-b8d4-67f372ed298f,C04
8cc4397e-1a91-5c5b-b8d4-67f372ed298f,X02
8cc4397e-1a91-5c5b-b8d4-67f372ed298f,X03
8cc4397e-1a91-5c5b-b8d4-67f372ed298f,X04
8cc4397e-1a91-5c5b-b8d4-67f372ed298f,X06
8cc4397e-1a91-5c5b-b8d4-67f372ed298f,X26
23d03536-f2f9-552e-b1b2-b826845b38c4,B03
23d03536-f2f9-552e-b1b2-b826845b38c4,C01
23d03536-f2f9-552e-b1b2-b826845b38c4,C02
23d03536-f2f9-552e-b1b2-b826845b38c4,D07
23d03536-f2f9-552e-b1b2-b826845b38c4,D08
23d03536-f2f9-552e-b1b2-b826845b38c4,X02
23d03536-f2f9-552e-b1b2-b826845b38c4,X03
23d03536-f2f9-552e-b1b2-b826845b38c4,X04
23d03536-f2f9-552e-b1b2-b826845b38c4,X09
f97aefc9-fca3-5405-abcf-17608a113613,B03
f97aefc9-fca3-5405-abcf-17608a113613,C01
f97aefc9-fca3-5405-abcf-17608a113613,C02
f97aefc9-fca3-5405-abcf-17608a113613,C03
f97aefc9-fca3-5405-abcf-17608a113613,C04
f97aefc9-fca3-5405-abcf-17608a113613,X01
f97aefc9-fca3-5405-abcf-17608a113613,X02
f97aefc9-fca3-5405-abcf-17608a113613,X03
f97aefc9-fca3-5405-abcf-17608a113613,X04
682f3116-1682-5e24-9190-5f89f4f89d20,B03
682f3116-1682-5e24-9190-5f89f4f89d20,C01
682f3116-1682-5e24-9190-5f89f4f89d20,C02
682f3116-1682-5e24-9190-5f89f4f89d20,C03
682f3116-1682-5e24-9190-5f89f4f89d20,C04
682f3116-1682-5e24-9190-5f89f4f89d20,X01
682f3116-1682-5e24-9190-5f89f4f89d20,X02
682f3116-1682-5e24-9190-5f89f4f89d20,X03
682f3116-1682-5e24-9190-5f89f4f89d20,X04
ba00c11f-78ef-5412-a1d8-63cf4623f4ab,B03
ba00c11f-78ef-5412-a1d8-63cf4623f4ab,C01
ba00c11f-78ef-5412-a1d8-63cf4623f4ab,C02
ba00c11f-78ef-5412-a1d8-63cf4623f4ab,C03
ba00c11f-78ef-5412-a1d8-63cf4623f4ab,C04
ba00c11f-78ef-5412-a1d8-63cf4623f4ab,X01
ba00c11f-78ef-5412-a1d8-63cf4623f4ab,X02
ba00c11f-78ef-5412-a1d8-63cf4623f4ab,X03
ba00c11f-78ef-5412-a1d8-63cf4623f4ab,X04
7e4c5603-8d51-50cc-93ea-c7112e3494ad,B03
7e4c5603-8d51-50cc-93ea-c7112e3494ad,C01
7e4c5603-8d51-50cc-93ea-c7112e3494ad,C02
7e4c5603-8d51-50cc-93ea-c7112e3494ad,C03
7e4c5603-8d51-50cc-93ea-c7112e3494ad,C04
7e4c5603-8d51-50cc-93ea-c7112e3494ad,X01
7e4c5603-8d51-50cc-93ea-c7112e3494ad,X02
7e4c5603-8d51-50cc-93ea-c7112e3494ad,X03
7e4c5603-8d51-50cc-93ea-c7112e3494ad,X04
7d07c1c0-070f-5d53-bdc7-1ea45404b65d,A01
7d07c1c0-070f-5d53-bdc7-1ea45404b65d,B03
7d07c1c0-070f-5d53-bdc7-1ea45404b65d,C01
7d07c1c0-070f-5d53-bdc7-1ea45404b65d,C02
7d07c1c0-070f-5d53-bdc7-1ea45404b65d,D08
7d07c1c0-070f-5d53-bdc7-1ea45404b65d,X02
7d07c1c0-070f-5d53-bdc7-1ea45404b65d,X03
7d07c1c0-070f-5d53-bdc7-1ea45404b65d,X04
7d07c1c0-070f-5d53-bdc7-1ea45404b65d,X13
ac96c761-fe86-5269-b7bd-e1ffa04f0634,B03
ac96c761-fe86-5269-b7bd-e1ffa04f0634,C01
ac96c761-fe86-5269-b7bd-e1ffa04f0634,C02
ac96c761-fe86-5269-b7bd-e1ffa04f0634,C03
ac96c761-fe86-5269-b7bd-e1ffa04f0634,C04
ac96c761-fe86-5269-b7bd-e1ffa04f0634,X01
ac96c761-fe86-5269-b7bd-e1ffa04f0634,X02
ac96c761-fe86-5269-b7bd-e1ffa04f0634,X03
ac96c761-fe86-5269-b7bd-e1ffa04f0634,X04
0513ea11-c5f7-5fc4-b1ed-9812250009b5,B03
0513ea11-c5f7-5fc4-b1ed-9812250009b5,C01
0513ea11-c5f7-5fc4-b1ed-9812250009b5,C02
0513ea11-c5f7-5fc4-b1ed-9812250009b5,C03
0513ea11-c5f7-5fc4-b1ed-9812250009b5,C04
0513ea11-c5f7-5fc4-b1ed-9812250009b5,X01
0513ea11-c5f7-5fc4-b1ed-9812250009b5,X02
0513ea11-c5f7-5fc4-b1ed-9812250009b5,X03
0513ea11-c5f7-5fc4-b1ed-9812250009b5,X04
9af965cb-f083-57fe-8e83-2ddaef36b404,B03
9af965cb-f083-57fe-8e83-2ddaef36b404,C01
9af965cb-f083-57fe-8e83-2ddaef36b404,C02
9af965cb-f083-57fe-8e83-2ddaef36b404,C03
9af965cb-f083-57fe-8e83-2ddaef36b404,C04
9af965cb-f083-57fe-8e83-2ddaef36b404,X01
9af965cb-f083-57fe-8e83-2ddaef36b404,X02
9af965cb-f083-57fe-8e83-2ddaef36b404,X03
9af965cb-f083-57fe-8e83-2ddaef36b404,X04
12c4a32b-97b9-5bc5-a6b7-1bfa482d6831,B03
12c4a32b-97b9-5bc5-a6b7-1bfa482d6831,C01
12c4a32b-97b9-5bc5-a6b7-1bfa482d6831,C02
12c4a32b-97b9-5bc5-a6b7-1bfa482d6831,C03
12c4a32b-97b9-5bc5-a6b7-1bfa482d6831,C04
12c4a32b-97b9-5bc5-a6b7-1bfa482d6831,X01
12c4a32b-97b9-5bc5-a6b7-1bfa482d6831,X02
12c4a32b-97b9-5bc5-a6b7-1bfa482d6831,X03
12c4a32b-97b9-5bc5-a6b7-1bfa482d6831,X04
2d9c4faf-43f2-5279-8d98-1f465e0f6e10,B03
2d9c4faf-43f2-5279-8d98-1f465e0f6e10,C01
2d9c4faf-43f2-5279-8d98-1f465e0f6e10,C02
2d9c4faf-43f2-5279-8d98-1f465e0f6e10,C03
2d9c4faf-43f2-5279-8d98-1f465e0f6e10,C04
2d9c4faf-43f2-5279-8d98-1f465e0f6e10,X01
2d9c4faf-43f2-5279-8d98-1f465e0f6e10,X02
2d9c4faf-43f2-5279-8d98-1f465e0f6e10,X03
2d9c4faf-43f2-5279-8d98-1f465e0f6e10,X04
c6c5ea6c-43b8-52fb-a157-be5f44b79525,B03
c6c5ea6c-43b8-52fb-a157-be5f44b79525,C01
c6c5ea6c-43b8-52fb-a157-be5f44b79525,C02
c6c5ea6c-43b8-52fb-a157-be5f44b79525,C03
c6c5ea6c-43b8-52fb-a157-be5f44b79525,C04
c6c5ea6c-43b8-52fb-a157-be5f44b79525,X01
c6c5ea6c-43b8-52fb-a157-be5f44b79525,X02
c6c5ea6c-43b8-52fb-a157-be5f44b79525,X03
c6c5ea6c-43b8-52fb-a157-be5f44b79525,X04
c2097fd5-a37e-5ed1-83a0-b49d547b1e7d,B03
c2097fd5-a37e-5ed1-83a0-b49d547b1e7d,C01
c2097fd5-a37e-5ed1-83a0-b49d547b1e7d,C02
c2097fd5-a37e-5ed1-83a0-b49d547b1e7d,C03
c2097fd5-a37e-5ed1-83a0-b49d547b1e7d,C04
c2097fd5-a37e-5ed1-83a0-b49d547b1e7d,X01
c2097fd5-a37e-5ed1-83a0-b49d547b1e7d,X02
c2097fd5-a37e-5ed1-83a0-b49d547b1e7d,X03
c2097fd5-a37e-5ed1-83a0-b49d547b1e7d,X04
f8cfd3ce-7d6f-5f19-83ee-2bea5e5a2428,B03
f8cfd3ce-7d6f-5f19-83ee-2bea5e5a2428,C02
f8cfd3ce-7d6f-5f19-83ee-2bea5e5a2428,C03
f8cfd3ce-7d6f-5f19-83ee-2bea5e5a2428,C04
f8cfd3ce-7d6f-5f19-83ee-2bea5e5a2428,X01
f8cfd3ce-7d6f-5f19-83ee-2bea5e5a2428,X02
f8cfd3ce-7d6f-5f19-83ee-2bea5e5a2428,X03
f8cfd3ce-7d6f-5f19-83ee-2bea5e5a2428,X04
5b366d72-0dfc-5b58-99d8-5d839c798c72,D01
5b366d72-0dfc-5b58-99d8-5d839c798c72,D14
5b366d72-0dfc-5b58-99d8-5d839c798c72,D15
20e2b925-cedd-5227-8631-e43317b8992b,C20
20e2b925-cedd-5227-8631-e43317b8992b,D01
20e2b925-cedd-5227-8631-e43317b8992b,D15
20e2b925-cedd-5227-8631-e43317b8992b,C00
b72773b4-d986-527a-98ad-7725ff4107a8,C00
b72773b4-d986-527a-98ad-7725ff4107a8,D01
b72773b4-d986-527a-98ad-7725ff4107a8,D15
b72773b4-d986-527a-98ad-7725ff4107a8,C20
c9fd230a-cbb8-58eb-81b7-75401e943582,D01
c9fd230a-cbb8-58eb-81b7-75401e943582,D15
c9fd230a-cbb8-58eb-81b7-75401e943582,C00
eee59131-8c9b-5ffb-b52d-4f1eda2a56a6,C20
19fc9357-9177-5fba-80dc-c5187bbea536,A00
19fc9357-9177-5fba-80dc-c5187bbea536,A01
19fc9357-9177-5fba-80dc-c5187bbea536,A07
19fc9357-9177-5fba-80dc-c5187bbea536,D01
9d6e4517-58c7-5ecd-bedf-3f8af192e8c4,C14
9d6e4517-58c7-5ecd-bedf-3f8af192e8c4,C20
9d6e4517-58c7-5ecd-bedf-3f8af192e8c4,D01
9d6e4517-58c7-5ecd-bedf-3f8af192e8c4,C00
bd239be9-b35a-5c2e-91c4-3fef2dbd0532,A00
bd239be9-b35a-5c2e-91c4-3fef2dbd0532,C00
bd239be9-b35a-5c2e-91c4-3fef2dbd0532,C19
bd239be9-b35a-5c2e-91c4-3fef2dbd0532,C20
8ad89d1c-cf6a-53ac-b541-ac9f29d9ddcc,A01
8ad89d1c-cf6a-53ac-b541-ac9f29d9ddcc,D01
8ad89d1c-cf6a-53ac-b541-ac9f29d9ddcc,C00
8ad89d1c-cf6a-53ac-b541-ac9f29d9ddcc,C20
835d4e2e-e50b-5000-bc3b-748fe34909f6,A00
835d4e2e-e50b-5000-bc3b-748fe34909f6,C00
835d4e2e-e50b-5000-bc3b-748fe34909f6,D01
835d4e2e-e50b-5000-bc3b-748fe34909f6,D15
a38898de-264e-5ff0-ae4c-2579a5c6ee74,C00
a38898de-264e-5ff0-ae4c-2579a5c6ee74,D01
a38898de-264e-5ff0-ae4c-2579a5c6ee74,D15
a38898de-264e-5ff0-ae4c-2579a5c6ee74,C20
ce33a368-786c-5409-a35c-0f6c054ede5e,A01
ce33a368-786c-5409-a35c-0f6c054ede5e,D01
ce33a368-786c-5409-a35c-0f6c054ede5e,C00
ce33a368-786c-5409-a35c-0f6c054ede5e,C20
8e99edf4-9722-5746-82dc-41e70e8dab25,C00
8e99edf4-9722-5746-82dc-41e70e8dab25,C03
8e99edf4-9722-5746-82dc-41e70e8dab25,D14
8e99edf4-9722-5746-82dc-41e70e8dab25,C19
170cc21a-9618-5f91-95e1-e58204e1226b,D01
170cc21a-9618-5f91-95e1-e58204e1226b,C00
170cc21a-9618-5f91-95e1-e58204e1226b,C19
170cc21a-9618-5f91-95e1-e58204e1226b,C20
ca31cca4-1648-56a3-957c-aac706170ce2,C00
ca31cca4-1648-56a3-957c-aac706170ce2,D01
ca31cca4-1648-56a3-957c-aac706170ce2,C19
ca31cca4-1648-56a3-957c-aac706170ce2,C20
61c7aa87-24ca-5ff3-921a-b86718988eb9,A00
61c7aa87-24ca-5ff3-921a-b86718988eb9,A01
61c7aa87-24ca-5ff3-921a-b86718988eb9,D01
61c7aa87-24ca-5ff3-921a-b86718988eb9,C00
5713736b-70e2-5612-92f5-e75260566e0c,A00
5713736b-70e2-5612-92f5-e75260566e0c,C00
5713736b-70e2-5612-92f5-e75260566e0c,D01
5713736b-70e2-5612-92f5-e75260566e0c,C20
5fa7d8df-2757-5792-a11d-91b0e7735025,D01
5fa7d8df-2757-5792-a11d-91b0e7735025,C00
5fa7d8df-2757-5792-a11d-91b0e7735025,C14
5fa7d8df-2757-5792-a11d-91b0e7735025,C20
8d506459-6730-5a30-ab07-02013827c03e,A01
8d506459-6730-5a30-ab07-02013827c03e,C00
8d506459-6730-5a30-ab07-02013827c03e,D01
8d506459-6730-5a30-ab07-02013827c03e,D15
a1a2cc77-e614-557c-8760-a6d2817d3ccc,A00
a1a2cc77-e614-557c-8760-a6d2817d3ccc,C00
a1a2cc77-e614-557c-8760-a6d2817d3ccc,D01
a1a2cc77-e614-557c-8760-a6d2817d3ccc,C20
315c014d-0379-5b33-b6ff-04a210b313e2,A00
315c014d-0379-5b33-b6ff-04a210b313e2,A01
315c014d-0379-5b33-b6ff-04a210b313e2,D01
315c014d-0379-5b33-b6ff-04a210b313e2,C00
c40d05f2-4ced-5825-a2b7-e3ffdb48b61e,A00
c40d05f2-4ced-5825-a2b7-e3ffdb48b61e,C00
c40d05f2-4ced-5825-a2b7-e3ffdb48b61e,D01
7310f2b5-9743-5b3f-80b0-f8f1fef9c195,A00
7310f2b5-9743-5b3f-80b0-f8f1fef9c195,C00
7310f2b5-9743-5b3f-80b0-f8f1fef9c195,D01
7310f2b5-9743-5b3f-80b0-f8f1fef9c195,C20
65cb718a-96cd-5dff-8b36-ab7080077312,A00
65cb718a-96cd-5dff-8b36-ab7080077312,A01
65cb718a-96cd-5dff-8b36-ab7080077312,D01
65cb718a-96cd-5dff-8b36-ab7080077312,D10
a4edf17f-f6c0-5025-b0ce-a5941217e5eb,D01
a4edf17f-f6c0-5025-b0ce-a5941217e5eb,D15
a4edf17f-f6c0-5025-b0ce-a5941217e5eb,C00
a4edf17f-f6c0-5025-b0ce-a5941217e5eb,C20
de5d1c21-972c-5eae-85ee-408c1fe78e62,D01
de5d1c21-972c-5eae-85ee-408c1fe78e62,D14
de5d1c21-972c-5eae-85ee-408c1fe78e62,D15
de5d1c21-972c-5eae-85ee-408c1fe78e62,C00
c9fd230a-cbb8-58eb-81b7-75401e943582,D14
8711cbd9-55cb-5b4b-a999-b9a0c90e9bf7,C14
8711cbd9-55cb-5b4b-a999-b9a0c90e9bf7,C20
8711cbd9-55cb-5b4b-a999-b9a0c90e9bf7,D01
8711cbd9-55cb-5b4b-a999-b9a0c90e9bf7,C00
bd239be9-b35a-5c2e-91c4-3fef2dbd0532,D14
6ffa513a-94fc-5d0d-92aa-faa355719399,A00
6ffa513a-94fc-5d0d-92aa-faa355719399,C00
6ffa513a-94fc-5d0d-92aa-faa355719399,D01
6ffa513a-94fc-5d0d-92aa-faa355719399,D15
8e99edf4-9722-5746-82dc-41e70e8dab25,D01
8e99edf4-9722-5746-82dc-41e70e8dab25,C20
22fe7769-2e05-5bfb-ab3f-0e0ab1805c3e,C00
22fe7769-2e05-5bfb-ab3f-0e0ab1805c3e,C03
22fe7769-2e05-5bfb-ab3f-0e0ab1805c3e,D14
22fe7769-2e05-5bfb-ab3f-0e0ab1805c3e,C19
5fa7d8df-2757-5792-a11d-91b0e7735025,A01
02a7e8a6-9f59-5d53-9f61-899b51d799ea,A01
02a7e8a6-9f59-5d53-9f61-899b51d799ea,C00
02a7e8a6-9f59-5d53-9f61-899b51d799ea,D01
02a7e8a6-9f59-5d53-9f61-899b51d799ea,D15
8cabe1ae-ac2b-5a2f-9328-296bfd76dcad,A00
8cabe1ae-ac2b-5a2f-9328-296bfd76dcad,C00
8cabe1ae-ac2b-5a2f-9328-296bfd76dcad,D01
8cabe1ae-ac2b-5a2f-9328-296bfd76dcad,C20
12c0d400-479c-575d-9dd4-74ff9643073a,A00
12c0d400-479c-575d-9dd4-74ff9643073a,C00
12c0d400-479c-575d-9dd4-74ff9643073a,D01
a4edf17f-f6c0-5025-b0ce-a5941217e5eb,D14
bd239be9-b35a-5c2e-91c4-3fef2dbd0532,D01
8ad89d1c-cf6a-53ac-b541-ac9f29d9ddcc,D15
868b7674-fed2-5ef5-ad1e-963a9cb98c23,A01
868b7674-fed2-5ef5-ad1e-963a9cb98c23,C00
868b7674-fed2-5ef5-ad1e-963a9cb98c23,D01
f9d72388-007b-5ca2-9f8f-5c9faf85cc06,A00
f9d72388-007b-5ca2-9f8f-5c9faf85cc06,A01
f9d72388-007b-5ca2-9f8f-5c9faf85cc06,D01
96c421ce-bcd7-5384-ac13-05b5ad59ad9c,A00
96c421ce-bcd7-5384-ac13-05b5ad59ad9c,A01
96c421ce-bcd7-5384-ac13-05b5ad59ad9c,D01
c17b774e-0432-5dbb-8784-cf733e311d71,A00
c17b774e-0432-5dbb-8784-cf733e311d71,A01
c17b774e-0432-5dbb-8784-cf733e311d71,D01
46e5abd9-c624-5a1c-9c1c-ff88b20cb0b1,A00
46e5abd9-c624-5a1c-9c1c-ff88b20cb0b1,A01
46e5abd9-c624-5a1c-9c1c-ff88b20cb0b1,D01
ff907564-5dc5-5676-bb7d-245ebe9ec543,A00
ff907564-5dc5-5676-bb7d-245ebe9ec543,A01
ff907564-5dc5-5676-bb7d-245ebe9ec543,D01
60f67043-dadf-573b-8e7d-244add3e6cff,A01
60f67043-dadf-573b-8e7d-244add3e6cff,C00
60f67043-dadf-573b-8e7d-244add3e6cff,D01
57a3f88d-6210-5f82-92cb-ab82fed89104,A01
57a3f88d-6210-5f82-92cb-ab82fed89104,C00
57a3f88d-6210-5f82-92cb-ab82fed89104,D01
d45106d2-2b01-5766-8eeb-0bb6affd4f2b,A00
d45106d2-2b01-5766-8eeb-0bb6affd4f2b,A01
d45106d2-2b01-5766-8eeb-0bb6affd4f2b,D01
a288c146-c9f1-52f5-9daa-96b176b5ad08,D01
a288c146-c9f1-52f5-9daa-96b176b5ad08,D14
a288c146-c9f1-52f5-9daa-96b176b5ad08,D15
38a24682-a77e-5630-a734-15d47e32d5f7,A00
38a24682-a77e-5630-a734-15d47e32d5f7,A01
38a24682-a77e-5630-a734-15d47e32d5f7,D01
8ed8a731-afb9-5e55-99ce-0fe7cc75cda8,C00
8ed8a731-afb9-5e55-99ce-0fe7cc75cda8,D01
8ed8a731-afb9-5e55-99ce-0fe7cc75cda8,D14
8ed8a731-afb9-5e55-99ce-0fe7cc75cda8,D15
3790a297-f926-5477-9c27-f5460b0695d2,C00
3790a297-f926-5477-9c27-f5460b0695d2,D01
3790a297-f926-5477-9c27-f5460b0695d2,D14
3790a297-f926-5477-9c27-f5460b0695d2,D15
a288c146-c9f1-52f5-9daa-96b176b5ad08,D11
a288c146-c9f1-52f5-9daa-96b176b5ad08,D12
a288c146-c9f1-52f5-9daa-96b176b5ad08,X79
38a24682-a77e-5630-a734-15d47e32d5f7,D07
38a24682-a77e-5630-a734-15d47e32d5f7,D09
38a24682-a77e-5630-a734-15d47e32d5f7,D10
38a24682-a77e-5630-a734-15d47e32d5f7,X25
868b7674-fed2-5ef5-ad1e-963a9cb98c23,C03
868b7674-fed2-5ef5-ad1e-963a9cb98c23,C07
868b7674-fed2-5ef5-ad1e-963a9cb98c23,D14
868b7674-fed2-5ef5-ad1e-963a9cb98c23,X70
8ed8a731-afb9-5e55-99ce-0fe7cc75cda8,D11
8ed8a731-afb9-5e55-99ce-0fe7cc75cda8,D12
8ed8a731-afb9-5e55-99ce-0fe7cc75cda8,X79
83a9e79f-c9d7-5bc2-bc5a-c57bfdfd931a,D01
83a9e79f-c9d7-5bc2-bc5a-c57bfdfd931a,D11
83a9e79f-c9d7-5bc2-bc5a-c57bfdfd931a,D12
83a9e79f-c9d7-5bc2-bc5a-c57bfdfd931a,D14
83a9e79f-c9d7-5bc2-bc5a-c57bfdfd931a,D15
83a9e79f-c9d7-5bc2-bc5a-c57bfdfd931a,X79
f9d72388-007b-5ca2-9f8f-5c9faf85cc06,D07
f9d72388-007b-5ca2-9f8f-5c9faf85cc06,D09
f9d72388-007b-5ca2-9f8f-5c9faf85cc06,D10
f9d72388-007b-5ca2-9f8f-5c9faf85cc06,X25
18e3cdb7-075b-5177-8bf6-6e3cd1ed07e0,A01
18e3cdb7-075b-5177-8bf6-6e3cd1ed07e0,D01
18e3cdb7-075b-5177-8bf6-6e3cd1ed07e0,D07
18e3cdb7-075b-5177-8bf6-6e3cd1ed07e0,D09
18e3cdb7-075b-5177-8bf6-6e3cd1ed07e0,D10
18e3cdb7-075b-5177-8bf6-6e3cd1ed07e0,X25
96c421ce-bcd7-5384-ac13-05b5ad59ad9c,D07
96c421ce-bcd7-5384-ac13-05b5ad59ad9c,D09
96c421ce-bcd7-5384-ac13-05b5ad59ad9c,D10
96c421ce-bcd7-5384-ac13-05b5ad59ad9c,X25
c17b774e-0432-5dbb-8784-cf733e311d71,D07
c17b774e-0432-5dbb-8784-cf733e311d71,D09
c17b774e-0432-5dbb-8784-cf733e311d71,D10
c17b774e-0432-5dbb-8784-cf733e311d71,X25
46e5abd9-c624-5a1c-9c1c-ff88b20cb0b1,D07
46e5abd9-c624-5a1c-9c1c-ff88b20cb0b1,D09
46e5abd9-c624-5a1c-9c1c-ff88b20cb0b1,D10
46e5abd9-c624-5a1c-9c1c-ff88b20cb0b1,X25
ff907564-5dc5-5676-bb7d-245ebe9ec543,D07
ff907564-5dc5-5676-bb7d-245ebe9ec543,D09
ff907564-5dc5-5676-bb7d-245ebe9ec543,D10
ff907564-5dc5-5676-bb7d-245ebe9ec543,X25
60f67043-dadf-573b-8e7d-244add3e6cff,C03
60f67043-dadf-573b-8e7d-244add3e6cff,C07
60f67043-dadf-573b-8e7d-244add3e6cff,D14
60f67043-dadf-573b-8e7d-244add3e6cff,X70
2a7a5652-20af-537d-b92e-fc299383dd2b,A00
2a7a5652-20af-537d-b92e-fc299383dd2b,A01
2a7a5652-20af-537d-b92e-fc299383dd2b,A03
2a7a5652-20af-537d-b92e-fc299383dd2b,C01
2a7a5652-20af-537d-b92e-fc299383dd2b,D01
2a7a5652-20af-537d-b92e-fc299383dd2b,X06
5a513625-d258-53ba-b0e1-a8dc13e01f1b,A00
5a513625-d258-53ba-b0e1-a8dc13e01f1b,A01
5a513625-d258-53ba-b0e1-a8dc13e01f1b,A03
5a513625-d258-53ba-b0e1-a8dc13e01f1b,C01
5a513625-d258-53ba-b0e1-a8dc13e01f1b,D01
5a513625-d258-53ba-b0e1-a8dc13e01f1b,X06
57a3f88d-6210-5f82-92cb-ab82fed89104,C03
57a3f88d-6210-5f82-92cb-ab82fed89104,C07
57a3f88d-6210-5f82-92cb-ab82fed89104,D14
57a3f88d-6210-5f82-92cb-ab82fed89104,X70
3790a297-f926-5477-9c27-f5460b0695d2,D11
3790a297-f926-5477-9c27-f5460b0695d2,D12
3790a297-f926-5477-9c27-f5460b0695d2,X79
d45106d2-2b01-5766-8eeb-0bb6affd4f2b,A03
d45106d2-2b01-5766-8eeb-0bb6affd4f2b,C01
d45106d2-2b01-5766-8eeb-0bb6affd4f2b,X06
27a7b0f3-c9fe-5033-988f-e2ed9b5c4ee1,A00
27a7b0f3-c9fe-5033-988f-e2ed9b5c4ee1,A01
27a7b0f3-c9fe-5033-988f-e2ed9b5c4ee1,D01
ce92c8b3-9821-5473-a1c5-24bc35843947,A00
ce92c8b3-9821-5473-a1c5-24bc35843947,A01
ce92c8b3-9821-5473-a1c5-24bc35843947,C00
ce92c8b3-9821-5473-a1c5-24bc35843947,D01
d2b7297d-36cd-5056-ad69-25444f819d26,A00
d2b7297d-36cd-5056-ad69-25444f819d26,A01
d2b7297d-36cd-5056-ad69-25444f819d26,D01
3d8839ea-aa4b-54e5-b5ed-d82de830abbf,A00
3d8839ea-aa4b-54e5-b5ed-d82de830abbf,A01
3d8839ea-aa4b-54e5-b5ed-d82de830abbf,D01
aa85bf5d-44f4-54f9-b1d8-a2903e43056f,A00
aa85bf5d-44f4-54f9-b1d8-a2903e43056f,A01
aa85bf5d-44f4-54f9-b1d8-a2903e43056f,D01
140a1ca9-5a44-58c6-8dca-75b528e11351,A00
140a1ca9-5a44-58c6-8dca-75b528e11351,A01
140a1ca9-5a44-58c6-8dca-75b528e11351,D01
d6e95151-5b1a-5387-95f9-27c2ab8d92ff,A00
d6e95151-5b1a-5387-95f9-27c2ab8d92ff,A01
d6e95151-5b1a-5387-95f9-27c2ab8d92ff,D01
0ef6df3b-5674-5f6e-aa6f-c637aed00874,A00
0ef6df3b-5674-5f6e-aa6f-c637aed00874,A01
0ef6df3b-5674-5f6e-aa6f-c637aed00874,D01
06f53773-d605-55b8-839b-9e0e93320ed1,A00
06f53773-d605-55b8-839b-9e0e93320ed1,A01
06f53773-d605-55b8-839b-9e0e93320ed1,D01
f6289144-5456-5cce-a358-3d899a53f37d,A00
f6289144-5456-5cce-a358-3d899a53f37d,A01
f6289144-5456-5cce-a358-3d899a53f37d,D01
5980b599-9cd0-587c-8f06-427f12b69dab,A00
5980b599-9cd0-587c-8f06-427f12b69dab,A01
5980b599-9cd0-587c-8f06-427f12b69dab,D01
e4d4ae45-a5e2-5713-9bdd-89d8388a6471,A00
e4d4ae45-a5e2-5713-9bdd-89d8388a6471,A01
e4d4ae45-a5e2-5713-9bdd-89d8388a6471,C00
e4d4ae45-a5e2-5713-9bdd-89d8388a6471,D01
68f332d6-d0da-5e45-b6e3-1c03ee9a1b09,A00
68f332d6-d0da-5e45-b6e3-1c03ee9a1b09,A01
68f332d6-d0da-5e45-b6e3-1c03ee9a1b09,D07
68f332d6-d0da-5e45-b6e3-1c03ee9a1b09,D14
d2b7297d-36cd-5056-ad69-25444f819d26,C00
fca07a43-a940-541b-8171-f7ac31cced15,A00
fca07a43-a940-541b-8171-f7ac31cced15,A01
fca07a43-a940-541b-8171-f7ac31cced15,D01
36f9e4b4-1271-5480-9288-f66b2712b1a8,A00
36f9e4b4-1271-5480-9288-f66b2712b1a8,A01
36f9e4b4-1271-5480-9288-f66b2712b1a8,D01
68f332d6-d0da-5e45-b6e3-1c03ee9a1b09,D01
d723fe15-051e-5c5d-b4e3-fffd0c6e7b2a,C01
d723fe15-051e-5c5d-b4e3-fffd0c6e7b2a,C02
d723fe15-051e-5c5d-b4e3-fffd0c6e7b2a,C03
d723fe15-051e-5c5d-b4e3-fffd0c6e7b2a,C04
dbbdc35b-4dae-5e31-b445-eeeca7537953,C01
dbbdc35b-4dae-5e31-b445-eeeca7537953,C02
dbbdc35b-4dae-5e31-b445-eeeca7537953,C03
dbbdc35b-4dae-5e31-b445-eeeca7537953,C04
fa0420c4-a760-563c-96ba-0b54cb38a6ad,C01
fa0420c4-a760-563c-96ba-0b54cb38a6ad,C02
fa0420c4-a760-563c-96ba-0b54cb38a6ad,C03
fa0420c4-a760-563c-96ba-0b54cb38a6ad,C04
54aa2dfb-edb8-598e-ae1c-c7aa541a9cda,C01
54aa2dfb-edb8-598e-ae1c-c7aa541a9cda,C02
54aa2dfb-edb8-598e-ae1c-c7aa541a9cda,C03
54aa2dfb-edb8-598e-ae1c-c7aa541a9cda,C04
7da4e47d-7c1c-5ecc-9629-7f9ea8b5278d,C01
7da4e47d-7c1c-5ecc-9629-7f9ea8b5278d,C02
7da4e47d-7c1c-5ecc-9629-7f9ea8b5278d,C03
7da4e47d-7c1c-5ecc-9629-7f9ea8b5278d,C04
8f107617-367c-5e92-bb24-3e0b81978858,C01
8f107617-367c-5e92-bb24-3e0b81978858,C02
8f107617-367c-5e92-bb24-3e0b81978858,C03
8f107617-367c-5e92-bb24-3e0b81978858,C04
ba2e5892-8ac8-596d-a29b-ddb547f4ba0a,C01
ba2e5892-8ac8-596d-a29b-ddb547f4ba0a,C02
ba2e5892-8ac8-596d-a29b-ddb547f4ba0a,C03
ba2e5892-8ac8-596d-a29b-ddb547f4ba0a,C04
1d5159e3-74d4-5613-8d1f-d20d33f2f571,A00
1d5159e3-74d4-5613-8d1f-d20d33f2f571,B00
1d5159e3-74d4-5613-8d1f-d20d33f2f571,B08
1d5159e3-74d4-5613-8d1f-d20d33f2f571,D07
9e898189-0f37-528c-8503-b1da38a8db16,A00
9e898189-0f37-528c-8503-b1da38a8db16,A01
9e898189-0f37-528c-8503-b1da38a8db16,B00
9e898189-0f37-528c-8503-b1da38a8db16,D07
ba9ae634-1700-5024-86c4-16d6f217ac3a,A00
ba9ae634-1700-5024-86c4-16d6f217ac3a,A01
ba9ae634-1700-5024-86c4-16d6f217ac3a,C01
ba9ae634-1700-5024-86c4-16d6f217ac3a,D07
7675fe49-6d1d-58b7-92c0-df5414923455,A00
7675fe49-6d1d-58b7-92c0-df5414923455,A01
7675fe49-6d1d-58b7-92c0-df5414923455,C01
7675fe49-6d1d-58b7-92c0-df5414923455,D07
24c7fb09-61c6-5579-bf58-d1b42101986e,A00
24c7fb09-61c6-5579-bf58-d1b42101986e,A01
24c7fb09-61c6-5579-bf58-d1b42101986e,C01
24c7fb09-61c6-5579-bf58-d1b42101986e,D07
89cc6dfc-1514-5db0-9dba-b93c78b0d943,A00
89cc6dfc-1514-5db0-9dba-b93c78b0d943,A01
89cc6dfc-1514-5db0-9dba-b93c78b0d943,C01
89cc6dfc-1514-5db0-9dba-b93c78b0d943,D07
8dd83e31-1475-58b7-af8c-f6268a8c870e,A00
8dd83e31-1475-58b7-af8c-f6268a8c870e,A02
8dd83e31-1475-58b7-af8c-f6268a8c870e,B00
8dd83e31-1475-58b7-af8c-f6268a8c870e,B08
825af524-da1a-5b82-b4ce-4203ce4b2ddf,A00
825af524-da1a-5b82-b4ce-4203ce4b2ddf,A01
825af524-da1a-5b82-b4ce-4203ce4b2ddf,D01
825af524-da1a-5b82-b4ce-4203ce4b2ddf,D07
8fced2ee-1ffb-51d9-859e-bb04e75b1a35,A00
8fced2ee-1ffb-51d9-859e-bb04e75b1a35,A01
8fced2ee-1ffb-51d9-859e-bb04e75b1a35,D01
8fced2ee-1ffb-51d9-859e-bb04e75b1a35,D07
e381acfe-7fcc-5645-ae7a-a0592323cd7d,A00
e381acfe-7fcc-5645-ae7a-a0592323cd7d,A01
e381acfe-7fcc-5645-ae7a-a0592323cd7d,D01
e381acfe-7fcc-5645-ae7a-a0592323cd7d,D07
af846872-54b8-57c5-bc3d-aa4cd09bf0e6,A00
af846872-54b8-57c5-bc3d-aa4cd09bf0e6,A01
af846872-54b8-57c5-bc3d-aa4cd09bf0e6,D01
af846872-54b8-57c5-bc3d-aa4cd09bf0e6,D07
6e10528c-b634-5e61-a93f-cbd6be51075e,A00
6e10528c-b634-5e61-a93f-cbd6be51075e,A01
6e10528c-b634-5e61-a93f-cbd6be51075e,C00
6e10528c-b634-5e61-a93f-cbd6be51075e,D01
5249b5b1-6068-570b-93cd-7c4ce1ee7165,A01
5249b5b1-6068-570b-93cd-7c4ce1ee7165,C00
5249b5b1-6068-570b-93cd-7c4ce1ee7165,D01
5249b5b1-6068-570b-93cd-7c4ce1ee7165,D04
7b33787d-8d55-5ef6-869b-bb3ef5169be0,D01
7b33787d-8d55-5ef6-869b-bb3ef5169be0,D09
7b33787d-8d55-5ef6-869b-bb3ef5169be0,D14
7b33787d-8d55-5ef6-869b-bb3ef5169be0,D15
a4be9cf9-2ea3-5f41-ab8a-3bdef6f49afe,A01
a4be9cf9-2ea3-5f41-ab8a-3bdef6f49afe,C00
a4be9cf9-2ea3-5f41-ab8a-3bdef6f49afe,D01
a4be9cf9-2ea3-5f41-ab8a-3bdef6f49afe,D15
1b60201d-ffd7-5366-a141-3e921d3a0432,A00
1b60201d-ffd7-5366-a141-3e921d3a0432,A01
6b3af529-d445-50f6-92a5-2b362fdaa8fe,A01
6b3af529-d445-50f6-92a5-2b362fdaa8fe,C00
6b3af529-d445-50f6-92a5-2b362fdaa8fe,D01
6b3af529-d445-50f6-92a5-2b362fdaa8fe,D15
52f8f614-b295-50d7-b1c2-019bf202d48d,A00
52f8f614-b295-50d7-b1c2-019bf202d48d,A01
52f8f614-b295-50d7-b1c2-019bf202d48d,D01
52f8f614-b295-50d7-b1c2-019bf202d48d,D10
2926a6b9-8941-54b9-bf09-8248c06625b1,A00
2926a6b9-8941-54b9-bf09-8248c06625b1,A01
2926a6b9-8941-54b9-bf09-8248c06625b1,D07
ca30a772-1c4d-5b55-8a68-5cdb9bdee519,A00
ca30a772-1c4d-5b55-8a68-5cdb9bdee519,A01
ca30a772-1c4d-5b55-8a68-5cdb9bdee519,D07
ca30a772-1c4d-5b55-8a68-5cdb9bdee519,D28
609992e5-4bd4-54e4-87c1-5679fad1a33a,A00
609992e5-4bd4-54e4-87c1-5679fad1a33a,A01
609992e5-4bd4-54e4-87c1-5679fad1a33a,D07
4379042e-0a1e-56a4-826a-945aa0378348,A00
4379042e-0a1e-56a4-826a-945aa0378348,A01
4379042e-0a1e-56a4-826a-945aa0378348,A02
4379042e-0a1e-56a4-826a-945aa0378348,C01
a91ebf3a-a889-5ea2-bcf0-56a79201b7c8,A00
a91ebf3a-a889-5ea2-bcf0-56a79201b7c8,A01
a91ebf3a-a889-5ea2-bcf0-56a79201b7c8,A02
a91ebf3a-a889-5ea2-bcf0-56a79201b7c8,C01
59102f66-94d9-527b-8dcb-0e82b8f5879b,A00
59102f66-94d9-527b-8dcb-0e82b8f5879b,A01
59102f66-94d9-527b-8dcb-0e82b8f5879b,B00
59102f66-94d9-527b-8dcb-0e82b8f5879b,D07
e36070b7-b7b9-5b7d-aaa0-18d5c3cc0edf,A00
e36070b7-b7b9-5b7d-aaa0-18d5c3cc0edf,A01
e36070b7-b7b9-5b7d-aaa0-18d5c3cc0edf,B00
e36070b7-b7b9-5b7d-aaa0-18d5c3cc0edf,D07
a8df8dbc-d490-5ec7-910f-d792f0be80c8,A00
a8df8dbc-d490-5ec7-910f-d792f0be80c8,A02
a8df8dbc-d490-5ec7-910f-d792f0be80c8,B00
a8df8dbc-d490-5ec7-910f-d792f0be80c8,D07
e3f1b674-5e9b-5f1e-8391-ea3c0e057bc1,A00
e3f1b674-5e9b-5f1e-8391-ea3c0e057bc1,A02
e3f1b674-5e9b-5f1e-8391-ea3c0e057bc1,B00
e3f1b674-5e9b-5f1e-8391-ea3c0e057bc1,B04
dc05c00d-0105-5738-b2d8-687de1c014ef,A00
dc05c00d-0105-5738-b2d8-687de1c014ef,A02
dc05c00d-0105-5738-b2d8-687de1c014ef,B00
dc05c00d-0105-5738-b2d8-687de1c014ef,D07
a702d6fb-ab50-5437-aebd-502730eff240,A00
a702d6fb-ab50-5437-aebd-502730eff240,A02
a702d6fb-ab50-5437-aebd-502730eff240,B00
a702d6fb-ab50-5437-aebd-502730eff240,D07
8976ac8a-2966-5d67-81aa-104b7097a52d,A00
8976ac8a-2966-5d67-81aa-104b7097a52d,A01
8976ac8a-2966-5d67-81aa-104b7097a52d,A02
8976ac8a-2966-5d67-81aa-104b7097a52d,A10
2de4760f-01d7-54fa-a4f9-0c44ad2ef568,A00
2de4760f-01d7-54fa-a4f9-0c44ad2ef568,A01
2de4760f-01d7-54fa-a4f9-0c44ad2ef568,A04
2de4760f-01d7-54fa-a4f9-0c44ad2ef568,A10
bc444f8e-92df-536b-a097-4202f4e33f74,A00
bc444f8e-92df-536b-a097-4202f4e33f74,B00
bc444f8e-92df-536b-a097-4202f4e33f74,B08
bc444f8e-92df-536b-a097-4202f4e33f74,D07
04222421-fdb5-557a-a1a1-b75450643f83,A00
04222421-fdb5-557a-a1a1-b75450643f83,A01
04222421-fdb5-557a-a1a1-b75450643f83,C01
04222421-fdb5-557a-a1a1-b75450643f83,D07
24c7fb09-61c6-5579-bf58-d1b42101986e,B00
eb510a68-2edf-5f2f-9447-7a8ab100c49e,C00
eb510a68-2edf-5f2f-9447-7a8ab100c49e,C04
eb510a68-2edf-5f2f-9447-7a8ab100c49e,D01
eb510a68-2edf-5f2f-9447-7a8ab100c49e,D14
595b4df6-ac1f-50bd-8bda-2428ddd03799,A01
595b4df6-ac1f-50bd-8bda-2428ddd03799,C04
595b4df6-ac1f-50bd-8bda-2428ddd03799,D01
595b4df6-ac1f-50bd-8bda-2428ddd03799,D07
5249b5b1-6068-570b-93cd-7c4ce1ee7165,D09
2506b833-f3c4-5d9f-9f5d-92e5304c3bd8,A01
2506b833-f3c4-5d9f-9f5d-92e5304c3bd8,D01
2506b833-f3c4-5d9f-9f5d-92e5304c3bd8,D06
2506b833-f3c4-5d9f-9f5d-92e5304c3bd8,D28
a4be9cf9-2ea3-5f41-ab8a-3bdef6f49afe,D09
16604762-0d44-506c-814c-8ef9fe2d2d52,A00
16604762-0d44-506c-814c-8ef9fe2d2d52,A01
16604762-0d44-506c-814c-8ef9fe2d2d52,D01
16604762-0d44-506c-814c-8ef9fe2d2d52,D10
6db8a5bd-2361-526e-85f0-8690bde56e37,A01
6db8a5bd-2361-526e-85f0-8690bde56e37,C00
6db8a5bd-2361-526e-85f0-8690bde56e37,D01
6db8a5bd-2361-526e-85f0-8690bde56e37,D15
c80a6bb3-75a9-5b1f-b8c0-050cb4404fd9,A00
c80a6bb3-75a9-5b1f-b8c0-050cb4404fd9,A01
c80a6bb3-75a9-5b1f-b8c0-050cb4404fd9,D07
0d766252-6c05-513d-95c8-0af581adf657,A00
0d766252-6c05-513d-95c8-0af581adf657,A01
0d766252-6c05-513d-95c8-0af581adf657,D07
0d766252-6c05-513d-95c8-0af581adf657,D28
b120d1bd-6fc9-50f3-877b-b8c6e87c5e06,A00
b120d1bd-6fc9-50f3-877b-b8c6e87c5e06,B00
b120d1bd-6fc9-50f3-877b-b8c6e87c5e06,B08
b120d1bd-6fc9-50f3-877b-b8c6e87c5e06,D07
59102f66-94d9-527b-8dcb-0e82b8f5879b,C01
a8df8dbc-d490-5ec7-910f-d792f0be80c8,B08
0fe80e23-4ac8-52f8-b950-438830741941,A00
0fe80e23-4ac8-52f8-b950-438830741941,A01
0fe80e23-4ac8-52f8-b950-438830741941,B00
0fe80e23-4ac8-52f8-b950-438830741941,B08
dc05c00d-0105-5738-b2d8-687de1c014ef,B08
a702d6fb-ab50-5437-aebd-502730eff240,B08
8976ac8a-2966-5d67-81aa-104b7097a52d,D01
2de4760f-01d7-54fa-a4f9-0c44ad2ef568,D01
2725b81c-8bbd-53f1-9e90-9f4933e87343,A00
2725b81c-8bbd-53f1-9e90-9f4933e87343,B00
2725b81c-8bbd-53f1-9e90-9f4933e87343,B08
2725b81c-8bbd-53f1-9e90-9f4933e87343,D07
595b4df6-ac1f-50bd-8bda-2428ddd03799,D10
e4516fcc-2b46-575f-b14c-8579c35c111d,A01
e4516fcc-2b46-575f-b14c-8579c35c111d,D01
e4516fcc-2b46-575f-b14c-8579c35c111d,D07
e4516fcc-2b46-575f-b14c-8579c35c111d,D10
31651384-deb7-565b-b031-eab7644ba883,A01
31651384-deb7-565b-b031-eab7644ba883,D01
31651384-deb7-565b-b031-eab7644ba883,D44
31651384-deb7-565b-b031-eab7644ba883,D64
ac2f297f-c06a-551e-9f64-bc59253184e4,C00
ac2f297f-c06a-551e-9f64-bc59253184e4,D01
ac2f297f-c06a-551e-9f64-bc59253184e4,D09
ac2f297f-c06a-551e-9f64-bc59253184e4,D14
b2695ea6-5928-5262-be04-1014bd61eb74,A00
b2695ea6-5928-5262-be04-1014bd61eb74,A01
b2695ea6-5928-5262-be04-1014bd61eb74,D07
e3f1b674-5e9b-5f1e-8391-ea3c0e057bc1,A01
e3f1b674-5e9b-5f1e-8391-ea3c0e057bc1,B08
3ffbd0c3-acd5-5359-8b81-9015b4c4a1ac,A00
3ffbd0c3-acd5-5359-8b81-9015b4c4a1ac,A01
3ffbd0c3-acd5-5359-8b81-9015b4c4a1ac,C01
3ffbd0c3-acd5-5359-8b81-9015b4c4a1ac,D07
4cb726e4-a341-51bb-b6d0-2624f6076477,A01
4cb726e4-a341-51bb-b6d0-2624f6076477,C00
4cb726e4-a341-51bb-b6d0-2624f6076477,D01
4cb726e4-a341-51bb-b6d0-2624f6076477,D09
89e2d320-8416-5348-907b-7065ebf2a1fd,A01
89e2d320-8416-5348-907b-7065ebf2a1fd,D01
89e2d320-8416-5348-907b-7065ebf2a1fd,D07
89e2d320-8416-5348-907b-7065ebf2a1fd,D10
fc00821f-1877-561a-8920-bf86faa9b65e,A01
fc00821f-1877-561a-8920-bf86faa9b65e,D01
fc00821f-1877-561a-8920-bf86faa9b65e,D07
fc00821f-1877-561a-8920-bf86faa9b65e,D10
e3662084-aff7-54ef-8f00-aebcd035a68d,A00
e3662084-aff7-54ef-8f00-aebcd035a68d,A01
e3662084-aff7-54ef-8f00-aebcd035a68d,D01
e3662084-aff7-54ef-8f00-aebcd035a68d,D07
244a3176-2690-5e84-a717-afb184dc7e57,A00
244a3176-2690-5e84-a717-afb184dc7e57,A01
244a3176-2690-5e84-a717-afb184dc7e57,D01
244a3176-2690-5e84-a717-afb184dc7e57,D07
eaa866cf-cd46-5a60-b674-ac1ddef2e3d9,A00
eaa866cf-cd46-5a60-b674-ac1ddef2e3d9,A01
eaa866cf-cd46-5a60-b674-ac1ddef2e3d9,D01
eaa866cf-cd46-5a60-b674-ac1ddef2e3d9,D07
8ce2e266-c87c-5ee5-99fa-29cccd22196c,A00
8ce2e266-c87c-5ee5-99fa-29cccd22196c,A01
8ce2e266-c87c-5ee5-99fa-29cccd22196c,D01
8ce2e266-c87c-5ee5-99fa-29cccd22196c,D07
299e8c1a-997a-5c09-acf1-08fd76e82bdb,A00
299e8c1a-997a-5c09-acf1-08fd76e82bdb,A01
299e8c1a-997a-5c09-acf1-08fd76e82bdb,D01
299e8c1a-997a-5c09-acf1-08fd76e82bdb,D07
7b33787d-8d55-5ef6-869b-bb3ef5169be0,A01
b9b4f21e-3225-5fe6-91cd-09ca732ba07b,A00
b9b4f21e-3225-5fe6-91cd-09ca732ba07b,B00
b9b4f21e-3225-5fe6-91cd-09ca732ba07b,B08
b9b4f21e-3225-5fe6-91cd-09ca732ba07b,D07
3946dd74-3b88-5d12-b72b-2821d1261c8a,A00
3946dd74-3b88-5d12-b72b-2821d1261c8a,A01
3946dd74-3b88-5d12-b72b-2821d1261c8a,B00
3946dd74-3b88-5d12-b72b-2821d1261c8a,D01
a0fd3053-aa92-58f8-a9eb-37217f49760f,A00
a0fd3053-aa92-58f8-a9eb-37217f49760f,A01
a0fd3053-aa92-58f8-a9eb-37217f49760f,D07
c2640a32-6202-562a-9013-7d00362795d3,A00
c2640a32-6202-562a-9013-7d00362795d3,A01
c2640a32-6202-562a-9013-7d00362795d3,D07
1612d004-86e0-5e0a-b76c-37db5483ac59,A00
1612d004-86e0-5e0a-b76c-37db5483ac59,A01
1612d004-86e0-5e0a-b76c-37db5483ac59,D07
46ff3701-6a84-57db-8bd8-679b5cac35da,A00
46ff3701-6a84-57db-8bd8-679b5cac35da,A01
46ff3701-6a84-57db-8bd8-679b5cac35da,B00
46ff3701-6a84-57db-8bd8-679b5cac35da,D07
67547718-1049-54e6-9793-5dd94d252b3d,A02
67547718-1049-54e6-9793-5dd94d252b3d,B00
67547718-1049-54e6-9793-5dd94d252b3d,B08
67547718-1049-54e6-9793-5dd94d252b3d,D07
47b84b4d-16ac-54cc-a150-9b75c540224e,A00
47b84b4d-16ac-54cc-a150-9b75c540224e,A01
47b84b4d-16ac-54cc-a150-9b75c540224e,A10
47b84b4d-16ac-54cc-a150-9b75c540224e,D01
bc444f8e-92df-536b-a097-4202f4e33f74,X14
bc444f8e-92df-536b-a097-4202f4e33f74,X15
9503f4f2-9a1a-5887-8d2e-823fa8bdf286,A00
9503f4f2-9a1a-5887-8d2e-823fa8bdf286,B00
9503f4f2-9a1a-5887-8d2e-823fa8bdf286,B03
9503f4f2-9a1a-5887-8d2e-823fa8bdf286,B08
9503f4f2-9a1a-5887-8d2e-823fa8bdf286,C02
9503f4f2-9a1a-5887-8d2e-823fa8bdf286,D07
9e898189-0f37-528c-8503-b1da38a8db16,X10
9e898189-0f37-528c-8503-b1da38a8db16,X11
2725b81c-8bbd-53f1-9e90-9f4933e87343,B03
2725b81c-8bbd-53f1-9e90-9f4933e87343,C02
04222421-fdb5-557a-a1a1-b75450643f83,X06
04222421-fdb5-557a-a1a1-b75450643f83,X26
7675fe49-6d1d-58b7-92c0-df5414923455,X06
7675fe49-6d1d-58b7-92c0-df5414923455,X26
24c7fb09-61c6-5579-bf58-d1b42101986e,D08
24c7fb09-61c6-5579-bf58-d1b42101986e,X10
24c7fb09-61c6-5579-bf58-d1b42101986e,X14
89cc6dfc-1514-5db0-9dba-b93c78b0d943,D08
89cc6dfc-1514-5db0-9dba-b93c78b0d943,X06
89cc6dfc-1514-5db0-9dba-b93c78b0d943,X26
3ffbd0c3-acd5-5359-8b81-9015b4c4a1ac,D08
3ffbd0c3-acd5-5359-8b81-9015b4c4a1ac,X06
3ffbd0c3-acd5-5359-8b81-9015b4c4a1ac,X26
f0d4e5e6-016b-5aa8-9e11-b4bdc35ab7c7,C00
f0d4e5e6-016b-5aa8-9e11-b4bdc35ab7c7,C03
f0d4e5e6-016b-5aa8-9e11-b4bdc35ab7c7,C19
f0d4e5e6-016b-5aa8-9e11-b4bdc35ab7c7,D01
f0d4e5e6-016b-5aa8-9e11-b4bdc35ab7c7,D12
f0d4e5e6-016b-5aa8-9e11-b4bdc35ab7c7,D13
f0d4e5e6-016b-5aa8-9e11-b4bdc35ab7c7,X70
2c3e60fc-df6c-5e87-9479-dcfdf629a15d,C00
2c3e60fc-df6c-5e87-9479-dcfdf629a15d,C03
2c3e60fc-df6c-5e87-9479-dcfdf629a15d,C19
2c3e60fc-df6c-5e87-9479-dcfdf629a15d,D01
2c3e60fc-df6c-5e87-9479-dcfdf629a15d,D12
2c3e60fc-df6c-5e87-9479-dcfdf629a15d,D13
2c3e60fc-df6c-5e87-9479-dcfdf629a15d,X70
7a1c3fb3-3432-5dc1-a62d-e46802bd3095,C00
7a1c3fb3-3432-5dc1-a62d-e46802bd3095,C03
7a1c3fb3-3432-5dc1-a62d-e46802bd3095,C19
7a1c3fb3-3432-5dc1-a62d-e46802bd3095,D01
7a1c3fb3-3432-5dc1-a62d-e46802bd3095,D12
7a1c3fb3-3432-5dc1-a62d-e46802bd3095,D13
7a1c3fb3-3432-5dc1-a62d-e46802bd3095,X70
8ef6f951-3df6-554e-a815-c8ad06056efb,D01
8ef6f951-3df6-554e-a815-c8ad06056efb,D11
8ef6f951-3df6-554e-a815-c8ad06056efb,D12
8ef6f951-3df6-554e-a815-c8ad06056efb,D14
8ef6f951-3df6-554e-a815-c8ad06056efb,D15
8ef6f951-3df6-554e-a815-c8ad06056efb,D66
8ef6f951-3df6-554e-a815-c8ad06056efb,X78
057ff0f5-0d0c-56bd-bf24-4e8ea13b2b5c,D01
057ff0f5-0d0c-56bd-bf24-4e8ea13b2b5c,D11
057ff0f5-0d0c-56bd-bf24-4e8ea13b2b5c,D12
057ff0f5-0d0c-56bd-bf24-4e8ea13b2b5c,D14
057ff0f5-0d0c-56bd-bf24-4e8ea13b2b5c,D15
057ff0f5-0d0c-56bd-bf24-4e8ea13b2b5c,D66
057ff0f5-0d0c-56bd-bf24-4e8ea13b2b5c,X78
4cb726e4-a341-51bb-b6d0-2624f6076477,C03
4cb726e4-a341-51bb-b6d0-2624f6076477,C19
4cb726e4-a341-51bb-b6d0-2624f6076477,D14
4cb726e4-a341-51bb-b6d0-2624f6076477,D66
4cb726e4-a341-51bb-b6d0-2624f6076477,X70
4cb726e4-a341-51bb-b6d0-2624f6076477,X78
825af524-da1a-5b82-b4ce-4203ce4b2ddf,A07
825af524-da1a-5b82-b4ce-4203ce4b2ddf,A08
825af524-da1a-5b82-b4ce-4203ce4b2ddf,X17
8fced2ee-1ffb-51d9-859e-bb04e75b1a35,B00
8fced2ee-1ffb-51d9-859e-bb04e75b1a35,B04
8fced2ee-1ffb-51d9-859e-bb04e75b1a35,X13
e381acfe-7fcc-5645-ae7a-a0592323cd7d,B00
e381acfe-7fcc-5645-ae7a-a0592323cd7d,B04
e381acfe-7fcc-5645-ae7a-a0592323cd7d,X13
af846872-54b8-57c5-bc3d-aa4cd09bf0e6,A07
af846872-54b8-57c5-bc3d-aa4cd09bf0e6,A08
af846872-54b8-57c5-bc3d-aa4cd09bf0e6,X17
eb510a68-2edf-5f2f-9447-7a8ab100c49e,A00
eb510a68-2edf-5f2f-9447-7a8ab100c49e,A01
eb510a68-2edf-5f2f-9447-7a8ab100c49e,B00
eb510a68-2edf-5f2f-9447-7a8ab100c49e,B04
eb510a68-2edf-5f2f-9447-7a8ab100c49e,D07
eb510a68-2edf-5f2f-9447-7a8ab100c49e,X13
595b4df6-ac1f-50bd-8bda-2428ddd03799,B08
595b4df6-ac1f-50bd-8bda-2428ddd03799,D09
595b4df6-ac1f-50bd-8bda-2428ddd03799,D84
595b4df6-ac1f-50bd-8bda-2428ddd03799,X25
e4516fcc-2b46-575f-b14c-8579c35c111d,B08
e4516fcc-2b46-575f-b14c-8579c35c111d,D09
89e2d320-8416-5348-907b-7065ebf2a1fd,B08
89e2d320-8416-5348-907b-7065ebf2a1fd,D09
e3662084-aff7-54ef-8f00-aebcd035a68d,D84
e3662084-aff7-54ef-8f00-aebcd035a68d,X25
e3662084-aff7-54ef-8f00-aebcd035a68d,X26
e3662084-aff7-54ef-8f00-aebcd035a68d,X27
244a3176-2690-5e84-a717-afb184dc7e57,D84
244a3176-2690-5e84-a717-afb184dc7e57,X25
244a3176-2690-5e84-a717-afb184dc7e57,X26
244a3176-2690-5e84-a717-afb184dc7e57,X27
eaa866cf-cd46-5a60-b674-ac1ddef2e3d9,X26
eaa866cf-cd46-5a60-b674-ac1ddef2e3d9,X27
8ce2e266-c87c-5ee5-99fa-29cccd22196c,D84
8ce2e266-c87c-5ee5-99fa-29cccd22196c,X25
8ce2e266-c87c-5ee5-99fa-29cccd22196c,X26
8ce2e266-c87c-5ee5-99fa-29cccd22196c,X27
299e8c1a-997a-5c09-acf1-08fd76e82bdb,D84
299e8c1a-997a-5c09-acf1-08fd76e82bdb,X25
299e8c1a-997a-5c09-acf1-08fd76e82bdb,X26
299e8c1a-997a-5c09-acf1-08fd76e82bdb,X27
6bf9c920-ae71-54a2-9f2c-b2886b50050e,C00
6bf9c920-ae71-54a2-9f2c-b2886b50050e,C01
6bf9c920-ae71-54a2-9f2c-b2886b50050e,C04
6bf9c920-ae71-54a2-9f2c-b2886b50050e,D01
6bf9c920-ae71-54a2-9f2c-b2886b50050e,D84
6bf9c920-ae71-54a2-9f2c-b2886b50050e,X25
6bf9c920-ae71-54a2-9f2c-b2886b50050e,X27
24d8cc9f-4f86-52b4-94d7-6ae775af742a,A01
24d8cc9f-4f86-52b4-94d7-6ae775af742a,D01
24d8cc9f-4f86-52b4-94d7-6ae775af742a,D07
24d8cc9f-4f86-52b4-94d7-6ae775af742a,D84
24d8cc9f-4f86-52b4-94d7-6ae775af742a,X25
24d8cc9f-4f86-52b4-94d7-6ae775af742a,X26
24d8cc9f-4f86-52b4-94d7-6ae775af742a,X27
5249b5b1-6068-570b-93cd-7c4ce1ee7165,D30
5249b5b1-6068-570b-93cd-7c4ce1ee7165,D84
5249b5b1-6068-570b-93cd-7c4ce1ee7165,X25
7b33787d-8d55-5ef6-869b-bb3ef5169be0,D10
7b33787d-8d55-5ef6-869b-bb3ef5169be0,D84
7b33787d-8d55-5ef6-869b-bb3ef5169be0,X25
7b33787d-8d55-5ef6-869b-bb3ef5169be0,X26
31651384-deb7-565b-b031-eab7644ba883,D03
31651384-deb7-565b-b031-eab7644ba883,D09
31651384-deb7-565b-b031-eab7644ba883,D20
31651384-deb7-565b-b031-eab7644ba883,D89
31651384-deb7-565b-b031-eab7644ba883,X37
2506b833-f3c4-5d9f-9f5d-92e5304c3bd8,D09
2506b833-f3c4-5d9f-9f5d-92e5304c3bd8,D10
2506b833-f3c4-5d9f-9f5d-92e5304c3bd8,D15
a4be9cf9-2ea3-5f41-ab8a-3bdef6f49afe,D10
a4be9cf9-2ea3-5f41-ab8a-3bdef6f49afe,D84
a4be9cf9-2ea3-5f41-ab8a-3bdef6f49afe,X25
b9b4f21e-3225-5fe6-91cd-09ca732ba07b,B03
b9b4f21e-3225-5fe6-91cd-09ca732ba07b,C02
6b3af529-d445-50f6-92a5-2b362fdaa8fe,A00
6b3af529-d445-50f6-92a5-2b362fdaa8fe,C03
6b3af529-d445-50f6-92a5-2b362fdaa8fe,D09
6b3af529-d445-50f6-92a5-2b362fdaa8fe,D10
6b3af529-d445-50f6-92a5-2b362fdaa8fe,D84
6b3af529-d445-50f6-92a5-2b362fdaa8fe,X25
52f8f614-b295-50d7-b1c2-019bf202d48d,C03
52f8f614-b295-50d7-b1c2-019bf202d48d,D09
52f8f614-b295-50d7-b1c2-019bf202d48d,D84
52f8f614-b295-50d7-b1c2-019bf202d48d,X25
16604762-0d44-506c-814c-8ef9fe2d2d52,C03
16604762-0d44-506c-814c-8ef9fe2d2d52,D09
16604762-0d44-506c-814c-8ef9fe2d2d52,D84
16604762-0d44-506c-814c-8ef9fe2d2d52,X25
6db8a5bd-2361-526e-85f0-8690bde56e37,C03
6db8a5bd-2361-526e-85f0-8690bde56e37,D14
6db8a5bd-2361-526e-85f0-8690bde56e37,D66
6db8a5bd-2361-526e-85f0-8690bde56e37,X78
3946dd74-3b88-5d12-b72b-2821d1261c8a,A02
3946dd74-3b88-5d12-b72b-2821d1261c8a,B03
c80a6bb3-75a9-5b1f-b8c0-050cb4404fd9,X06
c80a6bb3-75a9-5b1f-b8c0-050cb4404fd9,X26
c80a6bb3-75a9-5b1f-b8c0-050cb4404fd9,X27
0d766252-6c05-513d-95c8-0af581adf657,D01
0d766252-6c05-513d-95c8-0af581adf657,D06
0d766252-6c05-513d-95c8-0af581adf657,X06
0d766252-6c05-513d-95c8-0af581adf657,X26
609992e5-4bd4-54e4-87c1-5679fad1a33a,D01
609992e5-4bd4-54e4-87c1-5679fad1a33a,X06
609992e5-4bd4-54e4-87c1-5679fad1a33a,X26
b2695ea6-5928-5262-be04-1014bd61eb74,D01
b2695ea6-5928-5262-be04-1014bd61eb74,X06
b2695ea6-5928-5262-be04-1014bd61eb74,X26
a0fd3053-aa92-58f8-a9eb-37217f49760f,X06
a0fd3053-aa92-58f8-a9eb-37217f49760f,X26
a0fd3053-aa92-58f8-a9eb-37217f49760f,X27
c2640a32-6202-562a-9013-7d00362795d3,D01
c2640a32-6202-562a-9013-7d00362795d3,X06
c2640a32-6202-562a-9013-7d00362795d3,X26
1612d004-86e0-5e0a-b76c-37db5483ac59,D01
1612d004-86e0-5e0a-b76c-37db5483ac59,X06
1612d004-86e0-5e0a-b76c-37db5483ac59,X26
b120d1bd-6fc9-50f3-877b-b8c6e87c5e06,B03
b120d1bd-6fc9-50f3-877b-b8c6e87c5e06,C02
4379042e-0a1e-56a4-826a-945aa0378348,X06
4379042e-0a1e-56a4-826a-945aa0378348,X07
3bd30c34-e341-5a06-9820-8fcf38d36681,A00
3bd30c34-e341-5a06-9820-8fcf38d36681,A01
3bd30c34-e341-5a06-9820-8fcf38d36681,A02
3bd30c34-e341-5a06-9820-8fcf38d36681,C01
3bd30c34-e341-5a06-9820-8fcf38d36681,X06
3bd30c34-e341-5a06-9820-8fcf38d36681,X07
a91ebf3a-a889-5ea2-bcf0-56a79201b7c8,X06
a91ebf3a-a889-5ea2-bcf0-56a79201b7c8,X07
a784e455-436e-5789-8874-5ce193f83c8e,A00
a784e455-436e-5789-8874-5ce193f83c8e,B00
a784e455-436e-5789-8874-5ce193f83c8e,B03
a784e455-436e-5789-8874-5ce193f83c8e,B08
a784e455-436e-5789-8874-5ce193f83c8e,D07
a784e455-436e-5789-8874-5ce193f83c8e,X14
59102f66-94d9-527b-8dcb-0e82b8f5879b,X06
59102f66-94d9-527b-8dcb-0e82b8f5879b,X07
46ff3701-6a84-57db-8bd8-679b5cac35da,X06
46ff3701-6a84-57db-8bd8-679b5cac35da,X07
e36070b7-b7b9-5b7d-aaa0-18d5c3cc0edf,X06
e36070b7-b7b9-5b7d-aaa0-18d5c3cc0edf,X07
a8df8dbc-d490-5ec7-910f-d792f0be80c8,B03
a8df8dbc-d490-5ec7-910f-d792f0be80c8,X10
e3f1b674-5e9b-5f1e-8391-ea3c0e057bc1,B03
e3f1b674-5e9b-5f1e-8391-ea3c0e057bc1,D07
e3f1b674-5e9b-5f1e-8391-ea3c0e057bc1,X14
dc05c00d-0105-5738-b2d8-687de1c014ef,X10
dc05c00d-0105-5738-b2d8-687de1c014ef,X14
a702d6fb-ab50-5437-aebd-502730eff240,B03
a702d6fb-ab50-5437-aebd-502730eff240,X10
67547718-1049-54e6-9793-5dd94d252b3d,A00
67547718-1049-54e6-9793-5dd94d252b3d,B03
67547718-1049-54e6-9793-5dd94d252b3d,X10
8976ac8a-2966-5d67-81aa-104b7097a52d,A04
8976ac8a-2966-5d67-81aa-104b7097a52d,C01
8976ac8a-2966-5d67-81aa-104b7097a52d,D07
8976ac8a-2966-5d67-81aa-104b7097a52d,X06
2de4760f-01d7-54fa-a4f9-0c44ad2ef568,C01
2de4760f-01d7-54fa-a4f9-0c44ad2ef568,D07
2de4760f-01d7-54fa-a4f9-0c44ad2ef568,X06
47b84b4d-16ac-54cc-a150-9b75c540224e,A04
47b84b4d-16ac-54cc-a150-9b75c540224e,C01
47b84b4d-16ac-54cc-a150-9b75c540224e,D07
47b84b4d-16ac-54cc-a150-9b75c540224e,X06
c2294445-27f7-54a6-9773-4f3f9143f3f1,A00
c2294445-27f7-54a6-9773-4f3f9143f3f1,B00
c2294445-27f7-54a6-9773-4f3f9143f3f1,B08
c2294445-27f7-54a6-9773-4f3f9143f3f1,D07
3cdbf242-3827-5cf7-99d8-9e183ead9d71,A01
3cdbf242-3827-5cf7-99d8-9e183ead9d71,D01
3cdbf242-3827-5cf7-99d8-9e183ead9d71,D09
3cdbf242-3827-5cf7-99d8-9e183ead9d71,D10
37e3041e-d36d-5d60-b41c-c5a140e157db,A00
37e3041e-d36d-5d60-b41c-c5a140e157db,A01
37e3041e-d36d-5d60-b41c-c5a140e157db,C01
37e3041e-d36d-5d60-b41c-c5a140e157db,D01
e316db51-af9d-5813-abe7-48afa21005a8,A00
e316db51-af9d-5813-abe7-48afa21005a8,A01
e316db51-af9d-5813-abe7-48afa21005a8,C01
e316db51-af9d-5813-abe7-48afa21005a8,D01
1823f28a-a3b3-50ac-97cb-fa89f0122742,A00
1823f28a-a3b3-50ac-97cb-fa89f0122742,A01
1823f28a-a3b3-50ac-97cb-fa89f0122742,C01
1823f28a-a3b3-50ac-97cb-fa89f0122742,D01
8e30af4c-2a43-5362-9162-444013a7eeb8,A00
8e30af4c-2a43-5362-9162-444013a7eeb8,A01
8e30af4c-2a43-5362-9162-444013a7eeb8,C01
8e30af4c-2a43-5362-9162-444013a7eeb8,D01
39e22826-ee35-5293-b840-eba4d9d35b82,A00
39e22826-ee35-5293-b840-eba4d9d35b82,A01
39e22826-ee35-5293-b840-eba4d9d35b82,C01
39e22826-ee35-5293-b840-eba4d9d35b82,D01
8b7d2b04-750f-58e7-b99a-765c253a332f,A00
8b7d2b04-750f-58e7-b99a-765c253a332f,A01
8b7d2b04-750f-58e7-b99a-765c253a332f,C01
8b7d2b04-750f-58e7-b99a-765c253a332f,D01
9e28590a-89ef-5e7e-b96d-6cd75194550d,A00
9e28590a-89ef-5e7e-b96d-6cd75194550d,A01
9e28590a-89ef-5e7e-b96d-6cd75194550d,C01
9e28590a-89ef-5e7e-b96d-6cd75194550d,D01
dc94c2b2-02b1-51d2-9482-0c64e0c18c27,A00
dc94c2b2-02b1-51d2-9482-0c64e0c18c27,A01
dc94c2b2-02b1-51d2-9482-0c64e0c18c27,C01
dc94c2b2-02b1-51d2-9482-0c64e0c18c27,D01
76a0fc80-cb46-5659-b64a-fcef9536d1c0,A00
76a0fc80-cb46-5659-b64a-fcef9536d1c0,A01
76a0fc80-cb46-5659-b64a-fcef9536d1c0,C01
76a0fc80-cb46-5659-b64a-fcef9536d1c0,D01
1b46d591-0398-53e7-b7d6-3da7b961b0d9,A00
1b46d591-0398-53e7-b7d6-3da7b961b0d9,A01
1b46d591-0398-53e7-b7d6-3da7b961b0d9,C01
1b46d591-0398-53e7-b7d6-3da7b961b0d9,D01
6eb69e63-1c8f-5fce-8323-b80e74fdac44,A00
6eb69e63-1c8f-5fce-8323-b80e74fdac44,A01
6eb69e63-1c8f-5fce-8323-b80e74fdac44,C01
6eb69e63-1c8f-5fce-8323-b80e74fdac44,D01
a054c727-474c-5c91-9451-5a1ae8ff3fbc,A00
a054c727-474c-5c91-9451-5a1ae8ff3fbc,A01
a054c727-474c-5c91-9451-5a1ae8ff3fbc,C01
a054c727-474c-5c91-9451-5a1ae8ff3fbc,D01
57ed8acb-0941-5cc0-a8f9-da28d680e5a1,A00
57ed8acb-0941-5cc0-a8f9-da28d680e5a1,A01
57ed8acb-0941-5cc0-a8f9-da28d680e5a1,C01
57ed8acb-0941-5cc0-a8f9-da28d680e5a1,D01
a6d50730-ceea-5bae-9c2e-690b233c5b8d,A00
a6d50730-ceea-5bae-9c2e-690b233c5b8d,A01
a6d50730-ceea-5bae-9c2e-690b233c5b8d,B00
a6d50730-ceea-5bae-9c2e-690b233c5b8d,D07
619933e8-c21a-5b9d-9340-c546ea00b7e1,A00
619933e8-c21a-5b9d-9340-c546ea00b7e1,A01
619933e8-c21a-5b9d-9340-c546ea00b7e1,C01
619933e8-c21a-5b9d-9340-c546ea00b7e1,D01
af279776-4c39-5624-a8d8-171148c448eb,A00
af279776-4c39-5624-a8d8-171148c448eb,A01
af279776-4c39-5624-a8d8-171148c448eb,C01
af279776-4c39-5624-a8d8-171148c448eb,D01
c60242f7-aebd-5c81-a98b-02414a03a3bb,A00
c60242f7-aebd-5c81-a98b-02414a03a3bb,A01
c60242f7-aebd-5c81-a98b-02414a03a3bb,C00
c60242f7-aebd-5c81-a98b-02414a03a3bb,D01
ef6b5901-3706-519a-9c77-b0cf30c60243,A00
ef6b5901-3706-519a-9c77-b0cf30c60243,A01
ef6b5901-3706-519a-9c77-b0cf30c60243,C01
ef6b5901-3706-519a-9c77-b0cf30c60243,D01
4fe4dc00-374b-54a8-8ac2-a73e09129814,A00
4fe4dc00-374b-54a8-8ac2-a73e09129814,A01
4fe4dc00-374b-54a8-8ac2-a73e09129814,C01
4fe4dc00-374b-54a8-8ac2-a73e09129814,D01
e25ff552-4cc0-5c51-801e-8c62ea0566a5,A01
e25ff552-4cc0-5c51-801e-8c62ea0566a5,D01
e25ff552-4cc0-5c51-801e-8c62ea0566a5,D09
e25ff552-4cc0-5c51-801e-8c62ea0566a5,D14
eaa1113a-8467-5987-8d20-100a12961bca,A01
eaa1113a-8467-5987-8d20-100a12961bca,D01
eaa1113a-8467-5987-8d20-100a12961bca,D09
eaa1113a-8467-5987-8d20-100a12961bca,D14
93914edb-1a71-5b66-abca-a6d01f413f64,A00
93914edb-1a71-5b66-abca-a6d01f413f64,A01
93914edb-1a71-5b66-abca-a6d01f413f64,C01
93914edb-1a71-5b66-abca-a6d01f413f64,D01
9c20d0fa-7e88-51f8-b2b7-830b1c56824b,A00
9c20d0fa-7e88-51f8-b2b7-830b1c56824b,A01
9c20d0fa-7e88-51f8-b2b7-830b1c56824b,C01
9c20d0fa-7e88-51f8-b2b7-830b1c56824b,D01
3ebfc05c-fd91-5a8e-b69b-0d0b050293ed,A00
3ebfc05c-fd91-5a8e-b69b-0d0b050293ed,A01
3ebfc05c-fd91-5a8e-b69b-0d0b050293ed,C01
3ebfc05c-fd91-5a8e-b69b-0d0b050293ed,D01
8cc03233-da60-5dc0-8398-48a278e2c811,A00
8cc03233-da60-5dc0-8398-48a278e2c811,A01
8cc03233-da60-5dc0-8398-48a278e2c811,C01
8cc03233-da60-5dc0-8398-48a278e2c811,D01
2108f961-085f-50e3-9aa7-1829989ca3ad,A00
2108f961-085f-50e3-9aa7-1829989ca3ad,A01
2108f961-085f-50e3-9aa7-1829989ca3ad,C01
2108f961-085f-50e3-9aa7-1829989ca3ad,D01
06712144-17fd-5832-9163-54d7c2bfb1c4,A00
06712144-17fd-5832-9163-54d7c2bfb1c4,A01
06712144-17fd-5832-9163-54d7c2bfb1c4,C01
06712144-17fd-5832-9163-54d7c2bfb1c4,D01
50f6d371-81d0-5235-b20d-08585f4cb699,A00
50f6d371-81d0-5235-b20d-08585f4cb699,A01
50f6d371-81d0-5235-b20d-08585f4cb699,C01
50f6d371-81d0-5235-b20d-08585f4cb699,D01
5f2351e4-5d01-5ad7-93ef-98be9c9b0b7b,A00
5f2351e4-5d01-5ad7-93ef-98be9c9b0b7b,A01
5f2351e4-5d01-5ad7-93ef-98be9c9b0b7b,C01
5f2351e4-5d01-5ad7-93ef-98be9c9b0b7b,D01
0ac9c928-8dd9-53eb-8eb9-25d5b8847029,A00
0ac9c928-8dd9-53eb-8eb9-25d5b8847029,A01
0ac9c928-8dd9-53eb-8eb9-25d5b8847029,C01
0ac9c928-8dd9-53eb-8eb9-25d5b8847029,D01
86eeaa85-f215-5fa1-a368-a2be1a4f50ad,A00
86eeaa85-f215-5fa1-a368-a2be1a4f50ad,A01
86eeaa85-f215-5fa1-a368-a2be1a4f50ad,C01
86eeaa85-f215-5fa1-a368-a2be1a4f50ad,D01
e0bc6c69-7138-56c2-bc30-33dadb30a207,A00
e0bc6c69-7138-56c2-bc30-33dadb30a207,A01
e0bc6c69-7138-56c2-bc30-33dadb30a207,C01
e0bc6c69-7138-56c2-bc30-33dadb30a207,D01
a1125148-8539-5034-9b3f-77915d8ba4d6,A00
a1125148-8539-5034-9b3f-77915d8ba4d6,A01
a1125148-8539-5034-9b3f-77915d8ba4d6,C01
a1125148-8539-5034-9b3f-77915d8ba4d6,D01
2c8e3e13-97b7-5f4b-89a0-c81badda28e3,A00
2c8e3e13-97b7-5f4b-89a0-c81badda28e3,A01
2c8e3e13-97b7-5f4b-89a0-c81badda28e3,C01
2c8e3e13-97b7-5f4b-89a0-c81badda28e3,D01
bbe1d80b-1315-52c5-b431-ad2d848e5c8d,A00
bbe1d80b-1315-52c5-b431-ad2d848e5c8d,A01
bbe1d80b-1315-52c5-b431-ad2d848e5c8d,C01
bbe1d80b-1315-52c5-b431-ad2d848e5c8d,D01
94b3123a-a8ce-54aa-885e-44039231a1a7,A00
94b3123a-a8ce-54aa-885e-44039231a1a7,A01
94b3123a-a8ce-54aa-885e-44039231a1a7,C01
94b3123a-a8ce-54aa-885e-44039231a1a7,D01
83d7a343-414f-5ebd-9e43-0c5ee21cd02d,A00
83d7a343-414f-5ebd-9e43-0c5ee21cd02d,A01
83d7a343-414f-5ebd-9e43-0c5ee21cd02d,C01
83d7a343-414f-5ebd-9e43-0c5ee21cd02d,D01
6f5ea6bd-ea41-5399-a524-c644e1753a2a,A00
6f5ea6bd-ea41-5399-a524-c644e1753a2a,A01
6f5ea6bd-ea41-5399-a524-c644e1753a2a,C01
6f5ea6bd-ea41-5399-a524-c644e1753a2a,D01
ad5bcba0-2dfa-57c7-b6e0-a3f84180089f,A00
ad5bcba0-2dfa-57c7-b6e0-a3f84180089f,A01
ad5bcba0-2dfa-57c7-b6e0-a3f84180089f,C01
ad5bcba0-2dfa-57c7-b6e0-a3f84180089f,D01
64058b30-385a-5c3d-9df8-14ca5cb3ee58,A00
64058b30-385a-5c3d-9df8-14ca5cb3ee58,A01
64058b30-385a-5c3d-9df8-14ca5cb3ee58,C01
64058b30-385a-5c3d-9df8-14ca5cb3ee58,D01
82e9ff69-97d6-5d0d-8213-3e4c08e72426,A00
82e9ff69-97d6-5d0d-8213-3e4c08e72426,A01
82e9ff69-97d6-5d0d-8213-3e4c08e72426,C01
82e9ff69-97d6-5d0d-8213-3e4c08e72426,D01
ffdd901d-d29b-50bc-a72a-50382f83276b,A00
ffdd901d-d29b-50bc-a72a-50382f83276b,A01
ffdd901d-d29b-50bc-a72a-50382f83276b,C01
ffdd901d-d29b-50bc-a72a-50382f83276b,D01
cc8ade27-f487-5ba3-8d60-fa16c1045a5a,A00
cc8ade27-f487-5ba3-8d60-fa16c1045a5a,A01
cc8ade27-f487-5ba3-8d60-fa16c1045a5a,C01
cc8ade27-f487-5ba3-8d60-fa16c1045a5a,D01
1d943a82-c67f-5e3e-abf7-0218a57eebb8,A00
1d943a82-c67f-5e3e-abf7-0218a57eebb8,A01
1d943a82-c67f-5e3e-abf7-0218a57eebb8,C01
1d943a82-c67f-5e3e-abf7-0218a57eebb8,D01
c5cdb555-5cad-5d25-9fe0-5c5568ebcf10,A00
c5cdb555-5cad-5d25-9fe0-5c5568ebcf10,A01
c5cdb555-5cad-5d25-9fe0-5c5568ebcf10,C01
c5cdb555-5cad-5d25-9fe0-5c5568ebcf10,D01
52c11145-2572-54fb-8472-2788d0f833ac,A00
52c11145-2572-54fb-8472-2788d0f833ac,A01
52c11145-2572-54fb-8472-2788d0f833ac,C01
52c11145-2572-54fb-8472-2788d0f833ac,D01
eb6c94fc-fd9c-5f3c-a433-113da4d6269c,A00
eb6c94fc-fd9c-5f3c-a433-113da4d6269c,A01
eb6c94fc-fd9c-5f3c-a433-113da4d6269c,C01
eb6c94fc-fd9c-5f3c-a433-113da4d6269c,D01
a653c3db-f85d-50c0-b57b-7dc7353284fa,A00
a653c3db-f85d-50c0-b57b-7dc7353284fa,A01
a653c3db-f85d-50c0-b57b-7dc7353284fa,C01
a653c3db-f85d-50c0-b57b-7dc7353284fa,D01
4f557594-a2d6-5b5e-895a-770a75118892,A00
4f557594-a2d6-5b5e-895a-770a75118892,A01
4f557594-a2d6-5b5e-895a-770a75118892,C01
4f557594-a2d6-5b5e-895a-770a75118892,D01
a74c63fa-2dd2-51c0-9d60-d88d65e5966d,A00
a74c63fa-2dd2-51c0-9d60-d88d65e5966d,A01
a74c63fa-2dd2-51c0-9d60-d88d65e5966d,C01
a74c63fa-2dd2-51c0-9d60-d88d65e5966d,D01
e780a8ae-d68e-5a10-beda-19e361e69a3c,A00
e780a8ae-d68e-5a10-beda-19e361e69a3c,A01
e780a8ae-d68e-5a10-beda-19e361e69a3c,C01
e780a8ae-d68e-5a10-beda-19e361e69a3c,D01
3f54cf88-07b8-59b4-ac84-d65ebf01a450,A00
3f54cf88-07b8-59b4-ac84-d65ebf01a450,A01
3f54cf88-07b8-59b4-ac84-d65ebf01a450,C01
3f54cf88-07b8-59b4-ac84-d65ebf01a450,D01
483cfff8-c14f-5345-98bc-8f56b9044a83,A00
483cfff8-c14f-5345-98bc-8f56b9044a83,A01
483cfff8-c14f-5345-98bc-8f56b9044a83,C01
483cfff8-c14f-5345-98bc-8f56b9044a83,D01
e25a4e0f-7a1e-52db-ad16-4ca973256fbf,A00
e25a4e0f-7a1e-52db-ad16-4ca973256fbf,A01
e25a4e0f-7a1e-52db-ad16-4ca973256fbf,C01
e25a4e0f-7a1e-52db-ad16-4ca973256fbf,D01
894820d0-a81a-5281-bb88-d20826e2604a,A00
894820d0-a81a-5281-bb88-d20826e2604a,A01
894820d0-a81a-5281-bb88-d20826e2604a,C01
894820d0-a81a-5281-bb88-d20826e2604a,D01
955cc18a-e21d-51d1-ab03-4e0879ff15c0,A00
955cc18a-e21d-51d1-ab03-4e0879ff15c0,A01
955cc18a-e21d-51d1-ab03-4e0879ff15c0,C01
955cc18a-e21d-51d1-ab03-4e0879ff15c0,D01
28328d4e-0d2e-59b8-bc92-272cfc9a9092,A00
28328d4e-0d2e-59b8-bc92-272cfc9a9092,A01
28328d4e-0d2e-59b8-bc92-272cfc9a9092,B00
28328d4e-0d2e-59b8-bc92-272cfc9a9092,D07
c78c9635-5372-5980-a501-17b90f0519e2,A00
c78c9635-5372-5980-a501-17b90f0519e2,A01
c78c9635-5372-5980-a501-17b90f0519e2,B00
c78c9635-5372-5980-a501-17b90f0519e2,D07
2fbca1fe-d0e2-5ce8-902e-684c05381220,A00
2fbca1fe-d0e2-5ce8-902e-684c05381220,A01
2fbca1fe-d0e2-5ce8-902e-684c05381220,C01
2fbca1fe-d0e2-5ce8-902e-684c05381220,D01
871355ad-9e25-5ac0-b00e-5618df511a2d,A00
871355ad-9e25-5ac0-b00e-5618df511a2d,A01
871355ad-9e25-5ac0-b00e-5618df511a2d,C01
871355ad-9e25-5ac0-b00e-5618df511a2d,D01
4ba65fee-7423-528d-9702-c95afd92b34b,A00
4ba65fee-7423-528d-9702-c95afd92b34b,A01
4ba65fee-7423-528d-9702-c95afd92b34b,C01
4ba65fee-7423-528d-9702-c95afd92b34b,D01
f308bc3b-ed49-5188-88af-c2836ee3e257,A00
f308bc3b-ed49-5188-88af-c2836ee3e257,A01
f308bc3b-ed49-5188-88af-c2836ee3e257,C01
f308bc3b-ed49-5188-88af-c2836ee3e257,D01
d3c445d8-ea4c-5cbe-a1f9-a413f7ad5efa,A00
d3c445d8-ea4c-5cbe-a1f9-a413f7ad5efa,A01
d3c445d8-ea4c-5cbe-a1f9-a413f7ad5efa,C00
d3c445d8-ea4c-5cbe-a1f9-a413f7ad5efa,D01
8871f7c5-96aa-54c1-b51a-e48ed1c1ff14,A00
8871f7c5-96aa-54c1-b51a-e48ed1c1ff14,A01
8871f7c5-96aa-54c1-b51a-e48ed1c1ff14,C00
8871f7c5-96aa-54c1-b51a-e48ed1c1ff14,D01
c7c7281f-96db-5891-aaee-466d12a7240a,A00
c7c7281f-96db-5891-aaee-466d12a7240a,A01
c7c7281f-96db-5891-aaee-466d12a7240a,C00
c7c7281f-96db-5891-aaee-466d12a7240a,D01
b41e8377-f5b6-53b0-b0ed-f0f40b705d96,A00
b41e8377-f5b6-53b0-b0ed-f0f40b705d96,A01
b41e8377-f5b6-53b0-b0ed-f0f40b705d96,C01
b41e8377-f5b6-53b0-b0ed-f0f40b705d96,D01
d3c445d8-ea4c-5cbe-a1f9-a413f7ad5efa,C01
8871f7c5-96aa-54c1-b51a-e48ed1c1ff14,C01
7c232342-431e-5288-851e-ea360fe2a2f4,A00
7c232342-431e-5288-851e-ea360fe2a2f4,A01
7c232342-431e-5288-851e-ea360fe2a2f4,C01
7c232342-431e-5288-851e-ea360fe2a2f4,D01
c7c7281f-96db-5891-aaee-466d12a7240a,C01
e25ff552-4cc0-5c51-801e-8c62ea0566a5,D07
e25ff552-4cc0-5c51-801e-8c62ea0566a5,D10
e25ff552-4cc0-5c51-801e-8c62ea0566a5,D11
e25ff552-4cc0-5c51-801e-8c62ea0566a5,D15
e25ff552-4cc0-5c51-801e-8c62ea0566a5,X25
e25ff552-4cc0-5c51-801e-8c62ea0566a5,X26
e25ff552-4cc0-5c51-801e-8c62ea0566a5,X27
e25ff552-4cc0-5c51-801e-8c62ea0566a5,X78
eaa1113a-8467-5987-8d20-100a12961bca,D07
eaa1113a-8467-5987-8d20-100a12961bca,D10
eaa1113a-8467-5987-8d20-100a12961bca,D11
eaa1113a-8467-5987-8d20-100a12961bca,D15
eaa1113a-8467-5987-8d20-100a12961bca,X25
eaa1113a-8467-5987-8d20-100a12961bca,X26
eaa1113a-8467-5987-8d20-100a12961bca,X27
eaa1113a-8467-5987-8d20-100a12961bca,X78
93914edb-1a71-5b66-abca-a6d01f413f64,A03
93914edb-1a71-5b66-abca-a6d01f413f64,A04
93914edb-1a71-5b66-abca-a6d01f413f64,C03
93914edb-1a71-5b66-abca-a6d01f413f64,C04
93914edb-1a71-5b66-abca-a6d01f413f64,D07
93914edb-1a71-5b66-abca-a6d01f413f64,D09
93914edb-1a71-5b66-abca-a6d01f413f64,D10
93914edb-1a71-5b66-abca-a6d01f413f64,X01
93914edb-1a71-5b66-abca-a6d01f413f64,X02
93914edb-1a71-5b66-abca-a6d01f413f64,X03
93914edb-1a71-5b66-abca-a6d01f413f64,X05
93914edb-1a71-5b66-abca-a6d01f413f64,X06
93914edb-1a71-5b66-abca-a6d01f413f64,X07
93914edb-1a71-5b66-abca-a6d01f413f64,X25
93914edb-1a71-5b66-abca-a6d01f413f64,X26
93914edb-1a71-5b66-abca-a6d01f413f64,X27
9c20d0fa-7e88-51f8-b2b7-830b1c56824b,A03
9c20d0fa-7e88-51f8-b2b7-830b1c56824b,A04
9c20d0fa-7e88-51f8-b2b7-830b1c56824b,C03
9c20d0fa-7e88-51f8-b2b7-830b1c56824b,C04
9c20d0fa-7e88-51f8-b2b7-830b1c56824b,D07
9c20d0fa-7e88-51f8-b2b7-830b1c56824b,D09
9c20d0fa-7e88-51f8-b2b7-830b1c56824b,D10
9c20d0fa-7e88-51f8-b2b7-830b1c56824b,X01
9c20d0fa-7e88-51f8-b2b7-830b1c56824b,X02
9c20d0fa-7e88-51f8-b2b7-830b1c56824b,X03
9c20d0fa-7e88-51f8-b2b7-830b1c56824b,X05
9c20d0fa-7e88-51f8-b2b7-830b1c56824b,X06
9c20d0fa-7e88-51f8-b2b7-830b1c56824b,X07
9c20d0fa-7e88-51f8-b2b7-830b1c56824b,X25
9c20d0fa-7e88-51f8-b2b7-830b1c56824b,X26
9c20d0fa-7e88-51f8-b2b7-830b1c56824b,X27
3ebfc05c-fd91-5a8e-b69b-0d0b050293ed,A03
3ebfc05c-fd91-5a8e-b69b-0d0b050293ed,A04
3ebfc05c-fd91-5a8e-b69b-0d0b050293ed,C03
3ebfc05c-fd91-5a8e-b69b-0d0b050293ed,C04
3ebfc05c-fd91-5a8e-b69b-0d0b050293ed,D07
3ebfc05c-fd91-5a8e-b69b-0d0b050293ed,D09
3ebfc05c-fd91-5a8e-b69b-0d0b050293ed,D10
3ebfc05c-fd91-5a8e-b69b-0d0b050293ed,X01
3ebfc05c-fd91-5a8e-b69b-0d0b050293ed,X02
3ebfc05c-fd91-5a8e-b69b-0d0b050293ed,X03
3ebfc05c-fd91-5a8e-b69b-0d0b050293ed,X05
3ebfc05c-fd91-5a8e-b69b-0d0b050293ed,X06
3ebfc05c-fd91-5a8e-b69b-0d0b050293ed,X07
3ebfc05c-fd91-5a8e-b69b-0d0b050293ed,X25
3ebfc05c-fd91-5a8e-b69b-0d0b050293ed,X26
3ebfc05c-fd91-5a8e-b69b-0d0b050293ed,X27
8cc03233-da60-5dc0-8398-48a278e2c811,A03
8cc03233-da60-5dc0-8398-48a278e2c811,A04
8cc03233-da60-5dc0-8398-48a278e2c811,C03
8cc03233-da60-5dc0-8398-48a278e2c811,C04
8cc03233-da60-5dc0-8398-48a278e2c811,D07
8cc03233-da60-5dc0-8398-48a278e2c811,D09
8cc03233-da60-5dc0-8398-48a278e2c811,D10
8cc03233-da60-5dc0-8398-48a278e2c811,X01
8cc03233-da60-5dc0-8398-48a278e2c811,X02
8cc03233-da60-5dc0-8398-48a278e2c811,X03
8cc03233-da60-5dc0-8398-48a278e2c811,X05
8cc03233-da60-5dc0-8398-48a278e2c811,X06
8cc03233-da60-5dc0-8398-48a278e2c811,X07
8cc03233-da60-5dc0-8398-48a278e2c811,X25
8cc03233-da60-5dc0-8398-48a278e2c811,X26
8cc03233-da60-5dc0-8398-48a278e2c811,X27
2108f961-085f-50e3-9aa7-1829989ca3ad,A03
2108f961-085f-50e3-9aa7-1829989ca3ad,A04
2108f961-085f-50e3-9aa7-1829989ca3ad,C03
2108f961-085f-50e3-9aa7-1829989ca3ad,C04
2108f961-085f-50e3-9aa7-1829989ca3ad,D07
2108f961-085f-50e3-9aa7-1829989ca3ad,D09
2108f961-085f-50e3-9aa7-1829989ca3ad,D10
2108f961-085f-50e3-9aa7-1829989ca3ad,X01
2108f961-085f-50e3-9aa7-1829989ca3ad,X02
2108f961-085f-50e3-9aa7-1829989ca3ad,X03
2108f961-085f-50e3-9aa7-1829989ca3ad,X05
2108f961-085f-50e3-9aa7-1829989ca3ad,X06
2108f961-085f-50e3-9aa7-1829989ca3ad,X07
2108f961-085f-50e3-9aa7-1829989ca3ad,X25
2108f961-085f-50e3-9aa7-1829989ca3ad,X26
2108f961-085f-50e3-9aa7-1829989ca3ad,X27
06712144-17fd-5832-9163-54d7c2bfb1c4,A03
06712144-17fd-5832-9163-54d7c2bfb1c4,A04
06712144-17fd-5832-9163-54d7c2bfb1c4,C03
06712144-17fd-5832-9163-54d7c2bfb1c4,C04
06712144-17fd-5832-9163-54d7c2bfb1c4,D07
06712144-17fd-5832-9163-54d7c2bfb1c4,D09
06712144-17fd-5832-9163-54d7c2bfb1c4,D10
06712144-17fd-5832-9163-54d7c2bfb1c4,X01
06712144-17fd-5832-9163-54d7c2bfb1c4,X02
06712144-17fd-5832-9163-54d7c2bfb1c4,X03
06712144-17fd-5832-9163-54d7c2bfb1c4,X05
06712144-17fd-5832-9163-54d7c2bfb1c4,X06
06712144-17fd-5832-9163-54d7c2bfb1c4,X07
06712144-17fd-5832-9163-54d7c2bfb1c4,X25
06712144-17fd-5832-9163-54d7c2bfb1c4,X26
06712144-17fd-5832-9163-54d7c2bfb1c4,X27
50f6d371-81d0-5235-b20d-08585f4cb699,A03
50f6d371-81d0-5235-b20d-08585f4cb699,A04
50f6d371-81d0-5235-b20d-08585f4cb699,C03
50f6d371-81d0-5235-b20d-08585f4cb699,C04
50f6d371-81d0-5235-b20d-08585f4cb699,D07
50f6d371-81d0-5235-b20d-08585f4cb699,D09
50f6d371-81d0-5235-b20d-08585f4cb699,D10
50f6d371-81d0-5235-b20d-08585f4cb699,X01
50f6d371-81d0-5235-b20d-08585f4cb699,X02
50f6d371-81d0-5235-b20d-08585f4cb699,X03
50f6d371-81d0-5235-b20d-08585f4cb699,X05
50f6d371-81d0-5235-b20d-08585f4cb699,X06
50f6d371-81d0-5235-b20d-08585f4cb699,X07
50f6d371-81d0-5235-b20d-08585f4cb699,X25
50f6d371-81d0-5235-b20d-08585f4cb699,X26
50f6d371-81d0-5235-b20d-08585f4cb699,X27
5f2351e4-5d01-5ad7-93ef-98be9c9b0b7b,A03
5f2351e4-5d01-5ad7-93ef-98be9c9b0b7b,A04
5f2351e4-5d01-5ad7-93ef-98be9c9b0b7b,C03
5f2351e4-5d01-5ad7-93ef-98be9c9b0b7b,C04
5f2351e4-5d01-5ad7-93ef-98be9c9b0b7b,D07
5f2351e4-5d01-5ad7-93ef-98be9c9b0b7b,D09
5f2351e4-5d01-5ad7-93ef-98be9c9b0b7b,D10
5f2351e4-5d01-5ad7-93ef-98be9c9b0b7b,X01
5f2351e4-5d01-5ad7-93ef-98be9c9b0b7b,X02
5f2351e4-5d01-5ad7-93ef-98be9c9b0b7b,X03
5f2351e4-5d01-5ad7-93ef-98be9c9b0b7b,X05
5f2351e4-5d01-5ad7-93ef-98be9c9b0b7b,X06
5f2351e4-5d01-5ad7-93ef-98be9c9b0b7b,X07
5f2351e4-5d01-5ad7-93ef-98be9c9b0b7b,X25
5f2351e4-5d01-5ad7-93ef-98be9c9b0b7b,X26
5f2351e4-5d01-5ad7-93ef-98be9c9b0b7b,X27
0ac9c928-8dd9-53eb-8eb9-25d5b8847029,A03
0ac9c928-8dd9-53eb-8eb9-25d5b8847029,A04
0ac9c928-8dd9-53eb-8eb9-25d5b8847029,C03
0ac9c928-8dd9-53eb-8eb9-25d5b8847029,C04
0ac9c928-8dd9-53eb-8eb9-25d5b8847029,D07
0ac9c928-8dd9-53eb-8eb9-25d5b8847029,D09
0ac9c928-8dd9-53eb-8eb9-25d5b8847029,D10
0ac9c928-8dd9-53eb-8eb9-25d5b8847029,X01
0ac9c928-8dd9-53eb-8eb9-25d5b8847029,X02
0ac9c928-8dd9-53eb-8eb9-25d5b8847029,X03
0ac9c928-8dd9-53eb-8eb9-25d5b8847029,X05
0ac9c928-8dd9-53eb-8eb9-25d5b8847029,X06
0ac9c928-8dd9-53eb-8eb9-25d5b8847029,X07
0ac9c928-8dd9-53eb-8eb9-25d5b8847029,X25
0ac9c928-8dd9-53eb-8eb9-25d5b8847029,X26
0ac9c928-8dd9-53eb-8eb9-25d5b8847029,X27
86eeaa85-f215-5fa1-a368-a2be1a4f50ad,A03
86eeaa85-f215-5fa1-a368-a2be1a4f50ad,A04
86eeaa85-f215-5fa1-a368-a2be1a4f50ad,C03
86eeaa85-f215-5fa1-a368-a2be1a4f50ad,C04
86eeaa85-f215-5fa1-a368-a2be1a4f50ad,D07
86eeaa85-f215-5fa1-a368-a2be1a4f50ad,D09
86eeaa85-f215-5fa1-a368-a2be1a4f50ad,D10
86eeaa85-f215-5fa1-a368-a2be1a4f50ad,X01
86eeaa85-f215-5fa1-a368-a2be1a4f50ad,X02
86eeaa85-f215-5fa1-a368-a2be1a4f50ad,X03
86eeaa85-f215-5fa1-a368-a2be1a4f50ad,X05
86eeaa85-f215-5fa1-a368-a2be1a4f50ad,X06
86eeaa85-f215-5fa1-a368-a2be1a4f50ad,X07
86eeaa85-f215-5fa1-a368-a2be1a4f50ad,X25
86eeaa85-f215-5fa1-a368-a2be1a4f50ad,X26
86eeaa85-f215-5fa1-a368-a2be1a4f50ad,X27
e0bc6c69-7138-56c2-bc30-33dadb30a207,A03
e0bc6c69-7138-56c2-bc30-33dadb30a207,A04
e0bc6c69-7138-56c2-bc30-33dadb30a207,C03
e0bc6c69-7138-56c2-bc30-33dadb30a207,C04
e0bc6c69-7138-56c2-bc30-33dadb30a207,D07
e0bc6c69-7138-56c2-bc30-33dadb30a207,D09
e0bc6c69-7138-56c2-bc30-33dadb30a207,D10
e0bc6c69-7138-56c2-bc30-33dadb30a207,X01
e0bc6c69-7138-56c2-bc30-33dadb30a207,X02
e0bc6c69-7138-56c2-bc30-33dadb30a207,X03
e0bc6c69-7138-56c2-bc30-33dadb30a207,X05
e0bc6c69-7138-56c2-bc30-33dadb30a207,X06
e0bc6c69-7138-56c2-bc30-33dadb30a207,X07
e0bc6c69-7138-56c2-bc30-33dadb30a207,X25
e0bc6c69-7138-56c2-bc30-33dadb30a207,X26
e0bc6c69-7138-56c2-bc30-33dadb30a207,X27
a1125148-8539-5034-9b3f-77915d8ba4d6,A03
a1125148-8539-5034-9b3f-77915d8ba4d6,A04
a1125148-8539-5034-9b3f-77915d8ba4d6,C03
a1125148-8539-5034-9b3f-77915d8ba4d6,C04
a1125148-8539-5034-9b3f-77915d8ba4d6,D07
a1125148-8539-5034-9b3f-77915d8ba4d6,D09
a1125148-8539-5034-9b3f-77915d8ba4d6,D10
a1125148-8539-5034-9b3f-77915d8ba4d6,X01
a1125148-8539-5034-9b3f-77915d8ba4d6,X02
a1125148-8539-5034-9b3f-77915d8ba4d6,X03
a1125148-8539-5034-9b3f-77915d8ba4d6,X05
a1125148-8539-5034-9b3f-77915d8ba4d6,X06
a1125148-8539-5034-9b3f-77915d8ba4d6,X07
a1125148-8539-5034-9b3f-77915d8ba4d6,X25
a1125148-8539-5034-9b3f-77915d8ba4d6,X26
a1125148-8539-5034-9b3f-77915d8ba4d6,X27
b41e8377-f5b6-53b0-b0ed-f0f40b705d96,A03
b41e8377-f5b6-53b0-b0ed-f0f40b705d96,A04
b41e8377-f5b6-53b0-b0ed-f0f40b705d96,C03
b41e8377-f5b6-53b0-b0ed-f0f40b705d96,C04
b41e8377-f5b6-53b0-b0ed-f0f40b705d96,D07
b41e8377-f5b6-53b0-b0ed-f0f40b705d96,D09
b41e8377-f5b6-53b0-b0ed-f0f40b705d96,D10
b41e8377-f5b6-53b0-b0ed-f0f40b705d96,X01
b41e8377-f5b6-53b0-b0ed-f0f40b705d96,X02
b41e8377-f5b6-53b0-b0ed-f0f40b705d96,X03
b41e8377-f5b6-53b0-b0ed-f0f40b705d96,X05
b41e8377-f5b6-53b0-b0ed-f0f40b705d96,X06
b41e8377-f5b6-53b0-b0ed-f0f40b705d96,X07
b41e8377-f5b6-53b0-b0ed-f0f40b705d96,X25
b41e8377-f5b6-53b0-b0ed-f0f40b705d96,X26
b41e8377-f5b6-53b0-b0ed-f0f40b705d96,X27
2c8e3e13-97b7-5f4b-89a0-c81badda28e3,A03
2c8e3e13-97b7-5f4b-89a0-c81badda28e3,A04
2c8e3e13-97b7-5f4b-89a0-c81badda28e3,C03
2c8e3e13-97b7-5f4b-89a0-c81badda28e3,C04
2c8e3e13-97b7-5f4b-89a0-c81badda28e3,D07
2c8e3e13-97b7-5f4b-89a0-c81badda28e3,D09
2c8e3e13-97b7-5f4b-89a0-c81badda28e3,D10
2c8e3e13-97b7-5f4b-89a0-c81badda28e3,X01
2c8e3e13-97b7-5f4b-89a0-c81badda28e3,X02
2c8e3e13-97b7-5f4b-89a0-c81badda28e3,X03
2c8e3e13-97b7-5f4b-89a0-c81badda28e3,X05
2c8e3e13-97b7-5f4b-89a0-c81badda28e3,X06
2c8e3e13-97b7-5f4b-89a0-c81badda28e3,X07
2c8e3e13-97b7-5f4b-89a0-c81badda28e3,X25
2c8e3e13-97b7-5f4b-89a0-c81badda28e3,X26
2c8e3e13-97b7-5f4b-89a0-c81badda28e3,X27
bbe1d80b-1315-52c5-b431-ad2d848e5c8d,A02
bbe1d80b-1315-52c5-b431-ad2d848e5c8d,A03
bbe1d80b-1315-52c5-b431-ad2d848e5c8d,B00
bbe1d80b-1315-52c5-b431-ad2d848e5c8d,C02
bbe1d80b-1315-52c5-b431-ad2d848e5c8d,D07
bbe1d80b-1315-52c5-b431-ad2d848e5c8d,X02
bbe1d80b-1315-52c5-b431-ad2d848e5c8d,X03
bbe1d80b-1315-52c5-b431-ad2d848e5c8d,X05
bbe1d80b-1315-52c5-b431-ad2d848e5c8d,X06
bbe1d80b-1315-52c5-b431-ad2d848e5c8d,X07
bbe1d80b-1315-52c5-b431-ad2d848e5c8d,X10
bbe1d80b-1315-52c5-b431-ad2d848e5c8d,X11
bbe1d80b-1315-52c5-b431-ad2d848e5c8d,X14
bbe1d80b-1315-52c5-b431-ad2d848e5c8d,X15
bbe1d80b-1315-52c5-b431-ad2d848e5c8d,X26
bbe1d80b-1315-52c5-b431-ad2d848e5c8d,X27
bbe1d80b-1315-52c5-b431-ad2d848e5c8d,X56
94b3123a-a8ce-54aa-885e-44039231a1a7,A02
94b3123a-a8ce-54aa-885e-44039231a1a7,A03
94b3123a-a8ce-54aa-885e-44039231a1a7,B00
94b3123a-a8ce-54aa-885e-44039231a1a7,C02
94b3123a-a8ce-54aa-885e-44039231a1a7,D07
94b3123a-a8ce-54aa-885e-44039231a1a7,X02
94b3123a-a8ce-54aa-885e-44039231a1a7,X03
94b3123a-a8ce-54aa-885e-44039231a1a7,X05
94b3123a-a8ce-54aa-885e-44039231a1a7,X06
94b3123a-a8ce-54aa-885e-44039231a1a7,X07
94b3123a-a8ce-54aa-885e-44039231a1a7,X10
94b3123a-a8ce-54aa-885e-44039231a1a7,X11
94b3123a-a8ce-54aa-885e-44039231a1a7,X14
94b3123a-a8ce-54aa-885e-44039231a1a7,X15
94b3123a-a8ce-54aa-885e-44039231a1a7,X26
94b3123a-a8ce-54aa-885e-44039231a1a7,X27
94b3123a-a8ce-54aa-885e-44039231a1a7,X56
83d7a343-414f-5ebd-9e43-0c5ee21cd02d,A02
83d7a343-414f-5ebd-9e43-0c5ee21cd02d,A03
83d7a343-414f-5ebd-9e43-0c5ee21cd02d,B00
83d7a343-414f-5ebd-9e43-0c5ee21cd02d,C02
83d7a343-414f-5ebd-9e43-0c5ee21cd02d,D07
83d7a343-414f-5ebd-9e43-0c5ee21cd02d,X02
83d7a343-414f-5ebd-9e43-0c5ee21cd02d,X03
83d7a343-414f-5ebd-9e43-0c5ee21cd02d,X05
83d7a343-414f-5ebd-9e43-0c5ee21cd02d,X06
83d7a343-414f-5ebd-9e43-0c5ee21cd02d,X07
83d7a343-414f-5ebd-9e43-0c5ee21cd02d,X10
83d7a343-414f-5ebd-9e43-0c5ee21cd02d,X11
83d7a343-414f-5ebd-9e43-0c5ee21cd02d,X14
83d7a343-414f-5ebd-9e43-0c5ee21cd02d,X15
83d7a343-414f-5ebd-9e43-0c5ee21cd02d,X26
83d7a343-414f-5ebd-9e43-0c5ee21cd02d,X27
83d7a343-414f-5ebd-9e43-0c5ee21cd02d,X56
6f5ea6bd-ea41-5399-a524-c644e1753a2a,A02
6f5ea6bd-ea41-5399-a524-c644e1753a2a,A03
6f5ea6bd-ea41-5399-a524-c644e1753a2a,B00
6f5ea6bd-ea41-5399-a524-c644e1753a2a,C02
6f5ea6bd-ea41-5399-a524-c644e1753a2a,D07
6f5ea6bd-ea41-5399-a524-c644e1753a2a,X02
6f5ea6bd-ea41-5399-a524-c644e1753a2a,X03
6f5ea6bd-ea41-5399-a524-c644e1753a2a,X05
6f5ea6bd-ea41-5399-a524-c644e1753a2a,X06
6f5ea6bd-ea41-5399-a524-c644e1753a2a,X07
6f5ea6bd-ea41-5399-a524-c644e1753a2a,X10
6f5ea6bd-ea41-5399-a524-c644e1753a2a,X11
6f5ea6bd-ea41-5399-a524-c644e1753a2a,X14
6f5ea6bd-ea41-5399-a524-c644e1753a2a,X15
6f5ea6bd-ea41-5399-a524-c644e1753a2a,X26
6f5ea6bd-ea41-5399-a524-c644e1753a2a,X27
6f5ea6bd-ea41-5399-a524-c644e1753a2a,X56
ad5bcba0-2dfa-57c7-b6e0-a3f84180089f,A02
ad5bcba0-2dfa-57c7-b6e0-a3f84180089f,A03
ad5bcba0-2dfa-57c7-b6e0-a3f84180089f,B00
ad5bcba0-2dfa-57c7-b6e0-a3f84180089f,C02
ad5bcba0-2dfa-57c7-b6e0-a3f84180089f,D07
ad5bcba0-2dfa-57c7-b6e0-a3f84180089f,X02
ad5bcba0-2dfa-57c7-b6e0-a3f84180089f,X03
ad5bcba0-2dfa-57c7-b6e0-a3f84180089f,X05
ad5bcba0-2dfa-57c7-b6e0-a3f84180089f,X06
ad5bcba0-2dfa-57c7-b6e0-a3f84180089f,X07
ad5bcba0-2dfa-57c7-b6e0-a3f84180089f,X10
ad5bcba0-2dfa-57c7-b6e0-a3f84180089f,X11
ad5bcba0-2dfa-57c7-b6e0-a3f84180089f,X14
ad5bcba0-2dfa-57c7-b6e0-a3f84180089f,X15
ad5bcba0-2dfa-57c7-b6e0-a3f84180089f,X26
ad5bcba0-2dfa-57c7-b6e0-a3f84180089f,X27
ad5bcba0-2dfa-57c7-b6e0-a3f84180089f,X56
64058b30-385a-5c3d-9df8-14ca5cb3ee58,A02
64058b30-385a-5c3d-9df8-14ca5cb3ee58,A03
64058b30-385a-5c3d-9df8-14ca5cb3ee58,B00
64058b30-385a-5c3d-9df8-14ca5cb3ee58,C02
64058b30-385a-5c3d-9df8-14ca5cb3ee58,D07
64058b30-385a-5c3d-9df8-14ca5cb3ee58,X02
64058b30-385a-5c3d-9df8-14ca5cb3ee58,X03
64058b30-385a-5c3d-9df8-14ca5cb3ee58,X05
64058b30-385a-5c3d-9df8-14ca5cb3ee58,X06
64058b30-385a-5c3d-9df8-14ca5cb3ee58,X07
64058b30-385a-5c3d-9df8-14ca5cb3ee58,X10
64058b30-385a-5c3d-9df8-14ca5cb3ee58,X11
64058b30-385a-5c3d-9df8-14ca5cb3ee58,X14
64058b30-385a-5c3d-9df8-14ca5cb3ee58,X15
64058b30-385a-5c3d-9df8-14ca5cb3ee58,X26
64058b30-385a-5c3d-9df8-14ca5cb3ee58,X27
64058b30-385a-5c3d-9df8-14ca5cb3ee58,X56
82e9ff69-97d6-5d0d-8213-3e4c08e72426,A02
82e9ff69-97d6-5d0d-8213-3e4c08e72426,A03
82e9ff69-97d6-5d0d-8213-3e4c08e72426,B00
82e9ff69-97d6-5d0d-8213-3e4c08e72426,C02
82e9ff69-97d6-5d0d-8213-3e4c08e72426,D07
82e9ff69-97d6-5d0d-8213-3e4c08e72426,X02
82e9ff69-97d6-5d0d-8213-3e4c08e72426,X03
82e9ff69-97d6-5d0d-8213-3e4c08e72426,X05
82e9ff69-97d6-5d0d-8213-3e4c08e72426,X06
82e9ff69-97d6-5d0d-8213-3e4c08e72426,X07
82e9ff69-97d6-5d0d-8213-3e4c08e72426,X10
82e9ff69-97d6-5d0d-8213-3e4c08e72426,X11
82e9ff69-97d6-5d0d-8213-3e4c08e72426,X14
82e9ff69-97d6-5d0d-8213-3e4c08e72426,X15
82e9ff69-97d6-5d0d-8213-3e4c08e72426,X26
82e9ff69-97d6-5d0d-8213-3e4c08e72426,X27
82e9ff69-97d6-5d0d-8213-3e4c08e72426,X56
ffdd901d-d29b-50bc-a72a-50382f83276b,A02
ffdd901d-d29b-50bc-a72a-50382f83276b,A03
ffdd901d-d29b-50bc-a72a-50382f83276b,B00
ffdd901d-d29b-50bc-a72a-50382f83276b,C02
ffdd901d-d29b-50bc-a72a-50382f83276b,D07
ffdd901d-d29b-50bc-a72a-50382f83276b,X02
ffdd901d-d29b-50bc-a72a-50382f83276b,X03
ffdd901d-d29b-50bc-a72a-50382f83276b,X05
ffdd901d-d29b-50bc-a72a-50382f83276b,X06
ffdd901d-d29b-50bc-a72a-50382f83276b,X07
ffdd901d-d29b-50bc-a72a-50382f83276b,X10
ffdd901d-d29b-50bc-a72a-50382f83276b,X11
ffdd901d-d29b-50bc-a72a-50382f83276b,X14
ffdd901d-d29b-50bc-a72a-50382f83276b,X15
ffdd901d-d29b-50bc-a72a-50382f83276b,X26
ffdd901d-d29b-50bc-a72a-50382f83276b,X27
ffdd901d-d29b-50bc-a72a-50382f83276b,X56
cc8ade27-f487-5ba3-8d60-fa16c1045a5a,A02
cc8ade27-f487-5ba3-8d60-fa16c1045a5a,A03
cc8ade27-f487-5ba3-8d60-fa16c1045a5a,B00
cc8ade27-f487-5ba3-8d60-fa16c1045a5a,C02
cc8ade27-f487-5ba3-8d60-fa16c1045a5a,D07
cc8ade27-f487-5ba3-8d60-fa16c1045a5a,X02
cc8ade27-f487-5ba3-8d60-fa16c1045a5a,X03
cc8ade27-f487-5ba3-8d60-fa16c1045a5a,X05
cc8ade27-f487-5ba3-8d60-fa16c1045a5a,X06
cc8ade27-f487-5ba3-8d60-fa16c1045a5a,X07
cc8ade27-f487-5ba3-8d60-fa16c1045a5a,X10
cc8ade27-f487-5ba3-8d60-fa16c1045a5a,X11
cc8ade27-f487-5ba3-8d60-fa16c1045a5a,X14
cc8ade27-f487-5ba3-8d60-fa16c1045a5a,X15
cc8ade27-f487-5ba3-8d60-fa16c1045a5a,X26
cc8ade27-f487-5ba3-8d60-fa16c1045a5a,X27
cc8ade27-f487-5ba3-8d60-fa16c1045a5a,X56
1d943a82-c67f-5e3e-abf7-0218a57eebb8,A02
1d943a82-c67f-5e3e-abf7-0218a57eebb8,A03
1d943a82-c67f-5e3e-abf7-0218a57eebb8,B00
1d943a82-c67f-5e3e-abf7-0218a57eebb8,C02
1d943a82-c67f-5e3e-abf7-0218a57eebb8,D07
1d943a82-c67f-5e3e-abf7-0218a57eebb8,X02
1d943a82-c67f-5e3e-abf7-0218a57eebb8,X03
1d943a82-c67f-5e3e-abf7-0218a57eebb8,X05
1d943a82-c67f-5e3e-abf7-0218a57eebb8,X06
1d943a82-c67f-5e3e-abf7-0218a57eebb8,X07
1d943a82-c67f-5e3e-abf7-0218a57eebb8,X10
1d943a82-c67f-5e3e-abf7-0218a57eebb8,X11
1d943a82-c67f-5e3e-abf7-0218a57eebb8,X14
1d943a82-c67f-5e3e-abf7-0218a57eebb8,X15
1d943a82-c67f-5e3e-abf7-0218a57eebb8,X26
1d943a82-c67f-5e3e-abf7-0218a57eebb8,X27
1d943a82-c67f-5e3e-abf7-0218a57eebb8,X56
c5cdb555-5cad-5d25-9fe0-5c5568ebcf10,A02
c5cdb555-5cad-5d25-9fe0-5c5568ebcf10,A03
c5cdb555-5cad-5d25-9fe0-5c5568ebcf10,B00
c5cdb555-5cad-5d25-9fe0-5c5568ebcf10,C02
c5cdb555-5cad-5d25-9fe0-5c5568ebcf10,D07
c5cdb555-5cad-5d25-9fe0-5c5568ebcf10,X02
c5cdb555-5cad-5d25-9fe0-5c5568ebcf10,X03
c5cdb555-5cad-5d25-9fe0-5c5568ebcf10,X05
c5cdb555-5cad-5d25-9fe0-5c5568ebcf10,X06
c5cdb555-5cad-5d25-9fe0-5c5568ebcf10,X07
c5cdb555-5cad-5d25-9fe0-5c5568ebcf10,X10
c5cdb555-5cad-5d25-9fe0-5c5568ebcf10,X11
c5cdb555-5cad-5d25-9fe0-5c5568ebcf10,X14
c5cdb555-5cad-5d25-9fe0-5c5568ebcf10,X15
c5cdb555-5cad-5d25-9fe0-5c5568ebcf10,X26
c5cdb555-5cad-5d25-9fe0-5c5568ebcf10,X27
c5cdb555-5cad-5d25-9fe0-5c5568ebcf10,X56
52c11145-2572-54fb-8472-2788d0f833ac,A02
52c11145-2572-54fb-8472-2788d0f833ac,A03
52c11145-2572-54fb-8472-2788d0f833ac,B00
52c11145-2572-54fb-8472-2788d0f833ac,C02
52c11145-2572-54fb-8472-2788d0f833ac,D07
52c11145-2572-54fb-8472-2788d0f833ac,X02
52c11145-2572-54fb-8472-2788d0f833ac,X03
52c11145-2572-54fb-8472-2788d0f833ac,X05
52c11145-2572-54fb-8472-2788d0f833ac,X06
52c11145-2572-54fb-8472-2788d0f833ac,X07
52c11145-2572-54fb-8472-2788d0f833ac,X10
52c11145-2572-54fb-8472-2788d0f833ac,X11
52c11145-2572-54fb-8472-2788d0f833ac,X14
52c11145-2572-54fb-8472-2788d0f833ac,X15
52c11145-2572-54fb-8472-2788d0f833ac,X26
52c11145-2572-54fb-8472-2788d0f833ac,X27
52c11145-2572-54fb-8472-2788d0f833ac,X56
eb6c94fc-fd9c-5f3c-a433-113da4d6269c,A02
eb6c94fc-fd9c-5f3c-a433-113da4d6269c,A03
eb6c94fc-fd9c-5f3c-a433-113da4d6269c,B00
eb6c94fc-fd9c-5f3c-a433-113da4d6269c,C02
eb6c94fc-fd9c-5f3c-a433-113da4d6269c,D07
eb6c94fc-fd9c-5f3c-a433-113da4d6269c,X02
eb6c94fc-fd9c-5f3c-a433-113da4d6269c,X03
eb6c94fc-fd9c-5f3c-a433-113da4d6269c,X05
eb6c94fc-fd9c-5f3c-a433-113da4d6269c,X06
eb6c94fc-fd9c-5f3c-a433-113da4d6269c,X07
eb6c94fc-fd9c-5f3c-a433-113da4d6269c,X10
eb6c94fc-fd9c-5f3c-a433-113da4d6269c,X11
eb6c94fc-fd9c-5f3c-a433-113da4d6269c,X14
eb6c94fc-fd9c-5f3c-a433-113da4d6269c,X15
eb6c94fc-fd9c-5f3c-a433-113da4d6269c,X26
eb6c94fc-fd9c-5f3c-a433-113da4d6269c,X27
eb6c94fc-fd9c-5f3c-a433-113da4d6269c,X56
a653c3db-f85d-50c0-b57b-7dc7353284fa,A02
a653c3db-f85d-50c0-b57b-7dc7353284fa,A03
a653c3db-f85d-50c0-b57b-7dc7353284fa,B00
a653c3db-f85d-50c0-b57b-7dc7353284fa,C02
a653c3db-f85d-50c0-b57b-7dc7353284fa,D07
a653c3db-f85d-50c0-b57b-7dc7353284fa,X02
a653c3db-f85d-50c0-b57b-7dc7353284fa,X03
a653c3db-f85d-50c0-b57b-7dc7353284fa,X05
a653c3db-f85d-50c0-b57b-7dc7353284fa,X06
a653c3db-f85d-50c0-b57b-7dc7353284fa,X07
a653c3db-f85d-50c0-b57b-7dc7353284fa,X10
a653c3db-f85d-50c0-b57b-7dc7353284fa,X11
a653c3db-f85d-50c0-b57b-7dc7353284fa,X14
a653c3db-f85d-50c0-b57b-7dc7353284fa,X15
a653c3db-f85d-50c0-b57b-7dc7353284fa,X26
a653c3db-f85d-50c0-b57b-7dc7353284fa,X27
a653c3db-f85d-50c0-b57b-7dc7353284fa,X56
4f557594-a2d6-5b5e-895a-770a75118892,A02
4f557594-a2d6-5b5e-895a-770a75118892,A03
4f557594-a2d6-5b5e-895a-770a75118892,B00
4f557594-a2d6-5b5e-895a-770a75118892,C02
4f557594-a2d6-5b5e-895a-770a75118892,D07
4f557594-a2d6-5b5e-895a-770a75118892,X02
4f557594-a2d6-5b5e-895a-770a75118892,X03
4f557594-a2d6-5b5e-895a-770a75118892,X05
4f557594-a2d6-5b5e-895a-770a75118892,X06
4f557594-a2d6-5b5e-895a-770a75118892,X07
4f557594-a2d6-5b5e-895a-770a75118892,X10
4f557594-a2d6-5b5e-895a-770a75118892,X11
4f557594-a2d6-5b5e-895a-770a75118892,X14
4f557594-a2d6-5b5e-895a-770a75118892,X15
4f557594-a2d6-5b5e-895a-770a75118892,X26
4f557594-a2d6-5b5e-895a-770a75118892,X27
4f557594-a2d6-5b5e-895a-770a75118892,X56
a74c63fa-2dd2-51c0-9d60-d88d65e5966d,A02
a74c63fa-2dd2-51c0-9d60-d88d65e5966d,A03
a74c63fa-2dd2-51c0-9d60-d88d65e5966d,B00
a74c63fa-2dd2-51c0-9d60-d88d65e5966d,C02
a74c63fa-2dd2-51c0-9d60-d88d65e5966d,D07
a74c63fa-2dd2-51c0-9d60-d88d65e5966d,X02
a74c63fa-2dd2-51c0-9d60-d88d65e5966d,X03
a74c63fa-2dd2-51c0-9d60-d88d65e5966d,X05
a74c63fa-2dd2-51c0-9d60-d88d65e5966d,X06
a74c63fa-2dd2-51c0-9d60-d88d65e5966d,X07
a74c63fa-2dd2-51c0-9d60-d88d65e5966d,X10
a74c63fa-2dd2-51c0-9d60-d88d65e5966d,X11
a74c63fa-2dd2-51c0-9d60-d88d65e5966d,X14
a74c63fa-2dd2-51c0-9d60-d88d65e5966d,X15
a74c63fa-2dd2-51c0-9d60-d88d65e5966d,X26
a74c63fa-2dd2-51c0-9d60-d88d65e5966d,X27
a74c63fa-2dd2-51c0-9d60-d88d65e5966d,X56
e780a8ae-d68e-5a10-beda-19e361e69a3c,A02
e780a8ae-d68e-5a10-beda-19e361e69a3c,A03
e780a8ae-d68e-5a10-beda-19e361e69a3c,B00
e780a8ae-d68e-5a10-beda-19e361e69a3c,C02
e780a8ae-d68e-5a10-beda-19e361e69a3c,D07
e780a8ae-d68e-5a10-beda-19e361e69a3c,X02
e780a8ae-d68e-5a10-beda-19e361e69a3c,X03
e780a8ae-d68e-5a10-beda-19e361e69a3c,X05
e780a8ae-d68e-5a10-beda-19e361e69a3c,X06
e780a8ae-d68e-5a10-beda-19e361e69a3c,X07
e780a8ae-d68e-5a10-beda-19e361e69a3c,X10
e780a8ae-d68e-5a10-beda-19e361e69a3c,X11
e780a8ae-d68e-5a10-beda-19e361e69a3c,X14
e780a8ae-d68e-5a10-beda-19e361e69a3c,X15
e780a8ae-d68e-5a10-beda-19e361e69a3c,X26
e780a8ae-d68e-5a10-beda-19e361e69a3c,X27
e780a8ae-d68e-5a10-beda-19e361e69a3c,X56
3f54cf88-07b8-59b4-ac84-d65ebf01a450,A02
3f54cf88-07b8-59b4-ac84-d65ebf01a450,A03
3f54cf88-07b8-59b4-ac84-d65ebf01a450,B00
3f54cf88-07b8-59b4-ac84-d65ebf01a450,C02
3f54cf88-07b8-59b4-ac84-d65ebf01a450,D07
3f54cf88-07b8-59b4-ac84-d65ebf01a450,X02
3f54cf88-07b8-59b4-ac84-d65ebf01a450,X03
3f54cf88-07b8-59b4-ac84-d65ebf01a450,X05
3f54cf88-07b8-59b4-ac84-d65ebf01a450,X06
3f54cf88-07b8-59b4-ac84-d65ebf01a450,X07
3f54cf88-07b8-59b4-ac84-d65ebf01a450,X10
3f54cf88-07b8-59b4-ac84-d65ebf01a450,X11
3f54cf88-07b8-59b4-ac84-d65ebf01a450,X14
3f54cf88-07b8-59b4-ac84-d65ebf01a450,X15
3f54cf88-07b8-59b4-ac84-d65ebf01a450,X26
3f54cf88-07b8-59b4-ac84-d65ebf01a450,X27
3f54cf88-07b8-59b4-ac84-d65ebf01a450,X56
483cfff8-c14f-5345-98bc-8f56b9044a83,A02
483cfff8-c14f-5345-98bc-8f56b9044a83,A03
483cfff8-c14f-5345-98bc-8f56b9044a83,B00
483cfff8-c14f-5345-98bc-8f56b9044a83,C02
483cfff8-c14f-5345-98bc-8f56b9044a83,D07
483cfff8-c14f-5345-98bc-8f56b9044a83,X02
483cfff8-c14f-5345-98bc-8f56b9044a83,X03
483cfff8-c14f-5345-98bc-8f56b9044a83,X05
483cfff8-c14f-5345-98bc-8f56b9044a83,X06
483cfff8-c14f-5345-98bc-8f56b9044a83,X07
483cfff8-c14f-5345-98bc-8f56b9044a83,X10
483cfff8-c14f-5345-98bc-8f56b9044a83,X11
483cfff8-c14f-5345-98bc-8f56b9044a83,X14
483cfff8-c14f-5345-98bc-8f56b9044a83,X15
483cfff8-c14f-5345-98bc-8f56b9044a83,X26
483cfff8-c14f-5345-98bc-8f56b9044a83,X27
483cfff8-c14f-5345-98bc-8f56b9044a83,X56
e25a4e0f-7a1e-52db-ad16-4ca973256fbf,A02
e25a4e0f-7a1e-52db-ad16-4ca973256fbf,A03
e25a4e0f-7a1e-52db-ad16-4ca973256fbf,B00
e25a4e0f-7a1e-52db-ad16-4ca973256fbf,C02
e25a4e0f-7a1e-52db-ad16-4ca973256fbf,D07
e25a4e0f-7a1e-52db-ad16-4ca973256fbf,X02
e25a4e0f-7a1e-52db-ad16-4ca973256fbf,X03
e25a4e0f-7a1e-52db-ad16-4ca973256fbf,X05
e25a4e0f-7a1e-52db-ad16-4ca973256fbf,X06
e25a4e0f-7a1e-52db-ad16-4ca973256fbf,X07
e25a4e0f-7a1e-52db-ad16-4ca973256fbf,X10
e25a4e0f-7a1e-52db-ad16-4ca973256fbf,X11
e25a4e0f-7a1e-52db-ad16-4ca973256fbf,X14
e25a4e0f-7a1e-52db-ad16-4ca973256fbf,X15
e25a4e0f-7a1e-52db-ad16-4ca973256fbf,X26
e25a4e0f-7a1e-52db-ad16-4ca973256fbf,X27
e25a4e0f-7a1e-52db-ad16-4ca973256fbf,X56
894820d0-a81a-5281-bb88-d20826e2604a,A03
894820d0-a81a-5281-bb88-d20826e2604a,A04
894820d0-a81a-5281-bb88-d20826e2604a,C03
894820d0-a81a-5281-bb88-d20826e2604a,C04
894820d0-a81a-5281-bb88-d20826e2604a,D07
894820d0-a81a-5281-bb88-d20826e2604a,D09
894820d0-a81a-5281-bb88-d20826e2604a,D10
894820d0-a81a-5281-bb88-d20826e2604a,X01
894820d0-a81a-5281-bb88-d20826e2604a,X02
894820d0-a81a-5281-bb88-d20826e2604a,X03
894820d0-a81a-5281-bb88-d20826e2604a,X05
894820d0-a81a-5281-bb88-d20826e2604a,X06
894820d0-a81a-5281-bb88-d20826e2604a,X07
894820d0-a81a-5281-bb88-d20826e2604a,X25
894820d0-a81a-5281-bb88-d20826e2604a,X26
894820d0-a81a-5281-bb88-d20826e2604a,X27
955cc18a-e21d-51d1-ab03-4e0879ff15c0,A03
955cc18a-e21d-51d1-ab03-4e0879ff15c0,A04
955cc18a-e21d-51d1-ab03-4e0879ff15c0,C03
955cc18a-e21d-51d1-ab03-4e0879ff15c0,C04
955cc18a-e21d-51d1-ab03-4e0879ff15c0,D07
955cc18a-e21d-51d1-ab03-4e0879ff15c0,D09
955cc18a-e21d-51d1-ab03-4e0879ff15c0,D10
955cc18a-e21d-51d1-ab03-4e0879ff15c0,X01
955cc18a-e21d-51d1-ab03-4e0879ff15c0,X02
955cc18a-e21d-51d1-ab03-4e0879ff15c0,X03
955cc18a-e21d-51d1-ab03-4e0879ff15c0,X05
955cc18a-e21d-51d1-ab03-4e0879ff15c0,X06
955cc18a-e21d-51d1-ab03-4e0879ff15c0,X07
955cc18a-e21d-51d1-ab03-4e0879ff15c0,X25
955cc18a-e21d-51d1-ab03-4e0879ff15c0,X26
955cc18a-e21d-51d1-ab03-4e0879ff15c0,X27
28328d4e-0d2e-59b8-bc92-272cfc9a9092,A02
28328d4e-0d2e-59b8-bc92-272cfc9a9092,A03
28328d4e-0d2e-59b8-bc92-272cfc9a9092,C01
28328d4e-0d2e-59b8-bc92-272cfc9a9092,C02
28328d4e-0d2e-59b8-bc92-272cfc9a9092,D01
28328d4e-0d2e-59b8-bc92-272cfc9a9092,X02
28328d4e-0d2e-59b8-bc92-272cfc9a9092,X03
28328d4e-0d2e-59b8-bc92-272cfc9a9092,X05
28328d4e-0d2e-59b8-bc92-272cfc9a9092,X06
28328d4e-0d2e-59b8-bc92-272cfc9a9092,X07
28328d4e-0d2e-59b8-bc92-272cfc9a9092,X10
28328d4e-0d2e-59b8-bc92-272cfc9a9092,X11
28328d4e-0d2e-59b8-bc92-272cfc9a9092,X14
28328d4e-0d2e-59b8-bc92-272cfc9a9092,X15
28328d4e-0d2e-59b8-bc92-272cfc9a9092,X26
28328d4e-0d2e-59b8-bc92-272cfc9a9092,X27
28328d4e-0d2e-59b8-bc92-272cfc9a9092,X56
c78c9635-5372-5980-a501-17b90f0519e2,A02
c78c9635-5372-5980-a501-17b90f0519e2,A03
c78c9635-5372-5980-a501-17b90f0519e2,C01
c78c9635-5372-5980-a501-17b90f0519e2,C02
c78c9635-5372-5980-a501-17b90f0519e2,D01
c78c9635-5372-5980-a501-17b90f0519e2,X02
c78c9635-5372-5980-a501-17b90f0519e2,X03
c78c9635-5372-5980-a501-17b90f0519e2,X05
c78c9635-5372-5980-a501-17b90f0519e2,X06
c78c9635-5372-5980-a501-17b90f0519e2,X07
c78c9635-5372-5980-a501-17b90f0519e2,X10
c78c9635-5372-5980-a501-17b90f0519e2,X11
c78c9635-5372-5980-a501-17b90f0519e2,X14
c78c9635-5372-5980-a501-17b90f0519e2,X15
c78c9635-5372-5980-a501-17b90f0519e2,X26
c78c9635-5372-5980-a501-17b90f0519e2,X27
c78c9635-5372-5980-a501-17b90f0519e2,X56
7ae47bb6-8c92-5ce3-8edd-df1980b221fd,A00
7ae47bb6-8c92-5ce3-8edd-df1980b221fd,A01
7ae47bb6-8c92-5ce3-8edd-df1980b221fd,A02
7ae47bb6-8c92-5ce3-8edd-df1980b221fd,A03
7ae47bb6-8c92-5ce3-8edd-df1980b221fd,B00
7ae47bb6-8c92-5ce3-8edd-df1980b221fd,C01
7ae47bb6-8c92-5ce3-8edd-df1980b221fd,C02
7ae47bb6-8c92-5ce3-8edd-df1980b221fd,D01
7ae47bb6-8c92-5ce3-8edd-df1980b221fd,D07
7ae47bb6-8c92-5ce3-8edd-df1980b221fd,X02
7ae47bb6-8c92-5ce3-8edd-df1980b221fd,X03
7ae47bb6-8c92-5ce3-8edd-df1980b221fd,X05
7ae47bb6-8c92-5ce3-8edd-df1980b221fd,X06
7ae47bb6-8c92-5ce3-8edd-df1980b221fd,X07
7ae47bb6-8c92-5ce3-8edd-df1980b221fd,X10
7ae47bb6-8c92-5ce3-8edd-df1980b221fd,X11
7ae47bb6-8c92-5ce3-8edd-df1980b221fd,X14
7ae47bb6-8c92-5ce3-8edd-df1980b221fd,X15
7ae47bb6-8c92-5ce3-8edd-df1980b221fd,X26
7ae47bb6-8c92-5ce3-8edd-df1980b221fd,X27
7ae47bb6-8c92-5ce3-8edd-df1980b221fd,X56
77510d7d-39dd-5190-8a66-273a1dd9e046,A00
77510d7d-39dd-5190-8a66-273a1dd9e046,A01
77510d7d-39dd-5190-8a66-273a1dd9e046,A02
77510d7d-39dd-5190-8a66-273a1dd9e046,A03
77510d7d-39dd-5190-8a66-273a1dd9e046,B00
77510d7d-39dd-5190-8a66-273a1dd9e046,C01
77510d7d-39dd-5190-8a66-273a1dd9e046,C02
77510d7d-39dd-5190-8a66-273a1dd9e046,D01
77510d7d-39dd-5190-8a66-273a1dd9e046,D07
77510d7d-39dd-5190-8a66-273a1dd9e046,X02
77510d7d-39dd-5190-8a66-273a1dd9e046,X03
77510d7d-39dd-5190-8a66-273a1dd9e046,X05
77510d7d-39dd-5190-8a66-273a1dd9e046,X06
77510d7d-39dd-5190-8a66-273a1dd9e046,X07
77510d7d-39dd-5190-8a66-273a1dd9e046,X10
77510d7d-39dd-5190-8a66-273a1dd9e046,X11
77510d7d-39dd-5190-8a66-273a1dd9e046,X14
77510d7d-39dd-5190-8a66-273a1dd9e046,X15
77510d7d-39dd-5190-8a66-273a1dd9e046,X26
77510d7d-39dd-5190-8a66-273a1dd9e046,X27
77510d7d-39dd-5190-8a66-273a1dd9e046,X56
23f5a888-aafe-5a0a-9042-8fffa9b5a2ae,A00
23f5a888-aafe-5a0a-9042-8fffa9b5a2ae,A01
23f5a888-aafe-5a0a-9042-8fffa9b5a2ae,A02
23f5a888-aafe-5a0a-9042-8fffa9b5a2ae,A03
23f5a888-aafe-5a0a-9042-8fffa9b5a2ae,B00
23f5a888-aafe-5a0a-9042-8fffa9b5a2ae,C01
23f5a888-aafe-5a0a-9042-8fffa9b5a2ae,C02
23f5a888-aafe-5a0a-9042-8fffa9b5a2ae,D01
23f5a888-aafe-5a0a-9042-8fffa9b5a2ae,D07
23f5a888-aafe-5a0a-9042-8fffa9b5a2ae,X02
23f5a888-aafe-5a0a-9042-8fffa9b5a2ae,X03
23f5a888-aafe-5a0a-9042-8fffa9b5a2ae,X05
23f5a888-aafe-5a0a-9042-8fffa9b5a2ae,X06
23f5a888-aafe-5a0a-9042-8fffa9b5a2ae,X07
23f5a888-aafe-5a0a-9042-8fffa9b5a2ae,X10
23f5a888-aafe-5a0a-9042-8fffa9b5a2ae,X11
23f5a888-aafe-5a0a-9042-8fffa9b5a2ae,X14
23f5a888-aafe-5a0a-9042-8fffa9b5a2ae,X15
23f5a888-aafe-5a0a-9042-8fffa9b5a2ae,X26
23f5a888-aafe-5a0a-9042-8fffa9b5a2ae,X27
23f5a888-aafe-5a0a-9042-8fffa9b5a2ae,X56
98b36038-2670-5cd0-a849-6ce2b5e616e6,A00
98b36038-2670-5cd0-a849-6ce2b5e616e6,A01
98b36038-2670-5cd0-a849-6ce2b5e616e6,A02
98b36038-2670-5cd0-a849-6ce2b5e616e6,A03
98b36038-2670-5cd0-a849-6ce2b5e616e6,B00
98b36038-2670-5cd0-a849-6ce2b5e616e6,C01
98b36038-2670-5cd0-a849-6ce2b5e616e6,C02
98b36038-2670-5cd0-a849-6ce2b5e616e6,D01
98b36038-2670-5cd0-a849-6ce2b5e616e6,D07
98b36038-2670-5cd0-a849-6ce2b5e616e6,X02
98b36038-2670-5cd0-a849-6ce2b5e616e6,X03
98b36038-2670-5cd0-a849-6ce2b5e616e6,X05
98b36038-2670-5cd0-a849-6ce2b5e616e6,X06
98b36038-2670-5cd0-a849-6ce2b5e616e6,X07
98b36038-2670-5cd0-a849-6ce2b5e616e6,X10
98b36038-2670-5cd0-a849-6ce2b5e616e6,X11
98b36038-2670-5cd0-a849-6ce2b5e616e6,X14
98b36038-2670-5cd0-a849-6ce2b5e616e6,X15
98b36038-2670-5cd0-a849-6ce2b5e616e6,X26
98b36038-2670-5cd0-a849-6ce2b5e616e6,X27
98b36038-2670-5cd0-a849-6ce2b5e616e6,X56
4ba65fee-7423-528d-9702-c95afd92b34b,A02
4ba65fee-7423-528d-9702-c95afd92b34b,A03
4ba65fee-7423-528d-9702-c95afd92b34b,B00
4ba65fee-7423-528d-9702-c95afd92b34b,C02
4ba65fee-7423-528d-9702-c95afd92b34b,D07
4ba65fee-7423-528d-9702-c95afd92b34b,X02
4ba65fee-7423-528d-9702-c95afd92b34b,X03
4ba65fee-7423-528d-9702-c95afd92b34b,X05
4ba65fee-7423-528d-9702-c95afd92b34b,X06
4ba65fee-7423-528d-9702-c95afd92b34b,X07
4ba65fee-7423-528d-9702-c95afd92b34b,X10
4ba65fee-7423-528d-9702-c95afd92b34b,X11
4ba65fee-7423-528d-9702-c95afd92b34b,X14
4ba65fee-7423-528d-9702-c95afd92b34b,X15
4ba65fee-7423-528d-9702-c95afd92b34b,X26
4ba65fee-7423-528d-9702-c95afd92b34b,X27
4ba65fee-7423-528d-9702-c95afd92b34b,X56
f308bc3b-ed49-5188-88af-c2836ee3e257,A02
f308bc3b-ed49-5188-88af-c2836ee3e257,A03
f308bc3b-ed49-5188-88af-c2836ee3e257,B00
f308bc3b-ed49-5188-88af-c2836ee3e257,C02
f308bc3b-ed49-5188-88af-c2836ee3e257,D07
f308bc3b-ed49-5188-88af-c2836ee3e257,X02
f308bc3b-ed49-5188-88af-c2836ee3e257,X03
f308bc3b-ed49-5188-88af-c2836ee3e257,X05
f308bc3b-ed49-5188-88af-c2836ee3e257,X06
f308bc3b-ed49-5188-88af-c2836ee3e257,X07
f308bc3b-ed49-5188-88af-c2836ee3e257,X10
f308bc3b-ed49-5188-88af-c2836ee3e257,X11
f308bc3b-ed49-5188-88af-c2836ee3e257,X14
f308bc3b-ed49-5188-88af-c2836ee3e257,X15
f308bc3b-ed49-5188-88af-c2836ee3e257,X26
f308bc3b-ed49-5188-88af-c2836ee3e257,X27
f308bc3b-ed49-5188-88af-c2836ee3e257,X56
d3c445d8-ea4c-5cbe-a1f9-a413f7ad5efa,C03
d3c445d8-ea4c-5cbe-a1f9-a413f7ad5efa,C04
d3c445d8-ea4c-5cbe-a1f9-a413f7ad5efa,C07
d3c445d8-ea4c-5cbe-a1f9-a413f7ad5efa,C09
d3c445d8-ea4c-5cbe-a1f9-a413f7ad5efa,D11
d3c445d8-ea4c-5cbe-a1f9-a413f7ad5efa,D14
d3c445d8-ea4c-5cbe-a1f9-a413f7ad5efa,D15
d3c445d8-ea4c-5cbe-a1f9-a413f7ad5efa,X01
d3c445d8-ea4c-5cbe-a1f9-a413f7ad5efa,X70
d3c445d8-ea4c-5cbe-a1f9-a413f7ad5efa,X74
d3c445d8-ea4c-5cbe-a1f9-a413f7ad5efa,X78
d3c445d8-ea4c-5cbe-a1f9-a413f7ad5efa,X79
d3c445d8-ea4c-5cbe-a1f9-a413f7ad5efa,X80
8871f7c5-96aa-54c1-b51a-e48ed1c1ff14,C03
8871f7c5-96aa-54c1-b51a-e48ed1c1ff14,C04
8871f7c5-96aa-54c1-b51a-e48ed1c1ff14,C07
8871f7c5-96aa-54c1-b51a-e48ed1c1ff14,C09
8871f7c5-96aa-54c1-b51a-e48ed1c1ff14,D11
8871f7c5-96aa-54c1-b51a-e48ed1c1ff14,D14
8871f7c5-96aa-54c1-b51a-e48ed1c1ff14,D15
8871f7c5-96aa-54c1-b51a-e48ed1c1ff14,X01
8871f7c5-96aa-54c1-b51a-e48ed1c1ff14,X70
8871f7c5-96aa-54c1-b51a-e48ed1c1ff14,X74
8871f7c5-96aa-54c1-b51a-e48ed1c1ff14,X78
8871f7c5-96aa-54c1-b51a-e48ed1c1ff14,X79
8871f7c5-96aa-54c1-b51a-e48ed1c1ff14,X80
7c232342-431e-5288-851e-ea360fe2a2f4,C00
7c232342-431e-5288-851e-ea360fe2a2f4,C03
7c232342-431e-5288-851e-ea360fe2a2f4,C04
7c232342-431e-5288-851e-ea360fe2a2f4,C07
7c232342-431e-5288-851e-ea360fe2a2f4,C09
7c232342-431e-5288-851e-ea360fe2a2f4,D11
7c232342-431e-5288-851e-ea360fe2a2f4,D14
7c232342-431e-5288-851e-ea360fe2a2f4,D15
7c232342-431e-5288-851e-ea360fe2a2f4,X01
7c232342-431e-5288-851e-ea360fe2a2f4,X70
7c232342-431e-5288-851e-ea360fe2a2f4,X74
7c232342-431e-5288-851e-ea360fe2a2f4,X78
7c232342-431e-5288-851e-ea360fe2a2f4,X79
7c232342-431e-5288-851e-ea360fe2a2f4,X80
c7c7281f-96db-5891-aaee-466d12a7240a,C03
c7c7281f-96db-5891-aaee-466d12a7240a,C04
c7c7281f-96db-5891-aaee-466d12a7240a,C07
c7c7281f-96db-5891-aaee-466d12a7240a,C09
c7c7281f-96db-5891-aaee-466d12a7240a,D11
c7c7281f-96db-5891-aaee-466d12a7240a,D14
c7c7281f-96db-5891-aaee-466d12a7240a,D15
c7c7281f-96db-5891-aaee-466d12a7240a,X01
c7c7281f-96db-5891-aaee-466d12a7240a,X70
c7c7281f-96db-5891-aaee-466d12a7240a,X74
c7c7281f-96db-5891-aaee-466d12a7240a,X78
c7c7281f-96db-5891-aaee-466d12a7240a,X79
c7c7281f-96db-5891-aaee-466d12a7240a,X80
3cdbf242-3827-5cf7-99d8-9e183ead9d71,K00
3cdbf242-3827-5cf7-99d8-9e183ead9d71,K02
37e3041e-d36d-5d60-b41c-c5a140e157db,K00
37e3041e-d36d-5d60-b41c-c5a140e157db,K01
37e3041e-d36d-5d60-b41c-c5a140e157db,K02
e316db51-af9d-5813-abe7-48afa21005a8,K00
e316db51-af9d-5813-abe7-48afa21005a8,K01
e316db51-af9d-5813-abe7-48afa21005a8,K02
1823f28a-a3b3-50ac-97cb-fa89f0122742,K00
1823f28a-a3b3-50ac-97cb-fa89f0122742,K01
1823f28a-a3b3-50ac-97cb-fa89f0122742,K02
ef6b5901-3706-519a-9c77-b0cf30c60243,K00
ef6b5901-3706-519a-9c77-b0cf30c60243,K01
ef6b5901-3706-519a-9c77-b0cf30c60243,K02
8e30af4c-2a43-5362-9162-444013a7eeb8,K00
8e30af4c-2a43-5362-9162-444013a7eeb8,K01
8e30af4c-2a43-5362-9162-444013a7eeb8,K02
4fe4dc00-374b-54a8-8ac2-a73e09129814,K00
4fe4dc00-374b-54a8-8ac2-a73e09129814,K01
4fe4dc00-374b-54a8-8ac2-a73e09129814,K02
39e22826-ee35-5293-b840-eba4d9d35b82,K00
39e22826-ee35-5293-b840-eba4d9d35b82,K01
39e22826-ee35-5293-b840-eba4d9d35b82,K02
8b7d2b04-750f-58e7-b99a-765c253a332f,K00
8b7d2b04-750f-58e7-b99a-765c253a332f,K01
8b7d2b04-750f-58e7-b99a-765c253a332f,K02
9e28590a-89ef-5e7e-b96d-6cd75194550d,K00
9e28590a-89ef-5e7e-b96d-6cd75194550d,K01
9e28590a-89ef-5e7e-b96d-6cd75194550d,K02
dc94c2b2-02b1-51d2-9482-0c64e0c18c27,K00
dc94c2b2-02b1-51d2-9482-0c64e0c18c27,K01
dc94c2b2-02b1-51d2-9482-0c64e0c18c27,K02
76a0fc80-cb46-5659-b64a-fcef9536d1c0,K00
76a0fc80-cb46-5659-b64a-fcef9536d1c0,K01
76a0fc80-cb46-5659-b64a-fcef9536d1c0,K02
1b46d591-0398-53e7-b7d6-3da7b961b0d9,K00
1b46d591-0398-53e7-b7d6-3da7b961b0d9,K01
1b46d591-0398-53e7-b7d6-3da7b961b0d9,K02
6eb69e63-1c8f-5fce-8323-b80e74fdac44,K00
6eb69e63-1c8f-5fce-8323-b80e74fdac44,K01
6eb69e63-1c8f-5fce-8323-b80e74fdac44,K02
a054c727-474c-5c91-9451-5a1ae8ff3fbc,K00
a054c727-474c-5c91-9451-5a1ae8ff3fbc,K01
a054c727-474c-5c91-9451-5a1ae8ff3fbc,K02
57ed8acb-0941-5cc0-a8f9-da28d680e5a1,K00
57ed8acb-0941-5cc0-a8f9-da28d680e5a1,K01
57ed8acb-0941-5cc0-a8f9-da28d680e5a1,K02
a6d50730-ceea-5bae-9c2e-690b233c5b8d,K00
a6d50730-ceea-5bae-9c2e-690b233c5b8d,K01
619933e8-c21a-5b9d-9340-c546ea00b7e1,K00
619933e8-c21a-5b9d-9340-c546ea00b7e1,K01
619933e8-c21a-5b9d-9340-c546ea00b7e1,K02
af279776-4c39-5624-a8d8-171148c448eb,K00
af279776-4c39-5624-a8d8-171148c448eb,K01
af279776-4c39-5624-a8d8-171148c448eb,K02
c60242f7-aebd-5c81-a98b-02414a03a3bb,K00
c60242f7-aebd-5c81-a98b-02414a03a3bb,K01
c60242f7-aebd-5c81-a98b-02414a03a3bb,K02
5f9957df-b5f2-5cb4-864f-a5c21da23a3d,D01
18b60c15-059b-58dd-93c5-665fa172c017,D01
18b60c15-059b-58dd-93c5-665fa172c017,D04
7f8deb76-5ce7-57ca-bada-f87719b8c4d8,D01
7f8deb76-5ce7-57ca-bada-f87719b8c4d8,D06
89b87bbd-a0df-503c-bf66-4bd86986beb5,D01
ea880270-711a-5b11-8d8c-16db48e1f1ca,A00
ea880270-711a-5b11-8d8c-16db48e1f1ca,A01
ea880270-711a-5b11-8d8c-16db48e1f1ca,D01
ea880270-711a-5b11-8d8c-16db48e1f1ca,D03
2ddbff9f-75d9-5fe9-acc7-49b7751e1383,C00
2ddbff9f-75d9-5fe9-acc7-49b7751e1383,D01
2ddbff9f-75d9-5fe9-acc7-49b7751e1383,D03
2ddbff9f-75d9-5fe9-acc7-49b7751e1383,D04
f93079c4-f170-54ba-991e-4a417f5c7c0f,A00
f93079c4-f170-54ba-991e-4a417f5c7c0f,A01
f93079c4-f170-54ba-991e-4a417f5c7c0f,C00
f93079c4-f170-54ba-991e-4a417f5c7c0f,D01
f93079c4-f170-54ba-991e-4a417f5c7c0f,D03
f93079c4-f170-54ba-991e-4a417f5c7c0f,D04
9a48aea7-7acb-5d77-adc7-8013f42e3663,A00
9a48aea7-7acb-5d77-adc7-8013f42e3663,A01
9a48aea7-7acb-5d77-adc7-8013f42e3663,D01
9a48aea7-7acb-5d77-adc7-8013f42e3663,D03
68b9c64b-5885-5294-86b7-b072c805c2b8,A00
68b9c64b-5885-5294-86b7-b072c805c2b8,A01
68b9c64b-5885-5294-86b7-b072c805c2b8,D01
68b9c64b-5885-5294-86b7-b072c805c2b8,D03
739bbe63-80da-5e29-8c84-35ee037d573a,A00
739bbe63-80da-5e29-8c84-35ee037d573a,A01
739bbe63-80da-5e29-8c84-35ee037d573a,D01
739bbe63-80da-5e29-8c84-35ee037d573a,D03
522f7c29-b304-59f9-82ed-2f62d3c4ef21,A00
522f7c29-b304-59f9-82ed-2f62d3c4ef21,A01
522f7c29-b304-59f9-82ed-2f62d3c4ef21,D01
522f7c29-b304-59f9-82ed-2f62d3c4ef21,D03
8e137ddc-88a8-5ca6-919e-7e65447f70e4,A00
8e137ddc-88a8-5ca6-919e-7e65447f70e4,C00
8e137ddc-88a8-5ca6-919e-7e65447f70e4,D01
8e137ddc-88a8-5ca6-919e-7e65447f70e4,D03
0d9687d0-9945-56b1-982b-81b776c2f9d4,A00
0d9687d0-9945-56b1-982b-81b776c2f9d4,A01
ff9c9a91-e000-5f5f-9a97-d00213699243,A00
ff9c9a91-e000-5f5f-9a97-d00213699243,A01
84ab7529-0a73-5785-9885-1e83d3fb26f8,A00
84ab7529-0a73-5785-9885-1e83d3fb26f8,A01
be3e88ae-b051-5bf6-be8c-51fbf6daae5f,A00
be3e88ae-b051-5bf6-be8c-51fbf6daae5f,A01
c278a481-b33e-53f1-8fa8-d5a42c3f2c4a,A00
c278a481-b33e-53f1-8fa8-d5a42c3f2c4a,A01
7228e9e1-102f-5ae7-8bdc-5150415ef8e8,A00
7228e9e1-102f-5ae7-8bdc-5150415ef8e8,A01
7228e9e1-102f-5ae7-8bdc-5150415ef8e8,D01
7228e9e1-102f-5ae7-8bdc-5150415ef8e8,D03
fd23d85b-b8a4-583d-b0a1-8a7696be6d24,B00
e96ea07f-eafe-5aa9-b53f-ddc8cbffb8d7,B00
bb3c3a03-0e33-5270-bea9-82fe9333a0fd,C00
bb3c3a03-0e33-5270-bea9-82fe9333a0fd,D01
bb3c3a03-0e33-5270-bea9-82fe9333a0fd,D03
bb3c3a03-0e33-5270-bea9-82fe9333a0fd,D04
034c0cfc-620c-532f-9c3b-4264c165e5cc,A00
034c0cfc-620c-532f-9c3b-4264c165e5cc,A01
034c0cfc-620c-532f-9c3b-4264c165e5cc,D01
034c0cfc-620c-532f-9c3b-4264c165e5cc,D03
034c0cfc-620c-532f-9c3b-4264c165e5cc,D04
29755a20-e649-5cda-a3e9-1e27dbdae6e0,A00
29755a20-e649-5cda-a3e9-1e27dbdae6e0,A01
29755a20-e649-5cda-a3e9-1e27dbdae6e0,D01
29755a20-e649-5cda-a3e9-1e27dbdae6e0,D03
cdd6f2d4-007f-5ce2-9562-1ef28a16ec6c,A00
cdd6f2d4-007f-5ce2-9562-1ef28a16ec6c,A01
cdd6f2d4-007f-5ce2-9562-1ef28a16ec6c,D01
cdd6f2d4-007f-5ce2-9562-1ef28a16ec6c,D03
cdd6f2d4-007f-5ce2-9562-1ef28a16ec6c,D04
5f9957df-b5f2-5cb4-864f-a5c21da23a3d,H00
5f9957df-b5f2-5cb4-864f-a5c21da23a3d,H01
5f9957df-b5f2-5cb4-864f-a5c21da23a3d,H04
5f9957df-b5f2-5cb4-864f-a5c21da23a3d,V00
5f9957df-b5f2-5cb4-864f-a5c21da23a3d,D78
5f9957df-b5f2-5cb4-864f-a5c21da23a3d,D96
18b60c15-059b-58dd-93c5-665fa172c017,D78
18b60c15-059b-58dd-93c5-665fa172c017,D96
7f8deb76-5ce7-57ca-bada-f87719b8c4d8,D78
7f8deb76-5ce7-57ca-bada-f87719b8c4d8,D96
89b87bbd-a0df-503c-bf66-4bd86986beb5,D78
89b87bbd-a0df-503c-bf66-4bd86986beb5,D96
ea880270-711a-5b11-8d8c-16db48e1f1ca,D90
2ddbff9f-75d9-5fe9-acc7-49b7751e1383,D14
2ddbff9f-75d9-5fe9-acc7-49b7751e1383,D15
9a48aea7-7acb-5d77-adc7-8013f42e3663,D90
68b9c64b-5885-5294-86b7-b072c805c2b8,D90
7ec8c4e7-2009-51a1-a150-f71f64172418,A00
7ec8c4e7-2009-51a1-a150-f71f64172418,A01
7ec8c4e7-2009-51a1-a150-f71f64172418,D01
7ec8c4e7-2009-51a1-a150-f71f64172418,D90
739bbe63-80da-5e29-8c84-35ee037d573a,D90
522f7c29-b304-59f9-82ed-2f62d3c4ef21,D90
8e137ddc-88a8-5ca6-919e-7e65447f70e4,A01
7228e9e1-102f-5ae7-8bdc-5150415ef8e8,D90
034c0cfc-620c-532f-9c3b-4264c165e5cc,C00
cdd6f2d4-007f-5ce2-9562-1ef28a16ec6c,C00
1b04610e-7c7f-5902-8b2b-d83faaf70715,H00
1b04610e-7c7f-5902-8b2b-d83faaf70715,H01
1b04610e-7c7f-5902-8b2b-d83faaf70715,H04
1b04610e-7c7f-5902-8b2b-d83faaf70715,V00
5f9957df-b5f2-5cb4-864f-a5c21da23a3d,D90
18b60c15-059b-58dd-93c5-665fa172c017,D90
7f8deb76-5ce7-57ca-bada-f87719b8c4d8,D90
89b87bbd-a0df-503c-bf66-4bd86986beb5,D90
ea880270-711a-5b11-8d8c-16db48e1f1ca,D07
9a48aea7-7acb-5d77-adc7-8013f42e3663,D07
68b9c64b-5885-5294-86b7-b072c805c2b8,D07
7ec8c4e7-2009-51a1-a150-f71f64172418,D07
739bbe63-80da-5e29-8c84-35ee037d573a,D07
522f7c29-b304-59f9-82ed-2f62d3c4ef21,D07
7228e9e1-102f-5ae7-8bdc-5150415ef8e8,D07
034c0cfc-620c-532f-9c3b-4264c165e5cc,D07
cdd6f2d4-007f-5ce2-9562-1ef28a16ec6c,D07
5f9957df-b5f2-5cb4-864f-a5c21da23a3d,D14
5f9957df-b5f2-5cb4-864f-a5c21da23a3d,D15
18b60c15-059b-58dd-93c5-665fa172c017,D14
18b60c15-059b-58dd-93c5-665fa172c017,D15
7f8deb76-5ce7-57ca-bada-f87719b8c4d8,D14
7f8deb76-5ce7-57ca-bada-f87719b8c4d8,D15
89b87bbd-a0df-503c-bf66-4bd86986beb5,D14
89b87bbd-a0df-503c-bf66-4bd86986beb5,D15
ea880270-711a-5b11-8d8c-16db48e1f1ca,X01
ea880270-711a-5b11-8d8c-16db48e1f1ca,X25
2ddbff9f-75d9-5fe9-acc7-49b7751e1383,C03
2ddbff9f-75d9-5fe9-acc7-49b7751e1383,C04
f93079c4-f170-54ba-991e-4a417f5c7c0f,C03
f93079c4-f170-54ba-991e-4a417f5c7c0f,C04
f93079c4-f170-54ba-991e-4a417f5c7c0f,D14
f93079c4-f170-54ba-991e-4a417f5c7c0f,D15
9a48aea7-7acb-5d77-adc7-8013f42e3663,X01
9a48aea7-7acb-5d77-adc7-8013f42e3663,X25
68b9c64b-5885-5294-86b7-b072c805c2b8,X01
68b9c64b-5885-5294-86b7-b072c805c2b8,X25
7ec8c4e7-2009-51a1-a150-f71f64172418,X01
7ec8c4e7-2009-51a1-a150-f71f64172418,X25
739bbe63-80da-5e29-8c84-35ee037d573a,X01
739bbe63-80da-5e29-8c84-35ee037d573a,X25
522f7c29-b304-59f9-82ed-2f62d3c4ef21,X01
522f7c29-b304-59f9-82ed-2f62d3c4ef21,X25
8e137ddc-88a8-5ca6-919e-7e65447f70e4,X70
8e137ddc-88a8-5ca6-919e-7e65447f70e4,X74
8e137ddc-88a8-5ca6-919e-7e65447f70e4,X01
8e137ddc-88a8-5ca6-919e-7e65447f70e4,X78
0d9687d0-9945-56b1-982b-81b776c2f9d4,X06
0d9687d0-9945-56b1-982b-81b776c2f9d4,X26
0d9687d0-9945-56b1-982b-81b776c2f9d4,D01
0d9687d0-9945-56b1-982b-81b776c2f9d4,D07
ff9c9a91-e000-5f5f-9a97-d00213699243,X06
ff9c9a91-e000-5f5f-9a97-d00213699243,X26
ff9c9a91-e000-5f5f-9a97-d00213699243,D01
ff9c9a91-e000-5f5f-9a97-d00213699243,D07
84ab7529-0a73-5785-9885-1e83d3fb26f8,X06
84ab7529-0a73-5785-9885-1e83d3fb26f8,X26
84ab7529-0a73-5785-9885-1e83d3fb26f8,D01
84ab7529-0a73-5785-9885-1e83d3fb26f8,D07
be3e88ae-b051-5bf6-be8c-51fbf6daae5f,X06
be3e88ae-b051-5bf6-be8c-51fbf6daae5f,X26
be3e88ae-b051-5bf6-be8c-51fbf6daae5f,D01
be3e88ae-b051-5bf6-be8c-51fbf6daae5f,D07
c278a481-b33e-53f1-8fa8-d5a42c3f2c4a,X06
c278a481-b33e-53f1-8fa8-d5a42c3f2c4a,X26
c278a481-b33e-53f1-8fa8-d5a42c3f2c4a,D01
c278a481-b33e-53f1-8fa8-d5a42c3f2c4a,D07
7228e9e1-102f-5ae7-8bdc-5150415ef8e8,X01
7228e9e1-102f-5ae7-8bdc-5150415ef8e8,X25
fd23d85b-b8a4-583d-b0a1-8a7696be6d24,B08
fd23d85b-b8a4-583d-b0a1-8a7696be6d24,D07
fd23d85b-b8a4-583d-b0a1-8a7696be6d24,A00
fd23d85b-b8a4-583d-b0a1-8a7696be6d24,B03
fd23d85b-b8a4-583d-b0a1-8a7696be6d24,C02
034c0cfc-620c-532f-9c3b-4264c165e5cc,A07
034c0cfc-620c-532f-9c3b-4264c165e5cc,D09
034c0cfc-620c-532f-9c3b-4264c165e5cc,D10
cdd6f2d4-007f-5ce2-9562-1ef28a16ec6c,A07
cdd6f2d4-007f-5ce2-9562-1ef28a16ec6c,D09
cdd6f2d4-007f-5ce2-9562-1ef28a16ec6c,D10
5f9957df-b5f2-5cb4-864f-a5c21da23a3d,Q00
18b60c15-059b-58dd-93c5-665fa172c017,Q00
7f8deb76-5ce7-57ca-bada-f87719b8c4d8,Q00
89b87bbd-a0df-503c-bf66-4bd86986beb5,Q00
ea880270-711a-5b11-8d8c-16db48e1f1ca,Q00
2ddbff9f-75d9-5fe9-acc7-49b7751e1383,Q00
f93079c4-f170-54ba-991e-4a417f5c7c0f,Q00
9a48aea7-7acb-5d77-adc7-8013f42e3663,Q00
68b9c64b-5885-5294-86b7-b072c805c2b8,Q00
7ec8c4e7-2009-51a1-a150-f71f64172418,Q00
739bbe63-80da-5e29-8c84-35ee037d573a,Q00
522f7c29-b304-59f9-82ed-2f62d3c4ef21,Q00
8e137ddc-88a8-5ca6-919e-7e65447f70e4,Q00
0d9687d0-9945-56b1-982b-81b776c2f9d4,Q00
ff9c9a91-e000-5f5f-9a97-d00213699243,Q00
84ab7529-0a73-5785-9885-1e83d3fb26f8,Q00
be3e88ae-b051-5bf6-be8c-51fbf6daae5f,Q00
c278a481-b33e-53f1-8fa8-d5a42c3f2c4a,Q00
7228e9e1-102f-5ae7-8bdc-5150415ef8e8,Q00
034c0cfc-620c-532f-9c3b-4264c165e5cc,Q00
cdd6f2d4-007f-5ce2-9562-1ef28a16ec6c,Q00
5f9957df-b5f2-5cb4-864f-a5c21da23a3d,K00
18b60c15-059b-58dd-93c5-665fa172c017,K00
7f8deb76-5ce7-57ca-bada-f87719b8c4d8,K00
89b87bbd-a0df-503c-bf66-4bd86986beb5,K00
ea880270-711a-5b11-8d8c-16db48e1f1ca,K00
2ddbff9f-75d9-5fe9-acc7-49b7751e1383,K00
f93079c4-f170-54ba-991e-4a417f5c7c0f,K00
9a48aea7-7acb-5d77-adc7-8013f42e3663,K00
68b9c64b-5885-5294-86b7-b072c805c2b8,K00
7ec8c4e7-2009-51a1-a150-f71f64172418,K00
739bbe63-80da-5e29-8c84-35ee037d573a,K00
522f7c29-b304-59f9-82ed-2f62d3c4ef21,K00
8e137ddc-88a8-5ca6-919e-7e65447f70e4,K00
0d9687d0-9945-56b1-982b-81b776c2f9d4,K00
ff9c9a91-e000-5f5f-9a97-d00213699243,K00
84ab7529-0a73-5785-9885-1e83d3fb26f8,K00
be3e88ae-b051-5bf6-be8c-51fbf6daae5f,K00
c278a481-b33e-53f1-8fa8-d5a42c3f2c4a,K00
7228e9e1-102f-5ae7-8bdc-5150415ef8e8,K00
034c0cfc-620c-532f-9c3b-4264c165e5cc,K00
cdd6f2d4-007f-5ce2-9562-1ef28a16ec6c,K00
759061ef-b387-5148-bdc5-74c41ca82f78,N00
1b04610e-7c7f-5902-8b2b-d83faaf70715,H06
1b04610e-7c7f-5902-8b2b-d83faaf70715,H07
9ba13e59-e8ff-58b0-8a69-0fc07e97b628,A01
9ba13e59-e8ff-58b0-8a69-0fc07e97b628,D01
9ba13e59-e8ff-58b0-8a69-0fc07e97b628,A00
9ba13e59-e8ff-58b0-8a69-0fc07e97b628,C00
61e5bb54-28a8-586d-8127-7216b82de667,A01
61e5bb54-28a8-586d-8127-7216b82de667,C00
61e5bb54-28a8-586d-8127-7216b82de667,D01
61e5bb54-28a8-586d-8127-7216b82de667,A00
b9e722e6-4022-57a8-be25-48a025664e90,C00
b9e722e6-4022-57a8-be25-48a025664e90,D01
b9e722e6-4022-57a8-be25-48a025664e90,A00
b9e722e6-4022-57a8-be25-48a025664e90,A01
dfca7c6c-1d4e-53a3-8387-a9ad1d8c3c2c,A00
dfca7c6c-1d4e-53a3-8387-a9ad1d8c3c2c,A01
dfca7c6c-1d4e-53a3-8387-a9ad1d8c3c2c,C00
dfca7c6c-1d4e-53a3-8387-a9ad1d8c3c2c,D01
baf98c49-39e3-56e2-8df0-3caae5012a4c,C00
baf98c49-39e3-56e2-8df0-3caae5012a4c,D01
baf98c49-39e3-56e2-8df0-3caae5012a4c,A00
baf98c49-39e3-56e2-8df0-3caae5012a4c,A01
67dbdc73-5309-5e9e-8351-a152e97e0a5d,A00
67dbdc73-5309-5e9e-8351-a152e97e0a5d,A01
67dbdc73-5309-5e9e-8351-a152e97e0a5d,C00
67dbdc73-5309-5e9e-8351-a152e97e0a5d,D01
7bee8a5a-623a-5a93-af22-386a374a0fa8,A00
7bee8a5a-623a-5a93-af22-386a374a0fa8,A01
7bee8a5a-623a-5a93-af22-386a374a0fa8,C00
7bee8a5a-623a-5a93-af22-386a374a0fa8,D01
61e5bb54-28a8-586d-8127-7216b82de667,D07
61e5bb54-28a8-586d-8127-7216b82de667,C01
61e5bb54-28a8-586d-8127-7216b82de667,C02
61e5bb54-28a8-586d-8127-7216b82de667,C03
61e5bb54-28a8-586d-8127-7216b82de667,C04
61e5bb54-28a8-586d-8127-7216b82de667,D09
61e5bb54-28a8-586d-8127-7216b82de667,D14
61e5bb54-28a8-586d-8127-7216b82de667,D15
b9e722e6-4022-57a8-be25-48a025664e90,D09
b9e722e6-4022-57a8-be25-48a025664e90,D14
b9e722e6-4022-57a8-be25-48a025664e90,D15
b9e722e6-4022-57a8-be25-48a025664e90,D07
b9e722e6-4022-57a8-be25-48a025664e90,C01
b9e722e6-4022-57a8-be25-48a025664e90,C02
b9e722e6-4022-57a8-be25-48a025664e90,C03
b9e722e6-4022-57a8-be25-48a025664e90,C04
dfca7c6c-1d4e-53a3-8387-a9ad1d8c3c2c,C01
dfca7c6c-1d4e-53a3-8387-a9ad1d8c3c2c,C02
dfca7c6c-1d4e-53a3-8387-a9ad1d8c3c2c,C03
dfca7c6c-1d4e-53a3-8387-a9ad1d8c3c2c,C04
dfca7c6c-1d4e-53a3-8387-a9ad1d8c3c2c,D09
dfca7c6c-1d4e-53a3-8387-a9ad1d8c3c2c,D14
dfca7c6c-1d4e-53a3-8387-a9ad1d8c3c2c,D15
dfca7c6c-1d4e-53a3-8387-a9ad1d8c3c2c,D07
baf98c49-39e3-56e2-8df0-3caae5012a4c,D09
baf98c49-39e3-56e2-8df0-3caae5012a4c,D14
baf98c49-39e3-56e2-8df0-3caae5012a4c,D15
baf98c49-39e3-56e2-8df0-3caae5012a4c,D07
baf98c49-39e3-56e2-8df0-3caae5012a4c,C01
baf98c49-39e3-56e2-8df0-3caae5012a4c,C02
baf98c49-39e3-56e2-8df0-3caae5012a4c,C03
baf98c49-39e3-56e2-8df0-3caae5012a4c,C04
67dbdc73-5309-5e9e-8351-a152e97e0a5d,C01
67dbdc73-5309-5e9e-8351-a152e97e0a5d,C02
67dbdc73-5309-5e9e-8351-a152e97e0a5d,C03
67dbdc73-5309-5e9e-8351-a152e97e0a5d,C04
67dbdc73-5309-5e9e-8351-a152e97e0a5d,D09
67dbdc73-5309-5e9e-8351-a152e97e0a5d,D14
67dbdc73-5309-5e9e-8351-a152e97e0a5d,D15
67dbdc73-5309-5e9e-8351-a152e97e0a5d,D07
7bee8a5a-623a-5a93-af22-386a374a0fa8,D09
7bee8a5a-623a-5a93-af22-386a374a0fa8,D14
7bee8a5a-623a-5a93-af22-386a374a0fa8,D15
7bee8a5a-623a-5a93-af22-386a374a0fa8,D07
7bee8a5a-623a-5a93-af22-386a374a0fa8,C01
7bee8a5a-623a-5a93-af22-386a374a0fa8,C02
7bee8a5a-623a-5a93-af22-386a374a0fa8,C03
7bee8a5a-623a-5a93-af22-386a374a0fa8,C04
61e5bb54-28a8-586d-8127-7216b82de667,Q00
b9e722e6-4022-57a8-be25-48a025664e90,Q00
dfca7c6c-1d4e-53a3-8387-a9ad1d8c3c2c,Q00
baf98c49-39e3-56e2-8df0-3caae5012a4c,Q00
67dbdc73-5309-5e9e-8351-a152e97e0a5d,Q00
7bee8a5a-623a-5a93-af22-386a374a0fa8,Q00
f3666d5a-8e5a-5d35-9e49-18b3c9dea6fe,A00
f3666d5a-8e5a-5d35-9e49-18b3c9dea6fe,A01
f3666d5a-8e5a-5d35-9e49-18b3c9dea6fe,B00
f3666d5a-8e5a-5d35-9e49-18b3c9dea6fe,D07
9bf86c6b-afd7-5e4b-9861-b072bc1aab2e,B00
9bf86c6b-afd7-5e4b-9861-b072bc1aab2e,B08
9bf86c6b-afd7-5e4b-9861-b072bc1aab2e,D01
9bf86c6b-afd7-5e4b-9861-b072bc1aab2e,D07
53e180d4-a917-5f74-8e9c-575efc668455,A01
53e180d4-a917-5f74-8e9c-575efc668455,B00
53e180d4-a917-5f74-8e9c-575efc668455,B08
53e180d4-a917-5f74-8e9c-575efc668455,D07
08d97b08-4f14-5d24-a9e7-7ffbc136dbfe,A00
08d97b08-4f14-5d24-a9e7-7ffbc136dbfe,A01
08d97b08-4f14-5d24-a9e7-7ffbc136dbfe,B00
08d97b08-4f14-5d24-a9e7-7ffbc136dbfe,D01
ffc7156f-86e7-5dc5-8461-b6e9ab94304a,B00
ffc7156f-86e7-5dc5-8461-b6e9ab94304a,B08
ffc7156f-86e7-5dc5-8461-b6e9ab94304a,D01
ffc7156f-86e7-5dc5-8461-b6e9ab94304a,D13
297a2b15-b8b3-50a8-a5ef-67743a3b99fd,B00
297a2b15-b8b3-50a8-a5ef-67743a3b99fd,C00
297a2b15-b8b3-50a8-a5ef-67743a3b99fd,D01
297a2b15-b8b3-50a8-a5ef-67743a3b99fd,D66
c223c930-cced-50f5-b92d-9d38aa162bc8,A00
c223c930-cced-50f5-b92d-9d38aa162bc8,A01
c223c930-cced-50f5-b92d-9d38aa162bc8,B00
c223c930-cced-50f5-b92d-9d38aa162bc8,D01
a7609784-5b3d-554c-ae1b-22f31783f074,A00
a7609784-5b3d-554c-ae1b-22f31783f074,A01
a7609784-5b3d-554c-ae1b-22f31783f074,B00
a7609784-5b3d-554c-ae1b-22f31783f074,D01
f3666d5a-8e5a-5d35-9e49-18b3c9dea6fe,D01
a7609784-5b3d-554c-ae1b-22f31783f074,D07
a7609784-5b3d-554c-ae1b-22f31783f074,X26
9bf86c6b-afd7-5e4b-9861-b072bc1aab2e,B03
9bf86c6b-afd7-5e4b-9861-b072bc1aab2e,C02
53e180d4-a917-5f74-8e9c-575efc668455,A00
53e180d4-a917-5f74-8e9c-575efc668455,D01
08d97b08-4f14-5d24-a9e7-7ffbc136dbfe,B08
08d97b08-4f14-5d24-a9e7-7ffbc136dbfe,C01
ffc7156f-86e7-5dc5-8461-b6e9ab94304a,B03
ffc7156f-86e7-5dc5-8461-b6e9ab94304a,C02
297a2b15-b8b3-50a8-a5ef-67743a3b99fd,C20
297a2b15-b8b3-50a8-a5ef-67743a3b99fd,D14
297a2b15-b8b3-50a8-a5ef-67743a3b99fd,D15
297a2b15-b8b3-50a8-a5ef-67743a3b99fd,X74
297a2b15-b8b3-50a8-a5ef-67743a3b99fd,X78
89db5547-d0b7-5ec8-8a5b-c9fdc3d8ed9d,C00
89db5547-d0b7-5ec8-8a5b-c9fdc3d8ed9d,D01
89db5547-d0b7-5ec8-8a5b-c9fdc3d8ed9d,D14
89db5547-d0b7-5ec8-8a5b-c9fdc3d8ed9d,D78
584e055a-1d60-5140-8a42-d0bc899fc956,D01
584e055a-1d60-5140-8a42-d0bc899fc956,D72
584e055a-1d60-5140-8a42-d0bc899fc956,D78
584e055a-1d60-5140-8a42-d0bc899fc956,D96
08f9bdff-a202-53f1-a362-70fc7310c74e,D01
08f9bdff-a202-53f1-a362-70fc7310c74e,D72
08f9bdff-a202-53f1-a362-70fc7310c74e,D78
08f9bdff-a202-53f1-a362-70fc7310c74e,D96
2a2e0811-95a7-5ff0-972e-a380cad50f8e,C00
2a2e0811-95a7-5ff0-972e-a380cad50f8e,D01
2a2e0811-95a7-5ff0-972e-a380cad50f8e,D14
2a2e0811-95a7-5ff0-972e-a380cad50f8e,D78
506f0aab-0a93-505d-b707-162f2c13df79,D01
506f0aab-0a93-505d-b707-162f2c13df79,D14
506f0aab-0a93-505d-b707-162f2c13df79,D15
506f0aab-0a93-505d-b707-162f2c13df79,D78
9a9ec3e1-eb53-57b2-b8a9-eb440ebd36c6,A01
9a9ec3e1-eb53-57b2-b8a9-eb440ebd36c6,D01
9a9ec3e1-eb53-57b2-b8a9-eb440ebd36c6,D07
9a9ec3e1-eb53-57b2-b8a9-eb440ebd36c6,D90
e3e1786c-a750-59cd-96e4-0b4013ff40f0,A01
e3e1786c-a750-59cd-96e4-0b4013ff40f0,D01
e3e1786c-a750-59cd-96e4-0b4013ff40f0,D07
e3e1786c-a750-59cd-96e4-0b4013ff40f0,D90
091c36bf-cea6-5a91-a0e3-b1f287ed7fca,D01
091c36bf-cea6-5a91-a0e3-b1f287ed7fca,D14
091c36bf-cea6-5a91-a0e3-b1f287ed7fca,D15
091c36bf-cea6-5a91-a0e3-b1f287ed7fca,D78
e60eb269-666b-5e93-9744-40fda45cc73b,D01
e60eb269-666b-5e93-9744-40fda45cc73b,D14
e60eb269-666b-5e93-9744-40fda45cc73b,D15
e60eb269-666b-5e93-9744-40fda45cc73b,D78
63f03773-aab8-5d68-820c-482543292439,D01
63f03773-aab8-5d68-820c-482543292439,D14
63f03773-aab8-5d68-820c-482543292439,D15
63f03773-aab8-5d68-820c-482543292439,D78
a80e8574-d7ca-50aa-b601-c039d455b6b1,D01
a80e8574-d7ca-50aa-b601-c039d455b6b1,D14
a80e8574-d7ca-50aa-b601-c039d455b6b1,D15
a80e8574-d7ca-50aa-b601-c039d455b6b1,D78
d19707f1-1122-59af-9dba-c177a51d3d0b,C00
d19707f1-1122-59af-9dba-c177a51d3d0b,D01
d19707f1-1122-59af-9dba-c177a51d3d0b,D66
d19707f1-1122-59af-9dba-c177a51d3d0b,D78
a22969c8-a1e1-58b7-bdfb-9a7743225f93,C00
a22969c8-a1e1-58b7-bdfb-9a7743225f93,D01
a22969c8-a1e1-58b7-bdfb-9a7743225f93,D15
a22969c8-a1e1-58b7-bdfb-9a7743225f93,D78
fc2f7bab-8c6b-581e-a6e1-deefbaaa0e62,A00
fc2f7bab-8c6b-581e-a6e1-deefbaaa0e62,D01
fc2f7bab-8c6b-581e-a6e1-deefbaaa0e62,D90
fc2f7bab-8c6b-581e-a6e1-deefbaaa0e62,D96
ae54a810-7c42-59c2-831d-cedfad1a4b3c,A00
ae54a810-7c42-59c2-831d-cedfad1a4b3c,D01
ae54a810-7c42-59c2-831d-cedfad1a4b3c,D90
ae54a810-7c42-59c2-831d-cedfad1a4b3c,D96
f8358bd8-6421-5a1e-a687-cc54cd48b5e5,C00
f8358bd8-6421-5a1e-a687-cc54cd48b5e5,D01
f8358bd8-6421-5a1e-a687-cc54cd48b5e5,D66
f8358bd8-6421-5a1e-a687-cc54cd48b5e5,D78
46f61962-35fa-537c-859e-b802fe5e91ae,A00
46f61962-35fa-537c-859e-b802fe5e91ae,A01
46f61962-35fa-537c-859e-b802fe5e91ae,D01
46f61962-35fa-537c-859e-b802fe5e91ae,D90
a7f8d29c-d499-53eb-84e4-d35e2f17645e,A00
a7f8d29c-d499-53eb-84e4-d35e2f17645e,A01
a7f8d29c-d499-53eb-84e4-d35e2f17645e,D01
a7f8d29c-d499-53eb-84e4-d35e2f17645e,D90
b3e3bac7-ab5e-57a2-9306-29acd2817d06,A00
b3e3bac7-ab5e-57a2-9306-29acd2817d06,D01
b3e3bac7-ab5e-57a2-9306-29acd2817d06,D90
b3e3bac7-ab5e-57a2-9306-29acd2817d06,D96
bd7b7a90-6536-54ac-8939-7717aae00328,C00
bd7b7a90-6536-54ac-8939-7717aae00328,D01
bd7b7a90-6536-54ac-8939-7717aae00328,D14
bd7b7a90-6536-54ac-8939-7717aae00328,D78
9db5bbeb-2b0e-550e-baea-84eec84fc8d1,C00
9db5bbeb-2b0e-550e-baea-84eec84fc8d1,D01
9db5bbeb-2b0e-550e-baea-84eec84fc8d1,D15
9db5bbeb-2b0e-550e-baea-84eec84fc8d1,D78
1d98c1f4-8d6e-51a5-9ecb-aa062e7e7caa,C00
1d98c1f4-8d6e-51a5-9ecb-aa062e7e7caa,D01
1d98c1f4-8d6e-51a5-9ecb-aa062e7e7caa,D15
1d98c1f4-8d6e-51a5-9ecb-aa062e7e7caa,D78
584e055a-1d60-5140-8a42-d0bc899fc956,D90
506f0aab-0a93-505d-b707-162f2c13df79,D96
dd878608-7a1b-5ccc-80f7-dd514e64b48a,T05
dd878608-7a1b-5ccc-80f7-dd514e64b48a,T08
dd878608-7a1b-5ccc-80f7-dd514e64b48a,T09
dd878608-7a1b-5ccc-80f7-dd514e64b48a,T10
9a9ec3e1-eb53-57b2-b8a9-eb440ebd36c6,A00
e3e1786c-a750-59cd-96e4-0b4013ff40f0,D72
e60eb269-666b-5e93-9744-40fda45cc73b,C00
e60eb269-666b-5e93-9744-40fda45cc73b,D96
a22969c8-a1e1-58b7-bdfb-9a7743225f93,D14
26e06a8c-ee89-5113-8fcf-1836b7e53821,A00
26e06a8c-ee89-5113-8fcf-1836b7e53821,A01
26e06a8c-ee89-5113-8fcf-1836b7e53821,D01
26e06a8c-ee89-5113-8fcf-1836b7e53821,D90
9db5bbeb-2b0e-550e-baea-84eec84fc8d1,D14
1d98c1f4-8d6e-51a5-9ecb-aa062e7e7caa,D14
506f0aab-0a93-505d-b707-162f2c13df79,D66
506f0aab-0a93-505d-b707-162f2c13df79,D84
dd878608-7a1b-5ccc-80f7-dd514e64b48a,A00
dd878608-7a1b-5ccc-80f7-dd514e64b48a,A01
dd878608-7a1b-5ccc-80f7-dd514e64b48a,D01
dd878608-7a1b-5ccc-80f7-dd514e64b48a,D07
e3e1786c-a750-59cd-96e4-0b4013ff40f0,D11
e60eb269-666b-5e93-9744-40fda45cc73b,D09
98992add-f1fb-5f67-86ad-28dbde40a835,C00
98992add-f1fb-5f67-86ad-28dbde40a835,D01
98992add-f1fb-5f67-86ad-28dbde40a835,D14
98992add-f1fb-5f67-86ad-28dbde40a835,D78
5cd0135e-0484-5611-99cd-c15616be706a,C00
5cd0135e-0484-5611-99cd-c15616be706a,D14
5cd0135e-0484-5611-99cd-c15616be706a,D15
5cd0135e-0484-5611-99cd-c15616be706a,D78
f5232d08-81a3-5dc1-8462-df85b284b453,C00
f5232d08-81a3-5dc1-8462-df85b284b453,D70
f5232d08-81a3-5dc1-8462-df85b284b453,D72
f5232d08-81a3-5dc1-8462-df85b284b453,D96
fc2f7bab-8c6b-581e-a6e1-deefbaaa0e62,C00
272faa34-b082-52da-83de-699db599bc25,A00
272faa34-b082-52da-83de-699db599bc25,A01
272faa34-b082-52da-83de-699db599bc25,D01
272faa34-b082-52da-83de-699db599bc25,D96
ae54a810-7c42-59c2-831d-cedfad1a4b3c,C00
46f61962-35fa-537c-859e-b802fe5e91ae,D07
a7f8d29c-d499-53eb-84e4-d35e2f17645e,D07
26e06a8c-ee89-5113-8fcf-1836b7e53821,D07
b3e3bac7-ab5e-57a2-9306-29acd2817d06,C00
2571cbaa-478a-51fe-bf69-9a768d2ef00c,A00
2571cbaa-478a-51fe-bf69-9a768d2ef00c,A01
2571cbaa-478a-51fe-bf69-9a768d2ef00c,D01
2571cbaa-478a-51fe-bf69-9a768d2ef00c,D07
5cd0135e-0484-5611-99cd-c15616be706a,C20
5cd0135e-0484-5611-99cd-c15616be706a,D01
f5232d08-81a3-5dc1-8462-df85b284b453,D01
f5232d08-81a3-5dc1-8462-df85b284b453,D14
a22969c8-a1e1-58b7-bdfb-9a7743225f93,A00
a22969c8-a1e1-58b7-bdfb-9a7743225f93,D96
89db5547-d0b7-5ec8-8a5b-c9fdc3d8ed9d,D04
89db5547-d0b7-5ec8-8a5b-c9fdc3d8ed9d,D15
89db5547-d0b7-5ec8-8a5b-c9fdc3d8ed9d,D45
89db5547-d0b7-5ec8-8a5b-c9fdc3d8ed9d,D65
89db5547-d0b7-5ec8-8a5b-c9fdc3d8ed9d,D66
89db5547-d0b7-5ec8-8a5b-c9fdc3d8ed9d,D71
89db5547-d0b7-5ec8-8a5b-c9fdc3d8ed9d,X78
89db5547-d0b7-5ec8-8a5b-c9fdc3d8ed9d,X90
584e055a-1d60-5140-8a42-d0bc899fc956,C03
584e055a-1d60-5140-8a42-d0bc899fc956,C04
584e055a-1d60-5140-8a42-d0bc899fc956,C14
584e055a-1d60-5140-8a42-d0bc899fc956,D04
584e055a-1d60-5140-8a42-d0bc899fc956,X01
08f9bdff-a202-53f1-a362-70fc7310c74e,C03
08f9bdff-a202-53f1-a362-70fc7310c74e,C04
08f9bdff-a202-53f1-a362-70fc7310c74e,C14
08f9bdff-a202-53f1-a362-70fc7310c74e,D04
08f9bdff-a202-53f1-a362-70fc7310c74e,X01
2a2e0811-95a7-5ff0-972e-a380cad50f8e,D04
2a2e0811-95a7-5ff0-972e-a380cad50f8e,D15
2a2e0811-95a7-5ff0-972e-a380cad50f8e,D45
2a2e0811-95a7-5ff0-972e-a380cad50f8e,D65
2a2e0811-95a7-5ff0-972e-a380cad50f8e,D66
2a2e0811-95a7-5ff0-972e-a380cad50f8e,D71
2a2e0811-95a7-5ff0-972e-a380cad50f8e,X78
2a2e0811-95a7-5ff0-972e-a380cad50f8e,X90
506f0aab-0a93-505d-b707-162f2c13df79,C14
506f0aab-0a93-505d-b707-162f2c13df79,C16
506f0aab-0a93-505d-b707-162f2c13df79,C19
506f0aab-0a93-505d-b707-162f2c13df79,C20
506f0aab-0a93-505d-b707-162f2c13df79,X01
506f0aab-0a93-505d-b707-162f2c13df79,X58
506f0aab-0a93-505d-b707-162f2c13df79,X70
506f0aab-0a93-505d-b707-162f2c13df79,X74
506f0aab-0a93-505d-b707-162f2c13df79,C00
dd878608-7a1b-5ccc-80f7-dd514e64b48a,T00
dd878608-7a1b-5ccc-80f7-dd514e64b48a,T01
dd878608-7a1b-5ccc-80f7-dd514e64b48a,T02
dd878608-7a1b-5ccc-80f7-dd514e64b48a,T11
9a9ec3e1-eb53-57b2-b8a9-eb440ebd36c6,A02
9a9ec3e1-eb53-57b2-b8a9-eb440ebd36c6,C01
9a9ec3e1-eb53-57b2-b8a9-eb440ebd36c6,D30
fd775fc9-adde-5db2-b906-91e9f94134a5,A00
fd775fc9-adde-5db2-b906-91e9f94134a5,A01
fd775fc9-adde-5db2-b906-91e9f94134a5,A02
fd775fc9-adde-5db2-b906-91e9f94134a5,C01
fd775fc9-adde-5db2-b906-91e9f94134a5,D30
e3e1786c-a750-59cd-96e4-0b4013ff40f0,A00
e3e1786c-a750-59cd-96e4-0b4013ff40f0,A02
e3e1786c-a750-59cd-96e4-0b4013ff40f0,C01
e3e1786c-a750-59cd-96e4-0b4013ff40f0,D30
091c36bf-cea6-5a91-a0e3-b1f287ed7fca,C03
091c36bf-cea6-5a91-a0e3-b1f287ed7fca,C04
091c36bf-cea6-5a91-a0e3-b1f287ed7fca,C14
091c36bf-cea6-5a91-a0e3-b1f287ed7fca,D04
091c36bf-cea6-5a91-a0e3-b1f287ed7fca,X01
091c36bf-cea6-5a91-a0e3-b1f287ed7fca,C00
e60eb269-666b-5e93-9744-40fda45cc73b,C03
e60eb269-666b-5e93-9744-40fda45cc73b,C19
e60eb269-666b-5e93-9744-40fda45cc73b,D40
e60eb269-666b-5e93-9744-40fda45cc73b,X70
d4fbc047-d718-5c2a-985f-d8cf95ba8f1f,D01
d4fbc047-d718-5c2a-985f-d8cf95ba8f1f,D04
d4fbc047-d718-5c2a-985f-d8cf95ba8f1f,D14
d4fbc047-d718-5c2a-985f-d8cf95ba8f1f,D15
d4fbc047-d718-5c2a-985f-d8cf95ba8f1f,D45
d4fbc047-d718-5c2a-985f-d8cf95ba8f1f,D65
d4fbc047-d718-5c2a-985f-d8cf95ba8f1f,D66
d4fbc047-d718-5c2a-985f-d8cf95ba8f1f,D71
d4fbc047-d718-5c2a-985f-d8cf95ba8f1f,X78
d4fbc047-d718-5c2a-985f-d8cf95ba8f1f,X90
63f03773-aab8-5d68-820c-482543292439,D04
63f03773-aab8-5d68-820c-482543292439,D45
63f03773-aab8-5d68-820c-482543292439,D65
63f03773-aab8-5d68-820c-482543292439,D66
63f03773-aab8-5d68-820c-482543292439,D71
63f03773-aab8-5d68-820c-482543292439,X78
63f03773-aab8-5d68-820c-482543292439,X90
a80e8574-d7ca-50aa-b601-c039d455b6b1,D04
a80e8574-d7ca-50aa-b601-c039d455b6b1,D45
a80e8574-d7ca-50aa-b601-c039d455b6b1,D65
a80e8574-d7ca-50aa-b601-c039d455b6b1,D66
a80e8574-d7ca-50aa-b601-c039d455b6b1,D71
a80e8574-d7ca-50aa-b601-c039d455b6b1,X78
a80e8574-d7ca-50aa-b601-c039d455b6b1,X90
98992add-f1fb-5f67-86ad-28dbde40a835,C03
98992add-f1fb-5f67-86ad-28dbde40a835,C04
98992add-f1fb-5f67-86ad-28dbde40a835,D04
98992add-f1fb-5f67-86ad-28dbde40a835,D65
5cd0135e-0484-5611-99cd-c15616be706a,C03
5cd0135e-0484-5611-99cd-c15616be706a,C19
5cd0135e-0484-5611-99cd-c15616be706a,D65
5cd0135e-0484-5611-99cd-c15616be706a,X70
ea78b1e0-c69b-5f68-a9e7-5ff4c8130181,D01
ea78b1e0-c69b-5f68-a9e7-5ff4c8130181,D04
ea78b1e0-c69b-5f68-a9e7-5ff4c8130181,D07
ea78b1e0-c69b-5f68-a9e7-5ff4c8130181,D08
ea78b1e0-c69b-5f68-a9e7-5ff4c8130181,D11
ea78b1e0-c69b-5f68-a9e7-5ff4c8130181,D25
ea78b1e0-c69b-5f68-a9e7-5ff4c8130181,D35
ea78b1e0-c69b-5f68-a9e7-5ff4c8130181,D55
d19707f1-1122-59af-9dba-c177a51d3d0b,D04
d19707f1-1122-59af-9dba-c177a51d3d0b,D14
d19707f1-1122-59af-9dba-c177a51d3d0b,D15
d19707f1-1122-59af-9dba-c177a51d3d0b,D45
d19707f1-1122-59af-9dba-c177a51d3d0b,D65
d19707f1-1122-59af-9dba-c177a51d3d0b,D71
d19707f1-1122-59af-9dba-c177a51d3d0b,X78
d19707f1-1122-59af-9dba-c177a51d3d0b,X90
f5232d08-81a3-5dc1-8462-df85b284b453,D04
f5232d08-81a3-5dc1-8462-df85b284b453,D15
f5232d08-81a3-5dc1-8462-df85b284b453,D45
f5232d08-81a3-5dc1-8462-df85b284b453,D65
f5232d08-81a3-5dc1-8462-df85b284b453,D66
f5232d08-81a3-5dc1-8462-df85b284b453,D71
f5232d08-81a3-5dc1-8462-df85b284b453,X78
f5232d08-81a3-5dc1-8462-df85b284b453,X90
a22969c8-a1e1-58b7-bdfb-9a7743225f93,C03
a22969c8-a1e1-58b7-bdfb-9a7743225f93,C19
a22969c8-a1e1-58b7-bdfb-9a7743225f93,D65
a22969c8-a1e1-58b7-bdfb-9a7743225f93,X70
fc2f7bab-8c6b-581e-a6e1-deefbaaa0e62,D04
fc2f7bab-8c6b-581e-a6e1-deefbaaa0e62,D07
fc2f7bab-8c6b-581e-a6e1-deefbaaa0e62,D08
fc2f7bab-8c6b-581e-a6e1-deefbaaa0e62,D11
fc2f7bab-8c6b-581e-a6e1-deefbaaa0e62,D25
fc2f7bab-8c6b-581e-a6e1-deefbaaa0e62,D35
fc2f7bab-8c6b-581e-a6e1-deefbaaa0e62,D55
272faa34-b082-52da-83de-699db599bc25,D04
272faa34-b082-52da-83de-699db599bc25,D07
272faa34-b082-52da-83de-699db599bc25,D08
272faa34-b082-52da-83de-699db599bc25,D11
272faa34-b082-52da-83de-699db599bc25,D25
272faa34-b082-52da-83de-699db599bc25,D35
272faa34-b082-52da-83de-699db599bc25,D55
ae54a810-7c42-59c2-831d-cedfad1a4b3c,D04
ae54a810-7c42-59c2-831d-cedfad1a4b3c,D14
ae54a810-7c42-59c2-831d-cedfad1a4b3c,D15
ae54a810-7c42-59c2-831d-cedfad1a4b3c,D45
ae54a810-7c42-59c2-831d-cedfad1a4b3c,D65
ae54a810-7c42-59c2-831d-cedfad1a4b3c,D66
ae54a810-7c42-59c2-831d-cedfad1a4b3c,D71
ae54a810-7c42-59c2-831d-cedfad1a4b3c,X78
ae54a810-7c42-59c2-831d-cedfad1a4b3c,X90
f8358bd8-6421-5a1e-a687-cc54cd48b5e5,D04
f8358bd8-6421-5a1e-a687-cc54cd48b5e5,D14
f8358bd8-6421-5a1e-a687-cc54cd48b5e5,D15
f8358bd8-6421-5a1e-a687-cc54cd48b5e5,D45
f8358bd8-6421-5a1e-a687-cc54cd48b5e5,D65
f8358bd8-6421-5a1e-a687-cc54cd48b5e5,D71
f8358bd8-6421-5a1e-a687-cc54cd48b5e5,X78
f8358bd8-6421-5a1e-a687-cc54cd48b5e5,X90
46f61962-35fa-537c-859e-b802fe5e91ae,A02
46f61962-35fa-537c-859e-b802fe5e91ae,C01
46f61962-35fa-537c-859e-b802fe5e91ae,D30
a7f8d29c-d499-53eb-84e4-d35e2f17645e,A02
a7f8d29c-d499-53eb-84e4-d35e2f17645e,C01
a7f8d29c-d499-53eb-84e4-d35e2f17645e,D30
26e06a8c-ee89-5113-8fcf-1836b7e53821,C01
26e06a8c-ee89-5113-8fcf-1836b7e53821,C02
26e06a8c-ee89-5113-8fcf-1836b7e53821,C04
26e06a8c-ee89-5113-8fcf-1836b7e53821,D04
b3e3bac7-ab5e-57a2-9306-29acd2817d06,A01
b3e3bac7-ab5e-57a2-9306-29acd2817d06,D04
b3e3bac7-ab5e-57a2-9306-29acd2817d06,D07
b3e3bac7-ab5e-57a2-9306-29acd2817d06,D08
b3e3bac7-ab5e-57a2-9306-29acd2817d06,D25
b3e3bac7-ab5e-57a2-9306-29acd2817d06,D30
b3e3bac7-ab5e-57a2-9306-29acd2817d06,D35
bd7b7a90-6536-54ac-8939-7717aae00328,D04
bd7b7a90-6536-54ac-8939-7717aae00328,D15
bd7b7a90-6536-54ac-8939-7717aae00328,D45
bd7b7a90-6536-54ac-8939-7717aae00328,D65
bd7b7a90-6536-54ac-8939-7717aae00328,D66
bd7b7a90-6536-54ac-8939-7717aae00328,D71
bd7b7a90-6536-54ac-8939-7717aae00328,X78
bd7b7a90-6536-54ac-8939-7717aae00328,X90
9db5bbeb-2b0e-550e-baea-84eec84fc8d1,D04
9db5bbeb-2b0e-550e-baea-84eec84fc8d1,D45
9db5bbeb-2b0e-550e-baea-84eec84fc8d1,D65
9db5bbeb-2b0e-550e-baea-84eec84fc8d1,D66
9db5bbeb-2b0e-550e-baea-84eec84fc8d1,D71
9db5bbeb-2b0e-550e-baea-84eec84fc8d1,X78
9db5bbeb-2b0e-550e-baea-84eec84fc8d1,X90
1d98c1f4-8d6e-51a5-9ecb-aa062e7e7caa,D04
1d98c1f4-8d6e-51a5-9ecb-aa062e7e7caa,D45
1d98c1f4-8d6e-51a5-9ecb-aa062e7e7caa,D65
1d98c1f4-8d6e-51a5-9ecb-aa062e7e7caa,D66
1d98c1f4-8d6e-51a5-9ecb-aa062e7e7caa,D71
1d98c1f4-8d6e-51a5-9ecb-aa062e7e7caa,X78
1d98c1f4-8d6e-51a5-9ecb-aa062e7e7caa,X90
bd7b7a90-6536-54ac-8939-7717aae00328,D69
a0f0084a-e601-5755-8176-7fe79c5345fb,C00
a0f0084a-e601-5755-8176-7fe79c5345fb,C19
a0f0084a-e601-5755-8176-7fe79c5345fb,C20
a0f0084a-e601-5755-8176-7fe79c5345fb,D01
b6f50845-c971-5fc8-832f-1ff1e279b9df,C00
b6f50845-c971-5fc8-832f-1ff1e279b9df,C19
b6f50845-c971-5fc8-832f-1ff1e279b9df,C20
b6f50845-c971-5fc8-832f-1ff1e279b9df,D01
8e7677c9-c133-5cc4-9b38-6d406f7ac661,C00
8e7677c9-c133-5cc4-9b38-6d406f7ac661,C19
8e7677c9-c133-5cc4-9b38-6d406f7ac661,C20
8e7677c9-c133-5cc4-9b38-6d406f7ac661,D01
e03b6ef7-0e57-5a24-b439-a056ef41569b,A00
e03b6ef7-0e57-5a24-b439-a056ef41569b,A01
e03b6ef7-0e57-5a24-b439-a056ef41569b,C01
e03b6ef7-0e57-5a24-b439-a056ef41569b,D01
ec861f43-3d4e-52be-963c-8f9ae1fd6062,A00
ec861f43-3d4e-52be-963c-8f9ae1fd6062,A01
ec861f43-3d4e-52be-963c-8f9ae1fd6062,C01
ec861f43-3d4e-52be-963c-8f9ae1fd6062,D01
93db06fd-e78d-5320-9d39-513e65f74ff3,A00
93db06fd-e78d-5320-9d39-513e65f74ff3,A01
93db06fd-e78d-5320-9d39-513e65f74ff3,C01
93db06fd-e78d-5320-9d39-513e65f74ff3,D01
275bfe8f-364e-573b-96c0-89d0f2414034,A00
275bfe8f-364e-573b-96c0-89d0f2414034,A01
275bfe8f-364e-573b-96c0-89d0f2414034,C01
275bfe8f-364e-573b-96c0-89d0f2414034,D01
4e6de523-01c3-5775-abde-4c204769dc4d,A00
4e6de523-01c3-5775-abde-4c204769dc4d,A01
4e6de523-01c3-5775-abde-4c204769dc4d,C01
4e6de523-01c3-5775-abde-4c204769dc4d,D01
a0f0084a-e601-5755-8176-7fe79c5345fb,A07
a0f0084a-e601-5755-8176-7fe79c5345fb,A08
a0f0084a-e601-5755-8176-7fe79c5345fb,A09
a0f0084a-e601-5755-8176-7fe79c5345fb,C03
a0f0084a-e601-5755-8176-7fe79c5345fb,C04
a0f0084a-e601-5755-8176-7fe79c5345fb,C14
a0f0084a-e601-5755-8176-7fe79c5345fb,D10
a0f0084a-e601-5755-8176-7fe79c5345fb,D13
a0f0084a-e601-5755-8176-7fe79c5345fb,D14
a0f0084a-e601-5755-8176-7fe79c5345fb,D84
f9a05d1d-0be4-50b3-a222-1e57a50d4252,A07
f9a05d1d-0be4-50b3-a222-1e57a50d4252,A08
f9a05d1d-0be4-50b3-a222-1e57a50d4252,A09
f9a05d1d-0be4-50b3-a222-1e57a50d4252,C00
f9a05d1d-0be4-50b3-a222-1e57a50d4252,C03
f9a05d1d-0be4-50b3-a222-1e57a50d4252,C04
f9a05d1d-0be4-50b3-a222-1e57a50d4252,C14
f9a05d1d-0be4-50b3-a222-1e57a50d4252,C19
f9a05d1d-0be4-50b3-a222-1e57a50d4252,C20
f9a05d1d-0be4-50b3-a222-1e57a50d4252,D01
f9a05d1d-0be4-50b3-a222-1e57a50d4252,D10
f9a05d1d-0be4-50b3-a222-1e57a50d4252,D13
f9a05d1d-0be4-50b3-a222-1e57a50d4252,D14
f9a05d1d-0be4-50b3-a222-1e57a50d4252,D84
b6f50845-c971-5fc8-832f-1ff1e279b9df,A07
b6f50845-c971-5fc8-832f-1ff1e279b9df,A08
b6f50845-c971-5fc8-832f-1ff1e279b9df,A09
b6f50845-c971-5fc8-832f-1ff1e279b9df,C03
b6f50845-c971-5fc8-832f-1ff1e279b9df,C04
b6f50845-c971-5fc8-832f-1ff1e279b9df,C14
b6f50845-c971-5fc8-832f-1ff1e279b9df,D10
b6f50845-c971-5fc8-832f-1ff1e279b9df,D13
b6f50845-c971-5fc8-832f-1ff1e279b9df,D14
b6f50845-c971-5fc8-832f-1ff1e279b9df,D84
871b4790-ea16-5b64-9c29-664aba85539f,A07
871b4790-ea16-5b64-9c29-664aba85539f,A08
871b4790-ea16-5b64-9c29-664aba85539f,A09
871b4790-ea16-5b64-9c29-664aba85539f,C00
871b4790-ea16-5b64-9c29-664aba85539f,C03
871b4790-ea16-5b64-9c29-664aba85539f,C04
871b4790-ea16-5b64-9c29-664aba85539f,C14
871b4790-ea16-5b64-9c29-664aba85539f,C19
871b4790-ea16-5b64-9c29-664aba85539f,C20
871b4790-ea16-5b64-9c29-664aba85539f,D01
871b4790-ea16-5b64-9c29-664aba85539f,D10
871b4790-ea16-5b64-9c29-664aba85539f,D13
871b4790-ea16-5b64-9c29-664aba85539f,D14
871b4790-ea16-5b64-9c29-664aba85539f,D84
8e7677c9-c133-5cc4-9b38-6d406f7ac661,A07
8e7677c9-c133-5cc4-9b38-6d406f7ac661,A08
8e7677c9-c133-5cc4-9b38-6d406f7ac661,A09
8e7677c9-c133-5cc4-9b38-6d406f7ac661,C03
8e7677c9-c133-5cc4-9b38-6d406f7ac661,C04
8e7677c9-c133-5cc4-9b38-6d406f7ac661,C14
8e7677c9-c133-5cc4-9b38-6d406f7ac661,D10
8e7677c9-c133-5cc4-9b38-6d406f7ac661,D13
8e7677c9-c133-5cc4-9b38-6d406f7ac661,D14
8e7677c9-c133-5cc4-9b38-6d406f7ac661,D84
ab81165a-de8f-5066-9257-d86b3ac0f8ee,A07
ab81165a-de8f-5066-9257-d86b3ac0f8ee,A08
ab81165a-de8f-5066-9257-d86b3ac0f8ee,A09
ab81165a-de8f-5066-9257-d86b3ac0f8ee,C00
ab81165a-de8f-5066-9257-d86b3ac0f8ee,C03
ab81165a-de8f-5066-9257-d86b3ac0f8ee,C04
ab81165a-de8f-5066-9257-d86b3ac0f8ee,C14
ab81165a-de8f-5066-9257-d86b3ac0f8ee,C19
ab81165a-de8f-5066-9257-d86b3ac0f8ee,C20
ab81165a-de8f-5066-9257-d86b3ac0f8ee,D01
ab81165a-de8f-5066-9257-d86b3ac0f8ee,D10
ab81165a-de8f-5066-9257-d86b3ac0f8ee,D13
ab81165a-de8f-5066-9257-d86b3ac0f8ee,D14
ab81165a-de8f-5066-9257-d86b3ac0f8ee,D84
a33c79ca-a0d4-5da2-a048-ab771e9fa123,A00
a33c79ca-a0d4-5da2-a048-ab771e9fa123,A01
a33c79ca-a0d4-5da2-a048-ab771e9fa123,A03
a33c79ca-a0d4-5da2-a048-ab771e9fa123,A04
a33c79ca-a0d4-5da2-a048-ab771e9fa123,A07
a33c79ca-a0d4-5da2-a048-ab771e9fa123,A08
a33c79ca-a0d4-5da2-a048-ab771e9fa123,A09
a33c79ca-a0d4-5da2-a048-ab771e9fa123,A10
a33c79ca-a0d4-5da2-a048-ab771e9fa123,C01
a33c79ca-a0d4-5da2-a048-ab771e9fa123,C03
a33c79ca-a0d4-5da2-a048-ab771e9fa123,C04
a33c79ca-a0d4-5da2-a048-ab771e9fa123,C14
a33c79ca-a0d4-5da2-a048-ab771e9fa123,D01
a33c79ca-a0d4-5da2-a048-ab771e9fa123,D84
e03b6ef7-0e57-5a24-b439-a056ef41569b,A03
e03b6ef7-0e57-5a24-b439-a056ef41569b,A04
e03b6ef7-0e57-5a24-b439-a056ef41569b,A07
e03b6ef7-0e57-5a24-b439-a056ef41569b,A08
e03b6ef7-0e57-5a24-b439-a056ef41569b,A09
e03b6ef7-0e57-5a24-b439-a056ef41569b,A10
e03b6ef7-0e57-5a24-b439-a056ef41569b,C03
e03b6ef7-0e57-5a24-b439-a056ef41569b,C04
e03b6ef7-0e57-5a24-b439-a056ef41569b,C14
e03b6ef7-0e57-5a24-b439-a056ef41569b,D84
ec861f43-3d4e-52be-963c-8f9ae1fd6062,A03
ec861f43-3d4e-52be-963c-8f9ae1fd6062,A04
ec861f43-3d4e-52be-963c-8f9ae1fd6062,A07
ec861f43-3d4e-52be-963c-8f9ae1fd6062,A08
ec861f43-3d4e-52be-963c-8f9ae1fd6062,A09
ec861f43-3d4e-52be-963c-8f9ae1fd6062,A10
ec861f43-3d4e-52be-963c-8f9ae1fd6062,C03
ec861f43-3d4e-52be-963c-8f9ae1fd6062,C04
ec861f43-3d4e-52be-963c-8f9ae1fd6062,C14
ec861f43-3d4e-52be-963c-8f9ae1fd6062,D84
93db06fd-e78d-5320-9d39-513e65f74ff3,A03
93db06fd-e78d-5320-9d39-513e65f74ff3,A04
93db06fd-e78d-5320-9d39-513e65f74ff3,A07
93db06fd-e78d-5320-9d39-513e65f74ff3,A08
93db06fd-e78d-5320-9d39-513e65f74ff3,A09
93db06fd-e78d-5320-9d39-513e65f74ff3,A10
93db06fd-e78d-5320-9d39-513e65f74ff3,C03
93db06fd-e78d-5320-9d39-513e65f74ff3,C04
93db06fd-e78d-5320-9d39-513e65f74ff3,C14
93db06fd-e78d-5320-9d39-513e65f74ff3,D84
275bfe8f-364e-573b-96c0-89d0f2414034,A03
275bfe8f-364e-573b-96c0-89d0f2414034,A04
275bfe8f-364e-573b-96c0-89d0f2414034,A07
275bfe8f-364e-573b-96c0-89d0f2414034,A08
275bfe8f-364e-573b-96c0-89d0f2414034,A09
275bfe8f-364e-573b-96c0-89d0f2414034,A10
275bfe8f-364e-573b-96c0-89d0f2414034,C03
275bfe8f-364e-573b-96c0-89d0f2414034,C04
275bfe8f-364e-573b-96c0-89d0f2414034,C14
275bfe8f-364e-573b-96c0-89d0f2414034,D84
4e6de523-01c3-5775-abde-4c204769dc4d,A03
4e6de523-01c3-5775-abde-4c204769dc4d,A04
4e6de523-01c3-5775-abde-4c204769dc4d,A07
4e6de523-01c3-5775-abde-4c204769dc4d,A08
4e6de523-01c3-5775-abde-4c204769dc4d,A09
4e6de523-01c3-5775-abde-4c204769dc4d,A10
4e6de523-01c3-5775-abde-4c204769dc4d,C03
4e6de523-01c3-5775-abde-4c204769dc4d,C04
4e6de523-01c3-5775-abde-4c204769dc4d,C14
4e6de523-01c3-5775-abde-4c204769dc4d,D84
303452fd-ff32-5df2-aa1f-78069410725b,A00
303452fd-ff32-5df2-aa1f-78069410725b,A01
303452fd-ff32-5df2-aa1f-78069410725b,A03
303452fd-ff32-5df2-aa1f-78069410725b,A04
303452fd-ff32-5df2-aa1f-78069410725b,A07
303452fd-ff32-5df2-aa1f-78069410725b,A08
303452fd-ff32-5df2-aa1f-78069410725b,A09
303452fd-ff32-5df2-aa1f-78069410725b,A10
303452fd-ff32-5df2-aa1f-78069410725b,C01
303452fd-ff32-5df2-aa1f-78069410725b,C03
303452fd-ff32-5df2-aa1f-78069410725b,C04
303452fd-ff32-5df2-aa1f-78069410725b,C14
303452fd-ff32-5df2-aa1f-78069410725b,D01
303452fd-ff32-5df2-aa1f-78069410725b,D84
f57f8e27-2f49-5750-a9a5-ac9e17ccceac,H00
f57f8e27-2f49-5750-a9a5-ac9e17ccceac,H01
f57f8e27-2f49-5750-a9a5-ac9e17ccceac,H06
f57f8e27-2f49-5750-a9a5-ac9e17ccceac,H08
43a5bbe7-ba01-583f-b210-1f30a2d315b0,H00
43a5bbe7-ba01-583f-b210-1f30a2d315b0,H01
43a5bbe7-ba01-583f-b210-1f30a2d315b0,H06
43a5bbe7-ba01-583f-b210-1f30a2d315b0,H08
b0630db9-f5cd-582f-9d71-054436d99069,C00
b0630db9-f5cd-582f-9d71-054436d99069,D01
b0630db9-f5cd-582f-9d71-054436d99069,D09
b0630db9-f5cd-582f-9d71-054436d99069,D66
c14b4220-eaba-5ec7-864a-e9a72024ee03,C00
c14b4220-eaba-5ec7-864a-e9a72024ee03,D01
c14b4220-eaba-5ec7-864a-e9a72024ee03,D09
c14b4220-eaba-5ec7-864a-e9a72024ee03,D66
f0ded00d-f1b9-5c9e-8f21-a6d5d1a74b71,C00
f0ded00d-f1b9-5c9e-8f21-a6d5d1a74b71,D01
f0ded00d-f1b9-5c9e-8f21-a6d5d1a74b71,D14
f0ded00d-f1b9-5c9e-8f21-a6d5d1a74b71,D15
603ad53e-2485-527e-a970-e015945467d7,A00
603ad53e-2485-527e-a970-e015945467d7,A01
603ad53e-2485-527e-a970-e015945467d7,A08
603ad53e-2485-527e-a970-e015945467d7,D01
3ab5b7f8-3217-5080-abd9-cde5077d160f,C00
3ab5b7f8-3217-5080-abd9-cde5077d160f,C19
3ab5b7f8-3217-5080-abd9-cde5077d160f,D01
3ab5b7f8-3217-5080-abd9-cde5077d160f,D66
8e79f84f-a0ff-5264-8f82-c32a4cf8bbe1,A00
8e79f84f-a0ff-5264-8f82-c32a4cf8bbe1,A01
8e79f84f-a0ff-5264-8f82-c32a4cf8bbe1,A08
8e79f84f-a0ff-5264-8f82-c32a4cf8bbe1,D01
b5e5238f-1e6a-5a60-b4bb-90923fcead39,A00
b5e5238f-1e6a-5a60-b4bb-90923fcead39,A09
b5e5238f-1e6a-5a60-b4bb-90923fcead39,C04
b5e5238f-1e6a-5a60-b4bb-90923fcead39,D01
114b87a1-762c-5b38-a896-eac7eed34000,A00
114b87a1-762c-5b38-a896-eac7eed34000,A01
114b87a1-762c-5b38-a896-eac7eed34000,C14
114b87a1-762c-5b38-a896-eac7eed34000,D10
f3e72f80-fc5f-58cd-9e1f-fe699b39292c,A00
f3e72f80-fc5f-58cd-9e1f-fe699b39292c,A08
f3e72f80-fc5f-58cd-9e1f-fe699b39292c,C03
f3e72f80-fc5f-58cd-9e1f-fe699b39292c,D01
083b35ee-80a2-5956-b4f7-3b01f753dbb8,A00
083b35ee-80a2-5956-b4f7-3b01f753dbb8,C00
083b35ee-80a2-5956-b4f7-3b01f753dbb8,C14
083b35ee-80a2-5956-b4f7-3b01f753dbb8,D01
02cf1ead-3766-5b08-8f9a-a28667838325,A00
02cf1ead-3766-5b08-8f9a-a28667838325,A01
02cf1ead-3766-5b08-8f9a-a28667838325,D01
02cf1ead-3766-5b08-8f9a-a28667838325,D10
7d1bfa40-4924-58f3-8e17-a4afdb7e68f3,A00
7d1bfa40-4924-58f3-8e17-a4afdb7e68f3,A02
7d1bfa40-4924-58f3-8e17-a4afdb7e68f3,A09
7d1bfa40-4924-58f3-8e17-a4afdb7e68f3,D01
279b7602-a4c5-54ac-9b99-42db9ed01109,A00
279b7602-a4c5-54ac-9b99-42db9ed01109,A01
279b7602-a4c5-54ac-9b99-42db9ed01109,B03
279b7602-a4c5-54ac-9b99-42db9ed01109,C01
179f8626-23f9-537b-8812-b66335a8b5ce,A00
179f8626-23f9-537b-8812-b66335a8b5ce,A01
179f8626-23f9-537b-8812-b66335a8b5ce,A09
179f8626-23f9-537b-8812-b66335a8b5ce,D01
6ced4657-759b-5ace-a9c1-ab83628495e4,A00
6ced4657-759b-5ace-a9c1-ab83628495e4,B00
6ced4657-759b-5ace-a9c1-ab83628495e4,B03
6ced4657-759b-5ace-a9c1-ab83628495e4,C02
69f79c6c-6a0f-5c68-9db1-2df5a3153ecc,V00
69f79c6c-6a0f-5c68-9db1-2df5a3153ecc,V01
69f79c6c-6a0f-5c68-9db1-2df5a3153ecc,V02
69f79c6c-6a0f-5c68-9db1-2df5a3153ecc,V06
b6df017b-3297-5416-ada2-94253daf65fa,A00
b6df017b-3297-5416-ada2-94253daf65fa,A01
b6df017b-3297-5416-ada2-94253daf65fa,C00
b6df017b-3297-5416-ada2-94253daf65fa,D01
6f93447d-eabc-5a8c-a306-4eba09bdb1c6,H00
6f93447d-eabc-5a8c-a306-4eba09bdb1c6,H01
6f93447d-eabc-5a8c-a306-4eba09bdb1c6,H06
6f93447d-eabc-5a8c-a306-4eba09bdb1c6,H08
86108fd5-2dc6-5791-a8d1-a5df7c2a6c8d,A00
86108fd5-2dc6-5791-a8d1-a5df7c2a6c8d,A01
86108fd5-2dc6-5791-a8d1-a5df7c2a6c8d,B08
86108fd5-2dc6-5791-a8d1-a5df7c2a6c8d,C14
1351330d-525d-57c8-a52b-c08c4d2ef7d9,A00
1351330d-525d-57c8-a52b-c08c4d2ef7d9,A02
1351330d-525d-57c8-a52b-c08c4d2ef7d9,B00
1351330d-525d-57c8-a52b-c08c4d2ef7d9,D08
e05b5c9a-8f05-5904-bff1-aa2d5674fae8,A00
e05b5c9a-8f05-5904-bff1-aa2d5674fae8,A02
e05b5c9a-8f05-5904-bff1-aa2d5674fae8,B00
e05b5c9a-8f05-5904-bff1-aa2d5674fae8,D07
3929a2c8-a4b9-53e7-8d31-8e92001f7c2f,A00
3929a2c8-a4b9-53e7-8d31-8e92001f7c2f,A02
3929a2c8-a4b9-53e7-8d31-8e92001f7c2f,B00
3929a2c8-a4b9-53e7-8d31-8e92001f7c2f,D07
a60bd4fe-3fec-54ce-83da-efe72bc7534f,A00
a60bd4fe-3fec-54ce-83da-efe72bc7534f,A02
a60bd4fe-3fec-54ce-83da-efe72bc7534f,B00
a60bd4fe-3fec-54ce-83da-efe72bc7534f,D08
031f62d0-c1cb-50e6-98c0-0cd827bcf574,A00
031f62d0-c1cb-50e6-98c0-0cd827bcf574,A07
031f62d0-c1cb-50e6-98c0-0cd827bcf574,C00
031f62d0-c1cb-50e6-98c0-0cd827bcf574,D66
ff0fb2ef-c8c3-52b5-802b-e798f6070e16,A00
ff0fb2ef-c8c3-52b5-802b-e798f6070e16,B00
ff0fb2ef-c8c3-52b5-802b-e798f6070e16,C00
ff0fb2ef-c8c3-52b5-802b-e798f6070e16,D01
69f79c6c-6a0f-5c68-9db1-2df5a3153ecc,H06
b0630db9-f5cd-582f-9d71-054436d99069,D14
b0630db9-f5cd-582f-9d71-054436d99069,D15
b0630db9-f5cd-582f-9d71-054436d99069,X25
b0630db9-f5cd-582f-9d71-054436d99069,X78
c14b4220-eaba-5ec7-864a-e9a72024ee03,D14
c14b4220-eaba-5ec7-864a-e9a72024ee03,D15
c14b4220-eaba-5ec7-864a-e9a72024ee03,X25
c14b4220-eaba-5ec7-864a-e9a72024ee03,X78
f0ded00d-f1b9-5c9e-8f21-a6d5d1a74b71,D09
f0ded00d-f1b9-5c9e-8f21-a6d5d1a74b71,X25
f0ded00d-f1b9-5c9e-8f21-a6d5d1a74b71,X78
603ad53e-2485-527e-a970-e015945467d7,X05
603ad53e-2485-527e-a970-e015945467d7,X06
603ad53e-2485-527e-a970-e015945467d7,X11
603ad53e-2485-527e-a970-e015945467d7,X17
603ad53e-2485-527e-a970-e015945467d7,X21
3ab5b7f8-3217-5080-abd9-cde5077d160f,C04
3ab5b7f8-3217-5080-abd9-cde5077d160f,X05
3ab5b7f8-3217-5080-abd9-cde5077d160f,X21
3ab5b7f8-3217-5080-abd9-cde5077d160f,X62
3ab5b7f8-3217-5080-abd9-cde5077d160f,X70
3ab5b7f8-3217-5080-abd9-cde5077d160f,X78
8e79f84f-a0ff-5264-8f82-c32a4cf8bbe1,C04
8e79f84f-a0ff-5264-8f82-c32a4cf8bbe1,D09
8e79f84f-a0ff-5264-8f82-c32a4cf8bbe1,D10
8e79f84f-a0ff-5264-8f82-c32a4cf8bbe1,X17
8e79f84f-a0ff-5264-8f82-c32a4cf8bbe1,X25
b5e5238f-1e6a-5a60-b4bb-90923fcead39,D09
b5e5238f-1e6a-5a60-b4bb-90923fcead39,D10
b5e5238f-1e6a-5a60-b4bb-90923fcead39,D25
b5e5238f-1e6a-5a60-b4bb-90923fcead39,X21
114b87a1-762c-5b38-a896-eac7eed34000,C03
114b87a1-762c-5b38-a896-eac7eed34000,D01
114b87a1-762c-5b38-a896-eac7eed34000,X01
114b87a1-762c-5b38-a896-eac7eed34000,X17
114b87a1-762c-5b38-a896-eac7eed34000,X25
f3e72f80-fc5f-58cd-9e1f-fe699b39292c,C01
f3e72f80-fc5f-58cd-9e1f-fe699b39292c,D09
f3e72f80-fc5f-58cd-9e1f-fe699b39292c,D10
f3e72f80-fc5f-58cd-9e1f-fe699b39292c,X17
f3e72f80-fc5f-58cd-9e1f-fe699b39292c,X25
083b35ee-80a2-5956-b4f7-3b01f753dbb8,C03
083b35ee-80a2-5956-b4f7-3b01f753dbb8,D09
083b35ee-80a2-5956-b4f7-3b01f753dbb8,D10
083b35ee-80a2-5956-b4f7-3b01f753dbb8,X01
083b35ee-80a2-5956-b4f7-3b01f753dbb8,X25
02cf1ead-3766-5b08-8f9a-a28667838325,X02
02cf1ead-3766-5b08-8f9a-a28667838325,X05
02cf1ead-3766-5b08-8f9a-a28667838325,X06
02cf1ead-3766-5b08-8f9a-a28667838325,X26
7d1bfa40-4924-58f3-8e17-a4afdb7e68f3,A01
7d1bfa40-4924-58f3-8e17-a4afdb7e68f3,X05
7d1bfa40-4924-58f3-8e17-a4afdb7e68f3,X06
7d1bfa40-4924-58f3-8e17-a4afdb7e68f3,X07
7d1bfa40-4924-58f3-8e17-a4afdb7e68f3,X11
7d1bfa40-4924-58f3-8e17-a4afdb7e68f3,X21
279b7602-a4c5-54ac-9b99-42db9ed01109,D01
279b7602-a4c5-54ac-9b99-42db9ed01109,X05
279b7602-a4c5-54ac-9b99-42db9ed01109,X06
279b7602-a4c5-54ac-9b99-42db9ed01109,X07
279b7602-a4c5-54ac-9b99-42db9ed01109,X11
279b7602-a4c5-54ac-9b99-42db9ed01109,X21
179f8626-23f9-537b-8812-b66335a8b5ce,X05
179f8626-23f9-537b-8812-b66335a8b5ce,X06
179f8626-23f9-537b-8812-b66335a8b5ce,X07
179f8626-23f9-537b-8812-b66335a8b5ce,X11
179f8626-23f9-537b-8812-b66335a8b5ce,X21
6ced4657-759b-5ace-a9c1-ab83628495e4,X05
6ced4657-759b-5ace-a9c1-ab83628495e4,X06
6ced4657-759b-5ace-a9c1-ab83628495e4,X07
6ced4657-759b-5ace-a9c1-ab83628495e4,X11
69f79c6c-6a0f-5c68-9db1-2df5a3153ecc,H00
69f79c6c-6a0f-5c68-9db1-2df5a3153ecc,H02
69f79c6c-6a0f-5c68-9db1-2df5a3153ecc,V03
b6df017b-3297-5416-ada2-94253daf65fa,X05
b6df017b-3297-5416-ada2-94253daf65fa,X06
b6df017b-3297-5416-ada2-94253daf65fa,X11
b6df017b-3297-5416-ada2-94253daf65fa,X21
86108fd5-2dc6-5791-a8d1-a5df7c2a6c8d,A04
86108fd5-2dc6-5791-a8d1-a5df7c2a6c8d,X01
86108fd5-2dc6-5791-a8d1-a5df7c2a6c8d,X05
86108fd5-2dc6-5791-a8d1-a5df7c2a6c8d,X06
86108fd5-2dc6-5791-a8d1-a5df7c2a6c8d,X11
86108fd5-2dc6-5791-a8d1-a5df7c2a6c8d,X21
1351330d-525d-57c8-a52b-c08c4d2ef7d9,B03
1351330d-525d-57c8-a52b-c08c4d2ef7d9,X13
e05b5c9a-8f05-5904-bff1-aa2d5674fae8,A01
e05b5c9a-8f05-5904-bff1-aa2d5674fae8,X06
e05b5c9a-8f05-5904-bff1-aa2d5674fae8,X09
e05b5c9a-8f05-5904-bff1-aa2d5674fae8,X10
e05b5c9a-8f05-5904-bff1-aa2d5674fae8,X13
3929a2c8-a4b9-53e7-8d31-8e92001f7c2f,A01
3929a2c8-a4b9-53e7-8d31-8e92001f7c2f,X06
3929a2c8-a4b9-53e7-8d31-8e92001f7c2f,X09
3929a2c8-a4b9-53e7-8d31-8e92001f7c2f,X10
3929a2c8-a4b9-53e7-8d31-8e92001f7c2f,X13
031f62d0-c1cb-50e6-98c0-0cd827bcf574,C04
031f62d0-c1cb-50e6-98c0-0cd827bcf574,X05
031f62d0-c1cb-50e6-98c0-0cd827bcf574,X21
031f62d0-c1cb-50e6-98c0-0cd827bcf574,X74
031f62d0-c1cb-50e6-98c0-0cd827bcf574,X78
ff0fb2ef-c8c3-52b5-802b-e798f6070e16,A06
ff0fb2ef-c8c3-52b5-802b-e798f6070e16,D07
ff0fb2ef-c8c3-52b5-802b-e798f6070e16,D12
ff0fb2ef-c8c3-52b5-802b-e798f6070e16,X01
ff0fb2ef-c8c3-52b5-802b-e798f6070e16,X13
ff0fb2ef-c8c3-52b5-802b-e798f6070e16,X62
20ccd56e-5c02-5649-a260-c124d92693ef,D01
20ccd56e-5c02-5649-a260-c124d92693ef,H00
20ccd56e-5c02-5649-a260-c124d92693ef,V00
20ccd56e-5c02-5649-a260-c124d92693ef,V01
80b68039-91c5-583c-8e19-c403f4e36858,A00
80b68039-91c5-583c-8e19-c403f4e36858,A01
80b68039-91c5-583c-8e19-c403f4e36858,B00
80b68039-91c5-583c-8e19-c403f4e36858,D01
24314bff-c8c6-5b18-88d3-707e22dbcf7f,A00
24314bff-c8c6-5b18-88d3-707e22dbcf7f,A01
24314bff-c8c6-5b18-88d3-707e22dbcf7f,B00
24314bff-c8c6-5b18-88d3-707e22dbcf7f,D01
1d85a3cd-a4ed-51b4-ae09-e47892f090b1,A00
1d85a3cd-a4ed-51b4-ae09-e47892f090b1,A01
1d85a3cd-a4ed-51b4-ae09-e47892f090b1,B00
1d85a3cd-a4ed-51b4-ae09-e47892f090b1,D01
5dbaee0f-2512-5147-8561-32b154c0dc4b,A00
5dbaee0f-2512-5147-8561-32b154c0dc4b,A01
5dbaee0f-2512-5147-8561-32b154c0dc4b,B00
5dbaee0f-2512-5147-8561-32b154c0dc4b,D01
72ac2de3-dfb7-550e-88b5-d2a4c0d3705f,A00
72ac2de3-dfb7-550e-88b5-d2a4c0d3705f,A01
72ac2de3-dfb7-550e-88b5-d2a4c0d3705f,B00
72ac2de3-dfb7-550e-88b5-d2a4c0d3705f,D01
873a44b0-ec5a-5da3-aea8-2f48b8bf2b2d,A00
873a44b0-ec5a-5da3-aea8-2f48b8bf2b2d,A01
873a44b0-ec5a-5da3-aea8-2f48b8bf2b2d,B00
873a44b0-ec5a-5da3-aea8-2f48b8bf2b2d,D01
195438ed-4bc6-5403-a81a-44b8e53b055f,A00
195438ed-4bc6-5403-a81a-44b8e53b055f,A01
195438ed-4bc6-5403-a81a-44b8e53b055f,B00
195438ed-4bc6-5403-a81a-44b8e53b055f,D01
be96c20d-a4d2-571a-acfa-9111b58a8f50,A00
be96c20d-a4d2-571a-acfa-9111b58a8f50,A01
be96c20d-a4d2-571a-acfa-9111b58a8f50,B00
be96c20d-a4d2-571a-acfa-9111b58a8f50,D01
1da7e8d5-b2d1-544b-8f45-5a3596634b1b,A00
1da7e8d5-b2d1-544b-8f45-5a3596634b1b,D01
1da7e8d5-b2d1-544b-8f45-5a3596634b1b,H00
1da7e8d5-b2d1-544b-8f45-5a3596634b1b,V01
e05b2355-7ba9-5469-9e15-c0340f5f583b,A00
e05b2355-7ba9-5469-9e15-c0340f5f583b,A01
e05b2355-7ba9-5469-9e15-c0340f5f583b,B00
e05b2355-7ba9-5469-9e15-c0340f5f583b,D01
1da7e8d5-b2d1-544b-8f45-5a3596634b1b,H06
1da7e8d5-b2d1-544b-8f45-5a3596634b1b,H08
1da7e8d5-b2d1-544b-8f45-5a3596634b1b,H09
1da7e8d5-b2d1-544b-8f45-5a3596634b1b,V05
20ccd56e-5c02-5649-a260-c124d92693ef,H06
20ccd56e-5c02-5649-a260-c124d92693ef,H08
20ccd56e-5c02-5649-a260-c124d92693ef,H09
20ccd56e-5c02-5649-a260-c124d92693ef,V05
e05b2355-7ba9-5469-9e15-c0340f5f583b,C01
e05b2355-7ba9-5469-9e15-c0340f5f583b,C03
e05b2355-7ba9-5469-9e15-c0340f5f583b,C04
e05b2355-7ba9-5469-9e15-c0340f5f583b,C14
e05b2355-7ba9-5469-9e15-c0340f5f583b,X03
e05b2355-7ba9-5469-9e15-c0340f5f583b,X04
e05b2355-7ba9-5469-9e15-c0340f5f583b,X23
e05b2355-7ba9-5469-9e15-c0340f5f583b,X24
80b68039-91c5-583c-8e19-c403f4e36858,C01
80b68039-91c5-583c-8e19-c403f4e36858,C03
80b68039-91c5-583c-8e19-c403f4e36858,C04
80b68039-91c5-583c-8e19-c403f4e36858,C14
80b68039-91c5-583c-8e19-c403f4e36858,X03
80b68039-91c5-583c-8e19-c403f4e36858,X04
80b68039-91c5-583c-8e19-c403f4e36858,X23
80b68039-91c5-583c-8e19-c403f4e36858,X24
be96c20d-a4d2-571a-acfa-9111b58a8f50,C01
be96c20d-a4d2-571a-acfa-9111b58a8f50,C03
be96c20d-a4d2-571a-acfa-9111b58a8f50,C04
be96c20d-a4d2-571a-acfa-9111b58a8f50,C14
be96c20d-a4d2-571a-acfa-9111b58a8f50,X03
be96c20d-a4d2-571a-acfa-9111b58a8f50,X04
be96c20d-a4d2-571a-acfa-9111b58a8f50,X23
be96c20d-a4d2-571a-acfa-9111b58a8f50,X24
24314bff-c8c6-5b18-88d3-707e22dbcf7f,C01
24314bff-c8c6-5b18-88d3-707e22dbcf7f,C03
24314bff-c8c6-5b18-88d3-707e22dbcf7f,C04
24314bff-c8c6-5b18-88d3-707e22dbcf7f,C14
24314bff-c8c6-5b18-88d3-707e22dbcf7f,X03
24314bff-c8c6-5b18-88d3-707e22dbcf7f,X04
24314bff-c8c6-5b18-88d3-707e22dbcf7f,X23
24314bff-c8c6-5b18-88d3-707e22dbcf7f,X24
1d85a3cd-a4ed-51b4-ae09-e47892f090b1,C01
1d85a3cd-a4ed-51b4-ae09-e47892f090b1,C03
1d85a3cd-a4ed-51b4-ae09-e47892f090b1,C04
1d85a3cd-a4ed-51b4-ae09-e47892f090b1,C14
1d85a3cd-a4ed-51b4-ae09-e47892f090b1,X03
1d85a3cd-a4ed-51b4-ae09-e47892f090b1,X04
1d85a3cd-a4ed-51b4-ae09-e47892f090b1,X23
1d85a3cd-a4ed-51b4-ae09-e47892f090b1,X24
5dbaee0f-2512-5147-8561-32b154c0dc4b,C01
5dbaee0f-2512-5147-8561-32b154c0dc4b,C03
5dbaee0f-2512-5147-8561-32b154c0dc4b,C04
5dbaee0f-2512-5147-8561-32b154c0dc4b,C14
5dbaee0f-2512-5147-8561-32b154c0dc4b,X03
5dbaee0f-2512-5147-8561-32b154c0dc4b,X04
5dbaee0f-2512-5147-8561-32b154c0dc4b,X23
5dbaee0f-2512-5147-8561-32b154c0dc4b,X24
72ac2de3-dfb7-550e-88b5-d2a4c0d3705f,C01
72ac2de3-dfb7-550e-88b5-d2a4c0d3705f,C03
72ac2de3-dfb7-550e-88b5-d2a4c0d3705f,C04
72ac2de3-dfb7-550e-88b5-d2a4c0d3705f,C14
72ac2de3-dfb7-550e-88b5-d2a4c0d3705f,X03
72ac2de3-dfb7-550e-88b5-d2a4c0d3705f,X04
72ac2de3-dfb7-550e-88b5-d2a4c0d3705f,X23
72ac2de3-dfb7-550e-88b5-d2a4c0d3705f,X24
873a44b0-ec5a-5da3-aea8-2f48b8bf2b2d,C01
873a44b0-ec5a-5da3-aea8-2f48b8bf2b2d,C03
873a44b0-ec5a-5da3-aea8-2f48b8bf2b2d,C04
873a44b0-ec5a-5da3-aea8-2f48b8bf2b2d,C14
873a44b0-ec5a-5da3-aea8-2f48b8bf2b2d,X03
873a44b0-ec5a-5da3-aea8-2f48b8bf2b2d,X04
873a44b0-ec5a-5da3-aea8-2f48b8bf2b2d,X23
873a44b0-ec5a-5da3-aea8-2f48b8bf2b2d,X24
195438ed-4bc6-5403-a81a-44b8e53b055f,C01
195438ed-4bc6-5403-a81a-44b8e53b055f,C03
195438ed-4bc6-5403-a81a-44b8e53b055f,C04
195438ed-4bc6-5403-a81a-44b8e53b055f,C14
195438ed-4bc6-5403-a81a-44b8e53b055f,X03
195438ed-4bc6-5403-a81a-44b8e53b055f,X04
195438ed-4bc6-5403-a81a-44b8e53b055f,X23
195438ed-4bc6-5403-a81a-44b8e53b055f,X24
8abde34f-a0f6-5839-bc3e-daa46e78180d,D01
8abde34f-a0f6-5839-bc3e-daa46e78180d,D07
8abde34f-a0f6-5839-bc3e-daa46e78180d,D14
8abde34f-a0f6-5839-bc3e-daa46e78180d,D15
7cc36222-584f-5ac6-804f-7638a406b6ca,A01
7cc36222-584f-5ac6-804f-7638a406b6ca,C00
7cc36222-584f-5ac6-804f-7638a406b6ca,D01
7cc36222-584f-5ac6-804f-7638a406b6ca,D96
4a88a199-ecaa-569b-87e3-b4a9e12043a4,A00
4a88a199-ecaa-569b-87e3-b4a9e12043a4,A01
4a88a199-ecaa-569b-87e3-b4a9e12043a4,D07
4a88a199-ecaa-569b-87e3-b4a9e12043a4,D90
bf2290fb-9956-574b-a44c-7e6495c98252,A00
bf2290fb-9956-574b-a44c-7e6495c98252,A01
bf2290fb-9956-574b-a44c-7e6495c98252,D07
bf2290fb-9956-574b-a44c-7e6495c98252,D90
e7f17940-3aa1-5346-b7e6-54d5df34f970,A01
e7f17940-3aa1-5346-b7e6-54d5df34f970,C00
e7f17940-3aa1-5346-b7e6-54d5df34f970,D01
e7f17940-3aa1-5346-b7e6-54d5df34f970,D96
64a1a386-b27a-52ef-8c19-b56574142cae,A00
64a1a386-b27a-52ef-8c19-b56574142cae,A01
64a1a386-b27a-52ef-8c19-b56574142cae,D07
64a1a386-b27a-52ef-8c19-b56574142cae,D90
2d2c44ce-4b4a-5e5a-996c-048080acadf5,A00
2d2c44ce-4b4a-5e5a-996c-048080acadf5,A01
2d2c44ce-4b4a-5e5a-996c-048080acadf5,D07
2d2c44ce-4b4a-5e5a-996c-048080acadf5,D90
1e779bb6-020f-537e-b37a-af050b41fa66,A00
1e779bb6-020f-537e-b37a-af050b41fa66,A01
1e779bb6-020f-537e-b37a-af050b41fa66,D07
1e779bb6-020f-537e-b37a-af050b41fa66,D90
61cbdf86-da6c-598b-8d26-a58f33c78805,A00
61cbdf86-da6c-598b-8d26-a58f33c78805,A11
61cbdf86-da6c-598b-8d26-a58f33c78805,B00
61cbdf86-da6c-598b-8d26-a58f33c78805,D07
b716e753-ed88-527b-b147-80e83b0c9921,A01
b716e753-ed88-527b-b147-80e83b0c9921,C00
b716e753-ed88-527b-b147-80e83b0c9921,D01
b716e753-ed88-527b-b147-80e83b0c9921,D96
7cc36222-584f-5ac6-804f-7638a406b6ca,A00
7cc36222-584f-5ac6-804f-7638a406b6ca,B00
4a88a199-ecaa-569b-87e3-b4a9e12043a4,B00
4a88a199-ecaa-569b-87e3-b4a9e12043a4,D01
bf2290fb-9956-574b-a44c-7e6495c98252,B00
bf2290fb-9956-574b-a44c-7e6495c98252,D01
e7f17940-3aa1-5346-b7e6-54d5df34f970,A00
e7f17940-3aa1-5346-b7e6-54d5df34f970,B00
a6153816-9289-5916-8522-4add87fdcb7e,A00
a6153816-9289-5916-8522-4add87fdcb7e,A01
a6153816-9289-5916-8522-4add87fdcb7e,C00
a6153816-9289-5916-8522-4add87fdcb7e,D01
6082a9f8-d175-5c52-9af5-0bfa9df234d7,A00
6082a9f8-d175-5c52-9af5-0bfa9df234d7,A01
6082a9f8-d175-5c52-9af5-0bfa9df234d7,C00
6082a9f8-d175-5c52-9af5-0bfa9df234d7,D01
64a1a386-b27a-52ef-8c19-b56574142cae,B00
64a1a386-b27a-52ef-8c19-b56574142cae,D01
2d2c44ce-4b4a-5e5a-996c-048080acadf5,B00
2d2c44ce-4b4a-5e5a-996c-048080acadf5,D01
1e779bb6-020f-537e-b37a-af050b41fa66,B00
1e779bb6-020f-537e-b37a-af050b41fa66,D01
b716e753-ed88-527b-b147-80e83b0c9921,A00
b716e753-ed88-527b-b147-80e83b0c9921,B00
49816764-07af-51a4-92b0-566a2a473870,A00
49816764-07af-51a4-92b0-566a2a473870,C00
49816764-07af-51a4-92b0-566a2a473870,D01
49816764-07af-51a4-92b0-566a2a473870,D14
4a88a199-ecaa-569b-87e3-b4a9e12043a4,C00
cb5442f9-907e-52a7-8308-c5cd86112453,C00
cb5442f9-907e-52a7-8308-c5cd86112453,D01
cb5442f9-907e-52a7-8308-c5cd86112453,D14
cb5442f9-907e-52a7-8308-c5cd86112453,D15
49816764-07af-51a4-92b0-566a2a473870,A01
49816764-07af-51a4-92b0-566a2a473870,D09
8abde34f-a0f6-5839-bc3e-daa46e78180d,A00
8abde34f-a0f6-5839-bc3e-daa46e78180d,D04
8abde34f-a0f6-5839-bc3e-daa46e78180d,D09
cb5442f9-907e-52a7-8308-c5cd86112453,A00
cb5442f9-907e-52a7-8308-c5cd86112453,D04
cb5442f9-907e-52a7-8308-c5cd86112453,D09
7cc36222-584f-5ac6-804f-7638a406b6ca,D09
4a88a199-ecaa-569b-87e3-b4a9e12043a4,C03
4a88a199-ecaa-569b-87e3-b4a9e12043a4,D09
bf2290fb-9956-574b-a44c-7e6495c98252,C00
bf2290fb-9956-574b-a44c-7e6495c98252,C03
bf2290fb-9956-574b-a44c-7e6495c98252,D09
e7f17940-3aa1-5346-b7e6-54d5df34f970,C03
e7f17940-3aa1-5346-b7e6-54d5df34f970,D09
a6153816-9289-5916-8522-4add87fdcb7e,C03
a6153816-9289-5916-8522-4add87fdcb7e,D09
64a1a386-b27a-52ef-8c19-b56574142cae,C03
2d2c44ce-4b4a-5e5a-996c-048080acadf5,C03
1e779bb6-020f-537e-b37a-af050b41fa66,C03
61cbdf86-da6c-598b-8d26-a58f33c78805,A02
61cbdf86-da6c-598b-8d26-a58f33c78805,A03
61cbdf86-da6c-598b-8d26-a58f33c78805,B08
281202e6-23a7-5885-996d-1ad67afbd107,A00
281202e6-23a7-5885-996d-1ad67afbd107,A02
281202e6-23a7-5885-996d-1ad67afbd107,A03
281202e6-23a7-5885-996d-1ad67afbd107,B00
281202e6-23a7-5885-996d-1ad67afbd107,B08
281202e6-23a7-5885-996d-1ad67afbd107,D07
b716e753-ed88-527b-b147-80e83b0c9921,D09
5ad9b500-ebbf-55b3-a2e2-3c3b066b8fe2,A01
5ad9b500-ebbf-55b3-a2e2-3c3b066b8fe2,C00
5ad9b500-ebbf-55b3-a2e2-3c3b066b8fe2,C03
5ad9b500-ebbf-55b3-a2e2-3c3b066b8fe2,D01
5ad9b500-ebbf-55b3-a2e2-3c3b066b8fe2,X02
5ad9b500-ebbf-55b3-a2e2-3c3b066b8fe2,X03
5ad9b500-ebbf-55b3-a2e2-3c3b066b8fe2,X04
18850f0e-a7ca-5827-8e27-06c3bb1e50c1,A01
18850f0e-a7ca-5827-8e27-06c3bb1e50c1,C00
18850f0e-a7ca-5827-8e27-06c3bb1e50c1,C03
18850f0e-a7ca-5827-8e27-06c3bb1e50c1,D01
18850f0e-a7ca-5827-8e27-06c3bb1e50c1,X02
18850f0e-a7ca-5827-8e27-06c3bb1e50c1,X03
18850f0e-a7ca-5827-8e27-06c3bb1e50c1,X04
2c452b6f-0730-537d-b8ee-c5842c0bc1b3,A01
2c452b6f-0730-537d-b8ee-c5842c0bc1b3,C00
2c452b6f-0730-537d-b8ee-c5842c0bc1b3,C03
2c452b6f-0730-537d-b8ee-c5842c0bc1b3,D01
2c452b6f-0730-537d-b8ee-c5842c0bc1b3,X02
2c452b6f-0730-537d-b8ee-c5842c0bc1b3,X03
2c452b6f-0730-537d-b8ee-c5842c0bc1b3,X04
d6cda0b1-e39b-5594-9403-786f7c85cf84,A01
d6cda0b1-e39b-5594-9403-786f7c85cf84,C00
d6cda0b1-e39b-5594-9403-786f7c85cf84,C03
d6cda0b1-e39b-5594-9403-786f7c85cf84,D01
d6cda0b1-e39b-5594-9403-786f7c85cf84,X02
d6cda0b1-e39b-5594-9403-786f7c85cf84,X03
d6cda0b1-e39b-5594-9403-786f7c85cf84,X04
27ea0218-4a17-57bc-904c-3ce62a5c7d66,A00
27ea0218-4a17-57bc-904c-3ce62a5c7d66,A01
27ea0218-4a17-57bc-904c-3ce62a5c7d66,C00
27ea0218-4a17-57bc-904c-3ce62a5c7d66,D01
1a4935c0-3262-53c6-84d5-e53afa491f0c,A00
1a4935c0-3262-53c6-84d5-e53afa491f0c,A01
1a4935c0-3262-53c6-84d5-e53afa491f0c,C00
1a4935c0-3262-53c6-84d5-e53afa491f0c,D01
10b0b28d-6cc3-5585-8d46-c1377fe4fc1b,A00
10b0b28d-6cc3-5585-8d46-c1377fe4fc1b,A01
10b0b28d-6cc3-5585-8d46-c1377fe4fc1b,C00
10b0b28d-6cc3-5585-8d46-c1377fe4fc1b,D01
7d5e0e87-8136-5e06-bcfa-1b9ca4608bab,A00
7d5e0e87-8136-5e06-bcfa-1b9ca4608bab,A01
7d5e0e87-8136-5e06-bcfa-1b9ca4608bab,A02
7d5e0e87-8136-5e06-bcfa-1b9ca4608bab,D01
06966057-5a81-52e1-8d58-1a6a9c17f280,A00
06966057-5a81-52e1-8d58-1a6a9c17f280,A01
06966057-5a81-52e1-8d58-1a6a9c17f280,A02
06966057-5a81-52e1-8d58-1a6a9c17f280,D01
a899be23-690f-5278-8373-5820c5f2c9bd,A00
a899be23-690f-5278-8373-5820c5f2c9bd,A01
a899be23-690f-5278-8373-5820c5f2c9bd,A02
a899be23-690f-5278-8373-5820c5f2c9bd,D01
9ed362c3-970b-5da2-8a8a-c3f16c1d86bd,A00
9ed362c3-970b-5da2-8a8a-c3f16c1d86bd,A01
9ed362c3-970b-5da2-8a8a-c3f16c1d86bd,A02
9ed362c3-970b-5da2-8a8a-c3f16c1d86bd,D01
173a6e44-9ccc-50ad-8231-a143b94fd550,A00
173a6e44-9ccc-50ad-8231-a143b94fd550,A01
173a6e44-9ccc-50ad-8231-a143b94fd550,A02
173a6e44-9ccc-50ad-8231-a143b94fd550,D01
19fe56b2-19d3-5d31-8313-6ec5d19cf462,A00
19fe56b2-19d3-5d31-8313-6ec5d19cf462,A01
19fe56b2-19d3-5d31-8313-6ec5d19cf462,A02
19fe56b2-19d3-5d31-8313-6ec5d19cf462,D01
51794be4-000c-55f3-b215-90eafbad5b2b,A00
51794be4-000c-55f3-b215-90eafbad5b2b,A01
51794be4-000c-55f3-b215-90eafbad5b2b,A02
51794be4-000c-55f3-b215-90eafbad5b2b,B00
28d3eea4-cbdf-5447-9d79-92032e5bf876,A00
28d3eea4-cbdf-5447-9d79-92032e5bf876,A01
28d3eea4-cbdf-5447-9d79-92032e5bf876,A02
28d3eea4-cbdf-5447-9d79-92032e5bf876,D01
30ded4ae-e6ff-5001-bd0e-95bd00e91234,A00
30ded4ae-e6ff-5001-bd0e-95bd00e91234,A02
30ded4ae-e6ff-5001-bd0e-95bd00e91234,B00
30ded4ae-e6ff-5001-bd0e-95bd00e91234,D07
4baafc1b-bd08-5b88-b36c-f4616418b72d,A00
4baafc1b-bd08-5b88-b36c-f4616418b72d,A02
4baafc1b-bd08-5b88-b36c-f4616418b72d,B00
4baafc1b-bd08-5b88-b36c-f4616418b72d,D07
bd6af368-6013-54f5-9e2c-18a510d6f43a,C00
bd6af368-6013-54f5-9e2c-18a510d6f43a,D01
bd6af368-6013-54f5-9e2c-18a510d6f43a,D14
bd6af368-6013-54f5-9e2c-18a510d6f43a,D15
60f7038e-3561-5ed4-9c94-7307b7cc2bd1,C00
60f7038e-3561-5ed4-9c94-7307b7cc2bd1,D01
60f7038e-3561-5ed4-9c94-7307b7cc2bd1,D14
60f7038e-3561-5ed4-9c94-7307b7cc2bd1,D15
fbb2f934-870e-5fbf-8777-b148931913f4,A00
fbb2f934-870e-5fbf-8777-b148931913f4,A01
fbb2f934-870e-5fbf-8777-b148931913f4,A03
fbb2f934-870e-5fbf-8777-b148931913f4,C00
fbb2f934-870e-5fbf-8777-b148931913f4,D01
fbb2f934-870e-5fbf-8777-b148931913f4,D14
fbb2f934-870e-5fbf-8777-b148931913f4,D15
27ea0218-4a17-57bc-904c-3ce62a5c7d66,A03
27ea0218-4a17-57bc-904c-3ce62a5c7d66,D14
27ea0218-4a17-57bc-904c-3ce62a5c7d66,D15
1a4935c0-3262-53c6-84d5-e53afa491f0c,A03
1a4935c0-3262-53c6-84d5-e53afa491f0c,D14
1a4935c0-3262-53c6-84d5-e53afa491f0c,D15
10b0b28d-6cc3-5585-8d46-c1377fe4fc1b,A03
10b0b28d-6cc3-5585-8d46-c1377fe4fc1b,D14
10b0b28d-6cc3-5585-8d46-c1377fe4fc1b,D15
55d1f63f-f588-5376-a176-9af1aec3e522,A00
55d1f63f-f588-5376-a176-9af1aec3e522,A01
55d1f63f-f588-5376-a176-9af1aec3e522,A03
55d1f63f-f588-5376-a176-9af1aec3e522,C00
55d1f63f-f588-5376-a176-9af1aec3e522,D01
55d1f63f-f588-5376-a176-9af1aec3e522,D14
55d1f63f-f588-5376-a176-9af1aec3e522,D15
7d5e0e87-8136-5e06-bcfa-1b9ca4608bab,A03
7d5e0e87-8136-5e06-bcfa-1b9ca4608bab,C01
06966057-5a81-52e1-8d58-1a6a9c17f280,A03
06966057-5a81-52e1-8d58-1a6a9c17f280,C01
a899be23-690f-5278-8373-5820c5f2c9bd,A03
a899be23-690f-5278-8373-5820c5f2c9bd,C01
9ed362c3-970b-5da2-8a8a-c3f16c1d86bd,A03
9ed362c3-970b-5da2-8a8a-c3f16c1d86bd,C01
173a6e44-9ccc-50ad-8231-a143b94fd550,A03
173a6e44-9ccc-50ad-8231-a143b94fd550,C01
19fe56b2-19d3-5d31-8313-6ec5d19cf462,A03
19fe56b2-19d3-5d31-8313-6ec5d19cf462,C01
51794be4-000c-55f3-b215-90eafbad5b2b,C01
51794be4-000c-55f3-b215-90eafbad5b2b,C08
51794be4-000c-55f3-b215-90eafbad5b2b,D07
51794be4-000c-55f3-b215-90eafbad5b2b,D08
51794be4-000c-55f3-b215-90eafbad5b2b,D13
28d3eea4-cbdf-5447-9d79-92032e5bf876,A03
28d3eea4-cbdf-5447-9d79-92032e5bf876,C01
30ded4ae-e6ff-5001-bd0e-95bd00e91234,A03
30ded4ae-e6ff-5001-bd0e-95bd00e91234,B03
30ded4ae-e6ff-5001-bd0e-95bd00e91234,B08
4baafc1b-bd08-5b88-b36c-f4616418b72d,A03
4baafc1b-bd08-5b88-b36c-f4616418b72d,B03
4baafc1b-bd08-5b88-b36c-f4616418b72d,B08
bd6af368-6013-54f5-9e2c-18a510d6f43a,A00
bd6af368-6013-54f5-9e2c-18a510d6f43a,A03
bd6af368-6013-54f5-9e2c-18a510d6f43a,C01
bd6af368-6013-54f5-9e2c-18a510d6f43a,D10
60f7038e-3561-5ed4-9c94-7307b7cc2bd1,A00
60f7038e-3561-5ed4-9c94-7307b7cc2bd1,A03
60f7038e-3561-5ed4-9c94-7307b7cc2bd1,C01
60f7038e-3561-5ed4-9c94-7307b7cc2bd1,D10
7e151e5b-f337-59cc-b346-bad37340eb8b,Q00
f7146285-28e9-52d7-8390-103a66271e11,Q00
03f3b8c8-7e88-57f1-939e-294b0df6d709,Q00
3b890f54-625d-50b4-bda9-6187ee145e13,Q00
5119a890-ed89-5372-9a2b-da468090e916,H00
5119a890-ed89-5372-9a2b-da468090e916,H05
5119a890-ed89-5372-9a2b-da468090e916,H06
5119a890-ed89-5372-9a2b-da468090e916,H07
db11760f-8612-50e6-80a9-8b541a26e242,H00
db11760f-8612-50e6-80a9-8b541a26e242,H05
db11760f-8612-50e6-80a9-8b541a26e242,H06
db11760f-8612-50e6-80a9-8b541a26e242,H07
f2376093-cfa9-5960-8e37-e2db3013d94d,H00
f2376093-cfa9-5960-8e37-e2db3013d94d,H05
f2376093-cfa9-5960-8e37-e2db3013d94d,H06
f2376093-cfa9-5960-8e37-e2db3013d94d,H07
5119a890-ed89-5372-9a2b-da468090e916,A00
5119a890-ed89-5372-9a2b-da468090e916,A01
5119a890-ed89-5372-9a2b-da468090e916,C01
5119a890-ed89-5372-9a2b-da468090e916,D90
546355d0-2730-585b-b6f4-869807609b3b,A01
546355d0-2730-585b-b6f4-869807609b3b,C00
546355d0-2730-585b-b6f4-869807609b3b,D01
546355d0-2730-585b-b6f4-869807609b3b,D06
68a75a10-caa9-5a19-a46a-acad82f10e95,A01
68a75a10-caa9-5a19-a46a-acad82f10e95,C00
68a75a10-caa9-5a19-a46a-acad82f10e95,D01
68a75a10-caa9-5a19-a46a-acad82f10e95,D10
b71535eb-55f9-5592-8b05-8191fe7cf4d7,A00
b71535eb-55f9-5592-8b05-8191fe7cf4d7,A01
b71535eb-55f9-5592-8b05-8191fe7cf4d7,C00
b71535eb-55f9-5592-8b05-8191fe7cf4d7,D01
57993e64-feb0-5d61-a6fa-92dcc09ee4d1,A00
57993e64-feb0-5d61-a6fa-92dcc09ee4d1,A01
57993e64-feb0-5d61-a6fa-92dcc09ee4d1,D01
57993e64-feb0-5d61-a6fa-92dcc09ee4d1,D90
5119a890-ed89-5372-9a2b-da468090e916,C00
546355d0-2730-585b-b6f4-869807609b3b,D00
b71535eb-55f9-5592-8b05-8191fe7cf4d7,D00
a0a080b3-d9ef-597c-9c6d-dce2830fffa9,A00
a0a080b3-d9ef-597c-9c6d-dce2830fffa9,A01
a0a080b3-d9ef-597c-9c6d-dce2830fffa9,D00
a0a080b3-d9ef-597c-9c6d-dce2830fffa9,D90
b17a0b08-0878-56f0-b291-a9704ebb3cbd,A00
b17a0b08-0878-56f0-b291-a9704ebb3cbd,A01
b17a0b08-0878-56f0-b291-a9704ebb3cbd,C00
b17a0b08-0878-56f0-b291-a9704ebb3cbd,D01
84a74714-4be9-557b-aa7c-5e61f12ab08b,A00
84a74714-4be9-557b-aa7c-5e61f12ab08b,A01
84a74714-4be9-557b-aa7c-5e61f12ab08b,D01
84a74714-4be9-557b-aa7c-5e61f12ab08b,D90
37c8eb7c-72d6-5f1e-a16d-a91c07dc718e,A00
37c8eb7c-72d6-5f1e-a16d-a91c07dc718e,A01
37c8eb7c-72d6-5f1e-a16d-a91c07dc718e,D01
37c8eb7c-72d6-5f1e-a16d-a91c07dc718e,D90
6bea1152-e87a-5e3d-8740-60ff3309b205,A00
6bea1152-e87a-5e3d-8740-60ff3309b205,A01
6bea1152-e87a-5e3d-8740-60ff3309b205,C01
6bea1152-e87a-5e3d-8740-60ff3309b205,D90
420acca6-dd21-5076-b6ca-f79cacbfc6ea,A00
420acca6-dd21-5076-b6ca-f79cacbfc6ea,A01
420acca6-dd21-5076-b6ca-f79cacbfc6ea,D01
420acca6-dd21-5076-b6ca-f79cacbfc6ea,D90
82728615-477c-54cb-900f-ceba7abf995b,A00
82728615-477c-54cb-900f-ceba7abf995b,A01
82728615-477c-54cb-900f-ceba7abf995b,D01
82728615-477c-54cb-900f-ceba7abf995b,D90
511649bf-a7cc-56af-beb3-98ae624b3b42,A00
511649bf-a7cc-56af-beb3-98ae624b3b42,A01
511649bf-a7cc-56af-beb3-98ae624b3b42,D01
511649bf-a7cc-56af-beb3-98ae624b3b42,D90
43aa9839-12ea-5ab3-a479-15db0eb2279b,A01
43aa9839-12ea-5ab3-a479-15db0eb2279b,C00
43aa9839-12ea-5ab3-a479-15db0eb2279b,D01
43aa9839-12ea-5ab3-a479-15db0eb2279b,D06
5a557648-1118-55e9-81eb-28401daea212,A01
5a557648-1118-55e9-81eb-28401daea212,C00
5a557648-1118-55e9-81eb-28401daea212,D01
5a557648-1118-55e9-81eb-28401daea212,D10
cc759a9f-6409-5e18-ac1e-6285fa11fc9d,A00
cc759a9f-6409-5e18-ac1e-6285fa11fc9d,A01
cc759a9f-6409-5e18-ac1e-6285fa11fc9d,C00
cc759a9f-6409-5e18-ac1e-6285fa11fc9d,D01
f1191ce3-9907-5ee2-967c-f1cf4eed81a5,A00
f1191ce3-9907-5ee2-967c-f1cf4eed81a5,A01
f1191ce3-9907-5ee2-967c-f1cf4eed81a5,A02
f1191ce3-9907-5ee2-967c-f1cf4eed81a5,A03
f1191ce3-9907-5ee2-967c-f1cf4eed81a5,A04
f1191ce3-9907-5ee2-967c-f1cf4eed81a5,A05
f1191ce3-9907-5ee2-967c-f1cf4eed81a5,A06
f1191ce3-9907-5ee2-967c-f1cf4eed81a5,A07
f1191ce3-9907-5ee2-967c-f1cf4eed81a5,A08
f1191ce3-9907-5ee2-967c-f1cf4eed81a5,A09
f1191ce3-9907-5ee2-967c-f1cf4eed81a5,A10
f1191ce3-9907-5ee2-967c-f1cf4eed81a5,A11
f1191ce3-9907-5ee2-967c-f1cf4eed81a5,A12
f1191ce3-9907-5ee2-967c-f1cf4eed81a5,A13
f1191ce3-9907-5ee2-967c-f1cf4eed81a5,A14
f1191ce3-9907-5ee2-967c-f1cf4eed81a5,A15
f1191ce3-9907-5ee2-967c-f1cf4eed81a5,A16
f1191ce3-9907-5ee2-967c-f1cf4eed81a5,A17
f1191ce3-9907-5ee2-967c-f1cf4eed81a5,A18
f1191ce3-9907-5ee2-967c-f1cf4eed81a5,B00
f1191ce3-9907-5ee2-967c-f1cf4eed81a5,B01
f1191ce3-9907-5ee2-967c-f1cf4eed81a5,B02
f1191ce3-9907-5ee2-967c-f1cf4eed81a5,B03
f1191ce3-9907-5ee2-967c-f1cf4eed81a5,B04
f1191ce3-9907-5ee2-967c-f1cf4eed81a5,B05
f1191ce3-9907-5ee2-967c-f1cf4eed81a5,B08
f1191ce3-9907-5ee2-967c-f1cf4eed81a5,C01
f1191ce3-9907-5ee2-967c-f1cf4eed81a5,C02
f1191ce3-9907-5ee2-967c-f1cf4eed81a5,C03
f1191ce3-9907-5ee2-967c-f1cf4eed81a5,C04
f1191ce3-9907-5ee2-967c-f1cf4eed81a5,C14
f1191ce3-9907-5ee2-967c-f1cf4eed81a5,C15
f1191ce3-9907-5ee2-967c-f1cf4eed81a5,D01
f1191ce3-9907-5ee2-967c-f1cf4eed81a5,D02
f1191ce3-9907-5ee2-967c-f1cf4eed81a5,D03
f1191ce3-9907-5ee2-967c-f1cf4eed81a5,D04
f1191ce3-9907-5ee2-967c-f1cf4eed81a5,D05
f1191ce3-9907-5ee2-967c-f1cf4eed81a5,D06
f1191ce3-9907-5ee2-967c-f1cf4eed81a5,D07
f1191ce3-9907-5ee2-967c-f1cf4eed81a5,D08
f1191ce3-9907-5ee2-967c-f1cf4eed81a5,D09
f1191ce3-9907-5ee2-967c-f1cf4eed81a5,D10
f1191ce3-9907-5ee2-967c-f1cf4eed81a5,D16
b17a0b08-0878-56f0-b291-a9704ebb3cbd,A02
b17a0b08-0878-56f0-b291-a9704ebb3cbd,A03
b17a0b08-0878-56f0-b291-a9704ebb3cbd,A04
b17a0b08-0878-56f0-b291-a9704ebb3cbd,A05
b17a0b08-0878-56f0-b291-a9704ebb3cbd,A06
b17a0b08-0878-56f0-b291-a9704ebb3cbd,A07
b17a0b08-0878-56f0-b291-a9704ebb3cbd,A08
b17a0b08-0878-56f0-b291-a9704ebb3cbd,A09
b17a0b08-0878-56f0-b291-a9704ebb3cbd,A10
b17a0b08-0878-56f0-b291-a9704ebb3cbd,A11
b17a0b08-0878-56f0-b291-a9704ebb3cbd,A12
b17a0b08-0878-56f0-b291-a9704ebb3cbd,A13
b17a0b08-0878-56f0-b291-a9704ebb3cbd,A14
b17a0b08-0878-56f0-b291-a9704ebb3cbd,A15
b17a0b08-0878-56f0-b291-a9704ebb3cbd,A16
b17a0b08-0878-56f0-b291-a9704ebb3cbd,A17
b17a0b08-0878-56f0-b291-a9704ebb3cbd,A18
b17a0b08-0878-56f0-b291-a9704ebb3cbd,B00
b17a0b08-0878-56f0-b291-a9704ebb3cbd,B01
b17a0b08-0878-56f0-b291-a9704ebb3cbd,B02
b17a0b08-0878-56f0-b291-a9704ebb3cbd,B03
b17a0b08-0878-56f0-b291-a9704ebb3cbd,B04
b17a0b08-0878-56f0-b291-a9704ebb3cbd,B05
b17a0b08-0878-56f0-b291-a9704ebb3cbd,B08
b17a0b08-0878-56f0-b291-a9704ebb3cbd,C01
b17a0b08-0878-56f0-b291-a9704ebb3cbd,C02
b17a0b08-0878-56f0-b291-a9704ebb3cbd,C03
b17a0b08-0878-56f0-b291-a9704ebb3cbd,C04
b17a0b08-0878-56f0-b291-a9704ebb3cbd,C05
b17a0b08-0878-56f0-b291-a9704ebb3cbd,C06
b17a0b08-0878-56f0-b291-a9704ebb3cbd,C07
b17a0b08-0878-56f0-b291-a9704ebb3cbd,C08
b17a0b08-0878-56f0-b291-a9704ebb3cbd,C09
b17a0b08-0878-56f0-b291-a9704ebb3cbd,C10
b17a0b08-0878-56f0-b291-a9704ebb3cbd,C11
b17a0b08-0878-56f0-b291-a9704ebb3cbd,C12
b17a0b08-0878-56f0-b291-a9704ebb3cbd,C13
b17a0b08-0878-56f0-b291-a9704ebb3cbd,C14
b17a0b08-0878-56f0-b291-a9704ebb3cbd,C15
b17a0b08-0878-56f0-b291-a9704ebb3cbd,C16
e6940cd9-c3a1-543c-a582-de5b3fe81c50,A00
e6940cd9-c3a1-543c-a582-de5b3fe81c50,A01
e6940cd9-c3a1-543c-a582-de5b3fe81c50,A02
e6940cd9-c3a1-543c-a582-de5b3fe81c50,A03
e6940cd9-c3a1-543c-a582-de5b3fe81c50,A04
e6940cd9-c3a1-543c-a582-de5b3fe81c50,A05
e6940cd9-c3a1-543c-a582-de5b3fe81c50,A06
e6940cd9-c3a1-543c-a582-de5b3fe81c50,A07
e6940cd9-c3a1-543c-a582-de5b3fe81c50,A08
e6940cd9-c3a1-543c-a582-de5b3fe81c50,A09
e6940cd9-c3a1-543c-a582-de5b3fe81c50,A10
e6940cd9-c3a1-543c-a582-de5b3fe81c50,A11
e6940cd9-c3a1-543c-a582-de5b3fe81c50,A12
e6940cd9-c3a1-543c-a582-de5b3fe81c50,A13
e6940cd9-c3a1-543c-a582-de5b3fe81c50,A14
e6940cd9-c3a1-543c-a582-de5b3fe81c50,A15
e6940cd9-c3a1-543c-a582-de5b3fe81c50,A16
e6940cd9-c3a1-543c-a582-de5b3fe81c50,A17
e6940cd9-c3a1-543c-a582-de5b3fe81c50,A18
e6940cd9-c3a1-543c-a582-de5b3fe81c50,B00
e6940cd9-c3a1-543c-a582-de5b3fe81c50,B01
e6940cd9-c3a1-543c-a582-de5b3fe81c50,B02
e6940cd9-c3a1-543c-a582-de5b3fe81c50,B03
e6940cd9-c3a1-543c-a582-de5b3fe81c50,B04
e6940cd9-c3a1-543c-a582-de5b3fe81c50,B05
e6940cd9-c3a1-543c-a582-de5b3fe81c50,B08
e6940cd9-c3a1-543c-a582-de5b3fe81c50,C00
e6940cd9-c3a1-543c-a582-de5b3fe81c50,C01
e6940cd9-c3a1-543c-a582-de5b3fe81c50,C02
e6940cd9-c3a1-543c-a582-de5b3fe81c50,C03
e6940cd9-c3a1-543c-a582-de5b3fe81c50,C04
e6940cd9-c3a1-543c-a582-de5b3fe81c50,C05
e6940cd9-c3a1-543c-a582-de5b3fe81c50,C06
e6940cd9-c3a1-543c-a582-de5b3fe81c50,C07
e6940cd9-c3a1-543c-a582-de5b3fe81c50,C08
e6940cd9-c3a1-543c-a582-de5b3fe81c50,C09
e6940cd9-c3a1-543c-a582-de5b3fe81c50,C10
e6940cd9-c3a1-543c-a582-de5b3fe81c50,C11
e6940cd9-c3a1-543c-a582-de5b3fe81c50,C12
e6940cd9-c3a1-543c-a582-de5b3fe81c50,C13
e6940cd9-c3a1-543c-a582-de5b3fe81c50,C14
e6940cd9-c3a1-543c-a582-de5b3fe81c50,C15
e6940cd9-c3a1-543c-a582-de5b3fe81c50,C16
84a74714-4be9-557b-aa7c-5e61f12ab08b,A02
84a74714-4be9-557b-aa7c-5e61f12ab08b,A03
84a74714-4be9-557b-aa7c-5e61f12ab08b,A04
84a74714-4be9-557b-aa7c-5e61f12ab08b,A05
84a74714-4be9-557b-aa7c-5e61f12ab08b,A06
84a74714-4be9-557b-aa7c-5e61f12ab08b,A07
84a74714-4be9-557b-aa7c-5e61f12ab08b,A08
84a74714-4be9-557b-aa7c-5e61f12ab08b,A09
84a74714-4be9-557b-aa7c-5e61f12ab08b,A10
84a74714-4be9-557b-aa7c-5e61f12ab08b,A11
84a74714-4be9-557b-aa7c-5e61f12ab08b,A12
84a74714-4be9-557b-aa7c-5e61f12ab08b,A13
84a74714-4be9-557b-aa7c-5e61f12ab08b,A14
84a74714-4be9-557b-aa7c-5e61f12ab08b,A15
84a74714-4be9-557b-aa7c-5e61f12ab08b,A16
84a74714-4be9-557b-aa7c-5e61f12ab08b,A17
84a74714-4be9-557b-aa7c-5e61f12ab08b,A18
84a74714-4be9-557b-aa7c-5e61f12ab08b,B00
84a74714-4be9-557b-aa7c-5e61f12ab08b,B01
84a74714-4be9-557b-aa7c-5e61f12ab08b,B02
84a74714-4be9-557b-aa7c-5e61f12ab08b,B03
84a74714-4be9-557b-aa7c-5e61f12ab08b,B04
84a74714-4be9-557b-aa7c-5e61f12ab08b,B05
84a74714-4be9-557b-aa7c-5e61f12ab08b,B08
84a74714-4be9-557b-aa7c-5e61f12ab08b,C01
84a74714-4be9-557b-aa7c-5e61f12ab08b,C02
84a74714-4be9-557b-aa7c-5e61f12ab08b,C03
84a74714-4be9-557b-aa7c-5e61f12ab08b,C04
84a74714-4be9-557b-aa7c-5e61f12ab08b,C14
84a74714-4be9-557b-aa7c-5e61f12ab08b,C15
84a74714-4be9-557b-aa7c-5e61f12ab08b,D02
84a74714-4be9-557b-aa7c-5e61f12ab08b,D03
84a74714-4be9-557b-aa7c-5e61f12ab08b,D04
84a74714-4be9-557b-aa7c-5e61f12ab08b,D05
84a74714-4be9-557b-aa7c-5e61f12ab08b,D06
84a74714-4be9-557b-aa7c-5e61f12ab08b,D07
84a74714-4be9-557b-aa7c-5e61f12ab08b,D08
84a74714-4be9-557b-aa7c-5e61f12ab08b,D09
84a74714-4be9-557b-aa7c-5e61f12ab08b,D10
84a74714-4be9-557b-aa7c-5e61f12ab08b,D16
37c8eb7c-72d6-5f1e-a16d-a91c07dc718e,A02
37c8eb7c-72d6-5f1e-a16d-a91c07dc718e,A03
37c8eb7c-72d6-5f1e-a16d-a91c07dc718e,A04
37c8eb7c-72d6-5f1e-a16d-a91c07dc718e,A05
37c8eb7c-72d6-5f1e-a16d-a91c07dc718e,A06
37c8eb7c-72d6-5f1e-a16d-a91c07dc718e,A07
37c8eb7c-72d6-5f1e-a16d-a91c07dc718e,A08
37c8eb7c-72d6-5f1e-a16d-a91c07dc718e,A09
37c8eb7c-72d6-5f1e-a16d-a91c07dc718e,A10
37c8eb7c-72d6-5f1e-a16d-a91c07dc718e,A11
37c8eb7c-72d6-5f1e-a16d-a91c07dc718e,A12
37c8eb7c-72d6-5f1e-a16d-a91c07dc718e,A13
37c8eb7c-72d6-5f1e-a16d-a91c07dc718e,A14
37c8eb7c-72d6-5f1e-a16d-a91c07dc718e,A15
37c8eb7c-72d6-5f1e-a16d-a91c07dc718e,A16
37c8eb7c-72d6-5f1e-a16d-a91c07dc718e,A17
37c8eb7c-72d6-5f1e-a16d-a91c07dc718e,A18
37c8eb7c-72d6-5f1e-a16d-a91c07dc718e,B00
37c8eb7c-72d6-5f1e-a16d-a91c07dc718e,B01
37c8eb7c-72d6-5f1e-a16d-a91c07dc718e,B02
37c8eb7c-72d6-5f1e-a16d-a91c07dc718e,B03
37c8eb7c-72d6-5f1e-a16d-a91c07dc718e,B04
37c8eb7c-72d6-5f1e-a16d-a91c07dc718e,B05
37c8eb7c-72d6-5f1e-a16d-a91c07dc718e,B08
37c8eb7c-72d6-5f1e-a16d-a91c07dc718e,C00
37c8eb7c-72d6-5f1e-a16d-a91c07dc718e,C01
37c8eb7c-72d6-5f1e-a16d-a91c07dc718e,C02
37c8eb7c-72d6-5f1e-a16d-a91c07dc718e,C03
37c8eb7c-72d6-5f1e-a16d-a91c07dc718e,C04
37c8eb7c-72d6-5f1e-a16d-a91c07dc718e,C05
37c8eb7c-72d6-5f1e-a16d-a91c07dc718e,C06
37c8eb7c-72d6-5f1e-a16d-a91c07dc718e,C07
37c8eb7c-72d6-5f1e-a16d-a91c07dc718e,C08
37c8eb7c-72d6-5f1e-a16d-a91c07dc718e,C09
37c8eb7c-72d6-5f1e-a16d-a91c07dc718e,C10
37c8eb7c-72d6-5f1e-a16d-a91c07dc718e,C11
37c8eb7c-72d6-5f1e-a16d-a91c07dc718e,C12
37c8eb7c-72d6-5f1e-a16d-a91c07dc718e,C13
37c8eb7c-72d6-5f1e-a16d-a91c07dc718e,C14
37c8eb7c-72d6-5f1e-a16d-a91c07dc718e,C15
37c8eb7c-72d6-5f1e-a16d-a91c07dc718e,C16
27082c7c-0dfa-5587-81e0-84ebfcd466f2,A00
27082c7c-0dfa-5587-81e0-84ebfcd466f2,A01
27082c7c-0dfa-5587-81e0-84ebfcd466f2,A02
27082c7c-0dfa-5587-81e0-84ebfcd466f2,A03
27082c7c-0dfa-5587-81e0-84ebfcd466f2,A04
27082c7c-0dfa-5587-81e0-84ebfcd466f2,A05
27082c7c-0dfa-5587-81e0-84ebfcd466f2,A06
27082c7c-0dfa-5587-81e0-84ebfcd466f2,A10
27082c7c-0dfa-5587-81e0-84ebfcd466f2,A11
27082c7c-0dfa-5587-81e0-84ebfcd466f2,A17
27082c7c-0dfa-5587-81e0-84ebfcd466f2,A18
27082c7c-0dfa-5587-81e0-84ebfcd466f2,B00
27082c7c-0dfa-5587-81e0-84ebfcd466f2,C01
27082c7c-0dfa-5587-81e0-84ebfcd466f2,C02
27082c7c-0dfa-5587-81e0-84ebfcd466f2,D07
27082c7c-0dfa-5587-81e0-84ebfcd466f2,D21
27082c7c-0dfa-5587-81e0-84ebfcd466f2,D22
27082c7c-0dfa-5587-81e0-84ebfcd466f2,D23
27082c7c-0dfa-5587-81e0-84ebfcd466f2,D24
27082c7c-0dfa-5587-81e0-84ebfcd466f2,D25
27082c7c-0dfa-5587-81e0-84ebfcd466f2,D26
27082c7c-0dfa-5587-81e0-84ebfcd466f2,D27
27082c7c-0dfa-5587-81e0-84ebfcd466f2,D28
27082c7c-0dfa-5587-81e0-84ebfcd466f2,D29
27082c7c-0dfa-5587-81e0-84ebfcd466f2,D30
27082c7c-0dfa-5587-81e0-84ebfcd466f2,X05
27082c7c-0dfa-5587-81e0-84ebfcd466f2,X06
27082c7c-0dfa-5587-81e0-84ebfcd466f2,X07
27082c7c-0dfa-5587-81e0-84ebfcd466f2,X08
27082c7c-0dfa-5587-81e0-84ebfcd466f2,X09
27082c7c-0dfa-5587-81e0-84ebfcd466f2,X10
27082c7c-0dfa-5587-81e0-84ebfcd466f2,X11
27082c7c-0dfa-5587-81e0-84ebfcd466f2,X12
08c2e242-ac86-5c3d-bc4a-6a1d515a2ffa,A00
08c2e242-ac86-5c3d-bc4a-6a1d515a2ffa,A01
08c2e242-ac86-5c3d-bc4a-6a1d515a2ffa,A02
08c2e242-ac86-5c3d-bc4a-6a1d515a2ffa,A03
08c2e242-ac86-5c3d-bc4a-6a1d515a2ffa,A04
08c2e242-ac86-5c3d-bc4a-6a1d515a2ffa,A05
08c2e242-ac86-5c3d-bc4a-6a1d515a2ffa,A06
08c2e242-ac86-5c3d-bc4a-6a1d515a2ffa,A07
08c2e242-ac86-5c3d-bc4a-6a1d515a2ffa,A08
08c2e242-ac86-5c3d-bc4a-6a1d515a2ffa,A09
08c2e242-ac86-5c3d-bc4a-6a1d515a2ffa,A10
08c2e242-ac86-5c3d-bc4a-6a1d515a2ffa,A11
08c2e242-ac86-5c3d-bc4a-6a1d515a2ffa,A12
08c2e242-ac86-5c3d-bc4a-6a1d515a2ffa,A13
08c2e242-ac86-5c3d-bc4a-6a1d515a2ffa,A14
08c2e242-ac86-5c3d-bc4a-6a1d515a2ffa,A15
08c2e242-ac86-5c3d-bc4a-6a1d515a2ffa,A16
08c2e242-ac86-5c3d-bc4a-6a1d515a2ffa,A17
08c2e242-ac86-5c3d-bc4a-6a1d515a2ffa,A18
08c2e242-ac86-5c3d-bc4a-6a1d515a2ffa,B00
08c2e242-ac86-5c3d-bc4a-6a1d515a2ffa,B01
08c2e242-ac86-5c3d-bc4a-6a1d515a2ffa,B02
08c2e242-ac86-5c3d-bc4a-6a1d515a2ffa,B03
08c2e242-ac86-5c3d-bc4a-6a1d515a2ffa,B04
08c2e242-ac86-5c3d-bc4a-6a1d515a2ffa,B05
08c2e242-ac86-5c3d-bc4a-6a1d515a2ffa,B08
08c2e242-ac86-5c3d-bc4a-6a1d515a2ffa,C00
08c2e242-ac86-5c3d-bc4a-6a1d515a2ffa,C01
08c2e242-ac86-5c3d-bc4a-6a1d515a2ffa,C02
08c2e242-ac86-5c3d-bc4a-6a1d515a2ffa,C03
08c2e242-ac86-5c3d-bc4a-6a1d515a2ffa,C04
08c2e242-ac86-5c3d-bc4a-6a1d515a2ffa,C05
08c2e242-ac86-5c3d-bc4a-6a1d515a2ffa,C06
08c2e242-ac86-5c3d-bc4a-6a1d515a2ffa,C07
08c2e242-ac86-5c3d-bc4a-6a1d515a2ffa,C08
08c2e242-ac86-5c3d-bc4a-6a1d515a2ffa,C09
08c2e242-ac86-5c3d-bc4a-6a1d515a2ffa,C10
08c2e242-ac86-5c3d-bc4a-6a1d515a2ffa,C11
08c2e242-ac86-5c3d-bc4a-6a1d515a2ffa,C12
08c2e242-ac86-5c3d-bc4a-6a1d515a2ffa,C13
08c2e242-ac86-5c3d-bc4a-6a1d515a2ffa,C14
08c2e242-ac86-5c3d-bc4a-6a1d515a2ffa,C15
08c2e242-ac86-5c3d-bc4a-6a1d515a2ffa,C16
6bea1152-e87a-5e3d-8740-60ff3309b205,A02
6bea1152-e87a-5e3d-8740-60ff3309b205,A03
6bea1152-e87a-5e3d-8740-60ff3309b205,A04
6bea1152-e87a-5e3d-8740-60ff3309b205,A05
6bea1152-e87a-5e3d-8740-60ff3309b205,A06
6bea1152-e87a-5e3d-8740-60ff3309b205,A07
6bea1152-e87a-5e3d-8740-60ff3309b205,A08
6bea1152-e87a-5e3d-8740-60ff3309b205,A09
6bea1152-e87a-5e3d-8740-60ff3309b205,A10
6bea1152-e87a-5e3d-8740-60ff3309b205,A11
6bea1152-e87a-5e3d-8740-60ff3309b205,A12
6bea1152-e87a-5e3d-8740-60ff3309b205,A13
6bea1152-e87a-5e3d-8740-60ff3309b205,A14
6bea1152-e87a-5e3d-8740-60ff3309b205,A15
6bea1152-e87a-5e3d-8740-60ff3309b205,A16
6bea1152-e87a-5e3d-8740-60ff3309b205,A17
6bea1152-e87a-5e3d-8740-60ff3309b205,A18
6bea1152-e87a-5e3d-8740-60ff3309b205,B00
6bea1152-e87a-5e3d-8740-60ff3309b205,B01
6bea1152-e87a-5e3d-8740-60ff3309b205,B02
6bea1152-e87a-5e3d-8740-60ff3309b205,B03
6bea1152-e87a-5e3d-8740-60ff3309b205,B04
6bea1152-e87a-5e3d-8740-60ff3309b205,B05
6bea1152-e87a-5e3d-8740-60ff3309b205,B08
6bea1152-e87a-5e3d-8740-60ff3309b205,C00
6bea1152-e87a-5e3d-8740-60ff3309b205,C02
6bea1152-e87a-5e3d-8740-60ff3309b205,C03
6bea1152-e87a-5e3d-8740-60ff3309b205,C04
6bea1152-e87a-5e3d-8740-60ff3309b205,C05
6bea1152-e87a-5e3d-8740-60ff3309b205,C06
6bea1152-e87a-5e3d-8740-60ff3309b205,C07
6bea1152-e87a-5e3d-8740-60ff3309b205,C08
6bea1152-e87a-5e3d-8740-60ff3309b205,C09
6bea1152-e87a-5e3d-8740-60ff3309b205,C10
6bea1152-e87a-5e3d-8740-60ff3309b205,C11
6bea1152-e87a-5e3d-8740-60ff3309b205,C12
6bea1152-e87a-5e3d-8740-60ff3309b205,C13
6bea1152-e87a-5e3d-8740-60ff3309b205,C14
6bea1152-e87a-5e3d-8740-60ff3309b205,C15
6bea1152-e87a-5e3d-8740-60ff3309b205,C16
420acca6-dd21-5076-b6ca-f79cacbfc6ea,A02
420acca6-dd21-5076-b6ca-f79cacbfc6ea,A03
420acca6-dd21-5076-b6ca-f79cacbfc6ea,A04
420acca6-dd21-5076-b6ca-f79cacbfc6ea,A05
420acca6-dd21-5076-b6ca-f79cacbfc6ea,A06
420acca6-dd21-5076-b6ca-f79cacbfc6ea,A07
420acca6-dd21-5076-b6ca-f79cacbfc6ea,A08
420acca6-dd21-5076-b6ca-f79cacbfc6ea,A09
420acca6-dd21-5076-b6ca-f79cacbfc6ea,A10
420acca6-dd21-5076-b6ca-f79cacbfc6ea,A11
420acca6-dd21-5076-b6ca-f79cacbfc6ea,A12
420acca6-dd21-5076-b6ca-f79cacbfc6ea,A13
420acca6-dd21-5076-b6ca-f79cacbfc6ea,A14
420acca6-dd21-5076-b6ca-f79cacbfc6ea,A15
420acca6-dd21-5076-b6ca-f79cacbfc6ea,A16
420acca6-dd21-5076-b6ca-f79cacbfc6ea,A17
420acca6-dd21-5076-b6ca-f79cacbfc6ea,A18
420acca6-dd21-5076-b6ca-f79cacbfc6ea,B00
420acca6-dd21-5076-b6ca-f79cacbfc6ea,B01
420acca6-dd21-5076-b6ca-f79cacbfc6ea,B02
420acca6-dd21-5076-b6ca-f79cacbfc6ea,B03
420acca6-dd21-5076-b6ca-f79cacbfc6ea,B04
420acca6-dd21-5076-b6ca-f79cacbfc6ea,B05
420acca6-dd21-5076-b6ca-f79cacbfc6ea,B08
420acca6-dd21-5076-b6ca-f79cacbfc6ea,C01
420acca6-dd21-5076-b6ca-f79cacbfc6ea,C02
420acca6-dd21-5076-b6ca-f79cacbfc6ea,C03
420acca6-dd21-5076-b6ca-f79cacbfc6ea,C04
420acca6-dd21-5076-b6ca-f79cacbfc6ea,C14
420acca6-dd21-5076-b6ca-f79cacbfc6ea,C15
420acca6-dd21-5076-b6ca-f79cacbfc6ea,D02
420acca6-dd21-5076-b6ca-f79cacbfc6ea,D03
420acca6-dd21-5076-b6ca-f79cacbfc6ea,D04
420acca6-dd21-5076-b6ca-f79cacbfc6ea,D05
420acca6-dd21-5076-b6ca-f79cacbfc6ea,D06
420acca6-dd21-5076-b6ca-f79cacbfc6ea,D07
420acca6-dd21-5076-b6ca-f79cacbfc6ea,D08
420acca6-dd21-5076-b6ca-f79cacbfc6ea,D09
420acca6-dd21-5076-b6ca-f79cacbfc6ea,D10
420acca6-dd21-5076-b6ca-f79cacbfc6ea,D16
43aa9839-12ea-5ab3-a479-15db0eb2279b,A00
43aa9839-12ea-5ab3-a479-15db0eb2279b,A02
43aa9839-12ea-5ab3-a479-15db0eb2279b,A03
43aa9839-12ea-5ab3-a479-15db0eb2279b,A04
43aa9839-12ea-5ab3-a479-15db0eb2279b,A05
43aa9839-12ea-5ab3-a479-15db0eb2279b,A06
43aa9839-12ea-5ab3-a479-15db0eb2279b,A07
43aa9839-12ea-5ab3-a479-15db0eb2279b,A08
43aa9839-12ea-5ab3-a479-15db0eb2279b,A09
43aa9839-12ea-5ab3-a479-15db0eb2279b,A10
43aa9839-12ea-5ab3-a479-15db0eb2279b,A11
43aa9839-12ea-5ab3-a479-15db0eb2279b,A12
43aa9839-12ea-5ab3-a479-15db0eb2279b,A13
43aa9839-12ea-5ab3-a479-15db0eb2279b,A14
43aa9839-12ea-5ab3-a479-15db0eb2279b,A15
43aa9839-12ea-5ab3-a479-15db0eb2279b,A16
43aa9839-12ea-5ab3-a479-15db0eb2279b,A17
43aa9839-12ea-5ab3-a479-15db0eb2279b,A18
43aa9839-12ea-5ab3-a479-15db0eb2279b,B00
43aa9839-12ea-5ab3-a479-15db0eb2279b,B01
43aa9839-12ea-5ab3-a479-15db0eb2279b,B02
43aa9839-12ea-5ab3-a479-15db0eb2279b,B03
43aa9839-12ea-5ab3-a479-15db0eb2279b,B04
43aa9839-12ea-5ab3-a479-15db0eb2279b,B05
43aa9839-12ea-5ab3-a479-15db0eb2279b,B08
43aa9839-12ea-5ab3-a479-15db0eb2279b,C01
43aa9839-12ea-5ab3-a479-15db0eb2279b,C02
43aa9839-12ea-5ab3-a479-15db0eb2279b,C03
43aa9839-12ea-5ab3-a479-15db0eb2279b,C04
43aa9839-12ea-5ab3-a479-15db0eb2279b,C05
43aa9839-12ea-5ab3-a479-15db0eb2279b,C06
43aa9839-12ea-5ab3-a479-15db0eb2279b,C07
43aa9839-12ea-5ab3-a479-15db0eb2279b,C08
43aa9839-12ea-5ab3-a479-15db0eb2279b,C09
43aa9839-12ea-5ab3-a479-15db0eb2279b,C10
43aa9839-12ea-5ab3-a479-15db0eb2279b,C11
43aa9839-12ea-5ab3-a479-15db0eb2279b,C12
43aa9839-12ea-5ab3-a479-15db0eb2279b,C13
43aa9839-12ea-5ab3-a479-15db0eb2279b,C14
43aa9839-12ea-5ab3-a479-15db0eb2279b,C15
43aa9839-12ea-5ab3-a479-15db0eb2279b,C16
5a557648-1118-55e9-81eb-28401daea212,A00
5a557648-1118-55e9-81eb-28401daea212,A02
5a557648-1118-55e9-81eb-28401daea212,A03
5a557648-1118-55e9-81eb-28401daea212,A04
5a557648-1118-55e9-81eb-28401daea212,A05
5a557648-1118-55e9-81eb-28401daea212,A06
5a557648-1118-55e9-81eb-28401daea212,A07
5a557648-1118-55e9-81eb-28401daea212,A08
5a557648-1118-55e9-81eb-28401daea212,A09
5a557648-1118-55e9-81eb-28401daea212,A10
5a557648-1118-55e9-81eb-28401daea212,A11
5a557648-1118-55e9-81eb-28401daea212,A12
5a557648-1118-55e9-81eb-28401daea212,A13
5a557648-1118-55e9-81eb-28401daea212,A14
5a557648-1118-55e9-81eb-28401daea212,A15
5a557648-1118-55e9-81eb-28401daea212,A16
5a557648-1118-55e9-81eb-28401daea212,A17
5a557648-1118-55e9-81eb-28401daea212,A18
5a557648-1118-55e9-81eb-28401daea212,B00
5a557648-1118-55e9-81eb-28401daea212,B01
5a557648-1118-55e9-81eb-28401daea212,B02
5a557648-1118-55e9-81eb-28401daea212,B03
5a557648-1118-55e9-81eb-28401daea212,B04
5a557648-1118-55e9-81eb-28401daea212,B05
5a557648-1118-55e9-81eb-28401daea212,B08
5a557648-1118-55e9-81eb-28401daea212,C01
5a557648-1118-55e9-81eb-28401daea212,C02
5a557648-1118-55e9-81eb-28401daea212,C03
5a557648-1118-55e9-81eb-28401daea212,C04
5a557648-1118-55e9-81eb-28401daea212,C05
5a557648-1118-55e9-81eb-28401daea212,C06
5a557648-1118-55e9-81eb-28401daea212,C07
5a557648-1118-55e9-81eb-28401daea212,C08
5a557648-1118-55e9-81eb-28401daea212,C09
5a557648-1118-55e9-81eb-28401daea212,C10
5a557648-1118-55e9-81eb-28401daea212,C11
5a557648-1118-55e9-81eb-28401daea212,C12
5a557648-1118-55e9-81eb-28401daea212,C13
5a557648-1118-55e9-81eb-28401daea212,C14
5a557648-1118-55e9-81eb-28401daea212,C15
5a557648-1118-55e9-81eb-28401daea212,C16
2befe729-2135-5f24-a3fe-338dd0c20545,A00
2befe729-2135-5f24-a3fe-338dd0c20545,A01
2befe729-2135-5f24-a3fe-338dd0c20545,A02
2befe729-2135-5f24-a3fe-338dd0c20545,A03
2befe729-2135-5f24-a3fe-338dd0c20545,A04
2befe729-2135-5f24-a3fe-338dd0c20545,A05
2befe729-2135-5f24-a3fe-338dd0c20545,A06
2befe729-2135-5f24-a3fe-338dd0c20545,A07
2befe729-2135-5f24-a3fe-338dd0c20545,A08
2befe729-2135-5f24-a3fe-338dd0c20545,A09
2befe729-2135-5f24-a3fe-338dd0c20545,A10
2befe729-2135-5f24-a3fe-338dd0c20545,A11
2befe729-2135-5f24-a3fe-338dd0c20545,A12
2befe729-2135-5f24-a3fe-338dd0c20545,A13
2befe729-2135-5f24-a3fe-338dd0c20545,A14
2befe729-2135-5f24-a3fe-338dd0c20545,A15
2befe729-2135-5f24-a3fe-338dd0c20545,A16
2befe729-2135-5f24-a3fe-338dd0c20545,A17
2befe729-2135-5f24-a3fe-338dd0c20545,A18
2befe729-2135-5f24-a3fe-338dd0c20545,B00
2befe729-2135-5f24-a3fe-338dd0c20545,B01
2befe729-2135-5f24-a3fe-338dd0c20545,B02
2befe729-2135-5f24-a3fe-338dd0c20545,B03
2befe729-2135-5f24-a3fe-338dd0c20545,B04
2befe729-2135-5f24-a3fe-338dd0c20545,B05
2befe729-2135-5f24-a3fe-338dd0c20545,B08
2befe729-2135-5f24-a3fe-338dd0c20545,C00
2befe729-2135-5f24-a3fe-338dd0c20545,C01
2befe729-2135-5f24-a3fe-338dd0c20545,C02
2befe729-2135-5f24-a3fe-338dd0c20545,C03
2befe729-2135-5f24-a3fe-338dd0c20545,C04
2befe729-2135-5f24-a3fe-338dd0c20545,C05
2befe729-2135-5f24-a3fe-338dd0c20545,C06
2befe729-2135-5f24-a3fe-338dd0c20545,C07
2befe729-2135-5f24-a3fe-338dd0c20545,C08
2befe729-2135-5f24-a3fe-338dd0c20545,C09
2befe729-2135-5f24-a3fe-338dd0c20545,C10
2befe729-2135-5f24-a3fe-338dd0c20545,C11
2befe729-2135-5f24-a3fe-338dd0c20545,C12
2befe729-2135-5f24-a3fe-338dd0c20545,C13
2befe729-2135-5f24-a3fe-338dd0c20545,C14
2befe729-2135-5f24-a3fe-338dd0c20545,C15
2befe729-2135-5f24-a3fe-338dd0c20545,C16
cc759a9f-6409-5e18-ac1e-6285fa11fc9d,A02
cc759a9f-6409-5e18-ac1e-6285fa11fc9d,A03
cc759a9f-6409-5e18-ac1e-6285fa11fc9d,A04
cc759a9f-6409-5e18-ac1e-6285fa11fc9d,A05
cc759a9f-6409-5e18-ac1e-6285fa11fc9d,A06
cc759a9f-6409-5e18-ac1e-6285fa11fc9d,A07
cc759a9f-6409-5e18-ac1e-6285fa11fc9d,A08
cc759a9f-6409-5e18-ac1e-6285fa11fc9d,A09
cc759a9f-6409-5e18-ac1e-6285fa11fc9d,A10
cc759a9f-6409-5e18-ac1e-6285fa11fc9d,A11
cc759a9f-6409-5e18-ac1e-6285fa11fc9d,A12
cc759a9f-6409-5e18-ac1e-6285fa11fc9d,A13
cc759a9f-6409-5e18-ac1e-6285fa11fc9d,A14
cc759a9f-6409-5e18-ac1e-6285fa11fc9d,A15
cc759a9f-6409-5e18-ac1e-6285fa11fc9d,A16
cc759a9f-6409-5e18-ac1e-6285fa11fc9d,A17
cc759a9f-6409-5e18-ac1e-6285fa11fc9d,A18
cc759a9f-6409-5e18-ac1e-6285fa11fc9d,B00
cc759a9f-6409-5e18-ac1e-6285fa11fc9d,B01
cc759a9f-6409-5e18-ac1e-6285fa11fc9d,B02
cc759a9f-6409-5e18-ac1e-6285fa11fc9d,B03
cc759a9f-6409-5e18-ac1e-6285fa11fc9d,B04
cc759a9f-6409-5e18-ac1e-6285fa11fc9d,B05
cc759a9f-6409-5e18-ac1e-6285fa11fc9d,B08
cc759a9f-6409-5e18-ac1e-6285fa11fc9d,C01
cc759a9f-6409-5e18-ac1e-6285fa11fc9d,C02
cc759a9f-6409-5e18-ac1e-6285fa11fc9d,C03
cc759a9f-6409-5e18-ac1e-6285fa11fc9d,C04
cc759a9f-6409-5e18-ac1e-6285fa11fc9d,C05
cc759a9f-6409-5e18-ac1e-6285fa11fc9d,C06
cc759a9f-6409-5e18-ac1e-6285fa11fc9d,C07
cc759a9f-6409-5e18-ac1e-6285fa11fc9d,C08
cc759a9f-6409-5e18-ac1e-6285fa11fc9d,C09
cc759a9f-6409-5e18-ac1e-6285fa11fc9d,C10
cc759a9f-6409-5e18-ac1e-6285fa11fc9d,C11
cc759a9f-6409-5e18-ac1e-6285fa11fc9d,C12
cc759a9f-6409-5e18-ac1e-6285fa11fc9d,C13
cc759a9f-6409-5e18-ac1e-6285fa11fc9d,C14
cc759a9f-6409-5e18-ac1e-6285fa11fc9d,C15
cc759a9f-6409-5e18-ac1e-6285fa11fc9d,C16
80fcb5cd-a43b-5277-a52a-78b84bef51c4,A00
80fcb5cd-a43b-5277-a52a-78b84bef51c4,A01
80fcb5cd-a43b-5277-a52a-78b84bef51c4,A02
80fcb5cd-a43b-5277-a52a-78b84bef51c4,A03
80fcb5cd-a43b-5277-a52a-78b84bef51c4,A04
80fcb5cd-a43b-5277-a52a-78b84bef51c4,A05
80fcb5cd-a43b-5277-a52a-78b84bef51c4,A06
80fcb5cd-a43b-5277-a52a-78b84bef51c4,A07
80fcb5cd-a43b-5277-a52a-78b84bef51c4,A08
80fcb5cd-a43b-5277-a52a-78b84bef51c4,A09
80fcb5cd-a43b-5277-a52a-78b84bef51c4,A10
80fcb5cd-a43b-5277-a52a-78b84bef51c4,A11
80fcb5cd-a43b-5277-a52a-78b84bef51c4,A12
80fcb5cd-a43b-5277-a52a-78b84bef51c4,A13
80fcb5cd-a43b-5277-a52a-78b84bef51c4,A14
80fcb5cd-a43b-5277-a52a-78b84bef51c4,A15
80fcb5cd-a43b-5277-a52a-78b84bef51c4,A16
80fcb5cd-a43b-5277-a52a-78b84bef51c4,A17
80fcb5cd-a43b-5277-a52a-78b84bef51c4,A18
80fcb5cd-a43b-5277-a52a-78b84bef51c4,B00
80fcb5cd-a43b-5277-a52a-78b84bef51c4,B01
80fcb5cd-a43b-5277-a52a-78b84bef51c4,B02
80fcb5cd-a43b-5277-a52a-78b84bef51c4,B03
80fcb5cd-a43b-5277-a52a-78b84bef51c4,B04
80fcb5cd-a43b-5277-a52a-78b84bef51c4,B05
80fcb5cd-a43b-5277-a52a-78b84bef51c4,B08
80fcb5cd-a43b-5277-a52a-78b84bef51c4,C01
80fcb5cd-a43b-5277-a52a-78b84bef51c4,C02
80fcb5cd-a43b-5277-a52a-78b84bef51c4,C03
80fcb5cd-a43b-5277-a52a-78b84bef51c4,C04
80fcb5cd-a43b-5277-a52a-78b84bef51c4,C14
80fcb5cd-a43b-5277-a52a-78b84bef51c4,C15
80fcb5cd-a43b-5277-a52a-78b84bef51c4,D01
80fcb5cd-a43b-5277-a52a-78b84bef51c4,D02
80fcb5cd-a43b-5277-a52a-78b84bef51c4,D03
80fcb5cd-a43b-5277-a52a-78b84bef51c4,D04
80fcb5cd-a43b-5277-a52a-78b84bef51c4,D05
80fcb5cd-a43b-5277-a52a-78b84bef51c4,D06
80fcb5cd-a43b-5277-a52a-78b84bef51c4,D07
80fcb5cd-a43b-5277-a52a-78b84bef51c4,D08
80fcb5cd-a43b-5277-a52a-78b84bef51c4,D09
80fcb5cd-a43b-5277-a52a-78b84bef51c4,D10
80fcb5cd-a43b-5277-a52a-78b84bef51c4,D16
68a75a10-caa9-5a19-a46a-acad82f10e95,D00
57993e64-feb0-5d61-a6fa-92dcc09ee4d1,D00
e1ea5c2e-9345-5b46-bc3b-4dabaf92d594,H00
e1ea5c2e-9345-5b46-bc3b-4dabaf92d594,H01
e1ea5c2e-9345-5b46-bc3b-4dabaf92d594,V00
e1ea5c2e-9345-5b46-bc3b-4dabaf92d594,V01
a1873b5a-c2a6-5dbb-aac7-4eaa5f7850fe,D01
a1873b5a-c2a6-5dbb-aac7-4eaa5f7850fe,D14
a1873b5a-c2a6-5dbb-aac7-4eaa5f7850fe,D15
a1873b5a-c2a6-5dbb-aac7-4eaa5f7850fe,D78
982c146c-984f-5c58-bf20-aa6481cd656f,A00
982c146c-984f-5c58-bf20-aa6481cd656f,A01
982c146c-984f-5c58-bf20-aa6481cd656f,C01
982c146c-984f-5c58-bf20-aa6481cd656f,D01
148a29fb-4ad7-5aa0-9e6a-291df84d1b8f,C00
148a29fb-4ad7-5aa0-9e6a-291df84d1b8f,D01
148a29fb-4ad7-5aa0-9e6a-291df84d1b8f,D15
148a29fb-4ad7-5aa0-9e6a-291df84d1b8f,D78
c0de1ce2-67ff-56b2-9ad5-f2451c66efac,A00
c0de1ce2-67ff-56b2-9ad5-f2451c66efac,A01
c0de1ce2-67ff-56b2-9ad5-f2451c66efac,C01
c0de1ce2-67ff-56b2-9ad5-f2451c66efac,D01
8df02b2e-489c-52e7-bd12-0508b9f4de39,A00
8df02b2e-489c-52e7-bd12-0508b9f4de39,A01
8df02b2e-489c-52e7-bd12-0508b9f4de39,D01
8df02b2e-489c-52e7-bd12-0508b9f4de39,D96
8562d81a-60ad-54ed-8b5d-8a1896e56bcd,A00
8562d81a-60ad-54ed-8b5d-8a1896e56bcd,A01
8562d81a-60ad-54ed-8b5d-8a1896e56bcd,D01
8562d81a-60ad-54ed-8b5d-8a1896e56bcd,D96
a6ab8c6f-a338-535c-9db7-36a8f7291a31,A00
a6ab8c6f-a338-535c-9db7-36a8f7291a31,A01
a6ab8c6f-a338-535c-9db7-36a8f7291a31,D01
a6ab8c6f-a338-535c-9db7-36a8f7291a31,D96
dbc592c9-e51c-5219-9e3b-02e35d174dff,A00
dbc592c9-e51c-5219-9e3b-02e35d174dff,A01
dbc592c9-e51c-5219-9e3b-02e35d174dff,D01
dbc592c9-e51c-5219-9e3b-02e35d174dff,D96
52f4a55b-c360-5eee-938e-2ad91d2107f8,A00
52f4a55b-c360-5eee-938e-2ad91d2107f8,C00
52f4a55b-c360-5eee-938e-2ad91d2107f8,D01
52f4a55b-c360-5eee-938e-2ad91d2107f8,D78
77e53e63-64d8-538e-b875-588caec6746a,A00
77e53e63-64d8-538e-b875-588caec6746a,A01
77e53e63-64d8-538e-b875-588caec6746a,C01
77e53e63-64d8-538e-b875-588caec6746a,D01
b065d875-7aa5-529f-9985-5dda172be84e,A00
b065d875-7aa5-529f-9985-5dda172be84e,A01
b065d875-7aa5-529f-9985-5dda172be84e,D01
b065d875-7aa5-529f-9985-5dda172be84e,D96
7835d002-47c7-5dee-89a7-ce93001c7c8b,A00
7835d002-47c7-5dee-89a7-ce93001c7c8b,A01
7835d002-47c7-5dee-89a7-ce93001c7c8b,C01
7835d002-47c7-5dee-89a7-ce93001c7c8b,D01
087c11e4-76f3-5f0e-ac68-43a4e20af9af,H00
087c11e4-76f3-5f0e-ac68-43a4e20af9af,H01
087c11e4-76f3-5f0e-ac68-43a4e20af9af,V00
087c11e4-76f3-5f0e-ac68-43a4e20af9af,V01
b6c425cb-7186-50fe-9a37-f4ef867beb5e,A00
b6c425cb-7186-50fe-9a37-f4ef867beb5e,A01
b6c425cb-7186-50fe-9a37-f4ef867beb5e,D01
b6c425cb-7186-50fe-9a37-f4ef867beb5e,D07
932213cb-1ebc-5cc3-b3e4-fc053d9366ea,A00
932213cb-1ebc-5cc3-b3e4-fc053d9366ea,B00
932213cb-1ebc-5cc3-b3e4-fc053d9366ea,D07
932213cb-1ebc-5cc3-b3e4-fc053d9366ea,D08
ff4d57cf-61cd-5d20-9438-3d891dc0ccd1,A00
ff4d57cf-61cd-5d20-9438-3d891dc0ccd1,B00
ff4d57cf-61cd-5d20-9438-3d891dc0ccd1,D07
ff4d57cf-61cd-5d20-9438-3d891dc0ccd1,D08
9fd5890b-2d16-50c8-9e4c-8ed94703cee0,A00
9fd5890b-2d16-50c8-9e4c-8ed94703cee0,B00
9fd5890b-2d16-50c8-9e4c-8ed94703cee0,D07
9fd5890b-2d16-50c8-9e4c-8ed94703cee0,D08
56c23bbe-cf8e-58d5-9250-6caa8c7c35a1,C00
56c23bbe-cf8e-58d5-9250-6caa8c7c35a1,D01
56c23bbe-cf8e-58d5-9250-6caa8c7c35a1,D78
56c23bbe-cf8e-58d5-9250-6caa8c7c35a1,D96
973fb2af-18f8-5429-98e8-68c1b6906073,C00
973fb2af-18f8-5429-98e8-68c1b6906073,D01
973fb2af-18f8-5429-98e8-68c1b6906073,D72
973fb2af-18f8-5429-98e8-68c1b6906073,D96
c96d8002-eac2-5fcf-bde6-87d8be1a1be3,C00
c96d8002-eac2-5fcf-bde6-87d8be1a1be3,D01
c96d8002-eac2-5fcf-bde6-87d8be1a1be3,D72
c96d8002-eac2-5fcf-bde6-87d8be1a1be3,D96
e1ea5c2e-9345-5b46-bc3b-4dabaf92d594,H02
8f30afeb-774b-563b-8af3-51425c84f9fe,H00
8f30afeb-774b-563b-8af3-51425c84f9fe,H02
8f30afeb-774b-563b-8af3-51425c84f9fe,V00
8f30afeb-774b-563b-8af3-51425c84f9fe,V01
087c11e4-76f3-5f0e-ac68-43a4e20af9af,H02
8f30afeb-774b-563b-8af3-51425c84f9fe,H01
b145add1-b372-5629-a6cc-eb355346b21c,A00
b145add1-b372-5629-a6cc-eb355346b21c,A01
b145add1-b372-5629-a6cc-eb355346b21c,C01
b145add1-b372-5629-a6cc-eb355346b21c,D01
24524547-6299-529f-9794-ae161ceb89df,A01
24524547-6299-529f-9794-ae161ceb89df,C00
24524547-6299-529f-9794-ae161ceb89df,D01
24524547-6299-529f-9794-ae161ceb89df,D04
d18b93e4-f90f-5df3-9ae7-1d79cecc296e,A00
d18b93e4-f90f-5df3-9ae7-1d79cecc296e,A01
d18b93e4-f90f-5df3-9ae7-1d79cecc296e,C00
d18b93e4-f90f-5df3-9ae7-1d79cecc296e,D01
7835d002-47c7-5dee-89a7-ce93001c7c8b,C00
c8ab44a5-08b5-5325-8453-1a49bdfad8fb,A00
c8ab44a5-08b5-5325-8453-1a49bdfad8fb,B00
c8ab44a5-08b5-5325-8453-1a49bdfad8fb,D07
c8ab44a5-08b5-5325-8453-1a49bdfad8fb,D08
e1ea5c2e-9345-5b46-bc3b-4dabaf92d594,H07
8f30afeb-774b-563b-8af3-51425c84f9fe,H06
8f30afeb-774b-563b-8af3-51425c84f9fe,H08
a1873b5a-c2a6-5dbb-aac7-4eaa5f7850fe,A01
a1873b5a-c2a6-5dbb-aac7-4eaa5f7850fe,D07
a1873b5a-c2a6-5dbb-aac7-4eaa5f7850fe,D08
24524547-6299-529f-9794-ae161ceb89df,D10
24524547-6299-529f-9794-ae161ceb89df,D14
24524547-6299-529f-9794-ae161ceb89df,D15
24524547-6299-529f-9794-ae161ceb89df,D30
d18b93e4-f90f-5df3-9ae7-1d79cecc296e,C01
d18b93e4-f90f-5df3-9ae7-1d79cecc296e,C04
d18b93e4-f90f-5df3-9ae7-1d79cecc296e,C14
d18b93e4-f90f-5df3-9ae7-1d79cecc296e,D14
148a29fb-4ad7-5aa0-9e6a-291df84d1b8f,C01
148a29fb-4ad7-5aa0-9e6a-291df84d1b8f,C04
148a29fb-4ad7-5aa0-9e6a-291df84d1b8f,C14
148a29fb-4ad7-5aa0-9e6a-291df84d1b8f,D14
8df02b2e-489c-52e7-bd12-0508b9f4de39,A10
8df02b2e-489c-52e7-bd12-0508b9f4de39,C01
8562d81a-60ad-54ed-8b5d-8a1896e56bcd,A10
8562d81a-60ad-54ed-8b5d-8a1896e56bcd,C01
a6ab8c6f-a338-535c-9db7-36a8f7291a31,A10
a6ab8c6f-a338-535c-9db7-36a8f7291a31,C01
dbc592c9-e51c-5219-9e3b-02e35d174dff,A10
dbc592c9-e51c-5219-9e3b-02e35d174dff,C01
52f4a55b-c360-5eee-938e-2ad91d2107f8,C01
52f4a55b-c360-5eee-938e-2ad91d2107f8,C19
52f4a55b-c360-5eee-938e-2ad91d2107f8,D14
77e53e63-64d8-538e-b875-588caec6746a,D07
b065d875-7aa5-529f-9985-5dda172be84e,A10
b065d875-7aa5-529f-9985-5dda172be84e,C01
b145add1-b372-5629-a6cc-eb355346b21c,D07
087c11e4-76f3-5f0e-ac68-43a4e20af9af,H07
c8ab44a5-08b5-5325-8453-1a49bdfad8fb,A02
c8ab44a5-08b5-5325-8453-1a49bdfad8fb,B03
c8ab44a5-08b5-5325-8453-1a49bdfad8fb,B08
932213cb-1ebc-5cc3-b3e4-fc053d9366ea,A02
932213cb-1ebc-5cc3-b3e4-fc053d9366ea,B03
932213cb-1ebc-5cc3-b3e4-fc053d9366ea,B08
ff4d57cf-61cd-5d20-9438-3d891dc0ccd1,A02
ff4d57cf-61cd-5d20-9438-3d891dc0ccd1,A11
ff4d57cf-61cd-5d20-9438-3d891dc0ccd1,B03
ff4d57cf-61cd-5d20-9438-3d891dc0ccd1,B08
ff4d57cf-61cd-5d20-9438-3d891dc0ccd1,C02
9fd5890b-2d16-50c8-9e4c-8ed94703cee0,A02
9fd5890b-2d16-50c8-9e4c-8ed94703cee0,B03
9fd5890b-2d16-50c8-9e4c-8ed94703cee0,B08
9fd5890b-2d16-50c8-9e4c-8ed94703cee0,C02
973fb2af-18f8-5429-98e8-68c1b6906073,A10
973fb2af-18f8-5429-98e8-68c1b6906073,C04
973fb2af-18f8-5429-98e8-68c1b6906073,D15
c96d8002-eac2-5fcf-bde6-87d8be1a1be3,A10
c96d8002-eac2-5fcf-bde6-87d8be1a1be3,C04
c96d8002-eac2-5fcf-bde6-87d8be1a1be3,D15
e4fd7a24-a74a-5ed9-a9ee-385ad228f993,V00
e4fd7a24-a74a-5ed9-a9ee-385ad228f993,V01
19ce31f9-e8de-5eb4-8c92-2a02bca801aa,H00
19ce31f9-e8de-5eb4-8c92-2a02bca801aa,H07
5a08b237-c978-57a1-b2af-adc0e9dccc13,H00
5a08b237-c978-57a1-b2af-adc0e9dccc13,H07
b7232d27-52f0-54df-9162-52541160db5e,H00
b7232d27-52f0-54df-9162-52541160db5e,H07
23d7ee61-f3ab-517e-86d5-167ab894e4e9,H00
23d7ee61-f3ab-517e-86d5-167ab894e4e9,H07
145ab05a-0e38-5ae7-9717-9c2d9888137c,H00
145ab05a-0e38-5ae7-9717-9c2d9888137c,H07
3d7ebfdb-d067-5f8d-b1a9-46dd00f3d9e0,H00
3d7ebfdb-d067-5f8d-b1a9-46dd00f3d9e0,H07
ccb039a7-139f-50e7-be6e-0a17a54cf224,H00
ccb039a7-139f-50e7-be6e-0a17a54cf224,H07
ab6e9b63-8239-594b-b6b3-99fa9cdf839f,A00
ab6e9b63-8239-594b-b6b3-99fa9cdf839f,A02
ab6e9b63-8239-594b-b6b3-99fa9cdf839f,B00
ab6e9b63-8239-594b-b6b3-99fa9cdf839f,D08
bcfd74d3-570d-539e-9fa5-64aca24ce378,A00
bcfd74d3-570d-539e-9fa5-64aca24ce378,A06
bcfd74d3-570d-539e-9fa5-64aca24ce378,B00
bcfd74d3-570d-539e-9fa5-64aca24ce378,D07
6fda3a5d-cccc-5cb7-82dd-0b9c1539263d,A00
6fda3a5d-cccc-5cb7-82dd-0b9c1539263d,A02
6fda3a5d-cccc-5cb7-82dd-0b9c1539263d,B00
6fda3a5d-cccc-5cb7-82dd-0b9c1539263d,D07
7f473b76-dbfc-5bee-8091-fb4da22ee2a3,A00
7f473b76-dbfc-5bee-8091-fb4da22ee2a3,A02
7f473b76-dbfc-5bee-8091-fb4da22ee2a3,B00
7f473b76-dbfc-5bee-8091-fb4da22ee2a3,D07
41f992b9-8d45-5e18-84e5-dbab83ebdcec,A00
41f992b9-8d45-5e18-84e5-dbab83ebdcec,A01
41f992b9-8d45-5e18-84e5-dbab83ebdcec,A02
41f992b9-8d45-5e18-84e5-dbab83ebdcec,B00
9daa8234-fbfe-51fd-a9bf-92e13ed54a9f,A00
9daa8234-fbfe-51fd-a9bf-92e13ed54a9f,A01
9daa8234-fbfe-51fd-a9bf-92e13ed54a9f,A02
9daa8234-fbfe-51fd-a9bf-92e13ed54a9f,D08
36019355-957e-52f6-98a1-0173df62ba6e,A00
36019355-957e-52f6-98a1-0173df62ba6e,A01
36019355-957e-52f6-98a1-0173df62ba6e,A02
36019355-957e-52f6-98a1-0173df62ba6e,D07
09c73511-2278-52db-95e4-3cca36701fb2,A00
09c73511-2278-52db-95e4-3cca36701fb2,A01
09c73511-2278-52db-95e4-3cca36701fb2,A02
09c73511-2278-52db-95e4-3cca36701fb2,B00
3fdc9323-525a-5a11-b176-3e8b89fe2869,A00
3fdc9323-525a-5a11-b176-3e8b89fe2869,A01
3fdc9323-525a-5a11-b176-3e8b89fe2869,A02
3fdc9323-525a-5a11-b176-3e8b89fe2869,D07
e55fa848-cade-5342-917b-e18e54484ac2,A00
e55fa848-cade-5342-917b-e18e54484ac2,A01
e55fa848-cade-5342-917b-e18e54484ac2,A02
e55fa848-cade-5342-917b-e18e54484ac2,D07
75df403c-5836-5614-b58a-7b851f91be4e,A00
75df403c-5836-5614-b58a-7b851f91be4e,A01
75df403c-5836-5614-b58a-7b851f91be4e,A02
75df403c-5836-5614-b58a-7b851f91be4e,D07
84ca3f5b-dad1-54f2-b96e-d5f5090eb82f,A00
84ca3f5b-dad1-54f2-b96e-d5f5090eb82f,A01
84ca3f5b-dad1-54f2-b96e-d5f5090eb82f,A02
84ca3f5b-dad1-54f2-b96e-d5f5090eb82f,B00
cc5a17e7-973e-5fea-ab45-535fa6e2807b,A00
cc5a17e7-973e-5fea-ab45-535fa6e2807b,A01
cc5a17e7-973e-5fea-ab45-535fa6e2807b,A02
cc5a17e7-973e-5fea-ab45-535fa6e2807b,D07
4a8f552b-2634-5901-9dea-66a48a015d59,A00
4a8f552b-2634-5901-9dea-66a48a015d59,A02
4a8f552b-2634-5901-9dea-66a48a015d59,B00
4a8f552b-2634-5901-9dea-66a48a015d59,D07
4a66db5e-2192-5e13-b743-c3fe65f6919e,A00
4a66db5e-2192-5e13-b743-c3fe65f6919e,A02
4a66db5e-2192-5e13-b743-c3fe65f6919e,B00
4a66db5e-2192-5e13-b743-c3fe65f6919e,D07
ed714862-f5b4-5f68-bc3a-5adb0768928c,A00
ed714862-f5b4-5f68-bc3a-5adb0768928c,A01
ed714862-f5b4-5f68-bc3a-5adb0768928c,A02
ed714862-f5b4-5f68-bc3a-5adb0768928c,D08
84ca3f5b-dad1-54f2-b96e-d5f5090eb82f,D07
6dea22f5-4500-5681-a677-9a4282ae2590,A00
6dea22f5-4500-5681-a677-9a4282ae2590,A01
6dea22f5-4500-5681-a677-9a4282ae2590,A02
6dea22f5-4500-5681-a677-9a4282ae2590,D08
41f992b9-8d45-5e18-84e5-dbab83ebdcec,D07
09c73511-2278-52db-95e4-3cca36701fb2,D07
e55fa848-cade-5342-917b-e18e54484ac2,B00
4a66db5e-2192-5e13-b743-c3fe65f6919e,A01
86929816-b655-581a-b9b3-4eb6e19f1015,A00
86929816-b655-581a-b9b3-4eb6e19f1015,A02
86929816-b655-581a-b9b3-4eb6e19f1015,B00
86929816-b655-581a-b9b3-4eb6e19f1015,D07
ab6e9b63-8239-594b-b6b3-99fa9cdf839f,D07
ab6e9b63-8239-594b-b6b3-99fa9cdf839f,D15
ab6e9b63-8239-594b-b6b3-99fa9cdf839f,D20
ab6e9b63-8239-594b-b6b3-99fa9cdf839f,D32
ab6e9b63-8239-594b-b6b3-99fa9cdf839f,D90
ab6e9b63-8239-594b-b6b3-99fa9cdf839f,D91
ab6e9b63-8239-594b-b6b3-99fa9cdf839f,D96
63ec3450-0b89-5743-88ea-22b0508415d3,A00
63ec3450-0b89-5743-88ea-22b0508415d3,A02
63ec3450-0b89-5743-88ea-22b0508415d3,B00
63ec3450-0b89-5743-88ea-22b0508415d3,D07
63ec3450-0b89-5743-88ea-22b0508415d3,D08
63ec3450-0b89-5743-88ea-22b0508415d3,D15
63ec3450-0b89-5743-88ea-22b0508415d3,D20
63ec3450-0b89-5743-88ea-22b0508415d3,D32
63ec3450-0b89-5743-88ea-22b0508415d3,D90
63ec3450-0b89-5743-88ea-22b0508415d3,D91
63ec3450-0b89-5743-88ea-22b0508415d3,D96
bcfd74d3-570d-539e-9fa5-64aca24ce378,D20
bcfd74d3-570d-539e-9fa5-64aca24ce378,D90
bcfd74d3-570d-539e-9fa5-64aca24ce378,D91
74145ea8-511e-5ec2-a369-de1c06715794,A00
74145ea8-511e-5ec2-a369-de1c06715794,B00
74145ea8-511e-5ec2-a369-de1c06715794,D07
74145ea8-511e-5ec2-a369-de1c06715794,D20
74145ea8-511e-5ec2-a369-de1c06715794,D90
74145ea8-511e-5ec2-a369-de1c06715794,D91
6fda3a5d-cccc-5cb7-82dd-0b9c1539263d,A01
6fda3a5d-cccc-5cb7-82dd-0b9c1539263d,A04
6fda3a5d-cccc-5cb7-82dd-0b9c1539263d,A09
6fda3a5d-cccc-5cb7-82dd-0b9c1539263d,A19
6fda3a5d-cccc-5cb7-82dd-0b9c1539263d,D20
6fda3a5d-cccc-5cb7-82dd-0b9c1539263d,D90
6fda3a5d-cccc-5cb7-82dd-0b9c1539263d,D91
7f473b76-dbfc-5bee-8091-fb4da22ee2a3,D08
7f473b76-dbfc-5bee-8091-fb4da22ee2a3,D15
7f473b76-dbfc-5bee-8091-fb4da22ee2a3,D20
7f473b76-dbfc-5bee-8091-fb4da22ee2a3,D32
7f473b76-dbfc-5bee-8091-fb4da22ee2a3,D90
7f473b76-dbfc-5bee-8091-fb4da22ee2a3,D91
7f473b76-dbfc-5bee-8091-fb4da22ee2a3,D96
6dea22f5-4500-5681-a677-9a4282ae2590,A09
6dea22f5-4500-5681-a677-9a4282ae2590,A19
6dea22f5-4500-5681-a677-9a4282ae2590,D32
6dea22f5-4500-5681-a677-9a4282ae2590,D84
6dea22f5-4500-5681-a677-9a4282ae2590,D90
6dea22f5-4500-5681-a677-9a4282ae2590,D91
6dea22f5-4500-5681-a677-9a4282ae2590,D96
6dea22f5-4500-5681-a677-9a4282ae2590,D97
41f992b9-8d45-5e18-84e5-dbab83ebdcec,A04
41f992b9-8d45-5e18-84e5-dbab83ebdcec,A09
41f992b9-8d45-5e18-84e5-dbab83ebdcec,A19
41f992b9-8d45-5e18-84e5-dbab83ebdcec,D01
41f992b9-8d45-5e18-84e5-dbab83ebdcec,D08
41f992b9-8d45-5e18-84e5-dbab83ebdcec,D20
41f992b9-8d45-5e18-84e5-dbab83ebdcec,D32
41f992b9-8d45-5e18-84e5-dbab83ebdcec,D33
41f992b9-8d45-5e18-84e5-dbab83ebdcec,D84
41f992b9-8d45-5e18-84e5-dbab83ebdcec,D90
41f992b9-8d45-5e18-84e5-dbab83ebdcec,D91
41f992b9-8d45-5e18-84e5-dbab83ebdcec,D96
41f992b9-8d45-5e18-84e5-dbab83ebdcec,D97
41f992b9-8d45-5e18-84e5-dbab83ebdcec,D98
36019355-957e-52f6-98a1-0173df62ba6e,A09
36019355-957e-52f6-98a1-0173df62ba6e,A19
36019355-957e-52f6-98a1-0173df62ba6e,D08
36019355-957e-52f6-98a1-0173df62ba6e,D32
36019355-957e-52f6-98a1-0173df62ba6e,D84
36019355-957e-52f6-98a1-0173df62ba6e,D90
36019355-957e-52f6-98a1-0173df62ba6e,D91
36019355-957e-52f6-98a1-0173df62ba6e,D96
36019355-957e-52f6-98a1-0173df62ba6e,D97
1775fade-ac35-584f-aaad-4bc3fc0e980b,A00
1775fade-ac35-584f-aaad-4bc3fc0e980b,A01
1775fade-ac35-584f-aaad-4bc3fc0e980b,A02
1775fade-ac35-584f-aaad-4bc3fc0e980b,A09
1775fade-ac35-584f-aaad-4bc3fc0e980b,A19
1775fade-ac35-584f-aaad-4bc3fc0e980b,D08
1775fade-ac35-584f-aaad-4bc3fc0e980b,D32
1775fade-ac35-584f-aaad-4bc3fc0e980b,D84
1775fade-ac35-584f-aaad-4bc3fc0e980b,D90
1775fade-ac35-584f-aaad-4bc3fc0e980b,D91
1775fade-ac35-584f-aaad-4bc3fc0e980b,D96
1775fade-ac35-584f-aaad-4bc3fc0e980b,D97
09c73511-2278-52db-95e4-3cca36701fb2,A09
09c73511-2278-52db-95e4-3cca36701fb2,A19
09c73511-2278-52db-95e4-3cca36701fb2,D08
09c73511-2278-52db-95e4-3cca36701fb2,D32
09c73511-2278-52db-95e4-3cca36701fb2,D84
09c73511-2278-52db-95e4-3cca36701fb2,D90
09c73511-2278-52db-95e4-3cca36701fb2,D91
09c73511-2278-52db-95e4-3cca36701fb2,D96
09c73511-2278-52db-95e4-3cca36701fb2,D97
3fdc9323-525a-5a11-b176-3e8b89fe2869,A04
3fdc9323-525a-5a11-b176-3e8b89fe2869,A09
3fdc9323-525a-5a11-b176-3e8b89fe2869,A19
3fdc9323-525a-5a11-b176-3e8b89fe2869,B00
3fdc9323-525a-5a11-b176-3e8b89fe2869,D20
3fdc9323-525a-5a11-b176-3e8b89fe2869,D90
3fdc9323-525a-5a11-b176-3e8b89fe2869,D91
fea91ca1-514f-5afc-aca3-bc2ed2ca31a4,A00
fea91ca1-514f-5afc-aca3-bc2ed2ca31a4,A01
fea91ca1-514f-5afc-aca3-bc2ed2ca31a4,A09
fea91ca1-514f-5afc-aca3-bc2ed2ca31a4,A19
e55fa848-cade-5342-917b-e18e54484ac2,A04
e55fa848-cade-5342-917b-e18e54484ac2,A09
e55fa848-cade-5342-917b-e18e54484ac2,A19
e55fa848-cade-5342-917b-e18e54484ac2,D08
e55fa848-cade-5342-917b-e18e54484ac2,D10
e55fa848-cade-5342-917b-e18e54484ac2,D15
e55fa848-cade-5342-917b-e18e54484ac2,D20
e55fa848-cade-5342-917b-e18e54484ac2,D32
e55fa848-cade-5342-917b-e18e54484ac2,D33
e55fa848-cade-5342-917b-e18e54484ac2,D84
e55fa848-cade-5342-917b-e18e54484ac2,D90
e55fa848-cade-5342-917b-e18e54484ac2,D91
e55fa848-cade-5342-917b-e18e54484ac2,D96
e55fa848-cade-5342-917b-e18e54484ac2,D97
e55fa848-cade-5342-917b-e18e54484ac2,D98
75df403c-5836-5614-b58a-7b851f91be4e,A09
75df403c-5836-5614-b58a-7b851f91be4e,A19
84ca3f5b-dad1-54f2-b96e-d5f5090eb82f,A09
84ca3f5b-dad1-54f2-b96e-d5f5090eb82f,A19
cc5a17e7-973e-5fea-ab45-535fa6e2807b,A04
cc5a17e7-973e-5fea-ab45-535fa6e2807b,A09
cc5a17e7-973e-5fea-ab45-535fa6e2807b,A19
4a8f552b-2634-5901-9dea-66a48a015d59,A01
4a8f552b-2634-5901-9dea-66a48a015d59,A09
4a8f552b-2634-5901-9dea-66a48a015d59,D08
4a8f552b-2634-5901-9dea-66a48a015d59,D15
4a8f552b-2634-5901-9dea-66a48a015d59,D20
4a8f552b-2634-5901-9dea-66a48a015d59,D32
4a8f552b-2634-5901-9dea-66a48a015d59,D90
4a8f552b-2634-5901-9dea-66a48a015d59,D91
4a8f552b-2634-5901-9dea-66a48a015d59,D96
86929816-b655-581a-b9b3-4eb6e19f1015,A01
86929816-b655-581a-b9b3-4eb6e19f1015,A09
86929816-b655-581a-b9b3-4eb6e19f1015,A19
86929816-b655-581a-b9b3-4eb6e19f1015,D08
86929816-b655-581a-b9b3-4eb6e19f1015,D32
86929816-b655-581a-b9b3-4eb6e19f1015,D90
86929816-b655-581a-b9b3-4eb6e19f1015,D91
86929816-b655-581a-b9b3-4eb6e19f1015,D96
4a66db5e-2192-5e13-b743-c3fe65f6919e,A09
4a66db5e-2192-5e13-b743-c3fe65f6919e,D08
4a66db5e-2192-5e13-b743-c3fe65f6919e,D15
4a66db5e-2192-5e13-b743-c3fe65f6919e,D20
4a66db5e-2192-5e13-b743-c3fe65f6919e,D32
4a66db5e-2192-5e13-b743-c3fe65f6919e,D90
4a66db5e-2192-5e13-b743-c3fe65f6919e,D91
4a66db5e-2192-5e13-b743-c3fe65f6919e,D96
ab6e9b63-8239-594b-b6b3-99fa9cdf839f,B08
63ec3450-0b89-5743-88ea-22b0508415d3,B08
bcfd74d3-570d-539e-9fa5-64aca24ce378,X10
74145ea8-511e-5ec2-a369-de1c06715794,X10
6fda3a5d-cccc-5cb7-82dd-0b9c1539263d,X06
6fda3a5d-cccc-5cb7-82dd-0b9c1539263d,X10
7f473b76-dbfc-5bee-8091-fb4da22ee2a3,B08
7f473b76-dbfc-5bee-8091-fb4da22ee2a3,X06
7f473b76-dbfc-5bee-8091-fb4da22ee2a3,X10
7f473b76-dbfc-5bee-8091-fb4da22ee2a3,X14
6dea22f5-4500-5681-a677-9a4282ae2590,X06
6dea22f5-4500-5681-a677-9a4282ae2590,X26
41f992b9-8d45-5e18-84e5-dbab83ebdcec,B08
41f992b9-8d45-5e18-84e5-dbab83ebdcec,X06
41f992b9-8d45-5e18-84e5-dbab83ebdcec,X10
41f992b9-8d45-5e18-84e5-dbab83ebdcec,X14
41f992b9-8d45-5e18-84e5-dbab83ebdcec,X26
36019355-957e-52f6-98a1-0173df62ba6e,X06
36019355-957e-52f6-98a1-0173df62ba6e,X26
1775fade-ac35-584f-aaad-4bc3fc0e980b,X06
1775fade-ac35-584f-aaad-4bc3fc0e980b,X26
09c73511-2278-52db-95e4-3cca36701fb2,X06
09c73511-2278-52db-95e4-3cca36701fb2,X26
3fdc9323-525a-5a11-b176-3e8b89fe2869,X06
fea91ca1-514f-5afc-aca3-bc2ed2ca31a4,D07
fea91ca1-514f-5afc-aca3-bc2ed2ca31a4,X06
e55fa848-cade-5342-917b-e18e54484ac2,X06
e55fa848-cade-5342-917b-e18e54484ac2,X26
75df403c-5836-5614-b58a-7b851f91be4e,X06
84ca3f5b-dad1-54f2-b96e-d5f5090eb82f,X06
cc5a17e7-973e-5fea-ab45-535fa6e2807b,X06
4a8f552b-2634-5901-9dea-66a48a015d59,B08
cdaaf2d8-dea2-5019-80e8-2ef3a7ca08a1,A00
cdaaf2d8-dea2-5019-80e8-2ef3a7ca08a1,A16
cdaaf2d8-dea2-5019-80e8-2ef3a7ca08a1,C15
cdaaf2d8-dea2-5019-80e8-2ef3a7ca08a1,D01
24f109e1-82bb-5207-a6f2-7882c37d1997,A00
24f109e1-82bb-5207-a6f2-7882c37d1997,A16
24f109e1-82bb-5207-a6f2-7882c37d1997,C15
24f109e1-82bb-5207-a6f2-7882c37d1997,D01
936e70c3-96a2-5681-968d-ccdb280c2842,A00
936e70c3-96a2-5681-968d-ccdb280c2842,A16
936e70c3-96a2-5681-968d-ccdb280c2842,C15
936e70c3-96a2-5681-968d-ccdb280c2842,D01
87dec95e-becc-549a-b59a-a10e44b7654e,A00
87dec95e-becc-549a-b59a-a10e44b7654e,A16
87dec95e-becc-549a-b59a-a10e44b7654e,C15
87dec95e-becc-549a-b59a-a10e44b7654e,D01
af57996b-6aa7-588c-b8ef-011863aa9d53,A00
af57996b-6aa7-588c-b8ef-011863aa9d53,A16
af57996b-6aa7-588c-b8ef-011863aa9d53,B00
af57996b-6aa7-588c-b8ef-011863aa9d53,B08
6f00eccf-621b-58e2-b94f-0761c3754548,A00
6f00eccf-621b-58e2-b94f-0761c3754548,A16
6f00eccf-621b-58e2-b94f-0761c3754548,B00
6f00eccf-621b-58e2-b94f-0761c3754548,D01
eadcff6b-ac3c-52e0-8df5-0fb759b6fb68,A00
eadcff6b-ac3c-52e0-8df5-0fb759b6fb68,A01
eadcff6b-ac3c-52e0-8df5-0fb759b6fb68,A16
eadcff6b-ac3c-52e0-8df5-0fb759b6fb68,D01
aba14e8e-c0c1-5c89-b914-292ded8faf0d,A00
aba14e8e-c0c1-5c89-b914-292ded8faf0d,A01
aba14e8e-c0c1-5c89-b914-292ded8faf0d,A16
aba14e8e-c0c1-5c89-b914-292ded8faf0d,D01
771e52d1-c302-5ae6-9af6-ea93ff149890,A00
771e52d1-c302-5ae6-9af6-ea93ff149890,A01
771e52d1-c302-5ae6-9af6-ea93ff149890,A16
771e52d1-c302-5ae6-9af6-ea93ff149890,D01
99144c8b-bdee-5f52-b605-887cdb947783,A00
99144c8b-bdee-5f52-b605-887cdb947783,A01
99144c8b-bdee-5f52-b605-887cdb947783,A16
99144c8b-bdee-5f52-b605-887cdb947783,D01
4f7c0838-1399-5a99-8f35-7ebc3a04c89d,A00
4f7c0838-1399-5a99-8f35-7ebc3a04c89d,A16
4f7c0838-1399-5a99-8f35-7ebc3a04c89d,D01
4f7c0838-1399-5a99-8f35-7ebc3a04c89d,D07
ae438323-3b39-50b5-8a2c-897b4dd92f00,A00
ae438323-3b39-50b5-8a2c-897b4dd92f00,C15
ae438323-3b39-50b5-8a2c-897b4dd92f00,D01
ae438323-3b39-50b5-8a2c-897b4dd92f00,V01
36b4c4d8-5cca-5518-9b0d-ec869718ee3d,A00
36b4c4d8-5cca-5518-9b0d-ec869718ee3d,C15
36b4c4d8-5cca-5518-9b0d-ec869718ee3d,D01
36b4c4d8-5cca-5518-9b0d-ec869718ee3d,H00
806db253-9e5c-5cf3-9ab5-d15027613597,A00
806db253-9e5c-5cf3-9ab5-d15027613597,A01
806db253-9e5c-5cf3-9ab5-d15027613597,A16
806db253-9e5c-5cf3-9ab5-d15027613597,D01
de6aa5c2-2922-538e-a089-3115575a0a0b,A00
de6aa5c2-2922-538e-a089-3115575a0a0b,A16
de6aa5c2-2922-538e-a089-3115575a0a0b,B00
de6aa5c2-2922-538e-a089-3115575a0a0b,D01
d93576cc-0018-578f-ac04-bcf892732e82,A00
d93576cc-0018-578f-ac04-bcf892732e82,A16
d93576cc-0018-578f-ac04-bcf892732e82,B00
d93576cc-0018-578f-ac04-bcf892732e82,D01
682baaa6-7a98-52c4-a71a-c41ee8b9a838,A00
682baaa6-7a98-52c4-a71a-c41ee8b9a838,A16
682baaa6-7a98-52c4-a71a-c41ee8b9a838,B00
682baaa6-7a98-52c4-a71a-c41ee8b9a838,D01
4a567c90-5a21-5b1d-bbd6-dd4dc24c4879,A00
4a567c90-5a21-5b1d-bbd6-dd4dc24c4879,A16
4a567c90-5a21-5b1d-bbd6-dd4dc24c4879,B00
4a567c90-5a21-5b1d-bbd6-dd4dc24c4879,D01
5f1e6133-e207-5ed4-808d-bd10294849f9,A00
5f1e6133-e207-5ed4-808d-bd10294849f9,B00
5f1e6133-e207-5ed4-808d-bd10294849f9,C15
5f1e6133-e207-5ed4-808d-bd10294849f9,D01
60559cf7-e495-548c-8614-32c67d398197,A00
60559cf7-e495-548c-8614-32c67d398197,A16
60559cf7-e495-548c-8614-32c67d398197,B00
60559cf7-e495-548c-8614-32c67d398197,B08
80865a4b-22a0-5b90-a792-957443a496d2,A00
80865a4b-22a0-5b90-a792-957443a496d2,C00
80865a4b-22a0-5b90-a792-957443a496d2,C15
80865a4b-22a0-5b90-a792-957443a496d2,D01
4c8ea9e2-2e86-5d16-82f0-ea7ea34c953f,A00
4c8ea9e2-2e86-5d16-82f0-ea7ea34c953f,C00
4c8ea9e2-2e86-5d16-82f0-ea7ea34c953f,C15
4c8ea9e2-2e86-5d16-82f0-ea7ea34c953f,D01
bfecafab-74e3-59ce-a682-5c09fbe27e71,A00
bfecafab-74e3-59ce-a682-5c09fbe27e71,A16
bfecafab-74e3-59ce-a682-5c09fbe27e71,B00
bfecafab-74e3-59ce-a682-5c09fbe27e71,D01
d55015df-7344-537e-827e-f98ace35906c,A00
d55015df-7344-537e-827e-f98ace35906c,A16
d55015df-7344-537e-827e-f98ace35906c,B00
d55015df-7344-537e-827e-f98ace35906c,D01
57dd46b3-e2b1-5480-9f6a-314bad4cb61a,B00
57dd46b3-e2b1-5480-9f6a-314bad4cb61a,C00
57dd46b3-e2b1-5480-9f6a-314bad4cb61a,C15
57dd46b3-e2b1-5480-9f6a-314bad4cb61a,D01
c5312148-9a2f-5b33-bc0e-78db168081d0,B08
c5312148-9a2f-5b33-bc0e-78db168081d0,D01
c5312148-9a2f-5b33-bc0e-78db168081d0,D07
c5312148-9a2f-5b33-bc0e-78db168081d0,D10
60f01ef6-7962-5e92-9972-607f4a0adfc4,A00
60f01ef6-7962-5e92-9972-607f4a0adfc4,A16
60f01ef6-7962-5e92-9972-607f4a0adfc4,C15
60f01ef6-7962-5e92-9972-607f4a0adfc4,D01
a393e602-2e46-5de3-8e1a-9dd91fefb338,A00
a393e602-2e46-5de3-8e1a-9dd91fefb338,A16
a393e602-2e46-5de3-8e1a-9dd91fefb338,C15
a393e602-2e46-5de3-8e1a-9dd91fefb338,D01
3f62d442-365e-53e5-90dc-93b355ba5ea5,B08
3f62d442-365e-53e5-90dc-93b355ba5ea5,D01
3f62d442-365e-53e5-90dc-93b355ba5ea5,D07
3f62d442-365e-53e5-90dc-93b355ba5ea5,D10
b6d1f586-1d8e-56d5-b3d0-a3bbe8b2ab06,A00
b6d1f586-1d8e-56d5-b3d0-a3bbe8b2ab06,B00
b6d1f586-1d8e-56d5-b3d0-a3bbe8b2ab06,C15
b6d1f586-1d8e-56d5-b3d0-a3bbe8b2ab06,D01
cdaaf2d8-dea2-5019-80e8-2ef3a7ca08a1,A01
cdaaf2d8-dea2-5019-80e8-2ef3a7ca08a1,C00
cdaaf2d8-dea2-5019-80e8-2ef3a7ca08a1,D14
cdaaf2d8-dea2-5019-80e8-2ef3a7ca08a1,D15
cdaaf2d8-dea2-5019-80e8-2ef3a7ca08a1,X01
cdaaf2d8-dea2-5019-80e8-2ef3a7ca08a1,X26
cdaaf2d8-dea2-5019-80e8-2ef3a7ca08a1,X70
cdaaf2d8-dea2-5019-80e8-2ef3a7ca08a1,X74
cdaaf2d8-dea2-5019-80e8-2ef3a7ca08a1,X78
24f109e1-82bb-5207-a6f2-7882c37d1997,A01
24f109e1-82bb-5207-a6f2-7882c37d1997,C00
24f109e1-82bb-5207-a6f2-7882c37d1997,D14
24f109e1-82bb-5207-a6f2-7882c37d1997,D15
24f109e1-82bb-5207-a6f2-7882c37d1997,X01
24f109e1-82bb-5207-a6f2-7882c37d1997,X26
24f109e1-82bb-5207-a6f2-7882c37d1997,X70
24f109e1-82bb-5207-a6f2-7882c37d1997,X74
24f109e1-82bb-5207-a6f2-7882c37d1997,X78
936e70c3-96a2-5681-968d-ccdb280c2842,C00
936e70c3-96a2-5681-968d-ccdb280c2842,C03
936e70c3-96a2-5681-968d-ccdb280c2842,C04
936e70c3-96a2-5681-968d-ccdb280c2842,X01
936e70c3-96a2-5681-968d-ccdb280c2842,X02
60f01ef6-7962-5e92-9972-607f4a0adfc4,A01
60f01ef6-7962-5e92-9972-607f4a0adfc4,C00
60f01ef6-7962-5e92-9972-607f4a0adfc4,D14
60f01ef6-7962-5e92-9972-607f4a0adfc4,D15
60f01ef6-7962-5e92-9972-607f4a0adfc4,X01
60f01ef6-7962-5e92-9972-607f4a0adfc4,X26
60f01ef6-7962-5e92-9972-607f4a0adfc4,X70
60f01ef6-7962-5e92-9972-607f4a0adfc4,X74
60f01ef6-7962-5e92-9972-607f4a0adfc4,X78
87dec95e-becc-549a-b59a-a10e44b7654e,A01
87dec95e-becc-549a-b59a-a10e44b7654e,C00
87dec95e-becc-549a-b59a-a10e44b7654e,D14
87dec95e-becc-549a-b59a-a10e44b7654e,D15
87dec95e-becc-549a-b59a-a10e44b7654e,X01
87dec95e-becc-549a-b59a-a10e44b7654e,X26
87dec95e-becc-549a-b59a-a10e44b7654e,X70
87dec95e-becc-549a-b59a-a10e44b7654e,X74
87dec95e-becc-549a-b59a-a10e44b7654e,X78
af57996b-6aa7-588c-b8ef-011863aa9d53,B03
af57996b-6aa7-588c-b8ef-011863aa9d53,C02
af57996b-6aa7-588c-b8ef-011863aa9d53,D01
af57996b-6aa7-588c-b8ef-011863aa9d53,D10
af57996b-6aa7-588c-b8ef-011863aa9d53,X02
af57996b-6aa7-588c-b8ef-011863aa9d53,X04
eadcff6b-ac3c-52e0-8df5-0fb759b6fb68,C01
eadcff6b-ac3c-52e0-8df5-0fb759b6fb68,C02
eadcff6b-ac3c-52e0-8df5-0fb759b6fb68,X02
eadcff6b-ac3c-52e0-8df5-0fb759b6fb68,X03
eadcff6b-ac3c-52e0-8df5-0fb759b6fb68,X06
eadcff6b-ac3c-52e0-8df5-0fb759b6fb68,X26
eadcff6b-ac3c-52e0-8df5-0fb759b6fb68,X56
aba14e8e-c0c1-5c89-b914-292ded8faf0d,C01
aba14e8e-c0c1-5c89-b914-292ded8faf0d,C02
aba14e8e-c0c1-5c89-b914-292ded8faf0d,X02
aba14e8e-c0c1-5c89-b914-292ded8faf0d,X03
aba14e8e-c0c1-5c89-b914-292ded8faf0d,X06
aba14e8e-c0c1-5c89-b914-292ded8faf0d,X26
aba14e8e-c0c1-5c89-b914-292ded8faf0d,X56
771e52d1-c302-5ae6-9af6-ea93ff149890,C01
771e52d1-c302-5ae6-9af6-ea93ff149890,C02
771e52d1-c302-5ae6-9af6-ea93ff149890,X02
771e52d1-c302-5ae6-9af6-ea93ff149890,X03
771e52d1-c302-5ae6-9af6-ea93ff149890,X06
771e52d1-c302-5ae6-9af6-ea93ff149890,X26
771e52d1-c302-5ae6-9af6-ea93ff149890,X57
a393e602-2e46-5de3-8e1a-9dd91fefb338,A01
a393e602-2e46-5de3-8e1a-9dd91fefb338,C00
a393e602-2e46-5de3-8e1a-9dd91fefb338,D14
a393e602-2e46-5de3-8e1a-9dd91fefb338,D15
a393e602-2e46-5de3-8e1a-9dd91fefb338,X01
a393e602-2e46-5de3-8e1a-9dd91fefb338,X26
a393e602-2e46-5de3-8e1a-9dd91fefb338,X70
a393e602-2e46-5de3-8e1a-9dd91fefb338,X74
a393e602-2e46-5de3-8e1a-9dd91fefb338,X78
99144c8b-bdee-5f52-b605-887cdb947783,C01
99144c8b-bdee-5f52-b605-887cdb947783,C02
99144c8b-bdee-5f52-b605-887cdb947783,X02
99144c8b-bdee-5f52-b605-887cdb947783,X03
99144c8b-bdee-5f52-b605-887cdb947783,X06
99144c8b-bdee-5f52-b605-887cdb947783,X26
99144c8b-bdee-5f52-b605-887cdb947783,X56
636fe994-2fc4-5009-a9e4-3762510a493b,A00
636fe994-2fc4-5009-a9e4-3762510a493b,A01
636fe994-2fc4-5009-a9e4-3762510a493b,C01
636fe994-2fc4-5009-a9e4-3762510a493b,C02
636fe994-2fc4-5009-a9e4-3762510a493b,D01
636fe994-2fc4-5009-a9e4-3762510a493b,X02
636fe994-2fc4-5009-a9e4-3762510a493b,X03
636fe994-2fc4-5009-a9e4-3762510a493b,X06
636fe994-2fc4-5009-a9e4-3762510a493b,X26
636fe994-2fc4-5009-a9e4-3762510a493b,X56
4f7c0838-1399-5a99-8f35-7ebc3a04c89d,B00
4f7c0838-1399-5a99-8f35-7ebc3a04c89d,C01
4f7c0838-1399-5a99-8f35-7ebc3a04c89d,C02
4f7c0838-1399-5a99-8f35-7ebc3a04c89d,C03
4f7c0838-1399-5a99-8f35-7ebc3a04c89d,X01
4f7c0838-1399-5a99-8f35-7ebc3a04c89d,X03
4f7c0838-1399-5a99-8f35-7ebc3a04c89d,X07
4f7c0838-1399-5a99-8f35-7ebc3a04c89d,X27
ae438323-3b39-50b5-8a2c-897b4dd92f00,C04
ae438323-3b39-50b5-8a2c-897b4dd92f00,H00
ae438323-3b39-50b5-8a2c-897b4dd92f00,X01
ae438323-3b39-50b5-8a2c-897b4dd92f00,X02
ae438323-3b39-50b5-8a2c-897b4dd92f00,X03
ae438323-3b39-50b5-8a2c-897b4dd92f00,X07
ae438323-3b39-50b5-8a2c-897b4dd92f00,X57
ae438323-3b39-50b5-8a2c-897b4dd92f00,X71
ae438323-3b39-50b5-8a2c-897b4dd92f00,Y09
36b4c4d8-5cca-5518-9b0d-ec869718ee3d,A01
36b4c4d8-5cca-5518-9b0d-ec869718ee3d,C00
36b4c4d8-5cca-5518-9b0d-ec869718ee3d,C03
36b4c4d8-5cca-5518-9b0d-ec869718ee3d,D14
36b4c4d8-5cca-5518-9b0d-ec869718ee3d,V01
36b4c4d8-5cca-5518-9b0d-ec869718ee3d,X01
36b4c4d8-5cca-5518-9b0d-ec869718ee3d,X03
36b4c4d8-5cca-5518-9b0d-ec869718ee3d,X07
806db253-9e5c-5cf3-9ab5-d15027613597,C01
806db253-9e5c-5cf3-9ab5-d15027613597,C02
806db253-9e5c-5cf3-9ab5-d15027613597,X02
806db253-9e5c-5cf3-9ab5-d15027613597,X03
806db253-9e5c-5cf3-9ab5-d15027613597,X06
806db253-9e5c-5cf3-9ab5-d15027613597,X26
806db253-9e5c-5cf3-9ab5-d15027613597,X56
b6d1f586-1d8e-56d5-b3d0-a3bbe8b2ab06,B03
b6d1f586-1d8e-56d5-b3d0-a3bbe8b2ab06,C02
b6d1f586-1d8e-56d5-b3d0-a3bbe8b2ab06,D10
b6d1f586-1d8e-56d5-b3d0-a3bbe8b2ab06,X02
b6d1f586-1d8e-56d5-b3d0-a3bbe8b2ab06,X04
de6aa5c2-2922-538e-a089-3115575a0a0b,B02
de6aa5c2-2922-538e-a089-3115575a0a0b,C03
de6aa5c2-2922-538e-a089-3115575a0a0b,C04
de6aa5c2-2922-538e-a089-3115575a0a0b,D07
de6aa5c2-2922-538e-a089-3115575a0a0b,X12
de6aa5c2-2922-538e-a089-3115575a0a0b,X16
4a567c90-5a21-5b1d-bbd6-dd4dc24c4879,A01
4a567c90-5a21-5b1d-bbd6-dd4dc24c4879,B03
4a567c90-5a21-5b1d-bbd6-dd4dc24c4879,C02
4a567c90-5a21-5b1d-bbd6-dd4dc24c4879,C04
4a567c90-5a21-5b1d-bbd6-dd4dc24c4879,X02
4a567c90-5a21-5b1d-bbd6-dd4dc24c4879,X04
4a567c90-5a21-5b1d-bbd6-dd4dc24c4879,X12
4a567c90-5a21-5b1d-bbd6-dd4dc24c4879,X26
a2524a8c-a54c-57b2-ad5e-6e5ad3ecae0e,A01
a2524a8c-a54c-57b2-ad5e-6e5ad3ecae0e,B00
a2524a8c-a54c-57b2-ad5e-6e5ad3ecae0e,C00
a2524a8c-a54c-57b2-ad5e-6e5ad3ecae0e,C02
a2524a8c-a54c-57b2-ad5e-6e5ad3ecae0e,X02
a2524a8c-a54c-57b2-ad5e-6e5ad3ecae0e,X04
a2524a8c-a54c-57b2-ad5e-6e5ad3ecae0e,X06
a2524a8c-a54c-57b2-ad5e-6e5ad3ecae0e,X12
a2524a8c-a54c-57b2-ad5e-6e5ad3ecae0e,X26
a2524a8c-a54c-57b2-ad5e-6e5ad3ecae0e,X74
5f1e6133-e207-5ed4-808d-bd10294849f9,A07
5f1e6133-e207-5ed4-808d-bd10294849f9,B03
5f1e6133-e207-5ed4-808d-bd10294849f9,C01
5f1e6133-e207-5ed4-808d-bd10294849f9,C02
5f1e6133-e207-5ed4-808d-bd10294849f9,C03
5f1e6133-e207-5ed4-808d-bd10294849f9,C04
5f1e6133-e207-5ed4-808d-bd10294849f9,X01
5f1e6133-e207-5ed4-808d-bd10294849f9,X02
5f1e6133-e207-5ed4-808d-bd10294849f9,X04
60559cf7-e495-548c-8614-32c67d398197,B03
60559cf7-e495-548c-8614-32c67d398197,C02
60559cf7-e495-548c-8614-32c67d398197,D01
60559cf7-e495-548c-8614-32c67d398197,D10
60559cf7-e495-548c-8614-32c67d398197,X02
60559cf7-e495-548c-8614-32c67d398197,X04
80865a4b-22a0-5b90-a792-957443a496d2,A01
80865a4b-22a0-5b90-a792-957443a496d2,D14
80865a4b-22a0-5b90-a792-957443a496d2,D15
80865a4b-22a0-5b90-a792-957443a496d2,X01
80865a4b-22a0-5b90-a792-957443a496d2,X26
80865a4b-22a0-5b90-a792-957443a496d2,X70
80865a4b-22a0-5b90-a792-957443a496d2,X74
80865a4b-22a0-5b90-a792-957443a496d2,X78
4c8ea9e2-2e86-5d16-82f0-ea7ea34c953f,A01
4c8ea9e2-2e86-5d16-82f0-ea7ea34c953f,D14
4c8ea9e2-2e86-5d16-82f0-ea7ea34c953f,D15
4c8ea9e2-2e86-5d16-82f0-ea7ea34c953f,X01
4c8ea9e2-2e86-5d16-82f0-ea7ea34c953f,X26
4c8ea9e2-2e86-5d16-82f0-ea7ea34c953f,X70
4c8ea9e2-2e86-5d16-82f0-ea7ea34c953f,X74
4c8ea9e2-2e86-5d16-82f0-ea7ea34c953f,X78
bfecafab-74e3-59ce-a682-5c09fbe27e71,A07
bfecafab-74e3-59ce-a682-5c09fbe27e71,B03
bfecafab-74e3-59ce-a682-5c09fbe27e71,C01
bfecafab-74e3-59ce-a682-5c09fbe27e71,C02
bfecafab-74e3-59ce-a682-5c09fbe27e71,C03
bfecafab-74e3-59ce-a682-5c09fbe27e71,C04
bfecafab-74e3-59ce-a682-5c09fbe27e71,X01
bfecafab-74e3-59ce-a682-5c09fbe27e71,X02
bfecafab-74e3-59ce-a682-5c09fbe27e71,X04
d55015df-7344-537e-827e-f98ace35906c,C04
d55015df-7344-537e-827e-f98ace35906c,D14
d55015df-7344-537e-827e-f98ace35906c,D15
d55015df-7344-537e-827e-f98ace35906c,X01
d55015df-7344-537e-827e-f98ace35906c,X02
d55015df-7344-537e-827e-f98ace35906c,X04
d55015df-7344-537e-827e-f98ace35906c,X26
d55015df-7344-537e-827e-f98ace35906c,X74
d55015df-7344-537e-827e-f98ace35906c,X78
57dd46b3-e2b1-5480-9f6a-314bad4cb61a,A07
57dd46b3-e2b1-5480-9f6a-314bad4cb61a,B03
57dd46b3-e2b1-5480-9f6a-314bad4cb61a,C01
57dd46b3-e2b1-5480-9f6a-314bad4cb61a,C02
57dd46b3-e2b1-5480-9f6a-314bad4cb61a,C03
57dd46b3-e2b1-5480-9f6a-314bad4cb61a,C04
57dd46b3-e2b1-5480-9f6a-314bad4cb61a,X01
57dd46b3-e2b1-5480-9f6a-314bad4cb61a,X02
57dd46b3-e2b1-5480-9f6a-314bad4cb61a,X04
3f62d442-365e-53e5-90dc-93b355ba5ea5,A07
3f62d442-365e-53e5-90dc-93b355ba5ea5,B03
3f62d442-365e-53e5-90dc-93b355ba5ea5,C01
3f62d442-365e-53e5-90dc-93b355ba5ea5,C02
3f62d442-365e-53e5-90dc-93b355ba5ea5,C03
3f62d442-365e-53e5-90dc-93b355ba5ea5,C04
3f62d442-365e-53e5-90dc-93b355ba5ea5,X01
3f62d442-365e-53e5-90dc-93b355ba5ea5,X02
3f62d442-365e-53e5-90dc-93b355ba5ea5,X04
636fe994-2fc4-5009-a9e4-3762510a493b,A16
386f0d15-c37b-53ad-a2f9-de8184838faa,A00
386f0d15-c37b-53ad-a2f9-de8184838faa,A01
386f0d15-c37b-53ad-a2f9-de8184838faa,A16
386f0d15-c37b-53ad-a2f9-de8184838faa,D01
771e52d1-c302-5ae6-9af6-ea93ff149890,X56
cdaaf2d8-dea2-5019-80e8-2ef3a7ca08a1,Q00
24f109e1-82bb-5207-a6f2-7882c37d1997,Q00
936e70c3-96a2-5681-968d-ccdb280c2842,Q00
60f01ef6-7962-5e92-9972-607f4a0adfc4,Q00
87dec95e-becc-549a-b59a-a10e44b7654e,Q00
af57996b-6aa7-588c-b8ef-011863aa9d53,Q00
eadcff6b-ac3c-52e0-8df5-0fb759b6fb68,Q00
aba14e8e-c0c1-5c89-b914-292ded8faf0d,Q00
771e52d1-c302-5ae6-9af6-ea93ff149890,Q00
a393e602-2e46-5de3-8e1a-9dd91fefb338,Q00
99144c8b-bdee-5f52-b605-887cdb947783,Q00
636fe994-2fc4-5009-a9e4-3762510a493b,Q00
4f7c0838-1399-5a99-8f35-7ebc3a04c89d,Q00
ae438323-3b39-50b5-8a2c-897b4dd92f00,Q00
36b4c4d8-5cca-5518-9b0d-ec869718ee3d,Q00
806db253-9e5c-5cf3-9ab5-d15027613597,Q00
b6d1f586-1d8e-56d5-b3d0-a3bbe8b2ab06,Q00
de6aa5c2-2922-538e-a089-3115575a0a0b,Q00
4a567c90-5a21-5b1d-bbd6-dd4dc24c4879,Q00
a2524a8c-a54c-57b2-ad5e-6e5ad3ecae0e,Q00
5f1e6133-e207-5ed4-808d-bd10294849f9,Q00
60559cf7-e495-548c-8614-32c67d398197,Q00
80865a4b-22a0-5b90-a792-957443a496d2,Q00
4c8ea9e2-2e86-5d16-82f0-ea7ea34c953f,Q00
bfecafab-74e3-59ce-a682-5c09fbe27e71,Q00
d55015df-7344-537e-827e-f98ace35906c,Q00
57dd46b3-e2b1-5480-9f6a-314bad4cb61a,Q00
3f62d442-365e-53e5-90dc-93b355ba5ea5,Q00
cdaaf2d8-dea2-5019-80e8-2ef3a7ca08a1,K00
24f109e1-82bb-5207-a6f2-7882c37d1997,K00
936e70c3-96a2-5681-968d-ccdb280c2842,K00
60f01ef6-7962-5e92-9972-607f4a0adfc4,K00
87dec95e-becc-549a-b59a-a10e44b7654e,K00
af57996b-6aa7-588c-b8ef-011863aa9d53,K00
eadcff6b-ac3c-52e0-8df5-0fb759b6fb68,K00
aba14e8e-c0c1-5c89-b914-292ded8faf0d,K00
771e52d1-c302-5ae6-9af6-ea93ff149890,K00
a393e602-2e46-5de3-8e1a-9dd91fefb338,K00
99144c8b-bdee-5f52-b605-887cdb947783,K00
636fe994-2fc4-5009-a9e4-3762510a493b,K00
4f7c0838-1399-5a99-8f35-7ebc3a04c89d,K00
ae438323-3b39-50b5-8a2c-897b4dd92f00,K00
36b4c4d8-5cca-5518-9b0d-ec869718ee3d,K00
806db253-9e5c-5cf3-9ab5-d15027613597,K00
b6d1f586-1d8e-56d5-b3d0-a3bbe8b2ab06,K00
de6aa5c2-2922-538e-a089-3115575a0a0b,K00
4a567c90-5a21-5b1d-bbd6-dd4dc24c4879,K00
a2524a8c-a54c-57b2-ad5e-6e5ad3ecae0e,K00
5f1e6133-e207-5ed4-808d-bd10294849f9,K00
60559cf7-e495-548c-8614-32c67d398197,K00
80865a4b-22a0-5b90-a792-957443a496d2,K00
4c8ea9e2-2e86-5d16-82f0-ea7ea34c953f,K00
bfecafab-74e3-59ce-a682-5c09fbe27e71,K00
d55015df-7344-537e-827e-f98ace35906c,K00
57dd46b3-e2b1-5480-9f6a-314bad4cb61a,K00
3f62d442-365e-53e5-90dc-93b355ba5ea5,K00
fd3cfdb3-52ef-5ad6-a3ef-f2213a4d38ce,S00
ac32fe83-ab98-5bae-997a-db74559d618c,S00
eaa239d5-f42c-5f31-ad13-57d36c71dc1d,S00
186e6302-e9e8-5144-9b3f-6e15adfda7c2,S00
dee39e10-884c-5d49-92bb-a459c6287ed9,S00
86c493bd-1b31-52b5-8076-e6119e96c7f8,S00
9d341ff7-a275-54b5-93ad-53eccecf8c84,S00
e76d036c-b644-5dab-a742-7ba78f0ccd06,S00
516fda00-7c56-5954-ac17-90edd0609cf8,S00
e565d1e7-44e2-5444-a07c-e4081f70387f,S00
d339379c-cd65-5938-af58-753a8229e62f,S00
4048c2e8-3fb4-5b92-8ec6-f8a7c933d425,S00
e7112388-c11c-586e-a49f-e0085319fe48,S00
94a8e842-672f-5eab-8f11-56ef0f64c48c,S00
79088dc6-cb2e-52e8-b58f-f1388e161041,S00
99f59556-d22d-5c88-906b-2e2910c8b839,S00
0a25dae3-8e15-5a8e-abfb-9f2359f0f0c8,S00
26128791-adb8-5173-b84e-2209a8958327,S00
76f022fb-830c-533f-a4dc-5096080e7d80,S00
3707f73e-a48b-5be2-a1cb-506fda67ca59,S00
af02700e-6219-5c15-9467-4ae4a6ef48e7,S00
1cf16160-9d87-5d87-b03e-fc5c6ead4d88,S00
2e5987f8-dfef-563e-930b-4401ce1ec4cd,S00
bf994218-2bc5-5c95-9814-475dc0842262,S00
966975c1-c3ae-53c2-9e2d-32a918480829,S00
adcbe93a-a6bf-5c80-9da4-bfa1b94822c6,S00
6754c543-c36b-5c73-b01e-6a4aa75fa6e3,S00
f14cb2f8-f086-565e-b794-5429c02baa12,T00
f14cb2f8-f086-565e-b794-5429c02baa12,T02
f14cb2f8-f086-565e-b794-5429c02baa12,T05
f14cb2f8-f086-565e-b794-5429c02baa12,T08
8e857cf9-3a28-572e-ab91-b65043e97a5b,T00
8e857cf9-3a28-572e-ab91-b65043e97a5b,T02
8e857cf9-3a28-572e-ab91-b65043e97a5b,T05
8e857cf9-3a28-572e-ab91-b65043e97a5b,T08
f14cb2f8-f086-565e-b794-5429c02baa12,T09
f14cb2f8-f086-565e-b794-5429c02baa12,T10
8e857cf9-3a28-572e-ab91-b65043e97a5b,T09
8e857cf9-3a28-572e-ab91-b65043e97a5b,T10
277c7481-0d16-5e53-8e33-751edf63afe7,C03
277c7481-0d16-5e53-8e33-751edf63afe7,C04
277c7481-0d16-5e53-8e33-751edf63afe7,C09
277c7481-0d16-5e53-8e33-751edf63afe7,H00
772b2073-6eeb-5969-96a6-4ad56e76c385,A01
772b2073-6eeb-5969-96a6-4ad56e76c385,C00
772b2073-6eeb-5969-96a6-4ad56e76c385,D01
772b2073-6eeb-5969-96a6-4ad56e76c385,D63
993b01ca-780c-58c6-adc2-dfa453f07738,C00
993b01ca-780c-58c6-adc2-dfa453f07738,C19
993b01ca-780c-58c6-adc2-dfa453f07738,C20
993b01ca-780c-58c6-adc2-dfa453f07738,D01
f924488d-8ee2-5e76-95e0-18a678790a98,A00
f924488d-8ee2-5e76-95e0-18a678790a98,A07
f924488d-8ee2-5e76-95e0-18a678790a98,C04
f924488d-8ee2-5e76-95e0-18a678790a98,D01
4a3cff7a-d494-5ea6-b485-f74aac61d999,A00
4a3cff7a-d494-5ea6-b485-f74aac61d999,A07
4a3cff7a-d494-5ea6-b485-f74aac61d999,C04
4a3cff7a-d494-5ea6-b485-f74aac61d999,D01
16d91071-f287-5f70-a62b-58fef6ecdd40,A00
16d91071-f287-5f70-a62b-58fef6ecdd40,A07
16d91071-f287-5f70-a62b-58fef6ecdd40,C04
16d91071-f287-5f70-a62b-58fef6ecdd40,D01
891b447b-7d62-55be-84ec-96f6c0f6768e,A00
891b447b-7d62-55be-84ec-96f6c0f6768e,A01
891b447b-7d62-55be-84ec-96f6c0f6768e,C04
891b447b-7d62-55be-84ec-96f6c0f6768e,D01
7f5e36a3-0e8e-55d5-99ab-bb32e933ae21,A00
7f5e36a3-0e8e-55d5-99ab-bb32e933ae21,A07
7f5e36a3-0e8e-55d5-99ab-bb32e933ae21,C01
7f5e36a3-0e8e-55d5-99ab-bb32e933ae21,C04
f8768f1e-5727-5f6b-a247-d2f54605a0f7,B00
f8768f1e-5727-5f6b-a247-d2f54605a0f7,B01
f8768f1e-5727-5f6b-a247-d2f54605a0f7,B02
f8768f1e-5727-5f6b-a247-d2f54605a0f7,B03
f0e7cce2-bcbb-5070-bba9-b3fd0b3ed7ff,A00
f0e7cce2-bcbb-5070-bba9-b3fd0b3ed7ff,A03
f0e7cce2-bcbb-5070-bba9-b3fd0b3ed7ff,A07
f0e7cce2-bcbb-5070-bba9-b3fd0b3ed7ff,V00
248bd398-7d80-5441-bc31-60b3502afc7d,C03
248bd398-7d80-5441-bc31-60b3502afc7d,C04
248bd398-7d80-5441-bc31-60b3502afc7d,C09
248bd398-7d80-5441-bc31-60b3502afc7d,H00
277c7481-0d16-5e53-8e33-751edf63afe7,C01
277c7481-0d16-5e53-8e33-751edf63afe7,C15
614cec31-cde4-57ca-9cb3-9891301e4664,A01
614cec31-cde4-57ca-9cb3-9891301e4664,C00
614cec31-cde4-57ca-9cb3-9891301e4664,C04
614cec31-cde4-57ca-9cb3-9891301e4664,D01
993b01ca-780c-58c6-adc2-dfa453f07738,C01
993b01ca-780c-58c6-adc2-dfa453f07738,C14
4a3cff7a-d494-5ea6-b485-f74aac61d999,A01
f0e7cce2-bcbb-5070-bba9-b3fd0b3ed7ff,C02
f0e7cce2-bcbb-5070-bba9-b3fd0b3ed7ff,C04
248bd398-7d80-5441-bc31-60b3502afc7d,C01
248bd398-7d80-5441-bc31-60b3502afc7d,C15
772b2073-6eeb-5969-96a6-4ad56e76c385,C04
f8901af1-353f-5c2d-9d2e-061d88bd9f33,A01
f8901af1-353f-5c2d-9d2e-061d88bd9f33,C04
f8901af1-353f-5c2d-9d2e-061d88bd9f33,D01
f0e7cce2-bcbb-5070-bba9-b3fd0b3ed7ff,C03
772b2073-6eeb-5969-96a6-4ad56e76c385,C03
772b2073-6eeb-5969-96a6-4ad56e76c385,D09
772b2073-6eeb-5969-96a6-4ad56e76c385,D14
772b2073-6eeb-5969-96a6-4ad56e76c385,D15
772b2073-6eeb-5969-96a6-4ad56e76c385,D66
772b2073-6eeb-5969-96a6-4ad56e76c385,X78
f8901af1-353f-5c2d-9d2e-061d88bd9f33,C00
f8901af1-353f-5c2d-9d2e-061d88bd9f33,C03
f8901af1-353f-5c2d-9d2e-061d88bd9f33,D09
f8901af1-353f-5c2d-9d2e-061d88bd9f33,D14
f8901af1-353f-5c2d-9d2e-061d88bd9f33,D15
f8901af1-353f-5c2d-9d2e-061d88bd9f33,D66
f8901af1-353f-5c2d-9d2e-061d88bd9f33,X78
614cec31-cde4-57ca-9cb3-9891301e4664,C03
614cec31-cde4-57ca-9cb3-9891301e4664,D09
614cec31-cde4-57ca-9cb3-9891301e4664,D14
614cec31-cde4-57ca-9cb3-9891301e4664,D15
614cec31-cde4-57ca-9cb3-9891301e4664,D66
614cec31-cde4-57ca-9cb3-9891301e4664,X78
993b01ca-780c-58c6-adc2-dfa453f07738,C03
993b01ca-780c-58c6-adc2-dfa453f07738,C04
993b01ca-780c-58c6-adc2-dfa453f07738,D15
993b01ca-780c-58c6-adc2-dfa453f07738,X70
993b01ca-780c-58c6-adc2-dfa453f07738,X74
993b01ca-780c-58c6-adc2-dfa453f07738,X78
993b01ca-780c-58c6-adc2-dfa453f07738,X79
f924488d-8ee2-5e76-95e0-18a678790a98,A01
f924488d-8ee2-5e76-95e0-18a678790a98,C01
f924488d-8ee2-5e76-95e0-18a678790a98,D07
f924488d-8ee2-5e76-95e0-18a678790a98,D10
f924488d-8ee2-5e76-95e0-18a678790a98,X25
f924488d-8ee2-5e76-95e0-18a678790a98,X26
4a3cff7a-d494-5ea6-b485-f74aac61d999,C01
4a3cff7a-d494-5ea6-b485-f74aac61d999,D07
4a3cff7a-d494-5ea6-b485-f74aac61d999,D10
4a3cff7a-d494-5ea6-b485-f74aac61d999,X25
4a3cff7a-d494-5ea6-b485-f74aac61d999,X26
16d91071-f287-5f70-a62b-58fef6ecdd40,A01
16d91071-f287-5f70-a62b-58fef6ecdd40,C01
16d91071-f287-5f70-a62b-58fef6ecdd40,D07
16d91071-f287-5f70-a62b-58fef6ecdd40,D10
16d91071-f287-5f70-a62b-58fef6ecdd40,X25
16d91071-f287-5f70-a62b-58fef6ecdd40,X26
891b447b-7d62-55be-84ec-96f6c0f6768e,C01
891b447b-7d62-55be-84ec-96f6c0f6768e,X02
891b447b-7d62-55be-84ec-96f6c0f6768e,X06
891b447b-7d62-55be-84ec-96f6c0f6768e,X26
891b447b-7d62-55be-84ec-96f6c0f6768e,X27
891b447b-7d62-55be-84ec-96f6c0f6768e,X28
891b447b-7d62-55be-84ec-96f6c0f6768e,X56
891b447b-7d62-55be-84ec-96f6c0f6768e,X57
277c7481-0d16-5e53-8e33-751edf63afe7,H06
277c7481-0d16-5e53-8e33-751edf63afe7,H08
277c7481-0d16-5e53-8e33-751edf63afe7,V00
277c7481-0d16-5e53-8e33-751edf63afe7,V01
277c7481-0d16-5e53-8e33-751edf63afe7,V02
277c7481-0d16-5e53-8e33-751edf63afe7,V05
f0e7cce2-bcbb-5070-bba9-b3fd0b3ed7ff,H01
f0e7cce2-bcbb-5070-bba9-b3fd0b3ed7ff,V02
f0e7cce2-bcbb-5070-bba9-b3fd0b3ed7ff,V05
248bd398-7d80-5441-bc31-60b3502afc7d,H06
248bd398-7d80-5441-bc31-60b3502afc7d,H08
248bd398-7d80-5441-bc31-60b3502afc7d,V00
248bd398-7d80-5441-bc31-60b3502afc7d,V01
248bd398-7d80-5441-bc31-60b3502afc7d,V02
248bd398-7d80-5441-bc31-60b3502afc7d,V05
7901dc72-1a57-5148-ac76-160916dd84c3,D01
d1ed4cac-1b0f-5b38-b7b5-f01598915790,D01
d1ed4cac-1b0f-5b38-b7b5-f01598915790,D04
db3710a1-0246-50ac-a464-b9cd11bf55f0,D01
db3710a1-0246-50ac-a464-b9cd11bf55f0,D06
5b3fc963-afcc-5955-803a-58f1ef9641d1,A01
5b3fc963-afcc-5955-803a-58f1ef9641d1,C03
5b3fc963-afcc-5955-803a-58f1ef9641d1,D01
5b3fc963-afcc-5955-803a-58f1ef9641d1,D09
f739c500-55f9-5353-b4a1-227b95634dab,A00
f739c500-55f9-5353-b4a1-227b95634dab,A01
f739c500-55f9-5353-b4a1-227b95634dab,D01
a75b8bbf-1669-5942-8495-029b199d74cb,A00
a75b8bbf-1669-5942-8495-029b199d74cb,A01
a75b8bbf-1669-5942-8495-029b199d74cb,C01
a75b8bbf-1669-5942-8495-029b199d74cb,D01
e4d706a9-a879-5c26-be4f-a96f9863968f,A00
e4d706a9-a879-5c26-be4f-a96f9863968f,A01
e4d706a9-a879-5c26-be4f-a96f9863968f,D01
7ef01566-ded4-507a-a924-22f0f5da6111,A00
7ef01566-ded4-507a-a924-22f0f5da6111,A01
7ef01566-ded4-507a-a924-22f0f5da6111,D01
646d4398-73f2-5948-bc31-e8ec779b1b42,A00
646d4398-73f2-5948-bc31-e8ec779b1b42,A01
646d4398-73f2-5948-bc31-e8ec779b1b42,C00
646d4398-73f2-5948-bc31-e8ec779b1b42,D01
f2e4f241-6c1c-5d04-a30b-ce4dac2925d2,A00
f2e4f241-6c1c-5d04-a30b-ce4dac2925d2,B00
f2e4f241-6c1c-5d04-a30b-ce4dac2925d2,B08
f2e4f241-6c1c-5d04-a30b-ce4dac2925d2,D07
9305169f-b2f5-5e45-bf1e-11e50d526b6f,A00
9305169f-b2f5-5e45-bf1e-11e50d526b6f,A01
9305169f-b2f5-5e45-bf1e-11e50d526b6f,C01
9305169f-b2f5-5e45-bf1e-11e50d526b6f,D01
e65fc853-365e-5065-9e94-4b3dfd9082be,A00
e65fc853-365e-5065-9e94-4b3dfd9082be,A01
e65fc853-365e-5065-9e94-4b3dfd9082be,C01
e65fc853-365e-5065-9e94-4b3dfd9082be,D01
efbff511-e4b5-552b-b314-60d940d9d18a,H01
efbff511-e4b5-552b-b314-60d940d9d18a,V00
efbff511-e4b5-552b-b314-60d940d9d18a,V01
efbff511-e4b5-552b-b314-60d940d9d18a,V02
9f2e4f47-8734-5004-8d55-c2a100771eb7,A00
9f2e4f47-8734-5004-8d55-c2a100771eb7,A01
9f2e4f47-8734-5004-8d55-c2a100771eb7,C01
9f2e4f47-8734-5004-8d55-c2a100771eb7,D01
c16c7707-32f3-52c0-9678-ff4413a6e13a,A00
c16c7707-32f3-52c0-9678-ff4413a6e13a,A01
c16c7707-32f3-52c0-9678-ff4413a6e13a,C01
c16c7707-32f3-52c0-9678-ff4413a6e13a,D01
a8bb0ae3-4af7-52c9-b87b-1eb143ac3d86,A00
a8bb0ae3-4af7-52c9-b87b-1eb143ac3d86,A01
a8bb0ae3-4af7-52c9-b87b-1eb143ac3d86,C00
a8bb0ae3-4af7-52c9-b87b-1eb143ac3d86,D01
b0ce01a7-687e-5fce-aab5-b37c7a79139d,A00
b0ce01a7-687e-5fce-aab5-b37c7a79139d,A01
b0ce01a7-687e-5fce-aab5-b37c7a79139d,C01
b0ce01a7-687e-5fce-aab5-b37c7a79139d,D01
efbff511-e4b5-552b-b314-60d940d9d18a,H00
5b3fc963-afcc-5955-803a-58f1ef9641d1,D14
5b3fc963-afcc-5955-803a-58f1ef9641d1,D15
5b3fc963-afcc-5955-803a-58f1ef9641d1,X26
f739c500-55f9-5353-b4a1-227b95634dab,C14
f739c500-55f9-5353-b4a1-227b95634dab,D66
f739c500-55f9-5353-b4a1-227b95634dab,D84
a75b8bbf-1669-5942-8495-029b199d74cb,C14
a75b8bbf-1669-5942-8495-029b199d74cb,D66
a75b8bbf-1669-5942-8495-029b199d74cb,D84
a75b8bbf-1669-5942-8495-029b199d74cb,X26
a75b8bbf-1669-5942-8495-029b199d74cb,X27
e4d706a9-a879-5c26-be4f-a96f9863968f,C14
e4d706a9-a879-5c26-be4f-a96f9863968f,D66
e4d706a9-a879-5c26-be4f-a96f9863968f,D84
7ef01566-ded4-507a-a924-22f0f5da6111,C14
7ef01566-ded4-507a-a924-22f0f5da6111,D66
7ef01566-ded4-507a-a924-22f0f5da6111,D84
646d4398-73f2-5948-bc31-e8ec779b1b42,C14
646d4398-73f2-5948-bc31-e8ec779b1b42,C19
646d4398-73f2-5948-bc31-e8ec779b1b42,C20
646d4398-73f2-5948-bc31-e8ec779b1b42,D14
646d4398-73f2-5948-bc31-e8ec779b1b42,D66
9305169f-b2f5-5e45-bf1e-11e50d526b6f,D07
9305169f-b2f5-5e45-bf1e-11e50d526b6f,D84
9305169f-b2f5-5e45-bf1e-11e50d526b6f,X06
9305169f-b2f5-5e45-bf1e-11e50d526b6f,X26
9305169f-b2f5-5e45-bf1e-11e50d526b6f,X27
b0ce01a7-687e-5fce-aab5-b37c7a79139d,X06
b0ce01a7-687e-5fce-aab5-b37c7a79139d,X07
e65fc853-365e-5065-9e94-4b3dfd9082be,X06
e65fc853-365e-5065-9e94-4b3dfd9082be,X07
9f2e4f47-8734-5004-8d55-c2a100771eb7,X06
9f2e4f47-8734-5004-8d55-c2a100771eb7,X07
c16c7707-32f3-52c0-9678-ff4413a6e13a,C14
c16c7707-32f3-52c0-9678-ff4413a6e13a,D66
c16c7707-32f3-52c0-9678-ff4413a6e13a,D84
a8bb0ae3-4af7-52c9-b87b-1eb143ac3d86,C19
a8bb0ae3-4af7-52c9-b87b-1eb143ac3d86,C20
a8bb0ae3-4af7-52c9-b87b-1eb143ac3d86,D15
a8bb0ae3-4af7-52c9-b87b-1eb143ac3d86,D66
7901dc72-1a57-5148-ac76-160916dd84c3,D04
d1ed4cac-1b0f-5b38-b7b5-f01598915790,D06
db3710a1-0246-50ac-a464-b9cd11bf55f0,A00
db3710a1-0246-50ac-a464-b9cd11bf55f0,A01
db3710a1-0246-50ac-a464-b9cd11bf55f0,C00
efbff511-e4b5-552b-b314-60d940d9d18a,D01
c16c7707-32f3-52c0-9678-ff4413a6e13a,H00
c16c7707-32f3-52c0-9678-ff4413a6e13a,V00
c16c7707-32f3-52c0-9678-ff4413a6e13a,V01
c16c7707-32f3-52c0-9678-ff4413a6e13a,V02
a8bb0ae3-4af7-52c9-b87b-1eb143ac3d86,C03
a8bb0ae3-4af7-52c9-b87b-1eb143ac3d86,D09
2d0a387a-fe48-5aca-8870-86a573611d07,N00
181b93fd-d31e-5f9b-b055-d6a73f615a41,H00
5b48eb1b-1b15-5c1d-8084-1241c563d71e,H00
e89737d3-ba83-587c-92a9-2c19f25bdafc,N00
0b86eaca-d440-5337-a917-2f88eb33f134,N00
5ebe1371-7bcf-5c39-8583-4b2477564bf4,S00
45e56c72-c6a7-52c4-8f75-ffbba92f2f8b,H00
4eb993a3-b4fe-5d60-9b62-184012b8869c,H00
6091a5c9-40c0-57e2-93f7-e171f65dce0f,R00
6091a5c9-40c0-57e2-93f7-e171f65dce0f,C00
6091a5c9-40c0-57e2-93f7-e171f65dce0f,H00
6091a5c9-40c0-57e2-93f7-e171f65dce0f,N00
50f46c44-421a-5186-a36b-610d0252221f,H00
50f46c44-421a-5186-a36b-610d0252221f,A01
50f46c44-421a-5186-a36b-610d0252221f,D01
c6e377ae-fd2e-516b-8a05-ea278ff53790,C00
c6e377ae-fd2e-516b-8a05-ea278ff53790,C03
c6e377ae-fd2e-516b-8a05-ea278ff53790,C04
c6e377ae-fd2e-516b-8a05-ea278ff53790,D01
c60d4bb0-155e-5851-87b4-36c5ef701b83,C00
c60d4bb0-155e-5851-87b4-36c5ef701b83,C03
c60d4bb0-155e-5851-87b4-36c5ef701b83,C04
c60d4bb0-155e-5851-87b4-36c5ef701b83,D01
50f46c44-421a-5186-a36b-610d0252221f,A00
c6e377ae-fd2e-516b-8a05-ea278ff53790,D00
c60d4bb0-155e-5851-87b4-36c5ef701b83,D00
51c8d316-dd61-52bf-9cd1-86fdec2f54f9,D01
51c8d316-dd61-52bf-9cd1-86fdec2f54f9,D07
51c8d316-dd61-52bf-9cd1-86fdec2f54f9,D11
51c8d316-dd61-52bf-9cd1-86fdec2f54f9,D14
fd632c4c-4267-578c-bab5-4419a80866a6,D01
fd632c4c-4267-578c-bab5-4419a80866a6,D07
fd632c4c-4267-578c-bab5-4419a80866a6,D11
fd632c4c-4267-578c-bab5-4419a80866a6,D14
86458aa9-2905-5bb1-9e43-06b9369b1565,D01
86458aa9-2905-5bb1-9e43-06b9369b1565,D07
86458aa9-2905-5bb1-9e43-06b9369b1565,D11
86458aa9-2905-5bb1-9e43-06b9369b1565,D14
d1641a0e-096a-574a-ad5c-d5ad8e2afd58,A00
d1641a0e-096a-574a-ad5c-d5ad8e2afd58,D01
d1641a0e-096a-574a-ad5c-d5ad8e2afd58,D11
d1641a0e-096a-574a-ad5c-d5ad8e2afd58,D14
b9212456-85c3-5ecb-9b92-dba1fccb68a5,A00
b9212456-85c3-5ecb-9b92-dba1fccb68a5,A01
b9212456-85c3-5ecb-9b92-dba1fccb68a5,D01
b9212456-85c3-5ecb-9b92-dba1fccb68a5,D07
0aa41e33-81ae-52f1-99f1-92260b2ec163,A00
0aa41e33-81ae-52f1-99f1-92260b2ec163,A01
0aa41e33-81ae-52f1-99f1-92260b2ec163,C00
0aa41e33-81ae-52f1-99f1-92260b2ec163,D01
961688aa-50b7-5dca-a7a4-6aa8c7a3e8f6,A00
961688aa-50b7-5dca-a7a4-6aa8c7a3e8f6,A01
961688aa-50b7-5dca-a7a4-6aa8c7a3e8f6,D01
961688aa-50b7-5dca-a7a4-6aa8c7a3e8f6,D07
31ec3a15-4c79-53b6-a517-b6331c142f07,A00
31ec3a15-4c79-53b6-a517-b6331c142f07,A01
31ec3a15-4c79-53b6-a517-b6331c142f07,D01
31ec3a15-4c79-53b6-a517-b6331c142f07,D07
514a792d-02e6-5916-87a8-171f6073a104,A00
514a792d-02e6-5916-87a8-171f6073a104,A01
514a792d-02e6-5916-87a8-171f6073a104,C00
514a792d-02e6-5916-87a8-171f6073a104,D01
8b8a14d2-e941-5cc3-96f9-75559f451867,A00
8b8a14d2-e941-5cc3-96f9-75559f451867,A01
8b8a14d2-e941-5cc3-96f9-75559f451867,D01
8b8a14d2-e941-5cc3-96f9-75559f451867,D07
60e1f87a-6b72-5b0c-b6d4-52d9c5d0ca53,A00
60e1f87a-6b72-5b0c-b6d4-52d9c5d0ca53,A01
60e1f87a-6b72-5b0c-b6d4-52d9c5d0ca53,D01
60e1f87a-6b72-5b0c-b6d4-52d9c5d0ca53,D07
64534fe3-88d9-5624-87c5-24b3903d8cd6,A00
64534fe3-88d9-5624-87c5-24b3903d8cd6,A01
64534fe3-88d9-5624-87c5-24b3903d8cd6,D01
64534fe3-88d9-5624-87c5-24b3903d8cd6,D07
f33527b5-c3b1-5ae4-a51c-f23c1e902bd8,A00
f33527b5-c3b1-5ae4-a51c-f23c1e902bd8,A01
f33527b5-c3b1-5ae4-a51c-f23c1e902bd8,C00
f33527b5-c3b1-5ae4-a51c-f23c1e902bd8,D01
bae140b5-f228-59e4-80b7-86ec227ae20f,A00
bae140b5-f228-59e4-80b7-86ec227ae20f,A01
bae140b5-f228-59e4-80b7-86ec227ae20f,C00
bae140b5-f228-59e4-80b7-86ec227ae20f,D01
8c09a87c-f0b5-58eb-91b9-b3c44c41ebe9,A00
8c09a87c-f0b5-58eb-91b9-b3c44c41ebe9,A01
8c09a87c-f0b5-58eb-91b9-b3c44c41ebe9,D01
8c09a87c-f0b5-58eb-91b9-b3c44c41ebe9,D07
d1641a0e-096a-574a-ad5c-d5ad8e2afd58,C00
9530fd11-ff43-529e-8432-d171d44939a3,A00
9530fd11-ff43-529e-8432-d171d44939a3,A01
9530fd11-ff43-529e-8432-d171d44939a3,D01
9530fd11-ff43-529e-8432-d171d44939a3,D07
8c09a87c-f0b5-58eb-91b9-b3c44c41ebe9,C00
f33527b5-c3b1-5ae4-a51c-f23c1e902bd8,D07
51c8d316-dd61-52bf-9cd1-86fdec2f54f9,D10
51c8d316-dd61-52bf-9cd1-86fdec2f54f9,D15
86458aa9-2905-5bb1-9e43-06b9369b1565,D10
86458aa9-2905-5bb1-9e43-06b9369b1565,D15
d1641a0e-096a-574a-ad5c-d5ad8e2afd58,D15
044e1f16-1733-52a9-9a1b-b760bec0ec3d,A00
044e1f16-1733-52a9-9a1b-b760bec0ec3d,A01
044e1f16-1733-52a9-9a1b-b760bec0ec3d,D01
044e1f16-1733-52a9-9a1b-b760bec0ec3d,D07
514a792d-02e6-5916-87a8-171f6073a104,D14
bae140b5-f228-59e4-80b7-86ec227ae20f,D14
bae140b5-f228-59e4-80b7-86ec227ae20f,D15
8c09a87c-f0b5-58eb-91b9-b3c44c41ebe9,X02
8c09a87c-f0b5-58eb-91b9-b3c44c41ebe9,X25
b9212456-85c3-5ecb-9b92-dba1fccb68a5,X02
b9212456-85c3-5ecb-9b92-dba1fccb68a5,X25
b9212456-85c3-5ecb-9b92-dba1fccb68a5,X53
1153c31c-2d04-5726-865d-ea4a3e487ddd,D01
1153c31c-2d04-5726-865d-ea4a3e487ddd,X02
1153c31c-2d04-5726-865d-ea4a3e487ddd,X25
1153c31c-2d04-5726-865d-ea4a3e487ddd,X53
0aa41e33-81ae-52f1-99f1-92260b2ec163,X02
0aa41e33-81ae-52f1-99f1-92260b2ec163,X25
961688aa-50b7-5dca-a7a4-6aa8c7a3e8f6,X02
961688aa-50b7-5dca-a7a4-6aa8c7a3e8f6,X25
961688aa-50b7-5dca-a7a4-6aa8c7a3e8f6,X53
044e1f16-1733-52a9-9a1b-b760bec0ec3d,X02
044e1f16-1733-52a9-9a1b-b760bec0ec3d,X25
044e1f16-1733-52a9-9a1b-b760bec0ec3d,X53
31ec3a15-4c79-53b6-a517-b6331c142f07,X02
31ec3a15-4c79-53b6-a517-b6331c142f07,X25
31ec3a15-4c79-53b6-a517-b6331c142f07,X53
882a590d-1e7a-5aae-92d7-ec86c9c9c557,C00
882a590d-1e7a-5aae-92d7-ec86c9c9c557,D01
882a590d-1e7a-5aae-92d7-ec86c9c9c557,D14
882a590d-1e7a-5aae-92d7-ec86c9c9c557,X25
514a792d-02e6-5916-87a8-171f6073a104,X25
8b8a14d2-e941-5cc3-96f9-75559f451867,X02
8b8a14d2-e941-5cc3-96f9-75559f451867,X18
8b8a14d2-e941-5cc3-96f9-75559f451867,X26
60e1f87a-6b72-5b0c-b6d4-52d9c5d0ca53,X02
60e1f87a-6b72-5b0c-b6d4-52d9c5d0ca53,X18
60e1f87a-6b72-5b0c-b6d4-52d9c5d0ca53,X26
64534fe3-88d9-5624-87c5-24b3903d8cd6,X04
64534fe3-88d9-5624-87c5-24b3903d8cd6,X07
f33527b5-c3b1-5ae4-a51c-f23c1e902bd8,X22
a9300cd0-0b44-5eeb-8e8f-3201068c8cf2,A01
a9300cd0-0b44-5eeb-8e8f-3201068c8cf2,D01
bfa1bbbb-6842-5e93-9312-4018bf0ca09d,A00
bfa1bbbb-6842-5e93-9312-4018bf0ca09d,A01
bfa1bbbb-6842-5e93-9312-4018bf0ca09d,C04
bfa1bbbb-6842-5e93-9312-4018bf0ca09d,D01
c2d99b24-60a9-58dd-8cf4-0f43990c4a06,A00
c2d99b24-60a9-58dd-8cf4-0f43990c4a06,A01
c2d99b24-60a9-58dd-8cf4-0f43990c4a06,C04
c2d99b24-60a9-58dd-8cf4-0f43990c4a06,D01
9ccd7040-12ae-5e33-bf7b-2df7b2842c19,A00
9ccd7040-12ae-5e33-bf7b-2df7b2842c19,A01
9ccd7040-12ae-5e33-bf7b-2df7b2842c19,C04
9ccd7040-12ae-5e33-bf7b-2df7b2842c19,D01
af90e6d6-5262-5586-8c6f-b509f566679c,A00
af90e6d6-5262-5586-8c6f-b509f566679c,A01
af90e6d6-5262-5586-8c6f-b509f566679c,C04
af90e6d6-5262-5586-8c6f-b509f566679c,D01
507e128c-2033-5d7f-adab-82dbf737e1c2,A00
507e128c-2033-5d7f-adab-82dbf737e1c2,A01
507e128c-2033-5d7f-adab-82dbf737e1c2,C04
507e128c-2033-5d7f-adab-82dbf737e1c2,D01
52463d1a-5452-5ec9-915c-7f78b9977e9e,A00
52463d1a-5452-5ec9-915c-7f78b9977e9e,A01
52463d1a-5452-5ec9-915c-7f78b9977e9e,C04
52463d1a-5452-5ec9-915c-7f78b9977e9e,D01
40206857-9dad-5849-90f9-3485a297905c,A00
40206857-9dad-5849-90f9-3485a297905c,A01
40206857-9dad-5849-90f9-3485a297905c,C04
40206857-9dad-5849-90f9-3485a297905c,D01
d127d68f-a180-5a0d-9d45-905473db57d6,A01
d127d68f-a180-5a0d-9d45-905473db57d6,C00
d127d68f-a180-5a0d-9d45-905473db57d6,D01
d127d68f-a180-5a0d-9d45-905473db57d6,D04
a9300cd0-0b44-5eeb-8e8f-3201068c8cf2,D10
a9300cd0-0b44-5eeb-8e8f-3201068c8cf2,X25
d127d68f-a180-5a0d-9d45-905473db57d6,C04
bfa1bbbb-6842-5e93-9312-4018bf0ca09d,X01
bfa1bbbb-6842-5e93-9312-4018bf0ca09d,X02
a679eb81-9fe0-5552-9883-41108d012093,A01
a679eb81-9fe0-5552-9883-41108d012093,D01
a679eb81-9fe0-5552-9883-41108d012093,D07
a679eb81-9fe0-5552-9883-41108d012093,D09
a679eb81-9fe0-5552-9883-41108d012093,D10
a679eb81-9fe0-5552-9883-41108d012093,X25
c2d99b24-60a9-58dd-8cf4-0f43990c4a06,X01
c2d99b24-60a9-58dd-8cf4-0f43990c4a06,X02
9ccd7040-12ae-5e33-bf7b-2df7b2842c19,X01
9ccd7040-12ae-5e33-bf7b-2df7b2842c19,X02
af90e6d6-5262-5586-8c6f-b509f566679c,X01
af90e6d6-5262-5586-8c6f-b509f566679c,X02
507e128c-2033-5d7f-adab-82dbf737e1c2,X01
507e128c-2033-5d7f-adab-82dbf737e1c2,X02
52463d1a-5452-5ec9-915c-7f78b9977e9e,X01
52463d1a-5452-5ec9-915c-7f78b9977e9e,X02
40206857-9dad-5849-90f9-3485a297905c,X01
40206857-9dad-5849-90f9-3485a297905c,X02
6438a1e9-e36b-56d4-8adf-0a9560d987ca,A00
6438a1e9-e36b-56d4-8adf-0a9560d987ca,A01
6438a1e9-e36b-56d4-8adf-0a9560d987ca,B00
6438a1e9-e36b-56d4-8adf-0a9560d987ca,D01
607b396e-0ad0-5cac-bba3-f7004780042f,A00
607b396e-0ad0-5cac-bba3-f7004780042f,A01
607b396e-0ad0-5cac-bba3-f7004780042f,C00
607b396e-0ad0-5cac-bba3-f7004780042f,D01
cffeb197-693a-54e4-9614-02d1022828a2,A00
cffeb197-693a-54e4-9614-02d1022828a2,A01
cffeb197-693a-54e4-9614-02d1022828a2,B00
cffeb197-693a-54e4-9614-02d1022828a2,D01
85632c68-85bc-5d35-9c5d-35761431b2a5,A00
85632c68-85bc-5d35-9c5d-35761431b2a5,A01
85632c68-85bc-5d35-9c5d-35761431b2a5,B00
85632c68-85bc-5d35-9c5d-35761431b2a5,D01
4dc53be8-7e44-5517-8a8c-867a2c233635,A00
4dc53be8-7e44-5517-8a8c-867a2c233635,A02
4dc53be8-7e44-5517-8a8c-867a2c233635,B00
4dc53be8-7e44-5517-8a8c-867a2c233635,D07
bcf3d28d-2ad0-5782-b9df-b02fb400ebaf,A01
bcf3d28d-2ad0-5782-b9df-b02fb400ebaf,D01
bcf3d28d-2ad0-5782-b9df-b02fb400ebaf,D04
bcf3d28d-2ad0-5782-b9df-b02fb400ebaf,D20
8e659135-dc63-598b-b52a-fc22041c8c49,A00
8e659135-dc63-598b-b52a-fc22041c8c49,A01
8e659135-dc63-598b-b52a-fc22041c8c49,B00
8e659135-dc63-598b-b52a-fc22041c8c49,D01
c421d03e-e03c-57ae-90fa-2d8e46e23ef5,A00
c421d03e-e03c-57ae-90fa-2d8e46e23ef5,A01
c421d03e-e03c-57ae-90fa-2d8e46e23ef5,C00
c421d03e-e03c-57ae-90fa-2d8e46e23ef5,D01
6e925c61-f41b-5fda-af5c-420c08500a9e,A00
6e925c61-f41b-5fda-af5c-420c08500a9e,A01
6e925c61-f41b-5fda-af5c-420c08500a9e,D01
6e925c61-f41b-5fda-af5c-420c08500a9e,D07
0aff5a7e-fbf8-539b-af2c-698aa311ee68,A00
0aff5a7e-fbf8-539b-af2c-698aa311ee68,A01
0aff5a7e-fbf8-539b-af2c-698aa311ee68,B00
0aff5a7e-fbf8-539b-af2c-698aa311ee68,D01
2c16da09-d780-5b34-bd07-e6313f9726a3,A00
2c16da09-d780-5b34-bd07-e6313f9726a3,A01
2c16da09-d780-5b34-bd07-e6313f9726a3,A02
2c16da09-d780-5b34-bd07-e6313f9726a3,D01
6c28e9f8-67db-5f0b-a834-9ec9586cf146,A00
6c28e9f8-67db-5f0b-a834-9ec9586cf146,A01
6c28e9f8-67db-5f0b-a834-9ec9586cf146,B00
6c28e9f8-67db-5f0b-a834-9ec9586cf146,D07
fdb8d7df-dfdd-5e34-9dc1-59c2a9c95b6d,A00
fdb8d7df-dfdd-5e34-9dc1-59c2a9c95b6d,A01
fdb8d7df-dfdd-5e34-9dc1-59c2a9c95b6d,D01
fdb8d7df-dfdd-5e34-9dc1-59c2a9c95b6d,D07
abbce00e-b062-5796-bd4f-581627d91490,A00
e364d040-75bd-5577-930d-45d4dd945b1d,A00
e364d040-75bd-5577-930d-45d4dd945b1d,A02
e364d040-75bd-5577-930d-45d4dd945b1d,B00
e364d040-75bd-5577-930d-45d4dd945b1d,D07
bcf3d28d-2ad0-5782-b9df-b02fb400ebaf,A00
d72a7331-4d0d-56cc-b97d-93f8182c517c,A01
d72a7331-4d0d-56cc-b97d-93f8182c517c,C00
d72a7331-4d0d-56cc-b97d-93f8182c517c,D01
d72a7331-4d0d-56cc-b97d-93f8182c517c,D14
fdb8d7df-dfdd-5e34-9dc1-59c2a9c95b6d,B00
abbce00e-b062-5796-bd4f-581627d91490,H00
abbce00e-b062-5796-bd4f-581627d91490,V00
abbce00e-b062-5796-bd4f-581627d91490,V01
abbce00e-b062-5796-bd4f-581627d91490,V02
4dc53be8-7e44-5517-8a8c-867a2c233635,A01
4dc53be8-7e44-5517-8a8c-867a2c233635,B08
bcf3d28d-2ad0-5782-b9df-b02fb400ebaf,C00
d72a7331-4d0d-56cc-b97d-93f8182c517c,A00
d72a7331-4d0d-56cc-b97d-93f8182c517c,D04
5c152aed-fe26-5b51-a9b2-fc71f965b882,A00
5c152aed-fe26-5b51-a9b2-fc71f965b882,C00
5c152aed-fe26-5b51-a9b2-fc71f965b882,D01
c421d03e-e03c-57ae-90fa-2d8e46e23ef5,B00
304552f4-2d00-5bc4-95c7-d40aa1c21d4f,A00
304552f4-2d00-5bc4-95c7-d40aa1c21d4f,A01
304552f4-2d00-5bc4-95c7-d40aa1c21d4f,B00
304552f4-2d00-5bc4-95c7-d40aa1c21d4f,D01
abbce00e-b062-5796-bd4f-581627d91490,H01
abbce00e-b062-5796-bd4f-581627d91490,H04
12c441b6-8156-5f96-9d06-fa99a3c8054d,A00
12c441b6-8156-5f96-9d06-fa99a3c8054d,A01
12c441b6-8156-5f96-9d06-fa99a3c8054d,B00
12c441b6-8156-5f96-9d06-fa99a3c8054d,B08
bcf3d28d-2ad0-5782-b9df-b02fb400ebaf,D14
bcf3d28d-2ad0-5782-b9df-b02fb400ebaf,X70
d72a7331-4d0d-56cc-b97d-93f8182c517c,D06
d72a7331-4d0d-56cc-b97d-93f8182c517c,X70
5c152aed-fe26-5b51-a9b2-fc71f965b882,A01
5c152aed-fe26-5b51-a9b2-fc71f965b882,D14
5c152aed-fe26-5b51-a9b2-fc71f965b882,X70
c421d03e-e03c-57ae-90fa-2d8e46e23ef5,X01
c421d03e-e03c-57ae-90fa-2d8e46e23ef5,X70
6438a1e9-e36b-56d4-8adf-0a9560d987ca,C00
6438a1e9-e36b-56d4-8adf-0a9560d987ca,X01
6438a1e9-e36b-56d4-8adf-0a9560d987ca,X21
6e925c61-f41b-5fda-af5c-420c08500a9e,C00
6e925c61-f41b-5fda-af5c-420c08500a9e,X01
6e925c61-f41b-5fda-af5c-420c08500a9e,X26
0aff5a7e-fbf8-539b-af2c-698aa311ee68,C00
0aff5a7e-fbf8-539b-af2c-698aa311ee68,X01
0aff5a7e-fbf8-539b-af2c-698aa311ee68,X21
304552f4-2d00-5bc4-95c7-d40aa1c21d4f,C00
304552f4-2d00-5bc4-95c7-d40aa1c21d4f,X01
304552f4-2d00-5bc4-95c7-d40aa1c21d4f,X21
607b396e-0ad0-5cac-bba3-f7004780042f,X01
607b396e-0ad0-5cac-bba3-f7004780042f,X70
2c16da09-d780-5b34-bd07-e6313f9726a3,X02
2c16da09-d780-5b34-bd07-e6313f9726a3,X06
2c16da09-d780-5b34-bd07-e6313f9726a3,X26
6c28e9f8-67db-5f0b-a834-9ec9586cf146,D01
6c28e9f8-67db-5f0b-a834-9ec9586cf146,X03
6c28e9f8-67db-5f0b-a834-9ec9586cf146,X07
6c28e9f8-67db-5f0b-a834-9ec9586cf146,X27
85632c68-85bc-5d35-9c5d-35761431b2a5,B08
85632c68-85bc-5d35-9c5d-35761431b2a5,X13
4dc53be8-7e44-5517-8a8c-867a2c233635,X13
12c441b6-8156-5f96-9d06-fa99a3c8054d,D07
12c441b6-8156-5f96-9d06-fa99a3c8054d,X13
e364d040-75bd-5577-930d-45d4dd945b1d,A01
e364d040-75bd-5577-930d-45d4dd945b1d,B08
e364d040-75bd-5577-930d-45d4dd945b1d,X13
