id,university_short_name,major_code,program_source_code,program_name,source,source_school_id,is_active
5d7e674e-108b-5c00-8544-e0f2486f2576,ANH,7480201,7480201_Nam,Ngành Công nghệ thông tin (Thí sinh Nam),tuyensinh247,221,true
7d12022c-1206-5b0f-bddb-de1fed9d451a,ANH,7480202,7480202,An toàn thông tin,tuyensinh247,221,true
d1ec4afa-3f7e-5997-b1be-f886ac2cb177,ANH,7720101,7720101,Y khoa,tuyensinh247,221,true
6c024fa1-e7ea-584a-a56e-51e7a8cf2426,ANH,7720101,7720101_Nam,Ngành Y khoa (gửi đào tạo tại Học viện Quân y),tuyensinh247,221,true
90d2531d-e8f7-5476-aac7-99949174512b,ANH,7720101,7720101_Nu,Ngành Y khoa (gửi đào tạo tại Học viện Quân y),tuyensinh247,221,true
eb8599a4-b679-5ad6-a587-cb9677c9b7b5,ANH,7860100,7860100,Nghiệp vụ An ninh,tuyensinh247,221,true
ad52afe3-fcb2-5eed-bcf4-bc42a5a598b9,ANH,7860100,7860100_Nam_1,Ngành Nghiệp vụ an ninh,tuyensinh247,221,true
ba41c773-892c-5f67-a341-37a751f5cb4f,ANH,7860100,7860100_Nam_2,Ngành Nghiệp vụ an ninh,tuyensinh247,221,true
617f8b1a-f422-5250-8894-ddf055cab0a4,ANH,7860100,7860100_Nam_3,Ngành Nghiệp vụ an ninh,tuyensinh247,221,true
b7c6304d-6631-54b3-b981-08cf086f9332,ANH,7860100,7860100_Nam_8,Ngành Nghiệp vụ an ninh,tuyensinh247,221,true
1791793f-56cd-53fa-a384-fa950cc7b46a,ANH,7860100,7860100_Nu_1,Ngành Nghiệp vụ an ninh,tuyensinh247,221,true
17292546-3f48-5f65-8034-b90a76f42df4,ANH,7860100,7860100_Nu_2,Ngành Nghiệp vụ an ninh,tuyensinh247,221,true
40c7c556-8058-5497-963e-106de7826a82,ANH,7860100,7860100_Nu_3,Ngành Nghiệp vụ an ninh,tuyensinh247,221,true
35739d76-7b9f-50b1-9dec-1146e80ecb53,ANH,7860100,7860100_Nu_8,"Ngành Nghiệp vụ an ninh (Thí sinh Nữ, vùng 8)",tuyensinh247,221,true
77a27e8f-45e8-5b5f-877d-523baf507871,ANH,7860114,7860114_Nam_B,"Ngành An ninh mạng và phòng chống tội phạm công nghệ cao (Thí sinh Nam, miền Bắc)",tuyensinh247,221,true
bd5945c9-74af-5ff3-9d79-defd673415d2,ANH,7860114,7860114_Nam_N,"Ngành An ninh mạng và phòng chống tội phạm công nghệ cao (Thí sinh Nam, miền Nam)",tuyensinh247,221,true
33bfb6e7-a52e-53c0-8b13-205db03fb959,ANH,7860114,7860114_Nu_B,"Ngành An ninh mạng và phòng chống tội phạm công nghệ cao (Thí sinh Nữ, miền Bắc)",tuyensinh247,221,true
1540952d-cbbc-5d8d-bea3-9331fa3c2c75,ANH,7860114,7860114_Nu_N,"Ngành An ninh mạng và phòng chống tội phạm công nghệ cao (Thí sinh Nữ, miền Nam)",tuyensinh247,221,true
96c3d097-7e14-557f-b4c8-ee15ff57a63f,BKA,BF-E12,BF-E12,Kỹ thuật Thực phẩm (CT tiên tiến),tuyensinh247,302,true
b3f5f257-69fc-5b51-b208-52b5dd39e9d1,BKA,BF-E12x,BF-E12x,Kỹ thuật Thực phẩm (CT tiên tiến),tuyensinh247,302,true
6fd373ce-0b23-564e-ba08-dd207e4d6848,BKA,BF-E12y,BF-E12y,Kỹ thuật Thực phẩm (CT tiên tiến),tuyensinh247,302,true
c662002c-0685-558e-8d21-d39354a511cd,BKA,BF-E19,BF-E19,Kỹ thuật sinh học (CT tiên tiến),tuyensinh247,302,true
df290692-8b06-5125-b8f5-96c7a2fba6ab,BKA,BF1,BF1,Kỹ thuật Sinh học,tuyensinh247,302,true
a8e5d8e3-9e41-594a-92ca-2d71362a0950,BKA,BF1x,BF1x,Kỹ thuật Sinh học,tuyensinh247,302,true
f19be27f-e548-52fb-a027-5085a687f488,BKA,BF1y,BF1y,Kỹ thuật Sinh học,tuyensinh247,302,true
0a9b0a80-ea8c-58bb-8871-c9b82309b3c8,BKA,BF2,BF2,Kỹ thuật Thực phẩm,tuyensinh247,302,true
0a8860f6-fe28-5d3d-9162-be9016f6e3f5,BKA,BF2x,BF2x,Kỹ thuật Thực phẩm,tuyensinh247,302,true
33a82925-e0a0-5eab-8b59-39b8e91a2d33,BKA,BF2y,BF2y,Kỹ thuật Thực phẩm,tuyensinh247,302,true
659f873a-d3a5-5b47-8468-6c09168f56a0,BKA,CH-E11,CH-E11,Kỹ thuật Hóa dược (CT tiên tiến),tuyensinh247,302,true
5b4c7467-adbf-5eb4-857f-1512d1c751a9,BKA,CH-E11x,CH-E11x,Kỹ thuật Hóa dược (CT tiên tiến),tuyensinh247,302,true
d5ba6897-a3a0-51dd-a399-f2a0f48c17cf,BKA,CH-E11y,CH-E11y,Kỹ thuật Hóa dược (CT tiên tiến),tuyensinh247,302,true
3242531a-ec0f-5de6-940c-3f801877dd9e,BKA,CH1,CH1,Kỹ thuật Hóa học,tuyensinh247,302,true
6597ae2a-de39-5b42-bc89-bfdbd3d894df,BKA,CH1Y,CH1Y,Kỹ thuật Hoá học,tuyensinh247,302,true
6cec242a-153e-5fe0-af06-7d519d018bb1,BKA,CH1x,CH1x,Kỹ thuật Hoá học,tuyensinh247,302,true
c3c3e4a3-fa08-5881-b290-33ed42a1b4dc,BKA,CH2,CH2,Hóa học,tuyensinh247,302,true
a7c9e3c9-731e-5329-a8d5-68046eb81cf2,BKA,CH2x,CH2x,Hoá học,tuyensinh247,302,true
120817e2-3011-5ff0-b2cc-5a173a4728f5,BKA,CH2y,CH2y,Hoá học,tuyensinh247,302,true
8a15cf55-498c-5935-80a1-1cbca92fbbfe,BKA,CH3,CH3,Kỹ thuật In,tuyensinh247,302,true
c3b4aba8-fe15-56b3-a5e4-6c90538851b5,BKA,CH3x,CH3x,Kỹ thuật in,tuyensinh247,302,true
6f151169-56a3-58d5-9226-df05fcda7ce4,BKA,CH3y,CH3y,Kỹ thuật in,tuyensinh247,302,true
86c69125-926a-5a4c-b7f8-643c1d9e3be3,BKA,ED2,ED2,Công nghệ Giáo dục,tuyensinh247,302,true
1be5cfb0-bce7-5010-86c6-fc1be6f001a6,BKA,ED2x,ED2x,Công nghệ giáo dục,tuyensinh247,302,true
aa1dd761-0dc2-5fe0-a6dc-042632c2292f,BKA,ED2y,ED2y,Công nghệ giáo dục,tuyensinh247,302,true
2c2d1f8a-77cc-51f9-bc8f-be2accc5a169,BKA,ED3,ED3,Quản lý giáo dục,tuyensinh247,302,true
b077c2b6-8be9-5b7e-a026-4c055e6abc9c,BKA,EE-E18,EE-E18,Hệ thống điện và năng lượng tái tạo (CT tiên tiến),tuyensinh247,302,true
dc072043-005d-5b64-a75e-83659fdb36a8,BKA,EE-E18x,EE-E18x,Hệ thống điện và năng lượng tái tạo (CT tiên tiến),tuyensinh247,302,true
f5f0622d-c174-598f-a8cc-c2ce3c55463a,BKA,EE-E18y,EE-E18y,Hệ thống điện và năng lượng tái tạo (CT tiên tiến),tuyensinh247,302,true
4f27a172-e609-5803-803d-4c0dcfd2adf8,BKA,EE-E8,EE-E8,Kỹ thuật Điều khiển - Tự động hoá (CT tiên tiến),tuyensinh247,302,true
7a0e9217-bd0f-5a54-b9d5-5ad2c7d6ee22,BKA,EE-E8x,EE-E8x,Kỹ thuật Điều khiển - Tự động hoá (CT tiên tiến),tuyensinh247,302,true
503ad278-66e1-52c1-997c-48a7393cbc21,BKA,EE-E8y,EE-E8y,Kỹ thuật Điều khiển - Tự động hoá (CT tiên tiến),tuyensinh247,302,true
eac617d3-cd33-5ead-b611-1d0b0417c54e,BKA,EE-EP,EE-EP,Tin học công nghiệp và Tự động hóa (Chương trình Việt - Pháp PFIEV),tuyensinh247,302,true
635ac80e-d2a2-5e48-8e86-b5f3ef903358,BKA,EE-Epx,EE-Epx,Tin học công nghiệp và Tự động hóa (Chương trình Việt - Pháp PFIEV),tuyensinh247,302,true
5ec41538-de10-5b8a-89c3-f84b8a906d7a,BKA,EE-Epy,EE-Epy,Tin học công nghiệp và Tự động hóa (Chương trình Việt - Pháp PFIEV),tuyensinh247,302,true
8cca808e-8b2d-5b17-a358-3f02f0cb9cd4,BKA,EE1,EE1,Kỹ thuật Điện,tuyensinh247,302,true
4c828cf2-5615-552e-8306-986b60e0e3d4,BKA,EE1x,EE1x,Kỹ thuật Điện,tuyensinh247,302,true
4084f252-fd19-54d9-8bcb-3272d76c07a2,BKA,EE1y,EE1y,Kỹ thuật Điện,tuyensinh247,302,true
f4ac0426-4dec-5365-aaea-3860e0f4c987,BKA,EE2,EE2,Kỹ thuật Điều khiển - Tự động hoá,tuyensinh247,302,true
287d7f67-9a5c-533e-9919-cab8b8099b40,BKA,EE2X,EE2X,Kỹ thuật Điều khiển - Tự động hoá,tuyensinh247,302,true
4c529156-f02a-5284-a227-dc0f316a11c0,BKA,EE2y,EE2y,Kỹ thuật Điều khiển - Tự động hoá,tuyensinh247,302,true
55bd8c3d-a7ac-54e6-9744-24263e87e0b2,BKA,EM-E13,EM-E13,Phân tích kinh doanh (CT tiên tiến),tuyensinh247,302,true
e8350870-858f-540c-bef1-212cf57d0311,BKA,EM-E13x,EM-E13x,Phân tích kinh doanh (CT tiên tiến),tuyensinh247,302,true
289912c6-2f4f-5ebd-92ed-cfbc29d84372,BKA,EM-E13y,EM-E13y,Phân tích kinh doanh (CT tiên tiến),tuyensinh247,302,true
b15a4b01-6577-5105-a08e-e01e4444ba37,BKA,EM-E14,EM-E14,Logistics và Quản lý chuỗi cung ứng (CT tiên tiến),tuyensinh247,302,true
c9b1190c-28dc-5f6b-a875-8723cde3a245,BKA,EM-E14x,EM-E14x,Logistics và Quản lý chuỗi cung ứng (CT tiên tiến),tuyensinh247,302,true
35c73e2b-ca98-5984-8787-4c76899ee674,BKA,EM-E14y,EM-E14y,Logistics và Quản lý chuỗi cung ứng (CT tiên tiến),tuyensinh247,302,true
dd18edfd-b78c-5d43-9d32-0c161d04b36d,BKA,EM1,EM1,Quản lý năng lượng,tuyensinh247,302,true
8d348a61-5dbd-5ad0-9499-bc60e5e280d6,BKA,EM1x,EM1x,Kinh tế công nghiệp,tuyensinh247,302,true
47ad5d81-d9c1-5106-9aa5-90335551f726,BKA,EM1y,EM1y,Kinh tế công nghiệp,tuyensinh247,302,true
14f40c67-150b-5621-ab96-4b8f3f8f3d0e,BKA,EM2,EM2,Quản lý Công nghiệp,tuyensinh247,302,true
ed424a82-d602-5021-9d8b-3a9869fc9d81,BKA,EM2x,EM2x,Quản lý công nghiệp,tuyensinh247,302,true
4abfe38c-32d3-50c2-9209-121c0c547833,BKA,EM2y,EM2y,Quản lý công nghiệp,tuyensinh247,302,true
80cd47b7-cea3-5814-aabb-6776a8b76b15,BKA,EM3,EM3,Quản trị Kinh doanh,tuyensinh247,302,true
ec318003-b8c5-513e-899b-e21044893ead,BKA,EM3x,EM3x,Quản trị kinh doanh,tuyensinh247,302,true
1e6868d0-193c-5cc8-a4eb-bf58117e2e74,BKA,EM3y,EM3y,Quản trị kinh doanh,tuyensinh247,302,true
9df6c3c9-6c71-56fb-9c4c-2fa844c5dbdc,BKA,EM4,EM4,Kế toán,tuyensinh247,302,true
1dbf9300-e672-5df3-9e7b-9f80592928ff,BKA,EM4x,EM4x,Kế toán,tuyensinh247,302,true
cc2edd99-b483-5a81-9bf0-1700cb02aca4,BKA,EM4y,EM4y,Kế toán,tuyensinh247,302,true
dec2e16a-7a7f-5f69-b837-e604c604091e,BKA,EM5,EM5,Tài chính - Ngân hàng,tuyensinh247,302,true
6085ed58-987e-5217-a795-9ae3f00109fe,BKA,EM5x,EM5x,Tài chính - Ngân hàng,tuyensinh247,302,true
42f52399-7de8-5585-bf51-df831b40f043,BKA,EM5y,EM5y,Tài chính - Ngân hàng,tuyensinh247,302,true
63739aee-ed6c-50fe-844f-df91a0a05f1e,BKA,ET-E16,ET-E16,Truyền thông số và Kỹ thuật đa phương tiện (CT tiên tiến),tuyensinh247,302,true
be4c3071-81cf-5955-871c-a0e60a15e7d3,BKA,ET-E16x,ET-E16x,Truyền thông số và Kỹ thuật đa phương tiện (CT tiên tiến),tuyensinh247,302,true
7656fbce-5a55-5d1f-924e-690e15d80024,BKA,ET-E16y,ET-E16y,Truyền thông số và Kỹ thuật đa phương tiện (CT tiên tiến),tuyensinh247,302,true
c6fd3f45-48b7-5428-9382-4d8da34d3311,BKA,ET-E4,ET-E4,Kỹ thuật Điện tử - Viễn thông (CT tiên tiến),tuyensinh247,302,true
c2cfcd82-2c10-56ee-8515-eba59e616cc0,BKA,ET-E4x,ET-E4x,Kỹ thuật Điện tử - Viễn thông (CT tiên tiến),tuyensinh247,302,true
eed3cc14-8cd8-51df-a932-5db1c6b2e96f,BKA,ET-E4y,ET-E4y,Kỹ thuật Điện tử - Viễn thông (CT tiên tiến),tuyensinh247,302,true
1122c5ae-124b-55e3-8044-3aab4f1cab29,BKA,ET-E5,ET-E5,Kỹ thuật Y sinh (CT tiên tiến),tuyensinh247,302,true
cf0e5f19-7129-5b78-8ee8-dfd0f0ebd9fd,BKA,ET-E5x,ET-E5x,Kỹ thuật Y sinh (CT tiên tiến),tuyensinh247,302,true
a6c22b68-bc0b-553e-a743-caaa0d0a3c04,BKA,ET-E5y,ET-E5y,Kỹ thuật Y sinh (CT tiên tiến),tuyensinh247,302,true
34c9c0b5-319a-5c6d-8343-7f072bea0c6f,BKA,ET-E9,ET-E9,Hệ thống nhúng thông minh và IoT (CT tiên tiến),tuyensinh247,302,true
bcbf17fc-1073-55f7-929d-368e507f7dc4,BKA,ET-E9x,ET-E9x,Hệ thống nhúng thông minh và IoT (CT tiên tiến),tuyensinh247,302,true
7adc0808-8b54-5ae0-b11e-225c9a89f6e5,BKA,ET-E9y,ET-E9y,Hệ thống nhúng thông minh và IoT (CT tiên tiến),tuyensinh247,302,true
9c3d32ba-5ef5-59e3-9abf-8209e44b06de,BKA,ET-LUH,ET-LUH,Điện tử - Viễn thông - ĐH Leibniz Hannover (CHLB Đức),tuyensinh247,302,true
b38235a8-c677-5db9-903f-a569e20de62e,BKA,ET-LUHX,ET-LUHX,Điện tử - Viễn thông - hợp tác với ĐH Leibniz Hannover (Đức),tuyensinh247,302,true
4b56aeb4-a5ce-5575-88c3-c7333bdf3006,BKA,ET-LUHY,ET-LUHY,Điện tử - Viễn thông - hợp tác với ĐH Leibniz Hannover (Đức),tuyensinh247,302,true
cc6b4ceb-9396-5344-88aa-45536abb8a92,BKA,ET1,ET1,Kỹ thuật Điện tử - Viễn thông,tuyensinh247,302,true
96dfd6f0-4cea-51be-a80a-4637fae88ffe,BKA,ET1x,ET1x,Kỹ thuật Điện tử - Viễn thông,tuyensinh247,302,true
c542680a-2038-57ec-ad4f-babfe2faab15,BKA,ET1y,ET1y,Kỹ thuật Điện tử - Viễn thông,tuyensinh247,302,true
7d4ae544-b6ac-5774-be81-67385cadd8c6,BKA,ET2,ET2,Kỹ thuật Y sinh,tuyensinh247,302,true
610d6f08-08ab-5426-b572-8a20d6c6bb95,BKA,ET2x,ET2x,Kỹ thuật Y sinh (mới),tuyensinh247,302,true
1e92f4e6-425e-5047-baa0-f72bb055c570,BKA,ET2y,ET2y,Kỹ thuật Y sinh (mới),tuyensinh247,302,true
3ee7e108-0f12-5526-aa0c-9d98e853443f,BKA,EV1,EV1,Kỹ thuật Môi trường,tuyensinh247,302,true
0d1c4f4f-9498-5847-a598-394b5f63684e,BKA,EV1x,EV1x,Kỹ thuật Môi trường,tuyensinh247,302,true
b92a6c80-2f19-5749-920a-9529863898c2,BKA,EV1y,EV1y,Kỹ thuật Môi trường,tuyensinh247,302,true
27f6d74e-bd56-5416-8621-33f18177ccf8,BKA,EV2,EV2,Quản lý Tài nguyên và Môi trường,tuyensinh247,302,true
6bd25b59-f349-5cc7-ae73-7d9550c9c2b8,BKA,EV2x,EV2x,Quản lý tài nguyên và môi trường,tuyensinh247,302,true
e88e1791-d920-5a89-ad66-07bf5312bb8e,BKA,EV2y,EV2y,Quản lý tài nguyên và môi trường,tuyensinh247,302,true
d55efb80-dbf7-503d-bcd5-b56a90376f72,BKA,FL1,FL1,Tiếng Anh KHKT và Công nghệ,tuyensinh247,302,true
f89aecab-9302-509d-9395-c86c01600716,BKA,FL1x,FL1x,Tiếng Anh KHKT và Công nghệ,tuyensinh247,302,true
1bef31db-341a-563a-adb9-52f26d466c30,BKA,FL1y,FL1y,Tiếng Anh KHKT và Công nghệ,tuyensinh247,302,true
18d42dcb-4ab0-5152-8df2-50681fe75c6c,BKA,FL2,FL2,Tiếng Anh chuyên nghiệp quốc tế,tuyensinh247,302,true
e0c415dd-7d08-5250-9f27-84ffe238507d,BKA,FL2x,FL2x,Tiếng Anh chuyên nghiệp quốc tế,tuyensinh247,302,true
ad961b00-a876-595c-b743-76c82238bcb8,BKA,FL2y,FL2y,Tiếng Anh chuyên nghiệp quốc tế,tuyensinh247,302,true
b35ee16e-656e-5115-b39d-d43e8380a546,BKA,FL3,FL3,Tiếng Trung KHKT và Công nghệ,tuyensinh247,302,true
79baf835-2e47-5f05-b0f2-e8513962171d,BKA,HE1,HE1,Kỹ thuật Nhiệt,tuyensinh247,302,true
13c4e368-019b-5132-93a1-097f28f3cb77,BKA,HE1x,HE1x,Kỹ thuật Nhiệt,tuyensinh247,302,true
7318a13a-fc7c-5fa7-a273-2e23dec35448,BKA,HE1y,HE1y,Kỹ thuật Nhiệt,tuyensinh247,302,true
873473f9-de51-5357-9b31-6209df1671ff,BKA,IT-E10,IT-E10,Khoa học dữ liệu và Trí tuệ nhân tạo (CT tiên tiến),tuyensinh247,302,true
36a3ef45-df2c-509d-a897-1edbf599a754,BKA,IT-E10x,IT-E10x,Khoa học dữ liệu và Trí tuệ nhân tạo (CT tiên tiến),tuyensinh247,302,true
39be5a18-2e0e-58c8-9c62-214c9af71462,BKA,IT-E15,IT-E15,An toàn không gian số - Cyber security (CT tiên tiến),tuyensinh247,302,true
271ce317-4278-540f-bf55-0fbb2a3a2cdf,BKA,IT-E15x,IT-E15x,An toàn không gian số - Cyber security (CT tiên tiến),tuyensinh247,302,true
e2f39d4f-face-50d6-8da8-65a078f357b2,BKA,IT-E6,IT-E6,Công nghệ thông tin (Việt - Nhật),tuyensinh247,302,true
f54a4f0a-358c-554c-b3f6-0ed01df85e5b,BKA,IT-E6x,IT-E6x,Công nghệ thông tin (Việt - Nhật),tuyensinh247,302,true
43c61649-a53f-5669-9e09-2542e19ea671,BKA,IT-E6y,IT-E6y,Công nghệ thông tin (Việt - Nhật),tuyensinh247,302,true
69688848-6850-591d-88cd-9d8fd09de60c,BKA,IT-E7,IT-E7,Công nghệ thông tin (Global ICT),tuyensinh247,302,true
fad76f6a-431b-57b8-bd32-0aa0a2114ba4,BKA,IT-E7x,IT-E7x,Công nghệ thông tin (Global ICT),tuyensinh247,302,true
202dfc34-5a2c-5b5c-8181-3744b943641d,BKA,IT-EP,IT-EP,Công nghệ thông tin (Việt - Pháp),tuyensinh247,302,true
10fbcc24-d075-5363-8b45-c84aabf7569e,BKA,IT-Epx,IT-Epx,Công nghệ thông tin (Việt - Pháp),tuyensinh247,302,true
951ec60c-e9de-5777-a102-db51088af9a6,BKA,IT1,IT1,CNTT: Khoa học Máy tính,tuyensinh247,302,true
b60b6925-1915-5b2b-b6ff-827efe1ecb9d,BKA,IT1x,IT1x,CNTT: Khoa học Máy tính,tuyensinh247,302,true
08dd2f4c-e1c5-5bf8-b81d-c0b770a60a83,BKA,IT2,IT2,CNTT: Kỹ thuật Máy tính,tuyensinh247,302,true
4fc1e9f0-db1b-5b70-a037-b5c173164420,BKA,IT2x,IT2x,CNTT: Kỹ thuật Máy tính,tuyensinh247,302,true
f299e13b-c94c-510d-8ba4-546dbd4d2457,BKA,IT2y,IT2y,CNTT: Kỹ thuật Máy tính,tuyensinh247,302,true
39a2b6d3-4529-5afb-86a2-66ab0b695e63,BKA,ME-E1,ME-E1,Kỹ thuật Cơ điện tử (CT tiên tiến),tuyensinh247,302,true
9827e2e7-df5a-579c-a02a-1b1acc89055a,BKA,ME-E1x,ME-E1x,Kỹ thuật Cơ điện tử (CT tiên tiến),tuyensinh247,302,true
05eb0044-9615-55f4-ab60-2f9dd98efedc,BKA,ME-E1y,ME-E1y,Kỹ thuật Cơ điện tử (CT tiên tiến),tuyensinh247,302,true
f69d8c21-8919-501b-ab1b-10abccb33adb,BKA,ME-GU,ME-GU,Cơ khí - Chế tạo máy - hợp tác với ĐH Griffith (Úc),tuyensinh247,302,true
a1f58559-c479-509b-b48d-7d41c7843bac,BKA,ME-Gux,ME-Gux,Cơ khí - Chế tạo máy - hợp tác với ĐH Griffith (Úc),tuyensinh247,302,true
accc04a1-9a6e-5cf4-92b1-2ad7a4f34ca2,BKA,ME-Guy,ME-Guy,Cơ khí - Chế tạo máy - hợp tác với ĐH Griffith (Úc),tuyensinh247,302,true
1301195c-d702-5223-9abf-5aeb4abdac5e,BKA,ME-LUH,ME-LUH,Cơ điện tử - hợp tác với ĐH Leibniz Hannover (CHLB Đức),tuyensinh247,302,true
034783d5-01b3-511a-bef4-68f0e44e17f1,BKA,ME-LUHx,ME-LUHx,Cơ điện tử - hợp tác với ĐH Leibniz Hannover (Đức),tuyensinh247,302,true
d18da9e5-b5bf-5a89-893a-19b97f5d64fe,BKA,ME-LUHy,ME-LUHy,Cơ điện tử - hợp tác với ĐH Leibniz Hannover (Đức),tuyensinh247,302,true
d846f8fd-17e0-5575-902e-f473fdefb9b7,BKA,ME-NUT,ME-NUT,Cơ điện tử - hợp tác với ĐHCN Nagaoka (Nhật Bản),tuyensinh247,302,true
287274fc-39c8-5a64-b726-cc0ab91afd4a,BKA,ME-NUTx,ME-NUTx,Cơ điện tử - hợp tác với ĐHCN Nagaoka (Nhật Bản),tuyensinh247,302,true
10a17ef1-fe80-5f76-a654-bd700714843e,BKA,ME-NUTy,ME-NUTy,Cơ điện tử - hợp tác với ĐHCN Nagaoka (Nhật Bản),tuyensinh247,302,true
30ae3985-f5bf-5bb8-88f5-8839359338b4,BKA,ME1,ME1,Kỹ thuật Cơ điện tử,tuyensinh247,302,true
9a101642-d650-58e0-b604-e9243cd37f45,BKA,ME1x,ME1x,Kỹ thuật Cơ điện tử,tuyensinh247,302,true
d97e6ea2-2173-5161-a461-932ddb5c01a4,BKA,ME1y,ME1y,Kỹ thuật Cơ điện tử,tuyensinh247,302,true
d87ac3c3-196b-59d8-bb43-b9702e92150f,BKA,ME2,ME2,Kỹ thuật Cơ khí,tuyensinh247,302,true
c9a59150-e038-5672-a2dd-38948652dbf8,BKA,ME2x,ME2x,Kỹ thuật Cơ khí,tuyensinh247,302,true
d87f3457-1d92-5cfd-a0bc-d0e517ac87c3,BKA,ME2y,ME2y,Kỹ thuật Cơ khí,tuyensinh247,302,true
64c10856-1ba3-524c-b626-80cbe8e45b42,BKA,MI1,MI1,Toán - Tin,tuyensinh247,302,true
6ff45063-dd23-5c1b-bba8-638247d495f8,BKA,MI1x,MI1x,Toán - Tin,tuyensinh247,302,true
3c074b14-9ddb-50bf-8aa6-486524b9f809,BKA,MI1y,MI1y,Toán - Tin,tuyensinh247,302,true
7476a86b-0441-5f20-bcac-f9517aff5bb7,BKA,MI2,MI2,Hệ thống thông tin quản lý,tuyensinh247,302,true
74fafd3c-8e5b-5565-b388-71d07ffd7889,BKA,MI2x,MI2x,Hệ thống thông tin quản lý,tuyensinh247,302,true
701f3478-f576-5380-b581-190506f33df6,BKA,MI2y,MI2y,Hệ thống thông tin quản lý,tuyensinh247,302,true
39369f61-9978-5fcd-8af6-42dafe41457c,BKA,MS-E3,MS-E3,Khoa học và Kỹ thuật Vật liệu (CT tiên tiến),tuyensinh247,302,true
7af61b29-c607-5e30-96d6-3e0d00120b7d,BKA,MS-E3x,MS-E3x,KHKT Vật liệu (CT tiên tiến),tuyensinh247,302,true
7cc61526-4ed2-58b1-98c2-cb759bbe900a,BKA,MS-E3y,MS-E3y,KHKT Vật liệu (CT tiên tiến),tuyensinh247,302,true
cfa9b495-459d-554c-bd13-a000b155a470,BKA,MS1,MS1,Kỹ thuật Vật liệu,tuyensinh247,302,true
a9f926ff-785a-5cdb-9a16-2a57e8539ef2,BKA,MS1x,MS1x,Kỹ thuật Vật liệu,tuyensinh247,302,true
fa084775-9026-541f-8987-6d44749ddcad,BKA,MS1y,MS1y,Kỹ thuật Vật liệu,tuyensinh247,302,true
be63440a-484f-5e6e-8b80-0aa7178f273e,BKA,MS2,MS2,Kỹ thuật Vi điện tử và Công nghệ nano,tuyensinh247,302,true
6e55a0f6-5547-5eeb-9917-5da277f5e082,BKA,MS3,MS3,Công nghệ vật liệu Polyme và Compozit,tuyensinh247,302,true
4ae06dd5-3be7-59ee-a0cb-8e791379668a,BKA,MS5,MS5,Kỹ thuật in,tuyensinh247,302,true
5ba166f4-f3b7-5971-93b1-46821d73a9f4,BKA,PH1,PH1,Vật lý Kỹ thuật,tuyensinh247,302,true
85e38b66-4413-5bb4-ac75-f3d62d5091d1,BKA,PH1x,PH1x,Vật lý kỹ thuật,tuyensinh247,302,true
f2df8a32-1bc9-5c16-836b-6aef9c51cc7f,BKA,PH1y,PH1y,Vật lý kỹ thuật,tuyensinh247,302,true
974caaf9-11d3-53ab-8a46-a9dd6e493d7a,BKA,PH2,PH2,Kỹ thuật Hạt nhân,tuyensinh247,302,true
5070d29b-878b-54c0-bd17-557aad97f385,BKA,PH2x,PH2x,Kỹ thuật hạt nhân,tuyensinh247,302,true
0d69e060-f566-5a37-8648-54186fecac24,BKA,PH2y,PH2y,Kỹ thuật hạt nhân,tuyensinh247,302,true
b46bd8b1-6331-50af-a12d-f98fcda30041,BKA,PH3,PH3,Vật lý Y khoa,tuyensinh247,302,true
fd64b3fe-e98e-5e52-91ae-b64a5085dad6,BKA,PH3x,PH3x,Vật lý y khoa,tuyensinh247,302,true
14936033-0ce7-59d7-91e6-6ef5367b7557,BKA,PH3y,PH3y,Vật lý y khoa,tuyensinh247,302,true
d013dae4-52d0-597e-8908-eb1b84149e6e,BKA,TE-E2,TE-E2,Kỹ thuật Ô tô (CT tiên tiến),tuyensinh247,302,true
bc15f7ac-93fa-58a6-ac23-958e0c83dc43,BKA,TE-E2x,TE-E2x,Kỹ thuật Ô tô (CT tiên tiến),tuyensinh247,302,true
43fdbec3-cf31-536b-8cda-52ca0efe2bc5,BKA,TE-E2y,TE-E2y,Kỹ thuật Ô tô (CT tiên tiến),tuyensinh247,302,true
feca3bf3-0fa3-509b-8583-85077b300a08,BKA,TE-EP,TE-EP,Cơ khí hàng không (Chương trình Việt - Pháp PFIEV),tuyensinh247,302,true
f6c7f30e-0095-5b42-a81a-035e8fd37c17,BKA,TE-Epx,TE-Epx,Cơ khí hàng không (Chương trình Việt - Pháp PFIEV),tuyensinh247,302,true
36398a9a-5c4e-5928-9a4a-c7bb51939e2f,BKA,TE-Epy,TE-Epy,Cơ khí hàng không (Chương trình Việt - Pháp PFIEV),tuyensinh247,302,true
18b6eca0-3954-5a3d-a3b3-a81f3a0f48d3,BKA,TE1,TE1,Kỹ thuật Ô tô,tuyensinh247,302,true
7e672fd3-a393-5f32-abef-1439102c4ec4,BKA,TE1x,TE1x,Kỹ thuật Ô tô,tuyensinh247,302,true
333f0551-293d-525a-8b7d-1d1d44edb021,BKA,TE1y,TE1y,Kỹ thuật Ô tô,tuyensinh247,302,true
554e0a67-7ef0-5965-879e-0f3f23cbd997,BKA,TE2,TE2,Kỹ thuật Cơ khí động lực,tuyensinh247,302,true
6b1c8660-3bf7-505b-833b-0efc38ea5e22,BKA,TE2x,TE2x,Kỹ thuật Cơ khí động lực,tuyensinh247,302,true
1f4adc01-7b86-5bcc-8a49-e998da896c94,BKA,TE2y,TE2y,Kỹ thuật Cơ khí động lực,tuyensinh247,302,true
d1e3caf4-d412-501c-b37c-7b401d26b5e3,BKA,TE3,TE3,Kỹ thuật Hàng không,tuyensinh247,302,true
85c5c82e-0d78-5441-bea3-788bc1ba093f,BKA,TE3x,TE3x,Kỹ thuật Hàng không,tuyensinh247,302,true
06dc7a8b-13f2-5efb-841c-24b7b2d4d7f0,BKA,TE3y,TE3y,Kỹ thuật Hàng không,tuyensinh247,302,true
8f26a80c-b5bd-51b2-b3e0-17da3368595a,BKA,TROY-BA,TROY-BA,Quản trị kinh doanh - hợp tác với ĐH Troy (Hoa Kỳ),tuyensinh247,302,true
01c12bd8-5476-5edb-a78a-1600222ca966,BKA,TROY-Bax,TROY-Bax,Quản trị kinh doanh - hợp tác với ĐH Troy (Hoa Kỳ),tuyensinh247,302,true
f65f337f-edaa-5844-8ef5-f1fc2a174a83,BKA,TROY-Bay,TROY-Bay,Quản trị kinh doanh - hợp tác với ĐH Troy (Hoa Kỳ),tuyensinh247,302,true
b49a88fa-494a-56b0-8f72-ac77e15eb40c,BKA,TROY-IT,TROY-IT,Khoa học máy tính - hợp tác với ĐH Troy (Hoa Kỳ),tuyensinh247,302,true
136c3890-bf16-5380-bece-48965bd136e4,BKA,TROY-ITx,TROY-ITx,Khoa học máy tính - hợp tác với ĐH Troy (Hoa Kỳ),tuyensinh247,302,true
5be7e0ea-3307-5b72-8cc8-deba0eddb7b9,BKA,TROY-ITy,TROY-ITy,Khoa học máy tính - hợp tác với ĐH Troy (Hoa Kỳ),tuyensinh247,302,true
a031bb80-e129-578e-9002-5febe10ae14a,BKA,TX1,TX1,Công nghệ Dệt May,tuyensinh247,302,true
32b07aa7-aeb4-5053-8134-237f8a6e7de6,BKA,TX1x,TX1x,Kỹ thuật Dệt - May,tuyensinh247,302,true
5695d8f9-ed44-5f7f-b39e-038490583a12,BKA,TX1y,TX1y,Kỹ thuật Dệt - May,tuyensinh247,302,true
85d281d6-7bb3-5d11-a28c-00a80797d464,BPH,7380101,7380101,Ngành Luật,tuyensinh247,223,true
3b8ca53f-1cf0-5513-8ca2-c01a35be7211,BPH,7380101,7380101_B,Luật (Thí sinh miền Bắc),tuyensinh247,223,true
e221729f-a825-5db7-8371-8a3a98142f84,BPH,7380101,7380101_B_C00,Luật (Thí sinh miền Bắc),tuyensinh247,223,true
605859f4-cbb3-5120-a992-28ec96539deb,BPH,7380101,7380101_B_C01,Luật (Thí sinh miền Bắc),tuyensinh247,223,true
e19319e7-ab11-5057-9ebc-8a3087d2835f,BPH,7380101,7380101_B_C03,Luật (Thí sinh miền Bắc),tuyensinh247,223,true
ca618bde-b6cb-55c9-b3a3-45e20798502b,BPH,7380101,7380101_N,Luật (Thí sinh miền Nam),tuyensinh247,223,true
0659ab2d-f491-59fe-a4b1-2c3c3351a14e,BPH,7380101,7380101_N_C01,Luật (Thí sinh miền Nam),tuyensinh247,223,true
580710ae-ebe6-5710-8a5d-005165c7b473,BPH,7380101,7380101_N_C03,Luật (Thí sinh miền Nam),tuyensinh247,223,true
b30f0ca2-4eea-5155-9ea5-5f4d95eb90e1,BPH,7860214,7860214,Ngành Biên phòng,tuyensinh247,223,true
6961339b-e511-5bec-9cdf-2a2531d5e860,BPH,7860214,7860214_A01_4,Biên phòng (Quân khu 4),tuyensinh247,223,true
831fe59b-4c9b-5698-9ef2-96efa61643ac,BPH,7860214,7860214_A01_5,Biên phòng (Quân khu 5),tuyensinh247,223,true
b87cd785-1099-5b2e-80f0-008606a44ce7,BPH,7860214,7860214_A01_7,Biên phòng (Quân khu 7),tuyensinh247,223,true
f4b26d33-aeeb-5134-a978-17dc10ebea68,BPH,7860214,7860214_A01_9,Biên phòng (Quân khu 9),tuyensinh247,223,true
77a1f7bb-f414-5f2c-9af8-69c2cc897173,BPH,7860214,7860214_B,Biên phòng (Thí sinh miền Bắc),tuyensinh247,223,true
3efdfddc-7e17-5017-b6e3-0a629583e14a,BPH,7860214,7860214_B_A01,Biên phòng (Thí sinh miền Bắc),tuyensinh247,223,true
ff72939e-860d-5b3c-9e53-9ef48baf1f90,BPH,7860214,7860214_B_C00,Biên phòng (Thí sinh miền Bắc),tuyensinh247,223,true
cf51b43b-3417-5fcd-b32c-3381e1be4d4f,BPH,7860214,7860214_B_C01,Biên phòng (Thí sinh miền Bắc),tuyensinh247,223,true
241f4e13-252e-5543-bc64-5cffdcdce6ec,BPH,7860214,7860214_B_C03,Biên phòng (Thí sinh miền Bắc),tuyensinh247,223,true
33ae586a-e55e-5f76-8a9c-5f5414dfe576,BPH,7860214,7860214_C00_4,Biên phòng (Quân khu 4),tuyensinh247,223,true
22ca1ed6-1794-5c4d-8bef-c1b28578e6c4,BPH,7860214,7860214_C00_5,Biên phòng (Quân khu 5),tuyensinh247,223,true
f9363cbc-1c24-593b-8ce0-980b8a837117,BPH,7860214,7860214_C00_7,Biên phòng (Quân khu 7),tuyensinh247,223,true
ddbd236c-2c17-529c-838f-a9dfee65ae64,BPH,7860214,7860214_C00_9,Biên phòng (Quân khu 9),tuyensinh247,223,true
597c6301-0973-5a8e-b69d-8da04c25adcf,BPH,7860214,7860214_C01_4,Biên phòng (Quân khu 4),tuyensinh247,223,true
211fd6c3-32d6-5b8d-8be4-173faa0552ee,BPH,7860214,7860214_C01_5,Biên phòng (Quân khu 5),tuyensinh247,223,true
3a364dce-324e-51ec-b596-1b57b1c43cd3,BPH,7860214,7860214_C01_7,Biên phòng (Quân khu 7),tuyensinh247,223,true
e3696e18-4432-5de5-abf3-242dd44c65cb,BPH,7860214,7860214_C01_9,Biên phòng (Quân khu 9),tuyensinh247,223,true
74c9467c-bd1c-572c-a2da-c2cfe7f4d403,BPH,7860214,7860214_C03_4,Biên phòng (Quân khu 4),tuyensinh247,223,true
d3127809-327e-5f7f-8494-294bc370ce14,BPH,7860214,7860214_C03_5,Biên phòng (Quân khu 5),tuyensinh247,223,true
f1154186-5738-58c1-a666-5138f7579444,BPH,7860214,7860214_C03_7,Biên phòng (Quân khu 7),tuyensinh247,223,true
94b8eae3-b5c5-5964-ba08-03d738274ff0,BPH,7860214,7860214_C03_9,Biên phòng (Quân khu 9),tuyensinh247,223,true
49f24127-097d-592c-8e7c-097dd39c62bc,BPH,7860214,7860214_N_4,Biên phòng (Quân khu 4),tuyensinh247,223,true
0770132f-7ecf-56d4-82fc-bc31baa595cc,BPH,7860214,7860214_N_5,Biên phòng (Quân khu 5),tuyensinh247,223,true
9556961a-3291-58b4-8093-89cacddf6a96,BPH,7860214,7860214_N_7,Biên phòng (Quân khu 7),tuyensinh247,223,true
6de2894c-983d-5646-b5f6-f45944a3652d,BPH,7860214,7860214_N_9,Biên phòng (Quân khu 9),tuyensinh247,223,true
3ff82a7d-933d-5940-a4ac-41f81bc4f83d,BVH,7320101,7320101,Báo chí,tuyensinh247,227,true
bbb225be-5c45-56ee-83c7-d1b52a81d0c5,BVH,7320104,7320104,Truyền thông đa phương tiện,tuyensinh247,227,true
525ee813-6781-5c00-8411-03e98a43fb69,BVH,7320104_CLC,7320104_CLC,Truyền thông đa phương tiện - Chương trình đào tạo chất lượng cao,tuyensinh247,227,true
306c318d-cbba-5cf1-b87c-1841b384f25f,BVH,7329001,7329001,Công nghệ đa phương tiện,tuyensinh247,227,true
6cc5c670-1e2a-5d65-8d13-e89598b63f4b,BVH,7329001_GAM,7329001_GAM,Thiết kế và phát triển Game (ngành Công nghệ đa phương tiện),tuyensinh247,227,true
63ee24ce-19b6-551e-b4c6-7834096edf1e,BVH,7329001_LK,7329001_LK,"Công nghệ đa phương tiện (Liên kết với Đại học Canberra, Australia)",tuyensinh247,227,true
5b2eaeed-afe3-5014-bf5d-f75c36728ff2,BVH,7340101,7340101,Quản trị kinh doanh,tuyensinh247,227,true
d6798c38-59bc-5efc-a631-491e4debcc32,BVH,7340101,7340101-LOG,Logistics và quản trị chuỗi cung ứng (ngành Quản trị kinh doanh),tuyensinh247,227,true
0df0adef-cfe4-5bbd-8be9-39364b17935d,BVH,7340101_LOG,7340101_LOG,Logistics và quản trị chuỗi cung ứng (ngành Quản trị kinh doanh),tuyensinh247,227,true
6f8097b3-6ceb-5cf6-88aa-991326d4fc70,BVH,7340115,7340115,Marketing,tuyensinh247,227,true
2a88d902-c35b-5050-a1ee-73db3df667eb,BVH,7340115_CLC,7340115_CLC,Marketing (chất lượng cao),tuyensinh247,227,true
b1e3cbef-889b-58e8-926e-8aba14375dab,BVH,7340115_QHC,7340115_QHC,Quan hệ công chúng (ngành Marketing),tuyensinh247,227,true
99f2df80-c534-50fc-857b-2f6d7f198af4,BVH,7340122,7340122,Thương mại điện tử,tuyensinh247,227,true
adbf2cd0-e3e0-5385-92b9-d74b173d08af,BVH,7340205,7340205,Công nghệ tài chính (Fintech),tuyensinh247,227,true
a847858c-df78-5506-b2a2-d7ae6bb30cda,BVH,7340205_LK,7340205_LK,"Công nghệ tài chính (Liên kết với Đại học Huddersfield, Vương quốc Anh)",tuyensinh247,227,true
621a1cf0-f767-53ba-bd07-2244477c6455,BVH,7340208,7340208,Công nghệ Tài chính,tuyensinh247,227,true
0a2fed13-1f06-58de-8b28-d34c137042d5,BVH,7340301,7340301,Kế toán,tuyensinh247,227,true
e68ddce1-3f6a-51dc-b6eb-d2bcf81ea317,BVH,7340301,7340301-CLC,Kế toán chất lượng cao (chuẩn quốc tế ACCA),tuyensinh247,227,true
82415df3-8566-5efa-a9b4-4a97adcc8c86,BVH,7340301_CLC,7340301_CLC,Kế toán chất lượng cao (chuẩn quốc tế ACCA),tuyensinh247,227,true
da784dfc-a148-5f0a-a001-8e80da52d918,BVH,7480101,7480101,Khoa học máy tính (định hướng Khoa học dữ liệu),tuyensinh247,227,true
25e4eee0-1f35-5d12-b871-e77234e5413d,BVH,7480102,7480102,Kỹ thuật dữ liệu (ngành Mạng máy tính và truyền thông dữ liệu),tuyensinh247,227,true
bafa37bb-5a25-5dc3-96bc-dd33f80b1ab0,BVH,7480107,7480107,Trí tuệ nhân tạo,tuyensinh247,227,true
e9eb684d-d533-5574-b17c-24003c8fa52d,BVH,7480201,7480201,Công nghệ thông tin,tuyensinh247,227,true
c8a03501-b96a-58d8-a863-775e65032640,BVH,7480201,7480201 _CLC,Công nghệ thông tin (CLC),tuyensinh247,227,true
722b210b-1e79-5813-9854-461eab71a4cf,BVH,7480201,7480201 _UDU,Công nghệ thông tin (định hướng ứng dụng),tuyensinh247,227,true
d9c628d8-2fb0-5f38-a601-b09add92f038,BVH,7480201,7480201-VNH,Công nghệ thông tin Việt - Nhật,tuyensinh247,227,true
874c8a0f-e083-5995-b4c3-cea57a7c7ac4,BVH,7480201_CLC,7480201_CLC,Công nghệ thông tin CLC,tuyensinh247,227,true
a7c8ea73-c66b-53b0-87de-fda3f4b7d838,BVH,7480201_LK,7480201_LK,"Công nghệ thông tin (Liên kết với Đại học La Trobe, Australia)",tuyensinh247,227,true
907af31d-8c20-51ab-a4f3-178209a9402f,BVH,7480201_UDU,7480201_UDU,Công nghệ thông tin (Cử nhân định hướng ứng dụng),tuyensinh247,227,true
3aefca66-7d50-5ffb-b612-785b385c6f32,BVH,7480201_VNH,7480201_VNH,Công nghệ thông tin Việt - Nhật,tuyensinh247,227,true
264e468f-cc49-570a-805e-2ee03e34b41b,BVH,7480202,7480202,An toàn thông tin,tuyensinh247,227,true
c2826db8-fa39-59bd-a6d3-43f0a2086a29,BVH,7480202_CLC,7480202_CLC,An toàn thông tin - Chất lượng cao,tuyensinh247,227,true
856bd61e-448c-5fcf-9b0c-31c039089afb,BVH,7510301,7510301,"Công nghệ Kỹ thuật Điện, điện tử",tuyensinh247,227,true
703ba658-a37c-591b-aed6-5da41641b834,BVH,7510301_MBD,7510301_MBD,"Công nghệ vi mạch bán dẫn (ngành Công nghệ Kỹ thuật Điện, điện tử)",tuyensinh247,227,true
e1048c2e-c498-5425-b095-bdad7a6591e4,BVH,7520207,7520207,Kỹ thuật Điện tử viễn thông,tuyensinh247,227,true
34105aea-3fce-52c5-9c3d-3ae2a76c2509,BVH,7520207_AIoT,7520207_AIoT,Trí tuệ nhân tạo vạn vật (AIoT) (ngành Kỹ thuật Điện tử viễn thông),tuyensinh247,227,true
4697a0c8-7af2-5b6f-9f5d-588859babc2d,BVH,7520216,7520216,Kỹ thuật Điều khiển và tự động hóa,tuyensinh247,227,true
1da7e8d5-b2d1-544b-8f45-5a3596634b1b,CCM,7210403,7210403,Thiết kế đồ họa,tuyensinh247,25,true
20ccd56e-5c02-5649-a260-c124d92693ef,CCM,7210404,7210404,Thiết kế thời trang,tuyensinh247,25,true
e05b2355-7ba9-5469-9e15-c0340f5f583b,CCM,7340101,7340101,Quản trị kinh doanh,tuyensinh247,25,true
80b68039-91c5-583c-8e19-c403f4e36858,CCM,7340115,7340115,Marketing,tuyensinh247,25,true
be96c20d-a4d2-571a-acfa-9111b58a8f50,CCM,7340122,7340122,Thương mại điện tử,tuyensinh247,25,true
24314bff-c8c6-5b18-88d3-707e22dbcf7f,CCM,7340301,7340301,Kế toán,tuyensinh247,25,true
1d85a3cd-a4ed-51b4-ae09-e47892f090b1,CCM,7510201,7510201,Công nghệ kỹ thuật cơ khí,tuyensinh247,25,true
5dbaee0f-2512-5147-8561-32b154c0dc4b,CCM,7510301,7510301,"Công nghệ kỹ thuật điện, điện tử",tuyensinh247,25,true
72ac2de3-dfb7-550e-88b5-d2a4c0d3705f,CCM,7510601,7510601,Quản lý công nghiệp,tuyensinh247,25,true
873a44b0-ec5a-5da3-aea8-2f48b8bf2b2d,CCM,7540202,7540202,Công nghệ Sợi Dệt,tuyensinh247,25,true
195438ed-4bc6-5403-a81a-44b8e53b055f,CCM,7540209,7540209,Công nghệ may,tuyensinh247,25,true
5119a890-ed89-5372-9a2b-da468090e916,CMC,7210403,7210403,Thiết kế đồ họa,tuyensinh247,557,true
db11760f-8612-50e6-80a9-8b541a26e242,CMC,7210404,7210404,Thiết kế Thời trang,tuyensinh247,557,true
546355d0-2730-585b-b6f4-869807609b3b,CMC,7220209,7220209,Ngôn ngữ Nhật,tuyensinh247,557,true
68a75a10-caa9-5a19-a46a-acad82f10e95,CMC,7220210,7220210,Ngôn ngữ Hàn Quốc,tuyensinh247,557,true
b71535eb-55f9-5592-8b05-8191fe7cf4d7,CMC,7340101,7340101,Quản trị kinh doanh,tuyensinh247,557,true
a0a080b3-d9ef-597c-9c6d-dce2830fffa9,CMC,7480101,7480101,Khoa học mãy tính,tuyensinh247,557,true
57993e64-feb0-5d61-a6fa-92dcc09ee4d1,CMC,7480201,7480201,Công nghệ thông tin,tuyensinh247,557,true
f2376093-cfa9-5960-8e37-e2db3013d94d,CMC,7580108,7580108,Thiết kế Nội thất,tuyensinh247,557,true
f1191ce3-9907-5ee2-967c-f1cf4eed81a5,CMC,AI,AI,Trí tuệ Nhân tạo,tuyensinh247,557,true
b17a0b08-0878-56f0-b291-a9704ebb3cbd,CMC,BA,BA,Quản trị Kinh doanh,tuyensinh247,557,true
e6940cd9-c3a1-543c-a582-de5b3fe81c50,CMC,CL,CL,Ngôn ngữ Trung Quốc,tuyensinh247,557,true
84a74714-4be9-557b-aa7c-5e61f12ab08b,CMC,CS,CS,Khoa học Máy tính,tuyensinh247,557,true
37c8eb7c-72d6-5f1e-a16d-a91c07dc718e,CMC,EC,EC,Thương mại điện tử,tuyensinh247,557,true
27082c7c-0dfa-5587-81e0-84ebfcd466f2,CMC,ET,ET,Công nghệ Kỹ thuật Điện tử - Viễn thông (IC Design),tuyensinh247,557,true
08c2e242-ac86-5c3d-bc4a-6a1d515a2ffa,CMC,GA,GA,Đồ họa game,tuyensinh247,557,true
6bea1152-e87a-5e3d-8740-60ff3309b205,CMC,GD,GD,Thiết kế Đồ họa,tuyensinh247,557,true
420acca6-dd21-5076-b6ca-f79cacbfc6ea,CMC,IT,IT,Công nghệ Thông tin,tuyensinh247,557,true
82728615-477c-54cb-900f-ceba7abf995b,CMC,IT-VJ,IT-VJ,Công nghệ Thông tin Việt - Nhật (ngành Công nghệ Thông tin),tuyensinh247,557,true
511649bf-a7cc-56af-beb3-98ae624b3b42,CMC,IT-VK,IT-VK,Công nghệ Thông tin Việt - Hàn (ngành Công nghệ Thông tin),tuyensinh247,557,true
43aa9839-12ea-5ab3-a479-15db0eb2279b,CMC,JL,JL,Tiếng Nhật thương mại,tuyensinh247,557,true
5a557648-1118-55e9-81eb-28401daea212,CMC,KL,KL,Ngôn ngữ Hàn Quốc,tuyensinh247,557,true
2befe729-2135-5f24-a3fe-338dd0c20545,CMC,LS,LS,Logistics và Quản lý chuỗi cung ứng,tuyensinh247,557,true
cc759a9f-6409-5e18-ac1e-6285fa11fc9d,CMC,MK,MK,Digital Marketing,tuyensinh247,557,true
80fcb5cd-a43b-5277-a52a-78b84bef51c4,CMC,SE,SE,Kỹ thuật Phần mềm,tuyensinh247,557,true
454bce7c-eaa3-5a0b-97b3-ecaa430083ac,CSH,7860100,7860100,Nghiệp vụ Cảnh sát,tuyensinh247,229,true
38cbaf5b-00a9-5426-a9fe-e4f636f19cac,CSH,7860100,7860100_Nam_1,"Nhóm ngành nghiệp vụ Cảnh sát (Thí sinh Nam, vùng 1)",tuyensinh247,229,true
8886e94a-9072-5992-8427-916ea25a8146,CSH,7860100,7860100_Nam_2,"Nhóm ngành nghiệp vụ Cảnh sát (Thí sinh Nam, vùng 2)",tuyensinh247,229,true
b156b2dc-7c8d-5292-ac45-7defd6915a21,CSH,7860100,7860100_Nam_3,"Nhóm ngành nghiệp vụ Cảnh sát (Thí sinh Nam, vùng 3)",tuyensinh247,229,true
1a07f67d-d6fa-551f-b6b6-28157d22b88f,CSH,7860100,7860100_Nam_8,"Nhóm ngành nghiệp vụ Cảnh sát (Thí sinh Nam, vùng 8)",tuyensinh247,229,true
ce8c914a-4eb7-5e94-bb21-fbb069d6cd32,CSH,7860100,7860100_Nu_1,"Nhóm ngành nghiệp vụ Cảnh sát (Thí sinh Nữ, vùng 1)",tuyensinh247,229,true
394c3268-1d90-5a3a-b765-55148fca8949,CSH,7860100,7860100_Nu_2,"Nhóm ngành nghiệp vụ Cảnh sát (Thí sinh Nữ, vùng 2)",tuyensinh247,229,true
f820ab04-3fe9-5039-9b2e-5ebd794ddf37,CSH,7860100,7860100_Nu_3,"Nhóm ngành nghiệp vụ Cảnh sát (Thí sinh Nữ, vùng 3)",tuyensinh247,229,true
52bf3df8-8bb7-515a-9486-cf94205515fd,CSH,7860100,7860100_Nu_8,"Nhóm ngành nghiệp vụ Cảnh sát (Thí sinh Nữ, vùng 8)",tuyensinh247,229,true
08df91c4-0807-55f7-9f40-ba21a258a192,DCH,7860207,7860207,Ngành Chỉ huy tham mưu Đặc công,tuyensinh247,292,true
f1cebae8-ac6f-5dc1-8f63-37e42eef3f52,DCH,7860207,7860207_B,Ngành Chỉ huy tham mưu Đặc công (Thí sinh Nam miền Bắc),tuyensinh247,292,true
3d286f2d-1c71-552d-9971-7cb1c4426ea9,DCH,7860207,7860207_N,Ngành Chỉ huy tham mưu Đặc công (Thí sinh Nam miền Nam),tuyensinh247,292,true
ab50df5c-606b-5766-82c8-d896a71de82c,DCN,7210404,7210404,Thiết kế thời trang,tuyensinh247,308,true
03f4afff-0b16-5a58-a5b5-a255d8b9c8b8,DCN,7220201,7220201,Ngôn ngữ Anh,tuyensinh247,308,true
2005ec5e-6ddc-58c3-9395-75946ffefa4a,DCN,7220204,7220204,Ngôn ngữ Trung Quốc,tuyensinh247,308,true
717f2023-6564-5093-9c00-ca073c673d74,DCN,7220204LK,7220204LK,Ngôn ngữ Trung Quốc (LK2+2 với ĐHKHKT Quảng Tây),tuyensinh247,308,true
134152c3-e574-5152-bc2b-dccbc0538b53,DCN,7220209,7220209,Ngôn ngữ Nhật,tuyensinh247,308,true
85f40536-fbf2-55d3-ad6e-6ae16d66db83,DCN,7220210,7220210,Ngôn ngữ Hàn Quốc,tuyensinh247,308,true
04e26fe3-81e9-54cf-96d6-3485afd0a946,DCN,7229020,7229020,Ngôn ngữ học,tuyensinh247,308,true
9fa47085-dc22-5d30-acef-a4384cb4737a,DCN,7310104,7310104,Kinh tế đầu tư,tuyensinh247,308,true
926373fc-9de1-5280-9a4a-1233232cfeea,DCN,7310612,7310612,Trung Quốc học,tuyensinh247,308,true
676f7eb1-73c3-53bb-a473-05937ef3386e,DCN,7320113,7320113,Công nghệ đa phương tiện,tuyensinh247,308,true
bec61acc-0425-55b5-9237-49c694a8c81d,DCN,7329001,7329001,Công nghệ đa phương tiện,tuyensinh247,308,true
8ab50392-9fdf-54d0-b914-1de6f0231f69,DCN,7340101,7340101,Quản trị kinh doanh,tuyensinh247,308,true
a386bc74-f236-5426-a671-5af8678007d4,DCN,73401012,73401012,Phân tích dữ liệu kinh doanh,tuyensinh247,308,true
f8392488-53ca-592d-8e43-039f8412c1cd,DCN,7340115,7340115,Marketing,tuyensinh247,308,true
355a2260-69c7-5eb6-8861-723ccb976864,DCN,7340125,7340125,Phân tích dữ liệu kinh doanh,tuyensinh247,308,true
388cd6e1-0f0a-548e-b1e5-3652131afa90,DCN,7340201,7340201,Tài chính – Ngân hàng,tuyensinh247,308,true
20ab880e-18c0-5b4d-b60e-3088b3794dd6,DCN,7340301,7340301,Kế toán,tuyensinh247,308,true
e6b37dc0-511b-5c9b-830f-5206d2a9529e,DCN,7340301TA,7340301TA,Kế toán (CTĐT bằng tiếng Anh),tuyensinh247,308,true
bc24dcf2-df75-52e9-85ce-372d666345e8,DCN,7340302,7340302,Kiểm toán,tuyensinh247,308,true
018eb627-c517-56d1-ad8b-f32573c56f43,DCN,7340404,7340404,Quản trị nhân lực,tuyensinh247,308,true
a941cdf5-75ae-5559-8a63-ead16567f07a,DCN,7340406,7340406,Quản trị văn phòng,tuyensinh247,308,true
925e8505-d38a-5800-a2b9-13015852f51f,DCN,7480101,7480101,Khoa học máy tính,tuyensinh247,308,true
672c0851-5bc1-5998-be54-ea60e1fe3cd9,DCN,7480101TA,7480101TA,Khoa học máy tính (CTĐT bằng tiếng Anh),tuyensinh247,308,true
5e18cafc-2d78-5d61-a828-5ffa16f926e6,DCN,7480102,7480102,Mạng máy tính và truyền thông dữ liệu,tuyensinh247,308,true
d2839d02-bf54-5f9a-92b6-6c78f7d44682,DCN,7480103,7480103,Kỹ thuật phần mềm,tuyensinh247,308,true
5cc60e07-8ec3-5032-82a2-1b8b8b533a0d,DCN,7480104,7480104,Hệ thống thông tin,tuyensinh247,308,true
32a12951-5a35-5af4-9a10-07f80bf8eea9,DCN,7480108,7480108,Công nghệ kỹ thuật máy tính,tuyensinh247,308,true
9a5141ee-7630-5097-a124-744faced1957,DCN,7480201,7480201,Công nghệ thông tin,tuyensinh247,308,true
1b66392f-e40e-5a13-9e28-5bac7d2578fe,DCN,74802012,74802012,Công nghệ đa phương tiện,tuyensinh247,308,true
d6a40612-39b2-5036-b68e-e272952905d6,DCN,74802021,74802021,An toàn thông tin,tuyensinh247,308,true
a35b273c-360c-5627-830f-55f41ce899dd,DCN,7510201,7510201,Công nghệ kỹ thuật cơ khí,tuyensinh247,308,true
18aaa143-eb1d-5443-82f6-4ae9754818c5,DCN,75102012,75102012,Công nghệ kỹ thuật khuôn mẫu,tuyensinh247,308,true
812143d4-11c8-5387-93f9-eb173653dd11,DCN,75102013,75102013,Thiết kế cơ khí và kiểu dáng công nghiệp,tuyensinh247,308,true
c32b51aa-0b71-5b1b-97fc-563008621dac,DCN,7510201TA,7510201TA,Công nghệ kỹ thuật cơ khí (CTĐT bằng tiếng Anh),tuyensinh247,308,true
04e4b64e-a15c-5af1-b834-48fc565922b6,DCN,7510203,7510203,Công nghệ kỹ thuật cơ điện tử,tuyensinh247,308,true
206ffcd0-4046-5956-b094-a2dc165c493b,DCN,75102032,75102032,Robot và trí tuệ nhân tạo,tuyensinh247,308,true
8592a6b0-b12b-5116-884e-06c5ba5bd725,DCN,75102033,75102033,Công nghệ kỹ thuật cơ điện tử ô tô,tuyensinh247,308,true
43192637-1c4f-5585-9df4-10915addf21d,DCN,7510204,7510204,Công nghệ kỹ thuật cơ điện tử ô tô,tuyensinh247,308,true
1bcf1f02-b792-58ec-8377-49972140f974,DCN,7510205,7510205,Công nghệ kỹ thuật ô tô,tuyensinh247,308,true
c9cfa4e7-1dae-58eb-b335-f69872f5f4a7,DCN,7510205TA,7510205TA,Công nghệ kỹ thuật ô tô (CTĐT bằng tiếng Anh),tuyensinh247,308,true
ff4a5b68-fb67-569a-9567-96af09c3d7bc,DCN,7510206,7510206,Công nghệ kỹ thuật nhiệt,tuyensinh247,308,true
ad0a0f87-2847-5134-964a-1ccf4a61c59b,DCN,7510209,7510209,Robot và trí tuệ nhân tạo,tuyensinh247,308,true
9e3ac959-26bb-50de-b44a-5a45907a68d9,DCN,7510213,7510213,Thiết kế cơ khí và kiểu dáng công nghiệp,tuyensinh247,308,true
d2a4f673-9a3f-50f0-8a4a-c8db8693039b,DCN,7510301,7510301,"Công nghệ kỹ thuật điện, điện tử",tuyensinh247,308,true
17a11f0a-c023-5857-9539-ffa0c8cee471,DCN,7510301TA,7510301TA,"Công nghệ kỹ thuật điện, điện tử (CTĐT bằng tiếng Anh)",tuyensinh247,308,true
ef0f3555-3b94-51b3-886e-ccf82dca6a30,DCN,7510302,7510302,Công nghệ kỹ thuật điện tử - viễn thông,tuyensinh247,308,true
e77bd6fd-811a-5c6d-b26e-3f5dca3e208f,DCN,75103021,75103021,Công nghệ kỹ thuật điện tử y sinh,tuyensinh247,308,true
3094faff-0607-5619-b3aa-7ea95d8071d6,DCN,7510302TA,7510302TA,Công nghệ kỹ thuật điện tử - viễn thông (CTĐT bằng tiếng Anh),tuyensinh247,308,true
5b90b5ff-725b-524d-9bdf-c7d185d70839,DCN,7510303,7510303,Công nghệ kỹ thuật điều khiển và tự động hóa,tuyensinh247,308,true
9ae669da-3512-5c3e-ac2e-0da4f29d2b4d,DCN,75103031,75103031,Kỹ thuật sản xuất thông minh,tuyensinh247,308,true
27eedc5d-d3e2-5233-a6e7-74911e1e38ad,DCN,7510401,7510401,Công nghệ kỹ thuật hoá học,tuyensinh247,308,true
9bb3150f-d739-5a18-8c96-ea5cde19f8b9,DCN,7510406,7510406,Công nghệ kỹ thuật môi trường,tuyensinh247,308,true
e397243b-56c3-5194-bc9b-6ab2d72b023b,DCN,7510605,7510605,Logistics và quản lý chuỗi cung ứng,tuyensinh247,308,true
7d441f5b-1d5b-5542-9432-a0601c97ada5,DCN,7519003,7519003,Công nghệ kỹ thuật khuôn mẫu,tuyensinh247,308,true
ba4dd652-5dfe-5e12-8b35-7d1ef77377aa,DCN,7519004,7519004,Thiết kế cơ khí và kiểu dáng công nghiệp,tuyensinh247,308,true
e5d0bf31-c77b-5c90-a9e5-eec189cf0dba,DCN,7519005,7519005,Công nghệ kỹ thuật cơ điện tử ô tô,tuyensinh247,308,true
33e58a73-67a4-585e-8d41-11db76091f99,DCN,7519007,7519007,Năng lượng tái tạo,tuyensinh247,308,true
0dd59373-7e2d-5ecf-9e0d-b8f1f56b8ec5,DCN,75190071,75190071,Năng lượng tái tạo,tuyensinh247,308,true
f8cfa333-b3b1-5782-aa17-d62dfb83380b,DCN,7520116,7520116,Kỹ thuật cơ khí động lực,tuyensinh247,308,true
cc62e9bb-f7a4-57f0-bbfe-fc86c2392d49,DCN,7520118,7520118,Kỹ thuật hệ thống công nghiệp,tuyensinh247,308,true
8cb4816f-bdc7-539a-8758-d66cfeb6abc2,DCN,7540101,7540101,Công nghệ thực phẩm,tuyensinh247,308,true
aa398195-6cac-5af8-8008-4b8ef1043e34,DCN,7540203,7540203,"Công nghệ vật liệu dệt, may",tuyensinh247,308,true
56d4249c-5830-577a-ae86-1e4fe055c34d,DCN,7540204,7540204,"Công nghệ dệt, may",tuyensinh247,308,true
01e2ceef-ab06-562d-bb01-d8c633fecc66,DCN,7720203,7720203,Hóa dược,tuyensinh247,308,true
71c2c50c-f82f-5b52-a483-fcdf5ded3998,DCN,7810101,7810101,Du lịch,tuyensinh247,308,true
7edf5bd8-8d35-578a-9cd4-391514973296,DCN,7810101TA,7810101TA,Du lịch (CTĐT bằng tiếng Anh),tuyensinh247,308,true
a35bce02-eec8-533a-9305-1d6f7a8278f4,DCN,7810103,7810103,Quản trị dịch vụ du lịch và lữ hành,tuyensinh247,308,true
e92eeeef-1b4b-5d70-ae0e-98baca42316c,DCN,7810103TA,7810103TA,Quản trị dịch vụ du lịch và lữ hành (CTĐT bằng tiếng Anh),tuyensinh247,308,true
82ad104d-74a4-5369-9468-a1c67a48039a,DCN,7810201,7810201,Quản trị khách sạn,tuyensinh247,308,true
e92ac32a-d784-5183-bcac-fd0dc4c88424,DCN,7810201TA,7810201TA,Quản trị khách sạn (CTĐT bằng tiếng Anh),tuyensinh247,308,true
bf45746d-f7eb-5e5e-bed1-4f1056adf4cd,DCN,7810202,7810202,Quản trị nhà hàng và dịch vụ ăn uống,tuyensinh247,308,true
d8e22200-2c1a-5a47-a841-285c499ade89,DCN,7810202TA,7810202TA,Quản trị nhà hàng và dịch vụ ăn uống (CTĐT bằng tiếng Anh),tuyensinh247,308,true
51c8d316-dd61-52bf-9cd1-86fdec2f54f9,DCQ,7220201,7220201,Ngôn ngữ Anh,tuyensinh247,434,true
fd632c4c-4267-578c-bab5-4419a80866a6,DCQ,7220202,7220202,Ngôn ngữ Nga,tuyensinh247,434,true
86458aa9-2905-5bb1-9e43-06b9369b1565,DCQ,7220204,7220204,Ngôn ngữ Trung quốc,tuyensinh247,434,true
8c09a87c-f0b5-58eb-91b9-b3c44c41ebe9,DCQ,7310106,7310106,Kinh tế quốc tế,tuyensinh247,434,true
d1641a0e-096a-574a-ad5c-d5ad8e2afd58,DCQ,7310205,7310205,Quản lý nhà nước,tuyensinh247,434,true
b9212456-85c3-5ecb-9b92-dba1fccb68a5,DCQ,7340101,7340101,Quản trị kinh doanh,tuyensinh247,434,true
1153c31c-2d04-5726-865d-ea4a3e487ddd,DCQ,7340115,7340115,Marketing,tuyensinh247,434,true
0aa41e33-81ae-52f1-99f1-92260b2ec163,DCQ,7340116,7340116,Bất động sản,tuyensinh247,434,true
961688aa-50b7-5dca-a7a4-6aa8c7a3e8f6,DCQ,7340201,7340201,Tài chính ngân hàng,tuyensinh247,434,true
9530fd11-ff43-529e-8432-d171d44939a3,DCQ,7340202,7340202,Công nghệ tài chính,tuyensinh247,434,true
044e1f16-1733-52a9-9a1b-b760bec0ec3d,DCQ,7340205,7340205,Công nghệ tài chính,tuyensinh247,434,true
31ec3a15-4c79-53b6-a517-b6331c142f07,DCQ,7340301,7340301,Kế toán,tuyensinh247,434,true
882a590d-1e7a-5aae-92d7-ec86c9c9c557,DCQ,7380101,7380101,Luật,tuyensinh247,434,true
514a792d-02e6-5916-87a8-171f6073a104,DCQ,7380107,7380107,Luật kinh tế,tuyensinh247,434,true
8b8a14d2-e941-5cc3-96f9-75559f451867,DCQ,7480103,7480103,Kỹ thuật phần mềm,tuyensinh247,434,true
60e1f87a-6b72-5b0c-b6d4-52d9c5d0ca53,DCQ,7480201,7480201,Công nghệ Thông tin,tuyensinh247,434,true
64534fe3-88d9-5624-87c5-24b3903d8cd6,DCQ,7510205,7510205,Công nghệ kỹ thuật ô tô,tuyensinh247,434,true
f33527b5-c3b1-5ae4-a51c-f23c1e902bd8,DCQ,7510605,7510605,Logistic và quản lý chuỗi cung ứng,tuyensinh247,434,true
bae140b5-f228-59e4-80b7-86ec227ae20f,DCQ,7810103,7810103,Quản trị dịch vụ Du lịch và Lữ hành,tuyensinh247,434,true
fbb2f934-870e-5fbf-8777-b148931913f4,DDA,7220201,7220201,Ngôn ngữ Anh,tuyensinh247,521,true
27ea0218-4a17-57bc-904c-3ce62a5c7d66,DDA,7340101,7340101,Quản trị kinh doanh,tuyensinh247,521,true
1a4935c0-3262-53c6-84d5-e53afa491f0c,DDA,7340201,7340201,Tài chính Ngân hàng,tuyensinh247,521,true
10b0b28d-6cc3-5585-8d46-c1377fe4fc1b,DDA,7340301,7340301,Kế toán,tuyensinh247,521,true
55d1f63f-f588-5376-a176-9af1aec3e522,DDA,7380101,7380101,Luật,tuyensinh247,521,true
7d5e0e87-8136-5e06-bcfa-1b9ca4608bab,DDA,7480201,7480201,Công nghệ thông tin,tuyensinh247,521,true
06966057-5a81-52e1-8d58-1a6a9c17f280,DDA,7510202,7510202,Công nghệ Chế tạo máy,tuyensinh247,521,true
a899be23-690f-5278-8373-5820c5f2c9bd,DDA,7510205,7510205,Công nghệ kỹ thuật ô tô,tuyensinh247,521,true
9ed362c3-970b-5da2-8a8a-c3f16c1d86bd,DDA,7510206,7510206,Công nghệ Kỹ thuật Nhiệt (Nhiệt – Điện lạnh),tuyensinh247,521,true
173a6e44-9ccc-50ad-8231-a143b94fd550,DDA,7510301,7510301,Công nghệ Kỹ thuật Điện – Điện tử,tuyensinh247,521,true
19fe56b2-19d3-5d31-8313-6ec5d19cf462,DDA,7510303,7510303,Công nghệ Kỹ thuật Điều khiển – Tự động hóa,tuyensinh247,521,true
51794be4-000c-55f3-b215-90eafbad5b2b,DDA,7540101,7540101,Công nghệ thực phẩm,tuyensinh247,521,true
28d3eea4-cbdf-5447-9d79-92032e5bf876,DDA,7580201,7580201,Kỹ thuật xây dựng,tuyensinh247,521,true
30ded4ae-e6ff-5001-bd0e-95bd00e91234,DDA,7720201,7720201,Dược học,tuyensinh247,521,true
4baafc1b-bd08-5b88-b36c-f4616418b72d,DDA,7720301,7720301,Điều dưỡng,tuyensinh247,521,true
bd6af368-6013-54f5-9e2c-18a510d6f43a,DDA,7810103,7810103,Quản trị dịch vụ du lịch và lữ hành,tuyensinh247,521,true
60f7038e-3561-5ed4-9c94-7307b7cc2bd1,DDA,7810201,7810201,Quản trị khách sạn,tuyensinh247,521,true
c45e97bf-83e1-5c78-a2a0-6bd000f086a8,DDL,7220201,7220201,Ngôn ngữ Anh,tuyensinh247,455,true
9bfc0514-b720-5fd5-ac15-05390b39a65c,DDL,7340101,7340101,Quản trị kinh doanh,tuyensinh247,455,true
3208457d-3f18-5688-bb56-d683d2b2f49d,DDL,7340115,7340115,Marketing,tuyensinh247,455,true
5b1947e9-9fd1-5b1f-9450-2cb5950b2895,DDL,7340122,7340122,Thương mại điện tử,tuyensinh247,455,true
563a33e5-2f50-5c47-bb1f-00bf9811acb4,DDL,7340201,7340201,Tài chính - Ngân hàng,tuyensinh247,455,true
da069e27-2bb0-58d6-ac81-230f10993f2d,DDL,7340205,7340205,Công nghệ tài chính,tuyensinh247,455,true
b417d2e3-356e-5125-bb9b-901a1bdcde29,DDL,7340301,7340301,Kế toán,tuyensinh247,455,true
65255ae0-ad72-5215-8314-e0b9919d4aa1,DDL,7340302,7340302,Kiểm toán,tuyensinh247,455,true
94ab1a16-d935-5fa1-bc09-362433add764,DDL,7380107,7380107,Luật kinh tế,tuyensinh247,455,true
7879bf5c-dee0-58e2-a4e6-e9eff7502d7f,DDL,7460108,7460108,Khoa học dữ liệu,tuyensinh247,455,true
418e6a06-a2dc-5394-a03c-7bcccd0c0c7b,DDL,7460117,7460117,Toán tin,tuyensinh247,455,true
f0a81819-2e27-5f52-83f2-2158539d0e6a,DDL,7480106,7480106,Kỹ thuật máy tính,tuyensinh247,455,true
9d3b78b1-7e91-505c-ba69-058a0c39e79e,DDL,7480107,7480107,Trí tuệ nhân tạo,tuyensinh247,455,true
9e34552f-d4fc-5544-aaf3-67c58f5d9a16,DDL,7480201,7480201,Công nghệ thông tin,tuyensinh247,455,true
bcdc7985-d8b5-5061-9676-951c0e5f3ec6,DDL,7510102,7510102,Công nghệ kỹ thuật công trình xây dựng,tuyensinh247,455,true
dd1c1449-b712-599d-a02f-8aca5b268c1e,DDL,7510201,7510201,Công nghệ kỹ thuật cơ khí,tuyensinh247,455,true
6da61016-4bab-5e2f-9262-2a7d3dc766bc,DDL,7510203,7510203,Công nghệ kỹ thuật cơ điện tử,tuyensinh247,455,true
701316df-3032-5377-9e18-462b75afdae5,DDL,7510205,7510205,Công nghệ kỹ thuật ô tô,tuyensinh247,455,true
32193703-8616-5545-9a7a-58039a3c0cd1,DDL,7510301,7510301,"Công nghệ kỹ thuật điện, điện tử",tuyensinh247,455,true
d90fca24-f4c5-5d16-9290-8058e36955f7,DDL,7510302,7510302,Công nghệ kỹ thuật điện tử - viễn thông,tuyensinh247,455,true
6f9c6d93-3d39-5fad-9ee8-0477ce27ecf5,DDL,7510303,7510303,Công nghệ kỹ thuật điều khiển và tự động hóa,tuyensinh247,455,true
2fbf91bb-8f55-5cf3-8a30-22c64eef1611,DDL,7510402,7510402,Công nghệ vật liệu,tuyensinh247,455,true
650b81f4-35e5-5478-aeba-9ff6ce020c05,DDL,7510403,7510403,Công nghệ kỹ thuật năng lượng,tuyensinh247,455,true
9ea8caa1-cec8-5ad6-9770-954d879796da,DDL,7510406,7510406,Công nghệ kỹ thuật môi trường,tuyensinh247,455,true
674957c5-e436-5c51-8f60-6e73861102d5,DDL,7510407,7510407,Công nghệ kỹ thuật hạt nhân,tuyensinh247,455,true
74ef7dbf-9876-5617-9ad9-1eeb7209c1eb,DDL,7510601,7510601,Quản lý công nghiệp,tuyensinh247,455,true
9a07817f-decb-5470-a7be-d97de08846e9,DDL,7510602,7510602,Quản lý năng lượng,tuyensinh247,455,true
1ac2db95-3a80-58a9-9929-c8ebd44f3cb6,DDL,7510605,7510605,Logistics và Quản lý chuỗi cung ứng,tuyensinh247,455,true
1db7239b-fe48-543f-9011-65bb1d87169f,DDL,7520107,7520107,Kỹ thuật Robot,tuyensinh247,455,true
eb188f16-7bb6-5025-ac26-7d17ca0a2aca,DDL,7520115,7520115,Kỹ thuật nhiệt,tuyensinh247,455,true
01de8ab8-16f9-570f-8a09-f1a218990099,DDL,7810103,7810103,Quản trị dịch vụ du lịch và lữ hành,tuyensinh247,455,true
e1865ce4-507e-572e-a565-97c593cad458,DDL,7810201,7810201,Quản trị khách sạn,tuyensinh247,455,true
bcf3d28d-2ad0-5782-b9df-b02fb400ebaf,DDU,7220204,7220204,Ngôn ngữ Trung Quốc,tuyensinh247,327,true
d72a7331-4d0d-56cc-b97d-93f8182c517c,DDU,7220209,7220209,Ngôn ngữ Nhật,tuyensinh247,327,true
5c152aed-fe26-5b51-a9b2-fc71f965b882,DDU,7220210,7220210,Ngôn Ngữ Hàn Quốc,tuyensinh247,327,true
8e659135-dc63-598b-b52a-fc22041c8c49,DDU,7240301,7240301,Kế toán,tuyensinh247,327,true
c421d03e-e03c-57ae-90fa-2d8e46e23ef5,DDU,7310205,7310205,Quản lý nhà nước,tuyensinh247,327,true
6438a1e9-e36b-56d4-8adf-0a9560d987ca,DDU,7340101,7340101,Quản trị kinh doanh,tuyensinh247,327,true
6e925c61-f41b-5fda-af5c-420c08500a9e,DDU,7340122,7340122,Thương mại điện tử,tuyensinh247,327,true
0aff5a7e-fbf8-539b-af2c-698aa311ee68,DDU,7340201,7340201,Tài chính - Ngân hàng,tuyensinh247,327,true
304552f4-2d00-5bc4-95c7-d40aa1c21d4f,DDU,7340301,7340301,Kế toán,tuyensinh247,327,true
607b396e-0ad0-5cac-bba3-f7004780042f,DDU,7380107,7380107,Luật kinh tế,tuyensinh247,327,true
2c16da09-d780-5b34-bd07-e6313f9726a3,DDU,7480201,7480201,Công nghệ thông tin,tuyensinh247,327,true
6c28e9f8-67db-5f0b-a834-9ec9586cf146,DDU,7510205,7510205,Công nghệ kỹ thuật ô tô,tuyensinh247,327,true
fdb8d7df-dfdd-5e34-9dc1-59c2a9c95b6d,DDU,7510406,7510406,Công nghệ kỹ thuật môi trường,tuyensinh247,327,true
abbce00e-b062-5796-bd4f-581627d91490,DDU,7580101,7580101,Kiến trúc,tuyensinh247,327,true
cffeb197-693a-54e4-9614-02d1022828a2,DDU,7580201,7580201,Kỹ thuật xây dựng,tuyensinh247,327,true
85632c68-85bc-5d35-9c5d-35761431b2a5,DDU,7640101,7640101,Thú y,tuyensinh247,327,true
4dc53be8-7e44-5517-8a8c-867a2c233635,DDU,7720201,7720201,Dược học,tuyensinh247,327,true
12c441b6-8156-5f96-9d06-fa99a3c8054d,DDU,7720301,7720301,Điều dưỡng,tuyensinh247,327,true
e364d040-75bd-5577-930d-45d4dd945b1d,DDU,7720601,7720601,Kỹ thuật xét nghiệm y học,tuyensinh247,327,true
b2b7e949-2d34-550e-969f-55af8ecb555c,DKH,7420201,7420201,Công nghệ sinh học,tuyensinh247,328,true
3e11e6a9-92a6-5ebc-b6b7-d0ab9266ba1a,DKH,7440112,7440112,Hóa học,tuyensinh247,328,true
716b400d-b42e-593e-9d9c-2452c37b3fa9,DKH,7720201,7720201,Dược học,tuyensinh247,328,true
87839443-0c0b-51b5-85f3-126862ca7e9d,DKH,7720201,7720201​,Dược học​,tuyensinh247,328,true
9918e1b5-dae0-52e5-a609-7ef03bc6042f,DKH,7720203,7720203,Hóa dược,tuyensinh247,328,true
4abebd41-10c5-56ac-8049-fa5fb4cc0913,DKH,7720203,7720203​,Hóa dược​,tuyensinh247,328,true
3cdbf242-3827-5cf7-99d8-9e183ead9d71,DKK,7220201,7220201,Ngành Ngôn ngữ Anh,tuyensinh247,356,true
e25ff552-4cc0-5c51-801e-8c62ea0566a5,DKK,7220201DKD,7220201DKD,Ngôn ngữ Anh,tuyensinh247,356,true
eaa1113a-8467-5987-8d20-100a12961bca,DKK,7220201DKK,7220201DKK,Ngôn ngữ Anh,tuyensinh247,356,true
37e3041e-d36d-5d60-b41c-c5a140e157db,DKK,7340101,7340101,Ngành Quản trị kinh doanh,tuyensinh247,356,true
93914edb-1a71-5b66-abca-a6d01f413f64,DKK,7340101DKD,7340101DKD,Quản trị kinh doanh,tuyensinh247,356,true
9c20d0fa-7e88-51f8-b2b7-830b1c56824b,DKK,7340101DKK,7340101DKK,Quản trị kinh doanh,tuyensinh247,356,true
3ebfc05c-fd91-5a8e-b69b-0d0b050293ed,DKK,7340115DKD,7340115DKD,Marketing,tuyensinh247,356,true
8cc03233-da60-5dc0-8398-48a278e2c811,DKK,7340115DKK,7340115DKK,Marketing,tuyensinh247,356,true
e316db51-af9d-5813-abe7-48afa21005a8,DKK,7340121,7340121,Ngành Kinh doanh thương mại,tuyensinh247,356,true
2108f961-085f-50e3-9aa7-1829989ca3ad,DKK,7340121DKD,7340121DKD,Kinh doanh thương mại,tuyensinh247,356,true
06712144-17fd-5832-9163-54d7c2bfb1c4,DKK,7340121DKK,7340121DKK,Kinh doanh thương mại,tuyensinh247,356,true
1823f28a-a3b3-50ac-97cb-fa89f0122742,DKK,7340201,7340201,Ngành Tài chính – Ngân hàng,tuyensinh247,356,true
50f6d371-81d0-5235-b20d-08585f4cb699,DKK,7340201DKD,7340201DKD,Tài chính - Ngân hàng,tuyensinh247,356,true
5f2351e4-5d01-5ad7-93ef-98be9c9b0b7b,DKK,7340201DKK,7340201DKK,Tài chính - Ngân hàng,tuyensinh247,356,true
ef6b5901-3706-519a-9c77-b0cf30c60243,DKK,7340204,7340204,Bảo hiểm,tuyensinh247,356,true
0ac9c928-8dd9-53eb-8eb9-25d5b8847029,DKK,7340204DKD,7340204DKD,Bảo hiểm,tuyensinh247,356,true
86eeaa85-f215-5fa1-a368-a2be1a4f50ad,DKK,7340204DKK,7340204DKK,Bảo hiểm,tuyensinh247,356,true
8e30af4c-2a43-5362-9162-444013a7eeb8,DKK,7340301,7340301,Ngành Kế toán,tuyensinh247,356,true
e0bc6c69-7138-56c2-bc30-33dadb30a207,DKK,7340301DKD,7340301DKD,Kế toán,tuyensinh247,356,true
a1125148-8539-5034-9b3f-77915d8ba4d6,DKK,7340301DKK,7340301DKK,Kế toán,tuyensinh247,356,true
b41e8377-f5b6-53b0-b0ed-f0f40b705d96,DKK,7340302DKD,7340302DKD,Kiểm toán,tuyensinh247,356,true
2c8e3e13-97b7-5f4b-89a0-c81badda28e3,DKK,7340302DKK,7340302DKK,Kiểm toán,tuyensinh247,356,true
4fe4dc00-374b-54a8-8ac2-a73e09129814,DKK,7460108,7460108,Khoa học dữ liệu,tuyensinh247,356,true
bbe1d80b-1315-52c5-b431-ad2d848e5c8d,DKK,7460108DKD,7460108DKD,Khoa học dữ liệu,tuyensinh247,356,true
94b3123a-a8ce-54aa-885e-44039231a1a7,DKK,7460108DKK,7460108DKK,Khoa học dữ liệu,tuyensinh247,356,true
39e22826-ee35-5293-b840-eba4d9d35b82,DKK,7480102,7480102,Ngành Mạng máy tính và TTDL,tuyensinh247,356,true
83d7a343-414f-5ebd-9e43-0c5ee21cd02d,DKK,7480102DKD,7480102DKD,Mạng máy tính và truyền thông dữ liệu,tuyensinh247,356,true
6f5ea6bd-ea41-5399-a524-c644e1753a2a,DKK,7480102DKK,7480102DKK,Mạng máy tính và truyền thông dữ liệu,tuyensinh247,356,true
8b7d2b04-750f-58e7-b99a-765c253a332f,DKK,7480108,7480108,Công nghệ kỹ thuật máy tính,tuyensinh247,356,true
ad5bcba0-2dfa-57c7-b6e0-a3f84180089f,DKK,7480108DKD,7480108DKD,Công nghệ kỹ thuật máy tính,tuyensinh247,356,true
64058b30-385a-5c3d-9df8-14ca5cb3ee58,DKK,7480108DKK,7480108DKK,Công nghệ kỹ thuật máy tính,tuyensinh247,356,true
9e28590a-89ef-5e7e-b96d-6cd75194550d,DKK,7480201,7480201,Ngành Công nghệ thông tin,tuyensinh247,356,true
82e9ff69-97d6-5d0d-8213-3e4c08e72426,DKK,7480201DKD,7480201DKD,Công nghệ thông tin,tuyensinh247,356,true
ffdd901d-d29b-50bc-a72a-50382f83276b,DKK,7480201DKK,7480201DKK,Công nghệ thông tin,tuyensinh247,356,true
dc94c2b2-02b1-51d2-9482-0c64e0c18c27,DKK,7510201,7510201,Ngành CNKT cơ khí,tuyensinh247,356,true
cc8ade27-f487-5ba3-8d60-fa16c1045a5a,DKK,7510201DKD,7510201DKD,Công nghệ kỹ thuật cơ khí,tuyensinh247,356,true
1d943a82-c67f-5e3e-abf7-0218a57eebb8,DKK,7510201DKK,7510201DKK,Công nghệ kỹ thuật cơ khí,tuyensinh247,356,true
76a0fc80-cb46-5659-b64a-fcef9536d1c0,DKK,7510203,7510203,Ngành CNKT cơ – điện tử,tuyensinh247,356,true
c5cdb555-5cad-5d25-9fe0-5c5568ebcf10,DKK,7510203DKD,7510203DKD,Công nghệ kỹ thuật cơ điện tử,tuyensinh247,356,true
52c11145-2572-54fb-8472-2788d0f833ac,DKK,7510203DKK,7510203DKK,Công nghệ kỹ thuật cơ điện tử,tuyensinh247,356,true
1b46d591-0398-53e7-b7d6-3da7b961b0d9,DKK,7510205,7510205,CN kỹ thuật ô tô,tuyensinh247,356,true
eb6c94fc-fd9c-5f3c-a433-113da4d6269c,DKK,7510205DKD,7510205DKD,Công nghệ kỹ thuật Ô tô,tuyensinh247,356,true
a653c3db-f85d-50c0-b57b-7dc7353284fa,DKK,7510205DKK,7510205DKK,Công nghệ kỹ thuật Ô tô,tuyensinh247,356,true
6eb69e63-1c8f-5fce-8323-b80e74fdac44,DKK,7510301,7510301,"Ngành CNKT điện, điện tử",tuyensinh247,356,true
4f557594-a2d6-5b5e-895a-770a75118892,DKK,7510301DKD,7510301DKD,"Công nghệ kỹ thuật điện, điện tử",tuyensinh247,356,true
a74c63fa-2dd2-51c0-9d60-d88d65e5966d,DKK,7510301DKK,7510301DKK,"Công nghệ kỹ thuật điện, điện tử",tuyensinh247,356,true
a054c727-474c-5c91-9451-5a1ae8ff3fbc,DKK,7510302,7510302,Ngành CNKT điện tử – viễn thông,tuyensinh247,356,true
e780a8ae-d68e-5a10-beda-19e361e69a3c,DKK,7510302DKD,7510302DKD,Công nghệ kỹ thuật điện tử - viễn thông,tuyensinh247,356,true
3f54cf88-07b8-59b4-ac84-d65ebf01a450,DKK,7510302DKK,7510302DKK,Công nghệ kỹ thuật điện tử - viễn thông,tuyensinh247,356,true
57ed8acb-0941-5cc0-a8f9-da28d680e5a1,DKK,7510303,7510303,Ngành CNKT điều khiển và tự động hoá,tuyensinh247,356,true
483cfff8-c14f-5345-98bc-8f56b9044a83,DKK,7510303DKD,7510303DKD,CNKT điều khiển và tự động hóa,tuyensinh247,356,true
e25a4e0f-7a1e-52db-ad16-4ca973256fbf,DKK,7510303DKK,7510303DKK,CNKT điều khiển và tự động hóa,tuyensinh247,356,true
894820d0-a81a-5281-bb88-d20826e2604a,DKK,7510605DKD,7510605DKD,Logistics và quản lý chuỗi cung ứng,tuyensinh247,356,true
955cc18a-e21d-51d1-ab03-4e0879ff15c0,DKK,7510605DKK,7510605DKK,Logistics và quản lý chuỗi cung ứng,tuyensinh247,356,true
a6d50730-ceea-5bae-9c2e-690b233c5b8d,DKK,7540101,7540101,Ngành Công nghệ thực phẩm,tuyensinh247,356,true
28328d4e-0d2e-59b8-bc92-272cfc9a9092,DKK,7540101DKD,7540101DKD,Công nghệ thực phẩm,tuyensinh247,356,true
c78c9635-5372-5980-a501-17b90f0519e2,DKK,7540101DKK,7540101DKK,Công nghệ thực phẩm,tuyensinh247,356,true
7ae47bb6-8c92-5ce3-8edd-df1980b221fd,DKK,7540106DKD,7540106DKD,Đảm bảo chất lượng và an toàn thực phẩm (CS Nam Định),tuyensinh247,356,true
77510d7d-39dd-5190-8a66-273a1dd9e046,DKK,7540106DKK,7540106DKK,Đảm bảo chất lượng và an toàn thực phẩm (CS Hà Nội),tuyensinh247,356,true
619933e8-c21a-5b9d-9340-c546ea00b7e1,DKK,7540202,7540202,"Ngành Công nghệ sợi, dệt",tuyensinh247,356,true
2fbca1fe-d0e2-5ce8-902e-684c05381220,DKK,7540202DKD,7540202DKD,"Công nghệ sợi, dệt",tuyensinh247,356,true
871355ad-9e25-5ac0-b00e-5618df511a2d,DKK,7540202DKK,7540202DKK,"Công nghệ sợi, dệt",tuyensinh247,356,true
23f5a888-aafe-5a0a-9042-8fffa9b5a2ae,DKK,7540203DKD,7540203DKD,"Công nghệ vật liệu dệt, may (CS Nam Định)",tuyensinh247,356,true
98b36038-2670-5cd0-a849-6ce2b5e616e6,DKK,7540203DKK,7540203DKK,"Công nghệ vật liệu dệt, may (CS Hà Nội)",tuyensinh247,356,true
af279776-4c39-5624-a8d8-171148c448eb,DKK,7540204,7540204,"Ngành Công nghệ dệt, may",tuyensinh247,356,true
4ba65fee-7423-528d-9702-c95afd92b34b,DKK,7540204DKD,7540204DKD,"Công nghệ dệt, may",tuyensinh247,356,true
f308bc3b-ed49-5188-88af-c2836ee3e257,DKK,7540204DKK,7540204DKK,"Công nghệ dệt, may",tuyensinh247,356,true
c60242f7-aebd-5c81-a98b-02414a03a3bb,DKK,7810103,7810103,Ngành Quản trị dịch vụ du lịch và lữ hành,tuyensinh247,356,true
d3c445d8-ea4c-5cbe-a1f9-a413f7ad5efa,DKK,7810103DKD,7810103DKD,Quản trị dịch vụ du lịch và lữ hành,tuyensinh247,356,true
8871f7c5-96aa-54c1-b51a-e48ed1c1ff14,DKK,7810103DKK,7810103DKK,Quản trị dịch vụ du lịch và lữ hành,tuyensinh247,356,true
7c232342-431e-5288-851e-ea360fe2a2f4,DKK,7810201DKD,7810201DKD,Quản trị khách sạn,tuyensinh247,356,true
c7c7281f-96db-5891-aaee-466d12a7240a,DKK,7810201DKK,7810201DKK,Quản trị khách sạn,tuyensinh247,356,true
9ba13e59-e8ff-58b0-8a69-0fc07e97b628,DKS,7380101,7380101,"Luật, chuyên ngành Kiểm sát",tuyensinh247,548,true
61e5bb54-28a8-586d-8127-7216b82de667,DKS,DKS-KS1,DKS-KS1,"Luật Kiểm Sát (GT: Nam, miền Bắc)",tuyensinh247,548,true
b9e722e6-4022-57a8-be25-48a025664e90,DKS,DKS-KS2,DKS-KS2,"Luật Kiểm Sát (GT: Nữ, miền Bắc)",tuyensinh247,548,true
dfca7c6c-1d4e-53a3-8387-a9ad1d8c3c2c,DKS,DKS-KS3,DKS-KS3,"Luật Kiểm Sát (GT: Nam, miền Nam)",tuyensinh247,548,true
baf98c49-39e3-56e2-8df0-3caae5012a4c,DKS,DKS-KS4,DKS-KS4,"Luật Kiểm Sát (GT: Nữ, miền Nam)",tuyensinh247,548,true
67dbdc73-5309-5e9e-8351-a152e97e0a5d,DKS,DKS-LKT,DKS-LKT,Luật Kinh Tế,tuyensinh247,548,true
7bee8a5a-623a-5a93-af22-386a374a0fa8,DKS,DKS-LUAT,DKS-LUAT,Luật,tuyensinh247,548,true
68f332d6-d0da-5e45-b6e3-1c03ee9a1b09,DLX,7220201,7220201,Ngôn ngữ Anh,tuyensinh247,366,true
27a7b0f3-c9fe-5033-988f-e2ed9b5c4ee1,DLX,7310101,7310101,Kinh tế,tuyensinh247,366,true
ce92c8b3-9821-5473-a1c5-24bc35843947,DLX,7310401,7310401,Tâm lý học,tuyensinh247,366,true
d2b7297d-36cd-5056-ad69-25444f819d26,DLX,7340101,7340101,Quản trị kinh doanh,tuyensinh247,366,true
3d8839ea-aa4b-54e5-b5ed-d82de830abbf,DLX,7340201,7340201,Tài chính - Ngân hàng,tuyensinh247,366,true
aa85bf5d-44f4-54f9-b1d8-a2903e43056f,DLX,7340204,7340204,Bảo hiểm,tuyensinh247,366,true
fca07a43-a940-541b-8171-f7ac31cced15,DLX,7340207,7340207,Bảo hiểm - Tài chính,tuyensinh247,366,true
140a1ca9-5a44-58c6-8dca-75b528e11351,DLX,7340301,7340301,Kế toán,tuyensinh247,366,true
d6e95151-5b1a-5387-95f9-27c2ab8d92ff,DLX,7340302,7340302,Kiểm toán,tuyensinh247,366,true
0ef6df3b-5674-5f6e-aa6f-c637aed00874,DLX,7340404,7340404,Quản trị nhân lực,tuyensinh247,366,true
06f53773-d605-55b8-839b-9e0e93320ed1,DLX,7340405,7340405,Hệ thống thông tin quản lý,tuyensinh247,366,true
f6289144-5456-5cce-a358-3d899a53f37d,DLX,7380107,7380107,Luật kinh tế,tuyensinh247,366,true
5980b599-9cd0-587c-8f06-427f12b69dab,DLX,7480201,7480201,Công nghệ thông tin,tuyensinh247,366,true
e4d4ae45-a5e2-5713-9bdd-89d8388a6471,DLX,7760101,7760101,Công tác xã hội,tuyensinh247,366,true
36f9e4b4-1271-5480-9288-f66b2712b1a8,DLX,7810103,7810103,Quản trị dịch vụ du lịch và lữ hành,tuyensinh247,366,true
9f501be9-3956-59bf-8a52-b49d7d3d797d,DMT,7220201,7220201,Ngôn ngữ Anh,tuyensinh247,171,true
c77bc42e-0356-54cd-81bf-e9ae1727dce1,DMT,7340101,7340101,Quản trị kinh doanh,tuyensinh247,171,true
fe9e4528-4ffb-51b8-8d28-cddaef81dd79,DMT,7340115,7340115,Marketing,tuyensinh247,171,true
ea8efae6-5bc0-5f73-8ff7-c8380cd49a41,DMT,7340116,7340116,Bất động sản,tuyensinh247,171,true
200cd99f-5e17-5e8c-b728-fac57812ee7a,DMT,7340301,7340301,Kế toán,tuyensinh247,171,true
3fc25450-4043-55a4-a893-9df53f89fd8f,DMT,7340301PH,7340301PH,Kế toán,tuyensinh247,171,true
21670f96-97fd-59bb-8fe7-adb1119d5738,DMT,7380101,7380101,Luật,tuyensinh247,171,true
31d29efd-102e-560d-97f4-577a1fdd63f0,DMT,7420203,7420203,Sinh học ứng dụng,tuyensinh247,171,true
ee3fba6a-f61a-525e-ae79-22a582175b1a,DMT,7440221,7440221,Khí tượng và Khí hậu học,tuyensinh247,171,true
590f17f7-22b9-50de-84a9-f9458b4d0a64,DMT,7440222,7440222,Khí tượng và khí hậu học,tuyensinh247,171,true
8042a6f0-15db-50da-9d08-6de7ac2af46d,DMT,7440224,7440224,Thủy văn học,tuyensinh247,171,true
0cdb89d0-dfd6-502b-a554-62f7339a7b99,DMT,7440298,7440298,Biến đổi khí hậu và Phát triển bền vững,tuyensinh247,171,true
8cc4397e-1a91-5c5b-b8d4-67f372ed298f,DMT,7480201,7480201,Công nghệ thông tin,tuyensinh247,171,true
c659dcb2-a453-51fa-a489-69ede8b7a425,DMT,7480201PH,7480201PH,Công nghệ thông tin,tuyensinh247,171,true
23d03536-f2f9-552e-b1b2-b826845b38c4,DMT,7510406,7510406,Công nghệ kỹ thuật môi trường,tuyensinh247,171,true
b2b3ff1c-6fc2-5e5b-8374-e41fcffc1c92,DMT,7510406PH,7510406PH,Công nghệ kỹ thuật môi trường,tuyensinh247,171,true
f97aefc9-fca3-5405-abcf-17608a113613,DMT,7510605,7510605,Logistics và Quản lý chuỗi cung ứng,tuyensinh247,171,true
682f3116-1682-5e24-9190-5f89f4f89d20,DMT,7520501,7520501,Kỹ thuật địa chất,tuyensinh247,171,true
ba00c11f-78ef-5412-a1d8-63cf4623f4ab,DMT,7520503,7520503,Kỹ thuật Trắc địa - Bản đồ,tuyensinh247,171,true
7e4c5603-8d51-50cc-93ea-c7112e3494ad,DMT,7520503PH,7520503PH,Kỹ thuật trắc địa - Bản đồ,tuyensinh247,171,true
7d07c1c0-070f-5d53-bdc7-1ea45404b65d,DMT,7540106,7540106,Đảm bảo chất lượng và An toàn thực phẩm,tuyensinh247,171,true
c49b39b0-b13b-5474-96ba-195b5ec6d35b,DMT,75I0406PH,75I0406PH,Công nghệ kỹ thuật môi trường,tuyensinh247,171,true
ac96c761-fe86-5269-b7bd-e1ffa04f0634,DMT,7810103,7810103,Quản trị dịch vụ du lịch và lữ hành,tuyensinh247,171,true
8e000a5e-b5a2-58d6-b7bc-5a7a6ed8defe,DMT,7810103PH,7810103PH,Quản trị dịch vụ du lịch và Lữ hành,tuyensinh247,171,true
0513ea11-c5f7-5fc4-b1ed-9812250009b5,DMT,7810201,7810201,Quản trị khách sạn,tuyensinh247,171,true
9af965cb-f083-57fe-8e83-2ddaef36b404,DMT,7850101,7850101,Quản lý tài nguyên và môi trường,tuyensinh247,171,true
8ae375ba-48d6-5ecf-8644-21e4eb8096e0,DMT,7850101PH,7850101PH,Quản lý tài nguyên và môi trường,tuyensinh247,171,true
12c4a32b-97b9-5bc5-a6b7-1bfa482d6831,DMT,7850102,7850102,Kinh tế Tài nguyên thiên nhiên,tuyensinh247,171,true
2d9c4faf-43f2-5279-8d98-1f465e0f6e10,DMT,7850103,7850103,Quản lý đất đai,tuyensinh247,171,true
c6c5ea6c-43b8-52fb-a157-be5f44b79525,DMT,7850103PH,7850103PH,Quản lý đất đai,tuyensinh247,171,true
c2097fd5-a37e-5ed1-83a0-b49d547b1e7d,DMT,7850198,7850198,Quản lý tài nguyên nước,tuyensinh247,171,true
f8cfd3ce-7d6f-5f19-83ee-2bea5e5a2428,DMT,7850199,7850199,Quản lý biển,tuyensinh247,171,true
5b366d72-0dfc-5b58-99d8-5d839c798c72,DNV,7220201,7220201,"Ngôn ngữ Anh, chuyên ngành Biên - phiên dịch thuộc ngành Ngôn ngữ Anh chuyên ngành Tiếng Anh du lịch thuộc ngành Ngôn ngữ Anh",tuyensinh247,478,true
de5d1c21-972c-5eae-85ee-408c1fe78e62,DNV,7229040,7229040,Chuyên ngành Văn hóa du lịch thuộc ngành Văn hóa học chuyên ngành Văn hóa truyền thông thuộc ngành văn hóa học,tuyensinh247,478,true
20e2b925-cedd-5227-8631-e43317b8992b,DNV,7229040,7229040-01; 7229040-02,Chuyên ngành Văn hóa du lịch thuộc ngành Văn hóa học chuyên ngành Văn hóa truyền thông thuộc ngành văn hóa học,tuyensinh247,478,true
b72773b4-d986-527a-98ad-7725ff4107a8,DNV,7229040,7229040-1QN,Chuyên ngành Văn hóa du lịch thuộc ngành Văn hóa học,tuyensinh247,478,true
c9fd230a-cbb8-58eb-81b7-75401e943582,DNV,7229042,7229042,Quản lý văn hóa (Chuyên ngành Quản lý di sản văn hóa và phát triển du lịch thuộc ngành Quản lí văn hóa),tuyensinh247,478,true
eee59131-8c9b-5ffb-b52d-4f1eda2a56a6,DNV,7229042,7229042 (7229042-01),Quản lý văn hóa (Chuyên ngành Quản lý di sản văn hóa và phát triển du lịch),tuyensinh247,478,true
19fc9357-9177-5fba-80dc-c5187bbea536,DNV,7310101,7310101,Kinh tế,tuyensinh247,478,true
8711cbd9-55cb-5b4b-a999-b9a0c90e9bf7,DNV,7310201,7310201,Chính trị học (Chuyên ngành Chính sách công),tuyensinh247,478,true
9d6e4517-58c7-5ecd-bedf-3f8af192e8c4,DNV,7310201,7310201 (7310201-01),Chính trị học (Chuyên ngành Chính sách công),tuyensinh247,478,true
bd239be9-b35a-5c2e-91c4-3fef2dbd0532,DNV,7310202,7310202,Xây dựng Đảng và chính quyền nhà nước,tuyensinh247,478,true
8ad89d1c-cf6a-53ac-b541-ac9f29d9ddcc,DNV,7310205,7310205,Quản lý nhà nước,tuyensinh247,478,true
835d4e2e-e50b-5000-bc3b-748fe34909f6,DNV,7310205HCM,7310205HCM,Quản lý nhà nước,tuyensinh247,478,true
a38898de-264e-5ff0-ae4c-2579a5c6ee74,DNV,7310205QN,7310205QN,Quản lý nhà nước,tuyensinh247,478,true
6ffa513a-94fc-5d0d-92aa-faa355719399,DNV,7310205TP-HCM,7310205TP-HCM,Quản lý nhà nước,tuyensinh247,478,true
ce33a368-786c-5409-a35c-0f6c054ede5e,DNV,7320201,7320201,"Thông tin - thư viện, chuyên ngành Quản trị thông tin thuộc ngành thông tin - thư viện",tuyensinh247,478,true
8e99edf4-9722-5746-82dc-41e70e8dab25,DNV,7320303,7320303,Lưu trữ học (Chuyên ngành Văn thư - Lưu trữ),tuyensinh247,478,true
170cc21a-9618-5f91-95e1-e58204e1226b,DNV,7320303,7320303 (7320303-01),Lưu trữ học (Chuyên ngành Văn thư - Lưu trữ),tuyensinh247,478,true
ca31cca4-1648-56a3-957c-aac706170ce2,DNV,7320303,7320303-1QN,Chuyên ngành Văn thư - lưu trữ thuộc ngành Lưu trữ học,tuyensinh247,478,true
22fe7769-2e05-5bfb-ab3f-0e0ab1805c3e,DNV,7320303TP-HCM,7320303TP-HCM,Lưu trữ học - Chuyên ngành Văn thư - lưu trữ thuộc ngành Lưu trữ học,tuyensinh247,478,true
61c7aa87-24ca-5ff3-921a-b86718988eb9,DNV,7340404,7340404,Quản trị nhân lực,tuyensinh247,478,true
5713736b-70e2-5612-92f5-e75260566e0c,DNV,7340404QN,7340404QN,Quản trị nhân lực,tuyensinh247,478,true
5fa7d8df-2757-5792-a11d-91b0e7735025,DNV,7340406,7340406,Quản trị văn phòng,tuyensinh247,478,true
8d506459-6730-5a30-ab07-02013827c03e,DNV,7340406HCM,7340406HCM,Quản trị văn phòng,tuyensinh247,478,true
a1a2cc77-e614-557c-8760-a6d2817d3ccc,DNV,7340406QN,7340406QN,Quản trị văn phòng,tuyensinh247,478,true
02a7e8a6-9f59-5d53-9f61-899b51d799ea,DNV,7340406TP-HCM,7340406TP-HCM,Quản trị văn phòng,tuyensinh247,478,true
315c014d-0379-5b33-b6ff-04a210b313e2,DNV,7380101,7380101,Luật (Chuyên ngành Thanh tra),tuyensinh247,478,true
c40d05f2-4ced-5825-a2b7-e3ffdb48b61e,DNV,7380101HCM,7380101HCM,Luật (Chuyên ngành Thanh tra),tuyensinh247,478,true
7310f2b5-9743-5b3f-80b0-f8f1fef9c195,DNV,7380101QN,7380101QN,Luật (Chuyên ngành Thanh tra),tuyensinh247,478,true
8cabe1ae-ac2b-5a2f-9328-296bfd76dcad,DNV,7380101,7380101QN 7380101-1QN,Luật (Chuyên ngành Thanh tra),tuyensinh247,478,true
12c0d400-479c-575d-9dd4-74ff9643073a,DNV,7380101TP-HCM,7380101TP-HCM,Luật (Chuyên ngành Thanh tra),tuyensinh247,478,true
65cb718a-96cd-5dff-8b36-ab7080077312,DNV,7480104,7480104,Hệ thông thông tin (Chuyên ngành Hệ thống thông tin thương mại điện tử),tuyensinh247,478,true
a4edf17f-f6c0-5025-b0ce-a5941217e5eb,DNV,7810103,7810103,Quản trị dịch vụ du lịch và lữ hành,tuyensinh247,478,true
7901dc72-1a57-5148-ac76-160916dd84c3,DPD,7220201,7220201,Ngôn ngữ Anh,tuyensinh247,325,true
d1ed4cac-1b0f-5b38-b7b5-f01598915790,DPD,7220204,7220204,Ngôn ngữ Trung Quốc,tuyensinh247,325,true
db3710a1-0246-50ac-a464-b9cd11bf55f0,DPD,7220209,7220209,Ngôn ngữ Nhật,tuyensinh247,325,true
5b3fc963-afcc-5955-803a-58f1ef9641d1,DPD,7320104,7320104,Truyền thông đa phương tiện,tuyensinh247,325,true
f739c500-55f9-5353-b4a1-227b95634dab,DPD,7340101,7340101,Quản trị kinh doanh,tuyensinh247,325,true
a75b8bbf-1669-5942-8495-029b199d74cb,DPD,7340122,7340122,Thương mại điện tử,tuyensinh247,325,true
e4d706a9-a879-5c26-be4f-a96f9863968f,DPD,7340201,7340201,Tài chính - Ngân hàng,tuyensinh247,325,true
7ef01566-ded4-507a-a924-22f0f5da6111,DPD,7340301,7340301,Kế toán,tuyensinh247,325,true
646d4398-73f2-5948-bc31-e8ec779b1b42,DPD,7340406,7340406,Quản trị văn phòng,tuyensinh247,325,true
f2e4f241-6c1c-5d04-a30b-ce4dac2925d2,DPD,7420201,7420201,Công nghệ sinh học,tuyensinh247,325,true
9305169f-b2f5-5e45-bf1e-11e50d526b6f,DPD,7480201,7480201,Công nghệ thông tin,tuyensinh247,325,true
b0ce01a7-687e-5fce-aab5-b37c7a79139d,DPD,7510203,7510203,Công nghệ kỹ thuật Cơ điện tử,tuyensinh247,325,true
e65fc853-365e-5065-9e94-4b3dfd9082be,DPD,7510301,7510301,Công nghệ kỹ thuật Điện - Điện điện tử,tuyensinh247,325,true
efbff511-e4b5-552b-b314-60d940d9d18a,DPD,7580101,7580101,Kiến trúc,tuyensinh247,325,true
9f2e4f47-8734-5004-8d55-c2a100771eb7,DPD,7580201,7580201,Kỹ thuật xây dựng,tuyensinh247,325,true
c16c7707-32f3-52c0-9678-ff4413a6e13a,DPD,7580301,7580301,Kinh tế xây dựng,tuyensinh247,325,true
a8bb0ae3-4af7-52c9-b87b-1eb143ac3d86,DPD,7810103,7810103,Quản trị dịch vụ du lịch và lữ hành,tuyensinh247,325,true
f57f8e27-2f49-5750-a9a5-ac9e17ccceac,DQK,7210402,7210402,Thiết kế công nghiệp,tuyensinh247,350,true
43a5bbe7-ba01-583f-b210-1f30a2d315b0,DQK,7210403,7210403,Thiết kế đồ họa,tuyensinh247,350,true
b0630db9-f5cd-582f-9d71-054436d99069,DQK,7220201,7220201,Ngôn ngữ Anh,tuyensinh247,350,true
c14b4220-eaba-5ec7-864a-e9a72024ee03,DQK,7220202,7220202,Ngôn ngữ Nga,tuyensinh247,350,true
f0ded00d-f1b9-5c9e-8f21-a6d5d1a74b71,DQK,7220204,7220204,Ngôn ngữ Trung Quốc,tuyensinh247,350,true
603ad53e-2485-527e-a970-e015945467d7,DQK,7310101,7310101,Kinh tế,tuyensinh247,350,true
3ab5b7f8-3217-5080-abd9-cde5077d160f,DQK,7310205,7310205,Quản lý nhà nước,tuyensinh247,350,true
8e79f84f-a0ff-5264-8f82-c32a4cf8bbe1,DQK,7340101,7340101,Quản trị kinh doanh,tuyensinh247,350,true
b5e5238f-1e6a-5a60-b4bb-90923fcead39,DQK,7340120,7340120,Kinh doanh quốc tế,tuyensinh247,350,true
114b87a1-762c-5b38-a896-eac7eed34000,DQK,7340201,7340201,Tài chính - ngân hàng,tuyensinh247,350,true
f3e72f80-fc5f-58cd-9e1f-fe699b39292c,DQK,7340301,7340301,Kế toán,tuyensinh247,350,true
083b35ee-80a2-5956-b4f7-3b01f753dbb8,DQK,7380107,7380107,Luật kinh tế,tuyensinh247,350,true
02cf1ead-3766-5b08-8f9a-a28667838325,DQK,7480201,7480201,Công nghệ thông tin,tuyensinh247,350,true
7d1bfa40-4924-58f3-8e17-a4afdb7e68f3,DQK,7510203,7510203,Công nghệ kỹ thuật cơ - điện tử,tuyensinh247,350,true
279b7602-a4c5-54ac-9b99-42db9ed01109,DQK,7510205,7510205,Công nghệ kỹ thuật ô tô,tuyensinh247,350,true
179f8626-23f9-537b-8812-b66335a8b5ce,DQK,7510301,7510301,"Công nghệ kỹ thuật điện, điện tử",tuyensinh247,350,true
6ced4657-759b-5ace-a9c1-ab83628495e4,DQK,7510406,7510406,Công nghệ kỹ thuật môi trường,tuyensinh247,350,true
69f79c6c-6a0f-5c68-9db1-2df5a3153ecc,DQK,7580101,7580101,Kiến trúc,tuyensinh247,350,true
b6df017b-3297-5416-ada2-94253daf65fa,DQK,7580106,7580106,Quản lý đô thị và công trình,tuyensinh247,350,true
6f93447d-eabc-5a8c-a306-4eba09bdb1c6,DQK,7580108,7580108,Thiết kế nội thất,tuyensinh247,350,true
86108fd5-2dc6-5791-a8d1-a5df7c2a6c8d,DQK,7580201,7580201,Kỹ thuật xây dựng,tuyensinh247,350,true
1351330d-525d-57c8-a52b-c08c4d2ef7d9,DQK,7720101,7720101,Y khoa,tuyensinh247,350,true
e05b5c9a-8f05-5904-bff1-aa2d5674fae8,DQK,7720201,7720201,Dược học,tuyensinh247,350,true
3929a2c8-a4b9-53e7-8d31-8e92001f7c2f,DQK,7720301,7720301,Điều dưỡng,tuyensinh247,350,true
a60bd4fe-3fec-54ce-83da-efe72bc7534f,DQK,7720501,7720501,Răng Hàm Mặt,tuyensinh247,350,true
031f62d0-c1cb-50e6-98c0-0cd827bcf574,DQK,7810103,7810103,Quản trị dịch vụ du lịch và lữ hành,tuyensinh247,350,true
ff0fb2ef-c8c3-52b5-802b-e798f6070e16,DQK,7850101,7850101,Quản lý tài nguyên và môi trường,tuyensinh247,350,true
759061ef-b387-5148-bdc5-74c41ca82f78,DTL,7210205,7210205,Thanh nhạc,tuyensinh247,425,true
1b04610e-7c7f-5902-8b2b-d83faaf70715,DTL,7210403,7210403,Thiết kế đồ họa,tuyensinh247,425,true
5f9957df-b5f2-5cb4-864f-a5c21da23a3d,DTL,7220201,7220201,Ngôn ngữ Anh,tuyensinh247,425,true
18b60c15-059b-58dd-93c5-665fa172c017,DTL,7220204,7220204,Ngôn ngữ Trung Quốc,tuyensinh247,425,true
7f8deb76-5ce7-57ca-bada-f87719b8c4d8,DTL,7220209,7220209,Ngôn ngữ Nhật,tuyensinh247,425,true
89b87bbd-a0df-503c-bf66-4bd86986beb5,DTL,7220210,7220210,Ngôn ngữ Hàn Quốc,tuyensinh247,425,true
ea880270-711a-5b11-8d8c-16db48e1f1ca,DTL,7310106,7310106,Kinh tế quốc tế,tuyensinh247,425,true
2ddbff9f-75d9-5fe9-acc7-49b7751e1383,DTL,7310630,7310630,Việt Nam học,tuyensinh247,425,true
f93079c4-f170-54ba-991e-4a417f5c7c0f,DTL,7320104,7320104,Truyền thông đa phương tiện,tuyensinh247,425,true
9a48aea7-7acb-5d77-adc7-8013f42e3663,DTL,7340101,7340101,Quản trị kinh doanh,tuyensinh247,425,true
29755a20-e649-5cda-a3e9-1e27dbdae6e0,DTL,7340106,7340106,Kinh tế quốc tế,tuyensinh247,425,true
68b9c64b-5885-5294-86b7-b072c805c2b8,DTL,7340115,7340115,Marketing,tuyensinh247,425,true
7ec8c4e7-2009-51a1-a150-f71f64172418,DTL,7340122,7340122,Thương mại điện tử,tuyensinh247,425,true
739bbe63-80da-5e29-8c84-35ee037d573a,DTL,7340201,7340201,Tài chính - Ngân hàng,tuyensinh247,425,true
522f7c29-b304-59f9-82ed-2f62d3c4ef21,DTL,7340301,7340301,Kế toán,tuyensinh247,425,true
8e137ddc-88a8-5ca6-919e-7e65447f70e4,DTL,7380107,7380107,Luật kinh tế,tuyensinh247,425,true
0d9687d0-9945-56b1-982b-81b776c2f9d4,DTL,7480101,7480101,Khoa học máy tính,tuyensinh247,425,true
ff9c9a91-e000-5f5f-9a97-d00213699243,DTL,7480102,7480102,Mạng máy tính và truyền thông dữ liệu,tuyensinh247,425,true
84ab7529-0a73-5785-9885-1e83d3fb26f8,DTL,7480104,7480104,Hệ thống thông tin,tuyensinh247,425,true
be3e88ae-b051-5bf6-be8c-51fbf6daae5f,DTL,7480201,7480201,Công nghệ thông tin,tuyensinh247,425,true
c278a481-b33e-53f1-8fa8-d5a42c3f2c4a,DTL,7480207,7480207,Trí tuệ nhân tạo,tuyensinh247,425,true
7228e9e1-102f-5ae7-8bdc-5150415ef8e8,DTL,7510605,7510605,Logistics và quản lý chuỗi cung ứng,tuyensinh247,425,true
fd23d85b-b8a4-583d-b0a1-8a7696be6d24,DTL,7720301,7720301,Điều dưỡng,tuyensinh247,425,true
e96ea07f-eafe-5aa9-b53f-ddc8cbffb8d7,DTL,7720401,7720401,Dinh dưỡng,tuyensinh247,425,true
bb3c3a03-0e33-5270-bea9-82fe9333a0fd,DTL,7760101,7760101,Công tác xã hội,tuyensinh247,425,true
034c0cfc-620c-532f-9c3b-4264c165e5cc,DTL,7810103,7810103,Quản trị dịch vụ du lịch và lữ hành,tuyensinh247,425,true
cdd6f2d4-007f-5ce2-9562-1ef28a16ec6c,DTL,7810201,7810201,Quản trị khách sạn,tuyensinh247,425,true
e1ea5c2e-9345-5b46-bc3b-4dabaf92d594,ETU,7210403,7210403,Thiết kế đồ họa,tuyensinh247,339,true
8f30afeb-774b-563b-8af3-51425c84f9fe,ETU,7210404,7210404,Thiết kế thời trang,tuyensinh247,339,true
a1873b5a-c2a6-5dbb-aac7-4eaa5f7850fe,ETU,7220201,7220201,Ngôn ngữ Anh,tuyensinh247,339,true
24524547-6299-529f-9794-ae161ceb89df,ETU,7220204,7220204,Ngôn ngữ Trung Quốc,tuyensinh247,339,true
d18b93e4-f90f-5df3-9ae7-1d79cecc296e,ETU,7320104,7320104,Truyền thông đa phương tiện,tuyensinh247,339,true
982c146c-984f-5c58-bf20-aa6481cd656f,ETU,7320106,7320106,Công nghệ truyền thông,tuyensinh247,339,true
148a29fb-4ad7-5aa0-9e6a-291df84d1b8f,ETU,7320108,7320108,Quan hệ công chúng,tuyensinh247,339,true
c0de1ce2-67ff-56b2-9ad5-f2451c66efac,ETU,7329001,7329001,Công nghệ đa phương tiện,tuyensinh247,339,true
8df02b2e-489c-52e7-bd12-0508b9f4de39,ETU,7340101,7340101,Quản trị kinh doanh,tuyensinh247,339,true
8562d81a-60ad-54ed-8b5d-8a1896e56bcd,ETU,7340122,7340122,Thương mại điện tử,tuyensinh247,339,true
a6ab8c6f-a338-535c-9db7-36a8f7291a31,ETU,7340201,7340201,Tài chính ngân hàng,tuyensinh247,339,true
dbc592c9-e51c-5219-9e3b-02e35d174dff,ETU,7340301,7340301,Kế toán,tuyensinh247,339,true
52f4a55b-c360-5eee-938e-2ad91d2107f8,ETU,7380107,7380107,Luật kinh tế,tuyensinh247,339,true
77e53e63-64d8-538e-b875-588caec6746a,ETU,7480201,7480201,Công nghệ thông tin,tuyensinh247,339,true
b065d875-7aa5-529f-9985-5dda172be84e,ETU,7510605,7510605,Logistics và quản lý chuỗi cung ứng,tuyensinh247,339,true
b145add1-b372-5629-a6cc-eb355346b21c,ETU,7520130,7520130,Kỹ thuật ô tô,tuyensinh247,339,true
7835d002-47c7-5dee-89a7-ce93001c7c8b,ETU,7520207,7520207,Kỹ thuật điện tử - viễn thông,tuyensinh247,339,true
e4fd7a24-a74a-5ed9-a9ee-385ad228f993,ETU,7580101,7580101,Kiến trúc,tuyensinh247,339,true
087c11e4-76f3-5f0e-ac68-43a4e20af9af,ETU,7580108,7580108,Thiết kế nội thất,tuyensinh247,339,true
b6c425cb-7186-50fe-9a37-f4ef867beb5e,ETU,7580201,7580201,Kỹ thuật xây dựng,tuyensinh247,339,true
c8ab44a5-08b5-5325-8453-1a49bdfad8fb,ETU,7720101,7720101,Y khoa,tuyensinh247,339,true
932213cb-1ebc-5cc3-b3e4-fc053d9366ea,ETU,7720115,7720115,Y học cổ truyền,tuyensinh247,339,true
ff4d57cf-61cd-5d20-9438-3d891dc0ccd1,ETU,7720201,7720201,Dược học,tuyensinh247,339,true
9fd5890b-2d16-50c8-9e4c-8ed94703cee0,ETU,7720301,7720301,Điều dưỡng,tuyensinh247,339,true
56c23bbe-cf8e-58d5-9250-6caa8c7c35a1,ETU,7760101,7760101,Công tác xã hội,tuyensinh247,339,true
973fb2af-18f8-5429-98e8-68c1b6906073,ETU,7810103,7810103,Quản trị dịch vụ du lịch và lữ hành,tuyensinh247,339,true
c96d8002-eac2-5fcf-bde6-87d8be1a1be3,ETU,7810201,7810201,Quản trị khách sạn,tuyensinh247,339,true
a9300cd0-0b44-5eeb-8e8f-3201068c8cf2,FBU,7220201,7220201,Ngôn ngữ Anh,tuyensinh247,474,true
d127d68f-a180-5a0d-9d45-905473db57d6,FBU,7220204,7220204,Ngôn ngữ Tiếng Trung,tuyensinh247,474,true
bfa1bbbb-6842-5e93-9312-4018bf0ca09d,FBU,7340101,7340101,Quản trị kinh doanh,tuyensinh247,474,true
a679eb81-9fe0-5552-9883-41108d012093,FBU,7340120,7340120,Kinh doanh quốc tế,tuyensinh247,474,true
c2d99b24-60a9-58dd-8cf4-0f43990c4a06,FBU,7340121,7340121,Kinh doanh thương mại,tuyensinh247,474,true
9ccd7040-12ae-5e33-bf7b-2df7b2842c19,FBU,7340201,7340201,Tài chính - Ngân hàng,tuyensinh247,474,true
af90e6d6-5262-5586-8c6f-b509f566679c,FBU,7340301,7340301,Kế toán,tuyensinh247,474,true
507e128c-2033-5d7f-adab-82dbf737e1c2,FBU,7340302,7340302,Kiểm toán,tuyensinh247,474,true
52463d1a-5452-5ec9-915c-7f78b9977e9e,FBU,7380107,7380107,Luật kinh tế,tuyensinh247,474,true
40206857-9dad-5849-90f9-3485a297905c,FBU,7480201,7480201,Công nghệ thông tin,tuyensinh247,474,true
d723fe15-051e-5c5d-b4e3-fffd0c6e7b2a,FPT,7220201,7220201,Ngôn ngữ Anh,tuyensinh247,329,true
dbbdc35b-4dae-5e31-b445-eeeca7537953,FPT,7220204,7220204,Ngôn ngữ Trung Quốc,tuyensinh247,329,true
fa0420c4-a760-563c-96ba-0b54cb38a6ad,FPT,7220209,7220209,Ngôn ngữ Nhật,tuyensinh247,329,true
54aa2dfb-edb8-598e-ae1c-c7aa541a9cda,FPT,7220210,7220210,Ngôn ngữ Hàn Quốc,tuyensinh247,329,true
7da4e47d-7c1c-5ecc-9629-7f9ea8b5278d,FPT,7320106,7320106,Công nghệ truyền thông,tuyensinh247,329,true
8f107617-367c-5e92-bb24-3e0b81978858,FPT,7340101,7340101,Quản trị kinh doanh,tuyensinh247,329,true
ba2e5892-8ac8-596d-a29b-ddb547f4ba0a,FPT,7480201,7480201,Công nghệ thông tin,tuyensinh247,329,true
3fd6164f-52ba-5c88-9579-402a6bd319e9,GHA,7220201,7220201,Ngôn ngữ Anh,tuyensinh247,330,true
63a0aee6-63fb-5d87-9221-50202abcb6f7,GHA,7310101,7310101,Kinh tế,tuyensinh247,330,true
6cb85193-3966-5a95-9b11-d1a29b276b90,GHA,7340101,7340101,Quản trị kinh doanh,tuyensinh247,330,true
3a9626ca-3017-5813-9c33-a424ef318638,GHA,7340101,7340101 LK,"Chương trình liên kết quốc tế Ngành Quản trị kinh doanh (Đại học EM Normandie -Cộng hoà Pháp cấp bằng, Học hoàn toàn bàng tiếng Anh)",tuyensinh247,330,true
a20cae3a-6224-5bb8-87e4-322f4afc4683,GHA,7340101,7340101 QT,Quản trị kinh doanh (Chương trình CLC Quản trị kinh doanh Việt-Anh),tuyensinh247,330,true
4b9183a6-2726-52aa-9f02-36e4b75f8464,GHA,7340101LK,7340101LK,"Chương trình liên kết quốc tế Ngành kinh doanh quốc tế (Đại học Ecole Normandie, nước Pháp cấp bằng)",tuyensinh247,330,true
5a0048e7-285d-5991-b14b-0cf059141748,GHA,7340101QT,7340101QT,Quản trị kinh doanh (Chương trình chất lượng cao Quản trị kinh doanh Việt - Anh),tuyensinh247,330,true
199216f3-45a6-53d2-aa10-55a945c011c4,GHA,7340110QT,7340110QT,Quản trị kinh doanh (Chương trình chất lượng cao Quản trị kinh doanh Việt - Anh),tuyensinh247,330,true
99e8e72c-3e17-5c7b-a3f7-81e161aecd35,GHA,7340201,7340201,Tài chính - Ngân hàng,tuyensinh247,330,true
6dff9275-860a-5ae5-9de7-b5b2b8298d78,GHA,7340301,7340301,Kế toán,tuyensinh247,330,true
f534bbf6-99f0-5f93-ad46-fe577efbc7b7,GHA,7340301,7340301 QT,Kế toán (Chương trình chất lượng cao Kế toán tổng hợp Việt - Anh),tuyensinh247,330,true
912d3a5e-a50d-5102-b434-2ab55710db4e,GHA,7340301QT,7340301QT,Kế toán (Chương trình chất lượng cao Kế toán tổng hợp Việt - Anh),tuyensinh247,330,true
d3847bd6-af25-58bf-989f-b0cd50732b5e,GHA,7460112,7460112,Toán ứng dụng,tuyensinh247,330,true
6fc7d6e8-d952-56a3-abdf-4667778c8aef,GHA,7480101,7480101,Khoa học máy tính,tuyensinh247,330,true
cae18d94-abd8-5f45-a0d2-1ccf834bae3b,GHA,7480106,7480106,Kỹ thuật máy tính,tuyensinh247,330,true
39da0434-24bd-5a9f-8a13-176f9445ccbd,GHA,7480201,7480201,Công nghệ thông tin,tuyensinh247,330,true
e095f70e-6ebc-5882-951d-4fc0e4682514,GHA,7480201,7480201 QT,Công nghệ thông tin (Chương trình CLC Công nghệ thông tin Việt-Anh),tuyensinh247,330,true
5bf4ce1e-4543-5d91-94d5-321a6da05485,GHA,7480201QT,7480201QT,Công nghệ thông tin (Chương trình chất lượng cao Công nghệ thông tin Việt - Anh),tuyensinh247,330,true
70190e72-e8f4-54ae-ba1f-0f0c86d38c66,GHA,7510104,7510104,Công nghệ kỹ thuật giao thông,tuyensinh247,330,true
e458ee68-d40c-5d2b-85d6-5923ff922235,GHA,7510605,7510605,Logistics và quản lý chuỗi cung ứng,tuyensinh247,330,true
930fe249-3705-572a-99cb-94939c4cbaf9,GHA,7520103,7520103,Kỹ thuật cơ khí,tuyensinh247,330,true
3894788b-8ac3-5e97-93fc-a3e6a114f3a6,GHA,7520103,7520103 QT,Kỹ thuật cơ khí (Chương trình chất lượng cao Cơ khí ô tô Việt - Anh),tuyensinh247,330,true
3f61dac2-93d5-58d5-900e-d681da950f8c,GHA,7520103QT,7520103QT,Kỹ thuật cơ khí (Chương trình chất lượng cao Cơ khí ô tô Việt - Anh),tuyensinh247,330,true
16ef9428-aa75-5702-8336-74af29e1bff5,GHA,7520107,7520107,Kỹ thuật robot (chuyên ngành Kỹ thuật robot và trí tuệ nhân tạo),tuyensinh247,330,true
5b65e4cb-7f65-5a5f-8d59-5f8300548c55,GHA,7520114,7520114,Kỹ thuật cơ điện tử,tuyensinh247,330,true
0152cd63-9b94-5eb5-b3a0-342dcc524b23,GHA,7520115,7520115,Kỹ thuật nhiệt,tuyensinh247,330,true
1819e604-2ab1-5829-977c-606e624a6f61,GHA,7520116,7520116,Kỹ thuật cơ khí động lực,tuyensinh247,330,true
652693d7-04a9-58cf-8650-3e80e2432ffb,GHA,7520116,7520116 DS,Kỹ thuật cơ khí động lực (chuyên ngành Kỹ thuật phương tiện đường sắt tốc độ cao),tuyensinh247,330,true
a2513089-533a-5e90-a6b3-3be415458cfb,GHA,7520130,7520130,Kỹ thuật ô tô,tuyensinh247,330,true
622ac01c-23a9-5a41-b5e1-939c5d14a5c6,GHA,7520201,7520201,Kỹ thuật điện,tuyensinh247,330,true
c1364600-afd8-527c-8e19-fdc06648fd2f,GHA,7520201,7520201 DS,"Kỹ thuật điện (chuyên ngành Hệ thống điện đường sắt tốc độ cao, đường sắt đô thị)",tuyensinh247,330,true
fc4c887e-ce28-5c96-a315-c4913773a9f1,GHA,7520207,7520207,Kỹ thuật điện tử - viễn thông,tuyensinh247,330,true
11c6409e-0f6b-5694-b601-0ee4e5478e9d,GHA,7520216,7520216,Kỹ thuật điều khiển và tự động hoá,tuyensinh247,330,true
b5e33dd4-1e39-50c3-a72b-3e9b149c4b5b,GHA,7520216,7520216 DS,Kỹ thuật điều khiển và tự động hoá (chuyên ngành Điều khiển và thông tin tín hiệu đường sắt hiện đại),tuyensinh247,330,true
3a44b9e2-e940-550d-a302-4bfd81247df4,GHA,7520216,7520216-GTTM,Kỹ thuật điều khiển và tự động hoá (chuyên ngành Hệ thống giao thông thông minh),tuyensinh247,330,true
f1b033eb-be02-5799-80c1-acd5bb603db5,GHA,7520218,7520218,Kỹ thuật robot và trí tuệ nhân tạo,tuyensinh247,330,true
dfa0a200-d045-5818-9461-2c45a616ca43,GHA,7520219,7520219,Hệ thống giao thông thông minh,tuyensinh247,330,true
0c6a8c11-8af8-575e-88fe-29650aae7e6b,GHA,7520320,7520320,Kỹ thuật môi trường,tuyensinh247,330,true
7a2fd372-060b-5be9-9645-0a182f9234c4,GHA,7580101,7580101,Kiến trúc,tuyensinh247,330,true
ed8f0bcf-2544-5cd5-ab0e-dc91baf436a7,GHA,7580106,7580106,Quản lý đô thị và công trình,tuyensinh247,330,true
17afa26f-fc3a-592f-b864-fdc630c86ea2,GHA,7580201,7580201,Kỹ thuật xây dựng,tuyensinh247,330,true
d78ad56e-f995-570b-a4fb-0769194f7f63,GHA,7580201,7580201 QT,Kỹ thuật xây dựng (Chương trình tiên tiến Kỹ thuật xây dựng công trình giao thông),tuyensinh247,330,true
c00a2e8a-eeb0-54eb-8696-6d69e1329a55,GHA,7580201QT,7580201QT,Kỹ thuật xây dựng (Chương trình tiên tiến Kỹ thuật xây dựng công trình giao thông),tuyensinh247,330,true
cbe71e28-d967-5b92-8985-c707e3fd611d,GHA,7580201QT-01,7580201QT-01,Kỹ thuật xây dựng (Chương trình tiên tiến Kỹ thuật xây dựng công trình giao thông),tuyensinh247,330,true
1823140b-5762-5566-93e4-3ca977a39aea,GHA,7580201QT-02,7580201QT-02,Kỹ thuật xây dựng (Chương trình chất lượng cao Vật liệu và Công nghệ Xây dựng Việt – Pháp),tuyensinh247,330,true
c4bf0b42-3465-5cc3-84b7-204d2a6b6528,GHA,7580202,7580202,Kỹ thuật xây dựng công trình thủy,tuyensinh247,330,true
561decfd-a83e-5790-94fc-99f06547024a,GHA,7580205,7580205,Kỹ thuật xây dựng công trình giao thông,tuyensinh247,330,true
e9ea7d8a-ef9b-5e0c-9b32-ffedaafddca1,GHA,7580205,7580205 DS,Kỹ thuật xây dựng công trình giao thông (chuyên ngành đường sắt tốc độ cao),tuyensinh247,330,true
10a43f9c-c208-5f4e-a9e3-9841aae1ceda,GHA,7580205,7580205 LK,"Chương trình liên kết quốc tế Công nghệ Cầu - Đường sắt tốc độ cao (Đại học Dongyang - Hàn Quốc cấp bằng, học bằng tiếng Anh và tiếng Hàn Quốc)",tuyensinh247,330,true
fb288832-12bc-5d46-9210-a14307c3700d,GHA,7580205,7580205 QT,"Kỹ thuật xây dựng công trình giao thông (gồm các Chương trình chất lượng cao: Cầu • Đường bộ Việt • Pháp, Cầu - Đường bộ Việt - Anh, Công trình giao thông đô thị Việt -Nhật)",tuyensinh247,330,true
dff47227-d526-5c1a-b2b9-c4575937459f,GHA,7580205,7580205 QT1,Kỹ thuật xây dựng công trình giao thông (Chương trình CLC Cầu-Đường bộ Việt-Pháp),tuyensinh247,330,true
9dd20490-30b9-5dbd-849c-2f0314614aa4,GHA,7580205,7580205 QT2,Kỹ thuật xây dựng công trình giao thông (Chương trình CLC Cầu-Đường bộ Việt-Anh),tuyensinh247,330,true
e6b25f31-99ce-5d68-8825-1010573b95ff,GHA,7580205,7580205 QT3,Kỹ thuật xây dựng công trình giao thông (Chương trình CLC Công trình giao thông đô thị Việt-Nhật),tuyensinh247,330,true
8520622f-9da9-5ce9-8b30-9bba9d518559,GHA,7580205QT,7580205QT,"Kỹ thuật xây dựng công trình giao thông (gồm 3 chương trình chất lượng cao: Cầu - Đường bộ Việt - Pháp, Cầu - Đường bộ Việt - Anh, Công trình Giao thông đô thị Việt - Nhật)",tuyensinh247,330,true
ccdbe524-a56f-5c7f-9ec6-27ea1cf2ed40,GHA,7580210,7580210,Kỹ thuật cơ sở hạ tầng,tuyensinh247,330,true
de439992-b828-5347-a483-5af44f28f02c,GHA,7510104,7580215,Kỹ thuật an toàn giao thông (Ngành tuyển sinh các năm trước: Công nghệ kỹ thuật giao thông - Chuyên ngành: Kỹ thuật an toàn giao thông),tuyensinh247,330,true
41773888-13cb-5403-bf9c-d9eb0c6f021f,GHA,7580301,7580301,Kinh tế xây dựng,tuyensinh247,330,true
2b495c0c-7bfb-5812-9b02-ebfc03dd5249,GHA,7580301,7580301 QT,Kinh tế xây dựng (Chương trình CLC Kinh tế xây dựng công trình GT Việt-Anh),tuyensinh247,330,true
ce002e19-962a-5a84-b92e-cfaee74e8010,GHA,7580301QT,7580301QT,Kinh tế xây dựng (Chương trình chất lượng cao Kinh tế xây dựng công trình Giao thông Việt - Anh),tuyensinh247,330,true
a441b886-b8eb-5f46-9005-44b89a10a6f5,GHA,7580302,7580302,Quản lý xây dựng,tuyensinh247,330,true
1405ee31-04cd-51a7-b70f-cfd496384d01,GHA,7580302,7580302 LK,"Chương trình liên kết quốc tế Ngành Quản lý xây dựng (Đại học Bedfordshire -Vương Quốc Anh cấp bằng, Học hoàn toàn bằng tiếng Anh)",tuyensinh247,330,true
8408b11f-7d2a-52ae-82a3-473e9d267516,GHA,7580302,7580302 QT,Quản lý xây dựng (Chương trình chất lượng cao Quản lý xây dựng Việt - Anh),tuyensinh247,330,true
1ca15617-05d8-5b8e-a45d-d453e2a89e25,GHA,7580302LK,7580302LK,Chương trình liên kết quốc tế Ngành Quản lý xây dựng (Đại học Bedfordshire - nước Anh cấp bằng),tuyensinh247,330,true
8134198d-88b2-5be7-a661-02fd32b040f4,GHA,7580302QT,7580302QT,Quản lý xây dựng (Chương trình chất lượng cao Quản lý xây dựng Việt - Anh),tuyensinh247,330,true
1f43bb93-f6c7-599c-8a18-62326fbe83fe,GHA,7810103,7810103,Quản trị dịch vụ du lịch và lữ hành,tuyensinh247,330,true
e3bc4a70-157a-594c-a4db-7ba359346d4d,GHA,7840101,7840101,Khai thác vận tải,tuyensinh247,330,true
86d8d43c-784f-581b-ab83-a80f0606ef5a,GHA,7840101,7840101 DS,"Khai thác vận tải (chuyên ngành Khai thác và quản lý đường sắt tốc độ cao, Khai thác và quản lý đường sắt đô thị)",tuyensinh247,330,true
a2257429-4149-5e28-b0ef-6d342b20bf49,GHA,7840104,7840104,Kinh tế vận tải,tuyensinh247,330,true
2d0a387a-fe48-5aca-8870-86a573611d07,GNT,7140221,7140221,Sư phạm Âm nhạc,tuyensinh247,417,true
181b93fd-d31e-5f9b-b055-d6a73f615a41,GNT,7140222,7140222,Sư phạm Mỹ thuật,tuyensinh247,417,true
5b48eb1b-1b15-5c1d-8084-1241c563d71e,GNT,7210103,7210103,Hội họa,tuyensinh247,417,true
e89737d3-ba83-587c-92a9-2c19f25bdafc,GNT,7210205,7210205,Thanh nhạc,tuyensinh247,417,true
0b86eaca-d440-5337-a917-2f88eb33f134,GNT,7210208,7210208,Piano,tuyensinh247,417,true
5ebe1371-7bcf-5c39-8583-4b2477564bf4,GNT,7210234,7210234,Diễn viên Kịch + Điện ảnh,tuyensinh247,417,true
45e56c72-c6a7-52c4-8f75-ffbba92f2f8b,GNT,7210403,7210403,Thiết kế đồ họa,tuyensinh247,417,true
4eb993a3-b4fe-5d60-9b62-184012b8869c,GNT,7210404,7210404,Thiết kế Thời trang,tuyensinh247,417,true
6091a5c9-40c0-57e2-93f7-e171f65dce0f,GNT,7229042,7229042,Quản lý văn hóa,tuyensinh247,417,true
50f46c44-421a-5186-a36b-610d0252221f,GNT,7540204,7540204,Công nghệ may,tuyensinh247,417,true
c6e377ae-fd2e-516b-8a05-ea278ff53790,GNT,7760101,7760101,Công tác xã hội,tuyensinh247,417,true
c60d4bb0-155e-5851-87b4-36c5ef701b83,GNT,7810101,7810101,Du lịch,tuyensinh247,417,true
a48a5769-7b2d-5c62-a542-5184e4653767,GTA,7340101,7340101,Quản trị kinh doanh,tuyensinh247,58,true
019decc7-8c4e-5e53-9095-0e7687af1fdc,GTA,7340122,7340122,Thương mại điện tử,tuyensinh247,58,true
648522ed-bf40-5fb8-82e7-51dcac6bfaaa,GTA,7340201,7340201,Tài chính - Ngân hàng,tuyensinh247,58,true
da5d36a1-9342-50b7-89f0-86843198ab38,GTA,7340301,7340301,Kế toán,tuyensinh247,58,true
21dd40cb-dce8-5d3b-bf7c-4b261aedf63d,GTA,7340301TN,7340301TN,Kế toán doanh nghiệp (TN),tuyensinh247,58,true
4e627c1b-c33f-59aa-906a-687fe0598896,GTA,7340301VP,7340301VP,Kế toán (học tại cơ sở VP),tuyensinh247,58,true
ada90069-f44a-50d8-93d5-e07825a2d398,GTA,7480102,7480102,Mạng máy tính và truyền thông dữ liệu,tuyensinh247,58,true
7b824af1-c299-5ec0-b1fc-a65c56998763,GTA,7480104,7480104,Hệ thống thông tin,tuyensinh247,58,true
b7e5e2a2-4c79-5656-85e8-f5af79db4e9d,GTA,7480201,7480201,Công nghệ thông tin,tuyensinh247,58,true
cad7b72c-043d-58c2-81e7-4d0b47caa773,GTA,7480201TN,7480201TN,Công nghệ thông tin (TN),tuyensinh247,58,true
1fa9c35d-723a-5dd6-95a3-d5449fec4fe8,GTA,7480201VP,7480201VP,Công nghệ thông tin (học tại cơ sở VP),tuyensinh247,58,true
60f80126-1533-5f50-9bc7-79e3bb64d0c7,GTA,7510102,7510102,Công nghệ kỹ thuật Công trình xây dựng,tuyensinh247,58,true
7f0e081d-66c2-5bd4-8dac-7ab19979e589,GTA,7510102TN,7510102TN,CNKT Công trình xây dựng (học tại cơ sở TN),tuyensinh247,58,true
17a9c2db-f82e-513c-bf1b-f3d81c73b2b3,GTA,7510102VP,7510102VP,CNKT Công trình xây dựng (học tại cơ sở VP),tuyensinh247,58,true
ecdadb75-656e-5f3a-82d2-b9cc897e78db,GTA,7510104,7510104,Công nghệ kỹ thuật Giao thông,tuyensinh247,58,true
8d5629be-502a-530f-8487-1d25984e8b1b,GTA,7510104TN,7510104TN,CNKT Giao thông (học tại cơ sở TN),tuyensinh247,58,true
a1f0436e-cbff-5920-ad4d-96df2c476bf4,GTA,7510104VP,7510104VP,CNKT Giao thông (học tại cơ sở VP),tuyensinh247,58,true
4df838ab-46b0-5a31-bb54-975b474d500b,GTA,7510201,7510201,Công nghệ kỹ thuật Cơ khí,tuyensinh247,58,true
fc87ccdd-584c-5962-a494-6cdfc7f34d0b,GTA,7510203,7510203,Công nghệ kỹ thuật Cơ - điện tử,tuyensinh247,58,true
daca1299-370f-5348-9c2a-8726c470f5ba,GTA,7510205,7510205,Công nghệ kỹ thuật Ô tô,tuyensinh247,58,true
76428532-5429-509d-8401-b970bdbb7106,GTA,7510205TN,7510205TN,CNKT Ô tô (học tại cơ sở TN),tuyensinh247,58,true
0ac92182-f0a6-593f-aa98-6f4dc5122eb3,GTA,7510205VP,7510205VP,CNKT Ô tô (học tại cơ sở VP),tuyensinh247,58,true
079e72ce-7b40-5f06-bb62-7fcf5c266f11,GTA,7510302,7510302,Công nghệ kỹ thuật Điện tử - viễn thông,tuyensinh247,58,true
a85ad61e-aa28-5c7f-b6c1-d98fe22dfb11,GTA,7510302VP,7510302VP,CNKT Điện tử - viễn thông (học tại cơ sở VP),tuyensinh247,58,true
f85cda20-9e1f-50b0-827e-20b221b18d6b,GTA,7510406,7510406,Công nghệ kỹ thuật Môi trường,tuyensinh247,58,true
1553cbb2-9a03-5a56-97d0-24b746191739,GTA,7510605,7510605,Logistics và quản lý chuỗi cung ứng,tuyensinh247,58,true
d6ed32fe-1570-5ad7-a3fc-d5fa85694b28,GTA,7510605VP,7510605VP,Logistics và quản lý chuỗi cung ứng (học tại cơ sở VP),tuyensinh247,58,true
3f8ff1bf-53e4-5193-83a4-77b1ce18b46d,GTA,7580301,7580301,Kinh tế xây dựng,tuyensinh247,58,true
daeab3e2-8098-5132-9e41-1e1a1df7e8a2,GTA,7580301TN,7580301TN,Kinh tế xây dựng (TN),tuyensinh247,58,true
41d9f665-66eb-5058-a89b-7a8c1e344593,GTA,7580301VP,7580301VP,Kinh tế xây dựng (học tại cơ sở VP),tuyensinh247,58,true
e206063d-8b26-52e3-bb1c-0f742b8aa809,GTA,7840101,7840101,Khai thác vận tải,tuyensinh247,58,true
421efbc5-c702-5ad8-8e82-cc67f813f6c2,GTA,7840101TN,7840101TN,Khai thác vận tải (TN),tuyensinh247,58,true
6669d4ad-85e6-56ad-8b8c-5be0334938ad,GTA,GTADATT2,GTADATT2,Công nghệ thông tin (tăng cường tiếng Anh),tuyensinh247,58,true
3be527f7-9316-5fb5-8cd6-b95bf3880324,GTA,GTADCAT2,GTADCAT2,An toàn dữ liệu và an ninh mạng,tuyensinh247,58,true
dd4b4aae-485b-54a3-beee-d36271664f08,GTA,GTADCBC2,GTADCBC2,Quản lý; khai thác và bảo trì đường cao tốc,tuyensinh247,58,true
6ca62e44-53b1-5cd6-b34b-2ee9f192fd49,GTA,GTADCBG2,GTADCBG2,"Quản lý, khai thác và bảo trì đường cao tốc",tuyensinh247,58,true
17664dc5-5158-55b8-9909-b8d4ebbf5bdf,GTA,GTADCBI2,GTADCBI2,Mô hình thông tin công trình giao thông (BIM),tuyensinh247,58,true
169cc48a-eb6e-5208-929b-ee49f318d0eb,GTA,GTADCBM2,GTADCBM2,Mô hình thông tin công trình (BIM) trong dự án HTGT,tuyensinh247,58,true
479b421b-ceca-53d9-8485-873537d3c35c,GTA,GTADCCD1,GTADCCD1,CNKT Cầu đường bộ (học tại Vĩnh Phúc),tuyensinh247,58,true
622c6b9b-c30a-5a88-9538-8c48bf058024,GTA,GTADCCD2,GTADCCD2,Công nghệ kỹ thuật XD Cầu đường bộ,tuyensinh247,58,true
3d5d8b11-9764-54cc-8887-fd3016016a0e,GTA,GTADCCD3,GTADCCD3,CNKT XD Cầu đường bộ (học tại Thái Nguyên),tuyensinh247,58,true
269bfcca-5328-5ea6-865b-1c03f2f40c25,GTA,GTADCCDD2,GTADCCDD2,Công nghệ kỹ thuật xây dựng cầu đường bộ (hợp tác doanh nghiệp),tuyensinh247,58,true
12828627-5064-54c5-aa7e-5ed3f0875733,GTA,GTADCCDJ2,GTADCCDJ2,Công nghệ kỹ thuật xây dựng Cầu đường bộ (tăng cường tiếng Nhật; định hướng làm việc tại Nhật Bản),tuyensinh247,58,true
a8493bcf-c425-5eb7-b1f1-59e425b538ee,GTA,GTADCCH2,GTADCCH2,Hạ tầng giao thông đô thị thông minh,tuyensinh247,58,true
e2c24de7-486d-54bc-960d-1abee4a987dd,GTA,GTADCCI2,GTADCCI2,Thương mại quốc tế,tuyensinh247,58,true
0a8cd096-7c44-5dff-952d-04f7f4506fac,GTA,GTADCCK2,GTADCCK2,Công nghệ kỹ thuật Cơ khí,tuyensinh247,58,true
3cef60cd-fba8-56e4-bc27-45252bbb9392,GTA,GTADCCM1,GTADCCM1,Công nghệ chế tạo máy (học tại Vĩnh Phúc),tuyensinh247,58,true
3c8452c1-d0a7-58ff-b12f-f3ab3c9ee304,GTA,GTADCCM2,GTADCCM2,Công nghệ chế tạo máy,tuyensinh247,58,true
bed76b5b-92ee-5b61-9922-6875c689f6bc,GTA,GTADCCMJ2,GTADCCMJ2,Công nghệ chế tạo máy (tăng cường tiếng Nhật; định hướng làm việc tại Nhật Bản),tuyensinh247,58,true
c5cc058a-7762-5a52-b711-03935cae655f,GTA,GTADCCN2,GTADCCN2,Công nghệ kỹ thuật cơ điện tử,tuyensinh247,58,true
93c88fe3-839e-5452-b6d6-e7eb82928a0a,GTA,GTADCCO2,GTADCCO2,Công nghệ kỹ thuật cơ điện tử trên ô tô,tuyensinh247,58,true
eed15b88-7d2a-5eea-bd46-70372a6232af,GTA,GTADCCS2,GTADCCS2,CNKT xây dựng Đường sắt - Metro,tuyensinh247,58,true
ecac25d5-daed-523d-8566-de13c343079f,GTA,GTADCDD1,GTADCDD1,Công nghệ kỹ thuật XDCT DD&CN (học tại Vĩnh Phúc),tuyensinh247,58,true
641b2aaf-6935-500c-b647-8c11cb33e021,GTA,GTADCDD2,GTADCDD2,CNKT công trình xây dựng dân dụng và công nghiệp,tuyensinh247,58,true
5101eb01-7bb5-5ecb-95e2-7f6d9a3a3740,GTA,GTADCDD3,GTADCDD3,Công nghệ kỹ thuật XDCT DD&CN (học tại Thái Nguyên),tuyensinh247,58,true
044fc9da-e72a-50d8-89df-8538994e5877,GTA,GTADCDM2,GTADCDM2,CNKT cơ khí đầu máy - toa xe và tàu điện Metro,tuyensinh247,58,true
0f2217c3-ec61-5b13-b78d-a551d421172d,GTA,GTADCDS2,GTADCDS2,Xây dựng Cầu – đường sắt,tuyensinh247,58,true
f048d6f4-b752-5996-b970-6a81c85609e6,GTA,GTADCDT1,GTADCDT1,CNKT Điện tử - viễn thông (học tại Vĩnh Phúc),tuyensinh247,58,true
89d380d6-27ec-5e1e-ab34-76f53510332e,GTA,GTADCDT2,GTADCDT2,Công nghệ kỹ thuật điện tử - viễn thông,tuyensinh247,58,true
2a81a1b5-2335-50b8-98b5-b570a440ce59,GTA,GTADCDTJ2,GTADCDTJ2,Công nghệ kỹ thuật Điện tử - Viễn thông (tăng cường tiếng Nhật; định hướng làm việc tại Nhật Bản),tuyensinh247,58,true
f6628953-cbe2-55df-8697-56074bd61e00,GTA,GTADCDX2,GTADCDX2,CNKT công trình XD dân dụng và công nghiệp,tuyensinh247,58,true
e18639e3-90db-505e-bd13-61ae37554c58,GTA,GTADCEN2,GTADCEN2,Ngôn ngữ Anh,tuyensinh247,58,true
a9114695-7b7d-546d-93cc-d4b6daaf6abd,GTA,GTADCFT2,GTADCFT2,Công nghệ tài chính,tuyensinh247,58,true
6d0d1021-97c1-5d00-9997-86fdd641c488,GTA,GTADCGO2,GTADCGO2,Công nghệ kỹ thuật ô tô và giao thông thông minh,tuyensinh247,58,true
c61b81ae-3e29-53ed-8a39-812db313cefa,GTA,GTADCH2,GTADCH2,Hải quan và Logistics,tuyensinh247,58,true
abf48c31-8f12-5c29-b859-99561128a2b6,GTA,GTADCHL2,GTADCHL2,Hải quan và Logistics,tuyensinh247,58,true
509c78d2-6eca-564e-a02a-091296a94674,GTA,GTADCHQ2,GTADCHQ2,Hải quan và Logistics,tuyensinh247,58,true
1bb3e1b1-abdf-580e-b716-094334414c76,GTA,GTADCHS2,GTADCHS2,Đường sắt tốc độ cao,tuyensinh247,58,true
6d591162-bd8c-51ef-ae66-5689ffab8011,GTA,GTADCHSA2,GTADCHSA2,Đường sắt tốc độ cao (công nghệ Hàn Quốc; tăng cường tiếng Anh),tuyensinh247,58,true
c164fc3d-e104-557d-ad04-6a82033cc997,GTA,GTADCHT2,GTADCHT2,Hệ thống thông tin,tuyensinh247,58,true
3f854ef1-2fdc-50df-a9e5-31dc5bf29329,GTA,GTADCIT2,GTADCIT2,Công nghệ thông tin (tăng cường tiếng Anh),tuyensinh247,58,true
fa55f2e7-df22-5952-a60a-269b638d60f1,GTA,GTADCKB2,GTADCKB2,Kinh tế và quản lý bất động sản,tuyensinh247,58,true
6c11c3e3-cc80-5c80-8155-79f5b0fc291d,GTA,GTADCKN2,GTADCKN2,Kiến trúc nội thất,tuyensinh247,58,true
4a646d29-0cb9-5f31-8f89-992a487d7c59,GTA,GTADCKQ2,GTADCKQ2,Xây dựng và quản lý hạ tầng đô thị,tuyensinh247,58,true
3b4215eb-7eae-578c-aebf-cfecc13215e4,GTA,GTADCKQA2,GTADCKQA2,Kinh doanh quốc tế (tăng cường tiếng Anh),tuyensinh247,58,true
534b2560-67d4-5c27-9b3c-4fe8e2f9e2fc,GTA,GTADCKS2,GTADCKS2,Kinh doanh số,tuyensinh247,58,true
cce98bf3-9d22-59a1-bcd8-e385536526e9,GTA,GTADCKT1,GTADCKT1,Kế toán doanh nghiệp (học tại Vĩnh Phúc),tuyensinh247,58,true
61bf0e57-0d0d-501e-a702-884ae36f65e3,GTA,GTADCKT2,GTADCKT2,Kế toán doanh nghiệp,tuyensinh247,58,true
5d3ac98f-a2db-543f-a92e-fead229430cb,GTA,GTADCKT21,GTADCKT21,Kế toán doanh nghiệp,tuyensinh247,58,true
d6a96779-a515-572b-8db6-1d6942044bb2,GTA,GTADCKT3,GTADCKT3,Kế toán doanh nghiệp (học tại Thái Nguyên),tuyensinh247,58,true
1999270e-891b-5629-a48b-4835191cf7fa,GTA,GTADCKTI,GTADCKTI,Kế toán doanh nghiệp,tuyensinh247,58,true
2740d553-23d7-5d11-81be-97192aaeb3c4,GTA,GTADCKX1,GTADCKX1,Kinh tế xây dựng (học tại Vĩnh Phúc),tuyensinh247,58,true
a876da04-6b77-5812-83d4-8332a142ae3a,GTA,GTADCKX2,GTADCKX2,Kinh tế xây dựng,tuyensinh247,58,true
e0f849f9-0381-5f3a-a243-fe03855f415e,GTA,GTADCKX3,GTADCKX3,Kinh tế xây dựng (học tại Thái Nguyên),tuyensinh247,58,true
9b14d596-78a4-5486-9fd1-3a69042850b7,GTA,GTADCLA2,GTADCLA2,Luật,tuyensinh247,58,true
2a1b67ce-3e3c-557d-8635-8c154a7f0396,GTA,GTADCLD2,GTADCLD2,Lữ hành và du lịch,tuyensinh247,58,true
59b252f3-2662-5944-a32f-21ea4fd66749,GTA,GTADCLDA2,GTADCLDA2,Lữ hành và du lịch (tăng cường tiếng Anh),tuyensinh247,58,true
ef11c1a8-dac4-53eb-85e0-1235dd3d661d,GTA,GTADCLG1,GTADCLG1,Logistics và quản lý chuỗi cung ứng (học tại Vĩnh Phúc),tuyensinh247,58,true
0a9ce597-0a23-5492-8209-479a484fed03,GTA,GTADCLG2,GTADCLG2,Logistics và quản lý chuỗi cung ứng,tuyensinh247,58,true
e117e6f6-bdd2-5c1d-b0c8-48d64c860c56,GTA,GTADCLGA2,GTADCLGA2,Logistics và quản lý chuỗi cung ứng (tăng cường tiếng Anh),tuyensinh247,58,true
6bfeb772-88f0-5d23-9b91-63c8811e0772,GTA,GTADCLGJ2,GTADCLGJ2,Logistics và quản lý chuỗi cung ứng (tăng cường tiếng Nhật; định hướng làm việc tại Nhật Bản),tuyensinh247,58,true
7a750216-2ffd-5a39-8f03-f7da1b0f6785,GTA,GTADCLH2,GTADCLH2,Logistics và hạ tầng giao thông,tuyensinh247,58,true
0c2aa430-2dbf-58b0-9673-2ed6c0bdecc8,GTA,GTADCLHA2,GTADCLHA2,Hải quan và Logistics (tăng cường tiếng Anh),tuyensinh247,58,true
25e9fc9f-14cb-5703-8f87-6eab3df849ce,GTA,GTADCMN2,GTADCMN2,Công nghệ và quản lý môi trường,tuyensinh247,58,true
1b301725-4909-52f8-b360-c6f7b44f1588,GTA,GTADCMT2,GTADCMT2,CNKT cơ khí tàu thủy và công trình nổi,tuyensinh247,58,true
b994bf6f-e572-56e5-a3c6-5c843e97c629,GTA,GTADCMX2,GTADCMX2,Máy và thiết bị tự động hóa xây dựng,tuyensinh247,58,true
369277fd-9cd6-53a9-9481-0b7bfce3a0ca,GTA,GTADCOD2,GTADCOD2,Cơ điện tử ô tô,tuyensinh247,58,true
e81ad923-5ffd-53f0-a55f-99f599904e39,GTA,GTADCODA2,GTADCODA2,Cơ điện tử·ô tô (tăng cường tiếng Anh),tuyensinh247,58,true
9e53ac27-d665-5097-afd0-926ae900de0f,GTA,GTADCOG2,GTADCOG2,Công nghệ ô tô và giao thông thông minh,tuyensinh247,58,true
08e0c217-f5e9-5d22-a943-63b724ea1724,GTA,GTADCOH2,GTADCOH2,Công nghệ ô tô điện và ô tô hybrid,tuyensinh247,58,true
ea16e893-1860-5cf9-9b9c-ca4d5d1ec8ed,GTA,GTADCOT1,GTADCOT1,Công nghệ kỹ thuật Ô tô (học tại Vĩnh Phúc),tuyensinh247,58,true
9997a161-eb9e-54b5-82cd-b572fe56234a,GTA,GTADCOT2,GTADCOT2,Công nghệ kỹ thuật Ô tô,tuyensinh247,58,true
16a2f1c3-21e4-56e1-877b-d0c2c9211f71,GTA,GTADCOT3,GTADCOT3,Công nghệ kỹ thuật Ô tô (học tại Thái Nguyên),tuyensinh247,58,true
857f90f4-06d4-5fc8-9de9-fa20121cb6ae,GTA,GTADCOTI,GTADCOTI,Công nghệ kỹ thuật Ô tô,tuyensinh247,58,true
335a16c8-7612-5d9a-8aa1-552c52ada9cd,GTA,GTADCQM2,GTADCQM2,Quản trị Marketing,tuyensinh247,58,true
e3d550ec-f972-547f-89e1-eb896d2a1a2b,GTA,GTADCQMA2,GTADCQMA2,Quản trị Marketing (tăng cường tiếng Anh),tuyensinh247,58,true
31370017-619f-5396-871f-03e56089ffd9,GTA,GTADCQT2,GTADCQT2,Quản trị doanh nghiệp,tuyensinh247,58,true
e65f50e1-705d-5dfa-92b0-b2fcbda5290c,GTA,GTADCQX2,GTADCQX2,Quản lý xây dựng,tuyensinh247,58,true
770a0765-8e2d-5564-bc8c-2bdcd8297142,GTA,GTADCQXD2,GTADCQXD2,Quản lý xây dựng (hợp tác doanh nghiệp),tuyensinh247,58,true
2421980b-bbef-5db8-a697-94d87ff50702,GTA,GTADCRT2,GTADCRT2,Công nghệ kỹ thuật Robot và Trí tuệ nhân tạo,tuyensinh247,58,true
28b57142-70ea-593b-8de4-b420b75207f7,GTA,GTADCSS2,GTADCSS2,Xây dựng Cầu - Đường sắt,tuyensinh247,58,true
e8ba6852-0ccc-5730-afb8-a6c072294efa,GTA,GTADCTD2,GTADCTD2,Thương mại điện tử,tuyensinh247,58,true
2098b4e4-b621-56f0-bc23-fea3a9ef41af,GTA,GTADCTDA2,GTADCTDA2,Thương mại điện tử (tăng cường tiếng Anh),tuyensinh247,58,true
c9bb775a-9fd3-59dc-a588-d5acff8bcb71,GTA,GTADCTG2,GTADCTG2,Trí tuệ nhân tạo và giao thông thông minh,tuyensinh247,58,true
ceb8f219-5d2c-5d36-bb77-e86e416f0bf3,GTA,GTADCTGA2,GTADCTGA2,Trí tuệ nhân tạo và giao thông thông minh (tăng cường tiếng Anh),tuyensinh247,58,true
68229cb2-f994-5956-bfa5-c243cae6bd77,GTA,GTADCTM2,GTADCTM2,Mạng máy tính và truyền thông dữ liệu,tuyensinh247,58,true
6da9d700-0cff-5cae-b187-c511f2b101df,GTA,GTADCTN2,GTADCTN2,Tài chính doanh nghiệp,tuyensinh247,58,true
4a696819-9af0-5ff0-9eb2-52f2454fc22c,GTA,GTADCTQ2,GTADCTQ2,Thanh tra và quản lý công trình giao thông,tuyensinh247,58,true
23e7efeb-2cdd-584c-9fdd-40a889253642,GTA,GTADCTT1,GTADCTT1,Công nghệ thông tin (học tại Vĩnh Phúc),tuyensinh247,58,true
8a9fb3a9-7d46-581e-9186-4101ea7fd0d7,GTA,GTADCTT2,GTADCTT2,Công nghệ thông tin,tuyensinh247,58,true
2874afa3-55be-5212-8c0a-989f5e807cd8,GTA,GTADCTTA2,GTADCTTA2,Công nghệ thông tin (tăng cường tiếng Anh),tuyensinh247,58,true
68f95ae3-0717-54cb-bace-5a531755dcd7,GTA,GTADCTTI,GTADCTTI,Công nghệ thông tin,tuyensinh247,58,true
9d2c28eb-2f68-5ce8-aa52-c3de688997f3,GTA,GTADCVL2,GTADCVL2,Logistics và vận tải đa phương thức,tuyensinh247,58,true
513f95b7-06d3-5f54-853e-52d56d6f3709,GTA,GTADCVM2,GTADCVM2,Công nghệ kỹ thuật vi mạch bán dẫn,tuyensinh247,58,true
adee1c74-a0f0-593a-a5ae-081800241cc3,GTA,GTADCVS2,GTADCVS2,Quản lý và điều hành vận tải đường sắt,tuyensinh247,58,true
1c6117bf-b970-5d72-b879-aac9112c034d,GTA,GTADCVV2,GTADCVV2,Kỹ thuật vi điện tử và vật lý bán dẫn,tuyensinh247,58,true
3d5679a0-9569-57a3-a4e2-d8082ff100a3,GTA,GTADCXQ2,GTADCXQ2,Xây dựng và quản lý hạ tầng đô thị,tuyensinh247,58,true
fb26907b-d236-56d2-94fe-f3ebd48e3a64,GTA,GTADKLG2,GTADKLG2,Logistics (Trường Đại học Tongmyong - Hàn Quốc cấp bằng),tuyensinh247,58,true
8c1547c5-191f-5139-9560-abb8ee93727c,GTA,GTADKTT2,GTADKTT2,Công nghệ thông tin (ĐH Công nghệ thông tin và quản lý Ba Lan- UITM cấp bằng),tuyensinh247,58,true
a9a925dd-7a6e-56bd-89d3-e05aed3a8d4a,GTA,GTADNCD2,GTADNCD2,"Công nghệ kỹ thuật xây dựng Cầu đường bộ (tăng cường tiếng Nhật, định hướng thực tập và làm việc tại Nhật Bản)",tuyensinh247,58,true
eb3bb9c6-b218-5dc2-b397-57632706895a,GTA,GTADNDT2,GTADNDT2,"Công nghệ kỹ thuật Điện tử - Viễn thông (tăng cường tiếng Nhật, định hướng thực tập và làm việc tại Nhật Bản)",tuyensinh247,58,true
760f1f63-1a15-5be2-8b36-cdad4648ef5c,GTA,GTADNLG2,GTADNLG2,"Logistics và quản lý chuỗi cung ứng (tăng cường tiếng Nhật, định hướng thực tập và làm việc tại Nhật Bản)",tuyensinh247,58,true
e3bf8b85-0cec-570a-8608-5212214b8624,HBT,522,522,"Xây dựng Đảng và Chính quyền nhà nước, chuyên ngành Công tác tổ chức",tuyensinh247,224,true
437c66f9-e9b1-5eaa-b998-20dfac264593,HBT,523,523,"Xây dựng Đảng và Chính quyền nhà nước, chuyên ngành Công tác dân vận",tuyensinh247,224,true
dbe6e35c-3f8b-5add-b507-d070f104051b,HBT,527,527,"Kinh tế, chuyên ngành Quản lý kinh tế",tuyensinh247,224,true
878808c2-9948-5cba-86bb-b25779ca17df,HBT,527,"527, 527M","Kinh tế, chuyên ngành Quản lý Kinh tế",tuyensinh247,224,true
8a63d0a0-9114-5a9f-98ec-502b18e9a73d,HBT,528,528,"Kinh tế, chuyên ngành Kinh tế và Quản lý (chất lượng cao)",tuyensinh247,224,true
a8719837-b814-5bf8-a8cf-9379821be2ee,HBT,528,"528, 528M","Kinh tế, chuyên ngành Kinh tế và Quản lý (chất lượng cao)",tuyensinh247,224,true
019d6d39-bd9a-5ebb-afb0-03a297c06fd9,HBT,529,529,"Kinh tế, chuyên ngành Kinh tế và Quản lý",tuyensinh247,224,true
2516bd17-dfa2-5363-857f-39731270e9e8,HBT,529,"529, 529M","Kinh tế, chuyên ngành Kinh tế và Quản lý",tuyensinh247,224,true
d6e690ba-6483-5bbb-8d3e-679b56636503,HBT,530,530,"Chính trị học, chuyên ngành Công tác tư tưởng - văn hóa",tuyensinh247,224,true
cdcf3692-075c-5c9a-b015-ccfd4fcfe405,HBT,530,"530, 530M","Chính trị học, chuyên ngành Quản lý hoạt động tư tưởng - văn hóa",tuyensinh247,224,true
dd637640-fc06-5d7b-aeff-dbe486630c8a,HBT,531,531,"Chính tri học, chuyên ngành Chính trị phát triển",tuyensinh247,224,true
a860aeab-61c3-5761-a246-04a581910962,HBT,531,"531, 531M","Chính trị học, chuyên ngành Chính trị phát triển",tuyensinh247,224,true
737937ba-7b56-5c68-b698-f3bed798d4b9,HBT,532,532,Quản lý nhà nước,tuyensinh247,224,true
a960bd9d-0599-5219-8505-6d6500ed7ce1,HBT,532,"532, 532M","Quản lý nhà nước, chuyên ngành Quản lý xã hội",tuyensinh247,224,true
21b3fdd9-9582-5b3b-a01f-7d429cceb739,HBT,533,533,"Chính trị học, chuyên ngành Tư tưởng Hồ Chí Minh",tuyensinh247,224,true
5c8e2e53-b22d-506c-a913-8d220f5484b3,HBT,533,"533, 533M","Chính trị học, chuyên ngành Tư tưởng Hồ Chí Minh",tuyensinh247,224,true
dc46cd59-034a-510e-83a0-36a38197b9ca,HBT,535,535,"Chính trị học, chuyên ngành Văn hóa phát triển",tuyensinh247,224,true
c20f04e3-316c-5191-9b75-169303c263d1,HBT,535,"535, 535M","Chính trị học, chuyên ngành Văn hóa phát triển",tuyensinh247,224,true
5a2b1f95-423b-5533-835d-c33fc1ab0745,HBT,536,536,"Chính trị học, chuyên ngành Chính sách công",tuyensinh247,224,true
d4e15656-3c94-500a-b2df-8155b252d70d,HBT,536,"536, 536M","Chính trị học, chuyên ngành Chính sách công",tuyensinh247,224,true
31fa85a8-037b-5702-b712-671946de1d4f,HBT,537,537,"Quản lý nhà nước, chuyên ngành Quản lý hành chính nhà nước",tuyensinh247,224,true
675809ad-b528-5910-89d8-b5dbefc360c9,HBT,537,"537, 537M","Quản lý nhà nước, chuyên ngành Quản lý hành chính nhà nước",tuyensinh247,224,true
a4f35242-51bf-5e18-ac94-13e75534d59b,HBT,538,538,"Chính trị học, chuyên ngành Truyền thông chính sách",tuyensinh247,224,true
e69ba208-de99-5b74-b5fd-4d85b9d675bf,HBT,538,"538, 538M","Chính trị học, chuyên ngành Truyền thông chính sách",tuyensinh247,224,true
eefbc6d9-bde9-56d6-b233-1b83b2bc54fe,HBT,602,602,"Báo chí, chuyên ngành Báo in",tuyensinh247,224,true
9d8afb03-8d1f-5f3f-80b9-d65f86ae670f,HBT,602,"602, 602M","Báo chí, chuyên ngành Báo in",tuyensinh247,224,true
557b1dad-0ef2-5ad2-b07d-ff1a8bca7c16,HBT,603,603,"Báo chí, chuyên ngành Ảnh báo chí",tuyensinh247,224,true
e708c87d-0efd-595a-9952-25933f58400a,HBT,603,"603, 603M","Báo chí, chuyên ngành Ảnh báo chí",tuyensinh247,224,true
1a8f44e3-9cfe-5f78-9fdc-191d3214227b,HBT,604,604,"Báo chí, chuyên ngành Báo phát thanh",tuyensinh247,224,true
e3ee474e-c2ab-53cd-8d68-588df6eeca62,HBT,604,"604, 604M","Báo chí, chuyên ngành Báo phát thanh",tuyensinh247,224,true
fa61e0b1-8fb6-58c9-819b-34328df97930,HBT,605,605,"Báo chí, chuyên ngành Báo truyền hình",tuyensinh247,224,true
ec80d909-b08e-5cf7-8116-ca34b2da6d4c,HBT,605,"605, 605M","Báo chí, chuyên ngành Báo truyền hình",tuyensinh247,224,true
5b9b63bc-4fa9-55ce-94c8-f5d79a6ade57,HBT,606,606,"Báo chí, chuyên ngành Quay phim truyền hình",tuyensinh247,224,true
5bb863a9-3247-59a2-8201-e2095defc226,HBT,606,"606, 606M","Báo chí, chuyên ngành Quay phim truyền hình",tuyensinh247,224,true
1962a0de-2b8a-5234-be36-211054c6b9b0,HBT,607,607,"Báo chí, chuyên ngành Báo mạng điện tử",tuyensinh247,224,true
330f9bf3-c9c8-5275-a994-010af504753f,HBT,607,"607, 607M","Báo chí, chuyên ngành Báo mạng điện tử",tuyensinh247,224,true
26012650-8bc1-5bb4-8cd4-b208d745a50d,HBT,608,608,"Báo chí, chuyên ngành Báo truyền hình chất lượng cao",tuyensinh247,224,true
4d60df31-4f64-5661-a88b-fd521c67ebc7,HBT,608,"608, 608M","Báo chí, chuyên ngành Báo truyền hình (chất lượng cao)",tuyensinh247,224,true
a9b2277b-9d4e-582a-86c4-4b1f7ce73c55,HBT,609,609,"Báo chí, chuyên ngành Báo mạng điện tử chất lượng cao",tuyensinh247,224,true
e3adfb59-65c9-5bc5-91d5-9367840e526b,HBT,609,"609, 609M","Báo chí, chuyên ngành Báo mạng điện tử (chất lượng cao)",tuyensinh247,224,true
f716582e-7b11-5874-91d1-6dc049688c53,HBT,610,610,"Quan hệ quốc tế, chuyên ngành Thông tin đối ngoại",tuyensinh247,224,true
858c2b4d-df35-5468-8e98-b50260951772,HBT,610,"610, 610M","Quan hệ quốc tế, chuyên ngành Thông tin đối ngoại",tuyensinh247,224,true
b4e1aa0e-890b-5f81-9c8b-e0feb4b35f88,HBT,611,611,"Quan hệ quốc tế, chuyên ngành Quan hệ chính trị và Truyền thông quốc tế",tuyensinh247,224,true
a9b2009a-65f8-5049-817c-31b42bd1e04b,HBT,611,"611, 611M","Quan hệ quốc tế, chuyên ngành Quan hệ chính trị và Truyền thông quốc tế",tuyensinh247,224,true
42348794-013b-581d-8380-5681ed242e80,HBT,614,614,"Quan hệ quốc tế, chuyên ngành Quan hệ quốc tế và Truyền thông toàn cầu",tuyensinh247,224,true
0380153c-0c59-51bb-9a93-e9fd915412c7,HBT,614,"614, 614M","Quan hệ quốc tế, chuyên ngành Quan hệ quốc tế và Truyền thông toàn cầu (chất lượng cao)",tuyensinh247,224,true
9c8b977e-b22a-535a-a39a-e31722783b64,HBT,615,615,"Quan hệ công chúng, chuyên ngành Quan hệ công chúng chuyên nghiệp",tuyensinh247,224,true
24546a14-a6cb-5e40-9fc9-45ff41dca4e5,HBT,615,"615, 615M","Quan hệ công chúng, chuyên ngành Quan hệ công chúng chuyên nghiệp",tuyensinh247,224,true
27fb7aad-d15c-5a55-aa7a-57b7d76797fc,HBT,616,616,"Quan hệ công chúng, chuyên ngành Truyền thông marketing",tuyensinh247,224,true
705b2e2b-a49d-5d7e-9dbd-1a0201637061,HBT,616,"616, 616M","Quan hệ công chúng, chuyên ngành Truyền thông marketing (chất lượng cao)",tuyensinh247,224,true
43483b76-9c5b-5ec6-8344-266bad248d6b,HBT,7220201,7220201,Ngôn ngữ Anh,tuyensinh247,224,true
e8aea21b-4cec-5f13-b44f-205c92481a9c,HBT,7220201,"7220201, 7220201M",Ngôn ngữ Anh,tuyensinh247,224,true
2f8da6e8-f435-58e3-9799-3416597552f8,HBT,7229001,7229001,Triết học,tuyensinh247,224,true
dd883c0c-645d-5c95-9aa7-fe2ae3dd51a6,HBT,7229001,"7229001, 7229001M",Triết học,tuyensinh247,224,true
9427d170-0cf2-58ee-8024-228096977c31,HBT,7229008,7229008,Chủ nghĩa xã hội khoa học,tuyensinh247,224,true
2dde50b1-62ab-5f7d-b1c5-a823d701e101,HBT,7229008,"7229008, 7229008M",Chủ nghĩa xã hội khoa học,tuyensinh247,224,true
4cde5142-ecdd-5a6c-81f8-1d193c23f1ac,HBT,7229010,7229010,Lịch sử,tuyensinh247,224,true
6a97b3d3-b6f5-513d-81c5-a81f6ebbdd9d,HBT,7229010,"7229010, 7229010M",Lịch sử,tuyensinh247,224,true
ed198a24-7be8-575b-84d0-c41ed568bd50,HBT,7310102,7310102,Kinh tế chính trị,tuyensinh247,224,true
757fb6e1-3cc8-5d01-b0e5-a41affc14259,HBT,7310102,"7310102, 7310102M",Kinh tế chính trị,tuyensinh247,224,true
c4879f83-dcdf-52e5-9f93-50fb6e374c12,HBT,7310202,7310202,Xây dựng Đảng và chính quyền nhà nước,tuyensinh247,224,true
1063aab6-f2eb-5075-88bb-2f8197b0d811,HBT,7310202,"7310202, 7310202M",Xây dựng Đảng và chính quyền nhà nước,tuyensinh247,224,true
81b45e19-8634-59c7-a338-68b96cecb7ff,HBT,7310205,7310205,Quản lý nhà nước,tuyensinh247,224,true
a4140851-0f06-58e2-9615-963a4a05b073,HBT,7310301,7310301,Xã hội học,tuyensinh247,224,true
f4b9c337-0982-5b45-91bf-63250870d10e,HBT,7310301,"7310301, 7310301M",Xã hội học,tuyensinh247,224,true
3519a5c4-cec9-592e-8695-7fa83d4c1718,HBT,7320104,7320104,Truyền thông đa phương tiện,tuyensinh247,224,true
bb89b462-7c56-510d-96b0-c133da7dddb7,HBT,7320104,"7320104, 7320104M",Truyền thông đa phương tiện,tuyensinh247,224,true
49884a9a-8626-584b-a9b6-c1721f080047,HBT,7320105,7320105,Truyền thông đại chúng,tuyensinh247,224,true
95a0c790-1cb1-5658-9806-2dfaaa901d2b,HBT,7320105,"7320105, 7320105M",Truyền thông đại chúng,tuyensinh247,224,true
3afb6535-c0c8-51c5-bec2-bfd99e0186d3,HBT,7320107,7320107,Truyền thông quốc tế,tuyensinh247,224,true
803f4f84-a2d1-5b05-aff1-b61f1dba018e,HBT,7320107,"7320107, 7320107M",Truyền thông quốc tế,tuyensinh247,224,true
28ca1403-e5df-5eeb-98a1-73e86ca746e9,HBT,7320110,7320110,Quảng cáo,tuyensinh247,224,true
269545a4-d753-5222-a320-b22af7449180,HBT,7320110,"7320110, 7320110M",Quảng cáo,tuyensinh247,224,true
e71b60ac-4a27-5381-b342-1fbd2ce5a0cc,HBT,7340403,7340403,Quản lý công,tuyensinh247,224,true
b4b3a743-700a-5753-9822-116cbed4e5d4,HBT,7340403,"7340403, 7340403M",Quản lý công,tuyensinh247,224,true
cce686c1-1024-50e9-8787-1c7b21639aaf,HBT,7760101,7760101,Công tác xã hội,tuyensinh247,224,true
681a236c-0cfa-568d-857d-67581a16c7a1,HBT,7760101,"7760101, 7760101M",Công tác xã hội,tuyensinh247,224,true
2eec2a74-982c-572d-9131-928d55160d1f,HBT,801,801,"Xuất bản, chuyên ngành Biên tập xuất bản",tuyensinh247,224,true
04c4eb56-f0ce-5068-adc0-65021e386db7,HBT,801,"801, 801M","Xuất bản, chuyên ngành Biên tập xuất bản",tuyensinh247,224,true
e2fca70e-af72-5c64-82b9-e39fe55fce6f,HBT,802,802,"Xuất bản, chuyên ngành Xuất bản điện tử",tuyensinh247,224,true
6fbb325d-00e4-531f-86a7-a0bb0bf8cc8b,HBT,802,"802, 802M","Xuất bản, chuyên ngành Xuất bản điện tử",tuyensinh247,224,true
5ad9b500-ebbf-55b3-a2e2-3c3b066b8fe2,HCA,7310202,7310202_Nam_B,"Xây dựng Đảng và chính quyền nhà nước (Thí sinh Nam, miền Bắc)",tuyensinh247,555,true
18850f0e-a7ca-5827-8e27-06c3bb1e50c1,HCA,7310202,7310202_Nam_N,"Xây dựng Đảng và chính quyền nhà nước (Thí sinh Nam, miền Nam)",tuyensinh247,555,true
2c452b6f-0730-537d-b8ee-c5842c0bc1b3,HCA,7310202,7310202_Nu_B,"Xây dựng Đảng và chính quyền nhà nước (Thí sinh Nữ, miền Bắc)",tuyensinh247,555,true
d6cda0b1-e39b-5594-9403-786f7c85cf84,HCA,7310202,7310202_Nu_N,"Xây dựng Đảng và chính quyền nhà nước (Thí sinh Nữ, miền Nam)",tuyensinh247,555,true
c7d1e9bc-8b31-5d72-942f-1ede7a4a5521,HCP,7220201,7220201,Ngôn ngữ Anh,tuyensinh247,479,true
e5fcbaf8-e17e-509a-9695-1c5bc0206010,HCP,7310101,7310101,Kinh tế,tuyensinh247,479,true
b78b7036-1fba-5d5f-91ac-1db909a4cb14,HCP,7310105,7310105,Kinh tế phát triển,tuyensinh247,479,true
52546c13-5046-5477-8133-6402144ff96c,HCP,7310106,7310106,Kinh tế quốc tế,tuyensinh247,479,true
4c9664bc-a0a5-5de9-b309-fa4c3148be1e,HCP,7310106_1,7310106_1,Ngành Kinh tế quốc tế (Chuyên ngành Kinh tế đối ngoại chất lượng cao giảng dạy bằng Tiếng Anh),tuyensinh247,479,true
78c79f52-95fe-547b-8b64-cb317891f2ca,HCP,7310106_2,7310106_2,Ngành Kinh tế quốc tế (Chuyên ngành Kinh doanh toàn cầu),tuyensinh247,479,true
b0ce8d2d-1c5b-5622-b854-2fc9ae859eb5,HCP,7310106_CLC,7310106_CLC,Chương trình Kinh tế đối ngoại,tuyensinh247,479,true
d48131ef-0e9e-5993-b2cf-08a5051cfe19,HCP,7310109,7310109,Kinh tế số,tuyensinh247,479,true
ecc2bb4e-be7a-5cc3-afe6-7e994ff85dfa,HCP,7310112,7310112,Kinh tế số,tuyensinh247,479,true
8f8b799b-fe48-5d40-a1c9-e4b625a2865c,HCP,7310205,7310205,Quản lý nhà nước,tuyensinh247,479,true
7bf65872-f994-5fab-ac3b-4c15c3a31c17,HCP,7310206,7310206,Ngành Quản lý nhà nước,tuyensinh247,479,true
7ce76db6-d460-5735-99d5-08e89c131404,HCP,7340101,7340101,Quản trị kinh doanh,tuyensinh247,479,true
edff9706-7739-5c3f-b9a8-eca74bd1afd9,HCP,7340101_1,7340101_1,Quản trị kinh doanh chất lượng cao giảng dạy bằng Tiếng Anh,tuyensinh247,479,true
f193ff7e-db12-5a95-b17f-43bcd4a9351d,HCP,7340115_2,7340115_2,Ngành Marketing,tuyensinh247,479,true
e1a5e593-2c5a-5c4c-895d-e8ec002b60f8,HCP,7340201,7340201,Tài chính - Ngân hàng,tuyensinh247,479,true
0f9b9b49-a343-5552-87fc-16f069ddb6d2,HCP,7340201_1,7340201_1,Ngành Tài chính - Ngân hàng (Chuyên ngành Tài chính chất lượng cao giảng dạy bằng Tiếng Anh),tuyensinh247,479,true
f5ba4688-ea0e-5708-8652-888564e10698,HCP,7340201_2,7340201_2,Ngành Tài chính - Ngân hàng,tuyensinh247,479,true
de01d514-283b-577b-96ff-a35cac04f1fc,HCP,7340201_CLC,7340201_CLC,Chương trình Tài chính,tuyensinh247,479,true
58499bdc-3c2d-5f8b-b7c7-743b02ae3c8e,HCP,7340301,7340301,Kế toán,tuyensinh247,479,true
0fd58f0a-72f3-55ae-a58d-71ae4fb3275b,HCP,7380107,7380107,Luật kinh tế,tuyensinh247,479,true
f876c1e0-dd73-5239-9250-d866db7f455b,HEH,7860218,7860218,Hậu cần quân sự,tuyensinh247,236,true
30417953-b283-5afb-a4b8-d1e45f5e20a2,HEH,7860218,7860218_Nam_B,Ngành Hậu cần Quân sự,tuyensinh247,236,true
e7b7ec77-2408-512d-8467-63d3168b5671,HEH,7860218,7860218_Nam_B_A00,Ngành Hậu cần Quân sự,tuyensinh247,236,true
26aa85c3-e049-5ad2-834f-79de49c8b39d,HEH,7860218,7860218_Nam_B_A01,Ngành Hậu cần Quân sự,tuyensinh247,236,true
4bb6c6fd-b08c-5cc4-9386-6973d3f0e354,HEH,7860218,7860218_Nam_B_C01,Hậu cần quân sự (Thí sinh Nam miền Bắc),tuyensinh247,236,true
a399f37b-5f74-58b9-a6d5-41e823c3b9f5,HEH,7860218,7860218_Nam_B_X06,Hậu cần quân sự (Thí sinh Nam miền Bắc),tuyensinh247,236,true
50be13a6-cf8b-5bb9-a331-3bf3cddbde30,HEH,7860218,7860218_Nam_N,Ngành Hậu cần Quân sự,tuyensinh247,236,true
fdcb1010-11a2-5205-a1af-1f7cf4b2b8b3,HEH,7860218,7860218_Nam_N_A00,Ngành Hậu cần Quân sự,tuyensinh247,236,true
529178f1-e8aa-5b35-b248-bdb3ed94e07b,HEH,7860218,7860218_Nam_N_A01,Ngành Hậu cần Quân sự,tuyensinh247,236,true
3cf155be-fcd6-57d5-b5c9-030d339bd900,HEH,7860218,7860218_Nam_N_C01,Hậu cần quân sự (Thí sinh Nam miền Nam),tuyensinh247,236,true
1737b579-d8bf-50df-8ae4-f2c0554c49a3,HEH,7860218,7860218_Nam_N_X06,Hậu cần quân sự (Thí sinh Nam miền Nam),tuyensinh247,236,true
a4c18516-db0f-54a1-9fbb-b7348b739f6c,HEH,7860218_,7860218_Nu_B,Ngành Hậu cần Quân sự,tuyensinh247,236,true
b6ed802a-feaa-5b0b-9586-c2fb21f42b65,HEH,7860218,7860218_Nu_B_A00,Ngành Hậu cần Quân sự,tuyensinh247,236,true
4fc5ccda-ec2c-5bf3-aada-6297811d8a5a,HEH,7860218,7860218_Nu_B_A01,Ngành Hậu cần Quân sự,tuyensinh247,236,true
ed95603c-c9e5-5a30-adeb-693ed347e3fb,HEH,7860218,7860218_Nu_B_C01,Hậu cần quân sự (Thí sinh Nữ miền Bắc),tuyensinh247,236,true
e394a0d9-2d54-527e-bb96-c1ea93f3dbc5,HEH,7860218,7860218_Nu_B_X06,Hậu cần quân sự (Thí sinh Nữ miền Bắc),tuyensinh247,236,true
e02c5166-4aae-51fb-b8a9-519bfcb6b7b9,HEH,7860218,7860218_Nu_N,Ngành Hậu cần Quân sự,tuyensinh247,236,true
b6f71dfa-b3d3-5699-9411-0f95adecfb48,HEH,7860218,7860218_Nu_N_A00,Ngành Hậu cần Quân sự,tuyensinh247,236,true
1006957c-5da5-5294-98c1-fbddf33d7664,HEH,7860218,7860218_Nu_N_A01,Ngành Hậu cần Quân sự,tuyensinh247,236,true
7ec1dc5c-f3cb-53b5-8291-5c21be23c508,HEH,7860218,7860218_Nu_N_C01,Hậu cần quân sự (Thí sinh Nữ miền Nam),tuyensinh247,236,true
0fbb3277-7656-50ca-92d5-1cfd1a541c08,HEH,7860218,7860218_Nu_N_X06,Hậu cần quân sự (Thí sinh Nữ miền Nam),tuyensinh247,236,true
fef3321c-063d-52d6-8fc9-cecbbd3340ff,HGH,7860229,7860229_B,Ngành Chỉ huy Kỹ thuật hóa học,tuyensinh247,286,true
ada48377-bf5a-578b-a389-007e9fc320dc,HGH,7860229,7860229_N,Ngành Chỉ huy Kỹ thuật hóa học,tuyensinh247,286,true
89db5547-d0b7-5ec8-8a5b-c9fdc3d8ed9d,HNM,7140114,7140114,Quản lí Giáo dục,tuyensinh247,126,true
584e055a-1d60-5140-8a42-d0bc899fc956,HNM,7140201,7140201,Giáo dục Mầm non,tuyensinh247,126,true
08f9bdff-a202-53f1-a362-70fc7310c74e,HNM,7140202,7140202,Giáo dục Tiểu học,tuyensinh247,126,true
2a2e0811-95a7-5ff0-972e-a380cad50f8e,HNM,7140203,7140203,Giáo dục đặc biệt,tuyensinh247,126,true
506f0aab-0a93-505d-b707-162f2c13df79,HNM,7140204,7140204,Giáo dục công dân,tuyensinh247,126,true
dd878608-7a1b-5ccc-80f7-dd514e64b48a,HNM,7140206,7140206,Giáo dục thể chất,tuyensinh247,126,true
9a9ec3e1-eb53-57b2-b8a9-eb440ebd36c6,HNM,7140209,7140209,Sư phạm Toán học,tuyensinh247,126,true
fd775fc9-adde-5db2-b906-91e9f94134a5,HNM,7140210,7140210,Sư phạm Tin học,tuyensinh247,126,true
e3e1786c-a750-59cd-96e4-0b4013ff40f0,HNM,7140211,7140211,Sư phạm Vật lí,tuyensinh247,126,true
091c36bf-cea6-5a91-a0e3-b1f287ed7fca,HNM,7140217,7140217,Sư phạm Ngữ văn,tuyensinh247,126,true
e60eb269-666b-5e93-9744-40fda45cc73b,HNM,7140218,7140218,Sư phạm Lịch sử,tuyensinh247,126,true
d4fbc047-d718-5c2a-985f-d8cf95ba8f1f,HNM,7140231,7140231,Sư phạm Tiếng Anh,tuyensinh247,126,true
63f03773-aab8-5d68-820c-482543292439,HNM,7220201,7220201,Ngôn ngữ Anh,tuyensinh247,126,true
a80e8574-d7ca-50aa-b601-c039d455b6b1,HNM,7220204,7220204,Ngôn ngữ Trung Quốc,tuyensinh247,126,true
98992add-f1fb-5f67-86ad-28dbde40a835,HNM,7229030,7229030,Văn học,tuyensinh247,126,true
5cd0135e-0484-5611-99cd-c15616be706a,HNM,7229040,7229040,Văn hóa học,tuyensinh247,126,true
ea78b1e0-c69b-5f68-a9e7-5ff4c8130181,HNM,7310110,7310110,Quản lý kinh tế,tuyensinh247,126,true
d19707f1-1122-59af-9dba-c177a51d3d0b,HNM,7310201,7310201,Chính trị học,tuyensinh247,126,true
f5232d08-81a3-5dc1-8462-df85b284b453,HNM,7310401,7310401,Tâm lí học,tuyensinh247,126,true
a22969c8-a1e1-58b7-bdfb-9a7743225f93,HNM,7310630,7310630,Việt Nam học,tuyensinh247,126,true
fc2f7bab-8c6b-581e-a6e1-deefbaaa0e62,HNM,7340101,7340101,Quản trị kinh doanh,tuyensinh247,126,true
272faa34-b082-52da-83de-699db599bc25,HNM,7340201,7340201,Tài chính - Ngân hàng,tuyensinh247,126,true
ae54a810-7c42-59c2-831d-cedfad1a4b3c,HNM,7340403,7340403,Quản lí công,tuyensinh247,126,true
f8358bd8-6421-5a1e-a687-cc54cd48b5e5,HNM,7380101,7380101,Luật,tuyensinh247,126,true
46f61962-35fa-537c-859e-b802fe5e91ae,HNM,7460112,7460112,Toán ứng dụng,tuyensinh247,126,true
a7f8d29c-d499-53eb-84e4-d35e2f17645e,HNM,7480201,7480201,Công nghệ thông tin,tuyensinh247,126,true
26e06a8c-ee89-5113-8fcf-1836b7e53821,HNM,7510406,7510406,Công nghệ kĩ thuật môi trường,tuyensinh247,126,true
b3e3bac7-ab5e-57a2-9306-29acd2817d06,HNM,7510605,7510605,Logistics và Quản lí chuỗi cung ứng,tuyensinh247,126,true
bd7b7a90-6536-54ac-8939-7717aae00328,HNM,7760101,7760101,Công tác xã hội,tuyensinh247,126,true
9db5bbeb-2b0e-550e-baea-84eec84fc8d1,HNM,7810103,7810103,Quản trị dịch vụ du lịch và lữ hành,tuyensinh247,126,true
1d98c1f4-8d6e-51a5-9ecb-aa062e7e7caa,HNM,7810201,7810201,Quản trị khách sạn,tuyensinh247,126,true
2571cbaa-478a-51fe-bf69-9a768d2ef00c,HNM,7850201,7850201,Bảo hộ lao động,tuyensinh247,126,true
9c648106-2fa2-5d18-bb01-b119efd73344,HPN,7310101,7310101,Kinh tế,tuyensinh247,556,true
80fd8d61-a8bb-54a9-8abd-27151b13bbbc,HPN,7310109,7310109,Kinh tế số,tuyensinh247,556,true
09dff67d-8027-52b9-aae7-92e23f636c04,HPN,7310301,7310301,Xã hội học,tuyensinh247,556,true
a920d4c1-0f6d-5c22-8f02-c2baa263e855,HPN,7310399,7310399,Giới và phát triển,tuyensinh247,556,true
395aa59e-666f-5578-9c0e-999da809b3ca,HPN,7310401,7310401,Tâm lý học,tuyensinh247,556,true
abdff77e-474f-5fe0-a682-e812c5e243cb,HPN,7320104,7320104,Truyền thông đa phương tiện,tuyensinh247,556,true
36e11618-fdff-5bee-8731-fb80e0018eb1,HPN,7340101,7340101,Quản trị kinh doanh,tuyensinh247,556,true
e98ffc32-31b6-529a-b27f-4997cb7b119a,HPN,7340101,7340101 LC,Quản trị kinh doanh (hệ Chất lượng cao),tuyensinh247,556,true
d1649d53-df5a-5d24-a90b-7b79a98f091a,HPN,7340101CLC,7340101CLC,Quản trị kinh doanh (CLC),tuyensinh247,556,true
5f4aa996-b46a-584c-986c-2612004f7c0a,HPN,7340101LK,7340101LK,Quản trị kinh doanh (hệ liên kết quốc tế chuyên ngành Kinh doanh và Thương mại quốc tế),tuyensinh247,556,true
faecd27e-d92b-51b5-9d18-1fff76ea8a82,HPN,7340101TA,7340101TA,Quản trị kinh doanh (chương trình đào tạo bằng tiếng Anh),tuyensinh247,556,true
ee5086a4-eb18-5d2a-93ab-0491c68264c0,HPN,7340102,7340102,Quản trị kinh doanh,tuyensinh247,556,true
7e9bcbb8-5c92-55e5-9482-d54a39001216,HPN,7340115,7340115,Marketing,tuyensinh247,556,true
6d9b5aa2-551e-55b2-9796-3aff513d3593,HPN,7380101,7380101,Luật,tuyensinh247,556,true
f464bf76-0dfa-5e31-b2c4-8a43e4d17c0d,HPN,7380107,7380107,Luật kinh tế,tuyensinh247,556,true
26880401-3340-5e12-be2b-d0fb4329c58f,HPN,7420201,7420201,Công nghệ thông tin (2 chuyên ngành Công nghệ phần mềm và trí tuệ nhân tạo; Quản trị hệ thống mạng),tuyensinh247,556,true
a3b684be-b442-562c-bc6c-1f559ef405b2,HPN,7480201,7480201,Công nghệ thông tin,tuyensinh247,556,true
e0e7d047-6c07-54d2-8ad4-a8db29cb2e7f,HPN,7760101,7760101,Công tác xã hội,tuyensinh247,556,true
fec40673-87cb-586e-87e9-94ce2a214320,HPN,7760101PH,7760101PH,Công tác xã hội (đào tạo tại Phân hiệu TPHCM),tuyensinh247,556,true
b492433d-aadc-582a-8e0a-30aa700777a3,HPN,7810103,7810103,Quản trị dịch vụ du lịch và lữ hành,tuyensinh247,556,true
9a5a2b08-8225-5bf5-8944-3d112c61dbb7,HPN,7810103PH,7810103PH,Giới và Phát triển (HCM),tuyensinh247,556,true
04dd8431-e3d9-568a-842e-da416500d78e,HQT,7220201,7220201,Ngôn ngữ Anh,tuyensinh247,246,true
c9bd2c22-d26c-552b-bbbb-d9318484c23f,HQT,7310106,7310106,Kinh tế quốc tế,tuyensinh247,246,true
66e61193-cc79-54af-b69a-7cbef148d17c,HQT,7310206,7310206,Quan hệ quốc tế,tuyensinh247,246,true
efe410cc-4044-5a76-9940-b1911d0f4be9,HQT,7320107,7320107,Truyền thông quốc tế,tuyensinh247,246,true
9cfd23c5-581a-5223-b4ce-a1a943cfd0d5,HQT,7340120,7340120,Kinh doanh quốc tế,tuyensinh247,246,true
5d8785ab-0d2e-5e2d-980e-393bfdc19587,HQT,7380108,7380108,Luật quốc tế,tuyensinh247,246,true
b286cd03-eafc-59fe-af99-dc3ae4c3dbdf,HQT,HQT01,HQT01,Quan hệ quốc tế,tuyensinh247,246,true
2d88597b-3509-57a1-9dc3-34aed3c2f235,HQT,HQT02,HQT02,Ngôn ngữ Anh,tuyensinh247,246,true
50ec57b1-9e30-562c-b4de-c9bb1f493b6a,HQT,HQT03,HQT03,Kinh tế quốc tế,tuyensinh247,246,true
f8752bcd-924a-56a3-b08c-57f651091901,HQT,HQT04,HQT04,Luật quốc tế,tuyensinh247,246,true
16bbe1fa-d6f3-5f54-82e1-38acf2af9ae6,HQT,HQT05,HQT05,Truyền thông quốc tế,tuyensinh247,246,true
6c3030fe-f109-500c-96d8-f745bdad3573,HQT,HQT06,HQT06,Kinh doanh quốc tế,tuyensinh247,246,true
4b874315-0392-5132-9573-40cecd22a160,HQT,HQT07,HQT07,Luật thương mại quốc tế,tuyensinh247,246,true
4369e0dd-f661-5282-a02c-b6aac18e35e1,HQT,HQT08-01,HQT08-01,Hàn Quốc học,tuyensinh247,246,true
4b8c4134-864a-5152-bd71-a2eda8356014,HQT,HQT08-02,HQT08-02,Hoa Kỳ học,tuyensinh247,246,true
7479c242-3305-5ff9-a9d7-fc645de043dc,HQT,HQT08-03,HQT08-03,Nhật Bản học,tuyensinh247,246,true
65de34e6-661e-591f-8b1e-725f7a094367,HQT,HQT08-04,HQT08-04,Trung Quốc học,tuyensinh247,246,true
e89eaefd-b71b-5bda-a549-cfd9d5fb9d62,HTA,7380101,7380101,Luật,tuyensinh247,579,true
6d67cc77-ba05-57bb-bcc7-33b8ca46af63,HTA,7380101,7380101_NAM_B,Luật (Thí sinh nam miền Bắc),tuyensinh247,579,true
a60ed3c5-5596-59e5-90b7-a2c1f5e7422c,HTA,7380101,7380101_NAM_N,Luật (Thí sinh nam miền Nam),tuyensinh247,579,true
cc3f1706-ea09-5dcc-9234-c84ac77d601a,HTA,7380101,7380101_NU_B,Luật (Thí sinh nữ miền Bắc),tuyensinh247,579,true
d3f52def-37b4-5b88-967c-f0a44ec8629e,HTA,7380101,7380101_NU_N,Luật (Thí sinh nữ miền Nam),tuyensinh247,579,true
c6a93e7f-6565-50cf-a0ab-49f944a63ebe,HTC,7220201,7220201,Ngôn ngữ Anh,tuyensinh247,258,true
4394312a-9701-53b7-87ce-30fb0b4a0818,HTC,7310101,7310101,Kinh tế,tuyensinh247,258,true
812196c7-29d4-5052-bb9c-72bdd2b2e80d,HTC,7310102,7310102,Kinh tế chính trị - tài chính,tuyensinh247,258,true
8b6cc808-5f47-5089-bc78-82d722081b13,HTC,7310104,7310104,Kinh tế đầu tư,tuyensinh247,258,true
92ef9e63-ed76-50b9-b313-5eed04ace57f,HTC,7310104QT12,7310104QT12.01,Kinh tế đầu tư (Theo định hướng ACCA),tuyensinh247,258,true
b84b2e5c-221b-5efd-b249-584582b11823,HTC,7310108,7310108,Toán tài chính,tuyensinh247,258,true
1966c9a5-7b73-5af5-bd7a-8b1fe5253e67,HTC,7340101,7340101,Quản trị kinh doanh,tuyensinh247,258,true
52a1f35c-2094-5b04-bd9f-0741d6fd948a,HTC,7340101QT03,7340101QT03.01,Quản trị doanh nghiệp (Theo định hướng ICAEW CFAB),tuyensinh247,258,true
d87323b4-14c4-595c-80b8-75df3cf7671c,HTC,7340115,7340115,Marketing,tuyensinh247,258,true
42ef3d9d-9cd9-5ecc-b603-c855663f2360,HTC,7340115QT11,7340115QT11.02,Digital Marketing (Theo định hướng ICDL),tuyensinh247,258,true
7d702366-9886-59d7-ab24-06db78fa2e99,HTC,7340115QT11,7340115QT11.02PH,Digital Marketing (theo định hướng ICDL),tuyensinh247,258,true
b5bcb95a-ba9e-51d6-b504-a716bbee1f74,HTC,7340116,7340116,Thẩm định giá và kinh doanh bất động sản,tuyensinh247,258,true
3fcdf96d-05ff-5bfe-84ad-aafac5bdecd7,HTC,7340116QT09,7340116QT09.01,Thẩm định giá và kinh doanh bất động sản (Theo định hướng ACCA),tuyensinh247,258,true
42a39a2d-812e-5dde-984e-8c2127590f13,HTC,7340120QT15,7340120QT15.01,Kinh doanh quốc tế (Theo định hướng ICAEW CFAB),tuyensinh247,258,true
14452418-0ce5-5aa7-b5e1-7c30b0df0cfe,HTC,7340201,7340201,Tài chính - Ngân hàng,tuyensinh247,258,true
d77b3c7f-4db3-585d-bc6f-532e13fac2d7,HTC,73402011,73402011,Tài chính - Ngân hàng 1,tuyensinh247,258,true
4cdd1469-f171-5e02-8cda-2f0937e550e8,HTC,73402012,73402012,Tài chính - Ngân hàng 2,tuyensinh247,258,true
175e2ec1-7291-58e8-b35b-fa292cccc8c7,HTC,73402013,73402013,Tài chính - Ngân hàng 3,tuyensinh247,258,true
48002be3-b766-5029-b9be-260b6d048223,HTC,7340201C06,7340201C06,Hải quan & Logistics,tuyensinh247,258,true
891f33f8-36f0-5f30-893e-50cc693b5f14,HTC,7340201C09,7340201C09,Phân tích tài chính,tuyensinh247,258,true
648de4a9-a0d5-5bf1-933c-4af6aa7668c4,HTC,7340201C11,7340201C11,Tài chính doanh nghiệp,tuyensinh247,258,true
a09be5a2-5b14-5555-80e8-71ac0fcb8a0f,HTC,7340201D,7340201D,Tài chính - Ngân hàng,tuyensinh247,258,true
55e97283-0638-54a9-967b-b189d50a61af,HTC,7340201QT01,7340201QT01.01,Thuế và Quản trị thuế (Theo định hướng ACCA),tuyensinh247,258,true
bdfa5231-fc8f-5265-b19f-f8942f680896,HTC,7340201QT01,7340201QT01.06,Hải quan và Logistics (theo định hướng FIATA),tuyensinh247,258,true
fb91fd34-c31f-5051-b6c4-73076025d95f,HTC,7340201QT01,7340201QT01.09,Phân tích tài chính (theo định hướng ICAEW),tuyensinh247,258,true
e556f5f1-6a52-53bb-939e-b58862cae8db,HTC,7340201QT01,7340201QT01.11,Tài chính doanh nghiệp (theo định hướng ACCA),tuyensinh247,258,true
3050b662-bfda-5eb4-a76f-a386a844506a,HTC,7340201QT01,7340201QT01.15,Ngân hàng (Theo định hướng ICAEW CFAB),tuyensinh247,258,true
37ad5091-6604-54b9-9216-aeae35ce7b1a,HTC,7340201QT01,7340201QT01.19,Đầu tư tài chính (Theo định hướng ICAEW CFAB),tuyensinh247,258,true
0a6181e8-5769-59e8-b79a-14c62de43761,HTC,7340204,7340204,Tài chính bảo hiểm,tuyensinh247,258,true
744c55e3-f144-5492-be13-cdb693633d8d,HTC,7340301,7340301,Kế toán,tuyensinh247,258,true
f5178618-7aa7-5259-af89-fe92c7904864,HTC,7340301C21,7340301C21,Kế toán doanh nghiệp,tuyensinh247,258,true
41bee15f-0d14-5432-a173-6ca771cd64ed,HTC,7340301C22,7340301C22,Kiểm toán,tuyensinh247,258,true
6798c741-5a62-5853-84a0-194652af10ef,HTC,7340301D,7340301D,Kế toán,tuyensinh247,258,true
3750f2e7-c359-5f08-a1c5-1e377e9de8ef,HTC,7340301QT02,7340301QT02.01,Kế toán doanh nghiệp (Theo định hướng ACCA),tuyensinh247,258,true
2792e900-6699-5447-8d93-95a81502e9f6,HTC,7340301QT02,7340301QT02.01PH,Kế toán doanh nghiệp (theo định hướng ACCA),tuyensinh247,258,true
494a5651-a554-5e99-be3b-05a5c07ba7b1,HTC,7340301QT02,7340301QT02.02,Kế toán quản trị và Kiểm soát quản lý (Theo định hướng CMA),tuyensinh247,258,true
c8ddcd94-109a-5288-b5f7-f9e0beca628b,HTC,7340301QT02,7340301QT02.03,Kế toán công (Theo định hướng ACCA),tuyensinh247,258,true
2ddaf627-5b0d-5505-b1cc-d5b94d6e354d,HTC,7340302,7340302,Kiểm toán,tuyensinh247,258,true
ab7f8112-2e2f-54ec-a3c6-ba9ddea362a7,HTC,7340302C21,7340302C21,Kế toán doanh nghiệp,tuyensinh247,258,true
8adb00bb-2498-59cb-b547-ed497b936147,HTC,7340302C22,7340302C22,Kiểm toán,tuyensinh247,258,true
a89dd906-e417-5862-8765-c7085ff2d263,HTC,7340302QT10,7340302QT10.01,Kiểm toán (Theo định hướng ICAEW CFAB),tuyensinh247,258,true
b05b8992-5d04-5fcd-b1a9-27d634590ac7,HTC,7340302QT10,7340302QT10.01PH,Kiểm toán (theo định hướng ICAEW),tuyensinh247,258,true
c96b5c65-92f5-5db4-9be5-129f4cee6719,HTC,7340403,7340403,Quản lý tài chính công,tuyensinh247,258,true
ec9ebef2-fbe2-56c5-aedb-87903ed21207,HTC,7340405,7340405,Hệ thống thông tin quản lý,tuyensinh247,258,true
5c6aac15-1731-5275-a5c3-fac1362f761f,HTC,7380101,7380101,Luật kinh doanh,tuyensinh247,258,true
24e62589-49c1-5408-bc6e-bbc5c0e04fd7,HTC,7460108,7460108,Khoa học dữ liệu trong tài chính,tuyensinh247,258,true
bf0c7eab-0777-5f1a-852a-592e55aefd64,HTC,7480201,7480201,Trí tuệ nhân tạo trong tài chính kế toán,tuyensinh247,258,true
7495469e-4361-582a-b121-98000f012b5d,HTN,7310101,7310101,Kinh tế,tuyensinh247,525,true
8411b5ab-2272-5f40-9c76-340af422b81f,HTN,7310202,7310202,Xây dựng Đảng và Chính quyền Nhà nước,tuyensinh247,525,true
12bec85b-4c94-5270-8a96-16fcda93efc4,HTN,7310205,7310205,Quản lý Nhà nước,tuyensinh247,525,true
83956017-e864-54a8-b9c1-75e6681091b5,HTN,7310401,7310401,Tâm lý học,tuyensinh247,525,true
f8dc059c-8805-5984-8476-b29ad9607a95,HTN,7320108,7320108,Quan hệ Công chúng,tuyensinh247,525,true
a7eab8d8-2a65-5a4c-b058-8d8f79f10e1e,HTN,7380101,7380101,Luật,tuyensinh247,525,true
75a53920-b599-549d-ba28-8a85a683f9c3,HTN,7480201,7480201,Công nghệ thông tin,tuyensinh247,525,true
3c36da1a-796d-5de8-a6ad-13335f687982,HTN,7760101,7760101,Công tác xã hội,tuyensinh247,525,true
81a47b50-59ce-5dfd-b9af-a4ae5246fd64,HTN,7760102,7760102,Công tác Thanh thiếu niên,tuyensinh247,525,true
9aec6b3f-616d-506f-936a-0c401af4134c,HVN,HVN01,HVN01,Thú y,tuyensinh247,562,true
2af82e8b-7fe3-56f6-97fc-2ea24d1178da,HVN,HVN02,HVN02,Chăn nuôi thú y - thuỷ sản,tuyensinh247,562,true
338b7651-95d8-5983-94f6-01a52c7f123b,HVN,HVN03,HVN03,Nông nghiệp sinh thái và Nông nghiệp đô thị,tuyensinh247,562,true
de644031-1ee5-5076-bbe9-b45886dd4f4f,HVN,HVN04,HVN04,Công nghệ kỹ thuật ô tô và Cơ điện tử,tuyensinh247,562,true
8dc9107a-67b3-5ba3-851f-9758273428d7,HVN,HVN05,HVN05,Kỹ thuật cơ khí,tuyensinh247,562,true
dbe17242-ef49-5ddf-845e-ccc8cd5a8a80,HVN,HVN06,HVN06,"Kỹ thuật điện, Điện tử và Tự động hoá",tuyensinh247,562,true
00b03a6b-e1eb-54cd-ab41-914b321643b5,HVN,HVN07,HVN07,Logistics và Quản lý chuỗi cung ứng,tuyensinh247,562,true
5369c024-d430-501c-9b9c-6d5df9f7422c,HVN,HVN08,HVN08,"Quản trị kinh doanh, Thương mại và Du lịch",tuyensinh247,562,true
24fdecaf-e307-5cfc-a120-77f907b910fc,HVN,HVN09,HVN09,Công nghệ sinh học và Công nghệ dược liệu,tuyensinh247,562,true
ed5c8b78-f216-54ae-ad9b-e1661572b2a4,HVN,HVN10,HVN10,Công nghệ thực phẩm và Chế biến,tuyensinh247,562,true
9d40b410-6c3f-5dde-b560-8661480c1650,HVN,HVN11,HVN11,Kinh tế và Quản lý,tuyensinh247,562,true
aed6cac7-757f-5377-b142-b79af495ed7b,HVN,HVN12,HVN12,Xã hội học,tuyensinh247,562,true
ca460424-4355-5561-88d2-aee70af7e8c9,HVN,HVN13,HVN13,Luật,tuyensinh247,562,true
dbbe4b0e-82e5-5a03-ad11-a75b655928ec,HVN,HVN14,HVN14,Công nghệ thông tin và Kỹ thuật số,tuyensinh247,562,true
325dee09-18a5-52b6-ac2f-3eeebe255786,HVN,HVN15,HVN15,"Quản lý đất đai, Bất động sản và Môi trường",tuyensinh247,562,true
998d62dd-9d13-5bc1-b49d-cbc461b7cf99,HVN,HVN16,HVN16,Khoa học môi trường,tuyensinh247,562,true
f7bbdfab-5f76-5ee7-b7a6-5851d4b9dbf2,HVN,HVN17,HVN17,Ngôn ngữ Anh,tuyensinh247,562,true
8536add6-0047-54f9-bc5f-c01b63572137,HVN,HVN18,HVN18,Sư phạm công nghệ,tuyensinh247,562,true
c3131dc4-8bc9-50c4-acb4-d5d65c20c3d0,HVN,HVN19,HVN19,Du lịch,tuyensinh247,562,true
17c8b18d-29d2-52a0-ad65-362a00613788,HVN,HVN20,HVN20,Quản trị kinh doanh và du lịch,tuyensinh247,562,true
a2bb1fef-b0a5-5acf-8e03-2838ac56d7eb,HVN,HVN21,HVN21,Logistics & quản lý chuỗi cung ứng,tuyensinh247,562,true
dffba81f-f60f-52de-8214-d64cd82970cf,HVN,HVN22,HVN22,Sư phạm Công nghệ,tuyensinh247,562,true
e560aa7d-8a6d-5277-b138-5810953a03ac,HVN,HVN23,HVN23,Thú y,tuyensinh247,562,true
cee3738e-1070-5a8c-bc3f-09ff9ee7bd66,HVN,HVN24,HVN24,Thủy sản,tuyensinh247,562,true
faea6d24-7d45-5cef-99b5-58c7a54ea747,HVN,HVN25,HVN25,Xã hội học,tuyensinh247,562,true
bbf4edfa-210c-5dc3-a051-9430d7ad98fe,HVQ,7140101,7140101,Giáo dục học (GD trẻ rối loạn phát triển),tuyensinh247,257,true
6bf75415-f10b-556f-bc2a-5e5fdaf8007f,HVQ,7140114,7140114,Quản lý giáo dục,tuyensinh247,257,true
bba6dc9e-a801-5356-9a15-6741860c8713,HVQ,7220201,7220201,Ngôn ngữ Anh,tuyensinh247,257,true
897fc084-e7f4-5cbb-a47c-2b411f206181,HVQ,7310101,7310101,Kinh tế,tuyensinh247,257,true
83c5b734-0acc-51de-b424-26983887d3fb,HVQ,7310403,7310403,Tâm lý học giáo dục,tuyensinh247,257,true
b5bbe42d-c71e-58cd-b2ac-35ef41474d51,HVQ,7340101,7340101,Quản trị văn phòng,tuyensinh247,257,true
2320ec9b-ce42-5d8b-987e-1314e9df6546,HVQ,7340406,7340406,Quản trị văn phòng,tuyensinh247,257,true
89444654-d972-54aa-9816-4b3c54981cd6,HVQ,7480201,7480201,Công nghệ thông tin,tuyensinh247,257,true
ab6e9b63-8239-594b-b6b3-99fa9cdf839f,KCN,7420201,7420201,Công nghệ sinh học - Phát triển thuốc,tuyensinh247,531,true
63ec3450-0b89-5743-88ea-22b0508415d3,KCN,7420201,7420201-01,Công nghệ sinh học - Phát triển thuốc (Song bằng),tuyensinh247,531,true
bcfd74d3-570d-539e-9fa5-64aca24ce378,KCN,7440112,7440112,Hóa học,tuyensinh247,531,true
74145ea8-511e-5ec2-a369-de1c06715794,KCN,7440112,7440112-01,Hóa học (Song bằng),tuyensinh247,531,true
6fda3a5d-cccc-5cb7-82dd-0b9c1539263d,KCN,7440122,7440122,Khoa học vật liệu tiên tiến và Công nghệ Nano,tuyensinh247,531,true
7f473b76-dbfc-5bee-8091-fb4da22ee2a3,KCN,7440301,7440301,Khoa học Môi trường Ứng dụng,tuyensinh247,531,true
6dea22f5-4500-5681-a677-9a4282ae2590,KCN,7460108,7460108,Khoa học dữ liệu,tuyensinh247,531,true
41f992b9-8d45-5e18-84e5-dbab83ebdcec,KCN,7460112,7460112,Toán ứng dụng,tuyensinh247,531,true
9daa8234-fbfe-51fd-a9bf-92e13ed54a9f,KCN,7480109,7480109,Khoa học dữ liệu,tuyensinh247,531,true
ed714862-f5b4-5f68-bc3a-5adb0768928c,KCN,7480109,7480109 (7480109),Khoa học dữ liệu,tuyensinh247,531,true
36019355-957e-52f6-98a1-0173df62ba6e,KCN,7480201,7480201,Công nghệ thông tin – Truyền thông,tuyensinh247,531,true
1775fade-ac35-584f-aaad-4bc3fc0e980b,KCN,7480201,7480201-01,"Công nghệ thông tin - Truyền thông (Các trường đối tác Pháp cấp song bằng với USTH: Đại học Limoges, Đại học Sorbonne Paris Nord, Đại học Lille)",tuyensinh247,531,true
09c73511-2278-52db-95e4-3cca36701fb2,KCN,7480202,7480202,An toàn thông tin,tuyensinh247,531,true
3fdc9323-525a-5a11-b176-3e8b89fe2869,KCN,7510203,7510203,Công nghệ Kỹ thuật Cơ điện tử,tuyensinh247,531,true
fea91ca1-514f-5afc-aca3-bc2ed2ca31a4,KCN,7520120,7520120,Kỹ thuật Hàng không,tuyensinh247,531,true
e55fa848-cade-5342-917b-e18e54484ac2,KCN,7520121,7520121,Khoa học Vũ trụ và Công nghệ Vệ tinh,tuyensinh247,531,true
75df403c-5836-5614-b58a-7b851f91be4e,KCN,7520130,7520130,Kỹ thuật ô tô,tuyensinh247,531,true
84ca3f5b-dad1-54f2-b96e-d5f5090eb82f,KCN,7520201,7520201,Kỹ thuật điện và Năng lượng tái tạo,tuyensinh247,531,true
cc5a17e7-973e-5fea-ab45-535fa6e2807b,KCN,7520401,7520401,Công nghệ vi mạch bán dẫn,tuyensinh247,531,true
4a8f552b-2634-5901-9dea-66a48a015d59,KCN,7540101,7540101,Khoa học và Công nghệ thực phẩm,tuyensinh247,531,true
86929816-b655-581a-b9b3-4eb6e19f1015,KCN,7720201,7720201,Dược học,tuyensinh247,531,true
4a66db5e-2192-5e13-b743-c3fe65f6919e,KCN,7720601,7720601,Khoa học và Công nghệ y khoa,tuyensinh247,531,true
eddbdd31-5102-54db-b65c-b5b26daaf5fc,KHA,7220201,7220201,Ngôn ngữ Anh,tuyensinh247,357,true
aa712c04-67cd-576d-8a0f-7e83db1f313b,KHA,7310101,7310101,Kinh tế,tuyensinh247,357,true
1ff4da9b-dc05-5040-a986-53720f5caa18,KHA,73101011,73101011,Kinh tế học (ngành Kinh tế),tuyensinh247,357,true
b84c8a19-1ce0-5383-81f6-28e082ee36b1,KHA,73101012,73101012,Kinh tế và quản lý đô thị (ngành Kinh tế),tuyensinh247,357,true
64199ee9-feb5-5504-a4dd-1d470a7dad8f,KHA,73101013,73101013,Kinh tế và QL NNL (ngành Kinh tế),tuyensinh247,357,true
49953b80-c47d-5f03-9a8e-503a3d4a9a0d,KHA,7310101_1,7310101_1,Kinh tế học (ngành Kinh tế),tuyensinh247,357,true
487ebdad-de5b-5ab1-8cea-3b38645983fb,KHA,7310101_2,7310101_2,Kinh tế và quản lý đô thị (ngành Kinh tế),tuyensinh247,357,true
7ee811ca-0458-5320-a5c2-61acfe54f44a,KHA,7310101_3,7310101_3,Kinh tế và quản lý nguồn nhân lực (ngành Kinh tế),tuyensinh247,357,true
d6a261da-05c3-5206-9967-789a7bd6516d,KHA,7310104,7310104,Kinh tế đầu tư,tuyensinh247,357,true
03be187b-0a77-59c1-a32b-9becb15c147d,KHA,CLC2,7310104_CLC2,Kinh tế Đầu tư - CT CLC2,tuyensinh247,357,true
a6aa4980-cce8-5fc9-9a60-6b8a222154c3,KHA,7310105,7310105,Kinh tế phát triển,tuyensinh247,357,true
f1928c4f-48cc-57a7-aa4a-4d90d9f32644,KHA,CLC1,7310105_CLC1,Kinh tế phát triển - CT CLC1,tuyensinh247,357,true
74996915-90bd-554d-a9f7-603bab3f38a8,KHA,7310106,7310106,Kinh tế quốc tế,tuyensinh247,357,true
20b536c8-59d5-5868-b14a-d90e479e4257,KHA,CLC3,7310106_CLC3,Kinh tế quốc tế - CT CLC3,tuyensinh247,357,true
fcf8a187-66c3-5f35-87af-d919a11d107f,KHA,7310107,7310107,Thống kê kinh tế,tuyensinh247,357,true
756f33cd-6891-5ebd-9966-57e1e830aecc,KHA,7310108,7310108,Toán kinh tế,tuyensinh247,357,true
57e03b2e-a250-5776-a464-c320bc87ac6a,KHA,7320108,7320108,Quan hệ công chúng,tuyensinh247,357,true
b3af90c8-68b9-57ef-9a04-6e1d67dc725b,KHA,CLC2,7320108_CLC2,Quan hệ công chúng - CT CLC2,tuyensinh247,357,true
b7c9bf71-a441-5e8f-b468-81e4e6b67783,KHA,7340101,7340101,Quản trị kinh doanh,tuyensinh247,357,true
27be2c96-1945-5634-a7de-af3a7014e870,KHA,CLC2,7340101_CLC2,Quản trị Kinh doanh - CT CLC2,tuyensinh247,357,true
bc5ab685-6872-5434-93b8-5508196222b8,KHA,TT1,7340101_TT1,Quản trị kinh doanh - CT tiên tiến TT1,tuyensinh247,357,true
94d1f37c-8465-5453-b26c-d09ace3a454d,KHA,7340115,7340115,Marketing,tuyensinh247,357,true
d38fa076-f8bb-5819-b0d4-41d13ff58f7a,KHA,CLC3,7340115_CLC3,Digital Marketing - CT CLC3,tuyensinh247,357,true
2fac890d-070d-5153-8a59-462efcc107a2,KHA,7340116,7340116,Bất động sản,tuyensinh247,357,true
f7bd921e-c3cc-55bf-9edd-29fd5d3fe6a7,KHA,7340120,7340120,Kinh doanh quốc tế,tuyensinh247,357,true
966b434c-8fbf-5ba0-9678-d0854a1d330d,KHA,CLC3,7340120_CLC3,Quản trị Kinh doanh quốc tế - CT CLC3,tuyensinh247,357,true
fe342ae2-b2bb-5d18-87c5-b44e85d5ccc7,KHA,TT2,7340120_TT2,Quản trị Kinh doanh quốc tế - CT tiên tiến TT2,tuyensinh247,357,true
043c460d-f739-5de0-8715-0eea3614be27,KHA,7340121,7340121,Kinh doanh thương mại,tuyensinh247,357,true
4625fd53-5903-5b27-85f7-4ca49dccb207,KHA,7340122,7340122,Thương mại điện tử,tuyensinh247,357,true
10469717-eee3-5951-bd5a-5d8b021cf5cd,KHA,CLC3,7340122_CLC3,Thương mại điện tử - CT CLC3,tuyensinh247,357,true
56904c65-ff57-5eb0-a335-b89fa96a2f1c,KHA,7340201,7340201,Tài chính - Ngân hàng,tuyensinh247,357,true
d9060a21-4646-55bd-9071-ea101f53f109,KHA,CLC1,7340201_CLC1,Ngân hàng - CT CLC1,tuyensinh247,357,true
d5748bf9-10ba-5bda-bc72-4a5eae0e5d9f,KHA,CLC3,7340201_CLC3,Tài chính doanh nghiệp - CT CLC3,tuyensinh247,357,true
b694f08e-1cc2-5aa7-9ea5-bc93e918d9d0,KHA,TT1,7340201_TT1,Kế hoạch tài chính - CT tiên tiến TT1,tuyensinh247,357,true
0a773fc7-34c7-578f-ba1f-8ebd2d5cb52b,KHA,TT2,7340201_TT2,Tài chính - CT tiên tiến TT2,tuyensinh247,357,true
26445a3d-d392-5809-a01a-f08534e8af7c,KHA,7340204,7340204,Bảo hiểm,tuyensinh247,357,true
90f35ddf-4283-54f4-b561-43bc8db7281b,KHA,CLC1,7340204_CLC1,Bảo hiểm tích hợp chứng chỉ ANZ1IF - CT CLC1,tuyensinh247,357,true
fb70777c-5d53-5ab7-aea5-ea1684071ccb,KHA,7340301,7340301,Kế toán,tuyensinh247,357,true
0c1ea674-ecb6-5c5d-8367-577542a2cfda,KHA,TT1,7340301_TT1,Kế toán - CT tiên tiến TT1,tuyensinh247,357,true
3a098d43-9ead-5ee2-af26-07cd5d273b37,KHA,7340302,7340302,Kiểm toán,tuyensinh247,357,true
4c0e660d-5208-5130-aedd-e615d4de07a5,KHA,CLC3,7340302_CLC3,Kiểm toán tích hợp chứng chỉ ACCA - CT CLC3,tuyensinh247,357,true
e1546e70-862e-500b-8066-f01a45678010,KHA,7340401,7340401,Khoa học quản lý,tuyensinh247,357,true
06765ec8-fb2e-5c0a-a085-1ddb049bcbc8,KHA,7340403,7340403,Quản lý công,tuyensinh247,357,true
f6343f04-428c-5914-a6b1-b1673e6a0662,KHA,7340404,7340404,Quản trị nhân lực,tuyensinh247,357,true
5a729095-8685-5cde-a5d9-eec83785c7e3,KHA,CLC2,7340404_CLC2,Quản trị nhân lực - CT CLC2,tuyensinh247,357,true
36815925-f751-54ca-b1e6-8eb0023def0d,KHA,7340405,7340405,Hệ thống thông tin quản lý,tuyensinh247,357,true
1fb627ce-dd41-5cf6-9cd5-478bdaa585f1,KHA,7340408,7340408,Quan hệ lao động,tuyensinh247,357,true
6cc7dfab-b68c-54be-8ad1-0fac4bda9782,KHA,7340409,7340409,Quản lý dự án,tuyensinh247,357,true
30f2a837-4e9b-54cc-a39d-7241d040a8f3,KHA,7380101,7380101,Luật,tuyensinh247,357,true
4d47b1f2-45e8-506f-8603-834bafb63fe0,KHA,7380107,7380107,Luật kinh tế,tuyensinh247,357,true
b5c82eab-f1d6-510f-b15b-f2e201eba418,KHA,7380109,7380109,Luật thương mại quốc tế,tuyensinh247,357,true
601892a7-f73c-5e23-b6d6-2c0e3a84f4ce,KHA,7480101,7480101,Khoa học máy tính,tuyensinh247,357,true
a8a48947-af69-5be7-9f69-50be7db4cf19,KHA,7480104,7480104,Hệ thống thông tin,tuyensinh247,357,true
f0039c39-f0ba-5bc7-8673-8b6c63fef7fe,KHA,7480201,7480201,Công nghệ thông tin,tuyensinh247,357,true
c64958f8-a74d-5919-9eba-fe55afd34959,KHA,CLC1,7480201_CLC1,Công nghệ thông tin và chuyển đổi số - CT CLC1,tuyensinh247,357,true
345790b8-5653-57f8-b993-8414dbd1d5ab,KHA,7480202,7480202,An toàn thông tin,tuyensinh247,357,true
c0f8b0eb-a32a-5c57-b89b-0cc52ef59b3a,KHA,7510605,7510605,Logistics và Quản lý chuỗi cung ứng,tuyensinh247,357,true
8821c490-e793-55f8-ad48-a51e78fe4ada,KHA,CLC3,7510605_CLC3,Logistics và Quản lý chuỗi cung ứng - CT CLC3,tuyensinh247,357,true
4dc60f63-a628-5269-9a5c-05f34bdb2bd0,KHA,7620114,7620114,Kinh doanh nông nghiệp,tuyensinh247,357,true
93f5a5a7-37b0-5ca4-8568-ace82765f445,KHA,7620115,7620115,Kinh tế nông nghiệp,tuyensinh247,357,true
3eec0af8-36b2-5556-bae4-fdbaeb37fb3e,KHA,7810103,7810103,Quản trị dịch vụ du lịch và lữ hành,tuyensinh247,357,true
adb5fe98-703d-56ca-8e6e-a76721f9a963,KHA,7810201,7810201,Quản trị khách sạn,tuyensinh247,357,true
63f71498-a92f-5875-a064-5b957f2579cb,KHA,7850101,7850101,Quản lý tài nguyên và môi trường,tuyensinh247,357,true
e4f97efb-98c3-5adf-a849-99f6e89a55e9,KHA,7850102,7850102,Kinh tế tài nguyên thiên nhiên,tuyensinh247,357,true
e7c57488-f8ba-5411-afe8-fdcdbe9df3ff,KHA,7850103,7850103,Quản lý đất đai,tuyensinh247,357,true
d4223bd4-7f9a-504d-9a9c-5054ec5bbd46,KHA,CT1,CT1,Ngân hàng,tuyensinh247,357,true
60e937b2-88d1-590a-ae0b-c4c95a35092d,KHA,CT2,CT2,Tài chính công,tuyensinh247,357,true
a17ea75b-dfb8-5785-81e2-8c8e35e69d6e,KHA,CT3,CT3,Tài chính doanh nghiệp,tuyensinh247,357,true
3c23c4da-a345-5102-a477-a0105f780321,KHA,EBBA,EBBA,Quản trị kinh doanh (E-BBA),tuyensinh247,357,true
8bc7fecc-bca9-56fd-9635-d921a74621ba,KHA,EP01,EP01,Khởi nghiệp và phát triển kinh doanh (BBAE)/ngành QTKD,tuyensinh247,357,true
88e9bb01-69df-591d-b13b-7ec13f3d9bea,KHA,EP02,EP02,Định phí Bảo hiểm & Quản trị rủi ro (Actuary),tuyensinh247,357,true
e866dd2e-8a34-5094-b581-425383998cfc,KHA,EP03,EP03,Khoa học dữ liệu trong KT & KD (DSEB),tuyensinh247,357,true
2759bb0a-9fea-5a2e-b09f-2f75185a3019,KHA,EP04,EP04,Kế toán tích hợp chứng chi quốc tế (JCAEW CFAB),tuyensinh247,357,true
74f2c21b-e332-5e88-86b8-56f9e65a8476,KHA,EP05,EP05,Kinh doanh số (E-BDB),tuyensinh247,357,true
951a2078-1a16-5836-854c-952c7c814392,KHA,EP06,EP06,Phân tích kinh doanh (BA),tuyensinh247,357,true
dd07671a-f0fc-5e91-a6b2-c55e20b0cc0d,KHA,EP07,EP07,Quản trị điều hành thông minh (E-SOM),tuyensinh247,357,true
4cf2f402-588d-5b91-b438-6aac6fc912de,KHA,EP08,EP08,Quản trị chất lượng và Đổi mới (E-MQI),tuyensinh247,357,true
3098446e-a151-5fcc-8fbc-32e006ced592,KHA,EP09,EP09,Công nghệ tài chính (BFT),tuyensinh247,357,true
6dad1737-63d0-54c3-9c65-4784c40a0227,KHA,EP10,EP10,Tài chính và Đầu tư (BFI)/ngành TC-NH,tuyensinh247,357,true
7280e03f-48ec-5dac-bcd4-19856a85c740,KHA,EP11,EP11,Quản trị khách sạn quốc tế (IHME),tuyensinh247,357,true
b3941a73-9b5e-51d3-9b1f-20206ada1ae1,KHA,EP12,EP12,Kiểm toán tích hợp CCQT (AUD-ICAEW),tuyensinh247,357,true
d4cdcada-907b-572c-8666-2ea113fd5214,KHA,EP13,EP13,Kinh tế học tài chính (FE),tuyensinh247,357,true
d8f97b9f-8267-551d-b2ce-68d184a1cc7e,KHA,EP14,EP14,Logistics và Quản lý chuỗi cung ứng tích hợp chứng chi quốc tế (LSIC),tuyensinh247,357,true
ff236392-72d2-52e8-a0a6-dee19dd123ad,KHA,EP15,EP15,Khoa học dữ liệu,tuyensinh247,357,true
5160fe3f-2e22-5899-8638-11ecbe5a4a14,KHA,EP16,EP16,Trí tuệ nhân tạo,tuyensinh247,357,true
cdb9269d-98ef-5b34-873e-189b03536ddf,KHA,EP17,EP17,Kỹ thuật phần mềm,tuyensinh247,357,true
3ee2f6f3-45f1-5bfc-9d3d-248980e452f4,KHA,EP18,EP18,Quản trị giải trí và sự kiện,tuyensinh247,357,true
0fcd1719-9f83-5939-9a57-f54bf53c2fb3,KHA,EPMP,EPMP,Quản lý công và Chính sách (E-PMP),tuyensinh247,357,true
4167ed3f-849d-5dae-997d-8f6ceb615b57,KHA,POHE,POHE,Các chương trình định hướng ứng dụng (POHE - tiếng Anh hệ số 2),tuyensinh247,357,true
b3d64516-3d32-5f4e-98e1-6ce6e4cffc05,KHA,POHE1,POHE1,Quản trị khách sạn,tuyensinh247,357,true
4b03e8f9-ec27-5c5d-b51f-eea314567506,KHA,POHE2,POHE2,POHE-Quản trị lữ hành,tuyensinh247,357,true
822e1bc6-b787-58d3-aa0e-e562ce61d28f,KHA,POHE3,POHE3,POHE-Truyền thông Marketing,tuyensinh247,357,true
abec8927-9f82-518b-854c-ff3b5b685023,KHA,POHE4,POHE4,POHE-Luật kinh doanh,tuyensinh247,357,true
75df8d3b-a995-5d7f-b9b6-60e4e4a4d8b3,KHA,POHE5,POHE5,Quản trị kinh doanh thương mại,tuyensinh247,357,true
7843c6b4-4e25-58ed-90b3-c4f6f47e00ec,KHA,POHE6,POHE6,Quản lý thị trường,tuyensinh247,357,true
e6ecbc73-5c70-53ea-a79d-5584daed799f,KHA,POHE7,POHE7,POHE-Thẩm định giá,tuyensinh247,357,true
83cd6eb6-89ea-5c04-86c3-208c638e8082,KHA,POHEI,POHEI,POHE-Quản trị khách sạn,tuyensinh247,357,true
044145dc-436b-523b-98a4-d929ed4fe6c9,KQH,7860220,7860220_Nam_B,Đào tạo kỹ sư quân sự,tuyensinh247,241,true
c008a30d-03a7-5522-b79f-dd21c68e0ae7,KQH,7860220,7860220_Nam_N,Đào tạo kỹ sư quân sự,tuyensinh247,241,true
52626129-eef2-5f6f-b731-d6b65a0c6581,KQH,7860220,7860220_Nu_B,Đào tạo kỹ sư quân sự,tuyensinh247,241,true
ca12904e-ae12-53ee-a005-f474df59c87e,KQH,7860220,7860220_Nu_N,Đào tạo kỹ sư quân sự,tuyensinh247,241,true
5d3c2787-f4f3-5013-957e-7244f143fb7b,KTA,7210105,7210105,Điêu khắc,tuyensinh247,360,true
21b869de-be87-531d-9828-f7ee02d4fd50,KTA,7210105_1,7210105_1,Mỹ thuật đô thị (Chuyên ngành thuộc ngành Điêu khắc),tuyensinh247,360,true
6277ae98-1d5c-5df1-a11e-93eed4e03013,KTA,7210403,7210403,Thiết kế đồ họa,tuyensinh247,360,true
ad5353e5-d01e-5ed1-8f52-d9e9f6a79239,KTA,7210403_1,7210403_1,Nghệ thuật số (Chuyên ngành thuộc Thiết kế đồ họa),tuyensinh247,360,true
6e047dbf-0277-5bce-b74c-80c69eb8ecf7,KTA,7210404,7210404,Thiết kế thời trang,tuyensinh247,360,true
44770d61-7563-5454-980a-2e7e52421b5e,KTA,7310104,7310104,Kinh tế đầu tư,tuyensinh247,360,true
975d15e5-13df-582c-b9d3-b587ed7d1991,KTA,7310105,7310105,Kinh tế phát triển,tuyensinh247,360,true
57d8f106-ff81-5705-837a-3ea328761e31,KTA,7480201,7480201,Công nghệ thông tin,tuyensinh247,360,true
f909ffef-1ad5-5460-99bf-abc65134ed1a,KTA,7480201,7480201-1,Công nghệ thông tin (Chuyên ngành Công nghệ đa phương tiện),tuyensinh247,360,true
909b9226-89ed-536c-b031-89e985eea24b,KTA,7480201_1,7480201_1,Công nghệ thông tin (Chuyên ngành Công nghệ đa phương tiện),tuyensinh247,360,true
9e18b131-02d3-5077-bacc-9ae937fca800,KTA,7480201_2,7480201_2,Công nghệ game (Chuyên ngành thuộc ngành Công nghệ thông tin),tuyensinh247,360,true
682d7374-e54f-5cab-af40-9947201a5c00,KTA,7510105,7510105,Công nghệ kỹ thuật vật liệu xây dựng,tuyensinh247,360,true
dfd9c693-9b09-5f6c-a0d7-b92abbb96d2a,KTA,7580101,7580101,Kiến trúc,tuyensinh247,360,true
ebbd60a7-8256-554b-99da-b08eb0eee9c2,KTA,75801011,75801011,Chương trình tiên tiến ngành Kiến trúc,tuyensinh247,360,true
63bbfa6d-6b3b-566f-b99b-8a63b045003e,KTA,7580101_1,7580101_1,Chương trình tiên tiến ngành Kiến trúc,tuyensinh247,360,true
76128287-f635-508d-afe4-166eef71c297,KTA,7580102,7580102,Kiến trúc cảnh quan,tuyensinh247,360,true
547d001c-9a2f-58cf-903e-73f6b13e6adc,KTA,7580105,7580105,Quy hoạch vùng và đô thị,tuyensinh247,360,true
48e75fd2-f16d-5f7f-9d66-92fe5d0bd584,KTA,75801051,75801051,Quy hoạch vùng và đô thị (Chuyên ngành Thiết kế đô thị),tuyensinh247,360,true
072f9821-8f6f-5abb-bd15-b6a6813aaebb,KTA,7580105_1,7580105_1,Quy hoạch vùng và đô thị (Chuyên ngành Thiết kế đô thị),tuyensinh247,360,true
d6342c10-cff0-5ae1-9bd2-81d601dedae3,KTA,7580108,7580108,Thiết kế nội thất,tuyensinh247,360,true
028fb885-5393-5396-9fb2-882f7576b48a,KTA,7580201,7580201,Kỹ thuật xây dựng (Chuyên ngành Xây dựng dân dụng và công nghiệp),tuyensinh247,360,true
3277c25f-900a-5ad9-891a-9e571a4c21fa,KTA,7580201,7580201-1,Kỹ thuật xây dựng (Chuyên ngành Xây dựng công trình ngầm đô thị),tuyensinh247,360,true
8196116f-a027-52ce-b05a-add6ea35bf09,KTA,7580201,7580201-2,Kỹ thuật xây dựng (Chuyên ngành Quản lý dự án xây dựng),tuyensinh247,360,true
ed70108b-1653-54dd-9b08-98d664c05db8,KTA,7580201_1,7580201_1,Xây dựng công trình ngầm đô thị,tuyensinh247,360,true
0f75c9be-a755-529f-9d7d-a8eaf858ef6a,KTA,7580201_2,7580201_2,Quản lý dự án xây dựng,tuyensinh247,360,true
3e86c539-82ed-52c2-9876-f76d2eac3b4e,KTA,7580205,7580205,Kỹ thuật xây dựng công trình giao thông,tuyensinh247,360,true
103087f4-7ba5-5e0f-b3af-86a4ee4c058e,KTA,7580210,7580210,Kỹ thuật cơ sở hạ tầng (Chuyên ngành Kỹ thuật hạ tầng đô thị),tuyensinh247,360,true
964410d1-3347-54d5-9d04-049429a0d7e9,KTA,75802102,75802102,Kỹ thuật cơ sở hạ tầng (Chuyên ngành Công nghệ cơ điện công trình),tuyensinh247,360,true
619cf0e2-56fe-5ee3-82d9-a309e82d72f2,KTA,7580210_1,7580210_1,Kỹ thuật môi trường đô thị,tuyensinh247,360,true
c0140df1-8bc9-59d5-9fed-42f26df292f3,KTA,7580210_2,7580210_2,Công nghệ cơ điện công trình,tuyensinh247,360,true
84d400ab-7784-52b7-8898-232bd79bc5a4,KTA,7580210_l,7580210_l,Kỳ thuật cơ sờ hạ tầng (Chuyên ngành Kỹ thuật môi trường đô thị),tuyensinh247,360,true
32c97b44-ee27-5f59-aa74-a856ba05e571,KTA,7580213,7580213,Kỹ thuật cấp thoát nước,tuyensinh247,360,true
9189cde4-bc7e-5ab7-aa15-9356cc82d3fd,KTA,7580301,7580301,Kinh tế Xây dựng,tuyensinh247,360,true
8d0d71b5-8415-529a-9434-1cb6397f05fc,KTA,7580301,7580301-1,Kinh tế Xây dựng (Chuyên ngành Kinh tế đầu tư),tuyensinh247,360,true
64e8eda8-25f9-54a9-bb72-34a7ee9ea9d9,KTA,7580301_1,7580301_1,Kinh tế xây dựng (Chuyên ngành Kinh tế đầu tư),tuyensinh247,360,true
709acd0d-58df-5957-b9ab-27d07d03a24b,KTA,7580302,7580302,Quản lý xây dựng,tuyensinh247,360,true
0c11d90d-1763-5fdc-9e1f-7bbf1c0cc575,KTA,7580302,7580302-1,Quản lý xây dựng (Chuyên ngành Quản lý bất động sản),tuyensinh247,360,true
f63375fe-dbe8-5a29-a124-440d286edcd9,KTA,7580302,7580302-2,Quản lý xây dựng (Chuyên ngành Quản lý vận tải và Logistics),tuyensinh247,360,true
896de0a1-63d5-5afd-b1fa-911166c26500,KTA,7580302,7580302-3,Quản lý xây dựng (Chuyên ngành Kinh tề phát triển),tuyensinh247,360,true
64d79689-252e-5f99-86ea-85a5ad2af30f,KTA,7580302_1,7580302_1,Quản lý xây dựng (Chuyên ngành Quản lý bất động sản),tuyensinh247,360,true
86ec901c-d2d1-5241-a955-c46378bd6691,KTA,7580302_2,7580302_2,Quản lý xây dựng (Chuyên ngành Quản lý vận tải và Logistics),tuyensinh247,360,true
fba82006-7c29-5d5e-9384-6ab14db6a169,KTA,7580302_3,7580302_3,Quản lý xây dựng (Chuyên ngành Kinh tế phát triển),tuyensinh247,360,true
1ee6484e-e2ff-5e7f-8805-560e941aa9f7,LAH,7860201,7860201,Chỉ huy tham mưu Lục quân,tuyensinh247,280,true
e89b8c1b-1875-5894-bd37-d2882a897d34,LAH,7860222,7860222_QK1,Quân sự cơ sở - Quân khu 1,tuyensinh247,280,true
c32061a1-33d7-59a9-a358-dd901b541f9b,LAH,7860222,7860222_QK2,Quân sự cơ sở - Quân khu 2,tuyensinh247,280,true
6d85a3d5-15c9-51bf-8e8e-9cead1bbfe0f,LAH,7860222,7860222_QK3,Quân sự cơ sở - Quân khu 3,tuyensinh247,280,true
66b65027-05c0-5367-a15e-69958093c49a,LAH,7860222,7860222_QK4,Quân sự cơ sở - Quân khu 4,tuyensinh247,280,true
7e151e5b-f337-59cc-b346-bad37340eb8b,LBH,7860201,7860201_4,Chỉ huy tham mưu Lục quân,tuyensinh247,283,true
f7146285-28e9-52d7-8390-103a66271e11,LBH,7860201,7860201_5,Chỉ huy tham mưu Lục quân,tuyensinh247,283,true
03f3b8c8-7e88-57f1-939e-294b0df6d709,LBH,7860201,7860201_7,Chỉ huy tham mưu Lục quân,tuyensinh247,283,true
3b890f54-625d-50b4-bda9-6187ee145e13,LBH,7860201,7860201_9,Chỉ huy tham mưu Lục quân,tuyensinh247,283,true
a288c146-c9f1-52f5-9daa-96b176b5ad08,LDA,7220201,7220201,Ngôn ngữ Anh,tuyensinh247,316,true
38a24682-a77e-5630-a734-15d47e32d5f7,LDA,7310101,7310101,Kinh tế,tuyensinh247,316,true
868b7674-fed2-5ef5-ad1e-963a9cb98c23,LDA,7310301,7310301,Xã hội học,tuyensinh247,316,true
8ed8a731-afb9-5e55-99ce-0fe7cc75cda8,LDA,7310630,7310630,Việt Nam học,tuyensinh247,316,true
83a9e79f-c9d7-5bc2-bc5a-c57bfdfd931a,LDA,7320105,7320105,Truyền thông đại chúng,tuyensinh247,316,true
f9d72388-007b-5ca2-9f8f-5c9faf85cc06,LDA,7340101,7340101,Quản trị kinh doanh,tuyensinh247,316,true
18e3cdb7-075b-5177-8bf6-6e3cd1ed07e0,LDA,7340101P,7340101P,Quản trị kinh doanh (chương trình định hướng chuyên sâu nghề nghiệp quốc tế - IPOP),tuyensinh247,316,true
96c421ce-bcd7-5384-ac13-05b5ad59ad9c,LDA,7340201,7340201,Tài chính - Ngân hàng,tuyensinh247,316,true
c17b774e-0432-5dbb-8784-cf733e311d71,LDA,7340301,7340301,Kế toán,tuyensinh247,316,true
46e5abd9-c624-5a1c-9c1c-ff88b20cb0b1,LDA,7340404,7340404,Quản trị nhân lực,tuyensinh247,316,true
ff907564-5dc5-5676-bb7d-245ebe9ec543,LDA,7340408,7340408,Quan hệ lao động,tuyensinh247,316,true
60f67043-dadf-573b-8e7d-244add3e6cff,LDA,7380101,7380101,Luật,tuyensinh247,316,true
2a7a5652-20af-537d-b92e-fc299383dd2b,LDA,7460108,7460108,Khoa học dữ liệu,tuyensinh247,316,true
5a513625-d258-53ba-b0e1-a8dc13e01f1b,LDA,7480201,7480201,Công nghệ thông tin,tuyensinh247,316,true
57a3f88d-6210-5f82-92cb-ab82fed89104,LDA,7760101,7760101,Công tác xã hội,tuyensinh247,316,true
3790a297-f926-5477-9c27-f5460b0695d2,LDA,7810101,7810101,Du lịch,tuyensinh247,316,true
d45106d2-2b01-5766-8eeb-0bb6affd4f2b,LDA,7850201,7850201,Bảo hộ lao động,tuyensinh247,316,true
cdaaf2d8-dea2-5019-80e8-2ef3a7ca08a1,LNH,7310101,7310101,Kinh tế,tuyensinh247,370,true
24f109e1-82bb-5207-a6f2-7882c37d1997,LNH,7340101,7340101,Quản trị kinh doanh,tuyensinh247,370,true
936e70c3-96a2-5681-968d-ccdb280c2842,LNH,7340116,7340116,Bất động sản,tuyensinh247,370,true
60f01ef6-7962-5e92-9972-607f4a0adfc4,LNH,7340201,7340201,Tài chính - Ngân hàng,tuyensinh247,370,true
87dec95e-becc-549a-b59a-a10e44b7654e,LNH,7340301,7340301,Kế toán,tuyensinh247,370,true
af57996b-6aa7-588c-b8ef-011863aa9d53,LNH,7420201,7420201,Công nghệ sinh học,tuyensinh247,370,true
6f00eccf-621b-58e2-b94f-0761c3754548,LNH,7440301,7440301,Khoa học môi trường,tuyensinh247,370,true
eadcff6b-ac3c-52e0-8df5-0fb759b6fb68,LNH,7480104,7480104,Hệ thống thông tin,tuyensinh247,370,true
aba14e8e-c0c1-5c89-b914-292ded8faf0d,LNH,7510203,7510203,Công nghệ kỹ thuật cơ điện tử,tuyensinh247,370,true
771e52d1-c302-5ae6-9af6-ea93ff149890,LNH,7510205,7510205,Công nghệ kỹ thuật ô tô,tuyensinh247,370,true
a393e602-2e46-5de3-8e1a-9dd91fefb338,LNH,7510605,7510605,Logistics và Quản lý chuỗi cung ứng,tuyensinh247,370,true
99144c8b-bdee-5f52-b605-887cdb947783,LNH,7520103,7520103,Kỹ thuật cơ khí,tuyensinh247,370,true
636fe994-2fc4-5009-a9e4-3762510a493b,LNH,7520118,7520118,Kỹ thuật hệ thống công nghiệp,tuyensinh247,370,true
4f7c0838-1399-5a99-8f35-7ebc3a04c89d,LNH,7549001,7549001,Công nghệ chế biến lâm sản,tuyensinh247,370,true
ae438323-3b39-50b5-8a2c-897b4dd92f00,LNH,7580102,7580102,Kiến trúc cảnh quan,tuyensinh247,370,true
36b4c4d8-5cca-5518-9b0d-ec869718ee3d,LNH,7580108,7580108,Thiết kế nội thất,tuyensinh247,370,true
806db253-9e5c-5cf3-9ab5-d15027613597,LNH,7580201,7580201,Kỹ thuật xây dựng,tuyensinh247,370,true
386f0d15-c37b-53ad-a2f9-de8184838faa,LNH,7580302,7580302,Quản lý xây dựng,tuyensinh247,370,true
b6d1f586-1d8e-56d5-b3d0-a3bbe8b2ab06,LNH,7620105,7620105,Chăn nuôi,tuyensinh247,370,true
de6aa5c2-2922-538e-a089-3115575a0a0b,LNH,7620110,7620110,Khoa học cây trồng,tuyensinh247,370,true
d93576cc-0018-578f-ac04-bcf892732e82,LNH,7620201,7620201,Lâm học,tuyensinh247,370,true
682baaa6-7a98-52c4-a71a-c41ee8b9a838,LNH,7620202,7620202,Lâm nghiệp đô thị (Cây xanh đô thị),tuyensinh247,370,true
4a567c90-5a21-5b1d-bbd6-dd4dc24c4879,LNH,7620205,7620205,Lâm sinh,tuyensinh247,370,true
a2524a8c-a54c-57b2-ad5e-6e5ad3ecae0e,LNH,7620210,7620210,Lâm nghiệp,tuyensinh247,370,true
5f1e6133-e207-5ed4-808d-bd10294849f9,LNH,7620211,7620211,Quản lý tài nguyên rừng,tuyensinh247,370,true
60559cf7-e495-548c-8614-32c67d398197,LNH,7640101,7640101,Thú y,tuyensinh247,370,true
80865a4b-22a0-5b90-a792-957443a496d2,LNH,7760101,7760101,Công tác xã hội,tuyensinh247,370,true
4c8ea9e2-2e86-5d16-82f0-ea7ea34c953f,LNH,7810103,7810103,Quản trị dịch vụ du lịch và lữ hành,tuyensinh247,370,true
bfecafab-74e3-59ce-a682-5c09fbe27e71,LNH,7850101,7850101,Quản lý tài nguyên và Môi trường,tuyensinh247,370,true
d55015df-7344-537e-827e-f98ace35906c,LNH,7850103,7850103,Quản lý đất đai,tuyensinh247,370,true
57dd46b3-e2b1-5480-9f6a-314bad4cb61a,LNH,7850104,7850104,Du lịch sinh thái,tuyensinh247,370,true
3f62d442-365e-53e5-90dc-93b355ba5ea5,LNH,7850106,7850106,Quản lý tài nguyên thiên nhiên,tuyensinh247,370,true
c5312148-9a2f-5b33-bc0e-78db168081d0,LNH,7908532A,7908532A,Quản lý tài nguyên thiên nhiên,tuyensinh247,370,true
6061d841-bd3a-50ff-b947-e40559ed3307,LPH,7220201,7220201,Ngôn ngữ Anh,tuyensinh247,368,true
09cc797d-23a1-5e50-91f8-a7f7eb808b4b,LPH,7380101,7380101,Luật,tuyensinh247,368,true
4b8e9fc7-9b00-5769-8d61-52f62418ad89,LPH,7380101LK,7380101LK,"Luật (liên kết với Đại học Arizona, Hoa Kỳ)",tuyensinh247,368,true
b6566b79-9142-5f71-bfe2-0ae4a2fc0947,LPH,7380101PH,7380101PH,Luật (đào tạo tại Phân hiệu Đắk Lắk),tuyensinh247,368,true
3dce8e11-a410-53c0-885a-09d32a5922d7,LPH,7380107,7380107,Luật kinh tế,tuyensinh247,368,true
ecb2e504-159a-5bc0-8ebc-a04a0de36215,LPH,7380109,7380109,Luật thương mại quốc tế,tuyensinh247,368,true
ed53e373-f342-536c-af01-3bca7ba92228,MDA,7220201,7220201,Ngôn ngữ Anh,tuyensinh247,375,true
0144bd3d-9b7b-510c-9523-61d42737fcfd,MDA,7220204,7220204,Ngôn ngữ Trung Quốc,tuyensinh247,375,true
43b8161f-21a9-5416-8461-c70b14a5ac64,MDA,7340101,7340101,Quản trị kinh doanh,tuyensinh247,375,true
cb59b50c-43b3-5ee0-9d99-fd5b2c6b79a0,MDA,7340201,7340201,Tài chính - Ngân hàng,tuyensinh247,375,true
5412ea53-afa6-5c2e-9f9d-dc0e26148a14,MDA,7340301,7340301,Kế toán,tuyensinh247,375,true
90bfbb7c-88d0-5965-8166-fa5ba8880871,MDA,7440201,7440201,Địa chất học,tuyensinh247,375,true
673cfba6-98dc-5eca-89aa-ac97ee18a76c,MDA,7440229,7440229,Quản lý và phân tích dữ liệu khoa học,tuyensinh247,375,true
d32b6c3a-f979-5cd4-b12e-280c0571eb13,MDA,7460108,7460108,Khoa học dữ liệu,tuyensinh247,375,true
3f39d294-01b3-5b7f-8c29-c0c3bc64cbf4,MDA,7480109,7480109,Khoa học dữ liệu,tuyensinh247,375,true
677af1a4-ddeb-5f53-b9b1-01cf83d2c89f,MDA,7480201,7480201,Công nghệ thông tin,tuyensinh247,375,true
3df8189b-5a4d-5d40-9da7-dde01ce97470,MDA,7480201_CLC,7480201_CLC,Công nghệ thông tin CLC,tuyensinh247,375,true
86bc9f59-dc6d-5168-a7b0-1687fc77e073,MDA,7480206,7480206,Địa tin học,tuyensinh247,375,true
03273f91-0465-5e6c-af09-14072c59fdea,MDA,7510301,7510301,"Công nghệ Kỹ thuật điện, điện tử",tuyensinh247,375,true
e5922530-15c9-5d0d-a3ae-9cd9b6c57e67,MDA,7510401,7510401,Công nghệ kỹ thuật hóa học,tuyensinh247,375,true
6581a110-febb-533a-a476-61e34c668098,MDA,7510601,7510601,Quản lý công nghiệp,tuyensinh247,375,true
f8eb218c-f7ca-5989-90d4-2eb4731d72b6,MDA,7520103,7520103,Kỹ thuật cơ khí,tuyensinh247,375,true
1c3c411c-1c79-5c97-937e-cbd8f5dc4565,MDA,7520107,7520107,Kỹ thuật Robot,tuyensinh247,375,true
1ee46f7c-a6d0-5643-bd25-4914919ba0f9,MDA,7520114,7520114,Kỹ thuật cơ điện tử,tuyensinh247,375,true
16afcbf5-ec17-554c-9b20-5dbd2a0474e2,MDA,7520116,7520116,Kỹ thuật cơ khí động lực,tuyensinh247,375,true
0930c624-7c6c-508e-bc93-3e6a9e277cff,MDA,7520121,7520121,Kỹ thuật không gian,tuyensinh247,375,true
a3d92133-0ffd-5077-833a-46204ebc1676,MDA,7520130,7520130,Kỹ thuật ô tô,tuyensinh247,375,true
d72adf7f-1647-5a06-bf35-f4fb7053d6d9,MDA,7520201,7520201,Kỹ thuật điện,tuyensinh247,375,true
d52e64aa-07bf-5738-93f6-799d9c058879,MDA,7520216,7520216,Kỹ thuật điều khiển và tự động hoá,tuyensinh247,375,true
5020fa12-434a-592a-96ae-cdb38fa034f2,MDA,7520218,7520218,Kỹ thuật Robot và Trí tuệ nhân tạo,tuyensinh247,375,true
3f12640a-9eda-51d8-870d-a6e6d7c3fd2e,MDA,7520301,7520301,Kỹ thuật hoá học (Chương trình tiên tiến),tuyensinh247,375,true
82dd2334-d510-51bb-a801-f544a4833fab,MDA,7520309,7520309,Kỹ thuật vật liệu,tuyensinh247,375,true
56016558-f4ca-58c4-9cdb-76be4e5039be,MDA,7520320,7520320,Kỹ thuật môi trường,tuyensinh247,375,true
b83b3b1a-77ca-5533-8415-0f5a9630bc08,MDA,7520501,7520501,Kỹ thuật địa chất,tuyensinh247,375,true
61cca6d6-2a62-5fb8-bfd0-6163e1861ec8,MDA,7520502,7520502,Kỹ thuật địa vật lý,tuyensinh247,375,true
b3690b2d-fb99-558f-82cb-d5cccb6b070c,MDA,7520503,7520503,Kỹ thuật trắc địa - bản đồ,tuyensinh247,375,true
25534421-e69d-5d61-97a2-3669ed97fe48,MDA,7520505,7520505,Đá quý Đá mỹ nghệ,tuyensinh247,375,true
02e4b2a7-2081-52ca-b169-3d69dfceb777,MDA,7520601,7520601,Kỹ thuật mỏ,tuyensinh247,375,true
d45da281-ecd8-585a-b60f-847120ae58df,MDA,7520604,7520604,Kỹ thuật dầu khí,tuyensinh247,375,true
b38ae83a-fce9-5d20-b040-8230c92934d1,MDA,7520605,7520605,Kỹ thuật khí thiên nhiên,tuyensinh247,375,true
c08761ae-1405-5d6f-a4df-b74be82e61f4,MDA,7520606,7520606,Công nghệ số trong thăm dò và khai thác tài nguyên thiên nhiên,tuyensinh247,375,true
364e2239-9546-5b3e-9df0-4dae3612bca6,MDA,7520607,7520607,Kỹ thuật tuyển khoáng,tuyensinh247,375,true
00d17996-76cb-59b6-8b00-52ac815cd0a7,MDA,7580106,7580106,Quản lý đô thị và công trình,tuyensinh247,375,true
a0139baf-57d3-5e28-ad26-1fbf216e7496,MDA,7580109,7580109,Quản lý phát triển đô thị và bất động sản,tuyensinh247,375,true
d1d03e7c-3615-5635-916f-2c80362458be,MDA,7580201,7580201,Kỹ thuật xây dựng,tuyensinh247,375,true
3ed9e0de-d016-5078-894e-c57fd1a02280,MDA,7580204,7580204,Xây dựng công trình ngầm thành phố và Hệ thống tàu điện ngầm,tuyensinh247,375,true
74a0a55d-974e-51e5-bfee-31b0e7b53204,MDA,7580205,7580205,Kỹ thuật xây dựng công trình giao thông,tuyensinh247,375,true
56865ecf-2de3-5c1e-8640-27da52a92634,MDA,7580211,7580211,Địa kỹ thuật xây dựng,tuyensinh247,375,true
b3352b6b-559c-5557-b05a-0394e4aa75bf,MDA,7580212,7580212,Kỹ thuật tài nguyên nước,tuyensinh247,375,true
a21ae01a-9153-5f2c-aa39-261272fee78b,MDA,7580302,7580302,Quản lý xây dựng,tuyensinh247,375,true
4a2a7c06-0c66-55ae-8c5c-e272091547d8,MDA,7720203,7720203,Hóa dược,tuyensinh247,375,true
7d5ad474-ec27-585c-9438-6a9adcc3645a,MDA,7810105,7810105,Du lịch địa chất,tuyensinh247,375,true
7ea5a734-328f-56d6-93e2-fd67fd047636,MDA,7850101,7850101,Quản lý tài nguyên và môi trường,tuyensinh247,375,true
c2e6034f-cd63-50e6-973b-fdaa997f1b20,MDA,7850103,7850103,Quản lý đất đai,tuyensinh247,375,true
890c6011-acfa-5f58-a96e-6dc0531ddc23,MDA,7850196,7850196,Quản lý tài nguyên khoáng sản,tuyensinh247,375,true
e9508854-af76-5c02-a502-5de469e64e1a,MDA,7850202,7850202,"An toàn, Vệ sinh lao động",tuyensinh247,375,true
4e8890e0-0151-5d0c-8847-2bb069b8b879,MHN,7210402,7210402,Thiết kế công nghiệp (gồm 3 chuyên ngành: Thiết kế nội thất; Thiết kế thời trang; Thiết kế đồ họa),tuyensinh247,296,true
b08c52d2-3e64-5de7-9fd6-a36977627947,MHN,7210403,7210403,Thiết kế đồ họa,tuyensinh247,296,true
92b41980-45da-5a2b-b0d7-7dde27defb9a,MHN,7210404,7210404,Thiết kế thời trang,tuyensinh247,296,true
b002a5b0-12bf-5232-bad2-c12baeecc06f,MHN,7220201,7220201,Ngôn ngữ Anh,tuyensinh247,296,true
0954680a-c9cf-5205-9acb-7b68f8b12d7a,MHN,7220204,7220204,Ngôn ngữ Trung Quốc,tuyensinh247,296,true
e7b16e9c-8706-58db-bf96-4ec3ee5912d5,MHN,7340101,7340101,Quản trị kinh doanh,tuyensinh247,296,true
9651acd4-f04a-5e82-916f-8be92f972583,MHN,7340122,7340122,Thương mại điện tử,tuyensinh247,296,true
272a6452-ef3a-5727-ab4d-fa087e66f8e6,MHN,7340201,7340201,Tài chính - Ngân hàng,tuyensinh247,296,true
39316c89-e313-50b6-b590-099b03d2c87a,MHN,7340204,7340204,Bảo hiểm,tuyensinh247,296,true
a9523b8a-8d45-5459-82f3-88bc13628a4a,MHN,7340301,7340301,Kế toán,tuyensinh247,296,true
00d0aa18-2710-561c-a5f1-541173fd94bd,MHN,7380101,7380101,Luật,tuyensinh247,296,true
21b06250-9733-5f97-8bec-711bc54091b3,MHN,7380101_C00,7380101_C00,Luật (THXT C00),tuyensinh247,296,true
65bf17a3-4ca4-5b54-bfa0-fb7950b8ba07,MHN,7380107,7380107,Luật kinh tế,tuyensinh247,296,true
870633cb-56c0-5ada-9bed-66d42ea5e652,MHN,7380107_C00,7380107_C00,Luật kinh tế (THXT C00),tuyensinh247,296,true
99fe8467-17b8-5397-86ac-2e89fd25f31e,MHN,7380108,7380108,Luật quốc tế,tuyensinh247,296,true
b551efe6-4d87-597a-bc5e-2d01d78214b9,MHN,7380108_C00,7380108_C00,Luật quốc tế (THXT C00),tuyensinh247,296,true
e6a9b033-5c51-55f4-a8d1-27fcadfd24dc,MHN,7420201,7420201,Công nghệ sinh học,tuyensinh247,296,true
212cdbd2-8cc8-5e31-adba-d09c0f7e7b7f,MHN,7480201,7480201,Công nghệ thông tin,tuyensinh247,296,true
c8ce22ae-1459-5bfd-bf92-3cfd3b1068ee,MHN,7510302,7510302,Công nghệ kỹ thuật điện tử - viễn thông,tuyensinh247,296,true
60d38a36-aad6-54f5-bfeb-0ef73c84bed8,MHN,7510303,7510303,Công nghệ kỹ thuật điều khiển và tự động hóa,tuyensinh247,296,true
0560dd38-01c0-5b5d-a110-94111dfece26,MHN,7540101,7540101,Công nghệ thực phẩm,tuyensinh247,296,true
169cf581-0477-52e4-a862-006e394e21da,MHN,7580101,7580101,Kiến trúc,tuyensinh247,296,true
a267da2e-6028-5581-bbf2-a11e81c10b16,MHN,7580108,7580108,Thiết kế nội thất,tuyensinh247,296,true
4ebc2c9b-84f9-53dd-8e6b-76f7b3716a26,MHN,7810103,7810103,Quản trị dịch vụ du lịch và lữ hành,tuyensinh247,296,true
5cfff814-bedd-5429-b915-1f46f7de0979,MHN,7810201,7810201,Quản trị khách sạn,tuyensinh247,296,true
19ce31f9-e8de-5eb4-8c92-2a02bca801aa,MTC,7210103,7210103,Hội họa,tuyensinh247,372,true
5a08b237-c978-57a1-b2af-adc0e9dccc13,MTC,7210105,7210105,Điêu khắc,tuyensinh247,372,true
b7232d27-52f0-54df-9162-52541160db5e,MTC,7210107,7210107,Gốm,tuyensinh247,372,true
23d7ee61-f3ab-517e-86d5-167ab894e4e9,MTC,7210402,7210402,Thiết kế công nghiệp,tuyensinh247,372,true
145ab05a-0e38-5ae7-9717-9c2d9888137c,MTC,7210403,7210403,Thiết kế Đồ họa,tuyensinh247,372,true
3d7ebfdb-d067-5f8d-b1a9-46dd00f3d9e0,MTC,7210404,7210404,Thiết kế thời trang,tuyensinh247,372,true
ccb039a7-139f-50e7-be6e-0a17a54cf224,MTC,7580108,7580108,Thiết kế Nội thất,tuyensinh247,372,true
21ba8693-7b4b-5ba1-a412-76eeb30889cb,NHF,7220201,7220201,Ngôn ngữ Anh,tuyensinh247,336,true
8a3b357e-8a7c-5418-b501-857d11343dd2,NHF,7220201,7220201 TT,Ngôn ngữ Anh - CTTT,tuyensinh247,336,true
b2314414-e29a-5b5d-885d-c27bfc16cd6f,NHF,7220202,7220202,Ngôn ngữ Nga,tuyensinh247,336,true
e402c741-a136-5425-9f50-41e6ac57549b,NHF,7220203,7220203,Ngôn ngữ Pháp,tuyensinh247,336,true
db952711-f377-50a7-9ef2-30b3d4a6ffde,NHF,7220204,7220204,Ngôn ngữ Trung Quốc,tuyensinh247,336,true
fb7645e1-e6e3-5da3-95ca-538033832f57,NHF,7220204,7220204 CLC,Ngôn ngữ Trung Quốc - Chất lượng cao,tuyensinh247,336,true
4c719fbd-82f2-5614-a91e-5c4ced4dcc14,NHF,7220204,7220204 TT,Ngôn ngữ Trung Quốc - CTTT,tuyensinh247,336,true
a58b248c-017e-54bc-87da-1f78d3051f4f,NHF,7220205,7220205,Ngôn ngữ Đức,tuyensinh247,336,true
bda2c4d0-9306-5295-afcc-c5da56b7a10e,NHF,7220206,7220206,Ngôn ngữ Tây Ban Nha,tuyensinh247,336,true
a6c5d865-33c6-5efe-b52c-2598c3a6281c,NHF,7220207,7220207,Ngôn ngữ Bồ Đào Nha,tuyensinh247,336,true
baf19859-73c4-5348-870e-f86c957ca4ae,NHF,7220208,7220208,Ngôn ngữ Italia,tuyensinh247,336,true
9fd12c0f-e73d-57ce-868f-1c85f4e3b388,NHF,7220208,7220208 CLC,Ngôn ngữ Italia - Chất lượng cao,tuyensinh247,336,true
1b6dad3a-c1c7-567e-b34f-61cbd493f797,NHF,7220208,7220208 TT,Ngôn ngữ Italia - CTTT,tuyensinh247,336,true
f97ec5f6-ed12-5c75-b077-dff8ca3c1ae3,NHF,7220209,7220209,Ngôn ngữ Nhật,tuyensinh247,336,true
780b287c-02e8-5c12-9702-7aace4d7fce7,NHF,7220210,7220210,Ngôn ngữ Hàn Quốc,tuyensinh247,336,true
d18d8040-864f-5e11-baf5-352225147882,NHF,7220210,7220210 CLC,Ngôn ngữ Hàn Quốc - Chất lượng cao,tuyensinh247,336,true
ad0ad710-e22f-57cc-bff8-7e8209bbcd14,NHF,7220210,7220210 TT,Ngôn ngữ Hàn Quốc - CTTT,tuyensinh247,336,true
58addf69-4679-54d1-862b-5929cea30fbd,NHF,7310111,7310111,Nghiên cứu phát triển (dạy bằng tiếng Anh),tuyensinh247,336,true
69ccb285-1656-542d-8342-553a9e5f9a78,NHF,7310601,7310601,Quốc tế học (dạy bằng tiếng Anh),tuyensinh247,336,true
407f0f77-7401-5e57-b2e7-12813f200dc0,NHF,7320104,7320104,Truyền thông đa phương tiện (dạy bằng tiếng Anh),tuyensinh247,336,true
6b1d2c9c-a0ae-54f2-a3f9-f42914a43d58,NHF,7320109,7320109,Truyền thông doanh nghiệp (dạy bằng tiếng Pháp),tuyensinh247,336,true
d07de7c1-6ebf-52b7-9a63-0e867231891f,NHF,7340101,7340101,Quản trị kinh doanh (dạy bằng tiếng Anh),tuyensinh247,336,true
483ed30f-4815-5258-a015-bebe8c5c8b89,NHF,7340115,7340115,Marketing (dạy bằng tiếng Anh),tuyensinh247,336,true
fd770351-c8be-5c7a-ad34-b0c7672e7712,NHF,7340201,7340201,Tài chính - Ngân hàng (dạy bằng tiếng Anh),tuyensinh247,336,true
54ad73d7-548f-5bea-9896-2b7f2ef68ac7,NHF,7340205,7340205,Công nghệ tài chính (dạy bằng tiếng Anh),tuyensinh247,336,true
561697d6-5506-5db8-b2ba-40102553b144,NHF,7340301,7340301,Kế toán (dạy bằng tiếng Anh),tuyensinh247,336,true
99173b57-48a2-5d7e-83fb-26d9fb6357b9,NHF,7480201,7480201,Công nghệ thông tin (dạy bằng tiếng Anh),tuyensinh247,336,true
24f9932b-5bc1-5d3f-a74c-5ad88b1457cc,NHF,7480201,7480201 CLC,Công nghệ thông tin (dạy bằng tiếng Anh) - CLC,tuyensinh247,336,true
e9cc3938-b90e-532e-b497-fd6f303fc91c,NHF,7480201,7480201 TT,Công nghệ thông tin (dạy bằng tiếng Anh) - CTTT,tuyensinh247,336,true
21b728e5-e26e-53a7-aa25-7b72c4a78fe1,NHF,7810103,7810103,Quản trị dịch vụ du lịch và lữ hành (dạy bằng tiếng Anh),tuyensinh247,336,true
a09e9726-2098-51cd-a5c9-8a81990c2a17,NHF,7810103,7810103 CLC,Quản trị dịch vụ du lịch và lữ hành (dạy bằng tiếng Anh) - CLC,tuyensinh247,336,true
222a8dad-8a59-5d07-a316-0c5437134550,NHF,7810103,7810103 TT,Quản trị dịch vụ du lịch và lữ hành (dạy bằng tiếng Anh) - CTTT,tuyensinh247,336,true
5be5e52d-1239-5f4d-8f58-a35b46b8b4a6,NHH,7220201,7220201,Ngôn ngữ Anh,tuyensinh247,247,true
368693d6-f9f3-5faf-8970-132e42ef8cdb,NHH,7310101,7310101,Kinh tế,tuyensinh247,247,true
1eb69425-8be1-5d4c-9dd6-b747c1798a2b,NHH,7340101,7340101,Quản trị kinh doanh,tuyensinh247,247,true
ef57df0a-50b4-5b4e-9549-81eafcb1b2f1,NHH,7340101_AP,7340101_AP,Quản trị kinh doanh (Chương trình Chất lượng cao),tuyensinh247,247,true
b1bc6f9d-e87c-5cd6-8234-56ed83234a9d,NHH,7340101_IU,7340101_IU,"Quản trị kinh doanh (Liên kết với Đại học CityU, Hoa Kỳ. Cấp song bằng HVNH và Đại học CityU)",tuyensinh247,247,true
028391c8-6559-59d4-9641-6cac6fc7a89a,NHH,7340101_IV,7340101_IV,"Quản trị kinh doanh (Liên kết với Đại học CityU, Hoa Kỳ. HVNH cấp bằng)",tuyensinh247,247,true
a185f298-8190-5235-9649-8a1ad6eb74f2,NHH,7340120,7340120,Kinh doanh quốc tế,tuyensinh247,247,true
b9475843-87cd-5ed9-aaaf-d02b00a8633f,NHH,7340201,7340201,Tài chính ngân hàng,tuyensinh247,247,true
1a83a21e-88fd-5eb3-9293-ef4ca7e9fb37,NHH,7340201_AP,7340201_AP,Tài chính ngân hàng (Chương trình Chất lượng cao),tuyensinh247,247,true
79e08477-bcc0-546f-a505-2251613d82b2,NHH,7340201_AP_NH,7340201_AP_NH,Ngân hàng (Chương trình Chất lượng cao),tuyensinh247,247,true
24ab350c-ae72-5228-8fe3-01dcaa174e04,NHH,7340201_AP_TC,7340201_AP_TC,Tài chính (Chương trình Chất lượng cao),tuyensinh247,247,true
56de33da-de18-5575-9eed-dec9a127a721,NHH,7340201_NH,7340201_NH,Ngân hàng,tuyensinh247,247,true
a58de21c-8f9c-553b-b2ef-b3c2f0ae0d94,NHH,7340201_TC,7340201_TC,Tài chính,tuyensinh247,247,true
03214b89-6db6-582b-b6fb-2668644e9478,NHH,7340301,7340301,Kế toán,tuyensinh247,247,true
5f189252-212f-5e37-a001-752aff9caffa,NHH,7340301_AP,7340301_AP,Kế toán (Chương trình Chất lượng cao),tuyensinh247,247,true
cdf4ae3d-c7c8-5c25-abcc-30e18d081a0a,NHH,7340301_I,7340301_I,"Kế toán (Liên kết với Đại học Sunderland, Vương quốc Anh. Cấp song bằng HVNH và Đại học Sunderland)",tuyensinh247,247,true
572a5c8e-77bc-5684-8086-8b269189592e,NHH,7340301_J,7340301_J,Kế toán (Định hướng Nhật Bản. HVNH cấp bằng),tuyensinh247,247,true
64d6c011-f912-5899-a836-b04c4fd6d84f,NHH,7340405,7340405,Hệ thống thông tin quản lý,tuyensinh247,247,true
0db96e9e-4a70-5190-9e76-afae613c9430,NHH,7340405_J,7340405_J,Hệ thống thông tin quản lý (Định hướng Nhật Bản. HVNH cấp bằng),tuyensinh247,247,true
bcefc11c-8840-591f-9c3d-81ec638db847,NHH,7380107_A,7380107_A,Luật kinh tế,tuyensinh247,247,true
e488c87b-3c25-54cd-b331-5d6abf155985,NHH,7380107_C,7380107_C,Luật kinh tế,tuyensinh247,247,true
02418a64-5fc7-5fae-af6e-8037b2fb0226,NHH,7480201,7480201,Công nghệ thông tin,tuyensinh247,247,true
6786e02c-2b7f-5879-8510-7961743458d2,NHH,7480201_J,7480201_J,Công nghệ thông tin (Định hướng Nhật Bản),tuyensinh247,247,true
9cf33e3a-8a4d-5210-8422-a3049b506f4d,NHH,ACT01,ACT01,Chất lượng cao Kế toán,tuyensinh247,247,true
006dd7fb-b60e-50dd-9495-e60d45286c16,NHH,ACT02,ACT02,Kế toán,tuyensinh247,247,true
91873a8d-a794-56cd-8b7b-8f9170fc0d51,NHH,ACT03,ACT03,"Kế toán Sunderland, Anh (Cấp song bằng)",tuyensinh247,247,true
82129020-d983-58a3-b3f8-49db30426b92,NHH,ACT04,ACT04,Kiểm toán,tuyensinh247,247,true
9517934e-ee66-55dc-be61-2387fc56e825,NHH,BANK01,BANK01,Chất lượng cao Ngân hàng,tuyensinh247,247,true
98460437-9916-5d81-9992-7e6253d02570,NHH,BANK02,BANK02,Ngân hàng,tuyensinh247,247,true
44a0456d-ea76-5e17-8251-bb691165efe9,NHH,BANK03,BANK03,Ngân hàng số,tuyensinh247,247,true
83dfea40-712e-5e58-bf23-d13b8b20e023,NHH,BANK04,BANK04,"Tài chính – Ngân hàng Sunderland, Anh (Cấp song bằng)",tuyensinh247,247,true
0472374d-63a7-53b6-afd0-b7f72bb91df2,NHH,BANK05,BANK05,Ngân hàng và Tài chính quốc tế Coventry (Cấp song bằng),tuyensinh247,247,true
f59d5cfb-75ee-5e85-82ee-5fac0e002ec4,NHH,BANK06,BANK06,Chất lượng cao Ngân hàng và Tài chính quốc tế,tuyensinh247,247,true
ec1f3280-b67b-5542-9fda-a2167b4185d7,NHH,BANK07,BANK07,Chất lượng cao Ngân hàng trung ương và Chính sách công,tuyensinh247,247,true
5dc66dbf-a95c-58ef-b73f-54307e79ffb2,NHH,BANKK02,BANKK02,Ngân hàng,tuyensinh247,247,true
7f8321bd-d0ad-5b0b-8113-8fbd5d249513,NHH,BANKK03,BANKK03,Ngân hàng số,tuyensinh247,247,true
68530a61-2c3d-511a-93de-86a0a1a3a9d3,NHH,BUS01,BUS01,Chất lượng cao Quản trị kinh doanh,tuyensinh247,247,true
fc3aa268-1379-584b-bae9-3f9cbe2f4db1,NHH,BUS02,BUS02,Quản trị kinh doanh,tuyensinh247,247,true
f2803f84-3b55-5e59-b157-6bbbac94fd7a,NHH,BUS03,BUS03,Quản trị du lịch,tuyensinh247,247,true
d4419be0-05a7-5062-85a1-9e80a7edfc39,NHH,BUS04,BUS04,"Quản trị kinh doanh CityU, Hoa Kỳ (Cấp song bằng)",tuyensinh247,247,true
5e007896-8021-5cbf-9e3d-33c8a266f647,NHH,BUS05,BUS05,"Marketing số (ĐH Coventry, Anh cấp bằng)",tuyensinh247,247,true
90bb63b2-2783-55b6-8eca-2191662500c0,NHH,BUS06,BUS06,Chất lượng cao Marketing số,tuyensinh247,247,true
3746200f-45b9-5d06-ae4a-3dc2eb1a7bdf,NHH,BUS07,BUS07,Marketing,tuyensinh247,247,true
05898ab2-58db-55dd-b1fb-90abd15ace6c,NHH,DS01,DS01,Khoa học dữ liệu trong kinh tế và kinh doanh,tuyensinh247,247,true
f53c9cf6-89af-5feb-b16d-9507cc4b57a9,NHH,ECON01,ECON01,Kinh tế đầu tư,tuyensinh247,247,true
c2c8c9b5-0eeb-59e8-9233-ec1062b9fac2,NHH,ECON02,ECON02,Chất lượng cao Kinh tế đầu tư,tuyensinh247,247,true
63248071-2390-5daa-928a-947a73f06f67,NHH,FIN01,FIN01,Chất lượng cao Tài chính,tuyensinh247,247,true
5ae24839-9e4f-5f0f-a228-bf88c32be8ee,NHH,FIN02,FIN02,Tài chính,tuyensinh247,247,true
4380c26b-79c6-51aa-8a22-883ec4bd4a84,NHH,FIN03,FIN03,Công nghệ tài chính,tuyensinh247,247,true
5723cf52-aa50-51e4-849a-1fbe61e7bf05,NHH,FIN04,FIN04,Chất lượng cao Hoạch định và tư vấn tài chính,tuyensinh247,247,true
7454626b-79d1-5e11-839f-854a12635b7c,NHH,FL01,FL01,Ngôn ngữ Anh,tuyensinh247,247,true
67623353-c0fb-5895-8e8e-ac646b2f0de4,NHH,FL02,FL02,Chất lượng cao Ngôn ngữ Anh Tài chính - Ngân hàng,tuyensinh247,247,true
87a8ace7-37da-59a0-8875-bcd46f2eda67,NHH,IB01,IB01,Kinh doanh quốc tế,tuyensinh247,247,true
75f0eed0-8d98-5b45-ac69-9169ea15f686,NHH,IB02,IB02,Logistics và quản lý chuỗi cung ứng,tuyensinh247,247,true
187aae46-11dc-56c6-a0a1-ffef77bb5426,NHH,IB03,IB03,Kinh doanh quốc tế Coventry (Cấp song bằng),tuyensinh247,247,true
6e057415-734a-5313-8c98-1cc3e1d07718,NHH,IB04,IB04,Chất lượng cao Kinh doanh quốc tế,tuyensinh247,247,true
d2b77e9e-aa7c-5e97-8604-ff9c557389e5,NHH,IB05,IB05,Chất lượng cao Thương mại điện tử,tuyensinh247,247,true
8e196aaa-d2e8-5833-90c1-83b21a378205,NHH,IT01,IT01,Công nghệ thông tin,tuyensinh247,247,true
82a9415e-f8f6-5ab4-83bf-6eec012e5e87,NHH,LAW01,LAW01,Luật kinh tế,tuyensinh247,247,true
9ac0281b-4516-5506-8cca-0c9dea0949fd,NHH,LAW02,LAW02,Luật kinh tế,tuyensinh247,247,true
fb856203-cd6b-57f2-995a-5fa736dadb0f,NHH,MIS01,MIS01,Hệ thống thông tin quản lý,tuyensinh247,247,true
50ba6ec2-5b31-56eb-9062-2c52f6546e5a,NHH,MIS02,MIS02,Chất lượng cao Hệ thống thông tin quản lý,tuyensinh247,247,true
e25941dc-3b2c-5e34-8bda-c0293327f06e,NQH,7220201,7220201,Ngôn ngữ Anh,tuyensinh247,239,true
28e5f858-a4f2-576b-a67b-9629e06ec52c,NQH,7220201,7220201_Nam,Ngôn ngữ Anh (Thí sinh Nam),tuyensinh247,239,true
a618e1e2-03a8-5e71-a068-a7938d6ca383,NQH,7220201,7220201_Nu,Ngôn ngữ Anh (Thí sinh Nữ),tuyensinh247,239,true
e6b307b6-7b03-5082-bb15-d9864faf1944,NQH,7220202,7220202,Ngôn ngữ Nga,tuyensinh247,239,true
43d19976-9bd0-54b1-8faa-b56e9cf39e37,NQH,7220202,7220202_Nam,Ngôn ngữ Nga (Thí sinh Nam),tuyensinh247,239,true
f93e352e-9d37-504e-a9b7-5b090eb53817,NQH,7220202,7220202_Nu,Ngôn ngữ Nga (Thí sinh Nữ),tuyensinh247,239,true
01338430-54ac-53f1-97a8-812409b281da,NQH,7220204,7220204,Ngôn ngữ Trung Quốc,tuyensinh247,239,true
780c29d7-6672-5658-aecb-39e57994883f,NQH,7220204,7220204_Nam,Ngôn ngữ Trung Quốc (Thí sinh Nam),tuyensinh247,239,true
19dcbda2-5bd8-5080-98c9-463b9f898e85,NQH,7220204,7220204_Nu,Ngôn ngữ Trung Quốc (Thí sinh Nữ),tuyensinh247,239,true
ef8cdba1-21b5-55e7-9528-68741672234e,NQH,7310206,7310206,Quan hệ quốc tế,tuyensinh247,239,true
7b498f84-89cf-539f-a584-722708f7e056,NQH,7310206,7310206_Nam,Quan hệ quốc tế (Thí sinh Nam),tuyensinh247,239,true
53d59b3d-a7a7-58f1-b5fd-c234b4fe2748,NQH,7310206,7310206_Nu,Quan hệ quốc tế (Thí sinh Nữ),tuyensinh247,239,true
601b3993-9019-51d7-be97-51bb06e9e1b5,NQH,7860231,7860231,Trinh sát kỹ thuật,tuyensinh247,239,true
34c992a0-e050-5eb4-87a3-42c55df30944,NQH,7860231,7860231_Nam_B,"Trinh sát kỹ thuật (Thí sinh Nam, miền Bắc)",tuyensinh247,239,true
78ff261b-4514-58f7-bbac-cdaf2b9fdaa0,NQH,7860231,7860231_Nam_N,"Trinh sát kỹ thuật (Thí sinh Nam, miền Nam)",tuyensinh247,239,true
2e3ad387-4075-5848-b745-6ff26e357ffa,NTH,KDQH1,KDQH1.1,Chương trình tiêu chuẩn Kinh doanh quốc tế,tuyensinh247,382,true
01d7de22-5d3f-5708-bb0b-258b0a98d84c,NTH,KDQH2,KDQH2.1,Chương trình CLC Kinh doanh quốc tế,tuyensinh247,382,true
10a8005b-e8be-5195-94a5-c8e15477e522,NTH,KDQH2,KDQH2.2,Chương trình ĐHNNQT Logistics và Quản lý chuỗi cung ứng,tuyensinh247,382,true
6b857ce2-8003-555e-b836-3141fc008782,NTH,KDQH2,KDQH2.3,Chương trình ĐHNNQT Kinh doanh quốc tế theo mô hình tiên tiến Nhật Bản,tuyensinh247,382,true
ec67bf85-5870-5c7b-b67f-a7872fa8804f,NTH,KDQH2,KDQH2.4,Chương trình ĐHNNQT Kinh doanh số,tuyensinh247,382,true
022fc367-ad75-5d6f-8609-3a0d676b367a,NTH,KDQH4,KDQH4.1,Chương trình tiên tiến i-Hons hợp tác với Đại học Queensland về Kinh doanh quốc tế và Phân tích dữ liệu kinh doanh,tuyensinh247,382,true
8e7f3bbe-8bc3-5cd8-9b42-6cdbba8e4553,NTH,KDQQ1,KDQQ1.1,Chương trình tiêu chuẩn Kinh doanh quốc tế,tuyensinh247,382,true
9df8d2c9-ff7f-532a-ae19-bf6cea954328,NTH,KHMH2,KHMH2 .1,Chương trình Khoa học máy tính và dữ liệu trong kinh tế và kinh doanh,tuyensinh247,382,true
c8639aee-4595-5dd8-aec8-a78184129e09,NTH,KHMH2,KHMH2.1,Chương trình ĐHNNQT Khoa học máy tính và dữ liệu trong kinh tế và kinh doanh,tuyensinh247,382,true
715451a3-387a-5962-aa40-622d152c03fa,NTH,KTCH2,KTCH2.1,Chương trình ĐHPTQT Kinh tế chính trị quốc tế,tuyensinh247,382,true
02fbc844-63cb-503c-a741-458f14383b26,NTH,KTEH1,KTEH1.1,Chương trình tiêu chuẩn Kinh tế đối ngoại,tuyensinh247,382,true
52c14d97-a1dd-5c82-beae-4e1144b4b156,NTH,KTEH1,KTEH1.2,Chương trình tiêu chuẩn Thương mại quốc tế,tuyensinh247,382,true
8e99f966-e661-5a49-99ac-90a7b3708065,NTH,KTEH2,KTEH2.1,Chương trình CLC Kinh tế đối ngoại,tuyensinh247,382,true
b0926fae-9e3a-521b-85b5-cd68b77357f6,NTH,KTEH4,KTEH4.1,Chương trình tiên tiến Kinh tế đối ngoại,tuyensinh247,382,true
2ca0d351-0a57-5345-866a-8d559bc561b8,NTH,KTKH1,KTKH1.1,Chương trình tiêu chuẩn Kế toán - Kiểm toán,tuyensinh247,382,true
729a3109-2ff3-5e23-bd97-18f4478317cf,NTH,KTKH2,KTKH2.1,Chương trình ĐHNNQT Kế toán - Kiểm toán theo định hướng ACCA,tuyensinh247,382,true
8eaf7ff3-a464-5779-a679-315c255a239e,NTH,KTKQ1,KTKQ1.1,Chương trình tiêu chuẩn Kế toán - Kiểm toán,tuyensinh247,382,true
ff4d6751-9848-5263-8206-94fc071e7c23,NTH,KTQH,KTQH.1,CT TC Kinh tế quốc tế,tuyensinh247,382,true
211bd0d5-f1a6-51d1-9a0c-d5a22c157406,NTH,KTQH1,KTQH1.1,Chương trình tiêu chuẩn Kinh tế quốc tế,tuyensinh247,382,true
815f2e7d-88a7-5a10-8af0-e86b0df78609,NTH,KTQH1,KTQH1.2,Chương trình tiêu chuẩn Kinh tế và Phát triển quốc tế,tuyensinh247,382,true
d3c183e6-6c71-532d-938f-4aefacffe2b5,NTH,KTQH2,KTQH2.1,Chương trình CLC Kinh tế quốc tế,tuyensinh247,382,true
8c0f6656-48f1-577f-b51e-ae9606284f38,NTH,LAWH1,LAWH1.1,Chương trình tiêu chuẩn Luật thương mại quốc tế,tuyensinh247,382,true
715ec736-4e32-5e24-8fa6-1950496e7b5a,NTH,LAWH2,LAWH2.1,Chương trình ĐHNNQT Luật Kinh doanh quốc tế theo mô hình thực hành nghề nghiệp,tuyensinh247,382,true
ef58de31-1b3b-56fd-befb-771dccfbbb8d,NTH,MKTH2,MKTH2.1,Chương trình ĐHNNQT Marketing số,tuyensinh247,382,true
70bc03bb-7b57-5761-b343-3317d2fb2571,NTH,NNAH1,NNAH1.1,CT TC Tiếng Anh thương mại,tuyensinh247,382,true
ac05e01d-74ec-56aa-aa3a-3603ae65db0e,NTH,NNAH2,NNAH2.1,Chương trình CLC Tiếng Anh Thương mại,tuyensinh247,382,true
b9933242-c9d5-5493-b2e6-af6609ed06d2,NTH,NNNH1,NNNH1.1,Chương trình tiêu chuẩn Tiếng Nhật thương mại,tuyensinh247,382,true
6ebbd23d-61a2-5f2c-bc51-e9328a634254,NTH,NNNH2,NNNH2.1,Chương trình CLC ngành Tiếng Nhật thương mại,tuyensinh247,382,true
9b4bc9ca-e05b-5a4c-bb1d-1971fbd3b7b3,NTH,NNPH1,NNPH1.1,CT Tích hợp tiếng Pháp thương mại,tuyensinh247,382,true
0fd19c73-5dc8-5ff9-bce4-e748b06c4078,NTH,NNPH2,NNPH2.1,Chương trình CLC Tiếng Pháp thương mại,tuyensinh247,382,true
10848d27-a73f-526a-bb13-409c2d0088df,NTH,NNTH1,NNTH1.1,Chương trình tiêu chuẩn Tiếng Trung Thương mại,tuyensinh247,382,true
40cb81ad-b13f-5f40-9881-e42b0dfeb060,NTH,NNTH2,NNTH2.1,CT CLC Tiếng Trung thương mại,tuyensinh247,382,true
165433f6-9ac8-53a1-a22f-032be109708e,NTH,NTH01-01,NTH01-01,Ngành Luật,tuyensinh247,382,true
8ab62d9f-cf7d-5ef2-b1fb-4495d2f6fd10,NTH,NTH01-02,NTH01-02,Ngành Kinh tế; Kinh tế Quốc tế,tuyensinh247,382,true
608906bf-6e33-5867-aca5-548173cce6bb,NTH,NTH02,NTH02,"Quản trị kinh doanh, Kinh doanh quốc tế, Quản trị khách sạn",tuyensinh247,382,true
4cc88f26-6945-5fc2-bb81-ac8fb7df1150,NTH,NTH03,NTH03,Nhóm ngành (Tài chính - Ngân Hàng; Kế toán),tuyensinh247,382,true
ecf3663e-6f23-5c9f-98a0-1aab5e24701c,NTH,NTH04,NTH04,Ngôn ngữ Anh,tuyensinh247,382,true
31849404-f786-5f6e-9386-4e1da0a83411,NTH,NTH05,NTH05,Ngôn Ngữ Pháp,tuyensinh247,382,true
cdf3abaa-6249-54e6-905e-a2108ca526b1,NTH,NTH06,NTH06,Ngôn ngữ Trung,tuyensinh247,382,true
50804ba5-70f5-5028-be1e-ec5061adb271,NTH,NTH07,NTH07,Ngôn ngữ Nhật,tuyensinh247,382,true
461aaab3-dd82-5f99-8aa9-e77b87b8db6f,NTH,NTH08,NTH08,"Kế toán, Kinh doanh quốc tế",tuyensinh247,382,true
7b97e458-066e-5bd3-8f25-a28d4cabe097,NTH,NTH09,NTH09,Ngành Kinh tế chính trị,tuyensinh247,382,true
07dabe41-dea6-5030-99b6-356574b2d61d,NTH,NTH10,NTH10,Ngành Khoa học máy tính,tuyensinh247,382,true
e9d78a6d-beb6-5199-bc34-a0dd0b8004fd,NTH,QKSH2,QKSH2.1,Chương trình ĐHNNQT Quản trị khách sạn,tuyensinh247,382,true
504a10a1-9a0c-57c8-8462-ff31309efebb,NTH,QTKH1,QTKH1.1,Chương trình tiêu chuẩn Quản trị kinh doanh quốc tế,tuyensinh247,382,true
53b8c992-b682-5460-b314-3f9223fbd4e4,NTH,QTKH2,QTKH2.1,Chương trình CLC Quản trị kinh doanh quốc tế,tuyensinh247,382,true
88900d17-afd7-539a-9815-606f9839a16a,NTH,QTKH4,QTKH4.1,Chương trình tiên tiến Quản trị kinh doanh quốc tế,tuyensinh247,382,true
d55efebb-4f5d-5bd2-b5ee-fb4a298f6f66,NTH,TCHH1,TCHH1.1,Chương trình tiêu chuẩn Tài chính quốc tế,tuyensinh247,382,true
1e0b1bfe-b943-5965-99d4-af236970a19c,NTH,TCHH1,TCHH1.2,Chương trình tiêu chuẩn Ngân hàng,tuyensinh247,382,true
c1fedd82-102f-56ed-a187-69d65d314a91,NTH,TCHH1,TCHH1.3,Chương trình tiêu chuẩn Phân tích và đầu tư tài chính,tuyensinh247,382,true
d62df768-7f6a-5eb3-a000-0a292775e43e,NTH,TCHH2,TCHH2.1,Chương trình CLC Ngân hàng và Tài chính quốc tế,tuyensinh247,382,true
717b6b74-4fe7-53b0-92d0-8a82bc9a4769,NTH,TCHH4,TCHH4.1,Chương trình tiên tiến Tài chính - Ngân hàng,tuyensinh247,382,true
277c7481-0d16-5e53-8e33-751edf63afe7,NTU,7210403,7210403,Thiết kế đồ họa,tuyensinh247,384,true
772b2073-6eeb-5969-96a6-4ad56e76c385,NTU,7220209,7220209,Ngôn ngữ Nhật,tuyensinh247,384,true
f8901af1-353f-5c2d-9d2e-061d88bd9f33,NTU,7220210,7220210,Ngôn ngữ Hàn Quốc,tuyensinh247,384,true
614cec31-cde4-57ca-9cb3-9891301e4664,NTU,7310601,7310601,Quốc tế học,tuyensinh247,384,true
993b01ca-780c-58c6-adc2-dfa453f07738,NTU,7320108,7320108,Quan hệ công chúng,tuyensinh247,384,true
f924488d-8ee2-5e76-95e0-18a678790a98,NTU,7340101,7340101,Quản trị kinh doanh,tuyensinh247,384,true
4a3cff7a-d494-5ea6-b485-f74aac61d999,NTU,7340201,7340201,Tài chính ngân hàng,tuyensinh247,384,true
16d91071-f287-5f70-a62b-58fef6ecdd40,NTU,7340301,7340301,Kế toán,tuyensinh247,384,true
891b447b-7d62-55be-84ec-96f6c0f6768e,NTU,7480201,7480201,Công nghệ thông tin,tuyensinh247,384,true
7f5e36a3-0e8e-55d5-99ab-bb32e933ae21,NTU,7510102,7510102,Công nghệ kỹ thuật công trình xây dựng,tuyensinh247,384,true
f8768f1e-5727-5f6b-a247-d2f54605a0f7,NTU,7520320,7520320,Kỹ thuật môi trường,tuyensinh247,384,true
f0e7cce2-bcbb-5070-bba9-b3fd0b3ed7ff,NTU,7580101,7580101,Kiến trúc,tuyensinh247,384,true
248bd398-7d80-5441-bc31-60b3502afc7d,NTU,7580108,7580108,Thiết kế nội thất,tuyensinh247,384,true
c2294445-27f7-54a6-9773-4f3f9143f3f1,PKA,B01,B01,Công nghệ sinh học,tuyensinh247,423,true
bc444f8e-92df-536b-a097-4202f4e33f74,PKA,BI01,BI01,Công nghệ sinh học,tuyensinh247,423,true
1d5159e3-74d4-5613-8d1f-d20d33f2f571,PKA,BIO1,BIO1,CÔNG NGHỆ SINH HỌC,tuyensinh247,423,true
9503f4f2-9a1a-5887-8d2e-823fa8bdf286,PKA,BMS,BMS,Khoa học y sinh,tuyensinh247,423,true
9e898189-0f37-528c-8503-b1da38a8db16,PKA,CHE1,CHE1,Kỹ thuật hóa học,tuyensinh247,423,true
2725b81c-8bbd-53f1-9e90-9f4933e87343,PKA,DEN1,DEN1,Răng - Hàm - Mặt,tuyensinh247,423,true
ba9ae634-1700-5024-86c4-16d6f217ac3a,PKA,EEE-A1,EEE-A1,KỸ THUẬT ĐIỀU KHIỂN VÀ TỰ ĐỘNG HOÁ (TRÍ TUỆ NHÂN TẠO VÀ ROBOT - CÁC MÔN CHUYÊN NGÀNH HỌC BẰNG TIẾNG ANH),tuyensinh247,423,true
04222421-fdb5-557a-a1a1-b75450643f83,PKA,EEE-AI,EEE-AI,Kỹ thuật Robot và trí tuệ nhân tạo (Đào tạo song ngữ Việt - Anh),tuyensinh247,423,true
7675fe49-6d1d-58b7-92c0-df5414923455,PKA,EEE1,EEE1,Kỹ thuật điều khiển và tự động hóa,tuyensinh247,423,true
24c7fb09-61c6-5579-bf58-d1b42101986e,PKA,EEE2,EEE2,Kỹ thuật y sinh (Điện tử y sinh),tuyensinh247,423,true
89cc6dfc-1514-5db0-9dba-b93c78b0d943,PKA,EEE3,EEE3,Kỹ thuật điện tử - viễn thông (Hệ thống nhúng thông minh và IOT),tuyensinh247,423,true
3ffbd0c3-acd5-5359-8b81-9015b4c4a1ac,PKA,EEE4,EEE4,Kỹ thuật Điện tử - Viễn thông (Thiết kế vi mạch bán dẫn),tuyensinh247,423,true
8dd83e31-1475-58b7-af8c-f6268a8c870e,PKA,ENV1,ENV1,KHOA HỌC MÔI TRƯỜNG (SỨC KHOẺ MÔI TRƯỜNG VÀ PHÁT TRIỂN BỀN VỮNG),tuyensinh247,423,true
f0d4e5e6-016b-5aa8-9e11-b4bdc35ab7c7,PKA,F0L1,F0L1,Luật kinh tế,tuyensinh247,423,true
2c3e60fc-df6c-5e87-9479-dcfdf629a15d,PKA,F0L2,F0L2,Luật kinh doanh,tuyensinh247,423,true
7a1c3fb3-3432-5dc1-a62d-e46802bd3095,PKA,F0L3,F0L3,Luật,tuyensinh247,423,true
8ef6f951-3df6-554e-a815-c8ad06056efb,PKA,F0L4,F0L4,Luật quốc tế,tuyensinh247,423,true
057ff0f5-0d0c-56bd-bf24-4e8ea13b2b5c,PKA,F0L5,F0L5,Luật thương mại quốc tế,tuyensinh247,423,true
4cb726e4-a341-51bb-b6d0-2624f6076477,PKA,F0S1,F0S1,Đông Phương học,tuyensinh247,423,true
825af524-da1a-5b82-b4ce-4203ce4b2ddf,PKA,FBE1,FBE1,Quản trị kinh doanh,tuyensinh247,423,true
8fced2ee-1ffb-51d9-859e-bb04e75b1a35,PKA,FBE2,FBE2,Kế toán,tuyensinh247,423,true
e381acfe-7fcc-5645-ae7a-a0592323cd7d,PKA,FBE3,FBE3,Tài chính - Ngân hàng,tuyensinh247,423,true
af846872-54b8-57c5-bc3d-aa4cd09bf0e6,PKA,FBE4,FBE4,Quản trị nhân lực,tuyensinh247,423,true
eb510a68-2edf-5f2f-9447-7a8ab100c49e,PKA,FBE5,FBE5,Luật kinh tế,tuyensinh247,423,true
595b4df6-ac1f-50bd-8bda-2428ddd03799,PKA,FBE6,FBE6,Kinh doanh quốc tế (Các môn chuyên ngành học bằng Tiếng Anh),tuyensinh247,423,true
e4516fcc-2b46-575f-b14c-8579c35c111d,PKA,FBE7,FBE7,Logistics và Quản lý chuỗi cung ứng (Một số học phần chuyên ngành học bằng tiếng Anh),tuyensinh247,423,true
89e2d320-8416-5348-907b-7065ebf2a1fd,PKA,FBE8,FBE8,Marketing (Một số học phần chuyên ngành học bằng tiếng Anh),tuyensinh247,423,true
fc00821f-1877-561a-8920-bf86faa9b65e,PKA,FBE9,FBE9,Công nghệ tài chính,tuyensinh247,423,true
6e10528c-b634-5e61-a93f-cbd6be51075e,PKA,FBES,FBES,LUẬT KINH TẾ,tuyensinh247,423,true
e3662084-aff7-54ef-8f00-aebcd035a68d,PKA,FIDT1,FIDT1,Kinh tế số,tuyensinh247,423,true
244a3176-2690-5e84-a717-afb184dc7e57,PKA,FIDT2,FIDT2,Quản trị kinh doanh (Kinh doanh số),tuyensinh247,423,true
eaa866cf-cd46-5a60-b674-ac1ddef2e3d9,PKA,FIDT3,FIDT3,Thương mại điện tử,tuyensinh247,423,true
8ce2e266-c87c-5ee5-99fa-29cccd22196c,PKA,FIDT4,FIDT4,Logistics và Quản lý chuỗi cung ứng (Logistics số),tuyensinh247,423,true
299e8c1a-997a-5c09-acf1-08fd76e82bdb,PKA,FIDT5,FIDT5,Marketing (Công nghệ Marketing),tuyensinh247,423,true
6bf9c920-ae71-54a2-9f2c-b2886b50050e,PKA,FIDT6,FIDT6,Truyền thông đa phương tiện,tuyensinh247,423,true
24d8cc9f-4f86-52b4-94d7-6ae775af742a,PKA,FIDT7,FIDT7,Công nghệ tài chính,tuyensinh247,423,true
5249b5b1-6068-570b-93cd-7c4ce1ee7165,PKA,FLC1,FLC1,Ngôn ngữ Trung Quốc,tuyensinh247,423,true
7b33787d-8d55-5ef6-869b-bb3ef5169be0,PKA,FLE1,FLE1,Ngôn ngữ Anh,tuyensinh247,423,true
31651384-deb7-565b-b031-eab7644ba883,PKA,FLF1,FLF1,Ngôn ngữ Pháp,tuyensinh247,423,true
2506b833-f3c4-5d9f-9f5d-92e5304c3bd8,PKA,FLJ1,FLJ1,Ngôn ngữ Nhật,tuyensinh247,423,true
a4be9cf9-2ea3-5f41-ab8a-3bdef6f49afe,PKA,FLK1,FLK1,Ngôn ngữ Hàn Quốc,tuyensinh247,423,true
ac2f297f-c06a-551e-9f64-bc59253184e4,PKA,FOS1,FOS1,Đông phương học,tuyensinh247,423,true
1b60201d-ffd7-5366-a141-3e921d3a0432,PKA,FSP1,FSP1,Vật lý tài năng,tuyensinh247,423,true
b9b4f21e-3225-5fe6-91cd-09ca732ba07b,PKA,FTME,FTME,Y học cổ truyền,tuyensinh247,423,true
6b3af529-d445-50f6-92a5-2b362fdaa8fe,PKA,FTS1,FTS1,Quản trị du lịch,tuyensinh247,423,true
52f8f614-b295-50d7-b1c2-019bf202d48d,PKA,FTS2,FTS2,Quản trị khách sạn,tuyensinh247,423,true
16604762-0d44-506c-814c-8ef9fe2d2d52,PKA,FTS3,FTS3,Kinh doanh du lịch số,tuyensinh247,423,true
6db8a5bd-2361-526e-85f0-8690bde56e37,PKA,FTS4,FTS4,Hướng dẫn du lịch quốc tế,tuyensinh247,423,true
3946dd74-3b88-5d12-b72b-2821d1261c8a,PKA,HM1,HM1,Quản lý bệnh viện,tuyensinh247,423,true
2926a6b9-8941-54b9-bf09-8248c06625b1,PKA,ICT-AI,ICT-AI,Trí tuệ nhân tạo và khoa học dữ liệu,tuyensinh247,423,true
c80a6bb3-75a9-5b1f-b8c0-050cb4404fd9,PKA,ICT-TN,ICT-TN,Tài năng khoa học máy tính,tuyensinh247,423,true
ca30a772-1c4d-5b55-8a68-5cdb9bdee519,PKA,ICT-V3,ICT-V3,CÔNG NGHỆ THÔNG TIN (CÔNG NGHỆ THÔNG TIN VIỆT NHẬT),tuyensinh247,423,true
0d766252-6c05-513d-95c8-0af581adf657,PKA,ICT-VJ,ICT-VJ,Công nghệ thông tin Việt Nhật,tuyensinh247,423,true
609992e5-4bd4-54e4-87c1-5679fad1a33a,PKA,ICT1,ICT1,Công nghệ thông tin,tuyensinh247,423,true
b2695ea6-5928-5262-be04-1014bd61eb74,PKA,ICT2,ICT2,Kỹ thuật phần mềm (Một số học phần chuyên ngành học bằng tiếng Anh),tuyensinh247,423,true
a0fd3053-aa92-58f8-a9eb-37217f49760f,PKA,ICT3,ICT3,Khoa học máy tính (Trí tuệ nhân tạo và Khoa học dữ liệu),tuyensinh247,423,true
c2640a32-6202-562a-9013-7d00362795d3,PKA,ICT4,ICT4,An toàn thông tin (Một số học phần chuyên ngành học bằng tiếng Anh),tuyensinh247,423,true
1612d004-86e0-5e0a-b76c-37db5483ac59,PKA,ICT5,ICT5,Trí tuệ nhân tạo,tuyensinh247,423,true
b120d1bd-6fc9-50f3-877b-b8c6e87c5e06,PKA,MED1,MED1,Y khoa,tuyensinh247,423,true
4379042e-0a1e-56a4-826a-945aa0378348,PKA,MEM1,MEM1,Kỹ thuật cơ điện tử,tuyensinh247,423,true
3bd30c34-e341-5a06-9820-8fcf38d36681,PKA,MEM1-IMS,MEM1-IMS,Hệ thống Cơ điện tử thông minh (Các học phần chuyên ngành học bằng tiếng Anh),tuyensinh247,423,true
a91ebf3a-a889-5ea2-bcf0-56a79201b7c8,PKA,MEM2,MEM2,Kỹ thuật cơ khí,tuyensinh247,423,true
a784e455-436e-5789-8874-5ce193f83c8e,PKA,MIW,MIW,Hộ sinh,tuyensinh247,423,true
59102f66-94d9-527b-8dcb-0e82b8f5879b,PKA,MSE-AI,MSE-AI,Vật liệu thông minh và trí tuệ nhân tạo,tuyensinh247,423,true
46ff3701-6a84-57db-8bd8-679b5cac35da,PKA,MSE-IC,MSE-IC,Chip bán dẫn và Công nghệ đóng gói,tuyensinh247,423,true
e36070b7-b7b9-5b7d-aaa0-18d5c3cc0edf,PKA,MSE1,MSE1,Vật liệu tiên tiến và công nghệ NANO,tuyensinh247,423,true
a8df8dbc-d490-5ec7-910f-d792f0be80c8,PKA,MTT1,MTT1,Kỹ thuật xét nghiệm y học,tuyensinh247,423,true
0fe80e23-4ac8-52f8-b950-438830741941,PKA,NJR1,NJR1,Điều dưỡng,tuyensinh247,423,true
e3f1b674-5e9b-5f1e-8391-ea3c0e057bc1,PKA,NUR1,NUR1,Điều dưỡng,tuyensinh247,423,true
dc05c00d-0105-5738-b2d8-687de1c014ef,PKA,PHA1,PHA1,Dược học,tuyensinh247,423,true
a702d6fb-ab50-5437-aebd-502730eff240,PKA,RET1,RET1,Kỹ thuật phục hồi chức năng,tuyensinh247,423,true
67547718-1049-54e6-9793-5dd94d252b3d,PKA,RTS1,RTS1,Kỹ thuật hình ảnh y học,tuyensinh247,423,true
8976ac8a-2966-5d67-81aa-104b7097a52d,PKA,VEE1,VEE1,Kỹ thuật ô tô,tuyensinh247,423,true
2de4760f-01d7-54fa-a4f9-0c44ad2ef568,PKA,VEE2,VEE2,Cơ điện tử ô tô,tuyensinh247,423,true
47b84b4d-16ac-54cc-a150-9b75c540224e,PKA,VEE3,VEE3,Kỹ thuật phần mềm ô tô,tuyensinh247,423,true
b4086c37-e975-5bd3-b4cf-00afbca8b78e,PKH,7520120,7520120,Ngành Kỹ thuật Hàng không,tuyensinh247,252,true
50695534-6572-545d-9c80-68ca2b9e8dd8,PKH,7520120,7520120_B,Ngành Kỹ thuật Hàng không (Thí sinh miền Bắc),tuyensinh247,252,true
a82c3b36-5e75-516b-ad24-ca7575d6c6e4,PKH,7520120,7520120_N,Ngành Kỹ thuật Hàng không (Thí sinh miền Nam),tuyensinh247,252,true
801d7b78-8030-54db-a574-9978e2f82860,PKH,7860226,7860226,"Chỉ huy Tham mưu Phòng không, Không quân và Tác chiến điện tử",tuyensinh247,252,true
10e4cd1f-32bd-555d-9b5a-d85c6ea7c14c,PKH,7860226,7860226_B,"Chỉ huy Tham mưu Phòng không, Không quân và Tác chiến điện tử",tuyensinh247,252,true
50007cc3-2be5-5f3a-9a10-ffac9451cc0e,PKH,7860226,7860226_B_C01,"Ngành Chỉ huy Tham mưu Phòng không, Không quân và Tác chiến điện tử (Thí sinh miền Bắc)",tuyensinh247,252,true
632142b7-0fb1-56c1-8115-0a295acb8776,PKH,7860226,7860226_N,"Chỉ huy Tham mưu Phòng không, Không quân và Tác chiến điện tử",tuyensinh247,252,true
7b3e9900-1fe6-54ed-8350-ee7b609ee057,PKH,7860226,7860226_N_C01,"Ngành Chỉ huy Tham mưu Phòng không, Không quân và Tác chiến điện tử (Thí sinh miền Nam)",tuyensinh247,252,true
3badafaa-3b14-585d-82cd-0cc07603e3ac,QHE,7310101,7310101,Kinh tế,tuyensinh247,352,true
216a3088-981b-5cb8-8ac0-3c45a7f2cdf0,QHE,7310105,7310105,Kinh tế phát triển,tuyensinh247,352,true
97a20cf3-295b-519f-a03a-cf6e43a3d66a,QHE,7310106,7310106,Kinh tế quốc tế,tuyensinh247,352,true
18b6428e-39c5-5c71-9375-8bd21b3e940c,QHE,7340101,7340101,Quản trị kinh doanh,tuyensinh247,352,true
6ce98223-871e-501c-bf1c-22aad961a416,QHE,734010101,734010101,Ngành Quản trị kinh doanh,tuyensinh247,352,true
75da58a4-7376-5a8a-b6ea-5517175333fd,QHE,7340201,7340201,Tài chính - Ngân hàng,tuyensinh247,352,true
cfd503da-6a95-5c1d-8b7c-c9976a216b1c,QHE,7340301,7340301,Kế toán,tuyensinh247,352,true
84f74875-8adf-5a62-a1ad-e7fb9a44de44,QHE,QHE40,QHE40,Quản trị kinh doanh,tuyensinh247,352,true
507900fd-231c-5c15-af6d-42d99afeaed1,QHE,QHE41,QHE41,Tài chính - ngân hàng,tuyensinh247,352,true
4e5c6359-025f-5654-9a60-9d3df75f507f,QHE,QHE42,QHE42,Kế toán,tuyensinh247,352,true
660112b8-c0c3-5c96-8a62-6c53f774f38b,QHE,QHE43,QHE43,Kinh tế quốc tế,tuyensinh247,352,true
3e655f78-03f9-55b0-86ae-55b4e0bd810e,QHE,QHE44,QHE44,Kinh tế,tuyensinh247,352,true
cd37c0ad-f24e-5349-a1f5-69d300aa59f2,QHE,QHE45,QHE45,Kinh tế phát triển,tuyensinh247,352,true
88afef4e-0300-5fe3-9f2b-73dfcb923315,QHE,QHE80,QHE80,"Quản trị kinh doanh (do Đại học Troy, Hoa Kỳ cấp bằng)",tuyensinh247,352,true
68e2b635-4e13-579e-861d-4323948ee327,QHE,QHE89,QHE89,"Quản trị kinh doanh (do Đại học St.Francis, Hoa Kỳ cấp bằng)",tuyensinh247,352,true
650756b1-9c06-5424-a9af-afed8e302c96,QHF,7140231,7140231,Sư phạm tiếng Anh,tuyensinh247,380,true
e460d5b5-2067-54e7-aebf-10ba524c8b20,QHF,7140234,7140234,Sư phạm tiếng Trung,tuyensinh247,380,true
668ed3e3-3dfd-52ff-aa05-9188ba2106a9,QHF,7140235,7140235,Sư phạm tiếng Đức,tuyensinh247,380,true
8aa634ea-e1e2-56d2-b871-1d279bc5b2f2,QHF,7140236,7140236,Sư phạm tiếng Nhật,tuyensinh247,380,true
6a87b137-dfde-5184-b802-c3463fc7bdf4,QHF,7140237,7140237,Sư phạm tiếng Hàn Quốc,tuyensinh247,380,true
bbe0d7e0-3e2e-5fe4-a8bc-d17a7e3112b5,QHF,7220101,7220101,Tiếng Việt và Văn hóa Việt Nam,tuyensinh247,380,true
a975c31e-f3e6-5058-a4ef-fc26892782f6,QHF,7220201,7220201,Ngôn ngữ Anh,tuyensinh247,380,true
8585a456-0040-55e3-aba6-5b7c6c5f4508,QHF,7220202,7220202,Ngôn ngữ Nga,tuyensinh247,380,true
664fa4dc-975a-5911-a3fe-e465f2699e62,QHF,7220203,7220203,Ngôn ngữ Pháp,tuyensinh247,380,true
709ddc37-f92a-56d5-a07e-27d99b4e55c4,QHF,7220204,7220204,Ngôn ngữ Trung Quốc,tuyensinh247,380,true
02c13ee3-5a4f-5a7f-b0b0-fbf1de6ccd5a,QHF,7220205,7220205,Ngôn ngữ Đức,tuyensinh247,380,true
31a035fd-5249-574d-8870-be8eab8b8cac,QHF,7220209,7220209,Ngôn ngữ Nhật,tuyensinh247,380,true
28fc307c-f6bb-5485-8147-2fbb7a1370a8,QHF,7220210,7220210,Ngôn ngữ Hàn Quốc,tuyensinh247,380,true
4e5de4fa-4a9d-561f-a373-07a7d03f81f8,QHF,7220211,7220211,Ngôn ngữ Ả Rập,tuyensinh247,380,true
bb932572-0ad3-5bda-a04b-44a5f70a414a,QHF,7220212,7220212,Văn hóa và truyền thông xuyên quốc gia,tuyensinh247,380,true
08541048-3fb0-5c26-a047-7341fa997241,QHF,7220212QTD,7220212QTD,Văn hóa và truyền thông xuyên quốc gia,tuyensinh247,380,true
db818f9e-79dd-5738-90fa-7c29bd6f5f80,QHF,7903124,7903124,Kinh tế - Tài chính,tuyensinh247,380,true
21de9726-f41c-57d4-9f4f-2253c23f977a,QHF,7903124QT,7903124QT,Kinh tế – Tài chính**,tuyensinh247,380,true
498c55ee-13b4-5d43-98ea-e347178179b0,QHI,CN1,CN1,Công nghệ thông tin,tuyensinh247,311,true
68f72a85-6d6e-5f4f-a8aa-b6badb264c3d,QHI,CN10,CN10,Công nghệ nông nghiệp,tuyensinh247,311,true
32ae23e7-cc0f-57a9-9f12-5d952cdf16b4,QHI,CN11,CN11,Kỹ thuật điều khiển và tự động hóa,tuyensinh247,311,true
3c9d4d16-a72e-5d12-a8b8-e030fa6dce43,QHI,CN12,CN12,Trí tuệ nhân tạo,tuyensinh247,311,true
4e42c4bd-0483-554f-b794-53f66b730da4,QHI,CN13,CN13,Kỹ thuật năng lượng,tuyensinh247,311,true
794b7459-5aff-53be-a9d7-d41fc0483b8b,QHI,CN14,CN14,Hệ thống thông tin,tuyensinh247,311,true
b0b03fd1-7025-51b5-b1e1-c5ea0d206d39,QHI,CN15,CN15,Mạng máy tính và truyền thông dữ liệu,tuyensinh247,311,true
292a424c-bdc3-5489-9b4e-63da875551b2,QHI,CN16,CN16,Công nghệ thông tin định hướng thị trường Nhật Bản,tuyensinh247,311,true
1447d3e6-8b86-5a42-9582-663fa144a84d,QHI,CN17,CN17,Kỹ thuật Robot,tuyensinh247,311,true
1e041627-1d85-50c8-a49e-7ac231ce0da3,QHI,CN18,CN18,Thiết kế công nghiệp và đồ họa,tuyensinh247,311,true
851c1326-bcd8-511b-b118-0bea78fb4ac1,QHI,CN19,CN19,Công nghệ vật liệu,tuyensinh247,311,true
26cfe00d-f7e5-55da-8ef8-cdf6f8fe3d00,QHI,CN2,CN2,Kỹ thuật máy tính,tuyensinh247,311,true
77139756-7317-5f43-954e-aaee317340fa,QHI,CN20,CN20,Khoa học dữ liệu,tuyensinh247,311,true
bb7fa02d-6e82-5944-a3f2-80d8c4067124,QHI,CN21,CN21,Công nghệ sinh học,tuyensinh247,311,true
419a12d8-65c2-548e-89a6-753f21c2173f,QHI,CN3,CN3,Vật lý kỹ thuật,tuyensinh247,311,true
0207079e-db93-5354-93d4-fb0857532da6,QHI,CN4,CN4,Cơ kỹ thuật,tuyensinh247,311,true
65fd9eb3-d0c4-5df1-9993-fd76150849e5,QHI,CN5,CN5,Công nghệ kỹ thuật xây dựng,tuyensinh247,311,true
6e2108a7-476e-54ba-83b3-176039e13dae,QHI,CN6,CN6,Công nghệ kỹ thuật cơ điện tử,tuyensinh247,311,true
e3ce2fe3-51d5-5c38-8c6f-6e987e2b809b,QHI,CN7,CN7,Công nghệ hàng không vũ trụ,tuyensinh247,311,true
e6009a6e-b87e-59e1-a8e3-b1177191b98f,QHI,CN8,CN8,Khoa học máy tính,tuyensinh247,311,true
203c2800-6fc0-51f1-aef0-6c7896a61d95,QHI,CN9,CN9,Công nghệ kỹ thuật điện tử – viễn thông,tuyensinh247,311,true
4cb49e51-40f7-55db-afe9-2a56ed6dba97,QHL,7380101,7380101,Luật,tuyensinh247,266,true
3df71b0e-19f1-5df7-a96e-e614f89c770b,QHL,7380101CLC,7380101CLC,Luật chất lượng cao,tuyensinh247,266,true
9ed63893-17f2-5177-8c37-b8d28e3632cc,QHL,7380109,7380109,Luật thương mại quốc tế,tuyensinh247,266,true
24115577-801c-53a1-a43e-a8b916258b18,QHL,7380110,7380110,Luật kinh doanh,tuyensinh247,266,true
6a24f1af-b4fd-57a9-8020-548eacd1a5a1,QHQ,7220201,7220201,Ngôn ngữ Anh (chuyên sâu Kinh doanh-Công nghệ thông tin),tuyensinh247,268,true
7d24e016-419f-52a5-84ef-3fb1efee4d6f,QHQ,7340108,7340108,Quản lí (song bằng VNU-Keuka),tuyensinh247,268,true
56b320d7-1cdd-5160-88dd-3a7e492ae10b,QHQ,7340115,7340115,Marketing (song bằng VNU-HELP),tuyensinh247,268,true
eef9cfd5-fd9e-50f0-b00e-028102dadd7a,QHQ,7340120,7340120,Kinh doanh quốc tế,tuyensinh247,268,true
d6b47f32-37af-582c-b3b9-a9d9fdfee333,QHQ,7340125,7340125,Phân tích dữ liệu kinh doanh,tuyensinh247,268,true
372b9b36-7764-5428-8c64-15a0c451ca88,QHQ,7340303,7340303,"Kế toán, Phân tích và Kiểm toán",tuyensinh247,268,true
4f82c1a4-f06a-5243-8069-003daf1dba7c,QHQ,7340405,7340405,Hệ thống thông tin quản lý,tuyensinh247,268,true
5a90c36b-7e13-57a6-ac65-787ffc92b121,QHQ,7480111,7480111,Tin học và Kỹ thuật máy tính,tuyensinh247,268,true
6dc6f64e-7cbb-536c-89e7-f5ba2b4c4f2d,QHQ,7480209,7480209,Công nghệ tài chính và kinh doanh số,tuyensinh247,268,true
8d8f9f0b-8528-5b56-950b-c08c5086b0fb,QHQ,7480210,7480210,Công nghệ thông tin ứng dụng,tuyensinh247,268,true
511137aa-5d2e-5594-9784-96b05b9c232b,QHQ,7510306,7510306,Tự động hóa và Tin học (Kỹ sư),tuyensinh247,268,true
19e197ea-87e3-51c0-8e2b-8cab1b6afcb9,QHQ,7520139,7520139,Kỹ thuật hệ thống công nghiệp và Logistics,tuyensinh247,268,true
3c8d777b-a66e-50e5-ac69-1d94420c8d01,QHQ,QHQ01,QHQ01,Kinh doanh quốc tế,tuyensinh247,268,true
8c75a93b-2bbf-5a7a-9ec8-7968c85b005a,QHQ,QHQ02,QHQ02,"Kế toán, Phân tích và Kiểm toán",tuyensinh247,268,true
96dde947-bbe8-5849-8246-490c99544da3,QHQ,QHQ03,QHQ03,Hệ thống thông tin quản lý,tuyensinh247,268,true
fdd27dcb-e12c-5af0-9fce-c55f2ca06071,QHQ,QHQ04,QHQ04,Tin học và Kỹ thuật máy tính,tuyensinh247,268,true
cb232d09-2757-5087-a370-86f16811a002,QHQ,QHQ05,QHQ05,Phân tích dữ liệu kinh doanh,tuyensinh247,268,true
74c65d00-d1f4-5c94-8016-57f32b0ce5bf,QHQ,QHQ06,QHQ06,Marketing (Song bằng VNU-HELP),tuyensinh247,268,true
696856d4-1dd0-54a0-b7da-09f727a3310f,QHQ,QHQ07,QHQ07,Quản lý (Song bằng VNU-Keuka),tuyensinh247,268,true
5be2cee0-4be3-5459-84e1-64c19eb7ab08,QHQ,QHQ08,QHQ08,Tự động hóa và Tin học,tuyensinh247,268,true
e17d8a99-1c37-5088-9b59-68bc81ce0c66,QHQ,QHQ09,QHQ09,Ngôn ngữ Anh,tuyensinh247,268,true
acbb1aa2-5758-55be-9d95-ce5d1cdb9f8d,QHQ,QHQ10,QHQ10,Công nghệ thông tin ứng dụng,tuyensinh247,268,true
ccbc13db-d103-517e-ac2a-e41663f7fd54,QHQ,QHQ11,QHQ11,Công nghệ tài chính và Kinh doanh số,tuyensinh247,268,true
165921cc-8ae7-5187-a08b-e774da381722,QHQ,QHQ12,QHQ12,Kỹ thuật hệ thống công nghiệp và Logistics,tuyensinh247,268,true
aee48665-fb36-5604-b175-9252d063738b,QHQ,QHQ13,QHQ13,Kinh doanh số,tuyensinh247,268,true
b4d2cd3d-f579-586e-a4e5-2176c02ea091,QHQ,QHQ14,QHQ14,Truyền thông số,tuyensinh247,268,true
7120cd83-d986-514c-81e6-f348e81fba75,QHS,GD1,GD1,Sư phạm Toán và Khoa học Tự nhiên (Gồm 5 ngành: Sư phạm Toán học; Sư phạm Vật lý; Sư phạm Hóa học; Sư phạm Sinh học; Sư phạm Khoa học Tư nhiên),tuyensinh247,533,true
67608c7b-0c86-5690-a489-44594d895de4,QHS,GD2,GD2,"Sư phạm Ngữ văn, Lịch sử, Lịch sử và Địa lý (gồm 3 ngành: Sư phạm Ngữ văn; Sư phạm Lịch sử; Sư phạm Lịch sử và Địa lý)",tuyensinh247,533,true
66f08b1f-db03-5a2a-b294-8e5bcd0113db,QHS,GD3,GD3,Khoa học Giáo dục và Khác,tuyensinh247,533,true
86564eb4-99be-5d07-82eb-d1b49ba44b3e,QHS,GD4,GD4,Giáo dục Tiểu học,tuyensinh247,533,true
9d79c56d-3805-5989-9447-c7dae1691ffe,QHS,GD5,GD5,Giáo dục mầm non,tuyensinh247,533,true
a4056f21-4e89-5ab6-b6e4-bf2592254b54,QHT,QHT01,QHT01,Toán học,tuyensinh247,346,true
540ded12-7e1c-5d86-ba31-443a3151cc34,QHT,QHT02,QHT02,Toán tin,tuyensinh247,346,true
41c1c3cc-8ee4-5c7e-841b-da5bd391ff34,QHT,QHT03,QHT03,Vật lý học,tuyensinh247,346,true
08943fe4-00ee-5fc8-8dd4-179672e7b99a,QHT,QHT04,QHT04,Khoa học vật liệu,tuyensinh247,346,true
919944a8-1ff1-588b-99f4-b5d96b4989bb,QHT,QHT05,QHT05,Công nghệ kỹ thuật hạt nhân,tuyensinh247,346,true
e33c179d-e13b-5d12-9b04-1dfc211a4525,QHT,QHT06,QHT06,Hoá học,tuyensinh247,346,true
d8e58a00-4b64-5292-ad62-b1a56d60c064,QHT,QHT07,QHT07,Công nghệ kỹ thuật hoá học,tuyensinh247,346,true
4124ccb9-dcbd-5619-ba7c-546e1e1a60cd,QHT,QHT08,QHT08,Sinh học,tuyensinh247,346,true
c7244efb-96fd-5d62-bde2-bff871b88ce7,QHT,QHT09,QHT09,Công nghệ sinh học,tuyensinh247,346,true
1882dc46-00a3-5899-96a6-cc34f417ec31,QHT,QHT10,QHT10,Địa lý tự nhiên,tuyensinh247,346,true
51533a80-7f0e-52c0-8c88-ab9fe3db845b,QHT,QHT12,QHT12,Quản lý đất đai,tuyensinh247,346,true
1a8b1649-62e8-5be8-b77d-2b091fa5d07d,QHT,QHT13,QHT13,Khoa học môi trường,tuyensinh247,346,true
998b9bd7-75aa-5789-b662-08339fa4b1af,QHT,QHT15,QHT15,Công nghệ kỹ thuật môi trường,tuyensinh247,346,true
d3a91a73-0c70-5f66-8dc3-0fd48bdd61ed,QHT,QHT16,QHT16,Khí tượng và khí hậu học,tuyensinh247,346,true
3a63b2ad-8d0a-578d-99b3-a27c711ff1b8,QHT,QHT17,QHT17,Hải dương học,tuyensinh247,346,true
0252ccd4-fa86-5475-b4f6-7406c5eeeaf6,QHT,QHT18,QHT18,Địa chất học,tuyensinh247,346,true
3e50c899-ea15-53c5-bdfb-c1dd5c543ed3,QHT,QHT20,QHT20,Quản lý tài nguyên và môi trường,tuyensinh247,346,true
28fdc1d2-8393-5a25-973a-8d39f47f42f1,QHT,QHT40,QHT40,Máy tính và khoa học thông tin (Chất lượng cao),tuyensinh247,346,true
78556fc8-078c-5cce-8a70-9ec22bc7ddbf,QHT,QHT41,QHT41,Hoá học (CTĐT tiên tiến),tuyensinh247,346,true
38b46cc6-a50f-5aed-8eea-3a1a3d186e48,QHT,QHT42,QHT42,Công nghệ kỹ thuật hoá học **,tuyensinh247,346,true
efbc0679-f4b6-5349-bbc9-d36557f51f5b,QHT,QHT43,QHT43,Hoá dược,tuyensinh247,346,true
c8401d3a-ccbb-5624-b761-ef45a1944395,QHT,QHT44,QHT44,Công nghệ sinh học **,tuyensinh247,346,true
d232caa0-23f6-53b5-ad9b-ff2915b55872,QHT,QHT46,QHT46,Công nghệ kỹ thuật môi trường **,tuyensinh247,346,true
b6a61f1e-589f-5503-b356-c245e7f1f04e,QHT,QHT81,QHT81,Sinh dược học,tuyensinh247,346,true
7ceefa4b-3927-5a09-8590-27494869aafe,QHT,QHT82,QHT82,"Môi trường, sức khỏe và an toàn",tuyensinh247,346,true
cde2cb16-9be1-539e-8e3c-b09b61986b76,QHT,QHT91,QHT91,Khoa học thông tin địa không gian,tuyensinh247,346,true
0f7e671b-a6f8-5435-8fdc-c13b8bf0ea4b,QHT,QHT92,QHT92,Tài nguyên và môi trường nước,tuyensinh247,346,true
49001992-5eb8-5cac-b4d0-05acbbdf0d49,QHT,QHT93,QHT93,Khoa học dữ liệu,tuyensinh247,346,true
2678927a-56f7-5412-9886-9589259d6041,QHT,QHT94,QHT94,Kỹ thuật điện tử và tin học,tuyensinh247,346,true
38a0166e-f739-52e1-821f-4f348717a999,QHT,QHT95,QHT95,Quản lý phát triển đô thị và bất động sản,tuyensinh247,346,true
402b501f-457a-5d6d-953c-a6a0d9913ec9,QHT,QHT96,QHT96,Khoa học và công nghệ thực phẩm,tuyensinh247,346,true
432485af-dfff-520f-a719-3201b10bfc6a,QHT,QHT97,QHT97,Công nghệ quan trắc và giám sát tài nguyên môi trường,tuyensinh247,346,true
d7e431d5-12bd-5af8-a04d-1e0ecd60c61e,QHT,QHT98,QHT98,Khoa học máy tính và thông tin,tuyensinh247,346,true
14ce4311-2989-541e-9b2d-9f506a075b61,QHT,QHT99,QHT99,Công nghệ Bán dẫn,tuyensinh247,346,true
d725bbe0-71d1-507c-82ab-e0c6e1f83bfa,QHX,OHX07,OHX07,Khoa học quản lý,tuyensinh247,348,true
42a13f0f-65fe-5344-ad0c-c0b437c44d9d,QHX,OHX09,OHX09,Lưu trữ học,tuyensinh247,348,true
eaafb3b5-eb5f-5f1c-9daa-0616ccf9e819,QHX,OHX21,OHX21,Tôn giáo học,tuyensinh247,348,true
4d6ec798-ba0a-55d6-bb0b-5d5007d3e7db,QHX,QHX01,QHX01,Báo chí,tuyensinh247,348,true
8d278a19-b778-5027-8259-6b4d3509e4b5,QHX,QHX02,QHX02,Chính trị học,tuyensinh247,348,true
ce98fbd3-0526-58af-b837-8191774c6f7e,QHX,QHX03,QHX03,Công tác xã hội,tuyensinh247,348,true
1091a106-4b8c-5d63-9dfe-ff040affb37b,QHX,QHX04,QHX04,Đông Nam Á học,tuyensinh247,348,true
5295bf2a-7706-51ce-9793-6f8097bd69d3,QHX,QHX05,QHX05,Đông phương học,tuyensinh247,348,true
899975c3-ccbf-5687-b207-5a8f32c5aaf5,QHX,QHX06,QHX06,Hán Nôm,tuyensinh247,348,true
34a8650d-ea59-5735-8f2f-a6ac5dee1b1c,QHX,QHX07,QHX07,Khoa học quản lý,tuyensinh247,348,true
5c82dcfe-bdac-5c5d-9ab6-00f2e373e265,QHX,QHX08,QHX08,Lịch sử,tuyensinh247,348,true
8965d12d-4cc1-524d-88b2-9551475d47fa,QHX,QHX09,QHX09,Lưu trữ học,tuyensinh247,348,true
b1ea4374-ed24-5a2d-943e-21a1d228e7fe,QHX,QHX10,QHX10,Ngôn ngữ học,tuyensinh247,348,true
39ee4ecf-5b70-5ae3-af28-cdebe8c8b100,QHX,QHX11,QHX11,Nhân học,tuyensinh247,348,true
a754cc27-3156-502e-95c0-c82a8b0b5765,QHX,QHX12,QHX12,Nhật Bản học,tuyensinh247,348,true
881bd592-802a-58c1-8275-7dbfd531f17c,QHX,QHX13,QHX13,Quan hệ công chúng,tuyensinh247,348,true
f5909bd8-9053-58fb-bed2-8a48f6b1481e,QHX,QHX14,QHX14,Quản lý thông tin,tuyensinh247,348,true
15a6f8f1-48de-5c42-9994-f993082bcbf2,QHX,QHX15,QHX15,Quản trị dịch vụ du lịch và lữ hành,tuyensinh247,348,true
1e9372c5-0b27-5542-974e-b745c8b767fd,QHX,QHX16,QHX16,Quản trị khách sạn,tuyensinh247,348,true
7c9967da-bb26-56e5-88bb-620ebc521f69,QHX,QHX17,QHX17,Quản trị văn phòng,tuyensinh247,348,true
b40905d7-7669-546a-beb6-6623b9af267a,QHX,QHX18,QHX18,Quốc tế học,tuyensinh247,348,true
70f1c523-bb51-5e7b-a67b-b1b1dbcb0c32,QHX,QHX19,QHX19,Tâm lý học,tuyensinh247,348,true
69c724cb-c437-5f15-b077-7ef9d93a692a,QHX,QHX20,QHX20,Thông tin - Thư viện,tuyensinh247,348,true
9220f3df-cd03-51a9-99d1-ea291083c8f8,QHX,QHX21,QHX21,Tôn giáo học,tuyensinh247,348,true
80bd6937-75da-545b-b105-143a67260303,QHX,QHX22,QHX22,Triết học,tuyensinh247,348,true
aaf35b9a-e619-56f6-ab9d-8b4d37951b96,QHX,QHX23,QHX23,Văn học,tuyensinh247,348,true
ea1898ac-e522-5286-a08d-492e5e503d44,QHX,QHX24,QHX24,Việt Nam học,tuyensinh247,348,true
2e8b6ac2-297f-54a5-a5d4-13e2a7a5468e,QHX,QHX25,QHX25,Xã hội học,tuyensinh247,348,true
121ec2d0-b1d4-5d71-8259-6cb75c029cb8,QHX,QHX26,QHX26,Hàn Quốc học,tuyensinh247,348,true
296cf6c3-ed61-528d-9d36-4ba859e8187b,QHX,QHX27,QHX27,Văn hóa học,tuyensinh247,348,true
0840dfca-3c42-5764-83b6-66f3870c53e4,QHX,QHX28,QHX28,Xã hội học,tuyensinh247,348,true
455d46da-eeec-5f50-9d9e-af4cb74f05bc,QHX,QHX40,QHX40,Báo chí *(CTĐT CLC),tuyensinh247,348,true
2e1c08a5-7625-5b05-961f-a59cacceffac,QHX,QHX41,QHX41,Khoa học quản lý (CTĐT CLC),tuyensinh247,348,true
cccd3072-e842-5a00-a103-9114c9c29de2,QHX,QHX42,QHX42,Quản lý thông tin * (CTĐT CLC),tuyensinh247,348,true
9e48c68c-d508-5271-a2b9-93d9b8df8390,QHX,QHX43,QHX43,Quốc tế học (CTĐT CLC),tuyensinh247,348,true
560052aa-40e7-5a39-b1dd-903a91287637,QHY,7720101,7720101,Y khoa,tuyensinh247,471,true
db46a7ca-7356-5f23-9e17-cc06df5743af,QHY,7720201,7720201,Dược học,tuyensinh247,471,true
667da423-da64-5bf4-85bd-070911c70728,QHY,7720301,7720301,Điều dưỡng,tuyensinh247,471,true
472eedd3-5501-52b2-90b5-8d4e43b79ed2,QHY,7720501,7720501,Răng hàm mặt,tuyensinh247,471,true
af06df1a-703d-5282-bb00-08503fe1585d,QHY,7720601,7720601,Kĩ thuật xét nghiệm y học,tuyensinh247,471,true
e9fecdb2-ea85-5d6f-9098-8678d65295c3,QHY,7720602,7720602,Kĩ thuật hình ảnh y học,tuyensinh247,471,true
fd3cfdb3-52ef-5ad6-a3ef-f2213a4d38ce,SKD,7210226B,7210226B,Diễn viên chèo,tuyensinh247,408,true
ac32fe83-ab98-5bae-997a-db74559d618c,SKD,7210226C,7210226C,Diễn viên rối,tuyensinh247,408,true
eaa239d5-f42c-5f31-ad13-57d36c71dc1d,SKD,7210226E,7210226E,Nhạc công kịch hát dân tộc,tuyensinh247,408,true
186e6302-e9e8-5144-9b3f-6e15adfda7c2,SKD,7210227A,7210227A,"Đạo diễn âm thanh, ánh sáng sân khấu",tuyensinh247,408,true
dee39e10-884c-5d49-92bb-a459c6287ed9,SKD,7210227B,7210227B,Đạo diễn sự kiện lễ hội,tuyensinh247,408,true
86c493bd-1b31-52b5-8076-e6119e96c7f8,SKD,7210233A,7210233A,Biên kịch điện ảnh,tuyensinh247,408,true
9d341ff7-a275-54b5-93ad-53eccecf8c84,SKD,7210233B,7210233B,Biên tập truyền hình,tuyensinh247,408,true
e76d036c-b644-5dab-a742-7ba78f0ccd06,SKD,7210234,7210234,"Diễn viên kịch, điện ảnh – truyền hình",tuyensinh247,408,true
516fda00-7c56-5954-ac17-90edd0609cf8,SKD,7210234A,7210234A,Diễn viên nhạc kịch,tuyensinh247,408,true
e565d1e7-44e2-5444-a07c-e4081f70387f,SKD,7210235A,7210235A,Đạo diễn điện ảnh,tuyensinh247,408,true
d339379c-cd65-5938-af58-753a8229e62f,SKD,7210235B,7210235B,Đạo diễn truyền hình,tuyensinh247,408,true
4048c2e8-3fb4-5b92-8ec6-f8a7c933d425,SKD,7210235C,7210235C,"Đạo diễn, sản xuất nội dung số",tuyensinh247,408,true
e7112388-c11c-586e-a49f-e0085319fe48,SKD,7210236A,7210236A,Quay phim điện ảnh,tuyensinh247,408,true
94a8e842-672f-5eab-8f11-56ef0f64c48c,SKD,7210236B,7210236B,Quay phim truyền hình,tuyensinh247,408,true
79088dc6-cb2e-52e8-b58f-f1388e161041,SKD,7210243,7210243,Biên đạo múa,tuyensinh247,408,true
99f59556-d22d-5c88-906b-2e2910c8b839,SKD,7210243A,7210243A,Biên đạo múa đại chúng,tuyensinh247,408,true
0a25dae3-8e15-5a8e-abfb-9f2359f0f0c8,SKD,7210244,7210244,Huấn luyện múa,tuyensinh247,408,true
26128791-adb8-5173-b84e-2209a8958327,SKD,7210301A,7210301A,Nhiếp ảnh nghệ thuật,tuyensinh247,408,true
76f022fb-830c-533f-a4dc-5096080e7d80,SKD,7210301B,7210301B,Nhiếp ảnh báo chí,tuyensinh247,408,true
3707f73e-a48b-5be2-a1cb-506fda67ca59,SKD,7210301C,7210301C,Nhiếp ảnh truyền thông đa phương tiện,tuyensinh247,408,true
af02700e-6219-5c15-9467-4ae4a6ef48e7,SKD,7210302A,7210302A,Công nghệ dựng phim,tuyensinh247,408,true
1cf16160-9d87-5d87-b03e-fc5c6ead4d88,SKD,7210302B,7210302B,Âm thanh điện ảnh – truyền hình,tuyensinh247,408,true
2e5987f8-dfef-563e-930b-4401ce1ec4cd,SKD,7210406A,7210406A,Thiết kế mỹ thuật sân khấu,tuyensinh247,408,true
bf994218-2bc5-5c95-9814-475dc0842262,SKD,7210406C,7210406C,Thiết kế mỹ thuật hoạt hình,tuyensinh247,408,true
966975c1-c3ae-53c2-9e2d-32a918480829,SKD,7210406D,7210406D,Thiết kế trang phục nghệ thuật,tuyensinh247,408,true
adcbe93a-a6bf-5c80-9da4-bfa1b94822c6,SKD,7210406E,7210406E,Thiết kế đồ hoạ kỹ xảo,tuyensinh247,408,true
6754c543-c36b-5c73-b01e-6a4aa75fa6e3,SKD,7210406F,7210406F,Nghệ thuật hóa trang,tuyensinh247,408,true
1354b3fa-feab-5fc8-9d74-b9f565d5705d,SPH,7140114,7140114,Quản lí giáo dục,tuyensinh247,411,true
611bb240-2411-58d9-93cd-9969b01db4b1,SPH,7140114C,7140114C,Quản lí giáo dục,tuyensinh247,411,true
5ba379be-a605-5d68-a74a-be04dad63f37,SPH,7140114D,7140114D,Quản lí giáo dục,tuyensinh247,411,true
8587d7b9-fcce-57a5-93f6-a2dc353a7c5b,SPH,7140201,7140201,Giáo dục Mầm non,tuyensinh247,411,true
32821d37-8057-5ec3-8deb-0eaad9baecff,SPH,7140201A,7140201A,Giáo dục mầm non,tuyensinh247,411,true
70070a8f-a53c-5ddf-9179-51539ff25502,SPH,7140201B,7140201B,Giáo dục mầm non - SP Tiếng Anh,tuyensinh247,411,true
1ab65ab8-f921-5428-9ee5-e72bb86b88b1,SPH,7140201C,7140201C,Giáo dục mầm non - SP Tiếng Anh,tuyensinh247,411,true
4ffca3e3-ef10-547c-8b5f-9b7e14a01aa1,SPH,7140201K,7140201K,Giáo dục Mầm non - Sư phạm Tiếng Anh,tuyensinh247,411,true
eb7d9a9f-30f2-5dba-b185-f61d1bcfd98e,SPH,7140202,7140202,Giáo dục Tiểu học,tuyensinh247,411,true
2db1127d-ccc0-5062-9609-4c4cbfcc3cbf,SPH,7140202A,7140202A,Giáo dục Tiểu học,tuyensinh247,411,true
779d1c07-4a36-5d42-87a3-e206fec89501,SPH,7140202B,7140202B,Giáo dục Tiểu học - SP Tiếng Anh,tuyensinh247,411,true
39cc3b98-ad02-58da-9bf7-1f74f2e5c2f1,SPH,7140202C,7140202C,Giáo dục Tiểu học - SP Tiếng Anh,tuyensinh247,411,true
58fa5d11-7bae-5d23-9cbe-1f87a94795c3,SPH,7140202D,7140202D,Giáo dục Tiểu học - SP Tiếng Anh,tuyensinh247,411,true
1a0079ed-ef9b-5996-bfbd-d0b17f2a52c6,SPH,7140202K,7140202K,Giáo dục Tiểu học - Sư phạm Tiếng Anh,tuyensinh247,411,true
84e6718a-4e33-5696-9833-8252006001a2,SPH,7140203,7140203,Giáo dục đặc biệt,tuyensinh247,411,true
27b80557-3e89-56ea-a0f7-e9d36683b0c9,SPH,7140203C,7140203C,Giáo dục Đặc biệt,tuyensinh247,411,true
54d28845-74bc-542f-af53-b7eb57be7d3d,SPH,7140203D,7140203D,Giáo dục Đặc biệt,tuyensinh247,411,true
16fa1a9f-06e4-5d9a-acc1-27f42046a2e1,SPH,7140204,7140204,Giáo dục công dân,tuyensinh247,411,true
1f4ff3c8-84df-55b9-8099-1fd0b7570d9b,SPH,7140204B,7140204B,Giáo dục công dân,tuyensinh247,411,true
6cf81319-8ab8-53c9-aaf0-1ab0e89ad1f2,SPH,7140204C,7140204C,Giáo dục công dân,tuyensinh247,411,true
77da6a12-1a73-53b2-aa41-0762115d630f,SPH,7140205,7140205,Giáo dục chính trị,tuyensinh247,411,true
0cb58620-35d4-5426-80ee-e4de36032c38,SPH,7140205B,7140205B,Giáo dục chính trị,tuyensinh247,411,true
07a9cc2e-5e27-5c72-aaf8-ec507fb43b8e,SPH,7140205C,7140205C,Giáo dục chính trị,tuyensinh247,411,true
797054aa-aebb-5db6-865a-3a2c6e34696c,SPH,7140206,7140206,Giáo dục thể chất,tuyensinh247,411,true
137cdf30-0fd8-5e9b-8e4e-b79a6f31ccbf,SPH,7140206A,7140206A,Giáo dục Thể chất,tuyensinh247,411,true
3c1481fe-3a0b-50f0-a66e-f2ece1767326,SPH,7140208,7140208,Giáo dục Quốc phòng và An ninh,tuyensinh247,411,true
b59bc621-cee3-5393-a8d0-da05c3508ab7,SPH,7140208C,7140208C,Giáo dục Quốc phòng và An ninh,tuyensinh247,411,true
dc604d0a-a5dd-5bcf-9939-e6832d89ce30,SPH,7140208D,7140208D,Giáo dục Quốc phòng và An ninh,tuyensinh247,411,true
5174c18b-e779-521a-9103-e4e7ba1bc4d8,SPH,7140209,7140209,Sư phạm Toán học,tuyensinh247,411,true
b618de94-d107-5b2e-aceb-00a53abfe3c5,SPH,7140209A,7140209A,SP Toán học,tuyensinh247,411,true
8d69bed4-cee6-5f24-b92c-9b0ba052b6a5,SPH,7140209B,7140209B,SP Toán học (dạy Toán bằng tiếng Anh),tuyensinh247,411,true
8f5cddc0-6f82-5752-a68e-6ddac5bf4ef1,SPH,7140209C,7140209C,SP Toán học,tuyensinh247,411,true
ba1f8988-cabf-58ee-8996-142a3dd1eb86,SPH,7140209D,7140209D,SP Toán học (dạy Toán bằng tiếng Anh),tuyensinh247,411,true
803e9afa-0b8c-52fc-9fc4-dfe07df83def,SPH,7140209K,7140209K,Sư phạm Toán học (dạy Toán bằng tiếng Anh),tuyensinh247,411,true
1a3e6b58-7054-5835-8c48-9f6a40fb4317,SPH,7140210,7140210,Sư phạm Tin học,tuyensinh247,411,true
af3d036e-e251-5f18-8f1d-125701b76cce,SPH,7140210A,7140210A,SP Tin học,tuyensinh247,411,true
1fb48029-feb4-5919-a955-44b6318b99db,SPH,7140210B,7140210B,SP Tin học,tuyensinh247,411,true
c2a63d0c-8fc0-5222-bb6b-da029ca3c044,SPH,7140211,7140211,Sư phạm Vật lý,tuyensinh247,411,true
a1bbe804-432c-57ff-8fec-2b8f969d66a3,SPH,7140211A,7140211A,SP Vật lý,tuyensinh247,411,true
45417196-a624-5e2b-90de-5131282e51f8,SPH,7140211B,7140211B,SP Vật lý,tuyensinh247,411,true
fbec6f64-a3c5-5099-a1e4-34e3d08df600,SPH,7140211C,7140211C,SP Vật lý (dạy Lý bằng tiếng Anh),tuyensinh247,411,true
56588e9c-250b-5572-9a04-2286ec1f66d8,SPH,7140211D,7140211D,SP Vật lý (dạy Vật lý bằng tiếng Anh),tuyensinh247,411,true
472500e9-d992-5a3e-9cf2-2b5dbd78316a,SPH,7140211K,7140211K,Sư phạm Vật lí (dạy Toán bằng tiếng Anh),tuyensinh247,411,true
b6330db4-ad89-5c26-8fab-6f4c26d9a26d,SPH,7140212,7140212,Sư phạm Hoá học,tuyensinh247,411,true
524e24e1-9a29-5f83-a3fd-5d65ae039903,SPH,7140212A,7140212A,SP Hoá học,tuyensinh247,411,true
7c615134-4559-59a8-a67a-17182e6eb700,SPH,7140212B,7140212B,SP Hoá học (dạy Hoá bằng tiếng Anh),tuyensinh247,411,true
cca5a427-b75f-5777-b7b4-e13845b75bb2,SPH,7140212C,7140212C,SP Hoá học,tuyensinh247,411,true
6188a63e-50d8-55b3-9fa6-0035a465319b,SPH,7140212K,7140212K,Sư phạm Hoá học (dạy Hóa học bằng tiếng Anh),tuyensinh247,411,true
5524e492-e1be-5d74-b17c-d08d43054531,SPH,7140213,7140213,Sư phạm Sinh học,tuyensinh247,411,true
6790a25a-93d5-59fc-9572-aab7ae5d6329,SPH,7140213B,7140213B,SP Sinh học,tuyensinh247,411,true
6fb9044f-0104-5496-be95-bc05ce1ca410,SPH,7140213D,7140213D,SP Sinh học,tuyensinh247,411,true
84d275bf-0e28-5fe3-a4ff-6c4e400e8590,SPH,7140217,7140217,Sư phạm Ngữ văn,tuyensinh247,411,true
41503c83-6abb-5736-8741-b303793ae9af,SPH,7140217C,7140217C,SP Ngữ văn,tuyensinh247,411,true
1bc48814-d2fb-58f9-8635-f48a9de83e2c,SPH,7140217D,7140217D,SP Ngữ văn,tuyensinh247,411,true
d665b005-9c2e-5f5a-941c-379d2628729b,SPH,7140218,7140218,Sư phạm Lịch sử,tuyensinh247,411,true
82e07af9-bd50-5e9d-b8a1-d9d492dddebb,SPH,7140218C,7140218C,SP Lịch sử,tuyensinh247,411,true
2348466e-60b0-54b9-bf68-d45cd90a5ba6,SPH,7140218D,7140218D,SP Lịch sử,tuyensinh247,411,true
af3ca499-b6b4-5e25-82b3-93c8a39a46bd,SPH,7140219,7140219,Sư phạm Địa lý,tuyensinh247,411,true
95ddf981-284d-5814-9330-618a3562be5b,SPH,7140219B,7140219B,SP Địa lý,tuyensinh247,411,true
c066f64a-8bad-5c6f-a0e8-ef4bedbd664c,SPH,7140219C,7140219C,SP Địa lý,tuyensinh247,411,true
d06eef1a-2019-516b-aeba-cc9525ddc28a,SPH,7140221,7140221,Sư phạm Âm nhạc,tuyensinh247,411,true
79ab6cfb-05c3-5e04-96e4-69f5a685af2a,SPH,7140221A,7140221A,Sư phạm Âm nhạc,tuyensinh247,411,true
9507d666-1702-5b27-9c62-e0d991495f55,SPH,7140221B,7140221B,Sư phạm Âm nhạc,tuyensinh247,411,true
fed35cfc-1758-5e0b-aa90-79fd2bf21563,SPH,7140222,7140222,Sư phạm Mỹ thuật,tuyensinh247,411,true
31b7512b-0442-52e2-8552-2b4714ef5b1f,SPH,7140222A,7140222A,Sư phạm Mỹ thuật,tuyensinh247,411,true
27c0ce4e-7339-5527-874c-76f6e6fa5e69,SPH,7140222B,7140222B,Sư phạm Mỹ thuật,tuyensinh247,411,true
4664dc3d-aac9-5e00-a7a4-3fa92781b887,SPH,7140231,7140231,Sư phạm Tiếng Anh,tuyensinh247,411,true
f3259f52-9823-5135-aa35-c62269927541,SPH,7140231A,7140231A,SP Tiếng Anh,tuyensinh247,411,true
d598acb2-221e-52f1-a093-fa860f0383b7,SPH,7140231B,7140231B,SP Tiếng Anh,tuyensinh247,411,true
1bf5d993-006a-529f-849a-5a97178f3bad,SPH,7140233,7140233,Sư phạm Tiếng Pháp,tuyensinh247,411,true
5b1cd45d-97f2-5a44-87ba-7d8ad6290253,SPH,7140233C,7140233C,SP Tiếng Pháp,tuyensinh247,411,true
67cfbd92-37b0-5821-bb2c-ba17b524dc8a,SPH,7140233D,7140233D,SP Tiếng Pháp,tuyensinh247,411,true
087cdf91-fbc9-56ab-b69a-ade442c2500b,SPH,7140246,7140246,Sư phạm Công nghệ,tuyensinh247,411,true
11d9155c-68c1-5e37-9164-e4b07eb405c6,SPH,7140246A,7140246A,SP Công nghệ,tuyensinh247,411,true
a2fd9c33-70a5-5e6c-8f2c-a63950b4ee91,SPH,7140246C,7140246C,SP Công nghệ,tuyensinh247,411,true
a61fc831-32d5-5848-b30a-752b4c4bd762,SPH,7140247,7140247,Sư phạm Khoa học tự nhiên,tuyensinh247,411,true
a024da15-b7b4-5e59-a89a-324822fc8066,SPH,7140249,7140249,Sư phạm Lịch sử - Địa lý,tuyensinh247,411,true
66b40bca-fa03-5c83-a09b-1f863637611b,SPH,7220101,7220101,Tiếng Việt và văn hóa Việt Nam (mới),tuyensinh247,411,true
35ebec77-6ded-5ad5-85d2-79a2cd2d1026,SPH,7220101,7220101_A,Tiếng Việt và văn hóa Việt Nam - Tuyển sinh người nước ngoài,tuyensinh247,411,true
7b5e77af-3ab7-574a-b59d-a8f307973735,SPH,7220201,7220201,Ngôn ngữ Anh,tuyensinh247,411,true
82efb721-8c04-52c7-8c7d-ce2ad9273202,SPH,7220204,7220204,Ngôn ngữ Trung Quốc,tuyensinh247,411,true
2f3b41ad-cd5f-5d6f-82a1-c342db84497c,SPH,7220204A,7220204A,Ngôn ngữ Trung Quốc,tuyensinh247,411,true
e14ac130-4178-5e47-90b3-22d5543304f0,SPH,7220204B,7220204B,Ngôn ngữ Trung Quốc,tuyensinh247,411,true
39fe483c-2db9-5b5e-9761-3c8b90518261,SPH,7229001,7229001,Triết học (Triết học Mác Lê-nin),tuyensinh247,411,true
09b1d3a1-9604-5103-adc4-6e59d532c860,SPH,7229001B,7229001B,Triết học (Triết học Mác Lê-nin),tuyensinh247,411,true
4500ee22-334c-5b2e-b6a9-9211c1ee35d1,SPH,7229001C,7229001C,Triết học (Triết học Mác Lê-nin),tuyensinh247,411,true
5cfdb99d-e1ff-5daf-8230-bcb5a3831a84,SPH,7229010,7229010,Lịch sử (mới),tuyensinh247,411,true
62c1616f-1384-5434-b148-fdab2431e307,SPH,7229030,7229030,Văn học,tuyensinh247,411,true
e07fecab-91de-5a2e-95b9-7d06157c40e9,SPH,7229030C,7229030C,Văn học,tuyensinh247,411,true
090b7e7e-0bf7-580c-ab92-d7d51fc9f145,SPH,7229030D,7229030D,Văn học,tuyensinh247,411,true
54c915ce-ab36-52c3-9c01-63e12f413f4b,SPH,7310201,7310201,Chính trị học,tuyensinh247,411,true
c82a55fd-7c67-57ff-b1b8-b2b89a96f7d5,SPH,7310201B,7310201B,Chính trị học,tuyensinh247,411,true
025215d5-f6c6-5cfb-a00d-034684134f08,SPH,7310201C,7310201C,Chính trị học,tuyensinh247,411,true
89606277-cac1-5556-bf6e-2dd199050e3e,SPH,7310301,7310301,Xã hội học (mới),tuyensinh247,411,true
93e53ad9-656f-58cb-bdb3-2a5f8db915d2,SPH,7310401,7310401,Tâm lý học (Tâm lý học trường học),tuyensinh247,411,true
3a262fa6-cd05-5397-8c0f-2af3c5f14f5a,SPH,7310401C,7310401C,Tâm lý học (Tâm lý học trường học),tuyensinh247,411,true
2fa53856-39f8-5c6e-a3eb-3f70ec157cd5,SPH,7310401D,7310401D,Tâm lý học (Tâm lý học trường học),tuyensinh247,411,true
b16ba017-0d82-56be-8591-37ed837de6fe,SPH,7310403,7310403,Tâm lý học giáo dục,tuyensinh247,411,true
0f202d49-0a8b-508f-b167-1e21fc137e1c,SPH,7310403C,7310403C,Tâm lý học giáo dục,tuyensinh247,411,true
ce3807f8-549e-521c-a11e-ea2e994b4e2e,SPH,7310403D,7310403D,Tâm lý học giáo dục,tuyensinh247,411,true
014815f5-c395-5282-9ad3-818aa4b06e3c,SPH,7310630,7310630,Việt Nam học,tuyensinh247,411,true
46df5005-510a-5265-8642-e77ac85f6cc9,SPH,7310630C,7310630C,Việt Nam học,tuyensinh247,411,true
31294a35-e03d-5258-947b-63a4edd2feb7,SPH,7310630D,7310630D,Việt Nam học,tuyensinh247,411,true
39311b08-d945-58a3-bc67-f2fc85e6272d,SPH,7310630,7310630_A,Việt Nam học (Tuyển sinh người nước ngoài),tuyensinh247,411,true
c7a10233-cf13-520e-98e0-7db724947ede,SPH,7420101,7420101,Sinh học,tuyensinh247,411,true
58ed8715-9283-5d05-9cc8-9d213df2bcc1,SPH,7420101B,7420101B,Sinh học,tuyensinh247,411,true
38d71285-fa8e-5e76-ad9a-0f91f8f8bbc3,SPH,7420101D,7420101D,Sinh học,tuyensinh247,411,true
dac22ad1-a5ff-5ea5-8414-438d1f9b08fe,SPH,7420201,7420201,Công nghệ sinh học (mới),tuyensinh247,411,true
e7e36b47-4d26-5843-8287-6b7de428715a,SPH,7440102,7440102,Vật lí học (vật lí bán dẫn và kỹ thuật) (mới),tuyensinh247,411,true
b41bfc6a-67bf-5e97-8718-f67f0600fc87,SPH,7440112,7440112,Hóa học,tuyensinh247,411,true
777b7982-a57f-56f5-b2b5-4f46c6cb5e98,SPH,7440112A,7440112A,Hóa học,tuyensinh247,411,true
65ac9146-99bc-5596-b1cc-24bb70734139,SPH,7440112B,7440112B,Hóa học,tuyensinh247,411,true
69d2ea5a-2c54-5b5d-a0d8-73e63809e294,SPH,7460101,7460101,Toán học,tuyensinh247,411,true
fef6a255-e10e-5862-898a-e3701b7250b4,SPH,7460101A,7460101A,Toán học,tuyensinh247,411,true
2339510f-2a77-58ce-b29f-851ba3310c80,SPH,7460101B,7460101B,Toán học,tuyensinh247,411,true
ed0ed294-fd59-59a8-9caf-adf63be8fb10,SPH,7460101D,7460101D,Toán học,tuyensinh247,411,true
82ff7ed0-80ff-538d-90c0-5dca0039d283,SPH,7480201,7480201,Công nghệ thông tin,tuyensinh247,411,true
1bb20ddb-e5cb-59cd-bcd0-19c6ef8e5bf5,SPH,7480201A,7480201A,Công nghệ thông tin,tuyensinh247,411,true
e4c0b2bf-885b-5bc8-b3e5-0b998c521ace,SPH,7480201B,7480201B,Công nghệ thông tin,tuyensinh247,411,true
b115d254-34d9-5dc1-b7da-49fad7d75dc3,SPH,7760101,7760101,Công tác xã hội,tuyensinh247,411,true
acf2eed1-88fb-5365-9ab5-bc95ad35eaa0,SPH,7760101C,7760101C,Công tác xã hội,tuyensinh247,411,true
d5ef7b5c-fa21-5b0b-8635-217f5c95a13e,SPH,7760101D,7760101D,Công tác xã hội,tuyensinh247,411,true
9bb709b2-de96-55b3-a7e7-acbea4ca58fc,SPH,7760103,7760103,Hỗ trợ giáo dục người khuyết tật,tuyensinh247,411,true
ff0765e6-4ddf-53f6-8606-5fbf8e2dca89,SPH,7760103C,7760103C,Hỗ trợ giáo dục người khuyết tật,tuyensinh247,411,true
d362e950-a5de-50c4-b713-aed93fec5682,SPH,7760103D,7760103D,Hỗ trợ giáo dục người khuyết tật,tuyensinh247,411,true
5e542de4-3f84-5c60-bb52-0dc399d809bb,SPH,7810103,7810103,Quản trị dịch vụ du lịch và lữ hành,tuyensinh247,411,true
9b58144b-0082-594b-bada-00fe80866ccf,SPH,7810103C,7810103C,Quản trị dịch vụ du lịch và lữ hành,tuyensinh247,411,true
eb002441-78c4-582e-9cbf-6b271d022aff,SPH,7810103D,7810103D,Quản trị dịch vụ du lịch và lữ hành,tuyensinh247,411,true
49816764-07af-51a4-92b0-566a2a473870,TDD,7140101,7140101,Giáo dục học,tuyensinh247,29,true
8abde34f-a0f6-5839-bc3e-daa46e78180d,TDD,7220201,7220201,Ngôn ngữ Anh,tuyensinh247,29,true
cb5442f9-907e-52a7-8308-c5cd86112453,TDD,7220204,7220204,Ngôn ngữ Trung Quốc,tuyensinh247,29,true
7cc36222-584f-5ac6-804f-7638a406b6ca,TDD,7310630,7310630,Việt Nam học,tuyensinh247,29,true
4a88a199-ecaa-569b-87e3-b4a9e12043a4,TDD,7340101,7340101,Quản trị Kinh doanh,tuyensinh247,29,true
bf2290fb-9956-574b-a44c-7e6495c98252,TDD,7340301,7340301,Kế toán,tuyensinh247,29,true
e7f17940-3aa1-5346-b7e6-54d5df34f970,TDD,7340406,7340406,Quản trị Văn phòng,tuyensinh247,29,true
a6153816-9289-5916-8522-4add87fdcb7e,TDD,7380101,7380101,Luật,tuyensinh247,29,true
6082a9f8-d175-5c52-9af5-0bfa9df234d7,TDD,7380107,7380107,Luật kinh tế,tuyensinh247,29,true
64a1a386-b27a-52ef-8c19-b56574142cae,TDD,7480201,7480201,Công nghệ thông tin,tuyensinh247,29,true
2d2c44ce-4b4a-5e5a-996c-048080acadf5,TDD,7510205,7510205,Công nghệ kỹ thuật Ô tô: Định hướng kỹ thuật viên Ô tô; Định hướng kỹ thuật điện và điều khiển tự động hoá trên Ô tô; Định hướng kỹ thuật Ô tô sử dụng năng lượng mới,tuyensinh247,29,true
1e779bb6-020f-537e-b37a-af050b41fa66,TDD,7510301,7510301,"Công nghệ kỹ thuật Điện, Điện tử: Định hướng điện tự động hoá; Định hướng kỹ thuật điện, điện tử",tuyensinh247,29,true
61cbdf86-da6c-598b-8d26-a58f33c78805,TDD,7720201,7720201,Dược học,tuyensinh247,29,true
281202e6-23a7-5885-996d-1ad67afbd107,TDD,7720301,7720301,Điều dưỡng,tuyensinh247,29,true
b716e753-ed88-527b-b147-80e83b0c9921,TDD,7810201,7810201,Quản trị Khách sạn,tuyensinh247,29,true
f14cb2f8-f086-565e-b794-5429c02baa12,TDH,7140206,7140206,Giáo dục thể chất,tuyensinh247,418,true
8e857cf9-3a28-572e-ab91-b65043e97a5b,TDH,7810302,7810302,Huấn luyện thể thao,tuyensinh247,418,true
f34c22c6-508d-5076-b5d5-ca1257c5abd8,TLA,TLA101,TLA101,Kỹ thuật xây dựng công trình thủy,tuyensinh247,421,true
1e1ae401-0fab-5f29-8467-c6bc0ca32604,TLA,TLA102,TLA102,Kỹ thuật tài nguyên nước,tuyensinh247,421,true
3d044477-b27f-55e9-ba31-23f859da29e7,TLA,TLA103,TLA103,Tài nguyên nước và môi trường (Thủy văn học),tuyensinh247,421,true
a08e6679-9274-5c84-87af-698e92c66cd5,TLA,TLA104,TLA104,Kỹ thuật xây dựng dân dụng và công nghiệp (Kỹ thuật xây dựng),tuyensinh247,421,true
c4444940-844f-54fa-87cf-14782b4322e1,TLA,TLA105,TLA105,"Nhóm ngành Kỹ thuật Cơ khí: Gồm các ngành: Kỹ thuật cơ khí, Công nghệ chế tạo máy",tuyensinh247,421,true
dd318cad-3ea3-5cea-ad1a-06ce4cfc2f92,TLA,TLA106,TLA106,Công nghệ thông tin,tuyensinh247,421,true
2e2f69c1-0736-5d6c-b3dd-092af87a98ca,TLA,TLA107,TLA107,Kỹ thuật cấp thoát nước,tuyensinh247,421,true
4e6eed6d-e8bb-5f71-a742-617eec0e3344,TLA,TLA109,TLA109,Kỹ thuật môi trường,tuyensinh247,421,true
83024fa9-a627-5ddb-a1b3-632fdb8300d5,TLA,TLA110,TLA110,Xây dựng và quản lý hạ tầng đô thị (Kỹ thuật cơ sở hạ tầng),tuyensinh247,421,true
b821b3a2-7c3d-53f3-b5f7-5a6ab3a89bba,TLA,TLA111,TLA111,Công nghệ kỹ thuật xây dựng,tuyensinh247,421,true
ed3b33ae-c154-537a-adaf-5c77a10dfb5d,TLA,TLA112,TLA112,Kỹ thuật điện,tuyensinh247,421,true
a99f0448-cf03-5fc8-87d0-6b47588ff762,TLA,TLA113,TLA113,Kỹ thuật xây dựng công trình giao thông,tuyensinh247,421,true
1388985c-e726-58b5-a8f1-8362c6d22ac1,TLA,TLA114,TLA114,Quản lý xây dựng,tuyensinh247,421,true
843da0db-2474-5917-8ef8-1bcd3114def6,TLA,TLA116,TLA116,Hệ thống thông tin,tuyensinh247,421,true
9826eb45-89d7-53c9-b999-46015abd3940,TLA,TLA117,TLA117,Kỹ thuật phần mềm,tuyensinh247,421,true
ebb078db-ad1e-5984-9742-faf142d06f78,TLA,TLA118,TLA118,Kỹ thuật hóa học,tuyensinh247,421,true
1fa98729-0d5f-5d65-86b2-5aed3972cfb8,TLA,TLA119,TLA119,Công nghệ sinh học,tuyensinh247,421,true
c909476d-5c59-55c8-818e-a30e2aa413c0,TLA,TLA120,TLA120,Kỹ thuật cơ điện tử,tuyensinh247,421,true
f8c62821-0f2a-5322-9338-65c41c705657,TLA,TLA121,TLA121,Kỹ thuật điều khiển và tự động hóa,tuyensinh247,421,true
0c98f242-a5c3-5f61-b09e-0f54e6988196,TLA,TLA122,TLA122,"Công nghệ chế tạo máy (Công nghệ sản xuất tiên tiến, tự động hóa thiết kế cơ khí)",tuyensinh247,421,true
b2947ea4-c66f-5754-a636-ba4b588dd727,TLA,TLA123,TLA123,Kỹ thuật ô tô,tuyensinh247,421,true
471e27cd-d4be-5dbe-9aa8-bda8722ea8bb,TLA,TLA124,TLA124,Kỹ thuật điện tử - viễn thông,tuyensinh247,421,true
e5aaf9a1-f0cc-5bf2-9128-62f0b6ce0e86,TLA,TLA126,TLA126,Trí tuệ nhân tạo và khoa học dữ liệu,tuyensinh247,421,true
5590b49d-7e0f-56d7-ba99-763a5e952b81,TLA,TLA127,TLA127,An ninh mạng,tuyensinh247,421,true
f3a8ff9a-34c8-5f94-bf9e-391eb8c6c472,TLA,TLA128,TLA128,Kỹ thuật Robot và Điều khiển thông minh,tuyensinh247,421,true
38a0c432-dab6-5062-800c-e74ceeb15a54,TLA,TLA201,TLA201,Kỹ thuật xây dựng,tuyensinh247,421,true
5bf4f4eb-8fe1-5e02-88cc-3f02da6f5691,TLA,TLA202,TLA202,Kỹ thuật tài nguyên nước (Chương trình tiên tiến học bằng tiếng Anh),tuyensinh247,421,true
fcb0991b-8b46-5bc2-9345-f3528ab3e1d1,TLA,TLA203,TLA203,Ngôn ngữ Anh,tuyensinh247,421,true
ef82fe25-4616-55d5-9c9f-c9fcf1b6552f,TLA,TLA204,TLA204,Ngôn ngữ Trung Quốc,tuyensinh247,421,true
01b78a75-6712-5cd2-9d0d-ae658f5f56c1,TLA,TLA301,TLA301,Luật,tuyensinh247,421,true
91611f0c-c72d-56cb-b4e5-f669cee9d6c0,TLA,TLA302,TLA302,Luật kinh tế,tuyensinh247,421,true
6d96c130-80c3-5d3a-8c1c-4ef00104dfa7,TLA,TLA401,TLA401,Kinh tế,tuyensinh247,421,true
52e520fa-9cd9-5651-826d-6322adae82cd,TLA,TLA402,TLA402,Quản trị kinh doanh,tuyensinh247,421,true
322f53f2-17e1-57e8-9e01-ebe4326a1237,TLA,TLA403,TLA403,Kế toán,tuyensinh247,421,true
51d708fa-5393-53ed-9865-8d4183fa3747,TLA,TLA404,TLA404,Kinh tế xây dựng,tuyensinh247,421,true
4c90df53-cbe6-5a48-9bde-049fe201a9bd,TLA,TLA405,TLA405,Thương mại điện tử,tuyensinh247,421,true
78d021dd-54f3-5de7-9365-1136a36dbc85,TLA,TLA406,TLA406,Quản trị dịch vụ du lịch và lữ hành,tuyensinh247,421,true
6f116477-917a-5cec-bef5-9562cd056158,TLA,TLA407,TLA407,Logistics và quản lý chuỗi cung ứng,tuyensinh247,421,true
ad44cd00-7b20-57f2-8997-bd817096cced,TLA,TLA408,TLA408,Tài chính - Ngân hàng,tuyensinh247,421,true
19f1713e-5ec3-55fb-93fb-0033b4379872,TLA,TLA409,TLA409,Kiểm toán,tuyensinh247,421,true
22c05d99-f2a2-5c1d-b787-eb2b246bd3a7,TLA,TLA410,TLA410,Kinh tế số,tuyensinh247,421,true
24c0a49f-4ad0-58a8-a949-8b5793e7a3f5,TLA,TLA411,TLA411,Chương trình Kế toán tích hợp chứng chỉ quốc tể,tuyensinh247,421,true
cbaad1ec-7bde-5325-ae68-e827ce95b859,TLA,TLA412,TLA412,Chương trình Công nghệ tài chính,tuyensinh247,421,true
517c3f5a-1da7-5b54-8884-786db7585b58,TMU,TM01,TM01,Quản trị kinh doanh (Quản trị kinh doanh),tuyensinh247,426,true
d4eb6158-4182-5b79-9864-50a06b057b5d,TMU,TM02,TM02,Quản trị kinh doanh (Quản trị kinh doanh - Chương trình định hướng chuyên sâu nghề nghiệp quốc tế - IPOP),tuyensinh247,426,true
92bff708-06d7-5f4c-8fe5-de7ac808d8d5,TMU,TM03,TM03,Quản trị kinh doanh (Khởi nghiệp và phát triển kinh doanh),tuyensinh247,426,true
cfe4afd9-efed-5d4a-b1b3-2346518808bf,TMU,TM04,TM04,Marketing (Marketing thương mại),tuyensinh247,426,true
beeebf26-12e9-58ed-8207-dc676044e6ba,TMU,TM05,TM05,Marketing (Quản trị thương hiệu),tuyensinh247,426,true
2bf91f1c-a715-5313-b132-1c736beb10e0,TMU,TM06,TM06,Quản trị dịch vụ du lịch và lữ hành (Quản trị dịch vụ du lịch và lữ hành),tuyensinh247,426,true
47922578-d330-58f8-990f-ee330e6e1cd0,TMU,TM07,TM07,Kế toán (Kế toán doanh nghiệp),tuyensinh247,426,true
1d79113b-6323-53b8-9dd5-0e8d6891506e,TMU,TM08,TM08,Marketing (Marketing thương mại - Chương trình định hướng chuyên sâu nghề nghiệp quốc tế - IPOP),tuyensinh247,426,true
3b2585c0-fa46-54cd-b038-7cdc4abe2f01,TMU,TM09,TM09,Kế toán (Kế toán công),tuyensinh247,426,true
055ea82b-da1b-587a-8748-b22ccaebe248,TMU,TM10,TM10,Kiểm toán (Kiểm toán),tuyensinh247,426,true
69248049-827b-5af4-9fc6-f5cc7436ec04,TMU,TM11,TM11,Kinh doanh quốc tế (Thương mại quốc tế),tuyensinh247,426,true
fa483e29-8e00-535d-b84d-68f8007f48f5,TMU,TM12,TM12,Kinh tế quốc tế (Kinh tế quốc tế),tuyensinh247,426,true
99f368c8-933f-57f2-8ddf-a1feac6b0282,TMU,TM13,TM13,Kinh tế (Quản lý kinh tế),tuyensinh247,426,true
d45c2066-bf07-59e7-8ba3-a8b1622f6901,TMU,TM14,TM14,Tài chính - Ngân hàng (Tài chính - Ngân hàng thương mại),tuyensinh247,426,true
a587711c-82b9-5b95-bb4a-1027fbc7985d,TMU,TM15,TM15,Kiểm toán (Kiểm toán),tuyensinh247,426,true
956b7520-c53e-542a-85f2-942beb0a676d,TMU,TM16,TM16,Tài chính - Ngân hàng (Tài chính công),tuyensinh247,426,true
d910e6f3-2c20-5e7d-8c88-ba59b909c717,TMU,TM17,TM17,Logistics và Quản lý chuỗi cung ứng (Logistics và Quản lý chuỗi cung ứng),tuyensinh247,426,true
54f79158-0e20-501c-979e-3a88ecefb282,TMU,TM18,TM18,Ngôn ngữ Anh (Tiếng Anh thương mại),tuyensinh247,426,true
5206a6b5-d6b3-5101-996d-58e729edffbd,TMU,TM19,TM19,Luật kinh tế (Luật kinh tế),tuyensinh247,426,true
c0f3c855-d028-543d-8342-1232a1104159,TMU,TM20,TM20,Quản trị kinh doanh (Tiếng Pháp thương mại),tuyensinh247,426,true
309947dc-d8de-534c-8a26-0c76308edfd3,TMU,TM21,TM21,Ngôn ngữ Trung Quốc (Tiếng Trung thương mại),tuyensinh247,426,true
c0af5621-d5f4-52af-8d68-12678b5ddb7e,TMU,TM22,TM22,Hệ thống thông tin quản lý (Quản trị Hệ thống thông tin),tuyensinh247,426,true
1ab8ab86-b0c7-57a3-849e-fc20f649b1ae,TMU,TM23,TM23,Quản trị nhân lực (Quản trị nhân lực doanh nghiệp),tuyensinh247,426,true
16deff03-3b68-5d59-bcc7-755e5e7b81c2,TMU,TM24,TM24,Tài chính - Ngân hàng (Tài chính - Ngân hàng thương mại),tuyensinh247,426,true
840cb5f5-1cea-5606-be75-68476f861dcf,TMU,TM25,TM25,Tài chính - Ngân hàng (Tài chính - Ngân hàng thương mại - Chương trình định hướng chuyên sâu nghề nghiệp quốc tế - IPOP),tuyensinh247,426,true
cf17977b-e3d8-57d2-8143-457c90d8a8b1,TMU,TM26,TM26,Tài chính - Ngân hàng (Tài chính công),tuyensinh247,426,true
f2308ec4-a940-5c32-8990-0653a3826a6c,TMU,TM27,TM27,Quản trị nhân lực (Quản trị nhân lực doanh nghiệp - Chương trình định hướng chuyên sâu nghề nghiệp quốc tế - IPOP),tuyensinh247,426,true
0cf5be25-f46d-5ec5-ab21-5bda0f1b524a,TMU,TM28,TM28,Marketing (Marketing số),tuyensinh247,426,true
d20a3f8d-2965-5372-bb97-bc73a55df1d4,TMU,TM29,TM29,Luật kinh tế (Luật Thương mại quốc tế),tuyensinh247,426,true
d9d7f31c-5555-5754-a468-2253486ce08b,TMU,TM30,TM30,Thương mại điện tử (Kinh doanh số),tuyensinh247,426,true
374ac49a-f286-5c1f-a86a-87a6216266a3,TMU,TM31,TM31,Quản trị khách sạn (Quản trị khách sạn),tuyensinh247,426,true
38861d64-8ca7-524e-baa1-d4bf8b8f8d4e,TMU,TM32,TM32,Quản trị dịch vụ du lịch và lữ hành (Quản trị dịch vụ du lịch và lữ hành),tuyensinh247,426,true
4c5fdf9a-8783-5820-9e03-4e602eda8b40,TMU,TM33,TM33,Kinh tế số (Phân tích kinh doanh trong môi trường số),tuyensinh247,426,true
1f21c8b9-3fe9-549e-a214-7984831c55ce,TMU,TM34,TM34,Luật kinh tế (Luật kinh tế),tuyensinh247,426,true
56f4fdb4-6b2f-58ba-95fc-27997469cbf5,TMU,TM35,TM35,Marketing (Marketing thương mại - Chương trình định hướng chuyên sâu nghề nghiệp quốc tế - IPOP),tuyensinh247,426,true
51eadb2c-b1e3-558d-9f2e-0e0409280404,TMU,TM36,TM36,Luật kinh tế (Luật thương mại quốc tế),tuyensinh247,426,true
8730d07f-942f-5f31-890e-e3c663b7dc6b,TMU,TM37,TM37,Quản trị nhân lực (Quản trị nhân lực doanh nghiệp),tuyensinh247,426,true
677e9d4e-495c-5ba4-9149-06e1fb8f4ec1,TMU,TM38,TM38,Tài chính - Ngân hàng (Công nghệ Tài chính ngân hàng),tuyensinh247,426,true
35265400-40a6-5f8a-a521-0b8e05a137c4,TMU,TM39,TM39,Kinh tế số (Phân tích kinh doanh trong môi trường số),tuyensinh247,426,true
ca2abc15-1a98-5f79-a123-1bbc24f424ca,TMU,TM40,TM40,Ngôn ngữ Trung Quốc (Tiếng Trung thương mại),tuyensinh247,426,true
1e79a745-9a92-5c90-ab40-7156dcbd825d,TMU,TM41,TM41,Ngôn ngữ Trung Quốc (Tiếng Trung thương mại - Chương trình định hướng chuyên sâu nghề nghiệp quốc tế - IPOP),tuyensinh247,426,true
7afbc3b7-4922-5823-9965-bf69bb0baed1,TMU,TM42,TM42,Quản trị kinh doanh (Tiếng Pháp thương mại),tuyensinh247,426,true
719c5976-3f3a-530f-a438-9879fba92ce8,TMU,TM43,TM43,Quản trị kinh doanh (Quản trị kinh doanh) - Khởi nghiệp (Thành lập doanh nghiệp) - Chương trình đào tạo song bằng quốc tế,tuyensinh247,426,true
10a997b5-53f1-55f4-b0fb-e62675fd9eee,TMU,TM44,TM44,Marketing (Marketing thương mại) - Thương mại sản phẩm và dịch vụ (Bán hàng) - Chương trình đào tạo song bằng quốc tế,tuyensinh247,426,true
6a0d8d57-1e24-51fe-b432-4b11748949ae,TMU,TM45,TM45,Quản trị kinh doanh (Quàn trị kinh doanh - Chương trình đào tạo tiến tiến),tuyensinh247,426,true
a0f0084a-e601-5755-8176-7fe79c5345fb,VHD,7310101,7310101,Kinh tế,tuyensinh247,481,true
f9a05d1d-0be4-50b3-a222-1e57a50d4252,VHD,7310109,7310109,Kinh tế số,tuyensinh247,481,true
b6f50845-c971-5fc8-832f-1ff1e279b9df,VHD,7340101,7340101,Quản trị kinh doanh,tuyensinh247,481,true
871b4790-ea16-5b64-9c29-664aba85539f,VHD,7340115,7340115,Marketing,tuyensinh247,481,true
8e7677c9-c133-5cc4-9b38-6d406f7ac661,VHD,7340201,7340201,Tài chính - Ngân hàng,tuyensinh247,481,true
ab81165a-de8f-5066-9257-d86b3ac0f8ee,VHD,7340205,7340205,Công nghệ tài chính,tuyensinh247,481,true
a33c79ca-a0d4-5da2-a048-ab771e9fa123,VHD,7480101,7480101,Khoa học máy tính,tuyensinh247,481,true
e03b6ef7-0e57-5a24-b439-a056ef41569b,VHD,7480201,7480201,Công nghệ thông tin,tuyensinh247,481,true
ec861f43-3d4e-52be-963c-8f9ae1fd6062,VHD,7510103,7510103,Công nghệ kỹ thuật xây dựng,tuyensinh247,481,true
93db06fd-e78d-5320-9d39-513e65f74ff3,VHD,7510201,7510201,Công nghệ kỹ thuật cơ khí,tuyensinh247,481,true
275bfe8f-364e-573b-96c0-89d0f2414034,VHD,7510205,7510205,Công nghệ kỹ thuật ô tô,tuyensinh247,481,true
4e6de523-01c3-5775-abde-4c204769dc4d,VHD,7510301,7510301,"Công nghệ kỹ thuật điện, điện tử",tuyensinh247,481,true
303452fd-ff32-5df2-aa1f-78069410725b,VHD,7510302,7510302,Công nghệ kỹ thuật điện tử viễn thông,tuyensinh247,481,true
d3269980-a30b-5fc3-b4b7-32088924b157,VHH,7220112A,7220112A,Văn hoá các DTTS Việt Nam - Tổ chức và quản lý văn hóa vùng DTTS,tuyensinh247,441,true
89e51c1d-50dd-5cb3-ae5c-d02fc7c08e0f,VHH,7220112B,7220112B,Văn hoá các DTTS Việt Nam - Tổ chức và quản lý du lịch vùng DTTS,tuyensinh247,441,true
e2149c92-2354-5183-b78e-5d16cbc2c2e0,VHH,72202001,72202001,Ngôn ngữ Anh,tuyensinh247,441,true
61a4f0d5-ae52-514c-9a32-68c1560400b3,VHH,7220201,7220201,Ngôn ngữ Anh,tuyensinh247,441,true
c5b86e8c-5b6c-579a-9322-c090c38b4b94,VHH,7229040A,7229040A,Văn hóa học - Nghiên cứu văn hóa,tuyensinh247,441,true
34c64b6d-8501-5462-9396-7aa1327dd2d4,VHH,7229040B,7229040B,Văn hoá học - Văn hóa truyền thông,tuyensinh247,441,true
9cf581c9-5f81-5a2b-9fcf-91f6606f949d,VHH,7229040C,7229040C,Văn hóa học - Văn hóa đối ngoại,tuyensinh247,441,true
9f6549ba-21bd-5659-8533-6f6f4b3fe58e,VHH,7229042A,7229042A,Quản lý văn hoá - Chính sách văn hóa và quản lý nghệ thuật,tuyensinh247,441,true
afdae7d8-d7fa-5cf9-bf5b-764b31cf309c,VHH,7229042B,7229042B,Quản lý văn hoá - Quản lý nhà nước về gia đình,tuyensinh247,441,true
0e0316ae-0736-5da4-8d05-79abc7939622,VHH,7229042C,7229042C,Quản lý văn hoá - Quản lý di sản văn hóa,tuyensinh247,441,true
93e95671-1e74-53f1-95fa-0d1772d355bf,VHH,7229042D,7229042D,Quản lý văn hoá - Tổ chức sự kiện,tuyensinh247,441,true
e69304ad-7408-5677-9fa1-1003ba04e682,VHH,7229042E,7229042E,Quản lý văn hoá - Tổ chức sự kiện văn hóa,tuyensinh247,441,true
48bf7d46-3791-5c91-96dd-84a9c2d6dece,VHH,7320101,7320101,Báo chí,tuyensinh247,441,true
adf3b55d-5bdf-5043-b26b-487a82fbbf40,VHH,7320201,7320201,Thông tin - Thư viện,tuyensinh247,441,true
38b23c4c-253f-51cc-8a91-78021fbf263e,VHH,7320201A,7320201A,Thông tin - Thư viện - Quản trị thư viện,tuyensinh247,441,true
b75540a2-46a8-5c89-9a91-34a8146d21bb,VHH,7320201B,7320201B,Thông tin - Thư viện - Thư viện và thiết bị trường học,tuyensinh247,441,true
f33b2616-6f94-5dfd-9afc-8811ad6b510e,VHH,7320205,7320205,Quản lý thông tin,tuyensinh247,441,true
8646917f-cfa5-590a-adee-a6dd246f201b,VHH,7320305,7320305,Bảo tàng học,tuyensinh247,441,true
7e2fd904-f28f-5bb3-8d9d-eb4b485ae6a2,VHH,7320402,7320402,Kinh doanh xuất bản phẩm,tuyensinh247,441,true
84d33922-f97b-5051-ab8d-453760c7da1b,VHH,7380101,7380101,Luật,tuyensinh247,441,true
493814ee-0c2d-5529-b3e7-75c68a95c2d6,VHH,7810101A,7810101A,Du lịch - Văn hóa du lịch,tuyensinh247,441,true
ec6beaf9-e108-5c0c-b43c-e192d21908aa,VHH,7810101B,7810101B,"Du lịch - Lữ hành, hướng dẫn du lịch",tuyensinh247,441,true
a76ac9cc-4885-5983-a71e-f1c8f77874a0,VHH,7810101C,7810101C,Du lịch - Hướng dẫn du lịch quốc tế,tuyensinh247,441,true
6060b41e-6a4e-5b76-9b19-f4ee2fede310,VHH,7810103,7810103,Quản trị dịch vụ du lịch và lữ hành,tuyensinh247,441,true
b4f630bc-a5f7-5408-a7c4-da264427e48b,VHH,7810103A,7810103A,Quản trị dịch vụ du lịch và lữ hành,tuyensinh247,441,true
30edf979-3f9e-574f-8b94-637d5dabf189,VHH,7810103B,7810103B,Quản trị dịch vụ du lịch và lữ hành - Quản trị du lịch cộng đồng,tuyensinh247,441,true
e313dd8d-c0d6-51e3-ad8d-d6eab9652968,XDA,7210110,7210110,Mỹ thuật đô thị,tuyensinh247,443,true
7895218f-4367-5213-a986-efc25df90f90,XDA,72104_NT,72104_NT,CTĐT Nghệ thuật và thiết kế,tuyensinh247,443,true
73c2d047-60b8-5a8b-8560-b4ce08a5fc58,XDA,7340409,7340409,Quản lý dự án,tuyensinh247,443,true
1fc16907-eb93-52ce-a204-b871a5df9f53,XDA,7460108,7460108,Khoa học dữ liệu (*),tuyensinh247,443,true
5b632f81-b722-5e2e-890c-8d71c5ec714f,XDA,7480101,7480101,Khoa học Máy tính,tuyensinh247,443,true
3e82133d-8ccb-519f-be68-b9aa2bf87cb1,XDA,7480101_QT,7480101_QT,Khoa học Máy tính (Chương trình đào tạo Liên kết quốc tế với Đại học Mississippi - Hoa Kỳ),tuyensinh247,443,true
8c488fc9-4759-5b2b-bf1c-6a5021fb8735,XDA,7480201,7480201,Công nghệ thông tin,tuyensinh247,443,true
9b6cce39-87b1-5dfe-91dd-e85ef3e9acb0,XDA,7480201_01,7480201_01,Công nghệ thông tin/ Công nghệ đa phương tiện (*),tuyensinh247,443,true
d07811f4-5920-5958-8dc4-d89d27eecdcc,XDA,7480201_02,7480201_02,Công nghệ thông tin/ An toàn thông tin,tuyensinh247,443,true
ba035a44-0556-5ebf-bde9-50c3cdcaa227,XDA,7510103,7510103,Công nghệ kỹ thuật xây dựng,tuyensinh247,443,true
55b13e6a-684c-5840-95dd-29c0205e1eb4,XDA,7510105,7510105,Công nghệ kỹ thuật vật liệu xây dựng,tuyensinh247,443,true
2ba6761b-1535-5be6-a501-ba0408b5734c,XDA,7510605,7510605,Logistics và Quản lý chuỗi cung ứng,tuyensinh247,443,true
fe285454-9c4a-52de-911f-9d2bea54d7a2,XDA,7510605_01,7510605_01,Logistics và Quản lý chuỗi cung ứng/ Logistics đô thị,tuyensinh247,443,true
a0891352-149a-54c6-8379-70796da25ab4,XDA,7510605_02,7510605_02,Logistics và Quản lý chuỗi cung ứng/ Logistics công nghiệp (*),tuyensinh247,443,true
47aeb781-0a83-56b8-87ff-57ec57f78362,XDA,7520101_01,7520101_01,Kỹ thuật cơ khí/ Máy xây dựng,tuyensinh247,443,true
52482be8-4dfd-5248-b577-1ee9ee6a5185,XDA,7520101_03,7520101_03,Kỹ thuật cơ khí/ Kỹ thuật cơ điện,tuyensinh247,443,true
0ece60b2-cb3d-5c43-bce9-b6e1246b3f80,XDA,7520101_04,7520101_04,Kỹ thuật cơ khí/ Kỹ thuật ô tô,tuyensinh247,443,true
6cca7d38-9533-5132-b1da-9d67c2637572,XDA,7520103,7520103,Kỹ thuật cơ khí,tuyensinh247,443,true
15dcb011-de93-5e2c-93c7-a8dd0af0be8b,XDA,7520103_01,7520103_01,Kỹ thuật cơ khí/ Máy xây dựng,tuyensinh247,443,true
09d96c1b-d1a4-5bc2-b06f-7ddb98c86ecf,XDA,7520103_02,7520103_02,Kỹ thuật cơ khí/ Chuyên Cơ giới hoá xây dựng,tuyensinh247,443,true
e0284918-de96-5902-8840-ca6a43b821b5,XDA,7520103_03,7520103_03,Kỹ thuật cơ khí/ Kỹ thuật cơ điện,tuyensinh247,443,true
9931c89c-9add-5c31-8d58-d62ec333f0d2,XDA,7520103_04,7520103_04,Kỹ thuật cơ khí/ Kỹ thuật ô tô,tuyensinh247,443,true
b924ab1e-177d-5691-90e3-93c7577f2f82,XDA,7520201,7520201,Kỹ thuật điện,tuyensinh247,443,true
78198dc0-e9ed-5c43-80fe-5c86a876e34b,XDA,7520216,7520216,Kỹ thuật điều khiển và tự động hóa,tuyensinh247,443,true
552ed032-072a-5e7e-b086-1b09401ddb55,XDA,7520309,7520309,Kỹ thuật vật liệu,tuyensinh247,443,true
a416d316-e59f-5704-9c00-a6bc3223f600,XDA,7520320,7520320,Kỹ thuật Môi trường,tuyensinh247,443,true
94ed4785-db5c-5682-8ae7-033f7a35cc34,XDA,7580101,7580101,Kiến trúc,tuyensinh247,443,true
42885dc1-9e90-5bf1-8a48-78b069a1d85f,XDA,7580101_01,7580101_01,Kiến trúc/ Kiến trúc công nghệ,tuyensinh247,443,true
b930325f-ff71-5765-b4d1-af3afde818ec,XDA,7580101_02,7580101_02,Kiến trúc/Kiến trúc công nghệ,tuyensinh247,443,true
f8ad77f2-a513-5811-8285-05b47e93f440,XDA,7580102,7580102,Kiến trúc cảnh quan,tuyensinh247,443,true
0806e54e-8d28-5429-aeda-4c94c83142a2,XDA,7580103,7580103,Kiến trúc nội thất,tuyensinh247,443,true
9d9586e9-86b4-5a8a-924e-e3f9c799ff01,XDA,7580105,7580105,Quy hoạch vùng và đô thị,tuyensinh247,443,true
6e7caf7a-b5dd-596a-bf9f-9c1c735dffd3,XDA,7580105_01,7580105_01,Quy hoạch vùng và đô thị/ Chuyên Quy hoạch - Kiến trúc,tuyensinh247,443,true
161a3c94-2056-5d04-adbf-2182af730784,XDA,7580201,7580201,Kỹ thuật xây dựng,tuyensinh247,443,true
dbd336fb-950e-55c0-813b-af5a6fba4662,XDA,7580201_01,7580201_01,Kỹ thuật xây dựng/ Xây dựng Dân dụng và Công nghiệp,tuyensinh247,443,true
b399d081-9424-5104-819d-2e6943fa447a,XDA,7580201_02,7580201_02,Kỹ thuật xây dựng/ Hệ thống kỹ thuật trong công trình,tuyensinh247,443,true
bb13c788-6c05-5295-9df3-21a679cc6608,XDA,7580201_03,7580201_03,Kỹ thuật xây dựng/ Tin học xây dựng,tuyensinh247,443,true
92fc54c8-1b01-5d5e-bb83-8fa53cdae8c2,XDA,7580201_04,7580201_04,Kỹ thuật xây dựng/ Kỹ thuật công trình thủy,tuyensinh247,443,true
28d829f7-83d9-583f-8321-b3cc28d7e1e1,XDA,7580201_05,7580201_05,Kỹ thuật xây dựng/ Kỹ thuật công trình biển,tuyensinh247,443,true
4120d91e-608d-5235-bc40-25e86016c393,XDA,7580201_CLC,7580201_CLC,Kỹ thuật xây dựng (Chương trình đào tạo Kỹ sư chất lượng cao - PFIEV),tuyensinh247,443,true
f3b2de56-4a65-5a14-b8b2-de7033b70b4e,XDA,7580201_QT,7580201_QT,Kỹ thuật xây dựng (Chương trình đào tạo Liên kết quốc tế với Đại học Mississippi - Hoa Kỳ),tuyensinh247,443,true
7e12aca4-595c-5799-9784-9bf994e62444,XDA,7580205_01,7580205_01,Kỹ thuật xây dựng công trình Giao thông/ Xây dựng Cầu đường,tuyensinh247,443,true
b79c566a-2ed9-58a1-a81b-3d08dd8d2ec9,XDA,7580205_02,7580205_02,Kỹ thuật xây dựng công trình giao thông/ Đường sắt tốc độ cao và đường sắt đô thị,tuyensinh247,443,true
493004b8-43dc-5c7d-a2e7-3d26ef80a3a4,XDA,7580213_01,7580213_01,Kỹ thuật Cấp thoát nước/ Kỹ thuật nước - Môi trường nước,tuyensinh247,443,true
0ac6f2c9-a458-5208-81f9-06609edfbac1,XDA,7580301,7580301,Kinh tế xây dựng,tuyensinh247,443,true
e798b587-5d16-56c0-a999-f64c842ebf1c,XDA,7580302_01,7580302_01,Quản lý xây dựng/ Kinh tế và quản lý đô thị,tuyensinh247,443,true
6b413116-990b-5797-ade4-b181923005ae,XDA,7580302_02,7580302_02,Quản lý xây dựng/ Kinh tế và quản lý bất động sản,tuyensinh247,443,true
2e02ea82-140d-551a-85f5-6ed3b655715e,XDA,7580302_03,7580302_03,"Quản lý xây dựng/ Quản lý hạ tầng, đất đai đô thị (*)",tuyensinh247,443,true
3731c9ca-6993-5a21-a6f7-6b84a9c7d5d8,XDA,7580302_04,7580302_04,Quản lý xây dựng/ Kiểm toán đầu tư xây dựng,tuyensinh247,443,true
70a86aeb-727c-547b-bcf7-7cf820200b5b,XDA,XDA01,XDA01,Kiến trúc,tuyensinh247,443,true
fd874257-f657-5cb8-abb9-c549661995b3,XDA,XDA02,XDA02,Kiến trúc/ Chuyên ngành Kiến trúc Nội thất,tuyensinh247,443,true
308efd61-e27e-5c13-9e8c-50b543167e7c,XDA,XDA03,XDA03,Kiến trúc/ Chuyên ngành Kiến trúc công nghệ,tuyensinh247,443,true
b233f832-0002-5ad6-9eff-2010392d1e08,XDA,XDA04,XDA04,Kiến trúc/ Chuyên ngành Kiến trúc cảnh quan,tuyensinh247,443,true
3761cf16-b994-5b45-937b-c78d6793a559,XDA,XDA05,XDA05,Quy hoạch vùng và đô thị,tuyensinh247,443,true
a3bb1685-d57c-58b4-a77d-32d3caa8dc7f,XDA,XDA06,XDA06,Quy hoạch vùng và đô thị/ Chuyên ngành Quy hoạch - Kiến trúc,tuyensinh247,443,true
8a8f38e5-06c1-596f-8f4f-1997764565d8,XDA,XDA07,XDA07,Ngành Kỹ thuật xây dựng/ Chuyên ngành Xây dựng Dân dụng và Công nghiệp,tuyensinh247,443,true
bc38abeb-1ac8-55de-b3a9-afccb6d4b876,XDA,XDA08,XDA08,Ngành Kỹ thuật xây dựng/ Chuyên ngành Hệ thống kỹ thuật trong công trình,tuyensinh247,443,true
b23f505f-4299-57ce-b2a3-2bd258a577d8,XDA,XDA09,XDA09,Ngành Kỹ thuật xây dựng/ Chuyên ngành Tin học xây dựng,tuyensinh247,443,true
0732e9a8-d7c1-510b-93ec-3344bc0ec2aa,XDA,XDA10,XDA10,Ngành Kỹ thuật xây dựng/ Có 08 chuyên ngành: 1) Địa Kỹ thuật công trình và Kỹ thuật địa môi trường; 2) Kỹ thuật Trắc địa và Địa tin học; 3) Kết cấu công trình; 4) Công nghệ kỹ thuật xây dựng; 5) Kỹ thuật Công trình thủy; 6) Kỹ thuật công trình năng lượng; 7) Kỹ thuật Công trình biển; 8) Kỹ thuật cơ sở hạ tầng.,tuyensinh247,443,true
cac1da61-1467-51b4-a932-c33e2665d7e6,XDA,XDA11,XDA11,Ngành Kỹ thuật xây dựng công trình giao thông/ Chuyên ngành Xây dựng Cầu đường,tuyensinh247,443,true
fc1453e2-5494-5b07-9d3f-24f07940ffde,XDA,XDA12,XDA12,Ngành Kỹ thuật Cấp thoát nước / Chuyên ngành Kỹ thuật nước - Môi trường nước,tuyensinh247,443,true
a8ce0475-1624-5e4e-a173-12071c558fba,XDA,XDA13,XDA13,Ngành Kỹ thuật Môi trường,tuyensinh247,443,true
10e108cf-681c-5b73-967c-005031657978,XDA,XDA14,XDA14,Ngành Kỹ thuật vật liệu,tuyensinh247,443,true
6d7d5bcc-2cdd-539a-8b20-1a4f64229a7a,XDA,XDA15,XDA15,Ngành Công nghệ kỹ thuật Vật liệu xây dựng,tuyensinh247,443,true
a62da6fc-a043-5356-be40-b1f499b29faa,XDA,XDA16,XDA16,Ngành Công nghệ thông tin,tuyensinh247,443,true
a5144a78-7c0c-5a00-a0a8-0241f9df0a2e,XDA,XDA17,XDA17,Ngành Khoa học Máy tính,tuyensinh247,443,true
c7e5c9da-164b-5757-83df-5ee5e14360fd,XDA,XDA18,XDA18,Ngành Kỹ thuật cơ khí,tuyensinh247,443,true
6207146d-26e6-5d0a-b62d-ee43312fb28d,XDA,XDA19,XDA19,Ngành Kỹ thuật cơ khí/ Chuyên ngành Máy xây dựng,tuyensinh247,443,true
e461d1eb-695f-57a6-bcf2-bfddc25bf628,XDA,XDA20,XDA20,Ngành Kỹ thuật cơ khí/ Chuyên ngành Cơ giới hoá xây dựng,tuyensinh247,443,true
00c3fbea-c0ab-5094-88e0-0b42c3a68444,XDA,XDA21,XDA21,Ngành Kỹ thuật cơ khí/ Chuyên ngành Kỹ thuật cơ điện,tuyensinh247,443,true
b1bcd5a8-5339-573e-8cd0-915b7107e416,XDA,XDA22,XDA22,Ngành Kỹ thuật cơ khí/ Chuyên ngành Kỹ thuật ô tô,tuyensinh247,443,true
4046cfc1-a09a-57d0-b368-99f4e4e0d6d6,XDA,XDA23,XDA23,Ngành Kinh tế xây dựng,tuyensinh247,443,true
9ebe63ba-e282-5f3a-a173-947ce7d7e404,XDA,XDA24,XDA24,Ngành Quản lý xây dựng/ Chuyên ngành Kinh tế và quản lý đô thị,tuyensinh247,443,true
0b158e93-8fe7-5f67-9f1d-d144671f30b2,XDA,XDA25,XDA25,Ngành Quản lý xây dựng/ Chuyên ngành Kinh tế và quản lý bất động sản,tuyensinh247,443,true
fb7bd2c8-fdae-5f90-b2c4-18ad1087472d,XDA,XDA26,XDA26,Ngành Logistics và Quản lý chuỗi cung ứng,tuyensinh247,443,true
d984cdcb-1ef6-57fc-94a8-02fd08683a35,XDA,XDA27,XDA27,Ngành Kỹ thuật xây dựng (Chương trình đào tạo liên kết với Đại học Mississippi - Hoa Kỳ),tuyensinh247,443,true
81f14fd6-b944-5c8f-b791-d0d179992a30,XDA,XDA28,XDA28,Ngành Khoa học máy tính (Chương trình đào tạo liên kết với Đại học Mississippi - Hoa Kỳ),tuyensinh247,443,true
dd7f70ed-8ab0-5447-95d6-b299688d9888,XDA,XDA29,XDA29,"Ngành Quản lý xây dựng/ Chuyên ngành Quản lý hạ tầng, đất đai đô thị",tuyensinh247,443,true
b43173b7-07d6-5806-bb87-ef87c1ddb0c5,YHB,7310401,7310401,Tâm lý học,tuyensinh247,448,true
f92cf150-70db-5126-b1d2-1e6bec7137e4,YHB,7720101,7720101,Y khoa,tuyensinh247,448,true
8b1b65ce-64fc-5789-b058-7ad1c0e9d28c,YHB,7720101YHT,7720101YHT,Y khoa Phân hiệu Thanh Hóa,tuyensinh247,448,true
17c14dbc-d267-506c-90e7-241b19ebe3a1,YHB,7720101YHT_AP,7720101YHT_AP,Y khoa Phân hiệu Thanh Hóa kết hợp chứng chỉ ngoại ngữ quốc tế,tuyensinh247,448,true
0c45a689-8ce3-5d7f-981f-5cadc90a11f4,YHB,7720101_AP,7720101_AP,Y khoa kết hợp chứng chỉ ngoại ngữ quốc tế,tuyensinh247,448,true
4e770b69-4700-5d8f-b4b7-e42d0e78883f,YHB,7720101_YHT,7720101_YHT,Y khoa,tuyensinh247,448,true
448188bc-c131-52b1-a4cb-bb2c64f01688,YHB,7720110,7720110,Y học dự phòng,tuyensinh247,448,true
5d7f3729-c0f1-5261-972b-76ebc1f24a47,YHB,7720115,7720115,Y học cổ truyền,tuyensinh247,448,true
ed957d1f-8c99-570a-af17-b006f086965d,YHB,7720301,7720301,Điều dưỡng,tuyensinh247,448,true
9ca06764-1388-5f95-8fc0-3e9a71d13e6e,YHB,7720301YHT,7720301YHT,Điều dưỡng Phân hiệu Thanh Hóa,tuyensinh247,448,true
2987e3b6-e853-58e9-9086-1949b61eac6a,YHB,7720301_,7720301_ AP,Điều dưỡng chương trình tiên tiến kết hợp chứng chỉ ngoại ngữ quốc tế,tuyensinh247,448,true
6b1122b4-4fd4-51ce-b042-eddac2890413,YHB,7720301_YHT,7720301_YHT,Điều Dưỡng phân hiệu Thanh Hóa,tuyensinh247,448,true
8c2af845-5717-5f4c-8bc9-35ac3f9fa698,YHB,7720302,7720302,Hộ sinh,tuyensinh247,448,true
37f05319-fe2b-5162-8693-80bba7403adf,YHB,7720401,7720401,Dinh dưỡng,tuyensinh247,448,true
7217f3c8-061e-5b6b-acb3-80b973244b31,YHB,7720501,7720501,Răng Hàm Mặt,tuyensinh247,448,true
df1a96f5-27e0-5272-85b2-c27d1e9218ec,YHB,7720501_AP,7720501_AP,Răng Hàm mặt kết hợp chứng chỉ ngoại ngữ quốc tế,tuyensinh247,448,true
a3b929a1-ed50-5e9f-9337-77d9b122e8a8,YHB,7720502,7720502,Kỹ thuật phục hồi hình răng,tuyensinh247,448,true
1ea4cf3b-2ba3-51e4-b6ac-f42e998ae781,YHB,7720601,7720601,Kỹ thuật xét nghiệm Y học,tuyensinh247,448,true
711a3be1-b11d-5edb-bd97-1953fd9c6e8b,YHB,7720601YHT,7720601YHT,Kỹ thuật Xét nghiệm y học Phân hiệu Thanh Hóa,tuyensinh247,448,true
bdac30c9-663c-5a0c-8d8b-7b91179388ed,YHB,7720602,7720602,Kỹ thuật hình ảnh y học,tuyensinh247,448,true
6ba62e58-83d0-5ff8-b7af-f9fa92d55bb3,YHB,7720603,7720603,Kỹ thuật phục hồi chức năng,tuyensinh247,448,true
d9db58ae-82c9-539d-aafb-9964e2e5b1d0,YHB,7720603YHT,7720603YHT,Kỹ thuật Phục hồi chức năng Phân hiệu Thanh Hóa,tuyensinh247,448,true
476ffcb9-2542-56ab-ac14-937eb2f02737,YHB,7720699,7720699,Khúc xạ nhãn khoa,tuyensinh247,448,true
957df61d-6e25-5407-9575-7d8ff7ee3a0e,YHB,7720701,7720701,Y tế công cộng,tuyensinh247,448,true
e5a81633-62ba-5ee9-95aa-dd2c14bbb36a,YHB,7760101,7760101,Công tác xã hội,tuyensinh247,448,true
938dec01-8400-503c-883c-d14adafc3caa,YQH,7720101,7720101,Bác sĩ đa khoa,tuyensinh247,254,true
3fc59f8f-a13d-5afe-a6dc-66e271a9fee7,YQH,7720101,7720101_Nam_B,"Ngành Y khoa (Bác sỹ đa khoa) (Thí sinh Nam, miền Bắc)",tuyensinh247,254,true
411a6eae-0769-5942-9864-1dd4d3e8318f,YQH,7720101,7720101_Nam_N,"Ngành Y khoa (Bác sỹ đa khoa) (Thí sinh Nam, miền Nam)",tuyensinh247,254,true
68db63fb-6806-527b-83ef-1d80caffcb32,YQH,7720101,7720101_Nu_B,"Ngành Y khoa (Bác sỹ đa khoa) (Thí sinh Nữ, miền Bắc)",tuyensinh247,254,true
5a851817-62dd-5e52-86da-c495a52f2037,YQH,7720101,7720101_Nu_N,"Ngành Y khoa (Bác sỹ đa khoa) (Thí sinh Nữ, miền Nam)",tuyensinh247,254,true
750088c0-d1c5-5226-9913-c760a7a5b2ce,YQH,7720110,7720110,Y học dự phòng,tuyensinh247,254,true
3ea0d76f-bc92-572a-9e1e-710fc95a4c4a,YQH,7720110,7720110_Nam_B,Y học dự phòng,tuyensinh247,254,true
4bf7a520-11c5-5583-bdb8-c4b6cac94fb7,YQH,7720110,7720110_Nam_N,Y học dự phòng,tuyensinh247,254,true
3a331680-f73e-5967-b909-241808b22d9c,YQH,7720201,7720201,Dược học,tuyensinh247,254,true
ed2456b8-6cf1-58ac-b4eb-15f999e6df36,YQH,7720201,7720201_Nam_B,Dược học,tuyensinh247,254,true
4184387e-a5c6-55ca-aab2-5563d450f661,YQH,7720201,7720201_Nam_N,Dược học,tuyensinh247,254,true
a3257f6f-5c62-52bd-bf27-eae0d64bdd7c,YQH,7720201,7720201_Nu_B,Dược học,tuyensinh247,254,true
5c56381c-d71b-5922-8b84-79e0fc58cec3,YQH,7720201,7720201_Nu_N,Dược học,tuyensinh247,254,true
a7609784-5b3d-554c-ae1b-22f31783f074,YTC,7460108,7460108,Khoa học dữ liệu,tuyensinh247,452,true
c223c930-cced-50f5-b92d-9d38aa162bc8,YTC,7480109,7480109,Khoa học dữ liệu,tuyensinh247,452,true
f3666d5a-8e5a-5d35-9e49-18b3c9dea6fe,YTC,7510406,7510406,Công nghệ kỹ thuật môi trường,tuyensinh247,452,true
9bf86c6b-afd7-5e4b-9861-b072bc1aab2e,YTC,7720401,7720401,Dinh dưỡng,tuyensinh247,452,true
53e180d4-a917-5f74-8e9c-575efc668455,YTC,7720601,7720601,Kỹ thuật xét nghiệm y học,tuyensinh247,452,true
08d97b08-4f14-5d24-a9e7-7ffbc136dbfe,YTC,7720603,7720603,Kỹ thuật phục hồi chức năng,tuyensinh247,452,true
ffc7156f-86e7-5dc5-8461-b6e9ab94304a,YTC,7720701,7720701,Y tế công cộng,tuyensinh247,452,true
297a2b15-b8b3-50a8-a5ef-67743a3b99fd,YTC,7760101,7760101,Công tác xã hội,tuyensinh247,452,true
