source_url,page_heading,table_index,table_name,rank,institution
https://vnur.vn/bang-xep-hang-theo-tieu-chuan-nam-2025/,BẢNG XẾP HẠNG THEO TIÊU CHUẨN NĂM 2026,1,BẢNG XẾP HẠNG TIÊU CHUẨN CHẤT LƯỢNG ĐƯỢC CÔNG NHẬN,1,Đại học Quốc gia Hà Nội
https://vnur.vn/bang-xep-hang-theo-tieu-chuan-nam-2025/,BẢNG XẾP HẠNG THEO TIÊU CHUẨN NĂM 2026,1,BẢNG XẾP HẠNG TIÊU CHUẨN CHẤT LƯỢNG ĐƯỢC CÔNG NHẬN,2,Đại học Quốc gia TP. Hồ Chí Minh
https://vnur.vn/bang-xep-hang-theo-tieu-chuan-nam-2025/,BẢNG XẾP HẠNG THEO TIÊU CHUẨN NĂM 2026,1,BẢNG XẾP HẠNG TIÊU CHUẨN CHẤT LƯỢNG ĐƯỢC CÔNG NHẬN,3,Trường Đại học Tôn Đức Thắng
https://vnur.vn/bang-xep-hang-theo-tieu-chuan-nam-2025/,BẢNG XẾP HẠNG THEO TIÊU CHUẨN NĂM 2026,1,BẢNG XẾP HẠNG TIÊU CHUẨN CHẤT LƯỢNG ĐƯỢC CÔNG NHẬN,4,Đại học Kinh tế TP. Hồ Chí Minh
https://vnur.vn/bang-xep-hang-theo-tieu-chuan-nam-2025/,BẢNG XẾP HẠNG THEO TIÊU CHUẨN NĂM 2026,1,BẢNG XẾP HẠNG TIÊU CHUẨN CHẤT LƯỢNG ĐƯỢC CÔNG NHẬN,5,Đại học Duy Tân
https://vnur.vn/bang-xep-hang-theo-tieu-chuan-nam-2025/,BẢNG XẾP HẠNG THEO TIÊU CHUẨN NĂM 2026,1,BẢNG XẾP HẠNG TIÊU CHUẨN CHẤT LƯỢNG ĐƯỢC CÔNG NHẬN,6,Đại học Bách khoa Hà Nội
https://vnur.vn/bang-xep-hang-theo-tieu-chuan-nam-2025/,BẢNG XẾP HẠNG THEO TIÊU CHUẨN NĂM 2026,1,BẢNG XẾP HẠNG TIÊU CHUẨN CHẤT LƯỢNG ĐƯỢC CÔNG NHẬN,7,Trường Đại học Lạc Hồng
https://vnur.vn/bang-xep-hang-theo-tieu-chuan-nam-2025/,BẢNG XẾP HẠNG THEO TIÊU CHUẨN NĂM 2026,1,BẢNG XẾP HẠNG TIÊU CHUẨN CHẤT LƯỢNG ĐƯỢC CÔNG NHẬN,8,Trường Đại học Khoa học và Công nghệ Hà Nội
https://vnur.vn/bang-xep-hang-theo-tieu-chuan-nam-2025/,BẢNG XẾP HẠNG THEO TIÊU CHUẨN NĂM 2026,1,BẢNG XẾP HẠNG TIÊU CHUẨN CHẤT LƯỢNG ĐƯỢC CÔNG NHẬN,9,Trường Đại học Nguyễn Tất Thành
https://vnur.vn/bang-xep-hang-theo-tieu-chuan-nam-2025/,BẢNG XẾP HẠNG THEO TIÊU CHUẨN NĂM 2026,1,BẢNG XẾP HẠNG TIÊU CHUẨN CHẤT LƯỢNG ĐƯỢC CÔNG NHẬN,10,Đại học Kinh tế Quốc dân
https://vnur.vn/bang-xep-hang-theo-tieu-chuan-nam-2025/,BẢNG XẾP HẠNG THEO TIÊU CHUẨN NĂM 2026,1,BẢNG XẾP HẠNG TIÊU CHUẨN CHẤT LƯỢNG ĐƯỢC CÔNG NHẬN,11,Đại học Huế
https://vnur.vn/bang-xep-hang-theo-tieu-chuan-nam-2025/,BẢNG XẾP HẠNG THEO TIÊU CHUẨN NĂM 2026,1,BẢNG XẾP HẠNG TIÊU CHUẨN CHẤT LƯỢNG ĐƯỢC CÔNG NHẬN,12,Đại học Đà Nẵng
https://vnur.vn/bang-xep-hang-theo-tieu-chuan-nam-2025/,BẢNG XẾP HẠNG THEO TIÊU CHUẨN NĂM 2026,1,BẢNG XẾP HẠNG TIÊU CHUẨN CHẤT LƯỢNG ĐƯỢC CÔNG NHẬN,13,Trường Đại học Công nghiệp TP. Hồ Chí Minh
https://vnur.vn/bang-xep-hang-theo-tieu-chuan-nam-2025/,BẢNG XẾP HẠNG THEO TIÊU CHUẨN NĂM 2026,1,BẢNG XẾP HẠNG TIÊU CHUẨN CHẤT LƯỢNG ĐƯỢC CÔNG NHẬN,14,Trường Đại học Văn Lang
https://vnur.vn/bang-xep-hang-theo-tieu-chuan-nam-2025/,BẢNG XẾP HẠNG THEO TIÊU CHUẨN NĂM 2026,1,BẢNG XẾP HẠNG TIÊU CHUẨN CHẤT LƯỢNG ĐƯỢC CÔNG NHẬN,15,Trường Đại học Công nghệ TP. Hồ Chí Minh
https://vnur.vn/bang-xep-hang-theo-tieu-chuan-nam-2025/,BẢNG XẾP HẠNG THEO TIÊU CHUẨN NĂM 2026,1,BẢNG XẾP HẠNG TIÊU CHUẨN CHẤT LƯỢNG ĐƯỢC CÔNG NHẬN,16,Đại học Công nghiệp Hà Nội
https://vnur.vn/bang-xep-hang-theo-tieu-chuan-nam-2025/,BẢNG XẾP HẠNG THEO TIÊU CHUẨN NĂM 2026,1,BẢNG XẾP HẠNG TIÊU CHUẨN CHẤT LƯỢNG ĐƯỢC CÔNG NHẬN,17,Trường Đại học Mở TP. Hồ Chí Minh
https://vnur.vn/bang-xep-hang-theo-tieu-chuan-nam-2025/,BẢNG XẾP HẠNG THEO TIÊU CHUẨN NĂM 2026,1,BẢNG XẾP HẠNG TIÊU CHUẨN CHẤT LƯỢNG ĐƯỢC CÔNG NHẬN,18,Trường Đại học Hoa Sen
https://vnur.vn/bang-xep-hang-theo-tieu-chuan-nam-2025/,BẢNG XẾP HẠNG THEO TIÊU CHUẨN NĂM 2026,1,BẢNG XẾP HẠNG TIÊU CHUẨN CHẤT LƯỢNG ĐƯỢC CÔNG NHẬN,19,Đại học Cần Thơ
https://vnur.vn/bang-xep-hang-theo-tieu-chuan-nam-2025/,BẢNG XẾP HẠNG THEO TIÊU CHUẨN NĂM 2026,1,BẢNG XẾP HẠNG TIÊU CHUẨN CHẤT LƯỢNG ĐƯỢC CÔNG NHẬN,20,Trường Đại học Y Hà Nội
https://vnur.vn/bang-xep-hang-theo-tieu-chuan-nam-2025/,BẢNG XẾP HẠNG THEO TIÊU CHUẨN NĂM 2026,1,BẢNG XẾP HẠNG TIÊU CHUẨN CHẤT LƯỢNG ĐƯỢC CÔNG NHẬN,21,Trường Đại học Ngoại Thương
https://vnur.vn/bang-xep-hang-theo-tieu-chuan-nam-2025/,BẢNG XẾP HẠNG THEO TIÊU CHUẨN NĂM 2026,1,BẢNG XẾP HẠNG TIÊU CHUẨN CHẤT LƯỢNG ĐƯỢC CÔNG NHẬN,22,Trường Đại học Xây dựng Hà Nội
https://vnur.vn/bang-xep-hang-theo-tieu-chuan-nam-2025/,BẢNG XẾP HẠNG THEO TIÊU CHUẨN NĂM 2026,1,BẢNG XẾP HẠNG TIÊU CHUẨN CHẤT LƯỢNG ĐƯỢC CÔNG NHẬN,23,Trường Đại học Giao thông Vận tải
https://vnur.vn/bang-xep-hang-theo-tieu-chuan-nam-2025/,BẢNG XẾP HẠNG THEO TIÊU CHUẨN NĂM 2026,1,BẢNG XẾP HẠNG TIÊU CHUẨN CHẤT LƯỢNG ĐƯỢC CÔNG NHẬN,24,Trường Đại học Thương Mại
https://vnur.vn/bang-xep-hang-theo-tieu-chuan-nam-2025/,BẢNG XẾP HẠNG THEO TIÊU CHUẨN NĂM 2026,1,BẢNG XẾP HẠNG TIÊU CHUẨN CHẤT LƯỢNG ĐƯỢC CÔNG NHẬN,25,Trường Đại học Sư phạm Hà Nội
https://vnur.vn/bang-xep-hang-theo-tieu-chuan-nam-2025/,BẢNG XẾP HẠNG THEO TIÊU CHUẨN NĂM 2026,1,BẢNG XẾP HẠNG TIÊU CHUẨN CHẤT LƯỢNG ĐƯỢC CÔNG NHẬN,26,Trường Đại học Nha Trang
https://vnur.vn/bang-xep-hang-theo-tieu-chuan-nam-2025/,BẢNG XẾP HẠNG THEO TIÊU CHUẨN NĂM 2026,1,BẢNG XẾP HẠNG TIÊU CHUẨN CHẤT LƯỢNG ĐƯỢC CÔNG NHẬN,27,Trường Đại học Đồng Tháp
https://vnur.vn/bang-xep-hang-theo-tieu-chuan-nam-2025/,BẢNG XẾP HẠNG THEO TIÊU CHUẨN NĂM 2026,1,BẢNG XẾP HẠNG TIÊU CHUẨN CHẤT LƯỢNG ĐƯỢC CÔNG NHẬN,28,Trường Đại học Thuỷ Lợi
https://vnur.vn/bang-xep-hang-theo-tieu-chuan-nam-2025/,BẢNG XẾP HẠNG THEO TIÊU CHUẨN NĂM 2026,1,BẢNG XẾP HẠNG TIÊU CHUẨN CHẤT LƯỢNG ĐƯỢC CÔNG NHẬN,29,Trường Đại học Hồng Đức
https://vnur.vn/bang-xep-hang-theo-tieu-chuan-nam-2025/,BẢNG XẾP HẠNG THEO TIÊU CHUẨN NĂM 2026,1,BẢNG XẾP HẠNG TIÊU CHUẨN CHẤT LƯỢNG ĐƯỢC CÔNG NHẬN,30,Trường Đại học thủ dầu một
https://vnur.vn/bang-xep-hang-theo-tieu-chuan-nam-2025/,BẢNG XẾP HẠNG THEO TIÊU CHUẨN NĂM 2026,1,BẢNG XẾP HẠNG TIÊU CHUẨN CHẤT LƯỢNG ĐƯỢC CÔNG NHẬN,31,Trường Đại học Quy Nhơn
https://vnur.vn/bang-xep-hang-theo-tieu-chuan-nam-2025/,BẢNG XẾP HẠNG THEO TIÊU CHUẨN NĂM 2026,1,BẢNG XẾP HẠNG TIÊU CHUẨN CHẤT LƯỢNG ĐƯỢC CÔNG NHẬN,32,Trường Đại học Nam Cần Thơ
https://vnur.vn/bang-xep-hang-theo-tieu-chuan-nam-2025/,BẢNG XẾP HẠNG THEO TIÊU CHUẨN NĂM 2026,1,BẢNG XẾP HẠNG TIÊU CHUẨN CHẤT LƯỢNG ĐƯỢC CÔNG NHẬN,33,Trường Đại học Tài nguyên và Môi trường Hà Nội
https://vnur.vn/bang-xep-hang-theo-tieu-chuan-nam-2025/,BẢNG XẾP HẠNG THEO TIÊU CHUẨN NĂM 2026,1,BẢNG XẾP HẠNG TIÊU CHUẨN CHẤT LƯỢNG ĐƯỢC CÔNG NHẬN,34,Đại học Phenikaa
https://vnur.vn/bang-xep-hang-theo-tieu-chuan-nam-2025/,BẢNG XẾP HẠNG THEO TIÊU CHUẨN NĂM 2026,1,BẢNG XẾP HẠNG TIÊU CHUẨN CHẤT LƯỢNG ĐƯỢC CÔNG NHẬN,35,Trường Đại học Sư phạm Hà Nội 2
https://vnur.vn/bang-xep-hang-theo-tieu-chuan-nam-2025/,BẢNG XẾP HẠNG THEO TIÊU CHUẨN NĂM 2026,1,BẢNG XẾP HẠNG TIÊU CHUẨN CHẤT LƯỢNG ĐƯỢC CÔNG NHẬN,36,Trường Đại học Vinh
https://vnur.vn/bang-xep-hang-theo-tieu-chuan-nam-2025/,BẢNG XẾP HẠNG THEO TIÊU CHUẨN NĂM 2026,1,BẢNG XẾP HẠNG TIÊU CHUẨN CHẤT LƯỢNG ĐƯỢC CÔNG NHẬN,37,Trường Đại học Kinh tế Kỹ thuật công nghiệp
https://vnur.vn/bang-xep-hang-theo-tieu-chuan-nam-2025/,BẢNG XẾP HẠNG THEO TIÊU CHUẨN NĂM 2026,1,BẢNG XẾP HẠNG TIÊU CHUẨN CHẤT LƯỢNG ĐƯỢC CÔNG NHẬN,38,Trường Đại học Sư phạm Kỹ thuật TP. Hồ Chí Minh
https://vnur.vn/bang-xep-hang-theo-tieu-chuan-nam-2025/,BẢNG XẾP HẠNG THEO TIÊU CHUẨN NĂM 2026,1,BẢNG XẾP HẠNG TIÊU CHUẨN CHẤT LƯỢNG ĐƯỢC CÔNG NHẬN,39,Trường Đại học Mỏ – Địa chất
https://vnur.vn/bang-xep-hang-theo-tieu-chuan-nam-2025/,BẢNG XẾP HẠNG THEO TIÊU CHUẨN NĂM 2026,1,BẢNG XẾP HẠNG TIÊU CHUẨN CHẤT LƯỢNG ĐƯỢC CÔNG NHẬN,40,Trường Đại học Công nghệ Đồng Nai
https://vnur.vn/bang-xep-hang-theo-tieu-chuan-nam-2025/,BẢNG XẾP HẠNG THEO TIÊU CHUẨN NĂM 2026,1,BẢNG XẾP HẠNG TIÊU CHUẨN CHẤT LƯỢNG ĐƯỢC CÔNG NHẬN,41,Đại học Thái Nguyên
https://vnur.vn/bang-xep-hang-theo-tieu-chuan-nam-2025/,BẢNG XẾP HẠNG THEO TIÊU CHUẨN NĂM 2026,1,BẢNG XẾP HẠNG TIÊU CHUẨN CHẤT LƯỢNG ĐƯỢC CÔNG NHẬN,42,Trường Đại học Tây Đô
https://vnur.vn/bang-xep-hang-theo-tieu-chuan-nam-2025/,BẢNG XẾP HẠNG THEO TIÊU CHUẨN NĂM 2026,1,BẢNG XẾP HẠNG TIÊU CHUẨN CHẤT LƯỢNG ĐƯỢC CÔNG NHẬN,43,Học viện Nông nghiệp Việt Nam
https://vnur.vn/bang-xep-hang-theo-tieu-chuan-nam-2025/,BẢNG XẾP HẠNG THEO TIÊU CHUẨN NĂM 2026,1,BẢNG XẾP HẠNG TIÊU CHUẨN CHẤT LƯỢNG ĐƯỢC CÔNG NHẬN,44,Trường Đại học Văn Hiến
https://vnur.vn/bang-xep-hang-theo-tieu-chuan-nam-2025/,BẢNG XẾP HẠNG THEO TIÊU CHUẨN NĂM 2026,1,BẢNG XẾP HẠNG TIÊU CHUẨN CHẤT LƯỢNG ĐƯỢC CÔNG NHẬN,45,Trường Đại học Y Dược TP. Hồ Chí Minh
https://vnur.vn/bang-xep-hang-theo-tieu-chuan-nam-2025/,BẢNG XẾP HẠNG THEO TIÊU CHUẨN NĂM 2026,1,BẢNG XẾP HẠNG TIÊU CHUẨN CHẤT LƯỢNG ĐƯỢC CÔNG NHẬN,46,Trường Đại học Sư phạm Kỹ thuật Hưng Yên
https://vnur.vn/bang-xep-hang-theo-tieu-chuan-nam-2025/,BẢNG XẾP HẠNG THEO TIÊU CHUẨN NĂM 2026,1,BẢNG XẾP HẠNG TIÊU CHUẨN CHẤT LƯỢNG ĐƯỢC CÔNG NHẬN,47,Trường Đại học Y khoa Phạm Ngọc Thạch
https://vnur.vn/bang-xep-hang-theo-tieu-chuan-nam-2025/,BẢNG XẾP HẠNG THEO TIÊU CHUẨN NĂM 2026,1,BẢNG XẾP HẠNG TIÊU CHUẨN CHẤT LƯỢNG ĐƯỢC CÔNG NHẬN,48,Học viện Tài chính
https://vnur.vn/bang-xep-hang-theo-tieu-chuan-nam-2025/,BẢNG XẾP HẠNG THEO TIÊU CHUẨN NĂM 2026,1,BẢNG XẾP HẠNG TIÊU CHUẨN CHẤT LƯỢNG ĐƯỢC CÔNG NHẬN,49,Trường Đại học Trà Vinh
https://vnur.vn/bang-xep-hang-theo-tieu-chuan-nam-2025/,BẢNG XẾP HẠNG THEO TIÊU CHUẨN NĂM 2026,1,BẢNG XẾP HẠNG TIÊU CHUẨN CHẤT LƯỢNG ĐƯỢC CÔNG NHẬN,50,Trường Đại học Sư phạm TP. Hồ Chí Minh
https://vnur.vn/bang-xep-hang-theo-tieu-chuan-nam-2025/,BẢNG XẾP HẠNG THEO TIÊU CHUẨN NĂM 2026,1,BẢNG XẾP HẠNG TIÊU CHUẨN CHẤT LƯỢNG ĐƯỢC CÔNG NHẬN,51,Học viện Ngoại giao
https://vnur.vn/bang-xep-hang-theo-tieu-chuan-nam-2025/,BẢNG XẾP HẠNG THEO TIÊU CHUẨN NĂM 2026,1,BẢNG XẾP HẠNG TIÊU CHUẨN CHẤT LƯỢNG ĐƯỢC CÔNG NHẬN,52,Trường Đại học Ngân hàng TP. Hồ Chí Minh
https://vnur.vn/bang-xep-hang-theo-tieu-chuan-nam-2025/,BẢNG XẾP HẠNG THEO TIÊU CHUẨN NĂM 2026,1,BẢNG XẾP HẠNG TIÊU CHUẨN CHẤT LƯỢNG ĐƯỢC CÔNG NHẬN,53,Trường Đại học Y tế Công cộng
https://vnur.vn/bang-xep-hang-theo-tieu-chuan-nam-2025/,BẢNG XẾP HẠNG THEO TIÊU CHUẨN NĂM 2026,1,BẢNG XẾP HẠNG TIÊU CHUẨN CHẤT LƯỢNG ĐƯỢC CÔNG NHẬN,54,Trường Đại học FPT
https://vnur.vn/bang-xep-hang-theo-tieu-chuan-nam-2025/,BẢNG XẾP HẠNG THEO TIÊU CHUẨN NĂM 2026,1,BẢNG XẾP HẠNG TIÊU CHUẨN CHẤT LƯỢNG ĐƯỢC CÔNG NHẬN,55,Học viện Ngân hàng
https://vnur.vn/bang-xep-hang-theo-tieu-chuan-nam-2025/,BẢNG XẾP HẠNG THEO TIÊU CHUẨN NĂM 2026,1,BẢNG XẾP HẠNG TIÊU CHUẨN CHẤT LƯỢNG ĐƯỢC CÔNG NHẬN,56,Trường Đại học Dược Hà Nội
https://vnur.vn/bang-xep-hang-theo-tieu-chuan-nam-2025/,BẢNG XẾP HẠNG THEO TIÊU CHUẨN NĂM 2026,1,BẢNG XẾP HẠNG TIÊU CHUẨN CHẤT LƯỢNG ĐƯỢC CÔNG NHẬN,57,Trường Đại học Y Dược Cần Thơ
https://vnur.vn/bang-xep-hang-theo-tieu-chuan-nam-2025/,BẢNG XẾP HẠNG THEO TIÊU CHUẨN NĂM 2026,1,BẢNG XẾP HẠNG TIÊU CHUẨN CHẤT LƯỢNG ĐƯỢC CÔNG NHẬN,58,Trường Đại học Luật Hà Nội
https://vnur.vn/bang-xep-hang-theo-tieu-chuan-nam-2025/,BẢNG XẾP HẠNG THEO TIÊU CHUẨN NĂM 2026,1,BẢNG XẾP HẠNG TIÊU CHUẨN CHẤT LƯỢNG ĐƯỢC CÔNG NHẬN,59,Học viện Báo chí và Tuyên truyền
https://vnur.vn/bang-xep-hang-theo-tieu-chuan-nam-2025/,BẢNG XẾP HẠNG THEO TIÊU CHUẨN NĂM 2026,1,BẢNG XẾP HẠNG TIÊU CHUẨN CHẤT LƯỢNG ĐƯỢC CÔNG NHẬN,60,Trường Đại học Luật TP. Hồ Chí Minh
https://vnur.vn/bang-xep-hang-theo-tieu-chuan-nam-2025/,BẢNG XẾP HẠNG THEO TIÊU CHUẨN NĂM 2026,1,BẢNG XẾP HẠNG TIÊU CHUẨN CHẤT LƯỢNG ĐƯỢC CÔNG NHẬN,61,Trường Đại học Văn hoá Hà Nội
https://vnur.vn/bang-xep-hang-theo-tieu-chuan-nam-2025/,BẢNG XẾP HẠNG THEO TIÊU CHUẨN NĂM 2026,1,BẢNG XẾP HẠNG TIÊU CHUẨN CHẤT LƯỢNG ĐƯỢC CÔNG NHẬN,62,Trường Đại học Hàng hải việt nam
https://vnur.vn/bang-xep-hang-theo-tieu-chuan-nam-2025/,BẢNG XẾP HẠNG THEO TIÊU CHUẨN NĂM 2026,1,BẢNG XẾP HẠNG TIÊU CHUẨN CHẤT LƯỢNG ĐƯỢC CÔNG NHẬN,63,Trường Đại học Công đoàn
https://vnur.vn/bang-xep-hang-theo-tieu-chuan-nam-2025/,BẢNG XẾP HẠNG THEO TIÊU CHUẨN NĂM 2026,1,BẢNG XẾP HẠNG TIÊU CHUẨN CHẤT LƯỢNG ĐƯỢC CÔNG NHẬN,64,Trường Đại học Hải Phòng
https://vnur.vn/bang-xep-hang-theo-tieu-chuan-nam-2025/,BẢNG XẾP HẠNG THEO TIÊU CHUẨN NĂM 2026,1,BẢNG XẾP HẠNG TIÊU CHUẨN CHẤT LƯỢNG ĐƯỢC CÔNG NHẬN,65,Trường Đại học Kiến trúc Hà Nội
https://vnur.vn/bang-xep-hang-theo-tieu-chuan-nam-2025/,BẢNG XẾP HẠNG THEO TIÊU CHUẨN NĂM 2026,1,BẢNG XẾP HẠNG TIÊU CHUẨN CHẤT LƯỢNG ĐƯỢC CÔNG NHẬN,66,Trường Đại học Điện lực
https://vnur.vn/bang-xep-hang-theo-tieu-chuan-nam-2025/,BẢNG XẾP HẠNG THEO TIÊU CHUẨN NĂM 2026,1,BẢNG XẾP HẠNG TIÊU CHUẨN CHẤT LƯỢNG ĐƯỢC CÔNG NHẬN,67,Trường Đại học Sài Gòn
https://vnur.vn/bang-xep-hang-theo-tieu-chuan-nam-2025/,BẢNG XẾP HẠNG THEO TIÊU CHUẨN NĂM 2026,1,BẢNG XẾP HẠNG TIÊU CHUẨN CHẤT LƯỢNG ĐƯỢC CÔNG NHẬN,68,Học viện Hàng không Việt Nam
https://vnur.vn/bang-xep-hang-theo-tieu-chuan-nam-2025/,BẢNG XẾP HẠNG THEO TIÊU CHUẨN NĂM 2026,1,BẢNG XẾP HẠNG TIÊU CHUẨN CHẤT LƯỢNG ĐƯỢC CÔNG NHẬN,69,Trường Đại học Thăng Long
https://vnur.vn/bang-xep-hang-theo-tieu-chuan-nam-2025/,BẢNG XẾP HẠNG THEO TIÊU CHUẨN NĂM 2026,1,BẢNG XẾP HẠNG TIÊU CHUẨN CHẤT LƯỢNG ĐƯỢC CÔNG NHẬN,70,Học viện Quản lý Giáo dục
https://vnur.vn/bang-xep-hang-theo-tieu-chuan-nam-2025/,BẢNG XẾP HẠNG THEO TIÊU CHUẨN NĂM 2026,1,BẢNG XẾP HẠNG TIÊU CHUẨN CHẤT LƯỢNG ĐƯỢC CÔNG NHẬN,71,Trường Đại học Tân Trào
https://vnur.vn/bang-xep-hang-theo-tieu-chuan-nam-2025/,BẢNG XẾP HẠNG THEO TIÊU CHUẨN NĂM 2026,1,BẢNG XẾP HẠNG TIÊU CHUẨN CHẤT LƯỢNG ĐƯỢC CÔNG NHẬN,72,Trường Đại học Thủ đô Hà Nội
https://vnur.vn/bang-xep-hang-theo-tieu-chuan-nam-2025/,BẢNG XẾP HẠNG THEO TIÊU CHUẨN NĂM 2026,1,BẢNG XẾP HẠNG TIÊU CHUẨN CHẤT LƯỢNG ĐƯỢC CÔNG NHẬN,73,Trường Đại học Kiểm sát Hà Nội
https://vnur.vn/bang-xep-hang-theo-tieu-chuan-nam-2025/,BẢNG XẾP HẠNG THEO TIÊU CHUẨN NĂM 2026,1,BẢNG XẾP HẠNG TIÊU CHUẨN CHẤT LƯỢNG ĐƯỢC CÔNG NHẬN,74,Học viện Y Dược học cổ truyền Việt Nam
https://vnur.vn/bang-xep-hang-theo-tieu-chuan-nam-2025/,BẢNG XẾP HẠNG THEO TIÊU CHUẨN NĂM 2026,1,BẢNG XẾP HẠNG TIÊU CHUẨN CHẤT LƯỢNG ĐƯỢC CÔNG NHẬN,75,Trường Đại học Lao động – Xã hội
https://vnur.vn/bang-xep-hang-theo-tieu-chuan-nam-2025/,BẢNG XẾP HẠNG THEO TIÊU CHUẨN NĂM 2026,1,BẢNG XẾP HẠNG TIÊU CHUẨN CHẤT LƯỢNG ĐƯỢC CÔNG NHẬN,76,Trường Đại học Đà Lạt
https://vnur.vn/bang-xep-hang-theo-tieu-chuan-nam-2025/,BẢNG XẾP HẠNG THEO TIÊU CHUẨN NĂM 2026,1,BẢNG XẾP HẠNG TIÊU CHUẨN CHẤT LƯỢNG ĐƯỢC CÔNG NHẬN,77,Học viện Phụ nữ Việt Nam
https://vnur.vn/bang-xep-hang-theo-tieu-chuan-nam-2025/,BẢNG XẾP HẠNG THEO TIÊU CHUẨN NĂM 2026,1,BẢNG XẾP HẠNG TIÊU CHUẨN CHẤT LƯỢNG ĐƯỢC CÔNG NHẬN,78,Trường Đại học Kỹ thuật y tế Hải Dương
https://vnur.vn/bang-xep-hang-theo-tieu-chuan-nam-2025/,BẢNG XẾP HẠNG THEO TIÊU CHUẨN NĂM 2026,1,BẢNG XẾP HẠNG TIÊU CHUẨN CHẤT LƯỢNG ĐƯỢC CÔNG NHẬN,79,Học viện Chính sách và Phát triển
https://vnur.vn/bang-xep-hang-theo-tieu-chuan-nam-2025/,BẢNG XẾP HẠNG THEO TIÊU CHUẨN NĂM 2026,1,BẢNG XẾP HẠNG TIÊU CHUẨN CHẤT LƯỢNG ĐƯỢC CÔNG NHẬN,80,Trường Đại học Y Dược Thái Bình
https://vnur.vn/bang-xep-hang-theo-tieu-chuan-nam-2025/,BẢNG XẾP HẠNG THEO TIÊU CHUẨN NĂM 2026,1,BẢNG XẾP HẠNG TIÊU CHUẨN CHẤT LƯỢNG ĐƯỢC CÔNG NHẬN,81,Trường Đại học Kỹ thuật – Công nghệ Cần Thơ
https://vnur.vn/bang-xep-hang-theo-tieu-chuan-nam-2025/,BẢNG XẾP HẠNG THEO TIÊU CHUẨN NĂM 2026,1,BẢNG XẾP HẠNG TIÊU CHUẨN CHẤT LƯỢNG ĐƯỢC CÔNG NHẬN,82,Trường Đại học Mở Hà Nội
https://vnur.vn/bang-xep-hang-theo-tieu-chuan-nam-2025/,BẢNG XẾP HẠNG THEO TIÊU CHUẨN NĂM 2026,1,BẢNG XẾP HẠNG TIÊU CHUẨN CHẤT LƯỢNG ĐƯỢC CÔNG NHẬN,83,Trường Đại học Công thương TP. Hồ Chí Minh
https://vnur.vn/bang-xep-hang-theo-tieu-chuan-nam-2025/,BẢNG XẾP HẠNG THEO TIÊU CHUẨN NĂM 2026,1,BẢNG XẾP HẠNG TIÊU CHUẨN CHẤT LƯỢNG ĐƯỢC CÔNG NHẬN,84,Trường Đại học Đông Á
https://vnur.vn/bang-xep-hang-theo-tieu-chuan-nam-2025/,BẢNG XẾP HẠNG THEO TIÊU CHUẨN NĂM 2026,1,BẢNG XẾP HẠNG TIÊU CHUẨN CHẤT LƯỢNG ĐƯỢC CÔNG NHẬN,85,Trường Đại học Thể dục Thể thao TP. Hồ Chí Minh
https://vnur.vn/bang-xep-hang-theo-tieu-chuan-nam-2025/,BẢNG XẾP HẠNG THEO TIÊU CHUẨN NĂM 2026,1,BẢNG XẾP HẠNG TIÊU CHUẨN CHẤT LƯỢNG ĐƯỢC CÔNG NHẬN,86,Trường Đại học Y Dược Hải Phòng
https://vnur.vn/bang-xep-hang-theo-tieu-chuan-nam-2025/,BẢNG XẾP HẠNG THEO TIÊU CHUẨN NĂM 2026,1,BẢNG XẾP HẠNG TIÊU CHUẨN CHẤT LƯỢNG ĐƯỢC CÔNG NHẬN,87,Trường Đại học Tây Nguyên
https://vnur.vn/bang-xep-hang-theo-tieu-chuan-nam-2025/,BẢNG XẾP HẠNG THEO TIÊU CHUẨN NĂM 2026,1,BẢNG XẾP HẠNG TIÊU CHUẨN CHẤT LƯỢNG ĐƯỢC CÔNG NHẬN,88,Trường Đại học Kỹ thuật Y – Dược Đà Nẵng
https://vnur.vn/bang-xep-hang-theo-tieu-chuan-nam-2025/,BẢNG XẾP HẠNG THEO TIÊU CHUẨN NĂM 2026,1,BẢNG XẾP HẠNG TIÊU CHUẨN CHẤT LƯỢNG ĐƯỢC CÔNG NHẬN,89,Trường Đại học Sư phạm Kỹ thuật Vinh
https://vnur.vn/bang-xep-hang-theo-tieu-chuan-nam-2025/,BẢNG XẾP HẠNG THEO TIÊU CHUẨN NĂM 2026,1,BẢNG XẾP HẠNG TIÊU CHUẨN CHẤT LƯỢNG ĐƯỢC CÔNG NHẬN,90,Trường Đại học Hùng Vương
https://vnur.vn/bang-xep-hang-theo-tieu-chuan-nam-2025/,BẢNG XẾP HẠNG THEO TIÊU CHUẨN NĂM 2026,1,BẢNG XẾP HẠNG TIÊU CHUẨN CHẤT LƯỢNG ĐƯỢC CÔNG NHẬN,91,Trường Đại học Quốc tế Hồng Bàng
https://vnur.vn/bang-xep-hang-theo-tieu-chuan-nam-2025/,BẢNG XẾP HẠNG THEO TIÊU CHUẨN NĂM 2026,1,BẢNG XẾP HẠNG TIÊU CHUẨN CHẤT LƯỢNG ĐƯỢC CÔNG NHẬN,92,Trường Đại học Lâm nghiệp
https://vnur.vn/bang-xep-hang-theo-tieu-chuan-nam-2025/,BẢNG XẾP HẠNG THEO TIÊU CHUẨN NĂM 2026,1,BẢNG XẾP HẠNG TIÊU CHUẨN CHẤT LƯỢNG ĐƯỢC CÔNG NHẬN,93,Trường Đại học Kiến trúc TP. Hồ Chí Minh
https://vnur.vn/bang-xep-hang-theo-tieu-chuan-nam-2025/,BẢNG XẾP HẠNG THEO TIÊU CHUẨN NĂM 2026,1,BẢNG XẾP HẠNG TIÊU CHUẨN CHẤT LƯỢNG ĐƯỢC CÔNG NHẬN,94,"Trường Đại học Văn hoá, Thể thao và Du lịch Thanh Hoá"
https://vnur.vn/bang-xep-hang-theo-tieu-chuan-nam-2025/,BẢNG XẾP HẠNG THEO TIÊU CHUẨN NĂM 2026,1,BẢNG XẾP HẠNG TIÊU CHUẨN CHẤT LƯỢNG ĐƯỢC CÔNG NHẬN,95,Trường Đại học Kiên Giang
https://vnur.vn/bang-xep-hang-theo-tieu-chuan-nam-2025/,BẢNG XẾP HẠNG THEO TIÊU CHUẨN NĂM 2026,1,BẢNG XẾP HẠNG TIÊU CHUẨN CHẤT LƯỢNG ĐƯỢC CÔNG NHẬN,96,Trường Đại học Thể dục Thể thao Đà Nẵng
https://vnur.vn/bang-xep-hang-theo-tieu-chuan-nam-2025/,BẢNG XẾP HẠNG THEO TIÊU CHUẨN NĂM 2026,1,BẢNG XẾP HẠNG TIÊU CHUẨN CHẤT LƯỢNG ĐƯỢC CÔNG NHẬN,97,Trường Đại học Kinh tế – Kỹ thuật Bình Dương
https://vnur.vn/bang-xep-hang-theo-tieu-chuan-nam-2025/,BẢNG XẾP HẠNG THEO TIÊU CHUẨN NĂM 2026,1,BẢNG XẾP HẠNG TIÊU CHUẨN CHẤT LƯỢNG ĐƯỢC CÔNG NHẬN,98,Trường Đại học Mỹ thuật TP. Hồ Chí Minh
https://vnur.vn/bang-xep-hang-theo-tieu-chuan-nam-2025/,BẢNG XẾP HẠNG THEO TIÊU CHUẨN NĂM 2026,1,BẢNG XẾP HẠNG TIÊU CHUẨN CHẤT LƯỢNG ĐƯỢC CÔNG NHẬN,99,Trường Đại học Công nghiệp Việt – Hung
https://vnur.vn/bang-xep-hang-theo-tieu-chuan-nam-2025/,BẢNG XẾP HẠNG THEO TIÊU CHUẨN NĂM 2026,1,BẢNG XẾP HẠNG TIÊU CHUẨN CHẤT LƯỢNG ĐƯỢC CÔNG NHẬN,100,Trường Đại học CMC
https://vnur.vn/bang-xep-hang-theo-tieu-chuan-nam-2025/,BẢNG XẾP HẠNG THEO TIÊU CHUẨN NĂM 2026,2,BẢNG XẾP HẠNG TIÊU CHUẨN DẠY HỌC,1,Đại học Bách khoa Hà Nội
https://vnur.vn/bang-xep-hang-theo-tieu-chuan-nam-2025/,BẢNG XẾP HẠNG THEO TIÊU CHUẨN NĂM 2026,2,BẢNG XẾP HẠNG TIÊU CHUẨN DẠY HỌC,2,Trường Đại học Khoa học và Công nghệ Hà Nội
https://vnur.vn/bang-xep-hang-theo-tieu-chuan-nam-2025/,BẢNG XẾP HẠNG THEO TIÊU CHUẨN NĂM 2026,2,BẢNG XẾP HẠNG TIÊU CHUẨN DẠY HỌC,3,Trường Đại học Vinh
https://vnur.vn/bang-xep-hang-theo-tieu-chuan-nam-2025/,BẢNG XẾP HẠNG THEO TIÊU CHUẨN NĂM 2026,2,BẢNG XẾP HẠNG TIÊU CHUẨN DẠY HỌC,4,Trường Đại học Quy Nhơn
https://vnur.vn/bang-xep-hang-theo-tieu-chuan-nam-2025/,BẢNG XẾP HẠNG THEO TIÊU CHUẨN NĂM 2026,2,BẢNG XẾP HẠNG TIÊU CHUẨN DẠY HỌC,5,Trường Đại học Thương Mại
https://vnur.vn/bang-xep-hang-theo-tieu-chuan-nam-2025/,BẢNG XẾP HẠNG THEO TIÊU CHUẨN NĂM 2026,2,BẢNG XẾP HẠNG TIÊU CHUẨN DẠY HỌC,6,Trường Đại học Thuỷ Lợi
https://vnur.vn/bang-xep-hang-theo-tieu-chuan-nam-2025/,BẢNG XẾP HẠNG THEO TIÊU CHUẨN NĂM 2026,2,BẢNG XẾP HẠNG TIÊU CHUẨN DẠY HỌC,7,Đại học Cần Thơ
https://vnur.vn/bang-xep-hang-theo-tieu-chuan-nam-2025/,BẢNG XẾP HẠNG THEO TIÊU CHUẨN NĂM 2026,2,BẢNG XẾP HẠNG TIÊU CHUẨN DẠY HỌC,8,Trường Đại học Dược Hà Nội
https://vnur.vn/bang-xep-hang-theo-tieu-chuan-nam-2025/,BẢNG XẾP HẠNG THEO TIÊU CHUẨN NĂM 2026,2,BẢNG XẾP HẠNG TIÊU CHUẨN DẠY HỌC,9,Đại học Quốc gia TP. Hồ Chí Minh
https://vnur.vn/bang-xep-hang-theo-tieu-chuan-nam-2025/,BẢNG XẾP HẠNG THEO TIÊU CHUẨN NĂM 2026,2,BẢNG XẾP HẠNG TIÊU CHUẨN DẠY HỌC,10,Trường Đại học Luật Hà Nội
https://vnur.vn/bang-xep-hang-theo-tieu-chuan-nam-2025/,BẢNG XẾP HẠNG THEO TIÊU CHUẨN NĂM 2026,2,BẢNG XẾP HẠNG TIÊU CHUẨN DẠY HỌC,11,Trường Đại học Y Dược Cần Thơ
https://vnur.vn/bang-xep-hang-theo-tieu-chuan-nam-2025/,BẢNG XẾP HẠNG THEO TIÊU CHUẨN NĂM 2026,2,BẢNG XẾP HẠNG TIÊU CHUẨN DẠY HỌC,12,Học viện Báo chí và Tuyên truyền
https://vnur.vn/bang-xep-hang-theo-tieu-chuan-nam-2025/,BẢNG XẾP HẠNG THEO TIÊU CHUẨN NĂM 2026,2,BẢNG XẾP HẠNG TIÊU CHUẨN DẠY HỌC,13,Trường Đại học Mỏ – Địa chất
https://vnur.vn/bang-xep-hang-theo-tieu-chuan-nam-2025/,BẢNG XẾP HẠNG THEO TIÊU CHUẨN NĂM 2026,2,BẢNG XẾP HẠNG TIÊU CHUẨN DẠY HỌC,14,Học viện Nông nghiệp Việt Nam
https://vnur.vn/bang-xep-hang-theo-tieu-chuan-nam-2025/,BẢNG XẾP HẠNG THEO TIÊU CHUẨN NĂM 2026,2,BẢNG XẾP HẠNG TIÊU CHUẨN DẠY HỌC,15,Học viện Ngân hàng
https://vnur.vn/bang-xep-hang-theo-tieu-chuan-nam-2025/,BẢNG XẾP HẠNG THEO TIÊU CHUẨN NĂM 2026,2,BẢNG XẾP HẠNG TIÊU CHUẨN DẠY HỌC,16,Trường Đại học Văn hoá Hà Nội
https://vnur.vn/bang-xep-hang-theo-tieu-chuan-nam-2025/,BẢNG XẾP HẠNG THEO TIÊU CHUẨN NĂM 2026,2,BẢNG XẾP HẠNG TIÊU CHUẨN DẠY HỌC,17,Trường Đại học Sư phạm TP. Hồ Chí Minh
https://vnur.vn/bang-xep-hang-theo-tieu-chuan-nam-2025/,BẢNG XẾP HẠNG THEO TIÊU CHUẨN NĂM 2026,2,BẢNG XẾP HẠNG TIÊU CHUẨN DẠY HỌC,18,Trường Đại học Ngân hàng TP. Hồ Chí Minh
https://vnur.vn/bang-xep-hang-theo-tieu-chuan-nam-2025/,BẢNG XẾP HẠNG THEO TIÊU CHUẨN NĂM 2026,2,BẢNG XẾP HẠNG TIÊU CHUẨN DẠY HỌC,19,Trường Đại học Luật TP. Hồ Chí Minh
https://vnur.vn/bang-xep-hang-theo-tieu-chuan-nam-2025/,BẢNG XẾP HẠNG THEO TIÊU CHUẨN NĂM 2026,2,BẢNG XẾP HẠNG TIÊU CHUẨN DẠY HỌC,20,Đại học Thái Nguyên
https://vnur.vn/bang-xep-hang-theo-tieu-chuan-nam-2025/,BẢNG XẾP HẠNG THEO TIÊU CHUẨN NĂM 2026,2,BẢNG XẾP HẠNG TIÊU CHUẨN DẠY HỌC,21,Học viện Tài chính
https://vnur.vn/bang-xep-hang-theo-tieu-chuan-nam-2025/,BẢNG XẾP HẠNG THEO TIÊU CHUẨN NĂM 2026,2,BẢNG XẾP HẠNG TIÊU CHUẨN DẠY HỌC,22,Trường Đại học Sư phạm Hà Nội
https://vnur.vn/bang-xep-hang-theo-tieu-chuan-nam-2025/,BẢNG XẾP HẠNG THEO TIÊU CHUẨN NĂM 2026,2,BẢNG XẾP HẠNG TIÊU CHUẨN DẠY HỌC,23,Học viện Ngoại giao
https://vnur.vn/bang-xep-hang-theo-tieu-chuan-nam-2025/,BẢNG XẾP HẠNG THEO TIÊU CHUẨN NĂM 2026,2,BẢNG XẾP HẠNG TIÊU CHUẨN DẠY HỌC,24,Trường Đại học Thăng Long
https://vnur.vn/bang-xep-hang-theo-tieu-chuan-nam-2025/,BẢNG XẾP HẠNG THEO TIÊU CHUẨN NĂM 2026,2,BẢNG XẾP HẠNG TIÊU CHUẨN DẠY HỌC,25,Trường Đại học Sư phạm Hà Nội 2
https://vnur.vn/bang-xep-hang-theo-tieu-chuan-nam-2025/,BẢNG XẾP HẠNG THEO TIÊU CHUẨN NĂM 2026,2,BẢNG XẾP HẠNG TIÊU CHUẨN DẠY HỌC,26,Đại học Quốc gia Hà Nội
https://vnur.vn/bang-xep-hang-theo-tieu-chuan-nam-2025/,BẢNG XẾP HẠNG THEO TIÊU CHUẨN NĂM 2026,2,BẢNG XẾP HẠNG TIÊU CHUẨN DẠY HỌC,27,Đại học Đà Nẵng
https://vnur.vn/bang-xep-hang-theo-tieu-chuan-nam-2025/,BẢNG XẾP HẠNG THEO TIÊU CHUẨN NĂM 2026,2,BẢNG XẾP HẠNG TIÊU CHUẨN DẠY HỌC,28,Trường Đại học Hải Phòng
https://vnur.vn/bang-xep-hang-theo-tieu-chuan-nam-2025/,BẢNG XẾP HẠNG THEO TIÊU CHUẨN NĂM 2026,2,BẢNG XẾP HẠNG TIÊU CHUẨN DẠY HỌC,29,Đại học Công nghiệp Hà Nội
https://vnur.vn/bang-xep-hang-theo-tieu-chuan-nam-2025/,BẢNG XẾP HẠNG THEO TIÊU CHUẨN NĂM 2026,2,BẢNG XẾP HẠNG TIÊU CHUẨN DẠY HỌC,30,Trường Đại học Giao thông Vận tải
https://vnur.vn/bang-xep-hang-theo-tieu-chuan-nam-2025/,BẢNG XẾP HẠNG THEO TIÊU CHUẨN NĂM 2026,2,BẢNG XẾP HẠNG TIÊU CHUẨN DẠY HỌC,31,Trường Đại học Lao động – Xã hội
https://vnur.vn/bang-xep-hang-theo-tieu-chuan-nam-2025/,BẢNG XẾP HẠNG THEO TIÊU CHUẨN NĂM 2026,2,BẢNG XẾP HẠNG TIÊU CHUẨN DẠY HỌC,32,Đại học Kinh tế TP. Hồ Chí Minh
https://vnur.vn/bang-xep-hang-theo-tieu-chuan-nam-2025/,BẢNG XẾP HẠNG THEO TIÊU CHUẨN NĂM 2026,2,BẢNG XẾP HẠNG TIÊU CHUẨN DẠY HỌC,33,Trường Đại học Điện lực
https://vnur.vn/bang-xep-hang-theo-tieu-chuan-nam-2025/,BẢNG XẾP HẠNG THEO TIÊU CHUẨN NĂM 2026,2,BẢNG XẾP HẠNG TIÊU CHUẨN DẠY HỌC,34,Trường Đại học Hàng hải việt nam
https://vnur.vn/bang-xep-hang-theo-tieu-chuan-nam-2025/,BẢNG XẾP HẠNG THEO TIÊU CHUẨN NĂM 2026,2,BẢNG XẾP HẠNG TIÊU CHUẨN DẠY HỌC,35,Trường Đại học Công đoàn
https://vnur.vn/bang-xep-hang-theo-tieu-chuan-nam-2025/,BẢNG XẾP HẠNG THEO TIÊU CHUẨN NĂM 2026,2,BẢNG XẾP HẠNG TIÊU CHUẨN DẠY HỌC,36,Trường Đại học Hồng Đức
https://vnur.vn/bang-xep-hang-theo-tieu-chuan-nam-2025/,BẢNG XẾP HẠNG THEO TIÊU CHUẨN NĂM 2026,2,BẢNG XẾP HẠNG TIÊU CHUẨN DẠY HỌC,37,Học viện Phụ nữ Việt Nam
https://vnur.vn/bang-xep-hang-theo-tieu-chuan-nam-2025/,BẢNG XẾP HẠNG THEO TIÊU CHUẨN NĂM 2026,2,BẢNG XẾP HẠNG TIÊU CHUẨN DẠY HỌC,38,Trường Đại học Sài Gòn
https://vnur.vn/bang-xep-hang-theo-tieu-chuan-nam-2025/,BẢNG XẾP HẠNG THEO TIÊU CHUẨN NĂM 2026,2,BẢNG XẾP HẠNG TIÊU CHUẨN DẠY HỌC,39,Trường Đại học Tân Trào
https://vnur.vn/bang-xep-hang-theo-tieu-chuan-nam-2025/,BẢNG XẾP HẠNG THEO TIÊU CHUẨN NĂM 2026,2,BẢNG XẾP HẠNG TIÊU CHUẨN DẠY HỌC,40,Trường Đại học Văn Lang
https://vnur.vn/bang-xep-hang-theo-tieu-chuan-nam-2025/,BẢNG XẾP HẠNG THEO TIÊU CHUẨN NĂM 2026,2,BẢNG XẾP HẠNG TIÊU CHUẨN DẠY HỌC,41,Trường Đại học Mở TP. Hồ Chí Minh
https://vnur.vn/bang-xep-hang-theo-tieu-chuan-nam-2025/,BẢNG XẾP HẠNG THEO TIÊU CHUẨN NĂM 2026,2,BẢNG XẾP HẠNG TIÊU CHUẨN DẠY HỌC,42,Trường Đại học CMC
https://vnur.vn/bang-xep-hang-theo-tieu-chuan-nam-2025/,BẢNG XẾP HẠNG THEO TIÊU CHUẨN NĂM 2026,2,BẢNG XẾP HẠNG TIÊU CHUẨN DẠY HỌC,43,Trường Đại học Công nghiệp TP. Hồ Chí Minh
https://vnur.vn/bang-xep-hang-theo-tieu-chuan-nam-2025/,BẢNG XẾP HẠNG THEO TIÊU CHUẨN NĂM 2026,2,BẢNG XẾP HẠNG TIÊU CHUẨN DẠY HỌC,44,Học viện Quản lý Giáo dục
https://vnur.vn/bang-xep-hang-theo-tieu-chuan-nam-2025/,BẢNG XẾP HẠNG THEO TIÊU CHUẨN NĂM 2026,2,BẢNG XẾP HẠNG TIÊU CHUẨN DẠY HỌC,45,Trường Đại học Công nghệ TP. Hồ Chí Minh
https://vnur.vn/bang-xep-hang-theo-tieu-chuan-nam-2025/,BẢNG XẾP HẠNG THEO TIÊU CHUẨN NĂM 2026,2,BẢNG XẾP HẠNG TIÊU CHUẨN DẠY HỌC,46,Trường Đại học Đà Lạt
https://vnur.vn/bang-xep-hang-theo-tieu-chuan-nam-2025/,BẢNG XẾP HẠNG THEO TIÊU CHUẨN NĂM 2026,2,BẢNG XẾP HẠNG TIÊU CHUẨN DẠY HỌC,47,Trường Đại học Xây dựng Hà Nội
https://vnur.vn/bang-xep-hang-theo-tieu-chuan-nam-2025/,BẢNG XẾP HẠNG THEO TIÊU CHUẨN NĂM 2026,2,BẢNG XẾP HẠNG TIÊU CHUẨN DẠY HỌC,48,Học viện Y Dược học cổ truyền Việt Nam
https://vnur.vn/bang-xep-hang-theo-tieu-chuan-nam-2025/,BẢNG XẾP HẠNG THEO TIÊU CHUẨN NĂM 2026,2,BẢNG XẾP HẠNG TIÊU CHUẨN DẠY HỌC,49,Trường Đại học Nguyễn Tất Thành
https://vnur.vn/bang-xep-hang-theo-tieu-chuan-nam-2025/,BẢNG XẾP HẠNG THEO TIÊU CHUẨN NĂM 2026,2,BẢNG XẾP HẠNG TIÊU CHUẨN DẠY HỌC,50,Trường Đại học Kỹ thuật – Công nghệ Cần Thơ
https://vnur.vn/bang-xep-hang-theo-tieu-chuan-nam-2025/,BẢNG XẾP HẠNG THEO TIÊU CHUẨN NĂM 2026,2,BẢNG XẾP HẠNG TIÊU CHUẨN DẠY HỌC,51,Trường Đại học Kiến trúc Hà Nội
https://vnur.vn/bang-xep-hang-theo-tieu-chuan-nam-2025/,BẢNG XẾP HẠNG THEO TIÊU CHUẨN NĂM 2026,2,BẢNG XẾP HẠNG TIÊU CHUẨN DẠY HỌC,52,Trường Đại học Nha Trang
https://vnur.vn/bang-xep-hang-theo-tieu-chuan-nam-2025/,BẢNG XẾP HẠNG THEO TIÊU CHUẨN NĂM 2026,2,BẢNG XẾP HẠNG TIÊU CHUẨN DẠY HỌC,53,Trường Đại học Thủ đô Hà Nội
https://vnur.vn/bang-xep-hang-theo-tieu-chuan-nam-2025/,BẢNG XẾP HẠNG THEO TIÊU CHUẨN NĂM 2026,2,BẢNG XẾP HẠNG TIÊU CHUẨN DẠY HỌC,54,Trường Đại học Nam Cần Thơ
https://vnur.vn/bang-xep-hang-theo-tieu-chuan-nam-2025/,BẢNG XẾP HẠNG THEO TIÊU CHUẨN NĂM 2026,2,BẢNG XẾP HẠNG TIÊU CHUẨN DẠY HỌC,55,Trường Đại học Mở Hà Nội
https://vnur.vn/bang-xep-hang-theo-tieu-chuan-nam-2025/,BẢNG XẾP HẠNG THEO TIÊU CHUẨN NĂM 2026,2,BẢNG XẾP HẠNG TIÊU CHUẨN DẠY HỌC,56,Trường Đại học Ngoại Thương
https://vnur.vn/bang-xep-hang-theo-tieu-chuan-nam-2025/,BẢNG XẾP HẠNG THEO TIÊU CHUẨN NĂM 2026,2,BẢNG XẾP HẠNG TIÊU CHUẨN DẠY HỌC,57,Đại học Kinh tế Quốc dân
https://vnur.vn/bang-xep-hang-theo-tieu-chuan-nam-2025/,BẢNG XẾP HẠNG THEO TIÊU CHUẨN NĂM 2026,2,BẢNG XẾP HẠNG TIÊU CHUẨN DẠY HỌC,58,Trường Đại học Đồng Tháp
https://vnur.vn/bang-xep-hang-theo-tieu-chuan-nam-2025/,BẢNG XẾP HẠNG THEO TIÊU CHUẨN NĂM 2026,2,BẢNG XẾP HẠNG TIÊU CHUẨN DẠY HỌC,59,Trường Đại học Kiểm sát Hà Nội
https://vnur.vn/bang-xep-hang-theo-tieu-chuan-nam-2025/,BẢNG XẾP HẠNG THEO TIÊU CHUẨN NĂM 2026,2,BẢNG XẾP HẠNG TIÊU CHUẨN DẠY HỌC,60,Đại học Huế
https://vnur.vn/bang-xep-hang-theo-tieu-chuan-nam-2025/,BẢNG XẾP HẠNG THEO TIÊU CHUẨN NĂM 2026,2,BẢNG XẾP HẠNG TIÊU CHUẨN DẠY HỌC,61,Trường Đại học Y tế Công cộng
https://vnur.vn/bang-xep-hang-theo-tieu-chuan-nam-2025/,BẢNG XẾP HẠNG THEO TIÊU CHUẨN NĂM 2026,2,BẢNG XẾP HẠNG TIÊU CHUẨN DẠY HỌC,62,Trường Đại học Trà Vinh
https://vnur.vn/bang-xep-hang-theo-tieu-chuan-nam-2025/,BẢNG XẾP HẠNG THEO TIÊU CHUẨN NĂM 2026,2,BẢNG XẾP HẠNG TIÊU CHUẨN DẠY HỌC,63,Trường Đại học Kinh tế Kỹ thuật công nghiệp
https://vnur.vn/bang-xep-hang-theo-tieu-chuan-nam-2025/,BẢNG XẾP HẠNG THEO TIÊU CHUẨN NĂM 2026,2,BẢNG XẾP HẠNG TIÊU CHUẨN DẠY HỌC,64,Học viện Hàng không Việt Nam
https://vnur.vn/bang-xep-hang-theo-tieu-chuan-nam-2025/,BẢNG XẾP HẠNG THEO TIÊU CHUẨN NĂM 2026,2,BẢNG XẾP HẠNG TIÊU CHUẨN DẠY HỌC,65,Trường Đại học Y Dược Thái Bình
https://vnur.vn/bang-xep-hang-theo-tieu-chuan-nam-2025/,BẢNG XẾP HẠNG THEO TIÊU CHUẨN NĂM 2026,2,BẢNG XẾP HẠNG TIÊU CHUẨN DẠY HỌC,66,Trường Đại học Kỹ thuật y tế Hải Dương
https://vnur.vn/bang-xep-hang-theo-tieu-chuan-nam-2025/,BẢNG XẾP HẠNG THEO TIÊU CHUẨN NĂM 2026,2,BẢNG XẾP HẠNG TIÊU CHUẨN DẠY HỌC,67,Trường Đại học Sư phạm Kỹ thuật TP. Hồ Chí Minh
https://vnur.vn/bang-xep-hang-theo-tieu-chuan-nam-2025/,BẢNG XẾP HẠNG THEO TIÊU CHUẨN NĂM 2026,2,BẢNG XẾP HẠNG TIÊU CHUẨN DẠY HỌC,68,Trường Đại học Văn Hiến
https://vnur.vn/bang-xep-hang-theo-tieu-chuan-nam-2025/,BẢNG XẾP HẠNG THEO TIÊU CHUẨN NĂM 2026,2,BẢNG XẾP HẠNG TIÊU CHUẨN DẠY HỌC,69,Trường Đại học thủ dầu một
https://vnur.vn/bang-xep-hang-theo-tieu-chuan-nam-2025/,BẢNG XẾP HẠNG THEO TIÊU CHUẨN NĂM 2026,2,BẢNG XẾP HẠNG TIÊU CHUẨN DẠY HỌC,70,Trường Đại học Sư phạm Kỹ thuật Hưng Yên
https://vnur.vn/bang-xep-hang-theo-tieu-chuan-nam-2025/,BẢNG XẾP HẠNG THEO TIÊU CHUẨN NĂM 2026,2,BẢNG XẾP HẠNG TIÊU CHUẨN DẠY HỌC,71,Trường Đại học Kinh tế – Kỹ thuật Bình Dương
https://vnur.vn/bang-xep-hang-theo-tieu-chuan-nam-2025/,BẢNG XẾP HẠNG THEO TIÊU CHUẨN NĂM 2026,2,BẢNG XẾP HẠNG TIÊU CHUẨN DẠY HỌC,72,Trường Đại học Công thương TP. Hồ Chí Minh
https://vnur.vn/bang-xep-hang-theo-tieu-chuan-nam-2025/,BẢNG XẾP HẠNG THEO TIÊU CHUẨN NĂM 2026,2,BẢNG XẾP HẠNG TIÊU CHUẨN DẠY HỌC,73,Trường Đại học Sư phạm Kỹ thuật Vinh
https://vnur.vn/bang-xep-hang-theo-tieu-chuan-nam-2025/,BẢNG XẾP HẠNG THEO TIÊU CHUẨN NĂM 2026,2,BẢNG XẾP HẠNG TIÊU CHUẨN DẠY HỌC,74,Trường Đại học Đông Á
https://vnur.vn/bang-xep-hang-theo-tieu-chuan-nam-2025/,BẢNG XẾP HẠNG THEO TIÊU CHUẨN NĂM 2026,2,BẢNG XẾP HẠNG TIÊU CHUẨN DẠY HỌC,75,Học viện Chính sách và Phát triển
https://vnur.vn/bang-xep-hang-theo-tieu-chuan-nam-2025/,BẢNG XẾP HẠNG THEO TIÊU CHUẨN NĂM 2026,2,BẢNG XẾP HẠNG TIÊU CHUẨN DẠY HỌC,76,Trường Đại học Tài nguyên và Môi trường Hà Nội
https://vnur.vn/bang-xep-hang-theo-tieu-chuan-nam-2025/,BẢNG XẾP HẠNG THEO TIÊU CHUẨN NĂM 2026,2,BẢNG XẾP HẠNG TIÊU CHUẨN DẠY HỌC,77,Trường Đại học Kiến trúc TP. Hồ Chí Minh
https://vnur.vn/bang-xep-hang-theo-tieu-chuan-nam-2025/,BẢNG XẾP HẠNG THEO TIÊU CHUẨN NĂM 2026,2,BẢNG XẾP HẠNG TIÊU CHUẨN DẠY HỌC,78,"Trường Đại học Văn hoá, Thể thao và Du lịch Thanh Hoá"
https://vnur.vn/bang-xep-hang-theo-tieu-chuan-nam-2025/,BẢNG XẾP HẠNG THEO TIÊU CHUẨN NĂM 2026,2,BẢNG XẾP HẠNG TIÊU CHUẨN DẠY HỌC,79,Đại học Duy Tân
https://vnur.vn/bang-xep-hang-theo-tieu-chuan-nam-2025/,BẢNG XẾP HẠNG THEO TIÊU CHUẨN NĂM 2026,2,BẢNG XẾP HẠNG TIÊU CHUẨN DẠY HỌC,80,Trường Đại học Thể dục Thể thao TP. Hồ Chí Minh
https://vnur.vn/bang-xep-hang-theo-tieu-chuan-nam-2025/,BẢNG XẾP HẠNG THEO TIÊU CHUẨN NĂM 2026,2,BẢNG XẾP HẠNG TIÊU CHUẨN DẠY HỌC,81,Trường Đại học Công nghiệp Việt – Hung
https://vnur.vn/bang-xep-hang-theo-tieu-chuan-nam-2025/,BẢNG XẾP HẠNG THEO TIÊU CHUẨN NĂM 2026,2,BẢNG XẾP HẠNG TIÊU CHUẨN DẠY HỌC,82,Trường Đại học Kỹ thuật Y – Dược Đà Nẵng
https://vnur.vn/bang-xep-hang-theo-tieu-chuan-nam-2025/,BẢNG XẾP HẠNG THEO TIÊU CHUẨN NĂM 2026,2,BẢNG XẾP HẠNG TIÊU CHUẨN DẠY HỌC,83,Trường Đại học Kiên Giang
https://vnur.vn/bang-xep-hang-theo-tieu-chuan-nam-2025/,BẢNG XẾP HẠNG THEO TIÊU CHUẨN NĂM 2026,2,BẢNG XẾP HẠNG TIÊU CHUẨN DẠY HỌC,84,Trường Đại học Hoa Sen
https://vnur.vn/bang-xep-hang-theo-tieu-chuan-nam-2025/,BẢNG XẾP HẠNG THEO TIÊU CHUẨN NĂM 2026,2,BẢNG XẾP HẠNG TIÊU CHUẨN DẠY HỌC,85,Trường Đại học FPT
https://vnur.vn/bang-xep-hang-theo-tieu-chuan-nam-2025/,BẢNG XẾP HẠNG THEO TIÊU CHUẨN NĂM 2026,2,BẢNG XẾP HẠNG TIÊU CHUẨN DẠY HỌC,86,Trường Đại học Tôn Đức Thắng
https://vnur.vn/bang-xep-hang-theo-tieu-chuan-nam-2025/,BẢNG XẾP HẠNG THEO TIÊU CHUẨN NĂM 2026,2,BẢNG XẾP HẠNG TIÊU CHUẨN DẠY HỌC,87,Trường Đại học Y Dược TP. Hồ Chí Minh
https://vnur.vn/bang-xep-hang-theo-tieu-chuan-nam-2025/,BẢNG XẾP HẠNG THEO TIÊU CHUẨN NĂM 2026,2,BẢNG XẾP HẠNG TIÊU CHUẨN DẠY HỌC,88,Trường Đại học Tây Đô
https://vnur.vn/bang-xep-hang-theo-tieu-chuan-nam-2025/,BẢNG XẾP HẠNG THEO TIÊU CHUẨN NĂM 2026,2,BẢNG XẾP HẠNG TIÊU CHUẨN DẠY HỌC,89,Trường Đại học Quốc tế Hồng Bàng
https://vnur.vn/bang-xep-hang-theo-tieu-chuan-nam-2025/,BẢNG XẾP HẠNG THEO TIÊU CHUẨN NĂM 2026,2,BẢNG XẾP HẠNG TIÊU CHUẨN DẠY HỌC,90,Trường Đại học Tây Nguyên
https://vnur.vn/bang-xep-hang-theo-tieu-chuan-nam-2025/,BẢNG XẾP HẠNG THEO TIÊU CHUẨN NĂM 2026,2,BẢNG XẾP HẠNG TIÊU CHUẨN DẠY HỌC,91,Trường Đại học Y Dược Hải Phòng
https://vnur.vn/bang-xep-hang-theo-tieu-chuan-nam-2025/,BẢNG XẾP HẠNG THEO TIÊU CHUẨN NĂM 2026,2,BẢNG XẾP HẠNG TIÊU CHUẨN DẠY HỌC,92,Trường Đại học Lâm nghiệp
https://vnur.vn/bang-xep-hang-theo-tieu-chuan-nam-2025/,BẢNG XẾP HẠNG THEO TIÊU CHUẨN NĂM 2026,2,BẢNG XẾP HẠNG TIÊU CHUẨN DẠY HỌC,93,Trường Đại học Y Hà Nội
https://vnur.vn/bang-xep-hang-theo-tieu-chuan-nam-2025/,BẢNG XẾP HẠNG THEO TIÊU CHUẨN NĂM 2026,2,BẢNG XẾP HẠNG TIÊU CHUẨN DẠY HỌC,94,Trường Đại học Hùng Vương
https://vnur.vn/bang-xep-hang-theo-tieu-chuan-nam-2025/,BẢNG XẾP HẠNG THEO TIÊU CHUẨN NĂM 2026,2,BẢNG XẾP HẠNG TIÊU CHUẨN DẠY HỌC,95,Trường Đại học Mỹ thuật TP. Hồ Chí Minh
https://vnur.vn/bang-xep-hang-theo-tieu-chuan-nam-2025/,BẢNG XẾP HẠNG THEO TIÊU CHUẨN NĂM 2026,2,BẢNG XẾP HẠNG TIÊU CHUẨN DẠY HỌC,96,Trường Đại học Lạc Hồng
https://vnur.vn/bang-xep-hang-theo-tieu-chuan-nam-2025/,BẢNG XẾP HẠNG THEO TIÊU CHUẨN NĂM 2026,2,BẢNG XẾP HẠNG TIÊU CHUẨN DẠY HỌC,97,Trường Đại học Y khoa Phạm Ngọc Thạch
https://vnur.vn/bang-xep-hang-theo-tieu-chuan-nam-2025/,BẢNG XẾP HẠNG THEO TIÊU CHUẨN NĂM 2026,2,BẢNG XẾP HẠNG TIÊU CHUẨN DẠY HỌC,98,Trường Đại học Thể dục Thể thao Đà Nẵng
https://vnur.vn/bang-xep-hang-theo-tieu-chuan-nam-2025/,BẢNG XẾP HẠNG THEO TIÊU CHUẨN NĂM 2026,2,BẢNG XẾP HẠNG TIÊU CHUẨN DẠY HỌC,99,Trường Đại học Công nghệ Đồng Nai
https://vnur.vn/bang-xep-hang-theo-tieu-chuan-nam-2025/,BẢNG XẾP HẠNG THEO TIÊU CHUẨN NĂM 2026,2,BẢNG XẾP HẠNG TIÊU CHUẨN DẠY HỌC,100,Đại học Phenikaa
https://vnur.vn/bang-xep-hang-theo-tieu-chuan-nam-2025/,BẢNG XẾP HẠNG THEO TIÊU CHUẨN NĂM 2026,3,BẢNG XẾP HẠNG TIÊU CHUẨN CÔNG BỐ BÀI BÁO KHOA HỌC,1,Đại học Quốc gia TP. Hồ Chí Minh
https://vnur.vn/bang-xep-hang-theo-tieu-chuan-nam-2025/,BẢNG XẾP HẠNG THEO TIÊU CHUẨN NĂM 2026,3,BẢNG XẾP HẠNG TIÊU CHUẨN CÔNG BỐ BÀI BÁO KHOA HỌC,2,Đại học Duy Tân
https://vnur.vn/bang-xep-hang-theo-tieu-chuan-nam-2025/,BẢNG XẾP HẠNG THEO TIÊU CHUẨN NĂM 2026,3,BẢNG XẾP HẠNG TIÊU CHUẨN CÔNG BỐ BÀI BÁO KHOA HỌC,3,Trường Đại học Tôn Đức Thắng
https://vnur.vn/bang-xep-hang-theo-tieu-chuan-nam-2025/,BẢNG XẾP HẠNG THEO TIÊU CHUẨN NĂM 2026,3,BẢNG XẾP HẠNG TIÊU CHUẨN CÔNG BỐ BÀI BÁO KHOA HỌC,4,Đại học Bách khoa Hà Nội
https://vnur.vn/bang-xep-hang-theo-tieu-chuan-nam-2025/,BẢNG XẾP HẠNG THEO TIÊU CHUẨN NĂM 2026,3,BẢNG XẾP HẠNG TIÊU CHUẨN CÔNG BỐ BÀI BÁO KHOA HỌC,5,Đại học Quốc gia Hà Nội
https://vnur.vn/bang-xep-hang-theo-tieu-chuan-nam-2025/,BẢNG XẾP HẠNG THEO TIÊU CHUẨN NĂM 2026,3,BẢNG XẾP HẠNG TIÊU CHUẨN CÔNG BỐ BÀI BÁO KHOA HỌC,6,Đại học Kinh tế TP. Hồ Chí Minh
https://vnur.vn/bang-xep-hang-theo-tieu-chuan-nam-2025/,BẢNG XẾP HẠNG THEO TIÊU CHUẨN NĂM 2026,3,BẢNG XẾP HẠNG TIÊU CHUẨN CÔNG BỐ BÀI BÁO KHOA HỌC,7,Trường Đại học Nam Cần Thơ
https://vnur.vn/bang-xep-hang-theo-tieu-chuan-nam-2025/,BẢNG XẾP HẠNG THEO TIÊU CHUẨN NĂM 2026,3,BẢNG XẾP HẠNG TIÊU CHUẨN CÔNG BỐ BÀI BÁO KHOA HỌC,8,Đại học Cần Thơ
https://vnur.vn/bang-xep-hang-theo-tieu-chuan-nam-2025/,BẢNG XẾP HẠNG THEO TIÊU CHUẨN NĂM 2026,3,BẢNG XẾP HẠNG TIÊU CHUẨN CÔNG BỐ BÀI BÁO KHOA HỌC,9,Trường Đại học Khoa học và Công nghệ Hà Nội
https://vnur.vn/bang-xep-hang-theo-tieu-chuan-nam-2025/,BẢNG XẾP HẠNG THEO TIÊU CHUẨN NĂM 2026,3,BẢNG XẾP HẠNG TIÊU CHUẨN CÔNG BỐ BÀI BÁO KHOA HỌC,10,Trường Đại học Công nghiệp TP. Hồ Chí Minh
https://vnur.vn/bang-xep-hang-theo-tieu-chuan-nam-2025/,BẢNG XẾP HẠNG THEO TIÊU CHUẨN NĂM 2026,3,BẢNG XẾP HẠNG TIÊU CHUẨN CÔNG BỐ BÀI BÁO KHOA HỌC,11,Trường Đại học Sư phạm Kỹ thuật TP. Hồ Chí Minh
https://vnur.vn/bang-xep-hang-theo-tieu-chuan-nam-2025/,BẢNG XẾP HẠNG THEO TIÊU CHUẨN NĂM 2026,3,BẢNG XẾP HẠNG TIÊU CHUẨN CÔNG BỐ BÀI BÁO KHOA HỌC,12,Trường Đại học Nguyễn Tất Thành
https://vnur.vn/bang-xep-hang-theo-tieu-chuan-nam-2025/,BẢNG XẾP HẠNG THEO TIÊU CHUẨN NĂM 2026,3,BẢNG XẾP HẠNG TIÊU CHUẨN CÔNG BỐ BÀI BÁO KHOA HỌC,13,Trường Đại học Y Dược TP. Hồ Chí Minh
https://vnur.vn/bang-xep-hang-theo-tieu-chuan-nam-2025/,BẢNG XẾP HẠNG THEO TIÊU CHUẨN NĂM 2026,3,BẢNG XẾP HẠNG TIÊU CHUẨN CÔNG BỐ BÀI BÁO KHOA HỌC,14,Trường Đại học Y Hà Nội
https://vnur.vn/bang-xep-hang-theo-tieu-chuan-nam-2025/,BẢNG XẾP HẠNG THEO TIÊU CHUẨN NĂM 2026,3,BẢNG XẾP HẠNG TIÊU CHUẨN CÔNG BỐ BÀI BÁO KHOA HỌC,15,Đại học Kinh tế Quốc dân
https://vnur.vn/bang-xep-hang-theo-tieu-chuan-nam-2025/,BẢNG XẾP HẠNG THEO TIÊU CHUẨN NĂM 2026,3,BẢNG XẾP HẠNG TIÊU CHUẨN CÔNG BỐ BÀI BÁO KHOA HỌC,16,Đại học Phenikaa
https://vnur.vn/bang-xep-hang-theo-tieu-chuan-nam-2025/,BẢNG XẾP HẠNG THEO TIÊU CHUẨN NĂM 2026,3,BẢNG XẾP HẠNG TIÊU CHUẨN CÔNG BỐ BÀI BÁO KHOA HỌC,17,Đại học Đà Nẵng
https://vnur.vn/bang-xep-hang-theo-tieu-chuan-nam-2025/,BẢNG XẾP HẠNG THEO TIÊU CHUẨN NĂM 2026,3,BẢNG XẾP HẠNG TIÊU CHUẨN CÔNG BỐ BÀI BÁO KHOA HỌC,18,Trường Đại học Công nghệ TP. Hồ Chí Minh
https://vnur.vn/bang-xep-hang-theo-tieu-chuan-nam-2025/,BẢNG XẾP HẠNG THEO TIÊU CHUẨN NĂM 2026,3,BẢNG XẾP HẠNG TIÊU CHUẨN CÔNG BỐ BÀI BÁO KHOA HỌC,19,Đại học Huế
https://vnur.vn/bang-xep-hang-theo-tieu-chuan-nam-2025/,BẢNG XẾP HẠNG THEO TIÊU CHUẨN NĂM 2026,3,BẢNG XẾP HẠNG TIÊU CHUẨN CÔNG BỐ BÀI BÁO KHOA HỌC,20,Trường Đại học Văn Lang
https://vnur.vn/bang-xep-hang-theo-tieu-chuan-nam-2025/,BẢNG XẾP HẠNG THEO TIÊU CHUẨN NĂM 2026,3,BẢNG XẾP HẠNG TIÊU CHUẨN CÔNG BỐ BÀI BÁO KHOA HỌC,21,Đại học Thái Nguyên
https://vnur.vn/bang-xep-hang-theo-tieu-chuan-nam-2025/,BẢNG XẾP HẠNG THEO TIÊU CHUẨN NĂM 2026,3,BẢNG XẾP HẠNG TIÊU CHUẨN CÔNG BỐ BÀI BÁO KHOA HỌC,22,Trường Đại học Y khoa Phạm Ngọc Thạch
https://vnur.vn/bang-xep-hang-theo-tieu-chuan-nam-2025/,BẢNG XẾP HẠNG THEO TIÊU CHUẨN NĂM 2026,3,BẢNG XẾP HẠNG TIÊU CHUẨN CÔNG BỐ BÀI BÁO KHOA HỌC,23,Trường Đại học Mở TP. Hồ Chí Minh
https://vnur.vn/bang-xep-hang-theo-tieu-chuan-nam-2025/,BẢNG XẾP HẠNG THEO TIÊU CHUẨN NĂM 2026,3,BẢNG XẾP HẠNG TIÊU CHUẨN CÔNG BỐ BÀI BÁO KHOA HỌC,24,Trường Đại học Y Dược Cần Thơ
https://vnur.vn/bang-xep-hang-theo-tieu-chuan-nam-2025/,BẢNG XẾP HẠNG THEO TIÊU CHUẨN NĂM 2026,3,BẢNG XẾP HẠNG TIÊU CHUẨN CÔNG BỐ BÀI BÁO KHOA HỌC,25,Trường Đại học thủ dầu một
https://vnur.vn/bang-xep-hang-theo-tieu-chuan-nam-2025/,BẢNG XẾP HẠNG THEO TIÊU CHUẨN NĂM 2026,3,BẢNG XẾP HẠNG TIÊU CHUẨN CÔNG BỐ BÀI BÁO KHOA HỌC,26,Trường Đại học FPT
https://vnur.vn/bang-xep-hang-theo-tieu-chuan-nam-2025/,BẢNG XẾP HẠNG THEO TIÊU CHUẨN NĂM 2026,3,BẢNG XẾP HẠNG TIÊU CHUẨN CÔNG BỐ BÀI BÁO KHOA HỌC,27,Trường Đại học Thuỷ Lợi
https://vnur.vn/bang-xep-hang-theo-tieu-chuan-nam-2025/,BẢNG XẾP HẠNG THEO TIÊU CHUẨN NĂM 2026,3,BẢNG XẾP HẠNG TIÊU CHUẨN CÔNG BỐ BÀI BÁO KHOA HỌC,28,Học viện Nông nghiệp Việt Nam
https://vnur.vn/bang-xep-hang-theo-tieu-chuan-nam-2025/,BẢNG XẾP HẠNG THEO TIÊU CHUẨN NĂM 2026,3,BẢNG XẾP HẠNG TIÊU CHUẨN CÔNG BỐ BÀI BÁO KHOA HỌC,29,Trường Đại học Sư phạm Hà Nội
https://vnur.vn/bang-xep-hang-theo-tieu-chuan-nam-2025/,BẢNG XẾP HẠNG THEO TIÊU CHUẨN NĂM 2026,3,BẢNG XẾP HẠNG TIÊU CHUẨN CÔNG BỐ BÀI BÁO KHOA HỌC,30,Trường Đại học Y tế Công cộng
https://vnur.vn/bang-xep-hang-theo-tieu-chuan-nam-2025/,BẢNG XẾP HẠNG THEO TIÊU CHUẨN NĂM 2026,3,BẢNG XẾP HẠNG TIÊU CHUẨN CÔNG BỐ BÀI BÁO KHOA HỌC,31,Đại học Công nghiệp Hà Nội
https://vnur.vn/bang-xep-hang-theo-tieu-chuan-nam-2025/,BẢNG XẾP HẠNG THEO TIÊU CHUẨN NĂM 2026,3,BẢNG XẾP HẠNG TIÊU CHUẨN CÔNG BỐ BÀI BÁO KHOA HỌC,32,Trường Đại học Thương Mại
https://vnur.vn/bang-xep-hang-theo-tieu-chuan-nam-2025/,BẢNG XẾP HẠNG THEO TIÊU CHUẨN NĂM 2026,3,BẢNG XẾP HẠNG TIÊU CHUẨN CÔNG BỐ BÀI BÁO KHOA HỌC,33,Trường Đại học Dược Hà Nội
https://vnur.vn/bang-xep-hang-theo-tieu-chuan-nam-2025/,BẢNG XẾP HẠNG THEO TIÊU CHUẨN NĂM 2026,3,BẢNG XẾP HẠNG TIÊU CHUẨN CÔNG BỐ BÀI BÁO KHOA HỌC,34,Trường Đại học Giao thông Vận tải
https://vnur.vn/bang-xep-hang-theo-tieu-chuan-nam-2025/,BẢNG XẾP HẠNG THEO TIÊU CHUẨN NĂM 2026,3,BẢNG XẾP HẠNG TIÊU CHUẨN CÔNG BỐ BÀI BÁO KHOA HỌC,35,Trường Đại học Mỏ – Địa chất
https://vnur.vn/bang-xep-hang-theo-tieu-chuan-nam-2025/,BẢNG XẾP HẠNG THEO TIÊU CHUẨN NĂM 2026,3,BẢNG XẾP HẠNG TIÊU CHUẨN CÔNG BỐ BÀI BÁO KHOA HỌC,36,Trường Đại học Vinh
https://vnur.vn/bang-xep-hang-theo-tieu-chuan-nam-2025/,BẢNG XẾP HẠNG THEO TIÊU CHUẨN NĂM 2026,3,BẢNG XẾP HẠNG TIÊU CHUẨN CÔNG BỐ BÀI BÁO KHOA HỌC,37,Trường Đại học Sư phạm TP. Hồ Chí Minh
https://vnur.vn/bang-xep-hang-theo-tieu-chuan-nam-2025/,BẢNG XẾP HẠNG THEO TIÊU CHUẨN NĂM 2026,3,BẢNG XẾP HẠNG TIÊU CHUẨN CÔNG BỐ BÀI BÁO KHOA HỌC,38,Trường Đại học Xây dựng Hà Nội
https://vnur.vn/bang-xep-hang-theo-tieu-chuan-nam-2025/,BẢNG XẾP HẠNG THEO TIÊU CHUẨN NĂM 2026,3,BẢNG XẾP HẠNG TIÊU CHUẨN CÔNG BỐ BÀI BÁO KHOA HỌC,39,Trường Đại học Y Dược Thái Bình
https://vnur.vn/bang-xep-hang-theo-tieu-chuan-nam-2025/,BẢNG XẾP HẠNG THEO TIÊU CHUẨN NĂM 2026,3,BẢNG XẾP HẠNG TIÊU CHUẨN CÔNG BỐ BÀI BÁO KHOA HỌC,40,Trường Đại học Công thương TP. Hồ Chí Minh
https://vnur.vn/bang-xep-hang-theo-tieu-chuan-nam-2025/,BẢNG XẾP HẠNG THEO TIÊU CHUẨN NĂM 2026,3,BẢNG XẾP HẠNG TIÊU CHUẨN CÔNG BỐ BÀI BÁO KHOA HỌC,41,Trường Đại học Ngân hàng TP. Hồ Chí Minh
https://vnur.vn/bang-xep-hang-theo-tieu-chuan-nam-2025/,BẢNG XẾP HẠNG THEO TIÊU CHUẨN NĂM 2026,3,BẢNG XẾP HẠNG TIÊU CHUẨN CÔNG BỐ BÀI BÁO KHOA HỌC,42,Trường Đại học Ngoại Thương
https://vnur.vn/bang-xep-hang-theo-tieu-chuan-nam-2025/,BẢNG XẾP HẠNG THEO TIÊU CHUẨN NĂM 2026,3,BẢNG XẾP HẠNG TIÊU CHUẨN CÔNG BỐ BÀI BÁO KHOA HỌC,43,Trường Đại học Nha Trang
https://vnur.vn/bang-xep-hang-theo-tieu-chuan-nam-2025/,BẢNG XẾP HẠNG THEO TIÊU CHUẨN NĂM 2026,3,BẢNG XẾP HẠNG TIÊU CHUẨN CÔNG BỐ BÀI BÁO KHOA HỌC,44,Trường Đại học Điện lực
https://vnur.vn/bang-xep-hang-theo-tieu-chuan-nam-2025/,BẢNG XẾP HẠNG THEO TIÊU CHUẨN NĂM 2026,3,BẢNG XẾP HẠNG TIÊU CHUẨN CÔNG BỐ BÀI BÁO KHOA HỌC,45,Học viện Ngân hàng
https://vnur.vn/bang-xep-hang-theo-tieu-chuan-nam-2025/,BẢNG XẾP HẠNG THEO TIÊU CHUẨN NĂM 2026,3,BẢNG XẾP HẠNG TIÊU CHUẨN CÔNG BỐ BÀI BÁO KHOA HỌC,46,Trường Đại học Sài Gòn
https://vnur.vn/bang-xep-hang-theo-tieu-chuan-nam-2025/,BẢNG XẾP HẠNG THEO TIÊU CHUẨN NĂM 2026,3,BẢNG XẾP HẠNG TIÊU CHUẨN CÔNG BỐ BÀI BÁO KHOA HỌC,47,Trường Đại học Công nghệ Đồng Nai
https://vnur.vn/bang-xep-hang-theo-tieu-chuan-nam-2025/,BẢNG XẾP HẠNG THEO TIÊU CHUẨN NĂM 2026,3,BẢNG XẾP HẠNG TIÊU CHUẨN CÔNG BỐ BÀI BÁO KHOA HỌC,48,Trường Đại học Hàng hải việt nam
https://vnur.vn/bang-xep-hang-theo-tieu-chuan-nam-2025/,BẢNG XẾP HẠNG THEO TIÊU CHUẨN NĂM 2026,3,BẢNG XẾP HẠNG TIÊU CHUẨN CÔNG BỐ BÀI BÁO KHOA HỌC,49,Trường Đại học Trà Vinh
https://vnur.vn/bang-xep-hang-theo-tieu-chuan-nam-2025/,BẢNG XẾP HẠNG THEO TIÊU CHUẨN NĂM 2026,3,BẢNG XẾP HẠNG TIÊU CHUẨN CÔNG BỐ BÀI BÁO KHOA HỌC,50,Trường Đại học Sư phạm Kỹ thuật Hưng Yên
https://vnur.vn/bang-xep-hang-theo-tieu-chuan-nam-2025/,BẢNG XẾP HẠNG THEO TIÊU CHUẨN NĂM 2026,3,BẢNG XẾP HẠNG TIÊU CHUẨN CÔNG BỐ BÀI BÁO KHOA HỌC,51,Trường Đại học Quy Nhơn
https://vnur.vn/bang-xep-hang-theo-tieu-chuan-nam-2025/,BẢNG XẾP HẠNG THEO TIÊU CHUẨN NĂM 2026,3,BẢNG XẾP HẠNG TIÊU CHUẨN CÔNG BỐ BÀI BÁO KHOA HỌC,52,Trường Đại học Thăng Long
https://vnur.vn/bang-xep-hang-theo-tieu-chuan-nam-2025/,BẢNG XẾP HẠNG THEO TIÊU CHUẨN NĂM 2026,3,BẢNG XẾP HẠNG TIÊU CHUẨN CÔNG BỐ BÀI BÁO KHOA HỌC,53,Trường Đại học Tây Nguyên
https://vnur.vn/bang-xep-hang-theo-tieu-chuan-nam-2025/,BẢNG XẾP HẠNG THEO TIÊU CHUẨN NĂM 2026,3,BẢNG XẾP HẠNG TIÊU CHUẨN CÔNG BỐ BÀI BÁO KHOA HỌC,54,Trường Đại học Lâm nghiệp
https://vnur.vn/bang-xep-hang-theo-tieu-chuan-nam-2025/,BẢNG XẾP HẠNG THEO TIÊU CHUẨN NĂM 2026,3,BẢNG XẾP HẠNG TIÊU CHUẨN CÔNG BỐ BÀI BÁO KHOA HỌC,55,Trường Đại học Đông Á
https://vnur.vn/bang-xep-hang-theo-tieu-chuan-nam-2025/,BẢNG XẾP HẠNG THEO TIÊU CHUẨN NĂM 2026,3,BẢNG XẾP HẠNG TIÊU CHUẨN CÔNG BỐ BÀI BÁO KHOA HỌC,56,Trường Đại học Đồng Tháp
https://vnur.vn/bang-xep-hang-theo-tieu-chuan-nam-2025/,BẢNG XẾP HẠNG THEO TIÊU CHUẨN NĂM 2026,3,BẢNG XẾP HẠNG TIÊU CHUẨN CÔNG BỐ BÀI BÁO KHOA HỌC,57,Trường Đại học Sư phạm Hà Nội 2
https://vnur.vn/bang-xep-hang-theo-tieu-chuan-nam-2025/,BẢNG XẾP HẠNG THEO TIÊU CHUẨN NĂM 2026,3,BẢNG XẾP HẠNG TIÊU CHUẨN CÔNG BỐ BÀI BÁO KHOA HỌC,58,Trường Đại học Kiến trúc Hà Nội
https://vnur.vn/bang-xep-hang-theo-tieu-chuan-nam-2025/,BẢNG XẾP HẠNG THEO TIÊU CHUẨN NĂM 2026,3,BẢNG XẾP HẠNG TIÊU CHUẨN CÔNG BỐ BÀI BÁO KHOA HỌC,59,Trường Đại học Đà Lạt
https://vnur.vn/bang-xep-hang-theo-tieu-chuan-nam-2025/,BẢNG XẾP HẠNG THEO TIÊU CHUẨN NĂM 2026,3,BẢNG XẾP HẠNG TIÊU CHUẨN CÔNG BỐ BÀI BÁO KHOA HỌC,60,Trường Đại học Hồng Đức
https://vnur.vn/bang-xep-hang-theo-tieu-chuan-nam-2025/,BẢNG XẾP HẠNG THEO TIÊU CHUẨN NĂM 2026,3,BẢNG XẾP HẠNG TIÊU CHUẨN CÔNG BỐ BÀI BÁO KHOA HỌC,61,Trường Đại học Kinh tế Kỹ thuật công nghiệp
https://vnur.vn/bang-xep-hang-theo-tieu-chuan-nam-2025/,BẢNG XẾP HẠNG THEO TIÊU CHUẨN NĂM 2026,3,BẢNG XẾP HẠNG TIÊU CHUẨN CÔNG BỐ BÀI BÁO KHOA HỌC,62,Trường Đại học Kiến trúc TP. Hồ Chí Minh
https://vnur.vn/bang-xep-hang-theo-tieu-chuan-nam-2025/,BẢNG XẾP HẠNG THEO TIÊU CHUẨN NĂM 2026,3,BẢNG XẾP HẠNG TIÊU CHUẨN CÔNG BỐ BÀI BÁO KHOA HỌC,63,Trường Đại học Lạc Hồng
https://vnur.vn/bang-xep-hang-theo-tieu-chuan-nam-2025/,BẢNG XẾP HẠNG THEO TIÊU CHUẨN NĂM 2026,3,BẢNG XẾP HẠNG TIÊU CHUẨN CÔNG BỐ BÀI BÁO KHOA HỌC,64,Trường Đại học Tài nguyên và Môi trường Hà Nội
https://vnur.vn/bang-xep-hang-theo-tieu-chuan-nam-2025/,BẢNG XẾP HẠNG THEO TIÊU CHUẨN NĂM 2026,3,BẢNG XẾP HẠNG TIÊU CHUẨN CÔNG BỐ BÀI BÁO KHOA HỌC,65,Trường Đại học Kỹ thuật Y – Dược Đà Nẵng
https://vnur.vn/bang-xep-hang-theo-tieu-chuan-nam-2025/,BẢNG XẾP HẠNG THEO TIÊU CHUẨN NĂM 2026,3,BẢNG XẾP HẠNG TIÊU CHUẨN CÔNG BỐ BÀI BÁO KHOA HỌC,66,Trường Đại học Kiên Giang
https://vnur.vn/bang-xep-hang-theo-tieu-chuan-nam-2025/,BẢNG XẾP HẠNG THEO TIÊU CHUẨN NĂM 2026,3,BẢNG XẾP HẠNG TIÊU CHUẨN CÔNG BỐ BÀI BÁO KHOA HỌC,67,Trường Đại học Y Dược Hải Phòng
https://vnur.vn/bang-xep-hang-theo-tieu-chuan-nam-2025/,BẢNG XẾP HẠNG THEO TIÊU CHUẨN NĂM 2026,3,BẢNG XẾP HẠNG TIÊU CHUẨN CÔNG BỐ BÀI BÁO KHOA HỌC,68,Trường Đại học Lao động – Xã hội
https://vnur.vn/bang-xep-hang-theo-tieu-chuan-nam-2025/,BẢNG XẾP HẠNG THEO TIÊU CHUẨN NĂM 2026,3,BẢNG XẾP HẠNG TIÊU CHUẨN CÔNG BỐ BÀI BÁO KHOA HỌC,69,Học viện Tài chính
https://vnur.vn/bang-xep-hang-theo-tieu-chuan-nam-2025/,BẢNG XẾP HẠNG THEO TIÊU CHUẨN NĂM 2026,3,BẢNG XẾP HẠNG TIÊU CHUẨN CÔNG BỐ BÀI BÁO KHOA HỌC,70,Học viện Hàng không Việt Nam
https://vnur.vn/bang-xep-hang-theo-tieu-chuan-nam-2025/,BẢNG XẾP HẠNG THEO TIÊU CHUẨN NĂM 2026,3,BẢNG XẾP HẠNG TIÊU CHUẨN CÔNG BỐ BÀI BÁO KHOA HỌC,71,Trường Đại học Quốc tế Hồng Bàng
https://vnur.vn/bang-xep-hang-theo-tieu-chuan-nam-2025/,BẢNG XẾP HẠNG THEO TIÊU CHUẨN NĂM 2026,3,BẢNG XẾP HẠNG TIÊU CHUẨN CÔNG BỐ BÀI BÁO KHOA HỌC,72,Trường Đại học Tân Trào
https://vnur.vn/bang-xep-hang-theo-tieu-chuan-nam-2025/,BẢNG XẾP HẠNG THEO TIÊU CHUẨN NĂM 2026,3,BẢNG XẾP HẠNG TIÊU CHUẨN CÔNG BỐ BÀI BÁO KHOA HỌC,73,Trường Đại học Kỹ thuật – Công nghệ Cần Thơ
https://vnur.vn/bang-xep-hang-theo-tieu-chuan-nam-2025/,BẢNG XẾP HẠNG THEO TIÊU CHUẨN NĂM 2026,3,BẢNG XẾP HẠNG TIÊU CHUẨN CÔNG BỐ BÀI BÁO KHOA HỌC,74,Học viện Báo chí và Tuyên truyền
https://vnur.vn/bang-xep-hang-theo-tieu-chuan-nam-2025/,BẢNG XẾP HẠNG THEO TIÊU CHUẨN NĂM 2026,3,BẢNG XẾP HẠNG TIÊU CHUẨN CÔNG BỐ BÀI BÁO KHOA HỌC,75,Trường Đại học Công đoàn
https://vnur.vn/bang-xep-hang-theo-tieu-chuan-nam-2025/,BẢNG XẾP HẠNG THEO TIÊU CHUẨN NĂM 2026,3,BẢNG XẾP HẠNG TIÊU CHUẨN CÔNG BỐ BÀI BÁO KHOA HỌC,76,Trường Đại học Hùng Vương
https://vnur.vn/bang-xep-hang-theo-tieu-chuan-nam-2025/,BẢNG XẾP HẠNG THEO TIÊU CHUẨN NĂM 2026,3,BẢNG XẾP HẠNG TIÊU CHUẨN CÔNG BỐ BÀI BÁO KHOA HỌC,77,Trường Đại học Văn Hiến
https://vnur.vn/bang-xep-hang-theo-tieu-chuan-nam-2025/,BẢNG XẾP HẠNG THEO TIÊU CHUẨN NĂM 2026,3,BẢNG XẾP HẠNG TIÊU CHUẨN CÔNG BỐ BÀI BÁO KHOA HỌC,78,Trường Đại học Hải Phòng
https://vnur.vn/bang-xep-hang-theo-tieu-chuan-nam-2025/,BẢNG XẾP HẠNG THEO TIÊU CHUẨN NĂM 2026,3,BẢNG XẾP HẠNG TIÊU CHUẨN CÔNG BỐ BÀI BÁO KHOA HỌC,79,Trường Đại học Luật Hà Nội
https://vnur.vn/bang-xep-hang-theo-tieu-chuan-nam-2025/,BẢNG XẾP HẠNG THEO TIÊU CHUẨN NĂM 2026,3,BẢNG XẾP HẠNG TIÊU CHUẨN CÔNG BỐ BÀI BÁO KHOA HỌC,80,Trường Đại học Thủ đô Hà Nội
https://vnur.vn/bang-xep-hang-theo-tieu-chuan-nam-2025/,BẢNG XẾP HẠNG THEO TIÊU CHUẨN NĂM 2026,3,BẢNG XẾP HẠNG TIÊU CHUẨN CÔNG BỐ BÀI BÁO KHOA HỌC,81,Học viện Quản lý Giáo dục
https://vnur.vn/bang-xep-hang-theo-tieu-chuan-nam-2025/,BẢNG XẾP HẠNG THEO TIÊU CHUẨN NĂM 2026,3,BẢNG XẾP HẠNG TIÊU CHUẨN CÔNG BỐ BÀI BÁO KHOA HỌC,82,Trường Đại học CMC
https://vnur.vn/bang-xep-hang-theo-tieu-chuan-nam-2025/,BẢNG XẾP HẠNG THEO TIÊU CHUẨN NĂM 2026,3,BẢNG XẾP HẠNG TIÊU CHUẨN CÔNG BỐ BÀI BÁO KHOA HỌC,83,Trường Đại học Mở Hà Nội
https://vnur.vn/bang-xep-hang-theo-tieu-chuan-nam-2025/,BẢNG XẾP HẠNG THEO TIÊU CHUẨN NĂM 2026,3,BẢNG XẾP HẠNG TIÊU CHUẨN CÔNG BỐ BÀI BÁO KHOA HỌC,84,Trường Đại học Kỹ thuật y tế Hải Dương
https://vnur.vn/bang-xep-hang-theo-tieu-chuan-nam-2025/,BẢNG XẾP HẠNG THEO TIÊU CHUẨN NĂM 2026,3,BẢNG XẾP HẠNG TIÊU CHUẨN CÔNG BỐ BÀI BÁO KHOA HỌC,85,Trường Đại học Hoa Sen
https://vnur.vn/bang-xep-hang-theo-tieu-chuan-nam-2025/,BẢNG XẾP HẠNG THEO TIÊU CHUẨN NĂM 2026,3,BẢNG XẾP HẠNG TIÊU CHUẨN CÔNG BỐ BÀI BÁO KHOA HỌC,86,Trường Đại học Luật TP. Hồ Chí Minh
https://vnur.vn/bang-xep-hang-theo-tieu-chuan-nam-2025/,BẢNG XẾP HẠNG THEO TIÊU CHUẨN NĂM 2026,3,BẢNG XẾP HẠNG TIÊU CHUẨN CÔNG BỐ BÀI BÁO KHOA HỌC,87,Trường Đại học Sư phạm Kỹ thuật Vinh
https://vnur.vn/bang-xep-hang-theo-tieu-chuan-nam-2025/,BẢNG XẾP HẠNG THEO TIÊU CHUẨN NĂM 2026,3,BẢNG XẾP HẠNG TIÊU CHUẨN CÔNG BỐ BÀI BÁO KHOA HỌC,88,Học viện Chính sách và Phát triển
https://vnur.vn/bang-xep-hang-theo-tieu-chuan-nam-2025/,BẢNG XẾP HẠNG THEO TIÊU CHUẨN NĂM 2026,3,BẢNG XẾP HẠNG TIÊU CHUẨN CÔNG BỐ BÀI BÁO KHOA HỌC,89,Học viện Ngoại giao
https://vnur.vn/bang-xep-hang-theo-tieu-chuan-nam-2025/,BẢNG XẾP HẠNG THEO TIÊU CHUẨN NĂM 2026,3,BẢNG XẾP HẠNG TIÊU CHUẨN CÔNG BỐ BÀI BÁO KHOA HỌC,90,Trường Đại học Kiểm sát Hà Nội
https://vnur.vn/bang-xep-hang-theo-tieu-chuan-nam-2025/,BẢNG XẾP HẠNG THEO TIÊU CHUẨN NĂM 2026,3,BẢNG XẾP HẠNG TIÊU CHUẨN CÔNG BỐ BÀI BÁO KHOA HỌC,91,Trường Đại học Tây Đô
https://vnur.vn/bang-xep-hang-theo-tieu-chuan-nam-2025/,BẢNG XẾP HẠNG THEO TIÊU CHUẨN NĂM 2026,3,BẢNG XẾP HẠNG TIÊU CHUẨN CÔNG BỐ BÀI BÁO KHOA HỌC,92,Học viện Y Dược học cổ truyền Việt Nam
https://vnur.vn/bang-xep-hang-theo-tieu-chuan-nam-2025/,BẢNG XẾP HẠNG THEO TIÊU CHUẨN NĂM 2026,3,BẢNG XẾP HẠNG TIÊU CHUẨN CÔNG BỐ BÀI BÁO KHOA HỌC,93,Trường Đại học Công nghiệp Việt – Hung
https://vnur.vn/bang-xep-hang-theo-tieu-chuan-nam-2025/,BẢNG XẾP HẠNG THEO TIÊU CHUẨN NĂM 2026,3,BẢNG XẾP HẠNG TIÊU CHUẨN CÔNG BỐ BÀI BÁO KHOA HỌC,94,Trường Đại học Kinh tế – Kỹ thuật Bình Dương
https://vnur.vn/bang-xep-hang-theo-tieu-chuan-nam-2025/,BẢNG XẾP HẠNG THEO TIÊU CHUẨN NĂM 2026,3,BẢNG XẾP HẠNG TIÊU CHUẨN CÔNG BỐ BÀI BÁO KHOA HỌC,95,Học viện Phụ nữ Việt Nam
https://vnur.vn/bang-xep-hang-theo-tieu-chuan-nam-2025/,BẢNG XẾP HẠNG THEO TIÊU CHUẨN NĂM 2026,3,BẢNG XẾP HẠNG TIÊU CHUẨN CÔNG BỐ BÀI BÁO KHOA HỌC,96,"Trường Đại học Văn hoá, Thể thao và Du lịch Thanh Hoá"
https://vnur.vn/bang-xep-hang-theo-tieu-chuan-nam-2025/,BẢNG XẾP HẠNG THEO TIÊU CHUẨN NĂM 2026,3,BẢNG XẾP HẠNG TIÊU CHUẨN CÔNG BỐ BÀI BÁO KHOA HỌC,97,Trường Đại học Thể dục Thể thao Đà Nẵng
https://vnur.vn/bang-xep-hang-theo-tieu-chuan-nam-2025/,BẢNG XẾP HẠNG THEO TIÊU CHUẨN NĂM 2026,3,BẢNG XẾP HẠNG TIÊU CHUẨN CÔNG BỐ BÀI BÁO KHOA HỌC,98,Trường Đại học Văn hoá Hà Nội
https://vnur.vn/bang-xep-hang-theo-tieu-chuan-nam-2025/,BẢNG XẾP HẠNG THEO TIÊU CHUẨN NĂM 2026,3,BẢNG XẾP HẠNG TIÊU CHUẨN CÔNG BỐ BÀI BÁO KHOA HỌC,99,Trường Đại học Thể dục Thể thao TP. Hồ Chí Minh
https://vnur.vn/bang-xep-hang-theo-tieu-chuan-nam-2025/,BẢNG XẾP HẠNG THEO TIÊU CHUẨN NĂM 2026,3,BẢNG XẾP HẠNG TIÊU CHUẨN CÔNG BỐ BÀI BÁO KHOA HỌC,100,Trường Đại học Mỹ thuật TP. Hồ Chí Minh
https://vnur.vn/bang-xep-hang-theo-tieu-chuan-nam-2025/,BẢNG XẾP HẠNG THEO TIÊU CHUẨN NĂM 2026,4,BẢNG XẾP HẠNG TIÊU CHUẨN NHIỆM VỤ KHOA HỌC CÔNG NGHỆ VÀ SÁNG CHẾ,1,Đại học Quốc gia Hà Nội
https://vnur.vn/bang-xep-hang-theo-tieu-chuan-nam-2025/,BẢNG XẾP HẠNG THEO TIÊU CHUẨN NĂM 2026,4,BẢNG XẾP HẠNG TIÊU CHUẨN NHIỆM VỤ KHOA HỌC CÔNG NGHỆ VÀ SÁNG CHẾ,2,Đại học Quốc gia TP. Hồ Chí Minh
https://vnur.vn/bang-xep-hang-theo-tieu-chuan-nam-2025/,BẢNG XẾP HẠNG THEO TIÊU CHUẨN NĂM 2026,4,BẢNG XẾP HẠNG TIÊU CHUẨN NHIỆM VỤ KHOA HỌC CÔNG NGHỆ VÀ SÁNG CHẾ,3,Đại học Bách khoa Hà Nội
https://vnur.vn/bang-xep-hang-theo-tieu-chuan-nam-2025/,BẢNG XẾP HẠNG THEO TIÊU CHUẨN NĂM 2026,4,BẢNG XẾP HẠNG TIÊU CHUẨN NHIỆM VỤ KHOA HỌC CÔNG NGHỆ VÀ SÁNG CHẾ,4,Đại học Phenikaa
https://vnur.vn/bang-xep-hang-theo-tieu-chuan-nam-2025/,BẢNG XẾP HẠNG THEO TIÊU CHUẨN NĂM 2026,4,BẢNG XẾP HẠNG TIÊU CHUẨN NHIỆM VỤ KHOA HỌC CÔNG NGHỆ VÀ SÁNG CHẾ,5,Học viện Nông nghiệp Việt Nam
https://vnur.vn/bang-xep-hang-theo-tieu-chuan-nam-2025/,BẢNG XẾP HẠNG THEO TIÊU CHUẨN NĂM 2026,4,BẢNG XẾP HẠNG TIÊU CHUẨN NHIỆM VỤ KHOA HỌC CÔNG NGHỆ VÀ SÁNG CHẾ,6,Đại học Cần Thơ
https://vnur.vn/bang-xep-hang-theo-tieu-chuan-nam-2025/,BẢNG XẾP HẠNG THEO TIÊU CHUẨN NĂM 2026,4,BẢNG XẾP HẠNG TIÊU CHUẨN NHIỆM VỤ KHOA HỌC CÔNG NGHỆ VÀ SÁNG CHẾ,7,Đại học Thái Nguyên
https://vnur.vn/bang-xep-hang-theo-tieu-chuan-nam-2025/,BẢNG XẾP HẠNG THEO TIÊU CHUẨN NĂM 2026,4,BẢNG XẾP HẠNG TIÊU CHUẨN NHIỆM VỤ KHOA HỌC CÔNG NGHỆ VÀ SÁNG CHẾ,8,Trường Đại học Thương Mại
https://vnur.vn/bang-xep-hang-theo-tieu-chuan-nam-2025/,BẢNG XẾP HẠNG THEO TIÊU CHUẨN NĂM 2026,4,BẢNG XẾP HẠNG TIÊU CHUẨN NHIỆM VỤ KHOA HỌC CÔNG NGHỆ VÀ SÁNG CHẾ,9,Đại học Đà Nẵng
https://vnur.vn/bang-xep-hang-theo-tieu-chuan-nam-2025/,BẢNG XẾP HẠNG THEO TIÊU CHUẨN NĂM 2026,4,BẢNG XẾP HẠNG TIÊU CHUẨN NHIỆM VỤ KHOA HỌC CÔNG NGHỆ VÀ SÁNG CHẾ,10,Đại học Huế
https://vnur.vn/bang-xep-hang-theo-tieu-chuan-nam-2025/,BẢNG XẾP HẠNG THEO TIÊU CHUẨN NĂM 2026,4,BẢNG XẾP HẠNG TIÊU CHUẨN NHIỆM VỤ KHOA HỌC CÔNG NGHỆ VÀ SÁNG CHẾ,11,Trường Đại học Nguyễn Tất Thành
https://vnur.vn/bang-xep-hang-theo-tieu-chuan-nam-2025/,BẢNG XẾP HẠNG THEO TIÊU CHUẨN NĂM 2026,4,BẢNG XẾP HẠNG TIÊU CHUẨN NHIỆM VỤ KHOA HỌC CÔNG NGHỆ VÀ SÁNG CHẾ,12,Trường Đại học Sư phạm Hà Nội
https://vnur.vn/bang-xep-hang-theo-tieu-chuan-nam-2025/,BẢNG XẾP HẠNG THEO TIÊU CHUẨN NĂM 2026,4,BẢNG XẾP HẠNG TIÊU CHUẨN NHIỆM VỤ KHOA HỌC CÔNG NGHỆ VÀ SÁNG CHẾ,13,Trường Đại học Xây dựng Hà Nội
https://vnur.vn/bang-xep-hang-theo-tieu-chuan-nam-2025/,BẢNG XẾP HẠNG THEO TIÊU CHUẨN NĂM 2026,4,BẢNG XẾP HẠNG TIÊU CHUẨN NHIỆM VỤ KHOA HỌC CÔNG NGHỆ VÀ SÁNG CHẾ,14,Trường Đại học Mỏ – Địa chất
https://vnur.vn/bang-xep-hang-theo-tieu-chuan-nam-2025/,BẢNG XẾP HẠNG THEO TIÊU CHUẨN NĂM 2026,4,BẢNG XẾP HẠNG TIÊU CHUẨN NHIỆM VỤ KHOA HỌC CÔNG NGHỆ VÀ SÁNG CHẾ,15,Đại học Duy Tân
https://vnur.vn/bang-xep-hang-theo-tieu-chuan-nam-2025/,BẢNG XẾP HẠNG THEO TIÊU CHUẨN NĂM 2026,4,BẢNG XẾP HẠNG TIÊU CHUẨN NHIỆM VỤ KHOA HỌC CÔNG NGHỆ VÀ SÁNG CHẾ,16,Trường Đại học Thuỷ Lợi
https://vnur.vn/bang-xep-hang-theo-tieu-chuan-nam-2025/,BẢNG XẾP HẠNG THEO TIÊU CHUẨN NĂM 2026,4,BẢNG XẾP HẠNG TIÊU CHUẨN NHIỆM VỤ KHOA HỌC CÔNG NGHỆ VÀ SÁNG CHẾ,17,Trường Đại học Tôn Đức Thắng
https://vnur.vn/bang-xep-hang-theo-tieu-chuan-nam-2025/,BẢNG XẾP HẠNG THEO TIÊU CHUẨN NĂM 2026,4,BẢNG XẾP HẠNG TIÊU CHUẨN NHIỆM VỤ KHOA HỌC CÔNG NGHỆ VÀ SÁNG CHẾ,18,Trường Đại học Giao thông Vận tải
https://vnur.vn/bang-xep-hang-theo-tieu-chuan-nam-2025/,BẢNG XẾP HẠNG THEO TIÊU CHUẨN NĂM 2026,4,BẢNG XẾP HẠNG TIÊU CHUẨN NHIỆM VỤ KHOA HỌC CÔNG NGHỆ VÀ SÁNG CHẾ,19,Học viện Ngân hàng
https://vnur.vn/bang-xep-hang-theo-tieu-chuan-nam-2025/,BẢNG XẾP HẠNG THEO TIÊU CHUẨN NĂM 2026,4,BẢNG XẾP HẠNG TIÊU CHUẨN NHIỆM VỤ KHOA HỌC CÔNG NGHỆ VÀ SÁNG CHẾ,20,Trường Đại học Lâm nghiệp
https://vnur.vn/bang-xep-hang-theo-tieu-chuan-nam-2025/,BẢNG XẾP HẠNG THEO TIÊU CHUẨN NĂM 2026,4,BẢNG XẾP HẠNG TIÊU CHUẨN NHIỆM VỤ KHOA HỌC CÔNG NGHỆ VÀ SÁNG CHẾ,21,Học viện Tài chính
https://vnur.vn/bang-xep-hang-theo-tieu-chuan-nam-2025/,BẢNG XẾP HẠNG THEO TIÊU CHUẨN NĂM 2026,4,BẢNG XẾP HẠNG TIÊU CHUẨN NHIỆM VỤ KHOA HỌC CÔNG NGHỆ VÀ SÁNG CHẾ,22,Trường Đại học Nha Trang
https://vnur.vn/bang-xep-hang-theo-tieu-chuan-nam-2025/,BẢNG XẾP HẠNG THEO TIÊU CHUẨN NĂM 2026,4,BẢNG XẾP HẠNG TIÊU CHUẨN NHIỆM VỤ KHOA HỌC CÔNG NGHỆ VÀ SÁNG CHẾ,23,Đại học Kinh tế Quốc dân
https://vnur.vn/bang-xep-hang-theo-tieu-chuan-nam-2025/,BẢNG XẾP HẠNG THEO TIÊU CHUẨN NĂM 2026,4,BẢNG XẾP HẠNG TIÊU CHUẨN NHIỆM VỤ KHOA HỌC CÔNG NGHỆ VÀ SÁNG CHẾ,24,Trường Đại học Ngoại Thương
https://vnur.vn/bang-xep-hang-theo-tieu-chuan-nam-2025/,BẢNG XẾP HẠNG THEO TIÊU CHUẨN NĂM 2026,4,BẢNG XẾP HẠNG TIÊU CHUẨN NHIỆM VỤ KHOA HỌC CÔNG NGHỆ VÀ SÁNG CHẾ,25,Đại học Công nghiệp Hà Nội
https://vnur.vn/bang-xep-hang-theo-tieu-chuan-nam-2025/,BẢNG XẾP HẠNG THEO TIÊU CHUẨN NĂM 2026,4,BẢNG XẾP HẠNG TIÊU CHUẨN NHIỆM VỤ KHOA HỌC CÔNG NGHỆ VÀ SÁNG CHẾ,26,Trường Đại học Hàng hải việt nam
https://vnur.vn/bang-xep-hang-theo-tieu-chuan-nam-2025/,BẢNG XẾP HẠNG THEO TIÊU CHUẨN NĂM 2026,4,BẢNG XẾP HẠNG TIÊU CHUẨN NHIỆM VỤ KHOA HỌC CÔNG NGHỆ VÀ SÁNG CHẾ,27,Trường Đại học Công nghiệp TP. Hồ Chí Minh
https://vnur.vn/bang-xep-hang-theo-tieu-chuan-nam-2025/,BẢNG XẾP HẠNG THEO TIÊU CHUẨN NĂM 2026,4,BẢNG XẾP HẠNG TIÊU CHUẨN NHIỆM VỤ KHOA HỌC CÔNG NGHỆ VÀ SÁNG CHẾ,28,Trường Đại học Tài nguyên và Môi trường Hà Nội
https://vnur.vn/bang-xep-hang-theo-tieu-chuan-nam-2025/,BẢNG XẾP HẠNG THEO TIÊU CHUẨN NĂM 2026,4,BẢNG XẾP HẠNG TIÊU CHUẨN NHIỆM VỤ KHOA HỌC CÔNG NGHỆ VÀ SÁNG CHẾ,29,Trường Đại học Quy Nhơn
https://vnur.vn/bang-xep-hang-theo-tieu-chuan-nam-2025/,BẢNG XẾP HẠNG THEO TIÊU CHUẨN NĂM 2026,4,BẢNG XẾP HẠNG TIÊU CHUẨN NHIỆM VỤ KHOA HỌC CÔNG NGHỆ VÀ SÁNG CHẾ,30,Trường Đại học Đà Lạt
https://vnur.vn/bang-xep-hang-theo-tieu-chuan-nam-2025/,BẢNG XẾP HẠNG THEO TIÊU CHUẨN NĂM 2026,4,BẢNG XẾP HẠNG TIÊU CHUẨN NHIỆM VỤ KHOA HỌC CÔNG NGHỆ VÀ SÁNG CHẾ,31,Đại học Kinh tế TP. Hồ Chí Minh
https://vnur.vn/bang-xep-hang-theo-tieu-chuan-nam-2025/,BẢNG XẾP HẠNG THEO TIÊU CHUẨN NĂM 2026,4,BẢNG XẾP HẠNG TIÊU CHUẨN NHIỆM VỤ KHOA HỌC CÔNG NGHỆ VÀ SÁNG CHẾ,32,Trường Đại học Dược Hà Nội
https://vnur.vn/bang-xep-hang-theo-tieu-chuan-nam-2025/,BẢNG XẾP HẠNG THEO TIÊU CHUẨN NĂM 2026,4,BẢNG XẾP HẠNG TIÊU CHUẨN NHIỆM VỤ KHOA HỌC CÔNG NGHỆ VÀ SÁNG CHẾ,33,Trường Đại học Vinh
https://vnur.vn/bang-xep-hang-theo-tieu-chuan-nam-2025/,BẢNG XẾP HẠNG THEO TIÊU CHUẨN NĂM 2026,4,BẢNG XẾP HẠNG TIÊU CHUẨN NHIỆM VỤ KHOA HỌC CÔNG NGHỆ VÀ SÁNG CHẾ,34,Trường Đại học Trà Vinh
https://vnur.vn/bang-xep-hang-theo-tieu-chuan-nam-2025/,BẢNG XẾP HẠNG THEO TIÊU CHUẨN NĂM 2026,4,BẢNG XẾP HẠNG TIÊU CHUẨN NHIỆM VỤ KHOA HỌC CÔNG NGHỆ VÀ SÁNG CHẾ,35,Trường Đại học Tây Nguyên
https://vnur.vn/bang-xep-hang-theo-tieu-chuan-nam-2025/,BẢNG XẾP HẠNG THEO TIÊU CHUẨN NĂM 2026,4,BẢNG XẾP HẠNG TIÊU CHUẨN NHIỆM VỤ KHOA HỌC CÔNG NGHỆ VÀ SÁNG CHẾ,36,Trường Đại học Y Hà Nội
https://vnur.vn/bang-xep-hang-theo-tieu-chuan-nam-2025/,BẢNG XẾP HẠNG THEO TIÊU CHUẨN NĂM 2026,4,BẢNG XẾP HẠNG TIÊU CHUẨN NHIỆM VỤ KHOA HỌC CÔNG NGHỆ VÀ SÁNG CHẾ,37,Trường Đại học Hồng Đức
https://vnur.vn/bang-xep-hang-theo-tieu-chuan-nam-2025/,BẢNG XẾP HẠNG THEO TIÊU CHUẨN NĂM 2026,4,BẢNG XẾP HẠNG TIÊU CHUẨN NHIỆM VỤ KHOA HỌC CÔNG NGHỆ VÀ SÁNG CHẾ,38,Trường Đại học Sư phạm TP. Hồ Chí Minh
https://vnur.vn/bang-xep-hang-theo-tieu-chuan-nam-2025/,BẢNG XẾP HẠNG THEO TIÊU CHUẨN NĂM 2026,4,BẢNG XẾP HẠNG TIÊU CHUẨN NHIỆM VỤ KHOA HỌC CÔNG NGHỆ VÀ SÁNG CHẾ,39,Trường Đại học Hùng Vương
https://vnur.vn/bang-xep-hang-theo-tieu-chuan-nam-2025/,BẢNG XẾP HẠNG THEO TIÊU CHUẨN NĂM 2026,4,BẢNG XẾP HẠNG TIÊU CHUẨN NHIỆM VỤ KHOA HỌC CÔNG NGHỆ VÀ SÁNG CHẾ,40,Trường Đại học Đồng Tháp
https://vnur.vn/bang-xep-hang-theo-tieu-chuan-nam-2025/,BẢNG XẾP HẠNG THEO TIÊU CHUẨN NĂM 2026,4,BẢNG XẾP HẠNG TIÊU CHUẨN NHIỆM VỤ KHOA HỌC CÔNG NGHỆ VÀ SÁNG CHẾ,41,Trường Đại học Mở TP. Hồ Chí Minh
https://vnur.vn/bang-xep-hang-theo-tieu-chuan-nam-2025/,BẢNG XẾP HẠNG THEO TIÊU CHUẨN NĂM 2026,4,BẢNG XẾP HẠNG TIÊU CHUẨN NHIỆM VỤ KHOA HỌC CÔNG NGHỆ VÀ SÁNG CHẾ,42,Trường Đại học Kinh tế Kỹ thuật công nghiệp
https://vnur.vn/bang-xep-hang-theo-tieu-chuan-nam-2025/,BẢNG XẾP HẠNG THEO TIÊU CHUẨN NĂM 2026,4,BẢNG XẾP HẠNG TIÊU CHUẨN NHIỆM VỤ KHOA HỌC CÔNG NGHỆ VÀ SÁNG CHẾ,43,Học viện Báo chí và Tuyên truyền
https://vnur.vn/bang-xep-hang-theo-tieu-chuan-nam-2025/,BẢNG XẾP HẠNG THEO TIÊU CHUẨN NĂM 2026,4,BẢNG XẾP HẠNG TIÊU CHUẨN NHIỆM VỤ KHOA HỌC CÔNG NGHỆ VÀ SÁNG CHẾ,44,Trường Đại học Kiến trúc Hà Nội
https://vnur.vn/bang-xep-hang-theo-tieu-chuan-nam-2025/,BẢNG XẾP HẠNG THEO TIÊU CHUẨN NĂM 2026,4,BẢNG XẾP HẠNG TIÊU CHUẨN NHIỆM VỤ KHOA HỌC CÔNG NGHỆ VÀ SÁNG CHẾ,45,Trường Đại học Y Dược Cần Thơ
https://vnur.vn/bang-xep-hang-theo-tieu-chuan-nam-2025/,BẢNG XẾP HẠNG THEO TIÊU CHUẨN NĂM 2026,4,BẢNG XẾP HẠNG TIÊU CHUẨN NHIỆM VỤ KHOA HỌC CÔNG NGHỆ VÀ SÁNG CHẾ,46,Trường Đại học Công đoàn
https://vnur.vn/bang-xep-hang-theo-tieu-chuan-nam-2025/,BẢNG XẾP HẠNG THEO TIÊU CHUẨN NĂM 2026,4,BẢNG XẾP HẠNG TIÊU CHUẨN NHIỆM VỤ KHOA HỌC CÔNG NGHỆ VÀ SÁNG CHẾ,47,Trường Đại học Sài Gòn
https://vnur.vn/bang-xep-hang-theo-tieu-chuan-nam-2025/,BẢNG XẾP HẠNG THEO TIÊU CHUẨN NĂM 2026,4,BẢNG XẾP HẠNG TIÊU CHUẨN NHIỆM VỤ KHOA HỌC CÔNG NGHỆ VÀ SÁNG CHẾ,48,Trường Đại học Sư phạm Kỹ thuật TP. Hồ Chí Minh
https://vnur.vn/bang-xep-hang-theo-tieu-chuan-nam-2025/,BẢNG XẾP HẠNG THEO TIÊU CHUẨN NĂM 2026,4,BẢNG XẾP HẠNG TIÊU CHUẨN NHIỆM VỤ KHOA HỌC CÔNG NGHỆ VÀ SÁNG CHẾ,49,Trường Đại học thủ dầu một
https://vnur.vn/bang-xep-hang-theo-tieu-chuan-nam-2025/,BẢNG XẾP HẠNG THEO TIÊU CHUẨN NĂM 2026,4,BẢNG XẾP HẠNG TIÊU CHUẨN NHIỆM VỤ KHOA HỌC CÔNG NGHỆ VÀ SÁNG CHẾ,50,Trường Đại học Mở Hà Nội
https://vnur.vn/bang-xep-hang-theo-tieu-chuan-nam-2025/,BẢNG XẾP HẠNG THEO TIÊU CHUẨN NĂM 2026,4,BẢNG XẾP HẠNG TIÊU CHUẨN NHIỆM VỤ KHOA HỌC CÔNG NGHỆ VÀ SÁNG CHẾ,51,Trường Đại học Y Dược TP. Hồ Chí Minh
https://vnur.vn/bang-xep-hang-theo-tieu-chuan-nam-2025/,BẢNG XẾP HẠNG THEO TIÊU CHUẨN NĂM 2026,4,BẢNG XẾP HẠNG TIÊU CHUẨN NHIỆM VỤ KHOA HỌC CÔNG NGHỆ VÀ SÁNG CHẾ,52,Trường Đại học Văn hoá Hà Nội
https://vnur.vn/bang-xep-hang-theo-tieu-chuan-nam-2025/,BẢNG XẾP HẠNG THEO TIÊU CHUẨN NĂM 2026,4,BẢNG XẾP HẠNG TIÊU CHUẨN NHIỆM VỤ KHOA HỌC CÔNG NGHỆ VÀ SÁNG CHẾ,53,Trường Đại học Lao động – Xã hội
https://vnur.vn/bang-xep-hang-theo-tieu-chuan-nam-2025/,BẢNG XẾP HẠNG THEO TIÊU CHUẨN NĂM 2026,4,BẢNG XẾP HẠNG TIÊU CHUẨN NHIỆM VỤ KHOA HỌC CÔNG NGHỆ VÀ SÁNG CHẾ,54,Trường Đại học Luật Hà Nội
https://vnur.vn/bang-xep-hang-theo-tieu-chuan-nam-2025/,BẢNG XẾP HẠNG THEO TIÊU CHUẨN NĂM 2026,4,BẢNG XẾP HẠNG TIÊU CHUẨN NHIỆM VỤ KHOA HỌC CÔNG NGHỆ VÀ SÁNG CHẾ,55,Trường Đại học Sư phạm Hà Nội 2
https://vnur.vn/bang-xep-hang-theo-tieu-chuan-nam-2025/,BẢNG XẾP HẠNG THEO TIÊU CHUẨN NĂM 2026,4,BẢNG XẾP HẠNG TIÊU CHUẨN NHIỆM VỤ KHOA HỌC CÔNG NGHỆ VÀ SÁNG CHẾ,56,Trường Đại học Tân Trào
https://vnur.vn/bang-xep-hang-theo-tieu-chuan-nam-2025/,BẢNG XẾP HẠNG THEO TIÊU CHUẨN NĂM 2026,4,BẢNG XẾP HẠNG TIÊU CHUẨN NHIỆM VỤ KHOA HỌC CÔNG NGHỆ VÀ SÁNG CHẾ,57,Trường Đại học Sư phạm Kỹ thuật Hưng Yên
https://vnur.vn/bang-xep-hang-theo-tieu-chuan-nam-2025/,BẢNG XẾP HẠNG THEO TIÊU CHUẨN NĂM 2026,4,BẢNG XẾP HẠNG TIÊU CHUẨN NHIỆM VỤ KHOA HỌC CÔNG NGHỆ VÀ SÁNG CHẾ,58,Học viện Ngoại giao
https://vnur.vn/bang-xep-hang-theo-tieu-chuan-nam-2025/,BẢNG XẾP HẠNG THEO TIÊU CHUẨN NĂM 2026,4,BẢNG XẾP HẠNG TIÊU CHUẨN NHIỆM VỤ KHOA HỌC CÔNG NGHỆ VÀ SÁNG CHẾ,59,Trường Đại học Y tế Công cộng
https://vnur.vn/bang-xep-hang-theo-tieu-chuan-nam-2025/,BẢNG XẾP HẠNG THEO TIÊU CHUẨN NĂM 2026,4,BẢNG XẾP HẠNG TIÊU CHUẨN NHIỆM VỤ KHOA HỌC CÔNG NGHỆ VÀ SÁNG CHẾ,60,Trường Đại học Điện lực
https://vnur.vn/bang-xep-hang-theo-tieu-chuan-nam-2025/,BẢNG XẾP HẠNG THEO TIÊU CHUẨN NĂM 2026,4,BẢNG XẾP HẠNG TIÊU CHUẨN NHIỆM VỤ KHOA HỌC CÔNG NGHỆ VÀ SÁNG CHẾ,61,Trường Đại học Hải Phòng
https://vnur.vn/bang-xep-hang-theo-tieu-chuan-nam-2025/,BẢNG XẾP HẠNG THEO TIÊU CHUẨN NĂM 2026,4,BẢNG XẾP HẠNG TIÊU CHUẨN NHIỆM VỤ KHOA HỌC CÔNG NGHỆ VÀ SÁNG CHẾ,62,Trường Đại học Công thương TP. Hồ Chí Minh
https://vnur.vn/bang-xep-hang-theo-tieu-chuan-nam-2025/,BẢNG XẾP HẠNG THEO TIÊU CHUẨN NĂM 2026,4,BẢNG XẾP HẠNG TIÊU CHUẨN NHIỆM VỤ KHOA HỌC CÔNG NGHỆ VÀ SÁNG CHẾ,63,Trường Đại học Ngân hàng TP. Hồ Chí Minh
https://vnur.vn/bang-xep-hang-theo-tieu-chuan-nam-2025/,BẢNG XẾP HẠNG THEO TIÊU CHUẨN NĂM 2026,4,BẢNG XẾP HẠNG TIÊU CHUẨN NHIỆM VỤ KHOA HỌC CÔNG NGHỆ VÀ SÁNG CHẾ,64,Trường Đại học Luật TP. Hồ Chí Minh
https://vnur.vn/bang-xep-hang-theo-tieu-chuan-nam-2025/,BẢNG XẾP HẠNG THEO TIÊU CHUẨN NĂM 2026,4,BẢNG XẾP HẠNG TIÊU CHUẨN NHIỆM VỤ KHOA HỌC CÔNG NGHỆ VÀ SÁNG CHẾ,65,Trường Đại học Công nghệ TP. Hồ Chí Minh
https://vnur.vn/bang-xep-hang-theo-tieu-chuan-nam-2025/,BẢNG XẾP HẠNG THEO TIÊU CHUẨN NĂM 2026,4,BẢNG XẾP HẠNG TIÊU CHUẨN NHIỆM VỤ KHOA HỌC CÔNG NGHỆ VÀ SÁNG CHẾ,66,Trường Đại học Văn Lang
https://vnur.vn/bang-xep-hang-theo-tieu-chuan-nam-2025/,BẢNG XẾP HẠNG THEO TIÊU CHUẨN NĂM 2026,4,BẢNG XẾP HẠNG TIÊU CHUẨN NHIỆM VỤ KHOA HỌC CÔNG NGHỆ VÀ SÁNG CHẾ,67,Trường Đại học Y Dược Thái Bình
https://vnur.vn/bang-xep-hang-theo-tieu-chuan-nam-2025/,BẢNG XẾP HẠNG THEO TIÊU CHUẨN NĂM 2026,4,BẢNG XẾP HẠNG TIÊU CHUẨN NHIỆM VỤ KHOA HỌC CÔNG NGHỆ VÀ SÁNG CHẾ,68,Học viện Phụ nữ Việt Nam
https://vnur.vn/bang-xep-hang-theo-tieu-chuan-nam-2025/,BẢNG XẾP HẠNG THEO TIÊU CHUẨN NĂM 2026,4,BẢNG XẾP HẠNG TIÊU CHUẨN NHIỆM VỤ KHOA HỌC CÔNG NGHỆ VÀ SÁNG CHẾ,69,Trường Đại học Thủ đô Hà Nội
https://vnur.vn/bang-xep-hang-theo-tieu-chuan-nam-2025/,BẢNG XẾP HẠNG THEO TIÊU CHUẨN NĂM 2026,4,BẢNG XẾP HẠNG TIÊU CHUẨN NHIỆM VỤ KHOA HỌC CÔNG NGHỆ VÀ SÁNG CHẾ,70,Trường Đại học Văn Hiến
https://vnur.vn/bang-xep-hang-theo-tieu-chuan-nam-2025/,BẢNG XẾP HẠNG THEO TIÊU CHUẨN NĂM 2026,4,BẢNG XẾP HẠNG TIÊU CHUẨN NHIỆM VỤ KHOA HỌC CÔNG NGHỆ VÀ SÁNG CHẾ,71,Học viện Quản lý Giáo dục
https://vnur.vn/bang-xep-hang-theo-tieu-chuan-nam-2025/,BẢNG XẾP HẠNG THEO TIÊU CHUẨN NĂM 2026,4,BẢNG XẾP HẠNG TIÊU CHUẨN NHIỆM VỤ KHOA HỌC CÔNG NGHỆ VÀ SÁNG CHẾ,72,Trường Đại học Kiểm sát Hà Nội
https://vnur.vn/bang-xep-hang-theo-tieu-chuan-nam-2025/,BẢNG XẾP HẠNG THEO TIÊU CHUẨN NĂM 2026,4,BẢNG XẾP HẠNG TIÊU CHUẨN NHIỆM VỤ KHOA HỌC CÔNG NGHỆ VÀ SÁNG CHẾ,73,Học viện Hàng không Việt Nam
https://vnur.vn/bang-xep-hang-theo-tieu-chuan-nam-2025/,BẢNG XẾP HẠNG THEO TIÊU CHUẨN NĂM 2026,4,BẢNG XẾP HẠNG TIÊU CHUẨN NHIỆM VỤ KHOA HỌC CÔNG NGHỆ VÀ SÁNG CHẾ,74,Trường Đại học Y Dược Hải Phòng
https://vnur.vn/bang-xep-hang-theo-tieu-chuan-nam-2025/,BẢNG XẾP HẠNG THEO TIÊU CHUẨN NĂM 2026,4,BẢNG XẾP HẠNG TIÊU CHUẨN NHIỆM VỤ KHOA HỌC CÔNG NGHỆ VÀ SÁNG CHẾ,75,Trường Đại học Nam Cần Thơ
https://vnur.vn/bang-xep-hang-theo-tieu-chuan-nam-2025/,BẢNG XẾP HẠNG THEO TIÊU CHUẨN NĂM 2026,4,BẢNG XẾP HẠNG TIÊU CHUẨN NHIỆM VỤ KHOA HỌC CÔNG NGHỆ VÀ SÁNG CHẾ,76,"Trường Đại học Văn hoá, Thể thao và Du lịch Thanh Hoá"
https://vnur.vn/bang-xep-hang-theo-tieu-chuan-nam-2025/,BẢNG XẾP HẠNG THEO TIÊU CHUẨN NĂM 2026,4,BẢNG XẾP HẠNG TIÊU CHUẨN NHIỆM VỤ KHOA HỌC CÔNG NGHỆ VÀ SÁNG CHẾ,77,Trường Đại học Thể dục Thể thao Đà Nẵng
https://vnur.vn/bang-xep-hang-theo-tieu-chuan-nam-2025/,BẢNG XẾP HẠNG THEO TIÊU CHUẨN NĂM 2026,4,BẢNG XẾP HẠNG TIÊU CHUẨN NHIỆM VỤ KHOA HỌC CÔNG NGHỆ VÀ SÁNG CHẾ,78,Trường Đại học Thể dục Thể thao TP. Hồ Chí Minh
https://vnur.vn/bang-xep-hang-theo-tieu-chuan-nam-2025/,BẢNG XẾP HẠNG THEO TIÊU CHUẨN NĂM 2026,4,BẢNG XẾP HẠNG TIÊU CHUẨN NHIỆM VỤ KHOA HỌC CÔNG NGHỆ VÀ SÁNG CHẾ,79,Trường Đại học Tây Đô
https://vnur.vn/bang-xep-hang-theo-tieu-chuan-nam-2025/,BẢNG XẾP HẠNG THEO TIÊU CHUẨN NĂM 2026,4,BẢNG XẾP HẠNG TIÊU CHUẨN NHIỆM VỤ KHOA HỌC CÔNG NGHỆ VÀ SÁNG CHẾ,80,Trường Đại học Y khoa Phạm Ngọc Thạch
https://vnur.vn/bang-xep-hang-theo-tieu-chuan-nam-2025/,BẢNG XẾP HẠNG THEO TIÊU CHUẨN NĂM 2026,4,BẢNG XẾP HẠNG TIÊU CHUẨN NHIỆM VỤ KHOA HỌC CÔNG NGHỆ VÀ SÁNG CHẾ,81,Trường Đại học Đông Á
https://vnur.vn/bang-xep-hang-theo-tieu-chuan-nam-2025/,BẢNG XẾP HẠNG THEO TIÊU CHUẨN NĂM 2026,4,BẢNG XẾP HẠNG TIÊU CHUẨN NHIỆM VỤ KHOA HỌC CÔNG NGHỆ VÀ SÁNG CHẾ,82,Trường Đại học Lạc Hồng
https://vnur.vn/bang-xep-hang-theo-tieu-chuan-nam-2025/,BẢNG XẾP HẠNG THEO TIÊU CHUẨN NĂM 2026,4,BẢNG XẾP HẠNG TIÊU CHUẨN NHIỆM VỤ KHOA HỌC CÔNG NGHỆ VÀ SÁNG CHẾ,83,Học viện Y Dược học cổ truyền Việt Nam
https://vnur.vn/bang-xep-hang-theo-tieu-chuan-nam-2025/,BẢNG XẾP HẠNG THEO TIÊU CHUẨN NĂM 2026,4,BẢNG XẾP HẠNG TIÊU CHUẨN NHIỆM VỤ KHOA HỌC CÔNG NGHỆ VÀ SÁNG CHẾ,84,Trường Đại học Công nghệ Đồng Nai
https://vnur.vn/bang-xep-hang-theo-tieu-chuan-nam-2025/,BẢNG XẾP HẠNG THEO TIÊU CHUẨN NĂM 2026,4,BẢNG XẾP HẠNG TIÊU CHUẨN NHIỆM VỤ KHOA HỌC CÔNG NGHỆ VÀ SÁNG CHẾ,85,Trường Đại học Quốc tế Hồng Bàng
https://vnur.vn/bang-xep-hang-theo-tieu-chuan-nam-2025/,BẢNG XẾP HẠNG THEO TIÊU CHUẨN NĂM 2026,4,BẢNG XẾP HẠNG TIÊU CHUẨN NHIỆM VỤ KHOA HỌC CÔNG NGHỆ VÀ SÁNG CHẾ,86,Trường Đại học Kinh tế – Kỹ thuật Bình Dương
https://vnur.vn/bang-xep-hang-theo-tieu-chuan-nam-2025/,BẢNG XẾP HẠNG THEO TIÊU CHUẨN NĂM 2026,4,BẢNG XẾP HẠNG TIÊU CHUẨN NHIỆM VỤ KHOA HỌC CÔNG NGHỆ VÀ SÁNG CHẾ,87,Trường Đại học Khoa học và Công nghệ Hà Nội
https://vnur.vn/bang-xep-hang-theo-tieu-chuan-nam-2025/,BẢNG XẾP HẠNG THEO TIÊU CHUẨN NĂM 2026,4,BẢNG XẾP HẠNG TIÊU CHUẨN NHIỆM VỤ KHOA HỌC CÔNG NGHỆ VÀ SÁNG CHẾ,88,Trường Đại học Sư phạm Kỹ thuật Vinh
https://vnur.vn/bang-xep-hang-theo-tieu-chuan-nam-2025/,BẢNG XẾP HẠNG THEO TIÊU CHUẨN NĂM 2026,4,BẢNG XẾP HẠNG TIÊU CHUẨN NHIỆM VỤ KHOA HỌC CÔNG NGHỆ VÀ SÁNG CHẾ,89,Học viện Chính sách và Phát triển
https://vnur.vn/bang-xep-hang-theo-tieu-chuan-nam-2025/,BẢNG XẾP HẠNG THEO TIÊU CHUẨN NĂM 2026,4,BẢNG XẾP HẠNG TIÊU CHUẨN NHIỆM VỤ KHOA HỌC CÔNG NGHỆ VÀ SÁNG CHẾ,90,Trường Đại học FPT
https://vnur.vn/bang-xep-hang-theo-tieu-chuan-nam-2025/,BẢNG XẾP HẠNG THEO TIÊU CHUẨN NĂM 2026,4,BẢNG XẾP HẠNG TIÊU CHUẨN NHIỆM VỤ KHOA HỌC CÔNG NGHỆ VÀ SÁNG CHẾ,91,Trường Đại học Kỹ thuật y tế Hải Dương
https://vnur.vn/bang-xep-hang-theo-tieu-chuan-nam-2025/,BẢNG XẾP HẠNG THEO TIÊU CHUẨN NĂM 2026,4,BẢNG XẾP HẠNG TIÊU CHUẨN NHIỆM VỤ KHOA HỌC CÔNG NGHỆ VÀ SÁNG CHẾ,92,Trường Đại học Kiến trúc TP. Hồ Chí Minh
https://vnur.vn/bang-xep-hang-theo-tieu-chuan-nam-2025/,BẢNG XẾP HẠNG THEO TIÊU CHUẨN NĂM 2026,4,BẢNG XẾP HẠNG TIÊU CHUẨN NHIỆM VỤ KHOA HỌC CÔNG NGHỆ VÀ SÁNG CHẾ,93,Trường Đại học Hoa Sen
https://vnur.vn/bang-xep-hang-theo-tieu-chuan-nam-2025/,BẢNG XẾP HẠNG THEO TIÊU CHUẨN NĂM 2026,4,BẢNG XẾP HẠNG TIÊU CHUẨN NHIỆM VỤ KHOA HỌC CÔNG NGHỆ VÀ SÁNG CHẾ,94,Trường Đại học Thăng Long
https://vnur.vn/bang-xep-hang-theo-tieu-chuan-nam-2025/,BẢNG XẾP HẠNG THEO TIÊU CHUẨN NĂM 2026,4,BẢNG XẾP HẠNG TIÊU CHUẨN NHIỆM VỤ KHOA HỌC CÔNG NGHỆ VÀ SÁNG CHẾ,95,Trường Đại học Kỹ thuật Y – Dược Đà Nẵng
https://vnur.vn/bang-xep-hang-theo-tieu-chuan-nam-2025/,BẢNG XẾP HẠNG THEO TIÊU CHUẨN NĂM 2026,4,BẢNG XẾP HẠNG TIÊU CHUẨN NHIỆM VỤ KHOA HỌC CÔNG NGHỆ VÀ SÁNG CHẾ,96,Trường Đại học Kiên Giang
https://vnur.vn/bang-xep-hang-theo-tieu-chuan-nam-2025/,BẢNG XẾP HẠNG THEO TIÊU CHUẨN NĂM 2026,4,BẢNG XẾP HẠNG TIÊU CHUẨN NHIỆM VỤ KHOA HỌC CÔNG NGHỆ VÀ SÁNG CHẾ,97,Trường Đại học Kỹ thuật – Công nghệ Cần Thơ
https://vnur.vn/bang-xep-hang-theo-tieu-chuan-nam-2025/,BẢNG XẾP HẠNG THEO TIÊU CHUẨN NĂM 2026,4,BẢNG XẾP HẠNG TIÊU CHUẨN NHIỆM VỤ KHOA HỌC CÔNG NGHỆ VÀ SÁNG CHẾ,98,Trường Đại học CMC
https://vnur.vn/bang-xep-hang-theo-tieu-chuan-nam-2025/,BẢNG XẾP HẠNG THEO TIÊU CHUẨN NĂM 2026,4,BẢNG XẾP HẠNG TIÊU CHUẨN NHIỆM VỤ KHOA HỌC CÔNG NGHỆ VÀ SÁNG CHẾ,99,Trường Đại học Công nghiệp Việt – Hung
https://vnur.vn/bang-xep-hang-theo-tieu-chuan-nam-2025/,BẢNG XẾP HẠNG THEO TIÊU CHUẨN NĂM 2026,4,BẢNG XẾP HẠNG TIÊU CHUẨN NHIỆM VỤ KHOA HỌC CÔNG NGHỆ VÀ SÁNG CHẾ,100,Trường Đại học Mỹ thuật TP. Hồ Chí Minh
https://vnur.vn/bang-xep-hang-theo-tieu-chuan-nam-2025/,BẢNG XẾP HẠNG THEO TIÊU CHUẨN NĂM 2026,5,BẢNG XẾP HẠNG TIÊU CHUẨN CHẤT LƯỢNG NGƯỜI HỌC,1,Trường Đại học Ngoại Thương
https://vnur.vn/bang-xep-hang-theo-tieu-chuan-nam-2025/,BẢNG XẾP HẠNG THEO TIÊU CHUẨN NĂM 2026,5,BẢNG XẾP HẠNG TIÊU CHUẨN CHẤT LƯỢNG NGƯỜI HỌC,2,Trường Đại học CMC
https://vnur.vn/bang-xep-hang-theo-tieu-chuan-nam-2025/,BẢNG XẾP HẠNG THEO TIÊU CHUẨN NĂM 2026,5,BẢNG XẾP HẠNG TIÊU CHUẨN CHẤT LƯỢNG NGƯỜI HỌC,3,Trường Đại học Kiến trúc Hà Nội
https://vnur.vn/bang-xep-hang-theo-tieu-chuan-nam-2025/,BẢNG XẾP HẠNG THEO TIÊU CHUẨN NĂM 2026,5,BẢNG XẾP HẠNG TIÊU CHUẨN CHẤT LƯỢNG NGƯỜI HỌC,4,Đại học Kinh tế Quốc dân
https://vnur.vn/bang-xep-hang-theo-tieu-chuan-nam-2025/,BẢNG XẾP HẠNG THEO TIÊU CHUẨN NĂM 2026,5,BẢNG XẾP HẠNG TIÊU CHUẨN CHẤT LƯỢNG NGƯỜI HỌC,5,Học viện Hàng không Việt Nam
https://vnur.vn/bang-xep-hang-theo-tieu-chuan-nam-2025/,BẢNG XẾP HẠNG THEO TIÊU CHUẨN NĂM 2026,5,BẢNG XẾP HẠNG TIÊU CHUẨN CHẤT LƯỢNG NGƯỜI HỌC,6,Trường Đại học Thương Mại
https://vnur.vn/bang-xep-hang-theo-tieu-chuan-nam-2025/,BẢNG XẾP HẠNG THEO TIÊU CHUẨN NĂM 2026,5,BẢNG XẾP HẠNG TIÊU CHUẨN CHẤT LƯỢNG NGƯỜI HỌC,7,Học viện Tài chính
https://vnur.vn/bang-xep-hang-theo-tieu-chuan-nam-2025/,BẢNG XẾP HẠNG THEO TIÊU CHUẨN NĂM 2026,5,BẢNG XẾP HẠNG TIÊU CHUẨN CHẤT LƯỢNG NGƯỜI HỌC,8,Học viện Chính sách và Phát triển
https://vnur.vn/bang-xep-hang-theo-tieu-chuan-nam-2025/,BẢNG XẾP HẠNG THEO TIÊU CHUẨN NĂM 2026,5,BẢNG XẾP HẠNG TIÊU CHUẨN CHẤT LƯỢNG NGƯỜI HỌC,9,Trường Đại học Sư phạm Hà Nội
https://vnur.vn/bang-xep-hang-theo-tieu-chuan-nam-2025/,BẢNG XẾP HẠNG THEO TIÊU CHUẨN NĂM 2026,5,BẢNG XẾP HẠNG TIÊU CHUẨN CHẤT LƯỢNG NGƯỜI HỌC,10,Học viện Ngân hàng
https://vnur.vn/bang-xep-hang-theo-tieu-chuan-nam-2025/,BẢNG XẾP HẠNG THEO TIÊU CHUẨN NĂM 2026,5,BẢNG XẾP HẠNG TIÊU CHUẨN CHẤT LƯỢNG NGƯỜI HỌC,11,Học viện Báo chí và Tuyên truyền
https://vnur.vn/bang-xep-hang-theo-tieu-chuan-nam-2025/,BẢNG XẾP HẠNG THEO TIÊU CHUẨN NĂM 2026,5,BẢNG XẾP HẠNG TIÊU CHUẨN CHẤT LƯỢNG NGƯỜI HỌC,12,Trường Đại học Văn hoá Hà Nội
https://vnur.vn/bang-xep-hang-theo-tieu-chuan-nam-2025/,BẢNG XẾP HẠNG THEO TIÊU CHUẨN NĂM 2026,5,BẢNG XẾP HẠNG TIÊU CHUẨN CHẤT LƯỢNG NGƯỜI HỌC,13,Trường Đại học Tôn Đức Thắng
https://vnur.vn/bang-xep-hang-theo-tieu-chuan-nam-2025/,BẢNG XẾP HẠNG THEO TIÊU CHUẨN NĂM 2026,5,BẢNG XẾP HẠNG TIÊU CHUẨN CHẤT LƯỢNG NGƯỜI HỌC,14,Học viện Ngoại giao
https://vnur.vn/bang-xep-hang-theo-tieu-chuan-nam-2025/,BẢNG XẾP HẠNG THEO TIÊU CHUẨN NĂM 2026,5,BẢNG XẾP HẠNG TIÊU CHUẨN CHẤT LƯỢNG NGƯỜI HỌC,15,Trường Đại học Sư phạm Hà Nội 2
https://vnur.vn/bang-xep-hang-theo-tieu-chuan-nam-2025/,BẢNG XẾP HẠNG THEO TIÊU CHUẨN NĂM 2026,5,BẢNG XẾP HẠNG TIÊU CHUẨN CHẤT LƯỢNG NGƯỜI HỌC,16,Học viện Y Dược học cổ truyền Việt Nam
https://vnur.vn/bang-xep-hang-theo-tieu-chuan-nam-2025/,BẢNG XẾP HẠNG THEO TIÊU CHUẨN NĂM 2026,5,BẢNG XẾP HẠNG TIÊU CHUẨN CHẤT LƯỢNG NGƯỜI HỌC,17,Trường Đại học Sư phạm TP. Hồ Chí Minh
https://vnur.vn/bang-xep-hang-theo-tieu-chuan-nam-2025/,BẢNG XẾP HẠNG THEO TIÊU CHUẨN NĂM 2026,5,BẢNG XẾP HẠNG TIÊU CHUẨN CHẤT LƯỢNG NGƯỜI HỌC,18,Trường Đại học Công nghiệp TP. Hồ Chí Minh
https://vnur.vn/bang-xep-hang-theo-tieu-chuan-nam-2025/,BẢNG XẾP HẠNG THEO TIÊU CHUẨN NĂM 2026,5,BẢNG XẾP HẠNG TIÊU CHUẨN CHẤT LƯỢNG NGƯỜI HỌC,19,Đại học Bách khoa Hà Nội
https://vnur.vn/bang-xep-hang-theo-tieu-chuan-nam-2025/,BẢNG XẾP HẠNG THEO TIÊU CHUẨN NĂM 2026,5,BẢNG XẾP HẠNG TIÊU CHUẨN CHẤT LƯỢNG NGƯỜI HỌC,20,Trường Đại học Xây dựng Hà Nội
https://vnur.vn/bang-xep-hang-theo-tieu-chuan-nam-2025/,BẢNG XẾP HẠNG THEO TIÊU CHUẨN NĂM 2026,5,BẢNG XẾP HẠNG TIÊU CHUẨN CHẤT LƯỢNG NGƯỜI HỌC,21,Đại học Kinh tế TP. Hồ Chí Minh
https://vnur.vn/bang-xep-hang-theo-tieu-chuan-nam-2025/,BẢNG XẾP HẠNG THEO TIÊU CHUẨN NĂM 2026,5,BẢNG XẾP HẠNG TIÊU CHUẨN CHẤT LƯỢNG NGƯỜI HỌC,22,Trường Đại học Luật Hà Nội
https://vnur.vn/bang-xep-hang-theo-tieu-chuan-nam-2025/,BẢNG XẾP HẠNG THEO TIÊU CHUẨN NĂM 2026,5,BẢNG XẾP HẠNG TIÊU CHUẨN CHẤT LƯỢNG NGƯỜI HỌC,23,Trường Đại học Thể dục Thể thao Đà Nẵng
https://vnur.vn/bang-xep-hang-theo-tieu-chuan-nam-2025/,BẢNG XẾP HẠNG THEO TIÊU CHUẨN NĂM 2026,5,BẢNG XẾP HẠNG TIÊU CHUẨN CHẤT LƯỢNG NGƯỜI HỌC,24,Trường Đại học Kỹ thuật y tế Hải Dương
https://vnur.vn/bang-xep-hang-theo-tieu-chuan-nam-2025/,BẢNG XẾP HẠNG THEO TIÊU CHUẨN NĂM 2026,5,BẢNG XẾP HẠNG TIÊU CHUẨN CHẤT LƯỢNG NGƯỜI HỌC,25,Học viện Quản lý Giáo dục
https://vnur.vn/bang-xep-hang-theo-tieu-chuan-nam-2025/,BẢNG XẾP HẠNG THEO TIÊU CHUẨN NĂM 2026,5,BẢNG XẾP HẠNG TIÊU CHUẨN CHẤT LƯỢNG NGƯỜI HỌC,26,Trường Đại học Y Dược Hải Phòng
https://vnur.vn/bang-xep-hang-theo-tieu-chuan-nam-2025/,BẢNG XẾP HẠNG THEO TIÊU CHUẨN NĂM 2026,5,BẢNG XẾP HẠNG TIÊU CHUẨN CHẤT LƯỢNG NGƯỜI HỌC,27,Đại học Quốc gia TP. Hồ Chí Minh
https://vnur.vn/bang-xep-hang-theo-tieu-chuan-nam-2025/,BẢNG XẾP HẠNG THEO TIÊU CHUẨN NĂM 2026,5,BẢNG XẾP HẠNG TIÊU CHUẨN CHẤT LƯỢNG NGƯỜI HỌC,28,Trường Đại học Kinh tế Kỹ thuật công nghiệp
https://vnur.vn/bang-xep-hang-theo-tieu-chuan-nam-2025/,BẢNG XẾP HẠNG THEO TIÊU CHUẨN NĂM 2026,5,BẢNG XẾP HẠNG TIÊU CHUẨN CHẤT LƯỢNG NGƯỜI HỌC,29,Trường Đại học Sư phạm Kỹ thuật TP. Hồ Chí Minh
https://vnur.vn/bang-xep-hang-theo-tieu-chuan-nam-2025/,BẢNG XẾP HẠNG THEO TIÊU CHUẨN NĂM 2026,5,BẢNG XẾP HẠNG TIÊU CHUẨN CHẤT LƯỢNG NGƯỜI HỌC,30,Trường Đại học Mỹ thuật TP. Hồ Chí Minh
https://vnur.vn/bang-xep-hang-theo-tieu-chuan-nam-2025/,BẢNG XẾP HẠNG THEO TIÊU CHUẨN NĂM 2026,5,BẢNG XẾP HẠNG TIÊU CHUẨN CHẤT LƯỢNG NGƯỜI HỌC,31,Trường Đại học Kiểm sát Hà Nội
https://vnur.vn/bang-xep-hang-theo-tieu-chuan-nam-2025/,BẢNG XẾP HẠNG THEO TIÊU CHUẨN NĂM 2026,5,BẢNG XẾP HẠNG TIÊU CHUẨN CHẤT LƯỢNG NGƯỜI HỌC,32,Trường Đại học Sài Gòn
https://vnur.vn/bang-xep-hang-theo-tieu-chuan-nam-2025/,BẢNG XẾP HẠNG THEO TIÊU CHUẨN NĂM 2026,5,BẢNG XẾP HẠNG TIÊU CHUẨN CHẤT LƯỢNG NGƯỜI HỌC,33,Trường Đại học Đồng Tháp
https://vnur.vn/bang-xep-hang-theo-tieu-chuan-nam-2025/,BẢNG XẾP HẠNG THEO TIÊU CHUẨN NĂM 2026,5,BẢNG XẾP HẠNG TIÊU CHUẨN CHẤT LƯỢNG NGƯỜI HỌC,34,Đại học Quốc gia Hà Nội
https://vnur.vn/bang-xep-hang-theo-tieu-chuan-nam-2025/,BẢNG XẾP HẠNG THEO TIÊU CHUẨN NĂM 2026,5,BẢNG XẾP HẠNG TIÊU CHUẨN CHẤT LƯỢNG NGƯỜI HỌC,35,Trường Đại học Giao thông Vận tải
https://vnur.vn/bang-xep-hang-theo-tieu-chuan-nam-2025/,BẢNG XẾP HẠNG THEO TIÊU CHUẨN NĂM 2026,5,BẢNG XẾP HẠNG TIÊU CHUẨN CHẤT LƯỢNG NGƯỜI HỌC,36,Trường Đại học Thủ đô Hà Nội
https://vnur.vn/bang-xep-hang-theo-tieu-chuan-nam-2025/,BẢNG XẾP HẠNG THEO TIÊU CHUẨN NĂM 2026,5,BẢNG XẾP HẠNG TIÊU CHUẨN CHẤT LƯỢNG NGƯỜI HỌC,37,Trường Đại học Vinh
https://vnur.vn/bang-xep-hang-theo-tieu-chuan-nam-2025/,BẢNG XẾP HẠNG THEO TIÊU CHUẨN NĂM 2026,5,BẢNG XẾP HẠNG TIÊU CHUẨN CHẤT LƯỢNG NGƯỜI HỌC,38,Trường Đại học Thể dục Thể thao TP. Hồ Chí Minh
https://vnur.vn/bang-xep-hang-theo-tieu-chuan-nam-2025/,BẢNG XẾP HẠNG THEO TIÊU CHUẨN NĂM 2026,5,BẢNG XẾP HẠNG TIÊU CHUẨN CHẤT LƯỢNG NGƯỜI HỌC,39,Trường Đại học Hùng Vương
https://vnur.vn/bang-xep-hang-theo-tieu-chuan-nam-2025/,BẢNG XẾP HẠNG THEO TIÊU CHUẨN NĂM 2026,5,BẢNG XẾP HẠNG TIÊU CHUẨN CHẤT LƯỢNG NGƯỜI HỌC,40,Trường Đại học Dược Hà Nội
https://vnur.vn/bang-xep-hang-theo-tieu-chuan-nam-2025/,BẢNG XẾP HẠNG THEO TIÊU CHUẨN NĂM 2026,5,BẢNG XẾP HẠNG TIÊU CHUẨN CHẤT LƯỢNG NGƯỜI HỌC,41,Trường Đại học Kỹ thuật – Công nghệ Cần Thơ
https://vnur.vn/bang-xep-hang-theo-tieu-chuan-nam-2025/,BẢNG XẾP HẠNG THEO TIÊU CHUẨN NĂM 2026,5,BẢNG XẾP HẠNG TIÊU CHUẨN CHẤT LƯỢNG NGƯỜI HỌC,42,Trường Đại học Ngân hàng TP. Hồ Chí Minh
https://vnur.vn/bang-xep-hang-theo-tieu-chuan-nam-2025/,BẢNG XẾP HẠNG THEO TIÊU CHUẨN NĂM 2026,5,BẢNG XẾP HẠNG TIÊU CHUẨN CHẤT LƯỢNG NGƯỜI HỌC,43,Trường Đại học Công đoàn
https://vnur.vn/bang-xep-hang-theo-tieu-chuan-nam-2025/,BẢNG XẾP HẠNG THEO TIÊU CHUẨN NĂM 2026,5,BẢNG XẾP HẠNG TIÊU CHUẨN CHẤT LƯỢNG NGƯỜI HỌC,44,Trường Đại học Hàng hải việt nam
https://vnur.vn/bang-xep-hang-theo-tieu-chuan-nam-2025/,BẢNG XẾP HẠNG THEO TIÊU CHUẨN NĂM 2026,5,BẢNG XẾP HẠNG TIÊU CHUẨN CHẤT LƯỢNG NGƯỜI HỌC,45,Trường Đại học Tây Nguyên
https://vnur.vn/bang-xep-hang-theo-tieu-chuan-nam-2025/,BẢNG XẾP HẠNG THEO TIÊU CHUẨN NĂM 2026,5,BẢNG XẾP HẠNG TIÊU CHUẨN CHẤT LƯỢNG NGƯỜI HỌC,46,Trường Đại học Hải Phòng
https://vnur.vn/bang-xep-hang-theo-tieu-chuan-nam-2025/,BẢNG XẾP HẠNG THEO TIÊU CHUẨN NĂM 2026,5,BẢNG XẾP HẠNG TIÊU CHUẨN CHẤT LƯỢNG NGƯỜI HỌC,47,Trường Đại học Quy Nhơn
https://vnur.vn/bang-xep-hang-theo-tieu-chuan-nam-2025/,BẢNG XẾP HẠNG THEO TIÊU CHUẨN NĂM 2026,5,BẢNG XẾP HẠNG TIÊU CHUẨN CHẤT LƯỢNG NGƯỜI HỌC,48,Đại học Đà Nẵng
https://vnur.vn/bang-xep-hang-theo-tieu-chuan-nam-2025/,BẢNG XẾP HẠNG THEO TIÊU CHUẨN NĂM 2026,5,BẢNG XẾP HẠNG TIÊU CHUẨN CHẤT LƯỢNG NGƯỜI HỌC,49,Trường Đại học FPT
https://vnur.vn/bang-xep-hang-theo-tieu-chuan-nam-2025/,BẢNG XẾP HẠNG THEO TIÊU CHUẨN NĂM 2026,5,BẢNG XẾP HẠNG TIÊU CHUẨN CHẤT LƯỢNG NGƯỜI HỌC,50,Trường Đại học Y Dược TP. Hồ Chí Minh
https://vnur.vn/bang-xep-hang-theo-tieu-chuan-nam-2025/,BẢNG XẾP HẠNG THEO TIÊU CHUẨN NĂM 2026,5,BẢNG XẾP HẠNG TIÊU CHUẨN CHẤT LƯỢNG NGƯỜI HỌC,51,Trường Đại học Y tế Công cộng
https://vnur.vn/bang-xep-hang-theo-tieu-chuan-nam-2025/,BẢNG XẾP HẠNG THEO TIÊU CHUẨN NĂM 2026,5,BẢNG XẾP HẠNG TIÊU CHUẨN CHẤT LƯỢNG NGƯỜI HỌC,52,Trường Đại học Y khoa Phạm Ngọc Thạch
https://vnur.vn/bang-xep-hang-theo-tieu-chuan-nam-2025/,BẢNG XẾP HẠNG THEO TIÊU CHUẨN NĂM 2026,5,BẢNG XẾP HẠNG TIÊU CHUẨN CHẤT LƯỢNG NGƯỜI HỌC,53,Trường Đại học Luật TP. Hồ Chí Minh
https://vnur.vn/bang-xep-hang-theo-tieu-chuan-nam-2025/,BẢNG XẾP HẠNG THEO TIÊU CHUẨN NĂM 2026,5,BẢNG XẾP HẠNG TIÊU CHUẨN CHẤT LƯỢNG NGƯỜI HỌC,54,Học viện Nông nghiệp Việt Nam
https://vnur.vn/bang-xep-hang-theo-tieu-chuan-nam-2025/,BẢNG XẾP HẠNG THEO TIÊU CHUẨN NĂM 2026,5,BẢNG XẾP HẠNG TIÊU CHUẨN CHẤT LƯỢNG NGƯỜI HỌC,55,Trường Đại học Quốc tế Hồng Bàng
https://vnur.vn/bang-xep-hang-theo-tieu-chuan-nam-2025/,BẢNG XẾP HẠNG THEO TIÊU CHUẨN NĂM 2026,5,BẢNG XẾP HẠNG TIÊU CHUẨN CHẤT LƯỢNG NGƯỜI HỌC,56,Trường Đại học Công thương TP. Hồ Chí Minh
https://vnur.vn/bang-xep-hang-theo-tieu-chuan-nam-2025/,BẢNG XẾP HẠNG THEO TIÊU CHUẨN NĂM 2026,5,BẢNG XẾP HẠNG TIÊU CHUẨN CHẤT LƯỢNG NGƯỜI HỌC,57,Trường Đại học Nha Trang
https://vnur.vn/bang-xep-hang-theo-tieu-chuan-nam-2025/,BẢNG XẾP HẠNG THEO TIÊU CHUẨN NĂM 2026,5,BẢNG XẾP HẠNG TIÊU CHUẨN CHẤT LƯỢNG NGƯỜI HỌC,58,Đại học Công nghiệp Hà Nội
https://vnur.vn/bang-xep-hang-theo-tieu-chuan-nam-2025/,BẢNG XẾP HẠNG THEO TIÊU CHUẨN NĂM 2026,5,BẢNG XẾP HẠNG TIÊU CHUẨN CHẤT LƯỢNG NGƯỜI HỌC,59,Trường Đại học Khoa học và Công nghệ Hà Nội
https://vnur.vn/bang-xep-hang-theo-tieu-chuan-nam-2025/,BẢNG XẾP HẠNG THEO TIÊU CHUẨN NĂM 2026,5,BẢNG XẾP HẠNG TIÊU CHUẨN CHẤT LƯỢNG NGƯỜI HỌC,60,Trường Đại học Thăng Long
https://vnur.vn/bang-xep-hang-theo-tieu-chuan-nam-2025/,BẢNG XẾP HẠNG THEO TIÊU CHUẨN NĂM 2026,5,BẢNG XẾP HẠNG TIÊU CHUẨN CHẤT LƯỢNG NGƯỜI HỌC,61,Trường Đại học Mở Hà Nội
https://vnur.vn/bang-xep-hang-theo-tieu-chuan-nam-2025/,BẢNG XẾP HẠNG THEO TIÊU CHUẨN NĂM 2026,5,BẢNG XẾP HẠNG TIÊU CHUẨN CHẤT LƯỢNG NGƯỜI HỌC,62,Trường Đại học Hồng Đức
https://vnur.vn/bang-xep-hang-theo-tieu-chuan-nam-2025/,BẢNG XẾP HẠNG THEO TIÊU CHUẨN NĂM 2026,5,BẢNG XẾP HẠNG TIÊU CHUẨN CHẤT LƯỢNG NGƯỜI HỌC,63,Trường Đại học Thuỷ Lợi
https://vnur.vn/bang-xep-hang-theo-tieu-chuan-nam-2025/,BẢNG XẾP HẠNG THEO TIÊU CHUẨN NĂM 2026,5,BẢNG XẾP HẠNG TIÊU CHUẨN CHẤT LƯỢNG NGƯỜI HỌC,64,Trường Đại học Kỹ thuật Y – Dược Đà Nẵng
https://vnur.vn/bang-xep-hang-theo-tieu-chuan-nam-2025/,BẢNG XẾP HẠNG THEO TIÊU CHUẨN NĂM 2026,5,BẢNG XẾP HẠNG TIÊU CHUẨN CHẤT LƯỢNG NGƯỜI HỌC,65,Trường Đại học Kiến trúc TP. Hồ Chí Minh
https://vnur.vn/bang-xep-hang-theo-tieu-chuan-nam-2025/,BẢNG XẾP HẠNG THEO TIÊU CHUẨN NĂM 2026,5,BẢNG XẾP HẠNG TIÊU CHUẨN CHẤT LƯỢNG NGƯỜI HỌC,66,Đại học Phenikaa
https://vnur.vn/bang-xep-hang-theo-tieu-chuan-nam-2025/,BẢNG XẾP HẠNG THEO TIÊU CHUẨN NĂM 2026,5,BẢNG XẾP HẠNG TIÊU CHUẨN CHẤT LƯỢNG NGƯỜI HỌC,67,Trường Đại học thủ dầu một
https://vnur.vn/bang-xep-hang-theo-tieu-chuan-nam-2025/,BẢNG XẾP HẠNG THEO TIÊU CHUẨN NĂM 2026,5,BẢNG XẾP HẠNG TIÊU CHUẨN CHẤT LƯỢNG NGƯỜI HỌC,68,Trường Đại học Điện lực
https://vnur.vn/bang-xep-hang-theo-tieu-chuan-nam-2025/,BẢNG XẾP HẠNG THEO TIÊU CHUẨN NĂM 2026,5,BẢNG XẾP HẠNG TIÊU CHUẨN CHẤT LƯỢNG NGƯỜI HỌC,69,Học viện Phụ nữ Việt Nam
https://vnur.vn/bang-xep-hang-theo-tieu-chuan-nam-2025/,BẢNG XẾP HẠNG THEO TIÊU CHUẨN NĂM 2026,5,BẢNG XẾP HẠNG TIÊU CHUẨN CHẤT LƯỢNG NGƯỜI HỌC,70,Trường Đại học Y Dược Thái Bình
https://vnur.vn/bang-xep-hang-theo-tieu-chuan-nam-2025/,BẢNG XẾP HẠNG THEO TIÊU CHUẨN NĂM 2026,5,BẢNG XẾP HẠNG TIÊU CHUẨN CHẤT LƯỢNG NGƯỜI HỌC,71,Đại học Cần Thơ
https://vnur.vn/bang-xep-hang-theo-tieu-chuan-nam-2025/,BẢNG XẾP HẠNG THEO TIÊU CHUẨN NĂM 2026,5,BẢNG XẾP HẠNG TIÊU CHUẨN CHẤT LƯỢNG NGƯỜI HỌC,72,Trường Đại học Đà Lạt
https://vnur.vn/bang-xep-hang-theo-tieu-chuan-nam-2025/,BẢNG XẾP HẠNG THEO TIÊU CHUẨN NĂM 2026,5,BẢNG XẾP HẠNG TIÊU CHUẨN CHẤT LƯỢNG NGƯỜI HỌC,73,Trường Đại học Tài nguyên và Môi trường Hà Nội
https://vnur.vn/bang-xep-hang-theo-tieu-chuan-nam-2025/,BẢNG XẾP HẠNG THEO TIÊU CHUẨN NĂM 2026,5,BẢNG XẾP HẠNG TIÊU CHUẨN CHẤT LƯỢNG NGƯỜI HỌC,74,Trường Đại học Y Dược Cần Thơ
https://vnur.vn/bang-xep-hang-theo-tieu-chuan-nam-2025/,BẢNG XẾP HẠNG THEO TIÊU CHUẨN NĂM 2026,5,BẢNG XẾP HẠNG TIÊU CHUẨN CHẤT LƯỢNG NGƯỜI HỌC,75,Trường Đại học Y Hà Nội
https://vnur.vn/bang-xep-hang-theo-tieu-chuan-nam-2025/,BẢNG XẾP HẠNG THEO TIÊU CHUẨN NĂM 2026,5,BẢNG XẾP HẠNG TIÊU CHUẨN CHẤT LƯỢNG NGƯỜI HỌC,76,Đại học Thái Nguyên
https://vnur.vn/bang-xep-hang-theo-tieu-chuan-nam-2025/,BẢNG XẾP HẠNG THEO TIÊU CHUẨN NĂM 2026,5,BẢNG XẾP HẠNG TIÊU CHUẨN CHẤT LƯỢNG NGƯỜI HỌC,77,Trường Đại học Văn Hiến
https://vnur.vn/bang-xep-hang-theo-tieu-chuan-nam-2025/,BẢNG XẾP HẠNG THEO TIÊU CHUẨN NĂM 2026,5,BẢNG XẾP HẠNG TIÊU CHUẨN CHẤT LƯỢNG NGƯỜI HỌC,78,Trường Đại học Tân Trào
https://vnur.vn/bang-xep-hang-theo-tieu-chuan-nam-2025/,BẢNG XẾP HẠNG THEO TIÊU CHUẨN NĂM 2026,5,BẢNG XẾP HẠNG TIÊU CHUẨN CHẤT LƯỢNG NGƯỜI HỌC,79,Đại học Huế
https://vnur.vn/bang-xep-hang-theo-tieu-chuan-nam-2025/,BẢNG XẾP HẠNG THEO TIÊU CHUẨN NĂM 2026,5,BẢNG XẾP HẠNG TIÊU CHUẨN CHẤT LƯỢNG NGƯỜI HỌC,80,Trường Đại học Công nghệ TP. Hồ Chí Minh
https://vnur.vn/bang-xep-hang-theo-tieu-chuan-nam-2025/,BẢNG XẾP HẠNG THEO TIÊU CHUẨN NĂM 2026,5,BẢNG XẾP HẠNG TIÊU CHUẨN CHẤT LƯỢNG NGƯỜI HỌC,81,Trường Đại học Mỏ – Địa chất
https://vnur.vn/bang-xep-hang-theo-tieu-chuan-nam-2025/,BẢNG XẾP HẠNG THEO TIÊU CHUẨN NĂM 2026,5,BẢNG XẾP HẠNG TIÊU CHUẨN CHẤT LƯỢNG NGƯỜI HỌC,82,Trường Đại học Công nghệ Đồng Nai
https://vnur.vn/bang-xep-hang-theo-tieu-chuan-nam-2025/,BẢNG XẾP HẠNG THEO TIÊU CHUẨN NĂM 2026,5,BẢNG XẾP HẠNG TIÊU CHUẨN CHẤT LƯỢNG NGƯỜI HỌC,83,Trường Đại học Mở TP. Hồ Chí Minh
https://vnur.vn/bang-xep-hang-theo-tieu-chuan-nam-2025/,BẢNG XẾP HẠNG THEO TIÊU CHUẨN NĂM 2026,5,BẢNG XẾP HẠNG TIÊU CHUẨN CHẤT LƯỢNG NGƯỜI HỌC,84,Trường Đại học Kiên Giang
https://vnur.vn/bang-xep-hang-theo-tieu-chuan-nam-2025/,BẢNG XẾP HẠNG THEO TIÊU CHUẨN NĂM 2026,5,BẢNG XẾP HẠNG TIÊU CHUẨN CHẤT LƯỢNG NGƯỜI HỌC,85,Trường Đại học Sư phạm Kỹ thuật Hưng Yên
https://vnur.vn/bang-xep-hang-theo-tieu-chuan-nam-2025/,BẢNG XẾP HẠNG THEO TIÊU CHUẨN NĂM 2026,5,BẢNG XẾP HẠNG TIÊU CHUẨN CHẤT LƯỢNG NGƯỜI HỌC,86,Trường Đại học Lao động – Xã hội
https://vnur.vn/bang-xep-hang-theo-tieu-chuan-nam-2025/,BẢNG XẾP HẠNG THEO TIÊU CHUẨN NĂM 2026,5,BẢNG XẾP HẠNG TIÊU CHUẨN CHẤT LƯỢNG NGƯỜI HỌC,87,Trường Đại học Sư phạm Kỹ thuật Vinh
https://vnur.vn/bang-xep-hang-theo-tieu-chuan-nam-2025/,BẢNG XẾP HẠNG THEO TIÊU CHUẨN NĂM 2026,5,BẢNG XẾP HẠNG TIÊU CHUẨN CHẤT LƯỢNG NGƯỜI HỌC,88,"Trường Đại học Văn hoá, Thể thao và Du lịch Thanh Hoá"
https://vnur.vn/bang-xep-hang-theo-tieu-chuan-nam-2025/,BẢNG XẾP HẠNG THEO TIÊU CHUẨN NĂM 2026,5,BẢNG XẾP HẠNG TIÊU CHUẨN CHẤT LƯỢNG NGƯỜI HỌC,89,Trường Đại học Hoa Sen
https://vnur.vn/bang-xep-hang-theo-tieu-chuan-nam-2025/,BẢNG XẾP HẠNG THEO TIÊU CHUẨN NĂM 2026,5,BẢNG XẾP HẠNG TIÊU CHUẨN CHẤT LƯỢNG NGƯỜI HỌC,90,Trường Đại học Lâm nghiệp
https://vnur.vn/bang-xep-hang-theo-tieu-chuan-nam-2025/,BẢNG XẾP HẠNG THEO TIÊU CHUẨN NĂM 2026,5,BẢNG XẾP HẠNG TIÊU CHUẨN CHẤT LƯỢNG NGƯỜI HỌC,91,Trường Đại học Công nghiệp Việt – Hung
https://vnur.vn/bang-xep-hang-theo-tieu-chuan-nam-2025/,BẢNG XẾP HẠNG THEO TIÊU CHUẨN NĂM 2026,5,BẢNG XẾP HẠNG TIÊU CHUẨN CHẤT LƯỢNG NGƯỜI HỌC,92,Trường Đại học Đông Á
https://vnur.vn/bang-xep-hang-theo-tieu-chuan-nam-2025/,BẢNG XẾP HẠNG THEO TIÊU CHUẨN NĂM 2026,5,BẢNG XẾP HẠNG TIÊU CHUẨN CHẤT LƯỢNG NGƯỜI HỌC,93,Trường Đại học Trà Vinh
https://vnur.vn/bang-xep-hang-theo-tieu-chuan-nam-2025/,BẢNG XẾP HẠNG THEO TIÊU CHUẨN NĂM 2026,5,BẢNG XẾP HẠNG TIÊU CHUẨN CHẤT LƯỢNG NGƯỜI HỌC,94,Trường Đại học Tây Đô
https://vnur.vn/bang-xep-hang-theo-tieu-chuan-nam-2025/,BẢNG XẾP HẠNG THEO TIÊU CHUẨN NĂM 2026,5,BẢNG XẾP HẠNG TIÊU CHUẨN CHẤT LƯỢNG NGƯỜI HỌC,95,Trường Đại học Lạc Hồng
https://vnur.vn/bang-xep-hang-theo-tieu-chuan-nam-2025/,BẢNG XẾP HẠNG THEO TIÊU CHUẨN NĂM 2026,5,BẢNG XẾP HẠNG TIÊU CHUẨN CHẤT LƯỢNG NGƯỜI HỌC,96,Trường Đại học Văn Lang
https://vnur.vn/bang-xep-hang-theo-tieu-chuan-nam-2025/,BẢNG XẾP HẠNG THEO TIÊU CHUẨN NĂM 2026,5,BẢNG XẾP HẠNG TIÊU CHUẨN CHẤT LƯỢNG NGƯỜI HỌC,97,Đại học Duy Tân
https://vnur.vn/bang-xep-hang-theo-tieu-chuan-nam-2025/,BẢNG XẾP HẠNG THEO TIÊU CHUẨN NĂM 2026,5,BẢNG XẾP HẠNG TIÊU CHUẨN CHẤT LƯỢNG NGƯỜI HỌC,98,Trường Đại học Nam Cần Thơ
https://vnur.vn/bang-xep-hang-theo-tieu-chuan-nam-2025/,BẢNG XẾP HẠNG THEO TIÊU CHUẨN NĂM 2026,5,BẢNG XẾP HẠNG TIÊU CHUẨN CHẤT LƯỢNG NGƯỜI HỌC,99,Trường Đại học Kinh tế – Kỹ thuật Bình Dương
https://vnur.vn/bang-xep-hang-theo-tieu-chuan-nam-2025/,BẢNG XẾP HẠNG THEO TIÊU CHUẨN NĂM 2026,5,BẢNG XẾP HẠNG TIÊU CHUẨN CHẤT LƯỢNG NGƯỜI HỌC,100,Trường Đại học Nguyễn Tất Thành
https://vnur.vn/bang-xep-hang-theo-tieu-chuan-nam-2025/,BẢNG XẾP HẠNG THEO TIÊU CHUẨN NĂM 2026,6,BẢNG XẾP HẠNG TIÊU CHUẨN CƠ SỞ VẬT CHẤT,1,Đại học Quốc gia TP. Hồ Chí Minh
https://vnur.vn/bang-xep-hang-theo-tieu-chuan-nam-2025/,BẢNG XẾP HẠNG THEO TIÊU CHUẨN NĂM 2026,6,BẢNG XẾP HẠNG TIÊU CHUẨN CƠ SỞ VẬT CHẤT,2,Đại học Bách khoa Hà Nội
https://vnur.vn/bang-xep-hang-theo-tieu-chuan-nam-2025/,BẢNG XẾP HẠNG THEO TIÊU CHUẨN NĂM 2026,6,BẢNG XẾP HẠNG TIÊU CHUẨN CƠ SỞ VẬT CHẤT,3,Đại học Kinh tế TP. Hồ Chí Minh
https://vnur.vn/bang-xep-hang-theo-tieu-chuan-nam-2025/,BẢNG XẾP HẠNG THEO TIÊU CHUẨN NĂM 2026,6,BẢNG XẾP HẠNG TIÊU CHUẨN CƠ SỞ VẬT CHẤT,4,Đại học Thái Nguyên
https://vnur.vn/bang-xep-hang-theo-tieu-chuan-nam-2025/,BẢNG XẾP HẠNG THEO TIÊU CHUẨN NĂM 2026,6,BẢNG XẾP HẠNG TIÊU CHUẨN CƠ SỞ VẬT CHẤT,5,Đại học Quốc gia Hà Nội
https://vnur.vn/bang-xep-hang-theo-tieu-chuan-nam-2025/,BẢNG XẾP HẠNG THEO TIÊU CHUẨN NĂM 2026,6,BẢNG XẾP HẠNG TIÊU CHUẨN CƠ SỞ VẬT CHẤT,6,Trường Đại học Y Dược TP. Hồ Chí Minh
https://vnur.vn/bang-xep-hang-theo-tieu-chuan-nam-2025/,BẢNG XẾP HẠNG THEO TIÊU CHUẨN NĂM 2026,6,BẢNG XẾP HẠNG TIÊU CHUẨN CƠ SỞ VẬT CHẤT,7,Trường Đại học Thương Mại
https://vnur.vn/bang-xep-hang-theo-tieu-chuan-nam-2025/,BẢNG XẾP HẠNG THEO TIÊU CHUẨN NĂM 2026,6,BẢNG XẾP HẠNG TIÊU CHUẨN CƠ SỞ VẬT CHẤT,8,Trường Đại học Luật TP. Hồ Chí Minh
https://vnur.vn/bang-xep-hang-theo-tieu-chuan-nam-2025/,BẢNG XẾP HẠNG THEO TIÊU CHUẨN NĂM 2026,6,BẢNG XẾP HẠNG TIÊU CHUẨN CƠ SỞ VẬT CHẤT,9,Trường Đại học Đông Á
https://vnur.vn/bang-xep-hang-theo-tieu-chuan-nam-2025/,BẢNG XẾP HẠNG THEO TIÊU CHUẨN NĂM 2026,6,BẢNG XẾP HẠNG TIÊU CHUẨN CƠ SỞ VẬT CHẤT,10,Đại học Huế
https://vnur.vn/bang-xep-hang-theo-tieu-chuan-nam-2025/,BẢNG XẾP HẠNG THEO TIÊU CHUẨN NĂM 2026,6,BẢNG XẾP HẠNG TIÊU CHUẨN CƠ SỞ VẬT CHẤT,11,Trường Đại học Sư phạm Hà Nội
https://vnur.vn/bang-xep-hang-theo-tieu-chuan-nam-2025/,BẢNG XẾP HẠNG THEO TIÊU CHUẨN NĂM 2026,6,BẢNG XẾP HẠNG TIÊU CHUẨN CƠ SỞ VẬT CHẤT,12,Đại học Công nghiệp Hà Nội
https://vnur.vn/bang-xep-hang-theo-tieu-chuan-nam-2025/,BẢNG XẾP HẠNG THEO TIÊU CHUẨN NĂM 2026,6,BẢNG XẾP HẠNG TIÊU CHUẨN CƠ SỞ VẬT CHẤT,13,Trường Đại học Hồng Đức
https://vnur.vn/bang-xep-hang-theo-tieu-chuan-nam-2025/,BẢNG XẾP HẠNG THEO TIÊU CHUẨN NĂM 2026,6,BẢNG XẾP HẠNG TIÊU CHUẨN CƠ SỞ VẬT CHẤT,14,Trường Đại học Lâm nghiệp
https://vnur.vn/bang-xep-hang-theo-tieu-chuan-nam-2025/,BẢNG XẾP HẠNG THEO TIÊU CHUẨN NĂM 2026,6,BẢNG XẾP HẠNG TIÊU CHUẨN CƠ SỞ VẬT CHẤT,15,Đại học Phenikaa
https://vnur.vn/bang-xep-hang-theo-tieu-chuan-nam-2025/,BẢNG XẾP HẠNG THEO TIÊU CHUẨN NĂM 2026,6,BẢNG XẾP HẠNG TIÊU CHUẨN CƠ SỞ VẬT CHẤT,16,Trường Đại học Y Hà Nội
https://vnur.vn/bang-xep-hang-theo-tieu-chuan-nam-2025/,BẢNG XẾP HẠNG THEO TIÊU CHUẨN NĂM 2026,6,BẢNG XẾP HẠNG TIÊU CHUẨN CƠ SỞ VẬT CHẤT,17,Trường Đại học Công nghệ Đồng Nai
https://vnur.vn/bang-xep-hang-theo-tieu-chuan-nam-2025/,BẢNG XẾP HẠNG THEO TIÊU CHUẨN NĂM 2026,6,BẢNG XẾP HẠNG TIÊU CHUẨN CƠ SỞ VẬT CHẤT,18,Trường Đại học Y Dược Hải Phòng
https://vnur.vn/bang-xep-hang-theo-tieu-chuan-nam-2025/,BẢNG XẾP HẠNG THEO TIÊU CHUẨN NĂM 2026,6,BẢNG XẾP HẠNG TIÊU CHUẨN CƠ SỞ VẬT CHẤT,19,Đại học Kinh tế Quốc dân
https://vnur.vn/bang-xep-hang-theo-tieu-chuan-nam-2025/,BẢNG XẾP HẠNG THEO TIÊU CHUẨN NĂM 2026,6,BẢNG XẾP HẠNG TIÊU CHUẨN CƠ SỞ VẬT CHẤT,20,Trường Đại học Công đoàn
https://vnur.vn/bang-xep-hang-theo-tieu-chuan-nam-2025/,BẢNG XẾP HẠNG THEO TIÊU CHUẨN NĂM 2026,6,BẢNG XẾP HẠNG TIÊU CHUẨN CƠ SỞ VẬT CHẤT,21,Trường Đại học Kỹ thuật y tế Hải Dương
https://vnur.vn/bang-xep-hang-theo-tieu-chuan-nam-2025/,BẢNG XẾP HẠNG THEO TIÊU CHUẨN NĂM 2026,6,BẢNG XẾP HẠNG TIÊU CHUẨN CƠ SỞ VẬT CHẤT,22,Trường Đại học Thủ đô Hà Nội
https://vnur.vn/bang-xep-hang-theo-tieu-chuan-nam-2025/,BẢNG XẾP HẠNG THEO TIÊU CHUẨN NĂM 2026,6,BẢNG XẾP HẠNG TIÊU CHUẨN CƠ SỞ VẬT CHẤT,23,Trường Đại học Thể dục Thể thao TP. Hồ Chí Minh
https://vnur.vn/bang-xep-hang-theo-tieu-chuan-nam-2025/,BẢNG XẾP HẠNG THEO TIÊU CHUẨN NĂM 2026,6,BẢNG XẾP HẠNG TIÊU CHUẨN CƠ SỞ VẬT CHẤT,24,Trường Đại học Hùng Vương
https://vnur.vn/bang-xep-hang-theo-tieu-chuan-nam-2025/,BẢNG XẾP HẠNG THEO TIÊU CHUẨN NĂM 2026,6,BẢNG XẾP HẠNG TIÊU CHUẨN CƠ SỞ VẬT CHẤT,25,Trường Đại học Tây Đô
https://vnur.vn/bang-xep-hang-theo-tieu-chuan-nam-2025/,BẢNG XẾP HẠNG THEO TIÊU CHUẨN NĂM 2026,6,BẢNG XẾP HẠNG TIÊU CHUẨN CƠ SỞ VẬT CHẤT,26,Trường Đại học Thể dục Thể thao Đà Nẵng
https://vnur.vn/bang-xep-hang-theo-tieu-chuan-nam-2025/,BẢNG XẾP HẠNG THEO TIÊU CHUẨN NĂM 2026,6,BẢNG XẾP HẠNG TIÊU CHUẨN CƠ SỞ VẬT CHẤT,27,Trường Đại học Mỹ thuật TP. Hồ Chí Minh
https://vnur.vn/bang-xep-hang-theo-tieu-chuan-nam-2025/,BẢNG XẾP HẠNG THEO TIÊU CHUẨN NĂM 2026,6,BẢNG XẾP HẠNG TIÊU CHUẨN CƠ SỞ VẬT CHẤT,28,Trường Đại học Kiểm sát Hà Nội
https://vnur.vn/bang-xep-hang-theo-tieu-chuan-nam-2025/,BẢNG XẾP HẠNG THEO TIÊU CHUẨN NĂM 2026,6,BẢNG XẾP HẠNG TIÊU CHUẨN CƠ SỞ VẬT CHẤT,29,Trường Đại học Khoa học và Công nghệ Hà Nội
https://vnur.vn/bang-xep-hang-theo-tieu-chuan-nam-2025/,BẢNG XẾP HẠNG THEO TIÊU CHUẨN NĂM 2026,6,BẢNG XẾP HẠNG TIÊU CHUẨN CƠ SỞ VẬT CHẤT,30,Trường Đại học Kiên Giang
https://vnur.vn/bang-xep-hang-theo-tieu-chuan-nam-2025/,BẢNG XẾP HẠNG THEO TIÊU CHUẨN NĂM 2026,6,BẢNG XẾP HẠNG TIÊU CHUẨN CƠ SỞ VẬT CHẤT,31,Trường Đại học Sư phạm Kỹ thuật Vinh
https://vnur.vn/bang-xep-hang-theo-tieu-chuan-nam-2025/,BẢNG XẾP HẠNG THEO TIÊU CHUẨN NĂM 2026,6,BẢNG XẾP HẠNG TIÊU CHUẨN CƠ SỞ VẬT CHẤT,32,"Trường Đại học Văn hoá, Thể thao và Du lịch Thanh Hoá"
https://vnur.vn/bang-xep-hang-theo-tieu-chuan-nam-2025/,BẢNG XẾP HẠNG THEO TIÊU CHUẨN NĂM 2026,6,BẢNG XẾP HẠNG TIÊU CHUẨN CƠ SỞ VẬT CHẤT,33,Trường Đại học Công nghiệp Việt – Hung
https://vnur.vn/bang-xep-hang-theo-tieu-chuan-nam-2025/,BẢNG XẾP HẠNG THEO TIÊU CHUẨN NĂM 2026,6,BẢNG XẾP HẠNG TIÊU CHUẨN CƠ SỞ VẬT CHẤT,34,Trường Đại học Nam Cần Thơ
https://vnur.vn/bang-xep-hang-theo-tieu-chuan-nam-2025/,BẢNG XẾP HẠNG THEO TIÊU CHUẨN NĂM 2026,6,BẢNG XẾP HẠNG TIÊU CHUẨN CƠ SỞ VẬT CHẤT,35,Trường Đại học Kinh tế – Kỹ thuật Bình Dương
https://vnur.vn/bang-xep-hang-theo-tieu-chuan-nam-2025/,BẢNG XẾP HẠNG THEO TIÊU CHUẨN NĂM 2026,6,BẢNG XẾP HẠNG TIÊU CHUẨN CƠ SỞ VẬT CHẤT,36,Trường Đại học Trà Vinh
https://vnur.vn/bang-xep-hang-theo-tieu-chuan-nam-2025/,BẢNG XẾP HẠNG THEO TIÊU CHUẨN NĂM 2026,6,BẢNG XẾP HẠNG TIÊU CHUẨN CƠ SỞ VẬT CHẤT,37,Trường Đại học Lạc Hồng
https://vnur.vn/bang-xep-hang-theo-tieu-chuan-nam-2025/,BẢNG XẾP HẠNG THEO TIÊU CHUẨN NĂM 2026,6,BẢNG XẾP HẠNG TIÊU CHUẨN CƠ SỞ VẬT CHẤT,38,Trường Đại học Tân Trào
https://vnur.vn/bang-xep-hang-theo-tieu-chuan-nam-2025/,BẢNG XẾP HẠNG THEO TIÊU CHUẨN NĂM 2026,6,BẢNG XẾP HẠNG TIÊU CHUẨN CƠ SỞ VẬT CHẤT,39,Học viện Nông nghiệp Việt Nam
https://vnur.vn/bang-xep-hang-theo-tieu-chuan-nam-2025/,BẢNG XẾP HẠNG THEO TIÊU CHUẨN NĂM 2026,6,BẢNG XẾP HẠNG TIÊU CHUẨN CƠ SỞ VẬT CHẤT,40,Trường Đại học Quốc tế Hồng Bàng
https://vnur.vn/bang-xep-hang-theo-tieu-chuan-nam-2025/,BẢNG XẾP HẠNG THEO TIÊU CHUẨN NĂM 2026,6,BẢNG XẾP HẠNG TIÊU CHUẨN CƠ SỞ VẬT CHẤT,41,Trường Đại học Y tế Công cộng
https://vnur.vn/bang-xep-hang-theo-tieu-chuan-nam-2025/,BẢNG XẾP HẠNG THEO TIÊU CHUẨN NĂM 2026,6,BẢNG XẾP HẠNG TIÊU CHUẨN CƠ SỞ VẬT CHẤT,42,Trường Đại học Kinh tế Kỹ thuật công nghiệp
https://vnur.vn/bang-xep-hang-theo-tieu-chuan-nam-2025/,BẢNG XẾP HẠNG THEO TIÊU CHUẨN NĂM 2026,6,BẢNG XẾP HẠNG TIÊU CHUẨN CƠ SỞ VẬT CHẤT,43,Trường Đại học Kỹ thuật Y – Dược Đà Nẵng
https://vnur.vn/bang-xep-hang-theo-tieu-chuan-nam-2025/,BẢNG XẾP HẠNG THEO TIÊU CHUẨN NĂM 2026,6,BẢNG XẾP HẠNG TIÊU CHUẨN CƠ SỞ VẬT CHẤT,44,Trường Đại học Y khoa Phạm Ngọc Thạch
https://vnur.vn/bang-xep-hang-theo-tieu-chuan-nam-2025/,BẢNG XẾP HẠNG THEO TIÊU CHUẨN NĂM 2026,6,BẢNG XẾP HẠNG TIÊU CHUẨN CƠ SỞ VẬT CHẤT,45,Học viện Hàng không Việt Nam
https://vnur.vn/bang-xep-hang-theo-tieu-chuan-nam-2025/,BẢNG XẾP HẠNG THEO TIÊU CHUẨN NĂM 2026,6,BẢNG XẾP HẠNG TIÊU CHUẨN CƠ SỞ VẬT CHẤT,46,Trường Đại học Sư phạm Hà Nội 2
https://vnur.vn/bang-xep-hang-theo-tieu-chuan-nam-2025/,BẢNG XẾP HẠNG THEO TIÊU CHUẨN NĂM 2026,6,BẢNG XẾP HẠNG TIÊU CHUẨN CƠ SỞ VẬT CHẤT,47,Đại học Cần Thơ
https://vnur.vn/bang-xep-hang-theo-tieu-chuan-nam-2025/,BẢNG XẾP HẠNG THEO TIÊU CHUẨN NĂM 2026,6,BẢNG XẾP HẠNG TIÊU CHUẨN CƠ SỞ VẬT CHẤT,48,Đại học Đà Nẵng
https://vnur.vn/bang-xep-hang-theo-tieu-chuan-nam-2025/,BẢNG XẾP HẠNG THEO TIÊU CHUẨN NĂM 2026,6,BẢNG XẾP HẠNG TIÊU CHUẨN CƠ SỞ VẬT CHẤT,49,Trường Đại học Hải Phòng
https://vnur.vn/bang-xep-hang-theo-tieu-chuan-nam-2025/,BẢNG XẾP HẠNG THEO TIÊU CHUẨN NĂM 2026,6,BẢNG XẾP HẠNG TIÊU CHUẨN CƠ SỞ VẬT CHẤT,50,Trường Đại học Luật Hà Nội
https://vnur.vn/bang-xep-hang-theo-tieu-chuan-nam-2025/,BẢNG XẾP HẠNG THEO TIÊU CHUẨN NĂM 2026,6,BẢNG XẾP HẠNG TIÊU CHUẨN CƠ SỞ VẬT CHẤT,51,Trường Đại học Sư phạm Kỹ thuật Hưng Yên
https://vnur.vn/bang-xep-hang-theo-tieu-chuan-nam-2025/,BẢNG XẾP HẠNG THEO TIÊU CHUẨN NĂM 2026,6,BẢNG XẾP HẠNG TIÊU CHUẨN CƠ SỞ VẬT CHẤT,52,Học viện Chính sách và Phát triển
https://vnur.vn/bang-xep-hang-theo-tieu-chuan-nam-2025/,BẢNG XẾP HẠNG THEO TIÊU CHUẨN NĂM 2026,6,BẢNG XẾP HẠNG TIÊU CHUẨN CƠ SỞ VẬT CHẤT,53,Trường Đại học Mỏ – Địa chất
https://vnur.vn/bang-xep-hang-theo-tieu-chuan-nam-2025/,BẢNG XẾP HẠNG THEO TIÊU CHUẨN NĂM 2026,6,BẢNG XẾP HẠNG TIÊU CHUẨN CƠ SỞ VẬT CHẤT,54,Trường Đại học Tây Nguyên
https://vnur.vn/bang-xep-hang-theo-tieu-chuan-nam-2025/,BẢNG XẾP HẠNG THEO TIÊU CHUẨN NĂM 2026,6,BẢNG XẾP HẠNG TIÊU CHUẨN CƠ SỞ VẬT CHẤT,55,Trường Đại học Vinh
https://vnur.vn/bang-xep-hang-theo-tieu-chuan-nam-2025/,BẢNG XẾP HẠNG THEO TIÊU CHUẨN NĂM 2026,6,BẢNG XẾP HẠNG TIÊU CHUẨN CƠ SỞ VẬT CHẤT,56,Học viện Quản lý Giáo dục
https://vnur.vn/bang-xep-hang-theo-tieu-chuan-nam-2025/,BẢNG XẾP HẠNG THEO TIÊU CHUẨN NĂM 2026,6,BẢNG XẾP HẠNG TIÊU CHUẨN CƠ SỞ VẬT CHẤT,57,Trường Đại học Sư phạm TP. Hồ Chí Minh
https://vnur.vn/bang-xep-hang-theo-tieu-chuan-nam-2025/,BẢNG XẾP HẠNG THEO TIÊU CHUẨN NĂM 2026,6,BẢNG XẾP HẠNG TIÊU CHUẨN CƠ SỞ VẬT CHẤT,58,Học viện Ngân hàng
https://vnur.vn/bang-xep-hang-theo-tieu-chuan-nam-2025/,BẢNG XẾP HẠNG THEO TIÊU CHUẨN NĂM 2026,6,BẢNG XẾP HẠNG TIÊU CHUẨN CƠ SỞ VẬT CHẤT,59,Trường Đại học Hàng hải việt nam
https://vnur.vn/bang-xep-hang-theo-tieu-chuan-nam-2025/,BẢNG XẾP HẠNG THEO TIÊU CHUẨN NĂM 2026,6,BẢNG XẾP HẠNG TIÊU CHUẨN CƠ SỞ VẬT CHẤT,60,Trường Đại học Dược Hà Nội
https://vnur.vn/bang-xep-hang-theo-tieu-chuan-nam-2025/,BẢNG XẾP HẠNG THEO TIÊU CHUẨN NĂM 2026,6,BẢNG XẾP HẠNG TIÊU CHUẨN CƠ SỞ VẬT CHẤT,61,Trường Đại học Văn Lang
https://vnur.vn/bang-xep-hang-theo-tieu-chuan-nam-2025/,BẢNG XẾP HẠNG THEO TIÊU CHUẨN NĂM 2026,6,BẢNG XẾP HẠNG TIÊU CHUẨN CƠ SỞ VẬT CHẤT,62,Trường Đại học Công nghiệp TP. Hồ Chí Minh
https://vnur.vn/bang-xep-hang-theo-tieu-chuan-nam-2025/,BẢNG XẾP HẠNG THEO TIÊU CHUẨN NĂM 2026,6,BẢNG XẾP HẠNG TIÊU CHUẨN CƠ SỞ VẬT CHẤT,63,Trường Đại học Sư phạm Kỹ thuật TP. Hồ Chí Minh
https://vnur.vn/bang-xep-hang-theo-tieu-chuan-nam-2025/,BẢNG XẾP HẠNG THEO TIÊU CHUẨN NĂM 2026,6,BẢNG XẾP HẠNG TIÊU CHUẨN CƠ SỞ VẬT CHẤT,64,Trường Đại học Ngân hàng TP. Hồ Chí Minh
https://vnur.vn/bang-xep-hang-theo-tieu-chuan-nam-2025/,BẢNG XẾP HẠNG THEO TIÊU CHUẨN NĂM 2026,6,BẢNG XẾP HẠNG TIÊU CHUẨN CƠ SỞ VẬT CHẤT,65,Trường Đại học Văn hoá Hà Nội
https://vnur.vn/bang-xep-hang-theo-tieu-chuan-nam-2025/,BẢNG XẾP HẠNG THEO TIÊU CHUẨN NĂM 2026,6,BẢNG XẾP HẠNG TIÊU CHUẨN CƠ SỞ VẬT CHẤT,66,Học viện Phụ nữ Việt Nam
https://vnur.vn/bang-xep-hang-theo-tieu-chuan-nam-2025/,BẢNG XẾP HẠNG THEO TIÊU CHUẨN NĂM 2026,6,BẢNG XẾP HẠNG TIÊU CHUẨN CƠ SỞ VẬT CHẤT,67,Học viện Tài chính
https://vnur.vn/bang-xep-hang-theo-tieu-chuan-nam-2025/,BẢNG XẾP HẠNG THEO TIÊU CHUẨN NĂM 2026,6,BẢNG XẾP HẠNG TIÊU CHUẨN CƠ SỞ VẬT CHẤT,68,Trường Đại học Ngoại Thương
https://vnur.vn/bang-xep-hang-theo-tieu-chuan-nam-2025/,BẢNG XẾP HẠNG THEO TIÊU CHUẨN NĂM 2026,6,BẢNG XẾP HẠNG TIÊU CHUẨN CƠ SỞ VẬT CHẤT,69,Trường Đại học Thuỷ Lợi
https://vnur.vn/bang-xep-hang-theo-tieu-chuan-nam-2025/,BẢNG XẾP HẠNG THEO TIÊU CHUẨN NĂM 2026,6,BẢNG XẾP HẠNG TIÊU CHUẨN CƠ SỞ VẬT CHẤT,70,Trường Đại học Đồng Tháp
https://vnur.vn/bang-xep-hang-theo-tieu-chuan-nam-2025/,BẢNG XẾP HẠNG THEO TIÊU CHUẨN NĂM 2026,6,BẢNG XẾP HẠNG TIÊU CHUẨN CƠ SỞ VẬT CHẤT,71,Trường Đại học CMC
https://vnur.vn/bang-xep-hang-theo-tieu-chuan-nam-2025/,BẢNG XẾP HẠNG THEO TIÊU CHUẨN NĂM 2026,6,BẢNG XẾP HẠNG TIÊU CHUẨN CƠ SỞ VẬT CHẤT,72,Trường Đại học Tôn Đức Thắng
https://vnur.vn/bang-xep-hang-theo-tieu-chuan-nam-2025/,BẢNG XẾP HẠNG THEO TIÊU CHUẨN NĂM 2026,6,BẢNG XẾP HẠNG TIÊU CHUẨN CƠ SỞ VẬT CHẤT,73,Trường Đại học Điện lực
https://vnur.vn/bang-xep-hang-theo-tieu-chuan-nam-2025/,BẢNG XẾP HẠNG THEO TIÊU CHUẨN NĂM 2026,6,BẢNG XẾP HẠNG TIÊU CHUẨN CƠ SỞ VẬT CHẤT,74,Trường Đại học Lao động – Xã hội
https://vnur.vn/bang-xep-hang-theo-tieu-chuan-nam-2025/,BẢNG XẾP HẠNG THEO TIÊU CHUẨN NĂM 2026,6,BẢNG XẾP HẠNG TIÊU CHUẨN CƠ SỞ VẬT CHẤT,75,Trường Đại học Mở TP. Hồ Chí Minh
https://vnur.vn/bang-xep-hang-theo-tieu-chuan-nam-2025/,BẢNG XẾP HẠNG THEO TIÊU CHUẨN NĂM 2026,6,BẢNG XẾP HẠNG TIÊU CHUẨN CƠ SỞ VẬT CHẤT,76,Trường Đại học thủ dầu một
https://vnur.vn/bang-xep-hang-theo-tieu-chuan-nam-2025/,BẢNG XẾP HẠNG THEO TIÊU CHUẨN NĂM 2026,6,BẢNG XẾP HẠNG TIÊU CHUẨN CƠ SỞ VẬT CHẤT,77,Trường Đại học Y Dược Cần Thơ
https://vnur.vn/bang-xep-hang-theo-tieu-chuan-nam-2025/,BẢNG XẾP HẠNG THEO TIÊU CHUẨN NĂM 2026,6,BẢNG XẾP HẠNG TIÊU CHUẨN CƠ SỞ VẬT CHẤT,78,Trường Đại học Y Dược Thái Bình
https://vnur.vn/bang-xep-hang-theo-tieu-chuan-nam-2025/,BẢNG XẾP HẠNG THEO TIÊU CHUẨN NĂM 2026,6,BẢNG XẾP HẠNG TIÊU CHUẨN CƠ SỞ VẬT CHẤT,79,Trường Đại học FPT
https://vnur.vn/bang-xep-hang-theo-tieu-chuan-nam-2025/,BẢNG XẾP HẠNG THEO TIÊU CHUẨN NĂM 2026,6,BẢNG XẾP HẠNG TIÊU CHUẨN CƠ SỞ VẬT CHẤT,80,Trường Đại học Kiến trúc Hà Nội
https://vnur.vn/bang-xep-hang-theo-tieu-chuan-nam-2025/,BẢNG XẾP HẠNG THEO TIÊU CHUẨN NĂM 2026,6,BẢNG XẾP HẠNG TIÊU CHUẨN CƠ SỞ VẬT CHẤT,81,Trường Đại học Quy Nhơn
https://vnur.vn/bang-xep-hang-theo-tieu-chuan-nam-2025/,BẢNG XẾP HẠNG THEO TIÊU CHUẨN NĂM 2026,6,BẢNG XẾP HẠNG TIÊU CHUẨN CƠ SỞ VẬT CHẤT,82,Học viện Báo chí và Tuyên truyền
https://vnur.vn/bang-xep-hang-theo-tieu-chuan-nam-2025/,BẢNG XẾP HẠNG THEO TIÊU CHUẨN NĂM 2026,6,BẢNG XẾP HẠNG TIÊU CHUẨN CƠ SỞ VẬT CHẤT,83,Trường Đại học Đà Lạt
https://vnur.vn/bang-xep-hang-theo-tieu-chuan-nam-2025/,BẢNG XẾP HẠNG THEO TIÊU CHUẨN NĂM 2026,6,BẢNG XẾP HẠNG TIÊU CHUẨN CƠ SỞ VẬT CHẤT,84,Đại học Duy Tân
https://vnur.vn/bang-xep-hang-theo-tieu-chuan-nam-2025/,BẢNG XẾP HẠNG THEO TIÊU CHUẨN NĂM 2026,6,BẢNG XẾP HẠNG TIÊU CHUẨN CƠ SỞ VẬT CHẤT,85,Trường Đại học Nguyễn Tất Thành
https://vnur.vn/bang-xep-hang-theo-tieu-chuan-nam-2025/,BẢNG XẾP HẠNG THEO TIÊU CHUẨN NĂM 2026,6,BẢNG XẾP HẠNG TIÊU CHUẨN CƠ SỞ VẬT CHẤT,86,Trường Đại học Giao thông Vận tải
https://vnur.vn/bang-xep-hang-theo-tieu-chuan-nam-2025/,BẢNG XẾP HẠNG THEO TIÊU CHUẨN NĂM 2026,6,BẢNG XẾP HẠNG TIÊU CHUẨN CƠ SỞ VẬT CHẤT,87,Trường Đại học Hoa Sen
https://vnur.vn/bang-xep-hang-theo-tieu-chuan-nam-2025/,BẢNG XẾP HẠNG THEO TIÊU CHUẨN NĂM 2026,6,BẢNG XẾP HẠNG TIÊU CHUẨN CƠ SỞ VẬT CHẤT,88,Trường Đại học Mở Hà Nội
https://vnur.vn/bang-xep-hang-theo-tieu-chuan-nam-2025/,BẢNG XẾP HẠNG THEO TIÊU CHUẨN NĂM 2026,6,BẢNG XẾP HẠNG TIÊU CHUẨN CƠ SỞ VẬT CHẤT,89,Trường Đại học Thăng Long
https://vnur.vn/bang-xep-hang-theo-tieu-chuan-nam-2025/,BẢNG XẾP HẠNG THEO TIÊU CHUẨN NĂM 2026,6,BẢNG XẾP HẠNG TIÊU CHUẨN CƠ SỞ VẬT CHẤT,90,Trường Đại học Văn Hiến
https://vnur.vn/bang-xep-hang-theo-tieu-chuan-nam-2025/,BẢNG XẾP HẠNG THEO TIÊU CHUẨN NĂM 2026,6,BẢNG XẾP HẠNG TIÊU CHUẨN CƠ SỞ VẬT CHẤT,91,Học viện Y Dược học cổ truyền Việt Nam
https://vnur.vn/bang-xep-hang-theo-tieu-chuan-nam-2025/,BẢNG XẾP HẠNG THEO TIÊU CHUẨN NĂM 2026,6,BẢNG XẾP HẠNG TIÊU CHUẨN CƠ SỞ VẬT CHẤT,92,Trường Đại học Sài Gòn
https://vnur.vn/bang-xep-hang-theo-tieu-chuan-nam-2025/,BẢNG XẾP HẠNG THEO TIÊU CHUẨN NĂM 2026,6,BẢNG XẾP HẠNG TIÊU CHUẨN CƠ SỞ VẬT CHẤT,93,Trường Đại học Công thương TP. Hồ Chí Minh
https://vnur.vn/bang-xep-hang-theo-tieu-chuan-nam-2025/,BẢNG XẾP HẠNG THEO TIÊU CHUẨN NĂM 2026,6,BẢNG XẾP HẠNG TIÊU CHUẨN CƠ SỞ VẬT CHẤT,94,Trường Đại học Công nghệ TP. Hồ Chí Minh
https://vnur.vn/bang-xep-hang-theo-tieu-chuan-nam-2025/,BẢNG XẾP HẠNG THEO TIÊU CHUẨN NĂM 2026,6,BẢNG XẾP HẠNG TIÊU CHUẨN CƠ SỞ VẬT CHẤT,95,Trường Đại học Kiến trúc TP. Hồ Chí Minh
https://vnur.vn/bang-xep-hang-theo-tieu-chuan-nam-2025/,BẢNG XẾP HẠNG THEO TIÊU CHUẨN NĂM 2026,6,BẢNG XẾP HẠNG TIÊU CHUẨN CƠ SỞ VẬT CHẤT,96,Trường Đại học Nha Trang
https://vnur.vn/bang-xep-hang-theo-tieu-chuan-nam-2025/,BẢNG XẾP HẠNG THEO TIÊU CHUẨN NĂM 2026,6,BẢNG XẾP HẠNG TIÊU CHUẨN CƠ SỞ VẬT CHẤT,97,Trường Đại học Xây dựng Hà Nội
https://vnur.vn/bang-xep-hang-theo-tieu-chuan-nam-2025/,BẢNG XẾP HẠNG THEO TIÊU CHUẨN NĂM 2026,6,BẢNG XẾP HẠNG TIÊU CHUẨN CƠ SỞ VẬT CHẤT,98,Học viện Ngoại giao
https://vnur.vn/bang-xep-hang-theo-tieu-chuan-nam-2025/,BẢNG XẾP HẠNG THEO TIÊU CHUẨN NĂM 2026,6,BẢNG XẾP HẠNG TIÊU CHUẨN CƠ SỞ VẬT CHẤT,99,Trường Đại học Kỹ thuật – Công nghệ Cần Thơ
https://vnur.vn/bang-xep-hang-theo-tieu-chuan-nam-2025/,BẢNG XẾP HẠNG THEO TIÊU CHUẨN NĂM 2026,6,BẢNG XẾP HẠNG TIÊU CHUẨN CƠ SỞ VẬT CHẤT,100,Trường Đại học Tài nguyên và Môi trường Hà Nội
