source_url,page_title,year,table_wp_id,table_dom_id,table_name,institution,institution_url,logo_url,wdt_id,school_type,institution_type,region,province,major_group,national_rank,recognized_quality_rank,teaching_rank,publications_rank,science_tech_innovation_rank,learner_quality_rank,facilities_rank,total_score
https://vnur.vn/,VNUR.VN - Bảng xếp hạng Đại học Việt Nam,2026,61,table_1,BẢNG XẾP HẠNG TOP 100 TRƯỜNG ĐẠI HỌC VIỆT NAM NĂM 2026,Đại học Quốc gia Hà Nội,https://vnur.vn/dai-hoc-quoc-gia-ha-noi-3/,https://vnur.vn/wp-content/uploads/2025/07/Logo-DH-Quoc-Gia-Ha-Noi-VNU.webp,1,Công lập,Đại học,Đồng bằng Sông Hồng,Thành phố Hà Nội,Đa Ngành,1,1,27,5,1,49,5,100.00
https://vnur.vn/,VNUR.VN - Bảng xếp hạng Đại học Việt Nam,2026,61,table_1,BẢNG XẾP HẠNG TOP 100 TRƯỜNG ĐẠI HỌC VIỆT NAM NĂM 2026,Đại học Quốc gia TP. Hồ Chí Minh,https://vnur.vn/dai-hoc-quoc-gia-thanh-pho-ho-chi-minh/,https://upload.wikimedia.org/wikipedia/vi/thumb/f/fb/VNUHCM_logo.svg/1200px-VNUHCM_logo.svg.png,2,Công lập,Đại học,Đông Nam bộ,Thành phố Hồ Chí Minh,Đa Ngành,2,2,9,1,2,39,1,99.25
https://vnur.vn/,VNUR.VN - Bảng xếp hạng Đại học Việt Nam,2026,61,table_1,BẢNG XẾP HẠNG TOP 100 TRƯỜNG ĐẠI HỌC VIỆT NAM NĂM 2026,Đại học Bách khoa Hà Nội,https://vnur.vn/dai-hoc-bach-khoa-ha-noi/,https://hust.edu.vn/uploads/sys/logo-dhbk-1-02_130_191.png,3,Công lập,Đại học,Đồng bằng Sông Hồng,Thành phố Hà Nội,Kỹ thuật,3,6,1,4,3,24,2,87.84
https://vnur.vn/,VNUR.VN - Bảng xếp hạng Đại học Việt Nam,2026,61,table_1,BẢNG XẾP HẠNG TOP 100 TRƯỜNG ĐẠI HỌC VIỆT NAM NĂM 2026,Đại học Kinh tế TP. Hồ Chí Minh,https://vnur.vn/truong-dai-hoc-kinh-te-tp-ho-chi-minh/,https://vnur.vn/wp-content/uploads/2023/01/6.Kinh-te-TP.HCM_.jpg,4,Công lập,Đại học,Đông Nam Bộ,Thành phố Hồ Chí Minh,Kinh tế,4,4,34,7,33,29,3,74.94
https://vnur.vn/,VNUR.VN - Bảng xếp hạng Đại học Việt Nam,2026,61,table_1,BẢNG XẾP HẠNG TOP 100 TRƯỜNG ĐẠI HỌC VIỆT NAM NĂM 2026,Trường Đại học Tôn Đức Thắng,https://vnur.vn/truong-dai-hoc-ton-duc-thang/,https://www.tdtu.edu.vn/sites/www/files/logo/logo-tdt-new.png,5,Công lập,Trường Đại học,Đông Nam Bộ,Thành phố Hồ Chí Minh,Đa Ngành,5,3,101,3,18,17,145,73.23
https://vnur.vn/,VNUR.VN - Bảng xếp hạng Đại học Việt Nam,2026,61,table_1,BẢNG XẾP HẠNG TOP 100 TRƯỜNG ĐẠI HỌC VIỆT NAM NĂM 2026,Trường Đại học Khoa học và Công nghệ Hà Nội,https://vnur.vn/truong-dai-hoc-khoa-hoc-va-cong-nghe-ha-noi/,https://vnur.vn/wp-content/uploads/2024/01/Logo-Truong-Dai-hoc-Khoa-hoc-va-Cong-nghe-Ha-Noi-VN-France-University.webp,7,Công lập,Trường Đại học,Đồng bằng Sông Hồng,Thành phố Hà Nội,Đa Ngành,6,8,2,10,133,83,42,69.21
https://vnur.vn/,VNUR.VN - Bảng xếp hạng Đại học Việt Nam,2026,61,table_1,BẢNG XẾP HẠNG TOP 100 TRƯỜNG ĐẠI HỌC VIỆT NAM NĂM 2026,Đại học Duy Tân,https://vnur.vn/truong-dai-hoc-duy-tan/,https://vnur.vn/wp-content/uploads/2025/07/logoDT-70.webp,6,Tư thục,Đại học,Bắc Trung bộ và Duyên hải Nam Trung bộ,Thành phố Đà Nẵng,Đa Ngành,7,5,89,2,15,176,164,66.17
https://vnur.vn/,VNUR.VN - Bảng xếp hạng Đại học Việt Nam,2026,61,table_1,BẢNG XẾP HẠNG TOP 100 TRƯỜNG ĐẠI HỌC VIỆT NAM NĂM 2026,Đại học Cần Thơ,https://vnur.vn/truong-dai-hoc-can-tho/,https://vnur.vn/wp-content/uploads/2023/01/7.Can-Tho.jpg,10,Công lập,Đại học,Đồng bằng sông Cửu Long,Thành phố Cần Thơ,Đa Ngành,8,19,7,9,6,99,108,65.09
https://vnur.vn/,VNUR.VN - Bảng xếp hạng Đại học Việt Nam,2026,61,table_1,BẢNG XẾP HẠNG TOP 100 TRƯỜNG ĐẠI HỌC VIỆT NAM NĂM 2026,Đại học Đà Nẵng,https://vnur.vn/dai-hoc-da-nang/,https://vnur.vn/wp-content/uploads/2023/01/9.Da-Nang.jpg,9,Công lập,Đại học,Duyên hải Nam Trung Bộ và Tây Nguyên,Thành phố Đà Nẵng,Đa Ngành,9,12,29,18,9,67,110,64.83
https://vnur.vn/,VNUR.VN - Bảng xếp hạng Đại học Việt Nam,2026,61,table_1,BẢNG XẾP HẠNG TOP 100 TRƯỜNG ĐẠI HỌC VIỆT NAM NĂM 2026,Trường Đại học Thương Mại,https://vnur.vn/truong-dai-hoc-thuong-mai/,https://vnur.vn/wp-content/uploads/2023/01/32.Thuong-mai.jpg,12,Công lập,Trường Đại học,Đồng bằng Sông Hồng,Thành phố Hà Nội,Kinh tế,10,24,5,33,8,9,7,63.73
https://vnur.vn/,VNUR.VN - Bảng xếp hạng Đại học Việt Nam,2026,61,table_1,BẢNG XẾP HẠNG TOP 100 TRƯỜNG ĐẠI HỌC VIỆT NAM NĂM 2026,Đại học Kinh tế Quốc dân,https://vnur.vn/truong-dai-hoc-kinh-te-quoc-dan/,https://vnur.vn/wp-content/uploads/2023/01/21.Kinh-te-Quoc-dan.jpg,15,Công lập,Trường Đại học,Đồng bằng Sông Hồng,Thành phố Hà Nội,Kinh tế,11,10,61,16,25,6,27,63.63
https://vnur.vn/,VNUR.VN - Bảng xếp hạng Đại học Việt Nam,2026,61,table_1,BẢNG XẾP HẠNG TOP 100 TRƯỜNG ĐẠI HỌC VIỆT NAM NĂM 2026,Trường Đại học Công nghiệp TP. Hồ Chí Minh,https://vnur.vn/truong-dai-hoc-cong-nghiep-tp-ho-chi-minh/,https://vnur.vn/wp-content/uploads/2023/01/11.Cong-nghiep-TP.HCM_.jpg,21,Công lập,Trường Đại học,Đông Nam Bộ,Thành phố Hồ Chí Minh,Đa Ngành,12,13,46,11,29,23,132,63.27
https://vnur.vn/,VNUR.VN - Bảng xếp hạng Đại học Việt Nam,2026,61,table_1,BẢNG XẾP HẠNG TOP 100 TRƯỜNG ĐẠI HỌC VIỆT NAM NĂM 2026,Trường Đại học Sư phạm Hà Nội,https://vnur.vn/truong-dai-hoc-su-pham-ha-noi/,https://vnur.vn/wp-content/uploads/2023/01/8.Su-pham-Ha-Noi.jpg,8,Công lập,Trường Đại học,Đồng bằng Sông Hồng,Thành phố Hà Nội,Sư phạm,13,25,22,30,12,13,11,61.21
https://vnur.vn/,VNUR.VN - Bảng xếp hạng Đại học Việt Nam,2026,61,table_1,BẢNG XẾP HẠNG TOP 100 TRƯỜNG ĐẠI HỌC VIỆT NAM NĂM 2026,Đại học Huế,https://vnur.vn/dai-hoc-hue/,https://vnur.vn/wp-content/uploads/2023/01/10.Hue_.jpg,11,Công lập,Đại học,Bắc Trung Bộ,Thành phố Huế,Đa Ngành,14,11,64,20,10,112,10,60.84
https://vnur.vn/,VNUR.VN - Bảng xếp hạng Đại học Việt Nam,2026,61,table_1,BẢNG XẾP HẠNG TOP 100 TRƯỜNG ĐẠI HỌC VIỆT NAM NĂM 2026,Đại học Thái Nguyên,https://vnur.vn/dai-hoc-thai-nguyen/,https://vnur.vn/wp-content/uploads/2023/01/17.Thai-Nguyen.jpg,26,Công lập,Đại học,Trung du và miền núi phía Bắc,Thái Nguyên,Đa Ngành,15,43,20,22,7,107,3,59.61
https://vnur.vn/,VNUR.VN - Bảng xếp hạng Đại học Việt Nam,2026,61,table_1,BẢNG XẾP HẠNG TOP 100 TRƯỜNG ĐẠI HỌC VIỆT NAM NĂM 2026,Trường Đại học Nguyễn Tất Thành,https://vnur.vn/truong-dai-hoc-nguyen-tat-thanh/,https://vnur.vn/wp-content/uploads/2023/01/19.Nguyen-Tat-Thanh.jpg,17,Tư thục,Trường Đại học,Đông Nam Bộ,Thành phố Hồ Chí Minh,Đa Ngành,16,9,52,13,11,188,165,59.44
https://vnur.vn/,VNUR.VN - Bảng xếp hạng Đại học Việt Nam,2026,61,table_1,BẢNG XẾP HẠNG TOP 100 TRƯỜNG ĐẠI HỌC VIỆT NAM NĂM 2026,Học viện Nông nghiệp Việt Nam,https://vnur.vn/hoc-vien-nong-nghiep-viet-nam/,https://vnur.vn/wp-content/uploads/2023/01/16.Hoc-vien-Nong-nghiep.jpg,30,Công lập,Học viện,Đồng bằng Sông Hồng,Thành phố Hà Nội,Nông - Lâm,17,45,14,29,5,74,96,58.95
https://vnur.vn/,VNUR.VN - Bảng xếp hạng Đại học Việt Nam,2026,61,table_1,BẢNG XẾP HẠNG TOP 100 TRƯỜNG ĐẠI HỌC VIỆT NAM NĂM 2026,Đại học Công nghiệp Hà Nội,https://vnur.vn/truong-dai-hoc-cong-nghiep-ha-noi/,https://vnur.vn/wp-content/uploads/2023/01/23.Cong-nghiep-Ha-Noi.jpg,33,Công lập,Trường Đại học,Đồng bằng Sông Hồng,Thành phố Hà Nội,"Kỹ thuật, Công nghệ",18,16,31,32,27,82,13,58.64
https://vnur.vn/,VNUR.VN - Bảng xếp hạng Đại học Việt Nam,2026,61,table_1,BẢNG XẾP HẠNG TOP 100 TRƯỜNG ĐẠI HỌC VIỆT NAM NĂM 2026,Trường Đại học Vinh,https://vnur.vn/truong-dai-hoc-vinh/,https://vnur.vn/wp-content/uploads/2023/01/27.Vinh_.jpg,25,Công lập,Trường Đại học,Bắc Trung bộ và Duyên hải Nam Trung bộ,Nghệ An,Đa Ngành,19,37,3,37,35,52,124,58.15
https://vnur.vn/,VNUR.VN - Bảng xếp hạng Đại học Việt Nam,2026,61,table_1,BẢNG XẾP HẠNG TOP 100 TRƯỜNG ĐẠI HỌC VIỆT NAM NĂM 2026,Trường Đại học Thuỷ Lợi,https://vnur.vn/truong-dai-hoc-thuy-loi/,https://vnur.vn/wp-content/uploads/2023/01/12.Thuy-loi.jpg,18,Công lập,Trường Đại học,Đồng bằng Sông Hồng,Thành phố Hà Nội,Đa Ngành,20,28,6,28,16,87,140,57.81
https://vnur.vn/,VNUR.VN - Bảng xếp hạng Đại học Việt Nam,2026,61,table_1,BẢNG XẾP HẠNG TOP 100 TRƯỜNG ĐẠI HỌC VIỆT NAM NĂM 2026,Trường Đại học Văn Lang,https://vnur.vn/truong-dai-hoc-van-lang/,https://vnur.vn/wp-content/uploads/2023/01/50.Van-Lang.jpg,19,Tư thục,Trường Đại học,Đông Nam Bộ,Thành phố Hồ Chí Minh,Đa Ngành,21,14,43,21,77,155,131,56.89
https://vnur.vn/,VNUR.VN - Bảng xếp hạng Đại học Việt Nam,2026,61,table_1,BẢNG XẾP HẠNG TOP 100 TRƯỜNG ĐẠI HỌC VIỆT NAM NĂM 2026,Trường Đại học Ngoại Thương,https://vnur.vn/truong-dai-hoc-ngoai-thuong/,https://vnur.vn/wp-content/uploads/2023/01/13.Ngoai-Thuong.jpg,23,Công lập,Trường Đại học,Đồng bằng Sông Hồng,Thành phố Hà Nội,"Kinh tế, Tài chính",22,21,60,49,26,1,138,56.22
https://vnur.vn/,VNUR.VN - Bảng xếp hạng Đại học Việt Nam,2026,61,table_1,BẢNG XẾP HẠNG TOP 100 TRƯỜNG ĐẠI HỌC VIỆT NAM NĂM 2026,Trường Đại học Quy Nhơn,https://vnur.vn/truong-dai-hoc-quy-nhon/,https://vnur.vn/wp-content/uploads/2023/01/18.Quy-Nhon.png,36,Công lập,Trường Đại học,Duyên hải Nam Trung Bộ và Tây Nguyên,Gia Lai,Đa Ngành,23,31,4,61,31,66,157,55.94
https://vnur.vn/,VNUR.VN - Bảng xếp hạng Đại học Việt Nam,2026,61,table_1,BẢNG XẾP HẠNG TOP 100 TRƯỜNG ĐẠI HỌC VIỆT NAM NĂM 2026,Trường Đại học Giao thông Vận tải,https://vnur.vn/truong-dai-hoc-giao-thong-van-tai/,https://vnur.vn/wp-content/uploads/2023/01/36.Giao-thong-van-tai.jpg,42,Công lập,Trường Đại học,Đồng bằng Sông Hồng,Thành phố Hà Nội,Đa Ngành,24,23,32,35,19,50,166,55.88
https://vnur.vn/,VNUR.VN - Bảng xếp hạng Đại học Việt Nam,2026,61,table_1,BẢNG XẾP HẠNG TOP 100 TRƯỜNG ĐẠI HỌC VIỆT NAM NĂM 2026,Học viện Ngân hàng,https://vnur.vn/hoc-vien-ngan-hang/,https://vnur.vn/wp-content/uploads/2023/01/47.Hoc-vien-Ngan-hang.jpg,14,Công lập,Học viện,Đồng bằng Sông Hồng,Thành phố Hà Nội,Kinh tế,25,60,15,53,20,14,128,55.38
https://vnur.vn/,VNUR.VN - Bảng xếp hạng Đại học Việt Nam,2026,61,table_1,BẢNG XẾP HẠNG TOP 100 TRƯỜNG ĐẠI HỌC VIỆT NAM NĂM 2026,Trường Đại học Sư phạm Hà Nội 2,https://vnur.vn/truong-dai-hoc-su-pham-ha-noi-2/,https://vnur.vn/wp-content/uploads/2024/01/Su_pham_HN2.jpg,16,Công lập,Trường Đại học,Trung du và miền núi phía Bắc,Phú Thọ,Sư phạm,26,35,26,68,63,19,107,55.29
https://vnur.vn/,VNUR.VN - Bảng xếp hạng Đại học Việt Nam,2026,61,table_1,BẢNG XẾP HẠNG TOP 100 TRƯỜNG ĐẠI HỌC VIỆT NAM NĂM 2026,Trường Đại học Mỏ - Địa chất,https://vnur.vn/truong-dai-hoc-mo-dia-chat/,https://vnur.vn/wp-content/uploads/2023/01/22.Mo-Dia-chat.jpg,22,Công lập,Trường Đại học,Đồng bằng Sông Hồng,Thành phố Hà Nội,Đa Ngành,27,41,13,36,14,115,120,55.29
https://vnur.vn/,VNUR.VN - Bảng xếp hạng Đại học Việt Nam,2026,61,table_1,BẢNG XẾP HẠNG TOP 100 TRƯỜNG ĐẠI HỌC VIỆT NAM NĂM 2026,Trường Đại học Sư phạm TP. Hồ Chí Minh,https://vnur.vn/truong-dai-hoc-su-pham-tp-ho-chi-minh/,https://vnur.vn/wp-content/uploads/2023/01/53.Su-pham-TP.HCM_.png,20,Công lập,Trường Đại học,Đông Nam Bộ,Thành phố Hồ Chí Minh,Sư phạm,28,52,17,39,40,22,127,55.21
https://vnur.vn/,VNUR.VN - Bảng xếp hạng Đại học Việt Nam,2026,61,table_1,BẢNG XẾP HẠNG TOP 100 TRƯỜNG ĐẠI HỌC VIỆT NAM NĂM 2026,Trường Đại học Dược Hà Nội,https://vnur.vn/truong-dai-hoc-duoc-ha-noi/,https://vnur.vn/wp-content/uploads/2023/01/20.Duoc-Ha-Noi.jpg,13,Công lập,Trường Đại học,Đồng bằng Sông Hồng,Thành phố Hà Nội,Sức khỏe,29,62,8,34,34,56,130,54.79
https://vnur.vn/,VNUR.VN - Bảng xếp hạng Đại học Việt Nam,2026,61,table_1,BẢNG XẾP HẠNG TOP 100 TRƯỜNG ĐẠI HỌC VIỆT NAM NĂM 2026,Trường Đại học Xây dựng Hà Nội,https://vnur.vn/truong-dai-hoc-xay-dung-ha-noi/,https://vnur.vn/wp-content/uploads/2023/01/14.Xay-dung-Ha-Noi.jpg,35,Công lập,Trường Đại học,Đồng bằng Sông Hồng,Thành phố Hà Nội,Xây dựng - Kiến trúc,30,22,50,40,13,27,183,54.77
https://vnur.vn/,VNUR.VN - Bảng xếp hạng Đại học Việt Nam,2026,61,table_1,BẢNG XẾP HẠNG TOP 100 TRƯỜNG ĐẠI HỌC VIỆT NAM NĂM 2026,Trường Đại học Mở TP. Hồ Chí Minh,https://vnur.vn/truong-dai-hoc-mo-tp-ho-chi-minh/,https://vnur.vn/wp-content/uploads/2023/01/60.Mo-TP.HCM_.jpg,29,Công lập,Trường Đại học,Đông Nam Bộ,Thành phố Hồ Chí Minh,Đa Ngành,31,17,44,24,44,117,148,54.66
https://vnur.vn/,VNUR.VN - Bảng xếp hạng Đại học Việt Nam,2026,61,table_1,BẢNG XẾP HẠNG TOP 100 TRƯỜNG ĐẠI HỌC VIỆT NAM NĂM 2026,Học viện Tài chính,https://vnur.vn/hoc-vien-tai-chinh/,https://vnur.vn/wp-content/uploads/2023/01/87.Hoc-vien-Tai-chinh.png,27,Công lập,Học viện,Đồng bằng Sông Hồng,Thành phố Hà Nội,"Kinh tế, Tài chính",32,50,21,90,22,11,137,54.63
https://vnur.vn/,VNUR.VN - Bảng xếp hạng Đại học Việt Nam,2026,61,table_1,BẢNG XẾP HẠNG TOP 100 TRƯỜNG ĐẠI HỌC VIỆT NAM NĂM 2026,Trường Đại học Công nghệ TP. Hồ Chí Minh,https://vnur.vn/truong-dai-hoc-cong-nghe-tp-ho-chi-minh/,https://vnur.vn/wp-content/uploads/2023/01/35.HUTECH.jpg,74,Tư thục,Trường Đại học,Đông Nam Bộ,Thành phố Hồ Chí Minh,Đa Ngành,33,15,48,19,76,113,180,54.62
https://vnur.vn/,VNUR.VN - Bảng xếp hạng Đại học Việt Nam,2026,61,table_1,BẢNG XẾP HẠNG TOP 100 TRƯỜNG ĐẠI HỌC VIỆT NAM NĂM 2026,Trường Đại học Hồng Đức,https://vnur.vn/truong-dai-hoc-hong-duc/,https://vnur.vn/wp-content/uploads/2023/01/24.Hong-Duc.jpg,63,Công lập,Trường Đại học,Bắc Trung Bộ,Thanh Hoá,Đa Ngành,34,29,39,72,39,86,13,53.83
https://vnur.vn/,VNUR.VN - Bảng xếp hạng Đại học Việt Nam,2026,61,table_1,BẢNG XẾP HẠNG TOP 100 TRƯỜNG ĐẠI HỌC VIỆT NAM NĂM 2026,Trường Đại học Y Dược Cần Thơ,https://vnur.vn/truong-dai-hoc-y-duoc-can-tho/,https://upload.wikimedia.org/wikipedia/commons/6/6e/Logo_%C4%90%E1%BA%A1i_h%E1%BB%8Dc_Y_D%C6%B0%E1%BB%A3c_C%E1%BA%A7n_Th%C6%A1.gif,49,Công lập,Trường Đại học,Đồng bằng sông Cửu Long,Thành phố Cần Thơ,Sức khỏe,35,62,11,25,52,102,151,53.42
https://vnur.vn/,VNUR.VN - Bảng xếp hạng Đại học Việt Nam,2026,61,table_1,BẢNG XẾP HẠNG TOP 100 TRƯỜNG ĐẠI HỌC VIỆT NAM NĂM 2026,Trường Đại học Luật Hà Nội,https://vnur.vn/truong-dai-hoc-luat-ha-noi/,https://vnur.vn/wp-content/uploads/2023/01/59.Luat-Ha-Noi.jpg,40,Công lập,Trường Đại học,Đồng bằng Sông Hồng,Thành phố Hà Nội,Pháp luật,36,62,10,115,62,31,114,53.32
https://vnur.vn/,VNUR.VN - Bảng xếp hạng Đại học Việt Nam,2026,61,table_1,BẢNG XẾP HẠNG TOP 100 TRƯỜNG ĐẠI HỌC VIỆT NAM NĂM 2026,Trường Đại học Nam Cần Thơ,https://vnur.vn/truong-dai-hoc-nam-can-tho/,https://vnur.vn/wp-content/uploads/2023/01/91.Nam-Can-Tho-1.jpg,96,Tư thục,Trường Đại học,Đồng bằng sông Cửu Long,Thành phố Cần Thơ,Đa Ngành,37,32,58,8,99,183,42,53.06
https://vnur.vn/,VNUR.VN - Bảng xếp hạng Đại học Việt Nam,2026,61,table_1,BẢNG XẾP HẠNG TOP 100 TRƯỜNG ĐẠI HỌC VIỆT NAM NĂM 2026,Trường Đại học Sư phạm Kỹ thuật TP. Hồ Chí Minh,https://vnur.vn/truong-dai-hoc-su-pham-ky-thuat-tp-ho-chi-minh/,https://vnur.vn/wp-content/uploads/2023/01/28.Su-pham-Ky-thuat-TP.HCM_.jpg,24,Công lập,Trường Đại học,Đông Nam Bộ,Thành phố Hồ Chí Minh,"Kỹ thuật, Công nghệ",38,39,73,12,55,41,133,52.99
https://vnur.vn/,VNUR.VN - Bảng xếp hạng Đại học Việt Nam,2026,61,table_1,BẢNG XẾP HẠNG TOP 100 TRƯỜNG ĐẠI HỌC VIỆT NAM NĂM 2026,Học viện Báo chí và Tuyên truyền,https://vnur.vn/hoc-vien-bao-chi-va-tuyen-truyen/,https://vnur.vn/wp-content/uploads/2023/01/34.Hoc-vien-Bao-chi-Tuyen-truyen.jpg,37,Công lập,Học viện,Đồng bằng Sông Hồng,Thành phố Hà Nội,Hành chính,39,62,12,107,48,15,161,52.83
https://vnur.vn/,VNUR.VN - Bảng xếp hạng Đại học Việt Nam,2026,61,table_1,BẢNG XẾP HẠNG TOP 100 TRƯỜNG ĐẠI HỌC VIỆT NAM NĂM 2026,Trường Đại học Ngân hàng TP. Hồ Chí Minh,https://vnur.vn/truong-dai-hoc-ngan-hang-tp-ho-chi-minh/,https://vnur.vn/wp-content/uploads/2023/01/58.DH-Ngan-hang-TP.HCM_.jpg,34,Công lập,Trường Đại học,Đông Nam Bộ,Thành phố Hồ Chí Minh,"Kinh tế, Tài chính",40,57,18,47,73,58,134,52.50
https://vnur.vn/,VNUR.VN - Bảng xếp hạng Đại học Việt Nam,2026,61,table_1,BẢNG XẾP HẠNG TOP 100 TRƯỜNG ĐẠI HỌC VIỆT NAM NĂM 2026,Trường Đại học Luật TP. Hồ Chí Minh,https://vnur.vn/truong-dai-hoc-luat-tp-ho-chi-minh/,https://vnur.vn/wp-content/uploads/2023/01/83.Luat-TP.HCM_.jpg,51,Công lập,Trường Đại học,Đông Nam Bộ,Thành phố Hồ Chí Minh,Pháp luật,41,62,19,134,75,72,8,52.15
https://vnur.vn/,VNUR.VN - Bảng xếp hạng Đại học Việt Nam,2026,61,table_1,BẢNG XẾP HẠNG TOP 100 TRƯỜNG ĐẠI HỌC VIỆT NAM NĂM 2026,Trường Đại học Văn hoá Hà Nội,https://vnur.vn/truong-dai-hoc-van-hoa-ha-noi/,https://vnur.vn/wp-content/uploads/2026/01/DH-van-hoa-Ha-Noi.png,101,Công lập,Trường Đại học,Đồng bằng Sông Hồng,Thành phố Hà Nội,Văn hóa,42,62,16,171,60,16,135,52.00
https://vnur.vn/,VNUR.VN - Bảng xếp hạng Đại học Việt Nam,2026,61,table_1,BẢNG XẾP HẠNG TOP 100 TRƯỜNG ĐẠI HỌC VIỆT NAM NĂM 2026,Trường Đại học Hàng hải Việt Nam,https://vnur.vn/truong-dai-hoc-hang-hai-viet-nam/,https://vnur.vn/wp-content/uploads/2023/01/44.Hang-hai-Viet-Nam.jpg,38,Công lập,Trường Đại học,Đồng bằng Sông Hồng,Thành phố Hải Phòng,Đa Ngành,43,62,37,56,28,62,129,51.50
https://vnur.vn/,VNUR.VN - Bảng xếp hạng Đại học Việt Nam,2026,61,table_1,BẢNG XẾP HẠNG TOP 100 TRƯỜNG ĐẠI HỌC VIỆT NAM NĂM 2026,Trường Đại học Nha Trang,https://vnur.vn/truong-dai-hoc-nha-trang/,https://upload.wikimedia.org/wikipedia/commons/c/c1/Nha_Trang_University_Seal.png,46,Công lập,Trường Đại học,Duyên hải Nam Trung Bộ và Tây Nguyên,Khánh Hoà,Đa Ngành,44,26,56,50,23,80,182,51.47
https://vnur.vn/,VNUR.VN - Bảng xếp hạng Đại học Việt Nam,2026,61,table_1,BẢNG XẾP HẠNG TOP 100 TRƯỜNG ĐẠI HỌC VIỆT NAM NĂM 2026,Trường Đại học Y Hà Nội,https://vnur.vn/truong-dai-hoc-y-ha-noi/,https://vnur.vn/wp-content/uploads/2023/01/29.Y-Ha-Noi.jpg,39,Công lập,Trường Đại học,Đồng bằng Sông Hồng,Thành phố Hà Nội,Sức khỏe,45,20,118,15,38,106,26,51.26
https://vnur.vn/,VNUR.VN - Bảng xếp hạng Đại học Việt Nam,2026,61,table_1,BẢNG XẾP HẠNG TOP 100 TRƯỜNG ĐẠI HỌC VIỆT NAM NĂM 2026,Học viện Ngoại giao,https://vnur.vn/hoc-vien-ngoai-giao/,https://vnur.vn/wp-content/uploads/2023/01/31.Hoc-vien-Ngoai-giao.jpg,72,Công lập,Học viện,Đồng bằng Sông Hồng,Thành phố Hà Nội,Hành chính,46,55,24,141,66,18,184,51.15
https://vnur.vn/,VNUR.VN - Bảng xếp hạng Đại học Việt Nam,2026,61,table_1,BẢNG XẾP HẠNG TOP 100 TRƯỜNG ĐẠI HỌC VIỆT NAM NĂM 2026,Trường Đại học Công đoàn,https://vnur.vn/truong-dai-hoc-cong-doan/,https://vnur.vn/wp-content/uploads/2023/01/46.Cong-Doan.jpg,53,Công lập,Trường Đại học,Đồng bằng Sông Hồng,Thành phố Hà Nội,Đa Ngành,47,62,38,111,53,60,31,51.06
https://vnur.vn/,VNUR.VN - Bảng xếp hạng Đại học Việt Nam,2026,61,table_1,BẢNG XẾP HẠNG TOP 100 TRƯỜNG ĐẠI HỌC VIỆT NAM NĂM 2026,Trường Đại học Đồng Tháp,https://vnur.vn/truong-dai-hoc-dong-thap/,https://vnur.vn/wp-content/uploads/2023/01/69.Dong-Thap.jpg,76,Công lập,Trường Đại học,Đông Nam Bộ,Đồng Tháp,Đa Ngành,48,27,62,66,43,46,141,50.72
https://vnur.vn/,VNUR.VN - Bảng xếp hạng Đại học Việt Nam,2026,61,table_1,BẢNG XẾP HẠNG TOP 100 TRƯỜNG ĐẠI HỌC VIỆT NAM NĂM 2026,Trường Đại học Y Dược TP. Hồ Chí Minh,https://vnur.vn/truong-dai-hoc-y-duoc-tp-hcm/,https://vnur.vn/wp-content/uploads/2023/01/51.Y-duoc-TP.HCM_.jpg,55,Công lập,Trường Đại học,Đông Nam Bộ,Thành phố Hồ Chí Minh,Sức khỏe,49,47,104,14,59,69,6,50.56
https://vnur.vn/,VNUR.VN - Bảng xếp hạng Đại học Việt Nam,2026,61,table_1,BẢNG XẾP HẠNG TOP 100 TRƯỜNG ĐẠI HỌC VIỆT NAM NĂM 2026,Trường Đại học Kinh tế Kỹ thuật công nghiệp,https://vnur.vn/truong-dai-hoc-kinh-te-ky-thuat-cong-nghiep/,https://vnur.vn/wp-content/uploads/2023/01/19.Kinh-te-Ky-thuat-Cong-nghiep.jpg,99,Công lập,Trường Đại học,Đồng bằng Sông Hồng,Ninh Bình,"Kỹ thuật, Công nghệ",50,38,67,74,47,40,99,50.56
https://vnur.vn/,VNUR.VN - Bảng xếp hạng Đại học Việt Nam,2026,61,table_1,BẢNG XẾP HẠNG TOP 100 TRƯỜNG ĐẠI HỌC VIỆT NAM NĂM 2026,Trường Đại học Hải Phòng,https://vnur.vn/truong-dai-hoc-hai-phong/,https://vnur.vn/wp-content/uploads/2023/01/81.Hai-Phong.jpg,59,Công lập,Trường Đại học,Đồng bằng Sông Hồng,Thành phố Hải Phòng,Đa Ngành,51,62,30,114,70,65,112,50.53
https://vnur.vn/,VNUR.VN - Bảng xếp hạng Đại học Việt Nam,2026,61,table_1,BẢNG XẾP HẠNG TOP 100 TRƯỜNG ĐẠI HỌC VIỆT NAM NĂM 2026,Trường Đại học Lạc Hồng,https://vnur.vn/truong-dai-hoc-lac-hong/,https://vnur.vn/wp-content/uploads/2026/01/DH-lac-Hong.png,102,Tư thục,Trường Đại học,Đông Nam Bộ,Đồng Nai,Đa Ngành,52,7,123,79,116,154,93,50.37
https://vnur.vn/,VNUR.VN - Bảng xếp hạng Đại học Việt Nam,2026,61,table_1,BẢNG XẾP HẠNG TOP 100 TRƯỜNG ĐẠI HỌC VIỆT NAM NĂM 2026,Trường Đại học Kiến trúc Hà Nội,https://vnur.vn/truong-dai-hoc-kien-truc-ha-noi/,https://vnur.vn/wp-content/uploads/2023/01/61.Kien-truc-Ha-Noi.jpg,50,Công lập,Trường Đại học,Đồng bằng Sông Hồng,Thành phố Hà Nội,Xây dựng - Kiến trúc,53,62,54,69,51,5,156,50.17
https://vnur.vn/,VNUR.VN - Bảng xếp hạng Đại học Việt Nam,2026,61,table_1,BẢNG XẾP HẠNG TOP 100 TRƯỜNG ĐẠI HỌC VIỆT NAM NĂM 2026,Trường Đại học Y tế Công cộng,https://vnur.vn/truong-dai-hoc-y-te-cong-cong/,https://vnur.vn/wp-content/uploads/2023/01/41.Y-te-Cong-cong.jpg,65,Công lập,Trường Đại học,Đồng bằng Sông Hồng,Thành phố Hà Nội,Sức khỏe,54,58,65,31,67,70,98,50.07
https://vnur.vn/,VNUR.VN - Bảng xếp hạng Đại học Việt Nam,2026,61,table_1,BẢNG XẾP HẠNG TOP 100 TRƯỜNG ĐẠI HỌC VIỆT NAM NĂM 2026,Trường Đại học Điện lực,https://vnur.vn/truong-dai-hoc-dien-luc/,https://vnur.vn/wp-content/uploads/2023/01/25.Dien-luc.jpg,31,Công lập,Trường Đại học,Đồng bằng Sông Hồng,Thành phố Hà Nội,Đa Ngành,55,62,35,51,68,94,146,49.96
https://vnur.vn/,VNUR.VN - Bảng xếp hạng Đại học Việt Nam,2026,61,table_1,BẢNG XẾP HẠNG TOP 100 TRƯỜNG ĐẠI HỌC VIỆT NAM NĂM 2026,Trường Đại học Sài Gòn,https://vnur.vn/truong-dai-hoc-sai-gon/,https://vnur.vn/wp-content/uploads/2023/01/48.Sai-Gon.jpg,43,Công lập,Trường Đại học,Đông Nam Bộ,Thành phố Hồ Chí Minh,Đa Ngành,56,62,41,54,54,45,178,49.90
https://vnur.vn/,VNUR.VN - Bảng xếp hạng Đại học Việt Nam,2026,61,table_1,BẢNG XẾP HẠNG TOP 100 TRƯỜNG ĐẠI HỌC VIỆT NAM NĂM 2026,Đại học Phenikaa,https://vnur.vn/truong-dai-hoc-phenikaa/,https://vnur.vn/wp-content/uploads/2023/01/43.Phenikaa.jpg,45,Tư thục,Trường Đại học,Đồng bằng Sông Hồng,Thành phố Hà Nội,Đa Ngành,57,34,136,17,4,92,22,49.88
https://vnur.vn/,VNUR.VN - Bảng xếp hạng Đại học Việt Nam,2026,61,table_1,BẢNG XẾP HẠNG TOP 100 TRƯỜNG ĐẠI HỌC VIỆT NAM NĂM 2026,Trường Đại học Thủ Dầu Một,https://vnur.vn/truong-dai-hoc-thu-dau-mot/,https://vnur.vn/wp-content/uploads/2023/01/15.Thu-Dau-Mot.png,32,Công lập,Trường Đại học,Đông Nam Bộ,Thành phố Hồ Chí Minh,Đa Ngành,58,30,75,26,57,93,150,49.72
https://vnur.vn/,VNUR.VN - Bảng xếp hạng Đại học Việt Nam,2026,61,table_1,BẢNG XẾP HẠNG TOP 100 TRƯỜNG ĐẠI HỌC VIỆT NAM NĂM 2026,Học viện Hàng không Việt Nam,https://vnur.vn/hoc-vien-hang-khong-viet-nam-2/,https://vaa.edu.vn/wp-content/uploads/2024/07/Group-1000005875.svg,82,Công lập,Học viện,Đông Nam Bộ,Thành phố Hồ Chí Minh,"Kỹ thuật, Công nghệ",59,62,68,95,95,7,105,49.48
https://vnur.vn/,VNUR.VN - Bảng xếp hạng Đại học Việt Nam,2026,61,table_1,BẢNG XẾP HẠNG TOP 100 TRƯỜNG ĐẠI HỌC VIỆT NAM NĂM 2026,Trường Đại học Thăng Long,https://vnur.vn/truong-dai-hoc-thang-long/,https://vnur.vn/wp-content/uploads/2023/01/54.Thang-Long.jpg,41,Tư thục,Trường Đại học,Đồng bằng Sông Hồng,Thành phố Hà Nội,Đa Ngành,60,62,25,62,151,84,171,49.25
https://vnur.vn/,VNUR.VN - Bảng xếp hạng Đại học Việt Nam,2026,61,table_1,BẢNG XẾP HẠNG TOP 100 TRƯỜNG ĐẠI HỌC VIỆT NAM NĂM 2026,Học viện Quản lý Giáo dục,https://vnur.vn/hoc-vien-quan-ly-giao-duc/,https://upload.wikimedia.org/wikipedia/vi/f/fa/Hoc_vien_QuanLyGiaoDuc.jpg,66,Công lập,Học viện,Đồng bằng Sông Hồng,Thành phố Hà Nội,Sư phạm,61,62,47,119,90,36,125,49.03
https://vnur.vn/,VNUR.VN - Bảng xếp hạng Đại học Việt Nam,2026,61,table_1,BẢNG XẾP HẠNG TOP 100 TRƯỜNG ĐẠI HỌC VIỆT NAM NĂM 2026,Trường Đại học Tân Trào,https://vnur.vn/truong-dai-hoc-tan-trao/,https://vnur.vn/wp-content/uploads/2026/01/DH-Tan-Trao.jpeg,103,Công lập,Trường Đại học,Trung du và miền núi phía Bắc,Tuyên Quang,Đa Ngành,62,62,42,102,64,110,95,48.99
https://vnur.vn/,VNUR.VN - Bảng xếp hạng Đại học Việt Nam,2026,61,table_1,BẢNG XẾP HẠNG TOP 100 TRƯỜNG ĐẠI HỌC VIỆT NAM NĂM 2026,Trường Đại học Thủ đô Hà Nội,https://vnur.vn/truong-dai-hoc-thu-do-ha-noi/,https://vnur.vn/wp-content/uploads/2023/01/29.Thu-do-Ha-Noi.jpg,56,Công lập,Trường Đại học,Đồng bằng Sông Hồng,Thành phố Hà Nội,Sư phạm,63,62,57,118,85,51,32,48.85
https://vnur.vn/,VNUR.VN - Bảng xếp hạng Đại học Việt Nam,2026,61,table_1,BẢNG XẾP HẠNG TOP 100 TRƯỜNG ĐẠI HỌC VIỆT NAM NĂM 2026,Trường Đại học Kiểm sát Hà Nội,https://vnur.vn/truong-dai-hoc-kiem-sat-ha-noi/,https://giaoduc247.vn/uploads/082021/images/%C4%91a%CC%A3i%20ho%CC%A3c%20kiem%20sat%20ha%20noi.png,93,Công lập,Trường Đại học,Đồng bằng Sông Hồng,Thành phố Hà Nội,Pháp luật,64,62,63,148,90,43,42,48.11
https://vnur.vn/,VNUR.VN - Bảng xếp hạng Đại học Việt Nam,2026,61,table_1,BẢNG XẾP HẠNG TOP 100 TRƯỜNG ĐẠI HỌC VIỆT NAM NĂM 2026,Học viện Y Dược học cổ truyền Việt Nam,https://vnur.vn/hoc-vien-y-duoc-hoc-co-truyen-viet-nam/,https://upload.wikimedia.org/wikipedia/commons/7/72/H%E1%BB%8Dc_vi%E1%BB%87n_Y_d%C6%B0%E1%BB%A3c_h%E1%BB%8Dc_c%E1%BB%95_truy%E1%BB%81n_Vi%E1%BB%87t_Nam.jpg,64,Công lập,Học viện,Đồng bằng Sông Hồng,Thành phố Hà Nội,Sức khỏe,65,62,51,155,116,21,176,47.88
https://vnur.vn/,VNUR.VN - Bảng xếp hạng Đại học Việt Nam,2026,61,table_1,BẢNG XẾP HẠNG TOP 100 TRƯỜNG ĐẠI HỌC VIỆT NAM NĂM 2026,Trường Đại học Lao động - Xã hội,https://vnur.vn/truong-dai-hoc-lao-dong-xa-hoi/,https://vnur.vn/wp-content/uploads/2023/01/52.lao-dong-Xa-hoi.png,48,Công lập,Trường Đại học,Đồng bằng Sông Hồng,Thành phố Hà Nội,Đa Ngành,66,62,33,88,61,124,147,47.84
https://vnur.vn/,VNUR.VN - Bảng xếp hạng Đại học Việt Nam,2026,61,table_1,BẢNG XẾP HẠNG TOP 100 TRƯỜNG ĐẠI HỌC VIỆT NAM NĂM 2026,Trường Đại học Đà Lạt,https://vnur.vn/truong-dai-hoc-da-lat/,https://vnur.vn/wp-content/uploads/2023/01/38.Da-Lat.jpg,68,Công lập,Trường Đại học,Duyên hải Nam Trung Bộ và Tây Nguyên,Lâm Đồng,Đa Ngành,67,62,49,70,32,100,163,47.83
https://vnur.vn/,VNUR.VN - Bảng xếp hạng Đại học Việt Nam,2026,61,table_1,BẢNG XẾP HẠNG TOP 100 TRƯỜNG ĐẠI HỌC VIỆT NAM NĂM 2026,Học viện Phụ nữ Việt Nam,https://vnur.vn/hoc-vien-phu-nu-viet-nam/,https://vnur.vn/wp-content/uploads/2023/01/90.Hoc-vien-Phu-nu.png,52,Công lập,Học viện,Đồng bằng Sông Hồng,Thành phố Hà Nội,Hành chính,68,62,40,166,84,95,136,47.80
https://vnur.vn/,VNUR.VN - Bảng xếp hạng Đại học Việt Nam,2026,61,table_1,BẢNG XẾP HẠNG TOP 100 TRƯỜNG ĐẠI HỌC VIỆT NAM NĂM 2026,Trường Đại học Trà Vinh,https://vnur.vn/truong-dai-hoc-tra-vinh/,https://vnur.vn/wp-content/uploads/2026/01/DH-Tra-Vinh.jpeg,104,Công lập,Trường Đại học,Đồng bằng Sông Cửu Long,Vĩnh Long,Đa Ngành,69,51,66,57,36,146,91,47.62
https://vnur.vn/,VNUR.VN - Bảng xếp hạng Đại học Việt Nam,2026,61,table_1,BẢNG XẾP HẠNG TOP 100 TRƯỜNG ĐẠI HỌC VIỆT NAM NĂM 2026,Trường Đại học Kỹ thuật y tế Hải Dương,https://vnur.vn/truong-dai-hoc-ky-thuat-y-te-hai-duong-2/,https://vnur.vn/wp-content/uploads/2026/01/Ky-thuat-Y-te-Hai-Duong-1.jpg,105,Công lập,Trường Đại học,Đồng bằng Sông Hồng,Thành phố Hải Phòng,Sức khỏe,70,62,71,127,139,35,32,47.49
https://vnur.vn/,VNUR.VN - Bảng xếp hạng Đại học Việt Nam,2026,61,table_1,BẢNG XẾP HẠNG TOP 100 TRƯỜNG ĐẠI HỌC VIỆT NAM NĂM 2026,Học viện Chính sách và Phát triển,https://vnur.vn/hoc-vien-chinh-sach-va-phat-trien/,https://vnur.vn/wp-content/uploads/2023/01/39.Hoc-vien-Chinh-sach-Phat-trien.jpg,69,Công lập,Học viện,Đồng bằng Sông Hồng,Thành phố Hà Nội,Hành chính,71,62,84,138,135,12,119,46.81
https://vnur.vn/,VNUR.VN - Bảng xếp hạng Đại học Việt Nam,2026,61,table_1,BẢNG XẾP HẠNG TOP 100 TRƯỜNG ĐẠI HỌC VIỆT NAM NĂM 2026,Trường Đại học Y Dược Thái Bình,https://vnur.vn/truong-dai-hoc-y-duoc-thai-binh/,https://vnur.vn/wp-content/uploads/2023/01/45.Y-Thai-Binh.jpg,80,Công lập,Trường Đại học,Đồng bằng Sông Hồng,Hưng Yên,Sức khỏe,72,62,69,45,83,98,153,46.55
https://vnur.vn/,VNUR.VN - Bảng xếp hạng Đại học Việt Nam,2026,61,table_1,BẢNG XẾP HẠNG TOP 100 TRƯỜNG ĐẠI HỌC VIỆT NAM NĂM 2026,Trường Đại học Kỹ thuật - Công nghệ Cần Thơ,https://vnur.vn/truong-dai-hoc-ky-thuat-cong-nghe-can-tho/,https://vnur.vn/wp-content/uploads/2023/01/77.Ky-thuat-Cong-nghe-Can-Tho.png,83,Công lập,Trường Đại học,Đồng bằng sông Cửu Long,Thành phố Cần Thơ,Kỹ thuật,73,62,53,103,151,57,185,46.43
https://vnur.vn/,VNUR.VN - Bảng xếp hạng Đại học Việt Nam,2026,61,table_1,BẢNG XẾP HẠNG TOP 100 TRƯỜNG ĐẠI HỌC VIỆT NAM NĂM 2026,Trường Đại học Sư phạm Kỹ thuật Hưng Yên,https://vnur.vn/truong-dai-hoc-su-pham-ky-thuat-hung-yen/,https://vnur.vn/wp-content/uploads/2023/01/23.Su-pham-Ky-thuat-Hung-Yen.png,60,Công lập,Trường Đại học,Đồng bằng Sông Hồng,Hưng Yên,"Kỹ thuật, Công nghệ",74,48,76,58,65,121,115,46.15
https://vnur.vn/,VNUR.VN - Bảng xếp hạng Đại học Việt Nam,2026,61,table_1,BẢNG XẾP HẠNG TOP 100 TRƯỜNG ĐẠI HỌC VIỆT NAM NĂM 2026,Trường Đại học Y khoa Phạm Ngọc Thạch,https://vnur.vn/truong-dai-hoc-y-khoa-pham-ngoc-thach/,https://upload.wikimedia.org/wikipedia/commons/a/a8/YPhamNgocThach.png,71,Công lập,Trường Đại học,Đông Nam Bộ,Thành phố Hồ Chí Minh,Sức khỏe,75,48,124,23,116,71,102,46.07
https://vnur.vn/,VNUR.VN - Bảng xếp hạng Đại học Việt Nam,2026,61,table_1,BẢNG XẾP HẠNG TOP 100 TRƯỜNG ĐẠI HỌC VIỆT NAM NĂM 2026,Trường Đại học Mở Hà Nội,https://vnur.vn/truong-dai-hoc-mo-ha-noi/,https://vnur.vn/wp-content/uploads/2023/01/63.Mo-Ha-Noi.png,61,Công lập,Trường Đại học,Đồng bằng Sông Hồng,Thành phố Hà Nội,Đa Ngành,76,62,59,123,58,85,170,45.89
https://vnur.vn/,VNUR.VN - Bảng xếp hạng Đại học Việt Nam,2026,61,table_1,BẢNG XẾP HẠNG TOP 100 TRƯỜNG ĐẠI HỌC VIỆT NAM NĂM 2026,Trường Đại học Tài nguyên và Môi trường Hà Nội,https://vnur.vn/truong-dai-hoc-tai-nguyen-va-moi-truong-ha-noi/,https://upload.wikimedia.org/wikipedia/commons/4/4e/HUNRE_Logo.png,67,Công lập,Trường Đại học,Đồng bằng Sông Hồng,Thành phố Hà Nội,Đa Ngành,77,33,85,80,30,101,191,45.87
https://vnur.vn/,VNUR.VN - Bảng xếp hạng Đại học Việt Nam,2026,61,table_1,BẢNG XẾP HẠNG TOP 100 TRƯỜNG ĐẠI HỌC VIỆT NAM NĂM 2026,Trường Đại học Công thương TP. Hồ Chí Minh,https://vnur.vn/truong-dai-hoc-cong-thuong-tp-ho-chi-minh/,https://giaoduc247.vn/uploads/082021/images/HUIT(1).jpeg,47,Công lập,Trường Đại học,Đông Nam Bộ,Thành phố Hồ Chí Minh,"Kỹ thuật, Công nghệ",78,62,80,46,71,79,179,45.40
https://vnur.vn/,VNUR.VN - Bảng xếp hạng Đại học Việt Nam,2026,61,table_1,BẢNG XẾP HẠNG TOP 100 TRƯỜNG ĐẠI HỌC VIỆT NAM NĂM 2026,Trường Đại học Đông Á,https://vnur.vn/truong-dai-hoc-dong-a/,https://vnur.vn/wp-content/uploads/2026/01/DH-Dong-A.png,106,Tư thục,Trường Đại học,Duyên hải Nam Trung Bộ và Tây Nguyên,Thành phố Đà Nẵng,Đa Ngành,79,62,83,65,116,141,9,44.94
https://vnur.vn/,VNUR.VN - Bảng xếp hạng Đại học Việt Nam,2026,61,table_1,BẢNG XẾP HẠNG TOP 100 TRƯỜNG ĐẠI HỌC VIỆT NAM NĂM 2026,Trường Đại học Thể dục Thể thao TP. Hồ Chí Minh,https://vnur.vn/truong-dai-hoc-the-duc-the-thao-tp-ho-chi-minh/,https://upload.wikimedia.org/wikipedia/vi/0/0c/Logo-truong-dai-hoc-the-duc-the-thao-tp-hcm.jpg,57,Công lập,Trường Đại học,Đông Nam Bộ,Thành phố Hồ Chí Minh,Thể thao,80,62,91,176,104,53,32,44.93
https://vnur.vn/,VNUR.VN - Bảng xếp hạng Đại học Việt Nam,2026,61,table_1,BẢNG XẾP HẠNG TOP 100 TRƯỜNG ĐẠI HỌC VIỆT NAM NĂM 2026,Trường Đại học FPT,https://vnur.vn/truong-dai-hoc-fpt/,https://vnur.vn/wp-content/uploads/2023/01/37.FPT_.jpg,81,Tư thục,Trường Đại học,Đồng bằng Sông Hồng,Thành phố Hà Nội,Đa Ngành,81,59,100,27,139,68,155,44.86
https://vnur.vn/,VNUR.VN - Bảng xếp hạng Đại học Việt Nam,2026,61,table_1,BẢNG XẾP HẠNG TOP 100 TRƯỜNG ĐẠI HỌC VIỆT NAM NĂM 2026,Trường Đại học Văn Hiến,https://vnur.vn/truong-dai-hoc-van-hien-2/,https://viedu.edu.vn/wp-content/uploads/2021/07/iconlogoDHVanHien.png,92,Tư thục,Trường Đại học,Đông Nam Bộ,Thành phố Hồ Chí Minh,Đa Ngành,82,46,74,113,87,109,172,44.69
https://vnur.vn/,VNUR.VN - Bảng xếp hạng Đại học Việt Nam,2026,61,table_1,BẢNG XẾP HẠNG TOP 100 TRƯỜNG ĐẠI HỌC VIỆT NAM NĂM 2026,Trường Đại học Y Dược Hải Phòng,https://vnur.vn/truong-dai-hoc-y-duoc-hai-phong-2/,https://vnur.vn/wp-content/uploads/2026/01/Logo-Truong-Dai-hoc-Y-Hai-Phong-HPMU.webp,78,Công lập,Trường Đại học,Đồng bằng Sông Hồng,Thành phố Hải Phòng,Sức khỏe,83,62,111,87,98,38,26,44.41
https://vnur.vn/,VNUR.VN - Bảng xếp hạng Đại học Việt Nam,2026,61,table_1,BẢNG XẾP HẠNG TOP 100 TRƯỜNG ĐẠI HỌC VIỆT NAM NĂM 2026,Trường Đại học Tây Nguyên,https://vnur.vn/truong-dai-hoc-tay-nguyen/,https://vnur.vn/wp-content/uploads/2023/01/74.Tay-Nguyen.jpg,75,Công lập,Trường Đại học,Duyên hải Nam Trung Bộ và Tây Nguyên,Đắk Lắk,Đa Ngành,84,62,108,63,37,64,122,44.19
https://vnur.vn/,VNUR.VN - Bảng xếp hạng Đại học Việt Nam,2026,61,table_1,BẢNG XẾP HẠNG TOP 100 TRƯỜNG ĐẠI HỌC VIỆT NAM NĂM 2026,Trường Đại học Kỹ thuật Y - Dược Đà Nẵng,https://vnur.vn/truong-dai-hoc-ky-thuat-y-duoc-da-nang/,https://vnur.vn/wp-content/uploads/2023/01/57.Ky-thuat-Y-duoc-Da-Nang.png,88,Công lập,Trường Đại học,Bắc Trung bộ và Duyên hải Nam Trung bộ,Thành phố Đà Nẵng,Sức khỏe,85,62,93,81,151,88,100,44.14
https://vnur.vn/,VNUR.VN - Bảng xếp hạng Đại học Việt Nam,2026,61,table_1,BẢNG XẾP HẠNG TOP 100 TRƯỜNG ĐẠI HỌC VIỆT NAM NĂM 2026,Trường Đại học Sư phạm Kỹ thuật Vinh,https://vnur.vn/truong-dai-hoc-su-pham-ky-thuat-vinh/,https://vnur.vn/wp-content/uploads/2026/01/DH-Su-pham-Ky-thuat-Vinh.png,107,Công lập,Trường Đại học,Bắc Trung Bộ,Nghệ An,"Kỹ thuật, Công nghệ",86,62,81,136,135,125,42,44.12
https://vnur.vn/,VNUR.VN - Bảng xếp hạng Đại học Việt Nam,2026,61,table_1,BẢNG XẾP HẠNG TOP 100 TRƯỜNG ĐẠI HỌC VIỆT NAM NĂM 2026,Trường Đại học Hoa Sen,https://vnur.vn/truong-dai-hoc-hoa-sen/,https://vnur.vn/wp-content/uploads/2026/01/DH-Hoa-Sen.png,108,Tư thục,Trường Đại học,Đông Nam Bộ,Thành phố Hồ Chí Minh,Đa Ngành,87,18,98,129,146,134,167,43.97
https://vnur.vn/,VNUR.VN - Bảng xếp hạng Đại học Việt Nam,2026,61,table_1,BẢNG XẾP HẠNG TOP 100 TRƯỜNG ĐẠI HỌC VIỆT NAM NĂM 2026,Trường Đại học CMC,https://vnur.vn/truong-dai-hoc-cmc/,https://vnur.vn/wp-content/uploads/2026/01/DH-CMC.png,109,Tư thục,Trường Đại học,Đồng bằng Sông Hồng,Thành phố Hà Nội,Đa Ngành,88,179,45,122,151,4,143,43.73
https://vnur.vn/,VNUR.VN - Bảng xếp hạng Đại học Việt Nam,2026,61,table_1,BẢNG XẾP HẠNG TOP 100 TRƯỜNG ĐẠI HỌC VIỆT NAM NĂM 2026,Trường Đại học Hùng Vương,https://vnur.vn/truong-dai-hoc-hung-vuong/,https://vnur.vn/wp-content/uploads/2026/01/z7428427959961_aeeb83cdbffa258eb319038a773cd90d.jpg,110,Công lập,Trường Đại học,Trung du và miền núi phía Bắc,Phú Thọ,Đa Ngành,89,62,120,112,41,54,32,43.55
https://vnur.vn/,VNUR.VN - Bảng xếp hạng Đại học Việt Nam,2026,61,table_1,BẢNG XẾP HẠNG TOP 100 TRƯỜNG ĐẠI HỌC VIỆT NAM NĂM 2026,Trường Đại học Quốc tế Hồng Bàng,https://vnur.vn/truong-dai-hoc-quoc-te-hong-bang/,https://vnur.vn/wp-content/uploads/2023/01/62.-DH-Quoc-Te-Hong-Bang.jpg,79,Tư thục,Trường Đại học,Đông Nam Bộ,Thành phố Hồ Chí Minh,Đa Ngành,90,62,107,99,120,75,97,43.23
https://vnur.vn/,VNUR.VN - Bảng xếp hạng Đại học Việt Nam,2026,61,table_1,BẢNG XẾP HẠNG TOP 100 TRƯỜNG ĐẠI HỌC VIỆT NAM NĂM 2026,Trường Đại học Lâm nghiệp,https://vnur.vn/truong-dai-hoc-lam-nghiep-2/,https://vnuf.edu.vn/wp-content/uploads/2024/01/logo-footer-2024.png,70,Công lập,Trường Đại học,Đồng bằng Sông Hồng,Thành phố Hà Nội,Nông - Lâm,91,62,115,64,21,137,19,43.08
https://vnur.vn/,VNUR.VN - Bảng xếp hạng Đại học Việt Nam,2026,61,table_1,BẢNG XẾP HẠNG TOP 100 TRƯỜNG ĐẠI HỌC VIỆT NAM NĂM 2026,Trường Đại học Công nghệ Đồng Nai,https://vnur.vn/truong-dai-hoc-cong-nghe-dong-nai/,https://cdn.haitrieu.com/wp-content/uploads/2021/12/Logo-DH-Cong-Nghe-Dong-Nai-DNTU.png,91,Tư thục,Trường Đại học,Đông Nam Bộ,Đồng Nai,Đa Ngành,92,41,131,55,120,116,24,43.04
https://vnur.vn/,VNUR.VN - Bảng xếp hạng Đại học Việt Nam,2026,61,table_1,BẢNG XẾP HẠNG TOP 100 TRƯỜNG ĐẠI HỌC VIỆT NAM NĂM 2026,Trường Đại học Kiến trúc TP. Hồ Chí Minh,https://vnur.vn/truong-dai-hoc-kien-truc-tp-ho-chi-minh/,https://vnur.vn/wp-content/uploads/2023/01/64.Kien-truc-TP.HCM_.jpg,54,Công lập,Trường Đại học,Đông Nam Bộ,Thành phố Hồ Chí Minh,Xây dựng - Kiến trúc,93,62,87,78,146,90,181,42.98
https://vnur.vn/,VNUR.VN - Bảng xếp hạng Đại học Việt Nam,2026,61,table_1,BẢNG XẾP HẠNG TOP 100 TRƯỜNG ĐẠI HỌC VIỆT NAM NĂM 2026,"Trường Đại học Văn hoá, Thể thao và Du lịch Thanh Hoá",https://vnur.vn/truong-dai-hoc-van-hoa-the-thao-va-du-lich-thanh-hoa/,https://vnur.vn/wp-content/uploads/2026/01/DH-Van-hoa-The-thao-DL-Thanh-Hoa.png,111,Công lập,Trường Đại học,Bắc Trung Bộ,Thanh Hoá,Đa Ngành,94,62,88,168,104,128,42,42.94
https://vnur.vn/,VNUR.VN - Bảng xếp hạng Đại học Việt Nam,2026,61,table_1,BẢNG XẾP HẠNG TOP 100 TRƯỜNG ĐẠI HỌC VIỆT NAM NĂM 2026,Trường Đại học Kiên Giang,https://vnur.vn/truong-dai-hoc-kien-giang/,https://www.vnkgu.edu.vn/public/images/logo.png,100,Công lập,Trường Đại học,Đồng bằng sông Cửu Long,An Giang,Đa Ngành,95,62,96,82,151,120,42,42.85
https://vnur.vn/,VNUR.VN - Bảng xếp hạng Đại học Việt Nam,2026,61,table_1,BẢNG XẾP HẠNG TOP 100 TRƯỜNG ĐẠI HỌC VIỆT NAM NĂM 2026,Trường Đại học Thể dục thể thao Đà Nẵng,https://vnur.vn/truong-dai-hoc-the-duc-the-thao-da-nang/,https://vnur.vn/wp-content/uploads/2026/01/DH-The-duc-the-thao-Da-Nang.png,112,Công lập,Trường Đại học,Duyên hải Nam Trung Bộ và Tây Nguyên,Thành phố Đà Nẵng,,96,62,129,169,104,32,42,42.56
https://vnur.vn/,VNUR.VN - Bảng xếp hạng Đại học Việt Nam,2026,61,table_1,BẢNG XẾP HẠNG TOP 100 TRƯỜNG ĐẠI HỌC VIỆT NAM NĂM 2026,Trường Đại học Kinh tế - Kỹ thuật Bình Dương,https://vnur.vn/truong-dai-hoc-kinh-te-ky-thuat-binh-duong/,https://vnur.vn/wp-content/uploads/2026/01/DH-Kinh-te-Ky-Thuat-Binh-Duong.png,113,Tư thục,Trường Đại học,Đông Nam Bộ,Thành phố Hồ Chí Minh,Đa Ngành,97,62,78,161,126,187,42,42.51
https://vnur.vn/,VNUR.VN - Bảng xếp hạng Đại học Việt Nam,2026,61,table_1,BẢNG XẾP HẠNG TOP 100 TRƯỜNG ĐẠI HỌC VIỆT NAM NĂM 2026,Trường Đại học Mỹ thuật TP. Hồ Chí Minh,https://vnur.vn/truong-dai-hoc-my-thuat-tp-ho-chi-minh/,https://upload.wikimedia.org/wikipedia/commons/b/b6/Logohcmufa.png,85,Công lập,Trường Đại học,Đông Nam Bộ,Thành phố Hồ Chí Minh,,98,62,121,179,151,42,42,42.33
https://vnur.vn/,VNUR.VN - Bảng xếp hạng Đại học Việt Nam,2026,61,table_1,BẢNG XẾP HẠNG TOP 100 TRƯỜNG ĐẠI HỌC VIỆT NAM NĂM 2026,Trường Đại học Công nghiệp Việt - Hung,https://vnur.vn/truong-dai-hoc-cong-nghiep-viet-hung-2/,https://vnur.vn/wp-content/uploads/2026/01/DH-Cong-nghiep-Viet-Hung.png,114,Công lập,Trường Đại học,Đồng bằng Sông Hồng,Thành phố Hà Nội,"Kỹ thuật, Công nghệ",99,62,92,159,151,140,42,42.08
https://vnur.vn/,VNUR.VN - Bảng xếp hạng Đại học Việt Nam,2026,61,table_1,BẢNG XẾP HẠNG TOP 100 TRƯỜNG ĐẠI HỌC VIỆT NAM NĂM 2026,Trường Đại học Tây Đô,https://vnur.vn/truong-dai-hoc-tay-do/,https://vnur.vn/wp-content/uploads/2023/01/76.Tay-Do.jpg,86,Tư thục,Trường Đại học,Đồng bằng sông Cửu Long,Thành phố Cần Thơ,Đa Ngành,100,44,106,151,112,153,32,41.91
https://vnur.vn/,VNUR.VN - Bảng xếp hạng Đại học Việt Nam,2025,60,table_2,BẢNG XẾP HẠNG TOP 100 TRƯỜNG ĐẠI HỌC VIỆT NAM NĂM 2025,ĐẠI HỌC QUỐC GIA HÀ NỘI (VNU),,https://vnur.vn/wp-content/uploads/2025/07/Logo-DH-Quoc-Gia-Ha-Noi-VNU.webp,1,,Công lập,Đồng bằng Sông Hồng,Hà Nội,Đa Ngành,1,1,33,6,1,22,4,100.00
https://vnur.vn/,VNUR.VN - Bảng xếp hạng Đại học Việt Nam,2025,60,table_2,BẢNG XẾP HẠNG TOP 100 TRƯỜNG ĐẠI HỌC VIỆT NAM NĂM 2025,ĐẠI HỌC QUỐC GIA THÀNH PHỐ HỒ CHÍ MINH (CÔNG LẬP),https://vnur.vn/dai-hoc-quoc-gia-thanh-pho-ho-chi-minh/,https://upload.wikimedia.org/wikipedia/vi/thumb/f/fb/VNUHCM_logo.svg/1200px-VNUHCM_logo.svg.png,2,,Công lập,Đông Nam bộ,TP. Hồ Chí Minh,Đa ngành,2,2,17,1,2,41,1,99.53
https://vnur.vn/,VNUR.VN - Bảng xếp hạng Đại học Việt Nam,2025,60,table_2,BẢNG XẾP HẠNG TOP 100 TRƯỜNG ĐẠI HỌC VIỆT NAM NĂM 2025,ĐẠI HỌC BÁCH KHOA HÀ NỘI (CÔNG LẬP),https://vnur.vn/dai-hoc-bach-khoa-ha-noi/,https://hust.edu.vn/uploads/sys/logo-dhbk-1-02_130_191.png,3,,Công lập,Đồng bằng Sông Hồng,Hà Nội,"Kỹ thuật, Công nghệ",3,7,1,4,3,12,2,90.06
https://vnur.vn/,VNUR.VN - Bảng xếp hạng Đại học Việt Nam,2025,60,table_2,BẢNG XẾP HẠNG TOP 100 TRƯỜNG ĐẠI HỌC VIỆT NAM NĂM 2025,ĐẠI HỌC KINH TẾ TP. HỒ CHÍ MINH (CÔNG LẬP),https://vnur.vn/truong-dai-hoc-kinh-te-tp-ho-chi-minh/,https://vnur.vn/wp-content/uploads/2023/01/6.Kinh-te-TP.HCM_.jpg,4,,Công lập,Đông Nam Bộ,TP. Hồ Chí Minh,"Kinh tế, Tài chính",4,4,6,7,34,9,114,79.47
https://vnur.vn/,VNUR.VN - Bảng xếp hạng Đại học Việt Nam,2025,60,table_2,BẢNG XẾP HẠNG TOP 100 TRƯỜNG ĐẠI HỌC VIỆT NAM NĂM 2025,TRƯỜNG ĐẠI HỌC TÔN ĐỨC THẮNG (CÔNG LẬP),https://vnur.vn/truong-dai-hoc-ton-duc-thang/,https://www.tdtu.edu.vn/sites/www/files/logo/logo-tdt-new.png,5,,Công lập,Đông Nam Bộ,TP. Hồ Chí Minh,Đa Ngành,5,6,53,3,19,14,11,77.75
https://vnur.vn/,VNUR.VN - Bảng xếp hạng Đại học Việt Nam,2025,60,table_2,BẢNG XẾP HẠNG TOP 100 TRƯỜNG ĐẠI HỌC VIỆT NAM NĂM 2025,ĐẠI HỌC DUY TÂN (TƯ THỤC),,https://vnur.vn/wp-content/uploads/2025/07/logoDT-70.webp,6,,Tư thục,Bắc Trung bộ và Duyên hải Nam Trung bộ,Đà Nẵng,Đa Ngành,6,5,39,2,10,180,153,76.30
https://vnur.vn/,VNUR.VN - Bảng xếp hạng Đại học Việt Nam,2025,60,table_2,BẢNG XẾP HẠNG TOP 100 TRƯỜNG ĐẠI HỌC VIỆT NAM NĂM 2025,TRƯỜNG ĐẠI HỌC KHOA HỌC VÀ CÔNG NGHỆ HÀ NỘI (CÔNG LẬP),https://vnur.vn/truong-dai-hoc-khoa-hoc-va-cong-nghe-ha-noi/,https://vnur.vn/wp-content/uploads/2024/01/Logo-Truong-Dai-hoc-Khoa-hoc-va-Cong-nghe-Ha-Noi-VN-France-University.webp,7,,Công lập,Đồng bằng Sông Hồng,Hà Nội,Đa Ngành,7,20,14,5,66,64,60,67.46
https://vnur.vn/,VNUR.VN - Bảng xếp hạng Đại học Việt Nam,2025,60,table_2,BẢNG XẾP HẠNG TOP 100 TRƯỜNG ĐẠI HỌC VIỆT NAM NĂM 2025,TRƯỜNG ĐẠI HỌC SƯ PHẠM HÀ NỘI (CÔNG LẬP),https://vnur.vn/truong-dai-hoc-su-pham-ha-noi/,https://vnur.vn/wp-content/uploads/2023/01/8.Su-pham-Ha-Noi.jpg,8,,Công lập,Đồng bằng Sông Hồng,Hà Nội,Sư phạm,8,25,2,26,8,4,24,66.41
https://vnur.vn/,VNUR.VN - Bảng xếp hạng Đại học Việt Nam,2025,60,table_2,BẢNG XẾP HẠNG TOP 100 TRƯỜNG ĐẠI HỌC VIỆT NAM NĂM 2025,ĐẠI HỌC ĐÀ NẴNG (CÔNG LẬP),https://vnur.vn/dai-hoc-da-nang/,https://vnur.vn/wp-content/uploads/2023/01/9.Da-Nang.jpg,9,,Công lập,Bắc Trung bộ và Duyên hải Nam Trung bộ,Đà Nẵng,Đa Ngành,9,10,13,16,27,47,121,65.71
https://vnur.vn/,VNUR.VN - Bảng xếp hạng Đại học Việt Nam,2025,60,table_2,BẢNG XẾP HẠNG TOP 100 TRƯỜNG ĐẠI HỌC VIỆT NAM NĂM 2025,TRƯỜNG ĐẠI HỌC CẦN THƠ (CÔNG LẬP),https://vnur.vn/truong-dai-hoc-can-tho/,https://vnur.vn/wp-content/uploads/2023/01/7.Can-Tho.jpg,10,,Công lập,Đồng bằng sông Cửu Long,Cần Thơ,Đa Ngành,10,31,28,10,5,60,3,64.80
https://vnur.vn/,VNUR.VN - Bảng xếp hạng Đại học Việt Nam,2025,60,table_2,BẢNG XẾP HẠNG TOP 100 TRƯỜNG ĐẠI HỌC VIỆT NAM NĂM 2025,ĐẠI HỌC HUẾ (CÔNG LẬP),https://vnur.vn/dai-hoc-hue/,https://vnur.vn/wp-content/uploads/2023/01/10.Hue_.jpg,11,,Công lập,Bắc Trung bộ và Duyên hải Nam Trung bộ,Thừa Thiên Huế,Đa Ngành,11,9,54,20,9,104,8,61.87
https://vnur.vn/,VNUR.VN - Bảng xếp hạng Đại học Việt Nam,2025,60,table_2,BẢNG XẾP HẠNG TOP 100 TRƯỜNG ĐẠI HỌC VIỆT NAM NĂM 2025,TRƯỜNG ĐẠI HỌC THƯƠNG MẠI (CÔNG LẬP),https://vnur.vn/truong-dai-hoc-thuong-mai/,https://vnur.vn/wp-content/uploads/2023/01/32.Thuong-mai.jpg,12,,Công lập,Đồng bằng Sông Hồng,Hà Nội,"Kinh tế, Tài chính",12,17,12,39,30,7,119,61.01
https://vnur.vn/,VNUR.VN - Bảng xếp hạng Đại học Việt Nam,2025,60,table_2,BẢNG XẾP HẠNG TOP 100 TRƯỜNG ĐẠI HỌC VIỆT NAM NĂM 2025,TRƯỜNG ĐẠI HỌC DƯỢC HÀ NỘI (CÔNG LẬP),https://vnur.vn/truong-dai-hoc-duoc-ha-noi/,https://vnur.vn/wp-content/uploads/2023/01/20.Duoc-Ha-Noi.jpg,13,,Công lập,Đồng bằng Sông Hồng,Hà Nội,Sức khỏe,13,60,3,24,28,16,125,60.98
https://vnur.vn/,VNUR.VN - Bảng xếp hạng Đại học Việt Nam,2025,60,table_2,BẢNG XẾP HẠNG TOP 100 TRƯỜNG ĐẠI HỌC VIỆT NAM NĂM 2025,HỌC VIỆN NGÂN HÀNG (CÔNG LẬP),https://vnur.vn/hoc-vien-ngan-hang/,https://vnur.vn/wp-content/uploads/2023/01/47.Hoc-vien-Ngan-hang.jpg,14,,Công lập,Đồng bằng Sông Hồng,Hà Nội,"Kinh tế, Tài chính",14,60,5,46,15,11,22,60.64
https://vnur.vn/,VNUR.VN - Bảng xếp hạng Đại học Việt Nam,2025,60,table_2,BẢNG XẾP HẠNG TOP 100 TRƯỜNG ĐẠI HỌC VIỆT NAM NĂM 2025,ĐẠI HỌC KINH TẾ QUỐC DÂN (CÔNG LẬP),https://vnur.vn/truong-dai-hoc-kinh-te-quoc-dan/,https://vnur.vn/wp-content/uploads/2023/01/21.Kinh-te-Quoc-dan.jpg,15,,Công lập,Đồng bằng Sông Hồng,Hà Nội,"Kinh tế, Tài chính",15,163,4,17,23,2,31,60.61
https://vnur.vn/,VNUR.VN - Bảng xếp hạng Đại học Việt Nam,2025,60,table_2,BẢNG XẾP HẠNG TOP 100 TRƯỜNG ĐẠI HỌC VIỆT NAM NĂM 2025,Trường Đại học Sư phạm Hà Nội 2,https://vnur.vn/truong-dai-hoc-su-pham-ha-noi-2/,https://vnur.vn/wp-content/uploads/2024/01/Su_pham_HN2.jpg,16,,Công lập,Đồng bằng Sông Hồng,Vĩnh Phúc,Sư phạm,16,21,7,63,59,18,37,60.22
https://vnur.vn/,VNUR.VN - Bảng xếp hạng Đại học Việt Nam,2025,60,table_2,BẢNG XẾP HẠNG TOP 100 TRƯỜNG ĐẠI HỌC VIỆT NAM NĂM 2025,TRƯỜNG ĐẠI HỌC NGUYỄN TẤT THÀNH (TƯ THỤC),https://vnur.vn/truong-dai-hoc-nguyen-tat-thanh/,https://vnur.vn/wp-content/uploads/2023/01/19.Nguyen-Tat-Thanh.jpg,17,,Tư thục,Đông Nam Bộ,TP. Hồ Chí Minh,Đa Ngành,17,8,68,9,14,189,143,59.22
https://vnur.vn/,VNUR.VN - Bảng xếp hạng Đại học Việt Nam,2025,60,table_2,BẢNG XẾP HẠNG TOP 100 TRƯỜNG ĐẠI HỌC VIỆT NAM NĂM 2025,TRƯỜNG ĐẠI HỌC THUỶ LỢI (CÔNG LẬP),https://vnur.vn/truong-dai-hoc-thuy-loi/,https://vnur.vn/wp-content/uploads/2023/01/12.Thuy-loi.jpg,18,,Công lập,Đồng bằng Sông Hồng,Hà Nội,Đa Ngành,18,35,10,25,18,31,170,58.95
https://vnur.vn/,VNUR.VN - Bảng xếp hạng Đại học Việt Nam,2025,60,table_2,BẢNG XẾP HẠNG TOP 100 TRƯỜNG ĐẠI HỌC VIỆT NAM NĂM 2025,TRƯỜNG ĐẠI HỌC VĂN LANG (TƯ THỤC),https://vnur.vn/truong-dai-hoc-van-lang/,https://vnur.vn/wp-content/uploads/2023/01/50.Van-Lang.jpg,19,,Tư thục,Đông Nam Bộ,TP. Hồ Chí Minh,Đa Ngành,19,3,67,21,76,139,176,58.68
https://vnur.vn/,VNUR.VN - Bảng xếp hạng Đại học Việt Nam,2025,60,table_2,BẢNG XẾP HẠNG TOP 100 TRƯỜNG ĐẠI HỌC VIỆT NAM NĂM 2025,TRƯỜNG ĐẠI HỌC SƯ PHẠM TP. HỒ CHÍ MINH (CÔNG LẬP),https://vnur.vn/truong-dai-hoc-su-pham-tp-ho-chi-minh/,https://vnur.vn/wp-content/uploads/2023/01/53.Su-pham-TP.HCM_.png,20,,Công lập,Đông Nam Bộ,TP. Hồ Chí Minh,Sư phạm,20,50,16,33,37,26,6,58.27
https://vnur.vn/,VNUR.VN - Bảng xếp hạng Đại học Việt Nam,2025,60,table_2,BẢNG XẾP HẠNG TOP 100 TRƯỜNG ĐẠI HỌC VIỆT NAM NĂM 2025,TRƯỜNG ĐẠI HỌC CÔNG NGHIỆP TP. HỒ CHÍ MINH (CÔNG LẬP),https://vnur.vn/truong-dai-hoc-cong-nghiep-tp-ho-chi-minh/,https://vnur.vn/wp-content/uploads/2023/01/11.Cong-nghiep-TP.HCM_.jpg,21,,Công lập,Đông Nam Bộ,TP. Hồ Chí Minh,Đa Ngành,21,14,41,11,26,69,126,58.21
https://vnur.vn/,VNUR.VN - Bảng xếp hạng Đại học Việt Nam,2025,60,table_2,BẢNG XẾP HẠNG TOP 100 TRƯỜNG ĐẠI HỌC VIỆT NAM NĂM 2025,TRƯỜNG ĐẠI HỌC MỎ - ĐỊA CHẤT (CÔNG LẬP),https://vnur.vn/truong-dai-hoc-mo-dia-chat/,https://vnur.vn/wp-content/uploads/2023/01/22.Mo-Dia-chat.jpg,22,,Công lập,Đồng bằng Sông Hồng,Hà Nội,Đa Ngành,22,33,11,27,16,87,138,58.14
https://vnur.vn/,VNUR.VN - Bảng xếp hạng Đại học Việt Nam,2025,60,table_2,BẢNG XẾP HẠNG TOP 100 TRƯỜNG ĐẠI HỌC VIỆT NAM NĂM 2025,TRƯỜNG ĐẠI HỌC NGOẠI THƯƠNG (CÔNG LẬP),https://vnur.vn/truong-dai-hoc-ngoai-thuong/,https://vnur.vn/wp-content/uploads/2023/01/13.Ngoai-Thuong.jpg,23,,Công lập,Đồng bằng Sông Hồng,Hà Nội,"Kinh tế, Tài chính",23,23,23,45,24,1,137,58.08
https://vnur.vn/,VNUR.VN - Bảng xếp hạng Đại học Việt Nam,2025,60,table_2,BẢNG XẾP HẠNG TOP 100 TRƯỜNG ĐẠI HỌC VIỆT NAM NĂM 2025,TRƯỜNG ĐẠI HỌC SƯ PHẠM KỸ THUẬT TP. HỒ CHÍ MINH (CÔNG LẬP),https://vnur.vn/truong-dai-hoc-su-pham-ky-thuat-tp-ho-chi-minh/,https://vnur.vn/wp-content/uploads/2023/01/28.Su-pham-Ky-thuat-TP.HCM_.jpg,24,,Công lập,Đông Nam Bộ,TP. Hồ Chí Minh,"Kỹ thuật, Công nghệ",24,30,21,15,54,57,140,57.89
https://vnur.vn/,VNUR.VN - Bảng xếp hạng Đại học Việt Nam,2025,60,table_2,BẢNG XẾP HẠNG TOP 100 TRƯỜNG ĐẠI HỌC VIỆT NAM NĂM 2025,TRƯỜNG ĐẠI HỌC VINH (CÔNG LẬP),https://vnur.vn/truong-dai-hoc-vinh/,https://vnur.vn/wp-content/uploads/2023/01/27.Vinh_.jpg,25,,Công lập,Bắc Trung bộ và Duyên hải Nam Trung bộ,Nghệ An,Đa ngành,25,19,25,36,33,86,7,57.63
https://vnur.vn/,VNUR.VN - Bảng xếp hạng Đại học Việt Nam,2025,60,table_2,BẢNG XẾP HẠNG TOP 100 TRƯỜNG ĐẠI HỌC VIỆT NAM NĂM 2025,ĐẠI HỌC THÁI NGUYÊN (CÔNG LẬP),https://vnur.vn/dai-hoc-thai-nguyen/,https://vnur.vn/wp-content/uploads/2023/01/17.Thai-Nguyen.jpg,26,,Công lập,Trung du và miền núi phía Bắc,Thái Nguyên,Đa ngành,26,11,76,23,7,102,8,57.27
https://vnur.vn/,VNUR.VN - Bảng xếp hạng Đại học Việt Nam,2025,60,table_2,BẢNG XẾP HẠNG TOP 100 TRƯỜNG ĐẠI HỌC VIỆT NAM NĂM 2025,HỌC VIỆN TÀI CHÍNH (CÔNG LẬP),https://vnur.vn/hoc-vien-tai-chinh/,https://vnur.vn/wp-content/uploads/2023/01/87.Hoc-vien-Tai-chinh.png,27,,Công lập,Đồng bằng Sông Hồng,Hà Nội,"Kinh tế, Tài chính",27,60,9,91,31,5,23,57.23
https://vnur.vn/,VNUR.VN - Bảng xếp hạng Đại học Việt Nam,2025,60,table_2,BẢNG XẾP HẠNG TOP 100 TRƯỜNG ĐẠI HỌC VIỆT NAM NĂM 2025,HỌC VIỆN CÔNG NGHỆ BƯU CHÍNH VIỄN THÔNG (CÔNG LẬP),https://vnur.vn/hoc-vien-cong-nghe-buu-chinh-vien-thong/,https://vnur.vn/wp-content/uploads/2023/01/24.Hoc-vien-Buu-chinh-Vien-thong.jpg,28,,Công lập,Đồng bằng Sông Hồng,Hà Nội,"Kỹ thuật, Công nghệ",28,60,20,40,11,19,142,56.09
https://vnur.vn/,VNUR.VN - Bảng xếp hạng Đại học Việt Nam,2025,60,table_2,BẢNG XẾP HẠNG TOP 100 TRƯỜNG ĐẠI HỌC VIỆT NAM NĂM 2025,TRƯỜNG ĐẠI HỌC MỞ TP. HỒ CHÍ MINH (CÔNG LẬP),https://vnur.vn/truong-dai-hoc-mo-tp-ho-chi-minh/,https://vnur.vn/wp-content/uploads/2023/01/60.Mo-TP.HCM_.jpg,29,,Công lập,Đông Nam Bộ,TP. Hồ Chí Minh,Đa Ngành,29,29,24,19,41,85,145,56.07
https://vnur.vn/,VNUR.VN - Bảng xếp hạng Đại học Việt Nam,2025,60,table_2,BẢNG XẾP HẠNG TOP 100 TRƯỜNG ĐẠI HỌC VIỆT NAM NĂM 2025,HỌC VIỆN NÔNG NGHIỆP VIỆT NAM (CÔNG LẬP),https://vnur.vn/hoc-vien-nong-nghiep-viet-nam/,https://vnur.vn/wp-content/uploads/2023/01/16.Hoc-vien-Nong-nghiep.jpg,30,,Công lập,Đồng bằng Sông Hồng,Hà Nội,Nông - Lâm,30,57,27,28,6,98,36,55.84
https://vnur.vn/,VNUR.VN - Bảng xếp hạng Đại học Việt Nam,2025,60,table_2,BẢNG XẾP HẠNG TOP 100 TRƯỜNG ĐẠI HỌC VIỆT NAM NĂM 2025,TRƯỜNG ĐẠI HỌC ĐIỆN LỰC (CÔNG LẬP),https://vnur.vn/truong-dai-hoc-dien-luc/,https://vnur.vn/wp-content/uploads/2023/01/25.Dien-luc.jpg,31,,Công lập,Đồng bằng Sông Hồng,Hà Nội,Đa ngành,31,60,8,48,68,63,128,55.62
https://vnur.vn/,VNUR.VN - Bảng xếp hạng Đại học Việt Nam,2025,60,table_2,BẢNG XẾP HẠNG TOP 100 TRƯỜNG ĐẠI HỌC VIỆT NAM NĂM 2025,TRƯỜNG ĐẠI HỌC THỦ DẦU MỘT (CÔNG LẬP),https://vnur.vn/truong-dai-hoc-thu-dau-mot/,https://vnur.vn/wp-content/uploads/2023/01/15.Thu-Dau-Mot.png,32,,Công lập,Đông Nam Bộ,Bình Dương,Đa Ngành,32,15,56,13,60,101,12,55.57
https://vnur.vn/,VNUR.VN - Bảng xếp hạng Đại học Việt Nam,2025,60,table_2,BẢNG XẾP HẠNG TOP 100 TRƯỜNG ĐẠI HỌC VIỆT NAM NĂM 2025,TRƯỜNG ĐẠI HỌC CÔNG NGHIỆP HÀ NỘI (CÔNG LẬP),https://vnur.vn/truong-dai-hoc-cong-nghiep-ha-noi/,https://vnur.vn/wp-content/uploads/2023/01/23.Cong-nghiep-Ha-Noi.jpg,33,,Công lập,Đồng bằng Sông Hồng,Hà Nội,"Kỹ thuật, Công nghệ",33,12,45,44,21,39,181,55.22
https://vnur.vn/,VNUR.VN - Bảng xếp hạng Đại học Việt Nam,2025,60,table_2,BẢNG XẾP HẠNG TOP 100 TRƯỜNG ĐẠI HỌC VIỆT NAM NĂM 2025,TRƯỜNG ĐẠI HỌC NGÂN HÀNG TP. HỒ CHÍ MINH (CÔNG LẬP),https://vnur.vn/truong-dai-hoc-ngan-hang-tp-ho-chi-minh/,https://vnur.vn/wp-content/uploads/2023/01/58.DH-Ngan-hang-TP.HCM_.jpg,34,,Công lập,Đông Nam Bộ,TP. Hồ Chí Minh,"Kinh tế, Tài chính",34,52,19,34,63,20,133,55.12
https://vnur.vn/,VNUR.VN - Bảng xếp hạng Đại học Việt Nam,2025,60,table_2,BẢNG XẾP HẠNG TOP 100 TRƯỜNG ĐẠI HỌC VIỆT NAM NĂM 2025,TRƯỜNG ĐẠI HỌC XÂY DỰNG HÀ NỘI (CÔNG LẬP),https://vnur.vn/truong-dai-hoc-xay-dung-ha-noi/,https://vnur.vn/wp-content/uploads/2023/01/14.Xay-dung-Ha-Noi.jpg,35,,Công lập,Đồng bằng Sông Hồng,Hà Nội,Xây dựng - Kiến trúc,35,18,43,32,12,67,151,55.01
https://vnur.vn/,VNUR.VN - Bảng xếp hạng Đại học Việt Nam,2025,60,table_2,BẢNG XẾP HẠNG TOP 100 TRƯỜNG ĐẠI HỌC VIỆT NAM NĂM 2025,TRƯỜNG ĐẠI HỌC QUY NHƠN (CÔNG LẬP),https://vnur.vn/truong-dai-hoc-quy-nhon/,https://vnur.vn/wp-content/uploads/2023/01/18.Quy-Nhon.png,36,,Công lập,Bắc Trung bộ và Duyên hải Nam Trung bộ,Bình Định,Đa ngành,36,33,26,58,20,91,25,55.00
https://vnur.vn/,VNUR.VN - Bảng xếp hạng Đại học Việt Nam,2025,60,table_2,BẢNG XẾP HẠNG TOP 100 TRƯỜNG ĐẠI HỌC VIỆT NAM NĂM 2025,HỌC VIỆN BÁO CHÍ VÀ TUYÊN TRUYỀN (CÔNG LẬP),https://vnur.vn/hoc-vien-bao-chi-va-tuyen-truyen/,https://vnur.vn/wp-content/uploads/2023/01/34.Hoc-vien-Bao-chi-Tuyen-truyen.jpg,37,,Công lập,Đồng bằng Sông Hồng,Hà Nội,Hành chính,37,60,15,126,57,10,42,54.56
https://vnur.vn/,VNUR.VN - Bảng xếp hạng Đại học Việt Nam,2025,60,table_2,BẢNG XẾP HẠNG TOP 100 TRƯỜNG ĐẠI HỌC VIỆT NAM NĂM 2025,TRƯỜNG ĐẠI HỌC HÀNG HẢI VIỆT NAM (CÔNG LẬP),https://vnur.vn/truong-dai-hoc-hang-hai-viet-nam/,https://vnur.vn/wp-content/uploads/2023/01/44.Hang-hai-Viet-Nam.jpg,38,,Công lập,Đồng bằng Sông Hồng,Hải Phòng,Đa Ngành,38,60,38,62,17,49,5,53.74
https://vnur.vn/,VNUR.VN - Bảng xếp hạng Đại học Việt Nam,2025,60,table_2,BẢNG XẾP HẠNG TOP 100 TRƯỜNG ĐẠI HỌC VIỆT NAM NĂM 2025,TRƯỜNG ĐẠI HỌC Y HÀ NỘI (CÔNG LẬP),https://vnur.vn/truong-dai-hoc-y-ha-noi/,https://vnur.vn/wp-content/uploads/2023/01/29.Y-Ha-Noi.jpg,39,,Công lập,Đồng bằng Sông Hồng,Hà Nội,Sức khỏe,39,32,87,12,38,33,32,53.60
https://vnur.vn/,VNUR.VN - Bảng xếp hạng Đại học Việt Nam,2025,60,table_2,BẢNG XẾP HẠNG TOP 100 TRƯỜNG ĐẠI HỌC VIỆT NAM NĂM 2025,TRƯỜNG ĐẠI HỌC LUẬT HÀ NỘI (CÔNG LẬP),https://vnur.vn/truong-dai-hoc-luat-ha-noi/,https://vnur.vn/wp-content/uploads/2023/01/59.Luat-Ha-Noi.jpg,40,,Công lập,Đồng bằng Sông Hồng,Hà Nội,Pháp luật,40,60,31,119,53,8,10,52.74
https://vnur.vn/,VNUR.VN - Bảng xếp hạng Đại học Việt Nam,2025,60,table_2,BẢNG XẾP HẠNG TOP 100 TRƯỜNG ĐẠI HỌC VIỆT NAM NĂM 2025,TRƯỜNG ĐẠI HỌC THĂNG LONG (TƯ THỤC),https://vnur.vn/truong-dai-hoc-thang-long/,https://vnur.vn/wp-content/uploads/2023/01/54.Thang-Long.jpg,41,,Tư thục,Đồng bằng Sông Hồng,Hà Nội,Đa Ngành,41,60,18,54,153,38,167,52.14
https://vnur.vn/,VNUR.VN - Bảng xếp hạng Đại học Việt Nam,2025,60,table_2,BẢNG XẾP HẠNG TOP 100 TRƯỜNG ĐẠI HỌC VIỆT NAM NĂM 2025,TRƯỜNG ĐẠI HỌC GIAO THÔNG VẬN TẢI (CÔNG LẬP),https://vnur.vn/truong-dai-hoc-giao-thong-van-tai/,https://vnur.vn/wp-content/uploads/2023/01/36.Giao-thong-van-tai.jpg,42,,Công lập,Đồng bằng Sông Hồng,Hà Nội,Đa Ngành,42,24,60,42,13,40,184,51.55
https://vnur.vn/,VNUR.VN - Bảng xếp hạng Đại học Việt Nam,2025,60,table_2,BẢNG XẾP HẠNG TOP 100 TRƯỜNG ĐẠI HỌC VIỆT NAM NĂM 2025,TRƯỜNG ĐẠI HỌC SÀI GÒN (CÔNG LẬP),https://vnur.vn/truong-dai-hoc-sai-gon/,https://vnur.vn/wp-content/uploads/2023/01/48.Sai-Gon.jpg,43,,Công lập,Đông Nam Bộ,TP. Hồ Chí Minh,Đa Ngành,43,60,37,50,43,25,164,51.26
https://vnur.vn/,VNUR.VN - Bảng xếp hạng Đại học Việt Nam,2025,60,table_2,BẢNG XẾP HẠNG TOP 100 TRƯỜNG ĐẠI HỌC VIỆT NAM NĂM 2025,TRƯỜNG ĐẠI HỌC CÔNG NGHỆ GIAO THÔNG VẬN TẢI (CÔNG LẬP),https://vnur.vn/truong-dai-hoc-cong-nghe-giao-thong-van-tai/,https://vnur.vn/wp-content/uploads/2023/01/65.Cong-nghe-Giao-thong-Van-tai.jpg,44,,Công lập,Đồng bằng Sông Hồng,Hà Nội,"Kỹ thuật, Công nghệ",44,60,40,47,32,76,120,51.03
https://vnur.vn/,VNUR.VN - Bảng xếp hạng Đại học Việt Nam,2025,60,table_2,BẢNG XẾP HẠNG TOP 100 TRƯỜNG ĐẠI HỌC VIỆT NAM NĂM 2025,TRƯỜNG ĐẠI HỌC PHENIKAA (TƯ THỤC),https://vnur.vn/truong-dai-hoc-phenikaa/,https://vnur.vn/wp-content/uploads/2023/01/43.Phenikaa.jpg,45,,Tư thục,Đồng bằng Sông Hồng,Hà Nội,Đa Ngành,45,37,123,14,4,82,42,50.69
https://vnur.vn/,VNUR.VN - Bảng xếp hạng Đại học Việt Nam,2025,60,table_2,BẢNG XẾP HẠNG TOP 100 TRƯỜNG ĐẠI HỌC VIỆT NAM NĂM 2025,TRƯỜNG ĐẠI HỌC NHA TRANG (CÔNG LẬP),https://vnur.vn/truong-dai-hoc-nha-trang/,https://upload.wikimedia.org/wikipedia/commons/c/c1/Nha_Trang_University_Seal.png,46,,Công lập,Bắc Trung bộ và Duyên hải Nam Trung bộ,Khánh Hoà,Đa Ngành,46,39,36,49,29,137,147,50.41
https://vnur.vn/,VNUR.VN - Bảng xếp hạng Đại học Việt Nam,2025,60,table_2,BẢNG XẾP HẠNG TOP 100 TRƯỜNG ĐẠI HỌC VIỆT NAM NĂM 2025,TRƯỜNG ĐẠI HỌC CÔNG THƯƠNG TP. HỒ CHÍ MINH (CÔNG LẬP),https://vnur.vn/truong-dai-hoc-cong-nghiep-thuc-pham-tp-ho-chi-minh/,https://giaoduc247.vn/uploads/082021/images/HUIT(1).jpeg,47,,Công lập,Đông Nam Bộ,TP. Hồ Chí Minh,"Kỹ thuật, Công nghệ",47,54,42,30,55,81,166,49.71
https://vnur.vn/,VNUR.VN - Bảng xếp hạng Đại học Việt Nam,2025,60,table_2,BẢNG XẾP HẠNG TOP 100 TRƯỜNG ĐẠI HỌC VIỆT NAM NĂM 2025,TRƯỜNG ĐẠI HỌC LAO ĐỘNG - XÃ HỘI (CÔNG LẬP),https://vnur.vn/truong-dai-hoc-lao-dong-xa-hoi/,https://vnur.vn/wp-content/uploads/2023/01/52.lao-dong-Xa-hoi.png,48,,Công lập,Đồng bằng Sông Hồng,Hà Nội,Đa Ngành,48,60,29,115,48,56,161,49.38
https://vnur.vn/,VNUR.VN - Bảng xếp hạng Đại học Việt Nam,2025,60,table_2,BẢNG XẾP HẠNG TOP 100 TRƯỜNG ĐẠI HỌC VIỆT NAM NĂM 2025,TRƯỜNG ĐẠI HỌC Y DƯỢC CẦN THƠ (CÔNG LẬP),https://vnur.vn/truong-dai-hoc-y-duoc-can-tho/,https://upload.wikimedia.org/wikipedia/commons/6/6e/Logo_%C4%90%E1%BA%A1i_h%E1%BB%8Dc_Y_D%C6%B0%E1%BB%A3c_C%E1%BA%A7n_Th%C6%A1.gif,49,,Công lập,Đồng bằng sông Cửu Long,Cần Thơ,Sức khỏe,49,60,49,67,51,36,139,49.20
https://vnur.vn/,VNUR.VN - Bảng xếp hạng Đại học Việt Nam,2025,60,table_2,BẢNG XẾP HẠNG TOP 100 TRƯỜNG ĐẠI HỌC VIỆT NAM NĂM 2025,TRƯỜNG ĐẠI HỌC KIẾN TRÚC HÀ NỘI (CÔNG LẬP),https://vnur.vn/truong-dai-hoc-kien-truc-ha-noi/,https://vnur.vn/wp-content/uploads/2023/01/61.Kien-truc-Ha-Noi.jpg,50,,Công lập,Đồng bằng Sông Hồng,Hà Nội,Xây dựng - Kiến trúc,50,60,46,72,61,29,159,49.06
https://vnur.vn/,VNUR.VN - Bảng xếp hạng Đại học Việt Nam,2025,60,table_2,BẢNG XẾP HẠNG TOP 100 TRƯỜNG ĐẠI HỌC VIỆT NAM NĂM 2025,TRƯỜNG ĐẠI HỌC LUẬT TP. HỒ CHÍ MINH (CÔNG LẬP),https://vnur.vn/truong-dai-hoc-luat-tp-ho-chi-minh/,https://vnur.vn/wp-content/uploads/2023/01/83.Luat-TP.HCM_.jpg,51,,Công lập,Đông Nam Bộ,TP. Hồ Chí Minh,Pháp luật,51,60,34,139,72,34,152,49.01
https://vnur.vn/,VNUR.VN - Bảng xếp hạng Đại học Việt Nam,2025,60,table_2,BẢNG XẾP HẠNG TOP 100 TRƯỜNG ĐẠI HỌC VIỆT NAM NĂM 2025,HỌC VIỆN PHỤ NỮ VIỆT NAM (CÔNG LẬP),https://vnur.vn/hoc-vien-phu-nu-viet-nam/,https://vnur.vn/wp-content/uploads/2023/01/90.Hoc-vien-Phu-nu.png,52,,Công lập,Đồng bằng Sông Hồng,Hà Nội,Hành chính,52,60,22,179,64,53,165,48.87
https://vnur.vn/,VNUR.VN - Bảng xếp hạng Đại học Việt Nam,2025,60,table_2,BẢNG XẾP HẠNG TOP 100 TRƯỜNG ĐẠI HỌC VIỆT NAM NĂM 2025,TRƯỜNG ĐẠI HỌC CÔNG ĐOÀN (CÔNG LẬP),https://vnur.vn/truong-dai-hoc-cong-doan/,https://vnur.vn/wp-content/uploads/2023/01/46.Cong-Doan.jpg,53,,Công lập,Đồng bằng Sông Hồng,Hà Nội,Đa Ngành,53,60,50,98,94,62,13,48.74
https://vnur.vn/,VNUR.VN - Bảng xếp hạng Đại học Việt Nam,2025,60,table_2,BẢNG XẾP HẠNG TOP 100 TRƯỜNG ĐẠI HỌC VIỆT NAM NĂM 2025,TRƯỜNG ĐẠI HỌC KIẾN TRÚC TP. HỒ CHÍ MINH (CÔNG LẬP),https://vnur.vn/truong-dai-hoc-kien-truc-tp-ho-chi-minh/,https://vnur.vn/wp-content/uploads/2023/01/64.Kien-truc-TP.HCM_.jpg,54,,Công lập,Đông Nam Bộ,TP. Hồ Chí Minh,Xây dựng - Kiến trúc,54,60,35,73,139,61,157,48.62
https://vnur.vn/,VNUR.VN - Bảng xếp hạng Đại học Việt Nam,2025,60,table_2,BẢNG XẾP HẠNG TOP 100 TRƯỜNG ĐẠI HỌC VIỆT NAM NĂM 2025,TRƯỜNG ĐẠI HỌC Y DƯỢC TP. HỒ CHÍ MINH (CÔNG LẬP),https://vnur.vn/truong-dai-hoc-y-duoc-tp-hcm/,https://vnur.vn/wp-content/uploads/2023/01/51.Y-duoc-TP.HCM_.jpg,55,,Công lập,Đông Nam Bộ,TP. Hồ Chí Minh,Sức khỏe,55,54,102,18,65,32,127,48.17
https://vnur.vn/,VNUR.VN - Bảng xếp hạng Đại học Việt Nam,2025,60,table_2,BẢNG XẾP HẠNG TOP 100 TRƯỜNG ĐẠI HỌC VIỆT NAM NĂM 2025,TRƯỜNG ĐẠI HỌC THỦ ĐÔ HÀ NỘI (CÔNG LẬP),https://vnur.vn/truong-dai-hoc-thu-do-ha-noi/,https://vnur.vn/wp-content/uploads/2023/01/29.Thu-do-Ha-Noi.jpg,56,,Công lập,Đồng bằng Sông Hồng,Hà Nội,Sư phạm,56,60,47,106,77,17,163,48.03
https://vnur.vn/,VNUR.VN - Bảng xếp hạng Đại học Việt Nam,2025,60,table_2,BẢNG XẾP HẠNG TOP 100 TRƯỜNG ĐẠI HỌC VIỆT NAM NĂM 2025,TRƯỜNG ĐẠI HỌC THỂ DỤC THỂ THAO TP. HỒ CHÍ MINH (CÔNG LẬP),https://vnur.vn/truong-dai-hoc-the-duc-the-thao-tp-ho-chi-minh/,https://upload.wikimedia.org/wikipedia/vi/0/0c/Logo-truong-dai-hoc-the-duc-the-thao-tp-hcm.jpg,57,,Công lập,Đông Nam Bộ,TP. Hồ Chí Minh,,57,60,64,68,107,44,48,47.80
https://vnur.vn/,VNUR.VN - Bảng xếp hạng Đại học Việt Nam,2025,60,table_2,BẢNG XẾP HẠNG TOP 100 TRƯỜNG ĐẠI HỌC VIỆT NAM NĂM 2025,TRƯỜNG ĐẠI HỌC NÔNG LÂM TP. HỒ CHÍ MINH (CÔNG LẬP),https://vnur.vn/truong-dai-hoc-nong-lam-tp-ho-chi-minh-2/,https://upload.wikimedia.org/wikipedia/vi/e/e1/Logo_HCMUAF.svg,58,,Công lập,Đông Nam Bộ,TP. Hồ Chí Minh,Nông - Lâm,58,44,78,53,46,93,25,47.52
https://vnur.vn/,VNUR.VN - Bảng xếp hạng Đại học Việt Nam,2025,60,table_2,BẢNG XẾP HẠNG TOP 100 TRƯỜNG ĐẠI HỌC VIỆT NAM NĂM 2025,TRƯỜNG ĐẠI HỌC HẢI PHÒNG (CÔNG LẬP),https://vnur.vn/truong-dai-hoc-hai-phong/,https://vnur.vn/wp-content/uploads/2023/01/81.Hai-Phong.jpg,59,,Công lập,Đồng bằng Sông Hồng,Hải Phòng,Đa Ngành,59,60,58,108,79,70,14,47.34
https://vnur.vn/,VNUR.VN - Bảng xếp hạng Đại học Việt Nam,2025,60,table_2,BẢNG XẾP HẠNG TOP 100 TRƯỜNG ĐẠI HỌC VIỆT NAM NĂM 2025,TRƯỜNG ĐẠI HỌC SƯ PHẠM KỸ THUẬT HƯNG YÊN (CÔNG LẬP),https://vnur.vn/truong-dai-hoc-su-pham-ky-thuat-hung-yen/,https://vnur.vn/wp-content/uploads/2023/01/23.Su-pham-Ky-thuat-Hung-Yen.png,60,,Công lập,Đồng bằng Sông Hồng,Hưng Yên,"Kỹ thuật, Công nghệ",60,39,59,52,68,140,129,47.26
https://vnur.vn/,VNUR.VN - Bảng xếp hạng Đại học Việt Nam,2025,60,table_2,BẢNG XẾP HẠNG TOP 100 TRƯỜNG ĐẠI HỌC VIỆT NAM NĂM 2025,TRƯỜNG ĐẠI HỌC MỞ HÀ NỘI (CÔNG LẬP),https://vnur.vn/truong-dai-hoc-mo-ha-noi/,https://vnur.vn/wp-content/uploads/2023/01/63.Mo-Ha-Noi.png,61,,Công lập,Đồng bằng Sông Hồng,Hà Nội,Đa Ngành,61,60,44,138,73,52,169,47.10
https://vnur.vn/,VNUR.VN - Bảng xếp hạng Đại học Việt Nam,2025,60,table_2,BẢNG XẾP HẠNG TOP 100 TRƯỜNG ĐẠI HỌC VIỆT NAM NĂM 2025,HỌC VIỆN HÀNH CHÍNH QUỐC GIA (Công lập),https://vnur.vn/hoc-vien-hanh-chinh-quoc-gia/,https://vnur.vn/wp-content/uploads/2024/01/hc-logo-63a3b.webp,62,,Công lập,Đồng bằng Sông Hồng,Hà Nội,Hành chính,62,60,48,137,49,46,160,47.05
https://vnur.vn/,VNUR.VN - Bảng xếp hạng Đại học Việt Nam,2025,60,table_2,BẢNG XẾP HẠNG TOP 100 TRƯỜNG ĐẠI HỌC VIỆT NAM NĂM 2025,TRƯỜNG ĐẠI HỌC HỒNG ĐỨC (CÔNG LẬP),https://vnur.vn/truong-dai-hoc-hong-duc/,https://vnur.vn/wp-content/uploads/2023/01/24.Hong-Duc.jpg,63,,Công lập,Bắc Trung bộ và Duyên hải Nam Trung bộ,Thanh Hóa,Đa Ngành,63,21,97,71,40,109,14,46.97
https://vnur.vn/,VNUR.VN - Bảng xếp hạng Đại học Việt Nam,2025,60,table_2,BẢNG XẾP HẠNG TOP 100 TRƯỜNG ĐẠI HỌC VIỆT NAM NĂM 2025,HỌC VIỆN Y DƯỢC HỌC CỔ TRUYỀN VIỆT NAM (CÔNG LẬP),https://vnur.vn/hoc-vien-y-duoc-hoc-co-truyen-viet-nam/,https://upload.wikimedia.org/wikipedia/commons/7/72/H%E1%BB%8Dc_vi%E1%BB%87n_Y_d%C6%B0%E1%BB%A3c_h%E1%BB%8Dc_c%E1%BB%95_truy%E1%BB%81n_Vi%E1%BB%87t_Nam.jpg,64,,Công lập,Đồng bằng Sông Hồng,Hà Nội,Sức khỏe,64,60,55,162,103,30,136,46.65
https://vnur.vn/,VNUR.VN - Bảng xếp hạng Đại học Việt Nam,2025,60,table_2,BẢNG XẾP HẠNG TOP 100 TRƯỜNG ĐẠI HỌC VIỆT NAM NĂM 2025,TRƯỜNG ĐẠI HỌC Y TẾ CÔNG CỘNG (CÔNG LẬP),https://vnur.vn/truong-dai-hoc-y-te-cong-cong/,https://vnur.vn/wp-content/uploads/2023/01/41.Y-te-Cong-cong.jpg,65,,Công lập,Đồng bằng Sông Hồng,Hà Nội,Sức khỏe,65,53,83,29,62,99,135,46.09
https://vnur.vn/,VNUR.VN - Bảng xếp hạng Đại học Việt Nam,2025,60,table_2,BẢNG XẾP HẠNG TOP 100 TRƯỜNG ĐẠI HỌC VIỆT NAM NĂM 2025,HỌC VIỆN QUẢN LÝ GIÁO DỤC (CÔNG LẬP),https://vnur.vn/hoc-vien-quan-ly-giao-duc/,https://upload.wikimedia.org/wikipedia/vi/f/fa/Hoc_vien_QuanLyGiaoDuc.jpg,66,,Công lập,Đồng bằng Sông Hồng,Hà Nội,Sư phạm,66,163,32,99,83,120,14,45.97
https://vnur.vn/,VNUR.VN - Bảng xếp hạng Đại học Việt Nam,2025,60,table_2,BẢNG XẾP HẠNG TOP 100 TRƯỜNG ĐẠI HỌC VIỆT NAM NĂM 2025,TRƯỜNG ĐẠI HỌC TÀI NGUYÊN VÀ MÔI TRƯỜNG HÀ NỘI (CÔNG LẬP),https://vnur.vn/truong-dai-hoc-tai-nguyen-va-moi-truong-ha-noi/,https://upload.wikimedia.org/wikipedia/commons/4/4e/HUNRE_Logo.png,67,,Công lập,Đồng bằng Sông Hồng,Hà Nội,Đa Ngành,67,27,75,78,22,103,191,45.83
https://vnur.vn/,VNUR.VN - Bảng xếp hạng Đại học Việt Nam,2025,60,table_2,BẢNG XẾP HẠNG TOP 100 TRƯỜNG ĐẠI HỌC VIỆT NAM NĂM 2025,TRƯỜNG ĐẠI HỌC ĐÀ LẠT (CÔNG LẬP),https://vnur.vn/truong-dai-hoc-da-lat/,https://vnur.vn/wp-content/uploads/2023/01/38.Da-Lat.jpg,68,,Công lập,Tây Nguyên,Lâm Đồng,Đa Ngành,68,60,72,64,36,105,130,45.70
https://vnur.vn/,VNUR.VN - Bảng xếp hạng Đại học Việt Nam,2025,60,table_2,BẢNG XẾP HẠNG TOP 100 TRƯỜNG ĐẠI HỌC VIỆT NAM NĂM 2025,HỌC VIỆN CHÍNH SÁCH VÀ PHÁT TRIỂN (CÔNG LẬP),https://vnur.vn/hoc-vien-chinh-sach-va-phat-trien/,https://vnur.vn/wp-content/uploads/2023/01/39.Hoc-vien-Chinh-sach-Phat-trien.jpg,69,,Công lập,Đồng bằng Sông Hồng,Hà Nội,Hành chính,69,60,77,152,136,15,116,45.67
https://vnur.vn/,VNUR.VN - Bảng xếp hạng Đại học Việt Nam,2025,60,table_2,BẢNG XẾP HẠNG TOP 100 TRƯỜNG ĐẠI HỌC VIỆT NAM NĂM 2025,TRƯỜNG ĐẠI HỌC LÂM NGHIỆP (CÔNG LẬP),https://vnur.vn/truong-dai-hoc-lam-nghiep-2/,https://vnuf.edu.vn/wp-content/uploads/2024/01/logo-footer-2024.png,70,,Công lập,Đồng bằng Sông Hồng,Hà Nội,Nông - Lâm,70,60,81,55,25,144,25,45.58
https://vnur.vn/,VNUR.VN - Bảng xếp hạng Đại học Việt Nam,2025,60,table_2,BẢNG XẾP HẠNG TOP 100 TRƯỜNG ĐẠI HỌC VIỆT NAM NĂM 2025,TRƯỜNG ĐẠI HỌC Y KHOA PHẠM NGỌC THẠCH (CÔNG LẬP),https://vnur.vn/truong-dai-hoc-y-khoa-pham-ngoc-thach/,https://upload.wikimedia.org/wikipedia/commons/a/a8/YPhamNgocThach.png,71,,Công lập,Đông Nam Bộ,TP. Hồ Chí Minh,Sức khỏe,71,60,114,41,118,27,34,45.34
https://vnur.vn/,VNUR.VN - Bảng xếp hạng Đại học Việt Nam,2025,60,table_2,BẢNG XẾP HẠNG TOP 100 TRƯỜNG ĐẠI HỌC VIỆT NAM NĂM 2025,HỌC VIỆN NGOẠI GIAO (CÔNG LẬP),https://vnur.vn/hoc-vien-ngoai-giao/,https://vnur.vn/wp-content/uploads/2023/01/31.Hoc-vien-Ngoai-giao.jpg,72,,Công lập,Đồng bằng Sông Hồng,Hà Nội,Hành chính,72,47,73,142,85,3,194,45.33
https://vnur.vn/,VNUR.VN - Bảng xếp hạng Đại học Việt Nam,2025,60,table_2,BẢNG XẾP HẠNG TOP 100 TRƯỜNG ĐẠI HỌC VIỆT NAM NĂM 2025,TRƯỜNG ĐẠI HỌC GIAO THÔNG VẬN TẢI TP. HỒ CHÍ MINH (CÔNG LẬP),https://vnur.vn/truong-dai-hoc-giao-thong-van-tai-tp-hcm/,https://ptc.ut.edu.vn/wp-content/uploads/2023/02/uth_logo_2.png,73,,Công lập,Đông Nam Bộ,TP. Hồ Chí Minh,"Kỹ thuật, Công nghệ",73,57,95,37,39,90,122,45.31
https://vnur.vn/,VNUR.VN - Bảng xếp hạng Đại học Việt Nam,2025,60,table_2,BẢNG XẾP HẠNG TOP 100 TRƯỜNG ĐẠI HỌC VIỆT NAM NĂM 2025,TRƯỜNG ĐẠI HỌC CÔNG NGHỆ TP. HỒ CHÍ MINH (TƯ THỤC),https://vnur.vn/truong-dai-hoc-cong-nghe-tp-ho-chi-minh/,https://vnur.vn/wp-content/uploads/2023/01/35.HUTECH.jpg,74,,Tư thục,Đông Nam Bộ,TP. Hồ Chí Minh,Đa Ngành,74,13,118,22,50,123,177,45.19
https://vnur.vn/,VNUR.VN - Bảng xếp hạng Đại học Việt Nam,2025,60,table_2,BẢNG XẾP HẠNG TOP 100 TRƯỜNG ĐẠI HỌC VIỆT NAM NĂM 2025,TRƯỜNG ĐẠI HỌC TÂY NGUYÊN (CÔNG LẬP),https://vnur.vn/truong-dai-hoc-tay-nguyen/,https://vnur.vn/wp-content/uploads/2023/01/74.Tay-Nguyen.jpg,75,,Công lập,Tây Nguyên,Đắk Lắk,Đa Ngành,75,60,93,61,45,96,14,45.06
https://vnur.vn/,VNUR.VN - Bảng xếp hạng Đại học Việt Nam,2025,60,table_2,BẢNG XẾP HẠNG TOP 100 TRƯỜNG ĐẠI HỌC VIỆT NAM NĂM 2025,TRƯỜNG ĐẠI HỌC ĐỒNG THÁP (CÔNG LẬP),https://vnur.vn/truong-dai-hoc-dong-thap/,https://vnur.vn/wp-content/uploads/2023/01/69.Dong-Thap.jpg,76,,Công lập,Đông Nam Bộ,Đồng Tháp,Đa Ngành,76,16,112,70,42,66,171,44.99
https://vnur.vn/,VNUR.VN - Bảng xếp hạng Đại học Việt Nam,2025,60,table_2,BẢNG XẾP HẠNG TOP 100 TRƯỜNG ĐẠI HỌC VIỆT NAM NĂM 2025,TRƯỜNG ĐẠI HỌC VĂN HOÁ TP. HỒ CHÍ MINH (CÔNG LẬP),https://vnur.vn/truong-dai-hoc-van-hoa-tp-ho-chi-minh/,https://vnur.vn/wp-content/uploads/2023/01/75.Van-hoa-TP.HCM_.jpg,77,,Công lập,Đông Nam Bộ,TP. Hồ Chí Minh,Văn hóa,77,60,51,187,84,48,189,44.83
https://vnur.vn/,VNUR.VN - Bảng xếp hạng Đại học Việt Nam,2025,60,table_2,BẢNG XẾP HẠNG TOP 100 TRƯỜNG ĐẠI HỌC VIỆT NAM NĂM 2025,TRƯỜNG ĐẠI HỌC Y DƯỢC HẢI PHÒNG (CÔNG LẬP),https://vnur.vn/truong-dai-hoc-y-duoc-hai-phong-2/,https://image.exam24h.com/public/exam24h-wiki/attribute/ba81c1debab40bd5ca53c3176c15db1b.PNG,78,,Công lập,Đồng bằng Sông Hồng,Hải Phòng,Sức khỏe,78,60,98,86,75,45,41,44.60
https://vnur.vn/,VNUR.VN - Bảng xếp hạng Đại học Việt Nam,2025,60,table_2,BẢNG XẾP HẠNG TOP 100 TRƯỜNG ĐẠI HỌC VIỆT NAM NĂM 2025,TRƯỜNG ĐẠI HỌC QUỐC TẾ HỒNG BÀNG (TƯ THỤC),https://vnur.vn/truong-dai-hoc-quoc-te-hong-bang/,https://vnur.vn/wp-content/uploads/2023/01/62.-DH-Quoc-Te-Hong-Bang.jpg,79,,Tư thục,Đông Nam Bộ,TP. Hồ Chí Minh,Đa Ngành,79,60,69,82,115,138,42,44.45
https://vnur.vn/,VNUR.VN - Bảng xếp hạng Đại học Việt Nam,2025,60,table_2,BẢNG XẾP HẠNG TOP 100 TRƯỜNG ĐẠI HỌC VIỆT NAM NĂM 2025,TRƯỜNG ĐẠI HỌC Y DƯỢC THÁI BÌNH (CÔNG LẬP),https://vnur.vn/truong-dai-hoc-y-duoc-thai-binh/,https://vnur.vn/wp-content/uploads/2023/01/45.Y-Thai-Binh.jpg,80,,Công lập,Đồng bằng Sông Hồng,Thái Bình,Sức khỏe,80,60,100,77,87,55,48,44.17
https://vnur.vn/,VNUR.VN - Bảng xếp hạng Đại học Việt Nam,2025,60,table_2,BẢNG XẾP HẠNG TOP 100 TRƯỜNG ĐẠI HỌC VIỆT NAM NĂM 2025,TRƯỜNG ĐẠI HỌC FPT (TƯ THỤC),https://vnur.vn/truong-dai-hoc-fpt/,https://vnur.vn/wp-content/uploads/2023/01/37.FPT_.jpg,81,,Tư thục,Đồng bằng Sông Hồng,Hà Nội,Đa Ngành,81,54,99,31,123,75,162,44.03
https://vnur.vn/,VNUR.VN - Bảng xếp hạng Đại học Việt Nam,2025,60,table_2,BẢNG XẾP HẠNG TOP 100 TRƯỜNG ĐẠI HỌC VIỆT NAM NĂM 2025,HỌC VIỆN HÀNG KHÔNG VIỆT NAM (CÔNG LẬP),https://vnur.vn/hoc-vien-hang-khong-viet-nam-2/,https://vaa.edu.vn/wp-content/uploads/2024/07/Group-1000005875.svg,82,,Công lập,Đông Nam Bộ,TP. Hồ Chí Minh,,82,60,65,102,118,95,148,43.98
https://vnur.vn/,VNUR.VN - Bảng xếp hạng Đại học Việt Nam,2025,60,table_2,BẢNG XẾP HẠNG TOP 100 TRƯỜNG ĐẠI HỌC VIỆT NAM NĂM 2025,TRƯỜNG ĐẠI HỌC KỸ THUẬT - CÔNG NGHỆ CẦN THƠ (CÔNG LẬP),https://vnur.vn/truong-dai-hoc-ky-thuat-cong-nghe-can-tho/,https://vnur.vn/wp-content/uploads/2023/01/77.Ky-thuat-Cong-nghe-Can-Tho.png,83,,Công lập,Đồng bằng sông Cửu Long,Cần Thơ,"Kỹ thuật, Công nghệ",83,60,61,111,153,68,183,43.91
https://vnur.vn/,VNUR.VN - Bảng xếp hạng Đại học Việt Nam,2025,60,table_2,BẢNG XẾP HẠNG TOP 100 TRƯỜNG ĐẠI HỌC VIỆT NAM NĂM 2025,TRƯỜNG ĐẠI HỌC TÀI CHÍNH - MARKETING (CÔNG LẬP),https://vnur.vn/truong-dai-hoc-tai-chinh-marketing/,https://vnur.vn/wp-content/uploads/2023/01/73.Tai-chinh-Marketing.jpg,84,,Công lập,Đông Nam Bộ,TP. Hồ Chí Minh,"Kinh tế, Tài chính",84,60,71,57,47,128,185,43.55
https://vnur.vn/,VNUR.VN - Bảng xếp hạng Đại học Việt Nam,2025,60,table_2,BẢNG XẾP HẠNG TOP 100 TRƯỜNG ĐẠI HỌC VIỆT NAM NĂM 2025,TRƯỜNG ĐẠI HỌC MỸ THUẬT TP. HỒ CHÍ MINH (CÔNG LẬP),https://vnur.vn/truong-dai-hoc-my-thuat-tp-ho-chi-minh/,https://upload.wikimedia.org/wikipedia/commons/b/b6/Logohcmufa.png,85,,Công lập,Đông Nam Bộ,TP. Hồ Chí Minh,,85,60,90,185,153,58,60,43.52
https://vnur.vn/,VNUR.VN - Bảng xếp hạng Đại học Việt Nam,2025,60,table_2,BẢNG XẾP HẠNG TOP 100 TRƯỜNG ĐẠI HỌC VIỆT NAM NĂM 2025,TRƯỜNG ĐẠI HỌC TÂY ĐÔ (TƯ THỤC),https://vnur.vn/truong-dai-hoc-tay-do/,https://vnur.vn/wp-content/uploads/2023/01/76.Tay-Do.jpg,86,,Tư thục,Đồng bằng sông Cửu Long,Cần Thơ,Đa Ngành,86,41,79,154,115,167,48,43.14
https://vnur.vn/,VNUR.VN - Bảng xếp hạng Đại học Việt Nam,2025,60,table_2,BẢNG XẾP HẠNG TOP 100 TRƯỜNG ĐẠI HỌC VIỆT NAM NĂM 2025,TRƯỜNG ĐẠI HỌC HẠ LONG (CÔNG LẬP),https://vnur.vn/truong-dai-hoc-ha-long/,https://vnur.vn/wp-content/uploads/2024/01/Logo-Dai-Hoc-Ha-Long-UHL-V.webp,87,,Công lập,Trung du và miền núi phía Bắc,Quảng Ninh,,87,60,82,156,74,111,38,42.97
https://vnur.vn/,VNUR.VN - Bảng xếp hạng Đại học Việt Nam,2025,60,table_2,BẢNG XẾP HẠNG TOP 100 TRƯỜNG ĐẠI HỌC VIỆT NAM NĂM 2025,TRƯỜNG ĐẠI HỌC KỸ THUẬT Y - DƯỢC ĐÀ NẴNG (CÔNG LẬP),https://vnur.vn/truong-dai-hoc-ky-thuat-y-duoc-da-nang/,https://vnur.vn/wp-content/uploads/2023/01/57.Ky-thuat-Y-duoc-Da-Nang.png,88,,Công lập,Bắc Trung bộ và Duyên hải Nam Trung bộ,Đà Nẵng,Sức khỏe,88,60,106,88,139,72,60,42.68
https://vnur.vn/,VNUR.VN - Bảng xếp hạng Đại học Việt Nam,2025,60,table_2,BẢNG XẾP HẠNG TOP 100 TRƯỜNG ĐẠI HỌC VIỆT NAM NĂM 2025,TRƯỜNG ĐẠI HỌC TÀI CHÍNH - NGÂN HÀNG HÀ NỘI (TƯ THỤC),https://vnur.vn/truong-dai-hoc-tai-chinh-ngan-hang-ha-noi/,https://fbu.edu.vn/wp-content/uploads/2024/06/Logo-DH-Tai-chinh-Ngan-hang-Ha-Noi-FBU-e1724072450888.png,89,,Tư thục,Đồng bằng Sông Hồng,Hà Nội,,89,60,109,182,113,42,60,42.53
https://vnur.vn/,VNUR.VN - Bảng xếp hạng Đại học Việt Nam,2025,60,table_2,BẢNG XẾP HẠNG TOP 100 TRƯỜNG ĐẠI HỌC VIỆT NAM NĂM 2025,TRƯỜNG ĐẠI HỌC BÀ RỊA - VŨNG TÀU (TƯ THỤC),https://vnur.vn/truong-dai-hoc-ba-ria-vung-tau/,https://vnur.vn/wp-content/uploads/2025/01/230727-BVU-Logo-Tagline-3-e1736217897650.jpg,90,,Tư thục,Đông Nam Bộ,Bà Rịa - Vũng Tàu,,90,27,91,123,146,169,132,42.41
https://vnur.vn/,VNUR.VN - Bảng xếp hạng Đại học Việt Nam,2025,60,table_2,BẢNG XẾP HẠNG TOP 100 TRƯỜNG ĐẠI HỌC VIỆT NAM NĂM 2025,TRƯỜNG ĐẠI HỌC CÔNG NGHỆ ĐỒNG NAI (TƯ THỤC),https://vnur.vn/truong-dai-hoc-cong-nghe-dong-nai/,https://cdn.haitrieu.com/wp-content/uploads/2021/12/Logo-DH-Cong-Nghe-Dong-Nai-DNTU.png,91,,Tư thục,Đông Nam Bộ,Đồng Nai,Đa Ngành,91,38,116,56,153,157,38,42.36
https://vnur.vn/,VNUR.VN - Bảng xếp hạng Đại học Việt Nam,2025,60,table_2,BẢNG XẾP HẠNG TOP 100 TRƯỜNG ĐẠI HỌC VIỆT NAM NĂM 2025,TRƯỜNG ĐẠI HỌC VĂN HIẾN (TƯ THỤC),https://vnur.vn/truong-dai-hoc-van-hien-2/,https://viedu.edu.vn/wp-content/uploads/2021/07/iconlogoDHVanHien.png,92,,Tư thục,Đông Nam Bộ,TP. Hồ Chí Minh,,92,45,85,101,86,141,144,42.19
https://vnur.vn/,VNUR.VN - Bảng xếp hạng Đại học Việt Nam,2025,60,table_2,BẢNG XẾP HẠNG TOP 100 TRƯỜNG ĐẠI HỌC VIỆT NAM NĂM 2025,TRƯỜNG ĐẠI HỌC KIỂM SÁT HÀ NỘI (CÔNG LẬP),https://vnur.vn/truong-dai-hoc-kiem-sat-ha-noi/,https://giaoduc247.vn/uploads/082021/images/%C4%91a%CC%A3i%20ho%CC%A3c%20kiem%20sat%20ha%20noi.png,93,,Công lập,Đồng bằng Sông Hồng,Hà Nội,Pháp luật,93,60,122,131,88,35,60,41.86
https://vnur.vn/,VNUR.VN - Bảng xếp hạng Đại học Việt Nam,2025,60,table_2,BẢNG XẾP HẠNG TOP 100 TRƯỜNG ĐẠI HỌC VIỆT NAM NĂM 2025,TRƯỜNG ĐẠI HỌC Y KHOA VINH (CÔNG LẬP),https://vnur.vn/truong-dai-hoc-y-khoa-vinh/,https://vnur.vn/wp-content/uploads/2023/01/67.Y-khoa-Vinh.png,94,,Công lập,Bắc Trung bộ và Duyên hải Nam Trung bộ,Nghệ An,Sức khỏe,94,60,108,158,153,77,60,41.57
https://vnur.vn/,VNUR.VN - Bảng xếp hạng Đại học Việt Nam,2025,60,table_2,BẢNG XẾP HẠNG TOP 100 TRƯỜNG ĐẠI HỌC VIỆT NAM NĂM 2025,TRƯỜNG ĐẠI HỌC ĐẠI NAM (TƯ THỤC),https://vnur.vn/truong-dai-hoc-dai-nam/,https://www.senviet.art/wp-content/uploads/edd/2021/12/dainam.jpg,95,,Tư thục,Đồng bằng Sông Hồng,Hà Nội,,95,60,62,136,126,131,188,41.46
https://vnur.vn/,VNUR.VN - Bảng xếp hạng Đại học Việt Nam,2025,60,table_2,BẢNG XẾP HẠNG TOP 100 TRƯỜNG ĐẠI HỌC VIỆT NAM NĂM 2025,TRƯỜNG ĐẠI HỌC NAM CẦN THƠ (TƯ THỤC),https://vnur.vn/truong-dai-hoc-nam-can-tho/,https://vnur.vn/wp-content/uploads/2023/01/91.Nam-Can-Tho-1.jpg,96,,Tư thục,Đồng bằng sông Cửu Long,Cần Thơ,Đa Ngành,96,36,96,118,99,142,149,41.43
https://vnur.vn/,VNUR.VN - Bảng xếp hạng Đại học Việt Nam,2025,60,table_2,BẢNG XẾP HẠNG TOP 100 TRƯỜNG ĐẠI HỌC VIỆT NAM NĂM 2025,TRƯỜNG ĐẠI HỌC KINH DOANH VÀ CÔNG NGHỆ HÀ NỘI (TƯ THỤC),https://vnur.vn/truong-dai-hoc-kinh-doanh-va-cong-nghe-ha-noi/,https://vnur.vn/wp-content/uploads/2023/01/86.Kinh-doanh-Cong-nghe-Ha-Noi.png,97,,Tư thục,Đồng bằng Sông Hồng,Hà Nội,Đa Ngành,97,60,88,144,115,84,175,41.43
https://vnur.vn/,VNUR.VN - Bảng xếp hạng Đại học Việt Nam,2025,60,table_2,BẢNG XẾP HẠNG TOP 100 TRƯỜNG ĐẠI HỌC VIỆT NAM NĂM 2025,TRƯỜNG ĐẠI HỌC ĐIỀU DƯỠNG NAM ĐỊNH (CÔNG LẬP),https://vnur.vn/truong-dai-hoc-dieu-duong-nam-dinh/,https://upload.wikimedia.org/wikipedia/vi/thumb/8/87/Logo_NDUN.png/110px-Logo_NDUN.png,98,,Công lập,Đồng bằng Sông Hồng,Nam Định,Sức khỏe,98,60,94,147,103,114,111,41.37
https://vnur.vn/,VNUR.VN - Bảng xếp hạng Đại học Việt Nam,2025,60,table_2,BẢNG XẾP HẠNG TOP 100 TRƯỜNG ĐẠI HỌC VIỆT NAM NĂM 2025,TRƯỜNG ĐẠI HỌC KINH TẾ KỸ THUẬT CÔNG NGHIỆP (CÔNG LẬP),https://vnur.vn/truong-dai-hoc-kinh-te-ky-thuat-cong-nghiep/,https://vnur.vn/wp-content/uploads/2023/01/19.Kinh-te-Ky-thuat-Cong-nghiep.jpg,99,,Công lập,Đồng bằng Sông Hồng,Nam Định,"Kỹ thuật, Công nghệ",99,60,86,93,71,112,180,41.31
https://vnur.vn/,VNUR.VN - Bảng xếp hạng Đại học Việt Nam,2025,60,table_2,BẢNG XẾP HẠNG TOP 100 TRƯỜNG ĐẠI HỌC VIỆT NAM NĂM 2025,TRƯỜNG ĐẠI HỌC KIÊN GIANG (CÔNG LẬP),https://vnur.vn/truong-dai-hoc-kien-giang/,https://www.vnkgu.edu.vn/public/images/logo.png,100,,Công lập,Đồng bằng sông Cửu Long,Kiên Giang,Đa Ngành,100,60,103,90,153,118,60,41.25
https://vnur.vn/,VNUR.VN - Bảng xếp hạng Đại học Việt Nam,2024,48,table_3,BẢNG XẾP HẠNG TOP 100 TRƯỜNG ĐẠI HỌC VIỆT NAM NĂM 2024,Đại học Quốc gia Hà Nội (Công lập),https://vnur.vn/dai-hoc-quoc-gia-ha-noi-3/,https://www.vnu.edu.vn/home/images/logo.png,2,,Công lập,Đồng bằng Sông Hồng,Hà Nội,Đa Ngành,1,1,30,8,1,9,123,"100,00"
https://vnur.vn/,VNUR.VN - Bảng xếp hạng Đại học Việt Nam,2024,48,table_3,BẢNG XẾP HẠNG TOP 100 TRƯỜNG ĐẠI HỌC VIỆT NAM NĂM 2024,Đại học Quốc gia thành phố Hồ Chí Minh (Công lập),https://vnur.vn/dai-hoc-quoc-gia-thanh-pho-ho-chi-minh/,https://upload.wikimedia.org/wikipedia/vi/thumb/f/fb/VNUHCM_logo.svg/1200px-VNUHCM_logo.svg.png,3,,Công lập,Đông Nam bộ,TP. Hồ Chí Minh,Đa ngành,2,3,6,3,2,22,1,"99,83"
https://vnur.vn/,VNUR.VN - Bảng xếp hạng Đại học Việt Nam,2024,48,table_3,BẢNG XẾP HẠNG TOP 100 TRƯỜNG ĐẠI HỌC VIỆT NAM NĂM 2024,Trường Đại học Tôn Đức Thắng (Công lập),https://vnur.vn/truong-dai-hoc-ton-duc-thang/,https://www.tdtu.edu.vn/sites/www/files/logo/logo-tdt-new.png,4,,Công lập,Đông Nam Bộ,TP. Hồ Chí Minh,Đa Ngành,3,2,48,1,25,45,8,"95,00"
https://vnur.vn/,VNUR.VN - Bảng xếp hạng Đại học Việt Nam,2024,48,table_3,BẢNG XẾP HẠNG TOP 100 TRƯỜNG ĐẠI HỌC VIỆT NAM NĂM 2024,Đại học Bách khoa Hà Nội (Công lập),https://vnur.vn/dai-hoc-bach-khoa-ha-noi/,https://hust.edu.vn/uploads/sys/logo-dhbk-1-02_130_191.png,5,,Công lập,Đồng bằng Sông Hồng,Hà Nội,"Kỹ thuật, Công nghệ",4,6,1,6,3,4,2,"84,26"
https://vnur.vn/,VNUR.VN - Bảng xếp hạng Đại học Việt Nam,2024,48,table_3,BẢNG XẾP HẠNG TOP 100 TRƯỜNG ĐẠI HỌC VIỆT NAM NĂM 2024,Trường Đại học Duy Tân (Tư thục),https://vnur.vn/truong-dai-hoc-duy-tan/,https://cdn.duytan.edu.vn/images/icon/logo-duy-tan_vn.png,6,,Tư thục,Bắc Trung Bộ và Duyên hải Nam Trung Bộ,Đà Nẵng,Đa Ngành,5,4,52,2,14,126,166,"83,94"
https://vnur.vn/,VNUR.VN - Bảng xếp hạng Đại học Việt Nam,2024,48,table_3,BẢNG XẾP HẠNG TOP 100 TRƯỜNG ĐẠI HỌC VIỆT NAM NĂM 2024,Đại học Kinh tế TP. Hồ Chí Minh (Công lập),https://vnur.vn/truong-dai-hoc-kinh-te-tp-ho-chi-minh/,https://vnur.vn/wp-content/uploads/2023/01/6.Kinh-te-TP.HCM_.jpg,7,,Công lập,Đông Nam Bộ,TP. Hồ Chí Minh,"Kinh tế, Tài chính",6,5,5,4,48,8,147,"79,18"
https://vnur.vn/,VNUR.VN - Bảng xếp hạng Đại học Việt Nam,2024,48,table_3,BẢNG XẾP HẠNG TOP 100 TRƯỜNG ĐẠI HỌC VIỆT NAM NĂM 2024,Trường Đại học Sư phạm Hà Nội (Công lập),https://vnur.vn/truong-dai-hoc-su-pham-ha-noi/,https://vnur.vn/wp-content/uploads/2023/01/8.Su-pham-Ha-Noi.jpg,8,,Công lập,Đồng bằng Sông Hồng,Hà Nội,Sư phạm,7,16,2,32,9,11,25,"66,52"
https://vnur.vn/,VNUR.VN - Bảng xếp hạng Đại học Việt Nam,2024,48,table_3,BẢNG XẾP HẠNG TOP 100 TRƯỜNG ĐẠI HỌC VIỆT NAM NĂM 2024,Trường Đại học Thương Mại (Công lập),https://vnur.vn/truong-dai-hoc-thuong-mai/,https://vnur.vn/wp-content/uploads/2023/01/32.Thuong-mai.jpg,9,,Công lập,Đồng bằng Sông Hồng,Hà Nội,"Kinh tế, Tài chính",8,13,10,39,34,5,36,"63,14"
https://vnur.vn/,VNUR.VN - Bảng xếp hạng Đại học Việt Nam,2024,48,table_3,BẢNG XẾP HẠNG TOP 100 TRƯỜNG ĐẠI HỌC VIỆT NAM NĂM 2024,Trường Đại học Cần Thơ (Công lập),https://vnur.vn/truong-dai-hoc-can-tho/,https://vnur.vn/wp-content/uploads/2023/01/7.Can-Tho.jpg,10,,Công lập,Đồng bằng sông Cửu Long,Cần Thơ,Đa Ngành,9,112,4,14,4,47,19,"62,28"
https://vnur.vn/,VNUR.VN - Bảng xếp hạng Đại học Việt Nam,2024,48,table_3,BẢNG XẾP HẠNG TOP 100 TRƯỜNG ĐẠI HỌC VIỆT NAM NĂM 2024,Đại học Đà Nẵng (Công lập),https://vnur.vn/dai-hoc-da-nang/,https://vnur.vn/wp-content/uploads/2023/01/9.Da-Nang.jpg,11,,Công lập,Bắc Trung Bộ và Duyên hải Nam Trung Bộ,Đà Nẵng,Đa Ngành,10,10,42,20,12,34,21,"62,13"
https://vnur.vn/,VNUR.VN - Bảng xếp hạng Đại học Việt Nam,2024,48,table_3,BẢNG XẾP HẠNG TOP 100 TRƯỜNG ĐẠI HỌC VIỆT NAM NĂM 2024,Trường Đại học Nguyễn Tất Thành (Tư thục),https://vnur.vn/truong-dai-hoc-nguyen-tat-thanh/,https://vnur.vn/wp-content/uploads/2023/01/19.Nguyen-Tat-Thanh.jpg,12,,Tư thục,Đông Nam Bộ,TP. Hồ Chí Minh,Đa Ngành,11,7,75,7,10,139,144,"61,16"
https://vnur.vn/,VNUR.VN - Bảng xếp hạng Đại học Việt Nam,2024,48,table_3,BẢNG XẾP HẠNG TOP 100 TRƯỜNG ĐẠI HỌC VIỆT NAM NĂM 2024,Đại học Huế (Công lập),https://vnur.vn/dai-hoc-hue/,https://vnur.vn/wp-content/uploads/2023/01/10.Hue_.jpg,13,,Công lập,Bắc Trung Bộ và Bắc Trung Bộ và Duyên hải Nam Trung Bộ,Thừa Thiên Huế,Đa Ngành,12,9,62,34,6,44,7,"60,76"
https://vnur.vn/,VNUR.VN - Bảng xếp hạng Đại học Việt Nam,2024,48,table_3,BẢNG XẾP HẠNG TOP 100 TRƯỜNG ĐẠI HỌC VIỆT NAM NĂM 2024,Trường Đại học Thuỷ lợi (Công lập),https://vnur.vn/truong-dai-hoc-thuy-loi/,https://vnur.vn/wp-content/uploads/2023/01/12.Thuy-loi.jpg,14,,Công lập,Đồng bằng Sông Hồng,Hà Nội,Đa Ngành,13,21,20,25,16,35,23,"59,48"
https://vnur.vn/,VNUR.VN - Bảng xếp hạng Đại học Việt Nam,2024,48,table_3,BẢNG XẾP HẠNG TOP 100 TRƯỜNG ĐẠI HỌC VIỆT NAM NĂM 2024,Trường Đại học Vinh (Công lập),https://vnur.vn/truong-dai-hoc-vinh/,https://vnur.vn/wp-content/uploads/2023/01/27.Vinh_.jpg,15,,Công lập,Bắc Trung Bộ và Bắc Trung Bộ và Duyên hải Nam Trung Bộ,Nghệ An,Đa ngành,14,17,41,50,18,12,5,"58,74"
https://vnur.vn/,VNUR.VN - Bảng xếp hạng Đại học Việt Nam,2024,48,table_3,BẢNG XẾP HẠNG TOP 100 TRƯỜNG ĐẠI HỌC VIỆT NAM NĂM 2024,Trường Đại học Công nghiệp TP. Hồ Chí Minh (Công lập),https://vnur.vn/truong-dai-hoc-cong-nghiep-tp-ho-chi-minh/,https://vnur.vn/wp-content/uploads/2023/01/11.Cong-nghiep-TP.HCM_.jpg,16,,Công lập,Đông Nam Bộ,TP. Hồ Chí Minh,Đa Ngành,15,15,56,16,20,77,141,"58,11"
https://vnur.vn/,VNUR.VN - Bảng xếp hạng Đại học Việt Nam,2024,48,table_3,BẢNG XẾP HẠNG TOP 100 TRƯỜNG ĐẠI HỌC VIỆT NAM NĂM 2024,Trường Đại học Kinh tế quốc dân (Công lập),https://vnur.vn/truong-dai-hoc-kinh-te-quoc-dan/,https://vnur.vn/wp-content/uploads/2023/01/21.Kinh-te-Quoc-dan.jpg,17,,Công lập,Đồng bằng Sông Hồng,Hà Nội,"Kinh tế, Tài chính",16,120,3,15,19,3,24,"57,98"
https://vnur.vn/,VNUR.VN - Bảng xếp hạng Đại học Việt Nam,2024,48,table_3,BẢNG XẾP HẠNG TOP 100 TRƯỜNG ĐẠI HỌC VIỆT NAM NĂM 2024,Trường Đại học Quy Nhơn (Công lập),https://vnur.vn/truong-dai-hoc-quy-nhon/,https://vnur.vn/wp-content/uploads/2023/01/18.Quy-Nhon.png,18,,Công lập,Bắc Trung Bộ và Duyên hải Nam Trung Bộ,Bình Định,Đa ngành,17,20,17,54,30,82,29,"57,19"
https://vnur.vn/,VNUR.VN - Bảng xếp hạng Đại học Việt Nam,2024,48,table_3,BẢNG XẾP HẠNG TOP 100 TRƯỜNG ĐẠI HỌC VIỆT NAM NĂM 2024,Trường Đại học Thủ Dầu Một (Công lập),https://vnur.vn/truong-dai-hoc-thu-dau-mot/,https://vnur.vn/wp-content/uploads/2023/01/15.Thu-Dau-Mot.png,19,,Công lập,Đông Nam Bộ,Bình Dương,Đa Ngành,18,7,77,17,36,99,127,"56,46"
https://vnur.vn/,VNUR.VN - Bảng xếp hạng Đại học Việt Nam,2024,48,table_3,BẢNG XẾP HẠNG TOP 100 TRƯỜNG ĐẠI HỌC VIỆT NAM NĂM 2024,Trường Đại học Công nghiệp Hà Nội (Công lập),https://vnur.vn/truong-dai-hoc-cong-nghiep-ha-noi/,https://vnur.vn/wp-content/uploads/2023/01/23.Cong-nghiep-Ha-Noi.jpg,20,,Công lập,Đồng bằng Sông Hồng,Hà Nội,"Kỹ thuật, Công nghệ",19,13,40,58,29,41,159,"56,05"
https://vnur.vn/,VNUR.VN - Bảng xếp hạng Đại học Việt Nam,2024,48,table_3,BẢNG XẾP HẠNG TOP 100 TRƯỜNG ĐẠI HỌC VIỆT NAM NĂM 2024,Trường Đại học Dược Hà Nội (Công lập),https://vnur.vn/truong-dai-hoc-duoc-ha-noi/,https://vnur.vn/wp-content/uploads/2023/01/20.Duoc-Ha-Noi.jpg,21,,Công lập,Đồng bằng Sông Hồng,Hà Nội,Sức khỏe,20,46,7,37,21,17,169,"55,86"
https://vnur.vn/,VNUR.VN - Bảng xếp hạng Đại học Việt Nam,2024,48,table_3,BẢNG XẾP HẠNG TOP 100 TRƯỜNG ĐẠI HỌC VIỆT NAM NĂM 2024,Học viện Nông nghiệp Việt Nam (Công lập),https://vnur.vn/hoc-vien-nong-nghiep-viet-nam/,https://vnur.vn/wp-content/uploads/2023/01/16.Hoc-vien-Nong-nghiep.jpg,22,,Công lập,Đồng bằng Sông Hồng,Hà Nội,Nông - Lâm,21,42,28,35,7,72,4,"55,80"
https://vnur.vn/,VNUR.VN - Bảng xếp hạng Đại học Việt Nam,2024,48,table_3,BẢNG XẾP HẠNG TOP 100 TRƯỜNG ĐẠI HỌC VIỆT NAM NĂM 2024,Học viện Ngân hàng (Công lập),https://vnur.vn/hoc-vien-ngan-hang/,https://vnur.vn/wp-content/uploads/2023/01/47.Hoc-vien-Ngan-hang.jpg,23,,Công lập,Đồng bằng Sông Hồng,Hà Nội,"Kinh tế, Tài chính",22,46,9,38,24,16,143,"55,59"
https://vnur.vn/,VNUR.VN - Bảng xếp hạng Đại học Việt Nam,2024,48,table_3,BẢNG XẾP HẠNG TOP 100 TRƯỜNG ĐẠI HỌC VIỆT NAM NĂM 2024,Trường Đại học Sư phạm Kỹ thuật TP. Hồ Chí Minh (Công lập),https://vnur.vn/truong-dai-hoc-su-pham-ky-thuat-tp-ho-chi-minh/,https://vnur.vn/wp-content/uploads/2023/01/28.Su-pham-Ky-thuat-TP.HCM_.jpg,24,,Công lập,Đông Nam Bộ,TP. Hồ Chí Minh,"Kỹ thuật, Công nghệ",23,31,25,28,28,14,140,"55,30"
https://vnur.vn/,VNUR.VN - Bảng xếp hạng Đại học Việt Nam,2024,48,table_3,BẢNG XẾP HẠNG TOP 100 TRƯỜNG ĐẠI HỌC VIỆT NAM NĂM 2024,Trường Đại học Ngoại Thương (Công lập),https://vnur.vn/truong-dai-hoc-ngoai-thuong/,https://vnur.vn/wp-content/uploads/2023/01/13.Ngoai-Thuong.jpg,25,,Công lập,Đồng bằng Sông Hồng,Hà Nội,"Kinh tế, Tài chính",24,35,35,29,26,1,156,"54,91"
https://vnur.vn/,VNUR.VN - Bảng xếp hạng Đại học Việt Nam,2024,48,table_3,BẢNG XẾP HẠNG TOP 100 TRƯỜNG ĐẠI HỌC VIỆT NAM NĂM 2024,Trường Đại học Mở TP. Hồ Chí Minh (Công lập),https://vnur.vn/truong-dai-hoc-mo-tp-ho-chi-minh/,https://vnur.vn/wp-content/uploads/2023/01/60.Mo-TP.HCM_.jpg,26,,Công lập,Đông Nam Bộ,TP. Hồ Chí Minh,Đa Ngành,25,27,39,19,39,71,157,"54,04"
https://vnur.vn/,VNUR.VN - Bảng xếp hạng Đại học Việt Nam,2024,48,table_3,BẢNG XẾP HẠNG TOP 100 TRƯỜNG ĐẠI HỌC VIỆT NAM NĂM 2024,Trường Đại học Ngân hàng TP. Hồ Chí Minh (Công lập),https://vnur.vn/truong-dai-hoc-ngan-hang-tp-ho-chi-minh/,https://vnur.vn/wp-content/uploads/2023/01/58.DH-Ngan-hang-TP.HCM_.jpg,27,,Công lập,Đông Nam Bộ,TP. Hồ Chí Minh,"Kinh tế, Tài chính",26,39,14,44,77,13,122,"53,98"
https://vnur.vn/,VNUR.VN - Bảng xếp hạng Đại học Việt Nam,2024,48,table_3,BẢNG XẾP HẠNG TOP 100 TRƯỜNG ĐẠI HỌC VIỆT NAM NĂM 2024,Trường Đại học Giao thông vận tải (Công lập),https://vnur.vn/truong-dai-hoc-giao-thong-van-tai/,https://vnur.vn/wp-content/uploads/2023/01/36.Giao-thong-van-tai.jpg,28,,Công lập,Đồng bằng Sông Hồng,Hà Nội,Đa Ngành,27,36,19,49,11,53,152,"53,95"
https://vnur.vn/,VNUR.VN - Bảng xếp hạng Đại học Việt Nam,2024,48,table_3,BẢNG XẾP HẠNG TOP 100 TRƯỜNG ĐẠI HỌC VIỆT NAM NĂM 2024,Trường Đại học Mỏ - Địa chất (Công lập),https://vnur.vn/truong-dai-hoc-mo-dia-chat/,https://vnur.vn/wp-content/uploads/2023/01/22.Mo-Dia-chat.jpg,29,,Công lập,Đồng bằng Sông Hồng,Hà Nội,Đa Ngành,28,38,15,24,17,96,155,"53,88"
https://vnur.vn/,VNUR.VN - Bảng xếp hạng Đại học Việt Nam,2024,48,table_3,BẢNG XẾP HẠNG TOP 100 TRƯỜNG ĐẠI HỌC VIỆT NAM NĂM 2024,Học viện Công nghệ bưu chính viễn thông (Công lập),https://vnur.vn/hoc-vien-cong-nghe-buu-chinh-vien-thong/,https://vnur.vn/wp-content/uploads/2023/01/24.Hoc-vien-Buu-chinh-Vien-thong.jpg,30,,Công lập,Đồng bằng Sông Hồng,Hà Nội,"Kỹ thuật, Công nghệ",29,46,12,56,13,30,138,"53,67"
https://vnur.vn/,VNUR.VN - Bảng xếp hạng Đại học Việt Nam,2024,48,table_3,BẢNG XẾP HẠNG TOP 100 TRƯỜNG ĐẠI HỌC VIỆT NAM NĂM 2024,Trường Đại học Y tế Công cộng (Công lập),https://vnur.vn/truong-dai-hoc-y-te-cong-cong/,https://vnur.vn/wp-content/uploads/2023/01/41.Y-te-Cong-cong.jpg,31,,Công lập,Đồng bằng Sông Hồng,Hà Nội,Sức khỏe,30,41,34,12,66,108,133,"53,44"
https://vnur.vn/,VNUR.VN - Bảng xếp hạng Đại học Việt Nam,2024,48,table_3,BẢNG XẾP HẠNG TOP 100 TRƯỜNG ĐẠI HỌC VIỆT NAM NĂM 2024,Đại học Thái Nguyên (Công lập),https://vnur.vn/dai-hoc-thai-nguyen/,https://vnur.vn/wp-content/uploads/2023/01/17.Thai-Nguyen.jpg,32,,Công lập,Trung du và miền núi phía Bắc,Thái Nguyên,Đa ngành,31,26,86,26,8,36,6,"53,06"
https://vnur.vn/,VNUR.VN - Bảng xếp hạng Đại học Việt Nam,2024,48,table_3,BẢNG XẾP HẠNG TOP 100 TRƯỜNG ĐẠI HỌC VIỆT NAM NĂM 2024,TRƯỜNG ĐẠI HỌC KHOA HỌC VÀ CÔNG NGHỆ HÀ NỘI (CÔNG LẬP),https://vnur.vn/truong-dai-hoc-khoa-hoc-va-cong-nghe-ha-noi/,https://vnur.vn/wp-content/uploads/2024/01/Logo-Truong-Dai-hoc-Khoa-hoc-va-Cong-nghe-Ha-Noi-VN-France-University.webp,33,,Công lập,Đồng bằng Sông Hồng,Hà Nội,Đa Ngành,32,162,32,5,117,63,56,"52,46"
https://vnur.vn/,VNUR.VN - Bảng xếp hạng Đại học Việt Nam,2024,48,table_3,BẢNG XẾP HẠNG TOP 100 TRƯỜNG ĐẠI HỌC VIỆT NAM NĂM 2024,Trường Đại học Đà Lạt (Công lập),https://vnur.vn/truong-dai-hoc-da-lat/,https://vnur.vn/wp-content/uploads/2023/01/38.Da-Lat.jpg,34,,Công lập,Tây Nguyên,Lâm Đồng,Đa Ngành,33,46,22,68,51,61,42,"51,66"
https://vnur.vn/,VNUR.VN - Bảng xếp hạng Đại học Việt Nam,2024,48,table_3,BẢNG XẾP HẠNG TOP 100 TRƯỜNG ĐẠI HỌC VIỆT NAM NĂM 2024,Trường Đại học Xây dựng Hà Nội (Công lập),https://vnur.vn/truong-dai-hoc-xay-dung-ha-noi/,https://vnur.vn/wp-content/uploads/2023/01/14.Xay-dung-Ha-Noi.jpg,35,,Công lập,Đồng bằng Sông Hồng,Hà Nội,Xây dựng - Kiến trúc,34,115,13,40,15,73,153,"51,55"
https://vnur.vn/,VNUR.VN - Bảng xếp hạng Đại học Việt Nam,2024,48,table_3,BẢNG XẾP HẠNG TOP 100 TRƯỜNG ĐẠI HỌC VIỆT NAM NĂM 2024,Trường Đại học Hồng Đức (Công lập),https://vnur.vn/truong-dai-hoc-hong-duc/,https://vnur.vn/wp-content/uploads/2023/01/24.Hong-Duc.jpg,36,,Công lập,Bắc Trung Bộ và Bắc Trung Bộ và Duyên hải Nam Trung Bộ,Thanh Hóa,Đa Ngành,35,12,97,96,38,37,11,"51,50"
https://vnur.vn/,VNUR.VN - Bảng xếp hạng Đại học Việt Nam,2024,48,table_3,BẢNG XẾP HẠNG TOP 100 TRƯỜNG ĐẠI HỌC VIỆT NAM NĂM 2024,Trường Đại học Y Hà Nội (Công lập),https://vnur.vn/truong-dai-hoc-y-ha-noi/,https://vnur.vn/wp-content/uploads/2023/01/29.Y-Ha-Noi.jpg,37,,Công lập,Đồng bằng Sông Hồng,Hà Nội,Sức khỏe,36,120,55,10,41,21,27,"51,37"
https://vnur.vn/,VNUR.VN - Bảng xếp hạng Đại học Việt Nam,2024,48,table_3,BẢNG XẾP HẠNG TOP 100 TRƯỜNG ĐẠI HỌC VIỆT NAM NĂM 2024,Trường Đại học Sư phạm TP. Hồ Chí Minh (Công lập),https://vnur.vn/truong-dai-hoc-su-pham-tp-ho-chi-minh/,https://vnur.vn/wp-content/uploads/2023/01/53.Su-pham-TP.HCM_.png,38,,Công lập,Đông Nam Bộ,TP. Hồ Chí Minh,Sư phạm,37,116,26,47,23,40,3,"51,30"
https://vnur.vn/,VNUR.VN - Bảng xếp hạng Đại học Việt Nam,2024,48,table_3,BẢNG XẾP HẠNG TOP 100 TRƯỜNG ĐẠI HỌC VIỆT NAM NĂM 2024,Trường Đại học Đồng Tháp (Công lập),https://vnur.vn/truong-dai-hoc-dong-thap/,https://vnur.vn/wp-content/uploads/2023/01/69.Dong-Thap.jpg,39,,Công lập,Vùng Đồng bằng Sông Cửu Long,Đồng Tháp,Đa Ngành,38,19,93,61,44,31,11,"51,13"
https://vnur.vn/,VNUR.VN - Bảng xếp hạng Đại học Việt Nam,2024,48,table_3,BẢNG XẾP HẠNG TOP 100 TRƯỜNG ĐẠI HỌC VIỆT NAM NĂM 2024,Trường Đại học Công nghệ TP. Hồ Chí Minh (Tư thục),https://vnur.vn/truong-dai-hoc-cong-nghe-tp-ho-chi-minh/,https://vnur.vn/wp-content/uploads/2023/01/35.HUTECH.jpg,40,,Tư thục,Đông Nam Bộ,TP. Hồ Chí Minh,Đa Ngành,39,11,135,9,59,119,167,"51,05"
https://vnur.vn/,VNUR.VN - Bảng xếp hạng Đại học Việt Nam,2024,48,table_3,BẢNG XẾP HẠNG TOP 100 TRƯỜNG ĐẠI HỌC VIỆT NAM NĂM 2024,Học viện Tài chính (Công lập),https://vnur.vn/hoc-vien-tai-chinh/,https://vnur.vn/wp-content/uploads/2023/01/87.Hoc-vien-Tai-chinh.png,41,,Công lập,Đồng bằng Sông Hồng,Hà Nội,"Kinh tế, Tài chính",40,46,47,82,33,7,112,"50,52"
https://vnur.vn/,VNUR.VN - Bảng xếp hạng Đại học Việt Nam,2024,48,table_3,BẢNG XẾP HẠNG TOP 100 TRƯỜNG ĐẠI HỌC VIỆT NAM NĂM 2024,Trường Đại học Văn Lang (Tư thục),https://vnur.vn/truong-dai-hoc-van-lang/,https://vnur.vn/wp-content/uploads/2023/01/50.Van-Lang.jpg,42,,Tư thục,Đông Nam Bộ,TP. Hồ Chí Minh,Đa Ngành,41,22,65,42,72,86,168,"50,49"
https://vnur.vn/,VNUR.VN - Bảng xếp hạng Đại học Việt Nam,2024,48,table_3,BẢNG XẾP HẠNG TOP 100 TRƯỜNG ĐẠI HỌC VIỆT NAM NĂM 2024,Trường Đại học Điện lực (Công lập),https://vnur.vn/truong-dai-hoc-dien-luc/,https://vnur.vn/wp-content/uploads/2023/01/25.Dien-luc.jpg,43,,Công lập,Đồng bằng Sông Hồng,Hà Nội,Đa ngành,42,120,8,69,76,68,32,"50,38"
https://vnur.vn/,VNUR.VN - Bảng xếp hạng Đại học Việt Nam,2024,48,table_3,BẢNG XẾP HẠNG TOP 100 TRƯỜNG ĐẠI HỌC VIỆT NAM NĂM 2024,Trường Đại học Giao thông vận tải TP. Hồ Chí Minh (Công lập),https://vnur.vn/truong-dai-hoc-giao-thong-van-tai-tp-hcm/,https://ptc.ut.edu.vn/wp-content/uploads/2023/02/uth_logo_2.png,44,,Công lập,Đông Nam Bộ,TP. Hồ Chí Minh,"Kỹ thuật, Công nghệ",43,42,88,11,45,51,129,"49,75"
https://vnur.vn/,VNUR.VN - Bảng xếp hạng Đại học Việt Nam,2024,48,table_3,BẢNG XẾP HẠNG TOP 100 TRƯỜNG ĐẠI HỌC VIỆT NAM NĂM 2024,Trường Đại học Phenikaa (Tư thục),https://vnur.vn/truong-dai-hoc-phenikaa/,https://vnur.vn/wp-content/uploads/2023/01/43.Phenikaa.jpg,45,,Tư thục,Đông Nam Bộ,Hà Nội,Đa Ngành,44,33,113,18,5,89,38,"49,71"
https://vnur.vn/,VNUR.VN - Bảng xếp hạng Đại học Việt Nam,2024,48,table_3,BẢNG XẾP HẠNG TOP 100 TRƯỜNG ĐẠI HỌC VIỆT NAM NĂM 2024,Trường Đại học Sư phạm Hà Nội 2 (Công lập),https://vnur.vn/truong-dai-hoc-su-pham-ha-noi-2/,https://upload.wikimedia.org/wikipedia/vi/3/30/Su_pham_HN2.jpg,46,,Công lập,Đồng bằng Sông Hồng,Vĩnh Phúc,Sư phạm,45,46,38,83,47,19,131,"49,52"
https://vnur.vn/,VNUR.VN - Bảng xếp hạng Đại học Việt Nam,2024,48,table_3,BẢNG XẾP HẠNG TOP 100 TRƯỜNG ĐẠI HỌC VIỆT NAM NĂM 2024,Trường Đại học Tài chính - Marketing (Công lập),https://vnur.vn/truong-dai-hoc-tai-chinh-marketing/,https://vnur.vn/wp-content/uploads/2023/01/73.Tai-chinh-Marketing.jpg,47,,Công lập,Đông Nam Bộ,TP. Hồ Chí Minh,"Kinh tế, Tài chính",46,46,57,33,71,27,177,"49,15"
https://vnur.vn/,VNUR.VN - Bảng xếp hạng Đại học Việt Nam,2024,48,table_3,BẢNG XẾP HẠNG TOP 100 TRƯỜNG ĐẠI HỌC VIỆT NAM NĂM 2024,Trường Đại học Sư phạm Kỹ thuật Hưng Yên (Công lập),https://vnur.vn/truong-dai-hoc-su-pham-ky-thuat-hung-yen/,https://vnur.vn/wp-content/uploads/2023/01/23.Su-pham-Ky-thuat-Hung-Yen.png,48,,Công lập,Đồng bằng Sông Hồng,Hưng Yên,"Kỹ thuật, Công nghệ",47,114,29,46,63,116,130,"49,01"
https://vnur.vn/,VNUR.VN - Bảng xếp hạng Đại học Việt Nam,2024,48,table_3,BẢNG XẾP HẠNG TOP 100 TRƯỜNG ĐẠI HỌC VIỆT NAM NĂM 2024,Trường Đại học Công nghệ giao thông vận tải (Công lập),https://vnur.vn/truong-dai-hoc-cong-nghe-giao-thong-van-tai/,https://vnur.vn/wp-content/uploads/2023/01/65.Cong-nghe-Giao-thong-Van-tai.jpg,49,,Công lập,Đồng bằng Sông Hồng,Hà Nội,"Kỹ thuật, Công nghệ",48,46,61,30,42,86,175,"48,05"
https://vnur.vn/,VNUR.VN - Bảng xếp hạng Đại học Việt Nam,2024,48,table_3,BẢNG XẾP HẠNG TOP 100 TRƯỜNG ĐẠI HỌC VIỆT NAM NĂM 2024,Trường Đại học Kiến trúc TP. Hồ Chí Minh (Công lập),https://vnur.vn/truong-dai-hoc-kien-truc-tp-ho-chi-minh/,https://vnur.vn/wp-content/uploads/2023/01/64.Kien-truc-TP.HCM_.jpg,50,,Công lập,Đông Nam Bộ,TP. Hồ Chí Minh,Xây dựng - Kiến trúc,49,46,24,90,136,57,181,"48,05"
https://vnur.vn/,VNUR.VN - Bảng xếp hạng Đại học Việt Nam,2024,48,table_3,BẢNG XẾP HẠNG TOP 100 TRƯỜNG ĐẠI HỌC VIỆT NAM NĂM 2024,Trường Đại học Tài nguyên và Môi trường Hà Nội (Công lập),https://vnur.vn/truong-dai-hoc-tai-nguyen-va-moi-truong-ha-noi/,https://upload.wikimedia.org/wikipedia/commons/4/4e/HUNRE_Logo.png,51,,Công lập,Đồng bằng Sông Hồng,Hà Nội,Đa Ngành,50,24,67,79,35,92,189,"47,65"
https://vnur.vn/,VNUR.VN - Bảng xếp hạng Đại học Việt Nam,2024,48,table_3,BẢNG XẾP HẠNG TOP 100 TRƯỜNG ĐẠI HỌC VIỆT NAM NĂM 2024,Học viện Báo chí và Tuyên truyền (Công lập),https://vnur.vn/hoc-vien-bao-chi-va-tuyen-truyen/,https://vnur.vn/wp-content/uploads/2023/01/34.Hoc-vien-Bao-chi-Tuyen-truyen.jpg,52,,Công lập,Đồng bằng Sông Hồng,Hà Nội,Hành chính,51,120,18,128,55,6,56,"47,36"
https://vnur.vn/,VNUR.VN - Bảng xếp hạng Đại học Việt Nam,2024,48,table_3,BẢNG XẾP HẠNG TOP 100 TRƯỜNG ĐẠI HỌC VIỆT NAM NĂM 2024,Trường Đại học Sài Gòn (Công lập),https://vnur.vn/truong-dai-hoc-sai-gon/,https://vnur.vn/wp-content/uploads/2023/01/48.Sai-Gon.jpg,53,,Công lập,Đông Nam Bộ,TP. Hồ Chí Minh,Đa Ngành,52,46,60,60,43,46,171,"47,20"
https://vnur.vn/,VNUR.VN - Bảng xếp hạng Đại học Việt Nam,2024,48,table_3,BẢNG XẾP HẠNG TOP 100 TRƯỜNG ĐẠI HỌC VIỆT NAM NĂM 2024,Trường Đại học Thăng Long (Tư thục),https://vnur.vn/truong-dai-hoc-thang-long/,https://vnur.vn/wp-content/uploads/2023/01/54.Thang-Long.jpg,54,,Tư thục,Đồng bằng Sông Hồng,Hà Nội,Đa Ngành,53,120,11,75,152,52,158,"46,99"
https://vnur.vn/,VNUR.VN - Bảng xếp hạng Đại học Việt Nam,2024,48,table_3,BẢNG XẾP HẠNG TOP 100 TRƯỜNG ĐẠI HỌC VIỆT NAM NĂM 2024,Trường Đại học Nha Trang (Công lập),https://vnur.vn/truong-dai-hoc-nha-trang/,https://upload.wikimedia.org/wikipedia/commons/c/c1/Nha_Trang_University_Seal.png,55,,Công lập,Bắc Trung Bộ và Duyên hải Nam Trung Bộ,Khánh Hoà,Đa Ngành,54,120,21,52,32,122,132,"46,72"
https://vnur.vn/,VNUR.VN - Bảng xếp hạng Đại học Việt Nam,2024,48,table_3,BẢNG XẾP HẠNG TOP 100 TRƯỜNG ĐẠI HỌC VIỆT NAM NĂM 2024,Trường Đại học Luật Hà Nội (Công lập),https://vnur.vn/truong-dai-hoc-luat-ha-noi/,https://vnur.vn/wp-content/uploads/2023/01/59.Luat-Ha-Noi.jpg,56,,Công lập,Đồng bằng Sông Hồng,Hà Nội,Pháp luật,55,120,23,137,53,25,10,"46,66"
https://vnur.vn/,VNUR.VN - Bảng xếp hạng Đại học Việt Nam,2024,48,table_3,BẢNG XẾP HẠNG TOP 100 TRƯỜNG ĐẠI HỌC VIỆT NAM NĂM 2024,Trường Đại học Thủ đô Hà Nội (Công lập),https://vnur.vn/truong-dai-hoc-thu-do-ha-noi/,https://vnur.vn/wp-content/uploads/2023/01/29.Thu-do-Ha-Noi.jpg,57,,Công lập,Đồng bằng Sông Hồng,Hà Nội,Sư phạm,56,46,53,129,56,59,134,"46,51"
https://vnur.vn/,VNUR.VN - Bảng xếp hạng Đại học Việt Nam,2024,48,table_3,BẢNG XẾP HẠNG TOP 100 TRƯỜNG ĐẠI HỌC VIỆT NAM NĂM 2024,Trường Đại học Kinh tế Kỹ thuật Công nghiệp (Công lập),https://vnur.vn/truong-dai-hoc-kinh-te-ky-thuat-cong-nghiep/,https://vnur.vn/wp-content/uploads/2023/01/19.Kinh-te-Ky-thuat-Cong-nghiep.jpg,58,,Công lập,Đồng bằng Sông Hồng,Nam Định,"Kỹ thuật, Công nghệ",57,46,68,127,27,65,20,"46,50"
https://vnur.vn/,VNUR.VN - Bảng xếp hạng Đại học Việt Nam,2024,48,table_3,BẢNG XẾP HẠNG TOP 100 TRƯỜNG ĐẠI HỌC VIỆT NAM NĂM 2024,Học viện Phụ nữ Việt Nam (Công lập),https://vnur.vn/hoc-vien-phu-nu-viet-nam/,https://vnur.vn/wp-content/uploads/2023/01/90.Hoc-vien-Phu-nu.png,59,,Công lập,Đồng bằng Sông Hồng,Hà Nội,Hành chính,58,46,45,179,69,81,33,"46,43"
https://vnur.vn/,VNUR.VN - Bảng xếp hạng Đại học Việt Nam,2024,48,table_3,BẢNG XẾP HẠNG TOP 100 TRƯỜNG ĐẠI HỌC VIỆT NAM NĂM 2024,Trường Đại học Luật TP. Hồ Chí Minh (Công lập),https://vnur.vn/truong-dai-hoc-luat-tp-ho-chi-minh/,https://vnur.vn/wp-content/uploads/2023/01/83.Luat-TP.HCM_.jpg,60,,Công lập,Đông Nam Bộ,TP. Hồ Chí Minh,Pháp luật,59,120,37,57,52,10,162,"46,18"
https://vnur.vn/,VNUR.VN - Bảng xếp hạng Đại học Việt Nam,2024,48,table_3,BẢNG XẾP HẠNG TOP 100 TRƯỜNG ĐẠI HỌC VIỆT NAM NĂM 2024,Trường Đại học Văn hoá TP. Hồ Chí Minh (Công lập),https://vnur.vn/truong-dai-hoc-van-hoa-tp-ho-chi-minh/,https://vnur.vn/wp-content/uploads/2023/01/75.Van-hoa-TP.HCM_.jpg,61,,Công lập,Đông Nam Bộ,TP. Hồ Chí Minh,Văn hóa,60,46,44,174,85,93,121,"45,46"
https://vnur.vn/,VNUR.VN - Bảng xếp hạng Đại học Việt Nam,2024,48,table_3,BẢNG XẾP HẠNG TOP 100 TRƯỜNG ĐẠI HỌC VIỆT NAM NĂM 2024,Trường Đại học Nam Cần Thơ (Tư thục),https://vnur.vn/truong-dai-hoc-nam-can-tho/,https://vnur.vn/wp-content/uploads/2023/01/91.Nam-Can-Tho-1.jpg,62,,Tư thục,Đồng bằng sông Cửu Long,Cần Thơ,Đa Ngành,61,23,74,158,106,110,135,"45,45"
https://vnur.vn/,VNUR.VN - Bảng xếp hạng Đại học Việt Nam,2024,48,table_3,BẢNG XẾP HẠNG TOP 100 TRƯỜNG ĐẠI HỌC VIỆT NAM NĂM 2024,Trường Đại học Quốc tế Hồng Bàng (Tư thục),https://vnur.vn/truong-dai-hoc-quoc-te-hong-bang/,https://vnur.vn/wp-content/uploads/2023/01/62.-DH-Quoc-Te-Hong-Bang.jpg,63,,Tư thục,Đông Nam Bộ,TP. Hồ Chí Minh,Đa Ngành,62,46,76,59,96,107,38,"45,17"
https://vnur.vn/,VNUR.VN - Bảng xếp hạng Đại học Việt Nam,2024,48,table_3,BẢNG XẾP HẠNG TOP 100 TRƯỜNG ĐẠI HỌC VIỆT NAM NĂM 2024,Học viện Chính sách và Phát triển (Công lập),https://vnur.vn/hoc-vien-chinh-sach-va-phat-trien/,https://vnur.vn/wp-content/uploads/2023/01/39.Hoc-vien-Chinh-sach-Phat-trien.jpg,64,,Công lập,Đồng bằng Sông Hồng,Hà Nội,Hành chính,63,120,31,121,125,15,117,"45,02"
https://vnur.vn/,VNUR.VN - Bảng xếp hạng Đại học Việt Nam,2024,48,table_3,BẢNG XẾP HẠNG TOP 100 TRƯỜNG ĐẠI HỌC VIỆT NAM NĂM 2024,Trường Đại học Hàng Hải Việt Nam (Công lập),https://vnur.vn/truong-dai-hoc-hang-hai-viet-nam/,https://vnur.vn/wp-content/uploads/2023/01/44.Hang-hai-Viet-Nam.jpg,65,,Công lập,Đồng bằng Sông Hồng,Hải Phòng,Đa Ngành,64,120,66,45,22,39,119,"44,94"
https://vnur.vn/,VNUR.VN - Bảng xếp hạng Đại học Việt Nam,2024,48,table_3,BẢNG XẾP HẠNG TOP 100 TRƯỜNG ĐẠI HỌC VIỆT NAM NĂM 2024,Trường Đại học Công Thương(Công lập),https://vnur.vn/truong-dai-hoc-cong-nghiep-thuc-pham-tp-ho-chi-minh/,https://giaoduc247.vn/uploads/082021/images/HUIT(1).jpeg,66,,Công lập,Đông Nam Bộ,TP. Hồ Chí Minh,"Kỹ thuật, Công nghệ",65,39,72,41,67,112,183,"44,89"
https://vnur.vn/,VNUR.VN - Bảng xếp hạng Đại học Việt Nam,2024,48,table_3,BẢNG XẾP HẠNG TOP 100 TRƯỜNG ĐẠI HỌC VIỆT NAM NĂM 2024,Trường Đại học FPT (Tư thục),https://vnur.vn/truong-dai-hoc-fpt/,https://vnur.vn/wp-content/uploads/2023/01/37.FPT_.jpg,67,,Tư thục,Đồng bằng Sông Hồng,Hà Nội,Đa Ngành,66,42,85,53,100,130,22,"44,74"
https://vnur.vn/,VNUR.VN - Bảng xếp hạng Đại học Việt Nam,2024,48,table_3,BẢNG XẾP HẠNG TOP 100 TRƯỜNG ĐẠI HỌC VIỆT NAM NĂM 2024,Trường Đại học Công đoàn (Công lập),https://vnur.vn/truong-dai-hoc-cong-doan/,https://vnur.vn/wp-content/uploads/2023/01/46.Cong-Doan.jpg,68,,Công lập,Đồng bằng Sông Hồng,Hà Nội,Đa Ngành,67,120,43,93,118,97,9,"44,54"
https://vnur.vn/,VNUR.VN - Bảng xếp hạng Đại học Việt Nam,2024,48,table_3,BẢNG XẾP HẠNG TOP 100 TRƯỜNG ĐẠI HỌC VIỆT NAM NĂM 2024,Trường Đại học Kiên Giang (Công lập),https://vnur.vn/truong-dai-hoc-kien-giang/,https://www.vnkgu.edu.vn/public/images/logo.png,69,,Công lập,Đồng bằng sông Cửu Long,Kiên Giang,Đa Ngành,68,46,79,103,152,49,56,"44,21"
https://vnur.vn/,VNUR.VN - Bảng xếp hạng Đại học Việt Nam,2024,48,table_3,BẢNG XẾP HẠNG TOP 100 TRƯỜNG ĐẠI HỌC VIỆT NAM NĂM 2024,Trường Đại học Kinh tế - Tài chính TP. Hồ Chí Minh (Tư thục),https://vnur.vn/truong-dai-hoc-kinh-te-tai-chinh-tp-ho-chi-minh/,https://cdn.haitrieu.com/wp-content/uploads/2022/05/Logo-UEF.png,70,,Tư thục,Đông Nam Bộ,TP. Hồ Chí Minh,Đa Ngành,69,18,143,51,88,128,114,"44,19"
https://vnur.vn/,VNUR.VN - Bảng xếp hạng Đại học Việt Nam,2024,48,table_3,BẢNG XẾP HẠNG TOP 100 TRƯỜNG ĐẠI HỌC VIỆT NAM NĂM 2024,Trường Đại học Y khoa Phạm Ngọc Thạch (Công lập),https://vnur.vn/truong-dai-hoc-y-khoa-pham-ngoc-thach/,https://upload.wikimedia.org/wikipedia/commons/a/a8/YPhamNgocThach.png,71,,Công lập,Đông Nam Bộ,TP. Hồ Chí Minh,Sức khỏe,70,46,89,55,152,28,146,"44,18"
https://vnur.vn/,VNUR.VN - Bảng xếp hạng Đại học Việt Nam,2024,48,table_3,BẢNG XẾP HẠNG TOP 100 TRƯỜNG ĐẠI HỌC VIỆT NAM NĂM 2024,Học viện Hành chính Quốc gia (Công lập),https://vnur.vn/hoc-vien-hanh-chinh-quoc-gia/,https://upload.wikimedia.org/wikipedia/vi/1/1b/Logo_H%E1%BB%8Dc_vi%E1%BB%87n_H%C3%A0nh_ch%C3%ADnh_Qu%E1%BB%91c_gia.png,72,,Công lập,Đồng bằng Sông Hồng,Hà Nội,Hành chính,71,46,69,134,40,58,150,"44,06"
https://vnur.vn/,VNUR.VN - Bảng xếp hạng Đại học Việt Nam,2024,48,table_3,BẢNG XẾP HẠNG TOP 100 TRƯỜNG ĐẠI HỌC VIỆT NAM NĂM 2024,Học viện Ngoại giao (Công lập),https://vnur.vn/hoc-vien-ngoai-giao/,https://vnur.vn/wp-content/uploads/2023/01/31.Hoc-vien-Ngoai-giao.jpg,73,,Công lập,Đồng bằng Sông Hồng,Hà Nội,Hành chính,72,33,91,124,82,2,192,"44,05"
https://vnur.vn/,VNUR.VN - Bảng xếp hạng Đại học Việt Nam,2024,48,table_3,BẢNG XẾP HẠNG TOP 100 TRƯỜNG ĐẠI HỌC VIỆT NAM NĂM 2024,Trường Đại học Tây Nguyên (Công lập),https://vnur.vn/truong-dai-hoc-tay-nguyen/,https://vnur.vn/wp-content/uploads/2023/01/74.Tay-Nguyen.jpg,74,,Công lập,Tây Nguyên,Đắk Lắk,Đa Ngành,73,46,106,66,50,84,11,"43,63"
https://vnur.vn/,VNUR.VN - Bảng xếp hạng Đại học Việt Nam,2024,48,table_3,BẢNG XẾP HẠNG TOP 100 TRƯỜNG ĐẠI HỌC VIỆT NAM NĂM 2024,Trường Đại học Hải Phòng (Công lập),https://vnur.vn/truong-dai-hoc-hai-phong/,https://vnur.vn/wp-content/uploads/2023/01/81.Hai-Phong.jpg,75,,Công lập,Đồng bằng Sông Hồng,Hải Phòng,Đa Ngành,74,120,51,113,93,102,11,"43,38"
https://vnur.vn/,VNUR.VN - Bảng xếp hạng Đại học Việt Nam,2024,48,table_3,BẢNG XẾP HẠNG TOP 100 TRƯỜNG ĐẠI HỌC VIỆT NAM NĂM 2024,Trường Đại học Lao động - Xã hội (Công lập),https://vnur.vn/truong-dai-hoc-lao-dong-xa-hoi/,https://vnur.vn/wp-content/uploads/2023/01/52.lao-dong-Xa-hoi.png,76,,Công lập,Đồng bằng Sông Hồng,Hà Nội,Đa Ngành,75,120,36,119,81,83,154,"42,83"
https://vnur.vn/,VNUR.VN - Bảng xếp hạng Đại học Việt Nam,2024,48,table_3,BẢNG XẾP HẠNG TOP 100 TRƯỜNG ĐẠI HỌC VIỆT NAM NĂM 2024,Trường Đại học Kiến trúc Hà Nội (Công lập),https://vnur.vn/truong-dai-hoc-kien-truc-ha-noi/,https://vnur.vn/wp-content/uploads/2023/01/61.Kien-truc-Ha-Noi.jpg,77,,Công lập,Đồng bằng Sông Hồng,Hà Nội,Xây dựng - Kiến trúc,76,120,49,92,64,54,170,"42,82"
https://vnur.vn/,VNUR.VN - Bảng xếp hạng Đại học Việt Nam,2024,48,table_3,BẢNG XẾP HẠNG TOP 100 TRƯỜNG ĐẠI HỌC VIỆT NAM NĂM 2024,Trường Đại học Y Dược Cần Thơ (Công lập),https://vnur.vn/truong-dai-hoc-y-duoc-can-tho/,https://upload.wikimedia.org/wikipedia/commons/6/6e/Logo_%C4%90%E1%BA%A1i_h%E1%BB%8Dc_Y_D%C6%B0%E1%BB%A3c_C%E1%BA%A7n_Th%C6%A1.gif,78,,Công lập,Đồng bằng sông Cửu Long,Cần Thơ,Sức khỏe,77,120,54,85,61,29,176,"42,79"
https://vnur.vn/,VNUR.VN - Bảng xếp hạng Đại học Việt Nam,2024,48,table_3,BẢNG XẾP HẠNG TOP 100 TRƯỜNG ĐẠI HỌC VIỆT NAM NĂM 2024,Trường Đại học Công nghệ Đồng Nai (Tư thục),https://vnur.vn/truong-dai-hoc-cong-nghe-dong-nai/,https://cdn.haitrieu.com/wp-content/uploads/2021/12/Logo-DH-Cong-Nghe-Dong-Nai-DNTU.png,79,,Tư thục,Đông Nam Bộ,Đồng Nai,Đa Ngành,78,113,82,36,152,125,188,"42,70"
https://vnur.vn/,VNUR.VN - Bảng xếp hạng Đại học Việt Nam,2024,48,table_3,BẢNG XẾP HẠNG TOP 100 TRƯỜNG ĐẠI HỌC VIỆT NAM NĂM 2024,Học viện Y Dược học cổ truyền Việt Nam (Công lập),https://vnur.vn/hoc-vien-y-duoc-hoc-co-truyen-viet-nam/,https://upload.wikimedia.org/wikipedia/commons/7/72/H%E1%BB%8Dc_vi%E1%BB%87n_Y_d%C6%B0%E1%BB%A3c_h%E1%BB%8Dc_c%E1%BB%95_truy%E1%BB%81n_Vi%E1%BB%87t_Nam.jpg,80,,Công lập,Đồng bằng Sông Hồng,Hà Nội,Sức khỏe,79,120,27,139,129,48,182,"42,69"
https://vnur.vn/,VNUR.VN - Bảng xếp hạng Đại học Việt Nam,2024,48,table_3,BẢNG XẾP HẠNG TOP 100 TRƯỜNG ĐẠI HỌC VIỆT NAM NĂM 2024,Trường Đại học Tây Đô (Tư thục),https://vnur.vn/truong-dai-hoc-tay-do/,https://vnur.vn/wp-content/uploads/2023/01/76.Tay-Do.jpg,81,,Tư thục,Đồng bằng sông Cửu Long,Cần Thơ,Đa Ngành,80,24,104,132,96,146,42,"42,56"
https://vnur.vn/,VNUR.VN - Bảng xếp hạng Đại học Việt Nam,2024,48,table_3,BẢNG XẾP HẠNG TOP 100 TRƯỜNG ĐẠI HỌC VIỆT NAM NĂM 2024,Trường Đại học Y khoa Vinh (Công lập),https://vnur.vn/truong-dai-hoc-y-khoa-vinh/,https://vnur.vn/wp-content/uploads/2023/01/67.Y-khoa-Vinh.png,82,,Công lập,Bắc Trung Bộ và Bắc Trung Bộ và Duyên hải Nam Trung Bộ,Nghệ An,Sức khỏe,81,46,98,115,152,75,56,"42,31"
https://vnur.vn/,VNUR.VN - Bảng xếp hạng Đại học Việt Nam,2024,48,table_3,BẢNG XẾP HẠNG TOP 100 TRƯỜNG ĐẠI HỌC VIỆT NAM NĂM 2024,Trường Đại học Kỹ thuật - Công nghệ Cần Thơ (Công lập),https://vnur.vn/truong-dai-hoc-ky-thuat-cong-nghe-can-tho/,https://vnur.vn/wp-content/uploads/2023/01/77.Ky-thuat-Cong-nghe-Can-Tho.png,83,,Công lập,Đồng bằng sông Cửu Long,Cần Thơ,"Kỹ thuật, Công nghệ",82,46,71,110,133,101,173,"41,85"
https://vnur.vn/,VNUR.VN - Bảng xếp hạng Đại học Việt Nam,2024,48,table_3,BẢNG XẾP HẠNG TOP 100 TRƯỜNG ĐẠI HỌC VIỆT NAM NĂM 2024,Trường Đại học Mở Hà Nội (Công lập),https://vnur.vn/truong-dai-hoc-mo-ha-noi/,https://vnur.vn/wp-content/uploads/2023/01/63.Mo-Ha-Noi.png,84,,Công lập,Đồng bằng Sông Hồng,Hà Nội,Đa Ngành,83,120,46,153,57,67,160,"41,84"
https://vnur.vn/,VNUR.VN - Bảng xếp hạng Đại học Việt Nam,2024,48,table_3,BẢNG XẾP HẠNG TOP 100 TRƯỜNG ĐẠI HỌC VIỆT NAM NĂM 2024,Trường Đại học Y Dược Buôn Ma Thuột (Tư thục),https://vnur.vn/truong-dai-hoc-y-duoc-buon-ma-thuot/,https://bmtu.edu.vn/images/logo.png,85,,Tư thục,Tây Nguyên,Đắk Lắk,Sức khỏe,84,46,83,161,152,104,56,"41,58"
https://vnur.vn/,VNUR.VN - Bảng xếp hạng Đại học Việt Nam,2024,48,table_3,BẢNG XẾP HẠNG TOP 100 TRƯỜNG ĐẠI HỌC VIỆT NAM NĂM 2024,Trường Đại học Y Dược TP. Hồ Chí Minh (Công lập),https://vnur.vn/truong-dai-hoc-y-duoc-tp-hcm/,https://vnur.vn/wp-content/uploads/2023/01/51.Y-duoc-TP.HCM_.jpg,86,,Công lập,Đông Nam Bộ,TP. Hồ Chí Minh,Sức khỏe,85,118,111,21,68,20,145,"41,58"
https://vnur.vn/,VNUR.VN - Bảng xếp hạng Đại học Việt Nam,2024,48,table_3,BẢNG XẾP HẠNG TOP 100 TRƯỜNG ĐẠI HỌC VIỆT NAM NĂM 2024,Trường Đại học Y Dược Thái Bình (Công lập),https://vnur.vn/truong-dai-hoc-y-duoc-thai-binh/,https://vnur.vn/wp-content/uploads/2023/01/45.Y-Thai-Binh.jpg,87,,Công lập,Đồng bằng Sông Hồng,Thái Bình,Sức khỏe,86,120,78,73,124,62,42,"41,53"
https://vnur.vn/,VNUR.VN - Bảng xếp hạng Đại học Việt Nam,2024,48,table_3,BẢNG XẾP HẠNG TOP 100 TRƯỜNG ĐẠI HỌC VIỆT NAM NĂM 2024,Học viện Quản lý giáo dục (Công lập),https://vnur.vn/hoc-vien-quan-ly-giao-duc/,https://upload.wikimedia.org/wikipedia/vi/f/fa/Hoc_vien_QuanLyGiaoDuc.jpg,88,,Công lập,Đồng bằng Sông Hồng,Hà Nội,Sư phạm,87,120,58,131,74,151,11,"41,52"
https://vnur.vn/,VNUR.VN - Bảng xếp hạng Đại học Việt Nam,2024,48,table_3,BẢNG XẾP HẠNG TOP 100 TRƯỜNG ĐẠI HỌC VIỆT NAM NĂM 2024,Trường Đại học Trà Vinh (Công lập),https://vnur.vn/truong-dai-hoc-tra-vinh/,https://inkythuatso.com/uploads/images/2021/12/logo-truong-dai-hoc-tra-vinh-inkythuatso-01-20-11-24-36.jpg,89,,Công lập,Đồng bằng sông Cửu Long,Trà Vinh,Đa Ngành,88,27,134,95,37,98,30,"41,51"
https://vnur.vn/,VNUR.VN - Bảng xếp hạng Đại học Việt Nam,2024,48,table_3,BẢNG XẾP HẠNG TOP 100 TRƯỜNG ĐẠI HỌC VIỆT NAM NĂM 2024,Học viện Thanh thiếu niên Việt Nam (Công lập),https://vnur.vn/hoc-vien-thanh-thieu-nien-viet-nam/,https://cdn.haitrieu.com/wp-content/uploads/2022/08/logo-hoc-vien-thanh-thieu-nien-viet-nam.png,90,,Công lập,Đồng bằng Sông Hồng,Hà Nội,Hành chính,89,46,94,108,119,74,142,"41,40"
https://vnur.vn/,VNUR.VN - Bảng xếp hạng Đại học Việt Nam,2024,48,table_3,BẢNG XẾP HẠNG TOP 100 TRƯỜNG ĐẠI HỌC VIỆT NAM NĂM 2024,Trường Đại học Bà Rịa - Vũng Tàu (Tư thục),https://vnur.vn/truong-dai-hoc-ba-ria-vung-tau/,https://bvu.edu.vn/wp-content/uploads/2022/12/LOGO-BVU-NO-DEL-550x500.png,91,,Tư thục,Đông Nam Bộ,Bà Rịa - Vũng Tàu,Đa Ngành,90,29,117,89,133,138,56,"41,33"
https://vnur.vn/,VNUR.VN - Bảng xếp hạng Đại học Việt Nam,2024,48,table_3,BẢNG XẾP HẠNG TOP 100 TRƯỜNG ĐẠI HỌC VIỆT NAM NĂM 2024,Trường Đại học Kỹ thuật Y - Dược Đà Nẵng (Công lập),https://vnur.vn/truong-dai-hoc-ky-thuat-y-duoc-da-nang/,https://vnur.vn/wp-content/uploads/2023/01/57.Ky-thuat-Y-duoc-Da-Nang.png,92,,Công lập,Bắc Trung Bộ và Duyên hải Nam Trung Bộ,Đà Nẵng,Sức khỏe,91,46,109,62,136,78,149,"41,10"
https://vnur.vn/,VNUR.VN - Bảng xếp hạng Đại học Việt Nam,2024,48,table_3,BẢNG XẾP HẠNG TOP 100 TRƯỜNG ĐẠI HỌC VIỆT NAM NĂM 2024,Trường Đại học Công nghệ Đông Á (Tư thục),https://vnur.vn/truong-dai-hoc-cong-nghe-dong-a/,https://vnur.vn/wp-content/uploads/2024/01/Logo_Truong_Dai_hoc_Cong_nghe_Dong_A_2015.png,93,,Tư thục,Đồng bằng Sông Hồng,Bắc Ninh,Đa Ngành,92,46,50,163,152,177,186,"41,05"
https://vnur.vn/,VNUR.VN - Bảng xếp hạng Đại học Việt Nam,2024,48,table_3,BẢNG XẾP HẠNG TOP 100 TRƯỜNG ĐẠI HỌC VIỆT NAM NĂM 2024,Trường Đại học Hoa Sen (Tư thục),https://vnur.vn/truong-dai-hoc-hoa-sen/,https://www.hoasen.edu.vn/wp-content/uploads/2022/02/HSU.jpg,94,,Tư thục,Đông Nam Bộ,TP. Hồ Chí Minh,Đa Ngành,93,31,96,107,145,143,172,"40,72"
https://vnur.vn/,VNUR.VN - Bảng xếp hạng Đại học Việt Nam,2024,48,table_3,BẢNG XẾP HẠNG TOP 100 TRƯỜNG ĐẠI HỌC VIỆT NAM NĂM 2024,Trường Đại học Kinh doanh và Công nghệ Hà Nội (Tư thục),https://vnur.vn/truong-dai-hoc-kinh-doanh-va-cong-nghe-ha-noi/,https://vnur.vn/wp-content/uploads/2023/01/86.Kinh-doanh-Cong-nghe-Ha-Noi.png,95,,Tư thục,Đồng bằng Sông Hồng,Hà Nội,Đa Ngành,94,46,95,106,96,85,174,"40,71"
https://vnur.vn/,VNUR.VN - Bảng xếp hạng Đại học Việt Nam,2024,48,table_3,BẢNG XẾP HẠNG TOP 100 TRƯỜNG ĐẠI HỌC VIỆT NAM NĂM 2024,Trường Đại học Hạ Long (Công lập),https://vnur.vn/truong-dai-hoc-ha-long/,https://uhl.edu.vn/wp-content/uploads/2018/05/dai-hoc-ha-long-500x430.pnghttps://vnur.vn/wp-content/uploads/2024/01/Logo-Dai-Hoc-Ha-Long-UHL-V.webp,96,,Công lập,Trung du và miền núi phía Bắc,Quảng Ninh,Đa Ngành,95,46,100,147,119,113,33,"40,51"
https://vnur.vn/,VNUR.VN - Bảng xếp hạng Đại học Việt Nam,2024,48,table_3,BẢNG XẾP HẠNG TOP 100 TRƯỜNG ĐẠI HỌC VIỆT NAM NĂM 2024,Trường Đại học Sư phạm Kỹ thuật Vinh (Công lập),https://vnur.vn/truong-dai-hoc-su-pham-ky-thuat-vinh/,https://vnur.vn/wp-content/uploads/2023/01/71.Su-pham-Ky-thuat-Vinh.jpg,97,,Công lập,Bắc Trung Bộ và Bắc Trung Bộ và Duyên hải Nam Trung Bộ,Nghệ An,"Kỹ thuật, Công nghệ",96,46,90,136,122,174,56,"39,86"
https://vnur.vn/,VNUR.VN - Bảng xếp hạng Đại học Việt Nam,2024,48,table_3,BẢNG XẾP HẠNG TOP 100 TRƯỜNG ĐẠI HỌC VIỆT NAM NĂM 2024,Trường Đại Học Tây Bắc (Công lập),,https://vnur.vn/wp-content/uploads/2024/01/logo-tay-bac.png,98,,Công lập,Trung du và miền núi phía Bắc,,,97,46,138,112,62,32,11,"39,81"
https://vnur.vn/,VNUR.VN - Bảng xếp hạng Đại học Việt Nam,2024,48,table_3,BẢNG XẾP HẠNG TOP 100 TRƯỜNG ĐẠI HỌC VIỆT NAM NĂM 2024,Trường Đại học Điều dưỡng Nam Định (Công lập),https://vnur.vn/truong-dai-hoc-dieu-duong-nam-dinh/,https://upload.wikimedia.org/wikipedia/vi/thumb/8/87/Logo_NDUN.png/110px-Logo_NDUN.png,99,,Công lập,Đồng bằng Sông Hồng,Nam Định,Sức khỏe,98,46,99,148,101,145,111,"39,73"
https://vnur.vn/,VNUR.VN - Bảng xếp hạng Đại học Việt Nam,2024,48,table_3,BẢNG XẾP HẠNG TOP 100 TRƯỜNG ĐẠI HỌC VIỆT NAM NĂM 2024,Trường Đại học Công nghiệp Việt - Hung (Công lập),https://vnur.vn/truong-dai-hoc-cong-nghiep-viet-hung/,https://upload.wikimedia.org/wikipedia/vi/3/3b/Logo_viethung.png,100,,Công lập,Đồng bằng Sông Hồng,Hà Nội,"Kỹ thuật, Công nghệ",99,46,73,155,95,176,148,"39,51"
https://vnur.vn/,VNUR.VN - Bảng xếp hạng Đại học Việt Nam,2024,48,table_3,BẢNG XẾP HẠNG TOP 100 TRƯỜNG ĐẠI HỌC VIỆT NAM NĂM 2024,Trường Đại học Văn hoá Hà Nội (Công lập),https://vnur.vn/truong-dai-hoc-van-hoa-ha-noi/,https://upload.wikimedia.org/wikipedia/vi/2/2c/DH_Van_hoa_Ha_Noi.jpg,101,,Công lập,Đồng bằng Sông Hồng,Hà Nội,Văn hóa,100,163,33,181,65,18,136,"39,23"
https://vnur.vn/,VNUR.VN - Bảng xếp hạng Đại học Việt Nam,2023,47,table_4,BẢNG XẾP HẠNG TOP 100 TRƯỜNG ĐẠI HỌC VIỆT NAM NĂM 2023 – TOÀN QUỐC,Đại học Quốc gia Hà Nội,,https://vnur.vn/wp-content/uploads/2023/01/1.DHQG-HN-1.png,2,,Công lập,Đồng bằng Bắc bộ,Hà Nội,Đa ngành,1,1,14,6,2,12,63,"100,00"
https://vnur.vn/,VNUR.VN - Bảng xếp hạng Đại học Việt Nam,2023,47,table_4,BẢNG XẾP HẠNG TOP 100 TRƯỜNG ĐẠI HỌC VIỆT NAM NĂM 2023 – TOÀN QUỐC,Đại học Quốc gia TP. Hồ Chí Minh (Công lập),https://vnur.vn/dai-hoc-quoc-gia-thanh-pho-ho-chi-minh/%E2%80%9D,https://upload.wikimedia.org/wikipedia/vi/thumb/f/fb/VNUHCM_logo.svg/1200px-VNUHCM_logo.svg.png,3,,Công lập,Đông Nam Bộ,TP Hồ Chí Minh,Đa ngành,2,2,10,4,3,34,94,"95,00"
https://vnur.vn/,VNUR.VN - Bảng xếp hạng Đại học Việt Nam,2023,47,table_4,BẢNG XẾP HẠNG TOP 100 TRƯỜNG ĐẠI HỌC VIỆT NAM NĂM 2023 – TOÀN QUỐC,Trường Đại học Tôn Đức Thắng (Công lập),https://vnur.vn/truong-dai-hoc-ton-duc-thang/,https://www.tdtu.edu.vn/sites/www/files/logo/logo-tdt-new.png,4,,Công lập,Đông Nam Bộ,TP Hồ Chí Minh,Đa ngành,3,4,20,1,37,57,8,"89,80"
https://vnur.vn/,VNUR.VN - Bảng xếp hạng Đại học Việt Nam,2023,47,table_4,BẢNG XẾP HẠNG TOP 100 TRƯỜNG ĐẠI HỌC VIỆT NAM NĂM 2023 – TOÀN QUỐC,Đại học Bách khoa Hà Nội (Công lập),https://vnur.vn/dai-hoc-bach-khoa-ha-noi/,https://hust.edu.vn/uploads/sys/logo-dhbk-1-02_130_191.png,5,,Công lập,Đồng bằng Bắc bộ,Hà Nội,Kỹ thuật - Công nghệ,4,3,1,7,1,10,181,"86,90"
https://vnur.vn/,VNUR.VN - Bảng xếp hạng Đại học Việt Nam,2023,47,table_4,BẢNG XẾP HẠNG TOP 100 TRƯỜNG ĐẠI HỌC VIỆT NAM NĂM 2023 – TOÀN QUỐC,Trường Đại học Duy Tân (Tư thục),https://vnur.vn/truong-dai-hoc-duy-tan/,https://cdn.duytan.edu.vn/images/icon/logo-duy-tan_vn.png,6,,Tư thục,Bắc Trung Bộ và Duyên hải Nam Trung Bộ,Đà Nẵng,Đa ngành,5,7,21,2,96,123,141,"79,70"
https://vnur.vn/,VNUR.VN - Bảng xếp hạng Đại học Việt Nam,2023,47,table_4,BẢNG XẾP HẠNG TOP 100 TRƯỜNG ĐẠI HỌC VIỆT NAM NĂM 2023 – TOÀN QUỐC,Trường Đại học Kinh tế TP. Hồ Chí Minh (Công lập),https://vnur.vn/truong-dai-hoc-kinh-te-tp-ho-chi-minh/,https://vnur.vn/wp-content/uploads/2023/01/6.Kinh-te-TP.HCM_.jpg,7,,Công lập,Đông Nam Bộ,TP Hồ Chí Minh,Kinh tế - Tài chính,6,14,42,3,53,35,88,"70,30"
https://vnur.vn/,VNUR.VN - Bảng xếp hạng Đại học Việt Nam,2023,47,table_4,BẢNG XẾP HẠNG TOP 100 TRƯỜNG ĐẠI HỌC VIỆT NAM NĂM 2023 – TOÀN QUỐC,Trường Đại học Cần Thơ (Công lập),https://vnur.vn/truong-dai-hoc-can-tho/,https://vnur.vn/wp-content/uploads/2023/01/7.Can-Tho.jpg,8,,Công lập,Đồng bằng Sông Cửu Long,Cần Thơ,Đa ngành,7,10,4,20,5,53,133,"69,20"
https://vnur.vn/,VNUR.VN - Bảng xếp hạng Đại học Việt Nam,2023,47,table_4,BẢNG XẾP HẠNG TOP 100 TRƯỜNG ĐẠI HỌC VIỆT NAM NĂM 2023 – TOÀN QUỐC,Trường Đại học Sư phạm Hà Nội (Công lập),https://vnur.vn/truong-dai-hoc-su-pham-ha-noi/,https://vnur.vn/wp-content/uploads/2023/01/8.Su-pham-Ha-Noi.jpg,9,,Công lập,Đồng bằng Bắc bộ,Hà Nội,Sư phạm,8,9,9,25,9,30,77,"68,20"
https://vnur.vn/,VNUR.VN - Bảng xếp hạng Đại học Việt Nam,2023,47,table_4,BẢNG XẾP HẠNG TOP 100 TRƯỜNG ĐẠI HỌC VIỆT NAM NĂM 2023 – TOÀN QUỐC,Đại học Đà Nẵng (Công lập),https://vnur.vn/dai-hoc-da-nang/,https://vnur.vn/wp-content/uploads/2023/01/9.Da-Nang.jpg,10,,Công lập,Bắc Trung Bộ và Duyên hải Nam Trung Bộ,Đà Nẵng,Đa ngành,9,6,24,18,62,55,66,"67,90"
https://vnur.vn/,VNUR.VN - Bảng xếp hạng Đại học Việt Nam,2023,47,table_4,BẢNG XẾP HẠNG TOP 100 TRƯỜNG ĐẠI HỌC VIỆT NAM NĂM 2023 – TOÀN QUỐC,Đại học Huế (Công lập),https://vnur.vn/dai-hoc-hue/,https://vnur.vn/wp-content/uploads/2023/01/10.Hue_.jpg,11,,Công lập,Bắc Trung Bộ và Duyên hải Nam Trung Bộ,Thừa Thiên - Huế,Đa ngành,10,5,43,30,10,64,104,"67,50"
https://vnur.vn/,VNUR.VN - Bảng xếp hạng Đại học Việt Nam,2023,47,table_4,BẢNG XẾP HẠNG TOP 100 TRƯỜNG ĐẠI HỌC VIỆT NAM NĂM 2023 – TOÀN QUỐC,Trường Đại học Công nghiệp TP. Hồ Chí Minh (Công lập),https://vnur.vn/truong-dai-hoc-cong-nghiep-tp-ho-chi-minh/,https://vnur.vn/wp-content/uploads/2023/01/11.Cong-nghiep-TP.HCM_.jpg,12,,Công lập,Đông Nam Bộ,TP Hồ Chí Minh,Đa ngành,11,8,60,19,6,41,79,"63,30"
https://vnur.vn/,VNUR.VN - Bảng xếp hạng Đại học Việt Nam,2023,47,table_4,BẢNG XẾP HẠNG TOP 100 TRƯỜNG ĐẠI HỌC VIỆT NAM NĂM 2023 – TOÀN QUỐC,Trường Đại học Thuỷ lợi (Công lập),https://vnur.vn/truong-dai-hoc-thuy-loi/,https://vnur.vn/wp-content/uploads/2023/01/12.Thuy-loi.jpg,13,,Công lập,Đồng bằng Bắc bộ,Hà Nội,Đa ngành,12,17,5,31,38,44,137,"62,30"
https://vnur.vn/,VNUR.VN - Bảng xếp hạng Đại học Việt Nam,2023,47,table_4,BẢNG XẾP HẠNG TOP 100 TRƯỜNG ĐẠI HỌC VIỆT NAM NĂM 2023 – TOÀN QUỐC,Trường Đại học Ngoại Thương (Công lập),https://vnur.vn/truong-dai-hoc-ngoai-thuong/,https://vnur.vn/wp-content/uploads/2023/01/13.Ngoai-Thuong.jpg,14,,Công lập,Đồng bằng Bắc bộ,Hà Nội,Kinh tế - Tài chính,13,18,13,37,14,2,149,"60,10"
https://vnur.vn/,VNUR.VN - Bảng xếp hạng Đại học Việt Nam,2023,47,table_4,BẢNG XẾP HẠNG TOP 100 TRƯỜNG ĐẠI HỌC VIỆT NAM NĂM 2023 – TOÀN QUỐC,Trường Đại học Xây dựng Hà Nội (Công lập),https://vnur.vn/truong-dai-hoc-xay-dung-ha-noi/,https://vnur.vn/wp-content/uploads/2023/01/14.Xay-dung-Ha-Noi.jpg,15,,Công lập,Đồng bằng Bắc bộ,Hà Nội,Kiến trúc - Xây dựng,14,20,6,40,11,80,156,"59,60"
https://vnur.vn/,VNUR.VN - Bảng xếp hạng Đại học Việt Nam,2023,47,table_4,BẢNG XẾP HẠNG TOP 100 TRƯỜNG ĐẠI HỌC VIỆT NAM NĂM 2023 – TOÀN QUỐC,Trường Đại học Thủ Dầu Một (Công lập),https://vnur.vn/truong-dai-hoc-thu-dau-mot/,https://vnur.vn/wp-content/uploads/2023/01/15.Thu-Dau-Mot.png,16,,Công lập,Đông Nam Bộ,Bình Dương,Đa ngành,15,11,52,15,27,84,112,"59,40"
https://vnur.vn/,VNUR.VN - Bảng xếp hạng Đại học Việt Nam,2023,47,table_4,BẢNG XẾP HẠNG TOP 100 TRƯỜNG ĐẠI HỌC VIỆT NAM NĂM 2023 – TOÀN QUỐC,Học viện Nông nghiệp Việt Nam (Công lập),https://vnur.vn/hoc-vien-nong-nghiep-viet-nam/,https://vnur.vn/wp-content/uploads/2023/01/16.Hoc-vien-Nong-nghiep.jpg,17,,Công lập,Đồng bằng Bắc bộ,Hà Nội,Nông - Lâm,16,100,2,24,28,97,145,"59,10"
https://vnur.vn/,VNUR.VN - Bảng xếp hạng Đại học Việt Nam,2023,47,table_4,BẢNG XẾP HẠNG TOP 100 TRƯỜNG ĐẠI HỌC VIỆT NAM NĂM 2023 – TOÀN QUỐC,Đại học Thái Nguyên (Công lập),https://vnur.vn/dai-hoc-thai-nguyen/,https://vnur.vn/wp-content/uploads/2023/01/17.Thai-Nguyen.jpg,18,,Công lập,Trung du và miền núi phía Bắc,Thái Nguyên,Đa ngành,17,13,55,34,12,47,150,"57,50"
https://vnur.vn/,VNUR.VN - Bảng xếp hạng Đại học Việt Nam,2023,47,table_4,BẢNG XẾP HẠNG TOP 100 TRƯỜNG ĐẠI HỌC VIỆT NAM NĂM 2023 – TOÀN QUỐC,Trường Đại học Quy Nhơn (Công lập),https://vnur.vn/truong-dai-hoc-quy-nhon/,https://vnur.vn/wp-content/uploads/2023/01/18.Quy-Nhon.png,19,,Công lập,Bắc Trung Bộ và Duyên hải Nam Trung Bộ,Bình Định,Đa ngành,18,19,46,26,51,46,108,"57,10"
https://vnur.vn/,VNUR.VN - Bảng xếp hạng Đại học Việt Nam,2023,47,table_4,BẢNG XẾP HẠNG TOP 100 TRƯỜNG ĐẠI HỌC VIỆT NAM NĂM 2023 – TOÀN QUỐC,Trường Đại học Nguyễn Tất Thành (Tư thục),https://vnur.vn/truong-dai-hoc-nguyen-tat-thanh/,https://vnur.vn/wp-content/uploads/2023/01/19.Nguyen-Tat-Thanh.jpg,20,,Tư thục,Đông Nam Bộ,TP Hồ Chí Minh,Đa ngành,19,16,97,5,44,141,125,"56,30"
https://vnur.vn/,VNUR.VN - Bảng xếp hạng Đại học Việt Nam,2023,47,table_4,BẢNG XẾP HẠNG TOP 100 TRƯỜNG ĐẠI HỌC VIỆT NAM NĂM 2023 – TOÀN QUỐC,Trường Đại học Dược Hà Nội (Công lập),https://vnur.vn/truong-dai-hoc-duoc-ha-noi/,https://vnur.vn/wp-content/uploads/2023/01/20.Duoc-Ha-Noi.jpg,21,,Công lập,Đồng bằng Bắc bộ,Hà Nội,Sức khỏe,20,45,27,35,7,19,136,"55,20"
https://vnur.vn/,VNUR.VN - Bảng xếp hạng Đại học Việt Nam,2023,47,table_4,BẢNG XẾP HẠNG TOP 100 TRƯỜNG ĐẠI HỌC VIỆT NAM NĂM 2023 – TOÀN QUỐC,Trường Đại học Kinh tế quốc dân (Công lập),https://vnur.vn/truong-dai-hoc-kinh-te-quoc-dan/,https://vnur.vn/wp-content/uploads/2023/01/21.Kinh-te-Quoc-dan.jpg,22,,Công lập,Đồng bằng Bắc bộ,Hà Nội,Kinh tế - Tài chính,20,37,82,13,15,3,120,"55,20"
https://vnur.vn/,VNUR.VN - Bảng xếp hạng Đại học Việt Nam,2023,47,table_4,BẢNG XẾP HẠNG TOP 100 TRƯỜNG ĐẠI HỌC VIỆT NAM NĂM 2023 – TOÀN QUỐC,Trường Đại học Mỏ - Địa chất (Công lập),https://vnur.vn/truong-dai-hoc-mo-dia-chat/,https://vnur.vn/wp-content/uploads/2023/01/22.Mo-Dia-chat.jpg,23,,Công lập,Đồng bằng Bắc bộ,Hà Nội,Đa ngành,22,22,38,27,58,140,124,"54,90"
https://vnur.vn/,VNUR.VN - Bảng xếp hạng Đại học Việt Nam,2023,47,table_4,BẢNG XẾP HẠNG TOP 100 TRƯỜNG ĐẠI HỌC VIỆT NAM NĂM 2023 – TOÀN QUỐC,Trường Đại học Công nghiệp Hà Nội (Công lập),https://vnur.vn/truong-dai-hoc-cong-nghiep-ha-noi/,https://vnur.vn/wp-content/uploads/2023/01/23.Cong-nghiep-Ha-Noi.jpg,24,,Công lập,Đồng bằng Bắc bộ,Hà Nội,Kỹ thuật - Công nghệ,23,27,19,58,16,42,177,"54,80"
https://vnur.vn/,VNUR.VN - Bảng xếp hạng Đại học Việt Nam,2023,47,table_4,BẢNG XẾP HẠNG TOP 100 TRƯỜNG ĐẠI HỌC VIỆT NAM NĂM 2023 – TOÀN QUỐC,Trường Đại học Sư phạm Kỹ thuật Hưng Yên (Công lập),https://vnur.vn/truong-dai-hoc-su-pham-ky-thuat-hung-yen/,https://vnur.vn/wp-content/uploads/2023/01/23.Su-pham-Ky-thuat-Hung-Yen.png,25,,Công lập,Đồng bằng Bắc bộ,Hà Nội,Kỹ thuật - Công nghệ,23,36,25,50,98,105,57,"54,80"
https://vnur.vn/,VNUR.VN - Bảng xếp hạng Đại học Việt Nam,2023,47,table_4,BẢNG XẾP HẠNG TOP 100 TRƯỜNG ĐẠI HỌC VIỆT NAM NĂM 2023 – TOÀN QUỐC,Trường Đại học Điện lực (Công lập),https://vnur.vn/truong-dai-hoc-dien-luc/,https://vnur.vn/wp-content/uploads/2023/01/25.Dien-luc.jpg,26,,Công lập,Đồng bằng Bắc bộ,Hà Nội,Kỹ thuật - Công nghệ,25,103,15,64,48,26,74,"53,90"
https://vnur.vn/,VNUR.VN - Bảng xếp hạng Đại học Việt Nam,2023,47,table_4,BẢNG XẾP HẠNG TOP 100 TRƯỜNG ĐẠI HỌC VIỆT NAM NĂM 2023 – TOÀN QUỐC,Học viện Công nghệ bưu chính viễn thông (Công lập),https://vnur.vn/hoc-vien-cong-nghe-buu-chinh-vien-thong/,https://vnur.vn/wp-content/uploads/2023/01/24.Hoc-vien-Buu-chinh-Vien-thong.jpg,27,,Công lập,Đồng bằng Bắc bộ,Hà Nội,Đa ngành,25,52,8,80,97,70,97,"53,9"
https://vnur.vn/,VNUR.VN - Bảng xếp hạng Đại học Việt Nam,2023,47,table_4,BẢNG XẾP HẠNG TOP 100 TRƯỜNG ĐẠI HỌC VIỆT NAM NĂM 2023 – TOÀN QUỐC,Trường Đại học Vinh (Công lập),https://vnur.vn/truong-dai-hoc-vinh/,https://vnur.vn/wp-content/uploads/2023/01/27.Vinh_.jpg,28,,Công lập,Bắc Trung Bộ và Duyên hải Nam Trung Bộ,Nghệ An,Đa ngành,27,12,48,57,43,54,185,"53,5"
https://vnur.vn/,VNUR.VN - Bảng xếp hạng Đại học Việt Nam,2023,47,table_4,BẢNG XẾP HẠNG TOP 100 TRƯỜNG ĐẠI HỌC VIỆT NAM NĂM 2023 – TOÀN QUỐC,Trường Đại học Sư phạm Kỹ thuật TP. Hồ Chí Minh (Công lập),https://vnur.vn/truong-dai-hoc-su-pham-ky-thuat-tp-ho-chi-minh/,https://vnur.vn/wp-content/uploads/2023/01/28.Su-pham-Ky-thuat-TP.HCM_.jpg,29,,Công lập,Đông Nam Bộ,TP Hồ Chí Minh,Kỹ thuật - Công nghệ,28,58,31,36,36,39,87,"53,4"
https://vnur.vn/,VNUR.VN - Bảng xếp hạng Đại học Việt Nam,2023,47,table_4,BẢNG XẾP HẠNG TOP 100 TRƯỜNG ĐẠI HỌC VIỆT NAM NĂM 2023 – TOÀN QUỐC,Trường Đại học Y Hà Nội (Công lập),https://vnur.vn/truong-dai-hoc-y-ha-noi/,https://vnur.vn/wp-content/uploads/2023/01/29.Y-Ha-Noi.jpg,30,,Công lập,Đồng bằng Bắc bộ,Hà Nội,Sức khỏe,29,103,75,11,39,28,19,"52,90"
https://vnur.vn/,VNUR.VN - Bảng xếp hạng Đại học Việt Nam,2023,47,table_4,BẢNG XẾP HẠNG TOP 100 TRƯỜNG ĐẠI HỌC VIỆT NAM NĂM 2023 – TOÀN QUỐC,Trường Đại học Giao thông vận tải TP. Hồ Chí Minh (Công lập),https://vnur.vn/truong-dai-hoc-giao-thong-van-tai-tp-hcm/,https://ptc.ut.edu.vn/wp-content/uploads/2023/02/uth_logo_2.png,31,,Công lập,Đông Nam Bộ,TP Hồ Chí Minh,Kỹ thuật - Công nghệ,30,83,51,8,152,148,139,"52,80"
https://vnur.vn/,VNUR.VN - Bảng xếp hạng Đại học Việt Nam,2023,47,table_4,BẢNG XẾP HẠNG TOP 100 TRƯỜNG ĐẠI HỌC VIỆT NAM NĂM 2023 – TOÀN QUỐC,Trường Đại học Hàng Hải Việt Nam (Công lập),https://vnur.vn/truong-dai-hoc-hang-hai-viet-nam/,https://vnur.vn/wp-content/uploads/2023/01/44.Hang-hai-Viet-Nam.jpg,32,,Công lập,Đồng bằng Bắc bộ,Hải Phòng,Đa ngành,30,60,37,49,93,74,96,"52,80"
https://vnur.vn/,VNUR.VN - Bảng xếp hạng Đại học Việt Nam,2023,47,table_4,BẢNG XẾP HẠNG TOP 100 TRƯỜNG ĐẠI HỌC VIỆT NAM NĂM 2023 – TOÀN QUỐC,Trường Đại học Công nghệ TP. Hồ Chí Minh (Tư thục),https://vnur.vn/truong-dai-hoc-cong-nghe-tp-ho-chi-minh/,https://vnur.vn/wp-content/uploads/2023/01/35.HUTECH.jpg,33,,Tư thục,Đông Nam Bộ,TP Hồ Chí Minh,Đa ngành,32,26,116,9,128,115,1,"52,70"
https://vnur.vn/,VNUR.VN - Bảng xếp hạng Đại học Việt Nam,2023,47,table_4,BẢNG XẾP HẠNG TOP 100 TRƯỜNG ĐẠI HỌC VIỆT NAM NĂM 2023 – TOÀN QUỐC,Học viện Báo chí và Tuyên truyền (Công lập),https://vnur.vn/hoc-vien-bao-chi-va-tuyen-truyen/,https://vnur.vn/wp-content/uploads/2023/01/34.Hoc-vien-Bao-chi-Tuyen-truyen.jpg,34,,Công lập,Đồng bằng Bắc bộ,Hà Nội,Hành chính,33,60,12,123,18,9,101,"52,10"
https://vnur.vn/,VNUR.VN - Bảng xếp hạng Đại học Việt Nam,2023,47,table_4,BẢNG XẾP HẠNG TOP 100 TRƯỜNG ĐẠI HỌC VIỆT NAM NĂM 2023 – TOÀN QUỐC,Trường Đại học Giao thông vận tải (Công lập),https://vnur.vn/truong-dai-hoc-giao-thong-van-tai/,https://vnur.vn/wp-content/uploads/2023/01/36.Giao-thong-van-tai.jpg,35,,Công lập,Đồng bằng Bắc bộ,Hà Nội,Đa ngành,34,33,56,46,8,56,130,"52,00"
https://vnur.vn/,VNUR.VN - Bảng xếp hạng Đại học Việt Nam,2023,47,table_4,BẢNG XẾP HẠNG TOP 100 TRƯỜNG ĐẠI HỌC VIỆT NAM NĂM 2023 – TOÀN QUỐC,Trường Đại học Thương Mại (Công lập),https://vnur.vn/truong-dai-hoc-thuong-mai/,https://vnur.vn/wp-content/uploads/2023/01/32.Thuong-mai.jpg,36,,Công lập,Đồng bằng Bắc bộ,Hà Nội,Kinh tế - Tài chính,34,27,87,41,23,6,102,52
https://vnur.vn/,VNUR.VN - Bảng xếp hạng Đại học Việt Nam,2023,47,table_4,BẢNG XẾP HẠNG TOP 100 TRƯỜNG ĐẠI HỌC VIỆT NAM NĂM 2023 – TOÀN QUỐC,Trường Đại học Thủ đô Hà Nội (Công lập),https://vnur.vn/truong-dai-hoc-thu-do-ha-noi/,https://vnur.vn/wp-content/uploads/2023/01/29.Thu-do-Ha-Noi.jpg,37,,Công lập,Đồng bằng Bắc bộ,Hà Nội,Sư phạm,34,68,18,111,52,25,62,52
https://vnur.vn/,VNUR.VN - Bảng xếp hạng Đại học Việt Nam,2023,47,table_4,BẢNG XẾP HẠNG TOP 100 TRƯỜNG ĐẠI HỌC VIỆT NAM NĂM 2023 – TOÀN QUỐC,Trường Đại học Y tế Công cộng (Công lập),https://vnur.vn/truong-dai-hoc-y-te-cong-cong/,https://vnur.vn/wp-content/uploads/2023/01/41.Y-te-Cong-cong.jpg,39,,Công lập,Đồng bằng Bắc bộ,Hà Nội,Sức khỏe,37,86,35,16,119,109,103,"51,80"
https://vnur.vn/,VNUR.VN - Bảng xếp hạng Đại học Việt Nam,2023,47,table_4,BẢNG XẾP HẠNG TOP 100 TRƯỜNG ĐẠI HỌC VIỆT NAM NĂM 2023 – TOÀN QUỐC,Trường Đại học Đà Lạt (Công lập),https://vnur.vn/truong-dai-hoc-da-lat/,https://vnur.vn/wp-content/uploads/2023/01/38.Da-Lat.jpg,40,,Công lập,Tây Nguyên,Lâm Đồng,Đa ngành,38,103,22,69,73,90,2,"51,70"
https://vnur.vn/,VNUR.VN - Bảng xếp hạng Đại học Việt Nam,2023,47,table_4,BẢNG XẾP HẠNG TOP 100 TRƯỜNG ĐẠI HỌC VIỆT NAM NĂM 2023 – TOÀN QUỐC,Trường Đại học Hồng Đức (Công lập),https://vnur.vn/truong-dai-hoc-hong-duc/,https://vnur.vn/wp-content/uploads/2023/01/24.Hong-Duc.jpg,41,,Công lập,Bắc Trung Bộ và Duyên hải Nam Trung Bộ,Thanh Hóa,Đa ngành,38,15,98,92,40,27,44,"51,70"
https://vnur.vn/,VNUR.VN - Bảng xếp hạng Đại học Việt Nam,2023,47,table_4,BẢNG XẾP HẠNG TOP 100 TRƯỜNG ĐẠI HỌC VIỆT NAM NĂM 2023 – TOÀN QUỐC,Trường Đại học Sài Gòn (Công lập),https://vnur.vn/truong-dai-hoc-sai-gon/,https://vnur.vn/wp-content/uploads/2023/01/48.Sai-Gon.jpg,42,,Công lập,Đông Nam Bộ,TP Hồ Chí Minh,Đa ngành,40,37,34,54,63,52,172,"51,20"
https://vnur.vn/,VNUR.VN - Bảng xếp hạng Đại học Việt Nam,2023,47,table_4,BẢNG XẾP HẠNG TOP 100 TRƯỜNG ĐẠI HỌC VIỆT NAM NĂM 2023 – TOÀN QUỐC,Học viện Ngân hàng (Công lập),https://vnur.vn/hoc-vien-ngan-hang/,https://vnur.vn/wp-content/uploads/2023/01/47.Hoc-vien-Ngan-hang.jpg,43,,Công lập,Đồng bằng Bắc bộ,Hà Nội,Kinh tế - Tài chính,41,60,50,122,22,7,83,"51,10"
https://vnur.vn/,VNUR.VN - Bảng xếp hạng Đại học Việt Nam,2023,47,table_4,BẢNG XẾP HẠNG TOP 100 TRƯỜNG ĐẠI HỌC VIỆT NAM NĂM 2023 – TOÀN QUỐC,Trường Đại học Phenikaa (Tư thục),https://vnur.vn/truong-dai-hoc-phenikaa/,https://vnur.vn/wp-content/uploads/2023/01/43.Phenikaa.jpg,44,,Tư thục,Đồng bằng Bắc bộ,Hà Nội,Đa ngành,41,33,126,14,4,62,20,"51,10"
https://vnur.vn/,VNUR.VN - Bảng xếp hạng Đại học Việt Nam,2023,47,table_4,BẢNG XẾP HẠNG TOP 100 TRƯỜNG ĐẠI HỌC VIỆT NAM NĂM 2023 – TOÀN QUỐC,Trường Đại học Việt Đức (Công lập),https://vnur.vn/truong-dai-hoc-viet-duc/,https://vnur.vn/wp-content/uploads/2023/01/42.Viet-Duc.jpg,45,,Công lập,Đông Nam Bộ,Bình Dương,Đa ngành,41,154,17,10,103,83,53,"51,10"
https://vnur.vn/,VNUR.VN - Bảng xếp hạng Đại học Việt Nam,2023,47,table_4,BẢNG XẾP HẠNG TOP 100 TRƯỜNG ĐẠI HỌC VIỆT NAM NĂM 2023 – TOÀN QUỐC,Trường Đại học Y Dược Thái Bình (Công lập),https://vnur.vn/truong-dai-hoc-y-duoc-thai-binh/,https://vnur.vn/wp-content/uploads/2023/01/45.Y-Thai-Binh.jpg,46,,Công lập,Đồng bằng Bắc bộ,Thái Bình,Sức khỏe,44,87,33,44,56,33,127,"50,80"
https://vnur.vn/,VNUR.VN - Bảng xếp hạng Đại học Việt Nam,2023,47,table_4,BẢNG XẾP HẠNG TOP 100 TRƯỜNG ĐẠI HỌC VIỆT NAM NĂM 2023 – TOÀN QUỐC,Trường Đại học Kinh tế Kỹ thuật Công nghiệp (Công lập),https://vnur.vn/truong-dai-hoc-kinh-te-ky-thuat-cong-nghiep/,https://vnur.vn/wp-content/uploads/2023/01/19.Kinh-te-Ky-thuat-Cong-nghiep.jpg,47,,Công lập,Đồng bằng Bắc bộ,Nam Định,Kỹ thuật - Công nghệ,45,37,68,66,85,68,59,"50,70"
https://vnur.vn/,VNUR.VN - Bảng xếp hạng Đại học Việt Nam,2023,47,table_4,BẢNG XẾP HẠNG TOP 100 TRƯỜNG ĐẠI HỌC VIỆT NAM NĂM 2023 – TOÀN QUỐC,Học viện Chính sách và Phát triển (Công lập),https://vnur.vn/hoc-vien-chinh-sach-va-phat-trien/,https://vnur.vn/wp-content/uploads/2023/01/39.Hoc-vien-Chinh-sach-Phat-trien.jpg,48,,Công lập,Đồng bằng Bắc bộ,Hà Nội,Hành chính,46,68,26,99,100,77,55,"50,60"
https://vnur.vn/,VNUR.VN - Bảng xếp hạng Đại học Việt Nam,2023,47,table_4,BẢNG XẾP HẠNG TOP 100 TRƯỜNG ĐẠI HỌC VIỆT NAM NĂM 2023 – TOÀN QUỐC,Trường Đại học Công đoàn (Công lập),https://vnur.vn/truong-dai-hoc-cong-doan/,https://vnur.vn/wp-content/uploads/2023/01/46.Cong-Doan.jpg,49,,Công lập,Đồng bằng Bắc bộ,Hà Nội,Đa ngành,47,43,16,153,78,76,111,"50,20"
https://vnur.vn/,VNUR.VN - Bảng xếp hạng Đại học Việt Nam,2023,47,table_4,BẢNG XẾP HẠNG TOP 100 TRƯỜNG ĐẠI HỌC VIỆT NAM NĂM 2023 – TOÀN QUỐC,Trường Đại học Công nghệ giao thông vận tải (Công lập),https://vnur.vn/truong-dai-hoc-cong-nghe-giao-thong-van-tai/,https://vnur.vn/wp-content/uploads/2023/01/65.Cong-nghe-Giao-thong-Van-tai.jpg,50,,Công lập,Đồng bằng Bắc bộ,Hà Nội,Kỹ thuật - Công nghệ,48,103,40,32,84,63,147,50
https://vnur.vn/,VNUR.VN - Bảng xếp hạng Đại học Việt Nam,2023,47,table_4,BẢNG XẾP HẠNG TOP 100 TRƯỜNG ĐẠI HỌC VIỆT NAM NĂM 2023 – TOÀN QUỐC,Học viện Ngoại giao (Công lập),https://vnur.vn/hoc-vien-ngoai-giao/,https://vnur.vn/wp-content/uploads/2023/01/31.Hoc-vien-Ngoai-giao.jpg,51,,Công lập,Đồng bằng Bắc bộ,Hà Nội,Hành chính,49,33,79,137,13,1,61,"49,90"
https://vnur.vn/,VNUR.VN - Bảng xếp hạng Đại học Việt Nam,2023,47,table_4,BẢNG XẾP HẠNG TOP 100 TRƯỜNG ĐẠI HỌC VIỆT NAM NĂM 2023 – TOÀN QUỐC,Trường Đại học Y Dược TP. Hồ Chí Minh (Công lập),https://vnur.vn/truong-dai-hoc-y-duoc-tp-hcm/,https://vnur.vn/wp-content/uploads/2023/01/51.Y-duoc-TP.HCM_.jpg,52,,Công lập,Đông Nam Bộ,TP Hồ Chí Minh,Sức khỏe,49,91,64,22,46,24,123,"49,90"
https://vnur.vn/,VNUR.VN - Bảng xếp hạng Đại học Việt Nam,2023,47,table_4,BẢNG XẾP HẠNG TOP 100 TRƯỜNG ĐẠI HỌC VIỆT NAM NĂM 2023 – TOÀN QUỐC,Trường Đại học Văn Lang (Tư thục),https://vnur.vn/truong-dai-hoc-van-lang/,https://vnur.vn/wp-content/uploads/2023/01/50.Van-Lang.jpg,53,,Tư thục,Đông Nam Bộ,TP Hồ Chí Minh,Đa ngành,51,21,77,39,61,112,167,"49,60"
https://vnur.vn/,VNUR.VN - Bảng xếp hạng Đại học Việt Nam,2023,47,table_4,BẢNG XẾP HẠNG TOP 100 TRƯỜNG ĐẠI HỌC VIỆT NAM NĂM 2023 – TOÀN QUỐC,Trường Đại học Luật Hà Nội (Công lập),https://vnur.vn/truong-dai-hoc-luat-ha-noi/,https://vnur.vn/wp-content/uploads/2023/01/59.Luat-Ha-Noi.jpg,54,,Công lập,Đồng bằng Bắc bộ,Hà Nội,Pháp luật,52,103,11,129,26,17,168,"49,50"
https://vnur.vn/,VNUR.VN - Bảng xếp hạng Đại học Việt Nam,2023,47,table_4,BẢNG XẾP HẠNG TOP 100 TRƯỜNG ĐẠI HỌC VIỆT NAM NĂM 2023 – TOÀN QUỐC,Trường Đại học Công nghiệp thực phẩm TP. Hồ Chí Minh (Công lập),https://vnur.vn/truong-dai-hoc-cong-nghiep-thuc-pham-tp-ho-chi-minh/,https://vnur.vn/wp-content/uploads/2023/01/55.Cong-nghiep-Thuc-pham-TP.HCM_.jpg,55,,Công lập,Đông Nam Bộ,TP Hồ Chí Minh,Kỹ thuật - Công nghệ,53,32,65,43,102,91,144,"49,40"
https://vnur.vn/,VNUR.VN - Bảng xếp hạng Đại học Việt Nam,2023,47,table_4,BẢNG XẾP HẠNG TOP 100 TRƯỜNG ĐẠI HỌC VIỆT NAM NĂM 2023 – TOÀN QUỐC,Trường Đại học FPT (Tư thục),https://vnur.vn/truong-dai-hoc-fpt/,https://vnur.vn/wp-content/uploads/2023/01/37.FPT_.jpg,56,,Tư thục,Đồng bằng Bắc bộ,Hà Nội,Đa ngành,54,50,72,56,69,85,7,"49,30"
https://vnur.vn/,VNUR.VN - Bảng xếp hạng Đại học Việt Nam,2023,47,table_4,BẢNG XẾP HẠNG TOP 100 TRƯỜNG ĐẠI HỌC VIỆT NAM NĂM 2023 – TOÀN QUỐC,Trường Đại học Kiến trúc Hà Nội (Công lập),https://vnur.vn/truong-dai-hoc-kien-truc-ha-noi/,https://vnur.vn/wp-content/uploads/2023/01/61.Kien-truc-Ha-Noi.jpg,57,,Công lập,Đồng bằng Bắc bộ,Hà Nội,Kiến trúc - Xây dựng,55,103,28,78,19,8,173,"48,90"
https://vnur.vn/,VNUR.VN - Bảng xếp hạng Đại học Việt Nam,2023,47,table_4,BẢNG XẾP HẠNG TOP 100 TRƯỜNG ĐẠI HỌC VIỆT NAM NĂM 2023 – TOÀN QUỐC,Trường Đại học Thăng Long (Tư thục),https://vnur.vn/truong-dai-hoc-thang-long/,https://vnur.vn/wp-content/uploads/2023/01/54.Thang-Long.jpg,58,,Tư thục,Đồng bằng Bắc bộ,Hà Nội,Đa ngành,56,55,36,84,50,31,153,"48,80"
https://vnur.vn/,VNUR.VN - Bảng xếp hạng Đại học Việt Nam,2023,47,table_4,BẢNG XẾP HẠNG TOP 100 TRƯỜNG ĐẠI HỌC VIỆT NAM NĂM 2023 – TOÀN QUỐC,Trường Đại học Kỹ thuật Y - Dược Đà Nẵng (Công lập),https://vnur.vn/truong-dai-hoc-ky-thuat-y-duoc-da-nang/,https://vnur.vn/wp-content/uploads/2023/01/57.Ky-thuat-Y-duoc-Da-Nang.png,59,,Công lập,Bắc Trung Bộ và Duyên hải Nam Trung Bộ,Đà Nẵng,Sức khỏe,56,103,47,65,67,43,92,"48,80"
https://vnur.vn/,VNUR.VN - Bảng xếp hạng Đại học Việt Nam,2023,47,table_4,BẢNG XẾP HẠNG TOP 100 TRƯỜNG ĐẠI HỌC VIỆT NAM NĂM 2023 – TOÀN QUỐC,Trường Đại học Công nghệ Đồng Nai(Tư thục),https://vnur.vn/truong-dai-hoc-cong-nghe-dong-nai/,https://vnur.vn/wp-content/uploads/2023/01/49.Cong-nghe-Dong-Nai.png,60,,Tư thục,Đông Nam Bộ,Đồng Nai,Đa ngành,58,25,88,48,152,158,84,"48,50"
https://vnur.vn/,VNUR.VN - Bảng xếp hạng Đại học Việt Nam,2023,47,table_4,BẢNG XẾP HẠNG TOP 100 TRƯỜNG ĐẠI HỌC VIỆT NAM NĂM 2023 – TOÀN QUỐC,Trường Đại học Kiến trúc TP. Hồ Chí Minh (Công lập),https://vnur.vn/truong-dai-hoc-kien-truc-tp-ho-chi-minh/,https://vnur.vn/wp-content/uploads/2023/01/64.Kien-truc-TP.HCM_.jpg,61,,Công lập,Đông Nam Bộ,TP Hồ Chí Minh,Kiến trúc - Xây dựng,58,55,23,85,92,71,178,"48,50"
https://vnur.vn/,VNUR.VN - Bảng xếp hạng Đại học Việt Nam,2023,47,table_4,BẢNG XẾP HẠNG TOP 100 TRƯỜNG ĐẠI HỌC VIỆT NAM NĂM 2023 – TOÀN QUỐC,Trường Đại học Mở TP. Hồ Chí Minh (Công lập),https://vnur.vn/truong-dai-hoc-mo-tp-ho-chi-minh/,https://vnur.vn/wp-content/uploads/2023/01/60.Mo-TP.HCM_.jpg,62,,Công lập,Đông Nam Bộ,TP Hồ Chí Minh,Đa ngành,58,47,78,21,83,73,158,"48,50"
https://vnur.vn/,VNUR.VN - Bảng xếp hạng Đại học Việt Nam,2023,47,table_4,BẢNG XẾP HẠNG TOP 100 TRƯỜNG ĐẠI HỌC VIỆT NAM NĂM 2023 – TOÀN QUỐC,Trường Đại học Lao động - Xã hội (Công lập),https://vnur.vn/truong-dai-hoc-lao-dong-xa-hoi/,https://vnur.vn/wp-content/uploads/2023/01/52.lao-dong-Xa-hoi.png,63,,Công lập,Đồng bằng Bắc bộ,Hà Nội,Đa ngành,61,55,29,153,107,114,72,"48,40"
https://vnur.vn/,VNUR.VN - Bảng xếp hạng Đại học Việt Nam,2023,47,table_4,BẢNG XẾP HẠNG TOP 100 TRƯỜNG ĐẠI HỌC VIỆT NAM NĂM 2023 – TOÀN QUỐC,Trường Đại học Luật TP. Hồ Chí Minh (Công lập),https://vnur.vn/truong-dai-hoc-luat-tp-ho-chi-minh/,https://vnur.vn/wp-content/uploads/2023/01/83.Luat-TP.HCM_.jpg,64,,Công lập,Đông Nam Bộ,TP Hồ Chí Minh,Pháp luật,61,93,80,23,30,14,142,"48,40"
https://vnur.vn/,VNUR.VN - Bảng xếp hạng Đại học Việt Nam,2023,47,table_4,BẢNG XẾP HẠNG TOP 100 TRƯỜNG ĐẠI HỌC VIỆT NAM NĂM 2023 – TOÀN QUỐC,Trường Đại học Ngân hàng TP. Hồ Chí Minh (Công lập),https://vnur.vn/truong-dai-hoc-ngan-hang-tp-ho-chi-minh/,https://vnur.vn/wp-content/uploads/2023/01/58.DH-Ngan-hang-TP.HCM_.jpg,65,,Công lập,Đông Nam Bộ,TP Hồ Chí Minh,Kinh tế - Tài chính,63,100,63,42,49,29,114,"48,10"
https://vnur.vn/,VNUR.VN - Bảng xếp hạng Đại học Việt Nam,2023,47,table_4,BẢNG XẾP HẠNG TOP 100 TRƯỜNG ĐẠI HỌC VIỆT NAM NĂM 2023 – TOÀN QUỐC,Trường Đại học Y Dược Cần Thơ (Công lập),https://vnur.vn/truong-dai-hoc-y-duoc-can-tho/,https://upload.wikimedia.org/wikipedia/commons/6/6e/Logo_%C4%90%E1%BA%A1i_h%E1%BB%8Dc_Y_D%C6%B0%E1%BB%A3c_C%E1%BA%A7n_Th%C6%A1.gif,66,,Công lập,Đồng bằng Sông Cửu Long,Cần Thơ,Sức khỏe,64,52,66,72,60,36,146,"47,40"
https://vnur.vn/,VNUR.VN - Bảng xếp hạng Đại học Việt Nam,2023,47,table_4,BẢNG XẾP HẠNG TOP 100 TRƯỜNG ĐẠI HỌC VIỆT NAM NĂM 2023 – TOÀN QUỐC,Trường Đại học Tài nguyên và Môi trường TP. Hồ Chí Minh (Công lập),https://vnur.vn/truong-dai-hoc-tai-nguyen-va-moi-truong-tp-ho-chi-minh/,https://vnur.vn/wp-content/uploads/2023/01/70.Tai-nguyen-Moi-truong-TP.-Ho-Chi-Minh.jpg,67,,Công lập,Đông Nam Bộ,TP Hồ Chí Minh,Đa ngành,64,60,32,62,86,152,143,"47,40"
https://vnur.vn/,VNUR.VN - Bảng xếp hạng Đại học Việt Nam,2023,47,table_4,BẢNG XẾP HẠNG TOP 100 TRƯỜNG ĐẠI HỌC VIỆT NAM NĂM 2023 – TOÀN QUỐC,Trường Đại học Sư phạm TP. Hồ Chí Minh (Công lập),https://vnur.vn/truong-dai-hoc-su-pham-tp-ho-chi-minh/,https://vnur.vn/wp-content/uploads/2023/01/53.Su-pham-TP.HCM_.png,68,,Công lập,Đông Nam Bộ,TP Hồ Chí Minh,Sư phạm,66,82,92,63,20,15,73,"47,20"
https://vnur.vn/,VNUR.VN - Bảng xếp hạng Đại học Việt Nam,2023,47,table_4,BẢNG XẾP HẠNG TOP 100 TRƯỜNG ĐẠI HỌC VIỆT NAM NĂM 2023 – TOÀN QUỐC,Trường Đại học Tài chính - Marketing (Công lập),https://vnur.vn/truong-dai-hoc-tai-chinh-marketing/,https://vnur.vn/wp-content/uploads/2023/01/73.Tai-chinh-Marketing.jpg,69,,Công lập,Đông Nam Bộ,TP Hồ Chí Minh,Kinh tế - Tài chính,67,27,110,38,42,20,171,"46,60"
https://vnur.vn/,VNUR.VN - Bảng xếp hạng Đại học Việt Nam,2023,47,table_4,BẢNG XẾP HẠNG TOP 100 TRƯỜNG ĐẠI HỌC VIỆT NAM NĂM 2023 – TOÀN QUỐC,Trường Đại học Quốc tế Hồng Bàng (Tư thục),https://vnur.vn/truong-dai-hoc-quoc-te-hong-bang/,https://vnur.vn/wp-content/uploads/2023/01/62.-DH-Quoc-Te-Hong-Bang.jpg,70,,Tư thục,Đông Nam Bộ,TP Hồ Chí Minh,Đa ngành,68,60,83,45,131,127,67,"46,30"
https://vnur.vn/,VNUR.VN - Bảng xếp hạng Đại học Việt Nam,2023,47,table_4,BẢNG XẾP HẠNG TOP 100 TRƯỜNG ĐẠI HỌC VIỆT NAM NĂM 2023 – TOÀN QUỐC,Trường Đại học Mở Hà Nội (Công lập),https://vnur.vn/truong-dai-hoc-mo-ha-noi/,https://vnur.vn/wp-content/uploads/2023/01/63.Mo-Ha-Noi.png,71,,Công lập,Đồng bằng Bắc bộ,Hà Nội,Đa ngành,69,68,62,124,65,50,93,"46,10"
https://vnur.vn/,VNUR.VN - Bảng xếp hạng Đại học Việt Nam,2023,47,table_4,BẢNG XẾP HẠNG TOP 100 TRƯỜNG ĐẠI HỌC VIỆT NAM NĂM 2023 – TOÀN QUỐC,Trường Đại học Tài nguyên và Môi trường Hà Nội (Công lập),https://vnur.vn/truong-dai-hoc-tai-nguyen-va-moi-truong-ha-noi/,https://upload.wikimedia.org/wikipedia/commons/4/4e/HUNRE_Logo.png,72,,Công lập,Đồng bằng Bắc bộ,Hà Nội,Đa ngành,70,43,95,55,64,87,161,"45,60"
https://vnur.vn/,VNUR.VN - Bảng xếp hạng Đại học Việt Nam,2023,47,table_4,BẢNG XẾP HẠNG TOP 100 TRƯỜNG ĐẠI HỌC VIỆT NAM NĂM 2023 – TOÀN QUỐC,Học viện Tài chính (Công lập),https://vnur.vn/hoc-vien-tai-chinh/,https://vnur.vn/wp-content/uploads/2023/01/87.Hoc-vien-Tai-chinh.png,73,,Công lập,Đồng bằng Bắc bộ,Hà Nội,Kinh tế - Tài chính,71,103,85,79,31,11,148,"45,20"
https://vnur.vn/,VNUR.VN - Bảng xếp hạng Đại học Việt Nam,2023,47,table_4,BẢNG XẾP HẠNG TOP 100 TRƯỜNG ĐẠI HỌC VIỆT NAM NĂM 2023 – TOÀN QUỐC,Trường Đại học Đồng Tháp (Công lập),https://vnur.vn/truong-dai-hoc-dong-thap/,https://vnur.vn/wp-content/uploads/2023/01/69.Dong-Thap.jpg,74,,Công lập,Đồng bằng Sông Cửu Long,Đồng Tháp,Đa ngành,72,41,135,53,24,23,24,45
https://vnur.vn/,VNUR.VN - Bảng xếp hạng Đại học Việt Nam,2023,47,table_4,BẢNG XẾP HẠNG TOP 100 TRƯỜNG ĐẠI HỌC VIỆT NAM NĂM 2023 – TOÀN QUỐC,Trường Đại học Y Dược Hải Phòng (Công lập),https://vnur.vn/truong-dai-hoc-y-duoc-hai-phong/,https://vnur.vn/wp-content/uploads/2023/01/68.Y-duoc-Hai-Phong.jpg,75,,Công lập,Đồng bằng Bắc bộ,Hải Phòng,Sức khỏe,73,103,91,91,41,37,64,"44,90"
https://vnur.vn/,VNUR.VN - Bảng xếp hạng Đại học Việt Nam,2023,47,table_4,BẢNG XẾP HẠNG TOP 100 TRƯỜNG ĐẠI HỌC VIỆT NAM NĂM 2023 – TOÀN QUỐC,Trường Đại học Tây Nguyên (Công lập),https://vnur.vn/truong-dai-hoc-tay-nguyen/,https://vnur.vn/wp-content/uploads/2023/01/74.Tay-Nguyen.jpg,76,,Công lập,Tây Nguyên,Đắk Lắk,Đa ngành,73,68,96,60,88,103,70,"44,90"
https://vnur.vn/,VNUR.VN - Bảng xếp hạng Đại học Việt Nam,2023,47,table_4,BẢNG XẾP HẠNG TOP 100 TRƯỜNG ĐẠI HỌC VIỆT NAM NĂM 2023 – TOÀN QUỐC,Trường Đại học Kỹ thuật - Công nghệ Cần Thơ (Công lập),https://vnur.vn/truong-dai-hoc-ky-thuat-cong-nghe-can-tho/,https://vnur.vn/wp-content/uploads/2023/01/77.Ky-thuat-Cong-nghe-Can-Tho.png,77,,Công lập,Đồng bằng Sông Cửu Long,Cần Thơ,Kỹ thuật - Công nghệ,75,93,49,153,59,38,151,"44,80"
https://vnur.vn/,VNUR.VN - Bảng xếp hạng Đại học Việt Nam,2023,47,table_4,BẢNG XẾP HẠNG TOP 100 TRƯỜNG ĐẠI HỌC VIỆT NAM NĂM 2023 – TOÀN QUỐC,Học viện Y Dược học cổ truyền Việt Nam (Công lập),https://vnur.vn/hoc-vien-y-duoc-hoc-co-truyen-viet-nam/,https://upload.wikimedia.org/wikipedia/commons/7/72/H%E1%BB%8Dc_vi%E1%BB%87n_Y_d%C6%B0%E1%BB%A3c_h%E1%BB%8Dc_c%E1%BB%95_truy%E1%BB%81n_Vi%E1%BB%87t_Nam.jpg,78,,Công lập,Đồng bằng Bắc bộ,Hà Nội,Sức khỏe,75,103,39,153,55,48,152,"44,80"
https://vnur.vn/,VNUR.VN - Bảng xếp hạng Đại học Việt Nam,2023,47,table_4,BẢNG XẾP HẠNG TOP 100 TRƯỜNG ĐẠI HỌC VIỆT NAM NĂM 2023 – TOÀN QUỐC,Trường Đại học Văn Hiến (Tư thục),https://vnur.vn/truong-dai-hoc-van-hien/,https://vnur.vn/wp-content/uploads/2023/01/85.Van-Hien.jpg,79,,Tư thục,Đông Nam Bộ,TP Hồ Chí Minh,Đa ngành,77,87,41,127,101,81,179,44.50
https://vnur.vn/,VNUR.VN - Bảng xếp hạng Đại học Việt Nam,2023,47,table_4,BẢNG XẾP HẠNG TOP 100 TRƯỜNG ĐẠI HỌC VIỆT NAM NĂM 2023 – TOÀN QUỐC,Trường Đại học Kinh doanh và Công nghệ Hà Nội (Tư thục),https://vnur.vn/truong-dai-hoc-kinh-doanh-va-cong-nghe-ha-noi/,https://vnur.vn/wp-content/uploads/2023/01/86.Kinh-doanh-Cong-nghe-Ha-Noi.png,80,,Tư thục,Đồng bằng Bắc bộ,Hà Nội,Đa ngành,78,103,74,71,54,40,160,"44,30"
https://vnur.vn/,VNUR.VN - Bảng xếp hạng Đại học Việt Nam,2023,47,table_4,BẢNG XẾP HẠNG TOP 100 TRƯỜNG ĐẠI HỌC VIỆT NAM NĂM 2023 – TOÀN QUỐC,Trường Đại học Nội vụ Hà Nội (Công lập),https://vnur.vn/truong-dai-hoc-noi-vu-ha-noi/,https://vnur.vn/wp-content/uploads/2023/01/72.Noi-vu-Ha-Noi.jpg,81,,Công lập,Đồng bằng Bắc bộ,Hà Nội,Pháp luật,78,68,81,121,94,89,75,"44,30"
https://vnur.vn/,VNUR.VN - Bảng xếp hạng Đại học Việt Nam,2023,47,table_4,BẢNG XẾP HẠNG TOP 100 TRƯỜNG ĐẠI HỌC VIỆT NAM NĂM 2023 – TOÀN QUỐC,Trường Đại học Hải Phòng (Công lập),https://vnur.vn/truong-dai-hoc-hai-phong/,https://vnur.vn/wp-content/uploads/2023/01/81.Hai-Phong.jpg,82,,Công lập,Đồng bằng Bắc bộ,Hải Phòng,Đa ngành,78,103,69,87,115,93,116,"44,30"
https://vnur.vn/,VNUR.VN - Bảng xếp hạng Đại học Việt Nam,2023,47,table_4,BẢNG XẾP HẠNG TOP 100 TRƯỜNG ĐẠI HỌC VIỆT NAM NĂM 2023 – TOÀN QUỐC,Trường Đại học Sư phạm Kỹ thuật Vinh (Công lập),https://vnur.vn/truong-dai-hoc-su-pham-ky-thuat-vinh/,https://vnur.vn/wp-content/uploads/2023/01/71.Su-pham-Ky-thuat-Vinh.jpg,83,,Công lập,Bắc Trung Bộ và Duyên hải Nam Trung Bộ,Nghệ An,Kỹ thuật - Công nghệ,81,103,70,116,148,156,43,"44,20"
https://vnur.vn/,VNUR.VN - Bảng xếp hạng Đại học Việt Nam,2023,47,table_4,BẢNG XẾP HẠNG TOP 100 TRƯỜNG ĐẠI HỌC VIỆT NAM NĂM 2023 – TOÀN QUỐC,Trường Đại học Nông lâm TP. Hồ Chí Minh (Công lập),https://vnur.vn/truong-dai-hoc-nong-lam-tp-ho-chi-minh/,https://vnur.vn/wp-content/uploads/2023/01/80.Nong-lam-TP.HCM_.jpg,84,,Công lập,Đông Nam Bộ,TP Hồ Chí Minh,Nông - Lâm,82,100,103,28,87,94,82,44
https://vnur.vn/,VNUR.VN - Bảng xếp hạng Đại học Việt Nam,2023,47,table_4,BẢNG XẾP HẠNG TOP 100 TRƯỜNG ĐẠI HỌC VIỆT NAM NĂM 2023 – TOÀN QUỐC,Trường Đại học Văn hoá TP. Hồ Chí Minh (Công lập),https://vnur.vn/truong-dai-hoc-van-hoa-tp-ho-chi-minh/,https://vnur.vn/wp-content/uploads/2023/01/75.Van-hoa-TP.HCM_.jpg,85,,Công lập,Đông Nam Bộ,TP Hồ Chí Minh,Văn hóa,83,103,76,153,77,86,26,"43,90"
https://vnur.vn/,VNUR.VN - Bảng xếp hạng Đại học Việt Nam,2023,47,table_4,BẢNG XẾP HẠNG TOP 100 TRƯỜNG ĐẠI HỌC VIỆT NAM NĂM 2023 – TOÀN QUỐC,TRƯỜNG ĐẠI HỌC KHOA HỌC VÀ CÔNG NGHỆ HÀ NỘI (CÔNG LẬP),https://vnur.vn/truong-dai-hoc-khoa-hoc-va-cong-nghe-ha-noi/,https://vnur.vn/wp-content/uploads/2024/01/Logo-Truong-Dai-hoc-Khoa-hoc-va-Cong-nghe-Ha-Noi-VN-France-University.webp,86,,Công lập,Đồng bằng Bắc bộ,Hà Nội,Đa ngành,84,155,7,153,33,75,128,"43,80"
https://vnur.vn/,VNUR.VN - Bảng xếp hạng Đại học Việt Nam,2023,47,table_4,BẢNG XẾP HẠNG TOP 100 TRƯỜNG ĐẠI HỌC VIỆT NAM NĂM 2023 – TOÀN QUỐC,Trường Đại học Y khoa Vinh (Công lập),https://vnur.vn/truong-dai-hoc-y-khoa-vinh/,https://vnur.vn/wp-content/uploads/2023/01/67.Y-khoa-Vinh.png,87,,Công lập,Bắc Trung Bộ và Duyên hải Nam Trung Bộ,Nghệ An,Sức khỏe,84,103,84,135,72,67,30,"43,80"
https://vnur.vn/,VNUR.VN - Bảng xếp hạng Đại học Việt Nam,2023,47,table_4,BẢNG XẾP HẠNG TOP 100 TRƯỜNG ĐẠI HỌC VIỆT NAM NĂM 2023 – TOÀN QUỐC,Trường Đại học Mỹ thuật Việt Nam (Công lập),https://vnur.vn/truong-dai-hoc-my-thuat-viet-nam/,https://vnur.vn/wp-content/uploads/2023/01/95.My-thuat-Viet-Nam.jpg,88,,Công lập,Đồng bằng Bắc bộ,Hà Nội,,86,103,45,153,89,111,135,"43,40"
https://vnur.vn/,VNUR.VN - Bảng xếp hạng Đại học Việt Nam,2023,47,table_4,BẢNG XẾP HẠNG TOP 100 TRƯỜNG ĐẠI HỌC VIỆT NAM NĂM 2023 – TOÀN QUỐC,Trường Đại học Tây Đô (Tư thục),https://vnur.vn/truong-dai-hoc-tay-do/,https://vnur.vn/wp-content/uploads/2023/01/76.Tay-Do.jpg,89,,Tư thục,Đồng bằng Sông Cửu Long,Cần Thơ,Đa ngành,87,24,112,103,131,133,115,"43,30"
https://vnur.vn/,VNUR.VN - Bảng xếp hạng Đại học Việt Nam,2023,47,table_4,BẢNG XẾP HẠNG TOP 100 TRƯỜNG ĐẠI HỌC VIỆT NAM NĂM 2023 – TOÀN QUỐC,Trường Đại học Công nghệ Sài Gòn (Tư thục),https://vnur.vn/truong-dai-hoc-cong-nghe-sai-gon/,https://vnur.vn/wp-content/uploads/2023/01/78.Cong-nghe-Sai-Gon.jpg,90,,Tư thục,Đông Nam Bộ,TP Hồ Chí Minh,Đa ngành,88,93,59,153,129,130,95,"43,20"
https://vnur.vn/,VNUR.VN - Bảng xếp hạng Đại học Việt Nam,2023,47,table_4,BẢNG XẾP HẠNG TOP 100 TRƯỜNG ĐẠI HỌC VIỆT NAM NĂM 2023 – TOÀN QUỐC,Học viện Phụ nữ Việt Nam (Công lập),https://vnur.vn/hoc-vien-phu-nu-viet-nam/,https://vnur.vn/wp-content/uploads/2023/01/90.Hoc-vien-Phu-nu.png,91,,Công lập,Đồng bằng Bắc bộ,Hà Nội,Hành chính,89,103,53,153,108,113,118,43
https://vnur.vn/,VNUR.VN - Bảng xếp hạng Đại học Việt Nam,2023,47,table_4,BẢNG XẾP HẠNG TOP 100 TRƯỜNG ĐẠI HỌC VIỆT NAM NĂM 2023 – TOÀN QUỐC,Trường Đại học Lâm nghiệp (Công lập),https://vnur.vn/truong-dai-hoc-lam-nghiep/,https://vnur.vn/wp-content/uploads/2023/01/84.Lam-nghiep-1.png,92,,Công lập,Đồng bằng Bắc bộ,Hà Nội,Nông - Lâm,90,48,102,67,167,184,18,"42,90"
https://vnur.vn/,VNUR.VN - Bảng xếp hạng Đại học Việt Nam,2023,47,table_4,BẢNG XẾP HẠNG TOP 100 TRƯỜNG ĐẠI HỌC VIỆT NAM NĂM 2023 – TOÀN QUỐC,Trường Đại học Tiền Giang (Công lập),https://vnur.vn/truong-dai-hoc-tien-giang/,https://vnur.vn/wp-content/uploads/2023/01/88.Tien-Giang-1.jpg,93,,Công lập,Đồng bằng Sông Cửu Long,Tiền Giang,Đa ngành,91,103,108,73,108,92,3,"42,30"
https://vnur.vn/,VNUR.VN - Bảng xếp hạng Đại học Việt Nam,2023,47,table_4,BẢNG XẾP HẠNG TOP 100 TRƯỜNG ĐẠI HỌC VIỆT NAM NĂM 2023 – TOÀN QUỐC,Trường Đại học Ngoại ngữ - Tin học TP. Hồ Chí Minh (Tư thục),https://vnur.vn/truong-dai-hoc-ngoai-ngu-tin-hoc-tp-ho-chi-minh/,https://vnur.vn/wp-content/uploads/2023/01/97.Ngoai-ngu-Tin-hoc-TP.HCM-HUFLIT-1.jpg,94,,Tư thục,Đông Nam Bộ,TP Hồ Chí Minh,Đa ngành,92,68,86,119,81,60,155,"42,20"
https://vnur.vn/,VNUR.VN - Bảng xếp hạng Đại học Việt Nam,2023,47,table_4,BẢNG XẾP HẠNG TOP 100 TRƯỜNG ĐẠI HỌC VIỆT NAM NĂM 2023 – TOÀN QUỐC,Học viện Toà án (Công lập),https://vnur.vn/hoc-vien-toa-an/,https://vnur.vn/wp-content/uploads/2023/01/93.Hoc-vien-Toa-an-1.jpg,95,,Công lập,Đồng bằng Bắc bộ,Hà Nội,Pháp luật,93,156,54,153,21,5,10,"41,90"
https://vnur.vn/,VNUR.VN - Bảng xếp hạng Đại học Việt Nam,2023,47,table_4,BẢNG XẾP HẠNG TOP 100 TRƯỜNG ĐẠI HỌC VIỆT NAM NĂM 2023 – TOÀN QUỐC,Trường Đại học An Giang (Công lập),https://vnur.vn/truong-dai-hoc-an-giang/,https://vnur.vn/wp-content/uploads/2023/01/99.An-Giang-1.jpg,96,,Công lập,Đồng bằng Sông Cửu Long,An Giang,Đa ngành,94,92,109,88,70,72,86,"41,50"
https://vnur.vn/,VNUR.VN - Bảng xếp hạng Đại học Việt Nam,2023,47,table_4,BẢNG XẾP HẠNG TOP 100 TRƯỜNG ĐẠI HỌC VIỆT NAM NĂM 2023 – TOÀN QUỐC,Trường Đại học Hùng Vương (Công lập),https://vnur.vn/truong-dai-hoc-hung-vuong/,https://vnur.vn/wp-content/uploads/2023/01/82.Hung-vuong-Phu-Tho-1.jpg,97,,Công lập,Trung du và miền núi phía Bắc,Phú Thọ,Đa ngành,94,48,151,59,66,49,33,"41,50"
https://vnur.vn/,VNUR.VN - Bảng xếp hạng Đại học Việt Nam,2023,47,table_4,BẢNG XẾP HẠNG TOP 100 TRƯỜNG ĐẠI HỌC VIỆT NAM NĂM 2023 – TOÀN QUỐC,Trường Đại học dân lập Phương Đông (Tư thục),https://vnur.vn/truong-dai-hoc-dan-lap-phuong-dong/,https://vnur.vn/wp-content/uploads/2023/02/tai-xuong-1.png,98,,Tư thục,Đồng bằng Bắc bộ,Hà Nội,Đa ngành,96,156,3,140,142,137,184,"41,30"
https://vnur.vn/,VNUR.VN - Bảng xếp hạng Đại học Việt Nam,2023,47,table_4,BẢNG XẾP HẠNG TOP 100 TRƯỜNG ĐẠI HỌC VIỆT NAM NĂM 2023 – TOÀN QUỐC,Trường Đại học Kỹ thuật Y tế Hải Dương (Công lập),https://vnur.vn/truong-dai-hoc-ky-thuat-y-te-hai-duong/,https://vnur.vn/wp-content/uploads/2023/01/92.Ky-thuat-Y-te-Hai-Duong-1.jpg,99,,Công lập,Đồng bằng Bắc bộ,Hải Dương,Sức khỏe,97,93,121,102,68,45,29,41
https://vnur.vn/,VNUR.VN - Bảng xếp hạng Đại học Việt Nam,2023,47,table_4,BẢNG XẾP HẠNG TOP 100 TRƯỜNG ĐẠI HỌC VIỆT NAM NĂM 2023 – TOÀN QUỐC,Trường Đại học Nam Cần Thơ (Tư thục),https://vnur.vn/truong-dai-hoc-nam-can-tho/,https://vnur.vn/wp-content/uploads/2023/01/91.Nam-Can-Tho-1.jpg,100,,Tư thục,Đồng bằng Sông Cửu Long,Cần Thơ,Đa ngành,98,153,93,131,91,78,6,"40,80"
https://vnur.vn/,VNUR.VN - Bảng xếp hạng Đại học Việt Nam,2023,47,table_4,BẢNG XẾP HẠNG TOP 100 TRƯỜNG ĐẠI HỌC VIỆT NAM NĂM 2023 – TOÀN QUỐC,Trường Đại học Y khoa Phạm Ngọc Thạch (Công lập),https://vnur.vn/truong-dai-hoc-y-khoa-pham-ngoc-thach/,https://upload.wikimedia.org/wikipedia/commons/a/a8/YPhamNgocThach.png,101,,Công lập,Đông Nam Bộ,TP Hồ Chí Minh,Sức khỏe,99,156,67,61,57,32,121,"40,50"
https://vnur.vn/,VNUR.VN - Bảng xếp hạng Đại học Việt Nam,2023,47,table_4,BẢNG XẾP HẠNG TOP 100 TRƯỜNG ĐẠI HỌC VIỆT NAM NĂM 2023 – TOÀN QUỐC,Học viện Hàng không Việt Nam (Công lập),https://vnur.vn/hoc-vien-hang-khong-viet-nam/,https://vnur.vn/wp-content/uploads/2023/01/100.Hoc-vien-Hang-khong-1.jpg,103,,Công lập,Đông Nam Bộ,TP Hồ Chí Minh,Kỹ thuật - Công nghệ,100,68,117,98,106,100,65,"40,50"
