id,universityshortname,universitytype,universityprovince,majorcode,internalcode,internalname,fields,isactive
6506ea53-0f0f-4803-bee7-85dd4c9f6874,ANH,quân sự,HN,7480201,,,,True
e0833432-488e-4116-9b3e-a7ee138e6d91,ANH,quân sự,HN,7860100,,,,True
8339f576-1913-4eb1-a0fa-bc6ead95d652,ANH,quân sự,HN,7860114,,,,True
07c88615-3680-41d6-adfd-67b57b09b83e,ANH,quân sự,HN,7480201Nam,,,,True
89ac7c06-06f6-48b7-ac16-790a9a17b9ae,ANH,quân sự,HN,7720101Nam,,,,True
9d805a69-8515-4c20-8a78-db14cd651597,ANH,quân sự,HN,7720101Nu,,,,True
8a7e5f19-1a1a-4928-8924-782a16b7577f,ANH,quân sự,HN,7860100Nam1,,,,True
9d6ba1a4-b8ce-400d-8b1d-c32a2ea57a8f,ANH,quân sự,HN,7860100Nam2,,,,True
cc79ee9d-b54e-4cca-80ac-29c0876ebfd2,ANH,quân sự,HN,7860100Nam3,,,,True
ad5d9476-42ef-41dd-a1eb-0d64933a8e9d,ANH,quân sự,HN,7860100Nam8,,,,True
b8bc73a5-6998-41c9-8d90-867f6a1b59fb,ANH,quân sự,HN,7860100Nu1,,,,True
6eb51540-b63d-4249-bf9e-f86443b93fda,ANH,quân sự,HN,7860100Nu2,,,,True
9e984bd0-a5ca-4a19-bd29-4f994b720498,ANH,quân sự,HN,7860100Nu3,,,,True
97b73859-385b-424f-a108-0eaf1cda6176,ANH,quân sự,HN,7860100Nu8,,,,True
e17b31d4-f8e3-473c-9630-f3dab9e456ff,ANH,quân sự,HN,7860114NamB,,,,True
5a9ef89f-0b65-403d-a1fd-d415c5981e36,ANH,quân sự,HN,7860114NamN,,,,True
b00f79f3-b501-42e8-a66e-46cdd7956e2e,ANH,quân sự,HN,7860114NuB,,,,True
6d26ae05-d1c2-48dd-b06d-54f97e99cf68,ANH,quân sự,HN,7860114NuN,,,,True
c7c406a8-0891-4b51-981b-d00d20907edb,ANH,quân sự,HN,7480202,,,,True
14dde983-3a06-4560-916c-38fb28fea3eb,ANH,quân sự,HN,7720101,,,,True
184f684d-6af3-4dc1-aa4f-994e6e3b918b,CSH,quân sự,HN,7860100,,,,True
00acfeed-a692-43fe-b2bd-a31a0041c8ca,CSH,quân sự,HN,7860100Nam1,,,,True
c150455e-2ecc-469d-b46a-0f7b1c4f5186,CSH,quân sự,HN,7860100Nam2,,,,True
ed4128ff-57fc-46c0-9455-4e74a047368f,CSH,quân sự,HN,7860100Nam3,,,,True
6e16a09a-3ddd-4db1-98e7-58e31c0a3835,CSH,quân sự,HN,7860100Nam8,,,,True
e224c8c7-3758-4170-837c-39c5ffd1c932,CSH,quân sự,HN,7860100Nu1,,,,True
b26116ec-c5cf-49ec-a7d7-6401225bb429,CSH,quân sự,HN,7860100Nu2,,,,True
aad550a9-5994-48b7-984f-253f5de2c1d5,CSH,quân sự,HN,7860100Nu3,,,,True
b3605232-2583-4d8e-8eb1-1b769245cb2e,CSH,quân sự,HN,7860100Nu8,,,,True
609b3463-ee8b-4e79-adc9-fb87db8c0736,BPH,quân sự,HN,7380101,,,,True
11c76457-3bda-4af0-b881-8c8603d4590c,BPH,quân sự,HN,7860214,,,,True
3ea87c08-5d51-45d6-a09e-9e76bd89bf0a,BPH,quân sự,HN,7380101B,,,,True
a435f289-2f7a-4ea0-b306-43f2c2c12a84,BPH,quân sự,HN,7380101N,,,,True
70d22858-a0bc-4fa6-b916-23a708167e0b,BPH,quân sự,HN,7860214A014,,,,True
fd95417b-0b8f-47b1-bfb5-5154866dd1da,BPH,quân sự,HN,7860214A015,,,,True
9b1bd862-9ce5-47d6-9fcc-ad0d8e42555d,BPH,quân sự,HN,7860214A017,,,,True
fbc84651-1b34-46b5-a1c1-bdc9a0ff6fe3,BPH,quân sự,HN,7860214A019,,,,True
b8f08414-efb0-4c64-b3f9-b72fc650cc33,BPH,quân sự,HN,7860214BA01,,,,True
9b262e4d-6d65-4297-aff4-76a002fc7682,BPH,quân sự,HN,7860214BC00,,,,True
4de753fe-bc9c-40a0-9639-486c4218302d,BPH,quân sự,HN,7860214C004,,,,True
59c467f1-f667-4d20-b61b-c7d8f8ee242c,BPH,quân sự,HN,7860214C005,,,,True
d390f10a-e213-4678-9e97-5084f44ec853,BPH,quân sự,HN,7860214C007,,,,True
39223c6d-0f0f-4c43-9985-25a6fee8ee10,BPH,quân sự,HN,7860214C009,,,,True
45fb1d03-d68d-46f1-9db9-1670944ca664,HBT,công lập,HN,527,,,,True
dd8650e0-a4e7-4a25-9bcf-35cfd6c37261,HBT,cônglập,HN,530,,,,True
ef5f4f48-b574-4895-9690-1d5b56619a96,HBT,cônglập,HN,531,,,,True
2e64e08a-cf68-4ff2-81fd-8605dc0cf21d,HBT,cônglập,HN,533,,,,True
9e1272e1-c8f3-4eea-ae2d-49d89072c323,HBT,cônglập,HN,538,,,,True
a79e81c3-fac4-4e78-9ff3-1223a8f27621,HBT,cônglập,HN,602,,,,True
87e6e30c-3e34-491a-8730-586f7bb39d69,HBT,cônglập,HN,603,,,,True
6f882d15-1976-40c7-8907-6eac2f34a834,HBT,cônglập,HN,604,,,,True
b06c6277-1b00-417f-b4bf-58fe624e4c89,HBT,cônglập,HN,605,,,,True
e5654c27-e642-4671-8ea0-2bfb5f0f240d,HBT,cônglập,HN,606,,,,True
7f1c8c18-c97a-42fa-a6f7-fb27e8ed4047,HBT,cônglập,HN,607,,,,True
f31ec105-0755-4776-a679-9a98522fab5d,HBT,cônglập,HN,610,,,,True
a399fa86-a14a-4636-8bca-7182e3ef97dd,HBT,cônglập,HN,611,,,,True
b0839162-e678-4f55-8d0b-d2c34dd7dfdb,HBT,cônglập,HN,614,,,,True
19811e5f-08d0-4220-85d5-550532d56d36,HBT,cônglập,HN,615,,,,True
6163989a-45f8-404e-b183-a43e45269a5b,HBT,cônglập,HN,616,,,,True
536af948-8d74-401d-abdb-4876a463a5d3,HBT,cônglập,HN,7220201,,,,True
67d5380f-a299-4d22-b1c9-d0b030d64a0b,HBT,cônglập,HN,7229001,,,,True
8baf0095-8996-4ce4-a9a9-8e2a136f0487,HBT,cônglập,HN,7229008,,,,True
e0d27b31-33bc-48cf-9932-e4c4f77a7aaf,HBT,cônglập,HN,7229010,,,,True
d4826866-5661-4e6c-972a-9e23e56025a6,HBT,cônglập,HN,7310102,,,,True
668f52b2-cc9f-43c2-8e65-e0deae6e1e46,HBT,cônglập,HN,7310202,,,,True
706141f7-210c-4397-985e-457b3dacc9f2,HBT,cônglập,HN,7310205,,,,True
0f4de66c-7936-498e-8fae-0039f1c74f16,HBT,cônglập,HN,7310301,,,,True
d55932f5-2ffa-4b79-b5cf-0d680ac3b37c,HBT,cônglập,HN,7320104,,,,True
8aacec36-7e45-4a73-a521-326968baaad7,HBT,cônglập,HN,7320105,,,,True
8d537ce7-5705-4203-87ab-50a1ed53efca,HBT,cônglập,HN,7320107,,,,True
57d0ff4f-8fd0-432d-83dd-4cfd40b131c2,HBT,cônglập,HN,7320110,,,,True
fdf519f4-9810-4288-940c-f443122d0004,HBT,cônglập,HN,7340403,,,,True
0c3479bc-13d2-44c5-9cb7-1dff9ce82b57,HBT,cônglập,HN,7760101,,,,True
63bb7ff0-dd5e-46ef-b509-c4be51d936cd,HBT,cônglập,HN,801,,,,True
a833133e-7061-4a11-8291-f22b9463cd94,HBT,cônglập,HN,802,,,,True
82ff883c-8746-4b8b-9ef8-ac71e08ec027,HBT,cônglập,HN,532,,,,True
586dd327-0eb6-4f13-917c-491d391bf054,HBT,cônglập,HN,528,,,,True
00ec8873-9816-49a3-aa09-12a20def8ae5,HBT,cônglập,HN,529,,,,True
b1438b50-b45c-43a8-9c54-fa0bb3032fe8,HBT,cônglập,HN,535,,,,True
a9e30a9e-9d46-491c-ba4f-591d3373e975,HBT,cônglập,HN,536,,,,True
fbc9a662-61e1-4614-ad88-e158fbd583ef,HBT,cônglập,HN,537,,,,True
501401ca-c078-4717-86bc-5a53c13f613e,HBT,cônglập,HN,608,,,,True
cf68db97-a93d-4081-ba48-8cadce230e57,HBT,cônglập,HN,609,,,,True
57883c11-0552-429a-9d16-960157512a89,HCP,cônglập,HN,7220201,,,,True
f028ae5c-d177-42b4-955b-fab3253d18b0,HCP,cônglập,HN,7310101,,,,True
c449b682-9680-437f-8ede-31cecab6477d,HCP,cônglập,HN,7310105,,,,True
c27dae70-11c8-4dbf-8d35-5bf6b855d00c,HCP,cônglập,HN,7310106,,,,True
6fb997d0-4f07-4486-886e-e3b8f27e4862,HCP,cônglập,HN,73101061,,,,True
b0f0a71b-ca0e-4c86-98e1-fd86695dd6b9,HCP,cônglập,HN,73101062,,,,True
34126679-1bd5-4a0f-9c85-c17530184e49,HCP,cônglập,HN,7310109,,,,True
791ead28-0a80-4b59-969b-652e6df54e1d,HCP,cônglập,HN,7310205,,,,True
5e5ec04e-d1d1-46d5-99b3-ff3e0dc36ec7,HCP,cônglập,HN,7310206,,,,True
651786ad-5100-4aca-998b-e59c47fc72bf,HCP,cônglập,HN,7340101,,,,True
d3bda3cd-7876-46a2-a090-c9b8d79f0480,HCP,cônglập,HN,73401011,,,,True
e7256955-1f4a-4610-afe2-812470f574fe,HCP,cônglập,HN,73401152,,,,True
6daa1b92-3048-4c47-8306-a45b25e5e9ad,HCP,cônglập,HN,73402011,,,,True
04096776-e043-456d-95dc-bc5321a0e19d,HCP,cônglập,HN,73402012,,,,True
907f9dee-83ba-44ad-842b-6360d5181287,HCP,cônglập,HN,7340301,,,,True
8d5a9947-e265-4b99-afe2-2e32730cf535,HCP,cônglập,HN,7380107,,,,True
c0d13921-b3a2-4233-a4d2-f4ffb4220d37,HCP,cônglập,HN,7340201,,,,True
71d82c03-ae98-49cc-846a-db083181a5af,HCP,cônglập,HN,7310106CLC,,,,True
280855da-44f5-4f03-b073-7b4de9281b43,HCP,cônglập,HN,7340201CLC,,,,True
ebe8756a-0812-4a17-9d7a-4ae32f779937,HEH,quânsự,HN,7860218,,,,True
7fce1ab6-7340-434c-a869-f0ab2bbe5bbb,HEH,quânsự,HN,7860218NamBA00,,,,True
84628ad5-2a0e-4f8f-a0f5-f4495bdb87c3,HEH,quânsự,HN,7860218NamBA01,,,,True
a0a1fedf-0c88-45c3-9dcd-93bc6420c4de,HEH,quânsự,HN,7860218NamNA00,,,,True
d4def0e2-65e7-4209-bbbf-1866099a37f2,HEH,quânsự,HN,7860218NamNA01,,,,True
d2a72611-3632-4fb2-92c2-ed13a38deaca,HEH,quânsự,HN,7860218NuBA00,,,,True
6895ee18-8390-448d-a536-55cf57b50cd6,HEH,quânsự,HN,7860218NuBA01,,,,True
ec6240ec-2110-422e-92ec-d1f7c92cb7a9,HEH,quânsự,HN,7860218NuNA00,,,,True
79798390-fa9a-4843-8577-71461a85d96d,HEH,quânsự,HN,7860218NuNA01,,,,True
ada7bb58-6e84-44c1-8235-b3c33645459c,KMA,cônglập,HN,7480201KMA,,,,True
a28969eb-e3ff-4286-a21f-55d31903f6a8,KMA,cônglập,HN,7480202KMA,,,,True
7c216f3f-a29d-4bef-b5e8-8baecd505d35,KMA,cônglập,HN,7480202KMP,,,,True
d463d184-76c8-43ca-87d4-f63ed0092089,KMA,cônglập,HN,7520207,,,,True
9d066b5d-18f1-4911-9fc6-d5c6ee641a6a,NQH,quânsự,HN,7220201,,,,True
da6b6ac5-fdf8-4067-a5fe-7724f3d31738,NQH,quânsự,HN,7220202,,,,True
ec531024-db4e-4af4-9054-86c1495c3c55,NQH,quânsự,HN,7220204,,,,True
edcff278-f756-4454-ba81-820b23187721,NQH,quânsự,HN,7310206,,,,True
31d7cb56-9f9b-4dae-a6b7-fbb2965dbe9d,NQH,quânsự,HN,7860231,,,,True
2d5029a0-54fa-4937-a269-5e1a490a7a36,KQH,quânsự,HN,QS,,,,True
5e54885a-a3c9-470f-9c7b-68226e4e0461,KQH,quânsự,HN,7860220NamB,,,,True
f0bedc2d-b93f-4e2b-a746-6695321127c0,KQH,quânsự,HN,7860220NamN,,,,True
1e9e44d4-58ca-40cd-9a6c-25a55198845f,KQH,quânsự,HN,7860220NuB,,,,True
326d8290-9ceb-4c00-a53f-6b2b5383b620,KQH,quânsự,HN,7860220NuN,,,,True
13d2e77a-baf4-4cea-b0e7-5b5b9a8be906,KQH,quânsự,HN,7860220,,,,True
64df5df0-8d75-4328-aeb3-42c30b1efb0e,BVH,cônglập,HN,7320101,,,,True
6234a37c-5bc3-4afb-9522-6e90fb8ce6e5,BVH,cônglập,HN,7320104,,,,True
4d5ad856-8d67-4c6c-91d4-b92639b91e78,BVH,cônglập,HN,7320104CLC,,,,True
69ba22df-113e-4a69-8493-b60e1b4aa46d,BVH,cônglập,HN,7329001,,,,True
a974b184-30c5-4152-87b8-34b1f440d0b4,BVH,cônglập,HN,7329001GAM,,,,True
0a8bdc42-e05f-41e5-8adf-41b07be25757,BVH,cônglập,HN,7340101,,,,True
4064fd8c-8617-4f73-8f4a-20d08d27becc,BVH,cônglập,HN,7340101LOG,,,,True
d3e560c7-541a-4f82-b6d1-72a69223413a,BVH,cônglập,HN,7340115,,,,True
906332f8-cb5b-4c38-a84c-43e324b57047,BVH,cônglập,HN,7340115CLC,,,,True
803ffe51-7996-4440-9d55-a485ef2f6559,BVH,cônglập,HN,7340115QHC,,,,True
95e0a351-3ed4-4aef-bbc3-0c5c863cd5b0,BVH,cônglập,HN,7340122,,,,True
8c063aba-2dea-4557-b50b-4352d67cf8d4,BVH,cônglập,HN,7340205,,,,True
77f4032a-9910-4c78-a33b-71d334f930bd,BVH,cônglập,HN,7340301,,,,True
507e1f8a-fafc-4e62-b257-02ea72f8099f,BVH,cônglập,HN,7340301CLC,,,,True
8b6cfa2a-6a4b-4240-9413-88e9244c5f07,BVH,cônglập,HN,7480101,,,,True
11209caa-b324-420d-8ca0-c8950da1c32f,BVH,cônglập,HN,7480102,,,,True
1b7efdbc-436e-4436-a5bf-edbd02663c6e,BVH,cônglập,HN,7480107,,,,True
244bd76b-25b8-4e4d-97b9-7f789389626b,BVH,cônglập,HN,7480201,,,,True
a4d1502a-490a-4484-8281-aed8955470bf,BVH,cônglập,HN,7480201CLC,,,,True
94530977-89bb-450f-864f-96f2805ea98f,BVH,cônglập,HN,7480201UDU,,,,True
387bbb3d-8386-4298-9c97-b6b972097a60,BVH,cônglập,HN,7480201VNH,,,,True
364a0a23-93ab-42a8-a440-dd8c248ed0f7,BVH,cônglập,HN,7480202,,,,True
d39c046c-c309-41de-a456-fbb1f9e8dc88,BVH,cônglập,HN,7480202CLC,,,,True
a7ea3281-1ad9-485d-b321-626578a3f49f,BVH,cônglập,HN,7510301,,,,True
6622bb0e-fab1-44da-9c43-aa6ae115c3ba,BVH,cônglập,HN,7510301MBD,,,,True
43ef7128-277f-4c06-b48c-bed1527f73b1,BVH,cônglập,HN,7520207,,,,True
e0e46ebe-8623-4e72-87bf-dbf69ed95a1b,BVH,cônglập,HN,7520207AIoT,,,,True
127ddb19-0600-42d8-881b-93b303d1209c,BVH,cônglập,HN,7520216,,,,True
befc7489-e941-4716-a744-192c43e22d0c,BVH,cônglập,HN,7480201 CLC,CLC,,,True
250c49f8-535d-4dc6-a84d-c1b7fd9a8fe0,BVH,cônglập,HN,7480201 UDU,,,,True
3a18d7c3-cf79-43a2-af9b-c3574e86be32,BVH,cônglập,HN,7329001LK,,,,True
1ab40526-cb4f-4c74-b7ce-145c37020bf2,BVH,cônglập,HN,7340205LK,,,,True
dcd51d77-aef1-4cef-bb8b-41d1d1f44a36,BVH,cônglập,HN,7480201LK,,,,True
9a3c2f4d-93ef-4418-be66-3b9c6f1f6657,HQT,cônglập,HN,HQT01,,,,True
6d15e0e2-b1bf-4010-a1ef-a4b191eb5197,HQT,cônglập,HN,HQT02,,,,True
4dee6094-6156-496b-8b43-a1d929a3fb6e,HQT,cônglập,HN,HQT03,,,,True
632e63fb-9312-4de6-9249-c9cd25a8afcc,HQT,cônglập,HN,HQT04,,,,True
d2021c86-1c7a-4dcf-8293-fc54cad0bdb5,HQT,cônglập,HN,HQT05,,,,True
64afdcec-1ecf-4548-81f8-42c3eb9195ee,HQT,cônglập,HN,HQT06,,,,True
bc53f0e1-8c5d-4afb-994a-78dfc64dfaab,HQT,cônglập,HN,HQT07,,,,True
f993ff89-e58c-4451-a2d7-03f91f28b371,HQT,cônglập,HN,HQT08-01,,,,True
de2ff43c-6b25-42d6-b4e0-4d2284488e61,HQT,cônglập,HN,HQT08-02,,,,True
61b7db00-4e34-48a9-9cce-7222fba34371,HQT,cônglập,HN,HQT08-03,,,,True
e4334478-9e0e-4c57-a070-706297c7d69d,HQT,cônglập,HN,HQT08-04,,,,True
c81d9d64-ceac-43cf-bc0c-cbc4d545799b,NHH,cônglập,HN,ACT01,,,,True
d65e2458-9de1-4f83-bf35-9b7cd1251a40,NHH,cônglập,HN,ACT02,,,,True
aa52c8c4-07ad-43b9-bc35-b520bf19ce1c,NHH,cônglập,HN,ACT03,,,,True
65684f4f-f8fc-408e-a985-1ed6d7292fed,NHH,cônglập,HN,ACT04,,,,True
9891b1b9-174f-4b2d-9d76-7eba5255a98a,NHH,cônglập,HN,BANK01,,,,True
ffe94c53-9de8-43c0-81be-f07788aa7c84,NHH,cônglập,HN,BANK02,,,,True
6cb6f26a-2a48-48ed-bfd7-d19b2e3be0c1,NHH,cônglập,HN,BANK03,,,,True
7933c49e-84d0-49df-b09b-dfb679250974,NHH,cônglập,HN,BANK04,,,,True
dcf9c9ea-41c3-4a2d-a3b9-4ca35d22ed37,NHH,cônglập,HN,BANK05,,,,True
c5b48791-4a56-4a60-af29-db9b1aaea76b,NHH,cônglập,HN,BANK06,,,,True
7df5b4a0-5bf7-4ebc-98a3-15a2942f4651,NHH,cônglập,HN,BANK07,,,,True
2a259556-45ee-4c80-8fbb-f9992a6cd08b,NHH,cônglập,HN,BUS01,,,,True
bc0b9e78-38ad-45ca-9bdf-523cf2568aa0,NHH,cônglập,HN,BUS02,,,,True
be839003-926a-486a-a481-a1557fff9cc6,NHH,cônglập,HN,BUS03,,,,True
4aa55880-1c93-43fe-a78c-ec5df1497a22,NHH,cônglập,HN,BUS04,,,,True
a1ca7620-2ed6-4c42-b9c7-dc6485b92b8b,NHH,cônglập,HN,BUS05,,,,True
0eb195c1-728c-4844-8359-8a2dacf5f961,NHH,cônglập,HN,BUS06,,,,True
83b94594-b0e7-4143-a566-d546ca8080bd,NHH,cônglập,HN,BUS07,,,,True
121138e2-9f60-4940-bb07-543e046358a9,NHH,cônglập,HN,DS01,,,,True
c85e4d10-2551-4a1e-861a-a197871a9538,NHH,cônglập,HN,ECON01,,,,True
89a5fd8f-d986-470f-a5c9-6d5e58034a96,NHH,cônglập,HN,ECON02,,,,True
07c06d17-9994-476a-a9bb-4e2a520ed844,NHH,cônglập,HN,FIN01,,,,True
621cb705-a918-4f85-8bcb-b0cf7abbe4b3,NHH,cônglập,HN,FIN02,,,,True
6fa6e3c2-db38-4508-a736-5b45fbbeb976,NHH,cônglập,HN,FIN03,,,,True
26a25b2d-9c82-472b-af53-3d3412e9a643,NHH,cônglập,HN,FIN04,,,,True
166e06e0-29c6-45ad-93dd-f6e8f43f438e,NHH,cônglập,HN,FL01,,,,True
60f09f33-dd5c-4123-aab7-fb59e435bcab,NHH,cônglập,HN,FL02,,,,True
9dd6bd7e-25b4-4fc8-a67c-77ca8c4d38f7,NHH,cônglập,HN,IB01,,,,True
227fa2c2-df5a-4a12-9367-821de1b45e3c,NHH,cônglập,HN,IB02,,,,True
18d98cd3-6754-4287-a05a-b74ad555d4f4,NHH,cônglập,HN,IB03,,,,True
d8f7b177-b831-4d10-861d-234db852f804,NHH,cônglập,HN,IB04,,,,True
7d7ba35a-5e8f-4413-b88c-4b470ec0bcf5,NHH,cônglập,HN,IB05,,,,True
b351220c-049d-4188-9933-fe96bd1dc75a,NHH,cônglập,HN,IT01,,,,True
5f070681-d882-43c1-8666-f3c4c535102b,NHH,cônglập,HN,LAW01,,,,True
b4118d61-3281-4581-92a0-a11a80b43212,NHH,cônglập,HN,MIS01,,,,True
9765adc0-af7f-4831-a6f1-100c3a2c6441,NHH,cônglập,HN,MIS02,,,,True
81a0e9c3-69f7-410b-85dc-f6869013ceb9,NHH,cônglập,HN,LAW02,,,,True
d2f3a8c2-7c90-474d-8ab9-8e4d4a592a58,NHH,cônglập,HN,BANKK02,,,,True
14dfa87a-ebec-4928-ad96-9fd45c04470b,NHH,cônglập,HN,BANKK03,,,,True
3fad517f-8661-4723-ae0d-2ec232d95f0c,HVN,cônglập,HN,HVN01,,,,True
46f45bbd-03c5-4907-a11d-676b8202768e,HVN,cônglập,HN,HVN02,,,,True
0412c886-6d0a-4ff5-8bb8-a9e89fe54aea,HVN,cônglập,HN,HVN03,,,,True
3f75ff82-74c0-4c07-94fd-7788c95a71f8,HVN,cônglập,HN,HVN04,,,,True
1a7c19f2-4a35-4516-bcf1-993774d52d4c,HVN,cônglập,HN,HVN05,,,,True
81dbd23c-c1df-40c9-b581-6a43f457739f,HVN,cônglập,HN,HVN06,,,,True
821ee764-08d7-4f7c-a1c5-e543c59e5605,HVN,cônglập,HN,HVN07,,,,True
c17b452f-e743-4b1d-b116-0c8d7f59b07f,HVN,cônglập,HN,HVN08,,,,True
a7c3da16-286f-4b38-bbc9-bff059aa2e7a,HVN,cônglập,HN,HVN09,,,,True
c0c21860-af10-4cf0-8936-77397ce886b4,HVN,cônglập,HN,HVN10,,,,True
33f16dba-198e-4059-a409-0a58a27c5e4e,HVN,cônglập,HN,HVN11,,,,True
2abaae69-76d8-43cd-b252-fdea5ba6259c,HVN,cônglập,HN,HVN12,,,,True
1e7ac57e-6192-48e6-9fcc-08caf1c7da97,HVN,cônglập,HN,HVN13,,,,True
0b935143-086b-4655-9631-191befe8c20c,HVN,cônglập,HN,HVN14,,,,True
afaf2c20-186d-4336-a772-616e1c3063be,HVN,cônglập,HN,HVN15,,,,True
126fb258-c79c-4e39-8089-14c8f12b81ad,HVN,cônglập,HN,HVN16,,,,True
0f152269-b604-49a7-8510-4b8bd10b179c,HVN,cônglập,HN,HVN17,,,,True
2c2cd921-65e1-4245-ab6a-0abaa4bdc063,HVN,cônglập,HN,HVN18,,,,True
98757e21-67d4-4b93-9744-140f2a1ace15,HVN,cônglập,HN,HVN19,,,,True
76c48547-d12f-49fa-8c60-0f5392ef20be,PKH,quânsự,HN,7520120,,,,True
9910eec9-5988-4981-8825-85b37e5d2603,PKH,quânsự,HN,7860226,,,,True
48563e8c-6ef8-461a-a6de-d8301e2989d3,PKH,quânsự,HN,7860226B,,,,True
2628d27a-de5f-4cbd-b689-0c0a7c78be4b,PKH,quânsự,HN,7860226N,,,,True
9690b0de-ad03-4856-94c7-196a31a629b4,HPN,cônglập,HN,7310101,,,,True
94aa982e-8f86-4303-85e4-f1f50faf40d6,HPN,cônglập,HN,7310109,,,,True
fc9da0b5-f1ef-4d6d-93fd-a63ba267f6c3,HPN,cônglập,HN,7310399,,,,True
25638663-ba2c-42ce-89a9-547748e1a81e,HPN,cônglập,HN,7310401,,,,True
3bbcfad3-20f3-44e3-bd26-9e453f1963fa,HPN,cônglập,HN,7320104,,,,True
58d32dc5-210a-4d61-b657-36205dd66ef9,HPN,cônglập,HN,7340101,,,,True
8dd56eee-b50a-48ad-8cba-c96dc3926de6,HPN,cônglập,HN,7340115,,,,True
16407f4b-6d87-4cd1-b128-421a4091eae6,HPN,cônglập,HN,7380101,,,,True
9146221f-7d3a-4c1e-8002-b2ca7401f5f1,HPN,cônglập,HN,7380107,,,,True
38b0e524-f772-4856-af0e-c1a3b153d3af,HPN,cônglập,HN,7480201,,,,True
1d2aca77-3dee-4e32-8c73-e8f2c6d1ef00,HPN,cônglập,HN,7760101,,,,True
bbc4d824-3f23-47d9-a753-6786f39db789,HPN,cônglập,HN,7810103,,,,True
f22de479-3a59-4243-83dd-18bf5af6e4dd,HPN,cônglập,HN,7340101TA,,,,True
4cfad9df-60ed-45ec-b288-387fa1044a91,HPN,cônglập,HN,7340101 LC,,,,True
f242fc9e-7fee-486a-86b2-83c0c0e16a52,HPN,cônglập,HN,7340101CLC,,,,True
e9b9cd61-0fa3-445b-a40d-5e5affea05f6,HPN,cônglập,HN,7340101LK,,,,True
8971ff66-0239-4cc9-b3ef-086f9ee23b53,HPN,cônglập,HN,7760101PH,HCM,,,True
c5771499-f4e0-4f18-8492-68f5191c8d32,HPN,cônglập,HN,7810103PH,HCM,,,True
2f38dd7d-f0f0-4b36-a893-69582b04cf73,HPN,cônglập,HN,7760101PH,,,,True
9bba6198-a7d9-4671-8b61-cd239574fb91,HPN,cônglập,HN,7810103PH,,,,True
8d31e98f-bdd8-492d-8bff-aec6c2d216fa,HPN,cônglập,HN,7340102,,,,True
475e65e7-fc03-44f1-bac5-ea6e34a57c12,HPN,cônglập,HN,7420201,,,,True
8d52897a-b959-44b0-a948-a643b9621aac,HTN,cônglập,HN,7310101,,,,True
0a87f15a-6dbf-49ff-b118-a718bd2eeedc,HTN,cônglập,HN,7310202,,,,True
37f81e0a-a57d-4e6c-b435-b30bb406614e,HTN,cônglập,HN,7310205,,,,True
4b181671-cdb8-4453-86a6-4a761284ae53,HTN,cônglập,HN,7310401,,,,True
5534dbd3-9cda-407b-9634-1b252e2b8d04,HTN,cônglập,HN,7320108,,,,True
c327b741-fb2c-4cfa-811e-d6f013d66146,HTN,cônglập,HN,7380101,,,,True
23164a79-e109-456d-ae7f-ad6d15e054e6,HTN,cônglập,HN,7480201,,,,True
d7ba0d07-28eb-48de-9991-7db0217692ec,HTN,cônglập,HN,7760101,,,,True
c2b68d1f-f7bc-4dd7-9d7f-9cbda9cbc102,HTN,cônglập,HN,7760102,,,,True
f116b816-04cf-451f-992c-b96c41d1079d,YQH,quânsự,HN,7720101,,,,True
31502cfe-4bac-4752-9485-3e48eb5f509d,YQH,quânsự,HN,7720201,,,,True
cf0a581a-ec62-4991-b72c-6ac20a67d105,YQH,quânsự,HN,7720101NamB,,,,True
7552354f-d59b-4efe-a380-417c2119b529,YQH,quânsự,HN,7720101NamN,,,,True
932e743c-a65d-4b04-a7f4-e8dfaf955435,YQH,quânsự,HN,7720101NuB,,,,True
8b65282d-7cce-4745-be18-a0ed3b91d552,YQH,quânsự,HN,7720101NuN,,,,True
461816b0-0f91-48b3-94f2-b3e3b67b31de,YQH,quânsự,HN,7720110NamB,,,,True
a9f7e6e2-46c9-4435-be09-89d2eaad9f01,YQH,quânsự,HN,7720110NamN,,,,True
504fd90f-3cd5-428a-854a-5c3ede707615,YQH,quânsự,HN,7720201NamB,,,,True
019bf10b-e946-4294-a911-57b0297abf5e,YQH,quânsự,HN,7720201NamN,,,,True
8d45cf41-4534-42d6-bc23-95e051989d85,YQH,quânsự,HN,7720201NuB,,,,True
bf86889a-cfef-4dc9-9ca2-bde3ca207668,YQH,quânsự,HN,7720201NuN,,,,True
76c4ad83-d661-4605-a62d-93294beffa0a,YQH,quânsự,HN,7720110,,,,True
8ca2e832-31f1-4d09-8f44-bfa5f08c6362,HTC,cônglập,HN,7220201,,,,True
60904410-b091-4da6-ad3e-01b36282dd98,HTC,cônglập,HN,7310101,,,,True
648400c4-d35e-4b94-865d-9c6f2849831b,HTC,cônglập,HN,7310102,,,,True
17f4e87d-7c49-4387-bf07-2b07dff40041,HTC,cônglập,HN,7310104,,,,True
4ac522fb-18e4-4df1-ae8a-144170d2ad51,HTC,cônglập,HN,7310104QT12.01,,,,True
16b04774-ffb8-4d20-8e66-20c4007ac960,HTC,cônglập,HN,7310108,,,,True
1a06be65-bb0e-40c5-833d-a9f77bbfc2a5,HTC,cônglập,HN,7340101,,,,True
13e4e69e-711b-45a3-94f8-d0bcdff5719d,HTC,cônglập,HN,7340101QT03.01,,,,True
69726425-a807-4dee-8358-9a102e6e120d,HTC,cônglập,HN,7340115,,,,True
0ab88905-a0e7-4a92-ae7e-8891472ac66c,HTC,cônglập,HN,7340115QT11.02,,,,True
ac8626fd-ec82-4dcb-8b4d-7bfdadd8a8f9,HTC,cônglập,HN,7340116,,,,True
77e00fc5-f7ba-4383-9ec4-ea65dfc8fba0,HTC,cônglập,HN,7340116QT09.01,,,,True
95ad9e74-3f12-4685-8da9-cc53fe82bca2,HTC,cônglập,HN,7340120QT15.01,,,,True
1c92885d-674e-497b-922f-b03498090799,HTC,cônglập,HN,73402011,,,,True
1cc356d2-5aae-4fcb-8a82-48b5a7b86aa2,HTC,cônglập,HN,73402012,,,,True
d39acf72-7419-472d-8c76-19f21dd6f908,HTC,cônglập,HN,73402013,,,,True
099d3e8f-2b6e-4e41-b28e-d33bf64134ab,HTC,cônglập,HN,7340201QT01.01,,,,True
1611eec7-d65a-4538-aa5c-1b44fd268171,HTC,cônglập,HN,7340201QT01.06,,,,True
b73d2c97-cc85-490e-891b-c871b6fd9d3a,HTC,cônglập,HN,7340201QT01.09,,,,True
664d8906-f685-4182-a8a7-0a98860c8bb1,HTC,cônglập,HN,7340201QT01.11,,,,True
0178abcd-f360-4b1a-af7a-e1b0514b3be0,HTC,cônglập,HN,7340201QT01.15,,,,True
125c18ad-e888-4d91-a10a-cf07a3396dc1,HTC,cônglập,HN,7340201QT01.19,,,,True
4f538f6d-3575-4c12-a2e2-a68cec984880,HTC,cônglập,HN,7340204,,,,True
a54a506b-4470-47c8-8b61-539bf0f16e6c,HTC,cônglập,HN,7340301,,,,True
7faa1bb8-2922-4a9b-98c2-97b31437e963,HTC,cônglập,HN,7340301QT02.01,,,,True
b78be823-b428-4e33-a4b0-276ecef3b6c3,HTC,cônglập,HN,7340301QT02.02,,,,True
65f116a9-0b16-4af6-9478-3b45e6abd117,HTC,cônglập,HN,7340301QT02.03,,,,True
7f4fac95-3f90-434b-aa49-bdca3dace104,HTC,cônglập,HN,7340302,,,,True
218d1a81-2608-4743-b249-4d6242836de2,HTC,cônglập,HN,7340302QT10.01,,,,True
981efa9e-7ec8-4619-8d8e-bda1e7a60a78,HTC,cônglập,HN,7340403,,,,True
005dc587-1747-4d5b-bbff-5ab6a600d40c,HTC,cônglập,HN,7340405,,,,True
6c5b434d-f2cd-43a1-b5af-7a79c21d75e1,HTC,cônglập,HN,7380101,,,,True
3e22f4fa-725f-45ce-9a44-6e1dfd15acb0,HTC,cônglập,HN,7460108,,,,True
9928b770-a68f-47ef-98b2-87b258f99a78,HTC,cônglập,HN,7480201,,,,True
92677d3d-f515-4b42-9c0c-bc2964bcf748,HTC,cônglập,HN,7340115QT11.02PH,,,,True
52f428ef-0750-4bb2-ad41-a5ec57b9d5aa,HTC,cônglập,HN,7340301QT02.01PH,,,,True
1d9caabd-6bd3-40ea-8125-7d8cea7aa23d,HTC,cônglập,HN,7340302QT10.01PH,,,,True
00188af4-1b1b-4b70-a453-e720fad4f50e,HTC,cônglập,HN,7340201C06,,,,True
0fbd02c9-1fd3-4087-90a8-b2f69e23894d,HTC,cônglập,HN,7340201C09,,,,True
94d0c302-bb67-4aef-9a48-a8644742f25b,HTC,cônglập,HN,7340201C11,,,,True
2d37150c-8847-4c58-87b3-9b6aeba9f76c,HTC,cônglập,HN,7340301C21,,,,True
3cef4fd6-c3d2-46a0-8408-b3ce16a7807a,HTC,cônglập,HN,7340301C22,,,,True
1a6218aa-e47a-4821-9bbb-85a93921a565,HVQ,cônglập,HN,7140101,,,,True
9a0d3801-9425-427f-b531-41611ab1a753,HVQ,cônglập,HN,7140114,,,,True
7314b26b-a3c6-4554-9828-ac84847095ed,HVQ,cônglập,HN,7220201,,,,True
aa4b52b2-cbdb-4def-9c3a-d9720754f428,HVQ,cônglập,HN,7310101,,,,True
5760492b-787c-4b9d-a2af-01c6625363aa,HVQ,cônglập,HN,7310403,,,,True
ccdec4b2-bde7-460d-b55c-d450d30a08ee,HVQ,cônglập,HN,7340406,,,,True
634619c4-a5a1-4736-a2f2-08618f810ecb,HVQ,cônglập,HN,7480201,,,,True
2e284217-cc61-475b-a663-81da6a1990fa,HVQ,cônglập,HN,7340101,,,,True
a06edece-86e9-484d-b542-f2767e252f83,HTA,cônglập,HN,7380101,,,,True
267fc451-8ed5-4e3a-8970-39c47259b514,QHS,cônglập,HN,Sư phạm Ngữ văn,,,,True
366a1102-5be1-40f7-8048-38926400e3a2,QHS,cônglập,HN,Sư phạm Lịch sử,,,,True
c6b2dd0a-d619-40db-b34f-6acc54dfb4f7,QHS,cônglập,HN,Sư phạm Lịch sử - Địa lý,,,,True
42fcff4a-ec8a-4f30-9fba-555067ccd01e,QHS,cônglập,HN,Giáo dục Mầm non,,,,True
39237fd2-7cc0-4e5b-a2dc-9f1b88b15baa,QHS,cônglập,HN,Giáo dục Tiểu học,,,,True
aeb2bf46-2565-41c8-b934-c8e3a5f0934d,QHS,cônglập,HN,Khoa học giáo dục và khác,,,,True
379a4ef4-0a5a-4ffd-b1ea-5fe353a996a5,QHS,cônglập,HN,Sư phạm Toán học,,,,True
661c40e2-b702-4656-923a-ec92aae83229,QHS,cônglập,HN,Sư phạm Vật lí,,,,True
ddef37e0-04d5-4eda-8820-8797c7bddc62,QHS,cônglập,HN,Sư phạm Hoá học,,,,True
445e416b-93c2-4a9b-a064-e8593695fec0,QHS,cônglập,HN,Sư phạm Sinh học,,,,True
d2b4512c-d3c9-4d7a-af9e-74e8b593db69,QHS,cônglập,HN,Sư phạm Khoa học Tự nhiên,,,,True
8e640053-87f1-40a7-ab13-4a281aa089e9,QHS,cônglập,HN,GD1,,,,True
f90dcba1-6ebd-4590-86c1-dc0bf0d4d9e2,QHS,cônglập,HN,GD2,,,,True
7774a78f-a4fe-489e-a028-5bdf9334dab5,QHS,cônglập,HN,GD3,,,,True
d64133a5-cc0b-4418-89a9-0492b1c62014,QHS,cônglập,HN,GD4,,,,True
e17a1ec0-47fd-4a82-afde-b2ef4d40d4c6,QHS,cônglập,HN,GD5,,,,True
4af114e3-f11c-43b5-96b5-02788aa9012b,QHI,cônglập,HN,CN1,,,,True
ab00f44b-b218-4b1f-9f8c-ea6ba19f90ce,QHI,cônglập,HN,CN10,,,,True
f6c77767-603e-41a4-bdc9-a127103760e1,QHI,cônglập,HN,CN11,,,,True
525330d3-431f-4056-bb1c-65e64b5cb53a,QHI,cônglập,HN,CN12,,,,True
b2fcc5a2-b23a-4274-b5cb-b0e05f891425,QHI,cônglập,HN,CN13,,,,True
0474b0cf-7307-49f4-8954-68d979ffcfa3,QHI,cônglập,HN,CN14,,,,True
9367af86-0aad-4078-8ee6-e93fda201e5d,QHI,cônglập,HN,CN15,,,,True
d0c0430a-85e9-40fe-a393-6cc116fd6ca8,QHI,cônglập,HN,CN17,,,,True
89e6c6c2-d7f4-4539-8e93-6127356e58ed,QHI,cônglập,HN,CN18,,,,True
8dc0ffa5-690e-413f-8291-2ac542f1e2ae,QHI,cônglập,HN,CN19,,,,True
26ee6af8-dd3e-4e9b-9844-f85c7376cae5,QHI,cônglập,HN,CN2,,,,True
87047b8b-fd7e-4936-bc77-b39f09e6e0c7,QHI,cônglập,HN,CN20,,,,True
3bb62855-cdd7-4439-894a-71c7b1a995a5,QHI,cônglập,HN,CN21,,,,True
b7720dc8-5a71-4310-b9f0-4ab26aa5591a,QHI,cônglập,HN,CN3,,,,True
ff0e5f19-f906-4d70-8427-5ddc8aa50841,QHI,cônglập,HN,CN4,,,,True
c915086f-14fc-4f88-9aef-fda2a7dc5d0f,QHI,cônglập,HN,CN5,,,,True
90596e31-8bf0-41ca-be8b-8a3c8eafd3dc,QHI,cônglập,HN,CN6,,,,True
57b31043-352a-4f8f-bf30-92f1ba7c2ae6,QHI,cônglập,HN,CN7,,,,True
25e03c5e-bc40-491a-98d0-78b30ade26d9,QHI,cônglập,HN,CN8,,,,True
42ade561-9acc-413e-a1f1-01e16a3ad328,QHI,cônglập,HN,CN9,,,,True
e783f071-11eb-4091-aa80-d010ca74eaa8,QHI,cônglập,HN,CN16,,,,True
cb0a260a-b0b9-47ea-a035-10b418c384fe,QHE,cônglập,HN,7310101,,,,True
2618edf5-a7c7-451a-adef-8445191a4616,QHE,cônglập,HN,7310105,,,,True
5ca8e46f-fd02-4f2a-8794-96c6f2e3bffb,QHE,cônglập,HN,7310106,,,,True
2d503efc-e726-4ab4-866e-7ffee8838953,QHE,cônglập,HN,734010101,,,,True
9fa71cba-41ba-45ec-9eb8-0b8774aea85d,QHE,cônglập,HN,7340201,,,,True
6de3166d-216f-4862-bc76-57d9530a8a74,QHE,cônglập,HN,7340301,,,,True
ea0c0e11-96be-4439-88a4-34200022483a,QHE,cônglập,HN,7340101,,,,True
30453ecd-3137-49b7-8c89-58d953d5366f,QHX,cônglập,HN,QHX01,,,,True
facd1001-2a06-489a-946b-8c16f4c818b2,QHX,cônglập,HN,QHX02,,,,True
e496d98e-a7e0-408a-84d4-f7cf5a472dd2,QHX,cônglập,HN,QHX03,,,,True
2b61cbf5-88ad-460d-9a45-8d3507e67220,QHX,cônglập,HN,QHX04,,,,True
b2471333-e979-45ad-8dbd-45fa2cb0dc84,QHX,cônglập,HN,QHX05,,,,True
6d3d3f91-079d-4d4d-8e15-5cda86572037,QHX,cônglập,HN,QHX06,,,,True
dda0f99f-8ff5-48a0-8442-663ffa5a70f5,QHX,cônglập,HN,QHX07,,,,True
a4918559-fd8c-49a5-97bc-2170de84ee20,QHX,cônglập,HN,QHX08,,,,True
93cb0246-0551-4e0d-8281-f25b83a15eb5,QHX,cônglập,HN,QHX09,,,,True
dd532df2-7fd5-48c6-b7c7-ef7d34d8a452,QHX,cônglập,HN,QHX10,,,,True
6349ab68-976f-48e6-9e68-d46a1f61c637,QHX,cônglập,HN,QHX11,,,,True
85d270e3-478b-4af5-9457-e82690bc1b76,QHX,cônglập,HN,QHX12,,,,True
d802ddff-ba9c-43c9-ad1e-f7bcc631a123,QHX,cônglập,HN,QHX13,,,,True
74605969-a937-42fa-9421-02fa5f6e7c47,QHX,cônglập,HN,QHX14,,,,True
ec5c301b-9ac2-4c52-955c-d05c43f341f1,QHX,cônglập,HN,QHX15,,,,True
310879ff-f2fc-4a94-a4a6-661700266a76,QHX,cônglập,HN,QHX16,,,,True
451116b8-73a0-4834-972a-8c7b91ac0875,QHX,cônglập,HN,QHX17,,,,True
31257dd0-d05c-4c06-aae3-cb3da97bca1d,QHX,cônglập,HN,QHX18,,,,True
f119acfa-5f2d-44f6-b299-8ec1d68722d3,QHX,cônglập,HN,QHX19,,,,True
26911f34-3363-48e8-a0a1-c882f0ab4141,QHX,cônglập,HN,QHX20,,,,True
add1a897-4685-4246-9d22-e2080e5e58e7,QHX,cônglập,HN,QHX21,,,,True
2a20a4d0-2e7f-46fb-9053-2b24bfff7e1a,QHX,cônglập,HN,QHX22,,,,True
2debef24-9561-4c0f-84fa-99cf45ccbfcc,QHX,cônglập,HN,QHX23,,,,True
2803ab26-2662-453d-b39c-a6699bd52c10,QHX,cônglập,HN,QHX24,,,,True
f7732824-d668-4f2f-b600-81830f3cfe2c,QHX,cônglập,HN,QHX25,,,,True
ce351249-62e5-447e-b074-662cf2e8a6d4,QHX,cônglập,HN,QHX26,,,,True
6181495e-9ce6-4f3f-9cfb-59b4fddee147,QHX,cônglập,HN,QHX27,,,,True
de34ace9-95c3-4c01-8cb9-b3935f114039,QHX,cônglập,HN,QHX28,,,,True
6163a1b2-65ad-4184-8612-c7d1734fdf4b,QHL,cônglập,HN,7380101,,,,True
2bf368e3-f952-4dcc-984f-8dda856a0b3e,QHL,cônglập,HN,7380101CLC,,,,True
d7aa491b-4465-4b73-a3be-2a5bb8c4d476,QHL,cônglập,HN,7380109,,,,True
7a2a5d4b-2a14-4f0f-b0a0-05682e670497,QHL,cônglập,HN,7380110,,,,True
3cb2ea93-515d-4042-ada3-6238d2db517d,QHT,cônglập,HN,QHT01,,,,True
a7e0e233-0be9-4039-aebe-2d75b3cc8fa5,QHT,cônglập,HN,QHT02,,,,True
5ad5251b-2005-4a70-9c80-107defbc888d,QHT,cônglập,HN,QHT03,,,,True
ad0c7121-e007-4ea5-b69b-991bd5b1ec0d,QHT,cônglập,HN,QHT04,,,,True
58dc29d5-b2ff-41a2-b0ba-7db35538ed90,QHT,cônglập,HN,QHT05,,,,True
80ea9d9c-939c-4d92-9e0e-fffedced70ce,QHT,cônglập,HN,QHT06,,,,True
b36a9558-2625-44c6-a64a-9514af99321d,QHT,cônglập,HN,QHT07,,,,True
cab96044-2464-463e-8a94-205171b20375,QHT,cônglập,HN,QHT08,,,,True
ce273378-d03c-4af8-b8ea-5316158e819b,QHT,cônglập,HN,QHT09,,,,True
aff60a7a-1446-42b1-8d20-115b852fed5e,QHT,cônglập,HN,QHT10,,,,True
9addb8bc-6939-4fe2-85d9-36e6bc2272a3,QHT,cônglập,HN,QHT12,,,,True
b6624d85-6769-4020-93d0-8d5e4eae8a6c,QHT,cônglập,HN,QHT13,,,,True
97fbe91e-f460-4b8d-a6a8-266c60b49fce,QHT,cônglập,HN,QHT15,,,,True
6d488062-9c93-4ebf-b92f-1b3128585e4a,QHT,cônglập,HN,QHT16,,,,True
d7476a2b-a4b4-4c67-b3f1-eaa96fa64cdf,QHT,cônglập,HN,QHT17,,,,True
a106c147-a7aa-45bf-9f1f-9f46c8459332,QHT,cônglập,HN,QHT18,,,,True
b42e6ffb-a3f5-473c-9e06-cd8ac822f198,QHT,cônglập,HN,QHT20,,,,True
723782a3-29b9-4bf4-8cf3-137c61953c3d,QHT,cônglập,HN,QHT43,,,,True
a1284806-fc8d-47cf-a96d-5024bbf7a817,QHT,cônglập,HN,QHT81,,,,True
12ab55f9-ea3b-4af3-a831-fd81e38d481f,QHT,cônglập,HN,QHT82,,,,True
c4e4a4b5-8c80-4562-a2b1-a794a2d2ab3a,QHT,cônglập,HN,QHT91,,,,True
f7278268-9e9b-4df9-9337-012268215e86,QHT,cônglập,HN,QHT92,,,,True
f9e312c6-5da8-4a4c-8a0f-020431887d7f,QHT,cônglập,HN,QHT93,,,,True
fafda38b-217e-4df6-8381-fd8d150ac192,QHT,cônglập,HN,QHT94,,,,True
5b3e6998-936c-4ea6-a30f-46689c2fe241,QHT,cônglập,HN,QHT95,,,,True
6af94da0-60ee-4135-88d5-efc1207f4d02,QHT,cônglập,HN,QHT96,,,,True
2505c6f2-4667-46d9-83dc-5a5a796d3fee,QHT,cônglập,HN,QHT98,,,,True
b787b480-ad81-4f81-96f8-fb6f975bd39b,QHT,cônglập,HN,QHT99,,,,True
382c30a7-d355-4cd2-a0f0-3e24a139aefc,QHT,cônglập,HN,QHT97,,,,True
c513758d-752f-491c-9981-4f944e353b3f,QHQ,cônglập,HN,QHQ01,,,,True
f8aa90c4-9413-431a-9f1a-2f6d8aee4ed5,QHQ,cônglập,HN,QHQ02,,,,True
78b682f5-ab9c-4b4a-9818-563e1ab754a5,QHQ,cônglập,HN,QHQ03,,,,True
154b685a-8ffe-4fba-b892-f1d6535029a6,QHQ,cônglập,HN,QHQ04,,,,True
3750edb6-16ef-45d4-be72-c0b7835ee2c8,QHQ,cônglập,HN,QHQ05,,,,True
13b40ec6-6fee-4b22-9d99-31cfbc97f040,QHQ,cônglập,HN,QHQ06,,,,True
eb29bf10-70ba-48dc-99eb-fcf903f17783,QHQ,cônglập,HN,QHQ07,,,,True
7dfa1b38-90b5-42df-b138-d5bf4e9f8e5a,QHQ,cônglập,HN,QHQ08,,,,True
e12996e2-bfe3-427a-9cad-db07dd7e1d86,QHQ,cônglập,HN,QHQ09,,,,True
d933d1e7-d8c3-4a73-9931-c6c23b30c705,QHQ,cônglập,HN,QHQ10,,,,True
4f44e6f7-ea23-4f47-828e-bb8bcbf83c6c,QHQ,cônglập,HN,QHQ11,,,,True
7d9daf86-c876-4ac3-802d-5666aac367f6,QHQ,cônglập,HN,QHQ12,,,,True
0fad4bb5-cc2d-4be8-89c3-103c04655797,QHQ,cônglập,HN,QHQ13,,,,True
cf453136-6e26-4716-b0d4-5138ca0a387a,QHQ,cônglập,HN,QHQ14,,,,True
a6b04110-e8a5-4613-8268-192788657ea2,QHQ,cônglập,HN,7220201,,,,True
0719c6cc-876f-41de-8cfa-a00347e690ed,QHQ,cônglập,HN,7340108,,,,True
6f195026-1496-41aa-85d0-b25b29ae8feb,QHQ,cônglập,HN,7340115,,,,True
af21356f-c64e-4ee6-888e-72d0b02ea43a,QHQ,cônglập,HN,7340120,,,,True
4a2013b6-d067-48e7-93fd-fb796c28b654,QHQ,cônglập,HN,7340125,,,,True
42f80452-63df-4b61-84f7-cf3b8abebbf7,QHQ,cônglập,HN,7340303,,,,True
68ce226e-4245-48e1-92de-80ed4f7b6210,QHQ,cônglập,HN,7340405,,,,True
bd56fd22-fa97-44e1-89f6-a074439d17e4,QHQ,cônglập,HN,7480111,,,,True
54018f17-350d-48bf-9ac7-b5c7503039ed,QHQ,cônglập,HN,7480209,,,,True
70270f9b-d4a2-4210-ab56-24f27605c2db,QHQ,cônglập,HN,7480210,,,,True
0bac7810-6a16-4f20-af8d-b7000953e9b9,QHQ,cônglập,HN,7510306,,,,True
3e3520eb-149d-44e6-9a6e-0de2b5b848ce,QHQ,cônglập,HN,7520139,,,,True
9f41d02d-e22d-4e4f-a739-31656e2bda4a,QHF,cônglập,HN,7140231,,,,True
a5dbc07b-3310-4b4a-b209-08b07af44333,QHF,cônglập,HN,7140234,,,,True
5b850f3e-3e79-41a8-9c54-eacfebcbc817,QHF,cônglập,HN,7140236,,,,True
e3e2b83d-cdbd-428a-8b81-ca077b237889,QHF,cônglập,HN,7140237,,,,True
ffedcfb0-ad74-470e-ba06-4bf620c790a9,QHF,cônglập,HN,7220101,,,,True
fb0bb1f4-79b1-404a-9a3a-d7f64d2da6ac,QHF,cônglập,HN,7220201,,,,True
c8682d60-69f1-463b-a0df-94435d0364b6,QHF,cônglập,HN,7220202,,,,True
047d42f7-44f6-4d65-a172-eb9e07c2f34c,QHF,cônglập,HN,7220203,,,,True
b73a1eb6-51a4-46bf-837b-f3cf938b951d,QHF,cônglập,HN,7220204,,,,True
7a2b4285-862b-44bc-b860-5bca6df1596a,QHF,cônglập,HN,7220205,,,,True
9e51460b-91e3-4fc7-a57e-9e5df233622f,QHF,cônglập,HN,7220209,,,,True
897983e1-e285-490e-a54e-5f0e8abb77d6,QHF,cônglập,HN,7220210,,,,True
6fc3e5e1-0b18-41b3-94e0-026a7fb8e8e3,QHF,cônglập,HN,7220211,,,,True
4d4d0871-d78a-4871-ab9b-aa0bb8055373,QHF,cônglập,HN,7220212QTD,,,,True
43ab0e13-289d-4573-8ae4-6db8119e3048,QHF,cônglập,HN,7903124,,,,True
bb85f998-42af-46ff-8c3e-bbe3615387e9,QHF,cônglập,HN,7140235,,,,True
87bbc8dc-1174-485b-a21a-9023baa06eb4,QHY,cônglập,HN,7720101,,,,True
40ed7683-9c2d-4c63-ac96-c26d321199c2,QHY,cônglập,HN,7720201,,,,True
083c1128-78de-4c71-9323-48781ed43cb4,QHY,cônglập,HN,7720301,,,,True
385157d4-6eaf-435a-a582-d2bf22ef1ec3,QHY,cônglập,HN,7720501,,,,True
07e782bf-dd23-42ae-bb91-be1f23f53e0e,QHY,cônglập,HN,7720601,,,,True
6760f961-d8c7-42e7-839e-b414f28ef27e,QHY,cônglập,HN,7720602,,,,True
8913c463-3aee-4342-b453-95195a65c9bf,BKA,cônglập,HN,BF-E12,,,,True
c3994bce-7205-4a6a-9fb8-26b60edb1c9a,BKA,cônglập,HN,BF-E19,,,,True
7a9a40b2-80d9-4e2a-8be1-0a4ecd440fb1,BKA,cônglập,HN,BF1,,,,True
e1fb8593-e4d6-4cf1-a59c-ac601371e9a9,BKA,cônglập,HN,BF2,,,,True
a5154101-d936-40ac-8eeb-3d7119b0ada9,BKA,cônglập,HN,CH-E11,,,,True
b5b33d20-67a6-4653-b34c-7be0e1871a65,BKA,cônglập,HN,CH1,,,,True
27ef8160-79df-4e23-9d9b-22216d8f7582,BKA,cônglập,HN,CH2,,,,True
9b715a49-8030-4b1d-bc46-ab53f03fa59d,BKA,cônglập,HN,ED2,,,,True
78910d2e-87cd-49ee-be58-b26b7f2c63d0,BKA,cônglập,HN,ED3,,,,True
0bf3821e-87b8-466e-98a5-70ec1a700ae4,BKA,cônglập,HN,EE-E18,,,,True
71909bdc-8f83-4222-adaa-0db7d4f85edf,BKA,cônglập,HN,EE-E8,,,,True
c437a522-cf0e-45ef-b003-18572e63c400,BKA,cônglập,HN,EE-EP,,,,True
c7faf54a-3286-4f31-9aec-1e8f72b21ade,BKA,cônglập,HN,EE1,,,,True
aee1c2f4-b5ac-4dc2-8c5b-506c19de7aa8,BKA,cônglập,HN,EE2,,,,True
2053ac27-ac59-4fa9-8d38-396c44a3e582,BKA,cônglập,HN,EM-E13,,,,True
5c8b085f-81f6-4cda-b0ad-c1445d41ccbd,BKA,cônglập,HN,EM-E14,,,,True
a6563fc0-7096-4bc3-a512-f130d9eea2d6,BKA,cônglập,HN,EM1,,,,True
764e1040-b552-46f4-add7-09907876598e,BKA,cônglập,HN,EM2,,,,True
edae6ddb-69a1-45ae-879d-720c90b7570f,BKA,cônglập,HN,EM3,,,,True
b2cbcda9-3427-4b1e-8e97-3f359f8f3413,BKA,cônglập,HN,EM4,,,,True
382d3c4e-f17a-4e79-b164-956c160337c6,BKA,cônglập,HN,EM5,,,,True
c8b0a1eb-4145-4508-b080-9df254c686f4,BKA,cônglập,HN,ET-E16,,,,True
4f5d62b8-3016-49ea-ae9e-52e5246cec45,BKA,cônglập,HN,ET-E4,,,,True
b127c145-0b87-4881-b4b0-644d5ac3f77d,BKA,cônglập,HN,ET-E5,,,,True
7132af6f-da80-4af8-89d9-fa63f9d1fa57,BKA,cônglập,HN,ET-E9,,,,True
9bdbea2f-e212-4621-83d0-69a1ca88cf54,BKA,cônglập,HN,ET-LUH,,,,True
378bad43-47c4-4144-a0a3-3cb8039960fe,BKA,cônglập,HN,ET1,,,,True
e6d0a603-332a-4732-9357-674f90025bd1,BKA,cônglập,HN,ET2,,,,True
82d0f969-fffd-4756-a178-8e949678c2fb,BKA,cônglập,HN,EV1,,,,True
d0c00c82-bdb1-45a0-94b6-f49ee7e597fa,BKA,cônglập,HN,EV2,,,,True
503608a5-9b89-4757-985a-1d461ef7a5df,BKA,cônglập,HN,FL1,,,,True
d744a179-5790-40fa-932b-f294badef4cb,BKA,cônglập,HN,FL2,,,,True
0de3e846-91a6-4c6d-8ff2-6c6992628f0c,BKA,cônglập,HN,FL3,,,,True
a310ce5e-3cad-4547-a154-61a84db6e8fc,BKA,cônglập,HN,HE1,,,,True
191fefcd-3d5d-430f-af36-672bb67700c8,BKA,cônglập,HN,IT-E10,,,,True
d8caaf4b-55ed-44c8-9253-f95e64d78284,BKA,cônglập,HN,IT-E15,,,,True
00ee92ad-9b6c-45e1-ac67-47e6f522e86b,BKA,cônglập,HN,IT-E6,,,,True
86b47499-c8c6-459c-b135-5527ab72e95a,BKA,cônglập,HN,IT-E7,,,,True
0f4241fe-04ac-4001-a971-b46fe7e63d3e,BKA,cônglập,HN,IT-EP,,,,True
c29a930c-ce68-42df-9a59-8a6ba9e599d0,BKA,cônglập,HN,IT1,,,,True
e6bdb913-2f3e-436f-b9b3-3e762d3ede7a,BKA,cônglập,HN,IT2,,,,True
b00d60e7-6cb1-481a-9d15-e26e69d51ca6,BKA,cônglập,HN,ME-E1,,,,True
18bb1ccd-d758-4537-a23d-be63fea3b9b1,BKA,cônglập,HN,ME-GU,,,,True
469ad2a7-f763-4806-88fc-aa6047f1c9bb,BKA,cônglập,HN,ME-LUH,,,,True
14de8965-8042-44b0-9ed0-62f1ef69d4cf,BKA,cônglập,HN,ME-NUT,,,,True
c9eea04b-0a84-4f41-b1bc-f2897ac8b8bc,BKA,cônglập,HN,ME1,,,,True
7849edcb-58f0-44e0-8b56-6f68c564a145,BKA,cônglập,HN,ME2,,,,True
1feb834c-c725-4c4e-ace7-1cd3d4770256,BKA,cônglập,HN,MI1,,,,True
4e6966f8-f10c-48af-a02f-d658b150e196,BKA,cônglập,HN,MI2,,,,True
df645b70-ec7f-4093-a29b-dd93631f854b,BKA,cônglập,HN,MS-E3,,,,True
83148024-8df2-466c-aa92-1267829b221a,BKA,cônglập,HN,MS1,,,,True
201ac39f-ff8e-4368-a6f9-1528b1f9179b,BKA,cônglập,HN,MS2,,,,True
22521d64-7b4b-4312-8453-29c97da06510,BKA,cônglập,HN,MS3,,,,True
10a09b22-508f-4747-a053-89b8f5fb7660,BKA,cônglập,HN,MS5,,,,True
44f28c20-5cbd-4fd8-9e62-05df720ab065,BKA,cônglập,HN,PH1,,,,True
84a31083-e504-4a17-9279-894b9ad8d09a,BKA,cônglập,HN,PH2,,,,True
d07ae912-330d-4895-b304-6a937cc0ff63,BKA,cônglập,HN,PH3,,,,True
bf9c59d0-e316-4c59-8be9-87cf7cf7ffaf,BKA,cônglập,HN,TE-E2,,,,True
c8b464d1-388e-4503-bba7-0fa3625a587e,BKA,cônglập,HN,TE-EP,,,,True
8debcc17-1b93-4c2b-b311-903cc71edd8d,BKA,cônglập,HN,TE1,,,,True
9b102a9c-46cf-429b-991e-490111d50b4e,BKA,cônglập,HN,TE2,,,,True
08ca04ee-a6f8-4fd9-a38f-5c5b2ebe8a43,BKA,cônglập,HN,TE3,,,,True
1fa790ae-80bc-4d3d-ac81-6b7bbd8e850d,BKA,cônglập,HN,TROY-BA,,,,True
605b195b-6fc8-41d6-8564-4a2345846ffd,BKA,cônglập,HN,TROY-IT,,,,True
5f7f02ac-3770-4857-8554-6954d496d9c2,BKA,cônglập,HN,TX1,,,,True
c94618bc-f3b0-46da-815a-e5f306dbdfb3,BKA,cônglập,HN,CH3,,,,True
c0b1e181-8f52-4353-9516-82eadae6517f,NTH,cônglập,HN,KDQH1.1,,,,True
bae416f9-1775-48b5-82f2-d692aa64e566,NTH,cônglập,HN,KDQH2.1,,,,True
200f4bfb-7565-4831-8d00-51456773e127,NTH,cônglập,HN,KDQH2.2,,,,True
504bc0dc-a6cc-45f1-b7d8-ca3bd9d9fa99,NTH,cônglập,HN,KDQH2.3,,,,True
c52105e0-f845-4b40-9bb8-6c455eabea73,NTH,cônglập,HN,KDQH2.4,,,,True
72b1f8a8-acae-4136-bf36-e866f91e1ad7,NTH,cônglập,HN,KDQH4.1,,,,True
e2c2c989-ec77-486f-a7e1-62f9ec4091dc,NTH,cônglập,HN,KHMH2 .1,,,,True
81d5a37b-8fdd-4ae2-b593-69c5e8c623c1,NTH,cônglập,HN,KTCH2.1,,,,True
08e1e58e-6c7c-4151-967c-2b53e7f252e1,NTH,cônglập,HN,KTEH1.1,,,,True
e3e6ee13-81ff-4ed0-a699-234283889659,NTH,cônglập,HN,KTEH2.1,,,,True
c007c35d-9177-4531-8bc0-c221a2e6eea5,NTH,cônglập,HN,KTEH4.1,,,,True
585e65f9-0436-481b-a1ed-92d3616b4b5b,NTH,cônglập,HN,KTKH1.1,,,,True
88d73d9d-b0d3-4cff-a0aa-536f39ce4c19,NTH,cônglập,HN,KTKH2.1,,,,True
414e9e67-84a6-41a0-aaa3-75e9271b58b9,NTH,cônglập,HN,KTQH.1,,,,True
e90c9096-6e78-4fdd-acdf-ea0e413e53b8,NTH,cônglập,HN,KTQH2.1,,,,True
99cdf8df-24db-4f79-a029-f5b67057761b,NTH,cônglập,HN,LAWH1.1,,,,True
bab05594-c24b-4757-a830-0f2d531dcf28,NTH,cônglập,HN,LAWH2.1,,,,True
88ca4876-d85b-4f45-b10c-46150bf7d35c,NTH,cônglập,HN,MKTH2.1,,,,True
4ae3d9b1-6afb-44af-b2d6-3f6991c35c41,NTH,cônglập,HN,NNAH1.1,,,,True
0aa67026-831d-4b1a-9a8a-f0fe2413415e,NTH,cônglập,HN,NNAH2.1,,,,True
e3521cc8-ab1d-4ce2-a1f8-2219fb1c0461,NTH,cônglập,HN,NNNH1.1,,,,True
87f536c6-e52c-41c5-b823-4998c2b92dab,NTH,cônglập,HN,NNNH2.1,,,,True
159f2aef-8492-4ef6-bfb8-33ea5afdd23b,NTH,cônglập,HN,NNPH1.1,,,,True
5c1340cd-71ee-4424-9f3a-c4143c617f63,NTH,cônglập,HN,NNTH1.1,,,,True
e133e703-8346-48c7-be6e-8b2be33f2f3e,NTH,cônglập,HN,NNTH2.1,,,,True
b55c1d85-219f-4582-a932-c390c1c9bdec,NTH,cônglập,HN,QKSH2.1,,,,True
343e27ad-ac1e-4008-a826-89c351666ea5,NTH,cônglập,HN,QTKH1.1,,,,True
ade64f29-4d57-429f-b0d2-f5526a6341eb,NTH,cônglập,HN,QTKH2.1,,,,True
610d022e-1eb6-42e1-946e-dc72a77ce0f7,NTH,cônglập,HN,QTKH4.1,,,,True
90b3dee7-b878-4439-8981-6542e741f941,NTH,cônglập,HN,TCHH1.1,,,,True
f78a84a4-4dfe-4a3e-86cb-81b51a53f16a,NTH,cônglập,HN,TCHH2.1,,,,True
5b2b8ec1-6669-41af-b201-2486f9e3e760,NTH,cônglập,HN,TCHH4.1,,,,True
a65bf77b-699d-4147-94d3-f4faeffa0916,NTH,cônglập,HN,KHMH2.1,,,,True
4ff1d955-8848-472c-b021-6770cce021d7,NTH,cônglập,HN,KTEH1.2,,,,True
93ef09aa-4812-4c24-b24c-5f1be5175a25,NTH,cônglập,HN,KTKQ1.1,,,,True
7595e4ed-52c3-4304-af8f-d100aee379c5,NTH,cônglập,HN,KTQH1.1,,,,True
a0b9b446-3f43-4089-b639-0fc3d902f3f8,NTH,cônglập,HN,KTQH1.2,,,,True
efd9a992-0bf8-4524-b363-38ee95a8edd9,NTH,cônglập,HN,NNPH2.1,,,,True
f611aea2-ddfb-4182-934c-2df2054ba5d1,NTH,cônglập,HN,NTH01-01,,,,True
ae06c49e-e59d-4ced-a716-ed63c322ea7f,NTH,cônglập,HN,NTH01-02,,,,True
a1eaac15-00bc-4baf-9556-f8a0c5c2afae,NTH,cônglập,HN,NTH02,,,,True
ac5a9348-b124-4e40-903f-4c62dd55846e,NTH,cônglập,HN,NTH03,,,,True
b6f7d232-20e9-4148-9b71-4c85e55db7d9,NTH,cônglập,HN,NTH04,,,,True
aee8483b-bd75-4dd8-976a-b68f59c01b79,NTH,cônglập,HN,NTH05,,,,True
641cb2d9-c455-4310-b2f4-0def6afcb882,NTH,cônglập,HN,NTH06,,,,True
6a385597-e727-48df-bb07-641f81c413ae,NTH,cônglập,HN,NTH07,,,,True
cf2857d9-bd78-4dea-a5a2-71326f3c08ce,NTH,cônglập,HN,NTH09,,,,True
6a50a4c0-5e53-41cc-bf61-08bd5b42c3fa,NTH,cônglập,HN,NTH10,,,,True
be4c4d5f-6ee8-46a7-ad07-cf5c44b2c402,NTH,cônglập,HN,TCHH1.2,,,,True
a59e5997-379e-4c67-8659-1905bc626fc7,NTH,cônglập,HN,TCHH1.3,,,,True
4e5be35f-f78c-44b3-9a8b-f7367928d6b9,NTH,cônglập,HN,KDQQ1.1,,,,True
7c90345e-9bee-4545-9d90-162616fc7398,TMU,cônglập,HN,TM01,,,,True
041b38a4-2209-4bde-82d1-3ac0d875fe53,TMU,cônglập,HN,TM02,,,,True
b94822f1-81d6-4513-b8ed-c8ea6034c1d8,TMU,cônglập,HN,TM03,,,,True
27456558-5d4a-4709-b407-f6e1746ef539,TMU,cônglập,HN,TM04,,,,True
f7c8e1ec-3fd8-4d0a-92d7-220a377e2899,TMU,cônglập,HN,TM05,,,,True
f4d2eaab-65c1-4d32-a25b-bb5d07d7f323,TMU,cônglập,HN,TM06,,,,True
2a32b6ac-97c0-4850-a381-6043007d0989,TMU,cônglập,HN,TM07,,,,True
305dc1e8-426a-4300-8e6d-979cebc184f0,TMU,cônglập,HN,TM08,,,,True
9d620179-2f71-4349-9dd9-040549722e76,TMU,cônglập,HN,TM09,,,,True
92c55b85-932e-4e75-a74d-3381e7d7de20,TMU,cônglập,HN,TM10,,,,True
b5eb06f3-92c9-49b6-8f68-8767bc54cb68,TMU,cônglập,HN,TM11,,,,True
2fdd3293-d7a2-4682-80b7-6ee06e55883f,TMU,cônglập,HN,TM12,,,,True
7bc14de5-0dcb-40f8-8d5c-0e1056805b56,TMU,cônglập,HN,TM13,,,,True
ceb3d286-5ee4-48bc-b021-268bf64316b8,TMU,cônglập,HN,TM14,,,,True
b18c6c03-be08-440c-8a8e-4f8c148c13cf,TMU,cônglập,HN,TM15,,,,True
88cbd562-6221-451c-b4a4-4115598e6846,TMU,cônglập,HN,TM16,,,,True
624a258b-8b71-4589-8443-1e556e5738fd,TMU,cônglập,HN,TM17,,,,True
7a6b8f48-c342-4dd1-a22b-9bc2f5db2468,TMU,cônglập,HN,TM18,,,,True
7fb02e68-1f06-48d6-859f-fc32560c6fa6,TMU,cônglập,HN,TM19,,,,True
2289dc6e-18a2-4693-9af9-f515466f1044,TMU,cônglập,HN,TM20,,,,True
b44e0cb7-f542-49b0-a4a5-00f3222aac7e,TMU,cônglập,HN,TM21,,,,True
982cef12-6e26-4536-a53d-157f72ef1769,TMU,cônglập,HN,TM22,,,,True
44c07be2-3e57-4bd3-8710-1577aeb4431a,TMU,cônglập,HN,TM23,,,,True
a2a0c8dd-256d-419a-b371-b426cac65a02,TMU,cônglập,HN,TM24,,,,True
09a5663a-6692-4c03-bab4-52819f4d3311,TMU,cônglập,HN,TM25,,,,True
42f654dc-1f64-4846-937e-7b3c74e02d9f,TMU,cônglập,HN,TM26,,,,True
1fa6b80f-5a76-4fb1-868b-a244ed0f6800,TMU,cônglập,HN,TM27,,,,True
d6b7fb28-f3a5-4a0d-9e76-3d9f375a1ee3,TMU,cônglập,HN,TM28,,,,True
8cdbb3d2-7a8e-460d-bf68-4658b300ff5c,TMU,cônglập,HN,TM29,,,,True
6b766c9c-e33d-4cab-852c-a5f33f98293b,TMU,cônglập,HN,TM30,,,,True
38678f45-c81d-4680-a207-7c03504e7658,TMU,cônglập,HN,TM31,,,,True
dfa0c354-4e60-41ff-9762-9732f5acb16a,TMU,cônglập,HN,TM32,,,,True
52fd1547-9a5a-4969-9449-78881cc61e8c,TMU,cônglập,HN,TM33,,,,True
d85bf243-91b1-4985-baf9-7c5e262cdcd7,TMU,cônglập,HN,TM34,,,,True
a7d3390f-7ff6-4d3e-9824-ffc2374b98ad,TMU,cônglập,HN,TM35,,,,True
ec01bc52-c7f7-4b46-9e80-c6b8b9fd87af,TMU,cônglập,HN,TM36,,,,True
5e00d67f-37bf-40bd-9ff7-dc2021e9c853,TMU,cônglập,HN,TM37,,,,True
baa33ca9-7084-48fe-9329-484d56773a75,TMU,cônglập,HN,TM38,,,,True
ed7fb8a3-1ba6-44af-b2b9-53d3b40d9c4c,TMU,cônglập,HN,TM39,,,,True
9c0e5981-8811-44df-ab73-20ea4baa8536,TMU,cônglập,HN,TM40,,,,True
aa260bda-e41d-475d-a0d1-67fcbf2bdc02,TMU,cônglập,HN,TM41,,,,True
0fe26db4-5aac-40bc-a41f-729aacc97d0e,TMU,cônglập,HN,TM42,,,,True
84551197-4db2-47d7-b0f0-23f4fa9687a5,TMU,cônglập,HN,TM43,,,,True
10031a57-56af-422a-97d9-0ada79c66d88,TMU,cônglập,HN,TM44,,,,True
7b07e2f4-8f47-462c-9dea-08df3675e33d,TMU,cônglập,HN,TM45,,,,True
10079c04-de7d-49bc-ac71-6d1612b7c4f3,NHF,cônglập,HN,7220201,,,,True
2b6c8b77-6c8e-418b-8713-db63e1158082,NHF,cônglập,HN,7220201 TT,,,,True
23111dbe-2ea3-4d04-bc6b-799aba5f304f,NHF,cônglập,HN,7220202,,,,True
55113af5-177b-4e66-ac2f-ed94c4b9f803,NHF,cônglập,HN,7220203,,,,True
5c266be6-e7a0-472a-8a98-35ca1124ec61,NHF,cônglập,HN,7220204,,,,True
727cf826-9ebc-4a22-bc17-0154a6a8574e,NHF,cônglập,HN,7220204 TT,,,,True
5e967dbb-2938-4b11-806b-a70f0535cff3,NHF,cônglập,HN,7220205,,,,True
df31cbe7-c82b-4412-b694-ca8de19ce86a,NHF,cônglập,HN,7220206,,,,True
0214312c-1c19-4402-9f4f-38c1125c54a7,NHF,cônglập,HN,7220207,,,,True
d7cc14d0-768d-4d37-8e51-57e47b0b87ed,NHF,cônglập,HN,7220208,,,,True
ce68f1d9-69f6-48bd-b424-af0d2a6f743d,NHF,cônglập,HN,7220208 TT,,,,True
eb09c057-e37e-4371-a58d-07975bf16693,NHF,cônglập,HN,7220209,,,,True
bb93a9ea-7c96-4e33-aba4-2188237ab412,NHF,cônglập,HN,7220210,,,,True
9b18b8da-1b3a-40a8-beaa-292cfa5a422a,NHF,cônglập,HN,7220210 TT,,,,True
f94a973f-bd11-444c-a902-855cc158385d,NHF,cônglập,HN,7310111,,,,True
bd0f0d3e-eceb-478b-a837-dc2efeb57a23,NHF,cônglập,HN,7310601,,,,True
c5cc0bd1-5adb-43af-8d28-b726c1ad304c,NHF,cônglập,HN,7320104,,,,True
bf75caeb-0fd2-4406-aefe-fc4f301e5f62,NHF,cônglập,HN,7320109,,,,True
eaf1b485-c8c7-4a80-8964-c380c8926930,NHF,cônglập,HN,7340101,,,,True
4dd66cbb-8fe8-43f6-bd9d-854e5223824c,NHF,cônglập,HN,7340115,,,,True
df020b17-891f-424b-87ea-3ffa0d076a47,NHF,cônglập,HN,7340201,,,,True
e190239d-6920-46fc-a726-bbdb2684fe1e,NHF,cônglập,HN,7340205,,,,True
7a196122-51da-4957-8894-3e7ff8553006,NHF,cônglập,HN,7340301,,,,True
047edae6-ab4e-467d-ad72-9e769ea765f0,NHF,cônglập,HN,7480201,,,,True
a99bf6d3-9b61-4277-a97a-a68bcc9a69bf,NHF,cônglập,HN,7480201 TT,,,,True
68b56b9c-a6a9-45e4-9682-fadcfbec64a7,NHF,cônglập,HN,7810103,,,,True
1d5b9e33-9049-485b-96a2-614bf9b90b69,NHF,cônglập,HN,7810103 TT,,,,True
6c3b8110-aeaf-47ee-a6b7-56eb2857733d,NHF,cônglập,HN,7220201 TT,TT,,,True
dc449beb-7b9b-4381-98dd-e395b6009ce9,NHF,cônglập,HN,7220204 CLC,CLC,,,True
76ee3099-6765-43a3-9892-22685f1c60f3,NHF,cônglập,HN,7220208 CLC,,,,True
6678a572-33f2-49af-a2e4-4ae656e45315,NHF,cônglập,HN,7480201 CLC,,,,True
b72faaca-cbea-4f6f-a568-f446ab713717,NHF,cônglập,HN,7810103 CLC,,,,True
5b8eab06-299e-44fe-853b-f3fc5f43787d,GHA,cônglập,HN,7220201,,,,True
3a67a082-891f-413a-b958-949b8e4005ca,GHA,cônglập,HN,7310101,,,,True
5be1385a-ab2e-4a64-9425-2b6e5953d01b,GHA,cônglập,HN,7340101,,,,True
46e23ef3-271d-4b71-9fab-f64a0c001715,GHA,cônglập,HN,7340101 QT,,,,True
d4144a75-3c5d-43d6-968f-78fc961c5719,GHA,cônglập,HN,7340201,,,,True
a0da1da8-7549-441b-8c18-987d0fe929d6,GHA,cônglập,HN,7340301,,,,True
dbe1b9e7-ed16-412b-8f5b-545b2dbac601,GHA,cônglập,HN,7340301 QT,,,,True
cf548e66-a688-49be-bfe1-1936b18b7392,GHA,cônglập,HN,7460112,,,,True
e3b898e9-f015-4cc4-99e2-cbb00d10d93f,GHA,cônglập,HN,7480101,,,,True
dd7da0e8-8904-4ed7-9911-279862761c02,GHA,cônglập,HN,7480106,,,,True
8ba3dbf7-55b6-4967-9258-966f1c205b56,GHA,cônglập,HN,7480201,,,,True
a1507bd2-4d66-418c-a56a-e5e8e8ae1497,GHA,cônglập,HN,7480201 QT,,,,True
1b3b4c08-983b-4682-896b-d97e79c8e0c8,GHA,cônglập,HN,7510605,,,,True
709cf9c2-a144-49ed-bb4c-6df4cc582c0f,GHA,cônglập,HN,7520103,,,,True
7763efe4-8537-4a3f-a2eb-50c56d7ee88f,GHA,cônglập,HN,7520103 QT,,,,True
684dc531-509e-49c5-91a5-25f32dd52ef2,GHA,cônglập,HN,7520107,,,,True
d21bee57-9d72-487b-9bde-99ec9f2b09fa,GHA,cônglập,HN,7520114,,,,True
955bb6c3-e978-40da-abf8-55be8cdd282e,GHA,cônglập,HN,7520115,,,,True
78f42292-9895-4c05-9cc1-03fddeb31fde,GHA,cônglập,HN,7520116,,,,True
23422b2a-c096-4e68-805d-c321a0987d04,GHA,cônglập,HN,7520116 DS,,,,True
b061207c-2524-45dc-9c28-00da80e0d49e,GHA,cônglập,HN,7520130,,,,True
b5f502a7-12ac-4d00-9e30-68d818f76dc1,GHA,cônglập,HN,7520201,,,,True
691be0e7-e8dc-47a3-95c4-2629abda38ad,GHA,cônglập,HN,7520201 DS,,,,True
0d5d4c40-622a-4bb2-a9e1-32a1fcc34459,GHA,cônglập,HN,7520207,,,,True
c91865a0-c94e-47c0-9717-53e90548f003,GHA,cônglập,HN,7520216,,,,True
3cb8ac48-9f85-47f2-93df-e658c8c1ae07,GHA,cônglập,HN,7520216 DS,,,,True
11e076ff-c98b-4295-b044-b2f618c040f3,GHA,cônglập,HN,7520216-GTTM,,,,True
056fa6fc-71e0-4b81-8ded-056690c45477,GHA,cônglập,HN,7520320,,,,True
ba53b47d-fe9d-416d-99fc-e61de3179693,GHA,cônglập,HN,7580101,,,,True
232f8124-f21a-474e-ba6f-2545b624d7a4,GHA,cônglập,HN,7580106,,,,True
77920252-ad60-464f-818c-7adfb1f9797a,GHA,cônglập,HN,7580201,,,,True
f09eb5c8-929c-43a3-8d91-08d7026bdf6e,GHA,cônglập,HN,7580201 QT,,,,True
f89075a6-2f1f-452e-ba65-dc8074faf174,GHA,cônglập,HN,7580202,,,,True
5808e296-827a-4aa8-9830-378304b361e3,GHA,cônglập,HN,7580205,,,,True
3f38adfc-9fa3-4fef-9d5a-bcacce958e3b,GHA,cônglập,HN,7580205 DS,,,,True
61152cc5-7f2e-4186-8e22-dc7b0a5cb0b7,GHA,cônglập,HN,7580205 QT1,,,,True
7bb3151b-3a84-4bc6-b855-5e379cad2258,GHA,cônglập,HN,7580205 QT2,,,,True
3c7272ea-84a5-4032-a406-d2aa040bf6c3,GHA,cônglập,HN,7580205 QT3,,,,True
04c6bb30-ab7e-4744-9b03-2c819c33d406,GHA,cônglập,HN,7580210,,,,True
cc159fc5-00e9-4a40-aedc-e9cc7e9a0384,GHA,cônglập,HN,7580215,,,,True
8bc07447-24bd-47d7-b83d-8e620eb6aa26,GHA,cônglập,HN,7580301,,,,True
fa01cb50-3215-46d1-b731-d01bc5dae6be,GHA,cônglập,HN,7580301 QT,,,,True
74763ae5-62ae-4bc8-a959-78c8334bb0b2,GHA,cônglập,HN,7580302,,,,True
4725176a-538f-4b04-9cb4-7f31ec5739de,GHA,cônglập,HN,7580302 QT,,,,True
8988f62b-e17e-4a23-abf7-9b481918a730,GHA,cônglập,HN,7810103,,,,True
6d83fa1b-1786-4784-aaec-ebcf5f513f11,GHA,cônglập,HN,7840101,,,,True
8fd660df-79e0-4fde-98c7-021e04911f83,GHA,cônglập,HN,7840101 DS,,,,True
a7cf34e7-d250-4ac2-8816-ff24ce26b943,GHA,cônglập,HN,7840104,,,,True
14773a48-970a-4a44-9343-9ebfc6691404,GHA,cônglập,HN,7520218,,,,True
e8747819-7a38-47ac-82fb-26367c9634d7,GHA,cônglập,HN,7520219,,,,True
8a187f71-7d6d-40e2-87f6-2b6a4d857d29,GHA,cônglập,HN,7580205 QT,,,,True
7caf9583-c03b-4575-9465-c550bf4591d8,GHA,cônglập,HN,7340101QT,,,,True
e745e32e-fd95-4ac9-81fd-132f49c926ac,GHA,cônglập,HN,7340301QT,,,,True
912e5c1d-e220-4958-90e3-a6ab1c0c745a,GHA,cônglập,HN,7480201QT,,,,True
44d44289-5277-403b-bf2b-b4dad5bf80d1,GHA,cônglập,HN,7510104,,,,True
14d7c4cf-87eb-4469-a875-8c89411935c8,GHA,cônglập,HN,7520103QT,,,,True
5918adb5-e156-41b6-b5e3-c723aa7795e1,GHA,cônglập,HN,7580201QT,,,,True
668b300a-f4f8-43e9-8f2a-5c6174ae0d92,GHA,cônglập,HN,7580205QT,,,,True
128e8e54-b62a-49ec-8583-c6f2215d4808,GHA,cônglập,HN,7580301QT,,,,True
3830cf75-70c2-4029-8d42-9f8a2aaaa0ed,GHA,cônglập,HN,7580302QT,,,,True
6d57d9e4-06bb-4011-a7f7-91550ff068db,GHA,cônglập,HN,7340101 LK,,,,True
74fab0d5-46e4-4bed-9d74-d774c860796e,GHA,cônglập,HN,7580205 LK,,,,True
a0a39830-06e5-4484-b527-189b43560af4,GHA,cônglập,HN,7580302 LK,,,,True
64d15f54-dae6-41ea-b72e-f646e1771e56,GHA,cônglập,HN,7340101LK,,,,True
88274ad4-72a6-4c0f-8c39-8fd938e08bcd,GHA,cônglập,HN,7340110QT,,,,True
10c40111-cd07-4c29-8245-0307239ee244,GHA,cônglập,HN,7580302LK,,,,True
0399af35-9cc2-4015-867d-286fe6995beb,DCN,cônglập,HN,7210404,,,,True
2014a3f3-ffb1-4912-9e89-c4eb9dadac4e,DCN,cônglập,HN,7220201,,,,True
ace24dc6-88a2-4d11-ad65-a3b24aaa077d,DCN,cônglập,HN,7220204,,,,True
c03414d2-eb47-4195-8a3c-5017b4e38a2a,DCN,cônglập,HN,7220204LK,,,,True
5c8a3281-f652-4750-a73e-a07ca2d579df,DCN,cônglập,HN,7220209,,,,True
d3f2f190-4a21-4810-8dff-b70ea6b91056,DCN,cônglập,HN,7220210,,,,True
ef529d2b-a974-465f-91e6-b39e2a233112,DCN,cônglập,HN,7229020,,,,True
0aebf22d-95a9-40b3-b6a4-c8e231d4f864,DCN,cônglập,HN,7310104,,,,True
0408fecd-5284-49ce-bcb0-0f0f3758764e,DCN,cônglập,HN,7310612,,,,True
86511232-51fe-45eb-9f8b-2971c46f721f,DCN,cônglập,HN,7340101,,,,True
36e732d5-c463-4d80-9100-2c58042e2e20,DCN,cônglập,HN,73401012,,,,True
4e127eef-f0a6-4163-9057-e039c64abc63,DCN,cônglập,HN,7340115,,,,True
30e218c9-b449-4db8-af81-7cc4a615b207,DCN,cônglập,HN,7340201,,,,True
79c86771-bd26-4c38-ba9a-a08bfbdc4354,DCN,cônglập,HN,7340301,,,,True
32f7249a-8987-4364-91ac-e8ebf42ac11a,DCN,cônglập,HN,7340301TA,,,,True
d631e736-c80f-4a79-aeba-b2027af32041,DCN,cônglập,HN,7340302,,,,True
cefa5b8c-fd70-4b07-81aa-aa09558ddad6,DCN,cônglập,HN,7340404,,,,True
ad7a2352-a230-4701-b206-02b00a06e790,DCN,cônglập,HN,7340406,,,,True
dd6990d2-d5c1-44cc-9894-b4c0368dacae,DCN,cônglập,HN,7480101,,,,True
b971f2f9-a197-4270-b619-eec19b407ba8,DCN,cônglập,HN,7480101TA,,,,True
613bc041-1ca9-4e92-b1ff-76d8a267623a,DCN,cônglập,HN,7480102,,,,True
b7c2b792-6728-4bcf-b06d-ab4dd62200c7,DCN,cônglập,HN,7480103,,,,True
913774ee-505f-4796-b7f9-47edfaa44958,DCN,cônglập,HN,7480104,,,,True
cec4c95b-7c36-43ed-a9a2-a3506b886f6d,DCN,cônglập,HN,7480108,,,,True
3e3cd3c1-2720-438f-9b15-6777474808e6,DCN,cônglập,HN,7480201,,,,True
636a2f97-aef3-4e2e-bfa2-1714e983b626,DCN,cônglập,HN,74802012,,,,True
3912a69d-a332-469e-848a-17f8eb55d3f6,DCN,cônglập,HN,74802021,,,,True
bab8af54-02ec-4426-8394-43b19c3da91e,DCN,cônglập,HN,7510201,,,,True
9af87f8e-edf1-4262-b72c-22bb4c0f3cd4,DCN,cônglập,HN,75102012,,,,True
3184a250-d5f6-4eef-a5ca-08b13a9b96fb,DCN,cônglập,HN,75102013,,,,True
7a4b9db6-e596-40cc-97e2-0b0b28f625e3,DCN,cônglập,HN,7510201TA,,,,True
b9087516-7f85-4886-a560-b742a94bbc84,DCN,cônglập,HN,7510203,,,,True
a96b47c7-4e23-46da-8d0c-8053315c75fb,DCN,cônglập,HN,75102032,,,,True
d20fab35-461e-4f81-81d6-a295dbda24f0,DCN,cônglập,HN,75102033,,,,True
47d70296-cdc3-40d4-982f-3719f7a4efad,DCN,cônglập,HN,7510205,,,,True
fffd412f-512e-4811-9218-f49d4de7d199,DCN,cônglập,HN,7510205TA,,,,True
21ac7664-6d2a-4ea6-880e-0e90cb78d1e7,DCN,cônglập,HN,7510206,,,,True
92c5c1ce-4f2a-4e57-91dd-56faec0404cb,DCN,cônglập,HN,7510301,,,,True
16c34957-e816-497f-ac5d-9b6b20039d84,DCN,cônglập,HN,7510301TA,,,,True
7d621497-77b3-46ab-8984-365bf1c27dd5,DCN,cônglập,HN,7510302,,,,True
1ed78f74-7085-41ff-bff2-95921c889d0c,DCN,cônglập,HN,75103021,,,,True
7cd378cb-bd41-4757-8c23-ddd584942a11,DCN,cônglập,HN,7510302TA,,,,True
484b96fb-ec10-4151-aff1-ae83ec44d12a,DCN,cônglập,HN,7510303,,,,True
330bb94b-12c4-41dc-9237-954cd63e62ea,DCN,cônglập,HN,75103031,,,,True
761f739b-5407-44a0-9dfb-41c73e8f5e60,DCN,cônglập,HN,7510401,,,,True
902da9c4-05e2-4b09-9648-e08ef7bd1f0b,DCN,cônglập,HN,7510406,,,,True
942bfde3-ad69-4e9e-b525-e50575bd8e7c,DCN,cônglập,HN,7510605,,,,True
23eafc65-bb27-4d5d-be16-a6713782d64b,DCN,cônglập,HN,75190071,,,,True
9cd53134-0149-48e4-a597-51971812f0d3,DCN,cônglập,HN,7520116,,,,True
05636636-148a-4ead-b0a1-0a60dd809b03,DCN,cônglập,HN,7520118,,,,True
a98e5f22-0ab1-46a0-b325-50f769d9aeda,DCN,cônglập,HN,7540101,,,,True
f40aa722-53e6-4f57-abd1-68721fa16c59,DCN,cônglập,HN,7540203,,,,True
f4bf304b-4893-4078-a6f6-216485f19a2b,DCN,cônglập,HN,7540204,,,,True
384039e5-e0be-4dd4-87bf-5244e78291b4,DCN,cônglập,HN,7720203,,,,True
10810c1a-ea51-431d-acd8-29e2798717bb,DCN,cônglập,HN,7810101,,,,True
48c3a260-3abc-4998-8e32-89a88ead6aae,DCN,cônglập,HN,7810101TA,,,,True
faad3403-cb2d-4876-aad9-178d03cf21ef,DCN,cônglập,HN,7810103,,,,True
24b99059-8c92-44fe-bc7e-be3629864e7c,DCN,cônglập,HN,7810103TA,,,,True
0ff51ec8-f9ce-40e2-8d38-37e7a38ff38f,DCN,cônglập,HN,7810201,,,,True
719a48b7-18ba-469d-83c1-feba19f43606,DCN,cônglập,HN,7810201TA,,,,True
5039ab92-b2c5-48c7-88b8-115b51257324,DCN,cônglập,HN,7810202,,,,True
8f92a89b-bc0e-48bc-aace-185f5e731842,DCN,cônglập,HN,7810202TA,,,,True
55cbd599-2cca-4511-8518-610b24777629,DCN,cônglập,HN,7320113,,,,True
d58fe3e5-3914-42bd-80f1-c22df12936c4,DCN,cônglập,HN,7340125,,,,True
a31ed19f-1caa-4710-93e0-5ebab37f0747,DCN,cônglập,HN,7510204,,,,True
6954520b-d725-4813-a733-bd0a19b73a31,DCN,cônglập,HN,7510209,,,,True
0c39fc0a-dfdc-49e4-b211-2cacf7e7923c,DCN,cônglập,HN,7510213,,,,True
05b3ef1f-a43e-4275-ac53-e08adcf4a257,DCN,cônglập,HN,7519003,,,,True
a4d11d1f-fcec-414d-9191-2b907f5c3fe3,DCN,cônglập,HN,7519007,,,,True
6de8e61d-e6b9-4dd3-b8ce-6fe2905287bd,KHA,cônglập,HN,7220201,,,,True
ebe6d6c6-f40f-4ab6-bea7-14ea75c5d754,KHA,cônglập,HN,73101011,,,,True
2bb32205-c752-49b7-914b-b79d41132edf,KHA,cônglập,HN,73101012,,,,True
43fd0995-796f-4861-8608-31811426ab9a,KHA,cônglập,HN,73101013,,,,True
5b8dfb94-124b-4c25-a85e-5ece96fc4c54,KHA,cônglập,HN,7310104,,,,True
f773df4d-9bc7-4abe-a610-7e86f5532dfd,KHA,cônglập,HN,CLC2,,,,True
32129caf-bd02-4219-aa46-e1d662d2b93c,KHA,cônglập,HN,7310105,,,,True
fac7d7c0-0d57-41e1-941b-e34bcdfa2eb8,KHA,cônglập,HN,CLC1,,,,True
b5325c3a-9f68-44f6-a5f2-432a13b8046c,KHA,cônglập,HN,7310106,,,,True
16e61bc4-bddc-4b08-80ce-9d5c346319b2,KHA,cônglập,HN,CLC3,,,,True
5e757193-5958-4615-aaa9-01ebcef0888b,KHA,cônglập,HN,7310107,,,,True
7b78fc18-ef42-4e00-9818-414cc279dade,KHA,cônglập,HN,7310108,,,,True
4ee4ec17-9af2-4252-ae29-3fb135d0f950,KHA,cônglập,HN,7320108,,,,True
84fd7a4e-245d-4d59-b818-55f816e06aa9,KHA,cônglập,HN,7340101,,,,True
97622770-031c-4376-9765-28c4c027f80c,KHA,cônglập,HN,TT1,,,,True
18094b85-d8a0-440d-a505-3fb84fb1e6db,KHA,cônglập,HN,7340115,,,,True
52009257-1f75-497a-a467-451a1d37394b,KHA,cônglập,HN,7340116,,,,True
66c175c9-32bf-4c14-96d1-186dd1760dfd,KHA,cônglập,HN,7340120,,,,True
9b19995b-cea1-4e4b-81e8-05e1df6b4ebd,KHA,cônglập,HN,TT2,,,,True
661e8671-0d21-436a-94c4-d454e8caa047,KHA,cônglập,HN,7340121,,,,True
c1d2cdcc-6fa5-495e-9dd3-7642aec9ceac,KHA,cônglập,HN,7340122,,,,True
2514347f-a640-4100-9a57-87151a9df135,KHA,cônglập,HN,7340201,,,,True
c6ea8cd8-ab6a-4717-a2df-01f0f7b06daf,KHA,cônglập,HN,7340204,,,,True
6eb456fc-a99b-4577-a32a-826dd13c56e3,KHA,cônglập,HN,7340301,,,,True
28341862-7b48-4965-9e1c-a6d780691c2d,KHA,cônglập,HN,7340302,,,,True
f21d418e-efea-4dca-af60-abafd78a0ddf,KHA,cônglập,HN,7340401,,,,True
2b02b0ef-fa42-4a6d-8837-759a39fc98c2,KHA,cônglập,HN,7340403,,,,True
7e5e9f5f-45f9-4067-a6c8-2af4cda7b836,KHA,cônglập,HN,7340404,,,,True
5157aa28-dc58-44a5-9bb4-fe0a01f73294,KHA,cônglập,HN,7340405,,,,True
262ea00d-769f-4122-aeb0-a28a58750e3d,KHA,cônglập,HN,7340408,,,,True
e3a190c3-2a90-4e94-8e6f-758e3a0acbeb,KHA,cônglập,HN,7340409,,,,True
78090942-3a8f-4378-99af-a8e84b5790f6,KHA,cônglập,HN,7380101,,,,True
b69a2812-aecc-4895-957f-3dccb6a4d7eb,KHA,cônglập,HN,7380107,,,,True
eae3e7fe-0b7c-4bce-ab3e-24925dd53598,KHA,cônglập,HN,7380109,,,,True
1fa625d6-d475-4484-a762-4e7889c04ac7,KHA,cônglập,HN,7480101,,,,True
ebdb5c9f-a98d-4662-bd1d-1aabf07eb53d,KHA,cônglập,HN,7480104,,,,True
0efb416a-7b27-459f-8875-3d214d60d2d1,KHA,cônglập,HN,7480201,,,,True
7dc38bb8-2c26-4ebd-95b0-70f2e31b7750,KHA,cônglập,HN,7480202,,,,True
c0f1ca38-a15c-4d1e-98b8-8533df5d5ebc,KHA,cônglập,HN,7510605,,,,True
521bd3b1-cc14-4f1b-a876-854473f74370,KHA,cônglập,HN,7620114,,,,True
34cb64d3-fd90-4477-8f1c-7ac2f37ae0f3,KHA,cônglập,HN,7620115,,,,True
6ebeaad2-516b-4d14-b640-1deadb132f9e,KHA,cônglập,HN,7810103,,,,True
e03a6d56-bc49-497f-ae49-2267d4b2ff4f,KHA,cônglập,HN,7810201,,,,True
290e4c71-0fbb-4087-9266-ed9b62854681,KHA,cônglập,HN,7850101,,,,True
eea1a297-7bab-4acd-b754-1258b73b9822,KHA,cônglập,HN,7850102,,,,True
d1f9d900-0c8f-4443-b485-b119c516be8b,KHA,cônglập,HN,7850103,,,,True
59b5bca8-bbcd-4629-b865-94782f4eea99,KHA,cônglập,HN,EBBA,,,,True
a3e47abd-f29f-472f-929a-7e9d05d79d8f,KHA,cônglập,HN,EP01,,,,True
fcfd46f7-9ce2-41f0-b960-19200ed9e80f,KHA,cônglập,HN,EP02,,,,True
10c5f46d-69e3-40b5-8568-589967023419,KHA,cônglập,HN,EP03,EDA,,,True
fd6c1aa2-e6e5-4199-ad03-79d539462268,KHA,cônglập,HN,EP04,,,,True
d8af9244-02aa-447c-9a1d-625e5014f671,KHA,cônglập,HN,EP05,,,,True
5b66ae57-558d-4cd7-a310-e1aec7ffb31b,KHA,cônglập,HN,EP06,,,,True
2ae8411d-f39b-4d81-8e8f-d33cf61581d6,KHA,cônglập,HN,EP07,,,,True
7e70c7d3-b66f-4464-8966-87949c57f2b7,KHA,cônglập,HN,EP08,,,,True
3f885ee6-dc61-45c3-bdaa-8a8f97d92610,KHA,cônglập,HN,EP09,,,,True
907fd70f-0603-4646-bead-1df740a704e6,KHA,cônglập,HN,EP10,,,,True
8db3f82d-3975-4cf0-b761-e43a5c3a1486,KHA,cônglập,HN,EP11,IHME,,,True
8ba62d1c-bb65-42ff-8d29-c2750a1e4d55,KHA,cônglập,HN,EP12,,,,True
2023c13c-c982-4cd1-a65f-d9075e556df9,KHA,cônglập,HN,EP13,,,,True
cc079a45-b01a-42d2-b237-c9a37e47e838,KHA,cônglập,HN,EP14,LSIC,,,True
378078d1-35f8-4323-be9c-514bca61fb2f,KHA,cônglập,HN,EP15,,,,True
a9568206-38b0-4fb1-b3c5-f1b3ff4dffc6,KHA,cônglập,HN,EP16,,,,True
fd06aecc-297e-480a-9f2c-70365bd25fa6,KHA,cônglập,HN,EP17,,,,True
ed58cdb5-7a4b-451b-8765-7441a6fc2a3b,KHA,cônglập,HN,EP18,,,,True
0a75c9c4-1f47-4924-93cb-dd49eb226818,KHA,cônglập,HN,EPMP,,,,True
7a1bee37-21b9-4757-9aca-952b1ccff3b9,KHA,cônglập,HN,POHE1,,,,True
d03a4a42-c22d-4dbd-af63-2dc948b0183b,KHA,cônglập,HN,POHE2,,,,True
558fd1ec-2f47-4520-90ad-f277b263f1fd,KHA,cônglập,HN,POHE3,,,,True
461cde68-fba4-4825-b1f6-feb55226a155,KHA,cônglập,HN,POHE4,,,,True
68bdd194-d02e-4f5f-afc3-af21bbeead8e,KHA,cônglập,HN,POHE5,,,,True
62b29595-a56b-41e2-b654-e686d5d55a81,KHA,cônglập,HN,POHE6,,,,True
675d3d0d-f19d-4312-902d-e9aab689e655,KHA,cônglập,HN,POHE7,,,,True
be0d26ad-88f4-41ee-ab2d-442020f8c15f,KHA,cônglập,HN,EP03,DSEB,,,True
a197b774-10b2-44d3-8649-8c3bddbd614e,KHA,cônglập,HN,EP06,BA,,,True
b73b42e1-710f-44eb-bdb6-aa28986b4e9c,KHA,cônglập,HN,EP09,BFT,,,True
6d5d7ad2-bf80-4500-b28d-8d925e6c3389,KHA,cônglập,HN,EP11,,,,True
289b6a4e-8493-4755-9bc9-5c8ec4363a3e,KHA,cônglập,HN,EP13,FE,,,True
d0a63bb1-4983-4370-b5ed-f847ce1abfc8,KHA,cônglập,HN,EP14,,,,True
2b30d765-2f0a-465d-b539-f1238c07292d,KHA,cônglập,HN,73101011,,,,True
84f81b45-c4a0-4745-b0e0-1738a1b8a9b3,KHA,cônglập,HN,73101012,,,,True
f74b0c14-0995-4f21-9115-d853cc720c4b,KHA,cônglập,HN,73101013,,,,True
db3a0ce9-5987-43b8-8272-a6a401fe392a,KHA,cônglập,HN,EP01,BBAE,,,True
2bea4e4b-c754-41a8-ac77-ee7f89ded0f0,KHA,cônglập,HN,EP10,BFI,,,True
95575555-c144-4b89-bf63-0d86bc5d6470,YHB,cônglập,HN,7310401,,,,True
278028f6-33fb-41da-b61c-650b74ef604c,YHB,cônglập,HN,7720101,,,,True
8560dd94-af9f-4049-bea9-5e6d537ef0d9,YHB,cônglập,HN,7720101YHT,,,,True
c05e956c-20f3-4995-941b-2ad2bd88236e,YHB,cônglập,HN,7720110,,,,True
64aeba97-e377-4159-9c2c-bb68db533c98,YHB,cônglập,HN,7720115,,,,True
19d37a52-548b-4973-bb92-579994693de7,YHB,cônglập,HN,7720301,,,,True
85037f72-6f86-4105-88a0-6da7bedf4563,YHB,cônglập,HN,7720301YHT,,,,True
7eb6b4ee-eade-48d1-afff-55c0ab7e72f5,YHB,cônglập,HN,7720302,,,,True
10f92c87-5803-49c2-88a4-d9b7cd537fb2,YHB,cônglập,HN,7720401,,,,True
892e1522-3e2b-451e-a7fc-35df598773d8,YHB,cônglập,HN,7720501,,,,True
024a1cde-4275-445c-a1ea-b68c07e47d8b,YHB,cônglập,HN,7720502,,,,True
b3ff49a5-1676-47b1-a1d8-895f82fe6070,YHB,cônglập,HN,7720601,,,,True
6bf98a50-5087-4449-9374-5fdea15bfa80,YHB,cônglập,HN,7720601YHT,,,,True
d7e76af0-b935-497d-8506-a8704553b138,YHB,cônglập,HN,7720602,,,,True
d8967cfe-9458-4c82-8320-44abdaa4206c,YHB,cônglập,HN,7720603,,,,True
3ed2a6e1-a6b8-490b-a15a-2ae6f907c775,YHB,cônglập,HN,7720603YHT,,,,True
75e3c8f4-bcd6-4026-83fa-6d68f2aa4914,YHB,cônglập,HN,7720699,,,,True
a3d94cfe-9741-485c-b61f-e089a4f0b34f,YHB,cônglập,HN,7720701,,,,True
afd27d32-6a69-46cb-a267-de7cec796065,YHB,cônglập,HN,7760101,,,,True
86850414-12c4-4ff4-a47c-2b20e65061d3,YHB,cônglập,HN,7720101AP,,,,True
25b802e9-1f24-4a8b-8f91-602b4fd12653,YHB,cônglập,HN,7720101YHTAP,,,,True
fa57b2a0-1d80-4f43-9a42-4c34dc1ea474,YHB,cônglập,HN,7720301 AP,,,,True
bc8a6911-eee4-4d77-b993-8e1636be05f2,YHB,cônglập,HN,7720501AP,,,,True
cb835268-274d-4837-9710-f97208dae039,LPH,cônglập,HN,7220201,,,,True
7180a8f3-7b78-4d73-89b1-e5da88a6f490,LPH,cônglập,HN,7380101,,,,True
f00b13a5-ff33-45fa-8bf4-557b04a0149f,LPH,cônglập,HN,7380101PH,,,,True
d4106c8b-3a0b-4c10-b1d3-ac7bd9cbabe0,LPH,cônglập,HN,7380107,,,,True
92878b4f-d4a9-4e79-bf06-74570f917b3a,LPH,cônglập,HN,7380109,,,,True
e17c1183-d8fb-42b6-8f1e-5bbbba33eb0a,DDL,cônglập,HN,7220201,,,,True
34d011f5-de44-488b-bd94-c8467dda5700,DDL,cônglập,HN,7340101,,,,True
fa0a28a9-50a6-4a7a-b355-db419d7a0695,DDL,cônglập,HN,7340115,,,,True
91059a89-b325-43d3-8e49-a586dc76bed5,DDL,cônglập,HN,7340122,,,,True
e41e64c3-e735-44d4-b4a4-d158c795a99f,DDL,cônglập,HN,7340201,,,,True
a414b875-8969-4794-a905-e78ba67306f0,DDL,cônglập,HN,7340205,,,,True
a54761d4-0907-49bb-baf8-8cd700123713,DDL,cônglập,HN,7340301,,,,True
eaa3fc51-55b6-4db0-9f41-fa4544b9fd7b,DDL,cônglập,HN,7340302,,,,True
98fe379b-5429-4657-a70a-5aea0a72ee31,DDL,cônglập,HN,7380107,,,,True
339e7cd0-d944-4fcc-8256-6e66da0377b3,DDL,cônglập,HN,7460108,,,,True
bbfb47b1-98c0-4e71-89ab-de1adb0f80c9,DDL,cônglập,HN,7460117,,,,True
5d318dcc-a846-4a9d-85a1-7105d3a62251,DDL,cônglập,HN,7480106,,,,True
874722a9-4306-4721-ae31-e9024e18936b,DDL,cônglập,HN,7480107,,,,True
83cd1362-e81e-40b4-8cc6-d7311184576b,DDL,cônglập,HN,7480201,,,,True
a8846a55-1122-47b2-a4ab-9112c577fc62,DDL,cônglập,HN,7510102,,,,True
d7c33879-7fb4-489e-8248-e6205b714f26,DDL,cônglập,HN,7510201,,,,True
003d8d89-3d1e-4fcf-85e3-69fc23aac6f6,DDL,cônglập,HN,7510203,,,,True
e4e65b57-fa03-4d63-8d75-e7d89af54a2c,DDL,cônglập,HN,7510205,,,,True
3ec9795d-174d-49af-ab1c-b79c404b71ac,DDL,cônglập,HN,7510301,,,,True
8649f249-9541-4103-b9d6-6539d0631d5f,DDL,cônglập,HN,7510302,,,,True
16c99f0b-58fd-4793-8394-e39bc5ccd6c2,DDL,cônglập,HN,7510303,,,,True
7103e62b-677c-46f5-b3a2-20aba07888a3,DDL,cônglập,HN,7510402,,,,True
9e4e2742-788d-49f5-8ab9-db106d11271f,DDL,cônglập,HN,7510403,,,,True
272d74ee-226b-4910-86e4-ab28498546a8,DDL,cônglập,HN,7510406,,,,True
6b4b7ba7-0e4e-4986-8954-d1b3fb99e37f,DDL,cônglập,HN,7510407,,,,True
2904a929-3fa6-4ffe-bc0a-39f6c154464a,DDL,cônglập,HN,7510601,,,,True
c30d264a-5aa6-448c-bbdb-7eacbbf75242,DDL,cônglập,HN,7510602,,,,True
5e3b0398-8e6b-4fd0-b75c-9dbb91048c3a,DDL,cônglập,HN,7510605,,,,True
21aeee6b-2aea-4269-b173-c4793f351f57,DDL,cônglập,HN,7520107,,,,True
a1c5ce07-def1-4ea0-9f33-630619ec8820,DDL,cônglập,HN,7520115,,,,True
764c52e0-aea2-4b5c-a204-9b794d2d7143,DDL,cônglập,HN,7810103,,,,True
f98a7fa8-8a7a-473b-b32f-613da27bcbd7,DDL,cônglập,HN,7810201,,,,True
c18d9685-31f8-40d3-b01e-2baa50d246d4,DKH,cônglập,HN,7420201,,,,True
382fb6a6-8ef6-487b-8ccc-d0cf8cc8e2a1,DKH,cônglập,HN,7440112,,,,True
de73e3e2-cead-48f0-be99-bc58e7c46282,DKH,cônglập,HN,7720201,,,,True
0a87855c-fc0f-4a37-a2c0-a6f414f536b3,DKH,cônglập,HN,7720203,,,,True
d37c44e7-539e-4dca-a3ab-0e1ffaa64369,XDA,cônglập,HN,7210110,,,,True
01e9feb8-d589-4b13-94dc-158ca628af8f,XDA,cônglập,HN,72104NT,,,,True
40c04a35-77a5-4106-820b-6e64acefaa4f,XDA,cônglập,HN,7340409,,,,True
cc4356b5-36f5-4186-8b49-8fa541acfd31,XDA,cônglập,HN,7460108,,,,True
b34ed15a-8adc-4178-8e46-baab63e555a9,XDA,cônglập,HN,7480101,,,,True
fb49b308-8c48-411f-be41-0ac8ceede8a6,XDA,cônglập,HN,7480101QT,,,,True
b114fb17-6824-41f2-b574-0ac4199337d5,XDA,cônglập,HN,7480201,,,,True
dafdcaee-2f8e-4bb9-9a88-e19f7f19b527,XDA,cônglập,HN,748020101,,,,True
9d88905f-8c8b-4e3e-8102-d71e2b5eb45c,XDA,cônglập,HN,748020102,,,,True
1aeea79d-4804-4236-b7d1-046167a6a6f0,XDA,cônglập,HN,7510103,,,,True
9ee6ef6d-9763-421f-b615-1f3b717021d2,XDA,cônglập,HN,7510105,,,,True
777bd665-485c-45f9-adfb-c59b5fd30c56,XDA,cônglập,HN,7510605,,,,True
ad7f4f1b-3c3c-4beb-98e0-c3b10c14fa70,XDA,cônglập,HN,751060501,,,,True
4b4a76f3-4e3f-4b48-b660-3169192f7f38,XDA,cônglập,HN,751060502,,,,True
899ba82e-2213-413d-87d2-d98d76a2fd40,XDA,cônglập,HN,7520103,,,,True
0a0b85ff-819a-4e3d-97eb-c2116e08e4d7,XDA,cônglập,HN,752010301,,,,True
a9b4d273-22e3-46ec-9d8c-4801168dd3bb,XDA,cônglập,HN,752010303,,,,True
e3d9f2ea-3e7c-4241-9866-d1a8876ff370,XDA,cônglập,HN,752010304,,,,True
531ba015-b8f3-499b-b6f3-37b0f9c1ba44,XDA,cônglập,HN,7520201,,,,True
f6cdc050-9fc1-4729-9927-0a7d6a1c3139,XDA,cônglập,HN,7520216,,,,True
b8a4d877-9710-4fc7-bfa8-bddaee617e88,XDA,cônglập,HN,7520309,,,,True
274c4013-49a1-437e-bdd4-6b76dd26a9b6,XDA,cônglập,HN,7520320,,,,True
f23319d3-c91d-419a-86b5-71046cd68c63,XDA,cônglập,HN,7580101,,,,True
9c7313d6-3225-45ad-84de-2b3aa8e3f7ae,XDA,cônglập,HN,758010102,,,,True
f881241d-887d-4e6a-9a6e-06f149fe7f00,XDA,cônglập,HN,7580102,,,,True
40616058-cb3f-4993-8b85-0837d7a6b0b3,XDA,cônglập,HN,7580103,,,,True
fa8d6c3f-dcd9-47ea-b7fa-226e72f3ea64,XDA,cônglập,HN,7580105,,,,True
8d4e7db0-d612-4803-8ac1-4be912308da0,XDA,cônglập,HN,7580201,,,,True
75bb304f-282e-402f-9db4-642385e35470,XDA,cônglập,HN,758020101,,,,True
ea264c37-ef13-4ac2-970d-1766ab256875,XDA,cônglập,HN,758020102,,,,True
e179e8b1-fb7a-4ae7-ad07-c2e9c8a750b8,XDA,cônglập,HN,758020103,,,,True
0a1d6be6-8f49-4694-b8b9-3affa68d34d9,XDA,cônglập,HN,758020104,,,,True
53adbf9e-59f7-4562-b63d-2b4a81723612,XDA,cônglập,HN,758020105,,,,True
1ac31245-6280-4d0a-a059-ed968cb02531,XDA,cônglập,HN,7580201CLC,,,,True
e6fbcb80-36e5-474b-abf2-e6edb2e128bf,XDA,cônglập,HN,7580201QT,,,,True
bf2b994b-ce33-40df-a418-6e401519d1d5,XDA,cônglập,HN,758020501,,,,True
92b296cc-5b49-43d2-8c02-9d54d57e941a,XDA,cônglập,HN,758020502,,,,True
b17105c8-aea1-40dc-92d2-60aacf13bcad,XDA,cônglập,HN,758021301,,,,True
0d479a62-9200-43e4-b112-814b1a43556c,XDA,cônglập,HN,7580301,,,,True
16abb4fa-48f1-448f-830e-2f711885edae,XDA,cônglập,HN,758030201,,,,True
b72841f2-b5ad-425c-a0f1-c1fc8f37f6b1,XDA,cônglập,HN,758030202,,,,True
1e08b6e5-9f04-4fc3-9a03-a8d16322f1c5,XDA,cônglập,HN,758030203,,,,True
c5da314d-297e-4ef8-ad4a-32a548aaa896,XDA,cônglập,HN,758030204,,,,True
6597896e-7593-409f-afe6-c67296e8237d,XDA,cônglập,HN,752010101,,,,True
2af17fdd-05fa-48c6-a253-97f41390cb49,XDA,cônglập,HN,752010103,,,,True
db0fc337-0eaf-4bd8-9010-0c3d6098f17b,XDA,cônglập,HN,752010104,,,,True
db94f282-ebe8-480c-90cc-2cd51899f4d5,XDA,cônglập,HN,758010101,,,,True
e55ee895-51dd-48fc-8447-3890ed3cad50,MDA,cônglập,HN,7220201,,,,True
9cf4fbdd-1c0a-491a-a01c-b0be12237a55,MDA,cônglập,HN,7220204,,,,True
3fa22ff6-92c3-4b01-bbd7-769a539b2fd7,MDA,cônglập,HN,7340101,,,,True
96f7ca3d-e131-4884-ae6a-795208e53870,MDA,cônglập,HN,7340201,,,,True
a256263e-7cf5-4ed5-92ac-4705565d350c,MDA,cônglập,HN,7340301,,,,True
9c540461-2f35-43ec-9c3e-ed9ee3e01177,MDA,cônglập,HN,7440201,,,,True
f180da1f-a300-40ee-a9cb-46b95ce3354e,MDA,cônglập,HN,7440229,,,,True
a58d6eb9-5f0f-4de2-8158-57b0c5d60a6e,MDA,cônglập,HN,7460108,,,,True
341e804a-29e9-48d7-a28f-9f1cbd7ccf23,MDA,cônglập,HN,7480201,,,,True
5a432b8e-1738-4891-b719-39608094d1ad,MDA,cônglập,HN,7480206,,,,True
ce7930c7-c587-45f6-a45d-9f603f6831a0,MDA,cônglập,HN,7510301,,,,True
aba0ceb7-6d89-41e8-8e77-624c81c69ee8,MDA,cônglập,HN,7510401,,,,True
df6132fc-ee50-4ea3-b3cb-af68c6a16f4a,MDA,cônglập,HN,7510601,,,,True
33185118-c110-4380-b52d-5e62946e5626,MDA,cônglập,HN,7520103,,,,True
08df20f5-0b55-439d-a082-d7a7876cddb4,MDA,cônglập,HN,7520107,,,,True
97ea93ca-ad25-48f8-a39e-0716a9a04a3b,MDA,cônglập,HN,7520114,,,,True
a3766d81-332e-4a11-a174-6cb51b404c49,MDA,cônglập,HN,7520116,,,,True
d48fff2b-9527-4081-8581-dbf1dba44df5,MDA,cônglập,HN,7520121,,,,True
bddf80e9-ceea-4637-8a33-b7860440ecfe,MDA,cônglập,HN,7520130,,,,True
a653b638-5e9e-4603-ae26-c32befec45db,MDA,cônglập,HN,7520201,,,,True
f7c41a34-7401-4980-8180-06eb6e6ee103,MDA,cônglập,HN,7520216,,,,True
9b8f0543-774d-4c4f-8d83-c45312af2062,MDA,cônglập,HN,7520301,,,,True
492f303c-2441-4146-8ede-961b2b7da4ef,MDA,cônglập,HN,7520309,,,,True
55b9679b-ed95-4b6e-813f-490a103fc6de,MDA,cônglập,HN,7520320,,,,True
d54ed3c0-d245-45b4-9952-45babe7a9f68,MDA,cônglập,HN,7520501,,,,True
72f59baf-3dc8-47ee-81b4-1533204fa0c2,MDA,cônglập,HN,7520502,,,,True
34080d28-b64d-4893-8184-303612bc0a23,MDA,cônglập,HN,7520503,,,,True
86c6fc73-f71c-4fb0-bc88-8fb1face1186,MDA,cônglập,HN,7520505,,,,True
5b975ba4-8d51-403c-895c-cff33bcbc07c,MDA,cônglập,HN,7520601,,,,True
b4f40ac9-4747-4786-b82a-7b3d90a2648b,MDA,cônglập,HN,7520604,,,,True
a1625bd2-2d2f-4f48-a566-cbb6da28b507,MDA,cônglập,HN,7520605,,,,True
0dfe2e66-8c3d-43f0-bdaa-d5a1baa10dc3,MDA,cônglập,HN,7520606,,,,True
8b7c7398-7a86-4646-862f-f5b794738263,MDA,cônglập,HN,7520607,,,,True
c4345ee0-54f0-4c9b-888e-34a01a01b994,MDA,cônglập,HN,7580106,,,,True
ebd10954-bb6b-4779-a9d1-41d5896ef790,MDA,cônglập,HN,7580109,,,,True
5a2d47fc-8392-4067-94a5-14a977b787a6,MDA,cônglập,HN,7580201,,,,True
01d530c5-1f6b-4866-a716-24912aa3c309,MDA,cônglập,HN,7580204,,,,True
d556a8aa-46c4-481b-b55d-39b0f1dbbcd1,MDA,cônglập,HN,7580205,,,,True
582e74c2-f79c-45d4-a73d-f98ae352b06c,MDA,cônglập,HN,7580211,,,,True
8bbb7d27-0f0e-4ee1-bfbc-489980951018,MDA,cônglập,HN,7580212,,,,True
5c7a7682-a2f8-453d-b92c-265bfa98a653,MDA,cônglập,HN,7580302,,,,True
987a0d47-f58d-49c2-a409-c9e6a500a7b5,MDA,cônglập,HN,7720203,,,,True
f579cc76-66f5-4b6a-88c4-aa42b067e2d7,MDA,cônglập,HN,7810105,,,,True
cbc5f9a9-9f80-4b00-baeb-bbbd8c8fd36f,MDA,cônglập,HN,7850101,,,,True
bf6e8e51-99da-45f6-9dfa-ec1ef176976f,MDA,cônglập,HN,7850103,,,,True
77c49d2a-5d82-471c-ae35-23a238a4cacd,MDA,cônglập,HN,7850196,,,,True
308c8e94-95c2-4ac4-a1b8-5130c359ebdb,MDA,cônglập,HN,7850202,,,,True
ce0d9561-74ef-4841-9a6e-fff4fad858e4,MDA,cônglập,HN,7520218,,,,True
6e639b23-caca-4359-83e1-d54e628bf2c8,TLA,cônglập,HN,TLA101,,,,True
e1aeefcd-ec1b-411f-af56-04d8ce5a0c8f,TLA,cônglập,HN,TLA102,,,,True
f90545e9-65d1-4bd3-9630-95ffc89a17c5,TLA,cônglập,HN,TLA103,,,,True
93d84f75-56f4-4faf-9181-0e8b4201460b,TLA,cônglập,HN,TLA104,,,,True
53f556c3-5aca-424f-a16c-a09b2dfe3a79,TLA,cônglập,HN,TLA105,,,,True
17b8c914-1a4b-4f19-86cb-d68ab7b4af30,TLA,cônglập,HN,TLA106,,,,True
797ba35d-0127-4bbe-aaec-4d346fa4be6d,TLA,cônglập,HN,TLA107,,,,True
de93154a-1fbf-42b9-ae82-fe0f5e7a70be,TLA,cônglập,HN,TLA109,,,,True
40254cb2-c75e-46ab-8363-a469ed014e70,TLA,cônglập,HN,TLA110,,,,True
e4cff76a-cb61-4c0c-8df4-f1b57d1ec16a,TLA,cônglập,HN,TLA111,,,,True
5c7cd27e-f0b2-4e80-b019-8e3fd8ece9bf,TLA,cônglập,HN,TLA112,,,,True
d60bdbeb-a37f-4a1b-8032-5e76b1b83536,TLA,cônglập,HN,TLA113,,,,True
c5ead328-3ab2-4688-a5c6-f7762f02c9dd,TLA,cônglập,HN,TLA114,,,,True
505529cf-db91-444a-82c5-5cf79ed64285,TLA,cônglập,HN,TLA116,,,,True
863600bd-ceed-4829-86b0-60eddce71228,TLA,cônglập,HN,TLA117,,,,True
7aaa45a4-1a9e-4871-a04a-929187e4f8f4,TLA,cônglập,HN,TLA118,,,,True
8ee65c9d-6251-46bd-8caf-d7b64872e623,TLA,cônglập,HN,TLA119,,,,True
45a56328-6f2b-446e-946e-645fc9154b46,TLA,cônglập,HN,TLA120,,,,True
7e942be3-b183-41ba-9e51-0c0ae76f58f7,TLA,cônglập,HN,TLA121,,,,True
866943ff-e541-477a-82f9-3584995587e5,TLA,cônglập,HN,TLA122,,,,True
81184c19-cc02-4077-a71b-02d0fdbd4a78,TLA,cônglập,HN,TLA123,,,,True
9ad8680c-2840-4d8b-bbee-85efca8160ea,TLA,cônglập,HN,TLA124,,,,True
cd88050b-5338-48f5-a8c8-3a3b2896431e,TLA,cônglập,HN,TLA126,,,,True
b79c7906-ba6f-4e37-a8da-05014feab269,TLA,cônglập,HN,TLA127,,,,True
91ff9cb5-01d1-4d29-9e54-ce036ba2045b,TLA,cônglập,HN,TLA128,,,,True
d6366bd8-788e-4a7d-b725-19caf68b3a26,TLA,cônglập,HN,TLA201,,,,True
5d67f86a-449f-482a-a77a-ab7234637483,TLA,cônglập,HN,TLA202,,,,True
693ebf60-a84d-48e2-b90f-afda211cbd72,TLA,cônglập,HN,TLA203,,,,True
88498238-e07a-4896-bd3c-a4c7efb17ea9,TLA,cônglập,HN,TLA204,,,,True
84ae6742-8c16-4183-b1bf-2b2d666e66b4,TLA,cônglập,HN,TLA301,,,,True
f6a974d3-9153-4034-8f99-f7bb1ca3ed66,TLA,cônglập,HN,TLA302,,,,True
4300b6b5-dd15-42d2-819b-070ee92da882,TLA,cônglập,HN,TLA401,,,,True
97c45914-941d-4be1-84be-c7a72e85cd01,TLA,cônglập,HN,TLA402,,,,True
373204fd-8d22-47d5-91dc-ed851e7321b9,TLA,cônglập,HN,TLA403,,,,True
44a63f02-033d-4ada-81c2-f30cfe2398ac,TLA,cônglập,HN,TLA404,,,,True
95984683-cc11-4903-86c2-dd8507eca145,TLA,cônglập,HN,TLA405,,,,True
ce856f69-a5bc-4c27-9de5-c0fd602f96f9,TLA,cônglập,HN,TLA406,,,,True
f2bd8a08-d70d-4086-bae2-178416f4e90b,TLA,cônglập,HN,TLA407,,,,True
4c297329-6b6b-4c7c-8f67-54f4299c1f21,TLA,cônglập,HN,TLA408,,,,True
b912d9d4-9a64-41a1-8478-bba4a53477d6,TLA,cônglập,HN,TLA409,,,,True
e67b5cb5-aad0-46fc-968b-802719a616e5,TLA,cônglập,HN,TLA410,,,,True
be320c4c-2111-493c-a00a-db7f4ae2befd,TLA,cônglập,HN,TLA411,,,,True
ec9086fb-465e-4743-9734-b5106aa188a0,TLA,cônglập,HN,TLA412,,,,True
40579cdb-a78a-4a80-a7e6-59351ca5c68a,MHN,cônglập,HN,7220201,,,,True
5153d5e9-510d-4d91-9745-017980336f8d,MHN,cônglập,HN,7220204,,,,True
8066b38d-38d9-4b6c-8bba-dc5c8c762869,MHN,cônglập,HN,7340101,,,,True
073f97ea-36cf-4ae7-976c-4d7716a09ec5,MHN,cônglập,HN,7340122,,,,True
e2ddd9cf-38cd-4001-b88f-dcb3f9f6c209,MHN,cônglập,HN,7340201,,,,True
c482c128-1476-48ba-858f-480b5edd9376,MHN,cônglập,HN,7340204,,,,True
9b81a813-6191-4267-a914-1468e9145c64,MHN,cônglập,HN,7340301,,,,True
003d018b-6e96-4f29-a8c8-d73e765a06ac,MHN,cônglập,HN,7380101,,,,True
5e317785-aebe-44a7-86ca-f6bb18bb694e,MHN,cônglập,HN,7380107,,,,True
7645a21f-860b-4ac9-bc27-8e246a00f3d0,MHN,cônglập,HN,7380108,,,,True
5d00708e-dab9-46a3-9421-f5bfd3563357,MHN,cônglập,HN,7420201,,,,True
546a9484-ac05-46c1-bda3-ec2e3e9f53d6,MHN,cônglập,HN,7480201,,,,True
74c871f2-dfbe-46c1-a888-f711d1833bcf,MHN,cônglập,HN,7510302,,,,True
1c92d78f-44d2-46f1-b969-c74fcf8a3325,MHN,cônglập,HN,7510303,,,,True
cb32a9fc-f8b7-45b3-8cbf-0af69a8c43fa,MHN,cônglập,HN,7540101,,,,True
6f16f15d-4f89-4e83-93cf-6cf15498c849,MHN,cônglập,HN,7810103,,,,True
f15cd3a8-1613-422a-8dcc-cabdf651e5e9,MHN,cônglập,HN,7810201,,,,True
11926b84-fde6-4fa5-bd9f-fc51ca8deb32,MHN,cônglập,HN,7210403,,,,True
2029928d-5e78-476b-a51a-292d2e8cf989,MHN,cônglập,HN,7210404,,,,True
132b4be2-d964-4059-8527-5b31f343df98,MHN,cônglập,HN,7580101,,,,True
9b46fe67-0f54-4be5-9d20-b2e6f5ae8172,MHN,cônglập,HN,7580108,,,,True
f37e2ed8-9571-472c-a9ad-0828a012fbfd,MHN,cônglập,HN,7210402,,,,True
614391ab-8d4d-4319-828a-3037c710d454,KTA,cônglập,HN,7310104,,,,True
ddb16fa0-3877-485e-923f-8f4c6a32fa64,KTA,cônglập,HN,7310105,,,,True
c4aa2dfb-ee38-4d7b-bf0a-a16c80f72cf9,KTA,cônglập,HN,7480201,,,,True
7057cd96-879b-455e-b0af-eed9b136aa52,KTA,cônglập,HN,74802011,,,,True
3f6ae764-8127-4baf-9cdf-d9297eaf9ea9,KTA,cônglập,HN,74802012,,,,True
0913da06-d667-463f-9fa0-e694bf2647f3,KTA,cônglập,HN,7510105,,,,True
c603549c-6520-462a-9a7d-ad030280ad9d,KTA,cônglập,HN,7580201,,,,True
48eec798-fd9f-48bb-bd5c-0b64bf40ade7,KTA,cônglập,HN,75802011,,,,True
63593e4e-ef3f-4ca2-be7a-a2d65c4eaae9,KTA,cônglập,HN,75802012,,,,True
e11211bc-d436-48df-83aa-b5df7bf77de5,KTA,cônglập,HN,7580205,,,,True
0bd4c87c-e1f1-4e9c-a21f-02225f03f342,KTA,cônglập,HN,7580210,,,,True
6fa2470f-f9da-4713-9b15-5185b825ca8e,KTA,cônglập,HN,75802101,,,,True
1026bab3-ac93-4d4f-aed8-902b064e253a,KTA,cônglập,HN,75802102,,,,True
d32bda40-06c2-4794-b8cb-a78744077f92,KTA,cônglập,HN,7580213,,,,True
d443f8ea-be47-4f63-8873-838aa0ade62e,KTA,cônglập,HN,7580301,,,,True
d746eb26-9325-4595-9794-c0e9b909a9b7,KTA,cônglập,HN,7580302,,,,True
9249be28-b4aa-46e6-b5b8-29d2feea63fd,KTA,cônglập,HN,75803021,,,,True
b2ae5ce7-3205-4939-ad59-25a9ff3a997b,KTA,cônglập,HN,75803022,,,,True
2e582639-f1c2-4499-914f-27da6fa9c82e,KTA,cônglập,HN,7210105,,,,True
a29c308d-17c8-4509-8af4-debbf2fc4094,KTA,cônglập,HN,7210403,,,,True
26760075-874c-4fbd-94d3-84000dde531f,KTA,cônglập,HN,7210404,,,,True
4dfda16d-0c05-471c-8001-8b5aeff88110,KTA,cônglập,HN,7480201-1,,,,True
0c03d7d2-f840-40e9-97e8-f2c5b7648710,KTA,cônglập,HN,7580101,,,,True
22cb7ebf-90e7-4b0d-919e-33f083120cbd,KTA,cônglập,HN,75801011,,,,True
387bd5a2-ea86-4ad9-ae9d-4d1b23872e90,KTA,cônglập,HN,7580102,,,,True
86480f5d-a2ce-4c75-acdc-5e12a2f0fcc6,KTA,cônglập,HN,7580105,,,,True
ddf7de7c-c08c-4fa9-9c6e-755b6bc829fd,KTA,cônglập,HN,75801051,,,,True
727c87d8-3b62-4c7f-a1a8-ae98cadde52e,KTA,cônglập,HN,7580108,,,,True
f3af64bc-c63c-420c-a743-221ddac0793e,KTA,cônglập,HN,7580201-1,,,,True
16f572b1-44ae-4e27-abd6-1d699dcf0c95,KTA,cônglập,HN,7580201-2,,,,True
bdc6d0d8-a484-4ed8-9f4d-1a221cabc809,KTA,cônglập,HN,75802102,,,,True
5ef8d8c1-4ef5-4c64-9662-d2655d3663d1,KTA,cônglập,HN,75803011,,,,True
f51763c5-c0e0-454f-be24-7f3ef4a06cf5,KTA,cônglập,HN,7580302-1,,,,True
04d85aa9-abfc-4a91-bb91-7fea96d7178a,KTA,cônglập,HN,7580302-2,,,,True
88ea16b0-e119-4c3b-ad10-4ec8c34b82d0,KTA,cônglập,HN,7580302-3,,,,True
7469f54f-ddd2-439a-9614-e8f6e82f0a5a,KTA,cônglập,HN,7580210l,,,,True
dae8b1f6-a194-4b78-b68b-6c74f966786c,KTA,cônglập,HN,7580301-1,,,,True
83b0d699-0493-4340-bfc8-5e7d9f38cd04,KTA,cônglập,HN,72101051,,,,True
e5498f72-0bcf-46ea-8bd0-fee8a20b0eac,KTA,cônglập,HN,72104031,,,,True
30e3b2da-7405-4c0a-b10f-27a4855c75e1,KTA,cônglập,HN,75801011,,,,True
16a9420d-e3b0-4162-94d5-540aeb04b2a0,KTA,cônglập,HN,75801051,,,,True
9dfcdd1a-e9f8-46fa-8d04-22afaeb00994,SPH,cônglập,HN,7140114,,,,True
b7415f83-e9d3-453a-b72b-8b872160ede0,SPH,cônglập,HN,7140201,,,,True
b5eb3adc-14dc-4e03-afae-b419e08f174b,SPH,cônglập,HN,7140201K,,,,True
6f8bdd3e-efd1-4857-a865-81dc9b271439,SPH,cônglập,HN,7140202,,,,True
31508d9c-2e39-4315-a517-f9a5e4854650,SPH,cônglập,HN,7140202K,,,,True
ff1ac5a9-c52b-448a-8e5c-e815996645b4,SPH,cônglập,HN,7140203,,,,True
c905ae18-caa0-4d2f-882f-57da77d5e261,SPH,cônglập,HN,7140204,,,,True
ba27b64b-9850-42b9-817b-ba658b70d4ff,SPH,cônglập,HN,7140205,,,,True
6f3dcd2a-d493-4f36-82a6-006baa7062da,SPH,cônglập,HN,7140206,,,,True
2a9138b7-7920-42e7-80ef-7f73d5eb8686,SPH,cônglập,HN,7140208,,,,True
c49f890f-7003-40c1-81a3-2db4eaeaef3e,SPH,cônglập,HN,7140209,,,,True
c98a2bfb-e957-48fb-a2ff-fef1c3182b3d,SPH,cônglập,HN,7140209K,,,,True
25115441-2628-4d98-947a-bdca868a2de9,SPH,cônglập,HN,7140210,,,,True
09d25b9c-8d35-4e3b-a1aa-e96be4a94b3d,SPH,cônglập,HN,7140211,,,,True
e63228a9-93e1-4d2f-bf0a-80fea103b48d,SPH,cônglập,HN,7140211K,,,,True
5909ca68-8d1f-417a-bf92-902abdd1609c,SPH,cônglập,HN,7140212,,,,True
2f58d0cb-de1f-4ead-803b-0865aecea1f4,SPH,cônglập,HN,7140212K,,,,True
28d59882-a97d-44d3-be32-1bae7ce7acc8,SPH,cônglập,HN,7140213,,,,True
ac2ce856-b83c-4d0a-9b50-e03c0c694bfd,SPH,cônglập,HN,7140217,,,,True
d35d8d79-5d64-4501-9148-e42534d08d9f,SPH,cônglập,HN,7140218,,,,True
13d72b6a-1c9d-4736-af96-3c05f1868fe9,SPH,cônglập,HN,7140219,,,,True
b963f30e-21e8-492e-9242-d489bc091128,SPH,cônglập,HN,7140221,,,,True
75dc16b6-50cd-4c8d-96f3-d6845e950dab,SPH,cônglập,HN,7140222,,,,True
ab2a0589-46ae-4dee-a8e5-d78d7b21ba10,SPH,cônglập,HN,7140231,,,,True
f7874fa9-fd51-4a9e-90cc-b94b590cb58f,SPH,cônglập,HN,7140233,,,,True
ac46f8a8-eaa7-45be-aed8-6d6c521ce0b8,SPH,cônglập,HN,7140246,,,,True
f3cdacef-0aac-42c8-956e-b27d5c5e0b04,SPH,cônglập,HN,7140247,,,,True
9b0f183c-df3d-443e-bbba-eb2e82e48ba3,SPH,cônglập,HN,7140249,,,,True
a6dc4bfb-1720-4d99-ad93-bf183f955925,SPH,cônglập,HN,7220101,,,,True
72a6a966-7030-4b69-bf0a-701b28c4fab2,SPH,cônglập,HN,7220201,,,,True
8a6a845d-0ea3-4949-b16f-eada36beef8e,SPH,cônglập,HN,7220204,,,,True
9bd4a3cb-1d93-4ce3-9cee-0a8a759c470d,SPH,cônglập,HN,7229001,,,,True
9747632c-327a-456d-b21c-7178dbce6ded,SPH,cônglập,HN,7229010,,,,True
bde1c4c5-7543-424a-b515-0ce8542caea0,SPH,cônglập,HN,7229030,,,,True
0a076662-e315-4828-9012-1d84f842f446,SPH,cônglập,HN,7310201,,,,True
dce8fd7f-a1c0-469d-81ea-cef6d6d6c5ee,SPH,cônglập,HN,7310301,,,,True
ba876d4b-6e00-4771-bc26-450be0d131fe,SPH,cônglập,HN,7310401,,,,True
e33e2459-7a44-46fc-8507-b90d2ffd731d,SPH,cônglập,HN,7310403,,,,True
4c4b62d8-5be5-477a-8fe5-34850e3beb8b,SPH,cônglập,HN,7310630,,,,True
cd333475-65d0-45ec-9280-d7d09f75b19d,SPH,cônglập,HN,7420101,,,,True
35404d21-e231-4ce3-8944-8738a637bb24,SPH,cônglập,HN,7420201,,,,True
9fc4ed76-2d59-4f5b-84ee-27f139ca19e5,SPH,cônglập,HN,7440102,,,,True
e2501732-8e3c-4fe0-ae23-30e1b7084980,SPH,cônglập,HN,7440112,,,,True
a4cca351-022f-4345-856b-81861ca3ce7d,SPH,cônglập,HN,7460101,,,,True
df19447c-2c41-4adc-b4ee-ead56b856496,SPH,cônglập,HN,7480201,,,,True
c164d70e-2a88-4b4f-ac59-aac95884058b,SPH,cônglập,HN,7760101,,,,True
393de0ce-a383-4e87-b500-38b723f9eab6,SPH,cônglập,HN,7760103,,,,True
ef1933a3-2cd6-437e-b1ec-47607170064d,SPH,cônglập,HN,7810103,,,,True
a61953bc-5b9f-49c0-a339-664977abc00a,SPH,cônglập,HN,7140114C,,,,True
812ac908-c519-410c-a9ae-7bb0aa60a93c,SPH,cônglập,HN,7140114D,,,,True
905afdfd-633d-404e-a01f-e473f416e7ac,SPH,cônglập,HN,7140201A,,,,True
be1dd823-1dce-46cb-ad85-e76b882d0d90,SPH,cônglập,HN,7140201B,,,,True
06a24c65-ffaf-417f-b4c0-17c04b46d2c8,SPH,cônglập,HN,7140201C,,,,True
d9208ee9-f027-40b0-9e6b-e5824c933776,SPH,cônglập,HN,7140202A,,,,True
0b28f8a1-d64a-4719-a7b9-e84e2e484db1,SPH,cônglập,HN,7140202B,,,,True
5f63553a-c4fc-438e-b280-e1cccc503045,SPH,cônglập,HN,7140203C,,,,True
e8363a01-e4cd-43fb-8368-f1bc31fe3f06,SPH,cônglập,HN,7140203D,,,,True
820d4429-facf-4707-9f3e-369c563763b6,SPH,cônglập,HN,7140204B,,,,True
adb9d035-d457-4085-87a8-c4af39d997c5,SPH,cônglập,HN,7140204C,,,,True
5c43755c-0c35-4cdd-84b9-6764306151c1,SPH,cônglập,HN,7140205B,,,,True
2ca98bdc-86cc-4dd2-bda9-6164a92d4325,SPH,cônglập,HN,7140205C,,,,True
dd4a9210-0f3f-45a4-9eb5-7a01f505d162,SPH,cônglập,HN,7140208C,,,,True
77a23ed3-d172-430b-846a-7288f420d734,SPH,cônglập,HN,7140208D,,,,True
055f6f19-5fc0-4cd1-a99e-306812c356d6,SPH,cônglập,HN,7140209A,,,,True
754b6b81-58a5-470f-addc-9e78e7c1748c,SPH,cônglập,HN,7140209B,,,,True
a021fc35-1c0b-4b60-8698-f2335bdfc4f4,SPH,cônglập,HN,7140209D,,,,True
c1572767-3290-4a90-9f7a-698525fbd07f,SPH,cônglập,HN,7140210A,,,,True
4a9f38ae-d5d4-4d41-9a29-227507201f7d,SPH,cônglập,HN,7140210B,,,,True
d92f29e5-68ee-4cf9-91fa-d8dabf577ffb,SPH,cônglập,HN,7140211A,,,,True
22032b77-2117-484e-83cb-8f86fa4b0994,SPH,cônglập,HN,7140211B,,,,True
1ed93294-70df-4d71-9503-a4e8af676fa1,SPH,cônglập,HN,7140211C,,,,True
688ede7b-219b-4d0b-95e1-f83e457385ec,SPH,cônglập,HN,7140211D,,,,True
09edc908-01a4-4661-88ae-a39b1f024453,SPH,cônglập,HN,7140212A,,,,True
2e497487-0dc3-4b06-9ca2-68d885de9174,SPH,cônglập,HN,7140212B,,,,True
356a5573-1e29-422a-8c40-1bf6243ddc8e,SPH,cônglập,HN,7140212C,,,,True
0abe9e4a-7b15-418a-a743-7fd4096b4be6,SPH,cônglập,HN,7140213B,,,,True
2f1f98f5-498b-4579-aeea-6fa5f44f76f3,SPH,cônglập,HN,7140213D,,,,True
4d52060a-34f3-4302-ae51-dcc4ce397ae2,SPH,cônglập,HN,7140217C,,,,True
104b2342-fef7-4f30-8b16-fe190ab4c762,SPH,cônglập,HN,7140217D,,,,True
a7264bf2-55bc-4870-b0b3-3d2d8db9aaf1,SPH,cônglập,HN,7140218C,,,,True
86e62f1e-fb98-457e-9e2c-4288eb42ae40,SPH,cônglập,HN,7140218D,,,,True
e41fc2d1-952c-4080-a56c-7667ee4d5ec8,SPH,cônglập,HN,7140219B,,,,True
cfcbea99-e43a-4c4e-9efa-df774f7fa01d,SPH,cônglập,HN,7140219C,,,,True
1e708dd7-3b5f-40f8-9e63-ec0bb414e210,SPH,cônglập,HN,7140221A,,,,True
31b9c79f-8780-426d-9394-be944bad9849,SPH,cônglập,HN,7140221B,,,,True
5920b9e0-f440-4be6-8a3f-5045a7a27337,SPH,cônglập,HN,7140222A,,,,True
a2fa5be9-c073-46a6-8d50-ba01bb84aaec,SPH,cônglập,HN,7140222B,,,,True
4e33db7c-28e5-4625-bfcb-db45da0da943,SPH,cônglập,HN,7140231A,,,,True
e8afadac-3d30-4cb1-99ef-b662e6e99157,SPH,cônglập,HN,7140233C,,,,True
022a38b4-9e41-4c3d-88bf-4f153a76d6f7,SPH,cônglập,HN,7140233D,,,,True
54e7a46c-6e0d-4826-83f2-b7b4cb3ae18f,SPH,cônglập,HN,7140246A,,,,True
92be4855-d190-4687-a78e-a16569ad2f0d,SPH,cônglập,HN,7140246C,,,,True
0bb7d8f6-244c-4093-95bf-698d7fe93dd1,SPH,cônglập,HN,7220204A,,,,True
170b6369-14e4-47e6-b3cb-bdab3b34bc20,SPH,cônglập,HN,7220204B,,,,True
88446db7-9168-4042-a042-d30a5b81aea3,SPH,cônglập,HN,7229001B,,,,True
3b500ab8-013a-4002-8d54-ffd0ba589b18,SPH,cônglập,HN,7229001C,,,,True
a16ddcc2-d8af-4e7a-bea5-74284b727902,SPH,cônglập,HN,7229030C,,,,True
65dcb316-eaa8-4490-b679-25843390b916,SPH,cônglập,HN,7229030D,,,,True
1c9bd3d4-1399-43a3-89c3-a67a58a877f8,SPH,cônglập,HN,7310201B,,,,True
383e6bc9-cb71-4592-867d-26518bcb5626,SPH,cônglập,HN,7310201C,,,,True
4d50f423-43f2-4be6-92cc-8642a3252948,SPH,cônglập,HN,7310401C,,,,True
7d2beae5-03d7-4136-b196-c8507c374471,SPH,cônglập,HN,7310401D,,,,True
82dcaf0b-0575-44ee-9cde-f4eb59106c9c,SPH,cônglập,HN,7310403C,,,,True
7d753117-65d9-442e-8eab-07916bd07b50,SPH,cônglập,HN,7310403D,,,,True
01df0721-f5da-4fb6-9d1a-8172bd8d5d32,SPH,cônglập,HN,7310630C,,,,True
79a2e268-eade-4761-9f91-e89c8b564e61,SPH,cônglập,HN,7310630D,,,,True
670b9455-e4ae-4268-ab6e-052e90c93592,SPH,cônglập,HN,7420101B,,,,True
145b587e-31f8-4490-92c9-88d35a4966fc,SPH,cônglập,HN,7420101D,,,,True
249909ae-cc26-413f-9677-515df767ac53,SPH,cônglập,HN,7440112A,,,,True
f56c509e-074d-4a87-b301-8380b7457d15,SPH,cônglập,HN,7440112B,,,,True
e1b122a2-ee83-4f62-acaa-9967c185498e,SPH,cônglập,HN,7460101A,,,,True
e29c2d77-fffd-4d8d-badd-64cd80120fa1,SPH,cônglập,HN,7460101D,,,,True
9c71699f-bd4e-4b37-8bb8-be70a8fb822e,SPH,cônglập,HN,7480201A,,,,True
dfcee6c8-9811-462d-80e3-28746716291e,SPH,cônglập,HN,7480201B,,,,True
07e9fb1a-7952-4d0c-a57f-05b0501433ff,SPH,cônglập,HN,7760101C,,,,True
6cf80232-e6fd-47f5-a104-704c170d7e1b,SPH,cônglập,HN,7760101D,,,,True
9e7ad612-3480-4ad3-ab17-0454d986d190,SPH,cônglập,HN,7760103C,,,,True
1f899f65-97b5-4371-99b1-16f03bcd802e,SPH,cônglập,HN,7760103D,,,,True
d501cb9f-b0b4-4151-ad84-9eed79369916,SPH,cônglập,HN,7810103C,,,,True
3f282527-55ad-4473-8219-2176a3a3ad06,SPH,cônglập,HN,7810103D,,,,True
c978bdcb-8de7-4165-b020-a4b8571b2159,GTA,cônglập,HN,GTADCAT2,,,,True
1136959b-f481-4af9-987c-ec2454677297,GTA,cônglập,HN,GTADCBC2,,,,True
20813dff-b8c4-4297-9d2c-2e1debbc8f1b,GTA,cônglập,HN,GTADCBI2,BIM,,,True
1e2bf064-c2ab-4e87-bdc5-39247355e6cb,GTA,cônglập,HN,GTADCCD1,,,,True
cc18c3ca-e34f-402a-9254-8b0d13d597e0,GTA,cônglập,HN,GTADCCD2,,,,True
b9e0d078-049e-4644-9fb3-89eb05f2cd18,GTA,cônglập,HN,GTADCCDD2,,,,True
24152c69-c01e-4293-8834-1e950fba1ce4,GTA,cônglập,HN,GTADCCDJ2,,,,True
7c516715-8561-42c2-b73a-2f2b909bd671,GTA,cônglập,HN,GTADCCH2,,,,True
3cae42d7-561b-4899-b504-4ee3778f6af8,GTA,cônglập,HN,GTADCCI2,,,,True
d8506499-c1da-49ff-beda-fc381e684ef8,GTA,cônglập,HN,GTADCCM2,,,,True
9fc9afb1-943d-4915-b34b-f46836ad7655,GTA,cônglập,HN,GTADCCMJ2,,,,True
a2e774bc-8cf5-42f8-aeba-beb26911aa68,GTA,cônglập,HN,GTADCCN2,,,,True
cedaf557-76a3-4dc8-a857-64408bac85bc,GTA,cônglập,HN,GTADCDD2,,,,True
ca8f6996-83bb-495b-8fd7-561dfa118ed2,GTA,cônglập,HN,GTADCDM2,,,,True
5f80019f-7acd-428b-b320-6773b556a9c5,GTA,cônglập,HN,GTADCDT2,,,,True
8bc1c1dc-db00-49a8-b3ca-305ad57626d5,GTA,cônglập,HN,GTADCDTJ2,,,,True
b58bb00e-0f7a-4be2-9f6a-995d71d39950,GTA,cônglập,HN,GTADCEN2,,,,True
a5ef56e4-a477-4b78-ba8a-969b90bdac2f,GTA,cônglập,HN,GTADCFT2,,,,True
17259ab8-bfcc-4cea-b68e-706b75db289c,GTA,cônglập,HN,GTADCHQ2,,,,True
b393ad4e-9fc4-4e08-bf7c-a521d583709a,GTA,cônglập,HN,GTADCHS2,,,,True
d9062395-33c3-4e4e-9ab7-fdad05708f6e,GTA,cônglập,HN,GTADCHSA2,,,,True
08344348-a911-43da-99d7-f82018fe4100,GTA,cônglập,HN,GTADCHT2,,,,True
fefa9ca4-7242-4655-89c1-00b09e9735b8,GTA,cônglập,HN,GTADCKB2,,,,True
6f0fed08-c7be-4db8-ae33-9306ec5f2e81,GTA,cônglập,HN,GTADCKN2,,,,True
7b959930-769b-4cf5-a6cf-2afbfadac403,GTA,cônglập,HN,GTADCKQA2,,,,True
98de1aad-eee2-44f4-849a-cd2f31fa81a4,GTA,cônglập,HN,GTADCKS2,,,,True
2868c114-d981-4e43-ac6e-bc17179fd013,GTA,cônglập,HN,GTADCKT1,,,,True
888578d6-79b6-489d-acb6-fd5cac80bec4,GTA,cônglập,HN,GTADCKT2,,,,True
0dd6c80f-33ed-4086-96cf-3b258f9cdad4,GTA,cônglập,HN,GTADCKX2,,,,True
f07872bd-975d-4b4c-98b4-23748fb5fd70,GTA,cônglập,HN,GTADCLA2,,,,True
fde919ef-b401-45e9-b4e5-c1ebcd194a93,GTA,cônglập,HN,GTADCLD2,,,,True
18d54393-a164-4f2e-990a-a072648e0233,GTA,cônglập,HN,GTADCLDA2,,,,True
273835ef-d9a8-4456-bbf2-2b5ef3ac0f93,GTA,cônglập,HN,GTADCLG2,,,,True
4cc39d6f-a3ca-4aee-8aab-6693ef88ee79,GTA,cônglập,HN,GTADCLGA2,,,,True
c79fb7ba-50f7-41f5-810a-12480f676be8,GTA,cônglập,HN,GTADCLGJ2,,,,True
b016a7e1-c654-4d84-b004-5f5749e2fe4c,GTA,cônglập,HN,GTADCLH2,,,,True
c72850f5-070b-4c1d-adf3-836026f52e85,GTA,cônglập,HN,GTADCLHA2,,,,True
212ac81f-7afc-4bef-9ade-1a9823802280,GTA,cônglập,HN,GTADCMN2,,,,True
8f9a3d99-dd41-44dd-914c-88f4da35464b,GTA,cônglập,HN,GTADCMT2,,,,True
0671da82-519e-4b79-83c7-6e67db6a0871,GTA,cônglập,HN,GTADCMX2,,,,True
f3747d7e-b7ef-4361-8a93-1667f8e101c4,GTA,cônglập,HN,GTADCOD2,,,,True
36ec3379-05a0-4b58-986a-3f45fbbc8d29,GTA,cônglập,HN,GTADCODA2,,,,True
53a50297-a0eb-4f49-89e0-cca66d4010a6,GTA,cônglập,HN,GTADCOG2,,,,True
627433a3-a849-4d61-a609-5215c2e65ca4,GTA,cônglập,HN,GTADCOH2,,,,True
139a7771-3829-41b5-9219-fa0416a5228d,GTA,cônglập,HN,GTADCOT1,,,,True
dc6c53cc-62e0-442c-a83d-431a38604829,GTA,cônglập,HN,GTADCOT2,,,,True
dc1afa4e-bafd-4b47-8c58-e089af6e1f87,GTA,cônglập,HN,GTADCQM2,,,,True
c0497238-4771-40e5-b89b-55d6584fb1d9,GTA,cônglập,HN,GTADCQMA2,,,,True
24cc3d61-a05b-4369-9e35-66288273e61a,GTA,cônglập,HN,GTADCQT2,,,,True
c315e952-dbfc-446a-a640-45d3ce2cc061,GTA,cônglập,HN,GTADCQX2,,,,True
aa98f732-045d-405f-9741-90e2357b2608,GTA,cônglập,HN,GTADCQXD2,,,,True
0b0a9195-73c2-4e3f-9f1a-90bd499d2081,GTA,cônglập,HN,GTADCRT2,,,,True
81fbc87e-b39a-4d12-8ead-300d6b7b5758,GTA,cônglập,HN,GTADCTD2,,,,True
dad266ca-d654-46d0-b1b2-d68e2c1a5146,GTA,cônglập,HN,GTADCTDA2,,,,True
94ef9567-2915-4f80-9f44-3bcf3892ec10,GTA,cônglập,HN,GTADCTG2,,,,True
030fa12f-1407-4a6e-b61a-7742c1e60f24,GTA,cônglập,HN,GTADCTGA2,,,,True
72a41838-3803-4d55-8e06-2c997126dbec,GTA,cônglập,HN,GTADCTN2,,,,True
a9284e99-7bca-4b62-9081-46517bbe89c8,GTA,cônglập,HN,GTADCTQ2,,,,True
d2cb717c-1025-4a9e-836a-b58ec67cae15,GTA,cônglập,HN,GTADCTT1,,,,True
18d9f2d9-27ac-4f99-a92d-d66ddbfb9e9a,GTA,cônglập,HN,GTADCTT2,,,,True
26ebc1f7-4476-4dec-8967-019227da38b3,GTA,cônglập,HN,GTADCTTA2,,,,True
cf87c452-0cf6-4900-b136-ff51dea32ea9,GTA,cônglập,HN,GTADCVL2,,,,True
3c0c505b-d43c-4615-8317-3a41195a0df2,GTA,cônglập,HN,GTADCVM2,,,,True
96c77722-fceb-4884-8636-4341ddd996d4,GTA,cônglập,HN,GTADCVS2,,,,True
1a6de327-5e59-4b56-99a1-ca020e20b43e,GTA,cônglập,HN,GTADCVV2,,,,True
893ae9d0-00ab-4671-8417-b9137f448a4a,GTA,cônglập,HN,GTADCXQ2,,,,True
e0ba384b-294d-4223-9db7-cb778bbecdbe,GTA,cônglập,HN,GTADKLG2,,,,True
4595d801-889f-4ba4-90ab-c7c8cf8946f3,GTA,cônglập,HN,GTADKTT2,,,,True
a5a35d03-67ef-47ee-9b4f-92857a156eb0,GTA,cônglập,HN,GTADCBG2,,,,True
ece83fe9-5dcc-461b-ba73-8b360fa60359,GTA,cônglập,HN,GTADCBI2,,,,True
b4fa8ac5-c845-47d8-bb1f-90604775a8ad,GTA,cônglập,HN,GTADCCO2,,,,True
b5bd5433-799d-497c-a1f2-1090e77e3ab5,GTA,cônglập,HN,GTADCDT1,,,,True
71bc7f8d-0f5c-4004-8d74-b936691daa29,GTA,cônglập,HN,GTADCDX2,,,,True
d1427ae5-80a4-4c5b-85b7-5c95f83aa03e,GTA,cônglập,HN,GTADCGO2,,,,True
d73ac5df-afd5-429e-9534-28a3c167e443,GTA,cônglập,HN,GTADCH2,,,,True
f9856113-3500-406a-a62b-95df61fc7d44,GTA,cônglập,HN,GTADCIT2,,,,True
325a86e6-02e8-43b5-98e0-a1de8fc3c08f,GTA,cônglập,HN,GTADCKQ2,,,,True
505b7539-57a7-479f-8124-62ac37220757,GTA,cônglập,HN,GTADCKTI,,,,True
5858bdcd-32a7-42ae-8b29-9c9cdf830a5d,GTA,cônglập,HN,GTADCOTI,,,,True
f1bb3d35-d270-4411-8fac-689a49463179,GTA,cônglập,HN,GTADCSS2,,,,True
700ca88f-494b-4d21-b097-f95ef00f4ef8,GTA,cônglập,HN,GTADCTTI,,,,True
9ed4cd58-cb46-4180-92cf-314fa8e9e0dd,GTA,cônglập,HN,GTADNCD2,,,,True
32c550c8-a4e1-4c09-bc8f-686f9be68670,GTA,cônglập,HN,GTADNDT2,,,,True
9f5b9083-3a69-497c-a01e-6d35a39884e5,GTA,cônglập,HN,GTADNLG2,,,,True
b29c9e15-7ffd-42bb-ad0b-5d1f9e1259f9,GTA,cônglập,HN,GTADCCK2,,,,True
91ddae32-3012-430a-8f6c-505ba372fb14,GTA,cônglập,HN,GTADCHL2,,,,True
6b179c51-2a71-4ef4-9664-c6720b5ce8b1,GTA,cônglập,HN,GTADATT2,,,,True
93c76467-d72d-4b47-a7ba-7540c6869706,GTA,cônglập,HN,GTADCBM2,,,,True
22205f46-f39b-4d7c-adb0-69cb078596c6,GTA,cônglập,HN,GTADCCS2,,,,True
82273d3b-3af7-4fca-8883-7700a1cdeaca,GTA,cônglập,HN,GTADCDS2,,,,True
ac05e4a5-8433-4a4f-9b1b-01c22c1898b1,DMT,cônglập,HN,7220201,,,,True
a6eafaa5-7e71-4c73-bd3f-2bf158d98898,DMT,cônglập,HN,7340101,,,,True
350392f7-b301-4054-b58e-e47bb0bf12f6,DMT,cônglập,HN,7340115,,,,True
e73ab58d-1403-4426-9cde-fdee11084860,DMT,cônglập,HN,7340116,,,,True
f81b6b68-aeb0-4e2d-a936-f73f72ca367d,DMT,cônglập,HN,7340301,,,,True
1fd52520-8b31-42b7-8e90-f4a9c5c6b0a0,DMT,cônglập,HN,7380101,,,,True
c0490bc3-a6f0-411d-987b-f0466486ae15,DMT,cônglập,HN,7440222,,,,True
c3eaf854-1c9e-456b-8d59-b37db4d00254,DMT,cônglập,HN,7440224,,,,True
6f9637c1-c945-4f93-a1d1-70798c02764c,DMT,cônglập,HN,7440298,,,,True
f3837bf4-80a9-4893-8428-28c6bb86f75b,DMT,cônglập,HN,7480201,,,,True
c02256c8-44ab-4a84-873a-7040ca6b9d8d,DMT,cônglập,HN,7510406,,,,True
478c3f44-8ddc-47be-ae1e-d363650c93af,DMT,cônglập,HN,7510605,,,,True
2215fd63-1ec4-4745-b7c3-51b6835e4abc,DMT,cônglập,HN,7520501,,,,True
1b03c153-2ed8-41a5-b27c-44517fa105a5,DMT,cônglập,HN,7520503,,,,True
fca89156-1f69-4854-952f-18d603b318fa,DMT,cônglập,HN,7520503PH,,,,True
ddd7ca8f-de89-4863-b307-5a6d211018a0,DMT,cônglập,HN,7540106,,,,True
bf4c86f5-bf85-4a83-8c0e-e46ed9ded16d,DMT,cônglập,HN,7810103,,,,True
1c5c9879-d1e3-401f-b634-851c69267a74,DMT,cônglập,HN,7810201,,,,True
c677b650-6b42-48f0-bc64-7018a7b610f9,DMT,cônglập,HN,7850101,,,,True
2209980e-5fb3-4e06-9f3d-fcd19b26bda8,DMT,cônglập,HN,7850102,,,,True
dd52e0e3-001c-4865-b402-920cf04f4777,DMT,cônglập,HN,7850103,,,,True
0186a54b-a5dd-4f76-9252-fa624309080c,DMT,cônglập,HN,7850103PH,,,,True
65a2c6e8-eb6a-4835-998b-7b9895fba7a1,DMT,cônglập,HN,7850198,,,,True
b0e1bb40-b97d-42b4-add5-b11b77eac11d,DMT,cônglập,HN,7850199,,,,True
613dcadb-cff7-4ea8-b510-2c3a2b64dcc1,DMT,cônglập,HN,7340301PH,,,,True
80e0b9bf-ca03-4e66-87ee-f60c5601fdd0,DMT,cônglập,HN,7420203,,,,True
1d43ab4a-4c5c-4c36-a73c-71833d702f02,DMT,cônglập,HN,7480201PH,,,,True
bc9bfa14-a748-4cba-8287-bab3ee2164b5,DMT,cônglập,HN,75I0406PH,,,,True
834fe272-e082-49eb-9675-ccb48332100e,DMT,cônglập,HN,7810103PH,,,,True
af7ae1f2-60f0-44c1-930d-dde58215cee5,DMT,cônglập,HN,7850101PH,,,,True
72b941df-3442-4097-8e56-01bf8a6eaa5f,DMT,cônglập,HN,7510406PH,,,,True
ed4aaae8-6167-4216-9dc0-db9976f6d5b1,DLX,cônglập,HN,7220201,,,,True
25d8bddd-f2cc-45b0-b994-dc87ea85e384,DLX,cônglập,HN,7310101,,,,True
69194e36-ae0f-47f8-b7a6-9d89b07cc319,DLX,cônglập,HN,7310401,,,,True
86fffb33-4c51-46c0-ac2e-3c1e3ad13b0a,DLX,cônglập,HN,7340101,,,,True
c2bf6b17-8b98-4131-ae27-4abb7c2520a2,DLX,cônglập,HN,7340201,,,,True
2a3ed70e-a1c0-4d60-8a71-f16c3320423b,DLX,cônglập,HN,7340204,,,,True
86a6d5d7-1ba6-4a3a-9dfa-a86158114033,DLX,cônglập,HN,7340207,,,,True
393051c2-950b-4912-a36f-c128604f0484,DLX,cônglập,HN,7340301,,,,True
a8f19e9d-5fd4-4b9a-bb40-458c0f57ada8,DLX,cônglập,HN,7340302,,,,True
3fe6914b-43fa-4dee-a93e-039a14cf1bca,DLX,cônglập,HN,7340404,,,,True
a4aa62e9-6bc5-4ede-bc1a-9074074836e2,DLX,cônglập,HN,7340405,,,,True
0902d7e0-9cb3-4d54-9c21-fc2ed17818ed,DLX,cônglập,HN,7380107,,,,True
f802c16c-88ef-48d8-a80e-738a22b4d539,DLX,cônglập,HN,7480201,,,,True
db9a15f3-fef0-4ec3-bd64-ff76a585f2b2,DLX,cônglập,HN,7760101,,,,True
b1cb5135-97dd-4049-98cb-7d7c5bbb1f1b,DLX,cônglập,HN,7810103,,,,True
f19b20f9-16e2-403d-8b60-e6312182d722,LDA,cônglập,HN,7220201,,,,True
e29e3d0e-59dd-4540-b56d-34d00b7dbdbe,LDA,cônglập,HN,7310101,,,,True
f84cff0e-e680-4463-81a9-5be4492abd92,LDA,cônglập,HN,7310301,,,,True
aaa44208-a531-40e1-ab52-ac1c20cffd4a,LDA,cônglập,HN,7310630,,,,True
9bc12ae8-cdda-4578-95de-14a36dcb48f6,LDA,cônglập,HN,7320105,,,,True
637b7464-1784-4d87-820d-bea8621e0d2d,LDA,cônglập,HN,7340101,,,,True
039e9ea9-8e52-4947-a9dc-9fd01c64d414,LDA,cônglập,HN,7340101P,,,,True
c62b8bdf-3a9d-4dac-b90a-8f8f669f434a,LDA,cônglập,HN,7340201,,,,True
a588e833-a60f-4719-bd0d-920a293d72af,LDA,cônglập,HN,7340301,,,,True
2a3f7558-0bf7-4611-bf98-24a3197f771e,LDA,cônglập,HN,7340404,,,,True
216bf0ec-de0f-4db3-8329-277b29cd290b,LDA,cônglập,HN,7340408,,,,True
fd7891c9-4099-4e20-bb6d-60c523f8ef0f,LDA,cônglập,HN,7380101,,,,True
c6c4407b-2c97-4a26-a61f-7018d667a3ed,LDA,cônglập,HN,7460108,,,,True
55c50ec1-b17c-4d2b-9205-66dea0c012cd,LDA,cônglập,HN,7480201,,,,True
78c418bc-b97f-4ac6-85cf-7dc01dd28b80,LDA,cônglập,HN,7760101,,,,True
2fc2ba7b-bc5b-4db6-8cb3-5ca969656d8e,LDA,cônglập,HN,7810101,,,,True
cb437b40-9669-485e-b675-ea9c82b37e5d,LDA,cônglập,HN,7850201,,,,True
8c7fdaf3-e718-482a-b2c3-87498b545e7b,VHH,cônglập,HN,7220201,,,,True
35761035-6e29-4ff6-b0ed-650c839d8929,VHH,cônglập,HN,7229040A,,,,True
017860a8-9441-412a-ab7d-af2efb227911,VHH,cônglập,HN,7229040B,,,,True
a8c1167f-9e68-47cd-ac75-a33bc8c3186a,VHH,cônglập,HN,7229040C,,,,True
0d1b8285-1ccc-417e-bb29-ac9661d143df,VHH,cônglập,HN,7229042A,,,,True
1b8a238c-0e15-45d6-99de-d64866793047,VHH,cônglập,HN,7229042B,,,,True
075636a4-e1c4-4d43-959b-714667612c01,VHH,cônglập,HN,7229042C,,,,True
c739dfa2-a542-4892-bd2c-1346355c5286,VHH,cônglập,HN,7229042D,,,,True
a914e61b-481a-4c21-94f0-cd306891f85a,VHH,cônglập,HN,7320101,,,,True
a7895f22-91bd-4070-a574-e0aec3a647f7,VHH,cônglập,HN,7320201A,,,,True
91841ce8-3426-4f1c-808b-a419d4c9ac18,VHH,cônglập,HN,7320201B,,,,True
70160e3e-23fc-4b72-a5c8-5e349868e038,VHH,cônglập,HN,7320205,,,,True
bc4e278b-a7ab-43f8-acfe-fdd146903df6,VHH,cônglập,HN,7320305,,,,True
aafc961e-00aa-4e43-a7e7-91cc93ddd53f,VHH,cônglập,HN,7320402,,,,True
a9d23033-87df-4aaf-bb9e-ad05734ec359,VHH,cônglập,HN,7380101,,,,True
44644c19-73dd-4edc-a5cc-036ac1ee8d5e,VHH,cônglập,HN,7810101A,,,,True
9e46f581-8782-4aef-bad1-cea5648caf50,VHH,cônglập,HN,7810101B,,,,True
03faa0de-5353-48f9-ab11-9145322a8f69,VHH,cônglập,HN,7810101C,,,,True
ea6f4f8f-2754-4890-8839-f0f7593330fd,VHH,cônglập,HN,7810103A,,,,True
ed69c971-1415-4ca4-952f-530b172e98b7,VHH,cônglập,HN,7810103B,,,,True
0f6c154d-8091-4807-9a08-cc39609dcbcb,VHH,cônglập,HN,7220112A,,,,True
184e5bcc-b649-4d34-9cb0-ffd4d0bbb1a4,VHH,cônglập,HN,7220112B,,,,True
4dbe9e65-8097-4e5d-8c01-fc86551e5f06,VHH,cônglập,HN,7229042E,,,,True
72d27077-e3bf-42d5-bd4c-cc38d88471db,VHH,cônglập,HN,7320201,,,,True
3dbb08f7-d073-4c7b-8579-35bb2921a0f3,VHH,cônglập,HN,7810103,,,,True
580ac3df-da10-4804-92ea-bf4a077a5cc2,VHH,cônglập,HN,72202001,,,,True
30214979-bf1d-458a-b86b-2a792b9eb192,VHH,cônglập,HN,7220110,,,,True
6d7bc3fa-7bed-4023-90a0-12beef2e3b42,FPT,dânlập,HN,7220201,,,,True
79e3c9bd-a622-4566-b99c-42af394101fd,FPT,dânlập,HN,7220204,,,,True
1a9fb4b7-87cc-427f-b2e4-8f88ed4bfa21,FPT,dânlập,HN,7220209,,,,True
bbbe5fce-0d77-4b82-8fee-ac93ac883e3b,FPT,dânlập,HN,7220210,,,,True
e2d64063-56f5-4634-a39c-dfa205403a42,FPT,dânlập,HN,7320106,,,,True
f88790ce-46a0-4ff1-ad40-ffed1655052e,FPT,dânlập,HN,7340101,,,,True
3924d6ac-1a9e-42df-ae11-2636056fe4d5,FPT,dânlập,HN,7480201,,,,True
3b5d8b1c-c9cd-4845-be47-1c188e55869e,DTL,dânlập,HN,7220201,,,,True
47ddd5bd-0a02-4347-aa39-e0a20968c606,DTL,dânlập,HN,7220204,,,,True
fc13fa37-ea89-4854-91fc-951bb79de03e,DTL,dânlập,HN,7220209,,,,True
6abf6338-da2d-4e60-9004-ad7d971e3c61,DTL,dânlập,HN,7220210,,,,True
4f4d89bf-6f68-406e-a17d-7f9705fcbfea,DTL,dânlập,HN,7310106,,,,True
1fd6be86-8a98-492f-a74d-eccfa842ea92,DTL,dânlập,HN,7310630,,,,True
a110f948-e3e7-4027-98e4-67d112cc2a77,DTL,dânlập,HN,7320104,,,,True
abf94029-cccf-4fae-b4b0-23491fbe7dbb,DTL,dânlập,HN,7340101,,,,True
541e5a1e-4db2-4f3b-97f5-d81b077bf024,DTL,dânlập,HN,7340115,,,,True
3aff4bfe-b31a-4115-ae0e-6e6e63231144,DTL,dânlập,HN,7340122,,,,True
53225dd2-4a04-469b-a331-10e9509deff2,DTL,dânlập,HN,7340201,,,,True
e3d2d24a-2e30-4145-8d2d-4cdd7dbbf8be,DTL,dânlập,HN,7340301,,,,True
99e76783-3ed0-49aa-ba91-fc8df0aa09ff,DTL,dânlập,HN,7380107,,,,True
ea39be34-4441-47e2-aba3-61f296a6d2f8,DTL,dânlập,HN,7480101,,,,True
c4fcb9e7-c5d0-451d-beab-1eb4a11a8d12,DTL,dânlập,HN,7480102,,,,True
09cb5f1c-ebb5-47c8-aba6-91d9dcac4c53,DTL,dânlập,HN,7480104,,,,True
a78561aa-216a-489f-8fa2-6945413eed94,DTL,dânlập,HN,7480201,,,,True
5d094811-6cf5-4bf4-8508-0edebf4442e7,DTL,dânlập,HN,7480207,,,,True
4e2de4b8-6522-413a-824c-5597874f634c,DTL,dânlập,HN,7510605,,,,True
064c5851-f7e7-4924-952e-cce681fb1f8b,DTL,dânlập,HN,7720301,,,,True
f45a8232-1b72-4ad0-92f3-285ba5e05bad,DTL,dânlập,HN,7810103,,,,True
8b4a2fb1-7242-4281-9059-429ec6a7a078,DTL,dânlập,HN,7810201,,,,True
c2d8374c-bffc-4f35-b920-d1441a0e8824,DTL,dânlập,HN,7210403,,,,True
1fb8d7d0-6958-4937-8548-16a55e754e12,DTL,dânlập,HN,7210205,,,,True
abbface6-4830-4154-9376-9a8ff9c87631,DKS,cônglập,HN,DKS-KS1,,,,True
bc22e643-9c10-4b00-b055-0ea9e609dccf,DKS,cônglập,HN,DKS-KS2,,,,True
44a2df27-e005-470f-ad42-e97f93a00500,DKS,cônglập,HN,DKS-KS3,,,,True
f15f1c7f-4fd5-45e1-8e53-18a268c074c7,DKS,cônglập,HN,DKS-KS4,,,,True
de3c2de3-6c70-4ea1-9796-7522599df8bb,DKS,cônglập,HN,DKS-LKT,,,,True
d33a919b-e8ce-436d-b596-16ef12a51679,DKS,cônglập,HN,DKS-LUAT,,,,True
d5fc85d7-ed73-4c8d-bcd3-30186afa59ce,DKS,cônglập,HN,7380101,,,,True
d20c7d26-b68d-47f1-97ce-bcdb7d0e54b2,DKK,cônglập,HN,7220201DKD,,,,True
86b6ea18-61aa-4546-af86-59d697977f53,DKK,cônglập,HN,7220201DKK,,,,True
1f81ee38-83e4-46ea-adf2-5a75936a6897,DKK,cônglập,HN,7340101DKD,,,,True
7eadea5d-3e0d-47e0-8b89-bad3115659af,DKK,cônglập,HN,7340101DKK,,,,True
dba1a37e-84aa-400f-9001-d0d94a6f05dd,DKK,cônglập,HN,7340115DKD,,,,True
3b52516b-6096-4ae7-b9e5-9594fb13a660,DKK,cônglập,HN,7340115DKK,,,,True
3210075e-db0a-4bc6-b977-1f506e983b88,DKK,cônglập,HN,7340121DKD,,,,True
49ce5a4c-97db-4595-a13c-0a22ff87133e,DKK,cônglập,HN,7340121DKK,,,,True
b4c1edf0-77c1-43b5-bc1e-d2d4369246a3,DKK,cônglập,HN,7340201DKD,,,,True
31575438-c5fb-4e68-bece-2eb0eb05202f,DKK,cônglập,HN,7340201DKK,,,,True
1616a275-e37e-444d-b3b4-cc479a7d089f,DKK,cônglập,HN,7340204DKD,,,,True
f3b783bf-5953-4b61-bc49-ecf35d777b0b,DKK,cônglập,HN,7340204DKK,,,,True
fc546af9-3b48-4932-9d9d-ac89b43046c1,DKK,cônglập,HN,7340301DKD,,,,True
ce004428-1cf2-4939-870e-9c312c1b587f,DKK,cônglập,HN,7340301DKK,,,,True
3f36a2d7-3ead-4745-967b-715cf8ee0f02,DKK,cônglập,HN,7340302DKD,,,,True
d8194c11-1ee9-4eba-8e47-561d09b43213,DKK,cônglập,HN,7340302DKK,,,,True
5c4a7e18-6b5f-423f-a227-b82340198e6f,DKK,cônglập,HN,7460108DKD,,,,True
e43e6e00-1adf-4297-8560-43d86864d343,DKK,cônglập,HN,7460108DKK,,,,True
e42f0486-5114-478f-818b-4c0cf11e30d3,DKK,cônglập,HN,7480102DKD,,,,True
a8b1dffa-38b1-438b-89bf-17b075d08628,DKK,cônglập,HN,7480102DKK,,,,True
99499d34-4abb-42d9-8585-8eacdaf3a674,DKK,cônglập,HN,7480108DKD,,,,True
84a9f5bb-8944-4efb-828b-b88280efc1c6,DKK,cônglập,HN,7480108DKK,,,,True
c8c91db7-757e-4010-9773-2e77272f4eac,DKK,cônglập,HN,7480201DKD,,,,True
6a5c7fb1-55d7-4f8d-b563-aaae7c2a6771,DKK,cônglập,HN,7480201DKK,,,,True
e1afcf5a-e25b-4aa3-ae7d-85b6a5d0543f,DKK,cônglập,HN,7510201DKD,,,,True
8f428d67-8e15-46cd-a0ec-cd2ee71b3ec5,DKK,cônglập,HN,7510201DKK,,,,True
74b050bb-04f5-4344-a29e-e688521474c6,DKK,cônglập,HN,7510203DKD,,,,True
95323b6a-b4e4-4f8b-b0e8-d9a42424600c,DKK,cônglập,HN,7510203DKK,,,,True
7f9e2ae9-2230-4250-b88b-8693205b78f7,DKK,cônglập,HN,7510205DKD,,,,True
a672e6a1-9c89-4da5-a263-846a9f3f6fc9,DKK,cônglập,HN,7510205DKK,,,,True
c9f1a5a6-e439-4953-8da6-57a45c93ff88,DKK,cônglập,HN,7510301DKD,,,,True
ff358f25-85c3-408e-a1e3-a760b598ccef,DKK,cônglập,HN,7510301DKK,,,,True
9d4dea16-d650-436c-bd76-bb94e5451337,DKK,cônglập,HN,7510302DKD,,,,True
4f215306-fa0e-4442-8f63-8ce2c583e8ee,DKK,cônglập,HN,7510302DKK,,,,True
abc4f808-ff7b-45d3-b31f-71626fe5dab3,DKK,cônglập,HN,7510303DKD,,,,True
b92adf29-d4b4-4c91-b075-d7ebb1a538f2,DKK,cônglập,HN,7510303DKK,,,,True
b75e0f29-be8b-414e-8648-3e41a0077eae,DKK,cônglập,HN,7510605DKD,,,,True
4b36ed6b-ed4f-45f2-aa4e-766670b7fde8,DKK,cônglập,HN,7510605DKK,,,,True
a5b321cd-a72e-4d19-8e01-6d1f24c3adbd,DKK,cônglập,HN,7540101DKD,,,,True
11bd5748-2c17-469d-a130-98d2753b83d6,DKK,cônglập,HN,7540101DKK,,,,True
b446372d-6f3a-4eb3-a9b1-5c627bd57b39,DKK,cônglập,HN,7540106DKD,,,,True
47dcafaf-7bbe-4aea-aacb-00d2b93e0afc,DKK,cônglập,HN,7540106DKK,,,,True
4ab711fa-f09c-4b81-9fe0-bf8eb8c11325,DKK,cônglập,HN,7540203DKD,,,,True
0181b177-7ff5-43b9-b21a-74001e8d51a2,DKK,cônglập,HN,7540203DKK,,,,True
c721b80c-fcc5-4108-b0e8-390ce261ecba,DKK,cônglập,HN,7540204DKD,,,,True
5824889f-9322-47b6-a75a-56c580b8968e,DKK,cônglập,HN,7540204DKK,,,,True
8c4a2ca2-4ee2-436f-b26e-f6c389b40ee7,DKK,cônglập,HN,7810103DKD,,,,True
8f7d32df-ed39-4352-96bc-60babc76f374,DKK,cônglập,HN,7810103DKK,,,,True
0326b7d0-9127-47ee-9ffc-a795f7297566,DKK,cônglập,HN,7810201DKD,,,,True
dbb9c249-fdc3-402b-b1e9-e1a0e0b5acd0,DKK,cônglập,HN,7810201DKK,,,,True
05e48f7f-6ec8-4d21-805c-72cf64e09091,DKK,cônglập,HN,7540202DKD,,,,True
3417216a-3a07-4104-97a7-a71d15aa4ec0,DKK,cônglập,HN,7540202DKK,,,,True
a29e703c-d7f9-40ee-8894-96e4c27d1589,YTC,cônglập,HN,7460108,,,,True
c4d4e0b8-1488-4c5a-b417-97d29ac1c8cb,YTC,cônglập,HN,7720401,,,,True
85ad5d0d-faab-4edf-a097-73b7762279f3,YTC,cônglập,HN,7720601,,,,True
152ebaa0-49e4-48f8-a63d-1c768760f7c1,YTC,cônglập,HN,7720603,,,,True
f5d07261-dc8a-4a9d-b649-14bc2e60691c,YTC,cônglập,HN,7720701,,,,True
f7031511-292d-4422-9d4d-85ea24090eb5,YTC,cônglập,HN,7760101,,,,True
25518c14-b421-43ae-85e3-77ebb9d05203,YTC,cônglập,HN,7510406,,,,True
3f145d66-bd5f-40f6-9373-4fddfca886e8,PKA,dânlập,HN,BI01,,,,True
12d5b573-f8ba-4c7b-8db4-7ae9b41ab627,PKA,dânlập,HN,BMS,,,,True
55e67980-337a-428c-b81c-2372d0ebdb73,PKA,dânlập,HN,CHE1,,,,True
ffd89f3c-09a3-45b2-bc03-1a7f6dede213,PKA,dânlập,HN,DEN1,,,,True
4a2d92ed-c077-42c1-9952-8b77980190c0,PKA,dânlập,HN,EEE-AI,,,,True
f1ce3bb3-675d-43e3-8f13-bb5610a728ab,PKA,dânlập,HN,EEE1,,,,True
0309de98-2431-4abb-a702-d1b44dbd1f01,PKA,dânlập,HN,EEE2,,,,True
e5a84ef3-29f2-464e-9ab9-7dfe644a6eb4,PKA,dânlập,HN,EEE3,,,,True
ab59a1a8-568b-41a8-8610-dfc7cc3c747d,PKA,dânlập,HN,EEE4,,,,True
4ef54f91-2000-43e3-b7b7-bb62b36bca76,PKA,dânlập,HN,F0L1,,,,True
3a5dae46-1539-45a6-b685-72343966160f,PKA,dânlập,HN,F0L2,,,,True
a8ebbdbc-4b03-42c0-9712-a6a20577c1b2,PKA,dânlập,HN,F0L3,,,,True
d6403e2f-98ac-4b73-b7ad-c0a32183be97,PKA,dânlập,HN,F0L4,,,,True
d308059e-7b2a-4da5-b48d-11345c3c06fb,PKA,dânlập,HN,F0L5,,,,True
112c8a14-2647-4ae0-9354-f4a1ddc6db34,PKA,dânlập,HN,F0S1,,,,True
5a09ccde-25c8-42da-8169-6dfb00e2c5fb,PKA,dânlập,HN,FBE1,,,,True
66e1bf94-ba75-4c19-8f97-d88d5dc8b20e,PKA,dânlập,HN,FBE2,,,,True
fbc0a0b7-cbb2-44c8-81b0-3cf64a4683de,PKA,dânlập,HN,FBE3,,,,True
e25a11da-7966-4cca-82bd-b94aed9ee1ac,PKA,dânlập,HN,FBE4,,,,True
c1d2ffd4-392f-4883-a600-92552b3577a6,PKA,dânlập,HN,FBE5,,,,True
c3281bca-4dbc-420e-b8a3-dd67a4802674,PKA,dânlập,HN,FBE6,,,,True
f793a67f-0760-4523-b48b-ed980d993f76,PKA,dânlập,HN,FBE7,,,,True
476bb3e2-eec5-440d-acb8-d41c2d5aed1b,PKA,dânlập,HN,FBE8,,,,True
d74b5743-f5b8-4ddf-a78a-47a084464719,PKA,dânlập,HN,FIDT1,,,,True
81af77ca-bb3b-4952-b45a-be873057d161,PKA,dânlập,HN,FIDT2,,,,True
1624981e-977f-460e-83ab-c787164633e8,PKA,dânlập,HN,FIDT3,,,,True
1b7b6982-04e6-4f75-83dd-dc49231814c6,PKA,dânlập,HN,FIDT4,,,,True
5857de87-3963-4ea7-b82d-fa00a5e649a1,PKA,dânlập,HN,FIDT5,,,,True
d24d3b1c-0cf0-4f18-9b48-660afe18ca7d,PKA,dânlập,HN,FIDT6,,,,True
e9f66ac6-d207-4969-ae89-6f07f02d52bd,PKA,dânlập,HN,FIDT7,,,,True
0474cdcf-e59d-4f61-b143-f389c0f7e7b5,PKA,dânlập,HN,FLC1,,,,True
1fc69e39-ffdd-41d4-b609-98e0e8663639,PKA,dânlập,HN,FLE1,,,,True
8fc504c3-d351-4b7e-b631-a860ae29baae,PKA,dânlập,HN,FLF1,,,,True
23d97aea-02c9-4e0f-b3db-6e15e6e5c296,PKA,dânlập,HN,FLJ1,,,,True
93cd21a4-a4a2-4597-a4bf-96f080615bfa,PKA,dânlập,HN,FLK1,,,,True
e4816ace-858c-4950-85f6-7f3e1c828d1c,PKA,dânlập,HN,FTME,,,,True
bea20c9f-1796-4be0-a016-170a0da830cc,PKA,dânlập,HN,FTS1,,,,True
61f0676f-7a8e-4434-bd1f-6ba84a0566b6,PKA,dânlập,HN,FTS2,,,,True
a3a1cc77-6a83-49f5-970d-4b5310a8e285,PKA,dânlập,HN,FTS3,,,,True
aff7279e-1a2b-4e79-97c2-7258c67f35ea,PKA,dânlập,HN,FTS4,,,,True
b573b406-9d1c-4c31-a205-02dde2392059,PKA,dânlập,HN,HM1,,,,True
add3a83d-6176-4c20-90ce-74313e7aad6d,PKA,dânlập,HN,ICT-TN,,,,True
e1fb4e16-6c55-4cf8-9043-bceffddb881e,PKA,dânlập,HN,ICT-VJ,,,,True
5aef48ac-a22e-4b25-8f7e-21b6ce2d1354,PKA,dânlập,HN,ICT1,,,,True
39e76969-7de0-4434-9ecb-05fbf7920fd1,PKA,dânlập,HN,ICT2,,,,True
bdd2c159-59ce-4de1-bf02-87bf9ef51b16,PKA,dânlập,HN,ICT3,,,,True
ed43c67b-0d32-4531-99c2-e35ef41dd165,PKA,dânlập,HN,ICT4,,,,True
0e3dc008-358f-4084-b594-1c126a54db50,PKA,dânlập,HN,ICT5,,,,True
9e1f6b02-9999-4ead-a1d6-7fc1d61eeed4,PKA,dânlập,HN,MED1,,,,True
26a277c0-0afb-49c8-a1d6-e5b5c04e7b26,PKA,dânlập,HN,MEM1,,,,True
a08d470b-5dd1-408e-ad48-ae47e90212ea,PKA,dânlập,HN,MEM1-IMS,,,,True
c857da8b-20f8-4d39-9992-16889be382ba,PKA,dânlập,HN,MEM2,,,,True
70f42ace-8bee-4e19-b6a8-0acbed91d6f0,PKA,dânlập,HN,MIW,,,,True
01c28681-e3cc-40a4-8af2-b022d9139d7a,PKA,dânlập,HN,MSE-AI,,,,True
48fd55d2-c703-4df8-87e3-a44d524ae450,PKA,dânlập,HN,MSE-IC,,,,True
bafed533-6b98-4dec-8a48-9b38e3cd3a2e,PKA,dânlập,HN,MSE1,,,,True
acd6e411-b75b-4769-9147-766d24a5bb5c,PKA,dânlập,HN,MTT1,,,,True
80d71505-c930-4c3d-af72-acba9b5bedde,PKA,dânlập,HN,NUR1,,,,True
b50913d3-9afc-4152-93f0-878b5af40e8e,PKA,dânlập,HN,PHA1,,,,True
318602e8-6a1d-4733-9c4c-a0a98bd2624e,PKA,dânlập,HN,RET1,,,,True
04d6c874-2bca-4231-bc40-2f8bf94a0c73,PKA,dânlập,HN,RTS1,,,,True
481fab66-543b-4b72-80b6-754e20b1fcf1,PKA,dânlập,HN,VEE1,,,,True
4bb8e728-9f8d-44ce-a02c-8012b7f1697c,PKA,dânlập,HN,VEE2,,,,True
3e74dd52-9dbe-41b6-9deb-c14910e84dd3,PKA,dânlập,HN,VEE3,,,,True
04c120e7-1b89-478e-8ba4-3b125b9f2aca,PKA,dânlập,HN,FBE9,,,,True
c3c87cb8-51b5-4151-98ab-23e407968334,PKA,dânlập,HN,BIO1,,,,True
568accd2-c8b8-4931-bcff-719e58a32026,PKA,dânlập,HN,FOS1,,,,True
58d9808d-9a10-4b2e-b11c-e9bbf2bda32b,PKA,dânlập,HN,ICT-AI,,,,True
1dc84b6c-9363-465a-b7cb-c70c8cc8ebc9,PKA,dânlập,HN,FSP1,,,,True
fddda91d-a5cb-4cc1-aa7b-5674a947ec45,VHD,dânlập,HN,7310101,,,,True
e02b3d5c-2832-4ea7-9552-e2ebc0805d7b,VHD,dânlập,HN,7310109,,,,True
d928e19b-90b7-4775-8f49-9007a6783754,VHD,dânlập,HN,7340101,,,,True
16b5ce39-d565-4433-85d3-ca6effd3661c,VHD,dânlập,HN,7340115,,,,True
4c457a37-d4fc-418d-85f5-d8d849738332,VHD,dânlập,HN,7340201,,,,True
678b467a-2aed-49d1-b9c6-d2c9b76e1004,VHD,dânlập,HN,7340205,,,,True
ddf414e0-796f-4e2f-9eb0-b9bcb1e32a2d,VHD,dânlập,HN,7480101,,,,True
f2a43d5a-96dd-43f7-ad9d-8845c8ce4653,VHD,dânlập,HN,7480201,,,,True
3050d202-94c1-4cf4-86b7-4214210eefd9,VHD,dânlập,HN,7510103,,,,True
3852ca88-fc3d-4069-bb42-b0352f5fe137,VHD,dânlập,HN,7510201,,,,True
f5567a52-d849-4176-b35b-1266cfa06031,VHD,dânlập,HN,7510205,,,,True
9ac68272-c036-4717-988c-63e6ff076e6e,VHD,dânlập,HN,7510301,,,,True
46c5a61b-529a-4d45-a2c4-7dd6508a42de,VHD,dânlập,HN,7510302,,,,True
d4ed3e3c-bb73-4237-89a4-3446961113aa,HNM,cônglập,HN,7140114,,,,True
10a1f0b2-224b-4ccc-96b9-8bab5f975d08,HNM,cônglập,HN,7140201,,,,True
704ad057-0fac-4876-a3ee-ae56a0595ade,HNM,cônglập,HN,7140202,,,,True
ffd5282e-1afc-426a-81a5-b27b8ec04213,HNM,cônglập,HN,7140203,,,,True
29021f64-ed2d-494b-805c-d4576dda609b,HNM,cônglập,HN,7140204,,,,True
331858ef-01ac-451c-8adf-f4504fc69e6b,HNM,cônglập,HN,7140206,,,,True
8a5c1171-1c2d-4f0f-a785-481724b81716,HNM,cônglập,HN,7140209,,,,True
5527f760-6c79-4095-860f-705dcc446879,HNM,cônglập,HN,7140210,,,,True
c5ee1b4b-6f20-456f-ab5d-8872fc3a9290,HNM,cônglập,HN,7140211,,,,True
17b639fa-7143-415c-a03a-80ab6cc4930f,HNM,cônglập,HN,7140217,,,,True
7b57611f-2c69-4550-8b5c-24bdd27d4a2d,HNM,cônglập,HN,7140218,,,,True
b659caae-e848-450b-9d8b-8e48cdc77dfd,HNM,cônglập,HN,7140231,,,,True
d3fddb14-d649-4959-8a01-470c3bde65cb,HNM,cônglập,HN,7220201,,,,True
8d0cab3d-7a57-4e43-83c8-b49331895952,HNM,cônglập,HN,7220204,,,,True
e5380257-d060-4d16-8909-5c7604ed3615,HNM,cônglập,HN,7229030,,,,True
b352a69b-312e-4cc5-802d-c2e206af1b78,HNM,cônglập,HN,7229040,,,,True
f3ac1132-99ac-43f2-886f-b8c9429b8925,HNM,cônglập,HN,7310110,,,,True
e9a37159-a482-46e6-a12c-e76569cec760,HNM,cônglập,HN,7310201,,,,True
ad23e91e-38dc-4604-918e-9ae1a2f11e5c,HNM,cônglập,HN,7310401,,,,True
c16a0dd8-60b3-4a79-a507-58e433d374f7,HNM,cônglập,HN,7310630,,,,True
5bbb6e16-ebca-4b9c-adc8-96d02e129346,HNM,cônglập,HN,7340101,,,,True
dabf6ec2-a7b8-4a14-857e-f5f242455a9f,HNM,cônglập,HN,7340201,,,,True
459d81ec-098d-446b-89e9-180262b1eb58,HNM,cônglập,HN,7340403,,,,True
ca420596-6511-4133-b5b4-0f7edea228ee,HNM,cônglập,HN,7380101,,,,True
f9552117-4aa1-4c5e-a4fc-cf6d192d4091,HNM,cônglập,HN,7460112,,,,True
ebfb5498-c034-485f-881f-e8bb23cf4329,HNM,cônglập,HN,7480201,,,,True
2279cb01-ea04-4c07-8a41-3cf8edf82abf,HNM,cônglập,HN,7510406,,,,True
c8270bf9-8d0c-450b-9cd7-76738e35f97d,HNM,cônglập,HN,7510605,,,,True
6df3c1e8-b76f-406b-8196-bc6fe782a145,HNM,cônglập,HN,7760101,,,,True
b1f95a4f-3b19-4136-aaba-b3effe987bc7,HNM,cônglập,HN,7810103,,,,True
0199e269-5450-4067-ab3a-0ff6d478751b,HNM,cônglập,HN,7810201,,,,True
939cef53-d4bc-42d4-828f-3e890285517c,HNM,cônglập,HN,7850201,,,,True
7b88ca7c-f3e9-43d5-afdd-46c98b6a93e7,CCM,cônglập,HN,7210403,,,,True
4cdef760-7f34-40f2-a763-d9914e88d051,CCM,cônglập,HN,7210404,,,,True
c1292fa3-b5fc-4c9f-bbdf-1c1393590e6e,CCM,cônglập,HN,7340101,,,,True
448f314f-dcdb-4f63-879b-69a1404f9761,CCM,cônglập,HN,7340115,,,,True
67916721-7b6c-4d24-90c8-0ac59b44aa14,CCM,cônglập,HN,7340122,,,,True
61546a96-ee86-4dd0-b4e5-1ff3df1f2828,CCM,cônglập,HN,7340301,,,,True
0933c4df-c15e-48aa-95f6-dba4df7f3b53,CCM,cônglập,HN,7510201,,,,True
9dc5f997-f679-452b-ad50-f268c2ac6d4c,CCM,cônglập,HN,7510301,,,,True
0e9602e1-377e-4761-873e-3215931f4cbc,CCM,cônglập,HN,7510601,,,,True
ad323e5d-6bd1-46fa-9ac4-9bc5d4b5b636,CCM,cônglập,HN,7540202,,,,True
b0b9f842-df67-4f7a-b53a-ed0a94b46cf8,CCM,cônglập,HN,7540209,,,,True
0473cfc8-7c23-4073-912c-96741aa193b3,DQK,dânlập,HN,7210403,,,,True
800a1580-4496-41b8-822a-25b44291797f,DQK,dânlập,HN,7220201,,,,True
814a0331-6046-4ee6-8841-9ecca371e684,DQK,dânlập,HN,7220202,,,,True
24b49096-1dd2-4c76-9d55-b53c5b91c897,DQK,dânlập,HN,7220204,,,,True
351d42c2-a0c4-4541-995f-4f45463181ba,DQK,dânlập,HN,7310101,,,,True
0a81315e-680e-4f25-9b4b-949f02f9f04f,DQK,dânlập,HN,7310205,,,,True
a8fe9752-896d-4d68-84a1-c2bb179313f5,DQK,dânlập,HN,7340101,,,,True
e4a0cbfe-c34f-4768-ba76-7e29a8c53ad5,DQK,dânlập,HN,7340120,,,,True
29548926-bc7b-4291-8a29-eee7cd175a03,DQK,dânlập,HN,7340201,,,,True
f5d8d535-a350-4e89-b774-e3fde5c211a8,DQK,dânlập,HN,7340301,,,,True
fddfe28c-5934-4094-b5d3-b9c2fdcde757,DQK,dânlập,HN,7380107,,,,True
96445f79-0dc0-4ccb-9546-2e2a27976615,DQK,dânlập,HN,7480201,,,,True
51056f6b-5f37-4c37-ab4e-a10b23620809,DQK,dânlập,HN,7510203,,,,True
2275c3a7-fac3-45b1-97b3-e40b12512e75,DQK,dânlập,HN,7510205,,,,True
5d8e401f-0540-4dcd-8f3a-1fa698dee960,DQK,dânlập,HN,7510301,,,,True
01596364-c5ad-4448-bddc-e5b30fa15255,DQK,dânlập,HN,7510406,,,,True
6af0a43c-95b3-437f-b428-b8795323ffea,DQK,dânlập,HN,7580101,,,,True
52a5b9d5-0503-4d21-ae06-345577f7f3f0,DQK,dânlập,HN,7580106,,,,True
fdcd320f-7e13-430b-bd59-1bf8ea74c234,DQK,dânlập,HN,7580108,,,,True
069e4122-df29-4e0d-a47d-677f1e935da2,DQK,dânlập,HN,7580201,,,,True
880b7cfe-0493-4e21-b9d5-b0c7e2b45b55,DQK,dânlập,HN,7720101,,,,True
4792e97b-623f-4870-b008-d26cae38c1d9,DQK,dânlập,HN,7720201,,,,True
986abdae-bea4-421b-a968-cfa8ff29d717,DQK,dânlập,HN,7720301,,,,True
1eea42e2-5331-4d03-a99b-80a3d9e370a2,DQK,dânlập,HN,7720501,,,,True
c347ca32-1140-4726-bf95-cf8029ffdeea,DQK,dânlập,HN,7810103,,,,True
4a14d2d1-5052-4f88-ba88-a3568c67d6ee,DQK,dânlập,HN,7850101,,,,True
64f5e2a0-22cc-4075-b957-2f125ff8f1d2,TDD,dânlập,HN,7140101,,,,True
e2f60cef-db57-4bb8-a8d2-7ac4fc40c2f9,TDD,dânlập,HN,7220201,,,,True
9397e6e7-d94b-4e56-8101-4137655ecacc,TDD,dânlập,HN,7220204,,,,True
99a7b8af-cef6-40fe-8687-007445847fce,TDD,dânlập,HN,7310630,,,,True
91eebb90-8ebb-4a16-b094-a9ee7bd2b1e4,TDD,dânlập,HN,7340101,,,,True
ed78d99e-1b87-4263-bb15-b9ed85d39f0f,TDD,dânlập,HN,7340301,,,,True
709832c4-8067-453e-9d06-b96cfbdc2a1e,TDD,dânlập,HN,7340406,,,,True
58a44f01-f165-4ac2-8190-783f6fb96c8e,TDD,dânlập,HN,7380101,,,,True
8370d6fa-1d5d-4f9d-9db3-8e0ca4c0072e,TDD,dânlập,HN,7480201,,,,True
3b795489-592d-4808-a7a9-d932a0a291b1,TDD,dânlập,HN,7510205,,,,True
fd4e5f91-6910-4fd2-bc2d-7488eafe5ae2,TDD,dânlập,HN,7510301,,,,True
38740012-056c-4455-a32f-814ea3b208e8,TDD,dânlập,HN,7720201,,,,True
394c8284-5570-4980-81a9-5cf5585925e4,TDD,dânlập,HN,7720301,,,,True
7f9d3da0-171f-4d76-a0a7-ee6a5b357e26,TDD,dânlập,HN,7810201,,,,True
d2d2197e-eee5-4ee0-9795-d75b8aee7d00,PCH,cônglập,HN,7860113,,,,True
5840043c-0f8a-4f84-b872-7de05a1cb355,PCH,cônglập,HN,7860113NamB,,,,True
e5ca5543-456d-4805-8d91-691613019fb9,PCH,cônglập,HN,7860113NamN,,,,True
f0c1a9db-393c-4fe2-afe4-3cadd63391c9,PCH,cônglập,HN,7860113NuB,,,,True
f3614884-d9e8-47b6-b828-fb70e5a3a60d,PCH,cônglập,HN,7860113NuN,,,,True
1a0f1e84-408d-45ae-b887-17668578fadc,HVD,cônglập,HN,TS2025,,,,True
ce2cd507-6a45-4484-8474-32d70a411c10,HVD,cônglập,HN,7310101,,,,True
00f44e8e-9eb6-44e5-9eae-021165918912,LAH,quânsự,HN,7860201,,,,True
5f7d2010-6595-421b-8961-b9665f8c332f,LAH,quânsự,HN,7860222,,,,True
8c99685c-f5fa-451b-a54a-f01b8dba3f6a,HCA,quânsự,HN,7310202,,,,True
bc27c3d8-6cbb-4c41-a863-c90aa97bda49,HCA,quânsự,HN,7310202NamB,,,,True
896ea37a-0bbb-4823-861c-6f732d28c05a,HCA,quânsự,HN,7310202NamN,,,,True
62ed1db7-70b5-4517-bf56-f61020fcf0a6,HCA,quânsự,HN,7310202NuB,,,,True
cb3488dc-e274-4f5f-89cc-ec04ea2210a6,HCA,quânsự,HN,7310202NuN,,,,True
946e4526-b1e5-4d88-ae58-545ed2a33a29,DDA,dânlập,HN,7220201,,,,True
cbd97371-84e2-419f-b13c-63e4dd0c0609,DDA,dânlập,HN,7340101,,,,True
c63845cb-d5b1-4403-811a-452456409dce,DDA,dânlập,HN,7340201,,,,True
470f011c-a064-4f31-b469-cec68169d3ca,DDA,dânlập,HN,7340301,,,,True
b3e96c33-c818-468b-b767-8abcef6d6301,DDA,dânlập,HN,7380101,,,,True
fb39cc56-7e0b-422a-955b-476dee5ae2d5,DDA,dânlập,HN,7480201,,,,True
936755d3-e06c-4655-84ce-5c235b2dacd6,DDA,dânlập,HN,7510202,,,,True
77a38ca0-8bfa-4418-b914-62d2e596ff36,DDA,dânlập,HN,7510205,,,,True
c753dd90-c2c4-45f1-a117-8a33ad473e2b,DDA,dânlập,HN,7510206,,,,True
812fa3e9-33c5-4c04-abb8-e0b823bdffdf,DDA,dânlập,HN,7510301,,,,True
b22dfb74-ba16-454d-9b42-ddb5255ad882,DDA,dânlập,HN,7510303,,,,True
5789a33a-6175-41bb-a0e8-7faf101f1a6e,DDA,dânlập,HN,7540101,,,,True
ae1d5348-8e81-415b-babe-1c59281400a1,DDA,dânlập,HN,7580201,,,,True
558bb89e-e41c-40ee-8b4c-c4e1f41bae59,DDA,dânlập,HN,7720201,,,,True
639a7af1-487a-45f5-bf51-bfdb6b7af003,DDA,dânlập,HN,7720301,,,,True
57045291-6e8c-4e84-b407-1ac2311c9827,DDA,dânlập,HN,7810103,,,,True
9722a9a1-5b96-4206-b4d7-87dc399515ea,DDA,dânlập,HN,7810201,,,,True
b081db05-60ae-4326-a48a-a76d3973d78e,LBH,quânsự,HN,7860201,QK4,,,True
a0a63161-4485-4de7-be05-425ec04b9e56,LBH,quânsự,HN,7860201,QK5,,,True
5c41bb20-7680-4896-b1ca-5641911eb892,LBH,quânsự,HN,7860201,QK7,,,True
1b2a0c64-2142-41c6-83b7-0865baf69a43,LBH,quânsự,HN,7860201,QK9,,,True
79c43b45-f879-4a42-80b3-8d178eb9c9f1,LBH,quânsự,HN,78602014,,,,True
fb9e976d-645c-456e-9992-db749f243289,LBH,quânsự,HN,78602015,,,,True
6382ebff-750a-4d9f-9bb7-b770dae12323,LBH,quânsự,HN,78602017,,,,True
f57377a8-3f86-41bf-9063-6d4771c01d46,LBH,quânsự,HN,78602019,,,,True
21e19ca0-3c24-46a5-9863-48228f0d8a87,LBH,quânsự,HN,7860201,,,,True
796c97c8-e5b8-4670-9ed1-6c43b459b053,HGH,quânsự,HN,7860229,,,,True
3ace942d-b68b-411c-a2a2-f678e7b63f04,HGH,quânsự,HN,7860229B,,,,True
1eeeef32-a012-4482-881e-aa8d906fc6b7,HGH,quânsự,HN,7860229N,,,,True
60174f25-59bf-4c63-b859-233035f49abd,CMC,dânlập,HN,AI,,,,True
9dc941e0-1d89-492a-8dcb-efd046ead370,CMC,dânlập,HN,BA,,,,True
b4382853-77aa-41aa-b590-46b5c47eda23,CMC,dânlập,HN,CL,,,,True
0aac9759-68ca-40a4-bb9e-0ca13342b02c,CMC,dânlập,HN,CS,,,,True
aebbd9be-dc64-4ce5-8b9a-b2df11ceec33,CMC,dânlập,HN,EC,,,,True
e2cb8344-398f-447e-9407-eec1fafa9f17,CMC,dânlập,HN,ET,,,,True
c6392218-6cc3-4e6b-a6e2-502d1f6a3230,CMC,dânlập,HN,GA,,,,True
1343f629-977b-4e3c-a1ab-7c90509111d0,CMC,dânlập,HN,GD,,,,True
f079c19c-968f-46b0-a374-b55135187f97,CMC,dânlập,HN,IT,,,,True
1d033e05-35e7-4449-a6a0-40ab74be5f32,CMC,dânlập,HN,JL,,,,True
58c6d79f-8ec1-4944-b44b-4d8257b37662,CMC,dânlập,HN,KL,,,,True
fc47cea6-35b3-4d0d-9e45-60c2ccc3aa51,CMC,dânlập,HN,LS,,,,True
697e3048-ed2e-45e2-9799-aa9621dbe60b,CMC,dânlập,HN,MK,,,,True
d915ab82-7320-40fb-b79b-bf4161972617,CMC,dânlập,HN,SE,,,,True
95f2e406-92e6-4d66-9673-dd0856ac3ae1,CMC,dânlập,HN,IT-VJ,,,,True
d76dcd12-9631-4b52-9455-f598658b341a,CMC,dânlập,HN,IT-VK,,,,True
2525620b-31f3-4fb4-9a0d-b08ab50ff019,CMC,dânlập,HN,7210403,,,,True
ad63f064-bd99-4123-8340-ca0d28a5f666,CMC,dânlập,HN,7220209,,,,True
7e25754f-760a-4fa3-aaca-25eb9606f3ac,CMC,dânlập,HN,7220210,,,,True
479b5355-ab75-4ed8-98e8-30a48087ade0,CMC,dânlập,HN,7340101,,,,True
4178d711-41fd-489f-8806-58fc0fce2e0e,CMC,dânlập,HN,7480101,,,,True
f20e6391-d638-47c3-bb9e-31ebc6d5bd33,CMC,dânlập,HN,7480201,,,,True
754b4eaf-c5e6-47e2-9eb1-23df5e4030ff,DCH,quânsự,HN,7860207,,,,True
f1777403-6571-441f-9465-12bc1aef7f81,MTC,cônglập,HN,7210103,,,,True
6dd083b3-1c0b-4a3d-b920-80b05c402862,MTC,cônglập,HN,7210105,,,,True
80b91865-31a7-4610-8b88-34650551f6d4,MTC,cônglập,HN,7210107,,,,True
46e5bbc3-c40c-4a61-821e-625da63dace9,MTC,cônglập,HN,7210402,,,,True
f7151c1a-3e25-47d6-a6e1-ad5eb2ebde17,MTC,cônglập,HN,7210403,,,,True
0eba51c3-11a5-4553-a53a-a59ad8b8b9b5,MTC,cônglập,HN,7210404,,,,True
533c60fc-477d-4e09-857a-12f732a3d84f,MTC,cônglập,HN,7580108,,,,True
ade57fd9-a591-4d07-882e-d13bbf99e803,ETU,dânlập,HN,7210403,,,,True
77ca6bfd-3943-4408-9493-b2478c6d33b8,ETU,dânlập,HN,7210404,,,,True
f2ff4cc3-d3bb-420b-ba96-350059cd2ab0,ETU,dânlập,HN,7220201,,,,True
2cbeb674-2213-4181-8c7e-7249e938eadb,ETU,dânlập,HN,7220204,,,,True
8ace88f5-59e3-43c8-852a-995642aa91f9,ETU,dânlập,HN,7320104,,,,True
f0659f00-680b-4c7e-bfd4-be8bd020c19a,ETU,dânlập,HN,7320108,,,,True
58b06ee4-fcc4-4338-9be3-1de471fbcd48,ETU,dânlập,HN,7340101,,,,True
52c795b4-6db4-4578-b87a-b0308a501c80,ETU,dânlập,HN,7340122,,,,True
0b4e222f-3264-46c2-a4fa-2f1e30b54007,ETU,dânlập,HN,7340201,,,,True
a860dbd1-d67c-4092-b551-f3fe0d5aad33,ETU,dânlập,HN,7340301,,,,True
e12ab49b-a3b4-4a39-a852-59c138352588,ETU,dânlập,HN,7380107,,,,True
160528d1-8e68-41d4-a715-ee756049a4fd,ETU,dânlập,HN,7480201,,,,True
874de1df-96c8-49a6-b9c1-56c75e1e054a,ETU,dânlập,HN,7510605,,,,True
68f13a34-3e14-443f-901c-82c429723f99,ETU,dânlập,HN,7520130,,,,True
a3a7ef80-8a2b-4749-b07e-b1ff9c9db3c3,ETU,dânlập,HN,7580108,,,,True
185a1279-dc9f-49ff-ae23-c68eff6d061b,ETU,dânlập,HN,7720101,,,,True
88addcd4-1c75-48d0-92c0-4e61f8b44632,ETU,dânlập,HN,7720115,,,,True
ed49f72f-97d0-4ea0-b93a-fdb669033f32,ETU,dânlập,HN,7720201,,,,True
9739b324-1c57-4de1-99f5-12dda63478bf,ETU,dânlập,HN,7720301,,,,True
180f4bbc-3530-496c-be46-436d044a4ceb,ETU,dânlập,HN,7810103,,,,True
9c573f2c-e229-4638-8754-d7164735946c,ETU,dânlập,HN,7810201,,,,True
5e6b4ac9-13c3-4737-9e2f-6ee4e678852b,ETU,dânlập,HN,7329001,,,,True
ded88a0f-5c68-412b-a17a-b43ac406f0a6,ETU,dânlập,HN,7520207,,,,True
391cd369-d1aa-40c0-845b-9949d02bb62f,ETU,dânlập,HN,7760101,,,,True
4994c65a-2ac1-4026-9040-064baa4e0586,KCN,cônglập,HN,7420201,,,,True
686c21b8-7f80-4fef-8540-b151f251e212,KCN,cônglập,HN,7420201-01,,,,True
8ab36497-4932-4187-a88e-240d1a5022a4,KCN,cônglập,HN,7440112,,,,True
ceceaae1-39be-41ff-bb48-3d410503dffd,KCN,cônglập,HN,7440112-01,,,,True
d3397412-68f7-4578-8014-f7d945109781,KCN,cônglập,HN,7440122,,,,True
595bae8c-da3d-40f5-94b8-ca870612b501,KCN,cônglập,HN,7440301,,,,True
a83697d5-fc95-4416-bb2b-bfe49388dea7,KCN,cônglập,HN,7460108,,,,True
f2a3d5a1-87c4-493c-b462-93f3b1cbab9f,KCN,cônglập,HN,7460112,,,,True
590d3b8e-b1a4-4594-99ab-e92e9e01ccbe,KCN,cônglập,HN,7480201,,,,True
1fc53aac-3931-439b-8755-fa95181dd8d1,KCN,cônglập,HN,7480201-01,,,,True
8b38e551-7865-4a26-9178-d3ee2e89dd9e,KCN,cônglập,HN,7480202,,,,True
cab920e3-f7e2-4c85-9616-136b3207f604,KCN,cônglập,HN,7510203,,,,True
04de2ec0-f89f-491e-9e15-e629a3dc38dd,KCN,cônglập,HN,7520120,,,,True
53d9f5b9-0d8a-44fb-a414-7d3d41b87fa4,KCN,cônglập,HN,7520121,,,,True
6289cd42-5d44-40ea-9727-c2761a83455a,KCN,cônglập,HN,7520130,,,,True
0d2dedbf-e587-4306-9215-71b8e05b8c25,KCN,cônglập,HN,7520201,,,,True
1671e630-23f0-4caf-a10a-dc099ea0bc48,KCN,cônglập,HN,7520401,,,,True
85da6d2b-7dec-45ca-9301-3d1bd58ee687,KCN,cônglập,HN,7540101,,,,True
a0b4e2d9-734b-4a95-9220-cc5c1ebeb0f2,KCN,cônglập,HN,7720201,,,,True
a82b3643-0649-429a-9c3a-20ee2ae0f540,KCN,cônglập,HN,7720601,,,,True
d9eb5358-ff9f-4bdc-9fad-fd23a2265192,NTU,dânlập,HN,7210403,,,,True
8a6d2284-d983-4ce0-9c77-c2bbb88d712e,NTU,dânlập,HN,7220209,,,,True
33778a23-d9bc-4572-8760-7902bb04f36c,NTU,dânlập,HN,7220210,,,,True
2ad851ca-6a85-4cd9-976a-af813ec2737f,NTU,dânlập,HN,7310601,,,,True
41b0a4d2-aaf3-47c3-b268-454b5636c2b4,NTU,dânlập,HN,7320108,,,,True
5f4e85ae-c064-4e11-9752-df3dcfdb01ad,NTU,dânlập,HN,7340101,,,,True
e92507c3-cf07-4a4b-becb-3f2f96f4f553,NTU,dânlập,HN,7340201,,,,True
e8e4b7eb-d97b-497d-a66d-e7bc29c065c6,NTU,dânlập,HN,7340301,,,,True
2ae008c3-2b89-40eb-9ee8-867987960491,NTU,dânlập,HN,7480201,,,,True
e1cfb984-2880-46ba-b5a6-7a8e78062f82,NTU,dânlập,HN,7580101,,,,True
6c9dbfef-50f1-46f5-84b0-f4fd4eb78129,NTU,dânlập,HN,7580108,,,,True
18decab4-af5a-487b-bda5-6b21f3d1911d,LNH,cônglập,HN,7310101,,,,True
89eda0fb-c07e-4ae9-b29f-8f545a99efef,LNH,cônglập,HN,7340101,,,,True
6b10ff99-0024-44b8-8503-36fe54154554,LNH,cônglập,HN,7340116,,,,True
8baf5362-577b-4fce-90d7-d28583d2673c,LNH,cônglập,HN,7340201,,,,True
3d19eba1-332c-4839-a4f2-e8868a1bbac5,LNH,cônglập,HN,7340301,,,,True
369de7bf-d558-4121-b7aa-0b0a6371fb1a,LNH,cônglập,HN,7420201,,,,True
7d3e10b6-8cc5-42c3-842b-c89a8591b427,LNH,cônglập,HN,7480104,,,,True
2c4652ae-c57b-482d-91ce-8f697a9326ca,LNH,cônglập,HN,7510203,,,,True
9cb4fa5a-bf6d-4df3-930c-e065da4feeff,LNH,cônglập,HN,7510205,,,,True
6194e074-59b6-41b1-8d5f-b42181668e5d,LNH,cônglập,HN,7510605,,,,True
c5d9371a-2f20-4093-b249-c5b851cbbe49,LNH,cônglập,HN,7520103,,,,True
5b3e59dd-15be-46ae-85a0-b7b6fab9baf3,LNH,cônglập,HN,7520118,,,,True
7c375b92-592e-43c4-89f5-83b290208e38,LNH,cônglập,HN,7549001,,,,True
608079a7-b446-4078-96d6-a27d8ef83315,LNH,cônglập,HN,7580102,,,,True
19764ad9-f300-4cad-95e7-a96b2450b3c9,LNH,cônglập,HN,7580108,,,,True
e237c386-d798-4fb8-8dc9-4d1e73881abe,LNH,cônglập,HN,7580201,,,,True
9b562db4-80d7-433d-a3c2-6ac6fa3653b3,LNH,cônglập,HN,7620105,,,,True
8ada1e65-2206-43ad-b482-f8576dd8eb85,LNH,cônglập,HN,7620110,,,,True
84168a9b-aa9a-41fa-9c1e-14248c8a6a34,LNH,cônglập,HN,7620205,,,,True
9b0c4bee-1562-4a9b-9d79-7b13aa42142b,LNH,cônglập,HN,7620210,,,,True
9662be88-5bee-4ad0-ad19-d770bfc93c4d,LNH,cônglập,HN,7620211,,,,True
2640f770-bbf5-4de3-ab80-7d17cab42813,LNH,cônglập,HN,7640101,,,,True
1ad28e1f-63c4-4924-b09a-a1e0ba25bf92,LNH,cônglập,HN,7760101,,,,True
df578b38-560e-4823-a164-a732f2606fbc,LNH,cônglập,HN,7810103,,,,True
0f0d4063-3959-4bba-9559-3d150a1a93a0,LNH,cônglập,HN,7850101,,,,True
03be8f76-d624-44bb-a5df-3fefd8f7c6c8,LNH,cônglập,HN,7850103,,,,True
f40e464e-348b-46d6-a0f2-0cf48eaa98b7,LNH,cônglập,HN,7850104,,,,True
cafcc15b-c3fb-4236-857a-766692610196,LNH,cônglập,HN,7850106,,,,True
cced6149-40b7-4b03-b133-cf141f375a7d,LNH,cônglập,HN,7580302,,,,True
c6677dbe-30db-4c17-8fec-95538fb04878,SKD,cônglập,HN,7210226B,,,,True
a63772ba-5f0f-4c43-9be7-be57b2b99466,SKD,cônglập,HN,7210226C,,,,True
a3f7b8e8-a82d-48a8-abae-cbeee2dee261,SKD,cônglập,HN,7210226E,,,,True
51770c5d-ed96-4269-b3fe-0a960a41da68,SKD,cônglập,HN,7210227A,,,,True
42613843-1bc5-487c-8490-fc6229c52d14,SKD,cônglập,HN,7210227B,,,,True
de75881b-ea47-49f8-a22d-3dee9ab24700,SKD,cônglập,HN,7210233A,,,,True
5cfaf13b-6e9c-41e9-aa51-b98697a10916,SKD,cônglập,HN,7210233B,,,,True
92757f60-ad66-434f-817c-1a7886cb8b5f,SKD,cônglập,HN,7210234,,,,True
f3cb5b48-42b4-469a-955c-994e74a0ceba,SKD,cônglập,HN,7210234A,,,,True
32f73c49-794f-4080-bf40-1302dfd17911,SKD,cônglập,HN,7210235A,,,,True
be9db39c-d86b-4fba-83cc-517f2de585a7,SKD,cônglập,HN,7210235B,,,,True
14823a71-8f50-453f-8818-b6078cc2a85a,SKD,cônglập,HN,7210235C,,,,True
43dded14-0243-42ac-b287-c03247b20449,SKD,cônglập,HN,7210236A,,,,True
00e0807a-f1f7-4d40-ad61-8a85925d5d99,SKD,cônglập,HN,7210236B,,,,True
5e5eca12-84d4-43df-9150-fd25e610ef9e,SKD,cônglập,HN,7210243,,,,True
d53046ce-0974-4390-85ba-d81f87ac6531,SKD,cônglập,HN,7210243A,,,,True
a6633f4b-3c6e-4c4c-8015-038c578dffdd,SKD,cônglập,HN,7210244,,,,True
dbb27941-be92-482f-a90f-5289af941064,SKD,cônglập,HN,7210301A,,,,True
d321cebf-6ecd-4096-91b9-5014bc2ff100,SKD,cônglập,HN,7210301B,,,,True
8c6b1310-7cce-4b75-9f02-219875ad4c6f,SKD,cônglập,HN,7210301C,,,,True
90d1943d-ca2b-48c1-a436-3c8018f2c9f6,SKD,cônglập,HN,7210302A,,,,True
daf5de3b-b3e2-42de-b2e0-06859fe27727,SKD,cônglập,HN,7210302B,,,,True
778346c3-e31d-4d25-85cf-bda8783492e8,SKD,cônglập,HN,7210406A,,,,True
716e6a38-a94f-452d-8678-5bedb29a8d9c,SKD,cônglập,HN,7210406C,,,,True
4274ae9d-e051-40f9-a2c3-88d4e3228a8d,SKD,cônglập,HN,7210406D,,,,True
fd60e89e-a87a-4df7-b0d0-abbe96bcf975,SKD,cônglập,HN,7210406E,,,,True
27fbe79c-7961-4a0d-995a-8445631f5ade,SKD,cônglập,HN,7210406F,,,,True
7c3c09ce-62d0-4185-91f0-797991c7341e,DPD,dânlập,HN,7220201,,,,True
d2b7431f-633e-4d65-9d6d-c9a1edc8dd80,DPD,dânlập,HN,7220204,,,,True
93cebd0a-261e-4150-8ecb-a9d2abe0b532,DPD,dânlập,HN,7220209,,,,True
9fa6cced-63b3-4aef-9104-3921a420b2f2,DPD,dânlập,HN,7320104,,,,True
6b90542a-2705-4201-bf20-b3f92fd5a11b,DPD,dânlập,HN,7340101,,,,True
e4bbe9d3-22cb-43fc-9fdb-e563d658fa95,DPD,dânlập,HN,7340122,,,,True
e262c063-a098-43dd-9b10-f1ecf95b2e9b,DPD,dânlập,HN,7340201,,,,True
38828155-fb47-4084-9f18-26ff3db665cf,DPD,dânlập,HN,7340301,,,,True
261ead88-6732-461e-a673-acc1488e5769,DPD,dânlập,HN,7340406,,,,True
79dabd18-b838-4786-a0d8-eaa2ac76143e,DPD,dânlập,HN,7480201,,,,True
8c388382-0168-4971-847b-dfe01c6563dd,DPD,dânlập,HN,7510203,,,,True
238fc356-c364-4aa0-b7ff-f505fcd492f0,DPD,dânlập,HN,7510301,,,,True
35d2c08b-a444-4773-a883-4c1dd4057cf7,DPD,dânlập,HN,7580101,,,,True
13c41610-0754-4d9a-a30c-9ada995b555d,DPD,dânlập,HN,7580201,,,,True
ce11a721-cebc-4e0f-bcce-b63db92c0152,DPD,dânlập,HN,7580301,,,,True
ad00722f-bbb2-47ce-88ad-d9ef9d3d51fb,DPD,dânlập,HN,7810103,,,,True
e7989877-e714-4487-af6d-392f5e1ff2d1,GNT,cônglập,HN,7229042,,,,True
daf0ea67-c7ea-43c9-9793-93bb96d67a3f,GNT,cônglập,HN,7540204,,,,True
2df0e26b-d28a-479f-b310-23fe302015e6,GNT,cônglập,HN,7760101,,,,True
85882c7a-49c4-458f-ba5d-aeb35eacddaa,GNT,cônglập,HN,7810101,,,,True
5145469c-8119-4f73-a1f8-567c2f01fa27,GNT,cônglập,HN,7140221,,,,True
bda73037-abde-4af7-9902-b35506281bf3,GNT,cônglập,HN,7140222,,,,True
7e916300-7939-4a0d-904b-f1879675a912,GNT,cônglập,HN,7210103,,,,True
9621e824-e5e5-43ca-844c-b3337b38e8b5,GNT,cônglập,HN,7210205,,,,True
211c2fe0-6b38-4af2-93ab-6382eb8e342f,GNT,cônglập,HN,7210208,,,,True
d6da625a-9a00-46a3-b7bc-7b7b880198e7,GNT,cônglập,HN,7210234,,,,True
14363724-5feb-4c4c-9b49-46369c0db802,GNT,cônglập,HN,7210403,,,,True
7b1a7bdc-fe20-434b-89bf-620a69b971b5,GNT,cônglập,HN,7210404,,,,True
910a0d6d-1b1d-439c-818d-0b1abed0005b,FBU,dânlập,HN,7220201,,,,True
e05354f9-f6b1-4bbb-a5ad-1ff4854fad18,FBU,dânlập,HN,7220204,,,,True
813ca33b-9e15-4928-92e7-ee59d7d285e5,FBU,dânlập,HN,7340101,,,,True
e6aacef1-a7ad-40e3-94ae-6cb04e19bbf7,FBU,dânlập,HN,7340120,,,,True
36f61ef8-0f35-4229-96f5-e0e026b0fa51,FBU,dânlập,HN,7340121,,,,True
c43c543b-4bb6-4f06-bb39-09653f0e59ed,FBU,dânlập,HN,7340201,,,,True
e6e27251-ad3a-43a9-ad7f-05674bb3d4f6,FBU,dânlập,HN,7340301,,,,True
5eba6e60-bdae-4e22-97b4-457c857919f4,FBU,dânlập,HN,7340302,,,,True
303e9fcb-d562-4fd5-861d-b1f21bfda2ae,FBU,dânlập,HN,7380107,,,,True
d38ea779-e6b4-435c-9914-5fe96832915f,FBU,dânlập,HN,7480201,,,,True
ff801a7a-169c-469c-80ab-503a238dc7f0,TDH,cônglập,HN,7140208,,,,True
c6573dfa-15a3-45df-a7b1-e4f93eb2ee12,TDH,cônglập,HN,7140206,,,,True
743bf9a6-77fd-4080-9395-72633072ac03,TDH,cônglập,HN,7810302,,,,True
d8c1d732-fd4d-427e-9859-ffe4e3ce5399,DCQ,dânlập,HN,7220201,,,,True
85f72918-a448-44a4-a3eb-62067c30a8fc,DCQ,dânlập,HN,7220204,,,,True
3ca7907e-ca01-4fd2-ab70-8be726327c72,DCQ,dânlập,HN,7310106,,,,True
9f702a58-c2cf-4c58-ae49-a252c58b8199,DCQ,dânlập,HN,7310205,,,,True
22343b19-c0f8-40f0-b2cb-14d2b5e0aeba,DCQ,dânlập,HN,7340101,,,,True
ddd9906f-1f83-47c0-a5cb-efafbc4a5ed6,DCQ,dânlập,HN,7340115,,,,True
60919c18-7a58-4c22-b2c1-1879fff4e5bd,DCQ,dânlập,HN,7340116,,,,True
3388a07d-5d6a-4e11-93d9-6c1f9818a55c,DCQ,dânlập,HN,7340201,,,,True
dc9a67df-57e0-4b26-8c10-cc7d1c75a90b,DCQ,dânlập,HN,7340205,,,,True
8708ef2f-0032-4f1d-870b-d817c3a0fb83,DCQ,dânlập,HN,7340301,,,,True
f7afca19-40c9-4544-af6a-5b9b9eb05cc2,DCQ,dânlập,HN,7380101,,,,True
27135be0-fd36-4aac-be33-0531a97809dd,DCQ,dânlập,HN,7380107,,,,True
2e77c657-6759-4b92-96df-845db385f789,DCQ,dânlập,HN,7480103,,,,True
d470652b-999b-4500-aaea-afd2d50c29fd,DCQ,dânlập,HN,7480201,,,,True
9a19e8af-2dc5-4ed8-90f8-b2f52e354600,DCQ,dânlập,HN,7510205,,,,True
856823ff-b845-4515-addb-a1a45716604e,DCQ,dânlập,HN,7510605,,,,True
30325829-09da-4e37-867a-3bbf654c84a3,DCQ,dânlập,HN,7810103,,,,True
d6bb1518-e22b-481a-9024-3da55d2d882f,DCQ,dânlập,HN,7220202,,,,True
95f9d87e-368e-49a3-95f9-75530ab8bc4d,DCQ,dânlập,HN,7340202,,,,True
c59990b5-c965-4239-9394-6fc23d8a4694,DDU,dânlập,HN,7220204,,,,True
a5962a77-a7fd-4586-9395-949d67a071eb,DDU,dânlập,HN,7220209,,,,True
2925d548-84f5-4755-9542-bf1e1e176ca6,DDU,dânlập,HN,7220210,,,,True
53c902b2-8e54-4814-a1ea-0ed777bf685b,DDU,dânlập,HN,7310205,,,,True
c99b2c3c-4bf5-411f-8d1b-bd8da3c8ac63,DDU,dânlập,HN,7340101,,,,True
c997871b-e536-4f11-9ea3-281b5d6127aa,DDU,dânlập,HN,7340122,,,,True
a4453e44-bbc9-4eec-ab6b-c1238c39b5d1,DDU,dânlập,HN,7340201,,,,True
7ea667b1-96c6-47ee-9a20-18ac4f728fd4,DDU,dânlập,HN,7340301,,,,True
e2dbabee-0adb-4c29-bf13-8225517ffc3c,DDU,dânlập,HN,7380107,,,,True
1ca421db-ebd4-4080-a1e2-a5326993f670,DDU,dânlập,HN,7480201,,,,True
e57319ff-18d2-43b0-8e77-7115b000d272,DDU,dânlập,HN,7510205,,,,True
8126ac5f-942e-4774-a4a2-4474748ef1e9,DDU,dânlập,HN,7640101,,,,True
1b07a129-6b50-481a-a25f-3450d4d82754,DDU,dânlập,HN,7720201,,,,True
8737defe-4032-4751-9fb1-c5b79be918f0,DDU,dânlập,HN,7720301,,,,True
3cc23816-c75b-4ed6-af6f-f1d9dfaf6faa,DDU,dânlập,HN,7720601,,,,True
860c6f7d-46a3-41ee-bd14-01b6b0fc70e3,DDU,dânlập,HN,7510406,,,,True
d22d9bec-8e27-40ae-bb91-50a23a018ae5,DDU,dânlập,HN,7580101,,,,True
02550b2f-cf78-4eaa-b295-b09c37b98505,DDU,dânlập,HN,7580201,,,,True
94974ece-4aba-44d3-9727-7d46675204f3,DDU,dânlập,HN,7240301,,,,True
